Arabic Word,anger,anticipation,disgust,fear,joy,negative,positive,sadness,surprise,trust
فوجئ,0,0,0,0,0,0,0,0,0,0
طبلية تاج,0,0,0,0,0,0,0,0,0,1
تخلى,0,0,0,1,0,1,0,1,0,0
مهجور,1,0,0,1,0,1,0,1,0,0
التخلي عن,1,0,0,1,0,1,0,1,1,0
خف,0,0,0,0,0,0,0,0,0,0
تخفيف,0,0,0,0,0,0,0,0,0,0
أبا,0,0,0,0,0,0,1,0,0,0
رئيس الدير,0,0,0,0,0,0,0,0,0,1
اختصر,0,0,0,0,0,0,0,0,0,0
اختصار,0,0,0,0,0,0,0,0,0,0
البطن,0,0,0,0,0,0,0,0,0,0
البطني,0,0,0,0,0,0,0,0,0,0
اختطاف,0,0,0,1,0,1,0,1,1,0
ضلال,0,0,0,0,0,1,0,0,0,0
انحراف,0,0,1,0,0,1,0,0,0,0
تعليق,0,0,0,0,0,0,0,0,0,0
يبغض,1,0,1,1,0,1,0,0,0,0
مقيت,1,0,1,1,0,1,0,0,0,0
يلتزم,0,0,0,0,0,0,0,0,0,0
قدرة,0,0,0,0,0,0,1,0,0,0
حقير,0,0,1,0,0,1,0,0,0,0
استئصال,0,0,0,0,0,0,0,0,0,0
مشتعل,0,0,0,0,0,0,0,0,0,0
غير طبيعي,0,0,1,0,0,1,0,0,0,0
على متن سفينة,0,0,0,0,0,0,0,0,0,0
مسكن,0,0,0,0,0,0,0,0,0,0
تلغي,1,0,0,0,0,1,0,0,0,0
إلغاء,0,0,0,0,0,1,0,0,0,0
بغيضة,0,0,1,1,0,1,0,0,0,0
"رجس - مقت شديد، عمل بغيض",1,0,1,1,0,1,0,0,0,0
من السكان الأصليين,0,0,0,0,0,0,0,0,0,0
إجهاض,0,0,0,0,0,1,0,0,0,0
إجهاض,0,0,1,1,0,1,0,1,0,0
مجهض,0,0,0,0,0,1,0,1,0,0
يزخر,0,0,0,0,0,0,0,0,0,0
المذكورة أعلاه,0,0,0,0,0,0,1,0,0,0
تآكل,0,0,0,0,0,1,0,0,0,0
خارج البلاد,0,0,0,0,0,0,0,0,0,0
فسخ,0,0,0,0,0,1,0,0,0,0
شديد الأنحدار,0,0,0,0,0,0,0,0,1,0
بشكل مفاجئ,0,0,0,0,0,0,0,0,0,0
خراج,0,0,0,0,0,1,0,1,0,0
غياب,0,0,0,1,0,1,0,1,0,0
غائب,0,0,0,0,0,1,0,1,0,0
متغيب عن العمل,0,0,0,0,0,1,0,1,0,0
التغيب,0,0,0,0,0,1,0,0,0,0
الأفسنتين,0,0,0,0,0,0,0,0,0,0
مطلق,0,0,0,0,0,0,1,0,0,0
الغفران,0,0,0,0,1,0,1,0,0,1
يمتص,0,0,0,0,0,0,1,0,0,0
ماص,0,0,0,0,0,0,0,0,0,0
تمتص,0,0,0,0,0,0,0,0,0,0
استيعاب,0,0,0,0,0,0,0,0,0,0
امتنع,0,0,0,0,0,0,0,0,0,0
الامتناع,0,0,0,0,0,0,0,0,0,0
الامتناع,0,0,0,0,0,0,0,0,0,0
نبذة مختصرة,0,0,0,0,0,0,0,0,0,0
التجريد,0,0,0,0,0,0,0,0,0,0
سخيف,0,0,0,0,0,1,0,0,0,0
سخافة,0,0,0,0,0,1,0,0,0,0
وفرة,0,1,1,0,1,1,1,0,0,1
وفير,0,0,0,0,1,0,1,0,0,0
تعاطي,1,0,1,1,0,1,0,1,0,0
دعامة,0,0,0,0,0,0,0,0,0,0
أبي,0,0,0,0,0,0,0,0,0,0
سيئ,0,0,0,0,0,1,0,1,0,0
هاوية,0,0,0,1,0,1,0,1,0,0
أكاديمي,0,0,0,0,0,0,1,0,0,1
الأكاديمية,0,0,0,0,0,0,1,0,0,0
تنضم,0,0,0,0,0,0,0,0,0,0
تسريع,0,1,0,0,0,0,0,0,0,0
التسريع,0,0,0,0,0,0,0,0,0,0
لهجة,0,0,0,0,0,0,0,0,0,0
إبراز,0,0,0,0,0,0,0,0,0,0
قبول,0,0,0,0,0,0,0,0,0,0
مقبول,0,0,0,0,0,0,1,0,0,0
قبول,0,0,0,0,0,0,1,0,0,0
التمكن من,0,0,0,0,0,0,0,0,0,0
يمكن الوصول,0,0,0,0,0,0,1,0,0,0
انضمام,0,0,0,0,0,0,0,0,0,0
ملحق,0,0,0,0,0,0,0,0,0,0
حادثة,0,0,0,1,0,1,0,1,1,0
عرضي,0,0,0,1,0,1,0,0,1,0
بطريق الخطأ,0,0,0,0,0,0,0,0,1,0
احتضان,0,1,0,0,1,0,1,0,1,1
يستوعب,0,0,0,0,0,0,0,0,0,0
الإقامة,0,0,0,0,0,0,1,0,0,0
مرافقة,0,1,0,0,1,0,1,0,0,1
مرافقة,0,0,0,0,0,0,0,0,0,0
مصاحب,0,0,0,0,0,0,0,0,0,0
شريك,0,0,0,0,0,0,0,0,0,0
ينجز,0,0,0,0,1,0,1,0,0,0
مُتَفَوِّق,0,0,0,0,1,0,1,0,0,0
إنجاز,0,0,0,0,0,0,1,0,0,0
اتفاق,0,0,0,0,0,0,1,0,0,1
وفقا,0,0,0,0,0,0,0,0,0,0
الأكورديون,0,0,0,0,0,0,0,0,0,0
الحساب,0,0,0,0,0,0,0,0,0,1
مسئولية,0,0,0,0,0,0,1,0,0,1
مسؤول,0,0,0,0,0,0,1,0,0,1
محاسب,0,0,0,0,0,0,0,0,0,1
محاسبة,0,0,0,0,0,0,0,0,0,0
حسابات,0,0,0,0,0,0,0,0,0,1
معتمد,0,0,0,0,0,0,1,0,0,1
التراكم,0,0,0,0,0,0,0,0,0,0
تعود,0,0,0,0,0,0,0,0,0,0
Accueil,0,0,0,0,0,0,1,0,0,0
جمع,0,0,0,0,0,0,0,0,0,0
تراكم,0,0,0,0,0,0,0,0,0,0
صحة,0,0,0,0,0,0,0,0,0,0
دقيق,0,0,0,0,0,0,1,0,0,1
ملعون,1,0,0,1,0,1,0,1,0,0
الاتهام,1,0,1,0,0,1,0,0,0,0
حالة النصب,0,0,0,0,0,1,0,0,0,0
المتهم,1,0,0,1,0,1,0,0,0,0
المتهم,1,0,0,1,0,1,0,0,0,0
يتهم,1,0,0,1,0,1,0,0,0,0
معتاد,0,0,0,0,0,0,0,0,0,0
أجاد,0,0,0,0,0,0,1,0,0,0
اسيتيك,0,0,0,0,0,0,0,0,0,0
وجع,0,0,0,0,0,1,0,1,0,0
التوصل,0,0,0,0,1,0,1,0,0,1
إنجاز,0,1,0,0,1,0,1,0,0,1
وجع,0,0,0,0,0,1,0,1,0,0
حامض,0,0,0,0,0,1,0,0,0,0
حموضة,0,0,0,0,0,0,0,0,0,0
يُقرّ,0,0,0,0,0,0,0,0,0,0
اعترف,0,0,0,0,0,0,0,0,0,0
إعتراف,0,0,0,0,0,0,1,0,0,0
ذروة,0,0,0,0,0,0,0,0,0,0
صوتي,0,0,0,0,0,0,0,0,0,0
الصوتيات,0,0,0,0,0,0,0,0,0,0
إطلاع الشخص علي,0,0,0,0,0,0,0,0,0,0
التعارف,0,0,0,0,0,0,0,0,0,0
تعرف,0,0,0,0,0,0,0,0,0,0
إذعان على مضض,0,0,0,0,0,0,0,0,0,0
يستحوذ على,0,0,0,0,0,0,1,0,0,0
الحصول,0,1,0,0,0,0,1,0,0,0
استحواذ,0,0,0,0,0,0,0,0,0,0
المقتنيات,0,0,0,0,0,0,0,0,0,0
مساحة,0,0,0,0,0,0,0,0,0,0
فدان,0,0,0,0,0,0,0,0,0,0
بهلوان,0,0,0,1,1,0,1,0,0,1
فعل,0,0,0,0,0,0,0,0,0,0
التمثيل,0,0,0,0,0,0,0,0,0,0
عمل,0,0,0,0,0,0,1,0,0,0
فعالة,1,0,1,0,0,1,0,0,0,0
نشيط,0,0,0,0,0,0,0,0,0,0
نشاط,0,0,0,0,0,0,0,0,0,0
الممثل,0,0,0,0,0,0,0,0,0,0
فِعلي,0,0,0,0,0,0,1,0,0,0
حقيقة,0,0,0,0,0,0,0,0,0,0
الخبير الاكتواري,0,0,0,0,0,0,0,0,0,0
حدة,0,0,0,0,0,0,1,0,0,0
الفطنة,0,0,0,0,0,0,1,0,0,0
العلاج بالإبر,0,0,0,0,0,0,0,0,0,0
بشكل حاد,0,0,0,0,0,0,0,0,0,0
القول المأثور,0,0,0,0,0,0,0,0,0,0
مصر على رأيه,0,0,0,0,0,0,0,0,0,0
يتكيف,0,0,0,0,0,0,1,0,0,0
قابل للتكيف,0,0,0,0,0,0,1,0,0,0
يضيف,0,0,0,0,0,0,0,0,0,0
مضاف,0,0,0,0,0,0,0,0,0,0
إضافة,0,0,0,0,0,0,0,0,0,0
الأفعى,1,0,1,1,0,1,0,1,0,0
مدمن,0,0,0,0,0,1,0,0,0,0
إضافة,0,0,0,0,0,0,0,0,0,0
إضافي,0,0,0,0,0,0,0,0,0,0
مادة مضافة,0,0,0,0,0,0,0,0,0,0
تبوك,0,0,0,0,0,0,0,0,0,0
المرسل إليه,0,0,0,0,0,0,0,0,0,0
عناوين,0,1,0,0,0,0,1,0,0,0
بارع,0,0,0,0,0,0,1,0,0,0
قدرة,0,0,0,0,0,0,1,0,0,0
مناسب,0,0,0,0,0,0,0,0,0,0
يتمسك,0,0,0,0,0,0,0,0,0,0
التقيد,0,0,0,0,0,0,0,0,0,0
نصير,0,0,0,0,0,0,0,0,0,0
الانضمام,0,0,0,0,0,0,0,0,0,1
التصاق,0,0,0,0,0,0,0,0,0,0
لاصق,0,0,0,0,0,0,0,0,0,0
وداعا,0,0,0,0,0,0,0,0,0,0
دهني,0,0,0,0,0,1,0,0,0,0
الملاصقة,0,0,0,0,0,0,0,0,0,0
متاخم,0,0,0,0,0,0,0,0,0,0
صفة,0,0,0,0,0,0,0,0,0,0
المجاورة,0,0,0,0,0,0,0,0,0,0
رفع,0,0,0,0,0,0,0,0,0,0
تأجيل,0,0,0,0,0,0,0,0,0,0
يحكم,0,0,0,1,0,1,0,0,0,0
التحكيم,0,0,0,0,0,0,0,0,0,0
مساعد,0,0,0,0,0,0,1,0,0,0
يُعدِّل,0,0,0,0,0,0,0,0,0,0
تعديل,0,0,0,0,0,0,0,0,0,0
مساعد,0,0,0,0,0,0,0,0,0,0
إدارة,0,0,0,0,0,0,0,0,0,0
الادارة,0,0,0,0,0,0,0,0,0,0
إداري,0,0,0,0,0,0,0,0,0,1
رائع,0,0,0,0,1,0,1,0,0,1
أميرال,0,0,0,0,0,0,1,0,0,1
أميرالية,0,0,0,0,0,0,0,0,0,0
إعجاب,0,0,0,0,1,0,1,0,0,1
معجب,0,0,0,0,0,0,1,0,0,1
معجب,0,0,0,0,0,0,1,0,0,0
المقبولية,0,0,0,0,0,0,0,0,0,0
مقبول,0,0,0,0,0,0,1,0,0,1
سماح بالدخول,0,0,0,0,0,0,0,0,0,0
يعترف,0,0,0,0,0,0,0,0,0,0
القبول,0,0,0,0,0,0,0,0,0,0
اعترف,0,0,0,0,0,0,0,0,0,0
الاعتراف,0,0,0,0,0,0,0,0,0,0
خليط,0,0,0,0,0,0,0,0,0,0
عتاب,0,0,0,1,0,1,0,0,0,0
اللغط,0,0,0,0,0,0,0,0,0,0
أدوبي,0,0,0,0,0,0,0,0,0,0
مرحلة المراهقة,0,0,0,0,0,0,0,0,0,0
مراهق,0,0,0,0,0,0,0,0,0,0
يتبنى,0,0,0,0,0,0,0,0,0,0
تبني,0,0,0,0,0,0,0,0,0,0
بديع,0,0,0,0,1,0,1,0,0,0
هيام,0,0,0,0,1,0,1,0,0,1
أعشق,0,1,0,0,1,0,1,0,0,1
تزين,0,0,0,0,0,0,0,0,0,0
زينة,0,0,0,0,0,0,0,0,0,0
على غير هدى,0,1,0,1,0,1,0,1,0,0
بالغ,0,0,0,0,0,0,0,0,0,0
مغشوشة,0,0,0,0,0,1,0,0,0,0
الزنا,0,0,1,0,0,1,0,1,0,0
يتقدم,0,1,0,1,1,0,1,0,1,0
المتقدمة,0,0,0,0,0,0,1,0,0,0
تقدم,0,0,0,0,0,0,1,0,0,0
تتقدم,0,0,0,0,0,0,0,0,0,0
مميزات,0,0,0,0,0,0,1,0,0,0
مفيد,0,0,0,0,0,0,1,0,0,0
القدوم,0,1,0,0,1,0,1,0,0,1
مفامرة,0,1,0,0,0,0,1,0,0,0
مغامر,0,0,0,0,0,0,0,0,0,0
مغامر,0,0,0,0,0,0,1,0,0,0
الخصم,1,0,0,0,0,1,0,0,0,0
سلبي,1,0,1,1,0,1,0,1,0,0
محنة,1,0,0,1,0,1,0,1,0,0
يعلن,0,0,0,0,0,0,0,0,0,0
الإعلانات,0,0,0,0,0,0,0,0,0,0
النصيحة,0,0,0,0,0,0,0,0,0,1
المستحسن,0,0,0,0,0,0,1,0,0,1
نصيحة,0,0,0,0,0,0,1,0,0,1
نصح,0,0,0,0,0,0,0,0,0,1
نصيحة,0,0,0,0,0,0,0,0,0,0
مستشار,0,0,0,0,0,0,1,0,0,1
المناصرة,1,1,0,0,1,0,1,0,0,1
المؤيد,0,0,0,0,0,0,0,0,0,1
ايجيس,0,0,0,0,0,0,0,0,0,0
تهوية,0,0,0,0,0,0,0,0,0,0
الجوي,0,0,0,0,0,0,0,0,0,0
المطار,0,0,0,0,0,0,0,0,0,0
الديناميكا الهوائية,0,0,0,0,0,0,0,0,0,0
الطيران,0,0,0,0,0,0,0,0,0,0
طائرة,0,0,0,0,0,0,0,0,0,0
جمالي,0,0,0,0,0,0,1,0,0,0
جماليات,0,0,0,0,1,0,1,0,0,0
المسببات المرضية,0,0,0,0,0,0,0,0,0,0
بعيد,0,0,0,0,0,0,0,0,0,0
لطيف,0,0,0,0,0,0,1,0,0,0
قضية,0,0,0,0,0,0,0,0,0,0
تؤثر,0,0,0,0,0,0,0,0,0,0
تاثير,0,0,0,0,1,0,1,0,0,1
عواطف,0,0,0,0,0,0,0,0,0,0
شبق,0,0,0,0,0,0,0,0,0,0
إفادة خطية,0,0,0,0,0,0,0,0,0,0
التابعة,0,0,0,0,0,0,1,0,0,0
الانتماء,0,0,0,0,0,0,0,0,0,0
التقارب,0,0,0,0,0,0,0,0,0,0
يؤكد,0,0,0,0,0,0,1,0,0,1
تأكيد,0,0,0,0,0,0,1,0,0,0
اثبات,0,0,0,0,0,0,1,0,0,0
بالإيجاب,0,0,0,0,0,0,1,0,0,1
اللاحق,0,0,0,0,0,0,0,0,0,0
بلاء,0,0,0,1,0,1,0,1,0,0
منكوبة,0,0,0,0,0,1,0,0,0,0
بلاء,0,0,1,1,0,1,0,1,0,0
ترف,0,0,0,0,1,0,1,0,0,0
ثري,0,0,0,0,0,0,1,0,0,0
يمنح,0,0,0,0,0,0,1,0,0,0
إهانة,1,0,1,1,0,1,0,1,1,0
خارج,0,0,0,0,0,0,0,0,0,0
قبل ذلك,0,0,0,0,0,0,0,0,0,0
مذكور أعلاه,0,0,0,0,0,0,0,0,0,0
سالف الذكر,0,0,0,0,0,0,0,0,0,0
خائف,0,0,0,1,0,1,0,0,0,0
من جديد,0,0,0,0,0,0,0,0,0,0
في الخلف,0,0,0,0,0,0,0,0,0,0
ما بعد الكارثة,1,0,1,1,0,1,0,1,0,0
بعد الظهر,0,0,0,0,0,0,0,0,0,0
طعم,0,0,0,0,0,1,0,0,0,0
بعد التفكير,0,0,0,0,0,0,0,0,0,0
الآغا,0,0,0,1,0,0,1,0,0,1
العقيق,0,0,0,0,0,0,0,0,0,0
سن,0,0,0,0,0,0,0,0,0,0
مسن,0,0,0,0,0,0,0,0,0,0
وكالة,0,0,0,0,0,0,0,0,0,0
وكيل,0,0,0,0,0,0,0,0,0,0
تكتل,0,0,0,0,0,0,0,0,0,0
تفاقم,1,0,0,0,0,1,0,0,0,0
المشددة,1,0,0,0,0,1,0,1,0,0
التفاقم,1,0,1,0,0,1,0,0,0,0
مجموع,0,0,0,0,0,0,0,0,0,0
تجميع,0,0,0,0,0,0,0,0,0,0
عدوان,1,0,0,1,0,1,0,0,0,0
عنيف,1,0,0,1,0,1,0,0,0,0
المعتدي,1,0,0,1,0,1,0,0,0,0
مذعور,0,0,1,1,0,1,0,0,1,0
رشيق,0,0,0,0,0,0,1,0,0,0
رشاقة,0,0,0,0,0,0,1,0,0,0
مضطرب,1,0,0,0,0,1,0,0,0,0
الإثارة,1,0,0,0,0,1,0,0,0,0
محايد دينيا,0,0,0,0,0,0,0,0,0,0
منذ,0,0,0,0,0,0,0,0,0,0
مبرح,0,0,0,1,0,1,0,0,0,0
سكرة,1,0,0,1,0,1,0,1,0,0
يوافق على,0,0,0,0,0,0,1,0,0,0
مقبول,0,0,0,0,0,0,1,0,0,1
متفق عليه,0,0,0,0,0,0,1,0,0,1
الموافقة,0,0,0,0,0,0,1,0,0,1
اتفاق,0,0,0,0,0,0,1,0,0,1
زراعي,0,0,0,0,0,0,0,0,0,0
الزراعة,0,0,0,0,0,0,1,0,0,0
جنحت,0,0,0,0,0,1,0,0,0,0
أغوا,0,0,0,0,0,0,0,0,0,0
امام,0,0,0,0,0,0,1,0,0,0
يساعد,0,0,0,0,0,0,1,0,0,0
مساعدة,0,0,0,0,0,0,1,0,0,0
يزعج,0,0,0,0,0,1,0,1,0,0
مريض,0,0,0,1,0,1,0,1,0,0
وعكة,0,0,0,0,0,0,0,0,0,0
"هدف، تصويب",0,0,0,0,0,0,0,0,0,0
بلا هدف,0,0,0,0,0,1,0,0,0,0
هواء,0,0,0,0,0,0,0,0,0,0
وسادة هوائية,0,0,0,0,0,0,0,0,0,0
الجسر الجوي,0,0,0,0,0,0,0,0,0,0
شركة طيران,0,0,0,0,0,0,0,0,0,0
طيار,0,0,0,0,0,0,0,0,0,0
مطار,0,0,0,0,0,0,0,0,0,0
مطار,0,1,0,0,0,0,0,0,0,0
اجواء,0,0,1,0,0,1,0,0,0,0
منطاد,0,0,0,0,0,0,0,0,0,0
ممر,0,0,0,0,0,0,0,0,0,0
بعد,0,0,0,0,0,0,0,0,0,0
مفتوح جزئيا,0,0,0,0,0,0,0,0,0,0
قريب,0,0,0,0,0,0,0,0,0,1
المرمر,0,0,0,0,0,0,1,0,0,0
إنذار,0,0,0,1,0,1,0,0,1,0
ينذر بالخطر,0,0,0,1,0,1,0,0,1,0
ألب,0,0,0,0,0,0,0,0,0,1
الألبوم,0,0,0,0,0,0,0,0,0,0
كيمياء,0,0,0,0,0,0,0,0,0,0
كحول,0,0,0,0,0,0,0,0,0,0
إدمان الكحول,1,0,1,1,0,1,0,1,0,0
الكوة,0,0,0,0,0,0,0,0,0,0
إنذار,0,0,0,0,0,0,0,0,0,0
اليقظة,0,1,0,1,0,0,1,0,1,0
تنبيهات,0,1,0,1,0,0,0,0,1,0
البرسيم,0,0,0,0,0,0,0,0,0,0
الجبر,0,0,0,0,0,0,0,0,0,0
جبري,0,0,0,0,0,0,0,0,0,0
الخوارزمية,0,0,0,0,0,0,0,0,0,0
ذريعة,0,0,0,0,0,0,0,0,0,0
كائن فضائي,0,0,1,1,0,1,0,0,0,0
ينفر,1,0,1,0,0,1,0,0,0,0
منبوذ,0,0,0,0,0,1,0,1,0,0
نقل ملكية,1,0,1,1,0,1,0,1,0,0
مشتعل,0,0,0,0,0,0,0,0,0,0
محاذاة,0,0,0,0,0,0,0,0,0,0
محاذاة,0,0,0,0,0,0,0,0,0,0
على حد سواء,0,0,0,0,0,0,0,0,0,0
التغذية,0,0,0,0,0,0,1,0,0,0
النفقة,0,0,0,0,0,1,0,0,0,0
قسامة,0,0,0,0,0,0,0,0,0,0
على قيد الحياة,0,1,0,0,1,0,1,0,0,1
قلوي,0,0,0,0,0,0,0,0,0,0
قلويدات,0,0,0,0,0,0,0,0,0,0
تهدئة,0,0,0,0,0,0,1,0,0,0
ادعاء,1,0,0,0,0,1,0,0,0,0
زعم,0,0,0,0,0,1,0,0,0,0
مزعوم,0,0,0,0,0,0,0,0,0,0
الولاء,0,0,0,0,0,0,1,0,0,1
استعاري,0,0,0,0,0,0,0,0,0,0
فن رمزي,0,0,0,0,0,0,0,0,0,0
اليجرو,0,0,0,0,0,0,1,0,0,0
خفف,0,0,0,0,0,0,1,0,0,0
التخفيف,0,0,0,0,0,0,1,0,0,0
زقاق,0,0,0,0,0,0,0,0,0,0
تحالف,0,0,0,0,0,0,0,0,0,1
متحالف,0,0,0,0,0,0,1,0,0,1
التمساح,0,0,0,0,0,0,0,0,0,0
تخصيص,0,0,0,0,0,0,0,0,0,0
توزيع,0,0,0,0,0,0,0,0,0,0
تخصيص,0,0,0,0,0,0,0,0,0,0
التخصيص,0,0,0,0,0,0,0,0,0,0
المسموح به,0,0,0,0,0,0,1,0,0,0
مخصص,0,0,0,0,0,0,0,0,0,0
مسموح,0,0,0,0,0,0,0,0,0,0
سبيكة,0,0,0,0,0,0,0,0,0,0
إغراء,0,1,0,0,1,0,1,0,1,0
مغرية,0,0,0,0,0,0,1,0,0,0
إشارة,0,0,0,0,0,0,0,0,0,0
الغريني,0,0,0,0,0,0,0,0,0,0
حليف,0,0,0,0,0,0,1,0,0,1
تقويم,0,0,0,0,0,0,0,0,0,0
عز وجل,0,0,0,0,0,0,1,0,0,0
عاليا,0,0,0,0,0,0,0,0,0,0
الوها,0,1,0,0,1,0,1,0,0,0
جنبا إلى جنب,0,0,0,0,0,0,0,0,0,0
منعزل,0,0,0,0,0,1,0,0,0,0
بصوت عال,0,0,0,0,0,0,0,0,0,0
الأبجدية,0,0,0,0,0,0,0,0,0,0
مرتب حسب الحروف الأبجدية,0,0,0,0,0,0,0,0,0,0
مذبح,0,0,0,0,0,0,0,0,0,0
تبديل,0,0,0,0,0,0,0,0,0,0
تغيير,0,0,0,0,0,0,0,0,0,0
مشادة,1,0,0,0,0,1,0,0,0,0
تغيير,0,0,0,0,0,0,0,0,0,0
البديل,0,0,0,0,0,0,0,0,0,0
لبديل,0,0,0,0,0,0,0,0,0,0
ارتفاع,0,0,0,0,0,0,0,0,0,0
ألتو,0,0,0,0,0,0,0,0,0,0
كليا,0,0,0,0,0,0,0,0,0,0
خريج الجامعه,0,0,0,0,0,0,0,0,0,0
اللسان وسقف الفم,0,0,0,0,0,0,0,0,0,0
ملغم,0,0,0,0,0,0,0,0,0,0
الدمج,0,0,0,0,0,0,0,0,0,0
جمع,0,0,0,0,0,0,0,0,0,0
هواة,0,0,0,0,0,0,0,0,0,0
تدهش,0,0,0,0,0,0,0,0,1,0
دهشة,0,0,0,0,0,0,0,0,0,0
مثير للدهشة,0,0,0,0,1,0,1,0,1,0
سفير,0,0,0,0,0,0,1,0,0,1
العنبر,0,0,0,0,0,0,0,0,0,0
محيط ب,0,0,0,0,0,0,0,0,0,0
التباس,0,0,0,0,0,0,0,0,0,0
غامض,0,0,0,0,0,1,0,0,0,0
نطاق,0,0,0,0,0,0,0,0,0,0
طموح,0,1,0,0,1,0,1,0,0,1
طموح,0,0,0,0,0,0,0,0,0,0
سياره اسعاف,0,0,0,1,0,0,0,0,0,1
كمين,1,0,0,1,0,1,0,0,1,0
تحسين,0,0,0,0,0,0,1,0,0,0
آمين,0,0,0,0,1,0,1,0,0,1
قابل,0,0,0,0,0,0,1,0,0,0
يعدل,0,0,0,0,0,0,1,0,0,0
تعديل,0,0,0,0,0,0,0,0,0,0
يعدل,0,0,0,0,0,0,1,0,0,0
الراحة,0,0,0,0,0,0,1,0,0,0
جمشت,0,0,0,0,0,0,0,0,0,0
ودي,0,0,0,0,0,0,1,0,0,0
ظريف,0,0,0,0,1,0,1,0,0,0
وسط,0,0,0,0,0,0,0,0,0,0
وسط,0,0,0,0,0,0,0,0,0,0
الأمونيا,0,0,1,0,0,0,0,0,0,0
ذخيرة,0,0,0,0,0,0,0,0,0,0
فقدان الذاكرة,0,0,0,0,0,1,0,0,0,0
عفو,0,0,0,0,1,0,1,0,0,0
عديم الشكل,0,0,0,0,0,0,0,0,0,0
الإطفاء,0,0,0,0,0,0,0,0,0,1
مقدار,0,0,0,0,0,0,0,0,0,0
amour,0,1,0,0,1,0,1,0,0,1
علامة العطف,0,0,0,0,0,0,0,0,0,0
الأمفيتامينات,0,0,1,0,0,1,0,0,0,0
البرمائيات,0,0,0,0,0,0,0,0,0,0
برمائي,0,0,0,0,0,0,0,0,0,0
المدرج,0,0,0,0,0,0,0,0,0,0
تضخيم,0,0,0,0,0,0,0,0,0,0
"يضخم، يوسع، يبالغ",0,0,0,0,0,0,0,0,0,0
السعة,0,0,0,0,0,0,0,0,0,0
بإسهاب,0,0,0,0,0,0,0,0,0,0
بتر,0,0,0,0,0,0,0,0,0,0
تميمة,0,0,0,0,0,0,0,0,0,0
سلى,0,0,0,0,1,0,1,0,0,0
مسليا,0,0,0,0,1,0,1,0,0,0
تسلية,0,0,0,0,1,0,1,0,0,0
مسلية,0,0,0,0,1,0,1,0,0,0
آنا,0,0,0,0,0,0,0,0,0,0
اناكوندا,0,0,1,1,0,1,0,0,0,0
تخدير,0,0,0,0,0,0,0,0,0,0
مخدر,0,0,0,0,0,0,0,0,0,0
شرجي,0,0,0,0,0,1,0,0,0,0
مسكن,0,0,0,0,0,0,0,0,0,0
مماثل,0,0,0,0,0,0,0,0,0,0
التناظرية,0,0,0,0,0,0,0,0,0,0
تشبيه,0,0,0,0,0,0,0,0,0,0
التحليلات,0,0,0,0,0,0,0,0,0,0
المحلل,0,1,0,0,0,0,1,0,0,1
تحليلي,0,0,0,0,0,0,0,0,0,0
تحليل,0,0,0,0,0,0,0,0,0,0
محلل,0,0,0,0,0,0,0,0,0,0
الأناركية,1,0,0,1,0,1,0,0,0,0
فوضوي,1,0,0,1,0,1,0,0,0,0
فوضى سياسية,1,0,0,1,0,1,0,0,0,0
التحام,0,0,0,0,0,0,0,0,0,0
لعنة,1,0,1,1,0,1,0,1,0,0
تشريحي,0,0,0,0,0,0,0,0,0,0
تشريح,0,0,0,0,0,0,0,0,0,0
سلف,0,0,0,0,0,0,0,0,0,0
اسلاف,0,0,0,0,0,0,0,0,0,1
أسلاف,0,0,0,0,0,0,0,0,0,0
مذيع الأخبار,0,0,0,0,0,0,1,0,0,0
مرسى,0,0,0,0,0,0,1,1,0,0
قديمة جدا,0,0,0,0,0,1,0,0,0,0
المساعد الإضافي,0,0,0,0,0,0,0,0,0,0
منشط الذكورة,0,0,0,0,0,0,0,0,0,0
شقائق النعمان,0,0,0,0,0,0,0,0,0,0
من جديد,0,0,0,0,0,0,0,0,0,0
ملاك,0,1,0,0,1,0,1,0,1,1
ملائكي,0,0,0,0,1,0,1,0,0,1
الغضب,1,0,0,0,0,1,0,0,0,0
ذبحة,0,0,0,1,0,1,0,0,0,0
تصوير الأوعية,0,0,0,0,0,0,0,0,0,0
زاوية,0,0,0,0,0,0,0,0,0,0
الصيد,0,1,0,0,0,1,0,0,0,0
غاضب,1,0,1,0,0,1,0,0,0,0
معاناة,1,0,0,1,0,1,0,1,0,0
الزاوي,0,0,0,0,0,0,0,0,0,0
لا مائي,0,0,0,0,0,0,0,0,0,0
حيوان,0,0,0,0,0,0,0,0,0,0
تحريك,0,0,0,0,0,0,1,0,0,0
مفعم بالحيوية,0,0,0,0,1,0,1,0,0,0
الرسوم المتحركة,0,0,0,0,0,0,0,0,0,0
العداء,1,0,1,1,0,1,0,1,0,0
انيموس,1,0,0,0,0,1,0,0,0,0
كاحل,0,0,0,0,0,0,0,0,0,0
حوليات,0,0,0,0,0,0,0,0,0,0
المرفق,0,0,0,0,0,0,0,0,0,0
الضم,0,0,0,0,0,0,0,0,0,0
ملحق,0,0,0,0,0,0,0,0,0,0
إبادة,1,0,0,1,0,1,0,0,0,0
أباد,1,0,0,1,0,1,0,1,0,0
إبادة,1,0,0,1,0,1,0,1,0,0
علق,0,0,0,0,0,0,0,0,0,0
حاشية. ملاحظة,0,0,0,0,0,0,0,0,0,0
أعلن,0,0,0,0,0,0,0,0,0,0
إعلان,0,1,0,0,0,0,0,0,0,0
تزعج,1,0,1,0,0,1,0,0,0,0
إزعاج,1,0,1,0,0,1,0,0,0,0
مزعج,1,0,0,0,0,1,0,0,0,0
دخل سنوي,0,0,0,0,0,0,0,0,0,0
فسخ,0,0,0,0,0,1,0,0,0,0
حلقي,0,0,0,0,0,0,0,0,0,0
إلغاء,0,0,0,0,0,1,0,1,0,0
بالطوق,0,0,0,0,0,0,0,0,0,0
الدهن,0,0,0,0,0,0,0,0,0,0
شاذ,0,0,0,0,0,0,0,0,0,0
شذوذ,0,0,0,1,0,1,0,0,1,0
حالا,0,0,0,0,0,0,0,0,0,0
مجهول,0,0,0,0,0,1,0,0,0,0
إجابه,0,0,0,0,0,0,0,0,0,0
قابل للمساءلة,0,0,0,0,0,0,0,0,0,1
الرد,0,0,0,0,0,0,0,0,0,0
نملة,0,0,0,0,0,0,0,0,0,0
عداوة,1,0,0,0,0,1,0,0,0,0
خصم,1,0,0,0,0,1,0,0,0,0
عدائي,1,0,1,0,0,1,0,0,0,0
ما قبل,0,0,0,0,0,0,0,0,0,0
سالف,0,0,0,0,0,0,0,0,0,0
الظباء,0,0,0,0,0,0,0,0,0,0
هوائي,0,0,0,0,0,0,0,0,0,0
الأمامي,0,0,0,0,0,0,0,0,0,0
نشيد وطني,0,0,0,0,0,0,0,0,0,0
مقتطفات,0,0,0,0,0,0,0,0,0,0
الجمرة الخبيثة,0,0,1,1,0,1,0,1,0,0
الأنثروبولوجيا,0,0,0,0,0,0,0,0,0,0
مضاد حيوي,0,0,0,0,0,0,0,0,0,0
مضادات حيوية,0,0,0,0,0,0,1,0,0,0
عدو للمسيح,1,0,1,1,0,1,0,0,0,0
ترقب,0,1,0,0,0,0,0,0,0,0
استباقي,0,1,0,0,0,0,0,0,0,0
مضاد سمي,0,1,0,0,0,0,1,0,0,1
مضاد للفطريات,0,0,0,0,0,0,1,0,0,1
الأنتيمون,0,0,0,0,0,0,0,0,0,0
كراهية,1,0,1,0,0,1,0,0,0,0
أثري,0,0,0,0,0,0,0,0,0,0
عفا عليها الزمن,0,0,0,0,0,1,0,0,0,0
العتيقة,0,0,0,0,0,0,1,0,0,0
العصور القديمة,0,0,0,0,0,0,0,0,0,0
مطهر,0,0,0,0,0,0,1,0,0,1
غير اجتماعي,1,0,1,1,0,1,0,1,0,0
نقيض,1,0,0,0,0,1,0,0,0,0
متناقض,0,0,0,0,0,0,0,0,0,0
مضاد فيروسات,0,0,0,0,0,0,0,0,0,0
قرن الوعل,0,0,0,0,0,0,0,0,0,0
سندان,0,0,0,0,0,0,0,0,0,0
القلق,1,1,0,1,0,1,0,1,0,0
قلق,0,1,0,1,0,1,0,0,0,0
الأبهر,0,0,0,0,0,0,0,0,0,0
بسرعة,0,0,0,0,0,0,0,0,0,0
اباتشي,0,0,0,1,0,1,0,0,0,0
شقة,0,0,0,0,0,0,0,0,0,0
لا مبالي,0,0,0,0,0,1,0,1,0,0
اللامبالاة,0,0,0,0,0,1,0,1,0,0
قرد,0,0,0,0,0,0,0,0,0,0
فتحة,0,0,0,0,0,0,0,0,0,0
ذروة,0,0,0,0,0,0,0,0,0,0
المن,0,0,1,0,0,1,0,0,0,0
قطعة,0,0,0,0,0,0,0,0,0,0
ثقة بالنفس,0,0,0,0,0,0,1,0,0,0
المروع,0,0,0,0,0,0,0,0,0,0
اعتذاري,0,0,0,0,0,0,1,0,0,1
مدافع,0,0,0,0,0,0,0,0,0,0
يعتذر,0,0,0,0,0,0,1,1,0,1
اعتذار,0,0,0,0,0,0,1,0,0,0
الردة,0,0,0,0,0,0,0,0,0,0
مرتد,0,0,0,0,0,0,0,0,0,0
الرسول,0,0,0,0,0,0,1,0,0,1
رسولي,0,0,0,0,0,0,0,0,0,1
الفاصلة العليا,0,0,0,0,0,0,0,0,0,0
مروعة,0,0,1,1,0,1,0,0,0,0
جهاز,0,0,0,0,0,0,0,0,0,0
ثياب,0,0,0,0,0,0,0,0,0,0
فيما يبدو,0,0,0,0,0,0,0,0,0,0
الظهور,0,0,0,1,0,0,0,0,1,0
مناشدة,0,1,0,0,0,0,0,0,0,0
مظهر خارجي,0,0,0,0,0,0,0,0,0,0
يسترضى,0,0,0,0,0,0,0,0,0,0
المستأنف,0,0,0,0,0,0,0,0,0,0
ألحق,0,0,0,0,0,0,0,0,0,0
ملحق,0,0,0,0,0,0,0,0,0,0
التهاب الزائدة الدودية,0,0,0,1,0,1,0,1,0,0
الملحق,0,0,0,0,0,0,0,0,0,0
شهية,0,0,0,0,0,0,0,0,0,0
مقبلات,0,0,0,0,0,0,0,0,0,0
تصفيق,0,0,0,0,1,0,1,0,1,1
تفاح,0,0,0,0,0,0,0,0,0,0
تطبيق,0,0,0,0,0,0,0,0,0,0
الأجهزة,0,0,0,0,0,0,0,0,0,0
القابلية للتطبيق,0,0,0,0,0,0,0,0,0,0
المعمول بها,0,0,0,0,0,0,0,0,0,0
طالب وظيفة,0,1,0,0,0,0,0,0,0,0
طلب,0,0,0,0,0,0,0,0,0,0
يتقدم,0,0,0,0,0,0,0,0,0,0
يعين,0,0,0,0,0,0,0,0,0,0
موعد,0,0,0,0,0,0,0,0,0,0
تعيينات,0,0,0,0,0,0,0,0,0,0
يخصص,0,0,0,0,0,0,0,0,0,0
قسمة,0,0,0,0,0,0,0,0,0,0
تثمين,0,0,0,0,0,0,0,0,0,0
ملموس,0,0,0,0,0,0,0,0,0,0
تقدير,0,0,0,0,1,0,1,0,0,1
قبض على,0,0,0,1,0,0,0,0,0,0
تخوف,0,0,0,1,0,1,0,0,0,0
متخوف,0,1,0,1,0,1,0,0,0,0
شخص يتعلم حرفة ما,0,0,0,0,0,0,0,0,0,1
فترة التدريب في المهنة,0,0,0,0,0,0,0,0,0,0
يقترب,0,0,0,0,0,0,0,0,0,0
يقترب,0,1,0,0,0,0,0,0,0,0
استحسان,0,0,0,0,0,0,1,0,0,1
التخصيص,0,0,0,0,0,1,0,0,0,0
موافقة,0,0,0,0,0,0,1,0,0,0
يوافق,0,0,0,0,1,0,1,0,0,1
الموافقة,0,0,0,0,0,0,1,0,0,0
تقريبي,0,0,0,0,0,0,0,0,0,0
تقريبًا,0,0,0,0,0,0,0,0,0,0
تقريبي,0,0,0,0,0,0,0,0,0,0
تقريب,0,0,0,0,0,0,0,0,0,0
ملحقات,0,0,0,0,0,0,0,0,0,0
المريلة,0,0,0,0,0,0,0,0,0,0
ملائم,0,0,0,0,0,0,1,0,0,0
موهبة,0,0,0,0,0,0,1,0,0,0
أكوا,0,0,0,0,0,0,0,0,0,0
زبرجد,0,0,0,0,0,0,0,0,0,0
حوض سمك,0,0,0,0,0,0,0,0,0,0
مائي,0,0,0,0,0,0,0,0,0,0
قناة مائية,0,0,0,0,0,0,0,0,0,0
مائي,0,0,0,0,0,0,0,0,0,0
صالحة للزراعة,0,0,0,0,0,0,0,0,0,0
حكم,0,0,0,0,0,0,0,0,0,1
يفصل في النزاع,0,0,0,0,0,0,0,0,0,0
تحكم,0,1,0,0,0,0,0,0,0,0
المحكم,0,0,0,0,0,0,0,0,0,1
الشجرة,0,0,0,0,0,0,0,0,0,0
قوس,0,0,0,0,0,0,0,0,0,0
ممر,0,0,0,0,0,0,0,0,0,0
قوس,0,0,0,0,0,0,0,0,0,0
أثري,0,0,0,0,0,0,0,0,0,0
عالم اثار,0,0,0,0,0,0,0,0,0,0
علم الآثار,0,1,0,0,0,0,1,0,0,0
ممات,0,0,0,0,0,1,0,0,0,0
رئيس الأساقفة,0,0,0,0,0,0,0,0,0,0
يتقوس,0,0,0,0,0,0,0,0,0,0
آرتشر,0,0,0,0,0,0,0,0,0,0
الرماية,0,0,0,0,0,0,0,0,0,0
النموذج الأصلي,0,0,0,0,0,0,0,0,0,0
الأرخبيل,0,0,0,0,0,0,0,0,0,0
مهندس معماري,0,0,0,0,0,0,0,0,0,0
هندسة معمارية,0,0,0,0,0,0,0,0,0,1
أرشيف,0,0,0,0,0,0,0,0,0,0
القطب الشمالي,0,0,0,0,0,0,0,0,0,0
متحمس,0,1,0,0,1,0,1,0,0,0
حماسة,0,0,0,0,0,0,1,0,0,0
شاق,0,0,0,0,0,1,0,0,0,0
منطقة,0,0,0,0,0,0,0,0,0,0
الساحة,0,0,0,0,0,0,0,0,0,0
الهالة,0,0,0,0,0,0,0,0,0,0
الارجنت,0,0,0,0,0,0,0,0,0,0
تجادل,1,0,0,0,0,1,0,0,0,0
جدال,1,0,0,0,0,1,0,0,0,0
الجدل,1,0,0,0,0,0,0,0,0,0
جدلية,0,0,0,0,0,1,0,0,0,0
الحجج,1,0,0,0,0,0,0,0,0,0
قاحلة,0,0,0,0,0,1,0,1,0,0
الأرستقراطية,0,0,0,0,0,0,1,0,0,0
ارستقراطي,0,0,0,0,0,0,0,0,0,0
أرستقراطي,0,0,0,0,0,0,1,0,0,0
علم الحساب,0,0,0,0,0,0,0,0,0,0
فلك,0,0,0,0,0,0,0,0,0,0
ذراع,0,0,0,0,0,0,0,0,0,0
أرمادا,0,0,0,0,0,0,0,0,0,0
التسلح,1,0,0,1,0,0,0,0,0,0
التسلح,0,0,0,1,0,1,0,0,0,0
المحرك,0,0,0,0,0,0,0,0,0,0
مسلح,1,0,0,1,0,1,1,0,0,0
درع,0,0,0,1,0,0,1,0,0,1
مدرعة,0,0,0,1,0,0,0,0,0,0
مستودع الأسلحة,0,0,0,0,0,0,0,0,0,1
أسلحة,0,0,0,0,0,0,0,0,0,0
جيش,0,0,0,0,0,0,0,0,0,0
رائحة,0,0,0,0,0,0,1,0,0,0
إثارة,0,0,0,0,0,0,0,0,0,0
تجنب,0,1,0,0,0,0,1,0,0,0
الاتهام,1,0,0,1,0,1,0,1,0,0
رتب,0,0,0,0,0,0,0,0,0,0
ترتيبها,0,0,0,0,0,0,0,0,0,0
ترتيب,0,0,0,0,0,0,0,0,0,0
مجموعة مصفوفة,0,0,0,0,0,0,1,0,0,0
المتأخرات,0,0,0,0,0,1,0,0,0,0
يقبض على,0,0,0,0,0,1,0,0,0,0
وصول,0,1,0,0,0,0,0,0,0,0
يصل,0,1,0,0,0,0,0,0,0,0
غطرسة,0,0,0,0,0,1,0,0,0,0
متكبر او مغرور,1,0,1,0,0,1,0,0,0,0
سهم,0,0,0,0,0,0,0,0,0,0
ترسانة,0,0,0,0,0,0,0,0,0,0
الزرنيخ,0,0,1,1,0,1,0,1,0,0
حريق متعمد,1,0,0,1,0,1,0,0,0,0
فن,0,1,0,0,1,0,1,1,1,0
شريان,0,0,0,0,0,0,0,0,0,0
داهية,0,0,0,0,0,0,0,0,0,0
المفصليات,0,0,0,0,0,0,0,0,0,0
خرشوف,0,0,0,0,0,0,0,0,0,0
مقالة - سلعة,0,0,0,0,0,0,0,0,0,0
مقالات,0,0,0,0,0,0,0,0,0,0
يتكلم بوضوح,0,0,0,0,0,0,1,0,0,0
طريقة التعبير اللفظي,0,0,0,0,0,0,1,0,0,0
حيلة,0,0,0,0,0,0,0,0,0,0
سلاح المدفعية,0,0,0,1,0,1,0,0,0,0
الحرفي,0,0,0,0,0,0,1,0,0,0
فنان,0,0,0,0,0,0,0,0,0,0
الفنان,0,0,0,0,0,0,1,0,0,0
فني,0,0,0,0,0,0,1,0,0,0
الفنانين,0,0,0,0,0,0,0,0,0,0
يصعد,0,0,0,0,0,0,0,0,0,0
صعود,0,0,0,0,0,0,1,0,0,0
الصعود,0,0,0,0,0,0,0,0,0,0
صعود,0,0,0,0,0,0,1,0,0,0
تأكد,0,0,0,0,0,0,0,0,0,0
تأكد,0,0,0,0,0,0,0,0,0,0
زاهد,0,0,0,0,0,0,0,0,0,0
رماد,0,0,0,0,0,1,0,0,0,0
خجلان,0,0,1,0,0,1,0,1,0,0
رماد,0,0,0,0,0,1,0,1,0,0
نائما,0,0,0,0,0,0,0,0,0,0
آسيا والمحيط الهادئ,0,0,0,1,0,0,0,0,0,0
الأسبارتام,0,0,0,0,0,0,0,0,0,0
جانب,0,0,0,0,0,0,0,0,0,0
النواحي,0,0,0,0,0,0,0,0,0,0
أسفلت,0,0,0,0,0,0,0,0,0,0
طموح,0,1,0,0,1,0,1,0,1,1
أطمح,0,1,0,0,1,0,1,0,0,0
تطمح,0,1,0,0,1,0,1,0,0,1
مؤخرة,0,0,0,0,0,1,0,0,0,0
هاجم,1,0,0,1,0,1,0,0,1,0
مهاجم,1,0,0,1,0,1,0,1,0,0
قاتل,1,0,0,1,0,1,0,1,0,0
اغتال,1,0,0,1,0,1,0,0,0,0
اغتيال,1,0,0,1,0,1,0,1,0,0
الاعتداءات,1,0,0,1,0,1,0,0,0,0
فحص,0,0,0,0,0,0,0,0,0,0
التجمع,0,0,0,0,0,0,0,0,0,0
جمعيه,0,0,0,0,0,0,0,0,0,0
مجمعة,0,0,0,0,0,0,0,0,0,0
المجسم,0,0,0,0,0,0,1,0,0,1
موافقة,0,0,0,0,0,0,1,0,0,0
يجزم,0,0,0,0,0,0,0,0,0,0
مؤكدا,0,0,0,0,0,0,1,0,0,1
تأكيد,0,0,0,0,0,0,0,0,0,0
تقييم,0,0,0,0,0,0,0,0,0,0
تقييم,0,0,0,0,0,0,0,0,1,1
مخمن,0,0,0,0,0,0,0,0,0,1
أصول,0,0,0,0,0,0,1,0,0,0
الأحمق,1,0,1,0,0,1,0,0,0,0
تعيين,0,0,0,0,0,0,0,0,0,0
المحال إليه,0,0,0,0,0,0,0,0,0,1
مهمة,0,0,0,0,0,0,0,0,0,0
استيعاب,0,0,0,0,0,0,0,0,0,0
الاستيعاب,0,0,0,0,0,0,0,0,0,0
مساعدة,0,0,0,0,0,0,1,0,0,1
مساعدة,0,0,0,0,0,0,1,0,0,0
مساعد,0,0,0,0,0,0,0,0,0,0
مساعد,0,0,0,0,0,0,1,0,0,1
جمعية,0,0,0,0,0,0,0,0,0,1
متنوع,0,0,0,0,0,0,0,0,0,0
تشكيلة,0,0,0,0,0,0,0,0,0,0
تهدئة,0,0,0,0,0,0,1,0,0,0
يفترض,0,0,0,0,0,0,0,0,0,0
افتراض,0,0,0,0,0,0,0,0,0,0
افتراض,0,0,0,0,0,0,0,0,0,0
توكيد,0,0,0,0,0,0,1,0,0,1
أؤكد,0,0,0,0,0,0,0,0,0,1
مؤكد,0,0,0,0,0,0,1,0,0,1
بالتأكيد,0,0,0,0,0,0,0,0,0,1
النجمة,0,0,0,0,0,0,0,0,0,0
الكويكبات,0,0,0,0,0,0,0,0,0,0
اللابؤرية,0,0,0,0,0,0,0,0,0,0
بشكل مذهل,0,0,0,0,0,0,1,0,1,0
دهشة,0,0,0,0,1,0,1,0,1,0
نجمي,0,0,0,0,0,0,0,0,0,0
ضلال,0,0,0,1,0,1,0,0,0,0
قابض,0,0,0,0,0,1,0,0,0,0
منجم,0,1,0,0,0,0,1,0,0,0
علم التنجيم,0,0,0,0,0,0,0,0,0,0
رائد فضاء,0,0,0,0,0,0,1,0,0,0
عالم الفلك,0,1,0,0,0,0,1,0,0,0
الفلك,0,0,0,0,0,0,0,0,0,0
مخضرم,0,0,0,0,0,0,1,0,0,0
تنهار,0,0,0,0,0,0,0,0,0,0
اللجوء,0,0,0,1,0,1,0,0,0,0
غير متماثل,0,0,0,0,0,0,0,0,0,0
عدم التناسق,0,0,1,0,0,0,0,0,0,0
مقارب,0,0,0,0,0,0,0,0,0,0
مشغل,0,0,0,0,0,0,0,0,0,0
الإلحاد,0,0,0,0,0,1,0,0,0,0
ملحد,0,0,0,0,0,0,0,0,0,0
تصلب الشرايين,0,0,0,1,0,1,0,1,0,0
رياضي,0,0,0,0,0,0,1,0,0,0
رياضي,0,0,0,0,0,0,1,0,0,0
الرياضية,0,0,0,0,0,0,0,0,0,0
ألعاب القوى,0,0,0,0,0,0,0,0,0,0
أطلس,0,0,0,0,0,0,0,0,0,0
أَجواء,0,0,0,0,0,0,0,0,0,0
الغلاف الجوي,0,0,0,0,0,0,0,0,0,0
جزيرة مرجانية,0,0,0,0,0,0,0,0,0,0
ذرة,0,0,0,0,0,0,1,0,0,0
الذري,0,0,0,0,0,0,0,0,0,0
تكفير,0,1,0,0,1,0,1,0,0,1
التكفير,0,0,0,0,0,0,1,0,0,0
الأذين,0,0,0,0,0,0,0,0,0,0
فظيع,1,0,1,0,0,1,0,0,0,0
فظاعة,1,0,1,1,0,1,0,1,0,0
تلاشي,0,0,1,1,0,1,0,1,0,0
يربط,0,0,0,0,0,0,0,0,0,0
حاجز,0,0,0,0,0,0,1,0,0,0
هجوم,1,0,0,1,0,1,0,0,0,0
مهاجمة,1,0,1,1,0,1,0,1,1,0
يحقق,0,0,0,0,0,0,0,0,0,0
ممكن,0,1,0,0,0,0,1,0,0,0
إحراز,0,0,0,0,0,0,1,0,0,0
محاولة,0,1,0,0,0,0,0,0,0,0
الحضور,0,1,0,0,0,0,0,0,0,0
المصاحبة,0,0,0,0,0,0,1,0,0,1
الانتباه,0,0,0,0,0,0,1,0,0,0
يقظ,0,0,0,0,0,0,1,0,0,1
يخفف,0,0,0,0,0,0,0,0,0,0
الموهن,0,0,0,0,0,1,0,0,0,0
توهين,0,0,0,0,0,1,0,1,0,0
يشهد,0,0,0,0,0,0,1,0,0,1
تصديق,0,0,0,0,0,0,0,0,0,1
عليه,0,0,0,0,0,0,0,0,0,0
ملابس,0,0,0,0,0,0,0,0,0,0
موقف سلوك,0,0,0,0,0,0,0,0,0,0
محامي,1,0,0,1,0,0,1,0,0,1
جاذبية,0,0,0,0,0,0,1,0,0,0
جاذبية,0,0,0,0,0,0,1,0,0,0
المتعلقة,0,0,0,0,0,0,0,0,0,0
ينسب,0,0,0,0,0,0,0,0,0,0
الإسناد,0,0,0,0,0,0,0,0,0,0
الاستنزاف,0,0,0,0,0,0,0,0,0,0
أوبورن,0,0,0,0,0,0,0,0,0,0
مزاد علني,0,1,0,0,0,0,0,0,0,0
الدلال,0,0,0,0,0,0,0,0,0,0
جريء,0,0,0,0,0,0,0,0,0,0
الجرأة,0,0,0,0,0,1,0,0,0,0
مسموع,0,0,0,0,0,0,0,0,0,0
جمهور,0,1,0,0,0,0,0,0,0,0
تدقيق,0,0,0,0,0,0,0,0,0,0
الاختبار,0,0,0,0,0,0,0,0,0,0
مدقق حسابات,0,0,0,1,0,0,0,0,0,1
قاعة محاضرات,0,0,0,0,0,0,0,0,0,0
سمعي,0,0,0,0,0,0,0,0,0,0
لا شيء,0,0,0,0,0,0,0,0,0,0
زيادة,0,0,0,0,0,0,1,0,0,0
زيادة,0,0,0,0,0,0,0,0,0,0
شهر اغسطس,0,0,0,0,0,0,1,0,0,0
عمة,0,0,0,0,0,0,1,0,0,1
هالة,0,0,0,0,0,0,1,0,0,0
الشفق القطبي,0,0,0,0,0,0,0,0,0,0
رعاية,0,0,0,0,0,0,0,0,0,0
الميمون,0,1,0,0,1,0,1,0,0,0
التقشف,0,0,0,1,0,1,0,1,0,0
تقشف,0,0,0,0,0,1,0,0,0,0
أصلي,0,0,0,0,1,0,1,0,0,1
المصادقة,0,0,0,0,0,0,0,0,0,1
المصادقة,0,0,0,0,0,0,0,0,0,1
أصالة,0,0,0,0,0,0,1,0,0,1
مؤلف,0,0,0,0,0,0,1,0,0,1
موثوق,0,0,0,0,0,0,1,0,0,1
السلطة,0,0,0,0,0,0,1,0,0,1
تفويض,0,0,0,0,0,0,1,0,0,1
يأذن,0,0,0,0,0,0,0,0,0,1
مخول,0,0,0,0,0,0,1,0,0,0
تأليف,0,0,0,0,0,0,0,0,0,0
تلقاءي,0,0,0,0,0,0,0,0,0,0
السيرة الذاتية,0,0,0,0,0,0,0,0,0,0
استبدادي,0,0,0,0,0,1,0,0,0,0
توقيعه,0,0,0,0,0,0,0,0,0,0
تلقائي,0,0,0,0,0,0,0,0,0,1
سيارة,0,0,0,0,0,0,0,0,0,0
استقلال,0,0,0,0,0,0,0,0,0,0
تشريح الجثة,0,0,1,1,0,1,0,1,0,0
خريف,0,0,0,0,0,0,0,0,0,0
مساعد,0,0,0,0,0,0,0,0,0,0
فائدة,0,0,0,0,0,0,0,0,0,0
انهيار ثلجي,0,0,0,1,0,1,0,1,1,0
الجشع,1,0,1,0,0,1,0,0,0,0
الصورة الرمزية,0,0,0,0,0,0,1,0,0,0
المنتقم,1,0,0,0,0,1,0,0,0,0
السبيل,0,0,0,0,0,0,0,0,0,0
جزم,0,0,0,0,0,0,0,0,0,0
معدل,0,0,0,0,0,0,0,0,0,0
كاره,1,0,1,1,0,1,0,0,0,0
النفور,1,0,1,1,0,1,0,0,0,0
تجنب,0,0,0,0,0,0,0,0,0,0
مطير,0,0,0,0,0,0,0,0,0,0
طيران,0,0,0,0,0,0,0,0,0,0
طيار,0,0,0,0,0,0,0,0,0,0
متعطشا,0,0,0,0,0,0,0,0,0,0
أفوكادو,0,0,0,0,0,0,0,0,0,0
تجنب,0,0,0,1,0,1,0,0,0,0
تجنب,0,0,0,1,0,1,0,0,0,0
تجنب,0,0,0,1,0,0,0,0,0,0
انتظر,0,1,0,0,0,0,0,0,0,0
مستيقظ,0,0,0,0,0,0,0,0,0,0
استيقظ,0,0,0,0,0,0,0,0,0,0
جائزة,0,1,0,0,1,0,1,0,1,1
رهبة,0,0,0,0,0,0,0,0,0,0
مريع,1,0,1,1,0,1,0,1,0,0
حرج,0,0,1,0,0,1,0,0,0,0
المظلة,0,0,0,0,0,0,0,0,0,0
منحرف,0,0,0,0,0,1,0,0,0,0
محوري,0,0,0,0,0,0,0,0,0,0
بديهية,0,0,0,0,0,0,0,0,0,1
بديهي,0,0,0,0,0,0,0,0,0,1
محور,0,0,0,0,0,0,0,0,0,0
المحور,0,0,0,0,0,0,0,0,0,0
ay,0,0,0,0,0,0,1,0,0,0
آه,0,0,0,0,0,0,1,0,0,0
السمت,0,0,0,0,0,0,0,0,0,0
اللازوردية,0,0,0,0,0,0,0,0,0,0
الثرثرة,0,0,0,0,0,1,0,0,0,0
الهذيان,0,0,0,0,0,1,0,0,0,0
بابون,0,0,1,0,0,1,0,0,0,0
طفل,0,0,0,0,1,0,1,0,0,0
جليسه اطفال,0,0,0,0,0,0,0,0,0,1
شهادة البكالوريا,0,0,0,0,0,0,1,0,0,0
القمار,0,0,0,0,0,0,0,0,0,0
أعزب,0,0,0,0,0,0,0,0,0,0
الى الخلف,0,0,0,0,0,0,0,0,0,0
العمود الفقري,1,0,0,0,0,0,1,0,0,1
مؤيد,0,0,0,0,0,0,0,0,0,1
نتائج عكسية,0,0,0,0,0,0,0,0,0,0
طاولة الزهر,0,0,0,0,0,0,0,0,0,0
معرفتي,0,0,0,0,0,0,0,0,0,0
حفار,0,0,0,0,0,0,0,0,0,0
الرحال,0,0,0,0,0,0,0,0,0,0
تراجع,0,0,0,0,0,0,0,0,0,0
الى الوراء,0,0,0,0,0,1,0,0,0,0
إلى الوراء,0,0,1,0,0,1,0,0,0,0
راكدة,0,0,0,0,0,1,0,1,0,0
بكتيريا,0,0,1,1,0,1,0,1,0,0
بكتيريا,0,0,1,1,0,1,0,0,0,0
سيئ,1,0,1,1,0,1,0,1,0,0
شارة,0,0,0,0,0,0,0,0,0,1
الغرير,1,0,0,0,0,1,0,0,0,0
بشكل سيئ,0,0,0,0,0,1,0,1,0,0
سوء,1,0,1,1,0,1,0,0,0,0
يربك,0,0,0,0,0,0,0,0,0,0
حقيبة,0,0,0,0,0,0,0,0,0,0
أمتعة,0,0,0,0,0,0,0,0,0,0
فضفاض,0,0,0,0,0,0,0,0,0,0
مزمار القربة,0,0,0,0,0,0,0,0,0,0
الكفالة,0,0,0,0,0,0,0,0,0,0
حاجب,0,0,0,1,0,1,0,0,0,1
طعم,0,0,0,1,0,1,0,0,0,1
خبز,0,0,0,0,0,0,0,0,0,0
مخبز,0,0,0,0,0,0,0,0,0,0
الخبز,0,0,0,0,0,0,0,0,0,0
بال,0,0,0,0,0,0,0,0,0,0
الرصيد,0,0,0,0,0,0,1,0,0,0
متوازن,0,0,0,0,0,0,1,0,0,0
شرفة,0,0,0,0,0,0,0,0,0,0
أصلع,0,0,0,0,0,0,0,0,0,0
بالة,0,0,0,1,0,1,0,0,0,0
يعوق. يحبط,0,0,0,0,0,1,0,0,0,0
كرة,0,0,0,0,0,0,0,0,0,0
أغنية,0,0,0,0,0,0,1,0,0,0
الصابورة,0,0,0,0,0,0,0,0,0,0
الباليه,0,0,0,0,0,0,1,0,0,0
بالون,0,0,0,0,0,0,0,0,0,0
الاقتراع,0,1,0,0,0,0,1,0,0,1
قاعة رقص,0,0,0,0,0,0,0,0,0,0
بلسم,0,1,0,0,1,1,1,0,0,0
شاف,0,0,0,0,0,0,0,0,0,0
بلسم,0,0,0,0,0,0,1,0,0,0
بلسمي,0,0,0,0,0,0,0,0,0,0
المنع,0,0,0,0,0,1,0,0,0,0
موز,0,0,0,0,0,0,0,0,0,0
حافظة مسافة,0,0,0,0,0,0,0,0,0,0
ضمادة,0,0,0,0,0,0,0,0,0,0
قاطع طريق,0,0,0,0,0,1,0,0,0,0
عربة,0,0,0,0,0,0,0,0,0,0
لعنة,1,0,1,1,0,1,0,0,0,0
حية,1,0,1,1,0,1,0,1,1,0
السجق,1,1,0,1,0,1,0,0,1,0
نفي,1,0,1,1,0,1,0,1,0,0
نفي,1,0,0,1,0,1,0,1,0,0
تغريب,1,0,1,0,0,1,0,1,0,0
البانجو,0,0,0,0,0,0,0,0,0,0
مصرف,0,0,0,0,0,0,0,0,0,1
مصرفي,0,0,0,0,0,0,0,0,0,1
مفلس,0,0,0,1,0,1,0,1,0,0
إفلاس,1,0,1,1,0,1,0,1,0,0
لافتة,0,0,0,0,0,0,0,0,0,0
مأدبة,0,1,0,0,1,0,1,0,0,0
الشؤم,1,0,1,1,0,1,0,1,0,0
مزاح,0,0,0,0,0,0,0,0,0,0
المعمودية,0,0,0,0,0,0,1,0,0,0
المعمودية,0,0,0,0,1,0,1,0,0,0
شريط,0,0,0,0,0,0,0,0,0,0
بارب,1,0,0,0,0,1,0,0,0,0
بربري,0,0,0,1,0,1,0,0,0,0
بربري,1,0,1,1,0,1,0,0,0,0
الهمجية,0,0,0,0,0,1,0,0,0,0
حفل شواء,0,0,0,0,0,0,0,0,0,0
شائك,0,0,0,0,0,0,0,0,0,0
شاعر,0,0,0,0,0,0,1,0,0,0
سرج,0,0,0,0,0,0,0,0,0,0
حافي القدمين,0,0,0,0,0,0,0,0,0,0
بالكاد,0,0,0,0,0,0,0,0,0,0
يتقيأ,0,0,1,0,0,0,0,0,0,0
مساومة,0,0,0,0,0,0,1,0,0,1
البارجة,0,0,0,0,0,0,0,0,0,0
الباريتون,0,0,0,0,0,0,0,0,0,0
لحاء الشجر,1,0,0,0,0,1,0,0,0,0
إسطبل,0,0,0,0,0,0,0,0,0,0
بارني,0,0,0,0,0,0,0,0,0,0
بارومتر,0,0,0,0,0,0,0,0,0,0
البارون,0,0,0,0,0,0,0,0,0,0
الباروك,0,0,0,0,0,0,0,0,0,0
ثكنة,0,0,0,0,0,0,0,0,0,0
منعت,0,0,0,0,0,1,0,0,0,0
برميل,0,0,0,0,0,0,0,0,0,0
قاحل,0,0,0,0,0,1,0,1,0,0
متراس,0,0,0,1,0,1,0,0,0,0
حاجز,1,0,0,0,0,1,0,0,0,0
باستثناء,0,0,0,0,0,0,0,0,0,0
محام,0,0,0,0,0,0,0,0,0,0
رابية,0,0,1,0,0,0,0,0,0,0
عامل البار,0,0,0,0,0,0,0,0,0,1
مقايضة,0,0,0,0,0,0,0,0,0,1
قاعدة,0,0,0,0,0,0,0,0,0,1
البيسبول,0,0,0,0,0,0,0,0,0,0
اللوح,0,0,0,0,0,0,0,0,0,0
لا أساس له,0,0,0,0,0,1,0,0,0,0
قبو,0,0,0,0,0,0,0,0,0,0
البازيليكا,0,0,0,0,0,0,0,0,0,0
حوض,0,0,0,0,0,0,0,0,0,0
أساس,0,0,0,0,0,0,0,0,0,0
تشمس,0,0,0,0,0,0,0,0,0,0
سلة,0,0,0,0,0,0,0,0,0,0
كرة سلة,0,1,0,0,1,0,1,0,0,0
صوت عميق,0,0,0,0,0,0,0,0,0,0
باسو,0,0,0,0,0,0,0,0,0,0
باسون,0,0,0,0,0,0,0,0,0,0
نذل,0,0,1,0,0,1,0,1,0,0
معقل,1,0,0,0,0,0,1,0,0,0
مضرب,0,0,0,0,0,0,0,0,0,0
حزمة,0,0,0,0,0,0,0,0,0,0
التجميع,0,0,0,0,0,0,0,0,0,0
بات,0,0,0,0,0,0,0,0,0,0
حمام,0,0,0,0,0,0,1,0,0,0
استحم,0,0,0,0,0,0,0,0,0,0
دوره المياه,0,0,0,0,0,0,0,0,0,0
قياس الأعماق,0,0,0,0,0,0,0,0,0,0
عصا,0,0,0,0,0,0,0,0,0,0
كتيبة,1,0,0,0,0,0,0,0,0,0
خليط,1,0,0,1,0,1,0,0,0,0
ضرب,0,0,0,1,0,1,0,1,0,0
البطارية,1,0,0,0,0,1,0,0,0,0
معركة,1,0,0,0,0,1,0,0,0,0
قاتل,1,0,0,1,0,1,0,1,0,0
ساحة المعركة,0,0,0,1,0,1,0,0,0,0
فاجر,0,0,0,0,0,1,0,0,0,0
شراء,0,0,0,0,0,0,0,0,0,0
حربة,1,0,0,1,0,1,0,0,0,0
بايو,0,0,0,0,0,0,0,0,0,0
بازار,0,0,0,0,0,0,0,0,0,0
شاطئ بحر,0,0,0,0,1,0,0,0,0,0
منارة,0,0,0,0,0,0,0,0,0,0
حبة,0,0,0,0,0,0,0,0,0,0
الديكور,0,0,0,0,0,0,0,0,0,0
خرز,0,0,0,0,0,0,0,0,0,0
بيجل,0,0,0,0,0,0,0,0,0,0
منقار,0,0,0,0,0,0,0,0,0,0
دورق,0,0,0,0,0,0,0,0,0,0
الحزم,0,0,0,0,1,0,1,0,0,0
مبتهج,0,1,0,0,1,0,1,0,0,0
دب,1,0,0,1,0,0,0,0,0,0
لحية,0,0,0,0,0,0,0,0,0,0
ملتحي,0,0,0,0,0,0,0,0,0,0
لحاملها,0,0,0,0,0,1,0,0,0,0
تحمل,0,0,0,0,0,0,0,0,0,0
رمان,0,0,0,0,0,0,0,0,0,0
سبحة,1,0,0,1,0,0,0,0,0,0
وحش,1,0,0,1,0,1,0,0,0,0
بوحشية,0,0,1,1,0,1,0,0,0,0
تغلب,0,0,0,0,0,0,0,0,0,0
الضرب,1,0,0,1,0,1,0,1,0,0
العاشق,0,0,0,0,0,0,0,0,0,0
تجميل,0,0,0,0,1,0,1,0,0,1
جميلة,0,0,0,0,1,0,1,0,0,0
تجميل,0,0,0,0,1,0,1,0,0,0
جمال,0,0,0,0,1,0,1,0,0,0
بيك,0,0,0,0,0,0,0,0,0,0
يومئ,0,0,0,0,0,0,0,0,0,0
سرير,0,0,0,0,0,0,0,0,0,0
الفراش,0,0,0,0,0,0,0,0,0,0
حجر الأساس,0,0,0,0,0,0,1,0,0,1
غرفة نوم,0,0,0,0,0,0,0,0,0,0
وقت النوم,0,0,0,0,0,0,0,0,0,0
نحلة,1,0,0,1,0,0,0,0,0,0
لحم بقري,0,0,0,0,0,0,0,0,0,0
خلية نحل,0,0,0,0,0,0,0,0,0,0
بيرة,0,0,0,0,1,0,1,0,0,0
شمع العسل,0,0,0,0,0,0,0,0,0,0
خنفساء,0,0,0,0,0,0,0,0,0,0
تسقط على,0,0,0,0,0,1,0,0,0,0
يليق,0,0,0,0,0,0,1,0,0,0
صداقة,0,0,0,0,1,0,1,0,0,1
إفترض جدلا,0,0,0,0,0,1,0,1,0,0
شحاذ,0,0,0,0,0,1,0,1,0,0
التسول,0,0,0,0,0,1,0,0,0,0
يبدأ,0,0,0,0,0,0,0,0,0,0
مبتدئ,0,0,0,0,0,0,0,0,0,0
بداية,0,0,0,0,0,0,0,0,0,0
بدأت,0,1,0,0,0,0,0,0,0,0
سلوك,0,0,0,0,0,0,0,0,0,0
عملاق,0,0,0,1,0,1,0,0,0,0
طلب,0,0,0,0,0,0,0,0,0,0
ها,0,0,0,0,0,0,0,0,0,0
مدين بالفضل,0,0,0,0,0,1,0,0,0,0
الناظر,0,0,0,0,0,0,0,0,0,0
متأخر,0,0,0,0,0,1,0,0,0,0
ثبت,0,0,0,0,0,0,0,0,0,0
الاعتقاد,0,0,0,0,0,0,0,0,0,0
يعتقد,0,0,0,0,0,0,0,0,0,1
مؤمن,0,0,0,0,0,0,0,0,0,1
تصديق,0,0,0,0,0,0,1,0,0,1
استخفاف,1,0,1,1,0,1,0,1,0,0
جرس,0,0,0,0,0,0,0,0,0,0
محارب,1,0,0,1,0,1,0,0,0,0
أدناه,0,0,0,0,0,0,0,0,0,0
منفاخ,1,0,0,0,0,0,0,0,0,0
بطن,0,0,0,0,0,0,0,0,0,0
متاع,0,0,0,0,0,0,0,0,0,0
حزام,1,0,0,1,0,1,0,0,0,0
مرتبك,0,0,0,0,0,0,0,0,0,0
مقاعد البدلاء,0,0,0,0,0,0,0,0,0,0
يلوي,0,0,0,0,0,0,0,0,0,0
بندر,0,0,0,0,0,1,0,0,0,0
الانحناء,0,0,0,0,0,0,0,0,0,0
أسفل,0,0,0,0,0,0,0,0,0,0
فاعل خير,0,0,0,0,0,0,1,0,0,1
نافع,0,0,0,0,0,0,1,0,0,0
المستفيد,0,0,0,0,0,0,0,0,0,0
المنفعة,0,0,0,0,0,0,1,0,0,0
الإحسان,0,0,0,0,1,0,1,0,0,1
حميدة,0,0,0,0,1,0,1,0,0,0
عازمة,0,0,0,0,0,0,0,0,0,0
البنزين,0,0,0,0,0,0,0,0,0,0
توريث,0,0,0,0,0,0,0,0,0,0
وصية,0,0,0,0,0,0,0,0,0,1
ثكلى,0,0,0,0,0,1,0,1,0,0
الثكل,0,0,0,0,0,1,0,1,0,0
مجردة,0,0,0,0,0,1,0,0,0,0
البرغموت,0,0,0,0,0,0,0,0,0,0
برلين,0,0,0,0,0,0,0,0,0,0
هائج,1,0,0,0,0,1,0,0,0,0
مرسى,0,0,0,0,0,0,1,0,0,0
التمس,0,0,0,0,0,0,0,0,0,0
تحطم,0,0,0,0,0,0,0,0,0,0
بهيمي,0,0,1,1,0,1,0,0,0,0
تكبد,0,0,0,0,0,0,0,0,0,0
رهان,0,0,0,0,0,0,0,0,0,0
يخون,1,0,1,0,0,1,0,1,1,0
خيانة,1,0,1,0,0,1,0,1,0,0
مخطوبة,0,1,0,0,1,0,1,0,0,1
تحسين,0,0,0,0,0,0,1,0,0,0
الرهان,0,0,0,0,0,0,0,0,0,0
بيتي,0,0,0,0,0,0,0,0,0,0
شطبة,0,0,0,0,0,0,0,0,0,0
مشروب,0,0,0,0,0,0,1,0,0,0
سرب,0,0,0,0,0,0,0,0,0,0
احذر,0,1,0,1,0,1,0,0,0,0
مذهول,0,0,0,1,0,1,0,0,1,0
حيرة,0,0,0,1,0,0,0,0,1,0
تحيز,1,0,0,0,0,1,0,0,0,0
انحيازا,0,0,0,0,0,1,0,0,0,0
مريلة,0,0,0,0,0,0,0,0,0,0
كتابي,0,0,0,0,0,0,1,0,0,0
فهرس,0,0,0,0,0,0,0,0,0,0
المشاحنات,1,0,1,0,0,1,0,0,0,0
ذو لونين,0,0,0,0,0,0,0,0,0,0
دراجة,0,0,0,0,0,0,0,0,0,0
المناقصة,0,0,0,0,0,0,0,0,0,0
العارض,0,0,0,0,0,0,0,0,0,0
مزايدة,0,0,0,0,0,0,0,0,0,0
كل سنتين,0,1,0,0,0,0,0,0,0,0
النعش,0,0,0,1,0,1,0,1,0,0
تشعب,0,0,0,0,0,0,0,0,0,0
كبير,0,0,0,0,0,0,0,0,0,0
متعصب,1,0,1,1,0,1,0,0,0,0
متعصب,1,0,1,1,0,1,0,1,0,0
دراجة هوائية,0,0,0,0,0,0,0,0,0,0
ثنائي,0,0,0,0,0,0,0,0,0,0
طبقة ثنائية,0,0,0,0,0,0,0,0,0,0
الصفراء,1,0,1,0,0,1,0,0,0,0
آسن,0,0,0,0,0,0,0,0,0,0
ثنائي اللغة,0,0,0,0,0,0,1,0,0,0
مشروع قانون,0,0,0,0,0,0,0,0,0,0
البليت,0,0,0,0,0,0,0,0,0,0
البلياردو,0,0,0,0,0,0,0,0,0,0
مليار,0,0,0,0,0,0,0,0,0,0
بيلي,0,0,0,0,0,0,0,0,0,0
كل شهرين,0,0,0,0,0,0,0,0,0,0
سلة مهملات,0,0,0,0,0,0,0,0,0,0
الثنائية,0,0,0,0,0,0,0,0,0,0
ربط,0,0,0,0,0,0,0,0,0,0
غلاف,0,0,0,0,0,0,0,0,0,0
ربط,0,0,0,0,0,0,0,0,0,0
بنج,0,0,0,0,0,0,0,0,0,0
منظار مقرب,0,0,0,0,0,0,0,0,0,0
المناظير,0,0,0,0,0,0,0,0,0,0
ذات الحدين,0,0,0,0,0,0,0,0,0,0
التولد الحيوي,0,0,0,0,0,0,0,0,0,0
كاتب سيرة,0,0,0,0,0,0,0,0,0,0
سيرة شخصية,0,0,0,0,0,0,0,0,0,0
مادة الاحياء,0,0,0,0,0,0,0,0,0,0
خزعة,0,0,0,1,0,1,0,0,0,0
المحيط الحيوي,0,0,0,0,0,0,0,0,0,0
ثنائي,0,0,0,0,0,0,0,0,0,0
البتولا,1,0,1,1,0,1,0,0,0,0
عصفور,0,0,0,0,0,0,0,0,0,0
ولادة,0,1,0,1,1,0,1,0,0,1
عيد الميلاد,0,1,0,0,1,0,1,0,1,0
مكان الولادة,1,0,0,0,0,1,0,0,0,0
المولد,0,0,0,0,0,0,0,0,0,0
مكرر,0,0,0,0,0,0,0,0,0,0
أسقف,0,0,0,0,0,0,0,0,0,0
الثور,0,0,0,0,0,0,0,0,0,0
قليل,0,0,0,0,0,0,0,0,0,0
عاهرة,1,0,1,1,0,1,0,1,0,0
عضة,0,0,0,0,0,1,0,0,0,0
بمرارة,1,0,1,0,0,1,0,1,0,0
مرارة,1,0,1,0,0,1,0,1,0,0
القار,0,0,0,0,0,0,0,0,0,0
كل أسبوعين,0,0,0,0,0,0,0,0,0,0
غريب,0,0,0,0,0,1,0,0,1,0
بلاك بيري,0,0,0,0,0,0,0,0,0,0
بلاك بورد,0,0,0,0,0,0,0,0,0,0
لعبة ورق,0,0,0,0,0,1,0,0,0,0
ابتزاز,1,0,0,1,0,1,0,0,0,0
سواد,0,0,0,1,0,1,0,1,0,0
حداد,0,0,0,0,0,0,0,0,0,0
مثانة,0,0,0,0,0,0,0,0,0,0
شفرة,0,0,0,0,0,0,0,0,0,0
إلقاء اللوم على,1,0,1,0,0,1,0,0,0,0
بلا لوم,0,0,0,0,0,0,1,0,0,0
ماصخ,0,0,0,0,0,1,0,0,0,0
فارغ,0,0,0,0,0,0,0,0,0,0
بطانية,0,0,0,0,0,0,0,0,0,1
كفر,1,0,1,0,0,1,0,0,0,0
تجديف,1,0,0,0,0,1,0,0,0,0
انفجار,1,0,0,1,0,1,0,0,1,0
صارخ,1,0,1,0,0,1,0,0,0,0
ثرثرة,0,0,0,0,0,1,0,0,0,0
حريق,1,0,0,0,0,1,0,0,0,0
اشتعلت فيه النيران,0,0,0,0,0,0,0,0,0,0
تبييض,0,0,0,0,0,0,0,0,0,0
كئيب,0,0,0,0,0,1,0,1,0,0
نزيف,0,0,1,1,0,1,0,1,0,0
عيب,1,0,1,1,0,1,0,1,0,0
يمزج,0,0,0,0,0,0,0,0,0,0
مزج,0,0,0,0,0,0,0,0,0,0
يبارك,0,1,0,0,1,0,1,0,0,1
مبارك,0,0,0,0,1,0,1,0,0,0
بركة,0,1,0,0,1,0,1,0,0,1
بركاته,0,1,0,0,1,0,1,0,1,1
آفة,0,0,1,1,0,1,0,1,0,0
فاسدة,0,0,1,0,0,1,0,1,0,0
أعمى,0,0,0,0,0,1,0,0,0,0
معصوب العينين,0,1,0,1,0,0,0,0,1,0
معصوب العينين,0,0,0,0,0,0,0,0,0,0
عمياء,0,0,0,0,0,1,0,1,0,0
العمى,0,0,0,0,0,1,0,1,0,0
رمش,0,0,0,0,0,0,0,0,0,0
النعيم,0,0,0,0,1,0,1,0,0,0
هناء,0,0,0,0,1,0,1,0,0,0
نفطة,0,0,1,0,0,1,0,0,0,0
مداهمات,0,0,0,0,0,0,0,0,1,0
عاصفة ثلجية,0,0,0,0,0,0,0,0,0,0
منتفخة,0,0,1,0,0,1,0,0,0,0
سائل لزج,0,0,1,1,0,1,0,0,0,0
الكتلة,0,0,0,0,0,0,0,0,0,0
حصار,1,0,0,1,0,1,0,1,0,0
أشقر,0,0,0,0,0,0,0,0,0,0
الدم,0,0,0,0,0,0,0,0,0,0
الكلب البوليسي,0,0,0,0,0,0,0,0,0,0
غير دموي,0,0,0,0,0,0,1,0,0,0
إراقة الدماء,1,0,1,1,0,1,0,1,1,0
متعطش للدماء,1,0,1,1,0,1,0,0,0,0
دموي,1,0,1,1,0,1,0,1,0,0
إزهار,0,1,0,0,1,0,1,0,0,1
زهر,0,0,0,0,1,0,1,0,0,0
لطخة,0,0,0,0,0,1,0,0,0,0
بلوزة,0,0,0,0,0,0,0,0,0,0
منفاخ,0,0,0,0,0,1,0,0,0,0
نفخ,0,0,0,0,0,0,0,0,0,0
منفوخ,0,0,0,0,0,0,0,0,0,0
أنفخ,0,0,0,0,0,1,0,0,0,0
أزرق,0,0,0,0,0,0,0,1,0,0
البلوز,0,0,0,1,0,1,0,1,0,0
خدعة,0,0,0,0,0,1,0,0,0,0
مزرق,0,0,0,0,0,0,0,0,0,0
خطأ فادح,0,0,1,0,0,1,0,1,0,0
غلاف,0,0,0,0,0,0,0,0,0,0
طمس,0,0,0,0,0,1,0,0,0,0
غير واضح,0,0,0,0,0,1,0,0,0,0
احمر خدود,0,0,0,0,0,1,0,0,0,0
إحمرار الوجه خجلا,0,0,0,0,0,0,0,0,0,0
أفعى,0,0,0,0,0,0,0,0,0,0
خنزير,0,0,0,0,0,0,0,0,0,0
مجلس,0,1,0,0,0,0,0,0,0,0
الحدود,0,0,0,0,0,0,0,0,0,0
الصعود,0,0,0,0,0,0,0,0,0,0
المجالس,0,0,0,0,0,0,0,0,0,0
تباهى,0,0,0,0,0,1,1,0,0,0
التباهي,0,0,0,0,0,1,0,0,0,0
قارب,0,0,0,0,0,0,0,0,0,0
القوارب,0,0,0,0,0,0,0,0,0,0
بكرة,0,0,0,0,0,0,0,0,0,0
يبشر,0,0,0,0,0,0,0,0,0,0
صد,0,0,0,0,0,0,0,0,0,0
جسديا,0,0,0,0,0,0,0,0,0,0
هيئة,0,0,0,0,0,0,0,0,0,0
حارس شخصي,0,0,0,0,0,0,1,0,0,1
مستنقع,0,0,0,0,0,1,0,0,0,0
زائف,1,0,1,0,0,1,0,0,0,0
دمل,0,0,1,0,0,1,0,0,0,0
سخان مياه,0,0,0,0,0,0,0,0,0,0
النمطي,0,0,0,0,0,1,0,0,0,0
الغليان,0,0,0,0,0,0,0,0,0,0
عاصف,1,1,0,0,1,1,1,0,0,0
بالخط العريض,0,0,0,0,0,0,1,0,0,0
الجرأة,0,0,0,0,0,0,1,0,0,0
دعم,0,0,0,0,0,0,1,0,0,0
الترباس,0,0,0,0,0,0,0,0,0,0
مضغة,0,0,0,0,0,0,0,0,0,0
قنبلة,1,0,0,1,0,1,0,1,1,0
قصف,1,0,0,1,0,1,0,0,0,0
قصف,1,0,0,1,0,1,0,0,0,0
قصفت,0,0,1,0,0,1,0,0,0,0
قاذفة القنابل,0,0,0,1,0,0,0,1,0,0
بونانزا,0,0,0,0,1,0,1,0,0,0
كفالة,0,0,0,0,0,0,0,0,0,0
عبودية,0,0,0,1,0,1,0,1,0,0
سندات,0,0,0,0,0,1,0,0,0,0
عظم,0,0,0,0,0,0,0,0,0,0
انتصاب,0,0,0,0,0,0,0,0,0,0
عظام,0,0,0,0,0,0,0,0,0,0
مشعل,0,0,0,0,0,0,0,0,0,0
بون,0,0,0,0,0,0,1,0,0,0
غطاء محرك السيارة,0,0,0,0,0,0,0,0,0,0
علاوة,0,1,0,0,1,0,1,0,1,0
عظمي,0,0,0,0,0,0,0,0,0,0
بوو,0,0,0,0,0,1,0,0,0,0
المعتوه,0,0,0,0,0,0,0,0,0,0
مفخخة,0,0,0,0,0,1,0,0,0,0
الكتاب,0,0,0,0,0,0,0,0,0,0
خزانة الكتب,0,0,0,0,0,0,0,0,0,0
الحجز,0,0,0,0,0,0,0,0,0,0
كتبي,0,0,0,0,0,0,1,0,0,0
محاسب,0,0,0,0,0,0,0,0,0,0
إمساك الدفاتر,0,0,0,0,0,0,0,0,0,0
كتيب,0,0,0,0,0,0,0,0,0,0
الكتب,0,0,0,0,0,0,0,0,0,0
بائع كتب,0,0,0,0,0,0,0,0,0,0
مكتبة,0,0,0,0,0,0,1,0,0,0
مكتبة لبيع الكتب,0,0,0,0,0,0,0,0,0,0
المثقف,0,0,0,0,0,1,1,0,0,0
بوميرانج,0,1,0,0,0,0,0,0,0,1
ازدهار,0,0,0,0,0,0,0,0,0,0
نعمة,0,0,0,0,0,0,1,0,0,0
تعزيز,0,0,0,0,0,0,0,0,0,0
الداعم,0,0,0,0,0,0,0,0,0,0
حذاء طويل,0,0,0,0,0,0,0,0,0,0
كشك,0,0,0,0,0,0,0,0,0,0
أحذية,0,0,0,0,0,0,0,0,0,0
غنيمة,0,0,0,0,0,0,0,0,0,0
خمر,0,0,0,0,0,1,0,0,0,0
الحدود,0,0,0,0,0,0,0,0,0,0
يحد,0,0,0,0,0,0,0,0,0,0
تجويف,0,0,0,0,0,1,0,0,0,0
شمالي,0,0,0,0,0,0,0,0,0,0
ملل,0,0,0,0,0,1,0,1,0,0
حفار,0,0,0,0,0,0,0,0,0,0
ممل,0,0,0,0,0,1,0,0,0,0
البلدة,0,0,0,0,0,0,0,0,0,0
اقتراض,0,0,0,0,0,0,0,0,0,0
مستعير,0,0,0,0,0,1,0,0,0,0
حضن,0,0,0,0,0,0,0,0,0,0
رئيس,0,0,0,0,0,0,0,0,0,0
بوسطن,0,0,0,0,0,0,0,0,0,0
نباتي,0,0,0,0,0,0,0,0,0,0
عالم النبات,0,0,0,0,0,0,0,0,0,0
علم النبات,0,0,0,0,0,0,0,0,0,0
يزعج,0,0,0,0,0,1,0,0,0,0
التضايق,1,0,0,0,0,1,0,1,0,0
زجاجة,0,0,0,0,0,0,0,0,0,0
الأسفل,0,0,0,0,0,1,0,1,0,0
قاع,0,0,0,1,0,0,0,0,0,0
جلمود,0,0,0,0,0,0,0,0,0,0
"وثب، ارتداد",0,0,0,0,0,0,0,0,0,0
مقيد,0,0,0,0,0,1,0,0,0,0
الحدود,0,0,0,0,0,0,0,0,0,0
لا حدود لها,0,0,0,0,0,0,0,0,0,0
الحدود,0,0,0,0,0,0,0,0,0,0
كريمة,0,1,0,0,1,0,1,0,0,0
مكافأة,0,1,0,0,1,0,1,0,0,1
باقة أزهار,0,0,0,0,1,0,1,0,0,1
برجوازية,0,0,0,0,0,0,0,0,0,0
برجوازية,0,0,0,0,0,0,0,0,0,0
البورصة,0,0,0,0,0,0,0,0,0,0
نوبة,1,0,0,0,0,1,0,0,0,0
بقري,0,0,1,0,0,1,0,0,0,0
انحنى,0,0,0,0,0,0,0,0,0,0
أحشاء,0,0,1,0,0,0,0,0,0,0
صَحن,0,0,0,0,0,0,0,0,0,0
الطاسات,0,0,0,0,0,0,0,0,0,0
علبة,0,0,0,0,0,0,0,0,0,0
ملاكم,0,0,0,0,0,0,0,0,0,0
ملاكمة,1,0,0,0,0,0,0,0,0,0
مقاطعة,0,0,0,0,0,1,0,0,0,0
الصبا,0,0,0,0,0,0,0,0,0,0
صبياني,0,0,0,0,0,0,0,0,0,0
دعامة,0,0,0,0,0,0,0,0,0,0
إسورة,0,0,0,0,0,0,0,0,0,0
الأقواس,0,0,0,0,0,0,0,0,0,0
عضدي,0,0,0,0,0,0,0,0,0,0
قوس,0,0,0,0,0,0,0,0,0,0
اقواس,0,0,0,0,0,0,0,0,0,0
قليل الملوحة,0,0,0,0,0,0,0,0,0,0
براد,0,0,0,0,0,0,0,0,0,0
تفاخر,0,0,0,0,0,1,0,0,0,0
جديلة,0,0,0,0,0,0,0,0,0,0
مخ,0,0,0,0,0,0,0,0,0,0
العقول,0,0,0,0,0,0,1,0,0,0
العصف الذهني,0,0,0,0,0,0,0,0,0,0
الفرامل,0,0,0,0,0,0,0,0,0,0
نخالة,0,0,1,0,0,0,0,0,0,0
فرع,0,0,0,0,0,0,0,0,0,0
المتفرعة,0,0,0,0,0,0,0,0,0,0
براندي,0,0,0,0,0,1,0,0,0,0
نحاس,0,0,0,0,0,0,0,0,0,0
شقي,0,0,0,0,0,0,0,0,0,0
تبجح,0,0,0,0,0,1,0,0,0,0
شجاعة,0,0,0,0,0,0,1,0,0,0
شجار,1,0,1,1,0,1,0,0,0,0
وقح \ نحاسي,1,0,0,0,0,1,0,0,0,0
يخرق,0,0,0,0,0,1,0,0,0,0
رغيف الخبز,0,0,0,0,0,0,0,0,0,0
سعة,0,0,0,0,0,0,0,0,0,0
فترة راحة,0,0,0,0,0,0,0,0,1,0
قابل للكسر,0,0,0,0,0,0,0,0,0,0
انفصال,0,0,0,0,0,1,0,0,0,0
قواطع,0,0,0,0,0,0,0,0,0,0
قواطع,0,0,0,0,0,0,0,0,0,0
وجبة افطار,0,0,0,0,0,0,1,0,0,0
كسر,0,0,0,0,0,1,0,0,0,0
انفصل,0,0,0,0,0,1,0,1,0,0
يتنفس,0,0,0,0,0,0,0,0,0,0
المؤخرة,0,0,0,0,0,0,0,0,0,0
المؤخرات,0,0,0,0,0,0,0,0,0,0
تربية,0,0,0,0,0,0,0,0,0,0
مربي,0,0,0,0,0,0,0,0,0,0
تربية,0,0,0,0,0,0,0,0,0,0
نسيم,0,0,0,0,0,0,0,0,0,0
منسم,0,0,0,0,0,0,0,0,0,0
الاخوة,0,0,0,0,0,0,0,0,0,0
بريف,0,0,0,0,0,0,0,0,0,0
الإيجاز,0,0,0,0,0,0,0,0,0,0
الشراب,0,0,0,0,0,0,0,0,0,0
تخمير,0,0,0,0,0,0,0,0,0,0
رشوة,0,0,0,0,0,1,0,0,0,0
الرشوة,0,0,1,0,0,1,0,0,0,0
قالب طوب,0,0,0,0,0,0,0,0,0,0
زفافي,0,1,0,0,1,0,1,0,0,1
عروس,0,1,0,0,1,0,1,0,0,1
العريس,0,1,0,0,1,0,1,0,0,1
إشبينة العروس,0,0,0,0,1,0,1,0,0,1
كوبري,0,0,0,0,0,0,0,0,0,0
لجام,0,0,0,0,0,0,0,0,0,0
موجز,0,0,0,0,0,0,0,0,0,0
العميد,0,0,0,0,0,0,0,0,0,0
الفرقة,0,0,0,1,0,1,0,0,0,0
سطع,0,0,0,0,1,0,1,0,1,1
سطوع,0,0,0,0,0,0,1,0,0,0
متألق,0,1,0,0,1,0,1,0,0,1
حافة,0,0,0,0,0,0,0,0,0,0
ممتلئ,0,0,0,0,0,0,0,0,0,0
كبريت,1,0,0,1,0,1,0,0,0,0
محلول ملحي,0,0,0,0,0,0,0,0,0,0
احضر,0,0,0,0,0,0,0,0,0,0
حافة,0,0,0,0,0,0,0,0,0,0
انتعش,0,0,0,0,0,0,0,0,0,0
الشعر الخشن,0,0,0,0,0,1,0,0,0,0
هش,0,0,0,0,0,0,0,0,0,0
إذاعة,0,0,0,0,0,0,0,0,0,0
انتقاد,0,1,0,0,0,1,0,0,0,0
الديباج,0,0,0,0,0,0,1,0,0,0
كراسة,0,0,0,0,0,0,0,0,0,0
شواء,1,0,0,0,0,1,0,0,0,0
حطم,0,0,0,1,0,1,0,1,0,0
مكسور,1,0,0,1,0,1,0,1,0,0
سمسار,0,0,0,0,0,0,0,0,0,0
السمسرة,0,0,0,0,0,0,0,0,0,0
برونكو,0,0,0,0,0,0,0,0,0,0
البرونز,0,0,0,0,0,0,0,0,0,0
الحضنة,0,0,0,0,0,0,0,0,0,0
تفكير,0,0,0,0,0,0,0,0,0,0
جدول,0,0,0,0,0,0,0,0,0,0
مكنسة,0,0,0,0,0,0,0,0,0,0
مرق,0,0,0,0,0,0,0,0,0,0
بيت دعارة,0,0,1,0,0,1,0,0,0,0
شقيق,0,0,0,0,0,0,1,0,0,1
أخوة,0,0,0,0,0,0,1,0,0,1
أخوي,0,1,0,0,1,0,1,0,0,1
جبين,0,0,0,0,0,0,0,0,0,0
بنى,0,0,0,0,0,0,0,0,0,0
كدمة,0,1,0,0,0,1,0,0,0,0
امرأة سمراء,0,0,0,0,0,0,0,0,0,0
وطأة,1,0,0,0,0,1,0,0,0,0
فرشاة,0,0,0,0,0,0,0,0,0,0
قاسِي,1,0,0,1,0,1,0,0,0,0
وحشية,1,0,0,1,0,1,0,0,0,0
غاشمة,1,0,0,1,0,1,0,1,0,0
فقاعة,0,0,0,0,0,0,0,0,0,0
محتدما,0,0,0,0,0,0,0,0,0,0
دولار,0,0,0,1,0,1,1,0,1,0
دلو,0,0,0,0,0,0,0,0,0,0
انبعاج,0,0,0,0,0,0,0,0,0,0
التوى,0,0,0,0,0,0,0,0,0,0
برعم,0,0,0,0,0,0,0,0,0,0
صاحب,0,1,0,0,1,0,1,0,0,1
تزحزح,0,0,0,0,0,0,0,0,0,0
الدخل,0,0,0,0,0,0,0,0,0,1
الجاموس,0,0,0,0,0,0,0,0,0,0
متعادل,0,0,0,0,0,0,0,0,0,0
بوفيه,1,0,0,0,0,1,0,0,0,0
حشرة,0,0,1,1,0,1,0,0,0,0
بوجابو,1,0,0,1,0,1,0,1,0,0
عربات التي تجرها الدواب,0,0,0,0,0,0,0,0,0,0
بوق,0,1,0,0,0,0,0,0,0,0
يبني,0,0,0,0,0,0,1,0,0,0
باني,0,0,0,0,0,0,0,0,0,0
بناء,0,0,0,0,0,0,1,0,0,0
البنايات,0,0,0,0,0,0,0,0,0,0
مصباح,0,0,0,0,0,0,0,0,0,0
بصلي الشكل,0,0,0,0,0,1,0,0,0,0
انتفاخ,0,0,0,0,0,0,0,0,0,0
حجم,0,0,0,0,0,0,0,0,0,0
حاجز إنشائي,0,0,0,0,0,0,0,0,0,0
ضخمة,0,0,0,0,0,0,0,0,0,0
ثور,0,0,0,0,0,0,0,0,0,0
بلدغ,0,0,0,0,0,0,1,0,0,0
جرافة,0,0,0,0,0,0,0,0,0,0
رصاصة,0,0,0,0,0,0,0,0,0,0
نشرة,0,0,0,0,0,0,0,0,0,0
ضد الرصاص,0,0,0,0,0,0,1,0,0,0
الثور,0,0,0,0,0,0,0,0,0,0
متنمر,1,0,0,1,0,1,0,0,0,0
حصن,0,0,0,0,0,0,0,0,0,0
متشرد,0,0,1,0,0,1,0,1,0,0
المشكله,1,0,1,0,0,1,0,0,0,0
صدم,0,0,0,0,0,0,0,0,0,0
كعكة,0,0,0,0,0,0,0,0,0,0
حزمة,0,0,0,0,0,0,0,0,0,0
حزمة,0,0,0,0,0,0,0,0,0,0
بيت من طابق واحد,0,0,0,0,0,0,0,0,0,0
سرير طوابق,0,0,0,0,0,0,0,0,0,0
القبو,0,0,0,1,0,0,0,0,0,0
بونت,0,0,0,0,0,0,0,0,0,0
عوامة,0,0,0,0,0,0,1,0,0,0
الطفو,0,0,0,0,0,0,0,0,0,0
بور,0,0,0,0,0,0,0,0,0,0
حرج,0,0,0,0,0,0,0,0,0,0
مرهق,0,0,0,1,0,1,0,1,0,0
مكتب,0,0,0,0,0,0,0,0,0,0
البيروقراطية,0,0,0,0,0,1,0,0,0,1
بيروقراطي,0,0,1,0,0,1,0,0,0,0
لص,0,0,1,1,0,1,0,0,0,0
السطو,0,0,0,0,0,1,0,0,0,0
دفن,1,0,0,1,0,1,0,1,0,0
مدفون,0,0,0,1,0,1,0,1,0,0
بورك,1,0,1,1,0,1,0,1,0,0
الخيش,0,0,0,0,0,0,0,0,0,0
هزلي,0,0,0,0,0,0,0,0,1,0
قوي البنية,0,0,0,0,0,0,0,0,0,0
حرق,0,0,0,0,0,0,0,0,0,0
حارق,0,0,0,0,0,0,0,0,0,0
احتراق,0,0,0,0,0,0,0,0,0,0
مصقول,0,0,0,0,0,0,0,0,0,0
احترق,0,0,0,0,0,0,0,0,0,0
أحرق,0,0,1,0,0,1,0,0,0,0
لدغ,0,0,0,0,0,0,0,0,0,0
جحر,0,0,0,0,0,0,0,0,0,0
منحة,0,0,0,0,0,0,0,0,0,1
دفن,0,0,0,0,0,0,0,1,0,0
أوتوبيس,0,0,0,0,0,0,0,0,0,0
دفع,0,0,0,0,0,0,0,0,0,0
بوشل,0,0,0,0,0,0,0,0,0,0
كثيف,0,0,0,0,0,0,0,0,0,0
اعمال,0,0,0,0,0,0,0,0,0,0
باص,0,0,0,0,1,0,1,0,0,0
إفلاس,0,0,0,0,0,0,0,0,0,0
تم الضبط عليه,1,0,0,1,0,1,0,0,0,0
صخب,0,0,0,0,0,0,0,0,0,0
صاخبة,0,0,0,0,0,0,0,0,0,0
مشغول,0,0,0,0,0,0,0,0,0,0
البيوتان,0,0,0,0,0,0,0,0,0,0
قصاب,1,0,1,1,0,1,0,0,0,0
كبير الخدم,0,0,0,0,0,0,1,0,0,1
بعقب,0,0,0,0,0,1,0,0,0,0
زبدة,0,0,0,0,0,0,0,0,0,0
فراشة,0,0,0,0,0,0,0,0,0,0
زبداني,0,0,0,0,0,0,1,0,0,0
ردف,0,0,0,0,0,0,0,0,0,0
زر,0,0,0,0,0,0,0,0,0,0
دعم,0,0,0,0,0,0,0,0,0,0
ممتلئة الجسم,0,0,0,0,0,0,1,0,0,0
يشترى,0,0,0,0,0,0,0,0,0,0
مشتر,0,0,0,0,0,0,0,0,0,0
شراء,0,0,0,0,0,0,0,0,0,0
شرب حتى الثمالة,0,1,0,1,0,0,1,0,0,0
حلقت,0,0,0,0,0,1,0,0,0,0
صفارة,0,0,0,0,0,0,0,0,0,0
وداعا,0,1,0,0,0,0,0,0,0,0
منصرم,0,0,0,0,0,0,0,0,0,0
اللائحة,0,0,0,0,0,0,0,0,0,1
المتفرج,0,0,0,0,0,0,0,0,0,0
بايت,0,0,0,0,0,0,0,0,0,0
سيارة أجرة,0,0,0,0,0,0,1,0,0,0
عصبة جمعية سرية,0,0,0,1,0,1,0,0,0,0
كرنب,0,0,0,0,0,0,0,0,0,0
الطائرة,0,0,0,0,0,0,0,0,0,0
خزانة,0,0,0,0,0,0,1,0,0,1
كابل,0,0,0,0,0,0,0,0,1,0
كابريوليه,0,0,0,0,0,0,0,0,0,0
مخبأ,0,0,0,0,0,0,0,0,0,0
نشاز,1,0,1,0,0,1,0,0,0,0
نذل - وغد,1,0,1,0,0,1,0,0,0,0
الجثة,0,0,1,1,0,1,0,1,1,0
العلبة,0,0,0,0,0,0,0,0,0,0
إيقاع,0,0,0,0,0,0,0,0,0,0
طالب,0,0,0,0,0,0,0,0,0,0
كافيه,0,0,0,0,0,0,1,0,0,0
قفص,0,0,0,0,0,1,0,1,0,0
ركام من حجارة,0,0,0,0,0,0,0,0,0,0
كيك,0,0,0,0,0,0,0,0,0,0
مصيبة,0,0,0,0,0,0,0,1,0,0
كلسي,0,0,0,0,0,0,0,0,0,0
احسب,0,0,0,0,0,0,0,0,0,0
محسوب,0,0,0,0,0,0,0,0,0,0
حساب,0,0,0,0,0,1,0,0,0,0
عملية حسابية,0,1,0,0,0,0,0,0,0,0
آلة حاسبة,0,0,0,0,0,0,1,0,0,1
حساب التفاضل والتكامل,0,0,0,0,0,0,0,0,0,0
تقويم,0,0,0,0,0,0,0,0,0,0
تقويم,0,0,0,0,0,0,0,0,0,0
عجل,0,0,0,0,1,0,1,0,0,1
عيار,0,0,0,0,0,0,0,0,0,0
معايرة,0,0,0,0,0,0,0,0,0,0
كاليكو,0,0,0,0,0,0,0,0,0,0
الفرجار,0,0,0,0,0,0,0,0,0,0
مكالمة,0,0,0,0,0,0,0,0,0,0
فن الخط,0,0,0,0,0,0,0,0,0,0
الاتصال,0,0,0,0,0,0,0,0,0,0
قاس,1,0,1,0,0,1,0,0,0,0
المكالمات,0,1,0,0,0,1,0,0,0,1
هدوء,0,0,0,0,0,0,1,0,0,0
الهدوء,0,0,0,0,0,0,0,0,0,0
سعرات حرارية,0,0,0,0,0,0,0,0,0,0
السعرات الحرارية,0,0,0,0,0,0,0,0,0,0
المسعر,0,0,0,0,0,0,0,0,0,0
كام,0,0,0,0,0,0,0,0,0,0
تقوس,0,0,0,0,0,0,0,0,0,0
جمل,0,0,0,0,0,0,0,0,0,0
حجاب,0,0,0,0,0,0,0,0,0,0
مصور,0,0,0,0,0,0,0,0,0,0
قميص قصير,0,0,0,0,0,0,0,0,0,0
تمويه,0,0,0,0,0,0,0,0,1,0
مموهة,0,0,0,0,0,0,0,0,1,0
معسكر,0,0,0,0,0,0,0,0,0,0
الحملة الانتخابية,0,0,0,0,0,0,0,0,0,0
مناضل,0,0,0,0,0,0,0,0,0,0
الحملات,1,0,0,1,0,1,0,0,0,0
الحرم الجامعي,0,0,0,0,0,0,0,0,0,0
قناة,0,0,0,0,0,0,0,0,0,0
الكناري,0,0,0,0,0,0,1,0,0,0
إلغاء,0,0,0,0,0,1,0,1,0,0
الإلغاء,0,0,0,0,0,0,0,0,0,0
إلغاء,0,0,0,0,0,0,0,0,0,0
سرطان,1,0,1,1,0,1,0,1,0,0
صريح,0,1,0,0,1,0,1,0,1,1
ترشيح,0,0,0,0,0,0,0,0,0,0
مُرَشَّح,0,0,0,0,0,0,1,0,0,0
ملبس,0,0,0,0,0,0,1,0,0,0
شمعة,0,0,0,0,0,0,0,0,0,0
على ضوء الشموع,0,0,0,0,0,0,0,0,0,0
شمعدان,0,0,0,0,0,0,0,0,0,0
الصراحة,0,0,0,0,0,0,0,0,0,0
حلويات,0,0,0,0,0,0,0,0,0,0
قصب,1,0,0,1,0,0,0,0,0,0
كلاب,0,0,0,0,0,0,0,0,0,0
علبة,0,0,0,0,0,0,0,0,0,0
آفة,1,0,1,0,0,1,0,0,0,0
آكلي لحوم البشر,0,0,1,1,0,1,0,0,0,0
أكل لحوم البشر,0,0,1,0,0,1,0,0,0,0
تعليب,0,0,0,0,0,0,0,0,0,0
مدفع,1,0,0,1,0,1,0,0,0,0
قارب,0,0,0,0,0,0,0,0,0,0
الكنسي,0,0,0,0,0,0,0,0,0,0
العنوان الأساسي,0,0,0,0,0,0,0,0,0,0
شرائع,0,0,0,0,0,0,0,0,0,1
ظلة,0,0,0,0,0,0,0,0,0,0
مقصف,0,0,0,0,0,0,0,0,0,0
كانتربري,0,0,0,0,0,0,0,0,0,0
ناتئ,0,0,0,0,0,0,0,0,0,0
كانتو,0,0,0,0,0,0,0,0,0,0
كانتون,0,0,0,0,0,0,0,0,0,0
اللوحة القماشية,0,0,0,0,0,0,0,0,0,0
تحضر,0,0,0,0,0,0,0,0,0,0
قبعة,0,1,0,0,0,0,0,0,0,1
الإمكانية,0,0,0,0,0,0,0,0,0,0
قادر,0,0,0,0,0,0,0,0,0,0
الاهلية,0,0,0,0,0,0,0,0,0,0
رداء,0,0,0,0,0,0,0,0,0,0
القبر,0,0,0,0,0,0,0,0,0,0
شعري,0,0,0,0,0,0,0,0,0,0
رأس المال,0,0,0,0,0,0,0,0,0,0
رأسمالي,0,0,0,0,0,0,1,0,0,0
العواصم,0,0,0,0,0,0,0,0,0,0
الأجرة على الفرد,0,0,0,0,0,0,0,0,0,0
الكابيتول,0,0,0,0,0,0,0,0,0,0
استسلام,0,0,0,0,0,0,0,0,0,0
نزوة,0,0,0,0,0,0,0,0,0,0
متقلب,0,0,0,0,0,0,0,0,0,0
قبعات,0,0,0,0,0,0,0,0,0,0
كبسولة,0,0,0,0,0,0,0,0,0,0
قائد المنتخب,0,0,0,0,0,0,1,0,0,0
شرح,0,0,0,0,0,0,0,0,0,0
يأسر,0,1,0,0,1,0,1,0,1,1
آسر,0,0,0,0,0,0,1,0,0,0
أسير,0,0,0,1,0,1,0,1,0,0
أسر,0,0,0,0,0,1,0,1,0,0
الآسر,0,0,0,1,0,1,0,0,0,0
إلتقاط,0,0,0,0,0,1,0,0,0,0
جمل,0,0,0,0,0,0,0,0,0,0
الكراميل,0,0,0,0,0,0,0,0,0,0
قيراط,0,0,0,0,0,0,0,0,0,0
المنزل المتنقل,0,0,0,0,0,0,0,0,0,0
كربون,0,0,0,0,0,0,0,0,0,0
الذبيحة,0,0,1,1,0,1,0,1,0,0
سرطان,0,0,0,1,0,1,0,1,0,0
بطاقة,0,0,0,0,0,0,0,0,0,0
كارديجان,0,0,0,0,0,0,0,0,0,0
أساسي,0,0,0,0,0,0,0,0,0,0
اعتلال عضلة القلب,0,0,0,1,0,1,0,1,0,0
البطاقات,0,0,0,0,0,0,0,0,0,0
رعاية,0,0,0,0,0,0,0,0,0,0
مسار مهني مسار وظيفي,0,1,0,0,0,0,1,0,0,0
حذر,0,0,0,0,0,0,1,0,0,0
بحرص,0,0,0,0,0,0,1,0,0,0
إهمال,1,0,1,0,0,1,0,0,0,0
عناق,0,0,0,0,0,0,1,0,0,0
علامة الإقحام,0,0,0,0,0,0,0,0,0,0
القائم بأعمال,0,0,0,0,0,0,1,0,0,1
البضائع,0,0,0,0,0,0,0,0,0,0
الوعل,0,0,0,0,0,0,0,0,0,0
كاريكاتير,0,0,0,0,0,1,0,0,0,0
تسوس,0,0,1,0,0,1,0,0,0,0
مذبحة,1,0,1,1,0,1,0,1,1,0
جسدي,0,0,0,0,0,1,0,0,0,0
قرنفل,0,0,0,0,0,0,0,0,0,0
لاحم,0,0,0,1,0,1,0,0,0,0
كارول,0,0,0,0,1,0,1,0,0,1
دائري,0,0,0,0,0,0,0,0,0,0
النجار,0,0,0,0,0,0,0,0,0,0
عربه قطار,0,0,0,0,0,0,0,0,0,0
حمل,0,0,0,0,0,0,0,0,0,0
الناقل,0,0,0,0,0,0,0,0,0,0
احمل,0,0,0,0,0,0,0,0,0,0
حمل,0,0,0,0,0,0,0,0,0,0
عربة التسوق,0,0,0,0,0,0,0,0,0,0
كارتل,0,0,0,0,0,1,0,0,0,0
كارتر,0,0,0,0,0,0,0,0,0,0
غضروف,0,0,0,0,0,0,0,0,0,0
رسم الخرائط,0,0,0,0,0,0,0,0,0,0
رسم الخرائط,0,0,0,0,0,0,0,0,0,0
كرتون,0,0,0,0,0,0,0,0,0,0
خرطوش,0,0,0,0,0,0,0,0,0,0
خرطوشة,0,0,0,1,0,0,0,0,0,0
نحت,0,0,0,0,0,0,0,0,0,0
كارفر,0,0,0,0,0,0,0,0,0,0
نحت,0,0,0,0,0,0,0,0,0,0
تتالي,0,0,0,0,0,0,1,0,0,0
قضية,0,0,0,1,0,1,0,1,0,0
الكازين,0,0,0,0,0,0,0,0,0,0
السيولة النقدية,1,1,0,1,1,0,1,0,0,1
أمين الصندوق,0,0,0,0,0,0,0,0,0,1
الكشمير,0,0,0,0,0,0,0,0,0,0
غلاف,0,0,0,0,0,0,0,0,0,0
كازينو,0,0,0,0,0,0,0,0,0,0
برميل خشبي,0,0,0,0,0,0,0,0,0,0
النعش,0,0,0,1,0,1,0,1,0,0
يقذف,0,0,0,0,0,0,0,0,0,0
طبقة,0,0,0,0,0,1,0,0,0,0
عجلة الكراسي,0,0,0,0,0,0,0,0,0,0
قلعة,0,0,0,0,0,0,0,0,0,0
خروع,0,0,0,0,0,0,0,0,0,0
عارض,0,0,0,0,0,0,0,0,0,0
بإهمال,0,0,0,0,0,0,0,0,0,0
ضحية,1,0,0,1,0,1,0,1,0,0
قطة,0,0,0,0,0,0,0,0,0,0
الهدم,0,0,0,0,0,0,0,0,0,0
فهرس,0,0,0,0,0,0,0,0,0,0
فهرس,0,0,0,0,0,0,0,0,0,0
الحفز,0,0,0,0,0,0,0,0,0,0
المحفز,0,0,0,0,0,0,0,0,0,0
طوف,0,0,0,0,0,0,0,0,0,0
المنجنيق,0,0,0,0,0,0,0,0,0,0
إعتمام عدسة العين,0,1,0,1,0,1,0,1,0,0
نكبة,1,0,1,1,0,1,0,1,1,0
قبض على,0,0,0,0,0,0,0,0,1,0
اصطياد,0,0,0,0,0,0,0,0,0,0
التعليم المسيحي,0,0,1,0,0,0,0,0,0,0
قاطع,0,0,0,0,0,0,1,0,0,0
الفئة,0,0,0,0,0,0,0,0,0,0
زود الطعام,0,0,0,0,0,0,1,0,0,0
متعهد,0,0,0,0,0,0,0,0,0,0
يرقة,0,0,0,0,0,0,0,0,0,0
كاتس,0,0,0,0,0,0,0,0,0,0
مسهل,0,0,0,0,0,0,1,0,0,0
كاتدرائية,0,0,0,0,1,0,1,0,0,1
القسطرة,0,0,0,0,0,1,0,0,0,0
النعناع البري,0,0,0,0,0,0,0,0,0,0
ماشية,0,0,0,0,0,0,0,0,0,0
تجمع,0,0,0,0,0,0,0,0,0,0
الذيلية,0,0,0,0,0,0,0,0,0,0
يسد,0,0,0,0,0,0,0,0,0,0
سببي,0,0,0,0,0,0,0,0,0,0
السببية,0,0,0,0,0,0,0,0,0,0
التسبب بالشىء,0,0,0,0,0,0,0,0,0,0
تسبب,0,0,0,0,0,0,0,0,0,0
جسر,0,0,0,0,0,0,0,0,0,0
حذر,1,1,0,1,0,1,0,0,0,0
تحذيري,0,0,0,1,0,0,0,0,0,0
الحذر,0,1,0,1,0,0,1,0,0,1
بحذر,0,0,0,1,0,0,1,0,0,0
سلاح الفرسان,0,0,0,0,0,0,0,0,0,0
كهف,0,0,0,0,0,0,0,0,0,0
تنبيه قضائي,0,0,0,0,0,0,0,0,0,0
كهف,0,0,0,0,0,0,0,0,0,0
كهفي,0,0,0,0,0,0,0,0,0,0
تجويف,0,0,0,0,0,0,0,0,0,0
حريف,0,0,0,0,0,0,0,0,0,0
انقطع,0,0,0,0,0,0,0,0,0,0
لا ينقطع,0,0,0,0,0,0,0,0,0,0
التنازل,0,0,0,0,0,1,0,0,0,0
السقف,0,0,0,0,0,0,0,0,0,0
محتفل,0,0,0,0,0,0,0,0,0,0
احتفل,0,1,0,0,1,0,1,0,0,0
الاحتفال,0,1,0,0,1,0,1,0,0,0
احتفال,0,1,0,0,1,0,1,0,1,1
نجاح كبير,1,1,1,0,1,1,1,0,1,1
سماوي,0,1,0,0,1,0,1,0,0,0
العزوبة,0,0,0,0,0,0,0,0,0,0
زنزانة,0,0,0,0,0,0,0,0,0,0
قبو,0,0,0,0,0,0,0,0,0,0
الخلوية,0,0,0,0,0,0,0,0,0,0
شريط سينمائي,0,0,0,0,0,0,0,0,0,0
يبني,0,1,0,0,0,0,0,0,0,1
عزز,0,0,0,0,0,0,0,0,0,0
مقبرة,0,0,0,1,0,1,0,1,0,0
الرقيب,1,0,1,1,0,1,0,0,0,1
لوم,0,0,0,0,0,1,0,0,0,0
التعداد,0,0,0,0,0,0,0,0,0,0
سنت,0,0,0,0,0,0,0,0,0,0
المئوية,0,0,0,0,0,0,0,0,0,0
المئوية,0,0,0,0,0,0,0,0,0,0
المركز,0,0,0,0,0,0,1,0,0,1
سنتيمتر,0,0,0,0,0,0,0,0,0,0
وسط,0,0,0,0,0,0,0,0,0,0
المركزية,0,0,0,0,0,0,0,0,0,0
المركزية,0,0,0,0,0,0,0,0,0,0
تمركز,0,0,0,0,0,0,0,0,0,0
مركزيا,0,0,0,0,0,0,0,0,0,0
نابذة,0,0,0,0,0,0,0,0,0,0
جهاز الطرد المركزي,0,0,0,0,0,0,0,0,0,0
قائد المئة,0,0,0,0,0,0,1,0,0,0
مئة عام,0,0,0,0,0,0,0,0,0,0
سيراميك,0,0,0,0,0,0,0,0,0,0
حبوب,0,0,0,0,0,0,0,0,0,0
الحبوب,0,0,0,0,0,0,0,0,0,0
دماغي,0,0,0,0,0,0,1,0,0,0
احتفالية,0,0,0,0,0,0,0,0,0,0
مراسم,0,0,0,0,1,0,1,0,1,0
السياقات,0,0,0,0,0,0,1,0,0,0
شهادة,0,0,0,0,0,0,0,0,0,0
يشهد,0,0,0,0,0,0,0,0,0,1
ضريبة,0,0,1,0,0,1,0,0,0,0
وقف,0,0,0,0,0,1,0,0,0,0
قشر,1,0,0,1,0,1,0,0,0,0
الغضب,0,0,0,0,0,1,0,0,0,0
استياء,0,0,1,0,0,1,0,1,0,0
سلسلة,0,0,0,0,0,0,0,0,0,0
كرسي,0,0,0,0,0,0,0,0,0,0
رئيس,0,0,0,0,0,0,1,0,0,1
رئيس,0,0,0,0,0,0,0,0,0,0
رئيسة,0,0,0,0,0,0,1,0,0,1
كرسي,0,0,0,0,0,0,0,0,0,0
شاليه,0,0,0,0,0,0,0,0,0,0
كأس,0,0,0,0,0,0,0,0,0,0
الطباشير,0,0,0,0,0,0,0,0,0,0
تحدي,1,0,0,1,0,1,0,0,0,0
غرفة,0,0,0,0,0,0,0,0,0,0
الغرف,0,0,0,0,0,0,0,0,0,0
حرباء,0,0,0,0,0,0,0,0,0,0
شامبانيا,0,0,0,0,0,0,0,0,0,0
بطل,0,1,0,0,1,0,1,0,0,1
صدفة,0,0,0,0,0,0,0,0,1,0
المستشار,0,0,0,0,0,0,0,0,0,1
الثريا,0,0,0,0,0,0,0,0,0,0
تشاندلر,0,0,0,0,0,0,0,0,0,0
يتغيرون,0,0,0,1,0,0,0,0,0,0
قابل للتغيير,0,1,0,0,0,0,0,0,1,0
تغير,0,0,0,0,0,0,0,0,0,0
المغير,0,0,0,0,0,0,0,0,0,0
المتغيرة,0,0,0,0,0,0,0,0,0,0
قناة,0,0,0,0,0,0,0,0,0,0
ترنيمة,1,1,0,0,1,0,1,0,1,0
فوضى,1,0,0,1,0,1,0,1,0,0
فوضوية,1,0,0,0,0,1,0,0,0,0
الفصل,0,0,0,0,0,0,0,0,0,0
كنيسة صغيرة,0,0,0,0,0,0,0,0,0,0
قسيس,0,0,0,0,0,0,0,0,0,1
تشابمان,0,0,0,0,0,0,0,0,0,0
الفصول,0,0,0,0,0,0,0,0,0,0
الفصل,0,0,0,0,0,0,0,0,0,0
شار,0,0,0,0,0,0,0,0,0,0
حرف,0,0,0,0,0,0,0,0,0,0
صفة مميزة,0,0,0,0,0,0,0,0,0,0
تميز,0,0,0,0,0,0,0,0,0,0
تمثيلية,0,0,0,0,0,1,0,0,0,0
فحم,0,0,0,0,0,0,0,0,0,0
تكلفة,0,0,0,0,0,0,0,0,0,0
تحميل,0,0,0,1,0,1,0,1,0,0
شاحن,0,0,0,0,0,0,1,0,0,0
عربة,0,0,0,0,0,0,0,0,0,0
الخيرية,0,1,0,0,1,0,1,0,0,1
الاعمال الخيرية,0,0,0,0,1,0,1,0,0,0
سحر,0,0,0,0,0,0,1,0,0,0
سحر,0,0,0,0,1,1,1,0,0,0
ساحر,0,0,0,0,0,0,0,0,0,0
ساحر,0,0,0,0,0,0,1,0,0,0
جدول,0,0,0,0,0,0,0,0,0,1
الميثاق,0,0,0,0,0,0,0,0,0,0
القانوني,0,0,0,0,0,0,0,0,0,0
مطاردة,0,0,0,0,0,1,0,0,0,0
هوة,0,0,0,1,0,0,0,0,0,0
تأديب,0,0,0,0,0,1,0,0,0,0
العفة,0,1,0,0,0,0,1,0,0,1
دردشة,0,0,0,0,0,0,0,0,0,0
قصر,0,0,0,0,0,0,0,0,0,0
الثرثرة,0,0,0,0,0,0,0,0,0,0
الثرثرة,0,0,0,0,0,0,1,0,0,0
ثرثرة,0,0,0,0,0,1,0,0,0,0
سائق,0,0,0,0,0,0,0,0,0,0
رخيص,0,0,0,0,0,1,0,0,0,0
يغش,1,0,1,0,0,1,0,0,0,0
التحقق من,0,0,0,0,0,0,0,0,0,0
فاحص,0,0,0,0,0,0,0,0,0,0
متقلب,0,0,0,0,0,0,0,0,0,0
لعبة الداما,0,0,0,0,0,0,0,0,0,0
قائمة تدقيق,0,0,0,0,0,0,1,0,0,1
الخد,0,0,0,0,0,0,0,0,0,0
الخدين,0,0,0,0,0,0,0,0,0,0
رخص,0,0,0,0,0,0,0,0,0,0
يشجع,0,1,0,0,1,0,1,0,1,1
مبتهج,0,0,0,0,1,0,1,0,1,0
البهجة,0,1,0,0,1,0,1,0,0,1
هتاف,0,0,0,0,1,0,1,0,0,0
مبتهج,0,1,0,0,1,0,1,0,0,0
تشيز كيك,0,0,0,0,0,1,0,0,0,0
الفهد,0,0,0,0,0,0,0,0,0,0
قميص,0,0,0,0,0,0,0,0,0,0
كيميائي,0,0,0,0,0,0,1,0,0,1
كيمياء,0,0,0,0,0,0,0,0,0,0
التحقق من,0,0,0,0,0,0,0,0,0,0
يعتز,0,1,0,0,1,0,1,0,1,1
كرز,0,0,0,0,0,0,1,0,0,0
شطرنج,0,0,0,0,0,0,0,0,0,0
صدر,0,0,0,0,0,0,0,0,0,0
كستناء,0,0,0,0,0,0,0,0,0,0
شيفرون,0,0,0,0,0,0,0,0,0,0
مضغ,0,0,0,0,0,0,0,0,0,0
أناقة,0,0,0,0,0,0,0,0,0,0
منعطف صناعي,0,1,0,0,0,1,0,0,1,1
دجاج,0,0,0,1,0,0,0,0,0,0
رئيس,0,0,0,0,0,0,0,0,0,0
على رأسها,0,0,0,0,0,0,0,0,0,0
زعيم,0,0,0,0,0,0,1,0,0,0
طفل,0,1,0,0,1,0,1,0,0,0
الولادة,0,0,0,0,0,0,0,0,0,0
مرحلة الطفولة,0,0,0,0,1,0,1,0,0,0
طفولي,0,0,0,0,0,1,0,0,0,0
برد,0,0,0,0,0,0,0,0,0,0
حار,0,0,0,0,0,1,0,0,0,0
تتناغم,0,0,0,0,0,0,0,0,0,0
الوهم,0,0,0,1,0,0,0,0,1,0
الدقات,0,0,0,0,0,0,0,0,0,0
مدخنة,0,0,0,0,0,0,0,0,0,0
الصين,0,0,0,0,0,0,0,0,0,0
عمود فقري,0,0,0,0,0,0,0,0,0,0
شينوك,0,0,0,0,0,0,0,0,0,0
رقاقة,0,0,0,0,0,0,0,0,0,0
التقطيع,0,0,0,0,0,0,0,0,0,0
غرد,0,0,0,0,1,0,1,0,0,0
إزميل,0,0,0,0,0,0,1,0,0,0
شيت,0,0,0,0,0,0,0,0,0,0
الفروسية,0,0,0,0,0,0,1,0,0,0
الكلوروفورم,0,0,0,0,0,1,0,0,0,0
شوكولاتة,0,1,0,0,1,0,1,0,0,1
خيار,0,0,0,0,0,0,1,0,0,0
الكورال,0,0,0,0,1,0,1,0,0,1
خنق,1,0,0,0,0,1,0,1,0,0
كوليرا,0,0,1,1,0,1,0,1,0,0
يختار,0,0,0,0,0,0,0,0,0,0
اختيار,0,0,0,0,0,0,0,0,0,0
يقطع,0,0,0,0,0,1,0,0,0,0
تقطيع,0,0,0,0,0,0,0,0,0,0
القطع,0,0,0,0,0,0,0,0,0,0
كورال,0,0,0,0,1,0,1,0,0,0
الحبال,0,0,0,0,0,0,0,0,0,0
عمل روتيني,0,0,0,0,0,1,0,0,0,0
جوقة,0,0,0,0,0,0,1,0,0,0
اختيار,0,0,0,0,0,0,1,0,0,0
حساء الشودر,0,0,0,0,0,0,1,0,0,0
التعميد,0,0,0,0,0,0,0,0,0,0
لوني,0,0,0,0,0,0,0,0,0,0
كروماتوغرافيا,0,0,0,0,0,0,0,0,0,0
كروموسوم,0,0,0,0,0,0,0,0,0,0
مزمن,0,0,0,0,0,1,0,1,0,0
تسجيل الأحداث,0,0,0,0,0,0,1,0,0,1
كرونوغراف,0,0,0,0,0,0,0,0,0,0
مرتب زمنيًا,0,0,0,0,0,0,0,0,0,0
تشاك,0,0,0,0,0,0,0,0,0,0
ضحكة مكتومة,0,1,0,0,1,0,1,0,1,1
قطعة,0,0,0,0,0,0,0,0,0,0
مكتنزة,0,0,0,0,0,0,0,0,0,0
كنيسة,0,1,0,0,1,0,1,0,0,1
فناء الكنيسة,0,0,0,0,0,0,0,0,0,0
"يخض، يحرك بعنف",0,0,0,0,0,0,0,0,0,0
شلال,0,0,0,0,0,0,0,0,0,0
الصلصة,0,0,0,0,0,0,0,0,0,0
ciao,0,0,0,0,0,0,0,0,0,0
عصير التفاح,0,0,0,0,0,0,1,0,0,0
سيجار,0,0,0,0,0,0,0,0,0,0
سيجارة,0,0,0,0,0,1,0,0,0,0
سهل جدا,0,0,0,0,0,0,0,0,0,0
جمرة,0,0,0,0,0,0,0,0,0,0
سينما,0,0,0,0,0,0,0,0,0,0
المصور السينمائي,0,0,0,0,0,0,0,0,0,0
تصوير سينمائي,0,0,0,0,0,0,0,0,0,0
قرفة,0,0,0,0,0,0,0,0,0,0
الشفرة,0,0,0,0,0,0,0,0,0,0
دائرة,0,0,0,0,0,0,0,0,0,0
يدور,0,0,0,0,0,0,0,0,0,0
دائرة كهربائية,0,0,0,0,0,0,0,0,0,0
دائري,0,0,0,0,0,0,0,0,0,0
تعميم,0,0,0,0,0,0,0,0,0,0
الدوران,0,0,0,0,0,0,0,0,0,0
ختان,0,0,0,0,0,0,1,0,0,0
محيط,0,0,0,0,0,0,0,0,0,0
كفافي,0,0,0,0,0,0,0,0,0,0
مقيد,0,0,0,0,0,0,0,0,0,0
ظرف,0,0,0,0,0,0,0,0,0,0
ظرفية,0,0,0,0,0,0,0,0,0,0
التحايل,0,0,0,0,0,1,1,0,0,0
سيرك,0,0,0,0,0,0,0,0,0,0
سيروس,0,0,0,0,0,0,0,0,0,0
صهريج,0,0,0,0,0,0,0,0,0,0
قلعة,0,0,0,0,0,0,0,0,0,0
الاقتباس,0,0,0,0,0,0,0,0,0,0
مواطن,0,0,0,0,0,0,1,0,0,0
السترين,0,0,0,0,0,0,0,0,0,0
مدينة,0,0,0,0,0,0,0,0,0,0
مدني,0,0,0,0,0,0,0,0,0,0
مدني,0,0,0,0,0,0,1,0,0,0
مدني,0,0,0,0,0,0,0,0,0,0
الكياسة,0,0,0,0,0,0,1,0,0,0
الحضارة,0,0,0,0,0,0,1,0,0,1
متحضر,0,0,0,0,1,0,1,0,0,1
يرتدون,0,0,0,0,0,0,0,0,0,0
مطالبة,0,0,0,0,0,0,0,0,0,0
المدعي,1,0,1,0,0,0,0,0,0,0
مستبصر,0,0,0,0,0,0,1,0,0,0
هادئة,0,0,0,0,0,0,0,0,0,0
صخب,1,1,1,0,0,1,0,0,1,0
المشبك,0,0,0,0,0,0,0,0,0,0
عشيرة - قبيلة,0,0,0,0,0,0,0,0,0,1
سرية,0,0,0,0,0,0,0,0,0,0
صفق,0,1,0,0,1,0,1,0,0,1
يوضح,0,0,0,0,0,0,1,0,0,0
الكلارينيت,0,0,0,0,0,0,0,0,0,0
نهار,0,0,0,0,0,0,0,0,0,0
وضوح,0,0,0,0,0,0,0,0,0,0
اشتباك,1,0,0,0,0,1,0,0,0,0
تصادم,1,0,0,1,0,1,0,0,0,0
مشبك,0,0,0,0,0,0,0,0,0,0
صف دراسي,0,0,0,0,0,0,0,0,0,0
كلاسيكي,0,0,0,0,0,0,1,0,0,0
كلاسيكي,0,0,0,0,0,0,1,0,0,0
كلاسيكيات,0,0,0,0,1,0,1,0,0,0
تصنيف,0,0,0,0,0,0,0,0,0,0
صنف,0,0,0,0,0,0,1,0,0,0
زميل الصف,0,0,0,0,0,0,0,0,0,0
قعقعة,0,0,0,0,0,0,0,0,0,0
بند,0,0,0,0,0,0,0,0,0,0
شروط,0,0,0,0,0,0,0,0,0,0
مخلب,1,0,0,1,0,1,0,0,0,0
مخالب,0,0,0,0,0,0,0,0,0,0
طين,0,0,0,0,0,0,0,0,0,0
ينظف,0,0,0,0,1,0,1,0,0,1
تنظيف,0,0,0,0,0,0,1,0,0,0
النظافة,0,0,0,0,0,0,1,0,0,0
نظيف,0,0,0,0,0,0,1,0,0,0
تطهير,0,0,0,0,0,0,1,0,0,0
تطهير,0,0,0,0,0,0,1,0,0,0
تخليص,0,0,0,0,0,0,1,0,0,1
المقاصة,0,0,0,0,0,0,0,0,0,0
الوضوح,0,0,0,0,0,0,1,0,0,0
انقسام,0,0,0,0,0,0,0,0,0,0
تشق,0,0,0,1,0,0,0,0,0,0
المفتاح الموسيقي,0,0,0,0,0,0,0,0,0,0
شق,0,0,0,0,0,0,0,0,0,0
الرأفة,0,0,0,0,0,0,0,0,0,0
رجال الدين,0,0,0,0,0,0,0,0,0,0
قس,0,0,0,0,0,0,0,0,0,0
شغل مكتبي,0,0,0,0,0,0,1,0,0,1
كاتب ملفات,0,0,0,0,0,0,0,0,0,0
الكتبة,0,0,0,0,0,0,0,0,0,0
ماهر,0,0,0,0,0,0,1,0,0,0
ذكاء,0,0,0,0,0,0,1,0,0,0
انقر,0,0,0,0,0,0,0,0,0,0
عميل,0,0,0,0,0,0,0,0,0,0
الزبائن,0,0,0,0,0,0,0,0,0,0
جرف,0,0,0,1,0,0,0,0,0,0
مناخ,0,0,0,0,0,0,0,0,0,0
علم المناخ,0,0,0,0,0,0,0,0,0,0
ذروة,0,1,0,0,1,0,1,0,1,1
تسلق,0,0,0,0,0,0,0,0,0,0
تشبث,0,0,0,0,0,0,0,0,0,0
مقطع,0,0,0,0,0,0,0,0,0,0
مجز أو مقلمة,0,0,0,0,0,0,0,0,0,0
لقطة,0,0,0,0,0,0,0,0,0,0
زمرة,0,0,0,0,0,0,0,0,0,0
عباءة,0,0,0,0,0,0,0,0,0,0
ساعة حائط,0,1,0,0,0,0,0,0,0,0
تصورها,0,0,0,0,0,0,0,0,0,0
تسد,0,0,0,0,0,0,0,0,0,0
الدير,0,0,0,0,0,1,0,0,0,0
أغلق,0,0,0,0,0,0,0,0,0,0
مغلق,0,0,0,0,0,0,0,0,0,0
القرب,0,0,0,0,1,0,1,0,0,1
خزانة,0,0,0,0,0,0,0,0,0,0
إنهاء,0,1,0,0,1,0,1,1,0,0
تجلط,0,0,0,0,0,0,0,0,0,0
قماش,0,0,0,0,0,0,0,0,0,0
الملبس,0,0,0,0,0,0,1,0,0,0
ملابس,0,0,0,0,0,0,0,0,0,0
حبل الغسيل,0,0,0,0,0,0,0,0,0,0
ملابس,0,0,0,0,0,0,0,0,0,0
غيم,0,0,0,0,0,0,0,0,0,0
غائم,0,0,0,0,0,1,0,1,0,0
غائم,0,0,0,1,0,1,0,0,0,0
غائم,0,0,0,0,0,0,0,1,0,0
زهرة البرسيم,0,0,0,0,0,0,0,0,0,0
قرنفل,0,0,0,0,0,0,0,0,0,0
مهرج,0,1,0,0,1,0,1,0,1,0
النادي,0,0,0,0,0,0,0,0,0,0
النادي,0,0,0,0,0,0,0,0,0,0
النوادي,0,0,0,0,0,0,0,0,0,0
فكرة,0,1,0,0,0,0,0,0,0,0
أجمة,0,0,0,0,0,1,0,0,0,0
أخرق,0,0,1,0,0,1,0,0,0,0
تَجَمَّع,0,0,0,0,0,0,0,0,0,0
التشبث,0,0,0,0,0,0,0,0,0,0
براثن,0,0,0,0,0,0,0,0,0,0
ضوضاء,0,0,0,0,0,0,0,0,0,0
مدرب رياضي,0,0,0,0,0,0,0,0,0,1
تجلط الدم,0,0,0,0,0,0,0,0,0,0
فحم,0,0,0,0,0,0,0,0,0,0
تتحد,0,0,0,0,0,0,0,0,0,1
الائتلاف,0,0,0,0,0,0,1,0,0,0
ساحل,0,0,0,0,0,0,1,0,0,0
ساحلي,0,0,0,0,0,0,0,0,0,0
كوستر,0,0,0,0,0,0,0,0,0,0
معطف,0,0,0,0,0,0,0,0,0,0
طلاء,0,0,0,0,0,0,0,0,0,0
اقناع,0,0,0,0,0,0,0,0,0,1
كوبالت,0,0,0,0,0,0,0,0,0,0
رصف,0,0,0,0,0,0,0,0,0,0
شراب مسكر,0,0,0,0,0,0,0,0,0,0
كوبرا,0,0,0,1,0,0,0,0,0,0
الكوكايين,0,0,0,0,0,1,0,1,0,0
الديك,0,0,0,0,0,0,0,0,0,0
مقصورة الطيار,0,0,0,0,0,0,0,0,0,0
كوكتيل,0,0,0,0,0,0,0,0,0,0
كاكاو,0,0,0,0,0,0,0,0,0,0
شرنقة,0,0,0,0,0,0,0,0,0,0
سمك القد,0,0,0,0,0,0,0,0,0,0
الشفرة,0,0,0,0,0,0,0,0,0,0
المخطوطة,0,0,0,0,0,0,0,0,0,0
التقنين,0,0,0,0,0,0,0,0,0,0
جمع القوانين و ينسقها,0,0,0,0,0,0,0,0,0,0
معامل في الرياضيات او درجة,0,0,0,0,0,0,0,0,0,0
إكراه,1,0,1,1,0,1,0,0,0,0
إكراه,1,0,1,1,0,1,0,1,0,0
قسري,0,0,0,0,0,0,0,0,0,0
تعايش,0,0,0,0,0,0,1,0,0,1
التعايش,0,0,0,0,0,0,0,0,0,0
التعايش,0,0,0,0,0,0,0,0,0,1
قهوة,0,0,0,0,0,0,0,0,0,0
نعش,0,0,0,1,0,1,0,1,0,0
ترس,0,0,0,0,0,0,0,0,0,0
مقنع,0,0,0,0,0,0,1,0,0,1
مماثل,0,0,0,0,0,0,0,0,0,0
معرفة,0,0,0,0,0,0,0,0,0,0
الإدراكي,0,0,0,0,0,0,1,0,0,0
التعايش,0,0,0,0,0,0,0,0,0,0
منطق,0,0,0,0,0,0,1,0,0,0
متماسك,0,0,0,0,0,0,1,0,0,0
تماسك,0,0,0,0,0,0,0,0,0,1
متماسك,0,0,0,0,0,0,1,0,0,1
الفوج,0,0,0,0,0,0,0,0,0,0
لفه,0,0,0,0,0,0,0,0,0,0
ملفوف,0,0,0,0,0,0,0,0,0,0
عملة,0,0,0,0,0,0,0,0,0,0
سك العملة,0,0,0,0,0,0,0,0,0,0
تزامن,0,0,0,0,0,0,0,0,0,0
صدفة,0,0,0,0,0,0,0,0,1,0
صدفة,0,0,0,0,0,0,0,0,0,0
تزامن,0,0,0,0,0,0,0,0,0,0
فحم الكوك,0,0,0,0,0,0,0,0,0,0
البرد,0,0,0,0,0,1,0,0,0,0
ببرود,0,0,0,0,0,1,0,0,0,0
برودة,1,0,1,1,0,1,0,1,0,0
مغص,0,0,0,0,0,1,0,0,0,0
متعاون,0,0,0,0,0,0,0,0,0,1
انهدام,0,0,1,1,0,1,0,1,0,0
طوق,0,0,0,0,0,0,0,0,0,0
ترتيب,0,0,0,0,0,0,0,0,0,0
جانبية,0,0,0,0,0,0,0,0,0,1
التجميع,0,0,0,0,0,0,0,0,0,0
زميل,0,0,0,0,0,0,0,0,0,0
يجمع,0,0,0,0,0,0,0,0,0,0
جمعت,0,0,0,0,0,0,0,0,0,0
مجموعة,0,0,0,0,0,0,0,0,0,0
جماعي,0,0,0,0,0,0,0,0,0,0
جماعي,0,0,0,0,0,0,1,0,0,1
جامع,0,0,0,0,0,0,0,0,0,0
كلية,0,0,0,0,0,0,0,0,0,0
جامعي,0,0,0,0,0,0,0,0,0,0
تصطدم,0,0,0,0,0,0,0,0,0,0
كولي,0,0,0,0,0,0,0,0,0,0
تصادم,1,0,0,0,0,1,0,0,0,0
انتظام,0,0,0,0,0,0,0,0,0,0
عامية,0,0,0,0,0,0,0,0,0,0
تواطؤ,1,0,1,1,0,1,0,1,0,0
القولون,0,0,0,0,0,0,0,0,0,0
كولونيل,0,0,0,0,0,0,1,0,0,1
استعماري,0,0,0,0,0,0,0,0,0,0
مستعمرة,0,0,0,0,0,0,0,0,0,0
بيانات النسخ,0,0,0,0,0,0,0,0,0,0
اللون,0,0,0,0,0,0,0,0,0,0
تلوين,0,0,0,0,0,0,0,0,0,0
ملون,0,0,0,0,0,0,0,0,0,0
تلوين,0,0,0,0,0,0,0,0,0,0
عديم اللون,0,0,0,0,0,0,0,0,0,0
الألوان,0,0,0,0,0,0,0,0,0,0
هائلة,0,0,0,0,0,0,1,0,0,0
مسدس,0,0,0,0,0,0,0,0,0,0
عمودي,0,0,0,0,0,0,0,0,0,0
عمودي,0,0,0,0,0,0,0,0,0,0
غيبوبة,0,0,0,1,0,1,0,1,0,0
في حالة غيبوبة,0,0,0,1,0,1,0,1,0,0
مشط,0,0,0,0,0,0,0,0,0,0
قتال,1,0,0,1,0,1,0,0,0,0
مقاتل,1,0,0,1,0,1,0,0,0,0
قتالي,1,0,0,1,0,1,0,0,0,0
مزيج,0,0,0,0,0,0,0,0,0,0
التوافيقية,0,0,0,0,0,0,0,0,0,0
يجمع,0,0,0,0,0,0,0,0,0,0
مجموع,0,0,0,0,0,0,0,0,0,0
سريع الغضب,0,0,0,0,0,0,0,0,0,0
الإحتراق,0,0,0,0,0,0,0,0,0,0
كوميديا,0,0,0,0,0,0,0,0,0,0
المذنب,0,0,0,0,0,0,0,0,0,0
راحة,0,1,0,0,1,0,1,0,0,1
المعزي,0,0,0,0,0,0,0,0,0,0
رسوم متحركة,0,0,0,0,0,0,0,0,0,0
هزلي,0,0,0,0,0,0,0,0,0,0
آت,0,1,0,0,0,0,0,0,0,0
فاصلة,0,0,0,0,0,0,0,0,0,0
يأمر,0,0,0,0,0,0,0,0,0,0
قائد,0,0,0,0,0,0,1,0,0,1
قائد,0,0,0,0,0,0,0,0,0,0
آمر,0,0,0,0,0,0,1,0,0,1
إحياء ذكرى,0,1,0,0,1,0,1,1,0,0
ذكرى,0,1,0,0,1,0,1,0,0,0
تذكاري,0,1,0,0,0,0,1,0,0,0
تبدأ,0,0,0,0,0,0,0,0,0,0
أثني,0,0,0,0,0,0,1,0,0,0
جدير بالثناء,0,0,0,0,1,0,1,0,0,1
متكافئ,0,0,0,0,0,0,0,0,0,0
تعليق,0,0,0,0,0,0,0,0,0,0
تعليق,0,0,0,0,0,0,0,0,0,0
المعلق,0,0,0,0,0,0,1,0,0,0
تجارة,0,0,0,0,0,0,0,0,0,1
تجاري,0,0,0,0,0,0,0,0,0,0
المندوب,0,0,0,0,0,0,0,0,0,0
لجنة,0,0,0,0,0,0,0,0,0,1
مفوض,0,0,0,0,0,0,0,0,0,0
ارتكب,0,0,0,0,0,0,0,0,0,0
التزام,0,0,0,0,0,1,0,1,0,0
ملتزم,0,0,0,0,0,0,1,0,0,1
لجنة,0,0,0,0,0,0,0,0,0,1
سلعة,0,0,0,0,0,0,0,0,0,0
كومودور,0,0,0,0,0,0,1,0,0,1
مشترك,0,0,0,0,0,0,0,0,0,0
عادة,0,0,0,0,0,0,0,0,0,0
مكان مألوف,0,1,0,0,0,0,0,0,0,1
المشاع,0,0,0,0,0,0,0,0,0,0
برلمان المملكة المتحدة,0,0,0,0,0,0,1,0,0,1
هياج,1,0,0,0,0,1,0,0,0,0
البلدية,0,0,0,0,0,0,0,0,0,0
معدي,0,0,0,0,0,0,0,0,0,0
يتواصل,0,0,0,0,0,0,1,0,0,1
الاتصالات,0,0,0,0,0,0,0,0,0,1
اتصالي,0,0,0,0,0,0,1,0,0,0
شركة,0,0,0,0,1,0,1,0,0,1
شيوعية,1,0,0,1,0,1,0,1,0,0
شيوعي,0,0,0,0,0,1,0,0,0,0
تواصل اجتماعي,0,0,0,0,0,0,1,0,0,0
التخفيف,0,0,0,0,0,0,1,0,0,0
تبادلي,0,0,0,0,0,0,0,0,0,0
يسافر يوميا الى العمل,0,0,0,0,0,0,1,0,0,0
ركاب,0,0,0,0,0,0,0,0,0,0
المدمج,0,0,0,0,0,0,0,0,0,1
ضغط,0,0,0,0,0,0,0,0,0,0
الاكتناز,0,0,0,0,0,0,0,0,0,0
رفيق,0,0,0,0,1,0,1,0,0,1
الرفقة,0,0,0,0,0,0,0,0,0,0
شركة,0,0,0,0,0,0,0,0,0,0
قابلة للمقارنة,0,0,0,0,0,0,0,0,0,0
مقارنة,0,0,0,0,0,0,0,0,0,0
نسبيا,0,0,0,0,0,0,0,0,0,0
مقارنة,0,0,0,0,0,0,0,0,0,0
حجرة,0,0,0,0,0,0,0,0,0,0
بوصلة,0,0,0,0,0,0,0,0,0,1
تعاطف,0,0,0,1,0,0,1,0,0,0
حنون,0,0,0,0,0,0,1,0,0,0
التوافق,0,0,0,0,0,0,1,0,0,0
متناسق,0,0,0,0,0,0,1,0,0,0
تجبر,0,0,0,0,0,0,0,0,0,0
مجبرا,0,0,0,0,0,0,0,0,0,0
قهري,0,0,0,0,0,0,1,0,0,0
خلاصة وافية,0,0,0,0,0,0,0,0,0,0
يكافئ,0,1,0,0,1,0,1,0,1,1
تعويضات,0,0,0,0,0,0,0,0,0,0
تعويضي,0,0,0,0,0,0,1,0,0,0
كفاءه,0,0,0,0,0,0,1,0,0,1
كفاءة,0,0,0,0,0,0,1,0,0,1
كفؤ,0,0,0,0,0,0,1,0,0,1
منافسة,0,1,0,0,0,1,0,0,0,0
منافس,0,0,0,0,0,0,0,0,0,0
منافس,0,0,0,0,0,0,0,0,0,0
التحويل البرمجي,0,0,0,0,0,0,0,0,0,0
تجميع,0,0,0,0,0,0,0,0,0,0
الرضا عن النفس,0,0,0,0,0,0,1,0,0,0
راضية,0,0,0,0,0,0,0,0,0,0
تذمر,1,0,0,0,0,1,0,1,0,0
شكوى,1,0,0,0,0,1,0,0,0,0
مديح,0,1,0,0,1,0,1,0,1,1
مكمل,0,0,0,0,0,0,1,0,0,0
منجز,0,0,0,0,0,0,0,0,0,0
تماما,0,0,0,0,0,0,1,0,0,0
اكتمال,0,0,0,0,0,0,1,0,0,0
استكمال,0,1,0,0,1,0,1,0,0,0
إكمال,0,1,0,0,1,0,1,0,0,0
مركب,0,0,0,0,0,0,0,0,0,0
معقد,0,0,0,0,0,1,0,0,0,0
بشرة,0,0,0,0,0,0,0,0,0,0
تعقيد,0,0,0,0,0,1,0,0,0,0
امتثال,0,0,0,0,0,0,1,0,0,1
متوافق,0,0,0,0,0,0,1,0,0,0
يعقد,1,0,0,0,0,1,0,0,0,0
معقد,0,0,0,0,0,1,0,0,0,0
تعقيد,0,0,0,0,0,1,0,0,0,0
التواطؤ,0,0,0,0,0,1,1,0,0,0
إطراء,0,1,0,0,1,0,1,0,1,1
الامتثال,0,0,0,0,0,0,0,0,0,0
الامتثال,0,0,0,0,0,0,0,0,0,0
تأليف,0,0,0,0,0,0,0,0,0,0
مكون,0,0,0,0,0,0,0,0,0,0
مؤلف موسيقى,0,0,0,0,0,0,0,0,0,0
تتكون,0,0,0,0,0,0,1,0,0,0
ملحن,0,0,0,0,0,0,1,0,0,0
مركب,0,0,0,0,0,0,0,0,0,0
تكوين,0,0,0,0,0,0,0,0,0,0
سماد,0,0,1,0,0,1,0,0,0,0
هدوء,0,0,0,0,0,0,1,0,0,0
مُجَمَّع,0,0,0,0,0,0,0,0,0,0
فهم,0,0,0,0,0,0,1,0,0,0
استيعاب,0,0,0,0,0,0,0,0,0,0
شاملة,0,0,0,0,0,0,1,0,0,0
ضغط,1,0,0,0,0,0,0,0,0,0
مضغوط,0,0,0,0,0,0,0,0,0,0
قابل للانضغاط,0,0,0,0,0,0,0,0,0,0
ضغط,0,0,0,0,0,0,0,0,0,0
تضم,0,0,0,0,0,0,0,0,0,0
مرونة,0,0,0,0,0,0,0,0,0,0
مراقب الحسابات,0,0,0,0,0,0,0,0,0,1
إكراه,1,0,0,0,0,1,0,0,0,0
اجباري,0,0,0,0,0,1,0,0,0,0
محسوب,0,0,0,0,0,0,0,0,0,0
حساب,0,0,0,0,0,0,0,0,0,0
إحصاء - عد,0,0,0,0,0,0,0,0,0,0
الحاسوب,0,0,0,0,0,0,0,0,0,0
الرفيق,0,0,0,0,0,0,1,0,0,1
يخدع,0,0,0,0,0,0,0,0,0,0
سلسلة,0,0,0,0,0,0,0,0,0,0
مقعر,0,0,0,0,0,0,0,0,0,0
إخفاء,0,0,0,0,0,1,0,1,0,0
مخفي,0,1,0,1,0,1,0,0,1,0
إخفاء,1,1,0,1,0,1,0,0,0,0
الغرور,0,0,0,0,0,1,0,0,0,0
مغرور,0,0,0,0,0,1,0,0,0,0
ممكن,0,0,0,0,0,0,0,0,0,0
تركز,0,0,0,0,0,0,0,0,0,0
تركيز,0,0,0,0,0,0,0,0,0,0
متحدة المركز,0,0,0,0,0,0,1,0,0,0
تصور,0,0,0,0,0,0,0,0,0,0
الاهتمام,0,0,0,0,0,0,0,0,0,0
المعنية,0,0,0,1,0,0,0,1,0,0
حفلة موسيقية,0,0,0,0,0,0,0,0,0,0
تنازل,0,0,0,0,0,0,0,0,0,0
بشروط ميسرة,0,0,0,0,0,0,0,0,0,0
خدمات الاستقبال والإرشاد,0,0,0,0,0,0,0,0,0,0
التوفيق,0,0,0,0,1,0,1,0,0,1
مختصرا,0,0,0,0,0,0,0,0,0,0
مقعرة,0,0,0,0,0,0,0,0,0,0
نستنتج,0,0,0,0,0,0,0,0,0,0
خاتمة,0,0,0,0,0,0,1,0,0,0
استنتاج,0,0,0,0,0,0,0,0,0,0
طهو,0,0,0,0,0,0,0,0,0,0
يصاحب ذلك,0,0,0,0,0,0,0,0,0,0
كونكورد,0,0,0,0,0,0,1,0,0,1
فهرس أبجدي,0,0,0,0,0,0,1,0,0,1
يلتقي,0,0,0,0,0,0,0,0,0,0
الالتقاء,0,0,0,0,0,0,0,0,0,0
أسمنت,0,0,0,0,0,0,0,0,0,0
توافق,0,0,0,0,0,0,0,0,0,0
منافس,0,0,0,0,0,0,0,0,0,0
متفق عليه,0,0,0,0,0,0,0,0,0,0
ارتجاج في المخ,1,0,0,0,0,1,0,1,0,0
ادانة,1,0,0,0,0,1,0,0,0,0
إدانة,1,1,1,1,0,1,0,1,0,0
تركيز,0,0,0,0,0,0,0,0,0,0
تكثف,0,0,0,0,0,0,0,0,0,0
تنازلي,0,0,0,0,0,1,0,0,0,0
الهبوط بالمستوى,1,0,1,0,0,1,0,1,0,0
بهار,0,0,0,0,0,0,0,0,0,0
حالة,0,0,0,0,0,0,0,0,0,0
الشرط,0,0,0,0,0,0,0,0,0,0
بشروط,0,0,0,0,0,0,0,0,0,0
مشروط,0,0,0,0,0,0,0,0,0,0
الظروف,0,0,0,0,0,0,0,0,0,0
تعزية,0,0,0,0,0,0,1,1,0,0
تتغاضى,0,0,0,0,0,0,1,0,0,0
تؤدي,0,0,0,0,0,0,1,0,0,0
إجراء,0,0,0,0,0,0,0,0,0,0
التوصيل,0,0,0,0,0,0,0,0,0,0
التوصيل,0,0,0,0,0,0,1,0,0,0
موصل,0,0,0,0,0,0,0,0,0,0
قناة أو أنبوب أو ترعة,0,0,0,0,0,0,0,0,0,0
مخروط,0,0,0,0,0,0,0,0,0,0
الكونفدرالية,0,0,0,0,0,0,1,0,0,1
الكونفدرالية,0,0,0,0,0,0,0,0,0,0
تشاور,0,0,0,0,0,0,0,0,0,0
مؤتمر,0,0,0,0,0,0,0,0,0,0
اعترف,0,0,0,0,0,1,1,0,0,1
اعتراف,0,1,0,1,0,1,0,1,1,0
الاعتراف,0,0,0,1,0,0,0,0,0,1
اعترافات,0,0,0,0,0,0,0,0,0,0
ثقة,0,0,0,0,0,0,0,0,0,1
الثقة,0,0,0,1,1,0,1,0,0,1
واثق,0,0,0,0,1,0,1,0,0,1
مؤتمن,0,0,0,0,0,0,0,0,0,1
سرا,0,0,0,0,0,0,0,0,0,1
ترتيب,0,0,0,0,0,0,0,0,0,0
حجز,1,0,0,1,0,1,0,1,0,0
حبيس,1,0,1,1,0,1,0,1,0,0
الحبس,1,0,0,1,0,1,0,1,0,0
حدود,0,0,0,0,0,0,0,0,0,0
تؤكد,0,0,0,0,0,0,0,0,0,0
التأكيد,0,0,0,0,0,0,0,0,0,1
تأكيدي,0,0,0,0,0,0,0,0,0,0
تم تأكيد,0,0,0,0,0,0,1,0,0,1
يصادر,1,0,0,0,0,1,0,1,0,0
مصادرة,0,0,0,0,0,1,0,0,0,0
حريق هائل,1,0,0,1,0,1,0,0,0,0
نزاع,1,0,0,1,0,1,0,1,0,0
متضاربة,0,0,0,0,0,1,0,0,0,0
التقاء نهرين,0,0,0,0,0,0,0,0,0,0
المطابقة,0,0,0,0,0,0,1,0,0,0
التشكل,0,0,0,0,0,0,0,0,0,0
المطابقة,0,0,0,0,0,0,0,0,0,1
حيرة,0,0,0,0,0,1,0,0,0,0
مرتبك,0,0,0,0,0,1,0,0,0,0
مواجهة,1,0,0,0,0,0,0,0,0,0
يربك,0,0,0,0,0,1,0,0,0,0
ارتباك,1,0,0,1,0,1,0,0,0,0
مناسب,0,0,0,0,0,0,1,0,0,0
خلقي,0,0,0,0,0,0,0,0,0,0
"ازدحام، اكتظاظ، احتقان",0,0,0,0,0,1,0,0,0,0
تكتل,0,0,0,0,0,0,0,0,0,1
تكتل,0,0,0,0,0,0,0,0,0,0
تهنئة,0,0,0,0,1,0,1,0,0,0
تجمع,0,0,0,0,0,0,0,0,0,0
مجمع,0,0,0,0,0,0,1,0,0,1
المؤتمر,0,0,1,0,0,0,0,0,0,1
الكونغرس,0,0,0,0,0,0,0,0,0,0
عضو الكونجرس,0,0,0,0,0,0,0,0,0,1
التطابق,0,0,0,0,0,0,1,0,0,1
مخروطي,0,0,0,0,0,0,0,0,0,0
مخروطي,0,0,0,0,0,0,0,0,0,0
تخمين,0,1,0,0,0,0,0,0,0,0
الزوجية,0,0,0,0,0,0,0,0,0,0
المترافقة,0,0,0,0,0,0,0,0,0,0
اقتران,0,0,0,0,0,0,0,0,0,0
بالاشتراك,0,0,0,0,0,0,0,0,0,0
حرف عطف,0,0,0,0,0,0,0,0,0,0
استحضار,0,1,0,0,0,0,0,0,1,0
الشعوذة,0,0,0,0,0,1,0,0,0,0
الاتصال,0,0,0,0,0,0,0,0,0,0
متصل,0,0,0,0,0,0,0,0,0,0
الإتصال,0,0,0,0,0,0,0,0,0,0
الضامة,0,0,0,0,0,0,0,0,0,1
متذوق,0,0,0,0,1,0,1,0,0,1
يسيطر,0,0,0,0,0,0,0,0,0,0
الفاتح,0,0,0,0,0,0,0,0,0,0
غزو,1,0,0,1,0,1,0,0,0,0
الضمير,0,0,0,0,0,0,1,0,0,1
منجز وفقا لما يمليه الضمير,0,0,0,0,0,0,1,0,0,1
وعي - إدراك,0,0,0,0,0,0,1,0,0,0
التجنيد الإجباري,0,0,0,0,0,0,0,0,0,0
تكريس,0,1,0,0,1,0,1,1,0,1
على التوالي,0,0,0,0,0,0,0,0,0,0
موافقة,0,0,0,0,0,0,0,0,0,0
الموافقة,0,0,0,0,0,0,0,0,0,0
عاقبة,0,0,0,0,0,0,0,0,0,0
يترتب على ذلك,0,1,0,0,0,0,0,0,0,0
الحفاظ على,0,1,0,0,0,0,1,0,0,1
التحفظ,0,0,0,0,0,0,0,0,0,0
محافظ,0,0,0,0,0,0,0,0,0,0
المعهد الموسيقي,0,0,0,0,0,0,0,0,0,0
حفظ,0,0,0,0,0,0,1,0,0,0
ضخم,0,0,0,0,0,0,1,0,0,0
تراعي,0,0,0,0,0,0,1,0,0,1
المرسل إليه,0,0,0,0,0,0,0,0,0,0
شحنة,0,0,0,0,0,0,0,0,0,0
التناسق,0,0,0,0,0,0,1,0,0,1
ثابتة,0,0,0,0,0,0,0,0,0,0
مواساة,0,0,0,0,0,0,0,0,0,0
وحدة التحكم,0,0,0,0,0,0,1,1,0,0
توطيد,0,0,0,0,0,0,0,0,0,0
الدمج,0,0,0,0,0,0,0,0,0,0
حرف ساكن,0,0,0,0,0,0,1,0,0,0
القرين,0,0,0,0,0,0,0,0,0,1
واضح,0,0,0,0,0,0,0,0,0,0
مؤامرة,0,0,0,1,0,0,0,0,0,0
متآمر,1,1,1,1,0,1,0,0,0,0
تتآمر,0,0,0,1,0,1,0,0,0,0
شرطي,0,0,0,0,0,0,0,0,0,1
ثبات,0,0,0,0,0,0,1,0,0,1
مستمر,0,0,0,0,0,0,1,0,0,1
باستمرار,0,0,0,0,0,0,0,0,0,1
كوكبة,0,0,0,0,0,0,0,0,0,0
ذعر,1,0,0,1,0,1,0,0,0,0
إمساك,0,0,1,0,0,1,0,0,0,0
"المقوم، مكون، جزء من",0,0,0,0,0,0,0,0,0,0
الناخبين,0,0,0,0,0,0,0,0,0,0
تشكل,0,0,0,0,0,0,0,0,0,1
دستور,0,0,0,0,0,0,0,0,0,0
دستوري,0,0,0,0,0,0,1,0,0,1
دستورية,0,0,0,0,0,0,0,0,0,0
تقييد,0,0,0,1,0,1,0,0,0,0
مقيدة,0,0,0,0,0,1,0,0,0,0
قيد,1,0,0,1,0,1,0,1,0,0
بناء,0,0,0,0,0,0,1,0,0,0
اعمال بناء,0,0,0,0,0,0,0,0,0,0
يفسر,0,0,0,0,0,0,0,0,0,0
قنصل,0,0,0,0,0,0,0,0,0,1
شاور,0,0,0,0,0,0,0,0,0,1
التشاور,0,0,0,0,0,0,0,0,0,0
تستهلك,0,0,0,0,0,0,0,0,0,0
تستهلك,0,0,0,0,0,0,0,0,0,0
بارع,0,0,0,0,0,0,1,0,0,0
اكتمال,0,0,0,0,0,0,0,0,0,0
استهلاك,0,0,0,0,0,0,0,0,0,0
اتصل,0,0,0,0,0,0,1,0,0,0
مرض معد,0,1,1,1,0,1,0,0,0,0
معدي,0,0,1,1,0,1,0,0,0,0
الاحتواء,0,0,0,0,0,0,0,0,0,0
تلوث,0,0,1,0,0,1,0,0,0,0
ملوثة,0,0,1,1,0,1,0,1,0,0
تلوث اشعاعى,0,0,1,0,0,1,0,0,0,0
تفكر,0,0,0,0,0,0,0,0,0,0
التأمل,0,0,0,0,0,0,1,0,0,0
تأملي,0,0,0,0,0,0,0,0,0,0
معاصر,0,0,0,0,0,0,0,0,0,0
معاصر,0,0,0,0,0,0,0,0,0,0
ازدراء,1,0,1,1,0,1,0,0,0,0
حقير,1,0,1,0,0,1,0,0,0,0
ازدراء,1,0,0,0,0,1,0,0,0,0
تنافس,0,0,0,0,0,0,0,0,0,0
المحتوى,0,0,0,0,1,0,1,0,0,1
خلاف,0,0,0,0,0,0,0,0,0,0
إثارة للخلاف,1,0,1,1,0,1,0,0,0,0
محتويات,0,0,0,0,0,0,0,0,0,0
سياق الكلام,0,0,0,0,0,0,0,0,0,0
متجاورة,0,0,0,0,0,0,0,0,0,0
الزهد,0,0,0,0,0,0,0,0,0,0
القارة,0,0,0,0,0,0,0,0,0,0
قاري,0,0,0,0,0,0,0,0,0,0
طارئ,0,0,0,0,0,0,0,0,0,0
مشروط,0,1,0,0,0,0,0,0,0,0
مستمر,0,0,0,0,0,0,0,0,0,0
باستمرار,0,0,0,0,0,0,0,0,0,0
الاستمرارية,0,0,0,0,0,0,0,0,0,0
استمرار,0,1,0,0,0,0,0,0,0,0
استمر,0,1,0,0,0,0,1,0,0,1
واصلت,0,0,0,0,0,0,0,0,0,0
مستمر,0,0,0,0,0,0,0,0,0,0
استمرارية,0,0,0,0,0,0,0,0,0,0
مستمر,0,0,0,0,0,0,0,0,0,0
بشكل متواصل,0,0,0,0,0,0,0,0,0,0
محيط شكل,0,0,0,0,0,0,1,0,0,0
مهربة,1,0,1,1,0,1,0,0,0,0
عقد,0,0,0,0,0,0,0,0,0,0
متعاقد,0,0,0,0,0,1,0,0,0,0
منقبض,0,0,0,0,0,0,0,0,0,0
التعاقد,0,0,0,0,0,0,0,0,0,0
التقلص,0,0,0,0,0,0,0,0,0,0
تناقض,1,0,0,0,0,1,0,0,0,0
تناقض,0,0,0,0,0,1,0,0,0,0
متناقضة,0,0,0,0,0,1,0,0,0,0
العكس,0,0,0,0,0,1,0,0,0,0
التباين,0,0,0,0,0,0,0,0,0,0
يتناقض,0,0,0,0,0,1,0,0,0,0
مخالفة,0,0,0,0,0,1,0,0,0,0
مخالفة,0,0,0,0,0,1,0,0,0,0
مساهمة,0,0,0,0,0,0,1,0,0,0
مساهم,0,0,0,0,0,0,1,0,0,1
متفق,0,0,0,0,0,0,0,0,0,0
مراقبة,0,0,0,0,0,0,0,0,0,0
مثيرة للجدل,1,0,0,0,0,1,0,0,0,0
الجدل,0,0,0,0,0,1,0,0,0,0
معضلة,0,0,0,0,0,0,0,0,0,0
التماثل للشفاء,0,0,0,0,0,0,0,0,0,0
الحمل,0,0,0,0,0,0,0,0,0,0
يجتمع,0,0,0,0,0,0,0,0,0,0
السهولة أو الراحة,0,0,0,0,0,0,1,0,0,0
وسائل الراحة,0,0,0,0,0,0,0,0,0,0
مناسب,0,0,0,0,0,0,1,0,0,0
دير,0,0,0,0,0,0,1,0,0,1
اتفاقية. معاهدة,0,0,0,0,0,0,1,0,0,0
عادي,0,0,0,0,0,0,0,0,0,0
تتلاقى,0,0,0,0,0,0,0,0,0,0
التقارب,0,1,0,0,0,0,0,0,0,0
متقاربة,0,0,0,0,0,0,0,0,0,0
ملم,0,0,0,0,0,0,1,0,0,0
محادثة,0,0,0,0,0,0,0,0,0,0
محادثة,0,0,0,0,0,0,1,0,0,0
الحديث,0,0,0,0,0,0,0,0,0,0
يتحدث,0,0,0,0,0,0,0,0,0,0
تحويلات,0,0,0,0,0,0,0,0,0,0
يتحول,0,0,0,0,0,0,1,0,0,0
محولة,0,0,0,0,0,0,0,0,0,0
قابل للتحويل,0,0,0,0,0,0,0,0,0,0
محدب,0,0,0,0,0,0,0,0,0,0
تحدب,0,0,0,0,0,0,0,0,0,0
نقل,0,0,0,0,0,0,0,0,0,0
نقل,0,0,0,0,0,0,0,0,0,0
نقل,0,0,0,0,0,0,0,0,0,1
المحكوم عليه,1,0,1,1,0,1,0,1,0,0
قناعة,0,0,0,0,0,1,0,0,0,0
يقنع,0,1,0,0,0,0,1,0,0,1
مقتنع,0,0,0,0,0,0,0,0,0,1
مقنع,0,0,0,0,0,0,0,0,0,1
الدعوة,0,0,0,0,0,0,0,0,0,0
معقد,0,0,0,0,0,0,0,0,0,0
التفاف,0,0,0,0,0,0,0,0,0,0
قافلة,0,0,0,0,0,0,0,0,0,0
سجع,0,0,0,0,0,0,0,0,0,0
يطبخ,0,0,0,0,0,0,0,0,0,0
فن الطبخ,0,0,0,0,0,0,0,0,0,0
طبخ,0,0,0,0,0,0,0,0,0,0
بارد,0,0,0,0,0,0,1,0,0,0
برودة,0,0,0,0,0,0,0,0,0,0
تبريد,0,0,0,0,0,0,0,0,0,0
البرودة,0,0,0,0,0,0,1,0,0,0
حظيرة,1,0,1,0,0,1,0,0,0,0
ميداني,0,0,0,0,0,0,1,0,0,0
تتعاون,0,0,0,0,0,0,1,0,0,1
تعاون,0,0,0,0,0,0,1,0,0,1
تعاوني,0,0,0,0,0,0,1,0,0,1
تنسيق,0,0,0,0,0,0,0,0,0,0
شرطي,0,0,0,1,0,0,0,0,0,1
غزير,0,0,0,0,0,0,0,0,0,0
نحاس,0,0,0,0,0,0,0,0,0,0
ينسخ,0,0,0,0,0,1,0,0,0,0
مقلد,1,0,1,0,0,1,0,0,0,0
نسخ,0,0,0,0,0,0,0,0,0,0
حقوق النشر,0,0,0,0,0,0,0,0,0,0
المرجان,0,0,0,0,0,0,0,0,0,0
حبل,0,0,0,0,0,0,0,0,0,0
تطويق,0,0,0,0,0,0,0,0,0,0
سروال قصير,0,0,0,0,0,0,0,0,0,0
جوهر,0,0,0,0,0,0,1,0,0,0
الفلين,0,0,0,0,0,0,0,0,0,0
المفتاح,0,0,0,0,0,0,0,0,0,0
حبوب ذرة,0,0,0,0,0,0,0,0,0,0
القرنية,0,0,0,0,0,0,0,0,0,0
ركن,0,0,0,0,0,0,0,0,0,0
البوق,0,0,0,0,0,0,0,0,0,0
كورنيش,0,0,0,0,0,0,0,0,0,0
نشا الذرة,0,0,0,0,0,0,0,0,0,0
اللازمة - النتيجة,0,0,0,0,0,0,0,0,0,0
الهالة,0,0,0,0,0,0,0,0,0,0
تتويج,0,0,0,0,1,0,1,0,0,1
الطبيب الشرعي,0,0,0,0,0,1,0,0,0,0
عريف,0,0,0,0,0,1,0,0,0,0
شركة كبرى,0,0,0,0,0,0,0,0,0,0
شركة,0,0,0,0,0,0,1,0,0,1
جسدي,0,0,0,0,0,0,1,0,0,0
السلك,0,0,0,0,0,0,0,0,0,0
جثة,0,0,1,0,0,1,0,1,0,0
جسم,0,0,0,0,0,0,0,0,0,0
"زرب، جمع، رتب، طوق",0,0,0,0,0,0,0,0,0,0
تصحيح,0,0,0,0,0,1,0,0,0,0
تصحيحية,0,0,0,0,0,0,1,0,0,0
صواب,0,0,0,0,0,0,0,0,0,1
علاقه مترابطه,0,0,0,0,0,0,0,0,0,0
مترابط,0,0,0,0,0,0,0,0,0,0
تطابق,0,0,0,0,0,0,0,0,0,0
مراسلة,0,1,0,0,0,0,1,0,0,0
مراسل,0,0,0,0,0,0,0,0,0,0
الرواق,0,0,0,0,0,0,0,0,0,0
يثبت,0,0,0,0,0,0,1,0,0,1
إثبات,0,0,0,0,0,0,0,0,0,1
تآكل,0,0,0,0,0,1,0,0,0,0
أكالة,0,0,0,1,0,1,0,0,0,0
فاسد,0,0,0,0,0,1,0,0,0,0
مفسد,1,0,1,1,0,1,0,1,0,0
فساد,0,0,1,0,0,1,0,0,0,0
الجثة,0,0,0,0,0,0,0,1,0,0
مشد,0,0,0,0,0,0,0,0,0,0
القشرة,0,0,0,0,0,0,0,0,0,0
قشري,0,0,0,0,0,0,0,0,0,0
كورفيت,0,0,0,0,0,0,0,0,0,0
مستحضرات التجميل,0,0,0,0,0,0,0,0,0,0
مستحضرات التجميل,0,0,0,0,0,0,0,0,0,0
كوني,0,0,0,0,0,0,0,0,0,0
علم الكونيات,0,0,0,0,0,0,0,0,0,0
عالمي,0,0,0,0,0,0,1,0,0,1
الكون,0,0,0,0,0,0,0,0,0,0
كلفة,0,0,0,0,0,0,0,0,0,0
مكلفة,0,0,0,0,0,0,0,0,0,0
زي,0,0,0,0,0,0,0,0,0,0
مريح,0,0,0,0,0,0,1,0,0,0
سرير نقال,0,0,0,0,0,0,0,0,0,0
كوت,0,0,0,0,0,0,0,0,0,0
كوخ,0,0,0,0,0,0,0,0,0,0
قطن,0,0,0,0,0,0,0,0,0,0
أريكة,0,0,0,0,0,0,0,1,0,0
أسد امريكي,0,0,0,0,0,0,0,0,0,0
سعال,0,0,1,0,0,1,0,0,0,0
مجلس,0,1,0,0,0,0,1,0,0,1
محامي,0,0,0,0,0,0,1,0,0,1
مستشار,1,0,0,1,0,1,0,0,0,1
مستشار,0,0,0,0,0,0,1,0,0,1
عدد,0,0,0,0,0,0,1,0,0,1
العد التنازلي,0,1,0,0,0,0,0,0,0,0
طلعة,0,0,0,0,0,0,0,0,0,0
يعداد,0,0,0,0,0,0,0,0,0,0
مضاد,0,0,0,0,0,0,0,0,0,0
موازنة,0,0,0,0,0,0,0,0,0,0
دعوى مضادة,0,0,0,0,0,0,0,0,0,0
النظير,0,0,0,0,0,0,0,0,0,0
الكونتيسة,0,0,0,0,0,0,1,0,0,0
لا يحصى,0,0,0,0,0,0,0,0,0,0
بلد,0,0,0,0,0,0,0,0,0,0
مواطنه,0,0,0,0,0,0,0,0,0,1
العد,0,0,0,0,0,0,0,0,0,0
مقاطعة,0,0,0,0,0,0,0,0,0,1
انقلاب,1,0,0,0,0,0,0,0,1,0
زوج,0,0,0,0,0,0,0,0,0,0
مقرون,0,0,0,0,0,0,0,0,0,0
قسيمة,0,0,0,0,0,0,0,0,0,0
شجاعة,0,0,0,0,0,0,1,0,0,0
شجاع,0,0,0,1,0,0,1,0,0,0
التوصيل,0,0,0,0,0,0,0,0,0,1
الدورات,0,0,0,0,0,0,0,0,0,0
التعقيب,0,0,0,0,0,1,0,0,0,0
المحكمة,1,1,0,1,0,0,0,0,0,0
مهذب,0,0,0,0,0,0,1,0,0,0
مجاملة,0,0,0,0,0,0,1,0,0,0
محكمة,0,0,0,0,0,0,0,0,0,0
المحاكم,0,0,0,0,0,0,0,0,0,0
تودد,0,1,0,0,1,0,1,0,0,1
فناء,0,0,0,0,0,0,0,0,0,0
كوف,0,1,1,1,1,0,1,0,0,0
عهد,0,0,0,0,0,0,1,0,0,1
التغطية,0,0,0,0,0,0,0,0,0,1
مغطى,0,0,0,0,0,0,0,0,0,0
تغطية,0,0,0,0,0,0,0,0,0,0
مخفي,0,0,0,0,0,0,0,0,0,0
أطمع,0,0,0,0,0,1,0,0,0,0
بقرة,0,0,0,0,0,0,0,0,0,0
جبان,0,0,1,1,0,1,0,1,0,0
الجبن,0,0,0,1,0,1,0,0,0,0
جبان,0,0,0,1,0,1,0,0,0,0
رعاة البقر,0,0,0,0,0,0,0,0,0,0
جلد البقر,0,0,0,0,0,0,0,0,0,0
الطربوش,0,0,0,0,0,0,0,0,0,0
زميل عمل,0,0,0,0,0,0,0,0,0,0
خجول,0,0,0,1,0,0,0,0,0,0
ذئب امريكى - كايوتى,0,0,0,1,0,0,0,0,0,0
سلطعون,0,0,0,0,0,0,0,0,0,0
متوتر,1,0,0,0,0,1,0,0,0,0
كسر,0,0,0,0,0,1,0,0,0,0
متصدع,1,0,0,1,0,1,0,0,0,0
جهاز تكسير,0,0,0,0,0,0,0,0,0,0
تكسير,0,0,0,0,0,1,0,0,0,0
فرقعة,0,0,0,0,0,0,0,0,0,0
مهد الحضارة,0,1,0,0,1,0,1,0,0,1
حرفة,0,0,0,0,0,0,1,0,0,0
حرفي,0,0,0,0,0,0,1,0,0,0
ماكرة,0,0,0,0,0,0,0,0,0,0
كريج,0,0,0,0,0,0,0,0,0,0
مكتظ,0,0,0,0,0,0,0,0,0,0
شد عضلي,0,1,0,0,0,1,0,0,0,0
ضيقة,0,0,0,0,0,1,0,0,0,0
رافعه,0,0,0,0,0,0,0,0,0,0
قحف,0,0,0,0,0,0,0,0,0,0
كرنك,0,0,0,0,0,1,0,0,0,0
غريب الأطوار,1,0,0,0,0,1,0,0,0,0
حماقة,0,0,1,0,0,1,0,0,0,0
الفضلات,0,1,0,0,0,0,0,0,0,0
يصطدم,0,0,0,1,0,1,0,1,1,0
قفص,0,0,0,0,0,0,0,0,0,0
فوهة البركان,0,0,0,0,0,0,0,0,0,0
يريد بشدة,0,1,0,0,0,0,0,0,0,0
الاشتهاء,0,1,0,0,0,0,0,0,0,0
جراد البحر,0,0,0,0,0,0,0,0,0,0
زحف,0,0,1,0,0,1,0,0,0,0
أقلام تلوين,0,0,0,0,0,0,0,0,0,0
جنون,0,0,0,0,0,0,0,0,0,0
مخبول,1,0,0,1,0,1,0,0,0,0
مجنون,1,0,0,1,0,1,0,1,0,0
صرير,0,0,0,0,0,1,0,0,0,0
كريم,0,1,0,0,1,0,1,0,1,0
مقشدة,0,0,0,0,0,0,0,0,0,0
دسم,0,0,0,0,0,0,0,0,0,0
تجعد,0,0,0,0,0,0,0,0,0,0
خلق,0,0,0,0,1,0,1,0,0,0
خلق,0,0,0,0,0,0,0,0,0,0
خلاق,0,0,0,0,0,0,1,0,0,0
المنشئ,0,0,0,0,0,0,0,0,0,0
مخلوق,0,0,1,1,0,1,0,0,0,0
المصداقية,0,0,0,0,0,0,1,0,0,1
الاعتماد,0,0,0,0,0,0,1,0,0,1
أوراق اعتماد,0,0,0,0,0,0,0,0,0,0
مصداقية,0,0,0,0,0,0,1,0,0,1
معقول,0,0,0,0,0,0,1,0,0,1
الإئتمان,0,0,0,0,0,0,1,0,0,1
جدير بالثقة,0,0,0,0,0,0,1,0,0,1
الفضل,0,0,0,0,0,0,1,0,0,0
ائتمان,0,0,0,0,0,0,0,0,0,0
الدائن,0,0,0,0,0,0,0,0,0,0
العقيدة,0,0,0,0,0,0,0,0,0,0
جدول,0,0,0,0,0,0,0,0,0,0
زحف,0,0,0,0,0,1,0,0,0,0
زحف,0,1,0,0,0,0,0,0,0,0
حرق الجثة,0,0,0,0,0,0,0,1,0,0
كريول,0,0,0,0,0,0,0,0,0,0
تصاعد,0,1,0,0,1,0,1,0,1,1
هلال,0,0,0,0,0,0,0,0,0,0
شق,0,0,0,0,0,0,0,0,0,0
طاقم,0,0,0,0,0,0,0,0,0,1
سرير,0,0,0,0,0,0,0,0,0,0
كريكيت,0,0,0,0,0,0,0,0,0,0
جريمة,1,0,0,0,0,1,0,0,0,0
مجرم,1,0,1,1,0,1,0,0,0,0
الإجرام,1,0,1,1,0,1,0,0,0,0
تجعيد,0,0,0,0,0,0,0,0,0,0
قرمزي,0,0,0,0,0,0,0,0,0,0
قرفص,0,0,1,1,0,1,0,1,0,0
شل,0,0,0,1,0,1,0,1,0,0
مشلول,0,0,0,0,0,1,0,1,0,0
أزمة,0,0,0,0,0,1,0,0,0,0
هش,0,0,0,0,0,1,0,0,0,1
معيار,0,0,0,0,0,0,0,0,0,0
الناقد,0,0,0,0,0,1,0,0,0,0
نقد,1,0,0,0,0,1,0,1,0,0
ينتقد,1,0,1,1,0,1,0,1,0,0
نقد,0,0,0,0,0,0,1,0,0,0
المخلوق,0,0,1,0,0,0,0,0,0,0
تشاءم,0,0,0,0,0,0,0,0,0,0
الفخار,0,0,0,0,0,0,0,0,0,0
الأواني الفخارية,0,0,0,0,0,0,0,0,0,0
تمساح,0,0,0,1,0,0,0,0,0,0
حقل صغير مسور,0,0,0,0,0,0,0,0,0,0
المحتال,0,0,0,0,0,1,0,0,0,0
ا & قتصاص,0,0,0,0,0,0,0,0,0,0
كروكيه,0,0,0,0,0,0,0,0,0,0
الاعتراض,1,0,0,1,0,1,0,1,0,0
القوس والنشاب,0,0,0,0,0,0,0,0,0,0
عبرت,0,0,0,0,0,0,0,0,0,0
العبور,0,0,0,0,0,0,0,0,0,0
المنشعب,0,0,0,0,0,0,0,0,0,0
انحنى,0,0,0,1,0,0,0,0,0,0
جاثمة,0,0,0,0,0,0,0,0,0,0
رابض,0,0,0,1,0,1,0,0,0,0
موزع الورق,0,0,0,0,0,0,0,0,0,0
الغراب,0,0,0,0,0,0,0,0,0,0
يحشد,0,0,0,0,0,0,0,0,0,0
مزدحما,0,0,0,0,0,0,0,0,0,0
تاج,0,0,0,0,0,0,0,0,0,0
تتويج,0,1,0,0,1,0,1,0,1,1
مهم,0,0,0,0,0,0,1,0,0,1
صليبي,0,0,0,0,0,1,0,0,0,0
صليب,0,0,0,0,0,0,0,0,0,0
صلب,1,0,1,1,0,1,0,1,0,0
الخام,0,0,1,0,0,1,0,0,0,0
قاسية,1,0,1,1,0,1,0,1,0,0
بقسوة,1,0,0,1,0,1,0,0,0,0
القسوة,1,0,1,1,0,1,0,1,0,0
رحلة بحرية,0,0,0,0,0,0,0,0,0,0
طراد,0,0,0,0,0,0,0,0,0,0
كسرة خبز,0,0,0,0,0,0,0,0,0,0
تنهار,0,0,0,0,0,1,0,1,0,0
سحق,1,0,0,0,0,1,0,0,0,0
حملة صليبية,1,0,0,1,0,1,0,0,0,0
معجب,0,0,0,0,0,0,0,0,0,0
سحقت,1,0,1,1,0,1,0,1,0,0
سحق,1,0,1,1,0,1,0,0,0,0
قشرة,0,0,0,0,0,0,0,0,0,0
يابس,0,0,1,0,0,1,0,0,0,0
عكاز,0,0,0,0,0,0,0,0,0,0
جوهر,0,0,0,0,0,0,0,0,0,0
بكاء,0,0,0,0,0,1,0,1,0,0
بكاء,0,0,0,0,0,1,0,1,0,0
سرداب,0,0,0,1,0,1,0,1,0,0
مشفر,0,0,0,0,0,0,0,0,0,0
التشفير,0,0,0,0,0,0,0,0,0,0
كريستال,0,0,0,0,0,0,1,0,0,0
بلوري,0,0,0,0,0,0,0,0,0,0
بلورة,0,0,0,0,0,0,0,0,0,0
الشبل,0,0,0,0,0,0,0,0,0,0
مكعب,0,0,0,0,0,0,0,0,0,1
زاوية,0,0,0,0,0,0,0,0,0,0
ديوث,0,0,1,0,0,1,0,0,0,0
الوقواق,0,0,0,0,0,1,0,0,0,0
يحضن,0,0,0,0,1,0,1,0,0,1
إشارة,0,1,0,0,0,0,0,0,0,0
صفعة,0,0,0,0,0,0,0,0,0,0
أطباق,0,0,0,0,0,0,0,0,0,0
الطهي,0,0,0,0,0,0,1,0,0,1
ذبح,0,0,0,0,0,1,0,0,0,0
تتوج,0,0,0,0,0,0,0,0,0,0
الذروة,0,0,0,0,0,0,1,0,0,0
الذنب,0,0,0,0,0,1,0,0,0,0
مذنب,0,0,0,0,0,1,0,0,0,0
مجرم,0,0,0,0,0,1,0,0,0,0
طائفة دينية,0,0,0,1,0,1,0,0,0,0
زرع او صقل,0,1,0,0,0,0,1,0,0,1
مزروعة,0,0,0,0,0,0,1,0,0,0
زراعة,0,0,0,0,0,0,1,0,0,0
الثقافة,0,0,0,0,0,0,1,0,0,0
عبارة,0,0,0,0,0,0,0,0,0,0
مرهقة,0,0,0,0,0,1,0,1,0,0
الركام,0,0,0,0,0,0,0,0,0,0
الماكرة,0,0,0,0,0,1,1,0,0,0
فنجان,0,0,0,0,0,0,0,0,0,0
مخزنة,0,0,0,0,0,0,0,0,0,0
الحجامة,0,0,1,1,0,1,0,1,0,0
cur,1,0,1,1,0,1,0,0,0,0
قابل للشفاء,0,0,0,0,0,0,1,0,0,1
برعاية,0,0,0,0,0,0,0,0,0,0
علاجي,0,0,0,0,0,0,0,0,0,0
أمين,0,0,0,0,0,0,0,0,0,0
تطويق,0,0,0,0,0,0,0,0,0,0
تخثر,0,0,0,0,0,0,0,0,0,0
حظر التجول,0,0,0,0,0,0,0,0,0,0
حب الاستطلاع,0,1,0,0,0,0,1,0,1,0
لفة,0,0,0,0,0,0,1,0,0,0
الشباك,0,0,0,0,0,0,0,0,0,0
عملة,0,0,0,0,0,0,0,0,0,0
تيار,0,0,0,0,0,0,0,0,0,0
منهاج دراسي,0,0,0,0,0,0,0,0,0,0
كاري,0,0,0,0,0,0,0,0,0,0
لعنة,1,0,1,1,0,1,0,1,0,0
ملعون,1,0,0,1,0,1,0,1,0,0
اللعن,1,0,1,0,0,1,0,0,0,0
سريع,0,0,0,0,0,1,0,0,0,0
كيرت,0,0,0,0,0,0,0,0,0,0
تقليص,0,0,0,0,0,0,0,0,0,0
تقليص,0,0,0,0,0,0,0,0,0,0
ستارة,0,0,0,0,0,0,0,0,0,0
انحناء,0,0,0,0,0,0,0,0,0,0
منحنى,0,0,0,0,0,0,0,0,0,0
منحن,0,0,0,0,0,0,0,0,0,0
منحني الأضلاع,0,0,0,0,0,0,0,0,0,0
وسادة,0,0,0,0,0,0,1,0,0,0
أعتاب,0,0,0,0,0,0,0,0,0,0
لعن,1,0,0,0,0,0,0,0,0,0
وصي,0,0,0,0,0,0,0,0,0,1
عهدة,0,0,0,0,0,0,0,0,0,1
العادة,0,0,0,0,0,0,0,0,0,0
عرفي,0,0,0,0,0,0,0,0,0,0
عميل,0,0,0,0,0,0,1,0,0,0
يقطع,0,0,0,0,0,0,0,0,0,0
الجلدية,0,0,0,0,0,0,0,0,0,0
جذاب,0,0,0,0,0,0,1,0,0,0
بشرة,0,0,0,0,0,0,0,0,0,0
السكاكين,0,0,0,0,0,0,0,0,0,0
القاطع,0,0,0,1,0,1,0,0,0,0
قواطع,0,0,0,0,0,0,1,0,0,0
سفاح,1,0,0,1,0,1,0,0,0,0
قطع,1,0,1,1,0,1,0,1,0,0
قصاصات,0,0,0,0,0,0,0,0,0,0
cwt,0,0,0,0,0,0,0,0,0,0
السيانيد,0,0,0,1,0,1,0,0,0,0
دورة,0,0,0,0,0,0,0,0,0,0
دورية,0,0,0,0,0,0,0,0,0,0
دراج,0,0,0,0,0,0,0,0,0,0
إعصار,0,0,0,1,0,1,0,0,1,0
اسطوانة,0,0,0,0,0,0,0,0,0,0
إسطواني,0,0,0,0,0,0,0,0,0,0
الصنج أداة موسيقية,0,0,0,0,0,0,0,0,0,0
ساخر,0,0,0,0,0,0,0,0,0,0
كيس,0,0,0,1,0,1,0,1,0,0
كيسي,0,0,1,0,0,0,0,0,0,0
فيروس مضخم للخلايا,0,0,0,0,0,1,0,1,0,0
السيتوبلازم,0,0,0,0,0,0,0,0,0,0
قيصر,0,0,0,0,0,0,0,0,0,0
ربت,0,0,0,0,0,0,0,0,0,0
اشتغل,0,0,0,0,0,0,0,0,0,0
التبليل,1,0,1,0,0,1,0,0,0,0
بابا,0,0,0,0,0,0,0,0,0,0
دادو,0,0,0,0,0,0,0,0,0,0
شيطان,1,0,1,1,0,1,0,1,1,0
المعتوه,0,0,1,0,0,1,0,0,0,0
خنجر,0,0,0,1,0,1,0,0,0,0
اليومي,0,1,0,0,0,0,0,0,0,0
لذيذ,0,0,0,0,0,0,0,0,0,0
ألبان,0,0,0,0,0,0,0,0,0,0
داك,0,0,0,0,0,0,0,0,0,0
دايل,0,0,0,0,0,0,0,0,0,0
سد,0,0,0,0,0,0,0,0,0,0
تلف,1,0,1,0,0,1,0,1,0,0
الأضرار,0,0,0,0,0,1,0,1,0,0
سيدة,1,0,1,0,0,0,1,0,0,1
اللعنة,1,0,1,0,0,1,0,0,0,0
اللعنة,1,0,0,1,0,1,0,1,0,0
ملعون,0,0,0,0,0,1,0,0,0,0
رطوبة,0,0,0,0,0,0,0,0,0,0
رطب,0,0,0,0,0,0,0,0,0,0
المثبط,0,0,0,0,0,1,0,0,0,0
الفتاة,0,0,0,0,0,0,0,0,0,0
الرقص,0,0,0,0,1,0,1,0,0,1
راقصة,0,0,0,0,0,0,0,0,0,0
قشرة رأس,0,0,0,0,0,1,0,0,0,0
مدهش,0,0,1,0,0,1,0,0,0,0
خطر,0,0,0,1,0,1,0,1,0,0
خطير,0,0,0,1,0,1,0,0,0,0
استرخى,0,0,0,0,0,0,0,0,0,0
رطب,0,0,1,0,0,0,0,0,0,0
أنيق,0,0,0,0,0,0,0,0,0,0
تجرؤ,0,1,0,0,0,0,0,0,0,1
جرأة,0,0,0,0,0,0,1,0,0,0
مظلم,0,0,0,0,0,0,0,1,0,0
أغمق,0,0,0,1,0,1,0,1,0,0
مظلمة,0,0,0,1,0,1,0,1,0,0
بحزن,0,0,0,0,0,0,0,0,0,0
الظلام,1,0,0,1,0,1,0,1,0,0
حبيبي,0,0,0,0,1,0,1,0,0,1
الرتق,0,0,0,0,0,0,0,0,0,0
سهم,0,0,0,1,0,0,0,0,0,0
اندفاع,0,0,0,0,0,0,0,0,0,0
لوحة القيادة,0,0,0,0,0,0,0,0,0,0
متقطع,1,0,0,1,0,1,0,1,0,0
محطما,0,0,0,0,0,0,1,0,0,0
غذر,1,0,1,1,0,1,0,0,0,0
بيانات,0,0,0,0,0,0,0,0,0,0
قاعدة البيانات,0,0,0,0,0,0,0,0,0,0
تاريخ,0,0,0,0,0,0,0,0,0,0
بنت,0,0,0,0,1,0,1,0,0,0
فَجر,0,1,0,0,1,0,1,0,1,1
يوم,0,0,0,0,0,0,0,0,0,0
الفجر,0,0,0,0,0,0,0,0,0,0
احلام اليقظة,0,0,0,0,0,0,0,0,0,0
دوخ,0,0,0,0,0,0,0,0,0,0
مذهول,0,0,0,0,0,1,0,0,0,0
مبهر,0,0,0,0,0,0,0,0,0,0
الشماس,0,0,0,0,0,0,0,0,0,1
تعطيل,0,0,0,0,0,1,0,0,0,0
طريق مسدود,0,0,0,0,0,1,0,0,0,0
مميت,1,0,1,1,0,1,0,1,0,0
يصم الآذان,0,0,0,0,0,0,0,0,0,0
الصمم,0,0,0,0,0,0,0,0,0,0
صفقة,0,1,0,0,1,0,1,0,1,1
تاجر,0,0,0,0,0,0,0,0,0,0
التعامل,0,0,0,0,0,0,0,0,0,0
التعاملات,0,0,0,0,0,0,0,0,0,1
عميد,0,0,0,0,0,0,0,0,0,0
العزيز,0,0,0,0,0,0,1,0,0,0
ندرة,0,0,0,0,0,0,0,0,0,0
الموت,1,1,1,1,0,1,0,1,1,0
كارثة,0,0,0,1,0,1,0,1,0,0
قابل للنقاش,0,0,0,0,0,0,0,0,0,0
النقاش,0,0,0,0,0,0,1,0,0,0
الفجور,0,0,1,1,0,1,0,0,0,0
السند,0,1,0,0,0,0,0,0,0,0
مدين,0,0,0,0,0,0,0,0,0,0
حطام,0,0,1,0,0,1,0,0,0,0
دَين,0,0,0,0,0,1,0,1,0,0
المدين,0,0,0,0,0,1,0,0,0,0
لاول مرة,0,0,0,0,0,0,0,0,0,0
"عقد، عشر سنوات",0,0,0,0,0,0,0,0,0,0
المصفق,0,0,0,0,0,0,0,0,0,0
تسوس,0,0,0,1,0,1,0,1,0,0
متحللة,0,0,1,0,0,1,0,1,0,0
فقيد,0,0,0,0,0,1,0,1,0,0
خداع,1,0,1,1,0,1,0,1,1,0
مخادع,0,0,1,0,0,1,0,1,0,0
يخدع,1,0,1,0,0,1,0,1,0,0
خدع,1,0,0,0,0,1,0,0,0,0
خداع,0,0,0,0,0,1,0,0,0,1
أدب,0,0,0,0,0,0,1,0,0,0
مقبول,0,0,0,0,0,0,1,0,0,0
الخداع,0,0,0,0,0,1,0,0,0,0
خادع,0,0,0,0,0,1,0,0,0,0
بلا ريب,0,0,0,0,0,0,0,0,0,0
المتساقطة,0,0,0,0,0,0,0,0,0,0
عدد عشري,0,0,0,0,0,0,0,0,0,0
فك,0,0,0,0,0,0,0,0,0,0
قرار,0,0,0,0,0,0,0,0,0,0
حاسم,0,0,0,0,0,0,0,0,0,0
ظهر السفينة,0,0,0,0,0,0,0,0,0,0
إعلان,0,0,0,0,0,0,0,0,0,0
تفسيري,0,0,0,0,0,0,1,0,0,0
يعلن,0,0,0,0,0,0,0,0,0,0
الانحراف,0,0,0,0,0,1,0,0,0,0
انخفاض,0,0,0,0,0,1,0,0,0,0
يتراجع,0,0,0,0,0,1,0,0,0,0
تتحلل,0,0,1,0,0,0,0,0,0,0
متحللة,0,0,0,0,0,0,0,1,0,0
تقسيم,0,0,1,1,0,1,0,1,0,0
تزيين,0,0,0,0,0,0,0,0,0,0
زخرفة,0,0,0,0,0,0,0,0,0,0
اللياقة,0,0,0,0,0,0,0,0,0,0
شرك,0,0,0,0,0,0,0,0,1,0
تخفيض,0,0,0,0,0,1,0,0,0,0
انخفضت,0,0,0,0,0,0,0,0,0,0
تناقص,0,0,0,0,0,0,0,0,0,0
مرسوم,0,0,0,0,0,0,0,0,0,0
التناقص,0,0,0,0,0,1,0,0,0,0
متداعية,0,0,0,0,0,1,0,0,0,0
شجب,1,0,0,0,0,1,0,0,0,0
إخلاص,0,0,0,0,0,0,1,0,0,0
نستنتج,0,0,0,0,0,0,0,0,0,0
خصم,0,0,0,0,0,1,0,0,0,0
المستقطع,0,0,0,0,0,0,0,0,0,0
الفعل,0,0,0,0,0,0,0,0,0,1
تعميق,0,0,0,0,0,0,0,0,0,0
الغزال,0,0,0,0,0,0,0,0,0,0
تشهير,0,0,1,1,0,1,0,0,0,0
تشهيرية,1,0,0,0,0,1,0,0,0,0
إفتراضي,0,0,1,1,0,1,0,1,0,0
يهزم,0,0,0,0,0,1,0,0,0,0
هزم,0,0,0,0,0,1,0,1,0,0
خلل,1,0,0,0,0,1,0,0,0,0
انشقاق,0,0,0,1,0,1,0,0,0,0
معيب,0,0,1,0,0,1,0,0,0,0
الدفاع,0,0,0,1,0,0,1,0,0,0
المدعى عليه,1,0,0,1,0,0,0,1,0,0
دافع,0,0,0,0,0,0,1,0,0,1
مدافع,0,0,0,0,0,0,1,0,0,1
الدفاع,0,0,0,0,0,0,1,0,0,0
دفاع,1,1,0,1,0,0,1,0,0,0
غير محمي,0,0,0,1,0,1,0,1,0,0
يمكن الدفاع عنه,0,0,0,0,0,0,0,0,0,0
دفاعي,0,0,0,0,0,0,0,0,0,0
تأجيل,0,0,0,0,0,0,0,0,0,0
احترام,0,0,0,0,0,0,1,0,0,1
تأجيل,0,0,0,0,0,1,0,0,0,0
تأجيل,0,0,0,0,0,0,0,0,0,0
التحدي,1,0,1,1,0,1,0,0,0,0
غير هياب جريء,1,0,0,0,0,1,0,0,0,0
نقص,0,0,0,0,0,1,0,0,0,0
عجز,0,0,0,0,0,1,0,0,0,0
حدد,0,0,0,0,0,0,0,0,0,0
مُعرف,0,0,0,0,0,0,0,0,0,0
تعريف,0,0,0,0,0,0,0,0,0,0
نهائي,0,0,0,0,0,0,1,0,0,1
ينكمش,1,0,0,0,0,1,0,1,0,0
الانكماش,0,0,0,1,0,1,0,0,0,0
تشتيت,0,0,0,0,0,0,0,0,0,0
انحراف,0,0,0,0,0,0,0,0,0,0
افتضاض,0,0,0,0,0,0,0,0,0,0
تشوه,0,0,1,0,0,1,0,0,0,0
مشوه,0,0,1,0,0,1,0,1,0,0
تشوه,0,0,1,1,0,1,0,1,0,0
احتيال,1,0,1,0,0,1,0,0,0,0
دفعت,0,0,0,0,0,0,0,0,0,0
ماهر,0,0,0,0,0,0,0,0,0,0
البائد,0,0,0,0,0,1,0,1,0,0
يعصي,1,0,0,1,0,1,0,1,1,0
انحطاط,1,0,1,0,0,1,0,1,0,0
تتدهور,0,0,0,0,0,1,0,0,0,0
تنكس,0,0,0,0,0,0,0,0,0,0
انحلال,0,0,0,0,0,1,0,0,0,0
تحط من قدر,0,0,1,0,0,1,0,0,0,0
تدهور,0,0,1,1,0,1,0,1,0,0
الدرجة العلمية,0,0,0,0,0,0,1,0,0,0
مجفف,0,0,0,0,0,0,0,0,0,0
تأخير,1,0,1,1,0,1,0,1,0,0
تأخير,0,0,0,0,0,1,0,0,0,0
لذيذ,0,0,0,0,0,0,1,0,0,0
مندوب,0,0,0,0,0,0,1,0,0,1
وفد,0,0,0,0,0,0,0,0,0,0
ضار,1,0,1,1,0,1,0,0,0,0
حذف,0,0,0,0,0,1,0,0,0,0
متعمد,0,0,0,0,0,0,1,0,0,0
المداولات,0,0,0,0,0,0,0,0,0,0
تداول,0,0,0,0,0,0,0,0,0,0
رقة,0,0,0,0,0,0,0,0,0,0
لذيذ,0,0,0,0,1,0,1,0,0,0
بهجة,0,1,0,0,1,0,1,0,0,0
مسرور,0,1,0,0,1,0,1,0,1,0
مسعد,0,1,0,0,1,0,1,0,0,1
تحدد,0,0,0,0,0,0,0,0,0,0
الترسيم,0,0,0,0,0,0,0,0,0,0
الانحراف,0,0,0,0,0,1,0,0,0,0
مذنب,1,0,1,0,0,1,0,0,0,0
هذياني,0,0,0,0,0,1,0,1,0,0
هذيان,0,0,1,0,0,1,0,1,0,0
خلاص,0,1,0,0,1,0,1,0,0,1
توصيل,0,1,0,0,0,0,1,0,0,0
ديل,0,0,0,0,0,0,0,0,0,0
دلتا,0,0,0,0,0,0,0,0,0,0
غمر,0,0,0,1,0,1,0,1,1,0
الوهم,1,0,0,1,0,1,0,1,0,0
الوهمية,1,0,0,1,0,1,0,0,0,0
يخوض,0,0,0,0,0,0,0,0,0,0
الطلب,1,0,0,0,0,1,0,0,0,0
متطلبا,0,0,0,0,0,1,0,0,0,0
سلوك,0,0,0,0,0,0,0,0,0,0
مجنون,0,0,0,1,0,1,0,0,0,0
مرض عقلي,0,0,0,1,0,1,0,1,0,0
زوال,0,0,0,1,0,1,0,1,0,0
ديمقراطية,0,0,0,0,0,0,1,0,0,0
ديمقراطي,0,0,0,0,0,0,0,0,0,0
هدم,1,0,0,0,0,1,0,1,0,0
هدم,0,0,0,0,0,1,0,0,0,0
شيطان,1,0,1,1,0,1,0,1,0,0
شيطاني,1,0,1,1,0,1,0,1,0,0
يمكن إثباته,0,0,0,0,0,0,1,0,0,0
يتظاهر,0,0,0,0,0,0,0,0,0,0
مُبَرهن,0,0,0,0,0,0,0,0,0,0
مظاهرة,0,0,0,0,0,0,0,0,0,0
برهنة,0,0,0,0,0,0,0,0,0,0
إيضاحي,0,0,0,0,1,0,1,1,0,0
متظاهر,0,0,0,0,0,0,0,0,0,0
محبط,0,0,0,1,0,1,0,1,0,0
العروض,0,0,0,0,0,0,0,0,0,0
عرين,0,0,0,0,0,0,0,0,0,0
إنكار,0,0,0,0,0,1,0,0,0,0
رفض,0,0,0,0,0,1,0,1,0,0
فئة,0,0,0,0,0,0,0,0,0,0
مذهبي,0,0,0,0,0,0,0,0,0,0
المقام - صفة مشتركة - حالة,0,0,0,0,0,0,0,0,0,0
دل,0,0,0,0,0,0,0,0,0,0
التنديد,1,0,1,0,0,1,0,0,0,0
كثيف,0,0,0,0,0,0,0,0,0,0
كثافة,0,0,0,0,0,0,0,0,0,0
صدمه خفيفه,0,0,0,0,0,0,0,0,0,0
طب الأسنان,0,0,0,1,0,0,0,0,0,0
استنكار,1,0,1,1,0,1,0,0,0,0
ينكر,1,0,0,0,0,1,0,0,0,0
إنكار,0,1,0,0,0,1,0,0,0,0
مزيل عرق,0,0,0,0,0,0,0,0,0,0
تغادر,0,1,0,0,0,0,0,1,0,0
الراحل,0,0,0,0,0,1,0,1,0,0
" قسم، أقسام",0,0,0,0,0,0,0,0,0,0
الاقلاع,0,0,0,0,0,1,0,1,0,0
تعتمد,0,1,0,0,0,0,0,0,0,1
يعتمد,0,0,0,0,0,0,0,0,0,0
الاعتماد,0,0,0,1,0,1,0,1,0,0
الاعتماد,0,0,0,0,0,1,0,0,0,0
يعتمد,0,0,0,0,0,1,1,0,0,1
تصف,0,0,0,0,0,0,0,0,0,0
يصور,0,0,0,0,0,0,0,0,0,0
نضوب,0,0,0,0,0,0,0,0,0,0
مؤسف,1,0,1,1,0,1,0,1,0,0
يأسف,1,0,1,0,0,1,0,1,0,0
نشر,0,0,0,0,0,0,0,0,0,0
إبعاد,0,0,0,1,0,1,0,1,0,0
إبعاد,1,0,0,1,0,1,0,1,0,0
الوديعة,0,0,0,0,0,0,0,0,0,0
الوديع,0,0,0,0,0,0,0,0,0,0
إيداع,0,0,0,0,0,0,0,0,0,0
الوديعة,0,0,0,0,0,0,0,0,0,1
مستودع,0,0,0,0,0,0,0,0,0,0
فاسد,1,1,1,1,0,1,0,1,0,0
الفساد,1,0,1,0,0,1,0,0,0,0
تستهلك,1,0,1,0,0,1,0,0,0,0
مستهلكة,1,0,1,1,0,1,0,1,0,0
الاستهلاك,0,0,0,1,0,1,0,0,0,0
خفض,0,0,0,1,0,1,0,1,0,0
مكتئب,1,0,0,1,0,1,0,1,0,0
محزن,0,0,1,0,0,1,0,1,0,0
كآبة,0,0,0,0,0,1,0,1,0,0
اكتئابي,0,0,0,0,0,1,0,1,0,0
الحرمان,1,0,1,1,0,1,0,1,0,0
عمق,0,0,0,0,0,0,1,0,0,1
النائب,0,0,0,0,0,0,0,0,0,1
الخروج عن مساره,0,0,0,0,0,0,0,0,0,0
مختل,1,0,1,1,0,1,0,0,0,0
مهجور,0,0,0,0,0,1,0,0,0,0
السخرية,1,0,1,0,0,1,0,0,0,0
الاشتقاق,0,0,0,0,0,0,0,0,0,0
المشتق,0,0,0,0,0,0,0,0,0,0
استخلاص,0,0,0,0,0,0,0,0,0,0
جلدي,0,0,0,0,0,0,0,0,0,0
طبيب الجلدية,0,0,0,0,0,0,0,0,0,1
الجلدية,0,0,0,0,0,0,0,0,0,0
عدم التقيد,1,0,1,1,0,1,0,1,0,0
ازدراء,1,0,1,1,0,1,0,1,0,0
تنحدر,0,0,0,0,0,0,0,0,0,0
تنازلي,0,0,0,0,0,0,0,0,0,0
سليل,0,0,0,0,0,0,0,0,0,0
تنازلي,0,0,0,0,0,0,0,0,0,0
نزول,0,0,0,1,0,0,0,1,0,0
يصف,0,0,0,0,0,0,0,0,0,0
وصف,0,0,0,0,0,0,0,0,0,0
وصفي,0,0,0,0,0,0,1,0,0,0
تدنيس,1,0,1,1,0,1,0,1,0,0
صحراء,1,0,1,1,0,1,0,1,0,0
مهجور,1,0,1,1,0,1,0,1,0,0
الهجر,0,0,0,0,0,1,0,0,0,0
استحق,1,1,0,0,0,0,1,0,0,1
استحق,0,0,0,0,0,0,1,0,0,0
تستحق,0,0,0,0,0,0,0,0,0,0
التصميم,0,0,0,0,0,0,0,0,0,0
عين,0,0,0,0,0,0,0,0,0,0
تعيين,0,0,0,0,0,0,0,0,0,1
مصمم,0,0,0,0,0,0,0,0,0,0
مصمم,0,0,0,0,0,0,1,0,0,0
تصميم,0,0,0,0,0,0,0,0,0,0
الرغبة,0,0,0,0,0,0,0,0,0,0
مرغوب فيه,0,0,0,0,0,0,1,0,0,0
الرغبة,0,0,0,0,0,0,1,0,0,0
راغب,0,0,0,0,0,0,1,0,0,0
الكف,1,0,1,0,0,1,0,0,0,0
طاولة مكتب,0,0,0,0,0,0,0,0,0,0
الخراب,0,0,0,1,0,1,0,1,0,0
اليأس,1,0,1,1,0,1,0,1,0,0
اليأس,0,0,0,1,0,1,0,1,0,0
إيفاد,0,0,0,0,0,0,0,0,0,0
متحرّق إلى,0,0,0,0,0,1,0,0,0,0
اليأس,0,0,0,0,0,0,0,0,0,0
"حقير، خسيس",1,0,1,0,0,1,0,0,0,0
يحتقر,1,0,1,0,0,1,0,0,0,0
مستبد,0,0,0,1,0,1,0,0,0,0
الاستبداد,1,0,1,1,0,1,0,1,0,0
الحلوى,0,0,0,0,0,0,0,0,0,0
المكان المقصود,0,1,0,1,1,0,1,1,1,0
متجه,0,1,0,0,0,0,0,0,0,0
مصير,0,0,0,0,0,0,0,0,0,0
فقراء,0,0,0,1,0,1,0,1,0,0
دمرت,1,0,0,1,0,1,0,1,0,0
مدمر,1,0,0,1,0,1,0,0,0,0
تدمير,1,0,0,1,0,1,0,1,0,0
دمار,1,0,0,0,0,1,0,0,0,0
مدمرة,1,0,1,1,0,1,0,0,0,0
فصل,0,0,0,0,0,0,0,0,0,0
منفصل,0,0,0,0,0,0,0,0,0,0
انفصال,0,0,0,0,0,1,0,0,0,0
التفاصيل,0,0,0,0,0,0,0,0,0,0
تفاصيل,0,0,0,0,0,0,0,0,0,0
حجز,0,0,0,0,0,1,0,0,0,0
محتجز,1,1,0,1,0,1,0,1,0,0
يكشف,0,0,0,0,0,0,1,0,0,0
قابل للاكتشاف,0,0,0,0,0,0,0,0,0,0
كشف,0,0,0,0,0,0,1,0,0,0
المحقق,0,0,0,0,0,0,0,0,0,0
كاشف,0,0,0,0,0,0,0,0,0,0
احتجاز,0,0,0,0,0,1,0,1,0,0
ردع,0,0,0,0,0,0,0,0,0,0
منظف,0,0,0,0,0,0,0,0,0,0
تتدهور,0,0,0,1,0,1,0,1,0,0
تدهورت,0,0,1,0,0,1,0,1,0,0
تدهور,1,0,1,1,0,1,0,1,0,0
قابل للتحديد,0,0,0,0,0,0,0,0,0,0
تحدد,0,1,0,0,0,0,0,0,0,1
عزم,0,0,0,0,0,0,1,0,0,1
يحدد,0,0,0,0,0,0,1,0,0,0
يكرهون,1,0,1,0,0,1,0,0,0,0
تنفجر,0,0,0,1,0,1,0,0,1,0
تفجير,1,0,0,0,0,0,0,0,0,0
التفاف,0,0,0,0,0,0,0,0,0,0
ينتقص,1,0,0,0,0,1,0,0,0,0
ضار,0,0,0,0,0,1,0,0,0,0
ضار,0,0,0,0,0,1,0,0,0,0
المخلفات,0,0,0,0,0,1,0,0,0,0
تعؤل,0,0,0,0,0,0,0,0,0,0
يدمر,1,0,0,1,0,1,0,1,0,0
مدمر,1,0,1,1,0,1,0,1,0,1
دمار,1,0,0,1,0,1,0,1,1,0
طور,0,1,0,0,0,0,1,0,0,0
تطوير,0,0,0,0,0,0,0,0,0,0
تطوير,0,0,0,0,0,0,0,0,0,0
انحرف,0,0,0,0,0,0,0,0,0,0
منحرف,0,0,0,0,0,0,0,0,0,0
انحراف,0,0,0,0,0,0,0,1,0,0
جهاز,0,0,0,0,0,0,0,0,0,0
شيطان,1,1,1,1,0,1,0,1,0,0
شيطانية,0,0,1,1,0,1,0,0,0,0
الملتوية,0,0,0,0,0,1,0,0,0,0
ابتكر,0,0,0,0,0,0,0,0,0,0
خال,0,0,0,0,0,0,0,0,0,0
تفويض,0,0,0,0,0,1,0,0,0,0
تفويض,0,0,0,0,0,0,0,0,0,0
تكريس,0,0,0,0,0,0,0,0,0,0
المحب,0,0,0,0,0,0,0,0,0,0
عبادي,0,0,0,0,0,0,1,0,0,1
افترس,0,0,0,0,0,1,0,0,0,0
ورع,0,1,0,0,1,0,1,0,0,1
ندى,0,0,0,0,0,0,0,0,0,0
دكستر,0,0,0,0,0,0,0,0,0,0
البراعة,0,0,0,0,0,0,1,0,0,0
سكر العنب,0,0,0,0,0,0,0,0,0,0
شيطاني,1,0,1,1,0,1,0,0,0,0
تشخبص,0,1,0,1,0,1,0,0,0,1
التشخيص,0,0,0,0,0,0,0,0,0,0
التشخيص,0,0,0,0,0,0,0,0,0,0
رسم بياني,0,0,0,0,0,0,0,0,0,0
يتصل,0,0,0,0,0,0,0,0,0,0
لهجة,0,0,0,0,0,0,0,0,0,0
جدلية,0,0,0,0,0,0,0,0,0,0
حوار,0,0,0,0,0,0,0,0,0,0
قطر الدائرة,0,0,0,0,0,0,0,0,0,0
الماس,0,0,0,0,1,0,1,0,0,0
الماس,0,0,0,0,0,0,0,0,0,0
حفاضات,0,0,1,0,0,0,0,0,0,0
الحجاب الحاجز,0,0,0,0,0,0,0,0,0,0
إسهال,0,0,1,0,0,0,0,0,0,0
مذكرات,0,0,0,0,1,0,1,0,0,1
خطبة خطبة,1,0,1,0,0,1,0,0,0,0
حجر النرد,0,0,0,0,0,0,0,0,0,0
ثنائي التفرع,0,0,0,0,0,0,0,0,0,0
تفرع ثنائي,0,0,0,0,0,0,0,0,0,0
تملي,0,0,0,0,0,0,0,0,0,0
إملاء,0,0,0,0,0,0,0,0,0,0
دكتاتور,0,0,0,1,0,1,0,0,0,0
دكتاتوري,1,0,0,0,0,1,0,0,0,0
دكتاتورية,1,1,1,1,0,1,0,1,0,0
الالقاء,0,0,0,0,0,0,0,0,0,0
قاموس,0,0,0,0,0,0,1,0,0,1
القول المأثور,0,0,0,0,0,0,0,0,0,1
وعظي,0,0,0,0,0,0,1,0,0,0
موت,0,0,0,1,0,1,0,1,0,0
حمية,0,0,0,0,0,0,0,0,0,0
ذو علاقة بالحمية,0,1,0,0,0,0,1,0,0,0
اختلف,0,0,0,0,0,0,0,0,0,0
فرق,0,0,0,0,0,0,0,0,0,0
اختلافات,0,0,0,0,0,0,0,0,0,0
التفاضليه,0,0,0,0,0,0,0,0,0,1
التفاضل,0,0,0,0,0,0,0,0,0,0
بشكل مختلف,0,0,0,0,0,0,0,0,1,0
تختلف,0,0,0,0,0,0,0,0,0,0
صعبة,0,0,0,1,0,0,0,0,0,0
الصعوبات,0,0,0,0,0,1,0,1,0,0
صعوبة,1,0,0,1,0,1,0,1,0,0
منتشر,0,0,0,0,0,0,0,0,0,0
تعريف,0,0,0,0,0,0,0,0,0,0
حفر,0,0,0,0,0,0,0,0,0,0
استوعب,0,0,0,0,0,0,0,0,0,0
الهضم,0,0,0,0,0,0,0,0,0,0
رقم,0,0,0,0,0,0,0,0,0,1
كريمة,0,0,0,0,0,0,1,0,0,0
كرامة,0,0,0,0,0,0,1,0,0,1
استطرادا,0,1,0,0,0,1,0,0,0,0
الحفريات,0,0,0,0,0,0,0,0,0,0
سد,0,0,0,1,0,0,0,0,0,0
متداعية,0,0,1,0,0,1,0,1,0,0
اتساع,0,0,0,0,0,0,0,0,0,0
تمدد,0,0,0,0,0,0,0,0,0,0
معضلة,0,0,0,0,0,0,0,0,0,0
اجتهاد,0,0,0,0,0,0,1,0,0,1
مجتهد,0,0,0,0,0,0,0,0,0,0
مادة التخفيف,0,0,0,0,0,0,0,0,0,0
يميع \ يخفف,0,0,0,0,0,1,0,0,0,0
مخفف,0,0,0,0,0,0,0,0,0,0
تخفيف,0,0,0,0,0,0,0,0,0,0
عشرة سنتات,0,0,0,0,0,0,0,0,0,0
البعد,0,0,0,0,0,0,0,0,0,0
يقلل,0,0,0,0,0,1,0,1,0,0
تقلص,0,0,0,0,0,1,0,0,0,0
تناقص,0,0,0,0,0,0,0,0,0,0
ضآلة,0,0,0,0,0,0,0,0,0,0
دين,0,0,0,0,0,1,0,0,0,0
تناول العشاء,0,0,0,0,0,0,0,0,0,0
العشاء,0,0,0,0,0,0,0,0,0,0
وجبة عشاء,0,0,0,0,0,0,1,0,0,0
ديناصور,0,0,0,1,0,0,0,0,0,0
طعج,0,0,0,0,0,0,0,0,0,0
أبرشية,0,0,0,0,0,0,0,0,0,0
أبرشية,0,0,0,0,0,0,0,0,0,0
الديوراما,0,0,0,0,0,0,0,0,0,0
تراجع,0,0,0,0,0,0,0,0,0,0
شهادة دبلوم,0,0,0,0,0,0,0,0,0,0
الدبلوماسية,0,1,0,0,0,0,1,0,0,1
دبلوماسي,0,0,0,0,0,0,0,0,0,0
دبلوماسي,0,0,0,0,0,0,1,0,0,1
رهيب,0,0,1,1,0,1,0,1,1,0
توجه,0,0,0,0,0,0,0,0,0,0
اتجاه,0,0,0,0,0,0,0,0,0,0
مباشرة,0,0,0,0,0,0,0,0,0,0
مدير,0,0,0,0,0,0,1,0,0,1
الدليل,0,0,0,0,0,0,0,0,0,0
التراب,0,0,1,0,0,1,0,0,0,0
متسخ,0,0,1,0,0,1,0,0,0,0
عجز,0,0,0,0,0,1,0,1,0,0
تعطيل,0,0,0,1,0,1,0,1,0,0
معاق,0,0,0,1,0,1,0,1,0,0
عيب,0,0,0,0,0,0,0,0,0,0
ساخط,0,0,0,0,0,1,0,0,0,0
تعارض,1,0,0,0,0,1,0,0,0,0
بغيض,0,0,0,0,0,0,0,0,0,0
غير موافق,1,0,0,0,0,1,0,1,0,0
الخلاف,1,0,0,0,0,1,0,1,0,0
عدم السماح,0,0,0,0,0,0,0,0,0,0
غير مسموح,1,0,1,1,0,1,0,1,0,0
يختفي,0,0,0,1,0,0,0,0,0,0
اختفاء,0,0,0,0,0,0,0,0,0,0
تختفي,0,0,0,0,0,0,0,0,0,0
يخيب,1,0,1,0,0,1,0,1,0,0
خائب الامل,1,0,1,0,0,1,0,1,0,0
مخيب للامال,0,0,0,0,0,1,0,1,0,0
خيبة الامل,0,0,1,0,0,1,0,1,0,0
الرفض,0,0,0,0,0,1,0,1,0,0
رفض,1,0,1,1,0,1,0,1,0,0
مرفوض,1,0,0,0,0,1,0,1,0,0
رافضة,1,0,1,0,0,1,0,1,0,0
نزع سلاح,0,0,0,0,0,0,0,0,0,0
فوضى,0,0,0,0,0,0,0,0,0,0
كارثة,1,0,1,1,0,1,0,1,1,0
كارثي,1,0,0,1,0,1,0,1,0,0
حل \ سرح,0,0,0,0,0,0,0,0,0,0
الكفر,0,0,0,0,0,0,0,0,0,0
كفر,0,0,0,0,0,1,0,0,0,0
صرف,0,0,0,0,0,0,0,0,0,0
الصرف,0,0,0,0,0,0,0,0,0,0
قرص,0,0,0,0,0,0,0,0,0,0
مهملة,0,0,0,0,0,0,0,0,0,0
المرتجع,0,0,0,0,0,1,0,0,0,0
تميز - تدرك,0,0,0,0,0,0,0,0,0,0
يمكن تمييزه,0,0,0,0,0,0,0,0,0,0
فطنة,0,0,0,0,0,0,0,0,0,0
تميز,0,0,0,0,0,0,0,0,0,0
إبراء الذمة,0,0,0,0,0,1,0,0,0,0
المريد,0,0,0,0,0,0,0,0,0,1
انضباط,0,0,0,1,0,1,0,0,0,0
تنصل,1,0,1,0,0,1,0,0,0,1
تنصل,0,0,0,0,0,0,0,0,0,0
الكشف عن,0,0,0,0,0,0,0,0,0,0
كشف,0,0,0,0,0,0,0,0,0,1
إفشاء,0,0,0,0,0,0,0,0,0,0
تلون,0,0,1,0,0,1,0,0,0,0
مشوه,0,0,1,0,0,1,0,1,0,0
عدم ارتياح,0,0,0,0,0,1,0,1,0,0
قطع الاتصال,0,0,0,0,0,1,0,1,0,0
انقطع الاتصال,0,0,0,0,0,1,0,1,0,0
قطع الاتصال,0,0,0,0,0,1,0,0,0,0
استياء,1,0,1,1,0,1,0,1,0,0
التوقف,0,0,0,0,0,0,0,0,0,0
توقف,0,0,0,0,0,1,0,0,0,0
انقطاع,0,0,1,1,0,1,0,1,0,0
متقطع,0,0,0,0,0,0,0,0,0,0
الخلاف,1,0,1,0,0,1,0,0,0,0
تخفيض,0,0,0,0,0,0,0,0,0,0
مخفضة,0,0,0,0,0,0,0,0,0,0
تثبط,0,0,0,1,0,1,0,1,0,0
محبط,0,0,0,0,0,0,0,0,0,0
تثبيط,0,0,0,0,0,1,0,0,0,0
الحوار,0,0,0,0,0,0,0,0,0,0
يكتشف,0,0,0,0,0,0,0,0,0,0
اكتشاف,0,0,0,0,0,0,1,0,0,0
تشويه سمعة,0,0,0,0,0,1,0,0,0,0
متحفظ,0,1,0,0,0,0,1,0,0,0
تناقض,0,0,0,0,0,0,0,0,0,0
منفصله,0,0,0,0,0,0,0,0,0,0
حرية التصرف,0,1,0,0,0,0,1,0,0,1
متوفر,0,0,0,0,0,0,1,0,0,0
تميز,1,0,0,0,0,1,0,1,0,0
تمييزي,0,0,1,0,0,1,0,0,0,0
تمييز,1,0,1,1,0,1,0,1,0,0
القرص,0,0,0,0,0,0,0,0,0,0
تناقش,0,0,0,0,0,0,0,0,0,0
نقاش,0,0,0,0,0,0,1,0,0,0
ازدراء,1,0,1,0,0,1,0,0,0,0
مرض,1,0,1,1,0,1,0,1,0,0
مريض,0,0,1,1,0,1,0,1,0,0
بلا جسد,0,0,0,1,0,1,0,1,0,0
فك الارتباط,0,0,0,0,0,0,0,0,0,0
فك الارتباط,0,0,0,0,0,1,0,0,0,0
مشوه,1,0,1,1,0,1,0,1,0,0
عار,1,0,1,0,0,1,0,1,0,0
عار,1,0,1,0,0,1,0,1,0,0
مخز,1,0,1,0,0,1,0,0,0,0
ساخط,1,0,1,0,0,1,0,1,0,0
تمويه,0,0,0,0,0,0,0,0,0,0
متنكرا,0,0,0,0,0,0,0,0,0,0
الاشمئزاز,1,0,1,1,0,1,0,1,0,0
مقزز,1,0,1,1,0,1,0,0,0,0
طبق,0,0,0,0,0,0,0,0,0,0
بخيبة أمل,0,0,0,0,0,1,0,1,0,0
مثبط للهمم,0,0,0,0,0,1,0,1,0,0
غير شريفة,1,0,1,0,0,1,0,1,0,0
عدم الأمانة,0,0,1,0,0,1,0,0,0,0
العار,1,0,1,1,0,1,0,1,0,0
خيبة الأمل,1,0,1,0,0,1,0,1,0,0
تطهير,0,0,0,0,0,0,0,0,0,0
مطهر,0,0,0,0,0,0,0,0,0,0
التطهير,0,0,0,0,0,0,1,0,0,0
معلومات مضللة,1,0,0,1,0,1,0,0,0,0
مخادع,0,0,1,0,0,1,0,0,0,0
تتفكك,0,0,1,1,0,1,0,0,0,0
تفكك,0,0,0,0,0,1,0,0,0,0
نزيه,0,0,0,0,0,1,0,0,0,0
منفصل,0,0,0,0,0,0,0,0,0,0
مفكك,0,0,0,0,0,0,0,0,0,0
طباقي,0,0,0,0,0,0,0,0,0,0
القرص,0,0,0,0,0,0,0,0,0,0
قرص مرن,0,0,0,0,0,0,0,0,0,0
لم يعجبنى,1,0,1,0,0,1,0,0,0,0
لم يعجبني,1,0,0,0,0,1,0,1,0,0
مخلوع,1,0,1,1,0,1,0,1,0,0
الخلع,0,0,0,0,0,0,0,0,0,0
طرد,0,0,0,0,0,0,0,0,0,0
كئيب,0,0,1,1,0,1,0,1,0,0
الفزع,1,1,0,1,0,1,0,1,1,0
التقطيع,0,0,1,1,0,1,0,1,0,0
رفض,0,0,0,0,0,0,0,0,0,0
الفصل,1,0,1,1,0,1,0,1,1,0
ترجل,0,0,0,0,0,0,0,0,0,0
العصيان,1,0,1,0,0,1,0,0,0,0
عاصي,1,0,0,0,0,1,0,0,0,0
عصى,1,0,1,0,0,1,0,0,0,0
اضطراب,0,0,0,1,0,1,0,0,0,0
غير منظم,0,0,0,0,0,1,0,0,0,0
غير منظم,0,0,0,0,0,1,0,0,0,0
الاستخفاف,1,0,1,0,0,1,0,1,0,0
الاستخفاف,1,0,1,0,0,1,0,1,0,0
متباينة,0,0,0,0,0,0,0,0,0,0
التفاوت,1,0,1,0,0,1,0,1,0,0
نزيه,0,0,0,0,0,1,0,1,0,0
إرسال,0,0,0,0,0,0,0,0,0,0
تبديد,0,0,0,0,0,1,0,1,0,0
توزيع,0,0,0,0,0,0,0,0,0,0
الاستغناء,0,0,0,0,0,0,0,0,0,0
شتت,0,0,0,0,0,0,0,0,0,0
مشتت,0,0,0,0,0,0,0,0,0,0
تشتت,0,0,0,0,0,1,0,0,0,0
تهجير,0,0,0,0,0,1,0,0,0,0
نازحين,1,0,0,1,0,0,0,1,0,0
الإزاحة,0,0,0,0,0,0,0,0,0,0
عرض,0,0,0,0,0,0,0,0,0,0
مستاء,1,0,1,1,0,1,0,1,0,0
استياء,0,0,1,0,0,1,0,0,0,0
ازالة,0,0,0,0,0,1,0,0,0,0
تخلص,0,0,1,0,0,0,0,0,0,0
استبعاده,0,1,0,0,0,0,1,0,0,1
تغير,0,0,0,0,0,0,0,0,0,0
جرداء,1,0,0,1,0,1,0,1,0,0
دحض,0,0,0,0,0,0,0,0,0,0
خلاف,1,0,0,0,0,1,0,0,0,0
تنحية,0,0,0,0,0,1,0,0,0,0
غير مؤهل,1,0,1,0,0,1,0,1,0,0
عدم أهلية,0,0,0,0,0,1,0,1,0,0
تجاهل,0,0,0,0,0,1,0,0,0,0
متجاهل,0,0,1,0,0,1,0,0,0,0
سيئ السمعة,1,0,1,1,0,1,0,0,0,0
سمعة,0,0,0,0,0,0,0,0,0,0
عدم احترام,1,0,0,0,0,1,0,0,0,0
عدم الاحترام,1,0,1,1,0,1,0,1,0,0
خلل,1,0,0,1,0,1,0,0,1,0
عدم الرضا,0,0,0,0,0,1,0,0,0,0
غير راض,0,0,0,0,0,0,0,0,0,0
تشريح,0,0,0,0,0,0,0,0,0,0
تشريح,0,0,1,0,0,0,0,0,0,0
ينشر,0,0,0,0,0,0,1,0,0,0
النشر,0,0,0,0,0,0,0,0,0,0
الخلاف,1,0,0,0,0,1,0,0,0,0
معارضة,0,0,0,0,0,0,0,0,0,0
معارضة,0,0,0,0,0,1,0,0,0,0
أطروحة,0,0,0,0,0,0,0,0,0,0
ضرر,1,0,1,0,0,1,0,1,0,0
المنشق,1,0,0,1,0,1,0,0,0,0
غير متشابه,0,0,0,0,0,0,0,0,0,0
تبدد,0,0,0,0,0,0,0,0,0,0
تتبدد,0,0,0,0,0,0,0,0,0,0
التفكك,0,0,0,0,0,0,0,0,0,0
تحلل,1,0,0,1,0,1,0,1,1,0
تذوب,0,0,0,0,0,0,0,0,0,0
التنافر,1,0,0,0,0,1,0,0,0,0
ثني,0,0,0,0,0,0,0,0,0,0
القاصي,0,0,0,0,0,0,0,0,0,0
مسافه: بعد,0,0,0,0,0,0,0,0,0,0
بعيد,0,0,0,0,0,0,0,0,0,0
كراهيه,0,0,1,0,0,1,0,0,0,0
مقيت,0,0,1,0,0,1,0,0,0,0
نواتج التقطير,0,0,0,0,0,0,0,0,0,0
التقطير,0,0,0,0,0,0,1,0,0,0
امتياز,0,0,0,0,0,0,1,0,0,0
متميز,0,0,0,0,0,0,0,0,0,0
تميز,0,0,0,0,0,0,0,0,0,0
مميز,0,0,0,0,0,0,0,0,0,0
مميز,0,0,0,0,0,0,0,0,0,0
مميز,0,0,0,0,0,0,0,0,0,0
المحرفة,0,0,1,0,0,1,0,0,0,0
تشوه,0,0,0,0,0,1,0,0,0,0
يصرف,0,0,0,0,0,1,0,0,0,0
مشتت الذهن,1,0,0,0,0,1,0,0,0,0
تشتيت الانتباه,1,1,0,0,0,1,0,0,0,0
إلهاء,0,0,0,0,0,1,0,0,0,0
مضطرب,0,0,0,0,0,1,0,1,0,0
محنة,1,0,1,1,0,1,0,1,1,0
محزن,0,0,0,1,0,1,0,0,0,0
مؤلم,1,0,0,1,0,1,0,0,0,0
نشر,0,0,0,0,0,0,0,0,0,0
توزيع,0,0,0,0,0,0,0,0,0,0
منطقة,0,0,0,0,0,0,0,0,0,0
عدم الثقة,1,0,1,1,0,1,0,0,0,0
إزعاج,1,0,0,1,0,1,0,1,1,0
مختل,1,0,0,0,0,1,0,1,0,0
إهمال,0,0,0,0,0,1,0,0,0,0
مهجور,1,0,0,0,0,1,0,0,0,0
يتخلص من,0,0,0,0,0,0,0,0,0,0
نفس الشيء,0,0,0,0,0,0,0,0,0,0
ديتي,0,0,0,0,1,0,1,0,0,0
نهاري,0,0,0,0,0,0,0,0,0,0
ديوان,0,0,0,0,0,0,0,0,0,1
يغوص,0,0,0,0,0,0,0,0,0,0
غواص,0,0,0,0,0,0,0,0,0,0
تشعب,0,0,0,0,0,0,0,0,0,0
تشعب,0,0,0,0,0,0,0,0,0,0
متشعب,0,0,0,0,0,1,0,0,1,0
متشعب,0,0,0,0,0,0,0,0,0,0
الغواصين,0,0,0,0,0,0,0,0,0,0
متنوع,0,0,0,0,0,1,1,0,0,0
متنوع,0,0,0,0,0,0,1,0,0,0
تنويع,0,0,0,0,0,0,0,0,0,0
تحويل,0,0,0,0,0,0,1,0,1,0
تنوع,0,0,0,0,0,0,0,0,0,0
تحويل,0,0,0,0,0,0,0,0,0,0
التحويل,0,0,0,0,0,0,0,0,0,0
تجريد,0,0,0,0,0,0,0,0,0,0
جرد,0,0,0,0,0,1,0,0,0,0
تصفية,0,0,0,0,0,1,0,0,0,0
يقسم,0,0,0,0,0,0,0,0,0,0
منقسم,0,0,0,0,0,0,0,0,0,0
توزيعات ارباح,0,0,0,0,0,0,0,0,0,0
عرافة,0,1,0,0,0,0,0,0,0,0
إلهي,0,0,0,0,0,0,0,0,0,0
ألوهية,0,0,0,0,0,0,1,0,0,0
قابل للقسمة,0,0,0,0,0,0,0,0,0,0
قطاع,0,0,0,0,0,0,0,0,0,0
المقسوم عليه,0,0,0,0,0,0,0,0,0,0
الطلاق,1,0,1,1,0,1,0,1,1,1
إفشاء,0,0,0,0,0,0,0,0,0,0
دوخة,0,0,0,0,0,1,0,0,0,0
دائِخ,0,0,0,0,0,1,0,0,0,0
منصاع,0,0,0,0,0,0,0,0,0,0
الرصيف,0,0,0,0,0,0,0,0,0,0
رست,0,0,0,0,0,1,0,0,0,0
جدول,0,0,0,0,0,0,0,0,0,0
طبيب,0,0,0,0,0,0,1,0,0,1
مذهبي,0,0,0,0,0,0,0,0,0,0
عقيدة,0,0,0,0,0,0,0,0,0,1
وثيقة,0,0,0,0,0,0,0,0,0,0
وثائقي,0,0,0,0,0,0,0,0,0,0
يتملص,0,0,0,0,0,0,0,0,0,0
المراوغة,0,0,0,0,0,0,0,0,0,0
ظبية,0,0,0,0,0,0,0,0,0,0
الفاعل,0,0,0,0,0,0,1,0,0,0
كلب,0,0,0,0,0,0,0,0,0,0
عنيد,0,0,0,0,0,0,1,0,0,0
العقيدة,0,0,0,0,0,0,0,0,0,1
متزمت,0,0,0,0,0,0,0,0,0,0
أفعال,0,0,0,0,0,0,0,0,0,0
افعلها,0,0,0,0,0,1,0,0,0,0
ركود,0,0,0,0,0,1,0,1,0,0
إعانة,0,0,0,0,0,1,0,1,0,0
لعبة,0,0,0,0,1,0,0,0,0,0
دولار,0,0,0,0,0,0,0,0,0,0
دولور,0,0,0,0,0,1,0,1,0,0
دولفين,0,0,0,0,1,0,1,0,1,1
نطاق,0,0,0,0,0,0,0,0,0,0
قبة,0,0,0,0,0,0,0,0,0,0
المنزلي,0,0,0,0,0,0,0,0,0,0
مستأنسة,0,0,0,0,0,0,0,0,0,0
تدجين,0,0,0,0,0,0,0,0,0,0
موطن,0,0,0,0,0,0,0,0,0,0
موطن,0,0,0,0,0,0,0,0,0,0
هيمنة,0,0,0,0,0,0,0,0,0,0
مهيمن,0,0,0,1,0,1,0,0,0,0
تسيطر,1,0,0,1,0,1,1,0,0,0
تهيمن,0,0,0,0,0,0,0,0,0,0
هيمنة,1,0,0,1,0,1,0,1,0,0
السيادة,0,0,0,1,0,0,0,0,0,1
الدومينو,0,0,0,0,0,0,0,0,0,0
اِتَّشَح,0,0,0,0,0,0,1,0,0,1
هبة,0,0,0,0,0,0,1,0,0,0
حمار,0,0,1,0,0,1,0,0,0,0
جهات مانحة,0,0,0,0,0,0,0,0,0,0
خربش,0,0,0,0,0,1,0,0,0,0
الموت,0,0,0,1,0,1,0,0,0,0
محكوم,0,0,0,1,0,1,0,1,0,0
يوم القيامة,1,1,1,1,0,1,0,1,0,0
باب,0,0,0,0,0,0,0,0,0,0
جرس الباب,0,0,0,0,0,0,0,0,0,0
مدخل,0,0,0,0,0,0,0,0,0,0
في سبات عميق,0,0,0,0,0,0,0,0,0,0
مسكن,0,0,0,0,0,0,0,0,0,0
ظهري,0,0,0,0,0,0,0,0,0,0
جرعة,0,0,0,0,0,0,0,0,0,0
نقطة,0,0,0,0,0,0,0,0,0,0
مزدوج,0,0,0,0,0,0,0,0,0,0
تضاعف,0,0,0,0,0,0,0,0,0,0
صدرة ضيقة,0,0,0,0,0,0,0,0,0,0
مضاعفة,0,0,0,0,0,0,0,0,0,0
شك,0,0,0,1,0,1,0,1,0,1
مشكوك فيه,0,0,0,0,0,1,0,0,0,0
شك,0,0,0,0,0,1,0,0,0,0
بلا شك,0,0,0,0,0,0,1,0,0,1
نضح,0,0,0,0,0,1,0,0,0,0
عجينة,0,0,0,0,0,0,0,0,0,0
الدونات,0,0,0,0,0,0,0,0,0,0
عنيد,0,0,0,0,0,1,0,0,0,0
حمامة,0,1,0,0,1,0,1,0,0,1
مسبل,0,0,0,0,0,0,0,0,0,0
سقوط,0,0,0,1,0,1,0,1,0,0
انحدار,0,0,0,0,0,0,0,0,0,0
هطول الامطار,0,0,0,0,0,0,0,0,0,0
بصراحة,0,0,0,0,0,0,0,0,0,1
ناعم,0,0,0,0,0,0,1,0,0,0
مهر,0,0,0,0,0,0,0,0,0,0
نعس,0,0,0,0,0,0,0,0,0,0
دزينة,0,0,0,0,0,0,0,0,0,0
مومس,0,0,0,0,0,1,0,1,0,0
مسودة,0,1,0,0,0,0,0,0,0,0
يجر,0,0,0,0,0,0,0,0,0,0
تنين,0,0,0,1,0,0,0,0,0,0
بالُوعَة,0,0,0,0,0,0,0,0,0,0
تصريف المياه,0,0,0,0,0,1,0,0,0,0
ينضب,0,0,0,0,0,0,0,0,0,0
دريك,0,0,0,0,0,0,0,0,0,0
دراما,0,0,0,0,0,0,0,0,0,0
دراماتيكي,0,0,0,0,0,0,0,0,0,0
ثنى,0,0,0,0,0,0,0,0,0,0
ستائر,0,0,0,0,0,0,0,0,0,0
عنيف,0,0,0,0,0,0,0,0,0,0
غاطس السفينة,0,0,0,0,0,0,0,0,0,0
سحب,0,0,0,0,0,0,0,0,0,0
عائق,0,0,0,0,0,1,0,0,0,0
الدرج,0,0,0,0,0,0,0,0,0,0
أدراج,0,0,0,0,0,0,0,0,0,0
رسم,0,0,0,0,0,0,0,0,0,0
الرهبة,0,1,0,1,0,1,0,0,0,0
مروع,1,1,1,1,0,1,0,1,0,0
بشكل مخيف,0,0,1,1,0,1,0,1,1,0
حلم,0,0,0,0,0,0,0,0,0,0
حالم,0,0,0,0,0,0,0,0,0,0
يحلم,0,0,0,0,0,0,0,0,0,0
حالمة,0,0,0,0,0,0,0,0,0,0
كئيب,0,0,0,0,0,1,0,1,0,0
نعرات,0,0,0,0,0,0,0,0,0,0
منقوع,0,0,0,0,0,0,0,0,0,0
مضمد,0,0,0,0,0,0,0,0,0,0
التقطر,0,0,0,0,0,0,0,0,0,0
جافة,0,0,0,0,0,0,0,0,0,0
أكثر جفافا,0,0,0,0,0,0,0,0,0,0
المغزى,0,0,0,0,0,0,0,0,0,0
انجرفت,0,0,0,0,0,0,0,0,0,0
تدريبات,0,0,0,0,0,0,0,0,0,0
يشرب,0,0,0,0,0,0,0,0,0,0
الشرب,0,0,0,0,0,1,0,0,0,0
تقطر,0,0,0,0,0,0,0,0,0,0
يقطر,0,0,0,0,0,0,0,0,0,0
الهراء,0,0,1,0,0,1,0,0,0,0
سائق,0,0,0,0,0,0,0,0,0,0
طريق خاص,0,0,0,0,0,0,0,0,0,0
رذاذ,0,0,0,0,0,0,0,0,0,0
مهرج,0,0,0,0,0,0,0,0,0,0
طائرة بدون طيار,0,0,0,0,0,1,0,0,0,0
سال لعابه,0,0,1,0,0,0,0,0,0,0
تدلى,0,0,0,0,0,1,0,0,0,0
يسقط,0,0,0,0,0,0,0,0,0,0
قطيرة,0,0,0,0,0,0,0,0,0,0
جفاف,0,0,0,0,0,1,0,0,0,0
قاد,0,0,0,0,0,0,0,0,0,0
يغرق,0,0,0,1,0,1,0,1,0,0
النعاس,0,0,0,0,0,1,0,0,0,0
نعسان,0,0,0,0,0,0,0,0,0,0
الكدح,0,0,0,0,0,1,0,0,0,0
دواء,0,0,0,0,0,0,0,0,0,0
مخدر,0,0,0,0,0,0,0,1,0,0
صيدلية,0,0,0,0,0,0,0,0,0,0
الكاهن,0,0,0,0,0,0,0,0,0,0
طبل,0,0,0,0,0,0,0,0,0,0
الطبال,0,0,0,0,0,0,0,0,0,0
قرع الطبول,0,0,0,0,0,0,0,0,0,0
سكران,0,0,1,0,0,1,0,0,0,0
السكر,0,0,0,0,0,1,0,0,0,0
جاف,0,0,0,0,0,0,0,0,0,0
جفاف,0,0,0,0,0,0,0,0,0,0
مزدوج,0,0,0,0,0,0,0,0,0,0
ثنائية,0,0,0,0,0,0,0,0,0,0
ازدواجية,0,0,0,0,0,0,0,0,0,0
يصفه,0,0,0,0,0,0,0,0,0,0
متردد,0,0,0,1,0,1,0,0,0,1
البط,0,0,0,0,0,0,0,0,0,0
قناة,0,0,0,0,0,0,0,0,0,0
مطيل,0,0,0,0,0,0,0,0,0,0
الفاشلة,0,0,0,0,0,0,0,0,0,0
بسبب,0,0,0,0,0,0,0,0,0,0
مبارزة,1,1,0,1,0,0,0,0,0,0
المستحقات,0,0,0,0,0,0,0,0,0,0
دويتو,0,0,0,0,0,0,1,0,0,0
مخبأ,0,0,0,0,0,0,0,0,0,0
دوق,0,0,0,0,0,0,1,0,0,0
ممل,0,0,0,0,0,1,0,1,0,0
غبي,0,0,0,0,0,1,0,0,0,0
غبي,0,0,0,0,0,1,0,0,0,0
أحمق,0,0,0,0,0,0,0,0,0,0
مقالب,1,0,0,0,0,1,0,1,0,0
كميت,0,0,0,0,0,1,0,0,0,0
الكثبان الرملية,0,0,0,0,0,0,0,0,0,0
روث,0,0,1,0,0,0,0,0,0,0
زنزانة,0,0,0,1,0,1,0,0,0,0
الثنائي,0,0,0,0,0,0,0,0,0,0
مغفل,1,0,0,0,0,1,0,0,0,0
مزدوج,0,0,0,0,0,0,0,0,0,0
مكرر,0,0,0,0,0,0,0,0,0,0
الازدواجية,0,0,0,0,0,0,0,0,0,0
الازدواجية,1,0,0,0,0,1,0,0,0,0
متانة,0,0,0,0,0,0,1,0,0,1
متين,0,0,0,0,0,0,1,0,0,1
المدة الزمنية,0,0,0,0,0,0,0,0,0,0
إكراه,1,0,1,1,0,1,0,1,0,0
الغسق,0,0,0,0,0,0,0,0,0,0
داكن,0,0,0,0,0,0,0,0,0,0
تراب,0,0,0,0,0,1,0,0,0,0
منفضة الغبار,0,0,0,0,0,0,0,0,0,0
مغبر,0,0,0,0,0,0,0,0,0,0
مطيع,0,1,0,0,0,0,1,0,0,1
قزم,0,0,0,0,0,0,0,0,0,0
قزم,0,0,0,1,0,1,0,1,0,0
يسكن,0,0,0,0,0,0,0,0,0,0
ساكن,0,0,0,0,0,0,0,0,0,0
مسكن,0,0,0,0,0,0,0,0,0,0
صبغ,0,0,0,0,0,0,0,0,0,0
الموت,1,0,1,1,0,1,0,1,0,0
سد,0,0,0,0,0,0,0,0,0,0
متحرك,0,0,0,0,0,0,0,0,1,0
ديناميكي,0,0,0,0,0,0,0,0,0,0
ديناميات,0,0,0,0,0,0,0,0,0,0
ديناميت,0,0,0,0,0,0,0,0,0,0
سلالة حاكمة,0,0,0,0,0,0,0,0,0,0
الزحار,0,0,1,0,0,1,0,1,0,0
سوء الهضم,0,0,0,0,0,0,0,0,0,0
حريص,0,1,0,0,1,0,1,0,1,1
رغبه قويه,0,1,0,0,1,0,1,0,0,1
نسر,0,0,0,0,0,0,0,0,0,1
أذن,0,0,0,0,0,0,0,0,0,0
الايرل لقب انكليزي,0,0,0,0,0,0,1,0,0,0
ابكر,0,0,0,0,0,0,0,0,0,0
مبكر,0,0,0,0,0,0,0,0,0,0
يكسب,0,0,0,0,0,0,1,0,0,0
جدي,0,0,0,0,0,0,1,0,0,0
بجدية,0,0,0,0,0,0,1,0,0,0
الجدية,0,0,0,0,0,0,1,0,0,0
الأرباح,0,0,0,0,0,0,0,0,0,0
حلق الاذن,0,0,0,0,0,0,0,0,0,0
طلق الأذن,0,0,0,0,0,0,0,0,0,0
الارض,0,0,0,0,0,0,0,0,0,0
خزف,0,0,0,0,0,0,0,0,0,0
أرضي,0,0,0,0,0,0,0,0,0,0
هزة أرضية,1,0,0,1,0,1,0,1,1,0
ترابي,0,0,0,0,0,0,0,0,0,0
يُسَهّل,0,0,0,0,0,0,1,0,0,0
الحامل,0,0,0,0,0,0,0,0,0,0
الارتفاق,0,0,0,0,0,0,1,0,0,0
بسهولة,0,0,0,0,0,0,0,0,0,0
سهل,0,0,0,0,0,0,0,0,0,0
عيشة رغيدة,0,0,0,0,0,0,1,0,0,0
تأكل,0,0,0,0,0,0,1,0,0,0
يتناول الطعام,0,0,0,0,0,0,0,0,0,0
التنصت,0,0,0,0,0,1,0,0,0,0
جزر,0,0,0,0,0,0,0,0,0,0
خشب الأبنوس,0,0,0,0,0,0,0,0,0,0
غريبة الاطوار,0,0,0,0,0,0,0,0,0,0
شذوذ,0,0,0,0,0,0,0,0,0,0
كنسي,0,0,0,0,0,0,0,0,0,0
صدى صوت,0,0,0,0,0,0,0,0,0,0
انتقائي,0,0,0,0,0,0,0,0,0,0
كسوف,0,0,0,0,0,0,0,0,0,0
مسير الشمس,0,0,0,0,0,0,0,0,0,0
اقتصادية,0,0,0,0,0,0,0,0,0,0
اقتصاديات,0,0,0,0,0,0,0,0,0,0
اقتصاد,0,0,0,0,0,0,0,0,0,1
نشوة,0,1,0,0,1,0,1,0,0,0
شاطح,0,1,0,0,1,0,1,0,1,0
مسكوني,0,0,0,0,0,0,0,0,0,0
إيدي,0,0,0,0,0,0,0,0,0,0
حافة,0,0,0,0,0,0,0,0,0,0
متفوقا,0,0,0,0,0,0,0,0,0,0
صالح للأكل,0,0,0,0,0,0,0,0,0,0
مرسوم,0,0,0,1,0,1,0,0,0,0
التنوير,0,1,0,0,1,0,1,0,0,1
صرح,0,0,0,0,0,0,0,0,0,0
تعديل,0,0,0,0,0,0,0,0,0,0
الإصدار,0,1,0,0,0,0,0,0,0,0
محرر,0,0,0,0,0,0,0,0,0,0
افتتاحية,0,0,0,0,0,0,0,0,0,0
تعليم,0,0,0,0,0,0,1,0,0,0
متعلم,0,0,0,0,0,0,1,0,0,0
التعليم,0,0,0,0,0,0,0,0,0,0
التعليمية,0,0,0,0,0,0,1,0,0,1
الجريث,0,0,0,1,0,0,0,0,0,0
تأثير,0,0,0,0,0,0,0,0,0,0
فعال,0,0,0,0,0,0,1,0,0,1
تأثيرات,0,0,0,0,0,0,0,0,0,0
فعال,0,0,0,0,0,0,0,0,0,0
في الواقع,0,0,0,0,0,0,0,0,0,0
يضع حيز التنفيذ,0,0,0,0,0,0,0,0,0,0
مخنث,0,0,0,0,0,1,0,0,0,0
فعال,0,0,0,0,0,0,0,0,0,0
فعالية,0,0,0,0,0,0,1,0,0,0
نجاعة,0,0,0,0,0,0,1,0,0,0
فعالة,0,1,0,0,0,0,1,0,0,1
دمية,1,0,0,0,0,0,0,0,0,0
مجهود,0,0,0,0,0,0,1,0,0,0
التدفق,0,0,0,0,0,0,0,0,0,0
بيضة,0,0,0,0,0,0,0,0,0,0
الغرور,0,0,0,0,0,0,0,0,0,0
مغرور,0,0,1,0,0,1,0,0,0,0
فظيع,1,0,1,0,0,1,0,0,0,0
الخروج,0,0,0,0,0,0,0,0,0,0
ثامن,0,0,0,0,0,0,0,0,0,0
ثمانون,0,0,0,0,0,0,0,0,0,0
القذف,0,0,0,0,0,0,0,0,0,0
القذف,0,1,0,0,1,0,1,0,1,1
إخراج,0,0,0,0,0,1,0,0,0,0
طرد,0,0,0,0,0,1,0,0,0,0
يشرح,0,0,0,0,0,0,0,0,0,0
تفصيل,0,0,0,0,0,0,1,0,0,0
إيلان,0,0,0,0,0,0,0,0,0,0
ينقضي,0,0,0,0,0,0,0,0,0,0
انقضى,0,0,0,0,0,0,0,0,0,0
المرن,0,0,0,0,0,0,0,0,0,0
مرونة,0,0,0,0,0,0,0,0,0,0
مبتهج,0,0,0,0,1,0,1,0,0,0
كوع,1,0,0,0,0,0,0,0,0,0
الحقل,0,0,0,0,0,0,0,0,0,0
المسنين,0,0,0,0,0,0,1,0,0,1
شيخات,0,0,0,0,0,0,1,0,0,1
الأكبر,0,0,0,0,0,0,0,0,0,0
انتخب,0,0,0,0,0,0,1,0,0,1
انتخاب,0,0,0,0,0,0,0,0,0,0
ناخب,0,0,0,0,0,0,0,0,0,0
الناخبين,0,0,0,0,0,0,0,0,0,1
كهربائي,0,0,0,0,1,0,1,0,1,0
كهرباء,0,0,0,0,0,0,1,0,0,0
أناقة,0,1,0,0,1,0,1,0,0,1
أنيق,0,0,0,0,1,0,1,0,0,0
عنصر,0,0,0,0,0,0,0,0,0,0
ابتدائي,0,0,0,0,0,0,0,0,0,0
عناصر,0,0,0,0,0,0,0,0,0,0
الفيل,0,0,0,0,0,0,0,0,0,0
رفع,0,0,0,0,0,0,0,0,0,0
ارتفاع,0,1,0,1,1,0,1,0,0,1
مصعد,0,0,0,0,0,0,0,0,0,0
أحد عشر,0,0,0,0,0,0,0,0,0,0
الحاديه عشر,0,0,0,0,0,0,0,0,0,0
قزم,1,0,1,1,0,0,0,0,0,0
يستنبط,0,0,0,0,0,0,0,0,0,0
مؤهل,0,0,0,0,0,0,1,0,0,0
إزالة,1,0,1,1,0,1,0,1,0,0
نخبة,0,1,0,0,1,0,1,0,0,1
الأيائل,0,0,0,0,0,0,0,0,0,0
إل,0,0,0,0,0,0,0,0,0,0
الشكل البيضاوي,0,0,0,0,0,0,0,0,0,0
القطع,0,0,0,0,0,0,0,0,0,0
بيضاوي,0,0,0,0,0,0,0,0,0,0
بيضاوي الشكل,0,0,0,0,0,0,0,0,0,0
بيضاوي الشكل,0,0,0,0,0,0,0,0,0,0
استطال,0,0,0,0,0,0,0,0,0,0
استطالة,0,0,0,0,0,0,0,0,0,0
بلاغة,0,0,0,0,0,0,1,0,0,0
بليغ,0,0,0,0,0,0,1,0,0,0
وضح,0,0,0,0,0,0,1,0,0,1
توضيح,0,0,0,0,0,0,0,0,0,0
يتملص,0,0,0,0,0,0,0,0,0,0
صعبة المنال,0,0,0,0,0,1,0,0,1,0
هزال,0,0,0,1,0,1,0,1,0,0
تنبثق,0,0,0,0,0,0,0,0,0,0
تحرير,0,1,0,0,1,0,1,0,0,0
الجسر,0,0,0,0,0,0,0,0,0,0
الحظر,0,0,0,0,0,1,0,0,0,0
الشروع,0,0,0,0,0,0,0,0,0,0
يحرج,0,0,0,0,0,1,0,1,0,0
إحراج,0,0,0,0,0,1,0,0,0,0
إحراج,0,0,0,1,0,1,0,1,1,0
السفارة,0,0,0,0,0,0,0,0,0,0
تضمين,0,0,0,0,0,0,0,0,0,0
تجميل,0,0,0,0,0,0,0,0,0,0
زخرفة,0,0,0,0,0,0,0,0,0,0
الجمر,0,0,0,0,0,0,0,0,0,0
الاختلاس,0,0,0,0,0,1,0,0,0,0
شعار,0,0,0,0,0,0,0,0,0,0
رمزي رمزية,0,0,0,0,0,0,0,0,0,0
تجسيد,0,0,0,0,0,0,0,0,0,0
الانصمام,0,0,0,1,0,1,0,1,0,0
منقوش,0,0,0,0,0,0,0,0,0,0
تعانق,0,1,0,0,1,0,1,0,1,1
مطرزة,0,0,0,0,0,0,0,0,0,0
تطريز,0,0,0,0,0,0,0,0,0,0
متورط,0,0,0,0,0,1,0,0,0,0
الجنين,0,0,0,0,0,0,0,0,0,0
الخلايا الجنينية,0,0,0,0,0,0,0,0,0,0
زمرد,0,0,0,0,0,0,0,0,0,0
يظهر,0,0,0,0,0,0,0,0,0,0
ظهور,0,0,0,0,0,0,0,0,0,0
حالة طوارئ,0,0,0,1,0,1,0,1,1,0
فخري,0,0,0,0,0,0,1,0,0,0
هاجر,0,0,0,0,0,0,0,0,0,0
هجرة,0,0,0,0,0,0,0,0,0,0
سماحة,0,0,0,0,0,0,1,0,0,1
بارزة,0,0,0,0,0,0,1,0,0,0
بشكل بارز,0,0,0,0,0,0,1,0,0,0
أمير,0,0,0,0,0,0,1,0,0,0
انبعاث,0,0,0,0,0,0,0,0,0,0
ينبعث,0,0,0,0,0,0,0,0,0,0
المشاعر,0,0,0,0,0,0,0,0,0,0
عاطفي,0,0,0,0,0,0,0,0,0,0
عاطفي,0,0,0,0,0,0,0,0,0,0
العطف,0,0,0,0,0,0,1,0,0,0
إمبراطورية,0,0,0,0,0,0,0,0,0,0
تشديد,0,0,0,0,0,0,0,0,0,0
يؤكد,0,0,0,0,0,0,0,0,0,1
مؤكد,0,0,0,0,0,0,0,0,0,0
إمبراطورية,0,0,0,0,0,0,0,0,0,0
تجريبي,0,0,0,0,0,0,0,0,0,0
التجريبية,0,0,0,0,0,0,0,0,0,0
توظيف,0,0,0,0,0,0,0,0,0,1
صاحب العمل,0,0,0,0,0,0,0,0,0,0
توظيف,0,0,0,0,0,0,0,0,0,0
المتجر,0,0,0,0,0,0,0,0,0,0
تمكين,0,0,0,0,0,0,1,0,0,0
الإمبراطورة,0,0,0,0,0,0,0,0,0,0
الفراغ,0,0,0,0,0,0,0,1,0,0
شفاعة,0,0,0,0,0,0,0,0,0,0
فارغة,0,0,0,0,0,0,0,0,0,0
محاكاة,0,0,0,0,0,0,1,0,0,0
مستحلب,0,0,0,0,0,0,0,0,0,0
يُمكَِن,0,0,0,0,0,0,1,0,0,1
التمكين,0,0,0,0,0,0,1,0,0,1
يسن قانون,0,0,0,0,0,0,0,0,0,0
التشريع,0,0,0,0,0,0,0,0,0,0
المينا,0,0,0,0,0,0,0,0,0,0
المعسكر,0,0,0,0,0,0,0,0,0,0
يسحر,0,1,0,0,1,0,1,0,1,0
مسحور,0,0,0,0,1,0,1,0,0,1
ساحر,0,1,0,0,1,0,1,0,0,0
سحر,0,0,0,0,0,0,0,0,0,0
يطوق,0,0,0,0,0,0,0,0,0,0
تطويق,0,0,0,0,0,0,0,0,0,0
جيب,0,0,0,0,0,1,0,0,0,0
أرفق,0,0,0,0,0,0,0,0,0,0
ترميز,0,0,0,0,0,0,0,0,0,0
شمل,0,0,0,0,0,0,0,0,0,0
الظهور,0,0,0,0,0,0,1,0,0,0
يواجه .. ينجز,0,0,0,0,0,0,0,0,0,0
يشجع,0,0,0,0,1,0,1,0,0,1
تشجيع,0,0,0,0,0,0,1,0,0,0
التعدي,0,0,0,0,0,0,0,0,0,0
التعدي,0,0,0,1,0,1,0,0,0,0
تشفير,0,0,0,0,0,0,0,0,0,0
عبء,1,0,0,1,0,1,0,1,0,0
موسوعة,0,0,0,0,0,0,1,0,0,1
نهاية,0,0,0,0,0,0,0,0,0,0
يعرض للخطر,0,1,0,1,0,1,0,0,0,0
المهددة بالخطر,0,0,0,1,0,1,0,0,0,0
سعي,0,1,0,0,0,0,1,0,0,0
انتهى,0,0,0,0,0,0,0,0,0,0
المتوطنة,0,0,1,1,0,1,0,1,0,0
النهاية,0,0,0,0,0,0,0,0,0,0
بلا نهاية,1,0,0,1,1,1,1,1,0,1
التهاب داخلى بالقلب,0,0,0,1,0,0,0,1,0,0
المصادقة,0,0,0,0,0,0,0,0,0,0
هبة,0,0,0,0,0,0,1,0,0,1
موهوب,0,0,0,0,0,0,1,0,0,0
هبة او منحة,0,0,0,0,0,0,1,0,0,1
أوراق النهاية,0,0,0,0,0,0,0,0,0,0
نقطة النهاية,0,0,0,0,0,0,0,0,0,0
قدرة التحمل,0,0,0,0,0,0,1,0,0,0
تحمل,0,0,0,0,0,0,1,0,0,0
حقنة شرجية,0,0,1,0,0,0,0,0,0,0
العدو,1,0,1,1,0,1,0,0,0,0
نشيط,0,0,0,0,0,0,1,0,0,0
طاقة,0,0,0,0,0,0,0,0,0,0
فرض,1,0,0,1,0,1,1,0,0,0
إجباري,0,0,0,0,0,1,0,0,0,0
يشترك - ينخرط,0,0,0,0,0,0,0,0,0,0
مخطوب \ مخطوبة,0,1,0,0,1,0,1,0,0,1
الارتباط,0,0,0,0,0,0,0,0,0,0
الانخراط,0,0,0,0,1,0,1,0,0,1
تولد,0,0,0,0,0,0,0,0,0,0
محرك,0,0,0,0,0,0,0,0,0,0
مهندس,0,0,0,0,0,0,0,0,0,0
هندسة,0,0,0,0,0,0,0,0,0,0
نقش,0,0,0,0,0,0,0,0,0,0
منقوش,0,0,0,0,0,0,0,0,0,0
حفارة,0,0,0,0,0,0,0,0,0,0
نقش,0,0,0,0,0,0,0,0,0,0
منهمك,0,0,0,0,0,0,0,0,0,0
النسخ,0,0,0,0,0,0,0,0,0,0
بابتلاع,0,1,0,0,0,0,0,0,0,0
تحسين,0,0,0,0,0,0,1,0,0,0
لغز,0,0,0,0,0,0,0,0,0,0
المبهمة,0,0,0,1,0,1,0,0,0,0
أمر,0,0,0,0,0,0,0,0,0,0
التمتع,0,1,0,0,1,0,1,0,0,1
الاستمتاع,0,1,0,0,1,0,1,0,0,1
الموسع,0,0,0,0,0,0,0,0,0,0
تكبير - اتساع,0,0,0,0,0,0,0,0,0,0
تنوير,0,0,0,0,1,0,1,0,0,1
تنوير,0,0,0,0,1,0,1,0,0,1
بالسرد,0,0,0,0,0,0,0,0,0,0
إحياء,0,0,0,0,1,0,1,0,1,1
عداوة,1,0,0,1,0,1,0,1,0,0
ضخامة,0,0,0,0,0,0,0,0,0,0
ضخم,0,0,0,0,0,0,0,0,0,0
بشكل هائل,0,0,0,0,0,0,0,0,0,0
يثرى,0,0,0,0,0,0,1,0,0,0
"يتسجل، يلتحق",0,1,0,0,0,0,0,0,0,1
الفرقة,0,0,0,0,0,0,1,0,0,1
حامل الراية,0,0,0,0,0,0,1,0,0,0
استعباد,0,0,0,0,0,1,0,0,0,0
مستعبدون,1,0,1,1,0,1,0,1,0,0
استعباد,0,0,0,0,0,1,0,0,0,0
يترتب على ذلك,0,0,0,0,0,0,0,0,0,0
يضمن,0,0,0,0,0,0,0,0,0,0
يستتبع,0,0,0,0,0,0,0,0,0,0
متشابكا,1,0,1,1,0,1,0,1,0,0
تشابك,0,0,0,0,0,1,0,0,0,0
أدخل,0,0,0,0,0,0,0,0,0,0
مشروع - مغامرة,0,0,0,0,0,0,0,0,0,0
مغامر,0,0,0,0,0,0,1,0,0,0
ترفيه,0,0,0,0,1,0,1,0,0,0
استمتعت,0,0,0,0,1,0,1,0,0,0
مسلية,0,1,0,0,1,0,1,0,0,0
وسائل الترفيه,0,1,0,0,1,0,1,0,1,1
حماس,0,1,0,0,1,0,1,0,1,0
متحمس,0,1,0,0,1,0,1,0,1,0
جذب,0,0,0,0,0,0,0,0,0,0
بأكمله,0,0,0,0,0,0,0,0,0,0
مجمل,0,0,0,0,0,0,0,0,0,0
حق,0,0,0,0,0,0,0,0,0,0
كيان,0,0,0,0,0,0,0,0,0,0
علم الحشرات,0,0,0,0,0,0,0,0,0,0
أحشاء,0,0,1,0,0,1,0,0,0,0
مدخل,0,0,0,0,0,0,0,0,0,0
توسل,0,0,0,0,0,0,0,0,0,0
دخول,0,0,0,0,0,0,0,0,0,0
ريادي,0,0,0,0,0,0,0,0,0,0
ودع,0,0,0,0,0,0,0,0,0,1
دخول,0,0,0,0,0,0,0,0,0,0
عد,0,0,0,0,0,0,0,0,0,0
تعداد,0,0,0,0,0,0,0,0,0,0
ظرف,0,0,0,0,0,0,0,0,0,0
حسود,0,0,0,0,0,1,0,0,0,0
بيئة,0,0,0,0,0,0,1,0,0,0
بيئة,0,0,0,0,0,0,0,0,0,0
ضواحيها,0,0,0,0,0,0,0,0,0,0
التصور,0,0,0,0,0,0,0,0,0,0
مبعوث,0,0,0,0,0,0,0,0,0,0
سريع الزوال,0,0,0,0,0,0,0,0,0,0
التقويم الفلكي,0,0,0,0,0,0,1,0,0,0
مَلحمي,0,0,0,0,0,0,1,0,0,0
وبائي,1,1,1,1,0,1,0,1,1,0
البشرة,0,0,0,0,0,0,0,0,0,0
الصرع,0,0,0,0,0,1,0,0,0,0
الخاتمة,0,0,0,0,0,0,0,0,0,0
الأسقفية,0,0,0,0,0,0,0,0,0,1
حلقة,0,0,0,0,0,0,0,0,0,0
عرضي,0,0,0,0,0,0,0,0,0,0
رسالة بولس الرسول,0,0,0,0,0,0,0,0,0,0
مرثية,0,0,0,0,0,0,0,1,0,0
كنية,0,0,0,0,0,0,0,0,0,0
مثال,0,0,0,0,0,0,1,0,0,0
العصر,0,0,0,0,0,0,0,0,0,0
مساو,0,0,0,0,0,0,0,0,0,0
المساواة,0,0,0,0,1,0,1,0,0,1
معادلة,0,0,0,0,0,0,0,0,0,0
تعادل,0,0,0,0,0,0,0,0,0,0
بالتساوي,0,0,0,0,0,0,1,0,0,0
تعادل,0,0,0,0,0,0,0,0,0,0
معادلة,0,0,0,0,0,0,0,0,0,0
خط الاستواء,0,0,0,0,0,0,0,0,0,0
استوائي,0,0,0,0,0,0,0,0,0,0
الفروسية,0,0,0,0,0,0,0,0,0,0
متساوي البعد,0,0,0,0,0,0,0,0,0,0
الموازنة,0,0,0,0,0,0,0,0,0,0
حالة توازن,0,0,0,0,0,0,1,0,0,0
تجهيز,0,0,0,0,0,0,0,0,0,0
معدات,0,0,0,0,0,0,0,0,0,0
العادل,0,0,0,0,0,0,0,0,0,0
القيمة المالية,0,0,0,0,0,0,1,0,0,0
التكافؤ,0,0,0,0,0,0,0,0,0,0
ما يعادل,0,0,0,0,0,0,0,0,0,0
ملتبس,0,0,0,0,0,0,0,0,0,0
حقبة,0,0,0,0,0,0,0,0,0,0
القضاء,1,0,0,0,0,1,0,0,0,0
استئصال,1,0,1,1,0,1,0,0,0,0
محو,0,0,0,1,0,1,0,0,0,0
محو,0,0,0,0,0,0,0,0,0,0
هنا,0,0,0,0,0,0,0,0,0,0
منتصب,0,0,0,0,0,0,0,0,0,0
الانتصاب,0,0,0,0,0,0,0,0,0,0
بالتالي,0,0,0,0,0,0,0,0,0,0
تقلص,0,0,0,0,0,0,0,0,0,0
التعرية,0,0,0,0,0,1,0,0,0,0
شهواني,0,1,0,0,1,1,1,0,1,1
يخطئ,0,0,0,0,0,1,0,0,0,0
مأمورية,0,1,0,0,0,0,1,0,0,1
ضال,0,0,0,0,0,1,0,0,0,0
غريب الأطوار,0,0,0,0,0,1,0,0,1,0
خطأ,0,0,0,0,0,1,0,0,0,0
خاطئ,0,0,0,0,0,1,0,0,0,0
خطأ,0,0,0,0,0,1,0,1,0,0
أول,0,0,0,0,0,0,0,0,0,0
مثقفة,0,0,0,0,0,0,1,0,0,0
تندلع,1,0,0,0,0,1,0,0,1,0
ثوران,1,0,0,1,0,1,0,0,1,0
اسكاليد,0,0,0,0,0,0,0,0,0,0
يتصعد,1,0,0,0,0,1,0,0,0,0
سلم كهربائى,0,0,0,0,0,0,0,0,0,0
هرب,0,1,0,1,0,1,1,0,0,0
نجا,0,0,0,1,0,0,0,0,0,0
جرف,0,0,0,0,0,0,0,0,0,0
تجنب,1,0,0,0,0,1,0,1,0,0
مرافقة,0,0,0,0,0,0,0,0,0,1
مقصور على فئة معينة,0,0,0,0,0,0,0,0,0,0
خاص,0,0,0,0,0,0,0,0,0,0
تجسس,0,0,0,0,0,1,0,0,0,0
تتبنى,0,0,0,0,0,0,0,0,0,0
روح,0,0,0,0,0,0,1,0,0,0
مقال,0,0,0,0,0,0,0,0,0,0
كاتب مقالات,0,0,0,0,0,0,0,0,0,0
جوهر,0,0,0,0,0,0,0,0,0,0
ضروري,0,0,0,0,0,0,1,0,0,0
بشكل أساسي,0,0,0,0,0,0,0,0,0,0
إنشاء,0,0,0,0,0,0,0,0,0,1
أنشئت,0,0,0,0,1,0,1,0,0,0
مؤسسة,0,0,0,0,0,0,0,0,0,0
ملكية,0,0,0,0,0,0,0,0,0,0
التقدير,0,0,0,0,1,0,1,1,0,1
جمالي,0,0,0,0,0,0,1,0,0,0
تقدير,0,0,0,0,0,0,0,0,0,0
تقدير,0,0,0,0,0,0,0,0,0,0
سقوط,0,0,0,0,0,0,0,0,0,0
مبعد,0,0,0,0,0,1,0,0,0,0
الإستروجين,0,0,0,0,0,0,0,0,0,0
المصب,0,0,0,0,0,0,0,0,0,0
حفر,0,0,0,0,0,0,0,0,0,0
النقش,0,0,0,0,0,0,0,0,0,0
أبدي,0,0,0,0,0,0,0,0,0,0
خلود,0,0,0,0,0,0,0,0,0,0
الإيثانول,0,0,0,0,0,0,0,0,0,0
الأثير,0,0,0,0,0,0,0,0,0,0
أثيري,0,0,0,1,0,0,0,0,0,0
أخلاقي,0,0,0,0,0,0,1,0,0,0
أخلاق,0,0,0,0,0,0,1,0,0,0
الأجناس البشرية,0,0,0,0,0,0,0,0,0,0
المسببات,0,0,0,0,0,0,0,0,0,0
آداب,0,0,0,0,0,0,0,0,0,0
علم أصول الكلمات,0,0,0,0,0,0,0,0,0,0
يوكر,0,0,0,0,0,0,0,0,0,0
علم تحسين النسل,0,0,0,0,0,0,0,0,0,0
مديح,0,0,0,0,0,0,0,0,0,0
كناية,0,0,0,0,0,0,0,0,0,0
القتل الرحيم,0,0,0,1,0,1,0,1,0,0
إخلاء,0,0,0,1,0,1,0,0,0,0
إخلاء,0,0,0,0,0,1,0,0,0,0
تهرب,1,0,1,1,0,1,0,0,0,0
تقييم,0,0,0,0,0,0,0,0,0,0
تلاشي,0,0,0,0,0,0,0,1,1,0
إنجيلية,0,0,0,0,0,0,0,0,0,0
مبشر,0,0,0,0,0,0,0,0,0,0
إنجيلي,0,0,0,0,0,0,0,0,0,0
تبخر,0,0,0,0,0,0,0,0,0,0
التهرب,0,0,0,1,0,1,0,1,0,0
حواء,0,0,0,0,0,0,0,0,0,0
اخر النهار,0,0,0,0,0,0,0,0,0,0
حدث,0,0,0,0,0,0,0,0,0,0
حافل بالأحداث,0,0,0,0,0,0,0,0,0,0
في نهاية المطاف,0,1,0,0,0,0,0,0,0,0
احتمالية,0,1,0,1,0,0,0,0,0,0
دائم الخضرة,0,0,0,0,1,0,1,0,0,1
دائم,0,0,0,0,0,0,1,0,0,0
إلى الأبد,0,0,0,0,0,0,0,0,0,0
كل يوم,0,0,0,0,0,0,0,0,0,0
طرد,0,0,0,0,0,1,0,1,0,0
الإخلاء,1,0,1,1,0,1,0,1,0,0
دليل,0,0,0,0,0,0,0,0,0,0
واضح,0,0,0,0,0,0,1,0,0,1
شر,1,0,1,1,0,1,0,1,0,0
استحضار,0,0,0,0,0,0,0,0,0,0
تطور,0,0,0,0,0,0,1,0,0,0
تطور,0,0,0,0,0,0,0,0,0,0
نعجة,0,0,0,0,0,0,0,0,0,0
تفاقم,0,0,0,0,0,1,0,0,0,0
تفاقم,1,0,0,1,0,1,0,0,0,0
صارم,0,0,0,0,0,1,0,0,0,0
مبالغة,1,0,0,0,0,1,0,0,0,0
مبالغ فيه,0,0,0,0,0,1,0,0,0,0
مبالغة,0,0,0,0,0,0,0,0,0,0
تمجيد,0,1,0,0,1,0,1,0,0,1
إنسجام,0,0,0,0,1,0,1,0,0,1
تعالى,0,0,0,0,1,0,1,0,0,1
امتحان,0,0,0,0,0,0,0,0,0,0
فحص,0,0,0,1,0,1,0,0,1,0
فحص,0,0,0,0,0,0,0,0,0,0
ممتحن,0,0,0,0,0,0,0,0,0,0
سخط,1,0,1,0,0,1,0,0,0,0
حفر,0,0,0,0,0,0,0,0,0,0
حفريات,0,1,0,0,0,1,0,0,1,0
حفارة,0,0,0,0,0,0,0,0,0,0
يتجاوز,0,1,0,0,1,0,1,0,0,0
يتجاوز,0,0,0,0,0,0,0,0,0,0
تتفوق,0,1,0,0,1,0,1,0,1,1
تفوق,0,0,1,0,1,0,1,0,0,1
ممتاز,0,0,0,0,1,0,1,0,0,1
باستثناء,0,0,0,0,0,0,0,0,0,0
استثناء,0,0,0,0,0,0,0,0,0,0
مقتطفات,0,0,0,0,0,0,0,0,0,0
إفراط,0,0,0,0,0,1,0,0,0,0
"مفرط، متطرف، متهور",0,0,0,0,0,0,0,0,0,0
بإفراط,0,0,0,0,0,0,0,0,0,0
تبادل,0,0,0,0,0,0,1,0,0,1
المكوس,0,0,0,0,0,1,0,0,0,0
استئصال,0,0,0,0,0,0,0,0,0,0
الاهتياجية,0,0,0,0,0,0,0,0,0,0
سريع الانفعال,0,0,0,0,0,0,1,0,0,0
الإثارة,1,1,0,1,1,0,1,0,1,0
إثارة,1,1,0,1,1,0,1,0,1,0
فرح,0,1,0,0,1,0,1,0,1,1
الإثارة,0,1,0,0,1,0,1,0,1,0
مثير,0,1,0,0,1,0,1,0,1,0
صرخ,0,0,0,0,0,0,0,0,1,0
مستبعد,0,0,1,0,0,1,0,1,0,0
ازالة,0,0,0,0,0,1,0,1,0,0
استبعاد,0,0,1,1,0,1,0,1,0,0
فضلات,0,0,1,0,0,1,0,0,0,0
إفراز,0,0,1,0,0,0,0,0,0,0
طاحنة,0,0,0,1,0,1,0,0,0,0
نزهة,0,0,0,0,0,0,0,0,0,0
عذر,0,0,0,0,0,1,0,0,0,0
نفذ - اعدم,0,0,0,0,0,0,0,0,0,0
إعدام,1,0,0,1,0,1,0,1,0,1
جلاد,1,0,0,1,0,1,0,1,0,0
تنفيذي,0,0,0,0,0,0,0,0,0,0
المنفذ,0,0,0,0,0,0,0,0,0,1
تفسير,0,0,0,0,0,0,0,0,0,0
نموذج,0,0,0,0,0,0,0,0,0,0
نموذجي,0,0,0,0,0,0,1,0,0,0
تجسد,0,0,0,0,0,0,0,0,0,0
معفى,0,0,0,0,0,0,0,0,0,0
إعفاء,0,0,0,0,0,0,1,0,0,0
ممارسه الرياضه,0,0,0,0,0,0,0,0,0,0
بذل,0,0,0,0,0,0,0,0,0,0
مجهود,0,0,0,0,0,0,0,0,0,0
الزفير,0,0,0,0,0,0,0,0,0,0
العادم,0,0,0,0,0,1,0,0,0,0
أرهق,0,0,0,0,0,1,0,1,0,0
إنهاك,0,1,0,0,0,1,0,1,0,0
شاملة,0,0,0,0,0,0,0,0,0,1
عرض,0,0,0,0,0,0,0,0,0,0
معرض,0,0,0,0,0,0,0,0,0,0
ابتهاج,0,0,0,0,1,0,1,0,1,0
حض,0,0,0,0,0,0,1,0,0,0
حض,0,0,0,0,0,0,1,0,0,0
ملحة,0,1,1,1,0,1,0,0,1,0
منفى,1,0,0,1,0,1,0,1,0,0
يوجد,0,0,0,0,0,0,0,0,0,0
وجود,0,0,0,0,0,0,1,0,0,0
موجود,0,0,0,0,0,0,0,0,0,0
موجود,0,0,0,0,0,0,0,0,0,0
خروج,0,0,0,0,0,0,0,0,0,0
نزوح,0,0,0,0,0,0,0,0,0,0
باهظة,0,0,0,0,0,0,0,0,0,0
طرد الارواح الشريرة,0,0,0,1,0,1,0,1,0,0
طارد الأرواح الشريرة,0,0,0,0,0,0,0,0,0,0
غَرِيب,0,0,0,0,0,0,1,0,0,0
وسعت,0,0,0,0,0,0,0,0,0,0
موسع,0,0,0,0,0,0,0,0,0,0
اتساع,0,0,0,0,0,0,0,0,0,0
توسع,0,0,0,0,0,0,0,0,0,0
توسعية,0,0,0,0,0,0,0,0,0,0
مغترب,0,0,0,0,0,1,0,0,0,0
توقع,0,1,0,0,0,0,1,0,1,1
توقع,0,1,0,0,0,0,0,0,0,0
متوقع,0,1,0,0,0,0,0,0,0,0
توقع,0,1,0,0,0,0,1,0,0,0
مُتوقع,0,1,0,0,0,0,0,0,0,0
مترقب,0,1,0,0,0,0,0,0,0,0
انتفاع,0,0,0,0,0,0,0,0,0,0
ملائم,0,0,0,0,1,0,1,0,0,1
التعجيل,0,0,0,0,0,0,0,0,0,0
البعثة,0,1,0,0,0,0,1,0,0,0
مستعجل,0,0,0,0,0,0,0,0,0,0
يطرد,1,0,1,1,0,1,0,1,0,0
المصروفات,0,0,0,0,0,1,0,0,0,0
مصروف,0,0,0,0,0,0,0,0,0,0
نفقات,0,0,0,0,0,1,0,0,0,0
مكلفة,0,0,0,0,0,0,0,0,0,0
خبرة,0,0,0,0,0,0,0,0,0,0
يختبر,0,0,0,0,0,0,1,0,0,1
خبرة,0,0,0,0,0,0,0,0,0,0
تجربة,0,1,0,0,0,0,0,0,1,0
تجريبي,0,0,0,0,0,0,0,0,0,0
مجرب,0,0,0,0,0,0,0,0,0,0
خبير,0,0,0,0,0,0,1,0,0,1
خبرة,0,0,0,0,0,0,1,0,0,1
انتهاء الصلاحية,0,0,0,0,0,0,0,0,0,0
تنقضي,0,0,0,0,0,1,0,1,0,0
منتهية الصلاحية,0,0,0,0,0,1,0,0,0,0
انقضاء,0,0,0,0,0,0,0,0,0,0
يشرح,0,0,0,0,0,0,1,0,0,1
تفسير,0,0,0,0,0,0,0,0,0,0
تفسيرية,0,0,0,0,0,0,0,0,0,0
كلمة بذيئة,1,0,0,0,0,1,0,0,0,0
شرح,0,0,0,0,0,0,0,0,0,0
ينفجر,1,0,0,1,0,1,0,1,1,0
الاستفادة,0,0,0,0,0,0,0,0,0,0
يكتشف,0,1,0,0,0,0,0,0,0,0
المستكشف,0,0,0,0,0,0,0,0,0,0
انفجار,0,0,0,1,0,1,0,0,1,0
مادة متفجرة,1,1,0,1,0,1,0,0,1,0
الأس,0,0,0,0,0,0,0,0,0,0
متسارع,0,0,0,0,0,0,0,0,0,0
يصدّر,0,0,0,0,0,0,0,0,0,0
تصدير,0,0,0,0,0,0,0,0,0,0
تعرض,0,1,0,1,0,0,0,0,0,0
مكشوف,0,0,0,0,0,1,0,0,0,0
معرض,0,0,0,0,0,0,0,0,0,0
تفسيري,0,0,0,0,0,0,0,0,0,0
مكشوف,0,0,0,0,0,0,0,0,0,0
شرح,0,0,0,0,0,0,0,0,0,0
التعبير,0,0,0,0,0,0,0,0,0,0
التعبير,0,0,0,0,0,0,0,0,0,0
معبرة,0,0,0,0,0,0,0,0,0,0
مصادرة,0,0,0,0,0,1,0,0,0,0
طرد,1,0,1,1,0,1,0,1,0,0
رائع,0,0,0,0,1,0,1,0,0,0
بشكل رائع,0,0,0,0,0,0,1,0,0,0
موجود,0,0,0,0,0,0,0,0,0,0
تمديد,0,0,0,0,0,0,1,0,0,0
قابل للتمديد,0,0,0,0,0,0,0,0,0,0
وسعوا,0,0,0,0,0,0,0,0,0,0
امتداد,0,0,0,0,0,0,0,0,0,0
شامل,0,0,0,0,0,0,1,0,0,0
مدى,0,0,0,0,0,0,0,0,0,0
الخارج,0,0,0,0,0,0,0,0,0,0
إبادة,0,0,0,1,0,1,0,1,0,0
إبادة,1,0,0,1,0,1,0,0,0,0
خارجي,0,0,0,0,0,0,0,0,0,0
خارجيا,0,0,0,0,0,0,0,0,0,0
ينقرض,0,0,0,0,0,1,0,1,0,0
إطفاء,1,0,0,0,0,1,0,0,0,0
إضافي,0,0,0,0,0,0,1,0,0,0
مقتطف,0,0,0,0,0,0,0,0,0,0
استخراج,0,0,0,0,0,0,0,0,0,0
اِستِخلاص,0,0,0,0,0,0,0,0,0,0
مستخرج,0,0,0,0,0,0,0,0,0,0
تسليم مجرم,0,0,0,0,0,0,0,0,0,0
خارج نطاق القضاء,0,0,0,1,0,1,0,0,0,0
خارج أسوار,0,0,0,0,0,0,0,0,0,0
خارجي,0,0,0,0,0,0,0,0,0,0
استثنائي,0,0,0,0,0,0,1,0,0,0
إنتاج فني مذهل,0,0,0,0,0,0,0,0,0,0
شديد,0,0,0,0,0,0,0,0,0,0
الى ابعد حد,0,0,0,0,0,0,0,0,0,0
الطرف,0,0,0,0,0,1,0,0,0,0
خالص,0,1,0,0,0,0,1,0,0,0
خارجي,0,0,0,0,0,0,0,0,0,0
قذف,0,0,0,0,0,0,0,0,0,0
وفرة,0,0,0,0,1,0,1,0,0,0
تحلب,0,0,0,0,0,0,0,0,0,0
عين,0,0,0,0,0,0,0,0,0,0
النظارات,0,0,0,0,0,0,0,0,0,0
العيينة,0,0,0,0,0,0,0,0,0,0
العدسة,0,0,0,0,0,0,0,0,0,0
البصر,0,0,0,0,0,0,0,0,0,0
شاهد عيان,0,0,0,0,0,0,0,0,0,1
حكاية,0,0,0,0,0,0,0,0,0,0
قماش,0,0,0,0,0,0,0,0,0,0
اختلق,0,0,0,0,0,1,0,0,0,0
ملفقة,0,0,0,0,0,0,0,0,0,0
تلفيق,0,0,0,0,0,1,0,0,0,1
مظهر زائف,0,0,0,0,0,0,0,0,0,0
وجه,0,0,0,0,0,0,0,0,0,0
وجه,0,0,0,0,0,0,0,0,0,0
سهل,0,0,0,0,0,0,0,0,0,0
يسهل,0,0,0,0,0,0,1,0,0,0
منشأة,0,0,0,0,0,0,0,0,0,0
مواجهة,0,0,0,0,0,0,0,0,0,0
الفاكس,0,0,0,0,0,0,0,0,0,0
حقيقة,0,0,0,0,0,0,0,0,0,1
فصيل,0,0,0,0,0,0,0,0,0,0
عامل,0,0,0,0,0,0,0,0,0,0
مصنع,0,0,0,0,0,0,0,0,0,0
حقائق,0,0,0,0,0,0,1,0,0,1
ملكات,0,0,0,0,0,0,0,0,0,0
الأساتذه,0,0,0,0,0,0,1,0,0,1
موضة عابرة,0,0,0,0,0,0,0,0,0,0
يختفي,0,0,0,0,0,1,0,0,0,0
تلاشى,0,0,0,0,0,0,0,0,0,0
الفضلات,0,0,1,0,0,1,0,0,0,0
فشل,1,1,0,1,0,1,0,1,0,0
خزي,0,0,1,1,0,1,0,1,0,0
خيبة,0,1,0,0,1,0,1,0,0,1
إغماء,0,0,0,1,0,1,0,1,1,0
اعمال حرة,0,0,0,0,0,0,1,0,0,0
تماما,0,0,0,0,0,0,1,0,0,1
الممر,0,0,0,0,0,0,0,0,0,0
جنية,0,0,0,0,0,0,0,0,0,0
إيمان,0,1,0,0,1,0,1,0,0,1
مخلص,0,0,0,0,0,0,1,0,0,1
كافر,0,0,0,0,0,1,0,1,0,0
مزيف,0,0,0,0,0,1,0,0,0,0
يسقط,0,0,0,0,0,1,0,1,0,0
خادع,1,0,0,0,0,1,0,0,0,0
مغالطة,0,0,0,0,0,1,0,0,0,0
غير معصوم,0,0,0,0,0,1,0,0,0,0
هبوط,0,0,0,0,0,1,0,1,0,0
البور,0,0,0,0,0,1,0,0,0,0
الباطل,1,0,0,0,0,1,0,0,0,1
زورا,0,0,0,0,0,1,0,0,0,0
تزوير,1,0,0,0,0,1,0,0,0,0
مزورة,0,0,0,0,0,0,0,0,0,0
تزوير,0,0,1,0,0,1,0,0,0,0
زيف,0,0,1,0,0,1,0,0,0,0
يتعثر,0,0,0,1,0,1,0,0,0,0
شهرة,0,0,0,0,0,0,1,0,0,0
مشهور,0,0,0,0,0,0,0,0,0,0
معروف,0,0,0,0,0,0,1,0,0,1
معرفة,0,1,0,0,1,0,1,0,0,1
تعرف,0,0,0,0,0,0,0,0,0,0
مجاعة,0,0,0,0,0,1,0,1,0,0
مشهور,0,0,0,0,0,0,1,0,0,0
الشهيرة,0,0,0,0,0,0,1,0,0,0
المعجب,0,0,0,0,0,0,0,0,0,0
متعصب,0,0,0,0,0,1,0,0,0,0
التعصب,0,0,0,1,0,0,0,0,0,0
خيالي,0,0,0,0,0,0,0,0,0,0
مولع ب,0,1,0,0,1,0,1,0,0,0
فاندانغو,0,0,0,0,0,0,0,0,0,0
ضجة,0,1,0,0,1,0,1,0,1,0
فانغ,0,0,0,1,0,0,0,0,0,0
الأنياب,0,0,0,1,0,0,0,0,0,0
تهوية,0,0,0,0,0,0,0,0,0,0
الفنتازيا,0,0,0,0,0,0,0,0,0,0
خيال,0,0,0,0,0,0,0,0,0,0
هزل,0,0,0,0,0,1,0,0,0,0
هزلي,0,0,1,0,0,1,0,0,0,0
أجرة,0,0,0,0,0,0,0,0,0,0
وداع,0,0,0,0,0,0,0,0,0,0
مزرعة,0,1,0,0,0,0,0,0,0,0
مزارع,0,0,0,0,0,0,0,0,0,0
بيت ريفي,0,0,0,0,0,0,0,0,0,0
الزراعة,0,0,0,0,0,0,0,0,0,0
فارو,0,0,0,0,0,0,0,0,0,0
أبعد,0,0,0,0,0,0,0,0,0,0
اللفافة,0,0,0,0,0,0,0,0,0,0
مبهر,0,0,0,0,0,0,1,0,0,0
سحر,0,0,0,0,0,0,1,0,0,0
موضه,0,0,0,0,0,0,0,0,0,0
الموضة,0,0,0,0,0,0,1,0,0,0
ربط,0,0,0,0,0,0,0,0,0,0
قفل,0,0,0,0,0,0,0,0,0,0
قطع,0,0,0,0,0,0,0,0,0,0
صيام,0,0,0,0,0,1,0,1,0,0
سمين,0,0,1,0,0,1,0,1,0,0
مميت,1,0,0,1,0,1,0,1,0,0
وفاة,0,0,0,1,0,1,0,1,0,0
قدر,0,1,0,0,0,1,0,0,0,0
مصيرها,0,0,0,0,0,0,0,0,0,0
الآب,0,0,0,0,0,0,0,0,0,1
فهم,0,0,0,0,0,0,0,0,0,0
إعياء,0,0,0,0,0,1,0,0,0,0
مرهق,0,0,0,0,0,1,0,1,0,0
دهني,0,0,1,0,0,1,0,1,0,0
خطأ,0,0,0,0,0,1,0,1,0,0
لا عيب فيه,0,0,0,0,0,0,1,0,0,1
متعطل,0,0,0,0,0,1,0,0,0,0
الحيوانات,0,0,0,0,0,0,0,0,0,0
محاباة,0,0,0,0,0,0,0,0,0,0
ملائم,0,1,0,0,1,0,1,0,1,1
المفضل,0,0,0,0,1,0,1,0,0,1
المحسوبية,0,0,0,0,0,0,1,0,0,0
تزلف,0,0,0,0,0,1,0,0,0,0
يخاف,1,0,0,1,0,1,0,0,0,0
خوفا,0,0,0,1,0,1,0,1,0,0
بخوف,0,0,0,1,0,1,0,1,1,0
خوفا,0,0,0,1,0,1,0,0,0,0
لا يعرف الخوف,0,0,0,1,0,0,1,0,0,0
جدوى,0,0,0,0,0,0,0,0,0,0
ممكن,0,0,0,0,0,0,0,0,0,0
عمل,0,1,0,0,1,0,1,0,1,0
ريشة,0,0,0,0,0,0,0,0,0,0
خاصية,0,0,0,0,0,0,1,0,0,0
الميزات,0,0,0,0,0,0,0,0,0,0
حمى,0,0,0,0,0,1,0,0,0,0
برازي,0,0,1,0,0,1,0,0,0,0
البراز,0,0,1,0,0,1,0,0,0,0
خصوبة,0,0,0,0,0,0,0,0,0,0
الفيدرالية,0,0,0,0,0,0,0,0,0,0
اتحاد,0,0,0,0,0,0,0,0,0,0
مصاريف,1,0,0,0,0,1,0,0,0,0
ضعيف,0,0,0,0,0,1,0,1,0,0
تغذية,0,0,0,0,0,0,0,0,0,0
المغذي,0,0,0,0,0,0,0,0,0,0
يشعر,0,0,0,0,0,0,0,0,0,0
شعور,1,1,1,1,1,1,1,1,1,1
أقدام,0,0,0,0,0,0,0,0,0,0
مختلق,0,0,0,0,0,1,0,0,0,0
السعادة,0,0,0,0,1,0,1,0,0,0
القطط,0,0,0,0,0,0,0,0,0,0
يسقط,0,0,0,0,0,1,0,1,0,0
زميل,0,0,0,0,0,0,1,0,0,1
الزمالة,0,0,0,0,0,0,1,0,0,0
مجرم,0,0,0,1,0,1,0,0,0,0
جناية,0,0,0,0,0,1,0,0,0,0
شعر,0,0,0,0,0,0,0,0,0,0
المؤنث,0,0,0,0,0,0,0,0,0,0
الأنوثة,0,0,0,0,0,0,0,0,0,0
فين,0,0,0,0,0,0,0,0,0,0
سور,0,0,0,0,0,0,0,0,0,0
مسيجة,1,0,0,0,0,0,0,0,0,0
دافع,0,0,0,0,0,0,0,0,0,0
درابزين,0,0,0,0,0,0,0,0,0,1
الشمرة,0,0,0,0,0,0,0,0,0,0
تخمر,0,1,0,0,0,1,0,0,0,0
التخمير,0,1,0,0,0,0,0,0,0,0
السرخس,0,0,0,0,0,0,0,0,0,0
شرس,1,0,1,1,0,1,0,0,0,0
شراسة,1,0,0,0,0,1,0,0,0,0
العبارة,0,0,0,0,0,0,0,0,0,0
خصبة,0,0,0,0,0,0,1,0,0,0
تسميد,0,0,0,0,0,0,0,0,0,0
متحمس,0,0,0,0,0,0,0,0,0,0
حماسة,1,0,0,0,1,0,1,0,0,0
مهرجان,0,1,0,0,1,0,1,0,1,0
احتفالي,0,0,0,0,1,0,1,0,0,0
أحضر,0,0,0,0,0,0,0,0,0,0
فيت,0,1,0,0,1,0,1,0,1,0
صنم,0,0,0,0,0,0,0,0,0,0
عداء,1,0,0,0,0,1,0,0,0,0
إقطاعي,0,0,0,0,0,1,0,0,0,0
الإقطاع,1,0,0,0,0,1,0,1,0,0
حُمى,0,0,0,1,0,0,0,0,0,0
محموم,0,0,0,0,0,1,0,0,0,0
خطيبة,0,0,0,0,0,0,0,0,0,0
الفشل الذريع,0,0,0,0,0,1,0,0,0,0
فيات,0,0,0,0,0,0,0,0,0,0
فيب,1,0,0,0,0,1,0,0,0,0
الأساسية,0,0,0,0,0,0,0,0,0,0
ليفي,0,0,0,0,0,0,0,0,0,0
متقلب,0,0,0,0,0,1,0,0,0,0
خيال,0,0,0,0,0,0,0,0,0,0
خيالي,0,0,0,0,0,1,0,0,0,0
كمان,0,0,0,0,0,0,0,0,0,0
العابث,0,0,0,0,0,0,0,0,0,0
الاخلاص,0,0,0,0,1,0,1,0,0,1
مستشار توزيع أصول,0,0,0,0,0,0,0,0,0,0
مجال,0,0,0,0,0,0,0,0,0,0
مدمن,1,0,1,1,0,1,0,0,0,0
شرس,1,0,1,1,0,1,0,0,0,0
العيد,0,1,0,0,1,0,1,0,1,1
يقاتل,1,0,0,1,0,1,0,0,0,0
مقاتل,0,0,0,0,0,0,0,0,0,0
قتال,1,0,0,0,0,1,0,0,0,0
"ملفق، خيالي",0,0,0,0,0,0,0,0,0,0
رمزي,0,0,0,0,0,0,0,0,0,0
الشكل,0,0,0,0,0,0,0,0,0,0
تمثال صغير,0,0,0,0,0,0,0,0,0,0
خيوط,0,0,0,0,0,0,0,0,0,0
خيطي,0,0,0,0,0,0,0,0,0,0
ملف,0,0,0,0,0,0,0,0,0,0
معطّل,0,0,0,0,0,1,0,0,0,0
الصغر,0,0,0,0,0,0,0,0,0,0
الايداع,0,0,0,0,0,0,0,0,0,0
برادة,0,0,0,0,0,0,0,0,0,0
يملأ,0,0,0,0,0,0,0,0,0,1
فيليه,0,0,0,0,0,0,0,0,0,0
حشوة,0,0,0,0,0,0,0,0,0,0
مهرة,0,0,0,0,0,0,0,0,0,0
فيلم,0,0,0,0,0,0,0,0,0,0
غشائي,0,0,0,0,0,0,0,0,0,0
منقي,0,0,0,0,0,0,0,0,0,0
رجس,0,0,1,0,0,1,0,0,0,0
قذرة,0,0,1,0,0,1,0,0,0,0
زعنفة,0,0,0,0,0,0,0,0,0,0
نهائي,0,0,0,0,0,0,0,0,0,0
خاتمة,0,0,0,0,0,0,0,0,0,0
النهائية,0,0,0,0,0,0,0,0,0,0
أخيرا,0,1,1,0,1,0,1,0,1,1
المالية,0,0,0,0,0,0,0,0,0,0
الأمور المالية,0,0,0,0,0,0,0,0,0,0
ممول,0,0,0,0,0,0,0,0,0,0
خفق,0,0,0,0,0,0,0,0,0,0
تجد,0,0,0,0,0,0,0,0,0,0
العثور على,0,0,0,0,0,0,0,0,0,0
تأنق,0,0,0,0,0,0,1,0,0,0
براعة,0,0,0,0,0,0,1,0,0,0
اصبع اليد,0,0,0,0,0,0,0,0,0,0
بصمة,0,0,0,0,0,0,0,0,0,0
إنهاء,0,0,0,0,0,0,0,0,0,0
محدود,0,0,0,0,0,0,0,0,0,0
فينك,0,0,0,0,0,0,0,0,0,0
نار,0,0,0,1,0,0,0,0,0,0
الأسلحة النارية,1,0,0,1,0,1,0,0,0,0
كرة نارية,0,0,0,0,0,0,1,0,0,0
يراعة,0,0,0,0,0,0,0,0,0,0
رجل الاطفاء,0,0,0,0,0,0,0,0,0,1
المدفأة,0,0,0,0,0,0,0,0,0,0
المضاد للهب,0,0,0,0,0,0,1,0,0,0
بجانب المدفأة,0,0,0,0,0,0,0,0,0,0
الحطب,0,0,0,0,0,0,0,0,0,0
الألعاب النارية,0,0,0,0,0,0,0,0,0,0
اطلاق النار,0,0,0,0,0,0,0,0,0,0
شركة,0,0,0,0,0,0,0,0,0,0
سماء,0,0,0,0,0,0,0,0,0,0
قطعا,0,0,0,0,0,0,0,0,0,0
الحزم,0,0,0,0,0,0,1,0,0,1
بكر,0,1,0,0,1,0,1,0,0,1
المالية,0,0,0,0,0,0,0,0,0,0
سمك,0,0,0,0,0,0,0,0,0,0
صياد السمك,0,0,0,0,0,0,0,0,0,0
مصايد الأسماك,0,0,0,0,0,0,0,0,0,0
صيد السمك,0,0,0,0,0,0,0,0,0,0
مريب,0,0,0,0,0,0,0,0,0,0
انشطاري,0,0,0,0,0,0,0,0,0,0
الانشطار النووي,0,0,0,0,0,0,0,0,0,0
شق,0,0,0,0,0,0,0,0,0,0
قبضة,0,0,0,0,0,0,0,0,0,0
ناسور,0,0,0,0,0,0,0,0,0,0
اللياقه البدنيه,0,0,0,0,0,0,0,0,0,0
تناسبها,1,0,0,0,0,1,0,0,0,0
تركيب,0,0,0,0,0,0,0,0,0,0
مناسب,0,1,0,0,1,0,1,0,0,1
توصيلات,0,0,0,0,0,0,0,0,0,0
يصلح,0,0,0,0,0,0,0,0,0,0
تثبيت,0,0,0,0,0,0,0,0,0,0
مُثَبَّت,0,0,0,0,0,0,0,0,0,1
المباراة,0,0,0,0,0,0,1,0,0,0
تركيبات,0,0,0,0,0,0,0,0,0,0
أز,0,0,0,0,0,0,0,0,0,0
مترهل,0,0,1,0,0,1,0,0,0,0
رخو,0,0,0,0,0,1,0,1,0,0
ضعيف,0,0,0,0,0,1,0,0,0,0
صارخ,1,0,1,0,0,1,0,0,0,0
الرئيسية,0,0,0,0,0,0,0,0,0,1
تقشر,0,0,0,0,0,1,0,0,0,0
قشاري,0,0,0,0,0,0,0,0,0,0
لهب,0,0,0,0,0,0,0,0,0,0
ملتهب,0,0,0,0,0,0,0,0,0,0
شفة,0,0,0,0,0,0,0,0,0,1
الخاصرة,0,0,0,0,0,0,0,0,0,0
محاط,0,0,0,0,0,0,0,0,0,0
المرافقة,0,0,0,0,0,0,0,0,0,0
الفانيلا,0,0,0,0,0,0,0,0,0,0
رفرف,0,0,0,0,0,1,0,0,0,0
الخفقان,0,0,0,0,0,0,0,0,0,0
توهج,0,0,0,0,0,0,0,0,0,0
اشتعال,0,0,0,0,0,0,0,0,0,0
فلاش,0,0,0,0,0,0,0,0,0,0
استرجاع,0,0,0,0,0,0,0,0,0,0
وامض,0,0,0,0,0,0,0,0,0,0
مصباح يدوي,0,0,0,0,0,0,0,0,0,0
مبهرج,0,0,0,0,0,0,0,0,0,0
قارورة,0,0,0,0,0,0,0,0,0,0
مسطحة,0,0,0,0,0,0,0,0,0,0
التسطيح,0,0,0,0,0,0,0,0,0,0
تتسطح,0,0,0,0,0,0,0,0,0,0
الإغراء,0,0,0,0,1,0,1,0,0,0
الإطراء,0,0,0,0,0,0,0,0,0,0
انتفاخ,0,0,1,0,0,1,0,0,0,0
يتباهى,0,0,0,0,0,1,0,0,0,0
نكهة,0,0,0,0,0,0,0,0,0,0
عيب,0,0,0,0,0,1,0,1,0,0
برغوث,0,0,1,0,0,1,0,0,0,0
هرب,0,0,0,1,0,0,0,0,0,0
اهرب,0,0,0,1,0,1,0,0,0,0
الصوف,1,0,1,0,0,1,0,1,0,0
سريع,0,0,0,0,0,0,1,0,0,0
عابر,0,0,0,0,0,0,0,0,0,0
لحم,0,0,1,0,0,0,0,0,0,0
سمين,0,0,0,0,0,1,0,0,0,0
ثني,0,0,0,0,0,0,0,0,0,0
المرونة,0,0,0,0,0,0,1,0,0,0
مرن,0,0,0,0,0,0,0,0,0,0
انثناء,0,0,0,0,0,0,0,0,0,0
رمش,0,0,0,0,0,0,0,0,0,0
الخفقان,0,0,0,0,0,0,0,0,0,0
طيار,0,0,0,0,0,0,0,0,0,0
طيران,0,0,0,0,0,0,0,0,0,0
جفل,0,1,1,1,0,1,0,1,1,0
قذف,0,0,0,0,0,0,0,0,0,0
الصوان,0,0,0,0,0,0,0,0,0,0
زعنفة,0,0,0,0,0,0,0,0,0,0
يعاكس,0,1,0,0,1,1,1,0,1,1
مغازلة,0,0,0,0,0,0,0,0,0,0
يطفو,0,0,0,0,0,0,0,0,0,0
قطيع,0,0,0,0,0,0,0,0,0,0
جلد,1,0,1,1,0,1,0,1,0,0
فيضان,0,0,0,1,0,0,0,0,0,0
أرضية,0,0,0,0,0,0,0,0,0,0
بالتخبط,0,0,1,0,0,1,0,1,0,0
النباتية,0,0,0,0,0,0,0,0,0,0
زهري,0,0,0,0,0,0,1,0,0,0
منسق زهور,0,0,0,0,0,0,0,0,0,0
الخيط,0,0,0,0,0,0,0,0,0,0
تخبط,0,0,0,1,0,1,0,1,0,0
طحين,0,0,0,0,0,0,0,0,0,0
تدفق,0,0,0,0,0,0,1,0,0,0
المزهرة,0,0,0,0,0,0,0,0,0,0
منمق,0,0,0,0,0,0,1,0,0,0
أنفلونزا,0,0,0,1,0,1,0,0,0,0
تذبذب,0,0,0,0,0,0,0,0,0,0
متقلب,0,0,0,0,0,0,0,0,0,0
تقلب,1,0,0,1,0,1,0,0,0,0
المداخن,0,0,0,0,0,0,0,0,0,0
الطلاقة,0,0,0,0,0,0,0,0,0,0
زغب,0,0,0,0,0,0,0,0,0,0
رقيق,0,0,0,0,0,0,0,0,0,0
سائل,0,0,0,0,0,0,0,0,0,0
سيولة,0,0,0,0,0,0,0,0,0,0
حظ Lucky Strike,0,0,0,0,0,0,0,0,1,0
ضوئي,0,0,0,0,0,0,0,0,0,0
فلوري,0,0,0,0,0,0,0,0,0,0
مضطرب,0,0,0,0,0,0,0,0,0,0
دافق,0,0,0,0,0,0,1,0,0,0
مضطرب,0,0,0,0,0,0,0,0,0,0
الفلوت,0,0,0,0,0,0,0,0,0,0
مخدد,0,0,0,0,0,0,0,0,0,0
نهري,0,0,0,0,0,0,0,0,0,0
تدفق,0,0,0,0,0,0,0,0,0,0
يطير,0,0,0,0,0,0,0,0,0,0
نشرة,0,0,0,0,0,0,0,0,0,0
طيران,0,0,0,1,0,0,1,0,0,0
دولاب الموازنة,0,0,0,0,0,0,0,0,0,0
مهرا,0,0,0,0,0,0,0,0,0,0
رغوة,0,0,0,0,0,0,0,0,0,0
الرغوة,0,0,0,0,0,0,0,0,0,0
رغوي,0,0,0,0,0,0,0,0,0,0
فوب,0,0,0,0,0,0,0,0,0,0
الارتكاز,0,0,0,0,0,0,0,0,0,0
التركيز,0,0,0,0,0,0,1,0,0,0
العلف,0,0,0,0,0,0,0,0,0,0
عدو,1,0,0,1,0,1,0,0,0,0
ضباب,0,0,0,0,0,0,0,0,0,0
ضبابي,0,0,0,0,0,0,0,0,0,0
رقائق,0,0,0,0,0,0,0,0,0,0
احبطت,0,0,0,0,0,1,0,0,0,0
يطوى,0,0,0,0,0,0,0,0,0,0
مطوية,0,0,0,0,0,0,0,0,0,0
أوراق الشجر,0,0,0,0,0,0,0,0,0,0
فوليو,0,0,0,0,0,0,0,0,0,0
قوم,0,0,0,0,0,0,0,0,0,0
التراث الشعبي,0,0,0,0,0,0,0,0,0,0
بصيلات,0,0,0,0,0,0,0,0,0,0
جرابي,0,0,0,0,0,0,0,0,0,0
إتبع,0,0,0,0,0,0,0,0,0,0
متابع,0,0,0,0,0,0,0,0,0,1
حماقة,0,0,0,0,0,1,0,0,0,0
مداعبة,0,0,0,0,0,0,0,0,0,0
ولع,0,0,0,0,1,0,1,0,0,0
الخط,0,0,0,0,0,0,0,0,0,0
غذاء,0,0,0,0,1,0,1,0,0,1
أحمق,0,0,1,0,0,1,0,0,0,0
خداع,0,0,0,0,0,0,0,0,0,0
غبي,0,0,0,0,0,1,0,0,0,0
حماقة,0,0,0,0,0,1,0,0,0,0
قدم,0,0,0,0,0,0,0,0,0,0
كرة القدم,0,1,0,0,1,0,1,0,0,0
جسر المشاة,0,0,0,0,0,0,0,0,0,0
قدم,0,0,0,0,0,0,0,0,0,1
ممر,0,0,0,0,0,0,0,0,0,0
اثار,0,0,0,0,0,0,0,0,0,0
fop,0,0,0,0,0,0,0,0,0,0
العلف,0,0,0,0,0,1,0,0,0,0
غزوة,1,0,0,0,0,1,0,0,0,0
الصبر,0,0,0,0,0,0,1,0,0,0
حرم,0,0,0,0,0,1,0,1,0,0
النهي,1,0,0,1,0,1,0,0,0,0
فرض,1,0,0,1,0,1,0,0,0,0
قسري,0,0,0,1,0,1,0,0,0,0
ملقط,0,0,0,0,0,0,0,0,0,0
غصبا,1,0,0,1,0,1,0,0,0,0
معقل,0,0,0,0,0,0,0,0,0,0
الصدارة,0,0,0,0,0,0,1,0,0,0
ساعد,1,1,0,0,0,0,0,0,0,0
نذير,0,1,0,1,0,1,0,0,0,0
تنبؤ بالمناخ,0,1,0,0,0,0,0,0,0,1
المتنبئ,0,0,0,0,0,0,0,0,0,0
حبس الرهن,0,0,0,1,0,1,0,1,0,0
أجداد,0,0,0,0,1,0,1,0,0,1
السبابة,0,0,0,0,0,0,0,0,0,0
سبق,0,0,0,0,0,1,0,0,0,0
سابق,0,0,0,0,0,0,1,0,0,0
أمر مفروغ منه,0,0,0,0,0,0,0,0,0,0
المقدمة,0,0,0,0,0,0,0,0,0,0
جبين,0,0,0,0,0,0,0,0,0,0
أجنبي,0,0,0,0,0,1,0,0,0,0
أجنبي,0,0,0,1,0,1,0,0,0,0
مراقب عمال,0,0,0,0,0,0,1,0,0,0
الطب الشرعي,0,0,0,0,0,0,0,0,0,0
سلف,0,0,0,0,0,0,1,0,0,0
توقع,0,1,0,0,0,0,1,0,1,1
متوقعة,0,1,0,0,0,0,1,0,0,0
البصيرة,0,1,0,0,0,0,1,0,0,1
غابة,0,0,0,0,0,0,0,0,0,0
التفكير المسبق,0,0,0,0,0,0,0,0,0,0
محذر,0,1,0,1,0,1,0,0,0,0
مقدمة,0,0,0,0,0,0,0,0,0,0
مصادرة,1,0,0,0,0,1,0,1,0,0
مصادرة,0,0,0,0,0,1,0,0,0,0
مصادرة,0,0,0,1,0,1,0,1,0,0
تشكيل,0,0,0,0,0,0,1,0,0,0
تزوير,0,0,0,0,0,1,0,0,0,0
ننسى,0,0,0,0,0,1,0,0,0,0
النسيان,0,0,0,0,0,0,0,0,0,0
النسيان,0,0,0,0,0,0,0,0,0,0
يغفر,0,0,0,0,0,0,1,0,0,0
غفر,0,0,0,0,0,0,1,0,0,0
غفور,0,0,0,0,0,0,1,0,0,1
نسي,0,0,0,1,0,1,0,1,0,0
شوكة,0,0,0,0,0,0,0,0,0,0
متشعب,0,0,0,0,0,0,0,0,0,0
تفرع,0,0,0,0,0,0,0,0,0,0
بائس,0,0,0,0,0,1,0,1,0,0
شكل,0,0,0,0,0,0,0,0,0,0
الشكلية,0,0,0,0,0,0,0,0,0,0
شكلي,0,0,0,0,0,0,0,0,0,1
تشكيل - تكوين,0,0,0,0,0,0,0,0,0,0
التكويني,0,0,0,0,0,0,1,0,0,1
شكلت,0,0,0,0,0,0,0,0,0,0
هائل,0,0,0,1,0,0,0,0,0,0
تشكيل,0,1,0,0,0,0,0,0,0,0
لا شكل له,0,0,0,0,0,1,0,0,0,0
معادلة,0,0,0,0,0,0,1,0,0,1
كتيب الوصفات,0,0,0,0,0,0,0,0,0,0
صياغة,0,0,0,0,0,0,0,0,0,0
الزنا,0,0,0,0,0,1,0,0,0,0
تخلى,0,0,0,0,0,1,0,1,0,0
منبوذ,1,0,0,0,0,1,0,1,0,0
forsooth,0,0,0,0,0,0,0,0,0,0
حصن,0,0,0,0,0,0,0,0,0,1
موطن,0,0,0,0,0,0,1,0,0,0
"قادم، صريح، يظهر",0,0,0,0,0,0,1,0,0,0
فورا,0,0,0,0,0,0,0,0,0,0
تحصين,0,0,0,0,0,0,0,0,0,0
حصن,0,0,0,0,0,0,1,0,0,0
ثبات,0,0,0,0,1,0,1,0,0,1
كل أسبوعين,0,0,0,0,0,0,0,0,0,0
قلعة,0,0,0,1,0,0,1,1,0,1
صدفة,0,0,0,0,0,0,0,0,0,0
محظوظ,0,0,0,0,0,0,1,0,0,0
حظ,0,1,0,0,1,0,1,0,1,1
أربعين,0,0,0,0,0,0,0,0,0,0
المنتدى,0,0,0,0,0,0,0,0,0,0
إلى الأمام,0,0,0,0,0,0,1,0,0,0
حفرية,0,0,0,0,0,0,0,0,0,0
الحفريات,0,0,0,0,0,0,0,0,0,0
خطأ,1,0,1,1,0,1,0,0,0,0
وجدت,0,0,0,0,1,0,1,0,0,1
المؤسسة,0,0,0,0,0,0,1,0,0,0
مؤسس,0,0,0,0,0,0,0,0,0,0
مسبك,0,0,0,0,0,0,0,0,0,0
نافورة,0,0,0,0,0,0,0,0,0,0
أربعة أضعاف,0,0,0,0,0,0,0,0,0,0
الرابع,0,0,0,0,0,0,0,0,0,0
طير,0,0,0,0,0,0,0,0,0,0
الثعلب,0,0,0,0,0,0,0,0,0,0
ماكر,0,0,0,0,0,0,0,0,0,0
جزء,0,0,0,0,0,0,0,0,0,0
كسري,0,0,0,0,0,0,0,0,0,0
كسر,0,0,0,0,0,1,0,0,0,0
قابل للكسر,0,0,0,1,0,1,0,1,0,0
هشاشة,0,0,0,0,0,0,0,0,0,0
شظية,0,0,0,0,0,0,0,0,0,0
مجزأة,0,0,0,0,0,0,0,0,0,0
العطر,0,0,0,0,0,0,0,0,0,0
طيب الرائحة,0,0,0,0,0,0,1,0,0,0
هشاشة,0,0,0,0,0,1,0,1,0,0
نطاق,0,0,0,0,0,0,0,0,0,1
الامتياز التجاري,0,0,0,0,0,0,0,0,0,0
صريح,0,0,0,0,0,0,1,0,0,1
الصراحة,0,0,0,0,0,0,1,0,0,1
محمومة,0,1,1,1,0,1,0,0,1,0
الأخوية,0,0,0,0,1,0,1,0,0,1
الأخوة,0,0,0,0,0,0,0,0,0,0
تزوير,1,0,0,0,0,1,0,0,0,0
محتال,1,0,1,0,0,1,0,0,0,0
مفعم,0,0,0,1,0,1,0,1,0,0
النزاع,0,0,0,0,0,1,0,0,0,0
متوترة,0,0,0,0,0,1,0,1,0,0
غريب الأطوار,0,0,0,0,0,0,0,0,0,0
عجيب,0,0,1,1,0,1,0,0,1,0
الحريه,0,0,0,0,1,0,1,0,0,1
التملك الحر,0,0,0,0,0,0,0,0,0,0
حسابهم الخاص,0,0,0,0,0,0,0,0,0,0
بحرية,0,0,0,0,1,0,1,0,0,1
طريق سريع,0,0,0,0,0,0,0,0,0,0
تجميد,0,0,0,0,0,0,0,0,0,0
الفريزر,0,0,0,0,0,0,0,0,0,0
تجميد,0,0,0,0,0,1,0,0,0,0
شحن,0,0,0,0,0,0,0,0,0,0
محموم,1,0,0,1,0,1,0,0,1,0
مسعور,1,0,0,1,0,1,0,0,0,0
نوبة,0,0,0,0,0,1,0,0,0,0
تكرر,0,0,0,0,0,0,0,0,0,0
متكرر,0,0,0,0,0,0,0,0,0,0
في كثير من الأحيان,0,0,0,0,0,0,0,0,0,0
في الهواء الطلق,0,0,0,0,0,0,0,0,0,0
طالبة,0,0,0,0,0,0,0,0,0,0
أقلق,0,0,0,1,0,1,0,0,0,0
احتكاك,1,0,0,0,0,0,0,0,0,0
صديق,0,0,0,0,1,0,1,0,0,1
الود,0,0,0,0,1,0,1,0,0,1
ودي,0,1,0,0,1,0,1,0,0,1
صداقة,0,0,0,0,1,0,1,0,0,1
فرقاطة,0,0,0,1,0,0,0,0,0,0
الخوف,0,0,0,1,0,1,0,0,1,0
أرعب,0,0,0,1,0,1,0,1,1,0
خائف,0,0,0,1,0,1,0,0,1,0
مخيف,1,0,0,1,0,1,0,1,0,0
بارد جدا,0,0,0,0,0,1,0,0,0,0
هامش,0,0,0,0,0,0,0,0,0,0
مهدب,0,0,0,0,0,0,0,0,0,0
لعوب,0,1,0,0,1,0,1,0,1,0
تافه,0,0,0,0,0,1,0,0,0,0
فستان,0,0,0,0,0,0,0,0,0,0
ضفدع,0,0,0,0,0,0,0,0,0,0
مرح,0,0,0,0,1,0,1,0,0,0
أمامي,0,0,0,0,0,0,0,0,0,0
واجهة,0,0,0,0,0,0,0,0,0,0
أمامي,0,0,0,0,0,0,0,0,0,0
حدود,0,0,0,0,0,0,0,0,0,0
المواجهة,0,0,0,0,0,0,0,0,0,0
الواجهة,0,0,0,0,0,0,0,0,0,0
الصقيع,0,0,0,0,0,0,0,0,0,0
قضمة الصقيع,0,0,0,0,0,1,0,0,0,0
متجمد,0,0,0,0,0,0,0,0,0,0
أشيب,0,0,0,0,0,0,0,0,0,0
رغوة,0,0,0,0,0,1,0,0,0,0
مزبد,0,0,0,0,0,0,0,0,0,0
عبوس,0,0,0,0,0,1,0,1,0,0
عابس,1,0,1,0,0,1,0,1,0,0
مجمدة,0,0,0,0,0,0,0,0,0,0
مقتصد,0,0,0,0,0,0,1,0,0,0
فاكهة,0,0,0,0,0,0,0,0,0,0
مثمر,0,0,0,0,0,0,1,0,0,0
ثمار,0,0,0,0,0,0,0,0,0,0
غير مثمر,0,0,0,0,0,1,0,1,0,0
أحبط,1,0,1,0,0,1,0,1,0,0
محبط,1,0,0,0,0,1,0,0,0,0
إحباط,1,0,0,0,0,1,0,0,0,0
يقلى,0,0,0,0,0,0,0,0,0,0
حلوى,0,0,0,0,0,1,0,0,0,0
الوقود,0,0,0,0,0,0,0,0,0,0
سريع التبخر,1,0,1,1,0,1,0,1,0,1
نقطة ارتكاز,0,0,0,0,0,0,0,0,0,0
تحقيق,0,0,0,0,1,0,1,0,0,0
"تحقيق، إنجاز",0,1,0,0,1,0,1,0,0,1
ممتلئ,0,0,0,0,0,0,1,0,0,0
الامتلاء,0,0,0,0,0,0,0,0,0,0
تماما,0,0,0,0,0,0,1,0,0,1
تلمس,0,0,0,0,0,1,0,0,0,0
دخان,0,0,0,0,0,1,0,0,0,0
تبخير,0,0,0,0,0,0,0,0,0,0
دخن,1,0,0,0,0,1,0,0,0,0
مرح,0,1,0,0,1,0,1,0,0,0
وظيفة,0,0,0,0,0,0,0,0,0,0
وظيفي,0,0,0,0,0,0,0,0,0,0
تمويل,0,0,0,0,0,0,0,0,0,0
أساسي,0,0,0,0,0,0,1,0,0,1
جوهريا,0,0,0,0,0,0,0,0,0,0
أموال,0,0,0,0,0,0,0,0,0,0
جنازة,0,0,0,0,0,0,0,1,0,0
فطر,0,0,1,0,0,1,0,0,0,0
ذعر,0,0,0,0,0,1,0,1,0,0
قمع,0,0,0,0,0,0,0,0,0,0
الفراء,0,0,0,0,0,0,0,0,0,0
غاضب,1,0,1,0,0,1,0,0,0,0
بشراسة,1,0,0,0,0,0,0,0,0,0
إجازة,0,0,0,0,0,0,0,0,0,0
فرن,1,0,0,0,0,0,0,0,0,0
أثث,0,0,0,0,0,0,0,0,0,0
أثاث المنزل,0,0,0,0,0,0,0,0,0,0
ضجة,1,0,0,0,0,1,0,0,0,0
ثلم,0,0,0,0,0,0,0,1,0,0
تعزيز,0,0,0,0,0,0,0,0,0,0
غضب شديد,1,0,0,1,0,1,0,1,0,0
فتيل,0,0,0,0,0,0,1,0,0,1
انصهار,0,0,0,0,0,0,1,0,0,0
ضجة,1,0,0,0,0,1,0,1,0,0
صعب,0,0,1,0,0,1,0,0,0,0
غير مجدي,0,0,0,0,0,1,0,1,0,0
عبث,0,0,0,0,0,1,0,0,0,0
مستقبل,0,0,0,0,0,0,0,0,0,0
زغب,0,0,0,0,0,0,0,0,0,0
أجعد,0,0,0,0,0,0,0,0,0,0
غابي,0,0,1,0,0,1,0,0,0,0
أسكت,0,0,1,0,0,1,0,0,0,0
سعة,0,0,0,0,0,0,0,0,0,1
ضحك,0,0,0,0,0,0,0,0,0,0
يكسب,0,1,0,0,1,0,1,0,0,0
مربح,0,0,0,0,0,0,0,0,0,0
كسب,0,0,0,0,0,0,1,0,0,0
مشية,0,0,0,0,0,0,0,0,0,0
غلا,0,0,0,0,0,0,0,0,0,0
المجرة,0,0,0,0,0,0,0,0,0,0
عاصفة,0,0,0,0,0,0,0,0,0,0
المرارة,1,0,1,0,0,1,0,0,0,0
شجاع,0,0,0,0,0,0,1,0,0,0
الشجاعة,0,0,0,0,0,0,1,0,0,0
صالة عرض,0,0,0,0,0,0,0,0,0,0
المطبخ,0,0,0,0,0,0,0,0,0,0
عدو,0,0,0,0,0,0,0,0,0,0
راكض,0,0,0,0,0,0,0,0,0,0
المشنقة,1,0,0,1,0,1,0,1,0,0
وفرة,0,0,0,0,0,0,1,0,0,0
كلف,0,0,0,0,0,0,0,0,0,0
مغامرة,0,0,0,0,0,1,0,0,0,0
مقامر,0,1,0,0,0,1,0,0,1,0
القمار,0,1,0,0,0,1,0,0,1,0
لعبه,0,0,0,0,0,0,0,0,0,0
الألعاب,0,0,0,0,0,0,0,0,0,0
جامون,0,0,0,0,0,0,0,0,0,0
سلسلة,0,0,0,0,0,0,0,0,0,0
المغفل,0,0,0,0,0,0,0,0,0,0
عصابة,1,0,0,1,0,1,0,0,0,0
جول,0,0,0,0,0,1,0,0,0,0
الفارق,0,0,0,0,0,1,0,0,0,0
تثاءب,0,0,0,0,0,0,0,0,1,0
محدق,0,0,0,0,0,0,0,0,0,0
كراج,0,0,0,0,0,0,0,0,0,0
زي,0,0,0,0,0,0,0,0,0,0
قمامة,0,0,1,0,0,1,0,0,0,0
مشوه,0,0,0,0,0,0,0,0,0,0
حديقة,0,0,0,0,1,0,1,0,0,0
بستاني,0,0,0,0,0,0,0,0,0,0
الحدائق,0,0,0,0,0,0,0,0,0,0
متوهج,0,0,1,0,0,1,0,0,1,0
ثوم,0,0,0,0,0,0,0,0,0,0
ملابس,0,0,0,0,0,0,0,0,0,0
حاصل,0,0,0,0,0,0,0,0,0,0
العقيق,0,0,0,0,0,0,1,0,0,0
مقبلات,0,0,0,0,0,1,0,0,0,0
حامية,0,0,0,0,0,0,1,0,0,1
الرباط,0,0,0,0,0,0,0,0,0,0
غاز,0,0,0,0,0,0,0,0,0,0
الغازي,0,0,0,0,0,0,0,0,0,0
جرح,0,0,0,1,0,1,0,0,0,0
تغويز,0,0,0,0,0,0,0,0,0,0
الغازولين,0,0,0,0,0,0,0,0,0,0
شهيق,0,0,0,0,0,0,0,0,1,0
يلهث,0,0,0,1,0,1,0,0,0,0
معدي,0,0,0,0,0,0,0,0,0,0
فن الطهو,0,0,0,0,0,0,0,0,0,0
بوابة,0,0,0,0,0,0,0,0,0,1
بوابة,0,0,0,0,0,0,0,0,0,1
يجتمع,0,0,0,0,0,0,0,0,0,0
جامع,0,0,0,0,0,0,0,0,0,0
تجمع,0,0,0,0,0,0,0,0,0,0
أخرق,0,0,0,0,0,1,0,0,0,0
كَيّل,0,0,0,0,0,0,0,0,0,0
القياس,0,0,0,0,0,0,0,0,0,1
هزيل,0,0,0,0,0,1,0,0,0,0
القفاز,0,0,0,0,0,0,0,0,0,0
الشاش,0,0,0,0,0,0,0,0,0,0
المطرقة,0,0,0,0,0,0,0,0,0,0
البله,0,0,0,0,0,0,0,0,1,0
تحديق,0,0,0,0,0,0,0,0,0,0
شرفة المراقبة,0,0,0,0,0,0,0,0,0,0
غزال,0,0,0,0,0,0,0,0,0,0
الجريدة,0,0,0,0,0,0,1,0,0,1
المعجم,0,0,0,0,0,0,0,0,0,0
هيأ,0,0,0,0,0,0,1,0,0,0
هلام,0,0,0,0,0,0,0,0,0,0
الجيلاتين,0,0,1,0,0,0,0,0,0,0
خصي,0,0,0,0,0,0,0,0,0,0
خصي,0,0,0,0,0,0,0,0,0,0
جوهرة,0,0,0,0,1,0,1,0,0,0
الجوزاء,0,0,0,0,0,0,0,0,0,0
جنس,0,0,0,0,0,0,0,0,0,0
علم الأنساب,0,0,0,0,0,0,0,0,0,0
جنرال لواء,0,0,0,0,0,0,1,0,0,1
عمومية,0,0,0,0,0,0,0,0,0,0
تعميم,0,0,0,0,0,0,0,0,0,0
عموما,0,0,0,0,0,0,0,0,0,0
انشاء,0,0,0,0,0,0,0,0,0,0
توليد,0,0,0,0,0,0,0,0,0,0
توليدي,0,0,0,0,0,0,0,0,0,0
مولد كهرباء,0,0,0,0,0,0,0,0,0,0
نوعي,0,0,0,0,0,0,0,0,0,0
سخاء,0,1,0,0,1,0,1,0,1,1
كريم - سخي,0,0,0,0,1,0,1,0,0,1
منشأ,0,0,0,0,0,0,0,0,0,0
وراثي,0,0,0,0,0,0,0,0,0,0
علم الوراثة,0,0,0,0,0,0,0,0,0,0
عبقري,0,0,0,0,1,0,1,0,0,0
الأعضاء التناسلية,0,0,0,0,0,0,0,0,0,0
عبقري,0,0,0,0,0,0,1,0,0,0
النوع,0,0,0,0,0,0,0,0,0,0
جنت,1,0,1,1,0,1,0,0,0,0
رقيق,0,0,0,0,0,0,1,0,0,0
انسان محترم,0,0,0,0,0,0,1,0,0,1
لطف,0,0,0,0,0,0,1,0,0,0
الطبقة الراقية,0,0,0,0,0,0,1,0,0,1
حقيقي. صادق. صميم,0,0,0,0,0,0,1,0,0,1
جنس,0,0,0,0,0,0,0,0,0,0
جغرافية,0,0,0,0,0,0,0,0,0,0
جيولوجيا,0,0,0,0,0,0,0,0,0,0
الهندسة,0,0,0,0,0,0,0,0,0,0
الجيرانيوم,0,0,0,0,0,0,1,0,0,0
الشيخوخة,0,0,0,0,0,1,0,1,0,0
جرثومة,0,1,1,0,0,0,0,0,0,0
ألمانية,0,0,0,0,0,0,0,0,0,0
جرثومة,0,0,0,0,0,0,0,0,0,0
تنبت,0,0,0,0,0,0,0,0,0,0
إنبات,0,1,0,0,0,0,0,0,0,0
الحمل,0,0,0,0,0,0,0,0,0,0
إيماءة,0,0,0,0,0,0,0,0,0,0
مروع,0,0,1,1,0,1,0,0,0,0
الغيت حي اليهود,0,0,1,1,0,1,0,1,0,0
شبح,0,0,0,1,0,0,0,0,0,0
شبحي,0,0,0,1,0,1,0,0,0,0
عملاق,0,0,0,1,0,0,0,0,0,0
رطانة,1,0,0,0,0,1,0,0,0,0
هدية مجانية,0,1,0,0,1,0,1,0,1,0
موهوبين,0,0,0,0,0,0,1,0,0,0
أزعج,0,0,0,0,0,0,0,0,0,0
عملاق,0,0,0,0,0,0,1,0,0,0
قهقه,0,0,0,0,1,0,1,0,0,0
الخيشومية,0,0,0,0,0,0,0,0,0,0
الخياشيم,0,0,0,0,0,0,0,0,0,0
مذهب,0,0,0,0,0,0,0,0,0,0
أعرج,0,0,0,0,0,0,0,0,0,0
شرك,0,0,0,0,0,0,0,0,0,0
زنجبيل,0,0,0,0,0,0,0,0,0,0
خبز الزنجبيل,0,0,0,0,0,0,0,0,0,0
بحذر شديد,0,0,0,0,0,0,0,0,0,0
زرافة,0,0,0,0,0,0,0,0,0,0
عارضة,0,0,0,0,0,0,1,0,0,1
حزام,0,0,0,0,0,0,0,0,0,0
مقاس,0,0,0,0,0,0,0,0,0,0
جوهر,0,0,0,0,0,0,0,0,0,0
إعطاء,0,0,0,0,0,0,1,0,0,0
صارخ,0,0,0,0,0,0,0,0,0,0
جليدي,0,0,0,0,0,1,0,0,0,0
الجليدية,0,0,0,0,0,0,0,0,0,0
مسرور,0,1,0,0,1,0,1,0,0,0
غليد,0,0,0,0,0,0,0,0,0,0
المصارع,0,0,0,1,0,0,0,0,0,0
بهجة,0,0,0,0,1,0,1,0,0,0
يلمح,0,0,0,0,0,0,0,0,0,0
وهج,1,0,0,1,0,1,0,0,0,0
صارخ,1,0,0,0,0,1,0,0,0,0
زجاج,0,0,0,0,0,0,0,0,0,0
نظارات,0,0,0,0,0,0,0,0,0,0
الأواني الزجاجية,0,0,0,0,0,0,0,0,0,0
سطح أملس,0,0,0,0,0,0,0,0,0,0
بصيص,0,0,0,0,0,0,0,0,0,0
جمع,0,0,0,0,0,0,0,0,0,0
مرح,0,0,0,0,1,0,1,0,0,0
غلين,0,0,0,0,0,0,0,0,0,0
عفريت,0,0,0,0,0,1,0,0,0,0
انسل من,0,1,0,0,1,0,1,0,0,0
بصيص,0,1,0,0,1,0,1,0,1,0
لمحة,0,0,0,0,0,0,0,0,0,0
بريق,0,0,0,0,0,0,0,0,0,0
القصب مادة للتزيين,0,0,1,0,1,0,0,0,0,0
التألق,0,0,0,0,0,0,1,0,0,0
كره ارضيه,0,0,0,0,0,0,0,0,0,0
كروي,0,0,0,0,0,0,0,0,0,0
كآبة,0,0,0,0,0,1,0,1,0,0
كئيب,0,0,0,0,0,1,0,1,0,0
تمجيد,0,0,0,0,1,0,1,0,0,0
مجد,0,1,0,0,1,0,1,0,1,1
مجد,0,1,0,0,1,0,1,0,0,1
لمعان,0,0,0,0,0,0,1,0,0,0
قائمة المصطلحات,0,0,0,0,0,0,0,0,0,0
لامع,0,0,0,0,0,0,0,0,0,0
قفاز,0,0,0,0,0,0,0,0,0,0
يشع,0,1,0,0,1,0,1,0,0,1
متوهجة,0,0,0,0,0,0,1,0,0,0
الجلوكوز,0,0,0,0,0,0,0,0,0,0
صمغ,0,0,0,0,0,0,0,0,0,0
كئيب,0,0,0,0,0,1,0,1,0,0
تخمة,0,0,1,0,0,1,0,0,0,0
الغولتين,0,0,0,0,0,0,0,0,0,0
الشراهة,0,0,1,0,0,1,0,0,0,0
جلسيرين,0,0,0,0,0,0,0,0,0,0
البعوضة,0,0,0,0,0,0,0,0,0,0
جنوم,1,0,1,1,0,1,0,0,0,0
ماعز,0,0,0,0,0,0,0,0,0,0
لحية صغيرة,0,0,0,0,0,0,0,0,0,0
بحار,0,0,1,0,0,0,0,0,0,0
الكركرة,0,0,0,0,0,0,0,0,0,0
كأس,0,0,0,0,0,0,0,0,0,0
عفريت,0,0,1,1,0,1,0,0,0,0
الله,0,1,0,1,1,0,1,0,0,1
إلهة,0,0,0,0,0,0,0,0,0,0
أب روحي,0,0,0,0,0,0,0,0,0,0
كافر,1,0,0,0,0,1,0,0,0,0
الصالحين,0,0,0,0,1,0,1,0,0,1
هبة من الله,0,0,0,0,1,0,1,0,1,0
حملق,0,0,0,0,0,0,0,0,0,0
نظارات واقية,0,0,0,0,0,0,0,0,0,0
ذهب,0,0,0,0,0,0,1,0,0,0
ذهبي,0,0,0,0,0,0,0,0,0,0
جولف,0,0,0,0,0,0,0,0,0,0
جندول,0,0,0,0,0,0,0,0,0,0
غونغ,0,0,0,0,0,0,0,0,0,0
السيلان,1,0,1,1,0,1,0,1,0,0
لزج,0,0,1,0,0,1,0,0,0,0
جيد,0,1,0,0,1,0,1,0,1,1
مع السلامة,0,0,0,0,0,0,0,0,0,0
جيد,0,0,0,0,0,0,1,0,0,0
صلاح,0,1,0,0,1,0,1,0,1,1
بضائع,0,0,0,0,0,0,1,0,0,0
نية حسنة,0,0,0,0,0,0,1,0,0,0
قودي,0,0,0,0,0,0,0,0,0,0
لزج,0,0,0,0,0,0,0,0,0,0
وزة,0,0,0,0,0,0,0,0,0,0
غوفر,0,0,0,0,0,0,0,0,0,0
جور,1,0,1,1,0,1,0,1,0,0
الخانق,0,0,1,0,0,1,0,0,0,0
خلاب,0,0,0,0,1,0,1,0,0,0
غوريلا,0,0,0,0,0,1,0,0,0,0
دموي,1,0,1,1,0,1,0,1,0,0
الإنجيل,0,0,0,0,0,0,1,0,0,1
نميمة,0,0,0,0,0,1,0,0,0,0
قلع,0,0,0,0,0,1,0,0,0,0
الذواقة,0,0,0,0,0,0,0,0,0,0
النقرس,0,0,0,0,0,1,0,0,0,0
حكم,0,0,0,0,0,0,1,0,0,1
الحاكمة,0,0,0,0,0,0,0,0,0,1
مسيطر,0,0,0,0,0,0,0,0,0,0
حكومة,0,0,0,1,0,1,0,0,0,0
محافظ حاكم,0,0,0,0,0,0,0,0,0,1
ثوب,0,0,0,0,0,0,0,0,0,0
إختطاف,1,0,0,0,0,1,0,0,0,0
نعمة او وقت سماح,0,0,0,0,0,0,1,0,0,0
رشيقة,0,0,0,0,0,0,1,0,0,0
الرحمن,0,0,0,0,0,0,1,0,0,0
بلطف,0,0,0,0,0,0,1,0,0,0
تدرج,0,0,0,0,0,0,0,0,0,0
المرتبة,0,0,0,0,0,0,0,0,0,0
ممهدة,0,0,0,0,0,0,0,0,0,0
الانحدار,0,0,0,0,0,0,0,0,0,0
تدريجي,0,1,0,0,0,0,0,0,0,0
تدريجياً,0,0,0,0,0,0,0,0,0,0
تخرُّج,0,1,0,1,1,0,1,0,1,1
قمح,0,0,0,0,0,0,0,0,0,0
غرام,0,0,0,0,0,0,0,0,0,0
قواعد,0,0,0,0,0,0,0,0,0,1
كبير,0,0,0,0,0,0,0,0,0,0
أحفاد,0,1,0,0,1,0,1,0,0,1
عظمة,0,0,0,0,0,0,1,0,0,0
جد,0,0,0,0,0,0,0,0,0,1
عظيم,0,0,0,0,0,0,0,0,0,0
جدة,0,0,0,0,0,0,1,0,0,0
جرانج,0,0,0,0,0,0,0,0,0,0
الجرانيت,0,0,0,0,0,0,0,0,0,0
منحة,0,1,0,0,1,0,1,0,0,1
ممنوح,0,0,0,0,0,0,1,0,0,0
المستفيد,0,0,0,0,0,0,0,0,0,0
المانح,0,0,0,0,0,0,0,0,0,0
حبيبي,0,0,0,0,0,0,0,0,0,0
حبيبة,0,0,0,0,0,0,0,0,0,0
العنب,0,0,0,0,0,0,0,0,0,0
الرسومات,0,0,0,0,0,0,0,0,0,0
تصارع,0,0,0,0,0,0,0,0,0,0
"يفهم، يمسك، يقبض",0,0,0,0,0,0,0,0,0,0
استيعاب,0,1,0,0,0,1,0,0,0,0
عشب,0,0,0,0,0,0,0,0,0,0
الجراد,0,0,0,0,0,0,0,0,0,0
عشبي,0,0,0,0,0,0,0,0,0,0
صر,0,0,0,0,0,1,0,0,0,0
مبشور,1,0,0,0,0,1,0,0,0,0
شاكر,0,0,0,0,0,0,1,0,0,0
يرضي,0,0,0,0,1,0,1,0,1,0
صريف,1,0,1,0,0,1,0,0,0,0
دون مقابل,0,0,0,0,0,0,0,0,0,0
اِمتِنان,0,0,0,0,1,0,1,0,0,0
لا مبرر له,0,0,1,0,0,0,0,0,0,0
مكافأة,0,0,0,0,0,0,0,0,0,0
خطير,0,0,0,1,0,1,0,1,0,0
حصى,0,0,0,0,0,0,0,0,0,0
أخطر,0,0,0,0,0,0,0,0,0,0
تنجذب,0,1,0,0,0,0,0,0,0,0
الجاذبية,0,0,0,0,0,0,0,0,0,0
الجاذبية,0,0,0,0,0,0,0,0,0,0
صلصة اللحم,0,0,0,0,0,0,0,0,0,0
اللون الرمادي,0,0,1,0,0,0,0,1,0,0
خدش,0,0,0,0,0,0,0,0,0,0
شحم,0,0,0,0,0,0,0,0,0,0
دهني,0,0,1,0,0,0,0,0,0,0
أكبر,0,0,0,0,0,0,1,0,0,0
أعظم,0,0,0,0,0,0,0,0,0,0
إلى حد كبير,0,0,0,0,0,0,0,0,0,0
عظمة,0,0,0,0,1,0,1,0,1,1
جشع,1,0,1,0,0,1,0,0,0,0
طماع,0,0,1,0,0,1,0,0,0,0
لون أخضر,0,0,0,0,1,0,1,0,0,1
البيت الأخضر,0,0,0,0,0,0,0,0,0,0
مخضر,0,0,0,0,0,0,0,0,0,0
غرينوود,0,0,0,0,0,0,0,0,0,0
تحية,0,0,0,0,0,0,0,0,0,0
تحية,0,0,0,0,0,0,1,0,1,0
إجتماعي,0,0,0,0,0,0,1,0,0,0
قنبلة يدوية,0,0,0,1,0,1,0,0,0,0
رمادي,0,0,0,0,0,0,0,0,0,0
السلوقي كلب الصيد,0,0,0,0,0,0,0,0,0,0
مشواة,0,0,0,0,0,0,0,0,0,0
حزن,0,0,0,0,0,1,0,1,0,0
التظلم,1,0,1,0,0,1,0,1,0,0
يتحسر,0,0,0,1,0,1,0,1,0,0
حزين,1,0,0,1,0,1,0,1,0,0
غريفين,0,0,0,0,0,0,0,0,0,0
شواية,0,0,0,0,0,0,0,0,0,0
مصبغة,0,0,0,0,0,0,0,0,0,0
متجهم,1,1,1,1,0,1,0,1,0,0
وسخ,0,0,1,0,0,1,0,0,0,0
وسخ,0,0,1,0,0,1,0,0,0,0
ابتسامة,0,1,0,0,1,0,1,0,1,1
طَحن,0,0,0,0,0,0,0,0,0,0
طاحونة,0,0,0,0,0,0,0,0,0,0
طحن,0,0,0,0,0,1,0,0,0,0
سيطرة,0,0,0,0,0,0,0,0,0,0
مروع,0,0,1,1,0,1,0,0,0,0
طحن,0,0,0,0,0,0,1,0,0,0
مثابرة,0,0,0,0,0,0,1,0,0,1
شجاع,0,0,0,0,0,0,0,0,0,0
أشيب,0,0,0,1,0,1,0,0,0,0
تأوه,0,0,1,0,0,1,0,1,0,0
بقال,0,0,0,0,0,0,0,0,0,0
البقالة,0,0,0,0,0,0,0,0,0,0
خضروات,0,0,0,0,0,0,0,0,0,0
مترنح,0,0,0,0,0,0,0,0,0,0
الفخذ,0,0,0,0,0,0,0,0,0,0
زوج,0,0,0,0,0,0,0,0,0,0
أخدود,0,0,0,0,0,0,0,0,0,0
تلمس,1,0,1,1,0,1,0,0,0,0
أزداد,0,0,1,0,0,1,0,0,0,0
شىء متنافر,0,0,1,0,0,1,0,0,0,0
الكهف,0,0,0,0,0,0,0,0,0,0
أرض,0,0,0,0,0,0,0,0,0,1
مؤرض,0,0,0,1,0,1,0,1,0,0
لا أساس له,0,0,0,0,0,1,0,0,0,0
أسباب,0,0,0,0,0,0,0,0,0,0
الأساس,0,0,0,0,0,0,1,0,0,0
مجموعة,0,0,0,0,0,0,0,0,0,0
التجمع,0,0,0,0,0,0,0,0,0,0
احتج,0,0,0,0,0,0,0,0,0,0
جصص,0,0,0,0,0,0,0,0,0,0
بستان,0,0,0,0,0,0,0,0,0,0
تنمو,0,1,0,0,1,0,1,0,0,1
تذمر,1,0,0,1,0,1,0,0,0,0
الهدر,1,0,1,1,0,1,0,0,0,0
نمو,0,0,0,0,0,0,1,0,0,0
نكش,0,0,0,0,0,0,0,0,0,0
ضغينة,1,0,0,0,0,1,0,0,0,0
على مضض,0,0,0,0,0,1,0,0,0,0
شنيع,0,0,1,0,0,1,0,0,0,0
خشن,1,0,1,0,0,1,0,0,0,0
تذمر,1,0,1,0,0,1,0,0,0,0
نكد,1,0,1,0,0,1,0,1,0,0
الناخر,0,0,0,0,0,0,0,0,0,0
ضمان,0,0,0,0,0,0,1,0,0,1
ضمانة,0,0,0,0,0,0,0,0,0,0
يحمي,0,0,0,1,0,0,1,0,0,1
حراسة,0,0,0,0,0,0,0,0,0,1
وصي,0,0,0,0,0,0,1,0,0,1
الوصاية,0,0,0,0,0,0,1,0,0,1
حراس,0,0,0,0,0,0,0,0,0,0
حاكمي,0,0,0,0,0,0,1,0,0,1
حرب العصابات,0,0,0,1,0,1,0,0,0,0
خمن,0,0,0,0,0,0,0,0,1,0
التخمين,0,0,0,0,0,0,0,0,0,0
زائر,0,0,0,0,0,0,0,0,0,0
إرشاد,0,0,0,0,0,0,1,0,0,1
يرشد,0,0,0,0,0,0,1,0,0,1
دليل,0,0,0,0,0,0,1,0,0,1
نقابة,0,0,0,0,0,0,0,0,0,0
مكر,0,0,0,0,0,1,0,0,0,0
مقصلة,1,1,1,1,0,1,0,1,0,0
الذنب,0,0,1,0,0,1,0,1,0,0
مذنب,1,0,0,0,0,1,0,1,0,0
غينيا,0,0,0,0,0,0,0,0,0,0
ستار,0,0,0,0,0,1,0,0,0,0
غيتار,0,0,0,0,0,0,0,0,0,0
جولس,0,0,0,0,0,0,0,0,0,0
الخليج,0,0,0,0,0,0,0,0,0,0
نورس,0,0,0,0,0,1,0,0,0,0
ساذج,0,0,0,0,0,1,0,1,0,1
أخدود,0,0,0,0,0,0,0,0,0,0
بلع,0,0,0,1,0,0,0,0,1,0
صمغ,0,0,0,0,0,0,0,0,0,0
غائر,0,0,0,0,0,0,0,0,0,0
بندقية,1,0,0,1,0,1,0,0,0,0
مدفعي,0,0,0,0,0,0,0,0,0,0
البارود,0,0,0,1,0,0,0,0,0,0
جورو,0,0,0,0,0,0,1,0,0,1
تدفق,0,0,1,0,1,1,0,0,0,0
مجمعة,0,0,0,0,0,0,0,0,0,1
عاصفة,0,0,0,0,0,0,0,0,0,0
عاصف,0,0,0,0,0,0,0,0,0,0
القناة الهضمية,0,0,1,0,0,0,0,0,0,0
أحشاء,0,0,0,0,0,0,1,0,0,0
مزراب,0,0,1,0,0,0,0,0,0,0
شاب,0,0,0,0,0,0,0,0,0,0
الإسراف,0,0,0,0,0,1,0,0,0,0
صالة للألعاب الرياضية,0,0,0,0,0,0,0,0,0,0
لاعبة جمباز,0,0,0,0,0,0,1,0,0,0
الجمباز,0,0,0,0,0,0,0,0,0,0
رياضة بدنية,0,0,0,0,0,0,0,0,0,0
أمراض النساء,0,0,0,0,0,0,0,0,0,0
الغجر,0,0,0,0,0,1,0,0,0,0
جيروسكوب,0,0,0,0,0,0,0,0,0,0
عادة,0,0,0,0,0,0,0,0,0,0
موطن,0,0,0,0,0,0,1,0,0,0
سكن,0,0,0,0,0,0,0,0,0,0
معتاد,0,1,0,0,0,0,0,0,0,0
عادة,0,0,0,0,0,0,0,0,0,0
هاسيندا,0,0,0,0,0,0,0,0,0,0
حاج,0,0,1,1,0,1,0,0,0,0
منهك,0,0,0,0,0,1,0,1,0,0
تساوم,0,0,0,0,0,0,0,0,0,0
وابل,0,0,0,0,0,1,1,0,0,1
شعر,0,0,0,0,0,0,0,0,0,0
مشعر,0,0,1,0,0,1,0,0,0,0
هيل,0,0,0,0,0,0,1,0,0,0
نصف,0,0,0,0,0,0,0,0,0,0
في منتصف الطريق,0,0,0,0,0,1,0,0,0,0
صالة,0,0,0,0,0,0,0,0,0,0
مقدس,0,0,0,0,0,0,0,0,0,0
هلوسة,0,0,0,1,0,1,0,0,0,0
هالة,0,0,0,0,0,0,0,0,0,0
وقف,0,0,0,0,0,0,0,0,0,0
الرسن,1,0,0,1,0,1,0,1,0,0
توقف,0,0,0,1,0,1,0,1,0,0
النصف,0,0,0,0,0,0,0,0,0,0
النصف,0,0,0,0,0,0,0,0,0,0
لحم خنزير,0,0,0,0,0,0,0,0,0,0
قرية,0,0,0,0,0,0,0,0,0,0
شاكوش,0,0,0,0,0,0,0,0,0,0
يدق,0,0,0,0,0,0,0,0,0,0
أرجوحة شبكية,0,0,0,0,0,0,0,0,0,0
يعيق,0,0,0,0,0,1,0,0,0,0
اوتار الركبة,1,0,0,0,0,1,0,1,0,0
كف,0,0,0,0,0,0,0,0,0,0
كتيب,0,0,0,0,0,0,0,0,0,1
حفنة,0,0,0,0,0,0,0,0,0,0
عائق,0,0,0,0,0,1,0,1,0,0
حرفي - حرفة يدوية,0,0,0,0,0,0,0,0,0,0
العمل اليدوي,0,0,0,0,0,0,0,0,0,0
منديل,0,0,0,0,0,0,0,0,0,0
يتعامل,0,0,0,0,0,0,0,0,0,0
وسيم,0,0,0,0,0,0,0,0,0,0
خط يد,0,0,0,0,0,0,0,0,0,0
سهل,0,0,0,0,0,0,1,0,0,0
يشنق,0,0,0,0,0,0,0,0,0,0
حظيرة,0,0,0,0,0,0,0,0,0,0
معلقة,1,0,1,1,0,1,0,1,0,0
الجلاد,0,0,0,1,0,1,0,0,0,0
يتسكع,0,0,0,0,0,0,0,0,0,0
هانك,0,0,0,0,0,0,0,0,0,0
اشتياق,0,1,0,0,0,0,0,0,0,0
هاب,0,1,0,0,0,0,0,0,1,0
عشوائي,0,0,0,0,0,0,0,0,0,0
يحدث,0,1,0,0,0,0,0,0,0,0
يحدث,0,0,0,0,0,0,0,0,0,0
بسعادة,0,0,0,0,1,0,1,0,0,0
سعادة,0,1,0,0,1,0,1,0,0,0
سعيدة,0,1,0,0,1,0,1,0,0,1
مضايقة,1,0,1,0,0,1,0,0,0,0
مضايقة,1,0,0,0,0,0,0,0,0,0
نذير,1,1,0,1,0,1,0,0,0,0
مرفأ,0,0,0,0,0,0,0,0,0,1
تصلب,0,0,0,0,0,0,0,0,0,0
تصلب,1,0,1,1,0,1,0,0,0,0
تصلب,0,0,0,0,0,0,0,0,0,0
صلابة,0,0,0,0,0,1,0,0,0,0
ضائقة,0,0,0,0,0,1,0,1,0,0
المعدات,0,0,0,0,0,0,0,0,0,0
هاردي,0,0,0,0,1,0,1,0,0,1
أرنبة,0,0,0,0,0,0,0,0,0,0
حريم,0,0,0,0,0,0,0,0,0,0
عاهرة,0,0,1,0,0,1,0,0,0,0
ضرر وتلف,0,0,0,1,0,1,0,0,0,0
ضار,1,0,1,1,0,1,0,1,0,0
هارمونيكا,0,0,0,0,0,0,0,0,0,0
التوافقيات,0,0,0,0,0,0,0,0,0,0
بانسجام,0,0,0,0,1,0,1,0,0,1
تنسجم,0,0,0,0,0,0,0,0,0,0
انسجام,0,0,0,0,1,0,1,0,0,1
ظفيرة,0,0,0,0,0,0,0,0,0,0
هاربر,0,0,0,0,0,0,0,0,0,0
بيان القيثاري,0,0,0,0,0,0,0,0,0,0
مروع,0,0,0,1,0,1,0,0,0,0
هاري,1,0,0,0,0,1,0,1,0,0
قسوة,1,0,0,1,0,1,0,0,0,0
هارت,0,0,0,0,0,0,0,0,0,0
محصول,0,1,0,0,1,0,1,0,0,0
تجزئة,0,0,0,0,0,1,0,0,0,0
حشيش,0,0,0,0,0,1,0,0,0,0
تسرع,0,1,0,0,0,0,0,0,0,0
أسرع,0,0,0,0,0,0,0,0,0,0
بعجلة,0,0,0,0,0,0,0,0,0,0
متسرع,0,0,0,0,0,1,0,0,0,0
قبعة,0,0,0,0,0,0,0,0,0,0
فقس,0,0,0,0,0,0,0,0,0,0
الأحقاد,0,0,0,0,0,0,0,0,0,0
يكره,1,0,1,1,0,1,0,1,0,0
مكروه,1,0,1,1,0,1,0,1,0,0
كره,1,0,0,0,0,1,0,0,0,0
كراهية,1,0,1,1,0,1,0,1,0,0
متكبر,1,0,0,0,0,1,0,0,0,0
سحب,0,0,0,0,0,0,0,0,0,0
النقل,0,0,0,0,0,0,0,0,0,0
تطارد,0,0,0,1,0,1,0,0,0,0
ازم,0,0,0,1,0,1,0,1,0,0
ملاذ,0,0,0,0,0,0,1,0,0,1
الخراب,1,0,0,1,0,1,0,0,0,0
هاو,0,0,0,0,0,0,0,0,0,0
الصقر,0,0,0,1,0,0,0,0,0,0
الصقور,0,0,0,0,0,0,0,0,0,0
خطر,0,0,0,1,0,1,0,0,0,0
خطير,0,0,0,1,0,1,0,0,0,0
ضباب,0,0,0,1,0,1,0,0,0,0
ضبابي,0,0,0,0,0,0,0,0,0,0
رأس,0,0,0,0,0,0,0,0,0,0
صداع الراس,0,0,0,0,0,1,0,0,0,0
غطاء الرأس,0,0,0,0,0,0,0,0,0,0
رأس,0,0,0,0,0,0,0,0,0,0
القبعات,0,0,0,0,0,0,0,0,0,0
عنوان,0,0,0,0,0,0,0,0,0,0
الرأس,0,0,0,0,0,0,0,0,0,0
المصباح,0,1,0,0,0,0,0,0,0,0
العنوان,0,0,0,0,0,0,0,0,0,0
بتهور,0,0,0,0,0,0,0,0,0,0
مقر,0,0,0,0,0,0,0,0,0,0
شاهد القبر,0,0,0,0,0,0,0,0,0,0
تقدم,0,0,0,0,0,0,1,0,0,0
مسكر,0,0,0,0,0,1,0,0,0,0
شفاء - يشفى,0,0,0,0,1,0,1,0,0,1
شفاء,0,1,0,0,1,0,1,0,0,1
صحة,0,0,0,0,0,0,0,0,0,0
صحي,0,0,0,0,1,0,1,0,0,0
صحي,0,0,0,0,0,0,1,0,0,0
كومة,0,0,0,0,0,0,0,0,0,0
يسمع,0,0,0,0,0,0,0,0,0,0
المستمع,0,0,0,0,0,0,0,0,0,0
سمع,0,0,0,1,0,1,0,0,0,0
إشاعات,0,0,0,0,0,1,0,0,0,0
يسمع,0,0,0,1,0,1,0,1,0,0
قلب,0,0,0,0,0,0,0,0,0,0
وجع القلب,0,0,0,0,0,1,0,1,0,0
حرقة من المعدة,0,0,0,0,0,1,0,0,0,0
القلبية,0,0,0,0,1,0,1,1,0,1
الموقد,0,0,0,0,0,0,1,0,0,0
بحرارة,0,0,0,0,1,0,1,0,0,0
بلا قلب,0,0,0,0,0,1,0,1,0,0
قلوب,0,0,0,0,0,0,0,0,0,0
دودة القلب,0,0,1,0,0,0,0,0,0,0
الحرارة,0,0,0,0,0,0,0,0,0,0
ساخنة,0,0,0,0,0,0,0,0,0,0
سخان,0,0,0,0,0,0,0,0,0,0
هيث,0,0,0,0,0,0,0,0,0,0
همجي,0,0,0,1,0,1,0,0,0,0
هيذر,0,0,0,0,0,0,0,0,0,0
تدفئة,0,0,0,0,0,0,0,0,0,0
يتنفس,0,0,0,0,0,0,0,0,0,0
السماوي,0,1,0,0,1,0,1,0,0,1
الجنة,0,0,0,0,1,0,1,0,0,1
بشدة,0,0,0,0,0,1,0,0,0,0
ثقل,0,0,0,0,0,0,0,0,0,0
الرفع,0,0,0,0,0,0,0,0,0,0
هكتار,0,0,0,0,0,0,0,0,0,0
محموم,0,0,0,0,0,0,0,0,0,0
التحوط أو طوق,0,0,0,0,0,0,0,0,0,0
قنفذ,0,0,0,0,0,0,0,0,0,0
مذهب المتعة,0,0,0,0,1,1,1,0,0,0
حذرهم,0,0,0,0,0,0,0,0,0,0
كعب,0,0,0,0,0,1,0,0,0,0
كعوب,0,0,0,0,0,0,0,0,0,0
ثقل,0,1,0,1,0,0,1,0,0,0
مهيمن,0,0,0,0,0,0,0,0,0,0
بقرة,0,0,0,0,0,0,0,0,0,0
ارتفاع,0,0,0,0,0,0,0,0,0,0
تصعد,0,0,0,1,0,1,0,0,0,0
شنيع,0,0,0,0,0,1,0,0,0,0
وريث,0,0,0,0,0,0,0,0,0,0
وريثة,0,0,0,0,0,0,0,0,0,0
الإرث,0,0,0,0,0,0,0,0,0,0
ورثة,0,0,0,0,0,0,0,0,0,0
حلزوني,0,0,0,0,0,0,0,0,0,0
حلزون,0,0,0,0,0,0,0,0,0,0
الجحيم,1,0,1,1,0,1,0,1,0,0
جهنمي,1,0,1,1,0,1,0,1,0,0
القياده,0,0,0,0,0,0,0,0,0,0
خوذة,0,0,0,1,0,0,1,0,0,0
المساعد,0,0,0,0,0,0,1,0,0,1
"معاون، مساعد، مفيد، فاعل خير",0,0,0,0,1,0,1,0,0,1
عاجز,0,0,0,1,0,1,0,1,0,0
العجز,0,0,0,1,0,1,0,1,0,0
هدب,0,0,0,0,0,0,0,0,0,0
الهيماتيت,0,0,0,0,0,0,0,0,0,0
نصفي,0,0,0,0,0,0,0,0,0,0
نصف الكرة الأرضية,0,0,0,0,0,0,0,0,0,0
نصف كروي,0,0,0,0,0,0,0,0,0,0
الشوكران,0,0,0,0,0,0,0,0,0,0
نزف,0,0,1,1,0,1,0,1,0,0
بواسير,0,0,0,0,0,1,0,0,0,0
عيدان,0,0,0,0,0,0,0,0,0,0
دجاجة,0,0,0,0,0,0,0,0,0,0
من الآن فصاعدا,0,0,0,0,0,0,0,0,0,0
يعلن,0,0,0,0,0,0,0,0,0,0
شعارات النبالة,0,0,0,0,0,0,0,0,0,0
عشب,0,0,0,0,0,0,0,0,0,0
عشبي,0,0,0,0,0,0,0,0,0,0
عشبي,0,0,0,0,0,0,1,0,0,0
المعشبة,0,0,0,0,0,0,0,0,0,0
قطيع,0,0,0,0,0,0,0,0,0,0
وراثي,0,0,0,0,0,0,0,0,0,0
الوراثة,0,0,0,0,0,0,0,0,0,0
بدعة - هرطقة,0,0,0,0,0,1,0,0,0,0
زنديق,0,0,1,0,0,1,0,0,0,0
هرطقة,0,0,0,0,0,0,0,0,0,0
حتى الآن,0,0,0,0,0,0,0,0,0,0
هنا,0,0,0,0,0,0,0,0,0,0
طيه,0,0,0,0,0,0,0,0,0,0
إرث,0,0,0,0,0,0,0,0,0,1
خنثى,0,0,0,0,0,1,0,0,1,0
التأويل,0,0,0,0,0,0,0,0,0,0
الناسك,0,0,0,0,0,0,0,1,0,1
فتق,0,0,0,0,0,0,0,0,0,0
بطل,0,1,0,0,1,0,1,0,1,1
بطولي,0,0,0,0,1,0,1,0,1,1
البطولات,0,0,0,0,0,0,1,0,0,0
الهيروين,0,0,0,0,0,1,0,0,0,0
بطلة,0,0,0,0,0,0,1,0,0,1
البطولة,0,1,0,0,1,0,1,0,1,1
الهربس,0,0,1,0,0,1,0,0,0,0
فيروس الهربس,0,0,1,0,0,1,0,0,0,0
متردد,0,0,0,0,0,0,0,0,0,0
تردد,0,0,0,1,0,1,0,0,0,0
عدم التجانس,0,0,0,0,0,0,0,0,0,0
هيو,0,0,0,0,0,0,0,0,0,0
سداسي الزوايا,0,0,0,0,0,0,0,0,0,0
ذروة,0,1,0,0,1,0,1,0,0,1
فجوة,0,0,0,0,0,0,0,0,0,0
بيات شتوى,0,0,0,0,0,0,0,0,0,0
السبات الشتوي,0,0,0,0,0,0,0,0,0,0
حازوق,0,0,0,0,0,0,0,0,0,0
مختفي,0,0,0,0,0,1,0,0,0,0
يخفي,0,0,0,1,0,0,0,0,0,0
بشعة,0,0,1,1,0,1,0,1,0,0
إخفاء,0,0,0,1,0,0,0,0,0,0
الهرمية,0,0,0,0,0,0,0,0,0,0
عالي,0,0,0,0,0,0,0,0,0,0
أعلى,0,0,0,0,0,0,0,0,0,0
الأعلى,0,1,0,1,1,1,1,0,1,0
المرتفعات,0,0,0,0,0,0,0,0,0,0
المرتفعات,0,0,0,0,0,0,0,0,0,0
ارتفاع,0,0,0,0,0,0,0,0,0,0
الطريق السريع,0,0,0,0,0,0,0,0,0,0
مسافر,0,0,0,0,0,0,0,0,0,0
مضحك جدا,0,0,0,0,1,0,1,0,1,0
مرح,0,0,0,0,1,0,1,0,0,0
تل,0,0,0,0,0,0,0,0,0,0
التلال,0,0,0,0,0,0,0,0,0,0
المقبض,0,0,0,0,0,0,0,0,0,0
هند,0,0,0,0,0,0,0,0,0,0
يعيق,0,0,0,0,0,1,0,1,0,0
عائق,0,0,0,0,0,1,0,0,0,0
مفصل,0,0,0,0,0,0,0,0,0,0
ملحوظة,0,0,0,0,0,0,0,0,0,0
المناطق النائية,0,0,0,0,0,0,0,0,0,0
خاصرة,0,0,0,0,0,0,0,0,0,0
الهبي,0,0,0,0,0,1,0,0,0,0
يؤجر,0,1,0,0,1,0,1,0,0,1
أهلب,0,0,0,0,0,0,0,0,0,0
همسة,1,0,0,1,0,1,0,0,0,0
الهسهسة,0,0,0,0,0,1,0,0,0,0
علم الانسجة,0,0,0,0,0,0,0,0,0,0
مؤرخ,0,0,0,0,0,0,0,0,0,0
تاريخي,0,0,0,0,0,0,0,0,0,0
التأريخ,0,0,0,0,0,0,0,0,0,0
التاريخ,0,0,0,0,0,0,0,0,0,0
يضرب,1,0,0,0,0,1,0,0,0,0
حتى الآن,0,0,0,0,0,1,0,0,0,0
خلية نحل,0,0,0,0,0,1,0,0,0,0
كنز,0,0,0,0,0,0,0,0,0,0
أجش,0,0,0,0,0,1,0,0,0,0
هوري,0,0,0,0,0,1,0,1,0,0
خدعة,1,0,1,0,0,1,0,1,1,0
موقد,0,0,0,0,0,0,0,0,0,0
هواية,0,0,0,0,1,0,1,0,0,0
المتشرد,0,0,0,0,0,1,0,1,0,0
الهوكي,0,0,0,0,0,0,0,0,0,0
مجرفة,0,0,0,0,0,0,0,0,0,0
خنزير,0,0,1,0,0,1,0,0,0,0
رفع,0,0,0,0,0,0,0,0,0,0
يمسك,0,0,0,0,0,0,0,0,0,0
مالك,0,0,0,0,0,0,0,0,0,0
تحتجز,0,0,0,0,0,0,0,0,0,0
الفجوة,0,0,0,0,0,0,0,0,0,0
يوم الاجازة,0,1,0,0,1,0,1,0,0,0
قداسة,0,1,0,1,1,0,1,0,1,1
أجوف,0,0,0,0,0,1,0,1,0,0
محرقة,1,0,1,1,0,1,0,1,0,0
مقدس,0,0,0,0,0,0,1,0,0,0
إجلال أو بيعة أو احترام,0,0,0,0,0,0,1,0,0,0
بلا مأوى,1,1,1,1,0,1,0,1,0,0
المثلية,0,0,0,0,0,0,0,0,0,0
علاج بالمواد الطبيعية,0,0,0,0,0,0,0,0,0,0
بالحنين إلى الوطن,0,0,0,0,0,1,0,1,0,0
منزل,0,0,0,0,0,0,0,0,0,0
واجب منزلي,0,0,0,1,0,0,0,0,0,0
القتل,1,0,0,1,0,1,0,0,0,0
القتل,1,0,1,1,0,1,0,1,0,0
عظة,0,0,0,0,0,0,0,0,0,0
تجانس,0,0,0,0,0,0,0,0,0,0
متجانس,0,0,0,0,0,0,0,0,0,0
متماثل,0,0,0,0,0,0,0,0,0,0
متماثل,0,0,0,0,0,0,0,0,0,0
تنادد,0,0,0,0,0,0,1,0,0,0
توسيع,0,0,0,0,0,0,0,0,0,0
صادق,1,0,1,1,1,0,1,1,0,1
أمانة,0,0,0,0,0,0,1,0,0,1
عسل,0,0,0,0,0,0,1,0,0,0
خلية النحل,0,0,0,0,0,0,0,0,0,0
شهر العسل,0,1,0,0,1,0,1,0,1,1
صريمة الجدي,0,0,0,0,0,0,0,0,0,0
شرف,0,0,0,0,0,0,1,0,0,1
مشرف,0,0,0,0,0,0,1,0,0,1
التكريم,0,0,0,0,0,0,0,0,0,0
غطاء محرك السيارة,1,0,1,1,0,1,0,0,0,0
مقنع,0,0,0,1,0,0,0,0,0,0
حافر,0,0,0,0,0,0,0,0,0,0
صنارة صيد,0,0,0,0,0,0,0,0,0,0
معلق,0,0,0,0,0,1,0,0,0,0
عاهرة,0,0,0,0,0,0,0,0,0,0
طارة,0,0,0,0,0,0,0,0,0,0
صاح,1,0,1,0,0,1,0,0,0,0
قفز,0,0,0,0,0,0,0,0,0,0
أمل,0,1,0,0,1,0,1,0,1,1
متفائل,0,1,0,0,1,0,1,0,1,1
ميئوس منه,0,0,0,1,0,1,0,1,0,0
اليأس,1,0,1,1,0,1,0,1,0,0
آمال,0,0,0,0,0,0,0,0,0,0
يأمل,0,0,0,0,0,0,0,0,0,0
قادوس,0,0,0,0,0,0,0,0,0,0
حشد,0,0,0,0,0,1,0,0,1,0
الأفق,0,1,0,0,0,0,1,0,0,0
عرضي,0,0,0,0,0,0,0,0,0,0
أفقيا,0,0,0,0,0,0,0,0,0,0
بوق,0,0,0,0,0,0,0,0,0,0
زنبور,0,0,0,0,0,0,0,0,0,0
أقرن,0,0,0,0,0,0,0,0,0,0
خريطة الابراج,0,1,0,0,0,0,0,0,0,0
رهيب,1,0,1,1,0,1,0,0,0,0
بشعة,0,0,0,0,0,1,0,0,0,0
بشع,1,0,1,1,0,1,0,1,0,0
مروع,1,0,1,1,0,1,0,1,0,0
مذعور,0,0,0,1,0,1,0,0,0,0
مرعب,0,0,1,1,0,1,0,1,0,0
رعب,1,0,1,1,0,1,0,1,1,0
أهوال,0,0,0,1,0,1,0,1,0,0
حصان,0,0,0,0,0,0,0,0,0,1
فارس,0,0,0,0,0,0,0,0,0,0
حدوة الحصان,0,0,0,0,0,0,0,0,0,0
البستنة,0,0,0,0,0,0,0,0,0,0
البستنة,0,0,0,0,0,0,0,0,0,0
خرطوم,0,0,0,0,0,0,0,0,0,0
الجوارب,0,0,0,0,0,0,0,0,0,0
تكية,0,0,0,0,0,0,0,1,0,0
مستشفى,0,0,0,1,0,0,0,1,0,1
ضيافة,0,0,0,0,0,0,1,0,0,0
رهينة,1,0,0,1,0,1,0,0,0,0
نزل,0,0,0,0,0,0,0,0,0,0
عدائي,1,0,1,1,0,1,0,0,0,0
العداوات,1,0,0,1,0,1,0,0,0,0
العداء,1,0,1,0,0,1,0,0,0,0
الحار,1,0,0,0,0,0,0,0,0,0
مرتع,0,0,0,0,0,0,0,0,0,0
الفندق,0,0,0,0,0,0,0,0,0,0
ساعة,0,0,0,0,0,0,0,0,0,0
الساعة الرملية,0,0,0,0,0,0,0,0,0,0
ساعيا,0,0,0,0,0,0,0,0,0,0
بيت,0,0,0,0,0,0,0,0,0,0
أُسرَة,0,0,0,0,0,0,1,0,0,0
رب البيت,0,0,0,0,0,0,0,0,0,0
مدبرة المنزل,0,0,0,0,0,0,0,0,0,0
التدبير المنزلي,0,0,0,0,0,0,1,0,0,0
ربه منزل,0,0,0,0,0,0,0,0,0,0
السكن,0,0,0,0,0,0,0,0,0,0
الحوامات,0,0,0,0,0,0,0,0,0,0
عواء,1,0,1,1,0,1,0,1,1,0
على أي حال,0,0,0,0,0,0,0,0,0,0
هوي,0,0,0,0,0,0,0,0,0,0
المركز رئيسي,0,0,0,0,0,0,0,0,0,0
تجمهر,0,0,0,0,0,0,0,0,0,0
مسحة,0,0,0,0,0,0,0,0,0,0
هف,1,0,1,0,0,1,0,0,0,0
حضن,0,0,0,0,1,0,1,0,0,1
تسربت,0,0,0,0,0,0,0,0,0,0
الهيكل,0,0,1,0,0,0,0,0,0,0
بدن,0,0,0,0,0,0,0,0,0,0
همم,0,0,0,0,0,0,0,0,0,0
بشري,0,0,0,0,0,0,0,0,0,0
إنسانية,0,0,0,0,0,0,1,0,0,0
إنساني,0,1,0,0,1,0,1,0,1,1
العلوم الإنسانية,0,0,0,0,0,0,0,0,0,0
إنسانية,0,0,0,0,1,0,1,0,0,1
متواضع,0,0,1,0,0,1,1,1,0,0
بتواضع,0,0,0,0,0,0,1,1,0,0
بتواضع,0,0,0,0,0,0,1,0,0,0
هراء,1,0,1,0,0,1,0,1,0,0
رطب,0,0,0,0,0,0,0,0,0,0
رطوبة,0,0,0,0,0,0,0,0,0,0
إذلال,1,0,0,0,0,1,0,1,0,0
مهين,0,0,1,0,0,1,0,0,0,0
الذل,0,0,1,0,0,1,0,1,0,0
التواضع,0,0,0,0,0,0,1,0,0,1
مطرقة 🔨,0,0,0,0,0,0,0,0,0,0
الطائر الطنان,0,0,0,0,0,0,0,0,0,0
عملاق,0,0,0,0,0,0,0,0,0,0
الفكاهي,0,0,0,0,0,0,1,0,0,0
روح الدعابة,0,0,0,0,1,0,1,0,0,0
حدبة,0,0,0,0,0,0,0,0,0,0
الحدس,0,0,0,0,0,1,0,0,0,0
مائة,0,0,0,0,0,0,0,0,0,0
المائة,0,0,0,0,0,0,0,0,0,0
جوع,0,0,0,0,0,0,0,0,0,0
جوعان,0,1,0,0,0,1,0,0,0,0
قطعة كبيرة,0,0,0,0,0,0,0,0,0,0
الكتل,0,0,0,0,0,0,0,0,0,0
مطاردة,0,0,0,0,0,0,0,0,0,0
صياد,0,1,0,1,0,1,0,1,0,0
الصيد,1,1,0,1,0,1,0,0,0,0
ألقى,0,0,0,0,0,0,0,0,0,0
يا هلا,0,0,0,0,1,0,1,0,0,0
اعصار,0,0,0,1,0,1,0,0,0,0
على عجل,0,1,0,0,0,1,0,0,0,0
عجل,0,1,0,0,0,0,0,0,0,0
جرح,1,0,0,1,0,1,0,1,0,0
مؤلم,1,0,1,1,0,1,0,1,0,0
مؤلم,1,0,0,1,0,1,0,1,0,0
تربية,0,0,0,0,0,0,1,0,0,1
صه,0,0,0,0,0,0,1,0,0,0
صمت,0,0,0,0,0,0,0,0,0,0
قشر,0,0,0,0,0,0,0,0,0,0
أجش,0,0,0,0,0,0,0,0,0,0
يسرع,0,0,0,0,0,0,0,0,0,0
محتال,0,0,0,0,0,1,0,0,0,0
كوخ,0,0,0,0,0,0,1,1,0,0
القفص,0,0,0,0,0,0,0,0,0,0
صفير,0,0,0,0,0,0,0,0,0,0
هجين,0,0,0,0,0,0,0,0,0,0
العدار,0,0,0,1,0,1,0,0,0,0
الهيدروليكا,0,0,0,0,0,0,0,0,0,0
استسقاء الرأس,0,0,1,1,0,1,0,1,0,0
الديناميكا المائية,0,0,0,0,0,0,0,0,0,0
هيدروجين,0,0,0,0,0,0,0,0,0,0
الهيدروغرافية,0,0,0,0,0,0,0,0,0,0
الهيدرولوجيا,0,0,0,0,0,0,0,0,0,0
النظافة,0,0,0,0,0,0,0,0,0,0
صحية,0,0,0,0,0,0,1,0,0,0
ترنيمة,0,1,0,0,1,0,1,1,0,1
الضجيج,0,1,0,0,0,1,0,0,0,0
مقارنة مبالغ فيها,0,0,0,0,0,1,0,0,0,0
تضخم في حجم الخلايا,0,0,1,1,0,0,0,0,1,0
واصلة,0,0,0,0,0,0,0,0,0,0
منوم,0,0,0,0,0,0,0,0,0,0
منوم,0,0,0,0,0,0,0,0,0,0
رياء,0,0,0,0,0,1,0,0,0,0
منافق,0,0,1,0,0,1,0,0,0,0
نفاق,0,0,1,0,0,1,0,0,0,0
فرضية,0,1,0,0,0,0,0,0,1,0
افتراضية,0,0,0,0,0,0,0,0,0,0
هستيريا,0,0,0,1,0,1,0,0,0,0
هستيري,1,0,0,1,0,1,0,0,0,0
جليد,0,0,0,0,0,0,0,0,0,0
جبل جليد,0,0,0,0,0,0,0,0,0,0
أيقونة,0,0,0,0,0,0,0,0,0,0
مبدع,0,0,0,0,0,0,0,0,0,0
الايقونية,0,0,0,0,0,0,0,0,0,0
جليدي,0,0,0,0,0,0,0,0,0,0
فكرة,0,0,0,0,0,0,0,0,0,0
المثالية,0,0,0,0,0,0,1,0,0,0
المثالي,0,0,0,0,0,0,0,0,0,0
مطابق,0,0,0,0,0,0,0,0,0,0
متطابقة,0,0,0,0,0,0,0,0,0,0
هوية,0,0,0,0,0,0,0,0,0,0
التعرف,0,0,0,0,0,0,0,0,0,0
هوية,0,0,0,0,0,0,0,0,0,0
أيديولوجية,0,0,0,0,0,0,0,0,0,0
حماقة,1,0,1,0,0,1,0,1,0,0
لغة. مثل,0,0,0,0,0,0,0,0,0,0
اصطلاحي,0,0,0,0,0,0,0,0,0,0
غبي,0,0,1,0,0,1,0,0,0,0
أحمق,1,0,1,0,0,1,0,0,0,0
عاطل,0,0,0,0,0,0,0,0,0,0
الكسل,0,0,0,0,0,0,0,0,0,0
المهمل,0,0,0,0,0,1,0,0,0,0
محبوب الجماهير,0,0,0,0,0,0,1,0,0,0
الوثنية,0,0,1,1,0,1,0,0,0,0
المبني القبني,0,0,0,0,0,0,0,0,0,0
نارية,0,0,0,0,0,0,0,0,0,0
يشعل,0,0,0,0,0,0,0,0,0,0
اشتعال,0,0,0,0,0,0,0,0,0,0
جهل,0,0,0,0,0,1,0,0,0,0
جاهل,0,0,1,0,0,1,0,0,0,0
يتجاهل,0,0,0,0,0,1,0,0,0,0
أمثال,0,0,0,0,0,0,0,0,0,0
سوف,1,0,1,1,0,1,0,1,0,0
غير شرعي,1,0,1,1,0,1,0,1,0,0
غير شرعية,1,0,1,1,0,1,0,0,0,0
بشكل غير قانوني,0,0,0,0,0,0,0,0,0,0
غير مقروء,0,0,0,0,0,1,0,0,0,0
غير شرعي,1,0,1,1,0,1,0,1,1,0
غير شرعي,1,0,1,1,0,1,0,0,0,0
أمي,0,0,1,0,0,1,0,0,0,0
مرض,0,0,0,1,0,1,0,1,0,0
غير منطقي,0,0,0,0,0,1,0,0,0,0
تضيء,0,1,0,0,1,0,1,0,1,0
إضاءة,0,0,0,0,1,0,1,0,1,1
المنور,0,0,0,0,0,0,0,0,0,0
وهم,0,0,0,0,0,1,0,0,1,0
يبين,0,0,0,0,0,0,1,0,0,0
توضيح,0,0,0,0,0,0,0,0,0,0
توضيحية,0,0,0,0,0,0,0,0,0,0
لامع,0,0,0,0,0,0,1,0,0,0
صورة,0,0,0,0,0,0,0,0,0,0
مصور,0,0,0,0,0,0,0,0,0,0
وهمي,0,0,0,0,0,0,0,0,0,0
خيال,0,0,0,0,0,0,0,0,0,0
واسع الخيال,0,0,0,0,0,0,1,0,0,0
يتصور,0,0,0,0,0,0,0,0,0,0
تخيل,0,0,0,0,0,0,0,0,0,0
تخيل,0,0,0,0,0,0,0,0,0,0
إمام,0,0,0,0,0,0,0,0,0,0
مضمنة,0,0,0,0,0,0,0,0,0,0
التقليد,0,0,0,0,0,0,0,0,0,0
مقلد,0,0,0,0,0,1,0,0,0,0
تقليد,0,0,0,0,0,1,0,0,0,0
"طاهر، نظيف جدا، منظم جدا",0,0,0,0,1,0,1,0,0,1
غير مادي,0,0,0,0,0,0,0,0,0,0
غير ناضج,0,1,0,0,0,1,0,0,0,0
عدم النضج,1,1,0,0,0,1,0,0,0,0
لا يقاس,0,0,0,0,0,0,0,0,0,0
بما لا يقاس,0,0,0,0,0,0,0,0,0,0
فورية,0,0,0,0,0,0,0,0,1,0
في الحال,0,1,0,0,0,1,1,0,0,0
سحيق,0,0,0,0,0,0,0,0,0,0
هائل,0,0,0,0,0,0,1,0,0,0
غمر,0,1,0,1,1,0,1,0,1,1
غمر,0,0,0,0,0,0,0,0,0,0
مهاجر,0,0,0,1,0,0,0,0,0,0
الهجرة,0,0,0,0,0,0,0,0,0,0
وشيك,0,1,0,1,0,0,0,0,0,0
عديم الاخلاق,1,0,1,1,0,1,0,1,0,0
الفجور,1,0,1,0,0,1,0,0,0,0
أبدي,0,0,0,0,0,0,1,0,0,0
خلود,0,1,0,0,0,0,0,0,0,0
غير منقولة,0,0,0,0,0,1,1,0,0,1
منيع,0,0,0,0,0,0,0,0,0,0
حصانة,0,0,0,0,0,0,0,0,0,0
تحصين,0,0,0,0,0,0,0,0,0,1
ثابت,0,0,0,0,0,0,0,0,0,0
عفريت,0,0,0,0,0,0,0,0,0,0
تأثير,0,0,0,0,0,0,0,0,0,0
ضعف,0,0,0,0,0,1,0,0,0,0
تلف,0,0,0,0,0,1,0,0,0,0
عرف,0,0,0,0,0,0,1,0,0,1
نزيه,0,0,0,0,0,0,1,0,0,1
الحياد,0,0,0,0,0,0,1,0,0,1
سالك,0,0,0,0,0,1,0,0,0,0
متحمس,0,0,0,0,0,0,0,0,0,0
نفاد الصبر,0,0,0,0,0,1,0,0,0,0
نافذ الصبر,0,1,0,0,0,1,0,0,0,0
اقالة,0,0,1,1,0,1,0,0,0,0
عزل,0,0,0,0,0,1,0,0,0,0
لا تشوبه شائبة,0,0,0,0,0,0,1,0,0,1
إعاقة,0,0,0,0,0,1,0,0,0,0
عائق,0,0,0,0,0,0,0,0,0,0
دفعت,0,0,0,0,0,0,0,0,0,0
وشيك,0,1,0,1,0,0,0,0,0,0
منيع,0,0,0,0,0,0,0,0,0,1
صيغة الامر,0,0,0,0,0,0,0,0,0,0
دقيق إلى حد بعيد,0,0,0,0,0,0,0,0,0,0
نقص - عيب,0,0,0,0,0,1,0,0,0,0
بشكل غير كامل,0,0,0,0,0,1,0,0,0,0
إمبراطوري,0,0,0,0,0,0,0,0,0,0
غير منفذة,1,0,0,1,0,0,0,0,0,0
غير مسموح به,0,0,0,0,0,0,0,0,0,0
مبني للمجهول,0,0,0,0,0,0,0,0,0,0
انتحال شخصية,0,0,0,0,0,1,0,0,0,0
التمثيل,0,0,0,0,0,1,0,0,0,0
منيع,0,0,0,0,0,0,1,0,0,0
الزخم,0,0,0,0,0,0,0,0,0,0
عنيد,0,0,0,0,0,1,0,0,0,0
زرع,0,0,0,0,0,0,0,0,0,0
زرع,0,0,0,0,0,0,0,0,0,0
مزروع,0,0,0,0,0,0,0,0,0,0
ينفذ,0,0,0,0,0,0,0,0,0,0
تورط,1,0,0,0,0,1,0,0,0,0
متورط,0,0,0,0,0,0,0,0,0,0
يتضمن,0,0,0,0,0,0,0,0,0,0
ضمني,0,0,0,0,0,0,0,0,0,0
توسل,0,0,0,0,0,0,0,0,0,0
انفجار داخلي,0,0,0,0,0,0,0,0,0,0
لمح,0,0,0,0,0,0,0,0,0,0
غير مهذب,0,0,1,0,0,1,0,0,0,0
يستورد,0,0,0,0,0,0,0,0,0,0
أهمية,0,1,0,0,0,0,1,0,0,0
مهم,0,0,0,0,0,0,1,0,0,1
استيراد,0,0,0,0,0,0,0,0,0,0
فرض,0,0,0,0,0,0,0,0,0,0
فرض,0,0,0,0,0,0,0,0,0,0
فرض,0,0,0,0,0,1,0,0,0,0
استحالة,0,0,0,0,0,0,0,0,0,0
غير ممكن,0,0,0,0,0,1,0,1,0,0
ضعف جنسى,1,0,0,1,0,1,0,1,0,0
عاجز,0,0,0,0,0,1,0,0,0,0
حجز,0,0,0,0,0,1,0,0,0,0
غير عملي,0,0,0,0,0,1,0,0,0,0
اعجاب,0,0,0,0,0,0,1,0,0,0
انطباع,0,0,0,0,0,0,1,0,0,0
تأثر,0,0,0,0,0,0,0,0,0,1
بصمة,0,0,0,0,0,0,0,0,0,0
حبس,0,0,0,0,0,1,0,0,0,0
مسجون,1,0,1,1,0,1,0,1,0,0
السجن,1,0,1,1,0,1,0,1,0,0
غير محتمل,0,0,0,0,0,0,0,0,0,0
مرتجلة,0,0,0,0,0,0,0,0,0,0
سوء التصرف,0,0,0,0,0,1,0,0,0,0
تحسن,0,1,0,0,1,0,1,0,0,1
تحسن,0,0,0,0,0,0,1,0,0,0
تحسين,0,0,0,0,1,0,1,0,0,1
يتحسن,0,0,0,0,0,0,1,0,0,0
ارتجال,0,0,0,0,0,0,0,0,1,0
ارتجل,0,1,0,0,0,0,1,0,1,0
مرتجل,0,0,0,0,0,0,0,0,0,0
غير حكيم,0,0,0,0,0,1,0,1,0,0
دفعة,0,0,0,0,0,0,0,0,0,0
الإفلات من العقاب,0,0,0,0,0,0,0,0,0,0
غير نقية,0,0,1,0,0,1,0,0,0,0
نجاسة,0,0,1,0,0,1,0,0,0,0
التضمين,0,0,0,0,0,1,0,0,0,0
عجز,0,0,0,0,0,1,0,1,0,0
يتعذر الوصول إليها,0,0,0,0,0,1,0,0,0,0
غير دقيق,0,0,0,0,0,1,0,0,0,0
التقاعس,0,0,0,0,0,1,0,0,0,0
تعطيل,0,0,0,0,0,0,0,0,0,0
تعطيل,0,0,0,0,0,0,0,0,0,0
غير نشط,0,0,0,0,0,0,0,0,0,0
الخمول,0,0,0,0,0,1,0,0,0,0
عدم كفاية,0,0,0,0,0,1,0,0,0,0
غير كافٍ,0,0,0,0,0,1,0,1,0,0
غير مقبول,1,0,1,0,0,1,0,0,0,0
غير متعمد,0,0,0,0,0,0,0,0,0,0
دون قصد,0,0,0,0,0,0,0,0,0,0
غير قابل للتصرف,0,0,0,0,0,0,1,0,0,0
تافه,0,0,0,0,0,1,0,0,0,0
جماد,0,0,0,0,0,0,0,0,0,0
غير قابل للتطبيق,0,0,0,0,0,1,0,0,0,0
غير مناسب,1,0,1,0,0,1,0,1,0,0
الغفلة,1,0,0,0,0,1,0,0,0,0
غير مسموع,0,0,0,0,0,1,0,0,0,0
الافتتاحي,0,1,0,0,0,0,0,0,0,0
تدشين,0,0,0,0,0,0,0,0,0,0
افتتاح,0,1,0,0,1,0,1,0,0,1
بالفطرة,0,0,0,0,0,0,0,0,0,0
فطرية,0,0,0,0,0,0,0,0,0,0
لا يحصى,0,0,0,0,0,1,0,0,0,0
ساطع,0,0,0,0,0,0,0,0,0,0
غير قادر,0,0,0,0,0,0,0,0,0,0
العجز,0,0,0,0,0,1,0,0,0,0
السجن,1,0,1,1,0,1,0,1,0,0
في حال,1,0,1,1,0,1,0,1,0,0
حارق,1,0,0,1,0,1,0,0,1,0
عطور,1,0,0,0,0,1,0,0,0,0
حافز,0,0,0,0,0,0,0,0,0,0
بداية,0,0,0,0,0,0,0,0,0,0
متواصلة,0,0,0,0,0,1,0,0,0,0
بلا انقطاع,0,0,0,0,0,0,0,0,0,0
سفاح القربى,1,0,1,1,0,1,0,1,0,0
سفاح القربى,0,0,1,0,0,1,0,0,0,0
بوصة,0,0,0,0,0,0,0,0,0,0
سقوط,0,0,0,0,0,0,0,0,0,0
حادث,0,0,0,0,0,0,0,0,1,0
صدفة,0,0,0,0,0,0,0,0,0,0
حرق,0,0,0,0,0,1,0,0,0,0
أولية,0,0,0,0,0,0,0,0,0,0
شق,0,0,0,0,0,0,0,0,0,0
قاطع,0,0,0,0,0,0,1,0,0,0
يحرض,1,1,0,1,0,1,0,0,0,0
التحريض,0,0,0,0,0,0,0,0,0,0
عنيف,0,0,0,0,0,1,0,0,0,0
ميل,0,0,0,0,0,0,0,0,0,0
يميل,0,0,0,0,0,0,0,0,0,1
يميل,0,0,0,0,0,0,0,0,0,0
تضمن,0,0,0,0,0,0,1,0,0,0
متضمن,0,0,0,0,0,0,1,0,0,0
بما فيها,0,0,0,0,0,0,1,0,0,0
تضمين,0,0,0,0,0,0,0,0,0,1
شاملة,0,0,0,0,0,0,1,0,0,0
التخفي,0,0,0,0,0,0,0,0,0,0
غير متماسك,0,0,0,0,0,1,0,0,0,0
الإيرادات,0,1,0,0,1,1,1,1,0,1
واردة,0,0,0,0,0,0,0,0,0,0
غير متوافق,1,0,1,0,0,1,0,1,0,0
عدم الكفاءة,0,0,0,0,0,1,0,0,0,0
غير كفء,1,0,0,0,0,1,0,1,0,0
بشكل غير كامل,0,0,0,0,0,0,0,0,0,0
عدم الاكتمال,0,0,0,0,0,1,0,0,0,0
غير مفهوم,0,0,0,0,0,1,0,0,0,0
غير حاسم,0,0,0,0,0,0,0,0,0,0
متناقض,1,0,0,0,0,1,0,0,0,0
غير منطقي,0,0,0,0,0,1,0,1,0,0
متهور,1,0,1,0,0,1,0,1,0,0
تناقض,0,0,0,0,0,1,0,0,0,0
غير واضح,0,0,0,0,0,0,0,0,0,0
سلس البول,0,0,0,0,0,0,0,0,1,0
غير مريح,1,0,1,0,0,1,0,1,0,0
دمج او تجسيد,0,0,0,0,0,0,0,0,0,0
التأسيس,0,0,0,0,0,0,0,0,0,0
غير صحيح,0,0,0,0,0,1,0,0,0,0
زيادة,0,0,0,0,0,0,1,0,0,0
زيادة,0,0,0,0,0,0,0,0,0,0
مرتاب,1,0,1,0,0,1,0,0,0,0
زيادة راتب,0,0,0,0,0,0,0,0,0,0
التجريم,0,0,0,1,0,1,0,1,0,0
حضانة,0,0,0,0,0,0,0,0,0,0
حضانة,0,0,1,1,0,1,0,0,0,0
يتكبد,0,0,0,0,0,1,0,0,0,0
عضال,1,0,1,1,0,1,0,1,0,0
توغل,0,0,0,1,0,1,0,0,0,0
مديون,0,0,0,0,0,0,0,0,0,0
بذاءة,1,0,1,0,0,0,0,0,0,0
غير لائق,0,0,1,0,0,1,0,0,0,0
التردد,0,0,0,0,0,1,0,0,0,0
غير حاسم,0,0,0,0,0,1,0,0,0,0
لا يمكن الدفاع عنه,0,0,0,1,0,1,0,0,0,0
لا يمحى,0,0,0,0,0,0,1,0,0,1
التعويض,0,0,0,0,0,0,0,0,0,0
تعويض,0,0,0,0,0,1,0,0,0,0
تعويض,0,0,0,0,0,0,1,0,0,1
مسافة بادئة,0,0,0,0,0,0,0,0,0,1
المسافة الفارغة,0,0,0,0,0,0,0,0,0,0
الطعن,1,0,0,0,0,1,0,0,0,0
استقلال,0,1,0,0,1,0,1,0,1,1
لا يعتمد,0,0,0,0,0,0,0,0,0,0
لا توصف,0,0,0,0,0,0,0,0,0,0
غير قابل للتدمير,0,0,0,0,0,0,1,0,0,1
غير محدد,0,0,0,0,0,1,0,0,0,0
فهرس,0,0,0,0,0,0,0,0,0,0
تشير,0,0,0,0,0,0,0,0,0,0
دلالة,0,0,0,0,0,0,0,0,0,0
دلالي,0,0,0,0,0,0,0,0,0,0
مؤشر,0,0,0,0,0,0,0,0,0,0
مؤشر,0,0,0,0,0,0,0,0,0,0
لائحة الاتهام,1,0,0,1,0,1,0,0,0,0
لائحة الاتهام,0,0,0,1,0,1,0,0,0,0
لا مبالاة,1,0,1,1,0,1,0,1,0,0
أصلي,0,0,0,0,0,0,0,0,0,0
معوز,0,0,0,0,0,1,0,1,0,0
عسر الهضم,0,0,0,0,0,0,0,0,0,0
ساخط,1,0,0,0,0,1,0,0,0,0
سخط,1,0,1,0,0,1,0,0,0,0
النيلي,0,0,0,0,0,0,0,0,0,0
غير مباشر,0,0,0,0,0,0,0,0,0,0
لا غنى عنه,0,0,0,0,0,0,0,0,0,0
غير واضح,0,0,0,0,0,1,0,0,0,0
لا يمكن تمييزه,0,0,0,0,0,0,0,0,0,0
الفردية,0,0,0,0,0,0,1,0,0,0
غير قابل للتجزئة,0,0,0,0,0,0,0,0,0,1
التلقين,1,0,0,1,0,1,0,0,0,0
كسلان,0,0,0,0,0,1,0,0,0,0
لا يقهر,0,0,0,1,0,0,1,0,0,0
داخلي,0,0,0,0,0,0,0,0,0,0
إستنتج,0,0,0,0,0,0,0,0,0,0
الناجم عن,0,0,0,0,0,0,0,0,0,0
الحث,0,0,0,0,0,0,0,0,0,0
استقراء,0,0,0,0,0,0,0,0,0,0
تنغمس,0,0,0,0,0,0,0,0,0,0
تساهل,0,0,0,0,0,0,0,0,0,0
متساهل,0,0,0,0,0,0,0,0,0,0
كادح,0,0,0,0,0,0,0,0,0,0
صناعة,0,0,0,0,0,0,0,0,0,0
يفوق الوصف,0,0,0,0,0,0,1,0,0,0
غير فعال,0,0,0,0,0,1,0,0,0,0
غير فعال,0,0,1,0,0,1,0,0,0,0
عدم الكفاءة,0,0,1,0,0,1,0,1,0,0
غير فعال,0,0,0,0,0,1,0,1,0,0
غير مرن,0,0,0,0,0,0,0,0,0,0
غير مؤهل,0,0,0,0,0,0,0,0,0,0
أحمق,1,0,1,0,0,1,0,0,0,0
عدم الكفاءة,0,0,1,1,0,1,0,1,0,0
عدم المساواة,1,0,0,1,0,1,0,1,0,0
غير منصف,0,0,0,0,0,1,0,0,0,0
خامل,0,0,0,0,0,1,0,0,0,0
التعطيل,0,0,0,0,0,0,0,0,0,0
حتمي,0,0,0,0,0,0,0,0,0,0
غير دقيق,0,0,0,0,0,0,0,0,0,0
لا يغتفر,1,0,1,0,0,1,0,1,0,0
لا ينتهي,0,0,0,0,0,0,0,0,0,0
غير مكلف,0,0,0,0,0,0,1,0,0,0
قلة الخبرة,0,0,0,0,0,1,0,0,0,0
عديم الخبرة,0,0,0,0,0,1,0,0,0,0
متعذر تعليله,0,0,0,0,0,1,0,0,1,0
العصمة من الخطأ,0,0,0,0,0,0,0,0,0,1
معصوم من الخطأ,0,0,0,0,0,0,1,0,0,0
سيء السمعة,1,0,1,1,0,1,0,0,0,0
العار,0,0,0,0,0,1,0,1,0,0
الطفولة,0,0,0,0,0,0,0,0,0,0
رضيع,0,1,0,1,1,0,1,0,1,0
وأد الأطفال,1,1,1,1,0,1,0,1,0,0
طفولي,1,0,1,0,0,1,0,0,0,0
المشاة,0,0,0,0,0,0,0,0,0,0
احتشاء,0,0,0,1,0,1,0,0,1,0
الافتتان,0,0,0,0,0,0,0,0,0,0
غير ممكن,0,0,0,0,0,0,0,0,0,0
تصيب,0,0,1,0,0,1,0,0,0,0
عدوى,0,0,0,1,0,1,0,0,0,0
معد,0,0,1,1,0,1,0,1,0,0
المخاطر,0,0,0,0,0,0,0,0,0,0
الإستنباط,0,0,0,0,0,0,0,0,0,0
استنتاجي,0,0,0,0,0,0,0,0,0,0
السفلي,0,0,0,0,0,1,0,1,0,0
الدونية,0,0,0,0,0,1,0,0,0,0
نار كبيرة,1,0,0,1,0,1,0,0,0,0
عقيم,0,0,0,0,0,0,0,0,0,0
العقم,0,0,0,0,0,1,0,1,0,0
الإصابة,0,0,1,1,0,1,0,0,0,0
كافر,1,0,1,1,0,1,0,0,0,0
خيانة,1,0,1,1,0,1,0,1,0,0
تسرب,0,0,0,0,0,1,1,0,0,0
لانهائي,0,0,0,0,0,0,1,0,0,0
بلا حدود,0,0,0,0,0,0,0,0,0,0
متناهي الصغر,0,0,0,0,0,0,0,0,0,0
ما لا نهاية,0,1,0,0,1,0,1,0,0,1
عاجز,0,0,0,0,0,1,0,0,0,0
دار العجزه,0,0,0,0,0,0,0,0,0,0
ضعف,0,0,0,1,0,1,0,0,0,0
اشتعال,0,0,0,0,0,1,0,0,0,0
تضخم,0,0,0,0,0,1,0,0,0,0
التضخم,0,0,0,1,0,1,0,0,0,0
انثناء,0,0,0,0,0,0,0,0,0,0
يلحق,1,0,0,1,0,1,0,1,0,0
إلحاق,0,0,0,1,0,1,0,1,0,0
الإزهار,0,0,0,0,0,0,0,0,0,0
تأثير,0,0,0,0,0,1,1,0,0,0
مؤثر,0,0,0,0,0,0,1,0,0,1
الانفلونزا,0,0,0,0,0,1,0,0,0,0
تدفق,0,0,0,0,0,0,0,0,0,0
يخبر,0,0,0,0,0,0,0,0,0,1
غير رسمي,0,0,0,0,0,0,0,0,0,0
المخبر,0,0,0,0,0,0,0,0,0,0
معلومة,0,0,0,0,0,0,1,0,0,0
اطلاع,0,0,0,0,0,0,0,0,0,0
مخبر,0,0,0,0,0,1,0,0,0,0
مخالفة,1,0,0,0,0,1,0,0,0,0
نادر,0,0,0,0,0,0,0,0,1,0
نادرا,0,0,0,0,0,1,0,0,0,0
التعدي,0,0,0,0,0,1,0,0,0,0
ينقع,0,0,0,0,0,0,0,0,0,0
مملوءة,0,0,0,0,0,0,0,0,0,0
التسريب,0,0,0,0,0,0,0,0,0,0
عبقري,0,0,0,0,0,0,1,0,0,0
براعة,0,0,0,0,0,0,0,0,0,0
ابتلاع,0,0,0,0,0,0,0,0,0,0
ابتلاع,0,0,0,0,0,0,0,0,0,0
سبيكة,0,0,0,0,0,0,0,0,0,0
متأصل,0,0,0,0,0,0,0,0,0,0
المكونات,0,0,0,0,0,0,0,0,0,0
دخول,0,0,0,0,0,0,0,0,0,0
تعيش في,0,0,0,0,0,0,0,0,0,0
ساكن,0,0,0,0,0,0,0,0,0,0
يسكنها,0,0,0,0,0,0,0,0,0,0
يسكن,0,0,0,0,0,0,0,0,0,0
استنشاق,0,0,0,0,0,0,0,0,0,0
يستنشق,0,0,0,0,0,0,0,0,0,0
متأصل,0,0,0,0,0,0,0,0,0,0
يرث,0,0,0,0,0,0,0,0,0,0
ميراث,0,1,0,0,1,0,1,0,1,1
تعيق,1,0,1,0,0,1,0,1,0,0
كبت,0,0,0,0,0,0,0,0,0,0
غير مضياف,0,0,0,0,0,1,0,1,0,0
غير إنساني,1,0,1,1,0,1,0,1,0,0
وحشية,0,0,0,0,0,1,0,1,0,0
معاد,1,0,0,0,0,1,0,1,0,0
لا يضاهى,0,0,0,0,0,0,1,0,0,1
إثم,0,0,1,0,0,1,0,0,0,0
مبدئي,0,0,0,0,0,0,0,0,0,0
الشروع في,0,0,0,0,0,0,0,0,0,0
بدأت,0,0,0,0,0,0,0,0,0,0
مبادر,0,0,0,0,0,0,0,0,0,0
حقن,0,0,0,0,0,0,0,0,0,0
حقنة,0,0,0,1,0,0,0,0,0,0
أمر قضائي,0,0,0,0,0,1,0,0,0,0
جرح,1,0,0,1,0,1,0,1,0,0
المصاب,0,0,0,1,0,1,0,1,0,0
ضار,1,0,0,1,0,1,0,1,0,0
إصابة,1,0,0,1,0,1,0,1,0,0
ظلم,1,0,0,0,0,1,0,0,0,0
حبر,0,0,0,0,0,0,0,0,0,0
تلميح,0,0,0,0,0,0,0,0,0,0
الداخلية,0,0,0,0,0,0,0,0,0,0
ترصيع,0,0,0,0,0,0,0,0,0,0
مدخل,0,0,0,0,0,0,0,0,0,0
النزيل,0,0,1,1,0,1,0,0,0,0
ُخمارة,0,0,0,0,0,0,0,0,0,0
فطري,0,0,0,0,0,0,0,0,0,0
الأعمق,0,0,0,0,0,0,0,0,0,0
الأدوار,0,0,0,0,0,0,0,0,0,0
إنكيبير,0,0,0,0,0,0,0,0,0,0
البراءة,0,0,0,0,0,0,1,0,0,0
بريىء,0,0,0,0,0,0,1,0,0,1
ببراءة,0,0,0,0,0,0,1,0,0,0
غير مؤذية,0,0,0,0,0,0,1,0,0,0
يبتكر,0,0,0,0,0,0,1,0,0,0
التعاون,0,0,0,0,0,0,1,0,0,0
تلميح,0,0,0,0,0,0,0,0,0,0
لا تعد ولا تحصى,0,0,0,0,0,0,0,0,0,0
تحصين,0,1,0,0,0,0,0,0,0,1
معطل,1,0,0,0,0,1,0,0,0,0
مفرط,0,0,0,0,0,0,0,0,0,0
غير عضوي,0,0,0,0,0,0,0,0,0,0
تحقيق,0,0,0,0,0,0,0,0,0,0
استعلام,0,0,0,0,0,0,0,0,0,0
المستعلم,0,0,0,0,0,0,1,0,0,0
الاستفسار,0,0,0,0,0,0,0,0,0,0
سؤال,0,1,0,0,0,0,1,0,0,0
فضولي,0,0,0,0,0,0,1,0,0,0
مجنون,1,0,0,1,0,1,0,0,0,0
جنون,1,0,1,1,0,1,0,1,0,0
نقش,0,0,0,0,0,0,0,0,0,0
غامض,0,0,0,0,0,0,0,0,0,0
حشرة,0,0,0,0,0,0,0,0,0,0
غير آمن,1,0,0,1,0,1,0,1,0,0
انعدام الأمن,0,0,0,1,0,1,0,0,0,0
لا ينفصل,0,0,0,0,1,0,1,0,0,1
إدراج,0,0,0,0,0,0,0,0,0,0
مدرج,0,0,0,0,0,0,0,0,0,0
إدراج,0,0,0,0,0,0,0,0,0,0
داخل,0,0,0,0,0,0,0,0,0,0
أخبث,1,0,1,1,0,1,0,0,0,0
تبصر,0,0,0,0,0,0,0,0,0,0
شارة,0,0,0,0,0,0,1,0,0,0
التفاهة,0,0,0,0,0,1,0,0,0,0
تافهة,1,0,0,0,0,1,0,1,0,0
عديم الرائحة,0,0,0,0,0,1,0,0,0,0
أصر,0,0,0,0,0,0,0,0,0,0
وقح,0,0,0,0,0,1,0,0,0,0
لا يتحلل في الماء,0,0,0,0,0,0,0,0,0,0
إعسار,0,0,0,1,0,1,0,1,1,0
المفلس,0,0,0,1,0,1,0,1,0,1
فحص,0,0,0,0,0,0,0,0,0,0
مفتش,0,0,0,0,0,0,1,0,0,0
وحي - الهام,0,1,0,0,1,0,1,0,0,0
يلهم,0,1,0,0,1,0,1,0,0,1
ربما,0,0,0,0,1,0,1,0,1,1
عدم الاستقرار,0,0,1,1,0,1,0,0,0,0
تثبيت,0,1,0,0,0,0,0,0,0,0
تثبيت,0,0,0,0,0,0,0,0,0,0
القسط,0,0,0,0,0,0,0,0,0,0
نموذج,0,0,0,0,0,0,0,0,0,0
فوري,0,0,0,0,0,0,0,0,0,0
فوريا,0,0,0,0,0,0,0,0,0,0
على الفور,0,0,0,0,0,0,0,0,0,0
حرض,0,0,0,0,0,1,0,0,0,0
تحريض,0,0,0,0,0,1,0,0,0,0
غرس,0,0,0,0,0,0,0,0,0,0
غريزه,0,0,0,0,0,0,0,0,0,0
غريزي,1,0,1,1,0,0,1,0,0,0
معهد,0,0,0,0,0,0,0,0,0,1
المعهد,0,0,0,0,0,0,0,0,0,0
إرشاد,0,0,0,0,0,0,1,0,0,1
تعليمات,0,0,0,0,0,0,0,0,0,0
تعليمات,0,0,0,0,0,0,1,0,0,1
تعليمي,0,0,0,0,0,0,0,0,0,0
تعليمات,0,1,0,0,0,0,0,0,0,1
إرشادي,0,0,0,0,0,0,0,0,0,0
معلم,0,1,0,0,0,0,1,0,0,1
أداة,0,0,0,0,0,0,0,0,0,0
مفيدة,0,0,0,0,0,0,1,0,0,0
عازف,0,0,0,0,0,0,0,0,0,0
الوسيلة,0,0,0,0,0,0,0,0,0,0
قصور,1,0,0,0,0,1,0,0,0,0
غير كافٍ,0,0,0,0,0,1,0,0,0,0
بشكل غير كاف,0,0,0,0,0,1,0,0,0,0
جزيري,0,0,0,0,0,0,0,0,0,0
عزل,0,0,0,0,0,0,0,0,0,0
عازلة,0,0,0,0,0,0,0,0,0,1
إهانة,1,0,1,0,0,1,0,1,1,0
إهانة,1,0,1,1,0,1,0,1,0,0
تأمين,0,0,0,0,0,0,0,0,0,0
تأمين,0,0,0,0,0,0,1,0,0,1
المتمرد,0,0,0,0,0,1,0,0,0,0
لا يمكن التغلب عليها,0,0,0,1,0,1,0,1,0,0
تمرد,1,0,0,0,0,1,0,0,0,0
سليم,0,0,0,0,0,0,1,0,0,1
غير الملموسة,0,0,0,0,0,0,0,0,0,0
عدد صحيح,0,0,0,0,0,0,0,0,0,0
متكامل,0,0,0,0,0,0,0,0,0,0
دمج,0,0,0,0,0,0,0,0,0,0
دمج,0,0,0,0,0,0,0,0,0,0
النزاهة,0,0,0,0,0,0,1,0,0,1
العقل,0,0,0,0,0,0,1,0,0,0
ذهني,0,0,0,0,0,0,1,0,0,0
الذكاء,0,0,0,1,1,0,1,0,0,1
ذكي,0,0,0,0,0,0,1,0,0,1
الوضوح,0,0,0,0,0,0,0,0,0,0
واضح,0,0,0,0,0,0,0,0,0,0
اعتزم,0,0,0,0,0,0,0,0,0,1
منوي,0,1,0,0,0,0,1,0,0,0
تنوي,0,0,0,0,0,0,0,0,0,0
المكثف,1,0,1,1,1,1,1,0,1,1
بشكل مكثف,0,0,0,0,0,0,0,0,0,0
تكثيف,0,0,0,0,0,0,0,0,0,0
الشدة,0,0,0,0,0,0,0,0,0,0
نوايا,0,0,0,0,0,0,0,0,0,0
نيّة,0,0,0,0,0,0,0,0,0,0
متعمد,0,0,0,0,0,0,0,0,0,0
عمدا,0,0,0,0,0,0,0,0,0,0
بين,0,0,0,0,0,1,0,1,0,0
التفاعل,0,0,0,0,0,0,0,0,0,0
تشفع,0,0,0,1,0,0,0,1,0,0
تقاطع,0,0,0,0,0,0,0,0,0,0
اعتراض,0,0,0,0,0,0,0,0,0,0
شفاعة,0,0,0,0,0,0,0,0,0,1
تبادل,0,0,0,0,0,0,0,0,0,0
قابل للتبديل,0,0,0,0,0,0,0,0,0,0
متبادل,0,0,0,0,0,0,0,0,0,0
الاتصال الداخلي,0,0,0,0,0,0,0,0,0,0
الجماع,0,0,0,0,0,0,1,0,0,0
الاعتماد المتبادل,0,0,0,0,0,0,0,0,0,0
مترابط,0,0,0,0,0,0,0,0,0,0
المنع,0,0,0,0,0,1,0,0,0,0
فائدة,0,0,0,0,0,0,1,0,0,0
يستفد,0,0,1,0,0,0,1,1,0,0
مثير للإعجاب,0,0,0,0,0,0,1,0,0,0
التشوش,0,0,0,0,0,1,0,0,0,0
مقياس التداخل,0,0,0,0,0,0,0,0,0,0
مؤقت,0,1,0,0,0,0,0,0,0,0
الداخلية,0,0,1,0,0,0,1,0,0,1
تمهيدي,0,0,0,0,0,0,1,0,0,0
فاصل,0,0,0,0,0,0,1,0,0,0
وسيط,0,0,0,0,0,0,0,0,0,0
متوسط,0,0,0,0,0,0,0,0,0,0
دفن,0,0,0,0,0,1,0,1,0,0
لا نهاية له,1,1,0,0,0,1,1,0,0,0
استراحة,0,1,0,0,0,0,0,0,0,0
متقطع,0,0,0,0,0,0,0,0,0,0
المتدرب,0,0,0,0,0,0,0,0,0,0
داخلي,0,0,0,0,0,0,0,0,0,0
داخليا,0,0,0,0,0,0,0,0,0,0
دولي,0,0,0,0,0,0,0,0,0,0
تحقق,0,0,0,0,0,0,0,0,0,0
إقحام,0,0,0,0,0,0,0,0,0,0
ختم,0,0,0,0,0,0,0,0,0,0
التفسير,0,0,0,0,0,0,0,0,0,0
مترجم,0,0,0,0,0,0,0,0,0,0
مترابطة,0,0,0,0,0,0,0,0,0,0
استجواب,0,0,0,1,0,0,0,0,0,0
استجواب,0,0,0,1,0,0,0,0,0,0
يقطع,1,0,0,0,0,1,0,0,1,0
توقف,0,0,0,0,0,1,0,1,0,0
مقاطعة,0,0,0,0,0,0,0,0,0,0
تتقاطع,0,0,0,0,0,0,0,0,0,0
تداخل,0,0,0,0,0,0,0,0,0,0
خلالي,0,0,0,0,0,0,0,0,0,0
فترة,0,0,0,0,0,0,0,0,0,0
التدخل,0,0,0,0,0,0,0,0,0,0
تدخل قضائي,0,0,0,0,0,1,1,1,0,0
مقابلة,0,0,0,0,0,0,0,0,0,0
المحاور,0,0,0,1,0,0,0,0,0,0
العمل البيني,0,0,0,0,0,0,0,0,0,0
عديم الوصية,0,0,0,0,0,1,0,0,0,0
معوي,0,0,1,0,0,0,0,0,0,0
الأمعاء,0,0,0,0,0,0,0,0,0,0
أمعاء,0,0,0,0,0,0,0,0,0,0
ألفة,0,0,0,0,0,0,0,0,0,0
حَمِيم,0,1,0,0,1,0,1,0,0,1
متصل عاطفيا,0,1,0,1,1,0,0,0,0,0
التنبيه,0,0,0,0,0,0,0,0,0,0
تخويف,0,0,0,1,0,1,0,0,0,0
التخويف,1,0,0,1,0,1,0,0,0,0
لا يطاق,1,0,0,0,0,1,0,0,0,0
تعصب,1,0,1,1,0,1,0,0,0,0
غير متسامح,1,0,1,1,0,1,0,1,0,0
ترتيل,0,0,0,0,0,0,1,0,0,0
سكران,0,0,1,0,0,1,0,0,0,0
تسمم,0,0,0,0,0,0,0,0,0,0
مستعصية على الحل,1,0,0,0,0,1,0,0,0,0
داخل الجسد,0,0,0,0,0,0,0,0,0,0
شجاع,0,0,0,0,0,0,1,0,0,0
معقد,0,0,0,0,0,0,0,0,0,0
دسيسة,0,1,0,1,0,1,0,0,1,0
مثيرة للاهتمام,0,0,0,0,0,0,0,0,0,0
حقيقي,0,0,0,0,0,0,0,0,0,0
جوهريا,0,0,0,0,0,0,0,0,0,0
المقدمة,0,0,0,0,0,0,0,0,0,0
استهلالي,0,0,0,0,0,0,0,0,0,0
استبطان - سبر غور,0,0,0,0,0,0,0,0,0,0
الاستبطان,0,0,0,0,0,0,0,0,0,0
دخيل,1,0,0,1,0,1,0,0,1,0
التدخل,0,0,0,1,0,1,0,0,0,0
تطفلي,1,0,1,1,0,1,0,0,1,0
البديهة,0,0,0,0,0,0,1,0,0,1
حدسي,0,0,0,0,0,0,1,0,0,0
حدسي,0,1,0,0,0,0,0,0,0,0
غمر,0,0,0,0,0,0,0,0,0,0
غزو,1,0,0,1,0,1,0,1,1,0
الغازي,1,0,0,1,0,1,0,1,0,0
غير صالحة,0,0,0,0,0,0,0,1,0,0
يبطل,0,0,0,0,0,1,0,0,0,0
إبطال,0,0,0,0,0,1,0,0,0,0
بطلان,0,0,0,0,0,1,0,0,0,0
لا يقدر بثمن,0,0,0,0,0,0,0,0,0,0
بثبات,0,0,0,0,0,0,1,0,0,0
غزو,1,0,0,0,0,1,0,0,0,0
يخترع,0,0,0,0,0,0,0,0,0,0
اختراع,0,0,0,0,0,0,0,0,0,0
إبداعي,0,0,0,0,0,0,1,0,0,0
مخترع,0,0,0,0,0,0,1,0,0,0
المخزون,0,0,0,0,0,0,0,0,0,0
معكوس,0,0,0,0,0,0,0,0,0,0
عكسيا,0,0,0,0,0,0,0,0,0,0
انعكاس,0,0,0,0,0,0,0,0,0,0
عكس,0,0,0,0,0,0,0,0,0,0
معكوسة,0,0,0,0,0,0,0,0,0,0
التحقيق,0,0,0,0,0,0,1,0,0,0
تحقيق,0,1,0,0,0,0,0,0,0,0
محقق,0,0,0,0,0,0,0,0,0,0
المستثمر,0,0,0,0,0,0,0,0,0,0
تنشيط,0,0,0,0,0,0,1,0,0,0
لا يقهر,0,0,0,0,0,0,0,0,0,0
الخفاء,0,0,0,0,0,0,0,0,0,0
غير مرئى,0,0,0,0,0,0,0,0,0,0
دعوة,0,1,0,0,0,0,1,0,0,0
يدعو,0,1,0,0,1,0,1,0,1,1
دعوة,0,1,0,0,1,0,1,0,1,1
استدعاء,0,1,0,0,0,0,0,0,0,1
فاتورة,0,0,0,0,0,0,0,0,0,0
يستحضر,0,1,0,0,0,0,0,0,0,0
غير طوعي,0,0,0,0,0,1,0,0,0,0
الالتفاف,1,0,0,0,0,1,0,0,0,0
تورط,1,0,0,0,0,0,0,0,0,0
إلى الداخل,0,0,0,0,0,0,0,0,0,0
ذرة,0,0,0,0,0,0,0,0,0,0
غاضب,1,0,0,0,0,1,0,0,0,0
غضب,1,0,0,0,0,1,0,0,0,0
قزحي الألوان,0,0,0,0,0,0,0,0,0,0
قزحية,0,0,0,1,0,0,0,0,0,0
حديد,0,0,0,0,0,0,1,0,0,1
ساخر,0,0,0,0,0,0,0,0,0,0
مكاوي,0,0,0,0,0,1,0,0,0,0
سخرية,0,0,0,0,0,0,0,0,0,0
تشعيع,0,0,0,0,0,0,0,0,0,0
غير منطقي,0,0,1,1,0,1,0,0,0,0
اللاعقلانية,0,0,0,0,0,1,0,0,0,0
لا يمكن التوفيق بينها,1,0,0,1,0,1,0,1,0,0
غير القابل للاختزال,0,0,0,0,0,0,1,0,0,0
لا يقبل الجدل,0,0,0,0,0,0,1,0,0,1
غير عادي,0,0,0,0,0,1,0,0,0,0
مخالفة,0,0,0,0,0,1,0,0,0,0
بشكل غير منتظم,0,0,0,0,0,0,0,0,0,0
عَرَضِيّ,0,0,0,0,0,1,0,0,0,0
لا يمكن إصلاحه,0,0,0,1,0,1,0,1,0,0
متعذر كبته,0,0,0,0,0,0,0,0,0,0
لا يقاوم,0,0,0,0,0,0,0,0,0,0
بغض النظر,0,0,0,0,0,0,0,0,0,0
غير مسؤول,0,0,0,0,0,1,0,0,0,0
غير موقر,0,0,0,0,0,1,0,0,0,0
لا رجعة فيه,0,0,0,0,0,0,0,0,0,0
غير قابل للإلغاء,0,0,0,0,0,1,0,0,0,0
ري,0,0,0,0,0,0,0,0,0,0
الري,0,0,0,0,0,0,0,0,0,0
التهيج,1,0,0,0,0,1,0,0,0,0
سريع الانفعال,1,0,0,0,0,1,0,0,0,0
مزعج,1,0,1,0,0,1,0,0,0,0
تهيج,1,0,1,0,0,1,0,1,0,0
جزيرة,0,0,0,0,0,0,0,0,0,0
جزيرة,0,0,0,0,0,0,0,0,0,0
جزيرة,0,0,0,0,0,0,0,0,0,0
عزل,0,0,0,0,0,0,0,1,0,0
معزول,0,0,0,1,0,1,0,1,0,0
عزل,0,0,0,0,0,1,0,1,0,0
تماثل,0,0,0,0,0,0,0,0,0,0
متحاور,0,0,0,0,0,0,0,0,0,0
القضية,0,0,0,0,0,0,0,0,0,0
حكة,0,0,0,0,0,0,0,0,0,0
"متلهف، متشوق",0,0,0,0,0,0,0,0,0,0
العنصر,0,0,0,0,0,0,0,0,0,0
فصل,0,0,0,0,0,0,0,0,0,0
العناصر,0,0,0,0,0,0,0,0,0,0
أعاد,0,0,0,0,0,0,0,0,0,0
تكرار,0,0,0,0,0,0,0,0,0,0
ترابطي,0,0,0,0,0,0,0,0,0,0
متجول,0,0,0,0,0,0,0,0,0,0
مسار الرحلة,0,0,0,0,0,0,0,0,0,0
عاج,0,0,0,0,0,0,0,0,0,0
ضربة بالكوع,1,0,0,0,0,0,0,0,0,0
جابر,0,0,0,0,0,1,0,0,0,0
جاك,0,0,0,0,0,0,0,0,0,0
حمار,0,0,0,0,0,0,0,0,0,0
الفوز بالجائزة الكبرى,0,1,0,0,1,0,1,0,1,0
الرافعات,0,0,0,0,0,0,0,0,0,0
يشم,0,0,0,0,0,0,0,0,0,0
جاج,0,0,0,0,0,0,0,0,0,0
مسنن,0,0,0,0,0,0,0,0,0,0
جاكوار,0,0,0,0,0,0,0,0,0,0
سجن,0,0,0,1,0,1,0,1,0,0
مربى,0,0,0,0,0,0,1,0,0,0
تشويش,0,0,0,0,0,0,0,0,0,0
بواب,0,0,1,0,0,0,0,0,0,0
اليابان,0,0,0,0,0,0,0,0,0,0
إناء,0,0,0,0,0,0,0,0,0,0
المصطلحات,0,0,0,0,0,1,0,0,0,0
التنافر,0,0,0,1,0,1,0,1,0,0
يشب,0,0,0,0,0,0,0,0,0,0
اليرقان,0,0,0,1,0,1,0,0,0,0
رحلة قصيرة,0,0,0,0,0,0,0,0,0,0
الرمح,0,0,0,0,0,0,0,0,0,0
فك,0,0,0,0,0,0,0,0,0,0
فكي,0,0,0,1,0,0,0,0,0,0
جاي,0,0,0,0,0,0,0,0,0,0
غيور,1,0,1,0,0,1,0,0,0,0
الغيرة,1,0,1,1,0,1,0,1,0,0
جينز,0,0,0,0,0,0,0,0,0,0
جيب,0,0,0,0,0,0,0,0,0,0
هلام,0,0,0,0,0,0,0,0,0,0
جيني,0,0,0,0,0,0,0,0,0,0
يعرض للخطر,1,0,0,1,0,1,0,0,0,0
خطر,0,1,0,1,0,1,0,0,0,0
أحمق,1,0,0,0,0,0,0,0,1,0
جيرسي,0,0,0,0,0,0,0,0,0,0
دعابة,0,0,0,0,1,0,1,0,1,0
مهرج,0,0,0,0,0,0,0,0,0,0
طائرة نفاثة,0,0,0,0,0,0,0,0,0,0
رصيف,0,0,0,0,0,0,0,0,0,0
جوهرة,0,0,0,0,0,0,0,0,0,0
الجواهري,0,0,0,0,0,0,0,0,0,0
مجوهرات,0,0,0,0,0,0,0,0,0,0
ذراع,0,0,0,0,0,0,0,0,0,0
لمح البصر,0,0,0,0,0,0,0,0,0,0
جيمي,0,0,0,0,0,0,0,0,0,0
نغمة,0,0,0,0,0,0,0,0,0,0
مهنة,0,0,0,0,0,0,1,0,0,0
جوك,0,0,0,0,0,0,0,0,0,0
فارس السباق,0,0,0,0,0,0,0,0,0,0
يجرى,0,0,0,0,0,0,0,0,0,0
يوحنا,0,0,1,0,0,1,0,0,0,0
انضم,0,0,0,0,0,0,1,0,0,0
انضم,0,0,0,0,0,0,1,0,0,0
انضمام,0,0,0,0,0,0,0,0,0,0
مشترك,0,0,0,0,0,0,0,0,0,0
معا,0,0,0,0,0,0,0,0,0,0
نكتة,0,0,0,0,0,1,0,0,0,0
مهرج,0,0,0,0,1,0,1,0,1,0
يمزح,0,0,0,0,0,0,1,0,0,0
هزة,0,0,0,0,0,0,0,0,1,0
جرناطة,0,0,0,0,0,1,0,0,0,0
مثقال ذرة,0,0,0,0,0,0,0,0,0,0
مجلة,0,0,0,0,0,0,0,0,0,0
الصحافة,0,0,0,0,0,0,0,0,0,1
صحافي,0,0,0,0,0,0,1,0,0,0
رحلة,0,1,0,1,1,0,1,0,0,0
مياوم,0,0,0,0,0,0,0,0,0,1
مرحا,0,0,0,0,1,0,1,0,0,0
مرح,0,0,0,0,1,0,1,0,0,0
بهيجة,0,0,0,0,1,0,1,0,0,1
مبهج,0,0,0,0,1,0,1,0,0,0
مبتهج,0,0,0,0,1,0,1,0,1,1
اليوبيل,0,0,0,0,1,0,1,0,1,0
يحكم على,0,0,0,0,0,0,0,0,0,0
الحكم,0,0,0,0,0,0,0,0,0,0
حكم,0,0,0,0,0,0,0,0,1,0
قضائي,0,1,0,0,0,0,1,0,0,1
القضاء,0,1,0,0,0,0,0,0,0,1
حكيم,0,0,0,0,0,0,1,0,0,1
إبريق,0,0,0,0,0,0,0,0,0,0
يقذف,0,0,0,0,0,0,0,0,0,0
شعوذة,0,0,0,0,0,0,0,0,0,0
عصير,0,0,0,0,0,0,0,0,0,0
كثير العصارة,0,0,0,0,0,0,0,0,0,0
خلط,0,0,0,0,0,1,0,0,0,0
مختلط,0,0,0,0,0,0,0,0,0,0
جامبو,0,0,0,0,0,0,0,0,0,0
قفزة,0,0,0,0,1,0,1,0,0,0
تقاطع طرق,0,0,0,0,0,0,0,0,0,0
المنعطف,0,0,0,0,0,0,0,0,0,0
الغابة,0,0,0,1,0,0,0,0,0,0
نجارة,0,0,0,0,0,0,0,0,0,0
نفاية,0,0,0,0,0,1,0,0,0,0
المجلس العسكري,0,0,0,0,0,1,0,0,0,0
قانوني,0,0,0,0,0,0,0,0,0,0
الاختصاص القضائي,0,0,0,0,0,0,0,0,0,0
فقه,0,0,0,0,0,0,0,1,0,0
فقيه,0,0,0,0,0,0,0,0,0,1
هيئة المحلفين,0,0,0,0,0,0,0,0,0,1
العدل,0,0,0,0,0,0,1,0,0,1
له ما يبرره,0,0,0,0,0,0,1,0,0,1
التبرير,0,0,0,0,0,0,1,0,0,0
يبرر,0,0,0,0,0,0,0,0,0,0
الجوت,0,0,0,0,0,0,0,0,0,0
طفولي,0,0,0,0,0,1,0,0,0,0
تجاور,0,0,0,0,0,0,0,0,0,0
القيصر,0,0,0,0,0,0,0,0,0,0
المشكال,0,0,0,0,0,0,0,0,0,0
كنغر,0,0,0,0,0,0,0,0,0,0
كانجي,0,0,0,0,0,0,0,0,0,0
الكرمة,0,0,0,0,0,0,0,0,0,0
كاياك,0,0,0,0,0,0,0,0,0,0
عارضة,0,0,0,0,0,0,0,0,0,0
حارس,0,0,0,0,0,0,0,0,0,0
حفظ,0,0,0,0,0,0,0,0,0,0
تذكار,0,0,0,0,0,0,1,0,0,0
برميل,0,0,0,0,0,0,0,0,0,0
كين,0,0,0,0,0,0,1,0,0,0
تربية كلاب,0,0,0,0,0,0,0,1,0,0
نواة,0,0,0,0,0,1,0,0,0,0
نواة,0,0,0,0,0,0,0,0,0,0
الكيروسين,0,0,0,1,0,0,0,0,0,0
غلاية,0,0,0,0,0,0,0,0,0,0
مفتاح,0,0,0,0,0,0,0,0,0,0
ثقب المفتاح,0,0,0,0,0,0,0,0,0,0
الكلمة الرئيسية,0,0,0,0,0,0,1,0,0,0
حجر الزاوية,0,0,0,0,0,0,1,0,0,0
الكاكي,0,0,0,0,0,0,0,0,0,0
خان,0,0,0,1,0,0,0,0,0,1
ركلة,1,0,0,0,0,1,0,0,0,0
الركل,1,0,0,0,0,0,0,0,0,0
طفل,0,0,0,0,0,0,0,0,0,0
مزاح,0,0,0,0,0,0,0,0,0,0
خطف,1,0,0,1,0,1,0,1,1,0
قتل,0,0,0,1,0,1,0,1,0,0
قتل,1,0,0,1,0,1,0,1,0,0
فرن,0,0,0,0,0,0,0,0,0,0
كيلوغرام,0,0,0,0,0,0,0,0,0,0
كيلومتر,0,0,0,0,0,0,0,0,0,0
النقبة,0,0,0,0,0,0,0,0,0,0
كيمونو,0,0,0,0,0,0,0,0,0,0
قريب,0,0,0,0,0,0,0,0,0,0
طيب القلب,0,0,0,0,1,0,1,0,0,1
روضة أطفال,0,0,0,0,0,0,0,0,0,0
العطف,0,0,0,0,0,0,1,0,0,0
عشير,0,1,0,0,1,0,1,0,0,1
معادلات الحركة,0,0,0,0,0,0,0,0,0,0
ملِك,0,0,0,0,0,0,1,0,0,0
مملكة,0,0,0,0,0,0,0,0,0,0
شبك,0,0,0,0,0,0,0,0,0,0
غريب,0,0,0,0,0,0,0,0,0,0
كشك,0,0,0,0,0,0,0,0,0,0
كيرك,0,0,0,0,0,0,0,0,0,0
قبلة,0,1,0,0,1,0,1,0,1,0
عدة,0,0,0,0,0,0,0,0,0,0
مطبخ,0,0,0,0,0,0,0,0,0,0
طائرة ورقية,0,0,1,0,0,1,0,0,0,0
قطه صغيرة,0,0,0,0,1,0,1,0,0,1
موهبة,0,0,0,0,0,0,1,0,0,0
حقيبة,0,0,0,0,0,0,0,0,0,0
دلك,0,0,0,0,0,0,0,0,0,0
ركبة,0,0,0,0,0,0,0,0,0,0
اركع,0,0,0,0,0,0,0,0,0,0
راكع,0,0,0,0,0,0,0,0,0,0
يقرع,0,0,0,1,0,1,0,1,0,0
كلسون,0,0,0,0,0,0,0,0,0,1
سكين,0,0,0,0,0,0,0,0,0,0
فارس,0,0,0,0,0,0,1,0,0,0
متماسكة,0,0,0,0,0,0,0,0,0,0
مقبض الباب,0,0,0,0,0,0,0,0,0,0
طرق,0,0,0,0,0,0,0,0,0,0
هضبة,0,0,0,0,0,0,0,0,0,0
عقدة,0,0,0,0,0,0,0,0,0,0
معقود,0,0,0,0,0,1,0,0,0,0
معرفة,0,0,0,0,0,0,1,0,0,0
عن علم,0,0,0,0,0,0,0,0,0,0
المعرفه,0,0,0,0,0,0,1,0,0,0
عقلة الاصبع,0,0,0,0,0,0,0,0,0,0
كوس,0,0,0,0,0,0,0,0,0,0
كريس,0,0,0,0,0,0,0,0,0,0
مجد,0,0,0,0,1,0,1,0,0,0
مختبر,0,0,0,0,0,0,0,0,0,0
ضع الكلمة المناسبة,0,0,0,0,0,0,0,0,0,1
العمل,0,1,0,0,1,0,1,0,1,1
مختبر,0,0,0,0,0,0,0,0,0,0
جاهد,0,0,0,0,0,1,0,1,0,0
عامل,0,0,0,0,0,0,0,0,0,0
العمل,0,0,0,0,0,0,0,0,0,0
مرهق,0,0,0,0,0,1,0,0,0,0
متاهة,0,1,0,0,0,1,0,0,0,0
لاك,0,0,0,0,0,0,0,0,0,0
ربط الحذاء,1,0,0,1,0,1,1,1,0,1
قلة,0,0,0,0,0,1,0,0,0,0
تفتقر إلى,0,0,0,0,0,1,0,0,0,0
باهتة,0,0,0,0,0,1,0,0,0,0
ورنيش,0,0,0,0,0,0,0,0,0,0
لاكروس,0,0,0,0,0,0,0,0,0,0
فتى,0,0,0,0,0,0,0,0,0,0
سُلُّم,0,0,0,0,0,0,0,0,0,0
محملة,0,0,0,0,0,1,0,0,0,0
الشحن,0,0,0,0,0,0,0,0,0,0
مغرفة,0,0,0,0,0,0,0,0,0,0
السيدة,0,0,0,0,0,0,0,0,0,0
بطئ,0,0,0,0,0,1,0,0,0,0
متخلفة,1,1,1,0,0,1,0,1,0,0
البحيرة,0,0,0,0,0,0,0,0,0,0
مخبأ,0,0,0,0,0,1,0,0,0,0
علماني,0,0,0,0,0,0,0,0,0,0
بحيرة,0,0,0,0,0,0,0,0,0,0
لاما,0,0,0,0,0,0,0,0,0,0
لحم ضأن,0,0,0,0,1,0,1,0,0,1
رثاء,0,0,1,1,0,1,0,1,0,0
رثاء,0,0,0,0,0,0,0,1,0,0
الصفيحة,0,0,0,0,0,0,0,0,0,0
مغلفة,0,0,0,0,0,0,0,0,0,0
مصباح,0,0,0,0,0,0,0,0,0,0
حربة,0,0,0,0,0,0,0,0,0,0
لانسر,0,0,0,0,0,0,0,0,0,0
الأرض,0,0,0,0,0,0,1,0,0,0
عقاري,0,0,0,0,0,0,1,0,0,0
هبوط,0,0,0,0,0,0,0,0,0,0
غير ساحلي,0,0,0,0,0,0,0,0,0,0
المالك,0,0,0,0,0,0,0,0,0,0
معلم معروف,0,0,0,0,0,0,0,0,0,1
الأراضي,0,0,0,0,0,0,0,0,0,0
المناظر الطبيعيه,0,0,0,0,0,0,0,0,0,0
المناظر الطبيعية,0,0,0,0,0,0,0,0,0,0
انهيار أرضي,0,0,0,1,0,1,0,1,0,0
خط,0,0,0,0,0,0,0,0,0,0
لغة,0,0,0,0,0,0,0,0,0,0
ضعيف,0,0,0,0,0,1,0,0,0,0
تضعف,0,0,0,0,0,1,0,0,0,0
يذبل,0,0,0,1,0,1,0,1,0,0
نحيف,0,0,0,0,0,0,0,0,0,0
فانوس,0,0,0,0,0,0,0,0,0,0
حجر,0,0,0,0,0,0,0,0,0,0
طية صدر السترة,0,0,0,0,0,0,0,0,0,0
زلة,0,0,0,0,0,1,0,0,0,0
انقضت,0,0,0,0,0,0,0,0,0,0
السرقة,0,0,1,0,0,1,0,0,0,0
شحم الخنزير,0,0,0,0,0,0,0,0,0,0
larder,0,0,0,0,0,0,0,0,0,0
كبير,0,0,0,0,0,0,0,0,0,0
أكبر,0,0,1,0,0,0,0,0,1,1
كبير,0,0,0,0,0,0,0,0,0,0
قبرة,0,0,0,0,0,0,0,0,0,0
يرقة,0,0,0,0,0,0,0,0,0,0
الحنجرة,0,0,0,0,0,0,0,0,0,0
الليزر,0,0,0,0,0,0,1,0,0,1
رموش,1,0,0,1,0,1,0,0,0,0
معشوقة,0,0,0,0,0,0,0,0,0,0
لاسو,0,0,0,0,0,0,0,0,0,0
دائم,0,0,0,0,0,0,0,0,0,0
مزلاج,0,0,0,0,0,0,0,0,0,0
متأخر,0,0,0,0,0,1,0,1,0,0
تأخر,0,0,0,0,0,1,0,0,0,0
كامن,1,1,1,0,0,1,0,0,1,0
جانبي,0,0,0,0,0,0,0,0,0,0
أفقيا,0,0,0,0,0,0,0,0,0,0
اللاتكس,0,0,0,0,0,0,0,0,0,0
مخرطة,0,0,0,0,0,0,0,0,0,0
رغوة الصابون,0,0,0,0,0,0,0,0,0,0
خط العرض,0,0,0,0,0,0,0,0,0,0
المراحيض,0,0,1,0,0,1,0,0,0,0
بنية,0,0,0,0,0,0,0,0,0,0
جدير بالثناء,0,0,0,0,0,0,1,0,0,0
يضحك,0,0,0,0,1,0,1,0,1,0
مثير للضحك,0,0,1,0,0,1,0,0,0,0
يضحك,0,0,0,0,1,0,1,0,0,0
ضحك,0,1,0,0,1,0,1,0,1,0
إطلاق,0,1,0,0,0,0,1,0,0,0
غسيل ملابس,0,0,0,0,0,0,0,0,0,0
الحائز على جائزة,0,0,0,0,0,0,1,0,0,1
الغار,0,0,0,0,0,0,1,0,0,0
أمجاد,0,0,0,0,1,0,1,0,0,0
حمم بركانية,1,0,0,1,0,1,0,0,0,0
غسيل,0,0,0,0,0,0,0,0,0,0
مرحاض,0,0,1,0,0,0,0,0,0,0
الخزامى,0,0,0,0,0,0,0,0,0,0
مسرف,0,0,0,0,0,0,1,0,0,0
قانون,0,0,0,0,0,0,0,0,0,1
قانوني,0,0,0,0,0,0,1,0,0,1
الفوضى,1,0,0,1,0,1,0,0,0,0
العشب,0,0,0,0,0,0,0,0,0,0
دعوى قضائية,1,0,1,1,0,1,0,1,1,0
محامي,1,0,1,1,0,1,0,0,0,0
التراخي,0,0,0,0,0,1,0,1,0,0
ملين,0,0,1,1,0,1,0,0,0,0
يضع,0,0,0,0,0,0,0,0,0,0
طبقة,0,0,0,0,0,0,0,0,0,0
الطبقات,0,0,0,0,0,0,0,0,0,0
الشخص العادي,0,0,0,0,0,0,0,0,0,0
كسول,0,0,0,0,0,1,0,0,0,0
ليا,0,0,0,0,0,0,0,0,0,0
قيادة,0,0,0,0,0,0,1,0,0,0
قائد,0,0,0,0,0,0,1,0,0,1
قيادة,0,0,0,0,0,0,0,0,0,1
يؤدي,0,0,0,0,0,0,0,0,0,0
ورقة الشجر,0,0,0,0,0,0,0,0,0,0
منشور,0,0,0,0,0,0,0,0,0,0
المورقة,0,0,0,0,0,0,0,0,0,0
الدوري,0,0,0,0,0,0,1,0,0,0
تسريب,0,0,0,0,0,1,0,0,0,0
تسرب,0,0,0,0,0,1,0,0,0,0
راشح,0,0,0,0,0,1,0,0,0,0
يتكئ,0,0,0,0,0,0,0,0,0,0
انحنى,0,0,0,0,0,0,0,0,0,0
يميل,0,0,0,0,0,0,0,0,0,1
طفرة - قفزه,0,0,0,0,0,0,0,0,0,0
يتعلم,0,0,0,0,0,0,1,0,0,0
تعلمت,0,0,0,0,0,0,0,0,0,0
المتعلم,0,0,0,0,0,0,0,0,0,0
التعلم,0,0,0,0,0,0,1,0,0,0
إيجار,0,0,0,0,0,0,0,0,0,0
رباط,0,0,0,0,0,0,0,0,0,0
جلد,0,0,0,0,0,0,0,0,0,0
مصنوع من الجلد,0,0,0,0,0,0,0,0,0,0
غادر,0,0,0,0,0,1,0,1,1,0
محاضرة,0,0,0,0,0,0,0,0,0,0
محاضر,0,0,0,0,0,0,1,0,0,0
الحافة,0,0,0,0,0,0,0,0,0,0
موازنة,0,0,0,0,0,0,0,0,0,0
لي,0,0,0,0,0,0,0,0,0,0
علقة,0,0,0,0,0,1,0,0,0,0
العلق,0,0,1,1,0,1,0,0,0,0
لير,0,0,1,0,0,1,0,0,0,0
حذر,0,0,0,0,0,0,0,0,1,0
ريس,0,0,0,0,0,0,0,0,0,0
فسحة,0,0,0,0,0,0,1,0,0,0
اليسار,0,0,0,0,0,0,0,0,0,0
ساق,0,0,0,0,0,0,0,0,0,0
ميراث,0,0,0,0,0,0,0,0,0,0
قانوني,0,0,0,0,0,0,1,0,0,1
شرعية,0,0,0,0,0,0,0,0,0,0
تقنين,0,0,0,0,0,0,0,0,0,0
مصدق,1,0,0,1,1,0,1,0,0,1
من الناحية القانونية,0,0,0,0,0,0,0,0,0,0
عنوان تفسيري,0,0,0,0,0,0,0,0,0,0
أسطوري,0,0,0,0,0,0,1,0,0,0
مقروئية,0,0,0,0,0,0,1,0,0,0
مقروء,0,0,0,0,0,0,1,0,0,0
فيلق,0,0,0,0,0,0,0,0,0,0
التشريع,0,0,0,0,0,0,0,0,0,0
تشريع,0,0,0,0,0,0,0,0,0,0
تشريعي,0,0,0,0,0,0,0,0,0,0
مشرع,0,0,0,0,0,0,0,0,0,1
السلطة التشريعية,0,0,0,0,0,0,0,0,0,1
شرعية,0,0,0,0,0,0,0,0,0,1
أرجل,0,0,0,0,0,0,0,0,0,0
بقوليات,0,0,0,0,0,0,0,0,0,0
راحة,0,1,0,0,1,0,1,0,1,1
على مهل,0,0,0,0,0,0,1,0,0,0
ليما,0,0,0,0,0,0,1,0,0,0
ليمون,0,0,1,0,0,1,0,0,0,0
أعار,0,0,0,0,0,0,0,0,0,0
المقرض,0,0,0,0,0,0,0,0,0,1
الإقراض,0,0,0,0,0,0,0,0,0,0
الطول,0,0,0,0,0,0,0,0,0,0
يطيل,0,0,0,0,0,0,0,0,0,0
مطول,0,0,0,0,0,0,0,0,0,0
تطويل,0,0,0,0,0,0,0,0,0,0
بالطول,0,0,0,0,0,0,0,0,0,0
طويل,0,0,0,0,0,0,0,0,0,0
التساهل,0,0,0,0,0,0,0,0,0,0
متساهل,0,0,0,0,0,0,1,0,0,0
عدسة,0,0,0,0,0,0,0,0,0,0
فهد,0,0,0,0,0,0,0,0,0,0
جذام,0,0,1,1,0,1,0,1,0,0
مستأجر,0,0,0,0,0,0,0,0,0,0
يقلل,0,1,0,0,0,1,0,0,0,0
التقليل,0,0,0,0,0,0,0,0,0,0
أقل,0,0,1,0,0,1,0,0,0,0
درس,0,1,0,0,0,0,1,0,0,1
المؤجر,0,0,0,0,0,0,0,0,0,0
قاتلة,0,0,1,1,0,1,0,1,0,0
كسول,0,0,0,0,0,0,0,0,0,0
الخمول,0,0,0,0,0,1,0,1,0,0
رسالة,0,1,0,0,0,0,0,0,0,0
مكتوب,0,1,0,0,0,0,1,0,0,1
حروف,0,0,0,0,0,0,0,0,0,0
خَسّ,0,0,0,0,0,0,0,0,0,0
سرطان الدم,1,0,0,1,0,1,0,1,0,0
السد,0,0,0,0,0,0,0,0,0,1
مستوى,0,0,0,0,0,0,1,0,0,1
رافعة,0,0,0,0,0,0,0,0,0,0
تأثير ايجابي,0,0,0,0,0,0,1,0,0,0
الجبايه,0,0,0,0,0,1,0,0,0,0
بذيئة,0,0,1,0,0,1,0,0,0,0
معجم,0,0,0,0,0,0,0,0,0,0
لاي,0,0,0,0,0,0,0,0,0,0
المطلوبات,0,0,0,0,0,0,0,0,0,0
مسؤولية,0,0,0,0,0,0,0,0,0,0
الاتصال,0,0,0,0,0,1,0,0,0,0
كذاب,0,0,1,0,0,1,0,0,0,0
القذف,1,0,0,1,0,1,0,0,0,1
تشهيري,0,0,0,0,0,0,0,0,0,0
ليبرالية,0,0,0,0,0,1,1,0,0,0
الليبرالية,0,0,0,0,0,0,0,0,0,0
حرر,1,1,0,0,1,0,1,0,1,1
تحرير,0,1,0,0,1,0,1,0,1,0
حرية,0,1,0,0,1,0,1,0,1,1
الرغبة الجنسية,0,0,0,0,0,0,0,0,0,0
أمين المكتبة,0,0,0,0,0,0,0,0,0,0
مكتبة,0,0,0,0,0,0,1,0,0,0
ليبريتو,0,0,0,0,0,0,0,0,0,0
رخصة,0,0,0,0,0,0,0,0,0,0
حزاز,0,0,0,0,0,0,0,0,0,0
يلعق,0,0,1,0,0,1,0,0,0,0
جفن العين,0,0,0,0,0,0,0,0,0,0
يكذب,1,0,1,0,0,1,0,1,0,0
لييج,0,0,0,0,0,0,0,0,0,0
حجز,0,0,0,0,0,0,0,0,0,0
بدلا,0,0,0,0,0,0,0,0,0,0
أيتها الملازم,0,0,0,0,0,0,0,0,0,1
الحياة,0,0,0,0,0,0,0,0,0,0
شريان الحياة,0,0,0,0,0,0,1,0,0,0
قارب نجاة,0,0,0,0,0,0,0,0,0,0
هامدة,0,0,0,1,0,1,0,1,0,0
نابض بالحياة,0,0,0,0,0,0,0,0,0,0
مدى الحياة,0,0,0,0,0,0,0,0,0,0
حياة,0,0,0,0,0,0,0,0,0,0
يرفع,0,0,0,0,0,0,0,0,0,0
رباط,0,0,0,0,0,0,0,0,0,0
ربط,0,0,0,0,0,0,0,0,0,0
خفيفة,0,0,0,0,0,0,0,0,0,0
تفتيح,0,0,0,0,0,0,0,0,0,0
منارة,0,0,0,0,0,0,1,0,0,0
خفة,0,0,0,0,0,0,0,0,0,0
برق,1,0,0,1,0,0,0,0,1,0
احتمالية,0,0,0,0,0,0,0,0,0,0
الشبه,0,0,0,0,0,0,0,0,0,0
بطريقة مماثلة,0,0,0,0,0,0,0,0,0,0
تروق,0,0,0,0,1,0,1,0,0,1
أرجواني,0,0,0,0,0,0,0,0,0,0
زنبق,0,0,0,0,0,0,0,0,0,0
فرع الشجره,0,0,0,0,0,0,0,0,0,0
طي النسيان,0,0,0,0,0,0,0,0,0,0
حد,0,0,0,0,0,0,0,0,0,0
تحديد,0,0,0,0,0,0,0,0,0,0
محدود,1,0,0,0,0,1,0,1,0,0
لا حدود لها,0,0,0,0,0,0,0,0,0,0
ليموزين,0,0,0,0,0,0,0,0,0,0
يعرج,0,0,0,0,0,1,0,0,0,0
لين,0,0,0,0,0,0,0,0,0,0
خط,0,0,0,0,0,0,0,0,0,0
النسب,0,0,0,0,0,0,0,0,0,0
مباشر,0,0,0,0,0,0,0,0,0,0
خطي,0,0,0,0,0,0,0,0,0,0
مبطن,0,0,0,0,0,0,0,0,0,0
الكتان,0,0,0,0,0,0,0,0,0,0
بطانة,0,0,0,0,0,0,0,0,0,0
خطوط,0,0,0,1,0,0,0,0,0,0
بقي,0,1,0,0,0,0,0,0,0,0
لغة,0,0,0,0,0,0,0,0,0,0
لغوي,0,0,0,0,0,0,0,0,0,0
لغوي,0,0,0,0,0,0,1,0,0,1
لغوي,0,0,0,0,0,0,0,0,0,0
اللغويات,0,0,0,0,0,0,0,0,0,0
بطانة,0,0,0,0,0,0,0,0,0,0
حلقة الوصل,0,0,0,0,0,0,0,0,0,0
مشمع,0,0,0,0,0,0,0,0,0,0
الوبر,0,0,0,0,0,1,0,0,0,0
أسد,0,0,0,1,0,0,1,0,0,0
شفة,0,0,0,0,0,0,0,0,0,0
أحمر الشفاه,0,0,0,0,0,0,0,0,0,0
تسييل,0,0,0,0,0,0,0,0,0,0
مسال,0,0,0,0,0,0,0,0,0,0
ليكيور,0,0,0,0,0,0,0,0,0,0
سائل,0,0,0,0,0,0,0,0,0,0
صفى,0,0,0,0,0,0,0,0,0,0
تصفية,0,0,0,0,0,0,0,0,0,0
المصفي,0,0,0,0,0,0,0,0,0,0
السيولة,0,0,0,0,0,0,0,0,0,0
الخمور,1,0,0,0,1,1,0,1,0,0
لثغة,0,0,0,0,0,0,0,0,0,0
قائمة,0,0,0,0,0,0,0,0,0,0
استمع,0,0,0,0,0,0,0,0,0,0
المستمع,0,0,0,0,0,0,0,0,0,0
قائمة,0,0,0,0,0,0,0,0,0,0
فاتر,0,0,0,0,0,1,0,1,0,0
ابتهال,0,0,0,0,0,0,0,0,0,0
حرفيا,0,0,0,0,0,0,0,0,0,0
أدبي,0,0,0,0,0,0,0,0,0,0
المؤلفات,0,0,0,0,0,0,0,0,0,0
رشيق,0,0,0,0,0,0,1,0,0,0
ليثوجراف,0,0,0,0,0,0,0,0,0,0
الطباعة الحجرية,0,0,0,0,0,0,0,0,0,0
علم الصخر,0,0,0,0,0,0,0,0,0,0
الغلاف الصخري,0,0,0,0,0,0,0,0,0,0
المتقاضي,0,0,0,0,0,1,0,0,0,0
يقاضي,1,1,1,1,0,1,0,1,0,0
دعوى,0,0,0,0,0,1,0,0,0,0
التقاضي,1,0,1,0,0,1,0,0,0,0
قمامة,0,0,0,0,0,1,0,0,0,0
الساحل,0,0,0,0,0,0,0,0,0,0
الليتورجيا,0,0,0,0,0,0,0,0,0,0
رزق,0,0,0,0,0,0,0,0,0,0
كسوة,0,0,0,0,0,0,0,0,0,0
غاضب,1,0,1,0,0,1,0,0,0,0
معيشة,0,0,0,0,0,0,0,0,0,0
اللاما,0,0,0,0,0,0,0,0,0,0
حمل,0,0,0,0,0,0,0,0,0,0
رغيف,0,0,0,0,0,1,0,0,0,0
الكسول,0,0,0,0,0,1,0,0,0,0
طفال,0,0,0,0,0,0,0,0,0,0
يُقرض,0,0,0,0,0,0,0,0,0,0
متردد,1,0,0,0,0,1,0,0,0,0
يكره,1,0,1,0,0,1,0,0,0,0
اشمئزاز,0,0,1,0,0,1,0,0,0,0
بغيض,1,0,1,0,0,1,0,0,0,0
ردهة,0,0,0,0,0,0,0,0,0,0
اللوبي,0,0,0,0,0,1,0,0,0,0
الفص,0,0,0,0,0,0,0,0,0,0
محلي,0,0,0,0,0,0,0,0,0,0
اللغة,0,0,0,0,0,0,0,0,0,0
مكان,0,0,0,0,0,0,0,0,0,0
الموقع,0,0,0,0,0,0,0,0,0,0
توطين,0,1,0,0,0,0,0,0,0,0
حدد,0,0,0,0,0,0,0,0,0,0
موقعك,0,0,0,0,0,0,0,0,0,0
بحيرة,0,0,0,0,0,0,0,0,0,0
قفل,0,0,0,0,0,0,0,0,0,0
خزانة,0,0,0,0,0,0,0,0,0,0
قفال,0,0,0,0,0,0,0,0,0,0
اغلق,0,0,0,1,0,1,0,1,0,0
الحركة,0,0,0,0,0,0,0,0,0,0
قاطرة,0,0,0,0,0,0,0,0,0,0
الجراد,0,0,0,1,0,1,0,0,0,0
النزل,0,0,0,0,0,0,0,0,0,0
مستأجر,0,0,0,0,0,0,0,0,0,0
إقامة,0,0,0,0,0,0,0,0,0,1
العلية,0,0,0,0,0,0,0,0,0,0
نبيل,0,0,0,0,0,1,0,0,0,0
سجل,0,0,0,0,0,0,0,0,0,0
اللوغاريتم,0,0,0,0,0,0,0,0,0,0
لوغاريتمي,0,0,0,0,0,0,0,0,0,0
منطق,0,0,0,0,0,0,0,0,0,0
منطقي,0,0,0,0,0,0,1,0,0,0
الخدمات اللوجستية,0,0,0,0,0,0,0,0,0,0
الشعار,0,0,0,0,0,0,0,0,0,0
الخاصرة,0,0,0,0,0,0,0,0,0,0
مصاصة,0,0,0,0,0,0,0,0,0,0
وحيد,0,0,0,0,0,0,0,1,0,0
الشعور بالوحدة,0,0,0,1,0,1,0,1,0,0
وحيد,1,0,1,1,0,1,0,1,0,0
وحيد,0,0,0,0,0,1,0,1,0,0
طويل,0,1,0,0,0,0,0,0,0,0
طول العمر,0,0,0,0,0,0,1,0,0,0
شوق,0,1,0,0,0,0,0,1,0,0
خط الطول,0,0,0,0,0,0,0,0,0,0
طولي,0,0,0,0,0,0,0,0,0,0
طوليا,0,0,0,0,0,0,0,0,0,0
مرحاض,0,0,1,0,0,1,0,0,0,0
انتبه,0,0,0,0,0,0,0,0,0,0
تلوح في الأفق,0,1,0,1,0,1,0,0,0,0
تلوح في الأفق,0,0,0,0,0,0,0,0,0,0
لون,0,0,1,0,0,1,0,0,0,0
معتوه مخبول,0,0,0,0,0,1,0,0,0,0
عقدة,0,0,0,0,0,0,0,0,0,0
ثغرة,0,0,0,0,0,0,0,0,0,0
إرخاء,0,0,0,0,0,0,0,0,0,0
تخفيف,0,0,0,0,0,0,0,0,0,0
نهب,0,0,0,0,0,1,0,0,0,0
لوب,0,0,0,0,0,0,0,0,0,0
غير متوازن,0,0,0,0,0,0,0,0,0,0
رب,0,0,1,0,0,1,1,0,0,1
اللوردات,0,0,0,0,0,0,0,0,0,0
سيادة,0,0,0,0,0,0,1,0,0,0
معرفة,0,0,0,0,0,0,0,0,0,0
شاحنة,0,0,0,0,0,0,0,0,0,0
تخسر,1,0,1,1,0,1,0,1,1,0
خاسرة,1,0,0,0,0,1,0,1,0,0
خسارة,1,0,0,1,0,1,0,1,0,0
ضائع,0,0,0,0,0,1,0,1,0,0
كثير,0,0,0,0,0,0,0,0,0,0
غسول,0,0,0,0,0,0,0,0,0,0
الكثير,0,0,0,0,0,0,0,0,0,0
اليانصيب,0,1,0,0,0,0,0,0,0,0
لوتو,0,0,0,0,0,0,0,0,0,0
بصوت عال,0,0,0,0,0,0,0,0,0,0
بصوت عالي,0,0,0,0,0,0,0,0,0,0
بريق,1,0,0,0,0,1,0,0,0,0
صالة,0,0,0,0,0,1,0,0,0,0
قملة,0,0,1,0,0,1,0,0,0,0
محبوب,0,0,0,0,1,0,1,0,0,1
الحب,0,0,0,0,1,0,1,0,0,0
محبوب,0,1,0,0,1,0,1,1,1,1
حبهم,0,0,0,0,1,0,1,0,0,1
حبيب,0,1,0,0,1,0,1,0,0,1
محب,0,0,0,0,1,0,1,0,0,1
أدنى,0,0,0,0,0,1,0,1,0,0
خفض,0,0,0,0,0,1,0,0,0,0
أدنى,0,0,0,0,0,1,0,1,0,0
الأراضي المنخفضة,0,0,0,0,0,1,0,0,0,0
حقير,0,0,0,0,0,1,0,1,0,0
مخلص,0,0,0,1,1,0,1,0,1,1
وفاء,0,0,0,0,0,0,1,0,0,1
تشحيم,0,0,0,0,0,0,0,0,0,0
تشحيم,0,0,0,0,0,0,0,0,0,0
حظ,0,1,0,0,1,0,1,0,1,0
سعيد الحظ,0,0,0,0,1,0,1,0,1,0
سخيف,0,0,0,0,0,1,0,0,0,0
العروة,0,0,0,0,0,0,0,0,0,0
أمتعة,0,0,0,0,0,0,0,0,0,0
هدوء مؤقت,0,1,0,0,0,0,0,0,0,0
التهويدة,0,0,0,0,0,0,0,0,0,0
قطني,0,0,0,0,0,0,0,0,0,0
خشب,0,0,0,0,0,0,0,0,0,0
تثاقل,0,0,0,0,0,1,0,0,0,0
الانارة,0,0,0,0,0,0,0,0,0,0
مضيئة,0,0,0,0,0,0,0,0,0,0
كتلة,0,0,0,0,0,1,0,0,0,0
محفر,0,0,1,0,0,1,0,0,0,0
جنون,1,0,1,1,0,1,0,1,0,0
قمري,0,0,0,0,0,0,0,0,0,0
مجنون,1,0,1,1,0,1,0,0,0,0
غداء,0,0,0,0,0,0,0,0,0,0
غداء,0,0,0,0,0,0,0,0,0,0
اندفع,0,0,0,0,0,0,0,0,1,0
رئتين,0,0,0,0,0,0,0,0,0,0
ترنح,0,0,0,0,0,1,0,0,0,0
"إغراء، شرك، طعم",0,0,0,0,0,1,0,0,0,0
متوهج,0,0,1,0,0,1,0,0,0,0
ثابر,0,0,0,0,0,1,0,0,0,0
يترصد,0,0,0,0,0,1,0,0,0,0
فاتنة,0,1,0,0,1,0,1,0,0,0
الوفرة,0,0,1,0,0,1,0,1,0,0
شهوة,0,1,0,0,0,1,0,0,0,0
بريق,0,0,0,0,1,0,1,0,0,0
شهواني,0,0,0,0,0,1,0,0,0,0
لامع,0,0,0,0,0,0,1,0,0,0
مفعم بالحيوية,0,0,1,0,0,0,0,0,0,0
عود,0,0,0,0,0,0,0,0,0,0
مترف,0,0,0,0,0,0,1,0,0,0
فاخر,0,0,0,0,1,0,1,0,0,0
فخم. ترف,0,0,0,0,1,0,1,0,0,0
يكذب,1,0,1,0,0,1,0,0,0,0
الليمفاوية,0,0,0,0,0,0,0,0,0,0
الجهاز اللمفاوي,0,0,0,0,0,0,0,0,0,0
شنق,1,0,1,1,0,1,0,1,0,0
حيوان الوشق,0,0,0,0,0,0,0,0,0,0
قيثارة,0,0,0,0,1,0,1,0,0,0
كلمات الاغنية,0,0,0,0,0,0,0,0,0,0
غنائي,0,0,0,0,1,0,1,0,0,0
صولجان,0,0,0,1,0,1,0,0,0,0
آلة,0,0,0,0,0,0,0,0,0,1
الات,0,0,0,0,0,0,0,0,0,0
ميكانيكي,0,0,0,0,0,0,0,0,0,0
سمك الأسقمري البحري,0,0,0,0,0,0,0,0,0,0
مجنون,1,0,1,1,0,1,0,1,0,0
سيدتي,0,0,0,0,0,0,0,0,0,0
سيدتي,0,0,0,0,0,0,0,0,0,0
مادن,1,0,0,1,0,1,0,0,0,0
مجنون,1,0,0,1,0,1,0,0,0,0
جنون,1,0,0,1,0,1,0,0,0,0
المافيا,0,0,0,1,0,1,0,0,0,0
مجلة,0,0,0,0,0,0,0,0,0,0
بركه,0,0,0,1,0,0,0,0,0,0
أرجواني,0,0,0,0,0,0,0,0,0,0
يرقة,0,0,1,0,0,1,0,0,0,0
سحر,0,0,0,0,0,0,0,0,0,0
سحري,0,1,0,0,1,0,1,0,1,0
ساحر,0,0,0,0,0,0,0,0,1,0
قاضي التحقيق,0,0,0,0,0,0,0,0,0,0
الصهارة,0,0,0,0,0,0,0,0,0,0
قطب,0,0,0,0,0,0,0,0,0,0
مغناطيس,0,0,0,0,0,0,1,0,0,1
المغناطيسية,0,0,0,0,0,0,1,0,0,0
أكسيد الحديد الأسود,0,0,0,0,0,0,1,0,0,0
روعة,0,1,0,0,1,0,1,0,0,1
رائع,0,1,0,0,1,0,1,0,1,1
المكبر,0,0,0,0,0,0,0,0,0,0
كبر,0,0,0,0,0,0,0,0,0,0
ضخامة,0,0,0,0,0,0,0,0,0,0
العقعق,0,0,0,0,0,0,0,0,0,0
خادمة,0,0,0,0,0,0,0,0,0,0
عذراء,0,0,0,0,0,0,1,0,0,0
بريد,0,1,0,0,0,0,0,0,0,0
رئيسي,0,0,0,0,0,0,1,0,0,0
البر الرئيسى,0,0,0,0,0,0,0,0,0,0
عماد,0,0,0,0,0,0,1,0,0,1
اعمال صيانة,0,0,0,0,0,0,0,0,0,1
مهيب,0,1,0,0,1,0,1,0,1,1
جلالة,0,0,0,0,0,0,1,0,0,1
رائد,0,0,0,0,0,0,1,0,0,0
غالبية,0,0,0,0,1,0,1,0,0,1
صنع,0,0,0,0,0,0,0,0,0,0
صانع,0,0,0,0,0,0,0,0,0,0
مؤقت,0,0,0,0,0,1,0,0,0,0
ميك أب,0,0,0,0,0,0,0,0,0,0
داء,0,0,0,0,0,1,0,0,0,0
توعك,0,0,0,0,0,1,0,1,0,0
ملاريا,0,0,1,1,0,1,0,1,0,0
حاقد,1,0,1,1,0,1,0,1,0,0
المخالفات,0,0,1,0,0,1,0,0,0,0
تشوه,0,0,0,0,0,1,0,0,0,0
حقد,1,0,0,1,0,1,0,0,0,0
ضار,1,0,1,1,0,1,0,1,0,0
خبيث,1,0,1,0,0,1,0,0,0,0
خباثة,0,0,0,1,0,1,0,1,0,0
خبيث,1,0,0,1,0,1,0,0,0,0
مجمع تجاري,0,0,0,0,0,0,0,0,0,0
طيع,0,0,0,0,0,0,0,0,0,0
مطرقة,0,0,0,0,0,0,0,0,0,0
سوء التصرف,1,0,0,0,0,1,0,0,0,0
ماما,0,0,0,0,0,0,0,0,0,1
الحيوان الثديي,0,0,0,0,0,0,0,0,0,0
الماموث,0,0,0,0,0,0,0,0,0,0
تدبير,0,0,0,0,0,0,1,0,0,1
إدارة,0,0,0,0,0,0,1,0,0,1
إدارة,0,0,0,0,0,0,0,0,0,0
منداموس,0,0,0,1,0,1,0,0,0,0
اليوسفي,0,0,0,0,0,0,1,0,0,1
امر رسمى,0,0,0,0,0,0,0,0,0,0
الفك السفلي,0,0,0,0,0,0,0,0,0,0
مندولين,0,0,0,0,0,0,0,0,0,0
مغزل,0,0,0,0,0,0,0,0,0,0
بدة,0,0,0,0,0,0,0,0,0,0
مناورة,0,0,0,0,0,0,0,0,0,0
المناورة,0,0,0,0,0,0,0,0,0,0
الجرب,0,0,1,1,0,1,0,0,0,0
مدير,0,0,0,0,0,0,0,0,0,0
فسد,1,0,1,1,0,1,0,1,0,0
مانجو,0,0,0,0,0,0,0,0,0,0
مانغوستين,0,0,0,0,0,0,0,0,0,0
الرجولة,0,0,0,0,0,0,1,0,0,0
هوس,0,0,0,0,0,1,0,0,0,0
معتوه,1,0,0,1,0,1,0,0,0,0
مهووس,0,0,0,0,0,1,0,0,0,0
صباغة الاظافر,0,0,0,0,0,0,0,0,0,0
قائمة,0,0,0,0,0,0,0,0,0,0
مظهر,0,0,0,1,0,0,0,0,0,0
تتجلى,0,0,0,0,0,0,1,0,0,0
بشكل واضح,0,0,0,0,0,0,0,0,0,0
بيان,0,0,0,0,0,0,0,0,0,0
متشعب,0,0,0,0,0,0,0,0,0,0
معالجة,0,0,0,0,0,1,0,0,0,0
بمعالجة,1,0,0,1,0,1,0,0,0,0
بشرية,0,0,0,0,0,0,0,0,0,0
رجولي,0,0,0,0,0,0,1,0,0,0
المن,0,0,0,0,0,0,1,0,0,0
طريقة,0,0,0,0,0,0,0,0,0,0
مهذب,0,0,0,0,0,0,1,0,0,0
أخلاق,0,0,0,0,0,0,1,0,0,0
مانور,0,0,0,0,0,0,0,0,0,0
بيت كبير,0,0,0,0,0,0,0,0,0,0
القتل غير العمد,1,0,1,1,0,1,0,1,1,0
عباءة,0,0,0,0,0,0,0,0,0,0
كتيب,0,0,0,0,0,0,0,0,0,1
صناعة,0,0,0,0,0,0,0,0,0,0
الصانع,0,0,0,0,0,0,1,0,0,0
السماد,0,0,1,0,0,1,0,0,0,0
مخطوطة,0,0,0,0,0,0,0,0,0,0
خريطة,0,0,0,0,0,0,0,0,0,0
مار,0,0,0,0,0,1,0,0,0,0
رخام,0,0,0,0,0,0,0,0,0,0
رخامي,0,0,0,0,0,0,0,0,0,0
الرخام,0,0,0,0,0,0,0,0,0,0
مارس,0,0,0,0,0,0,1,0,0,0
فرس,0,0,0,0,0,0,0,0,0,0
حافة,0,0,0,0,0,1,0,1,0,0
هامش,0,0,0,0,0,0,0,0,0,0
قنب هندي,0,0,0,0,0,0,0,0,0,0
البحرية,0,0,0,0,0,0,0,0,0,1
بحار,0,0,0,0,0,0,0,0,0,0
بحري,0,0,0,0,0,0,0,0,0,0
علامة,0,0,0,0,0,0,0,0,0,0
ملحوظ,0,0,0,0,0,0,1,0,0,0
سوق,0,0,0,0,0,0,0,0,0,0
قابل للتسويق,0,0,0,0,0,0,1,0,0,0
المتجر,0,0,0,0,0,0,0,0,0,0
علامات,0,0,0,0,0,0,0,0,0,0
مارل,0,0,0,0,0,0,0,0,0,0
مربى البرتقال,0,0,0,0,0,0,0,0,0,0
كستنائي,0,0,0,0,0,1,0,0,0,0
سرادق,0,0,0,0,0,0,0,0,0,0
ماركيز,0,0,0,0,0,0,1,0,0,0
زواج,0,1,0,0,1,0,1,0,0,1
متزوج \ متزوجة,0,0,0,0,0,0,0,0,0,0
نخاع,0,0,0,0,1,0,1,0,0,1
الزواج,0,1,0,1,1,0,1,0,1,1
اهوار,0,0,0,0,0,0,0,0,0,0
مارشال,0,0,0,0,0,0,1,0,0,1
مارت,0,0,0,0,0,0,0,0,0,0
عسكري,1,0,0,0,0,0,0,0,0,0
مارتينجال,0,0,0,0,0,1,0,0,0,0
شهيد,0,0,0,1,0,1,0,1,0,0
استشهاد,0,0,0,1,0,1,0,1,0,0
أعجوبة,0,0,0,0,0,0,1,0,1,0
رائع,0,0,0,0,1,0,1,0,0,0
بشكل رائع,0,0,0,0,1,0,1,0,0,0
مذكر,0,0,0,0,0,0,1,0,0,0
الرجولة,0,0,0,0,0,0,0,0,0,0
الهريس,0,0,0,0,0,0,0,0,0,0
قناع,0,0,0,0,0,0,0,0,0,0
الماسوشية,1,0,1,1,0,1,0,0,0,0
بناء,0,0,0,0,0,0,0,0,0,0
حفلة تنكرية,0,0,0,0,0,0,0,0,0,0
كتلة,0,0,0,0,0,0,0,0,0,0
مذبحة,1,0,1,1,0,1,0,1,0,0
رسالة,0,0,0,0,1,0,1,0,0,0
جَسِيم,0,0,0,0,0,0,0,0,0,0
رئيسي - سيد,0,0,0,0,0,0,1,0,0,0
العقل المدبر,0,0,0,0,0,0,0,0,0,0
تحفة,0,0,0,0,1,0,1,0,0,0
تمكن,1,0,0,0,1,0,1,0,0,1
مارس العادة السرية,0,0,0,0,0,0,0,0,0,0
الاستمناء,0,0,0,0,0,0,0,0,0,0
حصيرة,0,0,0,0,0,0,0,0,0,0
مباراة,0,0,0,0,0,0,0,0,0,0
مطابقة,0,0,0,0,0,0,0,0,0,0
وسيط زواج,0,1,0,0,0,0,0,0,0,0
رَفِيق,0,0,0,0,0,0,1,0,0,1
مواد,0,0,0,0,0,0,0,0,0,0
المادية,0,0,0,0,0,1,0,0,0,0
المادي,0,0,1,0,0,1,0,0,0,0
مادي,0,0,0,0,0,0,0,0,0,0
المادية,0,0,0,0,0,0,0,0,0,0
تتحقق,0,0,0,0,0,0,0,0,0,0
ماديا,0,0,0,0,0,0,0,0,0,0
المواد,0,0,0,0,0,0,0,0,0,0
العتاد,0,0,0,0,0,0,0,0,0,0
الأم,0,1,0,0,0,1,1,0,0,0
التوليد,0,0,0,0,0,0,0,0,0,0
رياضي,0,0,0,0,0,0,0,0,0,1
رياضياتي,0,0,0,0,0,0,0,0,0,0
الرياضيات,0,0,0,0,0,0,0,0,0,0
شهادة الثانوية العامة,0,0,0,0,0,0,0,0,0,0
الزواج,0,1,0,0,1,0,1,0,0,1
مصفوفة,0,0,0,0,0,0,0,0,0,0
مربية,0,0,0,0,0,0,1,0,0,1
متعقد,0,0,0,0,0,0,0,0,0,0
قضيه,0,0,0,0,0,0,0,0,0,0
حصيرة,0,0,0,0,0,0,0,0,0,0
فراش,0,0,0,0,0,0,0,0,0,0
إنضاج,0,0,0,0,0,0,0,0,0,0
نضج,0,0,0,0,0,0,0,0,0,0
ضريح,0,0,0,0,0,0,0,1,0,0
خبازي,0,0,0,0,0,0,0,0,0,0
حكمة - قول مأثور,0,0,0,0,0,0,0,0,0,1
أقصى,0,0,0,0,0,0,1,0,0,0
عمدة,0,0,0,0,0,0,1,0,0,0
متاهة,0,0,0,0,0,0,0,0,0,0
ميد,0,0,0,0,0,0,0,0,0,0
مرج,0,0,0,0,0,0,1,0,0,0
وجبة,0,0,0,0,0,0,0,0,0,0
تسكع,0,0,0,0,0,0,0,0,0,0
التعرج,0,0,0,0,0,1,0,0,0,0
المعنى,0,0,0,0,0,0,0,0,0,0
لا معنى له,0,0,0,0,0,1,0,1,0,0
يعني,0,0,0,0,0,0,0,0,0,0
غضون ذلك,0,0,0,0,0,0,0,0,0,0
مرض الحصبة,0,0,1,1,0,1,0,1,0,0
قابل للقياس,0,0,0,0,0,0,0,0,0,0
يقيس,0,0,0,0,0,0,0,0,0,1
تقاس,0,0,0,0,0,0,1,0,0,1
قياس,0,0,0,0,0,0,0,0,0,0
قياس,0,0,0,0,0,0,0,0,0,0
لحم,0,0,0,0,0,0,0,0,0,0
ميكانيكي,0,0,0,0,0,0,0,0,0,0
ميكانيكي,0,0,0,0,0,0,0,0,0,0
آلية,0,0,0,0,0,0,0,0,0,0
ميدالية,0,1,0,0,1,0,1,0,1,1
ميدالية,0,0,0,0,0,0,0,0,0,0
الحاصل على الميدالية,0,0,0,0,0,0,0,0,0,0
تدخل,1,0,0,0,0,1,0,0,0,0
تدخل,0,0,0,0,0,0,0,0,0,0
وسائل الإعلام,0,0,0,0,0,0,0,0,0,0
وسطي,0,0,0,0,0,0,0,0,0,0
الوسيط,0,0,0,0,0,0,0,0,0,0
توسط,0,1,0,0,0,0,1,0,0,1
وساطة,0,0,0,0,0,0,1,0,0,0
الوسيط,0,1,0,0,0,0,1,0,0,1
طبي,0,1,0,1,0,0,1,0,0,1
طبي,0,0,0,0,0,0,0,0,0,0
دواء,0,0,0,0,0,0,0,0,0,0
من القرون الوسطى,0,0,0,0,0,0,0,0,0,0
متوسط,0,0,0,0,0,1,0,0,0,0
توسط,0,0,0,0,0,1,0,0,0,0
يتأمل,0,1,0,0,1,0,1,0,0,1
تأمل,0,0,0,0,0,0,0,0,0,0
تأملي,0,0,0,0,0,0,0,0,0,0
البحر المتوسط,0,0,0,0,0,0,1,0,0,0
متوسط,0,0,0,0,0,0,0,0,0,0
متنوع,0,0,0,0,0,0,1,0,0,0
وديع,0,0,0,0,0,0,0,1,0,0
يجتمع,0,0,0,0,0,0,0,0,0,0
اجتماع,0,0,0,0,0,0,0,0,0,0
حزين,0,0,0,0,0,1,0,1,0,0
كآبة,0,0,0,0,0,1,0,1,0,0
المشاجرة,0,0,0,1,0,1,0,0,0,0
رخيم,0,0,0,0,0,0,0,0,0,0
ميلودراما,1,0,0,0,0,1,0,1,0,0
مليودرامي,0,0,0,0,0,0,0,0,0,0
لحن,0,0,0,0,0,0,0,0,0,0
إنصهار,0,0,0,0,0,0,0,0,0,0
الانهيار,0,0,0,0,0,1,0,1,0,0
ذوبان,0,0,0,0,0,0,0,0,0,0
عضو,0,0,0,0,0,0,0,0,0,0
غشاء,0,0,0,0,0,0,0,0,0,0
تذكار,0,0,0,0,0,0,1,0,0,0
مذكرة,0,0,0,0,0,0,0,0,0,0
مذكرات,0,0,0,0,0,0,0,0,0,0
تذكارات,0,0,0,0,0,0,0,0,0,0
لا تنسى,0,0,0,0,1,0,1,0,1,1
مذكرة,0,0,0,0,0,0,0,0,0,0
النصب التذكاري,0,0,0,0,0,0,0,0,0,0
النصب التذكارية,0,0,0,0,0,0,0,1,0,0
حفظ,0,0,0,0,0,0,0,0,0,0
ذاكرة,0,0,0,0,0,0,0,0,0,0
تهديد,1,0,0,1,0,1,0,0,0,0
تهديد,1,0,0,1,0,1,0,0,0,0
حديقة الحيوانات,0,0,0,0,0,0,0,0,0,0
يصلح,0,0,0,0,0,0,0,0,0,0
الإصلاح,0,0,0,0,0,0,1,0,0,0
وضيع,0,0,0,0,0,1,0,0,0,0
الغضروف المفصلي,0,0,0,0,0,0,0,0,0,0
الحيض,0,0,0,0,0,0,1,0,0,0
الحيض,0,0,0,0,0,0,0,0,0,0
عقلي,0,0,0,0,0,0,0,0,0,0
أشير,0,0,0,0,0,0,0,0,0,0
مرشد,0,0,0,0,0,0,1,0,0,1
قائمة,0,0,0,0,0,0,0,0,0,0
مواء,0,0,0,0,0,0,0,0,0,0
تجاري,0,0,0,0,0,0,0,0,0,0
مرتزقة,0,0,0,1,0,1,0,0,0,0
بضائع,0,0,0,0,0,0,0,0,0,0
تاجر,0,0,0,0,0,0,0,0,0,1
رحيم,0,0,0,0,0,0,1,0,0,0
بدون رحمة,0,0,0,1,0,1,0,0,0,0
زئبقي,0,0,0,0,0,0,0,0,0,0
رحمة,0,0,0,0,0,0,1,0,0,0
مجرد,0,0,0,0,0,0,0,0,0,0
دمج,0,1,0,0,0,0,1,0,0,0
خط الطول,0,0,0,0,0,0,0,0,0,0
الزوال,0,0,0,0,0,0,0,0,0,0
ميزة,0,0,0,0,0,0,1,0,0,1
جدير بالتقدير,0,0,0,0,1,0,1,0,0,1
حورية البحر,0,0,0,0,0,0,0,0,0,0
فرح,0,0,0,0,1,0,1,0,1,0
مرح,0,0,0,0,1,0,1,0,0,0
ميسا,0,0,0,0,0,0,0,0,0,0
شبكة,0,0,0,0,0,0,0,0,0,0
تنسجم,0,0,0,0,0,0,0,0,0,0
مفتون,0,0,0,0,0,0,0,0,0,0
فوضى,0,0,1,0,0,1,0,0,0,0
رسالة,0,0,0,0,0,0,0,0,0,0
رسول,0,0,0,0,0,0,0,0,0,1
فوضوي,0,0,1,0,0,1,0,0,0,0
التمثيل الغذائي,0,0,0,0,0,0,0,0,0,0
فلز,0,0,0,0,0,0,0,0,0,0
علم المعادن,0,0,0,0,0,0,0,0,0,0
التحول,0,0,0,0,0,0,0,0,0,0
استعارة,0,0,0,0,0,0,0,0,0,0
مجازي,0,0,0,0,0,0,0,0,0,0
غيبي,0,0,0,0,0,0,0,0,0,0
الميتافيزيقيا,0,0,0,0,0,0,0,0,0,0
ورم خبيث,0,0,0,0,0,1,0,0,0,0
نيزك,0,0,0,0,0,0,0,0,0,0
نيزكي,0,0,0,0,0,0,0,0,0,0
نيزك,0,0,0,0,0,0,0,0,0,0
الأرصاد الجوية,0,0,0,0,0,0,0,0,0,0
علم الارصاد الجوية,0,0,0,0,0,0,0,0,0,0
متر,0,0,0,0,0,0,0,0,0,0
الميثانول,0,0,0,0,0,1,0,0,0,0
طريقة,0,0,0,0,0,0,0,0,0,0
المنهجي او نظامى,0,0,0,0,0,0,0,0,0,0
شديد الإنتباه للتفاصيل,0,0,0,0,0,0,0,0,0,0
قياس,0,0,0,0,0,0,0,0,0,0
متري,0,0,0,0,0,0,0,0,0,0
علم القياس,0,0,0,0,0,0,0,0,0,0
حاضرة,0,0,0,0,0,0,0,0,0,0
محافظه,0,0,0,0,0,0,1,0,0,0
همة,0,0,0,0,0,0,1,0,0,0
ميو,0,0,0,0,0,0,0,0,0,0
الميكا,0,0,0,0,0,0,0,0,0,0
ميك,0,0,0,0,0,0,0,0,0,0
ميكروب,0,0,0,0,0,0,0,0,0,0
علم الاحياء المجهري,0,0,0,0,0,0,0,0,0,0
عالم مصغر,0,0,0,0,0,0,0,0,0,0
ميكروغرام,0,0,0,0,0,0,0,0,0,0
ميكرومتر,0,0,0,0,0,0,0,0,0,0
ميكرون,0,0,0,0,0,0,0,0,0,0
ميكروفون,0,0,0,0,0,0,0,0,0,0
مجهر,0,0,0,0,0,0,0,0,0,1
مجهري,0,0,0,0,0,0,0,0,0,0
مجهريا,0,0,0,0,0,0,0,0,0,0
الفحص المجهري,0,0,0,0,0,0,1,0,0,0
منتصف,0,0,0,0,0,0,0,0,0,0
منتصف النهار,0,0,0,0,0,0,0,0,0,0
وسط,0,0,0,0,0,0,0,0,0,0
وسيط,0,0,0,0,0,0,0,0,0,0
ميدلاند,0,0,0,0,0,0,0,0,0,0
منتصف الليل,0,0,0,0,0,0,0,0,0,0
وسط,0,0,0,0,0,0,0,0,0,0
منتصف الصيف,0,0,0,0,0,0,0,0,0,0
منتصف الطريق,0,0,0,0,0,0,0,0,0,0
قابلة,0,1,0,0,1,1,1,0,0,1
القبالة,0,0,0,0,0,0,1,0,0,0
سحنة,0,0,0,0,0,0,0,0,0,0
الجبار,1,0,0,1,1,0,1,0,0,1
يهاجر,0,0,0,0,0,0,0,0,0,0
الهجرة,0,0,0,0,0,0,0,0,0,0
مهاجرة,0,0,0,0,0,0,0,0,0,0
مايك,0,0,0,0,0,0,0,0,0,0
العفن الفطري,0,0,1,0,0,1,0,0,0,0
ميل,0,0,0,0,0,0,0,0,0,0
عدد الأميال,0,0,0,0,0,0,0,0,0,0
معلما,0,0,0,0,0,0,0,0,0,0
مناضل,0,0,0,0,0,0,0,0,0,0
جيش,0,0,0,1,0,0,0,0,0,0
ميليشيا,1,0,0,1,0,1,0,1,0,0
حليب,0,0,0,0,0,0,0,0,0,0
حليبي,0,0,0,0,0,0,0,0,0,0
مطحنة,0,1,0,0,0,0,0,0,0,0
الألفية,0,0,0,0,0,0,0,0,0,0
مليغرام,0,0,0,0,0,0,0,0,0,0
ملليمتر,0,0,0,0,0,0,0,0,0,0
مليون,0,0,0,0,0,0,0,0,0,0
مليونير,0,0,0,0,0,0,0,0,0,0
التمثيل الصامت,0,0,0,0,0,0,1,0,0,0
مقلد الصوت والحركة,0,0,0,0,0,0,0,0,0,0
تقليد,0,0,0,0,0,0,0,0,0,0
تشابه,0,0,0,0,0,1,0,0,1,0
عقل _ يمانع,0,0,0,0,0,0,0,0,0,0
التفكير,0,0,0,0,0,0,0,0,0,0
إدراكا,0,0,0,0,0,0,1,0,0,0
تركيز كامل للذهن,0,0,0,0,0,0,1,0,0,0
مِلكِي,0,0,0,0,0,0,0,0,0,0
عامل منجم,0,0,0,0,0,0,0,0,0,0
المعدنية,0,0,0,0,0,0,0,0,0,0
علم المعادن,0,0,0,0,0,0,0,0,0,0
مزج,0,0,0,0,0,0,0,0,0,0
مختلط,0,0,0,0,0,0,0,0,0,0
مصغر,0,0,0,0,0,0,0,0,0,0
حافلة صغيرة,0,0,0,0,0,0,0,0,0,0
الحد الأدنى,0,0,0,0,0,0,0,0,0,0
قلل,0,0,0,0,0,1,0,0,0,0
الحد الأدنى,0,0,0,0,0,1,0,0,0,0
وزيرة,0,0,0,0,0,0,0,0,0,0
وزاري,0,0,0,0,0,0,0,0,0,0
الوزارة,0,0,0,0,1,0,1,0,0,1
ميني فان,0,0,0,0,0,0,0,0,0,0
البلمة,0,0,0,0,0,0,0,0,0,0
تحت السن القانوني,0,0,0,0,0,0,0,0,0,0
أقلية,0,0,0,0,0,1,0,0,0,0
المنشد,0,0,0,0,0,0,0,0,0,0
نعناع,0,0,0,0,0,0,0,0,0,0
"جزء صغير، ضئيل",0,0,0,0,0,0,0,0,0,0
اللحظة,0,0,0,0,0,0,0,0,0,0
التفاصيل,0,0,0,0,0,0,0,0,0,0
مير,0,0,0,0,0,0,0,0,0,0
معجزة,0,1,0,0,1,0,1,0,1,1
معجزة,0,0,0,0,1,0,1,0,1,0
سراب,0,0,0,0,0,0,0,0,0,0
الوحل,0,0,1,0,0,1,0,0,0,0
مرآة,0,0,0,0,0,0,0,0,0,0
طرب,0,0,0,0,1,0,1,0,0,0
اختلاس,0,0,0,0,0,0,0,0,0,0
سوء سلوك,1,0,1,0,0,1,0,0,1,0
إجهاض,0,0,0,1,0,1,0,1,0,0
متفرقات,0,0,0,0,0,0,0,0,0,0
المنوعات,0,0,0,0,0,0,0,0,0,0
الأذى,0,0,0,0,0,1,0,0,0,0
مزعج,0,0,0,0,0,1,0,0,0,0
مفهوم خاطئ,1,0,1,1,0,1,0,0,0,0
سوء السلوك,0,0,1,0,0,1,0,0,0,0
جنحة,0,0,0,0,0,0,0,0,0,0
تعيس,1,0,1,0,0,1,0,1,0,0
بائسة,0,0,0,0,0,1,0,1,0,0
بؤس,1,0,1,1,0,1,0,1,0,0
مصيبة,0,0,0,1,0,1,0,1,0,0
مضلل,0,0,1,0,0,1,0,0,0,0
حادث مؤسف,0,0,1,1,0,1,0,1,1,0
معلومات مضللة,0,0,0,0,0,0,0,0,0,0
تفسير خاطئ,0,0,0,0,0,1,0,0,0,0
تضليل,1,0,0,1,0,1,0,0,0,1
مضلل,1,0,1,0,0,1,0,0,0,0
سوء الإدارة,0,0,0,0,0,1,0,0,0,0
عدم تطابق,0,0,0,0,0,1,0,0,0,0
غير متطابق,0,0,0,0,0,0,0,0,0,0
تسمية خاطئة,0,0,0,0,0,1,0,0,0,0
في غير مكانه,1,0,1,0,0,1,0,0,0,0
في غير محله,0,0,0,0,0,1,0,0,0,0
تحريف,0,0,0,0,0,1,0,0,0,0
تحريف,0,0,0,0,0,1,0,1,0,0
تحريف,1,0,0,0,0,1,0,0,0,0
يغيب,0,0,0,0,0,0,0,0,0,0
صاروخ,0,0,0,1,0,0,0,0,0,0
مفقود,0,0,0,1,0,1,0,1,0,0
بعثة,0,0,0,0,0,0,0,0,0,0
التبشيرية,0,0,0,0,0,0,1,0,0,0
تحريف,1,0,1,0,0,1,0,0,0,0
شَبُّورَة,0,0,0,0,0,0,0,0,0,0
خطأ,0,0,0,0,0,1,0,1,0,0
مخطئ,0,0,0,1,0,1,0,0,0,0
سيد,0,0,0,0,0,0,0,0,0,0
عشيقة,1,0,1,0,0,1,0,0,0,0
عدم الثقة,0,0,1,1,0,1,0,0,0,0
ضبابي,0,0,0,0,0,0,0,0,0,0
سوء الفهم,0,0,0,0,0,1,0,0,0,0
سوء فهم,1,0,0,0,0,1,0,1,0,0
سوء استخدام,0,0,0,0,0,1,0,0,0,0
العثه,0,0,1,0,0,1,0,0,0,0
ميتري,0,0,0,0,0,0,0,0,0,0
تخفيف,0,0,0,0,0,0,0,0,0,0
مزج,0,0,0,0,0,0,0,0,0,0
مختلط,0,0,0,0,0,0,0,0,0,0
خليط,0,0,0,0,0,0,0,0,0,0
أنين,0,0,0,1,0,0,0,1,0,0
خندق,0,0,0,0,0,0,0,0,0,1
تجمهر,1,0,0,1,0,1,0,0,0,0
التليفون المحمول,0,1,0,0,0,0,0,0,0,0
إمكانية التنقل,0,0,0,0,0,0,0,0,0,0
التعبئة,0,0,0,0,0,0,0,0,0,0
حشد,0,0,0,0,0,0,0,0,0,0
سخرية,0,0,1,0,0,1,0,0,0,0
السخرية,1,0,1,0,0,1,0,1,0,0
مشروط,0,0,0,0,0,0,0,0,0,0
طريقة,0,0,0,0,0,0,0,0,0,0
الوضع,0,0,0,0,0,0,0,0,0,0
نموذج,0,0,0,0,0,0,1,0,0,0
المصمم,0,0,0,0,0,0,0,0,0,0
معتدل,0,0,0,0,0,0,1,0,0,0
باعتدال,0,0,0,0,0,0,0,0,0,0
الاعتدال,0,0,0,0,0,0,0,0,0,0
الاعتدال,0,0,0,0,0,0,0,0,0,0
الوسيط,0,0,0,0,0,0,1,0,0,1
عصري,0,0,0,0,0,0,0,0,0,0
الحداثة,0,0,0,0,0,0,0,0,0,0
محتشم,0,0,0,0,0,0,1,0,0,1
تواضع,0,0,0,0,0,0,1,0,0,0
قليل,0,0,0,0,0,0,0,0,0,0
قابل للتعديل,0,0,0,0,0,0,0,0,0,0
تعديل,0,0,0,0,0,0,0,0,0,0
تم التعديل,0,0,0,0,0,0,0,0,0,0
تعديل,0,0,0,0,0,0,0,0,1,0
عدل,0,0,0,0,0,0,0,0,0,0
تعديل,0,0,0,0,0,0,0,0,0,0
وحدة,0,0,0,0,0,0,0,0,0,0
معام,0,0,0,0,0,0,0,0,0,0
قطب,0,0,0,0,0,0,0,0,0,0
شاردة,0,0,0,0,0,0,0,0,0,0
رطب,0,0,0,0,0,0,0,0,0,0
رُطُوبَة,0,0,0,0,0,0,0,0,0,0
الضرس,0,0,0,0,0,0,0,0,0,0
دبس السكر,0,0,0,0,0,0,0,0,0,0
عفن,0,0,0,0,0,0,0,0,0,0
مصبوب,0,0,0,0,0,0,0,0,0,0
صب,0,0,0,0,0,0,0,0,0,0
متعفن,0,0,0,0,0,0,0,0,0,0
جزيئي,0,0,0,0,0,0,0,0,0,0
مركب,0,0,0,0,0,0,0,0,0,0
التحرش,1,0,1,1,0,1,0,1,0,0
منصهر,0,0,0,0,0,0,0,0,0,0
لحظة,0,0,0,0,0,0,0,0,0,0
لحظة,0,0,0,0,0,0,0,0,0,0
بالغ الأهمية,0,0,0,0,0,0,0,0,0,0
قوة الدفع,0,1,0,0,0,0,1,0,0,0
أحادي,0,0,0,0,0,0,0,0,0,0
العاهل,0,0,0,0,0,0,0,0,0,0
الملكية,0,0,0,0,0,0,0,0,0,0
ديرصومعة,0,0,0,0,0,0,0,0,0,0
رهبانية,0,0,0,0,0,0,0,0,0,0
نقدي,0,1,0,0,0,0,1,0,0,0
مال,1,1,0,0,1,0,1,0,1,1
راهب,0,0,0,0,0,0,1,0,0,1
قرد,0,0,0,0,0,0,0,0,0,0
أحادية اللون,0,0,1,0,0,1,0,0,0,0
الزواج الأحادي,0,0,0,0,0,0,0,0,0,1
حرف واحد فقط,0,0,0,0,0,0,0,0,0,0
دراسة,0,0,0,0,0,0,0,0,0,0
أحادي الطبقة,0,0,0,0,0,0,0,0,0,0
مناجاة فردية,0,0,0,0,0,0,0,0,0,0
محتكر,0,0,0,0,0,1,0,0,0,0
احتكار,0,0,0,0,0,0,0,0,0,0
روتيني,0,0,0,0,0,0,0,0,0,0
الرياح الموسمية,0,0,0,0,0,1,0,1,0,0
مسخ,0,0,0,1,0,1,0,0,0,0
وحشية,1,0,1,1,0,1,0,0,1,0
مونتي,0,0,0,0,0,0,0,0,0,0
شهر,0,0,0,0,0,0,0,0,0,0
شهريا,0,0,0,0,0,0,0,0,0,0
نصب,0,0,0,0,0,0,1,0,0,0
ضخمة,0,0,0,0,0,0,0,0,0,0
مو,0,0,0,0,0,0,0,0,0,0
أمزجة,0,0,0,0,0,0,0,0,0,0
متقلب المزاج,1,0,0,0,0,1,0,1,0,0
القمر,0,0,0,0,0,0,0,0,0,0
ضوء القمر,0,0,0,0,0,0,0,0,0,0
الراسية,0,0,0,0,0,0,0,0,0,0
رسو,0,0,0,0,0,0,0,0,0,0
المراسي,0,0,0,0,0,0,0,0,0,1
المستنقعات,0,0,0,0,0,0,0,0,0,0
غزال أمريكي ضخم,0,0,0,0,0,0,0,0,0,0
خلافي,0,0,0,0,0,1,0,0,0,0
ناقش,0,0,0,0,0,0,0,0,0,0
ممسحة,0,0,0,0,0,0,0,0,0,0
أخلاقي,1,0,0,0,0,0,1,0,0,1
الأخلاق,0,0,0,0,0,0,1,0,0,1
أخلاق,1,1,1,0,1,0,1,0,1,1
مستنقع,0,0,0,0,0,0,0,0,0,0
الوقف,0,0,0,0,0,0,0,0,0,0
مهووس,0,0,0,0,0,1,0,1,0,0
المرض,1,0,1,1,0,1,0,1,0,0
المشرحة,0,0,1,1,0,1,0,1,0,0
تحتضر,0,0,0,0,0,1,0,1,0,0
الضحى,0,1,0,0,0,0,0,0,0,0
صباح,0,0,0,0,0,0,0,0,0,0
أحمق,0,0,0,0,0,1,0,0,0,0
مغفل,0,0,0,0,0,1,0,0,0,0
مورفين,0,0,0,0,0,0,0,0,0,0
التشكل,0,0,0,0,0,0,0,0,0,0
علم التشكل المورفولوجيا,0,0,0,0,0,0,0,0,0,0
الغد,0,1,0,0,0,0,0,0,0,0
لقمة,0,0,0,0,0,1,0,0,0,0
مميت,0,0,0,0,0,1,0,0,0,0
معدل الوفيات,1,0,0,1,0,1,0,1,0,0
مونة الاسمنت,0,0,0,0,0,0,1,0,0,0
الرهن العقاري,0,0,0,1,0,0,0,0,0,0
دائن مرتهن,0,0,0,0,0,0,0,0,0,1
مديون,0,0,0,1,0,0,0,0,0,0
الإماتة,0,1,1,1,0,1,0,1,0,0
ثلاجة الموتى,0,0,0,1,0,1,0,1,0,0
فسيفساء,0,0,0,0,0,0,0,0,0,0
البعوض,1,0,1,0,0,1,0,0,0,0
طحلب,0,0,0,0,0,0,0,0,0,0
مطحلب,0,0,0,0,0,0,0,0,0,0
قذى,0,0,0,0,0,0,0,0,0,0
حشرة العتة,0,0,0,0,0,0,0,0,0,0
أم,0,1,0,0,1,1,1,1,0,1
الأمومة,0,0,0,0,1,0,1,0,0,1
حركة,0,1,0,0,0,0,0,0,0,0
بلا حراك,0,0,0,0,0,0,0,0,0,0
الدافع,0,0,0,0,0,0,1,0,0,0
موتلي,0,0,0,0,0,0,0,0,0,0
محرك,0,0,0,0,0,0,0,0,0,0
دراجات نارية,0,0,0,0,0,0,0,0,0,0
دراجة نارية,0,0,0,0,0,0,0,0,0,0
موت,0,0,0,0,0,0,0,0,0,0
مرقش,0,0,0,0,0,0,0,0,0,0
شعار,0,0,0,0,0,0,0,0,0,0
عفن,0,0,0,0,0,0,0,0,0,0
تل,0,0,0,0,0,0,0,0,0,0
تتعدد,0,0,0,0,0,0,0,0,0,0
جبل,0,1,0,0,0,0,0,0,0,0
متسلق الجبال,0,0,0,0,0,0,0,0,0,0
جبلي,0,0,0,0,0,0,0,0,0,0
حزن,0,0,0,0,0,1,0,1,0,0
حزين,1,0,0,1,0,1,0,1,0,0
حداد,0,0,0,0,0,1,0,1,0,0
الفأر,0,0,0,0,0,0,0,0,0,0
شارب,0,0,0,0,0,0,0,0,0,0
فم,0,0,0,0,0,0,0,0,1,0
جرعة ملئ الفم,0,0,1,0,0,0,0,0,0,0
لسان حال,0,0,0,0,0,0,0,0,0,0
متحرك,0,0,0,0,0,0,1,0,0,0
يتحرك,0,0,0,0,0,0,0,0,0,0
حركة,0,0,0,0,0,0,0,0,0,0
المحرك,0,0,0,0,0,0,1,0,0,0
فيلم,0,0,0,0,0,0,0,0,0,0
متحرك,0,0,0,0,0,0,0,0,0,0
جز,0,0,0,0,0,0,0,0,0,0
طين,0,0,1,0,0,1,0,0,0,0
مخاطي,0,0,1,0,0,0,0,0,0,0
مخاط,0,0,1,0,0,0,0,0,0,0
طين,0,0,0,0,0,1,0,0,0,0
تشوش,0,0,0,0,0,1,0,0,0,0
مشوشة,0,0,0,0,0,1,0,0,0,0
موحل,0,0,1,0,0,1,0,0,0,0
إفشل,1,0,1,0,0,1,0,0,0,0
مكتوما,0,0,0,0,0,0,0,0,0,0
كاتم صوت,0,0,0,0,0,0,0,0,0,0
قدح,1,0,0,1,0,1,1,1,0,0
بغل,1,0,0,0,0,1,0,0,0,1
متعدد الأطراف,0,0,0,0,0,0,0,0,0,0
مضاعف,0,0,0,0,0,0,0,0,0,0
متعدد,0,0,0,0,0,0,0,0,0,0
عمليه الضرب,0,0,0,0,0,0,0,0,0,0
تعدد,0,0,0,0,0,0,0,0,0,0
تضاعفت,0,0,0,0,0,0,0,0,0,0
مضاعف,0,0,0,0,0,0,0,0,0,0
تتضاعف,0,0,0,0,0,0,0,0,0,0
تعدد,0,0,0,0,0,0,0,0,0,0
ماما,0,0,0,1,0,1,0,0,0,0
غمغم,0,0,0,0,0,1,0,0,0,0
مومياء,0,0,0,0,0,0,0,0,0,0
النكاف,0,0,0,0,0,1,0,0,0,0
قضم,0,0,0,0,0,0,0,0,0,0
معتاد,0,0,0,0,0,0,0,0,0,0
البلدية,0,0,0,0,0,0,0,0,0,0
البلدية,0,0,0,0,0,0,0,0,0,0
جدارية,0,0,0,0,0,0,0,0,0,0
قتل,1,0,1,1,0,1,0,1,1,0
قاتل,1,0,1,1,0,1,0,1,0,0
قاتلة,1,0,1,1,0,1,0,1,1,0
غامض,0,0,1,0,0,1,0,1,0,0
همهمة,0,0,0,0,0,0,0,0,0,0
عضلة,0,0,0,0,0,0,0,0,0,0
عضلي,0,0,0,0,0,0,1,0,0,0
تأمل,0,0,0,0,0,0,0,0,0,0
يفكر,0,0,0,0,0,0,0,0,0,0
متحف,0,0,0,0,0,0,0,0,0,0
عصيدة,0,0,0,0,0,0,0,0,0,0
فطر,0,0,0,0,0,0,0,0,0,0
موسيقى,0,0,0,0,1,0,1,1,0,0
موسيقي,1,1,0,0,1,0,1,1,1,1
موسيقي او عازف,0,0,0,0,0,0,0,0,0,0
تأمل,0,0,0,0,0,0,0,0,0,0
المسك,0,0,0,0,0,0,0,0,0,0
بندقية قديمة,0,0,0,1,0,0,0,0,0,0
اسلامية,0,0,0,0,0,0,0,0,0,0
موس,0,0,0,0,0,1,0,0,0,0
موستانج,0,0,0,0,0,0,0,0,0,0
خردل,0,0,0,0,0,0,0,0,0,0
حشد,0,0,0,0,0,0,0,0,0,0
عفن,0,0,1,0,0,1,0,0,0,0
متقلب,0,1,0,0,0,0,1,0,0,0
متحولة,0,0,0,0,0,1,0,0,0,0
طفره,0,0,0,0,0,0,0,0,0,0
مشوه,0,0,1,0,0,1,0,0,0,0
تشويه,1,0,1,1,0,1,0,1,0,0
تمرد,1,0,1,1,0,1,0,0,1,0
تمتم,1,0,0,0,0,1,0,0,0,0
لحم الضأن,0,0,0,0,0,0,0,0,0,0
مشترك,0,0,0,0,0,0,1,0,0,0
متبادل,0,0,0,0,0,0,0,0,0,0
كمامة,0,0,0,1,0,1,0,0,0,0
قصر النظر,1,0,0,0,0,1,0,1,0,0
قصر النظر,0,0,0,0,0,0,0,0,0,0
لا تعد ولا تحصى,0,0,0,0,0,0,0,0,0,0
غامض,0,1,0,1,0,0,0,0,1,0
الغموض,0,1,0,0,0,0,0,0,1,0
صوفي,0,0,0,0,0,0,0,0,1,0
الروحاني,0,0,0,0,0,0,0,0,0,0
التصوف,0,0,0,0,0,0,0,0,0,0
خرافة,0,0,0,0,0,0,0,0,0,0
أسطوري,0,0,0,0,0,0,0,0,0,0
أسطوري,0,0,0,0,0,0,0,0,0,0
أسطوري,0,0,0,0,0,0,0,0,0,0
الميثولوجيا,0,0,0,0,0,0,0,0,0,0
ناب,0,0,0,0,0,1,0,0,1,0
الحضيض,0,0,0,0,0,1,0,0,0,0
تذمر,1,0,0,0,0,1,0,0,0,0
مسمار,0,0,0,0,0,0,0,0,0,0
ساذج,0,0,0,0,0,1,0,0,0,0
عارية,0,0,0,0,0,0,0,0,0,0
اسم الشيئ,0,0,0,0,0,0,0,0,0,0
مجهول,0,0,1,0,0,1,0,0,0,0
تحمل الاسم نفسه,0,0,0,0,0,0,0,0,0,0
تسمية,0,0,0,0,0,0,0,0,0,0
مربية,0,0,0,0,0,0,0,0,0,0
نانومتر,0,0,0,0,0,0,0,0,0,0
قيلولة,0,0,0,0,1,0,1,0,0,0
مؤخر,0,0,0,0,0,0,0,0,0,0
منديل,0,0,0,0,0,0,0,1,0,0
قيلولة,0,0,0,0,0,0,0,0,0,0
الحفاض,0,0,1,0,0,1,0,0,0,0
مخدر,0,0,0,0,0,1,0,0,0,0
يروي,0,0,0,0,0,0,0,0,0,0
السرد,0,0,0,0,0,0,0,0,0,0
سرد,0,0,0,0,0,0,0,0,0,0
راوي,0,0,0,0,0,0,0,0,0,0
ضيق,0,0,0,0,0,0,0,0,0,0
تضيق,0,0,0,0,0,0,0,0,0,0
الوليدة,0,1,0,0,0,0,0,0,0,0
مقرف,1,0,1,1,0,1,0,1,0,0
ولادة,0,0,0,0,0,0,0,0,0,0
الأمة,0,0,0,0,0,0,0,0,0,1
الوطني,0,0,0,0,0,0,0,0,0,0
جنسية,0,0,0,0,0,0,0,0,0,0
محلي,0,0,0,0,0,0,0,0,0,0
المهد,0,0,0,0,0,0,0,0,0,0
عالم الطبيعة,0,0,0,0,0,0,1,0,0,0
التجنس,0,0,0,0,0,0,0,0,0,0
متجنس,0,0,0,0,0,0,0,0,0,0
بطبيعة الحال,0,0,0,0,0,0,0,0,0,0
طبيعة سجية,0,0,0,0,0,0,0,0,0,0
لا شيء,0,0,0,0,0,0,0,0,0,0
شقي,0,0,0,0,0,1,0,0,0,0
غثيان,0,0,1,0,0,1,0,0,0,0
بالغثيان,0,0,1,0,0,1,0,1,0,0
بحري,0,0,0,0,0,0,0,0,0,0
البحرية,0,0,0,0,0,0,0,0,0,0
صحن الكنيسة,0,0,0,0,0,0,0,0,0,0
سرة البطن,0,0,0,0,0,0,0,0,0,0
صالح للملاحة,0,1,0,0,0,0,1,0,0,0
التنقل,0,0,0,0,0,0,0,0,0,0
ارشاد,0,0,0,0,0,0,0,0,0,0
الملاح,0,1,0,0,0,0,0,0,0,1
القوات البحرية,0,0,0,0,0,0,0,0,0,0
كلا,0,0,0,0,0,1,0,0,0,0
بدقة,0,0,0,0,0,0,1,0,0,0
سديم,0,0,0,0,0,0,0,0,0,0
السدم,0,0,0,0,0,0,0,0,0,0
غامض,0,0,0,0,0,0,0,0,0,0
بالضرورة,0,0,0,0,0,0,0,0,0,0
تستلزم,0,0,0,0,0,0,0,0,0,0
الضروريات,0,0,0,0,0,0,0,0,0,0
ضروري,0,0,0,0,0,0,0,1,0,0
رقبه,0,0,0,0,0,0,0,0,0,0
قلادة,0,0,0,0,0,0,0,0,0,0
التنخر,0,0,0,0,0,0,0,0,0,0
رحيق,0,0,0,0,0,0,1,0,0,0
ضروري,0,0,0,0,0,1,0,0,0,0
إبرة,0,0,0,0,0,0,1,0,0,0
لا داعي,0,0,0,0,0,0,0,0,0,0
محتاج,0,0,0,0,0,1,0,0,0,0
شائنة,0,0,1,1,0,1,0,1,1,0
النفي,1,0,0,0,0,1,0,0,0,0
نفي,0,0,0,0,0,1,0,1,0,0
أهمل,0,0,0,0,0,1,0,0,0,0
مهمل,1,0,1,0,0,1,0,1,0,0
إهمال,0,0,0,0,0,1,0,0,0,0
إهمال,0,0,0,0,0,1,0,0,0,0
متهاون,0,0,0,0,0,1,0,0,0,0
بإهمال,0,0,0,0,0,1,0,0,0,0
ضئيلة,0,0,0,0,0,0,0,0,0,0
تفاوض,0,0,0,0,0,0,1,0,0,1
تفاوض,0,0,0,0,0,0,0,0,0,0
المفاوض,0,0,0,0,0,0,1,0,0,0
زنجي,0,0,0,0,0,1,0,1,0,0
صهيل,0,0,0,0,0,0,0,0,0,0
الجار,0,1,0,0,0,0,1,0,0,1
حي,0,1,0,0,0,0,0,0,0,0
المجاورة,0,0,0,0,0,0,0,0,0,0
حديثي الولادة,0,0,0,0,0,0,0,0,0,0
مبتدئ,0,0,0,0,0,0,0,0,0,0
النيوبرين,0,0,0,0,0,0,0,0,0,0
ابن شقيق,0,0,0,0,0,0,0,0,0,0
المحسوبيات,1,0,1,0,0,1,0,1,0,0
عصب,0,0,0,0,0,0,1,0,0,0
متوتر,0,1,0,1,0,1,0,0,0,0
العصبية,0,0,0,1,0,0,0,0,0,0
نيس,0,0,0,0,0,0,0,0,0,0
عش,0,0,0,0,0,0,0,0,0,1
نستله,0,0,0,0,0,0,1,0,0,1
عش,0,0,0,0,0,0,0,0,0,0
صافي,0,0,0,0,0,0,0,0,0,0
السفلى,1,0,0,1,0,1,0,1,0,0
المعاوضة,0,0,0,0,0,0,0,0,0,0
نبات القراص,1,0,1,0,0,1,0,0,0,0
شبكة الاتصال,0,1,0,0,0,0,0,0,0,0
الألم العصبي,0,0,0,1,0,1,0,1,0,0
علم الأعصاب,0,0,0,0,0,0,0,0,0,0
العصاب,0,0,0,1,0,1,0,1,0,0
عصابي,0,0,1,1,0,1,0,0,0,0
محايد,0,0,0,0,0,0,0,0,0,0
محايد,0,1,0,0,0,0,0,0,0,1
الحياد,0,0,0,0,0,0,0,0,0,1
إبطال مفعول,0,0,0,0,0,0,0,0,0,0
مولود جديد,0,0,0,0,0,0,0,0,0,0
الوافد الجديد,0,0,0,1,0,0,0,0,1,0
حديثا,0,0,0,0,0,0,0,0,0,0
حداثة,0,0,0,0,0,0,0,0,0,0
الإخبارية,0,0,0,0,0,0,0,0,0,0
جريدة,0,0,0,0,0,0,0,0,0,0
كشك بيع الصحف,0,0,0,0,0,0,0,0,0,0
المنقار,0,0,0,0,0,0,0,0,0,0
عاب,0,0,0,0,0,0,0,0,0,0
تخصص,0,0,0,0,0,0,0,0,0,0
المنافذ,0,0,0,0,0,0,0,0,0,0
نيك,0,0,0,0,0,0,0,0,0,0
النيكل,0,0,0,0,0,0,0,0,0,0
اسم الشهرة,0,0,0,0,0,0,0,0,0,0
النيكوتين,0,0,1,0,0,1,0,0,0,0
ابنة الاخت,0,0,0,0,0,0,0,0,0,0
قريب,0,0,0,0,0,0,0,0,0,0
ليل,0,0,0,0,0,0,0,0,0,0
حلول الظلام,0,0,0,0,0,0,0,0,0,0
العندليب,0,0,0,0,0,0,0,0,0,0
كابوس,0,0,0,1,0,1,0,0,0,0
العدمية,0,0,0,0,0,1,0,0,0,0
لا شيء,0,0,0,0,0,0,0,0,0,0
رشيق,0,0,0,0,0,0,0,0,0,0
تسعين,0,0,0,0,0,0,0,0,0,0
تاسع,0,0,0,0,0,0,0,0,0,0
ارتشف,0,0,0,0,0,0,0,0,0,0
حلمة الثدي,0,0,0,0,0,0,0,0,0,0
لا شىء,0,0,0,0,0,0,0,0,0,0
نبل,0,1,0,0,0,0,1,0,0,1
النبيل,0,0,0,0,0,0,1,0,0,1
النبيل,0,0,0,0,0,0,1,0,0,1
ليلي,0,0,0,0,0,0,0,0,0,0
إيماءة,0,0,0,0,0,0,0,0,0,0
الإيماء,0,0,0,0,0,0,0,0,0,0
العقدة,0,0,0,0,0,0,0,0,0,0
عقدي,0,0,0,0,0,0,0,0,0,0
العقدة,0,0,0,0,0,0,0,0,0,0
الضوضاء,0,0,0,0,0,1,0,0,0,0
مزعج,1,0,0,0,0,1,0,0,0,0
بدوي,0,0,0,0,0,0,0,0,0,0
بدوي,0,0,0,0,0,0,0,0,0,0
التسمية,0,0,0,0,0,0,0,0,0,0
"اسمى، صورى شكلى، بالاسم فقط",0,0,0,0,0,0,0,0,0,0
ترشح,0,0,0,0,0,0,0,0,0,0
ترشيح,0,0,0,0,0,0,1,0,0,0
مرشح,0,0,0,0,0,0,0,0,0,0
nonce,0,0,0,0,0,0,0,0,0,0
عدم الامتثال,1,1,0,1,0,1,0,1,0,0
لا يوصف,0,0,0,0,0,0,0,0,0,0
غير موجود,0,0,0,0,0,0,0,0,0,0
nonpayment,0,0,0,0,0,0,0,0,0,0
غير مقيم,0,0,0,0,0,0,0,0,0,0
كلام فارغ,0,0,0,0,0,1,0,0,0,0
لا معنى له,0,0,0,0,0,1,0,1,0,0
المعكرونة,0,0,0,0,0,0,0,0,0,0
زاوية,0,0,0,0,0,0,0,0,0,0
وقت الظهيرة,0,0,0,0,0,0,0,0,0,0
حبل المشنقة,0,0,0,0,0,1,0,1,0,0
معيار,0,0,0,0,0,0,0,0,0,0
عادي,0,0,0,0,0,0,0,0,0,0
الحياة الطبيعية,0,0,0,0,0,0,0,0,0,0
الحالة الطبيعية,0,0,0,0,0,0,1,0,0,0
الأنف,0,0,1,0,0,0,0,0,0,0
حنين للماضي,0,0,0,0,0,0,0,0,0,0
فتحة الأنف,0,0,0,0,0,0,0,0,0,0
ملحوظة,0,0,0,0,1,0,1,0,0,1
الأعيان,0,0,0,0,0,0,1,0,0,0
بشكل ملحوظ,0,0,0,0,0,0,0,0,0,0
كاتب عدل,0,0,0,0,0,0,0,0,0,1
الرموز,0,0,0,0,0,0,0,0,0,0
الشق,0,0,0,0,0,0,0,0,0,0
حقق,0,0,0,0,0,0,0,0,0,0
ملاحظة,0,0,0,0,0,0,0,0,0,0
دفتر,0,0,0,0,0,0,0,0,0,0
وأشار,0,0,0,0,0,0,1,0,0,0
جدير بالملاحظة,0,0,0,0,0,0,0,0,0,0
العدم,0,0,0,0,0,1,0,1,0,0
تنويه,0,0,0,0,0,0,0,0,0,0
ملحوظ,0,0,0,0,0,0,0,0,0,0
تنبيه,0,1,0,0,0,0,0,0,0,0
يخطر,0,0,0,0,0,0,0,0,0,0
مفهوم,0,0,0,0,0,0,1,0,0,0
نظري,0,0,0,0,0,0,0,0,0,0
الشهرة,1,0,1,1,0,1,1,0,0,0
على الرغم من ذلك,0,0,0,0,0,0,0,0,0,0
لا شيء,0,0,0,0,0,0,0,0,0,0
اسم,0,0,0,0,0,0,0,0,0,0
تغذي,0,0,0,0,0,0,0,0,0,0
تغذية,0,0,0,0,0,0,1,0,0,0
نوفو,0,0,0,0,0,0,0,0,0,0
بدعة,0,0,0,0,0,0,0,0,0,0
مبتدئ,0,0,0,0,0,0,0,0,0,0
الوقت الحاضر,0,0,0,0,0,0,0,0,0,0
ضار,0,0,1,1,0,1,0,0,0,0
فوهة,0,0,0,0,0,0,0,0,0,0
فارق بسيط,0,0,0,0,0,0,0,0,0,0
الفروق الدقيقة,0,0,0,0,0,0,0,0,0,0
نواة,0,0,0,0,0,0,0,0,0,0
ناقص,0,0,0,0,0,0,0,0,0,0
دفع,0,0,0,0,0,0,0,0,0,0
عري,0,0,0,0,0,0,0,0,0,0
كتلة صلبة,0,0,0,0,0,0,0,0,0,0
إزعاج,1,0,0,0,0,1,0,0,0,0
نول,0,0,0,0,0,1,0,0,0,0
لا شيء,0,0,0,0,0,0,0,0,0,0
يبطل,0,0,0,0,0,1,0,0,1,0
نَمِل,0,0,0,0,0,1,0,0,0,0
رقم,0,0,0,0,0,0,0,0,0,0
الترقيم,0,0,0,0,0,0,0,0,0,0
أعداد,0,0,0,0,0,0,1,0,0,0
خدر,0,0,0,0,0,1,0,1,0,0
رقم,0,0,0,0,0,0,0,0,0,0
البسط,0,0,0,0,0,0,0,0,0,0
عددي,0,0,0,0,0,0,0,0,0,0
عدديا,0,0,0,0,0,0,0,0,0,0
كثير,0,0,0,0,0,0,0,0,0,0
راهبة,0,0,0,0,0,1,0,0,0,1
ممرض,0,0,0,0,0,0,1,0,0,1
حضانة,0,0,0,0,1,0,1,0,0,1
تنشئة,1,1,1,1,1,0,1,0,0,1
جوزة الطيب,0,0,0,0,0,0,0,0,0,0
تَغذِيَة,0,0,0,0,0,0,0,0,0,0
مغذي,0,0,0,0,0,0,1,1,0,0
مغذية,0,0,0,0,0,0,0,0,0,0
المكسرات,0,0,0,0,0,0,0,0,0,0
حورية,0,0,0,0,0,0,0,0,0,0
أوه,0,0,0,0,0,1,0,0,0,0
بلوط,0,0,0,0,0,0,1,0,0,0
مجذاف,0,0,0,0,0,0,0,0,0,0
واحه,0,1,0,0,1,0,1,0,0,1
حلف,0,0,0,0,0,0,1,0,0,1
دقيق الشوفان,0,0,0,0,0,0,0,0,0,0
طاعة,0,0,0,0,0,0,1,0,0,1
مطيع,0,0,0,0,0,0,0,0,0,0
بطاعة,0,0,0,0,0,0,0,0,0,0
مسلة,0,0,0,0,0,0,0,0,0,0
سمنة,0,0,1,0,0,1,0,0,0,0
بدانة,0,0,1,0,0,1,0,1,0,0
الانصياع,0,0,0,1,0,0,0,0,0,1
اوبي,0,0,1,1,0,1,0,0,0,0
نعي,0,0,0,0,0,1,0,1,1,0
نعي,0,0,0,0,0,1,0,1,0,0
هدف,0,0,0,0,0,0,0,0,0,0
اعتراض,1,0,0,0,0,1,0,0,0,0
مرفوض,0,0,0,0,0,1,0,0,0,0
هدف,0,1,0,0,0,0,1,0,0,1
التزام,0,0,0,0,0,0,0,0,0,0
واجب,0,0,0,0,0,0,0,0,0,0
تجبر,0,0,0,0,0,1,0,0,0,1
ملزمة,0,0,0,0,0,0,0,0,0,0
مستعد لتقديم المساعدة,1,1,1,1,1,0,1,0,1,1
الملتزم,0,0,0,1,0,1,0,0,0,0
منحرف - مائل,0,0,0,0,0,0,0,0,0,0
طمس,1,0,0,1,0,1,0,1,0,0
طمس,1,0,0,1,0,1,0,0,0,0
محو,0,0,0,1,0,1,0,1,0,0
نسيان,1,0,0,1,0,1,0,0,0,0
غافل,0,0,0,0,0,0,0,0,0,0
مستطيل,0,0,0,0,0,0,0,0,0,0
بغيض,1,0,1,0,0,1,0,1,0,0
المزمار,0,0,0,0,0,0,0,0,0,0
فاحشة,0,0,1,0,0,1,0,0,0,0
الفحش,1,0,1,0,0,1,0,0,0,0
غامض,0,0,0,0,0,0,0,0,0,0
مشوشة,0,0,0,0,0,0,0,0,0,0
غموض,0,0,0,0,0,1,0,0,0,0
مراعاة,0,0,0,0,0,0,0,0,0,0
ملتزم,0,0,0,0,0,0,1,0,0,0
الملاحظة,0,0,0,0,0,0,0,0,0,0
المرصد,0,0,0,0,0,0,0,0,0,0
رصد,0,0,0,0,0,0,0,0,0,0
مراقب,0,0,0,0,0,0,0,0,0,0
المراقبة,0,0,0,0,0,0,0,0,0,0
هوس,0,0,0,0,0,0,0,0,0,0
تقادم,0,0,0,0,0,0,0,0,0,0
عقبة,1,0,0,1,0,1,0,1,0,0
طبيب توليد,0,0,0,0,0,0,0,0,0,1
التوليد,0,0,0,0,0,0,0,0,0,0
عنيد,0,0,0,0,0,1,0,0,0,0
عرقلة,1,0,0,1,0,1,0,0,0,0
إعاقة,0,0,0,0,0,1,0,0,0,0
انسداد,1,0,0,0,0,1,0,0,0,0
الحصول على,0,0,0,0,0,0,0,0,0,0
يمكن الحصول عليها,0,0,0,0,1,0,1,0,0,0
منفرج الزاوية,0,0,0,0,0,1,0,0,0,0
وجه العملة,0,0,0,0,0,0,0,0,0,0
بديهي,0,0,0,0,0,0,1,0,0,1
الأكرينا,0,0,0,0,0,0,0,0,0,0
مناسبات,0,0,0,0,0,0,0,0,0,0
عرضي,0,0,0,0,0,0,0,0,1,0
من حين اخر,0,0,0,0,0,0,0,0,0,0
انسداد,0,0,0,0,0,0,0,0,0,0
غامض,0,0,1,1,0,1,0,0,0,0
الإشغال,0,0,0,0,0,0,0,0,0,0
راكب,0,0,0,0,0,0,1,0,0,1
إشغال,0,0,0,0,0,0,1,0,0,0
احتل,0,0,0,0,0,0,0,0,0,0
المحتل,0,0,0,0,0,0,0,0,0,0
تشغل,0,0,0,0,0,0,1,0,0,0
الاحتلال,0,0,0,0,0,0,0,0,0,0
تحدث,0,0,0,0,0,0,0,0,0,0
حادثة,0,0,0,0,0,0,0,0,0,0
محيط,0,0,0,0,0,0,0,0,0,0
محيطي,0,0,0,0,0,0,0,0,0,0
مثمن,0,0,0,0,0,0,0,0,0,0
اوكتاف,0,0,0,0,0,0,0,0,0,0
أخطبوط,0,0,1,0,0,0,0,0,0,0
بصري,0,0,0,0,0,0,0,0,0,0
غرائب,0,0,1,0,0,1,0,1,1,0
احتمال,0,0,0,0,0,0,0,0,0,0
قصيدة,0,0,0,0,0,0,0,0,0,0
كريه,1,0,1,1,0,1,0,0,0,0
عداد المسافات,0,0,0,0,0,0,0,0,0,0
رائحة,0,0,0,0,0,1,0,0,0,0
الإستروجين,0,0,0,0,0,0,0,0,0,0
أوفر,0,0,0,0,0,0,0,0,0,0
فضلات,0,0,0,0,0,0,0,0,0,0
الإساءة,1,0,1,0,0,1,0,0,0,0
بالإهانة,1,0,0,0,0,1,0,1,0,0
الجاني,1,0,1,1,0,1,0,1,0,0
جريمة,1,0,1,1,0,1,0,1,0,0
مسيئة,1,0,1,0,0,1,0,0,0,0
عرض,0,0,0,0,0,0,1,0,0,0
تقدم,0,0,0,0,0,0,0,0,0,0
عرض,0,0,0,0,0,0,0,0,0,1
مرتجلا,0,0,0,0,0,1,0,0,0,0
مكتب,0,0,0,0,0,0,0,0,0,0
ضابط,0,0,0,0,0,0,1,0,0,1
مكاتب,0,0,0,0,0,0,0,0,0,0
الرسمية,0,0,0,0,0,0,0,0,0,1
رسمي,0,0,0,0,0,0,0,0,0,0
عرض البحر,0,0,0,0,0,1,0,0,0,0
تفريغ,0,0,0,0,0,0,0,0,0,0
عوض,0,1,0,0,0,0,1,0,0,0
فرع,0,0,0,0,0,0,1,0,0,0
التسلل,0,0,0,0,0,0,0,0,0,0
كثيرا,0,0,0,0,0,0,0,0,0,0
في كثير من الأحيان,0,0,0,0,0,0,0,0,0,0
غول,0,0,1,1,0,1,0,0,0,0
نفط,0,0,0,0,0,0,0,0,0,0
زيوت,0,0,0,0,0,0,0,0,0,0
مرهم,0,0,0,0,0,0,0,0,0,0
شمي,0,1,0,0,0,1,0,0,0,0
حكم الاقلية,0,0,0,0,0,1,0,0,0,0
زيتون,0,0,0,0,0,0,0,0,0,0
أوميغا,0,0,0,0,0,0,0,0,0,0
عجة,0,0,0,0,0,0,0,0,0,0
فأل,0,1,0,1,0,1,0,0,0,0
مشؤوم,0,1,0,1,0,1,0,0,0,0
إغفال,0,0,0,0,0,0,0,0,0,0
حذف,0,0,0,0,0,1,0,0,0,0
محذوف,0,0,0,0,0,0,0,0,0,0
الجامع,0,0,0,0,0,0,0,0,0,0
القدرة المطلقة,0,0,0,1,0,1,1,0,0,0
القاهر,0,0,0,0,0,0,0,0,0,0
كلي الوجود,0,0,0,0,0,0,0,0,0,0
العلم بكل شيء,0,0,0,0,0,0,1,0,0,1
الأورام,0,0,0,0,0,0,0,0,0,0
الوحدانية,0,0,0,0,0,0,0,0,0,0
مرهق,1,0,0,0,0,1,0,1,0,0
نفسه - ذاته,0,0,0,0,0,0,0,0,0,0
جاري التنفيذ,0,1,0,0,0,0,0,0,0,0
بصلة,0,0,0,0,0,0,0,0,0,0
بداية,0,1,0,0,0,0,0,0,0,0
هجمة,0,0,0,0,0,0,0,0,0,0
الأنطولوجيا,0,0,0,0,0,0,0,0,0,0
العبء,0,0,0,0,0,1,0,0,0,0
فصاعدا,0,0,0,0,0,0,0,0,0,0
الجزع,0,0,0,0,0,0,0,0,0,0
طين,0,0,1,0,0,1,0,0,0,0
ترشح,0,0,0,0,0,0,0,0,0,0
العتامة,0,0,0,0,0,0,0,0,0,0
أوبال,0,0,0,0,0,0,0,0,0,0
مبهمة,0,0,0,0,0,1,0,0,0,0
أوبي,0,0,0,0,0,0,0,0,0,0
افتح,0,0,0,0,0,0,0,0,0,0
فتاحة,0,0,0,0,0,0,0,0,0,0
افتتاح,0,0,0,0,0,0,0,0,0,0
علنا,0,0,0,0,0,0,0,0,0,0
الانفتاح,0,0,0,0,0,0,1,0,0,0
الأوبرا,1,1,0,1,1,0,1,1,1,1
أوبرالي,0,0,0,0,0,1,0,0,0,0
عملية,0,0,0,1,0,0,0,0,0,1
عمليات,0,0,0,0,0,0,0,0,0,0
المنطوق,0,0,0,0,0,0,0,0,0,0
المشغل أو العامل,0,0,0,0,0,0,0,0,0,0
طب العيون,0,0,0,0,0,0,0,0,0,0
اخصائي بصريات,0,0,0,0,0,0,0,0,0,0
الأفيون,0,0,0,0,0,1,0,0,0,0
رأي,0,0,0,0,0,0,0,0,0,0
عنيد,1,0,0,0,0,1,0,0,0,0
الأفيون,1,0,1,1,0,1,0,1,0,0
الخصم,1,1,1,1,0,1,0,0,0,0
مناسبة,0,0,0,0,1,0,1,0,0,0
الانتهازية,0,0,0,0,0,0,0,0,0,0
فرصة,0,1,0,0,0,0,1,0,0,0
يعارض,0,0,0,0,0,1,0,0,0,0
يعارض,1,0,0,1,0,1,0,0,0,0
معارضة,0,0,0,0,0,0,0,0,0,0
عكس,0,0,0,0,0,0,0,0,0,0
المعاكسات,0,0,0,0,0,0,0,0,0,0
معارضة,1,0,0,0,0,1,0,0,0,0
الظلم,1,0,1,1,0,1,0,1,0,0
القهر,1,0,1,1,0,1,0,1,0,0
جائرة,1,0,1,1,0,1,0,1,0,0
الظالم,1,0,0,1,0,1,0,1,0,0
بصري,0,0,0,0,0,0,0,0,0,0
بصري,0,0,0,0,0,0,0,0,0,0
بصريات,0,0,0,0,0,0,0,0,0,0
التفاؤل,0,1,0,0,1,0,1,0,1,1
متفائل,0,0,0,0,0,0,1,0,0,1
اختيار,0,0,0,0,0,0,1,0,0,0
اختياري,0,0,0,0,0,0,1,0,0,0
اختياريا,0,0,0,0,0,0,0,0,0,0
والخيارات,0,0,0,0,0,0,0,0,0,0
طبيب العيون,0,0,0,0,0,0,0,0,0,0
البذخ,0,0,0,0,0,0,0,0,0,0
فخم,0,0,0,0,0,0,0,0,0,0
التأليف,0,0,0,0,0,0,0,0,0,0
وحي,0,1,0,0,0,0,1,0,0,1
عن طريق الفم,0,0,0,0,0,0,0,0,0,0
البرتقالي,0,0,0,0,0,0,0,0,0,0
خطبة,0,0,0,0,0,0,1,0,0,0
خطيب,0,0,0,0,0,0,0,0,0,0
خطابة,0,0,0,0,0,0,0,0,0,0
محجر العين,0,0,0,0,0,0,0,0,0,0
يدور في مدار,0,0,0,0,0,0,0,0,0,0
يدور,0,0,0,0,0,0,0,0,0,0
الأجرام السماوية,0,0,0,0,0,0,0,0,0,0
مسخ,1,0,1,1,0,1,0,0,0,0
بستان,0,0,0,0,0,0,0,0,0,0
أوركسترا,1,0,0,0,1,0,1,1,0,1
رسامة,0,0,0,0,0,0,1,0,0,1
محنة,1,0,0,0,0,1,0,0,1,0
ترتيب,0,0,0,0,0,0,0,0,0,0
منظم,0,0,0,0,0,0,1,0,0,0
مرسوم,0,0,0,0,0,0,0,0,0,1
عادي,0,0,0,0,0,0,0,0,0,0
سيامة,0,1,0,0,1,0,1,0,0,1
الذخائر,0,0,0,1,0,1,0,0,0,0
خام,0,0,0,0,0,0,0,0,0,0
الزعتر البري,0,0,0,0,0,0,0,0,0,0
عضو,0,1,0,0,1,0,0,0,0,0
عضوي,0,0,0,0,0,0,1,0,0,0
الكائن الحي,0,0,0,0,0,0,0,0,0,0
عازف الأرغن,0,0,0,0,0,0,0,0,0,0
منظمة,0,1,0,0,1,0,1,0,1,1
تنظم,0,0,0,0,0,0,1,0,0,0
منظم,0,0,0,0,0,0,1,0,0,0
النشوة الجنسية,0,1,0,0,1,0,1,0,0,0
العربدة,0,0,0,0,0,0,0,0,0,0
توجيه,0,0,0,0,0,0,0,0,0,0
شرقية,0,0,0,0,0,0,0,0,0,0
اتجاه,0,0,0,0,0,0,0,0,0,0
فتحة,0,0,0,0,0,0,0,0,0,0
الأصل,0,0,0,0,0,0,0,0,0,0
أصالة,0,0,0,0,0,0,1,0,1,0
تنشأ,0,0,0,0,0,0,0,0,0,0
نشأة,0,0,0,0,0,0,0,0,0,0
المنشئ,0,0,0,0,0,0,0,0,0,0
زخرفة,0,0,0,0,0,0,0,0,0,0
الزينة,0,0,0,0,0,0,0,0,0,0
زخرفة,0,0,0,0,0,0,0,0,0,0
مزخرف,0,0,0,0,0,0,1,0,0,0
مزخرف,0,0,0,0,0,0,1,0,0,0
يتيم,0,0,0,1,0,1,0,1,0,0
الأرثوذكسية,0,0,0,0,0,0,0,0,0,0
الأرثوذكسية,0,0,0,0,0,0,0,0,0,1
متعامد,0,0,0,0,0,0,0,0,0,0
تتذبذب,0,0,0,0,0,0,0,0,0,0
تتأرجح,0,0,0,0,0,0,0,0,0,0
تذبذب,0,0,0,0,0,0,0,0,0,0
تذبذبي,0,0,0,0,0,0,0,0,0,0
ظاهري,0,0,0,0,0,0,0,0,0,0
ظاهريا,0,0,0,0,0,1,0,0,0,0
نعامة,0,0,0,0,0,0,0,0,0,0
أوتو,0,0,0,0,0,0,0,0,0,0
العثماني,0,0,0,0,0,0,0,0,0,0
أوقية,0,0,0,0,0,0,0,0,0,0
طرد,1,0,0,0,0,1,0,1,0,0
التفشي,0,0,0,0,0,0,0,0,0,0
فورة,1,0,0,1,1,1,1,1,1,0
منبوذ,0,0,1,1,0,1,0,1,0,0
حصيلة,0,0,0,0,0,0,1,0,0,0
صرخة,1,0,0,1,0,1,0,0,1,0
تفوق,0,1,0,0,0,0,1,0,0,0
في الخارج,0,0,0,0,0,0,0,0,0,0
ملابس,0,0,0,0,0,0,0,0,0,0
تكبر,0,0,0,0,0,0,0,0,0,0
ثمرة,0,0,0,0,0,0,0,0,0,0
مبنى خارجي,0,0,1,0,0,1,0,0,0,0
نزهة,0,0,0,0,0,0,0,0,0,0
غريب,0,0,0,0,0,1,0,0,0,0
يدوم,0,0,0,0,0,0,0,0,0,0
الخارج عن القانون,0,0,0,0,0,1,0,0,0,0
مخرج,0,0,0,0,0,0,0,0,0,0
الخطوط العريضة,0,0,0,0,0,0,0,0,0,0
الخطوط العريضة,0,0,0,0,0,0,0,0,0,0
الآفاق,0,0,0,0,0,0,0,0,0,0
النائية,0,0,0,0,0,0,0,0,0,0
يفوق العدد,0,0,0,0,0,0,0,0,0,0
البؤرة الاستيطانية,0,0,0,1,0,0,0,0,0,0
تدفق,0,0,0,0,0,0,0,0,0,0
انتاج,0,0,0,0,0,0,0,0,0,0
الغضب,1,0,1,0,0,1,0,0,0,0
شائن,0,0,0,0,0,0,0,0,1,0
صريح,0,0,0,0,0,0,0,0,0,0
تجاوز,0,0,0,0,0,0,0,0,0,0
البداية,0,0,0,0,0,0,0,0,0,0
دخيل,0,0,0,1,0,0,0,0,0,0
ضواحي المدينة,0,0,0,0,0,0,0,0,0,0
صريح,0,0,0,0,0,0,0,0,0,0
أمتياز,0,0,0,0,1,1,1,0,0,0
ممدود,0,0,0,0,0,0,0,0,0,0
الى الخارج,0,0,0,0,0,0,1,0,0,0
الى الخارج,0,0,0,0,0,0,0,0,0,0
يفوق,0,0,0,0,0,0,0,0,0,0
بيضاوي,0,0,0,0,0,0,0,0,0,0
المبيض,0,0,0,0,0,0,0,0,0,0
بيضوي,0,0,0,0,0,0,0,0,0,0
تصفيق,0,0,0,0,0,1,0,1,0,0
فرن,0,0,0,0,0,0,0,0,0,0
وزرة,0,0,0,0,0,0,0,0,0,0
متعجرف,1,0,0,0,0,1,0,0,0,0
تثقل,0,0,0,0,0,1,0,0,0,0
غائم,0,0,0,0,0,1,0,0,0,0
زائدة,0,0,0,0,0,0,0,0,0,0
معطف,0,0,0,0,0,0,0,0,0,0
تطرف,0,0,0,0,0,1,0,0,0,0
جرعة مفرطة,0,0,0,0,0,1,0,0,0,0
متأخر,0,1,0,0,0,1,0,1,1,0
بالغ في التقدير,0,0,0,0,0,0,0,0,1,0
المبالغة,0,0,0,0,0,1,0,0,0,0
تجاوز,0,0,0,0,0,1,0,0,0,0
تفيض,0,0,0,0,0,0,0,0,0,0
متضخمة,0,0,0,0,0,1,0,0,0,0
فرط,0,0,0,0,0,0,0,0,0,0
المتدلي,0,0,0,0,0,0,0,0,0,0
اصلاح,0,0,0,0,0,0,0,0,0,0
تكاليف غير مباشرة,0,0,0,0,0,0,0,0,0,0
بسعادة غامرة,0,0,0,0,1,0,1,0,0,0
مغطى,0,0,0,0,0,0,0,0,0,0
تداخل,0,0,0,0,0,0,0,0,0,0
تراكب,0,0,0,0,0,0,0,0,0,0
الزائد,0,0,0,0,0,1,0,1,0,0
تغطيه,0,0,0,0,0,0,0,0,0,0
زائدة,0,0,0,0,0,1,0,0,0,0
ممر علوي,0,0,0,0,0,0,0,0,0,0
قهر,0,0,0,0,0,1,0,0,0,0
تغلب,1,0,0,1,0,1,0,0,0,0
مبالغ فيها,1,0,1,0,0,1,0,1,0,0
تجاوز,0,0,0,0,0,0,0,0,0,0
نقض,0,0,0,0,0,0,0,0,0,0
المشرف,0,0,0,0,0,0,0,0,0,0
طغى,0,0,0,0,0,0,0,0,0,0
الرقابة,0,0,0,0,0,1,0,0,0,0
المبالغة,0,0,0,0,0,0,0,0,0,0
تكدس,0,0,0,0,0,0,0,0,0,0
علني,0,0,0,1,0,0,0,0,0,0
تجاوز,0,0,0,0,0,0,0,0,0,0
تجاوزها,0,0,0,0,0,0,0,0,0,0
الإطاحة,0,1,0,1,0,1,0,0,0,0
عرض,0,1,0,0,0,0,0,0,0,0
انقلاب,0,0,0,0,0,1,0,0,0,0
طغى,0,0,0,0,0,1,0,0,0,0
ارباك,0,0,0,0,0,1,0,1,0,0
ساحق,0,0,0,0,0,0,1,0,0,0
مفرط الحماس,0,0,0,0,0,0,0,0,0,0
يدين,0,0,0,0,0,0,0,0,0,0
بسبب,1,1,1,1,0,1,0,1,0,1
صاحبة,0,0,0,0,0,0,0,0,0,0
ملكية,0,0,0,0,0,0,1,0,0,0
ثور,0,0,0,0,0,0,0,0,0,0
أكسدة,0,0,0,0,0,1,0,0,0,0
الأكسجين,0,0,0,0,0,0,0,0,0,0
سفسطة - كلام متناقض,0,0,0,0,0,0,0,0,0,0
محار,0,0,0,0,0,0,0,0,0,0
سرعة,0,0,0,0,0,0,0,0,0,0
المحيط الهادئ,0,0,0,0,0,0,1,0,0,0
تهدئة,0,0,0,0,0,0,0,0,0,0
علية,0,0,0,0,0,0,0,0,0,0
حزمة,0,0,0,0,0,0,0,0,0,0
باكر,0,0,0,0,0,0,0,0,0,0
رزمة,0,0,0,0,0,0,0,0,0,0
حلف,0,0,0,0,0,0,0,0,0,1
ضمادة,0,0,0,0,0,0,1,0,0,0
حشوة,0,0,0,0,0,0,1,0,0,0
مجداف,0,1,0,0,0,0,1,0,0,0
الحلبة,0,0,0,0,0,0,0,0,0,0
حقول الأرز,0,0,0,0,0,0,0,0,0,0
قفل,0,0,0,0,0,0,0,0,0,0
بادري,0,0,0,0,0,0,0,0,0,0
وثني,0,0,0,0,0,0,0,0,0,0
الوثنية,0,0,0,0,0,0,0,0,0,0
صفحة,0,0,0,0,0,0,0,0,0,0
مسابقة ملكة,0,0,0,0,0,0,0,0,0,0
ترقيم الصفحات,0,0,0,0,0,0,0,0,0,0
باغودة,0,0,0,0,0,0,0,0,0,0
دلو,0,0,0,0,0,0,0,0,0,0
الم,0,0,0,1,0,1,0,1,0,0
يتألم,0,0,0,1,0,1,0,1,0,0
مؤلم,1,0,1,1,0,1,0,1,0,0
مؤلم,0,0,0,0,0,1,0,1,0,0
غير مؤلم,0,0,0,0,0,0,0,0,0,0
الآلام,0,0,0,0,0,1,0,0,0,0
مجتهدة,0,0,0,0,0,0,0,0,0,0
رسم,0,0,0,0,0,0,0,0,0,0
رسم,0,0,0,0,0,0,0,0,0,0
دهان,0,0,0,0,0,0,0,0,0,0
لوحة,0,0,0,0,0,0,0,0,0,0
زوج,0,0,0,0,0,0,0,0,0,0
لباس نوم,0,0,0,0,0,0,0,0,0,0
صديق,0,0,0,0,0,0,0,0,0,0
قصر,0,0,0,0,0,0,0,0,0,0
مستساغ,0,0,0,0,0,0,1,0,0,0
الحنك,0,0,0,0,0,0,0,0,0,0
علم الحفريات,0,0,0,0,0,0,0,0,0,0
لوحة,0,0,0,0,0,0,0,0,0,0
شاحب,0,0,0,0,0,0,0,0,0,0
البلاديوم,0,0,0,0,0,0,0,0,0,0
البليت,0,0,0,0,0,0,0,0,0,0
ملطفة,0,0,0,0,0,0,1,0,0,0
"كف، نخلة",0,0,0,0,0,0,0,0,0,0
بالمر,0,0,0,0,0,0,0,0,0,0
واضح محسوس ملموس,0,0,0,0,0,0,0,0,1,0
شلل,0,0,1,1,0,1,0,1,0,0
تافهة,0,0,0,0,0,0,0,0,0,0
دلل,0,0,0,0,0,0,0,0,0,0
كتيب,0,0,0,0,0,0,0,0,0,0
حرمان,0,0,0,0,0,0,0,0,0,0
الحل الناجع,0,0,0,0,0,0,1,0,0,0
مهارة,0,0,0,0,0,0,1,0,0,0
فطيرة,0,0,0,0,0,0,0,0,0,0
جائحة,0,0,0,1,0,1,0,1,0,0
فريق,0,0,0,0,0,0,0,0,0,0
بانغ,0,0,0,0,0,1,0,0,1,0
هلع,0,0,0,1,0,1,0,0,0,0
ذعر,0,0,0,0,0,0,1,0,0,0
بانوراما,0,0,0,0,0,0,0,0,0,0
بانورامي,0,0,0,0,0,0,0,0,0,0
يلهث,0,0,0,0,0,0,0,0,0,0
البانتيون,0,0,0,0,0,0,0,0,0,0
النمر,0,0,0,0,0,0,0,0,0,0
سراويل,0,0,0,0,0,0,0,0,0,0
التمثيل الإيمائي,0,0,0,0,0,0,0,0,0,0
المخزن,0,0,0,0,0,0,0,0,0,0
بنطال,0,0,0,0,0,0,0,0,0,0
باب,0,0,0,0,0,0,0,0,0,0
البابوية,0,0,0,0,0,0,0,0,0,0
البابوية,0,0,0,0,0,0,0,0,0,0
ورق,0,0,0,0,0,0,0,0,0,0
فلفل أحمر,0,0,0,0,0,0,1,0,0,0
ورق بردي,0,0,0,0,0,0,0,0,0,0
على قدم المساواة,0,0,0,0,0,0,0,0,0,0
موعظة,0,0,0,0,0,0,0,0,0,0
القطع المكافئ,0,0,0,0,0,0,0,0,0,0
قطع مكافئ,0,0,0,0,0,0,0,0,0,0
المظلة,0,0,0,1,0,0,0,0,0,0
موكب,0,1,0,1,1,1,1,0,1,0
نموذج,0,0,0,0,0,0,0,0,0,0
المفارقة,0,0,0,0,0,0,0,0,0,0
متناقض,0,0,0,0,0,0,0,0,0,0
البارافين,0,0,0,0,0,0,0,0,0,0
باراغون,0,1,0,0,1,0,1,0,0,1
فقرة,0,0,0,0,0,0,0,0,0,0
المنظر,0,0,0,0,0,0,0,0,0,0
موازى,0,0,0,0,0,0,0,0,0,0
تماثل,0,0,0,0,0,0,0,0,0,0
شلل,1,1,0,1,0,1,0,1,0,0
أساسي,0,0,0,0,0,0,1,0,0,0
جنون العظمة,0,0,0,1,0,1,0,0,0,0
حاجز الشرفة,0,0,0,0,0,0,0,0,0,0
أدوات,0,0,0,0,0,0,0,0,0,0
شرح النص,0,0,0,0,0,1,1,0,0,0
طفيلي,0,0,1,1,0,1,0,0,0,0
مظلة,0,0,0,0,0,0,0,0,0,0
قطعة,0,0,0,0,0,0,0,0,0,0
الطرود,0,0,0,0,0,0,0,0,0,0
المخطوطات,0,0,0,0,0,0,0,0,0,0
استميحك عذرا,0,0,0,0,0,0,1,0,0,0
حلل,1,1,0,1,0,1,0,1,0,0
حمة,0,0,0,0,0,0,0,0,0,0
الأبوين,0,0,0,0,0,0,0,0,0,0
النسب,0,0,0,0,0,0,1,0,0,0
أبوي,0,0,0,0,0,0,0,0,0,0
أقواس,0,0,0,0,0,0,0,0,0,0
متعلق بالدين,0,0,0,0,0,0,0,0,0,0
الجداري,0,0,0,0,0,0,1,0,0,1
التقشير,0,0,0,0,0,0,0,0,0,0
أبرشية,0,0,0,0,0,0,0,0,0,1
التكافؤ,0,0,0,0,0,0,0,0,0,0
منتزه,0,0,0,0,0,0,0,0,0,0
لغة,0,0,0,0,0,0,0,0,0,0
البرلمان,0,0,0,0,0,0,0,0,0,1
برلماني,0,0,0,0,0,0,0,0,0,0
صالون,0,0,0,0,0,0,0,0,0,0
الإفراج المشروط,0,1,0,0,0,0,0,0,0,0
ارضية خشبية,0,0,0,0,0,0,0,0,0,0
ببغاء,0,0,1,0,0,1,0,0,0,0
باري,0,0,0,0,0,0,0,0,0,0
تحليل,0,0,0,0,0,0,0,0,0,0
شديد البخل,0,0,0,0,0,1,0,0,0,0
البخل,0,0,0,0,0,0,0,0,0,0
بَقدونس,0,0,0,0,0,0,0,0,0,0
القسيس,0,0,0,0,0,0,0,0,0,0
جزء,0,0,0,0,0,0,0,0,0,0
شارك,0,0,0,0,0,0,1,0,0,1
التحيز,0,0,0,0,0,0,0,0,0,0
جزئيا,0,0,0,0,0,0,0,0,0,0
مشاركة,0,0,0,0,0,0,0,0,0,0
مشاركة,0,0,0,0,0,0,1,0,0,0
الجسيم,0,0,0,0,0,0,0,0,0,0
خصوصية,0,0,0,0,0,0,0,0,0,0
التفاصيل,0,0,0,0,0,0,0,0,0,0
فراق,0,0,0,0,0,0,0,1,0,0
حزبي,0,0,0,0,0,1,0,0,0,0
الحزبية,0,0,0,0,0,0,0,0,0,0
تقسيم,0,0,0,0,0,0,0,0,0,0
جزئيا,0,0,0,0,0,0,0,0,0,0
شريك,0,0,0,0,0,0,1,0,0,0
شراكة,0,0,0,0,0,0,1,0,0,1
القطع,0,0,0,0,0,0,0,0,0,0
حفل,0,0,0,0,0,0,0,0,0,0
باس,0,0,0,0,0,0,0,0,0,0
يمر,0,0,0,0,0,0,0,0,0,0
مقبول,0,0,0,0,0,0,0,0,0,0
الممر,0,0,0,0,0,0,0,0,0,0
ممر,0,0,0,0,0,0,0,0,0,0
عتيق,0,0,0,0,0,1,0,0,0,0
راكب,0,1,0,0,0,0,0,0,0,0
هنا وهناك,0,0,0,0,0,0,0,0,0,0
عابرة,0,0,0,0,0,0,0,0,0,0
شغف,0,1,0,0,1,0,1,0,0,1
شغوف,0,1,0,0,1,0,1,0,0,1
سلبي,0,0,0,0,0,1,0,0,0,0
السلبية,0,0,0,0,0,1,0,0,0,0
جواز سفر,0,0,0,0,0,0,0,0,0,0
ماضي,0,0,0,0,0,0,0,0,0,0
معجون,0,0,0,0,0,0,0,0,0,0
باستيل,0,0,0,0,0,0,0,0,0,0
التسلية,0,0,0,0,0,0,1,0,0,0
القس,0,0,0,0,1,0,1,0,0,1
معجنات,0,0,0,0,1,0,1,0,0,0
المراعي,0,0,0,0,0,0,1,0,0,0
فطيرة,0,0,0,0,0,0,0,0,0,0
تربيتة,0,0,0,0,0,0,0,0,0,0
تصحيح,0,0,0,0,0,1,0,0,0,0
خليط,0,0,0,0,0,0,0,0,0,0
بات,0,0,0,0,0,0,0,0,0,0
الرضفة,0,0,0,0,0,0,0,0,0,0
براءة الإختراع,0,0,0,0,0,0,1,0,0,0
الأب,0,0,0,0,0,0,0,0,0,0
أبوة,0,0,0,0,0,0,0,0,0,0
طريق,0,0,0,0,0,0,0,0,0,0
مثير للشفقة,0,0,1,0,0,1,0,1,0,0
علم الأمراض,0,0,0,0,0,0,0,0,0,0
شفقة,0,0,0,0,0,0,0,0,0,0
مسار,0,0,0,0,0,0,0,0,0,0
الصبر,0,1,0,0,0,0,1,0,0,1
صبور,0,1,0,0,0,0,1,0,0,0
فناء,0,0,0,0,0,0,0,0,0,0
البطريرك,0,0,0,0,0,0,0,0,0,0
الأبوية,0,0,0,0,0,0,1,0,0,1
الميراث,0,0,0,0,0,0,0,0,0,0
وطني,0,0,0,0,0,0,0,0,0,0
وطني,0,0,0,0,0,0,0,0,0,0
حب الوطن,0,0,0,0,0,0,0,0,0,0
دورية,0,0,0,0,0,0,0,0,0,1
كفيل,0,0,0,0,0,0,1,0,0,1
رعاية,0,0,0,0,0,0,1,0,0,1
يناصر,0,0,0,0,0,0,0,0,0,0
عاضد,0,0,0,0,0,1,0,0,0,0
طقطق,1,0,0,0,0,1,0,0,0,0
نمط,0,0,0,0,0,0,0,0,0,0
ندرة,1,0,1,0,0,1,0,1,0,0
فقير,0,0,0,0,0,1,0,1,0,0
وقفة,0,0,0,0,0,0,0,0,0,0
مهد,0,0,0,0,0,0,0,0,0,0
الرصيف,0,0,0,0,0,0,0,0,0,1
جناح,0,0,0,0,0,0,0,0,0,0
رصف,0,0,0,0,0,0,0,0,0,0
كف,0,0,0,0,0,0,0,0,0,0
بيدق,0,0,0,0,0,1,0,0,0,1
باكس,0,0,0,0,0,0,0,0,0,0
يدفع,0,1,0,0,1,0,1,0,0,1
تسديد,1,0,0,0,0,1,0,0,0,0
دافع,0,0,0,0,0,0,0,0,0,0
دفع,0,0,0,0,0,1,0,0,0,0
البازلاء,0,0,0,0,0,0,0,0,0,0
سلام,0,1,0,0,1,0,1,0,0,1
مسالم,0,0,0,0,0,0,1,0,0,0
امن,0,1,0,0,1,0,1,0,1,1
الطاووس,0,0,0,0,0,0,1,0,0,0
قمة,0,0,0,0,0,0,0,0,0,0
بلغ ذروته,0,0,0,0,0,0,0,0,0,0
لؤلؤة,0,0,0,0,0,0,0,0,0,0
فلاح,0,0,0,0,0,0,0,0,0,0
الخث,0,0,0,0,0,0,0,0,0,0
حصاة,0,0,0,0,0,0,0,0,0,0
بيك,0,0,0,0,0,0,1,0,0,0
غَيْرُ مَأْلُوف,0,0,0,0,0,0,0,0,0,0
الخصائص,0,0,0,0,0,1,0,0,0,0
خصوصية,0,0,0,0,0,0,1,0,0,0
بشكل غريب,0,0,0,0,0,0,0,0,0,0
نقدي,0,0,0,0,0,0,0,0,0,0
دواسة,0,0,0,0,0,0,0,0,0,0
متحذلق,0,0,0,0,0,0,0,0,0,0
تجول,0,0,0,0,0,0,0,0,0,0
قاعدة التمثال,0,0,0,0,0,0,0,0,0,0
مشاة,0,0,0,0,0,1,0,0,0,0
طب الأطفال,0,0,0,0,0,0,0,0,0,0
نسب,0,0,0,0,0,0,1,0,0,1
عداد الخطى,0,0,0,0,0,0,0,0,0,0
قشر,0,0,0,0,0,0,0,0,0,0
زقزقة,0,0,0,0,0,0,0,0,0,0
الأقران,0,0,0,0,0,0,0,0,0,0
التناظر,0,0,0,0,0,0,0,0,0,0
منقطع النظير,0,0,0,0,0,0,1,0,0,0
الوتد,0,0,0,0,0,0,0,0,0,0
أوتاد,0,0,0,0,0,0,0,0,0,0
السطح,0,0,0,0,0,0,0,0,0,0
حبيبات مضغوطة,0,0,0,0,0,0,0,0,0,0
قلم جاف,0,0,0,0,0,0,0,0,0,0
جزائي,0,0,0,1,0,1,0,1,0,0
ضربة جزاء,1,0,0,1,0,1,0,1,0,0
الكفارة,0,0,0,1,0,0,0,1,0,0
ميل,0,0,0,0,0,0,1,0,0,0
قلم,0,0,0,0,0,0,0,0,0,0
قلادة,0,0,0,0,0,0,0,0,0,0
معلقة,0,0,0,0,0,0,0,0,0,0
معلقة,0,0,0,0,0,0,0,0,0,0
ريثما,0,0,0,0,0,0,0,0,0,0
رقاص الساعة,0,0,0,0,0,0,0,0,0,0
اخترق,0,0,0,0,0,0,0,0,0,0
اختراق,0,0,0,0,0,0,0,0,0,0
اختراق,1,0,0,1,0,1,0,0,0,0
شبه جزيرة,0,0,0,0,0,0,0,0,0,0
إصلاحية,1,0,0,0,0,1,0,0,0,0
راية,0,0,0,0,0,0,0,0,0,0
مفلس,0,0,0,0,0,0,0,0,0,0
بيني,0,0,0,0,0,0,0,0,0,0
راتب تقاعد,0,0,0,0,0,0,0,0,0,0
المتقاعد,0,0,0,0,0,0,0,0,0,0
متأمل,0,0,0,0,0,0,0,1,0,0
خماسي الاضلاع,0,0,0,0,0,0,0,0,0,0
كنة,0,0,0,0,0,0,0,0,0,0
قبل الأخير,0,0,0,0,0,0,0,0,0,0
اشخاص,0,0,0,0,0,0,0,0,0,0
الناس,0,0,0,0,0,0,0,0,0,0
فلفل,0,0,0,0,0,0,0,0,0,0
هضمي,0,0,0,0,0,0,0,0,0,0
تصور شعور,0,0,0,0,0,0,1,0,0,1
النسبة المئوية,0,0,0,0,0,0,0,0,0,0
محسوس,0,0,0,0,0,0,1,0,0,0
المعرفة,0,0,0,0,0,0,0,0,0,0
مدرك,0,0,0,0,0,0,0,0,0,0
جثم,0,0,0,0,0,0,0,0,0,0
بالمصادفة,0,0,0,0,0,0,0,0,1,0
الترشيح,0,0,0,0,0,0,0,0,0,0
قرع,0,0,0,0,0,0,0,0,0,0
هلاك,1,0,1,1,0,1,0,1,0,0
قاطع = بشكل قاطع,0,0,0,0,0,0,0,0,0,0
الدائمة,0,0,0,0,0,0,1,0,0,1
في احسن الاحوال,0,1,0,0,1,0,1,0,0,1
حد الكمال,0,1,0,0,1,0,1,0,1,1
مثقب,0,0,0,0,0,0,0,0,0,0
ثقب,0,0,0,0,0,0,0,0,0,0
بحكم الضرورة,0,0,0,0,0,0,0,0,0,0
نفذ,0,0,0,0,0,0,0,0,0,0
أداء,0,0,0,0,0,0,0,0,0,0
المؤدي,0,0,0,0,0,0,1,0,0,0
عطر,0,0,0,0,0,0,0,0,0,0
معطر,0,0,0,0,0,0,0,0,0,0
بيري,0,0,0,0,0,0,0,0,1,0
الزبرجد,0,0,0,0,0,0,0,0,0,0
خطر,0,1,0,1,0,1,0,1,0,0
محفوف بالمخاطر,0,1,0,1,0,1,0,1,0,0
محيط,0,0,0,0,0,0,0,0,0,0
فترة,0,0,0,0,0,0,0,0,0,0
دوري,0,0,0,0,0,0,0,0,0,0
دورية,0,0,0,0,0,0,0,0,0,0
دوريا,0,0,0,0,0,0,0,0,0,0
دورية,0,0,0,0,0,0,0,0,0,1
المحيط,0,0,0,0,0,0,0,0,0,0
يموت,0,0,0,1,0,1,0,1,0,0
ضائع,0,0,0,0,0,1,0,0,0,0
هلك,0,0,0,0,0,1,0,1,0,0
الهلاك,0,0,0,1,0,1,0,1,0,0
شهادة زور,0,0,0,1,0,1,0,0,1,0
امتياز,0,0,0,0,0,0,1,0,0,0
الدوام,0,0,0,0,0,0,0,0,0,0
قابل للنفاذ منه,0,0,0,0,0,0,0,0,0,0
تتخلل,0,0,0,0,0,0,0,0,0,0
تغلغل,0,0,0,0,0,0,0,0,0,0
مسموح,0,0,0,0,0,0,0,0,0,0
الإذن,0,0,0,0,0,0,1,0,0,0
متساهل,0,0,0,0,0,0,0,0,0,0
يسمح,0,0,0,0,0,0,0,0,0,0
مباح,0,0,0,0,0,0,0,0,0,0
السماح,0,0,0,0,0,0,0,0,0,0
التقليب,0,0,0,0,0,0,0,0,0,0
خبيث,1,0,0,1,0,1,0,1,0,0
عمودي,0,0,0,0,0,0,0,0,0,0
يرتكب,0,0,0,0,0,0,0,0,0,0
مرتكب الجريمة,1,0,1,1,0,1,0,1,0,0
دائم الازهار,0,0,0,0,0,0,0,0,0,0
على الدوام,0,0,0,0,0,0,0,0,0,0
تخليد,0,1,0,0,0,0,0,0,0,0
تخليد,0,0,0,0,0,1,0,0,0,0
إلى الأبد,0,1,0,0,0,0,1,0,0,1
متحير,0,0,0,0,0,1,0,0,0,0
محير,0,0,0,0,0,0,0,0,0,0
الحيرة,0,0,0,0,0,1,0,1,0,0
اضطهد,1,0,0,1,0,1,0,0,0,0
اضطهاد,1,0,1,1,0,1,0,1,0,0
مثابرة,0,0,0,0,0,0,0,0,0,0
المثابرة,0,0,0,0,0,0,0,0,0,0
ثابر,0,0,0,0,0,0,0,0,0,0
إصرار,0,0,0,0,0,0,1,0,0,0
مثابر,0,0,0,0,0,0,1,0,0,0
مستمر,0,0,0,0,0,0,0,0,0,0
شخص,0,0,0,0,0,0,0,0,0,0
أنيق,0,0,0,0,0,0,1,0,0,0
شخصية,0,0,0,0,0,0,0,0,0,0
شخصي,0,0,0,0,0,0,0,0,0,1
تجسيد,0,0,0,0,0,0,0,0,0,0
شؤون الموظفين,0,0,0,0,0,0,0,0,0,0
الأشخاص,0,0,0,0,0,0,0,0,0,0
إنطباع,0,0,0,0,0,0,0,0,0,0
عرق,0,0,1,0,0,0,0,0,0,0
اقناع,0,0,0,0,0,0,0,0,0,1
إقناع,0,0,0,0,0,0,0,0,0,0
مقنع,0,0,0,0,0,0,0,0,0,0
بيرت,0,0,0,0,0,0,0,0,0,0
صلة وثيقه,0,0,0,0,0,0,1,0,0,1
اضطراب,0,0,0,1,0,1,0,0,0,0
السعال الديكي,0,0,0,0,0,1,0,0,0,0
تمعن,0,0,0,0,0,0,0,0,0,0
اطّلع,0,0,0,0,0,0,0,0,0,0
منتشر,0,0,0,0,0,0,0,0,0,0
المنحرف,1,0,1,1,0,1,0,0,0,0
الانحراف,1,0,1,0,0,1,0,1,0,0
منحرف,1,0,1,0,0,1,0,0,0,0
منحرفة,0,0,1,0,0,1,0,0,0,0
تشاؤم,1,0,0,1,0,1,0,1,0,0
متشائم,0,0,0,1,0,1,0,1,0,0
آفة,1,0,1,1,0,1,0,0,0,0
الوباء,0,0,1,1,0,1,0,0,0,0
حيوان أليف,0,0,0,0,0,1,0,0,0,0
التماس,0,0,0,0,0,0,0,0,0,0
الملتمس,0,0,0,0,0,0,0,0,0,0
بنزين,0,0,0,0,0,0,0,0,0,0
البترول,0,0,1,0,0,1,1,0,0,0
الملاعبة,0,0,0,0,0,0,0,0,0,0
تافه,0,0,0,0,0,1,0,0,0,0
بيو,0,0,0,0,0,0,0,0,0,0
بيوتر,0,0,0,0,0,0,0,0,0,0
الكتائب,0,0,0,1,0,0,0,0,0,1
شبح,0,0,0,1,0,1,0,0,0,0
الأدوية,0,0,0,0,0,0,1,0,0,0
صيدلاني,0,0,0,0,0,0,0,0,0,0
علم العقاقير,0,0,0,0,0,0,0,0,0,0
مقابل,0,0,0,0,0,0,0,0,0,0
مرحلة,0,0,0,0,0,0,0,0,0,0
ظاهرة,0,0,0,0,0,0,0,0,0,0
الخيرية,0,0,0,0,0,0,0,0,0,1
محب الخير,0,0,0,0,0,0,1,0,0,1
الإحسان,0,0,0,0,0,0,1,0,0,0
فيلسوف,0,0,0,0,0,0,1,0,0,1
فلسفي,0,0,0,0,0,0,0,0,0,0
فلسفي,0,0,0,0,0,0,0,0,0,0
فلسفة,0,0,0,0,0,0,0,0,0,0
البلغم,0,0,1,0,0,1,0,0,0,0
طائر الفينيق,0,0,0,0,0,0,1,0,0,0
هاتف,0,0,0,0,0,0,0,0,0,0
دراسات لغويه,0,0,0,0,0,0,1,0,0,0
علم الصوتيات,0,0,0,0,0,0,0,0,0,0
الصوتيات,0,0,0,0,0,0,0,0,0,0
الفونوغراف,0,0,0,0,0,0,0,0,0,0
علم الأصوات,0,0,0,0,0,0,0,0,0,0
زائف,1,0,1,0,0,1,0,0,0,0
الفوسفور,0,0,0,0,0,0,0,0,0,0
الفوسفور,0,0,0,0,0,0,0,0,0,0
صورة فوتوغرافية,0,0,0,0,0,0,0,0,0,0
رقيق,0,0,0,0,0,0,0,0,0,0
تصوير,0,0,0,0,0,0,0,0,0,0
مصور فوتوغرافي,0,0,0,0,0,0,0,0,0,0
التصوير,0,0,0,0,0,0,0,0,0,0
قياس الضوء,0,0,0,0,0,0,0,0,0,0
العبارة,0,0,0,0,0,0,0,0,0,0
العبارات,0,0,0,0,0,0,0,0,0,0
علم تطور السلالات,0,0,0,0,0,0,0,0,0,0
بدني,0,0,0,0,0,0,0,0,0,0
الطبيب المعالج,0,0,0,0,0,0,1,0,0,1
فيزيائي,0,0,0,0,0,0,0,0,0,1
الفيزياء,0,0,0,0,0,0,1,0,0,0
علم وظائف الأعضاء,0,0,0,0,0,0,1,0,0,0
بنية الجسم,0,0,0,0,0,0,1,0,0,0
عازف البيانو,0,0,0,0,0,0,0,0,0,0
بيانو,0,0,0,0,0,0,0,0,0,0
ساحة,0,0,0,0,0,0,0,0,0,0
بيكولو,0,0,0,0,0,0,0,0,0,0
قطف او يقطف,0,0,0,0,0,0,1,0,0,0
منتقى,0,0,0,0,0,0,0,0,0,0
اعتصام,1,1,0,1,0,1,0,0,0,0
اعتصام,1,0,0,0,0,1,0,0,0,0
ورطة,0,0,0,0,0,1,0,0,0,0
يلتقط,0,0,0,0,0,0,0,0,0,0
نزهه,0,1,0,0,1,0,1,0,1,1
مصور,0,0,0,0,0,0,0,0,0,0
صورة,0,0,0,0,0,0,0,0,0,0
رائع,0,0,0,0,1,0,1,0,0,0
فطيرة,0,0,0,0,0,0,0,0,0,0
مجزأة,0,0,0,0,0,0,0,0,0,0
أبقع,0,0,0,0,0,0,0,0,0,0
رصيف بحري,0,0,0,0,0,0,0,0,0,0
تخترق,0,0,0,0,0,0,0,0,0,0
تقوى,0,0,0,0,0,0,1,0,0,0
خنزير,0,0,1,0,0,1,0,0,0,0
حمامة,0,0,0,0,0,1,0,0,0,0
صبغة,0,0,0,0,0,0,0,0,0,0
رمح,0,0,0,0,0,0,0,0,0,0
كومة,0,0,0,0,0,0,0,0,0,0
سير,0,0,1,0,0,1,0,0,0,0
الحاج,0,0,0,0,0,0,0,0,0,0
الحج,0,0,0,0,0,0,0,0,0,0
حبة,0,0,0,0,0,0,1,0,0,1
نهب,1,0,1,1,0,1,0,0,0,0
عمود,0,0,0,0,0,0,0,0,0,0
وسادة,0,0,0,0,0,0,1,0,0,0
وسادة,0,0,0,0,0,0,0,0,0,0
طيار,0,0,0,0,0,0,1,0,0,1
عرسة,0,0,0,0,0,1,0,0,0,0
بثرة,0,0,1,0,0,1,0,0,0,0
دبوس,0,0,0,0,0,0,0,0,0,0
قرصة,0,0,0,0,0,0,0,0,0,0
معسر,0,0,0,0,0,0,0,0,0,0
صنوبر,0,0,0,0,0,1,0,1,0,0
أناناس,0,0,0,0,0,0,0,0,0,0
بينغ,0,0,0,0,0,0,0,0,0,0
الثقب,0,0,0,0,0,0,0,0,0,0
جناح الطائر,0,0,0,1,0,1,0,0,0,0
زهري,0,0,0,0,0,0,0,0,0,0
قمة,0,0,0,0,0,0,1,0,0,0
رائد,0,0,0,0,0,0,1,0,0,0
تقي,0,0,1,0,0,0,1,1,0,1
نقطة,0,0,0,0,0,0,0,0,0,0
يضخ,0,0,0,0,0,0,0,0,0,0
الأنابيب,0,0,0,0,0,0,0,0,0,0
خط انابيب,0,0,0,0,0,0,0,0,0,0
بايبر,0,0,0,0,0,0,0,0,0,0
ماصة,0,0,0,0,0,0,0,0,0,0
أثار,1,0,0,0,0,1,0,0,0,0
القرصنة,0,0,0,0,0,1,0,0,0,0
القرصان,1,0,0,0,0,1,0,0,0,0
بيسينا,0,0,0,0,0,0,0,0,0,0
مسدس,0,0,0,0,0,1,0,0,0,0
مكبس,0,0,0,0,0,0,0,0,0,0
حفرة,0,0,0,0,0,0,0,0,0,0
يقذف,0,0,0,0,0,0,0,0,0,0
جرة,0,0,0,0,0,0,0,0,0,0
مأزق,1,0,1,1,0,1,0,1,1,0
لب,0,0,0,0,0,0,1,0,0,1
بليغ,0,0,0,0,0,0,0,0,0,0
حرض,0,0,0,0,0,0,0,0,0,0
شفقة,0,0,0,0,0,0,0,1,0,0
محور,0,0,0,0,0,0,1,0,0,1
بيكسل,0,0,0,0,0,0,0,0,0,0
لافتة,0,0,0,0,0,0,0,0,1,0
مكان,0,0,0,0,0,0,0,0,0,0
الوهمي,0,0,0,0,0,0,0,0,0,0
هادئ,0,0,0,0,0,0,1,0,0,0
بلاكيت,0,0,0,0,0,0,0,0,0,0
سرقة أدبية,0,0,1,0,0,1,0,0,0,0
طاعون,0,0,1,1,0,1,0,1,0,0
منقوشة,0,0,0,0,0,0,0,0,0,0
عادي,0,0,0,0,0,0,0,0,0,0
مدعى,0,0,0,0,0,1,0,0,0,0
حزين,0,0,0,0,0,0,0,1,0,0
خطة,0,1,0,0,0,0,0,0,0,0
طائرة,0,0,0,0,0,0,0,0,0,0
كوكب,0,0,0,0,0,0,0,0,0,0
القبة السماوية,0,0,0,0,0,0,0,0,0,0
الكواكب,0,0,0,0,0,0,0,0,0,0
لوح,0,0,0,0,0,0,0,0,0,0
مخطط,0,0,0,0,0,0,0,0,0,0
تخطيط,0,1,0,0,0,0,1,0,0,1
مصنع,0,0,0,0,0,0,0,0,0,0
مزرعة,0,0,0,0,0,0,0,0,0,0
زارع,0,0,0,0,0,0,0,0,0,0
يزرع,0,0,0,0,0,0,0,0,0,0
بلازما,0,0,0,0,0,0,0,0,0,0
جص,0,0,0,0,0,0,0,0,0,0
بلاستيك,0,0,0,0,0,0,0,0,0,0
الليونة,0,0,0,0,0,0,0,0,0,0
بلات,0,0,0,0,0,0,0,0,0,0
لوحة,0,0,0,0,0,0,0,0,0,0
هضبة,0,0,0,0,0,0,0,0,0,0
مطلي,0,0,0,0,0,1,0,0,0,0
برنامج,0,0,0,0,0,0,0,0,0,0
تصفيح,0,0,0,0,0,0,0,0,0,0
مفرزة,0,0,0,0,0,0,0,0,0,0
طبق,0,0,0,0,0,0,0,0,0,0
المعقولية,0,0,0,0,0,0,0,0,0,0
لعب,0,0,0,0,0,0,0,0,0,0
بلايا,0,0,0,0,0,0,0,0,0,0
لاعب,0,0,0,0,0,1,0,0,0,0
مرح,1,0,0,0,1,0,1,0,1,1
ملعب,0,1,0,0,1,0,1,0,1,1
مسرح,0,0,0,0,1,0,1,0,0,0
زميل اللعب,0,0,0,0,0,0,0,0,0,0
الكاتب المسرحي,0,0,0,0,0,0,0,0,0,0
بلازا,0,0,0,0,0,0,0,0,0,0
نداء,0,1,0,1,0,1,0,1,0,0
جَذّاب,0,1,0,0,1,0,1,0,1,1
مسرور,0,0,0,0,1,0,1,0,0,0
ممتع,0,0,0,0,1,0,1,0,0,0
طوى,0,0,0,0,0,0,0,0,0,0
مطوي,0,0,0,0,0,0,0,0,0,0
يتعهد,0,0,0,0,1,0,1,0,0,1
تعهد,0,0,0,0,0,0,0,0,0,0
الجلسة العامة,0,0,0,0,0,0,1,0,0,0
وفيرة,0,0,0,0,0,0,1,0,0,0
وفرة,0,0,0,0,0,0,0,0,0,0
مكتمل,0,0,0,0,0,0,0,0,0,0
وفرة أو فرط,0,0,0,0,0,0,0,0,0,0
الضفيرة,0,0,0,0,0,0,1,0,0,0
مرن,0,0,0,0,0,0,0,0,0,0
الطي,0,0,0,0,0,0,0,0,0,0
كماشة,0,0,0,0,0,0,0,0,0,0
مأزق,0,1,1,1,0,1,0,1,0,0
طيدة,0,0,0,0,0,0,0,0,0,0
التثاقل,0,0,0,0,0,1,0,0,0,0
حبكة,0,0,0,0,0,0,0,0,0,0
محراث,0,0,0,0,0,0,0,0,0,0
محروث,0,0,0,0,0,0,0,0,0,0
الزقزاق,0,0,0,0,0,0,0,0,0,0
محراث,0,0,0,0,0,0,0,0,0,0
محروث,0,0,0,0,0,0,0,0,0,0
الحرث,0,0,0,0,0,0,0,0,0,0
قطف,0,0,0,0,0,0,0,0,0,0
قابس كهرباء,0,0,0,0,0,0,0,0,0,0
وظيفة محترمة,0,0,0,0,0,0,1,0,0,0
ريش,0,0,0,0,0,0,0,0,0,0
راسيا,0,0,0,0,0,0,1,0,0,0
عمود,0,0,0,0,0,0,0,0,0,0
هبوط بسرعة,0,0,0,1,0,1,0,0,0,0
ممتلئ الجسم,0,1,0,0,0,0,0,0,0,0
سمنة,0,0,0,0,0,0,0,0,0,0
نهب,1,0,1,1,0,1,0,1,1,0
يغرق,0,0,0,1,0,1,0,0,0,0
جمع,0,0,0,0,0,0,0,0,0,0
تعدد,0,0,0,0,0,0,0,0,0,0
أفخم,0,0,0,0,0,0,1,0,0,0
البلوتونيوم,0,0,0,0,0,0,0,0,0,0
رقائق,0,0,0,0,0,0,1,0,0,0
التهاب رئوي,0,0,0,1,0,1,0,0,0,0
الصيد الجائر,1,0,1,1,0,1,0,1,0,0
جيب,0,0,0,0,0,0,0,0,0,0
جيب,0,0,0,0,0,0,0,0,0,0
جراب,0,0,0,0,0,0,0,0,0,0
قصيدة,0,0,0,0,0,0,0,0,0,0
شاعر,0,0,0,0,0,0,0,0,0,0
شعري,0,0,0,0,0,0,0,0,0,0
شعري,0,0,0,0,0,0,0,0,0,0
شاعرية,0,0,0,0,0,0,0,0,0,0
الشعر,0,0,0,0,0,0,0,0,0,0
مثير للمشاعر,0,0,0,0,0,0,0,0,0,0
نقطة,0,0,0,0,0,0,0,0,0,0
بوضوح,0,0,0,0,0,0,1,0,0,0
المؤشر,0,0,0,0,0,0,0,0,0,0
بلا هدف,0,0,0,0,0,1,0,1,0,0
اتزان,0,0,0,0,0,0,0,0,0,0
سم,1,0,1,1,0,1,0,1,0,0
تسمم,1,0,1,1,0,1,0,1,0,0
تسمم,0,0,1,0,0,1,0,0,0,0
سامة,1,0,1,1,0,1,0,1,0,0
نكز,0,1,0,0,0,1,0,0,0,0
لعبة البوكر,0,0,0,0,0,0,0,0,0,0
قطبي,0,0,0,0,0,0,0,0,0,0
قطبية,0,0,0,0,0,0,0,0,1,0
عمود,0,0,0,0,0,0,0,0,0,0
هجوم لفظي,1,0,1,0,0,1,0,0,0,0
شرطة,0,0,0,1,0,0,1,0,0,1
الشرطي,0,0,0,1,0,0,1,0,0,1
سياسات,0,0,0,0,0,0,0,0,0,1
شلل الأطفال,0,0,0,1,0,1,0,1,0,0
تلميع,0,0,0,0,0,0,1,0,0,0
مصقول,0,0,0,0,0,0,1,0,0,0
مؤدب,0,0,0,0,0,0,1,0,0,0
الادب,0,0,0,0,0,0,1,0,0,0
سياسي,0,0,1,0,0,0,1,0,0,0
سياسي,0,0,0,0,0,0,0,0,0,0
سياسة,1,0,0,0,0,0,0,0,0,0
دولة,0,0,0,0,0,0,0,0,0,0
تصويت,0,0,0,0,0,0,0,0,0,1
تلوث,0,0,1,0,0,1,0,0,0,0
التلوث,0,0,1,0,0,1,0,0,0,0
بولو,0,0,0,0,0,0,0,0,0,0
تعدد الزوجات,0,0,1,0,0,1,0,0,0,0
مضلع,0,0,0,0,0,0,0,0,0,0
متعدد الأضلاع,0,0,0,0,0,0,0,0,0,0
بوليمر,0,0,0,0,0,0,0,0,0,0
تعدد الأشكال,0,0,0,0,0,0,0,0,0,0
أبهة,0,0,0,0,0,1,0,0,0,0
أبهى,0,0,1,0,0,1,0,0,0,0
المعطف,0,0,0,0,0,0,0,0,0,0
بركة ماء,0,0,0,0,0,0,0,0,0,0
تأمل,0,0,0,0,0,0,0,0,0,0
ثقيل,0,0,0,0,0,1,0,0,0,0
البابا,0,0,0,0,0,0,0,0,0,1
بابوية,0,0,0,0,0,0,0,0,0,0
عائم,0,0,0,0,0,0,0,0,0,0
مهر,0,0,0,0,0,0,0,0,0,0
القلطي,0,0,0,0,0,0,0,0,0,0
حمام سباحة,0,0,0,0,0,0,1,0,0,0
براز الانسان,0,0,0,0,0,0,0,0,0,0
ضعيف,0,0,0,0,0,1,0,0,0,0
البوب,0,0,0,0,0,1,0,0,1,0
بابا الفاتيكان,0,0,0,0,0,0,1,0,0,0
شقائق النعمان,0,0,0,0,0,0,0,0,0,0
جمع,0,0,0,0,0,0,0,0,0,0
شعبية,0,0,0,0,0,0,1,0,0,0
شاع,0,0,0,0,0,0,1,0,0,0
تعداد السكان,0,0,0,0,0,0,1,0,0,0
كثيفة السكان,0,0,0,0,0,0,0,0,0,0
الخزف,0,0,0,0,0,0,0,0,0,0
رواق .. شرفة بيت ارضي,0,0,0,0,0,0,0,0,0,0
النيص,0,0,0,0,0,1,0,0,0,0
مسام,0,0,0,0,0,0,0,0,0,0
لحم خنزير,0,0,0,0,0,0,0,0,0,0
الإباحية,0,0,1,0,0,1,0,0,0,0
الإباحية,0,0,0,0,0,1,0,0,0,0
إباحي,0,0,0,0,0,1,0,0,0,0
المواد الإباحية,0,0,1,0,0,1,0,0,0,0
المسامية,0,0,0,0,0,0,0,0,0,0
مسامية,0,0,0,0,0,0,0,0,0,0
عصيدة,0,0,0,0,0,0,0,0,0,0
ميناء,0,0,0,0,0,0,0,0,0,0
محمول,0,0,0,0,0,0,1,0,0,0
حمل,0,0,0,0,0,0,0,0,0,0
منفذ,0,0,0,0,0,0,0,0,0,0
حمال,0,0,0,0,0,0,0,0,0,0
مَلَفّ,0,0,0,0,0,0,0,0,0,0
رواق,0,0,0,0,0,0,0,0,0,0
جزء,0,0,0,0,0,0,0,0,0,0
لَوحَة,0,0,0,0,0,0,0,0,0,0
البورتريه,0,0,0,0,0,0,0,0,0,0
تصوير,0,0,0,0,0,0,0,0,0,0
يشير إلى,0,0,0,0,0,1,0,0,0,0
متصنع,0,0,0,0,0,0,0,0,0,0
افترض,0,0,0,0,0,0,0,0,0,0
موقع,0,0,0,0,0,0,0,0,0,0
يطرح,0,0,0,1,0,0,0,0,0,0
يمتلك,0,1,0,0,1,0,1,0,0,1
ممسوس,1,0,1,1,0,1,0,0,0,0
حيازة,0,0,0,0,0,0,0,0,0,0
ملكية,1,0,1,1,0,1,0,0,0,0
مالك,0,0,0,0,0,0,0,0,0,0
إمكانية,0,1,0,0,0,0,0,0,0,0
ربما,0,0,0,0,0,0,0,0,0,0
بريد,0,0,0,0,0,0,0,0,0,0
بريدي,0,0,0,0,0,0,0,0,0,0
ملصق,0,0,0,0,0,0,0,0,0,0
اللاحق,0,0,0,0,0,0,0,0,0,0
الأجيال القادمة,0,0,0,0,0,0,0,0,0,0
بعد وفاته,0,0,0,0,0,1,0,1,0,0
يؤجل,0,0,0,0,0,0,0,0,0,0
مؤجل,0,0,0,0,0,0,0,0,0,0
تأجيل,0,0,0,0,0,1,0,0,1,0
حاشية,0,0,0,0,0,0,0,0,0,0
يفترض,0,0,0,0,0,0,0,0,0,0
وضع,0,0,0,0,0,0,0,0,0,0
وعاء,0,0,0,0,0,0,0,0,0,0
صالح للشرب,0,0,0,0,0,0,1,0,0,0
الفاعلية,0,0,0,0,0,0,1,0,0,0
قوي,0,0,0,0,0,0,0,0,0,0
القدره,0,0,0,0,0,0,0,0,0,0
جرعة,0,0,0,0,0,0,0,0,0,0
الطعام,0,0,0,0,0,0,0,0,0,0
مجففات,0,0,0,0,0,0,0,0,0,0
الخزاف,0,0,0,0,0,0,0,0,0,0
الفخار,0,0,0,0,0,0,0,0,0,0
كيس,0,0,0,0,0,0,0,0,0,0
دواجن,0,0,0,0,0,0,0,0,0,0
جنيه,1,0,0,0,0,1,0,0,0,0
يصب,0,0,0,0,0,0,0,0,0,0
فقر,1,0,1,1,0,1,0,1,0,0
الأسرى,1,0,0,0,0,0,0,0,0,0
مسحوق,0,0,0,0,0,0,0,0,0,0
مسحوق,0,0,0,0,0,0,0,0,0,0
مساحيق,0,0,0,0,0,0,0,0,0,0
قوي,1,1,1,1,1,0,1,0,0,1
بقوة,0,0,0,1,0,0,1,0,0,0
ضعيف,1,0,1,1,0,1,0,1,0,0
جدري,0,0,0,0,0,0,0,0,0,0
عملي,0,0,0,0,0,0,0,0,0,0
عملي,0,0,0,0,0,0,0,0,0,0
عمليا,0,0,0,0,0,0,0,0,0,0
ممارسة,0,0,0,0,0,0,1,0,0,0
تمارس,0,0,0,0,1,0,1,0,1,1
ممارسة,0,1,0,0,0,0,1,0,0,0
ممارس المهنة,0,0,0,0,0,0,0,0,0,0
البراري,0,0,0,0,0,0,0,0,0,0
مدح,0,0,0,0,1,0,1,0,0,1
أشاد ومدح,0,0,0,0,1,0,1,0,0,0
جدير بالثناء,0,1,0,0,1,0,1,0,1,1
مقلب,0,0,0,0,0,1,0,0,1,0
التطبيق العملي,0,0,0,0,0,0,0,0,0,0
يصلي,0,1,0,1,1,0,1,0,1,1
دعاء,0,0,0,0,0,0,0,0,0,0
تعظ,0,0,0,0,0,0,0,0,0,0
واعظ,0,0,0,0,0,0,0,0,0,0
الوعظ,0,0,0,0,0,0,0,0,0,0
الديباجة,0,0,0,0,0,0,0,0,0,0
غير مستقر,0,1,0,1,0,1,0,1,0,0
احترازي,0,0,0,0,0,0,1,0,0,0
احترازي,0,0,0,0,0,0,0,0,0,0
سبق,0,0,0,0,0,0,1,0,0,0
الأولوية,0,0,0,0,0,0,1,0,0,1
سابقة,0,0,0,0,0,0,0,0,0,0
السابق,0,0,0,0,0,0,0,0,0,0
مبدأ,0,0,0,0,0,0,0,0,0,0
مؤدب,0,0,0,0,0,0,0,0,0,0
مقدمة,0,0,0,0,0,0,0,0,0,0
منطقة,0,0,0,0,0,1,0,0,0,0
المناطق,0,0,0,0,0,0,0,0,0,0
ثمين,0,1,0,0,1,0,1,0,1,0
جرف,0,0,0,1,0,0,0,0,0,0
ترسب,0,0,0,0,0,0,0,0,0,0
تساقط,0,0,0,0,0,0,0,0,0,0
متهور,0,0,0,0,0,0,0,0,0,0
دقيق,0,0,0,0,0,0,1,0,0,0
على وجه التحديد,0,0,0,0,0,0,0,0,0,0
الاحكام,0,0,0,0,0,0,1,0,0,0
منع,1,0,0,0,0,0,0,0,0,0
مبكر النضج,0,0,0,0,0,0,0,0,0,0
السلف,0,1,0,0,0,0,0,0,0,0
مفترس,0,0,0,0,0,1,0,0,0,0
السلف,0,0,0,0,0,0,0,0,0,0
مأزق,0,0,0,1,0,1,0,0,0,0
فاعل,0,0,0,0,0,0,0,0,0,0
يتنبأ,0,1,0,0,0,0,0,0,0,0
توقع,0,0,0,0,0,0,0,0,0,0
تنبؤ,0,1,0,0,0,0,0,0,0,0
تنبؤي,0,0,0,0,0,0,0,0,0,0
متنبئ,0,0,0,0,0,0,0,0,0,0
ميل,0,1,0,0,0,0,1,0,0,0
تستعد,0,1,0,0,0,0,0,0,0,0
ميال,0,0,0,0,0,0,0,0,0,0
قابلية,0,0,0,0,0,0,0,0,0,0
غلبة,0,0,0,0,0,0,0,0,0,0
غالب,0,0,0,0,0,0,1,0,0,1
تسود,0,0,0,0,0,0,0,0,0,0
البارز,0,0,0,0,0,0,1,0,0,0
الشفعة,0,0,0,0,0,0,0,0,0,0
مقدمة,0,0,0,0,0,0,0,0,0,0
محافظ,0,0,0,0,0,0,0,0,0,0
تفضل,0,0,0,0,0,0,1,0,0,1
تفضيل,0,0,0,0,0,0,0,0,0,0
تفضيلية,0,0,0,0,0,0,0,0,0,0
بادئة,0,0,0,0,0,0,0,0,0,0
حمل,0,0,1,0,0,1,0,0,0,0
قبل التاريخ,0,0,0,0,0,0,0,0,0,0
تعصب,1,0,0,0,0,1,0,0,0,0
متحامل,0,0,1,1,0,1,0,0,0,0
ضار,1,0,0,0,0,1,0,0,0,0
أولية,0,1,0,0,0,0,0,0,0,0
مقدمة,0,0,0,0,0,0,0,0,0,0
الطفل المولود قبل اوانه,0,0,0,0,0,0,0,0,1,0
قبل الأوان,0,0,0,0,0,0,0,0,0,0
مع سبق الإصرار,0,0,0,1,0,1,0,0,0,0
الرائدة,0,0,0,0,0,0,1,0,0,0
فرضية,0,0,0,0,0,0,0,0,0,0
مقدمات,0,0,0,0,0,0,1,0,0,0
الممتازة,0,0,0,0,0,0,0,0,0,0
انشغال,0,0,0,0,0,0,0,0,0,0
المحتلة قبل,0,0,0,0,0,0,0,0,0,0
تحضير,0,1,0,0,0,0,0,0,0,0
تحضيري,0,1,0,0,0,0,0,0,0,0
إعداد,0,1,0,0,0,0,1,0,0,0
أعدت,0,1,0,0,0,0,1,0,0,1
التأهب,0,1,0,0,0,0,0,0,0,0
المُعد,0,0,0,0,0,0,0,0,0,0
خطة,0,0,0,0,0,0,0,0,0,0
الغلبة,0,0,0,0,0,0,0,0,0,1
المتطلبات المسبقة,0,1,0,0,0,0,0,0,0,0
امتياز,0,0,0,0,0,0,0,0,0,0
نافذ البصيرة,0,1,0,0,0,0,1,0,0,0
المنصوص عليها,0,0,0,0,0,0,0,0,0,0
وصفة طبية,0,0,0,0,0,0,0,0,0,0
إلزامية,0,0,0,0,0,0,0,0,0,0
حضور,0,0,0,0,0,0,1,0,0,0
الحالي,0,1,0,0,1,0,1,0,1,1
أنيق,0,0,0,0,0,0,1,0,0,0
عرض تقديمي,0,0,0,0,0,0,0,0,0,0
التقديم,0,0,0,0,0,1,1,0,0,0
الحفظ,0,0,0,0,0,0,0,0,0,0
مادة حافظة,0,1,0,0,1,0,1,0,1,1
الحفاظ على,0,0,0,0,0,0,1,0,0,0
محفوظة,0,0,0,0,0,0,0,0,0,0
الحفاظ على,0,0,0,0,0,0,0,0,0,0
رئاسة,0,0,0,0,0,0,0,0,0,0
رئاسة,0,0,0,0,0,0,0,0,0,0
رئيس,0,0,0,0,0,0,1,0,0,1
صحافة,0,0,0,0,0,0,0,0,0,0
ملحة,0,0,0,0,0,0,0,0,0,0
الضغط,0,0,0,0,0,1,0,0,0,0
هيبة,0,0,0,0,1,0,1,0,0,1
المعزوفة,0,0,0,0,1,0,1,0,1,0
افتراض,0,0,0,0,0,0,0,0,0,1
افتراضية,0,0,0,0,0,0,0,0,0,0
متغطرس,1,0,1,0,0,1,0,0,0,0
افترض,0,0,0,0,0,0,0,0,0,0
يدّعي,0,0,0,0,0,1,0,0,0,0
تظاهر,0,0,0,0,0,1,0,0,0,0
التظاهر,1,0,0,0,0,1,0,0,0,0
التظاهر,0,0,0,0,0,1,0,0,0,0
ادعاءات,0,0,0,0,0,1,0,0,0,0
ذريعة,0,0,0,0,0,0,0,0,0,0
جميل,0,1,0,0,1,0,1,0,0,1
تسود,0,1,0,0,1,0,1,0,0,0
سائد,0,0,0,0,0,0,0,0,0,0
انتشار,0,0,0,0,0,0,0,0,0,0
منتشر,0,0,0,0,0,0,0,0,0,1
يحول دون,0,0,0,1,0,0,0,0,0,0
وقائي,0,0,0,0,0,0,0,0,0,0
منع,0,1,0,0,0,0,1,0,0,0
وقائي,0,0,0,0,0,1,0,0,0,0
السابق,0,0,0,0,0,0,0,0,0,0
سابقًا,0,0,0,0,0,0,0,0,0,0
ضحية,0,0,0,1,0,1,0,0,0,0
سعر,0,0,0,0,0,0,0,0,0,0
لا يقدر بثمن,0,0,0,0,0,0,1,0,0,0
وخز,1,0,1,1,0,1,0,0,1,0
شائك,0,0,0,0,0,1,0,0,0,0
الاعتزاز,0,0,0,0,1,0,1,0,0,0
كاهن,0,0,0,0,0,0,1,0,0,1
كهنوت,0,1,0,0,1,0,1,1,0,1
كهنوتي,0,0,0,0,0,0,1,0,0,0
بريم,0,0,0,0,0,0,0,0,0,0
الأسبقية,0,0,0,0,0,0,1,0,0,0
الأولية,0,0,0,0,0,0,1,0,0,0
الرئيسيات,0,0,0,0,0,0,0,0,0,0
الرئيسيات,0,0,0,0,0,0,0,0,0,0
رئيس,0,0,0,0,0,0,1,0,0,0
مستعد,0,0,0,0,0,0,0,0,0,0
التمهيدي,0,0,0,0,0,0,1,0,0,1
بدائي,0,0,0,0,0,0,0,0,0,0
فتيلة,0,0,0,0,0,0,0,0,0,0
بدائي,0,0,0,0,0,0,0,0,0,0
بدائي,0,0,0,0,0,0,0,0,0,0
أمير,0,0,0,0,0,0,1,0,0,0
أميرية,0,1,0,0,1,0,1,0,1,1
أميرة,0,0,0,0,0,0,1,0,0,0
المالك,0,0,0,0,0,0,1,0,0,1
أساسا,0,0,0,0,0,0,0,0,0,0
المبدأ,0,0,0,0,0,0,0,0,0,0
مطبعة,0,0,0,0,0,0,0,0,0,0
طابعة,0,0,0,0,0,0,0,0,0,0
الطباعة,0,0,0,0,0,0,0,0,0,0
قبل,0,0,0,0,0,0,0,0,0,0
أولوية,0,0,0,0,0,0,0,0,0,0
دير,0,0,0,0,0,0,0,0,0,0
نشور زجاجي,0,0,0,0,0,0,0,0,0,0
منشوري,0,0,0,0,0,0,0,0,0,0
السجن,1,0,0,1,0,1,0,1,0,0
أسير,1,0,1,1,0,1,0,1,0,0
البكر,0,0,0,0,0,0,1,0,0,0
الإجمالية,0,0,0,0,0,0,0,0,0,0
خاص,0,0,0,0,0,0,0,0,0,0
سرا,0,0,0,0,0,0,0,0,0,0
شرف,0,0,0,0,0,0,0,0,0,0
ذو امتياز,0,0,0,0,1,0,1,0,0,1
خاص,0,0,0,0,0,1,0,0,0,1
احتمالا,0,1,0,0,0,0,0,0,0,0
محتمل,0,0,0,0,0,0,0,0,0,0
فترة التجربة,0,1,0,1,0,0,0,1,0,0
مع وقف التفيذ,0,0,0,0,0,0,0,0,0,0
إثبات,0,0,0,0,0,0,0,0,0,0
مسبار,0,0,0,0,0,0,0,0,0,0
الاستقامة,0,0,0,0,0,0,1,0,0,1
مشكلة,0,0,0,1,0,1,0,1,0,0
إجراء,0,0,0,1,0,0,1,0,0,0
تقدم,0,0,0,0,0,0,0,0,0,0
الإجراء,0,1,0,0,0,0,0,0,0,0
العائدات,0,0,0,0,0,0,0,0,0,0
معالجة,0,0,0,0,0,0,0,0,0,0
موكب,0,0,0,0,1,0,1,1,1,0
يعلن,0,0,0,0,0,0,0,0,0,0
إعلان,0,0,0,0,0,0,0,0,0,0
يماطل,0,0,0,0,0,1,0,0,0,0
تسويف,0,0,0,0,0,1,0,0,0,0
الإنجاب,0,0,0,0,0,0,0,0,0,0
بروكتور,0,0,0,0,0,0,1,0,0,1
السلطة,0,0,0,0,0,0,1,0,0,0
تحصيل,0,0,0,0,0,0,0,0,0,0
همز,0,0,0,0,0,0,0,0,0,0
مبذر,0,0,0,0,0,1,1,0,0,0
مذهل,0,0,0,0,0,0,1,0,0,0
معجزة,0,0,0,0,0,0,1,0,0,0
ينتج,0,0,0,0,0,0,0,0,0,0
أنتجت,0,0,0,0,0,0,0,0,0,0
منتج,0,0,0,0,0,0,1,0,0,0
المنتجة,0,0,0,0,0,0,1,0,0,0
منتج,0,0,0,0,0,0,0,0,0,0
إنتاج,0,1,0,0,0,0,1,0,0,0
إنتاجي,0,0,0,0,0,0,1,0,0,0
إنتاجية,0,0,0,0,0,0,1,0,0,0
دنس,1,0,0,0,0,1,0,0,0,0
شتم,1,0,0,0,0,1,0,0,0,0
يعترف,0,0,0,0,0,0,0,0,0,0
مهنة,0,0,0,0,0,0,1,0,0,0
المحترفين,0,0,0,0,0,0,1,0,0,1
دكتور جامعى,0,0,0,0,0,0,1,0,0,1
الأستاذية,0,0,0,0,0,0,0,0,0,1
الكفاءة,0,1,0,0,1,0,1,0,1,1
بارع,0,0,0,0,0,0,1,0,0,1
الملف الشخصي,0,0,0,0,0,0,0,0,0,0
ربح,0,0,0,0,0,0,0,0,0,0
غزير,0,0,0,0,0,0,1,0,0,0
الوفرة,0,0,0,0,0,1,0,0,0,0
بروغ,0,0,0,0,0,0,0,0,0,0
سلف,0,0,0,0,0,0,0,0,0,0
ذرية,0,0,0,0,0,0,0,0,0,0
تكهنات,0,1,0,1,0,0,0,0,0,0
النذير,0,1,0,0,0,0,0,0,0,0
برنامج,0,0,0,0,0,0,0,0,0,0
برنامج,0,0,0,0,0,0,0,0,0,0
مبرمج,0,0,0,0,0,0,0,0,0,0
تقدم,0,1,0,0,1,0,1,0,0,0
تقدم,0,1,0,0,1,0,1,1,0,1
تدريجي,0,0,0,0,0,0,1,0,0,0
يحظر,0,0,0,0,0,0,0,0,0,0
محظور,1,0,1,1,0,1,0,0,0,0
المنع,0,0,0,0,0,1,0,0,0,0
تحريمية,0,0,0,0,0,0,0,0,0,0
مشروع,0,0,0,0,0,0,0,0,0,0
قذيفة,0,0,0,1,0,0,0,0,0,0
مقذوفات,0,0,0,1,0,0,0,0,0,0
إسقاط,0,0,0,0,0,0,0,0,0,0
تنبؤ,0,0,0,0,0,0,0,0,0,0
كشاف ضوئي,0,0,0,0,0,0,0,0,0,0
بروليتاري,0,0,0,0,0,0,0,0,0,0
البروليتاريا,0,0,0,0,0,0,0,0,0,0
غزير الإنتاج,0,0,0,0,0,0,1,0,0,0
مقدمة,0,1,0,0,0,0,0,0,0,0
إطالة,0,0,1,0,0,1,0,0,0,0
إطالة,0,0,0,0,0,0,0,0,0,0
فترة طويلة,0,0,0,0,0,0,0,0,0,0
ممشى منتزه,0,0,0,0,0,0,0,0,0,0
الشهرة,0,0,0,0,0,0,1,0,0,0
بشكل بارز,0,0,0,0,0,0,1,0,0,0
منحل,0,0,0,0,0,1,0,0,0,0
يعد,0,0,0,0,1,0,1,0,0,1
واعدة,0,0,0,0,0,0,1,0,0,0
إذني,0,0,0,0,0,0,0,0,0,0
رعن,0,0,0,0,0,0,0,0,0,0
يرقي,0,0,0,0,0,0,0,0,0,0
المروجين,0,0,0,0,0,0,0,0,0,0
ترقية وظيفية,0,0,0,0,0,0,1,0,0,0
مستعجل,0,0,0,0,0,0,0,0,0,0
دفع,0,0,0,0,0,0,0,0,0,0
نشر,0,0,0,0,0,0,0,0,0,0
إصدار,0,0,0,0,0,0,0,0,0,0
ميال,0,0,0,0,0,0,0,0,0,0
الشق,0,0,0,0,0,0,0,0,0,0
نطق,0,0,0,0,0,0,0,0,0,0
واضح,0,0,0,0,0,0,0,0,0,0
النطق,0,0,0,0,0,0,0,0,0,0
النطق,0,0,0,0,0,0,0,0,0,0
دليل - إثبات,0,0,0,0,0,0,0,0,0,1
دعم,0,0,0,0,0,0,1,0,0,0
دعاية,0,0,0,0,0,1,0,0,0,0
بث,0,0,0,0,0,0,0,0,0,0
التكاثر,0,0,0,0,0,0,0,0,0,0
البروبان,0,0,0,0,0,0,0,0,0,0
دفع,0,0,0,0,0,0,0,0,0,0
دفعت,0,0,0,0,0,0,0,0,0,0
المروحة,0,0,0,0,0,0,0,0,0,0
دفع,0,0,0,0,0,0,0,0,0,0
النزوع,0,0,0,0,0,0,0,0,0,0
مناسب,0,0,0,0,0,0,1,0,0,0
منشأه,0,0,0,0,0,0,0,0,0,0
نبوءة,0,1,0,0,0,0,0,0,0,0
تنبأ,0,0,0,0,0,0,0,0,0,0
نبي,0,1,0,0,0,0,1,0,0,1
نبوي,0,1,0,0,0,0,0,0,0,0
وقائي,0,1,0,0,0,0,1,0,0,1
الوقاية,0,0,0,0,0,0,0,0,0,0
نسبة,0,0,0,0,0,0,0,0,0,0
متناسب,0,0,0,0,0,0,0,0,0,0
متناسب,0,0,0,0,0,0,0,0,0,0
النسب,0,0,0,0,0,0,0,0,0,0
اقتراح,0,0,0,0,0,0,0,0,0,0
اقتراح,0,0,0,0,0,0,1,0,0,0
امتلاكي,0,0,0,0,0,0,0,0,0,0
مالك,0,0,0,0,0,0,0,0,0,0
الملكية,0,0,0,0,0,0,0,0,0,0
استقامة,0,0,0,0,0,0,0,0,0,0
الدفع,0,0,0,0,0,0,0,0,0,0
نثر,0,0,0,0,0,0,0,0,0,0
محاكمة,1,0,0,1,0,1,0,1,0,0
الملاحقة القضائية,0,0,1,0,0,1,0,0,0,0
المدعي العام,0,0,0,0,0,0,0,0,0,0
احتمال,0,0,0,0,0,0,1,0,0,0
مأمول,0,0,0,0,0,0,0,0,0,0
بأثر مستقبلي,0,1,0,0,0,0,0,0,0,0
نشرة,0,0,0,0,0,0,0,0,0,0
تزدهر,0,1,0,0,1,0,1,0,0,0
ازدهار,0,0,0,0,0,0,1,0,0,0
مزدهر,0,0,0,0,1,0,1,0,0,0
بائعة هوى,0,0,1,0,0,1,0,0,0,0
بغاء,0,0,1,0,0,1,0,1,0,0
يسجد,0,0,0,0,0,0,0,0,0,0
بطل الرواية,0,0,0,0,0,0,0,0,0,0
يحمي,0,0,0,0,0,0,1,0,0,0
محمي,0,0,0,0,0,0,0,0,0,1
حماية,0,0,0,0,0,0,1,0,0,1
الحماية,0,0,0,0,0,0,0,0,0,0
محمي,0,0,0,0,0,0,1,0,0,0
حامية,0,0,0,0,0,0,1,0,0,1
بروتين,0,0,0,0,0,0,0,0,0,0
وقفة احتجاجية,0,0,0,0,0,0,0,0,0,0
بروتوكول,0,0,0,0,0,0,0,0,0,0
النموذج المبدئي,0,0,0,0,0,0,0,0,0,0
الكائنات الاوليه,0,0,0,0,0,0,0,0,0,0
"طويل، ممتد",0,0,0,0,0,0,0,0,0,0
تبرز,0,0,0,0,0,0,0,0,0,0
نتوء,0,0,0,0,0,0,0,0,0,0
فخور,0,1,0,0,1,0,1,0,0,1
يثبت,0,0,0,0,0,0,1,0,0,0
ثبت,0,0,0,0,0,0,0,0,0,1
مثل,0,0,0,0,0,0,0,0,0,0
يضرب به المثل,0,0,0,0,0,0,1,0,0,0
تزود,0,0,0,0,0,0,1,0,0,1
قدمت,0,0,0,0,0,0,0,0,0,0
بروفيدنس,0,0,0,0,0,0,0,0,0,0
توفير,0,1,0,0,1,0,1,0,0,1
المحافظة,0,0,0,0,0,0,0,0,0,0
ريفي,0,0,0,0,0,0,0,0,0,0
تقديم,0,0,0,0,0,0,0,0,0,0
مؤقتا,0,0,0,0,0,0,0,0,0,0
الأحكام,0,0,0,0,0,0,0,0,0,0
الشرط,0,0,0,0,0,0,0,0,0,1
إثارة,1,0,0,0,0,1,0,0,0,0
استفزازي,0,0,0,0,0,0,0,0,0,0
استفزاز,1,0,1,0,0,1,0,0,0,0
عميد,0,0,0,0,0,0,0,0,0,0
شجاعة,0,0,0,0,0,0,0,0,0,0
جوس,0,0,0,1,0,0,0,0,1,0
الأقرب,0,0,0,0,0,0,0,0,0,0
التقريبي,0,0,0,0,0,0,0,0,0,0
القرب,0,0,0,0,0,0,0,0,0,0
الوكيل,0,0,0,0,0,0,0,0,0,1
التعقل,0,0,0,0,0,0,1,0,0,0
حصيف,0,0,0,0,0,0,1,0,0,1
برقوق مجفف,0,0,0,0,0,0,0,0,0,0
نقب,1,1,0,0,0,1,0,0,0,1
المتطفلين,0,0,0,0,0,1,0,0,0,0
مزمور,0,0,0,0,0,0,1,0,0,0
مستعار,0,0,0,0,0,0,0,0,0,0
اسم مستعار,0,0,0,0,0,0,0,0,0,0
روح,0,0,0,0,0,0,0,0,0,0
نفسية,0,0,0,0,0,0,0,0,0,0
الوسطاء,0,0,0,0,0,0,0,0,0,0
نفسي,0,0,0,0,0,0,0,0,0,0
الطبيب النفسي,0,0,0,0,0,0,0,0,0,0
علم النفس,0,0,0,0,0,0,0,0,0,0
ذهان,1,0,0,1,0,1,0,1,0,0
حانة,0,0,0,0,0,0,0,0,0,0
سن البلوغ,0,0,0,0,0,0,0,0,0,0
محتلم,0,0,0,0,0,0,0,0,0,0
عام,0,1,0,0,0,0,1,0,0,0
النشر,0,0,0,0,0,0,0,0,0,0
دعاية,0,0,0,0,0,1,0,0,0,0
شهره اعلاميه,0,0,0,0,0,0,0,0,0,0
علانية,0,0,0,0,0,0,0,0,0,0
ينشر,0,0,0,0,0,0,0,0,0,0
نشرت,0,0,0,0,0,0,0,0,0,0
الناشر,0,0,0,0,0,0,0,0,0,0
بودنغ,0,0,0,0,0,0,0,0,0,0
بركة صغيرة,0,0,0,0,0,0,0,0,0,0
نفخة,0,0,0,0,0,0,0,0,0,0
سمين,0,0,0,0,0,1,0,0,0,0
الصلصال,0,0,0,0,0,0,0,0,0,0
تقيؤ,0,0,1,0,0,0,0,0,0,0
يحذب,0,0,0,0,0,0,1,0,0,0
بكرة,0,0,0,0,0,0,0,0,0,0
قف بجانب الطريق,0,0,0,0,0,0,0,0,0,0
رئوي,0,0,0,0,0,0,0,0,0,0
اللب,0,0,0,0,0,0,0,0,0,0
المنبر,0,0,0,0,0,0,1,0,0,0
نبض,0,0,0,0,0,0,0,0,0,0
نبض,0,0,0,0,0,0,0,0,0,0
بوما,0,0,0,1,0,0,0,0,1,0
مضخة,0,0,0,0,0,0,0,0,0,0
لعبة الكلمات,0,0,0,0,0,0,0,0,0,0
لكمة,1,0,0,1,0,1,0,1,1,0
منضبط,0,1,0,0,0,0,1,0,0,1
الالتزام بالمواعيد,0,0,0,0,0,0,1,0,0,0
في الموعد المحدد,0,0,0,0,0,0,0,0,0,0
علامات ترقيم,0,0,0,0,0,0,0,0,0,0
ثقب,0,0,0,0,0,0,0,0,0,0
خبير,0,0,0,0,0,0,0,0,0,0
لاذع,0,0,1,0,0,1,0,0,0,0
يعاقب,0,0,0,1,0,1,0,0,0,0
يعاقب,1,1,1,1,0,1,0,1,0,0
معاقبة,1,0,0,1,0,1,0,1,0,0
عقاب,1,0,1,1,0,1,0,0,0,0
عقابي,1,0,0,1,0,1,0,1,0,0
فاسق,0,0,0,0,0,0,0,0,0,0
بونت,0,1,0,0,0,0,0,0,0,0
سقيم,0,0,0,0,0,0,0,0,0,0
جرو,0,0,0,0,0,0,0,0,0,0
التلميذ,0,0,0,0,0,0,0,0,0,0
دمية,0,0,0,0,0,0,0,0,0,0
جرو,0,1,0,0,0,0,1,0,0,1
عملية الشراء,0,0,0,0,0,0,0,0,0,0
المشتري,0,0,0,0,0,0,0,0,0,0
شراء,0,0,0,0,0,0,0,0,0,0
هريس,0,0,0,0,0,0,0,0,0,0
بحتة,0,0,0,0,0,0,1,0,0,1
المطهر,0,0,1,1,0,1,0,0,0,0
تطهير,0,0,0,1,0,1,0,0,0,0
طهارة,0,0,0,0,0,0,1,0,0,1
تنقية,0,0,0,0,1,0,1,0,0,1
أصولي,0,0,0,0,0,0,1,0,0,0
نقاء,0,0,0,0,0,0,1,0,1,0
ليلكي,0,0,0,0,0,0,0,0,0,0
مضمون,0,0,0,0,0,0,0,0,0,0
غاية,0,0,0,0,0,0,0,0,0,0
عمدا,0,0,0,0,0,0,0,0,0,0
خرخرة,0,0,0,0,1,0,1,0,0,1
كيس نقود,0,0,0,0,0,0,0,0,0,0
تنفيذ,0,0,0,0,0,0,0,0,0,0
المطاردة,0,0,0,0,0,0,0,0,0,0
سعي,0,0,0,0,0,0,0,0,0,0
المورّد,0,0,0,0,0,0,0,0,0,0
اختصاص,0,0,0,0,0,0,0,0,0,0
صديد,0,0,1,0,0,1,0,0,0,0
يدفع,0,0,0,0,0,0,0,0,0,0
دفع,0,0,0,0,0,0,0,0,0,0
سنور,0,0,0,0,0,0,0,0,0,0
كس,0,0,0,0,0,0,0,0,0,0
قطة صغيرة,0,0,0,0,0,0,0,0,0,0
وضع,0,0,0,0,0,0,0,0,0,0
المفترض,0,0,0,0,0,0,0,0,0,1
يضع,0,0,0,0,0,0,0,0,0,0
المعجون,0,0,0,0,0,0,0,0,0,0
في حيرة,0,0,0,0,0,0,0,0,0,0
محير,0,0,0,0,0,0,0,0,0,0
القزم,0,0,0,0,0,0,0,0,0,0
هرم,0,0,0,0,0,0,0,0,0,0
هرمي,0,0,0,0,0,0,0,0,0,0
الألعاب النارية,0,0,0,0,0,0,0,0,0,0
الدجال,0,0,1,0,0,1,0,0,0,0
رباعية,0,0,0,0,0,0,0,0,0,0
رباعي الزوايا,0,0,0,0,0,0,0,0,0,0
رباعي,0,0,0,0,0,0,0,0,0,0
تربيعي,0,0,0,0,0,0,0,0,0,0
التربيع,0,0,0,0,0,0,0,0,0,0
رباعي,0,0,0,0,0,0,0,0,0,0
رباعي,0,0,0,0,0,0,0,0,0,0
مستنقع,0,0,1,0,0,1,0,0,0,0
طائر السمان,0,0,0,1,0,1,0,0,0,0
غريبة,0,0,0,0,1,0,1,0,0,1
زلزال,0,0,0,1,0,0,0,0,0,0
تأهلت,0,0,0,0,0,0,1,0,0,1
مؤهل,0,0,0,0,0,0,0,0,0,0
تأهيل,0,0,0,0,0,0,1,0,0,0
الصفات,0,0,0,0,0,0,0,0,0,0
جودة,0,0,0,0,0,0,0,0,0,0
مأزق,1,0,0,1,0,1,0,0,0,0
تحديد الكمية,0,0,0,0,0,0,0,0,0,0
كمي,0,0,0,0,0,0,0,0,0,0
كميا,0,0,0,0,0,0,0,0,0,0
كمية,0,0,0,0,0,0,0,0,0,0
الكم,0,0,0,0,0,0,0,0,0,0
الحجر الزراعي,0,0,0,1,0,0,0,0,0,0
قتال,1,0,0,0,0,1,0,0,0,0
مقلع,0,0,0,0,0,0,0,0,0,0
ربع,0,0,0,0,0,0,0,0,0,0
ربع,0,0,0,0,0,0,0,0,0,0
إيواء,0,0,0,0,0,0,0,0,0,0
أرباع,0,0,0,0,0,0,0,0,0,0
الرباعية,0,0,0,0,0,0,0,0,0,0
ربعي,0,0,0,0,0,0,0,0,0,0
كوارتو,0,0,0,0,0,0,0,0,0,0
كوارتز,0,0,0,0,0,0,0,0,0,0
سحق,0,0,0,1,0,1,0,0,0,0
شبه,0,0,0,0,0,0,0,0,0,0
رباعي,0,0,0,0,0,0,0,0,0,0
رصيف,0,0,0,0,0,0,0,0,0,0
ملكة,0,0,0,0,0,0,0,0,0,0
قمع,0,0,0,0,0,1,0,0,0,0
يطفئ,0,0,0,0,0,0,0,0,0,0
استفسار,0,0,0,0,0,0,0,0,0,0
بحث,0,1,0,0,0,0,1,0,0,0
سؤال,0,0,0,0,0,0,1,0,0,0
مشكوك فيه,0,0,1,0,0,1,0,0,0,0
استجواب,0,0,0,0,0,0,0,0,0,0
طابور,0,0,0,0,0,0,0,0,0,0
سرع,0,1,0,0,0,0,0,0,0,0
بسرعة,0,0,0,0,0,0,0,0,0,0
سرعة,0,0,0,0,0,0,1,0,1,0
الزئبق,0,0,0,0,0,1,0,0,1,0
باوند استرليني,0,0,0,0,0,0,0,0,0,0
هامد,0,0,0,0,0,0,1,0,0,0
هادئ,0,0,0,0,0,0,1,1,0,0
بهدوء,0,0,0,0,0,0,0,0,0,0
ريشة,0,0,0,0,0,0,0,0,0,0
لحاف,0,0,0,0,0,0,0,0,0,0
كينين,0,0,0,0,0,0,1,0,0,0
استقال,0,0,0,0,0,1,0,0,0,0
الإقلاع عن التدخين,0,0,0,0,0,0,0,0,0,0
رجفة,0,0,0,1,0,1,0,0,0,0
مرتعش,0,0,0,1,0,1,0,0,0,0
اختبار,0,0,0,0,0,1,0,0,0,0
النصاب,0,0,0,0,0,0,0,0,0,0
حصة نسبية,0,0,0,0,0,0,0,0,0,0
اقتباس,0,0,0,0,0,0,0,0,0,0
يقتبس,0,1,0,0,0,1,1,0,1,0
حاصل القسمة,0,0,0,0,0,0,0,0,0,0
أرنب,0,0,0,0,0,0,0,0,0,0
الرعاع,1,0,0,1,0,1,0,0,0,0
مصاب بداء الكلب,1,1,1,1,0,1,0,1,0,0
داء الكلب,0,0,0,0,0,1,0,0,0,0
سباق,0,0,0,0,0,0,0,0,0,0
فرس الرهان,0,0,0,0,0,0,0,0,0,0
متسابق,0,0,0,0,0,0,0,0,0,0
رف,0,0,0,0,0,1,0,1,0,0
مضرب تنس,0,0,0,0,0,1,0,0,0,0
الأرفف,0,0,0,0,0,0,0,0,0,0
مفعم بالحيوية,0,0,0,0,0,0,0,0,0,0
رادار,0,0,0,0,0,0,0,0,0,1
إشراق,0,1,0,0,1,0,1,0,0,1
مشع,0,0,0,0,1,0,1,0,0,0
يشع,0,0,0,0,0,0,1,0,0,0
إشعاع,0,0,0,1,0,1,0,0,0,0
جذريا,0,0,0,0,0,0,0,0,0,0
مذياع,0,0,0,0,0,0,1,0,0,0
المشعة,0,0,0,1,0,1,0,0,0,0
النشاط الإشعاعي,0,0,0,0,0,0,0,0,0,0
التصوير الشعاعي,0,0,0,0,0,0,0,0,0,0
التصوير الشعاعي,0,0,0,0,0,0,0,0,0,0
الأشعة,0,0,0,0,0,0,0,0,0,0
الراديوم,0,0,0,0,0,0,0,0,0,0
نصف القطر,0,0,0,0,0,0,0,0,0,0
رادون,0,0,0,1,0,1,0,0,0,0
يانصيب,0,1,0,0,0,0,0,0,1,0
طوف,0,0,0,0,0,0,0,0,0,0
غضب,1,0,0,0,0,1,0,0,0,0
ممزق,0,0,0,0,0,0,0,0,0,0
تحتدم,1,0,1,1,0,1,0,0,0,0
رايات,0,0,1,0,0,1,0,0,0,0
غارة,1,0,0,1,0,1,0,0,1,0
سكة حديدية,1,1,0,0,0,1,0,0,0,0
حديدي,0,0,0,0,0,0,0,0,0,0
طريق السكك الحديدية,0,0,0,0,0,0,0,0,0,0
سكة حديدية,0,0,0,0,0,0,0,0,0,0
ثياب,0,0,0,0,0,0,0,0,0,0
مطر,0,0,0,0,0,0,0,0,0,0
معطف واق من المطر,0,0,0,0,0,0,0,0,0,0
هطول الأمطار,0,0,0,0,0,0,0,0,0,0
ماطر,0,0,0,0,0,0,0,1,0,0
رفع,0,0,0,0,0,0,0,0,0,0
نشأ,0,0,0,0,0,0,0,0,0,0
مقوي,0,0,0,0,0,0,0,0,0,0
مجرفة,0,0,0,0,0,0,0,0,0,0
تجمع,0,0,0,0,0,0,0,0,0,0
الرامات  الذاكرة العشوائية في الهواتف والحواسيب,1,1,0,0,0,1,0,0,0,0
هذى,0,0,0,0,0,0,0,0,0,0
متعرش,0,0,0,0,0,1,0,0,0,0
المنحدر,0,0,0,0,0,0,0,0,0,0
هياج,1,0,0,1,0,1,0,0,0,0
مزرعة,0,0,0,0,0,0,0,0,0,0
زنخ,0,0,1,0,0,1,0,0,0,0
بشكل عشوائي,0,0,0,0,0,0,0,0,1,0
العشوائية,0,0,0,0,0,0,0,0,0,0
راندي,0,0,0,0,0,0,0,0,0,0
الحارس,0,0,0,0,0,0,0,0,0,1
مرتبة,0,0,0,0,0,0,0,0,0,0
فدية,1,0,0,1,0,1,0,0,0,0
تبجح,0,0,0,0,0,0,0,0,0,0
موسيقى الراب,0,0,0,0,0,0,0,0,0,0
اغتصاب,1,0,1,1,0,1,0,1,0,0
سريعون,0,0,0,0,0,0,0,0,1,0
سرعة,0,0,0,0,0,0,0,0,0,0
منحدرات,0,0,0,0,0,0,0,0,0,0
موسيقى الراب,1,0,0,0,0,0,0,0,0,0
مستغرق,0,0,0,0,1,0,1,0,1,1
الطيور الجارحة,0,0,0,1,0,1,0,0,0,0
نشوة الطرب,0,1,0,0,1,0,1,0,0,0
نادرا,0,0,0,0,0,0,0,0,0,0
ندرة,0,0,0,0,0,0,0,0,1,0
الوغد,1,0,1,1,0,1,0,0,0,0
متسرع,0,0,1,0,0,1,0,0,0,0
فأر,0,0,1,1,0,1,0,0,0,0
اسئلة,0,0,0,0,0,0,0,0,0,0
معدل,0,0,0,0,0,0,0,0,0,0
تصديق,0,0,0,0,0,0,0,0,0,0
تصدق,0,0,0,0,0,0,0,0,0,1
تقييم,1,0,0,1,0,1,0,1,0,0
نسبة,0,0,0,0,0,0,0,0,0,0
حصة تموينية,0,0,0,0,0,0,0,0,0,0
معقول,0,0,0,0,0,0,1,0,0,1
الأساس المنطقي,0,0,0,0,0,0,0,0,0,0
العقلانية,0,0,0,0,0,0,0,0,0,0
العقلانية,0,0,0,0,0,0,0,0,0,0
الروطان,0,0,0,0,0,0,0,0,0,0
حشرجة الموت,0,0,0,0,0,0,0,0,0,0
أفعى الجلجلة,0,0,0,1,0,0,0,0,0,0
صاخب,0,0,0,0,0,1,0,0,0,0
الهذيان,1,0,1,0,1,1,1,0,1,1
غراب أسود,0,0,0,0,0,0,0,0,0,0
نهم,1,0,0,1,0,1,0,1,0,0
واد,0,0,0,1,0,0,0,0,0,0
هذيان,1,1,0,1,1,1,0,0,1,0
جلد خام,0,0,0,0,0,0,0,0,0,0
شعاع,0,0,0,0,0,0,0,0,0,0
موس الحلاقة,0,0,0,1,0,0,0,0,0,0
تصل,0,0,0,0,0,0,0,0,0,0
تتفاعل,1,0,0,1,0,0,0,0,0,0
رجعي,0,0,0,0,0,1,0,0,0,0
قرأ,0,0,0,0,0,0,0,0,0,0
قارئ,0,0,0,0,0,0,1,0,0,0
القراء,0,0,0,0,0,0,0,0,0,0
بسهولة,0,0,0,0,0,0,1,0,0,0
الاستعداد,0,1,0,0,1,0,1,0,0,1
قراءة,0,0,0,0,0,0,1,0,0,0
تعديل,0,0,0,0,0,0,0,0,0,0
جاهز,0,1,0,0,0,0,0,0,0,0
إعادة التأكيد,0,0,0,0,0,0,1,0,0,0
كاشف,0,0,0,0,0,0,0,0,0,0
حقا,0,0,0,0,0,0,1,0,0,1
الواقعية,0,0,0,0,0,0,0,0,0,0
واقعي,0,0,0,0,0,0,0,0,0,0
واقع,0,0,0,0,0,0,0,0,0,0
مملكة,0,0,0,0,0,0,0,0,0,0
العقارات,0,0,0,0,0,0,0,0,0,0
ماعون,0,0,0,0,0,0,0,0,0,0
جني,0,0,0,0,0,0,0,0,0,0
الظهور مرة أخرى,0,0,0,0,0,0,0,0,1,0
مؤخرة,0,0,0,0,0,1,0,0,0,0
إعادة الترتيب,0,0,0,0,0,0,0,0,0,0
إعادة الترتيب,0,0,0,0,0,0,0,0,0,0
السبب,0,0,0,0,0,0,1,0,0,0
معقولية,0,0,0,0,0,0,0,0,0,0
منطق,0,0,0,0,0,0,0,0,0,0
أسباب,0,0,0,0,0,0,0,0,0,0
إعادة تجميع,0,0,0,0,0,0,0,0,0,0
الاطمئنان,0,0,0,0,0,0,1,0,0,1
طمأن,0,0,0,0,0,0,1,0,0,1
مطمئن,0,0,0,0,0,0,0,0,0,0
مطمئن,0,0,0,0,0,0,0,0,0,0
خصم,0,0,0,0,0,0,1,0,0,0
متمرد,1,0,0,1,0,1,0,0,0,0
تمرد,1,0,1,1,0,0,0,0,0,0
ولدت من جديد,0,0,0,0,0,0,0,0,0,0
الانتعاش,0,0,0,0,0,0,0,0,0,0
إعادة بناء,0,0,0,0,0,0,0,0,0,0
توبيخ,0,0,0,0,0,1,0,0,0,0
دفع بالحجة,0,0,0,0,0,1,0,0,0,0
متمرد,1,0,1,0,0,1,0,0,0,0
اعد الاتصال,0,0,0,0,0,0,0,0,0,0
إعادة,0,0,0,0,0,0,1,0,0,0
تنحسر,0,0,0,0,0,0,0,0,0,0
تنحسر,0,0,0,0,0,0,0,0,0,0
الإيصال,0,0,0,0,0,0,0,0,0,0
الإيصالات,0,0,0,0,0,0,0,0,0,0
تلقى,0,0,0,0,0,0,1,0,0,0
المتلقي,0,0,0,0,0,0,0,0,0,0
يستلم,0,1,0,0,1,0,1,0,1,0
مؤخرًا,0,0,0,0,0,0,0,0,0,0
وعاء,0,0,0,0,0,0,0,0,0,0
استقبال,0,0,0,0,0,0,0,0,0,0
عطلة البرلمان,0,0,0,0,0,0,0,0,0,0
استراحات,0,0,0,1,0,0,0,0,0,0
ركود اقتصادي,1,0,1,1,0,1,0,1,0,0
بحث,0,0,0,0,0,0,1,0,0,0
النكوص,1,0,1,0,0,1,0,1,0,0
وصفة,0,0,0,0,0,0,0,0,0,0
متلقي,0,1,0,0,0,0,0,0,0,0
متبادل,0,0,0,0,0,0,0,0,0,0
بالمثل,0,0,0,0,0,0,1,0,0,0
تبادل,0,0,0,0,0,0,0,0,0,0
الحيثية,0,0,0,0,0,0,0,0,0,0
التلاوة,0,0,0,0,0,0,0,0,0,0
يتلو,0,0,0,0,0,0,0,0,0,0
متهور,1,0,0,1,0,1,0,0,0,0
تهور,1,0,1,1,0,1,0,0,1,0
حساب,0,0,0,0,0,0,0,0,0,0
استصلاح,0,0,0,0,0,0,1,0,0,0
اتكأ,0,0,0,0,0,0,1,0,0,1
متوحش,0,0,0,0,0,0,0,0,0,0
التعرف على,0,0,0,0,0,0,0,0,0,0
يمكن التعرف عليها,0,1,0,0,0,0,1,0,0,0
معروف,0,0,0,0,0,0,0,0,0,0
نكص,0,0,0,0,0,0,0,0,0,0
تذكر,0,0,0,0,0,0,0,0,0,0
تذكر,0,0,0,0,0,0,0,0,0,0
المؤتلف,0,0,0,0,0,0,0,0,0,0
إعادة التركيب,0,1,0,0,0,0,0,0,0,0
نوصي,0,0,0,0,0,0,1,0,0,1
توصية,0,0,0,0,0,0,0,0,0,0
تعويض,0,0,0,0,0,0,0,0,0,0
التصالح,0,0,0,0,0,0,0,0,0,0
تصالح,0,1,0,0,1,0,1,0,0,1
استطلاع,0,0,0,0,0,0,0,0,0,0
إعادة النظر,0,0,0,0,0,0,0,0,0,0
إعادة النظر,0,0,0,0,0,0,1,0,0,1
إعادة,0,0,0,0,0,0,0,0,0,0
إعادة البناء,0,1,0,0,0,0,1,0,0,0
إعادة الإعمار,0,1,0,0,0,0,1,0,0,0
سجل,0,0,0,0,0,0,0,0,0,0
مسجل,0,0,0,0,0,0,1,0,0,0
تسجيل,0,0,0,0,0,0,0,0,0,0
حكى,0,0,0,0,0,0,0,0,0,0
استرداد,0,0,0,0,0,0,1,0,0,0
"لجوء، ملاذ",0,0,0,0,0,0,0,0,0,0
قابل للاسترداد,0,0,0,0,0,0,0,0,0,0
التعافي,0,0,0,0,0,0,1,0,0,0
الترفيهية,0,1,0,0,1,0,1,0,0,0
ترفيهية,0,1,0,0,1,0,1,0,0,0
تجنيد,0,0,0,0,0,0,0,0,0,0
تجنيد,0,0,0,0,0,0,0,0,0,0
المجندين,0,0,0,0,0,0,0,0,0,1
مستطيل,0,0,0,0,0,0,0,0,0,0
مستطيلي,0,0,0,0,0,0,0,0,0,0
تصحيح,0,0,0,0,0,0,0,0,0,0
تصحيح,0,0,0,0,0,0,1,0,0,0
رئيس الجامعة,0,0,0,0,0,0,0,0,0,0
القس,0,0,0,0,0,0,0,0,0,0
راقد,0,0,0,0,0,0,0,0,0,0
التعافي,0,0,0,0,0,0,0,0,0,0
تتكرر,0,0,0,0,0,0,0,0,0,0
تكرار,0,0,0,0,0,0,0,0,0,0
متكرر,0,1,0,0,0,0,0,0,0,0
يتكرر,0,0,0,0,0,0,0,0,0,0
العودية,0,0,0,0,0,0,0,0,0,0
العودية,0,0,0,0,0,0,0,0,0,0
بشكل متكرر,0,0,0,0,0,0,0,0,0,0
أحمر,0,0,0,0,0,0,0,0,0,0
ضارب الى الحمرة,0,0,0,0,0,0,0,0,0,0
فداء,0,0,0,0,0,0,1,0,0,0
احمرار,0,0,0,0,0,0,0,0,0,0
الجبر,0,0,0,0,0,0,1,0,0,0
انخفاض,0,0,0,0,0,0,0,0,0,0
اختزال,0,0,0,0,0,0,0,0,0,0
وفرة,0,0,0,0,0,0,0,0,0,0
متكرر,0,0,0,0,0,1,0,0,0,0
قصب,0,0,0,0,0,0,0,0,0,0
الشعاب المرجانية,0,0,0,0,0,0,0,0,0,0
الشعاب المرجانية,0,0,0,0,0,0,0,0,0,0
بكرة,0,0,0,0,0,0,0,0,0,0
إعادة,0,0,0,0,0,0,0,0,0,0
حكم,0,0,0,0,0,0,0,0,0,1
المرجعي,0,0,0,0,0,0,0,0,0,0
استفتاء,0,0,0,0,0,0,0,0,0,0
صقل,0,0,0,0,0,0,1,0,0,0
التنقيح,0,0,0,0,0,0,1,0,0,0
مصفاة,0,0,0,0,0,0,0,0,0,0
تكرير,0,0,0,0,0,0,0,0,0,0
التجديد,0,0,0,0,0,0,0,0,0,0
يعكس,0,0,0,0,0,0,0,0,0,0
يعكس,0,0,0,0,0,0,0,0,0,0
انعكاس,0,0,0,0,0,0,0,0,0,0
عاكس,0,0,0,0,0,0,0,0,0,0
العاكس,0,0,0,0,0,0,0,0,0,0
لا ارادي,0,0,0,0,0,0,0,0,1,0
ارتداد,0,0,1,0,0,1,0,0,0,0
اعادة تشكيل,0,0,0,0,0,0,1,0,0,0
إعادة تشكيل,0,0,0,0,0,0,1,0,0,0
مصلح,0,0,0,0,0,0,1,0,0,0
الانكسار,0,0,0,0,0,0,0,0,0,0
المنكسر,0,0,0,0,0,0,0,0,0,0
المواد المقاومة للحرارة,0,0,0,0,0,1,0,0,0,0
امتنع,0,0,0,0,0,0,0,0,0,0
الامتناع,0,0,0,0,0,0,0,0,0,0
منعش,0,0,0,0,0,0,1,0,0,0
يبرد,0,0,0,0,0,0,0,0,0,0
تبريد,0,0,0,0,0,0,0,0,0,0
ثلاجة,0,0,0,0,0,0,0,0,0,0
لجأ,0,0,0,0,0,0,0,0,0,0
لاجئ,0,0,0,0,0,0,0,1,0,0
إعادة مال,0,0,0,0,0,0,0,0,0,0
التجديد,0,0,0,0,0,0,1,0,0,0
رفض,0,0,0,0,0,1,0,0,0,0
رفض,0,0,0,0,0,1,0,0,0,0
رفض,0,0,0,0,0,1,0,1,0,0
رفض,0,0,0,0,0,0,0,0,0,0
تفنيد,0,0,0,1,0,0,0,0,0,0
دحض,0,0,0,0,0,0,0,0,0,0
استعادة,0,0,0,0,0,0,0,0,0,0
ملكي,0,0,0,0,0,0,1,0,0,1
شعارات,0,0,0,0,0,0,0,0,0,0
سباق القوارب,0,1,0,0,0,0,0,0,0,0
ريجنسي,0,0,0,0,0,0,0,0,0,0
تتجدد,0,0,0,0,0,0,0,0,0,0
تجديد,0,0,0,0,0,0,0,0,0,0
الوصي,0,0,0,0,0,0,1,0,0,1
النظام الحاكم,0,0,0,0,0,0,0,0,0,0
حمية,0,0,0,0,0,0,0,0,0,0
فوج,0,0,0,1,0,0,0,0,0,0
منطقة,0,0,0,0,0,0,0,0,0,0
إقليمي,0,0,0,0,0,0,0,0,0,0
الإقليمية,0,0,0,0,0,0,0,0,0,0
تسجيل,0,0,0,0,0,0,0,0,0,0
المسجل,0,0,0,0,0,0,0,0,0,0
التسجيل,0,0,0,0,0,0,0,0,0,0
التسجيل,0,0,0,0,0,0,0,0,0,1
تراجع,0,0,0,0,0,1,0,0,0,0
تراجع,0,0,0,0,0,1,0,0,0,0
رجعي,0,0,0,0,0,1,1,0,0,0
ندم,0,0,0,0,0,1,0,1,0,0
مؤسف,0,0,0,0,0,1,0,1,0,0
تأسف,0,0,0,0,0,1,0,1,0,0
الندم,0,0,0,0,0,1,0,1,0,0
عادي,0,0,0,0,0,0,0,0,0,0
انتظام,0,1,0,0,0,0,1,0,0,1
النظامي,0,0,0,0,0,0,0,0,0,0
تنظيم,0,0,0,0,0,0,1,0,0,0
ينظم,0,0,0,0,0,0,0,0,0,0
اللائحة,0,0,0,0,0,0,0,0,0,0
تنظيمي,0,0,0,1,0,1,0,0,0,0
ارتجاع,0,0,1,0,0,0,0,0,0,0
تأهيل,0,0,0,0,0,0,1,0,0,0
إعادة تأهيل,0,1,0,0,0,0,1,0,0,0
بروفة,0,0,0,0,0,0,0,0,0,0
فتره حكم,0,0,0,0,0,0,0,0,0,0
"يوفي، يعوض",0,0,0,0,0,0,1,0,0,0
السداد,0,0,0,0,0,0,1,0,0,1
كبح جماح,0,0,0,0,0,1,0,0,0,0
الرنة,0,0,0,0,0,0,0,0,0,0
تعزز,0,0,0,0,0,0,0,0,0,0
تعزيز,0,0,0,0,0,0,1,0,0,1
التعزيزات,0,0,0,0,0,0,0,0,0,1
مقاليد,0,0,0,0,0,0,0,0,0,0
إعادة التثبيت,0,0,0,0,0,0,0,0,0,0
إعادة,0,0,0,0,0,0,1,0,0,0
إعادة,0,0,0,0,0,0,0,0,0,0
إعادة الاستثمار,0,0,0,0,0,0,0,0,0,0
إعادة الاستثمار,0,0,0,0,0,0,0,0,0,0
يكرر,0,0,0,0,0,0,0,0,0,0
رفض,1,0,0,1,0,1,0,1,0,0
مرفوض,0,0,0,0,0,1,0,0,0,0
الرفض,1,0,1,1,0,1,0,1,0,0
يرفض,1,0,0,1,0,1,0,1,0,0
نبتهج,0,1,0,0,1,0,1,0,1,1
ابتهاج,0,1,0,0,1,0,1,0,1,0
إعادة الانضمام,0,0,0,0,0,0,0,0,0,0
يجدد,0,0,0,0,0,0,1,0,0,0
تجدد,0,0,0,0,0,0,1,0,0,0
أشعل,0,1,0,1,1,1,1,0,1,0
الانتكاس,0,0,0,1,0,1,0,1,0,0
ترتبط,0,0,0,0,0,0,0,0,0,0
ذات صلة,0,0,0,0,0,0,0,0,0,1
علاقة,0,0,0,0,0,0,0,0,0,0
صلة,0,0,0,0,0,0,0,0,0,0
نسبيا,0,0,0,0,0,0,0,0,0,1
النسبية,0,0,0,0,0,0,0,0,0,0
مرتخي,0,0,0,0,0,0,0,0,0,0
استرخاء,0,0,0,0,0,0,1,0,0,0
استرخاء,0,0,0,0,0,0,0,0,0,0
تناوب,0,0,0,0,0,0,0,0,0,0
إطلاق سراح,0,0,0,0,0,0,0,0,0,0
صدر,0,0,0,0,0,0,0,0,0,0
هبوط,0,0,0,0,0,1,0,0,0,0
الصلة,0,0,0,0,0,0,0,0,0,0
ذو صلة,0,0,0,0,0,0,1,0,0,1
الموثوقية,0,0,0,0,0,0,1,0,0,1
موثوق بها,0,0,0,0,0,0,1,0,0,1
الاعتماد,0,0,0,0,0,0,1,0,0,1
بقايا,0,0,0,0,0,0,0,0,0,0
الاثار,0,0,0,0,0,0,0,1,0,0
اِرتِياح,0,0,0,0,0,0,1,0,0,0
تخفيف,0,0,0,0,0,0,1,0,0,0
دين,0,0,0,0,0,0,0,0,0,1
متدين,0,0,0,0,0,0,0,0,0,0
يتخلى عن,0,0,0,0,0,1,0,0,0,0
استمتع,0,0,0,0,0,0,0,0,0,0
ممانعة,0,0,0,0,0,0,0,0,0,0
ممانع,0,0,0,1,0,1,0,0,0,0
بقية,0,0,0,0,0,0,0,0,0,0
متبقي,0,0,0,0,0,0,0,0,0,0
بقايا,0,0,1,1,0,1,1,0,0,1
طبعة جديدة,0,0,0,0,0,0,1,0,0,0
الحبس الاحتياطي,1,0,0,0,0,1,0,0,0,0
ملاحظة,0,0,0,0,0,0,0,0,0,0
لافت للنظر,0,0,0,0,1,0,1,0,1,1
لافت للنظر,0,0,0,0,0,0,1,0,0,0
تصحيحية,0,0,0,0,0,1,0,0,0,0
علاج,0,1,0,0,1,0,1,0,0,1
تذكر,0,0,0,0,0,0,0,0,0,0
تذكرت,0,0,0,0,0,0,0,0,0,0
تذكر,0,0,0,0,0,0,0,0,0,0
ذكرى,0,0,0,0,0,0,0,0,0,0
يتذكر,0,0,0,0,0,0,0,0,0,0
تذكير,0,0,0,0,0,0,0,0,0,0
مقصرة,1,0,1,0,0,1,0,1,0,0
مغفرة,0,0,0,0,0,0,1,0,0,0
تحويل,0,0,0,0,0,0,0,0,0,0
التحويل,0,0,0,0,0,0,0,0,0,0
بقية,0,0,0,0,0,0,0,0,0,0
إعادة تشكيل,0,0,0,0,0,0,1,0,0,0
الندم,0,0,0,0,0,1,0,1,0,0
التحكم عن بعد,0,0,0,0,0,0,0,0,0,0
بعد,0,0,0,0,0,0,0,0,0,0
إزالة,0,0,0,0,0,1,0,0,0,0
إزالة,1,0,0,1,0,1,0,1,0,0
تعويض,0,0,0,0,0,0,0,0,0,0
عصر النهضة,0,0,0,0,0,0,1,0,0,0
rencontre,0,0,0,0,0,1,0,0,0,0
تمزيق,0,0,0,0,0,1,0,0,0,0
يجعل,0,0,0,0,0,0,1,0,0,0
استدعاء,0,0,0,0,0,0,0,0,0,0
موعد,0,0,0,0,0,0,0,0,0,0
أداء,0,0,0,0,0,0,0,0,0,0
المنشق,1,0,0,0,0,1,0,0,0,0
التجديد,0,0,0,0,0,0,1,0,0,0
تنازل,1,0,0,0,0,1,0,0,0,0
ترميم,0,1,0,0,0,0,1,0,0,0
تم تجديده,0,0,0,0,0,0,0,0,0,0
تجديد,0,1,0,0,1,0,1,0,0,0
شهرة,0,0,0,0,0,0,1,0,0,0
مشهور,0,0,0,0,0,0,1,0,0,0
تأجير,0,0,0,0,0,0,0,0,0,0
تأجير,0,0,0,0,0,0,0,0,0,0
المستأجر,0,0,0,0,0,0,0,0,0,0
التنازل,0,0,0,0,0,1,0,0,0,0
إعادة تنظيم,0,0,0,0,0,0,0,0,0,0
إعادة التنظيم,0,0,0,0,0,0,1,0,0,0
يصلح,0,0,0,0,0,0,0,0,0,0
جبر الضرر,0,0,0,0,0,0,1,0,0,1
سداد,1,1,0,0,1,0,1,0,0,1
السداد,0,0,0,0,0,0,0,0,0,0
إلغاء,0,0,0,0,0,0,0,0,0,0
كرر,0,0,0,0,0,0,0,0,0,0
معاد,0,0,0,0,0,0,0,0,0,0
مرارا وتكرارا,0,0,0,0,0,0,0,0,0,0
مكرر,0,0,0,0,0,0,0,0,0,0
طارد,0,0,1,1,0,1,0,0,0,0
طارد,1,0,1,1,0,1,0,0,0,0
صد,0,0,1,0,0,1,0,0,0,0
نادم,0,0,0,1,0,0,1,0,0,0
التوبة,0,0,0,0,0,0,0,0,0,0
مخزون,0,0,0,0,0,0,0,0,0,0
مرجع,0,0,0,0,0,0,0,0,0,0
تكرار,0,0,0,0,0,0,0,0,0,0
يحل محل,0,0,0,0,0,0,0,0,0,0
إستبدال,0,0,0,0,0,0,0,0,0,0
تجديد,0,0,0,0,0,0,1,0,0,0
مليئة,0,0,0,0,0,0,1,0,0,0
تكرار,0,0,0,0,0,0,0,0,0,0
الرد,0,0,0,0,0,0,0,0,0,0
أبلغ عن,0,0,0,0,0,0,0,0,0,0
ذكرت,0,0,0,0,0,0,0,0,0,0
مراسل,0,0,0,0,0,0,1,0,0,1
راحة,0,0,0,0,0,0,1,0,0,0
إعادة,0,0,0,0,0,0,0,0,0,0
مخزن,0,0,0,0,0,0,0,0,0,0
التمثيل,0,0,0,0,0,0,0,0,0,0
وكيل,0,0,0,0,0,0,0,0,0,0
ممثلة,0,0,0,0,0,0,1,0,0,0
يمثل,0,1,0,0,0,0,0,0,0,0
قمع,0,0,0,0,0,1,0,1,0,0
مكبوت,0,0,0,0,0,0,0,0,0,0
قمع,0,0,0,1,0,1,0,0,0,0
ارجاء التنفيذ,0,0,0,0,0,0,0,0,0,0
شجب,1,0,0,0,0,1,0,0,0,0
طبع,0,0,0,0,0,1,0,0,0,0
انتقام,1,0,0,1,0,1,0,1,0,0
تكرار,0,0,0,0,0,0,0,0,0,0
عتاب,1,0,1,0,0,1,0,1,0,0
إعادة إنتاج,0,0,0,0,0,0,0,0,0,0
التكاثر,0,0,0,0,0,0,0,0,0,0
الإنجابية,0,0,0,0,1,0,1,0,0,0
الزواحف,0,0,0,0,0,0,0,0,0,0
جمهورية,0,0,0,0,0,1,0,0,0,0
جمهوري,0,0,0,0,0,0,0,0,0,0
طلاق,1,0,1,0,0,1,0,0,0,0
تنافر,0,0,1,1,0,1,0,0,0,0
إعادة الشراء,0,0,0,0,0,0,0,0,0,0
حسن السمعة,0,0,0,0,0,0,1,0,0,1
سمعة,0,0,0,0,0,0,0,0,0,0
السمعة,0,0,0,0,0,0,0,0,0,0
طلب,0,0,0,0,0,0,0,0,0,0
قداس,0,0,0,0,0,0,0,1,0,0
مطلوب,0,0,0,0,0,0,0,0,0,0
المتطلبات,0,0,0,0,0,0,0,0,0,0
مطلوب,0,0,0,0,0,0,0,0,0,0
الاستيلاء,0,0,0,0,0,0,0,0,0,0
أبطل,0,0,0,0,0,1,0,0,0,0
إلغاء,0,0,0,0,0,1,0,0,0,0
إنقاذ,0,1,0,0,1,0,1,0,1,1
ابحاث,0,0,0,0,0,0,0,0,0,0
استئصال,0,0,0,1,0,0,0,0,0,0
تشابه,0,0,0,0,0,0,0,0,0,0
تشابه,0,0,0,0,0,0,0,0,0,0
يشبه,0,0,0,0,0,0,0,0,0,0
استياء,1,0,0,0,0,1,0,0,0,0
استياء,1,0,0,0,0,1,0,0,0,0
استياء,1,0,1,0,0,1,0,1,0,0
تحفظ,0,0,0,0,0,0,0,0,0,0
الاحتياطي,0,0,0,0,0,0,1,0,0,0
محجوز,0,0,0,0,0,0,0,0,0,0
محميات,0,0,0,0,0,0,0,0,0,0
خزان,0,0,0,0,0,0,0,0,0,0
يقيم,0,0,0,0,0,0,0,0,0,0
إقامة,0,0,0,0,0,0,0,0,0,0
مساكن,0,0,0,0,0,0,0,0,0,0
مقيم,0,0,0,0,0,0,1,0,0,0
المتبقية,0,0,0,0,0,0,0,0,0,0
بقايا,0,0,0,0,0,0,0,0,0,0
استقيل,1,0,1,1,0,1,0,1,0,0
استقالة,0,0,0,0,0,1,0,1,1,0
استقال,0,0,0,0,0,1,0,1,0,0
المرونة,0,0,0,0,0,0,0,0,0,0
مرن,0,0,0,0,0,0,1,0,0,0
مادة صمغية,0,0,0,0,0,0,0,0,0,0
يقاوم,0,0,0,0,0,1,0,0,0,0
مقاومة,1,0,0,0,0,1,0,0,0,0
مقاومة,0,0,0,1,0,1,0,0,0,0
مقاومة,1,0,0,1,0,1,0,1,0,0
مقاوم,0,0,0,0,0,0,1,0,0,0
حازم,0,0,0,0,0,0,0,0,0,0
بحزم,0,0,0,0,0,0,1,0,0,0
الدقة,0,0,0,0,0,0,0,0,0,0
حل,0,0,0,0,0,0,0,0,0,0
تم الحل,0,0,0,0,0,0,0,0,0,0
صدى,0,0,0,0,0,0,0,0,0,0
رنين,0,0,0,0,0,0,0,0,0,0
صدى,0,0,0,0,0,0,0,0,0,0
مرنان,0,0,0,0,0,0,0,0,0,0
ملتجأ,0,0,0,0,0,0,0,0,0,0
مدوي,0,0,0,0,0,0,0,0,0,0
مصادر,0,0,0,0,1,0,1,0,0,1
احترام,0,1,0,0,1,0,1,0,0,1
الاحترام,0,0,0,0,0,0,1,0,0,0
محترم,0,0,0,0,0,0,1,0,0,1
محترم,0,0,0,0,0,0,0,0,0,0
محترم,0,0,0,0,0,0,1,0,0,1
الاحترام,0,0,0,0,0,0,1,0,0,0
خاص به,0,0,0,0,0,0,0,0,0,0
يحترم,0,0,0,0,0,0,1,0,0,1
التنفس,0,0,0,0,0,0,0,0,0,0
جهاز تنفس,0,0,0,0,0,0,0,0,0,0
راحة,0,0,0,0,1,0,1,0,0,1
متألق,0,0,0,0,1,0,1,0,0,0
رد,0,0,0,0,0,0,0,0,0,0
المدعى عليه,0,0,0,0,0,0,0,0,0,0
استجابة,0,0,0,0,0,0,0,0,0,0
المسئولية,0,0,0,0,0,0,0,0,0,0
مسؤول,0,0,0,0,0,0,1,0,0,1
متجاوب,0,1,0,0,0,0,1,0,0,1
راحة,0,0,0,0,0,0,1,0,0,0
مطعم,0,0,0,0,0,0,0,0,0,0
مريح,0,0,0,0,0,0,1,0,0,0
رد,1,0,0,0,0,0,1,0,0,0
الأرق,0,1,0,0,0,0,0,0,0,0
استعادة,0,0,0,0,0,0,0,0,0,0
التصالحية,0,1,0,0,1,0,1,0,0,1
رمم,0,0,0,0,0,0,0,0,0,0
استعادة,0,0,0,0,0,0,1,0,0,0
كبح,1,0,0,1,0,1,0,0,0,0
المقيد,0,0,0,1,0,0,0,0,0,0
ضبط النفس,0,0,0,0,0,0,1,0,0,0
بتقييد,0,0,0,0,0,1,0,1,0,0
مقيد,0,0,0,0,0,0,0,0,0,0
تقييد,1,0,0,1,0,1,0,1,0,0
تقييدي,0,0,0,0,0,1,0,0,0,0
نتيجة,0,1,0,0,0,0,0,0,0,0
الناتج,0,1,0,0,0,0,0,0,0,0
استئناف,0,0,0,0,0,0,1,0,0,0
القيامة,0,0,0,0,0,0,0,0,0,0
إنعاش,0,0,0,0,0,0,0,0,0,0
بيع بالتجزئة,0,0,0,0,0,0,0,0,0,0
بائع تجزئة,0,0,0,0,0,0,0,0,0,0
يحتفظ,0,0,0,0,0,0,0,0,0,1
الاحتفاظ,0,0,0,0,0,0,0,0,0,0
استعادة,0,0,0,0,0,0,0,0,0,0
الرد بالمثل,1,0,0,0,0,1,0,0,0,0
انتقام,1,0,0,1,0,1,0,0,0,0
انتقامي,1,0,0,0,0,1,0,0,0,0
يؤخر,0,0,1,1,0,1,0,1,0,0
تخلف,0,0,0,0,0,1,0,0,0,0
احتفاظ,0,0,0,0,0,0,1,0,0,0
متحفظ,0,0,0,0,0,0,0,0,0,0
كتوم,0,0,0,1,0,1,0,0,0,0
شبكية العين,0,0,0,0,0,0,0,0,0,0
متقاعد,0,0,0,0,0,0,0,0,0,0
التقاعد,0,1,0,1,1,1,1,1,0,1
المتقاعد,0,0,0,0,0,0,0,0,0,0
روى,0,0,0,0,0,0,0,0,0,0
الرد,0,0,0,0,0,1,0,0,0,0
تقفي,0,0,0,0,0,0,0,0,0,0
تراجع,1,0,0,0,0,1,0,0,0,0
تراجع,0,0,0,0,0,1,0,0,0,0
الانكماش,0,0,0,1,0,1,0,0,0,0
القصاص,1,0,0,1,0,1,0,1,0,0
استرجاع,0,0,0,0,0,0,0,0,0,0
يسترد,0,0,0,0,0,0,0,0,0,0
المسترد,0,0,0,0,0,0,0,0,0,0
اثر رجعي,0,0,0,0,0,0,0,0,0,0
متراجع,0,0,0,0,0,1,0,0,0,0
إلى الماضي,0,0,0,0,0,0,0,0,0,0
بأثر رجعي,0,0,0,0,0,0,0,0,0,0
بأثر رجعي,0,0,0,0,0,0,0,0,0,0
إرجاع,0,0,0,0,0,0,0,0,0,0
جمع شمل,0,1,0,0,0,0,1,0,0,1
يكشف,0,0,0,0,0,0,0,0,0,0
عربد,0,0,0,0,1,0,1,0,0,0
وحي,0,0,0,0,0,0,0,0,0,0
يحتفل,0,0,0,0,1,0,1,0,0,0
انتقام,1,1,0,1,0,1,0,0,1,0
ربح,0,0,0,0,0,0,0,0,0,0
صدى,0,0,0,0,0,0,0,0,0,0
احترام,0,1,0,0,1,0,1,0,0,1
تقديس,0,0,0,0,1,0,1,0,0,1
القس,0,0,0,0,1,0,1,0,0,0
موقر,0,0,0,0,0,0,0,0,0,0
خيالية,0,0,0,0,1,0,1,0,0,1
"انعكاس، ارتداد، انقلاب",1,0,1,0,0,1,0,0,1,0
يعكس,0,0,0,0,0,0,0,0,0,0
ارتداد,0,0,0,0,0,0,0,0,0,0
يرجع,0,0,0,0,0,0,0,0,0,0
العودة,0,0,0,0,0,0,0,0,0,0
إعادة النظر,0,0,0,0,0,0,0,0,0,0
المراجع,0,0,0,0,0,0,0,0,0,0
تراجع,0,0,0,0,0,0,1,0,0,0
مراجعة,0,0,0,0,0,0,0,0,0,0
إعادة النظر,0,0,0,0,0,0,0,0,0,0
إحياء,0,1,0,0,1,0,1,0,0,1
اعادة احياء,0,1,0,0,0,1,1,0,0,0
إبطال,0,0,0,0,0,1,0,0,0,0
سحب او إبطال,1,0,1,1,0,1,0,1,0,0
تمرد,1,0,0,0,0,1,0,0,1,0
اشمئزاز,1,0,1,1,0,1,0,0,0,0
ثورة,1,1,0,1,0,1,1,1,1,0
ثوري,0,0,0,0,0,0,1,0,0,0
ثورة,0,0,0,0,0,0,0,0,0,0
تدور,0,0,0,0,0,0,0,0,0,0
مسدس,1,0,0,1,0,1,0,1,0,0
اشمئزاز,1,0,1,1,0,1,0,0,0,0
جائزة,0,1,0,0,1,0,1,0,1,1
البلاغة,0,0,0,0,0,0,0,0,0,0
بلاغي,0,0,0,0,0,0,0,0,0,0
الروماتيزم,1,0,0,1,0,1,0,1,0,0
قافية,0,0,0,0,0,0,0,0,0,0
القافية,0,0,0,0,0,0,0,0,0,0
إيقاع,0,0,0,0,0,0,1,0,0,0
إيقاعي,0,0,0,0,1,0,1,0,1,0
ضلع,0,0,0,0,0,0,0,0,0,0
مضلع,0,0,0,0,0,0,0,0,0,0
شريط,1,1,0,0,1,0,1,0,0,0
أرز,0,0,0,0,0,0,0,0,0,0
ثروات,0,0,0,0,0,0,0,0,0,0
ثراء,0,0,0,0,0,0,1,0,0,0
ريك,0,0,0,0,0,0,0,0,0,0
متهالك,0,0,0,0,0,1,0,0,0,0
يتخلص,0,0,0,0,0,0,0,0,0,0
بئس المصير,0,0,0,0,0,0,0,0,0,0
لغز,0,0,0,0,0,0,0,0,1,0
مليئة,0,0,0,0,0,1,0,0,0,0
اركب,0,0,0,0,0,0,0,0,0,0
متسابق,0,0,0,0,0,0,1,0,0,0
ريدج,0,0,0,0,0,0,0,0,0,0
سخرية,1,0,1,0,0,1,0,1,0,0
سخيف,1,0,1,0,0,1,0,0,0,0
يركب,0,0,0,0,0,0,0,0,0,0
منتشر,0,0,0,0,0,1,0,0,0,0
بندقية,1,0,0,1,0,1,0,0,0,0
بنادق,0,0,0,0,0,0,0,0,0,0
صدع,0,0,0,0,0,1,0,0,0,0
اجهزة,0,0,0,0,0,0,0,0,0,0
تزوير,0,0,0,0,0,0,0,0,0,0
الصالحين,0,0,0,0,0,0,1,0,0,0
شرعي,0,0,0,0,0,0,1,0,0,0
بحق,0,0,0,0,0,0,1,0,0,0
جامد,0,0,0,0,0,1,0,0,0,0
الاستعلاء,0,0,0,0,0,1,0,0,0,0
دقة,0,0,1,1,0,1,0,0,0,0
صارم,0,0,0,0,0,1,0,0,0,0
حافة,0,0,0,0,0,0,0,0,0,0
قشرة,0,0,0,0,0,0,0,0,0,0
جرس,0,0,0,0,0,0,0,0,0,0
المسابقة,1,0,0,0,0,1,0,0,0,0
رنين,0,0,0,0,0,0,0,0,0,0
حلبة للتزلج,0,0,0,0,0,0,0,0,0,0
شطف,0,0,0,0,0,0,0,0,0,0
شغب,1,0,0,1,0,1,0,0,0,0
مشاغب,1,0,0,1,0,1,0,0,1,0
ضفاف النهر,0,0,0,0,0,0,0,0,0,0
ناضج,0,0,0,0,0,0,1,0,0,0
تنضج,0,1,0,0,0,0,1,0,0,0
رشد,0,0,0,0,0,0,0,0,0,0
تموج,0,0,0,0,0,0,0,0,0,0
ترتفع,0,0,0,0,0,0,0,0,0,0
ارتفاع,0,1,0,0,1,0,1,0,0,0
مخاطرة,0,1,0,1,0,1,0,0,0,0
محفوفة بالمخاطر,0,1,0,1,0,1,0,0,0,0
طقوس,0,0,0,0,0,0,0,0,0,0
شعيرة,0,0,0,0,0,0,0,0,0,0
طقسية,0,0,0,0,0,0,0,0,0,0
منافسة,0,0,0,0,0,0,0,0,0,0
التنافس,1,0,0,0,0,1,0,0,0,0
نهر,0,0,0,0,0,0,0,0,0,0
ضفه النهر,0,0,0,0,0,0,0,0,0,0
برشام,0,0,0,0,0,0,0,0,0,0
ينصب,0,0,0,0,0,0,0,0,0,0
التثبيت,0,0,0,0,0,0,1,0,0,0
طريق,0,0,0,0,0,0,0,0,0,0
الطرق,0,0,0,0,0,0,0,0,0,0
رودستر,0,0,0,0,1,0,1,0,0,1
الطريق,0,0,0,0,0,0,0,0,0,0
تجوب,0,0,0,0,0,0,0,0,0,0
هدير,0,0,0,0,0,0,0,0,0,0
منال,0,0,0,0,0,0,0,0,0,0
روب,1,0,1,1,0,1,0,1,0,0
السارق,0,0,1,1,0,1,0,0,0,0
سرقة,1,0,1,1,0,1,0,1,0,0
رداء - روب,0,0,0,0,0,0,0,0,0,0
إنسان آلي,0,0,0,0,0,0,0,0,0,0
علم الروبوتات,0,0,0,0,0,0,0,0,0,0
قوي,0,0,0,0,0,0,1,0,0,0
روك,0,0,0,0,0,0,0,0,0,0
صخر,0,0,0,0,0,0,1,0,0,0
صاروخ,1,0,0,0,0,0,0,0,0,0
الصخور,0,0,0,0,0,0,0,0,0,0
عصا,0,0,0,1,0,0,1,0,0,1
رو,0,0,0,0,0,0,0,0,0,0
محتال,0,0,1,0,0,1,0,0,0,0
وظيفة,0,0,0,0,0,0,0,0,0,0
لفافة,0,0,0,0,0,0,0,0,0,0
أسطوانة,0,0,0,0,0,0,0,0,0,0
بكرات,0,0,0,0,0,0,0,0,0,0
ظريف الطبع,0,0,0,0,1,0,1,0,0,0
المتداول,0,0,0,0,0,0,0,0,0,0
رومانسي,0,1,0,1,1,0,1,1,1,1
رومانسي,0,1,0,0,1,0,1,0,0,1
الرومانسية,0,0,0,0,1,0,1,0,0,0
مرح,0,0,0,0,1,0,1,0,0,0
سقف,0,0,0,0,0,0,0,0,0,0
يخدع,1,0,1,0,0,1,0,0,0,0
مجال,0,0,0,0,0,0,0,0,0,0
فسيح,0,0,0,0,0,0,0,0,0,0
جثم,0,0,0,0,0,0,0,0,0,0
الديك,0,0,0,0,0,0,0,0,0,0
جذر,0,0,0,0,0,0,0,0,0,0
متجذرة,0,0,0,0,0,0,1,0,0,1
حبل,0,0,0,0,0,0,0,0,0,0
مسبحة,0,0,0,0,0,0,0,0,0,0
ارتفع,0,0,0,0,0,0,0,0,0,0
إكليل الجبل,0,0,0,0,0,0,0,0,0,0
وردة,0,0,0,0,0,0,0,0,0,0
قائمة,0,0,0,0,0,0,0,0,0,0
وردية,0,0,0,0,0,0,1,0,0,0
تعفن,0,0,1,1,0,1,0,1,0,0
محكمة إستئناف اكليركية,0,0,0,0,0,0,1,0,0,1
دوار,0,0,0,0,0,0,0,0,0,0
استدارة,0,0,0,0,0,0,0,0,0,0
دوران,0,0,0,0,0,0,0,0,0,0
كتب,0,0,0,0,0,0,0,0,0,0
الدوار,0,0,0,0,0,0,0,0,0,0
متعفنة,0,0,1,0,0,1,0,0,0,0
شفتين,0,0,0,0,0,0,0,0,0,0
قاس,0,0,0,0,0,0,0,0,0,0
بقسوة,0,0,0,0,0,0,0,0,0,0
خشونة,0,0,0,0,0,1,0,0,0,0
الروليت,0,1,0,0,0,0,0,0,0,0
دائري,0,0,0,0,0,0,0,0,0,0
الدوار,0,0,0,0,0,0,0,0,0,0
مدور,0,0,0,0,0,0,0,0,0,0
جمع الشمل,0,0,0,0,0,0,0,0,0,0
استيقظ,0,0,0,0,0,0,0,0,0,0
يوقظ,0,0,0,0,0,0,0,0,0,0
إثارة,0,0,0,0,0,0,0,0,0,0
هزيمة,0,0,0,0,0,1,0,0,0,0
طريق,0,0,0,0,0,0,0,0,0,0
نمط,0,0,0,0,0,0,1,0,0,1
روفر,0,0,0,0,0,0,0,0,0,0
متنقل,0,0,0,0,0,0,0,0,0,0
صف,1,0,0,0,0,1,0,0,0,0
مشاكس,0,0,0,0,0,1,0,0,0,0
ملكي,0,0,0,0,0,0,0,0,0,0
الملوك,0,0,0,0,0,0,1,0,0,0
فرك,0,0,0,0,0,0,0,0,0,0
ممحاة,0,0,0,0,0,0,0,0,0,0
المطاط,0,0,0,0,0,0,0,0,0,0
فرك,0,0,0,0,0,0,0,0,0,0
قمامة,0,0,1,0,0,1,0,0,0,0
الأنقاض,0,0,0,1,0,1,0,1,0,0
عنوان,0,0,0,0,0,0,1,0,0,0
روبي,0,0,0,0,0,0,0,0,0,0
الموجه,0,0,0,0,0,0,0,0,0,0
رودي,0,0,0,0,0,0,0,0,0,0
بدائي,0,0,0,0,0,0,0,0,0,0
اساسيات,0,0,0,0,0,0,0,0,0,0
شارع,0,0,0,0,0,1,0,1,0,0
راف,0,0,0,0,0,0,0,0,0,0
كشكش,0,0,0,0,0,1,0,0,0,0
بساط,0,0,0,0,0,0,0,0,0,0
"وعر، خشن، قاس",0,0,0,0,0,1,0,0,0,0
يخرب,0,0,0,1,0,1,0,1,0,0
مدمر,1,0,1,1,0,1,0,1,0,0
مدمر,1,0,1,1,0,1,0,1,0,0
أثار,0,0,0,0,0,0,0,0,0,0
قاعدة,0,0,0,1,0,0,0,0,0,1
مسطرة,0,0,0,0,0,0,0,0,0,0
حكم,0,0,0,0,0,0,0,0,0,0
الروم,0,0,0,0,0,0,0,0,0,0
قعقعة,0,0,0,0,0,0,0,0,0,0
نقب,0,0,0,0,0,0,0,0,0,0
شائعة,0,0,0,0,0,1,0,1,0,0
يشاع,0,0,0,0,0,0,0,0,0,0
الردف,0,0,0,0,0,0,0,0,0,0
اهرب,0,0,0,0,0,1,0,1,0,0
الرونية,0,0,0,0,0,0,0,0,0,0
الدرجة,0,0,0,0,0,0,0,0,0,0
عداء,0,0,0,0,0,0,0,0,0,0
ادارة,0,0,0,0,0,0,0,0,0,0
المدرج,0,0,0,0,0,0,0,0,0,0
تمزق,0,0,0,1,0,1,0,1,1,0
قروي,0,0,0,0,0,0,0,0,0,0
حيلة,0,0,0,0,0,1,0,0,0,0
يسرع,0,0,0,0,0,0,0,0,0,0
الصدأ,0,0,0,0,0,1,0,0,0,0
ريفي,0,0,0,0,0,0,0,0,0,0
حفيف,0,0,0,0,0,0,0,0,0,0
صدئ,0,0,0,0,0,1,0,0,0,0
شبق,0,0,0,0,0,0,0,0,0,0
روث,0,0,0,0,0,0,1,0,0,0
قاس,1,0,1,1,0,1,0,0,0,0
الذرة,0,0,0,0,0,0,0,0,0,0
صابر,1,0,0,1,0,1,0,0,0,0
السمور,0,0,0,0,0,0,0,0,0,0
تخريب,1,0,1,1,0,1,0,1,1,0
كيس,0,0,0,0,0,0,0,0,0,0
كيس,0,0,0,0,0,0,0,0,0,0
سر,0,0,0,0,0,0,0,0,0,0
مقدس,0,0,0,0,0,0,0,0,0,0
تضحيات,0,0,1,1,0,1,0,1,0,0
سرج,0,0,0,0,0,0,0,0,0,0
للأسف,0,0,0,0,0,1,0,1,0,0
الحزن,0,0,0,0,0,1,0,1,0,1
آمنة,0,0,0,0,1,0,1,0,0,1
حماية,0,0,0,0,0,0,1,0,0,1
حفظ,0,0,0,0,0,0,0,0,0,1
سلامة,0,0,0,0,0,0,0,0,0,0
زعفران,0,0,0,0,0,0,0,0,0,0
تبلد,0,0,0,1,0,1,0,0,0,0
قصة طويلة,0,0,0,0,0,0,0,0,0,0
المريمية,0,0,0,0,0,0,1,0,0,1
ريشة,0,0,0,0,0,0,0,0,0,0
إبحار,0,0,0,0,0,0,0,0,0,0
بحار,0,0,0,0,0,0,0,0,0,0
القديس,0,1,0,0,1,0,1,0,1,1
قديس,0,1,0,0,1,0,1,0,1,1
سلطة,0,0,0,0,0,0,0,0,0,0
السمندر,0,0,0,0,0,0,0,0,0,0
راتب,0,1,0,0,1,0,1,0,0,1
تخفيض السعر,0,0,0,0,0,0,0,0,0,0
بائع,0,0,0,0,0,0,0,0,0,0
"بارز، ملحوظ",0,0,0,0,0,0,1,0,0,0
محلول ملحي,0,0,0,0,0,0,0,0,0,0
اللعاب,0,1,0,0,0,0,0,0,0,0
سالي,0,0,0,0,0,0,0,0,1,0
صالون,0,0,0,0,0,0,0,0,0,0
صالون,1,0,0,0,0,0,0,0,0,0
ملح,0,0,0,0,0,0,0,0,0,0
مالح,0,0,0,0,0,0,0,0,0,0
مفيد,0,0,0,0,1,0,1,0,0,1
تحية,0,0,0,0,0,0,0,0,0,0
التحية,0,0,0,0,1,0,1,0,0,0
استخلاص,0,0,0,0,0,0,0,0,0,0
خلاص,0,1,0,0,1,0,1,0,0,1
مرهم,0,0,0,0,0,0,1,0,0,0
سامبا,0,0,0,0,0,0,0,0,0,0
تشابه,0,0,0,0,0,0,0,0,0,0
الساموراي,0,0,0,1,0,0,1,0,0,0
التقديس,0,0,0,0,1,0,1,0,0,1
مقدس,0,0,0,0,0,0,0,0,0,0
قدس,0,1,0,0,1,0,1,1,1,1
عقوبة,0,0,0,0,0,0,0,0,0,0
تقرها,0,0,0,0,0,0,0,0,0,0
حرمة,0,0,0,0,0,0,0,0,0,0
الملاذ الآمن,0,1,0,0,1,0,1,0,0,1
رمل,0,0,0,0,0,0,0,0,0,0
صندل,0,0,0,0,0,0,0,0,0,0
ساندر,0,0,0,0,0,0,0,0,0,0
رمال,0,0,0,0,0,0,0,0,0,0
رملي,0,0,0,0,0,0,0,0,0,0
عاقل,0,0,0,0,0,0,0,0,0,0
متفائل,0,0,0,0,0,0,1,0,0,0
صحية,0,0,0,0,0,0,1,0,0,0
الصحة العقلية,0,0,0,0,0,0,0,0,0,0
بلا,0,0,0,0,0,0,0,0,0,0
العصارة,0,0,0,0,0,1,0,1,0,0
الياقوت,0,0,0,0,0,0,0,0,0,0
أخضر,0,0,0,0,0,0,0,0,0,1
سخرية,1,0,1,0,0,1,0,1,0,0
ساركوما,0,0,0,1,0,1,0,1,0,0
تهكمي,0,0,0,0,0,1,0,0,0,0
وشاح,0,0,0,0,0,0,0,0,0,0
شيطاني,1,0,0,0,0,1,0,0,0,0
حقيبة,0,0,0,0,0,0,0,0,0,0
أشبع,0,0,0,0,0,0,0,0,0,0
الأقمار الصناعية,0,0,0,0,0,0,0,0,0,0
صقيل,0,0,0,0,0,0,1,0,0,0
هجاء,0,0,0,0,0,0,0,0,0,0
الساخرة,0,0,0,0,0,0,0,0,0,0
إشباع,0,0,0,0,0,0,0,0,0,0
بشكل مرضي,0,0,0,0,0,0,1,0,0,0
راضي,0,0,0,0,1,0,1,0,0,0
مشبع,0,0,0,0,0,0,0,0,0,0
مشبع,0,0,1,0,0,1,0,0,0,0
التشبع,0,0,0,0,0,0,0,0,0,0
صلصة,0,0,0,0,0,0,0,0,0,0
قدر,0,0,0,0,0,0,0,0,0,0
صحن,0,0,0,0,0,0,0,0,0,0
بذيء,0,0,0,0,0,0,0,0,0,0
ملفوف مخلل,0,0,0,0,0,0,0,0,0,0
ساونا,0,0,0,0,0,0,0,0,0,0
متوحش,1,0,0,1,0,1,0,0,0,0
الوحشية,1,0,0,1,0,1,0,0,0,0
السافانا,0,0,0,0,0,0,0,0,0,0
حفظ,0,0,0,0,1,0,1,0,0,1
إنقاذ,0,0,0,0,0,0,0,0,0,0
مدخرات,0,0,0,0,0,0,1,0,0,0
تذوق,0,1,1,0,1,0,1,1,0,1
مالح,0,0,0,0,0,0,1,0,0,0
الدهاء,0,0,0,0,0,0,1,0,0,0
نشارة الخشب,0,0,0,0,0,0,0,0,0,0
ساكس,0,0,0,0,0,0,0,0,0,0
ساكسفون,0,0,0,0,0,0,0,0,0,0
قشرة الجرح,0,0,0,0,0,1,0,0,0,0
غمد,0,0,0,0,0,0,0,0,0,0
سقالة,0,0,0,1,0,1,0,0,0,0
سقالات,0,0,0,0,0,0,0,0,0,0
مقياس,0,0,0,0,0,0,0,0,0,0
مقاييس,0,0,0,0,0,0,0,0,0,0
إكليل,0,0,0,0,0,0,0,0,0,0
فروة الرأس,0,0,0,0,0,0,0,0,0,0
مشرط,0,0,0,1,0,1,0,0,0,0
متفلّس,0,0,0,0,0,1,0,0,0,0
مسح,0,0,0,0,0,0,0,0,0,0
فضيحة,0,0,0,1,0,1,0,0,0,0
فضيحة,1,0,0,0,0,1,0,0,0,0
هزيلة,0,0,0,0,0,1,0,0,0,0
سكيب,0,0,0,0,0,0,0,0,0,0
كبش فداء,1,0,0,1,0,1,0,0,0,0
ندب,1,0,1,1,0,1,0,1,0,0
الجعران,0,0,0,0,0,0,0,0,0,0
نادرة,0,0,0,1,0,1,0,1,0,0
نادرا,0,0,0,0,0,1,0,1,0,0
نقص,1,0,0,1,0,1,0,1,0,0
فزع,1,1,0,1,0,1,0,0,1,0
فزاعة,0,0,0,1,0,1,1,0,0,0
وشاح,0,0,0,0,0,0,0,0,0,0
اللون القرمزي,0,0,0,0,0,0,0,0,0,0
مبعثر,0,0,0,0,0,0,0,0,0,0
مبعثر,0,0,0,0,0,0,0,0,0,0
تشتت,0,0,0,0,0,0,0,0,0,0
زبال,0,0,0,0,0,1,0,0,0,0
مشهد,0,0,0,0,0,0,0,0,0,0
منظر طبيعى,0,0,0,0,0,0,0,0,0,0
المناظر الخلابة,0,0,0,0,0,0,0,0,0,0
رائحة,0,0,0,0,0,0,0,0,0,0
متشكك,0,0,0,0,0,0,0,0,0,1
شك,0,0,0,0,0,0,0,0,0,0
تخطيطي,0,0,0,0,0,0,0,0,0,0
مخطط,0,0,0,0,0,1,0,0,0,0
انشقاق,1,0,0,0,0,1,0,0,0,0
انفصام فى الشخصية,1,0,1,1,0,1,0,1,0,0
مختص بمجال علمي,0,0,0,0,0,0,1,0,0,0
علمي,0,0,0,0,0,0,0,0,0,0
منحة دراسية,0,0,0,0,1,0,1,0,0,0
المدرسة,0,0,0,0,0,0,0,0,0,1
تلميذ,0,0,0,0,0,0,0,0,0,0
التعليم,0,0,0,0,0,0,0,0,0,0
مدير المدرسة,0,0,0,0,0,0,0,0,0,0
مركب شراعي,0,0,0,0,0,0,0,0,0,0
عرق النسا,0,0,0,0,0,1,0,0,0,0
علوم,0,0,0,0,0,0,0,0,0,0
علمي,0,0,0,0,0,0,1,0,0,1
عالم,0,1,0,0,0,0,1,0,0,1
وميض,0,0,0,0,0,0,1,0,0,0
وميض,0,0,0,0,0,0,0,0,0,0
وميض,0,0,0,0,0,0,0,0,0,0
سليل,0,0,0,0,0,0,0,0,0,0
مقص,0,0,0,0,0,0,0,0,0,0
يسخر,1,0,1,0,0,1,0,0,0,0
وبخ,1,0,1,1,0,1,0,1,0,0
توبيخ,1,0,0,0,0,1,0,0,0,0
مغرفة,0,0,0,0,0,0,0,0,0,0
مجال,0,0,0,0,0,0,0,0,0,0
حارق,1,0,0,0,0,1,0,0,0,0
نتيجة,0,1,0,0,1,0,1,0,1,0
درجات,0,0,0,0,0,0,0,0,0,0
سخرية,1,0,0,0,0,1,0,0,0,0
برج العقرب,1,0,1,1,0,1,0,0,1,0
سكوتش,0,0,0,0,0,1,0,0,0,0
الوغد,1,0,1,1,0,1,0,0,0,1
نظف,0,0,0,0,0,0,0,0,0,0
بلاء,1,0,0,1,0,1,0,1,0,0
كشاف,0,0,0,0,0,0,0,0,0,0
خربشة,0,0,0,0,0,0,0,0,0,0
تزاحم,0,0,0,0,0,0,0,0,0,0
تخليط,0,0,0,0,0,1,0,0,0,0
كشط,0,0,0,0,0,0,0,0,0,0
سكرابي,1,0,0,1,0,1,0,1,0,0
تجريف,0,0,0,0,0,0,0,0,0,0
خدش,0,0,0,0,0,0,0,0,0,0
تصرخ,1,0,1,1,0,1,0,0,1,0
صراخ,1,0,1,1,0,1,0,0,0,0
صرير,0,0,0,1,0,1,0,0,1,0
شاشة,0,0,0,0,0,0,0,0,0,0
مفك براغي,0,0,0,0,0,0,0,0,0,0
ثمل,1,0,0,0,0,1,0,0,0,0
خربشة,0,0,0,0,0,0,0,0,0,0
الكاتب,0,0,0,0,0,0,1,0,0,0
مشاجرة,0,0,0,0,0,1,0,0,1,0
سكريب,0,0,0,0,0,0,0,0,0,0
النصي,0,0,0,0,0,0,1,0,0,0
كتابي,0,0,0,0,0,0,0,0,0,0
الكتاب المقدس,0,0,0,0,0,0,0,0,0,1
التمرير,0,0,0,0,0,0,0,0,0,0
تنظيف,0,0,1,0,0,1,0,0,0,0
شهي,0,0,0,0,0,0,1,0,0,0
دقيق,0,0,0,0,0,0,0,0,0,0
"يفحص، يدقق",0,1,0,0,0,1,0,0,0,0
التدقيق,0,0,0,0,0,1,0,0,0,0
نحات,0,0,0,0,0,0,0,0,0,0
النحت,0,0,0,0,0,0,1,0,0,0
منحوتة,0,0,0,0,0,0,0,0,0,0
حثالة,0,0,1,0,0,1,0,0,0,0
بحر,0,0,0,0,0,0,1,0,0,0
الساحل,0,0,0,0,0,0,0,0,0,0
عجل البحر,0,0,0,0,0,0,1,0,0,1
الأختام,0,0,0,0,0,0,0,0,0,1
التماس,0,0,0,0,0,0,0,0,0,0
بحار,0,0,0,0,0,0,0,0,0,0
سلس,0,0,0,0,0,0,0,0,0,0
خياطة,0,0,0,0,0,0,0,0,0,0
ميناء,0,0,0,0,0,0,0,0,0,0
احرق,0,0,0,0,0,1,0,0,0,0
بحث,0,0,0,0,0,0,0,0,0,0
يبحث,0,0,0,0,0,0,0,0,0,0
محروق,0,0,0,0,0,0,0,0,0,0
شاطئ البحر,0,0,0,0,0,0,0,0,0,0
الموسم,0,0,0,0,0,0,0,0,0,0
المخضرمين,0,0,0,0,0,0,1,0,0,0
توابل,0,0,0,0,0,0,0,0,0,0
مقعد,0,0,0,0,0,0,0,0,0,0
انفصال,0,0,0,0,0,1,0,0,0,0
منعزل,0,0,0,0,0,1,0,1,0,0
العزلة,0,0,0,1,0,1,1,0,0,0
ثانوي,0,0,0,0,0,0,0,0,0,0
اليد الثانية,0,0,0,0,0,1,0,0,0,0
السرية,0,0,0,0,0,0,0,0,1,1
سر,0,0,0,0,0,0,0,0,0,1
سكرتارية,0,0,0,0,0,0,1,0,0,0
سكرتير,0,0,0,0,0,0,0,0,0,0
تفرز,0,0,1,0,0,0,0,0,0,0
إفراز,0,0,1,0,0,1,0,0,0,0
كتوم,0,0,0,0,0,1,0,0,0,0
في السر,0,0,0,0,0,0,0,0,0,0
طائفة,0,0,0,0,0,0,0,0,0,0
طائفي,1,0,0,1,0,1,0,0,0,0
مقطعية,0,0,0,0,0,0,0,0,0,0
قطاع,0,0,0,0,0,0,0,0,0,0
علماني,0,1,0,0,0,0,0,0,0,0
علمانية,0,0,0,0,0,0,0,0,0,0
ضمانات,0,0,0,0,0,0,0,0,0,1
الأمان,0,0,0,0,0,0,0,0,0,0
سيدان,0,0,0,0,0,0,0,0,0,0
رزين,0,0,0,0,0,0,0,0,0,0
مهدئ,0,0,0,0,0,0,0,0,0,0
كَسُول,0,0,0,0,0,0,0,0,0,0
البردي,0,0,0,0,0,0,0,0,0,0
الرواسب,0,0,0,0,0,0,0,0,0,0
رسوبية,0,0,0,0,0,0,0,0,0,0
الفتنة,1,0,0,0,0,1,0,1,0,0
إغواء,0,0,0,0,0,1,0,0,0,0
إغواء,0,0,0,0,0,0,0,0,0,0
الإغواء,0,0,0,0,0,1,0,0,0,0
الإغراء,0,1,0,0,0,0,0,0,0,0
بذرة,0,0,0,0,0,0,0,0,0,0
الشتلات,0,0,0,0,0,0,0,0,0,0
بحث,0,1,0,0,0,0,0,0,0,0
طالب,0,0,0,0,0,0,0,0,0,0
على ما يبدو,0,0,0,0,0,0,0,0,0,0
الرائي,0,0,0,0,0,0,0,0,0,0
تغلي,0,0,0,0,0,0,0,0,0,0
مقطع,0,0,0,0,0,0,0,0,0,0
فصل,1,0,1,0,0,1,0,1,0,0
مفصول,0,0,0,0,0,1,0,0,0,0
الفصل,0,0,0,0,0,0,0,0,0,0
حجز اسر يستولى,0,0,0,1,0,1,0,0,0,0
تشنج,0,0,0,1,0,0,0,0,0,0
نادرًا,0,0,0,0,0,0,0,0,0,0
تحديد,0,0,0,0,0,0,0,0,0,0
اختيار,0,0,0,0,0,0,0,0,0,0
أنانية,1,0,1,0,0,1,0,0,0,0
أنانية,0,0,0,0,0,1,0,0,0,0
باع,0,0,0,0,0,0,0,0,0,0
تاجر,0,0,0,0,0,0,0,0,0,0
إشارة,0,0,0,0,0,0,0,0,0,0
مظهر,0,0,0,0,0,0,0,0,0,0
المني,0,0,0,0,0,0,0,0,0,0
فاصلة منقوطة,0,0,0,0,0,0,0,0,0,0
المنوي,0,0,0,0,0,0,0,0,0,0
ندوة,0,0,0,0,0,0,0,0,0,0
المدرسة,0,0,0,0,0,0,0,0,0,0
السيميائية,0,0,0,0,0,0,0,0,0,0
مجلس الشيوخ,0,0,0,0,0,0,0,0,0,1
سيناتور,0,0,0,0,0,0,0,0,0,0
إرسال,0,0,0,0,0,0,0,0,0,0
شيخوخة,0,0,0,0,0,0,0,0,0,0
خرف,0,0,0,1,0,1,0,1,0,0
أول,0,0,0,0,0,0,0,0,0,0
الأقدمية,0,0,0,0,0,0,1,0,0,1
إحساس,0,0,0,0,0,0,0,0,0,0
مثير,0,0,0,0,1,0,1,0,0,0
حاسة,0,0,0,0,0,0,1,0,0,0
عديم الإحساس,1,0,1,1,0,1,0,1,1,0
حواس,0,0,0,0,0,0,0,0,0,0
حساسية,0,0,0,0,0,0,1,0,0,0
بشكل معقول,0,0,0,0,0,0,1,0,0,0
حساس,0,0,0,0,0,0,0,0,0,0
حسي,0,0,0,0,0,0,0,0,0,0
حسي,0,1,0,0,1,1,1,0,1,1
شهوانية,0,1,0,0,1,0,1,0,0,0
حسي,0,0,0,0,1,0,1,0,0,0
جملة او حكم على,1,1,1,1,0,1,0,1,0,0
حساس,0,0,0,0,0,0,0,0,0,0
المشاعر,0,0,0,0,0,0,0,0,0,0
عاطفي,0,0,0,0,0,0,1,0,0,0
العاطفية,0,0,0,0,0,0,1,0,0,0
الحارس,0,0,0,0,0,0,1,0,0,1
خفير,0,0,0,0,0,0,0,0,0,1
قابل للفصل,0,0,0,0,0,0,0,0,0,0
متفرق,0,0,0,0,0,0,0,0,0,0
بشكل منفصل,0,0,0,0,0,0,0,0,0,0
انفصال,0,0,0,0,0,0,0,0,0,0
انفصالي,1,0,1,0,0,1,0,0,0,0
بني داكن,0,0,0,0,0,0,0,0,0,0
تعفن الدم,0,0,0,1,0,1,0,1,0,0
سبتمبر,0,0,0,0,0,0,0,0,0,0
تعفن,0,0,1,0,0,1,0,0,0,0
الحاجز,0,0,0,0,0,0,0,0,0,0
تتمة,0,1,0,0,0,0,0,0,0,0
تسلسل,0,0,0,0,0,0,0,0,0,0
متسلسل,0,0,0,0,0,0,0,0,0,0
معزول,0,0,0,0,0,0,0,0,0,0
المصادرة,0,0,0,0,0,1,0,1,0,0
هادئ,0,0,0,0,0,1,0,0,0,1
راحة نفسية,0,1,0,0,1,0,1,0,0,1
شاويش,0,0,0,0,0,0,0,0,0,0
مسلسل,0,1,0,0,0,0,0,0,0,0
سلسلة,0,0,0,0,0,0,0,0,0,1
الرقيق,0,0,0,0,0,0,0,0,0,0
خطورة,0,0,0,1,0,0,0,1,0,0
خطبة,0,0,0,0,0,0,1,0,0,1
ثعبان,0,0,1,1,0,1,0,0,0,0
اعوج,0,0,0,0,0,0,0,0,0,0
مسنن,0,0,0,0,0,0,0,0,0,0
مصل,0,0,0,0,0,0,1,0,0,0
خادم,0,0,0,0,0,1,0,0,0,1
تخدم,0,0,0,0,0,1,0,0,0,1
الخدمات,0,0,0,0,0,0,0,0,0,0
صالح للخدمة,0,0,0,0,0,0,0,0,0,0
ذليل,0,0,1,1,0,1,0,1,0,0
عبودية,0,0,0,0,0,1,0,0,0,0
sess,0,0,0,0,0,0,0,0,0,0
جلسة,0,0,0,0,0,0,0,0,0,0
الجلسات,0,0,0,0,0,0,0,0,0,0
تعيين,0,0,0,0,0,0,0,0,0,0
نكسة,0,0,0,0,0,1,0,1,0,0
ضبط,0,0,0,0,0,0,0,0,0,0
واضع,0,0,0,0,0,0,0,0,0,0
تسوية,0,0,0,0,0,0,0,0,0,0
تسوية,0,0,0,0,0,0,0,0,0,0
مستوطن,0,0,0,0,0,0,0,0,0,0
مستقر,0,0,0,1,0,0,1,0,0,0
السابع,0,0,0,0,0,0,0,0,0,0
سبعون,0,0,0,0,0,0,0,0,0,0
قطع,0,0,0,0,0,1,0,0,0,0
منفصل,0,0,0,0,0,0,0,0,0,0
كل على حده,0,0,0,0,0,0,0,0,0,0
قطع,0,0,0,0,0,0,0,1,0,0
بشدة,0,0,0,0,0,0,0,0,0,0
خطورة,0,0,0,0,0,0,0,0,0,0
خياطة,0,0,0,0,0,0,0,0,0,0
مياه المجاري,0,0,1,0,0,1,0,0,0,0
الصرف الصحي,0,0,1,0,0,0,0,0,0,0
الصرف الصحي,0,0,1,0,0,1,0,0,0,0
الجنس,0,1,0,0,1,0,1,0,0,1
الجنس,0,0,0,0,0,0,0,0,0,0
جنسي,0,0,0,0,0,0,0,0,0,0
رث,0,0,1,0,0,1,0,0,0,0
كوخ,0,0,1,0,0,1,0,1,0,0
قيد,1,1,1,1,0,1,0,1,0,0
الظل,0,0,0,0,0,0,0,0,0,0
ظلال,0,0,0,0,0,0,0,0,0,0
تظليل,0,0,0,0,0,0,0,0,0,0
ظل,0,0,0,0,0,0,0,0,0,0
غامض,0,0,0,0,0,0,0,0,0,0
ظليلة,0,0,0,1,0,1,0,0,0,0
الفتحة,0,0,0,0,0,0,0,0,0,0
شعر أشعث,0,0,0,0,0,0,0,0,0,0
أشعث,0,0,0,0,0,0,0,0,0,0
هزة,0,0,0,0,0,0,0,0,0,0
اهتزت,0,0,0,0,0,0,0,0,0,0
تهتز,0,0,0,1,0,1,0,0,0,0
مهتزة,1,1,0,1,0,1,0,0,0,0
الشام,1,0,1,0,0,1,0,0,0,0
شامان,0,0,0,0,0,0,0,0,0,0
الفوضى,0,0,0,0,0,1,0,0,0,0
عار,0,0,1,1,0,1,0,1,0,0
مخجل,0,0,0,0,0,1,0,1,0,0
وقح,0,0,1,0,0,1,0,0,0,0
شنغهاي,0,0,1,1,0,1,0,0,0,0
عرقوب,0,0,0,1,0,0,0,0,0,0
أكواخ,0,0,0,0,0,0,0,0,0,0
شكل,0,0,0,0,0,0,1,0,0,0
جميل,0,0,0,0,0,0,1,0,0,0
شارك,0,1,0,0,1,0,1,0,0,1
شريك,0,0,0,0,0,0,0,0,0,0
قرش,0,0,0,0,0,1,0,0,0,0
شحذ,1,1,0,0,0,0,0,0,0,0
شحذ,0,0,0,0,0,0,0,0,0,0
براية,0,0,0,0,0,0,0,0,0,0
حدة,0,0,0,0,0,0,0,0,0,0
تتحطم,1,0,0,1,0,1,0,1,1,0
محطمة,0,0,0,0,0,1,0,1,0,0
حلاقة,0,0,0,0,0,0,0,0,0,0
حلق,0,0,0,0,0,0,0,0,0,0
شال,0,0,0,0,0,0,0,0,0,0
حزمة,0,0,0,0,0,0,0,0,0,0
قص,0,0,0,0,0,0,0,0,0,0
المقصات,0,0,0,0,0,0,0,0,0,0
غمد,0,0,0,0,0,0,0,0,0,0
تغليف,0,0,0,0,0,0,0,0,0,0
تسلط,0,0,0,0,0,1,0,0,0,0
لمعان,0,0,0,0,0,0,0,0,0,0
خروف,0,0,0,0,0,0,0,0,0,0
محض,0,0,0,0,0,0,0,0,0,0
ملزمة,0,0,0,0,0,0,0,0,0,0
رفوف,0,0,0,0,0,0,0,0,0,0
الصدف,1,0,0,1,0,1,0,1,1,0
المحار,0,0,0,0,0,0,0,0,0,0
مأوى,0,0,0,0,0,0,1,0,0,1
على الرف,0,0,0,0,0,1,0,0,0,0
الراعي,0,0,0,0,0,0,1,0,0,1
شريف,0,0,0,0,0,0,0,0,0,1
مدري,0,0,0,0,0,0,0,0,0,0
درع,0,0,0,0,0,0,0,0,0,0
تحول,0,0,0,0,0,0,0,0,0,0
التحول,0,0,0,0,0,0,0,0,0,0
شلن,0,0,0,0,0,0,0,0,0,0
وميض,0,0,0,0,0,0,0,0,0,0
قصبة,0,0,0,0,0,0,0,0,0,0
يلمع,0,0,0,0,0,0,1,0,0,0
لوح خشبي,0,0,0,0,0,0,0,0,0,0
ساطع,0,1,0,0,1,0,1,0,0,0
لامع,0,0,0,0,0,0,0,0,0,0
سفينة,0,1,0,0,0,0,0,0,0,0
شحنة,0,0,0,0,0,0,0,0,0,0
الشحن,0,0,0,0,0,0,0,0,0,0
حطام سفينة,0,0,0,1,0,1,0,1,0,0
شاير,0,0,0,0,0,0,0,0,0,0
قميص,0,0,0,0,0,0,0,0,0,0
القرف,1,0,1,0,0,1,0,0,0,0
بقشعريرة,1,1,0,1,0,1,0,1,0,0
يرتجف,0,0,0,0,0,0,0,0,0,0
المياه الضحلة,0,0,0,0,0,0,0,0,0,0
صدمة,1,0,0,1,0,1,0,0,1,0
بشكل صادم,0,0,0,0,0,0,0,0,1,0
ردئ الصنع,1,0,1,0,0,1,0,0,0,0
حذاء,0,0,0,0,0,0,0,0,0,0
صانع الأحذية,0,0,0,0,0,0,0,0,0,0
أطلق النار,1,0,0,1,0,1,0,0,0,0
الرامي,0,0,0,1,0,0,0,0,0,0
اطلاق الرصاص,1,0,0,1,0,1,0,0,0,0
متجر,0,0,0,0,0,0,0,0,0,0
صاحب متجر,0,0,0,0,0,0,0,0,0,1
السرقة من المتاجر,1,0,1,0,0,1,0,0,0,0
التسوق,0,1,0,0,1,0,1,0,1,1
دعم,0,0,0,0,0,0,0,0,0,0
مجزأة,0,0,0,0,0,0,0,0,0,0
قصيرة,0,0,0,0,0,0,0,0,0,0
نقص,1,0,0,1,0,1,0,1,0,0
عيب,0,0,0,0,0,1,0,0,0,0
تقصر,0,0,0,0,0,0,0,0,0,0
تقصير,0,0,0,0,0,0,0,0,0,0
الاختزال,0,0,0,0,0,0,0,0,0,0
قريبا,0,1,0,0,0,0,0,0,0,0
قصر,0,0,0,0,0,0,0,0,0,0
السراويل القصيرة,0,0,0,0,0,0,0,0,0,0
طلقة,1,0,0,1,0,1,0,1,1,0
بندقية,0,0,0,0,0,0,0,0,0,0
كتف,0,0,0,0,0,0,1,0,0,1
"يصيح، يصرخ، صيحة",1,0,0,0,0,0,0,0,1,0
يشق,1,0,0,0,0,1,0,0,0,0
مجرفة,0,0,0,0,0,0,0,0,0,0
التجريف,0,0,0,0,0,0,0,0,0,0
تبين,0,0,0,0,0,0,0,0,0,1
دش,0,0,0,0,0,0,0,0,0,0
عرض,0,0,0,0,0,0,0,0,0,0
مبهرج,0,0,0,0,0,1,0,0,0,0
شظايا,0,0,0,1,0,0,0,0,0,0
أجاد,0,0,0,0,0,0,0,0,0,0
داهية,0,0,0,0,0,0,1,0,0,0
صرخة,1,0,0,1,0,1,0,1,1,0
شديد,1,0,0,1,0,1,0,0,1,0
جمبري,0,0,0,0,0,0,0,0,0,0
مزار,0,0,0,0,0,0,0,0,0,0
إنكمش,0,0,0,1,0,1,0,1,0,0
تقلص,0,0,0,0,0,0,0,0,0,0
كفن,0,0,0,0,0,0,0,1,0,0
شجيرة,0,0,0,0,0,0,0,0,0,0
شجيرات,0,0,0,0,0,0,0,0,0,0
هز كتفيه,0,0,0,0,0,0,0,0,0,0
تقلص,0,0,0,0,0,1,0,0,0,0
يرتجف,0,0,0,1,0,1,0,0,0,0
خلط,0,0,0,0,0,0,0,0,0,0
خلط,0,0,0,0,0,0,0,0,0,0
تجنب,1,0,1,0,0,1,0,1,0,0
ناور,0,0,0,0,0,0,0,0,0,0
اغلق,0,0,0,0,0,0,0,0,0,0
مصراع,0,0,0,0,0,0,0,0,0,0
خدمة النقل,0,0,0,0,0,0,0,0,0,0
أشقاء,0,0,0,0,0,0,0,0,0,1
كذا,0,0,0,0,0,0,0,0,0,0
مرض,0,0,1,0,0,1,0,1,0,0
مقزز,1,0,1,1,0,1,0,1,0,0
المنجل,0,0,0,0,0,0,0,0,0,0
مريض,0,0,1,0,0,1,0,1,0,0
المرض,0,0,1,1,0,1,0,1,0,0
جانب,0,0,0,0,0,0,0,0,0,0
بوفيه,0,0,0,0,0,0,0,0,0,0
تجنب,0,0,0,0,0,0,0,0,0,0
جانبية,0,0,0,0,0,0,0,0,0,0
حصار,0,0,0,0,0,0,0,0,0,0
القيلولة,0,0,0,0,0,0,0,0,0,0
غربال,0,0,0,0,0,0,0,0,0,0
غربلة,0,0,0,0,0,0,0,0,0,0
تنهد,0,0,0,0,0,0,0,0,0,0
مشهد,0,0,0,0,0,0,0,0,0,0
إشارة,0,0,0,0,0,0,0,0,0,0
الإشارة,0,0,0,0,0,0,0,0,0,0
التوقيع,0,0,0,0,0,0,0,0,0,1
الدلالة,0,0,0,0,0,0,0,0,0,0
هام,0,0,0,0,0,0,0,0,0,0
مغزى,0,0,0,0,0,0,0,0,0,0
دلالة,0,1,0,0,0,0,0,0,0,0
علامة,0,0,0,0,0,0,0,0,0,0
صامتة,0,0,0,0,0,0,0,0,0,0
بصمت,0,0,0,0,0,0,0,0,0,0
خيال,0,0,0,0,0,0,0,0,0,0
الحرير,0,0,0,0,0,0,1,0,0,0
حريري,0,0,0,0,0,0,0,0,0,0
حريري,0,0,0,0,0,0,0,0,0,0
عتبة,0,0,0,0,0,0,0,0,0,0
سخافة,0,0,0,0,0,0,0,0,0,0
سخيف,0,0,0,0,1,1,0,0,0,0
الطمي,0,0,0,0,0,0,0,0,0,0
فضة,0,0,0,0,0,0,0,0,0,0
فضي,0,0,0,0,0,0,0,0,0,0
مماثل,0,0,0,0,0,0,0,0,0,0
تشابه,0,0,0,0,0,0,0,0,0,0
تشبيه,0,0,0,0,0,0,0,0,0,0
طبخ بنار هادئة,1,1,0,0,0,0,0,0,0,0
يغلي,0,1,0,0,0,0,0,0,0,0
بسيط,0,0,0,0,0,0,0,0,0,0
البسطاء,0,0,0,0,0,0,0,0,0,0
تبسيط,0,1,0,0,1,0,1,0,1,1
ببساطة,0,0,0,0,0,0,0,0,0,0
محاكاة,0,0,0,0,0,0,0,0,0,0
مقلد,0,0,0,0,0,0,0,0,0,0
محاكاة,0,0,0,0,0,0,0,0,0,0
محاكاة,0,0,0,0,0,0,0,0,0,0
متزامنة,0,0,0,0,0,0,0,0,0,0
الوقت ذاته,0,0,0,0,0,0,0,0,0,0
الخطيئة,1,0,1,1,0,1,0,1,0,0
مخلص,0,0,0,0,0,0,1,0,0,1
اخلاص,0,0,0,0,0,0,1,0,0,0
شرير,1,0,1,1,0,1,0,1,0,0
يغنى,0,1,0,0,1,0,1,1,0,1
مغني,0,0,0,0,0,0,0,0,0,0
غير مرتبطة,0,0,0,0,0,0,0,0,0,0
منفردا,0,0,0,0,0,0,1,0,0,0
صيغة المفرد,0,0,0,0,0,0,0,0,0,0
التفرد,0,0,0,0,0,0,0,0,0,0
بشكل استثنائي,0,0,0,0,0,0,0,0,1,0
شرير,1,0,1,1,0,1,0,0,0,0
مكتب المدير,0,0,0,0,0,0,0,0,0,0
كافر,1,0,1,1,0,1,0,1,0,0
آثم,0,0,1,0,0,1,0,0,0,0
التجويف,0,0,0,0,0,0,0,0,0,0
رشفة,0,0,0,0,0,0,0,0,0,0
سيفون,0,0,0,0,0,0,0,0,0,0
سيدي المحترم,0,0,0,0,0,0,1,0,0,1
مولى,0,0,0,0,0,0,0,0,0,0
صفارة إنذار,0,0,0,1,0,1,0,0,0,0
سيسي,0,0,0,0,0,1,0,0,0,0
أخت,0,0,0,0,0,0,0,0,0,0
الأخوة,1,0,0,0,0,0,1,1,1,1
موقع,0,0,0,0,0,0,0,0,0,0
سيث,0,0,0,0,0,0,0,0,0,0
جالس,0,0,0,0,0,0,0,0,0,0
تحديد الموقع,0,0,0,0,0,0,0,0,0,0
يقع,0,0,0,0,0,0,0,0,0,0
الموقف,0,0,0,0,0,0,0,0,0,0
السادس,0,0,0,0,0,0,0,0,0,0
ستين,0,0,0,0,0,0,0,0,0,0
بحجم,0,0,0,0,0,0,0,0,0,0
همسة,1,0,0,0,0,0,0,0,0,0
تزلج,0,0,0,0,0,0,0,0,0,0
تزلج,0,0,0,0,0,0,0,0,0,0
خصلة خصلة,0,0,0,0,0,0,0,0,0,0
هيكل عظمي,0,0,0,0,0,0,0,0,0,0
متشكك,0,0,0,0,0,0,0,0,0,0
متشكك,0,0,0,0,0,1,0,0,0,0
شك,0,0,0,0,0,0,0,0,0,0
رسم,0,0,0,0,0,0,0,0,0,0
سطحي,0,0,0,0,0,1,0,0,0,0
منحرف,1,1,0,0,0,1,0,0,0,0
سيخ,0,0,0,0,0,0,0,0,0,0
تزلج,0,0,0,0,0,0,0,0,0,0
انزلاق,1,0,0,1,0,1,0,1,0,0
قارب,0,0,0,0,0,0,0,0,0,0
مهارة,0,0,0,0,0,0,0,0,0,0
ماهر,0,0,0,0,0,0,1,0,0,0
مقلاة,0,0,0,0,0,0,0,0,0,0
ماهر,0,0,0,0,0,0,1,0,0,1
المقشود,0,0,0,0,0,0,0,0,0,0
جلد,0,0,0,0,0,0,0,0,0,0
نحيف,0,0,0,0,0,0,0,0,0,0
يتخطى,0,0,0,0,0,1,0,0,0,0
ربان,0,0,0,0,0,0,0,0,0,0
مناوشة,1,0,0,0,0,1,0,0,0,0
تنورة,0,0,0,0,0,0,0,0,0,0
وزرات,0,0,0,0,0,0,0,0,0,0
التنانير,0,0,0,0,0,0,0,0,0,0
مسرحية هزلية,0,0,0,0,0,0,0,0,0,0
جمجمة,0,0,0,0,0,0,0,0,0,0
الظربان,0,0,0,0,0,0,0,0,0,0
سماء,0,0,0,0,0,0,1,0,0,0
ناطحة سحاب,0,0,0,0,0,0,0,0,0,0
لوح,0,0,0,0,0,0,0,0,0,0
تثاقل,0,0,0,0,0,1,0,0,0,0
الخبث,0,0,0,0,0,1,0,0,0,0
ضربة عنيفة,1,0,0,1,0,1,0,0,1,0
القذف,1,0,1,0,0,1,0,0,0,0
افتراء,0,0,0,0,0,1,0,0,0,0
عامية,0,0,0,0,0,0,0,0,0,0
مائل,0,0,0,0,0,0,0,0,0,0
يصفع,1,0,0,0,0,1,0,0,1,0
خفض,1,0,0,0,0,0,0,0,0,0
مائلة,0,0,0,0,0,0,0,0,0,0
لائحة,0,0,0,0,0,0,1,0,0,0
قوائم,0,0,0,0,0,0,0,0,0,0
ذبح,1,0,1,1,0,1,0,1,1,0
مسلخ,1,0,1,1,0,1,0,1,0,0
الذبح,1,0,1,1,0,1,0,1,1,0
عبد,1,0,0,1,0,1,0,1,0,0
عبودية,1,0,1,1,0,1,0,1,0,0
ذبح,1,0,0,0,0,1,0,0,0,0
القاتل,1,0,1,1,0,1,0,1,1,0
زلاجة,0,0,0,0,0,0,0,0,0,0
بطريق,0,0,0,0,0,0,1,0,0,0
ينام,0,0,0,0,0,0,0,0,0,0
نائم,0,0,0,0,0,0,0,0,0,0
نائم,0,0,0,0,0,0,0,0,0,0
الأرق,0,0,0,0,0,0,0,0,0,0
نعسان,0,0,0,0,0,0,0,0,0,0
البرد,0,0,0,0,0,1,0,0,0,0
كم,0,0,0,0,0,0,0,0,0,0
بلا أكمام,0,0,0,0,0,0,0,0,0,0
مزلقة,0,0,0,0,0,0,0,0,0,0
خفة,0,0,0,0,0,0,0,0,0,0
نحيل,0,0,0,0,0,0,1,0,0,0
نقب,0,0,0,0,0,0,0,0,0,0
شريحة,0,0,0,0,0,0,0,0,0,0
بقعة,0,0,0,0,0,0,0,0,0,0
الانزلاق,0,0,0,0,0,0,0,0,0,0
انزلاق,0,0,0,0,0,0,0,0,0,0
طفيف,0,0,0,0,0,0,0,0,0,0
بعض الشيء,0,0,0,0,0,0,0,0,0,0
معتدل البنيه,0,0,0,0,0,0,1,0,0,0
الوحل,0,0,1,0,0,0,0,0,0,0
غروي,0,0,1,0,0,1,0,0,0,0
حبال,0,0,0,0,0,0,0,0,0,0
تسلل,0,0,0,0,0,1,0,0,0,0
ينزلق,0,0,0,0,0,1,0,0,1,0
النعال,0,0,0,0,0,0,0,0,0,0
النعال,0,0,0,0,0,0,0,0,0,0
شق,0,0,0,0,0,0,0,0,0,0
قطعة من الجبن,0,0,0,0,0,0,0,0,0,0
شعار,0,0,0,0,0,0,0,0,0,0
سلوب,0,0,0,0,0,0,0,0,0,0
سلوب,0,0,1,0,0,1,0,0,0,0
ميل,0,0,0,0,0,0,0,0,0,0
قذرة,0,0,1,0,0,1,0,0,0,0
فتحة,0,0,0,0,0,0,0,0,0,0
كسل,0,0,1,0,0,1,0,0,0,0
تحدب,0,0,0,0,0,1,0,0,0,0
سلو,0,0,0,0,0,1,0,0,0,0
بطيء,0,0,0,0,0,0,0,0,0,0
ببطء,0,0,0,0,0,0,0,0,0,0
بطء,0,0,0,0,0,1,0,0,0,0
الحمأة الناتجة,0,0,1,0,0,1,0,0,0,0
سبيكة,0,0,1,0,0,1,0,0,0,0
بطيئا,0,0,0,0,0,1,0,1,0,0
السد,0,0,0,0,0,0,0,0,0,0
الأحياء الفقيرة,0,0,1,0,0,1,0,0,0,0
قيلولة - نعاس,0,0,0,0,0,0,0,0,0,0
ركود,0,0,0,0,0,1,0,1,0,0
افتراء,1,0,1,0,0,1,0,1,0,0
طين,0,0,1,0,0,1,0,0,1,0
وقحة,1,0,1,0,0,1,0,0,0,0
خبيث ماكر,1,0,1,1,0,1,0,0,0,0
صفعة,1,0,0,0,0,1,0,0,0,0
صغير,0,0,0,0,0,1,0,0,0,0
الأصغر,0,0,0,0,0,0,0,0,0,0
أصغر,0,0,0,0,0,0,0,0,0,0
تحطيم,1,0,0,1,0,1,0,0,0,0
حطم,0,0,0,0,0,1,0,0,0,0
القليل,0,0,0,0,0,1,0,0,0,0
مسحة,0,0,0,0,0,0,0,0,0,0
رائحة,1,0,1,0,0,1,0,0,0,0
رائحة,0,0,1,0,0,1,0,0,0,0
الهف,0,0,0,0,0,0,0,0,0,0
ابتسامة,0,0,0,0,1,0,1,0,1,1
يبتسم,0,0,0,0,1,0,1,0,0,0
ابتسامة متكلفة,0,0,0,0,0,1,0,0,0,0
اضرب,1,0,0,1,0,1,0,1,0,0
حداد,0,0,0,0,0,0,0,0,0,1
مغرم,0,0,0,0,0,0,1,0,0,0
المدخن,0,0,0,0,0,1,0,0,0,0
مدخن,0,0,0,0,0,0,0,0,0,0
التدخين,0,0,0,0,0,0,0,0,0,0
مدخن,0,0,0,0,0,0,0,0,0,0
مكمور,0,0,0,0,0,0,0,0,0,0
بسلاسة,0,0,0,0,0,0,0,0,0,0
نعومة,0,0,0,0,0,0,1,0,0,0
خنق,1,0,0,0,0,1,0,0,0,0
لطخة,0,0,0,0,0,1,0,0,0,0
متعجرف,0,0,0,0,0,1,0,0,0,0
تهريب,0,0,0,1,0,1,0,0,0,0
مهرب,1,0,1,1,0,1,0,0,0,0
تهريب,0,0,0,0,0,1,0,0,0,0
بذيء,0,0,1,1,0,1,0,0,0,0
وجبة خفيفة,0,0,0,0,0,0,0,0,0,0
وجبات خفيفة,0,0,0,0,0,0,0,0,0,0
عقبة,0,0,0,0,0,1,0,0,1,0
عقبات,0,0,0,0,0,1,0,0,0,0
حلزون,0,0,0,0,0,0,0,0,0,0
ثعبان,0,0,1,1,0,1,0,0,0,0
"يفرقع، ينفجر",0,0,0,0,0,0,0,0,0,0
لمحة,0,0,0,0,0,0,0,0,0,0
كمين,0,0,0,1,0,1,0,0,0,0
تشابك,1,0,1,0,0,1,0,0,0,0
زمجرة,1,0,0,0,0,1,0,0,0,0
انتزاع,0,0,0,0,0,0,0,0,0,0
التسلل,1,0,0,1,0,1,0,0,1,0
أحذية رياضية,0,0,0,0,0,0,0,0,0,0
التسلل,0,1,0,1,0,1,0,0,0,1
سخرية,1,0,1,0,0,1,0,0,0,0
عطس,0,0,1,0,0,1,0,0,1,0
العطس,0,0,0,0,0,0,0,0,0,0
حمحم,0,0,0,0,0,0,1,0,0,0
شبق,0,0,0,0,0,1,0,0,0,0
شم,0,0,0,0,0,0,0,0,0,0
قص,0,0,0,0,0,0,0,0,0,0
قنص,0,0,0,0,0,0,0,0,0,0
مقتطف,0,0,0,0,0,0,0,0,0,0
المتكبر,0,0,0,0,0,1,0,0,0,0
متطفل,0,0,0,0,0,0,0,0,0,0
غفوة,0,0,0,0,0,0,0,0,0,0
شخير,0,0,0,0,0,0,0,0,0,0
شخير,0,0,0,0,0,0,0,1,0,0
خرطوم,0,0,0,0,0,0,0,0,0,0
الثلج,0,0,0,0,0,0,0,0,0,0
كرة الثلج,0,0,0,0,0,0,0,0,0,0
ندفة الثلج,0,0,0,0,0,0,0,0,0,0
مثلج,0,0,0,0,0,0,0,0,0,0
شم,0,0,0,0,0,0,0,0,0,0
نقع,0,0,0,0,0,1,0,0,0,0
تمرغ,0,0,0,0,0,0,0,0,0,0
صابون,0,0,0,0,0,0,0,0,0,0
صابوني,0,0,0,0,0,0,0,0,0,0
ارتفاع,0,0,0,0,0,0,0,0,0,0
تنهد,0,0,0,0,0,1,0,1,0,0
رزانة,0,0,0,0,0,0,1,0,0,1
soc,0,0,0,0,0,0,0,0,0,0
كرة القدم,0,0,0,0,0,0,0,0,0,0
مرن,0,0,0,0,0,0,1,0,0,0
اجتماعي,0,0,0,0,0,0,0,0,0,0
الاشتراكية,0,0,1,1,0,0,0,0,0,0
الاشتراكي,1,0,1,1,0,1,0,1,0,0
المجتمع,0,0,0,0,0,0,0,0,0,0
جورب,0,0,0,0,0,0,0,0,0,0
قابس كهرباء,0,0,0,0,0,0,0,0,0,0
الاحمق,0,0,0,0,0,0,0,0,0,0
كنبة,0,0,0,0,0,0,0,0,0,0
تليين,0,0,0,0,0,0,0,0,0,0
نعومة,0,0,0,0,0,0,0,0,0,0
مندي,0,0,0,0,0,0,0,0,0,0
تربة,0,0,1,0,0,1,0,0,0,0
ملطخ,0,0,1,0,0,1,0,0,0,0
نزل,0,0,0,0,0,0,0,0,0,0
العزاء,0,0,0,0,0,0,1,0,0,0
شمسي,0,0,0,0,0,0,0,0,0,0
جندى,0,0,0,0,0,0,0,0,0,0
لحام,0,0,0,0,0,0,0,0,0,0
جندي,1,0,0,0,0,0,1,1,0,0
باطن القدم,0,0,0,0,0,0,0,0,0,0
التماس,0,0,0,0,0,0,0,0,0,0
التماس,0,0,0,0,0,0,0,0,0,0
كاتب عدل,0,0,0,0,0,0,0,0,0,0
صلب,0,0,0,0,0,0,1,0,0,0
تكافل,0,0,0,0,0,0,0,0,0,1
تصلب,0,0,0,0,0,0,0,0,0,0
ترسيخ,0,0,0,0,0,0,0,0,0,0
ترسخ,0,0,0,0,0,0,0,0,0,0
صلابة,0,0,0,0,0,0,1,0,0,1
سوليتير,0,0,0,0,0,0,0,0,0,0
المنعزل,0,0,0,0,0,0,0,0,0,0
العزلة,0,0,0,0,0,0,0,0,0,0
منفرد,0,0,0,0,0,0,0,0,0,0
الذوبان,0,0,0,0,0,0,0,0,0,0
قابل للذوبان,0,0,0,0,0,0,0,0,0,0
المحلول,0,0,0,0,0,0,1,0,0,0
يحل,0,0,0,0,0,0,0,0,0,0
الملاءة الماليه,0,0,0,0,0,0,1,0,0,0
مذيب,0,0,0,0,0,0,0,0,0,0
جسدي,0,0,0,0,0,1,0,0,1,0
حزين,0,0,0,0,0,1,0,1,0,0
ابن,0,0,0,0,0,0,0,0,0,0
السونار,0,1,0,0,0,0,1,0,0,0
سوناتا,0,0,0,0,0,0,1,0,0,0
أغنية,0,0,0,0,0,0,0,0,0,0
سونيت,0,0,0,0,1,0,1,1,0,0
جهوري,0,0,0,0,1,0,1,0,0,0
السخام,0,0,1,0,0,1,0,0,0,0
تهدئة,0,0,0,0,0,0,1,0,0,0
مهدئ,0,0,0,0,1,0,1,0,0,1
طالب في السنة الثانية لدراسته,0,0,0,0,0,0,0,0,0,0
سوبرانو,0,0,0,0,0,0,0,0,0,0
ساحر,0,0,0,0,0,0,0,0,0,0
شعوذة,0,1,0,1,0,1,0,0,1,0
قذر,1,0,1,1,0,1,0,1,0,0
تقرح,1,0,0,0,0,1,0,1,0,0
مؤلم,0,0,0,0,0,1,0,1,0,0
وجع,0,0,1,0,0,1,0,1,0,0
الذرة الرفيعة,0,0,0,0,0,0,0,0,0,0
نادي نسائي,0,0,0,0,0,0,0,0,0,0
حزن,0,0,0,1,0,1,0,1,0,0
محزن,0,0,0,0,0,1,0,1,0,0
فرز,0,0,0,0,0,0,0,0,0,0
فارز,0,0,0,0,0,0,1,0,0,0
طلعة جوية,0,0,0,1,0,1,0,0,0,0
فرز,0,0,0,0,0,0,0,0,0,0
سو,0,0,0,0,0,0,0,0,0,0
بلا روح,0,0,1,1,0,1,0,1,0,0
توأم الروح,0,0,0,1,0,1,0,0,0,0
يبدو,0,0,0,0,0,0,0,0,0,0
السبر,0,0,0,0,0,0,0,0,0,0
صلابة,0,1,0,0,1,0,1,0,0,1
حساء,0,0,0,0,0,0,1,0,0,0
حامِض,0,0,1,0,0,1,0,0,0,0
مصدر,0,0,0,0,0,0,0,0,0,0
هدية تذكارية,0,0,0,0,0,0,0,0,0,0
ذات سيادة,0,0,0,0,0,0,0,0,0,1
سيادة,0,0,0,0,0,0,0,0,0,0
خنزيرة,0,0,0,0,0,0,0,0,0,0
منتجع صحي,0,1,0,0,1,0,1,0,1,1
الفضاء,0,0,0,0,0,0,0,0,0,0
فسيحة,0,0,0,0,0,0,1,0,0,0
الأشياء بأسمائها الحقيقية,0,0,0,0,0,0,0,0,0,0
يولد,0,0,0,0,0,0,0,0,0,0
الذليل,0,0,0,0,1,0,1,0,0,1
برشاقة,1,0,0,1,0,1,0,1,0,0
الضرب,1,0,0,0,0,0,0,0,0,0
الصاري,0,0,0,0,0,0,0,0,0,0
إضافي,0,0,0,0,0,0,0,0,0,0
بشكل مقتصد,0,0,0,0,0,0,0,0,0,0
شرارة,0,0,0,0,0,0,0,0,0,0
التألق,0,1,0,0,1,0,1,0,1,0
السجال,0,0,0,0,0,0,0,0,0,0
متناثر,0,0,0,0,0,0,0,0,0,0
تشنج,0,0,0,1,0,1,0,0,0,0
بصق,1,0,0,0,0,1,0,0,0,0
الملعقة المسطحة,0,0,0,0,0,0,0,0,0,0
تفرخ,0,0,0,0,0,0,0,0,0,0
مكبر الصوت,0,0,0,0,0,0,0,0,0,0
تكلم,0,0,0,0,0,0,0,0,0,0
رمح,1,1,0,1,0,1,0,0,0,0
خاص,0,0,0,0,1,0,1,0,0,0
متخصص,0,0,0,0,0,0,0,0,0,1
تخصص,0,0,0,0,0,0,0,0,0,0
تخصص,0,0,0,0,0,0,0,0,0,1
خصيصا,0,0,0,0,0,0,0,0,0,0
مسكوكة,0,0,0,0,0,0,1,0,0,0
محيط,0,0,0,0,0,0,0,0,0,0
محدد,0,0,0,0,0,0,0,0,0,0
تخصيص,0,0,0,0,0,0,0,0,0,0
عينة,0,0,0,0,0,0,0,0,0,0
بقعة,0,0,1,0,0,1,0,0,0,0
مبقع,0,0,0,0,0,0,0,0,0,0
المواصفات,0,0,0,0,0,0,0,0,0,0
مشهد,0,0,0,0,0,1,1,0,0,0
نظارات,0,0,0,0,0,0,0,0,0,0
مُذهِل,0,1,0,0,0,0,0,0,1,0
المشاهد,0,0,0,0,0,0,0,0,0,0
شبح,0,0,0,1,0,1,0,1,0,0
طيفي,0,0,0,0,0,1,0,0,0,0
مطياف,0,0,0,0,0,0,0,0,0,0
مقياس الطيف الضوئي,0,0,0,0,0,0,0,0,0,0
التحليل الطيفي,0,0,0,0,0,0,0,0,0,0
نطاق,0,0,0,0,0,0,0,0,0,0
المضاربة,0,0,0,0,0,0,0,0,0,0
تكهنات,0,0,0,1,0,1,0,1,0,0
تخميني,0,1,0,0,0,0,0,0,0,0
منظار,0,0,0,0,0,0,0,0,0,0
خطاب,0,0,0,0,0,0,1,0,0,0
عاجز عن الكلام,0,0,0,0,0,0,0,0,0,0
سرعة,0,0,0,0,0,0,0,0,0,0
بسرعة,0,0,0,0,0,0,0,0,0,0
عداد السرعة,0,0,0,0,0,0,0,0,0,0
الطريق السريع,0,0,0,0,0,0,0,0,0,0
سريع,0,0,0,0,0,0,1,0,0,0
مدهش,0,0,0,0,0,0,0,0,0,0
الإملائية,0,0,0,0,0,0,1,0,0,0
سبنسر,0,0,0,0,0,0,0,0,0,0
أنفق,0,0,0,0,0,0,0,0,0,0
أنفق,0,0,0,0,0,1,0,0,0,0
الحيوانات المنوية,0,0,0,0,0,0,0,0,0,0
تقيأ,0,0,1,0,0,0,0,0,0,0
جسم كروى,0,0,0,0,0,0,0,0,0,0
كروي,0,0,0,0,0,0,0,0,0,0
أبو الهول,0,0,0,0,0,0,0,0,0,0
التوابل,0,0,0,0,0,0,1,0,0,0
حار,0,0,0,0,0,0,0,0,0,0
العنكبوت,0,0,1,1,0,0,0,0,0,0
حنفية,0,0,0,0,0,0,0,0,0,0
تصاعد,0,0,0,1,0,0,0,0,0,0
ارتفعت,0,0,0,0,0,0,0,0,0,0
شائك,0,0,0,0,0,0,0,0,0,0
تسرب,0,0,0,0,0,0,0,0,0,0
غزل,0,0,0,0,0,0,0,0,0,0
العمود الفقري,0,0,0,0,0,0,0,0,0,0
مغزل,0,0,0,0,0,0,0,0,0,0
العمود الفقري,1,0,0,0,0,1,1,0,0,0
الدوران,0,0,0,0,0,0,0,0,0,0
العانس,0,0,0,1,0,1,0,1,0,0
شوكي,0,0,0,0,0,0,0,0,0,0
حلزوني,0,0,0,0,0,0,0,0,0,0
مستدقة,0,0,0,0,0,0,0,0,0,0
روح,0,0,0,0,0,0,1,0,0,0
معنويات,0,1,0,0,1,0,1,0,1,0
روحي,0,0,0,0,0,0,0,0,0,0
الروحانية,0,0,0,0,0,0,0,0,0,0
بصق,0,0,1,0,0,0,0,0,0,0
رغم,1,0,0,0,0,1,0,0,0,0
حاقد,1,0,0,0,0,1,0,0,0,0
دفقة,0,0,0,0,0,0,0,0,1,0
طحال,0,0,0,0,0,0,0,0,0,0
رائع,0,0,0,0,1,0,1,0,1,0
روعة,0,1,0,0,1,0,1,0,1,0
لصق او جمع,0,0,0,0,0,0,0,0,0,0
خدد,0,0,0,0,0,0,0,0,0,0
جبيرة,0,0,0,0,0,0,0,0,0,0
منشقة,0,0,0,0,0,1,0,0,0,0
ينقسم,0,0,0,0,0,1,0,0,0,0
شق,0,0,0,0,0,1,0,1,0,0
تفاخر,0,0,0,0,0,0,0,0,0,0
يفسد,0,0,1,0,0,1,0,0,0,0
المفسد,0,0,0,0,0,1,0,1,0,0
إفساد,0,0,0,0,0,0,0,0,0,0
سلك,0,0,0,0,0,1,0,0,0,0
تحدث,0,0,0,0,0,0,0,0,0,0
المتحدث باسم,0,0,0,0,0,0,0,0,0,1
اسفنجة,0,0,0,0,0,1,0,0,0,0
إسفنجي,0,0,0,0,0,0,0,0,0,0
كفيل,0,0,0,0,0,0,1,0,0,1
رعاية,0,0,0,0,0,0,0,0,0,0
محاكاة ساخرة,0,0,0,0,0,0,0,0,0,0
شبح,0,0,0,1,0,1,0,0,0,0
ملعقة,0,0,0,0,0,0,0,0,0,0
ملعقة,0,0,0,0,0,0,0,0,0,0
متقطع,0,0,0,0,0,0,0,0,0,0
بوغ,0,0,0,0,0,0,0,0,0,0
رياضة,0,0,0,0,0,0,0,0,0,0
الرياضية,0,0,0,0,0,0,0,0,0,0
رياضات,0,0,0,0,0,0,0,0,0,0
رياضي,0,0,0,0,0,0,0,0,0,0
بقعة,0,0,0,0,0,0,0,0,0,0
نظيف,0,0,0,0,0,0,1,0,0,1
مراقب,0,0,0,0,0,0,0,0,0,0
متقطع,0,0,0,0,0,0,0,0,0,0
زواجي,0,0,0,0,0,0,0,0,0,0
زوج,0,0,0,0,1,0,1,0,0,1
صنبور,0,0,0,0,0,0,0,0,0,0
إلتواء,0,0,0,0,0,1,0,1,0,0
الامتداد,0,0,0,0,0,0,0,0,0,0
رذاذ,0,0,0,0,0,0,0,0,0,0
انتشار,0,0,0,0,0,0,0,0,0,0
فورة,0,0,0,0,0,1,0,0,0,0
يرش,0,0,0,0,0,0,0,0,0,0
شبح,0,0,0,1,0,1,0,0,0,0
برعم,0,0,0,0,0,0,0,0,0,0
شجرة التنوب,0,0,0,0,0,0,1,0,0,0
حافز,0,0,0,1,0,0,0,0,0,0
زائف,0,0,1,0,0,1,0,0,0,0
حفز,0,0,0,0,0,0,0,0,0,0
تفجر,0,0,0,0,0,0,0,0,0,0
الجاسوس,0,0,0,0,0,0,0,0,0,0
فريق,0,0,0,0,0,0,0,0,0,0
سرب,0,0,0,0,0,0,0,0,0,0
صرخة,0,0,0,1,0,1,0,1,0,0
حرشفية,0,0,0,0,0,0,0,0,0,0
ميدان,0,0,0,0,0,0,0,0,0,0
القرفصاء,0,0,0,0,0,0,0,0,0,0
مستقطني,0,0,0,0,0,1,0,0,0,0
صرير,0,0,0,0,0,0,0,0,0,0
يكبي بسوتا عالي,0,0,0,0,0,0,0,0,0,0
شديد الحساسية,0,0,1,1,0,1,0,0,0,0
يعصر,0,0,0,0,0,0,0,0,0,0
عصر,0,0,0,0,0,0,0,0,0,0
سحق,1,0,1,0,0,1,0,0,0,0
الحول,0,0,0,0,0,0,0,0,0,0
مربع,0,0,0,0,0,0,0,0,0,0
تشنج,0,0,1,0,0,1,0,0,0,0
سنجاب,0,0,0,0,0,0,0,0,0,0
بخ,0,0,0,0,0,0,0,0,0,0
طعنة,1,0,0,1,0,1,0,1,1,0
المزيد,0,0,0,0,0,0,0,0,0,0
مستقر,0,0,0,0,0,0,1,0,0,1
متقطع,0,0,0,0,0,0,1,0,0,0
كومة,0,0,0,0,0,0,0,0,0,0
العاملين,0,0,0,0,0,0,0,0,0,0
الأيل,0,0,0,0,0,0,0,0,0,0
المسرح,0,0,0,0,0,0,0,0,0,0
ترنح,0,0,0,0,0,0,0,0,1,0
صاعق,0,0,0,0,0,1,0,0,0,0
راكد,0,0,0,0,0,1,0,1,0,0
ركود,0,0,0,0,0,0,0,0,0,0
رزين,0,0,0,0,0,0,0,0,0,0
وصمة,0,0,1,0,0,1,0,0,0,0
غير القابل للصدأ,0,0,0,0,0,0,1,0,0,0
سلم,0,0,0,0,0,0,0,0,0,0
سلم,0,0,0,0,0,0,0,0,0,0
سلم,0,0,0,0,0,0,0,0,0,0
حصة,0,0,0,0,0,0,0,0,0,0
قديمة,0,0,0,0,0,1,0,0,0,0
مأزق,1,0,1,0,0,0,0,0,0,0
مراقبة بتطفل,0,0,0,1,0,1,0,0,0,0
المماطلة,0,0,1,0,0,0,0,0,0,0
فحل الخيل,0,0,0,0,0,0,1,0,0,0
الأكشاك,0,0,0,0,0,0,0,0,0,0
قوي البنية,0,0,0,0,0,0,1,0,0,0
القدرة على التحمل,0,0,0,0,0,0,1,0,0,1
ختم,0,0,0,0,0,0,0,0,0,0
انتصاب,0,0,0,0,0,0,0,0,0,0
اساسي,0,0,0,0,0,0,0,0,0,0
توحيد,0,0,0,0,0,0,0,0,0,0
يقف,0,0,0,0,0,0,1,0,0,0
المواجهة,1,0,0,1,0,1,0,0,0,0
وجهة نظر,0,0,0,0,0,0,0,0,0,0
تراوح مكانها,1,0,0,0,0,1,0,0,0,0
مقطع,0,0,0,0,0,0,0,0,0,0
التيلة,0,0,0,0,0,0,0,0,0,0
نجمة,0,1,0,0,1,0,1,0,0,1
ميمنة,0,0,0,0,0,0,0,0,0,0
نشاء,0,0,0,0,0,0,0,0,0,0
التحديق,0,0,0,0,0,0,0,0,0,0
يحدق,0,0,0,0,0,1,0,0,0,0
صارخ,0,0,0,0,0,1,0,0,0,1
ضوء النجوم,0,0,0,0,0,0,1,0,0,0
مرصع بالنجوم,0,1,0,0,1,0,1,0,0,0
النجوم,0,0,0,0,0,0,0,0,0,0
بداية,0,1,0,0,0,0,0,0,0,0
جفل,0,0,0,1,0,1,0,0,1,0
مذهل,0,0,0,0,0,0,0,0,1,0
مجاعة,0,0,0,1,0,1,0,1,0,0
جوعا,0,0,0,0,0,1,0,0,0,0
متضور جوعًا,0,0,0,0,0,1,0,0,0,0
حالة,0,0,0,0,0,0,0,0,0,0
فخم,0,0,0,0,0,0,1,0,0,0
بيان,0,0,0,0,0,0,1,0,0,1
قاعة فاخرة,0,0,0,0,0,0,0,0,0,0
رجل دولة,0,0,0,0,0,0,0,0,0,0
ثابتة,0,0,0,0,0,0,0,0,0,0
علم الإحصاء,0,0,0,0,0,0,0,0,0,0
محطة,0,0,0,0,0,0,0,0,0,0
ثابت,0,0,0,0,0,1,0,0,0,0
ادوات مكتبيه,0,0,0,0,0,0,0,0,0,0
إحصائية,0,0,0,0,0,0,0,0,0,1
إحصائي,0,0,0,0,0,0,0,0,0,0
الجزء الثابت,0,0,0,0,0,0,0,0,0,0
التماثيل,0,0,0,0,0,0,0,0,0,0
تمثال,0,0,0,0,0,0,1,0,0,0
تمثال صغير,0,0,0,0,0,0,0,0,0,0
قامة,0,0,0,0,0,0,0,0,0,0
الحالة,0,0,0,0,0,0,1,0,0,0
النظام الأساسي,0,0,0,0,0,0,0,0,0,0
قانوني,0,0,0,0,0,0,0,0,0,0
قوي,0,0,0,0,0,0,1,0,0,0
هراوة,0,0,0,0,0,1,0,0,0,0
يقضي,0,0,0,0,0,0,0,0,0,0
بقي,0,0,0,0,0,0,0,0,0,0
يبقى,0,0,0,0,0,0,0,0,0,0
مكان,0,0,0,0,0,0,0,0,0,0
صامد,0,0,0,0,0,0,1,0,0,1
ثابت,0,0,0,0,0,0,0,0,1,1
سرقة,1,0,0,1,0,1,0,1,0,0
سرقة,0,0,1,1,0,1,0,0,0,0
خلسة,0,0,0,0,0,0,0,0,1,0
خلسة,0,0,0,0,0,0,0,0,1,0
خلسة,0,1,0,1,0,1,0,0,1,0
باخرة,0,0,0,0,0,0,0,0,0,0
باخرة,0,0,0,0,0,0,0,0,0,0
الباخرة,0,0,0,0,0,0,0,0,0,0
باخرة,0,0,0,0,0,0,0,0,0,0
مشبع بالبخار,0,0,0,0,0,0,0,0,0,0
صلب,0,0,0,0,0,0,0,0,0,0
انحدار,0,0,0,0,0,0,0,0,0,0
برج الكنيسة,0,0,0,0,0,0,0,0,0,0
توجيه,0,0,0,0,0,0,0,0,0,0
ممتاز,0,0,0,0,0,0,1,0,0,0
إيقاف,0,0,0,0,0,0,0,0,0,0
رائحة كريهة,0,0,0,0,0,0,0,0,0,0
مرسام,0,0,0,0,0,0,0,0,0,0
خطوة,0,0,0,0,0,0,0,0,0,0
السهوب,0,0,0,0,0,0,0,0,0,0
خطوات,0,0,0,0,0,0,0,0,0,0
مجسامي,0,0,0,0,0,0,0,0,0,0
الصورة النمطية,0,0,0,0,0,1,0,0,0,0
النمطية,0,0,0,0,0,1,0,0,0,0
معقم,0,0,0,0,0,1,0,1,0,0
العقم,0,0,0,0,0,1,0,0,0,0
الجنيه الاسترليني,1,1,0,0,1,1,1,0,0,1
صارم,0,0,0,0,0,1,0,0,0,0
سماعة الطبيب,0,0,0,0,0,0,0,0,0,0
حساء,0,0,0,0,0,0,0,0,0,0
مضيفة,0,0,0,0,0,0,1,0,0,1
الوكالة,0,0,0,0,0,0,0,0,0,0
عصا,0,0,0,0,0,0,0,0,0,0
الالتصاق,0,0,0,0,0,0,0,0,0,0
لزج,0,0,1,0,0,0,0,0,0,0
قاسٍ,0,0,0,0,0,1,0,0,0,0
تصلب,0,0,0,0,0,0,0,0,0,0
الكزازة,0,0,0,0,0,1,0,0,0,0
خنق,0,0,0,0,0,1,0,0,0,0
خنق,1,0,0,1,0,1,0,1,0,0
خانق,0,0,0,0,0,0,0,0,0,0
وصمه عار,1,0,1,1,0,1,0,1,0,0
العضادة,0,0,0,0,0,0,0,0,0,0
خنجر,0,0,0,0,0,0,0,0,0,0
ميت,0,0,0,0,0,1,0,1,0,0
سكون,0,0,0,1,0,0,1,1,0,0
ركائز,0,0,0,0,0,0,0,0,0,0
منبه,0,0,0,0,0,0,0,0,0,0
تنشيط,0,0,0,0,0,0,0,0,0,0
التحفيز,0,0,0,0,0,0,0,0,0,0
العقرب,1,0,0,1,0,1,0,0,0,0
لاذع,0,0,0,0,0,1,0,0,0,0
بخيل,1,0,1,1,0,1,0,1,0,0
نتن,0,0,1,0,0,1,0,0,0,0
كريه الرائحة,0,0,1,0,0,1,0,0,0,0
مهمة عمل,0,0,0,1,0,1,0,1,0,0
تنص,0,0,0,0,0,0,0,0,0,0
الشرط,0,0,0,0,0,0,0,0,0,0
يقلب,0,0,0,0,0,0,0,0,0,0
التقليب,0,0,0,0,0,0,0,0,0,0
غرزة,0,0,0,0,0,0,0,0,0,0
مخزون,0,0,0,0,0,0,0,0,0,0
سمسار البورصة,0,0,0,0,0,0,0,0,0,0
جورب,0,0,0,0,0,0,0,0,0,0
مخازن,0,0,0,0,0,1,0,0,0,0
نهب,0,0,0,0,0,0,0,0,0,0
مسروق,1,0,0,0,0,1,0,0,0,0
معدة,0,0,1,0,0,0,0,0,0,0
حصاة,1,0,0,0,0,1,0,0,0,0
مخدر,0,0,0,0,0,1,0,0,0,0
خزف حجري,0,0,0,0,0,0,0,0,0,0
صخرية,0,0,0,0,0,0,0,0,0,0
براز,0,0,0,0,0,0,0,0,0,0
كرسي بلا ظهر أو ذراعين,0,0,1,0,0,1,0,0,0,0
ينحدر,0,0,0,0,0,0,0,0,0,0
قف,0,0,0,0,0,0,0,0,0,0
توقف,0,0,0,0,0,1,0,0,0,0
سدادة,0,0,0,0,0,0,0,0,0,0
وقف,0,0,0,0,0,0,0,0,0,0
ساعة التوقيف,0,0,0,0,0,0,0,0,0,0
تخزين,0,0,0,0,0,0,0,0,0,0
متجر,0,1,0,0,0,0,1,0,0,0
مخزن,0,0,0,0,0,0,0,0,0,0
التخزين,0,0,0,0,0,0,0,0,0,0
عاصفه,1,0,0,0,0,1,0,0,0,0
اقتحام,1,0,0,0,0,0,0,0,0,0
عاصف,0,0,0,1,0,1,0,0,0,0
قصة,0,0,0,0,0,0,0,0,0,0
شجاع,0,0,0,0,0,0,0,0,0,0
موقد,0,0,0,0,0,0,0,0,0,0
خبأ,0,0,0,0,0,0,0,0,0,0
امتطى,0,0,0,0,0,0,0,0,0,0
تصويب,0,0,0,0,0,0,0,0,0,0
صريح,0,0,0,0,0,0,1,0,0,1
على الفور,0,0,0,0,0,0,0,0,0,0
تمزق,1,0,0,0,0,1,0,0,0,0
مضيق,0,0,0,0,0,0,0,0,0,0
المضائق,0,0,0,1,0,1,0,0,0,0
ساحل,0,0,0,0,0,0,0,0,0,0
تقطعت,0,0,0,0,0,1,0,0,0,0
شخص غريب,0,0,0,1,0,1,0,0,0,0
خنق,1,0,1,1,0,1,0,1,1,0
حزام,0,0,0,0,0,0,0,0,0,0
الربط,0,0,0,0,0,0,0,0,0,0
طبقات,0,0,0,0,0,0,0,0,0,0
إستراتيجي,0,0,0,0,0,0,1,0,0,0
استراتيجي,0,1,0,0,0,0,1,0,0,1
إستراتيجية,0,0,0,0,0,0,0,0,0,0
التقسيم الطبقي,0,0,0,0,0,0,0,0,0,0
طبقة,0,0,0,0,0,0,0,0,0,0
ستراتوس,0,0,0,0,0,0,0,0,0,0
قش,0,0,0,0,0,0,0,0,0,0
ضال,0,0,0,0,0,1,0,0,0,0
أثَر,0,0,0,0,0,0,0,0,0,0
مخططة,0,0,0,0,0,0,0,0,0,0
مجرى,0,0,0,0,0,0,0,0,0,0
غاسل,0,0,0,0,0,0,0,0,0,0
تدفق,0,0,0,0,0,0,0,0,0,0
شارع,0,0,0,0,0,0,0,0,0,0
قوة,0,0,0,0,0,0,1,0,0,1
تعزيز - يقوي,0,0,0,0,0,0,1,0,0,0
تقوية,0,0,0,0,1,0,1,0,0,1
شاق,0,0,0,0,0,0,0,0,0,0
ضغط عصبى,0,0,0,0,0,1,0,0,0,0
تمتد,0,0,0,0,0,0,0,0,0,0
نقالة,0,0,0,1,0,0,0,1,0,0
منكوبة,0,0,0,0,0,0,0,1,0,0
خطوة,0,0,0,0,0,0,0,0,0,0
الفتنة,1,0,0,0,0,1,0,0,0,0
يضرب,1,0,0,0,0,1,0,0,0,0
ملفت للنظر,0,0,0,0,0,0,1,0,0,0
بشكل لافت للنظر,0,0,0,0,0,0,1,0,0,0
سلسلة,0,0,0,0,0,0,0,0,0,0
خيطي,0,0,0,0,0,0,0,0,0,0
قطاع,0,0,0,0,0,1,0,1,0,0
شريط,0,0,0,0,0,1,0,0,0,0
جردت,1,1,1,1,0,1,0,1,0,0
السعي,0,1,0,0,0,0,0,0,0,0
القوية,0,0,0,0,0,0,0,0,0,0
السكتة الدماغية,0,0,0,1,0,1,0,1,0,0
تنزه تجول,0,0,0,0,0,0,0,0,0,0
معقل,0,0,0,0,0,0,0,0,0,0
بقوة,0,0,0,0,0,0,1,0,0,0
الهيكلي,0,0,0,0,0,0,0,0,0,1
بنية,0,0,0,0,0,0,1,0,0,1
صراع,1,0,0,1,0,1,0,1,0,0
من المقطع العرضي,0,0,0,0,0,1,0,0,0,0
قصبة,0,0,0,0,0,0,0,0,0,0
عناد,0,0,0,0,0,0,0,0,0,0
قصير,0,0,0,0,0,0,0,0,0,0
الجص,0,0,0,0,0,0,0,0,0,0
عالق,0,0,0,0,0,0,0,0,0,0
عشيق,0,0,0,0,0,0,1,0,0,0
رصع,0,0,0,0,0,0,0,0,0,0
طالب علم,0,0,0,0,0,0,0,0,0,0
درس,0,0,0,0,0,0,0,0,0,0
الاستوديو,0,0,0,0,0,0,0,0,0,0
دراسة,0,0,0,0,0,0,1,0,0,0
أمور,0,0,0,0,0,0,0,0,0,0
حشوة,0,0,0,0,0,0,0,0,0,0
خانق,0,0,0,0,0,1,0,0,0,0
تعثر,0,0,0,0,0,1,0,0,0,0
عقب السيجارة,0,0,0,0,0,0,0,0,0,0
فاجأ,0,0,0,1,0,1,0,0,1,0
حيلة,0,0,0,0,0,0,0,0,0,0
قزم,0,0,0,0,0,1,0,0,0,0
مذهل,0,0,0,0,0,0,0,0,0,0
غبي,0,0,0,0,0,1,0,0,0,0
غباء,0,0,0,0,0,1,0,0,0,0
ذهول,0,0,0,0,0,1,0,0,0,0
قوي,0,0,0,0,0,0,1,0,0,0
سمك الحفش,0,0,0,0,0,0,0,0,0,0
تلعثم,0,0,0,0,0,0,0,0,0,0
مكان قذر,0,0,1,0,0,1,0,0,0,0
نمط,0,0,0,0,0,0,0,0,0,0
أنيق,0,0,0,0,0,0,0,0,0,0
دون الذري,0,0,0,0,0,0,0,0,0,0
اللجنة الفرعية,0,0,0,0,0,0,0,0,0,0
الا وعي,0,0,0,0,0,0,0,0,0,0
تحت الجلد,0,0,0,0,0,0,0,0,0,0
تقسيم,0,0,0,0,0,0,0,0,0,0
التقسيم,0,0,0,0,0,0,0,0,0,0
الاندساس,0,0,0,0,0,0,0,0,0,0
إخضاع,0,0,0,0,0,1,0,0,0,0
خافت,0,0,0,0,0,0,0,0,0,0
سوبيتو,0,0,0,0,0,0,0,0,1,0
موضوعات,0,0,0,0,0,1,0,0,0,0
تعرض,0,0,0,0,0,1,0,1,0,0
الخضوع,0,0,0,0,0,1,0,0,0,0
شخصي,0,0,0,0,0,0,0,0,0,0
القهر,1,0,1,1,0,1,0,1,0,0
تسامي,0,0,0,0,1,0,1,0,0,0
لا شعوري,0,0,0,0,0,0,0,0,0,0
غواصة,0,0,0,0,0,0,0,0,0,0
المغمورة,0,0,0,0,0,0,0,0,0,0
غاطسة,0,0,0,0,0,0,0,0,0,0
استسلام,0,0,0,0,0,0,0,0,0,0
إرسال,0,1,0,0,0,0,0,0,0,0
المرؤوس,0,0,0,1,0,1,0,0,0,0
التبعية,0,0,0,0,0,0,0,0,0,0
حبكة فرعية,0,0,0,0,0,0,0,0,0,0
استدعاء للمحكمة,0,0,0,0,0,1,0,0,0,0
الإشتراك,0,1,0,0,0,0,0,0,0,0
الاشتراك,0,0,0,0,0,0,0,0,0,0
اللاحقة,0,0,0,0,0,0,0,0,0,0
لاحق,0,0,0,0,0,0,0,0,0,0
بعد ذلك,0,0,0,0,0,0,0,0,0,0
مجموعة فرعية,0,0,0,0,0,0,0,0,0,0
تهدأ,0,0,0,0,0,0,0,0,0,0
هبوط,0,0,0,0,0,1,0,1,0,0
شركة فرعية,0,0,0,0,0,0,0,0,0,0
دعم,0,0,0,0,0,0,0,0,0,0
دعم مالي,1,0,1,0,0,1,0,0,0,0
تعيش,0,0,0,0,0,1,0,0,0,0
الكفاف,0,0,0,0,0,0,0,0,0,0
باطن الأرض,0,0,0,0,0,0,0,0,0,0
مستوى,0,0,0,0,0,0,1,0,0,0
جوهريا,0,0,0,0,0,0,0,0,0,0
إثبات,0,0,0,0,0,0,0,0,0,1
الموضوعية,0,0,0,0,0,0,1,0,0,0
بديل,0,0,0,0,0,0,0,0,0,0
مستبدلة,0,0,0,0,0,0,0,0,0,0
الاستبدال,0,0,0,0,0,0,0,0,0,0
بنية,0,0,0,0,0,0,0,0,0,0
جوفية,0,0,0,0,0,0,0,0,0,0
رقيق,0,0,0,0,0,0,0,0,0,0
دقة,0,0,0,0,0,0,0,0,0,0
طرح او خصم,0,0,0,0,0,1,0,0,0,0
الطرح,0,0,0,0,0,0,0,0,0,0
نوع فرعي,0,0,0,0,0,0,0,0,0,0
ضاحية,0,0,0,0,0,0,0,0,0,0
من الضواحى,0,0,0,0,0,0,0,0,0,0
الضواحي,0,0,0,0,0,0,0,0,0,0
التخريب,1,0,0,1,0,1,0,0,0,0
تخريبي,1,0,0,0,0,1,0,0,1,0
تخريب,0,0,1,1,0,1,0,1,0,0
مترو,0,0,0,0,0,0,0,0,0,0
ينجح,0,1,0,0,1,0,1,0,1,1
النجاح,0,1,0,0,1,0,1,0,0,1
النجاح,0,1,0,0,1,0,1,0,0,0
ناجح,0,1,0,0,1,0,1,0,0,1
الخلافة,0,0,0,0,0,0,0,0,0,0
متتالي,0,0,0,0,0,0,0,0,0,0
خليفة,0,0,0,0,0,0,0,0,0,0
الإيجاز,0,0,0,0,0,0,1,0,0,0
عصاري,0,0,0,0,0,1,1,0,0,0
خضع,0,0,0,0,0,1,0,0,0,0
مص,0,0,0,0,0,1,0,0,0,0
مصاصة,1,0,0,0,0,1,0,0,0,0
مص,0,0,0,0,0,0,0,0,0,0
الرضاعة,0,0,0,0,0,0,0,0,0,0
مص,0,0,0,0,0,0,0,0,0,0
مفاجئ,0,0,0,0,0,0,0,0,1,0
فجأة,0,0,0,0,0,0,0,0,1,0
قاضى,1,0,0,0,0,1,0,1,0,0
يعاني,0,0,0,0,0,1,0,0,0,0
المتألم,0,0,0,1,0,1,0,1,0,0
معاناة,0,0,1,1,0,1,0,1,0,0
كفى,0,0,0,0,0,0,0,0,0,0
كفاية,0,0,0,0,0,0,1,0,0,0
كافٍ,0,0,0,0,0,0,0,0,0,0
بشكل كافي,0,0,0,0,0,0,0,0,0,0
لاحقة,0,0,0,0,0,0,0,0,0,0
خانقة,0,0,1,1,0,1,0,1,0,0
الاختناق,1,0,0,1,0,1,0,0,0,0
السكر,0,0,0,0,0,0,1,0,0,0
يقترح,0,0,0,0,0,0,0,0,0,1
اقتراح,0,0,0,0,0,0,0,0,0,0
موحية,0,0,0,0,0,0,0,0,0,0
انتحاري,1,0,1,1,0,1,0,1,0,0
انتحار,1,0,0,1,0,1,0,1,0,0
تناسب,0,0,0,0,0,0,0,0,0,0
متكافئ,0,0,0,0,0,0,1,0,0,0
جناح,0,0,0,0,0,0,0,0,0,0
الخاطب,0,0,0,0,0,0,0,0,0,0
متجهم,1,0,0,0,0,1,0,1,0,0
كبريت,0,0,0,0,0,0,0,0,0,0
سلطان,0,0,0,1,0,0,0,0,0,0
قائظ,0,0,0,0,0,0,1,0,0,0
مجموع,0,0,0,0,0,0,0,0,0,0
محاكمة,0,0,0,0,0,0,0,0,0,0
لخص,0,0,0,0,0,0,0,0,0,0
ملخص,0,0,0,0,0,0,0,0,0,0
خلاصة,0,0,0,0,0,0,0,0,0,0
الصيف,0,0,0,0,0,0,0,0,0,0
قمة,0,0,0,0,0,0,0,0,0,0
استدعى,0,0,0,0,0,0,0,0,0,0
الاستدعاء,0,0,0,0,0,1,0,0,0,0
السومو,0,0,0,0,0,0,0,0,0,0
مستنقع,0,0,1,0,0,0,0,0,0,0
مترف,0,0,0,0,0,0,0,0,0,0
الشمس,0,1,0,0,1,0,1,0,1,1
شعاع الشمس,0,0,0,0,0,0,0,0,0,0
مزولة,0,1,0,0,0,0,0,0,0,1
غروب,0,0,0,0,0,0,0,0,0,0
متنوع,0,0,0,0,0,0,0,0,0,0
عدسة مكبرة,0,0,0,0,0,0,0,0,0,0
نظارة شمسيه,0,0,0,0,0,0,0,0,0,0
غرقت,0,0,1,1,0,1,0,1,0,0
مشمس,0,0,0,0,0,0,0,0,0,0
ضوء الشمس,0,0,0,0,0,0,0,0,0,0
مشمس,0,1,0,0,1,0,1,0,1,0
شروق الشمس,0,0,0,0,0,0,0,0,0,0
غروب الشمس,0,1,0,0,0,0,1,0,0,0
إشراق,0,0,0,0,1,0,1,0,0,0
التقاعد,0,0,0,0,0,0,0,0,0,0
رائع,0,0,0,0,0,0,1,0,0,0
سطحي,0,0,0,0,0,1,0,0,0,0
لا لزوم لها,0,0,0,0,0,1,0,0,0,0
فوق طاقة البشر,0,0,0,0,0,0,1,0,0,0
متراكب,0,0,0,0,0,0,0,0,0,0
المشرف,0,0,0,0,0,0,0,0,0,0
متفوق,0,0,0,0,0,0,1,0,0,0
التفوق,0,0,0,0,0,0,1,0,0,0
صيغة التفضيل,0,0,0,0,0,0,0,0,0,0
سوبرمان,0,0,0,0,1,0,1,0,0,1
سوبر ماركت,0,0,0,0,0,0,0,0,0,0
طاف,0,0,0,0,0,0,0,0,0,0
خارق للعادة,0,0,0,0,0,0,0,0,0,0
تراكب,0,0,0,0,0,0,0,0,0,0
تلغي,0,0,0,0,0,0,0,0,0,0
نجم النجوم,0,0,0,0,1,0,1,0,0,1
خرافة,0,0,0,1,0,1,1,0,0,0
مؤمن بالخرافات,0,1,0,1,0,1,0,0,0,0
الإشراف,0,0,0,0,0,0,0,0,0,0
إشراف,0,0,0,0,0,0,0,0,0,0
مشرف,0,0,0,0,0,0,0,0,0,0
عشاء,0,0,0,0,0,0,0,0,0,0
يحل محل,0,0,0,0,0,0,0,0,0,0
مطواع,0,0,0,0,0,0,0,0,0,0
ملحق,0,0,0,0,0,0,0,0,0,0
تكميلي,0,0,0,0,0,0,0,0,0,0
تكميلي,0,0,0,0,0,0,0,0,0,0
الدعاء,0,0,0,0,0,0,1,0,0,1
لوازم,0,0,0,0,0,0,1,0,0,0
إمداد,0,0,0,0,0,0,1,0,0,0
أيد,0,0,0,0,0,0,1,0,0,0
"مؤيد، مشجع، داعم",0,0,0,0,1,0,1,0,0,1
أنصار,0,0,0,0,0,0,0,0,0,0
دعم,0,0,0,0,0,0,1,0,0,1
افترض,0,0,0,0,0,0,0,0,0,0
نفترض,0,0,0,0,0,0,0,0,0,0
افتراض,0,0,0,0,0,0,0,0,0,0
كبح,1,0,0,1,0,1,0,1,0,0
إخماد,1,0,1,1,0,1,0,0,0,0
السيادة,1,1,0,1,1,1,1,0,1,1
أعلى فائق,0,0,0,0,0,0,1,0,0,0
بدرجة عليا,0,0,0,0,0,0,1,0,0,0
تكلفة إضافية,1,0,0,0,0,1,0,0,0,0
الكفالة,0,0,0,0,0,0,1,0,0,1
تصفح,0,0,0,0,0,0,0,0,0,0
سطح - المظهر الخارجي,0,0,0,0,0,0,0,0,0,0
يندفع يقوة,0,0,0,0,0,0,0,0,1,0
دكتور جراح,0,0,0,0,0,0,0,0,0,0
الجراحة,0,0,0,1,0,0,0,1,0,0
عابس,1,0,1,0,0,1,0,0,0,0
تخمين,0,0,0,0,0,0,1,0,0,0
لقب,0,0,0,0,0,0,0,0,0,0
متجاوز,0,0,0,0,0,0,1,0,0,0
فائض,0,0,0,0,0,0,0,0,0,0
مفاجئة,0,0,0,1,1,0,1,0,1,0
مندهش,0,0,0,0,0,0,0,0,1,0
مفاجأة,0,0,0,0,0,0,0,0,1,0
بشكل مدهش,0,1,0,0,0,0,0,0,1,0
يستسلم,0,0,0,1,0,1,0,1,0,0
استسلام,0,0,0,0,0,1,0,1,0,0
بديل,0,0,0,0,0,0,0,0,0,1
تحيط,0,1,0,0,0,1,1,0,0,0
المحيط,0,0,0,0,0,0,0,0,0,0
محيط,0,0,0,0,0,0,0,0,0,0
مراقبة,0,0,0,1,0,0,0,0,0,0
الدراسة الاستكشافية,0,0,0,0,0,0,0,0,0,0
المسح,0,0,0,0,0,0,1,0,0,0
مساح,0,0,0,0,0,0,0,0,0,0
نجاة,0,0,0,0,0,0,0,0,0,0
ينجو,0,0,0,0,0,0,1,0,0,0
البقاء على قيد الحياة,0,0,0,0,0,0,0,0,0,0
قابلية,0,0,0,0,0,0,0,0,0,0
سريع التأثر,0,0,0,0,0,1,0,0,0,0
مشتبه فيه,0,0,0,1,0,1,0,0,0,0
مشتبه به,0,0,0,0,0,0,0,0,0,0
تعليق,0,0,0,0,0,0,0,0,0,0
موقوف عن العمل,0,0,0,0,0,0,0,0,0,0
الحمالات,0,0,0,0,0,0,0,0,0,0
تشويق,0,1,0,1,0,0,0,0,1,0
ايقاف عن العمل,0,0,0,1,0,1,0,0,0,0
اشتباه,0,0,0,1,0,1,0,0,0,0
شكوك,0,0,0,0,0,0,0,0,0,0
مثير للشك,1,1,0,0,0,1,0,0,0,0
مستمر,0,0,0,0,0,0,0,0,0,0
القوت,0,0,0,0,0,0,0,0,0,0
خياطة,0,0,0,0,0,0,0,0,0,0
مسحة,0,0,0,0,0,1,0,0,0,0
غنيمة,0,0,0,0,0,0,0,0,0,0
اختيال,0,0,0,0,0,0,0,0,0,0
ابتلاع,0,0,0,0,0,0,0,0,0,0
مستنقع,0,0,1,1,0,1,0,0,0,0
غارقة,0,0,0,0,0,0,0,0,0,0
مستنقع,0,0,1,1,0,1,0,0,0,0
بجعة,0,0,0,0,0,0,0,0,0,0
تبديل,0,0,0,0,0,0,0,0,0,0
سرب,0,0,1,0,0,0,0,0,0,0
يحتشد,0,0,0,0,0,0,0,0,0,0
الصليب المعقوف,1,0,0,1,0,1,0,0,0,0
تمايل,0,0,0,0,0,0,0,0,0,0
أقسم,0,0,0,0,0,0,1,0,0,1
أداء اليمين الدستورية,0,0,0,0,0,0,0,0,0,0
عرق,0,0,0,1,0,0,0,0,0,0
سترة,0,0,0,0,0,0,0,0,0,0
التعرق,0,0,0,0,0,0,0,0,0,0
مسح,0,0,0,0,0,0,0,0,0,0
كنس,0,0,0,0,0,0,0,0,0,0
حلو,0,1,0,0,1,0,1,0,1,1
تحلية,0,0,0,0,0,0,0,0,0,0
محلى,0,0,0,0,0,0,0,0,0,0
محلي,0,0,0,0,0,0,0,0,0,0
حبيبة القلب,0,1,0,0,1,0,1,1,0,1
الحبيبة,0,0,0,0,0,0,1,0,0,0
العذوبة,0,0,0,0,0,0,1,0,0,0
حلويات,0,1,0,0,1,0,1,0,0,0
تضخم,0,0,0,0,0,0,0,0,0,0
تورم,0,0,0,1,0,1,0,0,0,0
قائظ,0,0,0,0,0,0,0,0,0,0
انحرف,0,0,0,1,0,0,0,0,1,0
سريع,0,0,0,0,0,0,1,0,0,0
بسرعة,0,0,0,0,0,0,0,0,0,0
جرعة كبيرة,0,0,1,0,0,1,0,0,0,0
السباحة,0,1,0,1,1,0,1,0,0,0
سباحة,0,0,0,0,0,0,0,0,0,0
انثي خنزير,0,0,1,0,0,1,0,0,0,0
تأرجح,0,0,0,0,0,0,0,0,0,0
يتأرجح,0,0,0,0,0,0,0,0,0,0
حفيف,0,0,0,0,0,0,0,0,0,0
تحول,0,0,0,0,0,0,0,0,0,0
يدور على محور,0,0,0,0,0,0,0,0,0,0
منتفخة,0,0,0,0,0,1,0,0,0,0
إغماء,0,0,0,0,0,0,0,0,0,0
انقضاض,0,0,0,0,0,0,0,0,0,0
سيف,0,0,0,0,0,0,0,0,0,0
مقطع لفظي,0,0,0,0,0,0,0,0,0,0
المنهج,0,0,0,0,0,0,0,0,0,0
رمز,0,0,0,0,0,0,0,0,0,0
رمزي,0,0,0,0,0,0,1,0,0,0
رمزيًا,0,0,0,0,0,0,0,0,0,0
رمزية,0,0,0,0,0,0,0,0,0,0
يرمز,0,0,0,0,0,0,0,0,0,0
متماثل,0,0,0,0,0,0,0,0,0,0
متماثل,0,0,0,0,0,0,1,0,0,0
تناظر,0,0,0,0,1,0,1,0,0,1
ودي,0,0,0,1,1,0,1,1,0,1
تتعاطف,0,0,0,0,0,0,0,1,0,0
تعاطف,0,0,0,0,0,0,1,1,0,0
سمفونية,0,1,0,0,1,0,1,0,0,0
علامة مرض,0,0,0,0,0,1,0,0,0,0
مصحوب بأعراض,0,0,0,0,0,0,0,0,0,0
كنيس أو مجمع يهودي,0,0,0,0,0,0,0,0,0,0
تزامن,0,1,0,0,1,0,1,0,1,1
متزامن,0,0,0,0,0,0,0,0,0,0
إغماء,0,0,0,1,0,1,0,1,1,0
نقابة,0,0,0,0,0,0,0,0,0,0
تآزري,0,0,0,0,0,0,1,0,0,1
التعاضد,0,0,0,0,0,0,0,0,0,0
السينودس,0,0,0,0,0,0,1,0,0,1
مرادف,0,0,0,0,0,0,0,0,0,0
مرادف,0,0,0,1,0,1,1,0,0,1
ملخص,0,0,0,0,0,0,0,0,0,0
سينوبتيك,0,0,0,0,0,0,0,0,0,0
بناء الجملة,0,0,0,0,0,0,0,0,0,0
تركيب,0,0,0,0,0,0,0,0,0,0
اصطناعي,0,0,0,0,0,0,0,0,0,0
حقنة,0,0,0,1,0,0,0,0,0,0
شراب مركز,0,0,0,0,0,0,0,0,0,0
النظام,0,0,0,0,0,0,0,0,0,1
منهجي,0,0,0,0,0,0,0,0,0,0
بشكل منهجي,0,0,0,0,0,0,0,0,0,0
مبرقع,0,0,0,0,0,0,0,0,0,0
المسكن,0,0,0,0,0,0,0,0,0,0
الطاولة,0,0,0,0,0,0,0,0,0,0
تابلوه,0,0,0,0,0,0,0,0,0,0
ملعقة طعام,0,0,0,0,0,0,0,0,0,0
لوح,0,0,0,0,0,0,0,0,0,0
أدوات المائدة,0,0,0,0,0,0,0,0,0,0
محرم,0,0,1,1,0,1,0,0,0,0
مجدول,0,0,0,0,0,0,0,0,0,0
جدولة,0,1,0,0,0,0,0,0,0,0
جدولة,0,0,0,0,0,0,0,0,0,0
مقياس سرعة الدوران,0,0,0,0,0,0,0,0,0,0
ضمني,0,0,0,0,0,0,0,0,0,0
تك,0,0,0,0,0,0,0,0,0,0
يعالج,1,0,0,0,0,0,0,0,1,0
معالجة,0,0,0,0,0,0,0,0,0,0
رديئ,0,0,0,0,0,0,0,0,0,0
براعة,0,0,0,0,0,0,1,0,0,0
تكتيكات,0,0,0,1,0,0,0,0,0,1
اللمس,0,0,0,0,0,0,0,0,0,0
التفتا,0,0,0,0,0,0,0,0,0,0
حلوى,0,0,0,0,0,0,0,0,0,0
بطاقة شعار,0,0,0,0,0,0,0,0,0,0
ذيل,0,0,0,0,0,0,0,0,0,0
ذيول,0,0,0,0,0,0,0,0,0,0
المخلفات,0,0,0,0,0,0,0,0,0,0
خياط,0,0,0,0,0,0,0,0,0,0
الخياطة,0,0,0,0,0,0,0,0,0,0
تلوث,0,0,0,0,0,1,0,1,0,0
آخذ,0,0,0,0,0,0,0,0,0,0
حكاية,0,0,0,0,0,0,1,0,0,0
موهبة,0,0,0,0,0,0,1,0,0,0
موهوب,0,0,0,0,0,0,0,0,0,0
تعويذة,0,0,0,0,0,0,1,0,0,0
حديث,0,0,0,0,0,0,1,0,0,0
كثير الكلام,0,0,0,0,0,0,0,0,0,0
المتكلم,0,0,0,0,0,0,0,0,0,0
طويل,0,0,0,0,0,0,0,0,0,0
الأعداد,0,0,0,0,0,0,0,0,0,0
الشحم,0,0,0,0,0,0,0,0,0,0
حصيلة,0,0,0,0,0,0,0,0,0,0
مخالب,1,0,0,1,0,1,0,0,0,0
دف صغير,0,0,0,0,0,0,0,0,0,0
ترويض,0,0,0,0,0,0,0,0,0,0
تان,0,0,0,0,0,0,0,0,0,0
بالتزامن,0,0,0,0,0,0,0,0,0,1
تانغ,0,0,0,0,0,0,0,0,0,0
ظل,0,0,0,0,0,0,0,0,0,0
تشابك,0,0,0,0,0,0,0,0,0,0
متشابكة,0,0,0,0,0,1,0,0,0,0
خزان,0,0,0,0,0,0,0,0,0,0
عملية تسمير البشرة,0,0,0,0,0,0,1,0,0,0
محيرة,0,1,0,0,1,1,1,0,1,0
يساوي,0,0,0,0,0,0,0,0,0,1
صنبور,0,0,0,0,0,0,0,0,0,0
شريط,0,0,0,0,0,0,0,0,0,0
تفتق,0,0,0,0,0,0,0,0,0,0
التناقص,0,0,0,0,0,0,0,0,0,0
نسيج,0,0,0,0,0,0,0,0,0,0
قطران,0,0,0,0,0,0,0,0,0,0
تأخر,0,0,0,0,0,1,0,0,0,0
تأخر,0,0,0,0,0,1,0,0,0,0
استهداف,0,0,0,0,0,0,0,0,0,0
التعريفة,1,0,1,0,0,1,0,0,0,0
تشويه,0,0,1,0,0,1,0,1,0,0
تلكأ,0,0,0,0,0,1,0,0,0,0
لاذع,0,0,0,0,0,0,0,0,0,0
الترتان,0,0,0,0,0,0,0,0,0,0
الجير,0,0,0,0,0,0,0,0,0,0
مهمة,0,0,0,0,0,0,1,0,0,0
شرابة,0,0,0,0,0,0,0,0,0,0
المذاق,0,0,0,0,0,0,0,0,0,0
لذيذ,0,0,0,0,0,0,1,0,0,0
لا طعم له,0,0,1,0,0,1,0,0,0,0
تذوق,0,0,0,0,0,0,0,0,0,0
طيب المذاق,0,0,0,0,0,0,1,0,0,0
تات,0,0,0,0,0,0,0,0,0,0
وشم,0,0,0,0,0,0,0,0,0,0
يعلم,0,0,0,0,0,0,0,0,0,1
تهكم,1,0,0,1,0,1,0,1,0,0
مشدود,0,0,0,0,0,0,0,0,0,0
حانة,0,0,0,0,0,0,0,0,0,0
أسمر,0,0,1,0,0,0,0,0,0,0
ضريبة,0,0,0,0,0,1,0,1,0,0
سيارة اجرة,0,0,0,0,0,0,0,0,0,0
التصنيف,0,0,0,0,0,0,0,0,0,0
شاي,0,0,0,0,0,0,0,0,0,0
يعلم,0,0,0,0,1,0,1,0,1,1
معلم,0,0,0,0,0,0,1,0,0,1
تعليم,0,0,0,0,0,0,0,0,0,0
فريق,0,0,0,0,0,0,0,0,0,1
دامعة,0,0,1,1,0,0,0,1,0,0
يضايق,1,1,0,0,0,1,0,1,0,0
الإعلان التشويقي,0,0,0,0,0,0,0,0,0,0
إغاظة,1,0,0,1,0,1,0,0,0,0
حلمة,0,0,0,0,0,0,0,0,0,0
تقني,0,0,0,0,0,0,0,0,0,0
تقنية,0,0,0,0,0,0,0,0,0,0
فني,0,0,0,0,0,0,0,0,0,0
تكنولوجيا,0,0,0,0,0,0,1,0,0,0
تيد,0,0,0,0,0,0,0,0,0,0
مضجر,0,0,0,0,0,1,0,0,0,0
الملل,0,0,0,0,0,1,0,0,0,0
تعج,0,0,1,0,0,0,0,0,0,0
مراهقون,0,0,0,0,0,1,1,0,0,0
أسنان,0,0,0,0,0,0,0,0,0,0
تفلون,0,0,0,0,0,0,0,0,0,0
برقية,0,0,0,0,0,0,0,0,0,0
تلغراف,0,0,0,0,0,0,0,0,0,0
هاتف,0,0,0,0,0,0,0,0,0,0
تلسكوب,0,0,0,0,0,0,0,0,0,0
تلسكوبي,0,0,0,0,0,0,0,0,0,0
التلفاز,0,0,0,0,0,0,0,0,0,0
راوي,0,0,0,0,0,0,0,0,0,0
يقول,0,0,0,0,0,0,0,0,0,0
منبهة,0,0,0,0,0,0,0,0,0,0
حِدّة,0,0,0,0,0,0,0,0,0,0
تمبرا,0,0,0,0,0,0,0,0,0,0
طبع,0,0,0,0,0,0,0,0,0,0
اعتدال,0,0,0,0,0,0,1,0,0,0
معتدل,0,0,0,0,0,0,0,0,0,1
درجة الحرارة,0,0,0,0,0,0,0,0,0,0
مزاج,0,0,0,0,0,0,1,0,0,0
عاصفة,1,1,0,1,0,1,0,1,1,0
معبد,0,0,0,0,0,0,0,0,0,0
زمني,0,0,0,0,0,0,0,0,0,0
مؤقتا,0,0,0,0,0,0,0,0,0,0
مؤقت,0,0,0,0,0,0,0,0,0,0
جذب,0,0,0,0,0,0,0,0,0,0
إغواء,0,0,0,0,0,1,0,0,0,0
مغري,0,0,0,0,0,0,0,0,0,0
عشرة,0,0,0,0,0,0,0,0,0,0
يمكن الدفاع عنه,0,0,0,0,0,0,1,0,0,0
عنيد,0,0,0,0,0,0,1,0,0,0
عناد,0,0,0,0,0,0,1,0,0,0
الإيجار,0,0,0,0,0,0,1,0,0,0
مستأجر,0,0,0,0,0,0,1,0,0,0
ميل,0,0,0,0,0,0,0,0,0,0
مناقصة,0,0,0,0,1,0,1,0,0,1
الرقة والحنان,0,0,0,0,1,0,1,0,0,0
يميل,0,0,0,0,0,0,0,0,0,0
وتر,0,0,0,0,0,0,0,0,0,0
مبنى سكني,0,0,0,0,0,1,0,0,0,0
عقيدة,0,0,0,0,0,0,0,0,0,0
المبادئ,0,0,0,0,0,0,0,0,0,0
عشرة أضعاف,0,0,0,0,0,0,0,0,0,0
تنس,0,0,0,0,0,0,0,0,0,0
توتر,0,0,0,0,0,0,0,0,0,0
الشد,0,0,0,0,0,0,0,0,0,0
توتر,1,0,0,0,0,0,0,0,0,0
خيمة,0,0,0,0,0,0,0,0,0,0
مجس نبات,0,0,0,0,0,0,0,0,0,0
مُتَردِّد,0,0,0,0,0,0,0,0,0,0
العاشر,0,0,0,0,0,0,0,0,0,0
أعشار,0,0,0,0,0,0,0,0,0,0
ضعيف,0,0,0,0,0,0,0,0,0,0
فترة,0,0,0,0,0,0,0,0,0,0
فاتر,0,0,0,0,0,0,0,0,0,0
مصطلح,0,0,0,0,0,0,0,0,0,0
الطرفي,0,0,0,1,0,1,0,1,0,0
إنهاء,0,0,0,0,0,0,0,1,0,0
نهاية,0,0,0,0,0,1,0,1,0,0
نهاية,0,0,0,0,0,0,0,0,0,0
النمل الأبيض,0,0,1,0,0,1,0,0,0,0
مصلحات,0,0,0,0,0,0,0,0,0,0
الخرشنة طائر مائي,0,0,0,0,0,0,0,0,0,0
ثلاثي,0,0,0,0,0,0,0,0,0,0
مصطبة,0,0,0,0,0,0,0,0,0,0
ساكن الأرض,0,0,0,0,0,0,0,0,0,0
كريه,1,0,1,1,0,1,0,1,0,0
بشكل رهيب,0,0,0,0,0,0,0,1,0,0
جحر,0,0,0,0,0,0,0,0,0,0
رائع,0,0,0,0,0,0,0,1,0,0
الإقليمية,0,0,0,0,0,0,0,0,0,0
إِقلِيم,0,0,0,0,0,0,0,0,0,0
الرعب,0,0,0,1,0,1,0,0,0,0
الإرهاب,1,0,1,1,0,1,0,1,0,0
إرهابي,1,0,1,1,0,1,0,1,1,0
أرعب,1,0,0,1,0,1,0,1,0,0
مقتضب,0,0,0,0,0,0,0,0,0,0
بعد الثانوي,0,0,0,0,0,0,0,0,0,0
اختبار,0,0,0,0,0,0,0,0,0,0
وصية,0,1,0,0,0,0,0,0,0,1
يشهد,0,0,0,0,0,0,0,0,0,0
شهادة,0,0,0,0,0,0,0,0,0,0
شهادة,0,0,0,0,0,0,0,0,0,1
كُزاز,0,0,1,0,0,1,0,0,0,0
حبل,0,0,0,0,0,1,0,0,0,0
مربوط,0,0,0,0,0,0,0,0,0,0
رباعي السطوح,0,0,0,0,0,0,0,0,0,0
نص,0,0,0,0,0,0,0,0,0,0
كتاب مدرسي,0,0,0,0,0,0,0,0,0,0
الغزل والنسيج,0,0,0,0,0,0,0,0,0,0
تركيبي,0,0,0,0,0,0,0,0,0,0
نَسِيج,0,0,0,0,0,0,0,0,0,0
شاكرين,0,0,0,0,1,0,1,0,0,0
عيد الشكر,0,0,0,0,1,0,1,0,0,0
القش,0,0,0,0,0,0,0,0,0,0
ذوبان,0,0,0,0,0,0,0,0,0,0
مسرح,0,0,0,0,0,0,0,0,0,0
مسرحي,0,0,0,0,0,0,0,0,0,0
سرقة,1,0,1,1,0,1,0,1,0,0
الايمان بالله,0,0,1,0,0,1,0,0,0,0
ايماني,0,0,0,0,0,0,0,0,0,0
سمة,0,0,0,0,0,0,0,0,0,0
الثيوقراطية,0,0,0,0,0,0,0,0,0,0
ثيوقراطي,1,0,0,1,0,1,0,1,0,1
عالم لاهوت,0,0,0,0,0,0,0,0,0,0
لاهوتي,0,0,0,0,0,0,0,0,0,1
علم اللاهوت,0,1,0,0,0,0,0,0,0,0
نظرية,0,0,0,0,0,0,0,0,0,1
نظري,0,0,0,0,0,0,1,0,0,0
نظرية,0,1,0,0,0,0,0,0,0,1
علاجي,0,0,0,0,1,0,1,0,0,1
المداواة,0,0,0,0,0,0,1,0,0,0
على وشك ذلك,0,0,0,0,0,0,0,0,0,0
منها,0,0,0,0,0,0,0,0,0,0
معها,0,0,0,0,0,0,0,0,0,0
حراري,0,0,0,0,0,0,0,0,0,0
الحرارية,0,1,0,0,0,0,0,0,0,0
الديناميكا الحرارية,0,0,0,0,0,0,0,0,0,0
ميزان الحرارة,0,0,0,0,0,0,0,0,0,1
منظم الحراره,0,0,0,0,0,0,0,0,0,0
القاموس الموسوعي للمفردات,0,0,0,0,0,0,0,0,0,0
فرضية,0,0,0,0,0,0,0,0,0,0
سميك,0,0,0,0,0,0,0,0,0,0
رشاقته,0,0,0,0,0,0,0,0,0,0
سماكة,0,0,0,0,0,0,0,0,0,0
غابة,0,0,0,0,0,0,0,0,0,0
سماكة,0,0,0,0,0,0,0,0,0,0
لص,1,0,1,1,0,1,0,1,1,0
كشتبان,0,0,0,0,0,0,0,0,0,0
نحيف,0,0,0,0,0,0,0,0,0,0
شيء,0,0,0,0,0,0,0,0,0,0
أشياء,0,0,0,0,0,0,0,0,0,0
مفكر,0,0,0,0,0,0,1,0,0,0
التفكير,0,0,0,0,0,0,0,0,0,0
أثلاث,0,0,0,0,0,0,0,0,0,0
العطش,0,1,0,0,0,0,0,1,1,0
متعطش,0,0,0,0,0,1,0,0,0,0
ثلاثة عشر,0,0,0,0,0,0,0,0,0,0
الثالث عشر,0,0,0,1,0,0,0,0,0,0
الشوك,0,0,0,0,0,0,0,0,0,0
هناك,0,0,0,0,0,0,0,0,0,0
ثونغ,0,0,0,0,0,0,0,0,0,0
شوكة,0,0,0,0,0,1,0,0,0,0
شائك,0,0,0,1,0,1,0,0,0,0
أصيل,0,0,0,0,0,0,1,0,0,0
ممر,0,0,0,0,0,0,0,0,0,0
يفكر,0,1,0,0,0,0,0,0,0,0
وقور,0,0,0,0,0,0,1,0,0,1
التفكير,0,0,0,0,0,0,1,0,0,0
طائش,1,0,1,0,0,1,0,0,0,0
خواطر,0,0,0,0,0,0,0,0,0,0
ألف,0,0,0,0,0,0,0,0,0,0
ضرب,1,0,1,1,0,1,0,1,0,0
مسلك,0,0,0,0,0,0,0,0,0,0
التهديد,1,0,0,1,0,1,0,0,0,0
هدد,1,1,0,1,0,1,0,0,0,0
تهديد,1,0,1,1,0,1,0,0,0,0
ثلاثة أضعاف,0,0,0,0,0,0,0,0,0,0
عتبة,1,0,0,1,0,1,0,1,0,0
عتبة,0,0,0,0,0,0,0,0,0,0
ثلاث مرات,0,0,0,0,0,0,0,0,0,0
تقطير,0,0,1,0,0,0,1,0,0,1
مقتصد,0,0,0,0,0,0,0,0,0,0
التشويق,0,1,0,1,1,0,1,0,1,0
مثير,0,1,0,0,1,0,1,0,1,0
مزدهرة,0,1,0,0,1,0,1,0,0,0
حُلقُوم,0,0,0,0,0,0,0,0,0,0
نبض,0,0,0,1,0,1,0,1,0,0
الخفقان,0,0,0,0,0,0,0,0,0,0
عرش,0,0,0,0,0,0,1,0,0,1
حشد,0,0,0,0,0,0,0,0,0,0
خنق,1,0,0,0,0,1,0,0,0,0
يرمي,0,0,0,0,0,0,0,0,0,0
مرض القلاع,0,0,0,0,0,0,0,0,0,0
دفع,0,0,0,0,0,0,0,0,0,0
جلجل,0,0,0,0,0,0,0,0,0,0
سفاح,1,0,1,1,0,1,0,0,0,0
إبهام,0,0,0,0,0,0,0,0,0,0
رطم,1,0,0,0,0,1,0,0,0,0
شاذ,0,0,0,1,0,0,0,0,0,0
صوت الرعد,0,0,0,0,0,0,0,0,0,0
صاعقة,0,0,0,0,0,0,0,0,0,0
مدو,1,0,0,1,0,1,0,0,0,0
عاصفة رعدية,0,0,0,0,0,0,0,0,0,0
أحبط,0,0,0,0,0,1,0,0,1,0
زعتر,0,0,0,0,0,0,0,0,0,0
تاج,0,0,0,0,0,0,0,0,0,0
القراد,0,0,0,0,0,0,0,0,0,0
شريط,0,0,0,0,0,0,0,0,0,0
تذكرة,0,0,0,0,0,0,0,0,0,0
دغدغة,0,1,0,0,1,0,1,0,1,1
حساس,0,0,0,0,0,0,0,0,0,0
المد والجزر,0,0,0,0,0,0,0,0,0,0
طعام شهي,0,0,0,0,0,0,0,0,0,0
المد,0,0,0,0,0,0,0,0,0,0
بشرى,0,0,0,0,0,0,0,0,0,0
ربطة عنق,0,0,0,0,0,0,0,0,0,0
الطبقة,0,0,0,0,0,0,0,0,0,0
شجار,1,0,0,0,0,1,0,0,0,0
نمر,0,0,0,0,0,0,0,0,0,0
تشديد,1,0,0,0,0,0,0,0,0,0
ضيق,0,0,0,0,0,0,0,0,0,0
الجوارب,0,0,0,0,0,0,0,0,0,0
تيلدا,0,0,0,0,0,0,0,0,0,0
البلاط,0,0,0,0,0,0,0,0,0,0
تبليط,0,0,0,0,0,0,1,0,0,0
حتى,0,0,0,0,0,0,0,0,0,0
الحرث,0,0,0,0,0,0,0,0,0,0
الحارث,0,0,0,0,0,0,0,0,0,0
إمالة,0,0,0,0,0,0,0,0,0,0
إمالة,0,0,0,0,0,0,0,0,0,0
خشب,0,0,0,0,0,0,0,0,0,0
خشب,0,0,0,0,0,0,0,0,0,0
طابع الصوت,0,0,0,0,0,0,0,0,0,0
زمن,0,1,0,0,0,0,0,0,0,0
توقيت,0,0,0,0,0,0,0,0,0,0
في الوقت المناسب,0,0,0,0,0,0,1,0,0,0
ساعة,0,0,0,0,0,0,0,0,0,0
خجول,0,0,0,1,0,1,0,1,0,0
الخجل,0,1,0,1,0,1,0,0,0,0
القصدير,0,0,0,0,0,0,0,0,0,0
صبغة,0,0,0,0,0,0,0,0,0,0
سنه,0,0,0,0,0,0,0,0,0,0
مسحة,0,0,0,0,0,0,0,0,0,0
ارتعش,0,0,0,0,0,0,0,0,0,0
تنميل,0,0,0,0,0,0,0,0,0,0
العبث,0,0,0,0,0,0,0,0,0,0
ترقيع,0,0,0,0,0,0,0,0,0,0
طنين الأذن,0,0,0,0,0,0,0,0,0,0
بهرج,0,0,0,0,1,0,1,0,0,0
لون,0,0,0,0,0,0,0,0,0,0
صغير الحجم,0,0,0,0,0,0,0,0,0,0
تلميح,0,0,0,0,0,0,0,0,0,0
سكران,0,0,0,0,0,1,0,0,0,0
خطبة,1,0,1,0,0,1,0,0,0,0
إطار العجلة,0,0,0,0,0,0,0,0,0,0
مرهق,0,0,0,0,0,1,0,0,0,0
تعب,0,0,0,0,0,1,0,0,0,0
ممل,0,0,0,0,0,1,0,0,0,0
الانسجة,0,0,0,0,0,0,0,0,0,0
حلمة,0,0,0,0,0,1,0,0,0,0
تيتانيك,0,0,0,0,0,0,0,0,0,0
العشور,0,0,0,0,0,0,0,0,0,0
لقب,0,0,0,0,0,0,1,0,0,1
بعنوان,0,0,0,0,0,0,0,0,0,0
ثدي,0,0,0,0,0,0,0,0,0,0
اسمي,0,0,0,0,0,0,0,0,0,0
العلجوم,0,0,1,0,0,1,0,0,0,0
خبز محمص,0,0,0,0,1,0,1,0,0,0
تبغ,0,0,0,0,0,1,0,0,0,0
توبي,0,0,0,0,0,0,0,0,0,0
تود,0,0,0,0,0,0,0,0,0,0
اليوم,0,0,0,0,0,0,0,0,0,0
إصبع قدم,0,0,0,0,0,0,0,0,0,0
سترة,0,0,0,0,0,0,0,0,0,0
يكدح,0,0,0,0,0,0,0,0,0,0
الحمام,0,0,1,0,0,1,0,0,0,0
الشدائد,0,0,0,0,0,1,0,0,0,0
رمز,0,0,0,0,0,0,0,0,0,0
تفاوت,0,0,0,0,0,0,0,0,0,0
متسامح,0,0,0,0,0,0,1,0,0,0
تحمل,1,0,0,0,0,1,0,1,0,0
التسامح,0,0,0,0,0,0,1,0,0,0
رسوم,0,0,0,0,0,0,0,0,0,0
توماهوك,0,0,0,0,0,0,0,0,0,0
قبر,0,0,0,0,0,0,0,1,0,0
هر,0,0,0,0,0,0,0,0,0,0
إلي,0,0,0,0,0,0,0,0,0,0
الغد,0,1,0,0,0,0,0,0,0,0
طن,0,0,0,0,0,0,0,0,0,0
"نغمة، رنه",0,0,0,0,0,0,0,0,0,0
تونغ,0,0,0,0,0,0,0,0,0,0
ملقط,0,0,0,0,0,0,0,0,0,0
لسان,0,0,0,0,0,0,0,0,0,0
منشط,0,0,0,0,0,0,0,0,0,0
حمولة,0,0,0,0,0,0,0,0,0,0
اللوزتين,0,0,0,0,0,0,0,0,0,0
الأدوات,0,0,0,0,0,0,0,0,0,0
سن,0,0,0,0,0,0,0,0,0,0
وجع أسنان,0,0,0,1,0,1,0,0,0,0
مسنن,0,0,0,0,0,0,0,0,0,0
بلا أسنان,0,0,0,0,0,0,0,0,0,0
أعلى,0,1,0,0,0,0,1,0,0,1
توباز,0,0,0,0,0,0,0,0,0,0
عنوان,0,0,0,0,0,0,0,0,0,0
موضعي,0,0,0,0,0,0,0,0,0,0
طبوغرافية,0,0,0,0,0,0,0,0,0,0
طبوغرافية,0,0,0,0,0,0,0,0,0,0
التضاريس,0,0,0,0,0,0,0,0,0,0
إسقاط,0,0,0,0,0,0,0,0,1,0
تور,0,0,0,0,0,0,0,0,0,0
شعلة,0,0,0,0,0,0,0,0,0,0
عذاب,1,0,0,1,0,1,0,1,0,0
تمزقها,0,0,0,0,0,1,0,0,0,0
إعصار,0,0,0,1,0,0,0,0,0,0
نسف,1,0,0,0,0,1,0,0,0,0
سيل,0,0,0,1,0,0,0,0,0,0
متقد,0,0,0,0,0,1,0,0,0,0
التواء,0,0,0,0,0,0,0,0,0,0
الجذع,0,0,0,0,0,0,0,0,0,0
ضرر,0,0,0,0,0,1,0,0,0,0
معذب,1,0,1,0,0,1,0,0,0,0
سلحفاء,0,0,0,0,0,0,0,0,0,0
متعرج,0,0,0,0,0,0,0,0,0,0
تعذيب,1,1,1,1,0,1,0,1,0,0
رمى,0,0,0,0,0,0,0,0,0,0
المجموع,0,0,0,0,0,0,0,0,0,0
الكلية,0,0,0,0,0,0,0,0,0,0
تماما,0,0,0,0,0,0,0,0,0,0
حمل,0,0,0,0,0,0,0,0,0,0
الطوطم,0,0,0,0,0,0,0,0,0,0
يلمس,0,0,0,0,0,0,0,0,0,0
لمست,0,0,0,0,0,1,0,0,0,0
مؤثر,0,0,0,0,0,0,0,0,0,0
حساس,1,0,0,0,0,1,0,1,0,0
قاسٍ,0,0,0,0,0,1,0,1,0,0
صلابة,1,0,0,1,0,0,1,0,0,1
جولة,0,0,0,0,0,0,0,0,0,0
سائح,0,0,0,0,0,0,0,0,0,0
التورمالين,0,0,0,0,0,0,0,0,0,0
المسابقة,0,0,0,0,0,0,0,0,0,0
عاصبة,0,0,0,0,0,0,0,0,0,0
توت,0,0,0,0,0,0,0,0,0,0
يسحب,0,0,0,0,0,0,0,0,0,0
منشفة,0,0,0,0,0,0,0,0,0,0
برج,0,0,0,0,0,0,1,0,0,0
شاهق,0,1,0,1,0,0,1,0,0,0
بلدة,0,0,0,0,0,0,0,0,0,0
تاون هاوس,0,0,0,0,0,0,0,0,0,0
سامة,0,0,1,0,0,1,0,0,0,0
علم السموم,0,0,0,0,0,0,0,0,0,0
سم,0,0,0,1,0,1,0,0,0,0
عروسه لعبه,0,0,0,0,0,0,0,0,0,0
أثر,0,0,0,0,0,0,0,0,0,0
آثار,0,0,0,0,0,0,0,0,0,0
ةقصبة الهوائية,0,0,0,0,0,0,0,0,0,0
اقتفاء أثر,0,0,0,0,0,0,0,0,0,0
مسار,0,1,0,0,0,0,0,0,0,0
المسالك,0,0,0,1,0,0,0,0,0,0
لين العريكة,0,0,0,0,0,0,0,0,0,0
شعبية,0,0,0,0,0,0,0,0,0,0
جرار زراعى,0,0,0,0,0,0,0,0,0,0
تجارة,0,0,0,0,0,0,0,0,0,1
تاجر,0,0,0,0,0,0,0,0,0,0
تاجر,0,0,0,0,0,0,0,0,0,0
تجارة,0,0,0,0,0,0,0,0,0,0
التقليد,0,0,0,0,0,0,0,0,0,0
التقليديين,0,0,0,0,0,0,1,0,0,0
حركة المرور,0,0,0,0,0,0,0,0,0,0
مأساة,0,0,0,1,0,1,0,1,0,0
مأساوي,0,0,0,0,0,1,0,0,0,0
ممر المشاة,0,0,0,0,0,0,0,0,0,0
قطار,0,0,0,0,0,0,0,0,0,0
تم تدريبه,0,0,0,0,0,0,0,0,0,0
مدرب,0,0,0,0,0,0,0,0,0,1
تمرين,0,0,0,0,0,0,0,0,0,0
سمة,0,0,0,0,0,0,0,0,0,0
خائن,1,0,1,1,0,1,0,1,0,0
مسار,0,0,0,0,0,0,0,0,0,0
نوع من القطارات,0,0,0,0,0,0,0,0,0,0
متشرد,0,0,1,1,0,1,0,1,0,0
الترام,0,0,0,0,0,0,0,0,0,0
نشوة,0,0,0,0,0,1,0,0,0,0
هادئ,0,0,0,0,1,0,1,0,0,0
الهدوء والطمأنينة,0,0,0,0,1,0,1,0,0,1
التعامل,0,0,0,0,0,0,0,0,0,0
عملية تجارية,0,0,0,0,0,0,0,0,0,1
عبر المحيط الأطلسي,0,0,0,0,0,0,0,0,0,0
التعالي,0,1,0,0,1,0,1,0,1,1
غير محدود,0,0,0,0,0,0,0,0,0,0
متسام,0,0,0,0,0,0,1,0,0,0
نسخ,0,0,0,0,0,0,0,0,0,0
الناسخ,0,0,0,0,0,0,0,0,0,0
نسخة طبق الأصل,0,0,0,0,0,0,0,0,0,1
النسخ,0,0,0,0,0,0,0,0,0,0
نقل,0,0,0,0,0,0,0,0,0,0
نقل,0,0,0,0,0,0,0,0,0,0
نقل,0,0,0,0,0,0,0,0,0,0
مذهول,0,0,0,0,0,0,0,0,0,0
تحول,0,0,0,0,0,0,0,0,0,0
تحويل,0,0,0,0,0,0,0,0,0,0
نقل الدم,0,0,0,0,0,0,0,0,0,0
تجاوز,0,0,0,0,0,1,0,0,0,0
عابر,0,0,0,0,0,0,0,0,0,0
عبور,0,0,0,0,0,0,0,0,0,0
انتقال,0,0,0,0,0,0,0,0,0,0
انتقالي,0,1,0,0,0,0,0,0,0,0
متعد,0,0,0,0,0,0,0,0,0,0
عابر,0,0,0,0,0,0,0,0,0,0
يترجم,0,0,0,0,0,0,0,0,0,0
ترجمة,0,0,0,0,0,0,0,0,0,1
النقل,0,0,0,0,0,0,0,0,0,0
شفاف,0,0,0,0,0,0,0,0,0,0
انتقال,0,0,0,0,0,0,0,0,0,0
يحيل,0,0,0,0,0,0,0,0,0,0
تحويل,0,0,0,0,0,0,0,0,0,0
رافدة,0,0,0,0,0,0,0,0,0,0
الشفافية,0,0,0,0,0,0,0,0,0,0
شفاف,0,0,0,0,0,0,0,0,0,0
زرع اعضاء,0,0,0,0,0,0,0,0,0,0
الزرع,0,0,0,0,0,0,0,0,0,0
المواصلات,0,0,0,0,0,0,0,0,0,0
وسائل النقل,0,0,0,0,0,0,0,0,0,0
تبديل موضع,0,0,0,0,0,0,0,0,0,0
التحويل,0,0,0,0,0,0,0,0,0,0
مستعرض,0,0,0,0,0,0,0,0,0,0
فخ,0,0,0,0,0,0,0,0,0,0
محاصرة,0,0,0,0,0,0,0,0,0,0
زخارف,0,0,0,0,0,1,0,0,0,0
الفخاخ,0,0,0,0,0,1,0,0,0,0
"قمامة، يدمر، يهدم",0,0,1,0,0,1,0,1,0,0
ملىء بالقمامة,0,0,1,0,0,1,0,0,0,0
مؤلم,1,0,0,1,0,1,0,1,0,0
المجهود,0,0,0,0,0,1,0,0,0,0
يسافر,0,0,0,0,0,0,0,0,0,0
مسافر,0,0,0,0,0,0,0,0,0,0
سفر,0,0,0,0,0,0,1,0,0,0
اجتياز,0,0,0,0,0,0,0,0,0,0
مهزلة,0,0,1,1,0,1,0,1,0,0
شباك الجر,0,0,0,0,0,0,0,0,0,0
سفينة صيد,0,0,0,0,0,0,0,0,0,0
علبة,0,0,0,0,0,0,0,0,0,0
غادر,1,0,1,1,0,1,0,0,0,0
خيانة,1,0,0,1,0,1,0,1,1,0
منبسط,0,0,0,0,0,0,0,0,0,0
جهاز السير المتحرك,0,1,0,0,0,0,0,0,0,0
خيانة,1,0,1,1,0,1,0,0,1,0
كنز,0,1,0,0,1,0,1,0,0,1
امينة صندوق,0,0,0,0,0,0,0,0,0,1
خزينة,0,0,0,0,0,0,0,0,0,0
يعالج,1,1,1,1,1,1,1,1,1,1
"بحث، مقالة",0,0,0,0,0,0,0,0,0,0
علاج او معاملة,0,0,0,0,0,0,0,0,0,0
معاهدة,0,0,0,0,0,0,0,0,0,0
ثلاثة أضعاف,0,0,0,0,0,0,0,0,0,0
شجرة,1,1,1,0,1,0,1,0,1,1
رحلة,0,0,0,0,0,0,0,0,0,0
تعريشة,0,0,0,0,0,0,0,0,0,0
يرتعش,0,0,0,0,0,0,0,0,0,0
يرتجف,0,0,0,1,0,1,0,0,0,0
هائِل,0,0,0,0,0,0,0,0,0,0
بشكل هائل,0,0,0,0,0,0,1,0,0,0
رعشه,1,1,0,1,0,1,0,1,0,0
خندق,0,0,0,0,0,0,0,0,0,0
اتجاه,0,0,0,0,0,0,1,0,0,0
الشائع,0,0,0,0,0,0,0,0,0,0
عصري,0,0,0,0,0,0,1,0,0,0
الخوف,0,1,0,1,0,1,0,0,1,0
التعدي,1,0,0,0,0,1,0,0,0,0
ثالوث,0,0,0,0,0,0,0,0,0,0
مثلث,0,0,0,0,0,0,0,0,0,0
الثلاثي,0,0,0,0,0,0,0,0,0,0
قبيلة,0,0,0,0,0,0,0,0,0,1
محنة,0,0,0,1,0,1,0,1,0,0
محكمة,0,1,1,1,0,1,0,0,0,1
منبر,0,0,0,0,0,0,0,0,0,1
الرافد,0,1,0,0,0,0,1,0,0,0
تحية,0,0,0,0,0,0,1,0,0,0
حيلة,0,0,0,0,0,1,0,0,1,0
خداع,1,0,1,1,0,1,0,1,1,0
هزيلة,0,0,0,0,0,0,0,0,0,0
مخادع,0,0,0,0,0,0,0,0,0,0
دراجة ثلاثية العجلات,0,0,0,0,0,0,0,0,0,0
ترايدنت,0,0,0,0,0,0,0,0,0,0
بسيط,0,0,0,0,0,1,0,0,0,0
علم حساب المثلثات,0,0,0,0,0,0,1,0,0,0
اثار,0,0,0,0,0,0,0,0,0,0
علم المثلثات,0,0,0,0,0,0,0,0,0,0
تريليون,0,0,0,0,0,0,0,0,0,0
تقليم,0,0,0,0,0,0,0,0,0,0
الانتهازي,0,0,0,0,0,0,0,0,0,0
زركشة,0,0,0,0,0,0,0,0,0,0
ترين,0,0,0,0,0,0,0,0,0,0
الثالوث,0,0,0,0,0,0,0,0,0,0
الثلاثي,0,0,0,0,0,0,0,0,0,0
رحلة قصيرة,0,0,0,0,0,0,0,0,1,0
ثلاثي,0,0,0,0,0,0,0,0,0,0
ثلاثي,0,0,0,0,0,0,0,0,0,0
ثلاثة توائم,0,0,0,0,0,0,0,0,0,0
ثلاث نسخ,0,0,0,0,0,0,0,0,0,0
حامل ثلاثي القوائم,0,0,0,0,0,0,0,0,0,0
تنطلق,1,0,0,0,0,1,0,1,0,0
تافه,0,0,0,0,0,0,0,0,0,0
التريتيوم,0,0,0,0,0,0,0,0,0,0
انتصار,0,1,0,0,1,0,1,0,0,0
منتصر,0,1,0,0,1,0,1,0,0,1
القزم,1,0,0,1,0,1,0,0,0,0
عربة,0,0,0,0,0,0,0,0,0,0
الترومبون,0,0,0,0,0,0,0,0,0,0
القوات,0,0,0,0,0,0,0,0,0,0
جندي,0,0,0,0,0,0,0,0,0,0
القوات,0,0,0,0,0,0,0,0,0,0
غنيمة,0,1,0,0,1,0,1,0,1,1
استوائي,0,0,0,0,0,0,0,0,0,0
الهرولة,0,0,0,0,0,0,0,0,0,0
مزعجة,1,0,0,1,0,1,0,0,0,0
الحوض الصغير,0,0,0,0,0,0,0,0,0,0
فرقة,0,0,0,0,0,0,0,0,0,0
بنطلون,0,0,0,0,0,0,0,0,0,0
سمك السلمون المرقط,0,0,0,0,0,0,0,0,0,0
مجرفة,0,0,0,0,0,0,0,0,0,0
هدنة,0,0,0,0,1,0,1,0,0,1
شاحنة,0,0,0,0,0,0,0,0,0,1
حقيقي,0,0,0,0,1,0,1,0,0,1
الحقيقة البديهية,0,0,0,0,0,0,0,0,0,0
ورقة رابحة,0,0,0,0,0,0,0,0,1,0
بوق,0,0,0,0,0,1,0,0,0,0
عازف البوق,0,0,0,0,0,0,0,0,0,0
اقتطاع,0,0,0,0,0,0,0,0,0,0
مقطوع,0,0,0,0,0,0,0,0,0,0
دولاب,0,0,0,0,0,0,0,0,0,0
جذع,0,0,0,0,0,0,0,0,0,0
الجمالون,0,0,0,0,0,0,0,0,0,1
ثقة,0,0,0,0,0,0,0,0,0,1
وصي,0,0,0,0,0,0,0,0,0,1
مؤتمن,0,0,0,0,0,0,1,0,0,0
حقيقة,0,0,0,0,0,0,1,0,0,1
صادقة,0,0,0,0,0,0,0,0,0,1
الصدق,0,0,0,0,0,0,1,0,0,1
جرِّب أو حاول,0,0,0,0,0,0,0,0,0,0
حوض,0,0,0,0,0,0,0,0,0,0
الة النفخ,0,0,0,0,0,0,0,0,0,0
أنبوبي,0,0,0,0,0,0,0,0,0,0
أنبوب صغير,0,0,0,0,0,0,0,0,0,0
ثنية,0,0,0,0,0,0,0,0,0,0
تاكر,0,0,0,0,0,0,0,0,0,0
معنقدة,0,0,0,0,0,0,0,0,0,0
القاطرة,0,0,0,0,0,0,0,0,0,0
محاضرة,0,0,0,0,0,0,0,0,0,0
الخزامى,0,0,0,0,0,0,0,0,0,0
تعثر,0,0,0,0,0,1,0,0,0,0
بهلوان,0,0,0,0,0,0,0,0,0,0
ورم,0,0,0,1,0,1,0,0,0,0
ورم,0,0,0,1,0,1,0,1,0,0
فتنة,1,0,0,1,0,1,0,0,1,0
صاخب,1,0,0,1,0,1,0,0,0,0
تون,0,0,0,0,0,0,0,0,0,0
تونة,0,0,0,0,0,0,0,0,0,0
قابل للضبط,0,0,0,0,0,0,0,0,0,0
نغم,0,0,0,0,0,0,0,0,0,0
سترة,0,0,0,0,0,0,0,0,0,0
ضبط,0,0,0,0,0,0,0,0,0,0
نفق,0,0,0,0,0,0,0,0,0,0
عمامة,0,0,0,0,0,0,0,0,0,0
العكارة,0,0,0,0,0,0,0,0,0,0
عنفة,0,0,0,0,0,0,0,0,0,0
اضطراب,1,0,0,1,0,1,0,0,0,0
عنيف,0,0,0,1,0,1,0,0,0,0
احتلال,0,0,0,0,0,0,0,0,0,0
الكركم,0,0,0,0,0,0,0,0,0,0
اضطراب,1,0,0,1,0,1,0,1,0,0
منعطف أو دور,0,0,0,0,0,0,0,0,0,0
تحول,0,0,0,0,0,0,0,0,0,0
تسليم المفتاح,0,0,0,0,0,0,0,0,0,0
حاجر,0,0,0,0,0,0,0,0,0,0
القرص الدوار,0,0,0,0,0,0,0,0,0,0
الفيروز,0,0,0,0,0,0,0,0,0,0
برج,0,0,0,0,0,0,0,0,0,0
الياقة المدورة,0,0,0,0,0,0,0,0,0,0
صراع,1,0,0,0,0,0,0,0,0,0
وصاية,0,0,0,0,0,0,1,0,0,1
مدرس خاص,0,0,0,0,0,0,1,0,0,0
قرص,0,0,0,0,0,0,0,0,0,0
الثاني عشر,0,0,0,0,0,0,0,0,0,0
اثني عشر,0,0,0,0,0,0,0,0,0,0
العشرين,0,0,0,0,0,0,0,0,0,0
عشرين,0,0,0,0,0,0,0,0,0,0
غصين,0,0,0,0,0,0,0,0,0,0
الشفق,0,0,0,0,0,0,0,0,0,0
نسيج قطني طويل,0,0,0,0,0,0,0,0,0,0
التوأم,0,0,0,0,0,0,1,0,0,0
خيوط,0,0,0,0,0,0,0,0,0,0
وميض,0,1,0,0,1,0,1,0,0,0
توأمان,0,0,0,0,0,0,0,0,0,0
تحريف,0,0,0,0,0,0,0,0,0,0
ملتوية,0,0,0,0,0,0,0,0,0,0
تويتش,0,0,0,0,0,1,0,0,0,0
ذو شقين,0,0,0,0,0,0,0,0,0,0
قطب,0,0,0,0,0,0,0,0,0,0
يكتب,0,0,0,0,0,0,0,0,0,0
آلة كاتبة,0,0,0,0,0,0,0,0,0,0
اعصار,0,0,0,1,0,1,0,0,0,0
عادة,0,0,0,0,0,0,0,0,0,0
طابع,0,0,0,0,0,0,0,0,0,0
الطباعة,0,0,0,0,0,0,0,0,0,0
طاغية,1,0,1,1,0,1,0,0,0,0
استبداد,0,0,0,1,0,1,0,1,0,0
طاغية,1,0,1,1,0,1,0,1,0,0
إطار العجلة,0,0,0,0,0,0,0,0,0,0
واسع الانتشار,0,0,0,0,0,0,0,0,0,0
الوجود في كل مكان,0,0,0,0,0,0,0,0,0,0
قبح,0,0,1,1,0,1,0,1,0,0
البشع,0,0,1,0,0,1,0,0,0,0
قرحة,1,0,1,1,0,1,0,1,0,0
خفية,0,0,0,0,0,1,0,0,0,0
ذروة,0,1,0,0,0,0,0,1,0,0
أخيرًا,0,1,0,0,0,0,1,0,0,0
الانذار,1,0,0,1,0,1,0,0,0,0
Ultimo,0,0,0,0,0,0,0,0,0,0
فوق بنفسجي,0,0,0,0,0,0,0,0,0,0
سري,0,0,0,0,0,0,0,0,0,0
ظل,0,0,0,0,0,0,0,0,0,0
مظلة,0,0,0,0,0,0,0,0,0,0
حكم,0,0,0,0,0,0,1,0,0,1
بلا خجل,0,0,0,0,0,0,0,0,0,0
بلا هوادة,0,0,0,0,0,0,0,0,0,0
غير قادر,0,0,0,0,0,1,0,1,0,0
غير مقبول,0,0,0,0,0,1,0,1,0,0
غير المصحوبين,0,0,0,0,0,0,0,0,0,0
غير خاضع للمساءلة,0,1,1,0,0,1,0,1,0,1
غير معترف به,0,0,0,0,0,0,0,1,0,0
محض,0,0,0,0,0,0,0,0,0,0
بدون مساعدة,0,0,0,0,0,0,0,0,0,0
دون تغيير,0,0,0,0,0,0,0,0,0,0
خالية من الغموض,0,0,0,0,0,0,0,0,0,0
إجماع,0,0,0,0,0,0,1,0,0,0
بالإجماع,0,0,0,0,0,0,1,0,0,0
بالإجماع,0,0,0,0,0,0,0,0,0,0
غير متوقع,0,0,0,0,0,0,0,0,1,0
غير موافق عليه,0,0,0,0,0,1,0,0,0,0
أعزل,0,0,0,0,0,0,0,0,0,0
بدون مساعدة,0,0,0,0,0,0,0,0,0,0
متواضع,0,0,0,0,0,0,1,0,0,0
غير مرتبط,0,0,0,0,0,1,0,0,0,0
بعيد المنال,1,0,0,0,0,1,0,1,0,0
غير مراقب,0,0,0,0,0,0,0,0,0,0
غير جذاب,0,0,1,0,0,1,0,1,0,0
غير مصرح,0,0,0,0,0,1,0,0,0,0
لا مفر منه,0,0,0,0,0,1,0,0,0,0
غير مدرك,0,0,0,0,0,1,0,0,0,0
غير متوازن,0,0,0,0,0,0,0,0,0,0
لا يطاق,0,0,1,0,0,1,0,1,0,0
لم يهزم,0,1,0,0,1,1,1,1,1,0
الكفر,0,0,0,0,0,1,0,0,0,0
لا يصدق,0,0,0,0,0,1,0,0,0,0
غير متحيزة,0,0,0,0,0,0,1,0,0,0
لم يولد بعد,0,0,0,0,0,1,0,0,0,0
غير مجلد,0,0,0,0,0,0,0,0,0,0
غير محدود,0,0,0,0,0,0,0,0,0,0
غير قابل للكسر,0,0,0,0,0,0,1,0,0,0
جامح,1,1,0,1,0,1,1,0,1,0
غير منقطع,0,0,0,0,0,0,1,0,0,1
خارق للطبيعة,0,0,0,1,0,1,0,0,1,0
غير مكترث,1,0,1,0,0,1,0,1,0,0
غير مؤكد,1,0,1,1,0,1,0,0,1,0
ريبة,0,0,0,0,0,0,0,0,0,0
بدون منازع,0,0,0,0,0,0,0,0,0,0
غير قابل للتغيير,0,0,0,0,0,1,0,0,0,0
دون تغيير,0,0,0,0,0,0,0,0,0,0
لم يطالب بها أحد,0,0,0,0,0,0,0,0,0,0
اخو الام,0,0,0,0,0,0,0,0,0,0
غير نظيفة,0,0,1,0,0,1,0,0,0,0
غير مريح,0,0,0,0,0,1,0,0,0,0
غير مألوف,0,0,0,0,0,0,0,0,0,0
غير مألوف,0,0,0,0,0,0,0,0,0,0
لا هوادة فيها,0,0,0,0,0,0,0,0,0,0
غير مبال,0,0,0,0,0,0,0,0,0,0
غير مؤكد,0,0,0,0,0,0,0,0,0,0
غير متصل,0,0,0,0,0,0,0,0,0,0
غير معقول,0,0,1,0,0,1,0,0,0,0
غير واعي,0,0,0,0,0,1,0,0,0,0
فقدان الوعي,0,0,0,0,0,0,0,0,0,0
مخالف للدستور,0,0,0,0,0,1,0,0,0,0
غير مقيد,0,0,0,0,1,0,1,0,0,0
لا جدال فيه,0,0,0,0,0,0,0,0,0,0
لا يمكن السيطرة عليها,1,1,0,0,0,1,0,0,1,0
غير منضبط,0,0,0,0,0,1,0,0,0,0
غير تقليدي,0,0,0,0,0,0,0,0,0,0
غير مقتنع,0,0,0,0,0,0,0,0,0,0
نيء,0,0,0,0,0,0,0,0,0,0
غير مرتبط,0,0,0,0,0,0,0,0,0,0
كشف,0,0,0,0,0,0,0,0,1,0
غير حرج,0,0,0,0,0,0,0,0,0,0
غير مختصر,0,0,0,0,0,0,0,0,0,0
متردد,0,1,0,1,0,1,0,0,0,0
غير معرف,0,0,0,0,0,0,0,0,0,0
لا ينكر,0,0,0,0,0,0,0,0,0,0
متخفي,0,0,0,0,0,0,0,0,0,0
التيار الخفي,0,0,0,0,0,0,0,0,0,0
يقلل من شأن,0,0,0,0,0,0,0,0,1,0
خضع,0,0,0,0,0,0,0,0,0,0
الجامعية,0,0,0,0,0,0,0,0,0,0
تحت الارض,0,0,0,0,0,0,0,0,0,0
تكمن وراء,0,0,0,0,0,0,0,0,0,0
تسطير,0,0,0,0,0,0,1,0,0,0
تقوض,0,0,0,0,0,1,0,0,0,0
تحته,0,0,0,0,0,0,0,0,0,0
مدفوعة الأجر,1,0,0,0,0,1,0,1,0,0
سروال داخلي,0,0,0,0,0,0,0,0,0,0
شرطة سفلية,0,0,0,0,0,0,0,0,0,0
صغير الحجم,0,0,0,0,0,1,0,0,0,0
فهم,0,0,0,0,0,0,1,0,0,1
يفهم,0,0,0,0,0,0,0,0,0,0
تتعهد,0,0,0,0,0,0,0,0,0,0
متعهد,0,0,0,0,0,0,0,1,0,0
تعهد,0,1,0,0,0,0,0,0,0,0
أندروود,0,0,0,0,0,0,0,0,0,0
توقيع وضمان الدفع,0,0,0,0,0,0,1,0,0,1
مكتتب,0,0,0,0,0,0,0,0,0,0
غير مستحق,0,0,0,0,0,0,0,0,0,0
غير مرغوب فيه,1,0,1,1,0,1,0,1,0,0
غير مرغوب فيه,0,0,0,0,0,1,0,1,0,0
غير مطور,0,0,0,0,0,0,0,0,0,0
غير موجه,0,0,0,0,0,0,0,0,0,0
لم يكشف عنها,0,1,0,0,0,0,0,0,0,0
غير مكتشف,0,0,0,0,0,0,0,0,1,0
بلا منازع,0,0,0,0,0,0,0,0,0,0
دون إزعاج,0,0,0,0,0,0,0,0,0,0
غير مقسم,0,0,0,0,0,0,1,0,0,0
الغاء التحميل,0,0,0,0,0,1,0,0,0,0
تراجع,0,0,0,0,0,0,0,0,0,0
لا شك فيه,0,1,1,0,0,0,0,0,0,0
خلع ملابسه,0,0,0,0,0,0,0,0,0,0
خلع ملابسه,0,0,0,0,0,0,0,0,0,0
لا داعي له,0,0,0,0,0,0,0,0,0,0
لا يموت,0,1,0,0,1,0,1,1,0,1
غير مكتسب,0,0,0,0,0,0,0,0,0,0
كشف,0,0,0,0,0,0,0,0,0,0
القلق,0,1,0,0,0,1,0,1,0,0
غير مستقر,0,0,1,1,0,1,0,0,0,0
غير متعلم,0,0,0,0,0,1,0,1,0,0
عاطلين عن العمل,0,0,0,1,0,1,0,1,0,0
غير مرتبط,0,0,0,0,0,0,0,0,0,0
لا ينتهي,0,0,0,0,0,0,0,0,0,0
غير متكافئ,1,0,1,1,0,1,0,1,0,0
لا مثيل له,0,0,0,0,0,0,0,0,0,0
"بين، جلي",0,0,0,0,0,0,0,0,0,1
بشكل لا لبس فيه,0,0,0,0,0,0,1,0,0,0
متفاوتة,0,0,0,0,0,1,0,0,0,0
هادئ,0,0,0,0,0,0,0,0,0,0
غير متوقع,0,1,0,1,1,1,1,0,1,0
بشكل غير متوقع,0,0,0,0,0,0,0,0,1,0
غير مفسر,0,1,0,0,0,1,0,1,0,0
غير مستكشفة,0,0,0,0,0,0,0,0,0,0
لا يفتر,0,0,0,0,0,0,0,0,0,0
غير منصف,1,0,1,0,0,1,0,1,0,0
الظلم,1,0,0,0,0,1,0,1,0,0
غير مخلص,0,0,1,0,0,1,0,0,0,0
غير مألوف,0,0,0,0,0,0,0,0,0,0
غير ملائمة,0,0,1,0,0,1,0,1,0,0
غير مقيد,0,0,0,0,0,0,0,0,0,0
غير مكتمل,0,0,0,0,0,1,0,0,0,0
لا يتزعزع,0,0,0,0,0,0,0,0,0,0
تتكشف,0,1,0,0,0,0,1,0,0,0
غير متوقع,0,0,0,0,0,0,0,0,1,0
لا ترحم,1,0,0,0,0,1,0,1,0,0
مؤسف,0,0,0,0,0,1,0,1,0,0
غير ودي,1,0,1,1,0,1,0,1,0,0
لم تتحقق,1,1,0,0,0,1,0,1,1,0
غير مفروش,0,0,0,0,0,1,0,0,0,0
شرير,0,0,0,0,0,1,0,1,0,0
جاحد,1,0,1,0,0,1,0,0,0,0
بلا حراسة,0,0,0,0,0,0,0,0,1,0
التعاسة,0,0,0,0,0,1,0,1,0,0
تعيس,1,0,1,0,0,1,0,1,0,0
سالمين,0,0,0,0,0,0,0,0,0,0
غير صحي,0,0,1,1,0,1,0,1,0,0
دون عوائق,0,0,0,0,0,0,0,0,0,0
غير مقدس,0,0,0,1,0,1,0,0,0,0
وحيد القرن,0,0,0,0,0,0,0,0,0,0
توحيد,0,1,0,0,1,0,1,0,0,1
زي مُوحد,0,0,0,0,0,0,0,0,0,0
التوحيد,0,0,0,0,0,0,0,0,0,0
بشكل موحد,0,0,0,0,0,0,1,0,0,0
لا يمكن تصوره,0,0,0,0,0,1,1,0,1,0
غير مهم,0,0,0,0,0,1,0,1,0,0
غير متأثر,0,0,0,0,0,1,0,0,0,0
غير محسّن,0,0,0,0,0,1,0,0,0,0
غير مصاب,0,0,0,0,0,0,1,0,0,0
جهل,0,0,0,0,0,1,0,0,0,0
غير معتاد,0,0,0,0,0,0,0,0,0,0
غير مستهل,0,0,0,0,0,1,0,0,0,0
لا روح فيه,0,0,0,0,0,1,0,1,0,0
غير مفهوم,0,0,0,0,0,1,0,0,0,0
غير مقصود,0,0,0,0,0,0,0,0,1,0
غير مقصود,0,0,0,0,0,0,0,0,1,0
عن غير قصد,0,0,0,0,0,1,0,0,1,0
غير مهتم,0,0,0,0,0,1,0,1,0,0
رتيبا,0,0,0,0,0,1,0,1,0,0
دون انقطاع,0,0,0,0,0,0,0,0,0,0
غير مدعو,0,0,0,0,0,0,0,1,0,0
اتحاد,0,0,0,0,0,0,0,0,0,0
فريدة من نوعها,0,0,0,0,0,0,1,0,1,0
انسجام,0,0,0,0,0,0,1,0,0,0
وحدة,0,0,0,0,0,0,0,0,0,0
وحدوي,0,0,0,0,0,0,1,0,0,0
توحد,0,0,0,0,0,0,0,0,0,0
المتحدة,0,0,0,0,0,0,1,0,0,1
وحدة,0,0,0,0,0,0,1,0,0,1
عالمي,0,0,0,0,0,0,0,0,0,0
عالمية,0,0,0,0,0,0,0,0,0,0
كون,0,0,0,0,0,0,0,0,0,0
جامعة,0,1,0,0,0,0,1,0,0,0
غير عادل,1,0,0,0,0,1,0,0,0,0
غير مبرر,1,0,1,1,0,1,0,0,0,0
غير مبرر,0,0,0,0,0,1,0,0,0,0
غير لطيف,1,0,1,1,0,1,0,1,0,0
مجهول,0,0,0,0,0,0,0,0,0,0
مجهول,0,1,0,1,0,1,0,0,0,0
غير قانوني,1,0,1,1,0,1,0,1,0,0
إطلاق العنان - يحرر,0,0,0,0,0,0,0,0,0,0
غير مرخص,0,0,0,0,0,1,0,0,0,0
على عكس,0,0,0,0,0,0,0,0,0,0
غير محدود,0,0,0,0,0,0,1,0,0,0
تفريغ,0,0,0,0,0,0,0,0,0,0
تفريغها,0,0,0,0,0,0,0,0,0,0
الغاء القفل,0,0,0,0,0,0,0,0,0,0
سيئ الحظ,1,0,1,1,0,1,0,1,0,0
لا يمكن السيطرة عليه,0,0,1,0,0,1,0,0,0,0
غير مميز,0,0,0,0,0,0,0,0,0,0
اعزب,0,0,0,0,0,0,0,0,0,0
كشف,0,0,0,0,0,0,0,0,0,0
لا مثيل لها,0,0,0,0,0,0,0,0,0,0
لا لبس فيه,0,0,0,0,0,0,0,0,0,0
غير مخفف,0,0,0,0,0,0,0,0,0,0
غير متأثر,0,0,0,0,0,0,0,0,0,0
غير مسمى,0,0,0,0,0,0,0,0,0,0
غير طبيعي,0,0,1,1,0,1,0,0,0,0
غير ضروري,0,0,0,0,0,0,0,0,0,0
لا لزوم لها,0,0,0,0,0,0,0,0,0,0
غير ملاحظ,0,0,0,0,0,0,0,0,0,0
غير معدود,0,0,0,0,0,0,0,0,0,0
غير ملاحظ,0,0,0,0,0,0,0,0,0,0
دون عائق,0,0,0,0,0,0,0,0,0,0
غير مزعج,0,0,0,0,0,0,0,0,0,0
غير مشغول,0,0,0,0,0,0,0,0,0,0
غير رسمي,0,0,0,0,0,1,0,0,0,0
غير مفتوح,0,0,0,0,0,0,0,0,0,0
دون معارضة,0,0,0,0,0,0,0,0,0,0
غير مرتب,0,0,0,0,0,0,0,0,0,0
غير منظم,0,0,0,0,0,0,0,0,0,0
غير تقليدي,0,0,0,0,0,0,0,0,0,0
أفرغ,0,0,0,0,0,0,0,0,0,0
غير مدفوع الأجر,1,0,0,0,0,1,0,1,0,0
غير سارة,0,0,1,0,0,1,0,1,0,0
لا تحظى بشعبية,0,0,1,0,0,1,0,1,0,0
غير مسبوق,0,0,0,0,0,0,0,0,1,0
لا يمكن التنبؤ به,0,0,0,0,0,1,0,0,1,0
غير مستعد,0,0,0,0,0,1,0,0,0,0
بسيط,0,0,0,0,0,0,1,0,0,0
غير منتج,0,0,0,0,0,1,0,0,0,0
غير مربح,0,0,0,0,0,1,0,0,0,0
غير محمي,0,0,0,0,0,1,0,0,0,0
غير مثبت,0,0,0,0,0,0,0,0,0,0
غير منشورة,0,1,0,0,0,1,0,1,0,0
لا ريب فيه,0,0,0,0,0,0,1,0,0,1
مما لا شك فيه,0,0,0,0,0,0,1,0,0,1
لا جدال فيه,0,0,0,0,0,0,1,0,0,1
غير مقروء,0,0,0,0,0,0,0,0,0,0
غير حقيقي,0,0,0,0,0,0,0,0,0,0
غير واقعية,0,0,0,0,0,0,0,0,0,0
غير مسجلة,0,0,0,0,0,0,0,0,0,0
غير مسجل,0,0,0,0,0,0,0,0,0,0
غير منظم,0,0,0,0,0,0,0,0,0,0
غير مرتبطه,0,0,0,0,0,0,0,0,0,0
بلا هوادة,0,0,0,0,0,0,0,0,0,0
غير جدير بالثقة,0,0,0,0,0,1,0,0,0,1
غير تائب,0,0,0,0,0,0,0,0,0,0
بلا مقابل,0,0,0,0,0,1,0,1,0,0
لم تحل,0,1,0,0,0,0,0,0,0,0
الاضطرابات,0,0,0,1,0,0,0,1,0,0
غير مقيد,0,0,0,0,0,0,0,0,0,0
غير مقيد,0,0,0,0,0,0,0,0,0,0
مزعج,1,0,1,1,0,1,0,0,0,0
غير آمن,0,0,0,1,0,1,0,0,0,0
غير مرض,0,0,1,0,0,1,0,0,0,0
غير راضي,0,0,1,0,0,1,0,1,0,0
بغيض,0,0,0,0,0,1,0,0,0,0
سالما,0,0,0,0,0,0,1,0,0,0
غير علمي,0,0,0,0,0,0,0,0,0,0
عديم الضمير,0,0,0,0,0,1,0,0,0,0
غير المقعد,0,0,0,0,0,0,0,1,0,0
غير مرئي,0,0,0,0,0,0,0,0,0,0
غير أناني,0,0,0,0,0,0,1,0,0,0
غير مستقر,1,0,1,1,0,1,0,0,0,0
بشع,0,0,1,0,0,1,0,0,0,0
غير متطور,0,0,0,0,0,1,0,0,0,0
لا يوصف,0,0,0,1,0,1,0,0,0,0
غير محدد,0,0,0,0,0,0,0,0,0,0
غير مستقر,0,0,0,1,0,1,0,0,1,0
غير مستقر,0,0,0,1,0,0,0,0,0,0
غير ناجح,0,0,0,0,0,1,0,1,0,0
غير ملائم,0,0,0,0,0,1,0,0,0,0
مجهول,0,0,0,0,0,1,0,0,0,0
غير مدعوم,0,0,0,0,0,1,0,0,0,0
لا نظير لهما,0,1,0,1,1,0,1,0,0,1
المطمئنين,0,0,0,0,0,0,0,0,1,0
غير مستدام,0,0,0,0,0,1,0,0,0,0
غير محلى,0,0,0,0,0,0,0,0,0,0
غير متعاطف,1,0,0,0,0,1,0,0,0,0
الجامح,0,0,0,0,0,1,0,0,0,0
لا يطاق,0,0,0,0,0,1,0,0,0,0
لم يتم اختباره,0,0,0,0,0,0,0,0,0,0
لا يمكن تصوره,1,0,1,1,0,1,0,0,0,0
غير مرتب,0,0,1,0,0,1,0,0,0,0
فك,0,0,0,0,1,1,1,0,0,0
قبل الأوان,0,0,0,0,0,1,0,0,0,0
بدون عنوان,0,0,0,0,0,1,0,1,0,0
لا توصف,0,1,0,0,0,1,0,0,0,0
لم يمسها,0,0,0,0,0,0,0,0,0,0
غير مرغوب فيه,1,0,1,0,0,1,0,0,0,0
غير مدرب,0,0,0,0,0,1,0,0,0,0
غير مترجم,0,0,0,0,0,0,0,0,0,0
غير صحيح,0,0,0,0,0,1,0,0,0,0
غير موثوق به,1,0,0,0,0,1,0,0,0,0
غير مستعمل,0,0,0,0,0,0,0,0,0,0
غير عادي,0,0,0,0,0,0,0,0,0,0
بشكل غير عادي,0,0,0,0,0,0,0,0,0,0
كشف,0,0,0,0,0,0,0,0,0,0
إزاحة الستار,0,0,0,0,0,0,0,0,0,0
لم يتم التحقق منه,0,1,0,0,0,0,0,0,0,0
لا مبرر له,0,0,0,0,0,1,0,0,0,0
غافل,0,0,0,0,0,0,0,0,0,0
غير مغسول,0,0,1,0,0,1,0,0,0,0
لا يتزعزع,0,0,0,0,0,0,1,0,0,1
غير مرحب به,0,0,0,0,0,1,0,1,0,0
مريض,0,0,0,0,0,1,0,1,0,0
غير راغبة,0,0,0,0,0,0,0,0,0,0
على مضض,0,0,0,0,0,0,0,0,0,0
عدم الرغبة,0,0,0,0,0,1,0,0,0,0
فك,0,0,0,0,0,0,0,0,0,0
غير حكيم,0,0,0,0,0,1,0,0,0,0
عن غير قصد,0,0,0,0,0,1,0,0,0,0
عن غير قصد,0,0,0,0,0,0,0,0,0,0
لا يستحق,0,0,1,0,0,1,0,0,0,0
غير مكتوب,0,0,0,0,0,0,0,0,0,0
قاسي,0,0,0,0,0,1,0,0,0,0
فوضى,1,0,0,1,0,1,0,1,0,0
شاقة,0,1,0,1,0,1,1,0,0,0
تنجيد,0,0,0,0,0,0,0,0,0,0
المرتفعات,0,0,0,0,0,0,0,0,0,0
المرتفعات,0,0,0,0,0,0,0,0,0,0
رفع,0,1,0,0,1,0,1,0,0,1
العلوي,0,0,0,0,0,0,0,0,0,0
تستقيم,0,0,0,0,0,0,1,0,0,1
الانتفاضة,1,1,0,1,0,1,0,0,0,0
ضجة,0,0,0,0,0,1,0,0,0,0
منزعج,1,0,0,0,0,1,0,1,0,0
نتيجة,0,0,0,0,0,0,0,0,0,0
الطابق العلوي,0,0,0,0,0,0,0,0,0,0
مغرور,0,0,0,0,0,0,0,0,0,0
صعودا,0,0,0,0,0,0,0,0,0,0
اليورانيوم,0,0,0,0,0,0,0,0,0,0
الحضاري,0,0,0,0,0,0,0,0,0,0
قنفذ,0,0,0,0,0,1,0,0,0,0
يحث,0,0,0,0,0,0,0,0,0,0
الاستعجال,0,1,0,1,0,0,0,0,1,0
العاجلة,0,1,0,1,0,1,0,0,1,0
تحليل البول,0,0,0,0,0,0,0,0,0,0
جرة,0,0,0,0,0,0,0,1,0,0
الاستخدام,0,0,0,0,0,0,0,0,0,0
مفيد,0,0,0,0,0,0,0,0,0,0
فائدة,0,0,0,0,0,0,1,0,0,0
عديم الفائدة,0,0,0,0,0,1,0,0,0,0
مرشد,0,0,0,0,0,0,1,0,0,1
معتاد,0,0,0,0,0,0,1,0,0,1
انتزاع,1,0,0,0,0,1,0,0,0,0
مغتصبة,1,0,0,1,0,1,0,0,0,0
الربا,0,0,0,0,0,1,0,0,0,0
إناء,0,0,0,0,0,0,0,0,0,0
النفعية,0,0,0,0,0,0,0,0,0,0
خدمة,0,0,0,0,0,0,1,0,0,0
استغلال,0,0,0,0,0,0,0,0,0,0
يستخدم,0,0,0,0,0,0,0,0,0,0
قصارى,0,0,0,0,0,0,0,0,0,0
طوباوية,0,1,0,0,1,0,1,0,0,1
الكلام,0,0,0,0,0,0,0,0,0,0
تماما,0,0,0,0,0,0,0,0,0,0
شاغر,0,0,0,0,0,1,0,0,0,0
عطلة,0,1,0,0,1,0,1,0,0,0
تلقيح,0,0,0,0,0,0,0,0,0,0
مصل,0,0,0,0,0,0,1,0,0,0
فراغ,0,0,0,0,0,0,0,0,0,0
فجوة عصارية,0,0,0,0,0,0,0,0,0,0
فارغ,0,0,1,0,0,1,0,0,0,0
مكنسة,0,0,0,0,0,0,0,0,0,0
غامض,0,0,0,0,0,1,0,0,0,0
غموض,0,0,0,0,0,1,0,0,0,0
عبثا,0,0,1,0,0,1,0,1,0,0
الستارة,0,0,0,0,0,0,0,0,0,0
وادي,0,0,0,0,0,0,0,0,0,0
خادم,0,0,0,0,0,0,0,0,0,0
الشجاع,0,0,0,0,0,0,1,0,0,0
صلاحية,0,0,0,1,0,0,0,0,0,0
الوادي,0,0,0,0,0,0,0,0,0,0
بسالة,0,0,0,0,0,0,1,0,0,1
ذو قيمة,0,0,0,0,0,0,1,0,0,0
تقييم,0,0,0,0,0,0,0,0,0,0
صمام,0,0,0,0,0,0,0,0,0,0
تغوي الرجال,0,0,0,0,0,0,0,0,0,0
مصاص دماء,1,0,1,1,0,1,0,0,0,0
سيارة نقل,0,0,0,0,0,0,0,0,0,0
ريشة,0,0,0,0,0,0,0,0,0,0
طليعة,0,0,0,0,0,0,1,0,0,0
فانيلا,0,0,0,0,0,0,0,0,0,0
تلاشى,0,0,0,0,0,0,0,0,1,0
اختفت,0,0,0,1,0,1,0,1,1,0
الغرور,0,0,0,0,0,1,0,0,0,0
قهر هزم,0,0,0,0,0,0,1,0,0,0
بخار,0,0,0,0,0,0,0,0,0,0
فارا,0,0,0,0,0,0,0,0,0,0
عامل,0,0,0,0,0,0,0,0,1,0
التباين,0,0,0,0,0,0,0,0,0,0
الاختلاف,0,0,0,0,0,0,0,0,0,0
الاختلافات,0,0,0,0,0,0,0,0,0,0
الحماق,0,0,1,1,0,1,0,1,0,0
دوالي,0,0,0,0,0,1,0,0,0,0
متنوع,0,0,0,0,0,0,0,0,0,0
متنوع,0,0,0,0,0,0,0,0,0,0
تشكيلة,0,0,0,0,0,0,0,0,0,0
يتغير,0,0,0,0,0,0,0,0,0,0
الأوعية الدموية,0,0,0,0,0,0,0,0,0,0
مزهرية,0,0,0,0,0,0,0,0,0,0
واسع,0,0,0,0,0,0,0,0,0,0
ضريبة القيمة المضافة,0,0,0,0,0,0,0,0,0,0
فودفيل,0,0,0,0,0,0,0,0,0,0
قبو,0,0,0,0,0,0,0,0,0,0
مقبب,0,0,0,0,0,0,0,0,0,0
القفز,0,0,0,0,0,0,0,0,0,0
لحم العجل,0,0,0,0,0,0,0,1,0,1
المتجه,0,0,0,0,0,0,0,0,0,0
ينحرف,0,0,0,1,0,0,0,0,1,0
فيجا,0,0,0,0,0,0,0,0,0,0
الخضروات,0,0,0,0,0,0,0,0,0,0
نباتي,0,0,0,0,0,0,0,0,0,0
نباتي,0,0,0,0,0,0,0,0,0,0
الغطاء النباتي,0,0,0,0,0,0,0,0,0,0
نباتي,0,0,1,0,0,1,0,1,0,0
عنيف,1,0,0,1,0,1,0,0,0,0
عربة,0,0,0,0,0,0,0,0,0,0
حجاب,0,0,0,0,0,0,0,0,0,0
محجبات,0,0,0,0,0,0,0,0,0,0
الوريد,0,0,0,0,0,0,0,0,0,0
معرق,0,0,0,0,0,0,0,0,0,0
رق,0,0,0,0,0,0,0,0,0,0
● السرعة,0,0,0,0,0,0,0,0,0,0
مخمل,0,0,0,0,0,0,0,0,0,0
المخمل,0,0,0,0,0,0,1,0,0,0
مخملي,0,0,0,0,0,0,1,0,0,0
الوريد,0,0,0,0,0,0,0,0,0,0
ثأر,1,0,0,1,0,1,0,1,0,0
بائع,0,0,0,0,0,0,0,0,0,0
قشرة,0,0,0,0,0,0,0,0,0,0
جليل,0,1,0,0,1,0,1,0,0,1
تبجيل,0,0,0,0,0,0,1,0,0,0
الانتقام,1,0,0,0,0,1,0,0,0,0
انتقامي,1,0,0,1,0,1,0,0,0,0
لحم الغزال,0,0,0,0,0,0,0,0,0,0
السم,1,0,1,1,0,1,0,0,0,0
سام,1,0,1,1,0,1,0,0,0,0
الأوردة,0,0,0,0,0,0,0,0,0,0
تنفيس,1,0,0,0,0,0,0,0,0,0
تنفس,0,0,0,0,0,0,0,0,0,0
التنفس الصناعي,0,0,0,0,0,0,0,0,0,0
البطين,0,0,0,0,0,0,0,0,0,0
بطيني,0,0,0,0,0,0,0,0,0,0
المغامر,0,0,0,0,0,0,0,0,0,0
مكان,0,0,0,0,0,0,0,0,0,0
الموثوقية,0,1,0,0,1,0,1,0,1,1
شرفة,0,0,0,0,0,0,0,0,0,0
لفظي,0,0,0,0,0,0,0,0,0,0
حرفي,0,0,0,0,0,0,0,0,0,0
إسهاب,0,0,0,0,0,0,0,0,0,0
مطول,0,0,0,0,0,0,0,0,0,0
الإسهاب,0,0,0,0,0,1,0,0,0,0
خضراء,0,0,0,0,0,0,1,0,0,0
حكم,0,0,0,1,0,0,0,0,0,0
حافة,0,1,0,1,0,1,0,0,0,0
تَحَقّق,0,0,0,0,0,0,1,0,0,1
تم التحقق,0,0,0,0,0,0,1,0,0,1
تحقق,0,0,0,0,0,0,0,0,0,0
حقا,0,0,0,0,0,0,1,0,0,1
حقيقي,0,0,0,0,0,0,1,0,0,0
الهوام,1,0,1,1,0,1,0,0,0,0
العامية,0,0,0,0,0,0,0,0,0,0
ربيعي,0,0,0,0,1,0,1,0,0,0
فيرونيكا,0,0,0,0,0,0,0,0,0,0
متعدد الجوانب والاستعمالات,0,0,0,0,0,0,0,0,0,0
براعه,0,0,0,0,0,0,0,0,0,0
بيت شعر,0,0,0,0,0,0,0,0,0,0
إصدار,0,0,0,0,0,0,0,0,0,0
عكس,1,0,0,0,0,1,0,0,0,0
فير,0,0,0,0,0,0,0,0,0,0
فقرة,0,0,0,0,0,0,0,0,0,0
فقري,0,0,0,0,0,0,0,0,0,0
قمة الرأس,0,0,0,0,0,0,0,0,0,0
عمودي,0,0,0,0,0,0,0,0,0,0
عموديا,0,0,0,0,0,0,0,0,0,0
دوار,0,0,0,1,0,1,0,0,0,0
حيوية,0,0,0,0,0,0,1,0,0,0
حويصلة,0,0,0,0,0,0,0,0,0,0
حويصلي,0,0,1,0,0,0,0,0,0,0
وعاء,0,0,0,0,0,0,0,0,0,0
سترة,0,0,0,0,0,0,0,0,0,0
مكتسبة,0,0,0,0,0,0,0,0,0,0
دهليز,0,0,0,0,0,0,0,0,0,0
أثر,0,0,0,0,0,0,0,0,0,0
دكتور بيطري,0,0,0,0,0,0,0,0,0,0
مخضرم,0,0,0,0,0,0,1,0,0,1
طبيب بيطري,0,0,0,0,0,0,0,0,0,0
حق النقض,1,0,0,0,0,1,0,0,0,0
بقاء,0,0,0,0,0,0,0,0,0,0
قابل للحياة,0,0,0,0,0,0,0,0,0,0
جسر,0,0,0,0,0,0,0,0,0,0
قارورة,0,0,0,0,0,0,0,0,0,0
تذبذب,0,0,0,0,0,0,0,0,0,0
اهتزاز,0,0,0,0,0,0,0,0,0,0
اهتزازي,0,0,0,0,0,0,0,0,0,0
القس,0,0,0,0,0,0,1,0,0,1
بالنيابة,0,0,0,0,0,0,0,0,0,0
نائب,0,0,0,0,0,1,0,0,0,0
المناطق المجاورة,0,0,0,0,0,0,0,0,0,0
وحشي,1,0,1,0,0,1,0,0,0,0
ضحية,1,0,0,1,0,1,0,1,0,0
ضحية,1,0,1,1,0,1,0,1,1,0
المنتصر,0,0,0,0,1,0,1,0,0,0
فيكتوريا,0,0,0,0,0,0,0,0,0,0
منتصرا,0,0,0,0,1,0,1,0,0,0
فوز,0,1,0,0,1,0,1,0,0,1
شريط فيديو,0,0,0,0,0,0,0,0,0,0
تنافس,0,0,0,0,0,0,0,0,0,0
رأي,0,0,0,0,0,0,0,0,0,0
يقظة,0,1,0,0,0,0,0,0,0,0
اليقظة,0,1,0,0,0,0,1,0,0,1
اليقظة,0,0,0,1,0,0,1,0,0,1
المقالة القصيرة,0,0,0,0,0,0,0,0,0,0
قوة,0,0,0,0,0,0,1,0,0,0
قوي,0,0,0,0,0,0,1,0,0,1
فايكنغ,0,0,0,0,0,0,0,0,0,0
فيلا,0,0,0,0,0,0,0,0,0,0
قرية,0,0,0,0,0,0,0,0,0,0
قروي,0,0,0,0,0,0,1,0,0,1
الوغد,0,0,0,1,0,1,0,0,0,0
خسيس,1,0,1,1,0,1,0,0,0,0
مثقبة,0,0,0,0,0,0,0,0,0,0
تبرئة,1,0,0,0,0,0,0,0,0,0
مبررة,0,0,0,0,0,0,1,0,0,0
تبرئة,0,1,0,0,1,0,1,0,0,1
انتقامي,1,0,1,0,0,1,0,0,0,0
خل,0,0,0,0,0,0,0,0,0,0
حقل عنب,0,0,0,0,0,0,0,0,0,0
فيولا,0,0,0,0,0,0,0,0,0,0
انتهاك,1,0,0,1,0,1,0,1,1,0
هنف,1,0,0,1,0,1,0,1,0,0
عنيف,1,0,1,1,0,1,0,0,1,0
بعنف,1,0,1,1,0,1,0,1,0,0
البنفسجي,0,0,0,0,0,0,0,0,0,0
كمان,0,0,0,0,0,0,0,0,0,0
عازف كمان,0,0,0,0,0,0,0,0,0,0
أفعى,0,0,0,1,0,1,0,0,0,0
عذراء,0,0,0,0,0,0,1,0,0,1
العذرية,0,1,0,0,0,0,1,0,0,0
علم الفيروسات,0,0,0,0,0,0,0,0,0,0
افتراضية,0,0,0,0,0,0,0,0,0,0
عمليا,0,0,0,0,0,0,0,0,0,0
استنادا,0,0,0,0,0,0,1,0,0,1
موهوب,0,0,0,0,0,0,0,0,0,0
فاضل,0,0,0,0,1,0,1,0,0,1
خبث,1,0,0,1,0,1,0,0,0,0
فايروس,0,0,0,0,0,1,0,0,0,0
تأشيرة,0,0,0,0,0,0,0,0,0,0
سيماء,0,0,0,0,0,0,0,0,0,0
اللزوجة,0,0,0,0,0,0,0,0,0,0
لزج,0,0,0,0,0,0,0,0,0,0
ملزمة,0,0,0,0,0,0,0,0,0,0
الرؤية,0,0,0,0,0,0,0,0,0,0
مرئي,0,0,0,0,0,0,0,0,0,0
بشكل واضح,0,0,0,0,0,0,0,0,0,0
رؤية,0,1,0,0,0,0,1,0,0,0
البصيرة,0,1,0,0,1,0,1,0,0,1
يزور,0,0,0,0,0,0,1,0,0,0
زيارة,0,0,0,0,0,1,0,0,0,0
زيارة,0,0,0,0,0,0,0,0,0,0
زائر,0,1,0,0,1,0,1,0,0,0
قناع,0,1,0,0,0,0,0,0,1,0
مشهد من خلال,0,0,0,0,0,0,0,0,0,0
المرئية,0,0,0,0,0,0,0,0,0,0
تصور,0,0,0,0,0,0,0,0,0,0
مهم للغاية,0,0,0,0,0,0,1,0,0,0
حيوية,0,0,0,0,1,0,1,0,0,1
زجاجي,0,0,0,0,0,0,0,0,0,0
مرح,0,0,0,0,1,0,1,0,0,0
واضح,0,0,0,0,1,0,1,0,0,0
امرأة مشاكسة,0,0,0,0,0,1,0,0,0,0
مفردات,0,0,0,0,0,0,1,0,0,0
صوتي,0,0,0,0,0,0,0,0,0,0
المنشد,0,0,0,0,0,0,0,0,0,0
مهنة,0,0,0,0,0,0,0,0,0,0
مجلة فوج,0,0,0,0,0,0,0,0,0,0
صوت بشري,0,0,0,0,0,0,0,0,0,0
لا صوت له,0,0,0,0,0,0,0,0,0,0
فارغ,0,0,0,0,0,0,0,0,0,0
التقلب,1,1,0,1,0,1,0,0,1,0
بركاني,0,0,0,0,0,0,0,0,0,0
بركان,0,0,0,1,0,1,0,0,1,0
إرادة,0,0,0,0,0,0,0,0,0,0
طائرة,0,0,0,0,0,0,0,0,0,0
الفولتميتر,0,0,0,0,0,0,0,0,0,0
الصوت,0,0,0,0,0,0,0,0,0,0
ضخم,0,0,0,0,0,0,0,0,0,0
"طوعا، بمحض ارادتك",0,0,0,0,0,0,0,0,0,0
تطوعي,0,0,0,0,0,0,0,0,0,0
تطوع,0,1,0,1,1,0,1,0,0,1
التطوع,0,0,0,0,0,0,0,0,0,0
المتطوعين,0,0,0,0,0,0,0,0,0,1
حسي,0,1,0,0,1,0,1,0,0,0
القيء,0,0,1,0,0,0,0,0,0,0
التقيؤ,0,0,0,0,0,1,0,0,0,0
الفودو,0,0,0,0,0,1,0,0,0,0
شره,0,0,0,0,0,0,0,0,0,0
دوامة,0,0,0,0,0,0,0,0,0,0
تصويت,1,1,0,0,1,1,1,1,1,1
التصويت,0,0,0,0,0,0,0,0,0,0
نذري,0,0,0,0,0,0,0,0,0,1
يضمن شخص,0,0,0,0,0,0,1,0,0,1
فاتورة,0,0,0,0,0,0,0,0,0,1
نذر,0,1,0,0,1,0,1,0,0,1
حرف متحرك,0,0,0,0,0,0,0,0,0,0
رحلة,0,1,0,0,0,0,0,0,0,0
المسافر,0,0,0,0,0,0,0,0,0,0
مبتذلة,0,0,1,0,0,1,0,0,0,0
الابتذال,1,0,1,0,0,1,0,1,0,0
وهن,0,0,0,1,0,1,0,1,0,0
غير حصين,0,0,0,0,0,0,0,0,0,0
نسر,0,0,1,1,0,1,0,0,0,0
واد,0,0,0,0,0,0,0,0,0,0
واد,0,0,0,0,0,0,0,0,0,0
رقاقة,0,0,0,0,0,0,0,0,0,0
وافل,1,0,0,0,0,1,0,1,0,0
هز,0,0,0,0,0,0,0,0,0,0
رهان,0,0,0,0,0,0,0,0,0,0
أجور,0,0,0,0,1,0,1,0,0,0
عربة,0,0,0,0,0,0,0,0,0,0
عويل,0,0,0,1,0,1,0,1,0,0
وسط,0,0,0,0,0,0,0,0,0,0
صدار,0,0,0,0,0,0,0,0,0,0
انتظر,0,1,0,0,0,1,0,0,0,0
النادل,0,0,0,0,0,0,0,0,0,0
انتظار,0,0,0,0,0,0,0,0,0,0
تنازل,0,0,0,0,0,0,0,0,0,0
استيقظ,0,0,0,0,0,0,0,0,0,0
مشي,0,0,0,0,0,0,0,0,0,0
ووكر,0,0,0,0,0,0,0,0,0,0
حائط,0,0,0,0,0,0,0,0,0,0
محفظة جيب,0,0,0,0,0,0,0,0,0,0
تتمايل,0,0,1,0,0,1,0,1,0,0
جوز,0,0,0,0,0,0,0,0,0,0
رقصة الفالس,0,0,0,0,0,0,0,0,0,0
شبكه عالميه,0,0,0,1,0,1,0,1,0,0
عصا,0,0,0,0,0,0,0,0,0,0
تجول,0,0,0,0,0,0,0,0,0,0
هائم,0,0,0,0,0,0,0,0,0,0
تجول,0,0,0,0,0,0,0,0,0,0
يتضاءل,0,0,0,0,0,1,0,1,0,0
يتضاءل,0,0,0,0,0,0,0,0,0,0
يريد,0,0,0,0,0,1,0,1,0,0
حرب,0,0,0,1,0,1,0,0,0,0
الدخلة,0,0,0,0,0,0,0,0,0,0
جناح,0,0,0,0,0,0,0,0,0,0
حارس,1,0,0,1,0,1,0,0,0,1
خزانة الثياب,0,0,0,0,0,0,0,0,0,0
وير,0,0,0,1,0,1,0,0,0,0
مستودع,0,0,0,0,0,0,0,0,0,0
حرب,1,0,0,1,0,1,0,1,0,0
محارب,1,0,0,1,0,1,0,0,0,0
الساحر,0,0,0,1,0,0,0,0,0,0
تسخين,0,0,0,0,0,0,0,0,0,0
تحذير,0,1,0,1,0,1,0,0,1,1
محذر,0,1,0,1,0,0,0,0,1,0
تحذير,0,0,0,1,0,0,0,0,0,0
اعوجاج,1,0,0,0,0,1,0,1,0,0
مشوه,0,0,0,0,0,1,0,0,0,0
مذكرة,0,0,0,0,0,0,0,0,0,0
مضمون,0,0,0,0,0,0,0,0,0,0
الضمانات,0,0,0,0,0,0,0,0,0,0
ضمان,0,0,0,0,0,0,1,0,0,1
وارين,0,0,0,0,0,0,0,0,0,0
محارب,1,0,0,1,0,0,1,0,0,0
ثؤلول,0,0,1,0,0,1,0,0,0,0
حذر,0,0,0,1,0,0,0,0,0,0
غسل,0,0,0,0,0,0,0,0,0,0
غسل,0,0,0,0,0,0,0,0,0,0
غسيل,0,0,0,0,0,0,0,0,0,0
دبور,0,0,0,0,0,0,0,0,0,0
المخلفات,0,0,1,0,0,1,0,0,0,0
ضاع,1,0,1,0,0,1,0,0,0,0
مسرف,1,0,1,0,0,1,0,1,0,0
الهزال,0,0,1,1,0,1,0,1,0,0
راقب,0,1,0,1,0,0,0,0,0,0
حراسة,0,0,0,0,0,0,1,0,0,1
يقظ,0,0,0,0,0,0,1,0,0,1
رجل مراقبة,0,0,0,0,0,0,1,0,0,1
ماء,0,0,0,0,0,0,0,0,0,0
مجرى مائي. قناة,0,0,0,0,0,0,0,0,0,0
تسقى,0,0,0,0,0,0,0,0,0,0
ضد للماء,0,0,0,0,0,0,1,0,0,0
محطات المياه,0,0,0,0,0,0,0,0,0,0
مائي,0,0,0,0,0,1,0,0,0,0
لوح,0,0,0,0,0,0,0,0,0,0
يتردد,0,0,0,1,0,1,0,0,0,0
متذبذب,0,0,0,0,0,0,0,0,0,0
أمواج,0,0,0,0,0,0,0,0,0,0
تموجي,0,0,0,0,0,0,0,0,0,0
الشمع,0,0,0,0,0,0,0,0,0,0
شمعي,0,0,0,0,0,0,0,0,0,0
طرق,0,0,0,0,0,0,0,0,0,0
الضال,0,0,0,0,0,0,0,0,0,0
ضعفت,0,0,0,0,0,1,0,0,0,0
ضعيف,0,0,0,1,0,1,0,1,0,0
ضعف,0,0,0,0,0,1,0,0,0,0
ثروة,0,0,0,0,1,0,1,0,0,1
ثري,0,0,0,0,0,0,0,0,0,0
سلاح,0,0,0,0,0,0,0,0,0,0
يرتدي,0,0,0,0,0,1,0,0,0,1
بضجر,0,0,0,0,0,1,0,1,0,0
ضجر,0,0,0,0,0,1,0,1,0,0
يلبس,0,0,0,0,0,0,0,0,0,0
المرهق,0,0,0,0,0,1,0,1,0,0
طقس,0,0,0,0,0,0,0,0,0,0
نجا,0,0,0,0,0,0,0,0,0,0
مانعة لتسرب الماء,0,0,0,0,0,0,1,0,0,0
نسج,0,0,0,0,0,0,0,0,0,0
الويب,0,0,0,0,0,0,0,0,0,0
الأربعاء,0,0,0,0,0,0,0,0,0,0
متزوجة,0,0,0,0,0,0,0,0,0,0
وتد,0,0,0,0,0,0,0,0,0,0
وي,0,0,0,0,0,0,0,0,0,0
عشبة ضارة,0,0,0,0,0,0,0,0,0,0
إزالة الأعشاب الضارة,0,0,0,0,0,0,0,0,0,0
الأعشاب,0,0,0,0,0,1,0,1,0,0
عشبي,0,0,0,0,0,0,0,0,0,0
أسبوع,0,0,0,0,0,0,0,0,0,0
أسبوعي,0,0,0,0,0,0,0,0,0,0
ابكي,0,0,0,0,0,1,0,1,0,0
البكاء,0,0,0,0,0,0,0,1,0,0
وزن,0,1,0,0,0,0,0,0,0,1
وزن,0,0,0,0,0,0,0,0,0,0
وزن,0,1,1,1,1,1,1,1,1,1
عديم الوزن,0,0,0,0,0,0,0,0,0,0
الأوزان,0,0,0,0,0,0,0,0,0,0
ثقيل,0,0,0,1,0,0,0,0,0,0
الهدار,0,0,0,0,0,0,0,0,0,0
عجيب,0,0,1,0,0,1,0,0,0,0
غريب الأطوار,0,0,0,1,0,1,0,0,0,0
رحب,0,0,0,0,1,0,1,0,0,0
اللحام,0,0,0,0,0,0,0,0,0,0
خير,0,0,0,0,0,0,0,0,0,0
رأس البئر,0,0,0,0,0,0,0,0,0,0
انتبار,0,0,0,0,0,0,0,0,0,0
ون,0,0,0,0,0,1,0,0,0,0
بغي,1,0,1,0,0,1,0,0,0,0
الغربي,0,0,0,0,0,0,0,0,0,0
مبلل,0,0,0,0,0,0,0,0,0,0
اجتز,0,0,0,0,0,1,0,0,0,0
حوت,0,0,0,0,0,0,0,0,0,0
إضرب,0,0,0,0,0,0,0,0,0,0
رصيف,0,0,0,0,0,0,0,0,0,0
مهما يكن,0,0,0,0,0,0,0,0,0,0
عجلة,0,0,0,0,0,0,0,0,0,0
عجلات,0,0,0,0,0,0,0,0,0,0
مكان وجودهم,0,0,0,0,0,0,0,0,0,0
لذلك,0,0,0,0,0,0,0,0,0,0
بماذا,0,0,0,0,0,0,0,0,0,0
مالئم,0,0,0,0,0,0,0,0,0,0
شحذ,0,0,0,0,0,0,0,0,0,0
نفحة,0,0,0,0,0,0,0,0,0,0
بينما,0,0,0,0,0,0,0,0,0,0
نزوة,0,1,0,0,1,1,0,0,1,0
تذمر,0,0,0,1,0,0,0,1,0,0
مرح,0,0,0,0,1,0,0,0,0,0
نزوة,0,0,0,0,0,0,0,0,0,0
أنين,0,0,1,0,0,1,0,1,0,0
سوط,1,0,0,0,0,1,0,0,0,0
دوامة,0,0,0,0,0,0,0,0,0,0
دوامة,0,0,0,1,0,0,0,0,0,0
زوبعة,0,0,0,1,0,1,0,0,0,0
خفقت,0,0,0,0,0,0,0,0,0,0
طولي,0,0,0,0,0,0,0,0,0,0
ويسكي,0,0,0,0,0,1,0,0,0,0
همسة,0,0,0,0,0,0,0,0,0,0
همس,0,0,0,0,0,0,0,0,0,0
صافرة,0,0,0,0,0,0,0,0,0,0
مثقال ذرة,0,0,0,0,0,0,0,0,0,0
بياض,0,0,0,0,1,0,1,0,0,0
أبيض,0,0,0,0,0,0,0,0,0,0
أزيز,0,0,0,0,0,0,0,0,0,0
صحي,0,0,0,0,0,0,1,0,0,1
كليا,0,0,0,0,0,0,0,0,0,0
نعيق,0,0,0,0,0,0,0,0,0,0
ضخم,0,0,0,0,0,0,0,0,0,0
عاهرة,0,0,1,0,0,1,0,0,0,0
ذبالة,0,0,0,0,0,0,0,0,0,0
شريرة,0,0,0,1,0,1,0,0,0,0
شر,0,0,1,0,0,1,0,0,0,0
الخوص,0,0,0,0,0,0,0,0,0,0
الويكيت,0,0,0,0,0,0,1,0,0,0
واسع,0,0,0,0,0,0,0,0,0,0
على نطاق واسع,0,0,0,0,0,0,0,0,0,0
وسع,0,0,0,0,0,0,0,0,0,0
واسع الانتشار,0,0,0,0,0,0,1,0,0,0
أرملة,0,0,0,0,0,0,0,1,0,0
أرمل,0,0,0,0,0,0,0,1,0,0
العرض,0,0,0,0,0,0,0,0,0,0
تمارس,0,0,0,0,0,0,0,0,0,0
زوجة,0,0,0,0,0,0,0,0,0,0
شعر مستعار,0,0,0,0,0,0,0,0,0,0
ايت,0,0,0,0,0,0,0,0,0,0
بري,0,0,0,0,0,1,0,0,1,0
برية,0,0,0,0,0,1,0,0,0,0
البرية,0,1,0,1,0,0,0,1,0,0
حرائق الغابات,0,0,0,1,0,1,0,1,1,0
متعمد,1,0,0,0,0,1,0,1,0,0
عن طيب خاطر,0,0,0,0,0,0,1,0,0,0
الرغبة,0,0,0,0,0,0,1,0,0,0
الصفصاف,0,0,0,0,0,0,0,0,0,0
ذابل,0,0,0,0,0,0,0,0,0,0
ماكر,0,0,0,0,0,0,0,0,0,0
جبان,0,0,1,1,0,1,0,0,0,0
جبان,1,0,1,1,0,1,0,1,0,0
جفل,1,0,1,1,0,1,0,1,0,0
ونش,0,0,0,0,0,0,0,0,0,0
ريح,0,0,0,0,0,0,0,0,0,0
مكاسب مفاجئة,0,0,0,0,0,0,1,0,0,0
لف,0,0,0,0,0,0,0,0,0,0
طاحونة,0,0,0,0,0,0,0,0,0,0
نافذة او شباك,0,0,0,0,0,0,0,0,0,0
عاصف,0,0,0,0,0,0,0,0,0,0
نبيذ,0,0,0,0,0,0,0,0,0,0
جناح,0,0,0,0,0,0,0,0,0,0
مجنح,0,0,0,0,0,0,0,0,0,0
غمزة,0,0,0,0,0,0,0,0,0,0
الفائز,0,1,0,0,1,0,1,0,1,0
الفوز,0,1,1,0,1,0,1,1,1,1
المكاسب,0,1,0,0,1,0,1,0,0,0
الشتاء,0,0,0,0,0,0,0,0,0,0
شتوي,0,0,0,0,0,0,0,0,0,0
يمسح,0,0,0,0,0,0,0,0,0,0
الأسلاك,0,0,0,0,0,0,0,0,0,0
لاسلكي,1,1,0,0,0,0,1,0,1,0
حكمة,0,0,0,0,0,0,1,0,0,0
حكمة,0,0,0,0,0,0,1,0,0,1
حكيم,0,0,0,0,0,0,1,0,0,0
بالتمني,0,1,0,0,0,0,0,0,0,0
حزين,0,0,0,0,0,0,0,0,0,0
ذكاء,0,0,0,0,0,0,1,0,0,0
ساحرة,1,0,1,1,0,1,0,0,0,0
السحر,1,0,0,1,0,1,0,1,0,0
مع,0,0,0,0,0,0,0,0,0,0
ينسحب,0,0,0,0,0,1,0,1,0,0
انسحاب,0,0,0,0,0,0,0,0,0,0
صعق,0,0,0,0,0,1,0,1,0,0
ذابل,0,0,1,0,0,1,0,0,0,0
الصمود,0,1,0,1,0,0,1,0,0,0
الشاهد,0,0,0,0,0,0,0,0,0,1
دهاء,0,0,0,0,0,0,1,0,0,0
بارع,0,0,0,0,1,0,1,0,0,0
ساحر,0,1,0,0,0,0,1,0,1,0
ويل,0,0,1,1,0,1,0,1,0,0
محزن,0,0,0,0,0,1,0,1,0,0
محزن,0,0,1,0,0,1,0,1,0,0
الأنوثة,0,0,0,0,0,0,0,0,0,0
نسوي,0,0,0,0,0,0,0,0,0,0
رحم,0,0,0,0,0,0,1,0,0,0
رائع,0,0,0,0,1,0,1,0,1,1
بشكل رائع,0,0,0,0,1,0,1,0,1,0
عجيب,0,0,0,0,0,0,1,0,0,0
متعود,0,1,0,0,0,0,0,0,0,0
وو,0,0,0,0,0,0,0,0,0,0
خشب,0,0,0,0,0,0,0,0,0,0
قطع خشبية,0,0,0,0,0,0,0,0,0,0
خشبي,0,0,0,0,0,0,0,0,0,0
الغابات,0,0,0,0,0,0,0,0,0,0
خشبية,0,0,0,0,0,0,0,0,0,0
التودد,0,0,0,0,0,0,0,0,0,0
صوف,0,0,0,0,0,0,0,0,0,0
صوفي,0,0,0,0,0,0,0,0,0,0
ووب,1,0,0,0,0,0,0,0,0,0
كلمة,0,0,0,0,0,0,1,0,0,1
الصياغة,0,0,0,0,0,0,0,0,0,0
كلمات,1,0,0,0,0,1,0,0,0,0
كلامي,0,0,0,0,0,0,0,0,0,0
الشغل,0,0,0,0,0,0,0,0,0,0
دفتر العمل,0,0,0,0,0,0,0,0,0,0
عامل,0,0,0,0,0,0,0,0,0,0
عمل,0,0,0,0,0,0,1,0,0,0
عامل,0,0,0,0,0,0,0,0,0,0
جودة العمل,0,0,0,0,0,0,0,0,0,0
مكان العمل,0,0,0,0,0,0,0,0,0,0
يعمل,0,0,0,0,0,0,0,0,0,0
ورشة عمل,0,0,0,0,0,0,0,0,0,0
العالمية,0,0,0,0,0,0,0,0,0,0
دنيوي,0,0,0,0,0,0,0,0,0,0
في جميع أنحاء العالم,0,0,0,0,0,0,0,0,0,0
الفيروس المتنقل,0,1,0,0,0,1,0,0,1,0
البالية,0,0,0,0,0,1,0,1,0,0
قلق,0,0,0,0,0,1,0,1,0,0
قلق,0,1,0,1,0,1,0,1,0,0
مقلق,0,1,0,1,0,1,0,1,0,0
أسوأ,0,0,0,1,0,1,0,1,0,0
تفاقم,0,0,1,0,0,1,0,1,0,0
يعبد,0,1,0,1,1,0,1,0,0,1
يستحق,0,0,0,0,0,0,1,0,0,0
عديم القيمة,1,0,1,0,0,1,0,1,0,0
ذو قيمة,0,0,0,0,0,0,1,0,0,1
ووت,0,0,0,0,0,0,1,0,0,1
جرح,1,0,0,1,0,1,0,1,0,0
رانجلر,0,0,0,0,0,0,0,0,0,0
الجدل,1,0,1,1,0,1,0,1,0,0
طَوّق,0,0,0,0,0,0,0,0,0,0
غلاف,0,0,0,0,0,0,0,0,0,0
يلف,0,0,0,0,0,0,0,0,0,0
غيظ,1,0,0,1,0,1,0,0,0,0
يعيث,1,0,0,0,0,1,0,0,0,0
إكليل,0,0,0,0,0,0,0,0,0,0
حطام سفينة,1,0,1,1,0,1,0,1,1,0
محطمة,1,0,0,1,0,1,0,1,0,0
مفتاح الربط,0,0,0,0,0,1,0,0,0,0
انتزع,0,0,0,0,0,0,0,0,0,0
تصارع,0,0,0,0,0,0,0,0,0,0
مصارع,0,0,0,0,0,0,0,0,0,0
مصارعة,0,0,0,0,0,1,0,0,0,0
البائس,1,0,1,0,0,1,0,1,0,0
بائس,0,0,1,0,0,1,0,1,0,0
رايت,0,0,0,0,0,0,0,0,0,0
نفرك,1,0,0,0,0,0,0,0,0,0
تجعد,0,0,0,0,0,0,0,0,0,0
متجعد,0,0,0,0,0,0,0,1,0,0
رسغ,0,0,0,0,0,0,0,0,0,0
معصمه,0,0,0,0,0,0,0,0,0,0
ساعة اليد,0,0,0,0,0,0,0,0,0,0
أمر,0,0,0,0,0,0,0,0,0,0
اكتب,0,0,0,0,0,0,0,0,0,0
كاتب,0,0,0,0,0,0,1,0,0,0
جاري الكتابة,0,0,0,0,0,0,0,0,0,0
مكتوبة,0,0,0,0,0,0,0,0,0,0
خاطئ - ظلم - يظلم,0,0,0,0,0,1,0,0,0,0
إثم,1,0,1,0,0,1,0,1,0,0
غير شرعي,1,0,1,0,0,1,0,1,0,0
بشكل خاطئ,1,0,0,1,0,1,0,1,0,0
مصنوع,0,0,0,0,0,1,0,0,0,0
ساخر,0,0,0,0,0,1,0,0,0,0
كراهية الأجانب,0,0,0,1,0,1,0,0,0,0
زيروكس,0,0,0,0,0,0,0,0,0,0
يخت,0,0,0,0,0,0,0,0,0,0
اليخوت,0,0,0,0,0,0,0,0,0,0
الياك,0,0,0,0,0,0,0,0,0,0
بطاطا,0,0,0,0,0,0,0,0,0,0
نثر,0,0,0,0,0,0,0,0,0,0
حديقة منزل,0,0,0,0,0,0,0,0,0,0
غزل,0,0,0,0,0,0,0,0,0,0
ياو,0,0,0,0,0,0,0,0,0,0
تثاؤب,0,0,0,0,0,1,0,0,0,0
تثاؤب,0,0,0,0,0,1,0,0,0,0
نَعَم,0,0,0,0,0,0,0,0,0,0
عام,0,0,0,0,0,0,0,0,0,0
الكتاب السنوي,0,0,0,0,0,0,0,0,0,0
حولي عمره سنة,0,0,0,0,0,0,0,0,0,0
سنوي,0,0,0,0,0,0,0,0,0,0
اشتاق,0,0,0,0,0,0,0,0,0,0
توق,0,1,0,0,1,1,1,0,0,1
سنوات,0,0,0,0,0,0,0,0,0,0
خميرة,0,0,0,0,0,0,0,0,0,0
قال بصوت عال,1,0,0,1,0,1,0,0,1,0
الأصفر,0,0,0,0,0,0,0,0,0,0
يصفر,0,0,0,0,0,1,0,0,0,0
عواء,1,0,0,1,0,1,0,0,1,0
يومان,0,0,0,0,0,0,0,0,0,0
في الامس,0,0,0,0,0,0,0,0,0,0
العام الماضي,0,0,0,0,0,0,0,0,0,0
الطقسوس,0,0,0,0,0,0,0,0,0,0
أَثْمَر,0,0,0,0,0,0,0,0,0,0
العائد,0,0,0,0,0,0,0,0,0,0
يوغي,0,0,0,0,0,0,0,0,0,0
نير,0,0,0,0,0,0,0,0,0,0
صفار البيض,0,0,0,0,0,0,0,0,0,0
يون,0,0,0,0,0,0,0,0,0,0
هنالك,0,0,0,0,0,0,0,0,0,0
شباب,1,1,0,1,1,0,1,0,1,0
مهرج,0,0,0,0,0,0,0,0,1,0
انطلق,0,0,0,0,0,0,0,0,0,0
حماسة,0,1,0,0,1,0,1,0,1,1
متعصب,0,0,0,0,0,0,0,0,0,0
متحمس,0,0,0,0,1,0,1,0,0,1
الحمار الوحشي,0,0,0,0,0,0,0,0,0,0
ذروة,0,0,0,0,0,0,0,0,0,0
زفير,0,0,0,0,0,0,0,0,0,0
منطاد,0,0,0,0,0,0,0,0,0,0
شهية,0,1,0,0,1,0,1,0,0,1
أَزِيز,0,0,0,0,0,1,0,0,0,0
الأبراج الفلكية,0,0,0,0,0,0,0,0,0,0
منطقة,0,0,0,0,0,0,0,0,0,0
حديقة حيوان,0,0,0,0,0,0,0,0,0,0
علم الحيوان,0,0,0,0,0,0,0,0,0,0
علم الحيوان,0,0,0,0,0,0,0,0,0,0
تكبير,0,0,0,0,0,0,0,0,0,0
