Belarusian Word,anger,anticipation,disgust,fear,joy,negative,positive,sadness,surprise,trust
у спіну,0,0,0,0,0,0,0,0,0,0
абак,0,0,0,0,0,0,0,0,0,1
адмовіцца,0,0,0,1,0,1,0,1,0,0
закінуты,1,0,0,1,0,1,0,1,0,0
закінутасць,1,0,0,1,0,1,0,1,1,0
сціхаць,0,0,0,0,0,0,0,0,0,0
паслабленне,0,0,0,0,0,0,0,0,0,0
абба,0,0,0,0,0,0,1,0,0,0
настаяцель,0,0,0,0,0,0,0,0,0,1
скарачаць,0,0,0,0,0,0,0,0,0,0
абрэвіятура,0,0,0,0,0,0,0,0,0,0
жывот,0,0,0,0,0,0,0,0,0,0
брушной,0,0,0,0,0,0,0,0,0,0
выкраданне,0,0,0,1,0,1,0,1,1,0
аберрантны,0,0,0,0,0,1,0,0,0,0
аберацыя,0,0,1,0,0,1,0,0,0,0
прыпыненне,0,0,0,0,0,0,0,0,0,0
гідзіцца,1,0,1,1,0,1,0,0,0,0
агідны,1,0,1,1,0,1,0,0,0,0
выконваць,0,0,0,0,0,0,0,0,0,0
здольнасць,0,0,0,0,0,0,1,0,0,0
панізна,0,0,1,0,0,1,0,0,0,0
абляцыя,0,0,0,0,0,0,0,0,0,0
палаючы,0,0,0,0,0,0,0,0,0,0
ненармальны,0,0,1,0,0,1,0,0,0,0
на борце,0,0,0,0,0,0,0,0,0,0
месца жыхарства,0,0,0,0,0,0,0,0,0,0
скасаваць,1,0,0,0,0,1,0,0,0,0
адмена,0,0,0,0,0,1,0,0,0,0
агідны,0,0,1,1,0,1,0,0,0,0
агіднасць,1,0,1,1,0,1,0,0,0,0
першабытнік,0,0,0,0,0,0,0,0,0,0
перапыніць,0,0,0,0,0,1,0,0,0,0
аборт,0,0,1,1,0,1,0,1,0,0
абартыўна,0,0,0,0,0,1,0,1,0,0
багата,0,0,0,0,0,0,0,0,0,0
вышэйзгаданы,0,0,0,0,0,0,1,0,0,0
пацёртасць,0,0,0,0,0,1,0,0,0,0
за мяжой,0,0,0,0,0,0,0,0,0,0
адмяніць,0,0,0,0,0,1,0,0,0,0
рэзкі,0,0,0,0,0,0,0,0,1,0
рэзка,0,0,0,0,0,0,0,0,0,0
абсцэс,0,0,0,0,0,1,0,1,0,0
адсутнасць,0,0,0,1,0,1,0,1,0,0
адсутнічае,0,0,0,0,0,1,0,1,0,0
завочны,0,0,0,0,0,1,0,1,0,0
прагулы,0,0,0,0,0,1,0,0,0,0
абсэнт,0,0,0,0,0,0,0,0,0,0
абсалютны,0,0,0,0,0,0,1,0,0,0
адпушчэнне,0,0,0,0,1,0,1,0,0,1
паглынаецца,0,0,0,0,0,0,1,0,0,0
абсорбент,0,0,0,0,0,0,0,0,0,0
паглынальны,0,0,0,0,0,0,0,0,0,0
паглынанне,0,0,0,0,0,0,0,0,0,0
устрымацца,0,0,0,0,0,0,0,0,0,0
устрыманне,0,0,0,0,0,0,0,0,0,0
ўстрыманне,0,0,0,0,0,0,0,0,0,0
анатацыя,0,0,0,0,0,0,0,0,0,0
абстракцыя,0,0,0,0,0,0,0,0,0,0
абсурд,0,0,0,0,0,1,0,0,0,0
абсурд,0,0,0,0,0,1,0,0,0,0
багацце,0,1,1,0,1,1,1,0,0,1
багаты,0,0,0,0,1,0,1,0,0,0
злоўжыванне,1,0,1,1,0,1,0,1,0,0
абатмент,0,0,0,0,0,0,0,0,0,0
абы,0,0,0,0,0,0,0,0,0,0
бездань,0,0,0,0,0,1,0,1,0,0
бездань,0,0,0,1,0,1,0,1,0,0
акадэмічны,0,0,0,0,0,0,1,0,0,1
акадэміі,0,0,0,0,0,0,1,0,0,0
далучыцца,0,0,0,0,0,0,0,0,0,0
паскорыць,0,1,0,0,0,0,0,0,0,0
паскарэнне,0,0,0,0,0,0,0,0,0,0
акцэнт,0,0,0,0,0,0,0,0,0,0
акцэнтаваць,0,0,0,0,0,0,0,0,0,0
прыняць,0,0,0,0,0,0,0,0,0,0
прымальна,0,0,0,0,0,0,1,0,0,0
прыняцце,0,0,0,0,0,0,1,0,0,0
доступ,0,0,0,0,0,0,0,0,0,0
даступныя,0,0,0,0,0,0,1,0,0,0
далучэнне,0,0,0,0,0,0,0,0,0,0
аксэсуар,0,0,0,0,0,0,0,0,0,0
няшчасны выпадак,0,0,0,1,0,1,0,1,1,0
выпадковая,0,0,0,1,0,1,0,0,1,0
выпадкова,0,0,0,0,0,0,0,0,1,0
пахвала,0,1,0,0,1,0,1,0,1,1
размяшчаць,0,0,0,0,0,0,0,0,0,0
пражыванне,0,0,0,0,0,0,1,0,0,0
суправаджэнне,0,1,0,0,1,0,1,0,0,1
суправаджаць,0,0,0,0,0,0,0,0,0,0
суправаджальны,0,0,0,0,0,0,0,0,0,0
саўдзельнік,0,0,0,0,0,0,0,0,0,0
выканаць,0,0,0,0,1,0,1,0,0,0
выканана,0,0,0,0,1,0,1,0,0,0
дасягненне,0,0,0,0,0,0,1,0,0,0
згода,0,0,0,0,0,0,1,0,0,1
адпаведнасці,0,0,0,0,0,0,0,0,0,0
акардэон,0,0,0,0,0,0,0,0,0,0
рахунак,0,0,0,0,0,0,0,0,0,1
падсправаздачнасць,0,0,0,0,0,0,1,0,0,1
падсправаздачны,0,0,0,0,0,0,1,0,0,1
бухгалтар,0,0,0,0,0,0,0,0,0,1
бухгалтэрыя,0,0,0,0,0,0,0,0,0,0
рахункі,0,0,0,0,0,0,0,0,0,1
акрэдытаваны,0,0,0,0,0,0,1,0,0,1
нарастанне,0,0,0,0,0,0,0,0,0,0
налічаць,0,0,0,0,0,0,0,0,0,0
accueil,0,0,0,0,0,0,1,0,0,0
назапашваць,0,0,0,0,0,0,0,0,0,0
назапашванне,0,0,0,0,0,0,0,0,0,0
дакладнасць,0,0,0,0,0,0,0,0,0,0
дакладны,0,0,0,0,0,0,1,0,0,1
пракляты,1,0,0,1,0,1,0,1,0,0
абвінавачванне,1,0,1,0,0,1,0,0,0,0
вінавальны склон,0,0,0,0,0,1,0,0,0,0
абвінавачаны,1,0,0,1,0,1,0,0,0,0
абвінаваўца,1,0,0,1,0,1,0,0,0,0
абвінавачваючы,1,0,0,1,0,1,0,0,0,0
прызвычаіліся,0,0,0,0,0,0,0,0,0,0
туз,0,0,0,0,0,0,1,0,0,0
воцатная,0,0,0,0,0,0,0,0,0,0
балець,0,0,0,0,0,1,0,1,0,0
дасягнуць,0,0,0,0,1,0,1,0,0,1
дасягненне,0,1,0,0,1,0,1,0,0,1
ныючы,0,0,0,0,0,1,0,1,0,0
кіслата,0,0,0,0,0,1,0,0,0,0
кіслотнасць,0,0,0,0,0,0,0,0,0,0
прызнаць,0,0,0,0,0,0,0,0,0,0
прызнаў,0,0,0,0,0,0,0,0,0,0
прызнанне,0,0,0,0,0,0,1,0,0,0
акме,0,0,0,0,0,0,0,0,0,0
акустычны,0,0,0,0,0,0,0,0,0,0
акустыка,0,0,0,0,0,0,0,0,0,0
знаёміць,0,0,0,0,0,0,0,0,0,0
знаёмства,0,0,0,0,0,0,0,0,0,0
знаёмыя,0,0,0,0,0,0,0,0,0,0
пагадлівасць,0,0,0,0,0,0,0,0,0,0
набываць,0,0,0,0,0,0,1,0,0,0
набыццё,0,1,0,0,0,0,1,0,0,0
набыццё,0,0,0,0,0,0,0,0,0,0
набыткі,0,0,0,0,0,0,0,0,0,0
пасяўная плошча,0,0,0,0,0,0,0,0,0,0
акраў,0,0,0,0,0,0,0,0,0,0
акрабат,0,0,0,1,1,0,1,0,0,1
дзейнічаць,0,0,0,0,0,0,0,0,0,0
акцёрскі,0,0,0,0,0,0,0,0,0,0
дзеянне,0,0,0,0,0,0,1,0,0,0
дзейсныя,1,0,1,0,0,1,0,0,0,0
актыўны,0,0,0,0,0,0,0,0,0,0
дзейнасць,0,0,0,0,0,0,0,0,0,0
акцёр,0,0,0,0,0,0,0,0,0,0
фактычны,0,0,0,0,0,0,1,0,0,0
актуальнасць,0,0,0,0,0,0,0,0,0,0
актуарый,0,0,0,0,0,0,0,0,0,0
вастрыня,0,0,0,0,0,0,1,0,0,0
праніклівасць,0,0,0,0,0,0,1,0,0,0
іглаўколванне,0,0,0,0,0,0,0,0,0,0
востра,0,0,0,0,0,0,0,0,0,0
прыказка,0,0,0,0,0,0,0,0,0,0
непахісны,0,0,0,0,0,0,0,0,0,0
адаптаваць,0,0,0,0,0,0,1,0,0,0
адаптыўны,0,0,0,0,0,0,1,0,0,0
дадаць,0,0,0,0,0,0,0,0,0,0
дададзены,0,0,0,0,0,0,0,0,0,0
дадатак,0,0,0,0,0,0,0,0,0,0
суматар,1,0,1,1,0,1,0,1,0,0
наркаманія,0,0,0,0,0,1,0,0,0,0
дадатак,0,0,0,0,0,0,0,0,0,0
дадатковыя,0,0,0,0,0,0,0,0,0,0
дабаўка,0,0,0,0,0,0,0,0,0,0
адрас,0,0,0,0,0,0,0,0,0,0
адрасат,0,0,0,0,0,0,0,0,0,0
адрасы,0,1,0,0,0,0,1,0,0,0
адэпт,0,0,0,0,0,0,1,0,0,0
адэкватнасць,0,0,0,0,0,0,1,0,0,0
адэкватны,0,0,0,0,0,0,0,0,0,0
прытрымлівацца,0,0,0,0,0,0,0,0,0,0
прыхільнасць,0,0,0,0,0,0,0,0,0,0
адэпт,0,0,0,0,0,0,0,0,0,0
прытрымліваючыся,0,0,0,0,0,0,0,0,0,1
адгезія,0,0,0,0,0,0,0,0,0,0
клейкі,0,0,0,0,0,0,0,0,0,0
развітанне,0,0,0,0,0,0,0,0,0,0
тлушчавай,0,0,0,0,0,1,0,0,0,0
сумежнасць,0,0,0,0,0,0,0,0,0,0
сумежныя,0,0,0,0,0,0,0,0,0,0
прыметнік,0,0,0,0,0,0,0,0,0,0
прылеглыя,0,0,0,0,0,0,0,0,0,0
адкласці,0,0,0,0,0,0,0,0,0,0
адтэрміноўка,0,0,0,0,0,0,0,0,0,0
вынесці прысуд,0,0,0,1,0,1,0,0,0,0
вынясенне судовага рашэння,0,0,0,0,0,0,0,0,0,0
дапаўненне,0,0,0,0,0,0,1,0,0,0
наладзіць,0,0,0,0,0,0,0,0,0,0
карэкціроўка,0,0,0,0,0,0,0,0,0,0
ад'ювант,0,0,0,0,0,0,0,0,0,0
адміністраваць,0,0,0,0,0,0,0,0,0,0
адміністрацыі,0,0,0,0,0,0,0,0,0,0
адміністрацыйны,0,0,0,0,0,0,0,0,0,1
варты захаплення,0,0,0,0,1,0,1,0,0,1
адмірал,0,0,0,0,0,0,1,0,0,1
адміралцейства,0,0,0,0,0,0,0,0,0,0
захапленне,0,0,0,0,1,0,1,0,0,1
захапляцца,0,0,0,0,0,0,1,0,0,1
прыхільнік,0,0,0,0,0,0,1,0,0,0
дапушчальнасць,0,0,0,0,0,0,0,0,0,0
дапушчальны,0,0,0,0,0,0,1,0,0,1
допуск,0,0,0,0,0,0,0,0,0,0
прызнаць,0,0,0,0,0,0,0,0,0,0
допуск,0,0,0,0,0,0,0,0,0,0
прызнаўся,0,0,0,0,0,0,0,0,0,0
дапускаючы,0,0,0,0,0,0,0,0,0,0
прымешка,0,0,0,0,0,0,0,0,0,0
папярэджанне,0,0,0,1,0,1,0,0,0,0
шумна,0,0,0,0,0,0,0,0,0,0
глінабітны,0,0,0,0,0,0,0,0,0,0
падлеткавы ўзрост,0,0,0,0,0,0,0,0,0,0
падлеткавы,0,0,0,0,0,0,0,0,0,0
прыняць,0,0,0,0,0,0,0,0,0,0
усынаўленне,0,0,0,0,0,0,0,0,0,0
чароўная,0,0,0,0,1,0,1,0,0,0
пакланенне,0,0,0,0,1,0,1,0,0,1
абажаць,0,1,0,0,1,0,1,0,0,1
упрыгожваць,0,0,0,0,0,0,0,0,0,0
ўпрыгожванне,0,0,0,0,0,0,0,0,0,0
па плыні,0,1,0,1,0,1,0,1,0,0
дарослы,0,0,0,0,0,0,0,0,0,0
фальсіфікаваны,0,0,0,0,0,1,0,0,0,0
пералюб,0,0,1,0,0,1,0,1,0,0
загадзя,0,1,0,1,1,0,1,0,1,0
прасунуты,0,0,0,0,0,0,1,0,0,0
прасоўванне,0,0,0,0,0,0,1,0,0,0
прасоўванне наперад,0,0,0,0,0,0,0,0,0,0
перавага,0,0,0,0,0,0,1,0,0,0
выгадна,0,0,0,0,0,0,1,0,0,0
адвэнт,0,1,0,0,1,0,1,0,0,1
прыгодніцкі,0,1,0,0,0,0,1,0,0,0
авантурыст,0,0,0,0,0,0,0,0,0,0
авантурны,0,0,0,0,0,0,1,0,0,0
праціўнік,1,0,0,0,0,1,0,0,0,0
неспрыяльны,1,0,1,1,0,1,0,1,0,0
нягоды,1,0,0,1,0,1,0,1,0,0
рэкламаваць,0,0,0,0,0,0,0,0,0,0
рэклама,0,0,0,0,0,0,0,0,0,0
парады,0,0,0,0,0,0,0,0,0,1
мэтазгодна,0,0,0,0,0,0,1,0,0,1
параіць,0,0,0,0,0,0,1,0,0,1
параілі,0,0,0,0,0,0,0,0,0,1
парады,0,0,0,0,0,0,0,0,0,0
дарадца,0,0,0,0,0,0,1,0,0,1
прапаганда,1,1,0,0,1,0,1,0,0,1
адвакат,0,0,0,0,0,0,0,0,0,1
эгіда,0,0,0,0,0,0,0,0,0,0
аэрацыя,0,0,0,0,0,0,0,0,0,0
паветраны,0,0,0,0,0,0,0,0,0,0
аэрадром,0,0,0,0,0,0,0,0,0,0
аэрадынаміка,0,0,0,0,0,0,0,0,0,0
паветраплаванне,0,0,0,0,0,0,0,0,0,0
самалёт,0,0,0,0,0,0,0,0,0,0
эстэтычны,0,0,0,0,0,0,1,0,0,0
эстэтыка,0,0,0,0,1,0,1,0,0,0
этыялогія,0,0,0,0,0,0,0,0,0,0
здалёк,0,0,0,0,0,0,0,0,0,0
прыветлівы,0,0,0,0,0,0,1,0,0,0
справа,0,0,0,0,0,0,0,0,0,0
якія ўплываюць,0,0,0,0,0,0,0,0,0,0
прыхільнасць,0,0,0,0,1,0,1,0,0,1
прыхільнасці,0,0,0,0,0,0,0,0,0,0
афіча,0,0,0,0,0,0,0,0,0,0
афідэвіт,0,0,0,0,0,0,0,0,0,0
афіляваныя,0,0,0,0,0,0,1,0,0,0
прыналежнасць,0,0,0,0,0,0,0,0,0,0
сваяцтва,0,0,0,0,0,0,0,0,0,0
пацвердзіць,0,0,0,0,0,0,1,0,0,1
зацвярджэнне,0,0,0,0,0,0,1,0,0,0
сцвярджальны,0,0,0,0,0,0,1,0,0,0
сцвярджальна,0,0,0,0,0,0,1,0,0,1
афікс,0,0,0,0,0,0,0,0,0,0
пакутаваць,0,0,0,1,0,1,0,1,0,0
пакутуе,0,0,0,0,0,1,0,0,0,0
пакута,0,0,1,1,0,1,0,1,0,0
заможнасць,0,0,0,0,1,0,1,0,0,0
заможны,0,0,0,0,0,0,1,0,0,0
дазволіць сабе,0,0,0,0,0,0,1,0,0,0
абражаць,1,0,1,1,0,1,0,1,1,0
за мяжой,0,0,0,0,0,0,0,0,0,0
раней,0,0,0,0,0,0,0,0,0,0
вышэйзгаданы,0,0,0,0,0,0,0,0,0,0
вышэйсказанае,0,0,0,0,0,0,0,0,0,0
баяцца,0,0,0,1,0,1,0,0,0,0
нанова,0,0,0,0,0,0,0,0,0,0
кармавой,0,0,0,0,0,0,0,0,0,0
наступствы,1,0,1,1,0,1,0,1,0,0
днём,0,0,0,0,0,0,0,0,0,0
послевкусіе,0,0,0,0,0,1,0,0,0,0
запозненая думка,0,0,0,0,0,0,0,0,0,0
ага,0,0,0,1,0,0,1,0,0,1
агат,0,0,0,0,0,0,0,0,0,0
ўзрост,0,0,0,0,0,0,0,0,0,0
ва ўзросце,0,0,0,0,0,0,0,0,0,0
агенцтва,0,0,0,0,0,0,0,0,0,0
агент,0,0,0,0,0,0,0,0,0,0
агламерацыя,0,0,0,0,0,0,0,0,0,0
абвастрылася,1,0,0,0,0,1,0,0,0,0
абцяжарваючы,1,0,0,0,0,1,0,1,0,0
абвастрэнне,1,0,1,0,0,1,0,0,0,0
агрэгат,0,0,0,0,0,0,0,0,0,0
агрэгацыя,0,0,0,0,0,0,0,0,0,0
агрэсія,1,0,0,1,0,1,0,0,0,0
агрэсіўны,1,0,0,1,0,1,0,0,0,0
агрэсар,1,0,0,1,0,1,0,0,0,0
у жаху,0,0,1,1,0,1,0,0,1,0
спрытны,0,0,0,0,0,0,1,0,0,0
спрыт,0,0,0,0,0,0,1,0,0,0
усхваляваны,1,0,0,0,0,1,0,0,0,0
агітацыя,1,0,0,0,0,1,0,0,0,0
агностык,0,0,0,0,0,0,0,0,0,0
таму,0,0,0,0,0,0,0,0,0,0
пакутлівы,0,0,0,1,0,1,0,0,0,0
агонія,1,0,0,1,0,1,0,1,0,0
згодны,0,0,0,0,0,0,1,0,0,0
згодны,0,0,0,0,0,0,1,0,0,1
пагадзіўся,0,0,0,0,0,0,1,0,0,1
згаджаючыся,0,0,0,0,0,0,1,0,0,1
пагадненне,0,0,0,0,0,0,1,0,0,1
сельскагаспадарчы,0,0,0,0,0,0,0,0,0,0
сельская гаспадарка,0,0,0,0,0,0,1,0,0,0
на мель,0,0,0,0,0,1,0,0,0,0
агуа,0,0,0,0,0,0,0,0,0,0
наперадзе,0,0,0,0,0,0,1,0,0,0
дапамога,0,0,0,0,0,0,1,0,0,0
аказанне дапамогі,0,0,0,0,0,0,1,0,0,0
хворы,0,0,0,0,0,1,0,1,0,0
хворы,0,0,0,1,0,1,0,1,0,0
недамаганне,0,0,0,0,0,0,0,0,0,0
мэта,0,0,0,0,0,0,0,0,0,0
бязмэтны,0,0,0,0,0,1,0,0,0,0
паветра,0,0,0,0,0,0,0,0,0,0
падушка бяспекі,0,0,0,0,0,0,0,0,0,0
паветраны транспарт,0,0,0,0,0,0,0,0,0,0
авіякампанія,0,0,0,0,0,0,0,0,0,0
лётчык,0,0,0,0,0,0,0,0,0,0
самалёт,0,0,0,0,0,0,0,0,0,0
аэрапорт,0,1,0,0,0,0,0,0,0,0
эфіры,0,0,1,0,0,1,0,0,0,0
дырыжабль,0,0,0,0,0,0,0,0,0,0
праход,0,0,0,0,0,0,0,0,0,0
аіт,0,0,0,0,0,0,0,0,0,0
прыадчынены,0,0,0,0,0,0,0,0,0,0
падобны,0,0,0,0,0,0,0,0,0,1
алебастр,0,0,0,0,0,0,1,0,0,0
сігналізацыя,0,0,0,1,0,1,0,0,1,0
трывожны,0,0,0,1,0,1,0,0,1,0
альб,0,0,0,0,0,0,0,0,0,1
альбом,0,0,0,0,0,0,0,0,0,0
алхімія,0,0,0,0,0,0,0,0,0,0
алкаголь,0,0,0,0,0,0,0,0,0,0
алкагалізм,1,0,1,1,0,1,0,1,0,0
алькоў,0,0,0,0,0,0,0,0,0,0
абвестка,0,0,0,0,0,0,0,0,0,0
насцярожанасць,0,1,0,1,0,0,1,0,1,0
абвесткі,0,1,0,1,0,0,0,0,1,0
люцэрна,0,0,0,0,0,0,0,0,0,0
алгебры,0,0,0,0,0,0,0,0,0,0
алгебраічны,0,0,0,0,0,0,0,0,0,0
алгарытм,0,0,0,0,0,0,0,0,0,0
алібі,0,0,0,0,0,0,0,0,0,0
іншапланецянін,0,0,1,1,0,1,0,0,0,0
адчужаць,1,0,1,0,0,1,0,0,0,0
адчужана,0,0,0,0,0,1,0,1,0,0
адчужэнне,1,0,1,1,0,1,0,1,0,0
гарыць,0,0,0,0,0,0,0,0,0,0
выраўнаваны,0,0,0,0,0,0,0,0,0,0
выраўноўванне,0,0,0,0,0,0,0,0,0,0
падобныя,0,0,0,0,0,0,0,0,0,0
харчаванне,0,0,0,0,0,0,1,0,0,0
аліменты,0,0,0,0,0,1,0,0,0,0
аліквота,0,0,0,0,0,0,0,0,0,0
жывы,0,1,0,0,1,0,1,0,0,1
шчолач,0,0,0,0,0,0,0,0,0,0
алкалоідаў,0,0,0,0,0,0,0,0,0,0
развеяць,0,0,0,0,0,0,1,0,0,0
зацвярджэнне,1,0,0,0,0,1,0,0,0,0
сцвярджаць,0,0,0,0,0,1,0,0,0,0
нібыта,0,0,0,0,0,0,0,0,0,0
вернасць,0,0,0,0,0,0,1,0,0,1
алегарычны,0,0,0,0,0,0,0,0,0,0
алегорыя,0,0,0,0,0,0,0,0,0,0
алегра,0,0,0,0,0,0,1,0,0,0
палегчыць,0,0,0,0,0,0,1,0,0,0
палягчэнне,0,0,0,0,0,0,1,0,0,0
алея,0,0,0,0,0,0,0,0,0,0
альянс,0,0,0,0,0,0,0,0,0,1
саюзныя,0,0,0,0,0,0,1,0,0,1
алігатар,0,0,0,0,0,0,0,0,0,0
вылучаць,0,0,0,0,0,0,0,0,0,0
вылучэнне,0,0,0,0,0,0,0,0,0,0
надзяляць,0,0,0,0,0,0,0,0,0,0
надзел,0,0,0,0,0,0,0,0,0,0
дапушчальна,0,0,0,0,0,0,1,0,0,0
дапаможнік,0,0,0,0,0,0,0,0,0,0
дазволены,0,0,0,0,0,0,0,0,0,0
сплаў,0,0,0,0,0,0,0,0,0,0
прывабнасць,0,1,0,0,1,0,1,0,1,0
вабны,0,0,0,0,0,0,1,0,0,0
алюзія,0,0,0,0,0,0,0,0,0,0
алювіяльны,0,0,0,0,0,0,0,0,0,0
саюзнік,0,0,0,0,0,0,1,0,0,1
альманах,0,0,0,0,0,0,0,0,0,0
усемагутны,0,0,0,0,0,0,1,0,0,0
на вышыні,0,0,0,0,0,0,0,0,0,0
прывітанне,0,1,0,0,1,0,1,0,0,0
побач,0,0,0,0,0,0,0,0,0,0
у баку,0,0,0,0,0,1,0,0,0,0
услых,0,0,0,0,0,0,0,0,0,0
алфавіт,0,0,0,0,0,0,0,0,0,0
алфавітны,0,0,0,0,0,0,0,0,0,0
алтар,0,0,0,0,0,0,0,0,0,0
змяніць,0,0,0,0,0,0,0,0,0,0
пераробка,0,0,0,0,0,0,0,0,0,0
сварка,1,0,0,0,0,1,0,0,0,0
зменены,0,0,0,0,0,0,0,0,0,0
чаргаваць,0,0,0,0,0,0,0,0,0,0
альтэрнатыва,0,0,0,0,0,0,0,0,0,0
вышыня над узроўнем мора,0,0,0,0,0,0,0,0,0,0
альт,0,0,0,0,0,0,0,0,0,0
увогуле,0,0,0,0,0,0,0,0,0,0
выпускнік,0,0,0,0,0,0,0,0,0,0
альвеалярны,0,0,0,0,0,0,0,0,0,0
амальгама,0,0,0,0,0,0,0,0,0,0
аб'яднанне,0,0,0,0,0,0,0,0,0,0
назапашваць,0,0,0,0,0,0,0,0,0,0
аматарскі,0,0,0,0,0,0,0,0,0,0
здзівіць,0,0,0,0,0,0,0,0,1,0
здзіўленне,0,0,0,0,0,0,0,0,0,0
дзіўна,0,0,0,0,1,0,1,0,1,0
паслом,0,0,0,0,0,0,1,0,0,1
бурштынавы,0,0,0,0,0,0,0,0,0,0
эмбіент,0,0,0,0,0,0,0,0,0,0
неадназначнасць,0,0,0,0,0,0,0,0,0,0
неадназначны,0,0,0,0,0,1,0,0,0,0
амбіт,0,0,0,0,0,0,0,0,0,0
славалюбства,0,1,0,0,1,0,1,0,0,1
амбіцыйны,0,0,0,0,0,0,0,0,0,0
хуткая дапамога,0,0,0,1,0,0,0,0,0,1
засада,1,0,0,1,0,1,0,0,1,0
паляпшаць,0,0,0,0,0,0,1,0,0,0
амін,0,0,0,0,1,0,1,0,0,1
паддаюцца,0,0,0,0,0,0,1,0,0,0
паправіць,0,0,0,0,0,0,1,0,0,0
папраўка,0,0,0,0,0,0,0,0,0,0
папраўкі,0,0,0,0,0,0,1,0,0,0
зручнасць,0,0,0,0,0,0,1,0,0,0
аметыст,0,0,0,0,0,0,0,0,0,0
прыязны,0,0,0,0,0,0,1,0,0,0
дружны,0,0,0,0,1,0,1,0,0,0
сярод,0,0,0,0,0,0,0,0,0,0
сярод,0,0,0,0,0,0,0,0,0,0
нашатырны спірт,0,0,1,0,0,0,0,0,0,0
боепрыпасаў,0,0,0,0,0,0,0,0,0,0
амнезія,0,0,0,0,0,1,0,0,0,0
амністыя,0,0,0,0,1,0,1,0,0,0
аморфны,0,0,0,0,0,0,0,0,0,0
амартызацыя,0,0,0,0,0,0,0,0,0,1
колькасць,0,0,0,0,0,0,0,0,0,0
любоў,0,1,0,0,1,0,1,0,0,1
амперсанд,0,0,0,0,0,0,0,0,0,0
амфетаміны,0,0,1,0,0,1,0,0,0,0
амфібія,0,0,0,0,0,0,0,0,0,0
амфібія,0,0,0,0,0,0,0,0,0,0
амфітэатр,0,0,0,0,0,0,0,0,0,0
узмацненне,0,0,0,0,0,0,0,0,0,0
узмацніць,0,0,0,0,0,0,0,0,0,0
амплітуда,0,0,0,0,0,0,0,0,0,0
багата,0,0,0,0,0,0,0,0,0,0
ампутацыя,0,0,0,0,0,0,0,0,0,0
кудмень,0,0,0,0,0,0,0,0,0,0
забаўляць,0,0,0,0,1,0,1,0,0,0
пацешыўся,0,0,0,0,1,0,1,0,0,0
забаўка,0,0,0,0,1,0,1,0,0,0
пацешна,0,0,0,0,1,0,1,0,0,0
ана,0,0,0,0,0,0,0,0,0,0
анаконда,0,0,1,1,0,1,0,0,0,0
анестэзія,0,0,0,0,0,0,0,0,0,0
анестэтык,0,0,0,0,0,0,0,0,0,0
анальны,0,0,0,0,0,1,0,0,0,0
абязбольвальнае,0,0,0,0,0,0,0,0,0,0
аналагічны,0,0,0,0,0,0,0,0,0,0
аналаг,0,0,0,0,0,0,0,0,0,0
аналогія,0,0,0,0,0,0,0,0,0,0
аналіз,0,0,0,0,0,0,0,0,0,0
аналітык,0,1,0,0,0,0,1,0,0,1
аналітычны,0,0,0,0,0,0,0,0,0,0
аналізаваць,0,0,0,0,0,0,0,0,0,0
аналізатар,0,0,0,0,0,0,0,0,0,0
анархізм,1,0,0,1,0,1,0,0,0,0
анархіст,1,0,0,1,0,1,0,0,0,0
анархія,1,0,0,1,0,1,0,0,0,0
анастомоз,0,0,0,0,0,0,0,0,0,0
анафеме,1,0,1,1,0,1,0,1,0,0
анатамічны,0,0,0,0,0,0,0,0,0,0
анатомія,0,0,0,0,0,0,0,0,0,0
продак,0,0,0,0,0,0,0,0,0,0
радавой,0,0,0,0,0,0,0,0,0,1
радавод,0,0,0,0,0,0,0,0,0,0
якар,0,0,0,0,0,0,1,0,0,0
мацаванне,0,0,0,0,0,0,1,1,0,0
старажытны,0,0,0,0,0,1,0,0,0,0
дапаможны,0,0,0,0,0,0,0,0,0,0
андроген,0,0,0,0,0,0,0,0,0,0
анемона,0,0,0,0,0,0,0,0,0,0
нанова,0,0,0,0,0,0,0,0,0,0
анёл,0,1,0,0,1,0,1,0,1,1
анёльскі,0,0,0,0,1,0,1,0,0,1
гнеў,1,0,0,0,0,1,0,0,0,0
стэнакардыя,0,0,0,1,0,1,0,0,0,0
ангіяграфія,0,0,0,0,0,0,0,0,0,0
кут,0,0,0,0,0,0,0,0,0,0
рыбалка,0,1,0,0,0,1,0,0,0,0
злы,1,0,1,0,0,1,0,0,0,0
туга,1,0,0,1,0,1,0,1,0,0
кутняй,0,0,0,0,0,0,0,0,0,0
бязводны,0,0,0,0,0,0,0,0,0,0
жывёла,0,0,0,0,0,0,0,0,0,0
ажыўляць,0,0,0,0,0,0,1,0,0,0
аніміраваныя,0,0,0,0,1,0,1,0,0,0
анімацыя,0,0,0,0,0,0,0,0,0,0
варожасць,1,0,1,1,0,1,0,1,0,0
анімус,1,0,0,0,0,1,0,0,0,0
лодыжкі,0,0,0,0,0,0,0,0,0,0
летапісы,0,0,0,0,0,0,0,0,0,0
дадатак,0,0,0,0,0,0,0,0,0,0
анэксія,0,0,0,0,0,0,0,0,0,0
прыбудова,0,0,0,0,0,0,0,0,0,0
знішчыць,1,0,0,1,0,1,0,0,0,0
знішчаны,1,0,0,1,0,1,0,1,0,0
анігіляцыя,1,0,0,1,0,1,0,1,0,0
анатаваць,0,0,0,0,0,0,0,0,0,0
анатацыя,0,0,0,0,0,0,0,0,0,0
абвясціць,0,0,0,0,0,0,0,0,0,0
аб'ява,0,1,0,0,0,0,0,0,0,0
раздражняць,1,0,1,0,0,1,0,0,0,0
раздражненне,1,0,1,0,0,1,0,0,0,0
раздражняе,1,0,0,0,0,1,0,0,0,0
ануітэт,0,0,0,0,0,0,0,0,0,0
ануляваць,0,0,0,0,0,1,0,0,0,0
кальцавой,0,0,0,0,0,0,0,0,0,0
ануляванне,0,0,0,0,0,1,0,1,0,0
кальцавое прастору,0,0,0,0,0,0,0,0,0,0
памазанне,0,0,0,0,0,0,0,0,0,0
анамальны,0,0,0,0,0,0,0,0,0,0
анамалія,0,0,0,1,0,1,0,0,1,0
ананімна,0,0,0,0,0,0,0,0,0,0
ананімны,0,0,0,0,0,1,0,0,0,0
адказаць,0,0,0,0,0,0,0,0,0,0
адказнасць,0,0,0,0,0,0,0,0,0,1
адказваючы,0,0,0,0,0,0,0,0,0,0
мурашка,0,0,0,0,0,0,0,0,0,0
антаганізм,1,0,0,0,0,1,0,0,0,0
антаганіст,1,0,0,0,0,1,0,0,0,0
антаганістычны,1,0,1,0,0,1,0,0,0,0
антэ,0,0,0,0,0,0,0,0,0,0
папярэднік,0,0,0,0,0,0,0,0,0,0
антылопа,0,0,0,0,0,0,0,0,0,0
антэна,0,0,0,0,0,0,0,0,0,0
пярэдні,0,0,0,0,0,0,0,0,0,0
гімн,0,0,0,0,0,0,0,0,0,0
анталогія,0,0,0,0,0,0,0,0,0,0
сібірская язва,0,0,1,1,0,1,0,1,0,0
антрапалогіі,0,0,0,0,0,0,0,0,0,0
антыбіётык,0,0,0,0,0,0,0,0,0,0
антыбіётыкі,0,0,0,0,0,0,1,0,0,0
антыхрыст,1,0,1,1,0,1,0,0,0,0
чаканне,0,1,0,0,0,0,0,0,0,0
апераджальны,0,1,0,0,0,0,0,0,0,0
проціяддзе,0,1,0,0,0,0,1,0,0,1
супрацьгрыбковыя,0,0,0,0,0,0,1,0,0,1
сурма,0,0,0,0,0,0,0,0,0,0
антыпатыя,1,0,1,0,0,1,0,0,0,0
антыквар,0,0,0,0,0,0,0,0,0,0
састарэлы,0,0,0,0,0,1,0,0,0,0
антычная,0,0,0,0,0,0,1,0,0,0
антычнасць,0,0,0,0,0,0,0,0,0,0
антысептык,0,0,0,0,0,0,1,0,0,1
асацыяльныя,1,0,1,1,0,1,0,1,0,0
антытэза,1,0,0,0,0,1,0,0,0,0
антытэтычны,0,0,0,0,0,0,0,0,0,0
супрацьвірусны,0,0,0,0,0,0,0,0,0,0
панты,0,0,0,0,0,0,0,0,0,0
кавадла,0,0,0,0,0,0,0,0,0,0
неспакой,1,1,0,1,0,1,0,1,0,0
трывожны,0,1,0,1,0,1,0,0,0,0
аорта,0,0,0,0,0,0,0,0,0,0
хутка,0,0,0,0,0,0,0,0,0,0
апач,0,0,0,1,0,1,0,0,0,0
кватэра,0,0,0,0,0,0,0,0,0,0
апатычны,0,0,0,0,0,1,0,1,0,0
апатыя,0,0,0,0,0,1,0,1,0,0
малпа,0,0,0,0,0,0,0,0,0,0
дыяфрагма,0,0,0,0,0,0,0,0,0,0
вяршыня,0,0,0,0,0,0,0,0,0,0
тля,0,0,1,0,0,1,0,0,0,0
кавалак,0,0,0,0,0,0,0,0,0,0
апломб,0,0,0,0,0,0,1,0,0,0
апакаліптычны,0,0,0,0,0,0,0,0,0,0
апалагетычны,0,0,0,0,0,0,1,0,0,1
апалагет,0,0,0,0,0,0,0,0,0,0
прасіць прабачэння,0,0,0,0,0,0,1,1,0,1
прабачэнні,0,0,0,0,0,0,1,0,0,0
вераадступніцтва,0,0,0,0,0,0,0,0,0,0
вераадступнік,0,0,0,0,0,0,0,0,0,0
апостал,0,0,0,0,0,0,1,0,0,1
апостальскі,0,0,0,0,0,0,0,0,0,1
апостраф,0,0,0,0,0,0,0,0,0,0
жахлівы,0,0,1,1,0,1,0,0,0,0
апарат,0,0,0,0,0,0,0,0,0,0
адзенне,0,0,0,0,0,0,0,0,0,0
мабыць,0,0,0,0,0,0,0,0,0,0
прывід,0,0,0,1,0,0,0,0,1,0
зварот,0,1,0,0,0,0,0,0,0,0
знешні выгляд,0,0,0,0,0,0,0,0,0,0
супакоіць,0,0,0,0,0,0,0,0,0,0
апелянт,0,0,0,0,0,0,0,0,0,0
далучаць,0,0,0,0,0,0,0,0,0,0
прыдатак,0,0,0,0,0,0,0,0,0,0
апендыцыт,0,0,0,1,0,1,0,1,0,0
апендыкс,0,0,0,0,0,0,0,0,0,0
апетыт,0,0,0,0,0,0,0,0,0,0
закуска,0,0,0,0,0,0,0,0,0,0
апладысменты,0,0,0,0,1,0,1,0,1,1
яблык,0,0,0,0,0,0,0,0,0,0
прыбор,0,0,0,0,0,0,0,0,0,0
прыборы,0,0,0,0,0,0,0,0,0,0
дастасавальнасць,0,0,0,0,0,0,0,0,0,0
прыдатныя,0,0,0,0,0,0,0,0,0,0
абітурыент,0,1,0,0,0,0,0,0,0,0
прымяненне,0,0,0,0,0,0,0,0,0,0
ўжываць,0,0,0,0,0,0,0,0,0,0
прызначаць,0,0,0,0,0,0,0,0,0,0
прызначэнне,0,0,0,0,0,0,0,0,0,0
прызначэнняў,0,0,0,0,0,0,0,0,0,0
размеркаваць,0,0,0,0,0,0,0,0,0,0
размеркаванне,0,0,0,0,0,0,0,0,0,0
ацэньваць,0,0,0,0,0,0,0,0,0,0
прыкметны,0,0,0,0,0,0,0,0,0,0
удзячнасць,0,0,0,0,1,0,1,0,0,1
затрымаць,0,0,0,1,0,0,0,0,0,0
асцярога,0,0,0,1,0,1,0,0,0,0
насцярожана,0,1,0,1,0,1,0,0,0,0
вучань,0,0,0,0,0,0,0,0,0,1
вучнёўства,0,0,0,0,0,0,0,0,0,0
падыход,0,0,0,0,0,0,0,0,0,0
набліжаецца,0,1,0,0,0,0,0,0,0,0
апрабацыя,0,0,0,0,0,0,1,0,0,1
прысваенне,0,0,0,0,0,1,0,0,0,0
зацвярджэнне,0,0,0,0,0,0,1,0,0,0
зацвердзіць,0,0,0,0,1,0,1,0,0,1
ухваляючы,0,0,0,0,0,0,1,0,0,0
прыблізны,0,0,0,0,0,0,0,0,0,0
прыкладна,0,0,0,0,0,0,0,0,0,0
апраксімацыйны,0,0,0,0,0,0,0,0,0,0
набліжэнне,0,0,0,0,0,0,0,0,0,0
прыналежнасці,0,0,0,0,0,0,0,0,0,0
фартух,0,0,0,0,0,0,0,0,0,0
трапны,0,0,0,0,0,0,1,0,0,0
здольнасць,0,0,0,0,0,0,1,0,0,0
аква,0,0,0,0,0,0,0,0,0,0
аквамарын,0,0,0,0,0,0,0,0,0,0
акварыум,0,0,0,0,0,0,0,0,0,0
водны,0,0,0,0,0,0,0,0,0,0
акведук,0,0,0,0,0,0,0,0,0,0
водны,0,0,0,0,0,0,0,0,0,0
ворныя,0,0,0,0,0,0,0,0,0,0
арбітр,0,0,0,0,0,0,0,0,0,1
арбітраж,0,0,0,0,0,0,0,0,0,0
арбітраж,0,1,0,0,0,0,0,0,0,0
арбітр,0,0,0,0,0,0,0,0,0,1
альтанка,0,0,0,0,0,0,0,0,0,0
дуга,0,0,0,0,0,0,0,0,0,0
аркада,0,0,0,0,0,0,0,0,0,0
арх,0,0,0,0,0,0,0,0,0,0
археалагічныя,0,0,0,0,0,0,0,0,0,0
археолаг,0,0,0,0,0,0,0,0,0,0
археалогіі,0,1,0,0,0,0,1,0,0,0
архаічны,0,0,0,0,0,1,0,0,0,0
арцыбіскуп,0,0,0,0,0,0,0,0,0,0
арачныя,0,0,0,0,0,0,0,0,0,0
лучнік,0,0,0,0,0,0,0,0,0,0
стральба з лука,0,0,0,0,0,0,0,0,0,0
архетып,0,0,0,0,0,0,0,0,0,0
архіпелаг,0,0,0,0,0,0,0,0,0,0
архітэктар,0,0,0,0,0,0,0,0,0,0
архітэктуры,0,0,0,0,0,0,0,0,0,1
архіў,0,0,0,0,0,0,0,0,0,0
арктычны,0,0,0,0,0,0,0,0,0,0
палкі,0,1,0,0,1,0,1,0,0,0
палкасць,0,0,0,0,0,0,1,0,0,0
цяжкі,0,0,0,0,0,1,0,0,0,0
вобласці,0,0,0,0,0,0,0,0,0,0
арэна,0,0,0,0,0,0,0,0,0,0
Ареола,0,0,0,0,0,0,0,0,0,0
срэбны,0,0,0,0,0,0,0,0,0,0
спрачацца,1,0,0,0,0,1,0,0,0,0
аргумент,1,0,0,0,0,1,0,0,0,0
аргументацыя,1,0,0,0,0,0,0,0,0,0
аргументаваны,0,0,0,0,0,1,0,0,0,0
аргументы,1,0,0,0,0,0,0,0,0,0
засушлівы,0,0,0,0,0,1,0,1,0,0
арыстакратыя,0,0,0,0,0,0,1,0,0,0
арыстакрат,0,0,0,0,0,0,0,0,0,0
арыстакратычны,0,0,0,0,0,0,1,0,0,0
арыфметыка,0,0,0,0,0,0,0,0,0,0
каўчэг,0,0,0,0,0,0,0,0,0,0
рука,0,0,0,0,0,0,0,0,0,0
армада,0,0,0,0,0,0,0,0,0,0
ўзбраенне,1,0,0,1,0,0,0,0,0,0
ўзбраенне,0,0,0,1,0,1,0,0,0,0
арматура,0,0,0,0,0,0,0,0,0,0
узброены,1,0,0,1,0,1,1,0,0,0
браня,0,0,0,1,0,0,1,0,0,1
браніраваны,0,0,0,1,0,0,0,0,0,0
зброевы склад,0,0,0,0,0,0,0,0,0,1
зброі,0,0,0,0,0,0,0,0,0,0
войска,0,0,0,0,0,0,0,0,0,0
водар,0,0,0,0,0,0,1,0,0,0
ўзбуджэнне,0,0,0,0,0,0,0,0,0,0
абудзіць,0,1,0,0,0,0,1,0,0,0
абвінавачанне,1,0,0,1,0,1,0,1,0,0
арганізаваць,0,0,0,0,0,0,0,0,0,0
арганізаваны,0,0,0,0,0,0,0,0,0,0
размяшчэнне,0,0,0,0,0,0,0,0,0,0
масіў,0,0,0,0,0,0,1,0,0,0
запазычанасці,0,0,0,0,0,1,0,0,0,0
арышт,0,0,0,0,0,1,0,0,0,0
прыезд,0,1,0,0,0,0,0,0,0,0
прыбыць,0,1,0,0,0,0,0,0,0,0
ганарыстасць,0,0,0,0,0,1,0,0,0,0
пыхлівы,1,0,1,0,0,1,0,0,0,0
стрэлка,0,0,0,0,0,0,0,0,0,0
арсенал,0,0,0,0,0,0,0,0,0,0
мыш'як,0,0,1,1,0,1,0,1,0,0
падпал,1,0,0,1,0,1,0,0,0,0
арт,0,1,0,0,1,0,1,1,1,0
артэрыя,0,0,0,0,0,0,0,0,0,0
хітры,0,0,0,0,0,0,0,0,0,0
членістаногія,0,0,0,0,0,0,0,0,0,0
тапінамбур,0,0,0,0,0,0,0,0,0,0
артыкул,0,0,0,0,0,0,0,0,0,0
артыкулы,0,0,0,0,0,0,0,0,0,0
артыкуляваць,0,0,0,0,0,0,1,0,0,0
артыкуляцыя,0,0,0,0,0,0,1,0,0,0
штучнасць,0,0,0,0,0,0,0,0,0,0
артылерыя,0,0,0,1,0,1,0,0,0,0
рамеснік,0,0,0,0,0,0,1,0,0,0
мастак,0,0,0,0,0,0,0,0,0,0
артыстка,0,0,0,0,0,0,1,0,0,0
мастацкі,0,0,0,0,0,0,1,0,0,0
артысты,0,0,0,0,0,0,0,0,0,0
узысці,0,0,0,0,0,0,0,0,0,0
панаванне,0,0,0,0,0,0,1,0,0,0
ушэсце,0,0,0,0,0,0,0,0,0,0
ўзыходжанне,0,0,0,0,0,0,1,0,0,0
канстатаваць,0,0,0,0,0,0,0,0,0,0
канстатаваны,0,0,0,0,0,0,0,0,0,0
аскетычны,0,0,0,0,0,0,0,0,0,0
попел,0,0,0,0,0,1,0,0,0,0
сорамна,0,0,1,0,0,1,0,1,0,0
попел,0,0,0,0,0,1,0,1,0,0
спіць,0,0,0,0,0,0,0,0,0,0
асп,0,0,0,1,0,0,0,0,0,0
аспартам,0,0,0,0,0,0,0,0,0,0
аспект,0,0,0,0,0,0,0,0,0,0
аспекты,0,0,0,0,0,0,0,0,0,0
асфальт,0,0,0,0,0,0,0,0,0,0
імкненне,0,1,0,0,1,0,1,0,1,1
імкнуцца,0,1,0,0,1,0,1,0,0,0
які імкнецца,0,1,0,0,1,0,1,0,0,1
азадак,0,0,0,0,0,1,0,0,0,0
нападаць,1,0,0,1,0,1,0,0,1,0
нападнік,1,0,0,1,0,1,0,1,0,0
забойца,1,0,0,1,0,1,0,1,0,0
забіць,1,0,0,1,0,1,0,0,0,0
забойства,1,0,0,1,0,1,0,1,0,0
штурм,1,0,0,1,0,1,0,0,0,0
аналіз,0,0,0,0,0,0,0,0,0,0
зборка,0,0,0,0,0,0,0,0,0,0
сабраць,0,0,0,0,0,0,0,0,0,0
сабраны,0,0,0,0,0,0,0,0,0,0
зборка,0,0,0,0,0,0,1,0,0,1
згода,0,0,0,0,0,0,1,0,0,0
сцвярджаць,0,0,0,0,0,0,0,0,0,0
сцвярджаючы,0,0,0,0,0,0,1,0,0,1
зацвярджэнне,0,0,0,0,0,0,0,0,0,0
ацэньваць,0,0,0,0,0,0,0,0,0,0
ацэнка,0,0,0,0,0,0,0,0,1,1
засядацель,0,0,0,0,0,0,0,0,0,1
актывы,0,0,0,0,0,0,1,0,0,0
мудак,1,0,1,0,0,1,0,0,0,0
прызначаць,0,0,0,0,0,0,0,0,0,0
праванаступнік,0,0,0,0,0,0,0,0,0,1
прызначэнне,0,0,0,0,0,0,0,0,0,0
асіміляваць,0,0,0,0,0,0,0,0,0,0
асіміляцыя,0,0,0,0,0,0,0,0,0,0
дапамагаць,0,0,0,0,0,0,1,0,0,1
дапамогу,0,0,0,0,0,0,1,0,0,0
памочнік,0,0,0,0,0,0,0,0,0,0
паплечнік,0,0,0,0,0,0,1,0,0,1
асацыяцыі,0,0,0,0,0,0,0,0,0,1
асарці,0,0,0,0,0,0,0,0,0,0
асартымент,0,0,0,0,0,0,0,0,0,0
супакоіць,0,0,0,0,0,0,1,0,0,0
Мяркуецца,0,0,0,0,0,0,0,0,0,0
мяркуючы,0,0,0,0,0,0,0,0,0,0
здагадка,0,0,0,0,0,0,0,0,0,0
запэўніванне,0,0,0,0,0,0,1,0,0,1
запэўніць,0,0,0,0,0,0,0,0,0,1
запэўніў,0,0,0,0,0,0,1,0,0,1
напэўна,0,0,0,0,0,0,0,0,0,1
зорачка,0,0,0,0,0,0,0,0,0,0
астэроіды,0,0,0,0,0,0,0,0,0,0
астыгматызм,0,0,0,0,0,0,0,0,0,0
ашаламляльна,0,0,0,0,0,0,1,0,1,0
здзіўленне,0,0,0,0,1,0,1,0,1,0
астральны,0,0,0,0,0,0,0,0,0,0
заблудзіўся,0,0,0,1,0,1,0,0,0,0
звязальны,0,0,0,0,0,1,0,0,0,0
астролаг,0,1,0,0,0,0,1,0,0,0
астралогія,0,0,0,0,0,0,0,0,0,0
касманаўт,0,0,0,0,0,0,1,0,0,0
астраном,0,1,0,0,0,0,1,0,0,0
астраноміі,0,0,0,0,0,0,0,0,0,0
праніклівы,0,0,0,0,0,0,1,0,0,0
раз'яднаць,0,0,0,0,0,0,0,0,0,0
прытулак,0,0,0,1,0,1,0,0,0,0
асіметрычны,0,0,0,0,0,0,0,0,0,0
асіметрыя,0,0,1,0,0,0,0,0,0,0
асімптатычны,0,0,0,0,0,0,0,0,0,0
атэлье,0,0,0,0,0,0,0,0,0,0
атэізм,0,0,0,0,0,1,0,0,0,0
атэістычны,0,0,0,0,0,0,0,0,0,0
атэрасклероз,0,0,0,1,0,1,0,1,0,0
спартсмен,0,0,0,0,0,0,1,0,0,0
спартыўны,0,0,0,0,0,0,1,0,0,0
атлетызм,0,0,0,0,0,0,0,0,0,0
лёгкая атлетыка,0,0,0,0,0,0,0,0,0,0
атлас,0,0,0,0,0,0,0,0,0,0
атмасфера,0,0,0,0,0,0,0,0,0,0
атмасферны,0,0,0,0,0,0,0,0,0,0
атол,0,0,0,0,0,0,0,0,0,0
атам,0,0,0,0,0,0,1,0,0,0
атамны,0,0,0,0,0,0,0,0,0,0
загладзіць,0,1,0,0,1,0,1,0,0,1
адкупленне,0,0,0,0,0,0,1,0,0,0
атрыум,0,0,0,0,0,0,0,0,0,0
зверскі,1,0,1,0,0,1,0,0,0,0
зверства,1,0,1,1,0,1,0,1,0,0
атрафія,0,0,1,1,0,1,0,1,0,0
прымацаваць,0,0,0,0,0,0,0,0,0,0
прымацаванне,0,0,0,0,0,0,1,0,0,0
атака,1,0,0,1,0,1,0,0,0,0
атакуючы,1,0,1,1,0,1,0,1,1,0
дасягнуць,0,0,0,0,0,0,0,0,0,0
дасягальны,0,1,0,0,0,0,1,0,0,0
дасягненне,0,0,0,0,0,0,1,0,0,0
спроба,0,1,0,0,0,0,0,0,0,0
наведвальнасць,0,1,0,0,0,0,0,0,0,0
суправаджальнік,0,0,0,0,0,0,1,0,0,1
ўвагу,0,0,0,0,0,0,1,0,0,0
уважлівы,0,0,0,0,0,0,1,0,0,1
аслабляць,0,0,0,0,0,0,0,0,0,0
аслаблены,0,0,0,0,0,1,0,0,0,0
паслабленне,0,0,0,0,0,1,0,1,0,0
засведчыць,0,0,0,0,0,0,1,0,0,1
атэстацыя,0,0,0,0,0,0,0,0,0,1
гарышча,0,0,0,0,0,0,0,0,0,0
адзенне,0,0,0,0,0,0,0,0,0,0
стаўленне,0,0,0,0,0,0,0,0,0,0
адвакат,1,0,0,1,0,0,1,0,0,1
атракцыён,0,0,0,0,0,0,1,0,0,0
прывабнасць,0,0,0,0,0,0,1,0,0,0
прыпісваецца,0,0,0,0,0,0,0,0,0,0
атрыбут,0,0,0,0,0,0,0,0,0,0
атрыбуцыя,0,0,0,0,0,0,0,0,0,0
знясіленне,0,0,0,0,0,0,0,0,0,0
карычневы,0,0,0,0,0,0,0,0,0,0
аўкцыён,0,1,0,0,0,0,0,0,0,0
аўкцыяніст,0,0,0,0,0,0,0,0,0,0
дзёрзкі,0,0,0,0,0,0,0,0,0,0
дзёрзкасць,0,0,0,0,0,1,0,0,0,0
чутны,0,0,0,0,0,0,0,0,0,0
аўдыторыя,0,1,0,0,0,0,0,0,0,0
аўдыт,0,0,0,0,0,0,0,0,0,0
праслухоўванне,0,0,0,0,0,0,0,0,0,0
рэвізор,0,0,0,1,0,0,0,0,0,1
глядзельная зала,0,0,0,0,0,0,0,0,0,0
слыхавы,0,0,0,0,0,0,0,0,0,0
нічога,0,0,0,0,0,0,0,0,0,0
павялічыць,0,0,0,0,0,0,1,0,0,0
павелічэнне,0,0,0,0,0,0,0,0,0,0
жнівень,0,0,0,0,0,0,1,0,0,0
цётка,0,0,0,0,0,0,1,0,0,1
аўра,0,0,0,0,0,0,1,0,0,0
палярнае ззянне,0,0,0,0,0,0,0,0,0,0
эгідай,0,0,0,0,0,0,0,0,0,0
спрыяльны,0,1,0,0,1,0,1,0,0,0
строгі,0,0,0,1,0,1,0,1,0,0
строгасць,0,0,0,0,0,1,0,0,0,0
аўтэнтычны,0,0,0,0,1,0,1,0,0,1
аўтэнтыфікаваць,0,0,0,0,0,0,0,0,0,1
аўтэнтыфікацыя,0,0,0,0,0,0,0,0,0,1
сапраўднасць,0,0,0,0,0,0,1,0,0,1
аўтар,0,0,0,0,0,0,1,0,0,1
аўтарытэтны,0,0,0,0,0,0,1,0,0,1
аўтарытэт,0,0,0,0,0,0,1,0,0,1
аўтарызацыя,0,0,0,0,0,0,1,0,0,1
аўтарызаваць,0,0,0,0,0,0,0,0,0,1
упаўнаважаны,0,0,0,0,0,0,1,0,0,0
аўтарства,0,0,0,0,0,0,0,0,0,0
аўто,0,0,0,0,0,0,0,0,0,0
аўтабіяграфія,0,0,0,0,0,0,0,0,0,0
самадзяржаўны,0,0,0,0,0,1,0,0,0,0
аўтограф,0,0,0,0,0,0,0,0,0,0
аўтаматычны,0,0,0,0,0,0,0,0,0,1
аўтамабільны,0,0,0,0,0,0,0,0,0,0
аўтаномія,0,0,0,0,0,0,0,0,0,0
выкрыццё,0,0,1,1,0,1,0,1,0,0
восеньскі,0,0,0,0,0,0,0,0,0,0
дапаможны,0,0,0,0,0,0,0,0,0,0
карысць,0,0,0,0,0,0,0,0,0,0
лавіна,0,0,0,1,0,1,0,1,1,0
скупасць,1,0,1,0,0,1,0,0,0,0
аватар,0,0,0,0,0,0,1,0,0,0
мсціўца,1,0,0,0,0,1,0,0,0,0
праспект,0,0,0,0,0,0,0,0,0,0
спр,0,0,0,0,0,0,0,0,0,0
сярэдні,0,0,0,0,0,0,0,0,0,0
непрыязны,1,0,1,1,0,1,0,0,0,0
агіда,1,0,1,1,0,1,0,0,0,0
адвесці,0,0,0,0,0,0,0,0,0,0
вальер,0,0,0,0,0,0,0,0,0,0
авіяцыі,0,0,0,0,0,0,0,0,0,0
лётчык,0,0,0,0,0,0,0,0,0,0
заўзяты,0,0,0,0,0,0,0,0,0,0
авакада,0,0,0,0,0,0,0,0,0,0
пазбягаць,0,0,0,1,0,1,0,0,0,0
пазбяганне,0,0,0,1,0,1,0,0,0,0
пазбягаючы,0,0,0,1,0,0,0,0,0,0
чакаць,0,1,0,0,0,0,0,0,0,0
прачнуцца,0,0,0,0,0,0,0,0,0,0
абудзіць,0,0,0,0,0,0,0,0,0,0
прэмія,0,1,0,0,1,0,1,0,1,1
трапятанне,0,0,0,0,0,0,0,0,0,0
жудасны,1,0,1,1,0,1,0,1,0,0
нязграбнасць,0,0,1,0,0,1,0,0,0,0
тэнт,0,0,0,0,0,0,0,0,0,0
крыўдна,0,0,0,0,0,1,0,0,0,0
восевай,0,0,0,0,0,0,0,0,0,0
аксіёма,0,0,0,0,0,0,0,0,0,1
аксіяматычны,0,0,0,0,0,0,0,0,0,1
вось,0,0,0,0,0,0,0,0,0,0
вось,0,0,0,0,0,0,0,0,0,0
ай,0,0,0,0,0,0,1,0,0,0
так,0,0,0,0,0,0,1,0,0,0
азімут,0,0,0,0,0,0,0,0,0,0
блакітны,0,0,0,0,0,0,0,0,0,0
балбатня,0,0,0,0,0,1,0,0,0,0
балбатня,0,0,0,0,0,1,0,0,0,0
бабуін,0,0,1,0,0,1,0,0,0,0
дзіця,0,0,0,0,1,0,1,0,0,0
няня,0,0,0,0,0,0,0,0,0,1
бакалаўрыяту,0,0,0,0,0,0,1,0,0,0
баккара,0,0,0,0,0,0,0,0,0,0
халасцяк,0,0,0,0,0,0,0,0,0,0
назад,0,0,0,0,0,0,0,0,0,0
хрыбетнік,1,0,0,0,0,0,1,0,0,1
заступнік,0,0,0,0,0,0,0,0,0,1
зваротны эфект,0,0,0,0,0,0,0,0,0,0
нарды,0,0,0,0,0,0,0,0,0,0
фон,0,0,0,0,0,0,0,0,0,0
экскаватар-экскаватар,0,0,0,0,0,0,0,0,0,0
заплечнік,0,0,0,0,0,0,0,0,0,0
адступіць,0,0,0,0,0,0,0,0,0,0
назад,0,0,0,0,0,1,0,0,0,0
назад,0,0,1,0,0,1,0,0,0,0
затон,0,0,0,0,0,1,0,1,0,0
бактэрыі,0,0,1,1,0,1,0,1,0,0
бактэрыя,0,0,1,1,0,1,0,0,0,0
дрэнна,1,0,1,1,0,1,0,1,0,0
значок,0,0,0,0,0,0,0,0,0,1
барсук,1,0,0,0,0,1,0,0,0,0
дрэнна,0,0,0,0,0,1,0,1,0,0
дрэннасць,1,0,1,1,0,1,0,0,0,0
перагародка,0,0,0,0,0,0,0,0,0,0
мяшок,0,0,0,0,0,0,0,0,0,0
багажу,0,0,0,0,0,0,0,0,0,0
мяшкаваты,0,0,0,0,0,0,0,0,0,0
дуды,0,0,0,0,0,0,0,0,0,0
заклад,0,0,0,0,0,0,0,0,0,0
судовы выканаўца,0,0,0,1,0,1,0,0,0,1
прынада,0,0,0,1,0,1,0,0,0,1
выпякаць,0,0,0,0,0,0,0,0,0,0
пякарня,0,0,0,0,0,0,0,0,0,0
выпечка,0,0,0,0,0,0,0,0,0,0
бал,0,0,0,0,0,0,0,0,0,0
баланс,0,0,0,0,0,0,1,0,0,0
збалансаваны,0,0,0,0,0,0,1,0,0,0
балкон,0,0,0,0,0,0,0,0,0,0
лысы,0,0,0,0,0,0,0,0,0,0
цюк,0,0,0,1,0,1,0,0,0,0
балк,0,0,0,0,0,1,0,0,0,0
мяч,0,0,0,0,0,0,0,0,0,0
балада,0,0,0,0,0,0,1,0,0,0
баласт,0,0,0,0,0,0,0,0,0,0
балет,0,0,0,0,0,0,1,0,0,0
паветраны шар,0,0,0,0,0,0,0,0,0,0
галасаванне,0,1,0,0,0,0,1,0,0,1
бальная зала,0,0,0,0,0,0,0,0,0,0
бальзам,0,1,0,0,1,1,1,0,0,0
духмяны,0,0,0,0,0,0,0,0,0,0
бальзам,0,0,0,0,0,0,1,0,0,0
бальзамічны,0,0,0,0,0,0,0,0,0,0
забарона,0,0,0,0,0,1,0,0,0,0
банан,0,0,0,0,0,0,0,0,0,0
група,0,0,0,0,0,0,0,0,0,0
павязка,0,0,0,0,0,0,0,0,0,0
бандыт,0,0,0,0,0,1,0,0,0,0
падножка,0,0,0,0,0,0,0,0,0,0
праклён,1,0,1,1,0,1,0,0,0,0
выбух,1,0,1,1,0,1,0,1,1,0
трасянка,1,1,0,1,0,1,0,0,1,0
выгнаць,1,0,1,1,0,1,0,1,0,0
выгнаны,1,0,0,1,0,1,0,1,0,0
выгнанне,1,0,1,0,0,1,0,1,0,0
банджа,0,0,0,0,0,0,0,0,0,0
банк,0,0,0,0,0,0,0,0,0,1
банкір,0,0,0,0,0,0,0,0,0,1
банкрут,0,0,0,1,0,1,0,1,0,0
банкруцтва,1,0,1,1,0,1,0,1,0,0
банэр,0,0,0,0,0,0,0,0,0,0
бяседа,0,1,0,0,1,0,1,0,0,0
баншы,1,0,1,1,0,1,0,1,0,0
сцёб,0,0,0,0,0,0,0,0,0,0
хрышчэнне,0,0,0,0,0,0,1,0,0,0
хрысцільны,0,0,0,0,1,0,1,0,0,0
бар,0,0,0,0,0,0,0,0,0,0
калючка,1,0,0,0,0,1,0,0,0,0
варвар,0,0,0,1,0,1,0,0,0,0
варварскі,1,0,1,1,0,1,0,0,0,0
варварства,0,0,0,0,0,1,0,0,0,0
барбекю,0,0,0,0,0,0,0,0,0,0
калючы,0,0,0,0,0,0,0,0,0,0
бард,0,0,0,0,0,0,1,0,0,0
без сядла,0,0,0,0,0,0,0,0,0,0
басанож,0,0,0,0,0,0,0,0,0,0
ледзьве,0,0,0,0,0,0,0,0,0,0
барф,0,0,1,0,0,0,0,0,0,0
гандлявацца,0,0,0,0,0,0,1,0,0,1
баржа,0,0,0,0,0,0,0,0,0,0
барытон,0,0,0,0,0,0,0,0,0,0
кара,1,0,0,0,0,1,0,0,0,0
хлеў,0,0,0,0,0,0,0,0,0,0
Барні,0,0,0,0,0,0,0,0,0,0
барометр,0,0,0,0,0,0,0,0,0,0
барон,0,0,0,0,0,0,0,0,0,0
барока,0,0,0,0,0,0,0,0,0,0
казарма,0,0,0,0,0,0,0,0,0,0
забаранілі,0,0,0,0,0,1,0,0,0,0
бочка,0,0,0,0,0,0,0,0,0,0
бясплодны,0,0,0,0,0,1,0,1,0,0
барыкада,0,0,0,1,0,1,0,0,0,0
бар'ер,1,0,0,0,0,1,0,0,0,0
забараняючы,0,0,0,0,0,0,0,0,0,0
адвакат,0,0,0,0,0,0,0,0,0,0
курган,0,0,1,0,0,0,0,0,0,0
бармэн,0,0,0,0,0,0,0,0,0,1
бартэр,0,0,0,0,0,0,0,0,0,1
база,0,0,0,0,0,0,0,0,0,1
бейсбол,0,0,0,0,0,0,0,0,0,0
плінтус,0,0,0,0,0,0,0,0,0,0
беспадстаўны,0,0,0,0,0,1,0,0,0,0
склеп,0,0,0,0,0,0,0,0,0,0
базіліка,0,0,0,0,0,0,0,0,0,0
басейн,0,0,0,0,0,0,0,0,0,0
аснова,0,0,0,0,0,0,0,0,0,0
грэцца,0,0,0,0,0,0,0,0,0,0
кошык,0,0,0,0,0,0,0,0,0,0
баскетбол,0,1,0,0,1,0,1,0,0,0
бас,0,0,0,0,0,0,0,0,0,0
бас,0,0,0,0,0,0,0,0,0,0
фагот,0,0,0,0,0,0,0,0,0,0
сволач,0,0,1,0,0,1,0,1,0,0
бастыён,1,0,0,0,0,0,1,0,0,0
кажан,0,0,0,0,0,0,0,0,0,0
партыя,0,0,0,0,0,0,0,0,0,0
дазаванне,0,0,0,0,0,0,0,0,0,0
біць,0,0,0,0,0,0,0,0,0,0
ванна,0,0,0,0,0,0,1,0,0,0
купацца,0,0,0,0,0,0,0,0,0,0
ванная пакой,0,0,0,0,0,0,0,0,0,0
батыметрыя,0,0,0,0,0,0,0,0,0,0
дубінка,0,0,0,0,0,0,0,0,0,0
батальён,1,0,0,0,0,0,0,0,0,0
цеста,1,0,0,1,0,1,0,0,0,0
пабіты,0,0,0,1,0,1,0,1,0,0
батарэя,1,0,0,0,0,1,0,0,0,0
бой,1,0,0,0,0,1,0,0,0,0
змагаўся,1,0,0,1,0,1,0,1,0,0
поле бою,0,0,0,1,0,1,0,0,0,0
паскудны,0,0,0,0,0,1,0,0,0,0
заліў,0,0,0,0,0,0,0,0,0,0
штык,1,0,0,1,0,1,0,0,0,0
байу,0,0,0,0,0,0,0,0,0,0
базар,0,0,0,0,0,0,0,0,0,0
пляж,0,0,0,0,1,0,0,0,0,0
маяк,0,0,0,0,0,0,0,0,0,0
пацерка,0,0,0,0,0,0,0,0,0,0
бісерапляценне,0,0,0,0,0,0,0,0,0,0
бісерам,0,0,0,0,0,0,0,0,0,0
бігль,0,0,0,0,0,0,0,0,0,0
дзюба,0,0,0,0,0,0,0,0,0,0
шклянку,0,0,0,0,0,0,0,0,0,0
прамень,0,0,0,0,1,0,1,0,0,0
ззяючы,0,1,0,0,1,0,1,0,0,0
мядзведзь,1,0,0,1,0,0,0,0,0,0
барада,0,0,0,0,0,0,0,0,0,0
барадаты,0,0,0,0,0,0,0,0,0,0
носьбіт,0,0,0,0,0,1,0,0,0,0
падшыпнік,0,0,0,0,0,0,0,0,0,0
падшыпнікі,0,0,0,0,0,0,0,0,0,0
мядзведжы,1,0,0,1,0,0,0,0,0,0
звер,1,0,0,1,0,1,0,0,0,0
звярыны,0,0,1,1,0,1,0,0,0,0
біць,0,0,0,0,0,0,0,0,0,0
біццё,1,0,0,1,0,1,0,1,0,0
прыгажун,0,0,0,0,0,0,0,0,0,0
добраўпарадкаванне,0,0,0,0,1,0,1,0,0,1
прыгожая,0,0,0,0,1,0,1,0,0,0
упрыгожваць,0,0,0,0,1,0,1,0,0,0
прыгажосць,0,0,0,0,1,0,1,0,0,0
бек,0,0,0,0,0,0,0,0,0,0
вабіць,0,0,0,0,0,0,0,0,0,0
ложак,0,0,0,0,0,0,0,0,0,0
пасцельная бялізна,0,0,0,0,0,0,0,0,0,0
карэнныя пароды,0,0,0,0,0,0,1,0,0,1
спальня,0,0,0,0,0,0,0,0,0,0
перад сном,0,0,0,0,0,0,0,0,0,0
пчала,1,0,0,1,0,0,0,0,0,0
ялавічына,0,0,0,0,0,0,0,0,0,0
вулей,0,0,0,0,0,0,0,0,0,0
піва,0,0,0,0,1,0,1,0,0,0
пчаліны воск,0,0,0,0,0,0,0,0,0,0
жук,0,0,0,0,0,0,0,0,0,0
напаткаць,0,0,0,0,0,1,0,0,0,0
адпаведны,0,0,0,0,0,0,1,0,0,0
пасябраваць,0,0,0,0,1,0,1,0,0,1
пач,0,0,0,0,0,1,0,1,0,0
жабрак,0,0,0,0,0,1,0,1,0,0
жабраваннем,0,0,0,0,0,1,0,0,0,0
пачаць,0,0,0,0,0,0,0,0,0,0
пачатковец,0,0,0,0,0,0,0,0,0,0
пачатак,0,0,0,0,0,0,0,0,0,0
пачалося,0,1,0,0,0,0,0,0,0,0
паводзіны,0,0,0,0,0,0,0,0,0,0
бегемот,0,0,0,1,0,1,0,0,0,0
запавет,0,0,0,0,0,0,0,0,0,0
вось,0,0,0,0,0,0,0,0,0,0
належыць,0,0,0,0,0,1,0,0,0,0
назіральнік,0,0,0,0,0,0,0,0,0,0
запознены,0,0,0,0,0,1,0,0,0,0
страхоўка,0,0,0,0,0,0,0,0,0,0
вера,0,0,0,0,0,0,0,0,0,0
верыў,0,0,0,0,0,0,0,0,0,1
вернік,0,0,0,0,0,0,0,0,0,1
верачы,0,0,0,0,0,0,1,0,0,1
прыніжаць,1,0,1,1,0,1,0,1,0,0
звон,0,0,0,0,0,0,0,0,0,0
ваяўнічы,1,0,0,1,0,1,0,0,0,0
ніжэй,0,0,0,0,0,0,0,0,0,0
мяхі,1,0,0,0,0,0,0,0,0,0
жывот,0,0,0,0,0,0,0,0,0,0
рэчы,0,0,0,0,0,0,0,0,0,0
рэмень,1,0,0,1,0,1,0,0,0,0
збянтэжаны,0,0,0,0,0,0,0,0,0,0
лаўка,0,0,0,0,0,0,0,0,0,0
сагнуць,0,0,0,0,0,0,0,0,0,0
згінальнік,0,0,0,0,0,1,0,0,0,0
выгіб,0,0,0,0,0,0,0,0,0,0
унізе,0,0,0,0,0,0,0,0,0,0
дабрачынца,0,0,0,0,0,0,1,0,0,1
выгадна,0,0,0,0,0,0,1,0,0,0
бенефіцыяр,0,0,0,0,0,0,0,0,0,0
карысць,0,0,0,0,0,0,1,0,0,0
добразычлівасць,0,0,0,0,1,0,1,0,0,1
дабраякасны,0,0,0,0,1,0,1,0,0,0
сагнуты,0,0,0,0,0,0,0,0,0,0
бензол,0,0,0,0,0,0,0,0,0,0
завяшчаць,0,0,0,0,0,0,0,0,0,0
завяшчанне,0,0,0,0,0,0,0,0,0,1
загінуўшых,0,0,0,0,0,1,0,1,0,0
цяжкая страта,0,0,0,0,0,1,0,1,0,0
пазбаўлены,0,0,0,0,0,1,0,0,0,0
бергамот,0,0,0,0,0,0,0,0,0,0
берлін,0,0,0,0,0,0,0,0,0,0
шалёны,1,0,0,0,0,1,0,0,0,0
прычал,0,0,0,0,0,0,1,0,0,0
маліць,0,0,0,0,0,0,0,0,0,0
акружаць,0,0,0,0,0,0,0,0,0,0
звярыны,0,0,1,1,0,1,0,0,0,0
адорваць,0,0,0,0,0,0,0,0,0,0
заклад,0,0,0,0,0,0,0,0,0,0
здрадзіць,1,0,1,0,0,1,0,1,1,0
здрада,1,0,1,0,0,1,0,1,0,0
заручаны,0,1,0,0,1,0,1,0,0,1
паляпшэнне,0,0,0,0,0,0,1,0,0,0
стаўкі,0,0,0,0,0,0,0,0,0,0
Бэці,0,0,0,0,0,0,0,0,0,0
скос,0,0,0,0,0,0,0,0,0,0
напой,0,0,0,0,0,0,1,0,0,0
зграя,0,0,0,0,0,0,0,0,0,0
сцеражыцеся,0,1,0,1,0,1,0,0,0,0
разгублены,0,0,0,1,0,1,0,0,1,0
здзіўленне,0,0,0,1,0,0,0,0,1,0
прадузятасць,1,0,0,0,0,1,0,0,0,0
прадузяты,0,0,0,0,0,1,0,0,0,0
нагруднік,0,0,0,0,0,0,0,0,0,0
біблейскі,0,0,0,0,0,0,1,0,0,0
бібліяграфія,0,0,0,0,0,0,0,0,0,0
сваркі,1,0,1,0,0,1,0,0,0,0
двухколерны,0,0,0,0,0,0,0,0,0,0
ровар,0,0,0,0,0,0,0,0,0,0
стаўка,0,0,0,0,0,0,0,0,0,0
удзельнік таргоў,0,0,0,0,0,0,0,0,0,0
стаўкі,0,0,0,0,0,0,0,0,0,0
двухгадовыя,0,1,0,0,0,0,0,0,0,0
піва,0,0,0,1,0,1,0,1,0,0
раздваенне,0,0,0,0,0,0,0,0,0,0
вялікі,0,0,0,0,0,0,0,0,0,0
фанатызм,1,0,1,1,0,1,0,0,0,0
фанатычны,1,0,1,1,0,1,0,1,0,0
ровар,0,0,0,0,0,0,0,0,0,0
двухбаковы,0,0,0,0,0,0,0,0,0,0
двухслаёвы,0,0,0,0,0,0,0,0,0,0
жоўць,1,0,1,0,0,1,0,0,0,0
трюмная,0,0,0,0,0,0,0,0,0,0
двухмоўны,0,0,0,0,0,0,1,0,0,0
рахунак,0,0,0,0,0,0,0,0,0,0
нарыхтоўка,0,0,0,0,0,0,0,0,0,0
більярд,0,0,0,0,0,0,0,0,0,0
мільярд,0,0,0,0,0,0,0,0,0,0
Білі,0,0,0,0,0,0,0,0,0,0
раз у два месяцы,0,0,0,0,0,0,0,0,0,0
бункер,0,0,0,0,0,0,0,0,0,0
двайковы,0,0,0,0,0,0,0,0,0,0
звязаць,0,0,0,0,0,0,0,0,0,0
пераплётныя вырабы,0,0,0,0,0,0,0,0,0,0
пераплёт,0,0,0,0,0,0,0,0,0,0
Бінг,0,0,0,0,0,0,0,0,0,0
бінакулярны,0,0,0,0,0,0,0,0,0,0
бінокль,0,0,0,0,0,0,0,0,0,0
біном,0,0,0,0,0,0,0,0,0,0
біягенезу,0,0,0,0,0,0,0,0,0,0
біёграф,0,0,0,0,0,0,0,0,0,0
біяграфія,0,0,0,0,0,0,0,0,0,0
біялогіі,0,0,0,0,0,0,0,0,0,0
біяпсія,0,0,0,1,0,1,0,0,0,0
біясферы,0,0,0,0,0,0,0,0,0,0
двухдольны,0,0,0,0,0,0,0,0,0,0
бяроза,1,0,1,1,0,1,0,0,0,0
птушка,0,0,0,0,0,0,0,0,0,0
нараджэнне,0,1,0,1,1,0,1,0,0,1
дзень нараджэння,0,1,0,0,1,0,1,0,1,0
месца нараджэння,1,0,0,0,0,1,0,0,0,0
права нараджэння,0,0,0,0,0,0,0,0,0,0
біс,0,0,0,0,0,0,0,0,0,0
біскуп,0,0,0,0,0,0,0,0,0,0
зубры,0,0,0,0,0,0,0,0,0,0
трохі,0,0,0,0,0,0,0,0,0,0
сука,1,0,1,1,0,1,0,1,0,0
ўкус,0,0,0,0,0,1,0,0,0,0
горка,1,0,1,0,0,1,0,1,0,0
горыч,1,0,1,0,0,1,0,1,0,0
бітум,0,0,0,0,0,0,0,0,0,0
раз у два тыдні,0,0,0,0,0,0,0,0,0,0
мудрагелісты,0,0,0,0,0,1,0,0,1,0
чарнаплодная рабіна,0,0,0,0,0,0,0,0,0,0
дошка,0,0,0,0,0,0,0,0,0,0
блэкджек,0,0,0,0,0,1,0,0,0,0
шантажаваць,1,0,0,1,0,1,0,0,0,0
чарната,0,0,0,1,0,1,0,1,0,0
каваль,0,0,0,0,0,0,0,0,0,0
мачавы пузыр,0,0,0,0,0,0,0,0,0,0
лязо,0,0,0,0,0,0,0,0,0,0
вінаваціць,1,0,1,0,0,1,0,0,0,0
беззаганны,0,0,0,0,0,0,1,0,0,0
мяккі,0,0,0,0,0,1,0,0,0,0
пусты,0,0,0,0,0,0,0,0,0,0
коўдру,0,0,0,0,0,0,0,0,0,1
блюзнерскі,1,0,1,0,0,1,0,0,0,0
блюзнерства,1,0,0,0,0,1,0,0,0,0
выбух,1,0,0,1,0,1,0,0,1,0
абуральны,1,0,1,0,0,1,0,0,0,0
балбатаць,0,0,0,0,0,1,0,0,0,0
полымя,1,0,0,0,0,1,0,0,0,0
палаючы,0,0,0,0,0,0,0,0,0,0
адбельвальнік,0,0,0,0,0,0,0,0,0,0
змрочны,0,0,0,0,0,1,0,1,0,0
крывацёк,0,0,1,1,0,1,0,1,0,0
загана,1,0,1,1,0,1,0,1,0,0
сумесь,0,0,0,0,0,0,0,0,0,0
змешванне,0,0,0,0,0,0,0,0,0,0
дабраславіць,0,1,0,0,1,0,1,0,0,1
блаславёны,0,0,0,0,1,0,1,0,0,0
дабраславеньне,0,1,0,0,1,0,1,0,0,1
дабраславеньні,0,1,0,0,1,0,1,0,1,1
параза,0,0,1,1,0,1,0,1,0,0
сапсаваны,0,0,1,0,0,1,0,1,0,0
аслеплены,0,0,0,0,0,1,0,0,0,0
завязаць вочы,0,1,0,1,0,0,0,0,1,0
з завязанымі вачыма,0,0,0,0,0,0,0,0,0,0
усляпую,0,0,0,0,0,1,0,1,0,0
слепата,0,0,0,0,0,1,0,1,0,0
міргаць,0,0,0,0,0,0,0,0,0,0
асалода,0,0,0,0,1,0,1,0,0,0
блажэнны,0,0,0,0,1,0,1,0,0,0
пухір,0,0,1,0,0,1,0,0,0,0
бліц,0,0,0,0,0,0,0,0,1,0
мяцеліца,0,0,0,0,0,0,0,0,0,0
надзьмуты,0,0,1,0,0,1,0,0,0,0
кропля,0,0,1,1,0,1,0,0,0,0
блок,0,0,0,0,0,0,0,0,0,0
блакада,1,0,0,1,0,1,0,1,0,0
бялявы,0,0,0,0,0,0,0,0,0,0
кроў,0,0,0,0,0,0,0,0,0,0
бладхаунд,0,0,0,0,0,0,0,0,0,0
бяскроўны,0,0,0,0,0,0,1,0,0,0
кровапраліцце,1,0,1,1,0,1,0,1,1,0
крыважэрны,1,0,1,1,0,1,0,0,0,0
крывавы,1,0,1,1,0,1,0,1,0,0
красаваць,0,1,0,0,1,0,1,0,0,1
квітнець,0,0,0,0,1,0,1,0,0,0
клякса,0,0,0,0,0,1,0,0,0,0
блузка,0,0,0,0,0,0,0,0,0,0
паветранадзімалка,0,0,0,0,0,1,0,0,0,0
выдзіманне,0,0,0,0,0,0,0,0,0,0
падарваны,0,0,0,0,0,0,0,0,0,0
выдзіманне,0,0,0,0,0,1,0,0,0,0
блакітны,0,0,0,0,0,0,0,1,0,0
блюз,0,0,0,1,0,1,0,1,0,0
блефаваць,0,0,0,0,0,1,0,0,0,0
блакітнаваты,0,0,0,0,0,0,0,0,0,0
ляп,0,0,1,0,0,1,0,1,0,0
тупы,0,0,0,0,0,0,0,0,0,0
размытасць,0,0,0,0,0,1,0,0,0,0
размытыя,0,0,0,0,0,1,0,0,0,0
румяны,0,0,0,0,0,1,0,0,0,0
чырванець,0,0,0,0,0,0,0,0,0,0
боа,0,0,0,0,0,0,0,0,0,0
кабан,0,0,0,0,0,0,0,0,0,0
дошка,0,1,0,0,0,0,0,0,0,0
бортнік,0,0,0,0,0,0,0,0,0,0
інтэрнат,0,0,0,0,0,0,0,0,0,0
дошкі,0,0,0,0,0,0,0,0,0,0
хваліцца,0,0,0,0,0,1,1,0,0,0
хвальба,0,0,0,0,0,1,0,0,0,0
лодка,0,0,0,0,0,0,0,0,0,0
катанне на лодках,0,0,0,0,0,0,0,0,0,0
бабіна,0,0,0,0,0,0,0,0,0,0
абяцанне,0,0,0,0,0,0,0,0,0,0
ліф,0,0,0,0,0,0,0,0,0,0
цялесныя,0,0,0,0,0,0,0,0,0,0
цела,0,0,0,0,0,0,0,0,0,0
целаахоўнік,0,0,0,0,0,0,1,0,0,1
балота,0,0,0,0,0,1,0,0,0,0
фальшывы,1,0,1,0,0,1,0,0,0,0
кіпяціць,0,0,1,0,0,1,0,0,0,0
кацёл,0,0,0,0,0,0,0,0,0,0
шаблонны,0,0,0,0,0,1,0,0,0,0
кіпячэнне,0,0,0,0,0,0,0,0,0,0
бурлівы,1,1,0,0,1,1,1,0,0,0
смелы,0,0,0,0,0,0,1,0,0,0
смеласць,0,0,0,0,0,0,1,0,0,0
падмацаваць,0,0,0,0,0,0,1,0,0,0
ніт,0,0,0,0,0,0,0,0,0,0
болюс,0,0,0,0,0,0,0,0,0,0
бомба,1,0,0,1,0,1,0,1,1,0
бамбіць,1,0,0,1,0,1,0,0,0,0
бамбардзіроўка,1,0,0,1,0,1,0,0,0,0
разбамбілі,0,0,1,0,0,1,0,0,0,0
бамбавік,0,0,0,1,0,0,0,1,0,0
залатое дно,0,0,0,0,1,0,1,0,0,0
сувязь,0,0,0,0,0,0,0,0,0,0
няволя,0,0,0,1,0,1,0,1,0,0
аблігацыі,0,0,0,0,0,1,0,0,0,0
костка,0,0,0,0,0,0,0,0,0,0
костак,0,0,0,0,0,0,0,0,0,0
косці,0,0,0,0,0,0,0,0,0,0
вогнішча,0,0,0,0,0,0,0,0,0,0
Бона,0,0,0,0,0,0,1,0,0,0
капот,0,0,0,0,0,0,0,0,0,0
бонус,0,1,0,0,1,0,1,0,1,0
касцяны,0,0,0,0,0,0,0,0,0,0
бу,0,0,0,0,0,1,0,0,0,0
сіська,0,0,0,0,0,0,0,0,0,0
міна,0,0,0,0,0,1,0,0,0,0
кніга,0,0,0,0,0,0,0,0,0,0
кніжная шафа,0,0,0,0,0,0,0,0,0,0
браніраванне,0,0,0,0,0,0,0,0,0,0
кніжны,0,0,0,0,0,0,1,0,0,0
бухгалтар,0,0,0,0,0,0,0,0,0,0
бухгалтэрыя,0,0,0,0,0,0,0,0,0,0
буклет,0,0,0,0,0,0,0,0,0,0
кнігі,0,0,0,0,0,0,0,0,0,0
кнігагандляр,0,0,0,0,0,0,0,0,0,0
кнігарня,0,0,0,0,0,0,1,0,0,0
кнігарня,0,0,0,0,0,0,0,0,0,0
кніжны чарвяк,0,0,0,0,0,1,1,0,0,0
бумеранг,0,1,0,0,0,0,0,0,0,1
бум,0,0,0,0,0,0,0,0,0,0
дабро,0,0,0,0,0,0,1,0,0,0
павысіць,0,0,0,0,0,0,0,0,0,0
паскаральнік,0,0,0,0,0,0,0,0,0,0
загрузкі,0,0,0,0,0,0,0,0,0,0
будка,0,0,0,0,0,0,0,0,0,0
боты,0,0,0,0,0,0,0,0,0,0
здабыча,0,0,0,0,0,0,0,0,0,0
выпіўка,0,0,0,0,0,1,0,0,0,0
мяжы,0,0,0,0,0,0,0,0,0,0
аблямаваныя,0,0,0,0,0,0,0,0,0,0
свідраваць,0,0,0,0,0,1,0,0,0,0
барэальны,0,0,0,0,0,0,0,0,0,0
нуда,0,0,0,0,0,1,0,1,0,0
свідра,0,0,0,0,0,0,0,0,0,0
сумна,0,0,0,0,0,1,0,0,0,0
раён,0,0,0,0,0,0,0,0,0,0
пазычаць,0,0,0,0,0,0,0,0,0,0
пазычальнік,0,0,0,0,0,1,0,0,0,0
пазуха,0,0,0,0,0,0,0,0,0,0
бос,0,0,0,0,0,0,0,0,0,0
Бостан,0,0,0,0,0,0,0,0,0,0
батанічны,0,0,0,0,0,0,0,0,0,0
батанік,0,0,0,0,0,0,0,0,0,0
батанікі,0,0,0,0,0,0,0,0,0,0
турбаваць,0,0,0,0,0,1,0,0,0,0
дакучаць,1,0,0,0,0,1,0,1,0,0
бутэлька,0,0,0,0,0,0,0,0,0,0
дно,0,0,0,0,0,1,0,1,0,0
бяздонны,0,0,0,1,0,0,0,0,0,0
валун,0,0,0,0,0,0,0,0,0,0
падскокваць,0,0,0,0,0,0,0,0,0,0
звязаны,0,0,0,0,0,1,0,0,0,0
мяжа,0,0,0,0,0,0,0,0,0,0
бязмежны,0,0,0,0,0,0,0,0,0,0
межы,0,0,0,0,0,0,0,0,0,0
шчодры,0,1,0,0,1,0,1,0,0,0
шчодрасці,0,1,0,0,1,0,1,0,0,1
букет,0,0,0,0,1,0,1,0,0,1
буржуазны,0,0,0,0,0,0,0,0,0,0
буржуазіі,0,0,0,0,0,0,0,0,0,0
біржа,0,0,0,0,0,0,0,0,0,0
бой,1,0,0,0,0,1,0,0,0,0
бычыны,0,0,1,0,0,1,0,0,0,0
пакланіўся,0,0,0,0,0,0,0,0,0,0
вантробы,0,0,1,0,0,0,0,0,0,0
міска,0,0,0,0,0,0,0,0,0,0
чары,0,0,0,0,0,0,0,0,0,0
скрынка,0,0,0,0,0,0,0,0,0,0
баксёр,0,0,0,0,0,0,0,0,0,0
бокс,1,0,0,0,0,0,0,0,0,0
байкот,0,0,0,0,0,1,0,0,0,0
дзяцінства,0,0,0,0,0,0,0,0,0,0
хлапечы,0,0,0,0,0,0,0,0,0,0
дужка,0,0,0,0,0,0,0,0,0,0
бранзалет,0,0,0,0,0,0,0,0,0,0
брекеты,0,0,0,0,0,0,0,0,0,0
плечавая,0,0,0,0,0,0,0,0,0,0
кранштэйн,0,0,0,0,0,0,0,0,0,0
дужкі,0,0,0,0,0,0,0,0,0,0
саланаватай,0,0,0,0,0,0,0,0,0,0
брэд,0,0,0,0,0,0,0,0,0,0
хваліцца,0,0,0,0,0,1,0,0,0,0
каса,0,0,0,0,0,0,0,0,0,0
мозг,0,0,0,0,0,0,0,0,0,0
мазгі,0,0,0,0,0,0,1,0,0,0
мазгавы штурм,0,0,0,0,0,0,0,0,0,0
тормаз,0,0,0,0,0,0,0,0,0,0
вотруб'е,0,0,1,0,0,0,0,0,0,0
галіна,0,0,0,0,0,0,0,0,0,0
разгалінаванне,0,0,0,0,0,0,0,0,0,0
брэндзі,0,0,0,0,0,1,0,0,0,0
латунь,0,0,0,0,0,0,0,0,0,0
нахабнік,0,0,0,0,0,0,0,0,0,0
бравада,0,0,0,0,0,1,0,0,0,0
адвага,0,0,0,0,0,0,1,0,0,0
бойка,1,0,1,1,0,1,0,0,0,0
нахабны,1,0,0,0,0,1,0,0,0,0
парушэнне,0,0,0,0,0,1,0,0,0,0
хлеб,0,0,0,0,0,0,0,0,0,0
шырыня,0,0,0,0,0,0,0,0,0,0
перапынак,0,0,0,0,0,0,0,0,1,0
ломкі,0,0,0,0,0,0,0,0,0,0
паломка,0,0,0,0,0,1,0,0,0,0
выключальнік,0,0,0,0,0,0,0,0,0,0
выключальнікі,0,0,0,0,0,0,0,0,0,0
сняданак,0,0,0,0,0,0,1,0,0,0
галавакружны,0,0,0,0,0,1,0,0,0,0
разрыў,0,0,0,0,0,1,0,1,0,0
дыханне,0,0,0,0,0,0,0,0,0,0
казённая частка,0,0,0,0,0,0,0,0,0,0
галіфэ,0,0,0,0,0,0,0,0,0,0
парода,0,0,0,0,0,0,0,0,0,0
селекцыянер,0,0,0,0,0,0,0,0,0,0
развядзенне,0,0,0,0,0,0,0,0,0,0
ветрык,0,0,0,0,0,0,0,0,0,0
ветраны,0,0,0,0,0,0,0,0,0,0
браты,0,0,0,0,0,0,0,0,0,0
брэве,0,0,0,0,0,0,0,0,0,0
лаканічнасць,0,0,0,0,0,0,0,0,0,0
заварыць,0,0,0,0,0,0,0,0,0,0
піваварства,0,0,0,0,0,0,0,0,0,0
хабару,0,0,0,0,0,1,0,0,0,0
хабарніцтва,0,0,1,0,0,1,0,0,0,0
цэгла,0,0,0,0,0,0,0,0,0,0
вясельны,0,1,0,0,1,0,1,0,0,1
нявеста,0,1,0,0,1,0,1,0,0,1
жаніх,0,1,0,0,1,0,1,0,0,1
сяброўка нявесты,0,0,0,0,1,0,1,0,0,1
мост,0,0,0,0,0,0,0,0,0,0
аброць,0,0,0,0,0,0,0,0,0,0
коратка,0,0,0,0,0,0,0,0,0,0
брыг,0,0,0,0,0,0,0,0,0,0
брыгады,0,0,0,1,0,1,0,0,0,0
асвятліць,0,0,0,0,1,0,1,0,1,1
яркасць,0,0,0,0,0,0,1,0,0,0
бліскучы,0,1,0,0,1,0,1,0,0,1
край,0,0,0,0,0,0,0,0,0,0
напоўнены,0,0,0,0,0,0,0,0,0,0
сера,1,0,0,1,0,1,0,0,0,0
расол,0,0,0,0,0,0,0,0,0,0
прынесці,0,0,0,0,0,0,0,0,0,0
край,0,0,0,0,0,0,0,0,0,0
бадзёры,0,0,0,0,0,0,0,0,0,0
шчацінне,0,0,0,0,0,1,0,0,0,0
ломкі,0,0,0,0,0,0,0,0,0,0
трансляцыя,0,0,0,0,0,0,0,0,0,0
борт,0,1,0,0,0,1,0,0,0,0
парча,0,0,0,0,0,0,1,0,0,0
брашура,0,0,0,0,0,0,0,0,0,0
пасмажыць,1,0,0,0,0,1,0,0,0,0
зламаўся,0,0,0,1,0,1,0,1,0,0
зламаны,1,0,0,1,0,1,0,1,0,0
брокер,0,0,0,0,0,0,0,0,0,0
пасярэдніцтва,0,0,0,0,0,0,0,0,0,0
бронка,0,0,0,0,0,0,0,0,0,0
бронзавы,0,0,0,0,0,0,0,0,0,0
вывадак,0,0,0,0,0,0,0,0,0,0
задуменны,0,0,0,0,0,0,0,0,0,0
ручай,0,0,0,0,0,0,0,0,0,0
венік,0,0,0,0,0,0,0,0,0,0
булён,0,0,0,0,0,0,0,0,0,0
бардэль,0,0,1,0,0,1,0,0,0,0
брат,0,0,0,0,0,0,1,0,0,1
братэрства,0,0,0,0,0,0,1,0,0,1
па-братэрску,0,1,0,0,1,0,1,0,0,1
лоб,0,0,0,0,0,0,0,0,0,0
карычневы,0,0,0,0,0,0,0,0,0,0
сіняк,0,1,0,0,0,1,0,0,0,0
брунэтка,0,0,0,0,0,0,0,0,0,0
асноўны ўдар,1,0,0,0,0,1,0,0,0,0
пэндзаль,0,0,0,0,0,0,0,0,0,0
брутальны,1,0,0,1,0,1,0,0,0,0
жорсткасць,1,0,0,1,0,1,0,0,0,0
грубы,1,0,0,1,0,1,0,1,0,0
бурбалка,0,0,0,0,0,0,0,0,0,0
булькаючы,0,0,0,0,0,0,0,0,0,0
бакс,0,0,0,1,0,1,1,0,1,0
вядро,0,0,0,0,0,0,0,0,0,0
спражка,0,0,0,0,0,0,0,0,0,0
са спражкамі,0,0,0,0,0,0,0,0,0,0
бутон,0,0,0,0,0,0,0,0,0,0
прыяцель,0,1,0,0,1,0,1,0,0,1
зрушыць з месца,0,0,0,0,0,0,0,0,0,0
бюджэт,0,0,0,0,0,0,0,0,0,1
буйвал,0,0,0,0,0,0,0,0,0,0
буфер,0,0,0,0,0,0,0,0,0,0
буфет,1,0,0,0,0,1,0,0,0,0
памылка,0,0,1,1,0,1,0,0,0,0
бугабу,1,0,0,1,0,1,0,1,0,0
багі,0,0,0,0,0,0,0,0,0,0
стеклярус,0,1,0,0,0,0,0,0,0,0
будаваць,0,0,0,0,0,0,1,0,0,0
будаўнік,0,0,0,0,0,0,0,0,0,0
будынак,0,0,0,0,0,0,1,0,0,0
будынкі,0,0,0,0,0,0,0,0,0,0
цыбуліна,0,0,0,0,0,0,0,0,0,0
цыбульныя,0,0,0,0,0,1,0,0,0,0
выпукласць,0,0,0,0,0,0,0,0,0,0
масавы,0,0,0,0,0,0,0,0,0,0
пераборка,0,0,0,0,0,0,0,0,0,0
грувасткі,0,0,0,0,0,0,0,0,0,0
бык,0,0,0,0,0,0,0,0,0,0
бульдог,0,0,0,0,0,0,1,0,0,0
бульдозер,0,0,0,0,0,0,0,0,0,0
куля,0,0,0,0,0,0,0,0,0,0
бюлетэнь,0,0,0,0,0,0,0,0,0,0
куленепрабівальны,0,0,0,0,0,0,1,0,0,0
бычок,0,0,0,0,0,0,0,0,0,0
хуліган,1,0,0,1,0,1,0,0,0,0
аплот,0,0,0,0,0,0,0,0,0,0
задніца,0,0,1,0,0,1,0,1,0,0
аблом,1,0,1,0,0,1,0,0,0,0
шышка,0,0,0,0,0,0,0,0,0,0
булачка,0,0,0,0,0,0,0,0,0,0
пучок,0,0,0,0,0,0,0,0,0,0
пучок,0,0,0,0,0,0,0,0,0,0
бунгала,0,0,0,0,0,0,0,0,0,0
двух'ярусная,0,0,0,0,0,0,0,0,0,0
бункер,0,0,0,1,0,0,0,0,0,0
галоўка,0,0,0,0,0,0,0,0,0,0
буй,0,0,0,0,0,0,1,0,0,0
плавучасць,0,0,0,0,0,0,0,0,0,0
бур,0,0,0,0,0,0,0,0,0,0
цяжар,0,0,0,0,0,0,0,0,0,0
цяжкі,0,0,0,1,0,1,0,1,0,0
бюро,0,0,0,0,0,0,0,0,0,0
бюракратыя,0,0,0,0,0,1,0,0,0,1
бюракрат,0,0,1,0,0,1,0,0,0,0
узломшчык,0,0,1,1,0,1,0,0,0,0
узлом,0,0,0,0,0,1,0,0,0,0
пахаванне,1,0,0,1,0,1,0,1,0,0
пахаваны,0,0,0,1,0,1,0,1,0,0
Берк,1,0,1,1,0,1,0,1,0,0
мешкавіны,0,0,0,0,0,0,0,0,0,0
бурлеск,0,0,0,0,0,0,0,0,1,0
мажны,0,0,0,0,0,0,0,0,0,0
спаліць,0,0,0,0,0,0,0,0,0,0
гарэлка,0,0,0,0,0,0,0,0,0,0
паленне,0,0,0,0,0,0,0,0,0,0
паліраваны,0,0,0,0,0,0,0,0,0,0
выгаранне,0,0,0,0,0,0,0,0,0,0
спалены,0,0,1,0,0,1,0,0,0,0
задзірына,0,0,0,0,0,0,0,0,0,0
нары,0,0,0,0,0,0,0,0,0,0
стыпендыя,0,0,0,0,0,0,0,0,0,1
пахаваць,0,0,0,0,0,0,0,1,0,0
аўтобус,0,0,0,0,0,0,0,0,0,0
куст,0,0,0,0,0,0,0,0,0,0
бушаль,0,0,0,0,0,0,0,0,0,0
кусцісты,0,0,0,0,0,0,0,0,0,0
бізнес,0,0,0,0,0,0,0,0,0,0
аўтобус,0,0,0,0,1,0,1,0,0,0
бюст,0,0,0,0,0,0,0,0,0,0
сарваны,1,0,0,1,0,1,0,0,0,0
мітусня,0,0,0,0,0,0,0,0,0,0
мітуслівы,0,0,0,0,0,0,0,0,0,0
заняты,0,0,0,0,0,0,0,0,0,0
бутан,0,0,0,0,0,0,0,0,0,0
мяснік,1,0,1,1,0,1,0,0,0,0
дварэцкі,0,0,0,0,0,0,1,0,0,1
прыкладам,0,0,0,0,0,1,0,0,0,0
сметанковае масла,0,0,0,0,0,0,0,0,0,0
матылёк,0,0,0,0,0,0,0,0,0,0
масляністы,0,0,0,0,0,0,1,0,0,0
ягадзіца,0,0,0,0,0,0,0,0,0,0
кнопка,0,0,0,0,0,0,0,0,0,0
контрфорс,0,0,0,0,0,0,0,0,0,0
грудастая,0,0,0,0,0,0,1,0,0,0
купіць,0,0,0,0,0,0,0,0,0,0
пакупнік,0,0,0,0,0,0,0,0,0,0
купляючы,0,0,0,0,0,0,0,0,0,0
гудзенне,0,1,0,1,0,0,1,0,0,0
гудзела,0,0,0,0,0,1,0,0,0,0
гукавы сігнал,0,0,0,0,0,0,0,0,0,0
да пабачэння,0,1,0,0,0,0,0,0,0,0
мінулы,0,0,0,0,0,0,0,0,0,0
падзаконны акт,0,0,0,0,0,0,0,0,0,1
пабочны мінак,0,0,0,0,0,0,0,0,0,0
байт,0,0,0,0,0,0,0,0,0,0
таксоўка,0,0,0,0,0,0,1,0,0,0
кабала,0,0,0,1,0,1,0,0,0,0
капуста,0,0,0,0,0,0,0,0,0,0
каюта,0,0,0,0,0,0,0,0,0,0
кабінет,0,0,0,0,0,0,1,0,0,1
кабель,0,0,0,0,0,0,0,0,1,0
кабрыялет,0,0,0,0,0,0,0,0,0,0
кэш,0,0,0,0,0,0,0,0,0,0
какафонія,1,0,1,0,0,1,0,0,0,0
кад,1,0,1,0,0,1,0,0,0,0
трупны,0,0,1,1,0,1,0,1,1,0
кэдзі,0,0,0,0,0,0,0,0,0,0
кадэнцыя,0,0,0,0,0,0,0,0,0,0
курсант,0,0,0,0,0,0,0,0,0,0
кафэ,0,0,0,0,0,0,1,0,0,0
клетка,0,0,0,0,0,1,0,1,0,0
Керн,0,0,0,0,0,0,0,0,0,0
торт,0,0,0,0,0,0,0,0,0,0
бедства,0,0,0,0,0,0,0,1,0,0
вапнавы,0,0,0,0,0,0,0,0,0,0
разлічыць,0,0,0,0,0,0,0,0,0,0
разлічваецца,0,0,0,0,0,0,0,0,0,0
вылічэнне,0,0,0,0,0,1,0,0,0,0
разлік,0,1,0,0,0,0,0,0,0,0
калькулятар,0,0,0,0,0,0,1,0,0,1
вылічэнне,0,0,0,0,0,0,0,0,0,0
каляндар,0,0,0,0,0,0,0,0,0,0
каляндар,0,0,0,0,0,0,0,0,0,0
цяля,0,0,0,0,1,0,1,0,0,1
калібр,0,0,0,0,0,0,0,0,0,0
адкалібраваць,0,0,0,0,0,0,0,0,0,0
бязь,0,0,0,0,0,0,0,0,0,0
суппорты,0,0,0,0,0,0,0,0,0,0
выклік,0,0,0,0,0,0,0,0,0,0
каліграфія,0,0,0,0,0,0,0,0,0,0
званок,0,0,0,0,0,0,0,0,0,0
чэрствы,1,0,1,0,0,1,0,0,0,0
званкі,0,1,0,0,0,1,0,0,0,1
спакойны,0,0,0,0,0,0,1,0,0,0
спакой,0,0,0,0,0,0,0,0,0,0
каларыйнасць,0,0,0,0,0,0,0,0,0,0
каларыйнасць,0,0,0,0,0,0,0,0,0,0
каларыметр,0,0,0,0,0,0,0,0,0,0
камера,0,0,0,0,0,0,0,0,0,0
выпукласць,0,0,0,0,0,0,0,0,0,0
вярблюд,0,0,0,0,0,0,0,0,0,0
камея,0,0,0,0,0,0,0,0,0,0
аператар,0,0,0,0,0,0,0,0,0,0
камзол,0,0,0,0,0,0,0,0,0,0
камуфляж,0,0,0,0,0,0,0,0,1,0
закамуфляваны,0,0,0,0,0,0,0,0,1,0
лагер,0,0,0,0,0,0,0,0,0,0
кампанія,0,0,0,0,0,0,0,0,0,0
агітатар,0,0,0,0,0,0,0,0,0,0
агітацыя,1,0,0,1,0,1,0,0,0,0
кампус,0,0,0,0,0,0,0,0,0,0
канал,0,0,0,0,0,0,0,0,0,0
канарэйка,0,0,0,0,0,0,1,0,0,0
адмяніць,0,0,0,0,0,1,0,1,0,0
адмяняючы,0,0,0,0,0,0,0,0,0,0
адмена,0,0,0,0,0,0,0,0,0,0
рак,1,0,1,1,0,1,0,1,0,0
шчыры,0,1,0,0,1,0,1,0,1,1
кандыдатура,0,0,0,0,0,0,0,0,0,0
кандыдат,0,0,0,0,0,0,1,0,0,0
цукаты,0,0,0,0,0,0,1,0,0,0
свечка,0,0,0,0,0,0,0,0,0,0
свечкі,0,0,0,0,0,0,0,0,0,0
падсвечнік,0,0,0,0,0,0,0,0,0,0
шчырасць,0,0,0,0,0,0,0,0,0,0
цукеркі,0,0,0,0,0,0,0,0,0,0
трыснёг,1,0,0,1,0,0,0,0,0,0
сабачы,0,0,0,0,0,0,0,0,0,0
каністра,0,0,0,0,0,0,0,0,0,0
язва,1,0,1,0,0,1,0,0,0,0
людаед,0,0,1,1,0,1,0,0,0,0
канібалізм,0,0,1,0,0,1,0,0,0,0
кансерваванне,0,0,0,0,0,0,0,0,0,0
гармата,1,0,0,1,0,1,0,0,0,0
каноэ,0,0,0,0,0,0,0,0,0,0
канон,0,0,0,0,0,0,0,0,0,0
кананічным,0,0,0,0,0,0,0,0,0,0
каноны,0,0,0,0,0,0,0,0,0,1
навес,0,0,0,0,0,0,0,0,0,0
сталовая,0,0,0,0,0,0,0,0,0,0
Кентэрберыйскі,0,0,0,0,0,0,0,0,0,0
кансольныя,0,0,0,0,0,0,0,0,0,0
канта,0,0,0,0,0,0,0,0,0,0
кантон,0,0,0,0,0,0,0,0,0,0
палатно,0,0,0,0,0,0,0,0,0,0
палатно,0,0,0,0,0,0,0,0,0,0
шапка,0,1,0,0,0,0,0,0,0,1
здольнасць,0,0,0,0,0,0,0,0,0,0
здольны,0,0,0,0,0,0,0,0,0,0
ёмістасць,0,0,0,0,0,0,0,0,0,0
мыс,0,0,0,0,0,0,0,0,0,0
каперсы,0,0,0,0,0,0,0,0,0,0
капілярны,0,0,0,0,0,0,0,0,0,0
капітал,0,0,0,0,0,0,0,0,0,0
капіталіст,0,0,0,0,0,0,1,0,0,0
сталіцы,0,0,0,0,0,0,0,0,0,0
падушныя,0,0,0,0,0,0,0,0,0,0
капітолій,0,0,0,0,0,0,0,0,0,0
капітуляцыя,0,0,0,0,0,0,0,0,0,0
капрыз,0,0,0,0,0,0,0,0,0,0
капрызны,0,0,0,0,0,0,0,0,0,0
шапкі,0,0,0,0,0,0,0,0,0,0
капсула,0,0,0,0,0,0,0,0,0,0
капітан,0,0,0,0,0,0,1,0,0,0
подпіс,0,0,0,0,0,0,0,0,0,0
захапіць,0,1,0,0,1,0,1,0,1,1
займальны,0,0,0,0,0,0,1,0,0,0
палонны,0,0,0,1,0,1,0,1,0,0
палон,0,0,0,0,0,1,0,1,0,0
захопнік,0,0,0,1,0,1,0,0,0,0
захапіць,0,0,0,0,0,1,0,0,0,0
аўтамабіль,0,0,0,0,0,0,0,0,0,0
карамель,0,0,0,0,0,0,0,0,0,0
карат,0,0,0,0,0,0,0,0,0,0
караван,0,0,0,0,0,0,0,0,0,0
вуглярод,0,0,0,0,0,0,0,0,0,0
туша,0,0,1,1,0,1,0,1,0,0
карцынома,0,0,0,1,0,1,0,1,0,0
карта,0,0,0,0,0,0,0,0,0,0
кардіганы,0,0,0,0,0,0,0,0,0,0
кардынальны,0,0,0,0,0,0,0,0,0,0
кардыяміяпатыя,0,0,0,1,0,1,0,1,0,0
карты,0,0,0,0,0,0,0,0,0,0
сыход,0,0,0,0,0,0,0,0,0,0
кар'ера,0,1,0,0,0,0,1,0,0,0
асцярожны,0,0,0,0,0,0,1,0,0,0
старанна,0,0,0,0,0,0,1,0,0,0
неасцярожнасць,1,0,1,0,0,1,0,0,0,0
лашчыць,0,0,0,0,0,0,1,0,0,0
карэтка,0,0,0,0,0,0,0,0,0,0
вартаўнік,0,0,0,0,0,0,1,0,0,1
груз,0,0,0,0,0,0,0,0,0,0
карыбу,0,0,0,0,0,0,0,0,0,0
карыкатура,0,0,0,0,0,1,0,0,0,0
карыес,0,0,1,0,0,1,0,0,0,0
разня,1,0,1,1,0,1,0,1,1,0
цялесныя,0,0,0,0,0,1,0,0,0,0
гваздзік,0,0,0,0,0,0,0,0,0,0
пажадлівыя,0,0,0,1,0,1,0,0,0,0
калядкі,0,0,0,0,1,0,1,0,0,1
карусель,0,0,0,0,0,0,0,0,0,0
цясляр,0,0,0,0,0,0,0,0,0,0
перавозка,0,0,0,0,0,0,0,0,0,0
неслі,0,0,0,0,0,0,0,0,0,0
носьбіт,0,0,0,0,0,0,0,0,0,0
несці,0,0,0,0,0,0,0,0,0,0
пераноскі,0,0,0,0,0,0,0,0,0,0
каляска,0,0,0,0,0,0,0,0,0,0
карцела,0,0,0,0,0,1,0,0,0,0
возчык,0,0,0,0,0,0,0,0,0,0
храстковая тканіна,0,0,0,0,0,0,0,0,0,0
картаграфічны,0,0,0,0,0,0,0,0,0,0
картаграфія,0,0,0,0,0,0,0,0,0,0
мультфільм,0,0,0,0,0,0,0,0,0,0
картуш,0,0,0,0,0,0,0,0,0,0
патрон,0,0,0,1,0,0,0,0,0,0
выразаць,0,0,0,0,0,0,0,0,0,0
разьбяр,0,0,0,0,0,0,0,0,0,0
разьба,0,0,0,0,0,0,0,0,0,0
каскад,0,0,0,0,0,0,1,0,0,0
выпадку,0,0,0,1,0,1,0,1,0,0
казеін,0,0,0,0,0,0,0,0,0,0
наяўныя грошы,1,1,0,1,1,0,1,0,0,1
касір,0,0,0,0,0,0,0,0,0,1
кашмір,0,0,0,0,0,0,0,0,0,0
кажух,0,0,0,0,0,0,0,0,0,0
казіно,0,0,0,0,0,0,0,0,0,0
бочка,0,0,0,0,0,0,0,0,0,0
шкатулка,0,0,0,1,0,1,0,1,0,0
адліваць,0,0,0,0,0,0,0,0,0,0
каста,0,0,0,0,0,1,0,0,0,0
заклінальнік,0,0,0,0,0,0,0,0,0,0
замак,0,0,0,0,0,0,0,0,0,0
касторовое,0,0,0,0,0,0,0,0,0,0
выпадковы,0,0,0,0,0,0,0,0,0,0
выпадкова,0,0,0,0,0,0,0,0,0,0
пацярпелы,1,0,0,1,0,1,0,1,0,0
кошка,0,0,0,0,0,0,0,0,0,0
катабалізм,0,0,0,0,0,0,0,0,0,0
каталог,0,0,0,0,0,0,0,0,0,0
каталог,0,0,0,0,0,0,0,0,0,0
каталіз,0,0,0,0,0,0,0,0,0,0
каталітычны,0,0,0,0,0,0,0,0,0,0
катамаран,0,0,0,0,0,0,0,0,0,0
катапультавацца,0,0,0,0,0,0,0,0,0,0
катаракта,0,1,0,1,0,1,0,1,0,0
катастрофа,1,0,1,1,0,1,0,1,1,0
злавіць,0,0,0,0,0,0,0,0,1,0
лоўля,0,0,0,0,0,0,0,0,0,0
катэхізіс,0,0,1,0,0,0,0,0,0,0
катэгарычны,0,0,0,0,0,0,1,0,0,0
катэгорыя,0,0,0,0,0,0,0,0,0,0
абслугоўваць,0,0,0,0,0,0,1,0,0,0
грамадскага харчавання,0,0,0,0,0,0,0,0,0,0
вусень,0,0,0,0,0,0,0,0,0,0
кошкі,0,0,0,0,0,0,0,0,0,0
катарсічны,0,0,0,0,0,0,1,0,0,0
сабор,0,0,0,0,1,0,1,0,0,1
катетер,0,0,0,0,0,1,0,0,0,0
каціная мята,0,0,0,0,0,0,0,0,0,0
буйной рагатай жывёлы,0,0,0,0,0,0,0,0,0,0
сходаў,0,0,0,0,0,0,0,0,0,0
хваставой,0,0,0,0,0,0,0,0,0,0
канапаціць,0,0,0,0,0,0,0,0,0,0
прычынны,0,0,0,0,0,0,0,0,0,0
прычыннасць,0,0,0,0,0,0,0,0,0,0
прычынная сувязь,0,0,0,0,0,0,0,0,0,0
выкліканыя,0,0,0,0,0,0,0,0,0,0
дамба,0,0,0,0,0,0,0,0,0,0
асцярожнасць,1,1,0,1,0,1,0,0,0,0
папераджальны,0,0,0,1,0,0,0,0,0,0
асцярожны,0,1,0,1,0,0,1,0,0,1
асцярожна,0,0,0,1,0,0,1,0,0,0
конніца,0,0,0,0,0,0,0,0,0,0
пячора,0,0,0,0,0,0,0,0,0,0
агаворка,0,0,0,0,0,0,0,0,0,0
пячора,0,0,0,0,0,0,0,0,0,0
кавернозных,0,0,0,0,0,0,0,0,0,0
паражніну,0,0,0,0,0,0,0,0,0,0
кайенского,0,0,0,0,0,0,0,0,0,0
спыніцца,0,0,0,0,0,0,0,0,0,0
бесперапынны,0,0,0,0,0,0,0,0,0,0
саступаць,0,0,0,0,0,1,0,0,0,0
столь,0,0,0,0,0,0,0,0,0,0
юбіляр,0,0,0,0,0,0,0,0,0,0
адзначаецца,0,1,0,0,1,0,1,0,0,0
святкаванне,0,1,0,0,1,0,1,0,0,0
святкаванне,0,1,0,0,1,0,1,0,1,1
знакамітасць,1,1,1,0,1,1,1,0,1,1
нябесны,0,1,0,0,1,0,1,0,0,0
цэлібат,0,0,0,0,0,0,0,0,0,0
вочка,0,0,0,0,0,0,0,0,0,0
склеп,0,0,0,0,0,0,0,0,0,0
сотавы,0,0,0,0,0,0,0,0,0,0
цэлулоід,0,0,0,0,0,0,0,0,0,0
цэмент,0,1,0,0,0,0,0,0,0,1
цэментаваны,0,0,0,0,0,0,0,0,0,0
могілкі,0,0,0,1,0,1,0,1,0,0
цэнзар,1,0,1,1,0,1,0,0,0,1
асуджэнне,0,0,0,0,0,1,0,0,0,0
перапіс насельніцтва,0,0,0,0,0,0,0,0,0,0
цэнт,0,0,0,0,0,0,0,0,0,0
стогадовы юбілей,0,0,0,0,0,0,0,0,0,0
стогадовы юбілей,0,0,0,0,0,0,0,0,0,0
цэнтр,0,0,0,0,0,0,1,0,0,1
сантыметр,0,0,0,0,0,0,0,0,0,0
цэнтральны,0,0,0,0,0,0,0,0,0,0
цэнтральнасць,0,0,0,0,0,0,0,0,0,0
цэнтралізацыя,0,0,0,0,0,0,0,0,0,0
цэнтралізаваць,0,0,0,0,0,0,0,0,0,0
цэнтралізавана,0,0,0,0,0,0,0,0,0,0
цэнтрабежны,0,0,0,0,0,0,0,0,0,0
цэнтрыфуга,0,0,0,0,0,0,0,0,0,0
сотнік,0,0,0,0,0,0,1,0,0,0
стагоддзя,0,0,0,0,0,0,0,0,0,0
кераміка,0,0,0,0,0,0,0,0,0,0
крупы,0,0,0,0,0,0,0,0,0,0
крупы,0,0,0,0,0,0,0,0,0,0
цэрэбральны,0,0,0,0,0,0,1,0,0,0
цырыманіяльны,0,0,0,0,0,0,0,0,0,0
цырымонія,0,0,0,0,1,0,1,0,1,0
пэўнасць,0,0,0,0,0,0,1,0,0,0
сертыфікат,0,0,0,0,0,0,0,0,0,0
засведчыць,0,0,0,0,0,0,0,0,0,1
цэс,0,0,1,0,0,1,0,0,0,0
спыненне,0,0,0,0,0,1,0,0,0,0
мякіна,1,0,0,1,0,1,0,0,0,0
пацёртасць,0,0,0,0,0,1,0,0,0,0
крыўда,0,0,1,0,0,1,0,1,0,0
ланцуг,0,0,0,0,0,0,0,0,0,0
крэсла,0,0,0,0,0,0,0,0,0,0
старшыня,0,0,0,0,0,0,1,0,0,1
старшыня,0,0,0,0,0,0,0,0,0,0
старшыня,0,0,0,0,0,0,1,0,0,1
брычка,0,0,0,0,0,0,0,0,0,0
шале,0,0,0,0,0,0,0,0,0,0
келіх,0,0,0,0,0,0,0,0,0,0
мел,0,0,0,0,0,0,0,0,0,0
выклік,1,0,0,1,0,1,0,0,0,0
камера,0,0,0,0,0,0,0,0,0,0
камеры,0,0,0,0,0,0,0,0,0,0
хамелеон,0,0,0,0,0,0,0,0,0,0
шампанскае,0,0,0,0,0,0,0,0,0,0
чэмпіён,0,1,0,0,1,0,1,0,0,1
шанец,0,0,0,0,0,0,0,0,1,0
канцлер,0,0,0,0,0,0,0,0,0,1
люстра,0,0,0,0,0,0,0,0,0,0
Чандлер,0,0,0,0,0,0,0,0,0,0
змяніць,0,0,0,1,0,0,0,0,0,0
зменлівы,0,1,0,0,0,0,0,0,1,0
змянілася,0,0,0,0,0,0,0,0,0,0
мяняльнік,0,0,0,0,0,0,0,0,0,0
змяняецца,0,0,0,0,0,0,0,0,0,0
канал,0,0,0,0,0,0,0,0,0,0
спевы,1,1,0,0,1,0,1,0,1,0
хаос,1,0,0,1,0,1,0,1,0,0
хаатычны,1,0,0,0,0,1,0,0,0,0
гл,0,0,0,0,0,0,0,0,0,0
капліца,0,0,0,0,0,0,0,0,0,0
капелан,0,0,0,0,0,0,0,0,0,1
чэпмен,0,0,0,0,0,0,0,0,0,0
чапс,0,0,0,0,0,0,0,0,0,0
раздзел,0,0,0,0,0,0,0,0,0,0
сімвал,0,0,0,0,0,0,0,0,0,0
характар,0,0,0,0,0,0,0,0,0,0
характарыстыка,0,0,0,0,0,0,0,0,0,0
характарызаваць,0,0,0,0,0,0,0,0,0,0
шарада,0,0,0,0,0,1,0,0,0,0
драўняны вугаль,0,0,0,0,0,0,0,0,0,0
зараджаць,0,0,0,0,0,0,0,0,0,0
платная,0,0,0,1,0,1,0,1,0,0
зарадная прылада,0,0,0,0,0,0,1,0,0,0
калясніца,0,0,0,0,0,0,0,0,0,0
дабрачынныя,0,1,0,0,1,0,1,0,0,1
дабрачыннасць,0,0,0,0,1,0,1,0,0,0
зачараванне,0,0,0,0,0,0,1,0,0,0
зачараваны,0,0,0,0,1,1,1,0,0,0
чароўніца,0,0,0,0,0,0,0,0,0,0
абаяльны,0,0,0,0,0,0,1,0,0,0
дыяграма,0,0,0,0,0,0,0,0,0,1
статут,0,0,0,0,0,0,0,0,0,0
зафрахтаваны,0,0,0,0,0,0,0,0,0,0
пагоня,0,0,0,0,0,1,0,0,0,0
бездань,0,0,0,1,0,0,0,0,0,0
пакаранне,0,0,0,0,0,1,0,0,0,0
цнатлівасць,0,1,0,0,0,0,1,0,0,1
чат,0,0,0,0,0,0,0,0,0,0
замак,0,0,0,0,0,0,0,0,0,0
балбатня,0,0,0,0,0,0,0,0,0,0
балбатня,0,0,0,0,0,0,1,0,0,0
балбатлівы,0,0,0,0,0,1,0,0,0,0
шафёр,0,0,0,0,0,0,0,0,0,0
танна,0,0,0,0,0,1,0,0,0,0
падмануць,1,0,1,0,0,1,0,0,0,0
праверыць,0,0,0,0,0,0,0,0,0,0
шашка,0,0,0,0,0,0,0,0,0,0
клятчасты,0,0,0,0,0,0,0,0,0,0
шашкі,0,0,0,0,0,0,0,0,0,0
кантрольны спіс,0,0,0,0,0,0,1,0,0,1
шчака,0,0,0,0,0,0,0,0,0,0
шчокі,0,0,0,0,0,0,0,0,0,0
танна,0,0,0,0,0,0,0,0,0,0
падбадзёрыць,0,1,0,0,1,0,1,0,1,1
вясёлы,0,0,0,0,1,0,1,0,1,0
жыццярадаснасць,0,1,0,0,1,0,1,0,0,1
апладысменты,0,0,0,0,1,0,1,0,0,0
бадзёры,0,1,0,0,1,0,1,0,0,0
тварожнік,0,0,0,0,0,1,0,0,0,0
гепард,0,0,0,0,0,0,0,0,0,0
кашуля,0,0,0,0,0,0,0,0,0,0
хімік,0,0,0,0,0,0,1,0,0,1
хіміі,0,0,0,0,0,0,0,0,0,0
праверыць,0,0,0,0,0,0,0,0,0,0
песціць,0,1,0,0,1,0,1,0,1,1
вішня,0,0,0,0,0,0,1,0,0,0
шахматы,0,0,0,0,0,0,0,0,0,0
грудзі,0,0,0,0,0,0,0,0,0,0
каштанавы,0,0,0,0,0,0,0,0,0,0
шаўрон,0,0,0,0,0,0,0,0,0,0
жаваць,0,0,0,0,0,0,0,0,0,0
шыкоўны,0,0,0,0,0,0,0,0,0,0
шыкана,0,1,0,0,0,1,0,0,1,1
курыца,0,0,0,1,0,0,0,0,0,0
начальнік,0,0,0,0,0,0,0,0,0,0
галоўным чынам,0,0,0,0,0,0,0,0,0,0
атаман,0,0,0,0,0,0,1,0,0,0
дзіцяці,0,1,0,0,1,0,1,0,0,0
роды,0,0,0,0,0,0,0,0,0,0
дзяцінства,0,0,0,0,1,0,1,0,0,0
па-дзіцячы,0,0,0,0,0,1,0,0,0,0
астудзіць,0,0,0,0,0,0,0,0,0,0
зябка,0,0,0,0,0,1,0,0,0,0
перазвон,0,0,0,0,0,0,0,0,0,0
хімера,0,0,0,1,0,0,0,0,1,0
куранты,0,0,0,0,0,0,0,0,0,0
комін,0,0,0,0,0,0,0,0,0,0
Кітай,0,0,0,0,0,0,0,0,0,0
Кітай,0,0,0,0,0,0,0,0,0,0
шынук,0,0,0,0,0,0,0,0,0,0
чып,0,0,0,0,0,0,0,0,0,0
сколы,0,0,0,0,0,0,0,0,0,0
шчабятаць,0,0,0,0,1,0,1,0,0,0
долата,0,0,0,0,0,0,1,0,0,0
чыт,0,0,0,0,0,0,0,0,0,0
рыцарства,0,0,0,0,0,0,1,0,0,0
хлараформ,0,0,0,0,0,1,0,0,0,0
шакалад,0,1,0,0,1,0,1,0,0,1
выбар,0,0,0,0,0,0,1,0,0,0
хор,0,0,0,0,1,0,1,0,0,1
душыць,1,0,0,0,0,1,0,1,0,0
халера,0,0,1,1,0,1,0,1,0,0
выбраць,0,0,0,0,0,0,0,0,0,0
выбіраючы,0,0,0,0,0,0,0,0,0,0
здрабніць,0,0,0,0,0,1,0,0,0,0
здрабненне,0,0,0,0,0,0,0,0,0,0
адбіўныя,0,0,0,0,0,0,0,0,0,0
харавыя,0,0,0,0,1,0,1,0,0,0
акорды,0,0,0,0,0,0,0,0,0,0
руціна,0,0,0,0,0,1,0,0,0,0
прыпеў,0,0,0,0,0,0,1,0,0,0
абраны,0,0,0,0,0,0,1,0,0,0
поліўка,0,0,0,0,0,0,1,0,0,0
хрэсьбіны,0,0,0,0,0,0,0,0,0,0
храматычны,0,0,0,0,0,0,0,0,0,0
храматаграфія,0,0,0,0,0,0,0,0,0,0
храмасома,0,0,0,0,0,0,0,0,0,0
хранічны,0,0,0,0,0,1,0,1,0,0
хроніка,0,0,0,0,0,0,1,0,0,1
хранограф,0,0,0,0,0,0,0,0,0,0
храналагічны,0,0,0,0,0,0,0,0,0,0
патрон,0,0,0,0,0,0,0,0,0,0
хіхікаць,0,1,0,0,1,0,1,0,1,1
кавалак,0,0,0,0,0,0,0,0,0,0
каржакаваты,0,0,0,0,0,0,0,0,0,0
царквы,0,1,0,0,1,0,1,0,0,1
царкоўны двор,0,0,0,0,0,0,0,0,0,0
адбой,0,0,0,0,0,0,0,0,0,0
жолаб,0,0,0,0,0,0,0,0,0,0
чатні,0,0,0,0,0,0,0,0,0,0
чао,0,0,0,0,0,0,0,0,0,0
сідр,0,0,0,0,0,0,1,0,0,0
цыгара,0,0,0,0,0,0,0,0,0,0
цыгарэта,0,0,0,0,0,1,0,0,0,0
падцягваць,0,0,0,0,0,0,0,0,0,0
золак,0,0,0,0,0,0,0,0,0,0
кінатэатр,0,0,0,0,0,0,0,0,0,0
кінааператар,0,0,0,0,0,0,0,0,0,0
кінамастацтва,0,0,0,0,0,0,0,0,0,0
карыца,0,0,0,0,0,0,0,0,0,0
шыфр,0,0,0,0,0,0,0,0,0,0
круг,0,0,0,0,0,0,0,0,0,0
кружыць,0,0,0,0,0,0,0,0,0,0
схема,0,0,0,0,0,0,0,0,0,0
кругавая,0,0,0,0,0,0,0,0,0,0
цыркуляваць,0,0,0,0,0,0,0,0,0,0
тыраж,0,0,0,0,0,0,0,0,0,0
абразаньне,0,0,0,0,0,0,1,0,0,0
акружнасць,0,0,0,0,0,0,0,0,0,0
акружны,0,0,0,0,0,0,0,0,0,0
абмежаваны,0,0,0,0,0,0,0,0,0,0
акалічнасць,0,0,0,0,0,0,0,0,0,0
акалічнасныя,0,0,0,0,0,0,0,0,0,0
абыход,0,0,0,0,0,1,1,0,0,0
цырк,0,0,0,0,0,0,0,0,0,0
пёрыстыя,0,0,0,0,0,0,0,0,0,0
цыстэрна,0,0,0,0,0,0,0,0,0,0
цытадэль,0,0,0,0,0,0,0,0,0,0
цытаванне,0,0,0,0,0,0,0,0,0,0
грамадзянін,0,0,0,0,0,0,1,0,0,0
цытрын,0,0,0,0,0,0,0,0,0,0
горад,0,0,0,0,0,0,0,0,0,0
грамадзянскі,0,0,0,0,0,0,0,0,0,0
грамадзянская,0,0,0,0,0,0,1,0,0,0
грамадзянскі,0,0,0,0,0,0,0,0,0,0
цывілізаванасць,0,0,0,0,0,0,1,0,0,0
цывілізацыя,0,0,0,0,0,0,1,0,0,1
цывілізаваны,0,0,0,0,1,0,1,0,0,1
апрануты,0,0,0,0,0,0,0,0,0,0
патрабаванне,0,0,0,0,0,0,0,0,0,0
прэтэндэнт,1,0,1,0,0,0,0,0,0,0
празорлівы,0,0,0,0,0,0,1,0,0,0
малюск,0,0,0,0,0,0,0,0,0,0
шум,1,1,1,0,0,1,0,0,1,0
заціск,0,0,0,0,0,0,0,0,0,0
клан,0,0,0,0,0,0,0,0,0,1
падпольны,0,0,0,0,0,0,0,0,0,0
пляскаць,0,1,0,0,1,0,1,0,0,1
удакладніць,0,0,0,0,0,0,1,0,0,0
кларнет,0,0,0,0,0,0,0,0,0,0
звонкі,0,0,0,0,0,0,0,0,0,0
яснасць,0,0,0,0,0,0,0,0,0,0
сутыкненне,1,0,0,0,0,1,0,0,0,0
сутыкненне,1,0,0,1,0,1,0,0,0,0
зашпілька,0,0,0,0,0,0,0,0,0,0
клас,0,0,0,0,0,0,0,0,0,0
класічны,0,0,0,0,0,0,1,0,0,0
класічны,0,0,0,0,0,0,1,0,0,0
класіка,0,0,0,0,1,0,1,0,0,0
класіфікацыя,0,0,0,0,0,0,0,0,0,0
класіфікаваць,0,0,0,0,0,0,1,0,0,0
аднакласнік,0,0,0,0,0,0,0,0,0,0
грукат,0,0,0,0,0,0,0,0,0,0
пункт,0,0,0,0,0,0,0,0,0,0
пункты,0,0,0,0,0,0,0,0,0,0
кіпцюр,1,0,0,1,0,1,0,0,0,0
кіпцюры,0,0,0,0,0,0,0,0,0,0
гліна,0,0,0,0,0,0,0,0,0,0
чыстыя,0,0,0,0,1,0,1,0,0,1
ачыстка,0,0,0,0,0,0,1,0,0,0
чысціня,0,0,0,0,0,0,1,0,0,0
чыста,0,0,0,0,0,0,1,0,0,0
ачысціць,0,0,0,0,0,0,1,0,0,0
ачышчэнне,0,0,0,0,0,0,1,0,0,0
афармленне,0,0,0,0,0,0,1,0,0,1
паляна,0,0,0,0,0,0,0,0,0,0
выразнасць,0,0,0,0,0,0,1,0,0,0
дэкальтэ,0,0,0,0,0,0,0,0,0,0
расшчапляць,0,0,0,1,0,0,0,0,0,0
ключ,0,0,0,0,0,0,0,0,0,0
расколіна,0,0,0,0,0,0,0,0,0,0
памілаванне,0,0,0,0,0,0,0,0,0,0
духавенства,0,0,0,0,0,0,0,0,0,0
духоўная асоба,0,0,0,0,0,0,0,0,0,0
канцылярскі,0,0,0,0,0,0,1,0,0,1
службовец,0,0,0,0,0,0,0,0,0,0
справаводства,0,0,0,0,0,0,0,0,0,0
разумны,0,0,0,0,0,0,1,0,0,0
кемлівасць,0,0,0,0,0,0,1,0,0,0
націсніце,0,0,0,0,0,0,0,0,0,0
кліент,0,0,0,0,0,0,0,0,0,0
кліентура,0,0,0,0,0,0,0,0,0,0
уцёс,0,0,0,1,0,0,0,0,0,0
клімат,0,0,0,0,0,0,0,0,0,0
кліматалогіі,0,0,0,0,0,0,0,0,0,0
клімакс,0,1,0,0,1,0,1,0,1,1
падняцца,0,0,0,0,0,0,0,0,0,0
чапляцца,0,0,0,0,0,0,0,0,0,0
кліп,0,0,0,0,0,0,0,0,0,0
машынка для стрыжкі,0,0,0,0,0,0,0,0,0,0
выразка,0,0,0,0,0,0,0,0,0,0
клік,0,0,0,0,0,0,0,0,0,0
плашч,0,0,0,0,0,0,0,0,0,0
гадзіннік,0,1,0,0,0,0,0,0,0,0
гадзіннікавы механізм,0,0,0,0,0,0,0,0,0,0
засмечваць,0,0,0,0,0,0,0,0,0,0
кляштар,0,0,0,0,0,1,0,0,0,0
блізка,0,0,0,0,0,0,0,0,0,0
закрытыя,0,0,0,0,0,0,0,0,0,0
блізкасць,0,0,0,0,1,0,1,0,0,1
шафа,0,0,0,0,0,0,0,0,0,0
закрыццё,0,1,0,0,1,0,1,1,0,0
згустак,0,0,0,0,0,0,0,0,0,0
тканіна,0,0,0,0,0,0,0,0,0,0
апрануць,0,0,0,0,0,0,1,0,0,0
адзенне,0,0,0,0,0,0,0,0,0,0
вяроўка для бялізны,0,0,0,0,0,0,0,0,0,0
адзенне,0,0,0,0,0,0,0,0,0,0
воблака,0,0,0,0,0,0,0,0,0,0
затуманены,0,0,0,0,0,1,0,1,0,0
воблачнасць,0,0,0,1,0,1,0,0,0,0
пахмурна,0,0,0,0,0,0,0,1,0,0
канюшына,0,0,0,0,0,0,0,0,0,0
гваздзікі,0,0,0,0,0,0,0,0,0,0
блазан,0,1,0,0,1,0,1,0,1,0
клуб,0,0,0,0,0,0,0,0,0,0
клубны дом,0,0,0,0,0,0,0,0,0,0
клубы,0,0,0,0,0,0,0,0,0,0
падказка,0,1,0,0,0,0,0,0,0,0
камяк,0,0,0,0,0,1,0,0,0,0
нязграбны,0,0,1,0,0,1,0,0,0,0
кластар,0,0,0,0,0,0,0,0,0,0
счапленне,0,0,0,0,0,0,0,0,0,0
муфты,0,0,0,0,0,0,0,0,0,0
беспарадак,0,0,0,0,0,0,0,0,0,0
трэнер,0,0,0,0,0,0,0,0,0,1
каагуляцыя,0,0,0,0,0,0,0,0,0,0
каменны вугаль,0,0,0,0,0,0,0,0,0,0
зрастацца,0,0,0,0,0,0,0,0,0,1
кааліцыя,0,0,0,0,0,0,1,0,0,0
ўзбярэжжа,0,0,0,0,0,0,1,0,0,0
прыбярэжны,0,0,0,0,0,0,0,0,0,0
падшклянак,0,0,0,0,0,0,0,0,0,0
паліто,0,0,0,0,0,0,0,0,0,0
пакрыццё,0,0,0,0,0,0,0,0,0,0
кааксіяльны,0,0,0,0,0,0,0,0,0,1
кобальт,0,0,0,0,0,0,0,0,0,0
брукаванка,0,0,0,0,0,0,0,0,0,0
шавец,0,0,0,0,0,0,0,0,0,0
кобра,0,0,0,1,0,0,0,0,0,0
какаін,0,0,0,0,0,1,0,1,0,0
певень,0,0,0,0,0,0,0,0,0,0
кабіна,0,0,0,0,0,0,0,0,0,0
кактэйль,0,0,0,0,0,0,0,0,0,0
какава,0,0,0,0,0,0,0,0,0,0
кокан,0,0,0,0,0,0,0,0,0,0
трэска,0,0,0,0,0,0,0,0,0,0
код,0,0,0,0,0,0,0,0,0,0
кодэкс,0,0,0,0,0,0,0,0,0,0
кадыфікацыя,0,0,0,0,0,0,0,0,0,0
кадыфікаваць,0,0,0,0,0,0,0,0,0,0
каэфіцыент,0,0,0,0,0,0,0,0,0,0
прымусіць,1,0,1,1,0,1,0,0,0,0
прымус,1,0,1,1,0,1,0,1,0,0
прымусовы,0,0,0,0,0,0,0,0,0,0
суіснуюць,0,0,0,0,0,0,1,0,0,1
суіснаванне,0,0,0,0,0,0,0,0,0,0
суіснуючыя,0,0,0,0,0,0,0,0,0,1
кава,0,0,0,0,0,0,0,0,0,0
труна,0,0,0,1,0,1,0,1,0,0
вінцік,0,0,0,0,0,0,0,0,0,0
пераканаўчы,0,0,0,0,0,0,1,0,0,1
роднасныя,0,0,0,0,0,0,0,0,0,0
пазнанне,0,0,0,0,0,0,0,0,0,0
пазнавальны,0,0,0,0,0,0,1,0,0,0
сумеснае пражыванне,0,0,0,0,0,0,0,0,0,0
зладжанасць,0,0,0,0,0,0,1,0,0,0
сувязны,0,0,0,0,0,0,1,0,0,0
згуртаванасць,0,0,0,0,0,0,0,0,0,1
сувязным,0,0,0,0,0,0,1,0,0,1
кагорта,0,0,0,0,0,0,0,0,0,0
шпулька,0,0,0,0,0,0,0,0,0,0
згорнутыя,0,0,0,0,0,0,0,0,0,0
манета,0,0,0,0,0,0,0,0,0,0
чаканка манет,0,0,0,0,0,0,0,0,0,0
супадаюць,0,0,0,0,0,0,0,0,0,0
супадзенне,0,0,0,0,0,0,0,0,1,0
супадае,0,0,0,0,0,0,0,0,0,0
супадаючыя,0,0,0,0,0,0,0,0,0,0
кокс,0,0,0,0,0,0,0,0,0,0
халодны,0,0,0,0,0,1,0,0,0,0
холадна,0,0,0,0,0,1,0,0,0,0
халоднасць,1,0,1,1,0,1,0,1,0,0
колікі,0,0,0,0,0,1,0,0,0,0
калабарант,0,0,0,0,0,0,0,0,0,1
калапс,0,0,1,1,0,1,0,1,0,0
каўнер,0,0,0,0,0,0,0,0,0,0
супастаўленне,0,0,0,0,0,0,0,0,0,0
заклад,0,0,0,0,0,0,0,0,0,1
супастаўленне,0,0,0,0,0,0,0,0,0,0
калега,0,0,0,0,0,0,0,0,0,0
збіраць,0,0,0,0,0,0,0,0,0,0
сабраны,0,0,0,0,0,0,0,0,0,0
калекцыя,0,0,0,0,0,0,0,0,0,0
калектыўныя,0,0,0,0,0,0,0,0,0,0
калектыўна,0,0,0,0,0,0,1,0,0,1
калекцыянер,0,0,0,0,0,0,0,0,0,0
каледж,0,0,0,0,0,0,0,0,0,0
калегіяльны,0,0,0,0,0,0,0,0,0,0
сутыкнуцца,0,0,0,0,0,0,0,0,0,0
коллі,0,0,0,0,0,0,0,0,0,0
сутыкненне,1,0,0,0,0,1,0,0,0,0
сумеснае размяшчэнне,0,0,0,0,0,0,0,0,0,0
гутарковы,0,0,0,0,0,0,0,0,0,0
змова,1,0,1,1,0,1,0,1,0,0
двукроп'е,0,0,0,0,0,0,0,0,0,0
палкоўнік,0,0,0,0,0,0,1,0,0,1
каланіяльны,0,0,0,0,0,0,0,0,0,0
калонія,0,0,0,0,0,0,0,0,0,0
калафон,0,0,0,0,0,0,0,0,0,0
колер,0,0,0,0,0,0,0,0,0,0
афарбоўка,0,0,0,0,0,0,0,0,0,0
каляровы,0,0,0,0,0,0,0,0,0,0
афарбоўка,0,0,0,0,0,0,0,0,0,0
бескаляровы,0,0,0,0,0,0,0,0,0,0
колеру,0,0,0,0,0,0,0,0,0,0
каласальны,0,0,0,0,0,0,1,0,0,0
жарабя,0,0,0,0,0,0,0,0,0,0
слупок,0,0,0,0,0,0,0,0,0,0
столбчатые,0,0,0,0,0,0,0,0,0,0
кома,0,0,0,1,0,1,0,1,0,0
каматозны стан,0,0,0,1,0,1,0,1,0,0
расчоскі,0,0,0,0,0,0,0,0,0,0
баявая,1,0,0,1,0,1,0,0,0,0
удзельнік баявых дзеянняў,1,0,0,1,0,1,0,0,0,0
баявы,1,0,0,1,0,1,0,0,0,0
спалучэнне,0,0,0,0,0,0,0,0,0,0
камбінаторны,0,0,0,0,0,0,0,0,0,0
камбінаваць,0,0,0,0,0,0,0,0,0,0
камбінаваны,0,0,0,0,0,0,0,0,0,0
гаручы,0,0,0,0,0,0,0,0,0,0
гарэнне,0,0,0,0,0,0,0,0,0,0
камедыя,0,0,0,0,0,0,0,0,0,0
камета,0,0,0,0,0,0,0,0,0,0
камфорт,0,1,0,0,1,0,1,0,0,1
суцяшальнік,0,0,0,0,0,0,0,0,0,0
камічны,0,0,0,0,0,0,0,0,0,0
камічны,0,0,0,0,0,0,0,0,0,0
прыходзіць,0,1,0,0,0,0,0,0,0,0
коска,0,0,0,0,0,0,0,0,0,0
загадваць,0,0,0,0,0,0,0,0,0,0
камендант,0,0,0,0,0,0,1,0,0,1
камандзір,0,0,0,0,0,0,0,0,0,0
загадны,0,0,0,0,0,0,1,0,0,1
ушанаваць памяць,0,1,0,0,1,0,1,1,0,0
памінанне,0,1,0,0,1,0,1,0,0,0
памятны,0,1,0,0,0,0,1,0,0,0
пачаць,0,0,0,0,0,0,0,0,0,0
хваліць,0,0,0,0,0,0,1,0,0,0
пахвальна,0,0,0,0,1,0,1,0,0,1
суразмерны,0,0,0,0,0,0,0,0,0,0
каментар,0,0,0,0,0,0,0,0,0,0
каментар,0,0,0,0,0,0,0,0,0,0
каментатар,0,0,0,0,0,0,1,0,0,0
камерцыі,0,0,0,0,0,0,0,0,0,1
камерцыйны,0,0,0,0,0,0,0,0,0,0
камісар,0,0,0,0,0,0,0,0,0,0
камісія,0,0,0,0,0,0,0,0,0,1
камісар,0,0,0,0,0,0,0,0,0,0
здзейсніць,0,0,0,0,0,0,0,0,0,0
здзяйсненне,0,0,0,0,0,1,0,1,0,0
здзейснены,0,0,0,0,0,0,1,0,0,1
камітэта,0,0,0,0,0,0,0,0,0,1
тавар,0,0,0,0,0,0,0,0,0,0
камадор,0,0,0,0,0,0,1,0,0,1
агульныя,0,0,0,0,0,0,0,0,0,0
звычайна,0,0,0,0,0,0,0,0,0,0
банальнасць,0,1,0,0,0,0,0,0,0,1
агульныя,0,0,0,0,0,0,0,0,0,0
садружнасці,0,0,0,0,0,0,1,0,0,1
мітусня,1,0,0,0,0,1,0,0,0,0
камуна,0,0,0,0,0,0,0,0,0,0
камунікатыўны,0,0,0,0,0,0,0,0,0,0
мець зносіны,0,0,0,0,0,0,1,0,0,1
сувязі,0,0,0,0,0,0,0,0,0,1
камунікатыўны,0,0,0,0,0,0,1,0,0,0
прычасце,0,0,0,0,1,0,1,0,0,1
камунізм,1,0,0,1,0,1,0,1,0,0
камуніст,0,0,0,0,0,1,0,0,0,0
супольнасць,0,0,0,0,0,0,1,0,0,0
камутацыя,0,0,0,0,0,0,1,0,0,0
камутатыўны,0,0,0,0,0,0,0,0,0,0
ездзіць на працу,0,0,0,0,0,0,1,0,0,0
прыгарадны,0,0,0,0,0,0,0,0,0,0
кампактны,0,0,0,0,0,0,0,0,0,1
ўшчыльненне,0,0,0,0,0,0,0,0,0,0
кампактнасць,0,0,0,0,0,0,0,0,0,0
спадарожнік,0,0,0,0,1,0,1,0,0,1
таварыства,0,0,0,0,0,0,0,0,0,0
кампанія,0,0,0,0,0,0,0,0,0,0
супастаўныя,0,0,0,0,0,0,0,0,0,0
параўнальны,0,0,0,0,0,0,0,0,0,0
параўнальна,0,0,0,0,0,0,0,0,0,0
параўнанне,0,0,0,0,0,0,0,0,0,0
адсек,0,0,0,0,0,0,0,0,0,0
компас,0,0,0,0,0,0,0,0,0,1
спачуванне,0,0,0,1,0,0,1,0,0,0
спагадлівы,0,0,0,0,0,0,1,0,0,0
сумяшчальнасць,0,0,0,0,0,0,1,0,0,0
сумяшчальны,0,0,0,0,0,0,1,0,0,0
прымушаць,0,0,0,0,0,0,0,0,0,0
вымушана,0,0,0,0,0,0,0,0,0,0
пераканаўча,0,0,0,0,0,0,1,0,0,0
кампендыум,0,0,0,0,0,0,0,0,0,0
кампенсаваць,0,1,0,0,1,0,1,0,1,1
кампенсацыя,0,0,0,0,0,0,0,0,0,0
кампенсацыйная,0,0,0,0,0,0,1,0,0,0
кампетэнтнасць,0,0,0,0,0,0,1,0,0,1
кампетэнтнасць,0,0,0,0,0,0,1,0,0,1
кампетэнтны,0,0,0,0,0,0,1,0,0,1
спаборніцтва,0,1,0,0,0,1,0,0,0,0
канкурэнтаздольны,0,0,0,0,0,0,0,0,0,0
канкурэнт,0,0,0,0,0,0,0,0,0,0
кампіляцыя,0,0,0,0,0,0,0,0,0,0
кампіляваць,0,0,0,0,0,0,0,0,0,0
самазаспакоенасць,0,0,0,0,0,0,1,0,0,0
самаздаволены,0,0,0,0,0,0,0,0,0,0
скардзіцца,1,0,0,0,0,1,0,1,0,0
скарга,1,0,0,0,0,1,0,0,0,0
дапаўняць,0,1,0,0,1,0,1,0,1,1
дадатковыя,0,0,0,0,0,0,1,0,0,0
завершаны,0,0,0,0,0,0,0,0,0,0
цалкам,0,0,0,0,0,0,1,0,0,0
завершанасць,0,0,0,0,0,0,1,0,0,0
завяршэнне,0,1,0,0,1,0,1,0,0,0
завяршэнне,0,1,0,0,1,0,1,0,0,0
складаны,0,0,0,0,0,0,0,0,0,0
закамплексаваны,0,0,0,0,0,1,0,0,0,0
колер асобы,0,0,0,0,0,0,0,0,0,0
складанасць,0,0,0,0,0,1,0,0,0,0
адпаведнасць,0,0,0,0,0,0,1,0,0,1
згодлівы,0,0,0,0,0,0,1,0,0,0
ўскладняць,1,0,0,0,0,1,0,0,0,0
складаная,0,0,0,0,0,1,0,0,0,0
ўскладненне,0,0,0,0,0,1,0,0,0,0
саўдзел,0,0,0,0,0,1,1,0,0,0
камплімент,0,1,0,0,1,0,1,0,1,1
выконваць,0,0,0,0,0,0,0,0,0,0
выконваючы,0,0,0,0,0,0,0,0,0,0
кампа,0,0,0,0,0,0,0,0,0,0
кампанент,0,0,0,0,0,0,0,0,0,0
складаць,0,0,0,0,0,0,0,0,0,0
складзены,0,0,0,0,0,0,1,0,0,0
кампазітар,0,0,0,0,0,0,1,0,0,0
кампазітны,0,0,0,0,0,0,0,0,0,0
склад,0,0,0,0,0,0,0,0,0,0
кампост,0,0,1,0,0,1,0,0,0,0
сабранасць,0,0,0,0,0,0,1,0,0,0
злучэнне,0,0,0,0,0,0,0,0,0,0
спасцігнуць,0,0,0,0,0,0,1,0,0,0
разуменне,0,0,0,0,0,0,0,0,0,0
комплексны,0,0,0,0,0,0,1,0,0,0
кампрэс,1,0,0,0,0,0,0,0,0,0
сціснуты,0,0,0,0,0,0,0,0,0,0
сціскальны,0,0,0,0,0,0,0,0,0,0
кампрэсія,0,0,0,0,0,0,0,0,0,0
складаюць,0,0,0,0,0,0,0,0,0,0
кампраміс,0,0,0,0,0,0,0,0,0,0
кантралёр,0,0,0,0,0,0,0,0,0,1
прымус,1,0,0,0,0,1,0,0,0,0
абавязковым,0,0,0,0,0,1,0,0,0,0
вылічальны,0,0,0,0,0,0,0,0,0,0
вылічэнне,0,0,0,0,0,0,0,0,0,0
вылічваць,0,0,0,0,0,0,0,0,0,0
кампутар,0,0,0,0,0,0,0,0,0,0
таварыш,0,0,0,0,0,0,1,0,0,1
кон,0,0,0,0,0,0,0,0,0,0
канкатэнацыя,0,0,0,0,0,0,0,0,0,0
ўвагнутыя,0,0,0,0,0,0,0,0,0,0
схаваць,0,0,0,0,0,1,0,1,0,0
схаваны,0,1,0,1,0,1,0,0,1,0
утойванне,1,1,0,1,0,1,0,0,0,0
фанабэрыстасць,0,0,0,0,0,1,0,0,0,0
пагардлівы,0,0,0,0,0,1,0,0,0,0
мажліва,0,0,0,0,0,0,0,0,0,0
канцэнтрат,0,0,0,0,0,0,0,0,0,0
канцэнтрацыя,0,0,0,0,0,0,0,0,0,0
канцэнтрычны,0,0,0,0,0,0,1,0,0,0
зачацце,0,0,0,0,0,0,0,0,0,0
клопат,0,0,0,0,0,0,0,0,0,0
заклапочаны,0,0,0,1,0,0,0,1,0,0
канцэрт,0,0,0,0,0,0,0,0,0,0
канцэсія,0,0,0,0,0,0,0,0,0,0
ільготныя,0,0,0,0,0,0,0,0,0,0
кансьерж,0,0,0,0,0,0,0,0,0,0
прымірэнне,0,0,0,0,1,0,1,0,0,1
лаканічны,0,0,0,0,0,0,0,0,0,0
канклаў,0,0,0,0,0,0,0,0,0,0
заключыць,0,0,0,0,0,0,0,0,0,0
заключэнне,0,0,0,0,0,0,1,0,0,0
заключэнне,0,0,0,0,0,0,0,0,0,0
выдумка,0,0,0,0,0,0,0,0,0,0
спадарожны,0,0,0,0,0,0,0,0,0,0
згода,0,0,0,0,0,0,1,0,0,1
сугучнасць,0,0,0,0,0,0,1,0,0,1
конкурсы,0,0,0,0,0,0,0,0,0,0
зала,0,0,0,0,0,0,0,0,0,0
бетон,0,0,0,0,0,0,0,0,0,0
супадзенне,0,0,0,0,0,0,0,0,0,0
адначасовы,0,0,0,0,0,0,0,0,0,0
згодныя,0,0,0,0,0,0,0,0,0,0
страсенне мозгу,1,0,0,0,0,1,0,1,0,0
асуджаць,1,0,0,0,0,1,0,0,0,0
асуджэнне,1,1,1,1,0,1,0,1,0,0
кандэнсацыя,0,0,0,0,0,0,0,0,0,0
кандэнсаваны,0,0,0,0,0,0,0,0,0,0
паблажлівы,0,0,0,0,0,1,0,0,0,0
паблажлівасць,1,0,1,0,0,1,0,1,0,0
прыправа,0,0,0,0,0,0,0,0,0,0
стан,0,0,0,0,0,0,0,0,0,0
умоўны,0,0,0,0,0,0,0,0,0,0
умоўна,0,0,0,0,0,0,0,0,0,0
абумоўлены,0,0,0,0,0,0,0,0,0,0
умовы,0,0,0,0,0,0,0,0,0,0
спачуванні,0,0,0,0,0,0,1,1,0,0
патураць,0,0,0,0,0,0,1,0,0,0
спрыяе,0,0,0,0,0,0,1,0,0,0
праводзіць,0,0,0,0,0,0,0,0,0,0
праводнасць,0,0,0,0,0,0,0,0,0,0
праводнасць,0,0,0,0,0,0,1,0,0,0
дырыжор,0,0,0,0,0,0,0,0,0,0
трубаправод,0,0,0,0,0,0,0,0,0,0
конус,0,0,0,0,0,0,0,0,0,0
канфедэратыўны,0,0,0,0,0,0,1,0,0,1
канфедэрацыі,0,0,0,0,0,0,0,0,0,0
раіцца,0,0,0,0,0,0,0,0,0,0
канферэнцыі,0,0,0,0,0,0,0,0,0,0
прызнацца,0,0,0,0,0,1,1,0,0,1
споведзь,0,1,0,1,0,1,0,1,1,0
спавядальны,0,0,0,1,0,0,0,0,0,1
прызнанні,0,0,0,0,0,0,0,0,0,0
даверыцца,0,0,0,0,0,0,0,0,0,1
упэўненасць,0,0,0,1,1,0,1,0,0,1
упэўнены ў сабе,0,0,0,0,1,0,1,0,0,1
канфідэнцыяльны,0,0,0,0,0,0,0,0,0,1
канфідэнцыйна,0,0,0,0,0,0,0,0,0,1
канфігурацыя,0,0,0,0,0,0,0,0,0,0
абмежаваць,1,0,0,1,0,1,0,1,0,0
абмежаваны,1,0,1,1,0,1,0,1,0,0
зняволенне,1,0,0,1,0,1,0,1,0,0
абмяжоўвае,0,0,0,0,0,0,0,0,0,0
пацвердзіць,0,0,0,0,0,0,0,0,0,0
пацвярджэнне,0,0,0,0,0,0,0,0,0,1
пацвярджальны,0,0,0,0,0,0,0,0,0,0
пацверджана,0,0,0,0,0,0,1,0,0,1
канфіскаваць,1,0,0,0,0,1,0,1,0,0
канфіскацыя,0,0,0,0,0,1,0,0,0,0
пажарышча,1,0,0,1,0,1,0,0,0,0
канфлікт,1,0,0,1,0,1,0,1,0,0
канфліктныя,0,0,0,0,0,1,0,0,0,0
зліццё,0,0,0,0,0,0,0,0,0,0
адпаведнасць,0,0,0,0,0,0,1,0,0,0
канфармацыя,0,0,0,0,0,0,0,0,0,0
адпаведнасць,0,0,0,0,0,0,0,0,0,1
бянтэжыць,0,0,0,0,0,1,0,0,0,0
збянтэжаны,0,0,0,0,0,1,0,0,0,0
супрацьстаяць,1,0,0,0,0,0,0,0,0,0
заблытаць,0,0,0,0,0,1,0,0,0,0
разгубленасць,1,0,0,1,0,1,0,0,0,0
кангеніяльны,0,0,0,0,0,0,1,0,0,0
прыроджаныя,0,0,0,0,0,0,0,0,0,0
заторы,0,0,0,0,0,1,0,0,0,0
кангламерат,0,0,0,0,0,0,0,0,0,1
кангламерат,0,0,0,0,0,0,0,0,0,0
віншавальны,0,0,0,0,1,0,1,0,0,0
збірацца,0,0,0,0,0,0,0,0,0,0
сход,0,0,0,0,0,0,1,0,0,1
кангрэс,0,0,1,0,0,0,0,0,0,1
кангрэса,0,0,0,0,0,0,0,0,0,0
кангрэсмен,0,0,0,0,0,0,0,0,0,1
кангруэнтнасць,0,0,0,0,0,0,1,0,0,1
канічны,0,0,0,0,0,0,0,0,0,0
канічны,0,0,0,0,0,0,0,0,0,0
здагадка,0,1,0,0,0,0,0,0,0,0
сужэнскі,0,0,0,0,0,0,0,0,0,0
спалучаны,0,0,0,0,0,0,0,0,0,0
спражэнне,0,0,0,0,0,0,0,0,0,0
злучнік,0,0,0,0,0,0,0,0,0,0
злучнік,0,0,0,0,0,0,0,0,0,0
чараваць,0,1,0,0,0,0,0,0,1,0
заклінанне,0,0,0,0,0,1,0,0,0,0
злучыць,0,0,0,0,0,0,0,0,0,0
звязаны,0,0,0,0,0,0,0,0,0,0
злучэнне,0,0,0,0,0,0,0,0,0,0
злучальны,0,0,0,0,0,0,0,0,0,1
знаўца,0,0,0,0,1,0,1,0,0,1
перамагчы,0,0,0,0,0,0,0,0,0,0
заваёўнік,0,0,0,0,0,0,0,0,0,0
заваяванне,1,0,0,1,0,1,0,0,0,0
сумленне,0,0,0,0,0,0,1,0,0,1
добрасумленны,0,0,0,0,0,0,1,0,0,1
свядомасці,0,0,0,0,0,0,1,0,0,0
прызыву ў войска,0,0,0,0,0,0,0,0,0,0
асвячэнне,0,1,0,0,1,0,1,1,0,1
запар,0,0,0,0,0,0,0,0,0,0
згода,0,0,0,0,0,0,0,0,0,0
згодны,0,0,0,0,0,0,0,0,0,0
следства,0,0,0,0,0,0,0,0,0,0
выніковы,0,1,0,0,0,0,0,0,0,0
захаванне,0,1,0,0,0,0,1,0,0,1
кансерватызм,0,0,0,0,0,0,0,0,0,0
кансерватыўны,0,0,0,0,0,0,0,0,0,0
кансерваторыя,0,0,0,0,0,0,0,0,0,0
кансерваваць,0,0,0,0,0,0,1,0,0,0
значная,0,0,0,0,0,0,1,0,0,0
уважлівы,0,0,0,0,0,0,1,0,0,1
грузаатрымальнік,0,0,0,0,0,0,0,0,0,0
накладная,0,0,0,0,0,0,0,0,0,0
кансістэнцыя,0,0,0,0,0,0,1,0,0,1
паслядоўны,0,0,0,0,0,0,0,0,0,0
суцяшэнне,0,0,0,0,0,0,0,0,0,0
кансоль,0,0,0,0,0,0,1,1,0,0
кансалідаваць,0,0,0,0,0,0,0,0,0,0
кансалідацыя,0,0,0,0,0,0,0,0,0,0
зычны,0,0,0,0,0,0,1,0,0,0
супруга,0,0,0,0,0,0,0,0,0,1
кідаецца ў вочы,0,0,0,0,0,0,0,0,0,0
змова,0,0,0,1,0,0,0,0,0,0
змоўшчык,1,1,1,1,0,1,0,0,0,0
змаўляцца,0,0,0,1,0,1,0,0,0,0
канстэбль,0,0,0,0,0,0,0,0,0,1
сталасць,0,0,0,0,0,0,1,0,0,1
пастаянная,0,0,0,0,0,0,1,0,0,1
пастаянна,0,0,0,0,0,0,0,0,0,1
сузор'е,0,0,0,0,0,0,0,0,0,0
жах,1,0,0,1,0,1,0,0,0,0
завалы,0,0,1,0,0,1,0,0,0,0
састаўны,0,0,0,0,0,0,0,0,0,0
складнікі,0,0,0,0,0,0,0,0,0,0
складаюць,0,0,0,0,0,0,0,0,0,1
канстытуцыя,0,0,0,0,0,0,0,0,0,0
канстытуцыйны,0,0,0,0,0,0,1,0,0,1
канстытуцыйнасць,0,0,0,0,0,0,0,0,0,0
стрымліваць,0,0,0,1,0,1,0,0,0,0
абмежаваны,0,0,0,0,0,1,0,0,0,0
абмежаванне,1,0,0,1,0,1,0,1,0,0
пабудаваць,0,0,0,0,0,0,1,0,0,0
будаўніцтва,0,0,0,0,0,0,0,0,0,0
вытлумачыць,0,0,0,0,0,0,0,0,0,0
консул,0,0,0,0,0,0,0,0,0,1
параіцца,0,0,0,0,0,0,0,0,0,1
кансультацыя,0,0,0,0,0,0,0,0,0,0
спажываць,0,0,0,0,0,0,0,0,0,0
спажыванне,0,0,0,0,0,0,0,0,0,0
недасканалы,0,0,0,0,0,0,1,0,0,0
завяршэнне,0,0,0,0,0,0,0,0,0,0
спажывання,0,0,0,0,0,0,0,0,0,0
кантакт,0,0,0,0,0,0,1,0,0,0
зараза,0,1,1,1,0,1,0,0,0,0
інфекцыйны,0,0,1,1,0,1,0,0,0,0
стрымліванне,0,0,0,0,0,0,0,0,0,0
забруджваць,0,0,1,0,0,1,0,0,0,0
забруджаныя,0,0,1,1,0,1,0,1,0,0
забруджванне,0,0,1,0,0,1,0,0,0,0
сузіраць,0,0,0,0,0,0,0,0,0,0
сузіранне,0,0,0,0,0,0,1,0,0,0
сузіральны,0,0,0,0,0,0,0,0,0,0
адначаснік,0,0,0,0,0,0,0,0,0,0
сучасны,0,0,0,0,0,0,0,0,0,0
пагарда,1,0,1,1,0,1,0,0,0,0
пагардлівы,1,0,1,0,0,1,0,0,0,0
пагардлівы,1,0,0,0,0,1,0,0,0,0
спаборнічаючы,0,0,0,0,0,0,0,0,0,0
змест,0,0,0,0,1,0,1,0,0,1
спрэчка,0,0,0,0,0,0,0,0,0,0
спрэчным,1,0,1,1,0,1,0,0,0,0
змесціва,0,0,0,0,0,0,0,0,0,0
кантэкст,0,0,0,0,0,0,0,0,0,0
сумежныя,0,0,0,0,0,0,0,0,0,0
кантынентальнасць,0,0,0,0,0,0,0,0,0,0
кантынент,0,0,0,0,0,0,0,0,0,0
кантынентальны,0,0,0,0,0,0,0,0,0,0
непрадбачанасць,0,0,0,0,0,0,0,0,0,0
кантынгент,0,1,0,0,0,0,0,0,0,0
бесперапынны,0,0,0,0,0,0,0,0,0,0
бесперапынна,0,0,0,0,0,0,0,0,0,0
працяг,0,0,0,0,0,0,0,0,0,0
працяг,0,1,0,0,0,0,0,0,0,0
працягнуць,0,1,0,0,0,0,1,0,0,1
працяг,0,0,0,0,0,0,0,0,0,0
працягваецца,0,0,0,0,0,0,0,0,0,0
пераемнасць,0,0,0,0,0,0,0,0,0,0
бесперапынны,0,0,0,0,0,0,0,0,0,0
бесперапынна,0,0,0,0,0,0,0,0,0,0
контур,0,0,0,0,0,0,1,0,0,0
кантрабанда,1,0,1,1,0,1,0,0,0,0
кантракт,0,0,0,0,0,0,0,0,0,0
кантрактныя,0,0,0,0,0,1,0,0,0,0
скарачальны,0,0,0,0,0,0,0,0,0,0
дагаворныя,0,0,0,0,0,0,0,0,0,0
скарачэнне,0,0,0,0,0,0,0,0,0,0
супярэчаць,1,0,0,0,0,1,0,0,0,0
супярэчлівасць,0,0,0,0,0,1,0,0,0,0
супярэчлівы,0,0,0,0,0,1,0,0,0,0
насуперак,0,0,0,0,0,1,0,0,0,0
кантраснасць,0,0,0,0,0,0,0,0,0,0
кантрасныя,0,0,0,0,0,1,0,0,0,0
супярэчыць,0,0,0,0,0,1,0,0,0,0
парушэнне,0,0,0,0,0,1,0,0,0,0
спрыяць,0,0,0,0,0,0,1,0,0,0
укладальнік,0,0,0,0,0,0,1,0,0,1
надуманы,0,0,0,0,0,0,0,0,0,0
кантроль,0,0,0,0,0,0,0,0,0,0
спрэчным,1,0,0,0,0,1,0,0,0,0
спрэчка,0,0,0,0,0,1,0,0,0,0
загадка,0,0,0,0,0,0,0,0,0,0
рэканвалесцэнт,0,0,0,0,0,0,0,0,0,0
канвекцыя,0,0,0,0,0,0,0,0,0,0
склікаць,0,0,0,0,0,0,0,0,0,0
зручнасць,0,0,0,0,0,0,1,0,0,0
выгоды,0,0,0,0,0,0,0,0,0,0
зручны,0,0,0,0,0,0,1,0,0,0
жаночы манастыр,0,0,0,0,0,0,1,0,0,1
канвенцыі,0,0,0,0,0,0,1,0,0,0
звычайныя,0,0,0,0,0,0,0,0,0,0
сыходзяцца,0,0,0,0,0,0,0,0,0,0
канвергенцыя,0,1,0,0,0,0,0,0,0,0
канвергентныя,0,0,0,0,0,0,0,0,0,0
абазнаны,0,0,0,0,0,0,1,0,0,0
размова,0,0,0,0,0,0,0,0,0,0
гутарковы,0,0,0,0,0,0,1,0,0,0
размаўляць,0,0,0,0,0,0,0,0,0,0
размаўляючы,0,0,0,0,0,0,0,0,0,0
канверсія,0,0,0,0,0,0,0,0,0,0
канвертаваць,0,0,0,0,0,0,1,0,0,0
ператвораны,0,0,0,0,0,0,0,0,0,0
кабрыялет,0,0,0,0,0,0,0,0,0,0
выпуклыя,0,0,0,0,0,0,0,0,0,0
выпукласць,0,0,0,0,0,0,0,0,0,0
перадаваць,0,0,0,0,0,0,0,0,0,0
транспарціроўка,0,0,0,0,0,0,0,0,0,0
транспарціроўка,0,0,0,0,0,0,0,0,0,1
асуджаны,1,0,1,1,0,1,0,1,0,0
перакананасць,0,0,0,0,0,1,0,0,0,0
пераканаць,0,1,0,0,0,0,1,0,0,1
перакананы,0,0,0,0,0,0,0,0,0,1
пераканаўча,0,0,0,0,0,0,0,0,0,1
скліканне,0,0,0,0,0,0,0,0,0,0
заблытаны,0,0,0,0,0,0,0,0,0,0
згортка,0,0,0,0,0,0,0,0,0,0
канвой,0,0,0,0,0,0,0,0,0,0
варкаваць,0,0,0,0,0,0,0,0,0,0
рыхтаваць,0,0,0,0,0,0,0,0,0,0
кулінарыя,0,0,0,0,0,0,0,0,0,0
кулінарыя,0,0,0,0,0,0,0,0,0,0
крута,0,0,0,0,0,0,1,0,0,0
кулер,0,0,0,0,0,0,0,0,0,0
астуджэнне,0,0,0,0,0,0,0,0,0,0
прахалода,0,0,0,0,0,0,1,0,0,0
куратнік,1,0,1,0,0,1,0,0,0,0
супрацоўнічаць,0,0,0,0,0,0,1,0,0,0
супрацоўнічаць,0,0,0,0,0,0,1,0,0,1
супрацоўніцтва,0,0,0,0,0,0,1,0,0,1
кааператыў,0,0,0,0,0,0,1,0,0,1
каардынаваць,0,0,0,0,0,0,0,0,0,0
паліцэйскі,0,0,0,1,0,0,0,0,0,1
багаты,0,0,0,0,0,0,0,0,0,0
медзь,0,0,0,0,0,0,0,0,0,0
копія,0,0,0,0,0,1,0,0,0,0
копія,1,0,1,0,0,1,0,0,0,0
капіраванне,0,0,0,0,0,0,0,0,0,0
аўтарскае права,0,0,0,0,0,0,0,0,0,0
каралавыя,0,0,0,0,0,0,0,0,0,0
шнур,0,0,0,0,0,0,0,0,0,0
кардон,0,0,0,0,0,0,0,0,0,0
вельвет,0,0,0,0,0,0,0,0,0,0
ядро,0,0,0,0,0,0,1,0,0,0
корак,0,0,0,0,0,0,0,0,0,0
штопар,0,0,0,0,0,0,0,0,0,0
кукуруза,0,0,0,0,0,0,0,0,0,0
рагавіца,0,0,0,0,0,0,0,0,0,0
куток,0,0,0,0,0,0,0,0,0,0
карнет,0,0,0,0,0,0,0,0,0,0
карніз,0,0,0,0,0,0,0,0,0,0
кукурузны крухмал,0,0,0,0,0,0,0,0,0,0
следства,0,0,0,0,0,0,0,0,0,0
карона,0,0,0,0,0,0,0,0,0,0
каранацыя,0,0,0,0,1,0,1,0,0,1
каранер,0,0,0,0,0,1,0,0,0,0
капрал,0,0,0,0,0,1,0,0,0,0
карпаратыўны,0,0,0,0,0,0,0,0,0,0
карпарацыя,0,0,0,0,0,0,1,0,0,1
цялесныя,0,0,0,0,0,0,1,0,0,0
корпуса,0,0,0,0,0,0,0,0,0,0
труп,0,0,1,0,0,1,0,1,0,0
корпус,0,0,0,0,0,0,0,0,0,0
загон,0,0,0,0,0,0,0,0,0,0
карэкцыя,0,0,0,0,0,1,0,0,0,0
карэкціруючыя,0,0,0,0,0,0,1,0,0,0
карэктнасць,0,0,0,0,0,0,0,0,0,1
карэляцыя,0,0,0,0,0,0,0,0,0,0
карэлятыўны,0,0,0,0,0,0,0,0,0,0
перапісвацца,0,0,0,0,0,0,0,0,0,0
перапіска,0,1,0,0,0,0,1,0,0,0
карэспандэнт,0,0,0,0,0,0,0,0,0,0
калідор,0,0,0,0,0,0,0,0,0,0
пацвярджаюць,0,0,0,0,0,0,1,0,0,1
пацверджанне,0,0,0,0,0,0,0,0,0,1
карозія,0,0,0,0,0,1,0,0,0,0
з'едлівы,0,0,0,1,0,1,0,0,0,0
карумпаваны,0,0,0,0,0,1,0,0,0,0
разбэшчваючы,1,0,1,1,0,1,0,1,0,0
карупцыя,0,0,1,0,0,1,0,0,0,0
корс,0,0,0,0,0,0,0,1,0,0
гарсэт,0,0,0,0,0,0,0,0,0,0
кара галаўнога мозгу,0,0,0,0,0,0,0,0,0,0
коркавы,0,0,0,0,0,0,0,0,0,0
карвет,0,0,0,0,0,0,0,0,0,0
касметычны,0,0,0,0,0,0,0,0,0,0
касметычныя сродкі,0,0,0,0,0,0,0,0,0,0
касмічны,0,0,0,0,0,0,0,0,0,0
касмалогія,0,0,0,0,0,0,0,0,0,0
касмапалітычны,0,0,0,0,0,0,1,0,0,1
космас,0,0,0,0,0,0,0,0,0,0
кошт,0,0,0,0,0,0,0,0,0,0
дорага,0,0,0,0,0,0,0,0,0,0
касцюм,0,0,0,0,0,0,0,0,0,0
утульны,0,0,0,0,0,0,1,0,0,0
ложачак,0,0,0,0,0,0,0,0,0,0
Кот,0,0,0,0,0,0,0,0,0,0
катэдж,0,0,0,0,0,0,0,0,0,0
бавоўна,0,0,0,0,0,0,0,0,0,0
канапа,0,0,0,0,0,0,0,1,0,0
пума,0,0,0,0,0,0,0,0,0,0
кашаль,0,0,1,0,0,1,0,0,0,0
рада,0,1,0,0,0,0,1,0,0,1
адвакат,0,0,0,0,0,0,1,0,0,1
саветнік,1,0,0,1,0,1,0,0,0,1
саветнік,0,0,0,0,0,0,1,0,0,1
разлічваць,0,0,0,0,0,0,1,0,0,1
зваротны адлік,0,1,0,0,0,0,0,0,0,0
аблічча,0,0,0,0,0,0,0,0,0,0
лічыльнік,0,0,0,0,0,0,0,0,0,0
процідзейнічаць,0,0,0,0,0,0,0,0,0,0
процівагу,0,0,0,0,0,0,0,0,0,0
сустрэчны пазоў,0,0,0,0,0,0,0,0,0,0
адпаведнік,0,0,0,0,0,0,0,0,0,0
графіня,0,0,0,0,0,0,1,0,0,0
незлічоная колькасць,0,0,0,0,0,0,0,0,0,0
краіна,0,0,0,0,0,0,0,0,0,0
зямляк,0,0,0,0,0,0,0,0,0,1
разлічвае,0,0,0,0,0,0,0,0,0,0
акруга,0,0,0,0,0,0,0,0,0,1
пераварот,1,0,0,0,0,0,0,0,1,0
пара,0,0,0,0,0,0,0,0,0,0
спалучаныя,0,0,0,0,0,0,0,0,0,0
купон,0,0,0,0,0,0,0,0,0,0
мужнасць,0,0,0,0,0,0,1,0,0,0
мужны,0,0,0,1,0,0,1,0,0,0
кур'ер,0,0,0,0,0,0,0,0,0,1
курсы,0,0,0,0,0,0,0,0,0,0
курсінг,0,0,0,0,0,1,0,0,0,0
суд,1,1,0,1,0,0,0,0,0,0
ветлівы,0,0,0,0,0,0,1,0,0,0
ветлівасць,0,0,0,0,0,0,1,0,0,0
будынак суда,0,0,0,0,0,0,0,0,0,0
суды,0,0,0,0,0,0,0,0,0,0
заляцанні,0,1,0,0,1,0,1,0,0,1
дворык,0,0,0,0,0,0,0,0,0,0
бухта,0,1,1,1,1,0,1,0,0,0
запавет,0,0,0,0,0,0,1,0,0,1
вокладка,0,0,0,0,0,0,0,0,0,1
накрыты,0,0,0,0,0,0,0,0,0,0
пакрыццё,0,0,0,0,0,0,0,0,0,0
схаваны,0,0,0,0,0,0,0,0,0,0
жадаць,0,0,0,0,0,1,0,0,0,0
карова,0,0,0,0,0,0,0,0,0,0
баязлівец,0,0,1,1,0,1,0,1,0,0
баязлівасць,0,0,0,1,0,1,0,0,0,0
баязлівы,0,0,0,1,0,1,0,0,0,0
каўбойскі,0,0,0,0,0,0,0,0,0,0
каровіная скура,0,0,0,0,0,0,0,0,0,0
кажух,0,0,0,0,0,0,0,0,0,0
калега па працы,0,0,0,0,0,0,0,0,0,0
сарамлівы,0,0,0,1,0,0,0,0,0,0
каёт,0,0,0,1,0,0,0,0,0,0
краб,0,0,0,0,0,0,0,0,0,0
раз'юшаны,1,0,0,0,0,1,0,0,0,0
расколіна,0,0,0,0,0,1,0,0,0,0
трэснуў,1,0,0,1,0,1,0,0,0,0
узломшчык,0,0,0,0,0,0,0,0,0,0
парэпанне,0,0,0,0,0,1,0,0,0,0
трэск,0,0,0,0,0,0,0,0,0,0
калыска,0,1,0,0,1,0,1,0,0,1
рамяство,0,0,0,0,0,0,1,0,0,0
рамеснік,0,0,0,0,0,0,1,0,0,0
хітры,0,0,0,0,0,0,0,0,0,0
Крэйг,0,0,0,0,0,0,0,0,0,0
набіты,0,0,0,0,0,0,0,0,0,0
сутарга,0,1,0,0,0,1,0,0,0,0
цеснавата,0,0,0,0,0,1,0,0,0,0
кран,0,0,0,0,0,0,0,0,0,0
чэрап,0,0,0,0,0,0,0,0,0,0
крывашыпна,0,0,0,0,0,1,0,0,0,0
капрызны,1,0,0,0,0,1,0,0,0,0
дзярмо,0,0,1,0,0,1,0,0,0,0
крэпс,0,1,0,0,0,0,0,0,0,0
аварыі,0,0,0,1,0,1,0,1,1,0
скрыня,0,0,0,0,0,0,0,0,0,0
кратэр,0,0,0,0,0,0,0,0,0,0
прагнуць,0,1,0,0,0,0,0,0,0,0
цяга,0,1,0,0,0,0,0,0,0,0
ракі,0,0,0,0,0,0,0,0,0,0
поўзаць,0,0,1,0,0,1,0,0,0,0
алоўкі,0,0,0,0,0,0,0,0,0,0
вар'яцтва,0,0,0,0,0,0,0,0,0,0
звар'яцеў,1,0,0,1,0,1,0,0,0,0
вар'ят,1,0,0,1,0,1,0,1,0,0
рыпучы,0,0,0,0,0,1,0,0,0,0
вяршкі,0,1,0,0,1,0,1,0,1,0
сліўкі,0,0,0,0,0,0,0,0,0,0
сметанковы,0,0,0,0,0,0,0,0,0,0
зморшчына,0,0,0,0,0,0,0,0,0,0
ствараць,0,0,0,0,1,0,1,0,0,0
стварэнне,0,0,0,0,0,0,0,0,0,0
творчы,0,0,0,0,0,0,1,0,0,0
стваральнік,0,0,0,0,0,0,0,0,0,0
істота,0,0,1,1,0,1,0,0,0,0
давер,0,0,0,0,0,0,1,0,0,1
уліковы запіс,0,0,0,0,0,0,1,0,0,1
паўнамоцтвы,0,0,0,0,0,0,0,0,0,0
давер,0,0,0,0,0,0,1,0,0,1
варты даверу,0,0,0,0,0,0,1,0,0,1
крэдыт,0,0,0,0,0,0,1,0,0,1
годна пахвалы,0,0,0,0,0,0,1,0,0,1
залічваецца,0,0,0,0,0,0,1,0,0,0
крэдытаванне,0,0,0,0,0,0,0,0,0,0
крэдытор,0,0,0,0,0,0,0,0,0,0
веравызнанне,0,0,0,0,0,0,0,0,0,0
ручай,0,0,0,0,0,0,0,0,0,0
поўзаць,0,0,0,0,0,1,0,0,0,0
паўзучая,0,1,0,0,0,0,0,0,0,0
крэмацыя,0,0,0,0,0,0,0,1,0,0
крэольскі,0,0,0,0,0,0,0,0,0,0
крэшчэнда,0,1,0,0,1,0,1,0,1,1
паўмесяц,0,0,0,0,0,0,0,0,0,0
шчыліну,0,0,0,0,0,0,0,0,0,0
экіпаж,0,0,0,0,0,0,0,0,0,1
ложачак,0,0,0,0,0,0,0,0,0,0
крыкет,0,0,0,0,0,0,0,0,0,0
злачынства,1,0,0,0,0,1,0,0,0,0
крымінальны,1,0,1,1,0,1,0,0,0,0
злачыннасць,1,0,1,1,0,1,0,0,0,0
абціскны,0,0,0,0,0,0,0,0,0,0
малінавы,0,0,0,0,0,0,0,0,0,0
курчыцца,0,0,1,1,0,1,0,1,0,0
калечыць,0,0,0,1,0,1,0,1,0,0
пакалечаны,0,0,0,0,0,1,0,1,0,0
крызіс,0,0,0,0,0,1,0,0,0,0
хрумсткі,0,0,0,0,0,1,0,0,0,1
крытэрый,0,0,0,0,0,0,0,0,0,0
крытык,0,0,0,0,0,1,0,0,0,0
крытыка,1,0,0,0,0,1,0,1,0,0
крытыкаваць,1,0,1,1,0,1,0,1,0,0
крытыка,0,0,0,0,0,0,1,0,0,0
стварэнне,0,0,1,0,0,0,0,0,0,0
каркаць,0,0,0,0,0,0,0,0,0,0
гліняны посуд,0,0,0,0,0,0,0,0,0,0
посуд,0,0,0,0,0,0,0,0,0,0
кракадзіл,0,0,0,1,0,0,0,0,0,0
крафт,0,0,0,0,0,0,0,0,0,0
жулік,0,0,0,0,0,1,0,0,0,0
ўраджай,0,0,0,0,0,0,0,0,0,0
кракет,0,0,0,0,0,0,0,0,0,0
крыж,1,0,0,1,0,1,0,1,0,0
арбалет,0,0,0,0,0,0,0,0,0,0
перакрыжаваныя,0,0,0,0,0,0,0,0,0,0
скрыжаванне,0,0,0,0,0,0,0,0,0,0
пахвіну,0,0,0,0,0,0,0,0,0,0
прысядаць,0,0,0,1,0,0,0,0,0,0
прыгнуўшыся,0,0,0,0,0,0,0,0,0,0
прыгнуўшыся,0,0,0,1,0,1,0,0,0,0
круп'е,0,0,0,0,0,0,0,0,0,0
варона,0,0,0,0,0,0,0,0,0,0
натоўп,0,0,0,0,0,0,0,0,0,0
шматлюдна,0,0,0,0,0,0,0,0,0,0
карона,0,0,0,0,0,0,0,0,0,0
каранаванне,0,1,0,0,1,0,1,0,1,1
вырашальнае значэнне,0,0,0,0,0,0,1,0,0,1
крыжападобны,0,0,0,0,0,1,0,0,0,0
распяцце,0,0,0,0,0,0,0,0,0,0
распяцце,1,0,1,1,0,1,0,1,0,0
сырая,0,0,1,0,0,1,0,0,0,0
жорсткі,1,0,1,1,0,1,0,1,0,0
жорстка,1,0,0,1,0,1,0,0,0,0
жорсткасць,1,0,1,1,0,1,0,1,0,0
круіз,0,0,0,0,0,0,0,0,0,0
крэйсер,0,0,0,0,0,0,0,0,0,0
дробка,0,0,0,0,0,0,0,0,0,0
рассыпаецца,0,0,0,0,0,1,0,1,0,0
храбусценне,1,0,0,0,0,1,0,0,0,0
крыжовы паход,1,0,0,1,0,1,0,0,0,0
раздушыць,0,0,0,0,0,0,0,0,0,0
здробнены,1,0,1,1,0,1,0,1,0,0
драбненне,1,0,1,1,0,1,0,0,0,0
скарынка,0,0,0,0,0,0,0,0,0,0
скарыначкай,0,0,1,0,0,1,0,0,0,0
мыліца,0,0,0,0,0,0,0,0,0,0
сутнасць,0,0,0,0,0,0,0,0,0,0
плакаць,0,0,0,0,0,1,0,1,0,0
плакаць,0,0,0,0,0,1,0,1,0,0
склеп,0,0,0,1,0,1,0,1,0,0
загадкавы,0,0,0,0,0,0,0,0,0,0
крыптаграфія,0,0,0,0,0,0,0,0,0,0
крышталь,0,0,0,0,0,0,1,0,0,0
крышталічны,0,0,0,0,0,0,0,0,0,0
крышталізацыя,0,0,0,0,0,0,0,0,0,0
дзіцяня,0,0,0,0,0,0,0,0,0,0
куб,0,0,0,0,0,0,0,0,0,1
кабіна,0,0,0,0,0,0,0,0,0,0
раганосец,0,0,1,0,0,1,0,0,0,0
зязюля,0,0,0,0,0,1,0,0,0,0
абдымацца,0,0,0,0,1,0,1,0,0,1
рэпліка,0,1,0,0,0,0,0,0,0,0
абшэўка,0,0,0,0,0,0,0,0,0,0
кухня,0,0,0,0,0,0,0,0,0,0
кулінарны,0,0,0,0,0,0,1,0,0,1
выбракоўваць,0,0,0,0,0,1,0,0,0,0
кульмінаваць,0,0,0,0,0,0,0,0,0,0
кульмінацыя,0,0,0,0,0,0,1,0,0,0
вінаватасць,0,0,0,0,0,1,0,0,0,0
вінаваты,0,0,0,0,0,1,0,0,0,0
вінаваты,0,0,0,0,0,1,0,0,0,0
культ,0,0,0,1,0,1,0,0,0,0
культываваць,0,1,0,0,0,0,1,0,0,1
культывуецца,0,0,0,0,0,0,1,0,0,0
вырошчванне,0,0,0,0,0,0,1,0,0,0
культуры,0,0,0,0,0,0,1,0,0,0
водопропускная труба,0,0,0,0,0,0,0,0,0,0
грувасткі,0,0,0,0,0,1,0,1,0,0
кучавыя,0,0,0,0,0,0,0,0,0,0
хітры,0,0,0,0,0,1,1,0,0,0
кубак,0,0,0,0,0,0,0,0,0,0
шафа,0,0,0,0,0,0,0,0,0,0
купіраванне,0,0,1,1,0,1,0,1,0,0
кучар,1,0,1,1,0,1,0,0,0,0
вылечны,0,0,0,0,0,0,1,0,0,1
куратарства,0,0,0,0,0,0,0,0,0,0
гаючыя,0,0,0,0,0,0,0,0,0,0
куратар,0,0,0,0,0,0,0,0,0,0
бардзюр,0,0,0,0,0,0,0,0,0,0
тварог,0,0,0,0,0,0,0,0,0,0
каменданцкая гадзіна,0,0,0,0,0,0,0,0,0,0
цікаўнасць,0,1,0,0,0,0,1,0,1,0
завітак,0,0,0,0,0,0,1,0,0,0
скручванне,0,0,0,0,0,0,0,0,0,0
валюта,0,0,0,0,0,0,0,0,0,0
ток,0,0,0,0,0,0,0,0,0,0
вучэбная праграма,0,0,0,0,0,0,0,0,0,0
кары,0,0,0,0,0,0,0,0,0,0
праклён,1,0,1,1,0,1,0,1,0,0
пракляты,1,0,0,1,0,1,0,1,0,0
лаяцца,1,0,1,0,0,1,0,0,0,0
павярхоўны,0,0,0,0,0,1,0,0,0,0
коратка,0,0,0,0,0,0,0,0,0,0
згарнуць,0,0,0,0,0,0,0,0,0,0
згортванне,0,0,0,0,0,0,0,0,0,0
фіранка,0,0,0,0,0,0,0,0,0,0
скрыўленне,0,0,0,0,0,0,0,0,0,0
крывая,0,0,0,0,0,0,0,0,0,0
выгнутыя,0,0,0,0,0,0,0,0,0,0
крывалінейныя,0,0,0,0,0,0,0,0,0,0
падушка,0,0,0,0,0,0,1,0,0,0
куспія,0,0,0,0,0,0,0,0,0,0
лаяўся,1,0,0,0,0,0,0,0,0,0
захавальнікам,0,0,0,0,0,0,0,0,0,1
апека,0,0,0,0,0,0,0,0,0,1
звычай,0,0,0,0,0,0,0,0,0,0
звычаёвы,0,0,0,0,0,0,0,0,0,0
кліент,0,0,0,0,0,0,1,0,0,0
выразаць,0,0,0,0,0,0,0,0,0,0
скурныя,0,0,0,0,0,0,0,0,0,0
мілы,0,0,0,0,0,0,1,0,0,0
кутікула,0,0,0,0,0,0,0,0,0,0
сталовыя прыборы,0,0,0,0,0,0,0,0,0,0
разак,0,0,0,1,0,1,0,0,0,0
фрэзы,0,0,0,0,0,0,1,0,0,0
галаварэз,1,0,0,1,0,1,0,0,0,0
рэзка,1,0,1,1,0,1,0,1,0,0
тронкі,0,0,0,0,0,0,0,0,0,0
CWT,0,0,0,0,0,0,0,0,0,0
цыянід,0,0,0,1,0,1,0,0,0,0
цыкл,0,0,0,0,0,0,0,0,0,0
цыклічны,0,0,0,0,0,0,0,0,0,0
веласіпедыст,0,0,0,0,0,0,0,0,0,0
цыклон,0,0,0,1,0,1,0,0,1,0
цыліндр,0,0,0,0,0,0,0,0,0,0
цыліндрычныя,0,0,0,0,0,0,0,0,0,0
цымбал,0,0,0,0,0,0,0,0,0,0
цынік,0,0,0,0,0,0,0,0,0,0
кіста,0,0,0,1,0,1,0,1,0,0
кістозная,0,0,1,0,0,0,0,0,0,0
цітомегаловірус,0,0,0,0,0,1,0,1,0,0
цытаплазма,0,0,0,0,0,0,0,0,0,0
цар,0,0,0,0,0,0,0,0,0,0
мазок,0,0,0,0,0,0,0,0,0,0
плёскацца,0,0,0,0,0,0,0,0,0,0
плёскацца,1,0,1,0,0,1,0,0,0,0
тата,0,0,0,0,0,0,0,0,0,0
дадо,0,0,0,0,0,0,0,0,0,0
дэман,1,0,1,1,0,1,0,1,1,0
дурны,0,0,1,0,0,1,0,0,0,0
кінжал,0,0,0,1,0,1,0,0,0,0
штодня,0,1,0,0,0,0,0,0,0,0
ласунак,0,0,0,0,0,0,0,0,0,0
малочныя,0,0,0,0,0,0,0,0,0,0
дак,0,0,0,0,0,0,0,0,0,0
дал,0,0,0,0,0,0,0,0,0,0
дамба,0,0,0,0,0,0,0,0,0,0
пашкоджанне,1,0,1,0,0,1,0,1,0,0
пашкоджанні,0,0,0,0,0,1,0,1,0,0
дама,1,0,1,0,0,0,1,0,0,1
пракляты,1,0,1,0,0,1,0,0,0,0
пракляцце,1,0,0,1,0,1,0,1,0,0
пракляты,0,0,0,0,0,1,0,0,0,0
вільготны,0,0,0,0,0,0,0,0,0,0
завільгатнець,0,0,0,0,0,0,0,0,0,0
засланка,0,0,0,0,0,1,0,0,0,0
дзяўчына,0,0,0,0,0,0,0,0,0,0
танец,0,0,0,0,1,0,1,0,0,1
танцор,0,0,0,0,0,0,0,0,0,0
перхаць,0,0,0,0,0,1,0,0,0,0
дэндзі,0,0,1,0,0,1,0,0,0,0
небяспека,0,0,0,1,0,1,0,1,0,0
небяспечныя,0,0,0,1,0,1,0,0,0,0
боўтацца,0,0,0,0,0,0,0,0,0,0
вільготны,0,0,1,0,0,0,0,0,0,0
шыкоўны,0,0,0,0,0,0,0,0,0,0
адважвацца,0,1,0,0,0,0,0,0,0,1
дзёрзкі,0,0,0,0,0,0,1,0,0,0
цёмны,0,0,0,0,0,0,0,1,0,0
цямнець,0,0,0,1,0,1,0,1,0,0
пацямнела,0,0,0,1,0,1,0,1,0,0
змрочна,0,0,0,0,0,0,0,0,0,0
цемра,1,0,0,1,0,1,0,1,0,0
дарагая,0,0,0,0,1,0,1,0,0,1
цыраваць,0,0,0,0,0,0,0,0,0,0
дартс,0,0,0,1,0,0,0,0,0,0
працяжнік,0,0,0,0,0,0,0,0,0,0
прыборная панэль,0,0,0,0,0,0,0,0,0,0
пункцірныя,1,0,0,1,0,1,0,1,0,0
хвацкі,0,0,0,0,0,0,1,0,0,0
падла,1,0,1,1,0,1,0,0,0,0
дадзеныя,0,0,0,0,0,0,0,0,0,0
база дадзеных,0,0,0,0,0,0,0,0,0,0
дата,0,0,0,0,0,0,0,0,0,0
дачка,0,0,0,0,1,0,1,0,0,0
світанне,0,1,0,0,1,0,1,0,1,1
дзень,0,0,0,0,0,0,0,0,0,0
світанне,0,0,0,0,0,0,0,0,0,0
летуценнасць,0,0,0,0,0,0,0,0,0,0
аслупянелы,0,0,0,0,0,0,0,0,0,0
аслупянелы,0,0,0,0,0,1,0,0,0,0
асляпляльна,0,0,0,0,0,0,0,0,0,0
дыякан,0,0,0,0,0,0,0,0,0,1
дэактываваць,0,0,0,0,0,1,0,0,0,0
тупік,0,0,0,0,0,1,0,0,0,0
смяротна небяспечны,1,0,1,1,0,1,0,1,0,0
аглушальны,0,0,0,0,0,0,0,0,0,0
глухата,0,0,0,0,0,0,0,0,0,0
справа,0,1,0,0,1,0,1,0,1,1
дылер,0,0,0,0,0,0,0,0,0,0
справа,0,0,0,0,0,0,0,0,0,0
здзелкі,0,0,0,0,0,0,0,0,0,1
дэкан,0,0,0,0,0,0,0,0,0,0
дарагая,0,0,0,0,0,0,1,0,0,0
нястача,0,0,0,0,0,0,0,0,0,0
смерць,1,1,1,1,0,1,0,1,1,0
разгром,0,0,0,1,0,1,0,1,0,0
спрэчна,0,0,0,0,0,0,0,0,0,0
дэбаты,0,0,0,0,0,0,1,0,0,0
распуста,0,0,1,1,0,1,0,0,0,0
аблігацыі,0,1,0,0,0,0,0,0,0,0
дэбет,0,0,0,0,0,0,0,0,0,0
смецце,0,0,1,0,0,1,0,0,0,0
доўг,0,0,0,0,0,1,0,1,0,0
даўжнік,0,0,0,0,0,1,0,0,0,0
дэбют,0,0,0,0,0,0,0,0,0,0
дзесяцігоддзе,0,0,0,0,0,0,0,0,0,0
графін,0,0,0,0,0,0,0,0,0,0
распад,0,0,0,1,0,1,0,1,0,0
спарахнелы,0,0,1,0,0,1,0,1,0,0
нябожчык,0,0,0,0,0,1,0,1,0,0
падман,1,0,1,1,0,1,0,1,1,0
падманлівы,0,0,1,0,0,1,0,1,0,0
падмануць,1,0,1,0,0,1,0,1,0,0
падманулі,1,0,0,0,0,1,0,0,0,0
падманваючы,0,0,0,0,0,1,0,0,0,1
прыстойнасць,0,0,0,0,0,0,1,0,0,0
прыстойны,0,0,0,0,0,0,1,0,0,0
падман,0,0,0,0,0,1,0,0,0,0
зманлівы,0,0,0,0,0,1,0,0,0,0
рашуча,0,0,0,0,0,0,0,0,0,0
лістападныя,0,0,0,0,0,0,0,0,0,0
дзесятковы,0,0,0,0,0,0,0,0,0,0
расшыфраваць,0,0,0,0,0,0,0,0,0,0
рашэнне,0,0,0,0,0,0,0,0,0,0
вырашальны,0,0,0,0,0,0,0,0,0,0
калода,0,0,0,0,0,0,0,0,0,0
дэкларацыя,0,0,0,0,0,0,0,0,0,0
дэкларатыўны,0,0,0,0,0,0,1,0,0,0
заявіць,0,0,0,0,0,0,0,0,0,0
скланенне,0,0,0,0,0,1,0,0,0,0
заняпад,0,0,0,0,0,1,0,0,0,0
зніжаецца,0,0,0,0,0,1,0,0,0,0
раскласціся,0,0,1,0,0,0,0,0,0,0
раскладзеныя,0,0,0,0,0,0,0,1,0,0
раскладанне,0,0,1,1,0,1,0,1,0,0
упрыгожыць,0,0,0,0,0,0,0,0,0,0
ўпрыгажэнні,0,0,0,0,0,0,0,0,0,0
прыстойнасць,0,0,0,0,0,0,0,0,0,0
прынада,0,0,0,0,0,0,0,0,1,0
памяншэнне,0,0,0,0,0,1,0,0,0,0
зменшылася,0,0,0,0,0,0,0,0,0,0
памяншаецца,0,0,0,0,0,0,0,0,0,0
указ,0,0,0,0,0,0,0,0,0,0
дэкрэмент,0,0,0,0,0,1,0,0,0,0
спарахнелы,0,0,0,0,0,1,0,0,0,0
асуджаць,1,0,0,0,0,1,0,0,0,0
прысвячэнне,0,0,0,0,0,0,1,0,0,0
выводзіць,0,0,0,0,0,0,0,0,0,0
адлічваць,0,0,0,0,0,1,0,0,0,0
дэдукцыя,0,0,0,0,0,0,0,0,0,0
справа,0,0,0,0,0,0,0,0,0,1
паглыбляць,0,0,0,0,0,0,0,0,0,0
алені,0,0,0,0,0,0,0,0,0,0
паклёп,0,0,1,1,0,1,0,0,0,0
паклёпніцкі,1,0,0,0,0,1,0,0,0,0
па змаўчанні,0,0,1,1,0,1,0,1,0,0
паражэнне,0,0,0,0,0,1,0,0,0,0
пераможаны,0,0,0,0,0,1,0,1,0,0
дэфект,1,0,0,0,0,1,0,0,0,0
дэзерцірства,0,0,0,1,0,1,0,0,0,0
дэфектны,0,0,1,0,0,1,0,0,0,0
абараняць,0,0,0,1,0,0,1,0,0,0
падсудны,1,0,0,1,0,0,0,1,0,0
абараняў,0,0,0,0,0,0,1,0,0,1
абаронца,0,0,0,0,0,0,1,0,0,1
абараняючы,0,0,0,0,0,0,1,0,0,0
абароны,1,1,0,1,0,0,1,0,0,0
безабаронны,0,0,0,1,0,1,0,1,0,0
апраўданы,0,0,0,0,0,0,0,0,0,0
абарончы,0,0,0,0,0,0,0,0,0,0
адкласці,0,0,0,0,0,0,0,0,0,0
павага,0,0,0,0,0,0,1,0,0,1
адтэрміноўка,0,0,0,0,0,1,0,0,0,0
адтэрміноўка,0,0,0,0,0,0,0,0,0,0
непадпарадкаванне,1,0,1,1,0,1,0,0,0,0
з выклікам,1,0,0,0,0,1,0,0,0,0
дэфіцыт,0,0,0,0,0,1,0,0,0,0
дэфіцыт,0,0,0,0,0,1,0,0,0,0
вызначыць,0,0,0,0,0,0,0,0,0,0
вызначаны,0,0,0,0,0,0,0,0,0,0
вызначэнне,0,0,0,0,0,0,0,0,0,0
канчатковы,0,0,0,0,0,0,1,0,0,1
здзьмуць,1,0,0,0,0,1,0,1,0,0
дэфляцыя,0,0,0,1,0,1,0,0,0,0
адхіліць,0,0,0,0,0,0,0,0,0,0
прагін,0,0,0,0,0,0,0,0,0,0
дэфлорацыя,0,0,0,0,0,0,0,0,0,0
дэфармаваць,0,0,1,0,0,1,0,0,0,0
дэфармаваны,0,0,1,0,0,1,0,1,0,0
дэфармацыя,0,0,1,1,0,1,0,1,0,0
падмануць,1,0,1,0,0,1,0,0,0,0
пакрываць,0,0,0,0,0,0,0,0,0,0
спрытны,0,0,0,0,0,0,0,0,0,0
неіснуючы,0,0,0,0,0,1,0,1,0,0
кінуць выклік,1,0,0,1,0,1,0,1,1,0
выраджэнне,1,0,1,0,0,1,0,1,0,0
дэгенераваць,0,0,0,0,0,1,0,0,0,0
дэгенерацыя,0,0,0,0,0,0,0,0,0,0
дэградацыя,0,0,0,0,0,1,0,0,0,0
дэградаваць,0,0,1,0,0,1,0,0,0,0
прыніжаючы годнасць,0,0,1,1,0,1,0,1,0,0
ступені,0,0,0,0,0,0,1,0,0,0
абязводжаны,0,0,0,0,0,0,0,0,0,0
затрымка,1,0,1,1,0,1,0,1,0,0
затрымка,0,0,0,0,0,1,0,0,0,0
цудоўны,0,0,0,0,0,0,1,0,0,0
дэлегат,0,0,0,0,0,0,1,0,0,1
дэлегацыя,0,0,0,0,0,0,0,0,0,0
шкодны,1,0,1,1,0,1,0,0,0,0
выдаленне,0,0,0,0,0,1,0,0,0,0
наўмыснае,0,0,0,0,0,0,1,0,0,0
абмеркаванне,0,0,0,0,0,0,0,0,0,0
дарадчы,0,0,0,0,0,0,0,0,0,0
дэлікатэс,0,0,0,0,0,0,0,0,0,0
смачна,0,0,0,0,1,0,1,0,0,0
захапленне,0,1,0,0,1,0,1,0,0,0
у захапленні,0,1,0,0,1,0,1,0,1,0
цудоўны,0,1,0,0,1,0,1,0,0,1
акрэсліць,0,0,0,0,0,0,0,0,0,0
акрэсленне,0,0,0,0,0,0,0,0,0,0
правапарушэнне,0,0,0,0,0,1,0,0,0,0
правапарушальнік,1,0,1,0,0,1,0,0,0,0
трызненне,0,0,0,0,0,1,0,1,0,0
трызненне,0,0,1,0,0,1,0,1,0,0
збаўленне,0,1,0,0,1,0,1,0,0,1
дастаўка,0,1,0,0,0,0,1,0,0,0
dell,0,0,0,0,0,0,0,0,0,0
дэльта,0,0,0,0,0,0,0,0,0,0
патоп,0,0,0,1,0,1,0,1,1,0
зман,1,0,0,1,0,1,0,1,0,0
ілюзорны,1,0,0,1,0,1,0,0,0,0
паглыбіцца,0,0,0,0,0,0,0,0,0,0
попыт,1,0,0,0,0,1,0,0,0,0
патрабавальны,0,0,0,0,0,1,0,0,0,0
паводзіны,0,0,0,0,0,0,0,0,0,0
вар'ят,0,0,0,1,0,1,0,0,0,0
дэменцыя,0,0,0,1,0,1,0,1,0,0
гібель,0,0,0,1,0,1,0,1,0,0
дэмакратыя,0,0,0,0,0,0,1,0,0,0
дэмакрат,0,0,0,0,0,0,0,0,0,0
знесці,1,0,0,0,0,1,0,1,0,0
знос,0,0,0,0,0,1,0,0,0,0
дэман,1,0,1,1,0,1,0,1,0,0
дэманічны,1,0,1,1,0,1,0,1,0,0
даказальна,0,0,0,0,0,0,1,0,0,0
прадэманстраваць,0,0,0,0,0,0,0,0,0,0
прадэманстраваны,0,0,0,0,0,0,0,0,0,0
дэманструючы,0,0,0,0,0,0,0,0,0,0
дэманстрацыя,0,0,0,0,0,0,0,0,0,0
дэманстратыўная,0,0,0,0,1,0,1,1,0,0
дэманстратар,0,0,0,0,0,0,0,0,0,0
дэмаралізаваны,0,0,0,1,0,1,0,1,0,0
дэманстрацыі,0,0,0,0,0,0,0,0,0,0
логава,0,0,0,0,0,0,0,0,0,0
адмаўленне,0,0,0,0,0,1,0,0,0,0
адмоўлена,0,0,0,0,0,1,0,1,0,0
дэнамінацыя,0,0,0,0,0,0,0,0,0,0
канфесійная,0,0,0,0,0,0,0,0,0,0
назоўнік,0,0,0,0,0,0,0,0,0,0
пазначаюць,0,0,0,0,0,0,0,0,0,0
дэнансаваць,1,0,1,0,0,1,0,0,0,0
шчыльны,0,0,0,0,0,0,0,0,0,0
шчыльнасць,0,0,0,0,0,0,0,0,0,0
ўвагнутасць,0,0,0,0,0,0,0,0,0,0
стаматалогія,0,0,0,1,0,0,0,0,0,0
данос,1,0,1,1,0,1,0,0,0,0
адмаўляць,1,0,0,0,0,1,0,0,0,0
адмаўляючы,0,1,0,0,0,1,0,0,0,0
дэзадарант,0,0,0,0,0,0,0,0,0,0
ад'язджаць,0,1,0,0,0,0,0,1,0,0
адышоў,0,0,0,0,0,1,0,1,0,0
аддзел,0,0,0,0,0,0,0,0,0,0
ад'езд,0,0,0,0,0,1,0,1,0,0
залежаць,0,1,0,0,0,0,0,0,0,1
залежны,0,0,0,0,0,0,0,0,0,0
залежнасць,0,0,0,1,0,1,0,1,0,0
залежнасць,0,0,0,0,0,1,0,0,0,0
залежны,0,0,0,0,0,1,1,0,0,1
адлюстраваць,0,0,0,0,0,0,0,0,0,0
адлюстроўваючы,0,0,0,0,0,0,0,0,0,0
знясіленне,0,0,0,0,0,0,0,0,0,0
варты жалю,1,0,1,1,0,1,0,1,0,0
шкадаваць,1,0,1,0,0,1,0,1,0,0
разгарнуць,0,0,0,0,0,0,0,0,0,0
дэпартаваць,0,0,0,1,0,1,0,1,0,0
дэпартацыя,1,0,0,1,0,1,0,1,0,0
дэпазіт,0,0,0,0,0,0,0,0,0,0
дэпазітарый,0,0,0,0,0,0,0,0,0,0
адклад,0,0,0,0,0,0,0,0,0,0
дэпазітарый,0,0,0,0,0,0,0,0,0,1
дэпо,0,0,0,0,0,0,0,0,0,0
разбэшчаны,1,1,1,1,0,1,0,1,0,0
разбэшчанасць,1,0,1,0,0,1,0,0,0,0
абясцэньвацца,1,0,1,0,0,1,0,0,0,0
абясцэнены,1,0,1,1,0,1,0,1,0,0
амартызацыя,0,0,0,1,0,1,0,0,0,0
прыгнятаць,0,0,0,1,0,1,0,1,0,0
дэпрэсіўны,1,0,0,1,0,1,0,1,0,0
дэпрэсіўны,0,0,1,0,0,1,0,1,0,0
дэпрэсія,0,0,0,0,0,1,0,1,0,0
дэпрэсіўны,0,0,0,0,0,1,0,1,0,0
пазбаўлення,1,0,1,1,0,1,0,1,0,0
глыбіня,0,0,0,0,0,0,1,0,0,1
намеснік,0,0,0,0,0,0,0,0,0,1
сысці з каляіны,0,0,0,0,0,0,0,0,0,0
звар'яцелы,1,0,1,1,0,1,0,0,0,0
закінутыя,0,0,0,0,0,1,0,0,0,0
насмешка,1,0,1,0,0,1,0,0,0,0
вывад,0,0,0,0,0,0,0,0,0,0
вытворная,0,0,0,0,0,0,0,0,0,0
атрымаць,0,0,0,0,0,0,0,0,0,0
скурныя,0,0,0,0,0,0,0,0,0,0
дэрматолаг,0,0,0,0,0,0,0,0,0,1
дэрматалогія,0,0,0,0,0,0,0,0,0,0
адступленне,1,0,1,1,0,1,0,1,0,0
прыніжальна,1,0,1,1,0,1,0,1,0,0
спускацца,0,0,0,0,0,0,0,0,0,0
нашчадак,0,0,0,0,0,0,0,0,0,0
нашчадак,0,0,0,0,0,0,0,0,0,0
сыходны,0,0,0,0,0,0,0,0,0,0
спуск,0,0,0,1,0,0,0,1,0,0
апісаць,0,0,0,0,0,0,0,0,0,0
апісанне,0,0,0,0,0,0,0,0,0,0
апісальны,0,0,0,0,0,0,1,0,0,0
апаганьванне,1,0,1,1,0,1,0,1,0,0
пустыня,1,0,1,1,0,1,0,1,0,0
бязлюдны,1,0,1,1,0,1,0,1,0,0
дэзерцірства,0,0,0,0,0,1,0,0,0,0
заслугоўваюць,1,1,0,0,0,0,1,0,0,1
заслужылі,0,0,0,0,0,0,1,0,0,0
заслугоўваюць,0,0,0,0,0,0,0,0,0,0
дызайн,0,0,0,0,0,0,0,0,0,0
пазначыць,0,0,0,0,0,0,0,0,0,0
абазначэнне,0,0,0,0,0,0,0,0,0,1
распрацаваны,0,0,0,0,0,0,0,0,0,0
дызайнер,0,0,0,0,0,0,1,0,0,0
праектаванне,0,0,0,0,0,0,0,0,0,0
пажаданасць,0,0,0,0,0,0,0,0,0,0
пажадана,0,0,0,0,0,0,1,0,0,0
жадаючы,0,0,0,0,0,0,1,0,0,0
жадаючыя,0,0,0,0,0,0,1,0,0,0
адмовіцца,1,0,1,0,0,1,0,0,0,0
стол,0,0,0,0,0,0,0,0,0,0
запусценне,0,0,0,1,0,1,0,1,0,0
адчай,1,0,1,1,0,1,0,1,0,0
у роспачы,0,0,0,1,0,1,0,1,0,0
адпраўка,0,0,0,0,0,0,0,0,0,0
адчайны,0,0,0,0,0,1,0,0,0,0
адчай,0,0,0,0,0,0,0,0,0,0
подлы,1,0,1,0,0,1,0,0,0,0
пагарджаць,1,0,1,0,0,1,0,0,0,0
дэспатычны,0,0,0,1,0,1,0,0,0,0
дэспатызм,1,0,1,1,0,1,0,1,0,0
дэсерт,0,0,0,0,0,0,0,0,0,0
прызначэння,0,1,0,1,1,0,1,1,1,0
наканавана,0,1,0,0,0,0,0,0,0,0
лёс,0,0,0,0,0,0,0,0,0,0
абяздолены,0,0,0,1,0,1,0,1,0,0
разбураны,1,0,0,1,0,1,0,1,0,0
эсмінец,1,0,0,1,0,1,0,0,0,0
знішчаючы,1,0,0,1,0,1,0,1,0,0
разбурэнне,1,0,0,0,0,1,0,0,0,0
разбуральны,1,0,1,1,0,1,0,0,0,0
адлучыць,0,0,0,0,0,0,0,0,0,0
адасоблены,0,0,0,0,0,0,0,0,0,0
атрад,0,0,0,0,0,1,0,0,0,0
дэталь,0,0,0,0,0,0,0,0,0,0
дэталі,0,0,0,0,0,0,0,0,0,0
затрымаць,0,0,0,0,0,1,0,0,0,0
затрыманы,1,1,0,1,0,1,0,1,0,0
выяўляць,0,0,0,0,0,0,1,0,0,0
выяўляецца,0,0,0,0,0,0,0,0,0,0
выяўленне,0,0,0,0,0,0,1,0,0,0
дэтэктыў,0,0,0,0,0,0,0,0,0,0
дэтэктар,0,0,0,0,0,0,0,0,0,0
затрыманне,0,0,0,0,0,1,0,1,0,0
стрымліваць,0,0,0,0,0,0,0,0,0,0
мыйны сродак,0,0,0,0,0,0,0,0,0,0
пагаршацца,0,0,0,1,0,1,0,1,0,0
пагоршыўся,0,0,1,0,0,1,0,1,0,0
пагаршэнне стану,1,0,1,1,0,1,0,1,0,0
вызначальны,0,0,0,0,0,0,0,0,0,0
дэтэрмінаваць,0,1,0,0,0,0,0,0,0,1
рашучасць,0,0,0,0,0,0,1,0,0,1
вызначаецца,0,0,0,0,0,0,1,0,0,0
ненавідзець,1,0,1,0,0,1,0,0,0,0
дэтанаваць,0,0,0,1,0,1,0,0,1,0
дэтанацыя,1,0,0,0,0,0,0,0,0,0
аб'езд,0,0,0,0,0,0,0,0,0,0
прыніжаць,1,0,0,0,0,1,0,0,0,0
шкода,0,0,0,0,0,1,0,0,0,0
шкодны,0,0,0,0,0,1,0,0,0,0
дэтрытам,0,0,0,0,0,1,0,0,0,0
двойка,0,0,0,0,0,0,0,0,0,0
спустошыць,1,0,0,1,0,1,0,1,0,0
разбуральны,1,0,1,1,0,1,0,1,0,1
спусташэнне,1,0,0,1,0,1,0,1,1,0
развівацца,0,1,0,0,0,0,1,0,0,0
развіваецца,0,0,0,0,0,0,0,0,0,0
развіццё,0,0,0,0,0,0,0,0,0,0
адхіляцца,0,0,0,0,0,0,0,0,0,0
адхіляючыся,0,0,0,0,0,0,0,0,0,0
адхіленне,0,0,0,0,0,0,0,1,0,0
прылада,0,0,0,0,0,0,0,0,0,0
д'ябал,1,1,1,1,0,1,0,1,0,0
д'ябальскі,0,0,1,1,0,1,0,0,0,0
падступны,0,0,0,0,0,1,0,0,0,0
прыдумаць,0,0,0,0,0,0,0,0,0,0
пазбаўлены,0,0,0,0,0,0,0,0,0,0
дэвалюцыя,0,0,0,0,0,1,0,0,0,0
перадаць,0,0,0,0,0,0,0,0,0,0
прысвяціць,0,0,0,0,0,0,0,0,0,0
адданы,0,0,0,0,0,0,0,0,0,0
адданае,0,0,0,0,0,0,1,0,0,1
пажыраць,0,0,0,0,0,1,0,0,0,0
набожны,0,1,0,0,1,0,1,0,0,1
раса,0,0,0,0,0,0,0,0,0,0
спрытны,0,0,0,0,0,0,0,0,0,0
спрыт,0,0,0,0,0,0,1,0,0,0
декстроза,0,0,0,0,0,0,0,0,0,0
д'ябальскі,1,0,1,1,0,1,0,0,0,0
дыягностыка,0,1,0,1,0,1,0,0,0,1
дыягнастычны,0,0,0,0,0,0,0,0,0,0
дыягностыка,0,0,0,0,0,0,0,0,0,0
дыяграма,0,0,0,0,0,0,0,0,0,0
дыял,0,0,0,0,0,0,0,0,0,0
дыялект,0,0,0,0,0,0,0,0,0,0
дыялектыка,0,0,0,0,0,0,0,0,0,0
дыялогу,0,0,0,0,0,0,0,0,0,0
дыяметр,0,0,0,0,0,0,0,0,0,0
дыямент,0,0,0,0,1,0,1,0,0,0
брыльянты,0,0,0,0,0,0,0,0,0,0
падгузнік,0,0,1,0,0,0,0,0,0,0
дыяфрагма,0,0,0,0,0,0,0,0,0,0
дыярэя,0,0,1,0,0,0,0,0,0,0
дзённік,0,0,0,0,1,0,1,0,0,1
дыятрыба,1,0,1,0,0,1,0,0,0,0
косткі,0,0,0,0,0,0,0,0,0,0
дыхатамічны,0,0,0,0,0,0,0,0,0,0
дыхатамія,0,0,0,0,0,0,0,0,0,0
дыктаваць,0,0,0,0,0,0,0,0,0,0
дыктоўка,0,0,0,0,0,0,0,0,0,0
дыктатар,0,0,0,1,0,1,0,0,0,0
дыктатарскі,1,0,0,0,0,1,0,0,0,0
дыктатура,1,1,1,1,0,1,0,1,0,0
дыкцыя,0,0,0,0,0,0,0,0,0,0
слоўнік,0,0,0,0,0,0,1,0,0,1
выказванне,0,0,0,0,0,0,0,0,0,1
дыдактычны,0,0,0,0,0,0,1,0,0,0
памерці,0,0,0,1,0,1,0,1,0,0
дыета,0,0,0,0,0,0,0,0,0,0
дыетычны,0,1,0,0,0,0,1,0,0,0
адрозніваюцца,0,0,0,0,0,0,0,0,0,0
розніца,0,0,0,0,0,0,0,0,0,0
адрозненні,0,0,0,0,0,0,0,0,0,0
дыферэнцыял,0,0,0,0,0,0,0,0,0,1
дыферэнцыяцыя,0,0,0,0,0,0,0,0,0,0
па-рознаму,0,0,0,0,0,0,0,0,1,0
адрозніваюцца,0,0,0,0,0,0,0,0,0,0
цяжка,0,0,0,1,0,0,0,0,0,0
цяжкасці,0,0,0,0,0,1,0,1,0,0
цяжкасць,1,0,0,1,0,1,0,1,0,0
дыфузны,0,0,0,0,0,0,0,0,0,0
дыфузія,0,0,0,0,0,0,0,0,0,0
капаць,0,0,0,0,0,0,0,0,0,0
дайджэст,0,0,0,0,0,0,0,0,0,0
страваванне,0,0,0,0,0,0,0,0,0,0
лічба,0,0,0,0,0,0,0,0,0,1
годна,0,0,0,0,0,0,1,0,0,0
годнасць,0,0,0,0,0,0,1,0,0,1
адступленне,0,1,0,0,0,1,0,0,0,0
капае,0,0,0,0,0,0,0,0,0,0
дамба,0,0,0,1,0,0,0,0,0,0
напаўразбураны,0,0,1,0,0,1,0,1,0,0
пашырэнне,0,0,0,0,0,0,0,0,0,0
пашырэнне,0,0,0,0,0,0,0,0,0,0
дылема,0,0,0,0,0,0,0,0,0,0
працавітасць,0,0,0,0,0,0,1,0,0,1
руплівы,0,0,0,0,0,0,0,0,0,0
разбаўляльнік,0,0,0,0,0,0,0,0,0,0
разбавіць,0,0,0,0,0,1,0,0,0,0
разведзены,0,0,0,0,0,0,0,0,0,0
развядзенне,0,0,0,0,0,0,0,0,0,0
капейкі,0,0,0,0,0,0,0,0,0,0
вымярэнне,0,0,0,0,0,0,0,0,0,0
змяншацца,0,0,0,0,0,1,0,1,0,0
паменшылася,0,0,0,0,0,1,0,0,0,0
памяншэнне,0,0,0,0,0,0,0,0,0,0
памяншальна-ласкальнае,0,0,0,0,0,0,0,0,0,0
дын,0,0,0,0,0,1,0,0,0,0
абедаць,0,0,0,0,0,0,0,0,0,0
закусачная,0,0,0,0,0,0,0,0,0,0
вячэра,0,0,0,0,0,0,1,0,0,0
дыназаўр,0,0,0,1,0,0,0,0,0,0
увагнутасць,0,0,0,0,0,0,0,0,0,0
дыяцэзіяльны,0,0,0,0,0,0,0,0,0,0
дыяцэзія,0,0,0,0,0,0,0,0,0,0
дыярама,0,0,0,0,0,0,0,0,0,0
акунуць,0,0,0,0,0,0,0,0,0,0
дыплом,0,0,0,0,0,0,0,0,0,0
дыпламатыі,0,1,0,0,0,0,1,0,0,1
дыпламат,0,0,0,0,0,0,0,0,0,0
дыпламатычны,0,0,0,0,0,0,1,0,0,1
страшны,0,0,1,1,0,1,0,1,1,0
накіраваны,0,0,0,0,0,0,0,0,0,0
кірунак,0,0,0,0,0,0,0,0,0,0
непасрэдна,0,0,0,0,0,0,0,0,0,0
дырэктар,0,0,0,0,0,0,1,0,0,1
каталог,0,0,0,0,0,0,0,0,0,0
бруд,0,0,1,0,0,1,0,0,0,0
брудны,0,0,1,0,0,1,0,0,0,0
інваліднасць,0,0,0,0,0,1,0,1,0,0
адключыць,0,0,0,1,0,1,0,1,0,0
адключаны,0,0,0,1,0,1,0,1,0,0
недахоп,0,0,0,0,0,0,0,0,0,0
незадаволены,0,0,0,0,0,1,0,0,0,0
не згодны,1,0,0,0,0,1,0,0,0,0
нязгодны,0,0,0,0,0,0,0,0,0,0
нязгодны,1,0,0,0,0,1,0,1,0,0
нязгода,1,0,0,0,0,1,0,1,0,0
забараніць,0,0,0,0,0,0,0,0,0,0
забаронены,1,0,1,1,0,1,0,1,0,0
знікнуць,0,0,0,1,0,0,0,0,0,0
знікненне,0,0,0,0,0,0,0,0,0,0
знікаючы,0,0,0,0,0,0,0,0,0,0
расчараваць,1,0,1,0,0,1,0,1,0,0
расчараваны,1,0,1,0,0,1,0,1,0,0
расчараванне,0,0,0,0,0,1,0,1,0,0
расчараванне,0,0,1,0,0,1,0,1,0,0
непрыняцце,0,0,0,0,0,1,0,1,0,0
не ўхваляць,1,0,1,1,0,1,0,1,0,0
не ўхвалены,1,0,0,0,0,1,0,1,0,0
няўхвальна,1,0,1,0,0,1,0,1,0,0
раззброіць,0,0,0,0,0,0,0,0,0,0
беспарадак,0,0,0,0,0,0,0,0,0,0
катастрофа,1,0,1,1,0,1,0,1,1,0
катастрафічны,1,0,0,1,0,1,0,1,0,0
расфармаваць,0,0,0,0,0,0,0,0,0,0
нявер'е,0,0,0,0,0,0,0,0,0,0
не верыць,0,0,0,0,0,1,0,0,0,0
выплачваць,0,0,0,0,0,0,0,0,0,0
выплата,0,0,0,0,0,0,0,0,0,0
дыск,0,0,0,0,0,0,0,0,0,0
выкінуты,0,0,0,0,0,0,0,0,0,0
адкідае,0,0,0,0,0,1,0,0,0,0
распазнаваць,0,0,0,0,0,0,0,0,0,0
прыкметна,0,0,0,0,0,0,0,0,0,0
разборлівы,0,0,0,0,0,0,0,0,0,0
праніклівасць,0,0,0,0,0,0,0,0,0,0
разрад,0,0,0,0,0,1,0,0,0,0
вучань,0,0,0,0,0,0,0,0,0,1
дысцыплінаванасць,0,0,0,1,0,1,0,0,0,0
адмовіцца ад адказнасці,1,0,1,0,0,1,0,0,0,1
адмова ад адказнасці,0,0,0,0,0,0,0,0,0,0
раскрываць,0,0,0,0,0,0,0,0,0,0
раскрыты,0,0,0,0,0,0,0,0,0,1
раскрыццё,0,0,0,0,0,0,0,0,0,0
змяненне колеру,0,0,1,0,0,1,0,0,0,0
абескаляроўваецца,0,0,1,0,0,1,0,1,0,0
дыскамфорт,0,0,0,0,0,1,0,1,0,0
адключыцца,0,0,0,0,0,1,0,1,0,0
адключаны,0,0,0,0,0,1,0,1,0,0
адключэнне,0,0,0,0,0,1,0,0,0,0
незадаволенасць,1,0,1,1,0,1,0,1,0,0
спыненне,0,0,0,0,0,0,0,0,0,0
спыніць,0,0,0,0,0,1,0,0,0,0
разрывістасць,0,0,1,1,0,1,0,1,0,0
перарывісты,0,0,0,0,0,0,0,0,0,0
разлад,1,0,1,0,0,1,0,0,0,0
зніжка,0,0,0,0,0,0,0,0,0,0
са зніжкай,0,0,0,0,0,0,0,0,0,0
адгаворваць,0,0,0,1,0,1,0,1,0,0
знеахвоціўся,0,0,0,0,0,0,0,0,0,0
знясіленне духу,0,0,0,0,0,1,0,0,0,0
дыскурс,0,0,0,0,0,0,0,0,0,0
выявіць,0,0,0,0,0,0,0,0,0,0
адкрыццё,0,0,0,0,0,0,1,0,0,0
дыскрэдытацыя,0,0,0,0,0,1,0,0,0,0
стрыманы,0,1,0,0,0,0,1,0,0,0
неадпаведнасць,0,0,0,0,0,0,0,0,0,0
дыскрэтны,0,0,0,0,0,0,0,0,0,0
меркаванне,0,1,0,0,0,0,1,0,0,1
дыскрэцыйны,0,0,0,0,0,0,1,0,0,0
дыскрымінаваць,1,0,0,0,0,1,0,1,0,0
дыскрымінацыйны,0,0,1,0,0,1,0,0,0,0
дыскрымінацыя,1,0,1,1,0,1,0,1,0,0
дыскус,0,0,0,0,0,0,0,0,0,0
абмяркоўваць,0,0,0,0,0,0,0,0,0,0
абмеркаванне,0,0,0,0,0,0,1,0,0,0
пагарджаць,1,0,1,0,0,1,0,0,0,0
хвароба,1,0,1,1,0,1,0,1,0,0
хворы,0,0,1,1,0,1,0,1,0,0
бесцялесны,0,0,0,1,0,1,0,1,0,0
адчапіцца,0,0,0,0,0,0,0,0,0,0
раз'яднанне,0,0,0,0,0,1,0,0,0,0
знявечаны,1,0,1,1,0,1,0,1,0,0
ганьба,1,0,1,0,0,1,0,1,0,0
зганьбаваны,1,0,1,0,0,1,0,1,0,0
ганебны,1,0,1,0,0,1,0,0,0,0
незадаволены,1,0,1,0,0,1,0,1,0,0
маскіроўка,0,0,0,0,0,0,0,0,0,0
замаскіраваны,0,0,0,0,0,0,0,0,0,0
агіда,1,0,1,1,0,1,0,1,0,0
агідны,1,0,1,1,0,1,0,0,0,0
страва,0,0,0,0,0,0,0,0,0,0
знявераны,0,0,0,0,0,1,0,1,0,0
сумна,0,0,0,0,0,1,0,1,0,0
несумленны,1,0,1,0,0,1,0,1,0,0
несумленнасць,0,0,1,0,0,1,0,0,0,0
ганьба,1,0,1,1,0,1,0,1,0,0
расчараванне,1,0,1,0,0,1,0,1,0,0
дэзінфікаваць,0,0,0,0,0,0,0,0,0,0
дэзінфікуе сродак,0,0,0,0,0,0,0,0,0,0
дэзінфекцыя,0,0,0,0,0,0,1,0,0,0
дэзінфармацыя,1,0,0,1,0,1,0,0,0,0
няшчыры,0,0,1,0,0,1,0,0,0,0
распадацца,0,0,1,1,0,1,0,0,0,0
распад,0,0,0,0,0,1,0,0,0,0
бескарыслівы,0,0,0,0,0,1,0,0,0,0
раз'яднацца,0,0,0,0,0,0,0,0,0,0
раз'яднаны,0,0,0,0,0,0,0,0,0,0
раз'яднаўчы,0,0,0,0,0,0,0,0,0,0
дыск,0,0,0,0,0,0,0,0,0,0
дыскета,0,0,0,0,0,0,0,0,0,0
нелюбоў,1,0,1,0,0,1,0,0,0,0
не спадабаўся,1,0,0,0,0,1,0,1,0,0
вывіхнуць,1,0,1,1,0,1,0,1,0,0
вывіх,0,0,0,0,0,0,0,0,0,0
выбіць,0,0,0,0,0,0,0,0,0,0
змрочны,0,0,1,1,0,1,0,1,0,0
расчараванне,1,1,0,1,0,1,0,1,1,0
расчляненне,0,0,1,1,0,1,0,1,0,0
звольніць,0,0,0,0,0,0,0,0,0,0
звальненне,1,0,1,1,0,1,0,1,1,0
спешыцца,0,0,0,0,0,0,0,0,0,0
непаслушэнства,1,0,1,0,0,1,0,0,0,0
непаслухмяны,1,0,0,0,0,1,0,0,0,0
не падпарадкоўвацца,1,0,1,0,0,1,0,0,0,0
засмучэнне,0,0,0,1,0,1,0,0,0,0
бязладна,0,0,0,0,0,1,0,0,0,0
неарганізавана,0,0,0,0,0,1,0,0,0,0
зневажаць,1,0,1,0,0,1,0,1,0,0
грэбліва,1,0,1,0,0,1,0,1,0,0
разрозненыя,0,0,0,0,0,0,0,0,0,0
дыспрапорцыя,1,0,1,0,0,1,0,1,0,0
бесстрасны,0,0,0,0,0,1,0,1,0,0
адпраўка,0,0,0,0,0,0,0,0,0,0
развеяць,0,0,0,0,0,1,0,1,0,0
дыспенсія,0,0,0,0,0,0,0,0,0,0
дазаваць,0,0,0,0,0,0,0,0,0,0
разысціся,0,0,0,0,0,0,0,0,0,0
рассеяны,0,0,0,0,0,0,0,0,0,0
дысперсія,0,0,0,0,0,1,0,0,0,0
выцесніць,0,0,0,0,0,1,0,0,0,0
выцясняецца,1,0,0,1,0,0,0,1,0,0
водазмяшчэнне,0,0,0,0,0,0,0,0,0,0
дысплей,0,0,0,0,0,0,0,0,0,0
незадаволены,1,0,1,1,0,1,0,1,0,0
незадаволенасць,0,0,1,0,0,1,0,0,0,0
утылізацыя,0,0,0,0,0,1,0,0,0,0
распараджацца,0,0,1,0,0,0,0,0,0,0
утылізаваны,0,1,0,0,0,0,1,0,0,1
дыспазіцыя,0,0,0,0,0,0,0,0,0,0
раскулачаны,1,0,0,1,0,1,0,1,0,0
абвяргаць,0,0,0,0,0,0,0,0,0,0
спрэчка,1,0,0,0,0,1,0,0,0,0
дыскваліфікацыя,0,0,0,0,0,1,0,0,0,0
дыскваліфікаваны,1,0,1,0,0,1,0,1,0,0
дыскваліфікаваць,0,0,0,0,0,1,0,1,0,0
ігнараванне,0,0,0,0,0,1,0,0,0,0
ігнараваць,0,0,1,0,0,1,0,0,0,0
несамастойны,1,0,1,1,0,1,0,0,0,0
дрэнная рэпутацыя,0,0,0,0,0,0,0,0,0,0
непавага,1,0,0,0,0,1,0,0,0,0
непаважліва,1,0,1,1,0,1,0,1,0,0
парушэнне,1,0,0,1,0,1,0,0,1,0
незадаволенасць,0,0,0,0,0,1,0,0,0,0
незадаволены,0,0,0,0,0,0,0,0,0,0
рассякаць,0,0,0,0,0,0,0,0,0,0
рассяканне,0,0,1,0,0,0,0,0,0,0
распаўсюджваць,0,0,0,0,0,0,1,0,0,0
распаўсюджванне,0,0,0,0,0,0,0,0,0,0
разлад,1,0,0,0,0,1,0,0,0,0
іншадумства,0,0,0,0,0,0,0,0,0,0
іншадумства,0,0,0,0,0,1,0,0,0,0
дысертацыя,0,0,0,0,0,0,0,0,0,0
мядзведжая паслуга,1,0,1,0,0,1,0,1,0,0
дысідэнт,1,0,0,1,0,1,0,0,0,0
непадобныя,0,0,0,0,0,0,0,0,0,0
рассейвацца,0,0,0,0,0,0,0,0,0,0
рассеяны,0,0,0,0,0,0,0,0,0,0
дысацыяцыя,0,0,0,0,0,0,0,0,0,0
растварэнне,1,0,0,1,0,1,0,1,1,0
раствараць,0,0,0,0,0,0,0,0,0,0
дысананс,1,0,0,0,0,1,0,0,0,0
адгаворваць,0,0,0,0,0,0,0,0,0,0
дыстальны,0,0,0,0,0,0,0,0,0,0
адлегласць,0,0,0,0,0,0,0,0,0,0
далёкі,0,0,0,0,0,0,0,0,0,0
агіда,0,0,1,0,0,1,0,0,0,0
нясмачны,0,0,1,0,0,1,0,0,0,0
дыстылят,0,0,0,0,0,0,0,0,0,0
дыстыляцыі,0,0,0,0,0,0,1,0,0,0
адрозненне,0,0,0,0,0,0,1,0,0,0
адметны,0,0,0,0,0,0,0,0,0,0
адрозніваць,0,0,0,0,0,0,0,0,0,0
адрозны,0,0,0,0,0,0,0,0,0,0
адметны,0,0,0,0,0,0,0,0,0,0
адрозніваючы,0,0,0,0,0,0,0,0,0,0
скажоны,0,0,1,0,0,1,0,0,0,0
скажэнне,0,0,0,0,0,1,0,0,0,0
адцягнуць,0,0,0,0,0,1,0,0,0,0
рассеяны,1,0,0,0,0,1,0,0,0,0
адцягваючы,1,1,0,0,0,1,0,0,0,0
адцягненне ўвагі,0,0,0,0,0,1,0,0,0,0
збянтэжаны,0,0,0,0,0,1,0,1,0,0
пакуты,1,0,1,1,0,1,0,1,1,0
засмучаны,0,0,0,1,0,1,0,0,0,0
засмучае,1,0,0,1,0,1,0,0,0,0
распаўсюджваць,0,0,0,0,0,0,0,0,0,0
размеркаванне,0,0,0,0,0,0,0,0,0,0
раёна,0,0,0,0,0,0,0,0,0,0
недавер,1,0,1,1,0,1,0,0,0,0
парушэнне,1,0,0,1,0,1,0,1,1,0
парушаны,1,0,0,0,0,1,0,1,0,0
неўжыванне,0,0,0,0,0,1,0,0,0,0
выйшлі з ужытку,1,0,0,0,0,1,0,0,0,0
канава,0,0,0,0,0,0,0,0,0,0
гэтак жа,0,0,0,0,0,0,0,0,0,0
частоўка,0,0,0,0,1,0,1,0,0,0
сутачны,0,0,0,0,0,0,0,0,0,0
дыван,0,0,0,0,0,0,0,0,0,1
нырнуць,0,0,0,0,0,0,0,0,0,0
вадалаз,0,0,0,0,0,0,0,0,0,0
разыходзяцца,0,0,0,0,0,0,0,0,0,0
разыходжанне,0,0,0,0,0,0,0,0,0,0
разыходзяцца,0,0,0,0,0,1,0,0,1,0
разбежныя,0,0,0,0,0,0,0,0,0,0
вадалазы,0,0,0,0,0,0,0,0,0,0
разнастайныя,0,0,0,0,0,1,1,0,0,0
разнастайны,0,0,0,0,0,0,1,0,0,0
разнастаіць,0,0,0,0,0,0,0,0,0,0
дыверсія,0,0,0,0,0,0,1,0,1,0
разнастайнасць,0,0,0,0,0,0,0,0,0,0
адвесці,0,0,0,0,0,0,0,0,0,0
адцягваючы,0,0,0,0,0,0,0,0,0,0
пазбавіцца,0,0,0,0,0,0,0,0,0,0
пазбаўлены,0,0,0,0,0,1,0,0,0,0
пазбаўленне інвестыцый,0,0,0,0,0,1,0,0,0,0
падзяліць,0,0,0,0,0,0,0,0,0,0
падзелены,0,0,0,0,0,0,0,0,0,0
дывідэнды,0,0,0,0,0,0,0,0,0,0
варажба,0,1,0,0,0,0,0,0,0,0
чароўны,0,0,0,0,0,0,0,0,0,0
боскасць,0,0,0,0,0,0,1,0,0,0
дзеліма,0,0,0,0,0,0,0,0,0,0
дывізія,0,0,0,0,0,0,0,0,0,0
дзельнік,0,0,0,0,0,0,0,0,0,0
развод,1,0,1,1,0,1,0,1,1,1
раскрываць,0,0,0,0,0,0,0,0,0,0
галавакружэнне,0,0,0,0,0,1,0,0,0,0
кружыцца галава,0,0,0,0,0,1,0,0,0,0
паслухмяны,0,0,0,0,0,0,0,0,0,0
док,0,0,0,0,0,0,0,0,0,0
прыстыкаваны,0,0,0,0,0,1,0,0,0,0
рэестр,0,0,0,0,0,0,0,0,0,0
доктар,0,0,0,0,0,0,1,0,0,1
дактрынальны,0,0,0,0,0,0,0,0,0,0
дактрына,0,0,0,0,0,0,0,0,0,1
дакумент,0,0,0,0,0,0,0,0,0,0
дакументальны,0,0,0,0,0,0,0,0,0,0
ухіляцца,0,0,0,0,0,0,0,0,0,0
ухіленне,0,0,0,0,0,0,0,0,0,0
лань,0,0,0,0,0,0,0,0,0,0
выканаўца,0,0,0,0,0,0,1,0,0,0
сабака,0,0,0,0,0,0,0,0,0,0
упарты,0,0,0,0,0,0,1,0,0,0
догма,0,0,0,0,0,0,0,0,0,1
дагматычны,0,0,0,0,0,0,0,0,0,0
справы,0,0,0,0,0,0,0,0,0,0
рабіць,0,0,0,0,0,1,0,0,0,0
заняпаду,0,0,0,0,0,1,0,1,0,0
дапамога,0,0,0,0,0,1,0,1,0,0
лялька,0,0,0,0,1,0,0,0,0,0
даляр,0,0,0,0,0,0,0,0,0,0
долар,0,0,0,0,0,1,0,1,0,0
дэльфін,0,0,0,0,1,0,1,0,1,1
дамен,0,0,0,0,0,0,0,0,0,0
купал,0,0,0,0,0,0,0,0,0,0
унутраны,0,0,0,0,0,0,0,0,0,0
прыручылі,0,0,0,0,0,0,0,0,0,0
прыручэнне,0,0,0,0,0,0,0,0,0,0
месца жыхарства,0,0,0,0,0,0,0,0,0,0
па месцы жыхарства,0,0,0,0,0,0,0,0,0,0
дамінаванне,0,0,0,0,0,0,0,0,0,0
дамінанта,0,0,0,1,0,1,0,0,0,0
дамінаваць,1,0,0,1,0,1,1,0,0,0
дамінуючы,0,0,0,0,0,0,0,0,0,0
панаванне,1,0,0,1,0,1,0,1,0,0
панаванне,0,0,0,1,0,0,0,0,0,1
даміно,0,0,0,0,0,0,0,0,0,0
Дон,0,0,0,0,0,0,1,0,0,1
ахвяраванне,0,0,0,0,0,0,1,0,0,0
асёл,0,0,1,0,0,1,0,0,0,0
донар,0,0,0,0,0,0,0,0,0,0
дудл,0,0,0,0,0,1,0,0,0,0
пагібель,0,0,0,1,0,1,0,0,0,0
асуджаны,0,0,0,1,0,1,0,1,0,0
судны дзень,1,1,1,1,0,1,0,1,0,0
дзверы,0,0,0,0,0,0,0,0,0,0
званок у дзверы,0,0,0,0,0,0,0,0,0,0
дзвярны праём,0,0,0,0,0,0,0,0,0,0
спячы,0,0,0,0,0,0,0,0,0,0
інтэрнат,0,0,0,0,0,0,0,0,0,0
спінны,0,0,0,0,0,0,0,0,0,0
доза,0,0,0,0,0,0,0,0,0,0
кропка,0,0,0,0,0,0,0,0,0,0
двайны,0,0,0,0,0,0,0,0,0,0
падвоены,0,0,0,0,0,0,0,0,0,0
дублет,0,0,0,0,0,0,0,0,0,0
падваенне,0,0,0,0,0,0,0,0,0,0
сумнявацца,0,0,0,1,0,1,0,1,0,1
сумнеўна,0,0,0,0,0,1,0,0,0,0
сумняваючыся,0,0,0,0,0,1,0,0,0,0
несумненна,0,0,0,0,0,0,1,0,0,1
спрынцавацца,0,0,0,0,0,1,0,0,0,0
цеста,0,0,0,0,0,0,0,0,0,0
пончык,0,0,0,0,0,0,0,0,0,0
суровы,0,0,0,0,0,1,0,0,0,0
голуб,0,1,0,0,1,0,1,0,0,1
паніжаны,0,0,0,0,0,0,0,0,0,0
падзенне,0,0,0,1,0,1,0,1,0,0
спуск,0,0,0,0,0,0,0,0,0,0
лівень,0,0,0,0,0,0,0,0,0,0
наўпрост,0,0,0,0,0,0,0,0,0,1
пуховая,0,0,0,0,0,0,1,0,0,0
пасаг,0,0,0,0,0,0,0,0,0,0
драмаць,0,0,0,0,0,0,0,0,0,0
тузін,0,0,0,0,0,0,0,0,0,0
аднатонны,0,0,0,0,0,1,0,1,0,0
праект,0,1,0,0,0,0,0,0,0,0
перацягнуць,0,0,0,0,0,0,0,0,0,0
цмок,0,0,0,1,0,0,0,0,0,0
зліць,0,0,0,0,0,0,0,0,0,0
дрэнаж,0,0,0,0,0,1,0,0,0,0
асушаны,0,0,0,0,0,0,0,0,0,0
селезень,0,0,0,0,0,0,0,0,0,0
драма,0,0,0,0,0,0,0,0,0,0
драматычны,0,0,0,0,0,0,0,0,0,0
драпіроўка,0,0,0,0,0,0,0,0,0,0
драпіроўкі,0,0,0,0,0,0,0,0,0,0
рэзкае,0,0,0,0,0,0,0,0,0,0
праект,0,0,0,0,0,0,0,0,0,0
маляваць,0,0,0,0,0,0,0,0,0,0
недахоп,0,0,0,0,0,1,0,0,0,0
шуфляда,0,0,0,0,0,0,0,0,0,0
высоўныя скрыні,0,0,0,0,0,0,0,0,0,0
малюнак,0,0,0,0,0,0,0,0,0,0
страх,0,1,0,1,0,1,0,0,0,0
жудасны,1,1,1,1,0,1,0,1,0,0
жудасна,0,0,1,1,0,1,0,1,1,0
мара,0,0,0,0,0,0,0,0,0,0
летуценнік,0,0,0,0,0,0,0,0,0,0
марыць,0,0,0,0,0,0,0,0,0,0
летуценны,0,0,0,0,0,0,0,0,0,0
маркотны,0,0,0,0,0,1,0,1,0,0
земснарад,0,0,0,0,0,0,0,0,0,0
абліты,0,0,0,0,0,0,0,0,0,0
камода,0,0,0,0,0,0,0,0,0,0
дрыблінг,0,0,0,0,0,0,0,0,0,0
высушаныя,0,0,0,0,0,0,0,0,0,0
сушылка,0,0,0,0,0,0,0,0,0,0
дрэйф,0,0,0,0,0,0,0,0,0,0
дрэйфаваў,0,0,0,0,0,0,0,0,0,0
дрыль,0,0,0,0,0,0,0,0,0,0
піць,0,0,0,0,0,0,0,0,0,0
піць,0,0,0,0,0,1,0,0,0,0
капаць,0,0,0,0,0,0,0,0,0,0
капае,0,0,0,0,0,0,0,0,0,0
дурань,0,0,1,0,0,1,0,0,0,0
кіроўца,0,0,0,0,0,0,0,0,0,0
пад'язная дарога,0,0,0,0,0,0,0,0,0,0
дожджык,0,0,0,0,0,0,0,0,0,0
дурань,0,0,0,0,0,0,0,0,0,0
беспілотнік,0,0,0,0,0,1,0,0,0,0
слінацёк,0,0,1,0,0,0,0,0,0,0
панікшым,0,0,0,0,0,1,0,0,0,0
падзенне,0,0,0,0,0,0,0,0,0,0
кропелька,0,0,0,0,0,0,0,0,0,0
засуха,0,0,0,0,0,1,0,0,0,0
ехаў,0,0,0,0,0,0,0,0,0,0
патануць,0,0,0,1,0,1,0,1,0,0
дрымотнасць,0,0,0,0,0,1,0,0,0,0
дрымотнасць,0,0,0,0,0,0,0,0,0,0
катарга,0,0,0,0,0,1,0,0,0,0
наркотык,0,0,0,0,0,0,0,0,0,0
наркатычны,0,0,0,0,0,0,0,1,0,0
аптэка,0,0,0,0,0,0,0,0,0,0
друід,0,0,0,0,0,0,0,0,0,0
барабан,0,0,0,0,0,0,0,0,0,0
бубнач,0,0,0,0,0,0,0,0,0,0
барабанная гульня,0,0,0,0,0,0,0,0,0,0
п'яны,0,0,1,0,0,1,0,0,0,0
п'янства,0,0,0,0,0,1,0,0,0,0
сухія,0,0,0,0,0,0,0,0,0,0
сухасць,0,0,0,0,0,0,0,0,0,0
двайны,0,0,0,0,0,0,0,0,0,0
дуалізм,0,0,0,0,0,0,0,0,0,0
дваістасць,0,0,0,0,0,0,0,0,0,0
дубляж,0,0,0,0,0,0,0,0,0,0
сумніўны,0,0,0,1,0,1,0,0,0,1
качка,0,0,0,0,0,0,0,0,0,0
пратока,0,0,0,0,0,0,0,0,0,0
пластычны,0,0,0,0,0,0,0,0,0,0
дурань,0,0,0,0,0,0,0,0,0,0
з-за,0,0,0,0,0,0,0,0,0,0
дуэль,1,1,0,1,0,0,0,0,0,0
зборы,0,0,0,0,0,0,0,0,0,0
дуэт,0,0,0,0,0,0,1,0,0,0
зямлянка,0,0,0,0,0,0,0,0,0,0
герцаг,0,0,0,0,0,0,1,0,0,0
сумны,0,0,0,0,0,1,0,1,0,0
нямы,0,0,0,0,0,1,0,0,0,0
манекен,0,0,0,0,0,1,0,0,0,0
звалка,0,0,0,0,0,0,0,0,0,0
звалкі,1,0,0,0,0,1,0,1,0,0
Дун,0,0,0,0,0,1,0,0,0,0
дзюна,0,0,0,0,0,0,0,0,0,0
гной,0,0,1,0,0,0,0,0,0,0
падзямелле,0,0,0,1,0,1,0,0,0,0
дуэт,0,0,0,0,0,0,0,0,0,0
падмануць,1,0,0,0,0,1,0,0,0,0
дуплекс,0,0,0,0,0,0,0,0,0,0
дублікат,0,0,0,0,0,0,0,0,0,0
дубляванне,0,0,0,0,0,0,0,0,0,0
двудушнасць,1,0,0,0,0,1,0,0,0,0
даўгавечнасць,0,0,0,0,0,0,1,0,0,1
трывалы,0,0,0,0,0,0,1,0,0,1
працягласць,0,0,0,0,0,0,0,0,0,0
прымус,1,0,1,1,0,1,0,1,0,0
змярканне,0,0,0,0,0,0,0,0,0,0
змрочна,0,0,0,0,0,0,0,0,0,0
пыл,0,0,0,0,0,1,0,0,0,0
пылавік,0,0,0,0,0,0,0,0,0,0
пыльны,0,0,0,0,0,0,0,0,0,0
паслухмяны,0,1,0,0,0,0,1,0,0,1
карлікавы,0,0,0,0,0,0,0,0,0,0
карлікавы,0,0,0,1,0,1,0,1,0,0
пражываць,0,0,0,0,0,0,0,0,0,0
жыхар,0,0,0,0,0,0,0,0,0,0
жыллё,0,0,0,0,0,0,0,0,0,0
фарбавальнік,0,0,0,0,0,0,0,0,0,0
паміраючы,1,0,1,1,0,1,0,1,0,0
дамба,0,0,0,0,0,0,0,0,0,0
дынамічны,0,0,0,0,0,0,0,0,1,0
дынамічны,0,0,0,0,0,0,0,0,0,0
дынаміка,0,0,0,0,0,0,0,0,0,0
дынаміт,0,0,0,0,0,0,0,0,0,0
дынастыя,0,0,0,0,0,0,0,0,0,0
дызентэрыя,0,0,1,0,0,1,0,1,0,0
дыспенсія,0,0,0,0,0,0,0,0,0,0
нецярплівы,0,1,0,0,1,0,1,0,1,1
ахвота,0,1,0,0,1,0,1,0,0,1
арол,0,0,0,0,0,0,0,0,0,1
вуха,0,0,0,0,0,0,0,0,0,0
ярл,0,0,0,0,0,0,1,0,0,0
раней,0,0,0,0,0,0,0,0,0,0
рана,0,0,0,0,0,0,0,0,0,0
зарабіць,0,0,0,0,0,0,1,0,0,0
сур'ёзна,0,0,0,0,0,0,1,0,0,0
шчыра,0,0,0,0,0,0,1,0,0,0
сур'ёзнасць,0,0,0,0,0,0,1,0,0,0
заробак,0,0,0,0,0,0,0,0,0,0
завушніца,0,0,0,0,0,0,0,0,0,0
чутнасць,0,0,0,0,0,0,0,0,0,0
зямля,0,0,0,0,0,0,0,0,0,0
гліняны посуд,0,0,0,0,0,0,0,0,0,0
зямное,0,0,0,0,0,0,0,0,0,0
землятрус,1,0,0,1,0,1,0,1,1,0
земляны,0,0,0,0,0,0,0,0,0,0
лёгкасць,0,0,0,0,0,0,1,0,0,0
мальберт,0,0,0,0,0,0,0,0,0,0
сервітут,0,0,0,0,0,0,1,0,0,0
лёгка,0,0,0,0,0,0,0,0,0,0
лёгкі,0,0,0,0,0,0,0,0,0,0
нязмушаны,0,0,0,0,0,0,1,0,0,0
есці,0,0,0,0,0,0,1,0,0,0
прыём ежы,0,0,0,0,0,0,0,0,0,0
падслухоўванне,0,0,0,0,0,1,0,0,0,0
адліў,0,0,0,0,0,0,0,0,0,0
чорнае дрэва,0,0,0,0,0,0,0,0,0,0
эксцэнтрычны,0,0,0,0,0,0,0,0,0,0
эксцэнтрычнасць,0,0,0,0,0,0,0,0,0,0
царкоўнае,0,0,0,0,0,0,0,0,0,0
рэха,0,0,0,0,0,0,0,0,0,0
эклектыка,0,0,0,0,0,0,0,0,0,0
зацьменне,0,0,0,0,0,0,0,0,0,0
экліптыка,0,0,0,0,0,0,0,0,0,0
эканамічны,0,0,0,0,0,0,0,0,0,0
эканоміка,0,0,0,0,0,0,0,0,0,0
гаспадарка,0,0,0,0,0,0,0,0,0,1
экстаз,0,1,0,0,1,0,1,0,0,0
экстатычны,0,1,0,0,1,0,1,0,1,0
экуменічны,0,0,0,0,0,0,0,0,0,0
віхравы,0,0,0,0,0,0,0,0,0,0
краю,0,0,0,0,0,0,0,0,0,0
акантоўка,0,0,0,0,0,0,0,0,0,0
ядомыя,0,0,0,0,0,0,0,0,0,0
указ,0,0,0,1,0,1,0,0,0,0
павучанне,0,1,0,0,1,0,1,0,0,1
будынак,0,0,0,0,0,0,0,0,0,0
рэдагаваць,0,0,0,0,0,0,0,0,0,0
выданне,0,1,0,0,0,0,0,0,0,0
рэдактар,0,0,0,0,0,0,0,0,0,0
рэдакцыйная,0,0,0,0,0,0,0,0,0,0
выхоўваць,0,0,0,0,0,0,1,0,0,0
адукаваны,0,0,0,0,0,0,1,0,0,0
адукацыі,0,0,0,0,0,0,0,0,0,0
навучальны,0,0,0,0,0,0,1,0,0,1
вугор,0,0,0,1,0,0,0,0,0,0
эфект,0,0,0,0,0,0,0,0,0,0
эфектыўны,0,0,0,0,0,0,1,0,0,1
эфекты,0,0,0,0,0,0,0,0,0,0
эфектыўны,0,0,0,0,0,0,0,0,0,0
эфектыўна,0,0,0,0,0,0,0,0,0,0
ажыццяўляць,0,0,0,0,0,0,0,0,0,0
жаночага роду,0,0,0,0,0,1,0,0,0,0
эфектыўны,0,0,0,0,0,0,0,0,0,0
эфектыўнасць,0,0,0,0,0,0,1,0,0,0
эфектыўнасць,0,0,0,0,0,0,1,0,0,0
эфектыўны,0,1,0,0,0,0,1,0,0,1
пудзіла,1,0,0,0,0,0,0,0,0,0
намаганні,0,0,0,0,0,0,1,0,0,0
выпат,0,0,0,0,0,0,0,0,0,0
яйка,0,0,0,0,0,0,0,0,0,0
эга,0,0,0,0,0,0,0,0,0,0
эгаістычны,0,0,1,0,0,1,0,0,0,0
абуральны,1,0,1,0,0,1,0,0,0,0
выхад,0,0,0,0,0,0,0,0,0,0
восьмы,0,0,0,0,0,0,0,0,0,0
восемдзесят,0,0,0,0,0,0,0,0,0,0
эякулята,0,0,0,0,0,0,0,0,0,0
семявывяржэнне,0,1,0,0,1,0,1,0,1,1
выкідваць,0,0,0,0,0,1,0,0,0,0
выкідванне,0,0,0,0,0,1,0,0,0,0
распрацаваць,0,0,0,0,0,0,0,0,0,0
распрацоўка,0,0,0,0,0,0,1,0,0,0
элан,0,0,0,0,0,0,0,0,0,0
прайсці,0,0,0,0,0,0,0,0,0,0
прайшло,0,0,0,0,0,0,0,0,0,0
эластычны,0,0,0,0,0,0,0,0,0,0
эластычнасць,0,0,0,0,0,0,0,0,0,0
прыўзняты настрой,0,0,0,0,1,0,1,0,0,0
локаць,1,0,0,0,0,0,0,0,0,0
стар,0,0,0,0,0,0,0,0,0,0
старэйшы,0,0,0,0,0,0,1,0,0,1
старасты,0,0,0,0,0,0,1,0,0,1
старэйшы,0,0,0,0,0,0,0,0,0,0
абраны,0,0,0,0,0,0,1,0,0,1
выбары,0,0,0,0,0,0,0,0,0,0
выбаршчык,0,0,0,0,0,0,0,0,0,0
электарат,0,0,0,0,0,0,0,0,0,1
электрычны,0,0,0,0,1,0,1,0,1,0
электрычнасць,0,0,0,0,0,0,1,0,0,0
элегантнасць,0,1,0,0,1,0,1,0,0,1
элегантны,0,0,0,0,1,0,1,0,0,0
элемент,0,0,0,0,0,0,0,0,0,0
элементарны,0,0,0,0,0,0,0,0,0,0
элементы,0,0,0,0,0,0,0,0,0,0
слон,0,0,0,0,0,0,0,0,0,0
падняць,0,0,0,0,0,0,0,0,0,0
ўзвышэнне,0,1,0,1,1,0,1,0,0,1
ліфт,0,0,0,0,0,0,0,0,0,0
адзінаццаць,0,0,0,0,0,0,0,0,0,0
адзінаццаты,0,0,0,0,0,0,0,0,0,0
эльф,1,0,1,1,0,0,0,0,0,0
выклікаць,0,0,0,0,0,0,0,0,0,0
прыдатныя,0,0,0,0,0,0,1,0,0,0
ліквідацыя,1,0,1,1,0,1,0,1,0,0
эліта,0,1,0,0,1,0,1,0,0,1
лось,0,0,0,0,0,0,0,0,0,0
эл,0,0,0,0,0,0,0,0,0,0
эліпс,0,0,0,0,0,0,0,0,0,0
шматкроп'е,0,0,0,0,0,0,0,0,0,0
эліпсоід,0,0,0,0,0,0,0,0,0,0
эліптычны,0,0,0,0,0,0,0,0,0,0
эліптычныя,0,0,0,0,0,0,0,0,0,0
падаўжацца,0,0,0,0,0,0,0,0,0,0
падаўжэнне,0,0,0,0,0,0,0,0,0,0
красамоўства,0,0,0,0,0,0,1,0,0,0
красамоўная,0,0,0,0,0,0,1,0,0,0
высвятляць,0,0,0,0,0,0,1,0,0,1
высвятленне,0,0,0,0,0,0,0,0,0,0
выслізгваць,0,0,0,0,0,0,0,0,0,0
няўлоўны,0,0,0,0,0,1,0,0,1,0
схуднелы,0,0,0,1,0,1,0,1,0,0
зыходзіць,0,0,0,0,0,0,0,0,0,0
эмансіпацыя,0,1,0,0,1,0,1,0,0,0
набярэжная,0,0,0,0,0,0,0,0,0,0
эмбарга,0,0,0,0,0,1,0,0,0,0
пускацца на борт,0,0,0,0,0,0,0,0,0,0
збянтэжыць,0,0,0,0,0,1,0,1,0,0
няёмка,0,0,0,0,0,1,0,0,0,0
збянтэжанасць,0,0,0,1,0,1,0,1,1,0
пасольства,0,0,0,0,0,0,0,0,0,0
ўстаўляць,0,0,0,0,0,0,0,0,0,0
упрыгожваць,0,0,0,0,0,0,0,0,0,0
упрыгожванне,0,0,0,0,0,0,0,0,0,0
вугольчыкі,0,0,0,0,0,0,0,0,0,0
растрата,0,0,0,0,0,1,0,0,0,0
эмблема,0,0,0,0,0,0,0,0,0,0
эмблематычны,0,0,0,0,0,0,0,0,0,0
увасабленне,0,0,0,0,0,0,0,0,0,0
эмбаліі,0,0,0,1,0,1,0,1,0,0
рэльефны,0,0,0,0,0,0,0,0,0,0
абдымаць,0,1,0,0,1,0,1,0,1,1
вышытыя,0,0,0,0,0,0,0,0,0,0
вышыўка,0,0,0,0,0,0,0,0,0,0
ублытаны,0,0,0,0,0,1,0,0,0,0
эмбрыён,0,0,0,0,0,0,0,0,0,0
эмбрыянальны,0,0,0,0,0,0,0,0,0,0
смарагдавы,0,0,0,0,0,0,0,0,0,0
з'явіцца,0,0,0,0,0,0,0,0,0,0
з'яўленне,0,0,0,0,0,0,0,0,0,0
надзвычайная сітуацыя,0,0,0,1,0,1,0,1,1,0
ганаровы,0,0,0,0,0,0,1,0,0,0
эміграваць,0,0,0,0,0,0,0,0,0,0
эміграцыі,0,0,0,0,0,0,0,0,0,0
эмінэнцыя,0,0,0,0,0,0,1,0,0,1
выбітны,0,0,0,0,0,0,1,0,0,0
у вышэйшай ступені,0,0,0,0,0,0,1,0,0,0
эмір,0,0,0,0,0,0,1,0,0,0
выкід,0,0,0,0,0,0,0,0,0,0
выпраменьваць,0,0,0,0,0,0,0,0,0,0
эмоцыя,0,0,0,0,0,0,0,0,0,0
эмацыйны,0,0,0,0,0,0,0,0,0,0
эмацыйны,0,0,0,0,0,0,0,0,0,0
суперажыванне,0,0,0,0,0,0,1,0,0,0
імператар,0,0,0,0,0,0,0,0,0,0
акцэнт,0,0,0,0,0,0,0,0,0,0
падкрэсліць,0,0,0,0,0,0,0,0,0,1
эмфатычны,0,0,0,0,0,0,0,0,0,0
імперыі,0,0,0,0,0,0,0,0,0,0
эмпірычны,0,0,0,0,0,0,0,0,0,0
эмпірызм,0,0,0,0,0,0,0,0,0,0
наняць,0,0,0,0,0,0,0,0,0,1
працадаўца,0,0,0,0,0,0,0,0,0,0
занятасць,0,0,0,0,0,0,0,0,0,0
эмпорыум,0,0,0,0,0,0,0,0,0,0
пашырыць магчымасці,0,0,0,0,0,0,1,0,0,0
імператрыца,0,0,0,0,0,0,0,0,0,0
пустата,0,0,0,0,0,0,0,1,0,0
вызваленне,0,0,0,0,0,0,0,0,0,0
пусты,0,0,0,0,0,0,0,0,0,0
пераймаць,0,0,0,0,0,0,1,0,0,0
эмульсія,0,0,0,0,0,0,0,0,0,0
уключыць,0,0,0,0,0,0,1,0,0,1
уключэнне,0,0,0,0,0,0,1,0,0,1
прыняць,0,0,0,0,0,0,0,0,0,0
пастанова,0,0,0,0,0,0,0,0,0,0
эмаль,0,0,0,0,0,0,0,0,0,0
лагер,0,0,0,0,0,0,0,0,0,0
зачараваць,0,1,0,0,1,0,1,0,1,0
зачараваны,0,0,0,0,1,0,1,0,0,1
феерычны,0,1,0,0,1,0,1,0,0,0
зачараванне,0,0,0,0,0,0,0,0,0,0
акружаць,0,0,0,0,0,0,0,0,0,0
акружаючы,0,0,0,0,0,0,0,0,0,0
анклаў,0,0,0,0,0,1,0,0,0,0
агароджваць,0,0,0,0,0,0,0,0,0,0
закадзіраваць,0,0,0,0,0,0,0,0,0,0
ахапіць,0,0,0,0,0,0,0,0,0,0
біс,0,0,0,0,0,0,1,0,0,0
сустрэча,0,0,0,0,0,0,0,0,0,0
заахвочваць,0,0,0,0,1,0,1,0,0,1
заахвочванне,0,0,0,0,0,0,1,0,0,0
замахвацца,0,0,0,0,0,0,0,0,0,0
замах,0,0,0,1,0,1,0,0,0,0
шыфраваць,0,0,0,0,0,0,0,0,0,0
абцяжаранасць,1,0,0,1,0,1,0,1,0,0
энцыклапедыя,0,0,0,0,0,0,1,0,0,1
канец,0,0,0,0,0,0,0,0,0,0
паставіць пад пагрозу,0,1,0,1,0,1,0,0,0,0
пад пагрозай знікнення,0,0,0,1,0,1,0,0,0,0
намаганне,0,1,0,0,0,0,1,0,0,0
скончылася,0,0,0,0,0,0,0,0,0,0
эндэмічных,0,0,1,1,0,1,0,1,0,0
заканчэнне,0,0,0,0,0,0,0,0,0,0
бясконцы,1,0,0,1,1,1,1,1,0,1
эндакардыт,0,0,0,1,0,0,0,1,0,0
адабрэнне,0,0,0,0,0,0,0,0,0,0
надзяляць,0,0,0,0,0,0,1,0,0,1
надзелены,0,0,0,0,0,0,1,0,0,0
дараванне,0,0,0,0,0,0,1,0,0,1
форзацы,0,0,0,0,0,0,0,0,0,0
канчатковая кропка,0,0,0,0,0,0,0,0,0,0
цягавітасць,0,0,0,0,0,0,1,0,0,0
трываць,0,0,0,0,0,0,1,0,0,0
клізму,0,0,1,0,0,0,0,0,0,0
вораг,1,0,1,1,0,1,0,0,0,0
энергічны,0,0,0,0,0,0,1,0,0,0
энергіі,0,0,0,0,0,0,0,0,0,0
прымусіць,1,0,0,1,0,1,1,0,0,0
выкананне,0,0,0,0,0,1,0,0,0,0
займацца,0,0,0,0,0,0,0,0,0,0
займаецца,0,1,0,0,1,0,1,0,0,1
заручыны,0,0,0,0,0,0,0,0,0,0
прыцягненне,0,0,0,0,1,0,1,0,0,1
спараджаць,0,0,0,0,0,0,0,0,0,0
рухавік,0,0,0,0,0,0,0,0,0,0
інжынер,0,0,0,0,0,0,0,0,0,0
машынабудаванне,0,0,0,0,0,0,0,0,0,0
гравіраваць,0,0,0,0,0,0,0,0,0,0
гравіраваны,0,0,0,0,0,0,0,0,0,0
гравёр,0,0,0,0,0,0,0,0,0,0
гравюра,0,0,0,0,0,0,0,0,0,0
захоплены,0,0,0,0,0,0,0,0,0,0
захапляльны,0,0,0,0,0,0,0,0,0,0
паглынуць,0,1,0,0,0,0,0,0,0,0
палепшыць,0,0,0,0,0,0,1,0,0,0
загадка,0,0,0,0,0,0,0,0,0,0
загадкавы,0,0,0,1,0,1,0,0,0,0
загадваць,0,0,0,0,0,0,0,0,0,0
атрымліваць асалоду ад,0,1,0,0,1,0,1,0,0,1
атрымліваць асалоду ад,0,1,0,0,1,0,1,0,0,1
павялічаны,0,0,0,0,0,0,0,0,0,0
пашырэнне,0,0,0,0,0,0,0,0,0,0
прасьвятляць,0,0,0,0,1,0,1,0,0,1
асветніцтва,0,0,0,0,1,0,1,0,0,1
завербаваць,0,0,0,0,0,0,0,0,0,0
ажывіць,0,0,0,0,1,0,1,0,1,1
варожасць,1,0,0,1,0,1,0,1,0,0
велізарнасць,0,0,0,0,0,0,0,0,0,0
велізарны,0,0,0,0,0,0,0,0,0,0
велізарна,0,0,0,0,0,0,0,0,0,0
узбагачаць,0,0,0,0,0,0,1,0,0,0
залічыць,0,1,0,0,0,0,0,0,0,1
ансамбль,0,0,0,0,0,0,1,0,0,1
прапаршчык,0,0,0,0,0,0,1,0,0,0
заняволіць,0,0,0,0,0,1,0,0,0,0
заняволены,1,0,1,1,0,1,0,1,0,0
заняволенне,0,0,0,0,0,1,0,0,0,0
наступіць,0,0,0,0,0,0,0,0,0,0
забяспечыць,0,0,0,0,0,0,0,0,0,0
цягнуць за сабой,0,0,0,0,0,0,0,0,0,0
заблытаны,1,0,1,1,0,1,0,1,0,0
заблытанасць,0,0,0,0,0,1,0,0,0,0
увайсці,0,0,0,0,0,0,0,0,0,0
прадпрыемства,0,0,0,0,0,0,0,0,0,0
прадпрымальны,0,0,0,0,0,0,1,0,0,0
забаўляць,0,0,0,0,1,0,1,0,0,0
забаўлялі,0,0,0,0,1,0,1,0,0,0
забаўляльны,0,1,0,0,1,0,1,0,0,0
забавы,0,1,0,0,1,0,1,0,1,1
энтузіязм,0,1,0,0,1,0,1,0,1,0
энтузіяст,0,1,0,0,1,0,1,0,1,0
вабіць,0,0,0,0,0,0,0,0,0,0
суцэльны,0,0,0,0,0,0,0,0,0,0
цэласнасць,0,0,0,0,0,0,0,0,0,0
права,0,0,0,0,0,0,0,0,0,0
сутнасць,0,0,0,0,0,0,0,0,0,0
энтамалогіі,0,0,0,0,0,0,0,0,0,0
вантробы,0,0,1,0,0,1,0,0,0,0
ўваход,0,0,0,0,0,0,0,0,0,0
маліць,0,0,0,0,0,0,0,0,0,0
закускі,0,0,0,0,0,0,0,0,0,0
прадпрымальнік,0,0,0,0,0,0,0,0,0,0
даверыць,0,0,0,0,0,0,0,0,0,1
запіс,0,0,0,0,0,0,0,0,0,0
пералічваць,0,0,0,0,0,0,0,0,0,0
пералічэнне,0,0,0,0,0,0,0,0,0,0
канверт,0,0,0,0,0,0,0,0,0,0
зайздроснік,0,0,0,0,0,1,0,0,0,0
навакольнае асяроддзе,0,0,0,0,0,0,1,0,0,0
асяроддзя,0,0,0,0,0,0,0,0,0,0
ваколіцы,0,0,0,0,0,0,0,0,0,0
прадугледзець,0,0,0,0,0,0,0,0,0,0
пасланнік,0,0,0,0,0,0,0,0,0,0
эфемерны,0,0,0,0,0,0,0,0,0,0
эфемерыды,0,0,0,0,0,0,1,0,0,0
эпас,0,0,0,0,0,0,1,0,0,0
эпідэмія,1,1,1,1,0,1,0,1,1,0
эпідэрміс,0,0,0,0,0,0,0,0,0,0
эпілепсія,0,0,0,0,0,1,0,0,0,0
эпілог,0,0,0,0,0,0,0,0,0,0
епіскапскі,0,0,0,0,0,0,0,0,0,1
эпізод,0,0,0,0,0,0,0,0,0,0
эпізадычны,0,0,0,0,0,0,0,0,0,0
пасланне,0,0,0,0,0,0,0,0,0,0
эпітафія,0,0,0,0,0,0,0,1,0,0
эпітэт,0,0,0,0,0,0,0,0,0,0
увасабленне,0,0,0,0,0,0,1,0,0,0
эпоха,0,0,0,0,0,0,0,0,0,0
роўны,0,0,0,0,0,0,0,0,0,0
роўнасць,0,0,0,0,1,0,1,0,0,1
выраўноўванне,0,0,0,0,0,0,0,0,0,0
зраўнаваць,0,0,0,0,0,0,0,0,0,0
пароўну,0,0,0,0,0,0,1,0,0,0
прыраўнаваць,0,0,0,0,0,0,0,0,0,0
раўнанне,0,0,0,0,0,0,0,0,0,0
экватар,0,0,0,0,0,0,0,0,0,0
экватарыяльны,0,0,0,0,0,0,0,0,0,0
конны спорт,0,0,0,0,0,0,0,0,0,0
роўнааддаленыя,0,0,0,0,0,0,0,0,0,0
ураўнаважванне,0,0,0,0,0,0,0,0,0,0
раўнавагу,0,0,0,0,0,0,1,0,0,0
абсталяваць,0,0,0,0,0,0,0,0,0,0
абсталяванне,0,0,0,0,0,0,0,0,0,0
справядлівая,0,0,0,0,0,0,0,0,0,0
уласны капітал,0,0,0,0,0,0,1,0,0,0
эквівалентнасць,0,0,0,0,0,0,0,0,0,0
эквівалент,0,0,0,0,0,0,0,0,0,0
двухсэнсоўны,0,0,0,0,0,0,0,0,0,0
эпохі,0,0,0,0,0,0,0,0,0,0
выкараніць,1,0,0,0,0,1,0,0,0,0
выкараненне,1,0,1,1,0,1,0,0,0,0
сціраць,0,0,0,1,0,1,0,0,0,0
сціранне,0,0,0,0,0,0,0,0,0,0
раней,0,0,0,0,0,0,0,0,0,0
прамастаяць,0,0,0,0,0,0,0,0,0,0
ўзвядзенне,0,0,0,0,0,0,0,0,0,0
значыць,0,0,0,0,0,0,0,0,0,0
раз'ядаць,0,0,0,0,0,0,0,0,0,0
эрозія,0,0,0,0,0,1,0,0,0,0
эратычны,0,1,0,0,1,1,1,0,1,1
памыляцца,0,0,0,0,0,1,0,0,0,0
даручэнне,0,1,0,0,0,0,1,0,0,1
памылковы,0,0,0,0,0,1,0,0,0,0
няўстойлівы,0,0,0,0,0,1,0,0,1,0
памылка,0,0,0,0,0,1,0,0,0,0
памылковая,0,0,0,0,0,1,0,0,0,0
памылка,0,0,0,0,0,1,0,1,0,0
першы,0,0,0,0,0,0,0,0,0,0
эрудзіраваны,0,0,0,0,0,0,1,0,0,0
вывяргацца,1,0,0,0,0,1,0,0,1,0
вывяржэнне,1,0,0,1,0,1,0,0,1,0
эскалацыя,0,0,0,0,0,0,0,0,0,0
абвастрыцца,1,0,0,0,0,1,0,0,0,0
эскалатар,0,0,0,0,0,0,0,0,0,0
уцёкі,0,1,0,1,0,1,1,0,0,0
уцёк,0,0,0,1,0,0,0,0,0,0
уступ,0,0,0,0,0,0,0,0,0,0
пазбягаць,1,0,0,0,0,1,0,1,0,0
эскорт,0,0,0,0,0,0,0,0,0,1
эзатэрычны,0,0,0,0,0,0,0,0,0,0
асаблівы,0,0,0,0,0,0,0,0,0,0
шпіянаж,0,0,0,0,0,1,0,0,0,0
замуж,0,0,0,0,0,0,0,0,0,0
эспрыт,0,0,0,0,0,0,1,0,0,0
эсэ,0,0,0,0,0,0,0,0,0,0
эсэіст,0,0,0,0,0,0,0,0,0,0
сутнасць,0,0,0,0,0,0,0,0,0,0
істотны,0,0,0,0,0,0,1,0,0,0
па сутнасці,0,0,0,0,0,0,0,0,0,0
усталяваць,0,0,0,0,0,0,0,0,0,1
усталяваны,0,0,0,0,1,0,1,0,0,0
стварэнне,0,0,0,0,0,0,0,0,0,0
маёнтак,0,0,0,0,0,0,0,0,0,0
павага,0,0,0,0,1,0,1,1,0,1
эстэтычны,0,0,0,0,0,0,1,0,0,0
каштарыс,0,0,0,0,0,0,0,0,0,0
ацэнка,0,0,0,0,0,0,0,0,0,0
эстоппель,0,0,0,0,0,0,0,0,0,0
адчужана,0,0,0,0,0,1,0,0,0,0
эстраген,0,0,0,0,0,0,0,0,0,0
ліман,0,0,0,0,0,0,0,0,0,0
тручэнне,0,0,0,0,0,0,0,0,0,0
тручэнне,0,0,0,0,0,0,0,0,0,0
вечны,0,0,0,0,0,0,0,0,0,0
вечнасць,0,0,0,0,0,0,0,0,0,0
этанол,0,0,0,0,0,0,0,0,0,0
эфір,0,0,0,0,0,0,0,0,0,0
эфірны,0,0,0,1,0,0,0,0,0,0
этычны,0,0,0,0,0,0,1,0,0,0
этыка,0,0,0,0,0,0,1,0,0,0
этнаграфіі,0,0,0,0,0,0,0,0,0,0
этыялогія,0,0,0,0,0,0,0,0,0,0
этыкет,0,0,0,0,0,0,0,0,0,0
этымалогіі,0,0,0,0,0,0,0,0,0,0
эўхр,0,0,0,0,0,0,0,0,0,0
еўгеніка,0,0,0,0,0,0,0,0,0,0
панегірык,0,0,0,0,0,0,0,0,0,0
эўфемізм,0,0,0,0,0,0,0,0,0,0
эўтаназія,0,0,0,1,0,1,0,1,0,0
эвакуірую,0,0,0,1,0,1,0,0,0,0
эвакуацыя,0,0,0,0,0,1,0,0,0,0
ухіляцца,1,0,1,1,0,1,0,0,0,0
ацэньваць,0,0,0,0,0,0,0,0,0,0
мінучасць,0,0,0,0,0,0,0,1,1,0
евангельскі,0,0,0,0,0,0,0,0,0,0
евангеліст,0,0,0,0,0,0,0,0,0,0
евангелізацыйны,0,0,0,0,0,0,0,0,0,0
выпарэнне,0,0,0,0,0,0,0,0,0,0
ухіленне,0,0,0,1,0,1,0,1,0,0
напярэдадні,0,0,0,0,0,0,0,0,0,0
вечар,0,0,0,0,0,0,0,0,0,0
мерапрыемства,0,0,0,0,0,0,0,0,0,0
насычаны падзеямі,0,0,0,0,0,0,0,0,0,0
канчатковы,0,1,0,0,0,0,0,0,0,0
выпадковасць,0,1,0,1,0,0,0,0,0,0
вечназялёныя,0,0,0,0,1,0,1,0,0,1
вечны,0,0,0,0,0,0,1,0,0,0
заўсёды,0,0,0,0,0,0,0,0,0,0
кожны дзень,0,0,0,0,0,0,0,0,0,0
выселіць,0,0,0,0,0,1,0,1,0,0
высяленне,1,0,1,1,0,1,0,1,0,0
доказы,0,0,0,0,0,0,0,0,0,0
відавочны,0,0,0,0,0,0,1,0,0,1
зло,1,0,1,1,0,1,0,1,0,0
выклікаць,0,0,0,0,0,0,0,0,0,0
эвалюцыя,0,0,0,0,0,0,1,0,0,0
развівацца,0,0,0,0,0,0,0,0,0,0
авечка,0,0,0,0,0,0,0,0,0,0
абвастраць,0,0,0,0,0,1,0,0,0,0
абвастрэнне,1,0,0,1,0,1,0,0,0,0
патрабавальны,0,0,0,0,0,1,0,0,0,0
перабольшваць,1,0,0,0,0,1,0,0,0,0
перабольшаны,0,0,0,0,0,1,0,0,0,0
перабольшанне,0,0,0,0,0,0,0,0,0,0
узвялічваць,0,1,0,0,1,0,1,0,0,1
экзальтацыя,0,0,0,0,1,0,1,0,0,1
узнёслы,0,0,0,0,1,0,1,0,0,1
экзамен,0,0,0,0,0,0,0,0,0,0
экспертыза,0,0,0,1,0,1,0,0,1,0
вывучыць,0,0,0,0,0,0,0,0,0,0
экзаменатар,0,0,0,0,0,0,0,0,0,0
раздражненне,1,0,1,0,0,1,0,0,0,0
раскапаць,0,0,0,0,0,0,0,0,0,0
раскопкі,0,1,0,0,0,1,0,0,1,0
экскаватар,0,0,0,0,0,0,0,0,0,0
перавышаць,0,1,0,0,1,0,1,0,0,0
перавышаючы,0,0,0,0,0,0,0,0,0,0
Excel,0,1,0,0,1,0,1,0,1,1
дасканаласць,0,0,1,0,1,0,1,0,0,1
выдатны,0,0,0,0,1,0,1,0,0,1
за выключэннем,0,0,0,0,0,0,0,0,0,0
выключэнне,0,0,0,0,0,0,0,0,0,0
урывак,0,0,0,0,0,0,0,0,0,0
лішак,0,0,0,0,0,1,0,0,0,0
празмернае,0,0,0,0,0,0,0,0,0,0
празмерна,0,0,0,0,0,0,0,0,0,0
абмен,0,0,0,0,0,0,1,0,0,1
акцыз,0,0,0,0,0,1,0,0,0,0
выразанне,0,0,0,0,0,0,0,0,0,0
ўзбудлівасць,0,0,0,0,0,0,0,0,0,0
узбуджальны,0,0,0,0,0,0,1,0,0,0
ўзбуджэнне,1,1,0,1,1,0,1,0,1,0
ўзбуджаць,1,1,0,1,1,0,1,0,1,0
узбуджаны,0,1,0,0,1,0,1,0,1,1
хваляванне,0,1,0,0,1,0,1,0,1,0
захапляльны,0,1,0,0,1,0,1,0,1,0
усклікнуць,0,0,0,0,0,0,0,0,1,0
выключаны,0,0,1,0,0,1,0,1,0,0
выключаючы,0,0,0,0,0,1,0,1,0,0
выключэнне,0,0,1,1,0,1,0,1,0,0
экскрыменты,0,0,1,0,0,1,0,0,0,0
экскрэцыя,0,0,1,0,0,0,0,0,0,0
пакутлівы,0,0,0,1,0,1,0,0,0,0
экскурсія,0,0,0,0,0,0,0,0,0,0
апраўданне,0,0,0,0,0,1,0,0,0,0
выканаць,0,0,0,0,0,0,0,0,0,0
выкананне,1,0,0,1,0,1,0,1,0,1
кат,1,0,0,1,0,1,0,1,0,0
выканаўчы,0,0,0,0,0,0,0,0,0,0
выканаўца,0,0,0,0,0,0,0,0,0,1
экзэгеза,0,0,0,0,0,0,0,0,0,0
узорны,0,0,0,0,0,0,0,0,0,0
узорны,0,0,0,0,0,0,1,0,0,0
служыць прыкладам,0,0,0,0,0,0,0,0,0,0
вызвалены,0,0,0,0,0,0,0,0,0,0
вызваленне,0,0,0,0,0,0,1,0,0,0
фізічныя практыкаванні,0,0,0,0,0,0,0,0,0,0
прыкладаць намаганні,0,0,0,0,0,0,0,0,0,0
напружанне,0,0,0,0,0,0,0,0,0,0
выдыхнуць,0,0,0,0,0,0,0,0,0,0
выхлап,0,0,0,0,0,1,0,0,0,0
знясілены,0,0,0,0,0,1,0,1,0,0
знясіленне,0,1,0,0,0,1,0,1,0,0
вычарпальны,0,0,0,0,0,0,0,0,0,1
экспанат,0,0,0,0,0,0,0,0,0,0
выстава,0,0,0,0,0,0,0,0,0,0
ўзбуджэнне,0,0,0,0,1,0,1,0,1,0
заклікаць,0,0,0,0,0,0,1,0,0,0
настаўленне,0,0,0,0,0,0,1,0,0,0
патрабавальны,0,1,1,1,0,1,0,0,1,0
выгнанне,1,0,0,1,0,1,0,1,0,0
існаваць,0,0,0,0,0,0,0,0,0,0
існаванне,0,0,0,0,0,0,1,0,0,0
існуючы,0,0,0,0,0,0,0,0,0,0
існуючы,0,0,0,0,0,0,0,0,0,0
выхад,0,0,0,0,0,0,0,0,0,0
зыход,0,0,0,0,0,0,0,0,0,0
залішняя,0,0,0,0,0,0,0,0,0,0
экзарцызм,0,0,0,1,0,1,0,1,0,0
экзарцыст,0,0,0,0,0,0,0,0,0,0
экзотыка,0,0,0,0,0,0,1,0,0,0
пашырыць,0,0,0,0,0,0,0,0,0,0
пашыраны,0,0,0,0,0,0,0,0,0,0
разлог,0,0,0,0,0,0,0,0,0,0
пашырэнне,0,0,0,0,0,0,0,0,0,0
экспансіўны,0,0,0,0,0,0,0,0,0,0
эмігрант,0,0,0,0,0,1,0,0,0,0
чакаць,0,1,0,0,0,0,1,0,1,1
чаканне,0,1,0,0,0,0,0,0,0,0
чаканне,0,1,0,0,0,0,0,0,0,0
чаканне,0,1,0,0,0,0,1,0,0,0
чакаецца,0,1,0,0,0,0,0,0,0,0
чакаючы,0,1,0,0,0,0,0,0,0,0
мэтазгоднасць,0,0,0,0,0,0,0,0,0,0
мэтазгодны,0,0,0,0,1,0,1,0,0,1
паскорыць,0,0,0,0,0,0,0,0,0,0
экспедыцыя,0,1,0,0,0,0,1,0,0,0
аператыўны,0,0,0,0,0,0,0,0,0,0
выгнаць,1,0,1,1,0,1,0,1,0,0
выдаткі,0,0,0,0,0,1,0,0,0,0
расход,0,0,0,0,0,0,0,0,0,0
выдаткі,0,0,0,0,0,1,0,0,0,0
дорага,0,0,0,0,0,0,0,0,0,0
вопыт,0,0,0,0,0,0,0,0,0,0
вопытны,0,0,0,0,0,0,1,0,0,1
перажыванні,0,0,0,0,0,0,0,0,0,0
эксперыментаваць,0,1,0,0,0,0,0,0,1,0
эксперыментальны,0,0,0,0,0,0,0,0,0,0
эксперыментатар,0,0,0,0,0,0,0,0,0,0
эксперт,0,0,0,0,0,0,1,0,0,1
экспертыза,0,0,0,0,0,0,1,0,0,1
заканчэнне тэрміну дзеяння,0,0,0,0,0,0,0,0,0,0
мінае,0,0,0,0,0,1,0,1,0,0
скончыўся,0,0,0,0,0,1,0,0,0,0
тэрмін прыдатнасці,0,0,0,0,0,0,0,0,0,0
растлумачыць,0,0,0,0,0,0,1,0,0,1
тлумачэнне,0,0,0,0,0,0,0,0,0,0
тлумачальны,0,0,0,0,0,0,0,0,0,0
лаянка,1,0,0,0,0,1,0,0,0,0
эксплікацыя,0,0,0,0,0,0,0,0,0,0
выбухнуць,1,0,0,1,0,1,0,1,1,0
эксплуатаваць,0,0,0,0,0,0,0,0,0,0
даследаваць,0,1,0,0,0,0,0,0,0,0
правадыр,0,0,0,0,0,0,0,0,0,0
выбух,0,0,0,1,0,1,0,0,1,0
выбуховае рэчыва,1,1,0,1,0,1,0,0,1,0
выказнік,0,0,0,0,0,0,0,0,0,0
экспанентны,0,0,0,0,0,0,0,0,0,0
экспарт,0,0,0,0,0,0,0,0,0,0
вываз,0,0,0,0,0,0,0,0,0,0
выкрываць,0,1,0,1,0,0,0,0,0,0
выкрыты,0,0,0,0,0,1,0,0,0,0
экспазіцыя,0,0,0,0,0,0,0,0,0,0
тлумачальны,0,0,0,0,0,0,0,0,0,0
уздзеянне,0,0,0,0,0,0,0,0,0,0
выкладаць,0,0,0,0,0,0,0,0,0,0
экспрэс,0,0,0,0,0,0,0,0,0,0
выраз,0,0,0,0,0,0,0,0,0,0
экспрэсіўны,0,0,0,0,0,0,0,0,0,0
экспрапрыяцыя,0,0,0,0,0,1,0,0,0,0
выгнанне,1,0,1,1,0,1,0,1,0,0
вытанчаны,0,0,0,0,1,0,1,0,0,0
вытанчана,0,0,0,0,0,0,1,0,0,0
якія захаваліся,0,0,0,0,0,0,0,0,0,0
пашыраць,0,0,0,0,0,0,1,0,0,0
пашыраецца,0,0,0,0,0,0,0,0,0,0
пашыраны,0,0,0,0,0,0,0,0,0,0
пашырэнне,0,0,0,0,0,0,0,0,0,0
экстэнсіўны,0,0,0,0,0,0,1,0,0,0
ступень,0,0,0,0,0,0,0,0,0,0
экстэр'ер,0,0,0,0,0,0,0,0,0,0
вынішчаць,0,0,0,1,0,1,0,1,0,0
вынішчэнне,1,0,0,1,0,1,0,0,0,0
вонкавы,0,0,0,0,0,0,0,0,0,0
вонкава,0,0,0,0,0,0,0,0,0,0
вымерлыя,0,0,0,0,0,1,0,1,0,0
патушыць,1,0,0,0,0,1,0,0,0,0
дадатковы,0,0,0,0,0,0,1,0,0,0
экстракт,0,0,0,0,0,0,0,0,0,0
здабываючы,0,0,0,0,0,0,0,0,0,0
здабыча,0,0,0,0,0,0,0,0,0,0
экстрактар,0,0,0,0,0,0,0,0,0,0
экстрадыцыя,0,0,0,0,0,0,0,0,0,0
пазасудовы,0,0,0,1,0,1,0,0,0,0
завочны,0,0,0,0,0,0,0,0,0,0
староннія,0,0,0,0,0,0,0,0,0,0
надзвычайны,0,0,0,0,0,0,1,0,0,0
феерыя,0,0,0,0,0,0,0,0,0,0
экстрэмальны,0,0,0,0,0,0,0,0,0,0
надзвычай,0,0,0,0,0,0,0,0,0,0
канечнасць,0,0,0,0,0,1,0,0,0,0
вызваліцца,0,1,0,0,0,0,1,0,0,0
знешнія,0,0,0,0,0,0,0,0,0,0
экструзія,0,0,0,0,0,0,0,0,0,0
буянства,0,0,0,0,1,0,1,0,0,0
вылучаць,0,0,0,0,0,0,0,0,0,0
вока,0,0,0,0,0,0,0,0,0,0
акуляры,0,0,0,0,0,0,0,0,0,0
вушка,0,0,0,0,0,0,0,0,0,0
акуляр,0,0,0,0,0,0,0,0,0,0
зрок,0,0,0,0,0,0,0,0,0,0
відавочца,0,0,0,0,0,0,0,0,0,1
байка,0,0,0,0,0,0,0,0,0,0
тканіна,0,0,0,0,0,0,0,0,0,0
вырабляць,0,0,0,0,0,1,0,0,0,0
сфабрыкаваны,0,0,0,0,0,0,0,0,0,0
фабрыкацыя,0,0,0,0,0,1,0,0,0,1
фасад,0,0,0,0,0,0,0,0,0,0
твар,0,0,0,0,0,0,0,0,0,0
грань,0,0,0,0,0,0,0,0,0,0
лёгкі,0,0,0,0,0,0,0,0,0,0
спрыяць,0,0,0,0,0,0,1,0,0,0
аб'ект,0,0,0,0,0,0,0,0,0,0
абліцоўванне,0,0,0,0,0,0,0,0,0,0
факсіміле,0,0,0,0,0,0,0,0,0,0
факт,0,0,0,0,0,0,0,0,0,1
фракцыя,0,0,0,0,0,0,0,0,0,0
фактар,0,0,0,0,0,0,0,0,0,0
завод,0,0,0,0,0,0,0,0,0,0
факты,0,0,0,0,0,0,1,0,0,1
факультэтаў,0,0,0,0,0,0,0,0,0,0
факультэта,0,0,0,0,0,0,1,0,0,1
дзівацтва,0,0,0,0,0,0,0,0,0,0
бляднець,0,0,0,0,0,1,0,0,0,0
выцвілы,0,0,0,0,0,0,0,0,0,0
фекаліі,0,0,1,0,0,1,0,0,0,0
няўдача,1,1,0,1,0,1,0,1,0,0
правал,0,0,1,1,0,1,0,1,0,0
файн,0,1,0,0,1,0,1,0,0,1
непрытомнасці,0,0,0,1,0,1,0,1,1,0
справядлівы,0,0,0,0,0,0,1,0,0,0
справядліва,0,0,0,0,0,0,1,0,0,1
фарватэр,0,0,0,0,0,0,0,0,0,0
фея,0,0,0,0,0,0,0,0,0,0
вера,0,1,0,0,1,0,1,0,0,1
верны,0,0,0,0,0,0,1,0,0,1
няверны,0,0,0,0,0,1,0,1,0,0
падробка,0,0,0,0,0,1,0,0,0,0
падаць,0,0,0,0,0,1,0,1,0,0
памылковы,1,0,0,0,0,1,0,0,0,0
памылковасць,0,0,0,0,0,1,0,0,0,0
памылковы,0,0,0,0,0,1,0,0,0,0
падзенне,0,0,0,0,0,1,0,1,0,0
паром,0,0,0,0,0,1,0,0,0,0
фальш,1,0,0,0,0,1,0,0,0,1
ілжыва,0,0,0,0,0,1,0,0,0,0
фальсіфікацыя,1,0,0,0,0,1,0,0,0,0
сфальсіфікаваны,0,0,0,0,0,0,0,0,0,0
фальсіфікаваць,0,0,1,0,0,1,0,0,0,0
ілжывасць,0,0,1,0,0,1,0,0,0,0
хістацца,0,0,0,1,0,1,0,0,0,0
вядомасць,0,0,0,0,0,0,1,0,0,0
знакаміты,0,0,0,0,0,0,0,0,0,0
знаёмыя,0,0,0,0,0,0,1,0,0,1
знаёмства,0,1,0,0,1,0,1,0,0,1
азнаёміцца,0,0,0,0,0,0,0,0,0,0
голад,0,0,0,0,0,1,0,1,0,0
вядомы,0,0,0,0,0,0,1,0,0,0
ліха,0,0,0,0,0,0,1,0,0,0
вентылятар,0,0,0,0,0,0,0,0,0,0
фанатык,0,0,0,0,0,1,0,0,0,0
фанатызм,0,0,0,1,0,0,0,0,0,0
фантазійны,0,0,0,0,0,0,0,0,0,0
фантазіі,0,1,0,0,1,0,1,0,0,0
фанданго,0,0,0,0,0,0,0,0,0,0
фанфары,0,1,0,0,1,0,1,0,1,0
ікол,0,0,0,1,0,0,0,0,0,0
іклы,0,0,0,1,0,0,0,0,0,0
веерам,0,0,0,0,0,0,0,0,0,0
фантазія,0,0,0,0,0,0,0,0,0,0
фэнтэзі,0,0,0,0,0,0,0,0,0,0
фарс,0,0,0,0,0,1,0,0,0,0
фарсавыя,0,0,1,0,0,1,0,0,0,0
кошт праезду,0,0,0,0,0,0,0,0,0,0
развітанне,0,0,0,0,0,0,0,0,0,0
гаспадарка,0,1,0,0,0,0,0,0,0,0
фермер,0,0,0,0,0,0,0,0,0,0
сялянскі дом,0,0,0,0,0,0,0,0,0,0
земляробства,0,0,0,0,0,0,0,0,0,0
Фаро,0,0,0,0,0,0,0,0,0,0
далей,0,0,0,0,0,0,0,0,0,0
фасцыі,0,0,0,0,0,0,0,0,0,0
займальны,0,0,0,0,0,0,1,0,0,0
зачараванне,0,0,0,0,0,0,1,0,0,0
мода,0,0,0,0,0,0,0,0,0,0
модна,0,0,0,0,0,0,1,0,0,0
замацаваць,0,0,0,0,0,0,0,0,0,0
зашпілька,0,0,0,0,0,0,0,0,0,0
мацаванне,0,0,0,0,0,0,0,0,0,0
нашча,0,0,0,0,0,1,0,1,0,0
тлушч,0,0,1,0,0,1,0,1,0,0
смяротны зыход,1,0,0,1,0,1,0,1,0,0
смяротнасць,0,0,0,1,0,1,0,1,0,0
лёс,0,1,0,0,0,1,0,0,0,0
наканавана,0,0,0,0,0,0,0,0,0,0
бацька,0,0,0,0,0,0,0,0,0,1
сажань,0,0,0,0,0,0,0,0,0,0
стомленасць,0,0,0,0,0,1,0,0,0,0
стомлены,0,0,0,0,0,1,0,1,0,0
тлустае,0,0,1,0,0,1,0,1,0,0
віна,0,0,0,0,0,1,0,1,0,0
бездакорны,0,0,0,0,0,0,1,0,0,1
няспраўны,0,0,0,0,0,1,0,0,0,0
жывёльны свет,0,0,0,0,0,0,0,0,0,0
карысць,0,0,0,0,0,0,0,0,0,0
спрыяльны,0,1,0,0,1,0,1,0,1,1
любімы,0,0,0,0,1,0,1,0,0,1
фаварытызм,0,0,0,0,0,0,1,0,0,0
пыжык,0,0,0,0,0,1,0,0,0,0
страх,1,0,0,1,0,1,0,0,0,0
страшны,0,0,0,1,0,1,0,1,0,0
страшна,0,0,0,1,0,1,0,1,1,0
баючыся,0,0,0,1,0,1,0,0,0,0
бясстрашны,0,0,0,1,0,0,1,0,0,0
мэтазгоднасць,0,0,0,0,0,0,0,0,0,0
выканальна,0,0,0,0,0,0,0,0,0,0
подзвіг,0,1,0,0,1,0,1,0,1,0
пяро,0,0,0,0,0,0,0,0,0,0
асаблівасць,0,0,0,0,0,0,1,0,0,0
Асаблівасці,0,0,0,0,0,0,0,0,0,0
ліхаманкавы,0,0,0,0,0,1,0,0,0,0
калавыя,0,0,1,0,0,1,0,0,0,0
фекаліі,0,0,1,0,0,1,0,0,0,0
пладавітасць,0,0,0,0,0,0,0,0,0,0
федэральны,0,0,0,0,0,0,0,0,0,0
федэрацыі,0,0,0,0,0,0,0,0,0,0
плата,1,0,0,0,0,1,0,0,0,0
слабы,0,0,0,0,0,1,0,1,0,0
карміць,0,0,0,0,0,0,0,0,0,0
кармушка,0,0,0,0,0,0,0,0,0,0
адчуваць,0,0,0,0,0,0,0,0,0,0
пачуццё,1,1,1,1,1,1,1,1,1,1
ногі,0,0,0,0,0,0,0,0,0,0
прытворна,0,0,0,0,0,1,0,0,0,0
шчасце,0,0,0,0,1,0,1,0,0,0
каціны,0,0,0,0,0,0,0,0,0,0
упаў,0,0,0,0,0,1,0,1,0,0
таварыш,0,0,0,0,0,0,1,0,0,1
зямляцтва,0,0,0,0,0,0,1,0,0,0
злачынец,0,0,0,1,0,1,0,0,0,0
цяжкае злачынства,0,0,0,0,0,1,0,0,0,0
лямец,0,0,0,0,0,0,0,0,0,0
жаночы род,0,0,0,0,0,0,0,0,0,0
жаноцкасць,0,0,0,0,0,0,0,0,0,0
балот,0,0,0,0,0,0,0,0,0,0
плот,0,0,0,0,0,0,0,0,0,0
агароджаны,1,0,0,0,0,0,0,0,0,0
адбівацца,0,0,0,0,0,0,0,0,0,0
крыло,0,0,0,0,0,0,0,0,0,1
фенхель,0,0,0,0,0,0,0,0,0,0
ферментаваць,0,1,0,0,0,1,0,0,0,0
закісанне,0,1,0,0,0,0,0,0,0,0
папараць,0,0,0,0,0,0,0,0,0,0
люты,1,0,1,1,0,1,0,0,0,0
лютасць,1,0,0,0,0,1,0,0,0,0
паром,0,0,0,0,0,0,0,0,0,0
урадлівы,0,0,0,0,0,0,1,0,0,0
ўгнойваць,0,0,0,0,0,0,0,0,0,0
гарачы,0,0,0,0,0,0,0,0,0,0
жарсць,1,0,0,0,1,0,1,0,0,0
фестываль,0,1,0,0,1,0,1,0,1,0
святочны,0,0,0,0,1,0,1,0,0,0
прынесці,0,0,0,0,0,0,0,0,0,0
свята,0,1,0,0,1,0,1,0,1,0
фетыш,0,0,0,0,0,0,0,0,0,0
феад,1,0,0,0,0,1,0,0,0,0
феадальны,0,0,0,0,0,1,0,0,0,0
феадалізм,1,0,0,0,0,1,0,1,0,0
гарачка,0,0,0,1,0,0,0,0,0,0
ліхаманкавы,0,0,0,0,0,1,0,0,0,0
нявеста,0,0,0,0,0,0,0,0,0,0
фіяска,0,0,0,0,0,1,0,0,0,0
fiat,0,0,0,0,0,0,0,0,0,0
выдумка,1,0,0,0,0,1,0,0,0,0
абалоніна,0,0,0,0,0,0,0,0,0,0
фіброзныя,0,0,0,0,0,0,0,0,0,0
непастаянны,0,0,0,0,0,1,0,0,0,0
мастацкая літаратура,0,0,0,0,0,0,0,0,0,0
фіктыўны,0,0,0,0,0,1,0,0,0,0
скрыпка,0,0,0,0,0,0,0,0,0,0
скрыпач,0,0,0,0,0,0,0,0,0,0
вернасць,0,0,0,0,1,0,1,0,0,1
давераная,0,0,0,0,0,0,0,0,0,0
поле,0,0,0,0,0,0,0,0,0,0
нячысцік,1,0,1,1,0,1,0,0,0,0
люты,1,0,1,1,0,1,0,0,0,0
фіеста,0,1,0,0,1,0,1,0,1,1
змагацца,1,0,0,1,0,1,0,0,0,0
баец,0,0,0,0,0,0,0,0,0,0
баявыя дзеянні,1,0,0,0,0,1,0,0,0,0
выдумка,0,0,0,0,0,0,0,0,0,0
вобразны,0,0,0,0,0,0,0,0,0,0
фігура,0,0,0,0,0,0,0,0,0,0
статуэтка,0,0,0,0,0,0,0,0,0,0
нітка,0,0,0,0,0,0,0,0,0,0
ніткападобныя,0,0,0,0,0,0,0,0,0,0
файл,0,0,0,0,0,0,0,0,0,0
флібусцьер,0,0,0,0,0,1,0,0,0,0
філігрань,0,0,0,0,0,0,0,0,0,0
падача,0,0,0,0,0,0,0,0,0,0
пілавінне,0,0,0,0,0,0,0,0,0,0
запоўніць,0,0,0,0,0,0,0,0,0,1
філе,0,0,0,0,0,0,0,0,0,0
начынне,0,0,0,0,0,0,0,0,0,0
кабылка,0,0,0,0,0,0,0,0,0,0
фільм,0,0,0,0,0,0,0,0,0,0
плёнкавы,0,0,0,0,0,0,0,0,0,0
фільтр,0,0,0,0,0,0,0,0,0,0
бруд,0,0,1,0,0,1,0,0,0,0
брудны,0,0,1,0,0,1,0,0,0,0
плаўнік,0,0,0,0,0,0,0,0,0,0
канчатковы,0,0,0,0,0,0,0,0,0,0
фінал,0,0,0,0,0,0,0,0,0,0
канчатковасць,0,0,0,0,0,0,0,0,0,0
нарэшце,0,1,1,0,1,0,1,0,1,1
фінансы,0,0,0,0,0,0,0,0,0,0
фінансавыя,0,0,0,0,0,0,0,0,0,0
фінансіст,0,0,0,0,0,0,0,0,0,0
зяблік,0,0,0,0,0,0,0,0,0,0
знайсці,0,0,0,0,0,0,0,0,0,0
знаходка,0,0,0,0,0,0,0,0,0,0
ўпрыгожванне,0,0,0,0,0,0,1,0,0,0
тонкасць,0,0,0,0,0,0,1,0,0,0
палец,0,0,0,0,0,0,0,0,0,0
адбітак пальца,0,0,0,0,0,0,0,0,0,0
скончыць,0,0,0,0,0,0,0,0,0,0
канечны,0,0,0,0,0,0,0,0,0,0
фінк,0,0,0,0,0,0,0,0,0,0
агонь,0,0,0,1,0,0,0,0,0,0
агнястрэльнай зброі,1,0,0,1,0,1,0,0,0,0
агністы шар,0,0,0,0,0,0,1,0,0,0
светлячок,0,0,0,0,0,0,0,0,0,0
пажарны,0,0,0,0,0,0,0,0,0,1
камін,0,0,0,0,0,0,0,0,0,0
вогнетрывалы,0,0,0,0,0,0,1,0,0,0
камін,0,0,0,0,0,0,0,0,0,0
дровы,0,0,0,0,0,0,0,0,0,0
феерверк,0,0,0,0,0,0,0,0,0,0
стральба,0,0,0,0,0,0,0,0,0,0
фірма,0,0,0,0,0,0,0,0,0,0
цвердзь,0,0,0,0,0,0,0,0,0,0
цвёрда,0,0,0,0,0,0,0,0,0,0
цвёрдасць,0,0,0,0,0,0,1,0,0,1
першынец,0,1,0,0,1,0,1,0,0,1
фіскальны,0,0,0,0,0,0,0,0,0,0
рыба,0,0,0,0,0,0,0,0,0,0
рыбак,0,0,0,0,0,0,0,0,0,0
рыбалоўства,0,0,0,0,0,0,0,0,0,0
рыбалка,0,0,0,0,0,0,0,0,0,0
рыбны,0,0,0,0,0,0,0,0,0,0
расшчапляльны,0,0,0,0,0,0,0,0,0,0
дзяленне,0,0,0,0,0,0,0,0,0,0
расколіна,0,0,0,0,0,0,0,0,0,0
кулак,0,0,0,0,0,0,0,0,0,0
свіршч,0,0,0,0,0,0,0,0,0,0
фітнес,0,0,0,0,0,0,0,0,0,0
падыходзіць,1,0,0,0,0,1,0,0,0,0
прыталеныя,0,0,0,0,0,0,0,0,0,0
прымерка,0,1,0,0,1,0,1,0,0,1
арматура,0,0,0,0,0,0,0,0,0,0
выправіць,0,0,0,0,0,0,0,0,0,0
фіксацыя,0,0,0,0,0,0,0,0,0,0
фіксаваны,0,0,0,0,0,0,0,0,0,1
прыстасаванне,0,0,0,0,0,0,1,0,0,0
свяцільні,0,0,0,0,0,0,0,0,0,0
шыпячы,0,0,0,0,0,0,0,0,0,0
адрузлы,0,0,1,0,0,1,0,0,0,0
млявы,0,0,0,0,0,1,0,1,0,0
маркіроўка,0,0,0,0,0,1,0,0,0,0
абуральны,1,0,1,0,0,1,0,0,0,0
флагман,0,0,0,0,0,0,0,0,0,1
шматкі,0,0,0,0,0,1,0,0,0,0
лупіцца,0,0,0,0,0,0,0,0,0,0
полымя,0,0,0,0,0,0,0,0,0,0
палымяны,0,0,0,0,0,0,0,0,0,0
фланец,0,0,0,0,0,0,0,0,0,1
фланг,0,0,0,0,0,0,0,0,0,0
фланкаваны,0,0,0,0,0,0,0,0,0,0
флангавыя,0,0,0,0,0,0,0,0,0,0
фланель,0,0,0,0,0,0,0,0,0,0
лоскут,0,0,0,0,0,1,0,0,0,0
пляскаючы,0,0,0,0,0,0,0,0,0,0
ўспышка,0,0,0,0,0,0,0,0,0,0
разгарацца,0,0,0,0,0,0,0,0,0,0
ўспышка,0,0,0,0,0,0,0,0,0,0
рэтраспекцыя,0,0,0,0,0,0,0,0,0,0
міргае,0,0,0,0,0,0,0,0,0,0
ліхтарык,0,0,0,0,0,0,0,0,0,0
крыклівы,0,0,0,0,0,0,0,0,0,0
колба,0,0,0,0,0,0,0,0,0,0
плоскі,0,0,0,0,0,0,0,0,0,0
пляскатасць,0,0,0,0,0,0,0,0,0,0
расплюшчыць,0,0,0,0,0,0,0,0,0,0
ліслівы,0,0,0,0,1,0,1,0,0,0
ліслівасць,0,0,0,0,0,0,0,0,0,0
метэарызм,0,0,1,0,0,1,0,0,0,0
выстаўляць напаказ,0,0,0,0,0,1,0,0,0,0
водар,0,0,0,0,0,0,0,0,0,0
недахоп,0,0,0,0,0,1,0,1,0,0
блыха,0,0,1,0,0,1,0,0,0,0
беглі,0,0,0,1,0,0,0,0,0,0
бегчы,0,0,0,1,0,1,0,0,0,0
фліс,1,0,1,0,0,1,0,1,0,0
флоту,0,0,0,0,0,0,1,0,0,0
мімалётны,0,0,0,0,0,0,0,0,0,0
плоць,0,0,1,0,0,0,0,0,0,0
мясістыя,0,0,0,0,0,1,0,0,0,0
згінаць,0,0,0,0,0,0,0,0,0,0
гнуткасць,0,0,0,0,0,0,1,0,0,0
гнуткі,0,0,0,0,0,0,0,0,0,0
згінанне,0,0,0,0,0,0,0,0,0,0
мігаценне,0,0,0,0,0,0,0,0,0,0
мігаценне,0,0,0,0,0,0,0,0,0,0
улётка,0,0,0,0,0,0,0,0,0,0
палёт,0,0,0,0,0,0,0,0,0,0
здрыгануцца,0,1,1,1,0,1,0,1,1,0
кідаць,0,0,0,0,0,0,0,0,0,0
крэмень,0,0,0,0,0,0,0,0,0,0
ласты,0,0,0,0,0,0,0,0,0,0
фліртаваць,0,1,0,0,1,1,1,0,1,1
флірт,0,0,0,0,0,0,0,0,0,0
паплавок,0,0,0,0,0,0,0,0,0,0
зграя,0,0,0,0,0,0,0,0,0,0
бічаваць,1,0,1,1,0,1,0,1,0,0
паводка,0,0,0,1,0,0,0,0,0,0
падлогу,0,0,0,0,0,0,0,0,0,0
флоп,0,0,1,0,0,1,0,1,0,0
раслінны свет,0,0,0,0,0,0,0,0,0,0
кветкавы,0,0,0,0,0,0,1,0,0,0
фларыст,0,0,0,0,0,0,0,0,0,0
зубная нітка,0,0,0,0,0,0,0,0,0,0
камбала,0,0,0,1,0,1,0,1,0,0
мукі,0,0,0,0,0,0,0,0,0,0
паток,0,0,0,0,0,0,1,0,0,0
красаванне,0,0,0,0,0,0,0,0,0,0
кветкавы,0,0,0,0,0,0,1,0,0,0
грып,0,0,0,1,0,1,0,0,0,0
вагацца,0,0,0,0,0,0,0,0,0,0
вагальны,0,0,0,0,0,0,0,0,0,0
ваганне,1,0,0,1,0,1,0,0,0,0
дымавой канал,0,0,0,0,0,0,0,0,0,0
бегласць,0,0,0,0,0,0,0,0,0,0
пух,0,0,0,0,0,0,0,0,0,0
пушысты,0,0,0,0,0,0,0,0,0,0
вадкасць,0,0,0,0,0,0,0,0,0,0
цякучасць,0,0,0,0,0,0,0,0,0,0
выпадковасць,0,0,0,0,0,0,0,0,1,0
флуарэсцэнцыя,0,0,0,0,0,0,0,0,0,0
люмінесцэнтныя,0,0,0,0,0,0,0,0,0,0
шквал,0,0,0,0,0,0,0,0,0,0
прамыць,0,0,0,0,0,0,1,0,0,0
усхваляваны,0,0,0,0,0,0,0,0,0,0
флейта,0,0,0,0,0,0,0,0,0,0
рыфлёныя,0,0,0,0,0,0,0,0,0,0
рачны,0,0,0,0,0,0,0,0,0,0
паток,0,0,0,0,0,0,0,0,0,0
лётаць,0,0,0,0,0,0,0,0,0,0
улётка,0,0,0,0,0,0,0,0,0,0
лятаючы,0,0,0,1,0,0,1,0,0,0
махавік,0,0,0,0,0,0,0,0,0,0
жарабя,0,0,0,0,0,0,0,0,0,0
пенапласт,0,0,0,0,0,0,0,0,0,0
ўспеньванне,0,0,0,0,0,0,0,0,0,0
пеністы,0,0,0,0,0,0,0,0,0,0
брелок,0,0,0,0,0,0,0,0,0,0
очаговые,0,0,0,0,0,0,0,0,0,0
фокус,0,0,0,0,0,0,1,0,0,0
кармавыя,0,0,0,0,0,0,0,0,0,0
вораг,1,0,0,1,0,1,0,0,0,0
туман,0,0,0,0,0,0,0,0,0,0
туманны,0,0,0,0,0,0,0,0,0,0
фальга,0,0,0,0,0,0,0,0,0,0
фальгіраваны,0,0,0,0,0,1,0,0,0,0
зморшчына,0,0,0,0,0,0,0,0,0,0
складзеныя,0,0,0,0,0,0,0,0,0,0
лістота,0,0,0,0,0,0,0,0,0,0
фаліянт,0,0,0,0,0,0,0,0,0,0
народныя,0,0,0,0,0,0,0,0,0,0
фальклор,0,0,0,0,0,0,0,0,0,0
фалікул,0,0,0,0,0,0,0,0,0,0
фалікулярных,0,0,0,0,0,0,0,0,0,0
прытрымлівацца,0,0,0,0,0,0,0,0,0,0
паслядоўнік,0,0,0,0,0,0,0,0,0,1
глупства,0,0,0,0,0,1,0,0,0,0
ласкавы,0,0,0,0,0,0,0,0,0,0
замілаванне,0,0,0,0,1,0,1,0,0,0
шрыфт,0,0,0,0,0,0,0,0,0,0
ежа,0,0,0,0,1,0,1,0,0,1
дурань,0,0,1,0,0,1,0,0,0,0
дурэнне,0,0,0,0,0,0,0,0,0,0
па-дурному,0,0,0,0,0,1,0,0,0,0
глупства,0,0,0,0,0,1,0,0,0,0
нага,0,0,0,0,0,0,0,0,0,0
футбол,0,1,0,0,1,0,1,0,0,0
пешаходны мост,0,0,0,0,0,0,0,0,0,0
падножка,0,0,0,0,0,0,0,0,0,1
пешаходная дарожка,0,0,0,0,0,0,0,0,0,0
след,0,0,0,0,0,0,0,0,0,0
Фоп,0,0,0,0,0,0,0,0,0,0
корму,0,0,0,0,0,1,0,0,0,0
набег,1,0,0,0,0,1,0,0,0,0
цярпімасць,0,0,0,0,0,0,1,0,0,0
забараніць,0,0,0,0,0,1,0,1,0,0
забараняючы,1,0,0,1,0,1,0,0,0,0
сіла,1,0,0,1,0,1,0,0,0,0
вымушаныя,0,0,0,1,0,1,0,0,0,0
шчыпцы,0,0,0,0,0,0,0,0,0,0
прымусова,1,0,0,1,0,1,0,0,0,0
брод,0,0,0,0,0,0,0,0,0,0
перад,0,0,0,0,0,0,1,0,0,0
перадплечча,1,1,0,0,0,0,0,0,0,0
прадчуванне,0,1,0,1,0,1,0,0,0,0
прагноз,0,1,0,0,0,0,0,0,0,1
сіноптык,0,0,0,0,0,0,0,0,0,0
спагнаць,0,0,0,1,0,1,0,1,0,0
прабацькі,0,0,0,0,1,0,1,0,0,1
паказальны палец,0,0,0,0,0,0,0,0,0,0
адмовіцца,0,0,0,0,0,1,0,0,0,0
вышэйсказанае,0,0,0,0,0,0,1,0,0,0
папярэджаны,0,0,0,0,0,0,0,0,0,0
пярэдні план,0,0,0,0,0,0,0,0,0,0
лоб,0,0,0,0,0,0,0,0,0,0
замежныя,0,0,0,0,0,1,0,0,0,0
іншаземец,0,0,0,1,0,1,0,0,0,0
брыгадзір,0,0,0,0,0,0,1,0,0,0
крыміналістычны,0,0,0,0,0,0,0,0,0,0
прадвеснік,0,0,0,0,0,0,1,0,0,0
прадбачыць,0,1,0,0,0,0,1,0,1,1
прадугледжана,0,1,0,0,0,0,1,0,0,0
дальнабачнасць,0,1,0,0,0,0,1,0,0,1
лес,0,0,0,0,0,0,0,0,0,0
прадумана,0,0,0,0,0,0,0,0,0,0
папярэджаны,0,1,0,1,0,1,0,0,0,0
прадмова,0,0,0,0,0,0,0,0,0,0
няўстойка,1,0,0,0,0,1,0,1,0,0
канфіскаваны,0,0,0,0,0,1,0,0,0,0
канфіскацыя,0,0,0,1,0,1,0,1,0,0
выкаваць,0,0,0,0,0,0,1,0,0,0
падробка,0,0,0,0,0,1,0,0,0,0
забыцца,0,0,0,0,0,1,0,0,0,0
непамятлівы,0,0,0,0,0,0,0,0,0,0
непамятлівасць,0,0,0,0,0,0,0,0,0,0
прабачце,0,0,0,0,0,0,1,0,0,0
даравана,0,0,0,0,0,0,1,0,0,0
даруючы,0,0,0,0,0,0,1,0,0,1
забыты,0,0,0,1,0,1,0,1,0,0
відэлец,0,0,0,0,0,0,0,0,0,0
раздвоены,0,0,0,0,0,0,0,0,0,0
разгалінаванне,0,0,0,0,0,0,0,0,0,0
занядбаны,0,0,0,0,0,1,0,1,0,0
форма,0,0,0,0,0,0,0,0,0,0
фармалізм,0,0,0,0,0,0,0,0,0,0
фармальнасць,0,0,0,0,0,0,0,0,0,1
фарміраванне,0,0,0,0,0,0,0,0,0,0
фарміруючы,0,0,0,0,0,0,1,0,0,1
сфарміраваны,0,0,0,0,0,0,0,0,0,0
грозны,0,0,0,1,0,0,0,0,0,0
фарміраванне,0,1,0,0,0,0,0,0,0,0
бясформенны,0,0,0,0,0,1,0,0,0,0
формула,0,0,0,0,0,0,1,0,0,1
фармулярны,0,0,0,0,0,0,0,0,0,0
сфармуляваць,0,0,0,0,0,0,0,0,0,0
блуд,0,0,0,0,0,1,0,0,0,0
пакінуць,0,0,0,0,0,1,0,1,0,0
пакінуты,1,0,0,0,0,1,0,1,0,0
прамаўляць,0,0,0,0,0,0,0,0,0,0
крэпасць,0,0,0,0,0,0,0,0,0,1
фортэ,0,0,0,0,0,0,1,0,0,0
маючы адбыцца,0,0,0,0,0,0,1,0,0,0
неадкладна,0,0,0,0,0,0,0,0,0,0
умацаванне,0,0,0,0,0,0,0,0,0,0
умацаваць,0,0,0,0,0,0,1,0,0,0
стойкасць духу,0,0,0,0,1,0,1,0,0,1
раз у два тыдні,0,0,0,0,0,0,0,0,0,0
крэпасць,0,0,0,1,0,0,1,1,0,1
выпадкова,0,0,0,0,0,0,0,0,0,0
пашанцавала,0,0,0,0,0,0,1,0,0,0
стан,0,1,0,0,1,0,1,0,1,1
сорак,0,0,0,0,0,0,0,0,0,0
форум,0,0,0,0,0,0,0,0,0,0
наперад,0,0,0,0,0,0,1,0,0,0
выкапні,0,0,0,0,0,0,0,0,0,0
выкапні,0,0,0,0,0,0,0,0,0,0
фол,1,0,1,1,0,1,0,0,0,0
знойдзены,0,0,0,0,1,0,1,0,0,1
падмурак,0,0,0,0,0,0,1,0,0,0
заснавальнік,0,0,0,0,0,0,0,0,0,0
ліцейны завод,0,0,0,0,0,0,0,0,0,0
фантан,0,0,0,0,0,0,0,0,0,0
чатырохразовы,0,0,0,0,0,0,0,0,0,0
чацвёрты,0,0,0,0,0,0,0,0,0,0
птушка,0,0,0,0,0,0,0,0,0,0
ліса,0,0,0,0,0,0,0,0,0,0
лісіная,0,0,0,0,0,0,0,0,0,0
доля,0,0,0,0,0,0,0,0,0,0
дробавыя,0,0,0,0,0,0,0,0,0,0
пералом,0,0,0,0,0,1,0,0,0,0
далікатныя,0,0,0,1,0,1,0,1,0,0
далікатнасць,0,0,0,0,0,0,0,0,0,0
фрагмент,0,0,0,0,0,0,0,0,0,0
фрагментарна,0,0,0,0,0,0,0,0,0,0
водар,0,0,0,0,0,0,0,0,0,0
духмяная,0,0,0,0,0,0,1,0,0,0
кволасць,0,0,0,0,0,1,0,1,0,0
рамках,0,0,0,0,0,0,0,0,0,1
франшыза,0,0,0,0,0,0,0,0,0,0
шчыры,0,0,0,0,0,0,1,0,0,1
шчырасць,0,0,0,0,0,0,1,0,0,1
апантаны,0,1,1,1,0,1,0,0,1,0
брацкага,0,0,0,0,1,0,1,0,0,1
брацтва,0,0,0,0,0,0,0,0,0,0
махлярства,1,0,0,0,0,1,0,0,0,0
ашуканскі,1,0,1,0,0,1,0,0,0,0
багата,0,0,0,1,0,1,0,1,0,0
бойка,0,0,0,0,0,1,0,0,0,0
пацёрты,0,0,0,0,0,1,0,1,0,0
вырадак,0,0,0,0,0,0,0,0,0,0
дзівацкі,0,0,1,1,0,1,0,0,1,0
свабода,0,0,0,0,1,0,1,0,0,1
свабоднае валоданне,0,0,0,0,0,0,0,0,0,0
пазаштатны,0,0,0,0,0,0,0,0,0,0
свабодна,0,0,0,0,1,0,1,0,0,1
аўтастрада,0,0,0,0,0,0,0,0,0,0
замарозіць,0,0,0,0,0,0,0,0,0,0
маразілку,0,0,0,0,0,0,0,0,0,0
замарожванне,0,0,0,0,0,1,0,0,0,0
грузавыя перавозкі,0,0,0,0,0,0,0,0,0,0
шалёны,1,0,0,1,0,1,0,0,1,0
шалёны,1,0,0,1,0,1,0,0,0,0
шаленства,0,0,0,0,0,1,0,0,0,0
частата,0,0,0,0,0,0,0,0,0,0
частыя,0,0,0,0,0,0,0,0,0,0
часта,0,0,0,0,0,0,0,0,0,0
фрэскі,0,0,0,0,0,0,0,0,0,0
першакурснік,0,0,0,0,0,0,0,0,0,0
лад,0,0,0,1,0,1,0,0,0,0
трэнне,1,0,0,0,0,0,0,0,0,0
сябар,0,0,0,0,1,0,1,0,0,1
прыязнасць,0,0,0,0,1,0,1,0,0,1
прыязны,0,1,0,0,1,0,1,0,0,1
сяброўства,0,0,0,0,1,0,1,0,0,1
фрэгат,0,0,0,1,0,0,0,0,0,0
спалох,0,0,0,1,0,1,0,0,1,0
палохаць,0,0,0,1,0,1,0,1,1,0
напалоханы,0,0,0,1,0,1,0,0,1,0
страшна,1,0,0,1,0,1,0,1,0,0
фрыгідная,0,0,0,0,0,1,0,0,0,0
махры,0,0,0,0,0,0,0,0,0,0
махрамі,0,0,0,0,0,0,0,0,0,0
рэзвы,0,1,0,0,1,0,1,0,1,0
несур'ёзны,0,0,0,0,0,1,0,0,0,0
сукенка,0,0,0,0,0,0,0,0,0,0
жаба,0,0,0,0,0,0,0,0,0,0
гарэзаваць,0,0,0,0,1,0,1,0,0,0
пярэдні,0,0,0,0,0,0,0,0,0,0
фасад,0,0,0,0,0,0,0,0,0,0
франтальная,0,0,0,0,0,0,0,0,0,0
памежжа,0,0,0,0,0,0,0,0,0,0
фасадная,0,0,0,0,0,0,0,0,0,0
франтыспіс,0,0,0,0,0,0,0,0,0,0
мароз,0,0,0,0,0,0,0,0,0,0
абмаражэнне,0,0,0,0,0,1,0,0,0,0
матавы,0,0,0,0,0,0,0,0,0,0
марозны,0,0,0,0,0,0,0,0,0,0
пеніцца,0,0,0,0,0,1,0,0,0,0
пеністы,0,0,0,0,0,0,0,0,0,0
нахмурыцца,0,0,0,0,0,1,0,1,0,0
нахмураны,1,0,1,0,0,1,0,1,0,0
замарожаныя,0,0,0,0,0,0,0,0,0,0
ашчадны,0,0,0,0,0,0,1,0,0,0
садавіна,0,0,0,0,0,0,0,0,0,0
плённы,0,0,0,0,0,0,1,0,0,0
плоданашэння,0,0,0,0,0,0,0,0,0,0
бясплодныя,0,0,0,0,0,1,0,1,0,0
сарваць,1,0,1,0,0,1,0,1,0,0
расчараваны,1,0,0,0,0,1,0,0,0,0
расчараванне,1,0,0,0,0,1,0,0,0,0
смажыць,0,0,0,0,0,0,0,0,0,0
помадка,0,0,0,0,0,1,0,0,0,0
паліва,0,0,0,0,0,0,0,0,0,0
уцякач,1,0,1,1,0,1,0,1,0,1
кропка апоры,0,0,0,0,0,0,0,0,0,0
выконваць,0,0,0,0,1,0,1,0,0,0
выкананне,0,1,0,0,1,0,1,0,0,1
поўны,0,0,0,0,0,0,1,0,0,0
паўната,0,0,0,0,0,0,0,0,0,0
цалкам,0,0,0,0,0,0,1,0,0,1
мацаць,0,0,0,0,0,1,0,0,0,0
дым,0,0,0,0,0,1,0,0,0,0
фумігацыя,0,0,0,0,0,0,0,0,0,0
дымячы,1,0,0,0,0,1,0,0,0,0
весела,0,1,0,0,1,0,1,0,0,0
функцыя,0,0,0,0,0,0,0,0,0,0
функцыянальны,0,0,0,0,0,0,0,0,0,0
фонд,0,0,0,0,0,0,0,0,0,0
фундаментальны,0,0,0,0,0,0,1,0,0,1
прынцыпова,0,0,0,0,0,0,0,0,0,0
сродкаў,0,0,0,0,0,0,0,0,0,0
пахаванне,0,0,0,0,0,0,0,1,0,0
грыбок,0,0,1,0,0,1,0,0,0,0
фанк,0,0,0,0,0,1,0,1,0,0
варонка,0,0,0,0,0,0,0,0,0,0
мех,0,0,0,0,0,0,0,0,0,0
люты,1,0,1,0,0,1,0,0,0,0
люта,1,0,0,0,0,0,0,0,0,0
адпачынак,0,0,0,0,0,0,0,0,0,0
печ,1,0,0,0,0,0,0,0,0,0
аздабленне,0,0,0,0,0,0,0,0,0,0
мэбля,0,0,0,0,0,0,0,0,0,0
фурор,1,0,0,0,0,1,0,0,0,0
баразна,0,0,0,0,0,0,0,1,0,0
спрыянне,0,0,0,0,0,0,0,0,0,0
лютасць,1,0,0,1,0,1,0,1,0,0
засцерагальнік,0,0,0,0,0,0,1,0,0,1
фьюжн,0,0,0,0,0,0,1,0,0,0
мітусіцца,1,0,0,0,0,1,0,1,0,0
мітуслівы,0,0,1,0,0,1,0,0,0,0
марны,0,0,0,0,0,1,0,1,0,0
марнасць,0,0,0,0,0,1,0,0,0,0
будучыню,0,0,0,0,0,0,0,0,0,0
пух,0,0,0,0,0,0,0,0,0,0
невыразны,0,0,0,0,0,0,0,0,0,0
Габі,0,0,1,0,0,1,0,0,0,0
кляп,0,0,1,0,0,1,0,0,0,0
датчык,0,0,0,0,0,0,0,0,0,1
зграя,0,0,0,0,0,0,0,0,0,0
атрымаць,0,1,0,0,1,0,1,0,0,0
прыбытковы,0,0,0,0,0,0,0,0,0,0
атрымаць,0,0,0,0,0,0,1,0,0,0
хада,0,0,0,0,0,0,0,0,0,0
гала,0,0,0,0,0,0,0,0,0,0
галактыка,0,0,0,0,0,0,0,0,0,0
шторм,0,0,0,0,0,0,0,0,0,0
жоўць,1,0,1,0,0,1,0,0,0,0
галантны,0,0,0,0,0,0,1,0,0,0
галантнасць,0,0,0,0,0,0,1,0,0,0
галерэя,0,0,0,0,0,0,0,0,0,0
камбуз,0,0,0,0,0,0,0,0,0,0
галопам,0,0,0,0,0,0,0,0,0,0
галопам,0,0,0,0,0,0,0,0,0,0
шыбеніца,1,0,0,1,0,1,0,1,0,0
у багацці,0,0,0,0,0,0,1,0,0,0
гальванічны,0,0,0,0,0,0,0,0,0,0
азартная гульня,0,0,0,0,0,1,0,0,0,0
азартны гулец,0,1,0,0,0,1,0,0,1,0
азартныя гульні,0,1,0,0,0,1,0,0,1,0
гульня,0,0,0,0,0,0,0,0,0,0
гульнявой,0,0,0,0,0,0,0,0,0,0
гарбуз,0,0,0,0,0,0,0,0,0,0
гама,0,0,0,0,0,0,0,0,0,0
гусак,0,0,0,0,0,0,0,0,0,0
банда,1,0,0,1,0,1,0,0,0,0
турма,0,0,0,0,0,1,0,0,0,0
разрыў,0,0,0,0,0,1,0,0,0,0
зеўраць,0,0,0,0,0,0,0,0,1,0
зеяў,0,0,0,0,0,0,0,0,0,0
гараж,0,0,0,0,0,0,0,0,0,0
адзенне,0,0,0,0,0,0,0,0,0,0
смецце,0,0,1,0,0,1,0,0,0,0
скажоны,0,0,0,0,0,0,0,0,0,0
сад,0,0,0,0,1,0,1,0,0,0
садоўнік,0,0,0,0,0,0,0,0,0,0
садоўніцтва,0,0,0,0,0,0,0,0,0,0
яркі,0,0,1,0,0,1,0,0,1,0
часнок,0,0,0,0,0,0,0,0,0,0
адзенне,0,0,0,0,0,0,0,0,0,0
сабраць,0,0,0,0,0,0,0,0,0,0
гранат,0,0,0,0,0,0,1,0,0,0
гарнір,0,0,0,0,0,1,0,0,0,0
гарнізон,0,0,0,0,0,0,1,0,0,1
падвязка,0,0,0,0,0,0,0,0,0,0
газ,0,0,0,0,0,0,0,0,0,0
газападобны,0,0,0,0,0,0,0,0,0,0
парэзаць,0,0,0,1,0,1,0,0,0,0
газіфікацыя,0,0,0,0,0,0,0,0,0,0
бензін,0,0,0,0,0,0,0,0,0,0
задыхацца,0,0,0,0,0,0,0,0,1,0
задыхаючыся,0,0,0,1,0,1,0,0,0,0
страўнікавы,0,0,0,0,0,0,0,0,0,0
гастраномія,0,0,0,0,0,0,0,0,0,0
вароты,0,0,0,0,0,0,0,0,0,1
шлюз,0,0,0,0,0,0,0,0,0,1
збірацца,0,0,0,0,0,0,0,0,0,0
збіральнік,0,0,0,0,0,0,0,0,0,0
збор,0,0,0,0,0,0,0,0,0,0
гауш,0,0,0,0,0,1,0,0,0,0
датчык,0,0,0,0,0,0,0,0,0,0
замер,0,0,0,0,0,0,0,0,0,1
худы,0,0,0,0,0,1,0,0,0,0
пальчатка,0,0,0,0,0,0,0,0,0,0
марля,0,0,0,0,0,0,0,0,0,0
малаток,0,0,0,0,0,0,0,0,0,0
глядзець,0,0,0,0,0,0,0,0,1,0
позірк,0,0,0,0,0,0,0,0,0,0
альтанка,0,0,0,0,0,0,0,0,0,0
газэль,0,0,0,0,0,0,0,0,0,0
веснік,0,0,0,0,0,0,1,0,0,1
веснік,0,0,0,0,0,0,0,0,0,0
рыштунак,0,0,0,0,0,0,1,0,0,0
гель,0,0,0,0,0,0,0,0,0,0
жэлацін,0,0,1,0,0,0,0,0,0,0
гельд,0,0,0,0,0,0,0,0,0,0
мерын,0,0,0,0,0,0,0,0,0,0
каштоўны камень,0,0,0,0,1,0,1,0,0,0
двайняты,0,0,0,0,0,0,0,0,0,0
пол,0,0,0,0,0,0,0,0,0,0
генеалогія,0,0,0,0,0,0,0,0,0,0
агульны,0,0,0,0,0,0,1,0,0,1
агульнасць,0,0,0,0,0,0,0,0,0,0
абагульненне,0,0,0,0,0,0,0,0,0,0
наогул,0,0,0,0,0,0,0,0,0,0
генераваць,0,0,0,0,0,0,0,0,0,0
пакалення,0,0,0,0,0,0,0,0,0,0
генератыўныя,0,0,0,0,0,0,0,0,0,0
генератар,0,0,0,0,0,0,0,0,0,0
радавыя,0,0,0,0,0,0,0,0,0,0
шчодрасць,0,1,0,0,1,0,1,0,1,1
шчодры,0,0,0,0,1,0,1,0,0,1
генезіс,0,0,0,0,0,0,0,0,0,0
генетычны,0,0,0,0,0,0,0,0,0,0
генетыка,0,0,0,0,0,0,0,0,0,0
геніяльны,0,0,0,0,1,0,1,0,0,0
генітальны,0,0,0,0,0,0,0,0,0,0
геній,0,0,0,0,0,0,1,0,0,0
жанр,0,0,0,0,0,0,0,0,0,0
джэнтльмен,1,0,1,1,0,1,0,0,0,0
вытанчаны,0,0,0,0,0,0,1,0,0,0
джэнтльмен,0,0,0,0,0,0,1,0,0,1
далікатнасць,0,0,0,0,0,0,1,0,0,0
шляхта,0,0,0,0,0,0,1,0,0,1
сапраўдны,0,0,0,0,0,0,1,0,0,1
роду,0,0,0,0,0,0,0,0,0,0
геаграфія,0,0,0,0,0,0,0,0,0,0
геалогіі,0,0,0,0,0,0,0,0,0,0
геаметрыі,0,0,0,0,0,0,0,0,0,0
герань,0,0,0,0,0,0,1,0,0,0
герыятрычны,0,0,0,0,0,1,0,1,0,0
зародак,0,1,1,0,0,0,0,0,0,0
нямецкі,0,0,0,0,0,0,0,0,0,0
адпаведны,0,0,0,0,0,0,0,0,0,0
прарасці,0,0,0,0,0,0,0,0,0,0
прарастанне,0,1,0,0,0,0,0,0,0,0
гестация,0,0,0,0,0,0,0,0,0,0
жэст,0,0,0,0,0,0,0,0,0,0
жудасны,0,0,1,1,0,1,0,0,0,0
гета,0,0,1,1,0,1,0,1,0,0
прывід,0,0,0,1,0,0,0,0,0,0
прывідны,0,0,0,1,0,1,0,0,0,0
гігант,0,0,0,1,0,0,0,0,0,0
тарабаршчына,1,0,0,0,0,1,0,0,0,0
падарунак,0,1,0,0,1,0,1,0,1,0
адораны,0,0,0,0,0,0,1,0,0,0
канцэрт,0,0,0,0,0,0,0,0,0,0
гіганцкі,0,0,0,0,0,0,1,0,0,0
хіхікаць,0,0,0,0,1,0,1,0,0,0
жабры,0,0,0,0,0,0,0,0,0,0
жабры,0,0,0,0,0,0,0,0,0,0
пазалочаны,0,0,0,0,0,0,0,0,0,0
гімп,0,0,0,0,0,0,0,0,0,0
джын,0,0,0,0,0,0,0,0,0,0
імбір,0,0,0,0,0,0,0,0,0,0
пернік,0,0,0,0,0,0,0,0,0,0
асцярожна,0,0,0,0,0,0,0,0,0,0
жырафа,0,0,0,0,0,0,0,0,0,0
бэлька,0,0,0,0,0,0,1,0,0,1
пояс,0,0,0,0,0,0,0,0,0,0
абхапілі,0,0,0,0,0,0,0,0,0,0
сутнасць,0,0,0,0,0,0,0,0,0,0
даючы,0,0,0,0,0,0,1,0,0,0
голыя,0,0,0,0,0,0,0,0,0,0
ледавіковы,0,0,0,0,0,1,0,0,0,0
ледавік,0,0,0,0,0,0,0,0,0,0
рады,0,1,0,0,1,0,1,0,0,0
паляна,0,0,0,0,0,0,0,0,0,0
гладыятар,0,0,0,1,0,0,0,0,0,0
радасць,0,0,0,0,1,0,1,0,0,0
позірк,0,0,0,0,0,0,0,0,0,0
блікі,1,0,0,1,0,1,0,0,0,0
абуральны,1,0,0,0,0,1,0,0,0,0
шкло,0,0,0,0,0,0,0,0,0,0
акуляры,0,0,0,0,0,0,0,0,0,0
шкляны посуд,0,0,0,0,0,0,0,0,0,0
глазуры,0,0,0,0,0,0,0,0,0,0
бляск,0,0,0,0,0,0,0,0,0,0
падбіраць,0,0,0,0,0,0,0,0,0,0
радасць,0,0,0,0,1,0,1,0,0,0
Глен,0,0,0,0,0,0,0,0,0,0
бойкі,0,0,0,0,0,1,0,0,0,0
слізгаць,0,1,0,0,1,0,1,0,0,0
пробліск,0,1,0,0,1,0,1,0,1,0
пробліск,0,0,0,0,0,0,0,0,0,0
бляск,0,0,0,0,0,0,0,0,0,0
бляск,0,0,1,0,1,0,0,0,0,0
бліскучы,0,0,0,0,0,0,1,0,0,0
глобус,0,0,0,0,0,0,0,0,0,0
шарападобныя,0,0,0,0,0,0,0,0,0,0
змрок,0,0,0,0,0,1,0,1,0,0
змрочны,0,0,0,0,0,1,0,1,0,0
праслаўленне,0,0,0,0,1,0,1,0,0,0
праслаўляць,0,1,0,0,1,0,1,0,1,1
слава,0,1,0,0,1,0,1,0,0,1
бляск,0,0,0,0,0,0,1,0,0,0
гласарый,0,0,0,0,0,0,0,0,0,0
глянцавы,0,0,0,0,0,0,0,0,0,0
пальчатка,0,0,0,0,0,0,0,0,0,0
свячэнне,0,1,0,0,1,0,1,0,0,1
свеціцца,0,0,0,0,0,0,1,0,0,0
глюкоза,0,0,0,0,0,0,0,0,0,0
клей,0,0,0,0,0,0,0,0,0,0
змрочны,0,0,0,0,0,1,0,1,0,0
перанасычэнне,0,0,1,0,0,1,0,0,0,0
глютен,0,0,0,0,0,0,0,0,0,0
абжорства,0,0,1,0,0,1,0,0,0,0
гліцэрына,0,0,0,0,0,0,0,0,0,0
камар,0,0,0,0,0,0,0,0,0,0
гном,1,0,1,1,0,1,0,0,0,0
каза,0,0,0,0,0,0,0,0,0,0
казліная барада,0,0,0,0,0,0,0,0,0,0
глыток,0,0,1,0,0,0,0,0,0,0
зжэрці,0,0,0,0,0,0,0,0,0,0
кубак,0,0,0,0,0,0,0,0,0,0
гоблін,0,0,1,1,0,1,0,0,0,0
бог,0,1,0,1,1,0,1,0,0,1
багіня,0,0,0,0,0,0,0,0,0,0
хросны бацька,0,0,0,0,0,0,0,0,0,0
бязбожны,1,0,0,0,0,1,0,0,0,0
пабожны,0,0,0,0,1,0,1,0,0,1
знаходка,0,0,0,0,1,0,1,0,1,0
акуляры,0,0,0,0,0,0,0,0,0,0
ахоўныя акуляры,0,0,0,0,0,0,0,0,0,0
золата,0,0,0,0,0,0,1,0,0,0
залаты,0,0,0,0,0,0,0,0,0,0
гольф,0,0,0,0,0,0,0,0,0,0
гандола,0,0,0,0,0,0,0,0,0,0
гонг,0,0,0,0,0,0,0,0,0,0
ганарэя,1,0,1,1,0,1,0,1,0,0
ліпка,0,0,1,0,0,1,0,0,0,0
добры,0,1,0,0,1,0,1,0,1,1
да пабачэння,0,0,0,0,0,0,0,0,0,0
добра,0,0,0,0,0,0,1,0,0,0
дабрыня,0,1,0,0,1,0,1,0,1,1
тавары,0,0,0,0,0,0,1,0,0,0
добразычлівасць,0,0,0,0,0,0,1,0,0,0
добры,0,0,0,0,0,0,0,0,0,0
клейкі,0,0,0,0,0,0,0,0,0,0
гусь,0,0,0,0,0,0,0,0,0,0
суслік,0,0,0,0,0,0,0,0,0,0
кроў,1,0,1,1,0,1,0,1,0,0
цясніна,0,0,1,0,0,1,0,0,0,0
цудоўны,0,0,0,0,1,0,1,0,0,0
гарыла,0,0,0,0,0,1,0,0,0,0
крывавы,1,0,1,1,0,1,0,1,0,0
Евангелле,0,0,0,0,0,0,1,0,0,1
плёткі,0,0,0,0,0,1,0,0,0,0
выдзіраць,0,0,0,0,0,1,0,0,0,0
гурман,0,0,0,0,0,0,0,0,0,0
падагра,0,0,0,0,0,1,0,0,0,0
кіраваць,0,0,0,0,0,0,1,0,0,1
гувернантка,0,0,0,0,0,0,0,0,0,1
кіруючая,0,0,0,0,0,0,0,0,0,0
ўрад,0,0,0,1,0,1,0,0,0,0
губернатар,0,0,0,0,0,0,0,0,0,1
сукенка,0,0,0,0,0,0,0,0,0,0
захапіць,1,0,0,0,0,1,0,0,0,0
ласка,0,0,0,0,0,0,1,0,0,0
хупавы,0,0,0,0,0,0,1,0,0,0
літасцівы,0,0,0,0,0,0,1,0,0,0
ласкава,0,0,0,0,0,0,1,0,0,0
градацыя,0,0,0,0,0,0,0,0,0,0
гатунак,0,0,0,0,0,0,0,0,0,0
грэйдэр,0,0,0,0,0,0,0,0,0,0
градыент,0,0,0,0,0,0,0,0,0,0
паступовым,0,1,0,0,0,0,0,0,0,0
паступова,0,0,0,0,0,0,0,0,0,0
выпускны,0,1,0,1,1,0,1,0,1,1
збожжа,0,0,0,0,0,0,0,0,0,0
грам,0,0,0,0,0,0,0,0,0,0
граматыка,0,0,0,0,0,0,0,0,0,1
грандыёзны,0,0,0,0,0,0,0,0,0,0
унукі,0,1,0,0,1,0,1,0,0,1
веліч,0,0,0,0,0,0,1,0,0,0
дзед,0,0,0,0,0,0,0,0,0,1
грандыёзны,0,0,0,0,0,0,0,0,0,0
бабуля,0,0,0,0,0,0,1,0,0,0
паселішча,0,0,0,0,0,0,0,0,0,0
граніт,0,0,0,0,0,0,0,0,0,0
грант,0,1,0,0,1,0,1,0,0,1
прадастаўлена,0,0,0,0,0,0,1,0,0,0
грантаатрымальнік,0,0,0,0,0,0,0,0,0,0
грантадаўца,0,0,0,0,0,0,0,0,0,0
крупчасты,0,0,0,0,0,0,0,0,0,0
гранула,0,0,0,0,0,0,0,0,0,0
вінаград,0,0,0,0,0,0,0,0,0,0
графіка,0,0,0,0,0,0,0,0,0,0
грэйфер,0,0,0,0,0,0,0,0,0,0
схапіць,0,0,0,0,0,0,0,0,0,0
хапанне,0,1,0,0,0,1,0,0,0,0
трава,0,0,0,0,0,0,0,0,0,0
конік,0,0,0,0,0,0,0,0,0,0
травяністы,0,0,0,0,0,0,0,0,0,0
краты,0,0,0,0,0,1,0,0,0,0
цёрты,1,0,0,0,0,1,0,0,0,0
удзячны,0,0,0,0,0,0,1,0,0,0
задавальняць,0,0,0,0,1,0,1,0,1,0
краты,1,0,1,0,0,1,0,0,0,0
бясплатна,0,0,0,0,0,0,0,0,0,0
удзячнасць,0,0,0,0,1,0,1,0,0,0
бязвыплатныя,0,0,1,0,0,0,0,0,0,0
чаявыя,0,0,0,0,0,0,0,0,0,0
магіла,0,0,0,1,0,1,0,1,0,0
жвір,0,0,0,0,0,0,0,0,0,0
магільшчык,0,0,0,0,0,0,0,0,0,0
цягнуцца,0,1,0,0,0,0,0,0,0,0
гравітацыя,0,0,0,0,0,0,0,0,0,0
гравітацыя,0,0,0,0,0,0,0,0,0,0
падліўка,0,0,0,0,0,0,0,0,0,0
шэры,0,0,1,0,0,0,0,1,0,0
пасвіцца,0,0,0,0,0,0,0,0,0,0
змазка,0,0,0,0,0,0,0,0,0,0
тлусты,0,0,1,0,0,0,0,0,0,0
большы,0,0,0,0,0,0,1,0,0,0
найвялікшы,0,0,0,0,0,0,0,0,0,0
значна,0,0,0,0,0,0,0,0,0,0
веліч,0,0,0,0,1,0,1,0,1,1
прагнасць,1,0,1,0,0,1,0,0,0,0
прагны,0,0,1,0,0,1,0,0,0,0
зялёны,0,0,0,0,1,0,1,0,0,1
аранжарэя,0,0,0,0,0,0,0,0,0,0
зеленаватыя,0,0,0,0,0,0,0,0,0,0
зялёнае дрэва,0,0,0,0,0,0,0,0,0,0
вітацца,0,0,0,0,0,0,0,0,0,0
прывітанне,0,0,0,0,0,0,1,0,1,0
статкавы,0,0,0,0,0,0,1,0,0,0
граната,0,0,0,1,0,1,0,0,0,0
шэры,0,0,0,0,0,0,0,0,0,0
хорт,0,0,0,0,0,0,0,0,0,0
рашотка,0,0,0,0,0,0,0,0,0,0
гора,0,0,0,0,0,1,0,1,0,0
крыўда,1,0,1,0,0,1,0,1,0,0
смуткаваць,0,0,0,1,0,1,0,1,0,0
цяжкі,1,0,0,1,0,1,0,1,0,0
грыфон,0,0,0,0,0,0,0,0,0,0
грыль,0,0,0,0,0,0,0,0,0,0
краты,0,0,0,0,0,0,0,0,0,0
змрочны,1,1,1,1,0,1,0,1,0,0
бруд,0,0,1,0,0,1,0,0,0,0
брудны,0,0,1,0,0,1,0,0,0,0
усмешка,0,1,0,0,1,0,1,0,1,1
здрабніць,0,0,0,0,0,0,0,0,0,0
шліфавальная машынка,0,0,0,0,0,0,0,0,0,0
шліфоўка,0,0,0,0,0,1,0,0,0,0
захоп,0,0,0,0,0,0,0,0,0,0
жудасны,0,0,1,1,0,1,0,0,0,0
здрабніць,0,0,0,0,0,0,1,0,0,0
пясчынка,0,0,0,0,0,0,1,0,0,1
пясчаны,0,0,0,0,0,0,0,0,0,0
грызлі,0,0,0,1,0,1,0,0,0,0
стогн,0,0,1,0,0,1,0,1,0,0
бакалейшчык,0,0,0,0,0,0,0,0,0,0
бакалейныя тавары,0,0,0,0,0,0,0,0,0,0
бакалея,0,0,0,0,0,0,0,0,0,0
апантаны,0,0,0,0,0,0,0,0,0,0
пахвіну,0,0,0,0,0,0,0,0,0,0
жаніх,0,0,0,0,0,0,0,0,0,0
канаўка,0,0,0,0,0,0,0,0,0,0
намацаць,1,0,1,1,0,1,0,0,0,0
валавы,0,0,1,0,0,1,0,0,0,0
гратэск,0,0,1,0,0,1,0,0,0,0
грот,0,0,0,0,0,0,0,0,0,0
зямлю,0,0,0,0,0,0,0,0,0,1
абгрунтаваны,0,0,0,1,0,1,0,1,0,0
беспадстаўна,0,0,0,0,0,1,0,0,0,0
падставы,0,0,0,0,0,0,0,0,0,0
аснова,0,0,0,0,0,0,1,0,0,0
група,0,0,0,0,0,0,0,0,0,0
групоўка,0,0,0,0,0,0,0,0,0,0
цецярук,0,0,0,0,0,0,0,0,0,0
зацірка,0,0,0,0,0,0,0,0,0,0
гай,0,0,0,0,0,0,0,0,0,0
расці,0,1,0,0,1,0,1,0,0,1
рыкаць,1,0,0,1,0,1,0,0,0,0
бурчанне,1,0,1,1,0,1,0,0,0,0
рост,0,0,0,0,0,0,1,0,0,0
жэрці,0,0,0,0,0,0,0,0,0,0
крыўда,1,0,0,0,0,1,0,0,0,0
неахвотна,0,0,0,0,0,1,0,0,0,0
жудасны,0,0,1,0,0,1,0,0,0,0
грубаваты,1,0,1,0,0,1,0,0,0,0
бурчаць,1,0,1,0,0,1,0,0,0,0
сварлівы,1,0,1,0,0,1,0,1,0,0
рохкаць,0,0,0,0,0,0,0,0,0,0
гарантыя,0,0,0,0,0,0,1,0,0,1
гарантыя,0,0,0,0,0,0,0,0,0,0
ахоўнік,0,0,0,1,0,0,1,0,0,1
ахоўваецца,0,0,0,0,0,0,0,0,0,1
апякун,0,0,0,0,0,0,1,0,0,1
апякунства,0,0,0,0,0,0,1,0,0,1
ахоўнікаў,0,0,0,0,0,0,0,0,0,0
губ,0,0,0,0,0,0,1,0,0,1
партызан,0,0,0,1,0,1,0,0,0,0
адгадаць,0,0,0,0,0,0,0,0,1,0
здагадка,0,0,0,0,0,0,0,0,0,0
госць,0,0,0,0,0,0,0,0,0,0
кіраўніцтва,0,0,0,0,0,0,1,0,0,1
кіраўніцтва,0,0,0,0,0,0,1,0,0,1
даведнік,0,0,0,0,0,0,1,0,0,1
гільдыя,0,0,0,0,0,0,0,0,0,0
хітрасць,0,0,0,0,0,1,0,0,0,0
гільяціна,1,1,1,1,0,1,0,1,0,0
пачуццё віны,0,0,1,0,0,1,0,1,0,0
вінаваты,1,0,0,0,0,1,0,1,0,0
гвінея,0,0,0,0,0,0,0,0,0,0
выгляд,0,0,0,0,0,1,0,0,0,0
гітара,0,0,0,0,0,0,0,0,0,0
колеры,0,0,0,0,0,0,0,0,0,0
заліў,0,0,0,0,0,0,0,0,0,0
чайка,0,0,0,0,0,1,0,0,0,0
даверлівы,0,0,0,0,0,1,0,1,0,1
яр,0,0,0,0,0,0,0,0,0,0
глыток,0,0,0,1,0,0,0,0,1,0
гумка,0,0,0,0,0,0,0,0,0,0
клейкі,0,0,0,0,0,0,0,0,0,0
пісталет,1,0,0,1,0,1,0,0,0,0
наводчык,0,0,0,0,0,0,0,0,0,0
порах,0,0,0,1,0,0,0,0,0,0
гуру,0,0,0,0,0,0,1,0,0,1
хлынуць,0,0,1,0,1,1,0,0,0,0
ластовіца,0,0,0,0,0,0,0,0,0,1
парыў,0,0,0,0,0,0,0,0,0,0
парывісты,0,0,0,0,0,0,0,0,0,0
кішка,0,0,1,0,0,0,0,0,0,0
вантробы,0,0,0,0,0,0,1,0,0,0
жолаб,0,0,1,0,0,0,0,0,0,0
хлопец,0,0,0,0,0,0,0,0,0,0
аб'ядаць,0,0,0,0,0,1,0,0,0,0
гімназія,0,0,0,0,0,0,0,0,0,0
гімнастка,0,0,0,0,0,0,1,0,0,0
гімнастычны,0,0,0,0,0,0,0,0,0,0
гімнастыка,0,0,0,0,0,0,0,0,0,0
гінекалогія,0,0,0,0,0,0,0,0,0,0
цыганка,0,0,0,0,0,1,0,0,0,0
гіраскоп,0,0,0,0,0,0,0,0,0,0
звычка,0,0,0,0,0,0,0,0,0,0
асяроддзе пражывання,0,0,0,0,0,0,1,0,0,0
жыллё,0,0,0,0,0,0,0,0,0,0
звыклы,0,1,0,0,0,0,0,0,0,0
звычайна,0,0,0,0,0,0,0,0,0,0
фазэнда,0,0,0,0,0,0,0,0,0,0
дзядзька,0,0,1,1,0,1,0,0,0,0
змардаваны,0,0,0,0,0,1,0,1,0,0
таргавацца,0,0,0,0,0,0,0,0,0,0
град,0,0,0,0,0,1,1,0,0,1
валасы,0,0,0,0,0,0,0,0,0,0
валасаты,0,0,1,0,0,1,0,0,0,0
Хэйл,0,0,0,0,0,0,1,0,0,0
палова,0,0,0,0,0,0,0,0,0,0
напалову,0,0,0,0,0,1,0,0,0,0
зала,0,0,0,0,0,0,0,0,0,0
асвечаны,0,0,0,0,0,0,0,0,0,0
галюцынацыя,0,0,0,1,0,1,0,0,0,0
гало,0,0,0,0,0,0,0,0,0,0
прыпынак,0,0,0,0,0,0,0,0,0,0
недоуздок,1,0,0,1,0,1,0,1,0,0
прыпынак,0,0,0,1,0,1,0,1,0,0
напалову,0,0,0,0,0,0,0,0,0,0
напалову,0,0,0,0,0,0,0,0,0,0
вяндліна,0,0,0,0,0,0,0,0,0,0
хутар,0,0,0,0,0,0,0,0,0,0
малаток,0,0,0,0,0,0,0,0,0,0
забіванне малатком,0,0,0,0,0,0,0,0,0,0
гамак,0,0,0,0,0,0,0,0,0,0
перашкаджаць,0,0,0,0,0,1,0,0,0,0
падкаленнае сухажылле,1,0,0,0,0,1,0,1,0,0
рука,0,0,0,0,0,0,0,0,0,0
даведнік,0,0,0,0,0,0,0,0,0,1
жменька,0,0,0,0,0,0,0,0,0,0
недахоп,0,0,0,0,0,1,0,1,0,0
рамесніцтва,0,0,0,0,0,0,0,0,0,0
ручная праца,0,0,0,0,0,0,0,0,0,0
хустку,0,0,0,0,0,0,0,0,0,0
ручка,0,0,0,0,0,0,0,0,0,0
прыгожы,0,0,0,0,0,0,0,0,0,0
почырк,0,0,0,0,0,0,0,0,0,0
зручна,0,0,0,0,0,0,1,0,0,0
павесіць,0,0,0,0,0,0,0,0,0,0
ангар,0,0,0,0,0,0,0,0,0,0
вісіць,1,0,1,1,0,1,0,1,0,0
кат,0,0,0,1,0,1,0,0,0,0
тусоўка,0,0,0,0,0,0,0,0,0,0
Хэнк,0,0,0,0,0,0,0,0,0,0
прага,0,1,0,0,0,0,0,0,0,0
хап,0,1,0,0,0,0,0,0,1,0
бессістэмна,0,0,0,0,0,0,0,0,0,0
здарыцца,0,1,0,0,0,0,0,0,0,0
адбываецца,0,0,0,0,0,0,0,0,0,0
шчасліва,0,0,0,0,1,0,1,0,0,0
шчасце,0,1,0,0,1,0,1,0,0,0
шчаслівы,0,1,0,0,1,0,1,0,0,1
пераследваць,1,0,1,0,0,1,0,0,0,0
дамагацца,1,0,0,0,0,0,0,0,0,0
прадвеснік,1,1,0,1,0,1,0,0,0,0
гавань,0,0,0,0,0,0,0,0,0,1
загартоўвацца,0,0,0,0,0,0,0,0,0,0
загартаваны,1,0,1,1,0,1,0,0,0,0
гартаванне,0,0,0,0,0,0,0,0,0,0
цвёрдасць,0,0,0,0,0,1,0,0,0,0
цяжкасці,0,0,0,0,0,1,0,1,0,0
абсталяванне,0,0,0,0,0,0,0,0,0,0
марозаўстойлівыя,0,0,0,0,1,0,1,0,0,1
заяц,0,0,0,0,0,0,0,0,0,0
гарэм,0,0,0,0,0,0,0,0,0,0
распусніца,0,0,1,0,0,1,0,0,0,0
шкоду,0,0,0,1,0,1,0,0,0,0
шкодны,1,0,1,1,0,1,0,1,0,0
гармонік,0,0,0,0,0,0,0,0,0,0
гармонікі,0,0,0,0,0,0,0,0,0,0
гарманічна,0,0,0,0,1,0,1,0,0,1
гарманізаваць,0,0,0,0,0,0,0,0,0,0
гармонія,0,0,0,0,1,0,1,0,0,1
вупраж,0,0,0,0,0,0,0,0,0,0
арпер,0,0,0,0,0,0,0,0,0,0
клавесін,0,0,0,0,0,0,0,0,0,0
баранаванне,0,0,0,1,0,1,0,0,0,0
Гары,1,0,0,0,0,1,0,1,0,0
жорсткасць,1,0,0,1,0,1,0,0,0,0
харт,0,0,0,0,0,0,0,0,0,0
ўраджай,0,1,0,0,1,0,1,0,0,0
хэш,0,0,0,0,0,1,0,0,0,0
гашыш,0,0,0,0,0,1,0,0,0,0
паспешлівасць,0,1,0,0,0,0,0,0,0,0
спяшацца,0,0,0,0,0,0,0,0,0,0
паспешліва,0,0,0,0,0,0,0,0,0,0
паспешлівы,0,0,0,0,0,1,0,0,0,0
капялюш,0,0,0,0,0,0,0,0,0,0
люк,0,0,0,0,0,0,0,0,0,0
сякерка,0,0,0,0,0,0,0,0,0,0
нянавісць,1,0,1,1,0,1,0,1,0,0
ненавісны,1,0,1,1,0,1,0,1,0,0
ненавідзячы,1,0,0,0,0,1,0,0,0,0
нянавісць,1,0,1,1,0,1,0,1,0,0
пыхлівы,1,0,0,0,0,1,0,0,0,0
цягаць,0,0,0,0,0,0,0,0,0,0
перавозкі,0,0,0,0,0,0,0,0,0,0
пераследваць,0,0,0,1,0,1,0,0,0,0
пераследваў,0,0,0,1,0,1,0,1,0,0
прытулак,0,0,0,0,0,0,1,0,0,1
хаос,1,0,0,1,0,1,0,0,0,0
гаў,0,0,0,0,0,0,0,0,0,0
ястраб,0,0,0,1,0,0,0,0,0,0
разнос,0,0,0,0,0,0,0,0,0,0
небяспека,0,0,0,1,0,1,0,0,0,0
небяспечныя,0,0,0,1,0,1,0,0,0,0
дымка,0,0,0,1,0,1,0,0,0,0
туманны,0,0,0,0,0,0,0,0,0,0
кіраўнік,0,0,0,0,0,0,0,0,0,0
галаўны боль,0,0,0,0,0,1,0,0,0,0
галаўны ўбор,0,0,0,0,0,0,0,0,0,0
загаловак,0,0,0,0,0,0,0,0,0,0
галаўны ўбор,0,0,0,0,0,0,0,0,0,0
загаловак,0,0,0,0,0,0,0,0,0,0
мыс,0,0,0,0,0,0,0,0,0,0
фара,0,1,0,0,0,0,0,0,0,0
загаловак,0,0,0,0,0,0,0,0,0,0
галавой,0,0,0,0,0,0,0,0,0,0
штаб,0,0,0,0,0,0,0,0,0,0
надмагілле,0,0,0,0,0,0,0,0,0,0
прагрэс,0,0,0,0,0,0,1,0,0,0
п'янлівы,0,0,0,0,0,1,0,0,0,0
вылечыць,0,0,0,0,1,0,1,0,0,1
вылячэнне,0,1,0,0,1,0,1,0,0,1
здароўя,0,0,0,0,0,0,0,0,0,0
здаровы,0,0,0,0,1,0,1,0,0,0
здаровы,0,0,0,0,0,0,1,0,0,0
куча,0,0,0,0,0,0,0,0,0,0
пачуць,0,0,0,0,0,0,0,0,0,0
слухач,0,0,0,0,0,0,0,0,0,0
слых,0,0,0,1,0,1,0,0,0,0
чуткі,0,0,0,0,0,1,0,0,0,0
катафалк,0,0,0,1,0,1,0,1,0,0
сэрца,0,0,0,0,0,0,0,0,0,0
душэўны боль,0,0,0,0,0,1,0,1,0,0
пякотка,0,0,0,0,0,1,0,0,0,0
сардэчны,0,0,0,0,1,0,1,1,0,1
ачаг,0,0,0,0,0,0,1,0,0,0
сардэчна,0,0,0,0,1,0,1,0,0,0
бессардэчны,0,0,0,0,0,1,0,1,0,0
сэрцайкі,0,0,0,0,0,0,0,0,0,0
сардэчнік,0,0,1,0,0,0,0,0,0,0
цяпло,0,0,0,0,0,0,0,0,0,0
падагрэў,0,0,0,0,0,0,0,0,0,0
абагравальнік,0,0,0,0,0,0,0,0,0,0
верас,0,0,0,0,0,0,0,0,0,0
язычнік,0,0,0,1,0,1,0,0,0,0
верас,0,0,0,0,0,0,0,0,0,0
ацяпленне,0,0,0,0,0,0,0,0,0,0
падняць,0,0,0,0,0,0,0,0,0,0
нябесны,0,1,0,0,1,0,1,0,0,1
нябёсы,0,0,0,0,1,0,1,0,0,1
моцна,0,0,0,0,0,1,0,0,0,0
цяжар,0,0,0,0,0,0,0,0,0,0
ўздым,0,0,0,0,0,0,0,0,0,0
гектараў,0,0,0,0,0,0,0,0,0,0
мітуслівы,0,0,0,0,0,0,0,0,0,0
жывая загарадзь,0,0,0,0,0,0,0,0,0,0
вожык,0,0,0,0,0,0,0,0,0,0
геданізм,0,0,0,0,1,1,1,0,0,0
прыслухацца,0,0,0,0,0,0,0,0,0,0
абцас,0,0,0,0,0,1,0,0,0,0
абцасы,0,0,0,0,0,0,0,0,0,0
цяжар,0,1,0,1,0,0,1,0,0,0
гегемонскі,0,0,0,0,0,0,0,0,0,0
цялушка,0,0,0,0,0,0,0,0,0,0
вышыня,0,0,0,0,0,0,0,0,0,0
павысіць,0,0,0,1,0,1,0,0,0,0
гнюсны,0,0,0,0,0,1,0,0,0,0
спадчыннік,0,0,0,0,0,0,0,0,0,0
спадчынніца,0,0,0,0,0,0,0,0,0,0
рэліквія,0,0,0,0,0,0,0,0,0,0
спадчыннікі,0,0,0,0,0,0,0,0,0,0
вінтападобныя,0,0,0,0,0,0,0,0,0,0
спіраль,0,0,0,0,0,0,0,0,0,0
пекла,1,0,1,1,0,1,0,1,0,0
пякельны,1,0,1,1,0,1,0,1,0,0
стырно,0,0,0,0,0,0,0,0,0,0
шлем,0,0,0,1,0,0,1,0,0,0
памочнік,0,0,0,0,0,0,1,0,0,1
карысна,0,0,0,0,1,0,1,0,0,1
бездапаможны,0,0,0,1,0,1,0,1,0,0
бездапаможнасць,0,0,0,1,0,1,0,1,0,0
падол,0,0,0,0,0,0,0,0,0,0
гематыт,0,0,0,0,0,0,0,0,0,0
гемі,0,0,0,0,0,0,0,0,0,0
паўшар'я,0,0,0,0,0,0,0,0,0,0
паўшар'я,0,0,0,0,0,0,0,0,0,0
балігалоў,0,0,0,0,0,0,0,0,0,0
кровазліццё,0,0,1,1,0,1,0,1,0,0
гемарой,0,0,0,0,0,1,0,0,0,0
каноплі,0,0,0,0,0,0,0,0,0,0
курыца,0,0,0,0,0,0,0,0,0,0
з гэтага часу,0,0,0,0,0,0,0,0,0,0
веснік,0,0,0,0,0,0,0,0,0,0
геральдыка,0,0,0,0,0,0,0,0,0,0
трава,0,0,0,0,0,0,0,0,0,0
травяністыя,0,0,0,0,0,0,0,0,0,0
раслінны,0,0,0,0,0,0,1,0,0,0
гербарый,0,0,0,0,0,0,0,0,0,0
статак,0,0,0,0,0,0,0,0,0,0
спадчынны,0,0,0,0,0,0,0,0,0,0
спадчыннасць,0,0,0,0,0,0,0,0,0,0
ерась,0,0,0,0,0,1,0,0,0,0
ерэтык,0,0,1,0,0,1,0,0,0,0
ерэтычны,0,0,0,0,0,0,0,0,0,0
раней,0,0,0,0,0,0,0,0,0,0
да гэтага,0,0,0,0,0,0,0,0,0,0
пры гэтым,0,0,0,0,0,0,0,0,0,0
спадчына,0,0,0,0,0,0,0,0,0,1
гермафрадыт,0,0,0,0,0,1,0,0,1,0
герменеўтыка,0,0,0,0,0,0,0,0,0,0
пустэльнік,0,0,0,0,0,0,0,1,0,1
кіла,0,0,0,0,0,0,0,0,0,0
герой,0,1,0,0,1,0,1,0,1,1
гераічны,0,0,0,0,1,0,1,0,1,1
героіка,0,0,0,0,0,0,1,0,0,0
гераін,0,0,0,0,0,1,0,0,0,0
гераіня,0,0,0,0,0,0,1,0,0,1
гераізм,0,1,0,0,1,0,1,0,1,1
герпес,0,0,1,0,0,1,0,0,0,0
вірус герпесу,0,0,1,0,0,1,0,0,0,0
вагаючыся,0,0,0,0,0,0,0,0,0,0
ваганні,0,0,0,1,0,1,0,0,0,0
неаднастайнасць,0,0,0,0,0,0,0,0,0,0
рубіць,0,0,0,0,0,0,0,0,0,0
шасцікутнік,0,0,0,0,0,0,0,0,0,0
росквіту,0,1,0,0,1,0,1,0,0,1
перапынак,0,0,0,0,0,0,0,0,0,0
зімаваць,0,0,0,0,0,0,0,0,0,0
спячка,0,0,0,0,0,0,0,0,0,0
ікаўка,0,0,0,0,0,0,0,0,0,0
схаваны,0,0,0,0,0,1,0,0,0,0
схаваць,0,0,0,1,0,0,0,0,0,0
агідны,0,0,1,1,0,1,0,1,0,0
хаваючыся,0,0,0,1,0,0,0,0,0,0
іерархічны,0,0,0,0,0,0,0,0,0,0
высокая,0,0,0,0,0,0,0,0,0,0
вышэй,0,0,0,0,0,0,0,0,0,0
самы высокі,0,1,0,1,1,1,1,0,1,0
высакагор'е,0,0,0,0,0,0,0,0,0,0
высакагор'е,0,0,0,0,0,0,0,0,0,0
вышыня,0,0,0,0,0,0,0,0,0,0
шашы,0,0,0,0,0,0,0,0,0,0
турыст,0,0,0,0,0,0,0,0,0,0
вясёлы,0,0,0,0,1,0,1,0,1,0
весялосьць,0,0,0,0,1,0,1,0,0,0
пагорак,0,0,0,0,0,0,0,0,0,0
узгорысты,0,0,0,0,0,0,0,0,0,0
рукаяць,0,0,0,0,0,0,0,0,0,0
задні,0,0,0,0,0,0,0,0,0,0
перашкаджаючы,0,0,0,0,0,1,0,1,0,0
перашкода,0,0,0,0,0,1,0,0,0,0
шарнір,0,0,0,0,0,0,0,0,0,0
падказка,0,0,0,0,0,0,0,0,0,0
глыбінка,0,0,0,0,0,0,0,0,0,0
сцягно,0,0,0,0,0,0,0,0,0,0
хіпі,0,0,0,0,0,1,0,0,0,0
наняць,0,1,0,0,1,0,1,0,0,1
волосатые,0,0,0,0,0,0,0,0,0,0
шыпець,1,0,0,1,0,1,0,0,0,0
шыпячыя,0,0,0,0,0,1,0,0,0,0
гісталогія,0,0,0,0,0,0,0,0,0,0
гісторык,0,0,0,0,0,0,0,0,0,0
гістарычны,0,0,0,0,0,0,0,0,0,0
гістарыяграфія,0,0,0,0,0,0,0,0,0,0
гісторыі,0,0,0,0,0,0,0,0,0,0
ўдар,1,0,0,0,0,1,0,0,0,0
да гэтага часу,0,0,0,0,0,1,0,0,0,0
вулей,0,0,0,0,0,1,0,0,0,0
скарбонка,0,0,0,0,0,0,0,0,0,0
хрыплы,0,0,0,0,0,1,0,0,0,0
сівы,0,0,0,0,0,1,0,1,0,0
падман,1,0,1,0,0,1,0,1,1,0
варачная панэль,0,0,0,0,0,0,0,0,0,0
хобі,0,0,0,0,1,0,1,0,0,0
валацуга,0,0,0,0,0,1,0,1,0,0
хакей,0,0,0,0,0,0,0,0,0,0
матыка,0,0,0,0,0,0,0,0,0,0
свіння,0,0,1,0,0,1,0,0,0,0
пад'ёмнік,0,0,0,0,0,0,0,0,0,0
трымаць,0,0,0,0,0,0,0,0,0,0
трымальнік,0,0,0,0,0,0,0,0,0,0
правядзенне,0,0,0,0,0,0,0,0,0,0
адтуліну,0,0,0,0,0,0,0,0,0,0
свята,0,1,0,0,1,0,1,0,0,0
святасць,0,1,0,1,1,0,1,0,1,1
полая,0,0,0,0,0,1,0,1,0,0
халакост,1,0,1,1,0,1,0,1,0,0
святы,0,0,0,0,0,0,1,0,0,0
пашана,0,0,0,0,0,0,1,0,0,0
бяздомныя,1,1,1,1,0,1,0,1,0,0
гомеапатычны,0,0,0,0,0,0,0,0,0,0
гамеапатыя,0,0,0,0,0,0,0,0,0,0
сумаваць па радзіме,0,0,0,0,0,1,0,1,0,0
сядзіба,0,0,0,0,0,0,0,0,0,0
Дамашняя работа,0,0,0,1,0,0,0,0,0,0
забойчы,1,0,0,1,0,1,0,0,0,0
забойства,1,0,1,1,0,1,0,1,0,0
гамілія,0,0,0,0,0,0,0,0,0,0
аднастайнасць,0,0,0,0,0,0,0,0,0,0
аднародны,0,0,0,0,0,0,0,0,0,0
гамалагічныя,0,0,0,0,0,0,0,0,0,0
гамалаг,0,0,0,0,0,0,0,0,0,0
гамалогія,0,0,0,0,0,0,1,0,0,0
адтачыць,0,0,0,0,0,0,0,0,0,0
сумленны,1,0,1,1,1,0,1,1,0,1
сумленнасць,0,0,0,0,0,0,1,0,0,1
мёд,0,0,0,0,0,0,1,0,0,0
сотавы,0,0,0,0,0,0,0,0,0,0
мядовы месяц,0,1,0,0,1,0,1,0,1,1
бружмель,0,0,0,0,0,0,0,0,0,0
гонар,0,0,0,0,0,0,1,0,0,1
ганаровы,0,0,0,0,0,0,1,0,0,1
ганарар,0,0,0,0,0,0,0,0,0,0
капот,1,0,1,1,0,1,0,0,0,0
з капюшонам,0,0,0,1,0,0,0,0,0,0
капыт,0,0,0,0,0,0,0,0,0,0
кручок,0,0,0,0,0,0,0,0,0,0
зачапіў,0,0,0,0,0,1,0,0,0,0
прастытутка,0,0,0,0,0,0,0,0,0,0
абруч,0,0,0,0,0,0,0,0,0,0
крычаць,1,0,1,0,0,1,0,0,0,0
хоп,0,0,0,0,0,0,0,0,0,0
надзея,0,1,0,0,1,0,1,0,1,1
абнадзейлівы,0,1,0,0,1,0,1,0,1,1
безнадзейны,0,0,0,1,0,1,0,1,0,0
безвыходнасць,1,0,1,1,0,1,0,1,0,0
надзеі,0,0,0,0,0,0,0,0,0,0
спадзеючыся,0,0,0,0,0,0,0,0,0,0
бункер,0,0,0,0,0,0,0,0,0,0
арда,0,0,0,0,0,1,0,0,1,0
гарызонт,0,1,0,0,0,0,1,0,0,0
гарызантальны,0,0,0,0,0,0,0,0,0,0
па гарызанталі,0,0,0,0,0,0,0,0,0,0
рог,0,0,0,0,0,0,0,0,0,0
шэршань,0,0,0,0,0,0,0,0,0,0
рагавой,0,0,0,0,0,0,0,0,0,0
гараскоп,0,1,0,0,0,0,0,0,0,0
жахлівы,1,0,1,1,0,1,0,0,0,0
жудасна,0,0,0,0,0,1,0,0,0,0
жахлівы,1,0,1,1,0,1,0,1,0,0
жахлівы,1,0,1,1,0,1,0,1,0,0
у жаху,0,0,0,1,0,1,0,0,0,0
жахлівы,0,0,1,1,0,1,0,1,0,0
жах,1,0,1,1,0,1,0,1,1,0
жахі,0,0,0,1,0,1,0,1,0,0
конь,0,0,0,0,0,0,0,0,0,1
вершнік,0,0,0,0,0,0,0,0,0,0
падкова,0,0,0,0,0,0,0,0,0,0
садаводчы,0,0,0,0,0,0,0,0,0,0
садаводства,0,0,0,0,0,0,0,0,0,0
шланг,0,0,0,0,0,0,0,0,0,0
панчошна-шкарпэткавыя вырабы,0,0,0,0,0,0,0,0,0,0
хоспіс,0,0,0,0,0,0,0,1,0,0
бальніца,0,0,0,1,0,0,0,1,0,1
гасціннасць,0,0,0,0,0,0,1,0,0,0
закладнік,1,0,0,1,0,1,0,0,0,0
хостэл,0,0,0,0,0,0,0,0,0,0
варожы,1,0,1,1,0,1,0,0,0,0
ваенных дзеянняў,1,0,0,1,0,1,0,0,0,0
варожасць,1,0,1,0,0,1,0,0,0,0
гарачы,1,0,0,0,0,0,0,0,0,0
парнік,0,0,0,0,0,0,0,0,0,0
гасцініца,0,0,0,0,0,0,0,0,0,0
гадзіну,0,0,0,0,0,0,0,0,0,0
пясочныя гадзіны,0,0,0,0,0,0,0,0,0,0
штогадзіны,0,0,0,0,0,0,0,0,0,0
дом,0,0,0,0,0,0,0,0,0,0
бытавыя,0,0,0,0,0,0,1,0,0,0
гаспадар,0,0,0,0,0,0,0,0,0,0
ахмістрыня,0,0,0,0,0,0,0,0,0,0
хатняя гаспадарка,0,0,0,0,0,0,1,0,0,0
хатняя гаспадыня,0,0,0,0,0,0,0,0,0,0
жыллё,0,0,0,0,0,0,0,0,0,0
карабель на паветранай падушцы,0,0,0,0,0,0,0,0,0,0
выць,1,0,1,1,0,1,0,1,1,0
як бы там ні было,0,0,0,0,0,0,0,0,0,0
эй,0,0,0,0,0,0,0,0,0,0
хаб,0,0,0,0,0,0,0,0,0,0
туліцца,0,0,0,0,0,0,0,0,0,0
адценне,0,0,0,0,0,0,0,0,0,0
крыўляцца,1,0,1,0,0,1,0,0,0,0
абняць,0,0,0,0,1,0,1,0,0,1
велізарны,0,0,0,0,0,0,0,0,0,0
халк,0,0,1,0,0,0,0,0,0,0
корпус,0,0,0,0,0,0,0,0,0,0
гул,0,0,0,0,0,0,0,0,0,0
чалавека,0,0,0,0,0,0,0,0,0,0
гуманны,0,0,0,0,0,0,1,0,0,0
гуманітарная,0,1,0,0,1,0,1,0,1,1
гуманітарныя навукі,0,0,0,0,0,0,0,0,0,0
чалавецтва,0,0,0,0,1,0,1,0,0,1
сціплы,0,0,1,0,0,1,1,1,0,0
прыніжаны,0,0,0,0,0,0,1,1,0,0
пакорліва,0,0,0,0,0,0,1,0,0,0
падман,1,0,1,0,0,1,0,1,0,0
вільготны,0,0,0,0,0,0,0,0,0,0
вільготнасць,0,0,0,0,0,0,0,0,0,0
прыніжаць,1,0,0,0,0,1,0,1,0,0
зневажальна,0,0,1,0,0,1,0,0,0,0
прыніжэнне,0,0,1,0,0,1,0,1,0,0
пакора,0,0,0,0,0,0,1,0,0,1
хаммер,0,0,0,0,0,0,0,0,0,0
калібры,0,0,0,0,0,0,0,0,0,0
велізарны,0,0,0,0,0,0,0,0,0,0
гумарыст,0,0,0,0,0,0,1,0,0,0
гумарыстычныя,0,0,0,0,1,0,1,0,0,0
горб,0,0,0,0,0,0,0,0,0,0
здагадка,0,0,0,0,0,1,0,0,0,0
сто,0,0,0,0,0,0,0,0,0,0
соты,0,0,0,0,0,0,0,0,0,0
голад,0,0,0,0,0,0,0,0,0,0
галодны,0,1,0,0,0,1,0,0,0,0
кавалак,0,0,0,0,0,0,0,0,0,0
кавалкі,0,0,0,0,0,0,0,0,0,0
паляваць,0,0,0,0,0,0,0,0,0,0
паляўнічы,0,1,0,1,0,1,0,1,0,0
паляванне,1,1,0,1,0,1,0,0,0,0
кідаць,0,0,0,0,0,0,0,0,0,0
ура,0,0,0,0,1,0,1,0,0,0
ураган,0,0,0,1,0,1,0,0,0,0
паспяшаўся,0,1,0,0,0,1,0,0,0,0
спяшацца,0,1,0,0,0,0,0,0,0,0
балюча,1,0,0,1,0,1,0,1,0,0
крыўдна,1,0,1,1,0,1,0,1,0,0
балюча,1,0,0,1,0,1,0,1,0,0
гаспадарка,0,0,0,0,0,0,1,0,0,1
цішыня,0,0,0,0,0,0,1,0,0,0
прыціхла,0,0,0,0,0,0,0,0,0,0
шалупіна,0,0,0,0,0,0,0,0,0,0
хаскі,0,0,0,0,0,0,0,0,0,0
мітусня,0,0,0,0,0,0,0,0,0,0
ашуканец,0,0,0,0,0,1,0,0,0,0
хаціна,0,0,0,0,0,0,1,1,0,0
хатка,0,0,0,0,0,0,0,0,0,0
гіяцынт,0,0,0,0,0,0,0,0,0,0
гібрыд,0,0,0,0,0,0,0,0,0,0
гідра,0,0,0,1,0,1,0,0,0,0
гідраўліка,0,0,0,0,0,0,0,0,0,0
гідрацэфалія,0,0,1,1,0,1,0,1,0,0
гідрадынаміка,0,0,0,0,0,0,0,0,0,0
вадарод,0,0,0,0,0,0,0,0,0,0
гідраграфічны,0,0,0,0,0,0,0,0,0,0
гідралогія,0,0,0,0,0,0,0,0,0,0
гігіена,0,0,0,0,0,0,0,0,0,0
гігіенічны,0,0,0,0,0,0,1,0,0,0
гімн,0,1,0,0,1,0,1,1,0,1
ажыятаж,0,1,0,0,0,1,0,0,0,0
гіпербалізацыя,0,0,0,0,0,1,0,0,0,0
гіпертрафія,0,0,1,1,0,0,0,0,1,0
працяжнік,0,0,0,0,0,0,0,0,0,0
снатворнае,0,0,0,0,0,0,0,0,0,0
загіпнатызаваны,0,0,0,0,0,0,0,0,0,0
крывадушнасць,0,0,0,0,0,1,0,0,0,0
крывадушнік,0,0,1,0,0,1,0,0,0,0
крывадушны,0,0,1,0,0,1,0,0,0,0
гіпотэза,0,1,0,0,0,0,0,0,1,0
гіпатэтычны,0,0,0,0,0,0,0,0,0,0
істэрыка,0,0,0,1,0,1,0,0,0,0
істэрычны,1,0,0,1,0,1,0,0,0,0
лёд,0,0,0,0,0,0,0,0,0,0
айсберг,0,0,0,0,0,0,0,0,0,0
значок,0,0,0,0,0,0,0,0,0,0
знакавыя,0,0,0,0,0,0,0,0,0,0
іканапіс,0,0,0,0,0,0,0,0,0,0
ледзяны,0,0,0,0,0,0,0,0,0,0
ідэя,0,0,0,0,0,0,0,0,0,0
ідэалізм,0,0,0,0,0,0,1,0,0,0
ідэаліст,0,0,0,0,0,0,0,0,0,0
ідэнтычны,0,0,0,0,0,0,0,0,0,0
ідэнтычна,0,0,0,0,0,0,0,0,0,0
ідэнтыфікацыя,0,0,0,0,0,0,0,0,0,0
ідэнтыфікаваць,0,0,0,0,0,0,0,0,0,0
ідэнтычнасць,0,0,0,0,0,0,0,0,0,0
ідэалогіі,0,0,0,0,0,0,0,0,0,0
ідыятызм,1,0,1,0,0,1,0,1,0,0
ідыёмы,0,0,0,0,0,0,0,0,0,0
ідыяматычны,0,0,0,0,0,0,0,0,0,0
ідыёт,0,0,1,0,0,1,0,0,0,0
ідыёцкі,1,0,1,0,0,1,0,0,0,0
бяздзейны,0,0,0,0,0,0,0,0,0,0
бяздзейнасць,0,0,0,0,0,0,0,0,0,0
лайдак,0,0,0,0,0,1,0,0,0,0
ідал,0,0,0,0,0,0,1,0,0,0
ідалапаклонства,0,0,1,1,0,1,0,0,0,0
іглу,0,0,0,0,0,0,0,0,0,0
магматычныя,0,0,0,0,0,0,0,0,0,0
запаліць,0,0,0,0,0,0,0,0,0,0
запальванне,0,0,0,0,0,0,0,0,0,0
невуцтва,0,0,0,0,0,1,0,0,0,0
невуцкі,0,0,1,0,0,1,0,0,0,0
ігнараваць,0,0,0,0,0,1,0,0,0,0
падобнае,0,0,0,0,0,0,0,0,0,0
хворы,1,0,1,1,0,1,0,1,0,0
незаконны,1,0,1,1,0,1,0,1,0,0
незаконнасць,1,0,1,1,0,1,0,0,0,0
незаконна,0,0,0,0,0,0,0,0,0,0
нечытэльны,0,0,0,0,0,1,0,0,0,0
нелегітымны,1,0,1,1,0,1,0,1,1,0
нелегальны,1,0,1,1,0,1,0,0,0,0
непісьменны,0,0,1,0,0,1,0,0,0,0
хвароба,0,0,0,1,0,1,0,1,0,0
нелагічна,0,0,0,0,0,1,0,0,0,0
асвятляць,0,1,0,0,1,0,1,0,1,0
асвятленне,0,0,0,0,1,0,1,0,1,1
асвятляльнік,0,0,0,0,0,0,0,0,0,0
ілюзія,0,0,0,0,0,1,0,0,1,0
ілюстраваць,0,0,0,0,0,0,1,0,0,0
ілюстрацыя,0,0,0,0,0,0,0,0,0,0
ілюстрацыйны,0,0,0,0,0,0,0,0,0,0
славуты,0,0,0,0,0,0,1,0,0,0
малюнак,0,0,0,0,0,0,0,0,0,0
вобразнасць,0,0,0,0,0,0,0,0,0,0
ўяўны,0,0,0,0,0,0,0,0,0,0
уяўленне,0,0,0,0,0,0,0,0,0,0
вобразны,0,0,0,0,0,0,1,0,0,0
уявіце сабе,0,0,0,0,0,0,0,0,0,0
уявіў,0,0,0,0,0,0,0,0,0,0
уяўляючы,0,0,0,0,0,0,0,0,0,0
імам,0,0,0,0,0,0,0,0,0,0
убудаваны,0,0,0,0,0,0,0,0,0,0
пераймаць,0,0,0,0,0,0,0,0,0,0
пераймалі,0,0,0,0,0,1,0,0,0,0
перайманне,0,0,0,0,0,1,0,0,0,0
бездакорны,0,0,0,0,1,0,1,0,0,1
нематэрыяльны,0,0,0,0,0,0,0,0,0,0
няспелыя,0,1,0,0,0,1,0,0,0,0
няспеласць,1,1,0,0,0,1,0,0,0,0
бязмерна,0,0,0,0,0,0,0,0,0,0
бязмерна,0,0,0,0,0,0,0,0,0,0
непасрэднасць,0,0,0,0,0,0,0,0,1,0
неадкладна,0,1,0,0,0,1,1,0,0,0
незапамятны,0,0,0,0,0,0,0,0,0,0
велізарны,0,0,0,0,0,0,1,0,0,0
пагрузіць,0,1,0,1,1,0,1,0,1,1
апусканне ў ваду,0,0,0,0,0,0,0,0,0,0
імігрант,0,0,0,1,0,0,0,0,0,0
іміграцыя,0,0,0,0,0,0,0,0,0,0
непазбежны,0,1,0,1,0,0,0,0,0,0
амаральны,1,0,1,1,0,1,0,1,0,0
амаральнасць,1,0,1,0,0,1,0,0,0,0
несмяротны,0,0,0,0,0,0,1,0,0,0
бессмяротнасць,0,1,0,0,0,0,0,0,0,0
нерухомы,0,0,0,0,0,1,1,0,0,1
імунная,0,0,0,0,0,0,0,0,0,0
імунітэт,0,0,0,0,0,0,0,0,0,0
імунізацыя,0,0,0,0,0,0,0,0,0,1
нязменны,0,0,0,0,0,0,0,0,0,0
імп,0,0,0,0,0,0,0,0,0,0
ўздзеянне,0,0,0,0,0,0,0,0,0,0
пагаршаць,0,0,0,0,0,1,0,0,0,0
абясцэненне,0,0,0,0,0,1,0,0,0,0
перадаваць,0,0,0,0,0,0,1,0,0,1
бесстаронні,0,0,0,0,0,0,1,0,0,1
бесстароннасць,0,0,0,0,0,0,1,0,0,1
непраходны,0,0,0,0,0,1,0,0,0,0
гарачы,0,0,0,0,0,0,0,0,0,0
нецярплівасць,0,0,0,0,0,1,0,0,0,0
нецярплівы,0,1,0,0,0,1,0,0,0,0
імпічмент,0,0,1,1,0,1,0,0,0,0
імпічмент,0,0,0,0,0,1,0,0,0,0
бездакорны,0,0,0,0,0,0,1,0,0,1
перашкаджаць,0,0,0,0,0,1,0,0,0,0
перашкода,0,0,0,0,0,0,0,0,0,0
падахвочаны,0,0,0,0,0,0,0,0,0,0
насоўваецца,0,1,0,1,0,0,0,0,0,0
непранікальны,0,0,0,0,0,0,0,0,0,1
імператыў,0,0,0,0,0,0,0,0,0,0
незаўважна,0,0,0,0,0,0,0,0,0,0
недасканаласць,0,0,0,0,0,1,0,0,0,0
недасканала,0,0,0,0,0,1,0,0,0,0
імператарскі,0,0,0,0,0,0,0,0,0,0
непранікальны,1,0,0,1,0,0,0,0,0,0
недапушчальна,0,0,0,0,0,0,0,0,0,0
безасабовы,0,0,0,0,0,0,0,0,0,0
выдаваць сябе за сябе,0,0,0,0,0,1,0,0,0,0
увасабленне,0,0,0,0,0,1,0,0,0,0
непранікальны,0,0,0,0,0,0,1,0,0,0
імпэт,0,0,0,0,0,0,0,0,0,0
няўмольны,0,0,0,0,0,1,0,0,0,0
імплантат,0,0,0,0,0,0,0,0,0,0
імплантацыя,0,0,0,0,0,0,0,0,0,0
імплантаваны,0,0,0,0,0,0,0,0,0,0
рэалізаваць,0,0,0,0,0,0,0,0,0,0
замяшаць,1,0,0,0,0,1,0,0,0,0
замешаны,0,0,0,0,0,0,0,0,0,0
падтэкст,0,0,0,0,0,0,0,0,0,0
маецца на ўвазе,0,0,0,0,0,0,0,0,0,0
маліць,0,0,0,0,0,0,0,0,0,0
імплозія,0,0,0,0,0,0,0,0,0,0
маюць на ўвазе,0,0,0,0,0,0,0,0,0,0
няветлівы,0,0,1,0,0,1,0,0,0,0
імпартаваць,0,0,0,0,0,0,0,0,0,0
важнасць,0,1,0,0,0,0,1,0,0,0
важны,0,0,0,0,0,0,1,0,0,1
імпарт,0,0,0,0,0,0,0,0,0,0
навязваць,0,0,0,0,0,0,0,0,0,0
імпазантны,0,0,0,0,0,0,0,0,0,0
накладанне,0,0,0,0,0,1,0,0,0,0
немагчымасць,0,0,0,0,0,0,0,0,0,0
немагчыма,0,0,0,0,0,1,0,1,0,0
імпатэнцыя,1,0,0,1,0,1,0,1,0,0
імпатэнт,0,0,0,0,0,1,0,0,0,0
арыштаваць,0,0,0,0,0,1,0,0,0,0
невыканальна,0,0,0,0,0,1,0,0,0,0
вырабіць ўражанне,0,0,0,0,0,0,1,0,0,0
ўражанне,0,0,0,0,0,0,1,0,0,0
уражлівы,0,0,0,0,0,0,0,0,0,1
адбітак,0,0,0,0,0,0,0,0,0,0
зняволіць,0,0,0,0,0,1,0,0,0,0
зняволены,1,0,1,1,0,1,0,1,0,0
пазбаўленне волі,1,0,1,1,0,1,0,1,0,0
неверагодна,0,0,0,0,0,0,0,0,0,0
экспромт,0,0,0,0,0,0,0,0,0,0
непрыстойнасць,0,0,0,0,0,1,0,0,0,0
палепшыць,0,1,0,0,1,0,1,0,0,1
палепшылася,0,0,0,0,0,0,1,0,0,0
паляпшэнне,0,0,0,0,1,0,1,0,0,1
паляпшаючы,0,0,0,0,0,0,1,0,0,0
імправізацыя,0,0,0,0,0,0,0,0,1,0
імправізаваць,0,1,0,0,0,0,1,0,1,0
імправізаваныя,0,0,0,0,0,0,0,0,0,0
неабачлівы,0,0,0,0,0,1,0,1,0,0
імпульс,0,0,0,0,0,0,0,0,0,0
беспакаранасць,0,0,0,0,0,0,0,0,0,0
нячысты,0,0,1,0,0,1,0,0,0,0
прымешка,0,0,1,0,0,1,0,0,0,0
умененне,0,0,0,0,0,1,0,0,0,0
няздольнасць,0,0,0,0,0,1,0,1,0,0
недаступны,0,0,0,0,0,1,0,0,0,0
недакладна,0,0,0,0,0,1,0,0,0,0
бяздзейнасць,0,0,0,0,0,1,0,0,0,0
інактываваць,0,0,0,0,0,0,0,0,0,0
інактывацыі,0,0,0,0,0,0,0,0,0,0
неактыўны,0,0,0,0,0,0,0,0,0,0
бяздзейнасць,0,0,0,0,0,1,0,0,0,0
неадэкватнасць,0,0,0,0,0,1,0,0,0,0
неадэкватны,0,0,0,0,0,1,0,1,0,0
недапушчальна,1,0,1,0,0,1,0,0,0,0
ненаўмысны,0,0,0,0,0,0,0,0,0,0
ненаўмысна,0,0,0,0,0,0,0,0,0,0
неад'емны,0,0,0,0,0,0,1,0,0,0
бессэнсоўны,0,0,0,0,0,1,0,0,0,0
неадушаўлёныя,0,0,0,0,0,0,0,0,0,0
непрымяняльны,0,0,0,0,0,1,0,0,0,0
недарэчны,1,0,1,0,0,1,0,1,0,0
безуважлівасць,1,0,0,0,0,1,0,0,0,0
нячутны,0,0,0,0,0,1,0,0,0,0
інаўгурацыйны,0,1,0,0,0,0,0,0,0,0
інаўгураваць,0,0,0,0,0,0,0,0,0,0
інаўгурацыя,0,1,0,0,1,0,1,0,0,1
прыроджаны,0,0,0,0,0,0,0,0,0,0
інбрэдны,0,0,0,0,0,0,0,0,0,0
незлічоная,0,0,0,0,0,1,0,0,0,0
напальвання,0,0,0,0,0,0,0,0,0,0
няздольны,0,0,0,0,0,0,0,0,0,0
недзеяздольнасць,0,0,0,0,0,1,0,0,0,0
пазбаўленне волі,1,0,1,1,0,1,0,1,0,0
у выпадку,1,0,1,1,0,1,0,1,0,0
запальная,1,0,0,1,0,1,0,0,1,0
ладан,1,0,0,0,0,1,0,0,0,0
стымул,0,0,0,0,0,0,0,0,0,0
пачатак,0,0,0,0,0,0,0,0,0,0
бесперапынны,0,0,0,0,0,1,0,0,0,0
няспынна,0,0,0,0,0,0,0,0,0,0
інцэст,1,0,1,1,0,1,0,1,0,0
кровазмяшальны,0,0,1,0,0,1,0,0,0,0
цаля,0,0,0,0,0,0,0,0,0,0
захворванне,0,0,0,0,0,0,0,0,0,0
здарэнне,0,0,0,0,0,0,0,0,1,0
дарэчы,0,0,0,0,0,0,0,0,0,0
спальванне,0,0,0,0,0,1,0,0,0,0
які пачынаецца,0,0,0,0,0,0,0,0,0,0
разрэз,0,0,0,0,0,0,0,0,0,0
рэзкі,0,0,0,0,0,0,1,0,0,0
падбухторваць,1,1,0,1,0,1,0,0,0,0
падбухторванне,0,0,0,0,0,0,0,0,0,0
непагодлівы,0,0,0,0,0,1,0,0,0,0
схільнасць,0,0,0,0,0,0,0,0,0,0
нахіляць,0,0,0,0,0,0,0,0,0,1
нахілены,0,0,0,0,0,0,0,0,0,0
уключыць,0,0,0,0,0,0,1,0,0,0
уключаны,0,0,0,0,0,0,1,0,0,0
у тым ліку,0,0,0,0,0,0,1,0,0,0
уключэнне,0,0,0,0,0,0,0,0,0,1
уключна,0,0,0,0,0,0,1,0,0,0
інкогніта,0,0,0,0,0,0,0,0,0,0
бяззвязны,0,0,0,0,0,1,0,0,0,0
даход,0,1,0,0,1,1,1,1,0,1
ўваходзяць,0,0,0,0,0,0,0,0,0,0
несумяшчальны,1,0,1,0,0,1,0,1,0,0
некампетэнтнасць,0,0,0,0,0,1,0,0,0,0
некампетэнтны,1,0,0,0,0,1,0,1,0,0
няпоўна,0,0,0,0,0,0,0,0,0,0
незавершанасць,0,0,0,0,0,1,0,0,0,0
незразумелы,0,0,0,0,0,1,0,0,0,0
безвыніковы,0,0,0,0,0,0,0,0,0,0
несумяшчальны,1,0,0,0,0,1,0,0,0,0
неістотны,0,0,0,0,0,1,0,1,0,0
няўважлівы,1,0,1,0,0,1,0,1,0,0
непаслядоўнасць,0,0,0,0,0,1,0,0,0,0
непрыкметны,0,0,0,0,0,0,0,0,0,0
нетрыманне мачы,0,0,0,0,0,0,0,0,1,0
нязручна,1,0,1,0,0,1,0,1,0,0
уключаць,0,0,0,0,0,0,0,0,0,0
інкарпарацыя,0,0,0,0,0,0,0,0,0,0
няправільны,0,0,0,0,0,1,0,0,0,0
павялічыць,0,0,0,0,0,0,1,0,0,0
павялічыўся,0,0,0,0,0,0,0,0,0,0
недаверлівы,1,0,1,0,0,1,0,0,0,0
прырост,0,0,0,0,0,0,0,0,0,0
інкрымінацыя,0,0,0,1,0,1,0,1,0,0
інкубацыйны,0,0,0,0,0,0,0,0,0,0
інкуб,0,0,1,1,0,1,0,0,0,0
панесці,0,0,0,0,0,1,0,0,0,0
невылечны,1,0,1,1,0,1,0,1,0,0
ўварванне,0,0,0,1,0,1,0,0,0,0
запазычаны,0,0,0,0,0,0,0,0,0,0
непрыстойнасць,1,0,1,0,0,0,0,0,0,0
непрыстойна,0,0,1,0,0,1,0,0,0,0
нерашучасць,0,0,0,0,0,1,0,0,0,0
нерашучы,0,0,0,0,0,1,0,0,0,0
неапраўдальны,0,0,0,1,0,1,0,0,0,0
нязмыўная,0,0,0,0,0,0,1,0,0,1
кампенсацыя,0,0,0,0,0,0,0,0,0,0
кампенсаваць,0,0,0,0,0,1,0,0,0,0
кампенсацыя,0,0,0,0,0,0,1,0,0,1
водступ,0,0,0,0,0,0,0,0,0,1
водступ,0,0,0,0,0,0,0,0,0,0
дагавор,1,0,0,0,0,1,0,0,0,0
незалежнасць,0,1,0,0,1,0,1,0,1,1
незалежная,0,0,0,0,0,0,0,0,0,0
неапісальнае,0,0,0,0,0,0,0,0,0,0
непарушны,0,0,0,0,0,0,1,0,0,1
нявызначаны,0,0,0,0,0,1,0,0,0,0
індэкс,0,0,0,0,0,0,0,0,0,0
паказваючы,0,0,0,0,0,0,0,0,0,0
індыкацыя,0,0,0,0,0,0,0,0,0,0
паказальны,0,0,0,0,0,0,0,0,0,0
паказчык,0,0,0,0,0,0,0,0,0,0
індэкс,0,0,0,0,0,0,0,0,0,0
індыкт,1,0,0,1,0,1,0,0,0,0
абвінаваўчы акт,0,0,0,1,0,1,0,0,0,0
абыякавасць,1,0,1,1,0,1,0,1,0,0
карэнныя,0,0,0,0,0,0,0,0,0,0
незаможны,0,0,0,0,0,1,0,1,0,0
парушэнне стрававання,0,0,0,0,0,0,0,0,0,0
абураецца,1,0,0,0,0,1,0,0,0,0
абурэнне,1,0,1,0,0,1,0,0,0,0
індыга,0,0,0,0,0,0,0,0,0,0
ускосныя,0,0,0,0,0,0,0,0,0,0
незаменны,0,0,0,0,0,0,0,0,0,0
невыразны,0,0,0,0,0,1,0,0,0,0
неадметныя,0,0,0,0,0,0,0,0,0,0
індывідуальнасць,0,0,0,0,0,0,1,0,0,0
непадзельны,0,0,0,0,0,0,0,0,0,1
індактрынацыя,1,0,0,1,0,1,0,0,0,0
бязвольны,0,0,0,0,0,1,0,0,0,0
нязломны,0,0,0,1,0,0,1,0,0,0
у памяшканні,0,0,0,0,0,0,0,0,0,0
выклікаць,0,0,0,0,0,0,0,0,0,0
індукаваны,0,0,0,0,0,0,0,0,0,0
пабуджэнне,0,0,0,0,0,0,0,0,0,0
індукцыі,0,0,0,0,0,0,0,0,0,0
патураць,0,0,0,0,0,0,0,0,0,0
паблажлівасць,0,0,0,0,0,0,0,0,0,0
паблажлівы,0,0,0,0,0,0,0,0,0,0
працавіты,0,0,0,0,0,0,0,0,0,0
прамысловасць,0,0,0,0,0,0,0,0,0,0
невымоўнае,0,0,0,0,0,0,1,0,0,0
неэфектыўны,0,0,0,0,0,1,0,0,0,0
неэфектыўны,0,0,1,0,0,1,0,0,0,0
неэфектыўнасць,0,0,1,0,0,1,0,1,0,0
неэфектыўны,0,0,0,0,0,1,0,1,0,0
неэластычны,0,0,0,0,0,0,0,0,0,0
непрыдатны,0,0,0,0,0,0,0,0,0,0
бяздарны,1,0,1,0,0,1,0,0,0,0
бяздарнасць,0,0,1,1,0,1,0,1,0,0
няроўнасць,1,0,0,1,0,1,0,1,0,0
несправядлівы,0,0,0,0,0,1,0,0,0,0
інэртны,0,0,0,0,0,1,0,0,0,0
інэртнасць,0,0,0,0,0,0,0,0,0,0
непазбежны,0,0,0,0,0,0,0,0,0,0
недакладны,0,0,0,0,0,0,0,0,0,0
недаравальна,1,0,1,0,0,1,0,1,0,0
невычэрпны,0,0,0,0,0,0,0,0,0,0
нядорага,0,0,0,0,0,0,1,0,0,0
нявопытнасць,0,0,0,0,0,1,0,0,0,0
нявопытны,0,0,0,0,0,1,0,0,0,0
невытлумачальнае,0,0,0,0,0,1,0,0,1,0
беспамылковасць,0,0,0,0,0,0,0,0,0,1
беспамылковы,0,0,0,0,0,0,1,0,0,0
сумна вядомы,1,0,1,1,0,1,0,0,0,0
паскудства,0,0,0,0,0,1,0,1,0,0
маленства,0,0,0,0,0,0,0,0,0,0
немаўля,0,1,0,1,1,0,1,0,1,0
дзетазабойства,1,1,1,1,0,1,0,1,0,0
інфантыльны,1,0,1,0,0,1,0,0,0,0
пяхота,0,0,0,0,0,0,0,0,0,0
інфаркт,0,0,0,1,0,1,0,0,1,0
закаханасць,0,0,0,0,0,0,0,0,0,0
невыканальна,0,0,0,0,0,0,0,0,0,0
заразіць,0,0,1,0,0,1,0,0,0,0
інфекцыя,0,0,0,1,0,1,0,0,0,0
інфекцыйныя,0,0,1,1,0,1,0,1,0,0
рабіць выснову,0,0,0,0,0,0,0,0,0,0
вывад,0,0,0,0,0,0,0,0,0,0
вывадны,0,0,0,0,0,0,0,0,0,0
непаўнавартасны,0,0,0,0,0,1,0,1,0,0
непаўнавартаснасць,0,0,0,0,0,1,0,0,0,0
пекла,1,0,0,1,0,1,0,0,0,0
бясплодныя,0,0,0,0,0,0,0,0,0,0
бясплоддзе,0,0,0,0,0,1,0,1,0,0
інвазія,0,0,1,1,0,1,0,0,0,0
няверны,1,0,1,1,0,1,0,0,0,0
няслушнасць,1,0,1,1,0,1,0,1,0,0
інфільтрацыя,0,0,0,0,0,1,1,0,0,0
бясконцы,0,0,0,0,0,0,1,0,0,0
бясконца,0,0,0,0,0,0,0,0,0,0
бясконца малы,0,0,0,0,0,0,0,0,0,0
бясконцасць,0,1,0,0,1,0,1,0,0,1
нямоглы,0,0,0,0,0,1,0,0,0,0
лазарэт,0,0,0,0,0,0,0,0,0,0
немач,0,0,0,1,0,1,0,0,0,0
запаленне,0,0,0,0,0,1,0,0,0,0
надзьмуты,0,0,0,0,0,1,0,0,0,0
інфляцыя,0,0,0,1,0,1,0,0,0,0
флексія,0,0,0,0,0,0,0,0,0,0
нанесці,1,0,0,1,0,1,0,1,0,0
прычыненне,0,0,0,1,0,1,0,1,0,0
суквецці,0,0,0,0,0,0,0,0,0,0
уплыў,0,0,0,0,0,1,1,0,0,0
уплывовы,0,0,0,0,0,0,1,0,0,1
грып,0,0,0,0,0,1,0,0,0,0
прыток,0,0,0,0,0,0,0,0,0,0
інфармаваць,0,0,0,0,0,0,0,0,0,1
нефармальныя,0,0,0,0,0,0,0,0,0,0
інфарматар,0,0,0,0,0,0,0,0,0,0
інфармацыі,0,0,0,0,0,0,1,0,0,0
паведаміў,0,0,0,0,0,0,0,0,0,0
інфарматар,0,0,0,0,0,1,0,0,0,0
парушэнне,1,0,0,0,0,1,0,0,0,0
нячасты,0,0,0,0,0,0,0,0,1,0
нячаста,0,0,0,0,0,1,0,0,0,0
парушэнне,0,0,0,0,0,1,0,0,0,0
настойваць,0,0,0,0,0,0,0,0,0,0
настоены,0,0,0,0,0,0,0,0,0,0
настой,0,0,0,0,0,0,0,0,0,0
геніяльны,0,0,0,0,0,0,1,0,0,0
вынаходлівасць,0,0,0,0,0,0,0,0,0,0
праглынуць,0,0,0,0,0,0,0,0,0,0
праглынанне,0,0,0,0,0,0,0,0,0,0
злітак,0,0,0,0,0,0,0,0,0,0
ўкараніліся,0,0,0,0,0,0,0,0,0,0
інгрэдыент,0,0,0,0,0,0,0,0,0,0
ўваход,0,0,0,0,0,0,0,0,0,0
засяляць,0,0,0,0,0,0,0,0,0,0
жыхар,0,0,0,0,0,0,0,0,0,0
заселены,0,0,0,0,0,0,0,0,0,0
засяленне,0,0,0,0,0,0,0,0,0,0
інгаляцыі,0,0,0,0,0,0,0,0,0,0
ўдыхнуць,0,0,0,0,0,0,0,0,0,0
уласцівы,0,0,0,0,0,0,0,0,0,0
атрымаць у спадчыну,0,0,0,0,0,0,0,0,0,0
спадчыну,0,1,0,0,1,0,1,0,1,1
тармазіць,1,0,1,0,0,1,0,1,0,0
тармажэнне,0,0,0,0,0,0,0,0,0,0
негасцінны,0,0,0,0,0,1,0,1,0,0
бесчалавечны,1,0,1,1,0,1,0,1,0,0
бесчалавечнасць,0,0,0,0,0,1,0,1,0,0
варожы,1,0,0,0,0,1,0,1,0,0
непаўторны,0,0,0,0,0,0,1,0,0,1
беззаконне,0,0,1,0,0,1,0,0,0,0
пачатковы,0,0,0,0,0,0,0,0,0,0
ініцыяваць,0,0,0,0,0,0,0,0,0,0
распачаты,0,0,0,0,0,0,0,0,0,0
ініцыятыву,0,0,0,0,0,0,0,0,0,0
ўводзіць,0,0,0,0,0,0,0,0,0,0
ін'екцыі,0,0,0,1,0,0,0,0,0,0
забарона,0,0,0,0,0,1,0,0,0,0
параніць,1,0,0,1,0,1,0,1,0,0
паранены,0,0,0,1,0,1,0,1,0,0
траўміруе,1,0,0,1,0,1,0,1,0,0
траўма,1,0,0,1,0,1,0,1,0,0
несправядлівасць,1,0,0,0,0,1,0,0,0,0
чарніла,0,0,0,0,0,0,0,0,0,0
намёк,0,0,0,0,0,0,0,0,0,0
ўнутраны,0,0,0,0,0,0,0,0,0,0
інкрустацыя,0,0,0,0,0,0,0,0,0,0
ўваходны адтуліну,0,0,0,0,0,0,0,0,0,0
зняволены,0,0,1,1,0,1,0,0,0,0
гасцініца,0,0,0,0,0,0,0,0,0,0
прыроджаныя,0,0,0,0,0,0,0,0,0,0
самае ўнутранае,0,0,0,0,0,0,0,0,0,0
падачы,0,0,0,0,0,0,0,0,0,0
карчмар,0,0,0,0,0,0,0,0,0,0
нявіннасць,0,0,0,0,0,0,1,0,0,0
невінаваты,0,0,0,0,0,0,1,0,0,1
нявінна,0,0,0,0,0,0,1,0,0,0
бяскрыўдны,0,0,0,0,0,0,1,0,0,0
інавацыі,0,0,0,0,0,0,1,0,0,0
наватарства,0,0,0,0,0,0,1,0,0,0
інсінуацыі,0,0,0,0,0,0,0,0,0,0
незлічоная колькасць,0,0,0,0,0,0,0,0,0,0
прышчэпка,0,1,0,0,0,0,0,0,0,1
непрацаздольны,1,0,0,0,0,1,0,0,0,0
непамерны,0,0,0,0,0,0,0,0,0,0
неарганічны,0,0,0,0,0,0,0,0,0,0
следства,0,0,0,0,0,0,0,0,0,0
запытаць,0,0,0,0,0,0,0,0,0,0
запытвальнік,0,0,0,0,0,0,1,0,0,0
запытальна,0,0,0,0,0,0,0,0,0,0
запыт,0,1,0,0,0,0,1,0,0,0
дапытлівы,0,0,0,0,0,0,1,0,0,0
шалёны,1,0,0,1,0,1,0,0,0,0
вар'яцтва,1,0,1,1,0,1,0,1,0,0
надпіс,0,0,0,0,0,0,0,0,0,0
неспасціжны,0,0,0,0,0,0,0,0,0,0
казурка,0,0,0,0,0,0,0,0,0,0
няўпэўнены ў сабе,1,0,0,1,0,1,0,1,0,0
няўпэўненасць,0,0,0,1,0,1,0,0,0,0
непадзельны,0,0,0,0,1,0,1,0,0,1
уставіць,0,0,0,0,0,0,0,0,0,0
устаўлены,0,0,0,0,0,0,0,0,0,0
устаўка,0,0,0,0,0,0,0,0,0,0
ўнутры,0,0,0,0,0,0,0,0,0,0
падступны,1,0,1,1,0,1,0,0,0,0
праніклівасць,0,0,0,0,0,0,0,0,0,0
знакі адрознення,0,0,0,0,0,0,1,0,0,0
нязначнасць,0,0,0,0,0,1,0,0,0,0
нязначныя,1,0,0,0,0,1,0,1,0,0
прэсны,0,0,0,0,0,1,0,0,0,0
настойваць,0,0,0,0,0,0,0,0,0,0
нахабны,0,0,0,0,0,1,0,0,0,0
нерастваральныя,0,0,0,0,0,0,0,0,0,0
неплацежаздольнасць,0,0,0,1,0,1,0,1,1,0
неплацежаздольны,0,0,0,1,0,1,0,1,0,1
аглядаць,0,0,0,0,0,0,0,0,0,0
інспектар,0,0,0,0,0,0,1,0,0,0
натхненне,0,1,0,0,1,0,1,0,0,0
натхняць,0,1,0,0,1,0,1,0,0,1
натхнёна,0,0,0,0,1,0,1,0,1,1
нестабільнасць,0,0,1,1,0,1,0,0,0,0
ўсталяваць,0,1,0,0,0,0,0,0,0,0
ўстаноўка,0,0,0,0,0,0,0,0,0,0
растэрміноўка,0,0,0,0,0,0,0,0,0,0
асобнік,0,0,0,0,0,0,0,0,0,0
імгненны,0,0,0,0,0,0,0,0,0,0
імгненны,0,0,0,0,0,0,0,0,0,0
імгненна,0,0,0,0,0,0,0,0,0,0
падбухторваць,0,0,0,0,0,1,0,0,0,0
падбухторванне,0,0,0,0,0,1,0,0,0,0
прывіваць,0,0,0,0,0,0,0,0,0,0
інстынкт,0,0,0,0,0,0,0,0,0,0
інстынктыўныя,1,0,1,1,0,0,1,0,0,0
інстытут,0,0,0,0,0,0,0,0,0,1
установа,0,0,0,0,0,0,0,0,0,0
інструктаваць,0,0,0,0,0,0,1,0,0,1
праінструктаваны,0,0,0,0,0,0,0,0,0,0
інструкцыя,0,0,0,0,0,0,1,0,0,1
навучальны,0,0,0,0,0,0,0,0,0,0
інструкцыі,0,1,0,0,0,0,0,0,0,1
павучальны,0,0,0,0,0,0,0,0,0,0
інструктар,0,1,0,0,0,0,1,0,0,1
інструмент,0,0,0,0,0,0,0,0,0,0
інструментальныя,0,0,0,0,0,0,1,0,0,0
інструменталіст,0,0,0,0,0,0,0,0,0,0
інструментальнасці,0,0,0,0,0,0,0,0,0,0
недастатковасць,1,0,0,0,0,1,0,0,0,0
недастатковы,0,0,0,0,0,1,0,0,0,0
недастаткова,0,0,0,0,0,1,0,0,0,0
астраўныя,0,0,0,0,0,0,0,0,0,0
ізаляваць,0,0,0,0,0,0,0,0,0,0
ізаляцыя,0,0,0,0,0,0,0,0,0,1
абраза,1,0,1,0,0,1,0,1,1,0
абразлівы,1,0,1,1,0,1,0,1,0,0
страхаванне,0,0,0,0,0,0,0,0,0,0
застрахаваць,0,0,0,0,0,0,1,0,0,1
паўстанец,0,0,0,0,0,1,0,0,0,0
непераадольны,0,0,0,1,0,1,0,1,0,0
паўстанне,1,0,0,0,0,1,0,0,0,0
некранутым,0,0,0,0,0,0,1,0,0,1
нематэрыяльны,0,0,0,0,0,0,0,0,0,0
цэлы лік,0,0,0,0,0,0,0,0,0,0
інтэгральны,0,0,0,0,0,0,0,0,0,0
інтэграваць,0,0,0,0,0,0,0,0,0,0
інтэграцыі,0,0,0,0,0,0,0,0,0,0
цэласнасць,0,0,0,0,0,0,1,0,0,1
інтэлект,0,0,0,0,0,0,1,0,0,0
інтэлектуальны,0,0,0,0,0,0,1,0,0,0
інтэлект,0,0,0,1,1,0,1,0,0,1
разумны,0,0,0,0,0,0,1,0,0,1
зразумеласць,0,0,0,0,0,0,0,0,0,0
зразумелым,0,0,0,0,0,0,0,0,0,0
маюць намер,0,0,0,0,0,0,0,0,0,1
прызначаны,0,1,0,0,0,0,1,0,0,0
маючы намер,0,0,0,0,0,0,0,0,0,0
інтэнсіўны,1,0,1,1,1,1,1,0,1,1
інтэнсіўна,0,0,0,0,0,0,0,0,0,0
узмацняцца,0,0,0,0,0,0,0,0,0,0
інтэнсіўнасць,0,0,0,0,0,0,0,0,0,0
намер,0,0,0,0,0,0,0,0,0,0
намер,0,0,0,0,0,0,0,0,0,0
наўмыснае,0,0,0,0,0,0,0,0,0,0
наўмысна,0,0,0,0,0,0,0,0,0,0
інтэр,0,0,0,0,0,1,0,1,0,0
узаемадзеянне,0,0,0,0,0,0,0,0,0,0
заступацца,0,0,0,1,0,0,0,1,0,0
перахопліваць,0,0,0,0,0,0,0,0,0,0
перахоп,0,0,0,0,0,0,0,0,0,0
заступніцтва,0,0,0,0,0,0,0,0,0,1
развязка,0,0,0,0,0,0,0,0,0,0
узаемазаменныя,0,0,0,0,0,0,0,0,0,0
памяняліся месцамі,0,0,0,0,0,0,0,0,0,0
дамафон,0,0,0,0,0,0,0,0,0,0
палавой акт,0,0,0,0,0,0,1,0,0,0
ўзаемазалежнасць,0,0,0,0,0,0,0,0,0,0
ўзаемазалежныя,0,0,0,0,0,0,0,0,0,0
забарона,0,0,0,0,0,1,0,0,0,0
цікавасць,0,0,0,0,0,0,1,0,0,0
зацікаўлены,0,0,1,0,0,0,1,1,0,0
цікавы,0,0,0,0,0,0,1,0,0,0
перашкоды,0,0,0,0,0,1,0,0,0,0
інтэрферометр,0,0,0,0,0,0,0,0,0,0
прамежкавы,0,1,0,0,0,0,0,0,0,0
інтэр'ер,0,0,1,0,0,0,1,0,0,1
прамежкавы,0,0,0,0,0,0,1,0,0,0
інтэрмедыя,0,0,0,0,0,0,1,0,0,0
пасярэднік,0,0,0,0,0,0,0,0,0,0
прамежкавы,0,0,0,0,0,0,0,0,0,0
пахаванне,0,0,0,0,0,1,0,1,0,0
бясконцы,1,1,0,0,0,1,1,0,0,0
антракт,0,1,0,0,0,0,0,0,0,0
перарывісты,0,0,0,0,0,0,0,0,0,0
міжнар,0,0,0,0,0,0,0,0,0,0
ўнутраныя,0,0,0,0,0,0,0,0,0,0
унутрана,0,0,0,0,0,0,0,0,0,0
міжнар,0,0,0,0,0,0,0,0,0,0
інтэрпаляваць,0,0,0,0,0,0,0,0,0,0
інтэрпаляцыя,0,0,0,0,0,0,0,0,0,0
інтэрпрэтаваць,0,0,0,0,0,0,0,0,0,0
інтэрпрэтацыя,0,0,0,0,0,0,0,0,0,0
перакладчык,0,0,0,0,0,0,0,0,0,0
ўзаемазвязаны,0,0,0,0,0,0,0,0,0,0
дапытваць,0,0,0,1,0,0,0,0,0,0
допыт,0,0,0,1,0,0,0,0,0,0
перапыніць,1,0,0,0,0,1,0,0,1,0
перапынены,0,0,0,0,0,1,0,1,0,0
перапыненне,0,0,0,0,0,0,0,0,0,0
перасякаюцца,0,0,0,0,0,0,0,0,0,0
скрыжаванне,0,0,0,0,0,0,0,0,0,0
міжтканкавай,0,0,0,0,0,0,0,0,0,0
інтэрвал,0,0,0,0,0,0,0,0,0,0
ўмешваючыся,0,0,0,0,0,0,0,0,0,0
ўмяшанне,0,0,0,0,0,1,1,1,0,0
інтэрв'ю,0,0,0,0,0,0,0,0,0,0
інтэрв'юер,0,0,0,1,0,0,0,0,0,0
ўзаемадзеянне,0,0,0,0,0,0,0,0,0,0
без завяшчання,0,0,0,0,0,1,0,0,0,0
кішачны,0,0,1,0,0,0,0,0,0,0
кішачнік,0,0,0,0,0,0,0,0,0,0
кішачнік,0,0,0,0,0,0,0,0,0,0
блізкасць,0,0,0,0,0,0,0,0,0,0
інтымныя,0,1,0,0,1,0,1,0,0,1
інтымна,0,1,0,1,1,0,0,0,0,0
інтымацыя,0,0,0,0,0,0,0,0,0,0
запалохаць,0,0,0,1,0,1,0,0,0,0
запалохванне,1,0,0,1,0,1,0,0,0,0
невыносны,1,0,0,0,0,1,0,0,0,0
непераноснасць,1,0,1,1,0,1,0,0,0,0
нецярпімы,1,0,1,1,0,1,0,1,0,0
інтанацыя,0,0,0,0,0,0,1,0,0,0
у нецвярозым стане,0,0,1,0,0,1,0,0,0,0
ап'яненне,0,0,0,0,0,0,0,0,0,0
цяжкавырашальныя,1,0,0,0,0,1,0,0,0,0
вочны,0,0,0,0,0,0,0,0,0,0
бясстрашны,0,0,0,0,0,0,1,0,0,0
заблытаны,0,0,0,0,0,0,0,0,0,0
інтрыгі,0,1,0,1,0,1,0,0,1,0
інтрыгуючы,0,0,0,0,0,0,0,0,0,0
унутраная,0,0,0,0,0,0,0,0,0,0
унутрана,0,0,0,0,0,0,0,0,0,0
увядзенне,0,0,0,0,0,0,0,0,0,0
уступны,0,0,0,0,0,0,0,0,0,0
самааналіз,0,0,0,0,0,0,0,0,0,0
інтраспектыўны,0,0,0,0,0,0,0,0,0,0
зламыснік,1,0,0,1,0,1,0,0,1,0
ўварванне,0,0,0,1,0,1,0,0,0,0
назойлівы,1,0,1,1,0,1,0,0,1,0
інтуіцыя,0,0,0,0,0,0,1,0,0,1
інтуітыўна зразумелы,0,0,0,0,0,0,1,0,0,0
інтуітыўна,0,1,0,0,0,0,0,0,0,0
затапленне,0,0,0,0,0,0,0,0,0,0
ўварвацца,1,0,0,1,0,1,0,1,1,0
захопнік,1,0,0,1,0,1,0,1,0,0
несапраўдны,0,0,0,0,0,0,0,1,0,0
прызнаць несапраўдным,0,0,0,0,0,1,0,0,0,0
прызнанне несапраўдным,0,0,0,0,0,1,0,0,0,0
несапраўднасць,0,0,0,0,0,1,0,0,0,0
неацэнны,0,0,0,0,0,0,0,0,0,0
нязменна,0,0,0,0,0,0,1,0,0,0
ўварванне,1,0,0,0,0,1,0,0,0,0
вынаходзіць,0,0,0,0,0,0,0,0,0,0
вынаходніцтва,0,0,0,0,0,0,0,0,0,0
вынаходніцкі,0,0,0,0,0,0,1,0,0,0
вынаходнік,0,0,0,0,0,0,1,0,0,0
інвентар,0,0,0,0,0,0,0,0,0,0
адваротны,0,0,0,0,0,0,0,0,0,0
наадварот,0,0,0,0,0,0,0,0,0,0
інверсія,0,0,0,0,0,0,0,0,0,0
інвертаваць,0,0,0,0,0,0,0,0,0,0
перавернуты,0,0,0,0,0,0,0,0,0,0
расследаваць,0,0,0,0,0,0,1,0,0,0
расследаванне,0,1,0,0,0,0,0,0,0,0
следчы,0,0,0,0,0,0,0,0,0,0
інвестар,0,0,0,0,0,0,0,0,0,0
бадзёрыць,0,0,0,0,0,0,1,0,0,0
непераможны,0,0,0,0,0,0,0,0,0,0
нябачнасць,0,0,0,0,0,0,0,0,0,0
нябачны,0,0,0,0,0,0,0,0,0,0
запрашэнне,0,1,0,0,0,0,1,0,0,0
запрашаць,0,1,0,0,1,0,1,0,1,1
запрашаючы,0,1,0,0,1,0,1,0,1,1
выкліканне,0,1,0,0,0,0,0,0,0,1
рахунак-фактура,0,0,0,0,0,0,0,0,0,0
выклікаць,0,1,0,0,0,0,0,0,0,0
міжвольнае,0,0,0,0,0,1,0,0,0,0
інвалюцыя,1,0,0,0,0,1,0,0,0,0
прыцягненне,1,0,0,0,0,0,0,0,0,0
ўнутр,0,0,0,0,0,0,0,0,0,0
ёта,0,0,0,0,0,0,0,0,0,0
раз'юшаны,1,0,0,0,0,1,0,0,0,0
гнеў,1,0,0,0,0,1,0,0,0,0
вясёлкавыя,0,0,0,0,0,0,0,0,0,0
касач,0,0,0,1,0,0,0,0,0,0
жалеза,0,0,0,0,0,0,1,0,0,1
іранічны,0,0,0,0,0,0,0,0,0,0
прасы,0,0,0,0,0,1,0,0,0,0
іронія,0,0,0,0,0,0,0,0,0,0
апрамяненне,0,0,0,0,0,0,0,0,0,0
нерацыянальны,0,0,1,1,0,1,0,0,0,0
ірацыянальнасць,0,0,0,0,0,1,0,0,0,0
непрымірымы,1,0,0,1,0,1,0,1,0,0
нязводны,0,0,0,0,0,0,1,0,0,0
неабвержны,0,0,0,0,0,0,1,0,0,1
нерэгулярны,0,0,0,0,0,1,0,0,0,0
нерэгулярнасць,0,0,0,0,0,1,0,0,0,0
нерэгулярна,0,0,0,0,0,0,0,0,0,0
недарэчны,0,0,0,0,0,1,0,0,0,0
непапраўнае,0,0,0,1,0,1,0,1,0,0
неўтаймоўны,0,0,0,0,0,0,0,0,0,0
неадольны,0,0,0,0,0,0,0,0,0,0
незалежна ад таго,0,0,0,0,0,0,0,0,0,0
безадказны,0,0,0,0,0,1,0,0,0,0
непачцівы,0,0,0,0,0,1,0,0,0,0
незваротны,0,0,0,0,0,0,0,0,0,0
безадзыўны,0,0,0,0,0,1,0,0,0,0
абрашаць,0,0,0,0,0,0,0,0,0,0
абрашэнне,0,0,0,0,0,0,0,0,0,0
раздражняльнасць,1,0,0,0,0,1,0,0,0,0
раздражняльны,1,0,0,0,0,1,0,0,0,0
раздражняльны,1,0,1,0,0,1,0,0,0,0
раздражненне,1,0,1,0,0,1,0,1,0,0
востраў,0,0,0,0,0,0,0,0,0,0
востраў,0,0,0,0,0,0,0,0,0,0
астравок,0,0,0,0,0,0,0,0,0,0
ізаляваць,0,0,0,0,0,0,0,1,0,0
ізаляваны,0,0,0,1,0,1,0,1,0,0
ізаляцыя,0,0,0,0,0,1,0,1,0,0
ізамарфізм,0,0,0,0,0,0,0,0,0,0
ізатэрмічны,0,0,0,0,0,0,0,0,0,0
пытанне,0,0,0,0,0,0,0,0,0,0
сверб,0,0,0,0,0,0,0,0,0,0
сверб,0,0,0,0,0,0,0,0,0,0
пункт,0,0,0,0,0,0,0,0,0,0
дэталізаваць,0,0,0,0,0,0,0,0,0,0
элементы,0,0,0,0,0,0,0,0,0,0
паўтараць,0,0,0,0,0,0,0,0,0,0
ітэрацыя,0,0,0,0,0,0,0,0,0,0
ітэратыўны,0,0,0,0,0,0,0,0,0,0
вандроўны,0,0,0,0,0,0,0,0,0,0
маршрут,0,0,0,0,0,0,0,0,0,0
слановая косць,0,0,0,0,0,0,0,0,0,0
ўкол,1,0,0,0,0,0,0,0,0,0
балбатаць,0,0,0,0,0,1,0,0,0,0
гняздо,0,0,0,0,0,0,0,0,0,0
асёл,0,0,0,0,0,0,0,0,0,0
джэкпот,0,1,0,0,1,0,1,0,1,0
дамкраты,0,0,0,0,0,0,0,0,0,0
нефрыт,0,0,0,0,0,0,0,0,0,0
яг,0,0,0,0,0,0,0,0,0,0
зубчастыя,0,0,0,0,0,0,0,0,0,0
ягуар,0,0,0,0,0,0,0,0,0,0
турма,0,0,0,1,0,1,0,1,0,0
варэнне,0,0,0,0,0,0,1,0,0,0
заклініла,0,0,0,0,0,0,0,0,0,0
дворнік,0,0,1,0,0,0,0,0,0,0
японія,0,0,0,0,0,0,0,0,0,0
слоік,0,0,0,0,0,0,0,0,0,0
жаргон,0,0,0,0,0,1,0,0,0,0
рэзкае,0,0,0,1,0,1,0,1,0,0
яшма,0,0,0,0,0,0,0,0,0,0
жаўтуха,0,0,0,1,0,1,0,0,0,0
прагулка,0,0,0,0,0,0,0,0,0,0
кіданне дзіды,0,0,0,0,0,0,0,0,0,0
сківіцу,0,0,0,0,0,0,0,0,0,0
сківіцы,0,0,0,1,0,0,0,0,0,0
сойка,0,0,0,0,0,0,0,0,0,0
раўнівы,1,0,1,0,0,1,0,0,0,0
рэўнасць,1,0,1,1,0,1,0,1,0,0
джынсы,0,0,0,0,0,0,0,0,0,0
джып,0,0,0,0,0,0,0,0,0,0
кісель,0,0,0,0,0,0,0,0,0,0
Джэні,0,0,0,0,0,0,0,0,0,0
паставіць пад пагрозу,1,0,0,1,0,1,0,0,0,0
небяспека,0,1,0,1,0,1,0,0,0,0
рывок,1,0,0,0,0,0,0,0,1,0
трыкатаж,0,0,0,0,0,0,0,0,0,0
жарт,0,0,0,0,1,0,1,0,1,0
шут,0,0,0,0,0,0,0,0,0,0
рэактыўны,0,0,0,0,0,0,0,0,0,0
прычал,0,0,0,0,0,0,0,0,0,0
каштоўнасць,0,0,0,0,0,0,0,0,0,0
ювелір,0,0,0,0,0,0,0,0,0,0
ювелірныя вырабы,0,0,0,0,0,0,0,0,0,0
стрэлак,0,0,0,0,0,0,0,0,0,0
імгненне,0,0,0,0,0,0,0,0,0,0
Джымі,0,0,0,0,0,0,0,0,0,0
звон,0,0,0,0,0,0,0,0,0,0
праца,0,0,0,0,0,0,1,0,0,0
джок,0,0,0,0,0,0,0,0,0,0
жакей,0,0,0,0,0,0,0,0,0,0
бег трушком,0,0,0,0,0,0,0,0,0,0
Джон,0,0,1,0,0,1,0,0,0,0
далучыцца,0,0,0,0,0,0,1,0,0,0
далучыўся,0,0,0,0,0,0,1,0,0,0
далучэнне,0,0,0,0,0,0,0,0,0,0
сустаў,0,0,0,0,0,0,0,0,0,0
сумесна,0,0,0,0,0,0,0,0,0,0
жарт,0,0,0,0,0,1,0,0,0,0
жартаўнік,0,0,0,0,1,0,1,0,1,0
жартуюць,0,0,0,0,0,0,1,0,0,0
штуршок,0,0,0,0,0,0,0,0,1,0
джорнада,0,0,0,0,0,1,0,0,0,0
ёта,0,0,0,0,0,0,0,0,0,0
часопіс,0,0,0,0,0,0,0,0,0,0
публіцыстыка,0,0,0,0,0,0,0,0,0,1
журналіст,0,0,0,0,0,0,1,0,0,0
падарожжа,0,1,0,1,1,0,1,0,0,0
чаляднік,0,0,0,0,0,0,0,0,0,1
вясёлы,0,0,0,0,1,0,1,0,0,0
радасць,0,0,0,0,1,0,1,0,0,0
радасны,0,0,0,0,1,0,1,0,0,1
радасны,0,0,0,0,1,0,1,0,0,0
юбіляр,0,0,0,0,1,0,1,0,1,1
юбілейны,0,0,0,0,1,0,1,0,1,0
суддзя,0,0,0,0,0,0,0,0,0,0
суддзячы,0,0,0,0,0,0,0,0,0,0
прысуд,0,0,0,0,0,0,0,0,1,0
судовая,0,1,0,0,0,0,1,0,0,1
судовая ўлада,0,1,0,0,0,0,0,0,0,1
разважлівы,0,0,0,0,0,0,1,0,0,1
збан,0,0,0,0,0,0,0,0,0,0
жангляваць,0,0,0,0,0,0,0,0,0,0
жангліраванне,0,0,0,0,0,0,0,0,0,0
сок,0,0,0,0,0,0,0,0,0,0
сакавіты,0,0,0,0,0,0,0,0,0,0
мяшанка,0,0,0,0,0,1,0,0,0,0
пераблытаны,0,0,0,0,0,0,0,0,0,0
джамба,0,0,0,0,0,0,0,0,0,0
скакаць,0,0,0,0,1,0,1,0,0,0
развязка,0,0,0,0,0,0,0,0,0,0
сутыкненне,0,0,0,0,0,0,0,0,0,0
джунглі,0,0,0,1,0,0,0,0,0,0
малодшы,0,0,0,0,0,0,0,0,0,0
барахло,0,0,0,0,0,1,0,0,0,0
хунта,0,0,0,0,0,1,0,0,0,0
юрыдычны,0,0,0,0,0,0,0,0,0,0
юрысдыкцыя,0,0,0,0,0,0,0,0,0,0
юрыспрудэнцыя,0,0,0,0,0,0,0,1,0,0
юрыст,0,0,0,0,0,0,0,0,0,1
журы,0,0,0,0,0,0,0,0,0,1
справядлівасць,0,0,0,0,0,0,1,0,0,1
апраўдана,0,0,0,0,0,0,1,0,0,1
апраўданне,0,0,0,0,0,0,1,0,0,0
апраўдаць,0,0,0,0,0,0,0,0,0,0
джут,0,0,0,0,0,0,0,0,0,0
непаўналетні,0,0,0,0,0,1,0,0,0,0
супастаўленне,0,0,0,0,0,0,0,0,0,0
кайзер,0,0,0,0,0,0,0,0,0,0
калейдаскоп,0,0,0,0,0,0,0,0,0,0
кенгуру,0,0,0,0,0,0,0,0,0,0
кандзі,0,0,0,0,0,0,0,0,0,0
карма,0,0,0,0,0,0,0,0,0,0
байдарка,0,0,0,0,0,0,0,0,0,0
кіль,0,0,0,0,0,0,0,0,0,0
захавальнік,0,0,0,0,0,0,0,0,0,0
захаванне,0,0,0,0,0,0,0,0,0,0
сувенір на памяць,0,0,0,0,0,0,1,0,0,0
бочачка,0,0,0,0,0,0,0,0,0,0
кен,0,0,0,0,0,0,1,0,0,0
гадавальнік,0,0,0,0,0,0,0,1,0,0
керн,0,0,0,0,0,1,0,0,0,0
ядро,0,0,0,0,0,0,0,0,0,0
газа,0,0,0,1,0,0,0,0,0,0
чайнік,0,0,0,0,0,0,0,0,0,0
ключ,0,0,0,0,0,0,0,0,0,0
замочная свідравіна,0,0,0,0,0,0,0,0,0,0
асноўны даклад,0,0,0,0,0,0,1,0,0,0
замкавы камень,0,0,0,0,0,0,1,0,0,0
колеру хакі,0,0,0,0,0,0,0,0,0,0
хан,0,0,0,1,0,0,0,0,0,1
удар нагамі,1,0,0,0,0,1,0,0,0,0
біць нагамі,1,0,0,0,0,0,0,0,0,0
дзіця,0,0,0,0,0,0,0,0,0,0
жартую,0,0,0,0,0,0,0,0,0,0
выкрадаць,1,0,0,1,0,1,0,1,1,0
забіць,0,0,0,1,0,1,0,1,0,0
забойства,1,0,0,1,0,1,0,1,0,0
печ,0,0,0,0,0,0,0,0,0,0
кілаграм,0,0,0,0,0,0,0,0,0,0
кіламетр,0,0,0,0,0,0,0,0,0,0
кілт,0,0,0,0,0,0,0,0,0,0
кімано,0,0,0,0,0,0,0,0,0,0
сваяк,0,0,0,0,0,0,0,0,0,0
выгляд,0,0,0,0,1,0,1,0,0,1
дзіцячы сад,0,0,0,0,0,0,0,0,0,0
дабрыня,0,0,0,0,0,0,1,0,0,0
сваяцтва,0,1,0,0,1,0,1,0,0,1
кінематыка,0,0,0,0,0,0,0,0,0,0
кароль,0,0,0,0,0,0,1,0,0,0
каралеўства,0,0,0,0,0,0,0,0,0,0
перагіб,0,0,0,0,0,0,0,0,0,0
вычварны,0,0,0,0,0,0,0,0,0,0
кіёск,0,0,0,0,0,0,0,0,0,0
Кірк,0,0,0,0,0,0,0,0,0,0
пацалунак,0,1,0,0,1,0,1,0,1,0
камплект,0,0,0,0,0,0,0,0,0,0
кухня,0,0,0,0,0,0,0,0,0,0
паветраны змей,0,0,1,0,0,1,0,0,0,0
кацяня,0,0,0,0,1,0,1,0,0,1
спрыт,0,0,0,0,0,0,1,0,0,0
заплечнік,0,0,0,0,0,0,0,0,0,0
мясіць,0,0,0,0,0,0,0,0,0,0
калена,0,0,0,0,0,0,0,0,0,0
стаць на калені,0,0,0,0,0,0,0,0,0,0
стоячы на каленях,0,0,0,0,0,0,0,0,0,0
звон,0,0,0,1,0,1,0,1,0,0
трусы,0,0,0,0,0,0,0,0,0,1
нож,0,0,0,0,0,0,0,0,0,0
рыцар,0,0,0,0,0,0,1,0,0,0
вязаць,0,0,0,0,0,0,0,0,0,0
ручка,0,0,0,0,0,0,0,0,0,0
стук,0,0,0,0,0,0,0,0,0,0
пагорак,0,0,0,0,0,0,0,0,0,0
вузел,0,0,0,0,0,0,0,0,0,0
вузлаватыя,0,0,0,0,0,1,0,0,0,0
ведаючы,0,0,0,0,0,0,1,0,0,0
свядома,0,0,0,0,0,0,0,0,0,0
ведаў,0,0,0,0,0,0,1,0,0,0
суставы,0,0,0,0,0,0,0,0,0,0
кос,0,0,0,0,0,0,0,0,0,0
Крыс,0,0,0,0,0,0,0,0,0,0
хвала,0,0,0,0,1,0,1,0,0,0
лабараторыя,0,0,0,0,0,0,0,0,0,0
ярлык,0,0,0,0,0,0,0,0,0,1
працы,0,1,0,0,1,0,1,0,1,1
лабараторыя,0,0,0,0,0,0,0,0,0,0
напрацаваны,0,0,0,0,0,1,0,1,0,0
чорнарабочы,0,0,0,0,0,0,0,0,0,0
працуючы,0,0,0,0,0,0,0,0,0,0
працаёмкі,0,0,0,0,0,1,0,0,0,0
лабірынт,0,1,0,0,0,1,0,0,0,0
лак,0,0,0,0,0,0,0,0,0,0
карункі,1,0,0,1,0,1,1,1,0,1
недахоп,0,0,0,0,0,1,0,0,0,0
не хапае,0,0,0,0,0,1,0,0,0,0
цьмяны,0,0,0,0,0,1,0,0,0,0
лак,0,0,0,0,0,0,0,0,0,0
лакросс,0,0,0,0,0,0,0,0,0,0
хлопец,0,0,0,0,0,0,0,0,0,0
лесвіца,0,0,0,0,0,0,0,0,0,0
гружаны,0,0,0,0,0,1,0,0,0,0
нагрузка,0,0,0,0,0,0,0,0,0,0
коўш,0,0,0,0,0,0,0,0,0,0
лэдзі,0,0,0,0,0,0,0,0,0,0
адставанне,0,0,0,0,0,1,0,0,0,0
адставанне,1,1,1,0,0,1,0,1,0,0
лагуна,0,0,0,0,0,0,0,0,0,0
логава,0,0,0,0,0,1,0,0,0,0
свецкія,0,0,0,0,0,0,0,0,0,0
возера,0,0,0,0,0,0,0,0,0,0
лама,0,0,0,0,0,0,0,0,0,0
бараніна,0,0,0,0,1,0,1,0,0,1
наракаць,0,0,1,1,0,1,0,1,0,0
наракаючы,0,0,0,0,0,0,0,1,0,0
пласцінка,0,0,0,0,0,0,0,0,0,0
ламінаваныя,0,0,0,0,0,0,0,0,0,0
лямпа,0,0,0,0,0,0,0,0,0,0
дзіда,0,0,0,0,0,0,0,0,0,0
улан,0,0,0,0,0,0,0,0,0,0
зямлі,0,0,0,0,0,0,1,0,0,0
прызямліўся,0,0,0,0,0,0,1,0,0,0
пасадка,0,0,0,0,0,0,0,0,0,0
не мае выхаду да мора,0,0,0,0,0,0,0,0,0,0
памешчык,0,0,0,0,0,0,0,0,0,0
арыенцір,0,0,0,0,0,0,0,0,0,1
зямель,0,0,0,0,0,0,0,0,0,0
пейзаж,0,0,0,0,0,0,0,0,0,0
азеляненне тэрыторыі,0,0,0,0,0,0,0,0,0,0
апоўзень,0,0,0,1,0,1,0,1,0,0
пер,0,0,0,0,0,0,0,0,0,0
мове,0,0,0,0,0,0,0,0,0,0
млявы,0,0,0,0,0,1,0,0,0,0
марнеюць,0,0,0,0,0,1,0,0,0,0
знясіленне,0,0,0,1,0,1,0,1,0,0
даўгавязы,0,0,0,0,0,0,0,0,0,0
ліхтар,0,0,0,0,0,0,0,0,0,0
каленях,0,0,0,0,0,0,0,0,0,0
адварот,0,0,0,0,0,0,0,0,0,0
пратэрміноўка,0,0,0,0,0,1,0,0,0,0
страціў сілу,0,0,0,0,0,0,0,0,0,0
крадзеж,0,0,1,0,0,1,0,0,0,0
сала,0,0,0,0,0,0,0,0,0,0
камора,0,0,0,0,0,0,0,0,0,0
вялікі,0,0,0,0,0,0,0,0,0,0
большы,0,0,1,0,0,0,0,0,1,1
Ларго,0,0,0,0,0,0,0,0,0,0
жаўрук,0,0,0,0,0,0,0,0,0,0
лічынка,0,0,0,0,0,0,0,0,0,0
гартань,0,0,0,0,0,0,0,0,0,0
лазер,0,0,0,0,0,0,1,0,0,1
бізун,1,0,0,1,0,1,0,0,0,0
дзяўчына,0,0,0,0,0,0,0,0,0,0
ласо,0,0,0,0,0,0,0,0,0,0
працяглы,0,0,0,0,0,0,0,0,0,0
зашчапка,0,0,0,0,0,0,0,0,0,0
позна,0,0,0,0,0,1,0,1,0,0
спазненне,0,0,0,0,0,1,0,0,0,0
латэнтны,1,1,1,0,0,1,0,0,1,0
бакавыя,0,0,0,0,0,0,0,0,0,0
збоку,0,0,0,0,0,0,0,0,0,0
латекс,0,0,0,0,0,0,0,0,0,0
такарны станок,0,0,0,0,0,0,0,0,0,0
намыліць,0,0,0,0,0,0,0,0,0,0
шырата,0,0,0,0,0,0,0,0,0,0
прыбіральні,0,0,1,0,0,1,0,0,0,0
кратаў,0,0,0,0,0,0,0,0,0,0
пахвальна,0,0,0,0,0,0,1,0,0,0
смяяцца,0,0,0,0,1,0,1,0,1,0
сьмешны,0,0,1,0,0,1,0,0,0,0
смеючыся,0,0,0,0,1,0,1,0,0,0
смех,0,1,0,0,1,0,1,0,1,0
запуск,0,1,0,0,0,0,1,0,0,0
пральня,0,0,0,0,0,0,0,0,0,0
лаўрэат,0,0,0,0,0,0,1,0,0,1
лаўр,0,0,0,0,0,0,1,0,0,0
лаўры,0,0,0,0,1,0,1,0,0,0
лава,1,0,0,1,0,1,0,0,0,0
прамыванне,0,0,0,0,0,0,0,0,0,0
туалет,0,0,1,0,0,0,0,0,0,0
лаванда,0,0,0,0,0,0,0,0,0,0
шчодры,0,0,0,0,0,0,1,0,0,0
права,0,0,0,0,0,0,0,0,0,1
законным,0,0,0,0,0,0,1,0,0,1
бяспраўе,1,0,0,1,0,1,0,0,0,0
газон,0,0,0,0,0,0,0,0,0,0
пазоў,1,0,1,1,0,1,0,1,1,0
адвакат,1,0,1,1,0,1,0,0,0,0
расслаблены,0,0,0,0,0,1,0,1,0,0
слабільнае,0,0,1,1,0,1,0,0,0,0
ляжаць,0,0,0,0,0,0,0,0,0,0
пласт,0,0,0,0,0,0,0,0,0,0
слаістай,0,0,0,0,0,0,0,0,0,0
свецкі чалавек,0,0,0,0,0,0,0,0,0,0
лянівы,0,0,0,0,0,1,0,0,0,0
леа,0,0,0,0,0,0,0,0,0,0
свінец,0,0,0,0,0,0,1,0,0,0
лідэр,0,0,0,0,0,0,1,0,0,1
вядучы,0,0,0,0,0,0,0,0,0,1
прыводзіць,0,0,0,0,0,0,0,0,0,0
ліст,0,0,0,0,0,0,0,0,0,0
улётка,0,0,0,0,0,0,0,0,0,0
ліставыя,0,0,0,0,0,0,0,0,0,0
лігі,0,0,0,0,0,0,1,0,0,0
уцечка,0,0,0,0,0,1,0,0,0,0
уцечка,0,0,0,0,0,1,0,0,0,0
дзіравы,0,0,0,0,0,1,0,0,0,0
нішчымнае,0,0,0,0,0,0,0,0,0,0
нахіліўся,0,0,0,0,0,0,0,0,0,0
абапіраючыся,0,0,0,0,0,0,0,0,0,1
скачок,0,0,0,0,0,0,0,0,0,0
вучыцца,0,0,0,0,0,0,1,0,0,0
даведаўся,0,0,0,0,0,0,0,0,0,0
вучань,0,0,0,0,0,0,0,0,0,0
навучання,0,0,0,0,0,0,1,0,0,0
арэнда,0,0,0,0,0,0,0,0,0,0
павадок,0,0,0,0,0,0,0,0,0,0
скураныя,0,0,0,0,0,0,0,0,0,0
скурыстыя,0,0,0,0,0,0,0,0,0,0
пакінуць,0,0,0,0,0,1,0,1,1,0
лекцыя,0,0,0,0,0,0,0,0,0,0
выкладчык,0,0,0,0,0,0,1,0,0,0
выступ,0,0,0,0,0,0,0,0,0,0
гросбух,0,0,0,0,0,0,0,0,0,0
падветраны,0,0,0,0,0,0,0,0,0,0
п'яўка,0,0,0,0,0,1,0,0,0,0
п'яўкі,0,0,1,1,0,1,0,0,0,0
усмешка,0,0,1,0,0,1,0,0,0,0
падступны,0,0,0,0,0,0,0,0,1,0
асадак,0,0,0,0,0,0,0,0,0,0
свабода дзеянняў,0,0,0,0,0,0,1,0,0,0
злева,0,0,0,0,0,0,0,0,0,0
нага,0,0,0,0,0,0,0,0,0,0
спадчына,0,0,0,0,0,0,0,0,0,0
юрыдычны,0,0,0,0,0,0,1,0,0,1
законнасць,0,0,0,0,0,0,0,0,0,0
легалізаваць,0,0,0,0,0,0,0,0,0,0
легалізаваны,1,0,0,1,1,0,1,0,0,1
законна,0,0,0,0,0,0,0,0,0,0
легенда,0,0,0,0,0,0,0,0,0,0
легендарны,0,0,0,0,0,0,1,0,0,0
чытэльнасць,0,0,0,0,0,0,1,0,0,0
разборлівы,0,0,0,0,0,0,1,0,0,0
легіён,0,0,0,0,0,0,0,0,0,0
заканадаўча,0,0,0,0,0,0,0,0,0,0
заканадаўства,0,0,0,0,0,0,0,0,0,0
заканадаўчая,0,0,0,0,0,0,0,0,0,0
заканадаўца,0,0,0,0,0,0,0,0,0,1
заканадаўчы орган,0,0,0,0,0,0,0,0,0,1
легітымнасць,0,0,0,0,0,0,0,0,0,1
ногі,0,0,0,0,0,0,0,0,0,0
бабовыя,0,0,0,0,0,0,0,0,0,0
вольны час,0,1,0,0,1,0,1,0,1,1
нетаропкі,0,0,0,0,0,0,1,0,0,0
лема,0,0,0,0,0,0,1,0,0,0
лімон,0,0,1,0,0,1,0,0,0,0
пазычаць,0,0,0,0,0,0,0,0,0,0
крэдытор,0,0,0,0,0,0,0,0,0,1
крэдытаванне,0,0,0,0,0,0,0,0,0,0
даўжыня,0,0,0,0,0,0,0,0,0,0
падоўжыць,0,0,0,0,0,0,0,0,0,0
падоўжаны,0,0,0,0,0,0,0,0,0,0
падаўжэнне,0,0,0,0,0,0,0,0,0,0
уздоўж,0,0,0,0,0,0,0,0,0,0
працяглы,0,0,0,0,0,0,0,0,0,0
паблажлівасць,0,0,0,0,0,0,0,0,0,0
паблажлівы,0,0,0,0,0,0,1,0,0,0
аб'ектыў,0,0,0,0,0,0,0,0,0,0
леапард,0,0,0,0,0,0,0,0,0,0
праказа,0,0,1,1,0,1,0,1,0,0
лізінгаатрымальнік,0,0,0,0,0,0,0,0,0,0
паменшыць,0,1,0,0,0,1,0,0,0,0
памяншэнне,0,0,0,0,0,0,0,0,0,0
меншы,0,0,1,0,0,1,0,0,0,0
урок,0,1,0,0,0,0,1,0,0,1
арэндадаўца,0,0,0,0,0,0,0,0,0,0
смяротны,0,0,1,1,0,1,0,1,0,0
млявы,0,0,0,0,0,0,0,0,0,0
млявасць,0,0,0,0,0,1,0,1,0,0
ліст,0,1,0,0,0,0,0,0,0,0
літарамі,0,1,0,0,0,0,1,0,0,1
лісты,0,0,0,0,0,0,0,0,0,0
лісце салаты,0,0,0,0,0,0,0,0,0,0
лейкоз,1,0,0,1,0,1,0,1,0,0
дамба,0,0,0,0,0,0,0,0,0,1
ўзровень,0,0,0,0,0,0,1,0,0,1
рычаг,0,0,0,0,0,0,0,0,0,0
крэдытнае плячо,0,0,0,0,0,0,1,0,0,0
спагнанне,0,0,0,0,0,1,0,0,0,0
распусныя,0,0,1,0,0,1,0,0,0,0
лексікон,0,0,0,0,0,0,0,0,0,0
лей,0,0,0,0,0,0,0,0,0,0
абавязацельствы,0,0,0,0,0,0,0,0,0,0
адказнасць,0,0,0,0,0,0,0,0,0,0
сувязны,0,0,0,0,0,1,0,0,0,0
хлус,0,0,1,0,0,1,0,0,0,0
паклёп,1,0,0,1,0,1,0,0,0,1
паклёпніцкі,0,0,0,0,0,0,0,0,0,0
ліберальны,0,0,0,0,0,1,1,0,0,0
лібералізм,0,0,0,0,0,0,0,0,0,0
вызваляць,1,1,0,0,1,0,1,0,1,1
вызваленне,0,1,0,0,1,0,1,0,1,0
свабода,0,1,0,0,1,0,1,0,1,1
лібіда,0,0,0,0,0,0,0,0,0,0
бібліятэкар,0,0,0,0,0,0,0,0,0,0
бібліятэка,0,0,0,0,0,0,1,0,0,0
лібрэта,0,0,0,0,0,0,0,0,0,0
ліцэнзія,0,0,0,0,0,0,0,0,0,0
лішайнік,0,0,0,0,0,0,0,0,0,0
лізаць,0,0,1,0,0,1,0,0,0,0
вечка,0,0,0,0,0,0,0,0,0,0
хлусня,1,0,1,0,0,1,0,1,0,0
сеньёр,0,0,0,0,0,0,0,0,0,0
права закладу,0,0,0,0,0,0,0,0,0,0
лейт,0,0,0,0,0,0,0,0,0,0
лейтэнант,0,0,0,0,0,0,0,0,0,1
жыцця,0,0,0,0,0,0,0,0,0,0
кроў жыцця,0,0,0,0,0,0,1,0,0,0
выратавальная шлюпка,0,0,0,0,0,0,0,0,0,0
нежывы,0,0,0,1,0,1,0,1,0,0
рэалістычны,0,0,0,0,0,0,0,0,0,0
пажыццёва,0,0,0,0,0,0,0,0,0,0
працягласць жыцця,0,0,0,0,0,0,0,0,0,0
пад'ёмнік,0,0,0,0,0,0,0,0,0,0
звязка,0,0,0,0,0,0,0,0,0,0
перавязка,0,0,0,0,0,0,0,0,0,0
святло,0,0,0,0,0,0,0,0,0,0
асвятліць,0,0,0,0,0,0,0,0,0,0
маяк,0,0,0,0,0,0,1,0,0,0
лёгкасць,0,0,0,0,0,0,0,0,0,0
маланка,1,0,0,1,0,0,0,0,1,0
верагоднасць,0,0,0,0,0,0,0,0,0,0
падабенства,0,0,0,0,0,0,0,0,0,0
гэтак жа,0,0,0,0,0,0,0,0,0,0
сімпатыя,0,0,0,0,1,0,1,0,0,1
бэз,0,0,0,0,0,0,0,0,0,0
лілея,0,0,0,0,0,0,0,0,0,0
канечнасць,0,0,0,0,0,0,0,0,0,0
лімб,0,0,0,0,0,0,0,0,0,0
мяжа,0,0,0,0,0,0,0,0,0,0
абмежаванне,0,0,0,0,0,0,0,0,0,0
абмежаваны,1,0,0,0,0,1,0,1,0,0
бязмежны,0,0,0,0,0,0,0,0,0,0
лімузін,0,0,0,0,0,0,0,0,0,0
кульгаць,0,0,0,0,0,1,0,0,0,0
Лін,0,0,0,0,0,0,0,0,0,0
лінія,0,0,0,0,0,0,0,0,0,0
радавод,0,0,0,0,0,0,0,0,0,0
лінейны,0,0,0,0,0,0,0,0,0,0
лінейны,0,0,0,0,0,0,0,0,0,0
выкладзеныя,0,0,0,0,0,0,0,0,0,0
бялізна,0,0,0,0,0,0,0,0,0,0
ўкладыш,0,0,0,0,0,0,0,0,0,0
лініі,0,0,0,1,0,0,0,0,0,0
затрымлівацца,0,1,0,0,0,0,0,0,0,0
жаргон,0,0,0,0,0,0,0,0,0,0
лінгвальная,0,0,0,0,0,0,0,0,0,0
лінгвіст,0,0,0,0,0,0,1,0,0,1
лінгвістычны,0,0,0,0,0,0,0,0,0,0
мовазнаўства,0,0,0,0,0,0,0,0,0,0
падшэўка,0,0,0,0,0,0,0,0,0,0
спасылка,0,0,0,0,0,0,0,0,0,0
лінолеум,0,0,0,0,0,0,0,0,0,0
варсінкі,0,0,0,0,0,1,0,0,0,0
леў,0,0,0,1,0,0,1,0,0,0
губа,0,0,0,0,0,0,0,0,0,0
губная памада,0,0,0,0,0,0,0,0,0,0
звадкаванне,0,0,0,0,0,0,0,0,0,0
звадкаваны,0,0,0,0,0,0,0,0,0,0
лікёр,0,0,0,0,0,0,0,0,0,0
вадкасць,0,0,0,0,0,0,0,0,0,0
ліквідаваць,0,0,0,0,0,0,0,0,0,0
ліквідацыя,0,0,0,0,0,0,0,0,0,0
ліквідатар,0,0,0,0,0,0,0,0,0,0
ліквіднасць,0,0,0,0,0,0,0,0,0,0
лікёр,1,0,0,0,1,1,0,1,0,0
шепелявость,0,0,0,0,0,0,0,0,0,0
спіс,0,0,0,0,0,0,0,0,0,0
слухаць,0,0,0,0,0,0,0,0,0,0
слухач,0,0,0,0,0,0,0,0,0,0
лістынг,0,0,0,0,0,0,0,0,0,0
бязвольны,0,0,0,0,0,1,0,1,0,0
літанія,0,0,0,0,0,0,0,0,0,0
літаральна,0,0,0,0,0,0,0,0,0,0
літаратурны,0,0,0,0,0,0,0,0,0,0
літаратуры,0,0,0,0,0,0,0,0,0,0
гнуткі,0,0,0,0,0,0,1,0,0,0
літаграфія,0,0,0,0,0,0,0,0,0,0
літаграфія,0,0,0,0,0,0,0,0,0,0
літалогіі,0,0,0,0,0,0,0,0,0,0
літасфера,0,0,0,0,0,0,0,0,0,0
удзельнік судовага працэсу,0,0,0,0,0,1,0,0,0,0
судзіцца,1,1,1,1,0,1,0,1,0,0
судовы працэс,0,0,0,0,0,1,0,0,0,0
судовых,1,0,1,0,0,1,0,0,0,0
памёт,0,0,0,0,0,1,0,0,0,0
прыморскі,0,0,0,0,0,0,0,0,0,0
літургіі,0,0,0,0,0,0,0,0,0,0
сродкі да існавання,0,0,0,0,0,0,0,0,0,0
ліўрэя,0,0,0,0,0,0,0,0,0,0
лідавы,1,0,1,0,0,1,0,0,0,0
жыццё,0,0,0,0,0,0,0,0,0,0
лама,0,0,0,0,0,0,0,0,0,0
нагрузка,0,0,0,0,0,0,0,0,0,0
батон,0,0,0,0,0,1,0,0,0,0
лайдак,0,0,0,0,0,1,0,0,0,0
суглінак,0,0,0,0,0,0,0,0,0,0
крэдыт,0,0,0,0,0,0,0,0,0,0
нянавісць,1,0,0,0,0,1,0,0,0,0
ненавідзець,1,0,1,0,0,1,0,0,0,0
нянавісць,0,0,1,0,0,1,0,0,0,0
агідны,1,0,1,0,0,1,0,0,0,0
вестыбюль,0,0,0,0,0,0,0,0,0,0
лабіст,0,0,0,0,0,1,0,0,0,0
мочка,0,0,0,0,0,0,0,0,0,0
мясцовыя,0,0,0,0,0,0,0,0,0,0
лакаль,0,0,0,0,0,0,0,0,0,0
мясцовасць,0,0,0,0,0,0,0,0,0,0
лакалізацыя,0,0,0,0,0,0,0,0,0,0
лакалізаваць,0,1,0,0,0,0,0,0,0,0
знайсці,0,0,0,0,0,0,0,0,0,0
размяшчэнне,0,0,0,0,0,0,0,0,0,0
возера,0,0,0,0,0,0,0,0,0,0
замак,0,0,0,0,0,0,0,0,0,0
шафка,0,0,0,0,0,0,0,0,0,0
слесар,0,0,0,0,0,0,0,0,0,0
блакаванне,0,0,0,1,0,1,0,1,0,0
перамяшчэнне,0,0,0,0,0,0,0,0,0,0
лакаматыў,0,0,0,0,0,0,0,0,0,0
саранча,0,0,0,1,0,1,0,0,0,0
домік,0,0,0,0,0,0,0,0,0,0
кватарант,0,0,0,0,0,0,0,0,0,0
жыллё,0,0,0,0,0,0,0,0,0,1
гарышча,0,0,0,0,0,0,0,0,0,0
высокі,0,0,0,0,0,1,0,0,0,0
часопіс,0,0,0,0,0,0,0,0,0,0
лагарыфм,0,0,0,0,0,0,0,0,0,0
лагарыфмічны,0,0,0,0,0,0,0,0,0,0
логіка,0,0,0,0,0,0,0,0,0,0
лагічна,0,0,0,0,0,0,1,0,0,0
лагістыка,0,0,0,0,0,0,0,0,0,0
лагатып,0,0,0,0,0,0,0,0,0,0
карэйка,0,0,0,0,0,0,0,0,0,0
лядзяш,0,0,0,0,0,0,0,0,0,0
самотны,0,0,0,0,0,0,0,1,0,0
адзінота,0,0,0,1,0,1,0,1,0,0
самотны,1,0,1,1,0,1,0,1,0,0
самотны,0,0,0,0,0,1,0,1,0,0
доўгі,0,1,0,0,0,0,0,0,0,0
даўгалецце,0,0,0,0,0,0,1,0,0,0
туга,0,1,0,0,0,0,0,1,0,0
даўгата,0,0,0,0,0,0,0,0,0,0
падоўжныя,0,0,0,0,0,0,0,0,0,0
падоўжна,0,0,0,0,0,0,0,0,0,0
туалет,0,0,1,0,0,1,0,0,0,0
аглядальнік,0,0,0,0,0,0,0,0,0,0
ткацкі станок,0,1,0,1,0,1,0,0,0,0
насоўваецца,0,0,0,0,0,0,0,0,0,0
гагара,0,0,1,0,0,1,0,0,0,0
вар'яцкі,0,0,0,0,0,1,0,0,0,0
пятля,0,0,0,0,0,0,0,0,0,0
шчыліна,0,0,0,0,0,0,0,0,0,0
аслабіць,0,0,0,0,0,0,0,0,0,0
рыхленне,0,0,0,0,0,0,0,0,0,0
бабло,0,0,0,0,0,1,0,0,0,0
лапаць,0,0,0,0,0,0,0,0,0,0
аднабокі,0,0,0,0,0,0,0,0,0,0
спадар,0,0,1,0,0,1,1,0,0,1
лордаў,0,0,0,0,0,0,0,0,0,0
спадарства,0,0,0,0,0,0,1,0,0,0
веды,0,0,0,0,0,0,0,0,0,0
грузавік,0,0,0,0,0,0,0,0,0,0
страціць,1,0,1,1,0,1,0,1,1,0
страта,1,0,0,0,0,1,0,1,0,0
страта,1,0,0,1,0,1,0,1,0,0
страчаны,0,0,0,0,0,1,0,1,0,0
шмат,0,0,0,0,0,0,0,0,0,0
ласьён,0,0,0,0,0,0,0,0,0,0
шмат,0,0,0,0,0,0,0,0,0,0
латарэя,0,1,0,0,0,0,0,0,0,0
лато,0,0,0,0,0,0,0,0,0,0
гучна,0,0,0,0,0,0,0,0,0,0
гучна,0,0,0,0,0,0,0,0,0,0
гучнасць,1,0,0,0,0,1,0,0,0,0
пакой адпачынку,0,0,0,0,0,1,0,0,0,0
вош,0,0,1,0,0,1,0,0,0,0
мілы,0,0,0,0,1,0,1,0,0,1
каханне,0,0,0,0,1,0,1,0,0,0
выдатны,0,1,0,0,1,0,1,1,1,1
заняткі любоўю,0,0,0,0,1,0,1,0,0,1
палюбоўнік,0,1,0,0,1,0,1,0,0,1
кахаючы,0,0,0,0,1,0,1,0,0,1
ніжэй,0,0,0,0,0,1,0,1,0,0
паніжэнне,0,0,0,0,0,1,0,0,0,0
самы нізкі,0,0,0,0,0,1,0,1,0,0
нізіны,0,0,0,0,0,1,0,0,0,0
сціпла,0,0,0,0,0,1,0,1,0,0
лаяльны,0,0,0,1,1,0,1,0,1,1
лаяльнасць,0,0,0,0,0,0,1,0,0,1
змазваць,0,0,0,0,0,0,0,0,0,0
змазка,0,0,0,0,0,0,0,0,0,0
ўдача,0,1,0,0,1,0,1,0,1,0
пашанцавала,0,0,0,0,1,0,1,0,1,0
смешна,0,0,0,0,0,1,0,0,0,0
наканечнік,0,0,0,0,0,0,0,0,0,0
багажу,0,0,0,0,0,0,0,0,0,0
зацішша,0,1,0,0,0,0,0,0,0,0
калыханка,0,0,0,0,0,0,0,0,0,0
паяснічны,0,0,0,0,0,0,0,0,0,0
піламатэрыялы,0,0,0,0,0,0,0,0,0,0
лесапавал,0,0,0,0,0,1,0,0,0,0
люмінесцэнтныя,0,0,0,0,0,0,0,0,0,0
святлівы,0,0,0,0,0,0,0,0,0,0
камяк,0,0,0,0,0,1,0,0,0,0
камяком,0,0,1,0,0,1,0,0,0,0
вар'яцтва,1,0,1,1,0,1,0,1,0,0
месяцовы,0,0,0,0,0,0,0,0,0,0
вар'ят,1,0,1,1,0,1,0,0,0,0
абед,0,0,0,0,0,0,0,0,0,0
абед,0,0,0,0,0,0,0,0,0,0
выпад,0,0,0,0,0,0,0,0,1,0
лёгкіх,0,0,0,0,0,0,0,0,0,0
хістацца,0,0,0,0,0,1,0,0,0,0
прынада,0,0,0,0,0,1,0,0,0,0
змрочны,0,0,1,0,0,1,0,0,0,0
падпільноўваць,0,0,0,0,0,1,0,0,0,0
хаваецца,0,0,0,0,0,1,0,0,0,0
сакавіты,0,1,0,0,1,0,1,0,0,0
пышныя,0,0,1,0,0,1,0,1,0,0
пажадлівасць,0,1,0,0,0,1,0,0,0,0
бляск,0,0,0,0,1,0,1,0,0,0
пажадлівы,0,0,0,0,0,1,0,0,0,0
бліскучы,0,0,0,0,0,0,1,0,0,0
юрлівы,0,0,1,0,0,0,0,0,0,0
лютня,0,0,0,0,0,0,0,0,0,0
раскошны,0,0,0,0,0,0,1,0,0,0
раскошны,0,0,0,0,1,0,1,0,0,0
раскоша,0,0,0,0,1,0,1,0,0,0
хлуслівы,1,0,1,0,0,1,0,0,0,0
лімфа,0,0,0,0,0,0,0,0,0,0
лімфатычных,0,0,0,0,0,0,0,0,0,0
лінч,1,0,1,1,0,1,0,1,0,0
рысь,0,0,0,0,0,0,0,0,0,0
ліра,0,0,0,0,1,0,1,0,0,0
лірыка,0,0,0,0,0,0,0,0,0,0
лірычны,0,0,0,0,1,0,1,0,0,0
булава,0,0,0,1,0,1,0,0,0,0
машына,0,0,0,0,0,0,0,0,0,1
тэхніка,0,0,0,0,0,0,0,0,0,0
машыніст,0,0,0,0,0,0,0,0,0,0
скумбрыя,0,0,0,0,0,0,0,0,0,0
шалёны,1,0,1,1,0,1,0,1,0,0
спадарыня,0,0,0,0,0,0,0,0,0,0
мадам,0,0,0,0,0,0,0,0,0,0
звар'яцець,1,0,0,1,0,1,0,0,0,0
вар'ят,1,0,0,1,0,1,0,0,0,0
вар'яцтва,1,0,0,1,0,1,0,0,0,0
мафія,0,0,0,1,0,1,0,0,0,0
часопіс,0,0,0,0,0,0,0,0,0,0
маг,0,0,0,1,0,0,0,0,0,0
пурпурны,0,0,0,0,0,0,0,0,0,0
опарыш,0,0,1,0,0,1,0,0,0,0
магія,0,0,0,0,0,0,0,0,0,0
магічны,0,1,0,0,1,0,1,0,1,0
чараўнік,0,0,0,0,0,0,0,0,1,0
магістрат,0,0,0,0,0,0,0,0,0,0
магма,0,0,0,0,0,0,0,0,0,0
магнацкі,0,0,0,0,0,0,0,0,0,0
магніт,0,0,0,0,0,0,1,0,0,1
магнетызм,0,0,0,0,0,0,1,0,0,0
магнетыт,0,0,0,0,0,0,1,0,0,0
пышнасць,0,1,0,0,1,0,1,0,0,1
цудоўны,0,1,0,0,1,0,1,0,1,1
лупа,0,0,0,0,0,0,0,0,0,0
павялічваць,0,0,0,0,0,0,0,0,0,0
велічыня,0,0,0,0,0,0,0,0,0,0
сарока,0,0,0,0,0,0,0,0,0,0
пакаёўка,0,0,0,0,0,0,0,0,0,0
дзявочая,0,0,0,0,0,0,1,0,0,0
пошта,0,1,0,0,0,0,0,0,0,0
галоўны,0,0,0,0,0,0,1,0,0,0
мацярык,0,0,0,0,0,0,0,0,0,0
апора,0,0,0,0,0,0,1,0,0,1
абслугоўванне,0,0,0,0,0,0,0,0,0,1
велічны,0,1,0,0,1,0,1,0,1,1
велічнасць,0,0,0,0,0,0,1,0,0,1
маёр,0,0,0,0,0,0,1,0,0,0
большасць,0,0,0,0,1,0,1,0,0,1
зрабіць,0,0,0,0,0,0,0,0,0,0
вытворца,0,0,0,0,0,0,0,0,0,0
імправізаваны,0,0,0,0,0,1,0,0,0,0
Макіяж,0,0,0,0,0,0,0,0,0,0
хвароба,0,0,0,0,0,1,0,0,0,0
недамаганне,0,0,0,0,0,1,0,1,0,0
малярыя,0,0,1,1,0,1,0,1,0,0
зламысны,1,0,1,1,0,1,0,1,0,0
службовае злачынства,0,0,1,0,0,1,0,0,0,0
загана развіцця,0,0,0,0,0,1,0,0,0,0
злосць,1,0,0,1,0,1,0,0,0,0
шкоднасныя,1,0,1,1,0,1,0,1,0,0
злаякасны,1,0,1,0,0,1,0,0,0,0
злаякасная пухліна,0,0,0,1,0,1,0,1,0,0
злаякасныя,1,0,0,1,0,1,0,0,0,0
гандлёвы цэнтр,0,0,0,0,0,0,0,0,0,0
падатлівы,0,0,0,0,0,0,0,0,0,0
малаток,0,0,0,0,0,0,0,0,0,0
няслушнае абслугоўванне,1,0,0,0,0,1,0,0,0,0
мама,0,0,0,0,0,0,0,0,0,1
млекакормячых,0,0,0,0,0,0,0,0,0,0
мамант,0,0,0,0,0,0,0,0,0,0
кіраваць,0,0,0,0,0,0,1,0,0,1
кіравання,0,0,0,0,0,0,1,0,0,1
кіраўнік,0,0,0,0,0,0,0,0,0,0
мандамус,0,0,0,1,0,1,0,0,0,0
мандарын,0,0,0,0,0,0,1,0,0,1
мандат,0,0,0,0,0,0,0,0,0,0
ніжняя сківіца,0,0,0,0,0,0,0,0,0,0
мандаліна,0,0,0,0,0,0,0,0,0,0
апраўка,0,0,0,0,0,0,0,0,0,0
грыва,0,0,0,0,0,0,0,0,0,0
манеўраваць,0,0,0,0,0,0,0,0,0,0
манеўраванне,0,0,0,0,0,0,0,0,0,0
кароста,0,0,1,1,0,1,0,0,0,0
яслі,0,0,0,0,0,0,0,0,0,0
калечыць,1,0,1,1,0,1,0,1,0,0
манга,0,0,0,0,0,0,0,0,0,0
мангостін,0,0,0,0,0,0,0,0,0,0
мужнасць,0,0,0,0,0,0,1,0,0,0
манія,0,0,0,0,0,1,0,0,0,0
маньяк,1,0,0,1,0,1,0,0,0,0
маніякальны,0,0,0,0,0,1,0,0,0,0
манікюр,0,0,0,0,0,0,0,0,0,0
маніфест,0,0,0,0,0,0,0,0,0,0
праява,0,0,0,1,0,0,0,0,0,0
праяўляецца,0,0,0,0,0,0,1,0,0,0
відавочна,0,0,0,0,0,0,0,0,0,0
маніфест,0,0,0,0,0,0,0,0,0,0
калектар,0,0,0,0,0,0,0,0,0,0
маніпуляваць,0,0,0,0,0,1,0,0,0,0
маніпуляцыі,1,0,0,1,0,1,0,0,0,0
чалавецтва,0,0,0,0,0,0,0,0,0,0
мужны,0,0,0,0,0,0,1,0,0,0
манна,0,0,0,0,0,0,1,0,0,0
чынам,0,0,0,0,0,0,0,0,0,0
манерны,0,0,0,0,0,0,1,0,0,0
манеры,0,0,0,0,0,0,1,0,0,0
сядзіба,0,0,0,0,0,0,0,0,0,0
асабняк,0,0,0,0,0,0,0,0,0,0
ненаўмыснае забойства,1,0,1,1,0,1,0,1,1,0
мантыя,0,0,0,0,0,0,0,0,0,0
кіраўніцтва,0,0,0,0,0,0,0,0,0,1
вытворчасць,0,0,0,0,0,0,0,0,0,0
вытворца,0,0,0,0,0,0,1,0,0,0
гной,0,0,1,0,0,1,0,0,0,0
рукапіс,0,0,0,0,0,0,0,0,0,0
карта,0,0,0,0,0,0,0,0,0,0
сак,0,0,0,0,0,1,0,0,0,0
мармуровы,0,0,0,0,0,0,0,0,0,0
мармуровы,0,0,0,0,0,0,0,0,0,0
шарыкі,0,0,0,0,0,0,0,0,0,0
марш,0,0,0,0,0,0,1,0,0,0
кабыла,0,0,0,0,0,0,0,0,0,0
маржа,0,0,0,0,0,1,0,1,0,0
маргінальны,0,0,0,0,0,0,0,0,0,0
марыхуана,0,0,0,0,0,0,0,0,0,0
марскі,0,0,0,0,0,0,0,0,0,1
марыніст,0,0,0,0,0,0,0,0,0,0
марскі,0,0,0,0,0,0,0,0,0,0
адзнака,0,0,0,0,0,0,0,0,0,0
адзначаны,0,0,0,0,0,0,1,0,0,0
рынак,0,0,0,0,0,0,0,0,0,0
таварны,0,0,0,0,0,0,1,0,0,0
рынак,0,0,0,0,0,0,0,0,0,0
маркі,0,0,0,0,0,0,0,0,0,0
мергель,0,0,0,0,0,0,0,0,0,0
мармелад,0,0,0,0,0,0,0,0,0,0
бардовы,0,0,0,0,0,1,0,0,0,0
шацёр,0,0,0,0,0,0,0,0,0,0
маркіз,0,0,0,0,0,0,1,0,0,0
шлюб,0,1,0,0,1,0,1,0,0,1
жанаты,0,0,0,0,0,0,0,0,0,0
касцяны мозг,0,0,0,0,1,0,1,0,0,1
ажаніцца,0,1,0,1,1,0,1,0,1,1
балотная,0,0,0,0,0,0,0,0,0,0
маршал,0,0,0,0,0,0,1,0,0,1
Март,0,0,0,0,0,0,0,0,0,0
баявы,1,0,0,0,0,0,0,0,0,0
мартингейл,0,0,0,0,0,1,0,0,0,0
пакутнік,0,0,0,1,0,1,0,1,0,0
пакутніцтва,0,0,0,1,0,1,0,1,0,0
цуд,0,0,0,0,0,0,1,0,1,0
цудоўны,0,0,0,0,1,0,1,0,0,0
цудоўна,0,0,0,0,1,0,1,0,0,0
мужчынскі род,0,0,0,0,0,0,1,0,0,0
мужнасць,0,0,0,0,0,0,0,0,0,0
пюрэ,0,0,0,0,0,0,0,0,0,0
маска,0,0,0,0,0,0,0,0,0,0
мазахізм,1,0,1,1,0,1,0,0,0,0
муляр,0,0,0,0,0,0,0,0,0,0
маскарад,0,0,0,0,0,0,0,0,0,0
маса,0,0,0,0,0,0,0,0,0,0
разня,1,0,1,1,0,1,0,1,0,0
масаж,0,0,0,0,1,0,1,0,0,0
масавы,0,0,0,0,0,0,0,0,0,0
гаспадар,0,0,0,0,0,0,1,0,0,0
натхняльнік,0,0,0,0,0,0,0,0,0,0
шэдэўр,0,0,0,0,1,0,1,0,0,0
майстэрства,1,0,0,0,1,0,1,0,0,1
мастурбаваць,0,0,0,0,0,0,0,0,0,0
мастурбацыя,0,0,0,0,0,0,0,0,0,0
мат,0,0,0,0,0,0,0,0,0,0
матч,0,0,0,0,0,0,0,0,0,0
адпаведнасць,0,0,0,0,0,0,0,0,0,0
сват,0,1,0,0,0,0,0,0,0,0
таварыш,0,0,0,0,0,0,1,0,0,1
матэрыял,0,0,0,0,0,0,0,0,0,0
матэрыялізм,0,0,0,0,0,1,0,0,0,0
матэрыяліст,0,0,1,0,0,1,0,0,0,0
матэрыялістычны,0,0,0,0,0,0,0,0,0,0
матэрыяльнасць,0,0,0,0,0,0,0,0,0,0
матэрыялізавацца,0,0,0,0,0,0,0,0,0,0
матэрыяльна,0,0,0,0,0,0,0,0,0,0
матэрыялаў,0,0,0,0,0,0,0,0,0,0
матэрыяльная рэч,0,0,0,0,0,0,0,0,0,0
мацярынскі,0,1,0,0,0,1,1,0,0,0
мацярынства,0,0,0,0,0,0,0,0,0,0
матэматычны,0,0,0,0,0,0,0,0,0,1
матэматык,0,0,0,0,0,0,0,0,0,0
матэматыка,0,0,0,0,0,0,0,0,0,0
атэстат сталасці,0,0,0,0,0,0,0,0,0,0
сужэнства,0,1,0,0,1,0,1,0,0,1
матрыца,0,0,0,0,0,0,0,0,0,0
матрона,0,0,0,0,0,0,1,0,0,1
матавы,0,0,0,0,0,0,0,0,0,0
справа,0,0,0,0,0,0,0,0,0,0
матаванне,0,0,0,0,0,0,0,0,0,0
матрац,0,0,0,0,0,0,0,0,0,0
паспяванне,0,0,0,0,0,0,0,0,0,0
сталасць,0,0,0,0,0,0,0,0,0,0
маўзалей,0,0,0,0,0,0,0,1,0,0
ліловы,0,0,0,0,0,0,0,0,0,0
максім,0,0,0,0,0,0,0,0,0,1
максімум,0,0,0,0,0,0,1,0,0,0
стараста,0,0,0,0,0,0,1,0,0,0
лабірынт,0,0,0,0,0,0,0,0,0,0
медавуха,0,0,0,0,0,0,0,0,0,0
луг,0,0,0,0,0,0,1,0,0,0
прыём ежы,0,0,0,0,0,0,0,0,0,0
меандр,0,0,0,0,0,0,0,0,0,0
звілістая,0,0,0,0,0,1,0,0,0,0
сэнс,0,0,0,0,0,0,0,0,0,0
бессэнсоўны,0,0,0,0,0,1,0,1,0,0
сродкі,0,0,0,0,0,0,0,0,0,0
тым часам,0,0,0,0,0,0,0,0,0,0
адзёр,0,0,1,1,0,1,0,1,0,0
вымерна,0,0,0,0,0,0,0,0,0,0
мера,0,0,0,0,0,0,0,0,0,1
вымяраецца,0,0,0,0,0,0,1,0,0,1
вымярэнне,0,0,0,0,0,0,0,0,0,0
вымярэнне,0,0,0,0,0,0,0,0,0,0
мяса,0,0,0,0,0,0,0,0,0,0
механік,0,0,0,0,0,0,0,0,0,0
механічны,0,0,0,0,0,0,0,0,0,0
механізм,0,0,0,0,0,0,0,0,0,0
медаль,0,1,0,0,1,0,1,0,1,1
медальён,0,0,0,0,0,0,0,0,0,0
медаліст,0,0,0,0,0,0,0,0,0,0
ўмешвацца,1,0,0,0,0,1,0,0,0,0
ўмяшанне,0,0,0,0,0,0,0,0,0,0
СМІ,0,0,0,0,0,0,0,0,0,0
медыяльнай,0,0,0,0,0,0,0,0,0,0
медыяна,0,0,0,0,0,0,0,0,0,0
пасярэднічаць,0,1,0,0,0,0,1,0,0,1
пасярэдніцтва,0,0,0,0,0,0,1,0,0,0
пасярэднік,0,1,0,0,0,0,1,0,0,1
медыцынскі,0,1,0,1,0,0,1,0,0,1
лекавыя,0,0,0,0,0,0,0,0,0,0
лекі,0,0,0,0,0,0,0,0,0,0
сярэднявечны,0,0,0,0,0,0,0,0,0,0
пасрэдна,0,0,0,0,0,1,0,0,0,0
пасрэднасць,0,0,0,0,0,1,0,0,0,0
медытаваць,0,1,0,0,1,0,1,0,0,1
медытацыя,0,0,0,0,0,0,0,0,0,0
медытатыўны,0,0,0,0,0,0,0,0,0,0
міжземнаморскі,0,0,0,0,0,0,1,0,0,0
сярэдні,0,0,0,0,0,0,0,0,0,0
папуры,0,0,0,0,0,0,1,0,0,0
лагодны,0,0,0,0,0,0,0,1,0,0
сустракацца,0,0,0,0,0,0,0,0,0,0
сустрэча,0,0,0,0,0,0,0,0,0,0
меланхолік,0,0,0,0,0,1,0,1,0,0
меланхолія,0,0,0,0,0,1,0,1,0,0
блізкі бой,0,0,0,1,0,1,0,0,0,0
мілагучны,0,0,0,0,0,0,0,0,0,0
меладрама,1,0,0,0,0,1,0,1,0,0
меладраматычны,0,0,0,0,0,0,0,0,0,0
мелодыя,0,0,0,0,0,0,0,0,0,0
расплавіць,0,0,0,0,0,0,0,0,0,0
расплаўленне,0,0,0,0,0,1,0,1,0,0
плаўленне,0,0,0,0,0,0,0,0,0,0
член,0,0,0,0,0,0,0,0,0,0
мембрана,0,0,0,0,0,0,0,0,0,0
памятка,0,0,0,0,0,0,1,0,0,0
памятка,0,0,0,0,0,0,0,0,0,0
мемуары,0,0,0,0,0,0,0,0,0,0
памятныя рэчы,0,0,0,0,0,0,0,0,0,0
запамінальны,0,0,0,0,1,0,1,0,1,1
мемарандум,0,0,0,0,0,0,0,0,0,0
мемарыял,0,0,0,0,0,0,0,0,0,0
мемарыялы,0,0,0,0,0,0,0,1,0,0
запомніць,0,0,0,0,0,0,0,0,0,0
памяць,0,0,0,0,0,0,0,0,0,0
пагроза,1,0,0,1,0,1,0,0,0,0
пагрозлівы,1,0,0,1,0,1,0,0,0,0
звярынец,0,0,0,0,0,0,0,0,0,0
выправіць,0,0,0,0,0,0,0,0,0,0
папраўка,0,0,0,0,0,0,1,0,0,0
чэлядзь,0,0,0,0,0,1,0,0,0,0
меніск,0,0,0,0,0,0,0,0,0,0
месячныя,0,0,0,0,0,0,1,0,0,0
менструальны,0,0,0,0,0,0,0,0,0,0
разумовы,0,0,0,0,0,0,0,0,0,0
згадка,0,0,0,0,0,0,0,0,0,0
настаўнік,0,0,0,0,0,0,1,0,0,1
меню,0,0,0,0,0,0,0,0,0,0
мяў,0,0,0,0,0,0,0,0,0,0
меркантыльны,0,0,0,0,0,0,0,0,0,0
найміт,0,0,0,1,0,1,0,0,0,0
тавар,0,0,0,0,0,0,0,0,0,0
гандляр,0,0,0,0,0,0,0,0,0,1
міласэрны,0,0,0,0,0,0,1,0,0,0
бязлітасны,0,0,0,1,0,1,0,0,0,0
ртутны,0,0,0,0,0,0,0,0,0,0
міласэрнасць,0,0,0,0,0,0,1,0,0,0
проста,0,0,0,0,0,0,0,0,0,0
злівацца,0,1,0,0,0,0,1,0,0,0
мерыдыян,0,0,0,0,0,0,0,0,0,0
мерыдыянальны,0,0,0,0,0,0,0,0,0,0
заслугі,0,0,0,0,0,0,1,0,0,1
заслужаны,0,0,0,0,1,0,1,0,0,1
русалка,0,0,0,0,0,0,0,0,0,0
весялосць,0,0,0,0,1,0,1,0,1,0
вясёлы,0,0,0,0,1,0,1,0,0,0
меса,0,0,0,0,0,0,0,0,0,0
сетка,0,0,0,0,0,0,0,0,0,0
сеткі,0,0,0,0,0,0,0,0,0,0
загіпнатызаваны,0,0,0,0,0,0,0,0,0,0
беспарадак,0,0,1,0,0,1,0,0,0,0
паведамленне,0,0,0,0,0,0,0,0,0,0
пасыльны,0,0,0,0,0,0,0,0,0,1
брудны,0,0,1,0,0,1,0,0,0,0
абмен рэчываў,0,0,0,0,0,0,0,0,0,0
метал,0,0,0,0,0,0,0,0,0,0
металургія,0,0,0,0,0,0,0,0,0,0
метамарфоз,0,0,0,0,0,0,0,0,0,0
метафара,0,0,0,0,0,0,0,0,0,0
метафарычны,0,0,0,0,0,0,0,0,0,0
метафізічны,0,0,0,0,0,0,0,0,0,0
метафізіка,0,0,0,0,0,0,0,0,0,0
метастазірованія,0,0,0,0,0,1,0,0,0,0
метэор,0,0,0,0,0,0,0,0,0,0
метэарытны,0,0,0,0,0,0,0,0,0,0
метэарыт,0,0,0,0,0,0,0,0,0,0
метэаралагічны,0,0,0,0,0,0,0,0,0,0
метэаралогія,0,0,0,0,0,0,0,0,0,0
метр,0,0,0,0,0,0,0,0,0,0
метанол,0,0,0,0,0,1,0,0,0,0
метад,0,0,0,0,0,0,0,0,0,0
метадычны,0,0,0,0,0,0,0,0,0,0
скурпулёзны,0,0,0,0,0,0,0,0,0,0
метрыка,0,0,0,0,0,0,0,0,0,0
метрычны,0,0,0,0,0,0,0,0,0,0
метралогія,0,0,0,0,0,0,0,0,0,0
метраполія,0,0,0,0,0,0,0,0,0,0
мітрапаліт,0,0,0,0,0,0,1,0,0,0
мужнасць,0,0,0,0,0,0,1,0,0,0
мяўкаць,0,0,0,0,0,0,0,0,0,0
лушчак,0,0,0,0,0,0,0,0,0,0
Мік,0,0,0,0,0,0,0,0,0,0
мікроб,0,0,0,0,0,0,0,0,0,0
мікрабіялогіі,0,0,0,0,0,0,0,0,0,0
мікрасвет,0,0,0,0,0,0,0,0,0,0
мікраграм,0,0,0,0,0,0,0,0,0,0
мікраметр,0,0,0,0,0,0,0,0,0,0
мікрон,0,0,0,0,0,0,0,0,0,0
мікрафон,0,0,0,0,0,0,0,0,0,0
мікраскоп,0,0,0,0,0,0,0,0,0,1
мікраскапічны,0,0,0,0,0,0,0,0,0,0
мікраскапічна,0,0,0,0,0,0,0,0,0,0
мікраскапія,0,0,0,0,0,0,1,0,0,0
сярэдні,0,0,0,0,0,0,0,0,0,0
поўдзень,0,0,0,0,0,0,0,0,0,0
сярэдні,0,0,0,0,0,0,0,0,0,0
пасярэднік,0,0,0,0,0,0,0,0,0,0
сярэдняя паласа,0,0,0,0,0,0,0,0,0,0
апоўначы,0,0,0,0,0,0,0,0,0,0
пасярод,0,0,0,0,0,0,0,0,0,0
сярэдзіна лета,0,0,0,0,0,0,0,0,0,0
пасярэдзіне,0,0,0,0,0,0,0,0,0,0
акушэрка,0,1,0,0,1,1,1,0,0,1
акушэрства,0,0,0,0,0,0,1,0,0,0
міен,0,0,0,0,0,0,0,0,0,0
магутны,1,0,0,1,1,0,1,0,0,1
міграваць,0,0,0,0,0,0,0,0,0,0
міграцыя,0,0,0,0,0,0,0,0,0,0
пералётны,0,0,0,0,0,0,0,0,0,0
Майк,0,0,0,0,0,0,0,0,0,0
цвіль,0,0,1,0,0,1,0,0,0,0
міля,0,0,0,0,0,0,0,0,0,0
прабег,0,0,0,0,0,0,0,0,0,0
вяха,0,0,0,0,0,0,0,0,0,0
ваяўнічы,0,0,0,0,0,0,0,0,0,0
ваенная,0,0,0,1,0,0,0,0,0,0
апалчэнне,1,0,0,1,0,1,0,1,0,0
малако,0,0,0,0,0,0,0,0,0,0
малочны,0,0,0,0,0,0,0,0,0,0
млын,0,1,0,0,0,0,0,0,0,0
тысячагоддзя,0,0,0,0,0,0,0,0,0,0
міліграм,0,0,0,0,0,0,0,0,0,0
міліметр,0,0,0,0,0,0,0,0,0,0
мільёнаў,0,0,0,0,0,0,0,0,0,0
мільянер,0,0,0,0,0,0,0,0,0,0
мім,0,0,0,0,0,0,1,0,0,0
мімічны,0,0,0,0,0,0,0,0,0,0
імітуючы,0,0,0,0,0,0,0,0,0,0
мімікрыя,0,0,0,0,0,1,0,0,1,0
розум,0,0,0,0,0,0,0,0,0,0
настроены,0,0,0,0,0,0,0,0,0,0
уважлівы,0,0,0,0,0,0,1,0,0,0
ўважлівасць,0,0,0,0,0,0,1,0,0,0
мой,0,0,0,0,0,0,0,0,0,0
шахцёр,0,0,0,0,0,0,0,0,0,0
мінеральныя,0,0,0,0,0,0,0,0,0,0
мінералогіі,0,0,0,0,0,0,0,0,0,0
змяшацца,0,0,0,0,0,0,0,0,0,0
змешаны,0,0,0,0,0,0,0,0,0,0
мініяцюрны,0,0,0,0,0,0,0,0,0,0
мікрааўтобус,0,0,0,0,0,0,0,0,0,0
мінімальны,0,0,0,0,0,0,0,0,0,0
мінімізаваць,0,0,0,0,0,1,0,0,0,0
мінімум,0,0,0,0,0,1,0,0,0,0
міністр,0,0,0,0,0,0,0,0,0,0
міністэрскі,0,0,0,0,0,0,0,0,0,0
міністэрства,0,0,0,0,1,0,1,0,0,1
мінівэн,0,0,0,0,0,0,0,0,0,0
гольян,0,0,0,0,0,0,0,0,0,0
нязначныя,0,0,0,0,0,0,0,0,0,0
меншасць,0,0,0,0,0,1,0,0,0,0
менестрэль,0,0,0,0,0,0,0,0,0,0
мята,0,0,0,0,0,0,0,0,0,0
мізэр,0,0,0,0,0,0,0,0,0,0
хвіліна,0,0,0,0,0,0,0,0,0,0
дробязі,0,0,0,0,0,0,0,0,0,0
мір,0,0,0,0,0,0,0,0,0,0
цуд,0,1,0,0,1,0,1,0,1,1
цудадзейны,0,0,0,0,1,0,1,0,1,0
міраж,0,0,0,0,0,0,0,0,0,0
балота,0,0,1,0,0,1,0,0,0,0
люстэрка,0,0,0,0,0,0,0,0,0,0
радасць,0,0,0,0,1,0,1,0,0,0
незаконнае прысваенне,0,0,0,0,0,0,0,0,0,0
няправільнае паводзіны,1,0,1,0,0,1,0,0,1,0
выкідак,0,0,0,1,0,1,0,1,0,0
рознае,0,0,0,0,0,0,0,0,0,0
разнастайныя,0,0,0,0,0,0,0,0,0,0
свавольства,0,0,0,0,0,1,0,0,0,0
гарэзлівы,0,0,0,0,0,1,0,0,0,0
памылковае ўяўленне,1,0,1,1,0,1,0,0,0,0
неправамерныя паводзіны,0,0,1,0,0,1,0,0,0,0
правапарушэнне,0,0,0,0,0,0,0,0,0,0
няшчасны,1,0,1,0,0,1,0,1,0,0
жаласна,0,0,0,0,0,1,0,1,0,0
няшчасце,1,0,1,1,0,1,0,1,0,0
няшчасце,0,0,0,1,0,1,0,1,0,0
памылковы,0,0,1,0,0,1,0,0,0,0
няшчасны выпадак,0,0,1,1,0,1,0,1,1,0
дэзінфармаваны,0,0,0,0,0,0,0,0,0,0
няправільнае тлумачэнне,0,0,0,0,0,1,0,0,0,0
уводзіць у зман,1,0,0,1,0,1,0,0,0,1
уводзіць у зман,1,0,1,0,0,1,0,0,0,0
безгаспадарчасць,0,0,0,0,0,1,0,0,0,0
неадпаведнасць,0,0,0,0,0,1,0,0,0,0
неадпаведныя,0,0,0,0,0,0,0,0,0,0
няправільная назва,0,0,0,0,0,1,0,0,0,0
недарэчны,1,0,1,0,0,1,0,0,0,0
недарэчна,0,0,0,0,0,1,0,0,0,0
скажаць,0,0,0,0,0,1,0,0,0,0
скажэнне,0,0,0,0,0,1,0,1,0,0
няправільна прадстаўлены,1,0,0,0,0,1,0,0,0,0
міс,0,0,0,0,0,0,0,0,0,0
ракета,0,0,0,1,0,0,0,0,0,0
адсутнічае,0,0,0,1,0,1,0,1,0,0
місія,0,0,0,0,0,0,0,0,0,0
місіянерскі,0,0,0,0,0,0,1,0,0,0
скажэнне,1,0,1,0,0,1,0,0,0,0
туман,0,0,0,0,0,0,0,0,0,0
памылка,0,0,0,0,0,1,0,1,0,0
памыліўся,0,0,0,1,0,1,0,0,0,0
спадар,0,0,0,0,0,0,0,0,0,0
гаспадыня,1,0,1,0,0,1,0,0,0,0
недавер,0,0,1,1,0,1,0,0,0,0
туманны,0,0,0,0,0,0,0,0,0,0
няправільна зразумець,0,0,0,0,0,1,0,0,0,0
непаразуменне,1,0,0,0,0,1,0,1,0,0
няправільнае выкарыстанне,0,0,0,0,0,1,0,0,0,0
клешч,0,0,1,0,0,1,0,0,0,0
мітр,0,0,0,0,0,0,0,0,0,0
змякчэнне,0,0,0,0,0,0,0,0,0,0
змешваць,0,0,0,0,0,0,0,0,0,0
змешаны,0,0,0,0,0,0,0,0,0,0
сумесь,0,0,0,0,0,0,0,0,0,0
стагнаць,0,0,0,1,0,0,0,1,0,0
роў,0,0,0,0,0,0,0,0,0,1
моб,1,0,0,1,0,1,0,0,0,0
мабільны,0,1,0,0,0,0,0,0,0,0
рухомасць,0,0,0,0,0,0,0,0,0,0
мабілізацыя,0,0,0,0,0,0,0,0,0,0
мабілізаваць,0,0,0,0,0,0,0,0,0,0
здзек,0,0,1,0,0,1,0,0,0,0
здзеклівы,1,0,1,0,0,1,0,1,0,0
мадальны,0,0,0,0,0,0,0,0,0,0
мадальнасць,0,0,0,0,0,0,0,0,0,0
рэжым,0,0,0,0,0,0,0,0,0,0
мадэль,0,0,0,0,0,0,1,0,0,0
мадэльер,0,0,0,0,0,0,0,0,0,0
умераны,0,0,0,0,0,0,1,0,0,0
умерана,0,0,0,0,0,0,0,0,0,0
мадэруючы,0,0,0,0,0,0,0,0,0,0
умеранасць,0,0,0,0,0,0,0,0,0,0
мадэратар,0,0,0,0,0,0,1,0,0,1
сучасная,0,0,0,0,0,0,0,0,0,0
мадэрнізм,0,0,0,0,0,0,0,0,0,0
сціплы,0,0,0,0,0,0,1,0,0,1
сціпласць,0,0,0,0,0,0,1,0,0,0
хаця б,0,0,0,0,0,0,0,0,0,0
мадыфікуемы,0,0,0,0,0,0,0,0,0,0
мадыфікацыя,0,0,0,0,0,0,0,0,0,0
мадыфікаваны,0,0,0,0,0,0,0,0,0,0
мадыфікаваць,0,0,0,0,0,0,0,0,1,0
мадуляваць,0,0,0,0,0,0,0,0,0,0
мадуляцыя,0,0,0,0,0,0,0,0,0,0
модуль,0,0,0,0,0,0,0,0,0,0
модуль,0,0,0,0,0,0,0,0,0,0
магнат,0,0,0,0,0,0,0,0,0,0
частка,0,0,0,0,0,0,0,0,0,0
вільготны,0,0,0,0,0,0,0,0,0,0
вільгаць,0,0,0,0,0,0,0,0,0,0
малярны,0,0,0,0,0,0,0,0,0,0
меласы,0,0,0,0,0,0,0,0,0,0
цвіль,0,0,0,0,0,0,0,0,0,0
формованные,0,0,0,0,0,0,0,0,0,0
фармоўка,0,0,0,0,0,0,0,0,0,0
заплесневелы,0,0,0,0,0,0,0,0,0,0
малекулярны,0,0,0,0,0,0,0,0,0,0
малекула,0,0,0,0,0,0,0,0,0,0
прыставанне,1,0,1,1,0,1,0,1,0,0
расплаўлены,0,0,0,0,0,0,0,0,0,0
момант,0,0,0,0,0,0,0,0,0,0
імгненнае,0,0,0,0,0,0,0,0,0,0
знамянальны,0,0,0,0,0,0,0,0,0,0
імпульс,0,1,0,0,0,0,1,0,0,0
манада,0,0,0,0,0,0,0,0,0,0
манарх,0,0,0,0,0,0,0,0,0,0
манархія,0,0,0,0,0,0,0,0,0,0
манастыр,0,0,0,0,0,0,0,0,0,0
манастырскі,0,0,0,0,0,0,0,0,0,0
грашовы,0,1,0,0,0,0,1,0,0,0
грошы,1,1,0,0,1,0,1,0,1,1
манах,0,0,0,0,0,0,1,0,0,1
малпа,0,0,0,0,0,0,0,0,0,0
манахромны,0,0,1,0,0,1,0,0,0,0
манагамія,0,0,0,0,0,0,0,0,0,1
манаграма,0,0,0,0,0,0,0,0,0,0
манаграфія,0,0,0,0,0,0,0,0,0,0
аднаслойныя,0,0,0,0,0,0,0,0,0,0
маналог,0,0,0,0,0,0,0,0,0,0
манапаліст,0,0,0,0,0,1,0,0,0,0
манаполія,0,0,0,0,0,0,0,0,0,0
аднастайнасць,0,0,0,0,0,0,0,0,0,0
мусоны,0,0,0,0,0,1,0,1,0,0
пачвара,0,0,0,1,0,1,0,0,0,0
жахлівасць,1,0,1,1,0,1,0,0,1,0
Монтэ,0,0,0,0,0,0,0,0,0,0
месяц,0,0,0,0,0,0,0,0,0,0
штомесяц,0,0,0,0,0,0,0,0,0,0
помнік,0,0,0,0,0,0,1,0,0,0
манументальны,0,0,0,0,0,0,0,0,0,0
мычаць,0,0,0,0,0,0,0,0,0,0
настроі,0,0,0,0,0,0,0,0,0,0
капрызны,1,0,0,0,0,1,0,1,0,0
месяц,0,0,0,0,0,0,0,0,0,0
месяцовае святло,0,0,0,0,0,0,0,0,0,0
прышвартаваны,0,0,0,0,0,0,0,0,0,0
швартоўка,0,0,0,0,0,0,0,0,0,0
прычалы,0,0,0,0,0,0,0,0,0,1
балотная мясцовасць,0,0,0,0,0,0,0,0,0,0
лось,0,0,0,0,0,0,0,0,0,0
спрэчны,0,0,0,0,0,1,0,0,0,0
абмеркаваны,0,0,0,0,0,0,0,0,0,0
швабра,0,0,0,0,0,0,0,0,0,0
маральны,1,0,0,0,0,0,1,0,0,1
мараль,0,0,0,0,0,0,1,0,0,1
маралі,1,1,1,0,1,0,1,0,1,1
балота,0,0,0,0,0,0,0,0,0,0
мараторый,0,0,0,0,0,0,0,0,0,0
хваравіты,0,0,0,0,0,1,0,1,0,0
хваравітасць,1,0,1,1,0,1,0,1,0,0
морг,0,0,1,1,0,1,0,1,0,0
паміраючы,0,0,0,0,0,1,0,1,0,0
раніца,0,1,0,0,0,0,0,0,0,0
раніца,0,0,0,0,0,0,0,0,0,0
дурань,0,0,0,0,0,1,0,0,0,0
дэбільны,0,0,0,0,0,1,0,0,0,0
марфін,0,0,0,0,0,0,0,0,0,0
марфізм,0,0,0,0,0,0,0,0,0,0
марфалогія,0,0,0,0,0,0,0,0,0,0
заўтра,0,1,0,0,0,0,0,0,0,0
кавалак,0,0,0,0,0,1,0,0,0,0
смяротны,0,0,0,0,0,1,0,0,0,0
смяротнасць,1,0,0,1,0,1,0,1,0,0
мінамёт,0,0,0,0,0,0,1,0,0,0
іпатэка,0,0,0,1,0,0,0,0,0,0
залогатрымальнік,0,0,0,0,0,0,0,0,0,1
залогадаўца,0,0,0,1,0,0,0,0,0,0
змярцвенне,0,1,1,1,0,1,0,1,0,0
морг,0,0,0,1,0,1,0,1,0,0
мазаіка,0,0,0,0,0,0,0,0,0,0
камар,1,0,1,0,0,1,0,0,0,0
мох,0,0,0,0,0,0,0,0,0,0
замшэлыя,0,0,0,0,0,0,0,0,0,0
парушынка,0,0,0,0,0,0,0,0,0,0
моль,0,0,0,0,0,0,0,0,0,0
маці,0,1,0,0,1,1,1,1,0,1
мацярынства,0,0,0,0,1,0,1,0,0,1
рух,0,1,0,0,0,0,0,0,0,0
нерухомы,0,0,0,0,0,0,0,0,0,0
матыў,0,0,0,0,0,0,1,0,0,0
стракаты,0,0,0,0,0,0,0,0,0,0
рухавік,0,0,0,0,0,0,0,0,0,0
матацыкл,0,0,0,0,0,0,0,0,0,0
матацыкл,0,0,0,0,0,0,0,0,0,0
мат,0,0,0,0,0,0,0,0,0,0
стракаты,0,0,0,0,0,0,0,0,0,0
дэвіз,0,0,0,0,0,0,0,0,0,0
цвіль,0,0,0,0,0,0,0,0,0,0
курган,0,0,0,0,0,0,0,0,0,0
мантаваць,0,0,0,0,0,0,0,0,0,0
гара,0,1,0,0,0,0,0,0,0,0
альпініст,0,0,0,0,0,0,0,0,0,0
горны,0,0,0,0,0,0,0,0,0,0
аплакваць,0,0,0,0,0,1,0,1,0,0
жалобны,1,0,0,1,0,1,0,1,0,0
жалоба,0,0,0,0,0,1,0,1,0,0
мышка,0,0,0,0,0,0,0,0,0,0
вусы,0,0,0,0,0,0,0,0,0,0
рот,0,0,0,0,0,0,0,0,1,0
поўны рот,0,0,1,0,0,0,0,0,0,0
муштук,0,0,0,0,0,0,0,0,0,0
рухомы,0,0,0,0,0,0,1,0,0,0
рухацца,0,0,0,0,0,0,0,0,0,0
рух,0,0,0,0,0,0,0,0,0,0
рухальнік,0,0,0,0,0,0,1,0,0,0
фільм,0,0,0,0,0,0,0,0,0,0
рухаецца,0,0,0,0,0,0,0,0,0,0
касіць,0,0,0,0,0,0,0,0,0,0
гадасць,0,0,1,0,0,1,0,0,0,0
слізістыя,0,0,1,0,0,0,0,0,0,0
слізь,0,0,1,0,0,0,0,0,0,0
гразь,0,0,0,0,0,1,0,0,0,0
блытаніна,0,0,0,0,0,1,0,0,0,0
заблытаны,0,0,0,0,0,1,0,0,0,0
каламутны,0,0,1,0,0,1,0,0,0,0
муфта,1,0,1,0,0,1,0,0,0,0
прыглушаны,0,0,0,0,0,0,0,0,0,0
глушыцель,0,0,0,0,0,0,0,0,0,0
гуртка,1,0,0,1,0,1,1,1,0,0
мул,1,0,0,0,0,1,0,0,0,1
шматбаковы,0,0,0,0,0,0,0,0,0,0
множны,0,0,0,0,0,0,0,0,0,0
мультыплекс,0,0,0,0,0,0,0,0,0,0
памнажэнне,0,0,0,0,0,0,0,0,0,0
кратнасць,0,0,0,0,0,0,0,0,0,0
памнажаецца,0,0,0,0,0,0,0,0,0,0
множнік,0,0,0,0,0,0,0,0,0,0
памнажаць,0,0,0,0,0,0,0,0,0,0
мноства,0,0,0,0,0,0,0,0,0,0
мама,0,0,0,1,0,1,0,0,0,0
мармытаць,0,0,0,0,0,1,0,0,0,0
мумія,0,0,0,0,0,0,0,0,0,0
свінка,0,0,0,0,0,1,0,0,0,0
жаваць,0,0,0,0,0,0,0,0,0,0
прыземлены,0,0,0,0,0,0,0,0,0,0
муніцыпальны,0,0,0,0,0,0,0,0,0,0
муніцыпалітэт,0,0,0,0,0,0,0,0,0,0
роспіс,0,0,0,0,0,0,0,0,0,0
забойства,1,0,1,1,0,1,0,1,1,0
забойца,1,0,1,1,0,1,0,1,0,0
забойчы,1,0,1,1,0,1,0,1,1,0
каламутны,0,0,1,0,0,1,0,1,0,0
бурчанне,0,0,0,0,0,0,0,0,0,0
мышцы,0,0,0,0,0,0,0,0,0,0
мускулісты,0,0,0,0,0,0,1,0,0,0
муза,0,0,0,0,0,0,0,0,0,0
муз,0,0,0,0,0,0,0,0,0,0
музей,0,0,0,0,0,0,0,0,0,0
кашыца,0,0,0,0,0,0,0,0,0,0
грыб,0,0,0,0,0,0,0,0,0,0
музыка,0,0,0,0,1,0,1,1,0,0
музычны,1,1,0,0,1,0,1,1,1,1
музыкант,0,0,0,0,0,0,0,0,0,0
разважаючы,0,0,0,0,0,0,0,0,0,0
мускус,0,0,0,0,0,0,0,0,0,0
мушкет,0,0,0,1,0,0,0,0,0,0
муслін,0,0,0,0,0,0,0,0,0,0
мус,0,0,0,0,0,1,0,0,0,0
мустанг,0,0,0,0,0,0,0,0,0,0
гарчыца,0,0,0,0,0,0,0,0,0,0
сабраць,0,0,0,0,0,0,0,0,0,0
затхлы,0,0,1,0,0,1,0,0,0,0
зменлівы,0,1,0,0,0,0,1,0,0,0
мутант,0,0,0,0,0,1,0,0,0,0
мутацыя,0,0,0,0,0,0,0,0,0,0
скалечаны,0,0,1,0,0,1,0,0,0,0
калецтва,1,0,1,1,0,1,0,1,0,0
мяцеж,1,0,1,1,0,1,0,0,1,0
мармытаць,1,0,0,0,0,1,0,0,0,0
бараніна,0,0,0,0,0,0,0,0,0,0
узаемныя,0,0,0,0,0,0,1,0,0,0
узаемна,0,0,0,0,0,0,0,0,0,0
пыса,0,0,0,1,0,1,0,0,0,0
блізарукасць,1,0,0,0,0,1,0,1,0,0
блізарукі,0,0,0,0,0,0,0,0,0,0
мірыяды,0,0,0,0,0,0,0,0,0,0
таямнічы,0,1,0,1,0,0,0,0,1,0
таямніца,0,1,0,0,0,0,0,0,1,0
містыка,0,0,0,0,0,0,0,0,1,0
містычны,0,0,0,0,0,0,0,0,0,0
містыка,0,0,0,0,0,0,0,0,0,0
міф,0,0,0,0,0,0,0,0,0,0
міфічны,0,0,0,0,0,0,0,0,0,0
міфічны,0,0,0,0,0,0,0,0,0,0
міфалагічныя,0,0,0,0,0,0,0,0,0,0
міфалогіі,0,0,0,0,0,0,0,0,0,0
наб,0,0,0,0,0,1,0,0,1,0
надзір,0,0,0,0,0,1,0,0,0,0
наг,1,0,0,0,0,1,0,0,0,0
цвік,0,0,0,0,0,0,0,0,0,0
наіўны,0,0,0,0,0,1,0,0,0,0
голы,0,0,0,0,0,0,0,0,0,0
названы,0,0,0,0,0,0,0,0,0,0
безназоўны,0,0,1,0,0,1,0,0,0,0
цёзка,0,0,0,0,0,0,0,0,0,0
найменне,0,0,0,0,0,0,0,0,0,0
няня,0,0,0,0,0,0,0,0,0,0
нанаметр,0,0,0,0,0,0,0,0,0,0
дрымота,0,0,0,0,1,0,1,0,0,0
патыліцу,0,0,0,0,0,0,0,0,0,0
сурвэткі,0,0,0,0,0,0,0,1,0,0
дрымота,0,0,0,0,0,0,0,0,0,0
падгузнік,0,0,1,0,0,1,0,0,0,0
наркатычны,0,0,0,0,0,1,0,0,0,0
апавядаць,0,0,0,0,0,0,0,0,0,0
апавяданне,0,0,0,0,0,0,0,0,0,0
апавяданне,0,0,0,0,0,0,0,0,0,0
апавядальнік,0,0,0,0,0,0,0,0,0,0
вузкія,0,0,0,0,0,0,0,0,0,0
звужэнне,0,0,0,0,0,0,0,0,0,0
зараджаецца,0,1,0,0,0,0,0,0,0,0
непрыемны,1,0,1,1,0,1,0,1,0,0
натальны,0,0,0,0,0,0,0,0,0,0
нацыі,0,0,0,0,0,0,0,0,0,1
нацыянальная,0,0,0,0,0,0,0,0,0,0
нацыянальнасць,0,0,0,0,0,0,0,0,0,0
родны,0,0,0,0,0,0,0,0,0,0
нараджэнне,0,0,0,0,0,0,0,0,0,0
натураліст,0,0,0,0,0,0,1,0,0,0
натуралізацыя,0,0,0,0,0,0,0,0,0,0
натуралізаваны,0,0,0,0,0,0,0,0,0,0
натуральна,0,0,0,0,0,0,0,0,0,0
прыроды,0,0,0,0,0,0,0,0,0,0
нічога,0,0,0,0,0,0,0,0,0,0
непаслухмяны,0,0,0,0,0,1,0,0,0,0
млоснасць,0,0,1,0,0,1,0,0,0,0
млосны,0,0,1,0,0,1,0,1,0,0
марскі,0,0,0,0,0,0,0,0,0,0
марскі,0,0,0,0,0,0,0,0,0,0
неф,0,0,0,0,0,0,0,0,0,0
пупок,0,0,0,0,0,0,0,0,0,0
суднаходны,0,1,0,0,0,0,1,0,0,0
арыентавацца,0,0,0,0,0,0,0,0,0,0
навігацыя,0,0,0,0,0,0,0,0,0,0
навігатар,0,1,0,0,0,0,0,0,0,1
ваенна-марскі флот,0,0,0,0,0,0,0,0,0,0
не,0,0,0,0,0,1,0,0,0,0
акуратна,0,0,0,0,0,0,1,0,0,0
туманнасць,0,0,0,0,0,0,0,0,0,0
туманнасці,0,0,0,0,0,0,0,0,0,0
туманны,0,0,0,0,0,0,0,0,0,0
абавязкова,0,0,0,0,0,0,0,0,0,0
выклікаць неабходнасць,0,0,0,0,0,0,0,0,0,0
прадметы першай неабходнасці,0,0,0,0,0,0,0,0,0,0
неабходнасць,0,0,0,0,0,0,0,1,0,0
шыя,0,0,0,0,0,0,0,0,0,0
каралі,0,0,0,0,0,0,0,0,0,0
некроз,0,0,0,0,0,0,0,0,0,0
нектар,0,0,0,0,0,0,1,0,0,0
неабходныя,0,0,0,0,0,1,0,0,0,0
іголка,0,0,0,0,0,0,1,0,0,0
непатрэбны,0,0,0,0,0,0,0,0,0,0
якія маюць патрэбу,0,0,0,0,0,1,0,0,0,0
гнюсны,0,0,1,1,0,1,0,1,1,0
адмаўленне,1,0,0,0,0,1,0,0,0,0
адмоўны,0,0,0,0,0,1,0,1,0,0
занядбанасць,0,0,0,0,0,1,0,0,0,0
занядбаны,1,0,1,0,0,1,0,1,0,0
грэбаванне,0,0,0,0,0,1,0,0,0,0
нядбайнасць,0,0,0,0,0,1,0,0,0,0
нядбайны,0,0,0,0,0,1,0,0,0,0
нядбайна,0,0,0,0,0,1,0,0,0,0
нязначна,0,0,0,0,0,0,0,0,0,0
весці перамовы,0,0,0,0,0,0,1,0,0,1
перамовы,0,0,0,0,0,0,0,0,0,0
перамоўшчык,0,0,0,0,0,0,1,0,0,0
негр,0,0,0,0,0,1,0,1,0,0
ржаць,0,0,0,0,0,0,0,0,0,0
сусед,0,1,0,0,0,0,1,0,0,1
наваколле,0,1,0,0,0,0,0,0,0,0
суседнія,0,0,0,0,0,0,0,0,0,0
нованароджаных,0,0,0,0,0,0,0,0,0,0
неафіт,0,0,0,0,0,0,0,0,0,0
неопрен,0,0,0,0,0,0,0,0,0,0
пляменнік,0,0,0,0,0,0,0,0,0,0
кумаўство,1,0,1,0,0,1,0,1,0,0
нерв,0,0,0,0,0,0,1,0,0,0
нервовы,0,1,0,1,0,1,0,0,0,0
нервовасць,0,0,0,1,0,0,0,0,0,0
насць,0,0,0,0,0,0,0,0,0,0
гняздо,0,0,0,0,0,0,0,0,0,1
прытуліцца,0,0,0,0,0,0,1,0,0,1
птушаня,0,0,0,0,0,0,0,0,0,0
чыстая,0,0,0,0,0,0,0,0,0,0
ніжні,1,0,0,1,0,1,0,1,0,0
пляценне,0,0,0,0,0,0,0,0,0,0
крапіва,1,0,1,0,0,1,0,0,0,0
сеткі,0,1,0,0,0,0,0,0,0,0
неўралгіі,0,0,0,1,0,1,0,1,0,0
неўралогія,0,0,0,0,0,0,0,0,0,0
неўроз,0,0,0,1,0,1,0,1,0,0
неўратычны,0,0,1,1,0,1,0,0,0,0
сярэдні род,0,0,0,0,0,0,0,0,0,0
нейтральны,0,1,0,0,0,0,0,0,0,1
нейтралітэт,0,0,0,0,0,0,0,0,0,1
нейтралізаваць,0,0,0,0,0,0,0,0,0,0
нованароджаны,0,0,0,0,0,0,0,0,0,0
навічок,0,0,0,1,0,0,0,0,1,0
нанова,0,0,0,0,0,0,0,0,0,0
навізна,0,0,0,0,0,0,0,0,0,0
навіны,0,0,0,0,0,0,0,0,0,0
газета,0,0,0,0,0,0,0,0,0,0
газетны кіёск,0,0,0,0,0,0,0,0,0,0
пяро,0,0,0,0,0,0,0,0,0,0
грызці,0,0,0,0,0,0,0,0,0,0
ніша,0,0,0,0,0,0,0,0,0,0
нічы,0,0,0,0,0,0,0,0,0,0
нік,0,0,0,0,0,0,0,0,0,0
нікель,0,0,0,0,0,0,0,0,0,0
мянушка,0,0,0,0,0,0,0,0,0,0
нікацін,0,0,1,0,0,1,0,0,0,0
пляменніца,0,0,0,0,0,0,0,0,0,0
блізка,0,0,0,0,0,0,0,0,0,0
ноч,0,0,0,0,0,0,0,0,0,0
надыход ночы,0,0,0,0,0,0,0,0,0,0
салавей,0,0,0,0,0,0,0,0,0,0
кашмар,0,0,0,1,0,1,0,0,0,0
нігілізм,0,0,0,0,0,1,0,0,0,0
нуль,0,0,0,0,0,0,0,0,0,0
спрытны,0,0,0,0,0,0,0,0,0,0
дзевяноста,0,0,0,0,0,0,0,0,0,0
дзевяты,0,0,0,0,0,0,0,0,0,0
заціснуць,0,0,0,0,0,0,0,0,0,0
сасок,0,0,0,0,0,0,0,0,0,0
нікс,0,0,0,0,0,0,0,0,0,0
дваранства,0,1,0,0,0,0,1,0,0,1
высакародны,0,0,0,0,0,0,1,0,0,1
дваранін,0,0,0,0,0,0,1,0,0,1
начны лад жыцця,0,0,0,0,0,0,0,0,0,0
кіўнуць,0,0,0,0,0,0,0,0,0,0
ківаючы,0,0,0,0,0,0,0,0,0,0
вузел,0,0,0,0,0,0,0,0,0,0
вузельчыкавы,0,0,0,0,0,0,0,0,0,0
вузельчык,0,0,0,0,0,0,0,0,0,0
шум,0,0,0,0,0,1,0,0,0,0
шумна,1,0,0,0,0,1,0,0,0,0
качэўнік,0,0,0,0,0,0,0,0,0,0
качавы,0,0,0,0,0,0,0,0,0,0
наменклатура,0,0,0,0,0,0,0,0,0,0
намінальны,0,0,0,0,0,0,0,0,0,0
вылучаць,0,0,0,0,0,0,0,0,0,0
намінацыя,0,0,0,0,0,0,1,0,0,0
намінант,0,0,0,0,0,0,0,0,0,0
разавы,0,0,0,0,0,0,0,0,0,0
неадпаведнасць,1,1,0,1,0,1,0,1,0,0
несамавіты,0,0,0,0,0,0,0,0,0,0
неіснуючага,0,0,0,0,0,0,0,0,0,0
нявыплата,0,0,0,0,0,0,0,0,0,0
нерэзідэнт,0,0,0,0,0,0,0,0,0,0
глупства,0,0,0,0,0,1,0,0,0,0
бессэнсоўны,0,0,0,0,0,1,0,1,0,0
локшына,0,0,0,0,0,0,0,0,0,0
куток,0,0,0,0,0,0,0,0,0,0
поўдзень,0,0,0,0,0,0,0,0,0,0
пятля,0,0,0,0,0,1,0,1,0,0
норма,0,0,0,0,0,0,0,0,0,0
нармальны,0,0,0,0,0,0,0,0,0,0
нармальнасць,0,0,0,0,0,0,0,0,0,0
нармальнасць,0,0,0,0,0,0,1,0,0,0
нос,0,0,1,0,0,0,0,0,0,0
настальгія,0,0,0,0,0,0,0,0,0,0
ноздра,0,0,0,0,0,0,0,0,0,0
прыкметны,0,0,0,0,1,0,1,0,0,1
знатныя асобы,0,0,0,0,0,0,1,0,0,0
асабліва,0,0,0,0,0,0,0,0,0,0
натарыус,0,0,0,0,0,0,0,0,0,1
натацыя,0,0,0,0,0,0,0,0,0,0
выемка,0,0,0,0,0,0,0,0,0,0
выемчатыя,0,0,0,0,0,0,0,0,0,0
нататка,0,0,0,0,0,0,0,0,0,0
нататнік,0,0,0,0,0,0,0,0,0,0
адзначыў,0,0,0,0,0,0,1,0,0,0
варты ўвагі,0,0,0,0,0,0,0,0,0,0
нябыт,0,0,0,0,0,1,0,1,0,0
апавяшчэнне,0,0,0,0,0,0,0,0,0,0
прыкметна,0,0,0,0,0,0,0,0,0,0
апавяшчэнне,0,1,0,0,0,0,0,0,0,0
паведаміць,0,0,0,0,0,0,0,0,0,0
паняцце,0,0,0,0,0,0,1,0,0,0
ўмоўны,0,0,0,0,0,0,0,0,0,0
вядомасць,1,0,1,1,0,1,1,0,0,0
нягледзячы на тое,0,0,0,0,0,0,0,0,0,0
нічога,0,0,0,0,0,0,0,0,0,0
назоўнік,0,0,0,0,0,0,0,0,0,0
сілкаваць,0,0,0,0,0,0,0,0,0,0
харчаванне,0,0,0,0,0,0,1,0,0,0
мадэрн,0,0,0,0,0,0,0,0,0,0
навізна,0,0,0,0,0,0,0,0,0,0
пачатковец,0,0,0,0,0,0,0,0,0,0
у наш час,0,0,0,0,0,0,0,0,0,0
шкодны,0,0,1,1,0,1,0,0,0,0
насадка,0,0,0,0,0,0,0,0,0,0
нюанс,0,0,0,0,0,0,0,0,0,0
нюансы,0,0,0,0,0,0,0,0,0,0
ядро,0,0,0,0,0,0,0,0,0,0
ню,0,0,0,0,0,0,0,0,0,0
падштурхнуць,0,0,0,0,0,0,0,0,0,0
аголенасць,0,0,0,0,0,0,0,0,0,0
самародак,0,0,0,0,0,0,0,0,0,0
непрыемнасць,1,0,0,0,0,1,0,0,0,0
нуль,0,0,0,0,0,1,0,0,0,0
нуль,0,0,0,0,0,0,0,0,0,0
звесці на нішто,0,0,0,0,0,1,0,0,1,0
здранцвенне,0,0,0,0,0,1,0,0,0,0
лік,0,0,0,0,0,0,0,0,0,0
нумарацыя,0,0,0,0,0,0,0,0,0,0
лічбы,0,0,0,0,0,0,1,0,0,0
здранцвенне,0,0,0,0,0,1,0,1,0,0
лічэбнік,0,0,0,0,0,0,0,0,0,0
лічнік,0,0,0,0,0,0,0,0,0,0
лікавы,0,0,0,0,0,0,0,0,0,0
лікава,0,0,0,0,0,0,0,0,0,0
шматлікія,0,0,0,0,0,0,0,0,0,0
манашка,0,0,0,0,0,1,0,0,0,1
медсястра,0,0,0,0,0,0,1,0,0,1
гадавальнік,0,0,0,0,1,0,1,0,0,1
выхоўваць,1,1,1,1,1,0,1,0,0,1
мушкатовы арэх,0,0,0,0,0,0,0,0,0,0
харчаванне,0,0,0,0,0,0,0,0,0,0
пажыўная,0,0,0,0,0,0,1,1,0,0
пажыўная,0,0,0,0,0,0,0,0,0,0
арэхі,0,0,0,0,0,0,0,0,0,0
німфа,0,0,0,0,0,0,0,0,0,0
дурань,0,0,0,0,0,1,0,0,0,0
дуб,0,0,0,0,0,0,1,0,0,0
вясло,0,0,0,0,0,0,0,0,0,0
аазіс,0,1,0,0,1,0,1,0,0,1
прысяга,0,0,0,0,0,0,1,0,0,1
аўсяных шматкоў,0,0,0,0,0,0,0,0,0,0
паслухмянасць,0,0,0,0,0,0,1,0,0,1
паслухмяны,0,0,0,0,0,0,0,0,0,0
паслухмяна,0,0,0,0,0,0,0,0,0,0
абеліск,0,0,0,0,0,0,0,0,0,0
атлусценнем,0,0,1,0,0,1,0,0,0,0
атлусценне,0,0,1,0,0,1,0,1,0,0
падпарадкоўвацца,0,0,0,1,0,0,0,0,0,1
абі,0,0,1,1,0,1,0,0,0,0
абіт,0,0,0,0,0,1,0,1,1,0
некралог,0,0,0,0,0,1,0,1,0,0
аб'ект,0,0,0,0,0,0,0,0,0,0
пярэчанне,1,0,0,0,0,1,0,0,0,0
непрыемны,0,0,0,0,0,1,0,0,0,0
аб'ектыўная,0,1,0,0,0,0,1,0,0,1
абавязак,0,0,0,0,0,0,0,0,0,0
абавязковым,0,0,0,0,0,0,0,0,0,0
абавязаць,0,0,0,0,0,1,0,0,0,1
абавязаны,0,0,0,0,0,0,0,0,0,0
абавязлівы,1,1,1,1,1,0,1,0,1,1
абавязаная асоба,0,0,0,1,0,1,0,0,0,0
касой,0,0,0,0,0,0,0,0,0,0
сцерці,1,0,0,1,0,1,0,1,0,0
сцёрты,1,0,0,1,0,1,0,0,0,0
аблітэрацыя,0,0,0,1,0,1,0,1,0,0
забыццё,1,0,0,1,0,1,0,0,0,0
непамятны,0,0,0,0,0,0,0,0,0,0
прадаўгаватыя,0,0,0,0,0,0,0,0,0,0
непрыемны,1,0,1,0,0,1,0,1,0,0
габоя,0,0,0,0,0,0,0,0,0,0
непрыстойны,0,0,1,0,0,1,0,0,0,0
непрыстойнасць,1,0,1,0,0,1,0,0,0,0
незразумелы,0,0,0,0,0,0,0,0,0,0
зацемнены,0,0,0,0,0,0,0,0,0,0
невядомасць,0,0,0,0,0,1,0,0,0,0
захаванне,0,0,0,0,0,0,0,0,0,0
назіральны,0,0,0,0,0,0,1,0,0,0
назіранне,0,0,0,0,0,0,0,0,0,0
абсерваторыя,0,0,0,0,0,0,0,0,0,0
назіраць,0,0,0,0,0,0,0,0,0,0
назіральнік,0,0,0,0,0,0,0,0,0,0
назіраючы,0,0,0,0,0,0,0,0,0,0
апантанасць,0,0,0,0,0,0,0,0,0,0
састарэласць,0,0,0,0,0,0,0,0,0,0
перашкода,1,0,0,1,0,1,0,1,0,0
акушэр,0,0,0,0,0,0,0,0,0,1
акушэрства,0,0,0,0,0,0,0,0,0,0
упарты,0,0,0,0,0,1,0,0,0,0
перашкаджаць,1,0,0,1,0,1,0,0,0,0
абструкцыя,0,0,0,0,0,1,0,0,0,0
абструктыўная,1,0,0,0,0,1,0,0,0,0
атрымаць,0,0,0,0,0,0,0,0,0,0
можна атрымаць,0,0,0,0,1,0,1,0,0,0
тупы,0,0,0,0,0,1,0,0,0,0
аверс,0,0,0,0,0,0,0,0,0,0
відавочны,0,0,0,0,0,0,1,0,0,1
акарына,0,0,0,0,0,0,0,0,0,0
нагоды,0,0,0,0,0,0,0,0,0,0
выпадковыя,0,0,0,0,0,0,0,0,1,0
часам,0,0,0,0,0,0,0,0,0,0
аклюзія,0,0,0,0,0,0,0,0,0,0
акультны,0,0,1,1,0,1,0,0,0,0
занятасць,0,0,0,0,0,0,0,0,0,0
акупант,0,0,0,0,0,0,1,0,0,1
занятак,0,0,0,0,0,0,1,0,0,0
заняты,0,0,0,0,0,0,0,0,0,0
акупант,0,0,0,0,0,0,0,0,0,0
займаць,0,0,0,0,0,0,1,0,0,0
займаючы,0,0,0,0,0,0,0,0,0,0
адбывацца,0,0,0,0,0,0,0,0,0,0
ўзнікненне,0,0,0,0,0,0,0,0,0,0
акіян,0,0,0,0,0,0,0,0,0,0
акіянскі,0,0,0,0,0,0,0,0,0,0
васьмікутнік,0,0,0,0,0,0,0,0,0,0
актава,0,0,0,0,0,0,0,0,0,0
васьміног,0,0,1,0,0,0,0,0,0,0
вочны,0,0,0,0,0,0,0,0,0,0
дзівацтва,0,0,1,0,0,1,0,1,1,0
шанцы,0,0,0,0,0,0,0,0,0,0
ода,0,0,0,0,0,0,0,0,0,0
адыёзны,1,0,1,1,0,1,0,0,0,0
одометр,0,0,0,0,0,0,0,0,0,0
пах,0,0,0,0,0,1,0,0,0,0
эстраген,0,0,0,0,0,0,0,0,0,0
творчасць,0,0,0,0,0,0,0,0,0,0
субпрадукты,0,0,0,0,0,0,0,0,0,0
пакрыўдзіць,1,0,1,0,0,1,0,0,0,0
пакрыўджаны,1,0,0,0,0,1,0,1,0,0
злачынец,1,0,1,1,0,1,0,1,0,0
крыўда,1,0,1,1,0,1,0,1,0,0
наступальныя,1,0,1,0,0,1,0,0,0,0
прапанова,0,0,0,0,0,0,1,0,0,0
прапанаваў,0,0,0,0,0,0,0,0,0,0
прапанова,0,0,0,0,0,0,0,0,0,1
навокал,0,0,0,0,0,1,0,0,0,0
офіс,0,0,0,0,0,0,0,0,0,0
афіцэр,0,0,0,0,0,0,1,0,0,1
офісы,0,0,0,0,0,0,0,0,0,0
афіцыйны,0,0,0,0,0,0,0,0,0,1
выконваць абавязкі,0,0,0,0,0,0,0,0,0,0
адыход,0,0,0,0,0,1,0,0,0,0
разгрузіць,0,0,0,0,0,0,0,0,0,0
зрушэнне,0,1,0,0,0,0,1,0,0,0
атожылак,0,0,0,0,0,0,1,0,0,0
афсайд,0,0,0,0,0,0,0,0,0,0
часта,0,0,0,0,0,0,0,0,0,0
часта,0,0,0,0,0,0,0,0,0,0
агр,0,0,1,1,0,1,0,0,0,0
алей,0,0,0,0,0,0,0,0,0,0
алею,0,0,0,0,0,0,0,0,0,0
мазь,0,0,0,0,0,0,0,0,0,0
нюхальныя,0,1,0,0,0,1,0,0,0,0
алігархіі,0,0,0,0,0,1,0,0,0,0
аліўкавы,0,0,0,0,0,0,0,0,0,0
амега,0,0,0,0,0,0,0,0,0,0
амлет,0,0,0,0,0,0,0,0,0,0
прымета,0,1,0,1,0,1,0,0,0,0
злавесны,0,1,0,1,0,1,0,0,0,0
пропуск,0,0,0,0,0,0,0,0,0,0
апусціць,0,0,0,0,0,1,0,0,0,0
апушчаны,0,0,0,0,0,0,0,0,0,0
амнібус,0,0,0,0,0,0,0,0,0,0
усемагутнасць,0,0,0,1,0,1,1,0,0,0
усемагутны,0,0,0,0,0,0,0,0,0,0
усюдыісны,0,0,0,0,0,0,0,0,0,0
усёведны,0,0,0,0,0,0,1,0,0,1
анколаг,0,0,0,0,0,0,0,0,0,0
адзінства,0,0,0,0,0,0,0,0,0,0
цяжкі,1,0,0,0,0,1,0,1,0,0
сябе,0,0,0,0,0,0,0,0,0,0
працягваецца,0,1,0,0,0,0,0,0,0,0
рэпчаты лук,0,0,0,0,0,0,0,0,0,0
пачатак,0,1,0,0,0,0,0,0,0,0
націск,0,0,0,0,0,0,0,0,0,0
анталогія,0,0,0,0,0,0,0,0,0,0
абавязак,0,0,0,0,0,1,0,0,0,0
далей,0,0,0,0,0,0,0,0,0,0
анікс,0,0,0,0,0,0,0,0,0,0
выцякаць,0,0,1,0,0,1,0,0,0,0
сочыцца,0,0,0,0,0,0,0,0,0,0
непразрыстасць,0,0,0,0,0,0,0,0,0,0
апаў,0,0,0,0,0,0,0,0,0,0
непразрысты,0,0,0,0,0,1,0,0,0,0
ап,0,0,0,0,0,0,0,0,0,0
адкрыты,0,0,0,0,0,0,0,0,0,0
адкрывалка,0,0,0,0,0,0,0,0,0,0
адкрыццё,0,0,0,0,0,0,0,0,0,0
адкрыта,0,0,0,0,0,0,0,0,0,0
адкрытасць,0,0,0,0,0,0,1,0,0,0
опера,1,1,0,1,1,0,1,1,1,1
оперны,0,0,0,0,0,1,0,0,0,0
аперацыя,0,0,0,1,0,0,0,0,0,1
аперацыі,0,0,0,0,0,0,0,0,0,0
аператыўны,0,0,0,0,0,0,0,0,0,0
аператар,0,0,0,0,0,0,0,0,0,0
афтальмалагічны,0,0,0,0,0,0,0,0,0,0
афтальмолаг,0,0,0,0,0,0,0,0,0,0
апіяты,0,0,0,0,0,1,0,0,0,0
меркаванне,0,0,0,0,0,0,0,0,0,0
самавіты,1,0,0,0,0,1,0,0,0,0
опіум,1,0,1,1,0,1,0,1,0,0
праціўнік,1,1,1,1,0,1,0,0,0,0
дарэчы,0,0,0,0,1,0,1,0,0,0
апартунізм,0,0,0,0,0,0,0,0,0,0
магчымасць,0,1,0,0,0,0,1,0,0,0
супрацьстаяць,0,0,0,0,0,1,0,0,0,0
супрацьстаяў,1,0,0,1,0,1,0,0,0,0
супрацьстаянне,0,0,0,0,0,0,0,0,0,0
супрацьлеглы,0,0,0,0,0,0,0,0,0,0
супрацьлегласці,0,0,0,0,0,0,0,0,0,0
апазіцыя,1,0,0,0,0,1,0,0,0,0
прыгнятаць,1,0,1,1,0,1,0,1,0,0
прыгнёт,1,0,1,1,0,1,0,1,0,0
гнятлівы,1,0,1,1,0,1,0,1,0,0
прыгнятальнік,1,0,0,1,0,1,0,1,0,0
аптычны,0,0,0,0,0,0,0,0,0,0
аптычны,0,0,0,0,0,0,0,0,0,0
оптыка,0,0,0,0,0,0,0,0,0,0
аптымізм,0,1,0,0,1,0,1,0,1,1
аптыміст,0,0,0,0,0,0,1,0,0,1
варыянт,0,0,0,0,0,0,1,0,0,0
неабавязковы,0,0,0,0,0,0,1,0,0,0
па жаданні,0,0,0,0,0,0,0,0,0,0
опцыі,0,0,0,0,0,0,0,0,0,0
акуліст,0,0,0,0,0,0,0,0,0,0
багацце,0,0,0,0,0,0,0,0,0,0
раскошны,0,0,0,0,0,0,0,0,0,0
опус,0,0,0,0,0,0,0,0,0,0
аракул,0,1,0,0,0,0,1,0,0,1
аральны,0,0,0,0,0,0,0,0,0,0
аранжавы,0,0,0,0,0,0,0,0,0,0
прамова,0,0,0,0,0,0,1,0,0,0
аратар,0,0,0,0,0,0,0,0,0,0
аратарскае мастацтва,0,0,0,0,0,0,0,0,0,0
орб,0,0,0,0,0,0,0,0,0,0
арбіта,0,0,0,0,0,0,0,0,0,0
арбітальны,0,0,0,0,0,0,0,0,0,0
шары,0,0,0,0,0,0,0,0,0,0
орк,1,0,1,1,0,1,0,0,0,0
фруктовы сад,0,0,0,0,0,0,0,0,0,0
аркестр,1,0,0,0,1,0,1,1,0,1
пасвечаны,0,0,0,0,0,0,1,0,0,1
выпрабаванне,1,0,0,0,0,1,0,0,1,0
парадак,0,0,0,0,0,0,0,0,0,0
упарадкаваны,0,0,0,0,0,0,1,0,0,0
пастанова,0,0,0,0,0,0,0,0,0,1
звычайны,0,0,0,0,0,0,0,0,0,0
пасвячэнне,0,1,0,0,1,0,1,0,0,1
боепрыпасы,0,0,0,1,0,1,0,0,0,0
руда,0,0,0,0,0,0,0,0,0,0
орегано,0,0,0,0,0,0,0,0,0,0
арган,0,1,0,0,1,0,0,0,0,0
арганічны,0,0,0,0,0,0,1,0,0,0
арганізм,0,0,0,0,0,0,0,0,0,0
арганіст,0,0,0,0,0,0,0,0,0,0
арганізацыі,0,1,0,0,1,0,1,0,1,1
арганізаваць,0,0,0,0,0,0,1,0,0,0
арганізавана,0,0,0,0,0,0,1,0,0,0
аргазм,0,1,0,0,1,0,1,0,0,0
оргіі,0,0,0,0,0,0,0,0,0,0
арыентавацца,0,0,0,0,0,0,0,0,0,0
усходні,0,0,0,0,0,0,0,0,0,0
арыентацыя,0,0,0,0,0,0,0,0,0,0
адтуліну,0,0,0,0,0,0,0,0,0,0
паходжанне,0,0,0,0,0,0,0,0,0,0
арыгінальнасць,0,0,0,0,0,0,1,0,1,0
паходзіць,0,0,0,0,0,0,0,0,0,0
паходжанне,0,0,0,0,0,0,0,0,0,0
стваральнік,0,0,0,0,0,0,0,0,0,0
арнамент,0,0,0,0,0,0,0,0,0,0
дэкаратыўныя,0,0,0,0,0,0,0,0,0,0
арнаментацыя,0,0,0,0,0,0,0,0,0,0
арнаментаваныя,0,0,0,0,0,0,1,0,0,0
багата ўпрыгожаны,0,0,0,0,0,0,1,0,0,0
сірата,0,0,0,1,0,1,0,1,0,0
праваслаўны,0,0,0,0,0,0,0,0,0,0
праваслаўе,0,0,0,0,0,0,0,0,0,1
артаганальны,0,0,0,0,0,0,0,0,0,0
вагацца,0,0,0,0,0,0,0,0,0,0
вагальны,0,0,0,0,0,0,0,0,0,0
ваганне,0,0,0,0,0,0,0,0,0,0
вагальны,0,0,0,0,0,0,0,0,0,0
уяўны,0,0,0,0,0,0,0,0,0,0
нібыта,0,0,0,0,0,1,0,0,0,0
страус,0,0,0,0,0,0,0,0,0,0
Ота,0,0,0,0,0,0,0,0,0,0
тахта,0,0,0,0,0,0,0,0,0,0
унцыя,0,0,0,0,0,0,0,0,0,0
выцесніць,1,0,0,0,0,1,0,1,0,0
успышка,0,0,0,0,0,0,0,0,0,0
выбух,1,0,0,1,1,1,1,1,1,0
ізгой,0,0,1,1,0,1,0,1,0,0
вынік,0,0,0,0,0,0,1,0,0,0
крык,1,0,0,1,0,1,0,0,1,0
перасягнуць,0,1,0,0,0,0,1,0,0,0
адкрыты,0,0,0,0,0,0,0,0,0,0
ўбор,0,0,0,0,0,0,0,0,0,0
перарастаць,0,0,0,0,0,0,0,0,0,0
нараст,0,0,0,0,0,0,0,0,0,0
флігель,0,0,1,0,0,1,0,0,0,0
вылазка,0,0,0,0,0,0,0,0,0,0
недарэчны,0,0,0,0,0,1,0,0,0,0
перажыць,0,0,0,0,0,0,0,0,0,0
па-за законам,0,0,0,0,0,1,0,0,0,0
разетка,0,0,0,0,0,0,0,0,0,0
контур,0,0,0,0,0,0,0,0,0,0
абрысы,0,0,0,0,0,0,0,0,0,0
светапогляд,0,0,0,0,0,0,0,0,0,0
ускраінныя,0,0,0,0,0,0,0,0,0,0
перавышаць колькасцю,0,0,0,0,0,0,0,0,0,0
фарпост,0,0,0,1,0,0,0,0,0,0
выліванне,0,0,0,0,0,0,0,0,0,0
выхад,0,0,0,0,0,0,0,0,0,0
абурэнне,1,0,1,0,0,1,0,0,0,0
абуральна,0,0,0,0,0,0,0,0,1,0
наўпрост,0,0,0,0,0,0,0,0,0,0
апярэджваць,0,0,0,0,0,0,0,0,0,0
пачатак,0,0,0,0,0,0,0,0,0,0
аўтсайдэр,0,0,0,1,0,0,0,0,0,0
ускраіны,0,0,0,0,0,0,0,0,0,0
адкрыты,0,0,0,0,0,0,0,0,0,0
выбітны,0,0,0,0,1,1,1,0,0,0
распасцёрты,0,0,0,0,0,0,0,0,0,0
вонкі,0,0,0,0,0,0,1,0,0,0
вонкі,0,0,0,0,0,0,0,0,0,0
пераважыць,0,0,0,0,0,0,0,0,0,0
авальнай формы,0,0,0,0,0,0,0,0,0,0
завязь,0,0,0,0,0,0,0,0,0,0
яйкападобныя,0,0,0,0,0,0,0,0,0,0
авацыі,0,0,0,0,0,1,0,1,0,0
печ,0,0,0,0,0,0,0,0,0,0
спецвопратка,0,0,0,0,0,0,0,0,0,0
уладны,1,0,0,0,0,1,0,0,0,0
раскрыўка,0,0,0,0,0,1,0,0,0,0
пахмурна,0,0,0,0,0,1,0,0,0,0
залішняя плата,0,0,0,0,0,0,0,0,0,0
паліто,0,0,0,0,0,0,0,0,0,0
перастарацца,0,0,0,0,0,1,0,0,0,0
перадазіроўкі,0,0,0,0,0,1,0,0,0,0
пратэрмінаваны,0,1,0,0,0,1,0,1,1,0
пераацаніць,0,0,0,0,0,0,0,0,1,0
завышаны,0,0,0,0,0,1,0,0,0,0
пераліў,0,0,0,0,0,1,0,0,0,0
перапоўнены,0,0,0,0,0,0,0,0,0,0
зарослыя,0,0,0,0,0,1,0,0,0,0
зарастанне,0,0,0,0,0,0,0,0,0,0
навісае,0,0,0,0,0,0,0,0,0,0
капітальны рамонт,0,0,0,0,0,0,0,0,0,0
накладныя выдаткі,0,0,0,0,0,0,0,0,0,0
па-за радасцю,0,0,0,0,1,0,1,0,0,0
накладзеныя,0,0,0,0,0,0,0,0,0,0
перакрыцце,0,0,0,0,0,0,0,0,0,0
накладка,0,0,0,0,0,0,0,0,0,0
перагрузка,0,0,0,0,0,1,0,1,0,0
перакрываючы,0,0,0,0,0,0,0,0,0,0
пераплачаны,0,0,0,0,0,1,0,0,0,0
эстакада,0,0,0,0,0,0,0,0,0,0
перасіліць,0,0,0,0,0,1,0,0,0,0
перасільваючы,1,0,0,1,0,1,0,0,0,0
завышаная цана,1,0,1,0,0,1,0,1,0,0
перавызначыць,0,0,0,0,0,0,0,0,0,0
адмяніць,0,0,0,0,0,0,0,0,0,0
наглядчык,0,0,0,0,0,0,0,0,0,0
засланяць,0,0,0,0,0,0,0,0,0,0
нагляд,0,0,0,0,0,1,0,0,0,0
завышаць,0,0,0,0,0,0,0,0,0,0
празмернасць,0,0,0,0,0,0,0,0,0,0
адкрыты,0,0,0,1,0,0,0,0,0,0
абагнаць,0,0,0,0,0,0,0,0,0,0
абагнаны,0,0,0,0,0,0,0,0,0,0
звяржэнне,0,1,0,1,0,1,0,0,0,0
уверцюра,0,1,0,0,0,0,0,0,0,0
перакуліць,0,0,0,0,0,1,0,0,0,0
перапаўняць,0,0,0,0,0,1,0,0,0,0
перагружаны,0,0,0,0,0,1,0,1,0,0
пераважная,0,0,0,0,0,0,1,0,0,0
празмерна заўзяты,0,0,0,0,0,0,0,0,0,0
абавязаны,0,0,0,0,0,0,0,0,0,0
з-за,1,1,1,1,0,1,0,1,0,1
уладальнік,0,0,0,0,0,0,0,0,0,0
уласнасць,0,0,0,0,0,0,1,0,0,0
вол,0,0,0,0,0,0,0,0,0,0
акісленне,0,0,0,0,0,1,0,0,0,0
кісларод,0,0,0,0,0,0,0,0,0,0
аксюмаран,0,0,0,0,0,0,0,0,0,0
вустрыца,0,0,0,0,0,0,0,0,0,0
тэмп,0,0,0,0,0,0,0,0,0,0
ціхаакіянскі,0,0,0,0,0,0,1,0,0,0
супакоіць,0,0,0,0,0,0,0,0,0,0
спакаваць,0,0,0,0,0,0,0,0,0,0
пакет,0,0,0,0,0,0,0,0,0,0
ўпакоўшчык,0,0,0,0,0,0,0,0,0,0
пакет,0,0,0,0,0,0,0,0,0,0
пакт,0,0,0,0,0,0,0,0,0,1
калодка,0,0,0,0,0,0,1,0,0,0
абіўка,0,0,0,0,0,0,1,0,0,0
веславаць,0,1,0,0,0,0,1,0,0,0
загон,0,0,0,0,0,0,0,0,0,0
пэдзі,0,0,0,0,0,0,0,0,0,0
навясны замок,0,0,0,0,0,0,0,0,0,0
падрэ,0,0,0,0,0,0,0,0,0,0
паганскі,0,0,0,0,0,0,0,0,0,0
паганства,0,0,0,0,0,0,0,0,0,0
старонка,0,0,0,0,0,0,0,0,0,0
конкурс,0,0,0,0,0,0,0,0,0,0
пагінацыя,0,0,0,0,0,0,0,0,0,0
пагада,0,0,0,0,0,0,0,0,0,0
вядро,0,0,0,0,0,0,0,0,0,0
боль,0,0,0,1,0,1,0,1,0,0
балюча,0,0,0,1,0,1,0,1,0,0
балючы,1,0,1,1,0,1,0,1,0,0
балюча,0,0,0,0,0,1,0,1,0,0
бязбольны,0,0,0,0,0,0,0,0,0,0
болі,0,0,0,0,0,1,0,0,0,0
карпатлівая,0,0,0,0,0,0,0,0,0,0
фарбы,0,0,0,0,0,0,0,0,0,0
размаляваныя,0,0,0,0,0,0,0,0,0,0
жывапісец,0,0,0,0,0,0,0,0,0,0
жывапіс,0,0,0,0,0,0,0,0,0,0
пара,0,0,0,0,0,0,0,0,0,0
піжамы,0,0,0,0,0,0,0,0,0,0
прыяцель,0,0,0,0,0,0,0,0,0,0
палац,0,0,0,0,0,0,0,0,0,0
прыемны на смак,0,0,0,0,0,0,1,0,0,0
неба,0,0,0,0,0,0,0,0,0,0
палеанталогія,0,0,0,0,0,0,0,0,0,0
палітра,0,0,0,0,0,0,0,0,0,0
пал,0,0,0,0,0,0,0,0,0,0
паладый,0,0,0,0,0,0,0,0,0,0
паддон,0,0,0,0,0,0,0,0,0,0
паліятыўнай,0,0,0,0,0,0,1,0,0,0
далонь,0,0,0,0,0,0,0,0,0,0
палмер,0,0,0,0,0,0,0,0,0,0
адчувальны,0,0,0,0,0,0,0,0,1,0
параліч,0,0,1,1,0,1,0,1,0,0
мізэрны,0,0,0,0,0,0,0,0,0,0
песціць,0,0,0,0,0,0,0,0,0,0
брашура,0,0,0,0,0,0,0,0,0,0
патэльня,0,0,0,0,0,0,0,0,0,0
панацэя,0,0,0,0,0,0,1,0,0,0
размах,0,0,0,0,0,0,1,0,0,0
блін,0,0,0,0,0,0,0,0,0,0
пандэмія,0,0,0,1,0,1,0,1,0,0
панэль,0,0,0,0,0,0,0,0,0,0
боль,0,0,0,0,0,1,0,0,1,0
паніка,0,0,0,1,0,1,0,0,0,0
паньера,0,0,0,0,0,0,1,0,0,0
панарама,0,0,0,0,0,0,0,0,0,0
панарамны,0,0,0,0,0,0,0,0,0,0
дыхаць,0,0,0,0,0,0,0,0,0,0
пантэон,0,0,0,0,0,0,0,0,0,0
пантэра,0,0,0,0,0,0,0,0,0,0
майткі,0,0,0,0,0,0,0,0,0,0
пантаміма,0,0,0,0,0,0,0,0,0,0
кладоўка,0,0,0,0,0,0,0,0,0,0
штаны,0,0,0,0,0,0,0,0,0,0
пап,0,0,0,0,0,0,0,0,0,0
папства,0,0,0,0,0,0,0,0,0,0
папскі,0,0,0,0,0,0,0,0,0,0
папера,0,0,0,0,0,0,0,0,0,0
папрыка,0,0,0,0,0,0,1,0,0,0
папірус,0,0,0,0,0,0,0,0,0,0
пар,0,0,0,0,0,0,0,0,0,0
прытча,0,0,0,0,0,0,0,0,0,0
парабала,0,0,0,0,0,0,0,0,0,0
парабалічны,0,0,0,0,0,0,0,0,0,0
парашут,0,0,0,1,0,0,0,0,0,0
парад,0,1,0,1,1,1,1,0,1,0
парадыгма,0,0,0,0,0,0,0,0,0,0
парадокс,0,0,0,0,0,0,0,0,0,0
парадаксальны,0,0,0,0,0,0,0,0,0,0
парафін,0,0,0,0,0,0,0,0,0,0
узор,0,1,0,0,1,0,1,0,0,1
пункт,0,0,0,0,0,0,0,0,0,0
паралакс,0,0,0,0,0,0,0,0,0,0
паралельна,0,0,0,0,0,0,0,0,0,0
паралелізм,0,0,0,0,0,0,0,0,0,0
параліч,1,1,0,1,0,1,0,1,0,0
першараднае,0,0,0,0,0,0,1,0,0,0
параноя,0,0,0,1,0,1,0,0,0,0
парапет,0,0,0,0,0,0,0,0,0,0
атрыбутыка,0,0,0,0,0,0,0,0,0,0
перафразаваць,0,0,0,0,0,1,1,0,0,0
паразіт,0,0,1,1,0,1,0,0,0,0
парасон ад сонца,0,0,0,0,0,0,0,0,0,0
пасылка,0,0,0,0,0,0,0,0,0,0
пасылкі,0,0,0,0,0,0,0,0,0,0
пергамент,0,0,0,0,0,0,0,0,0,0
памілаванне,0,0,0,0,0,0,1,0,0,0
параць,1,1,0,1,0,1,0,1,0,0
парэнхімы,0,0,0,0,0,0,0,0,0,0
бацька,0,0,0,0,0,0,0,0,0,0
бацькоўства,0,0,0,0,0,0,1,0,0,0
бацькоўскі,0,0,0,0,0,0,0,0,0,0
дужкі,0,0,0,0,0,0,0,0,0,0
дужкі,0,0,0,0,0,0,0,0,0,0
цемянной,0,0,0,0,0,0,1,0,0,1
абразанне,0,0,0,0,0,0,0,0,0,0
прыход,0,0,0,0,0,0,0,0,0,1
парытэт,0,0,0,0,0,0,0,0,0,0
парк,0,0,0,0,0,0,0,0,0,0
мова,0,0,0,0,0,0,0,0,0,0
парламент,0,0,0,0,0,0,0,0,0,1
парламенцкая,0,0,0,0,0,0,0,0,0,0
салон,0,0,0,0,0,0,0,0,0,0
умоўна-датэрміновае вызваленне,0,1,0,0,0,0,0,0,0,0
паркет,0,0,0,0,0,0,0,0,0,0
папугай,0,0,1,0,0,1,0,0,0,0
парыраваць,0,0,0,0,0,0,0,0,0,0
разабраць,0,0,0,0,0,0,0,0,0,0
скупы,0,0,0,0,0,1,0,0,0,0
скупасць,0,0,0,0,0,0,0,0,0,0
зеляніна пятрушкі,0,0,0,0,0,0,0,0,0,0
пробашч,0,0,0,0,0,0,0,0,0,0
частка,0,0,0,0,0,0,0,0,0,0
прычасціцца,0,0,0,0,0,0,1,0,0,1
неабыякавасць,0,0,0,0,0,0,0,0,0,0
часткова,0,0,0,0,0,0,0,0,0,0
удзельнічаць,0,0,0,0,0,0,0,0,0,0
удзел,0,0,0,0,0,0,1,0,0,0
часціца,0,0,0,0,0,0,0,0,0,0
асаблівасць,0,0,0,0,0,0,0,0,0,0
звесткі,0,0,0,0,0,0,0,0,0,0
растанне,0,0,0,0,0,0,0,1,0,0
партызан,0,0,0,0,0,1,0,0,0,0
партызаншчына,0,0,0,0,0,0,0,0,0,0
перагародка,0,0,0,0,0,0,0,0,0,0
часткова,0,0,0,0,0,0,0,0,0,0
партнёр,0,0,0,0,0,0,1,0,0,0
партнёрства,0,0,0,0,0,0,1,0,0,1
часткі,0,0,0,0,0,0,0,0,0,0
партыя,0,0,0,0,0,0,0,0,0,0
пас,0,0,0,0,0,0,0,0,0,0
пас,0,0,0,0,0,0,0,0,0,0
прахадны,0,0,0,0,0,0,0,0,0,0
праходжанне,0,0,0,0,0,0,0,0,0,0
праход,0,0,0,0,0,0,0,0,0,0
пасэ,0,0,0,0,0,1,0,0,0,0
пасажырскі,0,1,0,0,0,0,0,0,0,0
пасым,0,0,0,0,0,0,0,0,0,0
праходжанне,0,0,0,0,0,0,0,0,0,0
запал,0,1,0,0,1,0,1,0,0,1
гарачы,0,1,0,0,1,0,1,0,0,1
пасіўны,0,0,0,0,0,1,0,0,0,0
пасіўнасць,0,0,0,0,0,1,0,0,0,0
пашпарт,0,0,0,0,0,0,0,0,0,0
мінулае,0,0,0,0,0,0,0,0,0,0
паста,0,0,0,0,0,0,0,0,0,0
пастэль,0,0,0,0,0,0,0,0,0,0
баўленне часу,0,0,0,0,0,0,1,0,0,0
пастар,0,0,0,0,1,0,1,0,0,1
выпечка,0,0,0,0,1,0,1,0,0,0
пашы,0,0,0,0,0,0,1,0,0,0
пастообразные,0,0,0,0,0,0,0,0,0,0
пагладзіць,0,0,0,0,0,0,0,0,0,0
патч,0,0,0,0,0,1,0,0,0,0
пэчворк,0,0,0,0,0,0,0,0,0,0
паштэт,0,0,0,0,0,0,0,0,0,0
надколенник,0,0,0,0,0,0,0,0,0,0
патэнт,0,0,0,0,0,0,1,0,0,0
бацькоўскі,0,0,0,0,0,0,0,0,0,0
бацькоўства,0,0,0,0,0,0,0,0,0,0
шлях,0,0,0,0,0,0,0,0,0,0
пафасны,0,0,1,0,0,1,0,1,0,0
паталогіі,0,0,0,0,0,0,0,0,0,0
пафас,0,0,0,0,0,0,0,0,0,0
шлях,0,0,0,0,0,0,0,0,0,0
цярпенне,0,1,0,0,0,0,1,0,0,1
цярплівы,0,1,0,0,0,0,1,0,0,0
ўнутраны дворык,0,0,0,0,0,0,0,0,0,0
патрыярх,0,0,0,0,0,0,0,0,0,0
патрыярхальны,0,0,0,0,0,0,1,0,0,1
вотчына,0,0,0,0,0,0,0,0,0,0
патрыёт,0,0,0,0,0,0,0,0,0,0
патрыятычны,0,0,0,0,0,0,0,0,0,0
патрыятызм,0,0,0,0,0,0,0,0,0,0
патруль,0,0,0,0,0,0,0,0,0,1
заступнік,0,0,0,0,0,0,1,0,0,1
мецэнацтва,0,0,0,0,0,0,1,0,0,1
заступацца,0,0,0,0,0,0,0,0,0,0
заступніцкі,0,0,0,0,0,1,0,0,0,0
скорагаворка,1,0,0,0,0,1,0,0,0,0
ўзор,0,0,0,0,0,0,0,0,0,0
нешматлікасць,1,0,1,0,0,1,0,1,0,0
жабрак,0,0,0,0,0,1,0,1,0,0
паўза,0,0,0,0,0,0,0,0,0,0
брукаваць,0,0,0,0,0,0,0,0,0,0
брук,0,0,0,0,0,0,0,0,0,1
павільён,0,0,0,0,0,0,0,0,0,0
брукаванне,0,0,0,0,0,0,0,0,0,0
лапа,0,0,0,0,0,0,0,0,0,0
пешка,0,0,0,0,0,1,0,0,0,1
Пакс,0,0,0,0,0,0,0,0,0,0
плаціць,0,1,0,0,1,0,1,0,0,1
акупнасць,1,0,0,0,0,1,0,0,0,0
плацельшчык,0,0,0,0,0,0,0,0,0,0
аплата,0,0,0,0,0,1,0,0,0,0
гарох,0,0,0,0,0,0,0,0,0,0
свет,0,1,0,0,1,0,1,0,0,1
міралюбівы,0,0,0,0,0,0,1,0,0,0
мірны,0,1,0,0,1,0,1,0,1,1
паўлін,0,0,0,0,0,0,1,0,0,0
пік,0,0,0,0,0,0,0,0,0,0
пікам,0,0,0,0,0,0,0,0,0,0
жамчужны,0,0,0,0,0,0,0,0,0,0
селянін,0,0,0,0,0,0,0,0,0,0
торф,0,0,0,0,0,0,0,0,0,0
галька,0,0,0,0,0,0,0,0,0,0
дзяўбці,0,0,0,0,0,0,1,0,0,0
своеасаблівы,0,0,0,0,0,0,0,0,0,0
асаблівасці,0,0,0,0,0,1,0,0,0,0
своеасаблівасць,0,0,0,0,0,0,1,0,0,0
своеасабліва,0,0,0,0,0,0,0,0,0,0
грашовыя,0,0,0,0,0,0,0,0,0,0
педаль,0,0,0,0,0,0,0,0,0,0
педантычны,0,0,0,0,0,0,0,0,0,0
разносіцца,0,0,0,0,0,0,0,0,0,0
пастамент,0,0,0,0,0,0,0,0,0,0
пешаход,0,0,0,0,0,1,0,0,0,0
педыятрыя,0,0,0,0,0,0,0,0,0,0
радавод,0,0,0,0,0,0,1,0,0,1
шагомер,0,0,0,0,0,0,0,0,0,0
лупіна,0,0,0,0,0,0,0,0,0,0
падгледзець,0,0,0,0,0,0,0,0,0,0
равеснік,0,0,0,0,0,0,0,0,0,0
углядаючыся,0,0,0,0,0,0,0,0,0,0
непараўнальны,0,0,0,0,0,0,1,0,0,0
калок,0,0,0,0,0,0,0,0,0,0
калкі,0,0,0,0,0,0,0,0,0,0
пелагічны,0,0,0,0,0,0,0,0,0,0
гранула,0,0,0,0,0,0,0,0,0,0
ручка,0,0,0,0,0,0,0,0,0,0
штрафны,0,0,0,1,0,1,0,1,0,0
пенальці,1,0,0,1,0,1,0,1,0,0
пакаянне,0,0,0,1,0,0,0,1,0,0
схільнасць,0,0,0,0,0,0,1,0,0,0
аловак,0,0,0,0,0,0,0,0,0,0
кулон,0,0,0,0,0,0,0,0,0,0
залежнасць,0,0,0,0,0,0,0,0,0,0
кулон,0,0,0,0,0,0,0,0,0,0
у чаканні,0,0,0,0,0,0,0,0,0,0
маятнік,0,0,0,0,0,0,0,0,0,0
пранікнуць,0,0,0,0,0,0,0,0,0,0
пранікальны,0,0,0,0,0,0,0,0,0,0
пранікненне,1,0,0,1,0,1,0,0,0,0
паўвостраў,0,0,0,0,0,0,0,0,0,0
папраўчая ўстанова,1,0,0,0,0,1,0,0,0,0
вымпел,0,0,0,0,0,0,0,0,0,0
безграшоўе,0,0,0,0,0,0,0,0,0,0
капейкі,0,0,0,0,0,0,0,0,0,0
пенсія,0,0,0,0,0,0,0,0,0,0
пенсіянер,0,0,0,0,0,0,0,0,0,0
задуменны,0,0,0,0,0,0,0,1,0,0
пяцікутнік,0,0,0,0,0,0,0,0,0,0
пентхаус,0,0,0,0,0,0,0,0,0,0
перадапошні,0,0,0,0,0,0,0,0,0,0
людзей,0,0,0,0,0,0,0,0,0,0
населены,0,0,0,0,0,0,0,0,0,0
перац,0,0,0,0,0,0,0,0,0,0
пептычны,0,0,0,0,0,0,0,0,0,0
успрымаць,0,0,0,0,0,0,1,0,0,1
працэнт,0,0,0,0,0,0,0,0,0,0
адчувальны,0,0,0,0,0,0,1,0,0,0
успрыманне,0,0,0,0,0,0,0,0,0,0
праніклівы,0,0,0,0,0,0,0,0,0,0
акунь,0,0,0,0,0,0,0,0,0,0
магчыма,0,0,0,0,0,0,0,0,1,0
перкаляцыя,0,0,0,0,0,0,0,0,0,0
перкусія,0,0,0,0,0,0,0,0,0,0
пагібель,1,0,1,1,0,1,0,1,0,0
безапеляцыйны,0,0,0,0,0,0,0,0,0,0
мнагалетнік,0,0,0,0,0,0,1,0,0,1
ідэальны,0,1,0,0,1,0,1,0,0,1
дасканаласць,0,1,0,0,1,0,1,0,1,1
перфараваны,0,0,0,0,0,0,0,0,0,0
перфарацыя,0,0,0,0,0,0,0,0,0,0
вымушана,0,0,0,0,0,0,0,0,0,0
выконваць,0,0,0,0,0,0,0,0,0,0
прадукцыйнасць,0,0,0,0,0,0,0,0,0,0
выканаўца,0,0,0,0,0,0,1,0,0,0
духі,0,0,0,0,0,0,0,0,0,0
духмяны,0,0,0,0,0,0,0,0,0,0
перы,0,0,0,0,0,0,0,0,1,0
перыдот,0,0,0,0,0,0,0,0,0,0
небяспека,0,1,0,1,0,1,0,1,0,0
небяспечна,0,1,0,1,0,1,0,1,0,0
перыметр,0,0,0,0,0,0,0,0,0,0
перыяд,0,0,0,0,0,0,0,0,0,0
перыядычны,0,0,0,0,0,0,0,0,0,0
перыядычнае выданне,0,0,0,0,0,0,0,0,0,0
перыядычна,0,0,0,0,0,0,0,0,0,0
перыядычнасць,0,0,0,0,0,0,0,0,0,1
перыферыя,0,0,0,0,0,0,0,0,0,0
загінуць,0,0,0,1,0,1,0,1,0,0
хутка псуецца,0,0,0,0,0,1,0,0,0,0
загінуў,0,0,0,0,0,1,0,1,0,0
гінуць,0,0,0,1,0,1,0,1,0,0
ілжэсведчанне,0,0,0,1,0,1,0,0,1,0
прывілей,0,0,0,0,0,0,1,0,0,0
сталасць,0,0,0,0,0,0,0,0,0,0
пранікальная,0,0,0,0,0,0,0,0,0,0
пранікаць,0,0,0,0,0,0,0,0,0,0
пранікненне,0,0,0,0,0,0,0,0,0,0
дапушчальна,0,0,0,0,0,0,0,0,0,0
дазвол,0,0,0,0,0,0,1,0,0,0
дазвольны,0,0,0,0,0,0,0,0,0,0
дазвол,0,0,0,0,0,0,0,0,0,0
дазволены,0,0,0,0,0,0,0,0,0,0
дазвол,0,0,0,0,0,0,0,0,0,0
перастаноўка,0,0,0,0,0,0,0,0,0,0
згубны,1,0,0,1,0,1,0,1,0,0
перпендыкулярны,0,0,0,0,0,0,0,0,0,0
здзяйсняць,0,0,0,0,0,0,0,0,0,0
злачынца,1,0,1,1,0,1,0,1,0,0
бестэрміновы,0,0,0,0,0,0,0,0,0,0
пастаянна,0,0,0,0,0,0,0,0,0,0
увекавечыць,0,1,0,0,0,0,0,0,0,0
увекавечанне,0,0,0,0,0,1,0,0,0,0
вечнасць,0,1,0,0,0,0,1,0,0,1
збянтэжаны,0,0,0,0,0,1,0,0,0,0
бянтэжыць,0,0,0,0,0,0,0,0,0,0
разгубленасць,0,0,0,0,0,1,0,1,0,0
пераследваць,1,0,0,1,0,1,0,0,0,0
ганенні,1,0,1,1,0,1,0,1,0,0
настойлівасць,0,0,0,0,0,0,0,0,0,0
вытрываць,0,0,0,0,0,0,0,0,0,0
захоўваюцца,0,0,0,0,0,0,0,0,0,0
настойлівасць,0,0,0,0,0,0,1,0,0,0
настойлівы,0,0,0,0,0,0,1,0,0,0
захоўваецца,0,0,0,0,0,0,0,0,0,0
чалавек,0,0,0,0,0,0,0,0,0,0
прадстаўнічы,0,0,0,0,0,0,1,0,0,0
асоба,0,0,0,0,0,0,0,0,0,0
асабісты,0,0,0,0,0,0,0,0,0,1
персаніфікацыя,0,0,0,0,0,0,0,0,0,0
кадры,0,0,0,0,0,0,0,0,0,0
асоб,0,0,0,0,0,0,0,0,0,0
перспектыва,0,0,0,0,0,0,0,0,0,0
потлівасць,0,0,1,0,0,0,0,0,0,0
пераконваць,0,0,0,0,0,0,0,0,0,1
перакананне,0,0,0,0,0,0,0,0,0,0
пераканаўчы,0,0,0,0,0,0,0,0,0,0
перт,0,0,0,0,0,0,0,0,0,0
дарэчны,0,0,0,0,0,0,1,0,0,1
абурэнне,0,0,0,1,0,1,0,0,0,0
коклюш,0,0,0,0,0,1,0,0,0,0
чытанне,0,0,0,0,0,0,0,0,0,0
праглядаць,0,0,0,0,0,0,0,0,0,0
пранікальны,0,0,0,0,0,0,0,0,0,0
вычварны,1,0,1,1,0,1,0,0,0,0
вычварэнства,1,0,1,0,0,1,0,1,0,0
вычварэнец,1,0,1,0,0,1,0,0,0,0
перакручаны,0,0,1,0,0,1,0,0,0,0
песімізм,1,0,0,1,0,1,0,1,0,0
песіміст,0,0,0,1,0,1,0,1,0,0
шкоднік,1,0,1,1,0,1,0,0,0,0
пошасьць,0,0,1,1,0,1,0,0,0,0
гадаванец,0,0,0,0,0,1,0,0,0,0
хадайніцтва,0,0,0,0,0,0,0,0,0,0
хадайнік,0,0,0,0,0,0,0,0,0,0
бензін,0,0,0,0,0,0,0,0,0,0
нафта,0,0,1,0,0,1,1,0,0,0
пагладжванне,0,0,0,0,0,0,0,0,0,0
дробязны,0,0,0,0,0,1,0,0,0,0
лаўка,0,0,0,0,0,0,0,0,0,0
алавяны,0,0,0,0,0,0,0,0,0,0
фалангі,0,0,0,1,0,0,0,0,0,1
фантом,0,0,0,1,0,1,0,0,0,0
фармацэўтычны,0,0,0,0,0,0,1,0,0,0
фармацэўт,0,0,0,0,0,0,0,0,0,0
фармакалогія,0,0,0,0,0,0,0,0,0,0
аптэка,0,0,0,0,0,0,0,0,0,0
фаза,0,0,0,0,0,0,0,0,0,0
з'ява,0,0,0,0,0,0,0,0,0,0
філантрапічны,0,0,0,0,0,0,0,0,0,1
філантроп,0,0,0,0,0,0,1,0,0,1
дабрачыннасць,0,0,0,0,0,0,1,0,0,0
філосаф,0,0,0,0,0,0,1,0,0,1
філасофскі,0,0,0,0,0,0,0,0,0,0
філасофскі,0,0,0,0,0,0,0,0,0,0
філасофіі,0,0,0,0,0,0,0,0,0,0
мокрота,0,0,1,0,0,1,0,0,0,0
фенікс,0,0,0,0,0,0,1,0,0,0
тэлефон,0,0,0,0,0,0,0,0,0,0
фанетычны,0,0,0,0,0,0,1,0,0,0
фанетыка,0,0,0,0,0,0,0,0,0,0
акустыка,0,0,0,0,0,0,0,0,0,0
патэфон,0,0,0,0,0,0,0,0,0,0
фаналогія,0,0,0,0,0,0,0,0,0,0
фальшывы,1,0,1,0,0,1,0,0,0,0
люмінафор,0,0,0,0,0,0,0,0,0,0
фосфар,0,0,0,0,0,0,0,0,0,0
фота,0,0,0,0,0,0,0,0,0,0
фотагенічны,0,0,0,0,0,0,0,0,0,0
фатаграфія,0,0,0,0,0,0,0,0,0,0
фатограф,0,0,0,0,0,0,0,0,0,0
фатаграфія,0,0,0,0,0,0,0,0,0,0
фотаметрыя,0,0,0,0,0,0,0,0,0,0
фраза,0,0,0,0,0,0,0,0,0,0
фразеалагізмы,0,0,0,0,0,0,0,0,0,0
філагенез,0,0,0,0,0,0,0,0,0,0
фізічны,0,0,0,0,0,0,0,0,0,0
лекар,0,0,0,0,0,0,1,0,0,1
фізік,0,0,0,0,0,0,0,0,0,1
фізіка,0,0,0,0,0,0,1,0,0,0
фізіялогія,0,0,0,0,0,0,1,0,0,0
целасклад,0,0,0,0,0,0,1,0,0,0
піяніст,0,0,0,0,0,0,0,0,0,0
піяніна,0,0,0,0,0,0,0,0,0,0
п'яцца,0,0,0,0,0,0,0,0,0,0
пікала,0,0,0,0,0,0,0,0,0,0
выбраць,0,0,0,0,0,0,1,0,0,0
абраны,0,0,0,0,0,0,0,0,0,0
пікет,1,1,0,1,0,1,0,0,0,0
пікетаванне,1,0,0,0,0,1,0,0,0,0
салёны агурок,0,0,0,0,0,1,0,0,0,0
падняць,0,0,0,0,0,0,0,0,0,0
пікнік,0,1,0,0,1,0,1,0,1,1
выяўленчы,0,0,0,0,0,0,0,0,0,0
малюнак,0,0,0,0,0,0,0,0,0,0
маляўнічы,0,0,0,0,1,0,1,0,0,0
пірог,0,0,0,0,0,0,0,0,0,0
паштучна,0,0,0,0,0,0,0,0,0,0
пярэсты,0,0,0,0,0,0,0,0,0,0
пірс,0,0,0,0,0,0,0,0,0,0
пракалоць,0,0,0,0,0,0,0,0,0,0
пабожнасць,0,0,0,0,0,0,1,0,0,0
свіння,0,0,1,0,0,1,0,0,0,0
голуб,0,0,0,0,0,1,0,0,0,0
пігмент,0,0,0,0,0,0,0,0,0,0
шчупак,0,0,0,0,0,0,0,0,0,0
ворс,0,0,0,0,0,0,0,0,0,0
палі,0,0,1,0,0,1,0,0,0,0
паломнік,0,0,0,0,0,0,0,0,0,0
паломніцтва,0,0,0,0,0,0,0,0,0,0
таблетка,0,0,0,0,0,0,1,0,0,1
рабаванне,1,0,1,1,0,1,0,0,0,0
слуп,0,0,0,0,0,0,0,0,0,0
падушка,0,0,0,0,0,0,1,0,0,0
навалачка,0,0,0,0,0,0,0,0,0,0
пілот,0,0,0,0,0,0,1,0,0,1
сутэнёрства,0,0,0,0,0,1,0,0,0,0
прышчык,0,0,1,0,0,1,0,0,0,0
шпілька,0,0,0,0,0,0,0,0,0,0
дробка,0,0,0,0,0,0,0,0,0,0
прищипывание,0,0,0,0,0,0,0,0,0,0
сасна,0,0,0,0,0,1,0,1,0,0
ананас,0,0,0,0,0,0,0,0,0,0
пінг,0,0,0,0,0,0,0,0,0,0
дзірка,0,0,0,0,0,0,0,0,0,0
шасцярня,0,0,0,1,0,1,0,0,0,0
ружовы,0,0,0,0,0,0,0,0,0,0
вяршыня,0,0,0,0,0,0,1,0,0,0
піянерская,0,0,0,0,0,0,1,0,0,0
набожны,0,0,1,0,0,0,1,1,0,1
кропка,0,0,0,0,0,0,0,0,0,0
труба,0,0,0,0,0,0,0,0,0,0
па трубе,0,0,0,0,0,0,0,0,0,0
трубаправод,0,0,0,0,0,0,0,0,0,0
дудар,0,0,0,0,0,0,0,0,0,0
піпетка,0,0,0,0,0,0,0,0,0,0
піке,1,0,0,0,0,1,0,0,0,0
пірацтва,0,0,0,0,0,1,0,0,0,0
пірацкі,1,0,0,0,0,1,0,0,0,0
пісціна,0,0,0,0,0,0,0,0,0,0
пісталет,0,0,0,0,0,1,0,0,0,0
поршань,0,0,0,0,0,0,0,0,0,0
яма,0,0,0,0,0,0,0,0,0,0
крок,0,0,0,0,0,0,0,0,0,0
збан,0,0,0,0,0,0,0,0,0,0
падводны камень,1,0,1,1,0,1,0,1,1,0
асяродак,0,0,0,0,0,0,1,0,0,1
змястоўны,0,0,0,0,0,0,0,0,0,0
без костачак,0,0,0,0,0,0,0,0,0,0
шкада,0,0,0,0,0,0,0,1,0,0
стрыжань,0,0,0,0,0,0,1,0,0,1
пікс,0,0,0,0,0,0,0,0,0,0
плакат,0,0,0,0,0,0,0,0,1,0
месца,0,0,0,0,0,0,0,0,0,0
плацебо,0,0,0,0,0,0,0,0,0,0
спакойны,0,0,0,0,0,0,1,0,0,0
планка,0,0,0,0,0,0,0,0,0,0
плагіят,0,0,1,0,0,1,0,0,0,0
чума,0,0,1,1,0,1,0,1,0,0
плед,0,0,0,0,0,0,0,0,0,0
просты,0,0,0,0,0,0,0,0,0,0
пазоўнік,0,0,0,0,0,1,0,0,0,0
жаласны,0,0,0,0,0,0,0,1,0,0
планаваць,0,1,0,0,0,0,0,0,0,0
самалёт,0,0,0,0,0,0,0,0,0,0
планета,0,0,0,0,0,0,0,0,0,0
планетарый,0,0,0,0,0,0,0,0,0,0
планет,0,0,0,0,0,0,0,0,0,0
планка,0,0,0,0,0,0,0,0,0,0
плануецца,0,0,0,0,0,0,0,0,0,0
планаванне,0,1,0,0,0,0,1,0,0,1
завод,0,0,0,0,0,0,0,0,0,0
плантацыя,0,0,0,0,0,0,0,0,0,0
кашпо,0,0,0,0,0,0,0,0,0,0
пасадка,0,0,0,0,0,0,0,0,0,0
плазма,0,0,0,0,0,0,0,0,0,0
тынкоўка,0,0,0,0,0,0,0,0,0,0
пластык,0,0,0,0,0,0,0,0,0,0
пластычнасць,0,0,0,0,0,0,0,0,0,0
плат,0,0,0,0,0,0,0,0,0,0
талерка,0,0,0,0,0,0,0,0,0,0
плато,0,0,0,0,0,0,0,0,0,0
плакаваны,0,0,0,0,0,1,0,0,0,0
платформа,0,0,0,0,0,0,0,0,0,0
пакрыццё,0,0,0,0,0,0,0,0,0,0
узвод,0,0,0,0,0,0,0,0,0,0
талерка,0,0,0,0,0,0,0,0,0,0
праўдападобнасць,0,0,0,0,0,0,0,0,0,0
гуляць,0,0,0,0,0,0,0,0,0,0
Playa,0,0,0,0,0,0,0,0,0,0
гулец,0,0,0,0,0,1,0,0,0,0
гуллівы,1,0,0,0,1,0,1,0,1,1
дзіцячая пляцоўка,0,1,0,0,1,0,1,0,1,1
гульнявы дом,0,0,0,0,1,0,1,0,0,0
таварыш па гульнях,0,0,0,0,0,0,0,0,0,0
драматург,0,0,0,0,0,0,0,0,0,0
плошча,0,0,0,0,0,0,0,0,0,0
маленне,0,1,0,1,0,1,0,1,0,0
прыемны,0,1,0,0,1,0,1,0,1,1
задаволены,0,0,0,0,1,0,1,0,0,0
прыемнае,0,0,0,0,1,0,1,0,0,0
плісэ,0,0,0,0,0,0,0,0,0,0
плісэ,0,0,0,0,0,0,0,0,0,0
заклад,0,0,0,0,1,0,1,0,0,1
закладзена,0,0,0,0,0,0,0,0,0,0
пленарнае пасяджэнне,0,0,0,0,0,0,1,0,0,0
багаты,0,0,0,0,0,0,1,0,0,0
шмат,0,0,0,0,0,0,0,0,0,0
пленум,0,0,0,0,0,0,0,0,0,0
паўнакроўнасць,0,0,0,0,0,0,0,0,0,0
спляценне,0,0,0,0,0,0,1,0,0,0
падатлівы,0,0,0,0,0,0,0,0,0,0
плікацыя,0,0,0,0,0,0,0,0,0,0
абцугі,0,0,0,0,0,0,0,0,0,0
цяжкае становішча,0,1,1,1,0,1,0,1,0,0
плінтус,0,0,0,0,0,0,0,0,0,0
цягацца,0,0,0,0,0,1,0,0,0,0
сюжэт,0,0,0,0,0,0,0,0,0,0
плуг,0,0,0,0,0,0,0,0,0,0
разараны,0,0,0,0,0,0,0,0,0,0
ржанка,0,0,0,0,0,0,0,0,0,0
плуг,0,0,0,0,0,0,0,0,0,0
разараны,0,0,0,0,0,0,0,0,0,0
ворыва,0,0,0,0,0,0,0,0,0,0
зрываць,0,0,0,0,0,0,0,0,0,0
відэлец,0,0,0,0,0,0,0,0,0,0
сліва,0,0,0,0,0,0,1,0,0,0
апярэнне,0,0,0,0,0,0,0,0,0,0
адвес,0,0,0,0,0,0,1,0,0,0
шлейф,0,0,0,0,0,0,0,0,0,0
адвес,0,0,0,1,0,1,0,0,0,0
пульхны,0,1,0,0,0,0,0,0,0,0
паўнаваты,0,0,0,0,0,0,0,0,0,0
рабаваць,1,0,1,1,0,1,0,1,1,0
акунуцца,0,0,0,1,0,1,0,0,0,0
множны лік,0,0,0,0,0,0,0,0,0,0
множнасць,0,0,0,0,0,0,0,0,0,0
плюшавы,0,0,0,0,0,0,1,0,0,0
плутоній,0,0,0,0,0,0,0,0,0,0
пластаваць,0,0,0,0,0,0,1,0,0,0
пнеўманія,0,0,0,1,0,1,0,0,0,0
браканьерства,1,0,1,1,0,1,0,1,0,0
кішэню,0,0,0,0,0,0,0,0,0,0
кішэнны кніжка,0,0,0,0,0,0,0,0,0,0
пад,0,0,0,0,0,0,0,0,0,0
верш,0,0,0,0,0,0,0,0,0,0
паэт,0,0,0,0,0,0,0,0,0,0
паэтычны,0,0,0,0,0,0,0,0,0,0
паэтычны,0,0,0,0,0,0,0,0,0,0
паэтычнасць,0,0,0,0,0,0,0,0,0,0
паэзія,0,0,0,0,0,0,0,0,0,0
шчымлівы,0,0,0,0,0,0,0,0,0,0
кропка,0,0,0,0,0,0,0,0,0,0
дэманстратыўна,0,0,0,0,0,0,1,0,0,0
паказальнік,0,0,0,0,0,0,0,0,0,0
бессэнсоўны,0,0,0,0,0,1,0,1,0,0
ураўнаважанасць,0,0,0,0,0,0,0,0,0,0
яд,1,0,1,1,0,1,0,1,0,0
атручаны,1,0,1,1,0,1,0,1,0,0
атручванне,0,0,1,0,0,1,0,0,0,0
атрутныя,1,0,1,1,0,1,0,1,0,0
тыкаць,0,1,0,0,0,1,0,0,0,0
покер,0,0,0,0,0,0,0,0,0,0
палярны,0,0,0,0,0,0,0,0,0,0
палярнасць,0,0,0,0,0,0,0,0,1,0
полюс,0,0,0,0,0,0,0,0,0,0
палемічны,1,0,1,0,0,1,0,0,0,0
паліцыя,0,0,0,1,0,0,1,0,0,1
міліцыянт,0,0,0,1,0,0,1,0,0,1
палітыкі,0,0,0,0,0,0,0,0,0,1
поліяміэліт,0,0,0,1,0,1,0,1,0,0
паліраваць,0,0,0,0,0,0,1,0,0,0
паліраваны,0,0,0,0,0,0,1,0,0,0
ветлівы,0,0,0,0,0,0,1,0,0,0
ветлівасць,0,0,0,0,0,0,1,0,0,0
палітычная,0,0,1,0,0,0,1,0,0,0
палітык,0,0,0,0,0,0,0,0,0,0
палітыка,1,0,0,0,0,0,0,0,0,0
паліт,0,0,0,0,0,0,0,0,0,0
апытанне,0,0,0,0,0,0,0,0,0,1
забруджваць,0,0,1,0,0,1,0,0,0,0
забруджванне,0,0,1,0,0,1,0,0,0,0
пола,0,0,0,0,0,0,0,0,0,0
шматжонства,0,0,1,0,0,1,0,0,0,0
шматкутнік,0,0,0,0,0,0,0,0,0,0
шматкутнай,0,0,0,0,0,0,0,0,0,0
палімер,0,0,0,0,0,0,0,0,0,0
палімарфізм,0,0,0,0,0,0,0,0,0,0
пампезнасць,0,0,0,0,0,1,0,0,0,0
пампезны,0,0,1,0,0,1,0,0,0,0
понча,0,0,0,0,0,0,0,0,0,0
сажалка,0,0,0,0,0,0,0,0,0,0
разважаць,0,0,0,0,0,0,0,0,0,0
цяжкі,0,0,0,0,0,1,0,0,0,0
Пантыфік,0,0,0,0,0,0,0,0,0,1
пантыфікат,0,0,0,0,0,0,0,0,0,0
пантон,0,0,0,0,0,0,0,0,0,0
поні,0,0,0,0,0,0,0,0,0,0
пудзель,0,0,0,0,0,0,0,0,0,0
басейн,0,0,0,0,0,0,1,0,0,0
какаць,0,0,0,0,0,0,0,0,0,0
дрэнна,0,0,0,0,0,1,0,0,0,0
поп,0,0,0,0,0,1,0,0,1,0
папа,0,0,0,0,0,0,1,0,0,0
мак,0,0,0,0,0,0,0,0,0,0
папулярны,0,0,0,0,0,0,0,0,0,0
папулярнасць,0,0,0,0,0,0,1,0,0,0
папулярызаваны,0,0,0,0,0,0,1,0,0,0
насельніцтва,0,0,0,0,0,0,1,0,0,0
шматлюдны,0,0,0,0,0,0,0,0,0,0
фарфоравы,0,0,0,0,0,0,0,0,0,0
ганак,0,0,0,0,0,0,0,0,0,0
дзікабраз,0,0,0,0,0,1,0,0,0,0
сітавіна,0,0,0,0,0,0,0,0,0,0
свініна,0,0,0,0,0,0,0,0,0,0
порна,0,0,1,0,0,1,0,0,0,0
порна,0,0,0,0,0,1,0,0,0,0
парнаграфічны,0,0,0,0,0,1,0,0,0,0
парнаграфія,0,0,1,0,0,1,0,0,0,0
сітаватасць,0,0,0,0,0,0,0,0,0,0
кіпры,0,0,0,0,0,0,0,0,0,0
каша,0,0,0,0,0,0,0,0,0,0
порт,0,0,0,0,0,0,0,0,0,0
партатыўны,0,0,0,0,0,0,1,0,0,0
перавозка,0,0,0,0,0,0,0,0,0,0
партал,0,0,0,0,0,0,0,0,0,0
насільшчык,0,0,0,0,0,0,0,0,0,0
партфоліо,0,0,0,0,0,0,0,0,0,0
порцік,0,0,0,0,0,0,0,0,0,0
порцыя,0,0,0,0,0,0,0,0,0,0
партрэт,0,0,0,0,0,0,0,0,0,0
партрэт,0,0,0,0,0,0,0,0,0,0
адлюстраваць,0,0,0,0,0,0,0,0,0,0
поза,0,0,0,0,0,1,0,0,0,0
пазер,0,0,0,0,0,0,0,0,0,0
пастаўлены,0,0,0,0,0,0,0,0,0,0
становішча,0,0,0,0,0,0,0,0,0,0
атрад,0,0,0,1,0,0,0,0,0,0
валодаць,0,1,0,0,1,0,1,0,0,1
валодаў,1,0,1,1,0,1,0,0,0,0
які валодае,0,0,0,0,0,0,0,0,0,0
валоданне,1,0,1,1,0,1,0,0,0,0
уладальнік,0,0,0,0,0,0,0,0,0,0
магчымасць,0,1,0,0,0,0,0,0,0,0
магчыма,0,0,0,0,0,0,0,0,0,0
пост,0,0,0,0,0,0,0,0,0,0
паштовы,0,0,0,0,0,0,0,0,0,0
плакат,0,0,0,0,0,0,0,0,0,0
задні,0,0,0,0,0,0,0,0,0,0
нашчадства,0,0,0,0,0,0,0,0,0,0
пасмяротна,0,0,0,0,0,1,0,1,0,0
адкласці,0,0,0,0,0,0,0,0,0,0
адкладаецца,0,0,0,0,0,0,0,0,0,0
адтэрміноўка,0,0,0,0,0,1,0,0,1,0
прыпіска,0,0,0,0,0,0,0,0,0,0
пастулат,0,0,0,0,0,0,0,0,0,0
пастава,0,0,0,0,0,0,0,0,0,0
гаршчок,0,0,0,0,0,0,0,0,0,0
пітной,0,0,0,0,0,0,1,0,0,0
патэнцыя,0,0,0,0,0,0,1,0,0,0
моцнадзейны,0,0,0,0,0,0,0,0,0,0
патэнцыял,0,0,0,0,0,0,0,0,0,0
зелле,0,0,0,0,0,0,0,0,0,0
гаршчок,0,0,0,0,0,0,0,0,0,0
папуры,0,0,0,0,0,0,0,0,0,0
ганчар,0,0,0,0,0,0,0,0,0,0
кераміка,0,0,0,0,0,0,0,0,0,0
мяшочак,0,0,0,0,0,0,0,0,0,0
мяса птушкі,0,0,0,0,0,0,0,0,0,0
фунт,1,0,0,0,0,1,0,0,0,0
наліць,0,0,0,0,0,0,0,0,0,0
беднасць,1,0,1,1,0,1,0,1,0,0
паў,1,0,0,0,0,0,0,0,0,0
парашок,0,0,0,0,0,0,0,0,0,0
парашкападобныя,0,0,0,0,0,0,0,0,0,0
парашкападобныя,0,0,0,0,0,0,0,0,0,0
магутны,1,1,1,1,1,0,1,0,0,1
магутна,0,0,0,1,0,0,1,0,0,0
бяссільны,1,0,1,1,0,1,0,1,0,0
воспа,0,0,0,0,0,0,0,0,0,0
практычна,0,0,0,0,0,0,0,0,0,0
практычны,0,0,0,0,0,0,0,0,0,0
практычна,0,0,0,0,0,0,0,0,0,0
практыка,0,0,0,0,0,0,1,0,0,0
практыкаваўся,0,0,0,0,1,0,1,0,1,1
практыка,0,1,0,0,0,0,1,0,0,0
практык,0,0,0,0,0,0,0,0,0,0
прэрыі,0,0,0,0,0,0,0,0,0,0
пахвала,0,0,0,0,1,0,1,0,0,1
хвалілі,0,0,0,0,1,0,1,0,0,0
пахвальна,0,1,0,0,1,0,1,0,1,1
свавольства,0,0,0,0,0,1,0,0,1,0
праксіс,0,0,0,0,0,0,0,0,0,0
маліцца,0,1,0,1,1,0,1,0,1,1
малітва,0,0,0,0,0,0,0,0,0,0
прапаведаваць,0,0,0,0,0,0,0,0,0,0
прапаведнік,0,0,0,0,0,0,0,0,0,0
пропаведзь,0,0,0,0,0,0,0,0,0,0
прэамбула,0,0,0,0,0,0,0,0,0,0
нестабільны,0,1,0,1,0,1,0,1,0,0
засцярога,0,0,0,0,0,0,1,0,0,0
папераджальны,0,0,0,0,0,0,0,0,0,0
папярэднічаць,0,0,0,0,0,0,1,0,0,0
старшынства,0,0,0,0,0,0,1,0,0,1
прэцэдэнт,0,0,0,0,0,0,0,0,0,0
папярэдні,0,0,0,0,0,0,0,0,0,0
прадпісанне,0,0,0,0,0,0,0,0,0,0
наст,0,0,0,0,0,0,0,0,0,0
прэцэсія,0,0,0,0,0,0,0,0,0,0
участковы,0,0,0,0,0,1,0,0,0,0
участковыя,0,0,0,0,0,0,0,0,0,0
каштоўны,0,1,0,0,1,0,1,0,1,0
абрыў,0,0,0,1,0,0,0,0,0,0
выпадаць у асадак,0,0,0,0,0,0,0,0,0,0
ападкі,0,0,0,0,0,0,0,0,0,0
абрывісты,0,0,0,0,0,0,0,0,0,0
дакладны,0,0,0,0,0,0,1,0,0,0
дакладна,0,0,0,0,0,0,0,0,0,0
дакладнасць,0,0,0,0,0,0,1,0,0,0
выключыць,1,0,0,0,0,0,0,0,0,0
хуткаспелы,0,0,0,0,0,0,0,0,0,0
папярэднік,0,1,0,0,0,0,0,0,0,0
драпежныя,0,0,0,0,0,1,0,0,0,0
папярэднік,0,0,0,0,0,0,0,0,0,0
цяжкае становішча,0,0,0,1,0,1,0,0,0,0
прэдыкат,0,0,0,0,0,0,0,0,0,0
прагназаваць,0,1,0,0,0,0,0,0,0,0
прагназаванне,0,0,0,0,0,0,0,0,0,0
прадказанне,0,1,0,0,0,0,0,0,0,0
прадказальны,0,0,0,0,0,0,0,0,0,0
прадказальнік,0,0,0,0,0,0,0,0,0,0
прыхільнасць,0,1,0,0,0,0,1,0,0,0
схіляць,0,1,0,0,0,0,0,0,0,0
схільны,0,0,0,0,0,0,0,0,0,0
схільнасць,0,0,0,0,0,0,0,0,0,0
перавага,0,0,0,0,0,0,0,0,0,0
пераважная,0,0,0,0,0,0,1,0,0,1
пераважаюць,0,0,0,0,0,0,0,0,0,0
выбітны,0,0,0,0,0,0,1,0,0,0
прэвентыўны,0,0,0,0,0,0,0,0,0,0
прадмова,0,0,0,0,0,0,0,0,0,0
прэфект,0,0,0,0,0,0,0,0,0,0
аддаю перавагу,0,0,0,0,0,0,1,0,0,1
перавага,0,0,0,0,0,0,0,0,0,0
ільготны,0,0,0,0,0,0,0,0,0,0
прэфікс,0,0,0,0,0,0,0,0,0,0
цяжарнасць,0,0,1,0,0,1,0,0,0,0
дагістарычныя,0,0,0,0,0,0,0,0,0,0
забабоны,1,0,0,0,0,1,0,0,0,0
прадузята,0,0,1,1,0,1,0,0,0,0
прадузятае,1,0,0,0,0,1,0,0,0,0
папярэдні,0,1,0,0,0,0,0,0,0,0
прэлюдыя,0,0,0,0,0,0,0,0,0,0
заўчасна,0,0,0,0,0,0,0,0,1,0
заўчасна,0,0,0,0,0,0,0,0,0,0
наўмысна,0,0,0,1,0,1,0,0,0,0
прэм'ер,0,0,0,0,0,0,1,0,0,0
памяшканне,0,0,0,0,0,0,0,0,0,0
памяшканні,0,0,0,0,0,0,1,0,0,0
прэміум,0,0,0,0,0,0,0,0,0,0
заклапочанасць,0,0,0,0,0,0,0,0,0,0
заклапочаны,0,0,0,0,0,0,0,0,0,0
падрыхтоўка,0,1,0,0,0,0,0,0,0,0
падрыхтоўчы,0,1,0,0,0,0,0,0,0,0
падрыхтаваць,0,1,0,0,0,0,1,0,0,0
падрыхтаваны,0,1,0,0,0,0,1,0,0,1
падрыхтаванасць,0,1,0,0,0,0,0,0,0,0
падрыхтоўшчык,0,0,0,0,0,0,0,0,0,0
падрыхтоўка,0,0,0,0,0,0,0,0,0,0
перавага,0,0,0,0,0,0,0,0,0,1
перадумова,0,1,0,0,0,0,0,0,0,0
прэрагатыва,0,0,0,0,0,0,0,0,0,0
празорлівы,0,1,0,0,0,0,1,0,0,0
прадпісаны,0,0,0,0,0,0,0,0,0,0
рэцэпт,0,0,0,0,0,0,0,0,0,0
прадпісальны,0,0,0,0,0,0,0,0,0,0
прысутнасць,0,0,0,0,0,0,1,0,0,0
цяперашні час,0,1,0,0,1,0,1,0,1,1
прэзентабельны,0,0,0,0,0,0,1,0,0,0
прэзентацыя,0,0,0,0,0,0,0,0,0,0
прэзентацыя,0,0,0,0,0,1,1,0,0,0
захаванне,0,0,0,0,0,0,0,0,0,0
кансервант,0,1,0,0,1,0,1,0,1,1
захаваць,0,0,0,0,0,0,1,0,0,0
захаваліся,0,0,0,0,0,0,0,0,0,0
захаванне,0,0,0,0,0,0,0,0,0,0
старшыняваць,0,0,0,0,0,0,0,0,0,0
прэзідэнцтва,0,0,0,0,0,0,0,0,0,0
прэзідэнт,0,0,0,0,0,0,1,0,0,1
прэса,0,0,0,0,0,0,0,0,0,0
націсканне,0,0,0,0,0,0,0,0,0,0
ціск,0,0,0,0,0,1,0,0,0,0
прэстыж,0,0,0,0,1,0,1,0,0,1
загадзя,0,0,0,0,1,0,1,0,1,0
прэзумпцыя,0,0,0,0,0,0,0,0,0,1
меркаваны,0,0,0,0,0,0,0,0,0,0
саманадзейны,1,0,1,0,0,1,0,0,0,0
меркаваць,0,0,0,0,0,0,0,0,0,0
прыкідвацца,0,0,0,0,0,1,0,0,0,0
прыкідваўся,0,0,0,0,0,1,0,0,0,0
прыкідваючыся,1,0,0,0,0,1,0,0,0,0
прытворства,0,0,0,0,0,1,0,0,0,0
прэтэнзіі,0,0,0,0,0,1,0,0,0,0
падстава,0,0,0,0,0,0,0,0,0,0
даволі,0,1,0,0,1,0,1,0,0,1
пераважаць,0,1,0,0,1,0,1,0,0,0
пераважны,0,0,0,0,0,0,0,0,0,0
распаўсюджанасць,0,0,0,0,0,0,0,0,0,0
распаўсюджаны,0,0,0,0,0,0,0,0,0,1
прадухіліць,0,0,0,1,0,0,0,0,0,0
прафілактычны,0,0,0,0,0,0,0,0,0,0
прафілактыка,0,1,0,0,0,0,1,0,0,0
прафілактычны,0,0,0,0,0,1,0,0,0,0
папярэдні,0,0,0,0,0,0,0,0,0,0
раней,0,0,0,0,0,0,0,0,0,0
здабыча,0,0,0,1,0,1,0,0,0,0
цана,0,0,0,0,0,0,0,0,0,0
бясцэнны,0,0,0,0,0,0,1,0,0,0
калоць,1,0,1,1,0,1,0,0,1,0
калючы,0,0,0,0,0,1,0,0,0,0
гонар,0,0,0,0,1,0,1,0,0,0
святар,0,0,0,0,0,0,1,0,0,1
святарства,0,1,0,0,1,0,1,1,0,1
святарскі,0,0,0,0,0,0,1,0,0,0
прым,0,0,0,0,0,0,0,0,0,0
першаснасць,0,0,0,0,0,0,1,0,0,0
першасны,0,0,0,0,0,0,1,0,0,0
прымат,0,0,0,0,0,0,0,0,0,0
прыматаў,0,0,0,0,0,0,0,0,0,0
прэм'ер,0,0,0,0,0,0,1,0,0,0
грунтаваць,0,0,0,0,0,0,0,0,0,0
буквар,0,0,0,0,0,0,1,0,0,1
першабытны,0,0,0,0,0,0,0,0,0,0
грунтаванне,0,0,0,0,0,0,0,0,0,0
прымітыўны,0,0,0,0,0,0,0,0,0,0
першародны,0,0,0,0,0,0,0,0,0,0
князь,0,0,0,0,0,0,1,0,0,0
княжацкі,0,1,0,0,1,0,1,0,1,1
прынцэса,0,0,0,0,0,0,1,0,0,0
галоўны,0,0,0,0,0,0,1,0,0,1
прынцыпова,0,0,0,0,0,0,0,0,0,0
прынцып,0,0,0,0,0,0,0,0,0,0
друкаваць,0,0,0,0,0,0,0,0,0,0
прынтэр,0,0,0,0,0,0,0,0,0,0
друк,0,0,0,0,0,0,0,0,0,0
папярэдні,0,0,0,0,0,0,0,0,0,0
прыярытэт,0,0,0,0,0,0,0,0,0,0
прыярат,0,0,0,0,0,0,0,0,0,0
прызма,0,0,0,0,0,0,0,0,0,0
прызматычны,0,0,0,0,0,0,0,0,0,0
турма,1,0,0,1,0,1,0,1,0,0
вязень,1,0,1,1,0,1,0,1,0,0
некрануты,0,0,0,0,0,0,1,0,0,0
канфідэнцыяльнасць,0,0,0,0,0,0,0,0,0,0
прыватны,0,0,0,0,0,0,0,0,0,0
прыватна,0,0,0,0,0,0,0,0,0,0
прывілей,0,0,0,0,0,0,0,0,0,0
прывілеяваны,0,0,0,0,1,0,1,0,0,1
тайны,0,0,0,0,0,1,0,0,0,1
верагоднасць,0,1,0,0,0,0,0,0,0,0
верагодны,0,0,0,0,0,0,0,0,0,0
выпрабавальны тэрмін,0,1,0,1,0,0,0,1,0,0
выпрабавальны тэрмін,0,0,0,0,0,0,0,0,0,0
доказны,0,0,0,0,0,0,0,0,0,0
зонд,0,0,0,0,0,0,0,0,0,0
добрасумленнасць,0,0,0,0,0,0,1,0,0,1
праблема,0,0,0,1,0,1,0,1,0,0
працэдура,0,0,0,1,0,0,1,0,0,0
працягваць,0,0,0,0,0,0,0,0,0,0
працэс,0,1,0,0,0,0,0,0,0,0
даходы,0,0,0,0,0,0,0,0,0,0
працэс,0,0,0,0,0,0,0,0,0,0
працэсія,0,0,0,0,1,0,1,1,1,0
абвяшчаць,0,0,0,0,0,0,0,0,0,0
абвяшчэнне,0,0,0,0,0,0,0,0,0,0
марудзіць,0,0,0,0,0,1,0,0,0,0
пракрастынацыя,0,0,0,0,0,1,0,0,0,0
працягу роду,0,0,0,0,0,0,0,0,0,0
практар,0,0,0,0,0,0,1,0,0,1
закупляць,0,0,0,0,0,0,1,0,0,0
нарыхтоўка,0,0,0,0,0,0,0,0,0,0
вытв,0,0,0,0,0,0,0,0,0,0
блудны,0,0,0,0,0,1,1,0,0,0
надзвычайны,0,0,0,0,0,0,1,0,0,0
вундэркінд,0,0,0,0,0,0,1,0,0,0
вырабляць,0,0,0,0,0,0,0,0,0,0
вырабляецца,0,0,0,0,0,0,0,0,0,0
вытворца,0,0,0,0,0,0,1,0,0,0
вырабляць,0,0,0,0,0,0,1,0,0,0
прадукт,0,0,0,0,0,0,0,0,0,0
вытворчасці,0,1,0,0,0,0,1,0,0,0
прадуктыўны,0,0,0,0,0,0,1,0,0,0
прадуктыўнасць,0,0,0,0,0,0,1,0,0,0
прафанаваць,1,0,0,0,0,1,0,0,0,0
брыдкаслоўе,1,0,0,0,0,1,0,0,0,0
вызнаваць,0,0,0,0,0,0,0,0,0,0
прафесія,0,0,0,0,0,0,1,0,0,0
прафесійны,0,0,0,0,0,0,1,0,0,1
прафесар,0,0,0,0,0,0,1,0,0,1
прафесарства,0,0,0,0,0,0,0,0,0,1
майстэрства,0,1,0,0,1,0,1,0,1,1
дасведчаны,0,0,0,0,0,0,1,0,0,1
профіль,0,0,0,0,0,0,0,0,0,0
прыбытак,0,0,0,0,0,0,0,0,0,0
прафузны,0,0,0,0,0,0,1,0,0,0
багацце,0,0,0,0,0,1,0,0,0,0
праг,0,0,0,0,0,0,0,0,0,0
родапачынальнік,0,0,0,0,0,0,0,0,0,0
патомства,0,0,0,0,0,0,0,0,0,0
прагноз,0,1,0,1,0,0,0,0,0,0
прагнастычны,0,1,0,0,0,0,0,0,0,0
праграма,0,0,0,0,0,0,0,0,0,0
праграма,0,0,0,0,0,0,0,0,0,0
праграміст,0,0,0,0,0,0,0,0,0,0
прагрэс,0,1,0,0,1,0,1,0,0,0
прагрэсаванне,0,1,0,0,1,0,1,1,0,1
прагрэсіўны,0,0,0,0,0,0,1,0,0,0
забараніць,0,0,0,0,0,0,0,0,0,0
забаронены,1,0,1,1,0,1,0,0,0,0
забарона,0,0,0,0,0,1,0,0,0,0
забараняльны,0,0,0,0,0,0,0,0,0,0
праект,0,0,0,0,0,0,0,0,0,0
снарад,0,0,0,1,0,0,0,0,0,0
снарады,0,0,0,1,0,0,0,0,0,0
праектаванне,0,0,0,0,0,0,0,0,0,0
праекцыя,0,0,0,0,0,0,0,0,0,0
праектар,0,0,0,0,0,0,0,0,0,0
пралетарская,0,0,0,0,0,0,0,0,0,0
пралетарыят,0,0,0,0,0,0,0,0,0,0
пладавіты,0,0,0,0,0,0,1,0,0,0
пралог,0,1,0,0,0,0,0,0,0,0
падоўжыць,0,0,1,0,0,1,0,0,0,0
падаўжэнне,0,0,0,0,0,0,0,0,0,0
працяглы,0,0,0,0,0,0,0,0,0,0
набярэжная,0,0,0,0,0,0,0,0,0,0
вядомасць,0,0,0,0,0,0,1,0,0,0
прыкметна,0,0,0,0,0,0,1,0,0,0
бязладны,0,0,0,0,0,1,0,0,0,0
абяцанне,0,0,0,0,1,0,1,0,0,1
перспектыўны,0,0,0,0,0,0,1,0,0,0
вэксаль,0,0,0,0,0,0,0,0,0,0
мыс,0,0,0,0,0,0,0,0,0,0
прасоўваць,0,0,0,0,0,0,0,0,0,0
прамоўтэр,0,0,0,0,0,0,0,0,0,0
прасоўванне па службе,0,0,0,0,0,0,1,0,0,0
падказаць,0,0,0,0,0,0,0,0,0,0
падказваючы,0,0,0,0,0,0,0,0,0,0
абнародаваць,0,0,0,0,0,0,0,0,0,0
абнародаванне,0,0,0,0,0,0,0,0,0,0
схільныя,0,0,0,0,0,0,0,0,0,0
зубец,0,0,0,0,0,0,0,0,0,0
вымаўляць,0,0,0,0,0,0,0,0,0,0
ярка выражаны,0,0,0,0,0,0,0,0,0,0
вымаўленне,0,0,0,0,0,0,0,0,0,0
вымаўленне,0,0,0,0,0,0,0,0,0,0
доказ,0,0,0,0,0,0,0,0,0,1
прап,0,0,0,0,0,0,1,0,0,0
прапаганда,0,0,0,0,0,1,0,0,0,0
распаўсюджваць,0,0,0,0,0,0,0,0,0,0
размнажэнне,0,0,0,0,0,0,0,0,0,0
прапан,0,0,0,0,0,0,0,0,0,0
рухаць,0,0,0,0,0,0,0,0,0,0
рухомы,0,0,0,0,0,0,0,0,0,0
прапелер,0,0,0,0,0,0,0,0,0,0
рухальны,0,0,0,0,0,0,0,0,0,0
схільнасць,0,0,0,0,0,0,0,0,0,0
належны,0,0,0,0,0,0,1,0,0,0
уласнасць,0,0,0,0,0,0,0,0,0,0
прароцтва,0,1,0,0,0,0,0,0,0,0
прарочыць,0,0,0,0,0,0,0,0,0,0
прарок,0,1,0,0,0,0,1,0,0,1
прарочы,0,1,0,0,0,0,0,0,0,0
прафілактычны,0,1,0,0,0,0,1,0,0,1
прафілактыка,0,0,0,0,0,0,0,0,0,0
прапорцыя,0,0,0,0,0,0,0,0,0,0
прапарцыянальны,0,0,0,0,0,0,0,0,0,0
суразмерны,0,0,0,0,0,0,0,0,0,0
прапорцыі,0,0,0,0,0,0,0,0,0,0
прапанова,0,0,0,0,0,0,0,0,0,0
прапанова,0,0,0,0,0,0,1,0,0,0
прапрыетарны,0,0,0,0,0,0,0,0,0,0
уласнік,0,0,0,0,0,0,0,0,0,0
права ўласнасці,0,0,0,0,0,0,0,0,0,0
прыстойнасць,0,0,0,0,0,0,0,0,0,0
рухальная сіла,0,0,0,0,0,0,0,0,0,0
проза,0,0,0,0,0,0,0,0,0,0
прыцягнуць да адказнасці,1,0,0,1,0,1,0,1,0,0
судовы пераслед,0,0,1,0,0,1,0,0,0,0
пракурор,0,0,0,0,0,0,0,0,0,0
перспектыва,0,0,0,0,0,0,1,0,0,0
перспектыўны,0,0,0,0,0,0,0,0,0,0
перспектыўна,0,1,0,0,0,0,0,0,0,0
праспект,0,0,0,0,0,0,0,0,0,0
квітнець,0,1,0,0,1,0,1,0,0,0
росквіту,0,0,0,0,0,0,1,0,0,0
квітнеючы,0,0,0,0,1,0,1,0,0,0
прастытутка,0,0,1,0,0,1,0,0,0,0
прастытуцыя,0,0,1,0,0,1,0,1,0,0
ніцма,0,0,0,0,0,0,0,0,0,0
галоўны герой,0,0,0,0,0,0,0,0,0,0
абараняць,0,0,0,0,0,0,1,0,0,0
ахоўваецца,0,0,0,0,0,0,0,0,0,1
абараняючы,0,0,0,0,0,0,1,0,0,1
абарона,0,0,0,0,0,0,0,0,0,0
ахоўныя,0,0,0,0,0,0,1,0,0,0
абаронца,0,0,0,0,0,0,1,0,0,1
бялок,0,0,0,0,0,0,0,0,0,0
пратэставаць,0,0,0,0,0,0,0,0,0,0
пратакол,0,0,0,0,0,0,0,0,0,0
прататып,0,0,0,0,0,0,0,0,0,0
найпростыя,0,0,0,0,0,0,0,0,0,0
зацяжны,0,0,0,0,0,0,0,0,0,0
выступаць,0,0,0,0,0,0,0,0,0,0
пратрузія,0,0,0,0,0,0,0,0,0,0
ганарлівы,0,1,0,0,1,0,1,0,0,1
даказаць,0,0,0,0,0,0,1,0,0,0
даказана,0,0,0,0,0,0,0,0,0,1
прыказка,0,0,0,0,0,0,0,0,0,0
прыказка,0,0,0,0,0,0,1,0,0,0
забяспечыць,0,0,0,0,0,0,1,0,0,1
пры ўмове,0,0,0,0,0,0,0,0,0,0
провід,0,0,0,0,0,0,0,0,0,0
забеспячэнне,0,1,0,0,1,0,1,0,0,1
правінцыя,0,0,0,0,0,0,0,0,0,0
правінцыйны,0,0,0,0,0,0,0,0,0,0
забеспячэнне,0,0,0,0,0,0,0,0,0,0
часова,0,0,0,0,0,0,0,0,0,0
палажэнні,0,0,0,0,0,0,0,0,0,0
агаворка,0,0,0,0,0,0,0,0,0,1
правакацыя,1,0,0,0,0,1,0,0,0,0
правакацыйны,0,0,0,0,0,0,0,0,0,0
правакуючы,1,0,1,0,0,1,0,0,0,0
прарэктар,0,0,0,0,0,0,0,0,0,0
доблесць,0,0,0,0,0,0,0,0,0,0
красціся,0,0,0,1,0,0,0,0,1,0
праксімальных,0,0,0,0,0,0,0,0,0,0
недалёкі,0,0,0,0,0,0,0,0,0,0
блізкасць,0,0,0,0,0,0,0,0,0,0
проксі,0,0,0,0,0,0,0,0,0,1
разважлівасць,0,0,0,0,0,0,1,0,0,0
разважлівы,0,0,0,0,0,0,1,0,0,1
чарнасліў,0,0,0,0,0,0,0,0,0,0
падкопваць,1,1,0,0,0,1,0,0,0,1
дапытлівы,0,0,0,0,0,1,0,0,0,0
псалом,0,0,0,0,0,0,1,0,0,0
псеўда,0,0,0,0,0,0,0,0,0,0
псеўданім,0,0,0,0,0,0,0,0,0,0
псіхіку,0,0,0,0,0,0,0,0,0,0
псіхічнае,0,0,0,0,0,0,0,0,0,0
экстрасэнсы,0,0,0,0,0,0,0,0,0,0
псіхалагічны,0,0,0,0,0,0,0,0,0,0
псіхолаг,0,0,0,0,0,0,0,0,0,0
псіхалогіі,0,0,0,0,0,0,0,0,0,0
псіхоз,1,0,0,1,0,1,0,1,0,0
паб,0,0,0,0,0,0,0,0,0,0
палавое паспяванне,0,0,0,0,0,0,0,0,0,0
опушенные,0,0,0,0,0,0,0,0,0,0
грамадскасць,0,1,0,0,0,0,1,0,0,0
публікацыі,0,0,0,0,0,0,0,0,0,0
публіцыст,0,0,0,0,0,1,0,0,0,0
публічнасць,0,0,0,0,0,0,0,0,0,0
публічна,0,0,0,0,0,0,0,0,0,0
апублікаваць,0,0,0,0,0,0,0,0,0,0
апублікавана,0,0,0,0,0,0,0,0,0,0
выдавец,0,0,0,0,0,0,0,0,0,0
пудынг,0,0,0,0,0,0,0,0,0,0
лужына,0,0,0,0,0,0,0,0,0,0
зацяжка,0,0,0,0,0,0,0,0,0,0
азызлы,0,0,0,0,0,1,0,0,0,0
мопс,0,0,0,0,0,0,0,0,0,0
ванітаваць,0,0,1,0,0,0,0,0,0,0
цягнуць,0,0,0,0,0,0,1,0,0,0
шкіў,0,0,0,0,0,0,0,0,0,0
пуловер,0,0,0,0,0,0,0,0,0,0
лёгачны,0,0,0,0,0,0,0,0,0,0
мякаць,0,0,0,0,0,0,0,0,0,0
амбон,0,0,0,0,0,0,1,0,0,0
пульсацыя,0,0,0,0,0,0,0,0,0,0
пульс,0,0,0,0,0,0,0,0,0,0
пума,0,0,0,1,0,0,0,0,1,0
помпа,0,0,0,0,0,0,0,0,0,0
каламбур,0,0,0,0,0,0,0,0,0,0
ўдар,1,0,0,1,0,1,0,1,1,0
пунктуальны,0,1,0,0,0,0,1,0,0,1
пунктуальнасць,0,0,0,0,0,0,1,0,0,0
пунктуальна,0,0,0,0,0,0,0,0,0,0
знакі прыпынку,0,0,0,0,0,0,0,0,0,0
пракол,0,0,0,0,0,0,0,0,0,0
эксперт,0,0,0,0,0,0,0,0,0,0
востры,0,0,1,0,0,1,0,0,0,0
караць,0,0,0,1,0,1,0,0,0,0
пакараны,1,1,1,1,0,1,0,1,0,0
караючы,1,0,0,1,0,1,0,1,0,0
пакаранне,1,0,1,1,0,1,0,0,0,0
карныя,1,0,0,1,0,1,0,1,0,0
панк,0,0,0,0,0,0,0,0,0,0
пунт,0,1,0,0,0,0,0,0,0,0
нікчэмны,0,0,0,0,0,0,0,0,0,0
шчанюк,0,0,0,0,0,0,0,0,0,0
вучань,0,0,0,0,0,0,0,0,0,0
лялечны,0,0,0,0,0,0,0,0,0,0
шчанюк,0,1,0,0,0,0,1,0,0,1
купля,0,0,0,0,0,0,0,0,0,0
пакупнік,0,0,0,0,0,0,0,0,0,0
пакупкі,0,0,0,0,0,0,0,0,0,0
пюрэ,0,0,0,0,0,0,0,0,0,0
чыста,0,0,0,0,0,0,1,0,0,1
чысцец,0,0,1,1,0,1,0,0,0,0
чыстка,0,0,0,1,0,1,0,0,0,0
ачышчэнне,0,0,0,0,0,0,1,0,0,1
ачысціць,0,0,0,0,1,0,1,0,0,1
пурыст,0,0,0,0,0,0,1,0,0,0
чысціня,0,0,0,0,0,0,1,0,1,0
фіялетавы,0,0,0,0,0,0,0,0,0,0
сэнс,0,0,0,0,0,0,0,0,0,0
прызначэнне,0,0,0,0,0,0,0,0,0,0
наўмысна,0,0,0,0,0,0,0,0,0,0
варкатанне,0,0,0,0,1,0,1,0,0,1
кашалёк,0,0,0,0,0,0,0,0,0,0
выкананне,0,0,0,0,0,0,0,0,0,0
пераследуючы,0,0,0,0,0,0,0,0,0,0
пераслед,0,0,0,0,0,0,0,0,0,0
пастаўшчык,0,0,0,0,0,0,0,0,0,0
кампетэнцыя,0,0,0,0,0,0,0,0,0,0
гной,0,0,1,0,0,1,0,0,0,0
штуршок,0,0,0,0,0,0,0,0,0,0
штурханне,0,0,0,0,0,0,0,0,0,0
коцік,0,0,0,0,0,0,0,0,0,0
шапіках,0,0,0,0,0,0,0,0,0,0
котка,0,0,0,0,0,0,0,0,0,0
пакласці,0,0,0,0,0,0,0,0,0,0
меркаваны,0,0,0,0,0,0,0,0,0,1
ставіць,0,0,0,0,0,0,0,0,0,0
шпатлёўка,0,0,0,0,0,0,0,0,0,0
збянтэжаны,0,0,0,0,0,0,0,0,0,0
загадкавым,0,0,0,0,0,0,0,0,0,0
пігмей,0,0,0,0,0,0,0,0,0,0
піраміда,0,0,0,0,0,0,0,0,0,0
пірамідальны,0,0,0,0,0,0,0,0,0,0
піратэхніка,0,0,0,0,0,0,0,0,0,0
квактуха,0,0,1,0,0,1,0,0,0,0
чатырох'ядравы,0,0,0,0,0,0,0,0,0,0
чатырохкутнік,0,0,0,0,0,0,0,0,0,0
квадрант,0,0,0,0,0,0,0,0,0,0
квадратычны,0,0,0,0,0,0,0,0,0,0
квадратура,0,0,0,0,0,0,0,0,0,0
чатырохмясцовы,0,0,0,0,0,0,0,0,0,0
чатырохполюснік,0,0,0,0,0,0,0,0,0,0
дрыгва,0,0,1,0,0,1,0,0,0,0
перапёлкі,0,0,0,1,0,1,0,0,0,0
мудрагелісты,0,0,0,0,1,0,1,0,0,1
землятрус,0,0,0,1,0,0,0,0,0,0
кваліфікаваны,0,0,0,0,0,0,1,0,0,1
кваліфікавацца,0,0,0,0,0,0,0,0,0,0
кваліфікацыйны,0,0,0,0,0,0,1,0,0,0
якасці,0,0,0,0,0,0,0,0,0,0
якасць,0,0,0,0,0,0,0,0,0,0
цяжкая сітуацыя,1,0,0,1,0,1,0,0,0,0
колькасна,0,0,0,0,0,0,0,0,0,0
колькасныя,0,0,0,0,0,0,0,0,0,0
колькасна,0,0,0,0,0,0,0,0,0,0
колькасць,0,0,0,0,0,0,0,0,0,0
квантавая,0,0,0,0,0,0,0,0,0,0
каранцін,0,0,0,1,0,0,0,0,0,0
сварыцца,1,0,0,0,0,1,0,0,0,0
кар'ер,0,0,0,0,0,0,0,0,0,0
кварта,0,0,0,0,0,0,0,0,0,0
квартал,0,0,0,0,0,0,0,0,0,0
чвартавалі,0,0,0,0,0,0,0,0,0,0
чвэрці,0,0,0,0,0,0,0,0,0,0
квартэт,0,0,0,0,0,0,0,0,0,0
квартыль,0,0,0,0,0,0,0,0,0,0
кварта,0,0,0,0,0,0,0,0,0,0
кварц,0,0,0,0,0,0,0,0,0,0
адмяніць,0,0,0,1,0,1,0,0,0,0
квазі,0,0,0,0,0,0,0,0,0,0
чацвярцічны,0,0,0,0,0,0,0,0,0,0
набярэжная,0,0,0,0,0,0,0,0,0,0
каралева,0,0,0,0,0,0,0,0,0,0
душыць,0,0,0,0,0,1,0,0,0,0
патушыць,0,0,0,0,0,0,0,0,0,0
запыт,0,0,0,0,0,0,0,0,0,0
квэст,0,1,0,0,0,0,1,0,0,0
пытанне,0,0,0,0,0,0,1,0,0,0
сумніўнае,0,0,1,0,0,1,0,0,0,0
допыт,0,0,0,0,0,0,0,0,0,0
чарга,0,0,0,0,0,0,0,0,0,0
паскарацца,0,1,0,0,0,0,0,0,0,0
хутка,0,0,0,0,0,0,0,0,0,0
шпаркасць,0,0,0,0,0,0,1,0,1,0
жыўнасць,0,0,0,0,0,1,0,0,1,0
фунтаў стэрлінгаў,0,0,0,0,0,0,0,0,0,0
спакойны,0,0,0,0,0,0,1,0,0,0
ціхі,0,0,0,0,0,0,1,1,0,0
ціха,0,0,0,0,0,0,0,0,0,0
пяро,0,0,0,0,0,0,0,0,0,0
коўдра,0,0,0,0,0,0,0,0,0,0
хінін,0,0,0,0,0,0,1,0,0,0
кінуць паліць,0,0,0,0,0,1,0,0,0,0
кідае,0,0,0,0,0,0,0,0,0,0
калчан,0,0,0,1,0,1,0,0,0,0
дрыготкі,0,0,0,1,0,1,0,0,0,0
віктарына,0,0,0,0,0,1,0,0,0,0
кворум,0,0,0,0,0,0,0,0,0,0
квота,0,0,0,0,0,0,0,0,0,0
цытата,0,0,0,0,0,0,0,0,0,0
цытата,0,1,0,0,0,1,1,0,1,0
каэфіцыент,0,0,0,0,0,0,0,0,0,0
трусік,0,0,0,0,0,0,0,0,0,0
зброд,1,0,0,1,0,1,0,0,0,0
шалёны,1,1,1,1,0,1,0,1,0,0
шаленства,0,0,0,0,0,1,0,0,0,0
раса,0,0,0,0,0,0,0,0,0,0
скакавы конь,0,0,0,0,0,0,0,0,0,0
гоншчык,0,0,0,0,0,0,0,0,0,0
стойка,0,0,0,0,0,1,0,1,0,0
ракетка,0,0,0,0,0,1,0,0,0,0
стэлажы,0,0,0,0,0,0,0,0,0,0
пікантны,0,0,0,0,0,0,0,0,0,0
радар,0,0,0,0,0,0,0,0,0,1
ззянне,0,1,0,0,1,0,1,0,0,1
зіхатлівы,0,0,0,0,1,0,1,0,0,0
выпраменьваць,0,0,0,0,0,0,1,0,0,0
выпраменьванне,0,0,0,1,0,1,0,0,0,0
радыкальна,0,0,0,0,0,0,0,0,0,0
радыё,0,0,0,0,0,0,1,0,0,0
радыеактыўны,0,0,0,1,0,1,0,0,0,0
радыеактыўнасць,0,0,0,0,0,0,0,0,0,0
рэнтгенаграме,0,0,0,0,0,0,0,0,0,0
рэнтгенаграфія,0,0,0,0,0,0,0,0,0,0
рэнтгеналогіі,0,0,0,0,0,0,0,0,0,0
радый,0,0,0,0,0,0,0,0,0,0
радыус,0,0,0,0,0,0,0,0,0,0
радон,0,0,0,1,0,1,0,0,0,0
розыгрыш,0,1,0,0,0,0,0,0,1,0
плыт,0,0,0,0,0,0,0,0,0,0
лютасць,1,0,0,0,0,1,0,0,0,0
ірваны,0,0,0,0,0,0,0,0,0,0
бушуе,1,0,1,1,0,1,0,0,0,0
анучы,0,0,1,0,0,1,0,0,0,0
налёт,1,0,0,1,0,1,0,0,1,0
чыгуначны,1,1,0,0,0,1,0,0,0,0
парэнчы,0,0,0,0,0,0,0,0,0,0
чыгунка,0,0,0,0,0,0,0,0,0,0
чыгунка,0,0,0,0,0,0,0,0,0,0
адзенне,0,0,0,0,0,0,0,0,0,0
дождж,0,0,0,0,0,0,0,0,0,0
плашч,0,0,0,0,0,0,0,0,0,0
ападкаў,0,0,0,0,0,0,0,0,0,0
дажджлівы,0,0,0,0,0,0,0,1,0,0
падняць,0,0,0,0,0,0,0,0,0,0
падняў,0,0,0,0,0,0,0,0,0,0
павышэнне,0,0,0,0,0,0,0,0,0,0
граблі,0,0,0,0,0,0,0,0,0,0
мітынг,0,0,0,0,0,0,0,0,0,0
баран,1,1,0,0,0,1,0,0,0,0
бадзяцца,0,0,0,0,0,0,0,0,0,0
бязладны,0,0,0,0,0,1,0,0,0,0
пандус,0,0,0,0,0,0,0,0,0,0
шаленства,1,0,0,1,0,1,0,0,0,0
ранча,0,0,0,0,0,0,0,0,0,0
прагорклым,0,0,1,0,0,1,0,0,0,0
выпадковым чынам,0,0,0,0,0,0,0,0,1,0
выпадковасць,0,0,0,0,0,0,0,0,0,0
рэндзі,0,0,0,0,0,0,0,0,0,0
рэйнджар,0,0,0,0,0,0,0,0,0,1
ранг,0,0,0,0,0,0,0,0,0,0
выкуп,1,0,0,1,0,1,0,0,0,0
гаманіць,0,0,0,0,0,0,0,0,0,0
рэп,0,0,0,0,0,0,0,0,0,0
згвалтаванне,1,0,1,1,0,1,0,1,0,0
хуткі,0,0,0,0,0,0,0,0,1,0
імклівасць,0,0,0,0,0,0,0,0,0,0
парогі,0,0,0,0,0,0,0,0,0,0
рэп,1,0,0,0,0,0,0,0,0,0
захоплены,0,0,0,0,1,0,1,0,1,1
драпежныя жывёлы,0,0,0,1,0,1,0,0,0,0
захапленне,0,1,0,0,1,0,1,0,0,0
рэдка,0,0,0,0,0,0,0,0,0,0
рэдкасць,0,0,0,0,0,0,0,0,1,0
нягоднік,1,0,1,1,0,1,0,0,0,0
сып,0,0,1,0,0,1,0,0,0,0
пацук,0,0,1,1,0,1,0,0,0,0
храпавік,0,0,0,0,0,0,0,0,0,0
стаўка,0,0,0,0,0,0,0,0,0,0
ратыфікацыі,0,0,0,0,0,0,0,0,0,0
ратыфікаваць,0,0,0,0,0,0,0,0,0,1
рэйтынг,1,0,0,1,0,1,0,1,0,0
суадносіны,0,0,0,0,0,0,0,0,0,0
рацыён,0,0,0,0,0,0,0,0,0,0
рацыянальны,0,0,0,0,0,0,1,0,0,1
абгрунтаванне,0,0,0,0,0,0,0,0,0,0
рацыяналізм,0,0,0,0,0,0,0,0,0,0
рацыянальнасць,0,0,0,0,0,0,0,0,0,0
ротанга,0,0,0,0,0,0,0,0,0,0
бразготка,0,0,0,0,0,0,0,0,0,0
грымучая змяя,0,0,0,1,0,0,0,0,0,0
хрыплы,0,0,0,0,0,1,0,0,0,0
трызніць,1,0,1,0,1,1,1,0,1,1
крумкач,0,0,0,0,0,0,0,0,0,0
пражэрлівы,1,0,0,1,0,1,0,1,0,0
яр,0,0,0,1,0,0,0,0,0,0
трызненне,1,1,0,1,1,1,0,0,1,0
сырамятнай скуры,0,0,0,0,0,0,0,0,0,0
прамень,0,0,0,0,0,0,0,0,0,0
брытва,0,0,0,1,0,0,0,0,0,0
дасягнуць,0,0,0,0,0,0,0,0,0,0
рэагаваць,1,0,0,1,0,0,0,0,0,0
рэакцыйны,0,0,0,0,0,1,0,0,0,0
чытаць,0,0,0,0,0,0,0,0,0,0
чытач,0,0,0,0,0,0,1,0,0,0
чытацкай аўдыторыі,0,0,0,0,0,0,0,0,0,0
лёгка,0,0,0,0,0,0,1,0,0,0
гатоўнасць,0,1,0,0,1,0,1,0,0,1
чытанне,0,0,0,0,0,0,1,0,0,0
санацыя,0,0,0,0,0,0,0,0,0,0
гатовы,0,1,0,0,0,0,0,0,0,0
пацвердзіць,0,0,0,0,0,0,1,0,0,0
рэагент,0,0,0,0,0,0,0,0,0,0
рэальныя,0,0,0,0,0,0,1,0,0,1
рэалізм,0,0,0,0,0,0,0,0,0,0
рэалістычны,0,0,0,0,0,0,0,0,0,0
рэальнасць,0,0,0,0,0,0,0,0,0,0
вобл,0,0,0,0,0,0,0,0,0,0
нерухомасць,0,0,0,0,0,0,0,0,0,0
паварот,0,0,0,0,0,0,0,0,0,0
жаць,0,0,0,0,0,0,0,0,0,0
зноў з'явіцца,0,0,0,0,0,0,0,0,1,0
тыл,0,0,0,0,0,1,0,0,0,0
пераставіць,0,0,0,0,0,0,0,0,0,0
перастаноўка,0,0,0,0,0,0,0,0,0,0
прычына,0,0,0,0,0,0,1,0,0,0
разумнасць,0,0,0,0,0,0,0,0,0,0
развагі,0,0,0,0,0,0,0,0,0,0
прычыны,0,0,0,0,0,0,0,0,0,0
зноў сабраць,0,0,0,0,0,0,0,0,0,0
заспакаенне,0,0,0,0,0,0,1,0,0,1
супакоіць,0,0,0,0,0,0,1,0,0,1
супакоіў,0,0,0,0,0,0,0,0,0,0
абнадзейвае,0,0,0,0,0,0,0,0,0,0
скідка,0,0,0,0,0,0,1,0,0,0
паўстанец,1,0,0,1,0,1,0,0,0,0
паўстанне,1,0,1,1,0,0,0,0,0,0
адраджаецца,0,0,0,0,0,0,0,0,0,0
адскок,0,0,0,0,0,0,0,0,0,0
перабудаваць,0,0,0,0,0,0,0,0,0,0
папрок,0,0,0,0,0,1,0,0,0,0
абвяргаць,0,0,0,0,0,1,0,0,0,0
непакорлівы,1,0,1,0,0,1,0,0,0,0
адклікаць,0,0,0,0,0,0,0,0,0,0
перапрацаваць,0,0,0,0,0,0,1,0,0,0
адступаць,0,0,0,0,0,0,0,0,0,0
адыходзячы,0,0,0,0,0,0,0,0,0,0
распіска,0,0,0,0,0,0,0,0,0,0
квітанцыі,0,0,0,0,0,0,0,0,0,0
атрымаў,0,0,0,0,0,0,1,0,0,0
прыёмнік,0,0,0,0,0,0,0,0,0,0
атрыманне,0,1,0,0,1,0,1,0,1,0
нядаўні,0,0,0,0,0,0,0,0,0,0
ёмістасць,0,0,0,0,0,0,0,0,0,0
прыём,0,0,0,0,0,0,0,0,0,0
паглыбленне,0,0,0,0,0,0,0,0,0,0
паглыбленні,0,0,0,1,0,0,0,0,0,0
рэцэсія,1,0,1,1,0,1,0,1,0,0
пошук,0,0,0,0,0,0,1,0,0,0
рэцыдыўнай злачыннасці,1,0,1,0,0,1,0,1,0,0
рэцэпт,0,0,0,0,0,0,0,0,0,0
атрымальнік,0,1,0,0,0,0,0,0,0,0
узаемны,0,0,0,0,0,0,0,0,0,0
адказваць узаемнасцю,0,0,0,0,0,0,1,0,0,0
узаемнасць,0,0,0,0,0,0,0,0,0,0
канцэрт,0,0,0,0,0,0,0,0,0,0
дэкламацыя,0,0,0,0,0,0,0,0,0,0
дэкламаваць,0,0,0,0,0,0,0,0,0,0
безразважны,1,0,0,1,0,1,0,0,0,0
неразважлівасць,1,0,1,1,0,1,0,0,1,0
разлік,0,0,0,0,0,0,0,0,0,0
меліярацыя,0,0,0,0,0,0,1,0,0,0
ляжаць,0,0,0,0,0,0,1,0,0,1
пустэльнік,0,0,0,0,0,0,0,0,0,0
прызнанне,0,0,0,0,0,0,0,0,0,0
пазнавальны,0,1,0,0,0,0,1,0,0,0
прызнаны,0,0,0,0,0,0,0,0,0,0
аддача,0,0,0,0,0,0,0,0,0,0
успомніць,0,0,0,0,0,0,0,0,0,0
успамін,0,0,0,0,0,0,0,0,0,0
рэкамбінантныя,0,0,0,0,0,0,0,0,0,0
рэкамбінацыя,0,1,0,0,0,0,0,0,0,0
рэкамендаваць,0,0,0,0,0,0,1,0,0,1
рэкамендацыя,0,0,0,0,0,0,0,0,0,0
кампенсацыя,0,0,0,0,0,0,0,0,0,0
прымірыцца,0,0,0,0,0,0,0,0,0,0
прымірэнне,0,1,0,0,1,0,1,0,0,1
разведка,0,0,0,0,0,0,0,0,0,0
перагледзець,0,0,0,0,0,0,0,0,0,0
перагляд,0,0,0,0,0,0,1,0,0,1
аднаўленне,0,0,0,0,0,0,0,0,0,0
рэканструяваць,0,1,0,0,0,0,1,0,0,0
рэканструкцыя,0,1,0,0,0,0,1,0,0,0
запіс,0,0,0,0,0,0,0,0,0,0
дыктафон,0,0,0,0,0,0,1,0,0,0
запіс,0,0,0,0,0,0,0,0,0,0
пералічваць,0,0,0,0,0,0,0,0,0,0
акупіць,0,0,0,0,0,0,1,0,0,0
зварот,0,0,0,0,0,0,0,0,0,0
падлягае аднаўленню,0,0,0,0,0,0,0,0,0,0
аднаўленне,0,0,0,0,0,0,1,0,0,0
адпачынку,0,1,0,0,1,0,1,0,0,0
рэкрэацыйны,0,1,0,0,1,0,1,0,0,0
набіраць,0,0,0,0,0,0,0,0,0,0
вярбоўка,0,0,0,0,0,0,0,0,0,0
навабранцы,0,0,0,0,0,0,0,0,0,1
прастакутнік,0,0,0,0,0,0,0,0,0,0
прамавугольны,0,0,0,0,0,0,0,0,0,0
выпраўленне,0,0,0,0,0,0,0,0,0,0
выправіць,0,0,0,0,0,0,1,0,0,0
рэктара,0,0,0,0,0,0,0,0,0,0
плябанія,0,0,0,0,0,0,0,0,0,0
ляжачы,0,0,0,0,0,0,0,0,0,0
аздараўленне,0,0,0,0,0,0,0,0,0,0
паўтарацца,0,0,0,0,0,0,0,0,0,0
рэцыдыў,0,0,0,0,0,0,0,0,0,0
рэцыдывавальны,0,1,0,0,0,0,0,0,0,0
паўтаральны,0,0,0,0,0,0,0,0,0,0
рэкурсія,0,0,0,0,0,0,0,0,0,0
рэкурсіўны,0,0,0,0,0,0,0,0,0,0
рэкурсіўна,0,0,0,0,0,0,0,0,0,0
чырвоны,0,0,0,0,0,0,0,0,0,0
чырванаваты,0,0,0,0,0,0,0,0,0,0
выкуп,0,0,0,0,0,0,1,0,0,0
пачырваненне,0,0,0,0,0,0,0,0,0,0
кампенсаваць,0,0,0,0,0,0,1,0,0,0
паменшаны,0,0,0,0,0,0,0,0,0,0
скарачэнне,0,0,0,0,0,0,0,0,0,0
празмернасць,0,0,0,0,0,0,0,0,0,0
залішняя,0,0,0,0,0,1,0,0,0,0
чарот,0,0,0,0,0,0,0,0,0,0
рыф,0,0,0,0,0,0,0,0,0,0
рыфы,0,0,0,0,0,0,0,0,0,0
шпулька,0,0,0,0,0,0,0,0,0,0
аднавіць,0,0,0,0,0,0,0,0,0,0
рэферы,0,0,0,0,0,0,0,0,0,1
спасылка,0,0,0,0,0,0,0,0,0,0
рэферэндум,0,0,0,0,0,0,0,0,0,0
рафінаваць,0,0,0,0,0,0,1,0,0,0
вытанчанасць,0,0,0,0,0,0,1,0,0,0
НПЗ,0,0,0,0,0,0,0,0,0,0
рафінаванне,0,0,0,0,0,0,0,0,0,0
пераабсталяваць,0,0,0,0,0,0,0,0,0,0
адлюстроўваць,0,0,0,0,0,0,0,0,0,0
адлюстроўваючы,0,0,0,0,0,0,0,0,0,0
адлюстраванне,0,0,0,0,0,0,0,0,0,0
святлоадбівальны,0,0,0,0,0,0,0,0,0,0
адбівальнік,0,0,0,0,0,0,0,0,0,0
рэфлекс,0,0,0,0,0,0,0,0,1,0
рэфлюкс,0,0,1,0,0,1,0,0,0,0
рэформа,0,0,0,0,0,0,1,0,0,0
рэфармаванне,0,0,0,0,0,0,1,0,0,0
рэфарматар,0,0,0,0,0,0,1,0,0,0
праламленне,0,0,0,0,0,0,0,0,0,0
рэфрактар,0,0,0,0,0,0,0,0,0,0
вогнетрывалы,0,0,0,0,0,1,0,0,0,0
прыпеў,0,0,0,0,0,0,0,0,0,0
устрымліваючыся,0,0,0,0,0,0,0,0,0,0
асвяжальны,0,0,0,0,0,0,1,0,0,0
захоўваць у халадзільніку,0,0,0,0,0,0,0,0,0,0
астуджэнне,0,0,0,0,0,0,0,0,0,0
халадзільнік,0,0,0,0,0,0,0,0,0,0
прытулак,0,0,0,0,0,0,0,0,0,0
бежанец,0,0,0,0,0,0,0,1,0,0
вяртанне грошай,0,0,0,0,0,0,0,0,0,0
адрамантаваць,0,0,0,0,0,0,1,0,0,0
адмова,0,0,0,0,0,1,0,0,0,0
адмовіцца,0,0,0,0,0,1,0,0,0,0
адмовіўся,0,0,0,0,0,1,0,1,0,0
адмаўляючыся,0,0,0,0,0,0,0,0,0,0
абвяржэнне,0,0,0,1,0,0,0,0,0,0
абвяргаць,0,0,0,0,0,0,0,0,0,0
аднавіць,0,0,0,0,0,0,0,0,0,0
царскі,0,0,0,0,0,0,1,0,0,1
рэгаліі,0,0,0,0,0,0,0,0,0,0
рэгата,0,1,0,0,0,0,0,0,0,0
рэгенцтва,0,0,0,0,0,0,0,0,0,0
рэгенераваць,0,0,0,0,0,0,0,0,0,0
рэгенерацыя,0,0,0,0,0,0,0,0,0,0
рэгент,0,0,0,0,0,0,1,0,0,1
рэжым,0,0,0,0,0,0,0,0,0,0
рэжым,0,0,0,0,0,0,0,0,0,0
палка,0,0,0,1,0,0,0,0,0,0
вобл,0,0,0,0,0,0,0,0,0,0
рэгіянальны,0,0,0,0,0,0,0,0,0,0
краёвасць,0,0,0,0,0,0,0,0,0,0
зарэгістравацца,0,0,0,0,0,0,0,0,0,0
рэгістратар,0,0,0,0,0,0,0,0,0,0
рэгістрацыя,0,0,0,0,0,0,0,0,0,0
рэестр,0,0,0,0,0,0,0,0,0,1
рэгрэс,0,0,0,0,0,1,0,0,0,0
рэгрэс,0,0,0,0,0,1,0,0,0,0
рэгрэсіўны,0,0,0,0,0,1,1,0,0,0
шкадаваць,0,0,0,0,0,1,0,1,0,0
шкадавання,0,0,0,0,0,1,0,1,0,0
пашкадаваў,0,0,0,0,0,1,0,1,0,0
шкадуючы,0,0,0,0,0,1,0,1,0,0
рэгулярны,0,0,0,0,0,0,0,0,0,0
рэгулярнасць,0,1,0,0,0,0,1,0,0,1
заўсёднікі,0,0,0,0,0,0,0,0,0,0
рэгуляваць,0,0,0,0,0,0,1,0,0,0
рэгламентаваны,0,0,0,0,0,0,0,0,0,0
рэгуляванне,0,0,0,0,0,0,0,0,0,0
нарматыўная,0,0,0,1,0,1,0,0,0,0
регургитация,0,0,1,0,0,0,0,0,0,0
рэабілітаваць,0,0,0,0,0,0,1,0,0,0
рэабілітацыя,0,1,0,0,0,0,1,0,0,0
рэпетыцыя,0,0,0,0,0,0,0,0,0,0
княжанне,0,0,0,0,0,0,0,0,0,0
кампенсаваць,0,0,0,0,0,0,1,0,0,0
кампенсацыя,0,0,0,0,0,0,1,0,0,1
лейцы,0,0,0,0,0,1,0,0,0,0
паўночны алень,0,0,0,0,0,0,0,0,0,0
умацоўваць,0,0,0,0,0,0,0,0,0,0
армаванне,0,0,0,0,0,0,1,0,0,1
падмацавання,0,0,0,0,0,0,0,0,0,1
лейцы,0,0,0,0,0,0,0,0,0,0
пераўсталяваць,0,0,0,0,0,0,0,0,0,0
аднавіць,0,0,0,0,0,0,1,0,0,0
аднаўленне на працы,0,0,0,0,0,0,0,0,0,0
рэінвеставаць,0,0,0,0,0,0,0,0,0,0
рэінвеставанне,0,0,0,0,0,0,0,0,0,0
паўтарыць,0,0,0,0,0,0,0,0,0,0
адхіліць,1,0,0,1,0,1,0,1,0,0
адхілены,0,0,0,0,0,1,0,0,0,0
адмова,1,0,1,1,0,1,0,1,0,0
адхіляе,1,0,0,1,0,1,0,1,0,0
радавацца,0,1,0,0,1,0,1,0,1,1
радуючыся,0,1,0,0,1,0,1,0,1,0
зноў далучыцца,0,0,0,0,0,0,0,0,0,0
амалоджваць,0,0,0,0,0,0,1,0,0,0
памаладзела,0,0,0,0,0,0,1,0,0,0
распаліць,0,1,0,1,1,1,1,0,1,0
рэцыдыў,0,0,0,1,0,1,0,1,0,0
ставіцца,0,0,0,0,0,0,0,0,0,0
звязаныя,0,0,0,0,0,0,0,0,0,1
адносіны,0,0,0,0,0,0,0,0,0,0
адносіны,0,0,0,0,0,0,0,0,0,0
сваяк,0,0,0,0,0,0,0,0,0,1
адноснасці,0,0,0,0,0,0,0,0,0,0
рэлаксант,0,0,0,0,0,0,0,0,0,0
паслабленне,0,0,0,0,0,0,1,0,0,0
расслаблены,0,0,0,0,0,0,0,0,0,0
рэле,0,0,0,0,0,0,0,0,0,0
вызваленне,0,0,0,0,0,0,0,0,0,0
вызвалены,0,0,0,0,0,0,0,0,0,0
паніжэнне,0,0,0,0,0,1,0,0,0,0
рэлевантнасць,0,0,0,0,0,0,0,0,0,0
актуальныя,0,0,0,0,0,0,1,0,0,1
надзейнасць,0,0,0,0,0,0,1,0,0,1
надзейны,0,0,0,0,0,0,1,0,0,1
апора,0,0,0,0,0,0,1,0,0,1
рэліквія,0,0,0,0,0,0,0,0,0,0
рэліквіі,0,0,0,0,0,0,0,1,0,0
рэльеф,0,0,0,0,0,0,1,0,0,0
палёгку,0,0,0,0,0,0,1,0,0,0
рэлігія,0,0,0,0,0,0,0,0,0,1
рэлігійны,0,0,0,0,0,0,0,0,0,0
адмовіцца,0,0,0,0,0,1,0,0,0,0
смакаваць,0,0,0,0,0,0,0,0,0,0
нежаданне,0,0,0,0,0,0,0,0,0,0
неахвотна,0,0,0,1,0,1,0,0,0,0
астатак,0,0,0,0,0,0,0,0,0,0
засталося,0,0,0,0,0,0,0,0,0,0
застаецца,0,0,1,1,0,1,1,0,0,1
рымейк,0,0,0,0,0,0,1,0,0,0
заключаць пад варту,1,0,0,0,0,1,0,0,0,0
заўвага,0,0,0,0,0,0,0,0,0,0
выдатны,0,0,0,0,1,0,1,0,1,1
выдатна,0,0,0,0,0,0,1,0,0,0
лячэбны,0,0,0,0,0,1,0,0,0,0
сродак,0,1,0,0,1,0,1,0,0,1
запомніць,0,0,0,0,0,0,0,0,0,0
запомніўся,0,0,0,0,0,0,0,0,0,0
успамінаючы,0,0,0,0,0,0,0,0,0,0
памяць,0,0,0,0,0,0,0,0,0,0
нагадаць,0,0,0,0,0,0,0,0,0,0
напамін,0,0,0,0,0,0,0,0,0,0
недапушчэнне,1,0,1,0,0,1,0,1,0,0
рэмісія,0,0,0,0,0,0,1,0,0,0
даручаць,0,0,0,0,0,0,0,0,0,0
грашовы перавод,0,0,0,0,0,0,0,0,0,0
перажытак,0,0,0,0,0,0,0,0,0,0
перарабіць,0,0,0,0,0,0,1,0,0,0
раскаянне,0,0,0,0,0,1,0,1,0,0
аддалены,0,0,0,0,0,0,0,0,0,0
аддаленасць,0,0,0,0,0,0,0,0,0,0
выдаленне,0,0,0,0,0,1,0,0,0,0
выдаліць,1,0,0,1,0,1,0,1,0,0
ўзнагароджанне,0,0,0,0,0,0,0,0,0,0
рэнесанс,0,0,0,0,0,0,1,0,0,0
спатканне,0,0,0,0,0,1,0,0,0,0
разарваць,0,0,0,0,0,1,0,0,0,0
візуалізаваць,0,0,0,0,0,0,1,0,0,0
аказанне,0,0,0,0,0,0,0,0,0,0
рандэву,0,0,0,0,0,0,0,0,0,0
выкананне,0,0,0,0,0,0,0,0,0,0
рэнегат,1,0,0,0,0,1,0,0,0,0
абнаўленне,0,0,0,0,0,0,1,0,0,0
адракацца,1,0,0,0,0,1,0,0,0,0
рэканструяваць,0,1,0,0,0,0,1,0,0,0
адрамантаваны,0,0,0,0,0,0,0,0,0,0
рамонт,0,1,0,0,1,0,1,0,0,0
вядомасць,0,0,0,0,0,0,1,0,0,0
вядомы,0,0,0,0,0,0,1,0,0,0
арэнда,0,0,0,0,0,0,0,0,0,0
пракат,0,0,0,0,0,0,0,0,0,0
арандатар,0,0,0,0,0,0,0,0,0,0
адрачэнне,0,0,0,0,0,1,0,0,0,0
рэарганізацыя,0,0,0,0,0,0,0,0,0,0
рэарганізаваць,0,0,0,0,0,0,1,0,0,0
рамонт,0,0,0,0,0,0,0,0,0,0
рэпарацыя,0,0,0,0,0,0,1,0,0,1
пагашаць,1,1,0,0,1,0,1,0,0,1
пагашэнне,0,0,0,0,0,0,0,0,0,0
адмяніць,0,0,0,0,0,0,0,0,0,0
паўтараць,0,0,0,0,0,0,0,0,0,0
паўтараецца,0,0,0,0,0,0,0,0,0,0
неаднаразова,0,0,0,0,0,0,0,0,0,0
рэтранслятар,0,0,0,0,0,0,0,0,0,0
рэпелент,0,0,1,1,0,1,0,0,0,0
рэпеленты,1,0,1,1,0,1,0,0,0,0
адштурхвае,0,0,1,0,0,1,0,0,0,0
пакаяцца,0,0,0,1,0,0,1,0,0,0
пакаянне,0,0,0,0,0,0,0,0,0,0
рэпертуар,0,0,0,0,0,0,0,0,0,0
рэпертуар,0,0,0,0,0,0,0,0,0,0
паўтарэнне,0,0,0,0,0,0,0,0,0,0
замяніць,0,0,0,0,0,0,0,0,0,0
замена,0,0,0,0,0,0,0,0,0,0
папаўняць,0,0,0,0,0,0,1,0,0,0
перапоўнены,0,0,0,0,0,0,1,0,0,0
рэплікацыя,0,0,0,0,0,0,0,0,0,0
адказаць,0,0,0,0,0,0,0,0,0,0
даклад,0,0,0,0,0,0,0,0,0,0
паведамляецца,0,0,0,0,0,0,0,0,0,0
рэпарцёр,0,0,0,0,0,0,1,0,0,1
адпачынак,0,0,0,0,0,0,1,0,0,0
рэпазіцыі,0,0,0,0,0,0,0,0,0,0
сховішча,0,0,0,0,0,0,0,0,0,0
прадстаўніцтва,0,0,0,0,0,0,0,0,0,0
прадстаўнік,0,0,0,0,0,0,0,0,0,0
прадстаўлены,0,0,0,0,0,0,1,0,0,0
прадстаўляючы,0,1,0,0,0,0,0,0,0,0
рэпрэсаваць,0,0,0,0,0,1,0,1,0,0
рэпрэсаваны,0,0,0,0,0,0,0,0,0,0
рэпрэсіі,0,0,0,1,0,1,0,0,0,0
адтэрміноўка,0,0,0,0,0,0,0,0,0,0
вымова,1,0,0,0,0,1,0,0,0,0
перавыданне,0,0,0,0,0,1,0,0,0,0
расправа,1,0,0,1,0,1,0,1,0,0
рэпрыза,0,0,0,0,0,0,0,0,0,0
папрок,1,0,1,0,0,1,0,1,0,0
прайграваць,0,0,0,0,0,0,0,0,0,0
размнажэнне,0,0,0,0,0,0,0,0,0,0
рэпрадуктыўны,0,0,0,0,1,0,1,0,0,0
рэптылія,0,0,0,0,0,0,0,0,0,0
рэспублікі,0,0,0,0,0,1,0,0,0,0
рэспубліканскі,0,0,0,0,0,0,0,0,0,0
адмова,1,0,1,0,0,1,0,0,0,0
адштурхванне,0,0,1,1,0,1,0,0,0,0
выкуп,0,0,0,0,0,0,0,0,0,0
аўтарытэтны,0,0,0,0,0,0,1,0,0,1
рэпутацыя,0,0,0,0,0,0,0,0,0,0
рэпутацыя,0,0,0,0,0,0,0,0,0,0
запыт,0,0,0,0,0,0,0,0,0,0
рэквіем,0,0,0,0,0,0,0,1,0,0
патрабуецца,0,0,0,0,0,0,0,0,0,0
патрабаванне,0,0,0,0,0,0,0,0,0,0
рэквізіт,0,0,0,0,0,0,0,0,0,0
рэквізіцыя,0,0,0,0,0,0,0,0,0,0
адмяніць,0,0,0,0,0,1,0,0,0,0
скасаванне,0,0,0,0,0,1,0,0,0,0
выратаванне,0,1,0,0,1,0,1,0,1,1
даследаванні,0,0,0,0,0,0,0,0,0,0
рэзекцыя,0,0,0,1,0,0,0,0,0,0
падабенства,0,0,0,0,0,0,0,0,0,0
нагадваць,0,0,0,0,0,0,0,0,0,0
які нагадвае,0,0,0,0,0,0,0,0,0,0
абурацца,1,0,0,0,0,1,0,0,0,0
крыўдлівы,1,0,0,0,0,1,0,0,0,0
крыўда,1,0,1,0,0,1,0,1,0,0
браніраванне,0,0,0,0,0,0,0,0,0,0
рэзерв,0,0,0,0,0,0,1,0,0,0
зарэзерваваны,0,0,0,0,0,0,0,0,0,0
рэзервы,0,0,0,0,0,0,0,0,0,0
вадасховішча,0,0,0,0,0,0,0,0,0,0
пражываць,0,0,0,0,0,0,0,0,0,0
месца жыхарства,0,0,0,0,0,0,0,0,0,0
рэзідэнцыі,0,0,0,0,0,0,0,0,0,0
рэзідэнт,0,0,0,0,0,0,1,0,0,0
рэшткавы,0,0,0,0,0,0,0,0,0,0
астатак,0,0,0,0,0,0,0,0,0,0
сысці ў адстаўку,1,0,1,1,0,1,0,1,0,0
адстаўка,0,0,0,0,0,1,0,1,1,0
падаў у адстаўку,0,0,0,0,0,1,0,1,0,0
ўстойлівасць,0,0,0,0,0,0,0,0,0,0
пругкі,0,0,0,0,0,0,1,0,0,0
смала,0,0,0,0,0,0,0,0,0,0
супраціўляцца,0,0,0,0,0,1,0,0,0,0
супраціў,1,0,0,0,0,1,0,0,0,0
ўстойлівы,0,0,0,1,0,1,0,0,0,0
супраціўляючыся,1,0,0,1,0,1,0,1,0,0
рэзістыўны,0,0,0,0,0,0,1,0,0,0
рашучы,0,0,0,0,0,0,0,0,0,0
рашуча,0,0,0,0,0,0,1,0,0,0
дазвол,0,0,0,0,0,0,0,0,0,0
вырашыць,0,0,0,0,0,0,0,0,0,0
вырашана,0,0,0,0,0,0,0,0,0,0
рэзананс,0,0,0,0,0,0,0,0,0,0
рэзанансны,0,0,0,0,0,0,0,0,0,0
рэзаніраваць,0,0,0,0,0,0,0,0,0,0
рэзанатар,0,0,0,0,0,0,0,0,0,0
курорт,0,0,0,0,0,0,0,0,0,0
звонкі,0,0,0,0,0,0,0,0,0,0
рэсурсаў,0,0,0,0,1,0,1,0,0,1
павага,0,1,0,0,1,0,1,0,0,1
рэспектабельнасць,0,0,0,0,0,0,1,0,0,0
рэспектабельны,0,0,0,0,0,0,1,0,0,1
паважаны,0,0,0,0,0,0,0,0,0,0
паважлівы,0,0,0,0,0,0,1,0,0,1
паважаючы,0,0,0,0,0,0,1,0,0,0
адпаведны,0,0,0,0,0,0,0,0,0,0
паважае,0,0,0,0,0,0,1,0,0,1
дыханне,0,0,0,0,0,0,0,0,0,0
рэспіратар,0,0,0,0,0,0,0,0,0,0
перадышка,0,0,0,0,1,0,1,0,0,1
бліскучы,0,0,0,0,1,0,1,0,0,0
адказаць,0,0,0,0,0,0,0,0,0,0
рэспандэнт,0,0,0,0,0,0,0,0,0,0
адказ,0,0,0,0,0,0,0,0,0,0
адказнасць,0,0,0,0,0,0,0,0,0,0
адказны,0,0,0,0,0,0,1,0,0,1
спагадны,0,1,0,0,0,0,1,0,0,1
адпачынак,0,0,0,0,0,0,1,0,0,0
рэстаран,0,0,0,0,0,0,0,0,0,0
спакойны,0,0,0,0,0,0,1,0,0,0
рэстытуцыя,1,0,0,0,0,0,1,0,0,0
няўседлівасць,0,1,0,0,0,0,0,0,0,0
рэстаўрацыя,0,0,0,0,0,0,0,0,0,0
аднаўленчы,0,1,0,0,1,0,1,0,0,1
адноўлены,0,0,0,0,0,0,0,0,0,0
аднаўляючы,0,0,0,0,0,0,1,0,0,0
стрымліваць,1,0,0,1,0,1,0,0,0,0
стрыманы,0,0,0,1,0,0,0,0,0,0
стрыманасць,0,0,0,0,0,0,1,0,0,0
абмежаваць,0,0,0,0,0,1,0,1,0,0
абмежаваны,0,0,0,0,0,0,0,0,0,0
абмежаванне,1,0,0,1,0,1,0,1,0,0
абмежавальны,0,0,0,0,0,1,0,0,0,0
вынік,0,1,0,0,0,0,0,0,0,0
выніковы,0,1,0,0,0,0,0,0,0,0
аднаўленне,0,0,0,0,0,0,1,0,0,0
уваскрасенне,0,0,0,0,0,0,0,0,0,0
рэанімацыя,0,0,0,0,0,0,0,0,0,0
рознічны гандаль,0,0,0,0,0,0,0,0,0,0
рознічны гандляр,0,0,0,0,0,0,0,0,0,0
захаваць,0,0,0,0,0,0,0,0,0,1
захоўваючы,0,0,0,0,0,0,0,0,0,0
пераздаць,0,0,0,0,0,0,0,0,0,0
помсціць,1,0,0,0,0,1,0,0,0,0
адплата,1,0,0,1,0,1,0,0,0,0
у адказ,1,0,0,0,0,1,0,0,0,0
адсталы,0,0,1,1,0,1,0,1,0,0
адсталасць,0,0,0,0,0,1,0,0,0,0
захаванне,0,0,0,0,0,0,1,0,0,0
рэтэнцыйная,0,0,0,0,0,0,0,0,0,0
стрыманы,0,0,0,1,0,1,0,0,0,0
сятчатка,0,0,0,0,0,0,0,0,0,0
на пенсіі,0,0,0,0,0,0,0,0,0,0
выхад на пенсію,0,1,0,1,1,1,1,1,0,1
выхад на пенсію,0,0,0,0,0,0,0,0,0,0
пераказаў,0,0,0,0,0,0,0,0,0,0
рэпліка,0,0,0,0,0,1,0,0,0,0
адсочваць,0,0,0,0,0,0,0,0,0,0
адцягнуць,1,0,0,0,0,1,0,0,0,0
ўцягванне,0,0,0,0,0,1,0,0,0,0
скарачэнне штатаў,0,0,0,1,0,1,0,0,0,0
адплата,1,0,0,1,0,1,0,1,0,0
пошук,0,0,0,0,0,0,0,0,0,0
здабываць,0,0,0,0,0,0,0,0,0,0
рэтрывер,0,0,0,0,0,0,0,0,0,0
задняй датай,0,0,0,0,0,0,0,0,0,0
рэтраградны,0,0,0,0,0,1,0,0,0,0
рэтраспекцыя,0,0,0,0,0,0,0,0,0,0
рэтраспектыўны,0,0,0,0,0,0,0,0,0,0
рэтраспектыўна,0,0,0,0,0,0,0,0,0,0
вяртанне,0,0,0,0,0,0,0,0,0,0
уз'яднанне,0,1,0,0,0,0,1,0,0,1
раскрыць,0,0,0,0,0,0,0,0,0,0
разгуляцца,0,0,0,0,1,0,1,0,0,0
адкрыццё,0,0,0,0,0,0,0,0,0,0
гулянкі,0,0,0,0,1,0,1,0,0,0
помста,1,1,0,1,0,1,0,0,1,0
даход,0,0,0,0,0,0,0,0,0,0
рэверберацыя,0,0,0,0,0,0,0,0,0,0
шанаваць,0,1,0,0,1,0,1,0,0,1
шанаванне,0,0,0,0,1,0,1,0,0,1
вялебны,0,0,0,0,1,0,1,0,0,0
шаноўны,0,0,0,0,0,0,0,0,0,0
летуценнасць,0,0,0,0,1,0,1,0,0,1
разварот,1,0,1,0,0,1,0,0,1,0
зваротны,0,0,0,0,0,0,0,0,0,0
рэверсія,0,0,0,0,0,0,0,0,0,0
вярнуцца,0,0,0,0,0,0,0,0,0,0
вяртаючыся,0,0,0,0,0,0,0,0,0,0
агляд,0,0,0,0,0,0,0,0,0,0
рэцэнзент,0,0,0,0,0,0,0,0,0,0
перагледзець,0,0,0,0,0,0,1,0,0,0
рэвізія,0,0,0,0,0,0,0,0,0,0
перагледзець,0,0,0,0,0,0,0,0,0,0
адраджэнне,0,1,0,0,1,0,1,0,0,1
адрадзіць,0,1,0,0,0,1,1,0,0,0
адкліканне,0,0,0,0,0,1,0,0,0,0
адклікаць,1,0,1,1,0,1,0,1,0,0
бунт,1,0,0,0,0,1,0,0,1,0
агідны,1,0,1,1,0,1,0,0,0,0
рэвалюцыя,1,1,0,1,0,1,1,1,1,0
рэвалюцыйны,0,0,0,0,0,0,1,0,0,0
рэвалюцыянізаваць,0,0,0,0,0,0,0,0,0,0
круціцца,0,0,0,0,0,0,0,0,0,0
рэвальвер,1,0,0,1,0,1,0,1,0,0
агіда,1,0,1,1,0,1,0,0,0,0
Узнагарода,0,1,0,0,1,0,1,0,1,1
рыторыка,0,0,0,0,0,0,0,0,0,0
рытарычны,0,0,0,0,0,0,0,0,0,0
рэўматызм,1,0,0,1,0,1,0,1,0,0
рыфма,0,0,0,0,0,0,0,0,0,0
рыфмаваны,0,0,0,0,0,0,0,0,0,0
рытм,0,0,0,0,0,0,1,0,0,0
рытмічны,0,0,0,0,1,0,1,0,1,0
рэбры,0,0,0,0,0,0,0,0,0,0
рабрыстыя,0,0,0,0,0,0,0,0,0,0
стужка,1,1,0,0,1,0,1,0,0,0
рысу,0,0,0,0,0,0,0,0,0,0
багацці,0,0,0,0,0,0,0,0,0,0
багацце,0,0,0,0,0,0,1,0,0,0
Рык,0,0,0,0,0,0,0,0,0,0
рахітычны,0,0,0,0,0,1,0,0,0,0
пазбавіць,0,0,0,0,0,0,0,0,0,0
пазбаўленне,0,0,0,0,0,0,0,0,0,0
загадка,0,0,0,0,0,0,0,0,1,0
прасякнуты,0,0,0,0,0,1,0,0,0,0
ездзіць,0,0,0,0,0,0,0,0,0,0
вершнік,0,0,0,0,0,0,1,0,0,0
грэбень,0,0,0,0,0,0,0,0,0,0
насмешкі,1,0,1,0,0,1,0,1,0,0
смешна,1,0,1,0,0,1,0,0,0,0
верхавая язда,0,0,0,0,0,0,0,0,0,0
паўсюдна,0,0,0,0,0,1,0,0,0,0
вінтоўка,1,0,0,1,0,1,0,0,0,0
вінтоўкі,0,0,0,0,0,0,0,0,0,0
разлом,0,0,0,0,0,1,0,0,0,0
буравая ўстаноўка,0,0,0,0,0,0,0,0,0,0
такелаж,0,0,0,0,0,0,0,0,0,0
праведны,0,0,0,0,0,0,1,0,0,0
правамерна,0,0,0,0,0,0,1,0,0,0
правільна,0,0,0,0,0,0,1,0,0,0
жорсткі,0,0,0,0,0,1,0,0,0,0
калянасць,0,0,0,0,0,1,0,0,0,0
строгасць,0,0,1,1,0,1,0,0,0,0
строгі,0,0,0,0,0,1,0,0,0,0
вобад,0,0,0,0,0,0,0,0,0,0
лупіна,0,0,0,0,0,0,0,0,0,0
кальцо,0,0,0,0,0,0,0,0,0,0
званок,1,0,0,0,0,1,0,0,0,0
звонкі,0,0,0,0,0,0,0,0,0,0
каток,0,0,0,0,0,0,0,0,0,0
прамыць,0,0,0,0,0,0,0,0,0,0
бунт,1,0,0,1,0,1,0,0,0,0
буянскі,1,0,0,1,0,1,0,0,1,0
прыбярэжны,0,0,0,0,0,0,0,0,0,0
саспелыя,0,0,0,0,0,0,1,0,0,0
паспяваць,0,1,0,0,0,0,1,0,0,0
паспяванне,0,0,0,0,0,0,0,0,0,0
рабізна,0,0,0,0,0,0,0,0,0,0
падняцца,0,0,0,0,0,0,0,0,0,0
падымаючыся,0,1,0,0,1,0,1,0,0,0
рызыка,0,1,0,1,0,1,0,0,0,0
рызыкоўна,0,1,0,1,0,1,0,0,0,0
абрад,0,0,0,0,0,0,0,0,0,0
рытуал,0,0,0,0,0,0,0,0,0,0
абрадавыя,0,0,0,0,0,0,0,0,0,0
супернік,0,0,0,0,0,0,0,0,0,0
суперніцтва,1,0,0,0,0,1,0,0,0,0
рака,0,0,0,0,0,0,0,0,0,0
бераг ракі,0,0,0,0,0,0,0,0,0,0
заклёпкі,0,0,0,0,0,0,0,0,0,0
кляпаныя,0,0,0,0,0,0,0,0,0,0
заклёпвання,0,0,0,0,0,0,1,0,0,0
дарога,0,0,0,0,0,0,0,0,0,0
дарогі,0,0,0,0,0,0,0,0,0,0
родстэр,0,0,0,0,1,0,1,0,0,1
праезная частка,0,0,0,0,0,0,0,0,0,0
блукаць,0,0,0,0,0,0,0,0,0,0
роў,0,0,0,0,0,0,0,0,0,0
смажанае,0,0,0,0,0,0,0,0,0,0
рабаваць,1,0,1,1,0,1,0,1,0,0
разбойнік,0,0,1,1,0,1,0,0,0,0
рабаванне,1,0,1,1,0,1,0,1,0,0
халат,0,0,0,0,0,0,0,0,0,0
робат,0,0,0,0,0,0,0,0,0,0
робататэхніка,0,0,0,0,0,0,0,0,0,0
трывалы,0,0,0,0,0,0,1,0,0,0
Рок,0,0,0,0,0,0,0,0,0,0
рок,0,0,0,0,0,0,1,0,0,0
ракета,1,0,0,0,0,0,0,0,0,0
горныя пароды,0,0,0,0,0,0,0,0,0,0
стрыжань,0,0,0,1,0,0,1,0,0,1
казуля,0,0,0,0,0,0,0,0,0,0
ізгоі,0,0,1,0,0,1,0,0,0,0
ролю,0,0,0,0,0,0,0,0,0,0
рулет,0,0,0,0,0,0,0,0,0,0
валік,0,0,0,0,0,0,0,0,0,0
ролікі,0,0,0,0,0,0,0,0,0,0
шалапутны,0,0,0,0,1,0,1,0,0,0
пракаткі,0,0,0,0,0,0,0,0,0,0
рамантыка,0,1,0,1,1,0,1,1,1,1
рамантычны,0,1,0,0,1,0,1,0,0,1
рамантызм,0,0,0,0,1,0,1,0,0,0
валтузня,0,0,0,0,1,0,1,0,0,0
дах,0,0,0,0,0,0,0,0,0,0
ладдзя,1,0,1,0,0,1,0,0,0,0
пакой,0,0,0,0,0,0,0,0,0,0
прасторны,0,0,0,0,0,0,0,0,0,0
курасадні,0,0,0,0,0,0,0,0,0,0
певень,0,0,0,0,0,0,0,0,0,0
корань,0,0,0,0,0,0,0,0,0,0
ўкараніліся,0,0,0,0,0,0,1,0,0,1
вяроўка,0,0,0,0,0,0,0,0,0,0
ружанец,0,0,0,0,0,0,0,0,0,0
ружа,0,0,0,0,0,0,0,0,0,0
размарын,0,0,0,0,0,0,0,0,0,0
разетка,0,0,0,0,0,0,0,0,0,0
спіс,0,0,0,0,0,0,0,0,0,0
ружовы,0,0,0,0,0,0,1,0,0,0
гнілата,0,0,1,1,0,1,0,1,0,0
рота,0,0,0,0,0,0,1,0,0,1
паваротны,0,0,0,0,0,0,0,0,0,0
круціцца,0,0,0,0,0,0,0,0,0,0
кручэнне,0,0,0,0,0,0,0,0,0,0
на памяць,0,0,0,0,0,0,0,0,0,0
ротар,0,0,0,0,0,0,0,0,0,0
гніенне,0,0,1,0,0,1,0,0,0,0
румяны,0,0,0,0,0,0,0,0,0,0
грубы,0,0,0,0,0,0,0,0,0,0
прыкладна,0,0,0,0,0,0,0,0,0,0
шурпатасць,0,0,0,0,0,1,0,0,0,0
рулетка,0,1,0,0,0,0,0,0,0,0
круглы,0,0,0,0,0,0,0,0,0,0
кругазварот,0,0,0,0,0,0,0,0,0,0
круглявая,0,0,0,0,0,0,0,0,0,0
зганяць,0,0,0,0,0,0,0,0,0,0
абудзіць,0,0,0,0,0,0,0,0,0,0
бунтар,0,0,0,0,0,0,0,0,0,0
абуджаючы,0,0,0,0,0,0,0,0,0,0
разгром,0,0,0,0,0,1,0,0,0,0
маршрут,0,0,0,0,0,0,0,0,0,0
руціна,0,0,0,0,0,0,1,0,0,1
марсаход,0,0,0,0,0,0,0,0,0,0
вандроўныя,0,0,0,0,0,0,0,0,0,0
шэраг,1,0,0,0,0,1,0,0,0,0
хуліганіць,0,0,0,0,0,1,0,0,0,0
каралеўскі,0,0,0,0,0,0,0,0,0,0
роялці,0,0,0,0,0,0,1,0,0,0
руб,0,0,0,0,0,0,0,0,0,0
гумавая,0,0,0,0,0,0,0,0,0,0
гумы,0,0,0,0,0,0,0,0,0,0
расціранне,0,0,0,0,0,0,0,0,0,0
смецце,0,0,1,0,0,1,0,0,0,0
друз,0,0,0,1,0,1,0,1,0,0
рубрыка,0,0,0,0,0,0,1,0,0,0
рубін,0,0,0,0,0,0,0,0,0,0
руль,0,0,0,0,0,0,0,0,0,0
румяны,0,0,0,0,0,0,0,0,0,0
рудыментарны,0,0,0,0,0,0,0,0,0,0
рудыменты,0,0,0,0,0,0,0,0,0,0
рута,0,0,0,0,0,1,0,1,0,0
ярш,0,0,0,0,0,0,0,0,0,0
фальбонамі,0,0,0,0,0,1,0,0,0,0
дыван,0,0,0,0,0,0,0,0,0,0
трывалы,0,0,0,0,0,1,0,0,0,0
разбурэнне,0,0,0,1,0,1,0,1,0,0
разбураны,1,0,1,1,0,1,0,1,0,0
разбуральны,1,0,1,1,0,1,0,1,0,0
руіны,0,0,0,0,0,0,0,0,0,0
правіла,0,0,0,1,0,0,0,0,0,1
лінейка,0,0,0,0,0,0,0,0,0,0
пастанова,0,0,0,0,0,0,0,0,0,0
ром,0,0,0,0,0,0,0,0,0,0
грукат,0,0,0,0,0,0,0,0,0,0
корпацца,0,0,0,0,0,0,0,0,0,0
чуткі,0,0,0,0,0,1,0,1,0,0
па чутках,0,0,0,0,0,0,0,0,0,0
крупы,0,0,0,0,0,0,0,0,0,0
уцякаць,0,0,0,0,0,1,0,1,0,0
руны,0,0,0,0,0,0,0,0,0,0
званок,0,0,0,0,0,0,0,0,0,0
бягун,0,0,0,0,0,0,0,0,0,0
бег,0,0,0,0,0,0,0,0,0,0
узлётна-пасадачная паласа,0,0,0,0,0,0,0,0,0,0
разрыў,0,0,0,1,0,1,0,1,1,0
сельскі,0,0,0,0,0,0,0,0,0,0
хітрасць,0,0,0,0,0,1,0,0,0,0
спяшацца,0,0,0,0,0,0,0,0,0,0
іржа,0,0,0,0,0,1,0,0,0,0
вясковы,0,0,0,0,0,0,0,0,0,0
шоргат,0,0,0,0,0,0,0,0,0,0
іржавы,0,0,0,0,0,1,0,0,0,0
каляіна,0,0,0,0,0,0,0,0,0,0
Рут,0,0,0,0,0,0,1,0,0,0
бязлітасны,1,0,1,1,0,1,0,0,0,0
жыта,0,0,0,0,0,0,0,0,0,0
шабля,1,0,0,1,0,1,0,0,0,0
собаль,0,0,0,0,0,0,0,0,0,0
сабатаж,1,0,1,1,0,1,0,1,1,0
мяшочак,0,0,0,0,0,0,0,0,0,0
мяшок,0,0,0,0,0,0,0,0,0,0
сакрамэнт,0,0,0,0,0,0,0,0,0,0
сакральны,0,0,0,0,0,0,0,0,0,0
ахвяры,0,0,1,1,0,1,0,1,0,0
сядло,0,0,0,0,0,0,0,0,0,0
сумна,0,0,0,0,0,1,0,1,0,0
смутак,0,0,0,0,0,1,0,1,0,1
бяспечны,0,0,0,0,1,0,1,0,0,1
абарона,0,0,0,0,0,0,1,0,0,1
захаванне,0,0,0,0,0,0,0,0,0,1
бяспекі,0,0,0,0,0,0,0,0,0,0
шафран,0,0,0,0,0,0,0,0,0,0
правіснуць,0,0,0,1,0,1,0,0,0,0
сага,0,0,0,0,0,0,0,0,0,0
шалфей,0,0,0,0,0,0,1,0,0,1
ветразь,0,0,0,0,0,0,0,0,0,0
парусны спорт,0,0,0,0,0,0,0,0,0,0
матрос,0,0,0,0,0,0,0,0,0,0
святы,0,1,0,0,1,0,1,0,1,1
святы,0,1,0,0,1,0,1,0,1,1
салата,0,0,0,0,0,0,0,0,0,0
саламандра,0,0,0,0,0,0,0,0,0,0
зарплата,0,1,0,0,1,0,1,0,0,1
продаж,0,0,0,0,0,0,0,0,0,0
прадавец,0,0,0,0,0,0,0,0,0,0
прыкметны,0,0,0,0,0,0,1,0,0,0
фізіялагічны раствор,0,0,0,0,0,0,0,0,0,0
сліна,0,1,0,0,0,0,0,0,0,0
салі,0,0,0,0,0,0,0,0,1,0
салон,0,0,0,0,0,0,0,0,0,0
салон,1,0,0,0,0,0,0,0,0,0
соль,0,0,0,0,0,0,0,0,0,0
салёная,0,0,0,0,0,0,0,0,0,0
выратавальны,0,0,0,0,1,0,1,0,0,1
прывітанне,0,0,0,0,0,0,0,0,0,0
салют,0,0,0,0,1,0,1,0,0,0
выратаванне,0,0,0,0,0,0,0,0,0,0
выратаванне,0,1,0,0,1,0,1,0,0,1
мазь,0,0,0,0,0,0,1,0,0,0
самба,0,0,0,0,0,0,0,0,0,0
аднолькавасць,0,0,0,0,0,0,0,0,0,0
самурай,0,0,0,1,0,0,1,0,0,0
асвячэнне,0,0,0,0,1,0,1,0,0,1
асвечаны,0,0,0,0,0,0,0,0,0,0
асвяціць,0,1,0,0,1,0,1,1,1,1
санкцыя,0,0,0,0,0,0,0,0,0,0
санкцыянаваны,0,0,0,0,0,0,0,0,0,0
святасць,0,0,0,0,0,0,0,0,0,0
свяцілішча,0,1,0,0,1,0,1,0,0,1
пясок,0,0,0,0,0,0,0,0,0,0
сандалі,0,0,0,0,0,0,0,0,0,0
шліфавальная машынка,0,0,0,0,0,0,0,0,0,0
пяскі,0,0,0,0,0,0,0,0,0,0
пясчаны,0,0,0,0,0,0,0,0,0,0
разумны,0,0,0,0,0,0,0,0,0,0
сангвінік,0,0,0,0,0,0,1,0,0,0
санітарны,0,0,0,0,0,0,1,0,0,0
разумнасць,0,0,0,0,0,0,0,0,0,0
без,0,0,0,0,0,0,0,0,0,0
сок,0,0,0,0,0,1,0,1,0,0
сапфір,0,0,0,0,0,0,0,0,0,0
сакавіты,0,0,0,0,0,0,0,0,0,1
сарказм,1,0,1,0,0,1,0,1,0,0
саркома,0,0,0,1,0,1,0,1,0,0
сарданічны,0,0,0,0,0,1,0,0,0,0
створкі,0,0,0,0,0,0,0,0,0,0
сатанінскі,1,0,0,0,0,1,0,0,0,0
ранец,0,0,0,0,0,0,0,0,0,0
насычаць,0,0,0,0,0,0,0,0,0,0
спадарожнік,0,0,0,0,0,0,0,0,0,0
сацін,0,0,0,0,0,0,1,0,0,0
сатыр,0,0,0,0,0,0,0,0,0,0
сатырычны,0,0,0,0,0,0,0,0,0,0
задавальненне,0,0,0,0,0,0,0,0,0,0
здавальняюча,0,0,0,0,0,0,1,0,0,0
задаволены,0,0,0,0,1,0,1,0,0,0
насычаць,0,0,0,0,0,0,0,0,0,0
насычаны,0,0,1,0,0,1,0,0,0,0
насычанасць,0,0,0,0,0,0,0,0,0,0
соусам,0,0,0,0,0,0,0,0,0,0
рондаль,0,0,0,0,0,0,0,0,0,0
сподак,0,0,0,0,0,0,0,0,0,0
дзёрзкі,0,0,0,0,0,0,0,0,0,0
квашаная капуста,0,0,0,0,0,0,0,0,0,0
сауна,0,0,0,0,0,0,0,0,0,0
дзікун,1,0,0,1,0,1,0,0,0,0
дзікунства,1,0,0,1,0,1,0,0,0,0
саванна,0,0,0,0,0,0,0,0,0,0
захаваць,0,0,0,0,1,0,1,0,0,1
захаванне,0,0,0,0,0,0,0,0,0,0
зберажэнні,0,0,0,0,0,0,1,0,0,0
смакаваць,0,1,1,0,1,0,1,1,0,1
пікантны,0,0,0,0,0,0,1,0,0,0
кемлівы,0,0,0,0,0,0,1,0,0,0
пілавінне,0,0,0,0,0,0,0,0,0,0
саксафон,0,0,0,0,0,0,0,0,0,0
саксафон,0,0,0,0,0,0,0,0,0,0
кароста,0,0,0,0,0,1,0,0,0,0
ножны,0,0,0,0,0,0,0,0,0,0
эшафот,0,0,0,1,0,1,0,0,0,0
будаўнічыя лясы,0,0,0,0,0,0,0,0,0,0
маштаб,0,0,0,0,0,0,0,0,0,0
шалі,0,0,0,0,0,0,0,0,0,0
грабеньчык,0,0,0,0,0,0,0,0,0,0
скура галавы,0,0,0,0,0,0,0,0,0,0
скальпель,0,0,0,1,0,1,0,0,0,0
лускаваты,0,0,0,0,0,1,0,0,0,0
сканаваць,0,0,0,0,0,0,0,0,0,0
скандал,0,0,0,1,0,1,0,0,0,0
скандальна,1,0,0,0,0,1,0,0,0,0
мізэрны,0,0,0,0,0,1,0,0,0,0
пейзаж,0,0,0,0,0,0,0,0,0,0
казёл адпушчэння,1,0,0,1,0,1,0,0,0,0
шнар,1,0,1,1,0,1,0,1,0,0
скарабей,0,0,0,0,0,0,0,0,0,0
дэфіцытны,0,0,0,1,0,1,0,1,0,0
ледзьве,0,0,0,0,0,1,0,1,0,0
дэфіцыт,1,0,0,1,0,1,0,1,0,0
напалохаць,1,1,0,1,0,1,0,0,1,0
страшыдла,0,0,0,1,0,1,1,0,0,0
шалік,0,0,0,0,0,0,0,0,0,0
пунсовы,0,0,0,0,0,0,0,0,0,0
рассейваць,0,0,0,0,0,0,0,0,0,0
рассеяны,0,0,0,0,0,0,0,0,0,0
рассейванне,0,0,0,0,0,0,0,0,0,0
сметнік,0,0,0,0,0,1,0,0,0,0
сцэна,0,0,0,0,0,0,0,0,0,0
дэкарацыі,0,0,0,0,0,0,0,0,0,0
сцэнічны,0,0,0,0,0,0,0,0,0,0
водар,0,0,0,0,0,0,0,0,0,0
скептычна,0,0,0,0,0,0,0,0,0,1
скептыцызм,0,0,0,0,0,0,0,0,0,0
схематычны,0,0,0,0,0,0,0,0,0,0
схема,0,0,0,0,0,1,0,0,0,0
раскол,1,0,0,0,0,1,0,0,0,0
шызафрэнія,1,0,1,1,0,1,0,1,0,0
вучоны,0,0,0,0,0,0,1,0,0,0
вучоны,0,0,0,0,0,0,0,0,0,0
стыпендыя,0,0,0,0,1,0,1,0,0,0
школа,0,0,0,0,0,0,0,0,0,1
школьнік,0,0,0,0,0,0,0,0,0,0
навучанне ў школе,0,0,0,0,0,0,0,0,0,0
школьны настаўнік,0,0,0,0,0,0,0,0,0,0
шхуна,0,0,0,0,0,0,0,0,0,0
радыкуліт,0,0,0,0,0,1,0,0,0,0
навукі,0,0,0,0,0,0,0,0,0,0
навуковая,0,0,0,0,0,0,1,0,0,1
вучоны,0,1,0,0,0,0,1,0,0,1
сцынціла,0,0,0,0,0,0,1,0,0,0
мігаценне,0,0,0,0,0,0,0,0,0,0
сцынцілятар,0,0,0,0,0,0,0,0,0,0
атожылак,0,0,0,0,0,0,0,0,0,0
нажніцы,0,0,0,0,0,0,0,0,0,0
кпіць,1,0,1,0,0,1,0,0,0,0
лаяць,1,0,1,1,0,1,0,1,0,0
лаяць,1,0,0,0,0,1,0,0,0,0
савок,0,0,0,0,0,0,0,0,0,0
сфера прымянення,0,0,0,0,0,0,0,0,0,0
пякучы,1,0,0,0,0,1,0,0,0,0
адзнака,0,1,0,0,1,0,1,0,1,0
балы,0,0,0,0,0,0,0,0,0,0
пагарда,1,0,0,0,0,1,0,0,0,0
скарпіён,1,0,1,1,0,1,0,0,1,0
скотч,0,0,0,0,0,1,0,0,0,0
нягоднік,1,0,1,1,0,1,0,0,0,1
вычышчаць,0,0,0,0,0,0,0,0,0,0
біч,1,0,0,1,0,1,0,1,0,0
разведчык,0,0,0,0,0,0,0,0,0,0
скраббл,0,0,0,0,0,0,0,0,0,0
караскацца,0,0,0,0,0,0,0,0,0,0
карасканне,0,0,0,0,0,1,0,0,0,0
саскрабці,0,0,0,0,0,0,0,0,0,0
скрэпі,1,0,0,1,0,1,0,1,0,0
выскрабанне,0,0,0,0,0,0,0,0,0,0
драпаць,0,0,0,0,0,0,0,0,0,0
крычаць,1,0,1,1,0,1,0,0,1,0
крычаць,1,0,1,1,0,1,0,0,0,0
віск,0,0,0,1,0,1,0,0,1,0
экран,0,0,0,0,0,0,0,0,0,0
адвёртка,0,0,0,0,0,0,0,0,0,0
закручаны,1,0,0,0,0,1,0,0,0,0
каракулі,0,0,0,0,0,0,0,0,0,0
пісец,0,0,0,0,0,0,1,0,0,0
сутычка,0,0,0,0,0,1,0,0,1,0
скрыпт,0,0,0,0,0,0,0,0,0,0
сцэнар,0,0,0,0,0,0,1,0,0,0
біблейскі,0,0,0,0,0,0,0,0,0,0
пісанне,0,0,0,0,0,0,0,0,0,1
скрутак,0,0,0,0,0,0,0,0,0,0
скраб,0,0,1,0,0,1,0,0,0,0
смачна,0,0,0,0,0,0,1,0,0,0
скрупулёзны,0,0,0,0,0,0,0,0,0,0
пільна разглядаць,0,1,0,0,0,1,0,0,0,0
пільны агляд,0,0,0,0,0,1,0,0,0,0
скульптар,0,0,0,0,0,0,0,0,0,0
скульптура,0,0,0,0,0,0,1,0,0,0
скульптурныя,0,0,0,0,0,0,0,0,0,0
падонкі,0,0,1,0,0,1,0,0,0,0
мора,0,0,0,0,0,0,1,0,0,0
марское ўзбярэжжа,0,0,0,0,0,0,0,0,0,0
пячатка,0,0,0,0,0,0,1,0,0,1
пячатак,0,0,0,0,0,0,0,0,0,1
шво,0,0,0,0,0,0,0,0,0,0
марак,0,0,0,0,0,0,0,0,0,0
бясшвовыя,0,0,0,0,0,0,0,0,0,0
швачка,0,0,0,0,0,0,0,0,0,0
марскі порт,0,0,0,0,0,0,0,0,0,0
абсмажыць,0,0,0,0,0,1,0,0,0,0
пошук,0,0,0,0,0,0,0,0,0,0
пошук,0,0,0,0,0,0,0,0,0,0
абсмалены,0,0,0,0,0,0,0,0,0,0
прыморскі,0,0,0,0,0,0,0,0,0,0
сезон,0,0,0,0,0,0,0,0,0,0
запраўлены,0,0,0,0,0,0,1,0,0,0
заправа,0,0,0,0,0,0,0,0,0,0
сядзенне,0,0,0,0,0,0,0,0,0,0
аддзяленне,0,0,0,0,0,1,0,0,0,0
адасоблены,0,0,0,0,0,1,0,1,0,0
замкнёнасць,0,0,0,1,0,1,1,0,0,0
другасны,0,0,0,0,0,0,0,0,0,0
сэканд-хэнд,0,0,0,0,0,1,0,0,0,0
сакрэтнасць,0,0,0,0,0,0,0,0,1,1
сакрэт,0,0,0,0,0,0,0,0,0,1
сакратарыят,0,0,0,0,0,0,1,0,0,0
сакратар,0,0,0,0,0,0,0,0,0,0
вылучаць,0,0,1,0,0,0,0,0,0,0
сакрэцыі,0,0,1,0,0,1,0,0,0,0
скрытны,0,0,0,0,0,1,0,0,0,0
таемна,0,0,0,0,0,0,0,0,0,0
секта,0,0,0,0,0,0,0,0,0,0
сектанцкі,1,0,0,1,0,1,0,0,0,0
секцыйныя,0,0,0,0,0,0,0,0,0,0
сектар,0,0,0,0,0,0,0,0,0,0
свецкі,0,1,0,0,0,0,0,0,0,0
секулярызм,0,0,0,0,0,0,0,0,0,0
каштоўныя паперы,0,0,0,0,0,0,0,0,0,1
бяспекі,0,0,0,0,0,0,0,0,0,0
седан,0,0,0,0,0,0,0,0,0,0
спакойны,0,0,0,0,0,0,0,0,0,0
заспакойлівы сродак,0,0,0,0,0,0,0,0,0,0
маларухомы,0,0,0,0,0,0,0,0,0,0
асака,0,0,0,0,0,0,0,0,0,0
асадак,0,0,0,0,0,0,0,0,0,0
ападкавыя,0,0,0,0,0,0,0,0,0,0
крамола,1,0,0,0,0,1,0,1,0,0
спакушаць,0,0,0,0,0,1,0,0,0,0
спакушаючы,0,0,0,0,0,0,0,0,0,0
спакушэнне,0,0,0,0,0,1,0,0,0,0
панадлівы,0,1,0,0,0,0,0,0,0,0
насенне,0,0,0,0,0,0,0,0,0,0
расада,0,0,0,0,0,0,0,0,0,0
шукаць,0,1,0,0,0,0,0,0,0,0
шукальнік,0,0,0,0,0,0,0,0,0,0
здавалася б,0,0,0,0,0,0,0,0,0,0
празорлівец,0,0,0,0,0,0,0,0,0,0
бурлівы,0,0,0,0,0,0,0,0,0,0
сегмент,0,0,0,0,0,0,0,0,0,0
аддзяляць,1,0,1,0,0,1,0,1,0,0
сегрэгаваны,0,0,0,0,0,1,0,0,0,0
сегрэгацыя,0,0,0,0,0,0,0,0,0,0
схапіць,0,0,0,1,0,1,0,0,0,0
захоп,0,0,0,1,0,0,0,0,0,0
рэдка,0,0,0,0,0,0,0,0,0,0
выбраць,0,0,0,0,0,0,0,0,0,0
выбар,0,0,0,0,0,0,0,0,0,0
эгаістычны,1,0,1,0,0,1,0,0,0,0
эгаізм,0,0,0,0,0,1,0,0,0,0
прадаваць,0,0,0,0,0,0,0,0,0,0
прадавец,0,0,0,0,0,0,0,0,0,0
семафор,0,0,0,0,0,0,0,0,0,0
падабенства,0,0,0,0,0,0,0,0,0,0
сперма,0,0,0,0,0,0,0,0,0,0
кропка з коскай,0,0,0,0,0,0,0,0,0,0
насенных,0,0,0,0,0,0,0,0,0,0
семінар,0,0,0,0,0,0,0,0,0,0
семінарыя,0,0,0,0,0,0,0,0,0,0
семіётыка,0,0,0,0,0,0,0,0,0,0
сенат,0,0,0,0,0,0,0,0,0,1
сенатар,0,0,0,0,0,0,0,0,0,0
адправіць,0,0,0,0,0,0,0,0,0,0
старэнне,0,0,0,0,0,0,0,0,0,0
старэчы,0,0,0,1,0,1,0,1,0,0
старэйшы,0,0,0,0,0,0,0,0,0,0
стаж,0,0,0,0,0,0,1,0,0,1
сенсацыя,0,0,0,0,0,0,0,0,0,0
сенсацыйны,0,0,0,0,1,0,1,0,0,0
сэнс,0,0,0,0,0,0,1,0,0,0
бессэнсоўны,1,0,1,1,0,1,0,1,1,0
пачуцці,0,0,0,0,0,0,0,0,0,0
адчувальнасць,0,0,0,0,0,0,1,0,0,0
разумна,0,0,0,0,0,0,1,0,0,0
адчувальны,0,0,0,0,0,0,0,0,0,0
сэнсарны,0,0,0,0,0,0,0,0,0,0
пачуццёвы,0,1,0,0,1,1,1,0,1,1
пачуццёвасць,0,1,0,0,1,0,1,0,0,0
пачуццёвы,0,0,0,0,1,0,1,0,0,0
сказ,1,1,1,1,0,1,0,1,0,0
разумны,0,0,0,0,0,0,0,0,0,0
пачуццё,0,0,0,0,0,0,0,0,0,0
сентыментальны,0,0,0,0,0,0,1,0,0,0
сентыментальнасць,0,0,0,0,0,0,1,0,0,0
вартавы,0,0,0,0,0,0,1,0,0,1
вартавы,0,0,0,0,0,0,0,0,0,1
раздзельны,0,0,0,0,0,0,0,0,0,0
асобны,0,0,0,0,0,0,0,0,0,0
асобна,0,0,0,0,0,0,0,0,0,0
падзел,0,0,0,0,0,0,0,0,0,0
сепаратыст,1,0,1,0,0,1,0,0,0,0
сэпія,0,0,0,0,0,0,0,0,0,0
сэпсіс,0,0,0,1,0,1,0,1,0,0
вер,0,0,0,0,0,0,0,0,0,0
сэптычных,0,0,1,0,0,1,0,0,0,0
перагародка,0,0,0,0,0,0,0,0,0,0
працяг,0,1,0,0,0,0,0,0,0,0
паслядоўнасць,0,0,0,0,0,0,0,0,0,0
паслядоўны,0,0,0,0,0,0,0,0,0,0
секвестраваны,0,0,0,0,0,0,0,0,0,0
секвестр,0,0,0,0,0,1,0,1,0,0
ціхамірны,0,0,0,0,0,1,0,0,0,1
спакой,0,1,0,0,1,0,1,0,0,1
сяржант,0,0,0,0,0,0,0,0,0,0
серыял,0,1,0,0,0,0,0,0,0,0
серыял,0,0,0,0,0,0,0,0,0,1
з засечкамі,0,0,0,0,0,0,0,0,0,0
сур'ёзнасць,0,0,0,1,0,0,0,1,0,0
пропаведзь,0,0,0,0,0,0,1,0,0,1
змяя,0,0,1,1,0,1,0,0,0,0
серпантын,0,0,0,0,0,0,0,0,0,0
зубчастыя,0,0,0,0,0,0,0,0,0,0
сыроватка,0,0,0,0,0,0,1,0,0,0
прыслуга,0,0,0,0,0,1,0,0,0,1
служыць,0,0,0,0,0,1,0,0,0,1
абслугоўванне,0,0,0,0,0,0,0,0,0,0
спраўны,0,0,0,0,0,0,0,0,0,0
прыгонны,0,0,1,1,0,1,0,1,0,0
прыгон,0,0,0,0,0,1,0,0,0,0
сэс,0,0,0,0,0,0,0,0,0,0
сесія,0,0,0,0,0,0,0,0,0,0
сеансаў,0,0,0,0,0,0,0,0,0,0
набор,0,0,0,0,0,0,0,0,0,0
няўдача,0,0,0,0,0,1,0,1,0,0
усталяваць,0,0,0,0,0,0,0,0,0,0
сетэр,0,0,0,0,0,0,0,0,0,0
асядаць,0,0,0,0,0,0,0,0,0,0
аселі,0,0,0,0,0,0,0,0,0,0
асаднік,0,0,0,0,0,0,0,0,0,0
пасяленца,0,0,0,1,0,0,1,0,0,0
сёмае,0,0,0,0,0,0,0,0,0,0
семдзесят,0,0,0,0,0,0,0,0,0,0
разарваць,0,0,0,0,0,1,0,0,0,0
раздзяляльны,0,0,0,0,0,0,0,0,0,0
паасобку,0,0,0,0,0,0,0,0,0,0
разрыў,0,0,0,0,0,0,0,1,0,0
сур'ёзна,0,0,0,0,0,0,0,0,0,0
сур'ёзнасць,0,0,0,0,0,0,0,0,0,0
шыць,0,0,0,0,0,0,0,0,0,0
каналізацыя,0,0,1,0,0,1,0,0,0,0
каналізацыя,0,0,1,0,0,0,0,0,0,0
каналізацыя,0,0,1,0,0,1,0,0,0,0
сэкс,0,1,0,0,1,0,1,0,0,1
сэксуальнасць,0,0,0,0,0,0,0,0,0,0
сэксуальны,0,0,0,0,0,0,0,0,0,0
пашарпаны,0,0,1,0,0,1,0,0,0,0
халупа,0,0,1,0,0,1,0,1,0,0
хамут,1,1,1,1,0,1,0,1,0,0
адценне,0,0,0,0,0,0,0,0,0,0
адценні,0,0,0,0,0,0,0,0,0,0
зацяненне,0,0,0,0,0,0,0,0,0,0
цень,0,0,0,0,0,0,0,0,0,0
ценявы,0,0,0,0,0,0,0,0,0,0
цяністы,0,0,0,1,0,1,0,0,0,0
вал,0,0,0,0,0,0,0,0,0,0
махорка,0,0,0,0,0,0,0,0,0,0
кудлаты,0,0,0,0,0,0,0,0,0,0
страсянуць,0,0,0,0,0,0,0,0,0,0
узрушаны,0,0,0,0,0,0,0,0,0,0
устрэсванне,0,0,0,1,0,1,0,0,0,0
хісткі,1,1,0,1,0,1,0,0,0,0
бутафорыя,1,0,1,0,0,1,0,0,0,0
шаман,0,0,0,0,0,0,0,0,0,0
калатнеча,0,0,0,0,0,1,0,0,0,0
ганьба,0,0,1,1,0,1,0,1,0,0
ганебны,0,0,0,0,0,1,0,1,0,0
бессаромны,0,0,1,0,0,1,0,0,0,0
шанхай,0,0,1,1,0,1,0,0,0,0
хваставік,0,0,0,1,0,0,0,0,0,0
халупа,0,0,0,0,0,0,0,0,0,0
форма,0,0,0,0,0,0,1,0,0,0
стройны,0,0,0,0,0,0,1,0,0,0
доля,0,1,0,0,1,0,1,0,0,1
акцыянер,0,0,0,0,0,0,0,0,0,0
акула,0,0,0,0,0,1,0,0,0,0
вастрыць,1,1,0,0,0,0,0,0,0,0
завостраны,0,0,0,0,0,0,0,0,0,0
тачылка,0,0,0,0,0,0,0,0,0,0
рэзкасць,0,0,0,0,0,0,0,0,0,0
разбіваць,1,0,0,1,0,1,0,1,1,0
разбіта,0,0,0,0,0,1,0,1,0,0
галіцца,0,0,0,0,0,0,0,0,0,0
галенне,0,0,0,0,0,0,0,0,0,0
шаль,0,0,0,0,0,0,0,0,0,0
сноп,0,0,0,0,0,0,0,0,0,0
зрух,0,0,0,0,0,0,0,0,0,0
нажніцы,0,0,0,0,0,0,0,0,0,0
абалонка,0,0,0,0,0,0,0,0,0,0
ашалёўка,0,0,0,0,0,0,0,0,0,0
хлеў,0,0,0,0,0,1,0,0,0,0
бляск,0,0,0,0,0,0,0,0,0,0
авечкі,0,0,0,0,0,0,0,0,0,0
чысты,0,0,0,0,0,0,0,0,0,0
ліст,0,0,0,0,0,0,0,0,0,0
паліца,0,0,0,0,0,0,0,0,0,0
абалонка,1,0,0,1,0,1,0,1,1,0
малюскі,0,0,0,0,0,0,0,0,0,0
прытулак,0,0,0,0,0,0,1,0,0,1
паліцы,0,0,0,0,0,1,0,0,0,0
пастух,0,0,0,0,0,0,1,0,0,1
шэрыф,0,0,0,0,0,0,0,0,0,1
херас,0,0,0,0,0,0,0,0,0,0
шчыт,0,0,0,0,0,0,0,0,0,0
зрух,0,0,0,0,0,0,0,0,0,0
зрушэнне,0,0,0,0,0,0,0,0,0,0
шылінг,0,0,0,0,0,0,0,0,0,0
мігаценне,0,0,0,0,0,0,0,0,0,0
галёнка,0,0,0,0,0,0,0,0,0,0
бляск,0,0,0,0,0,0,1,0,0,0
чарапіца,0,0,0,0,0,0,0,0,0,0
зіхатлівы,0,1,0,0,1,0,1,0,0,0
бліскучы,0,0,0,0,0,0,0,0,0,0
карабель,0,1,0,0,0,0,0,0,0,0
адгрузка,0,0,0,0,0,0,0,0,0,0
дастаўка,0,0,0,0,0,0,0,0,0,0
караблекрушэнне,0,0,0,1,0,1,0,1,0,0
графства,0,0,0,0,0,0,0,0,0,0
кашуля,0,0,0,0,0,0,0,0,0,0
дзярмо,1,0,1,0,0,1,0,0,0,0
дрыжыкі,1,1,0,1,0,1,0,1,0,0
дрыжыкі,0,0,0,0,0,0,0,0,0,0
водмелі,0,0,0,0,0,0,0,0,0,0
шок,1,0,0,1,0,1,0,0,1,0
шакавальна,0,0,0,0,0,0,0,0,1,0
кепскі,1,0,1,0,0,1,0,0,0,0
абутак,0,0,0,0,0,0,0,0,0,0
шавец,0,0,0,0,0,0,0,0,0,0
страляць,1,0,0,1,0,1,0,0,0,0
стралок,0,0,0,1,0,0,0,0,0,0
стральба,1,0,0,1,0,1,0,0,0,0
крама,0,0,0,0,0,0,0,0,0,0
крамнік,0,0,0,0,0,0,0,0,0,1
крамныя крадзяжы,1,0,1,0,0,1,0,0,0,0
шопінг,0,1,0,0,1,0,1,0,1,1
бераг,0,0,0,0,0,0,0,0,0,0
стрыжаныя,0,0,0,0,0,0,0,0,0,0
кароткі,0,0,0,0,0,0,0,0,0,0
дэфіцыт,1,0,0,1,0,1,0,1,0,0
недахоп,0,0,0,0,0,1,0,0,0,0
скараціць,0,0,0,0,0,0,0,0,0,0
ўкарачэнне,0,0,0,0,0,0,0,0,0,0
стэнаграфія,0,0,0,0,0,0,0,0,0,0
неўзабаве,0,1,0,0,0,0,0,0,0,0
кароткасць,0,0,0,0,0,0,0,0,0,0
шорты,0,0,0,0,0,0,0,0,0,0
стрэл,1,0,0,1,0,1,0,1,1,0
драбавік,0,0,0,0,0,0,0,0,0,0
плячо,0,0,0,0,0,0,1,0,0,1
крычаць,1,0,0,0,0,0,0,0,1,0
штурхаць,1,0,0,0,0,1,0,0,0,0
рыдлёўка,0,0,0,0,0,0,0,0,0,0
рыдлёўка,0,0,0,0,0,0,0,0,0,0
паказаць,0,0,0,0,0,0,0,0,0,1
душ,0,0,0,0,0,0,0,0,0,0
паказваючы,0,0,0,0,0,0,0,0,0,0
эфектны,0,0,0,0,0,1,0,0,0,0
шрапнэль,0,0,0,1,0,0,0,0,0,0
здрабніць,0,0,0,0,0,0,0,0,0,0
праніклівы,0,0,0,0,0,0,1,0,0,0
віск,1,0,0,1,0,1,0,1,1,0
пранізлівы,1,0,0,1,0,1,0,0,1,0
крэветкі,0,0,0,0,0,0,0,0,0,0
святыня,0,0,0,0,0,0,0,0,0,0
сціскацца,0,0,0,1,0,1,0,1,0,0
скарачаючыся,0,0,0,0,0,0,0,0,0,0
плашчаніца,0,0,0,0,0,0,0,1,0,0
хмызняк,0,0,0,0,0,0,0,0,0,0
хмызняковыя расліны,0,0,0,0,0,0,0,0,0,0
паціснуць плячыма,0,0,0,0,0,0,0,0,0,0
скурчыўся,0,0,0,0,0,1,0,0,0,0
уздрыгваць,0,0,0,1,0,1,0,0,0,0
ператасаваць,0,0,0,0,0,0,0,0,0,0
ператасоўка,0,0,0,0,0,0,0,0,0,0
цурацца,1,0,1,0,0,1,0,1,0,0
шунт,0,0,0,0,0,0,0,0,0,0
зачыніць,0,0,0,0,0,0,0,0,0,0
засаўка,0,0,0,0,0,0,0,0,0,0
чаўнок,0,0,0,0,0,0,0,0,0,0
брат,0,0,0,0,0,0,0,0,0,1
sic,0,0,0,0,0,0,0,0,0,0
хворы,0,0,1,0,0,1,0,1,0,0
млосна,1,0,1,1,0,1,0,1,0,0
серп,0,0,0,0,0,0,0,0,0,0
хваравіты,0,0,1,0,0,1,0,1,0,0
хвароба,0,0,1,1,0,1,0,1,0,0
бок,0,0,0,0,0,0,0,0,0,0
сервант,0,0,0,0,0,0,0,0,0,0
абыходзіць бокам,0,0,0,0,0,0,0,0,0,0
набок,0,0,0,0,0,0,0,0,0,0
аблога,0,0,0,0,0,0,0,0,0,0
сіеста,0,0,0,0,0,0,0,0,0,0
сіта,0,0,0,0,0,0,0,0,0,0
прасейванне,0,0,0,0,0,0,0,0,0,0
уздыхнуць,0,0,0,0,0,0,0,0,0,0
зрок,0,0,0,0,0,0,0,0,0,0
знак,0,0,0,0,0,0,0,0,0,0
сігнал,0,0,0,0,0,0,0,0,0,0
подпіс,0,0,0,0,0,0,0,0,0,1
значэнне,0,0,0,0,0,0,0,0,0,0
значныя,0,0,0,0,0,0,0,0,0,0
значэнне,0,0,0,0,0,0,0,0,0,0
азначаць,0,1,0,0,0,0,0,0,0,0
указальнік,0,0,0,0,0,0,0,0,0,0
маўклівы,0,0,0,0,0,0,0,0,0,0
моўчкі,0,0,0,0,0,0,0,0,0,0
сілуэт,0,0,0,0,0,0,0,0,0,0
шоўк,0,0,0,0,0,0,1,0,0,0
шаўковы,0,0,0,0,0,0,0,0,0,0
шаўкавісты,0,0,0,0,0,0,0,0,0,0
падваконнік,0,0,0,0,0,0,0,0,0,0
глупства,0,0,0,0,0,0,0,0,0,0
дурны,0,0,0,0,1,1,0,0,0,0
глей,0,0,0,0,0,0,0,0,0,0
срэбра,0,0,0,0,0,0,0,0,0,0
серабрысты,0,0,0,0,0,0,0,0,0,0
падобныя,0,0,0,0,0,0,0,0,0,0
падабенства,0,0,0,0,0,0,0,0,0,0
параўнанне,0,0,0,0,0,0,0,0,0,0
кіпяціць,1,1,0,0,0,0,0,0,0,0
кіпячэнне,0,1,0,0,0,0,0,0,0,0
простая,0,0,0,0,0,0,0,0,0,0
простыя,0,0,0,0,0,0,0,0,0,0
спрасціць,0,1,0,0,1,0,1,0,1,1
проста,0,0,0,0,0,0,0,0,0,0
імітаваць,0,0,0,0,0,0,0,0,0,0
змадэляваны,0,0,0,0,0,0,0,0,0,0
мадэляванне,0,0,0,0,0,0,0,0,0,0
мадэляванне,0,0,0,0,0,0,0,0,0,0
адначасовы,0,0,0,0,0,0,0,0,0,0
адначасова,0,0,0,0,0,0,0,0,0,0
грэх,1,0,1,1,0,1,0,1,0,0
шчыры,0,0,0,0,0,0,1,0,0,1
шчырасць,0,0,0,0,0,0,1,0,0,0
грэшны,1,0,1,1,0,1,0,1,0,0
спяваць,0,1,0,0,1,0,1,1,0,1
спявак,0,0,0,0,0,0,0,0,0,0
халасты,0,0,0,0,0,0,0,0,0,0
адзінкава,0,0,0,0,0,0,1,0,0,0
адзіночны лік,0,0,0,0,0,0,0,0,0,0
адзінкавасць,0,0,0,0,0,0,0,0,0,0
адзінкава,0,0,0,0,0,0,0,0,1,0
злавесны,1,0,1,1,0,1,0,0,0,0
ракавіна,0,0,0,0,0,0,0,0,0,0
грэшнік,1,0,1,1,0,1,0,1,0,0
грашыць,0,0,1,0,0,1,0,0,0,0
пазуха,0,0,0,0,0,0,0,0,0,0
глыток,0,0,0,0,0,0,0,0,0,0
сіфон,0,0,0,0,0,0,0,0,0,0
сэр,0,0,0,0,0,0,1,0,0,1
бацька,0,0,0,0,0,0,0,0,0,0
сірэна,0,0,0,1,0,1,0,0,0,0
сястра,0,0,0,0,0,1,0,0,0,0
сястра,0,0,0,0,0,0,0,0,0,0
сястрынства,1,0,0,0,0,0,1,1,1,1
сайт,0,0,0,0,0,0,0,0,0,0
сітх,0,0,0,0,0,0,0,0,0,0
седзячы,0,0,0,0,0,0,0,0,0,0
размясціць,0,0,0,0,0,0,0,0,0,0
размешчаны,0,0,0,0,0,0,0,0,0,0
сітуацыі,0,0,0,0,0,0,0,0,0,0
шосты,0,0,0,0,0,0,0,0,0,0
шэсцьдзесят,0,0,0,0,0,0,0,0,0,0
памер,0,0,0,0,0,0,0,0,0,0
шыпець,1,0,0,0,0,0,0,0,0,0
катацца на каньках,0,0,0,0,0,0,0,0,0,0
катанне на каньках,0,0,0,0,0,0,0,0,0,0
моток,0,0,0,0,0,0,0,0,0,0
шкілет,0,0,0,0,0,0,0,0,0,0
скептык,0,0,0,0,0,0,0,0,0,0
скептычна,0,0,0,0,0,1,0,0,0,0
скептыцызм,0,0,0,0,0,0,0,0,0,0
эскіз,0,0,0,0,0,0,0,0,0,0
схематычны,0,0,0,0,0,1,0,0,0,0
перакошаны,1,1,0,0,0,1,0,0,0,0
шпажка,0,0,0,0,0,0,0,0,0,0
лыжы,0,0,0,0,0,0,0,0,0,0
занос,1,0,0,1,0,1,0,1,0,0
лодка,0,0,0,0,0,0,0,0,0,0
майстэрства,0,0,0,0,0,0,0,0,0,0
кваліфікаваны,0,0,0,0,0,0,1,0,0,0
патэльня,0,0,0,0,0,0,0,0,0,0
ўмелы,0,0,0,0,0,0,1,0,0,1
абястлушчанае,0,0,0,0,0,0,0,0,0,0
скура,0,0,0,0,0,0,0,0,0,0
худы,0,0,0,0,0,0,0,0,0,0
прапусціць,0,0,0,0,0,1,0,0,0,0
шкіпер,0,0,0,0,0,0,0,0,0,0
сутычка,1,0,0,0,0,1,0,0,0,0
спадніца,0,0,0,0,0,0,0,0,0,0
ліштва,0,0,0,0,0,0,0,0,0,0
спадніцы,0,0,0,0,0,0,0,0,0,0
сцэнка,0,0,0,0,0,0,0,0,0,0
чэрап,0,0,0,0,0,0,0,0,0,0
скунс,0,0,0,0,0,0,0,0,0,0
неба,0,0,0,0,0,0,1,0,0,0
хмарачос,0,0,0,0,0,0,0,0,0,0
пліта,0,0,0,0,0,0,0,0,0,0
слабіну,0,0,0,0,0,1,0,0,0,0
дзындры,0,0,0,0,0,1,0,0,0,0
пляснуць,1,0,0,1,0,1,0,0,1,0
паклёпнічаць,1,0,1,0,0,1,0,0,0,0
паклёпніцкі,0,0,0,0,0,1,0,0,0,0
слэнг,0,0,0,0,0,0,0,0,0,0
касой,0,0,0,0,0,0,0,0,0,0
аплявуха,1,0,0,0,0,1,0,0,1,0
касая рыса,1,0,0,0,0,0,0,0,0,0
касыя рысы,0,0,0,0,0,0,0,0,0,0
шыфер,0,0,0,0,0,0,1,0,0,0
сланцы,0,0,0,0,0,0,0,0,0,0
забой,1,0,1,1,0,1,0,1,1,0
бойня,1,0,1,1,0,1,0,1,0,0
забойства,1,0,1,1,0,1,0,1,1,0
раб,1,0,0,1,0,1,0,1,0,0
рабства,1,0,1,1,0,1,0,1,0,0
забіваць,1,0,0,0,0,1,0,0,0,0
забойца,1,0,1,1,0,1,0,1,1,0
санкі,0,0,0,0,0,0,0,0,0,0
гладкі,0,0,0,0,0,0,1,0,0,0
спаць,0,0,0,0,0,0,0,0,0,0
шпала,0,0,0,0,0,0,0,0,0,0
спіць,0,0,0,0,0,0,0,0,0,0
бессань,0,0,0,0,0,0,0,0,0,0
сонны,0,0,0,0,0,0,0,0,0,0
мокры снег,0,0,0,0,0,1,0,0,0,0
рукаў,0,0,0,0,0,0,0,0,0,0
без рукавоў,0,0,0,0,0,0,0,0,0,0
сані,0,0,0,0,0,0,0,0,0,0
спрытнасць,0,0,0,0,0,0,0,0,0,0
стройны,0,0,0,0,0,0,1,0,0,0
сышчык,0,0,0,0,0,0,0,0,0,0
кавалачак,0,0,0,0,0,0,0,0,0,0
гладкі,0,0,0,0,0,0,0,0,0,0
слайд,0,0,0,0,0,0,0,0,0,0
рассоўныя,0,0,0,0,0,0,0,0,0,0
невялікі,0,0,0,0,0,0,0,0,0,0
злёгку,0,0,0,0,0,0,0,0,0,0
тонкі,0,0,0,0,0,0,1,0,0,0
слізь,0,0,1,0,0,0,0,0,0,0
слізісты,0,0,1,0,0,1,0,0,0,0
слінг,0,0,0,0,0,0,0,0,0,0
пракрасціся,0,0,0,0,0,1,0,0,0,0
слізгаценне,0,0,0,0,0,1,0,0,1,0
тэпцік,0,0,0,0,0,0,0,0,0,0
тэпцікі,0,0,0,0,0,0,0,0,0,0
шчыліна,0,0,0,0,0,0,0,0,0,0
асколак,0,0,0,0,0,0,0,0,0,0
слоган,0,0,0,0,0,0,0,0,0,0
шлюп,0,0,0,0,0,0,0,0,0,0
памыі,0,0,1,0,0,1,0,0,0,0
схіл,0,0,0,0,0,0,0,0,0,0
неахайны,0,0,1,0,0,1,0,0,0,0
слот,0,0,0,0,0,0,0,0,0,0
лайдак,0,0,1,0,0,1,0,0,0,0
сутуліцца,0,0,0,0,0,1,0,0,0,0
балотна,0,0,0,0,0,1,0,0,0,0
павольна,0,0,0,0,0,0,0,0,0,0
павольна,0,0,0,0,0,0,0,0,0,0
марудлівасць,0,0,0,0,0,1,0,0,0,0
асадак,0,0,1,0,0,1,0,0,0,0
смоўж,0,0,1,0,0,1,0,0,0,0
млявы,0,0,0,0,0,1,0,1,0,0
шлюз,0,0,0,0,0,0,0,0,0,0
трушчобы,0,0,1,0,0,1,0,0,0,0
сон,0,0,0,0,0,0,0,0,0,0
спад,0,0,0,0,0,1,0,1,0,0
брыдкасловіць,1,0,1,0,0,1,0,1,0,0
слякота,0,0,1,0,0,1,0,0,1,0
шлюха,1,0,1,0,0,1,0,0,0,0
хітры,1,0,1,1,0,1,0,0,0,0
прысмак,1,0,0,0,0,1,0,0,0,0
невялікія,0,0,0,0,0,1,0,0,0,0
меншы,0,0,0,0,0,0,0,0,0,0
найменшы,0,0,0,0,0,0,0,0,0,0
разбіць,1,0,0,1,0,1,0,0,0,0
разбіта,0,0,0,0,0,1,0,0,0,0
разважлівасць,0,0,0,0,0,1,0,0,0,0
мазок,0,0,0,0,0,0,0,0,0,0
пах,1,0,1,0,0,1,0,0,0,0
пахнуць,0,0,1,0,0,1,0,0,0,0
пахла,0,0,0,0,0,0,0,0,0,0
усміхніся,0,0,0,0,1,0,1,0,1,1
усміхаючыся,0,0,0,0,1,0,1,0,0,0
ухмылка,0,0,0,0,0,1,0,0,0,0
пабіць,1,0,0,1,0,1,0,1,0,0
каваль,0,0,0,0,0,0,0,0,0,1
пабіты,0,0,0,0,0,0,1,0,0,0
курэц,0,0,0,0,0,1,0,0,0,0
дымчаты,0,0,0,0,0,0,0,0,0,0
курэнне,0,0,0,0,0,0,0,0,0,0
дымчаты,0,0,0,0,0,0,0,0,0,0
тлеючы,0,0,0,0,0,0,0,0,0,0
плаўна,0,0,0,0,0,0,0,0,0,0
гладкасць,0,0,0,0,0,0,1,0,0,0
задушыць,1,0,0,0,0,1,0,0,0,0
размазаць,0,0,0,0,0,1,0,0,0,0
самаздаволены,0,0,0,0,0,1,0,0,0,0
займацца кантрабандай,0,0,0,1,0,1,0,0,0,0
кантрабандыст,1,0,1,1,0,1,0,0,0,0
кантрабанда,0,0,0,0,0,1,0,0,0,0
галава,0,0,1,1,0,1,0,0,0,0
перакус,0,0,0,0,0,0,0,0,0,0
закускі,0,0,0,0,0,0,0,0,0,0
загвоздка,0,0,0,0,0,1,0,0,1,0
карчакі,0,0,0,0,0,1,0,0,0,0
слімак,0,0,0,0,0,0,0,0,0,0
змяя,0,0,1,1,0,1,0,0,0,0
аснастка,0,0,0,0,0,0,0,0,0,0
здымак,0,0,0,0,0,0,0,0,0,0
пастка,0,0,0,1,0,1,0,0,0,0
гыркнуць,1,0,1,0,0,1,0,0,0,0
гыркаючы,1,0,0,0,0,1,0,0,0,0
вырваць,0,0,0,0,0,0,0,0,0,0
красціся,1,0,0,1,0,1,0,0,1,0
кеды,0,0,0,0,0,0,0,0,0,0
крадучыся,0,1,0,1,0,1,0,0,0,1
насміхацца,1,0,1,0,0,1,0,0,0,0
чхаць,0,0,1,0,0,1,0,0,1,0
чханне,0,0,0,0,0,0,0,0,0,0
хіхаць,0,0,0,0,0,0,1,0,0,0
з'едлівы,0,0,0,0,0,1,0,0,0,0
нюхаць,0,0,0,0,0,0,0,0,0,0
адрэзак,0,0,0,0,0,0,0,0,0,0
бакас,0,0,0,0,0,0,0,0,0,0
фрагмент,0,0,0,0,0,0,0,0,0,0
сноб,0,0,0,0,0,1,0,0,0,0
падглядваць,0,0,0,0,0,0,0,0,0,0
дрымота,0,0,0,0,0,0,0,0,0,0
храпці,0,0,0,0,0,0,0,0,0,0
фыркаць,0,0,0,0,0,0,0,1,0,0
рыльца,0,0,0,0,0,0,0,0,0,0
снег,0,0,0,0,0,0,0,0,0,0
снежны ком,0,0,0,0,0,0,0,0,0,0
сняжынка,0,0,0,0,0,0,0,0,0,0
снежны,0,0,0,0,0,0,0,0,0,0
нюхальны тытунь,0,0,0,0,0,0,0,0,0,0
замачыць,0,0,0,0,0,1,0,0,0,0
замочвання,0,0,0,0,0,0,0,0,0,0
мыла,0,0,0,0,0,0,0,0,0,0
мыльны,0,0,0,0,0,0,0,0,0,0
лунаючы,0,0,0,0,0,0,0,0,0,0
рыдаць,0,0,0,0,0,1,0,1,0,0
цвярозасць,0,0,0,0,0,0,1,0,0,1
соц,0,0,0,0,0,0,0,0,0,0
футбол,0,0,0,0,0,0,0,0,0,0
таварыскі,0,0,0,0,0,0,1,0,0,0
сацыяльны,0,0,0,0,0,0,0,0,0,0
сацыялізму,0,0,1,1,0,0,0,0,0,0
сацыялістычная,1,0,1,1,0,1,0,1,0,0
грамадства,0,0,0,0,0,0,0,0,0,0
шкарпэтку,0,0,0,0,0,0,0,0,0,0
разетка,0,0,0,0,0,0,0,0,0,0
дзярновая,0,0,0,0,0,0,0,0,0,0
канапа,0,0,0,0,0,0,0,0,0,0
змякчэнне,0,0,0,0,0,0,0,0,0,0
мяккасць,0,0,0,0,0,0,0,0,0,0
мокры,0,0,0,0,0,0,0,0,0,0
глеба,0,0,1,0,0,1,0,0,0,0
запэцканы,0,0,1,0,0,1,0,0,0,0
знаходжанне,0,0,0,0,0,0,0,0,0,0
суцяшэнне,0,0,0,0,0,0,1,0,0,0
сонечны,0,0,0,0,0,0,0,0,0,0
прыпой,0,0,0,0,0,0,0,0,0,0
пайка,0,0,0,0,0,0,0,0,0,0
салдат,1,0,0,0,0,0,1,1,0,0
падэшва,0,0,0,0,0,0,0,0,0,0
дамагацца,0,0,0,0,0,0,0,0,0,0
хадайніцтва,0,0,0,0,0,0,0,0,0,0
павераны,0,0,0,0,0,0,0,0,0,0
цвёрды,0,0,0,0,0,0,1,0,0,0
салідарнасць,0,0,0,0,0,0,0,0,0,1
зацвярдзенне,0,0,0,0,0,0,0,0,0,0
зацвярдзелы,0,0,0,0,0,0,0,0,0,0
застываць,0,0,0,0,0,0,0,0,0,0
самавітасць,0,0,0,0,0,0,1,0,0,1
пасьянс,0,0,0,0,0,0,0,0,0,0
адзіночны,0,0,0,0,0,0,0,0,0,0
адзінота,0,0,0,0,0,0,0,0,0,0
сола,0,0,0,0,0,0,0,0,0,0
растваральнасць,0,0,0,0,0,0,0,0,0,0
растваральны,0,0,0,0,0,0,0,0,0,0
рашэнне,0,0,0,0,0,0,1,0,0,0
вырашаць,0,0,0,0,0,0,0,0,0,0
плацежаздольнасць,0,0,0,0,0,0,1,0,0,0
растваральнік,0,0,0,0,0,0,0,0,0,0
саматычныя,0,0,0,0,0,1,0,0,1,0
змрочны,0,0,0,0,0,1,0,1,0,0
сын,0,0,0,0,0,0,0,0,0,0
гідралакатар,0,1,0,0,0,0,1,0,0,0
саната,0,0,0,0,0,0,1,0,0,0
песня,0,0,0,0,0,0,0,0,0,0
санет,0,0,0,0,1,0,1,1,0,0
звонкія,0,0,0,0,1,0,1,0,0,0
сажа,0,0,1,0,0,1,0,0,0,0
супакоіць,0,0,0,0,0,0,1,0,0,0
заспакаяльны,0,0,0,0,1,0,1,0,0,1
другакурснік,0,0,0,0,0,0,0,0,0,0
сапрана,0,0,0,0,0,0,0,0,0,0
вядзьмак,0,0,0,0,0,0,0,0,0,0
чарадзейства,0,1,0,1,0,1,0,0,1,0
паскудны,1,0,1,1,0,1,0,1,0,0
балючы,1,0,0,0,0,1,0,1,0,0
балюча,0,0,0,0,0,1,0,1,0,0
хваравітасць,0,0,1,0,0,1,0,1,0,0
сорга,0,0,0,0,0,0,0,0,0,0
жаночае таварыства,0,0,0,0,0,0,0,0,0,0
смутак,0,0,0,1,0,1,0,1,0,0
журботны,0,0,0,0,0,1,0,1,0,0
сартаваць,0,0,0,0,0,0,0,0,0,0
сартавальнік,0,0,0,0,0,0,1,0,0,0
вылазка,0,0,0,1,0,1,0,0,0,0
сартаванне,0,0,0,0,0,0,0,0,0,0
су,0,0,0,0,0,0,0,0,0,0
бяздушны,0,0,1,1,0,1,0,1,0,0
роднасная душа,0,0,0,1,0,1,0,0,0,0
гук,0,0,0,0,0,0,0,0,0,0
гучанне,0,0,0,0,0,0,0,0,0,0
абгрунтаванасць,0,1,0,0,1,0,1,0,0,1
суп,0,0,0,0,0,0,1,0,0,0
кіслы,0,0,1,0,0,1,0,0,0,0
крыніца,0,0,0,0,0,0,0,0,0,0
сувенір,0,0,0,0,0,0,0,0,0,0
суверэнны,0,0,0,0,0,0,0,0,0,1
суверэнітэт,0,0,0,0,0,0,0,0,0,0
сеяць,0,0,0,0,0,0,0,0,0,0
санаторый,0,1,0,0,1,0,1,0,1,1
прасторы,0,0,0,0,0,0,0,0,0,0
прасторны,0,0,0,0,0,0,1,0,0,0
рыдлёўка,0,0,0,0,0,0,0,0,0,0
пралёт,0,0,0,0,0,0,0,0,0,0
спаніэль,0,0,0,0,1,0,1,0,0,1
лупцаваць,1,0,0,1,0,1,0,1,0,0
лупцоўка,1,0,0,0,0,0,0,0,0,0
лонжерон,0,0,0,0,0,0,0,0,0,0
запасны,0,0,0,0,0,0,0,0,0,0
эканомна,0,0,0,0,0,0,0,0,0,0
іскра,0,0,0,0,0,0,0,0,0,0
зіхацець,0,1,0,0,1,0,1,0,1,0
спарынг,0,0,0,0,0,0,0,0,0,0
разрэджаны,0,0,0,0,0,0,0,0,0,0
спазм,0,0,0,1,0,1,0,0,0,0
плюнуў,1,0,0,0,0,1,0,0,0,0
шпатель,0,0,0,0,0,0,0,0,0,0
нераставаць,0,0,0,0,0,0,0,0,0,0
дынамік,0,0,0,0,0,0,0,0,0,0
кажучы,0,0,0,0,0,0,0,0,0,0
дзіда,1,1,0,1,0,1,0,0,0,0
спецыяльныя,0,0,0,0,1,0,1,0,0,0
спецыяліст,0,0,0,0,0,0,0,0,0,1
спецыяльнасць,0,0,0,0,0,0,0,0,0,0
спецыялізавацца,0,0,0,0,0,0,0,0,0,1
спецыяльна,0,0,0,0,0,0,0,0,0,0
выгляд,0,0,0,0,0,0,1,0,0,0
віды,0,0,0,0,0,0,0,0,0,0
канкрэтныя,0,0,0,0,0,0,0,0,0,0
спецыфікацыя,0,0,0,0,0,0,0,0,0,0
асобнік,0,0,0,0,0,0,0,0,0,0
плямка,0,0,1,0,0,1,0,0,0,0
крапчаты,0,0,0,0,0,0,0,0,0,0
спецыфікацыі,0,0,0,0,0,0,0,0,0,0
відовішча,0,0,0,0,0,1,1,0,0,0
акуляры,0,0,0,0,0,0,0,0,0,0
відовішчны,0,1,0,0,0,0,0,0,1,0
глядач,0,0,0,0,0,0,0,0,0,0
прывід,0,0,0,1,0,1,0,1,0,0
спектральны,0,0,0,0,0,1,0,0,0,0
спектрометр,0,0,0,0,0,0,0,0,0,0
спектрафатометр,0,0,0,0,0,0,0,0,0,0
спектраскапіі,0,0,0,0,0,0,0,0,0,0
спектр,0,0,0,0,0,0,0,0,0,0
разважаць,0,0,0,0,0,0,0,0,0,0
спекуляцыя,0,0,0,1,0,1,0,1,0,0
спекулятыўны,0,1,0,0,0,0,0,0,0,0
люстэрка,0,0,0,0,0,0,0,0,0,0
гаворка,0,0,0,0,0,0,1,0,0,0
бязмоўны,0,0,0,0,0,0,0,0,0,0
хуткасць,0,0,0,0,0,0,0,0,0,0
хутка,0,0,0,0,0,0,0,0,0,0
спідометр,0,0,0,0,0,0,0,0,0,0
спідвей,0,0,0,0,0,0,0,0,0,0
хуткі,0,0,0,0,0,0,1,0,0,0
зачараваны,0,0,0,0,0,0,0,0,0,0
правапіс,0,0,0,0,0,0,1,0,0,0
Спенсер,0,0,0,0,0,0,0,0,0,0
марнаваць,0,0,0,0,0,0,0,0,0,0
патрачаны,0,0,0,0,0,1,0,0,0,0
сперма,0,0,0,0,0,0,0,0,0,0
вывяргаць,0,0,1,0,0,0,0,0,0,0
сферы,0,0,0,0,0,0,0,0,0,0
сферычныя,0,0,0,0,0,0,0,0,0,0
сфінкс,0,0,0,0,0,0,0,0,0,0
вострыя прыправы,0,0,0,0,0,0,1,0,0,0
востры,0,0,0,0,0,0,0,0,0,0
павук,0,0,1,1,0,0,0,0,0,0
кран,0,0,0,0,0,0,0,0,0,0
шып,0,0,0,1,0,0,0,0,0,0
каласісты,0,0,0,0,0,0,0,0,0,0
калючая,0,0,0,0,0,0,0,0,0,0
разліў,0,0,0,0,0,0,0,0,0,0
спіна,0,0,0,0,0,0,0,0,0,0
спіннамазгавой,0,0,0,0,0,0,0,0,0,0
верацяно,0,0,0,0,0,0,0,0,0,0
пазваночнік,1,0,0,0,0,1,1,0,0,0
спінінг,0,0,0,0,0,0,0,0,0,0
дзява,0,0,0,1,0,1,0,1,0,0
калючы,0,0,0,0,0,0,0,0,0,0
спіраль,0,0,0,0,0,0,0,0,0,0
шпіль,0,0,0,0,0,0,0,0,0,0
дух,0,0,0,0,0,0,1,0,0,0
духі,0,1,0,0,1,0,1,0,1,0
духоўны,0,0,0,0,0,0,0,0,0,0
духоўнасць,0,0,0,0,0,0,0,0,0,0
плюнуць,0,0,1,0,0,0,0,0,0,0
назло,1,0,0,0,0,1,0,0,0,0
зласлівы,1,0,0,0,0,1,0,0,0,0
ўсплёск,0,0,0,0,0,0,0,0,1,0
селязёнка,0,0,0,0,0,0,0,0,0,0
цудоўны,0,0,0,0,1,0,1,0,1,0
пышнасць,0,1,0,0,1,0,1,0,1,0
зрошчванне,0,0,0,0,0,0,0,0,0,0
сплайн,0,0,0,0,0,0,0,0,0,0
шына,0,0,0,0,0,0,0,0,0,0
асколак,0,0,0,0,0,1,0,0,0,0
раскол,0,0,0,0,0,1,0,0,0,0
расшчапленне,0,0,0,0,0,1,0,1,0,0
марнавацца,0,0,0,0,0,0,0,0,0,0
псаваць,0,0,1,0,0,1,0,0,0,0
спойлер,0,0,0,0,0,1,0,1,0,0
псаванне,0,0,0,0,0,0,0,0,0,0
казаў,0,0,0,0,0,1,0,0,0,0
прамоўленая,0,0,0,0,0,0,0,0,0,0
прэс-сакратар,0,0,0,0,0,0,0,0,0,1
губка,0,0,0,0,0,1,0,0,0,0
губчаты,0,0,0,0,0,0,0,0,0,0
спонсар,0,0,0,0,0,0,1,0,0,1
спонсарская дапамога,0,0,0,0,0,0,0,0,0,0
падробка,0,0,0,0,0,0,0,0,0,0
прывід,0,0,0,1,0,1,0,0,0,0
лыжка,0,0,0,0,0,0,0,0,0,0
лыжку,0,0,0,0,0,0,0,0,0,0
спарадычны,0,0,0,0,0,0,0,0,0,0
спрэчка,0,0,0,0,0,0,0,0,0,0
спорт,0,0,0,0,0,0,0,0,0,0
спартыўны,0,0,0,0,0,0,0,0,0,0
спорт,0,0,0,0,0,0,0,0,0,0
спартсмен,0,0,0,0,0,0,0,0,0,0
пляма,0,0,0,0,0,0,0,0,0,0
бездакорны,0,0,0,0,0,0,1,0,0,1
плямісты,0,0,0,0,0,0,0,0,0,0
плямістыя,0,0,0,0,0,0,0,0,0,0
сужэнскі,0,0,0,0,0,0,0,0,0,0
муж і жонка,0,0,0,0,1,0,1,0,0,1
носік,0,0,0,0,0,0,0,0,0,0
вывіх,0,0,0,0,0,1,0,1,0,0
разрастанне,0,0,0,0,0,0,0,0,0,0
спрэй,0,0,0,0,0,0,0,0,0,0
распаўсюджванне,0,0,0,0,0,0,0,0,0,0
разгул,0,0,0,0,0,1,0,0,0,0
дажджаванне,0,0,0,0,0,0,0,0,0,0
спрайт,0,0,0,1,0,1,0,0,0,0
парастак,0,0,0,0,0,0,0,0,0,0
елка,0,0,0,0,0,0,1,0,0,0
шпора,0,0,0,1,0,0,0,0,0,0
ілжывы,0,0,1,0,0,1,0,0,0,0
прышпорваў,0,0,0,0,0,0,0,0,0,0
рывок,0,0,0,0,0,0,0,0,0,0
шпіёніць,0,0,0,0,0,0,0,0,0,0
атрад,0,0,0,0,0,0,0,0,0,0
эскадрон,0,0,0,0,0,0,0,0,0,0
шквал,0,0,0,1,0,1,0,1,0,0
лускаваты,0,0,0,0,0,0,0,0,0,0
квадратны,0,0,0,0,0,0,0,0,0,0
прысядаць,0,0,0,0,0,0,0,0,0,0
сквотэр,0,0,0,0,0,1,0,0,0,0
піск,0,0,0,0,0,0,0,0,0,0
вішчаць,0,0,0,0,0,0,0,0,0,0
брыдлівы,0,0,1,1,0,1,0,0,0,0
сціскаць,0,0,0,0,0,0,0,0,0,0
выцісканне,0,0,0,0,0,0,0,0,0,0
глушыцель,1,0,1,0,0,1,0,0,0,0
жмурыцца,0,0,0,0,0,0,0,0,0,0
сквайр,0,0,0,0,0,0,0,0,0,0
курчыцца,0,0,1,0,0,1,0,0,0,0
вавёрка,0,0,0,0,0,0,0,0,0,0
пырснуць,0,0,0,0,0,0,0,0,0,0
нажом,1,0,0,1,0,1,0,1,1,0
стабільнасць,0,0,0,0,0,0,0,0,0,0
стабільны,0,0,0,0,0,0,1,0,0,1
стаката,0,0,0,0,0,0,1,0,0,0
стэк,0,0,0,0,0,0,0,0,0,0
персанал,0,0,0,0,0,0,0,0,0,0
алень,0,0,0,0,0,0,0,0,0,0
этап,0,0,0,0,0,0,0,0,0,0
хістацца,0,0,0,0,0,0,0,0,1,0
хістаючыся,0,0,0,0,0,1,0,0,0,0
застойныя,0,0,0,0,0,1,0,1,0,0
стагнацыя,0,0,0,0,0,0,0,0,0,0
устойлівы,0,0,0,0,0,0,0,0,0,0
пляма,0,0,1,0,0,1,0,0,0,0
нержавеючая,0,0,0,0,0,0,1,0,0,0
лесвіца,0,0,0,0,0,0,0,0,0,0
лесвіца,0,0,0,0,0,0,0,0,0,0
лесвіца,0,0,0,0,0,0,0,0,0,0
стаўка,0,0,0,0,0,0,0,0,0,0
нясвежы,0,0,0,0,0,1,0,0,0,0
патавая сітуацыя,1,0,1,0,0,0,0,0,0,0
сцябло,0,0,0,1,0,1,0,0,0,0
стойла,0,0,1,0,0,0,0,0,0,0
жарабец,0,0,0,0,0,0,1,0,0,0
кіёскі,0,0,0,0,0,0,0,0,0,0
стойкі,0,0,0,0,0,0,1,0,0,0
цягавітасць,0,0,0,0,0,0,1,0,0,1
марка,0,0,0,0,0,0,0,0,0,0
стаяць,0,0,0,0,0,0,0,0,0,0
стандарт,0,0,0,0,0,0,0,0,0,0
стандартызаваць,0,0,0,0,0,0,0,0,0,0
стоячы,0,0,0,0,0,0,1,0,0,0
супрацьстаянне,1,0,0,1,0,1,0,0,0,0
пункт гледжання,0,0,0,0,0,0,0,0,0,0
прыпынак,1,0,0,0,0,1,0,0,0,0
страфа,0,0,0,0,0,0,0,0,0,0
клямар,0,0,0,0,0,0,0,0,0,0
зорка,0,1,0,0,1,0,1,0,0,1
правы борт,0,0,0,0,0,0,0,0,0,0
крухмал,0,0,0,0,0,0,0,0,0,0
зірнуць,0,0,0,0,0,0,0,0,0,0
гледзячы,0,0,0,0,0,1,0,0,0,0
рэзкі,0,0,0,0,0,1,0,0,0,1
зорнае святло,0,0,0,0,0,0,1,0,0,0
зорчаты,0,1,0,0,1,0,1,0,0,0
зоркі,0,0,0,0,0,0,0,0,0,0
пачаць,0,1,0,0,0,0,0,0,0,0
спалохацца,0,0,0,1,0,1,0,0,1,0
ашаламляльны,0,0,0,0,0,0,0,0,1,0
галаданне,0,0,0,1,0,1,0,1,0,0
галадалі,0,0,0,0,0,1,0,0,0,0
галадаць,0,0,0,0,0,1,0,0,0,0
стан,0,0,0,0,0,0,0,0,0,0
велічны,0,0,0,0,0,0,1,0,0,0
заяву,0,0,0,0,0,0,1,0,0,1
каюта,0,0,0,0,0,0,0,0,0,0
дзяржаўны дзеяч,0,0,0,0,0,0,0,0,0,0
статычны,0,0,0,0,0,0,0,0,0,0
статыка,0,0,0,0,0,0,0,0,0,0
вакзал,0,0,0,0,0,0,0,0,0,0
стацыянарны,0,0,0,0,0,1,0,0,0,0
канцылярскія тавары,0,0,0,0,0,0,0,0,0,0
статыстычны,0,0,0,0,0,0,0,0,0,1
статыстык,0,0,0,0,0,0,0,0,0,0
статар,0,0,0,0,0,0,0,0,0,0
скульптурны,0,0,0,0,0,0,0,0,0,0
статуя,0,0,0,0,0,0,1,0,0,0
статуэтка,0,0,0,0,0,0,0,0,0,0
рост,0,0,0,0,0,0,0,0,0,0
статус,0,0,0,0,0,0,1,0,0,0
статут,0,0,0,0,0,0,0,0,0,0
статутны,0,0,0,0,0,0,0,0,0,0
зацяты,0,0,0,0,0,0,1,0,0,0
тычка,0,0,0,0,0,1,0,0,0,0
заставацца,0,0,0,0,0,0,0,0,0,0
застаўся,0,0,0,0,0,0,0,0,0,0
застаецца,0,0,0,0,0,0,0,0,0,0
замест,0,0,0,0,0,0,0,0,0,0
непахісны,0,0,0,0,0,0,1,0,0,1
ўстойлівы,0,0,0,0,0,0,0,0,1,1
красці,1,0,0,1,0,1,0,1,0,0
крадзеж,0,0,1,1,0,1,0,0,0,0
ўтоенасць,0,0,0,0,0,0,0,0,1,0
крадком,0,0,0,0,0,0,0,0,1,0
крадлівы,0,1,0,1,0,1,0,0,1,0
цеплаход,0,0,0,0,0,0,0,0,0,0
параварка,0,0,0,0,0,0,0,0,0,0
паравы каток,0,0,0,0,0,0,0,0,0,0
цеплаход,0,0,0,0,0,0,0,0,0,0
парны,0,0,0,0,0,0,0,0,0,0
сталь,0,0,0,0,0,0,0,0,0,0
стромкія,0,0,0,0,0,0,0,0,0,0
шпіль,0,0,0,0,0,0,0,0,0,0
кіраваць,0,0,0,0,0,0,0,0,0,0
зорны,0,0,0,0,0,0,1,0,0,0
сцябло,0,0,0,0,0,0,0,0,0,0
смурод,0,0,0,0,0,0,0,0,0,0
трафарэт,0,0,0,0,0,0,0,0,0,0
крок,0,0,0,0,0,0,0,0,0,0
стэп,0,0,0,0,0,0,0,0,0,0
крокі,0,0,0,0,0,0,0,0,0,0
стэрэаскапічны,0,0,0,0,0,0,0,0,0,0
стэрэатып,0,0,0,0,0,1,0,0,0,0
стэрэатыпны,0,0,0,0,0,1,0,0,0,0
стэрыльны,0,0,0,0,0,1,0,1,0,0
стэрыльнасць,0,0,0,0,0,1,0,0,0,0
стэрлінгаў,1,1,0,0,1,1,1,0,0,1
суровы,0,0,0,0,0,1,0,0,0,0
стетоскоп,0,0,0,0,0,0,0,0,0,0
рагу,0,0,0,0,0,0,0,0,0,0
сцюард,0,0,0,0,0,0,1,0,0,1
гаспадарства,0,0,0,0,0,0,0,0,0,0
палкай,0,0,0,0,0,0,0,0,0,0
прыліпанне,0,0,0,0,0,0,0,0,0,0
ліпкі,0,0,1,0,0,0,0,0,0,0
жорсткі,0,0,0,0,0,1,0,0,0,0
зацвярдзець,0,0,0,0,0,0,0,0,0,0
калянасць,0,0,0,0,0,1,0,0,0,0
душыць,0,0,0,0,0,1,0,0,0,0
задушаны,1,0,0,1,0,1,0,1,0,0
душна,0,0,0,0,0,0,0,0,0,0
стыгма,1,0,1,1,0,1,0,1,0,0
стыль,0,0,0,0,0,0,0,0,0,0
палантын,0,0,0,0,0,0,0,0,0,0
мёртванароджаных,0,0,0,0,0,1,0,1,0,0
нерухомасць,0,0,0,1,0,0,1,1,0,0
хадулі,0,0,0,0,0,0,0,0,0,0
стымулятар,0,0,0,0,0,0,0,0,0,0
стымуляцыя,0,0,0,0,0,0,0,0,0,0
стымул,0,0,0,0,0,0,0,0,0,0
джала,1,0,0,1,0,1,0,0,0,0
пякучы,0,0,0,0,0,1,0,0,0,0
скупы,1,0,1,1,0,1,0,1,0,0
смурод,0,0,1,0,0,1,0,0,0,0
смярдзючы,0,0,1,0,0,1,0,0,0,0
стрымлівацца,0,0,0,1,0,1,0,1,0,0
агаворваць,0,0,0,0,0,0,0,0,0,0
агаворка,0,0,0,0,0,0,0,0,0,0
змяшаць,0,0,0,0,0,0,0,0,0,0
памешваючы,0,0,0,0,0,0,0,0,0,0
шво,0,0,0,0,0,0,0,0,0,0
запас,0,0,0,0,0,0,0,0,0,0
біржавы маклер,0,0,0,0,0,0,0,0,0,0
панчоха,0,0,0,0,0,0,0,0,0,0
акцыі,0,0,0,0,0,1,0,0,0,0
скраў,0,0,0,0,0,0,0,0,0,0
скрадзены,1,0,0,0,0,1,0,0,0,0
страўнік,0,0,1,0,0,0,0,0,0,0
камень,1,0,0,0,0,1,0,0,0,0
забіты камянямі,0,0,0,0,0,1,0,0,0,0
каменныя вырабы,0,0,0,0,0,0,0,0,0,0
камяністы,0,0,0,0,0,0,0,0,0,0
крэсла,0,0,0,0,0,0,0,0,0,0
зэдлікі,0,0,1,0,0,1,0,0,0,0
горбіцца,0,0,0,0,0,0,0,0,0,0
спыніцца,0,0,0,0,0,0,0,0,0,0
прыпынак,0,0,0,0,0,1,0,0,0,0
корак,0,0,0,0,0,0,0,0,0,0
прыпынак,0,0,0,0,0,0,0,0,0,0
секундамер,0,0,0,0,0,0,0,0,0,0
захоўванне,0,0,0,0,0,0,0,0,0,0
захоўваць,0,1,0,0,0,0,1,0,0,0
сховішча,0,0,0,0,0,0,0,0,0,0
захоўванне,0,0,0,0,0,0,0,0,0,0
навальніца,1,0,0,0,0,1,0,0,0,0
штурмаваць,1,0,0,0,0,0,0,0,0,0
бурны,0,0,0,1,0,1,0,0,0,0
гісторыя,0,0,0,0,0,0,0,0,0,0
тоўсты,0,0,0,0,0,0,0,0,0,0
пліта,0,0,0,0,0,0,0,0,0,0
закладваць,0,0,0,0,0,0,0,0,0,0
асядлаць,0,0,0,0,0,0,0,0,0,0
выпрастаць,0,0,0,0,0,0,0,0,0,0
прамалінейны,0,0,0,0,0,0,1,0,0,1
адразу,0,0,0,0,0,0,0,0,0,0
напружаны,1,0,0,0,0,1,0,0,0,0
праліў,0,0,0,0,0,0,0,0,0,0
пралівы,0,0,0,1,0,1,0,0,0,0
пасму,0,0,0,0,0,0,0,0,0,0
мель,0,0,0,0,0,1,0,0,0,0
незнаёмец,0,0,0,1,0,1,0,0,0,0
задушыць,1,0,1,1,0,1,0,1,1,0
папружка,0,0,0,0,0,0,0,0,0,0
абвязка,0,0,0,0,0,0,0,0,0,0
слаёў,0,0,0,0,0,0,0,0,0,0
стратэгічны,0,0,0,0,0,0,1,0,0,0
стратэг,0,1,0,0,0,0,1,0,0,1
стратэгія,0,0,0,0,0,0,0,0,0,0
расслаенне,0,0,0,0,0,0,0,0,0,0
пласт,0,0,0,0,0,0,0,0,0,0
слаістай,0,0,0,0,0,0,0,0,0,0
салома,0,0,0,0,0,0,0,0,0,0
заблукаць,0,0,0,0,0,1,0,0,0,0
паласа,0,0,0,0,0,0,0,0,0,0
прожылкамі,0,0,0,0,0,0,0,0,0,0
паток,0,0,0,0,0,0,0,0,0,0
расцяжка,0,0,0,0,0,0,0,0,0,0
струменевае,0,0,0,0,0,0,0,0,0,0
вуліца,0,0,0,0,0,0,0,0,0,0
сіла,0,0,0,0,0,0,1,0,0,1
умацоўваць,0,0,0,0,0,0,1,0,0,0
умацаванне,0,0,0,0,1,0,1,0,0,1
напружаны,0,0,0,0,0,0,0,0,0,0
стрэс,0,0,0,0,0,1,0,0,0,0
расцягвацца,0,0,0,0,0,0,0,0,0,0
насілкі,0,0,0,1,0,0,0,1,0,0
здзіўлены,0,0,0,0,0,0,0,1,0,0
крокам,0,0,0,0,0,0,0,0,0,0
міжусобіцы,1,0,0,0,0,1,0,0,0,0
забастоўка,1,0,0,0,0,1,0,0,0,0
кідаецца ў вочы,0,0,0,0,0,0,1,0,0,0
ашаламляльна,0,0,0,0,0,0,1,0,0,0
радок,0,0,0,0,0,0,0,0,0,0
жылісты,0,0,0,0,0,0,0,0,0,0
палоска,0,0,0,0,0,1,0,1,0,0
палоска,0,0,0,0,0,1,0,0,0,0
распрануты,1,1,1,1,0,1,0,1,0,0
імкнуцца,0,1,0,0,0,0,0,0,0,0
страбаскоп,0,0,0,0,0,0,0,0,0,0
інсульт,0,0,0,1,0,1,0,1,0,0
шпацыраваць,0,0,0,0,0,0,0,0,0,0
крэпасць,0,0,0,0,0,0,0,0,0,0
моцна,0,0,0,0,0,0,1,0,0,0
структурныя,0,0,0,0,0,0,0,0,0,1
структура,0,0,0,0,0,0,1,0,0,1
барацьба,1,0,0,1,0,1,0,1,0,0
распорка,0,0,0,0,0,1,0,0,0,0
іржышча,0,0,0,0,0,0,0,0,0,0
упартасць,0,0,0,0,0,0,0,0,0,0
каржакаваты,0,0,0,0,0,0,0,0,0,0
ляпніна,0,0,0,0,0,0,0,0,0,0
затрымаўся,0,0,0,0,0,0,0,0,0,0
студ,0,0,0,0,0,0,1,0,0,0
шыпаваныя,0,0,0,0,0,0,0,0,0,0
студэнт,0,0,0,0,0,0,0,0,0,0
вывучаў,0,0,0,0,0,0,0,0,0,0
студыя,0,0,0,0,0,0,0,0,0,0
даследаванне,0,0,0,0,0,0,1,0,0,0
рэчы,0,0,0,0,0,0,0,0,0,0
начынне,0,0,0,0,0,0,0,0,0,0
душна,0,0,0,0,0,1,0,0,0,0
спатыкнуцца,0,0,0,0,0,1,0,0,0,0
пень,0,0,0,0,0,0,0,0,0,0
ашаломлены,0,0,0,1,0,1,0,0,1,0
трук,0,0,0,0,0,0,0,0,0,0
нізкарослыя,0,0,0,0,0,1,0,0,0,0
надзвычайны,0,0,0,0,0,0,0,0,0,0
дурны,0,0,0,0,0,1,0,0,0,0
глупства,0,0,0,0,0,1,0,0,0,0
ступар,0,0,0,0,0,1,0,0,0,0
трывалы,0,0,0,0,0,0,1,0,0,0
асятровых,0,0,0,0,0,0,0,0,0,0
заікацца,0,0,0,0,0,0,0,0,0,0
стыл,0,0,1,0,0,1,0,0,0,0
стыль,0,0,0,0,0,0,0,0,0,0
стыльны,0,0,0,0,0,0,0,0,0,0
субатамны,0,0,0,0,0,0,0,0,0,0
падкамітэт,0,0,0,0,0,0,0,0,0,0
падсвядомасць,0,0,0,0,0,0,0,0,0,0
падскурныя,0,0,0,0,0,0,0,0,0,0
падраздзяляць,0,0,0,0,0,0,0,0,0,0
падраздзяленне,0,0,0,0,0,0,0,0,0,0
субдукцыя,0,0,0,0,0,0,0,0,0,0
падпарадкаваць,0,0,0,0,0,1,0,0,0,0
падпарадкаваны,0,0,0,0,0,0,0,0,0,0
субіта,0,0,0,0,0,0,0,0,1,0
прадметам,0,0,0,0,0,1,0,0,0,0
падвергнуць,0,0,0,0,0,1,0,1,0,0
падпарадкаванне,0,0,0,0,0,1,0,0,0,0
суб'ектыўны,0,0,0,0,0,0,0,0,0,0
падпарадкаванне,1,0,1,1,0,1,0,1,0,0
сублімацыя,0,0,0,0,1,0,1,0,0,0
падсвядомы,0,0,0,0,0,0,0,0,0,0
падводная лодка,0,0,0,0,0,0,0,0,0,0
пагружаныя ў ваду,0,0,0,0,0,0,0,0,0,0
погружной,0,0,0,0,0,0,0,0,0,0
прадстаўленне,0,0,0,0,0,0,0,0,0,0
прадставіць,0,1,0,0,0,0,0,0,0,0
падпарадкаваны,0,0,0,1,0,1,0,0,0,0
субардынацыя,0,0,0,0,0,0,0,0,0,0
падсюжэт,0,0,0,0,0,0,0,0,0,0
позва ў суд,0,0,0,0,0,1,0,0,0,0
падпісацца,0,1,0,0,0,0,0,0,0,0
падпіска,0,0,0,0,0,0,0,0,0,0
падпаслядоўнасць,0,0,0,0,0,0,0,0,0,0
наступныя,0,0,0,0,0,0,0,0,0,0
пасля,0,0,0,0,0,0,0,0,0,0
падмноства,0,0,0,0,0,0,0,0,0,0
спадаць,0,0,0,0,0,0,0,0,0,0
прасяданне,0,0,0,0,0,1,0,1,0,0
даччыная кампанія,0,0,0,0,0,0,0,0,0,0
субсідаваць,0,0,0,0,0,0,0,0,0,0
субсідыя,1,0,1,0,0,1,0,0,0,0
існаваць,0,0,0,0,0,1,0,0,0,0
існаванне,0,0,0,0,0,0,0,0,0,0
нетраў,0,0,0,0,0,0,0,0,0,0
рэчыва,0,0,0,0,0,0,1,0,0,0
істотна,0,0,0,0,0,0,0,0,0,0
абгрунтаваць,0,0,0,0,0,0,0,0,0,1
змястоўны,0,0,0,0,0,0,1,0,0,0
замяшчаць,0,0,0,0,0,0,0,0,0,0
падстаўлены,0,0,0,0,0,0,0,0,0,0
замена,0,0,0,0,0,0,0,0,0,0
субструктура,0,0,0,0,0,0,0,0,0,0
падземныя,0,0,0,0,0,0,0,0,0,0
тонкі,0,0,0,0,0,0,0,0,0,0
тонкасць,0,0,0,0,0,0,0,0,0,0
адняць,0,0,0,0,0,1,0,0,0,0
адніманне,0,0,0,0,0,0,0,0,0,0
падтып,0,0,0,0,0,0,0,0,0,0
прадмесце,0,0,0,0,0,0,0,0,0,0
прыгарадныя,0,0,0,0,0,0,0,0,0,0
прыгарады,0,0,0,0,0,0,0,0,0,0
дыверсія,1,0,0,1,0,1,0,0,0,0
падрыўной,1,0,0,0,0,1,0,0,1,0
падрываць,0,0,1,1,0,1,0,1,0,0
метро,0,0,0,0,0,0,0,0,0,0
атрымаць поспех,0,1,0,0,1,0,1,0,1,1
паспяховы,0,1,0,0,1,0,1,0,0,1
поспех,0,1,0,0,1,0,1,0,0,0
паспяховы,0,1,0,0,1,0,1,0,0,1
пераемнасць,0,0,0,0,0,0,0,0,0,0
паслядоўныя,0,0,0,0,0,0,0,0,0,0
пераемнік,0,0,0,0,0,0,0,0,0,0
лаканічны,0,0,0,0,0,0,1,0,0,0
сукулентныя,0,0,0,0,0,1,1,0,0,0
паддавацца,0,0,0,0,0,1,0,0,0,0
смактаць,0,0,0,0,0,1,0,0,0,0
прысоска,1,0,0,0,0,1,0,0,0,0
смактанне,0,0,0,0,0,0,0,0,0,0
смактанне,0,0,0,0,0,0,0,0,0,0
ўсмоктванне,0,0,0,0,0,0,0,0,0,0
раптоўны,0,0,0,0,0,0,0,0,1,0
раптам,0,0,0,0,0,0,0,0,1,0
судзіцца,1,0,0,0,0,1,0,1,0,0
пакутаваць,0,0,0,0,0,1,0,0,0,0
пакутнік,0,0,0,1,0,1,0,1,0,0
пакуты,0,0,1,1,0,1,0,1,0,0
дастаткова,0,0,0,0,0,0,0,0,0,0
дастатковасць,0,0,0,0,0,0,1,0,0,0
дастатковы,0,0,0,0,0,0,0,0,0,0
дастаткова,0,0,0,0,0,0,0,0,0,0
суфікс,0,0,0,0,0,0,0,0,0,0
задушлівы,0,0,1,1,0,1,0,1,0,0
удушша,1,0,0,1,0,1,0,0,0,0
цукру,0,0,0,0,0,0,1,0,0,0
прапанаваць,0,0,0,0,0,0,0,0,0,1
прапанова,0,0,0,0,0,0,0,0,0,0
сугестыўны,0,0,0,0,0,0,0,0,0,0
суіцыдальны,1,0,1,1,0,1,0,1,0,0
самагубства,1,0,0,1,0,1,0,1,0,0
касцюм,0,0,0,0,0,0,0,0,0,0
прыдатны,0,0,0,0,0,0,1,0,0,0
люкс,0,0,0,0,0,0,0,0,0,0
залётнік,0,0,0,0,0,0,0,0,0,0
пануры,1,0,0,0,0,1,0,1,0,0
сера,0,0,0,0,0,0,0,0,0,0
султан,0,0,0,1,0,0,0,0,0,0
душны,0,0,0,0,0,0,1,0,0,0
сума,0,0,0,0,0,0,0,0,0,0
сумарна,0,0,0,0,0,0,0,0,0,0
абагульніць,0,0,0,0,0,0,0,0,0,0
рэзюмэ,0,0,0,0,0,0,0,0,0,0
сумаванне,0,0,0,0,0,0,0,0,0,0
лета,0,0,0,0,0,0,0,0,0,0
саміт,0,0,0,0,0,0,0,0,0,0
выклікаць,0,0,0,0,0,0,0,0,0,0
позва,0,0,0,0,0,1,0,0,0,0
сумо,0,0,0,0,0,0,0,0,0,0
адстойнік,0,0,1,0,0,0,0,0,0,0
раскошны,0,0,0,0,0,0,0,0,0,0
сонца,0,1,0,0,1,0,1,0,1,1
сонечны прамень,0,0,0,0,0,0,0,0,0,0
сонечны гадзіннік,0,1,0,0,0,0,0,0,0,1
заход сонца,0,0,0,0,0,0,0,0,0,0
рознае,0,0,0,0,0,0,0,0,0,0
сонцаахоўныя акуляры,0,0,0,0,0,0,0,0,0,0
сонечныя акуляры,0,0,0,0,0,0,0,0,0,0
затануў,0,0,1,1,0,1,0,1,0,0
бяссонца,0,0,0,0,0,0,0,0,0,0
сонечнае святло,0,0,0,0,0,0,0,0,0,0
сонечна,0,1,0,0,1,0,1,0,1,0
узыход сонца,0,0,0,0,0,0,0,0,0,0
закат,0,1,0,0,0,0,1,0,0,0
сонейка,0,0,0,0,1,0,1,0,0,0
пенсіянерскі,0,0,0,0,0,0,0,0,0,0
цудоўны,0,0,0,0,0,0,1,0,0,0
павярхоўны,0,0,0,0,0,1,0,0,0,0
лішняе,0,0,0,0,0,1,0,0,0,0
звышчалавек,0,0,0,0,0,0,1,0,0,0
накладзеныя,0,0,0,0,0,0,0,0,0,0
прараб,0,0,0,0,0,0,0,0,0,0
вышэйшы,0,0,0,0,0,0,1,0,0,0
перавага,0,0,0,0,0,0,1,0,0,0
найвышэйшы,0,0,0,0,0,0,0,0,0,0
супермэн,0,0,0,0,1,0,1,0,0,1
супермаркет,0,0,0,0,0,0,0,0,0,0
супернатант,0,0,0,0,0,0,0,0,0,0
звышнатуральнае,0,0,0,0,0,0,0,0,0,0
суперпазіцыя,0,0,0,0,0,0,0,0,0,0
выцясняць,0,0,0,0,0,0,0,0,0,0
суперзорка,0,0,0,0,1,0,1,0,0,1
забабоны,0,0,0,1,0,1,1,0,0,0
забабонны,0,1,0,1,0,1,0,0,0,0
кантраляваць,0,0,0,0,0,0,0,0,0,0
нагляд,0,0,0,0,0,0,0,0,0,0
кіраўнік,0,0,0,0,0,0,0,0,0,0
вячэра,0,0,0,0,0,0,0,0,0,0
выцесніць,0,0,0,0,0,0,0,0,0,0
гнуткі,0,0,0,0,0,0,0,0,0,0
дадатак,0,0,0,0,0,0,0,0,0,0
дадатковыя,0,0,0,0,0,0,0,0,0,0
дадатковыя,0,0,0,0,0,0,0,0,0,0
маленне,0,0,0,0,0,0,1,0,0,1
расходныя матэрыялы,0,0,0,0,0,0,1,0,0,0
пастаўкі,0,0,0,0,0,0,1,0,0,0
падтрымліваецца,0,0,0,0,0,0,1,0,0,0
прыхільнік,0,0,0,0,1,0,1,0,0,1
прыхільнікаў,0,0,0,0,0,0,0,0,0,0
які падтрымлівае,0,0,0,0,0,0,1,0,0,1
выкажам здагадку,0,0,0,0,0,0,0,0,0,0
"мяркуючы, што",0,0,0,0,0,0,0,0,0,0
здагадка,0,0,0,0,0,0,0,0,0,0
душыць,1,0,0,1,0,1,0,1,0,0
падаўленне,1,0,1,1,0,1,0,0,0,0
вяршэнства,1,1,0,1,1,1,1,0,1,1
найвышэйшы,0,0,0,0,0,0,1,0,0,0
у вышэйшай ступені,0,0,0,0,0,0,1,0,0,0
даплата,1,0,0,0,0,1,0,0,0,0
паручыцельства,0,0,0,0,0,0,1,0,0,1
прыбой,0,0,0,0,0,0,0,0,0,0
паверхні,0,0,0,0,0,0,0,0,0,0
ўсплёск,0,0,0,0,0,0,0,0,1,0
хірург,0,0,0,0,0,0,0,0,0,0
хірургічнае ўмяшанне,0,0,0,1,0,0,0,1,0,0
панылы,1,0,1,0,0,1,0,0,0,0
здагадка,0,0,0,0,0,0,1,0,0,0
прозвішча,0,0,0,0,0,0,0,0,0,0
пераўзыходзячы,0,0,0,0,0,0,1,0,0,0
лішак,0,0,0,0,0,0,0,0,0,0
сюрпрыз,0,0,0,1,1,0,1,0,1,0
здзіўлены,0,0,0,0,0,0,0,0,1,0
дзіўна,0,0,0,0,0,0,0,0,1,0
дзіўна,0,1,0,0,0,0,0,0,1,0
капітуляцыя,0,0,0,1,0,1,0,1,0,0
здаючыся,0,0,0,0,0,1,0,1,0,0
сурагат,0,0,0,0,0,0,0,0,0,1
атачаць,0,1,0,0,0,1,1,0,0,0
навакольныя,0,0,0,0,0,0,0,0,0,0
наваколлі,0,0,0,0,0,0,0,0,0,0
назіранне,0,0,0,1,0,0,0,0,0,0
апытанне,0,0,0,0,0,0,0,0,0,0
геадэзія,0,0,0,0,0,0,1,0,0,0
геадэзіст,0,0,0,0,0,0,0,0,0,0
выжыванне,0,0,0,0,0,0,0,0,0,0
выжыць,0,0,0,0,0,0,1,0,0,0
выжыў,0,0,0,0,0,0,0,0,0,0
успрымальнасць,0,0,0,0,0,0,0,0,0,0
успрымальны,0,0,0,0,0,1,0,0,0,0
падазраваны,0,0,0,1,0,1,0,0,0,0
падазраваны,0,0,0,0,0,0,0,0,0,0
прыпыніць,0,0,0,0,0,0,0,0,0,0
прыпынена,0,0,0,0,0,0,0,0,0,0
падцяжкі,0,0,0,0,0,0,0,0,0,0
саспенс,0,1,0,1,0,0,0,0,1,0
падвеска,0,0,0,1,0,1,0,0,0,0
падазрэнне,0,0,0,1,0,1,0,0,0,0
падазрэнні,0,0,0,0,0,0,0,0,0,0
падазроны,1,1,0,0,0,1,0,0,0,0
вытрыманы,0,0,0,0,0,0,0,0,0,0
пражытак,0,0,0,0,0,0,0,0,0,0
шво,0,0,0,0,0,0,0,0,0,0
тампон,0,0,0,0,0,1,0,0,0,0
хабар,0,0,0,0,0,0,0,0,0,0
фанабэрыстасць,0,0,0,0,0,0,0,0,0,0
праглынуць,0,0,0,0,0,0,0,0,0,0
балота,0,0,1,1,0,1,0,0,0,0
забалочаны,0,0,0,0,0,0,0,0,0,0
забалочаны,0,0,1,1,0,1,0,0,0,0
лебедзь,0,0,0,0,0,0,0,0,0,0
своп,0,0,0,0,0,0,0,0,0,0
рой,0,0,1,0,0,0,0,0,0,0
раенне,0,0,0,0,0,0,0,0,0,0
свастыка,1,0,0,1,0,1,0,0,0,0
калыхацца,0,0,0,0,0,0,0,0,0,0
лаяцца,0,0,0,0,0,0,1,0,0,1
лаянка,0,0,0,0,0,0,0,0,0,0
пот,0,0,0,1,0,0,0,0,0,0
швэдар,0,0,0,0,0,0,0,0,0,0
потлівасць,0,0,0,0,0,0,0,0,0,0
падмятаць,0,0,0,0,0,0,0,0,0,0
падмятанне,0,0,0,0,0,0,0,0,0,0
салодкі,0,1,0,0,1,0,1,0,1,1
падсаладзіць,0,0,0,0,0,0,0,0,0,0
падсалоджаны,0,0,0,0,0,0,0,0,0,0
подсластітель,0,0,0,0,0,0,0,0,0,0
мілая,0,1,0,0,1,0,1,1,0,1
мілая,0,0,0,0,0,0,1,0,0,0
слодыч,0,0,0,0,0,0,1,0,0,0
прысмакі,0,1,0,0,1,0,1,0,0,0
брыняць,0,0,0,0,0,0,0,0,0,0
ацёк,0,0,0,1,0,1,0,0,0,0
душны,0,0,0,0,0,0,0,0,0,0
збочыць,0,0,0,1,0,0,0,0,1,0
імклівы,0,0,0,0,0,0,1,0,0,0
хутка,0,0,0,0,0,0,0,0,0,0
глыток,0,0,1,0,0,1,0,0,0,0
плаваць,0,1,0,1,1,0,1,0,0,0
плаванне,0,0,0,0,0,0,0,0,0,0
свіней,0,0,1,0,0,1,0,0,0,0
арэлі,0,0,0,0,0,0,0,0,0,0
размахваючы,0,0,0,0,0,0,0,0,0,0
свіст,0,0,0,0,0,0,0,0,0,0
перамыкач,0,0,0,0,0,0,0,0,0,0
паваротны,0,0,0,0,0,0,0,0,0,0
азызлая,0,0,0,0,0,1,0,0,0,0
страціць прытомнасць,0,0,0,0,0,0,0,0,0,0
налёт,0,0,0,0,0,0,0,0,0,0
меч,0,0,0,0,0,0,0,0,0,0
склад,0,0,0,0,0,0,0,0,0,0
вучэбны план,0,0,0,0,0,0,0,0,0,0
сімвал,0,0,0,0,0,0,0,0,0,0
сімвалічны,0,0,0,0,0,0,1,0,0,0
сімвалічна,0,0,0,0,0,0,0,0,0,0
сімволіка,0,0,0,0,0,0,0,0,0,0
сімвалізаваць,0,0,0,0,0,0,0,0,0,0
сіметрычны,0,0,0,0,0,0,0,0,0,0
сіметрычны,0,0,0,0,0,0,1,0,0,0
сіметрыя,0,0,0,0,1,0,1,0,0,1
спагадлівы,0,0,0,1,1,0,1,1,0,1
спачуваць,0,0,0,0,0,0,0,1,0,0
сімпатыя,0,0,0,0,0,0,1,1,0,0
сімфанічны,0,1,0,0,1,0,1,0,0,0
сімптом,0,0,0,0,0,1,0,0,0,0
сімптаматычнае,0,0,0,0,0,0,0,0,0,0
сінагога,0,0,0,0,0,0,0,0,0,0
сінхранізаваць,0,1,0,0,1,0,1,0,1,1
сінхронныя,0,0,0,0,0,0,0,0,0,0
сінкопа,0,0,0,1,0,1,0,1,1,0
сіндыкат,0,0,0,0,0,0,0,0,0,0
сінэргічны,0,0,0,0,0,0,1,0,0,1
сінэргія,0,0,0,0,0,0,0,0,0,0
сінод,0,0,0,0,0,0,1,0,0,1
сінонім,0,0,0,0,0,0,0,0,0,0
сінанімічныя,0,0,0,1,0,1,1,0,0,1
канспект,0,0,0,0,0,0,0,0,0,0
сінаптычны,0,0,0,0,0,0,0,0,0,0
сінтаксіс,0,0,0,0,0,0,0,0,0,0
сінтэз,0,0,0,0,0,0,0,0,0,0
сінтэтычны,0,0,0,0,0,0,0,0,0,0
шпрыц,0,0,0,1,0,0,0,0,0,0
сіроп,0,0,0,0,0,0,0,0,0,0
сістэма,0,0,0,0,0,0,0,0,0,1
сістэматычны,0,0,0,0,0,0,0,0,0,0
сістэматычна,0,0,0,0,0,0,0,0,0,0
таббі,0,0,0,0,0,0,0,0,0,0
скінія,0,0,0,0,0,0,0,0,0,0
стол,0,0,0,0,0,0,0,0,0,0
табло,0,0,0,0,0,0,0,0,0,0
сталовая лыжка,0,0,0,0,0,0,0,0,0,0
планшэт,0,0,0,0,0,0,0,0,0,0
посуд,0,0,0,0,0,0,0,0,0,0
табу,0,0,1,1,0,1,0,0,0,0
таблічны,0,0,0,0,0,0,0,0,0,0
таблічны,0,1,0,0,0,0,0,0,0,0
табуляцыя,0,0,0,0,0,0,0,0,0,0
тахометр,0,0,0,0,0,0,0,0,0,0
маўклівы,0,0,0,0,0,0,0,0,0,0
прыхватка,0,0,0,0,0,0,0,0,0,0
снасці,1,0,0,0,0,0,0,0,1,0
барацьба,0,0,0,0,0,0,0,0,0,0
ліпкі,0,0,0,0,0,0,0,0,0,0
такт,0,0,0,0,0,0,1,0,0,0
тактыка,0,0,0,1,0,0,0,0,0,1
тактыльны,0,0,0,0,0,0,0,0,0,0
тафта,0,0,0,0,0,0,0,0,0,0
ірыскі,0,0,0,0,0,0,0,0,0,0
тэг,0,0,0,0,0,0,0,0,0,0
хвост,0,0,0,0,0,0,0,0,0,0
хвастатыя,0,0,0,0,0,0,0,0,0,0
хвасты,0,0,0,0,0,0,0,0,0,0
кравец,0,0,0,0,0,0,0,0,0,0
пашыў адзення,0,0,0,0,0,0,0,0,0,0
забрудзіць,0,0,0,0,0,1,0,1,0,0
які бярэ,0,0,0,0,0,0,0,0,0,0
казка,0,0,0,0,0,0,1,0,0,0
талент,0,0,0,0,0,0,1,0,0,0
таленавіты,0,0,0,0,0,0,0,0,0,0
талісман,0,0,0,0,0,0,1,0,0,0
размаўляць,0,0,0,0,0,0,1,0,0,0
гаваркі,0,0,0,0,0,0,0,0,0,0
балбатун,0,0,0,0,0,0,0,0,0,0
высокі,0,0,0,0,0,0,0,0,0,0
падлікі,0,0,0,0,0,0,0,0,0,0
сала,0,0,0,0,0,0,0,0,0,0
падлік,0,0,0,0,0,0,0,0,0,0
кіпцюры,1,0,0,1,0,1,0,0,0,0
бубен,0,0,0,0,0,0,0,0,0,0
прыручэнне,0,0,0,0,0,0,0,0,0,0
загар,0,0,0,0,0,0,0,0,0,0
тандэм,0,0,0,0,0,0,0,0,0,1
танг,0,0,0,0,0,0,0,0,0,0
датычная,0,0,0,0,0,0,0,0,0,0
клубок,0,0,0,0,0,0,0,0,0,0
заблытаны,0,0,0,0,0,1,0,0,0,0
танк,0,0,0,0,0,0,0,0,0,0
загарэлы,0,0,0,0,0,0,1,0,0,0
спакуслівы,0,1,0,0,1,1,1,0,1,0
раўназначна,0,0,0,0,0,0,0,0,0,1
кран,0,0,0,0,0,0,0,0,0,0
стужка,0,0,0,0,0,0,0,0,0,0
звужацца,0,0,0,0,0,0,0,0,0,0
звужваюцца,0,0,0,0,0,0,0,0,0,0
габелен,0,0,0,0,0,0,0,0,0,0
дзёгаць,0,0,0,0,0,0,0,0,0,0
спазненне,0,0,0,0,0,1,0,0,0,0
спазненне,0,0,0,0,0,1,0,0,0,0
мішэнь,0,0,0,0,0,0,0,0,0,0
тарыф,1,0,1,0,0,1,0,0,0,0
запляміць,0,0,1,0,0,1,0,1,0,0
смаліць,0,0,0,0,0,1,0,0,0,0
даўкі,0,0,0,0,0,0,0,0,0,0
тартан,0,0,0,0,0,0,0,0,0,0
зубной камень,0,0,0,0,0,0,0,0,0,0
задача,0,0,0,0,0,0,1,0,0,0
пэндзлік,0,0,0,0,0,0,0,0,0,0
густ,0,0,0,0,0,0,0,0,0,0
з густам,0,0,0,0,0,0,1,0,0,0
безгустоўны,0,0,1,0,0,1,0,0,0,0
дэгустацыя,0,0,0,0,0,0,0,0,0,0
смачна,0,0,0,0,0,0,1,0,0,0
тат,0,0,0,0,0,0,0,0,0,0
татуіроўка,0,0,0,0,0,0,0,0,0,0
вучыў,0,0,0,0,0,0,0,0,0,1
насмешка,1,0,0,1,0,1,0,1,0,0
нацягнуты,0,0,0,0,0,0,0,0,0,0
карчма,0,0,0,0,0,0,0,0,0,0
карычневы,0,0,1,0,0,0,0,0,0,0
падатак,0,0,0,0,0,1,0,1,0,0
таксі,0,0,0,0,0,0,0,0,0,0
сістэматыка,0,0,0,0,0,0,0,0,0,0
чай,0,0,0,0,0,0,0,0,0,0
навучыць,0,0,0,0,1,0,1,0,1,1
выкладчык,0,0,0,0,0,0,1,0,0,1
навучанне,0,0,0,0,0,0,0,0,0,0
каманда,0,0,0,0,0,0,0,0,0,1
слязлівы,0,0,1,1,0,0,0,1,0,0
дражніць,1,1,0,0,0,1,0,1,0,0
тызер,0,0,0,0,0,0,0,0,0,0
дражніць,1,0,0,1,0,1,0,0,0,0
соска,0,0,0,0,0,0,0,0,0,0
тэхнічны,0,0,0,0,0,0,0,0,0,0
тэхнічнасць,0,0,0,0,0,0,0,0,0,0
тэхнік,0,0,0,0,0,0,0,0,0,0
тэхналогіі,0,0,0,0,0,0,1,0,0,0
Тэд,0,0,0,0,0,0,0,0,0,0
стомна,0,0,0,0,0,1,0,0,0,0
нуда,0,0,0,0,0,1,0,0,0,0
кіпіць,0,0,1,0,0,0,0,0,0,0
падлеткі,0,0,0,0,0,1,1,0,0,0
зубы,0,0,0,0,0,0,0,0,0,0
тэфлон,0,0,0,0,0,0,0,0,0,0
тэлеграма,0,0,0,0,0,0,0,0,0,0
тэлеграф,0,0,0,0,0,0,0,0,0,0
тэлефон,0,0,0,0,0,0,0,0,0,0
тэлескоп,0,0,0,0,0,0,0,0,0,0
тэлескапічны,0,0,0,0,0,0,0,0,0,0
тэлебачанне,0,0,0,0,0,0,0,0,0,0
расказчык,0,0,0,0,0,0,0,0,0,0
распавядаючы,0,0,0,0,0,0,0,0,0,0
паказальны,0,0,0,0,0,0,0,0,0,0
характар,0,0,0,0,0,0,0,0,0,0
тэмпера,0,0,0,0,0,0,0,0,0,0
тэмперамент,0,0,0,0,0,0,0,0,0,0
умеранасць,0,0,0,0,0,0,1,0,0,0
ўмераны,0,0,0,0,0,0,0,0,0,1
тэмпература,0,0,0,0,0,0,0,0,0,0
загартаваны,0,0,0,0,0,0,1,0,0,0
бура,1,1,0,1,0,1,0,1,1,0
храм,0,0,0,0,0,0,0,0,0,0
скроневай,0,0,0,0,0,0,0,0,0,0
часова,0,0,0,0,0,0,0,0,0,0
часовы,0,0,0,0,0,0,0,0,0,0
спакушаць,0,0,0,0,0,0,0,0,0,0
спакуса,0,0,0,0,0,1,0,0,0,0
павабна,0,0,0,0,0,0,0,0,0,0
дзесяць,0,0,0,0,0,0,0,0,0,0
трывалы,0,0,0,0,0,0,1,0,0,0
чэпкі,0,0,0,0,0,0,1,0,0,0
упартасць,0,0,0,0,0,0,1,0,0,0
арэнда,0,0,0,0,0,0,1,0,0,0
арандатар,0,0,0,0,0,0,1,0,0,0
тэндэнцыя,0,0,0,0,0,0,0,0,0,0
пяшчотны,0,0,0,0,1,0,1,0,0,1
пяшчота,0,0,0,0,1,0,1,0,0,0
даглядаць,0,0,0,0,0,0,0,0,0,0
сухажылле,0,0,0,0,0,0,0,0,0,0
камяніца,0,0,0,0,0,1,0,0,0,0
прынцып,0,0,0,0,0,0,0,0,0,0
прынцыпы,0,0,0,0,0,0,0,0,0,0
у дзесяць разоў,0,0,0,0,0,0,0,0,0,0
тэніс,0,0,0,0,0,0,0,0,0,0
напружаны,0,0,0,0,0,0,0,0,0,0
расцяжэнне,0,0,0,0,0,0,0,0,0,0
напружанне,1,0,0,0,0,0,0,0,0,0
палатка,0,0,0,0,0,0,0,0,0,0
шчупальца,0,0,0,0,0,0,0,0,0,0
арыентыровачны,0,0,0,0,0,0,0,0,0,0
дзесяты,0,0,0,0,0,0,0,0,0,0
дзесятых,0,0,0,0,0,0,0,0,0,0
разрэджаны,0,0,0,0,0,0,0,0,0,0
валодання,0,0,0,0,0,0,0,0,0,0
прахалодны,0,0,0,0,0,0,0,0,0,0
тэрмін,0,0,0,0,0,0,0,0,0,0
тэрмінал,0,0,0,1,0,1,0,1,0,0
спыніць,0,0,0,0,0,0,0,1,0,0
спыненне,0,0,0,0,0,1,0,1,0,0
канцавая станцыя,0,0,0,0,0,0,0,0,0,0
тэрмітнік,0,0,1,0,0,1,0,0,0,0
тэрміны,0,0,0,0,0,0,0,0,0,0
крачка,0,0,0,0,0,0,0,0,0,0
трохчленны,0,0,0,0,0,0,0,0,0,0
тэраса,0,0,0,0,0,0,0,0,0,0
наземныя,0,0,0,0,0,0,0,0,0,0
жудасны,1,0,1,1,0,1,0,1,0,0
жудасна,0,0,0,0,0,0,0,1,0,0
тэр'ер,0,0,0,0,0,0,0,0,0,0
надзвычайны,0,0,0,0,0,0,0,1,0,0
тэрытарыяльны,0,0,0,0,0,0,0,0,0,0
тэрыторыі,0,0,0,0,0,0,0,0,0,0
тэрор,0,0,0,1,0,1,0,0,0,0
тэрарызм,1,0,1,1,0,1,0,1,0,0
тэрарыст,1,0,1,1,0,1,0,1,1,0
тэрарызаваць,1,0,0,1,0,1,0,1,0,0
лаканічны,0,0,0,0,0,0,0,0,0,0
троесны,0,0,0,0,0,0,0,0,0,0
тэст,0,0,0,0,0,0,0,0,0,0
завяшчанне,0,1,0,0,0,0,0,0,0,1
сведчыць,0,0,0,0,0,0,0,0,0,0
сведчанне,0,0,0,0,0,0,0,0,0,0
паказанні,0,0,0,0,0,0,0,0,0,1
слупняк,0,0,1,0,0,1,0,0,0,0
прывязь,0,0,0,0,0,1,0,0,0,0
прывязаны,0,0,0,0,0,0,0,0,0,0
чатырохгранныя,0,0,0,0,0,0,0,0,0,0
тэкст,0,0,0,0,0,0,0,0,0,0
падручнік,0,0,0,0,0,0,0,0,0,0
тэкстыльны,0,0,0,0,0,0,0,0,0,0
тэкстурныя,0,0,0,0,0,0,0,0,0,0
тэкстура,0,0,0,0,0,0,0,0,0,0
удзячны,0,0,0,0,1,0,1,0,0,0
падзяка,0,0,0,0,1,0,1,0,0,0
салома,0,0,0,0,0,0,0,0,0,0
адліга,0,0,0,0,0,0,0,0,0,0
тэатр,0,0,0,0,0,0,0,0,0,0
тэатральны,0,0,0,0,0,0,0,0,0,0
крадзеж,1,0,1,1,0,1,0,1,0,0
тэізм,0,0,1,0,0,1,0,0,0,0
тэістычны,0,0,0,0,0,0,0,0,0,0
тэма,0,0,0,0,0,0,0,0,0,0
тэакратыя,0,0,0,0,0,0,0,0,0,0
тэакратычны,1,0,0,1,0,1,0,1,0,1
тэолаг,0,0,0,0,0,0,0,0,0,0
тэалагічны,0,0,0,0,0,0,0,0,0,1
тэалогіі,0,1,0,0,0,0,0,0,0,0
тэарэма,0,0,0,0,0,0,0,0,0,1
тэарэтычны,0,0,0,0,0,0,1,0,0,0
тэорыі,0,1,0,0,0,0,0,0,0,1
тэрапеўтычны,0,0,0,0,1,0,1,0,0,1
тэрапеўтычныя сродкі,0,0,0,0,0,0,1,0,0,0
прыкладна там,0,0,0,0,0,0,0,0,0,0
гэтага,0,0,0,0,0,0,0,0,0,0
з гэтым,0,0,0,0,0,0,0,0,0,0
тэрмічны,0,0,0,0,0,0,0,0,0,0
тэрмапара,0,1,0,0,0,0,0,0,0,0
тэрмадынаміка,0,0,0,0,0,0,0,0,0,0
тэрмометр,0,0,0,0,0,0,0,0,0,1
тэрмастат,0,0,0,0,0,0,0,0,0,0
тэзаўрус,0,0,0,0,0,0,0,0,0,0
дысертацыя,0,0,0,0,0,0,0,0,0,0
густы,0,0,0,0,0,0,0,0,0,0
згушчацца,0,0,0,0,0,0,0,0,0,0
патаўшчэнне,0,0,0,0,0,0,0,0,0,0
зараснік,0,0,0,0,0,0,0,0,0,0
таўшчыня,0,0,0,0,0,0,0,0,0,0
злодзей,1,0,1,1,0,1,0,1,1,0
напарстак,0,0,0,0,0,0,0,0,0,0
тонкі,0,0,0,0,0,0,0,0,0,0
рэч,0,0,0,0,0,0,0,0,0,0
рэчы,0,0,0,0,0,0,0,0,0,0
мысляр,0,0,0,0,0,0,1,0,0,0
мысленне,0,0,0,0,0,0,0,0,0,0
траціны,0,0,0,0,0,0,0,0,0,0
смага,0,1,0,0,0,0,0,1,1,0
смага,0,0,0,0,0,1,0,0,0,0
трынаццаць,0,0,0,0,0,0,0,0,0,0
трынаццаты,0,0,0,1,0,0,0,0,0,0
чартапалох,0,0,0,0,0,0,0,0,0,0
туды,0,0,0,0,0,0,0,0,0,0
стрынгі,0,0,0,0,0,0,0,0,0,0
шып,0,0,0,0,0,1,0,0,0,0
калючая,0,0,0,1,0,1,0,0,0,0
чыстакроўны,0,0,0,0,0,0,1,0,0,0
праезд,0,0,0,0,0,0,0,0,0,0
думаў,0,1,0,0,0,0,0,0,0,0
удумлівы,0,0,0,0,0,0,1,0,0,1
прадуманасць,0,0,0,0,0,0,1,0,0,0
бяздумны,1,0,1,0,0,1,0,0,0,0
думкі,0,0,0,0,0,0,0,0,0,0
тысяча,0,0,0,0,0,0,0,0,0,0
трэш,1,0,1,1,0,1,0,1,0,0
нітка,0,0,0,0,0,0,0,0,0,0
пагроза,1,0,0,1,0,1,0,0,0,0
пагражаць,1,1,0,1,0,1,0,0,0,0
пагрозлівы,1,0,1,1,0,1,0,0,0,0
патройны,0,0,0,0,0,0,0,0,0,0
малаціць,1,0,0,1,0,1,0,1,0,0
парог,0,0,0,0,0,0,0,0,0,0
тройчы,0,0,0,0,0,0,0,0,0,0
беражлівасць,0,0,1,0,0,0,1,0,0,1
эканомны,0,0,0,0,0,0,0,0,0,0
вострыя адчуванні,0,1,0,1,1,0,1,0,1,0
захапляльны,0,1,0,0,1,0,1,0,1,0
квітнее,0,1,0,0,1,0,1,0,0,0
горла,0,0,0,0,0,0,0,0,0,0
пульсаваць,0,0,0,1,0,1,0,1,0,0
пульсуючая,0,0,0,0,0,0,0,0,0,0
трон,0,0,0,0,0,0,1,0,0,1
натоўп,0,0,0,0,0,0,0,0,0,0
дросель,1,0,0,0,0,1,0,0,0,0
кінуць,0,0,0,0,0,0,0,0,0,0
малочніца,0,0,0,0,0,0,0,0,0,0
цяга,0,0,0,0,0,0,0,0,0,0
стук,0,0,0,0,0,0,0,0,0,0
бандыт,1,0,1,1,0,1,0,0,0,0
вялікі палец,0,0,0,0,0,0,0,0,0,0
стукаць,1,0,0,0,0,1,0,0,0,0
стукаць,0,0,0,1,0,0,0,0,0,0
гром,0,0,0,0,0,0,0,0,0,0
навальніца,0,0,0,0,0,0,0,0,0,0
грымотны,1,0,0,1,0,1,0,0,0,0
навальніца,0,0,0,0,0,0,0,0,0,0
сарваць,0,0,0,0,0,1,0,0,1,0
чабор,0,0,0,0,0,0,0,0,0,0
дыядэма,0,0,0,0,0,0,0,0,0,0
галачка,0,0,0,0,0,0,0,0,0,0
цікер,0,0,0,0,0,0,0,0,0,0
білет,0,0,0,0,0,0,0,0,0,0
казытаць,0,1,0,0,1,0,1,0,1,1
казытлівы,0,0,0,0,0,0,0,0,0,0
прыліўныя,0,0,0,0,0,0,0,0,0,0
прынадны кавалак,0,0,0,0,0,0,0,0,0,0
прыліў,0,0,0,0,0,0,0,0,0,0
весткі,0,0,0,0,0,0,0,0,0,0
гальштук,0,0,0,0,0,0,0,0,0,0
ярус,0,0,0,0,0,0,0,0,0,0
тыф,1,0,0,0,0,1,0,0,0,0
тыгр,0,0,0,0,0,0,0,0,0,0
зацягнуць,1,0,0,0,0,0,0,0,0,0
герметычнасць,0,0,0,0,0,0,0,0,0,0
калготкі,0,0,0,0,0,0,0,0,0,0
тыльда,0,0,0,0,0,0,0,0,0,0
плітка,0,0,0,0,0,0,0,0,0,0
пліткавая плітка,0,0,0,0,0,0,1,0,0,0
да,0,0,0,0,0,0,0,0,0,0
апрацоўка глебы,0,0,0,0,0,0,0,0,0,0
румпель,0,0,0,0,0,0,0,0,0,0
нахіл,0,0,0,0,0,0,0,0,0,0
нахіл,0,0,0,0,0,0,0,0,0,0
драўніна,0,0,0,0,0,0,0,0,0,0
лясная зямля,0,0,0,0,0,0,0,0,0,0
тэмбр,0,0,0,0,0,0,0,0,0,0
час,0,1,0,0,0,0,0,0,0,0
своечасовасць,0,0,0,0,0,0,0,0,0,0
своечасовы,0,0,0,0,0,0,1,0,0,0
гадзіннік,0,0,0,0,0,0,0,0,0,0
палахлівы,0,0,0,1,0,1,0,1,0,0
палахлівасць,0,1,0,1,0,1,0,0,0,0
волава,0,0,0,0,0,0,0,0,0,0
настойка,0,0,0,0,0,0,0,0,0,0
зубец,0,0,0,0,0,0,0,0,0,0
адценне,0,0,0,0,0,0,0,0,0,0
паколванне,0,0,0,0,0,0,0,0,0,0
паколванне,0,0,0,0,0,0,0,0,0,0
майстраваць,0,0,0,0,0,0,0,0,0,0
майстраваць,0,0,0,0,0,0,0,0,0,0
шум у вушах,0,0,0,0,0,0,0,0,0,0
мішура,0,0,0,0,1,0,1,0,0,0
адценне,0,0,0,0,0,0,0,0,0,0
малюсенькі,0,0,0,0,0,0,0,0,0,0
чаявыя,0,0,0,0,0,0,0,0,0,0
падвыпіўшы,0,0,0,0,0,1,0,0,0,0
тырада,1,0,1,0,0,1,0,0,0,0
шына,0,0,0,0,0,0,0,0,0,0
стаміўся,0,0,0,0,0,1,0,0,0,0
стомленасць,0,0,0,0,0,1,0,0,0,0
стомна,0,0,0,0,0,1,0,0,0,0
тканіны,0,0,0,0,0,0,0,0,0,0
сініца,0,0,0,0,0,1,0,0,0,0
тытанічны,0,0,0,0,0,0,0,0,0,0
дзесяціна,0,0,0,0,0,0,0,0,0,0
назва,0,0,0,0,0,0,1,0,0,1
пад назвай,0,0,0,0,0,0,0,0,0,0
цыцкі,0,0,0,0,0,0,0,0,0,0
тытульны,0,0,0,0,0,0,0,0,0,0
жаба,0,0,1,0,0,1,0,0,0,0
тосты,0,0,0,0,1,0,1,0,0,0
тытунь,0,0,0,0,0,1,0,0,0,0
Тобі,0,0,0,0,0,0,0,0,0,0
тод,0,0,0,0,0,0,0,0,0,0
сёння,0,0,0,0,0,0,0,0,0,0
палец ногі,0,0,0,0,0,0,0,0,0,0
тога,0,0,0,0,0,0,0,0,0,0
працаваць,0,0,0,0,0,0,0,0,0,0
туалет,0,0,1,0,0,1,0,0,0,0
мучыцца,0,0,0,0,0,1,0,0,0,0
жэтон,0,0,0,0,0,0,0,0,0,0
памяркоўнасць,0,0,0,0,0,0,0,0,0,0
талерантны,0,0,0,0,0,0,1,0,0,0
цярпець,1,0,0,0,0,1,0,1,0,0
памяркоўнасць,0,0,0,0,0,0,1,0,0,0
дарожны збор,0,0,0,0,0,0,0,0,0,0
тамагаўк,0,0,0,0,0,0,0,0,0,0
магіла,0,0,0,0,0,0,0,1,0,0
карапуз,0,0,0,0,0,0,0,0,0,0
мне,0,0,0,0,0,0,0,0,0,0
заўтра,0,1,0,0,0,0,0,0,0,0
тона,0,0,0,0,0,0,0,0,0,0
тон,0,0,0,0,0,0,0,0,0,0
шчыпцы,0,0,0,0,0,0,0,0,0,0
шчыпцы,0,0,0,0,0,0,0,0,0,0
мова,0,0,0,0,0,0,0,0,0,0
танізавальны сродак,0,0,0,0,0,0,0,0,0,0
танаж,0,0,0,0,0,0,0,0,0,0
міндаліны,0,0,0,0,0,0,0,0,0,0
аснастка,0,0,0,0,0,0,0,0,0,0
зуб,0,0,0,0,0,0,0,0,0,0
зубная боль,0,0,0,1,0,1,0,0,0,0
зубчастыя,0,0,0,0,0,0,0,0,0,0
бяззубы,0,0,0,0,0,0,0,0,0,0
верх,0,1,0,0,0,0,1,0,0,1
тапаз,0,0,0,0,0,0,0,0,0,0
тэма,0,0,0,0,0,0,0,0,0,0
актуальныя,0,0,0,0,0,0,0,0,0,0
тапаграфічны,0,0,0,0,0,0,0,0,0,0
тапаграфічны,0,0,0,0,0,0,0,0,0,0
тапаграфія,0,0,0,0,0,0,0,0,0,0
зрынуць,0,0,0,0,0,0,0,0,1,0
тор,0,0,0,0,0,0,0,0,0,0
факел,0,0,0,0,0,0,0,0,0,0
мучыць,1,0,0,1,0,1,0,1,0,0
разарваны,0,0,0,0,0,1,0,0,0,0
тарнада,0,0,0,1,0,0,0,0,0,0
тарпеда,1,0,0,0,0,1,0,0,0,0
торэнт,0,0,0,1,0,0,0,0,0,0
гарачы,0,0,0,0,0,1,0,0,0,0
скручванне,0,0,0,0,0,0,0,0,0,0
тулава,0,0,0,0,0,0,0,0,0,0
дэлікт,0,0,0,0,0,1,0,0,0,0
дэліктны,1,0,1,0,0,1,0,0,0,0
чарапаха,0,0,0,0,0,0,0,0,0,0
звілісты,0,0,0,0,0,0,0,0,0,0
катаванні,1,1,1,1,0,1,0,1,0,0
падкідваць,0,0,0,0,0,0,0,0,0,0
усяго,0,0,0,0,0,0,0,0,0,0
сукупнасць,0,0,0,0,0,0,0,0,0,0
цалкам,0,0,0,0,0,0,0,0,0,0
таталізатар,0,0,0,0,0,0,0,0,0,0
татэм,0,0,0,0,0,0,0,0,0,0
дотык,0,0,0,0,0,0,0,0,0,0
дакрануўся,0,0,0,0,0,1,0,0,0,0
кранальна,0,0,0,0,0,0,0,0,0,0
кранальны,1,0,0,0,0,1,0,1,0,0
жорсткі,0,0,0,0,0,1,0,1,0,0
цвёрдасць,1,0,0,1,0,0,1,0,0,1
тур,0,0,0,0,0,0,0,0,0,0
турыстычны,0,0,0,0,0,0,0,0,0,0
турмалін,0,0,0,0,0,0,0,0,0,0
турнір,0,0,0,0,0,0,0,0,0,0
жгут,0,0,0,0,0,0,0,0,0,0
рэкламаваць,0,0,0,0,0,0,0,0,0,0
пакулле,0,0,0,0,0,0,0,0,0,0
ручнік,0,0,0,0,0,0,0,0,0,0
вежа,0,0,0,0,0,0,1,0,0,0
узвышаецца,0,1,0,1,0,0,1,0,0,0
горад,0,0,0,0,0,0,0,0,0,0
таунхаус,0,0,0,0,0,0,0,0,0,0
таксічны,0,0,1,0,0,1,0,0,0,0
таксікалогіі,0,0,0,0,0,0,0,0,0,0
таксін,0,0,0,1,0,1,0,0,0,0
цацка,0,0,0,0,0,0,0,0,0,0
след,0,0,0,0,0,0,0,0,0,0
сляды,0,0,0,0,0,0,0,0,0,0
трахеі,0,0,0,0,0,0,0,0,0,0
калькаванне,0,0,0,0,0,0,0,0,0,0
трэк,0,1,0,0,0,0,0,0,0,0
урочышча,0,0,0,1,0,0,0,0,0,0
пагадлівы,0,0,0,0,0,0,0,0,0,0
цяга,0,0,0,0,0,0,0,0,0,0
трактар,0,0,0,0,0,0,0,0,0,0
гандаль,0,0,0,0,0,0,0,0,0,1
гандляр,0,0,0,0,0,0,0,0,0,0
гандляр,0,0,0,0,0,0,0,0,0,0
гандаль,0,0,0,0,0,0,0,0,0,0
традыцыі,0,0,0,0,0,0,0,0,0,0
традыцыйныя,0,0,0,0,0,0,1,0,0,0
рух,0,0,0,0,0,0,0,0,0,0
трагедыя,0,0,0,1,0,1,0,1,0,0
трагічны,0,0,0,0,0,1,0,0,0,0
след,0,0,0,0,0,0,0,0,0,0
цягнік,0,0,0,0,0,0,0,0,0,0
навучаны,0,0,0,0,0,0,0,0,0,0
трэнер,0,0,0,0,0,0,0,0,0,1
навучанне,0,0,0,0,0,0,0,0,0,0
рыса,0,0,0,0,0,0,0,0,0,0
здраднік,1,0,1,1,0,1,0,1,0,0
траекторыя,0,0,0,0,0,0,0,0,0,0
трамвай,0,0,0,0,0,0,0,0,0,0
валацуга,0,0,1,1,0,1,0,1,0,0
трамвайны шлях,0,0,0,0,0,0,0,0,0,0
транс,0,0,0,0,0,1,0,0,0,0
спакойны,0,0,0,0,1,0,1,0,0,0
спакой,0,0,0,0,1,0,1,0,0,1
здзяйсняць здзелкі,0,0,0,0,0,0,0,0,0,0
здзелка,0,0,0,0,0,0,0,0,0,1
трансатлантычны,0,0,0,0,0,0,0,0,0,0
трансцэндэнтнасць,0,1,0,0,1,0,1,0,1,1
трансцэндэнтны,0,0,0,0,0,0,0,0,0,0
трансцэндэнтальны,0,0,0,0,0,0,1,0,0,0
транскрыбаваць,0,0,0,0,0,0,0,0,0,0
перапісчык,0,0,0,0,0,0,0,0,0,0
стэнаграма,0,0,0,0,0,0,0,0,0,1
транскрыпцыя,0,0,0,0,0,0,0,0,0,0
перадача,0,0,0,0,0,0,0,0,0,0
перанос,0,0,0,0,0,0,0,0,0,0
перададзены,0,0,0,0,0,0,0,0,0,0
зафіксаваны,0,0,0,0,0,0,0,0,0,0
трансфармаваць,0,0,0,0,0,0,0,0,0,0
трансфармацыя,0,0,0,0,0,0,0,0,0,0
пераліванне,0,0,0,0,0,0,0,0,0,0
трансгрэсія,0,0,0,0,0,1,0,0,0,0
пераходны,0,0,0,0,0,0,0,0,0,0
транзіт,0,0,0,0,0,0,0,0,0,0
пераход,0,0,0,0,0,0,0,0,0,0
пераходны,0,1,0,0,0,0,0,0,0,0
пераходны,0,0,0,0,0,0,0,0,0,0
пераходны,0,0,0,0,0,0,0,0,0,0
перакладаць,0,0,0,0,0,0,0,0,0,0
пераклад,0,0,0,0,0,0,0,0,0,1
транслокация,0,0,0,0,0,0,0,0,0,0
напаўпразрысты,0,0,0,0,0,0,0,0,0,0
перадача,0,0,0,0,0,0,0,0,0,0
перадаваць,0,0,0,0,0,0,0,0,0,0
трансмутацыя,0,0,0,0,0,0,0,0,0,0
фрамуга,0,0,0,0,0,0,0,0,0,0
празрыстасць,0,0,0,0,0,0,0,0,0,0
празрысты,0,0,0,0,0,0,0,0,0,0
перасадка,0,0,0,0,0,0,0,0,0,0
трансплантацыя,0,0,0,0,0,0,0,0,0,0
транспарт,0,0,0,0,0,0,0,0,0,0
транспарт,0,0,0,0,0,0,0,0,0,0
транспанаваць,0,0,0,0,0,0,0,0,0,0
транспазіцыя,0,0,0,0,0,0,0,0,0,0
папярочны,0,0,0,0,0,0,0,0,0,0
пастка,0,0,0,0,0,0,0,0,0,0
пастка,0,0,0,0,0,0,0,0,0,0
атрыбуты,0,0,0,0,0,1,0,0,0,0
пасткі,0,0,0,0,0,1,0,0,0,0
смецце,0,0,1,0,0,1,0,1,0,0
смеццевы,0,0,1,0,0,1,0,0,0,0
траўматычны,1,0,0,1,0,1,0,1,0,0
роды,0,0,0,0,0,1,0,0,0,0
падарожжа,0,0,0,0,0,0,0,0,0,0
падарожнік,0,0,0,0,0,0,0,0,0,0
падарожжа,0,0,0,0,0,0,1,0,0,0
траверс,0,0,0,0,0,0,0,0,0,0
пародыя,0,0,1,1,0,1,0,1,0,0
трала,0,0,0,0,0,0,0,0,0,0
траўлер,0,0,0,0,0,0,0,0,0,0
латок,0,0,0,0,0,0,0,0,0,0
вераломны,1,0,1,1,0,1,0,0,0,0
вераломства,1,0,0,1,0,1,0,1,1,0
пратэктар,0,0,0,0,0,0,0,0,0,0
бегавая дарожка,0,1,0,0,0,0,0,0,0,0
здрада,1,0,1,1,0,1,0,0,1,0
скарб,0,1,0,0,1,0,1,0,0,1
скарбнік,0,0,0,0,0,0,0,0,0,1
казначэйства,0,0,0,0,0,0,0,0,0,0
лячыць,1,1,1,1,1,1,1,1,1,1
трактат,0,0,0,0,0,0,0,0,0,0
лячэнне,0,0,0,0,0,0,0,0,0,0
дагавор,0,0,0,0,0,0,0,0,0,0
высокія частоты,0,0,0,0,0,0,0,0,0,0
дрэва,1,1,1,0,1,0,1,0,1,1
паход,0,0,0,0,0,0,0,0,0,0
шпалеры,0,0,0,0,0,0,0,0,0,0
дрыжаць,0,0,0,0,0,0,0,0,0,0
дрыготкі,0,0,0,1,0,1,0,0,0,0
велізарны,0,0,0,0,0,0,0,0,0,0
надзвычайна,0,0,0,0,0,0,1,0,0,0
тремор,1,1,0,1,0,1,0,1,0,0
траншэя,0,0,0,0,0,0,0,0,0,0
тэндэнцыя,0,0,0,0,0,0,1,0,0,0
у трэндзе,0,0,0,0,0,0,0,0,0,0
модны,0,0,0,0,0,0,1,0,0,0
трапятанне,0,1,0,1,0,1,0,0,1,0
парушыць межы,1,0,0,0,0,1,0,0,0,0
трыяда,0,0,0,0,0,0,0,0,0,0
трохкутнік,0,0,0,0,0,0,0,0,0,0
трохкутныя,0,0,0,0,0,0,0,0,0,0
племя,0,0,0,0,0,0,0,0,0,1
нягоды,0,0,0,1,0,1,0,1,0,0
трыбунал,0,1,1,1,0,1,0,0,0,1
трыбуна,0,0,0,0,0,0,0,0,0,1
прыток,0,1,0,0,0,0,1,0,0,0
даніна павагі,0,0,0,0,0,0,1,0,0,0
хітрасць,0,0,0,0,0,1,0,0,1,0
хітрасць,1,0,1,1,0,1,0,1,1,0
струменьчык,0,0,0,0,0,0,0,0,0,0
хітры,0,0,0,0,0,0,0,0,0,0
трохколавы ровар,0,0,0,0,0,0,0,0,0,0
трызубец,0,0,0,0,0,0,0,0,0,0
дробязь,0,0,0,0,0,1,0,0,0,0
трыг,0,0,0,0,0,0,1,0,0,0
трыгер,0,0,0,0,0,0,0,0,0,0
трыганаметрыя,0,0,0,0,0,0,0,0,0,0
трлн,0,0,0,0,0,0,0,0,0,0
абрэзаць,0,0,0,0,0,0,0,0,0,0
трымер,0,0,0,0,0,0,0,0,0,0
абрэзка,0,0,0,0,0,0,0,0,0,0
трыгон,0,0,0,0,0,0,0,0,0,0
тройца,0,0,0,0,0,0,0,0,0,0
трыа,0,0,0,0,0,0,0,0,0,0
паездка,0,0,0,0,0,0,0,0,1,0
трохбаковы,0,0,0,0,0,0,0,0,0,0
патройны,0,0,0,0,0,0,0,0,0,0
трыплет,0,0,0,0,0,0,0,0,0,0
патройны экзэмпляр,0,0,0,0,0,0,0,0,0,0
штатыў,0,0,0,0,0,0,0,0,0,0
спатыкнуцца,1,0,0,0,0,1,0,1,0,0
банальна,0,0,0,0,0,0,0,0,0,0
трыцій,0,0,0,0,0,0,0,0,0,0
трыумфаваць,0,1,0,0,1,0,1,0,0,0
трыумфальна,0,1,0,0,1,0,1,0,0,1
троль,1,0,0,1,0,1,0,0,0,0
тралейбус,0,0,0,0,0,0,0,0,0,0
трамбон,0,0,0,0,0,0,0,0,0,0
войска,0,0,0,0,0,0,0,0,0,0
дэсантнік,0,0,0,0,0,0,0,0,0,0
войскі,0,0,0,0,0,0,0,0,0,0
трафей,0,1,0,0,1,0,1,0,1,1
трапічны,0,0,0,0,0,0,0,0,0,0
рыссю,0,0,0,0,0,0,0,0,0,0
клапотна,1,0,0,1,0,1,0,0,0,0
карыта,0,0,0,0,0,0,0,0,0,0
трупа,0,0,0,0,0,0,0,0,0,0
штаны,0,0,0,0,0,0,0,0,0,0
фарэль,0,0,0,0,0,0,0,0,0,0
кельня,0,0,0,0,0,0,0,0,0,0
перамір'е,0,0,0,0,1,0,1,0,0,1
грузавік,0,0,0,0,0,0,0,0,0,1
праўда,0,0,0,0,1,0,1,0,0,1
труізм,0,0,0,0,0,0,0,0,0,0
трамп,0,0,0,0,0,0,0,0,1,0
труба,0,0,0,0,0,1,0,0,0,0
трубач,0,0,0,0,0,0,0,0,0,0
абрэзаць,0,0,0,0,0,0,0,0,0,0
усечаны,0,0,0,0,0,0,0,0,0,0
катацца,0,0,0,0,0,0,0,0,0,0
багажнік,0,0,0,0,0,0,0,0,0,0
ферма,0,0,0,0,0,0,0,0,0,1
давер,0,0,0,0,0,0,0,0,0,1
давераная асоба,0,0,0,0,0,0,0,0,0,1
надзейны,0,0,0,0,0,0,1,0,0,0
праўда,0,0,0,0,0,0,1,0,0,1
праўдзівы,0,0,0,0,0,0,0,0,0,1
праўдзівасць,0,0,0,0,0,0,1,0,0,1
апрабаваць,0,0,0,0,0,0,0,0,0,0
ванна,0,0,0,0,0,0,0,0,0,0
трубка,0,0,0,0,0,0,0,0,0,0
трубчастыя,0,0,0,0,0,0,0,0,0,0
трубачка,0,0,0,0,0,0,0,0,0,0
падвярнуць,0,0,0,0,0,0,0,0,0,0
такер,0,0,0,0,0,0,0,0,0,0
хохолчатый,0,0,0,0,0,0,0,0,0,0
буксір,0,0,0,0,0,0,0,0,0,0
плата за навучанне,0,0,0,0,0,0,0,0,0,0
цюльпан,0,0,0,0,0,0,0,0,0,0
куляцца,0,0,0,0,0,1,0,0,0,0
стакан,0,0,0,0,0,0,0,0,0,0
пухліна,0,0,0,1,0,1,0,0,0,0
пухліна,0,0,0,1,0,1,0,1,0,0
мітусня,1,0,0,1,0,1,0,0,1,0
бурлівы,1,0,0,1,0,1,0,0,0,0
тун,0,0,0,0,0,0,0,0,0,0
тунец,0,0,0,0,0,0,0,0,0,0
наладжвальны,0,0,0,0,0,0,0,0,0,0
мелодыя,0,0,0,0,0,0,0,0,0,0
кіцель,0,0,0,0,0,0,0,0,0,0
цюнінг,0,0,0,0,0,0,0,0,0,0
тунэль,0,0,0,0,0,0,0,0,0,0
цюрбан,0,0,0,0,0,0,0,0,0,0
памутненне,0,0,0,0,0,0,0,0,0,0
турбіна,0,0,0,0,0,0,0,0,0,0
турбулентнасць,1,0,0,1,0,1,0,0,0,0
турбулентны,0,0,0,1,0,1,0,0,0,0
дзёран,0,0,0,0,0,0,0,0,0,0
куркума,0,0,0,0,0,0,0,0,0,0
мітусня,1,0,0,1,0,1,0,1,0,0
чарга,0,0,0,0,0,0,0,0,0,0
паварот,0,0,0,0,0,0,0,0,0,0
пад ключ,0,0,0,0,0,0,0,0,0,0
шлагбаум,0,0,0,0,0,0,0,0,0,0
паваротны стол,0,0,0,0,0,0,0,0,0,0
бірузовы,0,0,0,0,0,0,0,0,0,0
турэль,0,0,0,0,0,0,0,0,0,0
водолазка,0,0,0,0,0,0,0,0,0,0
сутычка,1,0,0,0,0,0,0,0,0,0
апека,0,0,0,0,0,0,1,0,0,1
рэпетытар,0,0,0,0,0,0,1,0,0,0
наладзіць,0,0,0,0,0,0,0,0,0,0
дванаццаты,0,0,0,0,0,0,0,0,0,0
дванаццаць,0,0,0,0,0,0,0,0,0,0
дваццатае,0,0,0,0,0,0,0,0,0,0
дваццаць,0,0,0,0,0,0,0,0,0,0
галінка,0,0,0,0,0,0,0,0,0,0
змярканне,0,0,0,0,0,0,0,0,0,0
саржа,0,0,0,0,0,0,0,0,0,0
двайнік,0,0,0,0,0,0,1,0,0,0
шпагат,0,0,0,0,0,0,0,0,0,0
мільгаць,0,1,0,0,1,0,1,0,0,0
блізняты,0,0,0,0,0,0,0,0,0,0
круціць,0,0,0,0,0,0,0,0,0,0
закручаны,0,0,0,0,0,0,0,0,0,0
тузацца,0,0,0,0,0,1,0,0,0,0
дваякае,0,0,0,0,0,0,0,0,0,0
магнат,0,0,0,0,0,0,0,0,0,0
тыпу,0,0,0,0,0,0,0,0,0,0
пішучая машынка,0,0,0,0,0,0,0,0,0,0
тайфун,0,0,0,1,0,1,0,0,0,0
звычайна,0,0,0,0,0,0,0,0,0,0
машыністка,0,0,0,0,0,0,0,0,0,0
тыпаграфіка,0,0,0,0,0,0,0,0,0,0
тыранічны,1,0,1,1,0,1,0,0,0,0
тыранія,0,0,0,1,0,1,0,1,0,0
тыран,1,0,1,1,0,1,0,1,0,0
шына,0,0,0,0,0,0,0,0,0,0
усюдыісны,0,0,0,0,0,0,0,0,0,0
паўсюднасць,0,0,0,0,0,0,0,0,0,0
пачварнасць,0,0,1,1,0,1,0,1,0,0
непрыгожы,0,0,1,0,0,1,0,0,0,0
язва,1,0,1,1,0,1,0,1,0,0
схаваны,0,0,0,0,0,1,0,0,0,0
канчатковы,0,1,0,0,0,0,0,1,0,0
у рэшце рэшт,0,1,0,0,0,0,1,0,0,0
ультыматум,1,0,0,1,0,1,0,0,0,0
апошні,0,0,0,0,0,0,0,0,0,0
ультрафіялетавае,0,0,0,0,0,0,0,0,0,0
пупочной,0,0,0,0,0,0,0,0,0,0
цень,0,0,0,0,0,0,0,0,0,0
парасон,0,0,0,0,0,0,0,0,0,0
суддзя,0,0,0,0,0,0,1,0,0,1
бессаромна,0,0,0,0,0,0,0,0,0,0
няспынна,0,0,0,0,0,0,0,0,0,0
не ў стане,0,0,0,0,0,1,0,1,0,0
непрымальны,0,0,0,0,0,1,0,1,0,0
без суправаджэння,0,0,0,0,0,0,0,0,0,0
непадсправаздачны,0,1,1,0,0,1,0,1,0,1
непрызнаны,0,0,0,0,0,0,0,1,0,0
непадроблены,0,0,0,0,0,0,0,0,0,0
без старонняй дапамогі,0,0,0,0,0,0,0,0,0,0
нязменным,0,0,0,0,0,0,0,0,0,0
адназначны,0,0,0,0,0,0,0,0,0,0
аднадушнасць,0,0,0,0,0,0,1,0,0,0
аднадушна,0,0,0,0,0,0,1,0,0,0
аднагалосна,0,0,0,0,0,0,0,0,0,0
непрадбачаны,0,0,0,0,0,0,0,0,1,0
незацверджаны,0,0,0,0,0,1,0,0,0,0
бяззбройны,0,0,0,0,0,0,0,0,0,0
без старонняй дапамогі,0,0,0,0,0,0,0,0,0,0
непатрабавальны,0,0,0,0,0,0,1,0,0,0
недалучаны,0,0,0,0,0,1,0,0,0,0
недасягальны,1,0,0,0,0,1,0,1,0,0
без нагляду,0,0,0,0,0,0,0,0,0,0
непрывабны,0,0,1,0,0,1,0,1,0,0
несанкцыянаваны,0,0,0,0,0,1,0,0,0,0
непазбежны,0,0,0,0,0,1,0,0,0,0
не ведаючы,0,0,0,0,0,1,0,0,0,0
незбалансаваны,0,0,0,0,0,0,0,0,0,0
невыносны,0,0,1,0,0,1,0,1,0,0
нязбіты,0,1,0,0,1,1,1,1,1,0
нявер’е,0,0,0,0,0,1,0,0,0,0
неверагодна,0,0,0,0,0,1,0,0,0,0
непрадузяты,0,0,0,0,0,0,1,0,0,0
ненароджаных,0,0,0,0,0,1,0,0,0,0
развязаны,0,0,0,0,0,0,0,0,0,0
неабмежаваны,0,0,0,0,0,0,0,0,0,0
нязломны,0,0,0,0,0,0,1,0,0,0
неўтаймаваны,1,1,0,1,0,1,1,0,1,0
непарушны,0,0,0,0,0,0,1,0,0,1
жудасны,0,0,0,1,0,1,0,0,1,0
няўважлівы,1,0,1,0,0,1,0,1,0,0
нявызначаны,1,0,1,1,0,1,0,0,1,0
нявызначанасць,0,0,0,0,0,0,0,0,0,0
бясспрэчна,0,0,0,0,0,0,0,0,0,0
нязменны,0,0,0,0,0,1,0,0,0,0
без зменаў,0,0,0,0,0,0,0,0,0,0
незапатрабаваны,0,0,0,0,0,0,0,0,0,0
дзядзька,0,0,0,0,0,0,0,0,0,0
нячысты,0,0,1,0,0,1,0,0,0,0
нязручна,0,0,0,0,0,1,0,0,0,0
незвычайны,0,0,0,0,0,0,0,0,0,0
незвычайна,0,0,0,0,0,0,0,0,0,0
бескампраміснасць,0,0,0,0,0,0,0,0,0,0
неабыякавы,0,0,0,0,0,0,0,0,0,0
непацверджаны,0,0,0,0,0,0,0,0,0,0
бяззлучнікавы,0,0,0,0,0,0,0,0,0,0
бессумленны,0,0,1,0,0,1,0,0,0,0
без прытомнасці,0,0,0,0,0,1,0,0,0,0
страта прытомнасці,0,0,0,0,0,0,0,0,0,0
неканстытуцыйным,0,0,0,0,0,1,0,0,0,0
нястрымна,0,0,0,0,1,0,1,0,0,0
бясспрэчны,0,0,0,0,0,0,0,0,0,0
некантралюемы,1,1,0,0,0,1,0,0,1,0
бескантрольны,0,0,0,0,0,1,0,0,0,0
нетрадыцыйны,0,0,0,0,0,0,0,0,0,0
не перакананы,0,0,0,0,0,0,0,0,0,0
сырыя,0,0,0,0,0,0,0,0,0,0
некарэляваныя,0,0,0,0,0,0,0,0,0,0
раскрыць,0,0,0,0,0,0,0,0,1,0
некрытычны,0,0,0,0,0,0,0,0,0,0
неабрэзаныя,0,0,0,0,0,0,0,0,0,0
не вызначыўся,0,1,0,1,0,1,0,0,0,0
нявызначаны,0,0,0,0,0,0,0,0,0,0
бясспрэчны,0,0,0,0,0,0,0,0,0,0
пад прыкрыццём,0,0,0,0,0,0,0,0,0,0
падводная плынь,0,0,0,0,0,0,0,0,0,0
недаацэньваць,0,0,0,0,0,0,0,0,1,0
прайсці,0,0,0,0,0,0,0,0,0,0
бакалаўрыяту,0,0,0,0,0,0,0,0,0,0
пад зямлёй,0,0,0,0,0,0,0,0,0,0
ляжаць у аснове,0,0,0,0,0,0,0,0,0,0
падкрэсліць,0,0,0,0,0,0,1,0,0,0
падарваны,0,0,0,0,0,1,0,0,0,0
знізу,0,0,0,0,0,0,0,0,0,0
недаплачваецца,1,0,0,0,0,1,0,1,0,0
майткі,0,0,0,0,0,0,0,0,0,0
падкрэсліванне,0,0,0,0,0,0,0,0,0,0
нізкарослыя,0,0,0,0,0,1,0,0,0,0
разуменне,0,0,0,0,0,0,1,0,0,1
зразумеў,0,0,0,0,0,0,0,0,0,0
распачаць,0,0,0,0,0,0,0,0,0,0
магільшчык,0,0,0,0,0,0,0,1,0,0
прадпрыемства,0,1,0,0,0,0,0,0,0,0
падлесак,0,0,0,0,0,0,0,0,0,0
гарантаваць,0,0,0,0,0,0,1,0,0,1
андеррайтер,0,0,0,0,0,0,0,0,0,0
незаслужаны,0,0,0,0,0,0,0,0,0,0
непажадана,1,0,1,1,0,1,0,1,0,0
непажаданы,0,0,0,0,0,1,0,1,0,0
неразвіты,0,0,0,0,0,0,0,0,0,0
ненакіраваны,0,0,0,0,0,0,0,0,0,0
нераскрыты,0,1,0,0,0,0,0,0,0,0
нераскрыты,0,0,0,0,0,0,0,0,1,0
бясспрэчны,0,0,0,0,0,0,0,0,0,0
непарушаны,0,0,0,0,0,0,0,0,0,0
непадзеленае,0,0,0,0,0,0,1,0,0,0
адмяніць,0,0,0,0,0,1,0,0,0,0
адмена,0,0,0,0,0,0,0,0,0,0
несумненна,0,1,1,0,0,0,0,0,0,0
распранацца,0,0,0,0,0,0,0,0,0,0
распрануўшыся,0,0,0,0,0,0,0,0,0,0
неапраўдана,0,0,0,0,0,0,0,0,0,0
неўміраючы,0,1,0,0,1,0,1,1,0,1
незаробленае,0,0,0,0,0,0,0,0,0,0
раскапаць,0,0,0,0,0,0,0,0,0,0
неспакой,0,1,0,0,0,1,0,1,0,0
няпроста,0,0,1,1,0,1,0,0,0,0
неадукаваны,0,0,0,0,0,1,0,1,0,0
беспрацоўны,0,0,0,1,0,1,0,1,0,0
неабцяжараны,0,0,0,0,0,0,0,0,0,0
бясконцы,0,0,0,0,0,0,0,0,0,0
няроўныя,1,0,1,1,0,1,0,1,0,0
не мае сабе роўных,0,0,0,0,0,0,0,0,0,0
адназначна,0,0,0,0,0,0,0,0,0,1
адназначна,0,0,0,0,0,0,1,0,0,0
няроўны,0,0,0,0,0,1,0,0,0,0
беспадзейны,0,0,0,0,0,0,0,0,0,0
нечаканы,0,1,0,1,1,1,1,0,1,0
нечакана,0,0,0,0,0,0,0,0,1,0
невытлумачальнае,0,1,0,0,0,1,0,1,0,0
недаследаваны,0,0,0,0,0,0,0,0,0,0
безадмоўны,0,0,0,0,0,0,0,0,0,0
несправядлівы,1,0,1,0,0,1,0,1,0,0
несправядлівасць,1,0,0,0,0,1,0,1,0,0
няверны,0,0,1,0,0,1,0,0,0,0
незнаёмы,0,0,0,0,0,0,0,0,0,0
неспрыяльны,0,0,1,0,0,1,0,1,0,0
разняволены,0,0,0,0,0,0,0,0,0,0
недабудаваны,0,0,0,0,0,1,0,0,0,0
нязломны,0,0,0,0,0,0,0,0,0,0
разгортвацца,0,1,0,0,0,0,1,0,0,0
непрадбачаныя,0,0,0,0,0,0,0,0,1,0
няўмольны,1,0,0,0,0,1,0,1,0,0
няшчасны,0,0,0,0,0,1,0,1,0,0
непрыязна,1,0,1,1,0,1,0,1,0,0
невыкананае,1,1,0,0,0,1,0,1,1,0
без мэблі,0,0,0,0,0,1,0,0,0,0
бязбожны,0,0,0,0,0,1,0,1,0,0
няўдзячны,1,0,1,0,0,1,0,0,0,0
без аховы,0,0,0,0,0,0,0,0,1,0
няшчасце,0,0,0,0,0,1,0,1,0,0
няшчасны,1,0,1,0,0,1,0,1,0,0
непашкоджаным,0,0,0,0,0,0,0,0,0,0
нездаровы,0,0,1,1,0,1,0,1,0,0
бесперашкодна,0,0,0,0,0,0,0,0,0,0
несвяты,0,0,0,1,0,1,0,0,0,0
аднарог,0,0,0,0,0,0,0,0,0,0
уніфікацыя,0,1,0,0,1,0,1,0,0,1
уніформа,0,0,0,0,0,0,0,0,0,0
аднастайнасць,0,0,0,0,0,0,0,0,0,0
аднастайна,0,0,0,0,0,0,1,0,0,0
няўяўнае,0,0,0,0,0,1,1,0,1,0
няважны,0,0,0,0,0,1,0,1,0,0
не ўражаны,0,0,0,0,0,1,0,0,0,0
непалепшаны,0,0,0,0,0,1,0,0,0,0
незаражаны,0,0,0,0,0,0,1,0,0,0
неінфармаваны,0,0,0,0,0,1,0,0,0,0
незаселены,0,0,0,0,0,0,0,0,0,0
безыніцыятыўны,0,0,0,0,0,1,0,0,0,0
без натхнення,0,0,0,0,0,1,0,1,0,0
незразумела,0,0,0,0,0,1,0,0,0,0
ненаўмыснае,0,0,0,0,0,0,0,0,1,0
ненаўмысны,0,0,0,0,0,0,0,0,1,0
ненаўмысна,0,0,0,0,0,1,0,0,1,0
нецікава,0,0,0,0,0,1,0,1,0,0
нецікава,0,0,0,0,0,1,0,1,0,0
бесперапынны,0,0,0,0,0,0,0,0,0,0
няпрошаны,0,0,0,0,0,0,0,1,0,0
саюз,0,0,0,0,0,0,0,0,0,0
унікальны,0,0,0,0,0,0,1,0,1,0
унісон,0,0,0,0,0,0,1,0,0,0
адзінка,0,0,0,0,0,0,0,0,0,0
унітарны,0,0,0,0,0,0,1,0,0,0
аб'яднацца,0,0,0,0,0,0,0,0,0,0
аб'яднаны,0,0,0,0,0,0,1,0,0,1
адзінства,0,0,0,0,0,0,1,0,0,1
універсальны,0,0,0,0,0,0,0,0,0,0
універсальнасць,0,0,0,0,0,0,0,0,0,0
сусвет,0,0,0,0,0,0,0,0,0,0
ВНУ,0,1,0,0,0,0,1,0,0,0
несправядлівы,1,0,0,0,0,1,0,0,0,0
неапраўдана,1,0,1,1,0,1,0,0,0,0
неапраўдана,0,0,0,0,0,1,0,0,0,0
нядобры,1,0,1,1,0,1,0,1,0,0
неспазнаны,0,0,0,0,0,0,0,0,0,0
невядома,0,1,0,1,0,1,0,0,0,0
незаконны,1,0,1,1,0,1,0,1,0,0
развязаць,0,0,0,0,0,0,0,0,0,0
неліцэнзійны,0,0,0,0,0,1,0,0,0,0
у адрозненне ад,0,0,0,0,0,0,0,0,0,0
неабмежаваны,0,0,0,0,0,0,1,0,0,0
разгрузіць,0,0,0,0,0,0,0,0,0,0
разгружаны,0,0,0,0,0,0,0,0,0,0
разблакаваць,0,0,0,0,0,0,0,0,0,0
няўдачлівы,1,0,1,1,0,1,0,1,0,0
некіравальны,0,0,1,0,0,1,0,0,0,0
без маркіроўкі,0,0,0,0,0,0,0,0,0,0
нежанаты,0,0,0,0,0,0,0,0,0,0
дэмаскіраваць,0,0,0,0,0,0,0,0,0,0
непараўнальны,0,0,0,0,0,0,0,0,0,0
беспамылкова,0,0,0,0,0,0,0,0,0,0
неаслаблены,0,0,0,0,0,0,0,0,0,0
непарушны,0,0,0,0,0,0,0,0,0,0
безназоўны,0,0,0,0,0,0,0,0,0,0
ненатуральны,0,0,1,1,0,1,0,0,0,0
непатрэбны,0,0,0,0,0,0,0,0,0,0
непатрэбны,0,0,0,0,0,0,0,0,0,0
незаўважна,0,0,0,0,0,0,0,0,0,0
непранумараваны,0,0,0,0,0,0,0,0,0,0
неназіраецца,0,0,0,0,0,0,0,0,0,0
бесперашкодны,0,0,0,0,0,0,0,0,0,0
ненадакучлівы,0,0,0,0,0,0,0,0,0,0
незаняты,0,0,0,0,0,0,0,0,0,0
неафіцыйны,0,0,0,0,0,1,0,0,0,0
нераскрыты,0,0,0,0,0,0,0,0,0,0
беспярэчны,0,0,0,0,0,0,0,0,0,0
неўпарадкаваны,0,0,0,0,0,0,0,0,0,0
неарганізаваны,0,0,0,0,0,0,0,0,0,0
неправаслаўны,0,0,0,0,0,0,0,0,0,0
распакаваць,0,0,0,0,0,0,0,0,0,0
неаплачаны,1,0,0,0,0,1,0,1,0,0
непрыемны,0,0,1,0,0,1,0,1,0,0
непапулярны,0,0,1,0,0,1,0,1,0,0
беспрэцэдэнтны,0,0,0,0,0,0,0,0,1,0
непрадказальны,0,0,0,0,0,1,0,0,1,0
непадрыхтаваны,0,0,0,0,0,1,0,0,0,0
непатрабавальны,0,0,0,0,0,0,1,0,0,0
непрадуктыўныя,0,0,0,0,0,1,0,0,0,0
невыгодна,0,0,0,0,0,1,0,0,0,0
неабаронены,0,0,0,0,0,1,0,0,0,0
недаказаны,0,0,0,0,0,0,0,0,0,0
неапублікаваны,0,1,0,0,0,1,0,1,0,0
бясспрэчна,0,0,0,0,0,0,1,0,0,1
бясспрэчна,0,0,0,0,0,0,1,0,0,1
бясспрэчны,0,0,0,0,0,0,1,0,0,1
непрачытанае,0,0,0,0,0,0,0,0,0,0
нерэальна,0,0,0,0,0,0,0,0,0,0
нерэальна,0,0,0,0,0,0,0,0,0,0
незапісаныя,0,0,0,0,0,0,0,0,0,0
незарэгістраваны,0,0,0,0,0,0,0,0,0,0
нерэгламентаваны,0,0,0,0,0,0,0,0,0,0
не звязаныя паміж сабой,0,0,0,0,0,0,0,0,0,0
няўмольны,0,0,0,0,0,0,0,0,0,0
ненадзейны,0,0,0,0,0,1,0,0,0,1
непакаяны,0,0,0,0,0,0,0,0,0,0
без адказу,0,0,0,0,0,1,0,1,0,0
нявырашаная,0,1,0,0,0,0,0,0,0,0
хваляванні,0,0,0,1,0,0,0,1,0,0
нястрымны,0,0,0,0,0,0,0,0,0,0
неабмежаваны,0,0,0,0,0,0,0,0,0,0
непакорлівы,1,0,1,1,0,1,0,0,0,0
небяспечна,0,0,0,1,0,1,0,0,0,0
нездавальняюча,0,0,1,0,0,1,0,0,0,0
незадаволены,0,0,1,0,0,1,0,1,0,0
непрыемны,0,0,0,0,0,1,0,0,0,0
непашкоджаным,0,0,0,0,0,0,1,0,0,0
антынавуковы,0,0,0,0,0,0,0,0,0,0
беспрынцыпны,0,0,0,0,0,1,0,0,0,0
зрынуць з месца,0,0,0,0,0,0,0,1,0,0
нябачны,0,0,0,0,0,0,0,0,0,0
бескарыслівы,0,0,0,0,0,0,1,0,0,0
неўрэгуляваны,1,0,1,1,0,1,0,0,0,0
непрывабны,0,0,1,0,0,1,0,0,0,0
немудрагелісты,0,0,0,0,0,1,0,0,0,0
невымоўнае,0,0,0,1,0,1,0,0,0,0
нявызначаны,0,0,0,0,0,0,0,0,0,0
няўстойлівы,0,0,0,1,0,1,0,0,1,0
няўстойлівы,0,0,0,1,0,0,0,0,0,0
беспаспяхова,0,0,0,0,0,1,0,1,0,0
непрыдатны,0,0,0,0,0,1,0,0,0,0
няспетае,0,0,0,0,0,1,0,0,0,0
не падтрымліваецца,0,0,0,0,0,1,0,0,0,0
непераўзыдзены,0,1,0,1,1,0,1,0,0,1
нічога не падазраваўшы,0,0,0,0,0,0,0,0,1,0
няўстойлівы,0,0,0,0,0,1,0,0,0,0
несалодкі,0,0,0,0,0,0,0,0,0,0
несімпатычны,1,0,0,0,0,1,0,0,0,0
неўтаймаваны,0,0,0,0,0,1,0,0,0,0
невыносны,0,0,0,0,0,1,0,0,0,0
неправераныя,0,0,0,0,0,0,0,0,0,0
неймаверна,1,0,1,1,0,1,0,0,0,0
неахайны,0,0,1,0,0,1,0,0,0,0
развязаць,0,0,0,0,1,1,1,0,0,0
несвоечасовым,0,0,0,0,0,1,0,0,0,0
без назвы,0,0,0,0,0,1,0,1,0,0
невымоўнае,0,1,0,0,0,1,0,0,0,0
некрануты,0,0,0,0,0,0,0,0,0,0
непрыстойны,1,0,1,0,0,1,0,0,0,0
непадрыхтаваны,0,0,0,0,0,1,0,0,0,0
неперакладзены,0,0,0,0,0,0,0,0,0,0
няпраўда,0,0,0,0,0,1,0,0,0,0
нядобранадзейны,1,0,0,0,0,1,0,0,0,0
нявыкарыстаны,0,0,0,0,0,0,0,0,0,0
незвычайны,0,0,0,0,0,0,0,0,0,0
незвычайна,0,0,0,0,0,0,0,0,0,0
раскрыць,0,0,0,0,0,0,0,0,0,0
адкрыццё,0,0,0,0,0,0,0,0,0,0
неправераныя,0,1,0,0,0,0,0,0,0,0
неапраўдана,0,0,0,0,0,1,0,0,0,0
неасцярожны,0,0,0,0,0,0,0,0,0,0
нямыты,0,0,1,0,0,1,0,0,0,0
непахісны,0,0,0,0,0,0,1,0,0,1
непажаданы,0,0,0,0,0,1,0,1,0,0
дрэнна,0,0,0,0,0,1,0,1,0,0
не жадаючы,0,0,0,0,0,0,0,0,0,0
неахвотна,0,0,0,0,0,0,0,0,0,0
нежаданне,0,0,0,0,0,1,0,0,0,0
расслабіцца,0,0,0,0,0,0,0,0,0,0
неразумна,0,0,0,0,0,1,0,0,0,0
мімаволі,0,0,0,0,0,1,0,0,0,0
мімаволі,0,0,0,0,0,0,0,0,0,0
нягодны,0,0,1,0,0,1,0,0,0,0
няпісаны,0,0,0,0,0,0,0,0,0,0
няўхільны,0,0,0,0,0,1,0,0,0,0
узрушэнне,1,0,0,1,0,1,0,1,0,0
у гару,0,1,0,1,0,1,1,0,0,0
абіўка мэблі,0,0,0,0,0,0,0,0,0,0
ўзвышшы,0,0,0,0,0,0,0,0,0,0
ўзвышшы,0,0,0,0,0,0,0,0,0,0
ўздым,0,1,0,0,1,0,1,0,0,1
верхні,0,0,0,0,0,0,0,0,0,0
вертыкальна,0,0,0,0,0,0,1,0,0,1
паўстанне,1,1,0,1,0,1,0,0,0,0
вэрхал,0,0,0,0,0,1,0,0,0,0
засмучаны,1,0,0,0,0,1,0,1,0,0
вынік,0,0,0,0,0,0,0,0,0,0
наверсе,0,0,0,0,0,0,0,0,0,0
выскачка,0,0,0,0,0,0,0,0,0,0
уверх,0,0,0,0,0,0,0,0,0,0
уран,0,0,0,0,0,0,0,0,0,0
гарадскі,0,0,0,0,0,0,0,0,0,0
вожык,0,0,0,0,0,1,0,0,0,0
імкненне,0,0,0,0,0,0,0,0,0,0
тэрміновасць,0,1,0,1,0,0,0,0,1,0
тэрміновы,0,1,0,1,0,1,0,0,1,0
аналіз мачы,0,0,0,0,0,0,0,0,0,0
урна,0,0,0,0,0,0,0,1,0,0
выкарыстанне,0,0,0,0,0,0,0,0,0,0
карысна,0,0,0,0,0,0,0,0,0,0
карыснасць,0,0,0,0,0,0,1,0,0,0
бескарысна,0,0,0,0,0,1,0,0,0,0
канваір,0,0,0,0,0,0,1,0,0,1
звычайны,0,0,0,0,0,0,1,0,0,1
узурпаваць,1,0,0,0,0,1,0,0,0,0
узурпаваны,1,0,0,1,0,1,0,0,0,0
ліхвярства,0,0,0,0,0,1,0,0,0,0
посуд,0,0,0,0,0,0,0,0,0,0
утылітарны,0,0,0,0,0,0,0,0,0,0
карыснасць,0,0,0,0,0,0,1,0,0,0
выкарыстанне,0,0,0,0,0,0,0,0,0,0
выкарыстоўваць,0,0,0,0,0,0,0,0,0,0
усё магчымае,0,0,0,0,0,0,0,0,0,0
утапічны,0,1,0,0,1,0,1,0,0,1
выказванне,0,0,0,0,0,0,0,0,0,0
цалкам,0,0,0,0,0,0,0,0,0,0
вакансія,0,0,0,0,0,1,0,0,0,0
адпачынак,0,1,0,0,1,0,1,0,0,0
вакцынацыя,0,0,0,0,0,0,0,0,0,0
вакцына,0,0,0,0,0,0,1,0,0,0
вакуолярная,0,0,0,0,0,0,0,0,0,0
вакуоль,0,0,0,0,0,0,0,0,0,0
пустая,0,0,1,0,0,1,0,0,0,0
вакуум,0,0,0,0,0,0,0,0,0,0
расплывісты,0,0,0,0,0,1,0,0,0,0
расплывістасць,0,0,0,0,0,1,0,0,0,0
дарэмна,0,0,1,0,0,1,0,1,0,0
падзор,0,0,0,0,0,0,0,0,0,0
даліна,0,0,0,0,0,0,0,0,0,0
камердынер,0,0,0,0,0,0,0,0,0,0
доблесны,0,0,0,0,0,0,1,0,0,0
абгрунтаванасць,0,0,0,1,0,0,0,0,0,0
даліна,0,0,0,0,0,0,0,0,0,0
доблесць,0,0,0,0,0,0,1,0,0,1
каштоўны,0,0,0,0,0,0,1,0,0,0
ацэнка,0,0,0,0,0,0,0,0,0,0
клапан,0,0,0,0,0,0,0,0,0,0
вамп,0,0,0,0,0,0,0,0,0,0
вампір,1,0,1,1,0,1,0,0,0,0
фургон,0,0,0,0,0,0,0,0,0,0
флюгер,0,0,0,0,0,0,0,0,0,0
авангард,0,0,0,0,0,0,1,0,0,0
ваніль,0,0,0,0,0,0,0,0,0,0
знікнуць,0,0,0,0,0,0,0,0,1,0
знікла,0,0,0,1,0,1,0,1,1,0
марнасць,0,0,0,0,0,1,0,0,0,0
перамагчы,0,0,0,0,0,0,1,0,0,0
пар,0,0,0,0,0,0,0,0,0,0
вар,0,0,0,0,0,0,0,0,0,0
зменная,0,0,0,0,0,0,0,0,1,0
дысперсія,0,0,0,0,0,0,0,0,0,0
варыяцыя,0,0,0,0,0,0,0,0,0,0
варыяцыі,0,0,0,0,0,0,0,0,0,0
ветраная воспа,0,0,1,1,0,1,0,1,0,0
варыкозная,0,0,0,0,0,1,0,0,0,0
разнастайны,0,0,0,0,0,0,0,0,0,0
стракаты,0,0,0,0,0,0,0,0,0,0
разнастайнасць,0,0,0,0,0,0,0,0,0,0
вар'іравацца,0,0,0,0,0,0,0,0,0,0
судзінкавы,0,0,0,0,0,0,0,0,0,0
ваза,0,0,0,0,0,0,0,0,0,0
шырокі,0,0,0,0,0,0,0,0,0,0
чан,0,0,0,0,0,0,0,0,0,0
вадэвіль,0,0,0,0,0,0,0,0,0,0
скляпенне,0,0,0,0,0,0,0,0,0,0
скляпеністыя,0,0,0,0,0,0,0,0,0,0
скачкі,0,0,0,0,0,0,0,0,0,0
цяляціна,0,0,0,0,0,0,0,1,0,1
вектар,0,0,0,0,0,0,0,0,0,0
паварот,0,0,0,1,0,0,0,0,1,0
вега,0,0,0,0,0,0,0,0,0,0
раслінны,0,0,0,0,0,0,0,0,0,0
вегетарыянец,0,0,0,0,0,0,0,0,0,0
вегетарыянства,0,0,0,0,0,0,0,0,0,0
расліннасць,0,0,0,0,0,0,0,0,0,0
вегетатыўныя,0,0,1,0,0,1,0,1,0,0
палкі,1,0,0,1,0,1,0,0,0,0
транспартны сродак,0,0,0,0,0,0,0,0,0,0
вэлюм,0,0,0,0,0,0,0,0,0,0
завуаляваны,0,0,0,0,0,0,0,0,0,0
вена,0,0,0,0,0,0,0,0,0,0
жылкавы,0,0,0,0,0,0,0,0,0,0
пергамент,0,0,0,0,0,0,0,0,0,0
хуткасць,0,0,0,0,0,0,0,0,0,0
велюр,0,0,0,0,0,0,0,0,0,0
аксаміт,0,0,0,0,0,0,1,0,0,0
аксаміцісты,0,0,0,0,0,0,1,0,0,0
вена,0,0,0,0,0,0,0,0,0,0
вендэта,1,0,0,1,0,1,0,1,0,0
прадавец,0,0,0,0,0,0,0,0,0,0
шпон,0,0,0,0,0,0,0,0,0,0
шаноўны,0,1,0,0,1,0,1,0,0,1
шанаванне,0,0,0,0,0,0,1,0,0,0
помста,1,0,0,0,0,1,0,0,0,0
помслівы,1,0,0,1,0,1,0,0,0,0
аленіна,0,0,0,0,0,0,0,0,0,0
яд,1,0,1,1,0,1,0,0,0,0
атрутныя,1,0,1,1,0,1,0,0,0,0
вянозны,0,0,0,0,0,0,0,0,0,0
вентыляцыйная адтуліна,1,0,0,0,0,0,0,0,0,0
вентыляцыя,0,0,0,0,0,0,0,0,0,0
ШВЛ,0,0,0,0,0,0,0,0,0,0
жалудачак,0,0,0,0,0,0,0,0,0,0
жалудачкавыя,0,0,0,0,0,0,0,0,0,0
прадпрыемства,0,0,0,0,0,0,0,0,0,0
месца правядзення,0,0,0,0,0,0,0,0,0,0
праўдзівасць,0,1,0,0,1,0,1,0,1,1
веранда,0,0,0,0,0,0,0,0,0,0
славесныя,0,0,0,0,0,0,0,0,0,0
даслоўна,0,0,0,0,0,0,0,0,0,0
шматслоўе,0,0,0,0,0,0,0,0,0,0
шматслоўна,0,0,0,0,0,0,0,0,0,0
шматслоўнасць,0,0,0,0,0,1,0,0,0,0
зялёная,0,0,0,0,0,0,1,0,0,0
вердыкт,0,0,0,1,0,0,0,0,0,0
мяжа,0,1,0,1,0,1,0,0,0,0
праверка,0,0,0,0,0,0,1,0,0,1
правераны,0,0,0,0,0,0,1,0,0,1
праверыць,0,0,0,0,0,0,0,0,0,0
сапраўды,0,0,0,0,0,0,1,0,0,1
сапраўдны,0,0,0,0,0,0,1,0,0,0
шкоднікі,1,0,1,1,0,1,0,0,0,0
народная мова,0,0,0,0,0,0,0,0,0,0
вясновы,0,0,0,0,1,0,1,0,0,0
вераніка,0,0,0,0,0,0,0,0,0,0
рознабаковы,0,0,0,0,0,0,0,0,0,0
ўніверсальнасць,0,0,0,0,0,0,0,0,0,0
верш,0,0,0,0,0,0,0,0,0,0
версія,0,0,0,0,0,0,0,0,0,0
супраць,1,0,0,0,0,1,0,0,0,0
верт,0,0,0,0,0,0,0,0,0,0
пазванок,0,0,0,0,0,0,0,0,0,0
пазваночных,0,0,0,0,0,0,0,0,0,0
вяршыня,0,0,0,0,0,0,0,0,0,0
вертыкальны,0,0,0,0,0,0,0,0,0,0
вертыкальна,0,0,0,0,0,0,0,0,0,0
галавакружэнне,0,0,0,1,0,1,0,0,0,0
бадзёрасць,0,0,0,0,0,0,1,0,0,0
пузырчатка,0,0,0,0,0,0,0,0,0,0
пузырчатый,0,0,1,0,0,0,0,0,0,0
пасудзіна,0,0,0,0,0,0,0,0,0,0
камізэлька,0,0,0,0,0,0,0,0,0,0
надзелены,0,0,0,0,0,0,0,0,0,0
вестыбюль,0,0,0,0,0,0,0,0,0,0
перажытак,0,0,0,0,0,0,0,0,0,0
вет,0,0,0,0,0,0,0,0,0,0
ветэран,0,0,0,0,0,0,1,0,0,1
ветэрынар,0,0,0,0,0,0,0,0,0,0
вета,1,0,0,0,0,1,0,0,0,0
жыццяздольнасць,0,0,0,0,0,0,0,0,0,0
жыццяздольны,0,0,0,0,0,0,0,0,0,0
віядук,0,0,0,0,0,0,0,0,0,0
флакон,0,0,0,0,0,0,0,0,0,0
вібраваць,0,0,0,0,0,0,0,0,0,0
вібрацыя,0,0,0,0,0,0,0,0,0,0
вібрацыйны,0,0,0,0,0,0,0,0,0,0
пробашч,0,0,0,0,0,0,1,0,0,1
намеснікам,0,0,0,0,0,0,0,0,0,0
віцэ,0,0,0,0,0,1,0,0,0,0
наваколле,0,0,0,0,0,0,0,0,0,0
заганны,1,0,1,0,0,1,0,0,0,0
ахвяра,1,0,0,1,0,1,0,1,0,0
ахвярамі,1,0,1,1,0,1,0,1,1,0
пераможца,0,0,0,0,1,0,1,0,0,0
вікторыя,0,0,0,0,0,0,0,0,0,0
пераможны,0,0,0,0,1,0,1,0,0,0
перамога,0,1,0,0,1,0,1,0,0,1
відэакасета,0,0,0,0,0,0,0,0,0,0
супернічаць,0,0,0,0,0,0,0,0,0,0
выгляд,0,0,0,0,0,0,0,0,0,0
чуванне,0,1,0,0,0,0,0,0,0,0
пільнасць,0,1,0,0,0,0,1,0,0,1
пільны,0,0,0,1,0,0,1,0,0,1
віньетка,0,0,0,0,0,0,0,0,0,0
бадзёрасць,0,0,0,0,0,0,1,0,0,0
энергічны,0,0,0,0,0,0,1,0,0,1
вікінг,0,0,0,0,0,0,0,0,0,0
віла,0,0,0,0,0,0,0,0,0,0
вёска,0,0,0,0,0,0,0,0,0,0
вясковец,0,0,0,0,0,0,1,0,0,1
злыдзень,0,0,0,1,0,1,0,0,0,0
зладзейскі,1,0,1,1,0,1,0,0,0,0
вінегрэт,0,0,0,0,0,0,0,0,0,0
апраўдваць,1,0,0,0,0,0,0,0,0,0
апраўданы,0,0,0,0,0,0,1,0,0,0
апраўданне,0,1,0,0,1,0,1,0,0,1
помслівы,1,0,1,0,0,1,0,0,0,0
воцат,0,0,0,0,0,0,0,0,0,0
вінаграднік,0,0,0,0,0,0,0,0,0,0
альт,0,0,0,0,0,0,0,0,0,0
парушэнне,1,0,0,1,0,1,0,1,1,0
гвалт,1,0,0,1,0,1,0,1,0,0
гвалтоўны,1,0,1,1,0,1,0,0,1,0
гвалтоўна,1,0,1,1,0,1,0,1,0,0
фіялка,0,0,0,0,0,0,0,0,0,0
скрыпка,0,0,0,0,0,0,0,0,0,0
скрыпач,0,0,0,0,0,0,0,0,0,0
гадзюка,0,0,0,1,0,1,0,0,0,0
нявінніца,0,0,0,0,0,0,1,0,0,1
цнатлівасць,0,1,0,0,0,0,1,0,0,0
вірусалогіі,0,0,0,0,0,0,0,0,0,0
віртуальны,0,0,0,0,0,0,0,0,0,0
віртуальна,0,0,0,0,0,0,0,0,0,0
цнота,0,0,0,0,0,0,1,0,0,1
віртуозны,0,0,0,0,0,0,0,0,0,0
дабрадзейны,0,0,0,0,1,0,1,0,0,1
вірулентнасць,1,0,0,1,0,1,0,0,0,0
вірус,0,0,0,0,0,1,0,0,0,0
віза,0,0,0,0,0,0,0,0,0,0
аблічча,0,0,0,0,0,0,0,0,0,0
глейкасць,0,0,0,0,0,0,0,0,0,0
глейкая,0,0,0,0,0,0,0,0,0,0
ціскі,0,0,0,0,0,0,0,0,0,0
бачнасць,0,0,0,0,0,0,0,0,0,0
бачны,0,0,0,0,0,0,0,0,0,0
прыкметна,0,0,0,0,0,0,0,0,0,0
бачанне,0,1,0,0,0,0,1,0,0,0
дальнабачны,0,1,0,0,1,0,1,0,0,1
наведванне,0,0,0,0,0,0,1,0,0,0
наведванне,0,0,0,0,0,1,0,0,0,0
наведванне,0,0,0,0,0,0,0,0,0,0
наведвальнік,0,1,0,0,1,0,1,0,0,0
казырок,0,1,0,0,0,0,0,0,1,0
перспектыва,0,0,0,0,0,0,0,0,0,0
візуальны,0,0,0,0,0,0,0,0,0,0
візуалізаваць,0,0,0,0,0,0,0,0,0,0
жыццёва важны,0,0,0,0,0,0,1,0,0,0
жыццяздольнасць,0,0,0,0,1,0,1,0,0,1
шклопадобнае цела,0,0,0,0,0,0,0,0,0,0
бадзёры,0,0,0,0,1,0,1,0,0,0
яркі,0,0,0,0,1,0,1,0,0,0
лісіца,0,0,0,0,0,1,0,0,0,0
слоўнікавы запас,0,0,0,0,0,0,1,0,0,0
вакал,0,0,0,0,0,0,0,0,0,0
вакаліст,0,0,0,0,0,0,0,0,0,0
пакліканне,0,0,0,0,0,0,0,0,0,0
мода,0,0,0,0,0,0,0,0,0,0
голас,0,0,0,0,0,0,0,0,0,0
безгалосы,0,0,0,0,0,0,0,0,0,0
пустата,0,0,0,0,0,0,0,0,0,0
валацільнасць,1,1,0,1,0,1,0,0,1,0
вулканічны,0,0,0,0,0,0,0,0,0,0
вулкан,0,0,0,1,0,1,0,0,1,0
воля,0,0,0,0,0,0,0,0,0,0
залп,0,0,0,0,0,0,0,0,0,0
вальтметр,0,0,0,0,0,0,0,0,0,0
аб'ём,0,0,0,0,0,0,0,0,0,0
аб'ёмны,0,0,0,0,0,0,0,0,0,0
добраахвотна,0,0,0,0,0,0,0,0,0,0
добраахвотная,0,0,0,0,0,0,0,0,0,0
валанцёр,0,1,0,1,1,0,1,0,0,1
валанцёрства,0,0,0,0,0,0,0,0,0,0
валанцёры,0,0,0,0,0,0,0,0,0,1
сладастрасныя,0,1,0,0,1,0,1,0,0,0
ванітаваць,0,0,1,0,0,0,0,0,0,0
ваніты,0,0,0,0,0,1,0,0,0,0
вуду,0,0,0,0,0,1,0,0,0,0
пражэрлівы,0,0,0,0,0,0,0,0,0,0
вір,0,0,0,0,0,0,0,0,0,0
галасаваць,1,1,0,0,1,1,1,1,1,1
галасаванне,0,0,0,0,0,0,0,0,0,0
вотыўны,0,0,0,0,0,0,0,0,0,1
ручацца,0,0,0,0,0,0,1,0,0,1
ваўчар,0,0,0,0,0,0,0,0,0,1
зарок,0,1,0,0,1,0,1,0,0,1
галосны,0,0,0,0,0,0,0,0,0,0
падарожжа,0,1,0,0,0,0,0,0,0,0
падарожнік,0,0,0,0,0,0,0,0,0,0
вульгарны,0,0,1,0,0,1,0,0,0,0
вульгарнасць,1,0,1,0,0,1,0,1,0,0
уразлівасць,0,0,0,1,0,1,0,1,0,0
уразлівы,0,0,0,0,0,0,0,0,0,0
грыф,0,0,1,1,0,1,0,0,0,0
пыж,0,0,0,0,0,0,0,0,0,0
прабірацца,0,0,0,0,0,0,0,0,0,0
вафельны,0,0,0,0,0,0,0,0,0,0
вафельны,1,0,0,0,0,1,0,1,0,0
віляць,0,0,0,0,0,0,0,0,0,0
заклад,0,0,0,0,0,0,0,0,0,0
заработная плата,0,0,0,0,1,0,1,0,0,0
універсал,0,0,0,0,0,0,0,0,0,0
галасіць,0,0,0,1,0,1,0,1,0,0
талія,0,0,0,0,0,0,0,0,0,0
камізэлька,0,0,0,0,0,0,0,0,0,0
чакаць,0,1,0,0,0,1,0,0,0,0
афіцыянт,0,0,0,0,0,0,0,0,0,0
чаканне,0,0,0,0,0,0,0,0,0,0
адмовіцца,0,0,0,0,0,0,0,0,0,0
прачнуцца,0,0,0,0,0,0,0,0,0,0
хадзіць,0,0,0,0,0,0,0,0,0,0
хадункі,0,0,0,0,0,0,0,0,0,0
сцяна,0,0,0,0,0,0,0,0,0,0
кашалёк,0,0,0,0,0,0,0,0,0,0
валяцца,0,0,1,0,0,1,0,1,0,0
грэцкага арэха,0,0,0,0,0,0,0,0,0,0
вальс,0,0,0,0,0,0,0,0,0,0
бледны,0,0,0,1,0,1,0,1,0,0
палачка,0,0,0,0,0,0,0,0,0,0
блукаць,0,0,0,0,0,0,0,0,0,0
вандроўнік,0,0,0,0,0,0,0,0,0,0
блукаючы,0,0,0,0,0,0,0,0,0,0
слабець,0,0,0,0,0,1,0,1,0,0
змяншаецца,0,0,0,0,0,0,0,0,0,0
жадаючы,0,0,0,0,0,1,0,1,0,0
вайны,0,0,0,1,0,1,0,0,0,0
чаротаўка,0,0,0,0,0,0,0,0,0,0
палата,0,0,0,0,0,0,0,0,0,0
наглядчык,1,0,0,1,0,1,0,0,0,1
гардэроб,0,0,0,0,0,0,0,0,0,0
посуд,0,0,0,1,0,1,0,0,0,0
склад,0,0,0,0,0,0,0,0,0,0
вядзенне вайны,1,0,0,1,0,1,0,1,0,0
ваяўнічы,1,0,0,1,0,1,0,0,0,0
чарнакніжнік,0,0,0,1,0,0,0,0,0,0
пацяпленне,0,0,0,0,0,0,0,0,0,0
папярэджваць,0,1,0,1,0,1,0,0,1,1
папярэджаны,0,1,0,1,0,0,0,0,1,0
папярэджанне,0,0,0,1,0,0,0,0,0,0
перакос,1,0,0,0,0,1,0,1,0,0
скрыўлены,0,0,0,0,0,1,0,0,0,0
ордэр,0,0,0,0,0,0,0,0,0,0
апраўдана,0,0,0,0,0,0,0,0,0,0
ордэра,0,0,0,0,0,0,0,0,0,0
гарантыя,0,0,0,0,0,0,1,0,0,1
Уоррэн,0,0,0,0,0,0,0,0,0,0
воін,1,0,0,1,0,0,1,0,0,0
бародаўка,0,0,1,0,0,1,0,0,0,0
насцярожана,0,0,0,1,0,0,0,0,0,0
мыць,0,0,0,0,0,0,0,0,0,0
мыццё,0,0,0,0,0,0,0,0,0,0
вымыванне,0,0,0,0,0,0,0,0,0,0
аса,0,0,0,0,0,0,0,0,0,0
адходы,0,0,1,0,0,1,0,0,0,0
змарнаваны,1,0,1,0,0,1,0,0,0,0
марнатраўны,1,0,1,0,0,1,0,1,0,0
марнаваць,0,0,1,1,0,1,0,1,0,0
глядзець,0,1,0,1,0,0,0,0,0,0
вартавы сабака,0,0,0,0,0,0,1,0,0,1
пільны,0,0,0,0,0,0,1,0,0,1
вартаўнік,0,0,0,0,0,0,1,0,0,1
вады,0,0,0,0,0,0,0,0,0,0
вадацёк,0,0,0,0,0,0,0,0,0,0
паліваюць,0,0,0,0,0,0,0,0,0,0
воданепранікальны,0,0,0,0,0,0,1,0,0,0
водаправодныя збудаванні,0,0,0,0,0,0,0,0,0,0
вадзяністы,0,0,0,0,0,1,0,0,0,0
хваля,0,0,0,0,0,0,0,0,0,0
вагацца,0,0,0,1,0,1,0,0,0,0
вагаючыся,0,0,0,0,0,0,0,0,0,0
хвалі,0,0,0,0,0,0,0,0,0,0
хвалістыя,0,0,0,0,0,0,0,0,0,0
воск,0,0,0,0,0,0,0,0,0,0
васковы,0,0,0,0,0,0,0,0,0,0
спосабамі,0,0,0,0,0,0,0,0,0,0
наравісты,0,0,0,0,0,0,0,0,0,0
аслаблены,0,0,0,0,0,1,0,0,0,0
слаба,0,0,0,1,0,1,0,1,0,0
слабасць,0,0,0,0,0,1,0,0,0,0
багацце,0,0,0,0,1,0,1,0,0,1
заможны,0,0,0,0,0,0,0,0,0,0
зброя,0,0,0,0,0,0,0,0,0,0
насіць,0,0,0,0,0,1,0,0,0,1
стомлена,0,0,0,0,0,1,0,1,0,0
стомленасць,0,0,0,0,0,1,0,1,0,0
нашэнне,0,0,0,0,0,0,0,0,0,0
стомлены,0,0,0,0,0,1,0,1,0,0
надвор'е,0,0,0,0,0,0,0,0,0,0
выветраны,0,0,0,0,0,0,0,0,0,0
непагадзі,0,0,0,0,0,0,1,0,0,0
ткаць,0,0,0,0,0,0,0,0,0,0
вэб,0,0,0,0,0,0,0,0,0,0
сярэд,0,0,0,0,0,0,0,0,0,0
замужам,0,0,0,0,0,0,0,0,0,0
клін,0,0,0,0,0,0,0,0,0,0
кроха,0,0,0,0,0,0,0,0,0,0
пустазелле,0,0,0,0,0,0,0,0,0,0
праполка,0,0,0,0,0,0,0,0,0,0
пустазелле,0,0,0,0,0,1,0,1,0,0
пустазельны,0,0,0,0,0,0,0,0,0,0
тыдзень,0,0,0,0,0,0,0,0,0,0
штотыдзень,0,0,0,0,0,0,0,0,0,0
плакаць,0,0,0,0,0,1,0,1,0,0
плаксівы,0,0,0,0,0,0,0,1,0,0
узважыць,0,1,0,0,0,0,0,0,0,1
ўзважванне,0,0,0,0,0,0,0,0,0,0
вага,0,1,1,1,1,1,1,1,1,1
бязважкі,0,0,0,0,0,0,0,0,0,0
вагі,0,0,0,0,0,0,0,0,0,0
важкі,0,0,0,1,0,0,0,0,0,0
вадазбор,0,0,0,0,0,0,0,0,0,0
дзіўна,0,0,1,0,0,1,0,0,0,0
дзівак,0,0,0,1,0,1,0,0,0,0
віталі,0,0,0,0,1,0,1,0,0,0
зварваць,0,0,0,0,0,0,0,0,0,0
дабрабыту,0,0,0,0,0,0,0,0,0,0
вусце свідравіны,0,0,0,0,0,0,0,0,0,0
рант,0,0,0,0,0,0,0,0,0,0
жыроўка,0,0,0,0,0,1,0,0,0,0
дзяўка,1,0,1,0,0,1,0,0,0,0
заходні,0,0,0,0,0,0,0,0,0,0
мокры,0,0,0,0,0,0,0,0,0,0
ударыць,0,0,0,0,0,1,0,0,0,0
кіт,0,0,0,0,0,0,0,0,0,0
гам,0,0,0,0,0,0,0,0,0,0
прыстань,0,0,0,0,0,0,0,0,0,0
што заўгодна,0,0,0,0,0,0,0,0,0,0
кола,0,0,0,0,0,0,0,0,0,0
колы,0,0,0,0,0,0,0,0,0,0
месцазнаходжанне,0,0,0,0,0,0,0,0,0,0
таму,0,0,0,0,0,0,0,0,0,0
пры дапамозе чаго,0,0,0,0,0,0,0,0,0,0
сродкі,0,0,0,0,0,0,0,0,0,0
тачыць,0,0,0,0,0,0,0,0,0,0
пахнуць,0,0,0,0,0,0,0,0,0,0
у той час як,0,0,0,0,0,0,0,0,0,0
капрыз,0,1,0,0,1,1,0,0,1,0
скуголіць,0,0,0,1,0,0,0,1,0,0
капрызны,0,0,0,0,1,0,0,0,0,0
мудрагелістасць,0,0,0,0,0,0,0,0,0,0
скуголіць,0,0,1,0,0,1,0,1,0,0
пугай,1,0,0,0,0,1,0,0,0,0
кружыцца,0,0,0,0,0,0,0,0,0,0
джакузі,0,0,0,1,0,0,0,0,0,0
завіруха,0,0,0,1,0,1,0,0,0,0
венцам,0,0,0,0,0,0,0,0,0,0
вус,0,0,0,0,0,0,0,0,0,0
віскі,0,0,0,0,0,1,0,0,0,0
шэптам,0,0,0,0,0,0,0,0,0,0
прашаптаў,0,0,0,0,0,0,0,0,0,0
свіст,0,0,0,0,0,0,0,0,0,0
ані,0,0,0,0,0,0,0,0,0,0
беласць,0,0,0,0,1,0,1,0,0,0
бялёсы,0,0,0,0,0,0,0,0,0,0
свіст,0,0,0,0,0,0,0,0,0,0
карысны,0,0,0,0,0,0,1,0,0,1
цалкам,0,0,0,0,0,0,0,0,0,0
вокліч,0,0,0,0,0,0,0,0,0,0
каласальны,0,0,0,0,0,0,0,0,0,0
шлюха,0,0,1,0,0,1,0,0,0,0
кнот,0,0,0,0,0,0,0,0,0,0
бязбожны,0,0,0,1,0,1,0,0,0,0
бязбожнасць,0,0,1,0,0,1,0,0,0,0
плеценыя,0,0,0,0,0,0,0,0,0,0
брамка,0,0,0,0,0,0,1,0,0,0
шырокі,0,0,0,0,0,0,0,0,0,0
шырока,0,0,0,0,0,0,0,0,0,0
пашырацца,0,0,0,0,0,0,0,0,0,0
шырокае распаўсюджванне,0,0,0,0,0,0,1,0,0,0
удава,0,0,0,0,0,0,0,1,0,0
удавец,0,0,0,0,0,0,0,1,0,0
шырыня,0,0,0,0,0,0,0,0,0,0
валодаць,0,0,0,0,0,0,0,0,0,0
жонка,0,0,0,0,0,0,0,0,0,0
парык,0,0,0,0,0,0,0,0,0,0
Wight,0,0,0,0,0,0,0,0,0,0
дзікі,0,0,0,0,0,1,0,0,1,0
дзікі кот,0,0,0,0,0,1,0,0,0,0
глуш,0,1,0,1,0,0,0,1,0,0
лясны пажар,0,0,0,1,0,1,0,1,1,0
самавольны,1,0,0,0,0,1,0,1,0,0
ахвотна,0,0,0,0,0,0,1,0,0,0
гатоўнасць,0,0,0,0,0,0,1,0,0,0
вярба,0,0,0,0,0,0,0,0,0,0
завяла,0,0,0,0,0,0,0,0,0,0
хітры,0,0,0,0,0,0,0,0,0,0
слабак,0,0,1,1,0,1,0,0,0,0
слабак,1,0,1,1,0,1,0,1,0,0
паморшчыцца,1,0,1,1,0,1,0,1,0,0
лябёдка,0,0,0,0,0,0,0,0,0,0
вецер,0,0,0,0,0,0,0,0,0,0
звышпрыбыткі,0,0,0,0,0,0,1,0,0,0
звілістыя,0,0,0,0,0,0,0,0,0,0
вятрак,0,0,0,0,0,0,0,0,0,0
акно,0,0,0,0,0,0,0,0,0,0
ветраны,0,0,0,0,0,0,0,0,0,0
віно,0,0,0,0,0,0,0,0,0,0
крыло,0,0,0,0,0,0,0,0,0,0
крылаты,0,0,0,0,0,0,0,0,0,0
падміргнуць,0,0,0,0,0,0,0,0,0,0
пераможца,0,1,0,0,1,0,1,0,1,0
перамога,0,1,1,0,1,0,1,1,1,1
выйгрышы,0,1,0,0,1,0,1,0,0,0
зімой,0,0,0,0,0,0,0,0,0,0
зімовы,0,0,0,0,0,0,0,0,0,0
праціраць,0,0,0,0,0,0,0,0,0,0
дрот,0,0,0,0,0,0,0,0,0,0
бесправадной,1,1,0,0,0,0,1,0,1,0
мудрасць,0,0,0,0,0,0,1,0,0,0
мудрасць,0,0,0,0,0,0,1,0,0,1
мудры,0,0,0,0,0,0,1,0,0,0
жаданае,0,1,0,0,0,0,0,0,0,0
сумны,0,0,0,0,0,0,0,0,0,0
дасціпнасць,0,0,0,0,0,0,1,0,0,0
ведзьма,1,0,1,1,0,1,0,0,0,0
вядзьмарства,1,0,0,1,0,1,0,1,0,0
пры гэтым,0,0,0,0,0,0,0,0,0,0
зняць,0,0,0,0,0,1,0,1,0,0
зняцце,0,0,0,0,0,0,0,0,0,0
вянуць,0,0,0,0,0,1,0,1,0,0
засохлы,0,0,1,0,0,1,0,0,0,0
вытрымаць,0,1,0,1,0,0,1,0,0,0
сведка,0,0,0,0,0,0,0,0,0,1
кемлівасць,0,0,0,0,0,0,1,0,0,0
дасціпны,0,0,0,0,1,0,1,0,0,0
майстар,0,1,0,0,0,0,1,0,1,0
гора,0,0,1,1,0,1,0,1,0,0
гаротны,0,0,0,0,0,1,0,1,0,0
горасна,0,0,1,0,0,1,0,1,0,0
жаноцкасць,0,0,0,0,0,0,0,0,0,0
жаноцкі,0,0,0,0,0,0,0,0,0,0
матка,0,0,0,0,0,0,1,0,0,0
выдатны,0,0,0,0,1,0,1,0,1,1
цудоўна,0,0,0,0,1,0,1,0,1,0
дзівосны,0,0,0,0,0,0,1,0,0,0
звычайна,0,1,0,0,0,0,0,0,0,0
ву,0,0,0,0,0,0,0,0,0,0
драўніна,0,0,0,0,0,0,0,0,0,0
ксілаграфія,0,0,0,0,0,0,0,0,0,0
драўляныя,0,0,0,0,0,0,0,0,0,0
лясныя масівы,0,0,0,0,0,0,0,0,0,0
драўняны,0,0,0,0,0,0,0,0,0,0
заляцанні,0,0,0,0,0,0,0,0,0,0
поўсць,0,0,0,0,0,0,0,0,0,0
шарсцісты,0,0,0,0,0,0,0,0,0,0
вап,1,0,0,0,0,0,0,0,0,0
слова,0,0,0,0,0,0,1,0,0,1
фармулёўка,0,0,0,0,0,0,0,0,0,0
словы,1,0,0,0,0,1,0,0,0,0
шматслоўны,0,0,0,0,0,0,0,0,0,0
праца,0,0,0,0,0,0,0,0,0,0
працоўная кніжка,0,0,0,0,0,0,0,0,0,0
рабочы,0,0,0,0,0,0,0,0,0,0
працуе,0,0,0,0,0,0,1,0,0,0
рабочы,0,0,0,0,0,0,0,0,0,0
майстэрства вырабу,0,0,0,0,0,0,0,0,0,0
працоўнае месца,0,0,0,0,0,0,0,0,0,0
працуе,0,0,0,0,0,0,0,0,0,0
майстэрня,0,0,0,0,0,0,0,0,0,0
свет,0,0,0,0,0,0,0,0,0,0
мірскі,0,0,0,0,0,0,0,0,0,0
ва ўсім свеце,0,0,0,0,0,0,0,0,0,0
чарвяк,0,1,0,0,0,1,0,0,1,0
зношаны,0,0,0,0,0,1,0,1,0,0
хвалюецца,0,0,0,0,0,1,0,1,0,0
турбавацца,0,1,0,1,0,1,0,1,0,0
хвалюючы,0,1,0,1,0,1,0,1,0,0
горш,0,0,0,1,0,1,0,1,0,0
пагаршэнне,0,0,1,0,0,1,0,1,0,0
набажэнства,0,1,0,1,1,0,1,0,0,1
варта,0,0,0,0,0,0,1,0,0,0
нікчэмны,1,0,1,0,0,1,0,1,0,0
годны,0,0,0,0,0,0,1,0,0,1
ведаць,0,0,0,0,0,0,1,0,0,1
рана,1,0,0,1,0,1,0,1,0,0
спрэчка,0,0,0,0,0,0,0,0,0,0
спрэчкі,1,0,1,1,0,1,0,1,0,0
абгарнуць,0,0,0,0,0,0,0,0,0,0
абгортка,0,0,0,0,0,0,0,0,0,0
абкручванне,0,0,0,0,0,0,0,0,0,0
гнеў,1,0,0,1,0,1,0,0,0,0
сеяць,1,0,0,0,0,1,0,0,0,0
вянок,0,0,0,0,0,0,0,0,0,0
крушэнне,1,0,1,1,0,1,0,1,1,0
пацярпеў крушэнне,1,0,0,1,0,1,0,1,0,0
гаечны ключ,0,0,0,0,0,1,0,0,0,0
вырваць,0,0,0,0,0,0,0,0,0,0
змагацца,0,0,0,0,0,0,0,0,0,0
змагар,0,0,0,0,0,0,0,0,0,0
барацьба,0,0,0,0,0,1,0,0,0,0
нягоднік,1,0,1,0,0,1,0,1,0,0
няшчасны,0,0,1,0,0,1,0,1,0,0
Райт,0,0,0,0,0,0,0,0,0,0
адціснуць,1,0,0,0,0,0,0,0,0,0
маршчын,0,0,0,0,0,0,0,0,0,0
маршчыністы,0,0,0,0,0,0,0,1,0,0
запясце,0,0,0,0,0,0,0,0,0,0
бранзалет,0,0,0,0,0,0,0,0,0,0
наручныя гадзіны,0,0,0,0,0,0,0,0,0,0
загад,0,0,0,0,0,0,0,0,0,0
пісаць,0,0,0,0,0,0,0,0,0,0
пісьменнік,0,0,0,0,0,0,1,0,0,0
напісанне,0,0,0,0,0,0,0,0,0,0
напісана,0,0,0,0,0,0,0,0,0,0
няправільна,0,0,0,0,0,1,0,0,0,0
правіны,1,0,1,0,0,1,0,1,0,0
супрацьпраўны,1,0,1,0,0,1,0,1,0,0
няправільна,1,0,0,1,0,1,0,1,0,0
каваны,0,0,0,0,0,1,0,0,0,0
іранічны,0,0,0,0,0,1,0,0,0,0
ксенафобія,0,0,0,1,0,1,0,0,0,0
ксеракс,0,0,0,0,0,0,0,0,0,0
яхта,0,0,0,0,0,0,0,0,0,0
яхтынг,0,0,0,0,0,0,0,0,0,0
як,0,0,0,0,0,0,0,0,0,0
ямс,0,0,0,0,0,0,0,0,0,0
тузаць,0,0,0,0,0,0,0,0,0,0
двор,0,0,0,0,0,0,0,0,0,0
пража,0,0,0,0,0,0,0,0,0,0
гойсанне,0,0,0,0,0,0,0,0,0,0
пазяхаць,0,0,0,0,0,1,0,0,0,0
пазяханне,0,0,0,0,0,1,0,0,0,0
так,0,0,0,0,0,0,0,0,0,0
год,0,0,0,0,0,0,0,0,0,0
штогоднік,0,0,0,0,0,0,0,0,0,0
гадавала,0,0,0,0,0,0,0,0,0,0
штогод,0,0,0,0,0,0,0,0,0,0
прагнуць,0,0,0,0,0,0,0,0,0,0
туга,0,1,0,0,1,1,1,0,0,1
гадоў,0,0,0,0,0,0,0,0,0,0
дрожджы,0,0,0,0,0,0,0,0,0,0
крычаць,1,0,0,1,0,1,0,0,1,0
жоўты,0,0,0,0,0,0,0,0,0,0
жоўтыя,0,0,0,0,0,1,0,0,0,0
лямантаваць,1,0,0,1,0,1,0,0,1,0
ёман,0,0,0,0,0,0,0,0,0,0
учора,0,0,0,0,0,0,0,0,0,0
мінулы год,0,0,0,0,0,0,0,0,0,0
ціс,0,0,0,0,0,0,0,0,0,0
выхад,0,0,0,0,0,0,0,0,0,0
ураджайнасць,0,0,0,0,0,0,0,0,0,0
ёг,0,0,0,0,0,0,0,0,0,0
ярмо,0,0,0,0,0,0,0,0,0,0
жаўток,0,0,0,0,0,0,0,0,0,0
ён,0,0,0,0,0,0,0,0,0,0
там,0,0,0,0,0,0,0,0,0,0
моладзь,1,1,0,1,1,0,1,0,1,0
вар'яцкі,0,0,0,0,0,0,0,0,1,0
зап,0,0,0,0,0,0,0,0,0,0
стараннасць,0,1,0,0,1,0,1,0,1,1
руплівец,0,0,0,0,0,0,0,0,0,0
заўзяты,0,0,0,0,1,0,1,0,0,1
зебра,0,0,0,0,0,0,0,0,0,0
зеніт,0,0,0,0,0,0,0,0,0,0
зефір,0,0,0,0,0,0,0,0,0,0
цэпелін,0,0,0,0,0,0,0,0,0,0
разыначка,0,1,0,0,1,0,1,0,0,1
маланкавы,0,0,0,0,0,1,0,0,0,0
задыяк,0,0,0,0,0,0,0,0,0,0
зона,0,0,0,0,0,0,0,0,0,0
заапарк,0,0,0,0,0,0,0,0,0,0
заалагічны,0,0,0,0,0,0,0,0,0,0
заалогіі,0,0,0,0,0,0,0,0,0,0
павялічыць,0,0,0,0,0,0,0,0,0,0
