Croatian Word,anger,anticipation,disgust,fear,joy,negative,positive,sadness,surprise,trust
zatečen,0,0,0,0,0,0,0,0,0,0
abakus,0,0,0,0,0,0,0,0,0,1
napustiti,0,0,0,1,0,1,0,1,0,0
napuštena,1,0,0,1,0,1,0,1,0,0
napuštanje,1,0,0,1,0,1,0,1,1,0
ublažiti se,0,0,0,0,0,0,0,0,0,0
smanjenje,0,0,0,0,0,0,0,0,0,0
abba,0,0,0,0,0,0,1,0,0,0
opat,0,0,0,0,0,0,0,0,0,1
skratiti,0,0,0,0,0,0,0,0,0,0
skraćenica,0,0,0,0,0,0,0,0,0,0
trbuh,0,0,0,0,0,0,0,0,0,0
trbušni,0,0,0,0,0,0,0,0,0,0
otmica,0,0,0,1,0,1,0,1,1,0
nenormalan,0,0,0,0,0,1,0,0,0,0
aberacija,0,0,1,0,0,1,0,0,0,0
mirovanje,0,0,0,0,0,0,0,0,0,0
gnušati se,1,0,1,1,0,1,0,0,0,0
odvratan,1,0,1,1,0,1,0,0,0,0
pridržavati se,0,0,0,0,0,0,0,0,0,0
sposobnost,0,0,0,0,0,0,1,0,0,0
abjekat,0,0,1,0,0,1,0,0,0,0
ablacija,0,0,0,0,0,0,0,0,0,0
u plamenu,0,0,0,0,0,0,0,0,0,0
nenormalan,0,0,1,0,0,1,0,0,0,0
na brodu,0,0,0,0,0,0,0,0,0,0
prebivalište,0,0,0,0,0,0,0,0,0,0
ukinuti,1,0,0,0,0,1,0,0,0,0
ukidanje,0,0,0,0,0,1,0,0,0,0
odvratan,0,0,1,1,0,1,0,0,0,0
odvratnost,1,0,1,1,0,1,0,0,0,0
starosjedilac,0,0,0,0,0,0,0,0,0,0
prekid,0,0,0,0,0,1,0,0,0,0
abortus,0,0,1,1,0,1,0,1,0,0
prijevremen,0,0,0,0,0,1,0,1,0,0
obilovati,0,0,0,0,0,0,0,0,0,0
gore rečeno,0,0,0,0,0,0,1,0,0,0
abrazija,0,0,0,0,0,1,0,0,0,0
u inozemstvu,0,0,0,0,0,0,0,0,0,0
poništiti,0,0,0,0,0,1,0,0,0,0
isprekidan,0,0,0,0,0,0,0,0,1,0
naglo,0,0,0,0,0,0,0,0,0,0
apsces,0,0,0,0,0,1,0,1,0,0
odsutnost,0,0,0,1,0,1,0,1,0,0
odsutan,0,0,0,0,0,1,0,1,0,0
odsutan,0,0,0,0,0,1,0,1,0,0
izostajanje s posla,0,0,0,0,0,1,0,0,0,0
absint,0,0,0,0,0,0,0,0,0,0
apsolutni,0,0,0,0,0,0,1,0,0,0
oprost,0,0,0,0,1,0,1,0,0,1
apsorbiran,0,0,0,0,0,0,1,0,0,0
upijajući,0,0,0,0,0,0,0,0,0,0
apsorpcioni,0,0,0,0,0,0,0,0,0,0
apsorpcija,0,0,0,0,0,0,0,0,0,0
suzdržati se,0,0,0,0,0,0,0,0,0,0
suzdržanost,0,0,0,0,0,0,0,0,0,0
apstinencija,0,0,0,0,0,0,0,0,0,0
sažetak,0,0,0,0,0,0,0,0,0,0
apstrakcija,0,0,0,0,0,0,0,0,0,0
apsurdno,0,0,0,0,0,1,0,0,0,0
apsurdnost,0,0,0,0,0,1,0,0,0,0
obilje,0,1,1,0,1,1,1,0,0,1
obilan,0,0,0,0,1,0,1,0,0,0
zlostavljanje,1,0,1,1,0,1,0,1,0,0
upornjak,0,0,0,0,0,0,0,0,0,0
aby,0,0,0,0,0,0,0,0,0,0
bez dna,0,0,0,0,0,1,0,1,0,0
bezdan,0,0,0,1,0,1,0,1,0,0
akademski,0,0,0,0,0,0,1,0,0,1
akademija,0,0,0,0,0,0,1,0,0,0
pristupiti,0,0,0,0,0,0,0,0,0,0
ubrzati,0,1,0,0,0,0,0,0,0,0
ubrzanje,0,0,0,0,0,0,0,0,0,0
naglasak,0,0,0,0,0,0,0,0,0,0
naglasiti,0,0,0,0,0,0,0,0,0,0
prihvatiti,0,0,0,0,0,0,0,0,0,0
prihvatljiv,0,0,0,0,0,0,1,0,0,0
prihvaćanje,0,0,0,0,0,0,1,0,0,0
pristup,0,0,0,0,0,0,0,0,0,0
pristupačan,0,0,0,0,0,0,1,0,0,0
pristupanje,0,0,0,0,0,0,0,0,0,0
oprema,0,0,0,0,0,0,0,0,0,0
nesreća,0,0,0,1,0,1,0,1,1,0
slučajan,0,0,0,1,0,1,0,0,1,0
slučajno,0,0,0,0,0,0,0,0,1,0
priznanje,0,1,0,0,1,0,1,0,1,1
smjestiti,0,0,0,0,0,0,0,0,0,0
smještaj,0,0,0,0,0,0,1,0,0,0
pratnja,0,1,0,0,1,0,1,0,0,1
pratiti,0,0,0,0,0,0,0,0,0,0
prateći,0,0,0,0,0,0,0,0,0,0
suučesnik,0,0,0,0,0,0,0,0,0,0
ostvariti,0,0,0,0,1,0,1,0,0,0
ostvareno,0,0,0,0,1,0,1,0,0,0
postignuće,0,0,0,0,0,0,1,0,0,0
sporazum,0,0,0,0,0,0,1,0,0,1
suglasnost,0,0,0,0,0,0,0,0,0,0
harmonika,0,0,0,0,0,0,0,0,0,0
račun,0,0,0,0,0,0,0,0,0,1
odgovornost,0,0,0,0,0,0,1,0,0,1
odgovoran,0,0,0,0,0,0,1,0,0,1
računovođa,0,0,0,0,0,0,0,0,0,1
računovodstvo,0,0,0,0,0,0,0,0,0,0
računi,0,0,0,0,0,0,0,0,0,1
akreditovan,0,0,0,0,0,0,1,0,0,1
prirastanje,0,0,0,0,0,0,0,0,0,0
akumulirati,0,0,0,0,0,0,0,0,0,0
accueil,0,0,0,0,0,0,1,0,0,0
akumulirati,0,0,0,0,0,0,0,0,0,0
akumulacija,0,0,0,0,0,0,0,0,0,0
točnost,0,0,0,0,0,0,0,0,0,0
točan,0,0,0,0,0,0,1,0,0,1
proklet,1,0,0,1,0,1,0,1,0,0
optužba,1,0,1,0,0,1,0,0,0,0
akuzativ,0,0,0,0,0,1,0,0,0,0
optuženik,1,0,0,1,0,1,0,0,0,0
optužitelj,1,0,0,1,0,1,0,0,0,0
optužujući,1,0,0,1,0,1,0,0,0,0
navikli,0,0,0,0,0,0,0,0,0,0
as,0,0,0,0,0,0,1,0,0,0
octena,0,0,0,0,0,0,0,0,0,0
boljeti,0,0,0,0,0,1,0,1,0,0
postići,0,0,0,0,1,0,1,0,0,1
postignuće,0,1,0,0,1,0,1,0,0,1
bolan,0,0,0,0,0,1,0,1,0,0
kiselina,0,0,0,0,0,1,0,0,0,0
kiselost,0,0,0,0,0,0,0,0,0,0
priznati,0,0,0,0,0,0,0,0,0,0
priznati,0,0,0,0,0,0,0,0,0,0
priznanje,0,0,0,0,0,0,1,0,0,0
vrhunac,0,0,0,0,0,0,0,0,0,0
akustični,0,0,0,0,0,0,0,0,0,0
akustika,0,0,0,0,0,0,0,0,0,0
upoznati,0,0,0,0,0,0,0,0,0,0
poznanik,0,0,0,0,0,0,0,0,0,0
upoznati,0,0,0,0,0,0,0,0,0,0
pristajanje,0,0,0,0,0,0,0,0,0,0
steći,0,0,0,0,0,0,1,0,0,0
stjecanje,0,1,0,0,0,0,1,0,0,0
stjecanje,0,0,0,0,0,0,0,0,0,0
akvizicije,0,0,0,0,0,0,0,0,0,0
površina u ralima,0,0,0,0,0,0,0,0,0,0
hektara,0,0,0,0,0,0,0,0,0,0
akrobatica,0,0,0,1,1,0,1,0,0,1
djelovati,0,0,0,0,0,0,0,0,0,0
glumeći,0,0,0,0,0,0,0,0,0,0
akcijski,0,0,0,0,0,0,1,0,0,0
djelotvoran,1,0,1,0,0,1,0,0,0,0
aktivan,0,0,0,0,0,0,0,0,0,0
aktivnost,0,0,0,0,0,0,0,0,0,0
glumac,0,0,0,0,0,0,0,0,0,0
stvarni,0,0,0,0,0,0,1,0,0,0
stvarnost,0,0,0,0,0,0,0,0,0,0
aktuar,0,0,0,0,0,0,0,0,0,0
oštrina,0,0,0,0,0,0,1,0,0,0
sposobnost,0,0,0,0,0,0,1,0,0,0
akupunktura,0,0,0,0,0,0,0,0,0,0
akutno,0,0,0,0,0,0,0,0,0,0
poslovica,0,0,0,0,0,0,0,0,0,0
nepopustljiv,0,0,0,0,0,0,0,0,0,0
prilagoditi,0,0,0,0,0,0,1,0,0,0
prilagodljiv,0,0,0,0,0,0,1,0,0,0
dodati,0,0,0,0,0,0,0,0,0,0
dodao,0,0,0,0,0,0,0,0,0,0
dodatak,0,0,0,0,0,0,0,0,0,0
guja,1,0,1,1,0,1,0,1,0,0
ovisnost,0,0,0,0,0,1,0,0,0,0
dodatak,0,0,0,0,0,0,0,0,0,0
dodatni,0,0,0,0,0,0,0,0,0,0
aditiv,0,0,0,0,0,0,0,0,0,0
adresa,0,0,0,0,0,0,0,0,0,0
adresat,0,0,0,0,0,0,0,0,0,0
adrese,0,1,0,0,0,0,1,0,0,0
vješt,0,0,0,0,0,0,1,0,0,0
adekvatnost,0,0,0,0,0,0,1,0,0,0
adekvatan,0,0,0,0,0,0,0,0,0,0
pridržavati se,0,0,0,0,0,0,0,0,0,0
pridržavanje,0,0,0,0,0,0,0,0,0,0
privrženik,0,0,0,0,0,0,0,0,0,0
pridržavajući se,0,0,0,0,0,0,0,0,0,1
prianjanje,0,0,0,0,0,0,0,0,0,0
ljepilo,0,0,0,0,0,0,0,0,0,0
zbogom,0,0,0,0,0,0,0,0,0,0
adipozan,0,0,0,0,0,1,0,0,0,0
susjedstvo,0,0,0,0,0,0,0,0,0,0
susjedni,0,0,0,0,0,0,0,0,0,0
pridjev,0,0,0,0,0,0,0,0,0,0
susjedni,0,0,0,0,0,0,0,0,0,0
odgoditi,0,0,0,0,0,0,0,0,0,0
odlaganje,0,0,0,0,0,0,0,0,0,0
presuditi,0,0,0,1,0,1,0,0,0,0
dosuđivanje,0,0,0,0,0,0,0,0,0,0
dodatak,0,0,0,0,0,0,1,0,0,0
prilagoditi se,0,0,0,0,0,0,0,0,0,0
podešavanje,0,0,0,0,0,0,0,0,0,0
pomoćno sredstvo,0,0,0,0,0,0,0,0,0,0
upravljati,0,0,0,0,0,0,0,0,0,0
uprave,0,0,0,0,0,0,0,0,0,0
upravni,0,0,0,0,0,0,0,0,0,1
izvrstan,0,0,0,0,1,0,1,0,0,1
admiral,0,0,0,0,0,0,1,0,0,1
admiralitet,0,0,0,0,0,0,0,0,0,0
divljenje,0,0,0,0,1,0,1,0,0,1
diviti se,0,0,0,0,0,0,1,0,0,1
obožavatelj,0,0,0,0,0,0,1,0,0,0
dopuštenost,0,0,0,0,0,0,0,0,0,0
dopušteno,0,0,0,0,0,0,1,0,0,1
prijem,0,0,0,0,0,0,0,0,0,0
priznati,0,0,0,0,0,0,0,0,0,0
prijem,0,0,0,0,0,0,0,0,0,0
priznao,0,0,0,0,0,0,0,0,0,0
priznajući,0,0,0,0,0,0,0,0,0,0
primjesa,0,0,0,0,0,0,0,0,0,0
ukor,0,0,0,1,0,1,0,0,0,0
teškoća,0,0,0,0,0,0,0,0,0,0
čerpić,0,0,0,0,0,0,0,0,0,0
mladost,0,0,0,0,0,0,0,0,0,0
adolescent,0,0,0,0,0,0,0,0,0,0
posvojiti,0,0,0,0,0,0,0,0,0,0
posvajanje,0,0,0,0,0,0,0,0,0,0
divan,0,0,0,0,1,0,1,0,0,0
klanjanje,0,0,0,0,1,0,1,0,0,1
obožavati,0,1,0,0,1,0,1,0,0,1
krasiti,0,0,0,0,0,0,0,0,0,0
ukras,0,0,0,0,0,0,0,0,0,0
zalutati,0,1,0,1,0,1,0,1,0,0
odrasla osoba,0,0,0,0,0,0,0,0,0,0
patvoreni,0,0,0,0,0,1,0,0,0,0
preljuba,0,0,1,0,0,1,0,1,0,0
unaprijed,0,1,0,1,1,0,1,0,1,0
Napredna,0,0,0,0,0,0,1,0,0,0
napredak,0,0,0,0,0,0,1,0,0,0
napredovanje,0,0,0,0,0,0,0,0,0,0
prednost,0,0,0,0,0,0,1,0,0,0
povoljan,0,0,0,0,0,0,1,0,0,0
dolazak,0,1,0,0,1,0,1,0,0,1
avantura,0,1,0,0,0,0,1,0,0,0
pustolov,0,0,0,0,0,0,0,0,0,0
pustolovan,0,0,0,0,0,0,1,0,0,0
protivnik,1,0,0,0,0,1,0,0,0,0
nepovoljan,1,0,1,1,0,1,0,1,0,0
nedaće,1,0,0,1,0,1,0,1,0,0
oglašavati,0,0,0,0,0,0,0,0,0,0
oglas,0,0,0,0,0,0,0,0,0,0
savjet,0,0,0,0,0,0,0,0,0,1
preporučljivo,0,0,0,0,0,0,1,0,0,1
savjetovati,0,0,0,0,0,0,1,0,0,1
savjetovao,0,0,0,0,0,0,0,0,0,1
savjetovanje,0,0,0,0,0,0,0,0,0,0
savjetnik,0,0,0,0,0,0,1,0,0,1
zagovaranje,1,1,0,0,1,0,1,0,0,1
zagovarati,0,0,0,0,0,0,0,0,0,1
okrilje,0,0,0,0,0,0,0,0,0,0
prozračivanje,0,0,0,0,0,0,0,0,0,0
zračni,0,0,0,0,0,0,0,0,0,0
aerodrom,0,0,0,0,0,0,0,0,0,0
aerodinamika,0,0,0,0,0,0,0,0,0,0
aeronautika,0,0,0,0,0,0,0,0,0,0
zrakoplov,0,0,0,0,0,0,0,0,0,0
estetski,0,0,0,0,0,0,1,0,0,0
estetika,0,0,0,0,1,0,1,0,0,0
etiologija,0,0,0,0,0,0,0,0,0,0
izdaleka,0,0,0,0,0,0,0,0,0,0
ljubazan,0,0,0,0,0,0,1,0,0,0
afera,0,0,0,0,0,0,0,0,0,0
utječući,0,0,0,0,0,0,0,0,0,0
ljubav,0,0,0,0,1,0,1,0,0,1
naklonosti,0,0,0,0,0,0,0,0,0,0
affiche,0,0,0,0,0,0,0,0,0,0
izjava pod prisegom,0,0,0,0,0,0,0,0,0,0
pridruženi,0,0,0,0,0,0,1,0,0,0
pripadnost,0,0,0,0,0,0,0,0,0,0
afinitet,0,0,0,0,0,0,0,0,0,0
potvrditi,0,0,0,0,0,0,1,0,0,1
afirmacija,0,0,0,0,0,0,1,0,0,0
potvrdan,0,0,0,0,0,0,1,0,0,0
afirmativno,0,0,0,0,0,0,1,0,0,1
pričvrstiti,0,0,0,0,0,0,0,0,0,0
povrijediti,0,0,0,1,0,1,0,1,0,0
ojađen,0,0,0,0,0,1,0,0,0,0
nevolja,0,0,1,1,0,1,0,1,0,0
obilje,0,0,0,0,1,0,1,0,0,0
pritoka,0,0,0,0,0,0,1,0,0,0
priuštiti,0,0,0,0,0,0,1,0,0,0
uvreda,1,0,1,1,0,1,0,1,1,0
afield,0,0,0,0,0,0,0,0,0,0
prije,0,0,0,0,0,0,0,0,0,0
prethodno spomenuto,0,0,0,0,0,0,0,0,0,0
prethodno rečeno,0,0,0,0,0,0,0,0,0,0
bojati se,0,0,0,1,0,1,0,0,0,0
iznova,0,0,0,0,0,0,0,0,0,0
krmeni,0,0,0,0,0,0,0,0,0,0
posljedica,1,0,1,1,0,1,0,1,0,0
poslijepodne,0,0,0,0,0,0,0,0,0,0
naknadni okus,0,0,0,0,0,1,0,0,0,0
naknadna misao,0,0,0,0,0,0,0,0,0,0
aga,0,0,0,1,0,0,1,0,0,1
ahat,0,0,0,0,0,0,0,0,0,0
dob,0,0,0,0,0,0,0,0,0,0
ostario,0,0,0,0,0,0,0,0,0,0
agencija,0,0,0,0,0,0,0,0,0,0
agent,0,0,0,0,0,0,0,0,0,0
aglomeracija,0,0,0,0,0,0,0,0,0,0
otežano,1,0,0,0,0,1,0,0,0,0
otežavajući,1,0,0,0,0,1,0,1,0,0
pogoršanje,1,0,1,0,0,1,0,0,0,0
agregat,0,0,0,0,0,0,0,0,0,0
agregacija,0,0,0,0,0,0,0,0,0,0
agresija,1,0,0,1,0,1,0,0,0,0
agresivan,1,0,0,1,0,1,0,0,0,0
agresor,1,0,0,1,0,1,0,0,0,0
zgrožen,0,0,1,1,0,1,0,0,1,0
okretan,0,0,0,0,0,0,1,0,0,0
agilnost,0,0,0,0,0,0,1,0,0,0
uzrujan,1,0,0,0,0,1,0,0,0,0
uznemirenost,1,0,0,0,0,1,0,0,0,0
agnostik,0,0,0,0,0,0,0,0,0,0
prije,0,0,0,0,0,0,0,0,0,0
mučan,0,0,0,1,0,1,0,0,0,0
agonija,1,0,0,1,0,1,0,1,0,0
složiti se,0,0,0,0,0,0,1,0,0,0
ugodan,0,0,0,0,0,0,1,0,0,1
dogovoren,0,0,0,0,0,0,1,0,0,1
slažući se,0,0,0,0,0,0,1,0,0,1
sporazum,0,0,0,0,0,0,1,0,0,1
poljoprivredni,0,0,0,0,0,0,0,0,0,0
poljoprivreda,0,0,0,0,0,0,1,0,0,0
nasukan,0,0,0,0,0,1,0,0,0,0
agua,0,0,0,0,0,0,0,0,0,0
naprijed,0,0,0,0,0,0,1,0,0,0
pomoć,0,0,0,0,0,0,1,0,0,0
pomaganje,0,0,0,0,0,0,1,0,0,0
boliti,0,0,0,0,0,1,0,1,0,0
bolan,0,0,0,1,0,1,0,1,0,0
oboljenje,0,0,0,0,0,0,0,0,0,0
cilj,0,0,0,0,0,0,0,0,0,0
besciljan,0,0,0,0,0,1,0,0,0,0
zrak,0,0,0,0,0,0,0,0,0,0
zračni jastuk,0,0,0,0,0,0,0,0,0,0
zračni most,0,0,0,0,0,0,0,0,0,0
zrakoplovna tvrtka,0,0,0,0,0,0,0,0,0,0
zrakoplovac,0,0,0,0,0,0,0,0,0,0
zrakoplov,0,0,0,0,0,0,0,0,0,0
zračna luka,0,1,0,0,0,0,0,0,0,0
emitira,0,0,1,0,0,1,0,0,0,0
cepelin,0,0,0,0,0,0,0,0,0,0
prolaz,0,0,0,0,0,0,0,0,0,0
ait,0,0,0,0,0,0,0,0,0,0
odškrinuto,0,0,0,0,0,0,0,0,0,0
sličan,0,0,0,0,0,0,0,0,0,1
alabaster,0,0,0,0,0,0,1,0,0,0
alarm,0,0,0,1,0,1,0,0,1,0
alarmantan,0,0,0,1,0,1,0,0,1,0
alb,0,0,0,0,0,0,0,0,0,1
album,0,0,0,0,0,0,0,0,0,0
alkemija,0,0,0,0,0,0,0,0,0,0
alkohol,0,0,0,0,0,0,0,0,0,0
alkoholizam,1,0,1,1,0,1,0,1,0,0
niša,0,0,0,0,0,0,0,0,0,0
uzbuna,0,0,0,0,0,0,0,0,0,0
budnost,0,1,0,1,0,0,1,0,1,0
upozorenja,0,1,0,1,0,0,0,0,1,0
lucerna,0,0,0,0,0,0,0,0,0,0
algebra,0,0,0,0,0,0,0,0,0,0
algebarski,0,0,0,0,0,0,0,0,0,0
algoritam,0,0,0,0,0,0,0,0,0,0
alibi,0,0,0,0,0,0,0,0,0,0
stranac,0,0,1,1,0,1,0,0,0,0
otuđiti,1,0,1,0,0,1,0,0,0,0
otuđen,0,0,0,0,0,1,0,1,0,0
otuđenje,1,0,1,1,0,1,0,1,0,0
upaliti,0,0,0,0,0,0,0,0,0,0
usklađeni,0,0,0,0,0,0,0,0,0,0
poravnanje,0,0,0,0,0,0,0,0,0,0
slično,0,0,0,0,0,0,0,0,0,0
ishrana,0,0,0,0,0,0,1,0,0,0
alimentacija,0,0,0,0,0,1,0,0,0,0
alikvot,0,0,0,0,0,0,0,0,0,0
živ,0,1,0,0,1,0,1,0,0,1
lužina,0,0,0,0,0,0,0,0,0,0
alkaloidi,0,0,0,0,0,0,0,0,0,0
ublažiti,0,0,0,0,0,0,1,0,0,0
navod,1,0,0,0,0,1,0,0,0,0
navoditi,0,0,0,0,0,1,0,0,0,0
navodni,0,0,0,0,0,0,0,0,0,0
vjernost,0,0,0,0,0,0,1,0,0,1
alegorijski,0,0,0,0,0,0,0,0,0,0
alegorija,0,0,0,0,0,0,0,0,0,0
allegro,0,0,0,0,0,0,1,0,0,0
ublažiti,0,0,0,0,0,0,1,0,0,0
ublažavanje,0,0,0,0,0,0,1,0,0,0
uličica,0,0,0,0,0,0,0,0,0,0
savez,0,0,0,0,0,0,0,0,0,1
saveznički,0,0,0,0,0,0,1,0,0,1
aligator,0,0,0,0,0,0,0,0,0,0
dodijeliti,0,0,0,0,0,0,0,0,0,0
dodjela,0,0,0,0,0,0,0,0,0,0
dodijeliti,0,0,0,0,0,0,0,0,0,0
dodjela,0,0,0,0,0,0,0,0,0,0
dopušteno,0,0,0,0,0,0,1,0,0,0
džeparac,0,0,0,0,0,0,0,0,0,0
dozvoljeno,0,0,0,0,0,0,0,0,0,0
legura,0,0,0,0,0,0,0,0,0,0
vabiti,0,1,0,0,1,0,1,0,1,0
primamljiv,0,0,0,0,0,0,1,0,0,0
aluzija,0,0,0,0,0,0,0,0,0,0
aluvijalni,0,0,0,0,0,0,0,0,0,0
saveznik,0,0,0,0,0,0,1,0,0,1
almanah,0,0,0,0,0,0,0,0,0,0
svemogući,0,0,0,0,0,0,1,0,0,0
uvis,0,0,0,0,0,0,0,0,0,0
aloha,0,1,0,0,1,0,1,0,0,0
uz bok,0,0,0,0,0,0,0,0,0,0
podalje,0,0,0,0,0,1,0,0,0,0
naglas,0,0,0,0,0,0,0,0,0,0
abeceda,0,0,0,0,0,0,0,0,0,0
abecedni,0,0,0,0,0,0,0,0,0,0
oltar,0,0,0,0,0,0,0,0,0,0
mijenjati,0,0,0,0,0,0,0,0,0,0
izmjena,0,0,0,0,0,0,0,0,0,0
svađa,1,0,0,0,0,1,0,0,0,0
izmijenjena,0,0,0,0,0,0,0,0,0,0
naizmjenično,0,0,0,0,0,0,0,0,0,0
alternativa,0,0,0,0,0,0,0,0,0,0
visina,0,0,0,0,0,0,0,0,0,0
alt,0,0,0,0,0,0,0,0,0,0
ukupno,0,0,0,0,0,0,0,0,0,0
bivši student,0,0,0,0,0,0,0,0,0,0
alveolarni,0,0,0,0,0,0,0,0,0,0
amalgam,0,0,0,0,0,0,0,0,0,0
amalgamacija,0,0,0,0,0,0,0,0,0,0
gomilati,0,0,0,0,0,0,0,0,0,0
amater,0,0,0,0,0,0,0,0,0,0
zadiviti,0,0,0,0,0,0,0,0,1,0
čuđenje,0,0,0,0,0,0,0,0,0,0
nevjerojatno,0,0,0,0,1,0,1,0,1,0
ambasador,0,0,0,0,0,0,1,0,0,1
jantar,0,0,0,0,0,0,0,0,0,0
ambijentalni,0,0,0,0,0,0,0,0,0,0
dvosmislenost,0,0,0,0,0,0,0,0,0,0
dvosmislen,0,0,0,0,0,1,0,0,0,0
granica,0,0,0,0,0,0,0,0,0,0
ambicija,0,1,0,0,1,0,1,0,0,1
ambiciozan,0,0,0,0,0,0,0,0,0,0
kola hitne pomoći,0,0,0,1,0,0,0,0,0,1
zasjeda,1,0,0,1,0,1,0,0,1,0
poboljšati,0,0,0,0,0,0,1,0,0,0
Amen,0,0,0,0,1,0,1,0,0,1
podložan,0,0,0,0,0,0,1,0,0,0
izmijeniti,0,0,0,0,0,0,1,0,0,0
amandman,0,0,0,0,0,0,0,0,0,0
nadoknađuje,0,0,0,0,0,0,1,0,0,0
ugodnost,0,0,0,0,0,0,1,0,0,0
ametist,0,0,0,0,0,0,0,0,0,0
ljubazan,0,0,0,0,0,0,1,0,0,0
prijateljski,0,0,0,0,1,0,1,0,0,0
usred,0,0,0,0,0,0,0,0,0,0
usred,0,0,0,0,0,0,0,0,0,0
amonijak,0,0,1,0,0,0,0,0,0,0
streljiva,0,0,0,0,0,0,0,0,0,0
amnezija,0,0,0,0,0,1,0,0,0,0
amnestijom,0,0,0,0,1,0,1,0,0,0
amorfan,0,0,0,0,0,0,0,0,0,0
amortizacija,0,0,0,0,0,0,0,0,0,1
iznos,0,0,0,0,0,0,0,0,0,0
ljubav,0,1,0,0,1,0,1,0,0,1
ampersand,0,0,0,0,0,0,0,0,0,0
amfetamini,0,0,1,0,0,1,0,0,0,0
vodozemac,0,0,0,0,0,0,0,0,0,0
amfibijski,0,0,0,0,0,0,0,0,0,0
amfiteatar,0,0,0,0,0,0,0,0,0,0
pojačanje,0,0,0,0,0,0,0,0,0,0
pojačati,0,0,0,0,0,0,0,0,0,0
amplituda,0,0,0,0,0,0,0,0,0,0
obilno,0,0,0,0,0,0,0,0,0,0
amputacija,0,0,0,0,0,0,0,0,0,0
amulet,0,0,0,0,0,0,0,0,0,0
zabavljati,0,0,0,0,1,0,1,0,0,0
zabavljena,0,0,0,0,1,0,1,0,0,0
zabava,0,0,0,0,1,0,1,0,0,0
zabavan,0,0,0,0,1,0,1,0,0,0
ana,0,0,0,0,0,0,0,0,0,0
anakonda,0,0,1,1,0,1,0,0,0,0
anestezija,0,0,0,0,0,0,0,0,0,0
anestetički,0,0,0,0,0,0,0,0,0,0
analni,0,0,0,0,0,1,0,0,0,0
analgetik,0,0,0,0,0,0,0,0,0,0
analogan,0,0,0,0,0,0,0,0,0,0
analogni,0,0,0,0,0,0,0,0,0,0
analogija,0,0,0,0,0,0,0,0,0,0
analiza,0,0,0,0,0,0,0,0,0,0
analitičar,0,1,0,0,0,0,1,0,0,1
analitički,0,0,0,0,0,0,0,0,0,0
analizirati,0,0,0,0,0,0,0,0,0,0
analizator,0,0,0,0,0,0,0,0,0,0
anarhizam,1,0,0,1,0,1,0,0,0,0
anarhist,1,0,0,1,0,1,0,0,0,0
anarhija,1,0,0,1,0,1,0,0,0,0
anastomoza,0,0,0,0,0,0,0,0,0,0
anatema,1,0,1,1,0,1,0,1,0,0
anatomski,0,0,0,0,0,0,0,0,0,0
anatomija,0,0,0,0,0,0,0,0,0,0
predak,0,0,0,0,0,0,0,0,0,0
predački,0,0,0,0,0,0,0,0,0,1
podrijetlo,0,0,0,0,0,0,0,0,0,0
sidro,0,0,0,0,0,0,1,0,0,0
sidrište,0,0,0,0,0,0,1,1,0,0
antički,0,0,0,0,0,1,0,0,0,0
sporedni,0,0,0,0,0,0,0,0,0,0
androgena,0,0,0,0,0,0,0,0,0,0
anemona,0,0,0,0,0,0,0,0,0,0
iznova,0,0,0,0,0,0,0,0,0,0
anđeo,0,1,0,0,1,0,1,0,1,1
anđeoski,0,0,0,0,1,0,1,0,0,1
bijes,1,0,0,0,0,1,0,0,0,0
angina,0,0,0,1,0,1,0,0,0,0
angiografija,0,0,0,0,0,0,0,0,0,0
kut,0,0,0,0,0,0,0,0,0,0
ribolov,0,1,0,0,0,1,0,0,0,0
ljut,1,0,1,0,0,1,0,0,0,0
tjeskoba,1,0,0,1,0,1,0,1,0,0
kutni,0,0,0,0,0,0,0,0,0,0
bezvodni,0,0,0,0,0,0,0,0,0,0
životinja,0,0,0,0,0,0,0,0,0,0
animirati,0,0,0,0,0,0,1,0,0,0
animirani,0,0,0,0,1,0,1,0,0,0
animacija,0,0,0,0,0,0,0,0,0,0
neprijateljstvo,1,0,1,1,0,1,0,1,0,0
animus,1,0,0,0,0,1,0,0,0,0
gležanj,0,0,0,0,0,0,0,0,0,0
anali,0,0,0,0,0,0,0,0,0,0
dodatak,0,0,0,0,0,0,0,0,0,0
pripajanje,0,0,0,0,0,0,0,0,0,0
aneks,0,0,0,0,0,0,0,0,0,0
uništiti,1,0,0,1,0,1,0,0,0,0
poništen,1,0,0,1,0,1,0,1,0,0
uništenje,1,0,0,1,0,1,0,1,0,0
komentirati,0,0,0,0,0,0,0,0,0,0
anotacija,0,0,0,0,0,0,0,0,0,0
objaviti,0,0,0,0,0,0,0,0,0,0
Obavijest,0,1,0,0,0,0,0,0,0,0
smetati,1,0,1,0,0,1,0,0,0,0
dosađivanje,1,0,1,0,0,1,0,0,0,0
dosadan,1,0,0,0,0,1,0,0,0,0
anuitet,0,0,0,0,0,0,0,0,0,0
poništiti,0,0,0,0,0,1,0,0,0,0
prstenasti,0,0,0,0,0,0,0,0,0,0
poništenje,0,0,0,0,0,1,0,1,0,0
prstenasti prostor,0,0,0,0,0,0,0,0,0,0
pomazanje,0,0,0,0,0,0,0,0,0,0
anomalan,0,0,0,0,0,0,0,0,0,0
anomalija,0,0,0,1,0,1,0,0,1,0
anon,0,0,0,0,0,0,0,0,0,0
anoniman,0,0,0,0,0,1,0,0,0,0
odgovor,0,0,0,0,0,0,0,0,0,0
odgovoran,0,0,0,0,0,0,0,0,0,1
odgovarajući,0,0,0,0,0,0,0,0,0,0
mrav,0,0,0,0,0,0,0,0,0,0
antagonizam,1,0,0,0,0,1,0,0,0,0
antagonista,1,0,0,0,0,1,0,0,0,0
antagonistički,1,0,1,0,0,1,0,0,0,0
ante,0,0,0,0,0,0,0,0,0,0
prethodnik,0,0,0,0,0,0,0,0,0,0
antilopa,0,0,0,0,0,0,0,0,0,0
antena,0,0,0,0,0,0,0,0,0,0
prednji,0,0,0,0,0,0,0,0,0,0
himna,0,0,0,0,0,0,0,0,0,0
antologija,0,0,0,0,0,0,0,0,0,0
antraks,0,0,1,1,0,1,0,1,0,0
antropologija,0,0,0,0,0,0,0,0,0,0
antibiotik,0,0,0,0,0,0,0,0,0,0
antibiotici,0,0,0,0,0,0,1,0,0,0
antikrist,1,0,1,1,0,1,0,0,0,0
predviđanje,0,1,0,0,0,0,0,0,0,0
anticipirajući,0,1,0,0,0,0,0,0,0,0
protuotrov,0,1,0,0,0,0,1,0,0,1
antifungalni,0,0,0,0,0,0,1,0,0,1
antimon,0,0,0,0,0,0,0,0,0,0
antipatija,1,0,1,0,0,1,0,0,0,0
antikvar,0,0,0,0,0,0,0,0,0,0
zastario,0,0,0,0,0,1,0,0,0,0
antički,0,0,0,0,0,0,1,0,0,0
starina,0,0,0,0,0,0,0,0,0,0
antiseptički,0,0,0,0,0,0,1,0,0,1
antisocijalan,1,0,1,1,0,1,0,1,0,0
antiteza,1,0,0,0,0,1,0,0,0,0
antitetički,0,0,0,0,0,0,0,0,0,0
antivirusno,0,0,0,0,0,0,0,0,0,0
rogovlje,0,0,0,0,0,0,0,0,0,0
nakovanj,0,0,0,0,0,0,0,0,0,0
anksioznost,1,1,0,1,0,1,0,1,0,0
tjeskoban,0,1,0,1,0,1,0,0,0,0
aorta,0,0,0,0,0,0,0,0,0,0
brzo,0,0,0,0,0,0,0,0,0,0
apache,0,0,0,1,0,1,0,0,0,0
apartman,0,0,0,0,0,0,0,0,0,0
apatičan,0,0,0,0,0,1,0,1,0,0
apatija,0,0,0,0,0,1,0,1,0,0
oponašati,0,0,0,0,0,0,0,0,0,0
otvor,0,0,0,0,0,0,0,0,0,0
vrh,0,0,0,0,0,0,0,0,0,0
uš,0,0,1,0,0,1,0,0,0,0
komad,0,0,0,0,0,0,0,0,0,0
aplomb,0,0,0,0,0,0,1,0,0,0
apokaliptičan,0,0,0,0,0,0,0,0,0,0
apologetski,0,0,0,0,0,0,1,0,0,1
apologeta,0,0,0,0,0,0,0,0,0,0
ispričavati,0,0,0,0,0,0,1,1,0,1
isprika,0,0,0,0,0,0,1,0,0,0
otpadništvo,0,0,0,0,0,0,0,0,0,0
otpadnik,0,0,0,0,0,0,0,0,0,0
apostol,0,0,0,0,0,0,1,0,0,1
apostolski,0,0,0,0,0,0,0,0,0,1
apostrof,0,0,0,0,0,0,0,0,0,0
užasavajuće,0,0,1,1,0,1,0,0,0,0
aparat,0,0,0,0,0,0,0,0,0,0
odjeća,0,0,0,0,0,0,0,0,0,0
očito,0,0,0,0,0,0,0,0,0,0
ukazanje,0,0,0,1,0,0,0,0,1,0
apel,0,1,0,0,0,0,0,0,0,0
izgled,0,0,0,0,0,0,0,0,0,0
smiriti,0,0,0,0,0,0,0,0,0,0
žalitelj,0,0,0,0,0,0,0,0,0,0
dodati,0,0,0,0,0,0,0,0,0,0
privjesak,0,0,0,0,0,0,0,0,0,0
upala slijepog crijeva,0,0,0,1,0,1,0,1,0,0
dodatak,0,0,0,0,0,0,0,0,0,0
apetit,0,0,0,0,0,0,0,0,0,0
predjelo,0,0,0,0,0,0,0,0,0,0
pljesak,0,0,0,0,1,0,1,0,1,1
jabuka,0,0,0,0,0,0,0,0,0,0
uređaj,0,0,0,0,0,0,0,0,0,0
uređaji,0,0,0,0,0,0,0,0,0,0
primjenjivost,0,0,0,0,0,0,0,0,0,0
primjenjivo,0,0,0,0,0,0,0,0,0,0
podnositelj zahtjeva,0,1,0,0,0,0,0,0,0,0
primjena,0,0,0,0,0,0,0,0,0,0
primijeniti,0,0,0,0,0,0,0,0,0,0
imenovati,0,0,0,0,0,0,0,0,0,0
ugovoreni sastanak,0,0,0,0,0,0,0,0,0,0
imenovanja,0,0,0,0,0,0,0,0,0,0
odmjeriti,0,0,0,0,0,0,0,0,0,0
raspodjela,0,0,0,0,0,0,0,0,0,0
ocijeniti,0,0,0,0,0,0,0,0,0,0
primjetan,0,0,0,0,0,0,0,0,0,0
zahvalnost,0,0,0,0,1,0,1,0,0,1
uhvatiti,0,0,0,1,0,0,0,0,0,0
bojazan,0,0,0,1,0,1,0,0,0,0
prestrašen,0,1,0,1,0,1,0,0,0,0
učenik,0,0,0,0,0,0,0,0,0,1
naukovanje,0,0,0,0,0,0,0,0,0,0
pristup,0,0,0,0,0,0,0,0,0,0
približavanje,0,1,0,0,0,0,0,0,0,0
odobravanje,0,0,0,0,0,0,1,0,0,1
prisvajanje,0,0,0,0,0,1,0,0,0,0
odobrenje,0,0,0,0,0,0,1,0,0,0
odobriti,0,0,0,0,1,0,1,0,0,1
odobravajući,0,0,0,0,0,0,1,0,0,0
približan,0,0,0,0,0,0,0,0,0,0
približno,0,0,0,0,0,0,0,0,0,0
aproksimirajući,0,0,0,0,0,0,0,0,0,0
aproksimacija,0,0,0,0,0,0,0,0,0,0
pripadci,0,0,0,0,0,0,0,0,0,0
pregača,0,0,0,0,0,0,0,0,0,0
prikladan,0,0,0,0,0,0,1,0,0,0
sposobnost,0,0,0,0,0,0,1,0,0,0
aqua,0,0,0,0,0,0,0,0,0,0
akvamarin,0,0,0,0,0,0,0,0,0,0
akvarij,0,0,0,0,0,0,0,0,0,0
vodeni,0,0,0,0,0,0,0,0,0,0
akvadukt,0,0,0,0,0,0,0,0,0,0
vodenasti,0,0,0,0,0,0,0,0,0,0
obradiv,0,0,0,0,0,0,0,0,0,0
arbitar,0,0,0,0,0,0,0,0,0,1
arbitrirati,0,0,0,0,0,0,0,0,0,0
arbitraža,0,1,0,0,0,0,0,0,0,0
arbitar,0,0,0,0,0,0,0,0,0,1
sjenica,0,0,0,0,0,0,0,0,0,0
luk,0,0,0,0,0,0,0,0,0,0
arkada,0,0,0,0,0,0,0,0,0,0
arh,0,0,0,0,0,0,0,0,0,0
arheološki,0,0,0,0,0,0,0,0,0,0
arheolog,0,0,0,0,0,0,0,0,0,0
arheologija,0,1,0,0,0,0,1,0,0,0
arhaičan,0,0,0,0,0,1,0,0,0,0
nadbiskup,0,0,0,0,0,0,0,0,0,0
lučni,0,0,0,0,0,0,0,0,0,0
strijelac,0,0,0,0,0,0,0,0,0,0
strijeljaštvo,0,0,0,0,0,0,0,0,0,0
arhetip,0,0,0,0,0,0,0,0,0,0
arhipelag,0,0,0,0,0,0,0,0,0,0
arhitekt,0,0,0,0,0,0,0,0,0,0
arhitektura,0,0,0,0,0,0,0,0,0,1
arhiva,0,0,0,0,0,0,0,0,0,0
Arktik,0,0,0,0,0,0,0,0,0,0
gorljiv,0,1,0,0,1,0,1,0,0,0
žar,0,0,0,0,0,0,1,0,0,0
naporan,0,0,0,0,0,1,0,0,0,0
područje,0,0,0,0,0,0,0,0,0,0
arena,0,0,0,0,0,0,0,0,0,0
areola,0,0,0,0,0,0,0,0,0,0
srebrni,0,0,0,0,0,0,0,0,0,0
raspravljati,1,0,0,0,0,1,0,0,0,0
argument,1,0,0,0,0,1,0,0,0,0
argumentacija,1,0,0,0,0,0,0,0,0,0
argumentiran,0,0,0,0,0,1,0,0,0,0
argumenti,1,0,0,0,0,0,0,0,0,0
bezvodan,0,0,0,0,0,1,0,1,0,0
aristokracije,0,0,0,0,0,0,1,0,0,0
aristokrata,0,0,0,0,0,0,0,0,0,0
aristokratski,0,0,0,0,0,0,1,0,0,0
aritmetika,0,0,0,0,0,0,0,0,0,0
kovčeg,0,0,0,0,0,0,0,0,0,0
ruka,0,0,0,0,0,0,0,0,0,0
armada,0,0,0,0,0,0,0,0,0,0
naoružanje,1,0,0,1,0,0,0,0,0,0
naoružanja,0,0,0,1,0,1,0,0,0,0
armatura,0,0,0,0,0,0,0,0,0,0
naoružan,1,0,0,1,0,1,1,0,0,0
oklop,0,0,0,1,0,0,1,0,0,1
oklopljeni,0,0,0,1,0,0,0,0,0,0
oružarnica,0,0,0,0,0,0,0,0,0,1
oružje,0,0,0,0,0,0,0,0,0,0
vojska,0,0,0,0,0,0,0,0,0,0
aroma,0,0,0,0,0,0,1,0,0,0
uzbuđenje,0,0,0,0,0,0,0,0,0,0
pobuditi,0,1,0,0,0,0,1,0,0,0
optužnica,1,0,0,1,0,1,0,1,0,0
urediti,0,0,0,0,0,0,0,0,0,0
uređeno,0,0,0,0,0,0,0,0,0,0
uređenje,0,0,0,0,0,0,0,0,0,0
niz,0,0,0,0,0,0,1,0,0,0
dugovi,0,0,0,0,0,1,0,0,0,0
uhititi,0,0,0,0,0,1,0,0,0,0
dolazak,0,1,0,0,0,0,0,0,0,0
stići,0,1,0,0,0,0,0,0,0,0
oholost,0,0,0,0,0,1,0,0,0,0
arogantan,1,0,1,0,0,1,0,0,0,0
strijela,0,0,0,0,0,0,0,0,0,0
arsenal,0,0,0,0,0,0,0,0,0,0
arsen,0,0,1,1,0,1,0,1,0,0
palež,1,0,0,1,0,1,0,0,0,0
umjetnost,0,1,0,0,1,0,1,1,1,0
arterija,0,0,0,0,0,0,0,0,0,0
prepreden,0,0,0,0,0,0,0,0,0,0
člankonožac,0,0,0,0,0,0,0,0,0,0
artičoka,0,0,0,0,0,0,0,0,0,0
članak,0,0,0,0,0,0,0,0,0,0
članci,0,0,0,0,0,0,0,0,0,0
artikulirati,0,0,0,0,0,0,1,0,0,0
artikulacija,0,0,0,0,0,0,1,0,0,0
umjetnost,0,0,0,0,0,0,0,0,0,0
topništvo,0,0,0,1,0,1,0,0,0,0
obrtnik,0,0,0,0,0,0,1,0,0,0
umjetnik,0,0,0,0,0,0,0,0,0,0
umjetnica,0,0,0,0,0,0,1,0,0,0
umjetnički,0,0,0,0,0,0,1,0,0,0
umjetnici,0,0,0,0,0,0,0,0,0,0
uzdići se,0,0,0,0,0,0,0,0,0,0
nadmoć,0,0,0,0,0,0,1,0,0,0
Uznesenja,0,0,0,0,0,0,0,0,0,0
uspon,0,0,0,0,0,0,1,0,0,0
utvrditi,0,0,0,0,0,0,0,0,0,0
konstatirano,0,0,0,0,0,0,0,0,0,0
asketski,0,0,0,0,0,0,0,0,0,0
pepeo,0,0,0,0,0,1,0,0,0,0
posramljen,0,0,1,0,0,1,0,1,0,0
pepeo,0,0,0,0,0,1,0,1,0,0
zaspao,0,0,0,0,0,0,0,0,0,0
asp,0,0,0,1,0,0,0,0,0,0
aspartam,0,0,0,0,0,0,0,0,0,0
aspekt,0,0,0,0,0,0,0,0,0,0
aspekti,0,0,0,0,0,0,0,0,0,0
asfalt,0,0,0,0,0,0,0,0,0,0
aspiracija,0,1,0,0,1,0,1,0,1,1
težiti,0,1,0,0,1,0,1,0,0,0
težeći,0,1,0,0,1,0,1,0,0,1
dupe,0,0,0,0,0,1,0,0,0,0
napadati,1,0,0,1,0,1,0,0,1,0
napadač,1,0,0,1,0,1,0,1,0,0
ubojica,1,0,0,1,0,1,0,1,0,0
izvršiti atentat,1,0,0,1,0,1,0,0,0,0
atentat,1,0,0,1,0,1,0,1,0,0
napad,1,0,0,1,0,1,0,0,0,0
analiza,0,0,0,0,0,0,0,0,0,0
montaža,0,0,0,0,0,0,0,0,0,0
sastaviti,0,0,0,0,0,0,0,0,0,0
sastavljen,0,0,0,0,0,0,0,0,0,0
skupština,0,0,0,0,0,0,1,0,0,1
pristanak,0,0,0,0,0,0,1,0,0,0
tvrditi,0,0,0,0,0,0,0,0,0,0
ustvrdivši,0,0,0,0,0,0,1,0,0,1
tvrdnja,0,0,0,0,0,0,0,0,0,0
procijeniti,0,0,0,0,0,0,0,0,0,0
procjena,0,0,0,0,0,0,0,0,1,1
procjenitelj,0,0,0,0,0,0,0,0,0,1
imovina,0,0,0,0,0,0,1,0,0,0
šupak,1,0,1,0,0,1,0,0,0,0
dodijeliti,0,0,0,0,0,0,0,0,0,0
opunomoćenik,0,0,0,0,0,0,0,0,0,1
zadatak,0,0,0,0,0,0,0,0,0,0
asimilirati se,0,0,0,0,0,0,0,0,0,0
asimilacija,0,0,0,0,0,0,0,0,0,0
pomoći,0,0,0,0,0,0,1,0,0,1
pomoć,0,0,0,0,0,0,1,0,0,0
asistent,0,0,0,0,0,0,0,0,0,0
suradnik,0,0,0,0,0,0,1,0,0,1
udruga,0,0,0,0,0,0,0,0,0,1
sortirano,0,0,0,0,0,0,0,0,0,0
asortiman,0,0,0,0,0,0,0,0,0,0
umiriti,0,0,0,0,0,0,1,0,0,0
pretpostavljeno,0,0,0,0,0,0,0,0,0,0
pretpostavljajući,0,0,0,0,0,0,0,0,0,0
pretpostavka,0,0,0,0,0,0,0,0,0,0
osiguranje,0,0,0,0,0,0,1,0,0,1
osigurati,0,0,0,0,0,0,0,0,0,1
osiguran,0,0,0,0,0,0,1,0,0,1
sigurno,0,0,0,0,0,0,0,0,0,1
zvjezdica,0,0,0,0,0,0,0,0,0,0
asteroidi,0,0,0,0,0,0,0,0,0,0
astigmatizam,0,0,0,0,0,0,0,0,0,0
zapanjujuće,0,0,0,0,0,0,1,0,1,0
zapanjenost,0,0,0,0,1,0,1,0,1,0
astralni,0,0,0,0,0,0,0,0,0,0
pogrešnim putem,0,0,0,1,0,1,0,0,0,0
opor,0,0,0,0,0,1,0,0,0,0
astrolog,0,1,0,0,0,0,1,0,0,0
astrologija,0,0,0,0,0,0,0,0,0,0
astronaut,0,0,0,0,0,0,1,0,0,0
astronom,0,1,0,0,0,0,1,0,0,0
astronomija,0,0,0,0,0,0,0,0,0,0
lukav,0,0,0,0,0,0,1,0,0,0
rastaviti,0,0,0,0,0,0,0,0,0,0
azil,0,0,0,1,0,1,0,0,0,0
asimetričan,0,0,0,0,0,0,0,0,0,0
asimetrija,0,0,1,0,0,0,0,0,0,0
asimptotski,0,0,0,0,0,0,0,0,0,0
atelje,0,0,0,0,0,0,0,0,0,0
ateizam,0,0,0,0,0,1,0,0,0,0
ateistički,0,0,0,0,0,0,0,0,0,0
ateroskleroza,0,0,0,1,0,1,0,1,0,0
sportaš,0,0,0,0,0,0,1,0,0,0
atletski,0,0,0,0,0,0,1,0,0,0
atletizam,0,0,0,0,0,0,0,0,0,0
atletika,0,0,0,0,0,0,0,0,0,0
atlas,0,0,0,0,0,0,0,0,0,0
atmosfera,0,0,0,0,0,0,0,0,0,0
atmosferski,0,0,0,0,0,0,0,0,0,0
atol,0,0,0,0,0,0,0,0,0,0
atom,0,0,0,0,0,0,1,0,0,0
atomski,0,0,0,0,0,0,0,0,0,0
iskupiti se,0,1,0,0,1,0,1,0,0,1
pokajanje,0,0,0,0,0,0,1,0,0,0
atrij,0,0,0,0,0,0,0,0,0,0
okrutan,1,0,1,0,0,1,0,0,0,0
grozota,1,0,1,1,0,1,0,1,0,0
atrofija,0,0,1,1,0,1,0,1,0,0
priložiti,0,0,0,0,0,0,0,0,0,0
privitak,0,0,0,0,0,0,1,0,0,0
napad,1,0,0,1,0,1,0,0,0,0
napadački,1,0,1,1,0,1,0,1,1,0
postići,0,0,0,0,0,0,0,0,0,0
ostvarljiv,0,1,0,0,0,0,1,0,0,0
postignuće,0,0,0,0,0,0,1,0,0,0
pokušaj,0,1,0,0,0,0,0,0,0,0
pohađanje,0,1,0,0,0,0,0,0,0,0
čuvar,0,0,0,0,0,0,1,0,0,1
pažnja,0,0,0,0,0,0,1,0,0,0
pažljiv,0,0,0,0,0,0,1,0,0,1
oslabiti,0,0,0,0,0,0,0,0,0,0
oslabljena,0,0,0,0,0,1,0,0,0,0
prigušenje,0,0,0,0,0,1,0,1,0,0
posvjedočiti,0,0,0,0,0,0,1,0,0,1
ovjeravanje,0,0,0,0,0,0,0,0,0,1
potkrovlje,0,0,0,0,0,0,0,0,0,0
odijevanje,0,0,0,0,0,0,0,0,0,0
stav,0,0,0,0,0,0,0,0,0,0
odvjetnik,1,0,0,1,0,0,1,0,0,1
privlačnost,0,0,0,0,0,0,1,0,0,0
atraktivnost,0,0,0,0,0,0,1,0,0,0
pripisiv,0,0,0,0,0,0,0,0,0,0
atribut,0,0,0,0,0,0,0,0,0,0
atribucija,0,0,0,0,0,0,0,0,0,0
trošenje,0,0,0,0,0,0,0,0,0,0
kestenjasta,0,0,0,0,0,0,0,0,0,0
aukcija,0,1,0,0,0,0,0,0,0,0
dražbovatelj,0,0,0,0,0,0,0,0,0,0
smion,0,0,0,0,0,0,0,0,0,0
smjelost,0,0,0,0,0,1,0,0,0,0
zvučni,0,0,0,0,0,0,0,0,0,0
publika,0,1,0,0,0,0,0,0,0,0
revizija,0,0,0,0,0,0,0,0,0,0
audicija,0,0,0,0,0,0,0,0,0,0
revizor,0,0,0,1,0,0,0,0,0,1
gledalište,0,0,0,0,0,0,0,0,0,0
gledaoci,0,0,0,0,0,0,0,0,0,0
ništa,0,0,0,0,0,0,0,0,0,0
povećati,0,0,0,0,0,0,1,0,0,0
povećanje,0,0,0,0,0,0,0,0,0,0
kolovoz,0,0,0,0,0,0,1,0,0,0
tetka,0,0,0,0,0,0,1,0,0,1
aura,0,0,0,0,0,0,1,0,0,0
polarna svjetlost,0,0,0,0,0,0,0,0,0,0
okrilje,0,0,0,0,0,0,0,0,0,0
povoljan,0,1,0,0,1,0,1,0,0,0
opor,0,0,0,1,0,1,0,1,0,0
strogosti,0,0,0,0,0,1,0,0,0,0
autentičan,0,0,0,0,1,0,1,0,0,1
ovjeriti,0,0,0,0,0,0,0,0,0,1
ovjera,0,0,0,0,0,0,0,0,0,1
autentičnost,0,0,0,0,0,0,1,0,0,1
Autor,0,0,0,0,0,0,1,0,0,1
autoritativan,0,0,0,0,0,0,1,0,0,1
vlast,0,0,0,0,0,0,1,0,0,1
ovlaštenje,0,0,0,0,0,0,1,0,0,1
odobriti,0,0,0,0,0,0,0,0,0,1
ovlašteni,0,0,0,0,0,0,1,0,0,0
autorstvo,0,0,0,0,0,0,0,0,0,0
auto,0,0,0,0,0,0,0,0,0,0
autobiografija,0,0,0,0,0,0,0,0,0,0
autokratski,0,0,0,0,0,1,0,0,0,0
autogram,0,0,0,0,0,0,0,0,0,0
automatski,0,0,0,0,0,0,0,0,0,1
automobil,0,0,0,0,0,0,0,0,0,0
autonomija,0,0,0,0,0,0,0,0,0,0
obdukcija,0,0,1,1,0,1,0,1,0,0
jesen,0,0,0,0,0,0,0,0,0,0
pomoćni,0,0,0,0,0,0,0,0,0,0
dobitak,0,0,0,0,0,0,0,0,0,0
lavina,0,0,0,1,0,1,0,1,1,0
škrtost,1,0,1,0,0,1,0,0,0,0
avatar,0,0,0,0,0,0,1,0,0,0
osvetnik,1,0,0,0,0,1,0,0,0,0
avenija,0,0,0,0,0,0,0,0,0,0
prosj,0,0,0,0,0,0,0,0,0,0
prosjek,0,0,0,0,0,0,0,0,0,0
nesklon,1,0,1,1,0,1,0,0,0,0
odbojnost,1,0,1,1,0,1,0,0,0,0
spriječiti,0,0,0,0,0,0,0,0,0,0
volijera,0,0,0,0,0,0,0,0,0,0
zrakoplovstvo,0,0,0,0,0,0,0,0,0,0
pilot,0,0,0,0,0,0,0,0,0,0
lakom,0,0,0,0,0,0,0,0,0,0
avokado,0,0,0,0,0,0,0,0,0,0
Izbjegavajte,0,0,0,1,0,1,0,0,0,0
izbjegavanje,0,0,0,1,0,1,0,0,0,0
izbjegavajući,0,0,0,1,0,0,0,0,0,0
čekati,0,1,0,0,0,0,0,0,0,0
osvijestiti,0,0,0,0,0,0,0,0,0,0
probuditi,0,0,0,0,0,0,0,0,0,0
dodijeliti,0,1,0,0,1,0,1,0,1,1
strahopoštovanje,0,0,0,0,0,0,0,0,0,0
grozno,1,0,1,1,0,1,0,1,0,0
nespretnost,0,0,1,0,0,1,0,0,0,0
nadstrešnica,0,0,0,0,0,0,0,0,0,0
krivo,0,0,0,0,0,1,0,0,0,0
aksijalni,0,0,0,0,0,0,0,0,0,0
aksiom,0,0,0,0,0,0,0,0,0,1
aksiomatski,0,0,0,0,0,0,0,0,0,1
os,0,0,0,0,0,0,0,0,0,0
osovina,0,0,0,0,0,0,0,0,0,0
da,0,0,0,0,0,0,1,0,0,0
da,0,0,0,0,0,0,1,0,0,0
azimut,0,0,0,0,0,0,0,0,0,0
plavetnilo,0,0,0,0,0,0,0,0,0,0
brbljati,0,0,0,0,0,1,0,0,0,0
brbljanje,0,0,0,0,0,1,0,0,0,0
babun,0,0,1,0,0,1,0,0,0,0
dijete,0,0,0,0,1,0,1,0,0,0
dadilja,0,0,0,0,0,0,0,0,0,1
bakalaureat,0,0,0,0,0,0,1,0,0,0
baccarat,0,0,0,0,0,0,0,0,0,0
neženja,0,0,0,0,0,0,0,0,0,0
leđa,0,0,0,0,0,0,0,0,0,0
okosnica,1,0,0,0,0,0,1,0,0,1
podupiratelj,0,0,0,0,0,0,0,0,0,1
povratni udarac,0,0,0,0,0,0,0,0,0,0
backgammon,0,0,0,0,0,0,0,0,0,0
pozadina,0,0,0,0,0,0,0,0,0,0
rovokopač,0,0,0,0,0,0,0,0,0,0
putnik s ruksakom,0,0,0,0,0,0,0,0,0,0
vratiti se unazad,0,0,0,0,0,0,0,0,0,0
unazad,0,0,0,0,0,1,0,0,0,0
unazad,0,0,1,0,0,1,0,0,0,0
rukavac,0,0,0,0,0,1,0,1,0,0
bakterije,0,0,1,1,0,1,0,1,0,0
bakterija,0,0,1,1,0,1,0,0,0,0
loše,1,0,1,1,0,1,0,1,0,0
Bedž,0,0,0,0,0,0,0,0,0,1
jazavac,1,0,0,0,0,1,0,0,0,0
Loše,0,0,0,0,0,1,0,1,0,0
zloća,1,0,1,1,0,1,0,0,0,0
zapreka,0,0,0,0,0,0,0,0,0,0
vrećica,0,0,0,0,0,0,0,0,0,0
prtljaga,0,0,0,0,0,0,0,0,0,0
vrećasto,0,0,0,0,0,0,0,0,0,0
gajde,0,0,0,0,0,0,0,0,0,0
jamčevina,0,0,0,0,0,0,0,0,0,0
sudski izvršitelj,0,0,0,1,0,1,0,0,0,1
mamac,0,0,0,1,0,1,0,0,0,1
peći,0,0,0,0,0,0,0,0,0,0
pekara,0,0,0,0,0,0,0,0,0,0
pečenje,0,0,0,0,0,0,0,0,0,0
bal,0,0,0,0,0,0,0,0,0,0
ravnoteža,0,0,0,0,0,0,1,0,0,0
uravnotežena,0,0,0,0,0,0,1,0,0,0
balkon,0,0,0,0,0,0,0,0,0,0
ćelav,0,0,0,0,0,0,0,0,0,0
bala,0,0,0,1,0,1,0,0,0,0
zadržavati,0,0,0,0,0,1,0,0,0,0
lopta,0,0,0,0,0,0,0,0,0,0
balada,0,0,0,0,0,0,1,0,0,0
balast,0,0,0,0,0,0,0,0,0,0
balet,0,0,0,0,0,0,1,0,0,0
balon,0,0,0,0,0,0,0,0,0,0
glasački listić,0,1,0,0,0,0,1,0,0,1
plesna dvorana,0,0,0,0,0,0,0,0,0,0
balzam,0,1,0,0,1,1,1,0,0,0
nježan,0,0,0,0,0,0,0,0,0,0
balsam,0,0,0,0,0,0,1,0,0,0
balzamični,0,0,0,0,0,0,0,0,0,0
zabrana,0,0,0,0,0,1,0,0,0,0
banana,0,0,0,0,0,0,0,0,0,0
bend,0,0,0,0,0,0,0,0,0,0
zavoj,0,0,0,0,0,0,0,0,0,0
bandit,0,0,0,0,0,1,0,0,0,0
bandwagon,0,0,0,0,0,0,0,0,0,0
otrov,1,0,1,1,0,1,0,0,0,0
prasak,1,0,1,1,0,1,0,1,1,0
udarač,1,1,0,1,0,1,0,0,1,0
protjerati,1,0,1,1,0,1,0,1,0,0
protjeran,1,0,0,1,0,1,0,1,0,0
progonstvo,1,0,1,0,0,1,0,1,0,0
bendžo,0,0,0,0,0,0,0,0,0,0
banka,0,0,0,0,0,0,0,0,0,1
bankar,0,0,0,0,0,0,0,0,0,1
bankrotirati,0,0,0,1,0,1,0,1,0,0
stečaj,1,0,1,1,0,1,0,1,0,0
transparent,0,0,0,0,0,0,0,0,0,0
banket,0,1,0,0,1,0,1,0,0,0
banshee,1,0,1,1,0,1,0,1,0,0
podsmijevati,0,0,0,0,0,0,0,0,0,0
krštenje,0,0,0,0,0,0,1,0,0,0
krsni,0,0,0,0,1,0,1,0,0,0
bar,0,0,0,0,0,0,0,0,0,0
bodlja,1,0,0,0,0,1,0,0,0,0
barbarin,0,0,0,1,0,1,0,0,0,0
barbarski,1,0,1,1,0,1,0,0,0,0
barbarstvo,0,0,0,0,0,1,0,0,0,0
roštilj,0,0,0,0,0,0,0,0,0,0
bodljikava,0,0,0,0,0,0,0,0,0,0
bard,0,0,0,0,0,0,1,0,0,0
bez sedla,0,0,0,0,0,0,0,0,0,0
bos,0,0,0,0,0,0,0,0,0,0
jedva,0,0,0,0,0,0,0,0,0,0
barf,0,0,1,0,0,0,0,0,0,0
cjenkati se,0,0,0,0,0,0,1,0,0,1
dereglija,0,0,0,0,0,0,0,0,0,0
bariton,0,0,0,0,0,0,0,0,0,0
kora,1,0,0,0,0,1,0,0,0,0
staja,0,0,0,0,0,0,0,0,0,0
Barney,0,0,0,0,0,0,0,0,0,0
barometar,0,0,0,0,0,0,0,0,0,0
barun,0,0,0,0,0,0,0,0,0,0
barokni,0,0,0,0,0,0,0,0,0,0
baraka,0,0,0,0,0,0,0,0,0,0
zabranjeno,0,0,0,0,0,1,0,0,0,0
barel,0,0,0,0,0,0,0,0,0,0
neplodan,0,0,0,0,0,1,0,1,0,0
barikada,0,0,0,1,0,1,0,0,0,0
prepreka,1,0,0,0,0,1,0,0,0,0
zabrana,0,0,0,0,0,0,0,0,0,0
odvjetnik,0,0,0,0,0,0,0,0,0,0
barrow,0,0,1,0,0,0,0,0,0,0
barmen,0,0,0,0,0,0,0,0,0,1
razmjena,0,0,0,0,0,0,0,0,0,1
baza,0,0,0,0,0,0,0,0,0,1
bejzbol,0,0,0,0,0,0,0,0,0,0
postolje,0,0,0,0,0,0,0,0,0,0
bez osnove,0,0,0,0,0,1,0,0,0,0
podrum,0,0,0,0,0,0,0,0,0,0
bazilika,0,0,0,0,0,0,0,0,0,0
umivaonik,0,0,0,0,0,0,0,0,0,0
osnova,0,0,0,0,0,0,0,0,0,0
uživati,0,0,0,0,0,0,0,0,0,0
košara,0,0,0,0,0,0,0,0,0,0
košarka,0,1,0,0,1,0,1,0,0,0
bas,0,0,0,0,0,0,0,0,0,0
baso,0,0,0,0,0,0,0,0,0,0
fagot,0,0,0,0,0,0,0,0,0,0
kopile,0,0,1,0,0,1,0,1,0,0
bastion,1,0,0,0,0,0,1,0,0,0
šišmiš,0,0,0,0,0,0,0,0,0,0
serija,0,0,0,0,0,0,0,0,0,0
doziranje,0,0,0,0,0,0,0,0,0,0
bate,0,0,0,0,0,0,0,0,0,0
kupka,0,0,0,0,0,0,1,0,0,0
kupati se,0,0,0,0,0,0,0,0,0,0
kupaonica,0,0,0,0,0,0,0,0,0,0
batimetrija,0,0,0,0,0,0,0,0,0,0
palica,0,0,0,0,0,0,0,0,0,0
bojne,1,0,0,0,0,0,0,0,0,0
tijesto,1,0,0,1,0,1,0,0,0,0
pohaban,0,0,0,1,0,1,0,1,0,0
baterija,1,0,0,0,0,1,0,0,0,0
bitka,1,0,0,0,0,1,0,0,0,0
borio se,1,0,0,1,0,1,0,1,0,0
bojno polje,0,0,0,1,0,1,0,0,0,0
bezobrazan,0,0,0,0,0,1,0,0,0,0
zaljev,0,0,0,0,0,0,0,0,0,0
bajonet,1,0,0,1,0,1,0,0,0,0
riječni rukavac,0,0,0,0,0,0,0,0,0,0
bazar,0,0,0,0,0,0,0,0,0,0
plaža,0,0,0,0,1,0,0,0,0,0
svjetionik,0,0,0,0,0,0,0,0,0,0
perla,0,0,0,0,0,0,0,0,0,0
perlanje,0,0,0,0,0,0,0,0,0,0
kuglice,0,0,0,0,0,0,0,0,0,0
bigl,0,0,0,0,0,0,0,0,0,0
kljun,0,0,0,0,0,0,0,0,0,0
menzura,0,0,0,0,0,0,0,0,0,0
greda,0,0,0,0,1,0,1,0,0,0
ozaren,0,1,0,0,1,0,1,0,0,0
snositi,1,0,0,1,0,0,0,0,0,0
brada,0,0,0,0,0,0,0,0,0,0
bradati,0,0,0,0,0,0,0,0,0,0
nositelj,0,0,0,0,0,1,0,0,0,0
ležaj,0,0,0,0,0,0,0,0,0,0
ležajevi,0,0,0,0,0,0,0,0,0,0
medvjedast,1,0,0,1,0,0,0,0,0,0
zvijer,1,0,0,1,0,1,0,0,0,0
životinjski,0,0,1,1,0,1,0,0,0,0
pobijediti,0,0,0,0,0,0,0,0,0,0
premlaćivanje,1,0,0,1,0,1,0,1,0,0
dečko,0,0,0,0,0,0,0,0,0,0
uljepšavanje,0,0,0,0,1,0,1,0,0,1
lijep,0,0,0,0,1,0,1,0,0,0
uljepšati,0,0,0,0,1,0,1,0,0,0
ljepota,0,0,0,0,1,0,1,0,0,0
beck,0,0,0,0,0,0,0,0,0,0
mamiti,0,0,0,0,0,0,0,0,0,0
krevet,0,0,0,0,0,0,0,0,0,0
krevetnina,0,0,0,0,0,0,0,0,0,0
temelj,0,0,0,0,0,0,1,0,0,1
spavaća soba,0,0,0,0,0,0,0,0,0,0
vrijeme za spavanje,0,0,0,0,0,0,0,0,0,0
pčela,1,0,0,1,0,0,0,0,0,0
govedina,0,0,0,0,0,0,0,0,0,0
pčelinjak,0,0,0,0,0,0,0,0,0,0
pivo,0,0,0,0,1,0,1,0,0,0
vosak,0,0,0,0,0,0,0,0,0,0
buba,0,0,0,0,0,0,0,0,0,0
zadesiti,0,0,0,0,0,1,0,0,0,0
pristajući,0,0,0,0,0,0,1,0,0,0
sprijateljiti se,0,0,0,0,1,0,1,0,0,1
moliti,0,0,0,0,0,1,0,1,0,0
prosjak,0,0,0,0,0,1,0,1,0,0
prosjačenje,0,0,0,0,0,1,0,0,0,0
početi,0,0,0,0,0,0,0,0,0,0
početnik,0,0,0,0,0,0,0,0,0,0
početak,0,0,0,0,0,0,0,0,0,0
započeto,0,1,0,0,0,0,0,0,0,0
ponašanje,0,0,0,0,0,0,0,0,0,0
behemot,0,0,0,1,0,1,0,0,0,0
zapovijed,0,0,0,0,0,0,0,0,0,0
gle,0,0,0,0,0,0,0,0,0,0
dužan,0,0,0,0,0,1,0,0,0,0
promatrač,0,0,0,0,0,0,0,0,0,0
zakašnjelo,0,0,0,0,0,1,0,0,0,0
osiguranje,0,0,0,0,0,0,0,0,0,0
vjerovanje,0,0,0,0,0,0,0,0,0,0
vjerovao,0,0,0,0,0,0,0,0,0,1
vjernik,0,0,0,0,0,0,0,0,0,1
vjerujući,0,0,0,0,0,0,1,0,0,1
omalovažavati,1,0,1,1,0,1,0,1,0,0
zvono,0,0,0,0,0,0,0,0,0,0
ratoboran,1,0,0,1,0,1,0,0,0,0
ispod,0,0,0,0,0,0,0,0,0,0
mijehovi,1,0,0,0,0,0,0,0,0,0
trbuh,0,0,0,0,0,0,0,0,0,0
stvari,0,0,0,0,0,0,0,0,0,0
pojas,1,0,0,1,0,1,0,0,0,0
zbunjen,0,0,0,0,0,0,0,0,0,0
klupa,0,0,0,0,0,0,0,0,0,0
saviti se,0,0,0,0,0,0,0,0,0,0
savijač,0,0,0,0,0,1,0,0,0,0
savijanje,0,0,0,0,0,0,0,0,0,0
ispod,0,0,0,0,0,0,0,0,0,0
dobrotvor,0,0,0,0,0,0,1,0,0,1
blagotvorno,0,0,0,0,0,0,1,0,0,0
korisnik,0,0,0,0,0,0,0,0,0,0
korist,0,0,0,0,0,0,1,0,0,0
dobronamjernost,0,0,0,0,1,0,1,0,0,1
benigni,0,0,0,0,1,0,1,0,0,0
savijena,0,0,0,0,0,0,0,0,0,0
benzen,0,0,0,0,0,0,0,0,0,0
oporučiti,0,0,0,0,0,0,0,0,0,0
ostavina,0,0,0,0,0,0,0,0,0,1
ožalošćeni,0,0,0,0,0,1,0,1,0,0
težak gubitak,0,0,0,0,0,1,0,1,0,0
lišeni,0,0,0,0,0,1,0,0,0,0
bergamot,0,0,0,0,0,0,0,0,0,0
Berlin,0,0,0,0,0,0,0,0,0,0
mahnit,1,0,0,0,0,1,0,0,0,0
vez,0,0,0,0,0,0,1,0,0,0
moliti,0,0,0,0,0,0,0,0,0,0
opsjedati,0,0,0,0,0,0,0,0,0,0
zvjerski,0,0,1,1,0,1,0,0,0,0
darovati,0,0,0,0,0,0,0,0,0,0
kladiti se,0,0,0,0,0,0,0,0,0,0
izdati,1,0,1,0,0,1,0,1,1,0
izdaja,1,0,1,0,0,1,0,1,0,0
zaručnica,0,1,0,0,1,0,1,0,0,1
poboljšanje,0,0,0,0,0,0,1,0,0,0
klađenje,0,0,0,0,0,0,0,0,0,0
betty,0,0,0,0,0,0,0,0,0,0
skositi,0,0,0,0,0,0,0,0,0,0
piće,0,0,0,0,0,0,1,0,0,0
jato,0,0,0,0,0,0,0,0,0,0
čuvajte se,0,1,0,1,0,1,0,0,0,0
zbunjen,0,0,0,1,0,1,0,0,1,0
zbunjenost,0,0,0,1,0,0,0,0,1,0
pristranost,1,0,0,0,0,1,0,0,0,0
pristran,0,0,0,0,0,1,0,0,0,0
bib,0,0,0,0,0,0,0,0,0,0
biblijski,0,0,0,0,0,0,1,0,0,0
bibliografija,0,0,0,0,0,0,0,0,0,0
prepirka,1,0,1,0,0,1,0,0,0,0
dvobojni,0,0,0,0,0,0,0,0,0,0
bicikl,0,0,0,0,0,0,0,0,0,0
ponuda,0,0,0,0,0,0,0,0,0,0
ponuditelj,0,0,0,0,0,0,0,0,0,0
nadmetanje,0,0,0,0,0,0,0,0,0,0
dvogodišnji,0,1,0,0,0,0,0,0,0,0
odar,0,0,0,1,0,1,0,1,0,0
bifurkacija,0,0,0,0,0,0,0,0,0,0
velik,0,0,0,0,0,0,0,0,0,0
fanatik,1,0,1,1,0,1,0,0,0,0
netrpeljiv,1,0,1,1,0,1,0,1,0,0
bicikl,0,0,0,0,0,0,0,0,0,0
bilateralni,0,0,0,0,0,0,0,0,0,0
dvoslojni,0,0,0,0,0,0,0,0,0,0
žuč,1,0,1,0,0,1,0,0,0,0
kaljuža,0,0,0,0,0,0,0,0,0,0
bilingvalni,0,0,0,0,0,0,1,0,0,0
račun,0,0,0,0,0,0,0,0,0,0
gredica,0,0,0,0,0,0,0,0,0,0
biljar,0,0,0,0,0,0,0,0,0,0
milijardi kuna,0,0,0,0,0,0,0,0,0,0
billy,0,0,0,0,0,0,0,0,0,0
dvomjesečno,0,0,0,0,0,0,0,0,0,0
kanta za smeće,0,0,0,0,0,0,0,0,0,0
binarni,0,0,0,0,0,0,0,0,0,0
vezati,0,0,0,0,0,0,0,0,0,0
vezivnica,0,0,0,0,0,0,0,0,0,0
vezanje,0,0,0,0,0,0,0,0,0,0
bing,0,0,0,0,0,0,0,0,0,0
dalekozor,0,0,0,0,0,0,0,0,0,0
dvogled,0,0,0,0,0,0,0,0,0,0
binomni,0,0,0,0,0,0,0,0,0,0
biogeneza,0,0,0,0,0,0,0,0,0,0
biograf,0,0,0,0,0,0,0,0,0,0
biografija,0,0,0,0,0,0,0,0,0,0
biologija,0,0,0,0,0,0,0,0,0,0
biopsija,0,0,0,1,0,1,0,0,0,0
biosfera,0,0,0,0,0,0,0,0,0,0
bipartitan,0,0,0,0,0,0,0,0,0,0
breza,1,0,1,1,0,1,0,0,0,0
ptica,0,0,0,0,0,0,0,0,0,0
rođenje,0,1,0,1,1,0,1,0,0,1
rođendan,0,1,0,0,1,0,1,0,1,0
mjesto rođenja,1,0,0,0,0,1,0,0,0,0
pravo rođenja,0,0,0,0,0,0,0,0,0,0
bis,0,0,0,0,0,0,0,0,0,0
biskup,0,0,0,0,0,0,0,0,0,0
bizon,0,0,0,0,0,0,0,0,0,0
malo,0,0,0,0,0,0,0,0,0,0
kuja,1,0,1,1,0,1,0,1,0,0
ugristi,0,0,0,0,0,1,0,0,0,0
gorko,1,0,1,0,0,1,0,1,0,0
gorčina,1,0,1,0,0,1,0,1,0,0
bitumen,0,0,0,0,0,0,0,0,0,0
dvotjednik,0,0,0,0,0,0,0,0,0,0
bizaran,0,0,0,0,0,1,0,0,1,0
kupina,0,0,0,0,0,0,0,0,0,0
ploča,0,0,0,0,0,0,0,0,0,0
mješina,0,0,0,0,0,1,0,0,0,0
ucjena,1,0,0,1,0,1,0,0,0,0
crnilo,0,0,0,1,0,1,0,1,0,0
Kovač,0,0,0,0,0,0,0,0,0,0
mjehur,0,0,0,0,0,0,0,0,0,0
oštrica,0,0,0,0,0,0,0,0,0,0
kriviti,1,0,1,0,0,1,0,0,0,0
besprijekoran,0,0,0,0,0,0,1,0,0,0
bljutavo,0,0,0,0,0,1,0,0,0,0
prazan,0,0,0,0,0,0,0,0,0,0
pokrivač,0,0,0,0,0,0,0,0,0,1
bogohulan,1,0,1,0,0,1,0,0,0,0
bogohuljenje,1,0,0,0,0,1,0,0,0,0
eksplozija,1,0,0,1,0,1,0,0,1,0
besraman,1,0,1,0,0,1,0,0,0,0
brbljanje,0,0,0,0,0,1,0,0,0,0
plamen,1,0,0,0,0,1,0,0,0,0
plamteći,0,0,0,0,0,0,0,0,0,0
izbjeljivač,0,0,0,0,0,0,0,0,0,0
sumoran,0,0,0,0,0,1,0,1,0,0
krvarenje,0,0,1,1,0,1,0,1,0,0
mrlja,1,0,1,1,0,1,0,1,0,0
mješavina,0,0,0,0,0,0,0,0,0,0
miješanje,0,0,0,0,0,0,0,0,0,0
blagosloviti,0,1,0,0,1,0,1,0,0,1
blagoslovljen,0,0,0,0,1,0,1,0,0,0
blagoslov,0,1,0,0,1,0,1,0,0,1
blagoslovi,0,1,0,0,1,0,1,0,1,1
štetočina,0,0,1,1,0,1,0,1,0,0
pokvaren,0,0,1,0,0,1,0,1,0,0
zaslijepljena,0,0,0,0,0,1,0,0,0,0
povez preko očiju,0,1,0,1,0,0,0,0,1,0
zavezanih očiju,0,0,0,0,0,0,0,0,0,0
slijepo,0,0,0,0,0,1,0,1,0,0
sljepoća,0,0,0,0,0,1,0,1,0,0
treptati,0,0,0,0,0,0,0,0,0,0
blaženstvo,0,0,0,0,1,0,1,0,0,0
blažen,0,0,0,0,1,0,1,0,0,0
žulj,0,0,1,0,0,1,0,0,0,0
blitz,0,0,0,0,0,0,0,0,1,0
mećava,0,0,0,0,0,0,0,0,0,0
otečen,0,0,1,0,0,1,0,0,0,0
mrlja,0,0,1,1,0,1,0,0,0,0
blok,0,0,0,0,0,0,0,0,0,0
blokada,1,0,0,1,0,1,0,1,0,0
plavuša,0,0,0,0,0,0,0,0,0,0
krv,0,0,0,0,0,0,0,0,0,0
krvosljednik,0,0,0,0,0,0,0,0,0,0
bez krvi,0,0,0,0,0,0,1,0,0,0
krvoproliće,1,0,1,1,0,1,0,1,1,0
krvoločan,1,0,1,1,0,1,0,0,0,0
krvavi,1,0,1,1,0,1,0,1,0,0
cvjetati,0,1,0,0,1,0,1,0,0,1
cvijet,0,0,0,0,1,0,1,0,0,0
mrlja,0,0,0,0,0,1,0,0,0,0
bluza,0,0,0,0,0,0,0,0,0,0
puhalo,0,0,0,0,0,1,0,0,0,0
puhanje,0,0,0,0,0,0,0,0,0,0
ispuhan,0,0,0,0,0,0,0,0,0,0
ispuhati,0,0,0,0,0,1,0,0,0,0
plava,0,0,0,0,0,0,0,1,0,0
blues,0,0,0,1,0,1,0,1,0,0
blef,0,0,0,0,0,1,0,0,0,0
plavkasto,0,0,0,0,0,0,0,0,0,0
greška,0,0,1,0,0,1,0,1,0,0
tup,0,0,0,0,0,0,0,0,0,0
zamutiti,0,0,0,0,0,1,0,0,0,0
zamagljen,0,0,0,0,0,1,0,0,0,0
rumenilo,0,0,0,0,0,1,0,0,0,0
pocrvenjevši,0,0,0,0,0,0,0,0,0,0
boa,0,0,0,0,0,0,0,0,0,0
vepar,0,0,0,0,0,0,0,0,0,0
odbor,0,1,0,0,0,0,0,0,0,0
podstanar,0,0,0,0,0,0,0,0,0,0
ukrcaj,0,0,0,0,0,0,0,0,0,0
ploče,0,0,0,0,0,0,0,0,0,0
hvaliti se,0,0,0,0,0,1,1,0,0,0
razmetanje,0,0,0,0,0,1,0,0,0,0
čamac,0,0,0,0,0,0,0,0,0,0
vožnja čamcem,0,0,0,0,0,0,0,0,0,0
špulica,0,0,0,0,0,0,0,0,0,0
slutiti,0,0,0,0,0,0,0,0,0,0
steznik,0,0,0,0,0,0,0,0,0,0
tjelesno,0,0,0,0,0,0,0,0,0,0
tijelo,0,0,0,0,0,0,0,0,0,0
tjelohranitelj,0,0,0,0,0,0,1,0,0,1
močvara,0,0,0,0,0,1,0,0,0,0
lažni,1,0,1,0,0,1,0,0,0,0
kuhati,0,0,1,0,0,1,0,0,0,0
bojler,0,0,0,0,0,0,0,0,0,0
predložak,0,0,0,0,0,1,0,0,0,0
ključanje,0,0,0,0,0,0,0,0,0,0
bučan,1,1,0,0,1,1,1,0,0,0
podebljano,0,0,0,0,0,0,1,0,0,0
smjelost,0,0,0,0,0,0,1,0,0,0
poduprijeti,0,0,0,0,0,0,1,0,0,0
vijak,0,0,0,0,0,0,0,0,0,0
bolus,0,0,0,0,0,0,0,0,0,0
bomba,1,0,0,1,0,1,0,1,1,0
bombardirati,1,0,0,1,0,1,0,0,0,0
bombardiranje,1,0,0,1,0,1,0,0,0,0
bombardiran,0,0,1,0,0,1,0,0,0,0
bombarder,0,0,0,1,0,0,0,1,0,0
bonanza,0,0,0,0,1,0,1,0,0,0
veza,0,0,0,0,0,0,0,0,0,0
ropstvo,0,0,0,1,0,1,0,1,0,0
obveznice,0,0,0,0,0,1,0,0,0,0
kost,0,0,0,0,0,0,0,0,0,0
neuspjeh,0,0,0,0,0,0,0,0,0,0
kosti,0,0,0,0,0,0,0,0,0,0
lomača,0,0,0,0,0,0,0,0,0,0
bonne,0,0,0,0,0,0,1,0,0,0
hauba,0,0,0,0,0,0,0,0,0,0
bonus,0,1,0,0,1,0,1,0,1,0
koščat,0,0,0,0,0,0,0,0,0,0
buu,0,0,0,0,0,1,0,0,0,0
sisa,0,0,0,0,0,0,0,0,0,0
bluna,0,0,0,0,0,1,0,0,0,0
knjiga,0,0,0,0,0,0,0,0,0,0
polica za knjige,0,0,0,0,0,0,0,0,0,0
rezervacija,0,0,0,0,0,0,0,0,0,0
knjiški,0,0,0,0,0,0,1,0,0,0
knjigovođa,0,0,0,0,0,0,0,0,0,0
knjigovodstvo,0,0,0,0,0,0,0,0,0,0
knjižica,0,0,0,0,0,0,0,0,0,0
knjige,0,0,0,0,0,0,0,0,0,0
knjižar,0,0,0,0,0,0,0,0,0,0
knjižara,0,0,0,0,0,0,1,0,0,0
knjižara,0,0,0,0,0,0,0,0,0,0
knjiški moljac,0,0,0,0,0,1,1,0,0,0
bumerang,0,1,0,0,0,0,0,0,0,1
gromak,0,0,0,0,0,0,0,0,0,0
blagodat,0,0,0,0,0,0,1,0,0,0
pojačati,0,0,0,0,0,0,0,0,0,0
pojačivač,0,0,0,0,0,0,0,0,0,0
čizma,0,0,0,0,0,0,0,0,0,0
štand,0,0,0,0,0,0,0,0,0,0
čizme,0,0,0,0,0,0,0,0,0,0
plijen,0,0,0,0,0,0,0,0,0,0
cuga,0,0,0,0,0,1,0,0,0,0
granica,0,0,0,0,0,0,0,0,0,0
graničeći,0,0,0,0,0,0,0,0,0,0
dosaditi,0,0,0,0,0,1,0,0,0,0
sjeverni,0,0,0,0,0,0,0,0,0,0
dosada,0,0,0,0,0,1,0,1,0,0
bušilica,0,0,0,0,0,0,0,0,0,0
dosadno,0,0,0,0,0,1,0,0,0,0
općina,0,0,0,0,0,0,0,0,0,0
posuditi,0,0,0,0,0,0,0,0,0,0
zajmoprimac,0,0,0,0,0,1,0,0,0,0
grudi,0,0,0,0,0,0,0,0,0,0
šef,0,0,0,0,0,0,0,0,0,0
Boston,0,0,0,0,0,0,0,0,0,0
botanički,0,0,0,0,0,0,0,0,0,0
botaničar,0,0,0,0,0,0,0,0,0,0
botanika,0,0,0,0,0,0,0,0,0,0
gnjaviti,0,0,0,0,0,1,0,0,0,0
smetajući,1,0,0,0,0,1,0,1,0,0
boca,0,0,0,0,0,0,0,0,0,0
dno,0,0,0,0,0,1,0,1,0,0
bez dna,0,0,0,1,0,0,0,0,0,0
kamena gromada,0,0,0,0,0,0,0,0,0,0
odskakivati,0,0,0,0,0,0,0,0,0,0
vezan,0,0,0,0,0,1,0,0,0,0
granica,0,0,0,0,0,0,0,0,0,0
bezgraničan,0,0,0,0,0,0,0,0,0,0
granice,0,0,0,0,0,0,0,0,0,0
izdašan,0,1,0,0,1,0,1,0,0,0
nagrada,0,1,0,0,1,0,1,0,0,1
buket,0,0,0,0,1,0,1,0,0,1
buržujski,0,0,0,0,0,0,0,0,0,0
buržoazija,0,0,0,0,0,0,0,0,0,0
burza,0,0,0,0,0,0,0,0,0,0
nastup,1,0,0,0,0,1,0,0,0,0
volovski,0,0,1,0,0,1,0,0,0,0
naklonio se,0,0,0,0,0,0,0,0,0,0
crijeva,0,0,1,0,0,0,0,0,0,0
zdjela,0,0,0,0,0,0,0,0,0,0
zdjele,0,0,0,0,0,0,0,0,0,0
kutija,0,0,0,0,0,0,0,0,0,0
bokser,0,0,0,0,0,0,0,0,0,0
boks,1,0,0,0,0,0,0,0,0,0
bojkot,0,0,0,0,0,1,0,0,0,0
djetinjstvo,0,0,0,0,0,0,0,0,0,0
dječački,0,0,0,0,0,0,0,0,0,0
potpora,0,0,0,0,0,0,0,0,0,0
narukvica,0,0,0,0,0,0,0,0,0,0
naramenice,0,0,0,0,0,0,0,0,0,0
brahijalni,0,0,0,0,0,0,0,0,0,0
zagrada,0,0,0,0,0,0,0,0,0,0
zagrade,0,0,0,0,0,0,0,0,0,0
boćat,0,0,0,0,0,0,0,0,0,0
hrabar,0,0,0,0,0,0,0,0,0,0
hvaliti se,0,0,0,0,0,1,0,0,0,0
pletenica,0,0,0,0,0,0,0,0,0,0
mozak,0,0,0,0,0,0,0,0,0,0
mozgovi,0,0,0,0,0,0,1,0,0,0
ideja,0,0,0,0,0,0,0,0,0,0
kočnica,0,0,0,0,0,0,0,0,0,0
mekinje,0,0,1,0,0,0,0,0,0,0
podružnica,0,0,0,0,0,0,0,0,0,0
grananje,0,0,0,0,0,0,0,0,0,0
rakija,0,0,0,0,0,1,0,0,0,0
mjed,0,0,0,0,0,0,0,0,0,0
derište,0,0,0,0,0,0,0,0,0,0
razmetanje hrabrošću,0,0,0,0,0,1,0,0,0,0
hrabrost,0,0,0,0,0,0,1,0,0,0
svađa,1,0,1,1,0,1,0,0,0,0
drsko,1,0,0,0,0,1,0,0,0,0
kršenje,0,0,0,0,0,1,0,0,0,0
kruh,0,0,0,0,0,0,0,0,0,0
širina,0,0,0,0,0,0,0,0,0,0
pauza,0,0,0,0,0,0,0,0,1,0
lomljiv,0,0,0,0,0,0,0,0,0,0
slom,0,0,0,0,0,1,0,0,0,0
prekidač,0,0,0,0,0,0,0,0,0,0
razbijači,0,0,0,0,0,0,0,0,0,0
doručak,0,0,0,0,0,0,1,0,0,0
opasan,0,0,0,0,0,1,0,0,0,0
prekinuti,0,0,0,0,0,1,0,1,0,0
dah,0,0,0,0,0,0,0,0,0,0
zadak,0,0,0,0,0,0,0,0,0,0
hlače,0,0,0,0,0,0,0,0,0,0
vrsta,0,0,0,0,0,0,0,0,0,0
uzgajivač,0,0,0,0,0,0,0,0,0,0
rasplod,0,0,0,0,0,0,0,0,0,0
povjetarac,0,0,0,0,0,0,0,0,0,0
vjetrovit,0,0,0,0,0,0,0,0,0,0
braća,0,0,0,0,0,0,0,0,0,0
breve,0,0,0,0,0,0,0,0,0,0
kratkoća,0,0,0,0,0,0,0,0,0,0
skuhati,0,0,0,0,0,0,0,0,0,0
kuhanje piva,0,0,0,0,0,0,0,0,0,0
mito,0,0,0,0,0,1,0,0,0,0
podmićivanje,0,0,1,0,0,1,0,0,0,0
cigla,0,0,0,0,0,0,0,0,0,0
svadbeni,0,1,0,0,1,0,1,0,0,1
nevjesta,0,1,0,0,1,0,1,0,0,1
mladoženja,0,1,0,0,1,0,1,0,0,1
djeveruša,0,0,0,0,1,0,1,0,0,1
most,0,0,0,0,0,0,0,0,0,0
zauzdati,0,0,0,0,0,0,0,0,0,0
kratko,0,0,0,0,0,0,0,0,0,0
brig,0,0,0,0,0,0,0,0,0,0
brigada,0,0,0,1,0,1,0,0,0,0
posvijetliti,0,0,0,0,1,0,1,0,1,1
svjetlina,0,0,0,0,0,0,1,0,0,0
briljantan,0,1,0,0,1,0,1,0,0,1
obod,0,0,0,0,0,0,0,0,0,0
prepun,0,0,0,0,0,0,0,0,0,0
sumpor,1,0,0,1,0,1,0,0,0,0
salamura,0,0,0,0,0,0,0,0,0,0
donijeti,0,0,0,0,0,0,0,0,0,0
rub,0,0,0,0,0,0,0,0,0,0
žustar,0,0,0,0,0,0,0,0,0,0
čekinja,0,0,0,0,0,1,0,0,0,0
lomljiv,0,0,0,0,0,0,0,0,0,0
emitirati,0,0,0,0,0,0,0,0,0,0
široka strana,0,1,0,0,0,1,0,0,0,0
brokat,0,0,0,0,0,0,1,0,0,0
brošura,0,0,0,0,0,0,0,0,0,0
svađa,1,0,0,0,0,1,0,0,0,0
slomljena,0,0,0,1,0,1,0,1,0,0
slomljen,1,0,0,1,0,1,0,1,0,0
posrednik,0,0,0,0,0,0,0,0,0,0
posredovanje,0,0,0,0,0,0,0,0,0,0
divlji konj,0,0,0,0,0,0,0,0,0,0
bronca,0,0,0,0,0,0,0,0,0,0
leglo,0,0,0,0,0,0,0,0,0,0
mrzovoljan,0,0,0,0,0,0,0,0,0,0
potok,0,0,0,0,0,0,0,0,0,0
metla,0,0,0,0,0,0,0,0,0,0
bujon,0,0,0,0,0,0,0,0,0,0
bordel,0,0,1,0,0,1,0,0,0,0
brat,0,0,0,0,0,0,1,0,0,1
bratstvo,0,0,0,0,0,0,1,0,0,1
bratski,0,1,0,0,1,0,1,0,0,1
obrva,0,0,0,0,0,0,0,0,0,0
smeđa,0,0,0,0,0,0,0,0,0,0
modrica,0,1,0,0,0,1,0,0,0,0
crnka,0,0,0,0,0,0,0,0,0,0
težište,1,0,0,0,0,1,0,0,0,0
četka,0,0,0,0,0,0,0,0,0,0
brutalan,1,0,0,1,0,1,0,0,0,0
brutalnost,1,0,0,1,0,1,0,0,0,0
grubijan,1,0,0,1,0,1,0,1,0,0
mjehurić,0,0,0,0,0,0,0,0,0,0
mjehurićima,0,0,0,0,0,0,0,0,0,0
mužjak,0,0,0,1,0,1,1,0,1,0
kanta,0,0,0,0,0,0,0,0,0,0
kopča,0,0,0,0,0,0,0,0,0,0
zakopčan,0,0,0,0,0,0,0,0,0,0
pupoljak,0,0,0,0,0,0,0,0,0,0
prijatelj,0,1,0,0,1,0,1,0,0,1
mrdnuti,0,0,0,0,0,0,0,0,0,0
proračun,0,0,0,0,0,0,0,0,0,1
bivol,0,0,0,0,0,0,0,0,0,0
pufer,0,0,0,0,0,0,0,0,0,0
švedski stol,1,0,0,0,0,1,0,0,0,0
buba,0,0,1,1,0,1,0,0,0,0
bauk,1,0,0,1,0,1,0,1,0,0
lud,0,0,0,0,0,0,0,0,0,0
truba,0,1,0,0,0,0,0,0,0,0
izgraditi,0,0,0,0,0,0,1,0,0,0
graditelj,0,0,0,0,0,0,0,0,0,0
zgrada,0,0,0,0,0,0,1,0,0,0
građevine,0,0,0,0,0,0,0,0,0,0
žarulja,0,0,0,0,0,0,0,0,0,0
lukovičasta,0,0,0,0,0,1,0,0,0,0
oticati,0,0,0,0,0,0,0,0,0,0
rasuti,0,0,0,0,0,0,0,0,0,0
pregrada,0,0,0,0,0,0,0,0,0,0
glomazan,0,0,0,0,0,0,0,0,0,0
bik,0,0,0,0,0,0,0,0,0,0
buldog,0,0,0,0,0,0,1,0,0,0
buldožer,0,0,0,0,0,0,0,0,0,0
metak,0,0,0,0,0,0,0,0,0,0
bilten,0,0,0,0,0,0,0,0,0,0
otporan na metke,0,0,0,0,0,0,1,0,0,0
junac,0,0,0,0,0,0,0,0,0,0
zlostavljati,1,0,0,1,0,1,0,0,0,0
bedem,0,0,0,0,0,0,0,0,0,0
tumaralo,0,0,1,0,0,1,0,1,0,0
nevaljalo,1,0,1,0,0,1,0,0,0,0
kvrga,0,0,0,0,0,0,0,0,0,0
punđa,0,0,0,0,0,0,0,0,0,0
mnogo,0,0,0,0,0,0,0,0,0,0
paket,0,0,0,0,0,0,0,0,0,0
bungalov,0,0,0,0,0,0,0,0,0,0
krevet na kat,0,0,0,0,0,0,0,0,0,0
bunker,0,0,0,1,0,0,0,0,0,0
bunt,0,0,0,0,0,0,0,0,0,0
plutača,0,0,0,0,0,0,1,0,0,0
uzgon,0,0,0,0,0,0,0,0,0,0
bur,0,0,0,0,0,0,0,0,0,0
teret,0,0,0,0,0,0,0,0,0,0
opterećujući,0,0,0,1,0,1,0,1,0,0
zavod,0,0,0,0,0,0,0,0,0,0
birokratija,0,0,0,0,0,1,0,0,0,1
birokrata,0,0,1,0,0,1,0,0,0,0
provalnik,0,0,1,1,0,1,0,0,0,0
provala,0,0,0,0,0,1,0,0,0,0
ukop,1,0,0,1,0,1,0,1,0,0
pokopan,0,0,0,1,0,1,0,1,0,0
burke,1,0,1,1,0,1,0,1,0,0
juta,0,0,0,0,0,0,0,0,0,0
burleska,0,0,0,0,0,0,0,0,1,0
krupan,0,0,0,0,0,0,0,0,0,0
spaliti,0,0,0,0,0,0,0,0,0,0
plamenik,0,0,0,0,0,0,0,0,0,0
gori,0,0,0,0,0,0,0,0,0,0
brunirana,0,0,0,0,0,0,0,0,0,0
izgorjeti,0,0,0,0,0,0,0,0,0,0
spaljena,0,0,1,0,0,1,0,0,0,0
čičak,0,0,0,0,0,0,0,0,0,0
jazbina,0,0,0,0,0,0,0,0,0,0
stipendija,0,0,0,0,0,0,0,0,0,1
zakopati,0,0,0,0,0,0,0,1,0,0
autobus,0,0,0,0,0,0,0,0,0,0
grm,0,0,0,0,0,0,0,0,0,0
bušel,0,0,0,0,0,0,0,0,0,0
grmovit,0,0,0,0,0,0,0,0,0,0
poslovanje,0,0,0,0,0,0,0,0,0,0
poljubac,0,0,0,0,1,0,1,0,0,0
poprsje,0,0,0,0,0,0,0,0,0,0
uhvaćen,1,0,0,1,0,1,0,0,0,0
žuriti,0,0,0,0,0,0,0,0,0,0
užurban,0,0,0,0,0,0,0,0,0,0
zaposlen,0,0,0,0,0,0,0,0,0,0
butan,0,0,0,0,0,0,0,0,0,0
mesar,1,0,1,1,0,1,0,0,0,0
batler,0,0,0,0,0,0,1,0,0,1
kundak,0,0,0,0,0,1,0,0,0,0
maslac,0,0,0,0,0,0,0,0,0,0
leptir,0,0,0,0,0,0,0,0,0,0
mastan,0,0,0,0,0,0,1,0,0,0
zadnjica,0,0,0,0,0,0,0,0,0,0
dugme,0,0,0,0,0,0,0,0,0,0
kontrafor,0,0,0,0,0,0,0,0,0,0
prsasta,0,0,0,0,0,0,1,0,0,0
kupiti,0,0,0,0,0,0,0,0,0,0
kupac,0,0,0,0,0,0,0,0,0,0
kupnja,0,0,0,0,0,0,0,0,0,0
zujati,0,1,0,1,0,0,1,0,0,0
zujalo,0,0,0,0,0,1,0,0,0,0
zujalica,0,0,0,0,0,0,0,0,0,0
Pozdrav,0,1,0,0,0,0,0,0,0,0
davni,0,0,0,0,0,0,0,0,0,0
podzakonski akt,0,0,0,0,0,0,0,0,0,1
namjernik,0,0,0,0,0,0,0,0,0,0
bajt,0,0,0,0,0,0,0,0,0,0
taksi,0,0,0,0,0,0,1,0,0,0
kabala,0,0,0,1,0,1,0,0,0,0
kupus,0,0,0,0,0,0,0,0,0,0
kabina,0,0,0,0,0,0,0,0,0,0
kabinet,0,0,0,0,0,0,1,0,0,1
kabel,0,0,0,0,0,0,0,0,1,0
kabriolet,0,0,0,0,0,0,0,0,0,0
predmemorija,0,0,0,0,0,0,0,0,0,0
kakofonija,1,0,1,0,0,1,0,0,0,0
kad,1,0,1,0,0,1,0,0,0,0
kadaver,0,0,1,1,0,1,0,1,1,0
caddy,0,0,0,0,0,0,0,0,0,0
kadenca,0,0,0,0,0,0,0,0,0,0
kadet,0,0,0,0,0,0,0,0,0,0
kafić,0,0,0,0,0,0,1,0,0,0
kavez,0,0,0,0,0,1,0,1,0,0
cairn,0,0,0,0,0,0,0,0,0,0
torta,0,0,0,0,0,0,0,0,0,0
nesreća,0,0,0,0,0,0,0,1,0,0
vapnenački,0,0,0,0,0,0,0,0,0,0
izračunati,0,0,0,0,0,0,0,0,0,0
proračunati,0,0,0,0,0,0,0,0,0,0
kalkulirajući,0,0,0,0,0,1,0,0,0,0
izračun,0,1,0,0,0,0,0,0,0,0
kalkulator,0,0,0,0,0,0,1,0,0,1
račun,0,0,0,0,0,0,0,0,0,0
kalendar,0,0,0,0,0,0,0,0,0,0
kalendar,0,0,0,0,0,0,0,0,0,0
tele,0,0,0,0,1,0,1,0,0,1
kalibar,0,0,0,0,0,0,0,0,0,0
kalibrirati,0,0,0,0,0,0,0,0,0,0
calico,0,0,0,0,0,0,0,0,0,0
čeljusti,0,0,0,0,0,0,0,0,0,0
poziv,0,0,0,0,0,0,0,0,0,0
kaligrafija,0,0,0,0,0,0,0,0,0,0
pozivajući,0,0,0,0,0,0,0,0,0,0
bešćutan,1,0,1,0,0,1,0,0,0,0
poziva,0,1,0,0,0,1,0,0,0,1
smiriti,0,0,0,0,0,0,1,0,0,0
smirenost,0,0,0,0,0,0,0,0,0,0
kaloričnom,0,0,0,0,0,0,0,0,0,0
kalorija,0,0,0,0,0,0,0,0,0,0
kalorimetar,0,0,0,0,0,0,0,0,0,0
kamera,0,0,0,0,0,0,0,0,0,0
nadvišenje,0,0,0,0,0,0,0,0,0,0
deva,0,0,0,0,0,0,0,0,0,0
kameja,0,0,0,0,0,0,0,0,0,0
snimatelj,0,0,0,0,0,0,0,0,0,0
potkošulja,0,0,0,0,0,0,0,0,0,0
kamuflaža,0,0,0,0,0,0,0,0,1,0
kamuflirana,0,0,0,0,0,0,0,0,1,0
kamp,0,0,0,0,0,0,0,0,0,0
kampanja,0,0,0,0,0,0,0,0,0,0
kampanjac,0,0,0,0,0,0,0,0,0,0
vođenje kampanje,1,0,0,1,0,1,0,0,0,0
kampus,0,0,0,0,0,0,0,0,0,0
kanal,0,0,0,0,0,0,0,0,0,0
kanarinac,0,0,0,0,0,0,1,0,0,0
otkazati,0,0,0,0,0,1,0,1,0,0
poništavanje,0,0,0,0,0,0,0,0,0,0
otkazivanje,0,0,0,0,0,0,0,0,0,0
Rak,1,0,1,1,0,1,0,1,0,0
iskren,0,1,0,0,1,0,1,0,1,1
kandidatura,0,0,0,0,0,0,0,0,0,0
kandidat,0,0,0,0,0,0,1,0,0,0
ušećeren,0,0,0,0,0,0,1,0,0,0
svijeća,0,0,0,0,0,0,0,0,0,0
svijeća,0,0,0,0,0,0,0,0,0,0
svijećnjak,0,0,0,0,0,0,0,0,0,0
iskrenost,0,0,0,0,0,0,0,0,0,0
bombon,0,0,0,0,0,0,0,0,0,0
štap,1,0,0,1,0,0,0,0,0,0
pasji,0,0,0,0,0,0,0,0,0,0
kanister,0,0,0,0,0,0,0,0,0,0
rak,1,0,1,0,0,1,0,0,0,0
kanibal,0,0,1,1,0,1,0,0,0,0
kanibalizam,0,0,1,0,0,1,0,0,0,0
konzerviranje,0,0,0,0,0,0,0,0,0,0
top,1,0,0,1,0,1,0,0,0,0
kanu,0,0,0,0,0,0,0,0,0,0
kanon,0,0,0,0,0,0,0,0,0,0
kanonski,0,0,0,0,0,0,0,0,0,0
kanonici,0,0,0,0,0,0,0,0,0,1
nadstrešnica,0,0,0,0,0,0,0,0,0,0
menza,0,0,0,0,0,0,0,0,0,0
canterbury,0,0,0,0,0,0,0,0,0,0
konzola,0,0,0,0,0,0,0,0,0,0
pjevanje,0,0,0,0,0,0,0,0,0,0
kanton,0,0,0,0,0,0,0,0,0,0
platno,0,0,0,0,0,0,0,0,0,0
platno,0,0,0,0,0,0,0,0,0,0
kapa,0,1,0,0,0,0,0,0,0,1
sposobnost,0,0,0,0,0,0,0,0,0,0
sposoban,0,0,0,0,0,0,0,0,0,0
kapacitet,0,0,0,0,0,0,0,0,0,0
rt,0,0,0,0,0,0,0,0,0,0
kapara,0,0,0,0,0,0,0,0,0,0
kapilarna,0,0,0,0,0,0,0,0,0,0
kapital,0,0,0,0,0,0,0,0,0,0
kapitalista,0,0,0,0,0,0,1,0,0,0
prijestolnice,0,0,0,0,0,0,0,0,0,0
kapitacija,0,0,0,0,0,0,0,0,0,0
glavni grad,0,0,0,0,0,0,0,0,0,0
kapitulacija,0,0,0,0,0,0,0,0,0,0
hir,0,0,0,0,0,0,0,0,0,0
hirovita,0,0,0,0,0,0,0,0,0,0
kape,0,0,0,0,0,0,0,0,0,0
kapsula,0,0,0,0,0,0,0,0,0,0
kapetan,0,0,0,0,0,0,1,0,0,0
naslov,0,0,0,0,0,0,0,0,0,0
zarobiti,0,1,0,0,1,0,1,0,1,1
zadivljujuće,0,0,0,0,0,0,1,0,0,0
zarobljenik,0,0,0,1,0,1,0,1,0,0
zatočeništvo,0,0,0,0,0,1,0,1,0,0
otmičar,0,0,0,1,0,1,0,0,0,0
uhvatiti,0,0,0,0,0,1,0,0,0,0
automobil,0,0,0,0,0,0,0,0,0,0
karamela,0,0,0,0,0,0,0,0,0,0
karat,0,0,0,0,0,0,0,0,0,0
karavan,0,0,0,0,0,0,0,0,0,0
ugljik,0,0,0,0,0,0,0,0,0,0
lešina,0,0,1,1,0,1,0,1,0,0
karcinom,0,0,0,1,0,1,0,1,0,0
kartica,0,0,0,0,0,0,0,0,0,0
kardigan,0,0,0,0,0,0,0,0,0,0
kardinal,0,0,0,0,0,0,0,0,0,0
kardiomiopatija,0,0,0,1,0,1,0,1,0,0
kartice,0,0,0,0,0,0,0,0,0,0
briga,0,0,0,0,0,0,0,0,0,0
karijera,0,1,0,0,0,0,1,0,0,0
oprezan,0,0,0,0,0,0,1,0,0,0
pažljivo,0,0,0,0,0,0,1,0,0,0
neopreznost,1,0,1,0,0,1,0,0,0,0
milovati,0,0,0,0,0,0,1,0,0,0
znak za umetanje,0,0,0,0,0,0,0,0,0,0
domar,0,0,0,0,0,0,1,0,0,1
teret,0,0,0,0,0,0,0,0,0,0
karibu,0,0,0,0,0,0,0,0,0,0
karikatura,0,0,0,0,0,1,0,0,0,0
karijes,0,0,1,0,0,1,0,0,0,0
pokolj,1,0,1,1,0,1,0,1,1,0
tjelesni,0,0,0,0,0,1,0,0,0,0
karanfil,0,0,0,0,0,0,0,0,0,0
mesožder,0,0,0,1,0,1,0,0,0,0
pjesma,0,0,0,0,1,0,1,0,0,1
karusel,0,0,0,0,0,0,0,0,0,0
stolar,0,0,0,0,0,0,0,0,0,0
kočija,0,0,0,0,0,0,0,0,0,0
nosili,0,0,0,0,0,0,0,0,0,0
prijevoznik,0,0,0,0,0,0,0,0,0,0
nositi,0,0,0,0,0,0,0,0,0,0
nošenje,0,0,0,0,0,0,0,0,0,0
kolica,0,0,0,0,0,0,0,0,0,0
kartel,0,0,0,0,0,1,0,0,0,0
carter,0,0,0,0,0,0,0,0,0,0
hrskavica,0,0,0,0,0,0,0,0,0,0
kartografski,0,0,0,0,0,0,0,0,0,0
kartografija,0,0,0,0,0,0,0,0,0,0
crtani film,0,0,0,0,0,0,0,0,0,0
kartuša,0,0,0,0,0,0,0,0,0,0
uložak,0,0,0,1,0,0,0,0,0,0
rezbariti,0,0,0,0,0,0,0,0,0,0
rezbar,0,0,0,0,0,0,0,0,0,0
rezbarenje,0,0,0,0,0,0,0,0,0,0
kaskada,0,0,0,0,0,0,1,0,0,0
slučaj,0,0,0,1,0,1,0,1,0,0
kazein,0,0,0,0,0,0,0,0,0,0
unovčiti,1,1,0,1,1,0,1,0,0,1
blagajnik,0,0,0,0,0,0,0,0,0,1
kašmir,0,0,0,0,0,0,0,0,0,0
kućište,0,0,0,0,0,0,0,0,0,0
kasino,0,0,0,0,0,0,0,0,0,0
bačva,0,0,0,0,0,0,0,0,0,0
kovčeg,0,0,0,1,0,1,0,1,0,0
cast,0,0,0,0,0,0,0,0,0,0
kasta,0,0,0,0,0,1,0,0,0,0
kotačić,0,0,0,0,0,0,0,0,0,0
dvorac,0,0,0,0,0,0,0,0,0,0
ricinusovo,0,0,0,0,0,0,0,0,0,0
ležeran,0,0,0,0,0,0,0,0,0,0
ležerno,0,0,0,0,0,0,0,0,0,0
unesrećeni,1,0,0,1,0,1,0,1,0,0
mačka,0,0,0,0,0,0,0,0,0,0
katabolizam,0,0,0,0,0,0,0,0,0,0
katalog,0,0,0,0,0,0,0,0,0,0
katalog,0,0,0,0,0,0,0,0,0,0
kataliza,0,0,0,0,0,0,0,0,0,0
katalitički,0,0,0,0,0,0,0,0,0,0
katamaran,0,0,0,0,0,0,0,0,0,0
katapult,0,0,0,0,0,0,0,0,0,0
katarakta,0,1,0,1,0,1,0,1,0,0
katastrofa,1,0,1,1,0,1,0,1,1,0
ulov,0,0,0,0,0,0,0,0,1,0
hvatanje,0,0,0,0,0,0,0,0,0,0
katekizam,0,0,1,0,0,0,0,0,0,0
kategoričan,0,0,0,0,0,0,1,0,0,0
kategorija,0,0,0,0,0,0,0,0,0,0
razonoditi,0,0,0,0,0,0,1,0,0,0
ugostitelj,0,0,0,0,0,0,0,0,0,0
gusjenica,0,0,0,0,0,0,0,0,0,0
mačke,0,0,0,0,0,0,0,0,0,0
katarzičan,0,0,0,0,0,0,1,0,0,0
katedrala,0,0,0,0,1,0,1,0,0,1
kateter,0,0,0,0,0,1,0,0,0,0
mačja trava,0,0,0,0,0,0,0,0,0,0
goveda,0,0,0,0,0,0,0,0,0,0
zastupnički klub,0,0,0,0,0,0,0,0,0,0
kaudalni,0,0,0,0,0,0,0,0,0,0
brtvljenje,0,0,0,0,0,0,0,0,0,0
uzročna,0,0,0,0,0,0,0,0,0,0
uzročnost,0,0,0,0,0,0,0,0,0,0
uzročnost,0,0,0,0,0,0,0,0,0,0
uzrokovano,0,0,0,0,0,0,0,0,0,0
mostić,0,0,0,0,0,0,0,0,0,0
Oprez,1,1,0,1,0,1,0,0,0,0
opominjući,0,0,0,1,0,0,0,0,0,0
oprezan,0,1,0,1,0,0,1,0,0,1
oprezno,0,0,0,1,0,0,1,0,0,0
konjica,0,0,0,0,0,0,0,0,0,0
špilja,0,0,0,0,0,0,0,0,0,0
upozorenje,0,0,0,0,0,0,0,0,0,0
kaverna,0,0,0,0,0,0,0,0,0,0
kavernozan,0,0,0,0,0,0,0,0,0,0
šupljina,0,0,0,0,0,0,0,0,0,0
cayenne,0,0,0,0,0,0,0,0,0,0
prekid,0,0,0,0,0,0,0,0,0,0
neprestani,0,0,0,0,0,0,0,0,0,0
ustupiti,0,0,0,0,0,1,0,0,0,0
strop,0,0,0,0,0,0,0,0,0,0
slavljenik,0,0,0,0,0,0,0,0,0,0
slavio,0,1,0,0,1,0,1,0,0,0
slaveći,0,1,0,0,1,0,1,0,0,0
Proslava,0,1,0,0,1,0,1,0,1,1
slavna osoba,1,1,1,0,1,1,1,0,1,1
nebeski,0,1,0,0,1,0,1,0,0,0
celibat,0,0,0,0,0,0,0,0,0,0
ćelija,0,0,0,0,0,0,0,0,0,0
podrum,0,0,0,0,0,0,0,0,0,0
stanični,0,0,0,0,0,0,0,0,0,0
celuloid,0,0,0,0,0,0,0,0,0,0
cement,0,1,0,0,0,0,0,0,0,1
zacementiran,0,0,0,0,0,0,0,0,0,0
groblje,0,0,0,1,0,1,0,1,0,0
cenzor,1,0,1,1,0,1,0,0,0,1
cenzura,0,0,0,0,0,1,0,0,0,0
popis,0,0,0,0,0,0,0,0,0,0
cent,0,0,0,0,0,0,0,0,0,0
stogodišnjica,0,0,0,0,0,0,0,0,0,0
stogodišnjica,0,0,0,0,0,0,0,0,0,0
centar,0,0,0,0,0,0,1,0,0,1
centimetar,0,0,0,0,0,0,0,0,0,0
središnji,0,0,0,0,0,0,0,0,0,0
centralnost,0,0,0,0,0,0,0,0,0,0
centralizacija,0,0,0,0,0,0,0,0,0,0
centralizirati,0,0,0,0,0,0,0,0,0,0
centralno,0,0,0,0,0,0,0,0,0,0
centrifugalni,0,0,0,0,0,0,0,0,0,0
centrifuga,0,0,0,0,0,0,0,0,0,0
stotnik,0,0,0,0,0,0,1,0,0,0
stoljeća,0,0,0,0,0,0,0,0,0,0
keramika,0,0,0,0,0,0,0,0,0,0
žitarica,0,0,0,0,0,0,0,0,0,0
žitarice,0,0,0,0,0,0,0,0,0,0
moždani,0,0,0,0,0,0,1,0,0,0
ceremonijalna,0,0,0,0,0,0,0,0,0,0
ceremonija,0,0,0,0,1,0,1,0,1,0
sigurnost,0,0,0,0,0,0,1,0,0,0
potvrda,0,0,0,0,0,0,0,0,0,0
potvrditi,0,0,0,0,0,0,0,0,0,1
ces,0,0,1,0,0,1,0,0,0,0
prestanak,0,0,0,0,0,1,0,0,0,0
pljeva,1,0,0,1,0,1,0,0,0,0
trljanje,0,0,0,0,0,1,0,0,0,0
žalost,0,0,1,0,0,1,0,1,0,0
lanac,0,0,0,0,0,0,0,0,0,0
stolica,0,0,0,0,0,0,0,0,0,0
predsjednik,0,0,0,0,0,0,1,0,0,1
predsjedavajući,0,0,0,0,0,0,0,0,0,0
predsjedavajuća,0,0,0,0,0,0,1,0,0,1
ležaljka,0,0,0,0,0,0,0,0,0,0
koliba,0,0,0,0,0,0,0,0,0,0
kalež,0,0,0,0,0,0,0,0,0,0
kreda,0,0,0,0,0,0,0,0,0,0
izazov,1,0,0,1,0,1,0,0,0,0
komora,0,0,0,0,0,0,0,0,0,0
odaje,0,0,0,0,0,0,0,0,0,0
kameleon,0,0,0,0,0,0,0,0,0,0
šampanjac,0,0,0,0,0,0,0,0,0,0
prvak,0,1,0,0,1,0,1,0,0,1
prilika,0,0,0,0,0,0,0,0,1,0
kancelar,0,0,0,0,0,0,0,0,0,1
luster,0,0,0,0,0,0,0,0,0,0
chandler,0,0,0,0,0,0,0,0,0,0
promijeniti,0,0,0,1,0,0,0,0,0,0
promjenjiv,0,1,0,0,0,0,0,0,1,0
promijenjeno,0,0,0,0,0,0,0,0,0,0
mjenjač,0,0,0,0,0,0,0,0,0,0
mijenjanje,0,0,0,0,0,0,0,0,0,0
kanal,0,0,0,0,0,0,0,0,0,0
pjevati,1,1,0,0,1,0,1,0,1,0
kaos,1,0,0,1,0,1,0,1,0,0
kaotičan,1,0,0,0,0,1,0,0,0,0
momak,0,0,0,0,0,0,0,0,0,0
kapela,0,0,0,0,0,0,0,0,0,0
kapelan,0,0,0,0,0,0,0,0,0,1
torbar,0,0,0,0,0,0,0,0,0,0
ljudi,0,0,0,0,0,0,0,0,0,0
poglavlje,0,0,0,0,0,0,0,0,0,0
char,0,0,0,0,0,0,0,0,0,0
lik,0,0,0,0,0,0,0,0,0,0
karakteristika,0,0,0,0,0,0,0,0,0,0
karakterizirati,0,0,0,0,0,0,0,0,0,0
šarada,0,0,0,0,0,1,0,0,0,0
drveni ugljen,0,0,0,0,0,0,0,0,0,0
naplatiti,0,0,0,0,0,0,0,0,0,0
naplativ,0,0,0,1,0,1,0,1,0,0
punjač,0,0,0,0,0,0,1,0,0,0
bojna kola,0,0,0,0,0,0,0,0,0,0
dobrotvorna,0,1,0,0,1,0,1,0,0,1
milosrđe,0,0,0,0,1,0,1,0,0,0
šarm,0,0,0,0,0,0,1,0,0,0
očaran,0,0,0,0,1,1,1,0,0,0
šarmer,0,0,0,0,0,0,0,0,0,0
šarmantan,0,0,0,0,0,0,1,0,0,0
grafikon,0,0,0,0,0,0,0,0,0,1
čarter,0,0,0,0,0,0,0,0,0,0
iznajmljen,0,0,0,0,0,0,0,0,0,0
loviti,0,0,0,0,0,1,0,0,0,0
ponor,0,0,0,1,0,0,0,0,0,0
kažnjavanje,0,0,0,0,0,1,0,0,0,0
čednost,0,1,0,0,0,0,1,0,0,1
razgovor,0,0,0,0,0,0,0,0,0,0
zamak,0,0,0,0,0,0,0,0,0,0
brbljanje,0,0,0,0,0,0,0,0,0,0
brbljajući,0,0,0,0,0,0,1,0,0,0
brbljiv,0,0,0,0,0,1,0,0,0,0
šofer,0,0,0,0,0,0,0,0,0,0
jeftino,0,0,0,0,0,1,0,0,0,0
varati,1,0,1,0,0,1,0,0,0,0
ček,0,0,0,0,0,0,0,0,0,0
ceker,0,0,0,0,0,0,0,0,0,0
kockasta,0,0,0,0,0,0,0,0,0,0
dame,0,0,0,0,0,0,0,0,0,0
spisak,0,0,0,0,0,0,1,0,0,1
obraz,0,0,0,0,0,0,0,0,0,0
obrazi,0,0,0,0,0,0,0,0,0,0
pijukanje,0,0,0,0,0,0,0,0,0,0
bodriti,0,1,0,0,1,0,1,0,1,1
veseo,0,0,0,0,1,0,1,0,1,0
vedrina,0,1,0,0,1,0,1,0,0,1
navijanje,0,0,0,0,1,0,1,0,0,0
živahno,0,1,0,0,1,0,1,0,0,0
kolač od sira,0,0,0,0,0,1,0,0,0,0
gepard,0,0,0,0,0,0,0,0,0,0
košulja,0,0,0,0,0,0,0,0,0,0
kemičar,0,0,0,0,0,0,1,0,0,1
kemija,0,0,0,0,0,0,0,0,0,0
ček,0,0,0,0,0,0,0,0,0,0
njegovati,0,1,0,0,1,0,1,0,1,1
trešnja,0,0,0,0,0,0,1,0,0,0
šah,0,0,0,0,0,0,0,0,0,0
prsa,0,0,0,0,0,0,0,0,0,0
kesten,0,0,0,0,0,0,0,0,0,0
ševron,0,0,0,0,0,0,0,0,0,0
žvakati,0,0,0,0,0,0,0,0,0,0
šik,0,0,0,0,0,0,0,0,0,0
varati,0,1,0,0,0,1,0,0,1,1
piletina,0,0,0,1,0,0,0,0,0,0
glavni,0,0,0,0,0,0,0,0,0,0
poglavito,0,0,0,0,0,0,0,0,0,0
poglavica,0,0,0,0,0,0,1,0,0,0
dijete,0,1,0,0,1,0,1,0,0,0
porođaj,0,0,0,0,0,0,0,0,0,0
djetinjstvo,0,0,0,0,1,0,1,0,0,0
djetinjasto,0,0,0,0,0,1,0,0,0,0
ohladiti se,0,0,0,0,0,0,0,0,0,0
prohladan,0,0,0,0,0,1,0,0,0,0
zvoniti,0,0,0,0,0,0,0,0,0,0
himera,0,0,0,1,0,0,0,0,1,0
zvona,0,0,0,0,0,0,0,0,0,0
dimnjak,0,0,0,0,0,0,0,0,0,0
Kina,0,0,0,0,0,0,0,0,0,0
chine,0,0,0,0,0,0,0,0,0,0
chinook,0,0,0,0,0,0,0,0,0,0
čip,0,0,0,0,0,0,0,0,0,0
čipiranje,0,0,0,0,0,0,0,0,0,0
cvrkut,0,0,0,0,1,0,1,0,0,0
sječivo,0,0,0,0,0,0,1,0,0,0
čavrljati,0,0,0,0,0,0,0,0,0,0
viteštvo,0,0,0,0,0,0,1,0,0,0
kloroform,0,0,0,0,0,1,0,0,0,0
čokolada,0,1,0,0,1,0,1,0,0,1
izbor,0,0,0,0,0,0,1,0,0,0
zbor,0,0,0,0,1,0,1,0,0,1
gušiti,1,0,0,0,0,1,0,1,0,0
kolera,0,0,1,1,0,1,0,1,0,0
izabrati,0,0,0,0,0,0,0,0,0,0
birajući,0,0,0,0,0,0,0,0,0,0
usitniti,0,0,0,0,0,1,0,0,0,0
sjeckanje,0,0,0,0,0,0,0,0,0,0
kotleti,0,0,0,0,0,0,0,0,0,0
zborski,0,0,0,0,1,0,1,0,0,0
akordi,0,0,0,0,0,0,0,0,0,0
posao,0,0,0,0,0,1,0,0,0,0
refren,0,0,0,0,0,0,1,0,0,0
izabrani,0,0,0,0,0,0,1,0,0,0
čorba,0,0,0,0,0,0,1,0,0,0
krštenje,0,0,0,0,0,0,0,0,0,0
kromatski,0,0,0,0,0,0,0,0,0,0
kromatografija,0,0,0,0,0,0,0,0,0,0
kromosom,0,0,0,0,0,0,0,0,0,0
kronični,0,0,0,0,0,1,0,1,0,0
kronika,0,0,0,0,0,0,1,0,0,1
kronograf,0,0,0,0,0,0,0,0,0,0
kronološki,0,0,0,0,0,0,0,0,0,0
chuck,0,0,0,0,0,0,0,0,0,0
cerekanje,0,1,0,0,1,0,1,0,1,1
komad,0,0,0,0,0,0,0,0,0,0
zdepast,0,0,0,0,0,0,0,0,0,0
crkva,0,1,0,0,1,0,1,0,0,1
groblje,0,0,0,0,0,0,0,0,0,0
bućkalica,0,0,0,0,0,0,0,0,0,0
padobran,0,0,0,0,0,0,0,0,0,0
ajvar,0,0,0,0,0,0,0,0,0,0
ciao,0,0,0,0,0,0,0,0,0,0
jabukovača,0,0,0,0,0,0,1,0,0,0
cigara,0,0,0,0,0,0,0,0,0,0
cigareta,0,0,0,0,0,1,0,0,0,0
sigurna pobjeda,0,0,0,0,0,0,0,0,0,0
pepeljuga,0,0,0,0,0,0,0,0,0,0
kino,0,0,0,0,0,0,0,0,0,0
kinematograf,0,0,0,0,0,0,0,0,0,0
kinematografija,0,0,0,0,0,0,0,0,0,0
cimet,0,0,0,0,0,0,0,0,0,0
šifra,0,0,0,0,0,0,0,0,0,0
krug,0,0,0,0,0,0,0,0,0,0
kružeći,0,0,0,0,0,0,0,0,0,0
strujni krug,0,0,0,0,0,0,0,0,0,0
kružni,0,0,0,0,0,0,0,0,0,0
kolati,0,0,0,0,0,0,0,0,0,0
Cirkulacija,0,0,0,0,0,0,0,0,0,0
obrezivanje,0,0,0,0,0,0,1,0,0,0
opseg,0,0,0,0,0,0,0,0,0,0
obodni,0,0,0,0,0,0,0,0,0,0
omeđen,0,0,0,0,0,0,0,0,0,0
okolnost,0,0,0,0,0,0,0,0,0,0
okolnost,0,0,0,0,0,0,0,0,0,0
izbjegavanje,0,0,0,0,0,1,1,0,0,0
cirkus,0,0,0,0,0,0,0,0,0,0
cirus,0,0,0,0,0,0,0,0,0,0
cisterna,0,0,0,0,0,0,0,0,0,0
citadela,0,0,0,0,0,0,0,0,0,0
citat,0,0,0,0,0,0,0,0,0,0
građanin,0,0,0,0,0,0,1,0,0,0
citrin,0,0,0,0,0,0,0,0,0,0
Grad,0,0,0,0,0,0,0,0,0,0
građanski,0,0,0,0,0,0,0,0,0,0
građanski,0,0,0,0,0,0,1,0,0,0
civilni,0,0,0,0,0,0,0,0,0,0
uljuđenost,0,0,0,0,0,0,1,0,0,0
civilizacija,0,0,0,0,0,0,1,0,0,1
civiliziran,0,0,0,0,1,0,1,0,0,1
odjeven,0,0,0,0,0,0,0,0,0,0
zahtjev,0,0,0,0,0,0,0,0,0,0
tužitelj,1,0,1,0,0,0,0,0,0,0
vidoviti,0,0,0,0,0,0,1,0,0,0
školjka,0,0,0,0,0,0,0,0,0,0
vika,1,1,1,0,0,1,0,0,1,0
Stezaljka,0,0,0,0,0,0,0,0,0,0
klan,0,0,0,0,0,0,0,0,0,1
tajno,0,0,0,0,0,0,0,0,0,0
pljeskati,0,1,0,0,1,0,1,0,0,1
razjasniti,0,0,0,0,0,0,1,0,0,0
klarinet,0,0,0,0,0,0,0,0,0,0
jasnoća,0,0,0,0,0,0,0,0,0,0
jasnoća,0,0,0,0,0,0,0,0,0,0
sukob,1,0,0,0,0,1,0,0,0,0
sukobljavanje,1,0,0,1,0,1,0,0,0,0
kopča,0,0,0,0,0,0,0,0,0,0
razreda,0,0,0,0,0,0,0,0,0,0
klasični,0,0,0,0,0,0,1,0,0,0
klasični,0,0,0,0,0,0,1,0,0,0
klasike,0,0,0,0,1,0,1,0,0,0
klasifikacija,0,0,0,0,0,0,0,0,0,0
klasificirati,0,0,0,0,0,0,1,0,0,0
kolega iz razreda,0,0,0,0,0,0,0,0,0,0
zveckati,0,0,0,0,0,0,0,0,0,0
klauzula,0,0,0,0,0,0,0,0,0,0
klauzule,0,0,0,0,0,0,0,0,0,0
pandža,1,0,0,1,0,1,0,0,0,0
pandže,0,0,0,0,0,0,0,0,0,0
glina,0,0,0,0,0,0,0,0,0,0
čist,0,0,0,0,1,0,1,0,0,1
čišćenje,0,0,0,0,0,0,1,0,0,0
čistoća,0,0,0,0,0,0,1,0,0,0
čisto,0,0,0,0,0,0,1,0,0,0
očistiti,0,0,0,0,0,0,1,0,0,0
čišćenje,0,0,0,0,0,0,1,0,0,0
klirens,0,0,0,0,0,0,1,0,0,1
čišćenje,0,0,0,0,0,0,0,0,0,0
jasnoća,0,0,0,0,0,0,1,0,0,0
dekoltea,0,0,0,0,0,0,0,0,0,0
rascijepiti,0,0,0,1,0,0,0,0,0,0
muzički ključ,0,0,0,0,0,0,0,0,0,0
rascjep,0,0,0,0,0,0,0,0,0,0
pomilovanje,0,0,0,0,0,0,0,0,0,0
kler,0,0,0,0,0,0,0,0,0,0
svećenik,0,0,0,0,0,0,0,0,0,0
svećenički,0,0,0,0,0,0,1,0,0,1
službenik,0,0,0,0,0,0,0,0,0,0
šegrtovanje,0,0,0,0,0,0,0,0,0,0
pametan,0,0,0,0,0,0,1,0,0,0
pametovanje,0,0,0,0,0,0,1,0,0,0
klik,0,0,0,0,0,0,0,0,0,0
klijent,0,0,0,0,0,0,0,0,0,0
klijentela,0,0,0,0,0,0,0,0,0,0
litica,0,0,0,1,0,0,0,0,0,0
klima,0,0,0,0,0,0,0,0,0,0
klimatologija,0,0,0,0,0,0,0,0,0,0
vrhunac,0,1,0,0,1,0,1,0,1,1
popeti se,0,0,0,0,0,0,0,0,0,0
prilijepiti se,0,0,0,0,0,0,0,0,0,0
isječak,0,0,0,0,0,0,0,0,0,0
mašinica za šišanje,0,0,0,0,0,0,0,0,0,0
isječak,0,0,0,0,0,0,0,0,0,0
klika,0,0,0,0,0,0,0,0,0,0
plašt,0,0,0,0,0,0,0,0,0,0
sat,0,1,0,0,0,0,0,0,0,0
satni mehanizam,0,0,0,0,0,0,0,0,0,0
začepiti,0,0,0,0,0,0,0,0,0,0
klaustar,0,0,0,0,0,1,0,0,0,0
Zatvoriti,0,0,0,0,0,0,0,0,0,0
zatvoreno,0,0,0,0,0,0,0,0,0,0
bliskost,0,0,0,0,1,0,1,0,0,1
ormarić,0,0,0,0,0,0,0,0,0,0
zatvaranje,0,1,0,0,1,0,1,1,0,0
ugrušak,0,0,0,0,0,0,0,0,0,0
tkanina,0,0,0,0,0,0,0,0,0,0
odjenuti,0,0,0,0,0,0,1,0,0,0
odjeća,0,0,0,0,0,0,0,0,0,0
uže za rublje,0,0,0,0,0,0,0,0,0,0
odjeća,0,0,0,0,0,0,0,0,0,0
oblak,0,0,0,0,0,0,0,0,0,0
naoblačen,0,0,0,0,0,1,0,1,0,0
naoblaka,0,0,0,1,0,1,0,0,0,0
oblačno,0,0,0,0,0,0,0,1,0,0
djetelina,0,0,0,0,0,0,0,0,0,0
klinčići,0,0,0,0,0,0,0,0,0,0
klaun,0,1,0,0,1,0,1,0,1,0
klub,0,0,0,0,0,0,0,0,0,0
klupska kuća,0,0,0,0,0,0,0,0,0,0
klubovi,0,0,0,0,0,0,0,0,0,0
trag,0,1,0,0,0,0,0,0,0,0
grumen,0,0,0,0,0,1,0,0,0,0
nespretan,0,0,1,0,0,1,0,0,0,0
Klastera,0,0,0,0,0,0,0,0,0,0
kvačilo,0,0,0,0,0,0,0,0,0,0
kvačila,0,0,0,0,0,0,0,0,0,0
nered,0,0,0,0,0,0,0,0,0,0
trener,0,0,0,0,0,0,0,0,0,1
zgrušavanje,0,0,0,0,0,0,0,0,0,0
ugljen,0,0,0,0,0,0,0,0,0,0
spojiti se,0,0,0,0,0,0,0,0,0,1
koalicija,0,0,0,0,0,0,1,0,0,0
obala,0,0,0,0,0,0,1,0,0,0
obalni,0,0,0,0,0,0,0,0,0,0
podmetač za čaše,0,0,0,0,0,0,0,0,0,0
kaput,0,0,0,0,0,0,0,0,0,0
premazivanje,0,0,0,0,0,0,0,0,0,0
nagovoriti,0,0,0,0,0,0,0,0,0,1
kobalt,0,0,0,0,0,0,0,0,0,0
kaldrma,0,0,0,0,0,0,0,0,0,0
obućar,0,0,0,0,0,0,0,0,0,0
kobra,0,0,0,1,0,0,0,0,0,0
kokain,0,0,0,0,0,1,0,1,0,0
penis,0,0,0,0,0,0,0,0,0,0
kokpit,0,0,0,0,0,0,0,0,0,0
koktel,0,0,0,0,0,0,0,0,0,0
kakao,0,0,0,0,0,0,0,0,0,0
larve,0,0,0,0,0,0,0,0,0,0
bakalar,0,0,0,0,0,0,0,0,0,0
kodirati,0,0,0,0,0,0,0,0,0,0
kodeks,0,0,0,0,0,0,0,0,0,0
kodifikacija,0,0,0,0,0,0,0,0,0,0
kodificirati,0,0,0,0,0,0,0,0,0,0
koeficijent,0,0,0,0,0,0,0,0,0,0
prisiliti,1,0,1,1,0,1,0,0,0,0
prisila,1,0,1,1,0,1,0,1,0,0
prisilna,0,0,0,0,0,0,0,0,0,0
koegzistirati,0,0,0,0,0,0,1,0,0,1
suživot,0,0,0,0,0,0,0,0,0,0
koegzistirajući,0,0,0,0,0,0,0,0,0,1
kava,0,0,0,0,0,0,0,0,0,0
mrtvački sanduk,0,0,0,1,0,1,0,1,0,0
zupčanik,0,0,0,0,0,0,0,0,0,0
uvjerljiv,0,0,0,0,0,0,1,0,0,1
rodbinski,0,0,0,0,0,0,0,0,0,0
spoznaja,0,0,0,0,0,0,0,0,0,0
kognitivne,0,0,0,0,0,0,1,0,0,0
suživot,0,0,0,0,0,0,0,0,0,0
koherentnost,0,0,0,0,0,0,1,0,0,0
koherentan,0,0,0,0,0,0,1,0,0,0
kohezija,0,0,0,0,0,0,0,0,0,1
kohezivni,0,0,0,0,0,0,1,0,0,1
kohorta,0,0,0,0,0,0,0,0,0,0
zavojnica,0,0,0,0,0,0,0,0,0,0
smotana,0,0,0,0,0,0,0,0,0,0
novčić,0,0,0,0,0,0,0,0,0,0
kovanja novca,0,0,0,0,0,0,0,0,0,0
podudaraju se,0,0,0,0,0,0,0,0,0,0
koincidencija,0,0,0,0,0,0,0,0,1,0
slučajnost,0,0,0,0,0,0,0,0,0,0
podudaranje,0,0,0,0,0,0,0,0,0,0
koks,0,0,0,0,0,0,0,0,0,0
hladna,0,0,0,0,0,1,0,0,0,0
hladno,0,0,0,0,0,1,0,0,0,0
hladnoća,1,0,1,1,0,1,0,1,0,0
grčevi u želucu,0,0,0,0,0,1,0,0,0,0
suradnik,0,0,0,0,0,0,0,0,0,1
kolaps,0,0,1,1,0,1,0,1,0,0
ovratnik,0,0,0,0,0,0,0,0,0,0
usporediti,0,0,0,0,0,0,0,0,0,0
zalogom,0,0,0,0,0,0,0,0,0,1
uspoređivanje,0,0,0,0,0,0,0,0,0,0
Suradnik,0,0,0,0,0,0,0,0,0,0
skupljati,0,0,0,0,0,0,0,0,0,0
prikupljeni,0,0,0,0,0,0,0,0,0,0
kolekcija,0,0,0,0,0,0,0,0,0,0
kolektivni,0,0,0,0,0,0,0,0,0,0
kolektivno,0,0,0,0,0,0,1,0,0,1
kolektor,0,0,0,0,0,0,0,0,0,0
koledž,0,0,0,0,0,0,0,0,0,0
kolegijalni,0,0,0,0,0,0,0,0,0,0
sudarati se,0,0,0,0,0,0,0,0,0,0
škotski ovčar,0,0,0,0,0,0,0,0,0,0
sudar,1,0,0,0,0,1,0,0,0,0
kolokacija,0,0,0,0,0,0,0,0,0,0
kolokvijalni,0,0,0,0,0,0,0,0,0,0
tajni dogovor,1,0,1,1,0,1,0,1,0,0
debelo crijevo,0,0,0,0,0,0,0,0,0,0
pukovnik,0,0,0,0,0,0,1,0,0,1
kolonijalni,0,0,0,0,0,0,0,0,0,0
kolonija,0,0,0,0,0,0,0,0,0,0
znak štampara,0,0,0,0,0,0,0,0,0,0
boja,0,0,0,0,0,0,0,0,0,0
obojenost,0,0,0,0,0,0,0,0,0,0
obojen,0,0,0,0,0,0,0,0,0,0
bojanje,0,0,0,0,0,0,0,0,0,0
bezbojan,0,0,0,0,0,0,0,0,0,0
boje,0,0,0,0,0,0,0,0,0,0
kolosalan,0,0,0,0,0,0,1,0,0,0
ždrijebac,0,0,0,0,0,0,0,0,0,0
stupac,0,0,0,0,0,0,0,0,0,0
stupastog,0,0,0,0,0,0,0,0,0,0
koma,0,0,0,1,0,1,0,1,0,0
komatozan,0,0,0,1,0,1,0,1,0,0
češalj,0,0,0,0,0,0,0,0,0,0
borbena,1,0,0,1,0,1,0,0,0,0
borca,1,0,0,1,0,1,0,0,0,0
ratoboran,1,0,0,1,0,1,0,0,0,0
kombinacija,0,0,0,0,0,0,0,0,0,0
kombinatorni,0,0,0,0,0,0,0,0,0,0
kombinirati,0,0,0,0,0,0,0,0,0,0
kombinirani,0,0,0,0,0,0,0,0,0,0
zapaljiv,0,0,0,0,0,0,0,0,0,0
izgaranje,0,0,0,0,0,0,0,0,0,0
komedija,0,0,0,0,0,0,0,0,0,0
kometa,0,0,0,0,0,0,0,0,0,0
udobnost,0,1,0,0,1,0,1,0,0,1
jorgan,0,0,0,0,0,0,0,0,0,0
strip,0,0,0,0,0,0,0,0,0,0
komičan,0,0,0,0,0,0,0,0,0,0
dolazak,0,1,0,0,0,0,0,0,0,0
zarez,0,0,0,0,0,0,0,0,0,0
naredba,0,0,0,0,0,0,0,0,0,0
zapovjednik,0,0,0,0,0,0,1,0,0,1
zapovjednik,0,0,0,0,0,0,0,0,0,0
zapovijedajući,0,0,0,0,0,0,1,0,0,1
komemorirati,0,1,0,0,1,0,1,1,0,0
komemoracija,0,1,0,0,1,0,1,0,0,0
komemorativni,0,1,0,0,0,0,1,0,0,0
započeti,0,0,0,0,0,0,0,0,0,0
pohvaliti,0,0,0,0,0,0,1,0,0,0
pohvalno,0,0,0,0,1,0,1,0,0,1
razmjeran,0,0,0,0,0,0,0,0,0,0
komentar,0,0,0,0,0,0,0,0,0,0
komentar,0,0,0,0,0,0,0,0,0,0
komentator,0,0,0,0,0,0,1,0,0,0
trgovina,0,0,0,0,0,0,0,0,0,1
komercijalni,0,0,0,0,0,0,0,0,0,0
povjerenik,0,0,0,0,0,0,0,0,0,0
provizija,0,0,0,0,0,0,0,0,0,1
povjerenik,0,0,0,0,0,0,0,0,0,0
počiniti,0,0,0,0,0,0,0,0,0,0
obvezan,0,0,0,0,0,1,0,1,0,0
predan,0,0,0,0,0,0,1,0,0,1
odbor,0,0,0,0,0,0,0,0,0,1
roba,0,0,0,0,0,0,0,0,0,0
komodor,0,0,0,0,0,0,1,0,0,1
uobičajen,0,0,0,0,0,0,0,0,0,0
obično,0,0,0,0,0,0,0,0,0,0
uobičajena,0,1,0,0,0,0,0,0,0,1
zajedničko dobro,0,0,0,0,0,0,0,0,0,0
zajedništvo,0,0,0,0,0,0,1,0,0,1
komocija,1,0,0,0,0,1,0,0,0,0
komuna,0,0,0,0,0,0,0,0,0,0
prenosiv,0,0,0,0,0,0,0,0,0,0
komunicirati,0,0,0,0,0,0,1,0,0,1
komunikacija,0,0,0,0,0,0,0,0,0,1
komunikativan,0,0,0,0,0,0,1,0,0,0
pričest,0,0,0,0,1,0,1,0,0,1
komunizam,1,0,0,1,0,1,0,1,0,0
komunist,0,0,0,0,0,1,0,0,0,0
zajednica,0,0,0,0,0,0,1,0,0,0
komutacija,0,0,0,0,0,0,1,0,0,0
komutativni,0,0,0,0,0,0,0,0,0,0
put do posla,0,0,0,0,0,0,1,0,0,0
putnik na posao,0,0,0,0,0,0,0,0,0,0
kompaktni,0,0,0,0,0,0,0,0,0,1
zbijanje,0,0,0,0,0,0,0,0,0,0
kompaktnost,0,0,0,0,0,0,0,0,0,0
pratilac,0,0,0,0,1,0,1,0,0,1
druženja,0,0,0,0,0,0,0,0,0,0
društvo,0,0,0,0,0,0,0,0,0,0
usporediv,0,0,0,0,0,0,0,0,0,0
usporedni,0,0,0,0,0,0,0,0,0,0
usporedno,0,0,0,0,0,0,0,0,0,0
usporedba,0,0,0,0,0,0,0,0,0,0
odjeljak,0,0,0,0,0,0,0,0,0,0
kompas,0,0,0,0,0,0,0,0,0,1
suosjećanje,0,0,0,1,0,0,1,0,0,0
suosjećajan,0,0,0,0,0,0,1,0,0,0
kompatibilnost,0,0,0,0,0,0,1,0,0,0
kompatibilan,0,0,0,0,0,0,1,0,0,0
prisiliti,0,0,0,0,0,0,0,0,0,0
primoran,0,0,0,0,0,0,0,0,0,0
uvjerljiv,0,0,0,0,0,0,1,0,0,0
kompendij,0,0,0,0,0,0,0,0,0,0
nadoknaditi,0,1,0,0,1,0,1,0,1,1
kompenzacija,0,0,0,0,0,0,0,0,0,0
kompenzacijski,0,0,0,0,0,0,1,0,0,0
kompetencija,0,0,0,0,0,0,1,0,0,1
kompetencija,0,0,0,0,0,0,1,0,0,1
kompetentan,0,0,0,0,0,0,1,0,0,1
natjecanje,0,1,0,0,0,1,0,0,0,0
natjecateljski,0,0,0,0,0,0,0,0,0,0
konkurent,0,0,0,0,0,0,0,0,0,0
kompilacija,0,0,0,0,0,0,0,0,0,0
sastaviti,0,0,0,0,0,0,0,0,0,0
samozadovoljstvo,0,0,0,0,0,0,1,0,0,0
samodopadan,0,0,0,0,0,0,0,0,0,0
žaliti se,1,0,0,0,0,1,0,1,0,0
pritužba,1,0,0,0,0,1,0,0,0,0
"upotpuniti, dopuna",0,1,0,0,1,0,1,0,1,1
komplementarni,0,0,0,0,0,0,1,0,0,0
dovršeno,0,0,0,0,0,0,0,0,0,0
potpuno,0,0,0,0,0,0,1,0,0,0
potpunost,0,0,0,0,0,0,1,0,0,0
dovršavajući,0,1,0,0,1,0,1,0,0,0
završetak,0,1,0,0,1,0,1,0,0,0
kompleks,0,0,0,0,0,0,0,0,0,0
iskompleksiran,0,0,0,0,0,1,0,0,0,0
ten,0,0,0,0,0,0,0,0,0,0
složenost,0,0,0,0,0,1,0,0,0,0
usklađenost,0,0,0,0,0,0,1,0,0,1
popustljiv,0,0,0,0,0,0,1,0,0,0
komplicirati,1,0,0,0,0,1,0,0,0,0
komplicirano,0,0,0,0,0,1,0,0,0,0
komplikacija,0,0,0,0,0,1,0,0,0,0
saučesništvo,0,0,0,0,0,1,1,0,0,0
kompliment,0,1,0,0,1,0,1,0,1,1
pridržavati se,0,0,0,0,0,0,0,0,0,0
udovoljavajući,0,0,0,0,0,0,0,0,0,0
kompo,0,0,0,0,0,0,0,0,0,0
komponenta,0,0,0,0,0,0,0,0,0,0
sastaviti,0,0,0,0,0,0,0,0,0,0
sastavljen,0,0,0,0,0,0,1,0,0,0
kompozitor,0,0,0,0,0,0,1,0,0,0
kompozitni,0,0,0,0,0,0,0,0,0,0
sastav,0,0,0,0,0,0,0,0,0,0
kompost,0,0,1,0,0,1,0,0,0,0
pribranost,0,0,0,0,0,0,1,0,0,0
spoj,0,0,0,0,0,0,0,0,0,0
shvatiti,0,0,0,0,0,0,1,0,0,0
razumijevanje,0,0,0,0,0,0,0,0,0,0
sveobuhvatan,0,0,0,0,0,0,1,0,0,0
oblog,1,0,0,0,0,0,0,0,0,0
komprimiran,0,0,0,0,0,0,0,0,0,0
stlačiv,0,0,0,0,0,0,0,0,0,0
kompresija,0,0,0,0,0,0,0,0,0,0
sadržavati,0,0,0,0,0,0,0,0,0,0
kompromis,0,0,0,0,0,0,0,0,0,0
kontrolor,0,0,0,0,0,0,0,0,0,1
prinuda,1,0,0,0,0,1,0,0,0,0
obvezno,0,0,0,0,0,1,0,0,0,0
izračunljiv,0,0,0,0,0,0,0,0,0,0
računanje,0,0,0,0,0,0,0,0,0,0
izračunati,0,0,0,0,0,0,0,0,0,0
Računalo,0,0,0,0,0,0,0,0,0,0
drug,0,0,0,0,0,0,1,0,0,1
kon,0,0,0,0,0,0,0,0,0,0
ulančavanje,0,0,0,0,0,0,0,0,0,0
konkavan,0,0,0,0,0,0,0,0,0,0
prikriti,0,0,0,0,0,1,0,1,0,0
skriveno,0,1,0,1,0,1,0,0,1,0
prikrivanje,1,1,0,1,0,1,0,0,0,0
umišljenost,0,0,0,0,0,1,0,0,0,0
uobražen,0,0,0,0,0,1,0,0,0,0
zamisliv,0,0,0,0,0,0,0,0,0,0
koncentrat,0,0,0,0,0,0,0,0,0,0
koncentracija,0,0,0,0,0,0,0,0,0,0
koncentrični,0,0,0,0,0,0,1,0,0,0
začeće,0,0,0,0,0,0,0,0,0,0
zabrinutost,0,0,0,0,0,0,0,0,0,0
zabrinut,0,0,0,1,0,0,0,1,0,0
koncert,0,0,0,0,0,0,0,0,0,0
koncesija,0,0,0,0,0,0,0,0,0,0
koncesionar,0,0,0,0,0,0,0,0,0,0
vratar,0,0,0,0,0,0,0,0,0,0
mirenje,0,0,0,0,1,0,1,0,0,1
sažet,0,0,0,0,0,0,0,0,0,0
konklava,0,0,0,0,0,0,0,0,0,0
zaključiti,0,0,0,0,0,0,0,0,0,0
zaključujući,0,0,0,0,0,0,1,0,0,0
zaključak,0,0,0,0,0,0,0,0,0,0
izmišljotina,0,0,0,0,0,0,0,0,0,0
popratni,0,0,0,0,0,0,0,0,0,0
suglasnost,0,0,0,0,0,0,1,0,0,1
suglasnost,0,0,0,0,0,0,1,0,0,1
natječe se,0,0,0,0,0,0,0,0,0,0
zborište,0,0,0,0,0,0,0,0,0,0
betonski,0,0,0,0,0,0,0,0,0,0
podudarnost,0,0,0,0,0,0,0,0,0,0
istodobni,0,0,0,0,0,0,0,0,0,0
slažući se,0,0,0,0,0,0,0,0,0,0
potres,1,0,0,0,0,1,0,1,0,0
osuditi,1,0,0,0,0,1,0,0,0,0
osuda,1,1,1,1,0,1,0,1,0,0
kondenzacija,0,0,0,0,0,0,0,0,0,0
kondenzovan,0,0,0,0,0,0,0,0,0,0
snishodljiv,0,0,0,0,0,1,0,0,0,0
snishodljivost,1,0,1,0,0,1,0,1,0,0
začin,0,0,0,0,0,0,0,0,0,0
stanje,0,0,0,0,0,0,0,0,0,0
uvjetno,0,0,0,0,0,0,0,0,0,0
uvjetno,0,0,0,0,0,0,0,0,0,0
uvjetovan,0,0,0,0,0,0,0,0,0,0
Uvjeti,0,0,0,0,0,0,0,0,0,0
sućut,0,0,0,0,0,0,1,1,0,0
opraštati,0,0,0,0,0,0,1,0,0,0
pogodan,0,0,0,0,0,0,1,0,0,0
ponašanje,0,0,0,0,0,0,0,0,0,0
kondukcija,0,0,0,0,0,0,0,0,0,0
provodljivost,0,0,0,0,0,0,1,0,0,0
dirigent,0,0,0,0,0,0,0,0,0,0
cijev,0,0,0,0,0,0,0,0,0,0
konus,0,0,0,0,0,0,0,0,0,0
saveznik,0,0,0,0,0,0,1,0,0,1
konfederacija,0,0,0,0,0,0,0,0,0,0
savjetovati se,0,0,0,0,0,0,0,0,0,0
konferencija,0,0,0,0,0,0,0,0,0,0
priznati,0,0,0,0,0,1,1,0,0,1
ispovijed,0,1,0,1,0,1,0,1,1,0
ispovjedaonica,0,0,0,1,0,0,0,0,0,1
ispovijedi,0,0,0,0,0,0,0,0,0,0
povjeriti,0,0,0,0,0,0,0,0,0,1
samouvjerenost,0,0,0,1,1,0,1,0,0,1
uvjeren,0,0,0,0,1,0,1,0,0,1
povjerljivo,0,0,0,0,0,0,0,0,0,1
povjerljivo,0,0,0,0,0,0,0,0,0,1
konfiguracija,0,0,0,0,0,0,0,0,0,0
ograničiti,1,0,0,1,0,1,0,1,0,0
ograničeno,1,0,1,1,0,1,0,1,0,0
zatvorenost,1,0,0,1,0,1,0,1,0,0
granice,0,0,0,0,0,0,0,0,0,0
potvrditi,0,0,0,0,0,0,0,0,0,0
potvrda,0,0,0,0,0,0,0,0,0,1
potvrdni,0,0,0,0,0,0,0,0,0,0
potvrđeno,0,0,0,0,0,0,1,0,0,1
zaplijeniti,1,0,0,0,0,1,0,1,0,0
oduzimanje,0,0,0,0,0,1,0,0,0,0
požar,1,0,0,1,0,1,0,0,0,0
sukob,1,0,0,1,0,1,0,1,0,0
konfliktni,0,0,0,0,0,1,0,0,0,0
ušće,0,0,0,0,0,0,0,0,0,0
usklađenost,0,0,0,0,0,0,1,0,0,0
konformacija,0,0,0,0,0,0,0,0,0,0
usklađenost,0,0,0,0,0,0,0,0,0,1
zbuniti,0,0,0,0,0,1,0,0,0,0
zbunjeno,0,0,0,0,0,1,0,0,0,0
suočiti,1,0,0,0,0,0,0,0,0,0
zbuniti,0,0,0,0,0,1,0,0,0,0
zbunjenost,1,0,0,1,0,1,0,0,0,0
kongenijalan,0,0,0,0,0,0,1,0,0,0
prirođena,0,0,0,0,0,0,0,0,0,0
zagušenja,0,0,0,0,0,1,0,0,0,0
konglomerat,0,0,0,0,0,0,0,0,0,1
konglomerat,0,0,0,0,0,0,0,0,0,0
čestitajući,0,0,0,0,1,0,1,0,0,0
okupljati se,0,0,0,0,0,0,0,0,0,0
zajednica,0,0,0,0,0,0,1,0,0,1
kongres,0,0,1,0,0,0,0,0,0,1
kongresni,0,0,0,0,0,0,0,0,0,0
kongresmen,0,0,0,0,0,0,0,0,0,1
kongruencija,0,0,0,0,0,0,1,0,0,1
konusni,0,0,0,0,0,0,0,0,0,0
stožast,0,0,0,0,0,0,0,0,0,0
nagađanje,0,1,0,0,0,0,0,0,0,0
bračni,0,0,0,0,0,0,0,0,0,0
konjugirati,0,0,0,0,0,0,0,0,0,0
konjugacija,0,0,0,0,0,0,0,0,0,0
veznik,0,0,0,0,0,0,0,0,0,0
vezivni,0,0,0,0,0,0,0,0,0,0
dočarati,0,1,0,0,0,0,0,0,1,0
dočaravanje,0,0,0,0,0,1,0,0,0,0
Spojiti,0,0,0,0,0,0,0,0,0,0
povezan,0,0,0,0,0,0,0,0,0,0
veza,0,0,0,0,0,0,0,0,0,0
vezni,0,0,0,0,0,0,0,0,0,1
znalac,0,0,0,0,1,0,1,0,0,1
osvojiti,0,0,0,0,0,0,0,0,0,0
osvajač,0,0,0,0,0,0,0,0,0,0
osvajanje,1,0,0,1,0,1,0,0,0,0
savjest,0,0,0,0,0,0,1,0,0,1
savjestan,0,0,0,0,0,0,1,0,0,1
svijest,0,0,0,0,0,0,1,0,0,0
novačenje,0,0,0,0,0,0,0,0,0,0
posvećenje,0,1,0,0,1,0,1,1,0,1
uzastopni,0,0,0,0,0,0,0,0,0,0
pristanak,0,0,0,0,0,0,0,0,0,0
pristajući,0,0,0,0,0,0,0,0,0,0
posljedica,0,0,0,0,0,0,0,0,0,0
posljedično,0,1,0,0,0,0,0,0,0,0
očuvanje,0,1,0,0,0,0,1,0,0,1
konzervativizam,0,0,0,0,0,0,0,0,0,0
konzervativan,0,0,0,0,0,0,0,0,0,0
konzervatorij,0,0,0,0,0,0,0,0,0,0
sačuvati,0,0,0,0,0,0,1,0,0,0
znatan,0,0,0,0,0,0,1,0,0,0
obziran,0,0,0,0,0,0,1,0,0,1
primatelj pošiljke,0,0,0,0,0,0,0,0,0,0
pošiljka,0,0,0,0,0,0,0,0,0,0
dosljednost,0,0,0,0,0,0,1,0,0,1
dosljedan,0,0,0,0,0,0,0,0,0,0
utjeha,0,0,0,0,0,0,0,0,0,0
konzola,0,0,0,0,0,0,1,1,0,0
konsolidirati,0,0,0,0,0,0,0,0,0,0
konsolidacija,0,0,0,0,0,0,0,0,0,0
suglasnik,0,0,0,0,0,0,1,0,0,0
supruga,0,0,0,0,0,0,0,0,0,1
uočljiv,0,0,0,0,0,0,0,0,0,0
zavjera,0,0,0,1,0,0,0,0,0,0
zavjerenik,1,1,1,1,0,1,0,0,0,0
urotiti se,0,0,0,1,0,1,0,0,0,0
pozornik,0,0,0,0,0,0,0,0,0,1
postojanost,0,0,0,0,0,0,1,0,0,1
konstantno,0,0,0,0,0,0,1,0,0,1
konstantno,0,0,0,0,0,0,0,0,0,1
konstelacija,0,0,0,0,0,0,0,0,0,0
konsternacija,1,0,0,1,0,1,0,0,0,0
zatvor,0,0,1,0,0,1,0,0,0,0
sastavni,0,0,0,0,0,0,0,0,0,0
sastavnice,0,0,0,0,0,0,0,0,0,0
konstituirati,0,0,0,0,0,0,0,0,0,1
ustav,0,0,0,0,0,0,0,0,0,0
ustavna,0,0,0,0,0,0,1,0,0,1
ustavnosti,0,0,0,0,0,0,0,0,0,0
nagnati,0,0,0,1,0,1,0,0,0,0
ograničen,0,0,0,0,0,1,0,0,0,0
ograničenje,1,0,0,1,0,1,0,1,0,0
konstruirati,0,0,0,0,0,0,1,0,0,0
konstrukcija,0,0,0,0,0,0,0,0,0,0
protumačiti,0,0,0,0,0,0,0,0,0,0
konzul,0,0,0,0,0,0,0,0,0,1
savjetovati,0,0,0,0,0,0,0,0,0,1
konzultacija,0,0,0,0,0,0,0,0,0,0
konzumirati,0,0,0,0,0,0,0,0,0,0
konzumiranje,0,0,0,0,0,0,0,0,0,0
besprijekoran,0,0,0,0,0,0,1,0,0,0
konzumacija,0,0,0,0,0,0,0,0,0,0
potrošnja,0,0,0,0,0,0,0,0,0,0
kontakt,0,0,0,0,0,0,1,0,0,0
zaraza,0,1,1,1,0,1,0,0,0,0
zarazan,0,0,1,1,0,1,0,0,0,0
obuzdavanje,0,0,0,0,0,0,0,0,0,0
kontaminirati,0,0,1,0,0,1,0,0,0,0
kontaminirano,0,0,1,1,0,1,0,1,0,0
kontaminacija,0,0,1,0,0,1,0,0,0,0
kontemplirati,0,0,0,0,0,0,0,0,0,0
kontemplacija,0,0,0,0,0,0,1,0,0,0
kontemplativan,0,0,0,0,0,0,0,0,0,0
savremen,0,0,0,0,0,0,0,0,0,0
suvremeni,0,0,0,0,0,0,0,0,0,0
prezir,1,0,1,1,0,1,0,0,0,0
prezrivog,1,0,1,0,0,1,0,0,0,0
prezriv,1,0,0,0,0,1,0,0,0,0
natječući se,0,0,0,0,0,0,0,0,0,0
sadržaj,0,0,0,0,1,0,1,0,0,1
tvrdnja,0,0,0,0,0,0,0,0,0,0
sporan,1,0,1,1,0,1,0,0,0,0
sadržaj,0,0,0,0,0,0,0,0,0,0
kontekst,0,0,0,0,0,0,0,0,0,0
granični,0,0,0,0,0,0,0,0,0,0
kontinencija,0,0,0,0,0,0,0,0,0,0
kontinent,0,0,0,0,0,0,0,0,0,0
kontinentalni,0,0,0,0,0,0,0,0,0,0
nepredviđenost,0,0,0,0,0,0,0,0,0,0
kontingent,0,1,0,0,0,0,0,0,0,0
kontinuirano,0,0,0,0,0,0,0,0,0,0
kontinuirano,0,0,0,0,0,0,0,0,0,0
nastavak,0,0,0,0,0,0,0,0,0,0
nastavak,0,1,0,0,0,0,0,0,0,0
nastaviti,0,1,0,0,0,0,1,0,0,1
nastavio,0,0,0,0,0,0,0,0,0,0
nastavljajući,0,0,0,0,0,0,0,0,0,0
kontinuiteta,0,0,0,0,0,0,0,0,0,0
stalan,0,0,0,0,0,0,0,0,0,0
neprekidno,0,0,0,0,0,0,0,0,0,0
kontura,0,0,0,0,0,0,1,0,0,0
krijumčarenje,1,0,1,1,0,1,0,0,0,0
ugovor,0,0,0,0,0,0,0,0,0,0
ugovoreno,0,0,0,0,0,1,0,0,0,0
kontraktilna,0,0,0,0,0,0,0,0,0,0
ugovaranje,0,0,0,0,0,0,0,0,0,0
kontrakcija,0,0,0,0,0,0,0,0,0,0
proturječiti,1,0,0,0,0,1,0,0,0,0
kontradikcija,0,0,0,0,0,1,0,0,0,0
kontradiktoran,0,0,0,0,0,1,0,0,0,0
suprotno,0,0,0,0,0,1,0,0,0,0
kontrast,0,0,0,0,0,0,0,0,0,0
suprotstavljeni,0,0,0,0,0,1,0,0,0,0
proturječiti,0,0,0,0,0,1,0,0,0,0
kršenje,0,0,0,0,0,1,0,0,0,0
doprinositi,0,0,0,0,0,0,1,0,0,0
suradnik,0,0,0,0,0,0,1,0,0,1
neprirodan,0,0,0,0,0,0,0,0,0,0
kontrolirati,0,0,0,0,0,0,0,0,0,0
kontroverzno,1,0,0,0,0,1,0,0,0,0
polemika,0,0,0,0,0,1,0,0,0,0
zagonetka,0,0,0,0,0,0,0,0,0,0
rekonvalescent,0,0,0,0,0,0,0,0,0,0
konvekcija,0,0,0,0,0,0,0,0,0,0
sazvati,0,0,0,0,0,0,0,0,0,0
pogodnost,0,0,0,0,0,0,1,0,0,0
pogodnostima,0,0,0,0,0,0,0,0,0,0
zgodan,0,0,0,0,0,0,1,0,0,0
samostan,0,0,0,0,0,0,1,0,0,1
konvencija,0,0,0,0,0,0,1,0,0,0
konvencionalne,0,0,0,0,0,0,0,0,0,0
konvergirati,0,0,0,0,0,0,0,0,0,0
konvergencija,0,1,0,0,0,0,0,0,0,0
konvergentan,0,0,0,0,0,0,0,0,0,0
upoznat,0,0,0,0,0,0,1,0,0,0
razgovor,0,0,0,0,0,0,0,0,0,0
razgovorni,0,0,0,0,0,0,1,0,0,0
razgovarati,0,0,0,0,0,0,0,0,0,0
razgovarajući,0,0,0,0,0,0,0,0,0,0
obraćenje,0,0,0,0,0,0,0,0,0,0
Pretvoriti,0,0,0,0,0,0,1,0,0,0
pretvoreni,0,0,0,0,0,0,0,0,0,0
kabriolet,0,0,0,0,0,0,0,0,0,0
konveksan,0,0,0,0,0,0,0,0,0,0
konveksnost,0,0,0,0,0,0,0,0,0,0
prenijeti,0,0,0,0,0,0,0,0,0,0
prijenos,0,0,0,0,0,0,0,0,0,0
prijenos,0,0,0,0,0,0,0,0,0,1
osuđenik,1,0,1,1,0,1,0,1,0,0
uvjerenje,0,0,0,0,0,1,0,0,0,0
uvjeriti,0,1,0,0,0,0,1,0,0,1
uvjeren,0,0,0,0,0,0,0,0,0,1
uvjerljiv,0,0,0,0,0,0,0,0,0,1
sazivanje,0,0,0,0,0,0,0,0,0,0
savijen,0,0,0,0,0,0,0,0,0,0
konvolucija,0,0,0,0,0,0,0,0,0,0
konvoj,0,0,0,0,0,0,0,0,0,0
gugutati,0,0,0,0,0,0,0,0,0,0
kuhati,0,0,0,0,0,0,0,0,0,0
kulinarstvo,0,0,0,0,0,0,0,0,0,0
kuhanje,0,0,0,0,0,0,0,0,0,0
cool,0,0,0,0,0,0,1,0,0,0
hladnjak,0,0,0,0,0,0,0,0,0,0
hlađenje,0,0,0,0,0,0,0,0,0,0
hladnokrvnost,0,0,0,0,0,0,1,0,0,0
kavez,1,0,1,0,0,1,0,0,0,0
surađivati,0,0,0,0,0,0,1,0,0,0
surađujući,0,0,0,0,0,0,1,0,0,1
suradnja,0,0,0,0,0,0,1,0,0,1
zadruga,0,0,0,0,0,0,1,0,0,1
Koordinirati,0,0,0,0,0,0,0,0,0,0
policajac,0,0,0,1,0,0,0,0,0,1
obilan,0,0,0,0,0,0,0,0,0,0
bakar,0,0,0,0,0,0,0,0,0,0
kopirati,0,0,0,0,0,1,0,0,0,0
kopija,1,0,1,0,0,1,0,0,0,0
kopiranje,0,0,0,0,0,0,0,0,0,0
autorsko pravo,0,0,0,0,0,0,0,0,0,0
koraljni,0,0,0,0,0,0,0,0,0,0
kabel,0,0,0,0,0,0,0,0,0,0
kordon,0,0,0,0,0,0,0,0,0,0
samt,0,0,0,0,0,0,0,0,0,0
jezgra,0,0,0,0,0,0,1,0,0,0
pluta,0,0,0,0,0,0,0,0,0,0
vadičep,0,0,0,0,0,0,0,0,0,0
kukuruz,0,0,0,0,0,0,0,0,0,0
rožnica,0,0,0,0,0,0,0,0,0,0
kutak,0,0,0,0,0,0,0,0,0,0
kornet,0,0,0,0,0,0,0,0,0,0
vijenac,0,0,0,0,0,0,0,0,0,0
kukuruzni škrob,0,0,0,0,0,0,0,0,0,0
posljedica,0,0,0,0,0,0,0,0,0,0
korona,0,0,0,0,0,0,0,0,0,0
krunidba,0,0,0,0,1,0,1,0,0,1
mrtvozornik,0,0,0,0,0,1,0,0,0,0
kaplar,0,0,0,0,0,1,0,0,0,0
korporativni,0,0,0,0,0,0,0,0,0,0
korporacija,0,0,0,0,0,0,1,0,0,1
tjelesni,0,0,0,0,0,0,1,0,0,0
korpus,0,0,0,0,0,0,0,0,0,0
leš,0,0,1,0,0,1,0,1,0,0
korpus,0,0,0,0,0,0,0,0,0,0
oboru,0,0,0,0,0,0,0,0,0,0
ispravak,0,0,0,0,0,1,0,0,0,0
popravni,0,0,0,0,0,0,1,0,0,0
ispravnost,0,0,0,0,0,0,0,0,0,1
poveznica,0,0,0,0,0,0,0,0,0,0
korelativni,0,0,0,0,0,0,0,0,0,0
dopisivati se,0,0,0,0,0,0,0,0,0,0
Dopisivanje,0,1,0,0,0,0,1,0,0,0
dopisnik,0,0,0,0,0,0,0,0,0,0
hodnik,0,0,0,0,0,0,0,0,0,0
potvrditi,0,0,0,0,0,0,1,0,0,1
potvrda,0,0,0,0,0,0,0,0,0,1
korozija,0,0,0,0,0,1,0,0,0,0
nagrizajući,0,0,0,1,0,1,0,0,0,0
pokvaren,0,0,0,0,0,1,0,0,0,0
kvareći,1,0,1,1,0,1,0,1,0,0
korupcija,0,0,1,0,0,1,0,0,0,0
corse,0,0,0,0,0,0,0,1,0,0
steznik,0,0,0,0,0,0,0,0,0,0
korteks,0,0,0,0,0,0,0,0,0,0
kortikalni,0,0,0,0,0,0,0,0,0,0
korveta,0,0,0,0,0,0,0,0,0,0
kozmetički,0,0,0,0,0,0,0,0,0,0
kozmetika,0,0,0,0,0,0,0,0,0,0
kozmički,0,0,0,0,0,0,0,0,0,0
kozmologija,0,0,0,0,0,0,0,0,0,0
kozmopolitski,0,0,0,0,0,0,1,0,0,1
kozmos,0,0,0,0,0,0,0,0,0,0
trošak,0,0,0,0,0,0,0,0,0,0
skupo,0,0,0,0,0,0,0,0,0,0
kostim,0,0,0,0,0,0,0,0,0,0
udoban,0,0,0,0,0,0,1,0,0,0
dječji krevetić,0,0,0,0,0,0,0,0,0,0
cote,0,0,0,0,0,0,0,0,0,0
vikendica,0,0,0,0,0,0,0,0,0,0
pamuk,0,0,0,0,0,0,0,0,0,0
kauč,0,0,0,0,0,0,0,1,0,0
puma,0,0,0,0,0,0,0,0,0,0
kašalj,0,0,1,0,0,1,0,0,0,0
vijeće,0,1,0,0,0,0,1,0,0,1
savjetnik,0,0,0,0,0,0,1,0,0,1
savjetnik,1,0,0,1,0,1,0,0,0,1
savjetnik,0,0,0,0,0,0,1,0,0,1
računati,0,0,0,0,0,0,1,0,0,1
odbrojavanje,0,1,0,0,0,0,0,0,0,0
lice,0,0,0,0,0,0,0,0,0,0
brojač,0,0,0,0,0,0,0,0,0,0
suprotstaviti se,0,0,0,0,0,0,0,0,0,0
protuteža,0,0,0,0,0,0,0,0,0,0
protutužba,0,0,0,0,0,0,0,0,0,0
pandan,0,0,0,0,0,0,0,0,0,0
grofica,0,0,0,0,0,0,1,0,0,0
nebrojeno mnogo,0,0,0,0,0,0,0,0,0,0
zemlja,0,0,0,0,0,0,0,0,0,0
zemljak,0,0,0,0,0,0,0,0,0,1
broji,0,0,0,0,0,0,0,0,0,0
okrug,0,0,0,0,0,0,0,0,0,1
državni udar,1,0,0,0,0,0,0,0,1,0
par,0,0,0,0,0,0,0,0,0,0
spojen,0,0,0,0,0,0,0,0,0,0
kupon,0,0,0,0,0,0,0,0,0,0
hrabrost,0,0,0,0,0,0,1,0,0,0
hrabar,0,0,0,1,0,0,1,0,0,0
kurir,0,0,0,0,0,0,0,0,0,1
tečajevi,0,0,0,0,0,0,0,0,0,0
kuriranje,0,0,0,0,0,1,0,0,0,0
sud,1,1,0,1,0,0,0,0,0,0
uljudan,0,0,0,0,0,0,1,0,0,0
ljubaznost,0,0,0,0,0,0,1,0,0,0
sudnica,0,0,0,0,0,0,0,0,0,0
sudovi,0,0,0,0,0,0,0,0,0,0
udvaranje,0,1,0,0,1,0,1,0,0,1
dvorište,0,0,0,0,0,0,0,0,0,0
uvala,0,1,1,1,1,0,1,0,0,0
zavjet,0,0,0,0,0,0,1,0,0,1
pokriti,0,0,0,0,0,0,0,0,0,1
pokriveno,0,0,0,0,0,0,0,0,0,0
pokrivati,0,0,0,0,0,0,0,0,0,0
prikriveni,0,0,0,0,0,0,0,0,0,0
žudjeti,0,0,0,0,0,1,0,0,0,0
krava,0,0,0,0,0,0,0,0,0,0
kukavica,0,0,1,1,0,1,0,1,0,0
kukavičluk,0,0,0,1,0,1,0,0,0,0
kukavički,0,0,0,1,0,1,0,0,0,0
kauboj,0,0,0,0,0,0,0,0,0,0
bičevati,0,0,0,0,0,0,0,0,0,0
kapuljača,0,0,0,0,0,0,0,0,0,0
suradnik,0,0,0,0,0,0,0,0,0,0
stidljiv,0,0,0,1,0,0,0,0,0,0
kojot,0,0,0,1,0,0,0,0,0,0
Rak,0,0,0,0,0,0,0,0,0,0
tvrdoglav,1,0,0,0,0,1,0,0,0,0
pukotina,0,0,0,0,0,1,0,0,0,0
napuknut,1,0,0,1,0,1,0,0,0,0
kreker,0,0,0,0,0,0,0,0,0,0
pucanje,0,0,0,0,0,1,0,0,0,0
pucketanje,0,0,0,0,0,0,0,0,0,0
kolijevka,0,1,0,0,1,0,1,0,0,1
zanatski,0,0,0,0,0,0,1,0,0,0
obrtnik,0,0,0,0,0,0,1,0,0,0
lukav,0,0,0,0,0,0,0,0,0,0
craig,0,0,0,0,0,0,0,0,0,0
natrpan,0,0,0,0,0,0,0,0,0,0
grč,0,1,0,0,0,1,0,0,0,0
skučen,0,0,0,0,0,1,0,0,0,0
dizalica,0,0,0,0,0,0,0,0,0,0
lubanja,0,0,0,0,0,0,0,0,0,0
ručica,0,0,0,0,0,1,0,0,0,0
mrzovoljan,1,0,0,0,0,1,0,0,0,0
sranje,0,0,1,0,0,1,0,0,0,0
craps,0,1,0,0,0,0,0,0,0,0
sudar,0,0,0,1,0,1,0,1,1,0
sanduk,0,0,0,0,0,0,0,0,0,0
krater,0,0,0,0,0,0,0,0,0,0
žudjeti,0,1,0,0,0,0,0,0,0,0
žudnja,0,1,0,0,0,0,0,0,0,0
rak,0,0,0,0,0,0,0,0,0,0
puzati,0,0,1,0,0,1,0,0,0,0
bojice,0,0,0,0,0,0,0,0,0,0
zaluđenost,0,0,0,0,0,0,0,0,0,0
bjesomučan,1,0,0,1,0,1,0,0,0,0
lud,1,0,0,1,0,1,0,1,0,0
škripajući,0,0,0,0,0,1,0,0,0,0
krema,0,1,0,0,1,0,1,0,1,0
krema za vrhnje,0,0,0,0,0,0,0,0,0,0
kremasti,0,0,0,0,0,0,0,0,0,0
nabor,0,0,0,0,0,0,0,0,0,0
stvoriti,0,0,0,0,1,0,1,0,0,0
stvaranje,0,0,0,0,0,0,0,0,0,0
kreativan,0,0,0,0,0,0,1,0,0,0
kreator,0,0,0,0,0,0,0,0,0,0
stvorenje,0,0,1,1,0,1,0,0,0,0
vjerodostojnost,0,0,0,0,0,0,1,0,0,1
uvjerenje,0,0,0,0,0,0,1,0,0,1
vjerodajnice,0,0,0,0,0,0,0,0,0,0
vjerodostojnost,0,0,0,0,0,0,1,0,0,1
vjerodostojan,0,0,0,0,0,0,1,0,0,1
Kreditna,0,0,0,0,0,0,1,0,0,1
zaslužan,0,0,0,0,0,0,1,0,0,1
zaslužan,0,0,0,0,0,0,1,0,0,0
kreditiranje,0,0,0,0,0,0,0,0,0,0
povjerilac,0,0,0,0,0,0,0,0,0,0
vjeroispovijest,0,0,0,0,0,0,0,0,0,0
potok,0,0,0,0,0,0,0,0,0,0
puzati,0,0,0,0,0,1,0,0,0,0
puzanje,0,1,0,0,0,0,0,0,0,0
kremiranje,0,0,0,0,0,0,0,1,0,0
kreolski,0,0,0,0,0,0,0,0,0,0
krešendo,0,1,0,0,1,0,1,0,1,1
polumjesec,0,0,0,0,0,0,0,0,0,0
pukotina,0,0,0,0,0,0,0,0,0,0
posada,0,0,0,0,0,0,0,0,0,1
jasle,0,0,0,0,0,0,0,0,0,0
kriket,0,0,0,0,0,0,0,0,0,0
zločin,1,0,0,0,0,1,0,0,0,0
zločinac,1,0,1,1,0,1,0,0,0,0
kriminalitet,1,0,1,1,0,1,0,0,0,0
naborati,0,0,0,0,0,0,0,0,0,0
grimizna,0,0,0,0,0,0,0,0,0,0
dodvoravanje,0,0,1,1,0,1,0,1,0,0
bogalj,0,0,0,1,0,1,0,1,0,0
osakaćen,0,0,0,0,0,1,0,1,0,0
kriza,0,0,0,0,0,1,0,0,0,0
hrskav,0,0,0,0,0,1,0,0,0,1
kriterij,0,0,0,0,0,0,0,0,0,0
kritičar,0,0,0,0,0,1,0,0,0,0
kritika,1,0,0,0,0,1,0,1,0,0
kritizirati,1,0,1,1,0,1,0,1,0,0
kritika,0,0,0,0,0,0,1,0,0,0
stvorenje,0,0,1,0,0,0,0,0,0,0
graknuti,0,0,0,0,0,0,0,0,0,0
zemljani lonac,0,0,0,0,0,0,0,0,0,0
posuđe,0,0,0,0,0,0,0,0,0,0
krokodil,0,0,0,1,0,0,0,0,0,0
croft,0,0,0,0,0,0,0,0,0,0
lopov,0,0,0,0,0,1,0,0,0,0
usjev,0,0,0,0,0,0,0,0,0,0
kriket,0,0,0,0,0,0,0,0,0,0
križ,1,0,0,1,0,1,0,1,0,0
samostrel,0,0,0,0,0,0,0,0,0,0
prešao,0,0,0,0,0,0,0,0,0,0
prijelaz,0,0,0,0,0,0,0,0,0,0
prepone,0,0,0,0,0,0,0,0,0,0
čučnuti,0,0,0,1,0,0,0,0,0,0
zgrčena,0,0,0,0,0,0,0,0,0,0
čučeći,0,0,0,1,0,1,0,0,0,0
krupije,0,0,0,0,0,0,0,0,0,0
vrana,0,0,0,0,0,0,0,0,0,0
gužva,0,0,0,0,0,0,0,0,0,0
natrpan,0,0,0,0,0,0,0,0,0,0
kruna,0,0,0,0,0,0,0,0,0,0
krunidba,0,1,0,0,1,0,1,0,1,1
presudno,0,0,0,0,0,0,1,0,0,1
križni,0,0,0,0,0,1,0,0,0,0
raspelo,0,0,0,0,0,0,0,0,0,0
raspeće,1,0,1,1,0,1,0,1,0,0
sirove,0,0,1,0,0,1,0,0,0,0
okrutan,1,0,1,1,0,1,0,1,0,0
okrutno,1,0,0,1,0,1,0,0,0,0
okrutnost,1,0,1,1,0,1,0,1,0,0
krstarenje,0,0,0,0,0,0,0,0,0,0
kruzer,0,0,0,0,0,0,0,0,0,0
mrvica,0,0,0,0,0,0,0,0,0,0
raspadajući se,0,0,0,0,0,1,0,1,0,0
škripanje,1,0,0,0,0,1,0,0,0,0
križarski rat,1,0,0,1,0,1,0,0,0,0
simpatija,0,0,0,0,0,0,0,0,0,0
zgnječen,1,0,1,1,0,1,0,1,0,0
drobljenje,1,0,1,1,0,1,0,0,0,0
kora,0,0,0,0,0,0,0,0,0,0
skoren,0,0,1,0,0,1,0,0,0,0
štaka,0,0,0,0,0,0,0,0,0,0
srž,0,0,0,0,0,0,0,0,0,0
plakati,0,0,0,0,0,1,0,1,0,0
plač,0,0,0,0,0,1,0,1,0,0
kripta,0,0,0,1,0,1,0,1,0,0
zagonetan,0,0,0,0,0,0,0,0,0,0
kriptografija,0,0,0,0,0,0,0,0,0,0
kristal,0,0,0,0,0,0,1,0,0,0
kristalan,0,0,0,0,0,0,0,0,0,0
kristalizacija,0,0,0,0,0,0,0,0,0,0
mladunče,0,0,0,0,0,0,0,0,0,0
kocka,0,0,0,0,0,0,0,0,0,1
kabina,0,0,0,0,0,0,0,0,0,0
rogonja,0,0,1,0,0,1,0,0,0,0
kukavica,0,0,0,0,0,1,0,0,0,0
maziti,0,0,0,0,1,0,1,0,0,1
znak,0,1,0,0,0,0,0,0,0,0
lisičine za ruke,0,0,0,0,0,0,0,0,0,0
kuhinja,0,0,0,0,0,0,0,0,0,0
kulinarski,0,0,0,0,0,0,1,0,0,1
izbaciti,0,0,0,0,0,1,0,0,0,0
kulminirati,0,0,0,0,0,0,0,0,0,0
kulminacija,0,0,0,0,0,0,1,0,0,0
krivnja,0,0,0,0,0,1,0,0,0,0
kriv,0,0,0,0,0,1,0,0,0,0
krivac,0,0,0,0,0,1,0,0,0,0
kult,0,0,0,1,0,1,0,0,0,0
kultivirati,0,1,0,0,0,0,1,0,0,1
kultiviran,0,0,0,0,0,0,1,0,0,0
uzgoj,0,0,0,0,0,0,1,0,0,0
Kultura,0,0,0,0,0,0,1,0,0,0
odvodni kanal,0,0,0,0,0,0,0,0,0,0
glomazan,0,0,0,0,0,1,0,1,0,0
kumulus,0,0,0,0,0,0,0,0,0,0
lukav,0,0,0,0,0,1,1,0,0,0
kupa,0,0,0,0,0,0,0,0,0,0
ormarić,0,0,0,0,0,0,0,0,0,0
proces puštanja krvi,0,0,1,1,0,1,0,1,0,0
cur,1,0,1,1,0,1,0,0,0,0
izlječiv,0,0,0,0,0,0,1,0,0,1
kustos,0,0,0,0,0,0,0,0,0,0
ljekovito,0,0,0,0,0,0,0,0,0,0
kustos,0,0,0,0,0,0,0,0,0,0
obuzdati,0,0,0,0,0,0,0,0,0,0
skuta,0,0,0,0,0,0,0,0,0,0
policijski sat,0,0,0,0,0,0,0,0,0,0
znatiželja,0,1,0,0,0,0,1,0,1,0
kovrča,0,0,0,0,0,0,1,0,0,0
uvijanje,0,0,0,0,0,0,0,0,0,0
valuta,0,0,0,0,0,0,0,0,0,0
Trenutno,0,0,0,0,0,0,0,0,0,0
nastavni plan i program,0,0,0,0,0,0,0,0,0,0
curry,0,0,0,0,0,0,0,0,0,0
kletva,1,0,1,1,0,1,0,1,0,0
prokleti,1,0,0,1,0,1,0,1,0,0
psujući,1,0,1,0,0,1,0,0,0,0
letimičan,0,0,0,0,0,1,0,0,0,0
osoran,0,0,0,0,0,0,0,0,0,0
skratiti,0,0,0,0,0,0,0,0,0,0
smanjenje,0,0,0,0,0,0,0,0,0,0
zavjesa,0,0,0,0,0,0,0,0,0,0
zakrivljenost,0,0,0,0,0,0,0,0,0,0
zavoj,0,0,0,0,0,0,0,0,0,0
zakrivljen,0,0,0,0,0,0,0,0,0,0
krivolinijski,0,0,0,0,0,0,0,0,0,0
jastuk,0,0,0,0,0,0,1,0,0,0
vrh,0,0,0,0,0,0,0,0,0,0
psovao,1,0,0,0,0,0,0,0,0,0
skrbnik,0,0,0,0,0,0,0,0,0,1
skrbništvo,0,0,0,0,0,0,0,0,0,1
prilagođen,0,0,0,0,0,0,0,0,0,0
uobičajen,0,0,0,0,0,0,0,0,0,0
kupac,0,0,0,0,0,0,1,0,0,0
izrezati,0,0,0,0,0,0,0,0,0,0
kožni,0,0,0,0,0,0,0,0,0,0
sladak,0,0,0,0,0,0,1,0,0,0
zanoktica,0,0,0,0,0,0,0,0,0,0
pribor za jelo,0,0,0,0,0,0,0,0,0,0
rezač,0,0,0,1,0,1,0,0,0,0
rezači,0,0,0,0,0,0,1,0,0,0
koljač,1,0,0,1,0,1,0,0,0,0
rezanje,1,0,1,1,0,1,0,1,0,0
reznice,0,0,0,0,0,0,0,0,0,0
cwt,0,0,0,0,0,0,0,0,0,0
cijanid,0,0,0,1,0,1,0,0,0,0
ciklus,0,0,0,0,0,0,0,0,0,0
ciklički,0,0,0,0,0,0,0,0,0,0
biciklista,0,0,0,0,0,0,0,0,0,0
ciklon,0,0,0,1,0,1,0,0,1,0
cilindar,0,0,0,0,0,0,0,0,0,0
cilindričan,0,0,0,0,0,0,0,0,0,0
činela,0,0,0,0,0,0,0,0,0,0
cinik,0,0,0,0,0,0,0,0,0,0
cista,0,0,0,1,0,1,0,1,0,0
cistična,0,0,1,0,0,0,0,0,0,0
citomegalovirus,0,0,0,0,0,1,0,1,0,0
citoplazma,0,0,0,0,0,0,0,0,0,0
car,0,0,0,0,0,0,0,0,0,0
mrlja,0,0,0,0,0,0,0,0,0,0
petljati se,0,0,0,0,0,0,0,0,0,0
petljanje,1,0,1,0,0,1,0,0,0,0
tata,0,0,0,0,0,0,0,0,0,0
dado,0,0,0,0,0,0,0,0,0,0
demon,1,0,1,1,0,1,0,1,1,0
budalast,0,0,1,0,0,1,0,0,0,0
bodež,0,0,0,1,0,1,0,0,0,0
dnevno,0,1,0,0,0,0,0,0,0,0
poslastica,0,0,0,0,0,0,0,0,0,0
mliječni proizvodi,0,0,0,0,0,0,0,0,0,0
dak,0,0,0,0,0,0,0,0,0,0
dale,0,0,0,0,0,0,0,0,0,0
brana,0,0,0,0,0,0,0,0,0,0
šteta,1,0,1,0,0,1,0,1,0,0
štete,0,0,0,0,0,1,0,1,0,0
dama,1,0,1,0,0,0,1,0,0,1
proklet,1,0,1,0,0,1,0,0,0,0
prokletstvo,1,0,0,1,0,1,0,1,0,0
prokleta,0,0,0,0,0,1,0,0,0,0
vlažna,0,0,0,0,0,0,0,0,0,0
prigušena,0,0,0,0,0,0,0,0,0,0
zaklopka,0,0,0,0,0,1,0,0,0,0
djevojka,0,0,0,0,0,0,0,0,0,0
ples,0,0,0,0,1,0,1,0,0,1
plesač,0,0,0,0,0,0,0,0,0,0
prhut,0,0,0,0,0,1,0,0,0,0
kicoš,0,0,1,0,0,1,0,0,0,0
opasnost,0,0,0,1,0,1,0,1,0,0
opasno,0,0,0,1,0,1,0,0,0,0
viseti,0,0,0,0,0,0,0,0,0,0
vlažan,0,0,1,0,0,0,0,0,0,0
dotjeran,0,0,0,0,0,0,0,0,0,0
usuditi se,0,1,0,0,0,0,0,0,0,1
smion,0,0,0,0,0,0,1,0,0,0
mračno,0,0,0,0,0,0,0,1,0,0
potamniti,0,0,0,1,0,1,0,1,0,0
potamnio,0,0,0,1,0,1,0,1,0,0
mračno,0,0,0,0,0,0,0,0,0,0
tama,1,0,0,1,0,1,0,1,0,0
dragi,0,0,0,0,1,0,1,0,0,1
prokleti,0,0,0,0,0,0,0,0,0,0
strijelica,0,0,0,1,0,0,0,0,0,0
crtica,0,0,0,0,0,0,0,0,0,0
nadzorna ploča,0,0,0,0,0,0,0,0,0,0
isprekidano,1,0,0,1,0,1,0,1,0,0
poletan,0,0,0,0,0,0,1,0,0,0
kukavički,1,0,1,1,0,1,0,0,0,0
podaci,0,0,0,0,0,0,0,0,0,0
baza podataka,0,0,0,0,0,0,0,0,0,0
datum,0,0,0,0,0,0,0,0,0,0
kći,0,0,0,0,1,0,1,0,0,0
zora,0,1,0,0,1,0,1,0,1,1
dan,0,0,0,0,0,0,0,0,0,0
svitanje,0,0,0,0,0,0,0,0,0,0
sanjarenje,0,0,0,0,0,0,0,0,0,0
ošamućenost,0,0,0,0,0,0,0,0,0,0
omamljen,0,0,0,0,0,1,0,0,0,0
blistav,0,0,0,0,0,0,0,0,0,0
đakon,0,0,0,0,0,0,0,0,0,1
deaktivirati,0,0,0,0,0,1,0,0,0,0
zastoj,0,0,0,0,0,1,0,0,0,0
smrtonosan,1,0,1,1,0,1,0,1,0,0
zaglušujući,0,0,0,0,0,0,0,0,0,0
gluhoća,0,0,0,0,0,0,0,0,0,0
Dogovor,0,1,0,0,1,0,1,0,1,1
trgovac,0,0,0,0,0,0,0,0,0,0
bavljenje,0,0,0,0,0,0,0,0,0,0
poslovima,0,0,0,0,0,0,0,0,0,1
dekan,0,0,0,0,0,0,0,0,0,0
draga,0,0,0,0,0,0,1,0,0,0
nestašica,0,0,0,0,0,0,0,0,0,0
smrt,1,1,1,1,0,1,0,1,1,0
debakl,0,0,0,1,0,1,0,1,0,0
sporan,0,0,0,0,0,0,0,0,0,0
rasprava,0,0,0,0,0,0,1,0,0,0
razvrat,0,0,1,1,0,1,0,0,0,0
zadužnica,0,1,0,0,0,0,0,0,0,0
zaduženje,0,0,0,0,0,0,0,0,0,0
krhotine,0,0,1,0,0,1,0,0,0,0
dug,0,0,0,0,0,1,0,1,0,0
dužnik,0,0,0,0,0,1,0,0,0,0
debi,0,0,0,0,0,0,0,0,0,0
desetljeće,0,0,0,0,0,0,0,0,0,0
dekanter,0,0,0,0,0,0,0,0,0,0
propadanje,0,0,0,1,0,1,0,1,0,0
raspadnut,0,0,1,0,0,1,0,1,0,0
umrli,0,0,0,0,0,1,0,1,0,0
prijevara,1,0,1,1,0,1,0,1,1,0
lažljiv,0,0,1,0,0,1,0,1,0,0
prevariti,1,0,1,0,0,1,0,1,0,0
prevareni,1,0,0,0,0,1,0,0,0,0
zavaravajući,0,0,0,0,0,1,0,0,0,1
pristojnost,0,0,0,0,0,0,1,0,0,0
pristojan,0,0,0,0,0,0,1,0,0,0
prijevara,0,0,0,0,0,1,0,0,0,0
varljiv,0,0,0,0,0,1,0,0,0,0
odlučno,0,0,0,0,0,0,0,0,0,0
listopadne,0,0,0,0,0,0,0,0,0,0
decimal,0,0,0,0,0,0,0,0,0,0
dešifrirati,0,0,0,0,0,0,0,0,0,0
odluka,0,0,0,0,0,0,0,0,0,0
odlučujući,0,0,0,0,0,0,0,0,0,0
špil,0,0,0,0,0,0,0,0,0,0
deklaracija,0,0,0,0,0,0,0,0,0,0
deklaratorni,0,0,0,0,0,0,1,0,0,0
proglasiti,0,0,0,0,0,0,0,0,0,0
deklinacija,0,0,0,0,0,1,0,0,0,0
odbiti,0,0,0,0,0,1,0,0,0,0
opadajući,0,0,0,0,0,1,0,0,0,0
razgraditi se,0,0,1,0,0,0,0,0,0,0
razgrađena,0,0,0,0,0,0,0,1,0,0
raspad,0,0,1,1,0,1,0,1,0,0
ukrasiti,0,0,0,0,0,0,0,0,0,0
ukras,0,0,0,0,0,0,0,0,0,0
dekorum,0,0,0,0,0,0,0,0,0,0
mamac,0,0,0,0,0,0,0,0,1,0
smanjenje,0,0,0,0,0,1,0,0,0,0
smanjena,0,0,0,0,0,0,0,0,0,0
smanjujući se,0,0,0,0,0,0,0,0,0,0
dekret,0,0,0,0,0,0,0,0,0,0
smanjenje,0,0,0,0,0,1,0,0,0,0
oronuo,0,0,0,0,0,1,0,0,0,0
osuđivati,1,0,0,0,0,1,0,0,0,0
posveta,0,0,0,0,0,0,1,0,0,0
zaključiti,0,0,0,0,0,0,0,0,0,0
odbiti,0,0,0,0,0,1,0,0,0,0
odbitak,0,0,0,0,0,0,0,0,0,0
djelo,0,0,0,0,0,0,0,0,0,1
produbiti,0,0,0,0,0,0,0,0,0,0
jelen,0,0,0,0,0,0,0,0,0,0
klevetanje,0,0,1,1,0,1,0,0,0,0
klevetnički,1,0,0,0,0,1,0,0,0,0
zadano,0,0,1,1,0,1,0,1,0,0
poraz,0,0,0,0,0,1,0,0,0,0
poraženi,0,0,0,0,0,1,0,1,0,0
mana,1,0,0,0,0,1,0,0,0,0
prebjeg,0,0,0,1,0,1,0,0,0,0
neispravan,0,0,1,0,0,1,0,0,0,0
braniti,0,0,0,1,0,0,1,0,0,0
tuženik,1,0,0,1,0,0,0,1,0,0
branio,0,0,0,0,0,0,1,0,0,1
branitelj,0,0,0,0,0,0,1,0,0,1
braneći se,0,0,0,0,0,0,1,0,0,0
obrana,1,1,0,1,0,0,1,0,0,0
bez obrane,0,0,0,1,0,1,0,1,0,0
branljiv,0,0,0,0,0,0,0,0,0,0
obrambeni,0,0,0,0,0,0,0,0,0,0
odgoditi,0,0,0,0,0,0,0,0,0,0
poštovanje,0,0,0,0,0,0,1,0,0,1
odgoda,0,0,0,0,0,1,0,0,0,0
odgađajući,0,0,0,0,0,0,0,0,0,0
prkos,1,0,1,1,0,1,0,0,0,0
prkosan,1,0,0,0,0,1,0,0,0,0
nedostatak,0,0,0,0,0,1,0,0,0,0
deficit,0,0,0,0,0,1,0,0,0,0
definirati,0,0,0,0,0,0,0,0,0,0
definiran,0,0,0,0,0,0,0,0,0,0
definicija,0,0,0,0,0,0,0,0,0,0
konačan,0,0,0,0,0,0,1,0,0,1
ispuhati,1,0,0,0,0,1,0,1,0,0
deflacija,0,0,0,1,0,1,0,0,0,0
skrenuti,0,0,0,0,0,0,0,0,0,0
otklon,0,0,0,0,0,0,0,0,0,0
defloracija,0,0,0,0,0,0,0,0,0,0
deformirati,0,0,1,0,0,1,0,0,0,0
deformiran,0,0,1,0,0,1,0,1,0,0
deformacija,0,0,1,1,0,1,0,1,0,0
prevariti,1,0,1,0,0,1,0,0,0,0
pokrivati,0,0,0,0,0,0,0,0,0,0
spretan,0,0,0,0,0,0,0,0,0,0
mrtav,0,0,0,0,0,1,0,1,0,0
prkositi,1,0,0,1,0,1,0,1,1,0
izrođenost,1,0,1,0,0,1,0,1,0,0
degenerirati,0,0,0,0,0,1,0,0,0,0
degeneracija,0,0,0,0,0,0,0,0,0,0
degradacija,0,0,0,0,0,1,0,0,0,0
degradirati,0,0,1,0,0,1,0,0,0,0
degradirajući,0,0,1,1,0,1,0,1,0,0
stupanj,0,0,0,0,0,0,1,0,0,0
dehidriran,0,0,0,0,0,0,0,0,0,0
odgoditi,1,0,1,1,0,1,0,1,0,0
odgođeno,0,0,0,0,0,1,0,0,0,0
sladak,0,0,0,0,0,0,1,0,0,0
delegat,0,0,0,0,0,0,1,0,0,1
delegacija,0,0,0,0,0,0,0,0,0,0
štetan,1,0,1,1,0,1,0,0,0,0
brisanje,0,0,0,0,0,1,0,0,0,0
namjerno,0,0,0,0,0,0,1,0,0,0
razmatranje,0,0,0,0,0,0,0,0,0,0
deliberativni,0,0,0,0,0,0,0,0,0,0
poslastica,0,0,0,0,0,0,0,0,0,0
ukusno,0,0,0,0,1,0,1,0,0,0
oduševljenje,0,1,0,0,1,0,1,0,0,0
oduševljena,0,1,0,0,1,0,1,0,1,0
divan,0,1,0,0,1,0,1,0,0,1
ocrtati,0,0,0,0,0,0,0,0,0,0
ocrtavanje,0,0,0,0,0,0,0,0,0,0
delinkvencija,0,0,0,0,0,1,0,0,0,0
delinkvent,1,0,1,0,0,1,0,0,0,0
deliričan,0,0,0,0,0,1,0,1,0,0
delirijum,0,0,1,0,0,1,0,1,0,0
oslobođenje,0,1,0,0,1,0,1,0,0,1
dostava,0,1,0,0,0,0,1,0,0,0
dell,0,0,0,0,0,0,0,0,0,0
delta,0,0,0,0,0,0,0,0,0,0
potop,0,0,0,1,0,1,0,1,1,0
zabluda,1,0,0,1,0,1,0,1,0,0
deluzioni,1,0,0,1,0,1,0,0,0,0
kopati,0,0,0,0,0,0,0,0,0,0
zahtijevajte,1,0,0,0,0,1,0,0,0,0
zahtjevan,0,0,0,0,0,1,0,0,0,0
ponašanje,0,0,0,0,0,0,0,0,0,0
dementan,0,0,0,1,0,1,0,0,0,0
demencija,0,0,0,1,0,1,0,1,0,0
propast,0,0,0,1,0,1,0,1,0,0
demokracija,0,0,0,0,0,0,1,0,0,0
demokrata,0,0,0,0,0,0,0,0,0,0
rušiti,1,0,0,0,0,1,0,1,0,0
rušenje,0,0,0,0,0,1,0,0,0,0
demon,1,0,1,1,0,1,0,1,0,0
demonski,1,0,1,1,0,1,0,1,0,0
dokaziv,0,0,0,0,0,0,1,0,0,0
demonstrirati,0,0,0,0,0,0,0,0,0,0
pokazao,0,0,0,0,0,0,0,0,0,0
demonstrirajući,0,0,0,0,0,0,0,0,0,0
demonstracija,0,0,0,0,0,0,0,0,0,0
demonstrativna,0,0,0,0,1,0,1,1,0,0
demonstrator,0,0,0,0,0,0,0,0,0,0
demoraliziran,0,0,0,1,0,1,0,1,0,0
demonstracije,0,0,0,0,0,0,0,0,0,0
jazbina,0,0,0,0,0,0,0,0,0,0
poricanje,0,0,0,0,0,1,0,0,0,0
odbijeno,0,0,0,0,0,1,0,1,0,0
vjeroispovijest,0,0,0,0,0,0,0,0,0,0
konfesionalni,0,0,0,0,0,0,0,0,0,0
nazivnik,0,0,0,0,0,0,0,0,0,0
označiti,0,0,0,0,0,0,0,0,0,0
otkazati,1,0,1,0,0,1,0,0,0,0
gusta,0,0,0,0,0,0,0,0,0,0
gustoća,0,0,0,0,0,0,0,0,0,0
utiskivati,0,0,0,0,0,0,0,0,0,0
stomatologija,0,0,0,1,0,0,0,0,0,0
denunciranje,1,0,1,1,0,1,0,0,0,0
poricati,1,0,0,0,0,1,0,0,0,0
niječući,0,1,0,0,0,1,0,0,0,0
dezodorans,0,0,0,0,0,0,0,0,0,0
otići,0,1,0,0,0,0,0,1,0,0
otišao,0,0,0,0,0,1,0,1,0,0
odjelu,0,0,0,0,0,0,0,0,0,0
odlazak,0,0,0,0,0,1,0,1,0,0
ovisiti,0,1,0,0,0,0,0,0,0,1
ovisan,0,0,0,0,0,0,0,0,0,0
ovisnost,0,0,0,1,0,1,0,1,0,0
ovisnost,0,0,0,0,0,1,0,0,0,0
ovisan,0,0,0,0,0,1,1,0,0,1
prikazati,0,0,0,0,0,0,0,0,0,0
prikazujući,0,0,0,0,0,0,0,0,0,0
iscrpljenost,0,0,0,0,0,0,0,0,0,0
žalosno,1,0,1,1,0,1,0,1,0,0
žaliti,1,0,1,0,0,1,0,1,0,0
rasporediti,0,0,0,0,0,0,0,0,0,0
deportirati,0,0,0,1,0,1,0,1,0,0
deportacija,1,0,0,1,0,1,0,1,0,0
depozit,0,0,0,0,0,0,0,0,0,0
depozitar,0,0,0,0,0,0,0,0,0,0
taloženje,0,0,0,0,0,0,0,0,0,0
depozitar,0,0,0,0,0,0,0,0,0,1
depo,0,0,0,0,0,0,0,0,0,0
razvratan,1,1,1,1,0,1,0,1,0,0
izopačenost,1,0,1,0,0,1,0,0,0,0
amortizirati,1,0,1,0,0,1,0,0,0,0
amortiziran,1,0,1,1,0,1,0,1,0,0
amortizacija,0,0,0,1,0,1,0,0,0,0
pritisnuti,0,0,0,1,0,1,0,1,0,0
depresivno,1,0,0,1,0,1,0,1,0,0
depresivno,0,0,1,0,0,1,0,1,0,0
depresija,0,0,0,0,0,1,0,1,0,0
depresivno,0,0,0,0,0,1,0,1,0,0
uskraćivanje,1,0,1,1,0,1,0,1,0,0
dubina,0,0,0,0,0,0,1,0,0,1
zamjenik,0,0,0,0,0,0,0,0,0,1
iskočiti iz tračnica,0,0,0,0,0,0,0,0,0,0
poremećen,1,0,1,1,0,1,0,0,0,0
zapuštena,0,0,0,0,0,1,0,0,0,0
ismijavanje,1,0,1,0,0,1,0,0,0,0
izvođenje,0,0,0,0,0,0,0,0,0,0
izvedenica,0,0,0,0,0,0,0,0,0,0
izvesti,0,0,0,0,0,0,0,0,0,0
kožni,0,0,0,0,0,0,0,0,0,0
dermatolog,0,0,0,0,0,0,0,0,0,1
dermatologija,0,0,0,0,0,0,0,0,0,0
derogacija,1,0,1,1,0,1,0,1,0,0
pogrdno,1,0,1,1,0,1,0,1,0,0
spustiti se,0,0,0,0,0,0,0,0,0,0
potomak,0,0,0,0,0,0,0,0,0,0
potomak,0,0,0,0,0,0,0,0,0,0
silazni,0,0,0,0,0,0,0,0,0,0
silazak,0,0,0,1,0,0,0,1,0,0
opisati,0,0,0,0,0,0,0,0,0,0
opis,0,0,0,0,0,0,0,0,0,0
opisni,0,0,0,0,0,0,1,0,0,0
skrnavljenje,1,0,1,1,0,1,0,1,0,0
pustinja,1,0,1,1,0,1,0,1,0,0
napušten,1,0,1,1,0,1,0,1,0,0
dezerterstvo,0,0,0,0,0,1,0,0,0,0
zaslužiti,1,1,0,0,0,0,1,0,0,1
zasluženo,0,0,0,0,0,0,1,0,0,0
zaslužan,0,0,0,0,0,0,0,0,0,0
oblikovati,0,0,0,0,0,0,0,0,0,0
odrediti,0,0,0,0,0,0,0,0,0,0
oznaka,0,0,0,0,0,0,0,0,0,1
dizajnirani,0,0,0,0,0,0,0,0,0,0
dizajner,0,0,0,0,0,0,1,0,0,0
projektiranje,0,0,0,0,0,0,0,0,0,0
poželjnost,0,0,0,0,0,0,0,0,0,0
poželjan,0,0,0,0,0,0,1,0,0,0
željni,0,0,0,0,0,0,1,0,0,0
željna,0,0,0,0,0,0,1,0,0,0
odustati,1,0,1,0,0,1,0,0,0,0
radni stol,0,0,0,0,0,0,0,0,0,0
pustoš,0,0,0,1,0,1,0,1,0,0
očaj,1,0,1,1,0,1,0,1,0,0
očajavajući,0,0,0,1,0,1,0,1,0,0
depeša,0,0,0,0,0,0,0,0,0,0
očajan,0,0,0,0,0,1,0,0,0,0
očaj,0,0,0,0,0,0,0,0,0,0
vrijedan prezira,1,0,1,0,0,1,0,0,0,0
prezirati,1,0,1,0,0,1,0,0,0,0
despotski,0,0,0,1,0,1,0,0,0,0
despotizam,1,0,1,1,0,1,0,1,0,0
desert,0,0,0,0,0,0,0,0,0,0
odredište,0,1,0,1,1,0,1,1,1,0
suđeno,0,1,0,0,0,0,0,0,0,0
sudbina,0,0,0,0,0,0,0,0,0,0
oskudica,0,0,0,1,0,1,0,1,0,0
uništeno,1,0,0,1,0,1,0,1,0,0
razarač,1,0,0,1,0,1,0,0,0,0
uništavajući,1,0,0,1,0,1,0,1,0,0
uništenje,1,0,0,0,0,1,0,0,0,0
destruktivno,1,0,1,1,0,1,0,0,0,0
odvojiti,0,0,0,0,0,0,0,0,0,0
odvojena,0,0,0,0,0,0,0,0,0,0
odvojenost,0,0,0,0,0,1,0,0,0,0
detalj,0,0,0,0,0,0,0,0,0,0
pojedinosti,0,0,0,0,0,0,0,0,0,0
pritvoriti,0,0,0,0,0,1,0,0,0,0
pritvorenik,1,1,0,1,0,1,0,1,0,0
otkriti,0,0,0,0,0,0,1,0,0,0
detektabilan,0,0,0,0,0,0,0,0,0,0
otkrivanje,0,0,0,0,0,0,1,0,0,0
detektiv,0,0,0,0,0,0,0,0,0,0
detektor,0,0,0,0,0,0,0,0,0,0
pritvor,0,0,0,0,0,1,0,1,0,0
odvratiti,0,0,0,0,0,0,0,0,0,0
deterdžent,0,0,0,0,0,0,0,0,0,0
pogoršati,0,0,0,1,0,1,0,1,0,0
pogoršalo se,0,0,1,0,0,1,0,1,0,0
pogoršanje,1,0,1,1,0,1,0,1,0,0
odrediv,0,0,0,0,0,0,0,0,0,0
određen,0,1,0,0,0,0,0,0,0,1
odlučnost,0,0,0,0,0,0,1,0,0,1
odlučan,0,0,0,0,0,0,1,0,0,0
mrziti,1,0,1,0,0,1,0,0,0,0
detonirati,0,0,0,1,0,1,0,0,1,0
detonacija,1,0,0,0,0,0,0,0,0,0
obilaznica,0,0,0,0,0,0,0,0,0,0
umanjiti,1,0,0,0,0,1,0,0,0,0
šteta,0,0,0,0,0,1,0,0,0,0
štetan,0,0,0,0,0,1,0,0,0,0
detritus,0,0,0,0,0,1,0,0,0,0
dvojka,0,0,0,0,0,0,0,0,0,0
opustošiti,1,0,0,1,0,1,0,1,0,0
razoran,1,0,1,1,0,1,0,1,0,1
razaranja,1,0,0,1,0,1,0,1,1,0
razviti,0,1,0,0,0,0,1,0,0,0
razvijanje,0,0,0,0,0,0,0,0,0,0
razvoj,0,0,0,0,0,0,0,0,0,0
odstupati,0,0,0,0,0,0,0,0,0,0
odstupajući,0,0,0,0,0,0,0,0,0,0
odstupanje,0,0,0,0,0,0,0,1,0,0
uređaj,0,0,0,0,0,0,0,0,0,0
vrag,1,1,1,1,0,1,0,1,0,0
đavolski,0,0,1,1,0,1,0,0,0,0
podmukao,0,0,0,0,0,1,0,0,0,0
smisliti,0,0,0,0,0,0,0,0,0,0
lišen,0,0,0,0,0,0,0,0,0,0
devolucija,0,0,0,0,0,1,0,0,0,0
prenijeti,0,0,0,0,0,0,0,0,0,0
posvetiti se,0,0,0,0,0,0,0,0,0,0
ljubitelj,0,0,0,0,0,0,0,0,0,0
pobožno,0,0,0,0,0,0,1,0,0,1
proždirati,0,0,0,0,0,1,0,0,0,0
pobožan,0,1,0,0,1,0,1,0,0,1
rosa,0,0,0,0,0,0,0,0,0,0
dekster,0,0,0,0,0,0,0,0,0,0
spretnost,0,0,0,0,0,0,1,0,0,0
dekstroza,0,0,0,0,0,0,0,0,0,0
dijaboličan,1,0,1,1,0,1,0,0,0,0
dijagnoza,0,1,0,1,0,1,0,0,0,1
dijagnostički,0,0,0,0,0,0,0,0,0,0
dijagnostika,0,0,0,0,0,0,0,0,0,0
dijagram,0,0,0,0,0,0,0,0,0,0
dial,0,0,0,0,0,0,0,0,0,0
dijalekt,0,0,0,0,0,0,0,0,0,0
dijalektika,0,0,0,0,0,0,0,0,0,0
dijalog,0,0,0,0,0,0,0,0,0,0
promjer,0,0,0,0,0,0,0,0,0,0
dijamant,0,0,0,0,1,0,1,0,0,0
dijamant,0,0,0,0,0,0,0,0,0,0
pelena,0,0,1,0,0,0,0,0,0,0
dijafragma,0,0,0,0,0,0,0,0,0,0
proljev,0,0,1,0,0,0,0,0,0,0
dnevnik,0,0,0,0,1,0,1,0,0,1
dijatriba,1,0,1,0,0,1,0,0,0,0
kocke,0,0,0,0,0,0,0,0,0,0
dihotomni,0,0,0,0,0,0,0,0,0,0
Dihotomija,0,0,0,0,0,0,0,0,0,0
diktirati,0,0,0,0,0,0,0,0,0,0
diktat,0,0,0,0,0,0,0,0,0,0
diktator,0,0,0,1,0,1,0,0,0,0
diktatorski,1,0,0,0,0,1,0,0,0,0
diktatura,1,1,1,1,0,1,0,1,0,0
dikcija,0,0,0,0,0,0,0,0,0,0
rječnik,0,0,0,0,0,0,1,0,0,1
izreka,0,0,0,0,0,0,0,0,0,1
didaktički,0,0,0,0,0,0,1,0,0,0
umrijeti,0,0,0,1,0,1,0,1,0,0
dijeta,0,0,0,0,0,0,0,0,0,0
dijetetski,0,1,0,0,0,0,1,0,0,0
razlikuju se,0,0,0,0,0,0,0,0,0,0
razlika,0,0,0,0,0,0,0,0,0,0
Razlike,0,0,0,0,0,0,0,0,0,0
diferencijal,0,0,0,0,0,0,0,0,0,1
diferencijacija,0,0,0,0,0,0,0,0,0,0
različito,0,0,0,0,0,0,0,0,1,0
razlikuju se,0,0,0,0,0,0,0,0,0,0
teško,0,0,0,1,0,0,0,0,0,0
poteškoće,0,0,0,0,0,1,0,1,0,0
poteškoća,1,0,0,1,0,1,0,1,0,0
difuzno,0,0,0,0,0,0,0,0,0,0
difuziju,0,0,0,0,0,0,0,0,0,0
kopati,0,0,0,0,0,0,0,0,0,0
probaviti,0,0,0,0,0,0,0,0,0,0
digestija,0,0,0,0,0,0,0,0,0,0
broj,0,0,0,0,0,0,0,0,0,1
dostojanstven,0,0,0,0,0,0,1,0,0,0
dostojanstvo,0,0,0,0,0,0,1,0,0,1
odstupiti,0,1,0,0,0,1,0,0,0,0
kopa,0,0,0,0,0,0,0,0,0,0
nasip,0,0,0,1,0,0,0,0,0,0
oronuo,0,0,1,0,0,1,0,1,0,0
dilatacija,0,0,0,0,0,0,0,0,0,0
dilatacija,0,0,0,0,0,0,0,0,0,0
dilema,0,0,0,0,0,0,0,0,0,0
marljivost,0,0,0,0,0,0,1,0,0,1
marljiv,0,0,0,0,0,0,0,0,0,0
razrjeđivač,0,0,0,0,0,0,0,0,0,0
razrijediti,0,0,0,0,0,1,0,0,0,0
razrijeđena,0,0,0,0,0,0,0,0,0,0
razrjeđivanje,0,0,0,0,0,0,0,0,0,0
novčić,0,0,0,0,0,0,0,0,0,0
dimenzija,0,0,0,0,0,0,0,0,0,0
umanjiti,0,0,0,0,0,1,0,1,0,0
umanjena,0,0,0,0,0,1,0,0,0,0
umanjenje,0,0,0,0,0,0,0,0,0,0
deminutiv,0,0,0,0,0,0,0,0,0,0
din,0,0,0,0,0,1,0,0,0,0
objedovati,0,0,0,0,0,0,0,0,0,0
zalogajnica,0,0,0,0,0,0,0,0,0,0
večera,0,0,0,0,0,0,1,0,0,0
dinosaura,0,0,0,1,0,0,0,0,0,0
udubljenje,0,0,0,0,0,0,0,0,0,0
biskupijski,0,0,0,0,0,0,0,0,0,0
biskupije,0,0,0,0,0,0,0,0,0,0
diorama,0,0,0,0,0,0,0,0,0,0
umočiti,0,0,0,0,0,0,0,0,0,0
diploma,0,0,0,0,0,0,0,0,0,0
diplomacija,0,1,0,0,0,0,1,0,0,1
diplomata,0,0,0,0,0,0,0,0,0,0
diplomatski,0,0,0,0,0,0,1,0,0,1
strašan,0,0,1,1,0,1,0,1,1,0
usmjerena,0,0,0,0,0,0,0,0,0,0
smjer,0,0,0,0,0,0,0,0,0,0
direktno,0,0,0,0,0,0,0,0,0,0
direktor,0,0,0,0,0,0,1,0,0,1
imenik,0,0,0,0,0,0,0,0,0,0
prljavština,0,0,1,0,0,1,0,0,0,0
prljavi,0,0,1,0,0,1,0,0,0,0
invalidnost,0,0,0,0,0,1,0,1,0,0
onemogućiti,0,0,0,1,0,1,0,1,0,0
onemogućeno,0,0,0,1,0,1,0,1,0,0
hendikep,0,0,0,0,0,0,0,0,0,0
nezadovoljan,0,0,0,0,0,1,0,0,0,0
ne slažu se,1,0,0,0,0,1,0,0,0,0
neugodan,0,0,0,0,0,0,0,0,0,0
neslažući se,1,0,0,0,0,1,0,1,0,0
neslaganje,1,0,0,0,0,1,0,1,0,0
zabraniti,0,0,0,0,0,0,0,0,0,0
nedopušteno,1,0,1,1,0,1,0,1,0,0
nestati,0,0,0,1,0,0,0,0,0,0
nestanak,0,0,0,0,0,0,0,0,0,0
nestajanje,0,0,0,0,0,0,0,0,0,0
razočarati,1,0,1,0,0,1,0,1,0,0
razočaran,1,0,1,0,0,1,0,1,0,0
razočaravajuće,0,0,0,0,0,1,0,1,0,0
razočaranje,0,0,1,0,0,1,0,1,0,0
neodobravanje,0,0,0,0,0,1,0,1,0,0
ne odobravati,1,0,1,1,0,1,0,1,0,0
neodobren,1,0,0,0,0,1,0,1,0,0
neodobravajući,1,0,1,0,0,1,0,1,0,0
razoružati,0,0,0,0,0,0,0,0,0,0
nered,0,0,0,0,0,0,0,0,0,0
katastrofa,1,0,1,1,0,1,0,1,1,0
katastrofalan,1,0,0,1,0,1,0,1,0,0
raspustiti,0,0,0,0,0,0,0,0,0,0
nevjerica,0,0,0,0,0,0,0,0,0,0
nevjerovati,0,0,0,0,0,1,0,0,0,0
isplatiti,0,0,0,0,0,0,0,0,0,0
isplata,0,0,0,0,0,0,0,0,0,0
disk,0,0,0,0,0,0,0,0,0,0
odbačena,0,0,0,0,0,0,0,0,0,0
odbacuje,0,0,0,0,0,1,0,0,0,0
razabrati,0,0,0,0,0,0,0,0,0,0
razaznati,0,0,0,0,0,0,0,0,0,0
pronicljiv,0,0,0,0,0,0,0,0,0,0
razlučivanje,0,0,0,0,0,0,0,0,0,0
pražnjenje,0,0,0,0,0,1,0,0,0,0
učenik,0,0,0,0,0,0,0,0,0,1
disciplina,0,0,0,1,0,1,0,0,0,0
odricati se,1,0,1,0,0,1,0,0,0,1
odricanje,0,0,0,0,0,0,0,0,0,0
razotkriti,0,0,0,0,0,0,0,0,0,0
razotkriveno,0,0,0,0,0,0,0,0,0,1
razotkrivanje,0,0,0,0,0,0,0,0,0,0
obezbojenje,0,0,1,0,0,1,0,0,0,0
obezbojen,0,0,1,0,0,1,0,1,0,0
nelagoda,0,0,0,0,0,1,0,1,0,0
prekinuti vezu,0,0,0,0,0,1,0,1,0,0
odspojen,0,0,0,0,0,1,0,1,0,0
prekid veze,0,0,0,0,0,1,0,0,0,0
nezadovoljstvo,1,0,1,1,0,1,0,1,0,0
prekid,0,0,0,0,0,0,0,0,0,0
prekinuti,0,0,0,0,0,1,0,0,0,0
diskontinuitet,0,0,1,1,0,1,0,1,0,0
diskontinuiran,0,0,0,0,0,0,0,0,0,0
razdor,1,0,1,0,0,1,0,0,0,0
popust,0,0,0,0,0,0,0,0,0,0
sniženo,0,0,0,0,0,0,0,0,0,0
obeshrabriti,0,0,0,1,0,1,0,1,0,0
obeshrabreni,0,0,0,0,0,0,0,0,0,0
malodušnost,0,0,0,0,0,1,0,0,0,0
diskurs,0,0,0,0,0,0,0,0,0,0
otkriti,0,0,0,0,0,0,0,0,0,0
otkriće,0,0,0,0,0,0,1,0,0,0
diskreditirati,0,0,0,0,0,1,0,0,0,0
diskretan,0,1,0,0,0,0,1,0,0,0
neusklađenost,0,0,0,0,0,0,0,0,0,0
diskretna,0,0,0,0,0,0,0,0,0,0
diskrecija,0,1,0,0,0,0,1,0,0,1
diskrecijski,0,0,0,0,0,0,1,0,0,0
diskriminirati,1,0,0,0,0,1,0,1,0,0
diskriminirajući,0,0,1,0,0,1,0,0,0,0
diskriminacija,1,0,1,1,0,1,0,1,0,0
diskus,0,0,0,0,0,0,0,0,0,0
raspravljati,0,0,0,0,0,0,0,0,0,0
rasprava,0,0,0,0,0,0,1,0,0,0
prezir,1,0,1,0,0,1,0,0,0,0
bolest,1,0,1,1,0,1,0,1,0,0
oboljeli,0,0,1,1,0,1,0,1,0,0
bestjelesna,0,0,0,1,0,1,0,1,0,0
odvojiti se,0,0,0,0,0,0,0,0,0,0
razdruživanje,0,0,0,0,0,1,0,0,0,0
unakažena,1,0,1,1,0,1,0,1,0,0
sramota,1,0,1,0,0,1,0,1,0,0
osramoćen,1,0,1,0,0,1,0,1,0,0
sramotan,1,0,1,0,0,1,0,0,0,0
nezadovoljan,1,0,1,0,0,1,0,1,0,0
prerušavanje,0,0,0,0,0,0,0,0,0,0
prerušena,0,0,0,0,0,0,0,0,0,0
gađenje,1,0,1,1,0,1,0,1,0,0
odvratan,1,0,1,1,0,1,0,0,0,0
jelo,0,0,0,0,0,0,0,0,0,0
obeshrabreni,0,0,0,0,0,1,0,1,0,0
rastužujući,0,0,0,0,0,1,0,1,0,0
nepošten,1,0,1,0,0,1,0,1,0,0
nepoštenje,0,0,1,0,0,1,0,0,0,0
obeščašćenje,1,0,1,1,0,1,0,1,0,0
razočaranje,1,0,1,0,0,1,0,1,0,0
dezinficirati,0,0,0,0,0,0,0,0,0,0
dezinfekcijsko sredstvo,0,0,0,0,0,0,0,0,0,0
dezinfekcija,0,0,0,0,0,0,1,0,0,0
dezinformacija,1,0,0,1,0,1,0,0,0,0
neiskren,0,0,1,0,0,1,0,0,0,0
raspasti se,0,0,1,1,0,1,0,0,0,0
dezintegracija,0,0,0,0,0,1,0,0,0,0
nezainteresirano,0,0,0,0,0,1,0,0,0,0
disjunktan,0,0,0,0,0,0,0,0,0,0
nepovezano,0,0,0,0,0,0,0,0,0,0
disjunktivan,0,0,0,0,0,0,0,0,0,0
disk,0,0,0,0,0,0,0,0,0,0
disketa,0,0,0,0,0,0,0,0,0,0
nesviđanje,1,0,1,0,0,1,0,0,0,0
nesviđao,1,0,0,0,0,1,0,1,0,0
dislociran,1,0,1,1,0,1,0,1,0,0
dislokacija,0,0,0,0,0,0,0,0,0,0
istisnuti,0,0,0,0,0,0,0,0,0,0
tužan,0,0,1,1,0,1,0,1,0,0
užasnutost,1,1,0,1,0,1,0,1,1,0
komadanje,0,0,1,1,0,1,0,1,0,0
odbaciti,0,0,0,0,0,0,0,0,0,0
otkaz,1,0,1,1,0,1,0,1,1,0
sjahati,0,0,0,0,0,0,0,0,0,0
neposlušnost,1,0,1,0,0,1,0,0,0,0
neposlušan,1,0,0,0,0,1,0,0,0,0
ne poslušati,1,0,1,0,0,1,0,0,0,0
poremećaj,0,0,0,1,0,1,0,0,0,0
neuredno,0,0,0,0,0,1,0,0,0,0
neorganizirano,0,0,0,0,0,1,0,0,0,0
omalovažavati,1,0,1,0,0,1,0,1,0,0
omalovažavajući,1,0,1,0,0,1,0,1,0,0
disparatan,0,0,0,0,0,0,0,0,0,0
disparitet,1,0,1,0,0,1,0,1,0,0
nepristran,0,0,0,0,0,1,0,1,0,0
otprema,0,0,0,0,0,0,0,0,0,0
rastjerati,0,0,0,0,0,1,0,1,0,0
dispenzacija,0,0,0,0,0,0,0,0,0,0
dozirati,0,0,0,0,0,0,0,0,0,0
raspršiti,0,0,0,0,0,0,0,0,0,0
raspršena,0,0,0,0,0,0,0,0,0,0
disperzija,0,0,0,0,0,1,0,0,0,0
istisnuti,0,0,0,0,0,1,0,0,0,0
raseljeni,1,0,0,1,0,0,0,1,0,0
istisnina,0,0,0,0,0,0,0,0,0,0
prikaz,0,0,0,0,0,0,0,0,0,0
nezadovoljan,1,0,1,1,0,1,0,1,0,0
nezadovoljstvo,0,0,1,0,0,1,0,0,0,0
raspolaganje,0,0,0,0,0,1,0,0,0,0
raspolagati,0,0,1,0,0,0,0,0,0,0
raspolagao,0,1,0,0,0,0,1,0,0,1
raspolaganje,0,0,0,0,0,0,0,0,0,0
razbaštinjen,1,0,0,1,0,1,0,1,0,0
pobiti,0,0,0,0,0,0,0,0,0,0
spor,1,0,0,0,0,1,0,0,0,0
diskvalifikacija,0,0,0,0,0,1,0,0,0,0
diskvalificiran,1,0,1,0,0,1,0,1,0,0
diskvalificirati,0,0,0,0,0,1,0,1,0,0
zanemarivanje,0,0,0,0,0,1,0,0,0,0
zanemaren,0,0,1,0,0,1,0,0,0,0
zloglasan,1,0,1,1,0,1,0,0,0,0
zloglasnost,0,0,0,0,0,0,0,0,0,0
nepoštovanje,1,0,0,0,0,1,0,0,0,0
bez poštovanja,1,0,1,1,0,1,0,1,0,0
poremećaj,1,0,0,1,0,1,0,0,1,0
nezadovoljstvo,0,0,0,0,0,1,0,0,0,0
nezadovoljan,0,0,0,0,0,0,0,0,0,0
secirati,0,0,0,0,0,0,0,0,0,0
disekcija,0,0,1,0,0,0,0,0,0,0
širiti,0,0,0,0,0,0,1,0,0,0
širenje,0,0,0,0,0,0,0,0,0,0
razdor,1,0,0,0,0,1,0,0,0,0
neslaganje,0,0,0,0,0,0,0,0,0,0
neslažući se,0,0,0,0,0,1,0,0,0,0
disertacija,0,0,0,0,0,0,0,0,0,0
loša usluga,1,0,1,0,0,1,0,1,0,0
disident,1,0,0,1,0,1,0,0,0,0
nesličan,0,0,0,0,0,0,0,0,0,0
trošiti,0,0,0,0,0,0,0,0,0,0
raspršena,0,0,0,0,0,0,0,0,0,0
disocijacija,0,0,0,0,0,0,0,0,0,0
otapanje,1,0,0,1,0,1,0,1,1,0
otopiti,0,0,0,0,0,0,0,0,0,0
disonanca,1,0,0,0,0,1,0,0,0,0
odvratiti,0,0,0,0,0,0,0,0,0,0
distalni,0,0,0,0,0,0,0,0,0,0
udaljenost,0,0,0,0,0,0,0,0,0,0
udaljeni,0,0,0,0,0,0,0,0,0,0
neukus,0,0,1,0,0,1,0,0,0,0
neukusan,0,0,1,0,0,1,0,0,0,0
destilat,0,0,0,0,0,0,0,0,0,0
destilacija,0,0,0,0,0,0,1,0,0,0
razlika,0,0,0,0,0,0,1,0,0,0
osebujan,0,0,0,0,0,0,0,0,0,0
razlikovati,0,0,0,0,0,0,0,0,0,0
prepoznatljiv,0,0,0,0,0,0,0,0,0,0
istaknuti,0,0,0,0,0,0,0,0,0,0
razlikovanje,0,0,0,0,0,0,0,0,0,0
iskrivljena,0,0,1,0,0,1,0,0,0,0
iskrivljenje,0,0,0,0,0,1,0,0,0,0
odvratiti,0,0,0,0,0,1,0,0,0,0
ometen,1,0,0,0,0,1,0,0,0,0
zbunjujući,1,1,0,0,0,1,0,0,0,0
odvlačenje pažnje,0,0,0,0,0,1,0,0,0,0
izbezumljen,0,0,0,0,0,1,0,1,0,0
nevolja,1,0,1,1,0,1,0,1,1,0
tužan,0,0,0,1,0,1,0,0,0,0
uznemirujuće,1,0,0,1,0,1,0,0,0,0
raspodijeliti,0,0,0,0,0,0,0,0,0,0
distribucija,0,0,0,0,0,0,0,0,0,0
okrug,0,0,0,0,0,0,0,0,0,0
nepovjerenje,1,0,1,1,0,1,0,0,0,0
smetnja,1,0,0,1,0,1,0,1,1,0
uznemiren,1,0,0,0,0,1,0,1,0,0
neuporaba,0,0,0,0,0,1,0,0,0,0
rashodovan,1,0,0,0,0,1,0,0,0,0
jarak,0,0,0,0,0,0,0,0,0,0
isto tako,0,0,0,0,0,0,0,0,0,0
pjesmica,0,0,0,0,1,0,1,0,0,0
dnevni,0,0,0,0,0,0,0,0,0,0
divan,0,0,0,0,0,0,0,0,0,1
ronjenje,0,0,0,0,0,0,0,0,0,0
ronilac,0,0,0,0,0,0,0,0,0,0
razilaze se,0,0,0,0,0,0,0,0,0,0
divergencija,0,0,0,0,0,0,0,0,0,0
odvojit,0,0,0,0,0,1,0,0,1,0
razilazeći se,0,0,0,0,0,0,0,0,0,0
ronioci,0,0,0,0,0,0,0,0,0,0
raznolika,0,0,0,0,0,1,1,0,0,0
raznolika,0,0,0,0,0,0,1,0,0,0
preinačiti,0,0,0,0,0,0,0,0,0,0
preusmjeravanje,0,0,0,0,0,0,1,0,1,0
raznolikosti,0,0,0,0,0,0,0,0,0,0
preusmjeriti,0,0,0,0,0,0,0,0,0,0
preusmjeravanje,0,0,0,0,0,0,0,0,0,0
lišiti se,0,0,0,0,0,0,0,0,0,0
lišena,0,0,0,0,0,1,0,0,0,0
dezinvestiranje,0,0,0,0,0,1,0,0,0,0
podijeliti,0,0,0,0,0,0,0,0,0,0
podijeljena,0,0,0,0,0,0,0,0,0,0
dividenda,0,0,0,0,0,0,0,0,0,0
predviđanje,0,1,0,0,0,0,0,0,0,0
božanski,0,0,0,0,0,0,0,0,0,0
božanstvenost,0,0,0,0,0,0,1,0,0,0
djeljiv,0,0,0,0,0,0,0,0,0,0
podjela,0,0,0,0,0,0,0,0,0,0
djelitelj,0,0,0,0,0,0,0,0,0,0
razvod,1,0,1,1,0,1,0,1,1,1
otkriti,0,0,0,0,0,0,0,0,0,0
vrtoglavica,0,0,0,0,0,1,0,0,0,0
vrtoglavica,0,0,0,0,0,1,0,0,0,0
poslušan,0,0,0,0,0,0,0,0,0,0
pristanište,0,0,0,0,0,0,0,0,0,0
usidren,0,0,0,0,0,1,0,0,0,0
etiketa,0,0,0,0,0,0,0,0,0,0
liječnik,0,0,0,0,0,0,1,0,0,1
doktrinarno,0,0,0,0,0,0,0,0,0,0
doktrina,0,0,0,0,0,0,0,0,0,1
dokument,0,0,0,0,0,0,0,0,0,0
dokumentarac,0,0,0,0,0,0,0,0,0,0
izbjeći,0,0,0,0,0,0,0,0,0,0
izmicanje,0,0,0,0,0,0,0,0,0,0
srna,0,0,0,0,0,0,0,0,0,0
izvršitelj,0,0,0,0,0,0,1,0,0,0
pas,0,0,0,0,0,0,0,0,0,0
uporan,0,0,0,0,0,0,1,0,0,0
dogma,0,0,0,0,0,0,0,0,0,1
dogmatski,0,0,0,0,0,0,0,0,0,0
djela,0,0,0,0,0,0,0,0,0,0
učini to,0,0,0,0,0,1,0,0,0,0
potištenost,0,0,0,0,0,1,0,1,0,0
razdijeliti,0,0,0,0,0,1,0,1,0,0
lutka,0,0,0,0,1,0,0,0,0,0
dolar,0,0,0,0,0,0,0,0,0,0
bol,0,0,0,0,0,1,0,1,0,0
dupin,0,0,0,0,1,0,1,0,1,1
domena,0,0,0,0,0,0,0,0,0,0
kupola,0,0,0,0,0,0,0,0,0,0
domaći,0,0,0,0,0,0,0,0,0,0
pripitomljen,0,0,0,0,0,0,0,0,0,0
pripitomljavanje,0,0,0,0,0,0,0,0,0,0
prebivalište,0,0,0,0,0,0,0,0,0,0
domicilnog,0,0,0,0,0,0,0,0,0,0
dominacija,0,0,0,0,0,0,0,0,0,0
dominantan,0,0,0,1,0,1,0,0,0,0
dominirati,1,0,0,1,0,1,1,0,0,0
dominirajući,0,0,0,0,0,0,0,0,0,0
dominacija,1,0,0,1,0,1,0,1,0,0
vlast,0,0,0,1,0,0,0,0,0,1
domino,0,0,0,0,0,0,0,0,0,0
Don,0,0,0,0,0,0,1,0,0,1
donacija,0,0,0,0,0,0,1,0,0,0
magarac,0,0,1,0,0,1,0,0,0,0
donator,0,0,0,0,0,0,0,0,0,0
crtati,0,0,0,0,0,1,0,0,0,0
propast,0,0,0,1,0,1,0,0,0,0
osuđen na propast,0,0,0,1,0,1,0,1,0,0
Sudnji dan,1,1,1,1,0,1,0,1,0,0
vrata,0,0,0,0,0,0,0,0,0,0
zvonce na vratima,0,0,0,0,0,0,0,0,0,0
dovratak,0,0,0,0,0,0,0,0,0,0
uspavan,0,0,0,0,0,0,0,0,0,0
spavaonica,0,0,0,0,0,0,0,0,0,0
dorzalni,0,0,0,0,0,0,0,0,0,0
doza,0,0,0,0,0,0,0,0,0,0
točka,0,0,0,0,0,0,0,0,0,0
dvostruko,0,0,0,0,0,0,0,0,0,0
udvostručen,0,0,0,0,0,0,0,0,0,0
dublet,0,0,0,0,0,0,0,0,0,0
dubliranje,0,0,0,0,0,0,0,0,0,0
sumnjati,0,0,0,1,0,1,0,1,0,1
dvojbeno,0,0,0,0,0,1,0,0,0,0
sumnjajući,0,0,0,0,0,1,0,0,0,0
nesumnjivo,0,0,0,0,0,0,1,0,0,1
tuš,0,0,0,0,0,1,0,0,0,0
tijesto,0,0,0,0,0,0,0,0,0,0
krafna,0,0,0,0,0,0,0,0,0,0
sumorna,0,0,0,0,0,1,0,0,0,0
golubica,0,1,0,0,1,0,1,0,0,1
oboren,0,0,0,0,0,0,0,0,0,0
pad,0,0,0,1,0,1,0,1,0,0
nizbrdo,0,0,0,0,0,0,0,0,0,0
pljusak,0,0,0,0,0,0,0,0,0,0
stvarno,0,0,0,0,0,0,0,0,0,1
paperjast,0,0,0,0,0,0,1,0,0,0
miraz,0,0,0,0,0,0,0,0,0,0
drijemati,0,0,0,0,0,0,0,0,0,0
desetak,0,0,0,0,0,0,0,0,0,0
sivilo,0,0,0,0,0,1,0,1,0,0
Nacrt,0,1,0,0,0,0,0,0,0,0
opterećenje,0,0,0,0,0,0,0,0,0,0
zmaj,0,0,0,1,0,0,0,0,0,0
odvoditi,0,0,0,0,0,0,0,0,0,0
drenaža,0,0,0,0,0,1,0,0,0,0
ocijeđeno,0,0,0,0,0,0,0,0,0,0
drake,0,0,0,0,0,0,0,0,0,0
drama,0,0,0,0,0,0,0,0,0,0
dramatičan,0,0,0,0,0,0,0,0,0,0
ogrnuti,0,0,0,0,0,0,0,0,0,0
draperija,0,0,0,0,0,0,0,0,0,0
drastična,0,0,0,0,0,0,0,0,0,0
Nacrt,0,0,0,0,0,0,0,0,0,0
crtati,0,0,0,0,0,0,0,0,0,0
nedostatak,0,0,0,0,0,1,0,0,0,0
ladica,0,0,0,0,0,0,0,0,0,0
gaće,0,0,0,0,0,0,0,0,0,0
crtanje,0,0,0,0,0,0,0,0,0,0
bojati se,0,1,0,1,0,1,0,0,0,0
užasan,1,1,1,1,0,1,0,1,0,0
užasno,0,0,1,1,0,1,0,1,1,0
san,0,0,0,0,0,0,0,0,0,0
sanjar,0,0,0,0,0,0,0,0,0,0
sanjanje,0,0,0,0,0,0,0,0,0,0
sanjalački,0,0,0,0,0,0,0,0,0,0
turoban,0,0,0,0,0,1,0,1,0,0
bager,0,0,0,0,0,0,0,0,0,0
natopljena,0,0,0,0,0,0,0,0,0,0
komoda,0,0,0,0,0,0,0,0,0,0
driblati,0,0,0,0,0,0,0,0,0,0
suho,0,0,0,0,0,0,0,0,0,0
sušilica,0,0,0,0,0,0,0,0,0,0
zanošenje,0,0,0,0,0,0,0,0,0,0
nanijet,0,0,0,0,0,0,0,0,0,0
svrdlo,0,0,0,0,0,0,0,0,0,0
piće,0,0,0,0,0,0,0,0,0,0
pijenje,0,0,0,0,0,1,0,0,0,0
kapati,0,0,0,0,0,0,0,0,0,0
kapanje,0,0,0,0,0,0,0,0,0,0
baljezganje,0,0,1,0,0,1,0,0,0,0
vozač,0,0,0,0,0,0,0,0,0,0
kolovoz,0,0,0,0,0,0,0,0,0,0
rominjati,0,0,0,0,0,0,0,0,0,0
budalaština,0,0,0,0,0,0,0,0,0,0
dron,0,0,0,0,0,1,0,0,0,0
balaviti,0,0,1,0,0,0,0,0,0,0
obješena,0,0,0,0,0,1,0,0,0,0
pad,0,0,0,0,0,0,0,0,0,0
kapljica,0,0,0,0,0,0,0,0,0,0
suša,0,0,0,0,0,1,0,0,0,0
vozio,0,0,0,0,0,0,0,0,0,0
utopiti,0,0,0,1,0,1,0,1,0,0
pospanost,0,0,0,0,0,1,0,0,0,0
pospana,0,0,0,0,0,0,0,0,0,0
naporan,0,0,0,0,0,1,0,0,0,0
droga,0,0,0,0,0,0,0,0,0,0
drogiran,0,0,0,0,0,0,0,1,0,0
ljekarna,0,0,0,0,0,0,0,0,0,0
druid,0,0,0,0,0,0,0,0,0,0
bubanj,0,0,0,0,0,0,0,0,0,0
bubnjar,0,0,0,0,0,0,0,0,0,0
bubnjanje,0,0,0,0,0,0,0,0,0,0
pijana,0,0,1,0,0,1,0,0,0,0
pijanstvo,0,0,0,0,0,1,0,0,0,0
suha,0,0,0,0,0,0,0,0,0,0
suhoća,0,0,0,0,0,0,0,0,0,0
dual,0,0,0,0,0,0,0,0,0,0
dualizam,0,0,0,0,0,0,0,0,0,0
dvojnost,0,0,0,0,0,0,0,0,0,0
dub,0,0,0,0,0,0,0,0,0,0
dubiozan,0,0,0,1,0,1,0,0,0,1
saginjanje,0,0,0,0,0,0,0,0,0,0
kanal,0,0,0,0,0,0,0,0,0,0
duktilan,0,0,0,0,0,0,0,0,0,0
duds,0,0,0,0,0,0,0,0,0,0
zbog,0,0,0,0,0,0,0,0,0,0
dvoboj,1,1,0,1,0,0,0,0,0,0
pristojbe,0,0,0,0,0,0,0,0,0,0
duet,0,0,0,0,0,0,1,0,0,0
zemunica,0,0,0,0,0,0,0,0,0,0
vojvoda,0,0,0,0,0,0,1,0,0,0
dosadno,0,0,0,0,0,1,0,1,0,0
glup,0,0,0,0,0,1,0,0,0,0
lutka,0,0,0,0,0,1,0,0,0,0
istovariti,0,0,0,0,0,0,0,0,0,0
odlagališta,1,0,0,0,0,1,0,1,0,0
dun,0,0,0,0,0,1,0,0,0,0
dina,0,0,0,0,0,0,0,0,0,0
balega,0,0,1,0,0,0,0,0,0,0
tamnica,0,0,0,1,0,1,0,0,0,0
duo,0,0,0,0,0,0,0,0,0,0
prevariti,1,0,0,0,0,1,0,0,0,0
duplex,0,0,0,0,0,0,0,0,0,0
duplikat,0,0,0,0,0,0,0,0,0,0
dupliciranje,0,0,0,0,0,0,0,0,0,0
dvoličnost,1,0,0,0,0,1,0,0,0,0
izdržljivost,0,0,0,0,0,0,1,0,0,1
izdržljiva,0,0,0,0,0,0,1,0,0,1
trajanje,0,0,0,0,0,0,0,0,0,0
prisila,1,0,1,1,0,1,0,1,0,0
sumrak,0,0,0,0,0,0,0,0,0,0
sumračan,0,0,0,0,0,0,0,0,0,0
prah,0,0,0,0,0,1,0,0,0,0
prašinu,0,0,0,0,0,0,0,0,0,0
prašnjav,0,0,0,0,0,0,0,0,0,0
dužan,0,1,0,0,0,0,1,0,0,1
patuljak,0,0,0,0,0,0,0,0,0,0
patuljasti,0,0,0,1,0,1,0,1,0,0
boraviti,0,0,0,0,0,0,0,0,0,0
stanovnik,0,0,0,0,0,0,0,0,0,0
stanovanje,0,0,0,0,0,0,0,0,0,0
boja,0,0,0,0,0,0,0,0,0,0
umiranje,1,0,1,1,0,1,0,1,0,0
nasip,0,0,0,0,0,0,0,0,0,0
dinamičan,0,0,0,0,0,0,0,0,1,0
dinamičan,0,0,0,0,0,0,0,0,0,0
dinamika,0,0,0,0,0,0,0,0,0,0
dinamit,0,0,0,0,0,0,0,0,0,0
dinastija,0,0,0,0,0,0,0,0,0,0
dizenterija,0,0,1,0,0,1,0,1,0,0
dispepsija,0,0,0,0,0,0,0,0,0,0
željan,0,1,0,0,1,0,1,0,1,1
revnost,0,1,0,0,1,0,1,0,0,1
orao,0,0,0,0,0,0,0,0,0,1
uho,0,0,0,0,0,0,0,0,0,0
grof,0,0,0,0,0,0,1,0,0,0
ranije,0,0,0,0,0,0,0,0,0,0
rano,0,0,0,0,0,0,0,0,0,0
zaraditi,0,0,0,0,0,0,1,0,0,0
ozbiljan,0,0,0,0,0,0,1,0,0,0
ozbiljno,0,0,0,0,0,0,1,0,0,0
ozbiljnost,0,0,0,0,0,0,1,0,0,0
zarada,0,0,0,0,0,0,0,0,0,0
naušnica,0,0,0,0,0,0,0,0,0,0
domet uha,0,0,0,0,0,0,0,0,0,0
Zemlja,0,0,0,0,0,0,0,0,0,0
zemljano posuđe,0,0,0,0,0,0,0,0,0,0
zemaljski,0,0,0,0,0,0,0,0,0,0
potres,1,0,0,1,0,1,0,1,1,0
zemljani,0,0,0,0,0,0,0,0,0,0
olakšati,0,0,0,0,0,0,1,0,0,0
stalak,0,0,0,0,0,0,0,0,0,0
pravo služnosti,0,0,0,0,0,0,1,0,0,0
lako,0,0,0,0,0,0,0,0,0,0
lako,0,0,0,0,0,0,0,0,0,0
opušteno,0,0,0,0,0,0,1,0,0,0
jesti,0,0,0,0,0,0,1,0,0,0
jelo,0,0,0,0,0,0,0,0,0,0
prisluškivanje,0,0,0,0,0,1,0,0,0,0
oseka,0,0,0,0,0,0,0,0,0,0
ebanovina,0,0,0,0,0,0,0,0,0,0
ekscentričan,0,0,0,0,0,0,0,0,0,0
ekscentričnost,0,0,0,0,0,0,0,0,0,0
crkvenom,0,0,0,0,0,0,0,0,0,0
jeka,0,0,0,0,0,0,0,0,0,0
eklektičan,0,0,0,0,0,0,0,0,0,0
zasjeniti,0,0,0,0,0,0,0,0,0,0
ekliptika,0,0,0,0,0,0,0,0,0,0
ekonomičan,0,0,0,0,0,0,0,0,0,0
ekonomija,0,0,0,0,0,0,0,0,0,0
Ekonomija,0,0,0,0,0,0,0,0,0,1
ekstaza,0,1,0,0,1,0,1,0,0,0
ekstatičan,0,1,0,0,1,0,1,0,1,0
ekumenski,0,0,0,0,0,0,0,0,0,0
vrtložni,0,0,0,0,0,0,0,0,0,0
rub,0,0,0,0,0,0,0,0,0,0
ivica,0,0,0,0,0,0,0,0,0,0
jestive,0,0,0,0,0,0,0,0,0,0
edikt,0,0,0,1,0,1,0,0,0,0
poučavanje,0,1,0,0,1,0,1,0,0,1
građevina,0,0,0,0,0,0,0,0,0,0
Uredi,0,0,0,0,0,0,0,0,0,0
izdanje,0,1,0,0,0,0,0,0,0,0
urednik,0,0,0,0,0,0,0,0,0,0
urednički,0,0,0,0,0,0,0,0,0,0
educirati,0,0,0,0,0,0,1,0,0,0
obrazovan,0,0,0,0,0,0,1,0,0,0
obrazovanje,0,0,0,0,0,0,0,0,0,0
obrazovni,0,0,0,0,0,0,1,0,0,1
jegulja,0,0,0,1,0,0,0,0,0,0
posljedica,0,0,0,0,0,0,0,0,0,0
djelotvoran,0,0,0,0,0,0,1,0,0,1
učinci,0,0,0,0,0,0,0,0,0,0
uspješan,0,0,0,0,0,0,0,0,0,0
učinkovito,0,0,0,0,0,0,0,0,0,0
izvršiti,0,0,0,0,0,0,0,0,0,0
ženstvena,0,0,0,0,0,1,0,0,0,0
djelotvoran,0,0,0,0,0,0,0,0,0,0
efikasnost,0,0,0,0,0,0,1,0,0,0
učinkovitost,0,0,0,0,0,0,1,0,0,0
učinkovit,0,1,0,0,0,0,1,0,0,1
lik,1,0,0,0,0,0,0,0,0,0
napor,0,0,0,0,0,0,1,0,0,0
izljev,0,0,0,0,0,0,0,0,0,0
jaje,0,0,0,0,0,0,0,0,0,0
ego,0,0,0,0,0,0,0,0,0,0
egoističan,0,0,1,0,0,1,0,0,0,0
nečuven,1,0,1,0,0,1,0,0,0,0
izlazak,0,0,0,0,0,0,0,0,0,0
osmi,0,0,0,0,0,0,0,0,0,0
osamdeset,0,0,0,0,0,0,0,0,0,0
ejakulirati,0,0,0,0,0,0,0,0,0,0
ejakulacija,0,1,0,0,1,0,1,0,1,1
izbaciti,0,0,0,0,0,1,0,0,0,0
izbacivanje,0,0,0,0,0,1,0,0,0,0
razraditi,0,0,0,0,0,0,0,0,0,0
razrada,0,0,0,0,0,0,1,0,0,0
elan,0,0,0,0,0,0,0,0,0,0
isteći,0,0,0,0,0,0,0,0,0,0
proteklih,0,0,0,0,0,0,0,0,0,0
elastičan,0,0,0,0,0,0,0,0,0,0
elastičnost,0,0,0,0,0,0,0,0,0,0
ushićen,0,0,0,0,1,0,1,0,0,0
lakat,1,0,0,0,0,0,0,0,0,0
eld,0,0,0,0,0,0,0,0,0,0
stariji,0,0,0,0,0,0,1,0,0,1
starješine,0,0,0,0,0,0,1,0,0,1
najstariji,0,0,0,0,0,0,0,0,0,0
izabrati,0,0,0,0,0,0,1,0,0,1
izbora,0,0,0,0,0,0,0,0,0,0
birač,0,0,0,0,0,0,0,0,0,0
biračko tijelo,0,0,0,0,0,0,0,0,0,1
električni,0,0,0,0,1,0,1,0,1,0
struja,0,0,0,0,0,0,1,0,0,0
elegancija,0,1,0,0,1,0,1,0,0,1
elegantan,0,0,0,0,1,0,1,0,0,0
element,0,0,0,0,0,0,0,0,0,0
elementarni,0,0,0,0,0,0,0,0,0,0
elementi,0,0,0,0,0,0,0,0,0,0
slon,0,0,0,0,0,0,0,0,0,0
uzdići,0,0,0,0,0,0,0,0,0,0
uzvisina,0,1,0,1,1,0,1,0,0,1
lift,0,0,0,0,0,0,0,0,0,0
jedanaest,0,0,0,0,0,0,0,0,0,0
jedanaesti,0,0,0,0,0,0,0,0,0,0
patuljak,1,0,1,1,0,0,0,0,0,0
izmamiti,0,0,0,0,0,0,0,0,0,0
podoban,0,0,0,0,0,0,1,0,0,0
eliminacija,1,0,1,1,0,1,0,1,0,0
elita,0,1,0,0,1,0,1,0,0,1
los,0,0,0,0,0,0,0,0,0,0
lakat,0,0,0,0,0,0,0,0,0,0
elipsa,0,0,0,0,0,0,0,0,0,0
elipsa,0,0,0,0,0,0,0,0,0,0
elipsoid,0,0,0,0,0,0,0,0,0,0
eliptični,0,0,0,0,0,0,0,0,0,0
eliptični,0,0,0,0,0,0,0,0,0,0
izdužiti se,0,0,0,0,0,0,0,0,0,0
istezanje,0,0,0,0,0,0,0,0,0,0
rječitost,0,0,0,0,0,0,1,0,0,0
rječit,0,0,0,0,0,0,1,0,0,0
razjasniti,0,0,0,0,0,0,1,0,0,1
razjašnjavanje,0,0,0,0,0,0,0,0,0,0
izmicati,0,0,0,0,0,0,0,0,0,0
nedostižan,0,0,0,0,0,1,0,0,1,0
mršav,0,0,0,1,0,1,0,1,0,0
proizlaziti,0,0,0,0,0,0,0,0,0,0
emancipacija,0,1,0,0,1,0,1,0,0,0
nasip,0,0,0,0,0,0,0,0,0,0
embargo,0,0,0,0,0,1,0,0,0,0
ukrcati,0,0,0,0,0,0,0,0,0,0
osramotiti,0,0,0,0,0,1,0,1,0,0
posramljujući,0,0,0,0,0,1,0,0,0,0
Sram,0,0,0,1,0,1,0,1,1,0
veleposlanstvo,0,0,0,0,0,0,0,0,0,0
ugraditi,0,0,0,0,0,0,0,0,0,0
uljepšati,0,0,0,0,0,0,0,0,0,0
uljepšavanje,0,0,0,0,0,0,0,0,0,0
žar,0,0,0,0,0,0,0,0,0,0
pronevjera,0,0,0,0,0,1,0,0,0,0
amblem,0,0,0,0,0,0,0,0,0,0
amblemski,0,0,0,0,0,0,0,0,0,0
utjelovljenje,0,0,0,0,0,0,0,0,0,0
embolija,0,0,0,1,0,1,0,1,0,0
utisnut,0,0,0,0,0,0,0,0,0,0
zagrljaj,0,1,0,0,1,0,1,0,1,1
vezen,0,0,0,0,0,0,0,0,0,0
vez,0,0,0,0,0,0,0,0,0,0
upletena,0,0,0,0,0,1,0,0,0,0
embrij,0,0,0,0,0,0,0,0,0,0
embrionalni,0,0,0,0,0,0,0,0,0,0
smaragd,0,0,0,0,0,0,0,0,0,0
izroniti,0,0,0,0,0,0,0,0,0,0
nastanak,0,0,0,0,0,0,0,0,0,0
hitan slučaj,0,0,0,1,0,1,0,1,1,0
emeritus,0,0,0,0,0,0,1,0,0,0
emigrirati,0,0,0,0,0,0,0,0,0,0
emigracije,0,0,0,0,0,0,0,0,0,0
eminencija,0,0,0,0,0,0,1,0,0,1
eminentan,0,0,0,0,0,0,1,0,0,0
eminentno,0,0,0,0,0,0,1,0,0,0
emir,0,0,0,0,0,0,1,0,0,0
emisija,0,0,0,0,0,0,0,0,0,0
emitirati,0,0,0,0,0,0,0,0,0,0
emocija,0,0,0,0,0,0,0,0,0,0
emotivan,0,0,0,0,0,0,0,0,0,0
emotivan,0,0,0,0,0,0,0,0,0,0
suosjecanje,0,0,0,0,0,0,1,0,0,0
car,0,0,0,0,0,0,0,0,0,0
isticanje,0,0,0,0,0,0,0,0,0,0
naglasiti,0,0,0,0,0,0,0,0,0,1
emfatičan,0,0,0,0,0,0,0,0,0,0
carstvo,0,0,0,0,0,0,0,0,0,0
empirijski,0,0,0,0,0,0,0,0,0,0
empirizam,0,0,0,0,0,0,0,0,0,0
zaposliti,0,0,0,0,0,0,0,0,0,1
poslodavac,0,0,0,0,0,0,0,0,0,0
zapošljavanje,0,0,0,0,0,0,0,0,0,0
emporij,0,0,0,0,0,0,0,0,0,0
osnažiti,0,0,0,0,0,0,1,0,0,0
carica,0,0,0,0,0,0,0,0,0,0
praznina,0,0,0,0,0,0,0,1,0,0
pražnjenje,0,0,0,0,0,0,0,0,0,0
prazan,0,0,0,0,0,0,0,0,0,0
oponašati,0,0,0,0,0,0,1,0,0,0
emulzija,0,0,0,0,0,0,0,0,0,0
omogućiti,0,0,0,0,0,0,1,0,0,1
osposobljavanje,0,0,0,0,0,0,1,0,0,1
donijeti,0,0,0,0,0,0,0,0,0,0
donošenje,0,0,0,0,0,0,0,0,0,0
emajl,0,0,0,0,0,0,0,0,0,0
logorovanje,0,0,0,0,0,0,0,0,0,0
očarati,0,1,0,0,1,0,1,0,1,0
očaran,0,0,0,0,1,0,1,0,0,1
očaravajući,0,1,0,0,1,0,1,0,0,0
očaranost,0,0,0,0,0,0,0,0,0,0
zaokružiti,0,0,0,0,0,0,0,0,0,0
zaokruživanje,0,0,0,0,0,0,0,0,0,0
enklava,0,0,0,0,0,1,0,0,0,0
Priložiti,0,0,0,0,0,0,0,0,0,0
kodirati,0,0,0,0,0,0,0,0,0,0
obuhvatiti,0,0,0,0,0,0,0,0,0,0
bis,0,0,0,0,0,0,1,0,0,0
susret,0,0,0,0,0,0,0,0,0,0
poticati,0,0,0,0,1,0,1,0,0,1
ohrabrenje,0,0,0,0,0,0,1,0,0,0
zadirati,0,0,0,0,0,0,0,0,0,0
zadiranje,0,0,0,1,0,1,0,0,0,0
šifrirati,0,0,0,0,0,0,0,0,0,0
opterećenost,1,0,0,1,0,1,0,1,0,0
enciklopedija,0,0,0,0,0,0,1,0,0,1
kraj,0,0,0,0,0,0,0,0,0,0
ugroziti,0,1,0,1,0,1,0,0,0,0
ugrožena,0,0,0,1,0,1,0,0,0,0
nastojati,0,1,0,0,0,0,1,0,0,0
završeno,0,0,0,0,0,0,0,0,0,0
endemski,0,0,1,1,0,1,0,1,0,0
završetak,0,0,0,0,0,0,0,0,0,0
beskrajan,1,0,0,1,1,1,1,1,0,1
endokarditis,0,0,0,1,0,0,0,1,0,0
indosament,0,0,0,0,0,0,0,0,0,0
obdariti,0,0,0,0,0,0,1,0,0,1
obdaren,0,0,0,0,0,0,1,0,0,0
zadužbina,0,0,0,0,0,0,1,0,0,1
završni papiri,0,0,0,0,0,0,0,0,0,0
krajnja točka,0,0,0,0,0,0,0,0,0,0
izdržljivost,0,0,0,0,0,0,1,0,0,0
izdržati,0,0,0,0,0,0,1,0,0,0
klistir,0,0,1,0,0,0,0,0,0,0
neprijatelj,1,0,1,1,0,1,0,0,0,0
energičan,0,0,0,0,0,0,1,0,0,0
energije,0,0,0,0,0,0,0,0,0,0
provoditi,1,0,0,1,0,1,1,0,0,0
ovrha,0,0,0,0,0,1,0,0,0,0
baviti se,0,0,0,0,0,0,0,0,0,0
angažiran,0,1,0,0,1,0,1,0,0,1
angažman,0,0,0,0,0,0,0,0,0,0
angažiranje,0,0,0,0,1,0,1,0,0,1
izazvati,0,0,0,0,0,0,0,0,0,0
motor,0,0,0,0,0,0,0,0,0,0
inženjer,0,0,0,0,0,0,0,0,0,0
inženjering,0,0,0,0,0,0,0,0,0,0
gravirati,0,0,0,0,0,0,0,0,0,0
ugraviran,0,0,0,0,0,0,0,0,0,0
graver,0,0,0,0,0,0,0,0,0,0
graviranje,0,0,0,0,0,0,0,0,0,0
zadubljen,0,0,0,0,0,0,0,0,0,0
zanosan,0,0,0,0,0,0,0,0,0,0
progutati,0,1,0,0,0,0,0,0,0,0
poboljšati,0,0,0,0,0,0,1,0,0,0
zagonetka,0,0,0,0,0,0,0,0,0,0
zagonetan,0,0,0,1,0,1,0,0,0,0
zapovijedati,0,0,0,0,0,0,0,0,0,0
uživati,0,1,0,0,1,0,1,0,0,1
uživajući,0,1,0,0,1,0,1,0,0,1
povećana,0,0,0,0,0,0,0,0,0,0
proširenje,0,0,0,0,0,0,0,0,0,0
prosvijetliti,0,0,0,0,1,0,1,0,0,1
prosvjetljenje,0,0,0,0,1,0,1,0,0,1
prijaviti se,0,0,0,0,0,0,0,0,0,0
oživjeti,0,0,0,0,1,0,1,0,1,1
neprijateljstvo,1,0,0,1,0,1,0,1,0,0
golemost,0,0,0,0,0,0,0,0,0,0
ogroman,0,0,0,0,0,0,0,0,0,0
enormno,0,0,0,0,0,0,0,0,0,0
obogatiti,0,0,0,0,0,0,1,0,0,0
upisati,0,1,0,0,0,0,0,0,0,1
ansambl,0,0,0,0,0,0,1,0,0,1
zastavnik,0,0,0,0,0,0,1,0,0,0
porobiti,0,0,0,0,0,1,0,0,0,0
porobljeni,1,0,1,1,0,1,0,1,0,0
porobljavanje,0,0,0,0,0,1,0,0,0,0
nastati,0,0,0,0,0,0,0,0,0,0
osigurati,0,0,0,0,0,0,0,0,0,0
povući za sobom,0,0,0,0,0,0,0,0,0,0
zapetljan,1,0,1,1,0,1,0,1,0,0
zapetljanost,0,0,0,0,0,1,0,0,0,0
Unesi,0,0,0,0,0,0,0,0,0,0
poduzeće,0,0,0,0,0,0,0,0,0,0
poduzetan,0,0,0,0,0,0,1,0,0,0
zabavljati,0,0,0,0,1,0,1,0,0,0
zabavljali,0,0,0,0,1,0,1,0,0,0
zabavna,0,1,0,0,1,0,1,0,0,0
Zabava,0,1,0,0,1,0,1,0,1,1
entuzijazam,0,1,0,0,1,0,1,0,1,0
entuzijasta,0,1,0,0,1,0,1,0,1,0
namamiti,0,0,0,0,0,0,0,0,0,0
cijeli,0,0,0,0,0,0,0,0,0,0
cjelina,0,0,0,0,0,0,0,0,0,0
dati pravo,0,0,0,0,0,0,0,0,0,0
entitet,0,0,0,0,0,0,0,0,0,0
entomologija,0,0,0,0,0,0,0,0,0,0
utroba,0,0,1,0,0,1,0,0,0,0
ulaz,0,0,0,0,0,0,0,0,0,0
moliti,0,0,0,0,0,0,0,0,0,0
glavno jelo,0,0,0,0,0,0,0,0,0,0
poduzetnik,0,0,0,0,0,0,0,0,0,0
povjeriti,0,0,0,0,0,0,0,0,0,1
unos,0,0,0,0,0,0,0,0,0,0
nabrojati,0,0,0,0,0,0,0,0,0,0
nabrajanje,0,0,0,0,0,0,0,0,0,0
omotnica,0,0,0,0,0,0,0,0,0,0
zavidan,0,0,0,0,0,1,0,0,0,0
okoliš,0,0,0,0,0,0,1,0,0,0
okoliš,0,0,0,0,0,0,0,0,0,0
okolica,0,0,0,0,0,0,0,0,0,0
predvidjeti,0,0,0,0,0,0,0,0,0,0
izaslanik,0,0,0,0,0,0,0,0,0,0
efemeran,0,0,0,0,0,0,0,0,0,0
efemeride,0,0,0,0,0,0,1,0,0,0
ep,0,0,0,0,0,0,1,0,0,0
epidemija,1,1,1,1,0,1,0,1,1,0
epidermis,0,0,0,0,0,0,0,0,0,0
epilepsija,0,0,0,0,0,1,0,0,0,0
epilog,0,0,0,0,0,0,0,0,0,0
biskupski,0,0,0,0,0,0,0,0,0,1
epizoda,0,0,0,0,0,0,0,0,0,0
epizodno,0,0,0,0,0,0,0,0,0,0
poslanica,0,0,0,0,0,0,0,0,0,0
epitaf,0,0,0,0,0,0,0,1,0,0
epitet,0,0,0,0,0,0,0,0,0,0
epitome,0,0,0,0,0,0,1,0,0,0
epoha,0,0,0,0,0,0,0,0,0,0
jednak,0,0,0,0,0,0,0,0,0,0
jednakost,0,0,0,0,1,0,1,0,0,1
izjednačavanje,0,0,0,0,0,0,0,0,0,0
ujednačiti,0,0,0,0,0,0,0,0,0,0
jednako,0,0,0,0,0,0,1,0,0,0
izjednačiti,0,0,0,0,0,0,0,0,0,0
jednadžba,0,0,0,0,0,0,0,0,0,0
ekvator,0,0,0,0,0,0,0,0,0,0
ekvatorijalni,0,0,0,0,0,0,0,0,0,0
konjanički,0,0,0,0,0,0,0,0,0,0
jednako udaljena,0,0,0,0,0,0,0,0,0,0
ekvilibracija,0,0,0,0,0,0,0,0,0,0
ravnoteža,0,0,0,0,0,0,1,0,0,0
opremiti,0,0,0,0,0,0,0,0,0,0
oprema,0,0,0,0,0,0,0,0,0,0
pravedno,0,0,0,0,0,0,0,0,0,0
kapital,0,0,0,0,0,0,1,0,0,0
jednakovrijednost,0,0,0,0,0,0,0,0,0,0
ekvivalent,0,0,0,0,0,0,0,0,0,0
dvosmislen,0,0,0,0,0,0,0,0,0,0
doba,0,0,0,0,0,0,0,0,0,0
iskorijeniti,1,0,0,0,0,1,0,0,0,0
iskorjenjivanje,1,0,1,1,0,1,0,0,0,0
izbrisati,0,0,0,1,0,1,0,0,0,0
brisanje,0,0,0,0,0,0,0,0,0,0
prije,0,0,0,0,0,0,0,0,0,0
uspravan,0,0,0,0,0,0,0,0,0,0
erekcija,0,0,0,0,0,0,0,0,0,0
ergo,0,0,0,0,0,0,0,0,0,0
nagrizati,0,0,0,0,0,0,0,0,0,0
erozija,0,0,0,0,0,1,0,0,0,0
erotski,0,1,0,0,1,1,1,0,1,1
pogriješiti,0,0,0,0,0,1,0,0,0,0
zadatak,0,1,0,0,0,0,1,0,0,1
lutalica,0,0,0,0,0,1,0,0,0,0
nestalan,0,0,0,0,0,1,0,0,1,0
pogreška,0,0,0,0,0,1,0,0,0,0
pogrešna,0,0,0,0,0,1,0,0,0,0
greška,0,0,0,0,0,1,0,1,0,0
prethodno,0,0,0,0,0,0,0,0,0,0
učen,0,0,0,0,0,0,1,0,0,0
izbiti,1,0,0,0,0,1,0,0,1,0
erupcija,1,0,0,1,0,1,0,0,1,0
escalade,0,0,0,0,0,0,0,0,0,0
eskalirati,1,0,0,0,0,1,0,0,0,0
eskalator,0,0,0,0,0,0,0,0,0,0
pobjeći,0,1,0,1,0,1,1,0,0,0
pobjegao,0,0,0,1,0,0,0,0,0,0
strmina,0,0,0,0,0,0,0,0,0,0
izbjegavati,1,0,0,0,0,1,0,1,0,0
pratnja,0,0,0,0,0,0,0,0,0,1
ezoterijski,0,0,0,0,0,0,0,0,0,0
poseban,0,0,0,0,0,0,0,0,0,0
špijunaža,0,0,0,0,0,1,0,0,0,0
zaručiti se,0,0,0,0,0,0,0,0,0,0
esprit,0,0,0,0,0,0,1,0,0,0
esej,0,0,0,0,0,0,0,0,0,0
esejist,0,0,0,0,0,0,0,0,0,0
suština,0,0,0,0,0,0,0,0,0,0
bitno,0,0,0,0,0,0,1,0,0,0
u suštini,0,0,0,0,0,0,0,0,0,0
uspostaviti,0,0,0,0,0,0,0,0,0,1
uspostavljena,0,0,0,0,1,0,1,0,0,0
osnivanje,0,0,0,0,0,0,0,0,0,0
imanje,0,0,0,0,0,0,0,0,0,0
poštovanje,0,0,0,0,1,0,1,1,0,1
estetski,0,0,0,0,0,0,1,0,0,0
procjena,0,0,0,0,0,0,0,0,0,0
procjena,0,0,0,0,0,0,0,0,0,0
estoppel,0,0,0,0,0,0,0,0,0,0
otuđen,0,0,0,0,0,1,0,0,0,0
estrogena,0,0,0,0,0,0,0,0,0,0
estuarij,0,0,0,0,0,0,0,0,0,0
nagrizati,0,0,0,0,0,0,0,0,0,0
jetkanje,0,0,0,0,0,0,0,0,0,0
vječna,0,0,0,0,0,0,0,0,0,0
vječnost,0,0,0,0,0,0,0,0,0,0
etanol,0,0,0,0,0,0,0,0,0,0
eter,0,0,0,0,0,0,0,0,0,0
eteričan,0,0,0,1,0,0,0,0,0,0
etički,0,0,0,0,0,0,1,0,0,0
etika,0,0,0,0,0,0,1,0,0,0
etnografija,0,0,0,0,0,0,0,0,0,0
etiologija,0,0,0,0,0,0,0,0,0,0
etiketa,0,0,0,0,0,0,0,0,0,0
etimologija,0,0,0,0,0,0,0,0,0,0
euchre,0,0,0,0,0,0,0,0,0,0
eugenika,0,0,0,0,0,0,0,0,0,0
pohvala,0,0,0,0,0,0,0,0,0,0
eufemizam,0,0,0,0,0,0,0,0,0,0
eutanazija,0,0,0,1,0,1,0,1,0,0
evakuiram,0,0,0,1,0,1,0,0,0,0
evakuacija,0,0,0,0,0,1,0,0,0,0
izbjeći,1,0,1,1,0,1,0,0,0,0
procijeniti,0,0,0,0,0,0,0,0,0,0
prolaznost,0,0,0,0,0,0,0,1,1,0
evanđeoski,0,0,0,0,0,0,0,0,0,0
evanđelista,0,0,0,0,0,0,0,0,0,0
evangelizacijski,0,0,0,0,0,0,0,0,0,0
isparavanje,0,0,0,0,0,0,0,0,0,0
izbjegavanje,0,0,0,1,0,1,0,1,0,0
predvečerje,0,0,0,0,0,0,0,0,0,0
večer,0,0,0,0,0,0,0,0,0,0
događaj,0,0,0,0,0,0,0,0,0,0
pun događaja,0,0,0,0,0,0,0,0,0,0
eventualni,0,1,0,0,0,0,0,0,0,0
mogućnost,0,1,0,1,0,0,0,0,0,0
zimzelen,0,0,0,0,1,0,1,0,0,1
vječna,0,0,0,0,0,0,1,0,0,0
zauvijek,0,0,0,0,0,0,0,0,0,0
svaki dan,0,0,0,0,0,0,0,0,0,0
iseliti,0,0,0,0,0,1,0,1,0,0
iseljenje,1,0,1,1,0,1,0,1,0,0
dokaz,0,0,0,0,0,0,0,0,0,0
evidentan,0,0,0,0,0,0,1,0,0,1
zlo,1,0,1,1,0,1,0,1,0,0
dozivati,0,0,0,0,0,0,0,0,0,0
evolucija,0,0,0,0,0,0,1,0,0,0
razvijati se,0,0,0,0,0,0,0,0,0,0
ovca,0,0,0,0,0,0,0,0,0,0
pogoršati,0,0,0,0,0,1,0,0,0,0
pogoršanje,1,0,0,1,0,1,0,0,0,0
zahtjevan,0,0,0,0,0,1,0,0,0,0
pretjerivati,1,0,0,0,0,1,0,0,0,0
pretjerano,0,0,0,0,0,1,0,0,0,0
pretjerivanje,0,0,0,0,0,0,0,0,0,0
uzdizati,0,1,0,0,1,0,1,0,0,1
uzvišenost,0,0,0,0,1,0,1,0,0,1
uzvišen,0,0,0,0,1,0,1,0,0,1
ispit,0,0,0,0,0,0,0,0,0,0
ispitivanje,0,0,0,1,0,1,0,0,1,0
"ispitati, pregledati",0,0,0,0,0,0,0,0,0,0
ispitivač,0,0,0,0,0,0,0,0,0,0
ogorčenje,1,0,1,0,0,1,0,0,0,0
iskopati,0,0,0,0,0,0,0,0,0,0
iskopavanje,0,1,0,0,0,1,0,0,1,0
bager,0,0,0,0,0,0,0,0,0,0
premašiti,0,1,0,0,1,0,1,0,0,0
prekoračenje,0,0,0,0,0,0,0,0,0,0
excel,0,1,0,0,1,0,1,0,1,1
izvrsnost,0,0,1,0,1,0,1,0,0,1
izvrsno,0,0,0,0,1,0,1,0,0,1
osim,0,0,0,0,0,0,0,0,0,0
izuzetak,0,0,0,0,0,0,0,0,0,0
izvod,0,0,0,0,0,0,0,0,0,0
višak,0,0,0,0,0,1,0,0,0,0
pretjerano,0,0,0,0,0,0,0,0,0,0
pretjerano,0,0,0,0,0,0,0,0,0,0
razmjena,0,0,0,0,0,0,1,0,0,1
trošarina,0,0,0,0,0,1,0,0,0,0
ekscizija,0,0,0,0,0,0,0,0,0,0
nadražljivost,0,0,0,0,0,0,0,0,0,0
uzbudljiv,0,0,0,0,0,0,1,0,0,0
uzbuđenje,1,1,0,1,1,0,1,0,1,0
oduševiti,1,1,0,1,1,0,1,0,1,0
uzbuđen,0,1,0,0,1,0,1,0,1,1
uzbuđenje,0,1,0,0,1,0,1,0,1,0
uzbudljiv,0,1,0,0,1,0,1,0,1,0
uzviknuti,0,0,0,0,0,0,0,0,1,0
isključen,0,0,1,0,0,1,0,1,0,0
isključujući,0,0,0,0,0,1,0,1,0,0
isključivanje,0,0,1,1,0,1,0,1,0,0
izmet,0,0,1,0,0,1,0,0,0,0
izlučivanje,0,0,1,0,0,0,0,0,0,0
bolan,0,0,0,1,0,1,0,0,0,0
izlet,0,0,0,0,0,0,0,0,0,0
izgovor,0,0,0,0,0,1,0,0,0,0
izvršiti,0,0,0,0,0,0,0,0,0,0
izvršenje,1,0,0,1,0,1,0,1,0,1
krvnik,1,0,0,1,0,1,0,1,0,0
izvršni,0,0,0,0,0,0,0,0,0,0
izvršitelj,0,0,0,0,0,0,0,0,0,1
egzegeza,0,0,0,0,0,0,0,0,0,0
primjerak,0,0,0,0,0,0,0,0,0,0
primjeran,0,0,0,0,0,0,1,0,0,0
primjeriti,0,0,0,0,0,0,0,0,0,0
izuzeti,0,0,0,0,0,0,0,0,0,0
izuzeće,0,0,0,0,0,0,1,0,0,0
vježbanje,0,0,0,0,0,0,0,0,0,0
naprezati se,0,0,0,0,0,0,0,0,0,0
napor,0,0,0,0,0,0,0,0,0,0
izdahnuti,0,0,0,0,0,0,0,0,0,0
ispušni,0,0,0,0,0,1,0,0,0,0
iscrpljen,0,0,0,0,0,1,0,1,0,0
iscrpljenost,0,1,0,0,0,1,0,1,0,0
iscrpan,0,0,0,0,0,0,0,0,0,1
izlagati,0,0,0,0,0,0,0,0,0,0
izložba,0,0,0,0,0,0,0,0,0,0
razdraganost,0,0,0,0,1,0,1,0,1,0
poticati,0,0,0,0,0,0,1,0,0,0
nagovaranje,0,0,0,0,0,0,1,0,0,0
zahtjevan,0,1,1,1,0,1,0,0,1,0
progonstvo,1,0,0,1,0,1,0,1,0,0
postojati,0,0,0,0,0,0,0,0,0,0
postojanje,0,0,0,0,0,0,1,0,0,0
egzistirajući,0,0,0,0,0,0,0,0,0,0
postojanje,0,0,0,0,0,0,0,0,0,0
Izlaz,0,0,0,0,0,0,0,0,0,0
egzodus,0,0,0,0,0,0,0,0,0,0
pretjeran,0,0,0,0,0,0,0,0,0,0
egzorcizam,0,0,0,1,0,1,0,1,0,0
egzorcist,0,0,0,0,0,0,0,0,0,0
Egzotično,0,0,0,0,0,0,1,0,0,0
proširiti,0,0,0,0,0,0,0,0,0,0
proširena,0,0,0,0,0,0,0,0,0,0
prostranstvo,0,0,0,0,0,0,0,0,0,0
proširenje,0,0,0,0,0,0,0,0,0,0
ekspanzivan,0,0,0,0,0,0,0,0,0,0
iseljenik,0,0,0,0,0,1,0,0,0,0
očekivati,0,1,0,0,0,0,1,0,1,1
očekivano trajanje,0,1,0,0,0,0,0,0,0,0
očekivan,0,1,0,0,0,0,0,0,0,0
očekivanje,0,1,0,0,0,0,1,0,0,0
očekivano,0,1,0,0,0,0,0,0,0,0
očekujući,0,1,0,0,0,0,0,0,0,0
svrhovitost,0,0,0,0,0,0,0,0,0,0
sredstvo,0,0,0,0,1,0,1,0,0,1
ubrzati,0,0,0,0,0,0,0,0,0,0
ekspedicija,0,1,0,0,0,0,1,0,0,0
ekspeditivan,0,0,0,0,0,0,0,0,0,0
protjerati,1,0,1,1,0,1,0,1,0,0
rashod,0,0,0,0,0,1,0,0,0,0
trošak,0,0,0,0,0,0,0,0,0,0
troškovi,0,0,0,0,0,1,0,0,0,0
skup,0,0,0,0,0,0,0,0,0,0
iskustvo,0,0,0,0,0,0,0,0,0,0
iskusan,0,0,0,0,0,0,1,0,0,1
iskustva,0,0,0,0,0,0,0,0,0,0
eksperiment,0,1,0,0,0,0,0,0,1,0
eksperimentalni,0,0,0,0,0,0,0,0,0,0
eksperimentator,0,0,0,0,0,0,0,0,0,0
stručnjak,0,0,0,0,0,0,1,0,0,1
stručnost,0,0,0,0,0,0,1,0,0,1
isteka roka trajanja,0,0,0,0,0,0,0,0,0,0
isteći,0,0,0,0,0,1,0,1,0,0
istekao,0,0,0,0,0,1,0,0,0,0
isteka roka trajanja,0,0,0,0,0,0,0,0,0,0
objasniti,0,0,0,0,0,0,1,0,0,1
obrazloženje,0,0,0,0,0,0,0,0,0,0
objašnjavajući,0,0,0,0,0,0,0,0,0,0
psovka,1,0,0,0,0,1,0,0,0,0
eksplikacija,0,0,0,0,0,0,0,0,0,0
eksplodirati,1,0,0,1,0,1,0,1,1,0
iskorištavati,0,0,0,0,0,0,0,0,0,0
istražiti,0,1,0,0,0,0,0,0,0,0
istraživač,0,0,0,0,0,0,0,0,0,0
Eksplozija,0,0,0,1,0,1,0,0,1,0
Eksplozivno,1,1,0,1,0,1,0,0,1,0
eksponent,0,0,0,0,0,0,0,0,0,0
eksponencijalni,0,0,0,0,0,0,0,0,0,0
izvoz,0,0,0,0,0,0,0,0,0,0
izvoz,0,0,0,0,0,0,0,0,0,0
izložiti,0,1,0,1,0,0,0,0,0,0
izloženi,0,0,0,0,0,1,0,0,0,0
izlaganje,0,0,0,0,0,0,0,0,0,0
ekspozitorni,0,0,0,0,0,0,0,0,0,0
izlaganje,0,0,0,0,0,0,0,0,0,0
izložiti,0,0,0,0,0,0,0,0,0,0
izraziti,0,0,0,0,0,0,0,0,0,0
izraz,0,0,0,0,0,0,0,0,0,0
izražajan,0,0,0,0,0,0,0,0,0,0
izvlaštenje,0,0,0,0,0,1,0,0,0,0
protjerivanje,1,0,1,1,0,1,0,1,0,0
fin,0,0,0,0,1,0,1,0,0,0
izvrsno,0,0,0,0,0,0,1,0,0,0
postojeći,0,0,0,0,0,0,0,0,0,0
proširiti,0,0,0,0,0,0,1,0,0,0
produžljiv,0,0,0,0,0,0,0,0,0,0
proširena,0,0,0,0,0,0,0,0,0,0
proširenje,0,0,0,0,0,0,0,0,0,0
opsežna,0,0,0,0,0,0,1,0,0,0
opseg,0,0,0,0,0,0,0,0,0,0
vanjski,0,0,0,0,0,0,0,0,0,0
uništiti,0,0,0,1,0,1,0,1,0,0
istrebljenje,1,0,0,1,0,1,0,0,0,0
vanjski,0,0,0,0,0,0,0,0,0,0
izvana,0,0,0,0,0,0,0,0,0,0
izumro,0,0,0,0,0,1,0,1,0,0
ugasiti,1,0,0,0,0,1,0,0,0,0
ekstra,0,0,0,0,0,0,1,0,0,0
ekstrakt,0,0,0,0,0,0,0,0,0,0
izvlačeći,0,0,0,0,0,0,0,0,0,0
izvlačenje,0,0,0,0,0,0,0,0,0,0
ekstraktor,0,0,0,0,0,0,0,0,0,0
izručenje,0,0,0,0,0,0,0,0,0,0
izvansudski,0,0,0,1,0,1,0,0,0,0
izvanškolski,0,0,0,0,0,0,0,0,0,0
vanjsko,0,0,0,0,0,0,0,0,0,0
izvanredno,0,0,0,0,0,0,1,0,0,0
ekstravaganca,0,0,0,0,0,0,0,0,0,0
ekstreman,0,0,0,0,0,0,0,0,0,0
krajnje,0,0,0,0,0,0,0,0,0,0
krajnost,0,0,0,0,0,1,0,0,0,0
izvući se,0,1,0,0,0,0,1,0,0,0
vanjski,0,0,0,0,0,0,0,0,0,0
istiskivanje,0,0,0,0,0,0,0,0,0,0
bujnost,0,0,0,0,1,0,1,0,0,0
izlučivati,0,0,0,0,0,0,0,0,0,0
oko,0,0,0,0,0,0,0,0,0,0
okular,0,0,0,0,0,0,0,0,0,0
ušica,0,0,0,0,0,0,0,0,0,0
okular,0,0,0,0,0,0,0,0,0,0
vid,0,0,0,0,0,0,0,0,0,0
očevidac,0,0,0,0,0,0,0,0,0,1
basna,0,0,0,0,0,0,0,0,0,0
tkanina,0,0,0,0,0,0,0,0,0,0
izmišljati,0,0,0,0,0,1,0,0,0,0
izmišljena,0,0,0,0,0,0,0,0,0,0
izmišljanje,0,0,0,0,0,1,0,0,0,1
fasada,0,0,0,0,0,0,0,0,0,0
lice,0,0,0,0,0,0,0,0,0,0
aspekt,0,0,0,0,0,0,0,0,0,0
lak,0,0,0,0,0,0,0,0,0,0
olakšati,0,0,0,0,0,0,1,0,0,0
objekt,0,0,0,0,0,0,0,0,0,0
suočavanje,0,0,0,0,0,0,0,0,0,0
faksimil,0,0,0,0,0,0,0,0,0,0
činjenica,0,0,0,0,0,0,0,0,0,1
frakcija,0,0,0,0,0,0,0,0,0,0
faktor,0,0,0,0,0,0,0,0,0,0
tvornica,0,0,0,0,0,0,0,0,0,0
činjenice,0,0,0,0,0,0,1,0,0,1
fakulteta,0,0,0,0,0,0,0,0,0,0
fakultet,0,0,0,0,0,0,1,0,0,1
hir,0,0,0,0,0,0,0,0,0,0
uvenuti,0,0,0,0,0,1,0,0,0,0
izblijedio,0,0,0,0,0,0,0,0,0,0
izmet,0,0,1,0,0,1,0,0,0,0
neuspješno,1,1,0,1,0,1,0,1,0,0
neuspjeh,0,0,1,1,0,1,0,1,0,0
prinuđen,0,1,0,0,1,0,1,0,0,1
padajući u nesvijest,0,0,0,1,0,1,0,1,1,0
pravedan,0,0,0,0,0,0,1,0,0,0
pošteno,0,0,0,0,0,0,1,0,0,1
plovni put,0,0,0,0,0,0,0,0,0,0
vila,0,0,0,0,0,0,0,0,0,0
vjera,0,1,0,0,1,0,1,0,0,1
vjeran,0,0,0,0,0,0,1,0,0,1
nevjeran,0,0,0,0,0,1,0,1,0,0
lažan,0,0,0,0,0,1,0,0,0,0
pad,0,0,0,0,0,1,0,1,0,0
pogrešan,1,0,0,0,0,1,0,0,0,0
zabluda,0,0,0,0,0,1,0,0,0,0
pogrešiv,0,0,0,0,0,1,0,0,0,0
padanje,0,0,0,0,0,1,0,1,0,0
ugar,0,0,0,0,0,1,0,0,0,0
laž,1,0,0,0,0,1,0,0,0,1
lažno,0,0,0,0,0,1,0,0,0,0
falsificiranje,1,0,0,0,0,1,0,0,0,0
falsificiran,0,0,0,0,0,0,0,0,0,0
krivotvoriti,0,0,1,0,0,1,0,0,0,0
lažnost,0,0,1,0,0,1,0,0,0,0
posustati,0,0,0,1,0,1,0,0,0,0
slava,0,0,0,0,0,0,1,0,0,0
slavan,0,0,0,0,0,0,0,0,0,0
poznato,0,0,0,0,0,0,1,0,0,1
familijarnost,0,1,0,0,1,0,1,0,0,1
upoznati,0,0,0,0,0,0,0,0,0,0
glad,0,0,0,0,0,1,0,1,0,0
poznati,0,0,0,0,0,0,1,0,0,0
slavno,0,0,0,0,0,0,1,0,0,0
ventilator,0,0,0,0,0,0,0,0,0,0
fanatik,0,0,0,0,0,1,0,0,0,0
fanatizam,0,0,0,1,0,0,0,0,0,0
nestvaran,0,0,0,0,0,0,0,0,0,0
fensi,0,1,0,0,1,0,1,0,0,0
fandango,0,0,0,0,0,0,0,0,0,0
fanfare,0,1,0,0,1,0,1,0,1,0
očnjak,0,0,0,1,0,0,0,0,0,0
očnjaci,0,0,0,1,0,0,0,0,0,0
lepezati,0,0,0,0,0,0,0,0,0,0
fantazija,0,0,0,0,0,0,0,0,0,0
fantazija,0,0,0,0,0,0,0,0,0,0
farsa,0,0,0,0,0,1,0,0,0,0
lakrdijaški,0,0,1,0,0,1,0,0,0,0
vozarina,0,0,0,0,0,0,0,0,0,0
doviđenja,0,0,0,0,0,0,0,0,0,0
farma,0,1,0,0,0,0,0,0,0,0
seljak,0,0,0,0,0,0,0,0,0,0
seoska kuća,0,0,0,0,0,0,0,0,0,0
uzgoj,0,0,0,0,0,0,0,0,0,0
Faro,0,0,0,0,0,0,0,0,0,0
dalje,0,0,0,0,0,0,0,0,0,0
fascija,0,0,0,0,0,0,0,0,0,0
fascinantan,0,0,0,0,0,0,1,0,0,0
fascinacija,0,0,0,0,0,0,1,0,0,0
moda,0,0,0,0,0,0,0,0,0,0
moderan,0,0,0,0,0,0,1,0,0,0
pričvrstiti,0,0,0,0,0,0,0,0,0,0
zatvarač,0,0,0,0,0,0,0,0,0,0
pričvršćivanje,0,0,0,0,0,0,0,0,0,0
post,0,0,0,0,0,1,0,1,0,0
mast,0,0,1,0,0,1,0,1,0,0
koban,1,0,0,1,0,1,0,1,0,0
fatalnost,0,0,0,1,0,1,0,1,0,0
sudbina,0,1,0,0,0,1,0,0,0,0
sudbinski,0,0,0,0,0,0,0,0,0,0
otac,0,0,0,0,0,0,0,0,0,1
dokučiti,0,0,0,0,0,0,0,0,0,0
umor,0,0,0,0,0,1,0,0,0,0
umoran,0,0,0,0,0,1,0,1,0,0
masna,0,0,1,0,0,1,0,1,0,0
greška,0,0,0,0,0,1,0,1,0,0
besprijekoran,0,0,0,0,0,0,1,0,0,1
neispravan,0,0,0,0,0,1,0,0,0,0
fauna,0,0,0,0,0,0,0,0,0,0
milost,0,0,0,0,0,0,0,0,0,0
povoljan,0,1,0,0,1,0,1,0,1,1
omiljeni,0,0,0,0,1,0,1,0,0,1
favoriziranje,0,0,0,0,0,0,1,0,0,0
srneće,0,0,0,0,0,1,0,0,0,0
strah,1,0,0,1,0,1,0,0,0,0
bojažljiv,0,0,0,1,0,1,0,1,0,0
bojažljivo,0,0,0,1,0,1,0,1,1,0
bojeći se,0,0,0,1,0,1,0,0,0,0
neustrašiv,0,0,0,1,0,0,1,0,0,0
izvedivost,0,0,0,0,0,0,0,0,0,0
izvedivo,0,0,0,0,0,0,0,0,0,0
podvig,0,1,0,0,1,0,1,0,1,0
pero,0,0,0,0,0,0,0,0,0,0
značajka,0,0,0,0,0,0,1,0,0,0
značajke,0,0,0,0,0,0,0,0,0,0
febrilan,0,0,0,0,0,1,0,0,0,0
fekalni,0,0,1,0,0,1,0,0,0,0
izmet,0,0,1,0,0,1,0,0,0,0
plodnost,0,0,0,0,0,0,0,0,0,0
federalni,0,0,0,0,0,0,0,0,0,0
federacija,0,0,0,0,0,0,0,0,0,0
pristojba,1,0,0,0,0,1,0,0,0,0
slabašan,0,0,0,0,0,1,0,1,0,0
hraniti se,0,0,0,0,0,0,0,0,0,0
hranilica,0,0,0,0,0,0,0,0,0,0
osjetiti,0,0,0,0,0,0,0,0,0,0
osjećaj,1,1,1,1,1,1,1,1,1,1
stopala,0,0,0,0,0,0,0,0,0,0
hinjena,0,0,0,0,0,1,0,0,0,0
sreća,0,0,0,0,1,0,1,0,0,0
mačji,0,0,0,0,0,0,0,0,0,0
pala,0,0,0,0,0,1,0,1,0,0
kolega,0,0,0,0,0,0,1,0,0,1
zajedništvo,0,0,0,0,0,0,1,0,0,0
zločinac,0,0,0,1,0,1,0,0,0,0
kazneno djelo,0,0,0,0,0,1,0,0,0,0
osjetio,0,0,0,0,0,0,0,0,0,0
ženski,0,0,0,0,0,0,0,0,0,0
ženstvenost,0,0,0,0,0,0,0,0,0,0
fen,0,0,0,0,0,0,0,0,0,0
ograda,0,0,0,0,0,0,0,0,0,0
ograđena,1,0,0,0,0,0,0,0,0,0
braniti se,0,0,0,0,0,0,0,0,0,0
bokobran,0,0,0,0,0,0,0,0,0,1
komorač,0,0,0,0,0,0,0,0,0,0
kvasac,0,1,0,0,0,1,0,0,0,0
vrenje,0,1,0,0,0,0,0,0,0,0
paprat,0,0,0,0,0,0,0,0,0,0
divlji,1,0,1,1,0,1,0,0,0,0
žestina,1,0,0,0,0,1,0,0,0,0
trajekt,0,0,0,0,0,0,0,0,0,0
plodno,0,0,0,0,0,0,1,0,0,0
oploditi,0,0,0,0,0,0,0,0,0,0
gorljiv,0,0,0,0,0,0,0,0,0,0
žestina,1,0,0,0,1,0,1,0,0,0
festival,0,1,0,0,1,0,1,0,1,0
svečani,0,0,0,0,1,0,1,0,0,0
dohvatiti,0,0,0,0,0,0,0,0,0,0
svečanost,0,1,0,0,1,0,1,0,1,0
fetiš,0,0,0,0,0,0,0,0,0,0
svađa,1,0,0,0,0,1,0,0,0,0
feudalni,0,0,0,0,0,1,0,0,0,0
feudalizam,1,0,0,0,0,1,0,1,0,0
groznica,0,0,0,1,0,0,0,0,0,0
grozničav,0,0,0,0,0,1,0,0,0,0
zaručnica,0,0,0,0,0,0,0,0,0,0
fijasko,0,0,0,0,0,1,0,0,0,0
fiat,0,0,0,0,0,0,0,0,0,0
lagati,1,0,0,0,0,1,0,0,0,0
vlakno,0,0,0,0,0,0,0,0,0,0
vlaknasti,0,0,0,0,0,0,0,0,0,0
nestalan,0,0,0,0,0,1,0,0,0,0
fikcija,0,0,0,0,0,0,0,0,0,0
fiktivna,0,0,0,0,0,1,0,0,0,0
violina,0,0,0,0,0,0,0,0,0,0
violinista,0,0,0,0,0,0,0,0,0,0
vjernost,0,0,0,0,1,0,1,0,0,1
fiducijarni,0,0,0,0,0,0,0,0,0,0
polje,0,0,0,0,0,0,0,0,0,0
zlovolja,1,0,1,1,0,1,0,0,0,0
žestoka,1,0,1,1,0,1,0,0,0,0
fešta,0,1,0,0,1,0,1,0,1,1
borba,1,0,0,1,0,1,0,0,0,0
borac,0,0,0,0,0,0,0,0,0,0
boreći se,1,0,0,0,0,1,0,0,0,0
izmišljotina,0,0,0,0,0,0,0,0,0,0
figurativno,0,0,0,0,0,0,0,0,0,0
lik,0,0,0,0,0,0,0,0,0,0
figurica,0,0,0,0,0,0,0,0,0,0
žarna nit,0,0,0,0,0,0,0,0,0,0
nitasti,0,0,0,0,0,0,0,0,0,0
datoteka,0,0,0,0,0,0,0,0,0,0
pustolov,0,0,0,0,0,1,0,0,0,0
filigran,0,0,0,0,0,0,0,0,0,0
podnošenje,0,0,0,0,0,0,0,0,0,0
strugotine,0,0,0,0,0,0,0,0,0,0
ispuniti,0,0,0,0,0,0,0,0,0,1
file,0,0,0,0,0,0,0,0,0,0
punjenje,0,0,0,0,0,0,0,0,0,0
ždrebica,0,0,0,0,0,0,0,0,0,0
film,0,0,0,0,0,0,0,0,0,0
filmski,0,0,0,0,0,0,0,0,0,0
filtar,0,0,0,0,0,0,0,0,0,0
prljavština,0,0,1,0,0,1,0,0,0,0
prljava,0,0,1,0,0,1,0,0,0,0
peraje,0,0,0,0,0,0,0,0,0,0
konačni,0,0,0,0,0,0,0,0,0,0
finale,0,0,0,0,0,0,0,0,0,0
konačnost,0,0,0,0,0,0,0,0,0,0
konačno,0,1,1,0,1,0,1,0,1,1
financije,0,0,0,0,0,0,0,0,0,0
financijski,0,0,0,0,0,0,0,0,0,0
financijer,0,0,0,0,0,0,0,0,0,0
zeba,0,0,0,0,0,0,0,0,0,0
pronaći,0,0,0,0,0,0,0,0,0,0
nalaz,0,0,0,0,0,0,0,0,0,0
ukrasi,0,0,0,0,0,0,1,0,0,0
finesa,0,0,0,0,0,0,1,0,0,0
prst,0,0,0,0,0,0,0,0,0,0
otisak prsta,0,0,0,0,0,0,0,0,0,0
Završi,0,0,0,0,0,0,0,0,0,0
konačan,0,0,0,0,0,0,0,0,0,0
fink,0,0,0,0,0,0,0,0,0,0
vatra,0,0,0,1,0,0,0,0,0,0
vatreno oružje,1,0,0,1,0,1,0,0,0,0
vatrena kugla,0,0,0,0,0,0,1,0,0,0
krijesnica,0,0,0,0,0,0,0,0,0,0
vatrogasac,0,0,0,0,0,0,0,0,0,1
kamin,0,0,0,0,0,0,0,0,0,0
otporan na vatru,0,0,0,0,0,0,1,0,0,0
ognjište,0,0,0,0,0,0,0,0,0,0
drva za ogrjev,0,0,0,0,0,0,0,0,0,0
vatromet,0,0,0,0,0,0,0,0,0,0
pucajući,0,0,0,0,0,0,0,0,0,0
firma,0,0,0,0,0,0,0,0,0,0
nebeski svod,0,0,0,0,0,0,0,0,0,0
čvrsto,0,0,0,0,0,0,0,0,0,0
čvrstoća,0,0,0,0,0,0,1,0,0,1
prvorođenac,0,1,0,0,1,0,1,0,0,1
fiskalni,0,0,0,0,0,0,0,0,0,0
riba,0,0,0,0,0,0,0,0,0,0
ribar,0,0,0,0,0,0,0,0,0,0
ribarstvo,0,0,0,0,0,0,0,0,0,0
ribarstvo,0,0,0,0,0,0,0,0,0,0
sumnjiv,0,0,0,0,0,0,0,0,0,0
fisijski,0,0,0,0,0,0,0,0,0,0
fisija,0,0,0,0,0,0,0,0,0,0
fisura,0,0,0,0,0,0,0,0,0,0
šaka,0,0,0,0,0,0,0,0,0,0
fistula,0,0,0,0,0,0,0,0,0,0
fitness,0,0,0,0,0,0,0,0,0,0
odgovara,1,0,0,0,0,1,0,0,0,0
pristaje,0,0,0,0,0,0,0,0,0,0
pristajanje,0,1,0,0,1,0,1,0,0,1
okovi,0,0,0,0,0,0,0,0,0,0
popraviti,0,0,0,0,0,0,0,0,0,0
fiksacija,0,0,0,0,0,0,0,0,0,0
fiksni,0,0,0,0,0,0,0,0,0,1
učvršćenje,0,0,0,0,0,0,1,0,0,0
učvršćenja,0,0,0,0,0,0,0,0,0,0
fiz,0,0,0,0,0,0,0,0,0,0
mlitav,0,0,1,0,0,1,0,0,0,0
flacidan,0,0,0,0,0,1,0,1,0,0
označavanje,0,0,0,0,0,1,0,0,0,0
flagrantan,1,0,1,0,0,1,0,0,0,0
admiralski brod,0,0,0,0,0,0,0,0,0,1
pahuljica,0,0,0,0,0,1,0,0,0,0
čudan,0,0,0,0,0,0,0,0,0,0
plamen,0,0,0,0,0,0,0,0,0,0
plameni,0,0,0,0,0,0,0,0,0,0
prirubnica,0,0,0,0,0,0,0,0,0,1
bok,0,0,0,0,0,0,0,0,0,0
flankiran,0,0,0,0,0,0,0,0,0,0
bočno bočno,0,0,0,0,0,0,0,0,0,0
flanel,0,0,0,0,0,0,0,0,0,0
režanj,0,0,0,0,0,1,0,0,0,0
mlatarajući,0,0,0,0,0,0,0,0,0,0
baklja,0,0,0,0,0,0,0,0,0,0
rasplamsavajući,0,0,0,0,0,0,0,0,0,0
bljesak,0,0,0,0,0,0,0,0,0,0
flashback,0,0,0,0,0,0,0,0,0,0
bljeskajući,0,0,0,0,0,0,0,0,0,0
baterijska svjetiljka,0,0,0,0,0,0,0,0,0,0
blistav,0,0,0,0,0,0,0,0,0,0
pljoska,0,0,0,0,0,0,0,0,0,0
ravan,0,0,0,0,0,0,0,0,0,0
spljoštenost,0,0,0,0,0,0,0,0,0,0
izravnati,0,0,0,0,0,0,0,0,0,0
laskajući,0,0,0,0,1,0,1,0,0,0
laskanje,0,0,0,0,0,0,0,0,0,0
nadutost,0,0,1,0,0,1,0,0,0,0
razmetati se,0,0,0,0,0,1,0,0,0,0
okus,0,0,0,0,0,0,0,0,0,0
mana,0,0,0,0,0,1,0,1,0,0
buha,0,0,1,0,0,1,0,0,0,0
pobjegao,0,0,0,1,0,0,0,0,0,0
pobjeći,0,0,0,1,0,1,0,0,0,0
runo,1,0,1,0,0,1,0,1,0,0
flota,0,0,0,0,0,0,1,0,0,0
prolazno,0,0,0,0,0,0,0,0,0,0
meso,0,0,1,0,0,0,0,0,0,0
mesnat,0,0,0,0,0,1,0,0,0,0
savijati,0,0,0,0,0,0,0,0,0,0
fleksibilnost,0,0,0,0,0,0,1,0,0,0
fleksibilno,0,0,0,0,0,0,0,0,0,0
savijanje,0,0,0,0,0,0,0,0,0,0
treperenje,0,0,0,0,0,0,0,0,0,0
treperenje,0,0,0,0,0,0,0,0,0,0
letak,0,0,0,0,0,0,0,0,0,0
let,0,0,0,0,0,0,0,0,0,0
trgnuti se,0,1,1,1,0,1,0,1,1,0
baciti,0,0,0,0,0,0,0,0,0,0
kremen,0,0,0,0,0,0,0,0,0,0
peraja,0,0,0,0,0,0,0,0,0,0
koketirati,0,1,0,0,1,1,1,0,1,1
flert,0,0,0,0,0,0,0,0,0,0
plutati,0,0,0,0,0,0,0,0,0,0
stado,0,0,0,0,0,0,0,0,0,0
bičevati,1,0,1,1,0,1,0,1,0,0
poplava,0,0,0,1,0,0,0,0,0,0
kat,0,0,0,0,0,0,0,0,0,0
neuspjeh,0,0,1,0,0,1,0,1,0,0
Flora,0,0,0,0,0,0,0,0,0,0
cvjetni,0,0,0,0,0,0,1,0,0,0
cvjećar,0,0,0,0,0,0,0,0,0,0
sirova svila,0,0,0,0,0,0,0,0,0,0
iverak,0,0,0,1,0,1,0,1,0,0
brašno,0,0,0,0,0,0,0,0,0,0
teći,0,0,0,0,0,0,1,0,0,0
cvjetanje,0,0,0,0,0,0,0,0,0,0
cvjetni,0,0,0,0,0,0,1,0,0,0
gripa,0,0,0,1,0,1,0,0,0,0
fluktuirati,0,0,0,0,0,0,0,0,0,0
fluktuirajući,0,0,0,0,0,0,0,0,0,0
fluktuacija,1,0,0,1,0,1,0,0,0,0
dimnjak,0,0,0,0,0,0,0,0,0,0
tečnost,0,0,0,0,0,0,0,0,0,0
paperje,0,0,0,0,0,0,0,0,0,0
paperjast,0,0,0,0,0,0,0,0,0,0
tekućina,0,0,0,0,0,0,0,0,0,0
fluidnost,0,0,0,0,0,0,0,0,0,0
slučajnost,0,0,0,0,0,0,0,0,1,0
fluorescencija,0,0,0,0,0,0,0,0,0,0
fluorescentna,0,0,0,0,0,0,0,0,0,0
nalet,0,0,0,0,0,0,0,0,0,0
ispiranje,0,0,0,0,0,0,1,0,0,0
usplahiren,0,0,0,0,0,0,0,0,0,0
flauta,0,0,0,0,0,0,0,0,0,0
žljebasti,0,0,0,0,0,0,0,0,0,0
fluvijalni,0,0,0,0,0,0,0,0,0,0
fluks,0,0,0,0,0,0,0,0,0,0
letjeti,0,0,0,0,0,0,0,0,0,0
letak,0,0,0,0,0,0,0,0,0,0
leteći,0,0,0,1,0,0,1,0,0,0
zamašnjak,0,0,0,0,0,0,0,0,0,0
ždrijebe,0,0,0,0,0,0,0,0,0,0
pjena,0,0,0,0,0,0,0,0,0,0
pjenjenje,0,0,0,0,0,0,0,0,0,0
pjenast,0,0,0,0,0,0,0,0,0,0
fob,0,0,0,0,0,0,0,0,0,0
žarišni,0,0,0,0,0,0,0,0,0,0
usredotočenost,0,0,0,0,0,0,1,0,0,0
stočna hrana,0,0,0,0,0,0,0,0,0,0
neprijatelj,1,0,0,1,0,1,0,0,0,0
magla,0,0,0,0,0,0,0,0,0,0
maglovit,0,0,0,0,0,0,0,0,0,0
folija,0,0,0,0,0,0,0,0,0,0
foliran,0,0,0,0,0,1,0,0,0,0
presavijati,0,0,0,0,0,0,0,0,0,0
presavijeni,0,0,0,0,0,0,0,0,0,0
lišće,0,0,0,0,0,0,0,0,0,0
folijant,0,0,0,0,0,0,0,0,0,0
narodni,0,0,0,0,0,0,0,0,0,0
folklor,0,0,0,0,0,0,0,0,0,0
folikul,0,0,0,0,0,0,0,0,0,0
folikularni,0,0,0,0,0,0,0,0,0,0
slijediti,0,0,0,0,0,0,0,0,0,0
sljedbenik,0,0,0,0,0,0,0,0,0,1
ludost,0,0,0,0,0,1,0,0,0,0
milovanje,0,0,0,0,0,0,0,0,0,0
naklonost,0,0,0,0,1,0,1,0,0,0
font,0,0,0,0,0,0,0,0,0,0
hrana,0,0,0,0,1,0,1,0,0,1
budala,0,0,1,0,0,1,0,0,0,0
glupiranje,0,0,0,0,0,0,0,0,0,0
budalasto,0,0,0,0,0,1,0,0,0,0
glupost,0,0,0,0,0,1,0,0,0,0
noga,0,0,0,0,0,0,0,0,0,0
nogomet,0,1,0,0,1,0,1,0,0,0
pješački most,0,0,0,0,0,0,0,0,0,0
podnožje,0,0,0,0,0,0,0,0,0,1
pješačka staza,0,0,0,0,0,0,0,0,0,0
otisak stopala,0,0,0,0,0,0,0,0,0,0
facati,0,0,0,0,0,0,0,0,0,0
krmivo,0,0,0,0,0,1,0,0,0,0
prepad,1,0,0,0,0,1,0,0,0,0
snošljivost,0,0,0,0,0,0,1,0,0,0
zabraniti,0,0,0,0,0,1,0,1,0,0
zabranjujući,1,0,0,1,0,1,0,0,0,0
sila,1,0,0,1,0,1,0,0,0,0
prisiljeni,0,0,0,1,0,1,0,0,0,0
pinceta,0,0,0,0,0,0,0,0,0,0
prisilno,1,0,0,1,0,1,0,0,0,0
ford,0,0,0,0,0,0,0,0,0,0
naprijed,0,0,0,0,0,0,1,0,0,0
podlaktica,1,1,0,0,0,0,0,0,0,0
slutnja,0,1,0,1,0,1,0,0,0,0
prognoza,0,1,0,0,0,0,0,0,0,1
prognostičar,0,0,0,0,0,0,0,0,0,0
zaplijeniti,0,0,0,1,0,1,0,1,0,0
preci,0,0,0,0,1,0,1,0,0,1
kažiprst,0,0,0,0,0,0,0,0,0,0
prethoditi,0,0,0,0,0,1,0,0,0,0
prethodno navedeno,0,0,0,0,0,0,1,0,0,0
propušteno,0,0,0,0,0,0,0,0,0,0
prvi plan,0,0,0,0,0,0,0,0,0,0
čelo,0,0,0,0,0,0,0,0,0,0
stranim,0,0,0,0,0,1,0,0,0,0
stranac,0,0,0,1,0,1,0,0,0,0
nadzornik,0,0,0,0,0,0,1,0,0,0
forenzički,0,0,0,0,0,0,0,0,0,0
preteča,0,0,0,0,0,0,1,0,0,0
predvidjeti,0,1,0,0,0,0,1,0,1,1
predviđeno,0,1,0,0,0,0,1,0,0,0
predviđanje,0,1,0,0,0,0,1,0,0,1
šuma,0,0,0,0,0,0,0,0,0,0
predumišljaj,0,0,0,0,0,0,0,0,0,0
unaprijed upozoren,0,1,0,1,0,1,0,0,0,0
predgovor,0,0,0,0,0,0,0,0,0,0
izgubiti,1,0,0,0,0,1,0,1,0,0
oduzeto,0,0,0,0,0,1,0,0,0,0
oduzimanje,0,0,0,1,0,1,0,1,0,0
krivotvoriti,0,0,0,0,0,0,1,0,0,0
krivotvorina,0,0,0,0,0,1,0,0,0,0
zaboraviti,0,0,0,0,0,1,0,0,0,0
zaboravan,0,0,0,0,0,0,0,0,0,0
zaboravnost,0,0,0,0,0,0,0,0,0,0
oprostiti,0,0,0,0,0,0,1,0,0,0
oprošteno,0,0,0,0,0,0,1,0,0,0
praštajući,0,0,0,0,0,0,1,0,0,1
zaboravljen,0,0,0,1,0,1,0,1,0,0
vilica,0,0,0,0,0,0,0,0,0,0
račvasto,0,0,0,0,0,0,0,0,0,0
račvanje,0,0,0,0,0,0,0,0,0,0
napuštena,0,0,0,0,0,1,0,1,0,0
oblik,0,0,0,0,0,0,0,0,0,0
formalizam,0,0,0,0,0,0,0,0,0,0
formalnost,0,0,0,0,0,0,0,0,0,1
formiranje,0,0,0,0,0,0,0,0,0,0
formativni,0,0,0,0,0,0,1,0,0,1
formirana,0,0,0,0,0,0,0,0,0,0
zastrašujući,0,0,0,1,0,0,0,0,0,0
formiranje,0,1,0,0,0,0,0,0,0,0
bezobličan,0,0,0,0,0,1,0,0,0,0
formula,0,0,0,0,0,0,1,0,0,1
formular,0,0,0,0,0,0,0,0,0,0
formulirati,0,0,0,0,0,0,0,0,0,0
bludništvo,0,0,0,0,0,1,0,0,0,0
napustiti,0,0,0,0,0,1,0,1,0,0
napuštena,1,0,0,0,0,1,0,1,0,0
forsooth,0,0,0,0,0,0,0,0,0,0
utvrda,0,0,0,0,0,0,0,0,0,1
forte,0,0,0,0,0,0,1,0,0,0
nadolazeći,0,0,0,0,0,0,1,0,0,0
odmah,0,0,0,0,0,0,0,0,0,0
utvrđivanje,0,0,0,0,0,0,0,0,0,0
učvrstiti,0,0,0,0,0,0,1,0,0,0
snaga duha,0,0,0,0,1,0,1,0,0,1
dvotjedni,0,0,0,0,0,0,0,0,0,0
tvrđava,0,0,0,1,0,0,1,1,0,1
slučajan,0,0,0,0,0,0,0,0,0,0
sretan,0,0,0,0,0,0,1,0,0,0
bogatstvo,0,1,0,0,1,0,1,0,1,1
četrdeset,0,0,0,0,0,0,0,0,0,0
forum,0,0,0,0,0,0,0,0,0,0
naprijed,0,0,0,0,0,0,1,0,0,0
fosil,0,0,0,0,0,0,0,0,0,0
fosili,0,0,0,0,0,0,0,0,0,0
prekršaj,1,0,1,1,0,1,0,0,0,0
pronađeno,0,0,0,0,1,0,1,0,0,1
temelj,0,0,0,0,0,0,1,0,0,0
osnivač,0,0,0,0,0,0,0,0,0,0
ljevaonica,0,0,0,0,0,0,0,0,0,0
fontana,0,0,0,0,0,0,0,0,0,0
četverostruk,0,0,0,0,0,0,0,0,0,0
Četvrta,0,0,0,0,0,0,0,0,0,0
peradi,0,0,0,0,0,0,0,0,0,0
lisica,0,0,0,0,0,0,0,0,0,0
lisica,0,0,0,0,0,0,0,0,0,0
frakcija,0,0,0,0,0,0,0,0,0,0
frakcijski,0,0,0,0,0,0,0,0,0,0
prijelom,0,0,0,0,0,1,0,0,0,0
lomljiv,0,0,0,1,0,1,0,1,0,0
krhkost,0,0,0,0,0,0,0,0,0,0
fragment,0,0,0,0,0,0,0,0,0,0
fragmentarno,0,0,0,0,0,0,0,0,0,0
miris,0,0,0,0,0,0,0,0,0,0
mirisna,0,0,0,0,0,0,1,0,0,0
slabost,0,0,0,0,0,1,0,1,0,0
okvir,0,0,0,0,0,0,0,0,0,1
franšiza,0,0,0,0,0,0,0,0,0,0
Frank,0,0,0,0,0,0,1,0,0,1
iskrenost,0,0,0,0,0,0,1,0,0,1
izbezumljen,0,1,1,1,0,1,0,0,1,0
bratski,0,0,0,0,1,0,1,0,0,1
bratstvo,0,0,0,0,0,0,0,0,0,0
prijevara,1,0,0,0,0,1,0,0,0,0
prevarantski,1,0,1,0,0,1,0,0,0,0
bremenit,0,0,0,1,0,1,0,1,0,0
potući se,0,0,0,0,0,1,0,0,0,0
pohaban,0,0,0,0,0,1,0,1,0,0
nakaza,0,0,0,0,0,0,0,0,0,0
nakazan,0,0,1,1,0,1,0,0,1,0
sloboda,0,0,0,0,1,0,1,0,0,1
slobodno vlasništvo,0,0,0,0,0,0,0,0,0,0
slobodnjak,0,0,0,0,0,0,0,0,0,0
slobodno,0,0,0,0,1,0,1,0,0,1
autocesta,0,0,0,0,0,0,0,0,0,0
zamrznuti,0,0,0,0,0,0,0,0,0,0
zamrzivač,0,0,0,0,0,0,0,0,0,0
smrzavanje,0,0,0,0,0,1,0,0,0,0
teretni,0,0,0,0,0,0,0,0,0,0
frenetičan,1,0,0,1,0,1,0,0,1,0
pomahnitao,1,0,0,1,0,1,0,0,0,0
bjesnilo,0,0,0,0,0,1,0,0,0,0
frekvencija,0,0,0,0,0,0,0,0,0,0
učestalo,0,0,0,0,0,0,0,0,0,0
često,0,0,0,0,0,0,0,0,0,0
freska,0,0,0,0,0,0,0,0,0,0
brucoš,0,0,0,0,0,0,0,0,0,0
uzrujavati se,0,0,0,1,0,1,0,0,0,0
trenje,1,0,0,0,0,0,0,0,0,0
prijatelju,0,0,0,0,1,0,1,0,0,1
prijateljstvo,0,0,0,0,1,0,1,0,0,1
prijateljski,0,1,0,0,1,0,1,0,0,1
prijateljstvo,0,0,0,0,1,0,1,0,0,1
fregata,0,0,0,1,0,0,0,0,0,0
strah,0,0,0,1,0,1,0,0,1,0
preplašiti,0,0,0,1,0,1,0,1,1,0
uplašena,0,0,0,1,0,1,0,0,1,0
zastrašujuće,1,0,0,1,0,1,0,1,0,0
frigidan,0,0,0,0,0,1,0,0,0,0
rese,0,0,0,0,0,0,0,0,0,0
resast,0,0,0,0,0,0,0,0,0,0
nestašan,0,1,0,0,1,0,1,0,1,0
neozbiljan,0,0,0,0,0,1,0,0,0,0
haljina,0,0,0,0,0,0,0,0,0,0
žaba,0,0,0,0,0,0,0,0,0,0
veselje,0,0,0,0,1,0,1,0,0,0
ispred,0,0,0,0,0,0,0,0,0,0
pročelje,0,0,0,0,0,0,0,0,0,0
frontalni,0,0,0,0,0,0,0,0,0,0
granica,0,0,0,0,0,0,0,0,0,0
pročelje,0,0,0,0,0,0,0,0,0,0
frontispis,0,0,0,0,0,0,0,0,0,0
mraz,0,0,0,0,0,0,0,0,0,0
ozebline,0,0,0,0,0,1,0,0,0,0
matirano,0,0,0,0,0,0,0,0,0,0
mrazovito,0,0,0,0,0,0,0,0,0,0
pjena,0,0,0,0,0,1,0,0,0,0
površan,0,0,0,0,0,0,0,0,0,0
namrštiti se,0,0,0,0,0,1,0,1,0,0
mršteći se,1,0,1,0,0,1,0,1,0,0
smrznuti,0,0,0,0,0,0,0,0,0,0
štedljiv,0,0,0,0,0,0,1,0,0,0
voće,0,0,0,0,0,0,0,0,0,0
plodan,0,0,0,0,0,0,1,0,0,0
uživanje,0,0,0,0,0,0,0,0,0,0
besplodan,0,0,0,0,0,1,0,1,0,0
frustrirati,1,0,1,0,0,1,0,1,0,0
frustriran,1,0,0,0,0,1,0,0,0,0
frustracija,1,0,0,0,0,1,0,0,0,0
pržiti,0,0,0,0,0,0,0,0,0,0
glupost,0,0,0,0,0,1,0,0,0,0
gorivo,0,0,0,0,0,0,0,0,0,0
bjegunac,1,0,1,1,0,1,0,1,0,1
uporište,0,0,0,0,0,0,0,0,0,0
ispuniti,0,0,0,0,1,0,1,0,0,0
ispunjenje,0,1,0,0,1,0,1,0,0,1
puna,0,0,0,0,0,0,1,0,0,0
punina,0,0,0,0,0,0,0,0,0,0
potpuno,0,0,0,0,0,0,1,0,0,1
petljati,0,0,0,0,0,1,0,0,0,0
dim,0,0,0,0,0,1,0,0,0,0
fumigacija,0,0,0,0,0,0,0,0,0,0
dimeći se,1,0,0,0,0,1,0,0,0,0
zabava,0,1,0,0,1,0,1,0,0,0
funkcija,0,0,0,0,0,0,0,0,0,0
funkcionalni,0,0,0,0,0,0,0,0,0,0
fond,0,0,0,0,0,0,0,0,0,0
temeljni,0,0,0,0,0,0,1,0,0,1
temeljno,0,0,0,0,0,0,0,0,0,0
fondovi,0,0,0,0,0,0,0,0,0,0
pogreb,0,0,0,0,0,0,0,1,0,0
gljiva,0,0,1,0,0,1,0,0,0,0
funk,0,0,0,0,0,1,0,1,0,0
dimnjak,0,0,0,0,0,0,0,0,0,0
krzno,0,0,0,0,0,0,0,0,0,0
žestok,1,0,1,0,0,1,0,0,0,0
bijesno,1,0,0,0,0,0,0,0,0,0
odsustvo,0,0,0,0,0,0,0,0,0,0
peć,1,0,0,0,0,0,0,0,0,0
namjestiti,0,0,0,0,0,0,0,0,0,0
namještaj,0,0,0,0,0,0,0,0,0,0
bijes,1,0,0,0,0,1,0,0,0,0
brazda,0,0,0,0,0,0,0,1,0,0
unapređivanje,0,0,0,0,0,0,0,0,0,0
bijes,1,0,0,1,0,1,0,1,0,0
osigurač,0,0,0,0,0,0,1,0,0,1
fuzija,0,0,0,0,0,0,1,0,0,0
strka,1,0,0,0,0,1,0,1,0,0
nemiran,0,0,1,0,0,1,0,0,0,0
uzaludan,0,0,0,0,0,1,0,1,0,0
uzaludnost,0,0,0,0,0,1,0,0,0,0
budućnost,0,0,0,0,0,0,0,0,0,0
dlačice,0,0,0,0,0,0,0,0,0,0
mutan,0,0,0,0,0,0,0,0,0,0
gaby,0,0,1,0,0,1,0,0,0,0
geg,0,0,1,0,0,1,0,0,0,0
mjerač,0,0,0,0,0,0,0,0,0,1
gakanje,0,0,0,0,0,0,0,0,0,0
dobiti,0,1,0,0,1,0,1,0,0,0
dobitna,0,0,0,0,0,0,0,0,0,0
dobivanje,0,0,0,0,0,0,1,0,0,0
hod,0,0,0,0,0,0,0,0,0,0
gala,0,0,0,0,0,0,0,0,0,0
galaksija,0,0,0,0,0,0,0,0,0,0
Oluja,0,0,0,0,0,0,0,0,0,0
žučni,1,0,1,0,0,1,0,0,0,0
galantan,0,0,0,0,0,0,1,0,0,0
galantnost,0,0,0,0,0,0,1,0,0,0
galerija,0,0,0,0,0,0,0,0,0,0
galija,0,0,0,0,0,0,0,0,0,0
galop,0,0,0,0,0,0,0,0,0,0
galopirajući,0,0,0,0,0,0,0,0,0,0
vješala,1,0,0,1,0,1,0,1,0,0
u izobilju,0,0,0,0,0,0,1,0,0,0
galvanski,0,0,0,0,0,0,0,0,0,0
kockanje,0,0,0,0,0,1,0,0,0,0
kockar,0,1,0,0,0,1,0,0,1,0
Kockanje,0,1,0,0,0,1,0,0,1,0
igra,0,0,0,0,0,0,0,0,0,0
igrica,0,0,0,0,0,0,0,0,0,0
gammon,0,0,0,0,0,0,0,0,0,0
skala,0,0,0,0,0,0,0,0,0,0
gusak,0,0,0,0,0,0,0,0,0,0
banda,1,0,0,1,0,1,0,0,0,0
tamnica,0,0,0,0,0,1,0,0,0,0
praznina,0,0,0,0,0,1,0,0,0,0
zjapiti,0,0,0,0,0,0,0,0,1,0
zjapeći,0,0,0,0,0,0,0,0,0,0
garaža,0,0,0,0,0,0,0,0,0,0
ruho,0,0,0,0,0,0,0,0,0,0
smeće,0,0,1,0,0,1,0,0,0,0
iskrivljeno,0,0,0,0,0,0,0,0,0,0
vrt,0,0,0,0,1,0,1,0,0,0
vrtlar,0,0,0,0,0,0,0,0,0,0
vrtlarstvo,0,0,0,0,0,0,0,0,0,0
drečav,0,0,1,0,0,1,0,0,1,0
češnjak,0,0,0,0,0,0,0,0,0,0
odjevni predmet,0,0,0,0,0,0,0,0,0,0
sakupljati,0,0,0,0,0,0,0,0,0,0
granat,0,0,0,0,0,0,1,0,0,0
ukrasiti,0,0,0,0,0,1,0,0,0,0
garnizon,0,0,0,0,0,0,1,0,0,1
podvezica,0,0,0,0,0,0,0,0,0,0
plin,0,0,0,0,0,0,0,0,0,0
plinoviti,0,0,0,0,0,0,0,0,0,0
posjekotina,0,0,0,1,0,1,0,0,0,0
rasplinjavanje,0,0,0,0,0,0,0,0,0,0
benzin,0,0,0,0,0,0,0,0,0,0
dahtati,0,0,0,0,0,0,0,0,1,0
dahtanje,0,0,0,1,0,1,0,0,0,0
želučane,0,0,0,0,0,0,0,0,0,0
gastronomija,0,0,0,0,0,0,0,0,0,0
kapija,0,0,0,0,0,0,0,0,0,1
pristupnik,0,0,0,0,0,0,0,0,0,1
skupiti se,0,0,0,0,0,0,0,0,0,0
sakupljač,0,0,0,0,0,0,0,0,0,0
prikupljanje,0,0,0,0,0,0,0,0,0,0
gauche,0,0,0,0,0,1,0,0,0,0
mjerač,0,0,0,0,0,0,0,0,0,0
mjerenje,0,0,0,0,0,0,0,0,0,1
mršav,0,0,0,0,0,1,0,0,0,0
rukavica,0,0,0,0,0,0,0,0,0,0
gaza,0,0,0,0,0,0,0,0,0,0
čekić,0,0,0,0,0,0,0,0,0,0
budala,0,0,0,0,0,0,0,0,1,0
pogled,0,0,0,0,0,0,0,0,0,0
sjenica,0,0,0,0,0,0,0,0,0,0
gazela,0,0,0,0,0,0,0,0,0,0
glasilo,0,0,0,0,0,0,1,0,0,1
glasnik,0,0,0,0,0,0,0,0,0,0
zupčanik,0,0,0,0,0,0,1,0,0,0
gel,0,0,0,0,0,0,0,0,0,0
želatina,0,0,1,0,0,0,0,0,0,0
geld,0,0,0,0,0,0,0,0,0,0
kastrat,0,0,0,0,0,0,0,0,0,0
dragulj,0,0,0,0,1,0,1,0,0,0
Blizanci,0,0,0,0,0,0,0,0,0,0
spol,0,0,0,0,0,0,0,0,0,0
genealogija,0,0,0,0,0,0,0,0,0,0
Općenito,0,0,0,0,0,0,1,0,0,1
općenitost,0,0,0,0,0,0,0,0,0,0
generalizacija,0,0,0,0,0,0,0,0,0,0
općenito,0,0,0,0,0,0,0,0,0,0
generirati,0,0,0,0,0,0,0,0,0,0
generacija,0,0,0,0,0,0,0,0,0,0
generativni,0,0,0,0,0,0,0,0,0,0
generator,0,0,0,0,0,0,0,0,0,0
generički,0,0,0,0,0,0,0,0,0,0
velikodušnost,0,1,0,0,1,0,1,0,1,1
velikodušan,0,0,0,0,1,0,1,0,0,1
geneza,0,0,0,0,0,0,0,0,0,0
genetski,0,0,0,0,0,0,0,0,0,0
genetika,0,0,0,0,0,0,0,0,0,0
srdačan,0,0,0,0,1,0,1,0,0,0
genitalni,0,0,0,0,0,0,0,0,0,0
genije,0,0,0,0,0,0,1,0,0,0
žanr,0,0,0,0,0,0,0,0,0,0
gospodin,1,0,1,1,0,1,0,0,0,0
otmjen,0,0,0,0,0,0,1,0,0,0
gospodin,0,0,0,0,0,0,1,0,0,1
blagost,0,0,0,0,0,0,1,0,0,0
plemstvo,0,0,0,0,0,0,1,0,0,1
pravi,0,0,0,0,0,0,1,0,0,1
rod,0,0,0,0,0,0,0,0,0,0
geografija,0,0,0,0,0,0,0,0,0,0
geologija,0,0,0,0,0,0,0,0,0,0
geometrija,0,0,0,0,0,0,0,0,0,0
geranij,0,0,0,0,0,0,1,0,0,0
gerijatrijski,0,0,0,0,0,1,0,1,0,0
klica,0,1,1,0,0,0,0,0,0,0
njemački,0,0,0,0,0,0,0,0,0,0
relevantan,0,0,0,0,0,0,0,0,0,0
klijati,0,0,0,0,0,0,0,0,0,0
klijanje,0,1,0,0,0,0,0,0,0,0
trudnoća,0,0,0,0,0,0,0,0,0,0
gesta,0,0,0,0,0,0,0,0,0,0
mrtvački,0,0,1,1,0,1,0,0,0,0
geto,0,0,1,1,0,1,0,1,0,0
duh,0,0,0,1,0,0,0,0,0,0
sablasno,0,0,0,1,0,1,0,0,0,0
divovski,0,0,0,1,0,0,0,0,0,0
frfljanje,1,0,0,0,0,1,0,0,0,0
dar,0,1,0,0,1,0,1,0,1,0
nadaren,0,0,0,0,0,0,1,0,0,0
svirka,0,0,0,0,0,0,0,0,0,0
gigantski,0,0,0,0,0,0,1,0,0,0
hihotati se,0,0,0,0,1,0,1,0,0,0
škrga,0,0,0,0,0,0,0,0,0,0
škrge,0,0,0,0,0,0,0,0,0,0
pozlaćena,0,0,0,0,0,0,0,0,0,0
gimp,0,0,0,0,0,0,0,0,0,0
džin,0,0,0,0,0,0,0,0,0,0
đumbir,0,0,0,0,0,0,0,0,0,0
medenjak,0,0,0,0,0,0,0,0,0,0
oprezno,0,0,0,0,0,0,0,0,0,0
žirafa,0,0,0,0,0,0,0,0,0,0
nosač,0,0,0,0,0,0,1,0,0,1
pojas,0,0,0,0,0,0,0,0,0,0
obujam,0,0,0,0,0,0,0,0,0,0
suština,0,0,0,0,0,0,0,0,0,0
davanje,0,0,0,0,0,0,1,0,0,0
goli,0,0,0,0,0,0,0,0,0,0
ledenjački,0,0,0,0,0,1,0,0,0,0
ledenjak,0,0,0,0,0,0,0,0,0,0
radostan,0,1,0,0,1,0,1,0,0,0
proplanak,0,0,0,0,0,0,0,0,0,0
gladijator,0,0,0,1,0,0,0,0,0,0
radost,0,0,0,0,1,0,1,0,0,0
pogled,0,0,0,0,0,0,0,0,0,0
blještavilo,1,0,0,1,0,1,0,0,0,0
blistavo,1,0,0,0,0,1,0,0,0,0
stakla,0,0,0,0,0,0,0,0,0,0
naočale,0,0,0,0,0,0,0,0,0,0
stakleno posuđe,0,0,0,0,0,0,0,0,0,0
glazura,0,0,0,0,0,0,0,0,0,0
svjetlucati,0,0,0,0,0,0,0,0,0,0
pabirčiti,0,0,0,0,0,0,0,0,0,0
veselje,0,0,0,0,1,0,1,0,0,0
dolina,0,0,0,0,0,0,0,0,0,0
brz,0,0,0,0,0,1,0,0,0,0
kliziti,0,1,0,0,1,0,1,0,0,0
svjetlucanje,0,1,0,0,1,0,1,0,1,0
letimičan pogled,0,0,0,0,0,0,0,0,0,0
odsjaj,0,0,0,0,0,0,0,0,0,0
svjetlucati,0,0,1,0,1,0,0,0,0,0
svjetlucajući,0,0,0,0,0,0,1,0,0,0
Globus,0,0,0,0,0,0,0,0,0,0
kuglasti,0,0,0,0,0,0,0,0,0,0
sumornost,0,0,0,0,0,1,0,1,0,0
sumoran,0,0,0,0,0,1,0,1,0,0
slavljenje,0,0,0,0,1,0,1,0,0,0
slaviti,0,1,0,0,1,0,1,0,1,1
slava,0,1,0,0,1,0,1,0,0,1
sjaj,0,0,0,0,0,0,1,0,0,0
glosar,0,0,0,0,0,0,0,0,0,0
sjajan,0,0,0,0,0,0,0,0,0,0
rukavica,0,0,0,0,0,0,0,0,0,0
sjaj,0,1,0,0,1,0,1,0,0,1
užaren,0,0,0,0,0,0,1,0,0,0
glukoza,0,0,0,0,0,0,0,0,0,0
ljepilo,0,0,0,0,0,0,0,0,0,0
tužan,0,0,0,0,0,1,0,1,0,0
prezasićenost,0,0,1,0,0,1,0,0,0,0
gluten,0,0,0,0,0,0,0,0,0,0
proždrljivost,0,0,1,0,0,1,0,0,0,0
glicerin,0,0,0,0,0,0,0,0,0,0
komarac,0,0,0,0,0,0,0,0,0,0
gnome,1,0,1,1,0,1,0,0,0,0
Jarac,0,0,0,0,0,0,0,0,0,0
kozja bradica,0,0,0,0,0,0,0,0,0,0
gutljaj,0,0,1,0,0,0,0,0,0,0
dograbiti,0,0,0,0,0,0,0,0,0,0
pehar,0,0,0,0,0,0,0,0,0,0
zao,0,0,1,1,0,1,0,0,0,0
bog,0,1,0,1,1,0,1,0,0,1
Božica,0,0,0,0,0,0,0,0,0,0
kum,0,0,0,0,0,0,0,0,0,0
bezbožni,1,0,0,0,0,1,0,0,0,0
božji,0,0,0,0,1,0,1,0,0,1
božji dar,0,0,0,0,1,0,1,0,1,0
kolutanje,0,0,0,0,0,0,0,0,0,0
zaštitne naočale,0,0,0,0,0,0,0,0,0,0
zlato,0,0,0,0,0,0,1,0,0,0
zlatni,0,0,0,0,0,0,0,0,0,0
golf,0,0,0,0,0,0,0,0,0,0
gondola,0,0,0,0,0,0,0,0,0,0
gong,0,0,0,0,0,0,0,0,0,0
gonoreja,1,0,1,1,0,1,0,1,0,0
goo,0,0,1,0,0,1,0,0,0,0
dobro,0,1,0,0,1,0,1,0,1,1
Doviđenja,0,0,0,0,0,0,0,0,0,0
dobro,0,0,0,0,0,0,1,0,0,0
dobrota,0,1,0,0,1,0,1,0,1,1
roba,0,0,0,0,0,0,1,0,0,0
dobre volje,0,0,0,0,0,0,1,0,0,0
dobro,0,0,0,0,0,0,0,0,0,0
gnjecav,0,0,0,0,0,0,0,0,0,0
guska,0,0,0,0,0,0,0,0,0,0
gopher,0,0,0,0,0,0,0,0,0,0
gore,1,0,1,1,0,1,0,1,0,0
ždrijelo,0,0,1,0,0,1,0,0,0,0
predivan,0,0,0,0,1,0,1,0,0,0
gorila,0,0,0,0,0,1,0,0,0,0
krvav,1,0,1,1,0,1,0,1,0,0
Gospel,0,0,0,0,0,0,1,0,0,1
trač,0,0,0,0,0,1,0,0,0,0
izdubiti,0,0,0,0,0,1,0,0,0,0
gurmanski,0,0,0,0,0,0,0,0,0,0
giht,0,0,0,0,0,1,0,0,0,0
vladati,0,0,0,0,0,0,1,0,0,1
guvernanta,0,0,0,0,0,0,0,0,0,1
vladajući,0,0,0,0,0,0,0,0,0,0
vlada,0,0,0,1,0,1,0,0,0,0
guverner,0,0,0,0,0,0,0,0,0,1
haljina,0,0,0,0,0,0,0,0,0,0
zgrabiti,1,0,0,0,0,1,0,0,0,0
milost,0,0,0,0,0,0,1,0,0,0
graciozan,0,0,0,0,0,0,1,0,0,0
milostiv,0,0,0,0,0,0,1,0,0,0
milostivo,0,0,0,0,0,0,1,0,0,0
stupnjevanje,0,0,0,0,0,0,0,0,0,0
razred,0,0,0,0,0,0,0,0,0,0
ocjenjivač,0,0,0,0,0,0,0,0,0,0
gradijent,0,0,0,0,0,0,0,0,0,0
postupan,0,1,0,0,0,0,0,0,0,0
postepeno,0,0,0,0,0,0,0,0,0,0
matura,0,1,0,1,1,0,1,0,1,1
žitarica,0,0,0,0,0,0,0,0,0,0
gram,0,0,0,0,0,0,0,0,0,0
gramatika,0,0,0,0,0,0,0,0,0,1
veličanstven,0,0,0,0,0,0,0,0,0,0
unuci,0,1,0,0,1,0,1,0,0,1
veličanstvenost,0,0,0,0,0,0,1,0,0,0
djed,0,0,0,0,0,0,0,0,0,1
grandiozan,0,0,0,0,0,0,0,0,0,0
baka,0,0,0,0,0,0,1,0,0,0
salaš,0,0,0,0,0,0,0,0,0,0
granit,0,0,0,0,0,0,0,0,0,0
odobriti,0,1,0,0,1,0,1,0,0,1
odobreno,0,0,0,0,0,0,1,0,0,0
užitnik,0,0,0,0,0,0,0,0,0,0
davatelj koncesije,0,0,0,0,0,0,0,0,0,0
zrnast,0,0,0,0,0,0,0,0,0,0
zrnce,0,0,0,0,0,0,0,0,0,0
grožđe,0,0,0,0,0,0,0,0,0,0
grafika,0,0,0,0,0,0,0,0,0,0
hvataljka,0,0,0,0,0,0,0,0,0,0
shvatiti,0,0,0,0,0,0,0,0,0,0
hvatanje,0,1,0,0,0,1,0,0,0,0
trava,0,0,0,0,0,0,0,0,0,0
skakavac,0,0,0,0,0,0,0,0,0,0
travnati,0,0,0,0,0,0,0,0,0,0
rešetka,0,0,0,0,0,1,0,0,0,0
naribana,1,0,0,0,0,1,0,0,0,0
zahvalan,0,0,0,0,0,0,1,0,0,0
zadovoljiti,0,0,0,0,1,0,1,0,1,0
rešetka,1,0,1,0,0,1,0,0,0,0
gratis,0,0,0,0,0,0,0,0,0,0
zahvalnost,0,0,0,0,1,0,1,0,0,0
besplatna,0,0,1,0,0,0,0,0,0,0
napojnica,0,0,0,0,0,0,0,0,0,0
grob,0,0,0,1,0,1,0,1,0,0
šljunak,0,0,0,0,0,0,0,0,0,0
grobar,0,0,0,0,0,0,0,0,0,0
gravitirati,0,1,0,0,0,0,0,0,0,0
gravitacija,0,0,0,0,0,0,0,0,0,0
gravitacija,0,0,0,0,0,0,0,0,0,0
sos,0,0,0,0,0,0,0,0,0,0
siva,0,0,1,0,0,0,0,1,0,0
pasti,0,0,0,0,0,0,0,0,0,0
mast,0,0,0,0,0,0,0,0,0,0
masna,0,0,1,0,0,0,0,0,0,0
veća,0,0,0,0,0,0,1,0,0,0
najveći,0,0,0,0,0,0,0,0,0,0
uvelike,0,0,0,0,0,0,0,0,0,0
veličina,0,0,0,0,1,0,1,0,1,1
pohlepa,1,0,1,0,0,1,0,0,0,0
pohlepan,0,0,1,0,0,1,0,0,0,0
zelena,0,0,0,0,1,0,1,0,0,1
staklenik,0,0,0,0,0,0,0,0,0,0
zelenkasta,0,0,0,0,0,0,0,0,0,0
zeleno drvo,0,0,0,0,0,0,0,0,0,0
pozdraviti,0,0,0,0,0,0,0,0,0,0
pozdrav,0,0,0,0,0,0,1,0,1,0
društven,0,0,0,0,0,0,1,0,0,0
granata,0,0,0,1,0,1,0,0,0,0
siva,0,0,0,0,0,0,0,0,0,0
hrt,0,0,0,0,0,0,0,0,0,0
roštilj,0,0,0,0,0,0,0,0,0,0
tuga,0,0,0,0,0,1,0,1,0,0
pritužba,1,0,1,0,0,1,0,1,0,0
tugovati,0,0,0,1,0,1,0,1,0,0
žalostan,1,0,0,1,0,1,0,1,0,0
grifon,0,0,0,0,0,0,0,0,0,0
roštilj,0,0,0,0,0,0,0,0,0,0
rešetka,0,0,0,0,0,0,0,0,0,0
mrgodan,1,1,1,1,0,1,0,1,0,0
prljavština,0,0,1,0,0,1,0,0,0,0
prljav,0,0,1,0,0,1,0,0,0,0
osmijeh,0,1,0,0,1,0,1,0,1,1
samljeti,0,0,0,0,0,0,0,0,0,0
brusilica,0,0,0,0,0,0,0,0,0,0
mljevenje,0,0,0,0,0,1,0,0,0,0
zahvat,0,0,0,0,0,0,0,0,0,0
jezivo,0,0,1,1,0,1,0,0,0,0
grist,0,0,0,0,0,0,1,0,0,0
borbenost,0,0,0,0,0,0,1,0,0,1
šljunkovit,0,0,0,0,0,0,0,0,0,0
grizli,0,0,0,1,0,1,0,0,0,0
jecaj,0,0,1,0,0,1,0,1,0,0
trgovac mješovitom robom,0,0,0,0,0,0,0,0,0,0
namirnice,0,0,0,0,0,0,0,0,0,0
trgovina namirnicama,0,0,0,0,0,0,0,0,0,0
ošamućen,0,0,0,0,0,0,0,0,0,0
prepone,0,0,0,0,0,0,0,0,0,0
mladoženja,0,0,0,0,0,0,0,0,0,0
utor,0,0,0,0,0,0,0,0,0,0
pipati,1,0,1,1,0,1,0,0,0,0
bruto,0,0,1,0,0,1,0,0,0,0
groteskno,0,0,1,0,0,1,0,0,0,0
špilja,0,0,0,0,0,0,0,0,0,0
tlo,0,0,0,0,0,0,0,0,0,1
uzemljen,0,0,0,1,0,1,0,1,0,0
bez temelja,0,0,0,0,0,1,0,0,0,0
osnove,0,0,0,0,0,0,0,0,0,0
osnova,0,0,0,0,0,0,1,0,0,0
skupina,0,0,0,0,0,0,0,0,0,0
grupiranje,0,0,0,0,0,0,0,0,0,0
tetrijeb,0,0,0,0,0,0,0,0,0,0
talog,0,0,0,0,0,0,0,0,0,0
šumarak,0,0,0,0,0,0,0,0,0,0
rasti,0,1,0,0,1,0,1,0,0,1
režanje,1,0,0,1,0,1,0,0,0,0
režeći,1,0,1,1,0,1,0,0,0,0
rast,0,0,0,0,0,0,1,0,0,0
grubo,0,0,0,0,0,0,0,0,0,0
inat,1,0,0,0,0,1,0,0,0,0
nevoljko,0,0,0,0,0,1,0,0,0,0
jezivo,0,0,1,0,0,1,0,0,0,0
osoran,1,0,1,0,0,1,0,0,0,0
roptati,1,0,1,0,0,1,0,0,0,0
prgav,1,0,1,0,0,1,0,1,0,0
roktati,0,0,0,0,0,0,0,0,0,0
jamčiti,0,0,0,0,0,0,1,0,0,1
jamstvo,0,0,0,0,0,0,0,0,0,0
straža,0,0,0,1,0,0,1,0,0,1
čuvan,0,0,0,0,0,0,0,0,0,1
čuvar,0,0,0,0,0,0,1,0,0,1
skrbništvo,0,0,0,0,0,0,1,0,0,1
stražari,0,0,0,0,0,0,0,0,0,0
guvernerski,0,0,0,0,0,0,1,0,0,1
gerila,0,0,0,1,0,1,0,0,0,0
pogoditi,0,0,0,0,0,0,0,0,1,0
nagađanja,0,0,0,0,0,0,0,0,0,0
gost,0,0,0,0,0,0,0,0,0,0
usmjeravanje,0,0,0,0,0,0,1,0,0,1
vodič,0,0,0,0,0,0,1,0,0,1
vodič,0,0,0,0,0,0,1,0,0,1
ceh,0,0,0,0,0,0,0,0,0,0
prijevara,0,0,0,0,0,1,0,0,0,0
giljotina,1,1,1,1,0,1,0,1,0,0
osjećaj krivnje,0,0,1,0,0,1,0,1,0,0
kriv,1,0,0,0,0,1,0,1,0,0
Gvineja,0,0,0,0,0,0,0,0,0,0
maska,0,0,0,0,0,1,0,0,0,0
gitara,0,0,0,0,0,0,0,0,0,0
crvene boje,0,0,0,0,0,0,0,0,0,0
zaljev,0,0,0,0,0,0,0,0,0,0
galeb,0,0,0,0,0,1,0,0,0,0
lakovjeran,0,0,0,0,0,1,0,1,0,1
jaruga,0,0,0,0,0,0,0,0,0,0
gutljaj,0,0,0,1,0,0,0,0,1,0
guma,0,0,0,0,0,0,0,0,0,0
ljepljiv,0,0,0,0,0,0,0,0,0,0
pištolj,1,0,0,1,0,1,0,0,0,0
topnik,0,0,0,0,0,0,0,0,0,0
barut,0,0,0,1,0,0,0,0,0,0
guru,0,0,0,0,0,0,1,0,0,1
šikljati,0,0,1,0,1,1,0,0,0,0
ušitak,0,0,0,0,0,0,0,0,0,1
nalet,0,0,0,0,0,0,0,0,0,0
vjetrovit,0,0,0,0,0,0,0,0,0,0
crijevo,0,0,1,0,0,0,0,0,0,0
crijeva,0,0,0,0,0,0,1,0,0,0
žlijeb,0,0,1,0,0,0,0,0,0,0
momak,0,0,0,0,0,0,0,0,0,0
gutanje,0,0,0,0,0,1,0,0,0,0
gimnazija,0,0,0,0,0,0,0,0,0,0
gimnastičar,0,0,0,0,0,0,1,0,0,0
gimnastička,0,0,0,0,0,0,0,0,0,0
gimnastika,0,0,0,0,0,0,0,0,0,0
ginekologija,0,0,0,0,0,0,0,0,0,0
ciganka,0,0,0,0,0,1,0,0,0,0
žiroskop,0,0,0,0,0,0,0,0,0,0
navika,0,0,0,0,0,0,0,0,0,0
stanište,0,0,0,0,0,0,1,0,0,0
stanovanje,0,0,0,0,0,0,0,0,0,0
uobičajena,0,1,0,0,0,0,0,0,0,0
uobičajeno,0,0,0,0,0,0,0,0,0,0
hacijenda,0,0,0,0,0,0,0,0,0,0
vještica,0,0,1,1,0,1,0,0,0,0
iscrpljen,0,0,0,0,0,1,0,1,0,0
cjenkati se,0,0,0,0,0,0,0,0,0,0
tuča,0,0,0,0,0,1,1,0,0,1
dlaka,0,0,0,0,0,0,0,0,0,0
dlakav,0,0,1,0,0,1,0,0,0,0
hale,0,0,0,0,0,0,1,0,0,0
pola,0,0,0,0,0,0,0,0,0,0
na pola puta,0,0,0,0,0,1,0,0,0,0
dvorana,0,0,0,0,0,0,0,0,0,0
posvećena,0,0,0,0,0,0,0,0,0,0
halucinacija,0,0,0,1,0,1,0,0,0,0
halo,0,0,0,0,0,0,0,0,0,0
zaustaviti,0,0,0,0,0,0,0,0,0,0
ular,1,0,0,1,0,1,0,1,0,0
zaustavljajući se,0,0,0,1,0,1,0,1,0,0
prepoloviti,0,0,0,0,0,0,0,0,0,0
prepolovljavanje,0,0,0,0,0,0,0,0,0,0
šunka,0,0,0,0,0,0,0,0,0,0
Hamlet,0,0,0,0,0,0,0,0,0,0
čekić,0,0,0,0,0,0,0,0,0,0
zakucavanje,0,0,0,0,0,0,0,0,0,0
viseća mreža,0,0,0,0,0,0,0,0,0,0
kočiti,0,0,0,0,0,1,0,0,0,0
tetiva koljena,1,0,0,0,0,1,0,1,0,0
ruka,0,0,0,0,0,0,0,0,0,0
priručnik,0,0,0,0,0,0,0,0,0,1
pregršt,0,0,0,0,0,0,0,0,0,0
hendikep,0,0,0,0,0,1,0,1,0,0
ručni rad,0,0,0,0,0,0,0,0,0,0
ručni rad,0,0,0,0,0,0,0,0,0,0
rupčić,0,0,0,0,0,0,0,0,0,0
drška,0,0,0,0,0,0,0,0,0,0
zgodan,0,0,0,0,0,0,0,0,0,0
rukopis,0,0,0,0,0,0,0,0,0,0
zgodan,0,0,0,0,0,0,1,0,0,0
objesiti,0,0,0,0,0,0,0,0,0,0
hangar,0,0,0,0,0,0,0,0,0,0
vješanje,1,0,1,1,0,1,0,1,0,0
dželat,0,0,0,1,0,1,0,0,0,0
družiti se,0,0,0,0,0,0,0,0,0,0
Hank,0,0,0,0,0,0,0,0,0,0
žudnja,0,1,0,0,0,0,0,0,0,0
hap,0,1,0,0,0,0,0,0,1,0
slučajan,0,0,0,0,0,0,0,0,0,0
dogoditi se,0,1,0,0,0,0,0,0,0,0
događa se,0,0,0,0,0,0,0,0,0,0
sretno,0,0,0,0,1,0,1,0,0,0
sreća,0,1,0,0,1,0,1,0,0,0
sretan,0,1,0,0,1,0,1,0,0,1
uznemiravati,1,0,1,0,0,1,0,0,0,0
uznemirujući,1,0,0,0,0,0,0,0,0,0
vjesnik,1,1,0,1,0,1,0,0,0,0
luka,0,0,0,0,0,0,0,0,0,1
otvrdnuti,0,0,0,0,0,0,0,0,0,0
otvrdnula,1,0,1,1,0,1,0,0,0,0
otvrdnjavanje,0,0,0,0,0,0,0,0,0,0
tvrdoća,0,0,0,0,0,1,0,0,0,0
teškoće,0,0,0,0,0,1,0,1,0,0
hardver,0,0,0,0,0,0,0,0,0,0
izdržljiv,0,0,0,0,1,0,1,0,0,1
zec,0,0,0,0,0,0,0,0,0,0
harem,0,0,0,0,0,0,0,0,0,0
bludnica,0,0,1,0,0,1,0,0,0,0
naštetiti,0,0,0,1,0,1,0,0,0,0
štetan,1,0,1,1,0,1,0,1,0,0
harmonika,0,0,0,0,0,0,0,0,0,0
harmonici,0,0,0,0,0,0,0,0,0,0
skladno,0,0,0,0,1,0,1,0,0,1
uskladiti,0,0,0,0,0,0,0,0,0,0
sklad,0,0,0,0,1,0,1,0,0,1
uprtač,0,0,0,0,0,0,0,0,0,0
harper,0,0,0,0,0,0,0,0,0,0
čembalo,0,0,0,0,0,0,0,0,0,0
drljanje,0,0,0,1,0,1,0,0,0,0
Harry,1,0,0,0,0,1,0,1,0,0
hrapavost,1,0,0,1,0,1,0,0,0,0
srce,0,0,0,0,0,0,0,0,0,0
žetva,0,1,0,0,1,0,1,0,0,0
hash,0,0,0,0,0,1,0,0,0,0
hašiš,0,0,0,0,0,1,0,0,0,0
žurba,0,1,0,0,0,0,0,0,0,0
ubrzati,0,0,0,0,0,0,0,0,0,0
užurbano,0,0,0,0,0,0,0,0,0,0
brzopleto,0,0,0,0,0,1,0,0,0,0
šešir,0,0,0,0,0,0,0,0,0,0
otvor,0,0,0,0,0,0,0,0,0,0
sjekirica,0,0,0,0,0,0,0,0,0,0
mrziti,1,0,1,1,0,1,0,1,0,0
mrski,1,0,1,1,0,1,0,1,0,0
mrzeći,1,0,0,0,0,1,0,0,0,0
mržnja,1,0,1,1,0,1,0,1,0,0
ohola,1,0,0,0,0,1,0,0,0,0
vući,0,0,0,0,0,0,0,0,0,0
prijevoz,0,0,0,0,0,0,0,0,0,0
pohađati,0,0,0,1,0,1,0,0,0,0
uklet,0,0,0,1,0,1,0,1,0,0
utočište,0,0,0,0,0,0,1,0,0,1
pustoš,1,0,0,1,0,1,0,0,0,0
glog,0,0,0,0,0,0,0,0,0,0
Sokol,0,0,0,1,0,0,0,0,0,0
hawking,0,0,0,0,0,0,0,0,0,0
opasnost,0,0,0,1,0,1,0,0,0,0
opasan,0,0,0,1,0,1,0,0,0,0
izmaglica,0,0,0,1,0,1,0,0,0,0
maglovit,0,0,0,0,0,0,0,0,0,0
glava,0,0,0,0,0,0,0,0,0,0
glavobolja,0,0,0,0,0,1,0,0,0,0
pokrivalo za glavu,0,0,0,0,0,0,0,0,0,0
Zaglavlje,0,0,0,0,0,0,0,0,0,0
pokrivala za glavu,0,0,0,0,0,0,0,0,0,0
naslov,0,0,0,0,0,0,0,0,0,0
rt,0,0,0,0,0,0,0,0,0,0
prednje svjetlo,0,1,0,0,0,0,0,0,0,0
naslov,0,0,0,0,0,0,0,0,0,0
bezglavo,0,0,0,0,0,0,0,0,0,0
zapovjedništvo,0,0,0,0,0,0,0,0,0,0
nadgrobni spomenik,0,0,0,0,0,0,0,0,0,0
napredak,0,0,0,0,0,0,1,0,0,0
plahovit,0,0,0,0,0,1,0,0,0,0
liječiti,0,0,0,0,1,0,1,0,0,1
iscjeljivanje,0,1,0,0,1,0,1,0,0,1
zdravlje,0,0,0,0,0,0,0,0,0,0
zdravo,0,0,0,0,1,0,1,0,0,0
zdrav,0,0,0,0,0,0,1,0,0,0
hrpa,0,0,0,0,0,0,0,0,0,0
čuti,0,0,0,0,0,0,0,0,0,0
slušatelj,0,0,0,0,0,0,0,0,0,0
saslušanje,0,0,0,1,0,1,0,0,0,0
rekla-kazala,0,0,0,0,0,1,0,0,0,0
mrtvačka kola,0,0,0,1,0,1,0,1,0,0
srce,0,0,0,0,0,0,0,0,0,0
bol u srcu,0,0,0,0,0,1,0,1,0,0
žgaravica,0,0,0,0,0,1,0,0,0,0
iskren,0,0,0,0,1,0,1,1,0,1
ognjište,0,0,0,0,0,0,1,0,0,0
srdačno,0,0,0,0,1,0,1,0,0,0
bešćutan,0,0,0,0,0,1,0,1,0,0
srca,0,0,0,0,0,0,0,0,0,0
srčani crv,0,0,1,0,0,0,0,0,0,0
toplina,0,0,0,0,0,0,0,0,0,0
zagrijana,0,0,0,0,0,0,0,0,0,0
grijač,0,0,0,0,0,0,0,0,0,0
vrijesak,0,0,0,0,0,0,0,0,0,0
poganin,0,0,0,1,0,1,0,0,0,0
vrijesak,0,0,0,0,0,0,0,0,0,0
grijanje,0,0,0,0,0,0,0,0,0,0
dizati,0,0,0,0,0,0,0,0,0,0
nebeski,0,1,0,0,1,0,1,0,0,1
nebo,0,0,0,0,1,0,1,0,0,1
jako,0,0,0,0,0,1,0,0,0,0
težinu,0,0,0,0,0,0,0,0,0,0
uzdah,0,0,0,0,0,0,0,0,0,0
hektara,0,0,0,0,0,0,0,0,0,0
užurbano,0,0,0,0,0,0,0,0,0,0
živica,0,0,0,0,0,0,0,0,0,0
jež,0,0,0,0,0,0,0,0,0,0
hedonizam,0,0,0,0,1,1,1,0,0,0
pazi,0,0,0,0,0,0,0,0,0,0
potpetica,0,0,0,0,0,1,0,0,0,0
pete,0,0,0,0,0,0,0,0,0,0
teret,0,1,0,1,0,0,1,0,0,0
hegemonijski,0,0,0,0,0,0,0,0,0,0
junica,0,0,0,0,0,0,0,0,0,0
visina,0,0,0,0,0,0,0,0,0,0
pojačati,0,0,0,1,0,1,0,0,0,0
odvratan,0,0,0,0,0,1,0,0,0,0
nasljednik,0,0,0,0,0,0,0,0,0,0
nasljednica,0,0,0,0,0,0,0,0,0,0
nasljeđe,0,0,0,0,0,0,0,0,0,0
nasljednici,0,0,0,0,0,0,0,0,0,0
zavojni,0,0,0,0,0,0,0,0,0,0
zavojnica,0,0,0,0,0,0,0,0,0,0
pakao,1,0,1,1,0,1,0,1,0,0
pakleni,1,0,1,1,0,1,0,1,0,0
kormilariti,0,0,0,0,0,0,0,0,0,0
kaciga,0,0,0,1,0,0,1,0,0,0
pomagač,0,0,0,0,0,0,1,0,0,1
koristan,0,0,0,0,1,0,1,0,0,1
bespomoćan,0,0,0,1,0,1,0,1,0,0
bespomoćnost,0,0,0,1,0,1,0,1,0,0
rub,0,0,0,0,0,0,0,0,0,0
hematit,0,0,0,0,0,0,0,0,0,0
hemi,0,0,0,0,0,0,0,0,0,0
hemisfera,0,0,0,0,0,0,0,0,0,0
hemisferičan,0,0,0,0,0,0,0,0,0,0
kukuta,0,0,0,0,0,0,0,0,0,0
hemoragija,0,0,1,1,0,1,0,1,0,0
hemoroidi,0,0,0,0,0,1,0,0,0,0
konoplja,0,0,0,0,0,0,0,0,0,0
kokoš,0,0,0,0,0,0,0,0,0,0
ubuduće,0,0,0,0,0,0,0,0,0,0
glasnik,0,0,0,0,0,0,0,0,0,0
heraldika,0,0,0,0,0,0,0,0,0,0
biljka,0,0,0,0,0,0,0,0,0,0
travast,0,0,0,0,0,0,0,0,0,0
biljni,0,0,0,0,0,0,1,0,0,0
herbarij,0,0,0,0,0,0,0,0,0,0
stado,0,0,0,0,0,0,0,0,0,0
nasljedni,0,0,0,0,0,0,0,0,0,0
nasljedstvo,0,0,0,0,0,0,0,0,0,0
hereza,0,0,0,0,0,1,0,0,0,0
heretik,0,0,1,0,0,1,0,0,0,0
heretičan,0,0,0,0,0,0,0,0,0,0
dosada,0,0,0,0,0,0,0,0,0,0
ovdje,0,0,0,0,0,0,0,0,0,0
ovime,0,0,0,0,0,0,0,0,0,0
baština,0,0,0,0,0,0,0,0,0,1
hermafrodit,0,0,0,0,0,1,0,0,1,0
hermeneutika,0,0,0,0,0,0,0,0,0,0
pustinjak,0,0,0,0,0,0,0,1,0,1
kila,0,0,0,0,0,0,0,0,0,0
junak,0,1,0,0,1,0,1,0,1,1
herojski,0,0,0,0,1,0,1,0,1,1
junaštvo,0,0,0,0,0,0,1,0,0,0
heroin,0,0,0,0,0,1,0,0,0,0
heroina,0,0,0,0,0,0,1,0,0,1
junaštvo,0,1,0,0,1,0,1,0,1,1
herpes,0,0,1,0,0,1,0,0,0,0
herpesvirus,0,0,1,0,0,1,0,0,0,0
oklijevajući,0,0,0,0,0,0,0,0,0,0
oklijevanje,0,0,0,1,0,1,0,0,0,0
heterogenost,0,0,0,0,0,0,0,0,0,0
sjeći,0,0,0,0,0,0,0,0,0,0
šesterokut,0,0,0,0,0,0,0,0,0,0
zenit,0,1,0,0,1,0,1,0,0,1
bjelina,0,0,0,0,0,0,0,0,0,0
hibernirati,0,0,0,0,0,0,0,0,0,0
zimski san,0,0,0,0,0,0,0,0,0,0
štucanje,0,0,0,0,0,0,0,0,0,0
skriven,0,0,0,0,0,1,0,0,0,0
sakriti,0,0,0,1,0,0,0,0,0,0
odvratan,0,0,1,1,0,1,0,1,0,0
skrivanje,0,0,0,1,0,0,0,0,0,0
hijerarhijski,0,0,0,0,0,0,0,0,0,0
visoka,0,0,0,0,0,0,0,0,0,0
viši,0,0,0,0,0,0,0,0,0,0
najviši,0,1,0,1,1,1,1,0,1,0
gorski,0,0,0,0,0,0,0,0,0,0
gorje,0,0,0,0,0,0,0,0,0,0
visina,0,0,0,0,0,0,0,0,0,0
autocesta,0,0,0,0,0,0,0,0,0,0
izletnik,0,0,0,0,0,0,0,0,0,0
smiješan,0,0,0,0,1,0,1,0,1,0
veselje,0,0,0,0,1,0,1,0,0,0
brdo,0,0,0,0,0,0,0,0,0,0
brežuljkast,0,0,0,0,0,0,0,0,0,0
drška,0,0,0,0,0,0,0,0,0,0
košuta,0,0,0,0,0,0,0,0,0,0
ometanje,0,0,0,0,0,1,0,1,0,0
smetnja,0,0,0,0,0,1,0,0,0,0
šarka,0,0,0,0,0,0,0,0,0,0
savjet,0,0,0,0,0,0,0,0,0,0
zaleđe,0,0,0,0,0,0,0,0,0,0
kuka,0,0,0,0,0,0,0,0,0,0
hipik,0,0,0,0,0,1,0,0,0,0
najam,0,1,0,0,1,0,1,0,0,1
dlakav,0,0,0,0,0,0,0,0,0,0
siktati,1,0,0,1,0,1,0,0,0,0
sikćući,0,0,0,0,0,1,0,0,0,0
histologija,0,0,0,0,0,0,0,0,0,0
povjesničar,0,0,0,0,0,0,0,0,0,0
povijesni,0,0,0,0,0,0,0,0,0,0
historiografija,0,0,0,0,0,0,0,0,0,0
povijesti,0,0,0,0,0,0,0,0,0,0
pogoditi,1,0,0,0,0,1,0,0,0,0
do sada,0,0,0,0,0,1,0,0,0,0
košnica,0,0,0,0,0,1,0,0,0,0
gomilati,0,0,0,0,0,0,0,0,0,0
promukao,0,0,0,0,0,1,0,0,0,0
prosijedak,0,0,0,0,0,1,0,1,0,0
obmana,1,0,1,0,0,1,0,1,1,0
ploča za kuhanje,0,0,0,0,0,0,0,0,0,0
hobi,0,0,0,0,1,0,1,0,0,0
skitnica,0,0,0,0,0,1,0,1,0,0
hokej,0,0,0,0,0,0,0,0,0,0
motika,0,0,0,0,0,0,0,0,0,0
svinja,0,0,1,0,0,1,0,0,0,0
dizalica,0,0,0,0,0,0,0,0,0,0
držati,0,0,0,0,0,0,0,0,0,0
držač,0,0,0,0,0,0,0,0,0,0
držanje,0,0,0,0,0,0,0,0,0,0
rupa,0,0,0,0,0,0,0,0,0,0
odmor,0,1,0,0,1,0,1,0,0,0
svetost,0,1,0,1,1,0,1,0,1,1
šuplje,0,0,0,0,0,1,0,1,0,0
holokaust,1,0,1,1,0,1,0,1,0,0
sveta,0,0,0,0,0,0,1,0,0,0
odavanje počasti,0,0,0,0,0,0,1,0,0,0
beskućnik,1,1,1,1,0,1,0,1,0,0
homeopatski,0,0,0,0,0,0,0,0,0,0
homeopatija,0,0,0,0,0,0,0,0,0,0
čežnja za domom,0,0,0,0,0,1,0,1,0,0
farma,0,0,0,0,0,0,0,0,0,0
domaća zadaća,0,0,0,1,0,0,0,0,0,0
ubilački,1,0,0,1,0,1,0,0,0,0
umorstvo,1,0,1,1,0,1,0,1,0,0
propovijed,0,0,0,0,0,0,0,0,0,0
homogenost,0,0,0,0,0,0,0,0,0,0
homogena,0,0,0,0,0,0,0,0,0,0
homologni,0,0,0,0,0,0,0,0,0,0
homolog,0,0,0,0,0,0,0,0,0,0
homologija,0,0,0,0,0,0,1,0,0,0
brusiti,0,0,0,0,0,0,0,0,0,0
"pošten, čestit",1,0,1,1,1,0,1,1,0,1
poštenje,0,0,0,0,0,0,1,0,0,1
med,0,0,0,0,0,0,1,0,0,0
saće,0,0,0,0,0,0,0,0,0,0
medeni mjesec,0,1,0,0,1,0,1,0,1,1
orlovi nokti,0,0,0,0,0,0,0,0,0,0
čast,0,0,0,0,0,0,1,0,0,1
časni,0,0,0,0,0,0,1,0,0,1
honorar,0,0,0,0,0,0,0,0,0,0
napa,1,0,1,1,0,1,0,0,0,0
s kapuljačom,0,0,0,1,0,0,0,0,0,0
kopito,0,0,0,0,0,0,0,0,0,0
kuka,0,0,0,0,0,0,0,0,0,0
zakačen,0,0,0,0,0,1,0,0,0,0
prostitutka,0,0,0,0,0,0,0,0,0,0
obruč,0,0,0,0,0,0,0,0,0,0
trubljenje,1,0,1,0,0,1,0,0,0,0
hop,0,0,0,0,0,0,0,0,0,0
nada,0,1,0,0,1,0,1,0,1,1
pun nade,0,1,0,0,1,0,1,0,1,1
beznadno,0,0,0,1,0,1,0,1,0,0
beznađe,1,0,1,1,0,1,0,1,0,0
nadanja,0,0,0,0,0,0,0,0,0,0
nadajući se,0,0,0,0,0,0,0,0,0,0
lijevak,0,0,0,0,0,0,0,0,0,0
horda,0,0,0,0,0,1,0,0,1,0
horizont,0,1,0,0,0,0,1,0,0,0
horizontalna,0,0,0,0,0,0,0,0,0,0
vodoravno,0,0,0,0,0,0,0,0,0,0
rog,0,0,0,0,0,0,0,0,0,0
stršljen,0,0,0,0,0,0,0,0,0,0
rožnat,0,0,0,0,0,0,0,0,0,0
horoskop,0,1,0,0,0,0,0,0,0,0
užasno,1,0,1,1,0,1,0,0,0,0
užasno,0,0,0,0,0,1,0,0,0,0
užasan,1,0,1,1,0,1,0,1,0,0
užasan,1,0,1,1,0,1,0,1,0,0
užasnut,0,0,0,1,0,1,0,0,0,0
užasavajuće,0,0,1,1,0,1,0,1,0,0
užas,1,0,1,1,0,1,0,1,1,0
užasi,0,0,0,1,0,1,0,1,0,0
konj,0,0,0,0,0,0,0,0,0,1
konjanik,0,0,0,0,0,0,0,0,0,0
potkova,0,0,0,0,0,0,0,0,0,0
hortikulturni,0,0,0,0,0,0,0,0,0,0
hortikultura,0,0,0,0,0,0,0,0,0,0
crijevo,0,0,0,0,0,0,0,0,0,0
čarape,0,0,0,0,0,0,0,0,0,0
hospicij,0,0,0,0,0,0,0,1,0,0
bolnica,0,0,0,1,0,0,0,1,0,1
gostoljubivost,0,0,0,0,0,0,1,0,0,0
talac,1,0,0,1,0,1,0,0,0,0
hostel,0,0,0,0,0,0,0,0,0,0
neprijateljski,1,0,1,1,0,1,0,0,0,0
neprijateljstva,1,0,0,1,0,1,0,0,0,0
neprijateljstvo,1,0,1,0,0,1,0,0,0,0
vruće,1,0,0,0,0,0,0,0,0,0
leglo,0,0,0,0,0,0,0,0,0,0
hotel,0,0,0,0,0,0,0,0,0,0
sat,0,0,0,0,0,0,0,0,0,0
pješčani sat,0,0,0,0,0,0,0,0,0,0
satni,0,0,0,0,0,0,0,0,0,0
kuća,0,0,0,0,0,0,0,0,0,0
domaćinstvo,0,0,0,0,0,0,1,0,0,0
domaćin,0,0,0,0,0,0,0,0,0,0
domaćin,0,0,0,0,0,0,0,0,0,0
domaćinstvo,0,0,0,0,0,0,1,0,0,0
domaćica,0,0,0,0,0,0,0,0,0,0
kućište,0,0,0,0,0,0,0,0,0,0
lebdjelica,0,0,0,0,0,0,0,0,0,0
zavijati,1,0,1,1,0,1,0,1,1,0
kako god,0,0,0,0,0,0,0,0,0,0
hej,0,0,0,0,0,0,0,0,0,0
središte,0,0,0,0,0,0,0,0,0,0
skupiti se,0,0,0,0,0,0,0,0,0,0
nijansa,0,0,0,0,0,0,0,0,0,0
ljutiti se,1,0,1,0,0,1,0,0,0,0
zagrliti,0,0,0,0,1,0,1,0,0,1
ogroman,0,0,0,0,0,0,0,0,0,0
Hulk,0,0,1,0,0,0,0,0,0,0
trupa,0,0,0,0,0,0,0,0,0,0
pjevušiti,0,0,0,0,0,0,0,0,0,0
ljudski,0,0,0,0,0,0,0,0,0,0
humano,0,0,0,0,0,0,1,0,0,0
humanitarni,0,1,0,0,1,0,1,0,1,1
humanističke znanosti,0,0,0,0,0,0,0,0,0,0
čovječanstvo,0,0,0,0,1,0,1,0,0,1
skroman,0,0,1,0,0,1,1,1,0,0
ponižen,0,0,0,0,0,0,1,1,0,0
ponizno,0,0,0,0,0,0,1,0,0,0
obmana,1,0,1,0,0,1,0,1,0,0
vlažna,0,0,0,0,0,0,0,0,0,0
vlažnost,0,0,0,0,0,0,0,0,0,0
poniziti,1,0,0,0,0,1,0,1,0,0
ponižavajući,0,0,1,0,0,1,0,0,0,0
poniženje,0,0,1,0,0,1,0,1,0,0
poniznost,0,0,0,0,0,0,1,0,0,1
hummer,0,0,0,0,0,0,0,0,0,0
kolibrić,0,0,0,0,0,0,0,0,0,0
ogroman,0,0,0,0,0,0,0,0,0,0
humorist,0,0,0,0,0,0,1,0,0,0
duhoviti,0,0,0,0,1,0,1,0,0,0
grba,0,0,0,0,0,0,0,0,0,0
slutnja,0,0,0,0,0,1,0,0,0,0
stotina,0,0,0,0,0,0,0,0,0,0
stoti,0,0,0,0,0,0,0,0,0,0
glad,0,0,0,0,0,0,0,0,0,0
gladan,0,1,0,0,0,1,0,0,0,0
komadina,0,0,0,0,0,0,0,0,0,0
komadi,0,0,0,0,0,0,0,0,0,0
lov,0,0,0,0,0,0,0,0,0,0
Lovac,0,1,0,1,0,1,0,1,0,0
lov,1,1,0,1,0,1,0,0,0,0
baciti,0,0,0,0,0,0,0,0,0,0
ura,0,0,0,0,1,0,1,0,0,0
uragan,0,0,0,1,0,1,0,0,0,0
požurio,0,1,0,0,0,1,0,0,0,0
žuri,0,1,0,0,0,0,0,0,0,0
povrijediti,1,0,0,1,0,1,0,1,0,0
štetno,1,0,1,1,0,1,0,1,0,0
ranjavanje,1,0,0,1,0,1,0,1,0,0
stočarstvo,0,0,0,0,0,0,1,0,0,1
šutnja,0,0,0,0,0,0,1,0,0,0
utišan,0,0,0,0,0,0,0,0,0,0
mahuna,0,0,0,0,0,0,0,0,0,0
eskimski,0,0,0,0,0,0,0,0,0,0
energičnost,0,0,0,0,0,0,0,0,0,0
prevarant,0,0,0,0,0,1,0,0,0,0
koliba,0,0,0,0,0,0,1,1,0,0
kavez,0,0,0,0,0,0,0,0,0,0
zumbul,0,0,0,0,0,0,0,0,0,0
hibrid,0,0,0,0,0,0,0,0,0,0
hidra,0,0,0,1,0,1,0,0,0,0
hidraulika,0,0,0,0,0,0,0,0,0,0
hidrocefalus,0,0,1,1,0,1,0,1,0,0
hidrodinamika,0,0,0,0,0,0,0,0,0,0
vodik,0,0,0,0,0,0,0,0,0,0
hidrografski,0,0,0,0,0,0,0,0,0,0
hidrologija,0,0,0,0,0,0,0,0,0,0
higijena,0,0,0,0,0,0,0,0,0,0
higijenski,0,0,0,0,0,0,1,0,0,0
hvalospjev,0,1,0,0,1,0,1,1,0,1
hype,0,1,0,0,0,1,0,0,0,0
hiperbola,0,0,0,0,0,1,0,0,0,0
hipertrofija,0,0,1,1,0,0,0,0,1,0
crtica,0,0,0,0,0,0,0,0,0,0
hipnotički,0,0,0,0,0,0,0,0,0,0
hipnotiziran,0,0,0,0,0,0,0,0,0,0
licemjerje,0,0,0,0,0,1,0,0,0,0
licemjer,0,0,1,0,0,1,0,0,0,0
licemjeran,0,0,1,0,0,1,0,0,0,0
hipoteza,0,1,0,0,0,0,0,0,1,0
hipotetski,0,0,0,0,0,0,0,0,0,0
histerija,0,0,0,1,0,1,0,0,0,0
histeričan,1,0,0,1,0,1,0,0,0,0
led,0,0,0,0,0,0,0,0,0,0
santa leda,0,0,0,0,0,0,0,0,0,0
ikona,0,0,0,0,0,0,0,0,0,0
ikoničan,0,0,0,0,0,0,0,0,0,0
ikonografija,0,0,0,0,0,0,0,0,0,0
ledena,0,0,0,0,0,0,0,0,0,0
ideja,0,0,0,0,0,0,0,0,0,0
idealizam,0,0,0,0,0,0,1,0,0,0
idealista,0,0,0,0,0,0,0,0,0,0
identičan,0,0,0,0,0,0,0,0,0,0
istovjetno,0,0,0,0,0,0,0,0,0,0
identifikacija,0,0,0,0,0,0,0,0,0,0
identificirati,0,0,0,0,0,0,0,0,0,0
identitet,0,0,0,0,0,0,0,0,0,0
ideologija,0,0,0,0,0,0,0,0,0,0
idiotizam,1,0,1,0,0,1,0,1,0,0
idiom,0,0,0,0,0,0,0,0,0,0
idiomatski,0,0,0,0,0,0,0,0,0,0
idiot,0,0,1,0,0,1,0,0,0,0
idiotski,1,0,1,0,0,1,0,0,0,0
besposlen,0,0,0,0,0,0,0,0,0,0
besposlica,0,0,0,0,0,0,0,0,0,0
besposličar,0,0,0,0,0,1,0,0,0,0
idol,0,0,0,0,0,0,1,0,0,0
idolopoklonstvo,0,0,1,1,0,1,0,0,0,0
iglu,0,0,0,0,0,0,0,0,0,0
magmatski,0,0,0,0,0,0,0,0,0,0
zapaliti,0,0,0,0,0,0,0,0,0,0
paljenje,0,0,0,0,0,0,0,0,0,0
neznanje,0,0,0,0,0,1,0,0,0,0
neznalica,0,0,1,0,0,1,0,0,0,0
zanemariti,0,0,0,0,0,1,0,0,0,0
ilk,0,0,0,0,0,0,0,0,0,0
bolestan,1,0,1,1,0,1,0,1,0,0
nezakonito,1,0,1,1,0,1,0,1,0,0
nezakonitost,1,0,1,1,0,1,0,0,0,0
ilegalno,0,0,0,0,0,0,0,0,0,0
nečitak,0,0,0,0,0,1,0,0,0,0
nelegitimni,1,0,1,1,0,1,0,1,1,0
nedopušteno,1,0,1,1,0,1,0,0,0,0
nepismeni,0,0,1,0,0,1,0,0,0,0
bolest,0,0,0,1,0,1,0,1,0,0
nelogičan,0,0,0,0,0,1,0,0,0,0
osvijetliti,0,1,0,0,1,0,1,0,1,0
osvjetljenje,0,0,0,0,1,0,1,0,1,1
iluminator,0,0,0,0,0,0,0,0,0,0
iluzija,0,0,0,0,0,1,0,0,1,0
ilustrirati,0,0,0,0,0,0,1,0,0,0
ilustracija,0,0,0,0,0,0,0,0,0,0
ilustrativan,0,0,0,0,0,0,0,0,0,0
slavan,0,0,0,0,0,0,1,0,0,0
slika,0,0,0,0,0,0,0,0,0,0
slike,0,0,0,0,0,0,0,0,0,0
zamišljena,0,0,0,0,0,0,0,0,0,0
mašta,0,0,0,0,0,0,0,0,0,0
maštovit,0,0,0,0,0,0,1,0,0,0
zamisliti,0,0,0,0,0,0,0,0,0,0
zamišljeno,0,0,0,0,0,0,0,0,0,0
zamišljajući,0,0,0,0,0,0,0,0,0,0
imam,0,0,0,0,0,0,0,0,0,0
ugrađen,0,0,0,0,0,0,0,0,0,0
oponašati,0,0,0,0,0,0,0,0,0,0
oponašao,0,0,0,0,0,1,0,0,0,0
imitacija,0,0,0,0,0,1,0,0,0,0
besprijekoran,0,0,0,0,1,0,1,0,0,1
nematerijalan,0,0,0,0,0,0,0,0,0,0
nezreo,0,1,0,0,0,1,0,0,0,0
nezrelost,1,1,0,0,0,1,0,0,0,0
nemjerljiv,0,0,0,0,0,0,0,0,0,0
neizmjerno,0,0,0,0,0,0,0,0,0,0
neposrednost,0,0,0,0,0,0,0,0,1,0
odmah,0,1,0,0,0,1,1,0,0,0
nezapamćen,0,0,0,0,0,0,0,0,0,0
neizmjerno,0,0,0,0,0,0,1,0,0,0
zaroniti,0,1,0,1,1,0,1,0,1,1
uranjanje,0,0,0,0,0,0,0,0,0,0
imigrant,0,0,0,1,0,0,0,0,0,0
imigracija,0,0,0,0,0,0,0,0,0,0
neizbježna,0,1,0,1,0,0,0,0,0,0
nemoralan,1,0,1,1,0,1,0,1,0,0
nemoralnost,1,0,1,0,0,1,0,0,0,0
besmrtan,0,0,0,0,0,0,1,0,0,0
besmrtnost,0,1,0,0,0,0,0,0,0,0
nepokretna,0,0,0,0,0,1,1,0,0,1
imun,0,0,0,0,0,0,0,0,0,0
imunitet,0,0,0,0,0,0,0,0,0,0
imunizacija,0,0,0,0,0,0,0,0,0,1
nepromjenjiv,0,0,0,0,0,0,0,0,0,0
imp,0,0,0,0,0,0,0,0,0,0
udarac,0,0,0,0,0,0,0,0,0,0
narušiti,0,0,0,0,0,1,0,0,0,0
oštećenje,0,0,0,0,0,1,0,0,0,0
dodijeliti,0,0,0,0,0,0,1,0,0,1
nepristran,0,0,0,0,0,0,1,0,0,1
nepristranost,0,0,0,0,0,0,1,0,0,1
neprohodan,0,0,0,0,0,1,0,0,0,0
strastven,0,0,0,0,0,0,0,0,0,0
nestrpljivost,0,0,0,0,0,1,0,0,0,0
nestrpljiv,0,1,0,0,0,1,0,0,0,0
opozvati,0,0,1,1,0,1,0,0,0,0
opoziv,0,0,0,0,0,1,0,0,0,0
besprijekoran,0,0,0,0,0,0,1,0,0,1
ometati,0,0,0,0,0,1,0,0,0,0
zapreka,0,0,0,0,0,0,0,0,0,0
natjeran,0,0,0,0,0,0,0,0,0,0
nadnesen,0,1,0,1,0,0,0,0,0,0
neprobojan,0,0,0,0,0,0,0,0,0,1
imperativ,0,0,0,0,0,0,0,0,0,0
neprimjetan,0,0,0,0,0,0,0,0,0,0
nesavršenost,0,0,0,0,0,1,0,0,0,0
nesavršeno,0,0,0,0,0,1,0,0,0,0
carski,0,0,0,0,0,0,0,0,0,0
nepropusna,1,0,0,1,0,0,0,0,0,0
nedopustivo,0,0,0,0,0,0,0,0,0,0
bezličan,0,0,0,0,0,0,0,0,0,0
predstavljati,0,0,0,0,0,1,0,0,0,0
lažno predstavljanje,0,0,0,0,0,1,0,0,0,0
nepropusna,0,0,0,0,0,0,1,0,0,0
poticaj,0,0,0,0,0,0,0,0,0,0
neumoljiv,0,0,0,0,0,1,0,0,0,0
implantat,0,0,0,0,0,0,0,0,0,0
implantacija,0,0,0,0,0,0,0,0,0,0
usađen,0,0,0,0,0,0,0,0,0,0
implementirati,0,0,0,0,0,0,0,0,0,0
ukazati,1,0,0,0,0,1,0,0,0,0
upleten,0,0,0,0,0,0,0,0,0,0
implikacija,0,0,0,0,0,0,0,0,0,0
podrazumijeva se,0,0,0,0,0,0,0,0,0,0
preklinjati,0,0,0,0,0,0,0,0,0,0
implozija,0,0,0,0,0,0,0,0,0,0
implicirati,0,0,0,0,0,0,0,0,0,0
nepristojan,0,0,1,0,0,1,0,0,0,0
uvoz,0,0,0,0,0,0,0,0,0,0
važnost,0,1,0,0,0,0,1,0,0,0
važno,0,0,0,0,0,0,1,0,0,1
uvoz,0,0,0,0,0,0,0,0,0,0
nameće,0,0,0,0,0,0,0,0,0,0
impozantan,0,0,0,0,0,0,0,0,0,0
nametanje,0,0,0,0,0,1,0,0,0,0
nemogućnost,0,0,0,0,0,0,0,0,0,0
nemoguće,0,0,0,0,0,1,0,1,0,0
impotencija,1,0,0,1,0,1,0,1,0,0
impotentan,0,0,0,0,0,1,0,0,0,0
zaplijeniti,0,0,0,0,0,1,0,0,0,0
neizvodljivo,0,0,0,0,0,1,0,0,0,0
impresionirati,0,0,0,0,0,0,1,0,0,0
dojam,0,0,0,0,0,0,1,0,0,0
dojmljiv,0,0,0,0,0,0,0,0,0,1
otisak,0,0,0,0,0,0,0,0,0,0
zatvoriti,0,0,0,0,0,1,0,0,0,0
zatvorena,1,0,1,1,0,1,0,1,0,0
zatvorska kazna,1,0,1,1,0,1,0,1,0,0
nevjerojatan,0,0,0,0,0,0,0,0,0,0
improvizirano,0,0,0,0,0,0,0,0,0,0
neprikladnost,0,0,0,0,0,1,0,0,0,0
poboljšati,0,1,0,0,1,0,1,0,0,1
poboljšana,0,0,0,0,0,0,1,0,0,0
poboljšanje,0,0,0,0,1,0,1,0,0,1
poboljšanje,0,0,0,0,0,0,1,0,0,0
improvizacija,0,0,0,0,0,0,0,0,1,0
improvizirati,0,1,0,0,0,0,1,0,1,0
improvizirano,0,0,0,0,0,0,0,0,0,0
nepromišljeno,0,0,0,0,0,1,0,1,0,0
impuls,0,0,0,0,0,0,0,0,0,0
nekažnjivost,0,0,0,0,0,0,0,0,0,0
nečisti,0,0,1,0,0,1,0,0,0,0
nečistoća,0,0,1,0,0,1,0,0,0,0
imputacija,0,0,0,0,0,1,0,0,0,0
nesposobnost,0,0,0,0,0,1,0,1,0,0
nedostupan,0,0,0,0,0,1,0,0,0,0
netočno,0,0,0,0,0,1,0,0,0,0
nedjelovanje,0,0,0,0,0,1,0,0,0,0
inaktivirati,0,0,0,0,0,0,0,0,0,0
inaktivacija,0,0,0,0,0,0,0,0,0,0
neaktivan,0,0,0,0,0,0,0,0,0,0
neaktivnost,0,0,0,0,0,1,0,0,0,0
nedostatnost,0,0,0,0,0,1,0,0,0,0
neadekvatan,0,0,0,0,0,1,0,1,0,0
nedopustivo,1,0,1,0,0,1,0,0,0,0
nehotice,0,0,0,0,0,0,0,0,0,0
nenamjerno,0,0,0,0,0,0,0,0,0,0
neotuđiv,0,0,0,0,0,0,1,0,0,0
besmislen,0,0,0,0,0,1,0,0,0,0
neživo,0,0,0,0,0,0,0,0,0,0
neprimjenjivo,0,0,0,0,0,1,0,0,0,0
neprikladno,1,0,1,0,0,1,0,1,0,0
nepažnja,1,0,0,0,0,1,0,0,0,0
nečujan,0,0,0,0,0,1,0,0,0,0
inauguracijski,0,1,0,0,0,0,0,0,0,0
inaugurirati,0,0,0,0,0,0,0,0,0,0
inauguracija,0,1,0,0,1,0,1,0,0,1
urođeni,0,0,0,0,0,0,0,0,0,0
inbred,0,0,0,0,0,0,0,0,0,0
neuračunljiv,0,0,0,0,0,1,0,0,0,0
sa žarnom niti,0,0,0,0,0,0,0,0,0,0
nesposoban,0,0,0,0,0,0,0,0,0,0
nesposobnost,0,0,0,0,0,1,0,0,0,0
zatvaranje,1,0,1,1,0,1,0,1,0,0
u slučaju,1,0,1,1,0,1,0,1,0,0
palikuća,1,0,0,1,0,1,0,0,1,0
tamjan,1,0,0,0,0,1,0,0,0,0
poticaj,0,0,0,0,0,0,0,0,0,0
početak,0,0,0,0,0,0,0,0,0,0
neprestani,0,0,0,0,0,1,0,0,0,0
neprestano,0,0,0,0,0,0,0,0,0,0
incest,1,0,1,1,0,1,0,1,0,0
incestuozan,0,0,1,0,0,1,0,0,0,0
inč,0,0,0,0,0,0,0,0,0,0
učestalost,0,0,0,0,0,0,0,0,0,0
incident,0,0,0,0,0,0,0,0,1,0
slučajno,0,0,0,0,0,0,0,0,0,0
spaljivanje,0,0,0,0,0,1,0,0,0,0
početni,0,0,0,0,0,0,0,0,0,0
rez,0,0,0,0,0,0,0,0,0,0
zajedljiv,0,0,0,0,0,0,1,0,0,0
poticati,1,1,0,1,0,1,0,0,0,0
poticanje,0,0,0,0,0,0,0,0,0,0
surov,0,0,0,0,0,1,0,0,0,0
nagib,0,0,0,0,0,0,0,0,0,0
nagib,0,0,0,0,0,0,0,0,0,1
sklona,0,0,0,0,0,0,0,0,0,0
uključiti,0,0,0,0,0,0,1,0,0,0
uključeno,0,0,0,0,0,0,1,0,0,0
uključujući,0,0,0,0,0,0,1,0,0,0
"uključenje, Ubrajanje",0,0,0,0,0,0,0,0,0,1
uključivo,0,0,0,0,0,0,1,0,0,0
inkognito,0,0,0,0,0,0,0,0,0,0
nesuvislo,0,0,0,0,0,1,0,0,0,0
prihod,0,1,0,0,1,1,1,1,0,1
dolazni,0,0,0,0,0,0,0,0,0,0
nekompatibilan,1,0,1,0,0,1,0,1,0,0
nesposobnost,0,0,0,0,0,1,0,0,0,0
nesposobni,1,0,0,0,0,1,0,1,0,0
nepotpuno,0,0,0,0,0,0,0,0,0,0
nedovršenost,0,0,0,0,0,1,0,0,0,0
neshvatljivo,0,0,0,0,0,1,0,0,0,0
neuvjerljiv,0,0,0,0,0,0,0,0,0,0
neskladan,1,0,0,0,0,1,0,0,0,0
beznačajan,0,0,0,0,0,1,0,1,0,0
bezobzirno,1,0,1,0,0,1,0,1,0,0
nedosljednost,0,0,0,0,0,1,0,0,0,0
neprimjetan,0,0,0,0,0,0,0,0,0,0
inkontinencija,0,0,0,0,0,0,0,0,1,0
nezgodan,1,0,1,0,0,1,0,1,0,0
uključiti,0,0,0,0,0,0,0,0,0,0
inkorporacija,0,0,0,0,0,0,0,0,0,0
netočno,0,0,0,0,0,1,0,0,0,0
povećati,0,0,0,0,0,0,1,0,0,0
povećana,0,0,0,0,0,0,0,0,0,0
nevjerojatno,1,0,1,0,0,1,0,0,0,0
prirast,0,0,0,0,0,0,0,0,0,0
inkriminacija,0,0,0,1,0,1,0,1,0,0
inkubacija,0,0,0,0,0,0,0,0,0,0
inkub,0,0,1,1,0,1,0,0,0,0
nastati,0,0,0,0,0,1,0,0,0,0
neizlječiv,1,0,1,1,0,1,0,1,0,0
upad,0,0,0,1,0,1,0,0,0,0
zaduženi,0,0,0,0,0,0,0,0,0,0
nepristojnost,1,0,1,0,0,0,0,0,0,0
nepristojan,0,0,1,0,0,1,0,0,0,0
neodlučnost,0,0,0,0,0,1,0,0,0,0
neodlučan,0,0,0,0,0,1,0,0,0,0
neobranjiva,0,0,0,1,0,1,0,0,0,0
neizbrisiv,0,0,0,0,0,0,1,0,0,1
obeštećenje,0,0,0,0,0,0,0,0,0,0
obeštetiti,0,0,0,0,0,1,0,0,0,0
odšteta,0,0,0,0,0,0,1,0,0,1
uvlaka,0,0,0,0,0,0,0,0,0,1
uvlačenje,0,0,0,0,0,0,0,0,0,0
indentura,1,0,0,0,0,1,0,0,0,0
neovisnost,0,1,0,0,1,0,1,0,1,1
nezavisna,0,0,0,0,0,0,0,0,0,0
neopisiv,0,0,0,0,0,0,0,0,0,0
neuništiv,0,0,0,0,0,0,1,0,0,1
neodređen,0,0,0,0,0,1,0,0,0,0
indeks,0,0,0,0,0,0,0,0,0,0
ukazujući,0,0,0,0,0,0,0,0,0,0
indikacija,0,0,0,0,0,0,0,0,0,0
indikativan,0,0,0,0,0,0,0,0,0,0
indikator,0,0,0,0,0,0,0,0,0,0
indeks,0,0,0,0,0,0,0,0,0,0
optužnica,1,0,0,1,0,1,0,0,0,0
optužnica,0,0,0,1,0,1,0,0,0,0
ravnodušnost,1,0,1,1,0,1,0,1,0,0
autohtoni,0,0,0,0,0,0,0,0,0,0
siromašan,0,0,0,0,0,1,0,1,0,0
probavne smetnje,0,0,0,0,0,0,0,0,0,0
ogorčeno,1,0,0,0,0,1,0,0,0,0
gnjev,1,0,1,0,0,1,0,0,0,0
indigo,0,0,0,0,0,0,0,0,0,0
neizravni,0,0,0,0,0,0,0,0,0,0
neophodan,0,0,0,0,0,0,0,0,0,0
nejasno,0,0,0,0,0,1,0,0,0,0
nerazlučivo,0,0,0,0,0,0,0,0,0,0
individualnost,0,0,0,0,0,0,1,0,0,0
nedjeljiv,0,0,0,0,0,0,0,0,0,1
indoktrinacija,1,0,0,1,0,1,0,0,0,0
indolentan,0,0,0,0,0,1,0,0,0,0
nesalomljiv,0,0,0,1,0,0,1,0,0,0
zatvoreni,0,0,0,0,0,0,0,0,0,0
inducirati,0,0,0,0,0,0,0,0,0,0
induciran,0,0,0,0,0,0,0,0,0,0
poticaj,0,0,0,0,0,0,0,0,0,0
indukcija,0,0,0,0,0,0,0,0,0,0
prepustiti se,0,0,0,0,0,0,0,0,0,0
indulgencija,0,0,0,0,0,0,0,0,0,0
popustljiv,0,0,0,0,0,0,0,0,0,0
marljiv,0,0,0,0,0,0,0,0,0,0
industrija,0,0,0,0,0,0,0,0,0,0
neizreciv,0,0,0,0,0,0,1,0,0,0
neučinkovito,0,0,0,0,0,1,0,0,0,0
neučinkovito,0,0,1,0,0,1,0,0,0,0
neučinkovitost,0,0,1,0,0,1,0,1,0,0
neučinkovito,0,0,0,0,0,1,0,1,0,0
neelastično,0,0,0,0,0,0,0,0,0,0
nepodoban,0,0,0,0,0,0,0,0,0,0
nesposoban,1,0,1,0,0,1,0,0,0,0
nesposobnost,0,0,1,1,0,1,0,1,0,0
nejednakost,1,0,0,1,0,1,0,1,0,0
nepravedan,0,0,0,0,0,1,0,0,0,0
inertan,0,0,0,0,0,1,0,0,0,0
inercija,0,0,0,0,0,0,0,0,0,0
neizbježan,0,0,0,0,0,0,0,0,0,0
netočan,0,0,0,0,0,0,0,0,0,0
neoprostivo,1,0,1,0,0,1,0,1,0,0
neiscrpan,0,0,0,0,0,0,0,0,0,0
jeftin,0,0,0,0,0,0,1,0,0,0
neiskustvo,0,0,0,0,0,1,0,0,0,0
neiskusan,0,0,0,0,0,1,0,0,0,0
neobjašnjiv,0,0,0,0,0,1,0,0,1,0
nepogrešivost,0,0,0,0,0,0,0,0,0,1
nepogrešiv,0,0,0,0,0,0,1,0,0,0
zloglasan,1,0,1,1,0,1,0,0,0,0
zloglasnost,0,0,0,0,0,1,0,1,0,0
djetinjstvo,0,0,0,0,0,0,0,0,0,0
dječji,0,1,0,1,1,0,1,0,1,0
čedomorstvo,1,1,1,1,0,1,0,1,0,0
infantilan,1,0,1,0,0,1,0,0,0,0
pješaštvo,0,0,0,0,0,0,0,0,0,0
infarkt,0,0,0,1,0,1,0,0,1,0
zaljubljenost,0,0,0,0,0,0,0,0,0,0
neizvedivo,0,0,0,0,0,0,0,0,0,0
zaraziti,0,0,1,0,0,1,0,0,0,0
infekcija,0,0,0,1,0,1,0,0,0,0
zarazna,0,0,1,1,0,1,0,1,0,0
zaključiti,0,0,0,0,0,0,0,0,0,0
zaključak,0,0,0,0,0,0,0,0,0,0
inferencijalni,0,0,0,0,0,0,0,0,0,0
inferioran,0,0,0,0,0,1,0,1,0,0
inferiornost,0,0,0,0,0,1,0,0,0,0
pakao,1,0,0,1,0,1,0,0,0,0
neplodan,0,0,0,0,0,0,0,0,0,0
neplodnost,0,0,0,0,0,1,0,1,0,0
zaraza,0,0,1,1,0,1,0,0,0,0
nevjernik,1,0,1,1,0,1,0,0,0,0
nevjera,1,0,1,1,0,1,0,1,0,0
infiltracija,0,0,0,0,0,1,1,0,0,0
beskonačan,0,0,0,0,0,0,1,0,0,0
beskrajno,0,0,0,0,0,0,0,0,0,0
infinitezimalnog,0,0,0,0,0,0,0,0,0,0
beskonačnost,0,1,0,0,1,0,1,0,0,1
nemoćan,0,0,0,0,0,1,0,0,0,0
ambulanta,0,0,0,0,0,0,0,0,0,0
nemoć,0,0,0,1,0,1,0,0,0,0
upala,0,0,0,0,0,1,0,0,0,0
napuhan,0,0,0,0,0,1,0,0,0,0
inflacija,0,0,0,1,0,1,0,0,0,0
infleksija,0,0,0,0,0,0,0,0,0,0
nanositi,1,0,0,1,0,1,0,1,0,0
nanošenje,0,0,0,1,0,1,0,1,0,0
cvat,0,0,0,0,0,0,0,0,0,0
utjecaj,0,0,0,0,0,1,1,0,0,0
utjecajan,0,0,0,0,0,0,1,0,0,1
gripa,0,0,0,0,0,1,0,0,0,0
priljev,0,0,0,0,0,0,0,0,0,0
obavijestiti,0,0,0,0,0,0,0,0,0,1
neformalan,0,0,0,0,0,0,0,0,0,0
doušnik,0,0,0,0,0,0,0,0,0,0
informacija,0,0,0,0,0,0,1,0,0,0
informiran,0,0,0,0,0,0,0,0,0,0
doušnik,0,0,0,0,0,1,0,0,0,0
prekršaj,1,0,0,0,0,1,0,0,0,0
nerijetko,0,0,0,0,0,0,0,0,1,0
rijetko,0,0,0,0,0,1,0,0,0,0
povreda,0,0,0,0,0,1,0,0,0,0
uliti,0,0,0,0,0,0,0,0,0,0
ulio,0,0,0,0,0,0,0,0,0,0
infuzija,0,0,0,0,0,0,0,0,0,0
genijalan,0,0,0,0,0,0,1,0,0,0
genijalnost,0,0,0,0,0,0,0,0,0,0
gutati,0,0,0,0,0,0,0,0,0,0
gutanje,0,0,0,0,0,0,0,0,0,0
poluga,0,0,0,0,0,0,0,0,0,0
ukorijenjen,0,0,0,0,0,0,0,0,0,0
sastojak,0,0,0,0,0,0,0,0,0,0
ulazak,0,0,0,0,0,0,0,0,0,0
nastaniti,0,0,0,0,0,0,0,0,0,0
stanovnik,0,0,0,0,0,0,0,0,0,0
naseljena,0,0,0,0,0,0,0,0,0,0
nastanjivanje,0,0,0,0,0,0,0,0,0,0
udisanje,0,0,0,0,0,0,0,0,0,0
udisati,0,0,0,0,0,0,0,0,0,0
inherentan,0,0,0,0,0,0,0,0,0,0
naslijediti,0,0,0,0,0,0,0,0,0,0
nasljedstvo,0,1,0,0,1,0,1,0,1,1
inhibirati,1,0,1,0,0,1,0,1,0,0
inhibicija,0,0,0,0,0,0,0,0,0,0
negostoljubiv,0,0,0,0,0,1,0,1,0,0
neljudski,1,0,1,1,0,1,0,1,0,0
nečovječnost,0,0,0,0,0,1,0,1,0,0
neprijateljski,1,0,0,0,0,1,0,1,0,0
neponovljiv,0,0,0,0,0,0,1,0,0,1
bezakonje,0,0,1,0,0,1,0,0,0,0
početni,0,0,0,0,0,0,0,0,0,0
inicirati,0,0,0,0,0,0,0,0,0,0
pokrenut,0,0,0,0,0,0,0,0,0,0
inicijativa,0,0,0,0,0,0,0,0,0,0
ubrizgati,0,0,0,0,0,0,0,0,0,0
ubrizgavanje,0,0,0,1,0,0,0,0,0,0
zabrana,0,0,0,0,0,1,0,0,0,0
ozlijediti,1,0,0,1,0,1,0,1,0,0
ozlijeđen,0,0,0,1,0,1,0,1,0,0
štetan,1,0,0,1,0,1,0,1,0,0
ozljeda,1,0,0,1,0,1,0,1,0,0
nepravda,1,0,0,0,0,1,0,0,0,0
tinta,0,0,0,0,0,0,0,0,0,0
naslućujući,0,0,0,0,0,0,0,0,0,0
unutrašnjost zemlje,0,0,0,0,0,0,0,0,0,0
intarzija,0,0,0,0,0,0,0,0,0,0
ulaz,0,0,0,0,0,0,0,0,0,0
zatvorenik,0,0,1,1,0,1,0,0,0,0
gostionica,0,0,0,0,0,0,0,0,0,0
urođeni,0,0,0,0,0,0,0,0,0,0
najunutarnjije,0,0,0,0,0,0,0,0,0,0
izmjene,0,0,0,0,0,0,0,0,0,0
gostioničar,0,0,0,0,0,0,0,0,0,0
nevinost,0,0,0,0,0,0,1,0,0,0
nevin,0,0,0,0,0,0,1,0,0,1
nevino,0,0,0,0,0,0,1,0,0,0
neškodljiv,0,0,0,0,0,0,1,0,0,0
inovirati,0,0,0,0,0,0,1,0,0,0
inovacija,0,0,0,0,0,0,1,0,0,0
insinuacija,0,0,0,0,0,0,0,0,0,0
bezbrojan,0,0,0,0,0,0,0,0,0,0
inokulacija,0,1,0,0,0,0,0,0,0,1
neoperativan,1,0,0,0,0,1,0,0,0,0
neumjeren,0,0,0,0,0,0,0,0,0,0
neorganski,0,0,0,0,0,0,0,0,0,0
istraga,0,0,0,0,0,0,0,0,0,0
raspitati se,0,0,0,0,0,0,0,0,0,0
ispitivač,0,0,0,0,0,0,1,0,0,0
raspitujući se,0,0,0,0,0,0,0,0,0,0
upit,0,1,0,0,0,0,1,0,0,0
radoznao,0,0,0,0,0,0,1,0,0,0
lud,1,0,0,1,0,1,0,0,0,0
ludilo,1,0,1,1,0,1,0,1,0,0
natpis,0,0,0,0,0,0,0,0,0,0
nedokučiv,0,0,0,0,0,0,0,0,0,0
kukac,0,0,0,0,0,0,0,0,0,0
nesiguran,1,0,0,1,0,1,0,1,0,0
nesigurnost,0,0,0,1,0,1,0,0,0,0
nerazdvojni,0,0,0,0,1,0,1,0,0,1
umetnuti,0,0,0,0,0,0,0,0,0,0
umetnut,0,0,0,0,0,0,0,0,0,0
umetanje,0,0,0,0,0,0,0,0,0,0
unutra,0,0,0,0,0,0,0,0,0,0
podmukao,1,0,1,1,0,1,0,0,0,0
uvid,0,0,0,0,0,0,0,0,0,0
insignije,0,0,0,0,0,0,1,0,0,0
beznačajnost,0,0,0,0,0,1,0,0,0,0
neznatan,1,0,0,0,0,1,0,1,0,0
neukusna,0,0,0,0,0,1,0,0,0,0
inzistirati,0,0,0,0,0,0,0,0,0,0
drzak,0,0,0,0,0,1,0,0,0,0
netopljiv,0,0,0,0,0,0,0,0,0,0
insolventnost,0,0,0,1,0,1,0,1,1,0
insolventan,0,0,0,1,0,1,0,1,0,1
pregledati,0,0,0,0,0,0,0,0,0,0
inspektor,0,0,0,0,0,0,1,0,0,0
inspiracija,0,1,0,0,1,0,1,0,0,0
nadahnuti,0,1,0,0,1,0,1,0,0,1
nadahnut,0,0,0,0,1,0,1,0,1,1
nestabilnost,0,0,1,1,0,1,0,0,0,0
instalirati,0,1,0,0,0,0,0,0,0,0
montaža,0,0,0,0,0,0,0,0,0,0
rata,0,0,0,0,0,0,0,0,0,0
primjer,0,0,0,0,0,0,0,0,0,0
trenutak,0,0,0,0,0,0,0,0,0,0
trenutačni,0,0,0,0,0,0,0,0,0,0
trenutačno,0,0,0,0,0,0,0,0,0,0
poticati,0,0,0,0,0,1,0,0,0,0
poticanje,0,0,0,0,0,1,0,0,0,0
usaditi,0,0,0,0,0,0,0,0,0,0
instinkt,0,0,0,0,0,0,0,0,0,0
nagonski,1,0,1,1,0,0,1,0,0,0
institut,0,0,0,0,0,0,0,0,0,1
institucija,0,0,0,0,0,0,0,0,0,0
poučiti,0,0,0,0,0,0,1,0,0,1
upućeni,0,0,0,0,0,0,0,0,0,0
uputa,0,0,0,0,0,0,1,0,0,1
instruktivni,0,0,0,0,0,0,0,0,0,0
upute,0,1,0,0,0,0,0,0,0,1
poučan,0,0,0,0,0,0,0,0,0,0
instruktor,0,1,0,0,0,0,1,0,0,1
instrument,0,0,0,0,0,0,0,0,0,0
instrumental,0,0,0,0,0,0,1,0,0,0
instrumentalista,0,0,0,0,0,0,0,0,0,0
sredstvo,0,0,0,0,0,0,0,0,0,0
nedostatnost,1,0,0,0,0,1,0,0,0,0
nedovoljna,0,0,0,0,0,1,0,0,0,0
nedovoljno,0,0,0,0,0,1,0,0,0,0
otočni,0,0,0,0,0,0,0,0,0,0
izolirati,0,0,0,0,0,0,0,0,0,0
izolacija,0,0,0,0,0,0,0,0,0,1
uvreda,1,0,1,0,0,1,0,1,1,0
uvredljiv,1,0,1,1,0,1,0,1,0,0
osiguranje,0,0,0,0,0,0,0,0,0,0
osigurati,0,0,0,0,0,0,1,0,0,1
ustanički,0,0,0,0,0,1,0,0,0,0
nepremostiv,0,0,0,1,0,1,0,1,0,0
ustanak,1,0,0,0,0,1,0,0,0,0
netaknuta,0,0,0,0,0,0,1,0,0,1
nematerijalan,0,0,0,0,0,0,0,0,0,0
cijeli broj,0,0,0,0,0,0,0,0,0,0
sastavni,0,0,0,0,0,0,0,0,0,0
integrirati,0,0,0,0,0,0,0,0,0,0
integracija,0,0,0,0,0,0,0,0,0,0
integritet,0,0,0,0,0,0,1,0,0,1
intelekt,0,0,0,0,0,0,1,0,0,0
intelektualac,0,0,0,0,0,0,1,0,0,0
inteligencija,0,0,0,1,1,0,1,0,0,1
inteligentan,0,0,0,0,0,0,1,0,0,1
razumljivost,0,0,0,0,0,0,0,0,0,0
razumljivo,0,0,0,0,0,0,0,0,0,0
namjeravati,0,0,0,0,0,0,0,0,0,1
namijenjeni,0,1,0,0,0,0,1,0,0,0
namjeravajući,0,0,0,0,0,0,0,0,0,0
intenzivno,1,0,1,1,1,1,1,0,1,1
intenzivno,0,0,0,0,0,0,0,0,0,0
intenzivirati se,0,0,0,0,0,0,0,0,0,0
intenzitet,0,0,0,0,0,0,0,0,0,0
namjera,0,0,0,0,0,0,0,0,0,0
namjera,0,0,0,0,0,0,0,0,0,0
namjeran,0,0,0,0,0,0,0,0,0,0
namjerno,0,0,0,0,0,0,0,0,0,0
između,0,0,0,0,0,1,0,1,0,0
interakcija,0,0,0,0,0,0,0,0,0,0
posredovati,0,0,0,1,0,0,0,1,0,0
presresti,0,0,0,0,0,0,0,0,0,0
presretanje,0,0,0,0,0,0,0,0,0,0
posredovanje,0,0,0,0,0,0,0,0,0,1
razmjena,0,0,0,0,0,0,0,0,0,0
zamjenjivi,0,0,0,0,0,0,0,0,0,0
međusobno zamijenjeni,0,0,0,0,0,0,0,0,0,0
interfon,0,0,0,0,0,0,0,0,0,0
snošaj,0,0,0,0,0,0,1,0,0,0
međuovisnost,0,0,0,0,0,0,0,0,0,0
međuovisni,0,0,0,0,0,0,0,0,0,0
zabrana,0,0,0,0,0,1,0,0,0,0
interes,0,0,0,0,0,0,1,0,0,0
zainteresiran,0,0,1,0,0,0,1,1,0,0
zanimljiv,0,0,0,0,0,0,1,0,0,0
smetnje,0,0,0,0,0,1,0,0,0,0
interferometar,0,0,0,0,0,0,0,0,0,0
privremeni,0,1,0,0,0,0,0,0,0,0
interijer,0,0,1,0,0,0,1,0,0,1
interlokutivan,0,0,0,0,0,0,1,0,0,0
interludij,0,0,0,0,0,0,1,0,0,0
posrednik,0,0,0,0,0,0,0,0,0,0
srednji,0,0,0,0,0,0,0,0,0,0
sahranjivanje,0,0,0,0,0,1,0,1,0,0
beskrajan,1,1,0,0,0,1,1,0,0,0
prekid,0,1,0,0,0,0,0,0,0,0
isprekidan,0,0,0,0,0,0,0,0,0,0
intern,0,0,0,0,0,0,0,0,0,0
unutarnje,0,0,0,0,0,0,0,0,0,0
interno,0,0,0,0,0,0,0,0,0,0
međunarodni,0,0,0,0,0,0,0,0,0,0
interpolirati,0,0,0,0,0,0,0,0,0,0
interpolacija,0,0,0,0,0,0,0,0,0,0
protumačiti,0,0,0,0,0,0,0,0,0,0
tumačenje,0,0,0,0,0,0,0,0,0,0
tumač,0,0,0,0,0,0,0,0,0,0
međusobno povezani,0,0,0,0,0,0,0,0,0,0
ispitivati,0,0,0,1,0,0,0,0,0,0
ispitivanje,0,0,0,1,0,0,0,0,0,0
prekinuti,1,0,0,0,0,1,0,0,1,0
prekinuti,0,0,0,0,0,1,0,1,0,0
prekid,0,0,0,0,0,0,0,0,0,0
presijecati,0,0,0,0,0,0,0,0,0,0
križanje,0,0,0,0,0,0,0,0,0,0
međuprostorni,0,0,0,0,0,0,0,0,0,0
interval,0,0,0,0,0,0,0,0,0,0
intervenirajući,0,0,0,0,0,0,0,0,0,0
intervencija,0,0,0,0,0,1,1,1,0,0
intervju,0,0,0,0,0,0,0,0,0,0
intervjuer,0,0,0,1,0,0,0,0,0,0
međusobno djelovanje,0,0,0,0,0,0,0,0,0,0
oporučni,0,0,0,0,0,1,0,0,0,0
crijevni,0,0,1,0,0,0,0,0,0,0
crijevo,0,0,0,0,0,0,0,0,0,0
crijeva,0,0,0,0,0,0,0,0,0,0
intimnost,0,0,0,0,0,0,0,0,0,0
intiman,0,1,0,0,1,0,1,0,0,1
prisno,0,1,0,1,1,0,0,0,0,0
nagovještaj,0,0,0,0,0,0,0,0,0,0
zastrašiti,0,0,0,1,0,1,0,0,0,0
zastrašivanje,1,0,0,1,0,1,0,0,0,0
nepodnošljiv,1,0,0,0,0,1,0,0,0,0
netrpeljivost,1,0,1,1,0,1,0,0,0,0
netolerantan,1,0,1,1,0,1,0,1,0,0
intonacija,0,0,0,0,0,0,1,0,0,0
opijen,0,0,1,0,0,1,0,0,0,0
intoksikacija,0,0,0,0,0,0,0,0,0,0
tvrdoglav,1,0,0,0,0,1,0,0,0,0
intramuralni,0,0,0,0,0,0,0,0,0,0
neustrašiv,0,0,0,0,0,0,1,0,0,0
zapetljan,0,0,0,0,0,0,0,0,0,0
intriga,0,1,0,1,0,1,0,0,1,0
intrigantan,0,0,0,0,0,0,0,0,0,0
intrinzičan,0,0,0,0,0,0,0,0,0,0
intrinzično,0,0,0,0,0,0,0,0,0,0
Uvod,0,0,0,0,0,0,0,0,0,0
uvodni,0,0,0,0,0,0,0,0,0,0
introspekcija,0,0,0,0,0,0,0,0,0,0
introspektivan,0,0,0,0,0,0,0,0,0,0
uljez,1,0,0,1,0,1,0,0,1,0
upadanje,0,0,0,1,0,1,0,0,0,0
nametljiv,1,0,1,1,0,1,0,0,1,0
intuicija,0,0,0,0,0,0,1,0,0,1
intuitivno,0,0,0,0,0,0,1,0,0,0
intuitivno,0,1,0,0,0,0,0,0,0,0
plavljenje,0,0,0,0,0,0,0,0,0,0
upasti,1,0,0,1,0,1,0,1,1,0
osvajač,1,0,0,1,0,1,0,1,0,0
nevaljan,0,0,0,0,0,0,0,1,0,0
poništiti,0,0,0,0,0,1,0,0,0,0
poništenje,0,0,0,0,0,1,0,0,0,0
nevaljanost,0,0,0,0,0,1,0,0,0,0
neprocjenjivo,0,0,0,0,0,0,0,0,0,0
nepromjenjivo,0,0,0,0,0,0,1,0,0,0
invazija,1,0,0,0,0,1,0,0,0,0
izumiti,0,0,0,0,0,0,0,0,0,0
izum,0,0,0,0,0,0,0,0,0,0
inventivan,0,0,0,0,0,0,1,0,0,0
izumitelj,0,0,0,0,0,0,1,0,0,0
inventar,0,0,0,0,0,0,0,0,0,0
inverzan,0,0,0,0,0,0,0,0,0,0
obrnuto,0,0,0,0,0,0,0,0,0,0
inverzija,0,0,0,0,0,0,0,0,0,0
preokrenuti,0,0,0,0,0,0,0,0,0,0
obrnuto,0,0,0,0,0,0,0,0,0,0
istraga,0,0,0,0,0,0,1,0,0,0
istraga,0,1,0,0,0,0,0,0,0,0
istraživač,0,0,0,0,0,0,0,0,0,0
investitor,0,0,0,0,0,0,0,0,0,0
okrijepiti,0,0,0,0,0,0,1,0,0,0
nepobjediv,0,0,0,0,0,0,0,0,0,0
nevidljivost,0,0,0,0,0,0,0,0,0,0
nevidljiv,0,0,0,0,0,0,0,0,0,0
poziv,0,1,0,0,0,0,1,0,0,0
pozvati,0,1,0,0,1,0,1,0,1,1
pozivajući,0,1,0,0,1,0,1,0,1,1
zazivanje,0,1,0,0,0,0,0,0,0,1
dostavnica,0,0,0,0,0,0,0,0,0,0
prizivati,0,1,0,0,0,0,0,0,0,0
nenamjeran,0,0,0,0,0,1,0,0,0,0
involucija,1,0,0,0,0,1,0,0,0,0
uključenost,1,0,0,0,0,0,0,0,0,0
prema unutra,0,0,0,0,0,0,0,0,0,0
jota,0,0,0,0,0,0,0,0,0,0
bijesan,1,0,0,0,0,1,0,0,0,0
gnjev,1,0,0,0,0,1,0,0,0,0
šarenica,0,0,0,0,0,0,0,0,0,0
iris,0,0,0,1,0,0,0,0,0,0
željezo,0,0,0,0,0,0,1,0,0,1
ironičan,0,0,0,0,0,0,0,0,0,0
glačala,0,0,0,0,0,1,0,0,0,0
ironija,0,0,0,0,0,0,0,0,0,0
zračenje,0,0,0,0,0,0,0,0,0,0
iracionalan,0,0,1,1,0,1,0,0,0,0
iracionalnost,0,0,0,0,0,1,0,0,0,0
nepomirljiv,1,0,0,1,0,1,0,1,0,0
nesvodljiv,0,0,0,0,0,0,1,0,0,0
nepobitan,0,0,0,0,0,0,1,0,0,1
neregularan,0,0,0,0,0,1,0,0,0,0
nepravilnost,0,0,0,0,0,1,0,0,0,0
nepravilno,0,0,0,0,0,0,0,0,0,0
nebitno,0,0,0,0,0,1,0,0,0,0
nepopravljiv,0,0,0,1,0,1,0,1,0,0
neukrotiv,0,0,0,0,0,0,0,0,0,0
neodoljiv,0,0,0,0,0,0,0,0,0,0
bez obzira,0,0,0,0,0,0,0,0,0,0
neodgovoran,0,0,0,0,0,1,0,0,0,0
bez poštovanja,0,0,0,0,0,1,0,0,0,0
nepovratan,0,0,0,0,0,0,0,0,0,0
neopozivo,0,0,0,0,0,1,0,0,0,0
navodnjavati,0,0,0,0,0,0,0,0,0,0
navodnjavanje,0,0,0,0,0,0,0,0,0,0
razdražljivost,1,0,0,0,0,1,0,0,0,0
razdražljiv,1,0,0,0,0,1,0,0,0,0
iritantan,1,0,1,0,0,1,0,0,0,0
iritacija,1,0,1,0,0,1,0,1,0,0
otok,0,0,0,0,0,0,0,0,0,0
Otok,0,0,0,0,0,0,0,0,0,0
otočić,0,0,0,0,0,0,0,0,0,0
izolirati,0,0,0,0,0,0,0,1,0,0
izolirani,0,0,0,1,0,1,0,1,0,0
izolacija,0,0,0,0,0,1,0,1,0,0
izomorfizam,0,0,0,0,0,0,0,0,0,0
izotermna,0,0,0,0,0,0,0,0,0,0
problem,0,0,0,0,0,0,0,0,0,0
svrbež,0,0,0,0,0,0,0,0,0,0
svrbež,0,0,0,0,0,0,0,0,0,0
artikal,0,0,0,0,0,0,0,0,0,0
nabrojati,0,0,0,0,0,0,0,0,0,0
stavke,0,0,0,0,0,0,0,0,0,0
ponavljati,0,0,0,0,0,0,0,0,0,0
ponavljanje,0,0,0,0,0,0,0,0,0,0
iterativni,0,0,0,0,0,0,0,0,0,0
putujući,0,0,0,0,0,0,0,0,0,0
plan puta,0,0,0,0,0,0,0,0,0,0
slonovača,0,0,0,0,0,0,0,0,0,0
ubod,1,0,0,0,0,0,0,0,0,0
brbljati,0,0,0,0,0,1,0,0,0,0
utičnica,0,0,0,0,0,0,0,0,0,0
budala,0,0,0,0,0,0,0,0,0,0
jackpot,0,1,0,0,1,0,1,0,1,0
dizalice,0,0,0,0,0,0,0,0,0,0
žad,0,0,0,0,0,0,0,0,0,0
jag,0,0,0,0,0,0,0,0,0,0
nazubljena,0,0,0,0,0,0,0,0,0,0
jaguar,0,0,0,0,0,0,0,0,0,0
zatvor,0,0,0,1,0,1,0,1,0,0
pekmez,0,0,0,0,0,0,1,0,0,0
zaglavljen,0,0,0,0,0,0,0,0,0,0
domar,0,0,1,0,0,0,0,0,0,0
Japan,0,0,0,0,0,0,0,0,0,0
staklenka,0,0,0,0,0,0,0,0,0,0
žargon,0,0,0,0,0,1,0,0,0,0
neskladna,0,0,0,1,0,1,0,1,0,0
jaspis,0,0,0,0,0,0,0,0,0,0
žutica,0,0,0,1,0,1,0,0,0,0
izlet,0,0,0,0,0,0,0,0,0,0
koplje,0,0,0,0,0,0,0,0,0,0
čeljust,0,0,0,0,0,0,0,0,0,0
čeljusti,0,0,0,1,0,0,0,0,0,0
sojka,0,0,0,0,0,0,0,0,0,0
ljubomoran,1,0,1,0,0,1,0,0,0,0
ljubomora,1,0,1,1,0,1,0,1,0,0
traperice,0,0,0,0,0,0,0,0,0,0
džip,0,0,0,0,0,0,0,0,0,0
žele,0,0,0,0,0,0,0,0,0,0
Jenny,0,0,0,0,0,0,0,0,0,0
ugroziti,1,0,0,1,0,1,0,0,0,0
opasnost,0,1,0,1,0,1,0,0,0,0
kreten,1,0,0,0,0,0,0,0,1,0
dres,0,0,0,0,0,0,0,0,0,0
šala,0,0,0,0,1,0,1,0,1,0
lakrdijaš,0,0,0,0,0,0,0,0,0,0
mlaznica,0,0,0,0,0,0,0,0,0,0
brana,0,0,0,0,0,0,0,0,0,0
dragulj,0,0,0,0,0,0,0,0,0,0
zlatar,0,0,0,0,0,0,0,0,0,0
nakit,0,0,0,0,0,0,0,0,0,0
flok,0,0,0,0,0,0,0,0,0,0
tren,0,0,0,0,0,0,0,0,0,0
Jimmy,0,0,0,0,0,0,0,0,0,0
zveckati,0,0,0,0,0,0,0,0,0,0
posao,0,0,0,0,0,0,1,0,0,0
sportaš,0,0,0,0,0,0,0,0,0,0
džokej,0,0,0,0,0,0,0,0,0,0
trčati,0,0,0,0,0,0,0,0,0,0
Ivan,0,0,1,0,0,1,0,0,0,0
pridružiti,0,0,0,0,0,0,1,0,0,0
spojen,0,0,0,0,0,0,1,0,0,0
pridruživanje,0,0,0,0,0,0,0,0,0,0
spojnica,0,0,0,0,0,0,0,0,0,0
zajednički,0,0,0,0,0,0,0,0,0,0
vic,0,0,0,0,0,1,0,0,0,0
šaljivac,0,0,0,0,1,0,1,0,1,0
šaleći se,0,0,0,0,0,0,1,0,0,0
trzaj,0,0,0,0,0,0,0,0,1,0
jornada,0,0,0,0,0,1,0,0,0,0
jot,0,0,0,0,0,0,0,0,0,0
časopis,0,0,0,0,0,0,0,0,0,0
novinarstvo,0,0,0,0,0,0,0,0,0,1
novinar,0,0,0,0,0,0,1,0,0,0
putovanje,0,1,0,1,1,0,1,0,0,0
kalfa,0,0,0,0,0,0,0,0,0,1
veseljak,0,0,0,0,1,0,1,0,0,0
radost,0,0,0,0,1,0,1,0,0,0
radostan,0,0,0,0,1,0,1,0,0,1
radostan,0,0,0,0,1,0,1,0,0,0
likujući,0,0,0,0,1,0,1,0,1,1
jubilej,0,0,0,0,1,0,1,0,1,0
suditi,0,0,0,0,0,0,0,0,0,0
prosuđujući,0,0,0,0,0,0,0,0,0,0
osuda,0,0,0,0,0,0,0,0,1,0
sudski,0,1,0,0,0,0,1,0,0,1
sudstvo,0,1,0,0,0,0,0,0,0,1
razborit,0,0,0,0,0,0,1,0,0,1
vrč,0,0,0,0,0,0,0,0,0,0
manipulirati,0,0,0,0,0,0,0,0,0,0
žongliranje,0,0,0,0,0,0,0,0,0,0
sok,0,0,0,0,0,0,0,0,0,0
sočan,0,0,0,0,0,0,0,0,0,0
promućkati,0,0,0,0,0,1,0,0,0,0
zbrkan,0,0,0,0,0,0,0,0,0,0
džambo,0,0,0,0,0,0,0,0,0,0
skok,0,0,0,0,1,0,1,0,0,0
spojnica,0,0,0,0,0,0,0,0,0,0
spojnica,0,0,0,0,0,0,0,0,0,0
džungla,0,0,0,1,0,0,0,0,0,0
mlađi,0,0,0,0,0,0,0,0,0,0
starudija,0,0,0,0,0,1,0,0,0,0
hunta,0,0,0,0,0,1,0,0,0,0
pravni,0,0,0,0,0,0,0,0,0,0
nadležnost,0,0,0,0,0,0,0,0,0,0
jurisprudencija,0,0,0,0,0,0,0,1,0,0
pravnik,0,0,0,0,0,0,0,0,0,1
žiri,0,0,0,0,0,0,0,0,0,1
pravednost,0,0,0,0,0,0,1,0,0,1
opravdano,0,0,0,0,0,0,1,0,0,1
opravdanje,0,0,0,0,0,0,1,0,0,0
opravdati,0,0,0,0,0,0,0,0,0,0
juta,0,0,0,0,0,0,0,0,0,0
maloljetnički,0,0,0,0,0,1,0,0,0,0
jukstapozicija,0,0,0,0,0,0,0,0,0,0
kaiser,0,0,0,0,0,0,0,0,0,0
kaleidoskop,0,0,0,0,0,0,0,0,0,0
klokan,0,0,0,0,0,0,0,0,0,0
kanji,0,0,0,0,0,0,0,0,0,0
karma,0,0,0,0,0,0,0,0,0,0
kajak,0,0,0,0,0,0,0,0,0,0
kobilica,0,0,0,0,0,0,0,0,0,0
čuvar,0,0,0,0,0,0,0,0,0,0
čuvanje,0,0,0,0,0,0,0,0,0,0
uspomena,0,0,0,0,0,0,1,0,0,0
burence,0,0,0,0,0,0,0,0,0,0
ken,0,0,0,0,0,0,1,0,0,0
uzgajivačnica,0,0,0,0,0,0,0,1,0,0
kern,0,0,0,0,0,1,0,0,0,0
zrno,0,0,0,0,0,0,0,0,0,0
kerozin,0,0,0,1,0,0,0,0,0,0
čajnik,0,0,0,0,0,0,0,0,0,0
ključ,0,0,0,0,0,0,0,0,0,0
ključanica,0,0,0,0,0,0,0,0,0,0
uvodna riječ,0,0,0,0,0,0,1,0,0,0
ključni kamen,0,0,0,0,0,0,1,0,0,0
kaki,0,0,0,0,0,0,0,0,0,0
kan,0,0,0,1,0,0,0,0,0,1
udarac nogom,1,0,0,0,0,1,0,0,0,0
udaranje nogama,1,0,0,0,0,0,0,0,0,0
dijete,0,0,0,0,0,0,0,0,0,0
šaliti se,0,0,0,0,0,0,0,0,0,0
oteti,1,0,0,1,0,1,0,1,1,0
ubiti,0,0,0,1,0,1,0,1,0,0
ubijanje,1,0,0,1,0,1,0,1,0,0
pećnica,0,0,0,0,0,0,0,0,0,0
kilogram,0,0,0,0,0,0,0,0,0,0
kilometar,0,0,0,0,0,0,0,0,0,0
kilt,0,0,0,0,0,0,0,0,0,0
kimono,0,0,0,0,0,0,0,0,0,0
rodbina,0,0,0,0,0,0,0,0,0,0
ljubazan,0,0,0,0,1,0,1,0,0,1
Dječji vrtić,0,0,0,0,0,0,0,0,0,0
ljubaznost,0,0,0,0,0,0,1,0,0,0
rodbina,0,1,0,0,1,0,1,0,0,1
kinematika,0,0,0,0,0,0,0,0,0,0
kralj,0,0,0,0,0,0,1,0,0,0
kraljevstvo,0,0,0,0,0,0,0,0,0,0
kink,0,0,0,0,0,0,0,0,0,0
nastrano,0,0,0,0,0,0,0,0,0,0
kiosk,0,0,0,0,0,0,0,0,0,0
Kirk,0,0,0,0,0,0,0,0,0,0
poljubac,0,1,0,0,1,0,1,0,1,0
komplet,0,0,0,0,0,0,0,0,0,0
kuhinja,0,0,0,0,0,0,0,0,0,0
zmaj,0,0,1,0,0,1,0,0,0,0
mače,0,0,0,0,1,0,1,0,0,1
spretnost,0,0,0,0,0,0,1,0,0,0
naprtnjača,0,0,0,0,0,0,0,0,0,0
mijesiti,0,0,0,0,0,0,0,0,0,0
koljeno,0,0,0,0,0,0,0,0,0,0
kleknuti,0,0,0,0,0,0,0,0,0,0
klečeći,0,0,0,0,0,0,0,0,0,0
zvoniti,0,0,0,1,0,1,0,1,0,0
gaćice,0,0,0,0,0,0,0,0,0,1
nož,0,0,0,0,0,0,0,0,0,0
vitez,0,0,0,0,0,0,1,0,0,0
plesti,0,0,0,0,0,0,0,0,0,0
gumb,0,0,0,0,0,0,0,0,0,0
kucanje,0,0,0,0,0,0,0,0,0,0
brežuljak,0,0,0,0,0,0,0,0,0,0
čvor,0,0,0,0,0,0,0,0,0,0
zavezana,0,0,0,0,0,1,0,0,0,0
znajući,0,0,0,0,0,0,1,0,0,0
svjesno,0,0,0,0,0,0,0,0,0,0
znanje,0,0,0,0,0,0,1,0,0,0
zglob zgloba,0,0,0,0,0,0,0,0,0,0
kos,0,0,0,0,0,0,0,0,0,0
kris,0,0,0,0,0,0,0,0,0,0
čast,0,0,0,0,1,0,1,0,0,0
laboratorija,0,0,0,0,0,0,0,0,0,0
označiti,0,0,0,0,0,0,0,0,0,1
rad,0,1,0,0,1,0,1,0,1,1
laboratorija,0,0,0,0,0,0,0,0,0,0
mučio se,0,0,0,0,0,1,0,1,0,0
radnik,0,0,0,0,0,0,0,0,0,0
trudeći se,0,0,0,0,0,0,0,0,0,0
naporan,0,0,0,0,0,1,0,0,0,0
labirint,0,1,0,0,0,1,0,0,0,0
lac,0,0,0,0,0,0,0,0,0,0
čipka,1,0,0,1,0,1,1,1,0,1
nedostatak,0,0,0,0,0,1,0,0,0,0
nedostaje,0,0,0,0,0,1,0,0,0,0
manjkav,0,0,0,0,0,1,0,0,0,0
lak,0,0,0,0,0,0,0,0,0,0
lakros,0,0,0,0,0,0,0,0,0,0
momak,0,0,0,0,0,0,0,0,0,0
ljestve,0,0,0,0,0,0,0,0,0,0
natovaren,0,0,0,0,0,1,0,0,0,0
lading,0,0,0,0,0,0,0,0,0,0
kutlača,0,0,0,0,0,0,0,0,0,0
dama,0,0,0,0,0,0,0,0,0,0
zaostajanje,0,0,0,0,0,1,0,0,0,0
oklijevanje,1,1,1,0,0,1,0,1,0,0
laguna,0,0,0,0,0,0,0,0,0,0
brlog,0,0,0,0,0,1,0,0,0,0
laici,0,0,0,0,0,0,0,0,0,0
jezero,0,0,0,0,0,0,0,0,0,0
lama,0,0,0,0,0,0,0,0,0,0
janjetina,0,0,0,0,1,0,1,0,0,1
jadikovati,0,0,1,1,0,1,0,1,0,0
jadikujući,0,0,0,0,0,0,0,1,0,0
lamina,0,0,0,0,0,0,0,0,0,0
laminiran,0,0,0,0,0,0,0,0,0,0
lampa,0,0,0,0,0,0,0,0,0,0
koplje,0,0,0,0,0,0,0,0,0,0
kopljanik,0,0,0,0,0,0,0,0,0,0
zemljište,0,0,0,0,0,0,1,0,0,0
sletio,0,0,0,0,0,0,1,0,0,0
slijetanje,0,0,0,0,0,0,0,0,0,0
bez izlaza na more,0,0,0,0,0,0,0,0,0,0
posjednik,0,0,0,0,0,0,0,0,0,0
orijentir,0,0,0,0,0,0,0,0,0,1
zemlje,0,0,0,0,0,0,0,0,0,0
pejzaž,0,0,0,0,0,0,0,0,0,0
uređenje okoliša,0,0,0,0,0,0,0,0,0,0
odron zemlje,0,0,0,1,0,1,0,1,0,0
traka,0,0,0,0,0,0,0,0,0,0
Jezik,0,0,0,0,0,0,0,0,0,0
onemoćao,0,0,0,0,0,1,0,0,0,0
malaksati,0,0,0,0,0,1,0,0,0,0
klonući,0,0,0,1,0,1,0,1,0,0
mršava,0,0,0,0,0,0,0,0,0,0
fenjer,0,0,0,0,0,0,0,0,0,0
krug,0,0,0,0,0,0,0,0,0,0
rever,0,0,0,0,0,0,0,0,0,0
propust,0,0,0,0,0,1,0,0,0,0
istekao,0,0,0,0,0,0,0,0,0,0
krađa,0,0,1,0,0,1,0,0,0,0
mast,0,0,0,0,0,0,0,0,0,0
ostava,0,0,0,0,0,0,0,0,0,0
velika,0,0,0,0,0,0,0,0,0,0
veći,0,0,1,0,0,0,0,0,1,1
largo,0,0,0,0,0,0,0,0,0,0
ševa,0,0,0,0,0,0,0,0,0,0
larva,0,0,0,0,0,0,0,0,0,0
grkljan,0,0,0,0,0,0,0,0,0,0
laser,0,0,0,0,0,0,1,0,0,1
trepavicom,1,0,0,1,0,1,0,0,0,0
snajka,0,0,0,0,0,0,0,0,0,0
laso,0,0,0,0,0,0,0,0,0,0
trajan,0,0,0,0,0,0,0,0,0,0
zasun,0,0,0,0,0,0,0,0,0,0
kasno,0,0,0,0,0,1,0,1,0,0
zakašnjenje,0,0,0,0,0,1,0,0,0,0
latentan,1,1,1,0,0,1,0,0,1,0
bočno,0,0,0,0,0,0,0,0,0,0
bočno,0,0,0,0,0,0,0,0,0,0
lateks,0,0,0,0,0,0,0,0,0,0
tokarilica,0,0,0,0,0,0,0,0,0,0
sapunica,0,0,0,0,0,0,0,0,0,0
zemljopisna širina,0,0,0,0,0,0,0,0,0,0
zahodi,0,0,1,0,0,1,0,0,0,0
Rešetka,0,0,0,0,0,0,0,0,0,0
hvalevrijedan,0,0,0,0,0,0,1,0,0,0
smijeh,0,0,0,0,1,0,1,0,1,0
smiješno,0,0,1,0,0,1,0,0,0,0
smijući se,0,0,0,0,1,0,1,0,0,0
smijeh,0,1,0,0,1,0,1,0,1,0
lansirati,0,1,0,0,0,0,1,0,0,0
praonica,0,0,0,0,0,0,0,0,0,0
laureat,0,0,0,0,0,0,1,0,0,1
lovor,0,0,0,0,0,0,1,0,0,0
lovorike,0,0,0,0,1,0,1,0,0,0
lava,1,0,0,1,0,1,0,0,0,0
ispiranje,0,0,0,0,0,0,0,0,0,0
zahod,0,0,1,0,0,0,0,0,0,0
lavanda,0,0,0,0,0,0,0,0,0,0
raskošan,0,0,0,0,0,0,1,0,0,0
zakon,0,0,0,0,0,0,0,0,0,1
zakonito,0,0,0,0,0,0,1,0,0,1
bezakonje,1,0,0,1,0,1,0,0,0,0
travnjak,0,0,0,0,0,0,0,0,0,0
tužba,1,0,1,1,0,1,0,1,1,0
odvjetnik,1,0,1,1,0,1,0,0,0,0
mlitav,0,0,0,0,0,1,0,1,0,0
laksativ,0,0,1,1,0,1,0,0,0,0
položiti,0,0,0,0,0,0,0,0,0,0
sloj,0,0,0,0,0,0,0,0,0,0
slojevito,0,0,0,0,0,0,0,0,0,0
laik,0,0,0,0,0,0,0,0,0,0
lijen,0,0,0,0,0,1,0,0,0,0
lea,0,0,0,0,0,0,0,0,0,0
voditi,0,0,0,0,0,0,1,0,0,0
vođa,0,0,0,0,0,0,1,0,0,1
vodeći,0,0,0,0,0,0,0,0,0,1
vodi,0,0,0,0,0,0,0,0,0,0
list,0,0,0,0,0,0,0,0,0,0
letak,0,0,0,0,0,0,0,0,0,0
lisnato,0,0,0,0,0,0,0,0,0,0
liga,0,0,0,0,0,0,1,0,0,0
curenje,0,0,0,0,0,1,0,0,0,0
propuštanje,0,0,0,0,0,1,0,0,0,0
propusno,0,0,0,0,0,1,0,0,0,0
nagnuti se,0,0,0,0,0,0,0,0,0,0
naslonjen,0,0,0,0,0,0,0,0,0,0
naginjući se,0,0,0,0,0,0,0,0,0,1
skok,0,0,0,0,0,0,0,0,0,0
naučiti,0,0,0,0,0,0,1,0,0,0
naučeno,0,0,0,0,0,0,0,0,0,0
učenik,0,0,0,0,0,0,0,0,0,0
učenje,0,0,0,0,0,0,1,0,0,0
zakup,0,0,0,0,0,0,0,0,0,0
povodac,0,0,0,0,0,0,0,0,0,0
koža,0,0,0,0,0,0,0,0,0,0
kožast,0,0,0,0,0,0,0,0,0,0
napustiti,0,0,0,0,0,1,0,1,1,0
predavanje,0,0,0,0,0,0,0,0,0,0
predavač,0,0,0,0,0,0,1,0,0,0
izbočina,0,0,0,0,0,0,0,0,0,0
glavna knjiga,0,0,0,0,0,0,0,0,0,0
zavjetrina,0,0,0,0,0,0,0,0,0,0
pijavica,0,0,0,0,0,1,0,0,0,0
pijavice,0,0,1,1,0,1,0,0,0,0
podmuklo lice,0,0,1,0,0,1,0,0,0,0
sumnjičav,0,0,0,0,0,0,0,0,1,0
talog,0,0,0,0,0,0,0,0,0,0
manevarski prostor,0,0,0,0,0,0,1,0,0,0
lijevo,0,0,0,0,0,0,0,0,0,0
noga,0,0,0,0,0,0,0,0,0,0
ostavština,0,0,0,0,0,0,0,0,0,0
pravni,0,0,0,0,0,0,1,0,0,1
zakonitost,0,0,0,0,0,0,0,0,0,0
legalizirati,0,0,0,0,0,0,0,0,0,0
legalizirana,1,0,0,1,1,0,1,0,0,1
legalno,0,0,0,0,0,0,0,0,0,0
legenda,0,0,0,0,0,0,0,0,0,0
legendarni,0,0,0,0,0,0,1,0,0,0
čitljivost,0,0,0,0,0,0,1,0,0,0
čitljiv,0,0,0,0,0,0,1,0,0,0
legija,0,0,0,0,0,0,0,0,0,0
ozakoniti,0,0,0,0,0,0,0,0,0,0
zakonodavstvo,0,0,0,0,0,0,0,0,0,0
zakonodavna,0,0,0,0,0,0,0,0,0,0
zakonodavac,0,0,0,0,0,0,0,0,0,1
zakonodavno tijelo,0,0,0,0,0,0,0,0,0,1
legitimitet,0,0,0,0,0,0,0,0,0,1
noge,0,0,0,0,0,0,0,0,0,0
mahunarka,0,0,0,0,0,0,0,0,0,0
slobodno vrijeme,0,1,0,0,1,0,1,0,1,1
ležerno,0,0,0,0,0,0,1,0,0,0
lema,0,0,0,0,0,0,1,0,0,0
limun,0,0,1,0,0,1,0,0,0,0
posuditi,0,0,0,0,0,0,0,0,0,0
zajmodavac,0,0,0,0,0,0,0,0,0,1
pozajmljivanje,0,0,0,0,0,0,0,0,0,0
duljina,0,0,0,0,0,0,0,0,0,0
produžiti,0,0,0,0,0,0,0,0,0,0
produžio,0,0,0,0,0,0,0,0,0,0
izduživanje,0,0,0,0,0,0,0,0,0,0
uzdužno,0,0,0,0,0,0,0,0,0,0
dugotrajan,0,0,0,0,0,0,0,0,0,0
popustljivost,0,0,0,0,0,0,0,0,0,0
popustljiv,0,0,0,0,0,0,1,0,0,0
leće,0,0,0,0,0,0,0,0,0,0
leopard,0,0,0,0,0,0,0,0,0,0
guba,0,0,1,1,0,1,0,1,0,0
najmoprimac,0,0,0,0,0,0,0,0,0,0
smanjiti,0,1,0,0,0,1,0,0,0,0
smanjivanje,0,0,0,0,0,0,0,0,0,0
manji,0,0,1,0,0,1,0,0,0,0
lekcija,0,1,0,0,0,0,1,0,0,1
najmodavac,0,0,0,0,0,0,0,0,0,0
smrtonosan,0,0,1,1,0,1,0,1,0,0
letargičan,0,0,0,0,0,0,0,0,0,0
letargija,0,0,0,0,0,1,0,1,0,0
pismo,0,1,0,0,0,0,0,0,0,0
ispisan slovima,0,1,0,0,0,0,1,0,0,1
slova,0,0,0,0,0,0,0,0,0,0
zelena salata,0,0,0,0,0,0,0,0,0,0
leukemija,1,0,0,1,0,1,0,1,0,0
nasip,0,0,0,0,0,0,0,0,0,1
razini,0,0,0,0,0,0,1,0,0,1
poluga,0,0,0,0,0,0,0,0,0,0
poluga,0,0,0,0,0,0,1,0,0,0
regrutovati,0,0,0,0,0,1,0,0,0,0
nepristojan,0,0,1,0,0,1,0,0,0,0
leksikon,0,0,0,0,0,0,0,0,0,0
ley,0,0,0,0,0,0,0,0,0,0
obveze,0,0,0,0,0,0,0,0,0,0
odgovornost,0,0,0,0,0,0,0,0,0,0
poveznica,0,0,0,0,0,1,0,0,0,0
lažljivac,0,0,1,0,0,1,0,0,0,0
kleveta,1,0,0,1,0,1,0,0,0,1
pogrdan,0,0,0,0,0,0,0,0,0,0
liberalan,0,0,0,0,0,1,1,0,0,0
liberalizam,0,0,0,0,0,0,0,0,0,0
osloboditi,1,1,0,0,1,0,1,0,1,1
oslobođenje,0,1,0,0,1,0,1,0,1,0
sloboda,0,1,0,0,1,0,1,0,1,1
libido,0,0,0,0,0,0,0,0,0,0
knjižničarka,0,0,0,0,0,0,0,0,0,0
knjižnica,0,0,0,0,0,0,1,0,0,0
libreto,0,0,0,0,0,0,0,0,0,0
licencija,0,0,0,0,0,0,0,0,0,0
lišajevi,0,0,0,0,0,0,0,0,0,0
lizati,0,0,1,0,0,1,0,0,0,0
poklopac,0,0,0,0,0,0,0,0,0,0
laž,1,0,1,0,0,1,0,1,0,0
vlastelin,0,0,0,0,0,0,0,0,0,0
založno pravo,0,0,0,0,0,0,0,0,0,0
lieu,0,0,0,0,0,0,0,0,0,0
poručnik,0,0,0,0,0,0,0,0,0,1
život,0,0,0,0,0,0,0,0,0,0
krvotok života,0,0,0,0,0,0,1,0,0,0
čamac za spašavanje,0,0,0,0,0,0,0,0,0,0
beživotna,0,0,0,1,0,1,0,1,0,0
životan,0,0,0,0,0,0,0,0,0,0
doživotno,0,0,0,0,0,0,0,0,0,0
doživotno,0,0,0,0,0,0,0,0,0,0
lift,0,0,0,0,0,0,0,0,0,0
ligament,0,0,0,0,0,0,0,0,0,0
podvezivanje,0,0,0,0,0,0,0,0,0,0
svjetlo,0,0,0,0,0,0,0,0,0,0
posvijetliti,0,0,0,0,0,0,0,0,0,0
svjetionik,0,0,0,0,0,0,1,0,0,0
lakoća,0,0,0,0,0,0,0,0,0,0
munja,1,0,0,1,0,0,0,0,1,0
vjerojatnost,0,0,0,0,0,0,0,0,0,0
sličnost,0,0,0,0,0,0,0,0,0,0
također,0,0,0,0,0,0,0,0,0,0
sviđanje,0,0,0,0,1,0,1,0,0,1
lila,0,0,0,0,0,0,0,0,0,0
ljiljan,0,0,0,0,0,0,0,0,0,0
ud,0,0,0,0,0,0,0,0,0,0
zaborav,0,0,0,0,0,0,0,0,0,0
ograničiti,0,0,0,0,0,0,0,0,0,0
ograničenje,0,0,0,0,0,0,0,0,0,0
ograničeno,1,0,0,0,0,1,0,1,0,0
neograničeno,0,0,0,0,0,0,0,0,0,0
limuzina,0,0,0,0,0,0,0,0,0,0
šepati,0,0,0,0,0,1,0,0,0,0
lin,0,0,0,0,0,0,0,0,0,0
crta,0,0,0,0,0,0,0,0,0,0
loza,0,0,0,0,0,0,0,0,0,0
linearno,0,0,0,0,0,0,0,0,0,0
linearni,0,0,0,0,0,0,0,0,0,0
podstavljeni,0,0,0,0,0,0,0,0,0,0
posteljina,0,0,0,0,0,0,0,0,0,0
košuljica,0,0,0,0,0,0,0,0,0,0
linije,0,0,0,1,0,0,0,0,0,0
zadržavati se,0,1,0,0,0,0,0,0,0,0
jezik,0,0,0,0,0,0,0,0,0,0
lingvalna,0,0,0,0,0,0,0,0,0,0
lingvista,0,0,0,0,0,0,1,0,0,1
lingvistički,0,0,0,0,0,0,0,0,0,0
lingvistika,0,0,0,0,0,0,0,0,0,0
oblaganje,0,0,0,0,0,0,0,0,0,0
veza,0,0,0,0,0,0,0,0,0,0
linoleum,0,0,0,0,0,0,0,0,0,0
dlačica,0,0,0,0,0,1,0,0,0,0
lav,0,0,0,1,0,0,1,0,0,0
usna,0,0,0,0,0,0,0,0,0,0
ruž,0,0,0,0,0,0,0,0,0,0
ukapljivanje,0,0,0,0,0,0,0,0,0,0
ukapljena,0,0,0,0,0,0,0,0,0,0
liker,0,0,0,0,0,0,0,0,0,0
tekućina,0,0,0,0,0,0,0,0,0,0
likvidirati,0,0,0,0,0,0,0,0,0,0
likvidacija,0,0,0,0,0,0,0,0,0,0
likvidator,0,0,0,0,0,0,0,0,0,0
likvidnost,0,0,0,0,0,0,0,0,0,0
liker,1,0,0,0,1,1,0,1,0,0
šuškati,0,0,0,0,0,0,0,0,0,0
popis,0,0,0,0,0,0,0,0,0,0
slušati,0,0,0,0,0,0,0,0,0,0
slušatelj,0,0,0,0,0,0,0,0,0,0
popis,0,0,0,0,0,0,0,0,0,0
bezvoljan,0,0,0,0,0,1,0,1,0,0
litanija,0,0,0,0,0,0,0,0,0,0
doslovno,0,0,0,0,0,0,0,0,0,0
literarni,0,0,0,0,0,0,0,0,0,0
književnost,0,0,0,0,0,0,0,0,0,0
gibak,0,0,0,0,0,0,1,0,0,0
litografija,0,0,0,0,0,0,0,0,0,0
litografija,0,0,0,0,0,0,0,0,0,0
litologija,0,0,0,0,0,0,0,0,0,0
litosfera,0,0,0,0,0,0,0,0,0,0
parničar,0,0,0,0,0,1,0,0,0,0
parničiti se,1,1,1,1,0,1,0,1,0,0
parnica,0,0,0,0,0,1,0,0,0,0
parnični,1,0,1,0,0,1,0,0,0,0
nosila,0,0,0,0,0,1,0,0,0,0
primorje,0,0,0,0,0,0,0,0,0,0
liturgija,0,0,0,0,0,0,0,0,0,0
sredstva za život,0,0,0,0,0,0,0,0,0,0
livreja,0,0,0,0,0,0,0,0,0,0
bijesan,1,0,1,0,0,1,0,0,0,0
život,0,0,0,0,0,0,0,0,0,0
ljama,0,0,0,0,0,0,0,0,0,0
opterećenje,0,0,0,0,0,0,0,0,0,0
vekna,0,0,0,0,0,1,0,0,0,0
bezveznjak,0,0,0,0,0,1,0,0,0,0
ilovača,0,0,0,0,0,0,0,0,0,0
zajam,0,0,0,0,0,0,0,0,0,0
gađenje,1,0,0,0,0,1,0,0,0,0
mrziti,1,0,1,0,0,1,0,0,0,0
gađenje,0,0,1,0,0,1,0,0,0,0
odvratan,1,0,1,0,0,1,0,0,0,0
predvorje,0,0,0,0,0,0,0,0,0,0
lobista,0,0,0,0,0,1,0,0,0,0
režanj,0,0,0,0,0,0,0,0,0,0
lokalni,0,0,0,0,0,0,0,0,0,0
lokalitet,0,0,0,0,0,0,0,0,0,0
mjesto,0,0,0,0,0,0,0,0,0,0
lokalizacija,0,0,0,0,0,0,0,0,0,0
ograničiti,0,1,0,0,0,0,0,0,0,0
pronaći,0,0,0,0,0,0,0,0,0,0
mjesto,0,0,0,0,0,0,0,0,0,0
jezero,0,0,0,0,0,0,0,0,0,0
zaključati,0,0,0,0,0,0,0,0,0,0
ormarić,0,0,0,0,0,0,0,0,0,0
bravar,0,0,0,0,0,0,0,0,0,0
pritvor,0,0,0,1,0,1,0,1,0,0
kretanje,0,0,0,0,0,0,0,0,0,0
lokomotiva,0,0,0,0,0,0,0,0,0,0
skakavac,0,0,0,1,0,1,0,0,0,0
ložiti se,0,0,0,0,0,0,0,0,0,0
stanar,0,0,0,0,0,0,0,0,0,0
smještaj,0,0,0,0,0,0,0,0,0,1
potkrovlje,0,0,0,0,0,0,0,0,0,0
uzvišen,0,0,0,0,0,1,0,0,0,0
log,0,0,0,0,0,0,0,0,0,0
logaritam,0,0,0,0,0,0,0,0,0,0
logaritamski,0,0,0,0,0,0,0,0,0,0
logika,0,0,0,0,0,0,0,0,0,0
logično,0,0,0,0,0,0,1,0,0,0
logistika,0,0,0,0,0,0,0,0,0,0
logotip,0,0,0,0,0,0,0,0,0,0
slabina,0,0,0,0,0,0,0,0,0,0
lizalica,0,0,0,0,0,0,0,0,0,0
usamljen,0,0,0,0,0,0,0,1,0,0
usamljenost,0,0,0,1,0,1,0,1,0,0
usamljena,1,0,1,1,0,1,0,1,0,0
usamljen,0,0,0,0,0,1,0,1,0,0
dugo,0,1,0,0,0,0,0,0,0,0
dugovječnost,0,0,0,0,0,0,1,0,0,0
čežnja,0,1,0,0,0,0,0,1,0,0
zemljopisna dužina,0,0,0,0,0,0,0,0,0,0
uzdužni,0,0,0,0,0,0,0,0,0,0
uzdužno,0,0,0,0,0,0,0,0,0,0
WC,0,0,1,0,0,1,0,0,0,0
pazi,0,0,0,0,0,0,0,0,0,0
razboj,0,1,0,1,0,1,0,0,0,0
nazirući se,0,0,0,0,0,0,0,0,0,0
loon,0,0,1,0,0,1,0,0,0,0
šašav,0,0,0,0,0,1,0,0,0,0
petlja,0,0,0,0,0,0,0,0,0,0
puškarnica,0,0,0,0,0,0,0,0,0,0
popustiti,0,0,0,0,0,0,0,0,0,0
labavljenje,0,0,0,0,0,0,0,0,0,0
plijen,0,0,0,0,0,1,0,0,0,0
lopatica,0,0,0,0,0,0,0,0,0,0
nakrivljena,0,0,0,0,0,0,0,0,0,0
gospodar,0,0,1,0,0,1,1,0,0,1
gospodari,0,0,0,0,0,0,0,0,0,0
gospodstvo,0,0,0,0,0,0,1,0,0,0
predaja,0,0,0,0,0,0,0,0,0,0
kamion,0,0,0,0,0,0,0,0,0,0
izgubiti,1,0,1,1,0,1,0,1,1,0
gubljenje,1,0,0,0,0,1,0,1,0,0
gubitak,1,0,0,1,0,1,0,1,0,0
izgubljeno,0,0,0,0,0,1,0,1,0,0
mnogo,0,0,0,0,0,0,0,0,0,0
losion,0,0,0,0,0,0,0,0,0,0
puno,0,0,0,0,0,0,0,0,0,0
lutrija,0,1,0,0,0,0,0,0,0,0
loto,0,0,0,0,0,0,0,0,0,0
glasno,0,0,0,0,0,0,0,0,0,0
glasno,0,0,0,0,0,0,0,0,0,0
glasnoća,1,0,0,0,0,1,0,0,0,0
dnevni boravak,0,0,0,0,0,1,0,0,0,0
uš,0,0,1,0,0,1,0,0,0,0
simpatičan,0,0,0,0,1,0,1,0,0,1
ljubav,0,0,0,0,1,0,1,0,0,0
lijep,0,1,0,0,1,0,1,1,1,1
vođenje ljubavi,0,0,0,0,1,0,1,0,0,1
ljubavnik,0,1,0,0,1,0,1,0,0,1
ljubavni,0,0,0,0,1,0,1,0,0,1
niži,0,0,0,0,0,1,0,1,0,0
spuštanje,0,0,0,0,0,1,0,0,0,0
najniža,0,0,0,0,0,1,0,1,0,0
nizinama,0,0,0,0,0,1,0,0,0,0
nisko,0,0,0,0,0,1,0,1,0,0
odan,0,0,0,1,1,0,1,0,1,1
odanost,0,0,0,0,0,0,1,0,0,1
podmazati,0,0,0,0,0,0,0,0,0,0
podmazivanje,0,0,0,0,0,0,0,0,0,0
sreća,0,1,0,0,1,0,1,0,1,0
sretan,0,0,0,0,1,0,1,0,1,0
smiješno,0,0,0,0,0,1,0,0,0,0
potezanje,0,0,0,0,0,0,0,0,0,0
prtljaga,0,0,0,0,0,0,0,0,0,0
zatišje,0,1,0,0,0,0,0,0,0,0
uspavanka,0,0,0,0,0,0,0,0,0,0
lumbalni,0,0,0,0,0,0,0,0,0,0
klade,0,0,0,0,0,0,0,0,0,0
drvosječa,0,0,0,0,0,1,0,0,0,0
luminiscentna,0,0,0,0,0,0,0,0,0,0
svjetleći,0,0,0,0,0,0,0,0,0,0
grudica,0,0,0,0,0,1,0,0,0,0
kvrgav,0,0,1,0,0,1,0,0,0,0
ludilo,1,0,1,1,0,1,0,1,0,0
lunarni,0,0,0,0,0,0,0,0,0,0
luđak,1,0,1,1,0,1,0,0,0,0
ručak,0,0,0,0,0,0,0,0,0,0
ručak,0,0,0,0,0,0,0,0,0,0
iskorak,0,0,0,0,0,0,0,0,1,0
pluća,0,0,0,0,0,0,0,0,0,0
posrnuti,0,0,0,0,0,1,0,0,0,0
mamac,0,0,0,0,0,1,0,0,0,0
jeziv,0,0,1,0,0,1,0,0,0,0
vrebati,0,0,0,0,0,1,0,0,0,0
vrebajući se,0,0,0,0,0,1,0,0,0,0
preslatka,0,1,0,0,1,0,1,0,0,0
bujna,0,0,1,0,0,1,0,1,0,0
požuda,0,1,0,0,0,1,0,0,0,0
sjaj,0,0,0,0,1,0,1,0,0,0
požudan,0,0,0,0,0,1,0,0,0,0
sjajan,0,0,0,0,0,0,1,0,0,0
požudan,0,0,1,0,0,0,0,0,0,0
lutnja,0,0,0,0,0,0,0,0,0,0
raskošan,0,0,0,0,0,0,1,0,0,0
luksuzan,0,0,0,0,1,0,1,0,0,0
luksuzno,0,0,0,0,1,0,1,0,0,0
laganje,1,0,1,0,0,1,0,0,0,0
limfa,0,0,0,0,0,0,0,0,0,0
limfni,0,0,0,0,0,0,0,0,0,0
linčovati,1,0,1,1,0,1,0,1,0,0
ris,0,0,0,0,0,0,0,0,0,0
lira,0,0,0,0,1,0,1,0,0,0
lirski,0,0,0,0,0,0,0,0,0,0
lirski,0,0,0,0,1,0,1,0,0,0
topuz,0,0,0,1,0,1,0,0,0,0
mašina,0,0,0,0,0,0,0,0,0,1
strojevi,0,0,0,0,0,0,0,0,0,0
strojar,0,0,0,0,0,0,0,0,0,0
skuša,0,0,0,0,0,0,0,0,0,0
lud,1,0,1,1,0,1,0,1,0,0
gospođa,0,0,0,0,0,0,0,0,0,0
gospođo,0,0,0,0,0,0,0,0,0,0
izludjeti,1,0,0,1,0,1,0,0,0,0
luđak,1,0,0,1,0,1,0,0,0,0
ludilo,1,0,0,1,0,1,0,0,0,0
mafija,0,0,0,1,0,1,0,0,0,0
časopis,0,0,0,0,0,0,0,0,0,0
mag,0,0,0,1,0,0,0,0,0,0
magenta,0,0,0,0,0,0,0,0,0,0
crv,0,0,1,0,0,1,0,0,0,0
magija,0,0,0,0,0,0,0,0,0,0
čarobni,0,1,0,0,1,0,1,0,1,0
mađioničar,0,0,0,0,0,0,0,0,1,0
sudac,0,0,0,0,0,0,0,0,0,0
magma,0,0,0,0,0,0,0,0,0,0
magnat,0,0,0,0,0,0,0,0,0,0
magnet,0,0,0,0,0,0,1,0,0,1
magnetizam,0,0,0,0,0,0,1,0,0,0
magnetit,0,0,0,0,0,0,1,0,0,0
veličanstvenost,0,1,0,0,1,0,1,0,0,1
veličanstvena,0,1,0,0,1,0,1,0,1,1
povećalo,0,0,0,0,0,0,0,0,0,0
uveličati,0,0,0,0,0,0,0,0,0,0
veličina,0,0,0,0,0,0,0,0,0,0
svraka,0,0,0,0,0,0,0,0,0,0
sluškinja,0,0,0,0,0,0,0,0,0,0
djeva,0,0,0,0,0,0,1,0,0,0
pošta,0,1,0,0,0,0,0,0,0,0
glavni,0,0,0,0,0,0,1,0,0,0
kopno,0,0,0,0,0,0,0,0,0,0
glavni oslonac,0,0,0,0,0,0,1,0,0,1
održavanje,0,0,0,0,0,0,0,0,0,1
veličanstven,0,1,0,0,1,0,1,0,1,1
veličanstvo,0,0,0,0,0,0,1,0,0,1
glavni,0,0,0,0,0,0,1,0,0,0
većina,0,0,0,0,1,0,1,0,0,1
napraviti,0,0,0,0,0,0,0,0,0,0
tvorac,0,0,0,0,0,0,0,0,0,0
improvizirani,0,0,0,0,0,1,0,0,0,0
šminka,0,0,0,0,0,0,0,0,0,0
bolest,0,0,0,0,0,1,0,0,0,0
slabost,0,0,0,0,0,1,0,1,0,0
malarija,0,0,1,1,0,1,0,1,0,0
zlonamjeran,1,0,1,1,0,1,0,1,0,0
malverzacije,0,0,1,0,0,1,0,0,0,0
malformacija,0,0,0,0,0,1,0,0,0,0
zloba,1,0,0,1,0,1,0,0,0,0
zlonamjeran,1,0,1,1,0,1,0,1,0,0
zloćudan,1,0,1,0,0,1,0,0,0,0
zloćudnost,0,0,0,1,0,1,0,1,0,0
maligni,1,0,0,1,0,1,0,0,0,0
trgovački centar,0,0,0,0,0,0,0,0,0,0
kovan,0,0,0,0,0,0,0,0,0,0
malj,0,0,0,0,0,0,0,0,0,0
nesavjesno liječenje,1,0,0,0,0,1,0,0,0,0
mama,0,0,0,0,0,0,0,0,0,1
sisavac,0,0,0,0,0,0,0,0,0,0
Mamut,0,0,0,0,0,0,0,0,0,0
upravljati,0,0,0,0,0,0,1,0,0,1
upravljanje,0,0,0,0,0,0,1,0,0,1
menadžer,0,0,0,0,0,0,0,0,0,0
mandamus,0,0,0,1,0,1,0,0,0,0
mandarinski,0,0,0,0,0,0,1,0,0,1
mandat,0,0,0,0,0,0,0,0,0,0
donja čeljust,0,0,0,0,0,0,0,0,0,0
mandolina,0,0,0,0,0,0,0,0,0,0
trn,0,0,0,0,0,0,0,0,0,0
griva,0,0,0,0,0,0,0,0,0,0
manevar,0,0,0,0,0,0,0,0,0,0
manevriranje,0,0,0,0,0,0,0,0,0,0
šuga,0,0,1,1,0,1,0,0,0,0
jaslice,0,0,0,0,0,0,0,0,0,0
komadati,1,0,1,1,0,1,0,1,0,0
mango,0,0,0,0,0,0,0,0,0,0
mangosteen,0,0,0,0,0,0,0,0,0,0
muškost,0,0,0,0,0,0,1,0,0,0
manija,0,0,0,0,0,1,0,0,0,0
manijak,1,0,0,1,0,1,0,0,0,0
manijakalna,0,0,0,0,0,1,0,0,0,0
manikura,0,0,0,0,0,0,0,0,0,0
manifestirati,0,0,0,0,0,0,0,0,0,0
manifestacija,0,0,0,1,0,0,0,0,0,0
manifestiran,0,0,0,0,0,0,1,0,0,0
očigledno,0,0,0,0,0,0,0,0,0,0
manifest,0,0,0,0,0,0,0,0,0,0
razdjelnik,0,0,0,0,0,0,0,0,0,0
manipulirati,0,0,0,0,0,1,0,0,0,0
manipulacija,1,0,0,1,0,1,0,0,0,0
čovječanstvo,0,0,0,0,0,0,0,0,0,0
muževan,0,0,0,0,0,0,1,0,0,0
mana,0,0,0,0,0,0,1,0,0,0
način,0,0,0,0,0,0,0,0,0,0
maniran,0,0,0,0,0,0,1,0,0,0
maniri,0,0,0,0,0,0,1,0,0,0
kurija,0,0,0,0,0,0,0,0,0,0
ljetnikovac,0,0,0,0,0,0,0,0,0,0
ubojstvo iz nehata,1,0,1,1,0,1,0,1,1,0
plašt,0,0,0,0,0,0,0,0,0,0
priručnik,0,0,0,0,0,0,0,0,0,1
proizvodnja,0,0,0,0,0,0,0,0,0,0
proizvođač,0,0,0,0,0,0,1,0,0,0
stajnjak,0,0,1,0,0,1,0,0,0,0
rukopis,0,0,0,0,0,0,0,0,0,0
karta,0,0,0,0,0,0,0,0,0,0
ožujak,0,0,0,0,0,1,0,0,0,0
mramor,0,0,0,0,0,0,0,0,0,0
mramoriran,0,0,0,0,0,0,0,0,0,0
klikeri,0,0,0,0,0,0,0,0,0,0
ožujak,0,0,0,0,0,0,1,0,0,0
kobila,0,0,0,0,0,0,0,0,0,0
margina,0,0,0,0,0,1,0,1,0,0
rubni,0,0,0,0,0,0,0,0,0,0
marihuana,0,0,0,0,0,0,0,0,0,0
morski,0,0,0,0,0,0,0,0,0,1
mornar,0,0,0,0,0,0,0,0,0,0
pomorski,0,0,0,0,0,0,0,0,0,0
ocjena,0,0,0,0,0,0,0,0,0,0
označeno,0,0,0,0,0,0,1,0,0,0
tržište,0,0,0,0,0,0,0,0,0,0
utrživa,0,0,0,0,0,0,1,0,0,0
tržnica,0,0,0,0,0,0,0,0,0,0
oznake,0,0,0,0,0,0,0,0,0,0
lapor,0,0,0,0,0,0,0,0,0,0
marmelada,0,0,0,0,0,0,0,0,0,0
kesten,0,0,0,0,0,1,0,0,0,0
nadstrešnica,0,0,0,0,0,0,0,0,0,0
markiz,0,0,0,0,0,0,1,0,0,0
brak,0,1,0,0,1,0,1,0,0,1
oženjen,0,0,0,0,0,0,0,0,0,0
srž,0,0,0,0,1,0,1,0,0,1
oženiti se,0,1,0,1,1,0,1,0,1,1
močvarna,0,0,0,0,0,0,0,0,0,0
maršal,0,0,0,0,0,0,1,0,0,1
mart,0,0,0,0,0,0,0,0,0,0
borilački,1,0,0,0,0,0,0,0,0,0
posrtaljka,0,0,0,0,0,1,0,0,0,0
mučenik,0,0,0,1,0,1,0,1,0,0
mučeništvo,0,0,0,1,0,1,0,1,0,0
čudo,0,0,0,0,0,0,1,0,1,0
čudesno,0,0,0,0,1,0,1,0,0,0
čudesno,0,0,0,0,1,0,1,0,0,0
muški,0,0,0,0,0,0,1,0,0,0
muškost,0,0,0,0,0,0,0,0,0,0
kaša,0,0,0,0,0,0,0,0,0,0
maska,0,0,0,0,0,0,0,0,0,0
mazohizam,1,0,1,1,0,1,0,0,0,0
zidar,0,0,0,0,0,0,0,0,0,0
maskenbal,0,0,0,0,0,0,0,0,0,0
masa,0,0,0,0,0,0,0,0,0,0
masakr,1,0,1,1,0,1,0,1,0,0
masaža,0,0,0,0,1,0,1,0,0,0
masivan,0,0,0,0,0,0,0,0,0,0
ovladati; majstorski,0,0,0,0,0,0,1,0,0,0
planirati,0,0,0,0,0,0,0,0,0,0
remek djelo,0,0,0,0,1,0,1,0,0,0
majstorstvo,1,0,0,0,1,0,1,0,0,1
masturbirati,0,0,0,0,0,0,0,0,0,0
masturbacija,0,0,0,0,0,0,0,0,0,0
mat,0,0,0,0,0,0,0,0,0,0
odgovarati,0,0,0,0,0,0,0,0,0,0
podudaranje,0,0,0,0,0,0,0,0,0,0
provodadžija,0,1,0,0,0,0,0,0,0,0
pariti,0,0,0,0,0,0,1,0,0,1
materijal,0,0,0,0,0,0,0,0,0,0
materijalizam,0,0,0,0,0,1,0,0,0,0
materijalist,0,0,1,0,0,1,0,0,0,0
materijalistički,0,0,0,0,0,0,0,0,0,0
materijalnost,0,0,0,0,0,0,0,0,0,0
materijalizirati,0,0,0,0,0,0,0,0,0,0
materijalno,0,0,0,0,0,0,0,0,0,0
materijala,0,0,0,0,0,0,0,0,0,0
materijal,0,0,0,0,0,0,0,0,0,0
materinski,0,1,0,0,0,1,1,0,0,0
materinstvo,0,0,0,0,0,0,0,0,0,0
matematički,0,0,0,0,0,0,0,0,0,1
matematičar,0,0,0,0,0,0,0,0,0,0
matematika,0,0,0,0,0,0,0,0,0,0
mature,0,0,0,0,0,0,0,0,0,0
brak,0,1,0,0,1,0,1,0,0,1
matrica,0,0,0,0,0,0,0,0,0,0
matrona,0,0,0,0,0,0,1,0,0,1
matiran,0,0,0,0,0,0,0,0,0,0
materija,0,0,0,0,0,0,0,0,0,0
rogozina,0,0,0,0,0,0,0,0,0,0
madrac,0,0,0,0,0,0,0,0,0,0
sazrijevanje,0,0,0,0,0,0,0,0,0,0
zrelost,0,0,0,0,0,0,0,0,0,0
mauzolej,0,0,0,0,0,0,0,1,0,0
ljubičasta,0,0,0,0,0,0,0,0,0,0
maksima,0,0,0,0,0,0,0,0,0,1
maksimum,0,0,0,0,0,0,1,0,0,0
gradonačelnik,0,0,0,0,0,0,1,0,0,0
labirint,0,0,0,0,0,0,0,0,0,0
medovina,0,0,0,0,0,0,0,0,0,0
livada,0,0,0,0,0,0,1,0,0,0
obrok,0,0,0,0,0,0,0,0,0,0
vijugati,0,0,0,0,0,0,0,0,0,0
krivudajući,0,0,0,0,0,1,0,0,0,0
značenje,0,0,0,0,0,0,0,0,0,0
besmislen,0,0,0,0,0,1,0,1,0,0
sredstva,0,0,0,0,0,0,0,0,0,0
u međuvremenu,0,0,0,0,0,0,0,0,0,0
ospice,0,0,1,1,0,1,0,1,0,0
mjerljiv,0,0,0,0,0,0,0,0,0,0
mjera,0,0,0,0,0,0,0,0,0,1
izmjereno,0,0,0,0,0,0,1,0,0,1
mjerenje,0,0,0,0,0,0,0,0,0,0
mjerenje,0,0,0,0,0,0,0,0,0,0
meso,0,0,0,0,0,0,0,0,0,0
mehaničar,0,0,0,0,0,0,0,0,0,0
mehanički,0,0,0,0,0,0,0,0,0,0
mehanizam,0,0,0,0,0,0,0,0,0,0
medalja,0,1,0,0,1,0,1,0,1,1
medaljon,0,0,0,0,0,0,0,0,0,0
osvajač medalje,0,0,0,0,0,0,0,0,0,0
miješati se,1,0,0,0,0,1,0,0,0,0
uplitanje,0,0,0,0,0,0,0,0,0,0
medijima,0,0,0,0,0,0,0,0,0,0
medijalni,0,0,0,0,0,0,0,0,0,0
medijan,0,0,0,0,0,0,0,0,0,0
posredovati,0,1,0,0,0,0,1,0,0,1
posredovanje,0,0,0,0,0,0,1,0,0,0
posrednik,0,1,0,0,0,0,1,0,0,1
medicinski,0,1,0,1,0,0,1,0,0,1
ljekovito,0,0,0,0,0,0,0,0,0,0
lijek,0,0,0,0,0,0,0,0,0,0
srednjovjekovni,0,0,0,0,0,0,0,0,0,0
osrednji,0,0,0,0,0,1,0,0,0,0
osrednjost,0,0,0,0,0,1,0,0,0,0
meditirati,0,1,0,0,1,0,1,0,0,1
meditacija,0,0,0,0,0,0,0,0,0,0
meditativni,0,0,0,0,0,0,0,0,0,0
Mediteran,0,0,0,0,0,0,1,0,0,0
srednji,0,0,0,0,0,0,0,0,0,0
mješovito,0,0,0,0,0,0,1,0,0,0
krotka,0,0,0,0,0,0,0,1,0,0
sastati se,0,0,0,0,0,0,0,0,0,0
sastanak,0,0,0,0,0,0,0,0,0,0
melankoličan,0,0,0,0,0,1,0,1,0,0
melankolija,0,0,0,0,0,1,0,1,0,0
gužva,0,0,0,1,0,1,0,0,0,0
melodičan,0,0,0,0,0,0,0,0,0,0
melodrama,1,0,0,0,0,1,0,1,0,0
melodramatičan,0,0,0,0,0,0,0,0,0,0
melodija,0,0,0,0,0,0,0,0,0,0
topiti,0,0,0,0,0,0,0,0,0,0
otapanje,0,0,0,0,0,1,0,1,0,0
topljenje,0,0,0,0,0,0,0,0,0,0
član,0,0,0,0,0,0,0,0,0,0
membrana,0,0,0,0,0,0,0,0,0,0
uspomena,0,0,0,0,0,0,1,0,0,0
dopis,0,0,0,0,0,0,0,0,0,0
memoari,0,0,0,0,0,0,0,0,0,0
memorabilije,0,0,0,0,0,0,0,0,0,0
nezaboravan,0,0,0,0,1,0,1,0,1,1
memorandum,0,0,0,0,0,0,0,0,0,0
spomendan,0,0,0,0,0,0,0,0,0,0
spomen obilježja,0,0,0,0,0,0,0,1,0,0
zapamtiti,0,0,0,0,0,0,0,0,0,0
memorija,0,0,0,0,0,0,0,0,0,0
prijetnja,1,0,0,1,0,1,0,0,0,0
prijeteći,1,0,0,1,0,1,0,0,0,0
zvjerinjak,0,0,0,0,0,0,0,0,0,0
popraviti,0,0,0,0,0,0,0,0,0,0
krpanje,0,0,0,0,0,0,1,0,0,0
ropski,0,0,0,0,0,1,0,0,0,0
meniskus,0,0,0,0,0,0,0,0,0,0
menstruacija,0,0,0,0,0,0,1,0,0,0
menstrualni,0,0,0,0,0,0,0,0,0,0
psihički,0,0,0,0,0,0,0,0,0,0
spomenuti,0,0,0,0,0,0,0,0,0,0
mentor,0,0,0,0,0,0,1,0,0,1
izbornik,0,0,0,0,0,0,0,0,0,0
Mijau,0,0,0,0,0,0,0,0,0,0
trgovački,0,0,0,0,0,0,0,0,0,0
plaćenik,0,0,0,1,0,1,0,0,0,0
trgovačka roba,0,0,0,0,0,0,0,0,0,0
trgovac,0,0,0,0,0,0,0,0,0,1
milostiv,0,0,0,0,0,0,1,0,0,0
nemilosrdan,0,0,0,1,0,1,0,0,0,0
živin,0,0,0,0,0,0,0,0,0,0
milost,0,0,0,0,0,0,1,0,0,0
puki,0,0,0,0,0,0,0,0,0,0
sjediniti,0,1,0,0,0,0,1,0,0,0
meridijan,0,0,0,0,0,0,0,0,0,0
meridionalni,0,0,0,0,0,0,0,0,0,0
zasluga,0,0,0,0,0,0,1,0,0,1
zaslužan,0,0,0,0,1,0,1,0,0,1
sirena,0,0,0,0,0,0,0,0,0,0
veselje,0,0,0,0,1,0,1,0,1,0
veselo,0,0,0,0,1,0,1,0,0,0
mesa,0,0,0,0,0,0,0,0,0,0
mreža,0,0,0,0,0,0,0,0,0,0
mrežice,0,0,0,0,0,0,0,0,0,0
hipnotiziran,0,0,0,0,0,0,0,0,0,0
nered,0,0,1,0,0,1,0,0,0,0
poruka,0,0,0,0,0,0,0,0,0,0
glasnik,0,0,0,0,0,0,0,0,0,1
neuredan,0,0,1,0,0,1,0,0,0,0
metabolizam,0,0,0,0,0,0,0,0,0,0
metal,0,0,0,0,0,0,0,0,0,0
metalurgija,0,0,0,0,0,0,0,0,0,0
metamorfoza,0,0,0,0,0,0,0,0,0,0
metafora,0,0,0,0,0,0,0,0,0,0
metaforičan,0,0,0,0,0,0,0,0,0,0
metafizički,0,0,0,0,0,0,0,0,0,0
metafizika,0,0,0,0,0,0,0,0,0,0
metastaza,0,0,0,0,0,1,0,0,0,0
meteor,0,0,0,0,0,0,0,0,0,0
meteorski,0,0,0,0,0,0,0,0,0,0
meteorit,0,0,0,0,0,0,0,0,0,0
meteorološki,0,0,0,0,0,0,0,0,0,0
meteorologija,0,0,0,0,0,0,0,0,0,0
metar,0,0,0,0,0,0,0,0,0,0
metanol,0,0,0,0,0,1,0,0,0,0
metoda,0,0,0,0,0,0,0,0,0,0
metodički,0,0,0,0,0,0,0,0,0,0
pedantan,0,0,0,0,0,0,0,0,0,0
metrički,0,0,0,0,0,0,0,0,0,0
metrički,0,0,0,0,0,0,0,0,0,0
mjeriteljstvo,0,0,0,0,0,0,0,0,0,0
metropola,0,0,0,0,0,0,0,0,0,0
velegradski,0,0,0,0,0,0,1,0,0,0
hrabrost,0,0,0,0,0,0,1,0,0,0
mijaukati,0,0,0,0,0,0,0,0,0,0
tinjac,0,0,0,0,0,0,0,0,0,0
Mick,0,0,0,0,0,0,0,0,0,0
mikrob,0,0,0,0,0,0,0,0,0,0
mikrobiologija,0,0,0,0,0,0,0,0,0,0
mikrokozmos,0,0,0,0,0,0,0,0,0,0
mikrograma,0,0,0,0,0,0,0,0,0,0
mikrometar,0,0,0,0,0,0,0,0,0,0
mikron,0,0,0,0,0,0,0,0,0,0
mikrofon,0,0,0,0,0,0,0,0,0,0
mikroskop,0,0,0,0,0,0,0,0,0,1
mikroskopski,0,0,0,0,0,0,0,0,0,0
mikroskopski,0,0,0,0,0,0,0,0,0,0
mikroskopija,0,0,0,0,0,0,1,0,0,0
sredina,0,0,0,0,0,0,0,0,0,0
podnevni,0,0,0,0,0,0,0,0,0,0
sredini,0,0,0,0,0,0,0,0,0,0
posrednik,0,0,0,0,0,0,0,0,0,0
midlandski,0,0,0,0,0,0,0,0,0,0
ponoć,0,0,0,0,0,0,0,0,0,0
usred,0,0,0,0,0,0,0,0,0,0
sredinom ljeta,0,0,0,0,0,0,0,0,0,0
na pola puta,0,0,0,0,0,0,0,0,0,0
primalja,0,1,0,0,1,1,1,0,0,1
primaljstvo,0,0,0,0,0,0,1,0,0,0
mien,0,0,0,0,0,0,0,0,0,0
moćan,1,0,0,1,1,0,1,0,0,1
migrirati,0,0,0,0,0,0,0,0,0,0
migracija,0,0,0,0,0,0,0,0,0,0
migratorni,0,0,0,0,0,0,0,0,0,0
mikrofon,0,0,0,0,0,0,0,0,0,0
plijesan,0,0,1,0,0,1,0,0,0,0
milja,0,0,0,0,0,0,0,0,0,0
kilometraža,0,0,0,0,0,0,0,0,0,0
prekretnica,0,0,0,0,0,0,0,0,0,0
militantan,0,0,0,0,0,0,0,0,0,0
vojnog,0,0,0,1,0,0,0,0,0,0
milicija,1,0,0,1,0,1,0,1,0,0
mlijeko,0,0,0,0,0,0,0,0,0,0
mliječno,0,0,0,0,0,0,0,0,0,0
mlin,0,1,0,0,0,0,0,0,0,0
tisućljeće,0,0,0,0,0,0,0,0,0,0
miligram,0,0,0,0,0,0,0,0,0,0
milimetar,0,0,0,0,0,0,0,0,0,0
milijuna,0,0,0,0,0,0,0,0,0,0
milijunaš,0,0,0,0,0,0,0,0,0,0
mimičar,0,0,0,0,0,0,1,0,0,0
oponašati,0,0,0,0,0,0,0,0,0,0
oponašajući,0,0,0,0,0,0,0,0,0,0
mimika,0,0,0,0,0,1,0,0,1,0
um,0,0,0,0,0,0,0,0,0,0
nastrojen,0,0,0,0,0,0,0,0,0,0
svjestan,0,0,0,0,0,0,1,0,0,0
pomnost,0,0,0,0,0,0,1,0,0,0
rudnik,0,0,0,0,0,0,0,0,0,0
rudar,0,0,0,0,0,0,0,0,0,0
mineral,0,0,0,0,0,0,0,0,0,0
mineralogija,0,0,0,0,0,0,0,0,0,0
miješati se,0,0,0,0,0,0,0,0,0,0
pomiješan,0,0,0,0,0,0,0,0,0,0
minijaturni,0,0,0,0,0,0,0,0,0,0
minibus,0,0,0,0,0,0,0,0,0,0
minimum,0,0,0,0,0,0,0,0,0,0
minimizirati,0,0,0,0,0,1,0,0,0,0
minimum,0,0,0,0,0,1,0,0,0,0
ministar,0,0,0,0,0,0,0,0,0,0
ministarski,0,0,0,0,0,0,0,0,0,0
ministarstvo,0,0,0,0,1,0,1,0,0,1
monovolumen,0,0,0,0,0,0,0,0,0,0
bjelica,0,0,0,0,0,0,0,0,0,0
manji,0,0,0,0,0,0,0,0,0,0
manjina,0,0,0,0,0,1,0,0,0,0
minstrel,0,0,0,0,0,0,0,0,0,0
metvica,0,0,0,0,0,0,0,0,0,0
minuskula,0,0,0,0,0,0,0,0,0,0
minuta,0,0,0,0,0,0,0,0,0,0
detalji,0,0,0,0,0,0,0,0,0,0
mir,0,0,0,0,0,0,0,0,0,0
čudo,0,1,0,0,1,0,1,0,1,1
čudesna,0,0,0,0,1,0,1,0,1,0
fatamorgana,0,0,0,0,0,0,0,0,0,0
blato,0,0,1,0,0,1,0,0,0,0
ogledalo,0,0,0,0,0,0,0,0,0,0
veselje,0,0,0,0,1,0,1,0,0,0
zlouporaba,0,0,0,0,0,0,0,0,0,0
nedolično ponašanje,1,0,1,0,0,1,0,0,1,0
pobačaj,0,0,0,1,0,1,0,1,0,0
razno,0,0,0,0,0,0,0,0,0,0
razno,0,0,0,0,0,0,0,0,0,0
nestašluk,0,0,0,0,0,1,0,0,0,0
nestašan,0,0,0,0,0,1,0,0,0,0
pogrešno shvaćanje,1,0,1,1,0,1,0,0,0,0
loše ponašanje,0,0,1,0,0,1,0,0,0,0
prekršaj,0,0,0,0,0,0,0,0,0,0
jadan,1,0,1,0,0,1,0,1,0,0
jadno,0,0,0,0,0,1,0,1,0,0
bijeda,1,0,1,1,0,1,0,1,0,0
nesreća,0,0,0,1,0,1,0,1,0,0
pogrešno usmjeren,0,0,1,0,0,1,0,0,0,0
neuspjeh,0,0,1,1,0,1,0,1,1,0
pogrešno informiran,0,0,0,0,0,0,0,0,0,0
pogrešno tumačenje,0,0,0,0,0,1,0,0,0,0
zavesti,1,0,0,1,0,1,0,0,0,1
zavaravajuće,1,0,1,0,0,1,0,0,0,0
loše upravljanje,0,0,0,0,0,1,0,0,0,0
neusklađenost,0,0,0,0,0,1,0,0,0,0
neusklađeno,0,0,0,0,0,0,0,0,0,0
pogrešan naziv,0,0,0,0,0,1,0,0,0,0
izgubiti,1,0,1,0,0,1,0,0,0,0
zagubljen,0,0,0,0,0,1,0,0,0,0
krivo predstaviti,0,0,0,0,0,1,0,0,0,0
krivo predstavljanje,0,0,0,0,0,1,0,1,0,0
krivo predstavljen,1,0,0,0,0,1,0,0,0,0
propustiti,0,0,0,0,0,0,0,0,0,0
raketa,0,0,0,1,0,0,0,0,0,0
nedostaje,0,0,0,1,0,1,0,1,0,0
misija,0,0,0,0,0,0,0,0,0,0
misionar,0,0,0,0,0,0,1,0,0,0
pogrešno prikazivanje,1,0,1,0,0,1,0,0,0,0
zamagliti,0,0,0,0,0,0,0,0,0,0
pogreška,0,0,0,0,0,1,0,1,0,0
pogriješio,0,0,0,1,0,1,0,0,0,0
gospodin,0,0,0,0,0,0,0,0,0,0
ljubavnica,1,0,1,0,0,1,0,0,0,0
nepovjerenje,0,0,1,1,0,1,0,0,0,0
maglovito,0,0,0,0,0,0,0,0,0,0
krivo razumjeti,0,0,0,0,0,1,0,0,0,0
nesporazum,1,0,0,0,0,1,0,1,0,0
zlouporaba,0,0,0,0,0,1,0,0,0,0
obol,0,0,1,0,0,1,0,0,0,0
mitra,0,0,0,0,0,0,0,0,0,0
smanjenje,0,0,0,0,0,0,0,0,0,0
miješati,0,0,0,0,0,0,0,0,0,0
mješoviti,0,0,0,0,0,0,0,0,0,0
smjesa,0,0,0,0,0,0,0,0,0,0
stenjati,0,0,0,1,0,0,0,1,0,0
jarak,0,0,0,0,0,0,0,0,0,1
mob,1,0,0,1,0,1,0,0,0,0
mobilni,0,1,0,0,0,0,0,0,0,0
mobilnost,0,0,0,0,0,0,0,0,0,0
mobilizacija,0,0,0,0,0,0,0,0,0,0
mobilizirati,0,0,0,0,0,0,0,0,0,0
ruganje,0,0,1,0,0,1,0,0,0,0
rugajući se,1,0,1,0,0,1,0,1,0,0
modalni,0,0,0,0,0,0,0,0,0,0
modalitet,0,0,0,0,0,0,0,0,0,0
način rada,0,0,0,0,0,0,0,0,0,0
model,0,0,0,0,0,0,1,0,0,0
modelar,0,0,0,0,0,0,0,0,0,0
umjereno,0,0,0,0,0,0,1,0,0,0
umjereno,0,0,0,0,0,0,0,0,0,0
moderiranje,0,0,0,0,0,0,0,0,0,0
umjerenost,0,0,0,0,0,0,0,0,0,0
moderator,0,0,0,0,0,0,1,0,0,1
moderna,0,0,0,0,0,0,0,0,0,0
modernizam,0,0,0,0,0,0,0,0,0,0
skroman,0,0,0,0,0,0,1,0,0,1
skromnost,0,0,0,0,0,0,1,0,0,0
barem,0,0,0,0,0,0,0,0,0,0
izmjenjivi,0,0,0,0,0,0,0,0,0,0
izmjena,0,0,0,0,0,0,0,0,0,0
modificiran,0,0,0,0,0,0,0,0,0,0
modificirati,0,0,0,0,0,0,0,0,1,0
modulirati,0,0,0,0,0,0,0,0,0,0
modulacija,0,0,0,0,0,0,0,0,0,0
modul,0,0,0,0,0,0,0,0,0,0
modul,0,0,0,0,0,0,0,0,0,0
mogul,0,0,0,0,0,0,0,0,0,0
ostatak,0,0,0,0,0,0,0,0,0,0
vlažna,0,0,0,0,0,0,0,0,0,0
vlage,0,0,0,0,0,0,0,0,0,0
kutnjak,0,0,0,0,0,0,0,0,0,0
melasa,0,0,0,0,0,0,0,0,0,0
kalup,0,0,0,0,0,0,0,0,0,0
ukalupljen,0,0,0,0,0,0,0,0,0,0
kalupljenje,0,0,0,0,0,0,0,0,0,0
pljesniv,0,0,0,0,0,0,0,0,0,0
molekularni,0,0,0,0,0,0,0,0,0,0
molekula,0,0,0,0,0,0,0,0,0,0
zlostavljanje,1,0,1,1,0,1,0,1,0,0
rastopljeni,0,0,0,0,0,0,0,0,0,0
trenutak,0,0,0,0,0,0,0,0,0,0
trenutačno,0,0,0,0,0,0,0,0,0,0
važan,0,0,0,0,0,0,0,0,0,0
zamah,0,1,0,0,0,0,1,0,0,0
monada,0,0,0,0,0,0,0,0,0,0
monarh,0,0,0,0,0,0,0,0,0,0
monarhija,0,0,0,0,0,0,0,0,0,0
samostan,0,0,0,0,0,0,0,0,0,0
samostanski,0,0,0,0,0,0,0,0,0,0
monetarni,0,1,0,0,0,0,1,0,0,0
novac,1,1,0,0,1,0,1,0,1,1
redovnik,0,0,0,0,0,0,1,0,0,1
majmun,0,0,0,0,0,0,0,0,0,0
jednobojni,0,0,1,0,0,1,0,0,0,0
monogamija,0,0,0,0,0,0,0,0,0,1
monogram,0,0,0,0,0,0,0,0,0,0
monografija,0,0,0,0,0,0,0,0,0,0
jednoslojni,0,0,0,0,0,0,0,0,0,0
monolog,0,0,0,0,0,0,0,0,0,0
monopolist,0,0,0,0,0,1,0,0,0,0
monopol,0,0,0,0,0,0,0,0,0,0
monotonija,0,0,0,0,0,0,0,0,0,0
monsun,0,0,0,0,0,1,0,1,0,0
čudovište,0,0,0,1,0,1,0,0,0,0
monstruoznost,1,0,1,1,0,1,0,0,1,0
monte,0,0,0,0,0,0,0,0,0,0
mjesec,0,0,0,0,0,0,0,0,0,0
mjesečno,0,0,0,0,0,0,0,0,0,0
spomenik,0,0,0,0,0,0,1,0,0,0
monumentalna,0,0,0,0,0,0,0,0,0,0
mukati,0,0,0,0,0,0,0,0,0,0
raspoloženja,0,0,0,0,0,0,0,0,0,0
raspoložena,1,0,0,0,0,1,0,1,0,0
mjesec,0,0,0,0,0,0,0,0,0,0
mjesečina,0,0,0,0,0,0,0,0,0,0
usidren,0,0,0,0,0,0,0,0,0,0
privezište,0,0,0,0,0,0,0,0,0,0
privezišta,0,0,0,0,0,0,0,0,0,1
vrijesište,0,0,0,0,0,0,0,0,0,0
Los,0,0,0,0,0,0,0,0,0,0
sporan,0,0,0,0,0,1,0,0,0,0
raspravljao,0,0,0,0,0,0,0,0,0,0
otrti,0,0,0,0,0,0,0,0,0,0
moralni,1,0,0,0,0,0,1,0,0,1
moralnost,0,0,0,0,0,0,1,0,0,1
moral,1,1,1,0,1,0,1,0,1,1
močvara,0,0,0,0,0,0,0,0,0,0
moratorij,0,0,0,0,0,0,0,0,0,0
morbidno,0,0,0,0,0,1,0,1,0,0
morbiditet,1,0,1,1,0,1,0,1,0,0
mrtvačnica,0,0,1,1,0,1,0,1,0,0
na umoru,0,0,0,0,0,1,0,1,0,0
jutro,0,1,0,0,0,0,0,0,0,0
jutro,0,0,0,0,0,0,0,0,0,0
kreten,0,0,0,0,0,1,0,0,0,0
kretenski,0,0,0,0,0,1,0,0,0,0
morfin,0,0,0,0,0,0,0,0,0,0
morfizam,0,0,0,0,0,0,0,0,0,0
morfologija,0,0,0,0,0,0,0,0,0,0
sutra,0,1,0,0,0,0,0,0,0,0
zalogaj,0,0,0,0,0,1,0,0,0,0
smrtnik,0,0,0,0,0,1,0,0,0,0
smrtnost,1,0,0,1,0,1,0,1,0,0
mort,0,0,0,0,0,0,1,0,0,0
hipoteka,0,0,0,1,0,0,0,0,0,0
hipotekarni dužnik,0,0,0,0,0,0,0,0,0,1
hipotekarni dužnik,0,0,0,1,0,0,0,0,0,0
mrtvljenje,0,1,1,1,0,1,0,1,0,0
mrtvačnica,0,0,0,1,0,1,0,1,0,0
mozaik,0,0,0,0,0,0,0,0,0,0
komarac,1,0,1,0,0,1,0,0,0,0
mahovina,0,0,0,0,0,0,0,0,0,0
obrastao mahovinom,0,0,0,0,0,0,0,0,0,0
trun,0,0,0,0,0,0,0,0,0,0
moljac,0,0,0,0,0,0,0,0,0,0
majka,0,1,0,0,1,1,1,1,0,1
majčinstvo,0,0,0,0,1,0,1,0,0,1
pokret,0,1,0,0,0,0,0,0,0,0
nepomična,0,0,0,0,0,0,0,0,0,0
motiv,0,0,0,0,0,0,1,0,0,0
odijelo,0,0,0,0,0,0,0,0,0,0
motor,0,0,0,0,0,0,0,0,0,0
motocikl,0,0,0,0,0,0,0,0,0,0
motocikl,0,0,0,0,0,0,0,0,0,0
motte,0,0,0,0,0,0,0,0,0,0
išaran,0,0,0,0,0,0,0,0,0,0
moto,0,0,0,0,0,0,0,0,0,0
kalup,0,0,0,0,0,0,0,0,0,0
nasip,0,0,0,0,0,0,0,0,0,0
montirati,0,0,0,0,0,0,0,0,0,0
planina,0,1,0,0,0,0,0,0,0,0
planinar,0,0,0,0,0,0,0,0,0,0
planinski,0,0,0,0,0,0,0,0,0,0
tugovati,0,0,0,0,0,1,0,1,0,0
žalosna,1,0,0,1,0,1,0,1,0,0
tugovanje,0,0,0,0,0,1,0,1,0,0
miš,0,0,0,0,0,0,0,0,0,0
brkovi,0,0,0,0,0,0,0,0,0,0
usta,0,0,0,0,0,0,0,0,1,0
zalogaj,0,0,1,0,0,0,0,0,0,0
usnik,0,0,0,0,0,0,0,0,0,0
pokretna,0,0,0,0,0,0,1,0,0,0
potez,0,0,0,0,0,0,0,0,0,0
pokret,0,0,0,0,0,0,0,0,0,0
pokretač,0,0,0,0,0,0,1,0,0,0
film,0,0,0,0,0,0,0,0,0,0
kreće se,0,0,0,0,0,0,0,0,0,0
kositi,0,0,0,0,0,0,0,0,0,0
blato,0,0,1,0,0,1,0,0,0,0
sluzav,0,0,1,0,0,0,0,0,0,0
sluz,0,0,1,0,0,0,0,0,0,0
blato,0,0,0,0,0,1,0,0,0,0
zbrka,0,0,0,0,0,1,0,0,0,0
zbrkan,0,0,0,0,0,1,0,0,0,0
blatna,0,0,1,0,0,1,0,0,0,0
muf,1,0,1,0,0,1,0,0,0,0
prigušen,0,0,0,0,0,0,0,0,0,0
šal,0,0,0,0,0,0,0,0,0,0
šalica,1,0,0,1,0,1,1,1,0,0
mazga,1,0,0,0,0,1,0,0,0,1
multilateralni,0,0,0,0,0,0,0,0,0,0
višestruki,0,0,0,0,0,0,0,0,0,0
multipleks,0,0,0,0,0,0,0,0,0,0
množenje,0,0,0,0,0,0,0,0,0,0
mnoštvo,0,0,0,0,0,0,0,0,0,0
umnožio,0,0,0,0,0,0,0,0,0,0
multiplikator,0,0,0,0,0,0,0,0,0,0
pomnožiti,0,0,0,0,0,0,0,0,0,0
mnoštvo,0,0,0,0,0,0,0,0,0,0
mama,0,0,0,1,0,1,0,0,0,0
mrmljanje,0,0,0,0,0,1,0,0,0,0
mumija,0,0,0,0,0,0,0,0,0,0
zaušnjaci,0,0,0,0,0,1,0,0,0,0
grickati,0,0,0,0,0,0,0,0,0,0
ovozemaljski,0,0,0,0,0,0,0,0,0,0
općinski,0,0,0,0,0,0,0,0,0,0
općina,0,0,0,0,0,0,0,0,0,0
mural,0,0,0,0,0,0,0,0,0,0
ubiti,1,0,1,1,0,1,0,1,1,0
ubojica,1,0,1,1,0,1,0,1,0,0
ubilački,1,0,1,1,0,1,0,1,1,0
taman,0,0,1,0,0,1,0,1,0,0
šum,0,0,0,0,0,0,0,0,0,0
mišića,0,0,0,0,0,0,0,0,0,0
mišićni,0,0,0,0,0,0,1,0,0,0
muza,0,0,0,0,0,0,0,0,0,0
muze,0,0,0,0,0,0,0,0,0,0
muzej,0,0,0,0,0,0,0,0,0,0
kaša,0,0,0,0,0,0,0,0,0,0
gljiva,0,0,0,0,0,0,0,0,0,0
"glazba, muzika",0,0,0,0,1,0,1,1,0,0
glazbeni,1,1,0,0,1,0,1,1,1,1
glazbenik,0,0,0,0,0,0,0,0,0,0
razmišljajući,0,0,0,0,0,0,0,0,0,0
mošus,0,0,0,0,0,0,0,0,0,0
mušketa,0,0,0,1,0,0,0,0,0,0
muslin,0,0,0,0,0,0,0,0,0,0
muss,0,0,0,0,0,1,0,0,0,0
mustang,0,0,0,0,0,0,0,0,0,0
senf,0,0,0,0,0,0,0,0,0,0
sabrati,0,0,0,0,0,0,0,0,0,0
pljesniv,0,0,1,0,0,1,0,0,0,0
promjenjiv,0,1,0,0,0,0,1,0,0,0
mutantni,0,0,0,0,0,1,0,0,0,0
mutacija,0,0,0,0,0,0,0,0,0,0
osakaćen,0,0,1,0,0,1,0,0,0,0
sakaćenje,1,0,1,1,0,1,0,1,0,0
pobuna,1,0,1,1,0,1,0,0,1,0
mrmljati,1,0,0,0,0,1,0,0,0,0
ovčetina,0,0,0,0,0,0,0,0,0,0
obostrani,0,0,0,0,0,0,1,0,0,0
uzajamno,0,0,0,0,0,0,0,0,0,0
njuška,0,0,0,1,0,1,0,0,0,0
kratkovidnost,1,0,0,0,0,1,0,1,0,0
kratkovidan,0,0,0,0,0,0,0,0,0,0
bezbroj,0,0,0,0,0,0,0,0,0,0
tajanstvena,0,1,0,1,0,0,0,0,1,0
misterija,0,1,0,0,0,0,0,0,1,0
mistik,0,0,0,0,0,0,0,0,1,0
mističnom,0,0,0,0,0,0,0,0,0,0
misticizam,0,0,0,0,0,0,0,0,0,0
mit,0,0,0,0,0,0,0,0,0,0
mitski,0,0,0,0,0,0,0,0,0,0
mitski,0,0,0,0,0,0,0,0,0,0
mitološki,0,0,0,0,0,0,0,0,0,0
mitologija,0,0,0,0,0,0,0,0,0,0
nab,0,0,0,0,0,1,0,0,1,0
nadir,0,0,0,0,0,1,0,0,0,0
zanovijetati,1,0,0,0,0,1,0,0,0,0
čavao,0,0,0,0,0,0,0,0,0,0
naivan,0,0,0,0,0,1,0,0,0,0
goli,0,0,0,0,0,0,0,0,0,0
imenovani,0,0,0,0,0,0,0,0,0,0
bezimeni,0,0,1,0,0,1,0,0,0,0
imenjak,0,0,0,0,0,0,0,0,0,0
imenovanje,0,0,0,0,0,0,0,0,0,0
dadilja,0,0,0,0,0,0,0,0,0,0
nanometar,0,0,0,0,0,0,0,0,0,0
drijemati,0,0,0,0,1,0,1,0,0,0
potiljak,0,0,0,0,0,0,0,0,0,0
ubrus,0,0,0,0,0,0,0,1,0,0
drijemanje,0,0,0,0,0,0,0,0,0,0
pelena,0,0,1,0,0,1,0,0,0,0
narkotičan,0,0,0,0,0,1,0,0,0,0
pripovijedati,0,0,0,0,0,0,0,0,0,0
pripovijedanje,0,0,0,0,0,0,0,0,0,0
pripovijesti,0,0,0,0,0,0,0,0,0,0
pripovjedač,0,0,0,0,0,0,0,0,0,0
suziti,0,0,0,0,0,0,0,0,0,0
sužavanje,0,0,0,0,0,0,0,0,0,0
nastajući,0,1,0,0,0,0,0,0,0,0
gadan,1,0,1,1,0,1,0,1,0,0
natalni,0,0,0,0,0,0,0,0,0,0
narod,0,0,0,0,0,0,0,0,0,1
nacionalni,0,0,0,0,0,0,0,0,0,0
nacionalnost,0,0,0,0,0,0,0,0,0,0
domaći,0,0,0,0,0,0,0,0,0,0
rođenje,0,0,0,0,0,0,0,0,0,0
prirodoslovac,0,0,0,0,0,0,1,0,0,0
naturalizacija,0,0,0,0,0,0,0,0,0,0
naturalizirani,0,0,0,0,0,0,0,0,0,0
prirodno,0,0,0,0,0,0,0,0,0,0
priroda,0,0,0,0,0,0,0,0,0,0
nula,0,0,0,0,0,0,0,0,0,0
zločest,0,0,0,0,0,1,0,0,0,0
mučnina,0,0,1,0,0,1,0,0,0,0
gadan,0,0,1,0,0,1,0,1,0,0
pomorski,0,0,0,0,0,0,0,0,0,0
pomorski,0,0,0,0,0,0,0,0,0,0
brod,0,0,0,0,0,0,0,0,0,0
pupak,0,0,0,0,0,0,0,0,0,0
plovan,0,1,0,0,0,0,1,0,0,0
ploviti,0,0,0,0,0,0,0,0,0,0
navigacija,0,0,0,0,0,0,0,0,0,0
navigator,0,1,0,0,0,0,0,0,0,1
mornarica,0,0,0,0,0,0,0,0,0,0
dapače,0,0,0,0,0,1,0,0,0,0
uredno,0,0,0,0,0,0,1,0,0,0
maglica,0,0,0,0,0,0,0,0,0,0
maglice,0,0,0,0,0,0,0,0,0,0
nebulozan,0,0,0,0,0,0,0,0,0,0
nužno,0,0,0,0,0,0,0,0,0,0
zahtijevati,0,0,0,0,0,0,0,0,0,0
potrepštine,0,0,0,0,0,0,0,0,0,0
nužnost,0,0,0,0,0,0,0,1,0,0
vrat,0,0,0,0,0,0,0,0,0,0
ogrlica,0,0,0,0,0,0,0,0,0,0
nekroza,0,0,0,0,0,0,0,0,0,0
nektar,0,0,0,0,0,0,1,0,0,0
potreban,0,0,0,0,0,1,0,0,0,0
igla,0,0,0,0,0,0,1,0,0,0
bespotrebno,0,0,0,0,0,0,0,0,0,0
potrebitima,0,0,0,0,0,1,0,0,0,0
opak,0,0,1,1,0,1,0,1,1,0
negacija,1,0,0,0,0,1,0,0,0,0
negativan,0,0,0,0,0,1,0,1,0,0
zanemariti,0,0,0,0,0,1,0,0,0,0
zapuštena,1,0,1,0,0,1,0,1,0,0
zanemarujući,0,0,0,0,0,1,0,0,0,0
nemara,0,0,0,0,0,1,0,0,0,0
nemaran,0,0,0,0,0,1,0,0,0,0
nemarno,0,0,0,0,0,1,0,0,0,0
neznatan,0,0,0,0,0,0,0,0,0,0
pregovarati,0,0,0,0,0,0,1,0,0,1
Pregovaranje,0,0,0,0,0,0,0,0,0,0
pregovarač,0,0,0,0,0,0,1,0,0,0
crnački,0,0,0,0,0,1,0,1,0,0
njištati,0,0,0,0,0,0,0,0,0,0
susjed,0,1,0,0,0,0,1,0,0,1
susjedstvo,0,1,0,0,0,0,0,0,0,0
susjedni,0,0,0,0,0,0,0,0,0,0
neonatalni,0,0,0,0,0,0,0,0,0,0
početnik,0,0,0,0,0,0,0,0,0,0
neopren,0,0,0,0,0,0,0,0,0,0
nećak,0,0,0,0,0,0,0,0,0,0
nepotizam,1,0,1,0,0,1,0,1,0,0
živac,0,0,0,0,0,0,1,0,0,0
živčani,0,1,0,1,0,1,0,0,0,0
nervoza,0,0,0,1,0,0,0,0,0,0
nost,0,0,0,0,0,0,0,0,0,0
gnijezdo,0,0,0,0,0,0,0,0,0,1
ugnijezditi se,0,0,0,0,0,0,1,0,0,1
gniježđenje,0,0,0,0,0,0,0,0,0,0
neto,0,0,0,0,0,0,0,0,0,0
podzemni,1,0,0,1,0,1,0,1,0,0
mreža,0,0,0,0,0,0,0,0,0,0
kopriva,1,0,1,0,0,1,0,0,0,0
mreža,0,1,0,0,0,0,0,0,0,0
neuralgija,0,0,0,1,0,1,0,1,0,0
neurologija,0,0,0,0,0,0,0,0,0,0
neuroza,0,0,0,1,0,1,0,1,0,0
neurotičan,0,0,1,1,0,1,0,0,0,0
srednjeg roda,0,0,0,0,0,0,0,0,0,0
neutralan,0,1,0,0,0,0,0,0,0,1
neutralnost,0,0,0,0,0,0,0,0,0,1
neutralizirati,0,0,0,0,0,0,0,0,0,0
novorođenče,0,0,0,0,0,0,0,0,0,0
pridošlica,0,0,0,1,0,0,0,0,1,0
novo,0,0,0,0,0,0,0,0,0,0
novost,0,0,0,0,0,0,0,0,0,0
vijesti,0,0,0,0,0,0,0,0,0,0
novine,0,0,0,0,0,0,0,0,0,0
kiosk s novinama,0,0,0,0,0,0,0,0,0,0
pero,0,0,0,0,0,0,0,0,0,0
grickati,0,0,0,0,0,0,0,0,0,0
niša,0,0,0,0,0,0,0,0,0,0
nichts,0,0,0,0,0,0,0,0,0,0
nick,0,0,0,0,0,0,0,0,0,0
nikal,0,0,0,0,0,0,0,0,0,0
nadimak,0,0,0,0,0,0,0,0,0,0
nikotin,0,0,1,0,0,1,0,0,0,0
nećakinja,0,0,0,0,0,0,0,0,0,0
blizu,0,0,0,0,0,0,0,0,0,0
noć,0,0,0,0,0,0,0,0,0,0
pada noć,0,0,0,0,0,0,0,0,0,0
slavuj,0,0,0,0,0,0,0,0,0,0
noćna mora,0,0,0,1,0,1,0,0,0,0
nihilizam,0,0,0,0,0,1,0,0,0,0
nula,0,0,0,0,0,0,0,0,0,0
okretan,0,0,0,0,0,0,0,0,0,0
devedeset,0,0,0,0,0,0,0,0,0,0
deveti,0,0,0,0,0,0,0,0,0,0
gutljaj,0,0,0,0,0,0,0,0,0,0
bradavica,0,0,0,0,0,0,0,0,0,0
nix,0,0,0,0,0,0,0,0,0,0
plemstvo,0,1,0,0,0,0,1,0,0,1
plemenita,0,0,0,0,0,0,1,0,0,1
plemić,0,0,0,0,0,0,1,0,0,1
noćni,0,0,0,0,0,0,0,0,0,0
klimati glavom,0,0,0,0,0,0,0,0,0,0
klimajući glavom,0,0,0,0,0,0,0,0,0,0
čvor,0,0,0,0,0,0,0,0,0,0
nodularni,0,0,0,0,0,0,0,0,0,0
kvržica,0,0,0,0,0,0,0,0,0,0
buka,0,0,0,0,0,1,0,0,0,0
glasan,1,0,0,0,0,1,0,0,0,0
nomad,0,0,0,0,0,0,0,0,0,0
nomadski,0,0,0,0,0,0,0,0,0,0
nomenklatura,0,0,0,0,0,0,0,0,0,0
nominalni,0,0,0,0,0,0,0,0,0,0
nominirati,0,0,0,0,0,0,0,0,0,0
imenovanje,0,0,0,0,0,0,1,0,0,0
imenovani,0,0,0,0,0,0,0,0,0,0
jednokratno,0,0,0,0,0,0,0,0,0,0
neusklađenost,1,1,0,1,0,1,0,1,0,0
neopisiv,0,0,0,0,0,0,0,0,0,0
nepostojeći,0,0,0,0,0,0,0,0,0,0
neplaćanje,0,0,0,0,0,0,0,0,0,0
nerezident,0,0,0,0,0,0,0,0,0,0
besmislica,0,0,0,0,0,1,0,0,0,0
besmislen,0,0,0,0,0,1,0,1,0,0
tjestenina,0,0,0,0,0,0,0,0,0,0
gluho,0,0,0,0,0,0,0,0,0,0
podne,0,0,0,0,0,0,0,0,0,0
omča,0,0,0,0,0,1,0,1,0,0
norma,0,0,0,0,0,0,0,0,0,0
normalan,0,0,0,0,0,0,0,0,0,0
normalnost,0,0,0,0,0,0,0,0,0,0
normalnost,0,0,0,0,0,0,1,0,0,0
nos,0,0,1,0,0,0,0,0,0,0
nostalgija,0,0,0,0,0,0,0,0,0,0
nozdrva,0,0,0,0,0,0,0,0,0,0
primjetan,0,0,0,0,1,0,1,0,0,1
uglednici,0,0,0,0,0,0,1,0,0,0
osobito,0,0,0,0,0,0,0,0,0,0
bilježnik,0,0,0,0,0,0,0,0,0,1
notacija,0,0,0,0,0,0,0,0,0,0
usjek,0,0,0,0,0,0,0,0,0,0
reckast,0,0,0,0,0,0,0,0,0,0
Bilješka,0,0,0,0,0,0,0,0,0,0
bilježnica,0,0,0,0,0,0,0,0,0,0
zabilježeno,0,0,0,0,0,0,1,0,0,0
vrijedan pažnje,0,0,0,0,0,0,0,0,0,0
ništavilo,0,0,0,0,0,1,0,1,0,0
obavijest,0,0,0,0,0,0,0,0,0,0
primjetan,0,0,0,0,0,0,0,0,0,0
obavijest,0,1,0,0,0,0,0,0,0,0
obavijestiti,0,0,0,0,0,0,0,0,0,0
pojam,0,0,0,0,0,0,1,0,0,0
pojmovni,0,0,0,0,0,0,0,0,0,0
očitost,1,0,1,1,0,1,1,0,0,0
bez obzira na to,0,0,0,0,0,0,0,0,0,0
nula,0,0,0,0,0,0,0,0,0,0
imenica,0,0,0,0,0,0,0,0,0,0
hraniti,0,0,0,0,0,0,0,0,0,0
hrana,0,0,0,0,0,0,1,0,0,0
nouveau,0,0,0,0,0,0,0,0,0,0
novost,0,0,0,0,0,0,0,0,0,0
novak,0,0,0,0,0,0,0,0,0,0
ovih dana,0,0,0,0,0,0,0,0,0,0
štetna,0,0,1,1,0,1,0,0,0,0
mlaznica,0,0,0,0,0,0,0,0,0,0
utančanost,0,0,0,0,0,0,0,0,0,0
nijanse,0,0,0,0,0,0,0,0,0,0
jezgra,0,0,0,0,0,0,0,0,0,0
gola,0,0,0,0,0,0,0,0,0,0
gurkati,0,0,0,0,0,0,0,0,0,0
nagost,0,0,0,0,0,0,0,0,0,0
grumen,0,0,0,0,0,0,0,0,0,0
smetnja,1,0,0,0,0,1,0,0,0,0
nula,0,0,0,0,0,1,0,0,0,0
ništavan,0,0,0,0,0,0,0,0,0,0
poništiti,0,0,0,0,0,1,0,0,1,0
zanijemio,0,0,0,0,0,1,0,0,0,0
broj,0,0,0,0,0,0,0,0,0,0
numeriranje,0,0,0,0,0,0,0,0,0,0
brojevima,0,0,0,0,0,0,1,0,0,0
obamrlost,0,0,0,0,0,1,0,1,0,0
brojčani,0,0,0,0,0,0,0,0,0,0
brojnik,0,0,0,0,0,0,0,0,0,0
numerički,0,0,0,0,0,0,0,0,0,0
numerički,0,0,0,0,0,0,0,0,0,0
brojni,0,0,0,0,0,0,0,0,0,0
časna sestra,0,0,0,0,0,1,0,0,0,1
medicinska sestra,0,0,0,0,0,0,1,0,0,1
rasadnik,0,0,0,0,1,0,1,0,0,1
njegovati,1,1,1,1,1,0,1,0,0,1
muškatni oraščić,0,0,0,0,0,0,0,0,0,0
prehrana,0,0,0,0,0,0,0,0,0,0
hranjiva,0,0,0,0,0,0,1,1,0,0
nutritivni,0,0,0,0,0,0,0,0,0,0
orašasti plodovi,0,0,0,0,0,0,0,0,0,0
nimfa,0,0,0,0,0,0,0,0,0,0
glupan,0,0,0,0,0,1,0,0,0,0
hrast,0,0,0,0,0,0,1,0,0,0
veslo,0,0,0,0,0,0,0,0,0,0
oaza,0,1,0,0,1,0,1,0,0,1
zakletva,0,0,0,0,0,0,1,0,0,1
zobena kaša,0,0,0,0,0,0,0,0,0,0
poslušnost,0,0,0,0,0,0,1,0,0,1
poslušan,0,0,0,0,0,0,0,0,0,0
poslušno,0,0,0,0,0,0,0,0,0,0
obelisk,0,0,0,0,0,0,0,0,0,0
pretilo,0,0,1,0,0,1,0,0,0,0
pretilost,0,0,1,0,0,1,0,1,0,0
poslušati,0,0,0,1,0,0,0,0,0,1
obi,0,0,1,1,0,1,0,0,0,0
obit,0,0,0,0,0,1,0,1,1,0
nekrolog,0,0,0,0,0,1,0,1,0,0
objekt,0,0,0,0,0,0,0,0,0,0
prigovor,1,0,0,0,0,1,0,0,0,0
nepoželjan,0,0,0,0,0,1,0,0,0,0
cilj,0,1,0,0,0,0,1,0,0,1
obaveza,0,0,0,0,0,0,0,0,0,0
obavezan,0,0,0,0,0,0,0,0,0,0
obvezati,0,0,0,0,0,1,0,0,0,1
dužan,0,0,0,0,0,0,0,0,0,0
uslužan,1,1,1,1,1,0,1,0,1,1
obveznik,0,0,0,1,0,1,0,0,0,0
kosi,0,0,0,0,0,0,0,0,0,0
uništiti,1,0,0,1,0,1,0,1,0,0
izbrisani,1,0,0,1,0,1,0,0,0,0
uništenje,0,0,0,1,0,1,0,1,0,0
zaborav,1,0,0,1,0,1,0,0,0,0
nesvjestan,0,0,0,0,0,0,0,0,0,0
duguljast,0,0,0,0,0,0,0,0,0,0
odvratan,1,0,1,0,0,1,0,1,0,0
oboa,0,0,0,0,0,0,0,0,0,0
opsceno,0,0,1,0,0,1,0,0,0,0
opscenost,1,0,1,0,0,1,0,0,0,0
opskuran,0,0,0,0,0,0,0,0,0,0
zamračen,0,0,0,0,0,0,0,0,0,0
nejasnoća,0,0,0,0,0,1,0,0,0,0
poštivanje,0,0,0,0,0,0,0,0,0,0
pažljiv,0,0,0,0,0,0,1,0,0,0
promatranje,0,0,0,0,0,0,0,0,0,0
zvjezdarnica,0,0,0,0,0,0,0,0,0,0
promatrati,0,0,0,0,0,0,0,0,0,0
posmatrač,0,0,0,0,0,0,0,0,0,0
promatrajući,0,0,0,0,0,0,0,0,0,0
opsesija,0,0,0,0,0,0,0,0,0,0
zastarjelost,0,0,0,0,0,0,0,0,0,0
zapreka,1,0,0,1,0,1,0,1,0,0
opstetričar,0,0,0,0,0,0,0,0,0,1
akušerstvo,0,0,0,0,0,0,0,0,0,0
tvrdoglav,0,0,0,0,0,1,0,0,0,0
ometati,1,0,0,1,0,1,0,0,0,0
opstrukcija,0,0,0,0,0,1,0,0,0,0
opstruktivni,1,0,0,0,0,1,0,0,0,0
dobiti,0,0,0,0,0,0,0,0,0,0
dobiti,0,0,0,0,1,0,1,0,0,0
tupi,0,0,0,0,0,1,0,0,0,0
avers,0,0,0,0,0,0,0,0,0,0
očito,0,0,0,0,0,0,1,0,0,1
okarina,0,0,0,0,0,0,0,0,0,0
prilika,0,0,0,0,0,0,0,0,0,0
povremeno,0,0,0,0,0,0,0,0,1,0
povremeno,0,0,0,0,0,0,0,0,0,0
okluzija,0,0,0,0,0,0,0,0,0,0
okultno,0,0,1,1,0,1,0,0,0,0
popunjenost,0,0,0,0,0,0,0,0,0,0
okupator,0,0,0,0,0,0,1,0,0,1
okupacija,0,0,0,0,0,0,1,0,0,0
zauzeti,0,0,0,0,0,0,0,0,0,0
okupatora,0,0,0,0,0,0,0,0,0,0
zauzeti,0,0,0,0,0,0,1,0,0,0
zauzimajući,0,0,0,0,0,0,0,0,0,0
pojaviti se,0,0,0,0,0,0,0,0,0,0
pojava,0,0,0,0,0,0,0,0,0,0
ocean,0,0,0,0,0,0,0,0,0,0
oceanski,0,0,0,0,0,0,0,0,0,0
osmerokut,0,0,0,0,0,0,0,0,0,0
oktava,0,0,0,0,0,0,0,0,0,0
hobotnica,0,0,1,0,0,0,0,0,0,0
očni,0,0,0,0,0,0,0,0,0,0
neobičnost,0,0,1,0,0,1,0,1,1,0
izgledi,0,0,0,0,0,0,0,0,0,0
oda,0,0,0,0,0,0,0,0,0,0
odvratan,1,0,1,1,0,1,0,0,0,0
brojač kilometara,0,0,0,0,0,0,0,0,0,0
miris,0,0,0,0,0,1,0,0,0,0
estrogena,0,0,0,0,0,0,0,0,0,0
opus,0,0,0,0,0,0,0,0,0,0
iznutrice,0,0,0,0,0,0,0,0,0,0
uvrijediti,1,0,1,0,0,1,0,0,0,0
uvrijeđen,1,0,0,0,0,1,0,1,0,0
prijestupnik,1,0,1,1,0,1,0,1,0,0
prekršaj,1,0,1,1,0,1,0,1,0,0
uvredljiv,1,0,1,0,0,1,0,0,0,0
ponuda,0,0,0,0,0,0,1,0,0,0
ponudio,0,0,0,0,0,0,0,0,0,0
ponuda,0,0,0,0,0,0,0,0,0,1
na brzinu,0,0,0,0,0,1,0,0,0,0
ured,0,0,0,0,0,0,0,0,0,0
časnik,0,0,0,0,0,0,1,0,0,1
uredima,0,0,0,0,0,0,0,0,0,0
službeno,0,0,0,0,0,0,0,0,0,1
služiti službu,0,0,0,0,0,0,0,0,0,0
pučina,0,0,0,0,0,1,0,0,0,0
rasteretiti,0,0,0,0,0,0,0,0,0,0
pomaknuti,0,1,0,0,0,0,1,0,0,0
ogranak,0,0,0,0,0,0,1,0,0,0
ofsajd,0,0,0,0,0,0,0,0,0,0
često,0,0,0,0,0,0,0,0,0,0
često,0,0,0,0,0,0,0,0,0,0
ogrezlo,0,0,1,1,0,1,0,0,0,0
ulje,0,0,0,0,0,0,0,0,0,0
ulja,0,0,0,0,0,0,0,0,0,0
mast,0,0,0,0,0,0,0,0,0,0
mirisni,0,1,0,0,0,1,0,0,0,0
oligarhija,0,0,0,0,0,1,0,0,0,0
maslina,0,0,0,0,0,0,0,0,0,0
omega,0,0,0,0,0,0,0,0,0,0
omlet,0,0,0,0,0,0,0,0,0,0
znak,0,1,0,1,0,1,0,0,0,0
zlokoban,0,1,0,1,0,1,0,0,0,0
propust,0,0,0,0,0,0,0,0,0,0
izostaviti,0,0,0,0,0,1,0,0,0,0
izostavljeno,0,0,0,0,0,0,0,0,0,0
omnibus,0,0,0,0,0,0,0,0,0,0
svemoć,0,0,0,1,0,1,1,0,0,0
svemoguć,0,0,0,0,0,0,0,0,0,0
sveprisutan,0,0,0,0,0,0,0,0,0,0
sveznajući,0,0,0,0,0,0,1,0,0,1
onkolog,0,0,0,0,0,0,0,0,0,0
jedinstvo,0,0,0,0,0,0,0,0,0,0
tegoban,1,0,0,0,0,1,0,1,0,0
sebe,0,0,0,0,0,0,0,0,0,0
u tijeku,0,1,0,0,0,0,0,0,0,0
luk,0,0,0,0,0,0,0,0,0,0
početak,0,1,0,0,0,0,0,0,0,0
nasrtaj,0,0,0,0,0,0,0,0,0,0
ontologija,0,0,0,0,0,0,0,0,0,0
teret,0,0,0,0,0,1,0,0,0,0
naprijed,0,0,0,0,0,0,0,0,0,0
oniks,0,0,0,0,0,0,0,0,0,0
mulj,0,0,1,0,0,1,0,0,0,0
curenje,0,0,0,0,0,0,0,0,0,0
neprozirnost,0,0,0,0,0,0,0,0,0,0
opal,0,0,0,0,0,0,0,0,0,0
neproziran,0,0,0,0,0,1,0,0,0,0
ope,0,0,0,0,0,0,0,0,0,0
otvorena,0,0,0,0,0,0,0,0,0,0
otvarač,0,0,0,0,0,0,0,0,0,0
otvor,0,0,0,0,0,0,0,0,0,0
otvoreno,0,0,0,0,0,0,0,0,0,0
otvorenost,0,0,0,0,0,0,1,0,0,0
opera,1,1,0,1,1,0,1,1,1,1
operni,0,0,0,0,0,1,0,0,0,0
operacija,0,0,0,1,0,0,0,0,0,1
operacije,0,0,0,0,0,0,0,0,0,0
operativni,0,0,0,0,0,0,0,0,0,0
operater,0,0,0,0,0,0,0,0,0,0
oftalmološki,0,0,0,0,0,0,0,0,0,0
oftalmolog,0,0,0,0,0,0,0,0,0,0
opijat,0,0,0,0,0,1,0,0,0,0
mišljenje,0,0,0,0,0,0,0,0,0,0
samouvjeren,1,0,0,0,0,1,0,0,0,0
opijum,1,0,1,1,0,1,0,1,0,0
protivnik,1,1,1,1,0,1,0,0,0,0
prigodan,0,0,0,0,1,0,1,0,0,0
oportunizam,0,0,0,0,0,0,0,0,0,0
prilika,0,1,0,0,0,0,1,0,0,0
suprotstaviti se,0,0,0,0,0,1,0,0,0,0
usprotivio se,1,0,0,1,0,1,0,0,0,0
suprotstavljajući se,0,0,0,0,0,0,0,0,0,0
suprotan,0,0,0,0,0,0,0,0,0,0
suprotnosti,0,0,0,0,0,0,0,0,0,0
protivljenje,1,0,0,0,0,1,0,0,0,0
tlačiti,1,0,1,1,0,1,0,1,0,0
ugnjetavanje,1,0,1,1,0,1,0,1,0,0
ugnjetavački,1,0,1,1,0,1,0,1,0,0
tlačitelj,1,0,0,1,0,1,0,1,0,0
optički,0,0,0,0,0,0,0,0,0,0
optički,0,0,0,0,0,0,0,0,0,0
optika,0,0,0,0,0,0,0,0,0,0
optimizam,0,1,0,0,1,0,1,0,1,1
optimista,0,0,0,0,0,0,1,0,0,1
opcija,0,0,0,0,0,0,1,0,0,0
neobavezan,0,0,0,0,0,0,1,0,0,0
izborno,0,0,0,0,0,0,0,0,0,0
opcije,0,0,0,0,0,0,0,0,0,0
optometrista,0,0,0,0,0,0,0,0,0,0
bogatstvo,0,0,0,0,0,0,0,0,0,0
raskošan,0,0,0,0,0,0,0,0,0,0
opus,0,0,0,0,0,0,0,0,0,0
proročište,0,1,0,0,0,0,1,0,0,1
oralni,0,0,0,0,0,0,0,0,0,0
naranča,0,0,0,0,0,0,0,0,0,0
govor,0,0,0,0,0,0,1,0,0,0
govornik,0,0,0,0,0,0,0,0,0,0
govorništvo,0,0,0,0,0,0,0,0,0,0
kugla,0,0,0,0,0,0,0,0,0,0
orbita,0,0,0,0,0,0,0,0,0,0
kružeći,0,0,0,0,0,0,0,0,0,0
kugle,0,0,0,0,0,0,0,0,0,0
orc,1,0,1,1,0,1,0,0,0,0
voćnjak,0,0,0,0,0,0,0,0,0,0
orkestar,1,0,0,0,1,0,1,1,0,1
zaređeni,0,0,0,0,0,0,1,0,0,1
kušnja,1,0,0,0,0,1,0,0,1,0
narudžba,0,0,0,0,0,0,0,0,0,0
uredno,0,0,0,0,0,0,1,0,0,0
pravilnik,0,0,0,0,0,0,0,0,0,1
obični,0,0,0,0,0,0,0,0,0,0
ređenje,0,1,0,0,1,0,1,0,0,1
ubojno oružje,0,0,0,1,0,1,0,0,0,0
rudača,0,0,0,0,0,0,0,0,0,0
origano,0,0,0,0,0,0,0,0,0,0
orgulje,0,1,0,0,1,0,0,0,0,0
organski,0,0,0,0,0,0,1,0,0,0
organizam,0,0,0,0,0,0,0,0,0,0
orguljaš,0,0,0,0,0,0,0,0,0,0
organizacija,0,1,0,0,1,0,1,0,1,1
organizirati,0,0,0,0,0,0,1,0,0,0
organiziran,0,0,0,0,0,0,1,0,0,0
orgazam,0,1,0,0,1,0,1,0,0,0
orgije,0,0,0,0,0,0,0,0,0,0
orijentirati,0,0,0,0,0,0,0,0,0,0
orijentalni,0,0,0,0,0,0,0,0,0,0
orijentacija,0,0,0,0,0,0,0,0,0,0
otvor,0,0,0,0,0,0,0,0,0,0
podrijetlo,0,0,0,0,0,0,0,0,0,0
originalnost,0,0,0,0,0,0,1,0,1,0
potjecati,0,0,0,0,0,0,0,0,0,0
nastanak,0,0,0,0,0,0,0,0,0,0
začetnik,0,0,0,0,0,0,0,0,0,0
ornament,0,0,0,0,0,0,0,0,0,0
ukrasni,0,0,0,0,0,0,0,0,0,0
ukrašavanje,0,0,0,0,0,0,0,0,0,0
ornamentiran,0,0,0,0,0,0,1,0,0,0
kićen,0,0,0,0,0,0,1,0,0,0
siroče,0,0,0,1,0,1,0,1,0,0
pravoslavni,0,0,0,0,0,0,0,0,0,0
pravoslavlje,0,0,0,0,0,0,0,0,0,1
ortogonalni,0,0,0,0,0,0,0,0,0,0
oscilirati,0,0,0,0,0,0,0,0,0,0
oscilirajući,0,0,0,0,0,0,0,0,0,0
oscilacija,0,0,0,0,0,0,0,0,0,0
oscilatorni,0,0,0,0,0,0,0,0,0,0
tobožnja,0,0,0,0,0,0,0,0,0,0
tobože,0,0,0,0,0,1,0,0,0,0
noj,0,0,0,0,0,0,0,0,0,0
otto,0,0,0,0,0,0,0,0,0,0
otoman,0,0,0,0,0,0,0,0,0,0
unca,0,0,0,0,0,0,0,0,0,0
istisnuti,1,0,0,0,0,1,0,1,0,0
izbijanje epidemije,0,0,0,0,0,0,0,0,0,0
ispad,1,0,0,1,1,1,1,1,1,0
izopćenik,0,0,1,1,0,1,0,1,0,0
ishod,0,0,0,0,0,0,1,0,0,0
negodovanje,1,0,0,1,0,1,0,0,1,0
nadmašiti,0,1,0,0,0,0,1,0,0,0
vanjski,0,0,0,0,0,0,0,0,0,0
opremiti,0,0,0,0,0,0,0,0,0,0
prerasti,0,0,0,0,0,0,0,0,0,0
izdanak,0,0,0,0,0,0,0,0,0,0
vanjska zgrada,0,0,1,0,0,1,0,0,0,0
izlet,0,0,0,0,0,0,0,0,0,0
neobičan,0,0,0,0,0,1,0,0,0,0
nadživjeti,0,0,0,0,0,0,0,0,0,0
odmetnik,0,0,0,0,0,1,0,0,0,0
utičnica,0,0,0,0,0,0,0,0,0,0
obris,0,0,0,0,0,0,0,0,0,0
obrisi,0,0,0,0,0,0,0,0,0,0
izgledi,0,0,0,0,0,0,0,0,0,0
udaljeni,0,0,0,0,0,0,0,0,0,0
brojčano nadmašiti,0,0,0,0,0,0,0,0,0,0
predstraža,0,0,0,1,0,0,0,0,0,0
izlijevanje,0,0,0,0,0,0,0,0,0,0
izlaz,0,0,0,0,0,0,0,0,0,0
bijes,1,0,1,0,0,1,0,0,0,0
pretjeran,0,0,0,0,0,0,0,0,1,0
izravno,0,0,0,0,0,0,0,0,0,0
nadmašiti,0,0,0,0,0,0,0,0,0,0
početak,0,0,0,0,0,0,0,0,0,0
autsajder,0,0,0,1,0,0,0,0,0,0
periferija,0,0,0,0,0,0,0,0,0,0
otvoren,0,0,0,0,0,0,0,0,0,0
izvanredan,0,0,0,0,1,1,1,0,0,0
ispružen,0,0,0,0,0,0,0,0,0,0
prema van,0,0,0,0,0,0,1,0,0,0
van,0,0,0,0,0,0,0,0,0,0
prevagnuti,0,0,0,0,0,0,0,0,0,0
ovalan,0,0,0,0,0,0,0,0,0,0
jajnik,0,0,0,0,0,0,0,0,0,0
jajolik,0,0,0,0,0,0,0,0,0,0
ovacije,0,0,0,0,0,1,0,1,0,0
pećnica,0,0,0,0,0,0,0,0,0,0
kombinezoni,0,0,0,0,0,0,0,0,0,0
ohol,1,0,0,0,0,1,0,0,0,0
preopteretiti,0,0,0,0,0,1,0,0,0,0
oblačan,0,0,0,0,0,1,0,0,0,0
prenaplaćen,0,0,0,0,0,0,0,0,0,0
gornji kaput,0,0,0,0,0,0,0,0,0,0
pretjerati,0,0,0,0,0,1,0,0,0,0
predozirati,0,0,0,0,0,1,0,0,0,0
zakašnjeli,0,1,0,0,0,1,0,1,1,0
precijeniti,0,0,0,0,0,0,0,0,1,0
precijenjen,0,0,0,0,0,1,0,0,0,0
prelijevanje,0,0,0,0,0,1,0,0,0,0
prelijevajući se,0,0,0,0,0,0,0,0,0,0
obrastao,0,0,0,0,0,1,0,0,0,0
obraslost,0,0,0,0,0,0,0,0,0,0
nadvisujući,0,0,0,0,0,0,0,0,0,0
remont,0,0,0,0,0,0,0,0,0,0
iznad glave,0,0,0,0,0,0,0,0,0,0
presretan,0,0,0,0,1,0,1,0,0,0
prekriveno,0,0,0,0,0,0,0,0,0,0
preklapanje,0,0,0,0,0,0,0,0,0,0
preklapanje,0,0,0,0,0,0,0,0,0,0
preopterećenje,0,0,0,0,0,1,0,1,0,0
prekrivajući,0,0,0,0,0,0,0,0,0,0
preplaćen,0,0,0,0,0,1,0,0,0,0
nadvožnjak,0,0,0,0,0,0,0,0,0,0
nadjačati,0,0,0,0,0,1,0,0,0,0
neodoljiv,1,0,0,1,0,1,0,0,0,0
precijenjen,1,0,1,0,0,1,0,1,0,0
nadjačati,0,0,0,0,0,0,0,0,0,0
nadglasati,0,0,0,0,0,0,0,0,0,0
nadglednik,0,0,0,0,0,0,0,0,0,0
zasjeniti,0,0,0,0,0,0,0,0,0,0
nadzor,0,0,0,0,0,1,0,0,0,0
pretjerivati,0,0,0,0,0,0,0,0,0,0
višak zaliha,0,0,0,0,0,0,0,0,0,0
otvoren,0,0,0,1,0,0,0,0,0,0
prestići,0,0,0,0,0,0,0,0,0,0
prestignuti,0,0,0,0,0,0,0,0,0,0
svrgnuti,0,1,0,1,0,1,0,0,0,0
uvertira,0,1,0,0,0,0,0,0,0,0
prevrnuti,0,0,0,0,0,1,0,0,0,0
zasuti,0,0,0,0,0,1,0,0,0,0
preplavljeni,0,0,0,0,0,1,0,1,0,0
porazan,0,0,0,0,0,0,1,0,0,0
prerevnostan,0,0,0,0,0,0,0,0,0,0
dugovati,0,0,0,0,0,0,0,0,0,0
dugujući,1,1,1,1,0,1,0,1,0,1
vlasnik,0,0,0,0,0,0,0,0,0,0
vlasništvo,0,0,0,0,0,0,1,0,0,0
vol,0,0,0,0,0,0,0,0,0,0
oksidacija,0,0,0,0,0,1,0,0,0,0
kisik,0,0,0,0,0,0,0,0,0,0
oksimoron,0,0,0,0,0,0,0,0,0,0
kamenica,0,0,0,0,0,0,0,0,0,0
tempo,0,0,0,0,0,0,0,0,0,0
pacifički,0,0,0,0,0,0,1,0,0,0
smiriti,0,0,0,0,0,0,0,0,0,0
paket,0,0,0,0,0,0,0,0,0,0
paket,0,0,0,0,0,0,0,0,0,0
paker,0,0,0,0,0,0,0,0,0,0
paket,0,0,0,0,0,0,0,0,0,0
pakt,0,0,0,0,0,0,0,0,0,1
jastučić,0,0,0,0,0,0,1,0,0,0
podstava,0,0,0,0,0,0,1,0,0,0
veslo,0,1,0,0,0,0,1,0,0,0
paddock,0,0,0,0,0,0,0,0,0,0
riža,0,0,0,0,0,0,0,0,0,0
lokot,0,0,0,0,0,0,0,0,0,0
padre,0,0,0,0,0,0,0,0,0,0
poganski,0,0,0,0,0,0,0,0,0,0
poganstvo,0,0,0,0,0,0,0,0,0,0
stranica,0,0,0,0,0,0,0,0,0,0
inscenacija,0,0,0,0,0,0,0,0,0,0
paginacija,0,0,0,0,0,0,0,0,0,0
pagoda,0,0,0,0,0,0,0,0,0,0
vedro,0,0,0,0,0,0,0,0,0,0
bol,0,0,0,1,0,1,0,1,0,0
bolan,0,0,0,1,0,1,0,1,0,0
bolan,1,0,1,1,0,1,0,1,0,0
bolno,0,0,0,0,0,1,0,1,0,0
bezbolan,0,0,0,0,0,0,0,0,0,0
bolovi,0,0,0,0,0,1,0,0,0,0
mukotrpno,0,0,0,0,0,0,0,0,0,0
boja,0,0,0,0,0,0,0,0,0,0
naslikao,0,0,0,0,0,0,0,0,0,0
slikar,0,0,0,0,0,0,0,0,0,0
slika,0,0,0,0,0,0,0,0,0,0
par,0,0,0,0,0,0,0,0,0,0
pidžama,0,0,0,0,0,0,0,0,0,0
prijatelju,0,0,0,0,0,0,0,0,0,0
palača,0,0,0,0,0,0,0,0,0,0
ukusan,0,0,0,0,0,0,1,0,0,0
nepce,0,0,0,0,0,0,0,0,0,0
paleontologija,0,0,0,0,0,0,0,0,0,0
paleta,0,0,0,0,0,0,0,0,0,0
pall,0,0,0,0,0,0,0,0,0,0
paladij,0,0,0,0,0,0,0,0,0,0
paleta,0,0,0,0,0,0,0,0,0,0
palijativno,0,0,0,0,0,0,1,0,0,0
dlan,0,0,0,0,0,0,0,0,0,0
palmer,0,0,0,0,0,0,0,0,0,0
opipljiv,0,0,0,0,0,0,0,0,1,0
paraliza,0,0,1,1,0,1,0,1,0,0
neznatan,0,0,0,0,0,0,0,0,0,0
razmaziti,0,0,0,0,0,0,0,0,0,0
pamflet,0,0,0,0,0,0,0,0,0,0
tava,0,0,0,0,0,0,0,0,0,0
panaceja,0,0,0,0,0,0,1,0,0,0
perjanica,0,0,0,0,0,0,1,0,0,0
palačinka,0,0,0,0,0,0,0,0,0,0
pandemija,0,0,0,1,0,1,0,1,0,0
ploča,0,0,0,0,0,0,0,0,0,0
bol,0,0,0,0,0,1,0,0,1,0
panika,0,0,0,1,0,1,0,0,0,0
panijer,0,0,0,0,0,0,1,0,0,0
panorama,0,0,0,0,0,0,0,0,0,0
panoramski,0,0,0,0,0,0,0,0,0,0
brektati,0,0,0,0,0,0,0,0,0,0
Panteon,0,0,0,0,0,0,0,0,0,0
pantera,0,0,0,0,0,0,0,0,0,0
gaćice,0,0,0,0,0,0,0,0,0,0
pantomima,0,0,0,0,0,0,0,0,0,0
ostava,0,0,0,0,0,0,0,0,0,0
hlače,0,0,0,0,0,0,0,0,0,0
papa,0,0,0,0,0,0,0,0,0,0
papinstvo,0,0,0,0,0,0,0,0,0,0
papinski,0,0,0,0,0,0,0,0,0,0
papir,0,0,0,0,0,0,0,0,0,0
paprika,0,0,0,0,0,0,1,0,0,0
papirus,0,0,0,0,0,0,0,0,0,0
par,0,0,0,0,0,0,0,0,0,0
parabola,0,0,0,0,0,0,0,0,0,0
parabola,0,0,0,0,0,0,0,0,0,0
parabolični,0,0,0,0,0,0,0,0,0,0
padobran,0,0,0,1,0,0,0,0,0,0
parada,0,1,0,1,1,1,1,0,1,0
paradigma,0,0,0,0,0,0,0,0,0,0
paradoks,0,0,0,0,0,0,0,0,0,0
paradoksalan,0,0,0,0,0,0,0,0,0,0
parafin,0,0,0,0,0,0,0,0,0,0
uzor,0,1,0,0,1,0,1,0,0,1
paragraf,0,0,0,0,0,0,0,0,0,0
paralaksa,0,0,0,0,0,0,0,0,0,0
paralelno,0,0,0,0,0,0,0,0,0,0
paralelizam,0,0,0,0,0,0,0,0,0,0
paraliza,1,1,0,1,0,1,0,1,0,0
najvažniji,0,0,0,0,0,0,1,0,0,0
paranoja,0,0,0,1,0,1,0,0,0,0
parapet,0,0,0,0,0,0,0,0,0,0
rekviziti,0,0,0,0,0,0,0,0,0,0
parafraza,0,0,0,0,0,1,1,0,0,0
parazit,0,0,1,1,0,1,0,0,0,0
suncobran,0,0,0,0,0,0,0,0,0,0
parcela,0,0,0,0,0,0,0,0,0,0
parcele,0,0,0,0,0,0,0,0,0,0
pergament,0,0,0,0,0,0,0,0,0,0
oprostiti,0,0,0,0,0,0,1,0,0,0
oljuštiti,1,1,0,1,0,1,0,1,0,0
parenhim,0,0,0,0,0,0,0,0,0,0
roditelj,0,0,0,0,0,0,0,0,0,0
podrijetlo,0,0,0,0,0,0,1,0,0,0
roditeljski,0,0,0,0,0,0,0,0,0,0
zagrada,0,0,0,0,0,0,0,0,0,0
zagrada,0,0,0,0,0,0,0,0,0,0
parijetalni,0,0,0,0,0,0,1,0,0,1
paranje,0,0,0,0,0,0,0,0,0,0
župa,0,0,0,0,0,0,0,0,0,1
paritet,0,0,0,0,0,0,0,0,0,0
park,0,0,0,0,0,0,0,0,0,0
način govora,0,0,0,0,0,0,0,0,0,0
parlament,0,0,0,0,0,0,0,0,0,1
parlamentarni,0,0,0,0,0,0,0,0,0,0
salon,0,0,0,0,0,0,0,0,0,0
uvjetni otpust,0,1,0,0,0,0,0,0,0,0
parket,0,0,0,0,0,0,0,0,0,0
papiga,0,0,1,0,0,1,0,0,0,0
parirati,0,0,0,0,0,0,0,0,0,0
raščlaniti,0,0,0,0,0,0,0,0,0,0
štedljiv,0,0,0,0,0,1,0,0,0,0
škrtost,0,0,0,0,0,0,0,0,0,0
peršin,0,0,0,0,0,0,0,0,0,0
župnik,0,0,0,0,0,0,0,0,0,0
dio,0,0,0,0,0,0,0,0,0,0
sudjelovati,0,0,0,0,0,0,1,0,0,1
pristranost,0,0,0,0,0,0,0,0,0,0
djelomično,0,0,0,0,0,0,0,0,0,0
sudjelovati,0,0,0,0,0,0,0,0,0,0
sudjelovanje,0,0,0,0,0,0,1,0,0,0
čestica,0,0,0,0,0,0,0,0,0,0
posebnost,0,0,0,0,0,0,0,0,0,0
pojedinosti,0,0,0,0,0,0,0,0,0,0
rastanak,0,0,0,0,0,0,0,1,0,0
partizanski,0,0,0,0,0,1,0,0,0,0
partizanstvo,0,0,0,0,0,0,0,0,0,0
pregrada,0,0,0,0,0,0,0,0,0,0
djelomično,0,0,0,0,0,0,0,0,0,0
partner,0,0,0,0,0,0,1,0,0,0
partnerstvo,0,0,0,0,0,0,1,0,0,1
dijelovi,0,0,0,0,0,0,0,0,0,0
Zabava,0,0,0,0,0,0,0,0,0,0
pas,0,0,0,0,0,0,0,0,0,0
proći,0,0,0,0,0,0,0,0,0,0
prolazan,0,0,0,0,0,0,0,0,0,0
prolaz,0,0,0,0,0,0,0,0,0,0
prolaz,0,0,0,0,0,0,0,0,0,0
proći,0,0,0,0,0,1,0,0,0,0
putnik,0,1,0,0,0,0,0,0,0,0
passim,0,0,0,0,0,0,0,0,0,0
pretjecanje,0,0,0,0,0,0,0,0,0,0
strast,0,1,0,0,1,0,1,0,0,1
strastvena,0,1,0,0,1,0,1,0,0,1
pasivno,0,0,0,0,0,1,0,0,0,0
pasivnost,0,0,0,0,0,1,0,0,0,0
putovnica,0,0,0,0,0,0,0,0,0,0
prošlost,0,0,0,0,0,0,0,0,0,0
zalijepiti,0,0,0,0,0,0,0,0,0,0
pastel,0,0,0,0,0,0,0,0,0,0
razonoda,0,0,0,0,0,0,1,0,0,0
pastor,0,0,0,0,1,0,1,0,0,1
tijesto,0,0,0,0,1,0,1,0,0,0
pašnjak,0,0,0,0,0,0,1,0,0,0
pastozan,0,0,0,0,0,0,0,0,0,0
pogladiti,0,0,0,0,0,0,0,0,0,0
zakrpa,0,0,0,0,0,1,0,0,0,0
patchwork,0,0,0,0,0,0,0,0,0,0
pašteta,0,0,0,0,0,0,0,0,0,0
čašica,0,0,0,0,0,0,0,0,0,0
patent,0,0,0,0,0,0,1,0,0,0
očinski,0,0,0,0,0,0,0,0,0,0
očinstvo,0,0,0,0,0,0,0,0,0,0
staza,0,0,0,0,0,0,0,0,0,0
patetičan,0,0,1,0,0,1,0,1,0,0
patologija,0,0,0,0,0,0,0,0,0,0
patos,0,0,0,0,0,0,0,0,0,0
put,0,0,0,0,0,0,0,0,0,0
strpljenje,0,1,0,0,0,0,1,0,0,1
pacijent,0,1,0,0,0,0,1,0,0,0
otvoreno dvorište,0,0,0,0,0,0,0,0,0,0
patrijarh,0,0,0,0,0,0,0,0,0,0
patrijarhalni,0,0,0,0,0,0,1,0,0,1
baština,0,0,0,0,0,0,0,0,0,0
patriota,0,0,0,0,0,0,0,0,0,0
patriotski,0,0,0,0,0,0,0,0,0,0
patriotizam,0,0,0,0,0,0,0,0,0,0
ophodnja,0,0,0,0,0,0,0,0,0,1
pokrovitelj,0,0,0,0,0,0,1,0,0,1
pokroviteljstvo,0,0,0,0,0,0,1,0,0,1
patronizirati,0,0,0,0,0,0,0,0,0,0
pokroviteljski,0,0,0,0,0,1,0,0,0,0
brbljati,1,0,0,0,0,1,0,0,0,0
uzorak,0,0,0,0,0,0,0,0,0,0
oskudica,1,0,1,0,0,1,0,1,0,0
siromah,0,0,0,0,0,1,0,1,0,0
pauza,0,0,0,0,0,0,0,0,0,0
popločiti,0,0,0,0,0,0,0,0,0,0
pločnik,0,0,0,0,0,0,0,0,0,1
paviljon,0,0,0,0,0,0,0,0,0,0
asfaltiranje,0,0,0,0,0,0,0,0,0,0
šapa,0,0,0,0,0,0,0,0,0,0
založiti,0,0,0,0,0,1,0,0,0,1
pax,0,0,0,0,0,0,0,0,0,0
platiti,0,1,0,0,1,0,1,0,0,1
osveta,1,0,0,0,0,1,0,0,0,0
platitelj,0,0,0,0,0,0,0,0,0,0
plaćanje,0,0,0,0,0,1,0,0,0,0
grašak,0,0,0,0,0,0,0,0,0,0
mir,0,1,0,0,1,0,1,0,0,1
miroljubiv,0,0,0,0,0,0,1,0,0,0
mirno,0,1,0,0,1,0,1,0,1,1
paun,0,0,0,0,0,0,1,0,0,0
vrh,0,0,0,0,0,0,0,0,0,0
vrhunac,0,0,0,0,0,0,0,0,0,0
biser,0,0,0,0,0,0,0,0,0,0
seljak,0,0,0,0,0,0,0,0,0,0
treset,0,0,0,0,0,0,0,0,0,0
kamenčić,0,0,0,0,0,0,0,0,0,0
poljubac,0,0,0,0,0,0,1,0,0,0
svojstven,0,0,0,0,0,0,0,0,0,0
osobitosti,0,0,0,0,0,1,0,0,0,0
osebujnost,0,0,0,0,0,0,1,0,0,0
osebujno,0,0,0,0,0,0,0,0,0,0
novčani,0,0,0,0,0,0,0,0,0,0
pedala,0,0,0,0,0,0,0,0,0,0
pedantan,0,0,0,0,0,0,0,0,0,0
torbariti,0,0,0,0,0,0,0,0,0,0
pijedestal,0,0,0,0,0,0,0,0,0,0
pješak,0,0,0,0,0,1,0,0,0,0
pedijatrije,0,0,0,0,0,0,0,0,0,0
pedigre,0,0,0,0,0,0,1,0,0,1
pedometar,0,0,0,0,0,0,0,0,0,0
guliti,0,0,0,0,0,0,0,0,0,0
proviriti,0,0,0,0,0,0,0,0,0,0
vršnjak,0,0,0,0,0,0,0,0,0,0
vireći,0,0,0,0,0,0,0,0,0,0
bez premca,0,0,0,0,0,0,1,0,0,0
klin,0,0,0,0,0,0,0,0,0,0
klinovi,0,0,0,0,0,0,0,0,0,0
pelagički,0,0,0,0,0,0,0,0,0,0
kuglica,0,0,0,0,0,0,0,0,0,0
olovka,0,0,0,0,0,0,0,0,0,0
kazneni,0,0,0,1,0,1,0,1,0,0
kazna,1,0,0,1,0,1,0,1,0,0
pokora,0,0,0,1,0,0,0,1,0,0
sklonost,0,0,0,0,0,0,1,0,0,0
olovka,0,0,0,0,0,0,0,0,0,0
privjesak,0,0,0,0,0,0,0,0,0,0
ovisnost,0,0,0,0,0,0,0,0,0,0
viseći,0,0,0,0,0,0,0,0,0,0
u tijeku,0,0,0,0,0,0,0,0,0,0
njihalo,0,0,0,0,0,0,0,0,0,0
prodrijeti,0,0,0,0,0,0,0,0,0,0
prodoran,0,0,0,0,0,0,0,0,0,0
prodiranje,1,0,0,1,0,1,0,0,0,0
poluotok,0,0,0,0,0,0,0,0,0,0
kaznionica,1,0,0,0,0,1,0,0,0,0
plamenac,0,0,0,0,0,0,0,0,0,0
bez novca,0,0,0,0,0,0,0,0,0,0
peni,0,0,0,0,0,0,0,0,0,0
mirovina,0,0,0,0,0,0,0,0,0,0
umirovljenik,0,0,0,0,0,0,0,0,0,0
zamišljena,0,0,0,0,0,0,0,1,0,0
peterokut,0,0,0,0,0,0,0,0,0,0
penthouse,0,0,0,0,0,0,0,0,0,0
pretposljednji,0,0,0,0,0,0,0,0,0,0
narod,0,0,0,0,0,0,0,0,0,0
napučen,0,0,0,0,0,0,0,0,0,0
papar,0,0,0,0,0,0,0,0,0,0
peptički,0,0,0,0,0,0,0,0,0,0
percipirati,0,0,0,0,0,0,1,0,0,1
postotak,0,0,0,0,0,0,0,0,0,0
zamjetan,0,0,0,0,0,0,1,0,0,0
percepcija,0,0,0,0,0,0,0,0,0,0
perceptivan,0,0,0,0,0,0,0,0,0,0
smuđ,0,0,0,0,0,0,0,0,0,0
možda,0,0,0,0,0,0,0,0,1,0
cijeđenje,0,0,0,0,0,0,0,0,0,0
udaraljke,0,0,0,0,0,0,0,0,0,0
propast,1,0,1,1,0,1,0,1,0,0
imperativni,0,0,0,0,0,0,0,0,0,0
trajnica,0,0,0,0,0,0,1,0,0,1
savršen,0,1,0,0,1,0,1,0,0,1
savršenstvo,0,1,0,0,1,0,1,0,1,1
perforiran,0,0,0,0,0,0,0,0,0,0
perforacija,0,0,0,0,0,0,0,0,0,0
silom,0,0,0,0,0,0,0,0,0,0
izvoditi,0,0,0,0,0,0,0,0,0,0
izvođenje,0,0,0,0,0,0,0,0,0,0
izvođač,0,0,0,0,0,0,1,0,0,0
parfem,0,0,0,0,0,0,0,0,0,0
naparfumiran,0,0,0,0,0,0,0,0,0,0
periferija,0,0,0,0,0,0,0,0,1,0
peridot,0,0,0,0,0,0,0,0,0,0
opasnost,0,1,0,1,0,1,0,1,0,0
opasan,0,1,0,1,0,1,0,1,0,0
perimetar,0,0,0,0,0,0,0,0,0,0
razdoblje,0,0,0,0,0,0,0,0,0,0
periodički,0,0,0,0,0,0,0,0,0,0
časopis,0,0,0,0,0,0,0,0,0,0
povremeno,0,0,0,0,0,0,0,0,0,0
periodičnost,0,0,0,0,0,0,0,0,0,1
periferija,0,0,0,0,0,0,0,0,0,0
poginuti,0,0,0,1,0,1,0,1,0,0
kvarljiv,0,0,0,0,0,1,0,0,0,0
stradao,0,0,0,0,0,1,0,1,0,0
propadajući,0,0,0,1,0,1,0,1,0,0
krivokletstvo,0,0,0,1,0,1,0,0,1,0
povlastica,0,0,0,0,0,0,1,0,0,0
postojanost,0,0,0,0,0,0,0,0,0,0
propusna,0,0,0,0,0,0,0,0,0,0
prodrijeti,0,0,0,0,0,0,0,0,0,0
prožimanje,0,0,0,0,0,0,0,0,0,0
dopušteno,0,0,0,0,0,0,0,0,0,0
dozvola,0,0,0,0,0,0,1,0,0,0
popustljiv,0,0,0,0,0,0,0,0,0,0
dozvola,0,0,0,0,0,0,0,0,0,0
dopuštena,0,0,0,0,0,0,0,0,0,0
dopuštajući,0,0,0,0,0,0,0,0,0,0
permutacija,0,0,0,0,0,0,0,0,0,0
opasan,1,0,0,1,0,1,0,1,0,0
okomito,0,0,0,0,0,0,0,0,0,0
počiniti,0,0,0,0,0,0,0,0,0,0
počinitelj,1,0,1,1,0,1,0,1,0,0
vječni,0,0,0,0,0,0,0,0,0,0
trajno,0,0,0,0,0,0,0,0,0,0
ovjekovječiti,0,1,0,0,0,0,0,0,0,0
ovjekovječenje,0,0,0,0,0,1,0,0,0,0
vječnost,0,1,0,0,0,0,1,0,0,1
kompliciran,0,0,0,0,0,1,0,0,0,0
zbunjujući,0,0,0,0,0,0,0,0,0,0
zbunjenost,0,0,0,0,0,1,0,1,0,0
progoniti,1,0,0,1,0,1,0,0,0,0
progon,1,0,1,1,0,1,0,1,0,0
ustrajnost,0,0,0,0,0,0,0,0,0,0
ustrajati,0,0,0,0,0,0,0,0,0,0
ustrajati,0,0,0,0,0,0,0,0,0,0
upornost,0,0,0,0,0,0,1,0,0,0
uporan,0,0,0,0,0,0,1,0,0,0
ustrajan,0,0,0,0,0,0,0,0,0,0
osoba,0,0,0,0,0,0,0,0,0,0
lijep,0,0,0,0,0,0,1,0,0,0
osoba,0,0,0,0,0,0,0,0,0,0
osobni,0,0,0,0,0,0,0,0,0,1
personifikacija,0,0,0,0,0,0,0,0,0,0
osoblje,0,0,0,0,0,0,0,0,0,0
osobe,0,0,0,0,0,0,0,0,0,0
perspektiva,0,0,0,0,0,0,0,0,0,0
znojenje,0,0,1,0,0,0,0,0,0,0
uvjeriti,0,0,0,0,0,0,0,0,0,1
uvjeravanje,0,0,0,0,0,0,0,0,0,0
uvjerljiv,0,0,0,0,0,0,0,0,0,0
otresit,0,0,0,0,0,0,0,0,0,0
"primjeran, vazan",0,0,0,0,0,0,1,0,0,1
uznemirenost,0,0,0,1,0,1,0,0,0,0
hripavac,0,0,0,0,0,1,0,0,0,0
čitanje,0,0,0,0,0,0,0,0,0,0
prostudirati,0,0,0,0,0,0,0,0,0,0
prožimajući,0,0,0,0,0,0,0,0,0,0
perverzan,1,0,1,1,0,1,0,0,0,0
izopačenost,1,0,1,0,0,1,0,1,0,0
razvratnik,1,0,1,0,0,1,0,0,0,0
izopačen,0,0,1,0,0,1,0,0,0,0
pesimizam,1,0,0,1,0,1,0,1,0,0
pesimista,0,0,0,1,0,1,0,1,0,0
štetočina,1,0,1,1,0,1,0,0,0,0
kuga,0,0,1,1,0,1,0,0,0,0
ljubimac,0,0,0,0,0,1,0,0,0,0
peticija,0,0,0,0,0,0,0,0,0,0
molitelj,0,0,0,0,0,0,0,0,0,0
benzin,0,0,0,0,0,0,0,0,0,0
nafta,0,0,1,0,0,1,1,0,0,0
maženje,0,0,0,0,0,0,0,0,0,0
sitna,0,0,0,0,0,1,0,0,0,0
klupa,0,0,0,0,0,0,0,0,0,0
kositar,0,0,0,0,0,0,0,0,0,0
falanga,0,0,0,1,0,0,0,0,0,1
fantom,0,0,0,1,0,1,0,0,0,0
farmaceutski,0,0,0,0,0,0,1,0,0,0
farmaceut,0,0,0,0,0,0,0,0,0,0
farmakologija,0,0,0,0,0,0,0,0,0,0
ljekarna,0,0,0,0,0,0,0,0,0,0
faza,0,0,0,0,0,0,0,0,0,0
fenomen,0,0,0,0,0,0,0,0,0,0
filantropski,0,0,0,0,0,0,0,0,0,1
filantrop,0,0,0,0,0,0,1,0,0,1
filantropija,0,0,0,0,0,0,1,0,0,0
filozof,0,0,0,0,0,0,1,0,0,1
filozofski,0,0,0,0,0,0,0,0,0,0
filozofski,0,0,0,0,0,0,0,0,0,0
filozofija,0,0,0,0,0,0,0,0,0,0
flegma,0,0,1,0,0,1,0,0,0,0
Feniks,0,0,0,0,0,0,1,0,0,0
telefon,0,0,0,0,0,0,0,0,0,0
fonetski,0,0,0,0,0,0,1,0,0,0
fonetika,0,0,0,0,0,0,0,0,0,0
fonacija,0,0,0,0,0,0,0,0,0,0
fonograf,0,0,0,0,0,0,0,0,0,0
fonologija,0,0,0,0,0,0,0,0,0,0
lažan,1,0,1,0,0,1,0,0,0,0
fosfor,0,0,0,0,0,0,0,0,0,0
fosfor,0,0,0,0,0,0,0,0,0,0
fotografija,0,0,0,0,0,0,0,0,0,0
fotogeničan,0,0,0,0,0,0,0,0,0,0
fotografirati,0,0,0,0,0,0,0,0,0,0
fotograf,0,0,0,0,0,0,0,0,0,0
fotografija,0,0,0,0,0,0,0,0,0,0
fotometrija,0,0,0,0,0,0,0,0,0,0
izraz,0,0,0,0,0,0,0,0,0,0
frazeologija,0,0,0,0,0,0,0,0,0,0
filogenija,0,0,0,0,0,0,0,0,0,0
fizički,0,0,0,0,0,0,0,0,0,0
liječnik,0,0,0,0,0,0,1,0,0,1
fizičar,0,0,0,0,0,0,0,0,0,1
fizika,0,0,0,0,0,0,1,0,0,0
fiziologija,0,0,0,0,0,0,1,0,0,0
stas,0,0,0,0,0,0,1,0,0,0
pijanist,0,0,0,0,0,0,0,0,0,0
klavir,0,0,0,0,0,0,0,0,0,0
trg,0,0,0,0,0,0,0,0,0,0
pikolo,0,0,0,0,0,0,0,0,0,0
odabrati,0,0,0,0,0,0,1,0,0,0
ubran,0,0,0,0,0,0,0,0,0,0
kolac,1,1,0,1,0,1,0,0,0,0
piketanje,1,0,0,0,0,1,0,0,0,0
kiseli krastavac,0,0,0,0,0,1,0,0,0,0
pokupiti,0,0,0,0,0,0,0,0,0,0
piknik,0,1,0,0,1,0,1,0,1,1
slikovni,0,0,0,0,0,0,0,0,0,0
slika,0,0,0,0,0,0,0,0,0,0
slikovit,0,0,0,0,1,0,1,0,0,0
pita,0,0,0,0,0,0,0,0,0,0
po komadu,0,0,0,0,0,0,0,0,0,0
šaren,0,0,0,0,0,0,0,0,0,0
pristanište,0,0,0,0,0,0,0,0,0,0
probušiti,0,0,0,0,0,0,0,0,0,0
pobožnost,0,0,0,0,0,0,1,0,0,0
svinja,0,0,1,0,0,1,0,0,0,0
Golub,0,0,0,0,0,1,0,0,0,0
pigment,0,0,0,0,0,0,0,0,0,0
štuka,0,0,0,0,0,0,0,0,0,0
gomila,0,0,0,0,0,0,0,0,0,0
hrpe,0,0,1,0,0,1,0,0,0,0
hodočasnik,0,0,0,0,0,0,0,0,0,0
hodočašće,0,0,0,0,0,0,0,0,0,0
pilula,0,0,0,0,0,0,1,0,0,1
pljačka,1,0,1,1,0,1,0,0,0,0
stup,0,0,0,0,0,0,0,0,0,0
jastuk,0,0,0,0,0,0,1,0,0,0
jastučnica,0,0,0,0,0,0,0,0,0,0
pilot,0,0,0,0,0,0,1,0,0,1
svodnik,0,0,0,0,0,1,0,0,0,0
bubuljica,0,0,1,0,0,1,0,0,0,0
pribadača,0,0,0,0,0,0,0,0,0,0
prstohvat,0,0,0,0,0,0,0,0,0,0
štipanje,0,0,0,0,0,0,0,0,0,0
bor,0,0,0,0,0,1,0,1,0,0
ananas,0,0,0,0,0,0,0,0,0,0
ping,0,0,0,0,0,0,0,0,0,0
iglena rupica,0,0,0,0,0,0,0,0,0,0
zupčanik,0,0,0,1,0,1,0,0,0,0
ružičasta,0,0,0,0,0,0,0,0,0,0
vrhunac,0,0,0,0,0,0,1,0,0,0
pionir,0,0,0,0,0,0,1,0,0,0
pobožan,0,0,1,0,0,0,1,1,0,1
pip,0,0,0,0,0,0,0,0,0,0
cijev,0,0,0,0,0,0,0,0,0,0
cijevima,0,0,0,0,0,0,0,0,0,0
cjevovod,0,0,0,0,0,0,0,0,0,0
gajdaš,0,0,0,0,0,0,0,0,0,0
pipeta,0,0,0,0,0,0,0,0,0,0
uvrijeđenost,1,0,0,0,0,1,0,0,0,0
piratstvo,0,0,0,0,0,1,0,0,0,0
pirat,1,0,0,0,0,1,0,0,0,0
piscina,0,0,0,0,0,0,0,0,0,0
pištolj,0,0,0,0,0,1,0,0,0,0
klip,0,0,0,0,0,0,0,0,0,0
jama,0,0,0,0,0,0,0,0,0,0
nagib,0,0,0,0,0,0,0,0,0,0
bacač,0,0,0,0,0,0,0,0,0,0
zamka,1,0,1,1,0,1,0,1,1,0
suština,0,0,0,0,0,0,1,0,0,1
jezgrovit,0,0,0,0,0,0,0,0,0,0
bez koštice,0,0,0,0,0,0,0,0,0,0
šteta,0,0,0,0,0,0,0,1,0,0
stožer,0,0,0,0,0,0,1,0,0,1
pix,0,0,0,0,0,0,0,0,0,0
plakat,0,0,0,0,0,0,0,0,1,0
mjesto,0,0,0,0,0,0,0,0,0,0
placebo,0,0,0,0,0,0,0,0,0,0
miran,0,0,0,0,0,0,1,0,0,0
placket,0,0,0,0,0,0,0,0,0,0
plagijat,0,0,1,0,0,1,0,0,0,0
kuga,0,0,1,1,0,1,0,1,0,0
pokrivač,0,0,0,0,0,0,0,0,0,0
običan,0,0,0,0,0,0,0,0,0,0
tužitelj,0,0,0,0,0,1,0,0,0,0
žalobna,0,0,0,0,0,0,0,1,0,0
plan,0,1,0,0,0,0,0,0,0,0
avion,0,0,0,0,0,0,0,0,0,0
planeta,0,0,0,0,0,0,0,0,0,0
planetarij,0,0,0,0,0,0,0,0,0,0
planeti,0,0,0,0,0,0,0,0,0,0
daska,0,0,0,0,0,0,0,0,0,0
planirani,0,0,0,0,0,0,0,0,0,0
planiranje,0,1,0,0,0,0,1,0,0,1
biljka,0,0,0,0,0,0,0,0,0,0
plantaža,0,0,0,0,0,0,0,0,0,0
sadilica,0,0,0,0,0,0,0,0,0,0
sađenje,0,0,0,0,0,0,0,0,0,0
plazma,0,0,0,0,0,0,0,0,0,0
žbuka,0,0,0,0,0,0,0,0,0,0
plastični,0,0,0,0,0,0,0,0,0,0
plastičnost,0,0,0,0,0,0,0,0,0,0
plat,0,0,0,0,0,0,0,0,0,0
tanjur,0,0,0,0,0,0,0,0,0,0
plato,0,0,0,0,0,0,0,0,0,0
pozlaćen,0,0,0,0,0,1,0,0,0,0
platforma,0,0,0,0,0,0,0,0,0,0
pozlaćivanje,0,0,0,0,0,0,0,0,0,0
vod,0,0,0,0,0,0,0,0,0,0
pladanj,0,0,0,0,0,0,0,0,0,0
vjerodostojnost,0,0,0,0,0,0,0,0,0,0
igra,0,0,0,0,0,0,0,0,0,0
Playa,0,0,0,0,0,0,0,0,0,0
igrač,0,0,0,0,0,1,0,0,0,0
razigran,1,0,0,0,1,0,1,0,1,1
igralište,0,1,0,0,1,0,1,0,1,1
kazalište,0,0,0,0,1,0,1,0,0,0
saigrač,0,0,0,0,0,0,0,0,0,0
dramatičar,0,0,0,0,0,0,0,0,0,0
trg,0,0,0,0,0,0,0,0,0,0
molba,0,1,0,1,0,1,0,1,0,0
ugodan,0,1,0,0,1,0,1,0,1,1
zadovoljan,0,0,0,0,1,0,1,0,0,0
ugodan,0,0,0,0,1,0,1,0,0,0
naborati,0,0,0,0,0,0,0,0,0,0
nabrane,0,0,0,0,0,0,0,0,0,0
zalog,0,0,0,0,1,0,1,0,0,1
založeno,0,0,0,0,0,0,0,0,0,0
plenarno,0,0,0,0,0,0,1,0,0,0
obilan,0,0,0,0,0,0,1,0,0,0
dosta,0,0,0,0,0,0,0,0,0,0
plenum,0,0,0,0,0,0,0,0,0,0
pletora,0,0,0,0,0,0,0,0,0,0
pleksus,0,0,0,0,0,0,1,0,0,0
povodljiv,0,0,0,0,0,0,0,0,0,0
plikacija,0,0,0,0,0,0,0,0,0,0
kliješta,0,0,0,0,0,0,0,0,0,0
nevolja,0,1,1,1,0,1,0,1,0,0
postolje,0,0,0,0,0,0,0,0,0,0
uporan,0,0,0,0,0,1,0,0,0,0
zemljište,0,0,0,0,0,0,0,0,0,0
plug,0,0,0,0,0,0,0,0,0,0
izorano,0,0,0,0,0,0,0,0,0,0
plovak,0,0,0,0,0,0,0,0,0,0
plug,0,0,0,0,0,0,0,0,0,0
izorano,0,0,0,0,0,0,0,0,0,0
oranje,0,0,0,0,0,0,0,0,0,0
čupati,0,0,0,0,0,0,0,0,0,0
utikač,0,0,0,0,0,0,0,0,0,0
šljiva,0,0,0,0,0,0,1,0,0,0
perje,0,0,0,0,0,0,0,0,0,0
visak,0,0,0,0,0,0,1,0,0,0
perjanica,0,0,0,0,0,0,0,0,0,0
oboriti se,0,0,0,1,0,1,0,0,0,0
bucmast,0,1,0,0,0,0,0,0,0,0
punašniji,0,0,0,0,0,0,0,0,0,0
pljačkati,1,0,1,1,0,1,0,1,1,0
poniranje,0,0,0,1,0,1,0,0,0,0
plural,0,0,0,0,0,0,0,0,0,0
pluralnost,0,0,0,0,0,0,0,0,0,0
pliš,0,0,0,0,0,0,1,0,0,0
plutonij,0,0,0,0,0,0,0,0,0,0
prometovati,0,0,0,0,0,0,1,0,0,0
upala pluća,0,0,0,1,0,1,0,0,0,0
krivolov,1,0,1,1,0,1,0,1,0,0
džep,0,0,0,0,0,0,0,0,0,0
bilježnica,0,0,0,0,0,0,0,0,0,0
pod,0,0,0,0,0,0,0,0,0,0
pjesma,0,0,0,0,0,0,0,0,0,0
pjesnik,0,0,0,0,0,0,0,0,0,0
pjesnički,0,0,0,0,0,0,0,0,0,0
pjesnički,0,0,0,0,0,0,0,0,0,0
poetika,0,0,0,0,0,0,0,0,0,0
poezija,0,0,0,0,0,0,0,0,0,0
dirljiv,0,0,0,0,0,0,0,0,0,0
točka,0,0,0,0,0,0,0,0,0,0
naglašeno,0,0,0,0,0,0,1,0,0,0
pokazivač,0,0,0,0,0,0,0,0,0,0
besmislen,0,0,0,0,0,1,0,1,0,0
staloženost,0,0,0,0,0,0,0,0,0,0
Otrov,1,0,1,1,0,1,0,1,0,0
otrovana,1,0,1,1,0,1,0,1,0,0
trovanje,0,0,1,0,0,1,0,0,0,0
otrovan,1,0,1,1,0,1,0,1,0,0
bocnuti,0,1,0,0,0,1,0,0,0,0
poker,0,0,0,0,0,0,0,0,0,0
polarni,0,0,0,0,0,0,0,0,0,0
polaritet,0,0,0,0,0,0,0,0,1,0
pol,0,0,0,0,0,0,0,0,0,0
polemika,1,0,1,0,0,1,0,0,0,0
policija,0,0,0,1,0,0,1,0,0,1
policajac,0,0,0,1,0,0,1,0,0,1
politika,0,0,0,0,0,0,0,0,0,1
dječja paraliza,0,0,0,1,0,1,0,1,0,0
polirati,0,0,0,0,0,0,1,0,0,0
uglađen,0,0,0,0,0,0,1,0,0,0
pristojan,0,0,0,0,0,0,1,0,0,0
uljudnost,0,0,0,0,0,0,1,0,0,0
politika,0,0,1,0,0,0,1,0,0,0
političar,0,0,0,0,0,0,0,0,0,0
politika,1,0,0,0,0,0,0,0,0,0
državna uprava,0,0,0,0,0,0,0,0,0,0
anketa,0,0,0,0,0,0,0,0,0,1
onečišćuju,0,0,1,0,0,1,0,0,0,0
zagađenje,0,0,1,0,0,1,0,0,0,0
polo,0,0,0,0,0,0,0,0,0,0
poligamija,0,0,1,0,0,1,0,0,0,0
poligon,0,0,0,0,0,0,0,0,0,0
poligonalni,0,0,0,0,0,0,0,0,0,0
polimer,0,0,0,0,0,0,0,0,0,0
polimorfizam,0,0,0,0,0,0,0,0,0,0
pompoznost,0,0,0,0,0,1,0,0,0,0
pompozan,0,0,1,0,0,1,0,0,0,0
pončo,0,0,0,0,0,0,0,0,0,0
jezero,0,0,0,0,0,0,0,0,0,0
razmisliti,0,0,0,0,0,0,0,0,0,0
težak,0,0,0,0,0,1,0,0,0,0
pontifeks,0,0,0,0,0,0,0,0,0,1
pontifikat,0,0,0,0,0,0,0,0,0,0
ponton,0,0,0,0,0,0,0,0,0,0
poni,0,0,0,0,0,0,0,0,0,0
pudlica,0,0,0,0,0,0,0,0,0,0
bazen,0,0,0,0,0,0,1,0,0,0
krma,0,0,0,0,0,0,0,0,0,0
slabo,0,0,0,0,0,1,0,0,0,0
pop,0,0,0,0,0,1,0,0,1,0
papa,0,0,0,0,0,0,1,0,0,0
mak,0,0,0,0,0,0,0,0,0,0
popularan,0,0,0,0,0,0,0,0,0,0
popularnost,0,0,0,0,0,0,1,0,0,0
popularizirao,0,0,0,0,0,0,1,0,0,0
populacija,0,0,0,0,0,0,1,0,0,0
napučen,0,0,0,0,0,0,0,0,0,0
porculan,0,0,0,0,0,0,0,0,0,0
trijem,0,0,0,0,0,0,0,0,0,0
dikobraz,0,0,0,0,0,1,0,0,0,0
pora,0,0,0,0,0,0,0,0,0,0
svinjetina,0,0,0,0,0,0,0,0,0,0
pornografija,0,0,1,0,0,1,0,0,0,0
porno,0,0,0,0,0,1,0,0,0,0
pornografski,0,0,0,0,0,1,0,0,0,0
pornografija,0,0,1,0,0,1,0,0,0,0
poroznost,0,0,0,0,0,0,0,0,0,0
porozan,0,0,0,0,0,0,0,0,0,0
kaša,0,0,0,0,0,0,0,0,0,0
luka,0,0,0,0,0,0,0,0,0,0
prijenosni,0,0,0,0,0,0,1,0,0,0
portage,0,0,0,0,0,0,0,0,0,0
portal,0,0,0,0,0,0,0,0,0,0
nosač,0,0,0,0,0,0,0,0,0,0
portfelj,0,0,0,0,0,0,0,0,0,0
trijem,0,0,0,0,0,0,0,0,0,0
dio,0,0,0,0,0,0,0,0,0,0
portret,0,0,0,0,0,0,0,0,0,0
portretiranje,0,0,0,0,0,0,0,0,0,0
portretirati,0,0,0,0,0,0,0,0,0,0
poza,0,0,0,0,0,1,0,0,0,0
pozer,0,0,0,0,0,0,0,0,0,0
postavljeno,0,0,0,0,0,0,0,0,0,0
položaj,0,0,0,0,0,0,0,0,0,0
potjera,0,0,0,1,0,0,0,0,0,0
posjedovati,0,1,0,0,1,0,1,0,0,1
opsjednut,1,0,1,1,0,1,0,0,0,0
posjedujući,0,0,0,0,0,0,0,0,0,0
posjed,1,0,1,1,0,1,0,0,0,0
posjednik,0,0,0,0,0,0,0,0,0,0
mogućnost,0,1,0,0,0,0,0,0,0,0
možda,0,0,0,0,0,0,0,0,0,0
objaviti,0,0,0,0,0,0,0,0,0,0
poštanski,0,0,0,0,0,0,0,0,0,0
poster,0,0,0,0,0,0,0,0,0,0
stražnji,0,0,0,0,0,0,0,0,0,0
potomstvo,0,0,0,0,0,0,0,0,0,0
posmrtno,0,0,0,0,0,1,0,1,0,0
odgoditi,0,0,0,0,0,0,0,0,0,0
odgođeno,0,0,0,0,0,0,0,0,0,0
odgoda,0,0,0,0,0,1,0,0,1,0
poštapalica,0,0,0,0,0,0,0,0,0,0
postulat,0,0,0,0,0,0,0,0,0,0
držanje,0,0,0,0,0,0,0,0,0,0
lonac,0,0,0,0,0,0,0,0,0,0
pitka,0,0,0,0,0,0,1,0,0,0
potenciju,0,0,0,0,0,0,1,0,0,0
moćan,0,0,0,0,0,0,0,0,0,0
potencijal,0,0,0,0,0,0,0,0,0,0
napitak,0,0,0,0,0,0,0,0,0,0
potluck,0,0,0,0,0,0,0,0,0,0
potpuri,0,0,0,0,0,0,0,0,0,0
lončar,0,0,0,0,0,0,0,0,0,0
posuđe,0,0,0,0,0,0,0,0,0,0
vrećica,0,0,0,0,0,0,0,0,0,0
perad,0,0,0,0,0,0,0,0,0,0
funta,1,0,0,0,0,1,0,0,0,0
sipati,0,0,0,0,0,0,0,0,0,0
siromaštvo,1,0,1,1,0,1,0,1,0,0
pow,1,0,0,0,0,0,0,0,0,0
puder,0,0,0,0,0,0,0,0,0,0
u prahu,0,0,0,0,0,0,0,0,0,0
praškast,0,0,0,0,0,0,0,0,0,0
snažan,1,1,1,1,1,0,1,0,0,1
moćno,0,0,0,1,0,0,1,0,0,0
slab,1,0,1,1,0,1,0,1,0,0
boginje,0,0,0,0,0,0,0,0,0,0
izvedivo,0,0,0,0,0,0,0,0,0,0
praktični,0,0,0,0,0,0,0,0,0,0
praktički,0,0,0,0,0,0,0,0,0,0
praksa,0,0,0,0,0,0,1,0,0,0
uvježban,0,0,0,0,1,0,1,0,1,1
praksa,0,1,0,0,0,0,1,0,0,0
praktičar,0,0,0,0,0,0,0,0,0,0
prerija,0,0,0,0,0,0,0,0,0,0
hvaliti,0,0,0,0,1,0,1,0,0,1
hvaljen,0,0,0,0,1,0,1,0,0,0
hvalevrijedan,0,1,0,0,1,0,1,0,1,1
neslana šala,0,0,0,0,0,1,0,0,1,0
praksa,0,0,0,0,0,0,0,0,0,0
moliti,0,1,0,1,1,0,1,0,1,1
molitva,0,0,0,0,0,0,0,0,0,0
propovijedati,0,0,0,0,0,0,0,0,0,0
propovjednik,0,0,0,0,0,0,0,0,0,0
propovijedanje,0,0,0,0,0,0,0,0,0,0
preambula,0,0,0,0,0,0,0,0,0,0
prekaran,0,1,0,1,0,1,0,1,0,0
mjera opreza,0,0,0,0,0,0,1,0,0,0
preventivno,0,0,0,0,0,0,0,0,0,0
prethoditi,0,0,0,0,0,0,1,0,0,0
prednost,0,0,0,0,0,0,1,0,0,1
presedan,0,0,0,0,0,0,0,0,0,0
prethodni,0,0,0,0,0,0,0,0,0,0
propis,0,0,0,0,0,0,0,0,0,0
preceptor,0,0,0,0,0,0,0,0,0,0
precesija,0,0,0,0,0,0,0,0,0,0
predio,0,0,0,0,0,1,0,0,0,0
oblast,0,0,0,0,0,0,0,0,0,0
dragocjen,0,1,0,0,1,0,1,0,1,0
provalija,0,0,0,1,0,0,0,0,0,0
talog,0,0,0,0,0,0,0,0,0,0
taloženje,0,0,0,0,0,0,0,0,0,0
strmoglav,0,0,0,0,0,0,0,0,0,0
precizan,0,0,0,0,0,0,1,0,0,0
upravo,0,0,0,0,0,0,0,0,0,0
preciznost,0,0,0,0,0,0,1,0,0,0
isključiti,1,0,0,0,0,0,0,0,0,0
rani,0,0,0,0,0,0,0,0,0,0
prethodnik,0,1,0,0,0,0,0,0,0,0
predatorski,0,0,0,0,0,1,0,0,0,0
prethodnik,0,0,0,0,0,0,0,0,0,0
neprilika,0,0,0,1,0,1,0,0,0,0
predikat,0,0,0,0,0,0,0,0,0,0
predvidjeti,0,1,0,0,0,0,0,0,0,0
predviđanje,0,0,0,0,0,0,0,0,0,0
predviđanje,0,1,0,0,0,0,0,0,0,0
prediktivni,0,0,0,0,0,0,0,0,0,0
prediktor,0,0,0,0,0,0,0,0,0,0
sklonost,0,1,0,0,0,0,1,0,0,0
predisponirati,0,1,0,0,0,0,0,0,0,0
predisponiran,0,0,0,0,0,0,0,0,0,0
predispozicija,0,0,0,0,0,0,0,0,0,0
prevlast,0,0,0,0,0,0,0,0,0,0
prevladavajući,0,0,0,0,0,0,1,0,0,1
prevladavaju,0,0,0,0,0,0,0,0,0,0
nadmoćan,0,0,0,0,0,0,1,0,0,0
prednost,0,0,0,0,0,0,0,0,0,0
predgovor,0,0,0,0,0,0,0,0,0,0
župan,0,0,0,0,0,0,0,0,0,0
radije,0,0,0,0,0,0,1,0,0,1
prednost,0,0,0,0,0,0,0,0,0,0
povlašteni,0,0,0,0,0,0,0,0,0,0
prefiks,0,0,0,0,0,0,0,0,0,0
trudnoća,0,0,1,0,0,1,0,0,0,0
prapovijesni,0,0,0,0,0,0,0,0,0,0
predrasuda,1,0,0,0,0,1,0,0,0,0
predrasudama,0,0,1,1,0,1,0,0,0,0
predrasudan,1,0,0,0,0,1,0,0,0,0
preliminarni,0,1,0,0,0,0,0,0,0,0
uvod,0,0,0,0,0,0,0,0,0,0
preuranjen,0,0,0,0,0,0,0,0,1,0
preuranjeno,0,0,0,0,0,0,0,0,0,0
s predumišljajem,0,0,0,1,0,1,0,0,0,0
premijer,0,0,0,0,0,0,1,0,0,0
premisa,0,0,0,0,0,0,0,0,0,0
prostorijama,0,0,0,0,0,0,1,0,0,0
premija,0,0,0,0,0,0,0,0,0,0
preokupacija,0,0,0,0,0,0,0,0,0,0
zaokupljen,0,0,0,0,0,0,0,0,0,0
priprema,0,1,0,0,0,0,0,0,0,0
pripremni,0,1,0,0,0,0,0,0,0,0
pripremiti,0,1,0,0,0,0,1,0,0,0
pripremljeni,0,1,0,0,0,0,1,0,0,1
spremnost,0,1,0,0,0,0,0,0,0,0
pripremač,0,0,0,0,0,0,0,0,0,0
pripremajući se,0,0,0,0,0,0,0,0,0,0
prevaga,0,0,0,0,0,0,0,0,0,1
preduvjet,0,1,0,0,0,0,0,0,0,0
prerogativ,0,0,0,0,0,0,0,0,0,0
dalekovidan,0,1,0,0,0,0,1,0,0,0
propisano,0,0,0,0,0,0,0,0,0,0
recept,0,0,0,0,0,0,0,0,0,0
preskriptivan,0,0,0,0,0,0,0,0,0,0
prisutnost,0,0,0,0,0,0,1,0,0,0
predstaviti,0,1,0,0,1,0,1,0,1,1
naočit,0,0,0,0,0,0,1,0,0,0
prezentacija,0,0,0,0,0,0,0,0,0,0
predstavljanje,0,0,0,0,0,1,1,0,0,0
očuvanje,0,0,0,0,0,0,0,0,0,0
konzervans,0,1,0,0,1,0,1,0,1,1
sačuvati,0,0,0,0,0,0,1,0,0,0
sačuvana,0,0,0,0,0,0,0,0,0,0
očuvanje,0,0,0,0,0,0,0,0,0,0
predsjedavati,0,0,0,0,0,0,0,0,0,0
predsjedništvo,0,0,0,0,0,0,0,0,0,0
predsjednik,0,0,0,0,0,0,1,0,0,1
pritisnite,0,0,0,0,0,0,0,0,0,0
prešanje,0,0,0,0,0,0,0,0,0,0
pritisak,0,0,0,0,0,1,0,0,0,0
prestiž,0,0,0,0,1,0,1,0,0,1
prijesto,0,0,0,0,1,0,1,0,1,0
pretpostavka,0,0,0,0,0,0,0,0,0,1
pretpostavljeni,0,0,0,0,0,0,0,0,0,0
preuzetan,1,0,1,0,0,1,0,0,0,0
pretpostaviti,0,0,0,0,0,0,0,0,0,0
pretvarati se,0,0,0,0,0,1,0,0,0,0
pretvarao se,0,0,0,0,0,1,0,0,0,0
pretvarajući se,1,0,0,0,0,1,0,0,0,0
pretvaranje,0,0,0,0,0,1,0,0,0,0
pretenzije,0,0,0,0,0,1,0,0,0,0
izgovor,0,0,0,0,0,0,0,0,0,0
prilično,0,1,0,0,1,0,1,0,0,1
prevladati,0,1,0,0,1,0,1,0,0,0
prevladavajući,0,0,0,0,0,0,0,0,0,0
rasprostranjenost,0,0,0,0,0,0,0,0,0,0
prevladavajući,0,0,0,0,0,0,0,0,0,1
spriječiti,0,0,0,1,0,0,0,0,0,0
preventiva,0,0,0,0,0,0,0,0,0,0
prevencija,0,1,0,0,0,0,1,0,0,0
preventivno,0,0,0,0,0,1,0,0,0,0
prethodni,0,0,0,0,0,0,0,0,0,0
prethodno,0,0,0,0,0,0,0,0,0,0
plijen,0,0,0,1,0,1,0,0,0,0
cijena,0,0,0,0,0,0,0,0,0,0
neprocjenjivo,0,0,0,0,0,0,1,0,0,0
ubod,1,0,1,1,0,1,0,0,1,0
bodljikav,0,0,0,0,0,1,0,0,0,0
ponos,0,0,0,0,1,0,1,0,0,0
svećenik,0,0,0,0,0,0,1,0,0,1
svećenstvo,0,1,0,0,1,0,1,1,0,1
svećenički,0,0,0,0,0,0,1,0,0,0
prim,0,0,0,0,0,0,0,0,0,0
prvenstvo,0,0,0,0,0,0,1,0,0,0
primarni,0,0,0,0,0,0,1,0,0,0
primat,0,0,0,0,0,0,0,0,0,0
primati,0,0,0,0,0,0,0,0,0,0
premijera,0,0,0,0,0,0,1,0,0,0
temeljen,0,0,0,0,0,0,0,0,0,0
početnica,0,0,0,0,0,0,1,0,0,1
iskonski,0,0,0,0,0,0,0,0,0,0
grundiranje,0,0,0,0,0,0,0,0,0,0
primitivna,0,0,0,0,0,0,0,0,0,0
iskonski,0,0,0,0,0,0,0,0,0,0
princ,0,0,0,0,0,0,1,0,0,0
kneževski,0,1,0,0,1,0,1,0,1,1
princeza,0,0,0,0,0,0,1,0,0,0
glavni,0,0,0,0,0,0,1,0,0,1
uglavnom,0,0,0,0,0,0,0,0,0,0
načelo,0,0,0,0,0,0,0,0,0,0
ispisati,0,0,0,0,0,0,0,0,0,0
pisač,0,0,0,0,0,0,0,0,0,0
tiskanje,0,0,0,0,0,0,0,0,0,0
prije,0,0,0,0,0,0,0,0,0,0
prioritet,0,0,0,0,0,0,0,0,0,0
samostan,0,0,0,0,0,0,0,0,0,0
prizma,0,0,0,0,0,0,0,0,0,0
prizmatičan,0,0,0,0,0,0,0,0,0,0
zatvor,1,0,0,1,0,1,0,1,0,0
zatvorenik,1,0,1,1,0,1,0,1,0,0
netaknuta,0,0,0,0,0,0,1,0,0,0
privatnost,0,0,0,0,0,0,0,0,0,0
privatni,0,0,0,0,0,0,0,0,0,0
privatno,0,0,0,0,0,0,0,0,0,0
privilegija,0,0,0,0,0,0,0,0,0,0
privilegiran,0,0,0,0,1,0,1,0,0,1
tajanstvenik,0,0,0,0,0,1,0,0,0,1
vjerojatnost,0,1,0,0,0,0,0,0,0,0
vjerojatan,0,0,0,0,0,0,0,0,0,0
uvjetna kazna,0,1,0,1,0,0,0,1,0,0
probni,0,0,0,0,0,0,0,0,0,0
dokazni,0,0,0,0,0,0,0,0,0,0
sonda,0,0,0,0,0,0,0,0,0,0
poštenje,0,0,0,0,0,0,1,0,0,1
problem,0,0,0,1,0,1,0,1,0,0
postupak,0,0,0,1,0,0,1,0,0,0
nastaviti,0,0,0,0,0,0,0,0,0,0
postupak,0,1,0,0,0,0,0,0,0,0
nastavlja,0,0,0,0,0,0,0,0,0,0
postupak,0,0,0,0,0,0,0,0,0,0
procesija,0,0,0,0,1,0,1,1,1,0
proglasiti,0,0,0,0,0,0,0,0,0,0
proglašenje,0,0,0,0,0,0,0,0,0,0
odugovlačiti,0,0,0,0,0,1,0,0,0,0
odugovlačenje,0,0,0,0,0,1,0,0,0,0
rađanje,0,0,0,0,0,0,0,0,0,0
proctor,0,0,0,0,0,0,1,0,0,1
nabaviti,0,0,0,0,0,0,1,0,0,0
nabava,0,0,0,0,0,0,0,0,0,0
proizvod,0,0,0,0,0,0,0,0,0,0
rasipnički,0,0,0,0,0,1,1,0,0,0
nevjerojatan,0,0,0,0,0,0,1,0,0,0
čudo,0,0,0,0,0,0,1,0,0,0
proizvoditi,0,0,0,0,0,0,0,0,0,0
proizvedeno,0,0,0,0,0,0,0,0,0,0
proizvođač,0,0,0,0,0,0,1,0,0,0
proizvodeći,0,0,0,0,0,0,1,0,0,0
proizvod,0,0,0,0,0,0,0,0,0,0
proizvodnja,0,1,0,0,0,0,1,0,0,0
produktivan,0,0,0,0,0,0,1,0,0,0
produktivnost,0,0,0,0,0,0,1,0,0,0
profano,1,0,0,0,0,1,0,0,0,0
vulgarnost,1,0,0,0,0,1,0,0,0,0
ispovijedati,0,0,0,0,0,0,0,0,0,0
profesija,0,0,0,0,0,0,1,0,0,0
profesionalni,0,0,0,0,0,0,1,0,0,1
profesor,0,0,0,0,0,0,1,0,0,1
profesura,0,0,0,0,0,0,0,0,0,1
stručnost,0,1,0,0,1,0,1,0,1,1
vješt,0,0,0,0,0,0,1,0,0,1
profil,0,0,0,0,0,0,0,0,0,0
dobit,0,0,0,0,0,0,0,0,0,0
rasipan,0,0,0,0,0,0,1,0,0,0
obilje,0,0,0,0,0,1,0,0,0,0
prog,0,0,0,0,0,0,0,0,0,0
praotac,0,0,0,0,0,0,0,0,0,0
potomstvo,0,0,0,0,0,0,0,0,0,0
prognoza,0,1,0,1,0,0,0,0,0,0
prognostički,0,1,0,0,0,0,0,0,0,0
program,0,0,0,0,0,0,0,0,0,0
program,0,0,0,0,0,0,0,0,0,0
programer,0,0,0,0,0,0,0,0,0,0
napredak,0,1,0,0,1,0,1,0,0,0
napredovanje,0,1,0,0,1,0,1,1,0,1
progresivan,0,0,0,0,0,0,1,0,0,0
zabraniti,0,0,0,0,0,0,0,0,0,0
zabranjeno,1,0,1,1,0,1,0,0,0,0
zabrana,0,0,0,0,0,1,0,0,0,0
previsoka,0,0,0,0,0,0,0,0,0,0
projekt,0,0,0,0,0,0,0,0,0,0
projektil,0,0,0,1,0,0,0,0,0,0
projektili,0,0,0,1,0,0,0,0,0,0
projektiranje,0,0,0,0,0,0,0,0,0,0
projekcija,0,0,0,0,0,0,0,0,0,0
projektor,0,0,0,0,0,0,0,0,0,0
proleter,0,0,0,0,0,0,0,0,0,0
proletarijat,0,0,0,0,0,0,0,0,0,0
plodan,0,0,0,0,0,0,1,0,0,0
prolog,0,1,0,0,0,0,0,0,0,0
produžiti,0,0,1,0,0,1,0,0,0,0
produženje,0,0,0,0,0,0,0,0,0,0
produženo,0,0,0,0,0,0,0,0,0,0
šetalište,0,0,0,0,0,0,0,0,0,0
isticanje,0,0,0,0,0,0,1,0,0,0
istaknuto,0,0,0,0,0,0,1,0,0,0
promiskuitetna,0,0,0,0,0,1,0,0,0,0
obećanje,0,0,0,0,1,0,1,0,0,1
obećavajući,0,0,0,0,0,0,1,0,0,0
zadužnica,0,0,0,0,0,0,0,0,0,0
rt,0,0,0,0,0,0,0,0,0,0
promovirati,0,0,0,0,0,0,0,0,0,0
promotor,0,0,0,0,0,0,0,0,0,0
promocija,0,0,0,0,0,0,1,0,0,0
potaknuti,0,0,0,0,0,0,0,0,0,0
poticanje,0,0,0,0,0,0,0,0,0,0
proglasiti,0,0,0,0,0,0,0,0,0,0
proglašenje,0,0,0,0,0,0,0,0,0,0
sklona,0,0,0,0,0,0,0,0,0,0
zubac,0,0,0,0,0,0,0,0,0,0
izgovoriti,0,0,0,0,0,0,0,0,0,0
izražena,0,0,0,0,0,0,0,0,0,0
izricanje,0,0,0,0,0,0,0,0,0,0
izgovor,0,0,0,0,0,0,0,0,0,0
dokaz,0,0,0,0,0,0,0,0,0,1
oslonac,0,0,0,0,0,0,1,0,0,0
propaganda,0,0,0,0,0,1,0,0,0,0
propagirati,0,0,0,0,0,0,0,0,0,0
razmnožavanje,0,0,0,0,0,0,0,0,0,0
propan,0,0,0,0,0,0,0,0,0,0
pokretati,0,0,0,0,0,0,0,0,0,0
pokretan,0,0,0,0,0,0,0,0,0,0
propeler,0,0,0,0,0,0,0,0,0,0
pogonski,0,0,0,0,0,0,0,0,0,0
sklonost,0,0,0,0,0,0,0,0,0,0
ispravan,0,0,0,0,0,0,1,0,0,0
vlasništvo,0,0,0,0,0,0,0,0,0,0
proročanstvo,0,1,0,0,0,0,0,0,0,0
proricati,0,0,0,0,0,0,0,0,0,0
prorok,0,1,0,0,0,0,1,0,0,1
proročki,0,1,0,0,0,0,0,0,0,0
profilaktički,0,1,0,0,0,0,1,0,0,1
profilaksa,0,0,0,0,0,0,0,0,0,0
proporcija,0,0,0,0,0,0,0,0,0,0
proporcionalan,0,0,0,0,0,0,0,0,0,0
razmjeran,0,0,0,0,0,0,0,0,0,0
proporcije,0,0,0,0,0,0,0,0,0,0
prijedlog,0,0,0,0,0,0,0,0,0,0
prijedlog,0,0,0,0,0,0,1,0,0,0
vlasnički,0,0,0,0,0,0,0,0,0,0
vlasnik,0,0,0,0,0,0,0,0,0,0
vlasništvo,0,0,0,0,0,0,0,0,0,0
ispravnost,0,0,0,0,0,0,0,0,0,0
pogon,0,0,0,0,0,0,0,0,0,0
proza,0,0,0,0,0,0,0,0,0,0
procesuirati,1,0,0,1,0,1,0,1,0,0
kazneno gonjenje,0,0,1,0,0,1,0,0,0,0
tužitelj,0,0,0,0,0,0,0,0,0,0
perspektiva,0,0,0,0,0,0,1,0,0,0
perspektivan,0,0,0,0,0,0,0,0,0,0
prospektivno,0,1,0,0,0,0,0,0,0,0
prospekt,0,0,0,0,0,0,0,0,0,0
napredovati,0,1,0,0,1,0,1,0,0,0
prosperitet,0,0,0,0,0,0,1,0,0,0
prosperitetan,0,0,0,0,1,0,1,0,0,0
prostitutka,0,0,1,0,0,1,0,0,0,0
prostitucija,0,0,1,0,0,1,0,1,0,0
ispružen,0,0,0,0,0,0,0,0,0,0
protagonista,0,0,0,0,0,0,0,0,0,0
zaštititi,0,0,0,0,0,0,1,0,0,0
zaštićen,0,0,0,0,0,0,0,0,0,1
štiteći,0,0,0,0,0,0,1,0,0,1
zaštita,0,0,0,0,0,0,0,0,0,0
zaštitnički,0,0,0,0,0,0,1,0,0,0
zaštitnik,0,0,0,0,0,0,1,0,0,1
protein,0,0,0,0,0,0,0,0,0,0
protestirati,0,0,0,0,0,0,0,0,0,0
protokol,0,0,0,0,0,0,0,0,0,0
prototip,0,0,0,0,0,0,0,0,0,0
protozoa,0,0,0,0,0,0,0,0,0,0
dugotrajan,0,0,0,0,0,0,0,0,0,0
stršiti,0,0,0,0,0,0,0,0,0,0
izbočenje,0,0,0,0,0,0,0,0,0,0
ponos,0,1,0,0,1,0,1,0,0,1
dokazati,0,0,0,0,0,0,1,0,0,0
dokazano,0,0,0,0,0,0,0,0,0,1
poslovica,0,0,0,0,0,0,0,0,0,0
poslovičan,0,0,0,0,0,0,1,0,0,0
pružiti,0,0,0,0,0,0,1,0,0,1
pod uvjetom,0,0,0,0,0,0,0,0,0,0
providnost,0,0,0,0,0,0,0,0,0,0
pružanje,0,1,0,0,1,0,1,0,0,1
pokrajina,0,0,0,0,0,0,0,0,0,0
pokrajinski,0,0,0,0,0,0,0,0,0,0
odredba,0,0,0,0,0,0,0,0,0,0
privremeno,0,0,0,0,0,0,0,0,0,0
odredbe,0,0,0,0,0,0,0,0,0,0
uvjetom,0,0,0,0,0,0,0,0,0,1
izazivanje,1,0,0,0,0,1,0,0,0,0
provokativan,0,0,0,0,0,0,0,0,0,0
izazivanje,1,0,1,0,0,1,0,0,0,0
pročelnik,0,0,0,0,0,0,0,0,0,0
junaštvo,0,0,0,0,0,0,0,0,0,0
provlačiti se,0,0,0,1,0,0,0,0,1,0
proksimalni,0,0,0,0,0,0,0,0,0,0
približan,0,0,0,0,0,0,0,0,0,0
blizina,0,0,0,0,0,0,0,0,0,0
opunomoćenik,0,0,0,0,0,0,0,0,0,1
razboritost,0,0,0,0,0,0,1,0,0,0
razborit,0,0,0,0,0,0,1,0,0,1
obrezati,0,0,0,0,0,0,0,0,0,0
provaljivati,1,1,0,0,0,1,0,0,0,1
znatiželjan,0,0,0,0,0,1,0,0,0,0
psalam,0,0,0,0,0,0,1,0,0,0
pseudo,0,0,0,0,0,0,0,0,0,0
pseudonim,0,0,0,0,0,0,0,0,0,0
psiha,0,0,0,0,0,0,0,0,0,0
psihički,0,0,0,0,0,0,0,0,0,0
vidovnjaci,0,0,0,0,0,0,0,0,0,0
psihološki,0,0,0,0,0,0,0,0,0,0
psiholog,0,0,0,0,0,0,0,0,0,0
psihologija,0,0,0,0,0,0,0,0,0,0
psihoza,1,0,0,1,0,1,0,1,0,0
pub,0,0,0,0,0,0,0,0,0,0
pubertet,0,0,0,0,0,0,0,0,0,0
pubertetski,0,0,0,0,0,0,0,0,0,0
javnost,0,1,0,0,0,0,1,0,0,0
objavljivanje,0,0,0,0,0,0,0,0,0,0
publicist,0,0,0,0,0,1,0,0,0,0
publicitet,0,0,0,0,0,0,0,0,0,0
javno,0,0,0,0,0,0,0,0,0,0
objaviti,0,0,0,0,0,0,0,0,0,0
Objavljeno,0,0,0,0,0,0,0,0,0,0
izdavač,0,0,0,0,0,0,0,0,0,0
puding,0,0,0,0,0,0,0,0,0,0
lokvica,0,0,0,0,0,0,0,0,0,0
napuhati,0,0,0,0,0,0,0,0,0,0
napuhan,0,0,0,0,0,1,0,0,0,0
mops,0,0,0,0,0,0,0,0,0,0
povraćati,0,0,1,0,0,0,0,0,0,0
Vuci,0,0,0,0,0,0,1,0,0,0
koloturnik,0,0,0,0,0,0,0,0,0,0
pulover,0,0,0,0,0,0,0,0,0,0
plućni,0,0,0,0,0,0,0,0,0,0
pulpa,0,0,0,0,0,0,0,0,0,0
propovjedaonica,0,0,0,0,0,0,1,0,0,0
pulsiranje,0,0,0,0,0,0,0,0,0,0
puls,0,0,0,0,0,0,0,0,0,0
puma,0,0,0,1,0,0,0,0,1,0
pumpa,0,0,0,0,0,0,0,0,0,0
dosjetka,0,0,0,0,0,0,0,0,0,0
bušiti,1,0,0,1,0,1,0,1,1,0
točan,0,1,0,0,0,0,1,0,0,1
točnost,0,0,0,0,0,0,1,0,0,0
točno,0,0,0,0,0,0,0,0,0,0
interpunkcija,0,0,0,0,0,0,0,0,0,0
puknuti,0,0,0,0,0,0,0,0,0,0
učen čovjek,0,0,0,0,0,0,0,0,0,0
opor,0,0,1,0,0,1,0,0,0,0
kazniti,0,0,0,1,0,1,0,0,0,0
kažnjen,1,1,1,1,0,1,0,1,0,0
kažnjavajući,1,0,0,1,0,1,0,1,0,0
kazna,1,0,1,1,0,1,0,0,0,0
kazneni,1,0,0,1,0,1,0,1,0,0
punk,0,0,0,0,0,0,0,0,0,0
čun,0,1,0,0,0,0,0,0,0,0
slabašan,0,0,0,0,0,0,0,0,0,0
štene,0,0,0,0,0,0,0,0,0,0
učenik,0,0,0,0,0,0,0,0,0,0
lutka,0,0,0,0,0,0,0,0,0,0
štene,0,1,0,0,0,0,1,0,0,1
kupiti,0,0,0,0,0,0,0,0,0,0
kupac,0,0,0,0,0,0,0,0,0,0
nabava,0,0,0,0,0,0,0,0,0,0
pire,0,0,0,0,0,0,0,0,0,0
čisto,0,0,0,0,0,0,1,0,0,1
čistilište,0,0,1,1,0,1,0,0,0,0
čistiti,0,0,0,1,0,1,0,0,0,0
pročišćavanje,0,0,0,0,0,0,1,0,0,1
pročistiti,0,0,0,0,1,0,1,0,0,1
purista,0,0,0,0,0,0,1,0,0,0
čistoća,0,0,0,0,0,0,1,0,1,0
ljubičasta,0,0,0,0,0,0,0,0,0,0
smisao,0,0,0,0,0,0,0,0,0,0
Svrha,0,0,0,0,0,0,0,0,0,0
namjerno,0,0,0,0,0,0,0,0,0,0
presti,0,0,0,0,1,0,1,0,0,1
torbica,0,0,0,0,0,0,0,0,0,0
gonjenje,0,0,0,0,0,0,0,0,0,0
slijedeći,0,0,0,0,0,0,0,0,0,0
potjera,0,0,0,0,0,0,0,0,0,0
nabavljač,0,0,0,0,0,0,0,0,0,0
djelokrug,0,0,0,0,0,0,0,0,0,0
gnoj,0,0,1,0,0,1,0,0,0,0
gurnuti,0,0,0,0,0,0,0,0,0,0
guranje,0,0,0,0,0,0,0,0,0,0
maca,0,0,0,0,0,0,0,0,0,0
maca,0,0,0,0,0,0,0,0,0,0
maca,0,0,0,0,0,0,0,0,0,0
staviti,0,0,0,0,0,0,0,0,0,0
navodni,0,0,0,0,0,0,0,0,0,1
stavlja,0,0,0,0,0,0,0,0,0,0
kit,0,0,0,0,0,0,0,0,0,0
zbunjen,0,0,0,0,0,0,0,0,0,0
zagonetan,0,0,0,0,0,0,0,0,0,0
pigmejski,0,0,0,0,0,0,0,0,0,0
piramida,0,0,0,0,0,0,0,0,0,0
piramidalni,0,0,0,0,0,0,0,0,0,0
pirotehnika,0,0,0,0,0,0,0,0,0,0
gakanje,0,0,1,0,0,1,0,0,0,0
četverostruki,0,0,0,0,0,0,0,0,0,0
četverokut,0,0,0,0,0,0,0,0,0,0
kvadrant,0,0,0,0,0,0,0,0,0,0
kvadratni,0,0,0,0,0,0,0,0,0,0
kvadratura,0,0,0,0,0,0,0,0,0,0
četverostruk,0,0,0,0,0,0,0,0,0,0
četveropol,0,0,0,0,0,0,0,0,0,0
močvara,0,0,1,0,0,1,0,0,0,0
prepelica,0,0,0,1,0,1,0,0,0,0
čudan,0,0,0,0,1,0,1,0,0,1
potres,0,0,0,1,0,0,0,0,0,0
kvalificirani,0,0,0,0,0,0,1,0,0,1
kvalificirati se,0,0,0,0,0,0,0,0,0,0
kvalifikacijski,0,0,0,0,0,0,1,0,0,0
kvalitete,0,0,0,0,0,0,0,0,0,0
kvaliteta,0,0,0,0,0,0,0,0,0,0
nedoumica,1,0,0,1,0,1,0,0,0,0
kvantificirati,0,0,0,0,0,0,0,0,0,0
kvantitativni,0,0,0,0,0,0,0,0,0,0
kvantitativno,0,0,0,0,0,0,0,0,0,0
količina,0,0,0,0,0,0,0,0,0,0
kvantni,0,0,0,0,0,0,0,0,0,0
karantena,0,0,0,1,0,0,0,0,0,0
svađa,1,0,0,0,0,1,0,0,0,0
kamenolom,0,0,0,0,0,0,0,0,0,0
kvart,0,0,0,0,0,0,0,0,0,0
četvrtina,0,0,0,0,0,0,0,0,0,0
raščetvorio,0,0,0,0,0,0,0,0,0,0
četvrtine,0,0,0,0,0,0,0,0,0,0
kvartet,0,0,0,0,0,0,0,0,0,0
kvartil,0,0,0,0,0,0,0,0,0,0
kvarto,0,0,0,0,0,0,0,0,0,0
kvarcni,0,0,0,0,0,0,0,0,0,0
ukinuti,0,0,0,1,0,1,0,0,0,0
kvazi,0,0,0,0,0,0,0,0,0,0
kvaternar,0,0,0,0,0,0,0,0,0,0
pristanište,0,0,0,0,0,0,0,0,0,0
kraljica,0,0,0,0,0,0,0,0,0,0
ugušiti,0,0,0,0,0,1,0,0,0,0
ugasiti,0,0,0,0,0,0,0,0,0,0
upit,0,0,0,0,0,0,0,0,0,0
potraga,0,1,0,0,0,0,1,0,0,0
pitanje,0,0,0,0,0,0,1,0,0,0
upitno,0,0,1,0,0,1,0,0,0,0
ispitivanje,0,0,0,0,0,0,0,0,0,0
red,0,0,0,0,0,0,0,0,0,0
ubrzati,0,1,0,0,0,0,0,0,0,0
brzo,0,0,0,0,0,0,0,0,0,0
brzina,0,0,0,0,0,0,1,0,1,0
živo srebro,0,0,0,0,0,1,0,0,1,0
funta,0,0,0,0,0,0,0,0,0,0
umirujući,0,0,0,0,0,0,1,0,0,0
miran,0,0,0,0,0,0,1,1,0,0
tiho,0,0,0,0,0,0,0,0,0,0
pero,0,0,0,0,0,0,0,0,0,0
jorgan,0,0,0,0,0,0,0,0,0,0
kinin,0,0,0,0,0,0,1,0,0,0
prestati,0,0,0,0,0,1,0,0,0,0
odustaje,0,0,0,0,0,0,0,0,0,0
tobolac,0,0,0,1,0,1,0,0,0,0
podrhtavajući,0,0,0,1,0,1,0,0,0,0
kviz,0,0,0,0,0,1,0,0,0,0
kvorum,0,0,0,0,0,0,0,0,0,0
kvota,0,0,0,0,0,0,0,0,0,0
citat,0,0,0,0,0,0,0,0,0,0
citat,0,1,0,0,0,1,1,0,1,0
kvocijent,0,0,0,0,0,0,0,0,0,0
zec,0,0,0,0,0,0,0,0,0,0
rulja,1,0,0,1,0,1,0,0,0,0
bijesan,1,1,1,1,0,1,0,1,0,0
bjesnoća,0,0,0,0,0,1,0,0,0,0
rasa,0,0,0,0,0,0,0,0,0,0
trkaći konj,0,0,0,0,0,0,0,0,0,0
trkač,0,0,0,0,0,0,0,0,0,0
stalak,0,0,0,0,0,1,0,1,0,0
reket,0,0,0,0,0,1,0,0,0,0
regala,0,0,0,0,0,0,0,0,0,0
hrabar,0,0,0,0,0,0,0,0,0,0
radar,0,0,0,0,0,0,0,0,0,1
sjaj,0,1,0,0,1,0,1,0,0,1
blistav,0,0,0,0,1,0,1,0,0,0
zračiti,0,0,0,0,0,0,1,0,0,0
radijacija,0,0,0,1,0,1,0,0,0,0
radikalno,0,0,0,0,0,0,0,0,0,0
radio,0,0,0,0,0,0,1,0,0,0
radioaktivan,0,0,0,1,0,1,0,0,0,0
radioaktivnost,0,0,0,0,0,0,0,0,0,0
radiografija,0,0,0,0,0,0,0,0,0,0
radiografija,0,0,0,0,0,0,0,0,0,0
Radiologija,0,0,0,0,0,0,0,0,0,0
radij,0,0,0,0,0,0,0,0,0,0
radius,0,0,0,0,0,0,0,0,0,0
radon,0,0,0,1,0,1,0,0,0,0
lutrija,0,1,0,0,0,0,0,0,1,0
splav,0,0,0,0,0,0,0,0,0,0
bijes,1,0,0,0,0,1,0,0,0,0
raščupan,0,0,0,0,0,0,0,0,0,0
bijesan,1,0,1,1,0,1,0,0,0,0
krpe,0,0,1,0,0,1,0,0,0,0
prepad,1,0,0,1,0,1,0,0,1,0
željeznicom,1,1,0,0,0,1,0,0,0,0
ograda,0,0,0,0,0,0,0,0,0,0
željeznička pruga,0,0,0,0,0,0,0,0,0,0
željeznička pruga,0,0,0,0,0,0,0,0,0,0
odjeća,0,0,0,0,0,0,0,0,0,0
kiša,0,0,0,0,0,0,0,0,0,0
kabanica,0,0,0,0,0,0,0,0,0,0
padalina,0,0,0,0,0,0,0,0,0,0
kišovit,0,0,0,0,0,0,0,1,0,0
podići,0,0,0,0,0,0,0,0,0,0
podignuta,0,0,0,0,0,0,0,0,0,0
podizanje,0,0,0,0,0,0,0,0,0,0
Grablje,0,0,0,0,0,0,0,0,0,0
miting,0,0,0,0,0,0,0,0,0,0
radna memorija,1,1,0,0,0,1,0,0,0,0
lutati,0,0,0,0,0,0,0,0,0,0
razbacan,0,0,0,0,0,1,0,0,0,0
rampa,0,0,0,0,0,0,0,0,0,0
divljanje,1,0,0,1,0,1,0,0,0,0
ranč,0,0,0,0,0,0,0,0,0,0
upaljen,0,0,1,0,0,1,0,0,0,0
nasumično,0,0,0,0,0,0,0,0,1,0
slučajnost,0,0,0,0,0,0,0,0,0,0
aspida,0,0,0,0,0,0,0,0,0,0
rendžer,0,0,0,0,0,0,0,0,0,1
rang,0,0,0,0,0,0,0,0,0,0
otkupnina,1,0,0,1,0,1,0,0,0,0
dreka,0,0,0,0,0,0,0,0,0,0
repati,0,0,0,0,0,0,0,0,0,0
silovanje,1,0,1,1,0,1,0,1,0,0
brza,0,0,0,0,0,0,0,0,1,0
brzina,0,0,0,0,0,0,0,0,0,0
brzacima,0,0,0,0,0,0,0,0,0,0
repanje,1,0,0,0,0,0,0,0,0,0
ushićen,0,0,0,0,1,0,1,0,1,1
grabljivice,0,0,0,1,0,1,0,0,0,0
zanos,0,1,0,0,1,0,1,0,0,0
rijetko,0,0,0,0,0,0,0,0,0,0
rijetkost,0,0,0,0,0,0,0,0,1,0
nitkov,1,0,1,1,0,1,0,0,0,0
osip,0,0,1,0,0,1,0,0,0,0
štakor,0,0,1,1,0,1,0,0,0,0
čegrtaljka,0,0,0,0,0,0,0,0,0,0
stopa,0,0,0,0,0,0,0,0,0,0
ratifikacija,0,0,0,0,0,0,0,0,0,0
ratificirati,0,0,0,0,0,0,0,0,0,1
ocjena,1,0,0,1,0,1,0,1,0,0
omjer,0,0,0,0,0,0,0,0,0,0
obrok,0,0,0,0,0,0,0,0,0,0
racionalan,0,0,0,0,0,0,1,0,0,1
obrazloženje,0,0,0,0,0,0,0,0,0,0
racionalizam,0,0,0,0,0,0,0,0,0,0
racionalnost,0,0,0,0,0,0,0,0,0,0
ratan,0,0,0,0,0,0,0,0,0,0
klepet,0,0,0,0,0,0,0,0,0,0
čegrtuša,0,0,0,1,0,0,0,0,0,0
promukao,0,0,0,0,0,1,0,0,0,0
buncati,1,0,1,0,1,1,1,0,1,1
gavran,0,0,0,0,0,0,0,0,0,0
proždrljiv,1,0,0,1,0,1,0,1,0,0
klanac,0,0,0,1,0,0,0,0,0,0
buncanje,1,1,0,1,1,1,0,0,1,0
sirova koža,0,0,0,0,0,0,0,0,0,0
zraka,0,0,0,0,0,0,0,0,0,0
britva,0,0,0,1,0,0,0,0,0,0
dohvatiti,0,0,0,0,0,0,0,0,0,0
reagirati,1,0,0,1,0,0,0,0,0,0
reakcionaran,0,0,0,0,0,1,0,0,0,0
čitati,0,0,0,0,0,0,0,0,0,0
čitač,0,0,0,0,0,0,1,0,0,0
čitateljstvo,0,0,0,0,0,0,0,0,0,0
spremno,0,0,0,0,0,0,1,0,0,0
spremnost,0,1,0,0,1,0,1,0,0,1
čitanje,0,0,0,0,0,0,1,0,0,0
ponovno prilagođavanje,0,0,0,0,0,0,0,0,0,0
spreman,0,1,0,0,0,0,0,0,0,0
ponovno potvrditi,0,0,0,0,0,0,1,0,0,0
reagens,0,0,0,0,0,0,0,0,0,0
stvaran,0,0,0,0,0,0,1,0,0,1
realizam,0,0,0,0,0,0,0,0,0,0
realan,0,0,0,0,0,0,0,0,0,0
stvarnost,0,0,0,0,0,0,0,0,0,0
carstvo,0,0,0,0,0,0,0,0,0,0
nekretnina,0,0,0,0,0,0,0,0,0,0
ream,0,0,0,0,0,0,0,0,0,0
žeti,0,0,0,0,0,0,0,0,0,0
ponovno se pojaviti,0,0,0,0,0,0,0,0,1,0
straga,0,0,0,0,0,1,0,0,0,0
preurediti,0,0,0,0,0,0,0,0,0,0
preuređenje,0,0,0,0,0,0,0,0,0,0
razlog,0,0,0,0,0,0,1,0,0,0
razumnost,0,0,0,0,0,0,0,0,0,0
rasuđivanje,0,0,0,0,0,0,0,0,0,0
razloga,0,0,0,0,0,0,0,0,0,0
ponovno sastaviti,0,0,0,0,0,0,0,0,0,0
uvjeravanje,0,0,0,0,0,0,1,0,0,1
uvjeriti,0,0,0,0,0,0,1,0,0,1
uvjerio,0,0,0,0,0,0,0,0,0,0
umirujući,0,0,0,0,0,0,0,0,0,0
rabat,0,0,0,0,0,0,1,0,0,0
buntovnik,1,0,0,1,0,1,0,0,0,0
pobuna,1,0,1,1,0,0,0,0,0,0
ponovno rođen,0,0,0,0,0,0,0,0,0,0
odskok,0,0,0,0,0,0,0,0,0,0
obnoviti,0,0,0,0,0,0,0,0,0,0
ukor,0,0,0,0,0,1,0,0,0,0
opovrgnuti,0,0,0,0,0,1,0,0,0,0
neposlušan,1,0,1,0,0,1,0,0,0,0
podsjetiti,0,0,0,0,0,0,0,0,0,0
preinačiti,0,0,0,0,0,0,1,0,0,0
uzmaknuti,0,0,0,0,0,0,0,0,0,0
opadajući,0,0,0,0,0,0,0,0,0,0
priznanica,0,0,0,0,0,0,0,0,0,0
primanja,0,0,0,0,0,0,0,0,0,0
primljeno,0,0,0,0,0,0,1,0,0,0
prijamnik,0,0,0,0,0,0,0,0,0,0
primanje,0,1,0,0,1,0,1,0,1,0
nedavni,0,0,0,0,0,0,0,0,0,0
spremnik,0,0,0,0,0,0,0,0,0,0
recepcija,0,0,0,0,0,0,0,0,0,0
udubljenje,0,0,0,0,0,0,0,0,0,0
udubljenja,0,0,0,1,0,0,0,0,0,0
recesija,1,0,1,1,0,1,0,1,0,0
recherche,0,0,0,0,0,0,1,0,0,0
recidivizam,1,0,1,0,0,1,0,1,0,0
recept,0,0,0,0,0,0,0,0,0,0
primatelj,0,1,0,0,0,0,0,0,0,0
recipročan,0,0,0,0,0,0,0,0,0,0
uzvratiti,0,0,0,0,0,0,1,0,0,0
reciprocitet,0,0,0,0,0,0,0,0,0,0
recital,0,0,0,0,0,0,0,0,0,0
recitacija,0,0,0,0,0,0,0,0,0,0
recitirati,0,0,0,0,0,0,0,0,0,0
bezobzirni,1,0,0,1,0,1,0,0,0,0
nepromišljenost,1,0,1,1,0,1,0,0,1,0
računanje,0,0,0,0,0,0,0,0,0,0
reklamacija,0,0,0,0,0,0,1,0,0,0
nasloniti se,0,0,0,0,0,0,1,0,0,1
pustinjak,0,0,0,0,0,0,0,0,0,0
priznanje,0,0,0,0,0,0,0,0,0,0
prepoznatljiv,0,1,0,0,0,0,1,0,0,0
priznati,0,0,0,0,0,0,0,0,0,0
uzmicanje,0,0,0,0,0,0,0,0,0,0
prisjetiti se,0,0,0,0,0,0,0,0,0,0
sjećanje,0,0,0,0,0,0,0,0,0,0
rekombinantni,0,0,0,0,0,0,0,0,0,0
rekombinacija,0,1,0,0,0,0,0,0,0,0
Preporuči,0,0,0,0,0,0,1,0,0,1
preporuka,0,0,0,0,0,0,0,0,0,0
naknada,0,0,0,0,0,0,0,0,0,0
pomiriti,0,0,0,0,0,0,0,0,0,0
pomirenje,0,1,0,0,1,0,1,0,0,1
izviđanje,0,0,0,0,0,0,0,0,0,0
preispitati se,0,0,0,0,0,0,0,0,0,0
ponovno razmatranje,0,0,0,0,0,0,1,0,0,1
rekonstitucija,0,0,0,0,0,0,0,0,0,0
rekonstruirati,0,1,0,0,0,0,1,0,0,0
rekonstrukcija,0,1,0,0,0,0,1,0,0,0
snimiti,0,0,0,0,0,0,0,0,0,0
rekorder,0,0,0,0,0,0,1,0,0,0
snimanje,0,0,0,0,0,0,0,0,0,0
prepričavati,0,0,0,0,0,0,0,0,0,0
nadoknaditi,0,0,0,0,0,0,1,0,0,0
regres,0,0,0,0,0,0,0,0,0,0
nadoknadiv,0,0,0,0,0,0,0,0,0,0
oporavak,0,0,0,0,0,0,1,0,0,0
rekreacija,0,1,0,0,1,0,1,0,0,0
rekreativno,0,1,0,0,1,0,1,0,0,0
Novak,0,0,0,0,0,0,0,0,0,0
vrbovanje,0,0,0,0,0,0,0,0,0,0
regruti,0,0,0,0,0,0,0,0,0,1
pravokutnik,0,0,0,0,0,0,0,0,0,0
pravokutan,0,0,0,0,0,0,0,0,0,0
ispravljanje,0,0,0,0,0,0,0,0,0,0
ispraviti,0,0,0,0,0,0,1,0,0,0
rektor,0,0,0,0,0,0,0,0,0,0
rektorat,0,0,0,0,0,0,0,0,0,0
ležeći,0,0,0,0,0,0,0,0,0,0
oporavak,0,0,0,0,0,0,0,0,0,0
ponavljati se,0,0,0,0,0,0,0,0,0,0
ponavljanje,0,0,0,0,0,0,0,0,0,0
ponavljajući,0,1,0,0,0,0,0,0,0,0
ponavljajući,0,0,0,0,0,0,0,0,0,0
rekurzija,0,0,0,0,0,0,0,0,0,0
ponavljajući,0,0,0,0,0,0,0,0,0,0
rekurzivno,0,0,0,0,0,0,0,0,0,0
Crvena,0,0,0,0,0,0,0,0,0,0
crvenkasta,0,0,0,0,0,0,0,0,0,0
otkupljenje,0,0,0,0,0,0,1,0,0,0
crvenilo,0,0,0,0,0,0,0,0,0,0
ispraviti,0,0,0,0,0,0,1,0,0,0
smanjena,0,0,0,0,0,0,0,0,0,0
smanjenje,0,0,0,0,0,0,0,0,0,0
zalihost,0,0,0,0,0,0,0,0,0,0
blagoglagoljiv,0,0,0,0,0,1,0,0,0,0
trska,0,0,0,0,0,0,0,0,0,0
greben,0,0,0,0,0,0,0,0,0,0
grebeni,0,0,0,0,0,0,0,0,0,0
kolut,0,0,0,0,0,0,0,0,0,0
ponovno uspostaviti,0,0,0,0,0,0,0,0,0,0
sudac,0,0,0,0,0,0,0,0,0,1
referenca,0,0,0,0,0,0,0,0,0,0
referendum,0,0,0,0,0,0,0,0,0,0
oplemeniti,0,0,0,0,0,0,1,0,0,0
pročišćavanje,0,0,0,0,0,0,1,0,0,0
rafinerija,0,0,0,0,0,0,0,0,0,0
rafiniranje,0,0,0,0,0,0,0,0,0,0
ponovno montirati,0,0,0,0,0,0,0,0,0,0
odražavati,0,0,0,0,0,0,0,0,0,0
odražavajući,0,0,0,0,0,0,0,0,0,0
odraz,0,0,0,0,0,0,0,0,0,0
reflektirajući,0,0,0,0,0,0,0,0,0,0
reflektor,0,0,0,0,0,0,0,0,0,0
refleks,0,0,0,0,0,0,0,0,1,0
refluks,0,0,1,0,0,1,0,0,0,0
reforma,0,0,0,0,0,0,1,0,0,0
reformacija,0,0,0,0,0,0,1,0,0,0
reformator,0,0,0,0,0,0,1,0,0,0
refrakcija,0,0,0,0,0,0,0,0,0,0
refraktor,0,0,0,0,0,0,0,0,0,0
vatrostalan,0,0,0,0,0,1,0,0,0,0
refren,0,0,0,0,0,0,0,0,0,0
suzdržavajući se,0,0,0,0,0,0,0,0,0,0
osvježavajući,0,0,0,0,0,0,1,0,0,0
ohladite u hladnjaku,0,0,0,0,0,0,0,0,0,0
hlađenje,0,0,0,0,0,0,0,0,0,0
hladnjak,0,0,0,0,0,0,0,0,0,0
Sklonište,0,0,0,0,0,0,0,0,0,0
izbjeglica,0,0,0,0,0,0,0,1,0,0
povrat novca,0,0,0,0,0,0,0,0,0,0
obnoviti,0,0,0,0,0,0,1,0,0,0
odbijanje,0,0,0,0,0,1,0,0,0,0
odbiti,0,0,0,0,0,1,0,0,0,0
odbio,0,0,0,0,0,1,0,1,0,0
odbijajući,0,0,0,0,0,0,0,0,0,0
pobijanje,0,0,0,1,0,0,0,0,0,0
opovrgnuti,0,0,0,0,0,0,0,0,0,0
povratiti,0,0,0,0,0,0,0,0,0,0
kraljevski,0,0,0,0,0,0,1,0,0,1
regalije,0,0,0,0,0,0,0,0,0,0
regata,0,1,0,0,0,0,0,0,0,0
regentstvo,0,0,0,0,0,0,0,0,0,0
regenerirati,0,0,0,0,0,0,0,0,0,0
regeneracija,0,0,0,0,0,0,0,0,0,0
regent,0,0,0,0,0,0,1,0,0,1
režim,0,0,0,0,0,0,0,0,0,0
režim,0,0,0,0,0,0,0,0,0,0
pukovnija,0,0,0,1,0,0,0,0,0,0
regija,0,0,0,0,0,0,0,0,0,0
Regionalni,0,0,0,0,0,0,0,0,0,0
regionalizam,0,0,0,0,0,0,0,0,0,0
Registar,0,0,0,0,0,0,0,0,0,0
zapisničar,0,0,0,0,0,0,0,0,0,0
registracija,0,0,0,0,0,0,0,0,0,0
registar,0,0,0,0,0,0,0,0,0,1
regres,0,0,0,0,0,1,0,0,0,0
regresija,0,0,0,0,0,1,0,0,0,0
regresivan,0,0,0,0,0,1,1,0,0,0
žaljenje,0,0,0,0,0,1,0,1,0,0
vrijedan žaljenja,0,0,0,0,0,1,0,1,0,0
požalio,0,0,0,0,0,1,0,1,0,0
žaleći,0,0,0,0,0,1,0,1,0,0
redovito,0,0,0,0,0,0,0,0,0,0
pravilnost,0,1,0,0,0,0,1,0,0,1
redoviti,0,0,0,0,0,0,0,0,0,0
regulirati,0,0,0,0,0,0,1,0,0,0
reguliran,0,0,0,0,0,0,0,0,0,0
regulacija,0,0,0,0,0,0,0,0,0,0
regulatorni,0,0,0,1,0,1,0,0,0,0
regurgitacija,0,0,1,0,0,0,0,0,0,0
rehabilitirati,0,0,0,0,0,0,1,0,0,0
rehabilitacija,0,1,0,0,0,0,1,0,0,0
uvježbavanje,0,0,0,0,0,0,0,0,0,0
vladavina,0,0,0,0,0,0,0,0,0,0
nadoknaditi,0,0,0,0,0,0,1,0,0,0
naknada troškova,0,0,0,0,0,0,1,0,0,1
obuzdati,0,0,0,0,0,1,0,0,0,0
sob,0,0,0,0,0,0,0,0,0,0
ojačati,0,0,0,0,0,0,0,0,0,0
pojačanje,0,0,0,0,0,0,1,0,0,1
pojačanja,0,0,0,0,0,0,0,0,0,1
uzde,0,0,0,0,0,0,0,0,0,0
ponovno instalirati,0,0,0,0,0,0,0,0,0,0
ponovno uspostaviti,0,0,0,0,0,0,1,0,0,0
ponovno uspostavljanje,0,0,0,0,0,0,0,0,0,0
reinvestirati,0,0,0,0,0,0,0,0,0,0
ponovno ulaganje,0,0,0,0,0,0,0,0,0,0
ponoviti,0,0,0,0,0,0,0,0,0,0
odbiti,1,0,0,1,0,1,0,1,0,0
odbijena,0,0,0,0,0,1,0,0,0,0
odbijanje,1,0,1,1,0,1,0,1,0,0
odbija,1,0,0,1,0,1,0,1,0,0
veseliti se,0,1,0,0,1,0,1,0,1,1
radost,0,1,0,0,1,0,1,0,1,0
ponovno se pridružiti,0,0,0,0,0,0,0,0,0,0
pomladiti se,0,0,0,0,0,0,1,0,0,0
pomlađen,0,0,0,0,0,0,1,0,0,0
ponovo zapaliti,0,1,0,1,1,1,1,0,1,0
recidiv,0,0,0,1,0,1,0,1,0,0
odnositi se,0,0,0,0,0,0,0,0,0,0
srodni,0,0,0,0,0,0,0,0,0,1
odnos,0,0,0,0,0,0,0,0,0,0
odnos,0,0,0,0,0,0,0,0,0,0
relativna,0,0,0,0,0,0,0,0,0,1
relativnost,0,0,0,0,0,0,0,0,0,0
relaksant,0,0,0,0,0,0,0,0,0,0
opuštanje,0,0,0,0,0,0,1,0,0,0
opušten,0,0,0,0,0,0,0,0,0,0
relej,0,0,0,0,0,0,0,0,0,0
osloboditi,0,0,0,0,0,0,0,0,0,0
pušten na slobodu,0,0,0,0,0,0,0,0,0,0
ispadanje,0,0,0,0,0,1,0,0,0,0
relevantnost,0,0,0,0,0,0,0,0,0,0
relevantan,0,0,0,0,0,0,1,0,0,1
pouzdanost,0,0,0,0,0,0,1,0,0,1
pouzdan,0,0,0,0,0,0,1,0,0,1
oslanjanje,0,0,0,0,0,0,1,0,0,1
relikvija,0,0,0,0,0,0,0,0,0,0
relikvije,0,0,0,0,0,0,0,1,0,0
olakšanje,0,0,0,0,0,0,1,0,0,0
olakšavajući,0,0,0,0,0,0,1,0,0,0
religija,0,0,0,0,0,0,0,0,0,1
religijski,0,0,0,0,0,0,0,0,0,0
odreći se,0,0,0,0,0,1,0,0,0,0
slast,0,0,0,0,0,0,0,0,0,0
nevoljkost,0,0,0,0,0,0,0,0,0,0
nevoljko,0,0,0,1,0,1,0,0,0,0
ostatak,0,0,0,0,0,0,0,0,0,0
preostalih,0,0,0,0,0,0,0,0,0,0
ostaci,0,0,1,1,0,1,1,0,0,1
remake,0,0,0,0,0,0,1,0,0,0
istražni zatvor,1,0,0,0,0,1,0,0,0,0
napomena,0,0,0,0,0,0,0,0,0,0
izvanredan,0,0,0,0,1,0,1,0,1,1
izvanredno,0,0,0,0,0,0,1,0,0,0
popravni,0,0,0,0,0,1,0,0,0,0
lijek,0,1,0,0,1,0,1,0,0,1
zapamtiti,0,0,0,0,0,0,0,0,0,0
zapamtio,0,0,0,0,0,0,0,0,0,0
sjećajući se,0,0,0,0,0,0,0,0,0,0
sjećanje,0,0,0,0,0,0,0,0,0,0
podsjetiti,0,0,0,0,0,0,0,0,0,0
podsjetnik,0,0,0,0,0,0,0,0,0,0
nemaran,1,0,1,0,0,1,0,1,0,0
remisija,0,0,0,0,0,0,1,0,0,0
doznačiti,0,0,0,0,0,0,0,0,0,0
doznaka,0,0,0,0,0,0,0,0,0,0
ostatak,0,0,0,0,0,0,0,0,0,0
preurediti,0,0,0,0,0,0,1,0,0,0
kajanje,0,0,0,0,0,1,0,1,0,0
daljinski,0,0,0,0,0,0,0,0,0,0
udaljenost,0,0,0,0,0,0,0,0,0,0
uklanjanje,0,0,0,0,0,1,0,0,0,0
ukloniti,1,0,0,1,0,1,0,1,0,0
naknada,0,0,0,0,0,0,0,0,0,0
renesanse,0,0,0,0,0,0,1,0,0,0
rencontre,0,0,0,0,0,1,0,0,0,0
iskidati,0,0,0,0,0,1,0,0,0,0
prikazati,0,0,0,0,0,0,1,0,0,0
prikazivanje,0,0,0,0,0,0,0,0,0,0
sastanak,0,0,0,0,0,0,0,0,0,0
izvođenje,0,0,0,0,0,0,0,0,0,0
otpadnik,1,0,0,0,0,1,0,0,0,0
obnova,0,0,0,0,0,0,1,0,0,0
odreći se,1,0,0,0,0,1,0,0,0,0
obnoviti,0,1,0,0,0,0,1,0,0,0
renoviran,0,0,0,0,0,0,0,0,0,0
obnova,0,1,0,0,1,0,1,0,0,0
ugled,0,0,0,0,0,0,1,0,0,0
renomirani,0,0,0,0,0,0,1,0,0,0
najam,0,0,0,0,0,0,0,0,0,0
iznajmljivanje,0,0,0,0,0,0,0,0,0,0
iznajmljivač,0,0,0,0,0,0,0,0,0,0
odricanje,0,0,0,0,0,1,0,0,0,0
reorganizacija,0,0,0,0,0,0,0,0,0,0
reorganizirati,0,0,0,0,0,0,1,0,0,0
popravak,0,0,0,0,0,0,0,0,0,0
reparacija,0,0,0,0,0,0,1,0,0,1
otplaćivati,1,1,0,0,1,0,1,0,0,1
otplata,0,0,0,0,0,0,0,0,0,0
ukidanje,0,0,0,0,0,0,0,0,0,0
ponoviti,0,0,0,0,0,0,0,0,0,0
ponovljeno,0,0,0,0,0,0,0,0,0,0
više puta,0,0,0,0,0,0,0,0,0,0
repetitor,0,0,0,0,0,0,0,0,0,0
repelent,0,0,1,1,0,1,0,0,0,0
odbijajući,1,0,1,1,0,1,0,0,0,0
odbijajući,0,0,1,0,0,1,0,0,0,0
pokajati se,0,0,0,1,0,0,1,0,0,0
pokajanje,0,0,0,0,0,0,0,0,0,0
repertoar,0,0,0,0,0,0,0,0,0,0
repertoar,0,0,0,0,0,0,0,0,0,0
ponavljanje,0,0,0,0,0,0,0,0,0,0
zamijeniti,0,0,0,0,0,0,0,0,0,0
zamjena,0,0,0,0,0,0,0,0,0,0
napuniti,0,0,0,0,0,0,1,0,0,0
napunjen,0,0,0,0,0,0,1,0,0,0
replikacija,0,0,0,0,0,0,0,0,0,0
odgovor,0,0,0,0,0,0,0,0,0,0
izvješće,0,0,0,0,0,0,0,0,0,0
prijavio,0,0,0,0,0,0,0,0,0,0
reporter,0,0,0,0,0,0,1,0,0,1
odmoriti se,0,0,0,0,0,0,1,0,0,0
ponovno postavljanje,0,0,0,0,0,0,0,0,0,0
spremište,0,0,0,0,0,0,0,0,0,0
reprezentacija,0,0,0,0,0,0,0,0,0,0
predstavnik,0,0,0,0,0,0,0,0,0,0
zastupljeni,0,0,0,0,0,0,1,0,0,0
predstavljanje,0,1,0,0,0,0,0,0,0,0
potisnuti,0,0,0,0,0,1,0,1,0,0
potisnut,0,0,0,0,0,0,0,0,0,0
potiskivanje,0,0,0,1,0,1,0,0,0,0
odgoditi,0,0,0,0,0,0,0,0,0,0
ukor,1,0,0,0,0,1,0,0,0,0
pretisak,0,0,0,0,0,1,0,0,0,0
odmazda,1,0,0,1,0,1,0,1,0,0
repriza,0,0,0,0,0,0,0,0,0,0
prijekor,1,0,1,0,0,1,0,1,0,0
reproducirati,0,0,0,0,0,0,0,0,0,0
reprodukcija,0,0,0,0,0,0,0,0,0,0
reproduktivni,0,0,0,0,1,0,1,0,0,0
gmaz,0,0,0,0,0,0,0,0,0,0
republika,0,0,0,0,0,1,0,0,0,0
republikanac,0,0,0,0,0,0,0,0,0,0
odbacivanje,1,0,1,0,0,1,0,0,0,0
odbijanje,0,0,1,1,0,1,0,0,0,0
otkup,0,0,0,0,0,0,0,0,0,0
ugledan,0,0,0,0,0,0,1,0,0,1
ugled,0,0,0,0,0,0,0,0,0,0
ugled,0,0,0,0,0,0,0,0,0,0
zahtjev,0,0,0,0,0,0,0,0,0,0
rekvijem,0,0,0,0,0,0,0,1,0,0
potreban,0,0,0,0,0,0,0,0,0,0
zahtjev,0,0,0,0,0,0,0,0,0,0
potreban,0,0,0,0,0,0,0,0,0,0
rekvizicija,0,0,0,0,0,0,0,0,0,0
ukinuti,0,0,0,0,0,1,0,0,0,0
poništenje,0,0,0,0,0,1,0,0,0,0
spasiti,0,1,0,0,1,0,1,0,1,1
istraživanje,0,0,0,0,0,0,0,0,0,0
resekcija,0,0,0,1,0,0,0,0,0,0
sličnost,0,0,0,0,0,0,0,0,0,0
sličiti,0,0,0,0,0,0,0,0,0,0
nalik,0,0,0,0,0,0,0,0,0,0
vrijeđati,1,0,0,0,0,1,0,0,0,0
uvrijeđen,1,0,0,0,0,1,0,0,0,0
zamjeranje,1,0,1,0,0,1,0,1,0,0
rezervacija,0,0,0,0,0,0,0,0,0,0
pričuva,0,0,0,0,0,0,1,0,0,0
Rezervirano,0,0,0,0,0,0,0,0,0,0
rezerve,0,0,0,0,0,0,0,0,0,0
rezervoar,0,0,0,0,0,0,0,0,0,0
prebivati,0,0,0,0,0,0,0,0,0,0
boravište,0,0,0,0,0,0,0,0,0,0
boravišta,0,0,0,0,0,0,0,0,0,0
Rezidencija,0,0,0,0,0,0,1,0,0,0
rezidualni,0,0,0,0,0,0,0,0,0,0
talog,0,0,0,0,0,0,0,0,0,0
dati ostavku,1,0,1,1,0,1,0,1,0,0
rezignacija,0,0,0,0,0,1,0,1,1,0
dao ostavku,0,0,0,0,0,1,0,1,0,0
elastičnost,0,0,0,0,0,0,0,0,0,0
otporan,0,0,0,0,0,0,1,0,0,0
smola,0,0,0,0,0,0,0,0,0,0
odoljeti,0,0,0,0,0,1,0,0,0,0
otpornost,1,0,0,0,0,1,0,0,0,0
otporan,0,0,0,1,0,1,0,0,0,0
opirući se,1,0,0,1,0,1,0,1,0,0
otporan,0,0,0,0,0,0,1,0,0,0
odlučan,0,0,0,0,0,0,0,0,0,0
odlučno,0,0,0,0,0,0,1,0,0,0
rezolucija,0,0,0,0,0,0,0,0,0,0
odlučnost,0,0,0,0,0,0,0,0,0,0
riješeno,0,0,0,0,0,0,0,0,0,0
rezonancija,0,0,0,0,0,0,0,0,0,0
rezonantna,0,0,0,0,0,0,0,0,0,0
rezonirati,0,0,0,0,0,0,0,0,0,0
rezonator,0,0,0,0,0,0,0,0,0,0
pribjeći,0,0,0,0,0,0,0,0,0,0
odjekujući,0,0,0,0,0,0,0,0,0,0
resursi,0,0,0,0,1,0,1,0,0,1
poštovanje,0,1,0,0,1,0,1,0,0,1
uglednost,0,0,0,0,0,0,1,0,0,0
ugledan,0,0,0,0,0,0,1,0,0,1
poštovani,0,0,0,0,0,0,0,0,0,0
pun poštovanja,0,0,0,0,0,0,1,0,0,1
poštujući,0,0,0,0,0,0,1,0,0,0
dotični,0,0,0,0,0,0,0,0,0,0
poštovanje,0,0,0,0,0,0,1,0,0,1
disanje,0,0,0,0,0,0,0,0,0,0
respirator,0,0,0,0,0,0,0,0,0,0
predah,0,0,0,0,1,0,1,0,0,1
sjajan,0,0,0,0,1,0,1,0,0,0
odgovoriti,0,0,0,0,0,0,0,0,0,0
ispitanik,0,0,0,0,0,0,0,0,0,0
odgovor,0,0,0,0,0,0,0,0,0,0
odgovornost,0,0,0,0,0,0,0,0,0,0
odgovoran,0,0,0,0,0,0,1,0,0,1
uzvratni,0,1,0,0,0,0,1,0,0,1
odmor,0,0,0,0,0,0,1,0,0,0
restoran,0,0,0,0,0,0,0,0,0,0
miran,0,0,0,0,0,0,1,0,0,0
restitucija,1,0,0,0,0,0,1,0,0,0
nemir,0,1,0,0,0,0,0,0,0,0
obnova,0,0,0,0,0,0,0,0,0,0
obnoviteljski,0,1,0,0,1,0,1,0,0,1
obnovljena,0,0,0,0,0,0,0,0,0,0
obnavljajući,0,0,0,0,0,0,1,0,0,0
obuzdati,1,0,0,1,0,1,0,0,0,0
suzdržano,0,0,0,1,0,0,0,0,0,0
obuzdavanje,0,0,0,0,0,0,1,0,0,0
ograničiti,0,0,0,0,0,1,0,1,0,0
ograničen,0,0,0,0,0,0,0,0,0,0
ograničenje,1,0,0,1,0,1,0,1,0,0
ograničavajuće,0,0,0,0,0,1,0,0,0,0
proizlaziti,0,1,0,0,0,0,0,0,0,0
rezultanta,0,1,0,0,0,0,0,0,0,0
nastavak,0,0,0,0,0,0,1,0,0,0
uskrsnuće,0,0,0,0,0,0,0,0,0,0
reanimacija,0,0,0,0,0,0,0,0,0,0
maloprodaja,0,0,0,0,0,0,0,0,0,0
trgovac,0,0,0,0,0,0,0,0,0,0
zadržati,0,0,0,0,0,0,0,0,0,1
zadržavanje,0,0,0,0,0,0,0,0,0,0
ponovno polagati,0,0,0,0,0,0,0,0,0,0
uzvratiti,1,0,0,0,0,1,0,0,0,0
osveta,1,0,0,1,0,1,0,0,0,0
uzvratni,1,0,0,0,0,1,0,0,0,0
usporiti,0,0,1,1,0,1,0,1,0,0
retardacija,0,0,0,0,0,1,0,0,0,0
zadržavanje,0,0,0,0,0,0,1,0,0,0
zadržavajući,0,0,0,0,0,0,0,0,0,0
suzdržan,0,0,0,1,0,1,0,0,0,0
Mrežnica,0,0,0,0,0,0,0,0,0,0
u mirovini,0,0,0,0,0,0,0,0,0,0
odlazak u mirovinu,0,1,0,1,1,1,1,1,0,1
odlazak u mirovinu,0,0,0,0,0,0,0,0,0,0
prepričavati,0,0,0,0,0,0,0,0,0,0
uzvratiti,0,0,0,0,0,1,0,0,0,0
ponovno pratiti,0,0,0,0,0,0,0,0,0,0
povući se,1,0,0,0,0,1,0,0,0,0
povlačenje,0,0,0,0,0,1,0,0,0,0
otpuštanje,0,0,0,1,0,1,0,0,0,0
odmazda,1,0,0,1,0,1,0,1,0,0
dohvaćanje,0,0,0,0,0,0,0,0,0,0
dohvatiti,0,0,0,0,0,0,0,0,0,0
retriver,0,0,0,0,0,0,0,0,0,0
retroaktivno,0,0,0,0,0,0,0,0,0,0
retrogradan,0,0,0,0,0,1,0,0,0,0
retrospektiva,0,0,0,0,0,0,0,0,0,0
retrospektiva,0,0,0,0,0,0,0,0,0,0
retrospektivno,0,0,0,0,0,0,0,0,0,0
povratak,0,0,0,0,0,0,0,0,0,0
ponovno sjedinjenje,0,1,0,0,0,0,1,0,0,1
otkriti,0,0,0,0,0,0,0,0,0,0
uživanje,0,0,0,0,1,0,1,0,0,0
otkrivenje,0,0,0,0,0,0,0,0,0,0
uživanja,0,0,0,0,1,0,1,0,0,0
osveta,1,1,0,1,0,1,0,0,1,0
prihod,0,0,0,0,0,0,0,0,0,0
odjekivanje,0,0,0,0,0,0,0,0,0,0
duboko poštovati,0,1,0,0,1,0,1,0,0,1
štovanje,0,0,0,0,1,0,1,0,0,1
velečasni,0,0,0,0,1,0,1,0,0,0
pobožan,0,0,0,0,0,0,0,0,0,0
sanjarenje,0,0,0,0,1,0,1,0,0,1
preokret,1,0,1,0,0,1,0,0,1,0
obrnuti,0,0,0,0,0,0,0,0,0,0
reverzija,0,0,0,0,0,0,0,0,0,0
vratiti,0,0,0,0,0,0,0,0,0,0
vraćajući se,0,0,0,0,0,0,0,0,0,0
pregled,0,0,0,0,0,0,0,0,0,0
recenzent,0,0,0,0,0,0,0,0,0,0
revidirati,0,0,0,0,0,0,1,0,0,0
revizija,0,0,0,0,0,0,0,0,0,0
ponovno posjetiti,0,0,0,0,0,0,0,0,0,0
oživljavanje,0,1,0,0,1,0,1,0,0,1
oživjeti,0,1,0,0,0,1,1,0,0,0
opoziv,0,0,0,0,0,1,0,0,0,0
opozvati,1,0,1,1,0,1,0,1,0,0
pobuna,1,0,0,0,0,1,0,0,1,0
revoltiran,1,0,1,1,0,1,0,0,0,0
revolucija,1,1,0,1,0,1,1,1,1,0
revolucionarna,0,0,0,0,0,0,1,0,0,0
revolucionirati,0,0,0,0,0,0,0,0,0,0
okretati se,0,0,0,0,0,0,0,0,0,0
revolver,1,0,0,1,0,1,0,1,0,0
odbojnost,1,0,1,1,0,1,0,0,0,0
nagrada,0,1,0,0,1,0,1,0,1,1
retorika,0,0,0,0,0,0,0,0,0,0
retorički,0,0,0,0,0,0,0,0,0,0
reumatizam,1,0,0,1,0,1,0,1,0,0
rima,0,0,0,0,0,0,0,0,0,0
rimovanje,0,0,0,0,0,0,0,0,0,0
ritam,0,0,0,0,0,0,1,0,0,0
ritmički,0,0,0,0,1,0,1,0,1,0
rebro,0,0,0,0,0,0,0,0,0,0
rebrasti,0,0,0,0,0,0,0,0,0,0
vrpca,1,1,0,0,1,0,1,0,0,0
riža,0,0,0,0,0,0,0,0,0,0
bogatstvo,0,0,0,0,0,0,0,0,0,0
bogatstvo,0,0,0,0,0,0,1,0,0,0
rick,0,0,0,0,0,0,0,0,0,0
rahitičan,0,0,0,0,0,1,0,0,0,0
osloboditi,0,0,0,0,0,0,0,0,0,0
oslobađanje,0,0,0,0,0,0,0,0,0,0
zagonetka,0,0,0,0,0,0,0,0,1,0
izrešetan,0,0,0,0,0,1,0,0,0,0
vožnja,0,0,0,0,0,0,0,0,0,0
jahač,0,0,0,0,0,0,1,0,0,0
greben,0,0,0,0,0,0,0,0,0,0
ismijavanje,1,0,1,0,0,1,0,1,0,0
smiješan,1,0,1,0,0,1,0,0,0,0
jahanje,0,0,0,0,0,0,0,0,0,0
raširen,0,0,0,0,0,1,0,0,0,0
puška,1,0,0,1,0,1,0,0,0,0
pušaka,0,0,0,0,0,0,0,0,0,0
puknuti,0,0,0,0,0,1,0,0,0,0
opremiti,0,0,0,0,0,0,0,0,0,0
namještanje,0,0,0,0,0,0,0,0,0,0
pravednik,0,0,0,0,0,0,1,0,0,0
s pravom,0,0,0,0,0,0,1,0,0,0
s pravom,0,0,0,0,0,0,1,0,0,0
kruta,0,0,0,0,0,1,0,0,0,0
krutost,0,0,0,0,0,1,0,0,0,0
strogost,0,0,1,1,0,1,0,0,0,0
rigorozan,0,0,0,0,0,1,0,0,0,0
rub,0,0,0,0,0,0,0,0,0,0
kora,0,0,0,0,0,0,0,0,0,0
prsten,0,0,0,0,0,0,0,0,0,0
zvono,1,0,0,0,0,1,0,0,0,0
zvonjava,0,0,0,0,0,0,0,0,0,0
klizalište,0,0,0,0,0,0,0,0,0,0
ispiranje,0,0,0,0,0,0,0,0,0,0
pobuna,1,0,0,1,0,1,0,0,0,0
buntovnički,1,0,0,1,0,1,0,0,1,0
priobalni,0,0,0,0,0,0,0,0,0,0
zrelo,0,0,0,0,0,0,1,0,0,0
sazrijevati,0,1,0,0,0,0,1,0,0,0
sazrijevanje,0,0,0,0,0,0,0,0,0,0
mreškanje,0,0,0,0,0,0,0,0,0,0
ustati,0,0,0,0,0,0,0,0,0,0
dižući se,0,1,0,0,1,0,1,0,0,0
rizik,0,1,0,1,0,1,0,0,0,0
riskantno,0,1,0,1,0,1,0,0,0,0
obred,0,0,0,0,0,0,0,0,0,0
ritual,0,0,0,0,0,0,0,0,0,0
obredni,0,0,0,0,0,0,0,0,0,0
rival,0,0,0,0,0,0,0,0,0,0
suparništvo,1,0,0,0,0,1,0,0,0,0
Rijeka,0,0,0,0,0,0,0,0,0,0
obala rijeke,0,0,0,0,0,0,0,0,0,0
zakovica,0,0,0,0,0,0,0,0,0,0
zakovicama,0,0,0,0,0,0,0,0,0,0
zakivanje,0,0,0,0,0,0,1,0,0,0
cesta,0,0,0,0,0,0,0,0,0,0
cestama,0,0,0,0,0,0,0,0,0,0
roadster,0,0,0,0,1,0,1,0,0,1
prometnica,0,0,0,0,0,0,0,0,0,0
lutati,0,0,0,0,0,0,0,0,0,0
rikati,0,0,0,0,0,0,0,0,0,0
pečenje,0,0,0,0,0,0,0,0,0,0
opljačkati,1,0,1,1,0,1,0,1,0,0
razbojnik,0,0,1,1,0,1,0,0,0,0
pljačka,1,0,1,1,0,1,0,1,0,0
ogrtač,0,0,0,0,0,0,0,0,0,0
robot,0,0,0,0,0,0,0,0,0,0
robotika,0,0,0,0,0,0,0,0,0,0
robustan,0,0,0,0,0,0,1,0,0,0
roc,0,0,0,0,0,0,0,0,0,0
stijena,0,0,0,0,0,0,1,0,0,0
raketa,1,0,0,0,0,0,0,0,0,0
stijene,0,0,0,0,0,0,0,0,0,0
štap,0,0,0,1,0,0,1,0,0,1
srna,0,0,0,0,0,0,0,0,0,0
lupež,0,0,1,0,0,1,0,0,0,0
uloga,0,0,0,0,0,0,0,0,0,0
svitak,0,0,0,0,0,0,0,0,0,0
valjak,0,0,0,0,0,0,0,0,0,0
valjci,0,0,0,0,0,0,0,0,0,0
veseo,0,0,0,0,1,0,1,0,0,0
valjanje,0,0,0,0,0,0,0,0,0,0
romantika,0,1,0,1,1,0,1,1,1,1
romantičan,0,1,0,0,1,0,1,0,0,1
romantizam,0,0,0,0,1,0,1,0,0,0
nered,0,0,0,0,1,0,1,0,0,0
krov,0,0,0,0,0,0,0,0,0,0
vrana,1,0,1,0,0,1,0,0,0,0
soba,0,0,0,0,0,0,0,0,0,0
prostrano,0,0,0,0,0,0,0,0,0,0
kokošarnik,0,0,0,0,0,0,0,0,0,0
pijetao,0,0,0,0,0,0,0,0,0,0
korijen,0,0,0,0,0,0,0,0,0,0
ukorijenjen,0,0,0,0,0,0,1,0,0,1
uže,0,0,0,0,0,0,0,0,0,0
brojanica,0,0,0,0,0,0,0,0,0,0
ruža,0,0,0,0,0,0,0,0,0,0
ružmarin,0,0,0,0,0,0,0,0,0,0
rozeta,0,0,0,0,0,0,0,0,0,0
spisak imena,0,0,0,0,0,0,0,0,0,0
rumena,0,0,0,0,0,0,1,0,0,0
istrunuti,0,0,1,1,0,1,0,1,0,0
rota,0,0,0,0,0,0,1,0,0,1
rotacijski,0,0,0,0,0,0,0,0,0,0
rotirati,0,0,0,0,0,0,0,0,0,0
rotacija,0,0,0,0,0,0,0,0,0,0
napamet,0,0,0,0,0,0,0,0,0,0
rotor,0,0,0,0,0,0,0,0,0,0
truljenje,0,0,1,0,0,1,0,0,0,0
rumenilo,0,0,0,0,0,0,0,0,0,0
hrapav,0,0,0,0,0,0,0,0,0,0
grubo,0,0,0,0,0,0,0,0,0,0
hrapavost,0,0,0,0,0,1,0,0,0,0
rulet,0,1,0,0,0,0,0,0,0,0
krug,0,0,0,0,0,0,0,0,0,0
kružni tok,0,0,0,0,0,0,0,0,0,0
zaobljena,0,0,0,0,0,0,0,0,0,0
okupite se,0,0,0,0,0,0,0,0,0,0
probuditi,0,0,0,0,0,0,0,0,0,0
uzbuđivač,0,0,0,0,0,0,0,0,0,0
uzbuđivanje,0,0,0,0,0,0,0,0,0,0
potući se,0,0,0,0,0,1,0,0,0,0
ruta,0,0,0,0,0,0,0,0,0,0
rutinski,0,0,0,0,0,0,1,0,0,1
rover,0,0,0,0,0,0,0,0,0,0
lutajući,0,0,0,0,0,0,0,0,0,0
red,1,0,0,0,0,1,0,0,0,0
grubijan,0,0,0,0,0,1,0,0,0,0
kraljevski,0,0,0,0,0,0,0,0,0,0
tantijema,0,0,0,0,0,0,1,0,0,0
trljati,0,0,0,0,0,0,0,0,0,0
guma,0,0,0,0,0,0,0,0,0,0
gumice,0,0,0,0,0,0,0,0,0,0
trljanje,0,0,0,0,0,0,0,0,0,0
smeće,0,0,1,0,0,1,0,0,0,0
ruševine,0,0,0,1,0,1,0,1,0,0
rubrika,0,0,0,0,0,0,1,0,0,0
rubin,0,0,0,0,0,0,0,0,0,0
kormilo,0,0,0,0,0,0,0,0,0,0
rumen,0,0,0,0,0,0,0,0,0,0
rudimentaran,0,0,0,0,0,0,0,0,0,0
rudimenti,0,0,0,0,0,0,0,0,0,0
rue,0,0,0,0,0,1,0,1,0,0
grgeč,0,0,0,0,0,0,0,0,0,0
naborati se,0,0,0,0,0,1,0,0,0,0
tepih,0,0,0,0,0,0,0,0,0,0
hrapav,0,0,0,0,0,1,0,0,0,0
propast,0,0,0,1,0,1,0,1,0,0
upropašten,1,0,1,1,0,1,0,1,0,0
ruševna,1,0,1,1,0,1,0,1,0,0
ruševine,0,0,0,0,0,0,0,0,0,0
Pravilo,0,0,0,1,0,0,0,0,0,1
vladar,0,0,0,0,0,0,0,0,0,0
vladajući,0,0,0,0,0,0,0,0,0,0
rum,0,0,0,0,0,0,0,0,0,0
tutnjava,0,0,0,0,0,0,0,0,0,0
čeprkati,0,0,0,0,0,0,0,0,0,0
glasina,0,0,0,0,0,1,0,1,0,0
šuškalo se,0,0,0,0,0,0,0,0,0,0
zadnjica,0,0,0,0,0,0,0,0,0,0
pobjeći,0,0,0,0,0,1,0,1,0,0
rune,0,0,0,0,0,0,0,0,0,0
prečaga,0,0,0,0,0,0,0,0,0,0
trkač,0,0,0,0,0,0,0,0,0,0
trčanje,0,0,0,0,0,0,0,0,0,0
pista,0,0,0,0,0,0,0,0,0,0
puknuće,0,0,0,1,0,1,0,1,1,0
ruralna,0,0,0,0,0,0,0,0,0,0
smicalica,0,0,0,0,0,1,0,0,0,0
žuriti,0,0,0,0,0,0,0,0,0,0
hrđati,0,0,0,0,0,1,0,0,0,0
rustikalna,0,0,0,0,0,0,0,0,0,0
šuškanje,0,0,0,0,0,0,0,0,0,0
zapušten,0,0,0,0,0,1,0,0,0,0
kolotečina,0,0,0,0,0,0,0,0,0,0
ruth,0,0,0,0,0,0,1,0,0,0
nemilosrdan,1,0,1,1,0,1,0,0,0,0
raž,0,0,0,0,0,0,0,0,0,0
sablja,1,0,0,1,0,1,0,0,0,0
samurovina,0,0,0,0,0,0,0,0,0,0
sabotaža,1,0,1,1,0,1,0,1,1,0
vrećica,0,0,0,0,0,0,0,0,0,0
vreća,0,0,0,0,0,0,0,0,0,0
sakrament,0,0,0,0,0,0,0,0,0,0
sveto,0,0,0,0,0,0,0,0,0,0
žrtve,0,0,1,1,0,1,0,1,0,0
sedlo,0,0,0,0,0,0,0,0,0,0
nažalost,0,0,0,0,0,1,0,1,0,0
tuga,0,0,0,0,0,1,0,1,0,1
sef,0,0,0,0,1,0,1,0,0,1
zaštita,0,0,0,0,0,0,1,0,0,1
sigurnosno čuvanje,0,0,0,0,0,0,0,0,0,1
sigurnost,0,0,0,0,0,0,0,0,0,0
šafran,0,0,0,0,0,0,0,0,0,0
popustiti,0,0,0,1,0,1,0,0,0,0
saga,0,0,0,0,0,0,0,0,0,0
kadulja,0,0,0,0,0,0,1,0,0,1
ploviti,0,0,0,0,0,0,0,0,0,0
jedrenje,0,0,0,0,0,0,0,0,0,0
mornar,0,0,0,0,0,0,0,0,0,0
svetac,0,1,0,0,1,0,1,0,1,1
svetački,0,1,0,0,1,0,1,0,1,1
salata,0,0,0,0,0,0,0,0,0,0
salamander,0,0,0,0,0,0,0,0,0,0
plaća,0,1,0,0,1,0,1,0,0,1
prodaja,0,0,0,0,0,0,0,0,0,0
prodavač,0,0,0,0,0,0,0,0,0,0
istaknut,0,0,0,0,0,0,1,0,0,0
fiziološka otopina,0,0,0,0,0,0,0,0,0,0
slina,0,1,0,0,0,0,0,0,0,0
Sally,0,0,0,0,0,0,0,0,1,0
salon,0,0,0,0,0,0,0,0,0,0
salon,1,0,0,0,0,0,0,0,0,0
sol,0,0,0,0,0,0,0,0,0,0
slan,0,0,0,0,0,0,0,0,0,0
spasonosan,0,0,0,0,1,0,1,0,0,1
pozdrav,0,0,0,0,0,0,0,0,0,0
pozdrav,0,0,0,0,1,0,1,0,0,0
spasiti,0,0,0,0,0,0,0,0,0,0
spasenje,0,1,0,0,1,0,1,0,0,1
melem,0,0,0,0,0,0,1,0,0,0
samba,0,0,0,0,0,0,0,0,0,0
istovjetnost,0,0,0,0,0,0,0,0,0,0
samuraj,0,0,0,1,0,0,1,0,0,0
posvećenje,0,0,0,0,1,0,1,0,0,1
posvećeni,0,0,0,0,0,0,0,0,0,0
posvetiti,0,1,0,0,1,0,1,1,1,1
sankcija,0,0,0,0,0,0,0,0,0,0
sankcioniran,0,0,0,0,0,0,0,0,0,0
svetost,0,0,0,0,0,0,0,0,0,0
svetilište,0,1,0,0,1,0,1,0,0,1
pijesak,0,0,0,0,0,0,0,0,0,0
sandala,0,0,0,0,0,0,0,0,0,0
brusilica,0,0,0,0,0,0,0,0,0,0
pijesak,0,0,0,0,0,0,0,0,0,0
pjeskovita,0,0,0,0,0,0,0,0,0,0
razuman,0,0,0,0,0,0,0,0,0,0
sangvinik,0,0,0,0,0,0,1,0,0,0
sanitarni,0,0,0,0,0,0,1,0,0,0
duševno zdravlje,0,0,0,0,0,0,0,0,0,0
sans,0,0,0,0,0,0,0,0,0,0
sok,0,0,0,0,0,1,0,1,0,0
safir,0,0,0,0,0,0,0,0,0,0
sočan,0,0,0,0,0,0,0,0,0,1
sarkazam,1,0,1,0,0,1,0,1,0,0
sarkom,0,0,0,1,0,1,0,1,0,0
sardoničan,0,0,0,0,0,1,0,0,0,0
krilo,0,0,0,0,0,0,0,0,0,0
sotonski,1,0,0,0,0,1,0,0,0,0
torbica,0,0,0,0,0,0,0,0,0,0
zasititi,0,0,0,0,0,0,0,0,0,0
satelit,0,0,0,0,0,0,0,0,0,0
saten,0,0,0,0,0,0,1,0,0,0
satira,0,0,0,0,0,0,0,0,0,0
satiričan,0,0,0,0,0,0,0,0,0,0
zadovoljstvo,0,0,0,0,0,0,0,0,0,0
zadovoljavajuće,0,0,0,0,0,0,1,0,0,0
zadovoljan,0,0,0,0,1,0,1,0,0,0
zasititi,0,0,0,0,0,0,0,0,0,0
zasićena,0,0,1,0,0,1,0,0,0,0
zasićenost,0,0,0,0,0,0,0,0,0,0
umak,0,0,0,0,0,0,0,0,0,0
lonac za pirjanje,0,0,0,0,0,0,0,0,0,0
tanjurić,0,0,0,0,0,0,0,0,0,0
bezobrazan,0,0,0,0,0,0,0,0,0,0
kiseli kupus,0,0,0,0,0,0,0,0,0,0
sauna,0,0,0,0,0,0,0,0,0,0
divljak,1,0,0,1,0,1,0,0,0,0
divljaštvo,1,0,0,1,0,1,0,0,0,0
savana,0,0,0,0,0,0,0,0,0,0
uštedjeti,0,0,0,0,1,0,1,0,0,1
spremanje,0,0,0,0,0,0,0,0,0,0
štednja,0,0,0,0,0,0,1,0,0,0
uživati,0,1,1,0,1,0,1,1,0,1
ukusan,0,0,0,0,0,0,1,0,0,0
pametan,0,0,0,0,0,0,1,0,0,0
piljevina,0,0,0,0,0,0,0,0,0,0
saksofon,0,0,0,0,0,0,0,0,0,0
saksofon,0,0,0,0,0,0,0,0,0,0
krasta,0,0,0,0,0,1,0,0,0,0
korice,0,0,0,0,0,0,0,0,0,0
skele,0,0,0,1,0,1,0,0,0,0
skele,0,0,0,0,0,0,0,0,0,0
mjerilo,0,0,0,0,0,0,0,0,0,0
mjerila,0,0,0,0,0,0,0,0,0,0
jakobova kapica,0,0,0,0,0,0,0,0,0,0
skalp,0,0,0,0,0,0,0,0,0,0
skalpel,0,0,0,1,0,1,0,0,0,0
pokriven krljuštima,0,0,0,0,0,1,0,0,0,0
skenirati,0,0,0,0,0,0,0,0,0,0
skandal,0,0,0,1,0,1,0,0,0,0
skandalozno,1,0,0,0,0,1,0,0,0,0
oskudan,0,0,0,0,0,1,0,0,0,0
trup,0,0,0,0,0,0,0,0,0,0
žrtveni jarac,1,0,0,1,0,1,0,0,0,0
ožiljak,1,0,1,1,0,1,0,1,0,0
skarabej,0,0,0,0,0,0,0,0,0,0
oskudan,0,0,0,1,0,1,0,1,0,0
jedva,0,0,0,0,0,1,0,1,0,0
oskudica,1,0,0,1,0,1,0,1,0,0
uplašiti,1,1,0,1,0,1,0,0,1,0
strašilo,0,0,0,1,0,1,1,0,0,0
šal,0,0,0,0,0,0,0,0,0,0
grimizna,0,0,0,0,0,0,0,0,0,0
raspršiti,0,0,0,0,0,0,0,0,0,0
raštrkani,0,0,0,0,0,0,0,0,0,0
raspršivanje,0,0,0,0,0,0,0,0,0,0
smetlar,0,0,0,0,0,1,0,0,0,0
scena,0,0,0,0,0,0,0,0,0,0
krajolik,0,0,0,0,0,0,0,0,0,0
scenski,0,0,0,0,0,0,0,0,0,0
miris,0,0,0,0,0,0,0,0,0,0
skeptičan,0,0,0,0,0,0,0,0,0,1
skepticizam,0,0,0,0,0,0,0,0,0,0
shematski,0,0,0,0,0,0,0,0,0,0
shema,0,0,0,0,0,1,0,0,0,0
raskol,1,0,0,0,0,1,0,0,0,0
shizofrenija,1,0,1,1,0,1,0,1,0,0
učenjak,0,0,0,0,0,0,1,0,0,0
učenjački,0,0,0,0,0,0,0,0,0,0
stipendija,0,0,0,0,1,0,1,0,0,0
škola,0,0,0,0,0,0,0,0,0,1
školarac,0,0,0,0,0,0,0,0,0,0
školovanje,0,0,0,0,0,0,0,0,0,0
učitelj,0,0,0,0,0,0,0,0,0,0
škuna,0,0,0,0,0,0,0,0,0,0
išijas,0,0,0,0,0,1,0,0,0,0
znanost,0,0,0,0,0,0,0,0,0,0
znanstveni,0,0,0,0,0,0,1,0,0,1
znanstvenik,0,1,0,0,0,0,1,0,0,1
trunka,0,0,0,0,0,0,1,0,0,0
scintilacija,0,0,0,0,0,0,0,0,0,0
scintilator,0,0,0,0,0,0,0,0,0,0
potomak,0,0,0,0,0,0,0,0,0,0
škare,0,0,0,0,0,0,0,0,0,0
rugati se,1,0,1,0,0,1,0,0,0,0
grditi,1,0,1,1,0,1,0,1,0,0
grdnja,1,0,0,0,0,1,0,0,0,0
kašičica,0,0,0,0,0,0,0,0,0,0
djelokrug,0,0,0,0,0,0,0,0,0,0
spaljivanjem,1,0,0,0,0,1,0,0,0,0
postići,0,1,0,0,1,0,1,0,1,0
rezultati,0,0,0,0,0,0,0,0,0,0
prezir,1,0,0,0,0,1,0,0,0,0
škorpion,1,0,1,1,0,1,0,0,1,0
scotch,0,0,0,0,0,1,0,0,0,0
hulja,1,0,1,1,0,1,0,0,0,1
ribati,0,0,0,0,0,0,0,0,0,0
bičevati,1,0,0,1,0,1,0,1,0,0
izviđač,0,0,0,0,0,0,0,0,0,0
škrabati,0,0,0,0,0,0,0,0,0,0
otimati se,0,0,0,0,0,0,0,0,0,0
koprcanje,0,0,0,0,0,1,0,0,0,0
ostrugati,0,0,0,0,0,0,0,0,0,0
scrapie,1,0,0,1,0,1,0,1,0,0
struganje,0,0,0,0,0,0,0,0,0,0
ogrepsti,0,0,0,0,0,0,0,0,0,0
vrisak,1,0,1,1,0,1,0,0,1,0
vrištanje,1,0,1,1,0,1,0,0,0,0
vrisak,0,0,0,1,0,1,0,0,1,0
zaslon,0,0,0,0,0,0,0,0,0,0
odvijač,0,0,0,0,0,0,0,0,0,0
sjeban,1,0,0,0,0,1,0,0,0,0
škrabotine,0,0,0,0,0,0,0,0,0,0
pisar,0,0,0,0,0,0,1,0,0,0
krkljanac,0,0,0,0,0,1,0,0,1,0
cedulja,0,0,0,0,0,0,0,0,0,0
skripta,0,0,0,0,0,0,1,0,0,0
biblijski,0,0,0,0,0,0,0,0,0,0
sveto pismo,0,0,0,0,0,0,0,0,0,1
svitak,0,0,0,0,0,0,0,0,0,0
pročišćavati,0,0,1,0,0,1,0,0,0,0
divan,0,0,0,0,0,0,1,0,0,0
savjestan,0,0,0,0,0,0,0,0,0,0
proučavati,0,1,0,0,0,1,0,0,0,0
pomno ispitivanje,0,0,0,0,0,1,0,0,0,0
kipar,0,0,0,0,0,0,0,0,0,0
skulptura,0,0,0,0,0,0,1,0,0,0
isklesan,0,0,0,0,0,0,0,0,0,0
bagra,0,0,1,0,0,1,0,0,0,0
more,0,0,0,0,0,0,1,0,0,0
morska obala,0,0,0,0,0,0,0,0,0,0
pečat,0,0,0,0,0,0,1,0,0,1
tuljani,0,0,0,0,0,0,0,0,0,1
šav,0,0,0,0,0,0,0,0,0,0
pomorac,0,0,0,0,0,0,0,0,0,0
bez šavova,0,0,0,0,0,0,0,0,0,0
krojačica,0,0,0,0,0,0,0,0,0,0
morska luka,0,0,0,0,0,0,0,0,0,0
pržiti,0,0,0,0,0,1,0,0,0,0
traži,0,0,0,0,0,0,0,0,0,0
traženje,0,0,0,0,0,0,0,0,0,0
spržen,0,0,0,0,0,0,0,0,0,0
Primorsko,0,0,0,0,0,0,0,0,0,0
sezona,0,0,0,0,0,0,0,0,0,0
začinjena,0,0,0,0,0,0,1,0,0,0
začin,0,0,0,0,0,0,0,0,0,0
sjedalo,0,0,0,0,0,0,0,0,0,0
otcjepljenja,0,0,0,0,0,1,0,0,0,0
osamljen,0,0,0,0,0,1,0,1,0,0
povučenost,0,0,0,1,0,1,1,0,0,0
sekundarni,0,0,0,0,0,0,0,0,0,0
druga ruka,0,0,0,0,0,1,0,0,0,0
tajnost,0,0,0,0,0,0,0,0,1,1
tajna,0,0,0,0,0,0,0,0,0,1
tajništvo,0,0,0,0,0,0,1,0,0,0
tajnica,0,0,0,0,0,0,0,0,0,0
lučiti,0,0,1,0,0,0,0,0,0,0
lučenje,0,0,1,0,0,1,0,0,0,0
tajnovit,0,0,0,0,0,1,0,0,0,0
tajno,0,0,0,0,0,0,0,0,0,0
sekta,0,0,0,0,0,0,0,0,0,0
sektaški,1,0,0,1,0,1,0,0,0,0
sekcijski,0,0,0,0,0,0,0,0,0,0
sektor,0,0,0,0,0,0,0,0,0,0
svjetovni,0,1,0,0,0,0,0,0,0,0
sekularizam,0,0,0,0,0,0,0,0,0,0
vrijednosni papiri,0,0,0,0,0,0,0,0,0,1
sigurnosti,0,0,0,0,0,0,0,0,0,0
limuzina,0,0,0,0,0,0,0,0,0,0
trijezan,0,0,0,0,0,0,0,0,0,0
sedativ,0,0,0,0,0,0,0,0,0,0
sjedeći,0,0,0,0,0,0,0,0,0,0
šaš,0,0,0,0,0,0,0,0,0,0
sediment,0,0,0,0,0,0,0,0,0,0
sedimentni,0,0,0,0,0,0,0,0,0,0
pobuna,1,0,0,0,0,1,0,1,0,0
zavesti,0,0,0,0,0,1,0,0,0,0
zavodljiv,0,0,0,0,0,0,0,0,0,0
zavođenje,0,0,0,0,0,1,0,0,0,0
zavodljiv,0,1,0,0,0,0,0,0,0,0
sjeme,0,0,0,0,0,0,0,0,0,0
sadnica,0,0,0,0,0,0,0,0,0,0
tražiti,0,1,0,0,0,0,0,0,0,0
tragač,0,0,0,0,0,0,0,0,0,0
naizgled,0,0,0,0,0,0,0,0,0,0
vidjelica,0,0,0,0,0,0,0,0,0,0
uzavrelo,0,0,0,0,0,0,0,0,0,0
segment,0,0,0,0,0,0,0,0,0,0
odvojiti,1,0,1,0,0,1,0,1,0,0
odvojeni,0,0,0,0,0,1,0,0,0,0
segregacija,0,0,0,0,0,0,0,0,0,0
zaplijeniti,0,0,0,1,0,1,0,0,0,0
napadaj,0,0,0,1,0,0,0,0,0,0
rijetko,0,0,0,0,0,0,0,0,0,0
Odaberi,0,0,0,0,0,0,0,0,0,0
izbor,0,0,0,0,0,0,0,0,0,0
sebičan,1,0,1,0,0,1,0,0,0,0
sebičnost,0,0,0,0,0,1,0,0,0,0
prodavati,0,0,0,0,0,0,0,0,0,0
prodavač,0,0,0,0,0,0,0,0,0,0
semafor,0,0,0,0,0,0,0,0,0,0
prividnost,0,0,0,0,0,0,0,0,0,0
sjeme,0,0,0,0,0,0,0,0,0,0
točka i zarez,0,0,0,0,0,0,0,0,0,0
sjemenski,0,0,0,0,0,0,0,0,0,0
seminar,0,0,0,0,0,0,0,0,0,0
sjemenište,0,0,0,0,0,0,0,0,0,0
semiotika,0,0,0,0,0,0,0,0,0,0
senat,0,0,0,0,0,0,0,0,0,1
senator,0,0,0,0,0,0,0,0,0,0
poslati,0,0,0,0,0,0,0,0,0,0
starenje,0,0,0,0,0,0,0,0,0,0
senilan,0,0,0,1,0,1,0,1,0,0
stariji,0,0,0,0,0,0,0,0,0,0
radni staž,0,0,0,0,0,0,1,0,0,1
osjećaj,0,0,0,0,0,0,0,0,0,0
senzacionalan,0,0,0,0,1,0,1,0,0,0
osjećaj,0,0,0,0,0,0,1,0,0,0
besmislen,1,0,1,1,0,1,0,1,1,0
osjetila,0,0,0,0,0,0,0,0,0,0
osjećajnost,0,0,0,0,0,0,1,0,0,0
razumno,0,0,0,0,0,0,1,0,0,0
osjetljiv,0,0,0,0,0,0,0,0,0,0
osjetilni,0,0,0,0,0,0,0,0,0,0
senzualan,0,1,0,0,1,1,1,0,1,1
senzualnost,0,1,0,0,1,0,1,0,0,0
senzualan,0,0,0,0,1,0,1,0,0,0
rečenica,1,1,1,1,0,1,0,1,0,0
osjećajan,0,0,0,0,0,0,0,0,0,0
sentiment,0,0,0,0,0,0,0,0,0,0
sentimentalan,0,0,0,0,0,0,1,0,0,0
sentimentalnost,0,0,0,0,0,0,1,0,0,0
stražar,0,0,0,0,0,0,1,0,0,1
stražar,0,0,0,0,0,0,0,0,0,1
odvojiv,0,0,0,0,0,0,0,0,0,0
odvojiti,0,0,0,0,0,0,0,0,0,0
odvojeno,0,0,0,0,0,0,0,0,0,0
odvajanje,0,0,0,0,0,0,0,0,0,0
separatist,1,0,1,0,0,1,0,0,0,0
sepija,0,0,0,0,0,0,0,0,0,0
sepsa,0,0,0,1,0,1,0,1,0,0
ruj,0,0,0,0,0,0,0,0,0,0
septički,0,0,1,0,0,1,0,0,0,0
septum,0,0,0,0,0,0,0,0,0,0
nastavak,0,1,0,0,0,0,0,0,0,0
slijed,0,0,0,0,0,0,0,0,0,0
sljedstven,0,0,0,0,0,0,0,0,0,0
sekvestriran,0,0,0,0,0,0,0,0,0,0
sekvestracija,0,0,0,0,0,1,0,1,0,0
spokojan,0,0,0,0,0,1,0,0,0,1
spokoj,0,1,0,0,1,0,1,0,0,1
narednik,0,0,0,0,0,0,0,0,0,0
serijski,0,1,0,0,0,0,0,0,0,0
niz,0,0,0,0,0,0,0,0,0,1
serif,0,0,0,0,0,0,0,0,0,0
ozbiljnost,0,0,0,1,0,0,0,1,0,0
propovijed,0,0,0,0,0,0,1,0,0,1
zmija,0,0,1,1,0,1,0,0,0,0
serpentina,0,0,0,0,0,0,0,0,0,0
nazubljeni,0,0,0,0,0,0,0,0,0,0
serum,0,0,0,0,0,0,1,0,0,0
sluga,0,0,0,0,0,1,0,0,0,1
poslužiti,0,0,0,0,0,1,0,0,0,1
servis,0,0,0,0,0,0,0,0,0,0
uslužan,0,0,0,0,0,0,0,0,0,0
sluganski,0,0,1,1,0,1,0,1,0,0
ropstvo,0,0,0,0,0,1,0,0,0,0
sess,0,0,0,0,0,0,0,0,0,0
sjednica,0,0,0,0,0,0,0,0,0,0
sjednice,0,0,0,0,0,0,0,0,0,0
postaviti,0,0,0,0,0,0,0,0,0,0
nazadak,0,0,0,0,0,1,0,1,0,0
postaviti,0,0,0,0,0,0,0,0,0,0
seter,0,0,0,0,0,0,0,0,0,0
podmiriti se,0,0,0,0,0,0,0,0,0,0
namireni,0,0,0,0,0,0,0,0,0,0
naseljenik,0,0,0,0,0,0,0,0,0,0
naseljenik,0,0,0,1,0,0,1,0,0,0
sedmi,0,0,0,0,0,0,0,0,0,0
sedamdeset,0,0,0,0,0,0,0,0,0,0
razdvojiti,0,0,0,0,0,1,0,0,0,0
odvojiv,0,0,0,0,0,0,0,0,0,0
pojedinačno,0,0,0,0,0,0,0,0,0,0
raskid,0,0,0,0,0,0,0,1,0,0
ozbiljno,0,0,0,0,0,0,0,0,0,0
ozbiljnost,0,0,0,0,0,0,0,0,0,0
sašiti,0,0,0,0,0,0,0,0,0,0
kanalizacija,0,0,1,0,0,1,0,0,0,0
odvodni kanal,0,0,1,0,0,0,0,0,0,0
kanalizacija,0,0,1,0,0,1,0,0,0,0
seks,0,1,0,0,1,0,1,0,0,1
seksualnost,0,0,0,0,0,0,0,0,0,0
seksi,0,0,0,0,0,0,0,0,0,0
otrcan,0,0,1,0,0,1,0,0,0,0
koliba,0,0,1,0,0,1,0,1,0,0
okov,1,1,1,1,0,1,0,1,0,0
hlad,0,0,0,0,0,0,0,0,0,0
nijanse,0,0,0,0,0,0,0,0,0,0
sjenčanje,0,0,0,0,0,0,0,0,0,0
sjena,0,0,0,0,0,0,0,0,0,0
sjenovito,0,0,0,0,0,0,0,0,0,0
sjenovit,0,0,0,1,0,1,0,0,0,0
vratilo,0,0,0,0,0,0,0,0,0,0
drhtati,0,0,0,0,0,0,0,0,0,0
ispucao,0,0,0,0,0,0,0,0,0,0
tresti,0,0,0,0,0,0,0,0,0,0
uzdrman,0,0,0,0,0,0,0,0,0,0
tresući se,0,0,0,1,0,1,0,0,0,0
klimav,1,1,0,1,0,1,0,0,0,0
varka,1,0,1,0,0,1,0,0,0,0
šaman,0,0,0,0,0,0,0,0,0,0
nesreće,0,0,0,0,0,1,0,0,0,0
sram,0,0,1,1,0,1,0,1,0,0
sramotno,0,0,0,0,0,1,0,1,0,0
besraman,0,0,1,0,0,1,0,0,0,0
šangaj,0,0,1,1,0,1,0,0,0,0
koljenica,0,0,0,1,0,0,0,0,0,0
straćara,0,0,0,0,0,0,0,0,0,0
oblik,0,0,0,0,0,0,1,0,0,0
oblikovana,0,0,0,0,0,0,1,0,0,0
udio,0,1,0,0,1,0,1,0,0,1
dioničar,0,0,0,0,0,0,0,0,0,0
morski pas,0,0,0,0,0,1,0,0,0,0
izoštriti,1,1,0,0,0,0,0,0,0,0
naoštrena,0,0,0,0,0,0,0,0,0,0
šiljilo,0,0,0,0,0,0,0,0,0,0
oštrina,0,0,0,0,0,0,0,0,0,0
razbiti,1,0,0,1,0,1,0,1,1,0
razbijen,0,0,0,0,0,1,0,1,0,0
obrijati se,0,0,0,0,0,0,0,0,0,0
brijanje,0,0,0,0,0,0,0,0,0,0
šal,0,0,0,0,0,0,0,0,0,0
snop,0,0,0,0,0,0,0,0,0,0
smicanje,0,0,0,0,0,0,0,0,0,0
škare,0,0,0,0,0,0,0,0,0,0
korice,0,0,0,0,0,0,0,0,0,0
oblaganje koricama,0,0,0,0,0,0,0,0,0,0
šupa,0,0,0,0,0,1,0,0,0,0
sjaj,0,0,0,0,0,0,0,0,0,0
ovce,0,0,0,0,0,0,0,0,0,0
čista,0,0,0,0,0,0,0,0,0,0
list,0,0,0,0,0,0,0,0,0,0
polica,0,0,0,0,0,0,0,0,0,0
ljuska,1,0,0,1,0,1,0,1,1,0
školjka,0,0,0,0,0,0,0,0,0,0
zaklon,0,0,0,0,0,0,1,0,0,1
odložen na police,0,0,0,0,0,1,0,0,0,0
pastir,0,0,0,0,0,0,1,0,0,1
šerif,0,0,0,0,0,0,0,0,0,1
šeri,0,0,0,0,0,0,0,0,0,0
štit,0,0,0,0,0,0,0,0,0,0
pomaknuti,0,0,0,0,0,0,0,0,0,0
pomicanje,0,0,0,0,0,0,0,0,0,0
šiling,0,0,0,0,0,0,0,0,0,0
svjetlucanje,0,0,0,0,0,0,0,0,0,0
cjevanica,0,0,0,0,0,0,0,0,0,0
sjaj,0,0,0,0,0,0,1,0,0,0
šindra,0,0,0,0,0,0,0,0,0,0
blistavo,0,1,0,0,1,0,1,0,0,0
sjajan,0,0,0,0,0,0,0,0,0,0
brod,0,1,0,0,0,0,0,0,0,0
Pošiljka,0,0,0,0,0,0,0,0,0,0
dostava,0,0,0,0,0,0,0,0,0,0
brodolom,0,0,0,1,0,1,0,1,0,0
okrug,0,0,0,0,0,0,0,0,0,0
košulja,0,0,0,0,0,0,0,0,0,0
sranje,1,0,1,0,0,1,0,0,0,0
drhtaj,1,1,0,1,0,1,0,1,0,0
drhtanje,0,0,0,0,0,0,0,0,0,0
plićaci,0,0,0,0,0,0,0,0,0,0
šok,1,0,0,1,0,1,0,0,1,0
šokantno,0,0,0,0,0,0,0,0,1,0
nekvalitetan,1,0,1,0,0,1,0,0,0,0
cipela,0,0,0,0,0,0,0,0,0,0
postolar,0,0,0,0,0,0,0,0,0,0
pucati,1,0,0,1,0,1,0,0,0,0
strijelac,0,0,0,1,0,0,0,0,0,0
pucanje,1,0,0,1,0,1,0,0,0,0
dućan,0,0,0,0,0,0,0,0,0,0
trgovac,0,0,0,0,0,0,0,0,0,1
krađa po dućanima,1,0,1,0,0,1,0,0,0,0
shopping,0,1,0,0,1,0,1,0,1,1
poduprijeti,0,0,0,0,0,0,0,0,0,0
ošišan,0,0,0,0,0,0,0,0,0,0
kratak,0,0,0,0,0,0,0,0,0,0
nedostatak,1,0,0,1,0,1,0,1,0,0
nedostatak,0,0,0,0,0,1,0,0,0,0
skratiti,0,0,0,0,0,0,0,0,0,0
skraćivanje,0,0,0,0,0,0,0,0,0,0
stenografija,0,0,0,0,0,0,0,0,0,0
ukratko,0,1,0,0,0,0,0,0,0,0
kratkoća,0,0,0,0,0,0,0,0,0,0
kratke hlače,0,0,0,0,0,0,0,0,0,0
pucao,1,0,0,1,0,1,0,1,1,0
sačmarica,0,0,0,0,0,0,0,0,0,0
rame,0,0,0,0,0,0,1,0,0,1
vikati,1,0,0,0,0,0,0,0,1,0
gurati,1,0,0,0,0,1,0,0,0,0
lopata,0,0,0,0,0,0,0,0,0,0
lopatanje,0,0,0,0,0,0,0,0,0,0
pokazati,0,0,0,0,0,0,0,0,0,1
tuš,0,0,0,0,0,0,0,0,0,0
pokazivanje,0,0,0,0,0,0,0,0,0,0
upadljiv,0,0,0,0,0,1,0,0,0,0
geleri,0,0,0,1,0,0,0,0,0,0
usitniti,0,0,0,0,0,0,0,0,0,0
oštrouman,0,0,0,0,0,0,1,0,0,0
krik,1,0,0,1,0,1,0,1,1,0
kreštavo,1,0,0,1,0,1,0,0,1,0
škampi,0,0,0,0,0,0,0,0,0,0
svetište,0,0,0,0,0,0,0,0,0,0
se smanjiti,0,0,0,1,0,1,0,1,0,0
skupljanje,0,0,0,0,0,0,0,0,0,0
pokrov,0,0,0,0,0,0,0,1,0,0
grm,0,0,0,0,0,0,0,0,0,0
grmlje,0,0,0,0,0,0,0,0,0,0
slijeganje,0,0,0,0,0,0,0,0,0,0
skupio se,0,0,0,0,0,1,0,0,0,0
jeza,0,0,0,1,0,1,0,0,0,0
miješati se,0,0,0,0,0,0,0,0,0,0
premetanje,0,0,0,0,0,0,0,0,0,0
izbjegavati,1,0,1,0,0,1,0,1,0,0
šant,0,0,0,0,0,0,0,0,0,0
zatvoriti,0,0,0,0,0,0,0,0,0,0
zatvarač,0,0,0,0,0,0,0,0,0,0
čunak,0,0,0,0,0,0,0,0,0,0
sib,0,0,0,0,0,0,0,0,0,1
sic,0,0,0,0,0,0,0,0,0,0
bolestan,0,0,1,0,0,1,0,1,0,0
odvratan,1,0,1,1,0,1,0,1,0,0
srp,0,0,0,0,0,0,0,0,0,0
boležljivo,0,0,1,0,0,1,0,1,0,0
bolest,0,0,1,1,0,1,0,1,0,0
strana,0,0,0,0,0,0,0,0,0,0
stol za posuđe,0,0,0,0,0,0,0,0,0,0
postrance,0,0,0,0,0,0,0,0,0,0
postrance,0,0,0,0,0,0,0,0,0,0
opsada,0,0,0,0,0,0,0,0,0,0
siesta,0,0,0,0,0,0,0,0,0,0
sito,0,0,0,0,0,0,0,0,0,0
prosijavanje,0,0,0,0,0,0,0,0,0,0
uzdah,0,0,0,0,0,0,0,0,0,0
vid,0,0,0,0,0,0,0,0,0,0
znak,0,0,0,0,0,0,0,0,0,0
signal,0,0,0,0,0,0,0,0,0,0
potpis,0,0,0,0,0,0,0,0,0,1
značaj,0,0,0,0,0,0,0,0,0,0
značajan,0,0,0,0,0,0,0,0,0,0
označavanje,0,0,0,0,0,0,0,0,0,0
označavati,0,1,0,0,0,0,0,0,0,0
putokaz,0,0,0,0,0,0,0,0,0,0
tihi,0,0,0,0,0,0,0,0,0,0
nečujno,0,0,0,0,0,0,0,0,0,0
silueta,0,0,0,0,0,0,0,0,0,0
svila,0,0,0,0,0,0,1,0,0,0
svilenkasta,0,0,0,0,0,0,0,0,0,0
svilenkasta,0,0,0,0,0,0,0,0,0,0
prag,0,0,0,0,0,0,0,0,0,0
glupost,0,0,0,0,0,0,0,0,0,0
budalica,0,0,0,0,1,1,0,0,0,0
mulj,0,0,0,0,0,0,0,0,0,0
srebro,0,0,0,0,0,0,0,0,0,0
srebrnast,0,0,0,0,0,0,0,0,0,0
sličan,0,0,0,0,0,0,0,0,0,0
sličnost,0,0,0,0,0,0,0,0,0,0
poređenje,0,0,0,0,0,0,0,0,0,0
kuhati na laganoj vatri,1,1,0,0,0,0,0,0,0,0
krčkanje,0,1,0,0,0,0,0,0,0,0
jednostavan,0,0,0,0,0,0,0,0,0,0
jednostavni,0,0,0,0,0,0,0,0,0,0
pojednostaviti,0,1,0,0,1,0,1,0,1,1
jednostavno,0,0,0,0,0,0,0,0,0,0
simulirati,0,0,0,0,0,0,0,0,0,0
simulirano,0,0,0,0,0,0,0,0,0,0
simulirajući,0,0,0,0,0,0,0,0,0,0
simulacija,0,0,0,0,0,0,0,0,0,0
istodobna,0,0,0,0,0,0,0,0,0,0
istovremeno,0,0,0,0,0,0,0,0,0,0
grijeh,1,0,1,1,0,1,0,1,0,0
iskrena,0,0,0,0,0,0,1,0,0,1
iskrenost,0,0,0,0,0,0,1,0,0,0
grješna,1,0,1,1,0,1,0,1,0,0
pjevati,0,1,0,0,1,0,1,1,0,1
pjevač,0,0,0,0,0,0,0,0,0,0
singl,0,0,0,0,0,0,0,0,0,0
pojedinačno,0,0,0,0,0,0,1,0,0,0
jednina,0,0,0,0,0,0,0,0,0,0
singularnost,0,0,0,0,0,0,0,0,0,0
pojedinačno,0,0,0,0,0,0,0,0,1,0
zlokoban,1,0,1,1,0,1,0,0,0,0
umivaonik,0,0,0,0,0,0,0,0,0,0
grešnik,1,0,1,1,0,1,0,1,0,0
griješenje,0,0,1,0,0,1,0,0,0,0
sinus,0,0,0,0,0,0,0,0,0,0
gutljaj,0,0,0,0,0,0,0,0,0,0
sifon,0,0,0,0,0,0,0,0,0,0
gospodine,0,0,0,0,0,0,1,0,0,1
gospodine,0,0,0,0,0,0,0,0,0,0
sirena,0,0,0,1,0,1,0,0,0,0
curica,0,0,0,0,0,1,0,0,0,0
sestra,0,0,0,0,0,0,0,0,0,0
sestrinstvo,1,0,0,0,0,0,1,1,1,1
mjesto,0,0,0,0,0,0,0,0,0,0
sith,0,0,0,0,0,0,0,0,0,0
sjedenje,0,0,0,0,0,0,0,0,0,0
smjestiti,0,0,0,0,0,0,0,0,0,0
smještena,0,0,0,0,0,0,0,0,0,0
situacija,0,0,0,0,0,0,0,0,0,0
šesti,0,0,0,0,0,0,0,0,0,0
šezdeset,0,0,0,0,0,0,0,0,0,0
veličina,0,0,0,0,0,0,0,0,0,0
cvrčanje,1,0,0,0,0,0,0,0,0,0
klizati,0,0,0,0,0,0,0,0,0,0
klizanje,0,0,0,0,0,0,0,0,0,0
klupko,0,0,0,0,0,0,0,0,0,0
kostur,0,0,0,0,0,0,0,0,0,0
skeptik,0,0,0,0,0,0,0,0,0,0
skeptičan,0,0,0,0,0,1,0,0,0,0
skepticizam,0,0,0,0,0,0,0,0,0,0
Skica,0,0,0,0,0,0,0,0,0,0
površno,0,0,0,0,0,1,0,0,0,0
iskošeno,1,1,0,0,0,1,0,0,0,0
ražanj,0,0,0,0,0,0,0,0,0,0
skijati,0,0,0,0,0,0,0,0,0,0
skliznuti,1,0,0,1,0,1,0,1,0,0
skif,0,0,0,0,0,0,0,0,0,0
vještina,0,0,0,0,0,0,0,0,0,0
vješt,0,0,0,0,0,0,1,0,0,0
tava,0,0,0,0,0,0,0,0,0,0
vješto,0,0,0,0,0,0,1,0,0,1
obrano,0,0,0,0,0,0,0,0,0,0
koža,0,0,0,0,0,0,0,0,0,0
mršav,0,0,0,0,0,0,0,0,0,0
preskočiti,0,0,0,0,0,1,0,0,0,0
skiper,0,0,0,0,0,0,0,0,0,0
okršaj,1,0,0,0,0,1,0,0,0,0
suknja,0,0,0,0,0,0,0,0,0,0
lajsne,0,0,0,0,0,0,0,0,0,0
suknje,0,0,0,0,0,0,0,0,0,0
skeč,0,0,0,0,0,0,0,0,0,0
lubanja,0,0,0,0,0,0,0,0,0,0
tvor,0,0,0,0,0,0,0,0,0,0
nebo,0,0,0,0,0,0,1,0,0,0
neboder,0,0,0,0,0,0,0,0,0,0
ploča,0,0,0,0,0,0,0,0,0,0
zatišje,0,0,0,0,0,1,0,0,0,0
šljaka,0,0,0,0,0,1,0,0,0,0
zalupiti,1,0,0,1,0,1,0,0,1,0
klevetati,1,0,1,0,0,1,0,0,0,0
klevetnički,0,0,0,0,0,1,0,0,0,0
sleng,0,0,0,0,0,0,0,0,0,0
nagib,0,0,0,0,0,0,0,0,0,0
šamariti,1,0,0,0,0,1,0,0,1,0
kosa crta,1,0,0,0,0,0,0,0,0,0
kose crte,0,0,0,0,0,0,0,0,0,0
škriljevca,0,0,0,0,0,0,1,0,0,0
škriljevci,0,0,0,0,0,0,0,0,0,0
pokolj,1,0,1,1,0,1,0,1,1,0
klaonica,1,0,1,1,0,1,0,1,0,0
klanje,1,0,1,1,0,1,0,1,1,0
rob,1,0,0,1,0,1,0,1,0,0
ropstvo,1,0,1,1,0,1,0,1,0,0
ubiti,1,0,0,0,0,1,0,0,0,0
ubojica,1,0,1,1,0,1,0,1,1,0
sanjke,0,0,0,0,0,0,0,0,0,0
uglađen,0,0,0,0,0,0,1,0,0,0
spavati,0,0,0,0,0,0,0,0,0,0
spavač,0,0,0,0,0,0,0,0,0,0
spavanje,0,0,0,0,0,0,0,0,0,0
nesanica,0,0,0,0,0,0,0,0,0,0
pospano,0,0,0,0,0,0,0,0,0,0
susnježica,0,0,0,0,0,1,0,0,0,0
rukav,0,0,0,0,0,0,0,0,0,0
bez rukava,0,0,0,0,0,0,0,0,0,0
sanjke,0,0,0,0,0,0,0,0,0,0
lukavost,0,0,0,0,0,0,0,0,0,0
vitka,0,0,0,0,0,0,1,0,0,0
detektiv,0,0,0,0,0,0,0,0,0,0
kriška,0,0,0,0,0,0,0,0,0,0
gladak,0,0,0,0,0,0,0,0,0,0
tobogan,0,0,0,0,0,0,0,0,0,0
klizna,0,0,0,0,0,0,0,0,0,0
neznatan,0,0,0,0,0,0,0,0,0,0
malo,0,0,0,0,0,0,0,0,0,0
vitak,0,0,0,0,0,0,1,0,0,0
sluz,0,0,1,0,0,0,0,0,0,0
ljigav,0,0,1,0,0,1,0,0,0,0
praćka,0,0,0,0,0,0,0,0,0,0
šuljati se,0,0,0,0,0,1,0,0,0,0
skliznuti,0,0,0,0,0,1,0,0,1,0
papuča,0,0,0,0,0,0,0,0,0,0
papuče,0,0,0,0,0,0,0,0,0,0
prorez,0,0,0,0,0,0,0,0,0,0
tračak,0,0,0,0,0,0,0,0,0,0
slogan,0,0,0,0,0,0,0,0,0,0
šalupa,0,0,0,0,0,0,0,0,0,0
polije,0,0,1,0,0,1,0,0,0,0
nagib,0,0,0,0,0,0,0,0,0,0
neuredan,0,0,1,0,0,1,0,0,0,0
utor,0,0,0,0,0,0,0,0,0,0
lijenost,0,0,1,0,0,1,0,0,0,0
spuštenost,0,0,0,0,0,1,0,0,0,0
slough,0,0,0,0,0,1,0,0,0,0
usporiti,0,0,0,0,0,0,0,0,0,0
polako,0,0,0,0,0,0,0,0,0,0
sporost,0,0,0,0,0,1,0,0,0,0
mulj,0,0,1,0,0,1,0,0,0,0
puž,0,0,1,0,0,1,0,0,0,0
trom,0,0,0,0,0,1,0,1,0,0
brana,0,0,0,0,0,0,0,0,0,0
straćara,0,0,1,0,0,1,0,0,0,0
drijemež,0,0,0,0,0,0,0,0,0,0
pad,0,0,0,0,0,1,0,1,0,0
vrijeđati,1,0,1,0,0,1,0,1,0,0
bljuzgavica,0,0,1,0,0,1,0,0,1,0
djevojčura,1,0,1,0,0,1,0,0,0,0
lukavo,1,0,1,1,0,1,0,0,0,0
cmoknuti,1,0,0,0,0,1,0,0,0,0
mali,0,0,0,0,0,1,0,0,0,0
manji,0,0,0,0,0,0,0,0,0,0
najmanji,0,0,0,0,0,0,0,0,0,0
razbiti,1,0,0,1,0,1,0,0,0,0
razbijen,0,0,0,0,0,1,0,0,0,0
natucanje,0,0,0,0,0,1,0,0,0,0
mazati,0,0,0,0,0,0,0,0,0,0
miris,1,0,1,0,0,1,0,0,0,0
mirisanje,0,0,1,0,0,1,0,0,0,0
gavun,0,0,0,0,0,0,0,0,0,0
osmijeh,0,0,0,0,1,0,1,0,1,1
nasmiješen,0,0,0,0,1,0,1,0,0,0
zlobno smješkanje,0,0,0,0,0,1,0,0,0,0
udariti,1,0,0,1,0,1,0,1,0,0
kovač,0,0,0,0,0,0,0,0,0,1
oboren,0,0,0,0,0,0,1,0,0,0
pušač,0,0,0,0,0,1,0,0,0,0
zadimljen,0,0,0,0,0,0,0,0,0,0
pušenje,0,0,0,0,0,0,0,0,0,0
zadimljen,0,0,0,0,0,0,0,0,0,0
tinjajući,0,0,0,0,0,0,0,0,0,0
glatko,0,0,0,0,0,0,0,0,0,0
uglađenost,0,0,0,0,0,0,1,0,0,0
ugušiti,1,0,0,0,0,1,0,0,0,0
mrlja,0,0,0,0,0,1,0,0,0,0
samozadovoljan,0,0,0,0,0,1,0,0,0,0
prokrijumčariti,0,0,0,1,0,1,0,0,0,0
krijumčar,1,0,1,1,0,1,0,0,0,0
krijumčarenje,0,0,0,0,0,1,0,0,0,0
smućkati,0,0,1,1,0,1,0,0,0,0
snack,0,0,0,0,0,0,0,0,0,0
grickalice,0,0,0,0,0,0,0,0,0,0
uloviti,0,0,0,0,0,1,0,0,1,0
začkoljice,0,0,0,0,0,1,0,0,0,0
puž,0,0,0,0,0,0,0,0,0,0
zmija,0,0,1,1,0,1,0,0,0,0
puknuti,0,0,0,0,0,0,0,0,0,0
snimak,0,0,0,0,0,0,0,0,0,0
zamka,0,0,0,1,0,1,0,0,0,0
zarežati,1,0,1,0,0,1,0,0,0,0
režeći se,1,0,0,0,0,1,0,0,0,0
trzaj,0,0,0,0,0,0,0,0,0,0
doušnik,1,0,0,1,0,1,0,0,1,0
tenisice,0,0,0,0,0,0,0,0,0,0
puzav,0,1,0,1,0,1,0,0,0,1
podsmijeh,1,0,1,0,0,1,0,0,0,0
kihanje,0,0,1,0,0,1,0,0,1,0
kihanje,0,0,0,0,0,0,0,0,0,0
smješkati se,0,0,0,0,0,0,1,0,0,0
podrugljivo,0,0,0,0,0,1,0,0,0,0
njuškati,0,0,0,0,0,0,0,0,0,0
odrezati,0,0,0,0,0,0,0,0,0,0
šljuka,0,0,0,0,0,0,0,0,0,0
isječak,0,0,0,0,0,0,0,0,0,0
snob,0,0,0,0,0,1,0,0,0,0
njuškati,0,0,0,0,0,0,0,0,0,0
drijemež,0,0,0,0,0,0,0,0,0,0
hrkanje,0,0,0,0,0,0,0,0,0,0
frknuti,0,0,0,0,0,0,0,1,0,0
njuška,0,0,0,0,0,0,0,0,0,0
snijeg,0,0,0,0,0,0,0,0,0,0
gruda snijega,0,0,0,0,0,0,0,0,0,0
pahuljica,0,0,0,0,0,0,0,0,0,0
snježna,0,0,0,0,0,0,0,0,0,0
burmut,0,0,0,0,0,0,0,0,0,0
upiti,0,0,0,0,0,1,0,0,0,0
natapanje,0,0,0,0,0,0,0,0,0,0
sapun,0,0,0,0,0,0,0,0,0,0
sapunast,0,0,0,0,0,0,0,0,0,0
uzdižući se,0,0,0,0,0,0,0,0,0,0
jecanje,0,0,0,0,0,1,0,1,0,0
trijeznost,0,0,0,0,0,0,1,0,0,1
soc,0,0,0,0,0,0,0,0,0,0
nogomet,0,0,0,0,0,0,0,0,0,0
društven,0,0,0,0,0,0,1,0,0,0
društveni,0,0,0,0,0,0,0,0,0,0
socijalizam,0,0,1,1,0,0,0,0,0,0
socijalista,1,0,1,1,0,1,0,1,0,0
društvo,0,0,0,0,0,0,0,0,0,0
čarapa,0,0,0,0,0,0,0,0,0,0
utičnica,0,0,0,0,0,0,0,0,0,0
travnjak,0,0,0,0,0,0,0,0,0,0
kauč,0,0,0,0,0,0,0,0,0,0
omekšavanje,0,0,0,0,0,0,0,0,0,0
mekoća,0,0,0,0,0,0,0,0,0,0
vlažan,0,0,0,0,0,0,0,0,0,0
tlo,0,0,1,0,0,1,0,0,0,0
zamazan,0,0,1,0,0,1,0,0,0,0
boraviti,0,0,0,0,0,0,0,0,0,0
utjeha,0,0,0,0,0,0,1,0,0,0
solarni,0,0,0,0,0,0,0,0,0,0
lem,0,0,0,0,0,0,0,0,0,0
lemljenje,0,0,0,0,0,0,0,0,0,0
vojnik,1,0,0,0,0,0,1,1,0,0
jedini,0,0,0,0,0,0,0,0,0,0
tražiti,0,0,0,0,0,0,0,0,0,0
traženje,0,0,0,0,0,0,0,0,0,0
odvjetnik,0,0,0,0,0,0,0,0,0,0
čvrsta,0,0,0,0,0,0,1,0,0,0
solidarnost,0,0,0,0,0,0,0,0,0,1
skrućivanje,0,0,0,0,0,0,0,0,0,0
očvrsnuo,0,0,0,0,0,0,0,0,0,0
učvrstiti,0,0,0,0,0,0,0,0,0,0
solidnost,0,0,0,0,0,0,1,0,0,1
pasijans,0,0,0,0,0,0,0,0,0,0
usamljen,0,0,0,0,0,0,0,0,0,0
samoća,0,0,0,0,0,0,0,0,0,0
solo,0,0,0,0,0,0,0,0,0,0
topljivost,0,0,0,0,0,0,0,0,0,0
topljiv,0,0,0,0,0,0,0,0,0,0
riješenje,0,0,0,0,0,0,1,0,0,0
riješiti,0,0,0,0,0,0,0,0,0,0
solventnost,0,0,0,0,0,0,1,0,0,0
otapalo,0,0,0,0,0,0,0,0,0,0
somatski,0,0,0,0,0,1,0,0,1,0
tmuran,0,0,0,0,0,1,0,1,0,0
sin,0,0,0,0,0,0,0,0,0,0
sonar,0,1,0,0,0,0,1,0,0,0
sonata,0,0,0,0,0,0,1,0,0,0
pjesma,0,0,0,0,0,0,0,0,0,0
sonet,0,0,0,0,1,0,1,1,0,0
zvučan,0,0,0,0,1,0,1,0,0,0
čađ,0,0,1,0,0,1,0,0,0,0
umiriti,0,0,0,0,0,0,1,0,0,0
umirujući,0,0,0,0,1,0,1,0,0,1
student druge godine,0,0,0,0,0,0,0,0,0,0
sopran,0,0,0,0,0,0,0,0,0,0
čarobnjak,0,0,0,0,0,0,0,0,0,0
čarobnjaštvo,0,1,0,1,0,1,0,0,1,0
užasan,1,0,1,1,0,1,0,1,0,0
rano,1,0,0,0,0,1,0,1,0,0
bolno,0,0,0,0,0,1,0,1,0,0
bolnost,0,0,1,0,0,1,0,1,0,0
sirak,0,0,0,0,0,0,0,0,0,0
sestrinstvo,0,0,0,0,0,0,0,0,0,0
tuga,0,0,0,1,0,1,0,1,0,0
tužan,0,0,0,0,0,1,0,1,0,0
vrsta,0,0,0,0,0,0,0,0,0,0
razvrstivač,0,0,0,0,0,0,1,0,0,0
izlet,0,0,0,1,0,1,0,0,0,0
sortiranje,0,0,0,0,0,0,0,0,0,0
sou,0,0,0,0,0,0,0,0,0,0
bez duše,0,0,1,1,0,1,0,1,0,0
srodna duša,0,0,0,1,0,1,0,0,0,0
zvuk,0,0,0,0,0,0,0,0,0,0
sondiranje,0,0,0,0,0,0,0,0,0,0
zvučnost,0,1,0,0,1,0,1,0,0,1
juha,0,0,0,0,0,0,1,0,0,0
kiselo,0,0,1,0,0,1,0,0,0,0
izvor,0,0,0,0,0,0,0,0,0,0
suvenir,0,0,0,0,0,0,0,0,0,0
suveren,0,0,0,0,0,0,0,0,0,1
suverenitet,0,0,0,0,0,0,0,0,0,0
krmača,0,0,0,0,0,0,0,0,0,0
lječilište,0,1,0,0,1,0,1,0,1,1
prostor,0,0,0,0,0,0,0,0,0,0
prostran,0,0,0,0,0,0,1,0,0,0
pik,0,0,0,0,0,0,0,0,0,0
raspon,0,0,0,0,0,0,0,0,0,0
španijel,0,0,0,0,1,0,1,0,0,1
pljuska,1,0,0,1,0,1,0,1,0,0
batinanje,1,0,0,0,0,0,0,0,0,0
spar,0,0,0,0,0,0,0,0,0,0
rezervni,0,0,0,0,0,0,0,0,0,0
štedljivo,0,0,0,0,0,0,0,0,0,0
iskra,0,0,0,0,0,0,0,0,0,0
svjetlucati,0,1,0,0,1,0,1,0,1,0
sparing,0,0,0,0,0,0,0,0,0,0
oskudan,0,0,0,0,0,0,0,0,0,0
grč,0,0,0,1,0,1,0,0,0,0
pljunuo,1,0,0,0,0,1,0,0,0,0
lopatica,0,0,0,0,0,0,0,0,0,0
mrijest,0,0,0,0,0,0,0,0,0,0
zvučnik,0,0,0,0,0,0,0,0,0,0
govoreći,0,0,0,0,0,0,0,0,0,0
koplje,1,1,0,1,0,1,0,0,0,0
poseban,0,0,0,0,1,0,1,0,0,0
specijalista,0,0,0,0,0,0,0,0,0,1
specijalitet,0,0,0,0,0,0,0,0,0,0
specijalizirati se,0,0,0,0,0,0,0,0,0,1
posebno,0,0,0,0,0,0,0,0,0,0
vrsta,0,0,0,0,0,0,1,0,0,0
vrsta,0,0,0,0,0,0,0,0,0,0
specifično,0,0,0,0,0,0,0,0,0,0
specifikacija,0,0,0,0,0,0,0,0,0,0
primjerak,0,0,0,0,0,0,0,0,0,0
mrlja,0,0,1,0,0,1,0,0,0,0
pjegav,0,0,0,0,0,0,0,0,0,0
naočale,0,0,0,0,0,0,0,0,0,0
spektakl,0,0,0,0,0,1,1,0,0,0
naočale,0,0,0,0,0,0,0,0,0,0
spektakularan,0,1,0,0,0,0,0,0,1,0
gledatelj,0,0,0,0,0,0,0,0,0,0
spektar,0,0,0,1,0,1,0,1,0,0
spektralni,0,0,0,0,0,1,0,0,0,0
spektrometar,0,0,0,0,0,0,0,0,0,0
spektrofotometar,0,0,0,0,0,0,0,0,0,0
spektroskopija,0,0,0,0,0,0,0,0,0,0
spektar,0,0,0,0,0,0,0,0,0,0
nagađati,0,0,0,0,0,0,0,0,0,0
špekulacije,0,0,0,1,0,1,0,1,0,0
špekulativno,0,1,0,0,0,0,0,0,0,0
spekulum,0,0,0,0,0,0,0,0,0,0
govor,0,0,0,0,0,0,1,0,0,0
bez riječi,0,0,0,0,0,0,0,0,0,0
ubrzati,0,0,0,0,0,0,0,0,0,0
brzo,0,0,0,0,0,0,0,0,0,0
brzinomjer,0,0,0,0,0,0,0,0,0,0
autocesta,0,0,0,0,0,0,0,0,0,0
brz,0,0,0,0,0,0,1,0,0,0
opčinjena,0,0,0,0,0,0,0,0,0,0
pravopis,0,0,0,0,0,0,1,0,0,0
Spencer,0,0,0,0,0,0,0,0,0,0
potrošiti,0,0,0,0,0,0,0,0,0,0
potrošeno,0,0,0,0,0,1,0,0,0,0
sperma,0,0,0,0,0,0,0,0,0,0
bljuvati,0,0,1,0,0,0,0,0,0,0
sfera,0,0,0,0,0,0,0,0,0,0
kuglastog,0,0,0,0,0,0,0,0,0,0
sfinga,0,0,0,0,0,0,0,0,0,0
začiniti,0,0,0,0,0,0,1,0,0,0
začinjeno,0,0,0,0,0,0,0,0,0,0
pauk,0,0,1,1,0,0,0,0,0,0
čep,0,0,0,0,0,0,0,0,0,0
šiljak,0,0,0,1,0,0,0,0,0,0
šiljasti,0,0,0,0,0,0,0,0,0,0
šiljat,0,0,0,0,0,0,0,0,0,0
prosuti,0,0,0,0,0,0,0,0,0,0
vrtjeti,0,0,0,0,0,0,0,0,0,0
spinalna,0,0,0,0,0,0,0,0,0,0
vreteno,0,0,0,0,0,0,0,0,0,0
kralježnice,1,0,0,0,0,1,1,0,0,0
predenje,0,0,0,0,0,0,0,0,0,0
usidjelica,0,0,0,1,0,1,0,1,0,0
trnovit,0,0,0,0,0,0,0,0,0,0
spirala,0,0,0,0,0,0,0,0,0,0
spirala,0,0,0,0,0,0,0,0,0,0
duh,0,0,0,0,0,0,1,0,0,0
duhovi,0,1,0,0,1,0,1,0,1,0
duhovni,0,0,0,0,0,0,0,0,0,0
duhovnosti,0,0,0,0,0,0,0,0,0,0
pljunuti,0,0,1,0,0,0,0,0,0,0
inat,1,0,0,0,0,1,0,0,0,0
pakostan,1,0,0,0,0,1,0,0,0,0
uprskati,0,0,0,0,0,0,0,0,1,0
slezena,0,0,0,0,0,0,0,0,0,0
sjajan,0,0,0,0,1,0,1,0,1,0
sjaj,0,1,0,0,1,0,1,0,1,0
spajanje,0,0,0,0,0,0,0,0,0,0
spline,0,0,0,0,0,0,0,0,0,0
udlaga,0,0,0,0,0,0,0,0,0,0
krhotina,0,0,0,0,0,1,0,0,0,0
podjela,0,0,0,0,0,1,0,0,0,0
cijepanje,0,0,0,0,0,1,0,1,0,0
razmetanje,0,0,0,0,0,0,0,0,0,0
plijen,0,0,1,0,0,1,0,0,0,0
spojler,0,0,0,0,0,1,0,1,0,0
kvarenje,0,0,0,0,0,0,0,0,0,0
govorio,0,0,0,0,0,1,0,0,0,0
govorni,0,0,0,0,0,0,0,0,0,0
glasnogovornik,0,0,0,0,0,0,0,0,0,1
spužva,0,0,0,0,0,1,0,0,0,0
spužvasti,0,0,0,0,0,0,0,0,0,0
sponzor,0,0,0,0,0,0,1,0,0,1
sponzorstvo,0,0,0,0,0,0,0,0,0,0
humoreska,0,0,0,0,0,0,0,0,0,0
avet,0,0,0,1,0,1,0,0,0,0
žlica,0,0,0,0,0,0,0,0,0,0
žlica,0,0,0,0,0,0,0,0,0,0
sporadičan,0,0,0,0,0,0,0,0,0,0
spora,0,0,0,0,0,0,0,0,0,0
sport,0,0,0,0,0,0,0,0,0,0
sportski,0,0,0,0,0,0,0,0,0,0
sportski,0,0,0,0,0,0,0,0,0,0
sportaš,0,0,0,0,0,0,0,0,0,0
mjesto,0,0,0,0,0,0,0,0,0,0
besprijekoran,0,0,0,0,0,0,1,0,0,1
uočen,0,0,0,0,0,0,0,0,0,0
pjegav,0,0,0,0,0,0,0,0,0,0
bračni drug,0,0,0,0,0,0,0,0,0,0
suprug,0,0,0,0,1,0,1,0,0,1
izljevnik,0,0,0,0,0,0,0,0,0,0
uganuti,0,0,0,0,0,1,0,1,0,0
raširenost,0,0,0,0,0,0,0,0,0,0
sprej,0,0,0,0,0,0,0,0,0,0
širenje,0,0,0,0,0,0,0,0,0,0
veselje,0,0,0,0,0,1,0,0,0,0
prskanje,0,0,0,0,0,0,0,0,0,0
sprite,0,0,0,1,0,1,0,0,0,0
"izboj, mladica",0,0,0,0,0,0,0,0,0,0
dotjerati,0,0,0,0,0,0,1,0,0,0
ostruga,0,0,0,1,0,0,0,0,0,0
lažan,0,0,1,0,0,1,0,0,0,0
potaknuti,0,0,0,0,0,0,0,0,0,0
špricati,0,0,0,0,0,0,0,0,0,0
špijun,0,0,0,0,0,0,0,0,0,0
odred,0,0,0,0,0,0,0,0,0,0
eskadrila,0,0,0,0,0,0,0,0,0,0
nevrijeme,0,0,0,1,0,1,0,1,0,0
skvamozni,0,0,0,0,0,0,0,0,0,0
kvadrat,0,0,0,0,0,0,0,0,0,0
čučanj,0,0,0,0,0,0,0,0,0,0
čučavac,0,0,0,0,0,1,0,0,0,0
škripati,0,0,0,0,0,0,0,0,0,0
cika,0,0,0,0,0,0,0,0,0,0
gadljiv,0,0,1,1,0,1,0,0,0,0
iscijediti,0,0,0,0,0,0,0,0,0,0
cijeđenje,0,0,0,0,0,0,0,0,0,0
mljackanje,1,0,1,0,0,1,0,0,0,0
škiljiti,0,0,0,0,0,0,0,0,0,0
štitonoša,0,0,0,0,0,0,0,0,0,0
migoljiti se,0,0,1,0,0,1,0,0,0,0
vjeverica,0,0,0,0,0,0,0,0,0,0
špricati,0,0,0,0,0,0,0,0,0,0
ubosti,1,0,0,1,0,1,0,1,1,0
stabilnost,0,0,0,0,0,0,0,0,0,0
stabilan,0,0,0,0,0,0,1,0,0,1
stakato,0,0,0,0,0,0,1,0,0,0
stog,0,0,0,0,0,0,0,0,0,0
osoblje,0,0,0,0,0,0,0,0,0,0
jelen,0,0,0,0,0,0,0,0,0,0
pozornici,0,0,0,0,0,0,0,0,0,0
teturati,0,0,0,0,0,0,0,0,1,0
teturajući,0,0,0,0,0,1,0,0,0,0
ustajala,0,0,0,0,0,1,0,1,0,0
stagnacija,0,0,0,0,0,0,0,0,0,0
staložen,0,0,0,0,0,0,0,0,0,0
mrlja,0,0,1,0,0,1,0,0,0,0
nehrđajući,0,0,0,0,0,0,1,0,0,0
stepenica,0,0,0,0,0,0,0,0,0,0
stubište,0,0,0,0,0,0,0,0,0,0
stubište,0,0,0,0,0,0,0,0,0,0
ulog,0,0,0,0,0,0,0,0,0,0
mokraća,0,0,0,0,0,1,0,0,0,0
pat,1,0,1,0,0,0,0,0,0,0
stabljika,0,0,0,1,0,1,0,0,0,0
odugovlačenje,0,0,1,0,0,0,0,0,0,0
pastuh,0,0,0,0,0,0,1,0,0,0
staje,0,0,0,0,0,0,0,0,0,0
stasit,0,0,0,0,0,0,1,0,0,0
izdržljivost,0,0,0,0,0,0,1,0,0,1
pečat,0,0,0,0,0,0,0,0,0,0
stajati,0,0,0,0,0,0,0,0,0,0
standard,0,0,0,0,0,0,0,0,0,0
standardizirati,0,0,0,0,0,0,0,0,0,0
stajati,0,0,0,0,0,0,1,0,0,0
zastoj,1,0,0,1,0,1,0,0,0,0
stajalište,0,0,0,0,0,0,0,0,0,0
mirovanje,1,0,0,0,0,1,0,0,0,0
strofa,0,0,0,0,0,0,0,0,0,0
spajalica,0,0,0,0,0,0,0,0,0,0
zvijezda,0,1,0,0,1,0,1,0,0,1
desni bok,0,0,0,0,0,0,0,0,0,0
škrob,0,0,0,0,0,0,0,0,0,0
buljiti,0,0,0,0,0,0,0,0,0,0
zureći,0,0,0,0,0,1,0,0,0,0
stark,0,0,0,0,0,1,0,0,0,1
svjetlost zvijezda,0,0,0,0,0,0,1,0,0,0
zvjezdani,0,1,0,0,1,0,1,0,0,0
zvijezde,0,0,0,0,0,0,0,0,0,0
početak,0,1,0,0,0,0,0,0,0,0
uzdrhtati,0,0,0,1,0,1,0,0,1,0
zapanjujuće,0,0,0,0,0,0,0,0,1,0
gladovanje,0,0,0,1,0,1,0,1,0,0
izgladnjeli,0,0,0,0,0,1,0,0,0,0
izgladnjeli,0,0,0,0,0,1,0,0,0,0
država,0,0,0,0,0,0,0,0,0,0
dostojanstven,0,0,0,0,0,0,1,0,0,0
izjava,0,0,0,0,0,0,1,0,0,1
kabina,0,0,0,0,0,0,0,0,0,0
državnik,0,0,0,0,0,0,0,0,0,0
statički,0,0,0,0,0,0,0,0,0,0
statika,0,0,0,0,0,0,0,0,0,0
stanica,0,0,0,0,0,0,0,0,0,0
stacionarni,0,0,0,0,0,1,0,0,0,0
dopisnice,0,0,0,0,0,0,0,0,0,0
statistički,0,0,0,0,0,0,0,0,0,1
statističar,0,0,0,0,0,0,0,0,0,0
stator,0,0,0,0,0,0,0,0,0,0
kiparski,0,0,0,0,0,0,0,0,0,0
kip,0,0,0,0,0,0,1,0,0,0
kipić,0,0,0,0,0,0,0,0,0,0
stas,0,0,0,0,0,0,0,0,0,0
status,0,0,0,0,0,0,1,0,0,0
statut,0,0,0,0,0,0,0,0,0,0
statutarni,0,0,0,0,0,0,0,0,0,0
stamen,0,0,0,0,0,0,1,0,0,0
kitica,0,0,0,0,0,1,0,0,0,0
boravak,0,0,0,0,0,0,0,0,0,0
ostao,0,0,0,0,0,0,0,0,0,0
ostaje,0,0,0,0,0,0,0,0,0,0
mjesto,0,0,0,0,0,0,0,0,0,0
postojan,0,0,0,0,0,0,1,0,0,1
postojan,0,0,0,0,0,0,0,0,1,1
ukrasti,1,0,0,1,0,1,0,1,0,0
krađa,0,0,1,1,0,1,0,0,0,0
potajno,0,0,0,0,0,0,0,0,1,0
potajno,0,0,0,0,0,0,0,0,1,0
nečujan,0,1,0,1,0,1,0,0,1,0
parobrod,0,0,0,0,0,0,0,0,0,0
parobrod,0,0,0,0,0,0,0,0,0,0
parni valjak,0,0,0,0,0,0,0,0,0,0
parobrod,0,0,0,0,0,0,0,0,0,0
pun pare,0,0,0,0,0,0,0,0,0,0
željezo,0,0,0,0,0,0,0,0,0,0
strmim,0,0,0,0,0,0,0,0,0,0
zvonik,0,0,0,0,0,0,0,0,0,0
upravljati,0,0,0,0,0,0,0,0,0,0
zvjezdani,0,0,0,0,0,0,1,0,0,0
stabljika,0,0,0,0,0,0,0,0,0,0
smrad,0,0,0,0,0,0,0,0,0,0
šablona,0,0,0,0,0,0,0,0,0,0
korak,0,0,0,0,0,0,0,0,0,0
stepa,0,0,0,0,0,0,0,0,0,0
korake,0,0,0,0,0,0,0,0,0,0
stereoskopski,0,0,0,0,0,0,0,0,0,0
stereotip,0,0,0,0,0,1,0,0,0,0
stereotipno,0,0,0,0,0,1,0,0,0,0
sterilan,0,0,0,0,0,1,0,1,0,0
sterilnost,0,0,0,0,0,1,0,0,0,0
sterling,1,1,0,0,1,1,1,0,0,1
strogi,0,0,0,0,0,1,0,0,0,0
stetoskop,0,0,0,0,0,0,0,0,0,0
paprikaš,0,0,0,0,0,0,0,0,0,0
upravitelj,0,0,0,0,0,0,1,0,0,1
upraviteljstvo,0,0,0,0,0,0,0,0,0,0
palica,0,0,0,0,0,0,0,0,0,0
lijepljenje,0,0,0,0,0,0,0,0,0,0
ljepljiv,0,0,1,0,0,0,0,0,0,0
krut,0,0,0,0,0,1,0,0,0,0
ukočiti se,0,0,0,0,0,0,0,0,0,0
krutost,0,0,0,0,0,1,0,0,0,0
gušiti,0,0,0,0,0,1,0,0,0,0
ugušena,1,0,0,1,0,1,0,1,0,0
zagušljiv,0,0,0,0,0,0,0,0,0,0
stigma,1,0,1,1,0,1,0,1,0,0
stil,0,0,0,0,0,0,0,0,0,0
stiletto,0,0,0,0,0,0,0,0,0,0
mrtvorođenče,0,0,0,0,0,1,0,1,0,0
mirovanje,0,0,0,1,0,0,1,1,0,0
štule,0,0,0,0,0,0,0,0,0,0
stimulans,0,0,0,0,0,0,0,0,0,0
stimulacija,0,0,0,0,0,0,0,0,0,0
poticaj,0,0,0,0,0,0,0,0,0,0
ubosti,1,0,0,1,0,1,0,0,0,0
bockanje,0,0,0,0,0,1,0,0,0,0
škrt,1,0,1,1,0,1,0,1,0,0
smrad,0,0,1,0,0,1,0,0,0,0
smrdljiv,0,0,1,0,0,1,0,0,0,0
ograničenje,0,0,0,1,0,1,0,1,0,0
"utvrditi, ugovoriti",0,0,0,0,0,0,0,0,0,0
uvjetovanje,0,0,0,0,0,0,0,0,0,0
promiješati,0,0,0,0,0,0,0,0,0,0
miješajući,0,0,0,0,0,0,0,0,0,0
šav,0,0,0,0,0,0,0,0,0,0
zaliha,0,0,0,0,0,0,0,0,0,0
burzovni posrednik,0,0,0,0,0,0,0,0,0,0
čarapa,0,0,0,0,0,0,0,0,0,0
dionice,0,0,0,0,0,1,0,0,0,0
ukrao,0,0,0,0,0,0,0,0,0,0
ukraden,1,0,0,0,0,1,0,0,0,0
trbuh,0,0,1,0,0,0,0,0,0,0
kamen,1,0,0,0,0,1,0,0,0,0
kamenovan,0,0,0,0,0,1,0,0,0,0
kamenina,0,0,0,0,0,0,0,0,0,0
kamenit,0,0,0,0,0,0,0,0,0,0
stolica,0,0,0,0,0,0,0,0,0,0
stolice,0,0,1,0,0,1,0,0,0,0
sagnuti se,0,0,0,0,0,0,0,0,0,0
Stop,0,0,0,0,0,0,0,0,0,0
zastoj,0,0,0,0,0,1,0,0,0,0
čep,0,0,0,0,0,0,0,0,0,0
zaustavljanje,0,0,0,0,0,0,0,0,0,0
štoperica,0,0,0,0,0,0,0,0,0,0
skladištenje,0,0,0,0,0,0,0,0,0,0
trgovina,0,1,0,0,0,0,1,0,0,0
skladište,0,0,0,0,0,0,0,0,0,0
pohranjivanje,0,0,0,0,0,0,0,0,0,0
oluja,1,0,0,0,0,1,0,0,0,0
jurišajući,1,0,0,0,0,0,0,0,0,0
olujni,0,0,0,1,0,1,0,0,0,0
priča,0,0,0,0,0,0,0,0,0,0
krepak,0,0,0,0,0,0,0,0,0,0
štednjak,0,0,0,0,0,0,0,0,0,0
spremiti,0,0,0,0,0,0,0,0,0,0
opkoračiti se,0,0,0,0,0,0,0,0,0,0
ispraviti,0,0,0,0,0,0,0,0,0,0
izravna,0,0,0,0,0,0,1,0,0,1
odmah,0,0,0,0,0,0,0,0,0,0
nategnuto,1,0,0,0,0,1,0,0,0,0
tjesnac,0,0,0,0,0,0,0,0,0,0
tjesnacima,0,0,0,1,0,1,0,0,0,0
nasukati,0,0,0,0,0,0,0,0,0,0
nasukan,0,0,0,0,0,1,0,0,0,0
stranac,0,0,0,1,0,1,0,0,0,0
zadaviti,1,0,1,1,0,1,0,1,1,0
remen,0,0,0,0,0,0,0,0,0,0
flasteri,0,0,0,0,0,0,0,0,0,0
slojevi,0,0,0,0,0,0,0,0,0,0
strateški,0,0,0,0,0,0,1,0,0,0
strateg,0,1,0,0,0,0,1,0,0,1
strategija,0,0,0,0,0,0,0,0,0,0
stratifikacija,0,0,0,0,0,0,0,0,0,0
stratum,0,0,0,0,0,0,0,0,0,0
stratus,0,0,0,0,0,0,0,0,0,0
slama,0,0,0,0,0,0,0,0,0,0
zalutao,0,0,0,0,0,1,0,0,0,0
nizati,0,0,0,0,0,0,0,0,0,0
prošaran,0,0,0,0,0,0,0,0,0,0
potok,0,0,0,0,0,0,0,0,0,0
vrpca,0,0,0,0,0,0,0,0,0,0
strujanje,0,0,0,0,0,0,0,0,0,0
ulica,0,0,0,0,0,0,0,0,0,0
snaga,0,0,0,0,0,0,1,0,0,1
ojačati,0,0,0,0,0,0,1,0,0,0
jačanje,0,0,0,0,1,0,1,0,0,1
naporan,0,0,0,0,0,0,0,0,0,0
stres,0,0,0,0,0,1,0,0,0,0
protežu se,0,0,0,0,0,0,0,0,0,0
nosila,0,0,0,1,0,0,0,1,0,0
pogođeni,0,0,0,0,0,0,0,1,0,0
iskorak,0,0,0,0,0,0,0,0,0,0
svađa,1,0,0,0,0,1,0,0,0,0
štrajk,1,0,0,0,0,1,0,0,0,0
upečatljiv,0,0,0,0,0,0,1,0,0,0
napadno,0,0,0,0,0,0,1,0,0,0
niz,0,0,0,0,0,0,0,0,0,0
ljepljiv,0,0,0,0,0,0,0,0,0,0
traka,0,0,0,0,0,1,0,1,0,0
pruga,0,0,0,0,0,1,0,0,0,0
ogoljen,1,1,1,1,0,1,0,1,0,0
težiti,0,1,0,0,0,0,0,0,0,0
stroboskop,0,0,0,0,0,0,0,0,0,0
moždani udar,0,0,0,1,0,1,0,1,0,0
šetati,0,0,0,0,0,0,0,0,0,0
uporište,0,0,0,0,0,0,0,0,0,0
snažno,0,0,0,0,0,0,1,0,0,0
strukturalni,0,0,0,0,0,0,0,0,0,1
struktura,0,0,0,0,0,0,1,0,0,1
borba,1,0,0,1,0,1,0,1,0,0
šepuriti se,0,0,0,0,0,1,0,0,0,0
strnište,0,0,0,0,0,0,0,0,0,0
tvrdoglavost,0,0,0,0,0,0,0,0,0,0
čekinjav,0,0,0,0,0,0,0,0,0,0
štukature,0,0,0,0,0,0,0,0,0,0
zapeo,0,0,0,0,0,0,0,0,0,0
klinac,0,0,0,0,0,0,1,0,0,0
okovan klincima,0,0,0,0,0,0,0,0,0,0
student,0,0,0,0,0,0,0,0,0,0
studirao,0,0,0,0,0,0,0,0,0,0
studio,0,0,0,0,0,0,0,0,0,0
studija,0,0,0,0,0,0,1,0,0,0
stvari,0,0,0,0,0,0,0,0,0,0
punjenje,0,0,0,0,0,0,0,0,0,0
začepljen,0,0,0,0,0,1,0,0,0,0
posrnuti,0,0,0,0,0,1,0,0,0,0
panj,0,0,0,0,0,0,0,0,0,0
zapanjen,0,0,0,1,0,1,0,0,1,0
štos,0,0,0,0,0,0,0,0,0,0
zakržljao,0,0,0,0,0,1,0,0,0,0
ogroman,0,0,0,0,0,0,0,0,0,0
glupo,0,0,0,0,0,1,0,0,0,0
glupost,0,0,0,0,0,1,0,0,0,0
ukočenost,0,0,0,0,0,1,0,0,0,0
čvrst,0,0,0,0,0,0,1,0,0,0
jesetra,0,0,0,0,0,0,0,0,0,0
mucati,0,0,0,0,0,0,0,0,0,0
svinjac,0,0,1,0,0,1,0,0,0,0
stil,0,0,0,0,0,0,0,0,0,0
stilski,0,0,0,0,0,0,0,0,0,0
subatomski,0,0,0,0,0,0,0,0,0,0
pododbor,0,0,0,0,0,0,0,0,0,0
podsvijesti,0,0,0,0,0,0,0,0,0,0
potkožni,0,0,0,0,0,0,0,0,0,0
poddijeliti,0,0,0,0,0,0,0,0,0,0
podjela,0,0,0,0,0,0,0,0,0,0
subdukcija,0,0,0,0,0,0,0,0,0,0
pokoriti,0,0,0,0,0,1,0,0,0,0
pokoren,0,0,0,0,0,0,0,0,0,0
subito,0,0,0,0,0,0,0,0,1,0
subjekt,0,0,0,0,0,1,0,0,0,0
podvrgnuti,0,0,0,0,0,1,0,1,0,0
podložnost,0,0,0,0,0,1,0,0,0,0
subjektivan,0,0,0,0,0,0,0,0,0,0
podjarmljivanje,1,0,1,1,0,1,0,1,0,0
sublimacija,0,0,0,0,1,0,1,0,0,0
podsvjestan,0,0,0,0,0,0,0,0,0,0
podmornica,0,0,0,0,0,0,0,0,0,0
potopljena,0,0,0,0,0,0,0,0,0,0
potopljeni,0,0,0,0,0,0,0,0,0,0
podnošenje,0,0,0,0,0,0,0,0,0,0
podnijeti,0,1,0,0,0,0,0,0,0,0
podređeni,0,0,0,1,0,1,0,0,0,0
podređenosti,0,0,0,0,0,0,0,0,0,0
podzaplet,0,0,0,0,0,0,0,0,0,0
sudski poziv,0,0,0,0,0,1,0,0,0,0
pretplatiti se,0,1,0,0,0,0,0,0,0,0
pretplata,0,0,0,0,0,0,0,0,0,0
podslijed,0,0,0,0,0,0,0,0,0,0
naknadni,0,0,0,0,0,0,0,0,0,0
naknadno,0,0,0,0,0,0,0,0,0,0
podskup,0,0,0,0,0,0,0,0,0,0
splasnuti,0,0,0,0,0,0,0,0,0,0
slijeganje,0,0,0,0,0,1,0,1,0,0
podružnica,0,0,0,0,0,0,0,0,0,0
subvencionirati,0,0,0,0,0,0,0,0,0,0
subvencija,1,0,1,0,0,1,0,0,0,0
opstati,0,0,0,0,0,1,0,0,0,0
uzdržavanje,0,0,0,0,0,0,0,0,0,0
podzemlje,0,0,0,0,0,0,0,0,0,0
tvar,0,0,0,0,0,0,1,0,0,0
bitno,0,0,0,0,0,0,0,0,0,0
potkrijepiti,0,0,0,0,0,0,0,0,0,1
sadržajno,0,0,0,0,0,0,1,0,0,0
zamjena,0,0,0,0,0,0,0,0,0,0
zamijenjena,0,0,0,0,0,0,0,0,0,0
zamjena,0,0,0,0,0,0,0,0,0,0
podkonstrukcija,0,0,0,0,0,0,0,0,0,0
podzemni,0,0,0,0,0,0,0,0,0,0
suptilan,0,0,0,0,0,0,0,0,0,0
suptilnost,0,0,0,0,0,0,0,0,0,0
oduzeti,0,0,0,0,0,1,0,0,0,0
oduzimanje,0,0,0,0,0,0,0,0,0,0
podtip,0,0,0,0,0,0,0,0,0,0
predgrađe,0,0,0,0,0,0,0,0,0,0
prigradski,0,0,0,0,0,0,0,0,0,0
predgrađe,0,0,0,0,0,0,0,0,0,0
subverzija,1,0,0,1,0,1,0,0,0,0
subverzivno,1,0,0,0,0,1,0,0,1,0
podmetati,0,0,1,1,0,1,0,1,0,0
podzemna željeznica,0,0,0,0,0,0,0,0,0,0
uspjeti,0,1,0,0,1,0,1,0,1,1
uspjevši,0,1,0,0,1,0,1,0,0,1
uspjeh,0,1,0,0,1,0,1,0,0,0
uspješan,0,1,0,0,1,0,1,0,0,1
sukcesija,0,0,0,0,0,0,0,0,0,0
uzastopni,0,0,0,0,0,0,0,0,0,0
nasljednik,0,0,0,0,0,0,0,0,0,0
jezgrovit,0,0,0,0,0,0,1,0,0,0
sočan,0,0,0,0,0,1,1,0,0,0
podleći,0,0,0,0,0,1,0,0,0,0
sisati,0,0,0,0,0,1,0,0,0,0
naivčina,1,0,0,0,0,1,0,0,0,0
sisanje,0,0,0,0,0,0,0,0,0,0
dojenje,0,0,0,0,0,0,0,0,0,0
usisavanje,0,0,0,0,0,0,0,0,0,0
iznenadan,0,0,0,0,0,0,0,0,1,0
iznenada,0,0,0,0,0,0,0,0,1,0
tužiti,1,0,0,0,0,1,0,1,0,0
patiti,0,0,0,0,0,1,0,0,0,0
stradalac,0,0,0,1,0,1,0,1,0,0
pati,0,0,1,1,0,1,0,1,0,0
dostatan,0,0,0,0,0,0,0,0,0,0
dostatnost,0,0,0,0,0,0,1,0,0,0
dostatan,0,0,0,0,0,0,0,0,0,0
dovoljno,0,0,0,0,0,0,0,0,0,0
sufiks,0,0,0,0,0,0,0,0,0,0
zagušljiv,0,0,1,1,0,1,0,1,0,0
gušenje,1,0,0,1,0,1,0,0,0,0
šećer,0,0,0,0,0,0,1,0,0,0
predložiti,0,0,0,0,0,0,0,0,0,1
prijedlog,0,0,0,0,0,0,0,0,0,0
sugestivan,0,0,0,0,0,0,0,0,0,0
samoubilački,1,0,1,1,0,1,0,1,0,0
samoubojstvo,1,0,0,1,0,1,0,1,0,0
odijelo,0,0,0,0,0,0,0,0,0,0
prikladan,0,0,0,0,0,0,1,0,0,0
svita,0,0,0,0,0,0,0,0,0,0
udvarač,0,0,0,0,0,0,0,0,0,0
mrzovoljan,1,0,0,0,0,1,0,1,0,0
sumpor,0,0,0,0,0,0,0,0,0,0
sultan,0,0,0,1,0,0,0,0,0,0
sparan,0,0,0,0,0,0,1,0,0,0
iznos,0,0,0,0,0,0,0,0,0,0
sažeto,0,0,0,0,0,0,0,0,0,0
rezimirati,0,0,0,0,0,0,0,0,0,0
Sažetak,0,0,0,0,0,0,0,0,0,0
zbrajanje,0,0,0,0,0,0,0,0,0,0
ljeto,0,0,0,0,0,0,0,0,0,0
summit,0,0,0,0,0,0,0,0,0,0
dozivati,0,0,0,0,0,0,0,0,0,0
poziv,0,0,0,0,0,1,0,0,0,0
sumo,0,0,0,0,0,0,0,0,0,0
korito,0,0,1,0,0,0,0,0,0,0
raskošan,0,0,0,0,0,0,0,0,0,0
Sunce,0,1,0,0,1,0,1,0,1,1
sunčeva zraka,0,0,0,0,0,0,0,0,0,0
sunčani sat,0,1,0,0,0,0,0,0,0,1
zalazak sunca,0,0,0,0,0,0,0,0,0,0
raznorazno,0,0,0,0,0,0,0,0,0,0
sunčane naočale,0,0,0,0,0,0,0,0,0,0
sunčane naočale,0,0,0,0,0,0,0,0,0,0
potopljena,0,0,1,1,0,1,0,1,0,0
bez sunca,0,0,0,0,0,0,0,0,0,0
sunčeva svjetlost,0,0,0,0,0,0,0,0,0,0
sunčano,0,1,0,0,1,0,1,0,1,0
izlazak sunca,0,0,0,0,0,0,0,0,0,0
zalazak sunca,0,1,0,0,0,0,1,0,0,0
sunce,0,0,0,0,1,0,1,0,0,0
penzijska mirovina,0,0,0,0,0,0,0,0,0,0
vrhunski,0,0,0,0,0,0,1,0,0,0
površan,0,0,0,0,0,1,0,0,0,0
suvišan,0,0,0,0,0,1,0,0,0,0
nadljudski,0,0,0,0,0,0,1,0,0,0
superponirano,0,0,0,0,0,0,0,0,0,0
nadstojnik,0,0,0,0,0,0,0,0,0,0
superioran,0,0,0,0,0,0,1,0,0,0
superiornost,0,0,0,0,0,0,1,0,0,0
superlativ,0,0,0,0,0,0,0,0,0,0
nadčovjek,0,0,0,0,1,0,1,0,0,1
supermarket,0,0,0,0,0,0,0,0,0,0
supernatant,0,0,0,0,0,0,0,0,0,0
nadnaravno,0,0,0,0,0,0,0,0,0,0
superpozicija,0,0,0,0,0,0,0,0,0,0
zamijeniti,0,0,0,0,0,0,0,0,0,0
super zvijezda,0,0,0,0,1,0,1,0,0,1
praznovjerje,0,0,0,1,0,1,1,0,0,0
praznovjeran,0,1,0,1,0,1,0,0,0,0
nadzirati,0,0,0,0,0,0,0,0,0,0
nadzor,0,0,0,0,0,0,0,0,0,0
nadglednik,0,0,0,0,0,0,0,0,0,0
večera,0,0,0,0,0,0,0,0,0,0
nadomjestiti,0,0,0,0,0,0,0,0,0,0
mek,0,0,0,0,0,0,0,0,0,0
dopuniti,0,0,0,0,0,0,0,0,0,0
dopunski,0,0,0,0,0,0,0,0,0,0
dopunski,0,0,0,0,0,0,0,0,0,0
moljenje,0,0,0,0,0,0,1,0,0,1
pribor,0,0,0,0,0,0,1,0,0,0
Opskrba,0,0,0,0,0,0,1,0,0,0
podržan,0,0,0,0,0,0,1,0,0,0
podupiratelj,0,0,0,0,1,0,1,0,0,1
pristaše,0,0,0,0,0,0,0,0,0,0
podržavajući,0,0,0,0,0,0,1,0,0,1
pretpostaviti,0,0,0,0,0,0,0,0,0,0
pretpostavljajući,0,0,0,0,0,0,0,0,0,0
pretpostavka,0,0,0,0,0,0,0,0,0,0
potisnuti,1,0,0,1,0,1,0,1,0,0
suzbijanje,1,0,1,1,0,1,0,0,0,0
nadmoći,1,1,0,1,1,1,1,0,1,1
vrhovni,0,0,0,0,0,0,1,0,0,0
vrhunski,0,0,0,0,0,0,1,0,0,0
doplata,1,0,0,0,0,1,0,0,0,0
jamstvo,0,0,0,0,0,0,1,0,0,1
surfati,0,0,0,0,0,0,0,0,0,0
površinski,0,0,0,0,0,0,0,0,0,0
udar,0,0,0,0,0,0,0,0,1,0
kirurg,0,0,0,0,0,0,0,0,0,0
kirurgija,0,0,0,1,0,0,0,1,0,0
mrzovoljan,1,0,1,0,0,1,0,0,0,0
pretpostaviti,0,0,0,0,0,0,1,0,0,0
prezime,0,0,0,0,0,0,0,0,0,0
nadmašujući,0,0,0,0,0,0,1,0,0,0
višak,0,0,0,0,0,0,0,0,0,0
iznenađenje,0,0,0,1,1,0,1,0,1,0
iznenađeni,0,0,0,0,0,0,0,0,1,0
iznenađujuće,0,0,0,0,0,0,0,0,1,0
iznenađujuče,0,1,0,0,0,0,0,0,1,0
predaja,0,0,0,1,0,1,0,1,0,0
predajući se,0,0,0,0,0,1,0,1,0,0
surogat,0,0,0,0,0,0,0,0,0,1
okružuju,0,1,0,0,0,1,1,0,0,0
okolni,0,0,0,0,0,0,0,0,0,0
okruženje,0,0,0,0,0,0,0,0,0,0
nadziranje,0,0,0,1,0,0,0,0,0,0
pregled,0,0,0,0,0,0,0,0,0,0
izmjera,0,0,0,0,0,0,1,0,0,0
geodet,0,0,0,0,0,0,0,0,0,0
opstanak,0,0,0,0,0,0,0,0,0,0
preživjeti,0,0,0,0,0,0,1,0,0,0
preživljavanje,0,0,0,0,0,0,0,0,0,0
osjetljivost,0,0,0,0,0,0,0,0,0,0
osjetljiv,0,0,0,0,0,1,0,0,0,0
osumnjičenik,0,0,0,1,0,1,0,0,0,0
osumnjičeni,0,0,0,0,0,0,0,0,0,0
obustaviti,0,0,0,0,0,0,0,0,0,0
suspendiran,0,0,0,0,0,0,0,0,0,0
naramenice,0,0,0,0,0,0,0,0,0,0
suspenzija,0,1,0,1,0,0,0,0,1,0
suspenzija,0,0,0,1,0,1,0,0,0,0
sumnja,0,0,0,1,0,1,0,0,0,0
sumnje,0,0,0,0,0,0,0,0,0,0
sumnjivo,1,1,0,0,0,1,0,0,0,0
održiv,0,0,0,0,0,0,0,0,0,0
uzdržavanje,0,0,0,0,0,0,0,0,0,0
šivanje,0,0,0,0,0,0,0,0,0,0
obrisak,0,0,0,0,0,1,0,0,0,0
plijen,0,0,0,0,0,0,0,0,0,0
šepurenje,0,0,0,0,0,0,0,0,0,0
gutljaj,0,0,0,0,0,0,0,0,0,0
Močvara,0,0,1,1,0,1,0,0,0,0
zamočvaren,0,0,0,0,0,0,0,0,0,0
močvarna,0,0,1,1,0,1,0,0,0,0
labud,0,0,0,0,0,0,0,0,0,0
zamijeniti,0,0,0,0,0,0,0,0,0,0
roj,0,0,1,0,0,0,0,0,0,0
rojenje,0,0,0,0,0,0,0,0,0,0
svastika,1,0,0,1,0,1,0,0,0,0
njihati se,0,0,0,0,0,0,0,0,0,0
psovati,0,0,0,0,0,0,1,0,0,1
psovanje,0,0,0,0,0,0,0,0,0,0
znoj,0,0,0,1,0,0,0,0,0,0
džemper,0,0,0,0,0,0,0,0,0,0
znojenje,0,0,0,0,0,0,0,0,0,0
pomesti,0,0,0,0,0,0,0,0,0,0
brišući,0,0,0,0,0,0,0,0,0,0
slatko,0,1,0,0,1,0,1,0,1,1
zasladiti,0,0,0,0,0,0,0,0,0,0
zaslađen,0,0,0,0,0,0,0,0,0,0
zaslađivač,0,0,0,0,0,0,0,0,0,0
dušo,0,1,0,0,1,0,1,1,0,1
slatkišu,0,0,0,0,0,0,1,0,0,0
slast,0,0,0,0,0,0,1,0,0,0
slatkiši,0,1,0,0,1,0,1,0,0,0
nabreknuti,0,0,0,0,0,0,0,0,0,0
oteklina,0,0,0,1,0,1,0,0,0,0
sparan,0,0,0,0,0,0,0,0,0,0
skrenuti,0,0,0,1,0,0,0,0,1,0
brz,0,0,0,0,0,0,1,0,0,0
brzo,0,0,0,0,0,0,0,0,0,0
gutljaj,0,0,1,0,0,1,0,0,0,0
plivati,0,1,0,1,1,0,1,0,0,0
plivanje,0,0,0,0,0,0,0,0,0,0
svinja,0,0,1,0,0,1,0,0,0,0
zamahnuti,0,0,0,0,0,0,0,0,0,0
ljuljanje,0,0,0,0,0,0,0,0,0,0
zvižduk,0,0,0,0,0,0,0,0,0,0
sklopka,0,0,0,0,0,0,0,0,0,0
zakretni,0,0,0,0,0,0,0,0,0,0
natečen,0,0,0,0,0,1,0,0,0,0
nesvijest,0,0,0,0,0,0,0,0,0,0
zaletjeti,0,0,0,0,0,0,0,0,0,0
mač,0,0,0,0,0,0,0,0,0,0
slog,0,0,0,0,0,0,0,0,0,0
nastavni plan,0,0,0,0,0,0,0,0,0,0
simbol,0,0,0,0,0,0,0,0,0,0
simbolična,0,0,0,0,0,0,1,0,0,0
simbolično,0,0,0,0,0,0,0,0,0,0
simbolizam,0,0,0,0,0,0,0,0,0,0
simbolizirati,0,0,0,0,0,0,0,0,0,0
simetričan,0,0,0,0,0,0,0,0,0,0
simetričan,0,0,0,0,0,0,1,0,0,0
simetrija,0,0,0,0,1,0,1,0,0,1
suosjećajan,0,0,0,1,1,0,1,1,0,1
suosjećati,0,0,0,0,0,0,0,1,0,0
simpatija,0,0,0,0,0,0,1,1,0,0
simfonija,0,1,0,0,1,0,1,0,0,0
simptom,0,0,0,0,0,1,0,0,0,0
simptomatski,0,0,0,0,0,0,0,0,0,0
sinagoga,0,0,0,0,0,0,0,0,0,0
sinkronizirati,0,1,0,0,1,0,1,0,1,1
sinkroni,0,0,0,0,0,0,0,0,0,0
sinkopa,0,0,0,1,0,1,0,1,1,0
sindikat,0,0,0,0,0,0,0,0,0,0
sinergijski,0,0,0,0,0,0,1,0,0,1
sinergija,0,0,0,0,0,0,0,0,0,0
sinoda,0,0,0,0,0,0,1,0,0,1
sinonim,0,0,0,0,0,0,0,0,0,0
sinonim,0,0,0,1,0,1,1,0,0,1
sinopsis,0,0,0,0,0,0,0,0,0,0
sinoptički,0,0,0,0,0,0,0,0,0,0
sintaksa,0,0,0,0,0,0,0,0,0,0
sinteza,0,0,0,0,0,0,0,0,0,0
sintetički,0,0,0,0,0,0,0,0,0,0
injekcija,0,0,0,1,0,0,0,0,0,0
sirup,0,0,0,0,0,0,0,0,0,0
sustav,0,0,0,0,0,0,0,0,0,1
sustavan,0,0,0,0,0,0,0,0,0,0
sustavno,0,0,0,0,0,0,0,0,0,0
tabby,0,0,0,0,0,0,0,0,0,0
tabernakul,0,0,0,0,0,0,0,0,0,0
stol,0,0,0,0,0,0,0,0,0,0
tablica,0,0,0,0,0,0,0,0,0,0
jušna žlica,0,0,0,0,0,0,0,0,0,0
tableta,0,0,0,0,0,0,0,0,0,0
stolno posuđe,0,0,0,0,0,0,0,0,0,0
tabu,0,0,1,1,0,1,0,0,0,0
tablični,0,0,0,0,0,0,0,0,0,0
tabelirati,0,1,0,0,0,0,0,0,0,0
tabeliranje,0,0,0,0,0,0,0,0,0,0
tahometar,0,0,0,0,0,0,0,0,0,0
prešutno,0,0,0,0,0,0,0,0,0,0
čavlić,0,0,0,0,0,0,0,0,0,0
uhvatiti se u koštac,1,0,0,0,0,0,0,0,1,0
rješavanje,0,0,0,0,0,0,0,0,0,0
otrcan,0,0,0,0,0,0,0,0,0,0
takt,0,0,0,0,0,0,1,0,0,0
taktika,0,0,0,1,0,0,0,0,0,1
taktilni,0,0,0,0,0,0,0,0,0,0
taft,0,0,0,0,0,0,0,0,0,0
taffy,0,0,0,0,0,0,0,0,0,0
označiti,0,0,0,0,0,0,0,0,0,0
rep,0,0,0,0,0,0,0,0,0,0
repasti,0,0,0,0,0,0,0,0,0,0
pljeva,0,0,0,0,0,0,0,0,0,0
"krojač, prilagoditi",0,0,0,0,0,0,0,0,0,0
krojenje po mjeri,0,0,0,0,0,0,0,0,0,0
mrlja,0,0,0,0,0,1,0,1,0,0
preuzimatelj,0,0,0,0,0,0,0,0,0,0
priča,0,0,0,0,0,0,1,0,0,0
talenat,0,0,0,0,0,0,1,0,0,0
talentiran,0,0,0,0,0,0,0,0,0,0
talisman,0,0,0,0,0,0,1,0,0,0
razgovor,0,0,0,0,0,0,1,0,0,0
razgovorljiv,0,0,0,0,0,0,0,0,0,0
govornik,0,0,0,0,0,0,0,0,0,0
visok,0,0,0,0,0,0,0,0,0,0
zbrojevi,0,0,0,0,0,0,0,0,0,0
loj,0,0,0,0,0,0,0,0,0,0
raboš,0,0,0,0,0,0,0,0,0,0
kandže,1,0,0,1,0,1,0,0,0,0
tamburin,0,0,0,0,0,0,0,0,0,0
kroćenje,0,0,0,0,0,0,0,0,0,0
preplanuli ten,0,0,0,0,0,0,0,0,0,0
tandem,0,0,0,0,0,0,0,0,0,1
tang,0,0,0,0,0,0,0,0,0,0
tangens,0,0,0,0,0,0,0,0,0,0
zaplet,0,0,0,0,0,0,0,0,0,0
zapetljan,0,0,0,0,0,1,0,0,0,0
tenk,0,0,0,0,0,0,0,0,0,0
preplanula,0,0,0,0,0,0,1,0,0,0
primamljiv,0,1,0,0,1,1,1,0,1,0
jednaka,0,0,0,0,0,0,0,0,0,1
dodirnite,0,0,0,0,0,0,0,0,0,0
traka,0,0,0,0,0,0,0,0,0,0
sužavanje,0,0,0,0,0,0,0,0,0,0
sužavanje,0,0,0,0,0,0,0,0,0,0
tapiserija,0,0,0,0,0,0,0,0,0,0
katran,0,0,0,0,0,0,0,0,0,0
zakašnjenje,0,0,0,0,0,1,0,0,0,0
zakasnio,0,0,0,0,0,1,0,0,0,0
cilj,0,0,0,0,0,0,0,0,0,0
tarifa,1,0,1,0,0,1,0,0,0,0
ocrniti,0,0,1,0,0,1,0,1,0,0
katraniti,0,0,0,0,0,1,0,0,0,0
opor,0,0,0,0,0,0,0,0,0,0
tartan,0,0,0,0,0,0,0,0,0,0
zubni kamenac,0,0,0,0,0,0,0,0,0,0
zadatak,0,0,0,0,0,0,1,0,0,0
kićanka,0,0,0,0,0,0,0,0,0,0
ukus,0,0,0,0,0,0,0,0,0,0
ukusno,0,0,0,0,0,0,1,0,0,0
neukusan,0,0,1,0,0,1,0,0,0,0
kušanje,0,0,0,0,0,0,0,0,0,0
ukusan,0,0,0,0,0,0,1,0,0,0
tat,0,0,0,0,0,0,0,0,0,0
tetovaža,0,0,0,0,0,0,0,0,0,0
podučavao,0,0,0,0,0,0,0,0,0,1
podsmijeh,1,0,0,1,0,1,0,1,0,0
zategnuta,0,0,0,0,0,0,0,0,0,0
konoba,0,0,0,0,0,0,0,0,0,0
žutosmeđi,0,0,1,0,0,0,0,0,0,0
porez,0,0,0,0,0,1,0,1,0,0
taksi,0,0,0,0,0,0,0,0,0,0
taksonomija,0,0,0,0,0,0,0,0,0,0
čaj,0,0,0,0,0,0,0,0,0,0
podučavati,0,0,0,0,1,0,1,0,1,1
"učitelj, nastavnik, profesor",0,0,0,0,0,0,1,0,0,1
nastava,0,0,0,0,0,0,0,0,0,0
tim,0,0,0,0,0,0,0,0,0,1
uplakana,0,0,1,1,0,0,0,1,0,0
zafrkavati,1,1,0,0,0,1,0,1,0,0
zadirkivač,0,0,0,0,0,0,0,0,0,0
dosadan,1,0,0,1,0,1,0,0,0,0
sisa,0,0,0,0,0,0,0,0,0,0
tehničkog,0,0,0,0,0,0,0,0,0,0
formalnost,0,0,0,0,0,0,0,0,0,0
tehničar,0,0,0,0,0,0,0,0,0,0
tehnologija,0,0,0,0,0,0,1,0,0,0
ted,0,0,0,0,0,0,0,0,0,0
dosadan,0,0,0,0,0,1,0,0,0,0
dosada,0,0,0,0,0,1,0,0,0,0
vrveći,0,0,1,0,0,0,0,0,0,0
tinejdžeri,0,0,0,0,0,1,1,0,0,0
zubi,0,0,0,0,0,0,0,0,0,0
teflon,0,0,0,0,0,0,0,0,0,0
telegram,0,0,0,0,0,0,0,0,0,0
telegraf,0,0,0,0,0,0,0,0,0,0
telefon,0,0,0,0,0,0,0,0,0,0
teleskop,0,0,0,0,0,0,0,0,0,0
teleskopski,0,0,0,0,0,0,0,0,0,0
televizija,0,0,0,0,0,0,0,0,0,0
pripovjedač,0,0,0,0,0,0,0,0,0,0
kazivanje,0,0,0,0,0,0,0,0,0,0
izdajnički,0,0,0,0,0,0,0,0,0,0
temperament,0,0,0,0,0,0,0,0,0,0
tempera,0,0,0,0,0,0,0,0,0,0
temperament,0,0,0,0,0,0,0,0,0,0
umjerenost,0,0,0,0,0,0,1,0,0,0
umjerena,0,0,0,0,0,0,0,0,0,1
temperatura,0,0,0,0,0,0,0,0,0,0
pun temperamenta,0,0,0,0,0,0,1,0,0,0
oluja,1,1,0,1,0,1,0,1,1,0
hram,0,0,0,0,0,0,0,0,0,0
temporalni,0,0,0,0,0,0,0,0,0,0
privremeno,0,0,0,0,0,0,0,0,0,0
privremeni,0,0,0,0,0,0,0,0,0,0
iskušavati,0,0,0,0,0,0,0,0,0,0
iskušenje,0,0,0,0,0,1,0,0,0,0
primamljiva,0,0,0,0,0,0,0,0,0,0
deset,0,0,0,0,0,0,0,0,0,0
održiv,0,0,0,0,0,0,1,0,0,0
uporan,0,0,0,0,0,0,1,0,0,0
upornost,0,0,0,0,0,0,1,0,0,0
podstanarstvo,0,0,0,0,0,0,1,0,0,0
stanar,0,0,0,0,0,0,1,0,0,0
sklonost,0,0,0,0,0,0,0,0,0,0
ponuda,0,0,0,0,1,0,1,0,0,1
nježnost,0,0,0,0,1,0,1,0,0,0
njegovanje,0,0,0,0,0,0,0,0,0,0
tetiva,0,0,0,0,0,0,0,0,0,0
podstanarski stan,0,0,0,0,0,1,0,0,0,0
načelo,0,0,0,0,0,0,0,0,0,0
načela,0,0,0,0,0,0,0,0,0,0
deseterostruko,0,0,0,0,0,0,0,0,0,0
tenis,0,0,0,0,0,0,0,0,0,0
napeto,0,0,0,0,0,0,0,0,0,0
rastezljivo,0,0,0,0,0,0,0,0,0,0
napetost,1,0,0,0,0,0,0,0,0,0
šator,0,0,0,0,0,0,0,0,0,0
pipaljka,0,0,0,0,0,0,0,0,0,0
provizorni,0,0,0,0,0,0,0,0,0,0
deseti,0,0,0,0,0,0,0,0,0,0
desetine,0,0,0,0,0,0,0,0,0,0
tanak,0,0,0,0,0,0,0,0,0,0
mandat,0,0,0,0,0,0,0,0,0,0
mlak,0,0,0,0,0,0,0,0,0,0
termin,0,0,0,0,0,0,0,0,0,0
terminal,0,0,0,1,0,1,0,1,0,0
prekinuti,0,0,0,0,0,0,0,1,0,0
raskid,0,0,0,0,0,1,0,1,0,0
terminus,0,0,0,0,0,0,0,0,0,0
termit,0,0,1,0,0,1,0,0,0,0
Pojmovi,0,0,0,0,0,0,0,0,0,0
čigra,0,0,0,0,0,0,0,0,0,0
trojni,0,0,0,0,0,0,0,0,0,0
terasa,0,0,0,0,0,0,0,0,0,0
zemaljski,0,0,0,0,0,0,0,0,0,0
strašno,1,0,1,1,0,1,0,1,0,0
užasno,0,0,0,0,0,0,0,1,0,0
terijer,0,0,0,0,0,0,0,0,0,0
nevjerojatan,0,0,0,0,0,0,0,1,0,0
teritorijalni,0,0,0,0,0,0,0,0,0,0
teritorija,0,0,0,0,0,0,0,0,0,0
teror,0,0,0,1,0,1,0,0,0,0
terorizam,1,0,1,1,0,1,0,1,0,0
terorista,1,0,1,1,0,1,0,1,1,0
terorizirati,1,0,0,1,0,1,0,1,0,0
sažet,0,0,0,0,0,0,0,0,0,0
tercijarni,0,0,0,0,0,0,0,0,0,0
test,0,0,0,0,0,0,0,0,0,0
zavjet,0,1,0,0,0,0,0,0,0,1
svjedočiti,0,0,0,0,0,0,0,0,0,0
svjedočanstvo,0,0,0,0,0,0,0,0,0,0
svjedočanstvo,0,0,0,0,0,0,0,0,0,1
tetanus,0,0,1,0,0,1,0,0,0,0
lanac,0,0,0,0,0,1,0,0,0,0
privezana,0,0,0,0,0,0,0,0,0,0
tetraedarski,0,0,0,0,0,0,0,0,0,0
tekst,0,0,0,0,0,0,0,0,0,0
udžbenik,0,0,0,0,0,0,0,0,0,0
tekstil,0,0,0,0,0,0,0,0,0,0
teksturalni,0,0,0,0,0,0,0,0,0,0
tekstura,0,0,0,0,0,0,0,0,0,0
zahvalan,0,0,0,0,1,0,1,0,0,0
zahvaljivanje,0,0,0,0,1,0,1,0,0,0
slamnati krov,0,0,0,0,0,0,0,0,0,0
otopiti se,0,0,0,0,0,0,0,0,0,0
kazalište,0,0,0,0,0,0,0,0,0,0
kazališni,0,0,0,0,0,0,0,0,0,0
krađa,1,0,1,1,0,1,0,1,0,0
teizam,0,0,1,0,0,1,0,0,0,0
teistički,0,0,0,0,0,0,0,0,0,0
tema,0,0,0,0,0,0,0,0,0,0
teokratija,0,0,0,0,0,0,0,0,0,0
teokratski,1,0,0,1,0,1,0,1,0,1
teolog,0,0,0,0,0,0,0,0,0,0
teološki,0,0,0,0,0,0,0,0,0,1
teologija,0,1,0,0,0,0,0,0,0,0
teorema,0,0,0,0,0,0,0,0,0,1
teoretski,0,0,0,0,0,0,1,0,0,0
teorija,0,1,0,0,0,0,0,0,0,1
terapeutski,0,0,0,0,1,0,1,0,0,1
terapeutika,0,0,0,0,0,0,1,0,0,0
otprilike,0,0,0,0,0,0,0,0,0,0
toga,0,0,0,0,0,0,0,0,0,0
s time,0,0,0,0,0,0,0,0,0,0
toplinski,0,0,0,0,0,0,0,0,0,0
termopar,0,1,0,0,0,0,0,0,0,0
termodinamika,0,0,0,0,0,0,0,0,0,0
termometar,0,0,0,0,0,0,0,0,0,1
termostat,0,0,0,0,0,0,0,0,0,0
tezaurus,0,0,0,0,0,0,0,0,0,0
diplomski rad,0,0,0,0,0,0,0,0,0,0
debeo,0,0,0,0,0,0,0,0,0,0
zgusnuti se,0,0,0,0,0,0,0,0,0,0
zadebljanje,0,0,0,0,0,0,0,0,0,0
šikara,0,0,0,0,0,0,0,0,0,0
debljina,0,0,0,0,0,0,0,0,0,0
lopov,1,0,1,1,0,1,0,1,1,0
naprstak,0,0,0,0,0,0,0,0,0,0
tanak,0,0,0,0,0,0,0,0,0,0
stvar,0,0,0,0,0,0,0,0,0,0
stvari,0,0,0,0,0,0,0,0,0,0
mislilac,0,0,0,0,0,0,1,0,0,0
razmišljanje,0,0,0,0,0,0,0,0,0,0
trećine,0,0,0,0,0,0,0,0,0,0
žeđ,0,1,0,0,0,0,0,1,1,0
žedan,0,0,0,0,0,1,0,0,0,0
trinaest,0,0,0,0,0,0,0,0,0,0
trinaesti,0,0,0,1,0,0,0,0,0,0
čičak,0,0,0,0,0,0,0,0,0,0
onamo,0,0,0,0,0,0,0,0,0,0
tange,0,0,0,0,0,0,0,0,0,0
trn,0,0,0,0,0,1,0,0,0,0
trnovit,0,0,0,1,0,1,0,0,0,0
čistokrvni,0,0,0,0,0,0,1,0,0,0
prolaz,0,0,0,0,0,0,0,0,0,0
misao,0,1,0,0,0,0,0,0,0,0
zamišljeno,0,0,0,0,0,0,1,0,0,1
promišljenost,0,0,0,0,0,0,1,0,0,0
nepromišljeno,1,0,1,0,0,1,0,0,0,0
misli,0,0,0,0,0,0,0,0,0,0
tisuću,0,0,0,0,0,0,0,0,0,0
mlatiti,1,0,1,1,0,1,0,1,0,0
nit,0,0,0,0,0,0,0,0,0,0
prijetnja,1,0,0,1,0,1,0,0,0,0
ugroziti,1,1,0,1,0,1,0,0,0,0
prijeteći,1,0,1,1,0,1,0,0,0,0
trostruko,0,0,0,0,0,0,0,0,0,0
mlatiti,1,0,0,1,0,1,0,1,0,0
prag,0,0,0,0,0,0,0,0,0,0
triput,0,0,0,0,0,0,0,0,0,0
štedljivost,0,0,1,0,0,0,1,0,0,1
štedljiv,0,0,0,0,0,0,0,0,0,0
uzbuđenje,0,1,0,1,1,0,1,0,1,0
uzbudljiv,0,1,0,0,1,0,1,0,1,0
uspješan,0,1,0,0,1,0,1,0,0,0
grlo,0,0,0,0,0,0,0,0,0,0
lupati,0,0,0,1,0,1,0,1,0,0
lupanje,0,0,0,0,0,0,0,0,0,0
prijestolje,0,0,0,0,0,0,1,0,0,1
vreva,0,0,0,0,0,0,0,0,0,0
prigušnica,1,0,0,0,0,1,0,0,0,0
bacanje,0,0,0,0,0,0,0,0,0,0
drozd,0,0,0,0,0,0,0,0,0,0
povjerenje,0,0,0,0,0,0,0,0,0,0
tup udarac,0,0,0,0,0,0,0,0,0,0
razbojnik,1,0,1,1,0,1,0,0,0,0
palac,0,0,0,0,0,0,0,0,0,0
tup udarac,1,0,0,0,0,1,0,0,0,0
lupanje,0,0,0,1,0,0,0,0,0,0
grmljavina,0,0,0,0,0,0,0,0,0,0
gromovnik,0,0,0,0,0,0,0,0,0,0
grmeći,1,0,0,1,0,1,0,0,0,0
oluja,0,0,0,0,0,0,0,0,0,0
osujetiti,0,0,0,0,0,1,0,0,1,0
timijan,0,0,0,0,0,0,0,0,0,0
tijara,0,0,0,0,0,0,0,0,0,0
krpelj,0,0,0,0,0,0,0,0,0,0
ticker,0,0,0,0,0,0,0,0,0,0
ulaznica,0,0,0,0,0,0,0,0,0,0
golicati,0,1,0,0,1,0,1,0,1,1
škakljiv,0,0,0,0,0,0,0,0,0,0
plimni,0,0,0,0,0,0,0,0,0,0
malčice,0,0,0,0,0,0,0,0,0,0
plima,0,0,0,0,0,0,0,0,0,0
vijesti,0,0,0,0,0,0,0,0,0,0
kravata,0,0,0,0,0,0,0,0,0,0
red,0,0,0,0,0,0,0,0,0,0
svadja,1,0,0,0,0,1,0,0,0,0
tigar,0,0,0,0,0,0,0,0,0,0
stegnuti,1,0,0,0,0,0,0,0,0,0
tijesnost,0,0,0,0,0,0,0,0,0,0
hula-hopke,0,0,0,0,0,0,0,0,0,0
tilda,0,0,0,0,0,0,0,0,0,0
pločica,0,0,0,0,0,0,0,0,0,0
popločavanje,0,0,0,0,0,0,1,0,0,0
do,0,0,0,0,0,0,0,0,0,0
oranje,0,0,0,0,0,0,0,0,0,0
kormilo,0,0,0,0,0,0,0,0,0,0
nagib,0,0,0,0,0,0,0,0,0,0
naginjanje,0,0,0,0,0,0,0,0,0,0
drvena građa,0,0,0,0,0,0,0,0,0,0
šumska zemlja,0,0,0,0,0,0,0,0,0,0
timbar,0,0,0,0,0,0,0,0,0,0
vrijeme,0,1,0,0,0,0,0,0,0,0
pravovremenost,0,0,0,0,0,0,0,0,0,0
pravovremeno,0,0,0,0,0,0,1,0,0,0
mjerač vremena,0,0,0,0,0,0,0,0,0,0
bojažljiv,0,0,0,1,0,1,0,1,0,0
bojažljivost,0,1,0,1,0,1,0,0,0,0
kositar,0,0,0,0,0,0,0,0,0,0
tinktura,0,0,0,0,0,0,0,0,0,0
zubac,0,0,0,0,0,0,0,0,0,0
nijansa,0,0,0,0,0,0,0,0,0,0
peckanje,0,0,0,0,0,0,0,0,0,0
trnci,0,0,0,0,0,0,0,0,0,0
prtljati,0,0,0,0,0,0,0,0,0,0
prtljajući,0,0,0,0,0,0,0,0,0,0
zujanje u ušima,0,0,0,0,0,0,0,0,0,0
šljokice,0,0,0,0,1,0,1,0,0,0
nijansa,0,0,0,0,0,0,0,0,0,0
sitan,0,0,0,0,0,0,0,0,0,0
Savjet,0,0,0,0,0,0,0,0,0,0
pripit,0,0,0,0,0,1,0,0,0,0
tirada,1,0,1,0,0,1,0,0,0,0
guma,0,0,0,0,0,0,0,0,0,0
umoran,0,0,0,0,0,1,0,0,0,0
umor,0,0,0,0,0,1,0,0,0,0
zamoran,0,0,0,0,0,1,0,0,0,0
tkivo,0,0,0,0,0,0,0,0,0,0
sjenica,0,0,0,0,0,1,0,0,0,0
titanski,0,0,0,0,0,0,0,0,0,0
desetina,0,0,0,0,0,0,0,0,0,0
titula,0,0,0,0,0,0,1,0,0,1
naslovljen,0,0,0,0,0,0,0,0,0,0
sisa,0,0,0,0,0,0,0,0,0,0
titularni,0,0,0,0,0,0,0,0,0,0
krastača,0,0,1,0,0,1,0,0,0,0
tost,0,0,0,0,1,0,1,0,0,0
duhan,0,0,0,0,0,1,0,0,0,0
toby,0,0,0,0,0,0,0,0,0,0
tod,0,0,0,0,0,0,0,0,0,0
danas,0,0,0,0,0,0,0,0,0,0
nožni prst,0,0,0,0,0,0,0,0,0,0
toga,0,0,0,0,0,0,0,0,0,0
mučiti se,0,0,0,0,0,0,0,0,0,0
WC,0,0,1,0,0,1,0,0,0,0
muči se,0,0,0,0,0,1,0,0,0,0
znak,0,0,0,0,0,0,0,0,0,0
tolerancija,0,0,0,0,0,0,0,0,0,0
tolerantan,0,0,0,0,0,0,1,0,0,0
tolerirati,1,0,0,0,0,1,0,1,0,0
tolerancija,0,0,0,0,0,0,1,0,0,0
cestarina,0,0,0,0,0,0,0,0,0,0
tomahawk,0,0,0,0,0,0,0,0,0,0
grob,0,0,0,0,0,0,0,1,0,0
mačak,0,0,0,0,0,0,0,0,0,0
meni,0,0,0,0,0,0,0,0,0,0
sutra,0,1,0,0,0,0,0,0,0,0
tona,0,0,0,0,0,0,0,0,0,0
ton,0,0,0,0,0,0,0,0,0,0
hvataljka,0,0,0,0,0,0,0,0,0,0
kliješta,0,0,0,0,0,0,0,0,0,0
jezik,0,0,0,0,0,0,0,0,0,0
tonik,0,0,0,0,0,0,0,0,0,0
tonaža,0,0,0,0,0,0,0,0,0,0
krajnici,0,0,0,0,0,0,0,0,0,0
alatna oprema,0,0,0,0,0,0,0,0,0,0
zub,0,0,0,0,0,0,0,0,0,0
zubobolja,0,0,0,1,0,1,0,0,0,0
nazubljeni,0,0,0,0,0,0,0,0,0,0
bezubi,0,0,0,0,0,0,0,0,0,0
vrh,0,1,0,0,0,0,1,0,0,1
topaz,0,0,0,0,0,0,0,0,0,0
tema,0,0,0,0,0,0,0,0,0,0
aktualan,0,0,0,0,0,0,0,0,0,0
topografski,0,0,0,0,0,0,0,0,0,0
topografski,0,0,0,0,0,0,0,0,0,0
topografija,0,0,0,0,0,0,0,0,0,0
oboriti,0,0,0,0,0,0,0,0,1,0
tor,0,0,0,0,0,0,0,0,0,0
baklja,0,0,0,0,0,0,0,0,0,0
mučiti,1,0,0,1,0,1,0,1,0,0
poderan,0,0,0,0,0,1,0,0,0,0
tornado,0,0,0,1,0,0,0,0,0,0
torpedo,1,0,0,0,0,1,0,0,0,0
bujica,0,0,0,1,0,0,0,0,0,0
vruće,0,0,0,0,0,1,0,0,0,0
torzija,0,0,0,0,0,0,0,0,0,0
torzo,0,0,0,0,0,0,0,0,0,0
delikt,0,0,0,0,0,1,0,0,0,0
deliktnog,1,0,1,0,0,1,0,0,0,0
kornjača,0,0,0,0,0,0,0,0,0,0
vijugav,0,0,0,0,0,0,0,0,0,0
mučenje,1,1,1,1,0,1,0,1,0,0
bacanje,0,0,0,0,0,0,0,0,0,0
ukupno,0,0,0,0,0,0,0,0,0,0
totalitet,0,0,0,0,0,0,0,0,0,0
potpuno,0,0,0,0,0,0,0,0,0,0
totalizator,0,0,0,0,0,0,0,0,0,0
totem,0,0,0,0,0,0,0,0,0,0
dodir,0,0,0,0,0,0,0,0,0,0
dotaknuto,0,0,0,0,0,1,0,0,0,0
dirljivo,0,0,0,0,0,0,0,0,0,0
osjetljiv,1,0,0,0,0,1,0,1,0,0
tvrd,0,0,0,0,0,1,0,1,0,0
žilavost,1,0,0,1,0,0,1,0,0,1
turneja,0,0,0,0,0,0,0,0,0,0
turist,0,0,0,0,0,0,0,0,0,0
turmalin,0,0,0,0,0,0,0,0,0,0
turnir,0,0,0,0,0,0,0,0,0,0
podveza,0,0,0,0,0,0,0,0,0,0
reklamirati,0,0,0,0,0,0,0,0,0,0
vući,0,0,0,0,0,0,0,0,0,0
ručnik,0,0,0,0,0,0,0,0,0,0
toranj,0,0,0,0,0,0,1,0,0,0
veoma visok,0,1,0,1,0,0,1,0,0,0
grad,0,0,0,0,0,0,0,0,0,0
Gradska kuća,0,0,0,0,0,0,0,0,0,0
otrovan,0,0,1,0,0,1,0,0,0,0
toksikologija,0,0,0,0,0,0,0,0,0,0
toksin,0,0,0,1,0,1,0,0,0,0
igračka,0,0,0,0,0,0,0,0,0,0
trag,0,0,0,0,0,0,0,0,0,0
tragovi,0,0,0,0,0,0,0,0,0,0
dušnik,0,0,0,0,0,0,0,0,0,0
traganje,0,0,0,0,0,0,0,0,0,0
staza,0,1,0,0,0,0,0,0,0,0
trakt,0,0,0,1,0,0,0,0,0,0
savladiv,0,0,0,0,0,0,0,0,0,0
vučenje,0,0,0,0,0,0,0,0,0,0
traktor,0,0,0,0,0,0,0,0,0,0
trgovina,0,0,0,0,0,0,0,0,0,1
trgovac,0,0,0,0,0,0,0,0,0,0
trgovac,0,0,0,0,0,0,0,0,0,0
trgovanje,0,0,0,0,0,0,0,0,0,0
tradicija,0,0,0,0,0,0,0,0,0,0
tradicionalni,0,0,0,0,0,0,1,0,0,0
promet,0,0,0,0,0,0,0,0,0,0
tragedija,0,0,0,1,0,1,0,1,0,0
tragičan,0,0,0,0,0,1,0,0,0,0
trag,0,0,0,0,0,0,0,0,0,0
vlak,0,0,0,0,0,0,0,0,0,0
uvježban,0,0,0,0,0,0,0,0,0,0
trener,0,0,0,0,0,0,0,0,0,1
trening,0,0,0,0,0,0,0,0,0,0
osobina,0,0,0,0,0,0,0,0,0,0
izdajnik,1,0,1,1,0,1,0,1,0,0
putanja,0,0,0,0,0,0,0,0,0,0
tramvaj,0,0,0,0,0,0,0,0,0,0
skitnica,0,0,1,1,0,1,0,1,0,0
tramvaj,0,0,0,0,0,0,0,0,0,0
trans,0,0,0,0,0,1,0,0,0,0
miran,0,0,0,0,1,0,1,0,0,0
mir,0,0,0,0,1,0,1,0,0,1
izvršiti transakciju,0,0,0,0,0,0,0,0,0,0
transakcija,0,0,0,0,0,0,0,0,0,1
transatlantski,0,0,0,0,0,0,0,0,0,0
transcendencija,0,1,0,0,1,0,1,0,1,1
transcendentan,0,0,0,0,0,0,0,0,0,0
transcendentalno,0,0,0,0,0,0,1,0,0,0
prepisivati,0,0,0,0,0,0,0,0,0,0
prepisivač,0,0,0,0,0,0,0,0,0,0
prijepis,0,0,0,0,0,0,0,0,0,1
transkripcija,0,0,0,0,0,0,0,0,0,0
prijenos,0,0,0,0,0,0,0,0,0,0
prijenos,0,0,0,0,0,0,0,0,0,0
prenijeti,0,0,0,0,0,0,0,0,0,0
preneražen,0,0,0,0,0,0,0,0,0,0
transformirati,0,0,0,0,0,0,0,0,0,0
transformacija,0,0,0,0,0,0,0,0,0,0
transfuzija,0,0,0,0,0,0,0,0,0,0
prijestup,0,0,0,0,0,1,0,0,0,0
prolazna,0,0,0,0,0,0,0,0,0,0
tranzit,0,0,0,0,0,0,0,0,0,0
tranzicija,0,0,0,0,0,0,0,0,0,0
prijelazni,0,1,0,0,0,0,0,0,0,0
tranzitivan,0,0,0,0,0,0,0,0,0,0
prolazan,0,0,0,0,0,0,0,0,0,0
Prevedi,0,0,0,0,0,0,0,0,0,0
prijevod,0,0,0,0,0,0,0,0,0,1
translokacija,0,0,0,0,0,0,0,0,0,0
proziran,0,0,0,0,0,0,0,0,0,0
prijenos,0,0,0,0,0,0,0,0,0,0
prenositi,0,0,0,0,0,0,0,0,0,0
transmutacija,0,0,0,0,0,0,0,0,0,0
krmeno zrcalo,0,0,0,0,0,0,0,0,0,0
prozirnost,0,0,0,0,0,0,0,0,0,0
transparentan,0,0,0,0,0,0,0,0,0,0
presaditi,0,0,0,0,0,0,0,0,0,0
transplantacija,0,0,0,0,0,0,0,0,0,0
prijevoz,0,0,0,0,0,0,0,0,0,0
prijevoz,0,0,0,0,0,0,0,0,0,0
transponirati,0,0,0,0,0,0,0,0,0,0
transpozicija,0,0,0,0,0,0,0,0,0,0
poprečni,0,0,0,0,0,0,0,0,0,0
zamka,0,0,0,0,0,0,0,0,0,0
hvatanje u stupice,0,0,0,0,0,0,0,0,0,0
zamke,0,0,0,0,0,1,0,0,0,0
zamke,0,0,0,0,0,1,0,0,0,0
otpad,0,0,1,0,0,1,0,1,0,0
nikakav,0,0,1,0,0,1,0,0,0,0
traumatično,1,0,0,1,0,1,0,1,0,0
trudnoća,0,0,0,0,0,1,0,0,0,0
putovati,0,0,0,0,0,0,0,0,0,0
putnik,0,0,0,0,0,0,0,0,0,0
putujući,0,0,0,0,0,0,1,0,0,0
prijeći,0,0,0,0,0,0,0,0,0,0
travestija,0,0,1,1,0,1,0,1,0,0
tegliti,0,0,0,0,0,0,0,0,0,0
koćarica,0,0,0,0,0,0,0,0,0,0
ladica,0,0,0,0,0,0,0,0,0,0
podmukao,1,0,1,1,0,1,0,0,0,0
izdaja,1,0,0,1,0,1,0,1,1,0
gaziti,0,0,0,0,0,0,0,0,0,0
ergometar,0,1,0,0,0,0,0,0,0,0
izdaja,1,0,1,1,0,1,0,0,1,0
blago,0,1,0,0,1,0,1,0,0,1
blagajnik,0,0,0,0,0,0,0,0,0,1
riznica,0,0,0,0,0,0,0,0,0,0
liječiti,1,1,1,1,1,1,1,1,1,1
rasprava,0,0,0,0,0,0,0,0,0,0
liječenje,0,0,0,0,0,0,0,0,0,0
ugovor,0,0,0,0,0,0,0,0,0,0
soprano,0,0,0,0,0,0,0,0,0,0
drvo,1,1,1,0,1,0,1,0,1,1
putovati,0,0,0,0,0,0,0,0,0,0
rešetkasta rešetka,0,0,0,0,0,0,0,0,0,0
drhtati,0,0,0,0,0,0,0,0,0,0
drhtanje,0,0,0,1,0,1,0,0,0,0
strašan,0,0,0,0,0,0,0,0,0,0
strahovito,0,0,0,0,0,0,1,0,0,0
tremor,1,1,0,1,0,1,0,1,0,0
rov,0,0,0,0,0,0,0,0,0,0
trend,0,0,0,0,0,0,1,0,0,0
u trendu,0,0,0,0,0,0,0,0,0,0
u trendu,0,0,0,0,0,0,1,0,0,0
strah,0,1,0,1,0,1,0,0,1,0
prijestup,1,0,0,0,0,1,0,0,0,0
trijada,0,0,0,0,0,0,0,0,0,0
trokut,0,0,0,0,0,0,0,0,0,0
trokutasti,0,0,0,0,0,0,0,0,0,0
pleme,0,0,0,0,0,0,0,0,0,1
nevolja,0,0,0,1,0,1,0,1,0,0
sud,0,1,1,1,0,1,0,0,0,1
tribina,0,0,0,0,0,0,0,0,0,1
pritoka,0,1,0,0,0,0,1,0,0,0
danak,0,0,0,0,0,0,1,0,0,0
trik,0,0,0,0,0,1,0,0,1,0
prijevara,1,0,1,1,0,1,0,1,1,0
curiti,0,0,0,0,0,0,0,0,0,0
lukav,0,0,0,0,0,0,0,0,0,0
tricikl,0,0,0,0,0,0,0,0,0,0
trozubac,0,0,0,0,0,0,0,0,0,0
sitnica,0,0,0,0,0,1,0,0,0,0
okidač,0,0,0,0,0,0,1,0,0,0
okidač,0,0,0,0,0,0,0,0,0,0
trigonometrija,0,0,0,0,0,0,0,0,0,0
bilijun,0,0,0,0,0,0,0,0,0,0
dotjerati,0,0,0,0,0,0,0,0,0,0
trimer,0,0,0,0,0,0,0,0,0,0
podrezivanje,0,0,0,0,0,0,0,0,0,0
trostruk,0,0,0,0,0,0,0,0,0,0
trojstvo,0,0,0,0,0,0,0,0,0,0
trio,0,0,0,0,0,0,0,0,0,0
putovanje,0,0,0,0,0,0,0,0,1,0
trodijelni,0,0,0,0,0,0,0,0,0,0
utrostručiti,0,0,0,0,0,0,0,0,0,0
trojka,0,0,0,0,0,0,0,0,0,0
trostruki,0,0,0,0,0,0,0,0,0,0
tronožac,0,0,0,0,0,0,0,0,0,0
spoticanje,1,0,0,0,0,1,0,1,0,0
banalan,0,0,0,0,0,0,0,0,0,0
tricij,0,0,0,0,0,0,0,0,0,0
trijumf,0,1,0,0,1,0,1,0,0,0
pobjednički,0,1,0,0,1,0,1,0,0,1
trolirati,1,0,0,1,0,1,0,0,0,0
kolica,0,0,0,0,0,0,0,0,0,0
trombon,0,0,0,0,0,0,0,0,0,0
trupa,0,0,0,0,0,0,0,0,0,0
policajac,0,0,0,0,0,0,0,0,0,0
trupe,0,0,0,0,0,0,0,0,0,0
trofej,0,1,0,0,1,0,1,0,1,1
tropski,0,0,0,0,0,0,0,0,0,0
kas,0,0,0,0,0,0,0,0,0,0
problematičan,1,0,0,1,0,1,0,0,0,0
kroz,0,0,0,0,0,0,0,0,0,0
trupa,0,0,0,0,0,0,0,0,0,0
hlače,0,0,0,0,0,0,0,0,0,0
pastrva,0,0,0,0,0,0,0,0,0,0
gleterom,0,0,0,0,0,0,0,0,0,0
primirje,0,0,0,0,1,0,1,0,0,1
kamion,0,0,0,0,0,0,0,0,0,1
pravi,0,0,0,0,1,0,1,0,0,1
truizam,0,0,0,0,0,0,0,0,0,0
adut,0,0,0,0,0,0,0,0,1,0
truba,0,0,0,0,0,1,0,0,0,0
trubač,0,0,0,0,0,0,0,0,0,0
skratiti,0,0,0,0,0,0,0,0,0,0
krnji,0,0,0,0,0,0,0,0,0,0
kotrljati se,0,0,0,0,0,0,0,0,0,0
deblo,0,0,0,0,0,0,0,0,0,0
krovište,0,0,0,0,0,0,0,0,0,1
povjerenje,0,0,0,0,0,0,0,0,0,1
povjerenik,0,0,0,0,0,0,0,0,0,1
pouzdan,0,0,0,0,0,0,1,0,0,0
istina,0,0,0,0,0,0,1,0,0,1
istinit,0,0,0,0,0,0,0,0,0,1
istinitost,0,0,0,0,0,0,1,0,0,1
probati,0,0,0,0,0,0,0,0,0,0
kada,0,0,0,0,0,0,0,0,0,0
cijev,0,0,0,0,0,0,0,0,0,0
cjevasti,0,0,0,0,0,0,0,0,0,0
cjevčica,0,0,0,0,0,0,0,0,0,0
ugurati,0,0,0,0,0,0,0,0,0,0
tucker,0,0,0,0,0,0,0,0,0,0
čupav,0,0,0,0,0,0,0,0,0,0
tegljač,0,0,0,0,0,0,0,0,0,0
školarina,0,0,0,0,0,0,0,0,0,0
lala,0,0,0,0,0,0,0,0,0,0
prevaliti,0,0,0,0,0,1,0,0,0,0
pelivan,0,0,0,0,0,0,0,0,0,0
tumor,0,0,0,1,0,1,0,0,0,0
tumor,0,0,0,1,0,1,0,1,0,0
metež,1,0,0,1,0,1,0,0,1,0
burno,1,0,0,1,0,1,0,0,0,0
tun,0,0,0,0,0,0,0,0,0,0
tuna,0,0,0,0,0,0,0,0,0,0
melodičan,0,0,0,0,0,0,0,0,0,0
napjev,0,0,0,0,0,0,0,0,0,0
tunika,0,0,0,0,0,0,0,0,0,0
ugađanje,0,0,0,0,0,0,0,0,0,0
tunel,0,0,0,0,0,0,0,0,0,0
turban,0,0,0,0,0,0,0,0,0,0
zamućenost,0,0,0,0,0,0,0,0,0,0
turbina,0,0,0,0,0,0,0,0,0,0
turbulencija,1,0,0,1,0,1,0,0,0,0
turbulentan,0,0,0,1,0,1,0,0,0,0
treset,0,0,0,0,0,0,0,0,0,0
kurkuma,0,0,0,0,0,0,0,0,0,0
previranja,1,0,0,1,0,1,0,1,0,0
skretanje,0,0,0,0,0,0,0,0,0,0
okretanje,0,0,0,0,0,0,0,0,0,0
ključ u ruke,0,0,0,0,0,0,0,0,0,0
mitnica,0,0,0,0,0,0,0,0,0,0
okretnica,0,0,0,0,0,0,0,0,0,0
tirkiz,0,0,0,0,0,0,0,0,0,0
kupola,0,0,0,0,0,0,0,0,0,0
dolčevita,0,0,0,0,0,0,0,0,0,0
tučnjava,1,0,0,0,0,0,0,0,0,0
tutorstvo,0,0,0,0,0,0,1,0,0,1
tutor,0,0,0,0,0,0,1,0,0,0
štipanje,0,0,0,0,0,0,0,0,0,0
dvanaesti,0,0,0,0,0,0,0,0,0,0
dvanaest,0,0,0,0,0,0,0,0,0,0
dvadeseti,0,0,0,0,0,0,0,0,0,0
dvadeset,0,0,0,0,0,0,0,0,0,0
grančica,0,0,0,0,0,0,0,0,0,0
sumrak,0,0,0,0,0,0,0,0,0,0
keper,0,0,0,0,0,0,0,0,0,0
blizanac,0,0,0,0,0,0,1,0,0,0
špaga,0,0,0,0,0,0,0,0,0,0
svjetlucati,0,1,0,0,1,0,1,0,0,0
Blizanci,0,0,0,0,0,0,0,0,0,0
uvijanje,0,0,0,0,0,0,0,0,0,0
uvrnut,0,0,0,0,0,0,0,0,0,0
trzaj,0,0,0,0,0,1,0,0,0,0
dvostruki,0,0,0,0,0,0,0,0,0,0
tajkun,0,0,0,0,0,0,0,0,0,0
tip,0,0,0,0,0,0,0,0,0,0
pisaći stroj,0,0,0,0,0,0,0,0,0,0
tajfun,0,0,0,1,0,1,0,0,0,0
tipično,0,0,0,0,0,0,0,0,0,0
daktilograf,0,0,0,0,0,0,0,0,0,0
tipografija,0,0,0,0,0,0,0,0,0,0
tiranski,1,0,1,1,0,1,0,0,0,0
tiranija,0,0,0,1,0,1,0,1,0,0
tiranin,1,0,1,1,0,1,0,1,0,0
guma,0,0,0,0,0,0,0,0,0,0
sveprisutan,0,0,0,0,0,0,0,0,0,0
sveprisutnost,0,0,0,0,0,0,0,0,0,0
ružnoća,0,0,1,1,0,1,0,1,0,0
ružan,0,0,1,0,0,1,0,0,0,0
čir,1,0,1,1,0,1,0,1,0,0
prikriveni,0,0,0,0,0,1,0,0,0,0
ultimativno,0,1,0,0,0,0,0,1,0,0
u konačnici,0,1,0,0,0,0,1,0,0,0
ultimatum,1,0,0,1,0,1,0,0,0,0
ultimo,0,0,0,0,0,0,0,0,0,0
ultraljubičasto,0,0,0,0,0,0,0,0,0,0
pupčana,0,0,0,0,0,0,0,0,0,0
umbra,0,0,0,0,0,0,0,0,0,0
kišobran,0,0,0,0,0,0,0,0,0,0
sudac,0,0,0,0,0,0,1,0,0,1
bez stida,0,0,0,0,0,0,0,0,0,0
nesmanjenom,0,0,0,0,0,0,0,0,0,0
nesposoban,0,0,0,0,0,1,0,1,0,0
neprihvatljivo,0,0,0,0,0,1,0,1,0,0
bez pratnje,0,0,0,0,0,0,0,0,0,0
neuračunljiv,0,1,1,0,0,1,0,1,0,1
nepriznat,0,0,0,0,0,0,0,1,0,0
nepokvaren,0,0,0,0,0,0,0,0,0,0
bez pomoći,0,0,0,0,0,0,0,0,0,0
nepromijenjena,0,0,0,0,0,0,0,0,0,0
nedvosmislen,0,0,0,0,0,0,0,0,0,0
jednoglasnost,0,0,0,0,0,0,1,0,0,0
jednoglasno,0,0,0,0,0,0,1,0,0,0
jednoglasno,0,0,0,0,0,0,0,0,0,0
neočekivano,0,0,0,0,0,0,0,0,1,0
neodobreno,0,0,0,0,0,1,0,0,0,0
nenaoružan,0,0,0,0,0,0,0,0,0,0
bez pomoći,0,0,0,0,0,0,0,0,0,0
skroman,0,0,0,0,0,0,1,0,0,0
nevezani,0,0,0,0,0,1,0,0,0,0
nedostižan,1,0,0,0,0,1,0,1,0,0
bez nadzora,0,0,0,0,0,0,0,0,0,0
neprivlačan,0,0,1,0,0,1,0,1,0,0
neovlašteno,0,0,0,0,0,1,0,0,0,0
neizbježan,0,0,0,0,0,1,0,0,0,0
nesvjestan,0,0,0,0,0,1,0,0,0,0
neuravnotežen,0,0,0,0,0,0,0,0,0,0
nepodnošljiva,0,0,1,0,0,1,0,1,0,0
nepobijeđen,0,1,0,0,1,1,1,1,1,0
nevjera,0,0,0,0,0,1,0,0,0,0
nevjerojatno,0,0,0,0,0,1,0,0,0,0
nepristran,0,0,0,0,0,0,1,0,0,0
nerođen,0,0,0,0,0,1,0,0,0,0
nevezano,0,0,0,0,0,0,0,0,0,0
neograničeno,0,0,0,0,0,0,0,0,0,0
nesalomljiv,0,0,0,0,0,0,1,0,0,0
neobuzdana,1,1,0,1,0,1,1,0,1,0
neprekinut,0,0,0,0,0,0,1,0,0,1
jezovit,0,0,0,1,0,1,0,0,1,0
bezbrižan,1,0,1,0,0,1,0,1,0,0
neizvjestan,1,0,1,1,0,1,0,0,1,0
nesigurnost,0,0,0,0,0,0,0,0,0,0
ničim izazvan,0,0,0,0,0,0,0,0,0,0
nepromjenljiv,0,0,0,0,0,1,0,0,0,0
nepromijenjeno,0,0,0,0,0,0,0,0,0,0
nezahtjevan,0,0,0,0,0,0,0,0,0,0
ujak,0,0,0,0,0,0,0,0,0,0
nečisti,0,0,1,0,0,1,0,0,0,0
neugodno,0,0,0,0,0,1,0,0,0,0
neuobičajeno,0,0,0,0,0,0,0,0,0,0
neuobičajeno,0,0,0,0,0,0,0,0,0,0
beskompromisan,0,0,0,0,0,0,0,0,0,0
nezabrinut,0,0,0,0,0,0,0,0,0,0
nepotvrđeno,0,0,0,0,0,0,0,0,0,0
nepovezano,0,0,0,0,0,0,0,0,0,0
nesavjesno,0,0,1,0,0,1,0,0,0,0
nesvjesno,0,0,0,0,0,1,0,0,0,0
nesvjestica,0,0,0,0,0,0,0,0,0,0
neustavan,0,0,0,0,0,1,0,0,0,0
nesputan,0,0,0,0,1,0,1,0,0,0
neosporen,0,0,0,0,0,0,0,0,0,0
nekontroliran,1,1,0,0,0,1,0,0,1,0
nekontrolirano,0,0,0,0,0,1,0,0,0,0
nekonvencionalan,0,0,0,0,0,0,0,0,0,0
neuvjeren,0,0,0,0,0,0,0,0,0,0
prijesan,0,0,0,0,0,0,0,0,0,0
nekorelirano,0,0,0,0,0,0,0,0,0,0
otkriti,0,0,0,0,0,0,0,0,1,0
nekritički,0,0,0,0,0,0,0,0,0,0
neobrezana,0,0,0,0,0,0,0,0,0,0
neodlučan,0,1,0,1,0,1,0,0,0,0
nedefiniran,0,0,0,0,0,0,0,0,0,0
neporeciv,0,0,0,0,0,0,0,0,0,0
prikriveni,0,0,0,0,0,0,0,0,0,0
podstrujni,0,0,0,0,0,0,0,0,0,0
podcjenjivati,0,0,0,0,0,0,0,0,1,0
podvrgnuti se,0,0,0,0,0,0,0,0,0,0
dodiplomski,0,0,0,0,0,0,0,0,0,0
pod zemljom,0,0,0,0,0,0,0,0,0,0
podliježu,0,0,0,0,0,0,0,0,0,0
naglasiti,0,0,0,0,0,0,1,0,0,0
potkopana,0,0,0,0,0,1,0,0,0,0
ispod,0,0,0,0,0,0,0,0,0,0
potplaćeni,1,0,0,0,0,1,0,1,0,0
gaće,0,0,0,0,0,0,0,0,0,0
podvući,0,0,0,0,0,0,0,0,0,0
nedorasli,0,0,0,0,0,1,0,0,0,0
razumijevanje,0,0,0,0,0,0,1,0,0,1
razumjeli,0,0,0,0,0,0,0,0,0,0
poduzeti,0,0,0,0,0,0,0,0,0,0
poduzetnik,0,0,0,0,0,0,0,1,0,0
poduzeće,0,1,0,0,0,0,0,0,0,0
underwood,0,0,0,0,0,0,0,0,0,0
potpisati,0,0,0,0,0,0,1,0,0,1
osiguravatelj,0,0,0,0,0,0,0,0,0,0
nezasluženo,0,0,0,0,0,0,0,0,0,0
nepoželjan,1,0,1,1,0,1,0,1,0,0
nepoželjan,0,0,0,0,0,1,0,1,0,0
nerazvijena,0,0,0,0,0,0,0,0,0,0
neusmjeren,0,0,0,0,0,0,0,0,0,0
neotkriveno,0,1,0,0,0,0,0,0,0,0
neotkriven,0,0,0,0,0,0,0,0,1,0
neosporen,0,0,0,0,0,0,0,0,0,0
nesmetano,0,0,0,0,0,0,0,0,0,0
nepodijeljen,0,0,0,0,0,0,1,0,0,0
poništiti,0,0,0,0,0,1,0,0,0,0
poništavanje,0,0,0,0,0,0,0,0,0,0
nesumnjivo,0,1,1,0,0,0,0,0,0,0
razodjenuti se,0,0,0,0,0,0,0,0,0,0
razodjevena,0,0,0,0,0,0,0,0,0,0
nedolično,0,0,0,0,0,0,0,0,0,0
besmrtan,0,1,0,0,1,0,1,1,0,1
nezarađeno,0,0,0,0,0,0,0,0,0,0
otkopati,0,0,0,0,0,0,0,0,0,0
nelagoda,0,1,0,0,0,1,0,1,0,0
nelagodan,0,0,1,1,0,1,0,0,0,0
neobrazovani,0,0,0,0,0,1,0,1,0,0
nezaposleni,0,0,0,1,0,1,0,1,0,0
neopterećeno,0,0,0,0,0,0,0,0,0,0
beskrajan,0,0,0,0,0,0,0,0,0,0
nejednak,1,0,1,1,0,1,0,1,0,0
bez premca,0,0,0,0,0,0,0,0,0,0
nedvosmislen,0,0,0,0,0,0,0,0,0,1
nedvosmisleno,0,0,0,0,0,0,1,0,0,0
neravnomjeran,0,0,0,0,0,1,0,0,0,0
bez događaja,0,0,0,0,0,0,0,0,0,0
neočekivano,0,1,0,1,1,1,1,0,1,0
neočekivano,0,0,0,0,0,0,0,0,1,0
neobjašnjen,0,1,0,0,0,1,0,1,0,0
neistražen,0,0,0,0,0,0,0,0,0,0
nepogrešiv,0,0,0,0,0,0,0,0,0,0
nepošteno,1,0,1,0,0,1,0,1,0,0
nepravednost,1,0,0,0,0,1,0,1,0,0
nevjeran,0,0,1,0,0,1,0,0,0,0
nepoznato,0,0,0,0,0,0,0,0,0,0
nepovoljan,0,0,1,0,0,1,0,1,0,0
nesputan,0,0,0,0,0,0,0,0,0,0
nedovršen,0,0,0,0,0,1,0,0,0,0
nepokolebljiv,0,0,0,0,0,0,0,0,0,0
razmotati se,0,1,0,0,0,0,1,0,0,0
nepredviđeno,0,0,0,0,0,0,0,0,1,0
nepopustljiv,1,0,0,0,0,1,0,1,0,0
nesretniče,0,0,0,0,0,1,0,1,0,0
neprijateljski,1,0,1,1,0,1,0,1,0,0
neispunjeno,1,1,0,0,0,1,0,1,1,0
nenamješten,0,0,0,0,0,1,0,0,0,0
bezbožnički,0,0,0,0,0,1,0,1,0,0
nezahvalan,1,0,1,0,0,1,0,0,0,0
nečuvan,0,0,0,0,0,0,0,0,1,0
nesreća,0,0,0,0,0,1,0,1,0,0
nesretna,1,0,1,0,0,1,0,1,0,0
neozlijeđen,0,0,0,0,0,0,0,0,0,0
nezdravo,0,0,1,1,0,1,0,1,0,0
nesmetano,0,0,0,0,0,0,0,0,0,0
nesveti,0,0,0,1,0,1,0,0,0,0
jednorog,0,0,0,0,0,0,0,0,0,0
ujedinjenje,0,1,0,0,1,0,1,0,0,1
uniforma,0,0,0,0,0,0,0,0,0,0
ujednačenost,0,0,0,0,0,0,0,0,0,0
jednolično,0,0,0,0,0,0,1,0,0,0
nezamislivo,0,0,0,0,0,1,1,0,1,0
nevažno,0,0,0,0,0,1,0,1,0,0
neimpresioniran,0,0,0,0,0,1,0,0,0,0
nepoboljšan,0,0,0,0,0,1,0,0,0,0
neinficiran,0,0,0,0,0,0,1,0,0,0
neupućena,0,0,0,0,0,1,0,0,0,0
nenaseljena,0,0,0,0,0,0,0,0,0,0
nepoduzetan,0,0,0,0,0,1,0,0,0,0
neinspiriran,0,0,0,0,0,1,0,1,0,0
nerazumljiv,0,0,0,0,0,1,0,0,0,0
nenamjeran,0,0,0,0,0,0,0,0,1,0
nenamjerno,0,0,0,0,0,0,0,0,1,0
nenamjerno,0,0,0,0,0,1,0,0,1,0
nezainteresirano,0,0,0,0,0,1,0,1,0,0
nezanimljiv,0,0,0,0,0,1,0,1,0,0
neprekidan,0,0,0,0,0,0,0,0,0,0
nepozvan,0,0,0,0,0,0,0,1,0,0
unija,0,0,0,0,0,0,0,0,0,0
jedinstvena,0,0,0,0,0,0,1,0,1,0
sklad,0,0,0,0,0,0,1,0,0,0
jedinica,0,0,0,0,0,0,0,0,0,0
jedinstveni,0,0,0,0,0,0,1,0,0,0
ujediniti,0,0,0,0,0,0,0,0,0,0
ujedinjen,0,0,0,0,0,0,1,0,0,1
jedinstvo,0,0,0,0,0,0,1,0,0,1
univerzalni,0,0,0,0,0,0,0,0,0,0
univerzalnost,0,0,0,0,0,0,0,0,0,0
svemir,0,0,0,0,0,0,0,0,0,0
sveučilište,0,1,0,0,0,0,1,0,0,0
nepravedno,1,0,0,0,0,1,0,0,0,0
neopravdano,1,0,1,1,0,1,0,0,0,0
neopravdano,0,0,0,0,0,1,0,0,0,0
neljubazan,1,0,1,1,0,1,0,1,0,0
nespoznatljiv,0,0,0,0,0,0,0,0,0,0
nepoznato,0,1,0,1,0,1,0,0,0,0
protuzakonito,1,0,1,1,0,1,0,1,0,0
osloboditi,0,0,0,0,0,0,0,0,0,0
bez dozvole,0,0,0,0,0,1,0,0,0,0
za razliku od,0,0,0,0,0,0,0,0,0,0
neograničen,0,0,0,0,0,0,1,0,0,0
istovariti,0,0,0,0,0,0,0,0,0,0
istovaren,0,0,0,0,0,0,0,0,0,0
otključati,0,0,0,0,0,0,0,0,0,0
nesretan,1,0,1,1,0,1,0,1,0,0
neizvodljiv,0,0,1,0,0,1,0,0,0,0
neoznačeno,0,0,0,0,0,0,0,0,0,0
neoženjen,0,0,0,0,0,0,0,0,0,0
razotkriti,0,0,0,0,0,0,0,0,0,0
bez premca,0,0,0,0,0,0,0,0,0,0
nepogrešiv,0,0,0,0,0,0,0,0,0,0
neublažen,0,0,0,0,0,0,0,0,0,0
nepomičan,0,0,0,0,0,0,0,0,0,0
neimenovani,0,0,0,0,0,0,0,0,0,0
neprirodan,0,0,1,1,0,1,0,0,0,0
nepotreban,0,0,0,0,0,0,0,0,0,0
nepotreban,0,0,0,0,0,0,0,0,0,0
nezapaženo,0,0,0,0,0,0,0,0,0,0
nenumeriran,0,0,0,0,0,0,0,0,0,0
nezapaženo,0,0,0,0,0,0,0,0,0,0
nesmetan,0,0,0,0,0,0,0,0,0,0
nenametljiv,0,0,0,0,0,0,0,0,0,0
nenaseljeno,0,0,0,0,0,0,0,0,0,0
neslužbeni,0,0,0,0,0,1,0,0,0,0
neotvorena,0,0,0,0,0,0,0,0,0,0
bez suprotstavljanja,0,0,0,0,0,0,0,0,0,0
nesređena,0,0,0,0,0,0,0,0,0,0
neorganizirano,0,0,0,0,0,0,0,0,0,0
neortodoksan,0,0,0,0,0,0,0,0,0,0
raspakirati,0,0,0,0,0,0,0,0,0,0
neplaćeni,1,0,0,0,0,1,0,1,0,0
neugodan,0,0,1,0,0,1,0,1,0,0
nepopularan,0,0,1,0,0,1,0,1,0,0
bez presedana,0,0,0,0,0,0,0,0,1,0
nepredvidiv,0,0,0,0,0,1,0,0,1,0
nespreman,0,0,0,0,0,1,0,0,0,0
nepretenciozan,0,0,0,0,0,0,1,0,0,0
neproduktivan,0,0,0,0,0,1,0,0,0,0
neprofitabilan,0,0,0,0,0,1,0,0,0,0
nezaštićena,0,0,0,0,0,1,0,0,0,0
ne dokazan,0,0,0,0,0,0,0,0,0,0
neobjavljeno,0,1,0,0,0,1,0,1,0,0
neupitna,0,0,0,0,0,0,1,0,0,1
neupitno,0,0,0,0,0,0,1,0,0,1
neupitan,0,0,0,0,0,0,1,0,0,1
nepročitano,0,0,0,0,0,0,0,0,0,0
nestvarno,0,0,0,0,0,0,0,0,0,0
nerealno,0,0,0,0,0,0,0,0,0,0
nezabilježeno,0,0,0,0,0,0,0,0,0,0
neregistriran,0,0,0,0,0,0,0,0,0,0
neregulirano,0,0,0,0,0,0,0,0,0,0
nepovezano,0,0,0,0,0,0,0,0,0,0
neumoljiv,0,0,0,0,0,0,0,0,0,0
nepouzdan,0,0,0,0,0,1,0,0,0,1
neprežaljeni,0,0,0,0,0,0,0,0,0,0
neuzvraćena,0,0,0,0,0,1,0,1,0,0
neriješena,0,1,0,0,0,0,0,0,0,0
nemir,0,0,0,1,0,0,0,1,0,0
nesputano,0,0,0,0,0,0,0,0,0,0
neograničen,0,0,0,0,0,0,0,0,0,0
neposlušan,1,0,1,1,0,1,0,0,0,0
nesiguran,0,0,0,1,0,1,0,0,0,0
nezadovoljavajući,0,0,1,0,0,1,0,0,0,0
nezadovoljan,0,0,1,0,0,1,0,1,0,0
neukusan,0,0,0,0,0,1,0,0,0,0
neozlijeđen,0,0,0,0,0,0,1,0,0,0
neznanstveno,0,0,0,0,0,0,0,0,0,0
beskrupulozan,0,0,0,0,0,1,0,0,0,0
skinuti sa sjedala,0,0,0,0,0,0,0,1,0,0
neviđeno,0,0,0,0,0,0,0,0,0,0
nesebičan,0,0,0,0,0,0,1,0,0,0
nesređen,1,0,1,1,0,1,0,0,0,0
ružan,0,0,1,0,0,1,0,0,0,0
priprost,0,0,0,0,0,1,0,0,0,0
neizrecivo,0,0,0,1,0,1,0,0,0,0
neodređeno,0,0,0,0,0,0,0,0,0,0
nestabilan,0,0,0,1,0,1,0,0,1,0
nestalan,0,0,0,1,0,0,0,0,0,0
neuspješan,0,0,0,0,0,1,0,1,0,0
neprikladna,0,0,0,0,0,1,0,0,0,0
neopjevan,0,0,0,0,0,1,0,0,0,0
nepodržan,0,0,0,0,0,1,0,0,0,0
nenadmašan,0,1,0,1,1,0,1,0,0,1
bezazlen,0,0,0,0,0,0,0,0,1,0
neodrživ,0,0,0,0,0,1,0,0,0,0
nezaslađen,0,0,0,0,0,0,0,0,0,0
nesimpatičan,1,0,0,0,0,1,0,0,0,0
neukroćen,0,0,0,0,0,1,0,0,0,0
neodrživo,0,0,0,0,0,1,0,0,0,0
neprovjeren,0,0,0,0,0,0,0,0,0,0
nezamislivo,1,0,1,1,0,1,0,0,0,0
neuredan,0,0,1,0,0,1,0,0,0,0
odriješiti,0,0,0,0,1,1,1,0,0,0
nepravodobno,0,0,0,0,0,1,0,0,0,0
bez naslova,0,0,0,0,0,1,0,1,0,0
neispričan,0,1,0,0,0,1,0,0,0,0
netaknuta,0,0,0,0,0,0,0,0,0,0
nepovoljan,1,0,1,0,0,1,0,0,0,0
neuvježban,0,0,0,0,0,1,0,0,0,0
neprevedeno,0,0,0,0,0,0,0,0,0,0
neistinito,0,0,0,0,0,1,0,0,0,0
nepouzdan,1,0,0,0,0,1,0,0,0,0
neiskorištena,0,0,0,0,0,0,0,0,0,0
neobičan,0,0,0,0,0,0,0,0,0,0
neobično,0,0,0,0,0,0,0,0,0,0
razotkriti,0,0,0,0,0,0,0,0,0,0
razotkrivanje,0,0,0,0,0,0,0,0,0,0
neprovjereno,0,1,0,0,0,0,0,0,0,0
neopravdano,0,0,0,0,0,1,0,0,0,0
neoprezan,0,0,0,0,0,0,0,0,0,0
neopran,0,0,1,0,0,1,0,0,0,0
nepokolebljiv,0,0,0,0,0,0,1,0,0,1
nepoželjan,0,0,0,0,0,1,0,1,0,0
loše,0,0,0,0,0,1,0,1,0,0
nevoljan,0,0,0,0,0,0,0,0,0,0
protiv svoje volje,0,0,0,0,0,0,0,0,0,0
nespremnost,0,0,0,0,0,1,0,0,0,0
odviti,0,0,0,0,0,0,0,0,0,0
nerazborito,0,0,0,0,0,1,0,0,0,0
nesvjestan,0,0,0,0,0,1,0,0,0,0
nesvjesno,0,0,0,0,0,0,0,0,0,0
nedostojan,0,0,1,0,0,1,0,0,0,0
nenapisano,0,0,0,0,0,0,0,0,0,0
nepopustljiv,0,0,0,0,0,1,0,0,0,0
preokret,1,0,0,1,0,1,0,1,0,0
uzbrdo,0,1,0,1,0,1,1,0,0,0
presvlake,0,0,0,0,0,0,0,0,0,0
uzvisina,0,0,0,0,0,0,0,0,0,0
uzvisine,0,0,0,0,0,0,0,0,0,0
uzdizanje,0,1,0,0,1,0,1,0,0,1
Gornji,0,0,0,0,0,0,0,0,0,0
uspravno,0,0,0,0,0,0,1,0,0,1
ustanak,1,1,0,1,0,1,0,0,0,0
galama,0,0,0,0,0,1,0,0,0,0
uzrujan,1,0,0,0,0,1,0,1,0,0
ishod,0,0,0,0,0,0,0,0,0,0
gore,0,0,0,0,0,0,0,0,0,0
laktaš,0,0,0,0,0,0,0,0,0,0
prema gore,0,0,0,0,0,0,0,0,0,0
uran,0,0,0,0,0,0,0,0,0,0
gradski,0,0,0,0,0,0,0,0,0,0
ježinac,0,0,0,0,0,1,0,0,0,0
nagon,0,0,0,0,0,0,0,0,0,0
hitnost,0,1,0,1,0,0,0,0,1,0
hitno,0,1,0,1,0,1,0,0,1,0
analiza urina,0,0,0,0,0,0,0,0,0,0
urna,0,0,0,0,0,0,0,1,0,0
korištenje,0,0,0,0,0,0,0,0,0,0
korisno,0,0,0,0,0,0,0,0,0,0
korisnost,0,0,0,0,0,0,1,0,0,0
beskoristan,0,0,0,0,0,1,0,0,0,0
poslužitelj,0,0,0,0,0,0,1,0,0,1
uobičajeno,0,0,0,0,0,0,1,0,0,1
uzurpirati,1,0,0,0,0,1,0,0,0,0
uzurpirao,1,0,0,1,0,1,0,0,0,0
lihvarstvo,0,0,0,0,0,1,0,0,0,0
posuđe,0,0,0,0,0,0,0,0,0,0
utilitaristički,0,0,0,0,0,0,0,0,0,0
korisnost,0,0,0,0,0,0,1,0,0,0
iskorištenje,0,0,0,0,0,0,0,0,0,0
iskoristiti,0,0,0,0,0,0,0,0,0,0
krajnji,0,0,0,0,0,0,0,0,0,0
utopijski,0,1,0,0,1,0,1,0,0,1
izricanje,0,0,0,0,0,0,0,0,0,0
potpuno,0,0,0,0,0,0,0,0,0,0
slobodno mjesto,0,0,0,0,0,1,0,0,0,0
odmor,0,1,0,0,1,0,1,0,0,0
cijepljenje,0,0,0,0,0,0,0,0,0,0
cjepivo,0,0,0,0,0,0,1,0,0,0
vakuolarni,0,0,0,0,0,0,0,0,0,0
vakuola,0,0,0,0,0,0,0,0,0,0
prazan,0,0,1,0,0,1,0,0,0,0
vakuum,0,0,0,0,0,0,0,0,0,0
nejasan,0,0,0,0,0,1,0,0,0,0
neodređenost,0,0,0,0,0,1,0,0,0,0
uzalud,0,0,1,0,0,1,0,1,0,0
zavjesa,0,0,0,0,0,0,0,0,0,0
dolina,0,0,0,0,0,0,0,0,0,0
sobar,0,0,0,0,0,0,0,0,0,0
hrabar,0,0,0,0,0,0,1,0,0,0
valjanost,0,0,0,1,0,0,0,0,0,0
dolina,0,0,0,0,0,0,0,0,0,0
hrabrost,0,0,0,0,0,0,1,0,0,1
vrijedan,0,0,0,0,0,0,1,0,0,0
vrijednost,0,0,0,0,0,0,0,0,0,0
ventil,0,0,0,0,0,0,0,0,0,0
vamp,0,0,0,0,0,0,0,0,0,0
vampir,1,0,1,1,0,1,0,0,0,0
kombi,0,0,0,0,0,0,0,0,0,0
vane,0,0,0,0,0,0,0,0,0,0
avangarda,0,0,0,0,0,0,1,0,0,0
vanilija,0,0,0,0,0,0,0,0,0,0
nestati,0,0,0,0,0,0,0,0,1,0
nestao,0,0,0,1,0,1,0,1,1,0
ispraznost,0,0,0,0,0,1,0,0,0,0
pobijediti,0,0,0,0,0,0,1,0,0,0
para,0,0,0,0,0,0,0,0,0,0
vara,0,0,0,0,0,0,0,0,0,0
varijabla,0,0,0,0,0,0,0,0,1,0
varijanca,0,0,0,0,0,0,0,0,0,0
varijacija,0,0,0,0,0,0,0,0,0,0
varijacije,0,0,0,0,0,0,0,0,0,0
varičela,0,0,1,1,0,1,0,1,0,0
varikozni,0,0,0,0,0,1,0,0,0,0
raznolik,0,0,0,0,0,0,0,0,0,0
šarolik,0,0,0,0,0,0,0,0,0,0
raznolikost,0,0,0,0,0,0,0,0,0,0
varirati,0,0,0,0,0,0,0,0,0,0
krvožilni,0,0,0,0,0,0,0,0,0,0
vaza,0,0,0,0,0,0,0,0,0,0
ogroman,0,0,0,0,0,0,0,0,0,0
PDV,0,0,0,0,0,0,0,0,0,0
vodvilj,0,0,0,0,0,0,0,0,0,0
svod,0,0,0,0,0,0,0,0,0,0
zasvođen,0,0,0,0,0,0,0,0,0,0
svođenje,0,0,0,0,0,0,0,0,0,0
teletina,0,0,0,0,0,0,0,1,0,1
vektor,0,0,0,0,0,0,0,0,0,0
skrenuti,0,0,0,1,0,0,0,0,1,0
vega,0,0,0,0,0,0,0,0,0,0
povrće,0,0,0,0,0,0,0,0,0,0
vegetarijanac,0,0,0,0,0,0,0,0,0,0
vegetarijanstvo,0,0,0,0,0,0,0,0,0,0
vegetacija,0,0,0,0,0,0,0,0,0,0
vegetativni,0,0,1,0,0,1,0,1,0,0
vehementan,1,0,0,1,0,1,0,0,0,0
vozilo,0,0,0,0,0,0,0,0,0,0
veo,0,0,0,0,0,0,0,0,0,0
zastrto velom,0,0,0,0,0,0,0,0,0,0
vena,0,0,0,0,0,0,0,0,0,0
prošaran žilama,0,0,0,0,0,0,0,0,0,0
pergament,0,0,0,0,0,0,0,0,0,0
brzina,0,0,0,0,0,0,0,0,0,0
velur,0,0,0,0,0,0,0,0,0,0
baršun,0,0,0,0,0,0,1,0,0,0
baršunast,0,0,0,0,0,0,1,0,0,0
vena,0,0,0,0,0,0,0,0,0,0
osveta,1,0,0,1,0,1,0,1,0,0
prodavač,0,0,0,0,0,0,0,0,0,0
furnir,0,0,0,0,0,0,0,0,0,0
časni,0,1,0,0,1,0,1,0,0,1
štovanje,0,0,0,0,0,0,1,0,0,0
osveta,1,0,0,0,0,1,0,0,0,0
osvetoljubiv,1,0,0,1,0,1,0,0,0,0
divljač,0,0,0,0,0,0,0,0,0,0
otrov,1,0,1,1,0,1,0,0,0,0
otrovna,1,0,1,1,0,1,0,0,0,0
venski,0,0,0,0,0,0,0,0,0,0
otvor,1,0,0,0,0,0,0,0,0,0
ventilacija,0,0,0,0,0,0,0,0,0,0
ventilator,0,0,0,0,0,0,0,0,0,0
klijetka,0,0,0,0,0,0,0,0,0,0
ventrikularni,0,0,0,0,0,0,0,0,0,0
pothvat,0,0,0,0,0,0,0,0,0,0
mjesto održavanja,0,0,0,0,0,0,0,0,0,0
istinitost,0,1,0,0,1,0,1,0,1,1
veranda,0,0,0,0,0,0,0,0,0,0
verbalni,0,0,0,0,0,0,0,0,0,0
doslovno,0,0,0,0,0,0,0,0,0,0
praznoslovlje,0,0,0,0,0,0,0,0,0,0
opširno,0,0,0,0,0,0,0,0,0,0
opširnost,0,0,0,0,0,1,0,0,0,0
zelen,0,0,0,0,0,0,1,0,0,0
presuda,0,0,0,1,0,0,0,0,0,0
ivica,0,1,0,1,0,1,0,0,0,0
verifikacija,0,0,0,0,0,0,1,0,0,1
provjereno,0,0,0,0,0,0,1,0,0,1
potvrditi,0,0,0,0,0,0,0,0,0,0
uistinu,0,0,0,0,0,0,1,0,0,1
istinski,0,0,0,0,0,0,1,0,0,0
štetočina,1,0,1,1,0,1,0,0,0,0
žargon,0,0,0,0,0,0,0,0,0,0
proljetni,0,0,0,0,1,0,1,0,0,0
veronika,0,0,0,0,0,0,0,0,0,0
svestran,0,0,0,0,0,0,0,0,0,0
svestranost,0,0,0,0,0,0,0,0,0,0
stih,0,0,0,0,0,0,0,0,0,0
verzija,0,0,0,0,0,0,0,0,0,0
protiv,1,0,0,0,0,1,0,0,0,0
vert,0,0,0,0,0,0,0,0,0,0
kralježak,0,0,0,0,0,0,0,0,0,0
vertebralni,0,0,0,0,0,0,0,0,0,0
vrh,0,0,0,0,0,0,0,0,0,0
vertikalna,0,0,0,0,0,0,0,0,0,0
okomito,0,0,0,0,0,0,0,0,0,0
vrtoglavica,0,0,0,1,0,1,0,0,0,0
polet,0,0,0,0,0,0,1,0,0,0
vezikula,0,0,0,0,0,0,0,0,0,0
vezikularni,0,0,1,0,0,0,0,0,0,0
Brod,0,0,0,0,0,0,0,0,0,0
prsluk,0,0,0,0,0,0,0,0,0,0
dodijeljen,0,0,0,0,0,0,0,0,0,0
predvorje,0,0,0,0,0,0,0,0,0,0
trag,0,0,0,0,0,0,0,0,0,0
veterinar,0,0,0,0,0,0,0,0,0,0
veteran,0,0,0,0,0,0,1,0,0,1
veterinar,0,0,0,0,0,0,0,0,0,0
veto,1,0,0,0,0,1,0,0,0,0
održivost,0,0,0,0,0,0,0,0,0,0
održiv,0,0,0,0,0,0,0,0,0,0
vijadukt,0,0,0,0,0,0,0,0,0,0
bočica,0,0,0,0,0,0,0,0,0,0
vibrirati,0,0,0,0,0,0,0,0,0,0
vibracija,0,0,0,0,0,0,0,0,0,0
vibracijski,0,0,0,0,0,0,0,0,0,0
vikar,0,0,0,0,0,0,1,0,0,1
namjesnički,0,0,0,0,0,0,0,0,0,0
porok,0,0,0,0,0,1,0,0,0,0
blizina,0,0,0,0,0,0,0,0,0,0
pakostan,1,0,1,0,0,1,0,0,0,0
žrtva,1,0,0,1,0,1,0,1,0,0
viktimiziran,1,0,1,1,0,1,0,1,1,0
pobjednik,0,0,0,0,1,0,1,0,0,0
Viktorija,0,0,0,0,0,0,0,0,0,0
pobjednički,0,0,0,0,1,0,1,0,0,0
pobjeda,0,1,0,0,1,0,1,0,0,1
videovrpca,0,0,0,0,0,0,0,0,0,0
nadmetati se,0,0,0,0,0,0,0,0,0,0
pogled,0,0,0,0,0,0,0,0,0,0
bdijenje,0,1,0,0,0,0,0,0,0,0
budnost,0,1,0,0,0,0,1,0,0,1
budan,0,0,0,1,0,0,1,0,0,1
vinjeta,0,0,0,0,0,0,0,0,0,0
krepkost,0,0,0,0,0,0,1,0,0,0
snažan,0,0,0,0,0,0,1,0,0,1
viking,0,0,0,0,0,0,0,0,0,0
vila,0,0,0,0,0,0,0,0,0,0
selo,0,0,0,0,0,0,0,0,0,0
seljak,0,0,0,0,0,0,1,0,0,1
zlikovac,0,0,0,1,0,1,0,0,0,0
zlotvorski,1,0,1,1,0,1,0,0,0,0
vinaigrette,0,0,0,0,0,0,0,0,0,0
opravdati,1,0,0,0,0,0,0,0,0,0
opravdan,0,0,0,0,0,0,1,0,0,0
opravdanje,0,1,0,0,1,0,1,0,0,1
osvetoljubiv,1,0,1,0,0,1,0,0,0,0
ocat,0,0,0,0,0,0,0,0,0,0
vinograd,0,0,0,0,0,0,0,0,0,0
viola,0,0,0,0,0,0,0,0,0,0
kršenje,1,0,0,1,0,1,0,1,1,0
nasilje,1,0,0,1,0,1,0,1,0,0
nasilan,1,0,1,1,0,1,0,0,1,0
žestoko,1,0,1,1,0,1,0,1,0,0
ljubičica,0,0,0,0,0,0,0,0,0,0
violina,0,0,0,0,0,0,0,0,0,0
violinista,0,0,0,0,0,0,0,0,0,0
poskok,0,0,0,1,0,1,0,0,0,0
Djevica,0,0,0,0,0,0,1,0,0,1
nevinost,0,1,0,0,0,0,1,0,0,0
virologija,0,0,0,0,0,0,0,0,0,0
virtualan,0,0,0,0,0,0,0,0,0,0
virtualno,0,0,0,0,0,0,0,0,0,0
vrlina,0,0,0,0,0,0,1,0,0,1
virtuoz,0,0,0,0,0,0,0,0,0,0
čestit,0,0,0,0,1,0,1,0,0,1
virulencija,1,0,0,1,0,1,0,0,0,0
virus,0,0,0,0,0,1,0,0,0,0
Visa,0,0,0,0,0,0,0,0,0,0
lice,0,0,0,0,0,0,0,0,0,0
viskoznost,0,0,0,0,0,0,0,0,0,0
viskozan,0,0,0,0,0,0,0,0,0,0
mengele,0,0,0,0,0,0,0,0,0,0
vidljivost,0,0,0,0,0,0,0,0,0,0
vidljivo,0,0,0,0,0,0,0,0,0,0
vidljivo,0,0,0,0,0,0,0,0,0,0
vizija,0,1,0,0,0,0,1,0,0,0
vizionar,0,1,0,0,1,0,1,0,0,1
posjetiti,0,0,0,0,0,0,1,0,0,0
posjeta,0,0,0,0,0,1,0,0,0,0
gostujući,0,0,0,0,0,0,0,0,0,0
posjetitelj,0,1,0,0,1,0,1,0,0,0
vizir,0,1,0,0,0,0,0,0,1,0
vidik,0,0,0,0,0,0,0,0,0,0
vizualni,0,0,0,0,0,0,0,0,0,0
vizualizirati,0,0,0,0,0,0,0,0,0,0
vitalan,0,0,0,0,0,0,1,0,0,0
vitalnost,0,0,0,0,1,0,1,0,0,1
staklasto tijelo,0,0,0,0,0,0,0,0,0,0
živahan,0,0,0,0,1,0,1,0,0,0
živopisan,0,0,0,0,1,0,1,0,0,0
lisica,0,0,0,0,0,1,0,0,0,0
vokabular,0,0,0,0,0,0,1,0,0,0
vokalni,0,0,0,0,0,0,0,0,0,0
pjevač,0,0,0,0,0,0,0,0,0,0
zvanje,0,0,0,0,0,0,0,0,0,0
moda,0,0,0,0,0,0,0,0,0,0
glas,0,0,0,0,0,0,0,0,0,0
bez glasa,0,0,0,0,0,0,0,0,0,0
poništiti,0,0,0,0,0,0,0,0,0,0
volatilnost,1,1,0,1,0,1,0,0,1,0
vulkanski,0,0,0,0,0,0,0,0,0,0
vulkan,0,0,0,1,0,1,0,0,1,0
volja,0,0,0,0,0,0,0,0,0,0
odbojka,0,0,0,0,0,0,0,0,0,0
voltmetar,0,0,0,0,0,0,0,0,0,0
volumen,0,0,0,0,0,0,0,0,0,0
voluminozna,0,0,0,0,0,0,0,0,0,0
dobrovoljno,0,0,0,0,0,0,0,0,0,0
dobrovoljno,0,0,0,0,0,0,0,0,0,0
dobrovoljac,0,1,0,1,1,0,1,0,0,1
volontiranje,0,0,0,0,0,0,0,0,0,0
dobrovoljci,0,0,0,0,0,0,0,0,0,1
pohotan,0,1,0,0,1,0,1,0,0,0
povraćanje,0,0,1,0,0,0,0,0,0,0
povraćanje,0,0,0,0,0,1,0,0,0,0
vudu,0,0,0,0,0,1,0,0,0,0
proždrljiv,0,0,0,0,0,0,0,0,0,0
vrtlog,0,0,0,0,0,0,0,0,0,0
glasanje,1,1,0,0,1,1,1,1,1,1
glasovanje,0,0,0,0,0,0,0,0,0,0
zavjetni,0,0,0,0,0,0,0,0,0,1
jamčiti,0,0,0,0,0,0,1,0,0,1
vaučer,0,0,0,0,0,0,0,0,0,1
zavjet,0,1,0,0,1,0,1,0,0,1
samoglasnik,0,0,0,0,0,0,0,0,0,0
putovanje,0,1,0,0,0,0,0,0,0,0
putnik,0,0,0,0,0,0,0,0,0,0
vulgaran,0,0,1,0,0,1,0,0,0,0
vulgarnost,1,0,1,0,0,1,0,1,0,0
ranjivost,0,0,0,1,0,1,0,1,0,0
ranjiva,0,0,0,0,0,0,0,0,0,0
sup,0,0,1,1,0,1,0,0,0,0
zamotuljak,0,0,0,0,0,0,0,0,0,0
gaziti,0,0,0,0,0,0,0,0,0,0
napolitanka,0,0,0,0,0,0,0,0,0,0
blebetanje,1,0,0,0,0,1,0,1,0,0
mahati,0,0,0,0,0,0,0,0,0,0
ulog,0,0,0,0,0,0,0,0,0,0
plaće,0,0,0,0,1,0,1,0,0,0
vagon,0,0,0,0,0,0,0,0,0,0
naricati,0,0,0,1,0,1,0,1,0,0
struk,0,0,0,0,0,0,0,0,0,0
prsluk,0,0,0,0,0,0,0,0,0,0
čekati,0,1,0,0,0,1,0,0,0,0
konobar,0,0,0,0,0,0,0,0,0,0
čekajući,0,0,0,0,0,0,0,0,0,0
odreći se,0,0,0,0,0,0,0,0,0,0
probuditi,0,0,0,0,0,0,0,0,0,0
hodati,0,0,0,0,0,0,0,0,0,0
šetač,0,0,0,0,0,0,0,0,0,0
zid,0,0,0,0,0,0,0,0,0,0
novčanik,0,0,0,0,0,0,0,0,0,0
valjati se,0,0,1,0,0,1,0,1,0,0
orah,0,0,0,0,0,0,0,0,0,0
valcer,0,0,0,0,0,0,0,0,0,0
slabašan,0,0,0,1,0,1,0,1,0,0
štapić,0,0,0,0,0,0,0,0,0,0
lutati,0,0,0,0,0,0,0,0,0,0
lutalica,0,0,0,0,0,0,0,0,0,0
lutajući,0,0,0,0,0,0,0,0,0,0
opadati,0,0,0,0,0,1,0,1,0,0
opadajući,0,0,0,0,0,0,0,0,0,0
želeći,0,0,0,0,0,1,0,1,0,0
rat,0,0,0,1,0,1,0,0,0,0
pevačica,0,0,0,0,0,0,0,0,0,0
odjeljenje,0,0,0,0,0,0,0,0,0,0
upraviteljica,1,0,0,1,0,1,0,0,0,1
garderoba,0,0,0,0,0,0,0,0,0,0
posuđe,0,0,0,1,0,1,0,0,0,0
skladište,0,0,0,0,0,0,0,0,0,0
ratovanje,1,0,0,1,0,1,0,1,0,0
ratoboran,1,0,0,1,0,1,0,0,0,0
vještac,0,0,0,1,0,0,0,0,0,0
zagrijavanje,0,0,0,0,0,0,0,0,0,0
upozoriti,0,1,0,1,0,1,0,0,1,1
upozorio,0,1,0,1,0,0,0,0,1,0
upozorenje,0,0,0,1,0,0,0,0,0,0
iskriviti se,1,0,0,0,0,1,0,1,0,0
iskrivljena,0,0,0,0,0,1,0,0,0,0
nalog,0,0,0,0,0,0,0,0,0,0
zajamčeno,0,0,0,0,0,0,0,0,0,0
naloge,0,0,0,0,0,0,0,0,0,0
jamstvo,0,0,0,0,0,0,1,0,0,1
Warren,0,0,0,0,0,0,0,0,0,0
ratnik,1,0,0,1,0,0,1,0,0,0
bradavica,0,0,1,0,0,1,0,0,0,0
oprezan,0,0,0,1,0,0,0,0,0,0
pranje,0,0,0,0,0,0,0,0,0,0
pranje,0,0,0,0,0,0,0,0,0,0
ispiranje,0,0,0,0,0,0,0,0,0,0
osa,0,0,0,0,0,0,0,0,0,0
gubljenje,0,0,1,0,0,1,0,0,0,0
potrošeno,1,0,1,0,0,1,0,0,0,0
rasipan,1,0,1,0,0,1,0,1,0,0
rasipanje,0,0,1,1,0,1,0,1,0,0
Gledati,0,1,0,1,0,0,0,0,0,0
pas čuvar,0,0,0,0,0,0,1,0,0,1
budan,0,0,0,0,0,0,1,0,0,1
stražar,0,0,0,0,0,0,1,0,0,1
voda,0,0,0,0,0,0,0,0,0,0
vodeni tok,0,0,0,0,0,0,0,0,0,0
zalijevati,0,0,0,0,0,0,0,0,0,0
vodootporan,0,0,0,0,0,0,1,0,0,0
vodovod,0,0,0,0,0,0,0,0,0,0
vodenast,0,0,0,0,0,1,0,0,0,0
val,0,0,0,0,0,0,0,0,0,0
kolebati se,0,0,0,1,0,1,0,0,0,0
kolebajući se,0,0,0,0,0,0,0,0,0,0
valovi,0,0,0,0,0,0,0,0,0,0
valovita,0,0,0,0,0,0,0,0,0,0
vosak,0,0,0,0,0,0,0,0,0,0
voštana,0,0,0,0,0,0,0,0,0,0
načine,0,0,0,0,0,0,0,0,0,0
svojeglava,0,0,0,0,0,0,0,0,0,0
oslabljena,0,0,0,0,0,1,0,0,0,0
slabo,0,0,0,1,0,1,0,1,0,0
slabost,0,0,0,0,0,1,0,0,0,0
bogatstvo,0,0,0,0,1,0,1,0,0,1
bogati,0,0,0,0,0,0,0,0,0,0
oružje,0,0,0,0,0,0,0,0,0,0
nositi,0,0,0,0,0,1,0,0,0,1
umorno,0,0,0,0,0,1,0,1,0,0
umor,0,0,0,0,0,1,0,1,0,0
nošenje,0,0,0,0,0,0,0,0,0,0
umoran,0,0,0,0,0,1,0,1,0,0
vrijeme,0,0,0,0,0,0,0,0,0,0
istrošen,0,0,0,0,0,0,0,0,0,0
otporan na vremenske uvjete,0,0,0,0,0,0,1,0,0,0
tkati,0,0,0,0,0,0,0,0,0,0
mreža,0,0,0,0,0,0,0,0,0,0
oženiti se,0,0,0,0,0,0,0,0,0,0
oženjen,0,0,0,0,0,0,0,0,0,0
klin,0,0,0,0,0,0,0,0,0,0
časak,0,0,0,0,0,0,0,0,0,0
plijeviti,0,0,0,0,0,0,0,0,0,0
plijevljenje korova,0,0,0,0,0,0,0,0,0,0
korov,0,0,0,0,0,1,0,1,0,0
zakorovljen,0,0,0,0,0,0,0,0,0,0
tjedan,0,0,0,0,0,0,0,0,0,0
tjedni,0,0,0,0,0,0,0,0,0,0
plakati,0,0,0,0,0,1,0,1,0,0
plačući,0,0,0,0,0,0,0,1,0,0
vagati,0,1,0,0,0,0,0,0,0,1
vaganje,0,0,0,0,0,0,0,0,0,0
težina,0,1,1,1,1,1,1,1,1,1
bez težine,0,0,0,0,0,0,0,0,0,0
utezi,0,0,0,0,0,0,0,0,0,0
težak,0,0,0,1,0,0,0,0,0,0
brana,0,0,0,0,0,0,0,0,0,0
čudan,0,0,1,0,0,1,0,0,0,0
čudak,0,0,0,1,0,1,0,0,0,0
pozdravio,0,0,0,0,1,0,1,0,0,0
zavariti,0,0,0,0,0,0,0,0,0,0
dobrobit,0,0,0,0,0,0,0,0,0,0
ušće bunara,0,0,0,0,0,0,0,0,0,0
rub,0,0,0,0,0,0,0,0,0,0
izraslina,0,0,0,0,0,1,0,0,0,0
djevojka,1,0,1,0,0,1,0,0,0,0
zapadni,0,0,0,0,0,0,0,0,0,0
mokri,0,0,0,0,0,0,0,0,0,0
udariti,0,0,0,0,0,1,0,0,0,0
kit,0,0,0,0,0,0,0,0,0,0
wham,0,0,0,0,0,0,0,0,0,0
pristanište,0,0,0,0,0,0,0,0,0,0
što god,0,0,0,0,0,0,0,0,0,0
kotač,0,0,0,0,0,0,0,0,0,0
kotači,0,0,0,0,0,0,0,0,0,0
gdje se nalazi,0,0,0,0,0,0,0,0,0,0
dakle,0,0,0,0,0,0,0,0,0,0
pri čemu,0,0,0,0,0,0,0,0,0,0
čime,0,0,0,0,0,0,0,0,0,0
oštriti,0,0,0,0,0,0,0,0,0,0
dašak,0,0,0,0,0,0,0,0,0,0
dok,0,0,0,0,0,0,0,0,0,0
hir,0,1,0,0,1,1,0,0,1,0
cviliti,0,0,0,1,0,0,0,1,0,0
kapriciozan,0,0,0,0,1,0,0,0,0,0
hir,0,0,0,0,0,0,0,0,0,0
cviliti,0,0,1,0,0,1,0,1,0,0
bič,1,0,0,0,0,1,0,0,0,0
vrtlog,0,0,0,0,0,0,0,0,0,0
vrtlog,0,0,0,1,0,0,0,0,0,0
vihor,0,0,0,1,0,1,0,0,0,0
umutiti,0,0,0,0,0,0,0,0,0,0
dlaka,0,0,0,0,0,0,0,0,0,0
viski,0,0,0,0,0,1,0,0,0,0
šapat,0,0,0,0,0,0,0,0,0,0
prošaptao,0,0,0,0,0,0,0,0,0,0
zviždati,0,0,0,0,0,0,0,0,0,0
mrvicu,0,0,0,0,0,0,0,0,0,0
bjelina,0,0,0,0,1,0,1,0,0,0
bjelkasta,0,0,0,0,0,0,0,0,0,0
fijuk,0,0,0,0,0,0,0,0,0,0
zdrav,0,0,0,0,0,0,1,0,0,1
u cijelosti,0,0,0,0,0,0,0,0,0,0
poklič,0,0,0,0,0,0,0,0,0,0
ogroman,0,0,0,0,0,0,0,0,0,0
kurva,0,0,1,0,0,1,0,0,0,0
fitilj,0,0,0,0,0,0,0,0,0,0
opaki,0,0,0,1,0,1,0,0,0,0
pokvarenost,0,0,1,0,0,1,0,0,0,0
pruća,0,0,0,0,0,0,0,0,0,0
vratašca,0,0,0,0,0,0,1,0,0,0
širok,0,0,0,0,0,0,0,0,0,0
široko,0,0,0,0,0,0,0,0,0,0
proširiti,0,0,0,0,0,0,0,0,0,0
raširen,0,0,0,0,0,0,1,0,0,0
udovica,0,0,0,0,0,0,0,1,0,0
udovac,0,0,0,0,0,0,0,1,0,0
širina,0,0,0,0,0,0,0,0,0,0
vladati,0,0,0,0,0,0,0,0,0,0
žena,0,0,0,0,0,0,0,0,0,0
perika,0,0,0,0,0,0,0,0,0,0
wight,0,0,0,0,0,0,0,0,0,0
divlji,0,0,0,0,0,1,0,0,1,0
divlja mačka,0,0,0,0,0,1,0,0,0,0
divljina,0,1,0,1,0,0,0,1,0,0
požar,0,0,0,1,0,1,0,1,1,0
svojevoljno,1,0,0,0,0,1,0,1,0,0
svojevoljno,0,0,0,0,0,0,1,0,0,0
spremnost,0,0,0,0,0,0,1,0,0,0
vrba,0,0,0,0,0,0,0,0,0,0
uvenuo,0,0,0,0,0,0,0,0,0,0
lukav,0,0,0,0,0,0,0,0,0,0
mlakonja,0,0,1,1,0,1,0,0,0,0
slabić,1,0,1,1,0,1,0,1,0,0
trgnuti se,1,0,1,1,0,1,0,1,0,0
vitlo,0,0,0,0,0,0,0,0,0,0
vjetar,0,0,0,0,0,0,0,0,0,0
neočekivani prihod,0,0,0,0,0,0,1,0,0,0
navijanje,0,0,0,0,0,0,0,0,0,0
vjetrenjača,0,0,0,0,0,0,0,0,0,0
prozor,0,0,0,0,0,0,0,0,0,0
vjetrovito,0,0,0,0,0,0,0,0,0,0
vino,0,0,0,0,0,0,0,0,0,0
krilo,0,0,0,0,0,0,0,0,0,0
krilati,0,0,0,0,0,0,0,0,0,0
mig,0,0,0,0,0,0,0,0,0,0
pobjednik,0,1,0,0,1,0,1,0,1,0
osvajanjem,0,1,1,0,1,0,1,1,1,1
dobitak,0,1,0,0,1,0,1,0,0,0
zima,0,0,0,0,0,0,0,0,0,0
zimsko,0,0,0,0,0,0,0,0,0,0
brisanje,0,0,0,0,0,0,0,0,0,0
žica,0,0,0,0,0,0,0,0,0,0
bežični,1,1,0,0,0,0,1,0,1,0
mudrost,0,0,0,0,0,0,1,0,0,0
mudrost,0,0,0,0,0,0,1,0,0,1
mudar,0,0,0,0,0,0,1,0,0,0
priželjkivan,0,1,0,0,0,0,0,0,0,0
čeznutljiv,0,0,0,0,0,0,0,0,0,0
duhovitost,0,0,0,0,0,0,1,0,0,0
vještica,1,0,1,1,0,1,0,0,0,0
vještičarenje,1,0,0,1,0,1,0,1,0,0
uz to,0,0,0,0,0,0,0,0,0,0
povući,0,0,0,0,0,1,0,1,0,0
povlačenje,0,0,0,0,0,0,0,0,0,0
uvenuti,0,0,0,0,0,1,0,1,0,0
uvenula,0,0,1,0,0,1,0,0,0,0
izdržati,0,1,0,1,0,0,1,0,0,0
svjedok,0,0,0,0,0,0,0,0,0,1
pameti,0,0,0,0,0,0,1,0,0,0
duhovit,0,0,0,0,1,0,1,0,0,0
čarobnjak,0,1,0,0,0,0,1,0,1,0
jao,0,0,1,1,0,1,0,1,0,0
jadan,0,0,0,0,0,1,0,1,0,0
jadno,0,0,1,0,0,1,0,1,0,0
ženstvenost,0,0,0,0,0,0,0,0,0,0
ženstven,0,0,0,0,0,0,0,0,0,0
maternica,0,0,0,0,0,0,1,0,0,0
predivno,0,0,0,0,1,0,1,0,1,1
predivno,0,0,0,0,1,0,1,0,1,0
čudesno,0,0,0,0,0,0,1,0,0,0
navika,0,1,0,0,0,0,0,0,0,0
vau,0,0,0,0,0,0,0,0,0,0
drvo,0,0,0,0,0,0,0,0,0,0
drvorez,0,0,0,0,0,0,0,0,0,0
drveni,0,0,0,0,0,0,0,0,0,0
šumska područja,0,0,0,0,0,0,0,0,0,0
drvenast,0,0,0,0,0,0,0,0,0,0
udvaranje,0,0,0,0,0,0,0,0,0,0
vuna,0,0,0,0,0,0,0,0,0,0
vunast,0,0,0,0,0,0,0,0,0,0
wop,1,0,0,0,0,0,0,0,0,0
riječ,0,0,0,0,0,0,1,0,0,1
izbor riječi,0,0,0,0,0,0,0,0,0,0
riječi,1,0,0,0,0,1,0,0,0,0
razvučen,0,0,0,0,0,0,0,0,0,0
raditi,0,0,0,0,0,0,0,0,0,0
radna bilježnica,0,0,0,0,0,0,0,0,0,0
radnik,0,0,0,0,0,0,0,0,0,0
radeći,0,0,0,0,0,0,1,0,0,0
radnik,0,0,0,0,0,0,0,0,0,0
izrade,0,0,0,0,0,0,0,0,0,0
radno mjesto,0,0,0,0,0,0,0,0,0,0
djela,0,0,0,0,0,0,0,0,0,0
radionica,0,0,0,0,0,0,0,0,0,0
svijet,0,0,0,0,0,0,0,0,0,0
svjetovni,0,0,0,0,0,0,0,0,0,0
diljem svijeta,0,0,0,0,0,0,0,0,0,0
crv,0,1,0,0,0,1,0,0,1,0
nošena,0,0,0,0,0,1,0,1,0,0
zabrinuti,0,0,0,0,0,1,0,1,0,0
brinuti se,0,1,0,1,0,1,0,1,0,0
zabrinjavajuće,0,1,0,1,0,1,0,1,0,0
gore,0,0,0,1,0,1,0,1,0,0
pogoršanje,0,0,1,0,0,1,0,1,0,0
štovati,0,1,0,1,1,0,1,0,0,1
vrijedan,0,0,0,0,0,0,1,0,0,0
bezvrijedan,1,0,1,0,0,1,0,1,0,0
dostojan,0,0,0,0,0,0,1,0,0,1
wot,0,0,0,0,0,0,1,0,0,1
rana,1,0,0,1,0,1,0,1,0,0
svađalica,0,0,0,0,0,0,0,0,0,0
prepirka,1,0,1,1,0,1,0,1,0,0
omotati,0,0,0,0,0,0,0,0,0,0
omot,0,0,0,0,0,0,0,0,0,0
omatanje,0,0,0,0,0,0,0,0,0,0
gnjev,1,0,0,1,0,1,0,0,0,0
iskaliti,1,0,0,0,0,1,0,0,0,0
vijenac,0,0,0,0,0,0,0,0,0,0
olupina,1,0,1,1,0,1,0,1,1,0
uništena,1,0,0,1,0,1,0,1,0,0
ključ,0,0,0,0,0,1,0,0,0,0
istrgnuti,0,0,0,0,0,0,0,0,0,0
hrvati se,0,0,0,0,0,0,0,0,0,0
hrvač,0,0,0,0,0,0,0,0,0,0
hrvanje,0,0,0,0,0,1,0,0,0,0
jadnik,1,0,1,0,0,1,0,1,0,0
jadan,0,0,1,0,0,1,0,1,0,0
Wright,0,0,0,0,0,0,0,0,0,0
iscijediti,1,0,0,0,0,0,0,0,0,0
bora,0,0,0,0,0,0,0,0,0,0
naboran,0,0,0,0,0,0,0,1,0,0
ručni zglob,0,0,0,0,0,0,0,0,0,0
manšeta,0,0,0,0,0,0,0,0,0,0
ručni sat,0,0,0,0,0,0,0,0,0,0
pismeno,0,0,0,0,0,0,0,0,0,0
pisati,0,0,0,0,0,0,0,0,0,0
pisac,0,0,0,0,0,0,1,0,0,0
pisanje,0,0,0,0,0,0,0,0,0,0
napisano,0,0,0,0,0,0,0,0,0,0
pogrešno,0,0,0,0,0,1,0,0,0,0
pogrešna djela,1,0,1,0,0,1,0,1,0,0
nepravedan,1,0,1,0,0,1,0,1,0,0
pogrešno,1,0,0,1,0,1,0,1,0,0
kovan,0,0,0,0,0,1,0,0,0,0
iskrivljen,0,0,0,0,0,1,0,0,0,0
ksenofobija,0,0,0,1,0,1,0,0,0,0
xerox,0,0,0,0,0,0,0,0,0,0
jahta,0,0,0,0,0,0,0,0,0,0
jedrenje,0,0,0,0,0,0,0,0,0,0
jak,0,0,0,0,0,0,0,0,0,0
jam,0,0,0,0,0,0,0,0,0,0
trzaj,0,0,0,0,0,0,0,0,0,0
dvorište,0,0,0,0,0,0,0,0,0,0
pređa,0,0,0,0,0,0,0,0,0,0
skretanje skretanja,0,0,0,0,0,0,0,0,0,0
zijevanje,0,0,0,0,0,1,0,0,0,0
zijevajući,0,0,0,0,0,1,0,0,0,0
da,0,0,0,0,0,0,0,0,0,0
godina,0,0,0,0,0,0,0,0,0,0
godišnjak,0,0,0,0,0,0,0,0,0,0
godišnjak,0,0,0,0,0,0,0,0,0,0
godišnje,0,0,0,0,0,0,0,0,0,0
čeznuti,0,0,0,0,0,0,0,0,0,0
čežnja,0,1,0,0,1,1,1,0,0,1
godine,0,0,0,0,0,0,0,0,0,0
kvasac,0,0,0,0,0,0,0,0,0,0
vikati,1,0,0,1,0,1,0,0,1,0
žuta boja,0,0,0,0,0,0,0,0,0,0
žutila,0,0,0,0,0,1,0,0,0,0
cviliti,1,0,0,1,0,1,0,0,1,0
maloposjednik,0,0,0,0,0,0,0,0,0,0
jučer,0,0,0,0,0,0,0,0,0,0
prošlost,0,0,0,0,0,0,0,0,0,0
tisa,0,0,0,0,0,0,0,0,0,0
prinos,0,0,0,0,0,0,0,0,0,0
popustljiv,0,0,0,0,0,0,0,0,0,0
jogi,0,0,0,0,0,0,0,0,0,0
jaram,0,0,0,0,0,0,0,0,0,0
žumanjak,0,0,0,0,0,0,0,0,0,0
yon,0,0,0,0,0,0,0,0,0,0
tamo,0,0,0,0,0,0,0,0,0,0
mladosti,1,1,0,1,1,0,1,0,1,0
šaljiv,0,0,0,0,0,0,0,0,1,0
zap,0,0,0,0,0,0,0,0,0,0
revnost,0,1,0,0,1,0,1,0,1,1
fanatik,0,0,0,0,0,0,0,0,0,0
revnostan,0,0,0,0,1,0,1,0,0,1
zebra,0,0,0,0,0,0,0,0,0,0
zenit,0,0,0,0,0,0,0,0,0,0
zefir,0,0,0,0,0,0,0,0,0,0
cepelin,0,0,0,0,0,0,0,0,0,0
poletnost,0,1,0,0,1,0,1,0,0,1
zip,0,0,0,0,0,1,0,0,0,0
zodijak,0,0,0,0,0,0,0,0,0,0
zona,0,0,0,0,0,0,0,0,0,0
zoološki vrt,0,0,0,0,0,0,0,0,0,0
zoološki,0,0,0,0,0,0,0,0,0,0
zoologija,0,0,0,0,0,0,0,0,0,0
zum,0,0,0,0,0,0,0,0,0,0
