Dutch Word,anger,anticipation,disgust,fear,joy,negative,positive,sadness,surprise,trust
verbijsterd,0,0,0,0,0,0,0,0,0,0
telraam,0,0,0,0,0,0,0,0,0,1
in de steek laten,0,0,0,1,0,1,0,1,0,0
verlaten,1,0,0,1,0,1,0,1,0,0
in de steek laten,1,0,0,1,0,1,0,1,1,0
verminderen,0,0,0,0,0,0,0,0,0,0
vermindering,0,0,0,0,0,0,0,0,0,0
abba,0,0,0,0,0,0,1,0,0,0
abt,0,0,0,0,0,0,0,0,0,1
afkorten,0,0,0,0,0,0,0,0,0,0
afkorting,0,0,0,0,0,0,0,0,0,0
buikspier,0,0,0,0,0,0,0,0,0,0
buik,0,0,0,0,0,0,0,0,0,0
ontvoering,0,0,0,1,0,1,0,1,1,0
afwijkend,0,0,0,0,0,1,0,0,0,0
aberratie,0,0,1,0,0,1,0,0,0,0
opschorting,0,0,0,0,0,0,0,0,0,0
verafschuwen,1,0,1,1,0,1,0,0,0,0
weerzinwekkend,1,0,1,1,0,1,0,0,0,0
zich houden aan,0,0,0,0,0,0,0,0,0,0
vermogen,0,0,0,0,0,0,1,0,0,0
abject,0,0,1,0,0,1,0,0,0,0
ablatie,0,0,0,0,0,0,0,0,0,0
in vuur en vlam,0,0,0,0,0,0,0,0,0,0
abnormaal,0,0,1,0,0,1,0,0,0,0
aan boord,0,0,0,0,0,0,0,0,0,0
verblijfplaats,0,0,0,0,0,0,0,0,0,0
vernietigen,1,0,0,0,0,1,0,0,0,0
afschaffing,0,0,0,0,0,1,0,0,0,0
afschuwelijk,0,0,1,1,0,1,0,0,0,0
gruwel,1,0,1,1,0,1,0,0,0,0
aboriginal,0,0,0,0,0,0,0,0,0,0
afbreken,0,0,0,0,0,1,0,0,0,0
abortus,0,0,1,1,0,1,0,1,0,0
mislukt,0,0,0,0,0,1,0,1,0,0
in overvloed,0,0,0,0,0,0,0,0,0,0
bovengenoemde,0,0,0,0,0,0,1,0,0,0
slijtage,0,0,0,0,0,1,0,0,0,0
Buitenland,0,0,0,0,0,0,0,0,0,0
afschaffen,0,0,0,0,0,1,0,0,0,0
abrupt,0,0,0,0,0,0,0,0,1,0
abrupt,0,0,0,0,0,0,0,0,0,0
abces,0,0,0,0,0,1,0,1,0,0
afwezigheid,0,0,0,1,0,1,0,1,0,0
afwezig,0,0,0,0,0,1,0,1,0,0
afwezige,0,0,0,0,0,1,0,1,0,0
verzuim,0,0,0,0,0,1,0,0,0,0
absint,0,0,0,0,0,0,0,0,0,0
absoluut,0,0,0,0,0,0,1,0,0,0
absolutie,0,0,0,0,1,0,1,0,0,1
geabsorbeerd,0,0,0,0,0,0,1,0,0,0
absorberend,0,0,0,0,0,0,0,0,0,0
absorberend,0,0,0,0,0,0,0,0,0,0
absorptie,0,0,0,0,0,0,0,0,0,0
onthouden,0,0,0,0,0,0,0,0,0,0
onthouding,0,0,0,0,0,0,0,0,0,0
onthouding,0,0,0,0,0,0,0,0,0,0
abstract,0,0,0,0,0,0,0,0,0,0
abstractie,0,0,0,0,0,0,0,0,0,0
absurd,0,0,0,0,0,1,0,0,0,0
absurditeit,0,0,0,0,0,1,0,0,0,0
overvloed,0,1,1,0,1,1,1,0,0,1
overvloedig,0,0,0,0,1,0,1,0,0,0
misbruik,1,0,1,1,0,1,0,1,0,0
steunpunt,0,0,0,0,0,0,0,0,0,0
aby,0,0,0,0,0,0,0,0,0,0
verschrikkelijk,0,0,0,0,0,1,0,1,0,0
afgrond,0,0,0,1,0,1,0,1,0,0
academisch,0,0,0,0,0,0,1,0,0,1
academie,0,0,0,0,0,0,1,0,0,0
toetreden,0,0,0,0,0,0,0,0,0,0
versnellen,0,1,0,0,0,0,0,0,0,0
versnelling,0,0,0,0,0,0,0,0,0,0
accent,0,0,0,0,0,0,0,0,0,0
accentueren,0,0,0,0,0,0,0,0,0,0
aanvaarden,0,0,0,0,0,0,0,0,0,0
aanvaardbaar,0,0,0,0,0,0,1,0,0,0
aanvaarding,0,0,0,0,0,0,1,0,0,0
toegang,0,0,0,0,0,0,0,0,0,0
beschikbaar,0,0,0,0,0,0,1,0,0,0
toetreding,0,0,0,0,0,0,0,0,0,0
accessoire,0,0,0,0,0,0,0,0,0,0
ongeluk,0,0,0,1,0,1,0,1,1,0
toevallig,0,0,0,1,0,1,0,0,1,0
per ongeluk,0,0,0,0,0,0,0,0,1,0
accolade,0,1,0,0,1,0,1,0,1,1
accommoderen,0,0,0,0,0,0,0,0,0,0
accommodatie,0,0,0,0,0,0,1,0,0,0
begeleiding,0,1,0,0,1,0,1,0,0,1
begeleiden,0,0,0,0,0,0,0,0,0,0
begeleidend,0,0,0,0,0,0,0,0,0,0
medeplichtige,0,0,0,0,0,0,0,0,0,0
bereiken,0,0,0,0,1,0,1,0,0,0
volbracht,0,0,0,0,1,0,1,0,0,0
prestatie,0,0,0,0,0,0,1,0,0,0
overeenstemming,0,0,0,0,0,0,1,0,0,1
overeenstemming,0,0,0,0,0,0,0,0,0,0
accordeon,0,0,0,0,0,0,0,0,0,0
account,0,0,0,0,0,0,0,0,0,1
verantwoordelijkheid,0,0,0,0,0,0,1,0,0,1
verantwoordelijk,0,0,0,0,0,0,1,0,0,1
accountant,0,0,0,0,0,0,0,0,0,1
boekhouding,0,0,0,0,0,0,0,0,0,0
rekeningen,0,0,0,0,0,0,0,0,0,1
geaccrediteerd,0,0,0,0,0,0,1,0,0,1
aanwas,0,0,0,0,0,0,0,0,0,0
groeien,0,0,0,0,0,0,0,0,0,0
accueil,0,0,0,0,0,0,1,0,0,0
accumuleren,0,0,0,0,0,0,0,0,0,0
accumulatie,0,0,0,0,0,0,0,0,0,0
nauwkeurigheid,0,0,0,0,0,0,0,0,0,0
nauwkeurig,0,0,0,0,0,0,1,0,0,1
vervloekt,1,0,0,1,0,1,0,1,0,0
beschuldiging,1,0,1,0,0,1,0,0,0,0
accusatief,0,0,0,0,0,1,0,0,0,0
beschuldigd,1,0,0,1,0,1,0,0,0,0
aanklager,1,0,0,1,0,1,0,0,0,0
beschuldigen,1,0,0,1,0,1,0,0,0,0
gebruikelijk,0,0,0,0,0,0,0,0,0,0
ace,0,0,0,0,0,0,1,0,0,0
azijnzuur,0,0,0,0,0,0,0,0,0,0
pijn,0,0,0,0,0,1,0,1,0,0
bereiken,0,0,0,0,1,0,1,0,0,1
prestatie,0,1,0,0,1,0,1,0,0,1
pijn doen,0,0,0,0,0,1,0,1,0,0
zuur,0,0,0,0,0,1,0,0,0,0
zuurgraad,0,0,0,0,0,0,0,0,0,0
erkennen,0,0,0,0,0,0,0,0,0,0
erkend,0,0,0,0,0,0,0,0,0,0
erkenning,0,0,0,0,0,0,1,0,0,0
toppunt,0,0,0,0,0,0,0,0,0,0
akoestisch,0,0,0,0,0,0,0,0,0,0
akoestiek,0,0,0,0,0,0,0,0,0,0
kennismaken,0,0,0,0,0,0,0,0,0,0
kennis,0,0,0,0,0,0,0,0,0,0
kennis gemaakt,0,0,0,0,0,0,0,0,0,0
berusting,0,0,0,0,0,0,0,0,0,0
verwerven,0,0,0,0,0,0,1,0,0,0
verwerven,0,1,0,0,0,0,1,0,0,0
acquisitie,0,0,0,0,0,0,0,0,0,0
aanwinsten,0,0,0,0,0,0,0,0,0,0
areaal,0,0,0,0,0,0,0,0,0,0
acres,0,0,0,0,0,0,0,0,0,0
acrobaat,0,0,0,1,1,0,1,0,0,1
handelen,0,0,0,0,0,0,0,0,0,0
acteren,0,0,0,0,0,0,0,0,0,0
actie,0,0,0,0,0,0,1,0,0,0
uitvoerbaar,1,0,1,0,0,1,0,0,0,0
actief,0,0,0,0,0,0,0,0,0,0
werkzaamheid,0,0,0,0,0,0,0,0,0,0
acteur,0,0,0,0,0,0,0,0,0,0
feitelijk,0,0,0,0,0,0,1,0,0,0
actualiteit,0,0,0,0,0,0,0,0,0,0
actuaris,0,0,0,0,0,0,0,0,0,0
scherpte,0,0,0,0,0,0,1,0,0,0
inzicht,0,0,0,0,0,0,1,0,0,0
acupunctuur,0,0,0,0,0,0,0,0,0,0
acuut,0,0,0,0,0,0,0,0,0,0
gezegde,0,0,0,0,0,0,0,0,0,0
onbuigzaam,0,0,0,0,0,0,0,0,0,0
aanpassen,0,0,0,0,0,0,1,0,0,0
aanpasbaar,0,0,0,0,0,0,1,0,0,0
toevoegen,0,0,0,0,0,0,0,0,0,0
toegevoegd,0,0,0,0,0,0,0,0,0,0
addendum,0,0,0,0,0,0,0,0,0,0
adder,1,0,1,1,0,1,0,1,0,0
verslaving,0,0,0,0,0,1,0,0,0,0
toevoeging,0,0,0,0,0,0,0,0,0,0
aanvullend,0,0,0,0,0,0,0,0,0,0
additief,0,0,0,0,0,0,0,0,0,0
adres,0,0,0,0,0,0,0,0,0,0
geadresseerde,0,0,0,0,0,0,0,0,0,0
adressen,0,1,0,0,0,0,1,0,0,0
bedreven,0,0,0,0,0,0,1,0,0,0
geschiktheid,0,0,0,0,0,0,1,0,0,0
adequaat,0,0,0,0,0,0,0,0,0,0
naleven,0,0,0,0,0,0,0,0,0,0
aanhankelijkheid,0,0,0,0,0,0,0,0,0,0
aanhanger,0,0,0,0,0,0,0,0,0,0
aanhangen,0,0,0,0,0,0,0,0,0,1
adhesie,0,0,0,0,0,0,0,0,0,0
Zelfklevend,0,0,0,0,0,0,0,0,0,0
Adieu,0,0,0,0,0,0,0,0,0,0
vet,0,0,0,0,0,1,0,0,0,0
nabijheid,0,0,0,0,0,0,0,0,0,0
aangrenzend,0,0,0,0,0,0,0,0,0,0
adjectief,0,0,0,0,0,0,0,0,0,0
aangrenzend,0,0,0,0,0,0,0,0,0,0
verdagen,0,0,0,0,0,0,0,0,0,0
verdaging,0,0,0,0,0,0,0,0,0,0
oordelen,0,0,0,1,0,1,0,0,0,0
arbitrage,0,0,0,0,0,0,0,0,0,0
adjunct,0,0,0,0,0,0,1,0,0,0
aanpassen,0,0,0,0,0,0,0,0,0,0
aanpassing,0,0,0,0,0,0,0,0,0,0
adjuvans,0,0,0,0,0,0,0,0,0,0
beheren,0,0,0,0,0,0,0,0,0,0
administratie,0,0,0,0,0,0,0,0,0,0
administratief,0,0,0,0,0,0,0,0,0,1
bewonderenswaardig,0,0,0,0,1,0,1,0,0,1
admiraal,0,0,0,0,0,0,1,0,0,1
admiraliteit,0,0,0,0,0,0,0,0,0,0
bewondering,0,0,0,0,1,0,1,0,0,1
bewonderen,0,0,0,0,0,0,1,0,0,1
bewonderaar,0,0,0,0,0,0,1,0,0,0
toelaatbaarheid,0,0,0,0,0,0,0,0,0,0
toelaatbaar,0,0,0,0,0,0,1,0,0,1
erkenning,0,0,0,0,0,0,0,0,0,0
geef toe,0,0,0,0,0,0,0,0,0,0
toelating,0,0,0,0,0,0,0,0,0,0
toegelaten,0,0,0,0,0,0,0,0,0,0
toegeven,0,0,0,0,0,0,0,0,0,0
bijmenging,0,0,0,0,0,0,0,0,0,0
vermaning,0,0,0,1,0,1,0,0,0,0
gedoe,0,0,0,0,0,0,0,0,0,0
adobe,0,0,0,0,0,0,0,0,0,0
adolescentie,0,0,0,0,0,0,0,0,0,0
puber,0,0,0,0,0,0,0,0,0,0
adopteren,0,0,0,0,0,0,0,0,0,0
adoptie,0,0,0,0,0,0,0,0,0,0
schattig,0,0,0,0,1,0,1,0,0,0
aanbidding,0,0,0,0,1,0,1,0,0,1
dol zijn op,0,1,0,0,1,0,1,0,0,1
sieren,0,0,0,0,0,0,0,0,0,0
versiering,0,0,0,0,0,0,0,0,0,0
op drift,0,1,0,1,0,1,0,1,0,0
volwassen,0,0,0,0,0,0,0,0,0,0
vervalst,0,0,0,0,0,1,0,0,0,0
overspel,0,0,1,0,0,1,0,1,0,0
voorschot,0,1,0,1,1,0,1,0,1,0
Geavanceerd,0,0,0,0,0,0,1,0,0,0
vooruitgang,0,0,0,0,0,0,1,0,0,0
voortschrijdend,0,0,0,0,0,0,0,0,0,0
voordeel,0,0,0,0,0,0,1,0,0,0
voordelig,0,0,0,0,0,0,1,0,0,0
komst,0,1,0,0,1,0,1,0,0,1
avontuur,0,1,0,0,0,0,1,0,0,0
avonturier,0,0,0,0,0,0,0,0,0,0
avontuurlijk,0,0,0,0,0,0,1,0,0,0
tegenstander,1,0,0,0,0,1,0,0,0,0
nadelig,1,0,1,1,0,1,0,1,0,0
tegenslag,1,0,0,1,0,1,0,1,0,0
reclame maken,0,0,0,0,0,0,0,0,0,0
advertentie,0,0,0,0,0,0,0,0,0,0
het advies,0,0,0,0,0,0,0,0,0,1
aan te raden,0,0,0,0,0,0,1,0,0,1
adviseren,0,0,0,0,0,0,1,0,0,1
geadviseerd,0,0,0,0,0,0,0,0,0,1
advies,0,0,0,0,0,0,0,0,0,0
adviseur,0,0,0,0,0,0,1,0,0,1
belangenbehartiging,1,1,0,0,1,0,1,0,0,1
pleiten voor,0,0,0,0,0,0,0,0,0,1
aegis,0,0,0,0,0,0,0,0,0,0
beluchting,0,0,0,0,0,0,0,0,0,0
antenne,0,0,0,0,0,0,0,0,0,0
luchtvaartterrein,0,0,0,0,0,0,0,0,0,0
aërodynamica,0,0,0,0,0,0,0,0,0,0
luchtvaart,0,0,0,0,0,0,0,0,0,0
vliegtuig,0,0,0,0,0,0,0,0,0,0
stijlvol,0,0,0,0,0,0,1,0,0,0
esthetiek,0,0,0,0,1,0,1,0,0,0
etiologie,0,0,0,0,0,0,0,0,0,0
ver weg,0,0,0,0,0,0,0,0,0,0
minzaam,0,0,0,0,0,0,1,0,0,0
affaire,0,0,0,0,0,0,0,0,0,0
beïnvloeden,0,0,0,0,0,0,0,0,0,0
affectie,0,0,0,0,1,0,1,0,0,1
genegenheid,0,0,0,0,0,0,0,0,0,0
affiche,0,0,0,0,0,0,0,0,0,0
verklaring,0,0,0,0,0,0,0,0,0,0
aangesloten,0,0,0,0,0,0,1,0,0,0
verbondenheid,0,0,0,0,0,0,0,0,0,0
affiniteit,0,0,0,0,0,0,0,0,0,0
bevestigen,0,0,0,0,0,0,1,0,0,1
bevestiging,0,0,0,0,0,0,1,0,0,0
bevestigend,0,0,0,0,0,0,1,0,0,0
bevestigend,0,0,0,0,0,0,1,0,0,1
bevestigen,0,0,0,0,0,0,0,0,0,0
kwellen,0,0,0,1,0,1,0,1,0,0
gekweld,0,0,0,0,0,1,0,0,0,0
kwelling,0,0,1,1,0,1,0,1,0,0
welvaart,0,0,0,0,1,0,1,0,0,0
rijk,0,0,0,0,0,0,1,0,0,0
veroorloven,0,0,0,0,0,0,1,0,0,0
belediging,1,0,1,1,0,1,0,1,1,0
ver weg,0,0,0,0,0,0,0,0,0,0
eerder,0,0,0,0,0,0,0,0,0,0
voornoemd,0,0,0,0,0,0,0,0,0,0
voornoemd,0,0,0,0,0,0,0,0,0,0
bang,0,0,0,1,0,1,0,0,0,0
opnieuw,0,0,0,0,0,0,0,0,0,0
achter,0,0,0,0,0,0,0,0,0,0
nasleep,1,0,1,1,0,1,0,1,0,0
middag,0,0,0,0,0,0,0,0,0,0
nasmaak,0,0,0,0,0,1,0,0,0,0
bijzaak,0,0,0,0,0,0,0,0,0,0
weer,0,0,0,1,0,0,1,0,0,1
agaat,0,0,0,0,0,0,0,0,0,0
leeftijd,0,0,0,0,0,0,0,0,0,0
oud,0,0,0,0,0,0,0,0,0,0
bureau,0,0,0,0,0,0,0,0,0,0
tussenpersoon,0,0,0,0,0,0,0,0,0,0
agglomeratie,0,0,0,0,0,0,0,0,0,0
verergerd,1,0,0,0,0,1,0,0,0,0
verzwarend,1,0,0,0,0,1,0,1,0,0
verergering,1,0,1,0,0,1,0,0,0,0
totaal,0,0,0,0,0,0,0,0,0,0
aggregatie,0,0,0,0,0,0,0,0,0,0
agressie,1,0,0,1,0,1,0,0,0,0
agressief,1,0,0,1,0,1,0,0,0,0
agressor,1,0,0,1,0,1,0,0,0,0
verbijsterd,0,0,1,1,0,1,0,0,1,0
weerbaar,0,0,0,0,0,0,1,0,0,0
wendbaarheid,0,0,0,0,0,0,1,0,0,0
opgewonden,1,0,0,0,0,1,0,0,0,0
agitatie,1,0,0,0,0,1,0,0,0,0
agnostisch,0,0,0,0,0,0,0,0,0,0
geleden,0,0,0,0,0,0,0,0,0,0
kwellend,0,0,0,1,0,1,0,0,0,0
nood,1,0,0,1,0,1,0,1,0,0
mee eens zijn,0,0,0,0,0,0,1,0,0,0
aangenaam,0,0,0,0,0,0,1,0,0,1
overeengekomen,0,0,0,0,0,0,1,0,0,1
akkoord gaan,0,0,0,0,0,0,1,0,0,1
overeenkomst,0,0,0,0,0,0,1,0,0,1
agrarisch,0,0,0,0,0,0,0,0,0,0
landbouw,0,0,0,0,0,0,1,0,0,0
aan de grond,0,0,0,0,0,1,0,0,0,0
agua,0,0,0,0,0,0,0,0,0,0
vooruit,0,0,0,0,0,0,1,0,0,0
hulp,0,0,0,0,0,0,1,0,0,0
helpen,0,0,0,0,0,0,1,0,0,0
ail,0,0,0,0,0,1,0,1,0,0
ziekelijk,0,0,0,1,0,1,0,1,0,0
aandoening,0,0,0,0,0,0,0,0,0,0
doel,0,0,0,0,0,0,0,0,0,0
doelloos,0,0,0,0,0,1,0,0,0,0
lucht,0,0,0,0,0,0,0,0,0,0
luchtkussen,0,0,0,0,0,0,0,0,0,0
luchtbrug,0,0,0,0,0,0,0,0,0,0
luchtvaartmaatschappij,0,0,0,0,0,0,0,0,0,0
vlieger,0,0,0,0,0,0,0,0,0,0
vliegtuig,0,0,0,0,0,0,0,0,0,0
luchthaven,0,1,0,0,0,0,0,0,0,0
uitgezonden,0,0,1,0,0,1,0,0,0,0
luchtschip,0,0,0,0,0,0,0,0,0,0
gangpad,0,0,0,0,0,0,0,0,0,0
ait,0,0,0,0,0,0,0,0,0,0
op een kier,0,0,0,0,0,0,0,0,0,0
verwant,0,0,0,0,0,0,0,0,0,1
albast,0,0,0,0,0,0,1,0,0,0
alarm,0,0,0,1,0,1,0,0,1,0
alarmerend,0,0,0,1,0,1,0,0,1,0
alb,0,0,0,0,0,0,0,0,0,1
album,0,0,0,0,0,0,0,0,0,0
alchimie,0,0,0,0,0,0,0,0,0,0
alcohol,0,0,0,0,0,0,0,0,0,0
alcoholisme,1,0,1,1,0,1,0,1,0,0
prieel,0,0,0,0,0,0,0,0,0,0
alarmeren,0,0,0,0,0,0,0,0,0,0
alertheid,0,1,0,1,0,0,1,0,1,0
waarschuwingen,0,1,0,1,0,0,0,0,1,0
luzerne,0,0,0,0,0,0,0,0,0,0
algebra,0,0,0,0,0,0,0,0,0,0
algebraïsch,0,0,0,0,0,0,0,0,0,0
algoritme,0,0,0,0,0,0,0,0,0,0
alibi,0,0,0,0,0,0,0,0,0,0
buitenaards wezen,0,0,1,1,0,1,0,0,0,0
vervreemden,1,0,1,0,0,1,0,0,0,0
vervreemd,0,0,0,0,0,1,0,1,0,0
vervreemding,1,0,1,1,0,1,0,1,0,0
uitstappen,0,0,0,0,0,0,0,0,0,0
uitgelijnd,0,0,0,0,0,0,0,0,0,0
uitlijning,0,0,0,0,0,0,0,0,0,0
gelijk,0,0,0,0,0,0,0,0,0,0
voeding,0,0,0,0,0,0,1,0,0,0
alimentatie,0,0,0,0,0,1,0,0,0,0
portie,0,0,0,0,0,0,0,0,0,0
in leven,0,1,0,0,1,0,1,0,0,1
alkali,0,0,0,0,0,0,0,0,0,0
alkaloïden,0,0,0,0,0,0,0,0,0,0
wegnemen,0,0,0,0,0,0,1,0,0,0
bewering,1,0,0,0,0,1,0,0,0,0
beweren,0,0,0,0,0,1,0,0,0,0
zogenaamd,0,0,0,0,0,0,0,0,0,0
loyaliteit,0,0,0,0,0,0,1,0,0,1
allegorisch,0,0,0,0,0,0,0,0,0,0
allegorie,0,0,0,0,0,0,0,0,0,0
allegro,0,0,0,0,0,0,1,0,0,0
verlichten,0,0,0,0,0,0,1,0,0,0
verlichting,0,0,0,0,0,0,1,0,0,0
steeg,0,0,0,0,0,0,0,0,0,0
alliantie,0,0,0,0,0,0,0,0,0,1
bondgenoot,0,0,0,0,0,0,1,0,0,1
alligator,0,0,0,0,0,0,0,0,0,0
toewijzen,0,0,0,0,0,0,0,0,0,0
toewijzing,0,0,0,0,0,0,0,0,0,0
toewijzen,0,0,0,0,0,0,0,0,0,0
toewijzing,0,0,0,0,0,0,0,0,0,0
toelaatbaar,0,0,0,0,0,0,1,0,0,0
zakgeld,0,0,0,0,0,0,0,0,0,0
toegestaan,0,0,0,0,0,0,0,0,0,0
legering,0,0,0,0,0,0,0,0,0,0
verleiden,0,1,0,0,1,0,1,0,1,0
verleidelijk,0,0,0,0,0,0,1,0,0,0
toespeling,0,0,0,0,0,0,0,0,0,0
alluviaal,0,0,0,0,0,0,0,0,0,0
steeg,0,0,0,0,0,0,1,0,0,1
almanak,0,0,0,0,0,0,0,0,0,0
almachtig,0,0,0,0,0,0,1,0,0,0
omhoog,0,0,0,0,0,0,0,0,0,0
aloha,0,1,0,0,1,0,1,0,0,0
naast,0,0,0,0,0,0,0,0,0,0
terughoudend,0,0,0,0,0,1,0,0,0,0
hardop,0,0,0,0,0,0,0,0,0,0
alfabet,0,0,0,0,0,0,0,0,0,0
alfabetisch,0,0,0,0,0,0,0,0,0,0
altaar,0,0,0,0,0,0,0,0,0,0
wijzigen,0,0,0,0,0,0,0,0,0,0
wijziging,0,0,0,0,0,0,0,0,0,0
woordenwisseling,1,0,0,0,0,1,0,0,0,0
gewijzigd,0,0,0,0,0,0,0,0,0,0
afwisselend,0,0,0,0,0,0,0,0,0,0
alternatief,0,0,0,0,0,0,0,0,0,0
hoogte,0,0,0,0,0,0,0,0,0,0
alt,0,0,0,0,0,0,0,0,0,0
allemaal samen,0,0,0,0,0,0,0,0,0,0
alumnus,0,0,0,0,0,0,0,0,0,0
alveolair,0,0,0,0,0,0,0,0,0,0
amalgaam,0,0,0,0,0,0,0,0,0,0
samensmelting,0,0,0,0,0,0,0,0,0,0
vergaren,0,0,0,0,0,0,0,0,0,0
amateur,0,0,0,0,0,0,0,0,0,0
verbazen,0,0,0,0,0,0,0,0,1,0
verbazing,0,0,0,0,0,0,0,0,0,0
verbazingwekkend,0,0,0,0,1,0,1,0,1,0
ambassadeur,0,0,0,0,0,0,1,0,0,1
amber,0,0,0,0,0,0,0,0,0,0
omgeving,0,0,0,0,0,0,0,0,0,0
meerduidigheid,0,0,0,0,0,0,0,0,0,0
dubbelzinnig,0,0,0,0,0,1,0,0,0,0
strekking,0,0,0,0,0,0,0,0,0,0
ambitie,0,1,0,0,1,0,1,0,0,1
ambitieus,0,0,0,0,0,0,0,0,0,0
ambulance,0,0,0,1,0,0,0,0,0,1
hinderlaag,1,0,0,1,0,1,0,0,1,0
verbeteren,0,0,0,0,0,0,1,0,0,0
amen,0,0,0,0,1,0,1,0,0,1
ontvankelijk,0,0,0,0,0,0,1,0,0,0
wijzigen,0,0,0,0,0,0,1,0,0,0
wijziging,0,0,0,0,0,0,0,0,0,0
verbetert,0,0,0,0,0,0,1,0,0,0
voorziening,0,0,0,0,0,0,1,0,0,0
amethist,0,0,0,0,0,0,0,0,0,0
beminnelijk,0,0,0,0,0,0,1,0,0,0
vriendschappelijk,0,0,0,0,1,0,1,0,0,0
te midden van,0,0,0,0,0,0,0,0,0,0
temidden van,0,0,0,0,0,0,0,0,0,0
ammoniak,0,0,1,0,0,0,0,0,0,0
munitie,0,0,0,0,0,0,0,0,0,0
geheugenverlies,0,0,0,0,0,1,0,0,0,0
amnestie,0,0,0,0,1,0,1,0,0,0
amorf,0,0,0,0,0,0,0,0,0,0
afschrijvingen,0,0,0,0,0,0,0,0,0,1
hoeveelheid,0,0,0,0,0,0,0,0,0,0
verliefdheid,0,1,0,0,1,0,1,0,0,1
ampersand,0,0,0,0,0,0,0,0,0,0
amfetaminen,0,0,1,0,0,1,0,0,0,0
amfibie,0,0,0,0,0,0,0,0,0,0
amfibisch,0,0,0,0,0,0,0,0,0,0
amfitheater,0,0,0,0,0,0,0,0,0,0
versterking,0,0,0,0,0,0,0,0,0,0
versterken,0,0,0,0,0,0,0,0,0,0
amplitude,0,0,0,0,0,0,0,0,0,0
ruimschoots,0,0,0,0,0,0,0,0,0,0
amputatie,0,0,0,0,0,0,0,0,0,0
amulet,0,0,0,0,0,0,0,0,0,0
amuseren,0,0,0,0,1,0,1,0,0,0
geamuseerd,0,0,0,0,1,0,1,0,0,0
amusement,0,0,0,0,1,0,1,0,0,0
grappig,0,0,0,0,1,0,1,0,0,0
ana,0,0,0,0,0,0,0,0,0,0
anaconda,0,0,1,1,0,1,0,0,0,0
anesthesie,0,0,0,0,0,0,0,0,0,0
verdoving,0,0,0,0,0,0,0,0,0,0
anaal,0,0,0,0,0,1,0,0,0,0
pijnstillend,0,0,0,0,0,0,0,0,0,0
analoog,0,0,0,0,0,0,0,0,0,0
analoog,0,0,0,0,0,0,0,0,0,0
analogie,0,0,0,0,0,0,0,0,0,0
analyse,0,0,0,0,0,0,0,0,0,0
analist,0,1,0,0,0,0,1,0,0,1
analytisch,0,0,0,0,0,0,0,0,0,0
analyseren,0,0,0,0,0,0,0,0,0,0
analysator,0,0,0,0,0,0,0,0,0,0
anarchisme,1,0,0,1,0,1,0,0,0,0
anarchist,1,0,0,1,0,1,0,0,0,0
anarchie,1,0,0,1,0,1,0,0,0,0
anastomose,0,0,0,0,0,0,0,0,0,0
anathema,1,0,1,1,0,1,0,1,0,0
anatomisch,0,0,0,0,0,0,0,0,0,0
anatomie,0,0,0,0,0,0,0,0,0,0
Voorouder,0,0,0,0,0,0,0,0,0,0
voorouderlijk,0,0,0,0,0,0,0,0,0,1
voorgeslacht,0,0,0,0,0,0,0,0,0,0
anker,0,0,0,0,0,0,1,0,0,0
ankerplaats,0,0,0,0,0,0,1,1,0,0
oud,0,0,0,0,0,1,0,0,0,0
bijkomstig,0,0,0,0,0,0,0,0,0,0
androgeen,0,0,0,0,0,0,0,0,0,0
anemoon,0,0,0,0,0,0,0,0,0,0
opnieuw,0,0,0,0,0,0,0,0,0,0
engel,0,1,0,0,1,0,1,0,1,1
engelachtig,0,0,0,0,1,0,1,0,0,1
woede,1,0,0,0,0,1,0,0,0,0
angina,0,0,0,1,0,1,0,0,0,0
angiografie,0,0,0,0,0,0,0,0,0,0
hoek,0,0,0,0,0,0,0,0,0,0
vissen,0,1,0,0,0,1,0,0,0,0
boos,1,0,1,0,0,1,0,0,0,0
doodsangst,1,0,0,1,0,1,0,1,0,0
hoekig,0,0,0,0,0,0,0,0,0,0
watervrij,0,0,0,0,0,0,0,0,0,0
dier,0,0,0,0,0,0,0,0,0,0
animeren,0,0,0,0,0,0,1,0,0,0
geanimeerd,0,0,0,0,1,0,1,0,0,0
animatie,0,0,0,0,0,0,0,0,0,0
vijandigheid,1,0,1,1,0,1,0,1,0,0
animositeit,1,0,0,0,0,1,0,0,0,0
enkel,0,0,0,0,0,0,0,0,0,0
annalen,0,0,0,0,0,0,0,0,0,0
bijlage,0,0,0,0,0,0,0,0,0,0
annexatie,0,0,0,0,0,0,0,0,0,0
bijgebouw,0,0,0,0,0,0,0,0,0,0
vernietigen,1,0,0,1,0,1,0,0,0,0
vernietigd,1,0,0,1,0,1,0,1,0,0
vernietiging,1,0,0,1,0,1,0,1,0,0
annoteren,0,0,0,0,0,0,0,0,0,0
annotatie,0,0,0,0,0,0,0,0,0,0
aankondigen,0,0,0,0,0,0,0,0,0,0
Aankondiging,0,1,0,0,0,0,0,0,0,0
ergeren,1,0,1,0,0,1,0,0,0,0
ergernis,1,0,1,0,0,1,0,0,0,0
vervelend,1,0,0,0,0,1,0,0,0,0
lijfrente,0,0,0,0,0,0,0,0,0,0
annuleren,0,0,0,0,0,1,0,0,0,0
ringvormig,0,0,0,0,0,0,0,0,0,0
nietigverklaring,0,0,0,0,0,1,0,1,0,0
annulus,0,0,0,0,0,0,0,0,0,0
zalving,0,0,0,0,0,0,0,0,0,0
abnormaal,0,0,0,0,0,0,0,0,0,0
anomalie,0,0,0,1,0,1,0,0,1,0
anon,0,0,0,0,0,0,0,0,0,0
anoniem,0,0,0,0,0,1,0,0,0,0
antwoorden,0,0,0,0,0,0,0,0,0,0
verantwoordelijk,0,0,0,0,0,0,0,0,0,1
beantwoorden,0,0,0,0,0,0,0,0,0,0
mier,0,0,0,0,0,0,0,0,0,0
antagonisme,1,0,0,0,0,1,0,0,0,0
antagonist,1,0,0,0,0,1,0,0,0,0
antagonistisch,1,0,1,0,0,1,0,0,0,0
ante,0,0,0,0,0,0,0,0,0,0
antecedent,0,0,0,0,0,0,0,0,0,0
antilope,0,0,0,0,0,0,0,0,0,0
antenne,0,0,0,0,0,0,0,0,0,0
voorste,0,0,0,0,0,0,0,0,0,0
hymne,0,0,0,0,0,0,0,0,0,0
bloemlezing,0,0,0,0,0,0,0,0,0,0
miltvuur,0,0,1,1,0,1,0,1,0,0
antropologie,0,0,0,0,0,0,0,0,0,0
antibiotica,0,0,0,0,0,0,0,0,0,0
antibiotica,0,0,0,0,0,0,1,0,0,0
antichrist,1,0,1,1,0,1,0,0,0,0
anticipatie,0,1,0,0,0,0,0,0,0,0
anticiperend,0,1,0,0,0,0,0,0,0,0
tegengif,0,1,0,0,0,0,1,0,0,1
antischimmel,0,0,0,0,0,0,1,0,0,1
antimoon,0,0,0,0,0,0,0,0,0,0
antipathie,1,0,1,0,0,1,0,0,0,0
antiquair,0,0,0,0,0,0,0,0,0,0
verouderd,0,0,0,0,0,1,0,0,0,0
antiek,0,0,0,0,0,0,1,0,0,0
oudheid,0,0,0,0,0,0,0,0,0,0
antiseptisch,0,0,0,0,0,0,1,0,0,1
antisociaal,1,0,1,1,0,1,0,1,0,0
antithese,1,0,0,0,0,1,0,0,0,0
antithetisch,0,0,0,0,0,0,0,0,0,0
antiviraal,0,0,0,0,0,0,0,0,0,0
gewei,0,0,0,0,0,0,0,0,0,0
aambeeld,0,0,0,0,0,0,0,0,0,0
ongerustheid,1,1,0,1,0,1,0,1,0,0
gespannen,0,1,0,1,0,1,0,0,0,0
aorta,0,0,0,0,0,0,0,0,0,0
snel,0,0,0,0,0,0,0,0,0,0
apache,0,0,0,1,0,1,0,0,0,0
appartement,0,0,0,0,0,0,0,0,0,0
apathisch,0,0,0,0,0,1,0,1,0,0
apathie,0,0,0,0,0,1,0,1,0,0
aap,0,0,0,0,0,0,0,0,0,0
opening,0,0,0,0,0,0,0,0,0,0
top,0,0,0,0,0,0,0,0,0,0
bladluis,0,0,1,0,0,1,0,0,0,0
een stuk,0,0,0,0,0,0,0,0,0,0
aplomb,0,0,0,0,0,0,1,0,0,0
apocalyptisch,0,0,0,0,0,0,0,0,0,0
verontschuldigend,0,0,0,0,0,0,1,0,0,1
apologeet,0,0,0,0,0,0,0,0,0,0
verontschuldigen,0,0,0,0,0,0,1,1,0,1
verontschuldiging,0,0,0,0,0,0,1,0,0,0
afvalligheid,0,0,0,0,0,0,0,0,0,0
afvallige,0,0,0,0,0,0,0,0,0,0
apostel,0,0,0,0,0,0,1,0,0,1
apostolisch,0,0,0,0,0,0,0,0,0,1
apostrof,0,0,0,0,0,0,0,0,0,0
vreselijk,0,0,1,1,0,1,0,0,0,0
inrichting,0,0,0,0,0,0,0,0,0,0
kleding,0,0,0,0,0,0,0,0,0,0
blijkbaar,0,0,0,0,0,0,0,0,0,0
verschijning,0,0,0,1,0,0,0,0,1,0
hoger beroep,0,1,0,0,0,0,0,0,0,0
uiterlijk,0,0,0,0,0,0,0,0,0,0
sussen,0,0,0,0,0,0,0,0,0,0
appellant,0,0,0,0,0,0,0,0,0,0
toevoegen,0,0,0,0,0,0,0,0,0,0
aanhangsel,0,0,0,0,0,0,0,0,0,0
appendicitis,0,0,0,1,0,1,0,1,0,0
bijlage,0,0,0,0,0,0,0,0,0,0
trek,0,0,0,0,0,0,0,0,0,0
voorafje,0,0,0,0,0,0,0,0,0,0
applaus,0,0,0,0,1,0,1,0,1,1
appel,0,0,0,0,0,0,0,0,0,0
apparaat,0,0,0,0,0,0,0,0,0,0
huishoudelijke apparaten,0,0,0,0,0,0,0,0,0,0
toepasbaarheid,0,0,0,0,0,0,0,0,0,0
van toepassing,0,0,0,0,0,0,0,0,0,0
sollicitant,0,1,0,0,0,0,0,0,0,0
sollicitatie,0,0,0,0,0,0,0,0,0,0
van toepassing zijn,0,0,0,0,0,0,0,0,0,0
aanstellen,0,0,0,0,0,0,0,0,0,0
afspraak,0,0,0,0,0,0,0,0,0,0
afspraken,0,0,0,0,0,0,0,0,0,0
verdelen,0,0,0,0,0,0,0,0,0,0
verdeling,0,0,0,0,0,0,0,0,0,0
beoordelen,0,0,0,0,0,0,0,0,0,0
merkbaar,0,0,0,0,0,0,0,0,0,0
waardering,0,0,0,0,1,0,1,0,0,1
waarnemen,0,0,0,1,0,0,0,0,0,0
gevangenname,0,0,0,1,0,1,0,0,0,0
bezorgd,0,1,0,1,0,1,0,0,0,0
leerling,0,0,0,0,0,0,0,0,0,1
stage,0,0,0,0,0,0,0,0,0,0
nadering,0,0,0,0,0,0,0,0,0,0
naderen,0,1,0,0,0,0,0,0,0,0
goedkeuring,0,0,0,0,0,0,1,0,0,1
toe-eigening,0,0,0,0,0,1,0,0,0,0
goedkeuring,0,0,0,0,0,0,1,0,0,0
goedkeuren,0,0,0,0,1,0,1,0,0,1
goedkeuren,0,0,0,0,0,0,1,0,0,0
bij benadering,0,0,0,0,0,0,0,0,0,0
ongeveer,0,0,0,0,0,0,0,0,0,0
bij benadering,0,0,0,0,0,0,0,0,0,0
benadering,0,0,0,0,0,0,0,0,0,0
toebehoren,0,0,0,0,0,0,0,0,0,0
schort,0,0,0,0,0,0,0,0,0,0
geschikt,0,0,0,0,0,0,1,0,0,0
bekwaamheid,0,0,0,0,0,0,1,0,0,0
aqua,0,0,0,0,0,0,0,0,0,0
aquamarijn,0,0,0,0,0,0,0,0,0,0
aquarium,0,0,0,0,0,0,0,0,0,0
aquatisch,0,0,0,0,0,0,0,0,0,0
aquaduct,0,0,0,0,0,0,0,0,0,0
waterig,0,0,0,0,0,0,0,0,0,0
akkerbouw,0,0,0,0,0,0,0,0,0,0
arbiter,0,0,0,0,0,0,0,0,0,1
arbitreren,0,0,0,0,0,0,0,0,0,0
arbitrage,0,1,0,0,0,0,0,0,0,0
arbiter,0,0,0,0,0,0,0,0,0,1
prieel,0,0,0,0,0,0,0,0,0,0
boog,0,0,0,0,0,0,0,0,0,0
speelhal,0,0,0,0,0,0,0,0,0,0
boog,0,0,0,0,0,0,0,0,0,0
archeologisch,0,0,0,0,0,0,0,0,0,0
archeoloog,0,0,0,0,0,0,0,0,0,0
archeologie,0,1,0,0,0,0,1,0,0,0
archaïsch,0,0,0,0,0,1,0,0,0,0
aartsbisschop,0,0,0,0,0,0,0,0,0,0
gebogen,0,0,0,0,0,0,0,0,0,0
boogschutter,0,0,0,0,0,0,0,0,0,0
boogschieten,0,0,0,0,0,0,0,0,0,0
archetype,0,0,0,0,0,0,0,0,0,0
archipel,0,0,0,0,0,0,0,0,0,0
architect,0,0,0,0,0,0,0,0,0,0
architectuur,0,0,0,0,0,0,0,0,0,1
archief,0,0,0,0,0,0,0,0,0,0
arctisch,0,0,0,0,0,0,0,0,0,0
vurig,0,1,0,0,1,0,1,0,0,0
hartstocht,0,0,0,0,0,0,1,0,0,0
moeizaam,0,0,0,0,0,1,0,0,0,0
Oppervlakte,0,0,0,0,0,0,0,0,0,0
arena,0,0,0,0,0,0,0,0,0,0
tepelhof,0,0,0,0,0,0,0,0,0,0
argent,0,0,0,0,0,0,0,0,0,0
ruzie maken,1,0,0,0,0,1,0,0,0,0
argument,1,0,0,0,0,1,0,0,0,0
argumentatie,1,0,0,0,0,0,0,0,0,0
argumentatief,0,0,0,0,0,1,0,0,0,0
argumenten,1,0,0,0,0,0,0,0,0,0
dor,0,0,0,0,0,1,0,1,0,0
aristocratie,0,0,0,0,0,0,1,0,0,0
aristocraat,0,0,0,0,0,0,0,0,0,0
aristocratisch,0,0,0,0,0,0,1,0,0,0
rekenkundig,0,0,0,0,0,0,0,0,0,0
ark,0,0,0,0,0,0,0,0,0,0
arm,0,0,0,0,0,0,0,0,0,0
armada,0,0,0,0,0,0,0,0,0,0
bewapening,1,0,0,1,0,0,0,0,0,0
bewapening,0,0,0,1,0,1,0,0,0,0
armatuur,0,0,0,0,0,0,0,0,0,0
gewapend,1,0,0,1,0,1,1,0,0,0
schild,0,0,0,1,0,0,1,0,0,1
gepantserd,0,0,0,1,0,0,0,0,0,0
wapenkamer,0,0,0,0,0,0,0,0,0,1
armen,0,0,0,0,0,0,0,0,0,0
leger,0,0,0,0,0,0,0,0,0,0
aroma,0,0,0,0,0,0,1,0,0,0
opwinding,0,0,0,0,0,0,0,0,0,0
wekken,0,1,0,0,0,0,1,0,0,0
voorgeleiding,1,0,0,1,0,1,0,1,0,0
afspreken,0,0,0,0,0,0,0,0,0,0
geregeld,0,0,0,0,0,0,0,0,0,0
regeling,0,0,0,0,0,0,0,0,0,0
reeks,0,0,0,0,0,0,1,0,0,0
achterstallige betalingen,0,0,0,0,0,1,0,0,0,0
arresteren,0,0,0,0,0,1,0,0,0,0
aankomst,0,1,0,0,0,0,0,0,0,0
aankomen,0,1,0,0,0,0,0,0,0,0
arrogantie,0,0,0,0,0,1,0,0,0,0
arrogant,1,0,1,0,0,1,0,0,0,0
pijl,0,0,0,0,0,0,0,0,0,0
arsenaal,0,0,0,0,0,0,0,0,0,0
arseen-,0,0,1,1,0,1,0,1,0,0
brandstichting,1,0,0,1,0,1,0,0,0,0
kunst,0,1,0,0,1,0,1,1,1,0
slagader,0,0,0,0,0,0,0,0,0,0
kunstzinnig,0,0,0,0,0,0,0,0,0,0
geleedpotige,0,0,0,0,0,0,0,0,0,0
artisjok,0,0,0,0,0,0,0,0,0,0
artikel,0,0,0,0,0,0,0,0,0,0
Lidwoord,0,0,0,0,0,0,0,0,0,0
articuleren,0,0,0,0,0,0,1,0,0,0
articulatie,0,0,0,0,0,0,1,0,0,0
kunstgreep,0,0,0,0,0,0,0,0,0,0
artillerie,0,0,0,1,0,1,0,0,0,0
ambachtsman,0,0,0,0,0,0,1,0,0,0
artiest,0,0,0,0,0,0,0,0,0,0
artiest,0,0,0,0,0,0,1,0,0,0
artistiek,0,0,0,0,0,0,1,0,0,0
artiesten,0,0,0,0,0,0,0,0,0,0
opstijgen,0,0,0,0,0,0,0,0,0,0
overwicht,0,0,0,0,0,0,1,0,0,0
hemelvaart,0,0,0,0,0,0,0,0,0,0
beklimming,0,0,0,0,0,0,1,0,0,0
vaststellen,0,0,0,0,0,0,0,0,0,0
vastgesteld,0,0,0,0,0,0,0,0,0,0
asceet,0,0,0,0,0,0,0,0,0,0
as,0,0,0,0,0,1,0,0,0,0
beschaamd,0,0,1,0,0,1,0,1,0,0
as,0,0,0,0,0,1,0,1,0,0
in slaap,0,0,0,0,0,0,0,0,0,0
adder,0,0,0,1,0,0,0,0,0,0
aspartaam,0,0,0,0,0,0,0,0,0,0
aspect,0,0,0,0,0,0,0,0,0,0
aspecten,0,0,0,0,0,0,0,0,0,0
asfalt,0,0,0,0,0,0,0,0,0,0
aspiratie,0,1,0,0,1,0,1,0,1,1
streven,0,1,0,0,1,0,1,0,0,0
strevend,0,1,0,0,1,0,1,0,0,1
kont,0,0,0,0,0,1,0,0,0,0
aanval op,1,0,0,1,0,1,0,0,1,0
aanvaller,1,0,0,1,0,1,0,1,0,0
Sluipmoordenaar,1,0,0,1,0,1,0,1,0,0
vermoorden,1,0,0,1,0,1,0,0,0,0
moord,1,0,0,1,0,1,0,1,0,0
overval,1,0,0,1,0,1,0,0,0,0
test,0,0,0,0,0,0,0,0,0,0
assemblage,0,0,0,0,0,0,0,0,0,0
monteren,0,0,0,0,0,0,0,0,0,0
geassembleerd,0,0,0,0,0,0,0,0,0,0
bijeenkomst,0,0,0,0,0,0,1,0,0,1
instemming,0,0,0,0,0,0,1,0,0,0
beweren,0,0,0,0,0,0,0,0,0,0
beweren,0,0,0,0,0,0,1,0,0,1
bewering,0,0,0,0,0,0,0,0,0,0
schatten,0,0,0,0,0,0,0,0,0,0
beoordeling,0,0,0,0,0,0,0,0,1,1
beoordelaar,0,0,0,0,0,0,0,0,0,1
middelen,0,0,0,0,0,0,1,0,0,0
klootzak,1,0,1,0,0,1,0,0,0,0
toewijzen,0,0,0,0,0,0,0,0,0,0
cessionaris,0,0,0,0,0,0,0,0,0,1
opdracht,0,0,0,0,0,0,0,0,0,0
assimileren,0,0,0,0,0,0,0,0,0,0
assimilatie,0,0,0,0,0,0,0,0,0,0
helpen,0,0,0,0,0,0,1,0,0,1
bijstand,0,0,0,0,0,0,1,0,0,0
assistent,0,0,0,0,0,0,0,0,0,0
associëren,0,0,0,0,0,0,1,0,0,1
vereniging,0,0,0,0,0,0,0,0,0,1
geassorteerd,0,0,0,0,0,0,0,0,0,0
assortiment,0,0,0,0,0,0,0,0,0,0
geruststellen,0,0,0,0,0,0,1,0,0,0
uitgegaan van,0,0,0,0,0,0,0,0,0,0
ervan uitgaande dat,0,0,0,0,0,0,0,0,0,0
veronderstelling,0,0,0,0,0,0,0,0,0,0
zekerheid,0,0,0,0,0,0,1,0,0,1
verzekeren,0,0,0,0,0,0,0,0,0,1
verzekerd,0,0,0,0,0,0,1,0,0,1
zeker,0,0,0,0,0,0,0,0,0,1
asterisk,0,0,0,0,0,0,0,0,0,0
asteroïden,0,0,0,0,0,0,0,0,0,0
astigmatisme,0,0,0,0,0,0,0,0,0,0
verbazingwekkend,0,0,0,0,0,0,1,0,1,0
verbazing,0,0,0,0,1,0,1,0,1,0
astraal,0,0,0,0,0,0,0,0,0,0
op een dwaalspoor,0,0,0,1,0,1,0,0,0,0
samentrekkend,0,0,0,0,0,1,0,0,0,0
astroloog,0,1,0,0,0,0,1,0,0,0
astrologie,0,0,0,0,0,0,0,0,0,0
astronaut,0,0,0,0,0,0,1,0,0,0
astronoom,0,1,0,0,0,0,1,0,0,0
astronomie,0,0,0,0,0,0,0,0,0,0
scherpzinnig,0,0,0,0,0,0,1,0,0,0
uiteenvallen,0,0,0,0,0,0,0,0,0,0
asiel,0,0,0,1,0,1,0,0,0,0
asymmetrisch,0,0,0,0,0,0,0,0,0,0
asymmetrie,0,0,1,0,0,0,0,0,0,0
asymptotisch,0,0,0,0,0,0,0,0,0,0
atelier,0,0,0,0,0,0,0,0,0,0
atheïsme,0,0,0,0,0,1,0,0,0,0
atheïstisch,0,0,0,0,0,0,0,0,0,0
atherosclerose,0,0,0,1,0,1,0,1,0,0
atleet,0,0,0,0,0,0,1,0,0,0
atletisch,0,0,0,0,0,0,1,0,0,0
atletisch,0,0,0,0,0,0,0,0,0,0
atletiek,0,0,0,0,0,0,0,0,0,0
atlas,0,0,0,0,0,0,0,0,0,0
atmosfeer,0,0,0,0,0,0,0,0,0,0
atmosferisch,0,0,0,0,0,0,0,0,0,0
atol,0,0,0,0,0,0,0,0,0,0
atoom,0,0,0,0,0,0,1,0,0,0
atomair,0,0,0,0,0,0,0,0,0,0
boetedoening,0,1,0,0,1,0,1,0,0,1
boetedoening,0,0,0,0,0,0,1,0,0,0
binnenplaats,0,0,0,0,0,0,0,0,0,0
afschuwelijk,1,0,1,0,0,1,0,0,0,0
gruweldaad,1,0,1,1,0,1,0,1,0,0
atrofie,0,0,1,1,0,1,0,1,0,0
bijvoegen,0,0,0,0,0,0,0,0,0,0
bijlage,0,0,0,0,0,0,1,0,0,0
aanval,1,0,0,1,0,1,0,0,0,0
aanvallend,1,0,1,1,0,1,0,1,1,0
bereiken,0,0,0,0,0,0,0,0,0,0
haalbaar,0,1,0,0,0,0,1,0,0,0
bereiken,0,0,0,0,0,0,1,0,0,0
poging,0,1,0,0,0,0,0,0,0,0
aanwezigheid,0,1,0,0,0,0,0,0,0,0
bediende,0,0,0,0,0,0,1,0,0,1
aandacht,0,0,0,0,0,0,1,0,0,0
aandachtig,0,0,0,0,0,0,1,0,0,1
verzwakken,0,0,0,0,0,0,0,0,0,0
verzwakt,0,0,0,0,0,1,0,0,0,0
demping,0,0,0,0,0,1,0,1,0,0
getuigen,0,0,0,0,0,0,1,0,0,1
attestatie,0,0,0,0,0,0,0,0,0,1
zolder,0,0,0,0,0,0,0,0,0,0
kleding,0,0,0,0,0,0,0,0,0,0
houding,0,0,0,0,0,0,0,0,0,0
procureur,1,0,0,1,0,0,1,0,0,1
aantrekkingskracht,0,0,0,0,0,0,1,0,0,0
aantrekkelijkheid,0,0,0,0,0,0,1,0,0,0
toerekenbaar,0,0,0,0,0,0,0,0,0,0
attribuut,0,0,0,0,0,0,0,0,0,0
attributie,0,0,0,0,0,0,0,0,0,0
slijtage,0,0,0,0,0,0,0,0,0,0
kastanjebruin,0,0,0,0,0,0,0,0,0,0
veiling,0,1,0,0,0,0,0,0,0,0
veilingmeester,0,0,0,0,0,0,0,0,0,0
gedurfd,0,0,0,0,0,0,0,0,0,0
durf,0,0,0,0,0,1,0,0,0,0
hoorbaar,0,0,0,0,0,0,0,0,0,0
publiek,0,1,0,0,0,0,0,0,0,0
auditie,0,0,0,0,0,0,0,0,0,0
auditie,0,0,0,0,0,0,0,0,0,0
accountant,0,0,0,1,0,0,0,0,0,1
auditorium,0,0,0,0,0,0,0,0,0,0
auditief,0,0,0,0,0,0,0,0,0,0
iets,0,0,0,0,0,0,0,0,0,0
vergroten,0,0,0,0,0,0,1,0,0,0
vergroting,0,0,0,0,0,0,0,0,0,0
augustus,0,0,0,0,0,0,1,0,0,0
tante,0,0,0,0,0,0,1,0,0,1
aura,0,0,0,0,0,0,1,0,0,0
Aurora,0,0,0,0,0,0,0,0,0,0
auspiciën,0,0,0,0,0,0,0,0,0,0
voorspoedig,0,1,0,0,1,0,1,0,0,0
sober,0,0,0,1,0,1,0,1,0,0
starheid,0,0,0,0,0,1,0,0,0,0
authentiek,0,0,0,0,1,0,1,0,0,1
authenticeren,0,0,0,0,0,0,0,0,0,1
authenticatie,0,0,0,0,0,0,0,0,0,1
authenticiteit,0,0,0,0,0,0,1,0,0,1
auteur,0,0,0,0,0,0,1,0,0,1
gezaghebbend,0,0,0,0,0,0,1,0,0,1
Gezag,0,0,0,0,0,0,1,0,0,1
autorisatie,0,0,0,0,0,0,1,0,0,1
toestemming geven,0,0,0,0,0,0,0,0,0,1
geautoriseerd,0,0,0,0,0,0,1,0,0,0
auteurschap,0,0,0,0,0,0,0,0,0,0
auto,0,0,0,0,0,0,0,0,0,0
autobiografie,0,0,0,0,0,0,0,0,0,0
autocratisch,0,0,0,0,0,1,0,0,0,0
handtekening,0,0,0,0,0,0,0,0,0,0
automatisch,0,0,0,0,0,0,0,0,0,1
auto-,0,0,0,0,0,0,0,0,0,0
autonomie,0,0,0,0,0,0,0,0,0,0
autopsie,0,0,1,1,0,1,0,1,0,0
herfst,0,0,0,0,0,0,0,0,0,0
extra,0,0,0,0,0,0,0,0,0,0
baten,0,0,0,0,0,0,0,0,0,0
lawine,0,0,0,1,0,1,0,1,1,0
gierigheid,1,0,1,0,0,1,0,0,0,0
avatar,0,0,0,0,0,0,1,0,0,0
wreker,1,0,0,0,0,1,0,0,0,0
Laan,0,0,0,0,0,0,0,0,0,0
aver,0,0,0,0,0,0,0,0,0,0
gemiddeld,0,0,0,0,0,0,0,0,0,0
afkerig,1,0,1,1,0,1,0,0,0,0
afkeer,1,0,1,1,0,1,0,0,0,0
afwenden,0,0,0,0,0,0,0,0,0,0
volière,0,0,0,0,0,0,0,0,0,0
luchtvaart,0,0,0,0,0,0,0,0,0,0
vliegenier,0,0,0,0,0,0,0,0,0,0
fervent,0,0,0,0,0,0,0,0,0,0
avocado,0,0,0,0,0,0,0,0,0,0
voorkomen,0,0,0,1,0,1,0,0,0,0
vermijden,0,0,0,1,0,1,0,0,0,0
vermijden,0,0,0,1,0,0,0,0,0,0
wachten,0,1,0,0,0,0,0,0,0,0
wakker,0,0,0,0,0,0,0,0,0,0
ontwaken,0,0,0,0,0,0,0,0,0,0
prijs,0,1,0,0,1,0,1,0,1,1
ontzag,0,0,0,0,0,0,0,0,0,0
vreselijk,1,0,1,1,0,1,0,1,0,0
onhandigheid,0,0,1,0,0,1,0,0,0,0
luifel,0,0,0,0,0,0,0,0,0,0
fout,0,0,0,0,0,1,0,0,0,0
axiaal,0,0,0,0,0,0,0,0,0,0
axioma,0,0,0,0,0,0,0,0,0,1
axiomatisch,0,0,0,0,0,0,0,0,0,1
as,0,0,0,0,0,0,0,0,0,0
as,0,0,0,0,0,0,0,0,0,0
ay,0,0,0,0,0,0,1,0,0,0
ja hoor,0,0,0,0,0,0,1,0,0,0
azimut,0,0,0,0,0,0,0,0,0,0
azuurblauw,0,0,0,0,0,0,0,0,0,0
gebabbel,0,0,0,0,0,1,0,0,0,0
brabbelen,0,0,0,0,0,1,0,0,0,0
baviaan,0,0,1,0,0,1,0,0,0,0
baby,0,0,0,0,1,0,1,0,0,0
oppas,0,0,0,0,0,0,0,0,0,1
baccalaureaat,0,0,0,0,0,0,1,0,0,0
baccarat,0,0,0,0,0,0,0,0,0,0
bachelor opleiding,0,0,0,0,0,0,0,0,0,0
rug,0,0,0,0,0,0,0,0,0,0
ruggengraat,1,0,0,0,0,0,1,0,0,1
ondersteuner,0,0,0,0,0,0,0,0,0,1
averechts werken,0,0,0,0,0,0,0,0,0,0
backgammon,0,0,0,0,0,0,0,0,0,0
achtergrond,0,0,0,0,0,0,0,0,0,0
graaflaadmachine,0,0,0,0,0,0,0,0,0,0
backpacker,0,0,0,0,0,0,0,0,0,0
teruglopen,0,0,0,0,0,0,0,0,0,0
achteruit,0,0,0,0,0,1,0,0,0,0
achteruit,0,0,1,0,0,1,0,0,0,0
opstuwing,0,0,0,0,0,1,0,1,0,0
bacteriën,0,0,1,1,0,1,0,1,0,0
bacterie,0,0,1,1,0,1,0,0,0,0
slechte,1,0,1,1,0,1,0,1,0,0
insigne,0,0,0,0,0,0,0,0,0,1
das,1,0,0,0,0,1,0,0,0,0
slecht,0,0,0,0,0,1,0,1,0,0
slechtheid,1,0,1,1,0,1,0,0,0,0
schot,0,0,0,0,0,0,0,0,0,0
tas,0,0,0,0,0,0,0,0,0,0
bagage,0,0,0,0,0,0,0,0,0,0
baggy,0,0,0,0,0,0,0,0,0,0
doedelzak,0,0,0,0,0,0,0,0,0,0
borgtocht,0,0,0,0,0,0,0,0,0,0
deurwaarder,0,0,0,1,0,1,0,0,0,1
aas,0,0,0,1,0,1,0,0,0,1
bakken,0,0,0,0,0,0,0,0,0,0
bakkerij,0,0,0,0,0,0,0,0,0,0
bakken,0,0,0,0,0,0,0,0,0,0
bal,0,0,0,0,0,0,0,0,0,0
evenwicht,0,0,0,0,0,0,1,0,0,0
evenwichtig,0,0,0,0,0,0,1,0,0,0
balkon,0,0,0,0,0,0,0,0,0,0
kaal,0,0,0,0,0,0,0,0,0,0
baal,0,0,0,1,0,1,0,0,0,0
balk,0,0,0,0,0,1,0,0,0,0
bal,0,0,0,0,0,0,0,0,0,0
ballade,0,0,0,0,0,0,1,0,0,0
ballast,0,0,0,0,0,0,0,0,0,0
ballet,0,0,0,0,0,0,1,0,0,0
ballon,0,0,0,0,0,0,0,0,0,0
stembiljet,0,1,0,0,0,0,1,0,0,1
balzaal,0,0,0,0,0,0,0,0,0,0
balsem,0,1,0,0,1,1,1,0,0,0
zwoel,0,0,0,0,0,0,0,0,0,0
balsem,0,0,0,0,0,0,1,0,0,0
balsamico,0,0,0,0,0,0,0,0,0,0
verbieden,0,0,0,0,0,1,0,0,0,0
banaan,0,0,0,0,0,0,0,0,0,0
band,0,0,0,0,0,0,0,0,0,0
verband,0,0,0,0,0,0,0,0,0,0
bandiet,0,0,0,0,0,1,0,0,0,0
bandwagon,0,0,0,0,0,0,0,0,0,0
vloek,1,0,1,1,0,1,0,0,0,0
knal,1,0,1,1,0,1,0,1,1,0
banger,1,1,0,1,0,1,0,0,1,0
verbannen,1,0,1,1,0,1,0,1,0,0
verbannen,1,0,0,1,0,1,0,1,0,0
verbanning,1,0,1,0,0,1,0,1,0,0
banjo,0,0,0,0,0,0,0,0,0,0
bank,0,0,0,0,0,0,0,0,0,1
bankier,0,0,0,0,0,0,0,0,0,1
failliet,0,0,0,1,0,1,0,1,0,0
faillissement,1,0,1,1,0,1,0,1,0,0
banier,0,0,0,0,0,0,0,0,0,0
banket,0,1,0,0,1,0,1,0,0,0
banshee,1,0,1,1,0,1,0,1,0,0
plezier,0,0,0,0,0,0,0,0,0,0
doop,0,0,0,0,0,0,1,0,0,0
doop,0,0,0,0,1,0,1,0,0,0
bar,0,0,0,0,0,0,0,0,0,0
weerhaak,1,0,0,0,0,1,0,0,0,0
barbaar,0,0,0,1,0,1,0,0,0,0
barbaars,1,0,1,1,0,1,0,0,0,0
barbaarsheid,0,0,0,0,0,1,0,0,0,0
barbecue,0,0,0,0,0,0,0,0,0,0
prikkeldraad,0,0,0,0,0,0,0,0,0,0
bard,0,0,0,0,0,0,1,0,0,0
zonder zadel,0,0,0,0,0,0,0,0,0,0
op blote voeten,0,0,0,0,0,0,0,0,0,0
amper,0,0,0,0,0,0,0,0,0,0
barf,0,0,1,0,0,0,0,0,0,0
koopje,0,0,0,0,0,0,1,0,0,1
binnenschip,0,0,0,0,0,0,0,0,0,0
bariton,0,0,0,0,0,0,0,0,0,0
blaffen,1,0,0,0,0,1,0,0,0,0
schuur,0,0,0,0,0,0,0,0,0,0
barney,0,0,0,0,0,0,0,0,0,0
barometer,0,0,0,0,0,0,0,0,0,0
baron,0,0,0,0,0,0,0,0,0,0
barok-,0,0,0,0,0,0,0,0,0,0
barak,0,0,0,0,0,0,0,0,0,0
uitgesloten,0,0,0,0,0,1,0,0,0,0
loop,0,0,0,0,0,0,0,0,0,0
dor,0,0,0,0,0,1,0,1,0,0
barricade,0,0,0,1,0,1,0,0,0,0
barrière,1,0,0,0,0,1,0,0,0,0
uitsluiten,0,0,0,0,0,0,0,0,0,0
advocaat,0,0,0,0,0,0,0,0,0,0
kruiwagen,0,0,1,0,0,0,0,0,0,0
barman,0,0,0,0,0,0,0,0,0,1
ruilhandel,0,0,0,0,0,0,0,0,0,1
baseren,0,0,0,0,0,0,0,0,0,1
basketbal,0,0,0,0,0,0,0,0,0,0
plint,0,0,0,0,0,0,0,0,0,0
ongegrond,0,0,0,0,0,1,0,0,0,0
kelder,0,0,0,0,0,0,0,0,0,0
basiliek,0,0,0,0,0,0,0,0,0,0
bassin,0,0,0,0,0,0,0,0,0,0
basis,0,0,0,0,0,0,0,0,0,0
koesteren,0,0,0,0,0,0,0,0,0,0
mand,0,0,0,0,0,0,0,0,0,0
basketbal,0,1,0,0,1,0,1,0,0,0
bas,0,0,0,0,0,0,0,0,0,0
basso,0,0,0,0,0,0,0,0,0,0
fagot,0,0,0,0,0,0,0,0,0,0
bastaard-,0,0,1,0,0,1,0,1,0,0
bastion,1,0,0,0,0,0,1,0,0,0
knuppel,0,0,0,0,0,0,0,0,0,0
partij,0,0,0,0,0,0,0,0,0,0
batchverwerking,0,0,0,0,0,0,0,0,0,0
bate,0,0,0,0,0,0,0,0,0,0
bad,0,0,0,0,0,0,1,0,0,0
baden,0,0,0,0,0,0,0,0,0,0
badkamer,0,0,0,0,0,0,0,0,0,0
bathymetrie,0,0,0,0,0,0,0,0,0,0
stokje,0,0,0,0,0,0,0,0,0,0
bataljon,1,0,0,0,0,0,0,0,0,0
beslag,1,0,0,1,0,1,0,0,0,0
gehavend,0,0,0,1,0,1,0,1,0,0
accu,1,0,0,0,0,1,0,0,0,0
strijd,1,0,0,0,0,1,0,0,0,0
gevochten,1,0,0,1,0,1,0,1,0,0
slagveld,0,0,0,1,0,1,0,0,0,0
ontuchtig,0,0,0,0,0,1,0,0,0,0
baai,0,0,0,0,0,0,0,0,0,0
bajonet,1,0,0,1,0,1,0,0,0,0
bayou,0,0,0,0,0,0,0,0,0,0
bazaar,0,0,0,0,0,0,0,0,0,0
strand,0,0,0,0,1,0,0,0,0,0
baken,0,0,0,0,0,0,0,0,0,0
kraal,0,0,0,0,0,0,0,0,0,0
kralen,0,0,0,0,0,0,0,0,0,0
kralen,0,0,0,0,0,0,0,0,0,0
brak,0,0,0,0,0,0,0,0,0,0
bek,0,0,0,0,0,0,0,0,0,0
beker,0,0,0,0,0,0,0,0,0,0
straal,0,0,0,0,1,0,1,0,0,0
stralend,0,1,0,0,1,0,1,0,0,0
beer,1,0,0,1,0,0,0,0,0,0
baard,0,0,0,0,0,0,0,0,0,0
bebaarde,0,0,0,0,0,0,0,0,0,0
toonder,0,0,0,0,0,1,0,0,0,0
handelswijze,0,0,0,0,0,0,0,0,0,0
lagers,0,0,0,0,0,0,0,0,0,0
bearish,1,0,0,1,0,0,0,0,0,0
beest,1,0,0,1,0,1,0,0,0,0
beestachtig,0,0,1,1,0,1,0,0,0,0
verslaan,0,0,0,0,0,0,0,0,0,0
slaan,1,0,0,1,0,1,0,1,0,0
mooi,0,0,0,0,0,0,0,0,0,0
verfraaiing,0,0,0,0,1,0,1,0,0,1
mooi,0,0,0,0,1,0,1,0,0,0
verfraaien,0,0,0,0,1,0,1,0,0,0
schoonheid,0,0,0,0,1,0,1,0,0,0
wenk,0,0,0,0,0,0,0,0,0,0
wenken,0,0,0,0,0,0,0,0,0,0
bed,0,0,0,0,0,0,0,0,0,0
beddengoed,0,0,0,0,0,0,0,0,0,0
fundament,0,0,0,0,0,0,1,0,0,1
slaapkamer,0,0,0,0,0,0,0,0,0,0
bedtijd,0,0,0,0,0,0,0,0,0,0
bij,1,0,0,1,0,0,0,0,0,0
rundvlees,0,0,0,0,0,0,0,0,0,0
bijenkorf,0,0,0,0,0,0,0,0,0,0
bier,0,0,0,0,1,0,1,0,0,0
bijenwas,0,0,0,0,0,0,0,0,0,0
kever,0,0,0,0,0,0,0,0,0,0
overkomen,0,0,0,0,0,1,0,0,0,0
passend bij,0,0,0,0,0,0,1,0,0,0
bevriend raken met,0,0,0,0,1,0,1,0,0,1
bedelen,0,0,0,0,0,1,0,1,0,0
bedelaar,0,0,0,0,0,1,0,1,0,0
bedelen,0,0,0,0,0,1,0,0,0,0
beginnen,0,0,0,0,0,0,0,0,0,0
beginner,0,0,0,0,0,0,0,0,0,0
begin,0,0,0,0,0,0,0,0,0,0
begonnen,0,1,0,0,0,0,0,0,0,0
gedrag,0,0,0,0,0,0,0,0,0,0
kolos,0,0,0,1,0,1,0,0,0,0
opdracht,0,0,0,0,0,0,0,0,0,0
ziedaar,0,0,0,0,0,0,0,0,0,0
verplicht,0,0,0,0,0,1,0,0,0,0
aanschouwer,0,0,0,0,0,0,0,0,0,0
laat,0,0,0,0,0,1,0,0,0,0
zekeren,0,0,0,0,0,0,0,0,0,0
geloof,0,0,0,0,0,0,0,0,0,0
geloofde,0,0,0,0,0,0,0,0,0,1
gelovige,0,0,0,0,0,0,0,0,0,1
geloven,0,0,0,0,0,0,1,0,0,1
kleineren,1,0,1,1,0,1,0,1,0,0
klok,0,0,0,0,0,0,0,0,0,0
strijdlustig,1,0,0,1,0,1,0,0,0,0
brullen,0,0,0,0,0,0,0,0,0,0
balg,1,0,0,0,0,0,0,0,0,0
buik,0,0,0,0,0,0,0,0,0,0
bezittingen,0,0,0,0,0,0,0,0,0,0
riem,1,0,0,1,0,1,0,0,0,0
verbijsterd,0,0,0,0,0,0,0,0,0,0
bank,0,0,0,0,0,0,0,0,0,0
kromming,0,0,0,0,0,0,0,0,0,0
bender,0,0,0,0,0,1,0,0,0,0
buigen,0,0,0,0,0,0,0,0,0,0
onder,0,0,0,0,0,0,0,0,0,0
weldoener,0,0,0,0,0,0,1,0,0,1
gunstig,0,0,0,0,0,0,1,0,0,0
begunstigde,0,0,0,0,0,0,0,0,0,0
ten goede komen,0,0,0,0,0,0,1,0,0,0
welwillendheid,0,0,0,0,1,0,1,0,0,1
goedaardig,0,0,0,0,1,0,1,0,0,0
krom,0,0,0,0,0,0,0,0,0,0
benzeen,0,0,0,0,0,0,0,0,0,0
nalaten,0,0,0,0,0,0,0,0,0,0
legaat,0,0,0,0,0,0,0,0,0,1
nabestaanden,0,0,0,0,0,1,0,1,0,0
sterfgeval,0,0,0,0,0,1,0,1,0,0
beroofd,0,0,0,0,0,1,0,0,0,0
bergamot,0,0,0,0,0,0,0,0,0,0
berlijn,0,0,0,0,0,0,0,0,0,0
berserk,1,0,0,0,0,1,0,0,0,0
ligplaats,0,0,0,0,0,0,1,0,0,0
smeken,0,0,0,0,0,0,0,0,0,0
belaagd,0,0,0,0,0,0,0,0,0,0
beestachtig,0,0,1,1,0,1,0,0,0,0
schenken,0,0,0,0,0,0,0,0,0,0
inzet,0,0,0,0,0,0,0,0,0,0
verraden,1,0,1,0,0,1,0,1,1,0
bedrog,1,0,1,0,0,1,0,1,0,0
verloofde,0,1,0,0,1,0,1,0,0,1
verbetering,0,0,0,0,0,0,1,0,0,0
wedden,0,0,0,0,0,0,0,0,0,0
betty,0,0,0,0,0,0,0,0,0,0
schuine kant,0,0,0,0,0,0,0,0,0,0
drank,0,0,0,0,0,0,1,0,0,0
schare,0,0,0,0,0,0,0,0,0,0
pas op,0,1,0,1,0,1,0,0,0,0
verbijsterd,0,0,0,1,0,1,0,0,1,0
verbijstering,0,0,0,1,0,0,0,0,1,0
vooroordeel,1,0,0,0,0,1,0,0,0,0
bevooroordeeld,0,0,0,0,0,1,0,0,0,0
slabbetje,0,0,0,0,0,0,0,0,0,0
bijbels,0,0,0,0,0,0,1,0,0,0
bibliografie,0,0,0,0,0,0,0,0,0,0
gekibbel,1,0,1,0,0,1,0,0,0,0
tweekleurig,0,0,0,0,0,0,0,0,0,0
fiets,0,0,0,0,0,0,0,0,0,0
bod,0,0,0,0,0,0,0,0,0,0
bieder,0,0,0,0,0,0,0,0,0,0
bieden,0,0,0,0,0,0,0,0,0,0
tweejaarlijks,0,1,0,0,0,0,0,0,0,0
lijkbaar,0,0,0,1,0,1,0,1,0,0
bifurcatie,0,0,0,0,0,0,0,0,0,0
groot,0,0,0,0,0,0,0,0,0,0
onverdraagzame,1,0,1,1,0,1,0,0,0,0
onverdraagzaam,1,0,1,1,0,1,0,1,0,0
fiets,0,0,0,0,0,0,0,0,0,0
bilateraal,0,0,0,0,0,0,0,0,0,0
dubbellaags,0,0,0,0,0,0,0,0,0,0
gal,1,0,1,0,0,1,0,0,0,0
bilge,0,0,0,0,0,0,0,0,0,0
tweetalig,0,0,0,0,0,0,1,0,0,0
rekening,0,0,0,0,0,0,0,0,0,0
knuppel,0,0,0,0,0,0,0,0,0,0
biljart,0,0,0,0,0,0,0,0,0,0
miljard,0,0,0,0,0,0,0,0,0,0
Billy,0,0,0,0,0,0,0,0,0,0
tweemaandelijks,0,0,0,0,0,0,0,0,0,0
bin,0,0,0,0,0,0,0,0,0,0
binair,0,0,0,0,0,0,0,0,0,0
binden,0,0,0,0,0,0,0,0,0,0
binderij,0,0,0,0,0,0,0,0,0,0
verbindend,0,0,0,0,0,0,0,0,0,0
bing,0,0,0,0,0,0,0,0,0,0
verrekijker,0,0,0,0,0,0,0,0,0,0
verrekijker,0,0,0,0,0,0,0,0,0,0
binomiaal,0,0,0,0,0,0,0,0,0,0
biogenese,0,0,0,0,0,0,0,0,0,0
biograaf,0,0,0,0,0,0,0,0,0,0
biografie,0,0,0,0,0,0,0,0,0,0
biologie,0,0,0,0,0,0,0,0,0,0
biopsie,0,0,0,1,0,1,0,0,0,0
biosfeer,0,0,0,0,0,0,0,0,0,0
bipartiete,0,0,0,0,0,0,0,0,0,0
berk,1,0,1,1,0,1,0,0,0,0
vogel,0,0,0,0,0,0,0,0,0,0
geboorte,0,1,0,1,1,0,1,0,0,1
verjaardag,0,1,0,0,1,0,1,0,1,0
geboorteplaats,1,0,0,0,0,1,0,0,0,0
geboorterecht,0,0,0,0,0,0,0,0,0,0
bis,0,0,0,0,0,0,0,0,0,0
bisschop,0,0,0,0,0,0,0,0,0,0
bizon,0,0,0,0,0,0,0,0,0,0
beetje,0,0,0,0,0,0,0,0,0,0
teef,1,0,1,1,0,1,0,1,0,0
beet,0,0,0,0,0,1,0,0,0,0
bitter,1,0,1,0,0,1,0,1,0,0
bitterheid,1,0,1,0,0,1,0,1,0,0
bitumen,0,0,0,0,0,0,0,0,0,0
tweewekelijks,0,0,0,0,0,0,0,0,0,0
bizar,0,0,0,0,0,1,0,0,1,0
braambes,0,0,0,0,0,0,0,0,0,0
schoolbord,0,0,0,0,0,0,0,0,0,0
blackjack,0,0,0,0,0,1,0,0,0,0
chantage,1,0,0,1,0,1,0,0,0,0
zwartheid,0,0,0,1,0,1,0,1,0,0
smid,0,0,0,0,0,0,0,0,0,0
blaas,0,0,0,0,0,0,0,0,0,0
blad,0,0,0,0,0,0,0,0,0,0
schuld geven,1,0,1,0,0,1,0,0,0,0
onberispelijk,0,0,0,0,0,0,1,0,0,0
flauw,0,0,0,0,0,1,0,0,0,0
blanco,0,0,0,0,0,0,0,0,0,0
deken,0,0,0,0,0,0,0,0,0,1
godslasterlijk,1,0,1,0,0,1,0,0,0,0
godslastering,1,0,0,0,0,1,0,0,0,0
ontploffing,1,0,0,1,0,1,0,0,1,0
schaamteloos,1,0,1,0,0,1,0,0,0,0
blather,0,0,0,0,0,1,0,0,0,0
vlam,1,0,0,0,0,1,0,0,0,0
laaiend,0,0,0,0,0,0,0,0,0,0
bleekmiddel,0,0,0,0,0,0,0,0,0,0
kil,0,0,0,0,0,1,0,1,0,0
bloeden,0,0,1,1,0,1,0,1,0,0
smet,1,0,1,1,0,1,0,1,0,0
mengen,0,0,0,0,0,0,0,0,0,0
mengen,0,0,0,0,0,0,0,0,0,0
zegenen,0,1,0,0,1,0,1,0,0,1
gezegend,0,0,0,0,1,0,1,0,0,0
zegening,0,1,0,0,1,0,1,0,0,1
zegeningen,0,1,0,0,1,0,1,0,1,1
vloek,0,0,1,1,0,1,0,1,0,0
verwoest,0,0,1,0,0,1,0,1,0,0
verblind,0,0,0,0,0,1,0,0,0,0
blinddoek,0,1,0,1,0,0,0,0,1,0
geblinddoekt,0,0,0,0,0,0,0,0,0,0
blindelings,0,0,0,0,0,1,0,1,0,0
blindheid,0,0,0,0,0,1,0,1,0,0
knipperen,0,0,0,0,0,0,0,0,0,0
gelukzaligheid,0,0,0,0,1,0,1,0,0,0
gelukzalig,0,0,0,0,1,0,1,0,0,0
blaar,0,0,1,0,0,1,0,0,0,0
blitz,0,0,0,0,0,0,0,0,1,0
sneeuwstorm,0,0,0,0,0,0,0,0,0,0
opgezwollen,0,0,1,0,0,1,0,0,0,0
klodder,0,0,1,1,0,1,0,0,0,0
blok,0,0,0,0,0,0,0,0,0,0
blokkade,1,0,0,1,0,1,0,1,0,0
blond,0,0,0,0,0,0,0,0,0,0
bloed,0,0,0,0,0,0,0,0,0,0
bloedhond,0,0,0,0,0,0,0,0,0,0
bloedeloos,0,0,0,0,0,0,1,0,0,0
bloedvergieten,1,0,1,1,0,1,0,1,1,0
bloeddorstig,1,0,1,1,0,1,0,0,0,0
verdomd,1,0,1,1,0,1,0,1,0,0
bloeien,0,1,0,0,1,0,1,0,0,1
bloesem,0,0,0,0,1,0,1,0,0,0
vlek,0,0,0,0,0,1,0,0,0,0
blouse,0,0,0,0,0,0,0,0,0,0
blazer,0,0,0,0,0,1,0,0,0,0
blazen,0,0,0,0,0,0,0,0,0,0
opgeblazen,0,0,0,0,0,0,0,0,0,0
uitblazen,0,0,0,0,0,1,0,0,0,0
blauw,0,0,0,0,0,0,0,1,0,0
blues,0,0,0,1,0,1,0,1,0,0
bluffen,0,0,0,0,0,1,0,0,0,0
blauwachtig,0,0,0,0,0,0,0,0,0,0
blunder,0,0,1,0,0,1,0,1,0,0
stomp,0,0,0,0,0,0,0,0,0,0
vervagen,0,0,0,0,0,1,0,0,0,0
vervaagd,0,0,0,0,0,1,0,0,0,0
blozen,0,0,0,0,0,1,0,0,0,0
blozen,0,0,0,0,0,0,0,0,0,0
boa,0,0,0,0,0,0,0,0,0,0
zwijn,0,0,0,0,0,0,0,0,0,0
bord,0,1,0,0,0,0,0,0,0,0
kostganger,0,0,0,0,0,0,0,0,0,0
instappen,0,0,0,0,0,0,0,0,0,0
borden,0,0,0,0,0,0,0,0,0,0
opscheppen,0,0,0,0,0,1,1,0,0,0
opscheppen,0,0,0,0,0,1,0,0,0,0
boot,0,0,0,0,0,0,0,0,0,0
varen,0,0,0,0,0,0,0,0,0,0
spoel,0,0,0,0,0,0,0,0,0,0
voorspel,0,0,0,0,0,0,0,0,0,0
lijfje,0,0,0,0,0,0,0,0,0,0
lichamelijk,0,0,0,0,0,0,0,0,0,0
lichaam,0,0,0,0,0,0,0,0,0,0
lijfwacht,0,0,0,0,0,0,1,0,0,1
moeras,0,0,0,0,0,1,0,0,0,0
nep,1,0,1,0,0,1,0,0,0,0
B' olie,0,0,1,0,0,1,0,0,0,0
boiler,0,0,0,0,0,0,0,0,0,0
standaardtekst,0,0,0,0,0,1,0,0,0,0
kokend,0,0,0,0,0,0,0,0,0,0
onstuimig,1,1,0,0,1,1,1,0,0,0
vetgedrukt,0,0,0,0,0,0,1,0,0,0
vrijmoedigheid,0,0,0,0,0,0,1,0,0,0
versterken,0,0,0,0,0,0,1,0,0,0
bout,0,0,0,0,0,0,0,0,0,0
bolus,0,0,0,0,0,0,0,0,0,0
bom,1,0,0,1,0,1,0,1,1,0
bombarderen,1,0,0,1,0,1,0,0,0,0
bombardement,1,0,0,1,0,1,0,0,0,0
gebombardeerd,0,0,1,0,0,1,0,0,0,0
bommenwerper,0,0,0,1,0,0,0,1,0,0
bonanza,0,0,0,0,1,0,1,0,0,0
verbintenis,0,0,0,0,0,0,0,0,0,0
slavernij,0,0,0,1,0,1,0,1,0,0
obligaties,0,0,0,0,0,1,0,0,0,0
bot,0,0,0,0,0,0,0,0,0,0
stijve,0,0,0,0,0,0,0,0,0,0
botten,0,0,0,0,0,0,0,0,0,0
vreugdevuur,0,0,0,0,0,0,0,0,0,0
bonne,0,0,0,0,0,0,1,0,0,0
kap,0,0,0,0,0,0,0,0,0,0
bonus,0,1,0,0,1,0,1,0,1,0
benig,0,0,0,0,0,0,0,0,0,0
boe,0,0,0,0,0,1,0,0,0,0
borsten,0,0,0,0,0,0,0,0,0,0
domoor,0,0,0,0,0,1,0,0,0,0
boek,0,0,0,0,0,0,0,0,0,0
boekenkast,0,0,0,0,0,0,0,0,0,0
boeken,0,0,0,0,0,0,0,0,0,0
boekenwijs,0,0,0,0,0,0,1,0,0,0
boekhouder,0,0,0,0,0,0,0,0,0,0
boekhouding,0,0,0,0,0,0,0,0,0,0
boekje,0,0,0,0,0,0,0,0,0,0
boeken,0,0,0,0,0,0,0,0,0,0
boekhandelaar,0,0,0,0,0,0,0,0,0,0
boekhandel,0,0,0,0,0,0,1,0,0,0
boekhandel,0,0,0,0,0,0,0,0,0,0
boekenwurm,0,0,0,0,0,1,1,0,0,0
boemerang,0,1,0,0,0,0,0,0,0,1
booming,0,0,0,0,0,0,0,0,0,0
zegen,0,0,0,0,0,0,1,0,0,0
boost,0,0,0,0,0,0,0,0,0,0
booster,0,0,0,0,0,0,0,0,0,0
laars,0,0,0,0,0,0,0,0,0,0
kraampje,0,0,0,0,0,0,0,0,0,0
laarzen,0,0,0,0,0,0,0,0,0,0
buit,0,0,0,0,0,0,0,0,0,0
drank,0,0,0,0,0,1,0,0,0,0
grens,0,0,0,0,0,0,0,0,0,0
grenzend aan,0,0,0,0,0,0,0,0,0,0
vervelen,0,0,0,0,0,1,0,0,0,0
boreaal,0,0,0,0,0,0,0,0,0,0
verveling,0,0,0,0,0,1,0,1,0,0
boorder,0,0,0,0,0,0,0,0,0,0
saai,0,0,0,0,0,1,0,0,0,0
stadsdeel,0,0,0,0,0,0,0,0,0,0
lenen,0,0,0,0,0,0,0,0,0,0
lener,0,0,0,0,0,1,0,0,0,0
boezem,0,0,0,0,0,0,0,0,0,0
baas,0,0,0,0,0,0,0,0,0,0
Boston,0,0,0,0,0,0,0,0,0,0
botanisch,0,0,0,0,0,0,0,0,0,0
botanicus,0,0,0,0,0,0,0,0,0,0
plantkunde,0,0,0,0,0,0,0,0,0,0
storen,0,0,0,0,0,1,0,0,0,0
lastig vallen,1,0,0,0,0,1,0,1,0,0
fles,0,0,0,0,0,0,0,0,0,0
onderkant,0,0,0,0,0,1,0,1,0,0
bodemloos,0,0,0,1,0,0,0,0,0,0
kei,0,0,0,0,0,0,0,0,0,0
stuiteren,0,0,0,0,0,0,0,0,0,0
gebonden,0,0,0,0,0,1,0,0,0,0
grens,0,0,0,0,0,0,0,0,0,0
grenzeloos,0,0,0,0,0,0,0,0,0,0
grenzen,0,0,0,0,0,0,0,0,0,0
overvloedig,0,1,0,0,1,0,1,0,0,0
premie,0,1,0,0,1,0,1,0,0,1
boeket,0,0,0,0,1,0,1,0,0,1
burgerlijk,0,0,0,0,0,0,0,0,0,0
bourgeoisie,0,0,0,0,0,0,0,0,0,0
beurs,0,0,0,0,0,0,0,0,0,0
wedstrijd,1,0,0,0,0,1,0,0,0,0
runderen,0,0,1,0,0,1,0,0,0,0
boog,0,0,0,0,0,0,0,0,0,0
darmen,0,0,1,0,0,0,0,0,0,0
schaal,0,0,0,0,0,0,0,0,0,0
kommen,0,0,0,0,0,0,0,0,0,0
doos,0,0,0,0,0,0,0,0,0,0
bokser,0,0,0,0,0,0,0,0,0,0
boksen,1,0,0,0,0,0,0,0,0,0
boycot,0,0,0,0,0,1,0,0,0,0
jeugd,0,0,0,0,0,0,0,0,0,0
jongensachtig,0,0,0,0,0,0,0,0,0,0
beugel,0,0,0,0,0,0,0,0,0,0
armband,0,0,0,0,0,0,0,0,0,0
een beugel,0,0,0,0,0,0,0,0,0,0
brachiaal,0,0,0,0,0,0,0,0,0,0
haakje,0,0,0,0,0,0,0,0,0,0
haakjes,0,0,0,0,0,0,0,0,0,0
brak,0,0,0,0,0,0,0,0,0,0
brad,0,0,0,0,0,0,0,0,0,0
opscheppen,0,0,0,0,0,1,0,0,0,0
vlecht,0,0,0,0,0,0,0,0,0,0
brein,0,0,0,0,0,0,0,0,0,0
hersens,0,0,0,0,0,0,1,0,0,0
brainstorm,0,0,0,0,0,0,0,0,0,0
rem,0,0,0,0,0,0,0,0,0,0
zemelen,0,0,1,0,0,0,0,0,0,0
tak,0,0,0,0,0,0,0,0,0,0
vertakking,0,0,0,0,0,0,0,0,0,0
brandewijn,0,0,0,0,0,1,0,0,0,0
messing,0,0,0,0,0,0,0,0,0,0
snotaap,0,0,0,0,0,0,0,0,0,0
bravoure,0,0,0,0,0,1,0,0,0,0
moed,0,0,0,0,0,0,1,0,0,0
vechtpartij,1,0,1,1,0,1,0,0,0,0
brutaal,1,0,0,0,0,1,0,0,0,0
inbreuk,0,0,0,0,0,1,0,0,0,0
brood,0,0,0,0,0,0,0,0,0,0
breedte,0,0,0,0,0,0,0,0,0,0
pauze,0,0,0,0,0,0,0,0,1,0
breekbaar,0,0,0,0,0,0,0,0,0,0
afbreken,0,0,0,0,0,1,0,0,0,0
breker,0,0,0,0,0,0,0,0,0,0
brekers,0,0,0,0,0,0,0,0,0,0
ontbijt,0,0,0,0,0,0,1,0,0,0
halsbrekend,0,0,0,0,0,1,0,0,0,0
Uitmaken,0,0,0,0,0,1,0,1,0,0
adem,0,0,0,0,0,0,0,0,0,0
stuitligging,0,0,0,0,0,0,0,0,0,0
rijbroek,0,0,0,0,0,0,0,0,0,0
ras,0,0,0,0,0,0,0,0,0,0
fokker,0,0,0,0,0,0,0,0,0,0
fokken,0,0,0,0,0,0,0,0,0,0
briesje,0,0,0,0,0,0,0,0,0,0
winderig,0,0,0,0,0,0,0,0,0,0
broeders,0,0,0,0,0,0,0,0,0,0
breve,0,0,0,0,0,0,0,0,0,0
beknoptheid,0,0,0,0,0,0,0,0,0,0
brouwen,0,0,0,0,0,0,0,0,0,0
brouwen,0,0,0,0,0,0,0,0,0,0
omkoping,0,0,0,0,0,1,0,0,0,0
omkoping,0,0,1,0,0,1,0,0,0,0
steen,0,0,0,0,0,0,0,0,0,0
bruids,0,1,0,0,1,0,1,0,0,1
bruid,0,1,0,0,1,0,1,0,0,1
bruidegom,0,1,0,0,1,0,1,0,0,1
bruidsmeisje,0,0,0,0,1,0,1,0,0,1
brug,0,0,0,0,0,0,0,0,0,0
teugel,0,0,0,0,0,0,0,0,0,0
kort,0,0,0,0,0,0,0,0,0,0
brik,0,0,0,0,0,0,0,0,0,0
brigade,0,0,0,1,0,1,0,0,0,0
opfleuren,0,0,0,0,1,0,1,0,1,1
helderheid,0,0,0,0,0,0,1,0,0,0
briljant,0,1,0,0,1,0,1,0,0,1
rand,0,0,0,0,0,0,0,0,0,0
boordevol,0,0,0,0,0,0,0,0,0,0
zwavel,1,0,0,1,0,1,0,0,0,0
pekel,0,0,0,0,0,0,0,0,0,0
brengen,0,0,0,0,0,0,0,0,0,0
rand,0,0,0,0,0,0,0,0,0,0
levendig,0,0,0,0,0,0,0,0,0,0
borstelhaar,0,0,0,0,0,1,0,0,0,0
bros,0,0,0,0,0,0,0,0,0,0
uitzending,0,0,0,0,0,0,0,0,0,0
volle breedte,0,1,0,0,0,1,0,0,0,0
brokaat,0,0,0,0,0,0,1,0,0,0
brochure,0,0,0,0,0,0,0,0,0,0
braden,1,0,0,0,0,1,0,0,0,0
kapot gegaan,0,0,0,1,0,1,0,1,0,0
gebroken,1,0,0,1,0,1,0,1,0,0
makelaar,0,0,0,0,0,0,0,0,0,0
makelaardij,0,0,0,0,0,0,0,0,0,0
bronco,0,0,0,0,0,0,0,0,0,0
bronzen,0,0,0,0,0,0,0,0,0,0
broeden,0,0,0,0,0,0,0,0,0,0
piekeren,0,0,0,0,0,0,0,0,0,0
beek,0,0,0,0,0,0,0,0,0,0
bezem,0,0,0,0,0,0,0,0,0,0
bouillon,0,0,0,0,0,0,0,0,0,0
bordeel,0,0,1,0,0,1,0,0,0,0
broer,0,0,0,0,0,0,1,0,0,1
broederschap,0,0,0,0,0,0,1,0,0,1
broederlijk,0,1,0,0,1,0,1,0,0,1
voorhoofd,0,0,0,0,0,0,0,0,0,0
bruin,0,0,0,0,0,0,0,0,0,0
blauwe plek,0,1,0,0,0,1,0,0,0,0
brunette,0,0,0,0,0,0,0,0,0,0
zwaarmoedig,1,0,0,0,0,1,0,0,0,0
borstel,0,0,0,0,0,0,0,0,0,0
brutaal,1,0,0,1,0,1,0,0,0,0
brutaliteit,1,0,0,1,0,1,0,0,0,0
bruut,1,0,0,1,0,1,0,1,0,0
bubbel,0,0,0,0,0,0,0,0,0,0
borrelen,0,0,0,0,0,0,0,0,0,0
bok,0,0,0,1,0,1,1,0,1,0
emmer,0,0,0,0,0,0,0,0,0,0
gesp,0,0,0,0,0,0,0,0,0,0
verbogen,0,0,0,0,0,0,0,0,0,0
knop,0,0,0,0,0,0,0,0,0,0
vriend,0,1,0,0,1,0,1,0,0,1
toegeven,0,0,0,0,0,0,0,0,0,0
begroting,0,0,0,0,0,0,0,0,0,1
buffel,0,0,0,0,0,0,0,0,0,0
buffer,0,0,0,0,0,0,0,0,0,0
buffet,1,0,0,0,0,1,0,0,0,0
beestje,0,0,1,1,0,1,0,0,0,0
bugaboo,1,0,0,1,0,1,0,1,0,0
buggy,0,0,0,0,0,0,0,0,0,0
bugel,0,1,0,0,0,0,0,0,0,0
bouwen,0,0,0,0,0,0,1,0,0,0
bouwer,0,0,0,0,0,0,0,0,0,0
gebouw,0,0,0,0,0,0,1,0,0,0
gebouwen,0,0,0,0,0,0,0,0,0,0
lamp,0,0,0,0,0,0,0,0,0,0
bolvormig,0,0,0,0,0,1,0,0,0,0
uitstulping,0,0,0,0,0,0,0,0,0,0
massaal,0,0,0,0,0,0,0,0,0,0
schot,0,0,0,0,0,0,0,0,0,0
omvangrijk,0,0,0,0,0,0,0,0,0,0
stier,0,0,0,0,0,0,0,0,0,0
buldog,0,0,0,0,0,0,1,0,0,0
bulldozer,0,0,0,0,0,0,0,0,0,0
kogel,0,0,0,0,0,0,0,0,0,0
bulletin,0,0,0,0,0,0,0,0,0,0
kogelvrij,0,0,0,0,0,0,1,0,0,0
os,0,0,0,0,0,0,0,0,0,0
pestkop,1,0,0,1,0,1,0,0,0,0
bolwerk,0,0,0,0,0,0,0,0,0,0
zitvlak,0,0,1,0,0,1,0,1,0,0
jammer,1,0,1,0,0,1,0,0,0,0
buil,0,0,0,0,0,0,0,0,0,0
broodje,0,0,0,0,0,0,0,0,0,0
veel,0,0,0,0,0,0,0,0,0,0
bundel,0,0,0,0,0,0,0,0,0,0
bungalow,0,0,0,0,0,0,0,0,0,0
stapelbed,0,0,0,0,0,0,0,0,0,0
bunker,0,0,0,1,0,0,0,0,0,0
stootslag,0,0,0,0,0,0,0,0,0,0
boei,0,0,0,0,0,0,1,0,0,0
drijfvermogen,0,0,0,0,0,0,0,0,0,0
buro,0,0,0,0,0,0,0,0,0,0
last,0,0,0,0,0,0,0,0,0,0
belastend,0,0,0,1,0,1,0,1,0,0
bureau,0,0,0,0,0,0,0,0,0,0
bureaucratie,0,0,0,0,0,1,0,0,0,1
bureaucraat,0,0,1,0,0,1,0,0,0,0
inbreker,0,0,1,1,0,1,0,0,0,0
inbraak,0,0,0,0,0,1,0,0,0,0
begrafenis,1,0,0,1,0,1,0,1,0,0
begraven,0,0,0,1,0,1,0,1,0,0
burke,1,0,1,1,0,1,0,1,0,0
jute,0,0,0,0,0,0,0,0,0,0
burlesque,0,0,0,0,0,0,0,0,1,0
stevig,0,0,0,0,0,0,0,0,0,0
brandwond,0,0,0,0,0,0,0,0,0,0
brander,0,0,0,0,0,0,0,0,0,0
brandend,0,0,0,0,0,0,0,0,0,0
gepolijst,0,0,0,0,0,0,0,0,0,0
burn-out,0,0,0,0,0,0,0,0,0,0
verbrand,0,0,1,0,0,1,0,0,0,0
braam,0,0,0,0,0,0,0,0,0,0
hol,0,0,0,0,0,0,0,0,0,0
beurs,0,0,0,0,0,0,0,0,0,1
begraven,0,0,0,0,0,0,0,1,0,0
bus,0,0,0,0,0,0,0,0,0,0
struik,0,0,0,0,0,0,0,0,0,0
schepel,0,0,0,0,0,0,0,0,0,0
bossig,0,0,0,0,0,0,0,0,0,0
bedrijf,0,0,0,0,0,0,0,0,0,0
buss,0,0,0,0,1,0,1,0,0,0
borstbeeld,0,0,0,0,0,0,0,0,0,0
betrapt,1,0,0,1,0,1,0,0,0,0
drukte,0,0,0,0,0,0,0,0,0,0
bruisend,0,0,0,0,0,0,0,0,0,0
druk,0,0,0,0,0,0,0,0,0,0
butaan,0,0,0,0,0,0,0,0,0,0
slager,1,0,1,1,0,1,0,0,0,0
butler,0,0,0,0,0,0,1,0,0,1
kont,0,0,0,0,0,1,0,0,0,0
boter,0,0,0,0,0,0,0,0,0,0
vlinder,0,0,0,0,0,0,0,0,0,0
boterachtig,0,0,0,0,0,0,1,0,0,0
bil,0,0,0,0,0,0,0,0,0,0
knop,0,0,0,0,0,0,0,0,0,0
steunpilaar,0,0,0,0,0,0,0,0,0,0
rondborstig,0,0,0,0,0,0,1,0,0,0
kopen,0,0,0,0,0,0,0,0,0,0
koper,0,0,0,0,0,0,0,0,0,0
kopen,0,0,0,0,0,0,0,0,0,0
ophef,0,1,0,1,0,0,1,0,0,0
zoemde,0,0,0,0,0,1,0,0,0,0
zoemer,0,0,0,0,0,0,0,0,0,0
doei,0,1,0,0,0,0,0,0,0,0
vervlogen,0,0,0,0,0,0,0,0,0,0
statuten,0,0,0,0,0,0,0,0,0,1
omstander,0,0,0,0,0,0,0,0,0,0
byte,0,0,0,0,0,0,0,0,0,0
taxi,0,0,0,0,0,0,1,0,0,0
kliek,0,0,0,1,0,1,0,0,0,0
kool,0,0,0,0,0,0,0,0,0,0
cabine,0,0,0,0,0,0,0,0,0,0
kastje,0,0,0,0,0,0,1,0,0,1
kabel,0,0,0,0,0,0,0,0,1,0
cabriolet,0,0,0,0,0,0,0,0,0,0
cache,0,0,0,0,0,0,0,0,0,0
kakofonie,1,0,1,0,0,1,0,0,0,0
cad,1,0,1,0,0,1,0,0,0,0
kadaver,0,0,1,1,0,1,0,1,1,0
caddie,0,0,0,0,0,0,0,0,0,0
cadans,0,0,0,0,0,0,0,0,0,0
cadet,0,0,0,0,0,0,0,0,0,0
cafe,0,0,0,0,0,0,1,0,0,0
kooi,0,0,0,0,0,1,0,1,0,0
steenhoop,0,0,0,0,0,0,0,0,0,0
taart,0,0,0,0,0,0,0,0,0,0
rampspoed,0,0,0,0,0,0,0,1,0,0
kalkhoudend,0,0,0,0,0,0,0,0,0,0
berekenen,0,0,0,0,0,0,0,0,0,0
berekend,0,0,0,0,0,0,0,0,0,0
rekenen,0,0,0,0,0,1,0,0,0,0
berekening,0,1,0,0,0,0,0,0,0,0
rekenmachine,0,0,0,0,0,0,1,0,0,1
calculus,0,0,0,0,0,0,0,0,0,0
kalender,0,0,0,0,0,0,0,0,0,0
kalender,0,0,0,0,0,0,0,0,0,0
kalf,0,0,0,0,1,0,1,0,0,1
kaliber,0,0,0,0,0,0,0,0,0,0
ijken,0,0,0,0,0,0,0,0,0,0
calico,0,0,0,0,0,0,0,0,0,0
remklauwen,0,0,0,0,0,0,0,0,0,0
telefoongesprek,0,0,0,0,0,0,0,0,0,0
kalligrafie,0,0,0,0,0,0,0,0,0,0
roeping,0,0,0,0,0,0,0,0,0,0
gevoelloos,1,0,1,0,0,1,0,0,0,0
belt,0,1,0,0,0,1,0,0,0,1
kalm,0,0,0,0,0,0,1,0,0,0
rust,0,0,0,0,0,0,0,0,0,0
calorie,0,0,0,0,0,0,0,0,0,0
calorie,0,0,0,0,0,0,0,0,0,0
calorimeter,0,0,0,0,0,0,0,0,0,0
cam,0,0,0,0,0,0,0,0,0,0
camber,0,0,0,0,0,0,0,0,0,0
kameel,0,0,0,0,0,0,0,0,0,0
cameo,0,0,0,0,0,0,0,0,0,0
cameraman,0,0,0,0,0,0,0,0,0,0
hemdje,0,0,0,0,0,0,0,0,0,0
camouflage,0,0,0,0,0,0,0,0,1,0
gecamoufleerd,0,0,0,0,0,0,0,0,1,0
kamp,0,0,0,0,0,0,0,0,0,0
campagne,0,0,0,0,0,0,0,0,0,0
campagnevoerder,0,0,0,0,0,0,0,0,0,0
campagne voeren,1,0,0,1,0,1,0,0,0,0
campus,0,0,0,0,0,0,0,0,0,0
kanaal,0,0,0,0,0,0,0,0,0,0
kanarie,0,0,0,0,0,0,1,0,0,0
annuleren,0,0,0,0,0,1,0,1,0,0
annuleren,0,0,0,0,0,0,0,0,0,0
annulering,0,0,0,0,0,0,0,0,0,0
kanker,1,0,1,1,0,1,0,1,0,0
helder,0,1,0,0,1,0,1,0,1,1
kandidatuur,0,0,0,0,0,0,0,0,0,0
kandidaat,0,0,0,0,0,0,1,0,0,0
gekonfijte,0,0,0,0,0,0,1,0,0,0
kaars,0,0,0,0,0,0,0,0,0,0
kaarslicht,0,0,0,0,0,0,0,0,0,0
kandelaar,0,0,0,0,0,0,0,0,0,0
openhartigheid,0,0,0,0,0,0,0,0,0,0
snoep,0,0,0,0,0,0,0,0,0,0
riet,1,0,0,1,0,0,0,0,0,0
hoektand,0,0,0,0,0,0,0,0,0,0
busje,0,0,0,0,0,0,0,0,0,0
kanker,1,0,1,0,0,1,0,0,0,0
kannibaal,0,0,1,1,0,1,0,0,0,0
kannibalisme,0,0,1,0,0,1,0,0,0,0
inblikken,0,0,0,0,0,0,0,0,0,0
kanon,1,0,0,1,0,1,0,0,0,0
kano,0,0,0,0,0,0,0,0,0,0
canon,0,0,0,0,0,0,0,0,0,0
canoniek,0,0,0,0,0,0,0,0,0,0
kanunniken,0,0,0,0,0,0,0,0,0,1
overkapping,0,0,0,0,0,0,0,0,0,0
kantine,0,0,0,0,0,0,0,0,0,0
Canterbury,0,0,0,0,0,0,0,0,0,0
cantilever,0,0,0,0,0,0,0,0,0,0
canto,0,0,0,0,0,0,0,0,0,0
kanton,0,0,0,0,0,0,0,0,0,0
canvas,0,0,0,0,0,0,0,0,0,0
werven,0,0,0,0,0,0,0,0,0,0
pet,0,1,0,0,0,0,0,0,0,1
vermogen,0,0,0,0,0,0,0,0,0,0
geschikt,0,0,0,0,0,0,0,0,0,0
capaciteit,0,0,0,0,0,0,0,0,0,0
kaap,0,0,0,0,0,0,0,0,0,0
kappertje,0,0,0,0,0,0,0,0,0,0
capillair,0,0,0,0,0,0,0,0,0,0
hoofdstad,0,0,0,0,0,0,0,0,0,0
kapitalistisch,0,0,0,0,0,0,1,0,0,0
hoofdletters,0,0,0,0,0,0,0,0,0,0
hoofdletter,0,0,0,0,0,0,0,0,0,0
Capitol,0,0,0,0,0,0,0,0,0,0
capitulatie,0,0,0,0,0,0,0,0,0,0
gril,0,0,0,0,0,0,0,0,0,0
grillig,0,0,0,0,0,0,0,0,0,0
hoofdletters,0,0,0,0,0,0,0,0,0,0
capsule,0,0,0,0,0,0,0,0,0,0
gezagvoerder,0,0,0,0,0,0,1,0,0,0
onderschrift,0,0,0,0,0,0,0,0,0,0
boeien,0,1,0,0,1,0,1,0,1,1
boeiend,0,0,0,0,0,0,1,0,0,0
gevangen,0,0,0,1,0,1,0,1,0,0
gevangenschap,0,0,0,0,0,1,0,1,0,0
ontvoerder,0,0,0,1,0,1,0,0,0,0
vastleggen,0,0,0,0,0,1,0,0,0,0
auto,0,0,0,0,0,0,0,0,0,0
karamel,0,0,0,0,0,0,0,0,0,0
karaat,0,0,0,0,0,0,0,0,0,0
caravan,0,0,0,0,0,0,0,0,0,0
koolstof,0,0,0,0,0,0,0,0,0,0
karkas,0,0,1,1,0,1,0,1,0,0
carcinoom,0,0,0,1,0,1,0,1,0,0
kaart,0,0,0,0,0,0,0,0,0,0
vest,0,0,0,0,0,0,0,0,0,0
kardinaal,0,0,0,0,0,0,0,0,0,0
cardiomyopathie,0,0,0,1,0,1,0,1,0,0
kaarten,0,0,0,0,0,0,0,0,0,0
zorg,0,0,0,0,0,0,0,0,0,0
carrière,0,1,0,0,0,0,1,0,0,0
voorzichtig,0,0,0,0,0,0,1,0,0,0
voorzichtig,0,0,0,0,0,0,1,0,0,0
onzorgvuldigheid,1,0,1,0,0,1,0,0,0,0
strelen,0,0,0,0,0,0,1,0,0,0
caret,0,0,0,0,0,0,0,0,0,0
conciërge,0,0,0,0,0,0,1,0,0,1
lading,0,0,0,0,0,0,0,0,0,0
kariboe,0,0,0,0,0,0,0,0,0,0
karikatuur,0,0,0,0,0,1,0,0,0,0
cariës,0,0,1,0,0,1,0,0,0,0
bloedbad,1,0,1,1,0,1,0,1,1,0
vleselijk,0,0,0,0,0,1,0,0,0,0
anjer,0,0,0,0,0,0,0,0,0,0
vleesetend,0,0,0,1,0,1,0,0,0,0
Carol,0,0,0,0,1,0,1,0,0,1
carrousel,0,0,0,0,0,0,0,0,0,0
timmerman,0,0,0,0,0,0,0,0,0,0
koets,0,0,0,0,0,0,0,0,0,0
gedragen,0,0,0,0,0,0,0,0,0,0
vervoerder,0,0,0,0,0,0,0,0,0,0
dragen,0,0,0,0,0,0,0,0,0,0
dragen,0,0,0,0,0,0,0,0,0,0
winkelwagentje,0,0,0,0,0,0,0,0,0,0
kartel,0,0,0,0,0,1,0,0,0,0
voerman,0,0,0,0,0,0,0,0,0,0
kraakbeen,0,0,0,0,0,0,0,0,0,0
cartografisch,0,0,0,0,0,0,0,0,0,0
cartografie,0,0,0,0,0,0,0,0,0,0
tekenfilm,0,0,0,0,0,0,0,0,0,0
cartouche,0,0,0,0,0,0,0,0,0,0
patroon,0,0,0,1,0,0,0,0,0,0
uitsnijden,0,0,0,0,0,0,0,0,0,0
beeldhouwer,0,0,0,0,0,0,0,0,0,0
snijwerk,0,0,0,0,0,0,0,0,0,0
cascade,0,0,0,0,0,0,1,0,0,0
geval,0,0,0,1,0,1,0,1,0,0
caseïne,0,0,0,0,0,0,0,0,0,0
contant geld,1,1,0,1,1,0,1,0,0,1
Kassa,0,0,0,0,0,0,0,0,0,1
kasjmier,0,0,0,0,0,0,0,0,0,0
behuizing,0,0,0,0,0,0,0,0,0,0
casino,0,0,0,0,0,0,0,0,0,0
vat,0,0,0,0,0,0,0,0,0,0
kist,0,0,0,1,0,1,0,1,0,0
vorm,0,0,0,0,0,0,0,0,0,0
kaste,0,0,0,0,0,1,0,0,0,0
caster,0,0,0,0,0,0,0,0,0,0
kasteel,0,0,0,0,0,0,0,0,0,0
castor,0,0,0,0,0,0,0,0,0,0
gewoontjes,0,0,0,0,0,0,0,0,0,0
terloops,0,0,0,0,0,0,0,0,0,0
slachtoffer,1,0,0,1,0,1,0,1,0,0
kat,0,0,0,0,0,0,0,0,0,0
katabolisme,0,0,0,0,0,0,0,0,0,0
catalogus,0,0,0,0,0,0,0,0,0,0
catalogus,0,0,0,0,0,0,0,0,0,0
katalyse,0,0,0,0,0,0,0,0,0,0
katalytisch,0,0,0,0,0,0,0,0,0,0
catamaran,0,0,0,0,0,0,0,0,0,0
katapult,0,0,0,0,0,0,0,0,0,0
staar,0,1,0,1,0,1,0,1,0,0
catastrofe,1,0,1,1,0,1,0,1,1,0
vangst,0,0,0,0,0,0,0,0,1,0
vangen,0,0,0,0,0,0,0,0,0,0
catechismus,0,0,1,0,0,0,0,0,0,0
categorisch,0,0,0,0,0,0,1,0,0,0
categorie,0,0,0,0,0,0,0,0,0,0
verzorgen,0,0,0,0,0,0,1,0,0,0
cateraar,0,0,0,0,0,0,0,0,0,0
rups,0,0,0,0,0,0,0,0,0,0
catechese,0,0,0,0,0,0,0,0,0,0
louterend,0,0,0,0,0,0,1,0,0,0
kathedraal,0,0,0,0,1,0,1,0,0,1
katheter,0,0,0,0,0,1,0,0,0,0
kattenkruid,0,0,0,0,0,0,0,0,0,0
vee,0,0,0,0,0,0,0,0,0,0
conflictbemiddeling,0,0,0,0,0,0,0,0,0,0
caudaal,0,0,0,0,0,0,0,0,0,0
kalefateren,0,0,0,0,0,0,0,0,0,0
oorzakelijk,0,0,0,0,0,0,0,0,0,0
causaliteit,0,0,0,0,0,0,0,0,0,0
oorzakelijk verband,0,0,0,0,0,0,0,0,0,0
veroorzaakt,0,0,0,0,0,0,0,0,0,0
verhoogde weg,0,0,0,0,0,0,0,0,0,0
voorzichtigheid,1,1,0,1,0,1,0,0,0,0
waarschuwend,0,0,0,1,0,0,0,0,0,0
voorzichtig,0,1,0,1,0,0,1,0,0,1
voorzichtig,0,0,0,1,0,0,1,0,0,0
cavalerie,0,0,0,0,0,0,0,0,0,0
grot,0,0,0,0,0,0,0,0,0,0
caveat,0,0,0,0,0,0,0,0,0,0
grot,0,0,0,0,0,0,0,0,0,0
spelonkachtig,0,0,0,0,0,0,0,0,0,0
holte,0,0,0,0,0,0,0,0,0,0
cayenne,0,0,0,0,0,0,0,0,0,0
ophouden,0,0,0,0,0,0,0,0,0,0
onophoudelijk,0,0,0,0,0,0,0,0,0,0
afstaan,0,0,0,0,0,1,0,0,0,0
plafond,0,0,0,0,0,0,0,0,0,0
feestvierder,0,0,0,0,0,0,0,0,0,0
gevierd,0,1,0,0,1,0,1,0,0,0
vieren,0,1,0,0,1,0,1,0,0,0
viering,0,1,0,0,1,0,1,0,1,1
beroemdheid,1,1,1,0,1,1,1,0,1,1
hemel-,0,1,0,0,1,0,1,0,0,0
celibaat,0,0,0,0,0,0,0,0,0,0
cel,0,0,0,0,0,0,0,0,0,0
kelder,0,0,0,0,0,0,0,0,0,0
mobiel,0,0,0,0,0,0,0,0,0,0
celluloid,0,0,0,0,0,0,0,0,0,0
cement,0,1,0,0,0,0,0,0,0,1
gecementeerd,0,0,0,0,0,0,0,0,0,0
begraafplaats,0,0,0,1,0,1,0,1,0,0
censor,1,0,1,1,0,1,0,0,0,1
afkeuring,0,0,0,0,0,1,0,0,0,0
volkstelling,0,0,0,0,0,0,0,0,0,0
cent,0,0,0,0,0,0,0,0,0,0
honderdjarig bestaan,0,0,0,0,0,0,0,0,0,0
honderdjarig,0,0,0,0,0,0,0,0,0,0
centrum,0,0,0,0,0,0,1,0,0,1
centimeter,0,0,0,0,0,0,0,0,0,0
centraal,0,0,0,0,0,0,0,0,0,0
centraliteit,0,0,0,0,0,0,0,0,0,0
centralisatie,0,0,0,0,0,0,0,0,0,0
centraliseren,0,0,0,0,0,0,0,0,0,0
centraal,0,0,0,0,0,0,0,0,0,0
centrifugaal,0,0,0,0,0,0,0,0,0,0
centrifugeren,0,0,0,0,0,0,0,0,0,0
centurio,0,0,0,0,0,0,1,0,0,0
eeuw,0,0,0,0,0,0,0,0,0,0
keramiek,0,0,0,0,0,0,0,0,0,0
graan,0,0,0,0,0,0,0,0,0,0
granen,0,0,0,0,0,0,0,0,0,0
cerebraal,0,0,0,0,0,0,1,0,0,0
ceremonieel,0,0,0,0,0,0,0,0,0,0
ceremonie,0,0,0,0,1,0,1,0,1,0
zekerheid,0,0,0,0,0,0,1,0,0,0
certificaat,0,0,0,0,0,0,0,0,0,0
certificeren,0,0,0,0,0,0,0,0,0,1
ophouden,0,0,1,0,0,1,0,0,0,0
stopzetting,0,0,0,0,0,1,0,0,0,0
kaf,1,0,0,1,0,1,0,0,0,0
schuren,0,0,0,0,0,1,0,0,0,0
verdriet,0,0,1,0,0,1,0,1,0,0
ketting,0,0,0,0,0,0,0,0,0,0
stoel,0,0,0,0,0,0,0,0,0,0
Voorzitter,0,0,0,0,0,0,1,0,0,1
voorzitter,0,0,0,0,0,0,0,0,0,0
voorzitter,0,0,0,0,0,0,1,0,0,1
ligstoel,0,0,0,0,0,0,0,0,0,0
chalet,0,0,0,0,0,0,0,0,0,0
kelk,0,0,0,0,0,0,0,0,0,0
krijt,0,0,0,0,0,0,0,0,0,0
uitdaging,1,0,0,1,0,1,0,0,0,0
kamer,0,0,0,0,0,0,0,0,0,0
kamers,0,0,0,0,0,0,0,0,0,0
kameleon,0,0,0,0,0,0,0,0,0,0
Champagne,0,0,0,0,0,0,0,0,0,0
kampioen,0,1,0,0,1,0,1,0,0,1
kans,0,0,0,0,0,0,0,0,1,0
kanselier,0,0,0,0,0,0,0,0,0,1
kroonluchter,0,0,0,0,0,0,0,0,0,0
chandler,0,0,0,0,0,0,0,0,0,0
Wijzigen,0,0,0,1,0,0,0,0,0,0
veranderlijk,0,1,0,0,0,0,0,0,1,0
veranderd,0,0,0,0,0,0,0,0,0,0
wisselaar,0,0,0,0,0,0,0,0,0,0
veranderen,0,0,0,0,0,0,0,0,0,0
kanaal,0,0,0,0,0,0,0,0,0,0
zingen,1,1,0,0,1,0,1,0,1,0
chaos,1,0,0,1,0,1,0,1,0,0
chaotisch,1,0,0,0,0,1,0,0,0,0
kerel,0,0,0,0,0,0,0,0,0,0
kapel,0,0,0,0,0,0,0,0,0,0
kapelaan,0,0,0,0,0,0,0,0,0,1
chapman,0,0,0,0,0,0,0,0,0,0
chaps,0,0,0,0,0,0,0,0,0,0
hoofdstuk,0,0,0,0,0,0,0,0,0,0
char,0,0,0,0,0,0,0,0,0,0
karakter,0,0,0,0,0,0,0,0,0,0
karakteristiek,0,0,0,0,0,0,0,0,0,0
karakteriseren,0,0,0,0,0,0,0,0,0,0
poppenkast,0,0,0,0,0,1,0,0,0,0
houtskool,0,0,0,0,0,0,0,0,0,0
aanval,0,0,0,0,0,0,0,0,0,0
belastbaar,0,0,0,1,0,1,0,1,0,0
oplader,0,0,0,0,0,0,1,0,0,0
wagen,0,0,0,0,0,0,0,0,0,0
liefdadigheid,0,1,0,0,1,0,1,0,0,1
liefdadigheid,0,0,0,0,1,0,1,0,0,0
charme,0,0,0,0,0,0,1,0,0,0
gecharmeerd,0,0,0,0,1,1,1,0,0,0
charmeur,0,0,0,0,0,0,0,0,0,0
charmant,0,0,0,0,0,0,1,0,0,0
grafiek,0,0,0,0,0,0,0,0,0,1
Handvest,0,0,0,0,0,0,0,0,0,0
gecharterd,0,0,0,0,0,0,0,0,0,0
achtervolging,0,0,0,0,0,1,0,0,0,0
kloof,0,0,0,1,0,0,0,0,0,0
kastijding,0,0,0,0,0,1,0,0,0,0
kuisheid,0,1,0,0,0,0,1,0,0,1
chatten,0,0,0,0,0,0,0,0,0,0
kasteel,0,0,0,0,0,0,0,0,0,0
kletsen,0,0,0,0,0,0,0,0,0,0
babbelend,0,0,0,0,0,0,1,0,0,0
spraakzaam,0,0,0,0,0,1,0,0,0,0
chauffeur,0,0,0,0,0,0,0,0,0,0
goedkoop,0,0,0,0,0,1,0,0,0,0
bedriegen,1,0,1,0,0,1,0,0,0,0
controleren,0,0,0,0,0,0,0,0,0,0
checker,0,0,0,0,0,0,0,0,0,0
geruit,0,0,0,0,0,0,0,0,0,0
dammen,0,0,0,0,0,0,0,0,0,0
checklist,0,0,0,0,0,0,1,0,0,1
wang,0,0,0,0,0,0,0,0,0,0
wangen,0,0,0,0,0,0,0,0,0,0
goedkoop,0,0,0,0,0,0,0,0,0,0
juichen,0,1,0,0,1,0,1,0,1,1
vrolijk,0,0,0,0,1,0,1,0,1,0
opgewektheid,0,1,0,0,1,0,1,0,0,1
juichen,0,0,0,0,1,0,1,0,0,0
vrolijk,0,1,0,0,1,0,1,0,0,0
cheesecake,0,0,0,0,0,1,0,0,0,0
Jachtluipaard,0,0,0,0,0,0,0,0,0,0
hemd,0,0,0,0,0,0,0,0,0,0
scheikundige,0,0,0,0,0,0,1,0,0,1
chemie,0,0,0,0,0,0,0,0,0,0
controleren,0,0,0,0,0,0,0,0,0,0
koesteren,0,1,0,0,1,0,1,0,1,1
kers-,0,0,0,0,0,0,1,0,0,0
schaken,0,0,0,0,0,0,0,0,0,0
borst,0,0,0,0,0,0,0,0,0,0
kastanje,0,0,0,0,0,0,0,0,0,0
chevron,0,0,0,0,0,0,0,0,0,0
kauwen,0,0,0,0,0,0,0,0,0,0
chique,0,0,0,0,0,0,0,0,0,0
chicane,0,1,0,0,0,1,0,0,1,1
kip,0,0,0,1,0,0,0,0,0,0
opperhoofd,0,0,0,0,0,0,0,0,0,0
hoofdzakelijk,0,0,0,0,0,0,0,0,0,0
hoofdman,0,0,0,0,0,0,1,0,0,0
kind,0,1,0,0,1,0,1,0,0,0
bevalling,0,0,0,0,0,0,0,0,0,0
jeugd,0,0,0,0,1,0,1,0,0,0
kinderachtig,0,0,0,0,0,1,0,0,0,0
chillen,0,0,0,0,0,0,0,0,0,0
koud,0,0,0,0,0,1,0,0,0,0
klokkengelui,0,0,0,0,0,0,0,0,0,0
hersenschim,0,0,0,1,0,0,0,0,1,0
klokkenspel,0,0,0,0,0,0,0,0,0,0
schoorsteen,0,0,0,0,0,0,0,0,0,0
China,0,0,0,0,0,0,0,0,0,0
chine,0,0,0,0,0,0,0,0,0,0
chinook,0,0,0,0,0,0,0,0,0,0
chip,0,0,0,0,0,0,0,0,0,0
chippen,0,0,0,0,0,0,0,0,0,0
tjilpen,0,0,0,0,1,0,1,0,0,0
beitel,0,0,0,0,0,0,1,0,0,0
chit,0,0,0,0,0,0,0,0,0,0
ridderlijkheid,0,0,0,0,0,0,1,0,0,0
chloroform,0,0,0,0,0,1,0,0,0,0
chocola,0,1,0,0,1,0,1,0,0,1
keuze,0,0,0,0,0,0,1,0,0,0
koor,0,0,0,0,1,0,1,0,0,1
verstikken,1,0,0,0,0,1,0,1,0,0
cholera,0,0,1,1,0,1,0,1,0,0
Kiezen,0,0,0,0,0,0,0,0,0,0
kiezen,0,0,0,0,0,0,0,0,0,0
karbonade,0,0,0,0,0,1,0,0,0,0
hakken,0,0,0,0,0,0,0,0,0,0
karbonades,0,0,0,0,0,0,0,0,0,0
koor-,0,0,0,0,1,0,1,0,0,0
akkoorden,0,0,0,0,0,0,0,0,0,0
klus,0,0,0,0,0,1,0,0,0,0
Refrein,0,0,0,0,0,0,1,0,0,0
gekozen,0,0,0,0,0,0,1,0,0,0
chowder,0,0,0,0,0,0,1,0,0,0
doop,0,0,0,0,0,0,0,0,0,0
chromatisch,0,0,0,0,0,0,0,0,0,0
chromatografie,0,0,0,0,0,0,0,0,0,0
chromosoom,0,0,0,0,0,0,0,0,0,0
chronisch,0,0,0,0,0,1,0,1,0,0
kroniek,0,0,0,0,0,0,1,0,0,1
chronograaf,0,0,0,0,0,0,0,0,0,0
chronologisch,0,0,0,0,0,0,0,0,0,0
Chuck,0,0,0,0,0,0,0,0,0,0
grinniken,0,1,0,0,1,0,1,0,1,1
brok,0,0,0,0,0,0,0,0,0,0
dik,0,0,0,0,0,0,0,0,0,0
kerk,0,1,0,0,1,0,1,0,0,1
kerkhof,0,0,0,0,0,0,0,0,0,0
karnen,0,0,0,0,0,0,0,0,0,0
stortkoker,0,0,0,0,0,0,0,0,0,0
chutney,0,0,0,0,0,0,0,0,0,0
doei,0,0,0,0,0,0,0,0,0,0
cider,0,0,0,0,0,0,1,0,0,0
sigaar,0,0,0,0,0,0,0,0,0,0
sigaret,0,0,0,0,0,1,0,0,0,0
makkie,0,0,0,0,0,0,0,0,0,0
sintel,0,0,0,0,0,0,0,0,0,0
bioscoop,0,0,0,0,0,0,0,0,0,0
cameraman,0,0,0,0,0,0,0,0,0,0
cinematografie,0,0,0,0,0,0,0,0,0,0
kaneel,0,0,0,0,0,0,0,0,0,0
cijfer,0,0,0,0,0,0,0,0,0,0
cirkel,0,0,0,0,0,0,0,0,0,0
cirkelen,0,0,0,0,0,0,0,0,0,0
circuit,0,0,0,0,0,0,0,0,0,0
circulaire,0,0,0,0,0,0,0,0,0,0
circuleren,0,0,0,0,0,0,0,0,0,0
circulatie,0,0,0,0,0,0,0,0,0,0
besnijdenis,0,0,0,0,0,0,1,0,0,0
omtrek,0,0,0,0,0,0,0,0,0,0
omtreksrichting,0,0,0,0,0,0,0,0,0,0
omschreven,0,0,0,0,0,0,0,0,0,0
omstandigheid,0,0,0,0,0,0,0,0,0,0
indirect,0,0,0,0,0,0,0,0,0,0
omzeiling,0,0,0,0,0,1,1,0,0,0
circus,0,0,0,0,0,0,0,0,0,0
cirrus,0,0,0,0,0,0,0,0,0,0
stortbak,0,0,0,0,0,0,0,0,0,0
citadel,0,0,0,0,0,0,0,0,0,0
citaat,0,0,0,0,0,0,0,0,0,0
inwoner,0,0,0,0,0,0,1,0,0,0
citrien,0,0,0,0,0,0,0,0,0,0
stad,0,0,0,0,0,0,0,0,0,0
burgerlijk,0,0,0,0,0,0,0,0,0,0
civiel,0,0,0,0,0,0,1,0,0,0
burger,0,0,0,0,0,0,0,0,0,0
beleefdheid,0,0,0,0,0,0,1,0,0,0
beschaving,0,0,0,0,0,0,1,0,0,1
beschaafd,0,0,0,0,1,0,1,0,0,1
gekleed,0,0,0,0,0,0,0,0,0,0
claim,0,0,0,0,0,0,0,0,0,0
eiser,1,0,1,0,0,0,0,0,0,0
helderziende,0,0,0,0,0,0,1,0,0,0
mossel,0,0,0,0,0,0,0,0,0,0
geschreeuw,1,1,1,0,0,1,0,0,1,0
klem,0,0,0,0,0,0,0,0,0,0
clan,0,0,0,0,0,0,0,0,0,1
clandestien,0,0,0,0,0,0,0,0,0,0
klap,0,1,0,0,1,0,1,0,0,1
nader toelichten,0,0,0,0,0,0,1,0,0,0
klarinet,0,0,0,0,0,0,0,0,0,0
klaroen,0,0,0,0,0,0,0,0,0,0
helderheid,0,0,0,0,0,0,0,0,0,0
botsen,1,0,0,0,0,1,0,0,0,0
botsen,1,0,0,1,0,1,0,0,0,0
sluiting,0,0,0,0,0,0,0,0,0,0
klas,0,0,0,0,0,0,0,0,0,0
klassiek,0,0,0,0,0,0,1,0,0,0
klassiek,0,0,0,0,0,0,1,0,0,0
klassiekers,0,0,0,0,1,0,1,0,0,0
classificatie,0,0,0,0,0,0,0,0,0,0
classificeren,0,0,0,0,0,0,1,0,0,0
klasgenoot,0,0,0,0,0,0,0,0,0,0
gekletter,0,0,0,0,0,0,0,0,0,0
clausule,0,0,0,0,0,0,0,0,0,0
clausules,0,0,0,0,0,0,0,0,0,0
klauw,1,0,0,1,0,1,0,0,0,0
klauwen,0,0,0,0,0,0,0,0,0,0
klei,0,0,0,0,0,0,0,0,0,0
schoon,0,0,0,0,1,0,1,0,0,1
schoonmaak,0,0,0,0,0,0,1,0,0,0
reinheid,0,0,0,0,0,0,1,0,0,0
netjes,0,0,0,0,0,0,1,0,0,0
reinigen,0,0,0,0,0,0,1,0,0,0
reiniging,0,0,0,0,0,0,1,0,0,0
opruiming,0,0,0,0,0,0,1,0,0,1
opruimen,0,0,0,0,0,0,0,0,0,0
helderheid,0,0,0,0,0,0,1,0,0,0
decollete,0,0,0,0,0,0,0,0,0,0
splijten,0,0,0,1,0,0,0,0,0,0
sleutel,0,0,0,0,0,0,0,0,0,0
gespleten,0,0,0,0,0,0,0,0,0,0
clementie,0,0,0,0,0,0,0,0,0,0
geestelijkheid,0,0,0,0,0,0,0,0,0,0
geestelijke,0,0,0,0,0,0,0,0,0,0
klerikaal,0,0,0,0,0,0,1,0,0,1
griffier,0,0,0,0,0,0,0,0,0,0
stage,0,0,0,0,0,0,0,0,0,0
slim,0,0,0,0,0,0,1,0,0,0
slimheid,0,0,0,0,0,0,1,0,0,0
Klik,0,0,0,0,0,0,0,0,0,0
cliënt,0,0,0,0,0,0,0,0,0,0
klantenkring,0,0,0,0,0,0,0,0,0,0
klif,0,0,0,1,0,0,0,0,0,0
klimaat,0,0,0,0,0,0,0,0,0,0
klimatologie,0,0,0,0,0,0,0,0,0,0
climax,0,1,0,0,1,0,1,0,1,1
beklimmen,0,0,0,0,0,0,0,0,0,0
vastklampen,0,0,0,0,0,0,0,0,0,0
klem,0,0,0,0,0,0,0,0,0,0
klipper,0,0,0,0,0,0,0,0,0,0
knippen,0,0,0,0,0,0,0,0,0,0
kliek,0,0,0,0,0,0,0,0,0,0
mantel,0,0,0,0,0,0,0,0,0,0
klok,0,1,0,0,0,0,0,0,0,0
uurwerk,0,0,0,0,0,0,0,0,0,0
verstoppen,0,0,0,0,0,0,0,0,0,0
klooster,0,0,0,0,0,1,0,0,0,0
dichtbij,0,0,0,0,0,0,0,0,0,0
gesloten,0,0,0,0,0,0,0,0,0,0
nabijheid,0,0,0,0,1,0,1,0,0,1
kast,0,0,0,0,0,0,0,0,0,0
sluiting,0,1,0,0,1,0,1,1,0,0
stollen,0,0,0,0,0,0,0,0,0,0
lap,0,0,0,0,0,0,0,0,0,0
kleden,0,0,0,0,0,0,1,0,0,0
kleren,0,0,0,0,0,0,0,0,0,0
Kledinglijn,0,0,0,0,0,0,0,0,0,0
kleding,0,0,0,0,0,0,0,0,0,0
wolk,0,0,0,0,0,0,0,0,0,0
bewolkt,0,0,0,0,0,1,0,1,0,0
bewolking,0,0,0,1,0,1,0,0,0,0
bewolkt,0,0,0,0,0,0,0,1,0,0
Klaver,0,0,0,0,0,0,0,0,0,0
kruidnagel,0,0,0,0,0,0,0,0,0,0
clown,0,1,0,0,1,0,1,0,1,0
club,0,0,0,0,0,0,0,0,0,0
clubhuis,0,0,0,0,0,0,0,0,0,0
Clubs,0,0,0,0,0,0,0,0,0,0
aanwijzing,0,1,0,0,0,0,0,0,0,0
klompje,0,0,0,0,0,1,0,0,0,0
onhandig,0,0,1,0,0,1,0,0,0,0
TROS,0,0,0,0,0,0,0,0,0,0
koppeling,0,0,0,0,0,0,0,0,0,0
koppelingen,0,0,0,0,0,0,0,0,0,0
ophoping,0,0,0,0,0,0,0,0,0,0
coach,0,0,0,0,0,0,0,0,0,1
coagulatie,0,0,0,0,0,0,0,0,0,0
steenkool,0,0,0,0,0,0,0,0,0,0
samenvloeien,0,0,0,0,0,0,0,0,0,1
coalitie,0,0,0,0,0,0,1,0,0,0
kust,0,0,0,0,0,0,1,0,0,0
kust-,0,0,0,0,0,0,0,0,0,0
achtbaan,0,0,0,0,0,0,0,0,0,0
jas,0,0,0,0,0,0,0,0,0,0
coating,0,0,0,0,0,0,0,0,0,0
overhalen,0,0,0,0,0,0,0,0,0,1
kobalt,0,0,0,0,0,0,0,0,0,0
kasseien,0,0,0,0,0,0,0,0,0,0
schoenmaker,0,0,0,0,0,0,0,0,0,0
cobra,0,0,0,1,0,0,0,0,0,0
cocaïne,0,0,0,0,0,1,0,1,0,0
pik,0,0,0,0,0,0,0,0,0,0
cockpit,0,0,0,0,0,0,0,0,0,0
cocktail,0,0,0,0,0,0,0,0,0,0
cacao,0,0,0,0,0,0,0,0,0,0
cocon,0,0,0,0,0,0,0,0,0,0
kabeljauw,0,0,0,0,0,0,0,0,0,0
code,0,0,0,0,0,0,0,0,0,0
codex,0,0,0,0,0,0,0,0,0,0
codificatie,0,0,0,0,0,0,0,0,0,0
codificeren,0,0,0,0,0,0,0,0,0,0
coëfficiënt,0,0,0,0,0,0,0,0,0,0
dwingen,1,0,1,1,0,1,0,0,0,0
dwang,1,0,1,1,0,1,0,1,0,0
dwingend,0,0,0,0,0,0,0,0,0,0
naast elkaar bestaan,0,0,0,0,0,0,1,0,0,1
coëxistentie,0,0,0,0,0,0,0,0,0,0
naast elkaar bestaan,0,0,0,0,0,0,0,0,0,1
koffie,0,0,0,0,0,0,0,0,0,0
kist,0,0,0,1,0,1,0,1,0,0
tandwiel,0,0,0,0,0,0,0,0,0,0
overtuigend,0,0,0,0,0,0,1,0,0,1
verwant,0,0,0,0,0,0,0,0,0,0
cognitie,0,0,0,0,0,0,0,0,0,0
cognitief,0,0,0,0,0,0,1,0,0,0
samenwonen,0,0,0,0,0,0,0,0,0,0
samenhang,0,0,0,0,0,0,1,0,0,0
samenhangend,0,0,0,0,0,0,1,0,0,0
samenhang,0,0,0,0,0,0,0,0,0,1
samenhangend,0,0,0,0,0,0,1,0,0,1
cohort,0,0,0,0,0,0,0,0,0,0
spoel,0,0,0,0,0,0,0,0,0,0
opgerold,0,0,0,0,0,0,0,0,0,0
munt,0,0,0,0,0,0,0,0,0,0
munten,0,0,0,0,0,0,0,0,0,0
samenvallen,0,0,0,0,0,0,0,0,0,0
toeval,0,0,0,0,0,0,0,0,1,0
toeval,0,0,0,0,0,0,0,0,0,0
samenvallend,0,0,0,0,0,0,0,0,0,0
cokes,0,0,0,0,0,0,0,0,0,0
koud,0,0,0,0,0,1,0,0,0,0
koud,0,0,0,0,0,1,0,0,0,0
koude,1,0,1,1,0,1,0,1,0,0
koliek,0,0,0,0,0,1,0,0,0,0
medewerker,0,0,0,0,0,0,0,0,0,1
instorten,0,0,1,1,0,1,0,1,0,0
halsband,0,0,0,0,0,0,0,0,0,0
vergaren,0,0,0,0,0,0,0,0,0,0
zekerheid,0,0,0,0,0,0,0,0,0,1
collatie,0,0,0,0,0,0,0,0,0,0
collega,0,0,0,0,0,0,0,0,0,0
verzamelen,0,0,0,0,0,0,0,0,0,0
verzameld,0,0,0,0,0,0,0,0,0,0
verzameling,0,0,0,0,0,0,0,0,0,0
collectief,0,0,0,0,0,0,0,0,0,0
collectief,0,0,0,0,0,0,1,0,0,1
verzamelaar,0,0,0,0,0,0,0,0,0,0
middelbare school,0,0,0,0,0,0,0,0,0,0
collegiaal,0,0,0,0,0,0,0,0,0,0
botsen,0,0,0,0,0,0,0,0,0,0
collie,0,0,0,0,0,0,0,0,0,0
botsing,1,0,0,0,0,1,0,0,0,0
collocatie,0,0,0,0,0,0,0,0,0,0
spreektaal,0,0,0,0,0,0,0,0,0,0
samenzwering,1,0,1,1,0,1,0,1,0,0
dikke darm,0,0,0,0,0,0,0,0,0,0
kolonel,0,0,0,0,0,0,1,0,0,1
koloniaal,0,0,0,0,0,0,0,0,0,0
kolonie,0,0,0,0,0,0,0,0,0,0
colofon,0,0,0,0,0,0,0,0,0,0
kleur,0,0,0,0,0,0,0,0,0,0
kleur,0,0,0,0,0,0,0,0,0,0
gekleurd,0,0,0,0,0,0,0,0,0,0
kleuren,0,0,0,0,0,0,0,0,0,0
kleurloos,0,0,0,0,0,0,0,0,0,0
kleuren,0,0,0,0,0,0,0,0,0,0
kolossaal,0,0,0,0,0,0,1,0,0,0
Colt,0,0,0,0,0,0,0,0,0,0
kolom,0,0,0,0,0,0,0,0,0,0
zuilvormig,0,0,0,0,0,0,0,0,0,0
coma,0,0,0,1,0,1,0,1,0,0
comateus,0,0,0,1,0,1,0,1,0,0
kam,0,0,0,0,0,0,0,0,0,0
strijden,1,0,0,1,0,1,0,0,0,0
strijder,1,0,0,1,0,1,0,0,0,0
strijdlustig,1,0,0,1,0,1,0,0,0,0
combinatie,0,0,0,0,0,0,0,0,0,0
combinatorisch,0,0,0,0,0,0,0,0,0,0
combineren,0,0,0,0,0,0,0,0,0,0
gecombineerd,0,0,0,0,0,0,0,0,0,0
brandbaar,0,0,0,0,0,0,0,0,0,0
verbranding,0,0,0,0,0,0,0,0,0,0
komedie,0,0,0,0,0,0,0,0,0,0
komeet,0,0,0,0,0,0,0,0,0,0
comfort,0,1,0,0,1,0,1,0,0,1
trooster,0,0,0,0,0,0,0,0,0,0
grappig,0,0,0,0,0,0,0,0,0,0
komisch,0,0,0,0,0,0,0,0,0,0
komt eraan,0,1,0,0,0,0,0,0,0,0
komma,0,0,0,0,0,0,0,0,0,0
opdracht,0,0,0,0,0,0,0,0,0,0
commandant,0,0,0,0,0,0,1,0,0,1
commandant,0,0,0,0,0,0,0,0,0,0
commandant,0,0,0,0,0,0,1,0,0,1
herdenken,0,1,0,0,1,0,1,1,0,0
herdenking,0,1,0,0,1,0,1,0,0,0
herdenkings-,0,1,0,0,0,0,1,0,0,0
beginnen,0,0,0,0,0,0,0,0,0,0
complimenteren,0,0,0,0,0,0,1,0,0,0
prijzenswaardig,0,0,0,0,1,0,1,0,0,1
evenredig,0,0,0,0,0,0,0,0,0,0
opmerking,0,0,0,0,0,0,0,0,0,0
commentaar,0,0,0,0,0,0,0,0,0,0
commentator,0,0,0,0,0,0,1,0,0,0
handel,0,0,0,0,0,0,0,0,0,1
reclame,0,0,0,0,0,0,0,0,0,0
commissaris,0,0,0,0,0,0,0,0,0,0
commissie,0,0,0,0,0,0,0,0,0,1
commissaris,0,0,0,0,0,0,0,0,0,0
verbinden,0,0,0,0,0,0,0,0,0,0
toezegging,0,0,0,0,0,1,0,1,0,0
toegewijd,0,0,0,0,0,0,1,0,0,1
commissie,0,0,0,0,0,0,0,0,0,1
gemeengoed,0,0,0,0,0,0,0,0,0,0
commodore,0,0,0,0,0,0,1,0,0,1
gemeenschappelijk,0,0,0,0,0,0,0,0,0,0
algemeen,0,0,0,0,0,0,0,0,0,0
alledaags,0,1,0,0,0,0,0,0,0,1
commons,0,0,0,0,0,0,0,0,0,0
Gemenebest,0,0,0,0,0,0,1,0,0,1
commotie,1,0,0,0,0,1,0,0,0,0
gemeente,0,0,0,0,0,0,0,0,0,0
overdraagbaar,0,0,0,0,0,0,0,0,0,0
communiceren,0,0,0,0,0,0,1,0,0,1
communicatie,0,0,0,0,0,0,0,0,0,1
communicatief vaardig,0,0,0,0,0,0,1,0,0,0
gemeenschap,0,0,0,0,1,0,1,0,0,1
communisme,1,0,0,1,0,1,0,1,0,0
communistisch,0,0,0,0,0,1,0,0,0,0
gemeenschap,0,0,0,0,0,0,1,0,0,0
commutatie,0,0,0,0,0,0,1,0,0,0
commutatief,0,0,0,0,0,0,0,0,0,0
pendelen,0,0,0,0,0,0,1,0,0,0
forens,0,0,0,0,0,0,0,0,0,0
compact,0,0,0,0,0,0,0,0,0,1
verdichting,0,0,0,0,0,0,0,0,0,0
compactheid,0,0,0,0,0,0,0,0,0,0
metgezel,0,0,0,0,1,0,1,0,0,1
gezelschap,0,0,0,0,0,0,0,0,0,0
bedrijf,0,0,0,0,0,0,0,0,0,0
vergelijkbaar,0,0,0,0,0,0,0,0,0,0
comparatief,0,0,0,0,0,0,0,0,0,0
relatief,0,0,0,0,0,0,0,0,0,0
vergelijking,0,0,0,0,0,0,0,0,0,0
gedeelte,0,0,0,0,0,0,0,0,0,0
kompas,0,0,0,0,0,0,0,0,0,1
medeleven,0,0,0,1,0,0,1,0,0,0
medelijdend,0,0,0,0,0,0,1,0,0,0
compatibiliteit,0,0,0,0,0,0,1,0,0,0
compatibel,0,0,0,0,0,0,1,0,0,0
dwingen,0,0,0,0,0,0,0,0,0,0
gedwongen,0,0,0,0,0,0,0,0,0,0
meeslepend,0,0,0,0,0,0,1,0,0,0
compendium,0,0,0,0,0,0,0,0,0,0
compenseren,0,1,0,0,1,0,1,0,1,1
een vergoeding,0,0,0,0,0,0,0,0,0,0
compenserend,0,0,0,0,0,0,1,0,0,0
bevoegdheid,0,0,0,0,0,0,1,0,0,1
competentie,0,0,0,0,0,0,1,0,0,1
bekwaam,0,0,0,0,0,0,1,0,0,1
wedstrijd,0,1,0,0,0,1,0,0,0,0
concurrerend,0,0,0,0,0,0,0,0,0,0
concurrent,0,0,0,0,0,0,0,0,0,0
compilatie,0,0,0,0,0,0,0,0,0,0
compileren,0,0,0,0,0,0,0,0,0,0
zelfgenoegzaamheid,0,0,0,0,0,0,1,0,0,0
zelfingenomen,0,0,0,0,0,0,0,0,0,0
klagen,1,0,0,0,0,1,0,1,0,0
klacht,1,0,0,0,0,1,0,0,0,0
aanvulling,0,1,0,0,1,0,1,0,1,1
complementair,0,0,0,0,0,0,1,0,0,0
voltooid,0,0,0,0,0,0,0,0,0,0
volledig,0,0,0,0,0,0,1,0,0,0
volledigheid,0,0,0,0,0,0,1,0,0,0
voltooien,0,1,0,0,1,0,1,0,0,0
voltooiing,0,1,0,0,1,0,1,0,0,0
complex,0,0,0,0,0,0,0,0,0,0
gecomplexeerd,0,0,0,0,0,1,0,0,0,0
teint,0,0,0,0,0,0,0,0,0,0
complexiteit,0,0,0,0,0,1,0,0,0,0
naleving,0,0,0,0,0,0,1,0,0,1
meewerkend,0,0,0,0,0,0,1,0,0,0
compliceren,1,0,0,0,0,1,0,0,0,0
ingewikkeld,0,0,0,0,0,1,0,0,0,0
complicatie,0,0,0,0,0,1,0,0,0,0
medeplichtigheid,0,0,0,0,0,1,1,0,0,0
compliment,0,1,0,0,1,0,1,0,1,1
voldoen,0,0,0,0,0,0,0,0,0,0
voldoen aan,0,0,0,0,0,0,0,0,0,0
compo,0,0,0,0,0,0,0,0,0,0
onderdeel,0,0,0,0,0,0,0,0,0,0
componeren,0,0,0,0,0,0,0,0,0,0
samengesteld,0,0,0,0,0,0,1,0,0,0
componist,0,0,0,0,0,0,1,0,0,0
composiet,0,0,0,0,0,0,0,0,0,0
samenstelling,0,0,0,0,0,0,0,0,0,0
compost,0,0,1,0,0,1,0,0,0,0
kalmte,0,0,0,0,0,0,1,0,0,0
verbinding,0,0,0,0,0,0,0,0,0,0
begrijpen,0,0,0,0,0,0,1,0,0,0
begrip,0,0,0,0,0,0,0,0,0,0
uitgebreid,0,0,0,0,0,0,1,0,0,0
samenpersen,1,0,0,0,0,0,0,0,0,0
gecomprimeerd,0,0,0,0,0,0,0,0,0,0
samendrukbaar,0,0,0,0,0,0,0,0,0,0
compressie,0,0,0,0,0,0,0,0,0,0
omvatten,0,0,0,0,0,0,0,0,0,0
compromis,0,0,0,0,0,0,0,0,0,0
controleur,0,0,0,0,0,0,0,0,0,1
dwang,1,0,0,0,0,1,0,0,0,0
verplicht,0,0,0,0,0,1,0,0,0,0
berekenbaar,0,0,0,0,0,0,0,0,0,0
berekening,0,0,0,0,0,0,0,0,0,0
berekenen,0,0,0,0,0,0,0,0,0,0
computer,0,0,0,0,0,0,0,0,0,0
kameraad,0,0,0,0,0,0,1,0,0,1
con,0,0,0,0,0,0,0,0,0,0
aaneenschakeling,0,0,0,0,0,0,0,0,0,0
concaaf,0,0,0,0,0,0,0,0,0,0
maskeren,0,0,0,0,0,1,0,1,0,0
verborgen,0,1,0,1,0,1,0,0,1,0
verhulling,1,1,0,1,0,1,0,0,0,0
verwaandheid,0,0,0,0,0,1,0,0,0,0
verwaand,0,0,0,0,0,1,0,0,0,0
denkbaar,0,0,0,0,0,0,0,0,0,0
concentreren,0,0,0,0,0,0,0,0,0,0
concentratie,0,0,0,0,0,0,0,0,0,0
concentrisch,0,0,0,0,0,0,1,0,0,0
conceptie,0,0,0,0,0,0,0,0,0,0
zorg,0,0,0,0,0,0,0,0,0,0
bezorgd,0,0,0,1,0,0,0,1,0,0
concert,0,0,0,0,0,0,0,0,0,0
concessie,0,0,0,0,0,0,0,0,0,0
voordelig,0,0,0,0,0,0,0,0,0,0
conciërge,0,0,0,0,0,0,0,0,0,0
verzoening,0,0,0,0,1,0,1,0,0,1
beknopt,0,0,0,0,0,0,0,0,0,0
conclaaf,0,0,0,0,0,0,0,0,0,0
concluderen,0,0,0,0,0,0,0,0,0,0
concluderend,0,0,0,0,0,0,1,0,0,0
conclusie,0,0,0,0,0,0,0,0,0,0
brouwsel,0,0,0,0,0,0,0,0,0,0
gelijktijdig,0,0,0,0,0,0,0,0,0,0
verdrag,0,0,0,0,0,0,1,0,0,1
concordantie,0,0,0,0,0,0,1,0,0,1
concours,0,0,0,0,0,0,0,0,0,0
samenloop,0,0,0,0,0,0,0,0,0,0
concreet,0,0,0,0,0,0,0,0,0,0
overeenstemming,0,0,0,0,0,0,0,0,0,0
gelijktijdige,0,0,0,0,0,0,0,0,0,0
overeenstemmend,0,0,0,0,0,0,0,0,0,0
hersenschudding,1,0,0,0,0,1,0,1,0,0
veroordelen,1,0,0,0,0,1,0,0,0,0
veroordeling,1,1,1,1,0,1,0,1,0,0
condensatie,0,0,0,0,0,0,0,0,0,0
gecondenseerd,0,0,0,0,0,0,0,0,0,0
zelfingenomen,0,0,0,0,0,1,0,0,0,0
neerbuigendheid,1,0,1,0,0,1,0,1,0,0
kruiderij,0,0,0,0,0,0,0,0,0,0
voorwaarde,0,0,0,0,0,0,0,0,0,0
voorwaardelijk,0,0,0,0,0,0,0,0,0,0
voorwaardelijk,0,0,0,0,0,0,0,0,0,0
geconditioneerd,0,0,0,0,0,0,0,0,0,0
conditie,0,0,0,0,0,0,0,0,0,0
condoleance,0,0,0,0,0,0,1,1,0,0
vergoelijken,0,0,0,0,0,0,1,0,0,0
bevorderlijk,0,0,0,0,0,0,1,0,0,0
gedrag,0,0,0,0,0,0,0,0,0,0
geleiding,0,0,0,0,0,0,0,0,0,0
geleidbaarheid,0,0,0,0,0,0,1,0,0,0
geleider,0,0,0,0,0,0,0,0,0,0
leiding,0,0,0,0,0,0,0,0,0,0
ijshoorntje,0,0,0,0,0,0,0,0,0,0
verbonden,0,0,0,0,0,0,1,0,0,1
confederatie,0,0,0,0,0,0,0,0,0,0
verlenen,0,0,0,0,0,0,0,0,0,0
conferentie,0,0,0,0,0,0,0,0,0,0
toegeven,0,0,0,0,0,1,1,0,0,1
bekentenis,0,1,0,1,0,1,0,1,1,0
biechtstoel,0,0,0,1,0,0,0,0,0,1
bekentenissen,0,0,0,0,0,0,0,0,0,0
toevertrouwen,0,0,0,0,0,0,0,0,0,1
vertrouwen,0,0,0,1,1,0,1,0,0,1
zelfverzekerd,0,0,0,0,1,0,1,0,0,1
vertrouwelijk,0,0,0,0,0,0,0,0,0,1
vertrouwelijk,0,0,0,0,0,0,0,0,0,1
configuratie,0,0,0,0,0,0,0,0,0,0
beperken,1,0,0,1,0,1,0,1,0,0
burgelijk,1,0,1,1,0,1,0,1,0,0
beperking,1,0,0,1,0,1,0,1,0,0
grenzen,0,0,0,0,0,0,0,0,0,0
bevestigen,0,0,0,0,0,0,0,0,0,0
bevestiging,0,0,0,0,0,0,0,0,0,1
bevestigend,0,0,0,0,0,0,0,0,0,0
bevestigd,0,0,0,0,0,0,1,0,0,1
confisqueren,1,0,0,0,0,1,0,1,0,0
confiscatie,0,0,0,0,0,1,0,0,0,0
vuurzee,1,0,0,1,0,1,0,0,0,0
conflict,1,0,0,1,0,1,0,1,0,0
tegenstrijdige,0,0,0,0,0,1,0,0,0,0
samenvloeiing,0,0,0,0,0,0,0,0,0,0
conformiteit,0,0,0,0,0,0,1,0,0,0
conformatie,0,0,0,0,0,0,0,0,0,0
overeenstemming,0,0,0,0,0,0,0,0,0,1
verwarren,0,0,0,0,0,1,0,0,0,0
verward,0,0,0,0,0,1,0,0,0,0
confronteren,1,0,0,0,0,0,0,0,0,0
verwarren,0,0,0,0,0,1,0,0,0,0
verwardheid,1,0,0,1,0,1,0,0,0,0
sympathiek,0,0,0,0,0,0,1,0,0,0
aangeboren,0,0,0,0,0,0,0,0,0,0
ophoping,0,0,0,0,0,1,0,0,0,0
conglomeraat,0,0,0,0,0,0,0,0,0,1
conglomeraat,0,0,0,0,0,0,0,0,0,0
felicitatie-,0,0,0,0,1,0,1,0,0,0
samenkomen,0,0,0,0,0,0,0,0,0,0
gemeente,0,0,0,0,0,0,1,0,0,1
congres,0,0,1,0,0,0,0,0,0,1
congres,0,0,0,0,0,0,0,0,0,0
congreslid,0,0,0,0,0,0,0,0,0,1
congruentie,0,0,0,0,0,0,1,0,0,1
kegelsnede,0,0,0,0,0,0,0,0,0,0
conisch,0,0,0,0,0,0,0,0,0,0
vermoeden,0,1,0,0,0,0,0,0,0,0
echtelijk,0,0,0,0,0,0,0,0,0,0
conjugeren,0,0,0,0,0,0,0,0,0,0
conjugatie,0,0,0,0,0,0,0,0,0,0
voegwoord,0,0,0,0,0,0,0,0,0,0
conjunctief,0,0,0,0,0,0,0,0,0,0
toveren,0,1,0,0,0,0,0,0,1,0
toveren,0,0,0,0,0,1,0,0,0,0
aansluiten,0,0,0,0,0,0,0,0,0,0
verbonden,0,0,0,0,0,0,0,0,0,0
verbinding,0,0,0,0,0,0,0,0,0,0
verbindend,0,0,0,0,0,0,0,0,0,1
kenner,0,0,0,0,1,0,1,0,0,1
veroveren,0,0,0,0,0,0,0,0,0,0
veroveraar,0,0,0,0,0,0,0,0,0,0
verovering,1,0,0,1,0,1,0,0,0,0
geweten,0,0,0,0,0,0,1,0,0,1
nauwgezet,0,0,0,0,0,0,1,0,0,1
bewustzijn,0,0,0,0,0,0,1,0,0,0
dienstplicht,0,0,0,0,0,0,0,0,0,0
wijding,0,1,0,0,1,0,1,1,0,1
opeenvolgend,0,0,0,0,0,0,0,0,0,0
toestemming,0,0,0,0,0,0,0,0,0,0
instemmend,0,0,0,0,0,0,0,0,0,0
gevolg,0,0,0,0,0,0,0,0,0,0
consequent,0,1,0,0,0,0,0,0,0,0
behoud,0,1,0,0,0,0,1,0,0,1
conservatisme,0,0,0,0,0,0,0,0,0,0
conservatief,0,0,0,0,0,0,0,0,0,0
serre,0,0,0,0,0,0,0,0,0,0
conserveren,0,0,0,0,0,0,1,0,0,0
aanzienlijk,0,0,0,0,0,0,1,0,0,0
attent,0,0,0,0,0,0,1,0,0,1
geadresseerde,0,0,0,0,0,0,0,0,0,0
zending,0,0,0,0,0,0,0,0,0,0
samenhang,0,0,0,0,0,0,1,0,0,1
consequent,0,0,0,0,0,0,0,0,0,0
troost,0,0,0,0,0,0,0,0,0,0
troosten,0,0,0,0,0,0,1,1,0,0
consolideren,0,0,0,0,0,0,0,0,0,0
consolidatie,0,0,0,0,0,0,0,0,0,0
medeklinker,0,0,0,0,0,0,1,0,0,0
partner,0,0,0,0,0,0,0,0,0,1
opvallend,0,0,0,0,0,0,0,0,0,0
complot,0,0,0,1,0,0,0,0,0,0
samenzweerder,1,1,1,1,0,1,0,0,0,0
samenzweren,0,0,0,1,0,1,0,0,0,0
agent,0,0,0,0,0,0,0,0,0,1
standvastigheid,0,0,0,0,0,0,1,0,0,1
constante,0,0,0,0,0,0,1,0,0,1
constant,0,0,0,0,0,0,0,0,0,1
sterrenbeeld,0,0,0,0,0,0,0,0,0,0
consternatie,1,0,0,1,0,1,0,0,0,0
constipatie,0,0,1,0,0,1,0,0,0,0
bestanddeel,0,0,0,0,0,0,0,0,0,0
bestanddelen,0,0,0,0,0,0,0,0,0,0
vormen,0,0,0,0,0,0,0,0,0,1
grondwet,0,0,0,0,0,0,0,0,0,0
grondwettelijk,0,0,0,0,0,0,1,0,0,1
grondwettelijkheid,0,0,0,0,0,0,0,0,0,0
beperken,0,0,0,1,0,1,0,0,0,0
beperkt,0,0,0,0,0,1,0,0,0,0
beperking,1,0,0,1,0,1,0,1,0,0
construeren,0,0,0,0,0,0,1,0,0,0
bouw,0,0,0,0,0,0,0,0,0,0
construeren,0,0,0,0,0,0,0,0,0,0
consul,0,0,0,0,0,0,0,0,0,1
raadplegen,0,0,0,0,0,0,0,0,0,1
overleg,0,0,0,0,0,0,0,0,0,0
consumeren,0,0,0,0,0,0,0,0,0,0
consumeren,0,0,0,0,0,0,0,0,0,0
volmaakt,0,0,0,0,0,0,1,0,0,0
voleinding,0,0,0,0,0,0,0,0,0,0
consumptie,0,0,0,0,0,0,0,0,0,0
contact,0,0,0,0,0,0,1,0,0,0
besmetting,0,1,1,1,0,1,0,0,0,0
besmettelijk,0,0,1,1,0,1,0,0,0,0
insluiting,0,0,0,0,0,0,0,0,0,0
besmetten,0,0,1,0,0,1,0,0,0,0
vervuild,0,0,1,1,0,1,0,1,0,0
besmetting,0,0,1,0,0,1,0,0,0,0
overdenken,0,0,0,0,0,0,0,0,0,0
contemplatie,0,0,0,0,0,0,1,0,0,0
contemplatief,0,0,0,0,0,0,0,0,0,0
gelijktijdig,0,0,0,0,0,0,0,0,0,0
hedendaags,0,0,0,0,0,0,0,0,0,0
minachting,1,0,1,1,0,1,0,0,0,0
verachtelijk,1,0,1,0,0,1,0,0,0,0
minachtend,1,0,0,0,0,1,0,0,0,0
strijden,0,0,0,0,0,0,0,0,0,0
inhoud,0,0,0,0,1,0,1,0,0,1
twist,0,0,0,0,0,0,0,0,0,0
omstreden,1,0,1,1,0,1,0,0,0,0
inhoud,0,0,0,0,0,0,0,0,0,0
context,0,0,0,0,0,0,0,0,0,0
aaneengesloten,0,0,0,0,0,0,0,0,0,0
continentie,0,0,0,0,0,0,0,0,0,0
continent,0,0,0,0,0,0,0,0,0,0
continentaal,0,0,0,0,0,0,0,0,0,0
onvoorspelbaarheid,0,0,0,0,0,0,0,0,0,0
contingent,0,1,0,0,0,0,0,0,0,0
continu,0,0,0,0,0,0,0,0,0,0
voortdurend,0,0,0,0,0,0,0,0,0,0
voortzetting,0,0,0,0,0,0,0,0,0,0
voortzetting,0,1,0,0,0,0,0,0,0,0
doorgaan,0,1,0,0,0,0,1,0,0,1
voortgezet,0,0,0,0,0,0,0,0,0,0
doorgaan,0,0,0,0,0,0,0,0,0,0
continuïteit,0,0,0,0,0,0,0,0,0,0
continu,0,0,0,0,0,0,0,0,0,0
doorlopend,0,0,0,0,0,0,0,0,0,0
contour,0,0,0,0,0,0,1,0,0,0
smokkelwaar,1,0,1,1,0,1,0,0,0,0
contract,0,0,0,0,0,0,0,0,0,0
gecontracteerd,0,0,0,0,0,1,0,0,0,0
contractiel,0,0,0,0,0,0,0,0,0,0
contracteren,0,0,0,0,0,0,0,0,0,0
samentrekking,0,0,0,0,0,0,0,0,0,0
tegenspreken,1,0,0,0,0,1,0,0,0,0
tegenstrijdigheid,0,0,0,0,0,1,0,0,0,0
tegenstrijdig,0,0,0,0,0,1,0,0,0,0
tegendeel,0,0,0,0,0,1,0,0,0,0
contrast,0,0,0,0,0,0,0,0,0,0
gecontrasteerd,0,0,0,0,0,1,0,0,0,0
in strijd zijn met,0,0,0,0,0,1,0,0,0,0
overtreding,0,0,0,0,0,1,0,0,0,0
bijdrage leveren,0,0,0,0,0,0,1,0,0,0
bijdrager,0,0,0,0,0,0,1,0,0,1
gekunsteld,0,0,0,0,0,0,0,0,0,0
controle,0,0,0,0,0,0,0,0,0,0
controverseel,1,0,0,0,0,1,0,0,0,0
controverse,0,0,0,0,0,1,0,0,0,0
raadsel,0,0,0,0,0,0,0,0,0,0
herstellend,0,0,0,0,0,0,0,0,0,0
convectie,0,0,0,0,0,0,0,0,0,0
bijeenroepen,0,0,0,0,0,0,0,0,0,0
gemak,0,0,0,0,0,0,1,0,0,0
gemakken,0,0,0,0,0,0,0,0,0,0
handig,0,0,0,0,0,0,1,0,0,0
klooster,0,0,0,0,0,0,1,0,0,1
conventie,0,0,0,0,0,0,1,0,0,0
gebruikelijke,0,0,0,0,0,0,0,0,0,0
convergeren,0,0,0,0,0,0,0,0,0,0
convergentie,0,1,0,0,0,0,0,0,0,0
convergerend,0,0,0,0,0,0,0,0,0,0
vertrouwd,0,0,0,0,0,0,1,0,0,0
gesprek,0,0,0,0,0,0,0,0,0,0
gemoedelijk,0,0,0,0,0,0,1,0,0,0
converseren,0,0,0,0,0,0,0,0,0,0
in gesprek,0,0,0,0,0,0,0,0,0,0
conversie,0,0,0,0,0,0,0,0,0,0
overzetten,0,0,0,0,0,0,1,0,0,0
bekeerd,0,0,0,0,0,0,0,0,0,0
cabriolet,0,0,0,0,0,0,0,0,0,0
convex,0,0,0,0,0,0,0,0,0,0
convexiteit,0,0,0,0,0,0,0,0,0,0
overdragen,0,0,0,0,0,0,0,0,0,0
vervoermiddel,0,0,0,0,0,0,0,0,0,0
overbrenging,0,0,0,0,0,0,0,0,0,1
veroordelen,1,0,1,1,0,1,0,1,0,0
overtuiging,0,0,0,0,0,1,0,0,0,0
overtuigen,0,1,0,0,0,0,1,0,0,1
overtuigd,0,0,0,0,0,0,0,0,0,1
overtuigend,0,0,0,0,0,0,0,0,0,1
oproeping,0,0,0,0,0,0,0,0,0,0
ingewikkeld,0,0,0,0,0,0,0,0,0,0
convolutie,0,0,0,0,0,0,0,0,0,0
konvooi,0,0,0,0,0,0,0,0,0,0
coo,0,0,0,0,0,0,0,0,0,0
koken,0,0,0,0,0,0,0,0,0,0
koken,0,0,0,0,0,0,0,0,0,0
Koken,0,0,0,0,0,0,0,0,0,0
koel,0,0,0,0,0,0,1,0,0,0
koeler,0,0,0,0,0,0,0,0,0,0
koeling,0,0,0,0,0,0,0,0,0,0
koelte,0,0,0,0,0,0,1,0,0,0
coop,1,0,1,0,0,1,0,0,0,0
samenwerken,0,0,0,0,0,0,1,0,0,0
meewerkend,0,0,0,0,0,0,1,0,0,1
medewerking,0,0,0,0,0,0,1,0,0,1
coöperatief,0,0,0,0,0,0,1,0,0,1
coördineren,0,0,0,0,0,0,0,0,0,0
politieagent,0,0,0,1,0,0,0,0,0,1
overvloedig,0,0,0,0,0,0,0,0,0,0
koper,0,0,0,0,0,0,0,0,0,0
kopiëren,0,0,0,0,0,1,0,0,0,0
copycat,1,0,1,0,0,1,0,0,0,0
kopiëren,0,0,0,0,0,0,0,0,0,0
auteursrechten,0,0,0,0,0,0,0,0,0,0
koraal,0,0,0,0,0,0,0,0,0,0
koord,0,0,0,0,0,0,0,0,0,0
cordon,0,0,0,0,0,0,0,0,0,0
corduroy,0,0,0,0,0,0,0,0,0,0
kern,0,0,0,0,0,0,1,0,0,0
kurk,0,0,0,0,0,0,0,0,0,0
kurketrekker,0,0,0,0,0,0,0,0,0,0
maïs,0,0,0,0,0,0,0,0,0,0
hoornvlies,0,0,0,0,0,0,0,0,0,0
hoek,0,0,0,0,0,0,0,0,0,0
kornet,0,0,0,0,0,0,0,0,0,0
kroonlijst,0,0,0,0,0,0,0,0,0,0
maïszetmeel,0,0,0,0,0,0,0,0,0,0
uitvloeisel,0,0,0,0,0,0,0,0,0,0
corona,0,0,0,0,0,0,0,0,0,0
kroning,0,0,0,0,1,0,1,0,0,1
lijkschouwer,0,0,0,0,0,1,0,0,0,0
korporaal,0,0,0,0,0,1,0,0,0,0
zakelijk,0,0,0,0,0,0,0,0,0,0
bedrijf,0,0,0,0,0,0,1,0,0,1
lichamelijk,0,0,0,0,0,0,1,0,0,0
corps,0,0,0,0,0,0,0,0,0,0
lijk,0,0,1,0,0,1,0,1,0,0
corpus,0,0,0,0,0,0,0,0,0,0
kraal,0,0,0,0,0,0,0,0,0,0
correctie,0,0,0,0,0,1,0,0,0,0
corrigerend,0,0,0,0,0,0,1,0,0,0
juistheid,0,0,0,0,0,0,0,0,0,1
correlatie,0,0,0,0,0,0,0,0,0,0
correlatief,0,0,0,0,0,0,0,0,0,0
corresponderen,0,0,0,0,0,0,0,0,0,0
correspondentie,0,1,0,0,0,0,1,0,0,0
correspondent,0,0,0,0,0,0,0,0,0,0
hal,0,0,0,0,0,0,0,0,0,0
bevestigen,0,0,0,0,0,0,1,0,0,1
bevestiging,0,0,0,0,0,0,0,0,0,1
corrosie,0,0,0,0,0,1,0,0,0,0
corrosief,0,0,0,1,0,1,0,0,0,0
corrupt,0,0,0,0,0,1,0,0,0,0
corrumperen,1,0,1,1,0,1,0,1,0,0
corruptie,0,0,1,0,0,1,0,0,0,0
corse,0,0,0,0,0,0,0,1,0,0
korset,0,0,0,0,0,0,0,0,0,0
cortex,0,0,0,0,0,0,0,0,0,0
corticaal,0,0,0,0,0,0,0,0,0,0
korvet,0,0,0,0,0,0,0,0,0,0
kunstmatig,0,0,0,0,0,0,0,0,0,0
cosmetica,0,0,0,0,0,0,0,0,0,0
kosmisch,0,0,0,0,0,0,0,0,0,0
kosmologie,0,0,0,0,0,0,0,0,0,0
kosmopolitisch,0,0,0,0,0,0,1,0,0,1
kosmos,0,0,0,0,0,0,0,0,0,0
kosten,0,0,0,0,0,0,0,0,0,0
duur,0,0,0,0,0,0,0,0,0,0
kostuum,0,0,0,0,0,0,0,0,0,0
knus,0,0,0,0,0,0,1,0,0,0
kinderbed,0,0,0,0,0,0,0,0,0,0
coté,0,0,0,0,0,0,0,0,0,0
huisje,0,0,0,0,0,0,0,0,0,0
katoen,0,0,0,0,0,0,0,0,0,0
bank,0,0,0,0,0,0,0,1,0,0
poema,0,0,0,0,0,0,0,0,0,0
hoesten,0,0,1,0,0,1,0,0,0,0
raad,0,1,0,0,0,0,1,0,0,1
raad,0,0,0,0,0,0,1,0,0,1
raadgever,1,0,0,1,0,1,0,0,0,1
raadgever,0,0,0,0,0,0,1,0,0,1
graaf,0,0,0,0,0,0,1,0,0,1
aftellen,0,1,0,0,0,0,0,0,0,0
gelaat,0,0,0,0,0,0,0,0,0,0
balie,0,0,0,0,0,0,0,0,0,0
tegengaan,0,0,0,0,0,0,0,0,0,0
tegenwicht,0,0,0,0,0,0,0,0,0,0
tegenvordering,0,0,0,0,0,0,0,0,0,0
tegenhanger,0,0,0,0,0,0,0,0,0,0
gravin,0,0,0,0,0,0,1,0,0,0
ontelbaar,0,0,0,0,0,0,0,0,0,0
land,0,0,0,0,0,0,0,0,0,0
landgenoot,0,0,0,0,0,0,0,0,0,1
telt,0,0,0,0,0,0,0,0,0,0
district,0,0,0,0,0,0,0,0,0,1
staatsgreep,1,0,0,0,0,0,0,0,1,0
stel,0,0,0,0,0,0,0,0,0,0
gekoppeld,0,0,0,0,0,0,0,0,0,0
coupon,0,0,0,0,0,0,0,0,0,0
moed,0,0,0,0,0,0,1,0,0,0
moedig,0,0,0,1,0,0,1,0,0,0
koerier,0,0,0,0,0,0,0,0,0,1
cursussen,0,0,0,0,0,0,0,0,0,0
coursing,0,0,0,0,0,1,0,0,0,0
rechtbank,1,1,0,1,0,0,0,0,0,0
beleefd,0,0,0,0,0,0,1,0,0,0
beleefdheid,0,0,0,0,0,0,1,0,0,0
gerechtsgebouw,0,0,0,0,0,0,0,0,0,0
rechtbanken,0,0,0,0,0,0,0,0,0,0
verkering,0,1,0,0,1,0,1,0,0,1
binnenplaats,0,0,0,0,0,0,0,0,0,0
inham,0,1,1,1,1,0,1,0,0,0
verbond,0,0,0,0,0,0,1,0,0,1
omslag,0,0,0,0,0,0,0,0,0,1
bedekt,0,0,0,0,0,0,0,0,0,0
aan het bedekken,0,0,0,0,0,0,0,0,0,0
heimelijk,0,0,0,0,0,0,0,0,0,0
begeren,0,0,0,0,0,1,0,0,0,0
koe,0,0,0,0,0,0,0,0,0,0
lafaard,0,0,1,1,0,1,0,1,0,0
lafheid,0,0,0,1,0,1,0,0,0,0
laf,0,0,0,1,0,1,0,0,0,0
cowboy,0,0,0,0,0,0,0,0,0,0
koeienhuid,0,0,0,0,0,0,0,0,0,0
kap,0,0,0,0,0,0,0,0,0,0
collega,0,0,0,0,0,0,0,0,0,0
terughoudend,0,0,0,1,0,0,0,0,0,0
coyote,0,0,0,1,0,0,0,0,0,0
krab,0,0,0,0,0,0,0,0,0,0
slechtgehumeurd,1,0,0,0,0,1,0,0,0,0
scheur,0,0,0,0,0,1,0,0,0,0
gebarsten,1,0,0,1,0,1,0,0,0,0
cracker,0,0,0,0,0,0,0,0,0,0
kraken,0,0,0,0,0,1,0,0,0,0
knetteren,0,0,0,0,0,0,0,0,0,0
wieg,0,1,0,0,1,0,1,0,0,1
ambacht,0,0,0,0,0,0,1,0,0,0
ambachtsman,0,0,0,0,0,0,1,0,0,0
sluw,0,0,0,0,0,0,0,0,0,0
craig,0,0,0,0,0,0,0,0,0,0
volgepropt,0,0,0,0,0,0,0,0,0,0
kramp,0,1,0,0,0,1,0,0,0,0
krap,0,0,0,0,0,1,0,0,0,0
kraan,0,0,0,0,0,0,0,0,0,0
schedel,0,0,0,0,0,0,0,0,0,0
zwengel,0,0,0,0,0,1,0,0,0,0
chagrijnig,1,0,0,0,0,1,0,0,0,0
stront,0,0,1,0,0,1,0,0,0,0
craps,0,1,0,0,0,0,0,0,0,0
Botsing,0,0,0,1,0,1,0,1,1,0
krat,0,0,0,0,0,0,0,0,0,0
krater,0,0,0,0,0,0,0,0,0,0
snakken naar,0,1,0,0,0,0,0,0,0,0
verlangen,0,1,0,0,0,0,0,0,0,0
langoesten,0,0,0,0,0,0,0,0,0,0
kruipen,0,0,1,0,0,1,0,0,0,0
kleurpotloden,0,0,0,0,0,0,0,0,0,0
rage,0,0,0,0,0,0,0,0,0,0
gek,1,0,0,1,0,1,0,0,0,0
gek,1,0,0,1,0,1,0,1,0,0
krakend,0,0,0,0,0,1,0,0,0,0
room,0,1,0,0,1,0,1,0,1,0
creamer,0,0,0,0,0,0,0,0,0,0
romig,0,0,0,0,0,0,0,0,0,0
vouw,0,0,0,0,0,0,0,0,0,0
creëren,0,0,0,0,1,0,1,0,0,0
schepping,0,0,0,0,0,0,0,0,0,0
creatief,0,0,0,0,0,0,1,0,0,0
Schepper,0,0,0,0,0,0,0,0,0,0
schepsel,0,0,1,1,0,1,0,0,0,0
geloofsovertuiging,0,0,0,0,0,0,1,0,0,1
legitimatie,0,0,0,0,0,0,1,0,0,1
Inloggegevens,0,0,0,0,0,0,0,0,0,0
geloofwaardigheid,0,0,0,0,0,0,1,0,0,1
geloofwaardig,0,0,0,0,0,0,1,0,0,1
credit,0,0,0,0,0,0,1,0,0,1
verdienstelijk,0,0,0,0,0,0,1,0,0,1
gecrediteerd,0,0,0,0,0,0,1,0,0,0
crediteren,0,0,0,0,0,0,0,0,0,0
schuldeiser,0,0,0,0,0,0,0,0,0,0
geloofsovertuiging,0,0,0,0,0,0,0,0,0,0
kreek,0,0,0,0,0,0,0,0,0,0
kruipen,0,0,0,0,0,1,0,0,0,0
sluipen,0,1,0,0,0,0,0,0,0,0
crematie,0,0,0,0,0,0,0,1,0,0
creools,0,0,0,0,0,0,0,0,0,0
crescendo,0,1,0,0,1,0,1,0,1,1
halve maan,0,0,0,0,0,0,0,0,0,0
spleet,0,0,0,0,0,0,0,0,0,0
bemanning,0,0,0,0,0,0,0,0,0,1
wieg,0,0,0,0,0,0,0,0,0,0
krekel,0,0,0,0,0,0,0,0,0,0
misdrijf,1,0,0,0,0,1,0,0,0,0
crimineel,1,0,1,1,0,1,0,0,0,0
criminaliteit,1,0,1,1,0,1,0,0,0,0
krimpen,0,0,0,0,0,0,0,0,0,0
karmozijnrood,0,0,0,0,0,0,0,0,0,0
in elkaar krimpen,0,0,1,1,0,1,0,1,0,0
kreupel,0,0,0,1,0,1,0,1,0,0
kreupel,0,0,0,0,0,1,0,1,0,0
crisis,0,0,0,0,0,1,0,0,0,0
knapperig,0,0,0,0,0,1,0,0,0,1
criterium,0,0,0,0,0,0,0,0,0,0
criticus,0,0,0,0,0,1,0,0,0,0
kritiek,1,0,0,0,0,1,0,1,0,0
bekritiseren,1,0,1,1,0,1,0,1,0,0
kritiek,0,0,0,0,0,0,1,0,0,0
beestje,0,0,1,0,0,0,0,0,0,0
kwaken,0,0,0,0,0,0,0,0,0,0
kruik,0,0,0,0,0,0,0,0,0,0
serviesgoed,0,0,0,0,0,0,0,0,0,0
krokodil,0,0,0,1,0,0,0,0,0,0
croft,0,0,0,0,0,0,0,0,0,0
oplichter,0,0,0,0,0,1,0,0,0,0
Bijsnijden,0,0,0,0,0,0,0,0,0,0
kroket,0,0,0,0,0,0,0,0,0,0
kruis,1,0,0,1,0,1,0,1,0,0
kruisboog,0,0,0,0,0,0,0,0,0,0
gekruist,0,0,0,0,0,0,0,0,0,0
kruispunt,0,0,0,0,0,0,0,0,0,0
kruis,0,0,0,0,0,0,0,0,0,0
hurken,0,0,0,1,0,0,0,0,0,0
gehurkt,0,0,0,0,0,0,0,0,0,0
gehurkt,0,0,0,1,0,1,0,0,0,0
croupier,0,0,0,0,0,0,0,0,0,0
kraai,0,0,0,0,0,0,0,0,0,0
menigte,0,0,0,0,0,0,0,0,0,0
druk,0,0,0,0,0,0,0,0,0,0
kroon,0,0,0,0,0,0,0,0,0,0
bekroning,0,1,0,0,1,0,1,0,1,1
cruciaal,0,0,0,0,0,0,1,0,0,1
kruisvormig,0,0,0,0,0,1,0,0,0,0
kruisbeeld,0,0,0,0,0,0,0,0,0,0
kruisiging,1,0,1,1,0,1,0,1,0,0
ruw,0,0,1,0,0,1,0,0,0,0
wreed,1,0,1,1,0,1,0,1,0,0
wreed,1,0,0,1,0,1,0,0,0,0
wreedheid,1,0,1,1,0,1,0,1,0,0
cruise,0,0,0,0,0,0,0,0,0,0
kruiser,0,0,0,0,0,0,0,0,0,0
kruimel,0,0,0,0,0,0,0,0,0,0
afbrokkelend,0,0,0,0,0,1,0,1,0,0
kraken,1,0,0,0,0,1,0,0,0,0
kruistocht,1,0,0,1,0,1,0,0,0,0
verbrijzeling,0,0,0,0,0,0,0,0,0,0
verpletterd,1,0,1,1,0,1,0,1,0,0
verpletteren,1,0,1,1,0,1,0,0,0,0
korst,0,0,0,0,0,0,0,0,0,0
knapperig,0,0,1,0,0,1,0,0,0,0
kruk,0,0,0,0,0,0,0,0,0,0
crux,0,0,0,0,0,0,0,0,0,0
schreeuw,0,0,0,0,0,1,0,1,0,0
huilend,0,0,0,0,0,1,0,1,0,0
crypt,0,0,0,1,0,1,0,1,0,0
cryptisch,0,0,0,0,0,0,0,0,0,0
cryptografie,0,0,0,0,0,0,0,0,0,0
kristal,0,0,0,0,0,0,1,0,0,0
kristallijn,0,0,0,0,0,0,0,0,0,0
kristallisatie,0,0,0,0,0,0,0,0,0,0
welp,0,0,0,0,0,0,0,0,0,0
kubus,0,0,0,0,0,0,0,0,0,1
hokje,0,0,0,0,0,0,0,0,0,0
hoorndrager,0,0,1,0,0,1,0,0,0,0
koekoek,0,0,0,0,0,1,0,0,0,0
knuffel,0,0,0,0,1,0,1,0,0,1
keu,0,1,0,0,0,0,0,0,0,0
manchet,0,0,0,0,0,0,0,0,0,0
keuken,0,0,0,0,0,0,0,0,0,0
culinair,0,0,0,0,0,0,1,0,0,1
ruiming,0,0,0,0,0,1,0,0,0,0
culmineren,0,0,0,0,0,0,0,0,0,0
hoogtepunt,0,0,0,0,0,0,1,0,0,0
schuld,0,0,0,0,0,1,0,0,0,0
schuldig,0,0,0,0,0,1,0,0,0,0
dader,0,0,0,0,0,1,0,0,0,0
sekte,0,0,0,1,0,1,0,0,0,0
cultiveren,0,1,0,0,0,0,1,0,0,1
gecultiveerd,0,0,0,0,0,0,1,0,0,0
teelt,0,0,0,0,0,0,1,0,0,0
cultuur,0,0,0,0,0,0,1,0,0,0
duiker,0,0,0,0,0,0,0,0,0,0
moeizaam,0,0,0,0,0,1,0,1,0,0
cumulus,0,0,0,0,0,0,0,0,0,0
sluw,0,0,0,0,0,1,1,0,0,0
beker,0,0,0,0,0,0,0,0,0,0
kast,0,0,0,0,0,0,0,0,0,0
cupping,0,0,1,1,0,1,0,1,0,0
cur,1,0,1,1,0,1,0,0,0,0
geneesbaar,0,0,0,0,0,0,1,0,0,1
curator,0,0,0,0,0,0,0,0,0,0
genezend,0,0,0,0,0,0,0,0,0,0
curator,0,0,0,0,0,0,0,0,0,0
intomen,0,0,0,0,0,0,0,0,0,0
wrongel,0,0,0,0,0,0,0,0,0,0
avondklok,0,0,0,0,0,0,0,0,0,0
nieuwsgierigheid,0,1,0,0,0,0,1,0,1,0
krullen,0,0,0,0,0,0,1,0,0,0
curling,0,0,0,0,0,0,0,0,0,0
munteenheid,0,0,0,0,0,0,0,0,0,0
huidig,0,0,0,0,0,0,0,0,0,0
leerplan,0,0,0,0,0,0,0,0,0,0
kerrie,0,0,0,0,0,0,0,0,0,0
vloek,1,0,1,1,0,1,0,1,0,0
vervloekt,1,0,0,1,0,1,0,1,0,0
vloeken,1,0,1,0,0,1,0,0,0,0
vluchtig,0,0,0,0,0,1,0,0,0,0
kortaf,0,0,0,0,0,0,0,0,0,0
inperken,0,0,0,0,0,0,0,0,0,0
inperking,0,0,0,0,0,0,0,0,0,0
gordijn,0,0,0,0,0,0,0,0,0,0
kromming,0,0,0,0,0,0,0,0,0,0
kromme,0,0,0,0,0,0,0,0,0,0
gebogen,0,0,0,0,0,0,0,0,0,0
kromlijnig,0,0,0,0,0,0,0,0,0,0
kussen,0,0,0,0,0,0,1,0,0,0
cusp,0,0,0,0,0,0,0,0,0,0
vervloekt,1,0,0,0,0,0,0,0,0,0
conciërge,0,0,0,0,0,0,0,0,0,1
hechtenis,0,0,0,0,0,0,0,0,0,1
Op maat,0,0,0,0,0,0,0,0,0,0
gebruikelijk,0,0,0,0,0,0,0,0,0,0
klant,0,0,0,0,0,0,1,0,0,0
snee,0,0,0,0,0,0,0,0,0,0
huid,0,0,0,0,0,0,0,0,0,0
schattig,0,0,0,0,0,0,1,0,0,0
nagelriem,0,0,0,0,0,0,0,0,0,0
bestek,0,0,0,0,0,0,0,0,0,0
snijder,0,0,0,1,0,1,0,0,0,0
snijders,0,0,0,0,0,0,1,0,0,0
moordenaar,1,0,0,1,0,1,0,0,0,0
snijden,1,0,1,1,0,1,0,1,0,0
stekken,0,0,0,0,0,0,0,0,0,0
cwt,0,0,0,0,0,0,0,0,0,0
cyanide,0,0,0,1,0,1,0,0,0,0
fiets,0,0,0,0,0,0,0,0,0,0
cyclisch,0,0,0,0,0,0,0,0,0,0
fietser,0,0,0,0,0,0,0,0,0,0
cycloon,0,0,0,1,0,1,0,0,1,0
cilinder,0,0,0,0,0,0,0,0,0,0
cilindrisch,0,0,0,0,0,0,0,0,0,0
cimbaal,0,0,0,0,0,0,0,0,0,0
cynicus,0,0,0,0,0,0,0,0,0,0
cyste,0,0,0,1,0,1,0,1,0,0
cystisch,0,0,1,0,0,0,0,0,0,0
cytomegalovirus,0,0,0,0,0,1,0,1,0,0
cytoplasma,0,0,0,0,0,0,0,0,0,0
tsaar,0,0,0,0,0,0,0,0,0,0
schar,0,0,0,0,0,0,0,0,0,0
ploeteren,0,0,0,0,0,0,0,0,0,0
ploeteren,1,0,1,0,0,1,0,0,0,0
pa,0,0,0,0,0,0,0,0,0,0
dado,0,0,0,0,0,0,0,0,0,0
demon,1,0,1,1,0,1,0,1,1,0
gek,0,0,1,0,0,1,0,0,0,0
dolk,0,0,0,1,0,1,0,0,0,0
dagelijks,0,1,0,0,0,0,0,0,0,0
sierlijk,0,0,0,0,0,0,0,0,0,0
zuivel,0,0,0,0,0,0,0,0,0,0
dak,0,0,0,0,0,0,0,0,0,0
dal,0,0,0,0,0,0,0,0,0,0
dam,0,0,0,0,0,0,0,0,0,0
schade,1,0,1,0,0,1,0,1,0,0
schade,0,0,0,0,0,1,0,1,0,0
dame,1,0,1,0,0,0,1,0,0,1
verdomd,1,0,1,0,0,1,0,0,0,0
verdoemenis,1,0,0,1,0,1,0,1,0,0
verdoemd,0,0,0,0,0,1,0,0,0,0
vochtig,0,0,0,0,0,0,0,0,0,0
gedempt,0,0,0,0,0,0,0,0,0,0
demper,0,0,0,0,0,1,0,0,0,0
jonkvrouw,0,0,0,0,0,0,0,0,0,0
dans,0,0,0,0,1,0,1,0,0,1
danser,0,0,0,0,0,0,0,0,0,0
roos,0,0,0,0,0,1,0,0,0,0
dandy,0,0,1,0,0,1,0,0,0,0
Gevaar,0,0,0,1,0,1,0,1,0,0
gevaarlijk,0,0,0,1,0,1,0,0,0,0
bengelen,0,0,0,0,0,0,0,0,0,0
dank u,0,0,1,0,0,0,0,0,0,0
goed verzorgd,0,0,0,0,0,0,0,0,0,0
durven,0,1,0,0,0,0,0,0,0,1
gedurfd,0,0,0,0,0,0,1,0,0,0
donker,0,0,0,0,0,0,0,1,0,0
verduisteren,0,0,0,1,0,1,0,1,0,0
verduisterd,0,0,0,1,0,1,0,1,0,0
donker,0,0,0,0,0,0,0,0,0,0
duisternis,1,0,0,1,0,1,0,1,0,0
liefje,0,0,0,0,1,0,1,0,0,1
verdorie,0,0,0,0,0,0,0,0,0,0
darten,0,0,0,1,0,0,0,0,0,0
streepje,0,0,0,0,0,0,0,0,0,0
dashboard,0,0,0,0,0,0,0,0,0,0
gestreept,1,0,0,1,0,1,0,1,0,0
onstuimig,0,0,0,0,0,0,1,0,0,0
lafhartig,1,0,1,1,0,1,0,0,0,0
gegevens,0,0,0,0,0,0,0,0,0,0
database,0,0,0,0,0,0,0,0,0,0
datum,0,0,0,0,0,0,0,0,0,0
dochter,0,0,0,0,1,0,1,0,0,0
ochtendgloren,0,1,0,0,1,0,1,0,1,1
dag,0,0,0,0,0,0,0,0,0,0
aanbreken van de dag,0,0,0,0,0,0,0,0,0,0
dagdromen,0,0,0,0,0,0,0,0,0,0
versuft,0,0,0,0,0,0,0,0,0,0
versuft,0,0,0,0,0,1,0,0,0,0
oogverblindend,0,0,0,0,0,0,0,0,0,0
diaken,0,0,0,0,0,0,0,0,0,1
deactiveren,0,0,0,0,0,1,0,0,0,0
impasse,0,0,0,0,0,1,0,0,0,0
dodelijk,1,0,1,1,0,1,0,1,0,0
oorverdovend,0,0,0,0,0,0,0,0,0,0
doofheid,0,0,0,0,0,0,0,0,0,0
overeenkomst,0,1,0,0,1,0,1,0,1,1
handelaar,0,0,0,0,0,0,0,0,0,0
omgang,0,0,0,0,0,0,0,0,0,0
transacties,0,0,0,0,0,0,0,0,0,1
decaan,0,0,0,0,0,0,0,0,0,0
lief,0,0,0,0,0,0,1,0,0,0
gebrek,0,0,0,0,0,0,0,0,0,0
dood,1,1,1,1,0,1,0,1,1,0
debacle,0,0,0,1,0,1,0,1,0,0
discutabel,0,0,0,0,0,0,0,0,0,0
debat,0,0,0,0,0,0,1,0,0,0
losbandigheid,0,0,1,1,0,1,0,0,0,0
obligatie,0,1,0,0,0,0,0,0,0,0
debiteren,0,0,0,0,0,0,0,0,0,0
brokstukken,0,0,1,0,0,1,0,0,0,0
schuld,0,0,0,0,0,1,0,1,0,0
schuldenaar,0,0,0,0,0,1,0,0,0,0
debuut,0,0,0,0,0,0,0,0,0,0
decennium,0,0,0,0,0,0,0,0,0,0
karaf,0,0,0,0,0,0,0,0,0,0
verval,0,0,0,1,0,1,0,1,0,0
vervallen,0,0,1,0,0,1,0,1,0,0
overleden,0,0,0,0,0,1,0,1,0,0
bedrog,1,0,1,1,0,1,0,1,1,0
bedrieglijk,0,0,1,0,0,1,0,1,0,0
bedriegen,1,0,1,0,0,1,0,1,0,0
bedrogen,1,0,0,0,0,1,0,0,0,0
bedriegen,0,0,0,0,0,1,0,0,0,1
fatsoen,0,0,0,0,0,0,1,0,0,0
redelijk,0,0,0,0,0,0,1,0,0,0
teleurstelling,0,0,0,0,0,1,0,0,0,0
bedrieglijk,0,0,0,0,0,1,0,0,0,0
beslist,0,0,0,0,0,0,0,0,0,0
bladverliezend,0,0,0,0,0,0,0,0,0,0
decimale,0,0,0,0,0,0,0,0,0,0
ontcijferen,0,0,0,0,0,0,0,0,0,0
beslissing,0,0,0,0,0,0,0,0,0,0
besluitvol,0,0,0,0,0,0,0,0,0,0
dek,0,0,0,0,0,0,0,0,0,0
verklaring,0,0,0,0,0,0,0,0,0,0
declaratoir,0,0,0,0,0,0,1,0,0,0
verklaren,0,0,0,0,0,0,0,0,0,0
declinatie,0,0,0,0,0,1,0,0,0,0
afwijzen,0,0,0,0,0,1,0,0,0,0
afnemend,0,0,0,0,0,1,0,0,0,0
ontleden,0,0,1,0,0,0,0,0,0,0
ontbonden,0,0,0,0,0,0,0,1,0,0
ontleding,0,0,1,1,0,1,0,1,0,0
versieren,0,0,0,0,0,0,0,0,0,0
decoratie,0,0,0,0,0,0,0,0,0,0
decorum,0,0,0,0,0,0,0,0,0,0
lokaas,0,0,0,0,0,0,0,0,1,0
kleiner worden,0,0,0,0,0,1,0,0,0,0
afgenomen,0,0,0,0,0,0,0,0,0,0
afnemend,0,0,0,0,0,0,0,0,0,0
besluit,0,0,0,0,0,0,0,0,0,0
verlagen,0,0,0,0,0,1,0,0,0,0
afgeleefd,0,0,0,0,0,1,0,0,0,0
afkeuren,1,0,0,0,0,1,0,0,0,0
toewijding,0,0,0,0,0,0,1,0,0,0
afleiden,0,0,0,0,0,0,0,0,0,0
aftrekken,0,0,0,0,0,1,0,0,0,0
aftrek,0,0,0,0,0,0,0,0,0,0
akte,0,0,0,0,0,0,0,0,0,1
verdiepen,0,0,0,0,0,0,0,0,0,0
hert,0,0,0,0,0,0,0,0,0,0
geroddel,0,0,1,1,0,1,0,0,0,0
lasterlijk,1,0,0,0,0,1,0,0,0,0
standaard,0,0,1,1,0,1,0,1,0,0
verlies,0,0,0,0,0,1,0,0,0,0
verslagen,0,0,0,0,0,1,0,1,0,0
defect,1,0,0,0,0,1,0,0,0,0
afvalligheid,0,0,0,1,0,1,0,0,0,0
defecte,0,0,1,0,0,1,0,0,0,0
verdedigen,0,0,0,1,0,0,1,0,0,0
verweerder,1,0,0,1,0,0,0,1,0,0
verdedigd,0,0,0,0,0,0,1,0,0,1
verdediger,0,0,0,0,0,0,1,0,0,1
verdedigen,0,0,0,0,0,0,1,0,0,0
verdediging,1,1,0,1,0,0,1,0,0,0
weerloos,0,0,0,1,0,1,0,1,0,0
verdedigbaar,0,0,0,0,0,0,0,0,0,0
defensief,0,0,0,0,0,0,0,0,0,0
verschuiven,0,0,0,0,0,0,0,0,0,0
eerbied,0,0,0,0,0,0,1,0,0,1
uitstel,0,0,0,0,0,1,0,0,0,0
uitstellen,0,0,0,0,0,0,0,0,0,0
trotsering,1,0,1,1,0,1,0,0,0,0
provocerend,1,0,0,0,0,1,0,0,0,0
tekort,0,0,0,0,0,1,0,0,0,0
tekort,0,0,0,0,0,1,0,0,0,0
definiëren,0,0,0,0,0,0,0,0,0,0
bepaald,0,0,0,0,0,0,0,0,0,0
definitie,0,0,0,0,0,0,0,0,0,0
definitief,0,0,0,0,0,0,1,0,0,1
leeglopen,1,0,0,0,0,1,0,1,0,0
deflatie,0,0,0,1,0,1,0,0,0,0
afbuigen,0,0,0,0,0,0,0,0,0,0
doorbuiging,0,0,0,0,0,0,0,0,0,0
ontmaagding,0,0,0,0,0,0,0,0,0,0
vervormen,0,0,1,0,0,1,0,0,0,0
misvormd,0,0,1,0,0,1,0,1,0,0
misvorming,0,0,1,1,0,1,0,1,0,0
bedriegen,1,0,1,0,0,1,0,0,0,0
bekostigen,0,0,0,0,0,0,0,0,0,0
behendig,0,0,0,0,0,0,0,0,0,0
ter ziele,0,0,0,0,0,1,0,1,0,0
trotseren,1,0,0,1,0,1,0,1,1,0
degeneratie,1,0,1,0,0,1,0,1,0,0
ontaarden,0,0,0,0,0,1,0,0,0,0
degeneratie,0,0,0,0,0,0,0,0,0,0
degradatie,0,0,0,0,0,1,0,0,0,0
degraderen,0,0,1,0,0,1,0,0,0,0
vernederend,0,0,1,1,0,1,0,1,0,0
rang,0,0,0,0,0,0,1,0,0,0
uitgedroogd,0,0,0,0,0,0,0,0,0,0
vertraging,1,0,1,1,0,1,0,1,0,0
vertraagd,0,0,0,0,0,1,0,0,0,0
verrukkelijk,0,0,0,0,0,0,1,0,0,0
delegeren,0,0,0,0,0,0,1,0,0,1
delegatie,0,0,0,0,0,0,0,0,0,0
schadelijk,1,0,1,1,0,1,0,0,0,0
verwijdering,0,0,0,0,0,1,0,0,0,0
opzettelijk,0,0,0,0,0,0,1,0,0,0
beraadslaging,0,0,0,0,0,0,0,0,0,0
deliberatief,0,0,0,0,0,0,0,0,0,0
delicatesse,0,0,0,0,0,0,0,0,0,0
verrukkelijk,0,0,0,0,1,0,1,0,0,0
vreugde,0,1,0,0,1,0,1,0,0,0
verheugd,0,1,0,0,1,0,1,0,1,0
verrukkelijk,0,1,0,0,1,0,1,0,0,1
afbakenen,0,0,0,0,0,0,0,0,0,0
afbakening,0,0,0,0,0,0,0,0,0,0
delinquentie,0,0,0,0,0,1,0,0,0,0
delinquent,1,0,1,0,0,1,0,0,0,0
uitzinnig,0,0,0,0,0,1,0,1,0,0
delirium,0,0,1,0,0,1,0,1,0,0
verlossing,0,1,0,0,1,0,1,0,0,1
levering,0,1,0,0,0,0,1,0,0,0
dell,0,0,0,0,0,0,0,0,0,0
delta,0,0,0,0,0,0,0,0,0,0
zondvloed,0,0,0,1,0,1,0,1,1,0
waanidee,1,0,0,1,0,1,0,1,0,0
misleidend,1,0,0,1,0,1,0,0,0,0
graven,0,0,0,0,0,0,0,0,0,0
vraag naar,1,0,0,0,0,1,0,0,0,0
veeleisend,0,0,0,0,0,1,0,0,0,0
houding,0,0,0,0,0,0,0,0,0,0
dementerend,0,0,0,1,0,1,0,0,0,0
Dementie,0,0,0,1,0,1,0,1,0,0
ondergang,0,0,0,1,0,1,0,1,0,0
democratie,0,0,0,0,0,0,1,0,0,0
democraat,0,0,0,0,0,0,0,0,0,0
slopen,1,0,0,0,0,1,0,1,0,0
sloop,0,0,0,0,0,1,0,0,0,0
demon,1,0,1,1,0,1,0,1,0,0
demonisch,1,0,1,1,0,1,0,1,0,0
aantoonbaar,0,0,0,0,0,0,1,0,0,0
tonen,0,0,0,0,0,0,0,0,0,0
gedemonstreerd,0,0,0,0,0,0,0,0,0,0
demonstreren,0,0,0,0,0,0,0,0,0,0
demonstratie,0,0,0,0,0,0,0,0,0,0
demonstratief,0,0,0,0,1,0,1,1,0,0
demonstrant,0,0,0,0,0,0,0,0,0,0
gedemoraliseerd,0,0,0,1,0,1,0,1,0,0
demo's,0,0,0,0,0,0,0,0,0,0
den,0,0,0,0,0,0,0,0,0,0
ontkenning,0,0,0,0,0,1,0,0,0,0
geweigerd,0,0,0,0,0,1,0,1,0,0
denominatie,0,0,0,0,0,0,0,0,0,0
confessioneel,0,0,0,0,0,0,0,0,0,0
noemer,0,0,0,0,0,0,0,0,0,0
duiden op,0,0,0,0,0,0,0,0,0,0
aangeven,1,0,1,0,0,1,0,0,0,0
gespannen,0,0,0,0,0,0,0,0,0,0
dikte,0,0,0,0,0,0,0,0,0,0
deuk,0,0,0,0,0,0,0,0,0,0
tandheelkunde,0,0,0,1,0,0,0,0,0,0
opzegging,1,0,1,1,0,1,0,0,0,0
ontkennen,1,0,0,0,0,1,0,0,0,0
ontkennen,0,1,0,0,0,1,0,0,0,0
deodorant,0,0,0,0,0,0,0,0,0,0
vertrekken,0,1,0,0,0,0,0,1,0,0
vertrokken,0,0,0,0,0,1,0,1,0,0
afdeling,0,0,0,0,0,0,0,0,0,0
vertrek,0,0,0,0,0,1,0,1,0,0
afhangen,0,1,0,0,0,0,0,0,0,1
afhankelijk,0,0,0,0,0,0,0,0,0,0
afhankelijkheid,0,0,0,1,0,1,0,1,0,0
afhankelijkheid,0,0,0,0,0,1,0,0,0,0
afhankelijk,0,0,0,0,0,1,1,0,0,1
verbeelden,0,0,0,0,0,0,0,0,0,0
beeltenis,0,0,0,0,0,0,0,0,0,0
uitputting,0,0,0,0,0,0,0,0,0,0
betreurenswaardig,1,0,1,1,0,1,0,1,0,0
betreuren,1,0,1,0,0,1,0,1,0,0
inzetten,0,0,0,0,0,0,0,0,0,0
deporteren,0,0,0,1,0,1,0,1,0,0
deportatie,1,0,0,1,0,1,0,1,0,0
borg,0,0,0,0,0,0,0,0,0,0
bewaarder,0,0,0,0,0,0,0,0,0,0
afzetting,0,0,0,0,0,0,0,0,0,0
bewaarplaats,0,0,0,0,0,0,0,0,0,1
depot,0,0,0,0,0,0,0,0,0,0
verdorven,1,1,1,1,0,1,0,1,0,0
verdorvenheid,1,0,1,0,0,1,0,0,0,0
afschrijven,1,0,1,0,0,1,0,0,0,0
afgeschreven,1,0,1,1,0,1,0,1,0,0
afschrijving,0,0,0,1,0,1,0,0,0,0
deprimeren,0,0,0,1,0,1,0,1,0,0
depressief,1,0,0,1,0,1,0,1,0,0
deprimerend,0,0,1,0,0,1,0,1,0,0
depressie,0,0,0,0,0,1,0,1,0,0
depressief,0,0,0,0,0,1,0,1,0,0
ontbering,1,0,1,1,0,1,0,1,0,0
diepte,0,0,0,0,0,0,1,0,0,1
plaatsvervanger,0,0,0,0,0,0,0,0,0,1
ontsporen,0,0,0,0,0,0,0,0,0,0
gestoord,1,0,1,1,0,1,0,0,0,0
verlaten,0,0,0,0,0,1,0,0,0,0
spot,1,0,1,0,0,1,0,0,0,0
afleiding,0,0,0,0,0,0,0,0,0,0
derivaat,0,0,0,0,0,0,0,0,0,0
afleiden,0,0,0,0,0,0,0,0,0,0
dermaal,0,0,0,0,0,0,0,0,0,0
dermatoloog,0,0,0,0,0,0,0,0,0,1
dermatologie,0,0,0,0,0,0,0,0,0,0
afwijking,1,0,1,1,0,1,0,1,0,0
denigrerend,1,0,1,1,0,1,0,1,0,0
afdalen,0,0,0,0,0,0,0,0,0,0
afstammeling,0,0,0,0,0,0,0,0,0,0
afstammeling,0,0,0,0,0,0,0,0,0,0
aflopend,0,0,0,0,0,0,0,0,0,0
herkomst,0,0,0,1,0,0,0,1,0,0
beschrijven,0,0,0,0,0,0,0,0,0,0
Omschrijving,0,0,0,0,0,0,0,0,0,0
beschrijvend,0,0,0,0,0,0,1,0,0,0
ontheiliging,1,0,1,1,0,1,0,1,0,0
woestijn,1,0,1,1,0,1,0,1,0,0
uitgestorven,1,0,1,1,0,1,0,1,0,0
desertie,0,0,0,0,0,1,0,0,0,0
verdien,1,1,0,0,0,0,1,0,0,1
verdiend,0,0,0,0,0,0,1,0,0,0
verdienstelijk,0,0,0,0,0,0,0,0,0,0
ontwerp,0,0,0,0,0,0,0,0,0,0
aanwijzen,0,0,0,0,0,0,0,0,0,0
aanduiding,0,0,0,0,0,0,0,0,0,1
ontworpen,0,0,0,0,0,0,0,0,0,0
ontwerper,0,0,0,0,0,0,1,0,0,0
ontwerpen,0,0,0,0,0,0,0,0,0,0
wenselijkheid,0,0,0,0,0,0,0,0,0,0
wenselijk,0,0,0,0,0,0,1,0,0,0
verlangend,0,0,0,0,0,0,1,0,0,0
verlangend,0,0,0,0,0,0,1,0,0,0
ophouden,1,0,1,0,0,1,0,0,0,0
bureau,0,0,0,0,0,0,0,0,0,0
verwoesting,0,0,0,1,0,1,0,1,0,0
wanhoop,1,0,1,1,0,1,0,1,0,0
wanhopig,0,0,0,1,0,1,0,1,0,0
verzending,0,0,0,0,0,0,0,0,0,0
wanhopig,0,0,0,0,0,1,0,0,0,0
wanhoop,0,0,0,0,0,0,0,0,0,0
verachtelijk,1,0,1,0,0,1,0,0,0,0
verachten,1,0,1,0,0,1,0,0,0,0
despotisch,0,0,0,1,0,1,0,0,0,0
despotisme,1,0,1,1,0,1,0,1,0,0
nagerecht,0,0,0,0,0,0,0,0,0,0
bestemming,0,1,0,1,1,0,1,1,1,0
voorbestemd,0,1,0,0,0,0,0,0,0,0
lotsbestemming,0,0,0,0,0,0,0,0,0,0
berooid,0,0,0,1,0,1,0,1,0,0
vernietigd,1,0,0,1,0,1,0,1,0,0
torpedojager,1,0,0,1,0,1,0,0,0,0
vernietigen,1,0,0,1,0,1,0,1,0,0
verwoesting,1,0,0,0,0,1,0,0,0,0
destructief,1,0,1,1,0,1,0,0,0,0
losmaken,0,0,0,0,0,0,0,0,0,0
losgemaakt,0,0,0,0,0,0,0,0,0,0
onthechting,0,0,0,0,0,1,0,0,0,0
detail-,0,0,0,0,0,0,0,0,0,0
details,0,0,0,0,0,0,0,0,0,0
vasthouden,0,0,0,0,0,1,0,0,0,0
gedetineerde,1,1,0,1,0,1,0,1,0,0
detecteren,0,0,0,0,0,0,1,0,0,0
detecteerbaar,0,0,0,0,0,0,0,0,0,0
detectie,0,0,0,0,0,0,1,0,0,0
detective,0,0,0,0,0,0,0,0,0,0
detector,0,0,0,0,0,0,0,0,0,0
Nablijven,0,0,0,0,0,1,0,1,0,0
afschrikken,0,0,0,0,0,0,0,0,0,0
wasmiddel,0,0,0,0,0,0,0,0,0,0
verslechteren,0,0,0,1,0,1,0,1,0,0
verslechterd,0,0,1,0,0,1,0,1,0,0
verslechtering,1,0,1,1,0,1,0,1,0,0
bepaalbaar,0,0,0,0,0,0,0,0,0,0
bepalen,0,1,0,0,0,0,0,0,0,1
bepaling,0,0,0,0,0,0,1,0,0,1
bepaald,0,0,0,0,0,0,1,0,0,0
verafschuwen,1,0,1,0,0,1,0,0,0,0
ontploffen,0,0,0,1,0,1,0,0,1,0
ontploffing,1,0,0,0,0,0,0,0,0,0
Omleiding,0,0,0,0,0,0,0,0,0,0
afleiden,1,0,0,0,0,1,0,0,0,0
nadeel,0,0,0,0,0,1,0,0,0,0
nadelig,0,0,0,0,0,1,0,0,0,0
afval,0,0,0,0,0,1,0,0,0,0
deuce,0,0,0,0,0,0,0,0,0,0
verwoesten,1,0,0,1,0,1,0,1,0,0
verwoestend,1,0,1,1,0,1,0,1,0,1
verwoesting,1,0,0,1,0,1,0,1,1,0
ontwikkelen,0,1,0,0,0,0,1,0,0,0
ontwikkelen,0,0,0,0,0,0,0,0,0,0
ontwikkeling,0,0,0,0,0,0,0,0,0,0
afwijken,0,0,0,0,0,0,0,0,0,0
afwijkend,0,0,0,0,0,0,0,0,0,0
afwijking,0,0,0,0,0,0,0,1,0,0
apparaat,0,0,0,0,0,0,0,0,0,0
duivel,1,1,1,1,0,1,0,1,0,0
duivels,0,0,1,1,0,1,0,0,0,0
omslachtig,0,0,0,0,0,1,0,0,0,0
bedenken,0,0,0,0,0,0,0,0,0,0
verstoken,0,0,0,0,0,0,0,0,0,0
deconcentratie,0,0,0,0,0,1,0,0,0,0
overgaan,0,0,0,0,0,0,0,0,0,0
toewijden,0,0,0,0,0,0,0,0,0,0
toegewijde,0,0,0,0,0,0,0,0,0,0
devotionele,0,0,0,0,0,0,1,0,0,1
verslinden,0,0,0,0,0,1,0,0,0,0
vroom,0,1,0,0,1,0,1,0,0,1
dauw,0,0,0,0,0,0,0,0,0,0
rechts,0,0,0,0,0,0,0,0,0,0
behendigheid,0,0,0,0,0,0,1,0,0,0
dextrose,0,0,0,0,0,0,0,0,0,0
duivels,1,0,1,1,0,1,0,0,0,0
diagnose,0,1,0,1,0,1,0,0,0,1
diagnostisch,0,0,0,0,0,0,0,0,0,0
diagnostiek,0,0,0,0,0,0,0,0,0,0
diagram,0,0,0,0,0,0,0,0,0,0
bellen,0,0,0,0,0,0,0,0,0,0
dialect,0,0,0,0,0,0,0,0,0,0
dialectiek,0,0,0,0,0,0,0,0,0,0
dialoog,0,0,0,0,0,0,0,0,0,0
diameter,0,0,0,0,0,0,0,0,0,0
diamant,0,0,0,0,1,0,1,0,0,0
diamanten,0,0,0,0,0,0,0,0,0,0
luier,0,0,1,0,0,0,0,0,0,0
diafragma,0,0,0,0,0,0,0,0,0,0
diarree,0,0,1,0,0,0,0,0,0,0
dagboek,0,0,0,0,1,0,1,0,0,1
tirade,1,0,1,0,0,1,0,0,0,0
Dobbelsteen,0,0,0,0,0,0,0,0,0,0
dichotoom,0,0,0,0,0,0,0,0,0,0
dichotomie,0,0,0,0,0,0,0,0,0,0
dicteren,0,0,0,0,0,0,0,0,0,0
dictaat,0,0,0,0,0,0,0,0,0,0
dictator,0,0,0,1,0,1,0,0,0,0
dictatoriaal,1,0,0,0,0,1,0,0,0,0
dictatuur,1,1,1,1,0,1,0,1,0,0
dictie,0,0,0,0,0,0,0,0,0,0
woordenboek,0,0,0,0,0,0,1,0,0,1
uitspraak,0,0,0,0,0,0,0,0,0,1
didactisch,0,0,0,0,0,0,1,0,0,0
dood gaan,0,0,0,1,0,1,0,1,0,0
eetpatroon,0,0,0,0,0,0,0,0,0,0
dieet,0,1,0,0,0,0,1,0,0,0
verschillen,0,0,0,0,0,0,0,0,0,0
verschil,0,0,0,0,0,0,0,0,0,0
verschillen,0,0,0,0,0,0,0,0,0,0
differentieel,0,0,0,0,0,0,0,0,0,1
differentiatie,0,0,0,0,0,0,0,0,0,0
anders,0,0,0,0,0,0,0,0,1,0
verschillend,0,0,0,0,0,0,0,0,0,0
moeilijk,0,0,0,1,0,0,0,0,0,0
moeilijkheden,0,0,0,0,0,1,0,1,0,0
moeilijkheid,1,0,0,1,0,1,0,1,0,0
diffuus,0,0,0,0,0,0,0,0,0,0
diffusie,0,0,0,0,0,0,0,0,0,0
graven,0,0,0,0,0,0,0,0,0,0
verteren,0,0,0,0,0,0,0,0,0,0
spijsvertering,0,0,0,0,0,0,0,0,0,0
cijfer,0,0,0,0,0,0,0,0,0,1
waardig,0,0,0,0,0,0,1,0,0,0
waardigheid,0,0,0,0,0,0,1,0,0,1
dwaal af,0,1,0,0,0,1,0,0,0,0
opgravingen,0,0,0,0,0,0,0,0,0,0
dijk,0,0,0,1,0,0,0,0,0,0
vervallen,0,0,1,0,0,1,0,1,0,0
dilatatie,0,0,0,0,0,0,0,0,0,0
verwijding,0,0,0,0,0,0,0,0,0,0
dilemma,0,0,0,0,0,0,0,0,0,0
zorgvuldigheid,0,0,0,0,0,0,1,0,0,1
ijverig,0,0,0,0,0,0,0,0,0,0
verdunningsmiddel,0,0,0,0,0,0,0,0,0,0
verdund,0,0,0,0,0,1,0,0,0,0
verdund,0,0,0,0,0,0,0,0,0,0
verdunning,0,0,0,0,0,0,0,0,0,0
dubbeltje,0,0,0,0,0,0,0,0,0,0
dimensie,0,0,0,0,0,0,0,0,0,0
verminderen,0,0,0,0,0,1,0,1,0,0
verminderd,0,0,0,0,0,1,0,0,0,0
vermindering,0,0,0,0,0,0,0,0,0,0
verkleinwoord,0,0,0,0,0,0,0,0,0,0
din,0,0,0,0,0,1,0,0,0,0
dineren,0,0,0,0,0,0,0,0,0,0
diner,0,0,0,0,0,0,0,0,0,0
diner,0,0,0,0,0,0,1,0,0,0
dinosaurus,0,0,0,1,0,0,0,0,0,0
dint,0,0,0,0,0,0,0,0,0,0
diocesane,0,0,0,0,0,0,0,0,0,0
bisdom,0,0,0,0,0,0,0,0,0,0
diorama,0,0,0,0,0,0,0,0,0,0
duik,0,0,0,0,0,0,0,0,0,0
diploma,0,0,0,0,0,0,0,0,0,0
diplomatie,0,1,0,0,0,0,1,0,0,1
diplomaat,0,0,0,0,0,0,0,0,0,0
diplomatiek,0,0,0,0,0,0,1,0,0,1
verschrikkelijk,0,0,1,1,0,1,0,1,1,0
geregisseerd,0,0,0,0,0,0,0,0,0,0
richting,0,0,0,0,0,0,0,0,0,0
direct,0,0,0,0,0,0,0,0,0,0
regisseur,0,0,0,0,0,0,1,0,0,1
map,0,0,0,0,0,0,0,0,0,0
aarde,0,0,1,0,0,1,0,0,0,0
vies,0,0,1,0,0,1,0,0,0,0
onbekwaamheid,0,0,0,0,0,1,0,1,0,0
uitzetten,0,0,0,1,0,1,0,1,0,0
gehandicapt,0,0,0,1,0,1,0,1,0,0
nadeel,0,0,0,0,0,0,0,0,0,0
ontevreden,0,0,0,0,0,1,0,0,0,0
het oneens zijn,1,0,0,0,0,1,0,0,0,0
onaangenaam,0,0,0,0,0,0,0,0,0,0
oneens zijn,1,0,0,0,0,1,0,1,0,0
onenigheid,1,0,0,0,0,1,0,1,0,0
niet toestaan,0,0,0,0,0,0,0,0,0,0
niet toegestaan,1,0,1,1,0,1,0,1,0,0
verdwijnen,0,0,0,1,0,0,0,0,0,0
verdwijning,0,0,0,0,0,0,0,0,0,0
verdwijnen,0,0,0,0,0,0,0,0,0,0
teleurstellen,1,0,1,0,0,1,0,1,0,0
teleurgesteld,1,0,1,0,0,1,0,1,0,0
teleurstellend,0,0,0,0,0,1,0,1,0,0
teleurstelling,0,0,1,0,0,1,0,1,0,0
afkeuring,0,0,0,0,0,1,0,1,0,0
afkeuren,1,0,1,1,0,1,0,1,0,0
afgekeurd,1,0,0,0,0,1,0,1,0,0
afkeurend,1,0,1,0,0,1,0,1,0,0
ontwapenen,0,0,0,0,0,0,0,0,0,0
wanorde,0,0,0,0,0,0,0,0,0,0
ramp,1,0,1,1,0,1,0,1,1,0
rampzalig,1,0,0,1,0,1,0,1,0,0
ontbinden,0,0,0,0,0,0,0,0,0,0
ongeloof,0,0,0,0,0,0,0,0,0,0
niet geloven,0,0,0,0,0,1,0,0,0,0
betalen,0,0,0,0,0,0,0,0,0,0
uitbetaling,0,0,0,0,0,0,0,0,0,0
schijf,0,0,0,0,0,0,0,0,0,0
weggegooid,0,0,0,0,0,0,0,0,0,0
weggooien,0,0,0,0,0,1,0,0,0,0
onderscheiden,0,0,0,0,0,0,0,0,0,0
waarneembaar,0,0,0,0,0,0,0,0,0,0
onderscheidend,0,0,0,0,0,0,0,0,0,0
inzicht,0,0,0,0,0,0,0,0,0,0
afvoer,0,0,0,0,0,1,0,0,0,0
discipel,0,0,0,0,0,0,0,0,0,1
discipline,0,0,0,1,0,1,0,0,0,0
afwijzen,1,0,1,0,0,1,0,0,0,1
vrijwaring,0,0,0,0,0,0,0,0,0,0
openbaren,0,0,0,0,0,0,0,0,0,0
onthuld,0,0,0,0,0,0,0,0,0,1
openbaring,0,0,0,0,0,0,0,0,0,0
verkleuring,0,0,1,0,0,1,0,0,0,0
verkleurd,0,0,1,0,0,1,0,1,0,0
ongemak,0,0,0,0,0,1,0,1,0,0
verbinding verbreken,0,0,0,0,0,1,0,1,0,0
verbinding verbroken,0,0,0,0,0,1,0,1,0,0
verbroken verbinding,0,0,0,0,0,1,0,0,0,0
ontevredenheid,1,0,1,1,0,1,0,1,0,0
stopzetting,0,0,0,0,0,0,0,0,0,0
stopzetten,0,0,0,0,0,1,0,0,0,0
discontinuïteit,0,0,1,1,0,1,0,1,0,0
discontinu,0,0,0,0,0,0,0,0,0,0
meningsverschil,1,0,1,0,0,1,0,0,0,0
korting,0,0,0,0,0,0,0,0,0,0
afgeprijsd,0,0,0,0,0,0,0,0,0,0
ontmoedigen,0,0,0,1,0,1,0,1,0,0
ontmoedigd,0,0,0,0,0,0,0,0,0,0
ontmoediging,0,0,0,0,0,1,0,0,0,0
gesprek,0,0,0,0,0,0,0,0,0,0
Ontdek,0,0,0,0,0,0,0,0,0,0
ontdekking,0,0,0,0,0,0,1,0,0,0
diskrediet,0,0,0,0,0,1,0,0,0,0
discreet,0,1,0,0,0,0,1,0,0,0
verschil,0,0,0,0,0,0,0,0,0,0
discreet,0,0,0,0,0,0,0,0,0,0
discretie,0,1,0,0,0,0,1,0,0,1
discretionair,0,0,0,0,0,0,1,0,0,0
discrimineren,1,0,0,0,0,1,0,1,0,0
discriminerend,0,0,1,0,0,1,0,0,0,0
discriminatie,1,0,1,1,0,1,0,1,0,0
discus,0,0,0,0,0,0,0,0,0,0
bespreken,0,0,0,0,0,0,0,0,0,0
discussie,0,0,0,0,0,0,1,0,0,0
ongenoegen,1,0,1,0,0,1,0,0,0,0
ziekte,1,0,1,1,0,1,0,1,0,0
ziek,0,0,1,1,0,1,0,1,0,0
onstoffelijk,0,0,0,1,0,1,0,1,0,0
ontkoppelen,0,0,0,0,0,0,0,0,0,0
terugtrekking,0,0,0,0,0,1,0,0,0,0
misvormd,1,0,1,1,0,1,0,1,0,0
schande,1,0,1,0,0,1,0,1,0,0
in ongenade gevallen,1,0,1,0,0,1,0,1,0,0
schandelijk,1,0,1,0,0,1,0,0,0,0
ontevreden,1,0,1,0,0,1,0,1,0,0
vermomming,0,0,0,0,0,0,0,0,0,0
vermomd,0,0,0,0,0,0,0,0,0,0
walging,1,0,1,1,0,1,0,1,0,0
afschuwelijk,1,0,1,1,0,1,0,0,0,0
gerecht,0,0,0,0,0,0,0,0,0,0
ontmoedigd,0,0,0,0,0,1,0,1,0,0
ontmoedigend,0,0,0,0,0,1,0,1,0,0
oneerlijk,1,0,1,0,0,1,0,1,0,0
oneerlijkheid,0,0,1,0,0,1,0,0,0,0
onteren,1,0,1,1,0,1,0,1,0,0
ontgoocheling,1,0,1,0,0,1,0,1,0,0
desinfecteren,0,0,0,0,0,0,0,0,0,0
ontsmettingsmiddel,0,0,0,0,0,0,0,0,0,0
desinfectie,0,0,0,0,0,0,1,0,0,0
desinformatie,1,0,0,1,0,1,0,0,0,0
oneerlijk,0,0,1,0,0,1,0,0,0,0
uiteenvallen,0,0,1,1,0,1,0,0,0,0
desintegratie,0,0,0,0,0,1,0,0,0,0
ongeïnteresseerd,0,0,0,0,0,1,0,0,0,0
onsamenhangend,0,0,0,0,0,0,0,0,0,0
onsamenhangend,0,0,0,0,0,0,0,0,0,0
disjunctief,0,0,0,0,0,0,0,0,0,0
schijf,0,0,0,0,0,0,0,0,0,0
diskette,0,0,0,0,0,0,0,0,0,0
afkeer,1,0,1,0,0,1,0,0,0,0
niet leuk gevonden,1,0,0,0,0,1,0,1,0,0
uit de kom,1,0,1,1,0,1,0,1,0,0
ontwrichting,0,0,0,0,0,0,0,0,0,0
losmaken,0,0,0,0,0,0,0,0,0,0
somber,0,0,1,1,0,1,0,1,0,0
verslagenheid,1,1,0,1,0,1,0,1,1,0
verbrokkeling,0,0,1,1,0,1,0,1,0,0
afwijzen,0,0,0,0,0,0,0,0,0,0
ontslag,1,0,1,1,0,1,0,1,1,0
afstappen,0,0,0,0,0,0,0,0,0,0
ongehoorzaamheid,1,0,1,0,0,1,0,0,0,0
ongehoorzaam,1,0,0,0,0,1,0,0,0,0
ongehoorzaam zijn,1,0,1,0,0,1,0,0,0,0
wanorde,0,0,0,1,0,1,0,0,0,0
wanordelijk,0,0,0,0,0,1,0,0,0,0
ongeorganiseerd,0,0,0,0,0,1,0,0,0,0
kleineren,1,0,1,0,0,1,0,1,0,0
minachtend,1,0,1,0,0,1,0,1,0,0
ongelijksoortig,0,0,0,0,0,0,0,0,0,0
ongelijkheid,1,0,1,0,0,1,0,1,0,0
emotieloos,0,0,0,0,0,1,0,1,0,0
verzenden,0,0,0,0,0,0,0,0,0,0
verdrijven,0,0,0,0,0,1,0,1,0,0
dispensatie,0,0,0,0,0,0,0,0,0,0
afzien,0,0,0,0,0,0,0,0,0,0
verspreiden,0,0,0,0,0,0,0,0,0,0
verspreid,0,0,0,0,0,0,0,0,0,0
spreiding,0,0,0,0,0,1,0,0,0,0
verdringen,0,0,0,0,0,1,0,0,0,0
ontheemd,1,0,0,1,0,0,0,1,0,0
verplaatsing,0,0,0,0,0,0,0,0,0,0
Scherm,0,0,0,0,0,0,0,0,0,0
niet tevreden,1,0,1,1,0,1,0,1,0,0
ongenoegen,0,0,1,0,0,1,0,0,0,0
beschikbaarheid,0,0,0,0,0,1,0,0,0,0
weggooien,0,0,1,0,0,0,0,0,0,0
verwijderd,0,1,0,0,0,0,1,0,0,1
gezindheid,0,0,0,0,0,0,0,0,0,0
onteigend,1,0,0,1,0,1,0,1,0,0
weerleggen,0,0,0,0,0,0,0,0,0,0
onenigheid,1,0,0,0,0,1,0,0,0,0
diskwalificatie,0,0,0,0,0,1,0,0,0,0
gediskwalificeerd,1,0,1,0,0,1,0,1,0,0
diskwalificeren,0,0,0,0,0,1,0,1,0,0
minachting,0,0,0,0,0,1,0,0,0,0
buiten beschouwing,0,0,1,0,0,1,0,0,0,0
berucht,1,0,1,1,0,1,0,0,0,0
in diskrediet brengen,0,0,0,0,0,0,0,0,0,0
gebrek aan respect,1,0,0,0,0,1,0,0,0,0
respectloos,1,0,1,1,0,1,0,1,0,0
ontregeling,1,0,0,1,0,1,0,0,1,0
ontevredenheid,0,0,0,0,0,1,0,0,0,0
ontevreden,0,0,0,0,0,0,0,0,0,0
ontleden,0,0,0,0,0,0,0,0,0,0
dissectie,0,0,1,0,0,0,0,0,0,0
verspreiden,0,0,0,0,0,0,1,0,0,0
verspreiding,0,0,0,0,0,0,0,0,0,0
onenigheid,1,0,0,0,0,1,0,0,0,0
onenigheid,0,0,0,0,0,0,0,0,0,0
afwijkende mening,0,0,0,0,0,1,0,0,0,0
proefschrift,0,0,0,0,0,0,0,0,0,0
slechte dienst,1,0,1,0,0,1,0,1,0,0
dissident,1,0,0,1,0,1,0,0,0,0
ongelijksoortig,0,0,0,0,0,0,0,0,0,0
verdrijven,0,0,0,0,0,0,0,0,0,0
verdreven,0,0,0,0,0,0,0,0,0,0
dissociatie,0,0,0,0,0,0,0,0,0,0
ontbinding,1,0,0,1,0,1,0,1,1,0
oplossen,0,0,0,0,0,0,0,0,0,0
dissonantie,1,0,0,0,0,1,0,0,0,0
ontmoedigen,0,0,0,0,0,0,0,0,0,0
distaal,0,0,0,0,0,0,0,0,0,0
afstand,0,0,0,0,0,0,0,0,0,0
afstandelijk,0,0,0,0,0,0,0,0,0,0
afkeer,0,0,1,0,0,1,0,0,0,0
onsmakelijk,0,0,1,0,0,1,0,0,0,0
distillaat,0,0,0,0,0,0,0,0,0,0
distillatie,0,0,0,0,0,0,1,0,0,0
onderscheid,0,0,0,0,0,0,1,0,0,0
kenmerkend,0,0,0,0,0,0,0,0,0,0
onderscheiden,0,0,0,0,0,0,0,0,0,0
te onderscheiden,0,0,0,0,0,0,0,0,0,0
onderscheidend,0,0,0,0,0,0,0,0,0,0
onderscheidend,0,0,0,0,0,0,0,0,0,0
vervormd,0,0,1,0,0,1,0,0,0,0
vervorming,0,0,0,0,0,1,0,0,0,0
afleiden,0,0,0,0,0,1,0,0,0,0
afgeleid,1,0,0,0,0,1,0,0,0,0
afleidend,1,1,0,0,0,1,0,0,0,0
afleiding,0,0,0,0,0,1,0,0,0,0
radeloos,0,0,0,0,0,1,0,1,0,0
angst,1,0,1,1,0,1,0,1,1,0
verdrietig,0,0,0,1,0,1,0,0,0,0
verontrustend,1,0,0,1,0,1,0,0,0,0
distribueren,0,0,0,0,0,0,0,0,0,0
verdeling,0,0,0,0,0,0,0,0,0,0
wijk,0,0,0,0,0,0,0,0,0,0
wantrouwen,1,0,1,1,0,1,0,0,0,0
verstoring,1,0,0,1,0,1,0,1,1,0
verstoord,1,0,0,0,0,1,0,1,0,0
onbruik,0,0,0,0,0,1,0,0,0,0
niet meer gebruikt,1,0,0,0,0,1,0,0,0,0
gleuf,0,0,0,0,0,0,0,0,0,0
idem dito,0,0,0,0,0,0,0,0,0,0
liedje,0,0,0,0,1,0,1,0,0,0
overdag,0,0,0,0,0,0,0,0,0,0
divan,0,0,0,0,0,0,0,0,0,1
duiken,0,0,0,0,0,0,0,0,0,0
duiker,0,0,0,0,0,0,0,0,0,0
divergeren,0,0,0,0,0,0,0,0,0,0
divergentie,0,0,0,0,0,0,0,0,0,0
uiteenlopend,0,0,0,0,0,1,0,0,1,0
divergerend,0,0,0,0,0,0,0,0,0,0
duikers,0,0,0,0,0,0,0,0,0,0
verschillend,0,0,0,0,0,1,1,0,0,0
gediversifieerd,0,0,0,0,0,0,1,0,0,0
diversifiëren,0,0,0,0,0,0,0,0,0,0
afleiding,0,0,0,0,0,0,1,0,1,0
diversiteit,0,0,0,0,0,0,0,0,0,0
omleiden,0,0,0,0,0,0,0,0,0,0
omleiden,0,0,0,0,0,0,0,0,0,0
afstoten,0,0,0,0,0,0,0,0,0,0
afgestoten,0,0,0,0,0,1,0,0,0,0
desinvestering,0,0,0,0,0,1,0,0,0,0
verdeling,0,0,0,0,0,0,0,0,0,0
verdeeld,0,0,0,0,0,0,0,0,0,0
dividend,0,0,0,0,0,0,0,0,0,0
waarzeggerij,0,1,0,0,0,0,0,0,0,0
goddelijk,0,0,0,0,0,0,0,0,0,0
goddelijkheid,0,0,0,0,0,0,1,0,0,0
deelbaar,0,0,0,0,0,0,0,0,0,0
divisie,0,0,0,0,0,0,0,0,0,0
deler,0,0,0,0,0,0,0,0,0,0
scheiding,1,0,1,1,0,1,0,1,1,1
onthullen,0,0,0,0,0,0,0,0,0,0
duizeligheid,0,0,0,0,0,1,0,0,0,0
duizelig,0,0,0,0,0,1,0,0,0,0
volgzaam,0,0,0,0,0,0,0,0,0,0
dok,0,0,0,0,0,0,0,0,0,0
aangemeerd,0,0,0,0,0,1,0,0,0,0
rol,0,0,0,0,0,0,0,0,0,0
dokter,0,0,0,0,0,0,1,0,0,1
leerstellig,0,0,0,0,0,0,0,0,0,0
leer,0,0,0,0,0,0,0,0,0,1
document,0,0,0,0,0,0,0,0,0,0
documentaire,0,0,0,0,0,0,0,0,0,0
slimmigheidje,0,0,0,0,0,0,0,0,0,0
ontwijken,0,0,0,0,0,0,0,0,0,0
doe,0,0,0,0,0,0,0,0,0,0
doener,0,0,0,0,0,0,1,0,0,0
hond,0,0,0,0,0,0,0,0,0,0
achtervolgd,0,0,0,0,0,0,1,0,0,0
dogma,0,0,0,0,0,0,0,0,0,1
dogmatisch,0,0,0,0,0,0,0,0,0,0
bezigheden,0,0,0,0,0,0,0,0,0,0
doe het,0,0,0,0,0,1,0,0,0,0
doldrums,0,0,0,0,0,1,0,1,0,0
uitkering,0,0,0,0,0,1,0,1,0,0
pop,0,0,0,0,1,0,0,0,0,0
dollar,0,0,0,0,0,0,0,0,0,0
dolor,0,0,0,0,0,1,0,1,0,0
dolfijn,0,0,0,0,1,0,1,0,1,1
domein,0,0,0,0,0,0,0,0,0,0
koepel,0,0,0,0,0,0,0,0,0,0
huiselijk,0,0,0,0,0,0,0,0,0,0
gedomesticeerd,0,0,0,0,0,0,0,0,0,0
domesticatie,0,0,0,0,0,0,0,0,0,0
woonplaats,0,0,0,0,0,0,0,0,0,0
gedomicilieerd,0,0,0,0,0,0,0,0,0,0
dominantie,0,0,0,0,0,0,0,0,0,0
dominant,0,0,0,1,0,1,0,0,0,0
domineren,1,0,0,1,0,1,1,0,0,0
domineren,0,0,0,0,0,0,0,0,0,0
overheersing,1,0,0,1,0,1,0,1,0,0
heerschappij,0,0,0,1,0,0,0,0,0,1
domino,0,0,0,0,0,0,0,0,0,0
maffiabaas,0,0,0,0,0,0,1,0,0,1
bijdrage,0,0,0,0,0,0,1,0,0,0
ezel,0,0,1,0,0,1,0,0,0,0
donateur,0,0,0,0,0,0,0,0,0,0
tekening,0,0,0,0,0,1,0,0,0,0
ondergang,0,0,0,1,0,1,0,0,0,0
gedoemd,0,0,0,1,0,1,0,1,0,0
dag des oordeels,1,1,1,1,0,1,0,1,0,0
deur-,0,0,0,0,0,0,0,0,0,0
deurbel,0,0,0,0,0,0,0,0,0,0
deuropening,0,0,0,0,0,0,0,0,0,0
slaperig,0,0,0,0,0,0,0,0,0,0
slaapzaal,0,0,0,0,0,0,0,0,0,0
dorsaal,0,0,0,0,0,0,0,0,0,0
dosis,0,0,0,0,0,0,0,0,0,0
punt,0,0,0,0,0,0,0,0,0,0
dubbele,0,0,0,0,0,0,0,0,0,0
verdubbeld,0,0,0,0,0,0,0,0,0,0
doublet,0,0,0,0,0,0,0,0,0,0
verdubbeling,0,0,0,0,0,0,0,0,0,0
twijfel,0,0,0,1,0,1,0,1,0,1
twijfelachtig,0,0,0,0,0,1,0,0,0,0
twijfelen,0,0,0,0,0,1,0,0,0,0
ongetwijfeld,0,0,0,0,0,0,1,0,0,1
douche,0,0,0,0,0,1,0,0,0,0
deeg,0,0,0,0,0,0,0,0,0,0
donut,0,0,0,0,0,0,0,0,0,0
dour,0,0,0,0,0,1,0,0,0,0
duif,0,1,0,0,1,0,1,0,0,1
neerslachtig,0,0,0,0,0,0,0,0,0,0
ondergang,0,0,0,1,0,1,0,1,0,0
bergafwaarts,0,0,0,0,0,0,0,0,0,0
stortbui,0,0,0,0,0,0,0,0,0,0
ronduit,0,0,0,0,0,0,0,0,0,1
donsachtig,0,0,0,0,0,0,1,0,0,0
bruidsschat,0,0,0,0,0,0,0,0,0,0
dommelen,0,0,0,0,0,0,0,0,0,0
dozijn,0,0,0,0,0,0,0,0,0,0
saai,0,0,0,0,0,1,0,1,0,0
voorlopige versie,0,1,0,0,0,0,0,0,0,0
sleuren,0,0,0,0,0,0,0,0,0,0
draak,0,0,0,1,0,0,0,0,0,0
droogleggen,0,0,0,0,0,0,0,0,0,0
afwatering,0,0,0,0,0,1,0,0,0,0
gedraineerd,0,0,0,0,0,0,0,0,0,0
mannetjeseend,0,0,0,0,0,0,0,0,0,0
drama,0,0,0,0,0,0,0,0,0,0
dramatisch,0,0,0,0,0,0,0,0,0,0
draperen,0,0,0,0,0,0,0,0,0,0
draperie,0,0,0,0,0,0,0,0,0,0
drastische,0,0,0,0,0,0,0,0,0,0
voorlopige versie,0,0,0,0,0,0,0,0,0,0
tekenen,0,0,0,0,0,0,0,0,0,0
nadeel,0,0,0,0,0,1,0,0,0,0
lade,0,0,0,0,0,0,0,0,0,0
laden,0,0,0,0,0,0,0,0,0,0
tekening,0,0,0,0,0,0,0,0,0,0
draad,0,1,0,1,0,1,0,0,0,0
vreselijk,1,1,1,1,0,1,0,1,0,0
vreselijk,0,0,1,1,0,1,0,1,1,0
droom,0,0,0,0,0,0,0,0,0,0
dromer,0,0,0,0,0,0,0,0,0,0
dromen,0,0,0,0,0,0,0,0,0,0
dromerig,0,0,0,0,0,0,0,0,0,0
somber,0,0,0,0,0,1,0,1,0,0
baggeren,0,0,0,0,0,0,0,0,0,0
doorweekt,0,0,0,0,0,0,0,0,0,0
dressoir,0,0,0,0,0,0,0,0,0,0
dribbelen,0,0,0,0,0,0,0,0,0,0
droog,0,0,0,0,0,0,0,0,0,0
droger,0,0,0,0,0,0,0,0,0,0
drift,0,0,0,0,0,0,0,0,0,0
afgedreven,0,0,0,0,0,0,0,0,0,0
oefening,0,0,0,0,0,0,0,0,0,0
drankje,0,0,0,0,0,0,0,0,0,0
drinken,0,0,0,0,0,1,0,0,0,0
druppelen,0,0,0,0,0,0,0,0,0,0
druipend,0,0,0,0,0,0,0,0,0,0
geklets,0,0,1,0,0,1,0,0,0,0
bestuurder,0,0,0,0,0,0,0,0,0,0
oprit,0,0,0,0,0,0,0,0,0,0
motregen,0,0,0,0,0,0,0,0,0,0
koddig,0,0,0,0,0,0,0,0,0,0
drone,0,0,0,0,0,1,0,0,0,0
kwijlen,0,0,1,0,0,0,0,0,0,0
hangend,0,0,0,0,0,1,0,0,0,0
druppel,0,0,0,0,0,0,0,0,0,0
druppel,0,0,0,0,0,0,0,0,0,0
droogte,0,0,0,0,0,1,0,0,0,0
reed,0,0,0,0,0,0,0,0,0,0
verdrinken,0,0,0,1,0,1,0,1,0,0
slaperigheid,0,0,0,0,0,1,0,0,0,0
slaperig,0,0,0,0,0,0,0,0,0,0
sleur,0,0,0,0,0,1,0,0,0,0
medicijn,0,0,0,0,0,0,0,0,0,0
gedrogeerd,0,0,0,0,0,0,0,1,0,0
drogisterij,0,0,0,0,0,0,0,0,0,0
druïde,0,0,0,0,0,0,0,0,0,0
trommel,0,0,0,0,0,0,0,0,0,0
drummer,0,0,0,0,0,0,0,0,0,0
drummen,0,0,0,0,0,0,0,0,0,0
dronken,0,0,1,0,0,1,0,0,0,0
dronkenschap,0,0,0,0,0,1,0,0,0,0
droog,0,0,0,0,0,0,0,0,0,0
droogte,0,0,0,0,0,0,0,0,0,0
dubbel,0,0,0,0,0,0,0,0,0,0
dualisme,0,0,0,0,0,0,0,0,0,0
dualiteit,0,0,0,0,0,0,0,0,0,0
dubben,0,0,0,0,0,0,0,0,0,0
dubieus,0,0,0,1,0,1,0,0,0,1
wegduiken,0,0,0,0,0,0,0,0,0,0
kanaal,0,0,0,0,0,0,0,0,0,0
ductiel,0,0,0,0,0,0,0,0,0,0
blindgangers,0,0,0,0,0,0,0,0,0,0
vanwege,0,0,0,0,0,0,0,0,0,0
duel,1,1,0,1,0,0,0,0,0,0
contributie,0,0,0,0,0,0,0,0,0,0
duet,0,0,0,0,0,0,1,0,0,0
uitgegraven,0,0,0,0,0,0,0,0,0,0
hertog,0,0,0,0,0,0,1,0,0,0
dof,0,0,0,0,0,1,0,1,0,0
dom,0,0,0,0,0,1,0,0,0,0
dummy,0,0,0,0,0,1,0,0,0,0
dumpen,0,0,0,0,0,0,0,0,0,0
stortplaatsen,1,0,0,0,0,1,0,1,0,0
dun,0,0,0,0,0,1,0,0,0,0
duin,0,0,0,0,0,0,0,0,0,0
mest,0,0,1,0,0,0,0,0,0,0
kerker,0,0,0,1,0,1,0,0,0,0
duo,0,0,0,0,0,0,0,0,0,0
dupe,1,0,0,0,0,1,0,0,0,0
duplex,0,0,0,0,0,0,0,0,0,0
duplicaat,0,0,0,0,0,0,0,0,0,0
duplicatie,0,0,0,0,0,0,0,0,0,0
dubbelhartigheid,1,0,0,0,0,1,0,0,0,0
duurzaamheid,0,0,0,0,0,0,1,0,0,1
duurzaam,0,0,0,0,0,0,1,0,0,1
looptijd,0,0,0,0,0,0,0,0,0,0
dwang,1,0,1,1,0,1,0,1,0,0
schemering,0,0,0,0,0,0,0,0,0,0
schemerig,0,0,0,0,0,0,0,0,0,0
stof,0,0,0,0,0,1,0,0,0,0
stofdoek,0,0,0,0,0,0,0,0,0,0
stoffig,0,0,0,0,0,0,0,0,0,0
plichtsgetrouw,0,1,0,0,0,0,1,0,0,1
dwerg,0,0,0,0,0,0,0,0,0,0
verkleind,0,0,0,1,0,1,0,1,0,0
uitweiden,0,0,0,0,0,0,0,0,0,0
bewoner,0,0,0,0,0,0,0,0,0,0
onderkomen,0,0,0,0,0,0,0,0,0,0
kleurstof,0,0,0,0,0,0,0,0,0,0
stervende,1,0,1,1,0,1,0,1,0,0
dijk,0,0,0,0,0,0,0,0,0,0
dynamisch,0,0,0,0,0,0,0,0,1,0
dynamisch,0,0,0,0,0,0,0,0,0,0
dynamiek,0,0,0,0,0,0,0,0,0,0
dynamiet,0,0,0,0,0,0,0,0,0,0
dynastie,0,0,0,0,0,0,0,0,0,0
dysenterie,0,0,1,0,0,1,0,1,0,0
dyspepsie,0,0,0,0,0,0,0,0,0,0
gretig,0,1,0,0,1,0,1,0,1,1
gretigheid,0,1,0,0,1,0,1,0,0,1
adelaar,0,0,0,0,0,0,0,0,0,1
oor,0,0,0,0,0,0,0,0,0,0
graaf,0,0,0,0,0,0,1,0,0,0
eerder,0,0,0,0,0,0,0,0,0,0
vroeg,0,0,0,0,0,0,0,0,0,0
verdienen,0,0,0,0,0,0,1,0,0,0
ernstig,0,0,0,0,0,0,1,0,0,0
ernstig,0,0,0,0,0,0,1,0,0,0
ernst,0,0,0,0,0,0,1,0,0,0
verdiensten,0,0,0,0,0,0,0,0,0,0
oorbel,0,0,0,0,0,0,0,0,0,0
gehoorsafstand,0,0,0,0,0,0,0,0,0,0
aarde,0,0,0,0,0,0,0,0,0,0
aardewerk,0,0,0,0,0,0,0,0,0,0
aards,0,0,0,0,0,0,0,0,0,0
aardbeving,1,0,0,1,0,1,0,1,1,0
aards,0,0,0,0,0,0,0,0,0,0
gemak,0,0,0,0,0,0,1,0,0,0
ezel,0,0,0,0,0,0,0,0,0,0
erfdienstbaarheid,0,0,0,0,0,0,1,0,0,0
gemakkelijk,0,0,0,0,0,0,0,0,0,0
eenvoudig,0,0,0,0,0,0,0,0,0,0
makkelijk in de omgang,0,0,0,0,0,0,1,0,0,0
eten,0,0,0,0,0,0,1,0,0,0
aan het eten,0,0,0,0,0,0,0,0,0,0
afluisteren,0,0,0,0,0,1,0,0,0,0
eb,0,0,0,0,0,0,0,0,0,0
ebbehout,0,0,0,0,0,0,0,0,0,0
excentriek,0,0,0,0,0,0,0,0,0,0
excentriciteit,0,0,0,0,0,0,0,0,0,0
kerkelijk,0,0,0,0,0,0,0,0,0,0
echo,0,0,0,0,0,0,0,0,0,0
eclectisch,0,0,0,0,0,0,0,0,0,0
verduistering,0,0,0,0,0,0,0,0,0,0
ecliptica,0,0,0,0,0,0,0,0,0,0
zuinig,0,0,0,0,0,0,0,0,0,0
economie,0,0,0,0,0,0,0,0,0,0
economie,0,0,0,0,0,0,0,0,0,1
extase,0,1,0,0,1,0,1,0,0,0
extatisch,0,1,0,0,1,0,1,0,1,0
oecumenisch,0,0,0,0,0,0,0,0,0,0
draaikolk,0,0,0,0,0,0,0,0,0,0
kant,0,0,0,0,0,0,0,0,0,0
randen,0,0,0,0,0,0,0,0,0,0
eetbaar,0,0,0,0,0,0,0,0,0,0
edict,0,0,0,1,0,1,0,0,0,0
stichting,0,1,0,0,1,0,1,0,0,1
gebouw,0,0,0,0,0,0,0,0,0,0
Bewerk,0,0,0,0,0,0,0,0,0,0
editie,0,1,0,0,0,0,0,0,0,0
editor,0,0,0,0,0,0,0,0,0,0
redactie,0,0,0,0,0,0,0,0,0,0
onderwijzen,0,0,0,0,0,0,1,0,0,0
geleerd,0,0,0,0,0,0,1,0,0,0
opleiding,0,0,0,0,0,0,0,0,0,0
leerzaam,0,0,0,0,0,0,1,0,0,1
aal,0,0,0,1,0,0,0,0,0,0
effect,0,0,0,0,0,0,0,0,0,0
effectief,0,0,0,0,0,0,1,0,0,1
Effecten,0,0,0,0,0,0,0,0,0,0
effectief,0,0,0,0,0,0,0,0,0,0
effectief,0,0,0,0,0,0,0,0,0,0
effectueren,0,0,0,0,0,0,0,0,0,0
verwijfd,0,0,0,0,0,1,0,0,0,0
effectief,0,0,0,0,0,0,0,0,0,0
doeltreffendheid,0,0,0,0,0,0,1,0,0,0
efficiëntie,0,0,0,0,0,0,1,0,0,0
efficiënt,0,1,0,0,0,0,1,0,0,1
beeltenis,1,0,0,0,0,0,0,0,0,0
poging,0,0,0,0,0,0,1,0,0,0
effusie,0,0,0,0,0,0,0,0,0,0
ei,0,0,0,0,0,0,0,0,0,0
ego,0,0,0,0,0,0,0,0,0,0
egoïstisch,0,0,1,0,0,1,0,0,0,0
ongehoord,1,0,1,0,0,1,0,0,0,0
uitgang,0,0,0,0,0,0,0,0,0,0
achtste,0,0,0,0,0,0,0,0,0,0
tachtig,0,0,0,0,0,0,0,0,0,0
ejaculaat,0,0,0,0,0,0,0,0,0,0
ejaculatie,0,1,0,0,1,0,1,0,1,1
uitwerpen,0,0,0,0,0,1,0,0,0,0
uitwerpen,0,0,0,0,0,1,0,0,0,0
uitwijden,0,0,0,0,0,0,0,0,0,0
uitwerking,0,0,0,0,0,0,1,0,0,0
elan,0,0,0,0,0,0,0,0,0,0
verstrijken,0,0,0,0,0,0,0,0,0,0
verstreken,0,0,0,0,0,0,0,0,0,0
elastisch,0,0,0,0,0,0,0,0,0,0
elasticiteit,0,0,0,0,0,0,0,0,0,0
uitgelaten,0,0,0,0,1,0,1,0,0,0
elleboog,1,0,0,0,0,0,0,0,0,0
eld,0,0,0,0,0,0,0,0,0,0
ouderling,0,0,0,0,0,0,1,0,0,1
ouderlingen,0,0,0,0,0,0,1,0,0,1
oudste,0,0,0,0,0,0,0,0,0,0
kiezen,0,0,0,0,0,0,1,0,0,1
verkiezing,0,0,0,0,0,0,0,0,0,0
kiezer,0,0,0,0,0,0,0,0,0,0
electoraat,0,0,0,0,0,0,0,0,0,1
elektrisch,0,0,0,0,1,0,1,0,1,0
elektriciteit,0,0,0,0,0,0,1,0,0,0
elegantie,0,1,0,0,1,0,1,0,0,1
elegant,0,0,0,0,1,0,1,0,0,0
element,0,0,0,0,0,0,0,0,0,0
elementair,0,0,0,0,0,0,0,0,0,0
elementen,0,0,0,0,0,0,0,0,0,0
olifant,0,0,0,0,0,0,0,0,0,0
verheffen,0,0,0,0,0,0,0,0,0,0
verhoging,0,1,0,1,1,0,1,0,0,1
lift,0,0,0,0,0,0,0,0,0,0
elf,0,0,0,0,0,0,0,0,0,0
elfde,0,0,0,0,0,0,0,0,0,0
elf,1,0,1,1,0,0,0,0,0,0
veroorzaken,0,0,0,0,0,0,0,0,0,0
in aanmerking komend,0,0,0,0,0,0,1,0,0,0
eliminatie,1,0,1,1,0,1,0,1,0,0
elite,0,1,0,0,1,0,1,0,0,1
eland,0,0,0,0,0,0,0,0,0,0
el,0,0,0,0,0,0,0,0,0,0
Ovaal,0,0,0,0,0,0,0,0,0,0
weglatingsteken,0,0,0,0,0,0,0,0,0,0
ellipsoïde,0,0,0,0,0,0,0,0,0,0
elliptisch,0,0,0,0,0,0,0,0,0,0
elliptisch,0,0,0,0,0,0,0,0,0,0
langwerpig,0,0,0,0,0,0,0,0,0,0
verlenging,0,0,0,0,0,0,0,0,0,0
welsprekendheid,0,0,0,0,0,0,1,0,0,0
welbespraakt,0,0,0,0,0,0,1,0,0,0
ophelderen,0,0,0,0,0,0,1,0,0,1
opheldering,0,0,0,0,0,0,0,0,0,0
ontwijken,0,0,0,0,0,0,0,0,0,0
onaantastbaar,0,0,0,0,0,1,0,0,1,0
uitgemergeld,0,0,0,1,0,1,0,1,0,0
uitstralen,0,0,0,0,0,0,0,0,0,0
emancipatie,0,1,0,0,1,0,1,0,0,0
dijk,0,0,0,0,0,0,0,0,0,0
embargo,0,0,0,0,0,1,0,0,0,0
aan boord gaan,0,0,0,0,0,0,0,0,0,0
in verlegenheid brengen,0,0,0,0,0,1,0,1,0,0
gênant,0,0,0,0,0,1,0,0,0,0
verlegenheid,0,0,0,1,0,1,0,1,1,0
ambassade,0,0,0,0,0,0,0,0,0,0
integreren,0,0,0,0,0,0,0,0,0,0
verfraaien,0,0,0,0,0,0,0,0,0,0
versiering,0,0,0,0,0,0,0,0,0,0
sintels,0,0,0,0,0,0,0,0,0,0
verduistering,0,0,0,0,0,1,0,0,0,0
embleem,0,0,0,0,0,0,0,0,0,0
emblematisch,0,0,0,0,0,0,0,0,0,0
belichaming,0,0,0,0,0,0,0,0,0,0
embolie,0,0,0,1,0,1,0,1,0,0
reliëf,0,0,0,0,0,0,0,0,0,0
omarmen,0,1,0,0,1,0,1,0,1,1
geborduurd,0,0,0,0,0,0,0,0,0,0
borduurwerk,0,0,0,0,0,0,0,0,0,0
verwikkeld,0,0,0,0,0,1,0,0,0,0
embryo-,0,0,0,0,0,0,0,0,0,0
embryonaal,0,0,0,0,0,0,0,0,0,0
smaragd,0,0,0,0,0,0,0,0,0,0
tevoorschijnkomen,0,0,0,0,0,0,0,0,0,0
verschijning,0,0,0,0,0,0,0,0,0,0
noodgeval,0,0,0,1,0,1,0,1,1,0
emeritus,0,0,0,0,0,0,1,0,0,0
emigreren,0,0,0,0,0,0,0,0,0,0
emigratie,0,0,0,0,0,0,0,0,0,0
eminentie,0,0,0,0,0,0,1,0,0,1
eminente,0,0,0,0,0,0,1,0,0,0
bij uitstek,0,0,0,0,0,0,1,0,0,0
emir,0,0,0,0,0,0,1,0,0,0
uitstoot,0,0,0,0,0,0,0,0,0,0
uitstoten,0,0,0,0,0,0,0,0,0,0
emotie,0,0,0,0,0,0,0,0,0,0
emotioneel,0,0,0,0,0,0,0,0,0,0
emotioneel,0,0,0,0,0,0,0,0,0,0
empathie,0,0,0,0,0,0,1,0,0,0
keizer,0,0,0,0,0,0,0,0,0,0
nadruk,0,0,0,0,0,0,0,0,0,0
benadrukken,0,0,0,0,0,0,0,0,0,1
nadrukkelijk,0,0,0,0,0,0,0,0,0,0
rijk,0,0,0,0,0,0,0,0,0,0
empirisch,0,0,0,0,0,0,0,0,0,0
empirisme,0,0,0,0,0,0,0,0,0,0
dienst,0,0,0,0,0,0,0,0,0,1
werkgever,0,0,0,0,0,0,0,0,0,0
werkgelegenheid,0,0,0,0,0,0,0,0,0,0
imperium,0,0,0,0,0,0,0,0,0,0
machtigen,0,0,0,0,0,0,1,0,0,0
keizerin,0,0,0,0,0,0,0,0,0,0
leegte,0,0,0,0,0,0,0,1,0,0
leegstand,0,0,0,0,0,0,0,0,0,0
leeg,0,0,0,0,0,0,0,0,0,0
emuleren,0,0,0,0,0,0,1,0,0,0
emulsie,0,0,0,0,0,0,0,0,0,0
inschakelen,0,0,0,0,0,0,1,0,0,1
inschakelen,0,0,0,0,0,0,1,0,0,1
uitvoeren,0,0,0,0,0,0,0,0,0,0
inwerkingtreding,0,0,0,0,0,0,0,0,0,0
glazuur,0,0,0,0,0,0,0,0,0,0
kampement,0,0,0,0,0,0,0,0,0,0
betoveren,0,1,0,0,1,0,1,0,1,0
betoverd,0,0,0,0,1,0,1,0,0,1
betoverend,0,1,0,0,1,0,1,0,0,0
betovering,0,0,0,0,0,0,0,0,0,0
omsingelen,0,0,0,0,0,0,0,0,0,0
omringend,0,0,0,0,0,0,0,0,0,0
enclave,0,0,0,0,0,1,0,0,0,0
insluiten,0,0,0,0,0,0,0,0,0,0
coderen,0,0,0,0,0,0,0,0,0,0
omvatten,0,0,0,0,0,0,0,0,0,0
toegift,0,0,0,0,0,0,1,0,0,0
ontmoeting,0,0,0,0,0,0,0,0,0,0
aanmoedigen,0,0,0,0,1,0,1,0,0,1
aanmoediging,0,0,0,0,0,0,1,0,0,0
inbreuk maken op,0,0,0,0,0,0,0,0,0,0
aantasting,0,0,0,1,0,1,0,0,0,0
versleutelen,0,0,0,0,0,0,0,0,0,0
bezwaring,1,0,0,1,0,1,0,1,0,0
encyclopedie,0,0,0,0,0,0,1,0,0,1
einde,0,0,0,0,0,0,0,0,0,0
in gevaar brengen,0,1,0,1,0,1,0,0,0,0
bedreigd,0,0,0,1,0,1,0,0,0,0
trachten,0,1,0,0,0,0,1,0,0,0
eindigde,0,0,0,0,0,0,0,0,0,0
endemisch,0,0,1,1,0,1,0,1,0,0
einde,0,0,0,0,0,0,0,0,0,0
eindeloos,1,0,0,1,1,1,1,1,0,1
endocarditis,0,0,0,1,0,0,0,1,0,0
aanbeveling,0,0,0,0,0,0,0,0,0,0
begiftigen,0,0,0,0,0,0,1,0,0,1
voorzien,0,0,0,0,0,0,1,0,0,0
schenking,0,0,0,0,0,0,1,0,0,1
schutbladen,0,0,0,0,0,0,0,0,0,0
eindpunt,0,0,0,0,0,0,0,0,0,0
uithoudingsvermogen,0,0,0,0,0,0,1,0,0,0
volhouden,0,0,0,0,0,0,1,0,0,0
klysma,0,0,1,0,0,0,0,0,0,0
vijand,1,0,1,1,0,1,0,0,0,0
energiek,0,0,0,0,0,0,1,0,0,0
energie,0,0,0,0,0,0,0,0,0,0
afdwingen,1,0,0,1,0,1,1,0,0,0
handhaving,0,0,0,0,0,1,0,0,0,0
engageren,0,0,0,0,0,0,0,0,0,0
betrokken,0,1,0,0,1,0,1,0,0,1
verloving,0,0,0,0,0,0,0,0,0,0
innemend,0,0,0,0,1,0,1,0,0,1
verwekken,0,0,0,0,0,0,0,0,0,0
motor,0,0,0,0,0,0,0,0,0,0
ingenieur,0,0,0,0,0,0,0,0,0,0
engineering,0,0,0,0,0,0,0,0,0,0
graveren,0,0,0,0,0,0,0,0,0,0
gegraveerd,0,0,0,0,0,0,0,0,0,0
graveur,0,0,0,0,0,0,0,0,0,0
gravure,0,0,0,0,0,0,0,0,0,0
in beslag genomen,0,0,0,0,0,0,0,0,0,0
meeslepend,0,0,0,0,0,0,0,0,0,0
verzwelgen,0,1,0,0,0,0,0,0,0,0
uitbreiden,0,0,0,0,0,0,1,0,0,0
raadsel,0,0,0,0,0,0,0,0,0,0
raadselachtig,0,0,0,1,0,1,0,0,0,0
beveel,0,0,0,0,0,0,0,0,0,0
genieten van,0,1,0,0,1,0,1,0,0,1
genieten van,0,1,0,0,1,0,1,0,0,1
vergroot,0,0,0,0,0,0,0,0,0,0
uitbreiding,0,0,0,0,0,0,0,0,0,0
verlichten,0,0,0,0,1,0,1,0,0,1
verlichting,0,0,0,0,1,0,1,0,0,1
in dienst treden,0,0,0,0,0,0,0,0,0,0
verlevendigen,0,0,0,0,1,0,1,0,1,1
vijandschap,1,0,0,1,0,1,0,1,0,0
enormiteit,0,0,0,0,0,0,0,0,0,0
enorm,0,0,0,0,0,0,0,0,0,0
enorm,0,0,0,0,0,0,0,0,0,0
verrijken,0,0,0,0,0,0,1,0,0,0
inschrijven,0,1,0,0,0,0,0,0,0,1
ensemble,0,0,0,0,0,0,1,0,0,1
vlag,0,0,0,0,0,0,1,0,0,0
tot slaaf maken,0,0,0,0,0,1,0,0,0,0
tot slaaf gemaakt,1,0,1,1,0,1,0,1,0,0
slavernij,0,0,0,0,0,1,0,0,0,0
volgen,0,0,0,0,0,0,0,0,0,0
ervoor zorgen,0,0,0,0,0,0,0,0,0,0
met zich meebrengen,0,0,0,0,0,0,0,0,0,0
verstrikt,1,0,1,1,0,1,0,1,0,0
verstrikking,0,0,0,0,0,1,0,0,0,0
binnenkomen,0,0,0,0,0,0,0,0,0,0
onderneming,0,0,0,0,0,0,0,0,0,0
ondernemend,0,0,0,0,0,0,1,0,0,0
vermaken,0,0,0,0,1,0,1,0,0,0
vermaakt,0,0,0,0,1,0,1,0,0,0
onderhoudend,0,1,0,0,1,0,1,0,0,0
amusement,0,1,0,0,1,0,1,0,1,1
enthousiasme,0,1,0,0,1,0,1,0,1,0
liefhebber,0,1,0,0,1,0,1,0,1,0
verleiden,0,0,0,0,0,0,0,0,0,0
geheel,0,0,0,0,0,0,0,0,0,0
geheel,0,0,0,0,0,0,0,0,0,0
recht geven op,0,0,0,0,0,0,0,0,0,0
entiteit,0,0,0,0,0,0,0,0,0,0
entomologie,0,0,0,0,0,0,0,0,0,0
ingewanden,0,0,1,0,0,1,0,0,0,0
Ingang,0,0,0,0,0,0,0,0,0,0
smeken,0,0,0,0,0,0,0,0,0,0
voorgerecht,0,0,0,0,0,0,0,0,0,0
ondernemer,0,0,0,0,0,0,0,0,0,0
toevertrouwen,0,0,0,0,0,0,0,0,0,1
binnenkomst,0,0,0,0,0,0,0,0,0,0
opsommen,0,0,0,0,0,0,0,0,0,0
opsomming,0,0,0,0,0,0,0,0,0,0
envelop,0,0,0,0,0,0,0,0,0,0
jaloers,0,0,0,0,0,1,0,0,0,0
omgeving,0,0,0,0,0,0,1,0,0,0
omgeving,0,0,0,0,0,0,0,0,0,0
omgeving,0,0,0,0,0,0,0,0,0,0
zich voorstellen,0,0,0,0,0,0,0,0,0,0
gezant,0,0,0,0,0,0,0,0,0,0
vluchtig,0,0,0,0,0,0,0,0,0,0
efemeride,0,0,0,0,0,0,1,0,0,0
episch,0,0,0,0,0,0,1,0,0,0
epidemie,1,1,1,1,0,1,0,1,1,0
opperhuid,0,0,0,0,0,0,0,0,0,0
epilepsie,0,0,0,0,0,1,0,0,0,0
epiloog,0,0,0,0,0,0,0,0,0,0
bisschoppelijk,0,0,0,0,0,0,0,0,0,1
aflevering,0,0,0,0,0,0,0,0,0,0
episodisch,0,0,0,0,0,0,0,0,0,0
brief,0,0,0,0,0,0,0,0,0,0
grafschrift,0,0,0,0,0,0,0,1,0,0
epitheton,0,0,0,0,0,0,0,0,0,0
belichaming,0,0,0,0,0,0,1,0,0,0
tijdperk,0,0,0,0,0,0,0,0,0,0
Gelijk,0,0,0,0,0,0,0,0,0,0
gelijkwaardigheid,0,0,0,0,1,0,1,0,0,1
egalisatie,0,0,0,0,0,0,0,0,0,0
gelijk maken,0,0,0,0,0,0,0,0,0,0
even,0,0,0,0,0,0,1,0,0,0
gelijkstellen,0,0,0,0,0,0,0,0,0,0
vergelijking,0,0,0,0,0,0,0,0,0,0
evenaar,0,0,0,0,0,0,0,0,0,0
equatoriaal,0,0,0,0,0,0,0,0,0,0
ruiter,0,0,0,0,0,0,0,0,0,0
gelijke afstand,0,0,0,0,0,0,0,0,0,0
evenwicht,0,0,0,0,0,0,0,0,0,0
evenwicht,0,0,0,0,0,0,1,0,0,0
uitrusten,0,0,0,0,0,0,0,0,0,0
apparatuur,0,0,0,0,0,0,0,0,0,0
billijk,0,0,0,0,0,0,0,0,0,0
eigen vermogen,0,0,0,0,0,0,1,0,0,0
gelijkwaardigheid,0,0,0,0,0,0,0,0,0,0
gelijkwaardig,0,0,0,0,0,0,0,0,0,0
dubbelzinnig,0,0,0,0,0,0,0,0,0,0
tijdperk,0,0,0,0,0,0,0,0,0,0
uitroeien,1,0,0,0,0,1,0,0,0,0
uitroeiing,1,0,1,1,0,1,0,0,0,0
wissen,0,0,0,1,0,1,0,0,0,0
wissen,0,0,0,0,0,0,0,0,0,0
daar,0,0,0,0,0,0,0,0,0,0
rechtop,0,0,0,0,0,0,0,0,0,0
erectie,0,0,0,0,0,0,0,0,0,0
ergo,0,0,0,0,0,0,0,0,0,0
eroderen,0,0,0,0,0,0,0,0,0,0
erosie,0,0,0,0,0,1,0,0,0,0
erotisch,0,1,0,0,1,1,1,0,1,1
foutje,0,0,0,0,0,1,0,0,0,0
boodschap,0,1,0,0,0,0,1,0,0,1
dwalend,0,0,0,0,0,1,0,0,0,0
foutief,0,0,0,0,0,1,0,0,1,0
erratum,0,0,0,0,0,1,0,0,0,0
foutief,0,0,0,0,0,1,0,0,0,0
fout,0,0,0,0,0,1,0,1,0,0
vroeger,0,0,0,0,0,0,0,0,0,0
erudiet,0,0,0,0,0,0,1,0,0,0
uitbarsten,1,0,0,0,0,1,0,0,1,0
uitbarsting,1,0,0,1,0,1,0,0,1,0
escalade,0,0,0,0,0,0,0,0,0,0
escaleren,1,0,0,0,0,1,0,0,0,0
roltrap,0,0,0,0,0,0,0,0,0,0
ontsnappen,0,1,0,1,0,1,1,0,0,0
ontsnapte,0,0,0,1,0,0,0,0,0,0
helling,0,0,0,0,0,0,0,0,0,0
mijden,1,0,0,0,0,1,0,1,0,0
escorte,0,0,0,0,0,0,0,0,0,1
esoterisch,0,0,0,0,0,0,0,0,0,0
speciaal,0,0,0,0,0,0,0,0,0,0
spionage,0,0,0,0,0,1,0,0,0,0
aanhangen,0,0,0,0,0,0,0,0,0,0
esprit,0,0,0,0,0,0,1,0,0,0
essay,0,0,0,0,0,0,0,0,0,0
essayist,0,0,0,0,0,0,0,0,0,0
essence,0,0,0,0,0,0,0,0,0,0
essentieel,0,0,0,0,0,0,1,0,0,0
eigenlijk,0,0,0,0,0,0,0,0,0,0
vestigen,0,0,0,0,0,0,0,0,0,1
gevestigd,0,0,0,0,1,0,1,0,0,0
vestiging,0,0,0,0,0,0,0,0,0,0
landgoed,0,0,0,0,0,0,0,0,0,0
achting,0,0,0,0,1,0,1,1,0,1
esthetisch,0,0,0,0,0,0,1,0,0,0
schatting,0,0,0,0,0,0,0,0,0,0
schatting,0,0,0,0,0,0,0,0,0,0
uitsluiting,0,0,0,0,0,0,0,0,0,0
vervreemd,0,0,0,0,0,1,0,0,0,0
oestrogeen,0,0,0,0,0,0,0,0,0,0
estuarium,0,0,0,0,0,0,0,0,0,0
etsen,0,0,0,0,0,0,0,0,0,0
etsen,0,0,0,0,0,0,0,0,0,0
eeuwig,0,0,0,0,0,0,0,0,0,0
eeuwigheid,0,0,0,0,0,0,0,0,0,0
ethanol,0,0,0,0,0,0,0,0,0,0
ether,0,0,0,0,0,0,0,0,0,0
etherisch,0,0,0,1,0,0,0,0,0,0
ethisch,0,0,0,0,0,0,1,0,0,0
ethiek,0,0,0,0,0,0,1,0,0,0
etnografie,0,0,0,0,0,0,0,0,0,0
etiologie,0,0,0,0,0,0,0,0,0,0
etiquette,0,0,0,0,0,0,0,0,0,0
etymologie,0,0,0,0,0,0,0,0,0,0
euchre,0,0,0,0,0,0,0,0,0,0
eugenetica,0,0,0,0,0,0,0,0,0,0
lofrede,0,0,0,0,0,0,0,0,0,0
eufemisme,0,0,0,0,0,0,0,0,0,0
euthanasie,0,0,0,1,0,1,0,1,0,0
evacueer,0,0,0,1,0,1,0,0,0,0
evacuatie,0,0,0,0,0,1,0,0,0,0
ontwijken,1,0,1,1,0,1,0,0,0,0
evalueren,0,0,0,0,0,0,0,0,0,0
vergankelijkheid,0,0,0,0,0,0,0,1,1,0
evangelisch,0,0,0,0,0,0,0,0,0,0
evangelist,0,0,0,0,0,0,0,0,0,0
evangelist,0,0,0,0,0,0,0,0,0,0
verdamping,0,0,0,0,0,0,0,0,0,0
ontduiking,0,0,0,1,0,1,0,1,0,0
vooravond,0,0,0,0,0,0,0,0,0,0
avond,0,0,0,0,0,0,0,0,0,0
evenement,0,0,0,0,0,0,0,0,0,0
veelbewogen,0,0,0,0,0,0,0,0,0,0
uiteindelijke,0,1,0,0,0,0,0,0,0,0
eventualiteit,0,1,0,1,0,0,0,0,0,0
groenblijvend,0,0,0,0,1,0,1,0,0,1
eeuwigdurend,0,0,0,0,0,0,1,0,0,0
voor altijd,0,0,0,0,0,0,0,0,0,0
elke dag,0,0,0,0,0,0,0,0,0,0
uitzetten,0,0,0,0,0,1,0,1,0,0
ontzetting,1,0,1,1,0,1,0,1,0,0
bewijs,0,0,0,0,0,0,0,0,0,0
evident,0,0,0,0,0,0,1,0,0,1
slecht,1,0,1,1,0,1,0,1,0,0
oproepen,0,0,0,0,0,0,0,0,0,0
evolutie,0,0,0,0,0,0,1,0,0,0
evolueren,0,0,0,0,0,0,0,0,0,0
ooi,0,0,0,0,0,0,0,0,0,0
verergeren,0,0,0,0,0,1,0,0,0,0
verergering,1,0,0,1,0,1,0,0,0,0
veeleisend,0,0,0,0,0,1,0,0,0,0
overdrijven,1,0,0,0,0,1,0,0,0,0
overdreven,0,0,0,0,0,1,0,0,0,0
overdrijving,0,0,0,0,0,0,0,0,0,0
verheerlijken,0,1,0,0,1,0,1,0,0,1
verheerlijking,0,0,0,0,1,0,1,0,0,1
verheven,0,0,0,0,1,0,1,0,0,1
examen,0,0,0,0,0,0,0,0,0,0
inspectie,0,0,0,1,0,1,0,0,1,0
onderzoeken,0,0,0,0,0,0,0,0,0,0
examinator,0,0,0,0,0,0,0,0,0,0
ergernis,1,0,1,0,0,1,0,0,0,0
opgraven,0,0,0,0,0,0,0,0,0,0
uitgraving,0,1,0,0,0,1,0,0,1,0
graafmachine,0,0,0,0,0,0,0,0,0,0
overschrijden,0,1,0,0,1,0,1,0,0,0
overschrijding,0,0,0,0,0,0,0,0,0,0
excelleren,0,1,0,0,1,0,1,0,1,1
uitmuntendheid,0,0,1,0,1,0,1,0,0,1
uitstekend,0,0,0,0,1,0,1,0,0,1
met uitzondering van,0,0,0,0,0,0,0,0,0,0
uitzondering,0,0,0,0,0,0,0,0,0,0
uittreksel,0,0,0,0,0,0,0,0,0,0
overmaat,0,0,0,0,0,1,0,0,0,0
excessief,0,0,0,0,0,0,0,0,0,0
overdreven,0,0,0,0,0,0,0,0,0,0
aandelenbeurs,0,0,0,0,0,0,1,0,0,1
accijns,0,0,0,0,0,1,0,0,0,0
excisie,0,0,0,0,0,0,0,0,0,0
prikkelbaarheid,0,0,0,0,0,0,0,0,0,0
prikkelbaar,0,0,0,0,0,0,1,0,0,0
opwinding,1,1,0,1,1,0,1,0,1,0
opwinden,1,1,0,1,1,0,1,0,1,0
opgewonden,0,1,0,0,1,0,1,0,1,1
spanning,0,1,0,0,1,0,1,0,1,0
spannend,0,1,0,0,1,0,1,0,1,0
uitroepen,0,0,0,0,0,0,0,0,1,0
uitgesloten,0,0,1,0,0,1,0,1,0,0
exclusief,0,0,0,0,0,1,0,1,0,0
uitsluiting,0,0,1,1,0,1,0,1,0,0
uitwerpselen,0,0,1,0,0,1,0,0,0,0
uitscheiding,0,0,1,0,0,0,0,0,0,0
ondraaglijk,0,0,0,1,0,1,0,0,0,0
excursie,0,0,0,0,0,0,0,0,0,0
excuus,0,0,0,0,0,1,0,0,0,0
uitvoeren,0,0,0,0,0,0,0,0,0,0
uitvoering,1,0,0,1,0,1,0,1,0,1
beul,1,0,0,1,0,1,0,1,0,0
leidinggevend,0,0,0,0,0,0,0,0,0,0
uitvoerder,0,0,0,0,0,0,0,0,0,1
exegese,0,0,0,0,0,0,0,0,0,0
voorbeeld,0,0,0,0,0,0,0,0,0,0
voorbeeldig,0,0,0,0,0,0,1,0,0,0
illustreren,0,0,0,0,0,0,0,0,0,0
vrijstellen,0,0,0,0,0,0,0,0,0,0
vrijstelling,0,0,0,0,0,0,1,0,0,0
oefening,0,0,0,0,0,0,0,0,0,0
uitoefenen,0,0,0,0,0,0,0,0,0,0
inspanning,0,0,0,0,0,0,0,0,0,0
uitademen,0,0,0,0,0,0,0,0,0,0
uitlaat,0,0,0,0,0,1,0,0,0,0
uitgeput,0,0,0,0,0,1,0,1,0,0
uitputting,0,1,0,0,0,1,0,1,0,0
uitputtend,0,0,0,0,0,0,0,0,0,1
expositie,0,0,0,0,0,0,0,0,0,0
tentoonstelling,0,0,0,0,0,0,0,0,0,0
opwinding,0,0,0,0,1,0,1,0,1,0
vermanen,0,0,0,0,0,0,1,0,0,0
vermaning,0,0,0,0,0,0,1,0,0,0
dringend,0,1,1,1,0,1,0,0,1,0
verbanning,1,0,0,1,0,1,0,1,0,0
bestaan,0,0,0,0,0,0,0,0,0,0
bestaan,0,0,0,0,0,0,1,0,0,0
bestaand,0,0,0,0,0,0,0,0,0,0
bestaande,0,0,0,0,0,0,0,0,0,0
Uitgang,0,0,0,0,0,0,0,0,0,0
Exodus,0,0,0,0,0,0,0,0,0,0
exorbitant,0,0,0,0,0,0,0,0,0,0
uitdrijving,0,0,0,1,0,1,0,1,0,0
exorcist,0,0,0,0,0,0,0,0,0,0
exotisch,0,0,0,0,0,0,1,0,0,0
uitbreiden,0,0,0,0,0,0,0,0,0,0
uitgebreid,0,0,0,0,0,0,0,0,0,0
uitgestrektheid,0,0,0,0,0,0,0,0,0,0
uitbreiding,0,0,0,0,0,0,0,0,0,0
uitgestrekte,0,0,0,0,0,0,0,0,0,0
emigrant,0,0,0,0,0,1,0,0,0,0
verwachten,0,1,0,0,0,0,1,0,1,1
verwachting,0,1,0,0,0,0,0,0,0,0
afwachtend,0,1,0,0,0,0,0,0,0,0
verwachting,0,1,0,0,0,0,1,0,0,0
verwacht,0,1,0,0,0,0,0,0,0,0
ervan uitgaand,0,1,0,0,0,0,0,0,0,0
opportuniteit,0,0,0,0,0,0,0,0,0,0
opportuun,0,0,0,0,1,0,1,0,0,1
bespoedigen,0,0,0,0,0,0,0,0,0,0
expeditie,0,1,0,0,0,0,1,0,0,0
snel,0,0,0,0,0,0,0,0,0,0
verdrijven,1,0,1,1,0,1,0,1,0,0
uitgaven,0,0,0,0,0,1,0,0,0,0
kosten,0,0,0,0,0,0,0,0,0,0
uitgaven,0,0,0,0,0,1,0,0,0,0
duur,0,0,0,0,0,0,0,0,0,0
beleven,0,0,0,0,0,0,0,0,0,0
ervaren,0,0,0,0,0,0,1,0,0,1
ervaringen,0,0,0,0,0,0,0,0,0,0
experiment,0,1,0,0,0,0,0,0,1,0
experimenteel,0,0,0,0,0,0,0,0,0,0
experimentator,0,0,0,0,0,0,0,0,0,0
deskundige,0,0,0,0,0,0,1,0,0,1
expertise,0,0,0,0,0,0,1,0,0,1
vervaldatum,0,0,0,0,0,0,0,0,0,0
verlopen,0,0,0,0,0,1,0,1,0,0
niet meer geldig,0,0,0,0,0,1,0,0,0,0
vervaldatum,0,0,0,0,0,0,0,0,0,0
uitleggen,0,0,0,0,0,0,1,0,0,1
uitleg,0,0,0,0,0,0,0,0,0,0
verklarend,0,0,0,0,0,0,0,0,0,0
krachtterm,1,0,0,0,0,1,0,0,0,0
uitleg,0,0,0,0,0,0,0,0,0,0
ontploffen,1,0,0,1,0,1,0,1,1,0
uitbuiten,0,0,0,0,0,0,0,0,0,0
ontdekken,0,1,0,0,0,0,0,0,0,0
ontdekkingsreiziger,0,0,0,0,0,0,0,0,0,0
explosie,0,0,0,1,0,1,0,0,1,0
explosief,1,1,0,1,0,1,0,0,1,0
exponent,0,0,0,0,0,0,0,0,0,0
exponentieel,0,0,0,0,0,0,0,0,0,0
exporteren,0,0,0,0,0,0,0,0,0,0
uitvoer,0,0,0,0,0,0,0,0,0,0
blootleggen,0,1,0,1,0,0,0,0,0,0
blootgesteld,0,0,0,0,0,1,0,0,0,0
expositie,0,0,0,0,0,0,0,0,0,0
verklarend,0,0,0,0,0,0,0,0,0,0
blootstelling,0,0,0,0,0,0,0,0,0,0
uitleggen,0,0,0,0,0,0,0,0,0,0
uitdrukken,0,0,0,0,0,0,0,0,0,0
uitdrukking,0,0,0,0,0,0,0,0,0,0
expressief,0,0,0,0,0,0,0,0,0,0
onteigening,0,0,0,0,0,1,0,0,0,0
uitzetting,1,0,1,1,0,1,0,1,0,0
verfijnd,0,0,0,0,1,0,1,0,0,0
voortreffelijk,0,0,0,0,0,0,1,0,0,0
bestaande,0,0,0,0,0,0,0,0,0,0
verlengen,0,0,0,0,0,0,1,0,0,0
verlengbaar,0,0,0,0,0,0,0,0,0,0
verlengd,0,0,0,0,0,0,0,0,0,0
verlenging,0,0,0,0,0,0,0,0,0,0
uitgebreid,0,0,0,0,0,0,1,0,0,0
mate waarin,0,0,0,0,0,0,0,0,0,0
buitenkant,0,0,0,0,0,0,0,0,0,0
uitroeien,0,0,0,1,0,1,0,1,0,0
uitroeiing,1,0,0,1,0,1,0,0,0,0
extern,0,0,0,0,0,0,0,0,0,0
extern,0,0,0,0,0,0,0,0,0,0
uitgestorven,0,0,0,0,0,1,0,1,0,0
blussen,1,0,0,0,0,1,0,0,0,0
extra,0,0,0,0,0,0,1,0,0,0
extract,0,0,0,0,0,0,0,0,0,0
extraheren,0,0,0,0,0,0,0,0,0,0
extractie,0,0,0,0,0,0,0,0,0,0
afzuiger,0,0,0,0,0,0,0,0,0,0
uitlevering,0,0,0,0,0,0,0,0,0,0
buitengerechtelijk,0,0,0,1,0,1,0,0,0,0
extramuraal,0,0,0,0,0,0,0,0,0,0
vreemd,0,0,0,0,0,0,0,0,0,0
uitzonderlijk,0,0,0,0,0,0,1,0,0,0
extravaganza,0,0,0,0,0,0,0,0,0,0
extreem,0,0,0,0,0,0,0,0,0,0
extreem,0,0,0,0,0,0,0,0,0,0
uiteinde,0,0,0,0,0,1,0,0,0,0
bevrijden,0,1,0,0,0,0,1,0,0,0
extrinsiek,0,0,0,0,0,0,0,0,0,0
extrusie,0,0,0,0,0,0,0,0,0,0
uitbundigheid,0,0,0,0,1,0,1,0,0,0
uitstralen,0,0,0,0,0,0,0,0,0,0
oog,0,0,0,0,0,0,0,0,0,0
bril,0,0,0,0,0,0,0,0,0,0
oogje,0,0,0,0,0,0,0,0,0,0
oculair,0,0,0,0,0,0,0,0,0,0
gezichtsvermogen,0,0,0,0,0,0,0,0,0,0
ooggetuige,0,0,0,0,0,0,0,0,0,1
fabel,0,0,0,0,0,0,0,0,0,0
kleding stof,0,0,0,0,0,0,0,0,0,0
fabriceren,0,0,0,0,0,1,0,0,0,0
gefabriceerd,0,0,0,0,0,0,0,0,0,0
fabricage,0,0,0,0,0,1,0,0,0,1
facade,0,0,0,0,0,0,0,0,0,0
gezicht,0,0,0,0,0,0,0,0,0,0
facet,0,0,0,0,0,0,0,0,0,0
gemakkelijk,0,0,0,0,0,0,0,0,0,0
vergemakkelijken,0,0,0,0,0,0,1,0,0,0
faciliteit,0,0,0,0,0,0,0,0,0,0
geconfronteerd met,0,0,0,0,0,0,0,0,0,0
facsimile,0,0,0,0,0,0,0,0,0,0
feit,0,0,0,0,0,0,0,0,0,1
factie,0,0,0,0,0,0,0,0,0,0
factor,0,0,0,0,0,0,0,0,0,0
fabriek,0,0,0,0,0,0,0,0,0,0
feiten,0,0,0,0,0,0,1,0,0,1
faculteiten,0,0,0,0,0,0,0,0,0,0
faculteit,0,0,0,0,0,0,1,0,0,1
dik,0,0,0,0,0,0,0,0,0,0
vervagen,0,0,0,0,0,1,0,0,0,0
bleek,0,0,0,0,0,0,0,0,0,0
uitwerpselen,0,0,1,0,0,1,0,0,0,0
falend,1,1,0,1,0,1,0,1,0,0
mislukking,0,0,1,1,0,1,0,1,0,0
graag,0,1,0,0,1,0,1,0,0,1
flauwvallen,0,0,0,1,0,1,0,1,1,0
eerlijk,0,0,0,0,0,0,1,0,0,0
eerlijk,0,0,0,0,0,0,1,0,0,1
vaarweg,0,0,0,0,0,0,0,0,0,0
fee,0,0,0,0,0,0,0,0,0,0
vertrouwen,0,1,0,0,1,0,1,0,0,1
trouw,0,0,0,0,0,0,1,0,0,1
ontrouw,0,0,0,0,0,1,0,1,0,0
nep,0,0,0,0,0,1,0,0,0,0
val,0,0,0,0,0,1,0,1,0,0
bedrieglijk,1,0,0,0,0,1,0,0,0,0
misvatting,0,0,0,0,0,1,0,0,0,0
feilbaar,0,0,0,0,0,1,0,0,0,0
vallen,0,0,0,0,0,1,0,1,0,0
braak,0,0,0,0,0,1,0,0,0,0
leugen,1,0,0,0,0,1,0,0,0,1
vals,0,0,0,0,0,1,0,0,0,0
vervalsing,1,0,0,0,0,1,0,0,0,0
vervalst,0,0,0,0,0,0,0,0,0,0
vervalsen,0,0,1,0,0,1,0,0,0,0
valsheid,0,0,1,0,0,1,0,0,0,0
wankelen,0,0,0,1,0,1,0,0,0,0
roem,0,0,0,0,0,0,1,0,0,0
beroemd,0,0,0,0,0,0,0,0,0,0
bekend,0,0,0,0,0,0,1,0,0,1
bekendheid,0,1,0,0,1,0,1,0,0,1
vertrouwd maken met,0,0,0,0,0,0,0,0,0,0
hongersnood,0,0,0,0,0,1,0,1,0,0
bekend,0,0,0,0,0,0,1,0,0,0
beroemd,0,0,0,0,0,0,1,0,0,0
fan,0,0,0,0,0,0,0,0,0,0
fanaticus,0,0,0,0,0,1,0,0,0,0
fanatisme,0,0,0,1,0,0,0,0,0,0
fantasievol,0,0,0,0,0,0,0,0,0,0
luxe,0,1,0,0,1,0,1,0,0,0
fandango,0,0,0,0,0,0,0,0,0,0
fanfare,0,1,0,0,1,0,1,0,1,0
hoektand,0,0,0,1,0,0,0,0,0,0
hoektanden,0,0,0,1,0,0,0,0,0,0
waaieren,0,0,0,0,0,0,0,0,0,0
fantasie,0,0,0,0,0,0,0,0,0,0
fantasie,0,0,0,0,0,0,0,0,0,0
farce,0,0,0,0,0,1,0,0,0,0
kluchtig,0,0,1,0,0,1,0,0,0,0
tarief,0,0,0,0,0,0,0,0,0,0
afscheid,0,0,0,0,0,0,0,0,0,0
boerderij,0,1,0,0,0,0,0,0,0,0
boer,0,0,0,0,0,0,0,0,0,0
boerderij,0,0,0,0,0,0,0,0,0,0
landbouw,0,0,0,0,0,0,0,0,0,0
Faro,0,0,0,0,0,0,0,0,0,0
verder,0,0,0,0,0,0,0,0,0,0
bindweefsel,0,0,0,0,0,0,0,0,0,0
fascinerend,0,0,0,0,0,0,1,0,0,0
fascinatie,0,0,0,0,0,0,1,0,0,0
mode,0,0,0,0,0,0,0,0,0,0
in de mode,0,0,0,0,0,0,1,0,0,0
vastmaken,0,0,0,0,0,0,0,0,0,0
bevestigingsmiddel,0,0,0,0,0,0,0,0,0,0
bevestiging,0,0,0,0,0,0,0,0,0,0
vasten,0,0,0,0,0,1,0,1,0,0
dik,0,0,1,0,0,1,0,1,0,0
fataal,1,0,0,1,0,1,0,1,0,0
fataliteit,0,0,0,1,0,1,0,1,0,0
lot,0,1,0,0,0,1,0,0,0,0
voorbestemd,0,0,0,0,0,0,0,0,0,0
vader,0,0,0,0,0,0,0,0,0,1
doorgronden,0,0,0,0,0,0,0,0,0,0
vermoeidheid,0,0,0,0,0,1,0,0,0,0
vermoeid,0,0,0,0,0,1,0,1,0,0
vettig,0,0,1,0,0,1,0,1,0,0
schuld,0,0,0,0,0,1,0,1,0,0
foutloos,0,0,0,0,0,0,1,0,0,1
defect,0,0,0,0,0,1,0,0,0,0
fauna,0,0,0,0,0,0,0,0,0,0
gunst,0,0,0,0,0,0,0,0,0,0
gunstig,0,1,0,0,1,0,1,0,1,1
favoriet,0,0,0,0,1,0,1,0,0,1
vriendjespolitiek,0,0,0,0,0,0,1,0,0,0
reekalf,0,0,0,0,0,1,0,0,0,0
angst,1,0,0,1,0,1,0,0,0,0
angstig,0,0,0,1,0,1,0,1,0,0
angstig,0,0,0,1,0,1,0,1,1,0
bang zijn,0,0,0,1,0,1,0,0,0,0
onbevreesd,0,0,0,1,0,0,1,0,0,0
haalbaarheid,0,0,0,0,0,0,0,0,0,0
redelijk,0,0,0,0,0,0,0,0,0,0
prestatie,0,1,0,0,1,0,1,0,1,0
veerkracht,0,0,0,0,0,0,0,0,0,0
voorzien zijn van,0,0,0,0,0,0,1,0,0,0
Kenmerken,0,0,0,0,0,0,0,0,0,0
koortsig,0,0,0,0,0,1,0,0,0,0
fecaal,0,0,1,0,0,1,0,0,0,0
ontlasting,0,0,1,0,0,1,0,0,0,0
vruchtbaarheid,0,0,0,0,0,0,0,0,0,0
federaal,0,0,0,0,0,0,0,0,0,0
federatie,0,0,0,0,0,0,0,0,0,0
tarief,1,0,0,0,0,1,0,0,0,0
zwak,0,0,0,0,0,1,0,1,0,0
voer,0,0,0,0,0,0,0,0,0,0
voeder,0,0,0,0,0,0,0,0,0,0
voelen,0,0,0,0,0,0,0,0,0,0
gevoel,1,1,1,1,1,1,1,1,1,1
voeten,0,0,0,0,0,0,0,0,0,0
geveinsd,0,0,0,0,0,1,0,0,0,0
geluk,0,0,0,0,1,0,1,0,0,0
katachtig,0,0,0,0,0,0,0,0,0,0
viel,0,0,0,0,0,1,0,1,0,0
vakgenoot,0,0,0,0,0,0,1,0,0,1
gemeenschap,0,0,0,0,0,0,1,0,0,0
misdadiger,0,0,0,1,0,1,0,0,0,0
strafbaar feit,0,0,0,0,0,1,0,0,0,0
gevoeld,0,0,0,0,0,0,0,0,0,0
vrouwelijk,0,0,0,0,0,0,0,0,0,0
vrouwelijkheid,0,0,0,0,0,0,0,0,0,0
moeras,0,0,0,0,0,0,0,0,0,0
schutting,0,0,0,0,0,0,0,0,0,0
omheind,1,0,0,0,0,0,0,0,0,0
afweren,0,0,0,0,0,0,0,0,0,0
spatbord,0,0,0,0,0,0,0,0,0,1
venkel,0,0,0,0,0,0,0,0,0,0
gisten,0,1,0,0,0,1,0,0,0,0
fermentatie,0,1,0,0,0,0,0,0,0,0
varen,0,0,0,0,0,0,0,0,0,0
woest,1,0,1,1,0,1,0,0,0,0
wreedheid,1,0,0,0,0,1,0,0,0,0
veerboot,0,0,0,0,0,0,0,0,0,0
vruchtbaar,0,0,0,0,0,0,1,0,0,0
bevruchten,0,0,0,0,0,0,0,0,0,0
vurig,0,0,0,0,0,0,0,0,0,0
vurigheid,1,0,0,0,1,0,1,0,0,0
festival,0,1,0,0,1,0,1,0,1,0
feestelijk,0,0,0,0,1,0,1,0,0,0
ophalen,0,0,0,0,0,0,0,0,0,0
feest,0,1,0,0,1,0,1,0,1,0
fetisj,0,0,0,0,0,0,0,0,0,0
vete,1,0,0,0,0,1,0,0,0,0
feodaal,0,0,0,0,0,1,0,0,0,0
feodalisme,1,0,0,0,0,1,0,1,0,0
koorts,0,0,0,1,0,0,0,0,0,0
koortsig,0,0,0,0,0,1,0,0,0,0
verloofde,0,0,0,0,0,0,0,0,0,0
fiasco,0,0,0,0,0,1,0,0,0,0
fiat,0,0,0,0,0,0,0,0,0,0
jokken,1,0,0,0,0,1,0,0,0,0
vezel,0,0,0,0,0,0,0,0,0,0
vezelig,0,0,0,0,0,0,0,0,0,0
onvoorspelbaar,0,0,0,0,0,1,0,0,0,0
fictie,0,0,0,0,0,0,0,0,0,0
fictief,0,0,0,0,0,1,0,0,0,0
viool,0,0,0,0,0,0,0,0,0,0
violist,0,0,0,0,0,0,0,0,0,0
trouw,0,0,0,0,1,0,1,0,0,1
voogd,0,0,0,0,0,0,0,0,0,0
veld,0,0,0,0,0,0,0,0,0,0
duivel,1,0,1,1,0,1,0,0,0,0
krachtig,1,0,1,1,0,1,0,0,0,0
feest,0,1,0,0,1,0,1,0,1,1
gevecht,1,0,0,1,0,1,0,0,0,0
vechter,0,0,0,0,0,0,0,0,0,0
vechten,1,0,0,0,0,1,0,0,0,0
verzinsel,0,0,0,0,0,0,0,0,0,0
figuurlijk,0,0,0,0,0,0,0,0,0,0
figuur,0,0,0,0,0,0,0,0,0,0
beeldje,0,0,0,0,0,0,0,0,0,0
gloeidraad,0,0,0,0,0,0,0,0,0,0
draadvormig,0,0,0,0,0,0,0,0,0,0
het dossier,0,0,0,0,0,0,0,0,0,0
dwarsliggen,0,0,0,0,0,1,0,0,0,0
filigraan,0,0,0,0,0,0,0,0,0,0
indienen,0,0,0,0,0,0,0,0,0,0
deponeringen,0,0,0,0,0,0,0,0,0,0
vullen,0,0,0,0,0,0,0,0,0,1
filet,0,0,0,0,0,0,0,0,0,0
vulling,0,0,0,0,0,0,0,0,0,0
merrieveulen,0,0,0,0,0,0,0,0,0,0
film,0,0,0,0,0,0,0,0,0,0
filmachtig,0,0,0,0,0,0,0,0,0,0
filter,0,0,0,0,0,0,0,0,0,0
vuiligheid,0,0,1,0,0,1,0,0,0,0
vies,0,0,1,0,0,1,0,0,0,0
vin,0,0,0,0,0,0,0,0,0,0
laatste,0,0,0,0,0,0,0,0,0,0
finale,0,0,0,0,0,0,0,0,0,0
finaliteit,0,0,0,0,0,0,0,0,0,0
Tenslotte,0,1,1,0,1,0,1,0,1,1
financiën,0,0,0,0,0,0,0,0,0,0
financieel,0,0,0,0,0,0,0,0,0,0
financier,0,0,0,0,0,0,0,0,0,0
vink,0,0,0,0,0,0,0,0,0,0
vind,0,0,0,0,0,0,0,0,0,0
vinden,0,0,0,0,0,0,0,0,0,0
opschik,0,0,0,0,0,0,1,0,0,0
finesse,0,0,0,0,0,0,1,0,0,0
vinger,0,0,0,0,0,0,0,0,0,0
vingerafdruk,0,0,0,0,0,0,0,0,0,0
af hebben,0,0,0,0,0,0,0,0,0,0
eindig,0,0,0,0,0,0,0,0,0,0
fink,0,0,0,0,0,0,0,0,0,0
vuur,0,0,0,1,0,0,0,0,0,0
vuurwapens,1,0,0,1,0,1,0,0,0,0
vuurbol,0,0,0,0,0,0,1,0,0,0
glimworm,0,0,0,0,0,0,0,0,0,0
brandweerman,0,0,0,0,0,0,0,0,0,1
haard,0,0,0,0,0,0,0,0,0,0
vuurvast,0,0,0,0,0,0,1,0,0,0
haardvuur,0,0,0,0,0,0,0,0,0,0
brandhout,0,0,0,0,0,0,0,0,0,0
vuurwerk,0,0,0,0,0,0,0,0,0,0
afvuren,0,0,0,0,0,0,0,0,0,0
stevig,0,0,0,0,0,0,0,0,0,0
firmament,0,0,0,0,0,0,0,0,0,0
stevig,0,0,0,0,0,0,0,0,0,0
stevigheid,0,0,0,0,0,0,1,0,0,1
eerstgeborene,0,1,0,0,1,0,1,0,0,1
fiscale,0,0,0,0,0,0,0,0,0,0
vis,0,0,0,0,0,0,0,0,0,0
visser,0,0,0,0,0,0,0,0,0,0
visserij,0,0,0,0,0,0,0,0,0,0
vissen,0,0,0,0,0,0,0,0,0,0
visachtig,0,0,0,0,0,0,0,0,0,0
splijtbaar,0,0,0,0,0,0,0,0,0,0
splijting,0,0,0,0,0,0,0,0,0,0
spleet,0,0,0,0,0,0,0,0,0,0
vuist,0,0,0,0,0,0,0,0,0,0
fistel,0,0,0,0,0,0,0,0,0,0
fitness,0,0,0,0,0,0,0,0,0,0
past bij,1,0,0,0,0,1,0,0,0,0
gemonteerd,0,0,0,0,0,0,0,0,0,0
passend,0,1,0,0,1,0,1,0,0,1
uitrusting,0,0,0,0,0,0,0,0,0,0
repareren,0,0,0,0,0,0,0,0,0,0
fixatie,0,0,0,0,0,0,0,0,0,0
gemaakt,0,0,0,0,0,0,0,0,0,1
armatuur,0,0,0,0,0,0,1,0,0,0
armaturen,0,0,0,0,0,0,0,0,0,0
bruisen,0,0,0,0,0,0,0,0,0,0
slap,0,0,1,0,0,1,0,0,0,0
slappe,0,0,0,0,0,1,0,1,0,0
markeren,0,0,0,0,0,1,0,0,0,0
flagrante,1,0,1,0,0,1,0,0,0,0
vlaggenschip,0,0,0,0,0,0,0,0,0,1
vlok,0,0,0,0,0,1,0,0,0,0
vlokkig,0,0,0,0,0,0,0,0,0,0
vlam,0,0,0,0,0,0,0,0,0,0
vlammend,0,0,0,0,0,0,0,0,0,0
flens,0,0,0,0,0,0,0,0,0,1
flank,0,0,0,0,0,0,0,0,0,0
geflankeerd,0,0,0,0,0,0,0,0,0,0
flankerend,0,0,0,0,0,0,0,0,0,0
flanel,0,0,0,0,0,0,0,0,0,0
klep,0,0,0,0,0,1,0,0,0,0
klapperen,0,0,0,0,0,0,0,0,0,0
gloed,0,0,0,0,0,0,0,0,0,0
affakkelen,0,0,0,0,0,0,0,0,0,0
flash,0,0,0,0,0,0,0,0,0,0
flashback,0,0,0,0,0,0,0,0,0,0
knipperend,0,0,0,0,0,0,0,0,0,0
zaklamp,0,0,0,0,0,0,0,0,0,0
flitsend,0,0,0,0,0,0,0,0,0,0
fles,0,0,0,0,0,0,0,0,0,0
vlak,0,0,0,0,0,0,0,0,0,0
vlakheid,0,0,0,0,0,0,0,0,0,0
afvlakken,0,0,0,0,0,0,0,0,0,0
vleiend,0,0,0,0,1,0,1,0,0,0
vleierij,0,0,0,0,0,0,0,0,0,0
winderigheid,0,0,1,0,0,1,0,0,0,0
pronken,0,0,0,0,0,1,0,0,0,0
smaak,0,0,0,0,0,0,0,0,0,0
gebrek,0,0,0,0,0,1,0,1,0,0
vlo,0,0,1,0,0,1,0,0,0,0
gevlucht,0,0,0,1,0,0,0,0,0,0
vluchten,0,0,0,1,0,1,0,0,0,0
fleece,1,0,1,0,0,1,0,1,0,0
vloot,0,0,0,0,0,0,1,0,0,0
vluchtig,0,0,0,0,0,0,0,0,0,0
vlees,0,0,1,0,0,0,0,0,0,0
vlezig,0,0,0,0,0,1,0,0,0,0
buigen,0,0,0,0,0,0,0,0,0,0
flexibiliteit,0,0,0,0,0,0,1,0,0,0
flexibel,0,0,0,0,0,0,0,0,0,0
flexie,0,0,0,0,0,0,0,0,0,0
flikkeren,0,0,0,0,0,0,0,0,0,0
flikkerend,0,0,0,0,0,0,0,0,0,0
vlieger,0,0,0,0,0,0,0,0,0,0
vlucht,0,0,0,0,0,0,0,0,0,0
terugdeinzen,0,1,1,1,0,1,0,1,1,0
gooien,0,0,0,0,0,0,0,0,0,0
vuursteen,0,0,0,0,0,0,0,0,0,0
flipper,0,0,0,0,0,0,0,0,0,0
flirt,0,1,0,0,1,1,1,0,1,1
flirten,0,0,0,0,0,0,0,0,0,0
vlot,0,0,0,0,0,0,0,0,0,0
kudde,0,0,0,0,0,0,0,0,0,0
geseling,1,0,1,1,0,1,0,1,0,0
overstroming,0,0,0,1,0,0,0,0,0,0
vloer,0,0,0,0,0,0,0,0,0,0
flop,0,0,1,0,0,1,0,1,0,0
flora,0,0,0,0,0,0,0,0,0,0
bloemen,0,0,0,0,0,0,1,0,0,0
bloemist,0,0,0,0,0,0,0,0,0,0
flossen,0,0,0,0,0,0,0,0,0,0
bot,0,0,0,1,0,1,0,1,0,0
meel,0,0,0,0,0,0,0,0,0,0
stromen,0,0,0,0,0,0,1,0,0,0
bloeiend,0,0,0,0,0,0,0,0,0,0
bloemrijk,0,0,0,0,0,0,1,0,0,0
griep,0,0,0,1,0,1,0,0,0,0
fluctueren,0,0,0,0,0,0,0,0,0,0
fluctuerend,0,0,0,0,0,0,0,0,0,0
fluctuatie,1,0,0,1,0,1,0,0,0,0
rookkanaal,0,0,0,0,0,0,0,0,0,0
vloeiendheid,0,0,0,0,0,0,0,0,0,0
pluis,0,0,0,0,0,0,0,0,0,0
pluizig,0,0,0,0,0,0,0,0,0,0
vloeistof,0,0,0,0,0,0,0,0,0,0
vloeibaarheid,0,0,0,0,0,0,0,0,0,0
toevalstreffer,0,0,0,0,0,0,0,0,1,0
fluorescentie,0,0,0,0,0,0,0,0,0,0
fluorescerend,0,0,0,0,0,0,0,0,0,0
vlaag,0,0,0,0,0,0,0,0,0,0
doorspoelen,0,0,0,0,0,0,1,0,0,0
verward,0,0,0,0,0,0,0,0,0,0
fluit,0,0,0,0,0,0,0,0,0,0
gecanneleerd,0,0,0,0,0,0,0,0,0,0
fluviaal,0,0,0,0,0,0,0,0,0,0
flux,0,0,0,0,0,0,0,0,0,0
vlieg,0,0,0,0,0,0,0,0,0,0
folder,0,0,0,0,0,0,0,0,0,0
vliegend,0,0,0,1,0,0,1,0,0,0
vliegwiel,0,0,0,0,0,0,0,0,0,0
veulen,0,0,0,0,0,0,0,0,0,0
schuim,0,0,0,0,0,0,0,0,0,0
schuimend,0,0,0,0,0,0,0,0,0,0
schuimend,0,0,0,0,0,0,0,0,0,0
fob,0,0,0,0,0,0,0,0,0,0
brandpunt,0,0,0,0,0,0,0,0,0,0
focus,0,0,0,0,0,0,1,0,0,0
voer,0,0,0,0,0,0,0,0,0,0
vijand,1,0,0,1,0,1,0,0,0,0
mist,0,0,0,0,0,0,0,0,0,0
mistig,0,0,0,0,0,0,0,0,0,0
folie,0,0,0,0,0,0,0,0,0,0
verijdeld,0,0,0,0,0,1,0,0,0,0
vouwen,0,0,0,0,0,0,0,0,0,0
gevouwen,0,0,0,0,0,0,0,0,0,0
gebladerte,0,0,0,0,0,0,0,0,0,0
folio,0,0,0,0,0,0,0,0,0,0
volk,0,0,0,0,0,0,0,0,0,0
folklore,0,0,0,0,0,0,0,0,0,0
follikel,0,0,0,0,0,0,0,0,0,0
folliculair,0,0,0,0,0,0,0,0,0,0
volgen,0,0,0,0,0,0,0,0,0,0
volgeling,0,0,0,0,0,0,0,0,0,1
dwaasheid,0,0,0,0,0,1,0,0,0,0
strelen,0,0,0,0,0,0,0,0,0,0
genegenheid,0,0,0,0,1,0,1,0,0,0
lettertype,0,0,0,0,0,0,0,0,0,0
voedsel,0,0,0,0,1,0,1,0,0,1
gek,0,0,1,0,0,1,0,0,0,0
voor de gek houden,0,0,0,0,0,0,0,0,0,0
dom,0,0,0,0,0,1,0,0,0,0
dwaasheid,0,0,0,0,0,1,0,0,0,0
voet,0,0,0,0,0,0,0,0,0,0
Amerikaans voetbal,0,1,0,0,1,0,1,0,0,0
voetgangersbrug,0,0,0,0,0,0,0,0,0,0
voet aan de grond,0,0,0,0,0,0,0,0,0,1
voetpad,0,0,0,0,0,0,0,0,0,0
voetafdruk,0,0,0,0,0,0,0,0,0,0
modegek,0,0,0,0,0,0,0,0,0,0
foerageren,0,0,0,0,0,1,0,0,0,0
uitstapje,1,0,0,0,0,1,0,0,0,0
verdraagzaamheid,0,0,0,0,0,0,1,0,0,0
verbieden,0,0,0,0,0,1,0,1,0,0
verbiedend,1,0,0,1,0,1,0,0,0,0
kracht,1,0,0,1,0,1,0,0,0,0
gedwongen,0,0,0,1,0,1,0,0,0,0
tang,0,0,0,0,0,0,0,0,0,0
met geweld,1,0,0,1,0,1,0,0,0,0
doorwaadbare plaats,0,0,0,0,0,0,0,0,0,0
voor,0,0,0,0,0,0,1,0,0,0
onderarm,1,1,0,0,0,0,0,0,0,0
voorteken,0,1,0,1,0,1,0,0,0,0
voorspelling,0,1,0,0,0,0,0,0,0,1
voorspeller,0,0,0,0,0,0,0,0,0,0
afschermen,0,0,0,1,0,1,0,1,0,0
voorouders,0,0,0,0,1,0,1,0,0,1
wijsvinger,0,0,0,0,0,0,0,0,0,0
afzien van,0,0,0,0,0,1,0,0,0,0
voorgaande,0,0,0,0,0,0,1,0,0,0
gederfd,0,0,0,0,0,0,0,0,0,0
voorgrond,0,0,0,0,0,0,0,0,0,0
voorhoofd,0,0,0,0,0,0,0,0,0,0
buitenlands,0,0,0,0,0,1,0,0,0,0
buitenlander,0,0,0,1,0,1,0,0,0,0
voorman,0,0,0,0,0,0,1,0,0,0
forensisch,0,0,0,0,0,0,0,0,0,0
voorloper,0,0,0,0,0,0,1,0,0,0
voorzien,0,1,0,0,0,0,1,0,1,1
voorzien,0,1,0,0,0,0,1,0,0,0
vooruitziendheid,0,1,0,0,0,0,1,0,0,1
Woud,0,0,0,0,0,0,0,0,0,0
vooruitdenken,0,0,0,0,0,0,0,0,0,0
gewaarschuwd,0,1,0,1,0,1,0,0,0,0
voorwoord,0,0,0,0,0,0,0,0,0,0
in beslag nemen,1,0,0,0,0,1,0,1,0,0
verbeurd,0,0,0,0,0,1,0,0,0,0
verbeurdverklaring,0,0,0,1,0,1,0,1,0,0
smederij,0,0,0,0,0,0,1,0,0,0
namaak,0,0,0,0,0,1,0,0,0,0
vergeten,0,0,0,0,0,1,0,0,0,0
vergeetachtig,0,0,0,0,0,0,0,0,0,0
vergeetachtigheid,0,0,0,0,0,0,0,0,0,0
vergeven,0,0,0,0,0,0,1,0,0,0
vergeven,0,0,0,0,0,0,1,0,0,0
vergevensgezind,0,0,0,0,0,0,1,0,0,1
vergeten,0,0,0,1,0,1,0,1,0,0
vork,0,0,0,0,0,0,0,0,0,0
gevorkt,0,0,0,0,0,0,0,0,0,0
vertakking,0,0,0,0,0,0,0,0,0,0
verloren,0,0,0,0,0,1,0,1,0,0
het formulier,0,0,0,0,0,0,0,0,0,0
formalisme,0,0,0,0,0,0,0,0,0,0
formaliteit,0,0,0,0,0,0,0,0,0,1
vorming,0,0,0,0,0,0,0,0,0,0
vormend,0,0,0,0,0,0,1,0,0,1
gevormd,0,0,0,0,0,0,0,0,0,0
formidabel,0,0,0,1,0,0,0,0,0,0
vormen,0,1,0,0,0,0,0,0,0,0
vormloos,0,0,0,0,0,1,0,0,0,0
formule,0,0,0,0,0,0,1,0,0,1
formularium,0,0,0,0,0,0,0,0,0,0
formuleren,0,0,0,0,0,0,0,0,0,0
ontucht,0,0,0,0,0,1,0,0,0,0
verlaten,0,0,0,0,0,1,0,1,0,0
in de steek gelaten,1,0,0,0,0,1,0,1,0,0
voorzeker,0,0,0,0,0,0,0,0,0,0
fort,0,0,0,0,0,0,0,0,0,1
forte,0,0,0,0,0,0,1,0,0,0
aanstaande,0,0,0,0,0,0,1,0,0,0
onverwijld,0,0,0,0,0,0,0,0,0,0
fortificatie,0,0,0,0,0,0,0,0,0,0
versterken,0,0,0,0,0,0,1,0,0,0
standvastigheid,0,0,0,0,1,0,1,0,0,1
tweewekelijks,0,0,0,0,0,0,0,0,0,0
vesting,0,0,0,1,0,0,1,1,0,1
toevallig,0,0,0,0,0,0,0,0,0,0
gelukkig,0,0,0,0,0,0,1,0,0,0
fortuin,0,1,0,0,1,0,1,0,1,1
veertig,0,0,0,0,0,0,0,0,0,0
forum,0,0,0,0,0,0,0,0,0,0
naar voren,0,0,0,0,0,0,1,0,0,0
fossiel,0,0,0,0,0,0,0,0,0,0
fossielen,0,0,0,0,0,0,0,0,0,0
vals,1,0,1,1,0,1,0,0,0,0
gevonden,0,0,0,0,1,0,1,0,0,1
fundament,0,0,0,0,0,0,1,0,0,0
oprichter,0,0,0,0,0,0,0,0,0,0
gieterij,0,0,0,0,0,0,0,0,0,0
fontein,0,0,0,0,0,0,0,0,0,0
viervoudig,0,0,0,0,0,0,0,0,0,0
vierde,0,0,0,0,0,0,0,0,0,0
kip,0,0,0,0,0,0,0,0,0,0
vos,0,0,0,0,0,0,0,0,0,0
foxy,0,0,0,0,0,0,0,0,0,0
fractie,0,0,0,0,0,0,0,0,0,0
fractioneel,0,0,0,0,0,0,0,0,0,0
breuk,0,0,0,0,0,1,0,0,0,0
Broos,0,0,0,1,0,1,0,1,0,0
breekbaarheid,0,0,0,0,0,0,0,0,0,0
fragment,0,0,0,0,0,0,0,0,0,0
fragmentarisch,0,0,0,0,0,0,0,0,0,0
geur,0,0,0,0,0,0,0,0,0,0
geurig,0,0,0,0,0,0,1,0,0,0
kwetsbaarheid,0,0,0,0,0,1,0,1,0,0
kader,0,0,0,0,0,0,0,0,0,1
franchise,0,0,0,0,0,0,0,0,0,0
openhartig,0,0,0,0,0,0,1,0,0,1
openhartigheid,0,0,0,0,0,0,1,0,0,1
panisch,0,1,1,1,0,1,0,0,1,0
broederlijk,0,0,0,0,1,0,1,0,0,1
broederschap,0,0,0,0,0,0,0,0,0,0
fraude,1,0,0,0,0,1,0,0,0,0
frauduleus,1,0,1,0,0,1,0,0,0,0
beladen,0,0,0,1,0,1,0,1,0,0
strijd,0,0,0,0,0,1,0,0,0,0
gerafeld,0,0,0,0,0,1,0,1,0,0
gek,0,0,0,0,0,0,0,0,0,0
grillig,0,0,1,1,0,1,0,0,1,0
vrijheid,0,0,0,0,1,0,1,0,0,1
eigendom,0,0,0,0,0,0,0,0,0,0
freelancer,0,0,0,0,0,0,0,0,0,0
vrij,0,0,0,0,1,0,1,0,0,1
snelweg,0,0,0,0,0,0,0,0,0,0
bevriezen,0,0,0,0,0,0,0,0,0,0
diepvries,0,0,0,0,0,0,0,0,0,0
bevriezen,0,0,0,0,0,1,0,0,0,0
vracht,0,0,0,0,0,0,0,0,0,0
hectisch,1,0,0,1,0,1,0,0,1,0
waanzinnig,1,0,0,1,0,1,0,0,0,0
genot,0,0,0,0,0,1,0,0,0,0
frequentie,0,0,0,0,0,0,0,0,0,0
veel voorkomend,0,0,0,0,0,0,0,0,0,0
vaak,0,0,0,0,0,0,0,0,0,0
fresco,0,0,0,0,0,0,0,0,0,0
eerstejaars,0,0,0,0,0,0,0,0,0,0
tobben,0,0,0,1,0,1,0,0,0,0
wrijving,1,0,0,0,0,0,0,0,0,0
vriend,0,0,0,0,1,0,1,0,0,1
vriendelijkheid,0,0,0,0,1,0,1,0,0,1
vriendelijk,0,1,0,0,1,0,1,0,0,1
vriendschap,0,0,0,0,1,0,1,0,0,1
fregat,0,0,0,1,0,0,0,0,0,0
schrik,0,0,0,1,0,1,0,0,1,0
bang maken,0,0,0,1,0,1,0,1,1,0
bang,0,0,0,1,0,1,0,0,1,0
beangstigend,1,0,0,1,0,1,0,1,0,0
ijskoud,0,0,0,0,0,1,0,0,0,0
zoom,0,0,0,0,0,0,0,0,0,0
omzoomd,0,0,0,0,0,0,0,0,0,0
dartel,0,1,0,0,1,0,1,0,1,0
frivool,0,0,0,0,0,1,0,0,0,0
japon,0,0,0,0,0,0,0,0,0,0
kikker,0,0,0,0,0,0,0,0,0,0
stoeien,0,0,0,0,1,0,1,0,0,0
voorkant,0,0,0,0,0,0,0,0,0,0
voorgevel,0,0,0,0,0,0,0,0,0,0
frontaal,0,0,0,0,0,0,0,0,0,0
grens,0,0,0,0,0,0,0,0,0,0
frontman,0,0,0,0,0,0,0,0,0,0
frontispice,0,0,0,0,0,0,0,0,0,0
vorst,0,0,0,0,0,0,0,0,0,0
bevriezing,0,0,0,0,0,1,0,0,0,0
bevroren,0,0,0,0,0,0,0,0,0,0
ijzig,0,0,0,0,0,0,0,0,0,0
schuim,0,0,0,0,0,1,0,0,0,0
schuimig,0,0,0,0,0,0,0,0,0,0
frons,0,0,0,0,0,1,0,1,0,0
fronsend,1,0,1,0,0,1,0,1,0,0
bevroren,0,0,0,0,0,0,0,0,0,0
zuinig,0,0,0,0,0,0,1,0,0,0
fruit,0,0,0,0,0,0,0,0,0,0
vruchtbaar,0,0,0,0,0,0,1,0,0,0
vervulling,0,0,0,0,0,0,0,0,0,0
vruchteloos,0,0,0,0,0,1,0,1,0,0
frustreren,1,0,1,0,0,1,0,1,0,0
gefrustreerd,1,0,0,0,0,1,0,0,0,0
frustratie,1,0,0,0,0,1,0,0,0,0
frituren,0,0,0,0,0,0,0,0,0,0
toffees,0,0,0,0,0,1,0,0,0,0
brandstof,0,0,0,0,0,0,0,0,0,0
voortvluchtig,1,0,1,1,0,1,0,1,0,1
steunpunt,0,0,0,0,0,0,0,0,0,0
vervullen,0,0,0,0,1,0,1,0,0,0
vervulling,0,1,0,0,1,0,1,0,0,1
vol,0,0,0,0,0,0,1,0,0,0
volheid,0,0,0,0,0,0,0,0,0,0
ten volle,0,0,0,0,0,0,1,0,0,1
morrelen,0,0,0,0,0,1,0,0,0,0
rook,0,0,0,0,0,1,0,0,0,0
begassing,0,0,0,0,0,0,0,0,0,0
rokend,1,0,0,0,0,1,0,0,0,0
plezier,0,1,0,0,1,0,1,0,0,0
functie,0,0,0,0,0,0,0,0,0,0
functioneel,0,0,0,0,0,0,0,0,0,0
fonds,0,0,0,0,0,0,0,0,0,0
fundamenteel,0,0,0,0,0,0,1,0,0,1
fundamenteel,0,0,0,0,0,0,0,0,0,0
fondsen,0,0,0,0,0,0,0,0,0,0
begrafenis,0,0,0,0,0,0,0,1,0,0
schimmel,0,0,1,0,0,1,0,0,0,0
funk,0,0,0,0,0,1,0,1,0,0
koker,0,0,0,0,0,0,0,0,0,0
vacht,0,0,0,0,0,0,0,0,0,0
woest,1,0,1,0,0,1,0,0,0,0
woedend,1,0,0,0,0,0,0,0,0,0
verlof,0,0,0,0,0,0,0,0,0,0
oven,1,0,0,0,0,0,0,0,0,0
inrichten,0,0,0,0,0,0,0,0,0,0
meubilair,0,0,0,0,0,0,0,0,0,0
furore,1,0,0,0,0,1,0,0,0,0
voor,0,0,0,0,0,0,0,1,0,0
bevordering,0,0,0,0,0,0,0,0,0,0
woede,1,0,0,1,0,1,0,1,0,0
lont,0,0,0,0,0,0,1,0,0,1
fusie,0,0,0,0,0,0,1,0,0,0
drukte,1,0,0,0,0,1,0,1,0,0
kieskeurig,0,0,1,0,0,1,0,0,0,0
triviaal,0,0,0,0,0,1,0,1,0,0
futiliteit,0,0,0,0,0,1,0,0,0,0
toekomst,0,0,0,0,0,0,0,0,0,0
dons,0,0,0,0,0,0,0,0,0,0
vaag,0,0,0,0,0,0,0,0,0,0
gaby,0,0,1,0,0,1,0,0,0,0
grap,0,0,1,0,0,1,0,0,0,0
peilen,0,0,0,0,0,0,0,0,0,1
gaggelen,0,0,0,0,0,0,0,0,0,0
verdienen,0,1,0,0,1,0,1,0,0,0
winstgevend,0,0,0,0,0,0,0,0,0,0
winnen,0,0,0,0,0,0,1,0,0,0
gang,0,0,0,0,0,0,0,0,0,0
gala,0,0,0,0,0,0,0,0,0,0
heelal,0,0,0,0,0,0,0,0,0,0
storm,0,0,0,0,0,0,0,0,0,0
gal,1,0,1,0,0,1,0,0,0,0
galant,0,0,0,0,0,0,1,0,0,0
dapperheid,0,0,0,0,0,0,1,0,0,0
galerij,0,0,0,0,0,0,0,0,0,0
kombuis,0,0,0,0,0,0,0,0,0,0
galop,0,0,0,0,0,0,0,0,0,0
galopperen,0,0,0,0,0,0,0,0,0,0
galg,1,0,0,1,0,1,0,1,0,0
in overvloed,0,0,0,0,0,0,1,0,0,0
galvanisch,0,0,0,0,0,0,0,0,0,0
gokken,0,0,0,0,0,1,0,0,0,0
gokker,0,1,0,0,0,1,0,0,1,0
gokken,0,1,0,0,0,1,0,0,1,0
spel,0,0,0,0,0,0,0,0,0,0
gamen,0,0,0,0,0,0,0,0,0,0
achterham,0,0,0,0,0,0,0,0,0,0
gamma,0,0,0,0,0,0,0,0,0,0
gander,0,0,0,0,0,0,0,0,0,0
bende,1,0,0,1,0,1,0,0,0,0
gevangenis,0,0,0,0,0,1,0,0,0,0
gat,0,0,0,0,0,1,0,0,0,0
gapen,0,0,0,0,0,0,0,0,1,0
gapend,0,0,0,0,0,0,0,0,0,0
garage,0,0,0,0,0,0,0,0,0,0
gewaad,0,0,0,0,0,0,0,0,0,0
afval,0,0,1,0,0,1,0,0,0,0
verminkt,0,0,0,0,0,0,0,0,0,0
tuin,0,0,0,0,1,0,1,0,0,0
tuinman,0,0,0,0,0,0,0,0,0,0
tuinieren,0,0,0,0,0,0,0,0,0,0
opzichtig,0,0,1,0,0,1,0,0,1,0
knoflook,0,0,0,0,0,0,0,0,0,0
kledingstuk,0,0,0,0,0,0,0,0,0,0
vergaren,0,0,0,0,0,0,0,0,0,0
granaat,0,0,0,0,0,0,1,0,0,0
garnering,0,0,0,0,0,1,0,0,0,0
garnizoen,0,0,0,0,0,0,1,0,0,1
kousenband,0,0,0,0,0,0,0,0,0,0
gas-,0,0,0,0,0,0,0,0,0,0
gasvormig,0,0,0,0,0,0,0,0,0,0
Jaap,0,0,0,1,0,1,0,0,0,0
vergassing,0,0,0,0,0,0,0,0,0,0
benzine,0,0,0,0,0,0,0,0,0,0
naar adem snakken,0,0,0,0,0,0,0,0,1,0
hijgen,0,0,0,1,0,1,0,0,0,0
maag-,0,0,0,0,0,0,0,0,0,0
gastronomie,0,0,0,0,0,0,0,0,0,0
poort,0,0,0,0,0,0,0,0,0,1
poort,0,0,0,0,0,0,0,0,0,1
bijeenkomen,0,0,0,0,0,0,0,0,0,0
verzamelaar,0,0,0,0,0,0,0,0,0,0
bijeenkomst,0,0,0,0,0,0,0,0,0,0
gauche,0,0,0,0,0,1,0,0,0,0
graadmeter,0,0,0,0,0,0,0,0,0,0
ijking,0,0,0,0,0,0,0,0,0,1
uitgemergeld,0,0,0,0,0,1,0,0,0,0
handschoen,0,0,0,0,0,0,0,0,0,0
gaas,0,0,0,0,0,0,0,0,0,0
hamer,0,0,0,0,0,0,0,0,0,0
gawk,0,0,0,0,0,0,0,0,1,0
staren,0,0,0,0,0,0,0,0,0,0
Prieel,0,0,0,0,0,0,0,0,0,0
gazelle,0,0,0,0,0,0,0,0,0,0
publicatieblad,0,0,0,0,0,0,1,0,0,1
gazetteer,0,0,0,0,0,0,0,0,0,0
versnelling,0,0,0,0,0,0,1,0,0,0
gel,0,0,0,0,0,0,0,0,0,0
gelatine,0,0,1,0,0,0,0,0,0,0
geld,0,0,0,0,0,0,0,0,0,0
ruin,0,0,0,0,0,0,0,0,0,0
edelsteen,0,0,0,0,1,0,1,0,0,0
tweeling,0,0,0,0,0,0,0,0,0,0
geslacht,0,0,0,0,0,0,0,0,0,0
genealogie,0,0,0,0,0,0,0,0,0,0
algemeen,0,0,0,0,0,0,1,0,0,1
algemeenheid,0,0,0,0,0,0,0,0,0,0
generalisatie,0,0,0,0,0,0,0,0,0,0
over het algemeen,0,0,0,0,0,0,0,0,0,0
genereren,0,0,0,0,0,0,0,0,0,0
generatie,0,0,0,0,0,0,0,0,0,0
generatief,0,0,0,0,0,0,0,0,0,0
generator,0,0,0,0,0,0,0,0,0,0
algemeen,0,0,0,0,0,0,0,0,0,0
vrijgevigheid,0,1,0,0,1,0,1,0,1,1
genereus,0,0,0,0,1,0,1,0,0,1
Genesis,0,0,0,0,0,0,0,0,0,0
genetisch,0,0,0,0,0,0,0,0,0,0
genetica,0,0,0,0,0,0,0,0,0,0
geniaal,0,0,0,0,1,0,1,0,0,0
genitaal,0,0,0,0,0,0,0,0,0,0
genie,0,0,0,0,0,0,1,0,0,0
genre,0,0,0,0,0,0,0,0,0,0
mijnheer,1,0,1,1,0,1,0,0,0,0
deftig,0,0,0,0,0,0,1,0,0,0
heer,0,0,0,0,0,0,1,0,0,1
vriendelijkheid,0,0,0,0,0,0,1,0,0,0
adel,0,0,0,0,0,0,1,0,0,1
oprecht,0,0,0,0,0,0,1,0,0,1
geslacht,0,0,0,0,0,0,0,0,0,0
geografie,0,0,0,0,0,0,0,0,0,0
geologie,0,0,0,0,0,0,0,0,0,0
geometrie,0,0,0,0,0,0,0,0,0,0
geranium,0,0,0,0,0,0,1,0,0,0
geriatrisch,0,0,0,0,0,1,0,1,0,0
kiem,0,1,1,0,0,0,0,0,0,0
Duitse,0,0,0,0,0,0,0,0,0,0
relevant,0,0,0,0,0,0,0,0,0,0
ontkiemen,0,0,0,0,0,0,0,0,0,0
kieming,0,1,0,0,0,0,0,0,0,0
zwangerschap,0,0,0,0,0,0,0,0,0,0
gebaar,0,0,0,0,0,0,0,0,0,0
afschuwelijk,0,0,1,1,0,1,0,0,0,0
getto,0,0,1,1,0,1,0,1,0,0
geest,0,0,0,1,0,0,0,0,0,0
spookachtig,0,0,0,1,0,1,0,0,0,0
reusachtig,0,0,0,1,0,0,0,0,0,0
brabbeltaal,1,0,0,0,0,1,0,0,0,0
geschenk,0,1,0,0,1,0,1,0,1,0
begaafd,0,0,0,0,0,0,1,0,0,0
optreden,0,0,0,0,0,0,0,0,0,0
gigantisch,0,0,0,0,0,0,1,0,0,0
giechelen,0,0,0,0,1,0,1,0,0,0
kieuw,0,0,0,0,0,0,0,0,0,0
kieuwen,0,0,0,0,0,0,0,0,0,0
verguld,0,0,0,0,0,0,0,0,0,0
gimp,0,0,0,0,0,0,0,0,0,0
gin,0,0,0,0,0,0,0,0,0,0
gember,0,0,0,0,0,0,0,0,0,0
ontbijtkoek,0,0,0,0,0,0,0,0,0,0
voorzichtig,0,0,0,0,0,0,0,0,0,0
giraffe,0,0,0,0,0,0,0,0,0,0
balk,0,0,0,0,0,0,1,0,0,1
gordel,0,0,0,0,0,0,0,0,0,0
omvang,0,0,0,0,0,0,0,0,0,0
kern,0,0,0,0,0,0,0,0,0,0
geven,0,0,0,0,0,0,1,0,0,0
kaal,0,0,0,0,0,0,0,0,0,0
ijskoud,0,0,0,0,0,1,0,0,0,0
gletsjer,0,0,0,0,0,0,0,0,0,0
blij,0,1,0,0,1,0,1,0,0,0
open plek,0,0,0,0,0,0,0,0,0,0
gladiator,0,0,0,1,0,0,0,0,0,0
blijdschap,0,0,0,0,1,0,1,0,0,0
oogopslag,0,0,0,0,0,0,0,0,0,0
schittering,1,0,0,1,0,1,0,0,0,0
intens staren,1,0,0,0,0,1,0,0,0,0
glas,0,0,0,0,0,0,0,0,0,0
bril,0,0,0,0,0,0,0,0,0,0
glaswerk,0,0,0,0,0,0,0,0,0,0
glazuur,0,0,0,0,0,0,0,0,0,0
glans,0,0,0,0,0,0,0,0,0,0
sprokkelen,0,0,0,0,0,0,0,0,0,0
vrolijkheid,0,0,0,0,1,0,1,0,0,0
glen,0,0,0,0,0,0,0,0,0,0
glib,0,0,0,0,0,1,0,0,0,0
glijden,0,1,0,0,1,0,1,0,0,0
glinsteren,0,1,0,0,1,0,1,0,1,0
glimp,0,0,0,0,0,0,0,0,0,0
glinsteren,0,0,0,0,0,0,0,0,0,0
schitteren,0,0,1,0,1,0,0,0,0,0
glinsterend,0,0,0,0,0,0,1,0,0,0
wereldbol,0,0,0,0,0,0,0,0,0,0
bolvormig,0,0,0,0,0,0,0,0,0,0
somberheid,0,0,0,0,0,1,0,1,0,0
teneergeslagen,0,0,0,0,0,1,0,1,0,0
verheerlijking,0,0,0,0,1,0,1,0,0,0
verheerlijken,0,1,0,0,1,0,1,0,1,1
heerlijkheid,0,1,0,0,1,0,1,0,0,1
glans,0,0,0,0,0,0,1,0,0,0
woordenlijst,0,0,0,0,0,0,0,0,0,0
glanzend,0,0,0,0,0,0,0,0,0,0
handschoen,0,0,0,0,0,0,0,0,0,0
gloed,0,1,0,0,1,0,1,0,0,1
gloeiend,0,0,0,0,0,0,1,0,0,0
glucose,0,0,0,0,0,0,0,0,0,0
lijm,0,0,0,0,0,0,0,0,0,0
somberheid,0,0,0,0,0,1,0,1,0,0
gulzig,0,0,1,0,0,1,0,0,0,0
gluten,0,0,0,0,0,0,0,0,0,0
vraatzucht,0,0,1,0,0,1,0,0,0,0
glycerine,0,0,0,0,0,0,0,0,0,0
mug,0,0,0,0,0,0,0,0,0,0
kabouter,1,0,1,1,0,1,0,0,0,0
geit,0,0,0,0,0,0,0,0,0,0
sik,0,0,0,0,0,0,0,0,0,0
gob,0,0,1,0,0,0,0,0,0,0
opslokken,0,0,0,0,0,0,0,0,0,0
beker,0,0,0,0,0,0,0,0,0,0
kobold,0,0,1,1,0,1,0,0,0,0
god,0,1,0,1,1,0,1,0,0,1
godin,0,0,0,0,0,0,0,0,0,0
peetvader,0,0,0,0,0,0,0,0,0,0
goddeloos,1,0,0,0,0,1,0,0,0,0
goddelijk,0,0,0,0,1,0,1,0,0,1
godsgeschenk,0,0,0,0,1,0,1,0,1,0
bril,0,0,0,0,0,0,0,0,0,0
stofbril,0,0,0,0,0,0,0,0,0,0
goud,0,0,0,0,0,0,1,0,0,0
gouden,0,0,0,0,0,0,0,0,0,0
golf,0,0,0,0,0,0,0,0,0,0
gondel,0,0,0,0,0,0,0,0,0,0
gong,0,0,0,0,0,0,0,0,0,0
gonorroe,1,0,1,1,0,1,0,1,0,0
smurrie,0,0,1,0,0,1,0,0,0,0
goed,0,1,0,0,1,0,1,0,1,1
tot ziens,0,0,0,0,0,0,0,0,0,0
welterusten,0,0,0,0,0,0,1,0,0,0
goedheid,0,1,0,0,1,0,1,0,1,1
goederen,0,0,0,0,0,0,1,0,0,0
welwillendheid,0,0,0,0,0,0,1,0,0,0
goody,0,0,0,0,0,0,0,0,0,0
kleverig,0,0,0,0,0,0,0,0,0,0
gans,0,0,0,0,0,0,0,0,0,0
gopher,0,0,0,0,0,0,0,0,0,0
gore,1,0,1,1,0,1,0,1,0,0
kloof,0,0,1,0,0,1,0,0,0,0
heerlijk,0,0,0,0,1,0,1,0,0,0
gorilla,0,0,0,0,0,1,0,0,0,0
bloederig,1,0,1,1,0,1,0,1,0,0
Evangelie,0,0,0,0,0,0,1,0,0,1
geroddel,0,0,0,0,0,1,0,0,0,0
guts,0,0,0,0,0,1,0,0,0,0
fijnproevers,0,0,0,0,0,0,0,0,0,0
jicht,0,0,0,0,0,1,0,0,0,0
regeren,0,0,0,0,0,0,1,0,0,1
gouvernante,0,0,0,0,0,0,0,0,0,1
regerend,0,0,0,0,0,0,0,0,0,0
regering,0,0,0,1,0,1,0,0,0,0
gouverneur,0,0,0,0,0,0,0,0,0,1
gewaad,0,0,0,0,0,0,0,0,0,0
grijpen,1,0,0,0,0,1,0,0,0,0
elegantie,0,0,0,0,0,0,1,0,0,0
bevallig,0,0,0,0,0,0,1,0,0,0
genadig,0,0,0,0,0,0,1,0,0,0
genadig,0,0,0,0,0,0,1,0,0,0
gradatie,0,0,0,0,0,0,0,0,0,0
cijfer,0,0,0,0,0,0,0,0,0,0
nivelleermachine,0,0,0,0,0,0,0,0,0,0
verloop,0,0,0,0,0,0,0,0,0,0
geleidelijk,0,1,0,0,0,0,0,0,0,0
geleidelijk,0,0,0,0,0,0,0,0,0,0
diploma uitreiking,0,1,0,1,1,0,1,0,1,1
korrel,0,0,0,0,0,0,0,0,0,0
gram,0,0,0,0,0,0,0,0,0,0
Grammatica,0,0,0,0,0,0,0,0,0,1
groots,0,0,0,0,0,0,0,0,0,0
kleinkinderen,0,1,0,0,1,0,1,0,0,1
grootsheid,0,0,0,0,0,0,1,0,0,0
opa,0,0,0,0,0,0,0,0,0,1
grandioos,0,0,0,0,0,0,0,0,0,0
grootmoeder,0,0,0,0,0,0,1,0,0,0
landhuis,0,0,0,0,0,0,0,0,0,0
graniet,0,0,0,0,0,0,0,0,0,0
studiebeurs,0,1,0,0,1,0,1,0,0,1
toegekend,0,0,0,0,0,0,1,0,0,0
grantee,0,0,0,0,0,0,0,0,0,0
schenker,0,0,0,0,0,0,0,0,0,0
korrelig,0,0,0,0,0,0,0,0,0,0
korrel,0,0,0,0,0,0,0,0,0,0
druiven,0,0,0,0,0,0,0,0,0,0
afbeeldingen,0,0,0,0,0,0,0,0,0,0
worstelen,0,0,0,0,0,0,0,0,0,0
grijpen,0,0,0,0,0,0,0,0,0,0
grijpen,0,1,0,0,0,1,0,0,0,0
gras,0,0,0,0,0,0,0,0,0,0
sprinkhaan,0,0,0,0,0,0,0,0,0,0
grasachtig,0,0,0,0,0,0,0,0,0,0
rooster,0,0,0,0,0,1,0,0,0,0
geraspt,1,0,0,0,0,1,0,0,0,0
dankbaar,0,0,0,0,0,0,1,0,0,0
bevredigen,0,0,0,0,1,0,1,0,1,0
rooster,1,0,1,0,0,1,0,0,0,0
gratis,0,0,0,0,0,0,0,0,0,0
dankbaarheid,0,0,0,0,1,0,1,0,0,0
gratis,0,0,1,0,0,0,0,0,0,0
fooi,0,0,0,0,0,0,0,0,0,0
graf,0,0,0,1,0,1,0,1,0,0
grind,0,0,0,0,0,0,0,0,0,0
ernstiger,0,0,0,0,0,0,0,0,0,0
aantrekkingskracht,0,1,0,0,0,0,0,0,0,0
zwaartekracht,0,0,0,0,0,0,0,0,0,0
zwaartekracht,0,0,0,0,0,0,0,0,0,0
saus,0,0,0,0,0,0,0,0,0,0
grijs,0,0,1,0,0,0,0,1,0,0
grazen,0,0,0,0,0,0,0,0,0,0
vet,0,0,0,0,0,0,0,0,0,0
vettig,0,0,1,0,0,0,0,0,0,0
groter,0,0,0,0,0,0,1,0,0,0
beste,0,0,0,0,0,0,0,0,0,0
enorm,0,0,0,0,0,0,0,0,0,0
grootheid,0,0,0,0,1,0,1,0,1,1
hebzucht,1,0,1,0,0,1,0,0,0,0
hebberig,0,0,1,0,0,1,0,0,0,0
groente,0,0,0,0,1,0,1,0,0,1
broeikas,0,0,0,0,0,0,0,0,0,0
groenachtig,0,0,0,0,0,0,0,0,0,0
groenhout,0,0,0,0,0,0,0,0,0,0
groeten,0,0,0,0,0,0,0,0,0,0
groet,0,0,0,0,0,0,1,0,1,0
gezellig,0,0,0,0,0,0,1,0,0,0
granaat,0,0,0,1,0,1,0,0,0,0
grijs,0,0,0,0,0,0,0,0,0,0
windhond,0,0,0,0,0,0,0,0,0,0
rooster,0,0,0,0,0,0,0,0,0,0
rouw,0,0,0,0,0,1,0,1,0,0
klacht,1,0,1,0,0,1,0,1,0,0
treuren,0,0,0,1,0,1,0,1,0,0
pijnlijk,1,0,0,1,0,1,0,1,0,0
griffioen,0,0,0,0,0,0,0,0,0,0
grillen,0,0,0,0,0,0,0,0,0,0
rooster,0,0,0,0,0,0,0,0,0,0
grimmig,1,1,1,1,0,1,0,1,0,0
vuil,0,0,1,0,0,1,0,0,0,0
groezelig,0,0,1,0,0,1,0,0,0,0
grijns,0,1,0,0,1,0,1,0,1,1
malen,0,0,0,0,0,0,0,0,0,0
Slijper,0,0,0,0,0,0,0,0,0,0
slijpen,0,0,0,0,0,1,0,0,0,0
greep,0,0,0,0,0,0,0,0,0,0
griezelig,0,0,1,1,0,1,0,0,0,0
maalkoren,0,0,0,0,0,0,1,0,0,0
korrel,0,0,0,0,0,0,1,0,0,1
zanderig,0,0,0,0,0,0,0,0,0,0
grizzly,0,0,0,1,0,1,0,0,0,0
kreunen,0,0,1,0,0,1,0,1,0,0
kruidenier,0,0,0,0,0,0,0,0,0,0
boodschappen,0,0,0,0,0,0,0,0,0,0
boodschap,0,0,0,0,0,0,0,0,0,0
duizelig,0,0,0,0,0,0,0,0,0,0
lies,0,0,0,0,0,0,0,0,0,0
bruidegom,0,0,0,0,0,0,0,0,0,0
groef,0,0,0,0,0,0,0,0,0,0
tasten,1,0,1,1,0,1,0,0,0,0
goor,0,0,1,0,0,1,0,0,0,0
grotesk,0,0,1,0,0,1,0,0,0,0
grot,0,0,0,0,0,0,0,0,0,0
grond,0,0,0,0,0,0,0,0,0,1
geaard,0,0,0,1,0,1,0,1,0,0
ongegrond,0,0,0,0,0,1,0,0,0,0
gronden,0,0,0,0,0,0,0,0,0,0
grondwerk,0,0,0,0,0,0,1,0,0,0
groep,0,0,0,0,0,0,0,0,0,0
groepering,0,0,0,0,0,0,0,0,0,0
korhoen,0,0,0,0,0,0,0,0,0,0
voegmiddel,0,0,0,0,0,0,0,0,0,0
bosje,0,0,0,0,0,0,0,0,0,0
groeien,0,1,0,0,1,0,1,0,0,1
grommen,1,0,0,1,0,1,0,0,0,0
grommen,1,0,1,1,0,1,0,0,0,0
groei,0,0,0,0,0,0,1,0,0,0
eten,0,0,0,0,0,0,0,0,0,0
wrok,1,0,0,0,0,1,0,0,0,0
met tegenzin,0,0,0,0,0,1,0,0,0,0
gruwelijk,0,0,1,0,0,1,0,0,0,0
nors,1,0,1,0,0,1,0,0,0,0
mopperen,1,0,1,0,0,1,0,0,0,0
nors,1,0,1,0,0,1,0,1,0,0
grom,0,0,0,0,0,0,0,0,0,0
garantie,0,0,0,0,0,0,1,0,0,1
garantie,0,0,0,0,0,0,0,0,0,0
bewaker,0,0,0,1,0,0,1,0,0,1
bewaakt,0,0,0,0,0,0,0,0,0,1
voogd,0,0,0,0,0,0,1,0,0,1
voogdij,0,0,0,0,0,0,1,0,0,1
bewakers,0,0,0,0,0,0,0,0,0,0
gouverneur,0,0,0,0,0,0,1,0,0,1
guerilla,0,0,0,1,0,1,0,0,0,0
Raad eens,0,0,0,0,0,0,0,0,1,0
giswerk,0,0,0,0,0,0,0,0,0,0
gast,0,0,0,0,0,0,0,0,0,0
de begeleiding,0,0,0,0,0,0,1,0,0,1
gids,0,0,0,0,0,0,1,0,0,1
gids,0,0,0,0,0,0,1,0,0,1
gilde,0,0,0,0,0,0,0,0,0,0
bedrog,0,0,0,0,0,1,0,0,0,0
guillotine,1,1,1,1,0,1,0,1,0,0
schuld,0,0,1,0,0,1,0,1,0,0
schuldig,1,0,0,0,0,1,0,1,0,0
Guinea,0,0,0,0,0,0,0,0,0,0
vermomming,0,0,0,0,0,1,0,0,0,0
gitaar,0,0,0,0,0,0,0,0,0,0
keel,0,0,0,0,0,0,0,0,0,0
golf,0,0,0,0,0,0,0,0,0,0
meeuw,0,0,0,0,0,1,0,0,0,0
goedgelovig,0,0,0,0,0,1,0,1,0,1
geul,0,0,0,0,0,0,0,0,0,0
slok,0,0,0,1,0,0,0,0,1,0
gom,0,0,0,0,0,0,0,0,0,0
kleverig,0,0,0,0,0,0,0,0,0,0
pistool,1,0,0,1,0,1,0,0,0,0
schutter,0,0,0,0,0,0,0,0,0,0
buskruit,0,0,0,1,0,0,0,0,0,0
goeroe,0,0,0,0,0,0,1,0,0,1
gutsen,0,0,1,0,1,1,0,0,0,0
kruisje,0,0,0,0,0,0,0,0,0,1
windvlaag,0,0,0,0,0,0,0,0,0,0
winderig,0,0,0,0,0,0,0,0,0,0
darm,0,0,1,0,0,0,0,0,0,0
ingewanden,0,0,0,0,0,0,1,0,0,0
goot,0,0,1,0,0,0,0,0,0,0
jongen,0,0,0,0,0,0,0,0,0,0
slurpend,0,0,0,0,0,1,0,0,0,0
gymnasium,0,0,0,0,0,0,0,0,0,0
gymnast,0,0,0,0,0,0,1,0,0,0
gymnastiek-,0,0,0,0,0,0,0,0,0,0
gymnastiek,0,0,0,0,0,0,0,0,0,0
gynaecologie,0,0,0,0,0,0,0,0,0,0
zigeuner,0,0,0,0,0,1,0,0,0,0
gyroscoop,0,0,0,0,0,0,0,0,0,0
gewoonte,0,0,0,0,0,0,0,0,0,0
leefgebied,0,0,0,0,0,0,1,0,0,0
bewoning,0,0,0,0,0,0,0,0,0,0
gewoonte,0,1,0,0,0,0,0,0,0,0
gewoonlijk,0,0,0,0,0,0,0,0,0,0
hacienda,0,0,0,0,0,0,0,0,0,0
hag,0,0,1,1,0,1,0,0,0,0
verwilderd,0,0,0,0,0,1,0,1,0,0
afdingen,0,0,0,0,0,0,0,0,0,0
wees gegroet,0,0,0,0,0,1,1,0,0,1
haar,0,0,0,0,0,0,0,0,0,0
harig,0,0,1,0,0,1,0,0,0,0
hale,0,0,0,0,0,0,1,0,0,0
voor de helft,0,0,0,0,0,0,0,0,0,0
halverwege,0,0,0,0,0,1,0,0,0,0
hal,0,0,0,0,0,0,0,0,0,0
geheiligd,0,0,0,0,0,0,0,0,0,0
hallucinatie,0,0,0,1,0,1,0,0,0,0
halo,0,0,0,0,0,0,0,0,0,0
halt houden,0,0,0,0,0,0,0,0,0,0
halster,1,0,0,1,0,1,0,1,0,0
stoppen,0,0,0,1,0,1,0,1,0,0
halveren,0,0,0,0,0,0,0,0,0,0
halvering,0,0,0,0,0,0,0,0,0,0
ham,0,0,0,0,0,0,0,0,0,0
gehucht,0,0,0,0,0,0,0,0,0,0
hamer,0,0,0,0,0,0,0,0,0,0
hameren,0,0,0,0,0,0,0,0,0,0
hangmat,0,0,0,0,0,0,0,0,0,0
hinderen,0,0,0,0,0,1,0,0,0,0
hamstring,1,0,0,0,0,1,0,1,0,0
hand,0,0,0,0,0,0,0,0,0,0
handboek,0,0,0,0,0,0,0,0,0,1
handvol,0,0,0,0,0,0,0,0,0,0
handicap,0,0,0,0,0,1,0,1,0,0
handwerk,0,0,0,0,0,0,0,0,0,0
handwerk,0,0,0,0,0,0,0,0,0,0
zakdoek,0,0,0,0,0,0,0,0,0,0
handvat,0,0,0,0,0,0,0,0,0,0
knap,0,0,0,0,0,0,0,0,0,0
handschrift,0,0,0,0,0,0,0,0,0,0
handig,0,0,0,0,0,0,1,0,0,0
hangen,0,0,0,0,0,0,0,0,0,0
hangar,0,0,0,0,0,0,0,0,0,0
hangend,1,0,1,1,0,1,0,1,0,0
beul,0,0,0,1,0,1,0,0,0,0
chillen,0,0,0,0,0,0,0,0,0,0
streng,0,0,0,0,0,0,0,0,0,0
hunkeren naar,0,1,0,0,0,0,0,0,0,0
hap,0,1,0,0,0,0,0,0,1,0
lukraak,0,0,0,0,0,0,0,0,0,0
gebeuren,0,1,0,0,0,0,0,0,0,0
gebeurt,0,0,0,0,0,0,0,0,0,0
gelukkig,0,0,0,0,1,0,1,0,0,0
geluk,0,1,0,0,1,0,1,0,0,0
Vrolijk,0,1,0,0,1,0,1,0,0,1
kwellen,1,0,1,0,0,1,0,0,0,0
intimiderend,1,0,0,0,0,0,0,0,0,0
voorbode,1,1,0,1,0,1,0,0,0,0
haven,0,0,0,0,0,0,0,0,0,1
verharden,0,0,0,0,0,0,0,0,0,0
gehard,1,0,1,1,0,1,0,0,0,0
verharding,0,0,0,0,0,0,0,0,0,0
hardheid,0,0,0,0,0,1,0,0,0,0
ontbering,0,0,0,0,0,1,0,1,0,0
hardware,0,0,0,0,0,0,0,0,0,0
winterhard,0,0,0,0,1,0,1,0,0,1
haas,0,0,0,0,0,0,0,0,0,0
harem,0,0,0,0,0,0,0,0,0,0
hoer,0,0,1,0,0,1,0,0,0,0
leed,0,0,0,1,0,1,0,0,0,0
schadelijk,1,0,1,1,0,1,0,1,0,0
mondharmonica,0,0,0,0,0,0,0,0,0,0
harmonischen,0,0,0,0,0,0,0,0,0,0
harmonieus,0,0,0,0,1,0,1,0,0,1
harmoniseren,0,0,0,0,0,0,0,0,0,0
harmonie,0,0,0,0,1,0,1,0,0,1
harnas,0,0,0,0,0,0,0,0,0,0
harpspeler,0,0,0,0,0,0,0,0,0,0
klavecimbel,0,0,0,0,0,0,0,0,0,0
schrijnend,0,0,0,1,0,1,0,0,0,0
harry,1,0,0,0,0,1,0,1,0,0
hardheid,1,0,0,1,0,1,0,0,0,0
hart,0,0,0,0,0,0,0,0,0,0
oogst,0,1,0,0,1,0,1,0,0,0
hasj,0,0,0,0,0,1,0,0,0,0
hasj,0,0,0,0,0,1,0,0,0,0
haast,0,1,0,0,0,0,0,0,0,0
haasten,0,0,0,0,0,0,0,0,0,0
haastig,0,0,0,0,0,0,0,0,0,0
haastig,0,0,0,0,0,1,0,0,0,0
hoed,0,0,0,0,0,0,0,0,0,0
klep,0,0,0,0,0,0,0,0,0,0
bijl,0,0,0,0,0,0,0,0,0,0
een hekel hebben aan,1,0,1,1,0,1,0,1,0,0
haatdragend,1,0,1,1,0,1,0,1,0,0
haten,1,0,0,0,0,1,0,0,0,0
haat,1,0,1,1,0,1,0,1,0,0
hooghartig,1,0,0,0,0,1,0,0,0,0
lading,0,0,0,0,0,0,0,0,0,0
transport,0,0,0,0,0,0,0,0,0,0
achtervolgen,0,0,0,1,0,1,0,0,0,0
behekst,0,0,0,1,0,1,0,1,0,0
toevluchtsoord,0,0,0,0,0,0,1,0,0,1
ravage,1,0,0,1,0,1,0,0,0,0
hoezo,0,0,0,0,0,0,0,0,0,0
havik,0,0,0,1,0,0,0,0,0,0
haviken,0,0,0,0,0,0,0,0,0,0
gevaar,0,0,0,1,0,1,0,0,0,0
gevaarlijk,0,0,0,1,0,1,0,0,0,0
nevel,0,0,0,1,0,1,0,0,0,0
vaag,0,0,0,0,0,0,0,0,0,0
hoofd,0,0,0,0,0,0,0,0,0,0
hoofdpijn,0,0,0,0,0,1,0,0,0,0
hoofdtooi,0,0,0,0,0,0,0,0,0,0
koptekst,0,0,0,0,0,0,0,0,0,0
hoofddeksel,0,0,0,0,0,0,0,0,0,0
rubriek,0,0,0,0,0,0,0,0,0,0
landtong,0,0,0,0,0,0,0,0,0,0
koplamp,0,1,0,0,0,0,0,0,0,0
kop,0,0,0,0,0,0,0,0,0,0
hals over kop,0,0,0,0,0,0,0,0,0,0
hoofdkwartier,0,0,0,0,0,0,0,0,0,0
grafsteen,0,0,0,0,0,0,0,0,0,0
vooruitgang,0,0,0,0,0,0,1,0,0,0
bedwelmend,0,0,0,0,0,1,0,0,0,0
genezen,0,0,0,0,1,0,1,0,0,1
genezing,0,1,0,0,1,0,1,0,0,1
Gezondheid,0,0,0,0,0,0,0,0,0,0
gezond,0,0,0,0,1,0,1,0,0,0
gezond,0,0,0,0,0,0,1,0,0,0
hoop,0,0,0,0,0,0,0,0,0,0
horen,0,0,0,0,0,0,0,0,0,0
toehoorder,0,0,0,0,0,0,0,0,0,0
horen,0,0,0,1,0,1,0,0,0,0
van horen zeggen,0,0,0,0,0,1,0,0,0,0
lijkwagen,0,0,0,1,0,1,0,1,0,0
hart,0,0,0,0,0,0,0,0,0,0
hartzeer,0,0,0,0,0,1,0,1,0,0
maagzuur,0,0,0,0,0,1,0,0,0,0
oprecht,0,0,0,0,1,0,1,1,0,1
haard,0,0,0,0,0,0,1,0,0,0
hartelijk,0,0,0,0,1,0,1,0,0,0
harteloos,0,0,0,0,0,1,0,1,0,0
harten,0,0,0,0,0,0,0,0,0,0
hartworm,0,0,1,0,0,0,0,0,0,0
warmte,0,0,0,0,0,0,0,0,0,0
verhitte,0,0,0,0,0,0,0,0,0,0
verwarming,0,0,0,0,0,0,0,0,0,0
heide,0,0,0,0,0,0,0,0,0,0
heidenen,0,0,0,1,0,1,0,0,0,0
heide,0,0,0,0,0,0,0,0,0,0
verwarming,0,0,0,0,0,0,0,0,0,0
deining,0,0,0,0,0,0,0,0,0,0
hemels,0,1,0,0,1,0,1,0,0,1
hemels,0,0,0,0,1,0,1,0,0,1
zwaar,0,0,0,0,0,1,0,0,0,0
zwaarte,0,0,0,0,0,0,0,0,0,0
deinend,0,0,0,0,0,0,0,0,0,0
hectare,0,0,0,0,0,0,0,0,0,0
hectisch,0,0,0,0,0,0,0,0,0,0
heg,0,0,0,0,0,0,0,0,0,0
egel,0,0,0,0,0,0,0,0,0,0
hedonisme,0,0,0,0,1,1,1,0,0,0
let op,0,0,0,0,0,0,0,0,0,0
hiel-,0,0,0,0,0,1,0,0,0,0
hakken,0,0,0,0,0,0,0,0,0,0
gewicht,0,1,0,1,0,0,1,0,0,0
hegemonie,0,0,0,0,0,0,0,0,0,0
vaars,0,0,0,0,0,0,0,0,0,0
hoogte,0,0,0,0,0,0,0,0,0,0
verhogen,0,0,0,1,0,1,0,0,0,0
afschuwelijk,0,0,0,0,0,1,0,0,0,0
erfgenaam,0,0,0,0,0,0,0,0,0,0
erfgename,0,0,0,0,0,0,0,0,0,0
erfstuk,0,0,0,0,0,0,0,0,0,0
erfgenamen,0,0,0,0,0,0,0,0,0,0
spiraalvormig,0,0,0,0,0,0,0,0,0,0
helix,0,0,0,0,0,0,0,0,0,0
hel,1,0,1,1,0,1,0,1,0,0
hels,1,0,1,1,0,1,0,1,0,0
roer,0,0,0,0,0,0,0,0,0,0
helm,0,0,0,1,0,0,1,0,0,0
helper,0,0,0,0,0,0,1,0,0,1
behulpzaam,0,0,0,0,1,0,1,0,0,1
hulpeloos,0,0,0,1,0,1,0,1,0,0
hulpeloosheid,0,0,0,1,0,1,0,1,0,0
zoom,0,0,0,0,0,0,0,0,0,0
hematiet,0,0,0,0,0,0,0,0,0,0
hemi,0,0,0,0,0,0,0,0,0,0
halfrond,0,0,0,0,0,0,0,0,0,0
halfrond,0,0,0,0,0,0,0,0,0,0
hemlock,0,0,0,0,0,0,0,0,0,0
bloeding,0,0,1,1,0,1,0,1,0,0
aambeien,0,0,0,0,0,1,0,0,0,0
hennep,0,0,0,0,0,0,0,0,0,0
kip,0,0,0,0,0,0,0,0,0,0
voortaan,0,0,0,0,0,0,0,0,0,0
heraut,0,0,0,0,0,0,0,0,0,0
heraldiek,0,0,0,0,0,0,0,0,0,0
kruid,0,0,0,0,0,0,0,0,0,0
kruidachtig,0,0,0,0,0,0,0,0,0,0
kruiden,0,0,0,0,0,0,1,0,0,0
herbarium,0,0,0,0,0,0,0,0,0,0
kudde-,0,0,0,0,0,0,0,0,0,0
erfgenaam,0,0,0,0,0,0,0,0,0,0
erfelijkheid,0,0,0,0,0,0,0,0,0,0
ketterij,0,0,0,0,0,1,0,0,0,0
ketter,0,0,1,0,0,1,0,0,0,0
ketters,0,0,0,0,0,0,0,0,0,0
voorheen,0,0,0,0,0,0,0,0,0,0
hiertoe,0,0,0,0,0,0,0,0,0,0
hierbij,0,0,0,0,0,0,0,0,0,0
erfenis,0,0,0,0,0,0,0,0,0,1
hermafrodiet,0,0,0,0,0,1,0,0,1,0
hermeneutiek,0,0,0,0,0,0,0,0,0,0
kluizenaar,0,0,0,0,0,0,0,1,0,1
hernia,0,0,0,0,0,0,0,0,0,0
held,0,1,0,0,1,0,1,0,1,1
heldhaftig,0,0,0,0,1,0,1,0,1,1
heldendaden,0,0,0,0,0,0,1,0,0,0
heroïne,0,0,0,0,0,1,0,0,0,0
heldin,0,0,0,0,0,0,1,0,0,1
heldhaftigheid,0,1,0,0,1,0,1,0,1,1
herpes,0,0,1,0,0,1,0,0,0,0
herpesvirus,0,0,1,0,0,1,0,0,0,0
aarzelend,0,0,0,0,0,0,0,0,0,0
aarzeling,0,0,0,1,0,1,0,0,0,0
heterogeniteit,0,0,0,0,0,0,0,0,0,0
hoi,0,0,0,0,0,0,0,0,0,0
zeshoek,0,0,0,0,0,0,0,0,0,0
hoogtijdagen,0,1,0,0,1,0,1,0,0,1
hiaat,0,0,0,0,0,0,0,0,0,0
overwinteren,0,0,0,0,0,0,0,0,0,0
winterslaap,0,0,0,0,0,0,0,0,0,0
hik,0,0,0,0,0,0,0,0,0,0
verborgen,0,0,0,0,0,1,0,0,0,0
verbergen,0,0,0,1,0,0,0,0,0,0
afschuwelijk,0,0,1,1,0,1,0,1,0,0
verstoppen,0,0,0,1,0,0,0,0,0,0
hiërarchisch,0,0,0,0,0,0,0,0,0,0
hoog,0,0,0,0,0,0,0,0,0,0
hoger,0,0,0,0,0,0,0,0,0,0
hoogste,0,1,0,1,1,1,1,0,1,0
hoogland,0,0,0,0,0,0,0,0,0,0
hooglanden,0,0,0,0,0,0,0,0,0,0
hoogte,0,0,0,0,0,0,0,0,0,0
snelweg,0,0,0,0,0,0,0,0,0,0
wandelaar,0,0,0,0,0,0,0,0,0,0
hilarisch,0,0,0,0,1,0,1,0,1,0
hilariteit,0,0,0,0,1,0,1,0,0,0
heuvel,0,0,0,0,0,0,0,0,0,0
heuvelachtig,0,0,0,0,0,0,0,0,0,0
gevest,0,0,0,0,0,0,0,0,0,0
hindi,0,0,0,0,0,0,0,0,0,0
hinderen,0,0,0,0,0,1,0,1,0,0
hinder,0,0,0,0,0,1,0,0,0,0
scharnier,0,0,0,0,0,0,0,0,0,0
hint,0,0,0,0,0,0,0,0,0,0
achterland,0,0,0,0,0,0,0,0,0,0
heup,0,0,0,0,0,0,0,0,0,0
hippie,0,0,0,0,0,1,0,0,0,0
arbeidskracht,0,1,0,0,1,0,1,0,0,1
behaard,0,0,0,0,0,0,0,0,0,0
fluiten,1,0,0,1,0,1,0,0,0,0
sissend,0,0,0,0,0,1,0,0,0,0
histologie,0,0,0,0,0,0,0,0,0,0
historicus,0,0,0,0,0,0,0,0,0,0
historisch,0,0,0,0,0,0,0,0,0,0
historiografie,0,0,0,0,0,0,0,0,0,0
geschiedenis,0,0,0,0,0,0,0,0,0,0
raken,1,0,0,0,0,1,0,0,0,0
tot nu toe,0,0,0,0,0,1,0,0,0,0
bijenkorf,0,0,0,0,0,1,0,0,0,0
schat,0,0,0,0,0,0,0,0,0,0
hees,0,0,0,0,0,1,0,0,0,0
grijs,0,0,0,0,0,1,0,1,0,0
hoax,1,0,1,0,0,1,0,1,1,0
kookplaat,0,0,0,0,0,0,0,0,0,0
hobby,0,0,0,0,1,0,1,0,0,0
zwerver,0,0,0,0,0,1,0,1,0,0
hockey,0,0,0,0,0,0,0,0,0,0
schoffel,0,0,0,0,0,0,0,0,0,0
varken,0,0,1,0,0,1,0,0,0,0
hijsen,0,0,0,0,0,0,0,0,0,0
uitstel,0,0,0,0,0,0,0,0,0,0
houder,0,0,0,0,0,0,0,0,0,0
vasthouden,0,0,0,0,0,0,0,0,0,0
gat,0,0,0,0,0,0,0,0,0,0
vakantie,0,1,0,0,1,0,1,0,0,0
heiligheid,0,1,0,1,1,0,1,0,1,1
hol,0,0,0,0,0,1,0,1,0,0
holocaust,1,0,1,1,0,1,0,1,0,0
heilig,0,0,0,0,0,0,1,0,0,0
hulde,0,0,0,0,0,0,1,0,0,0
dakloos,1,1,1,1,0,1,0,1,0,0
homeopathisch,0,0,0,0,0,0,0,0,0,0
homeopathie,0,0,0,0,0,0,0,0,0,0
heimwee,0,0,0,0,0,1,0,1,0,0
hoeve,0,0,0,0,0,0,0,0,0,0
huiswerk,0,0,0,1,0,0,0,0,0,0
moorddadige,1,0,0,1,0,1,0,0,0,0
moord,1,0,1,1,0,1,0,1,0,0
homilie,0,0,0,0,0,0,0,0,0,0
homogeniteit,0,0,0,0,0,0,0,0,0,0
homogeen,0,0,0,0,0,0,0,0,0,0
homoloog,0,0,0,0,0,0,0,0,0,0
homoloog,0,0,0,0,0,0,0,0,0,0
homologie,0,0,0,0,0,0,1,0,0,0
aanscherpen,0,0,0,0,0,0,0,0,0,0
eerlijk,1,0,1,1,1,0,1,1,0,1
eerlijkheid,0,0,0,0,0,0,1,0,0,1
honing,0,0,0,0,0,0,1,0,0,0
honingraat,0,0,0,0,0,0,0,0,0,0
huwelijksreis,0,1,0,0,1,0,1,0,1,1
kamperfoelie,0,0,0,0,0,0,0,0,0,0
eer,0,0,0,0,0,0,1,0,0,1
eervol,0,0,0,0,0,0,1,0,0,1
honorarium,0,0,0,0,0,0,0,0,0,0
kap,1,0,1,1,0,1,0,0,0,0
capuchon,0,0,0,1,0,0,0,0,0,0
hoef,0,0,0,0,0,0,0,0,0,0
haak,0,0,0,0,0,0,0,0,0,0
verslaafd,0,0,0,0,0,1,0,0,0,0
hoer,0,0,0,0,0,0,0,0,0,0
hoepel,0,0,0,0,0,0,0,0,0,0
hoera,1,0,1,0,0,1,0,0,0,0
hop,0,0,0,0,0,0,0,0,0,0
hoop,0,1,0,0,1,0,1,0,1,1
hoopvol,0,1,0,0,1,0,1,0,1,1
hopeloos,0,0,0,1,0,1,0,1,0,0
hopeloosheid,1,0,1,1,0,1,0,1,0,0
hoopt,0,0,0,0,0,0,0,0,0,0
hopend,0,0,0,0,0,0,0,0,0,0
trechter,0,0,0,0,0,0,0,0,0,0
horde,0,0,0,0,0,1,0,0,1,0
horizon,0,1,0,0,0,0,1,0,0,0
horizontaal,0,0,0,0,0,0,0,0,0,0
horizontaal,0,0,0,0,0,0,0,0,0,0
Hoorn,0,0,0,0,0,0,0,0,0,0
horzel,0,0,0,0,0,0,0,0,0,0
geil,0,0,0,0,0,0,0,0,0,0
horoscoop,0,1,0,0,0,0,0,0,0,0
vreselijk,1,0,1,1,0,1,0,0,0,0
verschrikkelijk,0,0,0,0,0,1,0,0,0,0
afschuwelijk,1,0,1,1,0,1,0,1,0,0
afschuwelijk,1,0,1,1,0,1,0,1,0,0
met afschuw vervuld,0,0,0,1,0,1,0,0,0,0
afschuwelijk,0,0,1,1,0,1,0,1,0,0
verschrikking,1,0,1,1,0,1,0,1,1,0
verschrikkingen,0,0,0,1,0,1,0,1,0,0
paard,0,0,0,0,0,0,0,0,0,1
ruiter,0,0,0,0,0,0,0,0,0,0
hoefijzer,0,0,0,0,0,0,0,0,0,0
tuinbouw-,0,0,0,0,0,0,0,0,0,0
tuinbouw,0,0,0,0,0,0,0,0,0,0
slang,0,0,0,0,0,0,0,0,0,0
kousen,0,0,0,0,0,0,0,0,0,0
hospice,0,0,0,0,0,0,0,1,0,0
ziekenhuis,0,0,0,1,0,0,0,1,0,1
gastvrijheid,0,0,0,0,0,0,1,0,0,0
gegijzelde,1,0,0,1,0,1,0,0,0,0
herberg,0,0,0,0,0,0,0,0,0,0
gewelddadig,1,0,1,1,0,1,0,0,0,0
vijandelijkheden,1,0,0,1,0,1,0,0,0,0
vijandigheid,1,0,1,0,0,1,0,0,0,0
heet,1,0,0,0,0,0,0,0,0,0
broeinest,0,0,0,0,0,0,0,0,0,0
hotel,0,0,0,0,0,0,0,0,0,0
uur,0,0,0,0,0,0,0,0,0,0
zandloper,0,0,0,0,0,0,0,0,0,0
elk uur,0,0,0,0,0,0,0,0,0,0
huis,0,0,0,0,0,0,0,0,0,0
huishouden,0,0,0,0,0,0,1,0,0,0
gezinshoofd,0,0,0,0,0,0,0,0,0,0
huishoudster,0,0,0,0,0,0,0,0,0,0
huishouding,0,0,0,0,0,0,1,0,0,0
huisvrouw,0,0,0,0,0,0,0,0,0,0
huisvesting,0,0,0,0,0,0,0,0,0,0
hovercraft,0,0,0,0,0,0,0,0,0,0
gehuil,1,0,1,1,0,1,0,1,1,0
hoe dan ook,0,0,0,0,0,0,0,0,0,0
hoi,0,0,0,0,0,0,0,0,0,0
middelpunt,0,0,0,0,0,0,0,0,0,0
ineengedoken,0,0,0,0,0,0,0,0,0,0
tint,0,0,0,0,0,0,0,0,0,0
huff,1,0,1,0,0,1,0,0,0,0
knuffel,0,0,0,0,1,0,1,0,0,1
enorm,0,0,0,0,0,0,0,0,0,0
hulk,0,0,1,0,0,0,0,0,0,0
romp,0,0,0,0,0,0,0,0,0,0
brommen,0,0,0,0,0,0,0,0,0,0
menselijk,0,0,0,0,0,0,0,0,0,0
humaan,0,0,0,0,0,0,1,0,0,0
humanitair,0,1,0,0,1,0,1,0,1,1
geesteswetenschappen,0,0,0,0,0,0,0,0,0,0
de mensheid,0,0,0,0,1,0,1,0,0,1
nederig,0,0,1,0,0,1,1,1,0,0
vernederd,0,0,0,0,0,0,1,1,0,0
nederig,0,0,0,0,0,0,1,0,0,0
humbug,1,0,1,0,0,1,0,1,0,0
vochtig,0,0,0,0,0,0,0,0,0,0
vochtigheid,0,0,0,0,0,0,0,0,0,0
vernederen,1,0,0,0,0,1,0,1,0,0
vernederend,0,0,1,0,0,1,0,0,0,0
vernedering,0,0,1,0,0,1,0,1,0,0
nederigheid,0,0,0,0,0,0,1,0,0,1
hummer,0,0,0,0,0,0,0,0,0,0
kolibrie,0,0,0,0,0,0,0,0,0,0
gigantisch,0,0,0,0,0,0,0,0,0,0
humorist,0,0,0,0,0,0,1,0,0,0
humoristisch,0,0,0,0,1,0,1,0,0,0
bult,0,0,0,0,0,0,0,0,0,0
ingeving,0,0,0,0,0,1,0,0,0,0
honderd,0,0,0,0,0,0,0,0,0,0
honderdste,0,0,0,0,0,0,0,0,0,0
honger,0,0,0,0,0,0,0,0,0,0
hongerig,0,1,0,0,0,1,0,0,0,0
hunk,0,0,0,0,0,0,0,0,0,0
hunks,0,0,0,0,0,0,0,0,0,0
jacht,0,0,0,0,0,0,0,0,0,0
jager,0,1,0,1,0,1,0,1,0,0
jacht-,1,1,0,1,0,1,0,0,0,0
slingeren,0,0,0,0,0,0,0,0,0,0
Hoera,0,0,0,0,1,0,1,0,0,0
orkaan,0,0,0,1,0,1,0,0,0,0
gehaast,0,1,0,0,0,1,0,0,0,0
haast je,0,1,0,0,0,0,0,0,0,0
pijn doen,1,0,0,1,0,1,0,1,0,0
kwetsend,1,0,1,1,0,1,0,1,0,0
pijn doen,1,0,0,1,0,1,0,1,0,0
veeteelt,0,0,0,0,0,0,1,0,0,1
stil,0,0,0,0,0,0,1,0,0,0
stil,0,0,0,0,0,0,0,0,0,0
schil,0,0,0,0,0,0,0,0,0,0
schor,0,0,0,0,0,0,0,0,0,0
drukte,0,0,0,0,0,0,0,0,0,0
oplichter,0,0,0,0,0,1,0,0,0,0
hut,0,0,0,0,0,0,1,1,0,0
hok,0,0,0,0,0,0,0,0,0,0
hyacint,0,0,0,0,0,0,0,0,0,0
hybride,0,0,0,0,0,0,0,0,0,0
hydra,0,0,0,1,0,1,0,0,0,0
hydraulica,0,0,0,0,0,0,0,0,0,0
waterhoofd,0,0,1,1,0,1,0,1,0,0
hydrodynamica,0,0,0,0,0,0,0,0,0,0
waterstof,0,0,0,0,0,0,0,0,0,0
hydrografisch,0,0,0,0,0,0,0,0,0,0
hydrologie,0,0,0,0,0,0,0,0,0,0
hygiëne,0,0,0,0,0,0,0,0,0,0
hygiënisch,0,0,0,0,0,0,1,0,0,0
hymne,0,1,0,0,1,0,1,1,0,1
hype,0,1,0,0,0,1,0,0,0,0
hyperbool,0,0,0,0,0,1,0,0,0,0
hypertrofie,0,0,1,1,0,0,0,0,1,0
koppelteken,0,0,0,0,0,0,0,0,0,0
hypnotiserend,0,0,0,0,0,0,0,0,0,0
gehypnotiseerd,0,0,0,0,0,0,0,0,0,0
hypocrisie,0,0,0,0,0,1,0,0,0,0
huichelaar,0,0,1,0,0,1,0,0,0,0
hypocriet,0,0,1,0,0,1,0,0,0,0
hypothese,0,1,0,0,0,0,0,0,1,0
hypothetisch,0,0,0,0,0,0,0,0,0,0
hysterie,0,0,0,1,0,1,0,0,0,0
hysterisch,1,0,0,1,0,1,0,0,0,0
ijs,0,0,0,0,0,0,0,0,0,0
ijsberg,0,0,0,0,0,0,0,0,0,0
icoon,0,0,0,0,0,0,0,0,0,0
iconisch,0,0,0,0,0,0,0,0,0,0
iconografie,0,0,0,0,0,0,0,0,0,0
ijzig,0,0,0,0,0,0,0,0,0,0
idee,0,0,0,0,0,0,0,0,0,0
idealisme,0,0,0,0,0,0,1,0,0,0
idealist,0,0,0,0,0,0,0,0,0,0
identiek,0,0,0,0,0,0,0,0,0,0
identiek,0,0,0,0,0,0,0,0,0,0
identificatie,0,0,0,0,0,0,0,0,0,0
identificeren,0,0,0,0,0,0,0,0,0,0
identiteit,0,0,0,0,0,0,0,0,0,0
ideologie,0,0,0,0,0,0,0,0,0,0
idiotie,1,0,1,0,0,1,0,1,0,0
idioom,0,0,0,0,0,0,0,0,0,0
idiomatisch,0,0,0,0,0,0,0,0,0,0
idioot,0,0,1,0,0,1,0,0,0,0
idioot,1,0,1,0,0,1,0,0,0,0
inactief,0,0,0,0,0,0,0,0,0,0
luiheid,0,0,0,0,0,0,0,0,0,0
leegloper,0,0,0,0,0,1,0,0,0,0
idool,0,0,0,0,0,0,1,0,0,0
afgoderij,0,0,1,1,0,1,0,0,0,0
iglo,0,0,0,0,0,0,0,0,0,0
igneous,0,0,0,0,0,0,0,0,0,0
aansteken,0,0,0,0,0,0,0,0,0,0
ontsteking,0,0,0,0,0,0,0,0,0,0
onwetendheid,0,0,0,0,0,1,0,0,0,0
onwetend,0,0,1,0,0,1,0,0,0,0
negeren,0,0,0,0,0,1,0,0,0,0
soortgelijk,0,0,0,0,0,0,0,0,0,0
ziek,1,0,1,1,0,1,0,1,0,0
onwettig,1,0,1,1,0,1,0,1,0,0
onwettigheid,1,0,1,1,0,1,0,0,0,0
illegaal,0,0,0,0,0,0,0,0,0,0
onleesbaar,0,0,0,0,0,1,0,0,0,0
onwettig,1,0,1,1,0,1,0,1,1,0
onwettig,1,0,1,1,0,1,0,0,0,0
analfabeet,0,0,1,0,0,1,0,0,0,0
ziekte,0,0,0,1,0,1,0,1,0,0
onlogisch,0,0,0,0,0,1,0,0,0,0
verlichten,0,1,0,0,1,0,1,0,1,0
verlichting,0,0,0,0,1,0,1,0,1,1
verlichter,0,0,0,0,0,0,0,0,0,0
illusie,0,0,0,0,0,1,0,0,1,0
illustreren,0,0,0,0,0,0,1,0,0,0
illustratie,0,0,0,0,0,0,0,0,0,0
illustratief,0,0,0,0,0,0,0,0,0,0
illustere,0,0,0,0,0,0,1,0,0,0
afbeelding,0,0,0,0,0,0,0,0,0,0
beeldspraak,0,0,0,0,0,0,0,0,0,0
denkbeeldig,0,0,0,0,0,0,0,0,0,0
verbeelding,0,0,0,0,0,0,0,0,0,0
fantasierijk,0,0,0,0,0,0,1,0,0,0
stel je voor,0,0,0,0,0,0,0,0,0,0
ingebeeld,0,0,0,0,0,0,0,0,0,0
verbeelden,0,0,0,0,0,0,0,0,0,0
imam,0,0,0,0,0,0,0,0,0,0
ingebed,0,0,0,0,0,0,0,0,0,0
imiteren,0,0,0,0,0,0,0,0,0,0
geïmiteerd,0,0,0,0,0,1,0,0,0,0
imitatie,0,0,0,0,0,1,0,0,0,0
vlekkeloos,0,0,0,0,1,0,1,0,0,1
immaterieel,0,0,0,0,0,0,0,0,0,0
onvolwassen,0,1,0,0,0,1,0,0,0,0
onvolwassenheid,1,1,0,0,0,1,0,0,0,0
onmetelijk,0,0,0,0,0,0,0,0,0,0
onmetelijk,0,0,0,0,0,0,0,0,0,0
directheid,0,0,0,0,0,0,0,0,1,0
direct,0,1,0,0,0,1,1,0,0,0
onheuglijke tijden,0,0,0,0,0,0,0,0,0,0
immens,0,0,0,0,0,0,1,0,0,0
onderdompelen,0,1,0,1,1,0,1,0,1,1
onderdompeling,0,0,0,0,0,0,0,0,0,0
immigrant,0,0,0,1,0,0,0,0,0,0
immigratie,0,0,0,0,0,0,0,0,0,0
dreigend,0,1,0,1,0,0,0,0,0,0
immoreel,1,0,1,1,0,1,0,1,0,0
immoraliteit,1,0,1,0,0,1,0,0,0,0
onsterfelijk,0,0,0,0,0,0,1,0,0,0
onsterfelijkheid,0,1,0,0,0,0,0,0,0,0
onroerend,0,0,0,0,0,1,1,0,0,1
immuun,0,0,0,0,0,0,0,0,0,0
immuniteit,0,0,0,0,0,0,0,0,0,0
immunisatie,0,0,0,0,0,0,0,0,0,1
onveranderlijk,0,0,0,0,0,0,0,0,0,0
imp,0,0,0,0,0,0,0,0,0,0
invloed,0,0,0,0,0,0,0,0,0,0
aantasten,0,0,0,0,0,1,0,0,0,0
beperking,0,0,0,0,0,1,0,0,0,0
geven,0,0,0,0,0,0,1,0,0,1
onpartijdig,0,0,0,0,0,0,1,0,0,1
onpartijdigheid,0,0,0,0,0,0,1,0,0,1
onbegaanbaar,0,0,0,0,0,1,0,0,0,0
gepassioneerd,0,0,0,0,0,0,0,0,0,0
ongeduld,0,0,0,0,0,1,0,0,0,0
ongeduldig,0,1,0,0,0,1,0,0,0,0
afzetten,0,0,1,1,0,1,0,0,0,0
afzetting,0,0,0,0,0,1,0,0,0,0
onberispelijk,0,0,0,0,0,0,1,0,0,1
belemmeren,0,0,0,0,0,1,0,0,0,0
hinder,0,0,0,0,0,0,0,0,0,0
gedreven,0,0,0,0,0,0,0,0,0,0
dreigend,0,1,0,1,0,0,0,0,0,0
ondoordringbaar,0,0,0,0,0,0,0,0,0,1
imperatief,0,0,0,0,0,0,0,0,0,0
onmerkbaar,0,0,0,0,0,0,0,0,0,0
onvolmaaktheid,0,0,0,0,0,1,0,0,0,0
onvolmaakt,0,0,0,0,0,1,0,0,0,0
keizerlijk,0,0,0,0,0,0,0,0,0,0
ondoordringbaar,1,0,0,1,0,0,0,0,0,0
ontoelaatbaar,0,0,0,0,0,0,0,0,0,0
onpersoonlijk,0,0,0,0,0,0,0,0,0,0
imiteren,0,0,0,0,0,1,0,0,0,0
nabootsing,0,0,0,0,0,1,0,0,0,0
ondoordringbaar,0,0,0,0,0,0,1,0,0,0
impuls,0,0,0,0,0,0,0,0,0,0
onverbiddelijk,0,0,0,0,0,1,0,0,0,0
implantaat,0,0,0,0,0,0,0,0,0,0
implantatie,0,0,0,0,0,0,0,0,0,0
geïmplanteerd,0,0,0,0,0,0,0,0,0,0
implementeren,0,0,0,0,0,0,0,0,0,0
impliceren,1,0,0,0,0,1,0,0,0,0
betrokken,0,0,0,0,0,0,0,0,0,0
implicatie,0,0,0,0,0,0,0,0,0,0
impliciet,0,0,0,0,0,0,0,0,0,0
smeken,0,0,0,0,0,0,0,0,0,0
implosie,0,0,0,0,0,0,0,0,0,0
impliceren,0,0,0,0,0,0,0,0,0,0
onbeleefd,0,0,1,0,0,1,0,0,0,0
importeren,0,0,0,0,0,0,0,0,0,0
belang,0,1,0,0,0,0,1,0,0,0
belangrijk,0,0,0,0,0,0,1,0,0,1
invoer,0,0,0,0,0,0,0,0,0,0
opleggen,0,0,0,0,0,0,0,0,0,0
imposant,0,0,0,0,0,0,0,0,0,0
opleggen,0,0,0,0,0,1,0,0,0,0
onmogelijkheid,0,0,0,0,0,0,0,0,0,0
onmogelijk,0,0,0,0,0,1,0,1,0,0
impotentie,1,0,0,1,0,1,0,1,0,0
onmachtig,0,0,0,0,0,1,0,0,0,0
in beslag nemen,0,0,0,0,0,1,0,0,0,0
onuitvoerbaar,0,0,0,0,0,1,0,0,0,0
indruk maken,0,0,0,0,0,0,1,0,0,0
indruk,0,0,0,0,0,0,1,0,0,0
beïnvloedbaar,0,0,0,0,0,0,0,0,0,1
afdruk,0,0,0,0,0,0,0,0,0,0
gevangen zetten,0,0,0,0,0,1,0,0,0,0
gevangen gezet,1,0,1,1,0,1,0,1,0,0
gevangenisstraf,1,0,1,1,0,1,0,1,0,0
onwaarschijnlijk,0,0,0,0,0,0,0,0,0,0
geïmproviseerde,0,0,0,0,0,0,0,0,0,0
ongepastheid,0,0,0,0,0,1,0,0,0,0
verbeteren,0,1,0,0,1,0,1,0,0,1
verbeterd,0,0,0,0,0,0,1,0,0,0
verbetering,0,0,0,0,1,0,1,0,0,1
verbeteren,0,0,0,0,0,0,1,0,0,0
improvisatie,0,0,0,0,0,0,0,0,1,0
improviseren,0,1,0,0,0,0,1,0,1,0
geïmproviseerd,0,0,0,0,0,0,0,0,0,0
onvoorzichtig,0,0,0,0,0,1,0,1,0,0
impuls,0,0,0,0,0,0,0,0,0,0
straffeloosheid,0,0,0,0,0,0,0,0,0,0
onzuiver,0,0,1,0,0,1,0,0,0,0
onzuiverheid,0,0,1,0,0,1,0,0,0,0
toerekening,0,0,0,0,0,1,0,0,0,0
onvermogen,0,0,0,0,0,1,0,1,0,0
ontoegankelijk,0,0,0,0,0,1,0,0,0,0
onnauwkeurig,0,0,0,0,0,1,0,0,0,0
inactiviteit,0,0,0,0,0,1,0,0,0,0
inactiveren,0,0,0,0,0,0,0,0,0,0
inactivering,0,0,0,0,0,0,0,0,0,0
inactief,0,0,0,0,0,0,0,0,0,0
inactiviteit,0,0,0,0,0,1,0,0,0,0
ontoereikendheid,0,0,0,0,0,1,0,0,0,0
onvoldoende,0,0,0,0,0,1,0,1,0,0
ontoelaatbaar,1,0,1,0,0,1,0,0,0,0
onbedoeld,0,0,0,0,0,0,0,0,0,0
per ongeluk,0,0,0,0,0,0,0,0,0,0
onvervreemdbaar,0,0,0,0,0,0,1,0,0,0
zinloos,0,0,0,0,0,1,0,0,0,0
levenloos,0,0,0,0,0,0,0,0,0,0
niet van toepassing,0,0,0,0,0,1,0,0,0,0
ongepast,1,0,1,0,0,1,0,1,0,0
onoplettendheid,1,0,0,0,0,1,0,0,0,0
onhoorbaar,0,0,0,0,0,1,0,0,0,0
inaugurele,0,1,0,0,0,0,0,0,0,0
inhuldigen,0,0,0,0,0,0,0,0,0,0
inhuldiging,0,1,0,0,1,0,1,0,0,1
aangeboren,0,0,0,0,0,0,0,0,0,0
inteelt,0,0,0,0,0,0,0,0,0,0
onberekenbaar,0,0,0,0,0,1,0,0,0,0
gloeiend,0,0,0,0,0,0,0,0,0,0
niet in staat,0,0,0,0,0,0,0,0,0,0
arbeidsongeschiktheid,0,0,0,0,0,1,0,0,0,0
opsluiting,1,0,1,1,0,1,0,1,0,0
in geval dat,1,0,1,1,0,1,0,1,0,0
brandgevaarlijk,1,0,0,1,0,1,0,0,1,0
wierook,1,0,0,0,0,1,0,0,0,0
beloning,0,0,0,0,0,0,0,0,0,0
aanvang,0,0,0,0,0,0,0,0,0,0
onophoudelijk,0,0,0,0,0,1,0,0,0,0
onophoudelijk,0,0,0,0,0,0,0,0,0,0
incest,1,0,1,1,0,1,0,1,0,0
incestueus,0,0,1,0,0,1,0,0,0,0
inch,0,0,0,0,0,0,0,0,0,0
incidentie,0,0,0,0,0,0,0,0,0,0
incident,0,0,0,0,0,0,0,0,1,0
overigens,0,0,0,0,0,0,0,0,0,0
verbranding,0,0,0,0,0,1,0,0,0,0
beginnend,0,0,0,0,0,0,0,0,0,0
insnijding,0,0,0,0,0,0,0,0,0,0
scherpzinnig,0,0,0,0,0,0,1,0,0,0
opstoken,1,1,0,1,0,1,0,0,0,0
aansporing,0,0,0,0,0,0,0,0,0,0
guur,0,0,0,0,0,1,0,0,0,0
neiging,0,0,0,0,0,0,0,0,0,0
hellingshoek,0,0,0,0,0,0,0,0,0,1
van plan,0,0,0,0,0,0,0,0,0,0
erbij betrekken,0,0,0,0,0,0,1,0,0,0
inbegrepen,0,0,0,0,0,0,1,0,0,0
inclusief,0,0,0,0,0,0,1,0,0,0
inclusie,0,0,0,0,0,0,0,0,0,1
inclusief,0,0,0,0,0,0,1,0,0,0
onherkenbaar,0,0,0,0,0,0,0,0,0,0
onsamenhangend,0,0,0,0,0,1,0,0,0,0
inkomen,0,1,0,0,1,1,1,1,0,1
inkomend,0,0,0,0,0,0,0,0,0,0
onverenigbaar,1,0,1,0,0,1,0,1,0,0
incompetentie,0,0,0,0,0,1,0,0,0,0
incompetent,1,0,0,0,0,1,0,1,0,0
onvolledig,0,0,0,0,0,0,0,0,0,0
onvolledigheid,0,0,0,0,0,1,0,0,0,0
onbegrijpelijk,0,0,0,0,0,1,0,0,0,0
niet eenduidig,0,0,0,0,0,0,0,0,0,0
ongerijmd,1,0,0,0,0,1,0,0,0,0
onbeduidend,0,0,0,0,0,1,0,1,0,0
onattent,1,0,1,0,0,1,0,1,0,0
inconsistentie,0,0,0,0,0,1,0,0,0,0
onopvallend,0,0,0,0,0,0,0,0,0,0
incontinentie,0,0,0,0,0,0,0,0,1,0
ongemakkelijk,1,0,1,0,0,1,0,1,0,0
incorporeren,0,0,0,0,0,0,0,0,0,0
incorporatie,0,0,0,0,0,0,0,0,0,0
niet correct,0,0,0,0,0,1,0,0,0,0
toenemen,0,0,0,0,0,0,1,0,0,0
is gestegen,0,0,0,0,0,0,0,0,0,0
ongelovig,1,0,1,0,0,1,0,0,0,0
increment,0,0,0,0,0,0,0,0,0,0
incriminatie,0,0,0,1,0,1,0,1,0,0
incubatie,0,0,0,0,0,0,0,0,0,0
incubus,0,0,1,1,0,1,0,0,0,0
oplopen,0,0,0,0,0,1,0,0,0,0
ongeneeslijke,1,0,1,1,0,1,0,1,0,0
inval,0,0,0,1,0,1,0,0,0,0
verschuldigd,0,0,0,0,0,0,0,0,0,0
onfatsoenlijkheid,1,0,1,0,0,0,0,0,0,0
onfatsoenlijk,0,0,1,0,0,1,0,0,0,0
besluiteloosheid,0,0,0,0,0,1,0,0,0,0
besluiteloos,0,0,0,0,0,1,0,0,0,0
onverdedigbaar,0,0,0,1,0,1,0,0,0,0
onuitwisbaar,0,0,0,0,0,0,1,0,0,1
vrijwaring,0,0,0,0,0,0,0,0,0,0
vrijwaren,0,0,0,0,0,1,0,0,0,0
vergoeding,0,0,0,0,0,0,1,0,0,1
inspringen,0,0,0,0,0,0,0,0,0,1
inspringing,0,0,0,0,0,0,0,0,0,0
contract,1,0,0,0,0,1,0,0,0,0
onafhankelijkheid,0,1,0,0,1,0,1,0,1,1
onafhankelijk,0,0,0,0,0,0,0,0,0,0
onbeschrijfelijk,0,0,0,0,0,0,0,0,0,0
onverwoestbaar,0,0,0,0,0,0,1,0,0,1
onbepaald,0,0,0,0,0,1,0,0,0,0
inhoudsopgave,0,0,0,0,0,0,0,0,0,0
wijzend op,0,0,0,0,0,0,0,0,0,0
indicatie,0,0,0,0,0,0,0,0,0,0
indicatief,0,0,0,0,0,0,0,0,0,0
indicator,0,0,0,0,0,0,0,0,0,0
indices,0,0,0,0,0,0,0,0,0,0
aanklagen,1,0,0,1,0,1,0,0,0,0
aanklacht,0,0,0,1,0,1,0,0,0,0
onverschilligheid,1,0,1,1,0,1,0,1,0,0
inheems,0,0,0,0,0,0,0,0,0,0
behoeftig,0,0,0,0,0,1,0,1,0,0
indigestie,0,0,0,0,0,0,0,0,0,0
verontwaardigd,1,0,0,0,0,1,0,0,0,0
verontwaardiging,1,0,1,0,0,1,0,0,0,0
indigo,0,0,0,0,0,0,0,0,0,0
indirect,0,0,0,0,0,0,0,0,0,0
onmisbaar,0,0,0,0,0,0,0,0,0,0
onduidelijk,0,0,0,0,0,1,0,0,0,0
niet te onderscheiden,0,0,0,0,0,0,0,0,0,0
individualiteit,0,0,0,0,0,0,1,0,0,0
ondeelbaar,0,0,0,0,0,0,0,0,0,1
indoctrinatie,1,0,0,1,0,1,0,0,0,0
indolent,0,0,0,0,0,1,0,0,0,0
ontembaar,0,0,0,1,0,0,1,0,0,0
binnen,0,0,0,0,0,0,0,0,0,0
opwekken,0,0,0,0,0,0,0,0,0,0
geïnduceerd,0,0,0,0,0,0,0,0,0,0
aansporing,0,0,0,0,0,0,0,0,0,0
inductie,0,0,0,0,0,0,0,0,0,0
toegeven,0,0,0,0,0,0,0,0,0,0
mildheid,0,0,0,0,0,0,0,0,0,0
toegeeflijk,0,0,0,0,0,0,0,0,0,0
ijverig,0,0,0,0,0,0,0,0,0,0
industrie,0,0,0,0,0,0,0,0,0,0
onuitsprekelijk,0,0,0,0,0,0,1,0,0,0
niet effectief,0,0,0,0,0,1,0,0,0,0
ineffectief,0,0,1,0,0,1,0,0,0,0
inefficiëntie,0,0,1,0,0,1,0,1,0,0
inefficiënt,0,0,0,0,0,1,0,1,0,0
niet elastisch,0,0,0,0,0,0,0,0,0,0
niet in aanmerking komend,0,0,0,0,0,0,0,0,0,0
klungelig,1,0,1,0,0,1,0,0,0,0
onbekwaamheid,0,0,1,1,0,1,0,1,0,0
ongelijkheid,1,0,0,1,0,1,0,1,0,0
onrechtvaardig,0,0,0,0,0,1,0,0,0,0
inert,0,0,0,0,0,1,0,0,0,0
luiheid,0,0,0,0,0,0,0,0,0,0
onvermijdbaar,0,0,0,0,0,0,0,0,0,0
onnauwkeurig,0,0,0,0,0,0,0,0,0,0
onvergeeflijk,1,0,1,0,0,1,0,1,0,0
onuitputtelijk,0,0,0,0,0,0,0,0,0,0
goedkoop,0,0,0,0,0,0,1,0,0,0
onervarenheid,0,0,0,0,0,1,0,0,0,0
onervaren,0,0,0,0,0,1,0,0,0,0
onverklaarbaar,0,0,0,0,0,1,0,0,1,0
onfeilbaarheid,0,0,0,0,0,0,0,0,0,1
onfeilbaar,0,0,0,0,0,0,1,0,0,0
berucht,1,0,1,1,0,1,0,0,0,0
schande,0,0,0,0,0,1,0,1,0,0
kinderschoenen,0,0,0,0,0,0,0,0,0,0
zuigeling,0,1,0,1,1,0,1,0,1,0
kindermoord,1,1,1,1,0,1,0,1,0,0
infantiel,1,0,1,0,0,1,0,0,0,0
infanterie,0,0,0,0,0,0,0,0,0,0
infarct,0,0,0,1,0,1,0,0,1,0
uitzinnigheid,0,0,0,0,0,0,0,0,0,0
onhaalbaar,0,0,0,0,0,0,0,0,0,0
infecteren,0,0,1,0,0,1,0,0,0,0
infectie,0,0,0,1,0,1,0,0,0,0
besmettelijk,0,0,1,1,0,1,0,1,0,0
afleiden,0,0,0,0,0,0,0,0,0,0
gevolgtrekking,0,0,0,0,0,0,0,0,0,0
inferentiële,0,0,0,0,0,0,0,0,0,0
inferieur,0,0,0,0,0,1,0,1,0,0
minderwaardigheid,0,0,0,0,0,1,0,0,0,0
inferno,1,0,0,1,0,1,0,0,0,0
onvruchtbaar,0,0,0,0,0,0,0,0,0,0
onvruchtbaarheid,0,0,0,0,0,1,0,1,0,0
besmetting,0,0,1,1,0,1,0,0,0,0
ongelovige,1,0,1,1,0,1,0,0,0,0
ontrouw,1,0,1,1,0,1,0,1,0,0
infiltratie,0,0,0,0,0,1,1,0,0,0
eindeloos,0,0,0,0,0,0,1,0,0,0
oneindig,0,0,0,0,0,0,0,0,0,0
oneindig klein,0,0,0,0,0,0,0,0,0,0
oneindigheid,0,1,0,0,1,0,1,0,0,1
ziekelijk,0,0,0,0,0,1,0,0,0,0
ziekenboeg,0,0,0,0,0,0,0,0,0,0
ziekte,0,0,0,1,0,1,0,0,0,0
ontsteking,0,0,0,0,0,1,0,0,0,0
opgeblazen,0,0,0,0,0,1,0,0,0,0
inflatie,0,0,0,1,0,1,0,0,0,0
verbuiging,0,0,0,0,0,0,0,0,0,0
toebrengen,1,0,0,1,0,1,0,1,0,0
toebrengen,0,0,0,1,0,1,0,1,0,0
bloeiwijze,0,0,0,0,0,0,0,0,0,0
invloed hebben,0,0,0,0,0,1,1,0,0,0
invloedrijk,0,0,0,0,0,0,1,0,0,1
influenza,0,0,0,0,0,1,0,0,0,0
toestroom,0,0,0,0,0,0,0,0,0,0
informeren,0,0,0,0,0,0,0,0,0,1
informeel,0,0,0,0,0,0,0,0,0,0
informant,0,0,0,0,0,0,0,0,0,0
informatie,0,0,0,0,0,0,1,0,0,0
op de hoogte,0,0,0,0,0,0,0,0,0,0
informant,0,0,0,0,0,1,0,0,0,0
overtreding,1,0,0,0,0,1,0,0,0,0
zeldzaam,0,0,0,0,0,0,0,0,1,0
zelden,0,0,0,0,0,1,0,0,0,0
inbreuk,0,0,0,0,0,1,0,0,0,0
infuseren,0,0,0,0,0,0,0,0,0,0
doordrenkt met,0,0,0,0,0,0,0,0,0,0
infusie,0,0,0,0,0,0,0,0,0,0
ingenieus,0,0,0,0,0,0,1,0,0,0
vindingrijkheid,0,0,0,0,0,0,0,0,0,0
inslikken,0,0,0,0,0,0,0,0,0,0
inslikken,0,0,0,0,0,0,0,0,0,0
ingots,0,0,0,0,0,0,0,0,0,0
ingebakken,0,0,0,0,0,0,0,0,0,0
ingrediënt,0,0,0,0,0,0,0,0,0,0
binnenkomen,0,0,0,0,0,0,0,0,0,0
bewonen,0,0,0,0,0,0,0,0,0,0
inwoner,0,0,0,0,0,0,0,0,0,0
bewoond,0,0,0,0,0,0,0,0,0,0
bewonen,0,0,0,0,0,0,0,0,0,0
inademing,0,0,0,0,0,0,0,0,0,0
inademen,0,0,0,0,0,0,0,0,0,0
inherent,0,0,0,0,0,0,0,0,0,0
erven,0,0,0,0,0,0,0,0,0,0
erfenis,0,1,0,0,1,0,1,0,1,1
verbieden,1,0,1,0,0,1,0,1,0,0
remming,0,0,0,0,0,0,0,0,0,0
onherbergzaam,0,0,0,0,0,1,0,1,0,0
onmenselijk,1,0,1,1,0,1,0,1,0,0
onmenselijkheid,0,0,0,0,0,1,0,1,0,0
vijandig,1,0,0,0,0,1,0,1,0,0
onnavolgbaar,0,0,0,0,0,0,1,0,0,1
ongerechtigheid,0,0,1,0,0,1,0,0,0,0
voorletter,0,0,0,0,0,0,0,0,0,0
initiëren,0,0,0,0,0,0,0,0,0,0
geïnitieerd,0,0,0,0,0,0,0,0,0,0
initiatief,0,0,0,0,0,0,0,0,0,0
injecteren,0,0,0,0,0,0,0,0,0,0
injectie,0,0,0,1,0,0,0,0,0,0
bevel,0,0,0,0,0,1,0,0,0,0
verwonden,1,0,0,1,0,1,0,1,0,0
gewond,0,0,0,1,0,1,0,1,0,0
schadelijk,1,0,0,1,0,1,0,1,0,0
blessure,1,0,0,1,0,1,0,1,0,0
onrecht,1,0,0,0,0,1,0,0,0,0
inkt,0,0,0,0,0,0,0,0,0,0
vermoeden,0,0,0,0,0,0,0,0,0,0
binnenland,0,0,0,0,0,0,0,0,0,0
inlegwerk,0,0,0,0,0,0,0,0,0,0
inlaat,0,0,0,0,0,0,0,0,0,0
gevangene,0,0,1,1,0,1,0,0,0,0
cafe,0,0,0,0,0,0,0,0,0,0
aangeboren,0,0,0,0,0,0,0,0,0,0
binnenste,0,0,0,0,0,0,0,0,0,0
innings,0,0,0,0,0,0,0,0,0,0
herbergier,0,0,0,0,0,0,0,0,0,0
onschuld,0,0,0,0,0,0,1,0,0,0
onschuldig,0,0,0,0,0,0,1,0,0,1
onschuldig,0,0,0,0,0,0,1,0,0,0
onschadelijk,0,0,0,0,0,0,1,0,0,0
innoveren,0,0,0,0,0,0,1,0,0,0
innovatie,0,0,0,0,0,0,1,0,0,0
insinuatie,0,0,0,0,0,0,0,0,0,0
ontelbaar,0,0,0,0,0,0,0,0,0,0
inenting,0,1,0,0,0,0,0,0,0,1
buiten werking,1,0,0,0,0,1,0,0,0,0
buitensporig,0,0,0,0,0,0,0,0,0,0
anorganisch,0,0,0,0,0,0,0,0,0,0
onderzoek,0,0,0,0,0,0,0,0,0,0
informeren,0,0,0,0,0,0,0,0,0,0
vraagsteller,0,0,0,0,0,0,1,0,0,0
onderzoekend,0,0,0,0,0,0,0,0,0,0
navraag,0,1,0,0,0,0,1,0,0,0
nieuwsgierig,0,0,0,0,0,0,1,0,0,0
gestoord,1,0,0,1,0,1,0,0,0,0
krankzinnigheid,1,0,1,1,0,1,0,1,0,0
inscriptie,0,0,0,0,0,0,0,0,0,0
ondoorgrondelijk,0,0,0,0,0,0,0,0,0,0
insect,0,0,0,0,0,0,0,0,0,0
onzeker,1,0,0,1,0,1,0,1,0,0
onzekerheid,0,0,0,1,0,1,0,0,0,0
onafscheidelijk,0,0,0,0,1,0,1,0,0,1
invoegen,0,0,0,0,0,0,0,0,0,0
ingevoegd,0,0,0,0,0,0,0,0,0,0
invoeging,0,0,0,0,0,0,0,0,0,0
binnen,0,0,0,0,0,0,0,0,0,0
verraderlijk,1,0,1,1,0,1,0,0,0,0
in zicht,0,0,0,0,0,0,0,0,0,0
insigne,0,0,0,0,0,0,1,0,0,0
onbeduidendheid,0,0,0,0,0,1,0,0,0,0
onbelangrijk,1,0,0,0,0,1,0,1,0,0
smakeloos,0,0,0,0,0,1,0,0,0,0
volharden,0,0,0,0,0,0,0,0,0,0
brutaal,0,0,0,0,0,1,0,0,0,0
onoplosbaar,0,0,0,0,0,0,0,0,0,0
insolventie,0,0,0,1,0,1,0,1,1,0
insolvent,0,0,0,1,0,1,0,1,0,1
inspecteren,0,0,0,0,0,0,0,0,0,0
inspecteur,0,0,0,0,0,0,1,0,0,0
inspiratie,0,1,0,0,1,0,1,0,0,0
inspireren,0,1,0,0,1,0,1,0,0,1
geïnspireerd,0,0,0,0,1,0,1,0,1,1
instabiliteit,0,0,1,1,0,1,0,0,0,0
installeren,0,1,0,0,0,0,0,0,0,0
installatie,0,0,0,0,0,0,0,0,0,0
afbetaling,0,0,0,0,0,0,0,0,0,0
voorbeeld,0,0,0,0,0,0,0,0,0,0
instant,0,0,0,0,0,0,0,0,0,0
ogenblikkelijk,0,0,0,0,0,0,0,0,0,0
onmiddellijk,0,0,0,0,0,0,0,0,0,0
aanzetten tot,0,0,0,0,0,1,0,0,0,0
aansporing,0,0,0,0,0,1,0,0,0,0
inboezemen,0,0,0,0,0,0,0,0,0,0
instinct,0,0,0,0,0,0,0,0,0,0
instinctief,1,0,1,1,0,0,1,0,0,0
instituut,0,0,0,0,0,0,0,0,0,1
instelling,0,0,0,0,0,0,0,0,0,0
instrueren,0,0,0,0,0,0,1,0,0,1
geïnstrueerd,0,0,0,0,0,0,0,0,0,0
instructie,0,0,0,0,0,0,1,0,0,1
leerzaam,0,0,0,0,0,0,0,0,0,0
instructies,0,1,0,0,0,0,0,0,0,1
leerzaam,0,0,0,0,0,0,0,0,0,0
instructeur,0,1,0,0,0,0,1,0,0,1
instrument,0,0,0,0,0,0,0,0,0,0
instrumentaal,0,0,0,0,0,0,1,0,0,0
instrumentalist,0,0,0,0,0,0,0,0,0,0
instrumentaliteit,0,0,0,0,0,0,0,0,0,0
insufficiëntie,1,0,0,0,0,1,0,0,0,0
niet voldoende,0,0,0,0,0,1,0,0,0,0
onvoldoende,0,0,0,0,0,1,0,0,0,0
insulair,0,0,0,0,0,0,0,0,0,0
isoleren,0,0,0,0,0,0,0,0,0,0
isolatie,0,0,0,0,0,0,0,0,0,1
belediging,1,0,1,0,0,1,0,1,1,0
beledigend,1,0,1,1,0,1,0,1,0,0
verzekering,0,0,0,0,0,0,0,0,0,0
verzekeren,0,0,0,0,0,0,1,0,0,1
opstandeling,0,0,0,0,0,1,0,0,0,0
onoverkomelijk,0,0,0,1,0,1,0,1,0,0
opstand,1,0,0,0,0,1,0,0,0,0
intact,0,0,0,0,0,0,1,0,0,1
ontastbaar,0,0,0,0,0,0,0,0,0,0
geheel getal,0,0,0,0,0,0,0,0,0,0
integraal,0,0,0,0,0,0,0,0,0,0
integreren,0,0,0,0,0,0,0,0,0,0
integratie,0,0,0,0,0,0,0,0,0,0
integriteit,0,0,0,0,0,0,1,0,0,1
intellect,0,0,0,0,0,0,1,0,0,0
intellectueel,0,0,0,0,0,0,1,0,0,0
intelligentie-,0,0,0,1,1,0,1,0,0,1
intelligent,0,0,0,0,0,0,1,0,0,1
verstaanbaarheid,0,0,0,0,0,0,0,0,0,0
begrijpelijk,0,0,0,0,0,0,0,0,0,0
van plan zijn,0,0,0,0,0,0,0,0,0,1
bedoeld,0,1,0,0,0,0,1,0,0,0
van plan,0,0,0,0,0,0,0,0,0,0
intens,1,0,1,1,1,1,1,0,1,1
intens,0,0,0,0,0,0,0,0,0,0
intensiveren,0,0,0,0,0,0,0,0,0,0
intensiteit,0,0,0,0,0,0,0,0,0,0
intentie,0,0,0,0,0,0,0,0,0,0
intentie,0,0,0,0,0,0,0,0,0,0
opzettelijk,0,0,0,0,0,0,0,0,0,0
opzettelijk,0,0,0,0,0,0,0,0,0,0
onder,0,0,0,0,0,1,0,1,0,0
interactie,0,0,0,0,0,0,0,0,0,0
bemiddelen,0,0,0,1,0,0,0,1,0,0
onderscheppen,0,0,0,0,0,0,0,0,0,0
onderschepping,0,0,0,0,0,0,0,0,0,0
voorspraak,0,0,0,0,0,0,0,0,0,1
uitwisseling,0,0,0,0,0,0,0,0,0,0
uitwisselbaar,0,0,0,0,0,0,0,0,0,0
verwisseld,0,0,0,0,0,0,0,0,0,0
intercom,0,0,0,0,0,0,0,0,0,0
geslachtsgemeenschap,0,0,0,0,0,0,1,0,0,0
onderlinge afhankelijkheid,0,0,0,0,0,0,0,0,0,0
onderling afhankelijk,0,0,0,0,0,0,0,0,0,0
verbod,0,0,0,0,0,1,0,0,0,0
interesse,0,0,0,0,0,0,1,0,0,0
geïnteresseerd,0,0,1,0,0,0,1,1,0,0
interessant,0,0,0,0,0,0,1,0,0,0
interferentie,0,0,0,0,0,1,0,0,0,0
interferometer,0,0,0,0,0,0,0,0,0,0
tussentijds,0,1,0,0,0,0,0,0,0,0
interieur,0,0,1,0,0,0,1,0,0,1
gesprekspartner,0,0,0,0,0,0,1,0,0,0
intermezzo,0,0,0,0,0,0,1,0,0,0
tussenpersoon,0,0,0,0,0,0,0,0,0,0
tussenliggend,0,0,0,0,0,0,0,0,0,0
begrafenis,0,0,0,0,0,1,0,1,0,0
oneindig,1,1,0,0,0,1,1,0,0,0
pauze,0,1,0,0,0,0,0,0,0,0
periodieke,0,0,0,0,0,0,0,0,0,0
intern,0,0,0,0,0,0,0,0,0,0
intern,0,0,0,0,0,0,0,0,0,0
intern,0,0,0,0,0,0,0,0,0,0
Internationale,0,0,0,0,0,0,0,0,0,0
interpoleren,0,0,0,0,0,0,0,0,0,0
interpolatie,0,0,0,0,0,0,0,0,0,0
interpreteren,0,0,0,0,0,0,0,0,0,0
interpretatie,0,0,0,0,0,0,0,0,0,0
tolk,0,0,0,0,0,0,0,0,0,0
onderling verbonden,0,0,0,0,0,0,0,0,0,0
ondervragen,0,0,0,1,0,0,0,0,0,0
ondervraging,0,0,0,1,0,0,0,0,0,0
onderbreken,1,0,0,0,0,1,0,0,1,0
onderbroken,0,0,0,0,0,1,0,1,0,0
onderbreking,0,0,0,0,0,0,0,0,0,0
snijden,0,0,0,0,0,0,0,0,0,0
kruispunt,0,0,0,0,0,0,0,0,0,0
interstitiële,0,0,0,0,0,0,0,0,0,0
interval,0,0,0,0,0,0,0,0,0,0
tussenbeide komen,0,0,0,0,0,0,0,0,0,0
interventie,0,0,0,0,0,1,1,1,0,0
interview,0,0,0,0,0,0,0,0,0,0
interviewer,0,0,0,1,0,0,0,0,0,0
interworking,0,0,0,0,0,0,0,0,0,0
intestate,0,0,0,0,0,1,0,0,0,0
intestinaal,0,0,1,0,0,0,0,0,0,0
darm,0,0,0,0,0,0,0,0,0,0
ingewanden,0,0,0,0,0,0,0,0,0,0
intimiteit,0,0,0,0,0,0,0,0,0,0
intiem,0,1,0,0,1,0,1,0,0,1
intiem,0,1,0,1,1,0,0,0,0,0
aanduiding,0,0,0,0,0,0,0,0,0,0
intimideren,0,0,0,1,0,1,0,0,0,0
intimidatie,1,0,0,1,0,1,0,0,0,0
ondraaglijk,1,0,0,0,0,1,0,0,0,0
onverdraagzaamheid,1,0,1,1,0,1,0,0,0,0
onverdraagzaam,1,0,1,1,0,1,0,1,0,0
intonatie,0,0,0,0,0,0,1,0,0,0
dronken,0,0,1,0,0,1,0,0,0,0
dronkenschap,0,0,0,0,0,0,0,0,0,0
onhandelbaar,1,0,0,0,0,1,0,0,0,0
intramuraal,0,0,0,0,0,0,0,0,0,0
onverschrokken,0,0,0,0,0,0,1,0,0,0
ingewikkeld,0,0,0,0,0,0,0,0,0,0
intrigeren,0,1,0,1,0,1,0,0,1,0
fascinerend,0,0,0,0,0,0,0,0,0,0
intrinsiek,0,0,0,0,0,0,0,0,0,0
intrinsiek,0,0,0,0,0,0,0,0,0,0
invoering,0,0,0,0,0,0,0,0,0,0
inleidend,0,0,0,0,0,0,0,0,0,0
zelfreflectie,0,0,0,0,0,0,0,0,0,0
introspectief,0,0,0,0,0,0,0,0,0,0
indringer,1,0,0,1,0,1,0,0,1,0
indringing,0,0,0,1,0,1,0,0,0,0
opdringerig,1,0,1,1,0,1,0,0,1,0
intuïtie,0,0,0,0,0,0,1,0,0,1
intuïtief,0,0,0,0,0,0,1,0,0,0
intuïtief,0,1,0,0,0,0,0,0,0,0
overstroming,0,0,0,0,0,0,0,0,0,0
binnenvallen,1,0,0,1,0,1,0,1,1,0
indringer,1,0,0,1,0,1,0,1,0,0
ongeldig,0,0,0,0,0,0,0,1,0,0
ongeldig maken,0,0,0,0,0,1,0,0,0,0
ongeldigverklaring,0,0,0,0,0,1,0,0,0,0
invaliditeit,0,0,0,0,0,1,0,0,0,0
onschatbaar,0,0,0,0,0,0,0,0,0,0
steevast,0,0,0,0,0,0,1,0,0,0
invasie,1,0,0,0,0,1,0,0,0,0
uitvinden,0,0,0,0,0,0,0,0,0,0
uitvinding,0,0,0,0,0,0,0,0,0,0
inventief,0,0,0,0,0,0,1,0,0,0
uitvinder,0,0,0,0,0,0,1,0,0,0
voorraad,0,0,0,0,0,0,0,0,0,0
inverse,0,0,0,0,0,0,0,0,0,0
omgekeerd,0,0,0,0,0,0,0,0,0,0
inversie,0,0,0,0,0,0,0,0,0,0
omkeren,0,0,0,0,0,0,0,0,0,0
omgekeerd,0,0,0,0,0,0,0,0,0,0
onderzoeken,0,0,0,0,0,0,1,0,0,0
onderzoek,0,1,0,0,0,0,0,0,0,0
onderzoeker,0,0,0,0,0,0,0,0,0,0
investeerder,0,0,0,0,0,0,0,0,0,0
verkwikken,0,0,0,0,0,0,1,0,0,0
onoverwinnelijk,0,0,0,0,0,0,0,0,0,0
onzichtbaarheid,0,0,0,0,0,0,0,0,0,0
onzichtbaar,0,0,0,0,0,0,0,0,0,0
uitnodiging,0,1,0,0,0,0,1,0,0,0
nodig uit,0,1,0,0,1,0,1,0,1,1
uitnodigend,0,1,0,0,1,0,1,0,1,1
aanroeping,0,1,0,0,0,0,0,0,0,1
factuur,0,0,0,0,0,0,0,0,0,0
aanroepen,0,1,0,0,0,0,0,0,0,0
onvrijwillig,0,0,0,0,0,1,0,0,0,0
involutie,1,0,0,0,0,1,0,0,0,0
betrokkenheid,1,0,0,0,0,0,0,0,0,0
naar binnen,0,0,0,0,0,0,0,0,0,0
jota,0,0,0,0,0,0,0,0,0,0
woedend,1,0,0,0,0,1,0,0,0,0
ire,1,0,0,0,0,1,0,0,0,0
iriserend,0,0,0,0,0,0,0,0,0,0
iris,0,0,0,1,0,0,0,0,0,0
ijzer,0,0,0,0,0,0,1,0,0,1
ironisch,0,0,0,0,0,0,0,0,0,0
strijkijzers,0,0,0,0,0,1,0,0,0,0
ironie,0,0,0,0,0,0,0,0,0,0
bestraling,0,0,0,0,0,0,0,0,0,0
irrationeel,0,0,1,1,0,1,0,0,0,0
irrationaliteit,0,0,0,0,0,1,0,0,0,0
onverenigbaar,1,0,0,1,0,1,0,1,0,0
onherleidbaar,0,0,0,0,0,0,1,0,0,0
onweerlegbaar,0,0,0,0,0,0,1,0,0,1
onregelmatig,0,0,0,0,0,1,0,0,0,0
onregelmatigheid,0,0,0,0,0,1,0,0,0,0
onregelmatig,0,0,0,0,0,0,0,0,0,0
irrelevant,0,0,0,0,0,1,0,0,0,0
onherstelbaar,0,0,0,1,0,1,0,1,0,0
ononderdrukbaar,0,0,0,0,0,0,0,0,0,0
onweerstaanbaar,0,0,0,0,0,0,0,0,0,0
ongeacht,0,0,0,0,0,0,0,0,0,0
onverantwoordelijk,0,0,0,0,0,1,0,0,0,0
oneerbiedig,0,0,0,0,0,1,0,0,0,0
onomkeerbaar,0,0,0,0,0,0,0,0,0,0
onherroepelijk,0,0,0,0,0,1,0,0,0,0
irrigeren,0,0,0,0,0,0,0,0,0,0
irrigatie,0,0,0,0,0,0,0,0,0,0
prikkelbaarheid,1,0,0,0,0,1,0,0,0,0
prikkelbaar,1,0,0,0,0,1,0,0,0,0
irritante,1,0,1,0,0,1,0,0,0,0
irritatie,1,0,1,0,0,1,0,1,0,0
eiland,0,0,0,0,0,0,0,0,0,0
eiland,0,0,0,0,0,0,0,0,0,0
eilandje,0,0,0,0,0,0,0,0,0,0
isoleren,0,0,0,0,0,0,0,1,0,0
geïsoleerd,0,0,0,1,0,1,0,1,0,0
isolatie,0,0,0,0,0,1,0,1,0,0
isomorfisme,0,0,0,0,0,0,0,0,0,0
isothermisch,0,0,0,0,0,0,0,0,0,0
kwestie,0,0,0,0,0,0,0,0,0,0
jeuk,0,0,0,0,0,0,0,0,0,0
jeuk,0,0,0,0,0,0,0,0,0,0
item,0,0,0,0,0,0,0,0,0,0
specificeren,0,0,0,0,0,0,0,0,0,0
artikelen,0,0,0,0,0,0,0,0,0,0
herhalen,0,0,0,0,0,0,0,0,0,0
iteratie,0,0,0,0,0,0,0,0,0,0
iteratief,0,0,0,0,0,0,0,0,0,0
rondreizend,0,0,0,0,0,0,0,0,0,0
routebeschrijving,0,0,0,0,0,0,0,0,0,0
ivoor,0,0,0,0,0,0,0,0,0,0
jaba,1,0,0,0,0,0,0,0,0,0
geklets,0,0,0,0,0,1,0,0,0,0
jack,0,0,0,0,0,0,0,0,0,0
klootzak,0,0,0,0,0,0,0,0,0,0
jackpot,0,1,0,0,1,0,1,0,1,0
vijzels,0,0,0,0,0,0,0,0,0,0
jade,0,0,0,0,0,0,0,0,0,0
jag,0,0,0,0,0,0,0,0,0,0
gekarteld,0,0,0,0,0,0,0,0,0,0
jaguar,0,0,0,0,0,0,0,0,0,0
gevangenis,0,0,0,1,0,1,0,1,0,0
jam,0,0,0,0,0,0,1,0,0,0
vastgelopen,0,0,0,0,0,0,0,0,0,0
congiërge,0,0,1,0,0,0,0,0,0,0
Japan,0,0,0,0,0,0,0,0,0,0
kan,0,0,0,0,0,0,0,0,0,0
jargon,0,0,0,0,0,1,0,0,0,0
schokkend,0,0,0,1,0,1,0,1,0,0
Jasper,0,0,0,0,0,0,0,0,0,0
geelzucht,0,0,0,1,0,1,0,0,0,0
uitstapje,0,0,0,0,0,0,0,0,0,0
speer,0,0,0,0,0,0,0,0,0,0
kaak,0,0,0,0,0,0,0,0,0,0
kaken,0,0,0,1,0,0,0,0,0,0
jay,0,0,0,0,0,0,0,0,0,0
jaloers,1,0,1,0,0,1,0,0,0,0
jaloezie,1,0,1,1,0,1,0,1,0,0
jeans,0,0,0,0,0,0,0,0,0,0
jeep,0,0,0,0,0,0,0,0,0,0
gelei,0,0,0,0,0,0,0,0,0,0
Jenny,0,0,0,0,0,0,0,0,0,0
in gevaar brengen,1,0,0,1,0,1,0,0,0,0
gevaar,0,1,0,1,0,1,0,0,0,0
eikel,1,0,0,0,0,0,0,0,1,0
Jersey,0,0,0,0,0,0,0,0,0,0
grap,0,0,0,0,1,0,1,0,1,0
nar,0,0,0,0,0,0,0,0,0,0
Jet,0,0,0,0,0,0,0,0,0,0
steiger,0,0,0,0,0,0,0,0,0,0
juweel,0,0,0,0,0,0,0,0,0,0
juwelier,0,0,0,0,0,0,0,0,0,0
sieraden,0,0,0,0,0,0,0,0,0,0
jib,0,0,0,0,0,0,0,0,0,0
jiffy,0,0,0,0,0,0,0,0,0,0
Jimmy,0,0,0,0,0,0,0,0,0,0
rinkelen,0,0,0,0,0,0,0,0,0,0
functie,0,0,0,0,0,0,1,0,0,0
jocken,0,0,0,0,0,0,0,0,0,0
jockey,0,0,0,0,0,0,0,0,0,0
joggen,0,0,0,0,0,0,0,0,0,0
John,0,0,1,0,0,1,0,0,0,0
meedoen,0,0,0,0,0,0,1,0,0,0
toegetreden tot,0,0,0,0,0,0,1,0,0,0
meedoen,0,0,0,0,0,0,0,0,0,0
gewricht,0,0,0,0,0,0,0,0,0,0
gezamenlijk,0,0,0,0,0,0,0,0,0,0
grap,0,0,0,0,0,1,0,0,0,0
grappenmaker,0,0,0,0,1,0,1,0,1,0
grapje,0,0,0,0,0,0,1,0,0,0
schok,0,0,0,0,0,0,0,0,1,0
jornada,0,0,0,0,0,1,0,0,0,0
jota,0,0,0,0,0,0,0,0,0,0
logboek,0,0,0,0,0,0,0,0,0,0
journalistiek,0,0,0,0,0,0,0,0,0,1
journalist,0,0,0,0,0,0,1,0,0,0
reis,0,1,0,1,1,0,1,0,0,0
gezel,0,0,0,0,0,0,0,0,0,1
joviaal,0,0,0,0,1,0,1,0,0,0
vreugde,0,0,0,0,1,0,1,0,0,0
blij,0,0,0,0,1,0,1,0,0,1
vreugdevol,0,0,0,0,1,0,1,0,0,0
juichend,0,0,0,0,1,0,1,0,1,1
jubileum,0,0,0,0,1,0,1,0,1,0
rechter,0,0,0,0,0,0,0,0,0,0
oordelen,0,0,0,0,0,0,0,0,0,0
oordeel,0,0,0,0,0,0,0,0,1,0
gerechtelijk,0,1,0,0,0,0,1,0,0,1
rechterlijke macht,0,1,0,0,0,0,0,0,0,1
oordeelkundig,0,0,0,0,0,0,1,0,0,1
kruik,0,0,0,0,0,0,0,0,0,0
jongleren met,0,0,0,0,0,0,0,0,0,0
jongleren,0,0,0,0,0,0,0,0,0,0
sap,0,0,0,0,0,0,0,0,0,0
sappig,0,0,0,0,0,0,0,0,0,0
warboel,0,0,0,0,0,1,0,0,0,0
door elkaar gegooid,0,0,0,0,0,0,0,0,0,0
jumbo,0,0,0,0,0,0,0,0,0,0
springen,0,0,0,0,1,0,1,0,0,0
knooppunt,0,0,0,0,0,0,0,0,0,0
kruispunt,0,0,0,0,0,0,0,0,0,0
jungle,0,0,0,1,0,0,0,0,0,0
junior,0,0,0,0,0,0,0,0,0,0
rommel,0,0,0,0,0,1,0,0,0,0
junta,0,0,0,0,0,1,0,0,0,0
juridisch,0,0,0,0,0,0,0,0,0,0
jurisdictie,0,0,0,0,0,0,0,0,0,0
jurisprudentie,0,0,0,0,0,0,0,1,0,0
jurist,0,0,0,0,0,0,0,0,0,1
jury,0,0,0,0,0,0,0,0,0,1
gerechtigheid,0,0,0,0,0,0,1,0,0,1
gerechtvaardigd,0,0,0,0,0,0,1,0,0,1
rechtvaardiging,0,0,0,0,0,0,1,0,0,0
verantwoorden,0,0,0,0,0,0,0,0,0,0
jute-,0,0,0,0,0,0,0,0,0,0
jeugdig,0,0,0,0,0,1,0,0,0,0
nevenschikking,0,0,0,0,0,0,0,0,0,0
keizer,0,0,0,0,0,0,0,0,0,0
caleidoscoop,0,0,0,0,0,0,0,0,0,0
kangoeroe,0,0,0,0,0,0,0,0,0,0
kanji,0,0,0,0,0,0,0,0,0,0
karma,0,0,0,0,0,0,0,0,0,0
kajakken,0,0,0,0,0,0,0,0,0,0
kiel,0,0,0,0,0,0,0,0,0,0
keeper,0,0,0,0,0,0,0,0,0,0
houden,0,0,0,0,0,0,0,0,0,0
herinnering,0,0,0,0,0,0,1,0,0,0
vaatje,0,0,0,0,0,0,0,0,0,0
ken,0,0,0,0,0,0,1,0,0,0
kennel,0,0,0,0,0,0,0,1,0,0
kern,0,0,0,0,0,1,0,0,0,0
kern,0,0,0,0,0,0,0,0,0,0
kerosine,0,0,0,1,0,0,0,0,0,0
ketel,0,0,0,0,0,0,0,0,0,0
sleutel,0,0,0,0,0,0,0,0,0,0
sleutelgat,0,0,0,0,0,0,0,0,0,0
grondtoon,0,0,0,0,0,0,1,0,0,0
sluitsteen,0,0,0,0,0,0,1,0,0,0
khaki,0,0,0,0,0,0,0,0,0,0
khan,0,0,0,1,0,0,0,0,0,1
trap,1,0,0,0,0,1,0,0,0,0
schoppen,1,0,0,0,0,0,0,0,0,0
kind,0,0,0,0,0,0,0,0,0,0
grapje,0,0,0,0,0,0,0,0,0,0
ontvoeren,1,0,0,1,0,1,0,1,1,0
doden,0,0,0,1,0,1,0,1,0,0
moorden,1,0,0,1,0,1,0,1,0,0
oven,0,0,0,0,0,0,0,0,0,0
kilogram,0,0,0,0,0,0,0,0,0,0
kilometer,0,0,0,0,0,0,0,0,0,0
kilt,0,0,0,0,0,0,0,0,0,0
kimono,0,0,0,0,0,0,0,0,0,0
familie,0,0,0,0,0,0,0,0,0,0
vriendelijk,0,0,0,0,1,0,1,0,0,1
kleuterschool,0,0,0,0,0,0,0,0,0,0
vriendelijkheid,0,0,0,0,0,0,1,0,0,0
verwant,0,1,0,0,1,0,1,0,0,1
kinematica,0,0,0,0,0,0,0,0,0,0
koning,0,0,0,0,0,0,1,0,0,0
koninkrijk,0,0,0,0,0,0,0,0,0,0
knik,0,0,0,0,0,0,0,0,0,0
kinky,0,0,0,0,0,0,0,0,0,0
kiosk,0,0,0,0,0,0,0,0,0,0
kirk,0,0,0,0,0,0,0,0,0,0
kus,0,1,0,0,1,0,1,0,1,0
kit,0,0,0,0,0,0,0,0,0,0
keuken,0,0,0,0,0,0,0,0,0,0
vlieger,0,0,1,0,0,1,0,0,0,0
katje,0,0,0,0,1,0,1,0,0,1
handigheid,0,0,0,0,0,0,1,0,0,0
knapzak,0,0,0,0,0,0,0,0,0,0
kneden,0,0,0,0,0,0,0,0,0,0
knie,0,0,0,0,0,0,0,0,0,0
knielen,0,0,0,0,0,0,0,0,0,0
knielend,0,0,0,0,0,0,0,0,0,0
knielen,0,0,0,1,0,1,0,1,0,0
broekje,0,0,0,0,0,0,0,0,0,1
mes,0,0,0,0,0,0,0,0,0,0
ridder,0,0,0,0,0,0,1,0,0,0
breien,0,0,0,0,0,0,0,0,0,0
knop,0,0,0,0,0,0,0,0,0,0
klop,0,0,0,0,0,0,0,0,0,0
heuveltje,0,0,0,0,0,0,0,0,0,0
knoop,0,0,0,0,0,0,0,0,0,0
geknoopt,0,0,0,0,0,1,0,0,0,0
weten,0,0,0,0,0,0,1,0,0,0
bewust,0,0,0,0,0,0,0,0,0,0
kennis,0,0,0,0,0,0,1,0,0,0
knokkel,0,0,0,0,0,0,0,0,0,0
kos,0,0,0,0,0,0,0,0,0,0
kris,0,0,0,0,0,0,0,0,0,0
kudos,0,0,0,0,1,0,1,0,0,0
laboratorium,0,0,0,0,0,0,0,0,0,0
label,0,0,0,0,0,0,0,0,0,1
arbeid,0,1,0,0,1,0,1,0,1,1
laboratorium,0,0,0,0,0,0,0,0,0,0
moeizaam,0,0,0,0,0,1,0,1,0,0
arbeider,0,0,0,0,0,0,0,0,0,0
werkend,0,0,0,0,0,0,0,0,0,0
arbeidsintensief,0,0,0,0,0,1,0,0,0,0
labyrint,0,1,0,0,0,1,0,0,0,0
lac,0,0,0,0,0,0,0,0,0,0
veter,1,0,0,1,0,1,1,1,0,1
gebrek,0,0,0,0,0,1,0,0,0,0
ontbrekend,0,0,0,0,0,1,0,0,0,0
flauw,0,0,0,0,0,1,0,0,0,0
lak,0,0,0,0,0,0,0,0,0,0
lacrosse,0,0,0,0,0,0,0,0,0,0
jongen,0,0,0,0,0,0,0,0,0,0
ladder,0,0,0,0,0,0,0,0,0,0
Laden,0,0,0,0,0,1,0,0,0,0
vrachtbrief,0,0,0,0,0,0,0,0,0,0
pollepel,0,0,0,0,0,0,0,0,0,0
dame,0,0,0,0,0,0,0,0,0,0
vertraging,0,0,0,0,0,1,0,0,0,0
achterblijvend,1,1,1,0,0,1,0,1,0,0
lagune,0,0,0,0,0,0,0,0,0,0
hol,0,0,0,0,0,1,0,0,0,0
leken,0,0,0,0,0,0,0,0,0,0
meer,0,0,0,0,0,0,0,0,0,0
lama,0,0,0,0,0,0,0,0,0,0
lam,0,0,0,0,1,0,1,0,0,1
jammeren,0,0,1,1,0,1,0,1,0,0
jammeren,0,0,0,0,0,0,0,1,0,0
laminaat,0,0,0,0,0,0,0,0,0,0
gelamineerd,0,0,0,0,0,0,0,0,0,0
lamp,0,0,0,0,0,0,0,0,0,0
lans,0,0,0,0,0,0,0,0,0,0
lansier,0,0,0,0,0,0,0,0,0,0
land-,0,0,0,0,0,0,1,0,0,0
geland,0,0,0,0,0,0,1,0,0,0
landen,0,0,0,0,0,0,0,0,0,0
geheel door land omgeven,0,0,0,0,0,0,0,0,0,0
landheer,0,0,0,0,0,0,0,0,0,0
mijlpaal,0,0,0,0,0,0,0,0,0,1
landt,0,0,0,0,0,0,0,0,0,0
landschap,0,0,0,0,0,0,0,0,0,0
landschapsarchitectuur,0,0,0,0,0,0,0,0,0,0
aardverschuiving,0,0,0,1,0,1,0,1,0,0
rijbaan,0,0,0,0,0,0,0,0,0,0
taal,0,0,0,0,0,0,0,0,0,0
lome,0,0,0,0,0,1,0,0,0,0
wegkwijnen,0,0,0,0,0,1,0,0,0,0
wegkwijnen,0,0,0,1,0,1,0,1,0,0
slungelig,0,0,0,0,0,0,0,0,0,0
lantaarn,0,0,0,0,0,0,0,0,0,0
ronde,0,0,0,0,0,0,0,0,0,0
revers,0,0,0,0,0,0,0,0,0,0
vervallen,0,0,0,0,0,1,0,0,0,0
verlopen,0,0,0,0,0,0,0,0,0,0
diefstal,0,0,1,0,0,1,0,0,0,0
vet,0,0,0,0,0,0,0,0,0,0
voorraadkast,0,0,0,0,0,0,0,0,0,0
groot,0,0,0,0,0,0,0,0,0,0
groter,0,0,1,0,0,0,0,0,1,1
largo,0,0,0,0,0,0,0,0,0,0
leeuwerik,0,0,0,0,0,0,0,0,0,0
larve,0,0,0,0,0,0,0,0,0,0
strottenhoofd,0,0,0,0,0,0,0,0,0,0
laser,0,0,0,0,0,0,1,0,0,1
zweep,1,0,0,1,0,1,0,0,0,0
deerntje,0,0,0,0,0,0,0,0,0,0
lasso,0,0,0,0,0,0,0,0,0,0
blijvend,0,0,0,0,0,0,0,0,0,0
grendel,0,0,0,0,0,0,0,0,0,0
laat,0,0,0,0,0,1,0,1,0,0
te laat komen,0,0,0,0,0,1,0,0,0,0
latent,1,1,1,0,0,1,0,0,1,0
lateraal,0,0,0,0,0,0,0,0,0,0
lateraal,0,0,0,0,0,0,0,0,0,0
latex,0,0,0,0,0,0,0,0,0,0
draaibank,0,0,0,0,0,0,0,0,0,0
schuim,0,0,0,0,0,0,0,0,0,0
breedtegraad,0,0,0,0,0,0,0,0,0,0
latrines,0,0,1,0,0,1,0,0,0,0
rooster,0,0,0,0,0,0,0,0,0,0
prijzenswaardig,0,0,0,0,0,0,1,0,0,0
lachen,0,0,0,0,1,0,1,0,1,0
lachwekkend,0,0,1,0,0,1,0,0,0,0
lachend,0,0,0,0,1,0,1,0,0,0
gelach,0,1,0,0,1,0,1,0,1,0
launch,0,1,0,0,0,0,1,0,0,0
de was,0,0,0,0,0,0,0,0,0,0
laureaat,0,0,0,0,0,0,1,0,0,1
laurier,0,0,0,0,0,0,1,0,0,0
lauweren,0,0,0,0,1,0,1,0,0,0
lava,1,0,0,1,0,1,0,0,0,0
lavage,0,0,0,0,0,0,0,0,0,0
toilet,0,0,1,0,0,0,0,0,0,0
lavendel,0,0,0,0,0,0,0,0,0,0
royaal,0,0,0,0,0,0,1,0,0,0
wet,0,0,0,0,0,0,0,0,0,1
wettig,0,0,0,0,0,0,1,0,0,1
wetteloosheid,1,0,0,1,0,1,0,0,0,0
gazon,0,0,0,0,0,0,0,0,0,0
rechtszaak,1,0,1,1,0,1,0,1,1,0
advocaat,1,0,1,1,0,1,0,0,0,0
laks,0,0,0,0,0,1,0,1,0,0
laxeermiddel,0,0,1,1,0,1,0,0,0,0
leggen,0,0,0,0,0,0,0,0,0,0
laag,0,0,0,0,0,0,0,0,0,0
gelaagd,0,0,0,0,0,0,0,0,0,0
leek,0,0,0,0,0,0,0,0,0,0
lui,0,0,0,0,0,1,0,0,0,0
lea,0,0,0,0,0,0,0,0,0,0
lood,0,0,0,0,0,0,1,0,0,0
leider,0,0,0,0,0,0,1,0,0,1
leidend,0,0,0,0,0,0,0,0,0,1
Leidt,0,0,0,0,0,0,0,0,0,0
blad,0,0,0,0,0,0,0,0,0,0
brochure,0,0,0,0,0,0,0,0,0,0
lommerrijk,0,0,0,0,0,0,0,0,0,0
liga,0,0,0,0,0,0,1,0,0,0
lek,0,0,0,0,0,1,0,0,0,0
lekkage,0,0,0,0,0,1,0,0,0,0
lek,0,0,0,0,0,1,0,0,0,0
slank,0,0,0,0,0,0,0,0,0,0
leunde,0,0,0,0,0,0,0,0,0,0
leunen,0,0,0,0,0,0,0,0,0,1
sprong,0,0,0,0,0,0,0,0,0,0
leren,0,0,0,0,0,0,1,0,0,0
geleerd,0,0,0,0,0,0,0,0,0,0
leerling,0,0,0,0,0,0,0,0,0,0
aan het leren,0,0,0,0,0,0,1,0,0,0
huren,0,0,0,0,0,0,0,0,0,0
leiband,0,0,0,0,0,0,0,0,0,0
leer,0,0,0,0,0,0,0,0,0,0
leerachtig,0,0,0,0,0,0,0,0,0,0
vertrekken,0,0,0,0,0,1,0,1,1,0
lezing,0,0,0,0,0,0,0,0,0,0
docent,0,0,0,0,0,0,1,0,0,0
richel,0,0,0,0,0,0,0,0,0,0
grootboek,0,0,0,0,0,0,0,0,0,0
lee,0,0,0,0,0,0,0,0,0,0
bloedzuiger,0,0,0,0,0,1,0,0,0,0
bloedzuigers,0,0,1,1,0,1,0,0,0,0
koeloven,0,0,1,0,0,1,0,0,0,0
wantrouwend,0,0,0,0,0,0,0,0,1,0
lees,0,0,0,0,0,0,0,0,0,0
speelruimte,0,0,0,0,0,0,1,0,0,0
links,0,0,0,0,0,0,0,0,0,0
been,0,0,0,0,0,0,0,0,0,0
nalatenschap,0,0,0,0,0,0,0,0,0,0
legaal,0,0,0,0,0,0,1,0,0,1
wettigheid,0,0,0,0,0,0,0,0,0,0
legaliseren,0,0,0,0,0,0,0,0,0,0
gelegaliseerd,1,0,0,1,1,0,1,0,0,1
legaal,0,0,0,0,0,0,0,0,0,0
legende,0,0,0,0,0,0,0,0,0,0
legendarisch,0,0,0,0,0,0,1,0,0,0
leesbaarheid,0,0,0,0,0,0,1,0,0,0
leesbaar,0,0,0,0,0,0,1,0,0,0
legioen,0,0,0,0,0,0,0,0,0,0
wetgevend,0,0,0,0,0,0,0,0,0,0
wetgeving,0,0,0,0,0,0,0,0,0,0
wetgevend,0,0,0,0,0,0,0,0,0,0
wetgever,0,0,0,0,0,0,0,0,0,1
wetgevende macht,0,0,0,0,0,0,0,0,0,1
legitimiteit,0,0,0,0,0,0,0,0,0,1
poten,0,0,0,0,0,0,0,0,0,0
peulvrucht,0,0,0,0,0,0,0,0,0,0
vrije tijd,0,1,0,0,1,0,1,0,1,1
rustig aan,0,0,0,0,0,0,1,0,0,0
lemma,0,0,0,0,0,0,1,0,0,0
citroen,0,0,1,0,0,1,0,0,0,0
lenen,0,0,0,0,0,0,0,0,0,0
geldschieter,0,0,0,0,0,0,0,0,0,1
uitlenen,0,0,0,0,0,0,0,0,0,0
lengte,0,0,0,0,0,0,0,0,0,0
verlengen,0,0,0,0,0,0,0,0,0,0
verlengd,0,0,0,0,0,0,0,0,0,0
verlenging,0,0,0,0,0,0,0,0,0,0
in de lengte,0,0,0,0,0,0,0,0,0,0
lang,0,0,0,0,0,0,0,0,0,0
clementie,0,0,0,0,0,0,0,0,0,0
welwillend,0,0,0,0,0,0,1,0,0,0
lens,0,0,0,0,0,0,0,0,0,0
luipaard,0,0,0,0,0,0,0,0,0,0
lepra,0,0,1,1,0,1,0,1,0,0
huurder,0,0,0,0,0,0,0,0,0,0
verminderen,0,1,0,0,0,1,0,0,0,0
vermindering,0,0,0,0,0,0,0,0,0,0
minder,0,0,1,0,0,1,0,0,0,0
les,0,1,0,0,0,0,1,0,0,1
verhuurder,0,0,0,0,0,0,0,0,0,0
dodelijk,0,0,1,1,0,1,0,1,0,0
lethargisch,0,0,0,0,0,0,0,0,0,0
lethargie,0,0,0,0,0,1,0,1,0,0
brief,0,1,0,0,0,0,0,0,0,0
geletterd,0,1,0,0,0,0,1,0,0,1
brieven,0,0,0,0,0,0,0,0,0,0
sla,0,0,0,0,0,0,0,0,0,0
leukemie,1,0,0,1,0,1,0,1,0,0
dijk,0,0,0,0,0,0,0,0,0,1
niveau,0,0,0,0,0,0,1,0,0,1
hefboom,0,0,0,0,0,0,0,0,0,0
hefboom,0,0,0,0,0,0,1,0,0,0
heffing,0,0,0,0,0,1,0,0,0,0
onzedelijk,0,0,1,0,0,1,0,0,0,0
lexicon,0,0,0,0,0,0,0,0,0,0
ley,0,0,0,0,0,0,0,0,0,0
schulden,0,0,0,0,0,0,0,0,0,0
aansprakelijkheid,0,0,0,0,0,0,0,0,0,0
verbindingspersoon,0,0,0,0,0,1,0,0,0,0
leugenaar,0,0,1,0,0,1,0,0,0,0
smaad,1,0,0,1,0,1,0,0,0,1
lasterlijk,0,0,0,0,0,0,0,0,0,0
liberaal,0,0,0,0,0,1,1,0,0,0
liberalisme,0,0,0,0,0,0,0,0,0,0
bevrijden,1,1,0,0,1,0,1,0,1,1
bevrijding,0,1,0,0,1,0,1,0,1,0
vrijheid,0,1,0,0,1,0,1,0,1,1
libido,0,0,0,0,0,0,0,0,0,0
bibliothecaris,0,0,0,0,0,0,0,0,0,0
bibliotheek,0,0,0,0,0,0,1,0,0,0
libretto,0,0,0,0,0,0,0,0,0,0
licentie,0,0,0,0,0,0,0,0,0,0
korstmos,0,0,0,0,0,0,0,0,0,0
likken,0,0,1,0,0,1,0,0,0,0
deksel,0,0,0,0,0,0,0,0,0,0
leugen,1,0,1,0,0,1,0,1,0,0
Luik,0,0,0,0,0,0,0,0,0,0
pandrecht,0,0,0,0,0,0,0,0,0,0
plaats,0,0,0,0,0,0,0,0,0,0
luitenant,0,0,0,0,0,0,0,0,0,1
leven,0,0,0,0,0,0,0,0,0,0
levensbloed,0,0,0,0,0,0,1,0,0,0
reddingsboot,0,0,0,0,0,0,0,0,0,0
levenloos,0,0,0,1,0,1,0,1,0,0
levensecht,0,0,0,0,0,0,0,0,0,0
levenslang,0,0,0,0,0,0,0,0,0,0
levenslang,0,0,0,0,0,0,0,0,0,0
tillen,0,0,0,0,0,0,0,0,0,0
gewrichtsband,0,0,0,0,0,0,0,0,0,0
afbinding,0,0,0,0,0,0,0,0,0,0
licht,0,0,0,0,0,0,0,0,0,0
verlichten,0,0,0,0,0,0,0,0,0,0
vuurtoren,0,0,0,0,0,0,1,0,0,0
lichtheid,0,0,0,0,0,0,0,0,0,0
bliksem,1,0,0,1,0,0,0,0,1,0
waarschijnlijkheid,0,0,0,0,0,0,0,0,0,0
gelijkenis,0,0,0,0,0,0,0,0,0,0
hetzelfde,0,0,0,0,0,0,0,0,0,0
leuk vinden,0,0,0,0,1,0,1,0,0,1
lila,0,0,0,0,0,0,0,0,0,0
lelie,0,0,0,0,0,0,0,0,0,0
ledemaat,0,0,0,0,0,0,0,0,0,0
limbo,0,0,0,0,0,0,0,0,0,0
begrenzing,0,0,0,0,0,0,0,0,0,0
beperking,0,0,0,0,0,0,0,0,0,0
beperkt,1,0,0,0,0,1,0,1,0,0
grenzeloos,0,0,0,0,0,0,0,0,0,0
limousine,0,0,0,0,0,0,0,0,0,0
hinken,0,0,0,0,0,1,0,0,0,0
lin,0,0,0,0,0,0,0,0,0,0
lijn,0,0,0,0,0,0,0,0,0,0
afstamming,0,0,0,0,0,0,0,0,0,0
lineair,0,0,0,0,0,0,0,0,0,0
lineair,0,0,0,0,0,0,0,0,0,0
gevoerd,0,0,0,0,0,0,0,0,0,0
linnen,0,0,0,0,0,0,0,0,0,0
voering,0,0,0,0,0,0,0,0,0,0
lijnen,0,0,0,1,0,0,0,0,0,0
treuzelen,0,1,0,0,0,0,0,0,0,0
jargon,0,0,0,0,0,0,0,0,0,0
linguïstisch,0,0,0,0,0,0,0,0,0,0
linguïst,0,0,0,0,0,0,1,0,0,1
taalkundig,0,0,0,0,0,0,0,0,0,0
taalkunde,0,0,0,0,0,0,0,0,0,0
voering,0,0,0,0,0,0,0,0,0,0
koppeling,0,0,0,0,0,0,0,0,0,0
linoleum,0,0,0,0,0,0,0,0,0,0
lint,0,0,0,0,0,1,0,0,0,0
leeuw,0,0,0,1,0,0,1,0,0,0
lip-,0,0,0,0,0,0,0,0,0,0
lippenstift,0,0,0,0,0,0,0,0,0,0
vloeibaar maken,0,0,0,0,0,0,0,0,0,0
vloeibaar gemaakt,0,0,0,0,0,0,0,0,0,0
likeur,0,0,0,0,0,0,0,0,0,0
vloeistof,0,0,0,0,0,0,0,0,0,0
liquideren,0,0,0,0,0,0,0,0,0,0
liquidatie,0,0,0,0,0,0,0,0,0,0
vereffenaar,0,0,0,0,0,0,0,0,0,0
liquiditeit,0,0,0,0,0,0,0,0,0,0
likeur,1,0,0,0,1,1,0,1,0,0
lisp,0,0,0,0,0,0,0,0,0,0
lijst,0,0,0,0,0,0,0,0,0,0
luister,0,0,0,0,0,0,0,0,0,0
luisteraar,0,0,0,0,0,0,0,0,0,0
vermelding,0,0,0,0,0,0,0,0,0,0
lusteloos,0,0,0,0,0,1,0,1,0,0
litanie,0,0,0,0,0,0,0,0,0,0
letterlijk,0,0,0,0,0,0,0,0,0,0
literair,0,0,0,0,0,0,0,0,0,0
literatuur,0,0,0,0,0,0,0,0,0,0
lenig,0,0,0,0,0,0,1,0,0,0
lithografie,0,0,0,0,0,0,0,0,0,0
lithografie,0,0,0,0,0,0,0,0,0,0
lithologie,0,0,0,0,0,0,0,0,0,0
lithosfeer,0,0,0,0,0,0,0,0,0,0
rechtzoekende,0,0,0,0,0,1,0,0,0,0
procederen,1,1,1,1,0,1,0,1,0,0
geschil,0,0,0,0,0,1,0,0,0,0
litigieuze,1,0,1,0,0,1,0,0,0,0
afval,0,0,0,0,0,1,0,0,0,0
kust-,0,0,0,0,0,0,0,0,0,0
liturgie,0,0,0,0,0,0,0,0,0,0
levensonderhoud,0,0,0,0,0,0,0,0,0,0
livrei,0,0,0,0,0,0,0,0,0,0
boos,1,0,1,0,0,1,0,0,0,0
levend,0,0,0,0,0,0,0,0,0,0
lama,0,0,0,0,0,0,0,0,0,0
laden,0,0,0,0,0,0,0,0,0,0
brood,0,0,0,0,0,1,0,0,0,0
leegloper,0,0,0,0,0,1,0,0,0,0
leem,0,0,0,0,0,0,0,0,0,0
lening,0,0,0,0,0,0,0,0,0,0
afkerig,1,0,0,0,0,1,0,0,0,0
verafschuwen,1,0,1,0,0,1,0,0,0,0
afkeer,0,0,1,0,0,1,0,0,0,0
walgelijk,1,0,1,0,0,1,0,0,0,0
lobby,0,0,0,0,0,0,0,0,0,0
lobbyist,0,0,0,0,0,1,0,0,0,0
kwab,0,0,0,0,0,0,0,0,0,0
lokaal,0,0,0,0,0,0,0,0,0,0
locale,0,0,0,0,0,0,0,0,0,0
plaats,0,0,0,0,0,0,0,0,0,0
lokalisatie,0,0,0,0,0,0,0,0,0,0
lokaliseren,0,1,0,0,0,0,0,0,0,0
bevind zich,0,0,0,0,0,0,0,0,0,0
plaats,0,0,0,0,0,0,0,0,0,0
loch,0,0,0,0,0,0,0,0,0,0
op slot doen,0,0,0,0,0,0,0,0,0,0
kluisje,0,0,0,0,0,0,0,0,0,0
slotenmaker,0,0,0,0,0,0,0,0,0,0
opsluiten,0,0,0,1,0,1,0,1,0,0
voortbeweging,0,0,0,0,0,0,0,0,0,0
locomotief,0,0,0,0,0,0,0,0,0,0
sprinkhaan,0,0,0,1,0,1,0,0,0,0
logeren,0,0,0,0,0,0,0,0,0,0
huurder,0,0,0,0,0,0,0,0,0,0
onderdak,0,0,0,0,0,0,0,0,0,1
zolder,0,0,0,0,0,0,0,0,0,0
verheven,0,0,0,0,0,1,0,0,0,0
log,0,0,0,0,0,0,0,0,0,0
logaritme,0,0,0,0,0,0,0,0,0,0
logaritmisch,0,0,0,0,0,0,0,0,0,0
logica,0,0,0,0,0,0,0,0,0,0
logisch,0,0,0,0,0,0,1,0,0,0
logistiek,0,0,0,0,0,0,0,0,0,0
logotype,0,0,0,0,0,0,0,0,0,0
lendenen,0,0,0,0,0,0,0,0,0,0
lolly,0,0,0,0,0,0,0,0,0,0
eenzaam,0,0,0,0,0,0,0,1,0,0
eenzaamheid,0,0,0,1,0,1,0,1,0,0
alleen,1,0,1,1,0,1,0,1,0,0
eenzaam,0,0,0,0,0,1,0,1,0,0
lang,0,1,0,0,0,0,0,0,0,0
levensduur,0,0,0,0,0,0,1,0,0,0
verlangen,0,1,0,0,0,0,0,1,0,0
Lengtegraad,0,0,0,0,0,0,0,0,0,0
longitudinaal,0,0,0,0,0,0,0,0,0,0
longitudinaal,0,0,0,0,0,0,0,0,0,0
wc,0,0,1,0,0,1,0,0,0,0
pas op,0,0,0,0,0,0,0,0,0,0
weefgetouw,0,1,0,1,0,1,0,0,0,0
dreigend,0,0,0,0,0,0,0,0,0,0
gek,0,0,1,0,0,1,0,0,0,0
gek,0,0,0,0,0,1,0,0,0,0
lus,0,0,0,0,0,0,0,0,0,0
uitvlucht,0,0,0,0,0,0,0,0,0,0
losmaken,0,0,0,0,0,0,0,0,0,0
losmaken,0,0,0,0,0,0,0,0,0,0
buit,0,0,0,0,0,1,0,0,0,0
lop,0,0,0,0,0,0,0,0,0,0
scheef,0,0,0,0,0,0,0,0,0,0
heer,0,0,1,0,0,1,1,0,0,1
heren,0,0,0,0,0,0,0,0,0,0
heerschappij,0,0,0,0,0,0,1,0,0,0
overlevering,0,0,0,0,0,0,0,0,0,0
vrachtwagen,0,0,0,0,0,0,0,0,0,0
verliezen,1,0,1,1,0,1,0,1,1,0
verliezen,1,0,0,0,0,1,0,1,0,0
verlies,1,0,0,1,0,1,0,1,0,0
kwijt,0,0,0,0,0,1,0,1,0,0
kavel,0,0,0,0,0,0,0,0,0,0
lotion,0,0,0,0,0,0,0,0,0,0
veel,0,0,0,0,0,0,0,0,0,0
loterij,0,1,0,0,0,0,0,0,0,0
lotto,0,0,0,0,0,0,0,0,0,0
luid,0,0,0,0,0,0,0,0,0,0
luid,0,0,0,0,0,0,0,0,0,0
luidheid,1,0,0,0,0,1,0,0,0,0
lounge,0,0,0,0,0,1,0,0,0,0
luis,0,0,1,0,0,1,0,0,0,0
lief,0,0,0,0,1,0,1,0,0,1
liefde,0,0,0,0,1,0,1,0,0,0
lief,0,1,0,0,1,0,1,1,1,1
vrijen,0,0,0,0,1,0,1,0,0,1
minnaar,0,1,0,0,1,0,1,0,0,1
liefdevol,0,0,0,0,1,0,1,0,0,1
lager,0,0,0,0,0,1,0,1,0,0
verlagen,0,0,0,0,0,1,0,0,0,0
laagste,0,0,0,0,0,1,0,1,0,0
Lowlands,0,0,0,0,0,1,0,0,0,0
nederig,0,0,0,0,0,1,0,1,0,0
loyaal,0,0,0,1,1,0,1,0,1,1
loyaliteit,0,0,0,0,0,0,1,0,0,1
smeren,0,0,0,0,0,0,0,0,0,0
smering,0,0,0,0,0,0,0,0,0,0
geluk,0,1,0,0,1,0,1,0,1,0
gelukkig,0,0,0,0,1,0,1,0,1,0
belachelijk,0,0,0,0,0,1,0,0,0,0
lug,0,0,0,0,0,0,0,0,0,0
bagage,0,0,0,0,0,0,0,0,0,0
wiegen,0,1,0,0,0,0,0,0,0,0
slaapliedje,0,0,0,0,0,0,0,0,0,0
lumbaal,0,0,0,0,0,0,0,0,0,0
timmerhout,0,0,0,0,0,0,0,0,0,0
houthakken,0,0,0,0,0,1,0,0,0,0
lichtgevend,0,0,0,0,0,0,0,0,0,0
lichtgevend,0,0,0,0,0,0,0,0,0,0
klont,0,0,0,0,0,1,0,0,0,0
klonterig,0,0,1,0,0,1,0,0,0,0
waanzin,1,0,1,1,0,1,0,1,0,0
maan-,0,0,0,0,0,0,0,0,0,0
gek,1,0,1,1,0,1,0,0,0,0
lunch,0,0,0,0,0,0,0,0,0,0
lunch,0,0,0,0,0,0,0,0,0,0
uithaal,0,0,0,0,0,0,0,0,1,0
longen,0,0,0,0,0,0,0,0,0,0
slingeren,0,0,0,0,0,1,0,0,0,0
lokken,0,0,0,0,0,1,0,0,0,0
luguber,0,0,1,0,0,1,0,0,0,0
op de loer liggen,0,0,0,0,0,1,0,0,0,0
op de loer,0,0,0,0,0,1,0,0,0,0
heerlijk,0,1,0,0,1,0,1,0,0,0
weelderig,0,0,1,0,0,1,0,1,0,0
lust,0,1,0,0,0,1,0,0,0,0
glans,0,0,0,0,1,0,1,0,0,0
wellustige,0,0,0,0,0,1,0,0,0,0
glanzend,0,0,0,0,0,0,1,0,0,0
wellustige,0,0,1,0,0,0,0,0,0,0
luit,0,0,0,0,0,0,0,0,0,0
weelderig,0,0,0,0,0,0,1,0,0,0
luxueus,0,0,0,0,1,0,1,0,0,0
luxe,0,0,0,0,1,0,1,0,0,0
liegen,1,0,1,0,0,1,0,0,0,0
lymfe,0,0,0,0,0,0,0,0,0,0
lymfatisch,0,0,0,0,0,0,0,0,0,0
lynchen,1,0,1,1,0,1,0,1,0,0
lynx,0,0,0,0,0,0,0,0,0,0
lier,0,0,0,0,1,0,1,0,0,0
lyrisch,0,0,0,0,0,0,0,0,0,0
lyrisch,0,0,0,0,1,0,1,0,0,0
foelie,0,0,0,1,0,1,0,0,0,0
machine,0,0,0,0,0,0,0,0,0,1
machines,0,0,0,0,0,0,0,0,0,0
machinist,0,0,0,0,0,0,0,0,0,0
makreel,0,0,0,0,0,0,0,0,0,0
boos,1,0,1,1,0,1,0,1,0,0
mevrouw,0,0,0,0,0,0,0,0,0,0
mevrouw,0,0,0,0,0,0,0,0,0,0
gek geworden,1,0,0,1,0,1,0,0,0,0
gek,1,0,0,1,0,1,0,0,0,0
krankzinnigheid,1,0,0,1,0,1,0,0,0,0
maffia,0,0,0,1,0,1,0,0,0,0
tijdschrift,0,0,0,0,0,0,0,0,0,0
magiër,0,0,0,1,0,0,0,0,0,0
magenta,0,0,0,0,0,0,0,0,0,0
made,0,0,1,0,0,1,0,0,0,0
magie,0,0,0,0,0,0,0,0,0,0
magisch,0,1,0,0,1,0,1,0,1,0
goochelaar,0,0,0,0,0,0,0,0,1,0
magistraat,0,0,0,0,0,0,0,0,0,0
magma,0,0,0,0,0,0,0,0,0,0
magnaat,0,0,0,0,0,0,0,0,0,0
magneet,0,0,0,0,0,0,1,0,0,1
magnetisme,0,0,0,0,0,0,1,0,0,0
magnetiet,0,0,0,0,0,0,1,0,0,0
pracht,0,1,0,0,1,0,1,0,0,1
magnifiek,0,1,0,0,1,0,1,0,1,1
vergrootglas,0,0,0,0,0,0,0,0,0,0
vergroten,0,0,0,0,0,0,0,0,0,0
grootte,0,0,0,0,0,0,0,0,0,0
ekster,0,0,0,0,0,0,0,0,0,0
hulp in de huishouding,0,0,0,0,0,0,0,0,0,0
meisje,0,0,0,0,0,0,1,0,0,0
mail,0,1,0,0,0,0,0,0,0,0
hoofd,0,0,0,0,0,0,1,0,0,0
vasteland,0,0,0,0,0,0,0,0,0,0
steunpilaar,0,0,0,0,0,0,1,0,0,1
onderhoud,0,0,0,0,0,0,0,0,0,1
majestueus,0,1,0,0,1,0,1,0,1,1
majesteit,0,0,0,0,0,0,1,0,0,1
belangrijk,0,0,0,0,0,0,1,0,0,0
meerderheid,0,0,0,0,1,0,1,0,0,1
maken,0,0,0,0,0,0,0,0,0,0
maker,0,0,0,0,0,0,0,0,0,0
geïmproviseerde,0,0,0,0,0,1,0,0,0,0
verzinnen,0,0,0,0,0,0,0,0,0,0
ziekte,0,0,0,0,0,1,0,0,0,0
malaise,0,0,0,0,0,1,0,1,0,0
malaria-,0,0,1,1,0,1,0,1,0,0
kwaadaardig,1,0,1,1,0,1,0,1,0,0
misdrijf,0,0,1,0,0,1,0,0,0,0
misvorming,0,0,0,0,0,1,0,0,0,0
kwaadaardigheid,1,0,0,1,0,1,0,0,0,0
kwaadwillend,1,0,1,1,0,1,0,1,0,0
kwaadaardig,1,0,1,0,0,1,0,0,0,0
maligniteit,0,0,0,1,0,1,0,1,0,0
kwaadaardig,1,0,0,1,0,1,0,0,0,0
winkelcentrum,0,0,0,0,0,0,0,0,0,0
kneedbaar,0,0,0,0,0,0,0,0,0,0
hamer,0,0,0,0,0,0,0,0,0,0
wanpraktijken,1,0,0,0,0,1,0,0,0,0
mamma,0,0,0,0,0,0,0,0,0,1
zoogdier,0,0,0,0,0,0,0,0,0,0
mammoet-,0,0,0,0,0,0,0,0,0,0
beheren,0,0,0,0,0,0,1,0,0,1
beheer,0,0,0,0,0,0,1,0,0,1
manager,0,0,0,0,0,0,0,0,0,0
mandamus,0,0,0,1,0,1,0,0,0,0
mandarijn-,0,0,0,0,0,0,1,0,0,1
mandaat,0,0,0,0,0,0,0,0,0,0
onderkaak,0,0,0,0,0,0,0,0,0,0
mandoline,0,0,0,0,0,0,0,0,0,0
doorn,0,0,0,0,0,0,0,0,0,0
manen,0,0,0,0,0,0,0,0,0,0
manoeuvreren,0,0,0,0,0,0,0,0,0,0
manoeuvreren,0,0,0,0,0,0,0,0,0,0
schurft,0,0,1,1,0,1,0,0,0,0
kribbe,0,0,0,0,0,0,0,0,0,0
mangel,1,0,1,1,0,1,0,1,0,0
mango-,0,0,0,0,0,0,0,0,0,0
mangosteen,0,0,0,0,0,0,0,0,0,0
mannelijkheid,0,0,0,0,0,0,1,0,0,0
manie,0,0,0,0,0,1,0,0,0,0
maniac,1,0,0,1,0,1,0,0,0,0
maniakaal,0,0,0,0,0,1,0,0,0,0
manicure,0,0,0,0,0,0,0,0,0,0
manifest,0,0,0,0,0,0,0,0,0,0
manifestatie,0,0,0,1,0,0,0,0,0,0
gemanifesteerd,0,0,0,0,0,0,1,0,0,0
duidelijk,0,0,0,0,0,0,0,0,0,0
manifest,0,0,0,0,0,0,0,0,0,0
verdeelstuk,0,0,0,0,0,0,0,0,0,0
manipuleren,0,0,0,0,0,1,0,0,0,0
manipulatie,1,0,0,1,0,1,0,0,0,0
mensheid,0,0,0,0,0,0,0,0,0,0
mannelijk,0,0,0,0,0,0,1,0,0,0
manna,0,0,0,0,0,0,1,0,0,0
manier,0,0,0,0,0,0,0,0,0,0
gemanierd,0,0,0,0,0,0,1,0,0,0
manieren,0,0,0,0,0,0,1,0,0,0
landhuis,0,0,0,0,0,0,0,0,0,0
herenhuis,0,0,0,0,0,0,0,0,0,0
doodslag,1,0,1,1,0,1,0,1,1,0
mantel,0,0,0,0,0,0,0,0,0,0
handleiding,0,0,0,0,0,0,0,0,0,1
vervaardiging,0,0,0,0,0,0,0,0,0,0
fabrikant,0,0,0,0,0,0,1,0,0,0
mest,0,0,1,0,0,1,0,0,0,0
manuscript,0,0,0,0,0,0,0,0,0,0
kaart,0,0,0,0,0,0,0,0,0,0
mar,0,0,0,0,0,1,0,0,0,0
marmer,0,0,0,0,0,0,0,0,0,0
gemarmerd,0,0,0,0,0,0,0,0,0,0
knikkers,0,0,0,0,0,0,0,0,0,0
maart,0,0,0,0,0,0,1,0,0,0
merrie,0,0,0,0,0,0,0,0,0,0
marge,0,0,0,0,0,1,0,1,0,0
marginaal,0,0,0,0,0,0,0,0,0,0
marihuana,0,0,0,0,0,0,0,0,0,0
marinier,0,0,0,0,0,0,0,0,0,1
zeeman,0,0,0,0,0,0,0,0,0,0
maritiem,0,0,0,0,0,0,0,0,0,0
markering,0,0,0,0,0,0,0,0,0,0
gemarkeerd,0,0,0,0,0,0,1,0,0,0
markt,0,0,0,0,0,0,0,0,0,0
verhandelbaar,0,0,0,0,0,0,1,0,0,0
marktplaats,0,0,0,0,0,0,0,0,0,0
merken,0,0,0,0,0,0,0,0,0,0
mergel,0,0,0,0,0,0,0,0,0,0
marmelade,0,0,0,0,0,0,0,0,0,0
kastanjebruin,0,0,0,0,0,1,0,0,0,0
feesttent,0,0,0,0,0,0,0,0,0,0
markies,0,0,0,0,0,0,1,0,0,0
huwelijk,0,1,0,0,1,0,1,0,0,1
getrouwd,0,0,0,0,0,0,0,0,0,0
merg,0,0,0,0,1,0,1,0,0,1
trouwen,0,1,0,1,1,0,1,0,1,1
moeras,0,0,0,0,0,0,0,0,0,0
maarschalk,0,0,0,0,0,0,1,0,0,1
mart,0,0,0,0,0,0,0,0,0,0
krijgshaftig,1,0,0,0,0,0,0,0,0,0
martingaal,0,0,0,0,0,1,0,0,0,0
martelaar,0,0,0,1,0,1,0,1,0,0
martelaarschap,0,0,0,1,0,1,0,1,0,0
wonder,0,0,0,0,0,0,1,0,1,0
geweldig,0,0,0,0,1,0,1,0,0,0
wonderbaarlijk,0,0,0,0,1,0,1,0,0,0
mannelijk,0,0,0,0,0,0,1,0,0,0
mannelijkheid,0,0,0,0,0,0,0,0,0,0
puree,0,0,0,0,0,0,0,0,0,0
masker,0,0,0,0,0,0,0,0,0,0
masochisme,1,0,1,1,0,1,0,0,0,0
metselaar,0,0,0,0,0,0,0,0,0,0
maskerade,0,0,0,0,0,0,0,0,0,0
massa-,0,0,0,0,0,0,0,0,0,0
bloedbad,1,0,1,1,0,1,0,1,0,0
massage,0,0,0,0,1,0,1,0,0,0
enorm,0,0,0,0,0,0,0,0,0,0
meester,0,0,0,0,0,0,1,0,0,0
brein,0,0,0,0,0,0,0,0,0,0
meesterwerk,0,0,0,0,1,0,1,0,0,0
meesterschap,1,0,0,0,1,0,1,0,0,1
masturberen,0,0,0,0,0,0,0,0,0,0
masturbatie,0,0,0,0,0,0,0,0,0,0
mat,0,0,0,0,0,0,0,0,0,0
wedstrijd,0,0,0,0,0,0,0,0,0,0
passen bij,0,0,0,0,0,0,0,0,0,0
koppelaar,0,1,0,0,0,0,0,0,0,0
maat,0,0,0,0,0,0,1,0,0,1
materiaal,0,0,0,0,0,0,0,0,0,0
materialisme,0,0,0,0,0,1,0,0,0,0
materialist,0,0,1,0,0,1,0,0,0,0
materialistisch,0,0,0,0,0,0,0,0,0,0
materialiteit,0,0,0,0,0,0,0,0,0,0
materialiseren,0,0,0,0,0,0,0,0,0,0
materieel,0,0,0,0,0,0,0,0,0,0
materialen,0,0,0,0,0,0,0,0,0,0
materieel,0,0,0,0,0,0,0,0,0,0
moederlijk,0,1,0,0,0,1,1,0,0,0
moederschap,0,0,0,0,0,0,0,0,0,0
wiskundig,0,0,0,0,0,0,0,0,0,1
wiskundige,0,0,0,0,0,0,0,0,0,0
wiskunde,0,0,0,0,0,0,0,0,0,0
toelatingsexamen,0,0,0,0,0,0,0,0,0,0
huwelijk,0,1,0,0,1,0,1,0,0,1
Matrix,0,0,0,0,0,0,0,0,0,0
matrone,0,0,0,0,0,0,1,0,0,1
gematteerd,0,0,0,0,0,0,0,0,0,0
er toe doen,0,0,0,0,0,0,0,0,0,0
matten,0,0,0,0,0,0,0,0,0,0
matras,0,0,0,0,0,0,0,0,0,0
rijping,0,0,0,0,0,0,0,0,0,0
volwassenheid,0,0,0,0,0,0,0,0,0,0
mausoleum,0,0,0,0,0,0,0,1,0,0
mauve,0,0,0,0,0,0,0,0,0,0
Maxim,0,0,0,0,0,0,0,0,0,1
maximum,0,0,0,0,0,0,1,0,0,0
burgemeester,0,0,0,0,0,0,1,0,0,0
doolhof,0,0,0,0,0,0,0,0,0,0
mede,0,0,0,0,0,0,0,0,0,0
weide,0,0,0,0,0,0,1,0,0,0
maaltijd,0,0,0,0,0,0,0,0,0,0
dwalen,0,0,0,0,0,0,0,0,0,0
meanderend,0,0,0,0,0,1,0,0,0,0
betekenis,0,0,0,0,0,0,0,0,0,0
zinloos,0,0,0,0,0,1,0,1,0,0
middelen,0,0,0,0,0,0,0,0,0,0
ondertussen,0,0,0,0,0,0,0,0,0,0
mazelen,0,0,1,1,0,1,0,1,0,0
meetbaar,0,0,0,0,0,0,0,0,0,0
meeteenheid,0,0,0,0,0,0,0,0,0,1
gemeten,0,0,0,0,0,0,1,0,0,1
meting,0,0,0,0,0,0,0,0,0,0
meten,0,0,0,0,0,0,0,0,0,0
vlees,0,0,0,0,0,0,0,0,0,0
monteur,0,0,0,0,0,0,0,0,0,0
mechanisch,0,0,0,0,0,0,0,0,0,0
mechanisme,0,0,0,0,0,0,0,0,0,0
medaille,0,1,0,0,1,0,1,0,1,1
medaillon,0,0,0,0,0,0,0,0,0,0
medaillewinnaar,0,0,0,0,0,0,0,0,0,0
bemoeien met,1,0,0,0,0,1,0,0,0,0
bemoeienis,0,0,0,0,0,0,0,0,0,0
media,0,0,0,0,0,0,0,0,0,0
mediaal,0,0,0,0,0,0,0,0,0,0
mediaan-,0,0,0,0,0,0,0,0,0,0
bemiddelen,0,1,0,0,0,0,1,0,0,1
bemiddeling,0,0,0,0,0,0,1,0,0,0
bemiddelaar,0,1,0,0,0,0,1,0,0,1
medisch,0,1,0,1,0,0,1,0,0,1
medicinaal,0,0,0,0,0,0,0,0,0,0
geneesmiddel,0,0,0,0,0,0,0,0,0,0
middeleeuws,0,0,0,0,0,0,0,0,0,0
middelmatig,0,0,0,0,0,1,0,0,0,0
middelmatigheid,0,0,0,0,0,1,0,0,0,0
mediteren,0,1,0,0,1,0,1,0,0,1
meditatie,0,0,0,0,0,0,0,0,0,0
meditatief,0,0,0,0,0,0,0,0,0,0
mediterraan,0,0,0,0,0,0,1,0,0,0
medium,0,0,0,0,0,0,0,0,0,0
medley,0,0,0,0,0,0,1,0,0,0
bescheiden,0,0,0,0,0,0,0,1,0,0
voldoen aan,0,0,0,0,0,0,0,0,0,0
ontmoeting,0,0,0,0,0,0,0,0,0,0
melancholisch,0,0,0,0,0,1,0,1,0,0
melancholie,0,0,0,0,0,1,0,1,0,0
melee,0,0,0,1,0,1,0,0,0,0
melodieus,0,0,0,0,0,0,0,0,0,0
melodrama,1,0,0,0,0,1,0,1,0,0
melodramatisch,0,0,0,0,0,0,0,0,0,0
melodie,0,0,0,0,0,0,0,0,0,0
smelten,0,0,0,0,0,0,0,0,0,0
kernsmelting,0,0,0,0,0,1,0,1,0,0
smeltend,0,0,0,0,0,0,0,0,0,0
lid,0,0,0,0,0,0,0,0,0,0
membraan,0,0,0,0,0,0,0,0,0,0
aandenken,0,0,0,0,0,0,1,0,0,0
memo,0,0,0,0,0,0,0,0,0,0
memoires,0,0,0,0,0,0,0,0,0,0
memorabilia,0,0,0,0,0,0,0,0,0,0
gedenkwaardig,0,0,0,0,1,0,1,0,1,1
memorandum,0,0,0,0,0,0,0,0,0,0
gedenkteken,0,0,0,0,0,0,0,0,0,0
gedenktekens,0,0,0,0,0,0,0,1,0,0
memoriseren,0,0,0,0,0,0,0,0,0,0
geheugen,0,0,0,0,0,0,0,0,0,0
bedreiging,1,0,0,1,0,1,0,0,0,0
dreigend,1,0,0,1,0,1,0,0,0,0
menagerie,0,0,0,0,0,0,0,0,0,0
herstellen,0,0,0,0,0,0,0,0,0,0
herstellen,0,0,0,0,0,0,1,0,0,0
ondergeschikt,0,0,0,0,0,1,0,0,0,0
meniscus,0,0,0,0,0,0,0,0,0,0
menstruatie,0,0,0,0,0,0,1,0,0,0
menstruatie-,0,0,0,0,0,0,0,0,0,0
mentaal,0,0,0,0,0,0,0,0,0,0
noemen,0,0,0,0,0,0,0,0,0,0
mentor,0,0,0,0,0,0,1,0,0,1
menu,0,0,0,0,0,0,0,0,0,0
mauw,0,0,0,0,0,0,0,0,0,0
mercantiele,0,0,0,0,0,0,0,0,0,0
huurling,0,0,0,1,0,1,0,0,0,0
handelswaar,0,0,0,0,0,0,0,0,0,0
handelaar,0,0,0,0,0,0,0,0,0,1
barmhartig,0,0,0,0,0,0,1,0,0,0
genadeloos,0,0,0,1,0,1,0,0,0,0
mercurial,0,0,0,0,0,0,0,0,0,0
genade,0,0,0,0,0,0,1,0,0,0
alleen maar,0,0,0,0,0,0,0,0,0,0
samenvoegen,0,1,0,0,0,0,1,0,0,0
meridiaan,0,0,0,0,0,0,0,0,0,0
meridionale,0,0,0,0,0,0,0,0,0,0
verdienste,0,0,0,0,0,0,1,0,0,1
verdienstelijk,0,0,0,0,1,0,1,0,0,1
meermin,0,0,0,0,0,0,0,0,0,0
vrolijkheid,0,0,0,0,1,0,1,0,1,0
vrolijk,0,0,0,0,1,0,1,0,0,0
mesa,0,0,0,0,0,0,0,0,0,0
mesh,0,0,0,0,0,0,0,0,0,0
mazen,0,0,0,0,0,0,0,0,0,0
gebiologeerd,0,0,0,0,0,0,0,0,0,0
troep,0,0,1,0,0,1,0,0,0,0
bericht,0,0,0,0,0,0,0,0,0,0
boodschapper,0,0,0,0,0,0,0,0,0,1
rommelig,0,0,1,0,0,1,0,0,0,0
metabolisme,0,0,0,0,0,0,0,0,0,0
metaal,0,0,0,0,0,0,0,0,0,0
metallurgie,0,0,0,0,0,0,0,0,0,0
metamorfose,0,0,0,0,0,0,0,0,0,0
metafoor,0,0,0,0,0,0,0,0,0,0
metaforisch,0,0,0,0,0,0,0,0,0,0
metafysisch,0,0,0,0,0,0,0,0,0,0
metafysica,0,0,0,0,0,0,0,0,0,0
metastase,0,0,0,0,0,1,0,0,0,0
meteoor,0,0,0,0,0,0,0,0,0,0
meteorisch,0,0,0,0,0,0,0,0,0,0
meteoriet,0,0,0,0,0,0,0,0,0,0
meteorologisch,0,0,0,0,0,0,0,0,0,0
meteorologie,0,0,0,0,0,0,0,0,0,0
meter,0,0,0,0,0,0,0,0,0,0
methanol,0,0,0,0,0,1,0,0,0,0
methode,0,0,0,0,0,0,0,0,0,0
methodisch,0,0,0,0,0,0,0,0,0,0
zorgvuldig,0,0,0,0,0,0,0,0,0,0
metriek,0,0,0,0,0,0,0,0,0,0
metrisch,0,0,0,0,0,0,0,0,0,0
metrologie,0,0,0,0,0,0,0,0,0,0
metropolis,0,0,0,0,0,0,0,0,0,0
grootstedelijke,0,0,0,0,0,0,1,0,0,0
moed,0,0,0,0,0,0,1,0,0,0
miauw,0,0,0,0,0,0,0,0,0,0
mica-,0,0,0,0,0,0,0,0,0,0
Mick,0,0,0,0,0,0,0,0,0,0
microbe,0,0,0,0,0,0,0,0,0,0
microbiologie,0,0,0,0,0,0,0,0,0,0
microkosmos,0,0,0,0,0,0,0,0,0,0
microgram,0,0,0,0,0,0,0,0,0,0
micrometer,0,0,0,0,0,0,0,0,0,0
micron,0,0,0,0,0,0,0,0,0,0
microfoon,0,0,0,0,0,0,0,0,0,0
microscoop,0,0,0,0,0,0,0,0,0,1
microscopisch,0,0,0,0,0,0,0,0,0,0
microscopisch,0,0,0,0,0,0,0,0,0,0
microscopie,0,0,0,0,0,0,1,0,0,0
midden,0,0,0,0,0,0,0,0,0,0
middag,0,0,0,0,0,0,0,0,0,0
midden-,0,0,0,0,0,0,0,0,0,0
tussenpersoon,0,0,0,0,0,0,0,0,0,0
middenland,0,0,0,0,0,0,0,0,0,0
middernacht,0,0,0,0,0,0,0,0,0,0
midden,0,0,0,0,0,0,0,0,0,0
midzomer,0,0,0,0,0,0,0,0,0,0
halverwege,0,0,0,0,0,0,0,0,0,0
verloskundige,0,1,0,0,1,1,1,0,0,1
verloskunde,0,0,0,0,0,0,1,0,0,0
mien,0,0,0,0,0,0,0,0,0,0
machtig,1,0,0,1,1,0,1,0,0,1
migreren,0,0,0,0,0,0,0,0,0,0
migratie,0,0,0,0,0,0,0,0,0,0
migrerend,0,0,0,0,0,0,0,0,0,0
Mike,0,0,0,0,0,0,0,0,0,0
meeldauw,0,0,1,0,0,1,0,0,0,0
mijl,0,0,0,0,0,0,0,0,0,0
kilometerstand,0,0,0,0,0,0,0,0,0,0
mijlpaal,0,0,0,0,0,0,0,0,0,0
militant,0,0,0,0,0,0,0,0,0,0
leger,0,0,0,1,0,0,0,0,0,0
militie,1,0,0,1,0,1,0,1,0,0
melk,0,0,0,0,0,0,0,0,0,0
melkachtig,0,0,0,0,0,0,0,0,0,0
molen,0,1,0,0,0,0,0,0,0,0
millennium,0,0,0,0,0,0,0,0,0,0
milligram,0,0,0,0,0,0,0,0,0,0
millimeter,0,0,0,0,0,0,0,0,0,0
miljoen,0,0,0,0,0,0,0,0,0,0
miljonair,0,0,0,0,0,0,0,0,0,0
mime,0,0,0,0,0,0,1,0,0,0
nabootsen,0,0,0,0,0,0,0,0,0,0
nabootsen,0,0,0,0,0,0,0,0,0,0
mimicry,0,0,0,0,0,1,0,0,1,0
verstand,0,0,0,0,0,0,0,0,0,0
geestig,0,0,0,0,0,0,0,0,0,0
bewust,0,0,0,0,0,0,1,0,0,0
opmerkzaamheid,0,0,0,0,0,0,1,0,0,0
de mijne,0,0,0,0,0,0,0,0,0,0
mijnwerker,0,0,0,0,0,0,0,0,0,0
mineraal,0,0,0,0,0,0,0,0,0,0
mineralogie,0,0,0,0,0,0,0,0,0,0
mengen,0,0,0,0,0,0,0,0,0,0
vermengd,0,0,0,0,0,0,0,0,0,0
miniatuur,0,0,0,0,0,0,0,0,0,0
minibus,0,0,0,0,0,0,0,0,0,0
minimaal,0,0,0,0,0,0,0,0,0,0
minimaliseren,0,0,0,0,0,1,0,0,0,0
minimum,0,0,0,0,0,1,0,0,0,0
minister,0,0,0,0,0,0,0,0,0,0
ministeriële,0,0,0,0,0,0,0,0,0,0
ministerie,0,0,0,0,1,0,1,0,0,1
busje,0,0,0,0,0,0,0,0,0,0
voorn,0,0,0,0,0,0,0,0,0,0
minderjarige,0,0,0,0,0,0,0,0,0,0
minderheid,0,0,0,0,0,1,0,0,0,0
minstreel,0,0,0,0,0,0,0,0,0,0
munt,0,0,0,0,0,0,0,0,0,0
minuscuul,0,0,0,0,0,0,0,0,0,0
minuut,0,0,0,0,0,0,0,0,0,0
minutiae,0,0,0,0,0,0,0,0,0,0
mir,0,0,0,0,0,0,0,0,0,0
wonder,0,1,0,0,1,0,1,0,1,1
wonderbaarlijk,0,0,0,0,1,0,1,0,1,0
luchtspiegeling,0,0,0,0,0,0,0,0,0,0
slijk,0,0,1,0,0,1,0,0,0,0
spiegel,0,0,0,0,0,0,0,0,0,0
vrolijkheid,0,0,0,0,1,0,1,0,0,0
verduistering,0,0,0,0,0,0,0,0,0,0
wangedrag,1,0,1,0,0,1,0,0,1,0
miskraam,0,0,0,1,0,1,0,1,0,0
Diversen,0,0,0,0,0,0,0,0,0,0
diversen,0,0,0,0,0,0,0,0,0,0
baldadigheid,0,0,0,0,0,1,0,0,0,0
ondeugend,0,0,0,0,0,1,0,0,0,0
misvatting,1,0,1,1,0,1,0,0,0,0
wangedrag,0,0,1,0,0,1,0,0,0,0
misdrijf,0,0,0,0,0,0,0,0,0,0
miserabel,1,0,1,0,0,1,0,1,0,0
jammerlijk,0,0,0,0,0,1,0,1,0,0
ellende,1,0,1,1,0,1,0,1,0,0
tegenslag,0,0,0,1,0,1,0,1,0,0
misleid,0,0,1,0,0,1,0,0,0,0
ongeluk,0,0,1,1,0,1,0,1,1,0
verkeerd geinformeerd,0,0,0,0,0,0,0,0,0,0
verkeerde interpretatie,0,0,0,0,0,1,0,0,0,0
misleiden,1,0,0,1,0,1,0,0,0,1
misleidend,1,0,1,0,0,1,0,0,0,0
wanbeheer,0,0,0,0,0,1,0,0,0,0
mismatch,0,0,0,0,0,1,0,0,0,0
niet-overeenkomend,0,0,0,0,0,0,0,0,0,0
verkeerde benaming,0,0,0,0,0,1,0,0,0,0
misplaatsen,1,0,1,0,0,1,0,0,0,0
misplaatst,0,0,0,0,0,1,0,0,0,0
verkeerde voorstelling van zaken,0,0,0,0,0,1,0,0,0,0
verkeerde voorstelling van zaken,0,0,0,0,0,1,0,1,0,0
verkeerd voorgesteld,1,0,0,0,0,1,0,0,0,0
missen,0,0,0,0,0,0,0,0,0,0
raket,0,0,0,1,0,0,0,0,0,0
missend,0,0,0,1,0,1,0,1,0,0
missie,0,0,0,0,0,0,0,0,0,0
missionaris,0,0,0,0,0,0,1,0,0,0
onjuistheid,1,0,1,0,0,1,0,0,0,0
de nevel,0,0,0,0,0,0,0,0,0,0
vergissing,0,0,0,0,0,1,0,1,0,0
vergis je,0,0,0,1,0,1,0,0,0,0
meneer,0,0,0,0,0,0,0,0,0,0
meesteres,1,0,1,0,0,1,0,0,0,0
wantrouwen,0,0,1,1,0,1,0,0,0,0
nevelig,0,0,0,0,0,0,0,0,0,0
verkeerd begrijpen,0,0,0,0,0,1,0,0,0,0
misverstand,1,0,0,0,0,1,0,1,0,0
misbruik,0,0,0,0,0,1,0,0,0,0
mijt,0,0,1,0,0,1,0,0,0,0
mijter,0,0,0,0,0,0,0,0,0,0
verzachting,0,0,0,0,0,0,0,0,0,0
mengen,0,0,0,0,0,0,0,0,0,0
gemengd,0,0,0,0,0,0,0,0,0,0
mengsel,0,0,0,0,0,0,0,0,0,0
klagen,0,0,0,1,0,0,0,1,0,0
gracht,0,0,0,0,0,0,0,0,0,1
menigte,1,0,0,1,0,1,0,0,0,0
mobiel,0,1,0,0,0,0,0,0,0,0
mobiliteit,0,0,0,0,0,0,0,0,0,0
mobilisatie,0,0,0,0,0,0,0,0,0,0
mobiliseren,0,0,0,0,0,0,0,0,0,0
spot,0,0,1,0,0,1,0,0,0,0
bespotten,1,0,1,0,0,1,0,1,0,0
modaal,0,0,0,0,0,0,0,0,0,0
modaliteit,0,0,0,0,0,0,0,0,0,0
modus,0,0,0,0,0,0,0,0,0,0
model-,0,0,0,0,0,0,1,0,0,0
modelleur,0,0,0,0,0,0,0,0,0,0
gematigd,0,0,0,0,0,0,1,0,0,0
matig,0,0,0,0,0,0,0,0,0,0
modereren,0,0,0,0,0,0,0,0,0,0
met mate,0,0,0,0,0,0,0,0,0,0
moderator,0,0,0,0,0,0,1,0,0,1
modern,0,0,0,0,0,0,0,0,0,0
modernisme,0,0,0,0,0,0,0,0,0,0
bescheiden,0,0,0,0,0,0,1,0,0,1
bescheidenheid,0,0,0,0,0,0,1,0,0,0
beetje,0,0,0,0,0,0,0,0,0,0
aanpasbaar,0,0,0,0,0,0,0,0,0,0
wijziging,0,0,0,0,0,0,0,0,0,0
gewijzigd,0,0,0,0,0,0,0,0,0,0
bewerken,0,0,0,0,0,0,0,0,1,0
moduleren,0,0,0,0,0,0,0,0,0,0
modulatie,0,0,0,0,0,0,0,0,0,0
module,0,0,0,0,0,0,0,0,0,0
modulus,0,0,0,0,0,0,0,0,0,0
mogul,0,0,0,0,0,0,0,0,0,0
deel,0,0,0,0,0,0,0,0,0,0
vochtig,0,0,0,0,0,0,0,0,0,0
vocht,0,0,0,0,0,0,0,0,0,0
kies,0,0,0,0,0,0,0,0,0,0
stroop,0,0,0,0,0,0,0,0,0,0
gietvorm,0,0,0,0,0,0,0,0,0,0
gegoten,0,0,0,0,0,0,0,0,0,0
gieten,0,0,0,0,0,0,0,0,0,0
beschimmeld,0,0,0,0,0,0,0,0,0,0
moleculair,0,0,0,0,0,0,0,0,0,0
molecuul,0,0,0,0,0,0,0,0,0,0
molestering,1,0,1,1,0,1,0,1,0,0
gesmolten,0,0,0,0,0,0,0,0,0,0
moment,0,0,0,0,0,0,0,0,0,0
kortstondig,0,0,0,0,0,0,0,0,0,0
gewichtig,0,0,0,0,0,0,0,0,0,0
momentum,0,1,0,0,0,0,1,0,0,0
monade,0,0,0,0,0,0,0,0,0,0
monarch,0,0,0,0,0,0,0,0,0,0
monarchie,0,0,0,0,0,0,0,0,0,0
klooster,0,0,0,0,0,0,0,0,0,0
kloosterlijk,0,0,0,0,0,0,0,0,0,0
monetair,0,1,0,0,0,0,1,0,0,0
geld,1,1,0,0,1,0,1,0,1,1
monnik,0,0,0,0,0,0,1,0,0,1
aap,0,0,0,0,0,0,0,0,0,0
monochroom,0,0,1,0,0,1,0,0,0,0
monogamie,0,0,0,0,0,0,0,0,0,1
monogram,0,0,0,0,0,0,0,0,0,0
monografie,0,0,0,0,0,0,0,0,0,0
monolaag,0,0,0,0,0,0,0,0,0,0
monoloog,0,0,0,0,0,0,0,0,0,0
monopolist,0,0,0,0,0,1,0,0,0,0
Monopoly,0,0,0,0,0,0,0,0,0,0
eentonigheid,0,0,0,0,0,0,0,0,0,0
moesson,0,0,0,0,0,1,0,1,0,0
monster,0,0,0,1,0,1,0,0,0,0
monsterachtigheid,1,0,1,1,0,1,0,0,1,0
monte,0,0,0,0,0,0,0,0,0,0
maand,0,0,0,0,0,0,0,0,0,0
maandelijks,0,0,0,0,0,0,0,0,0,0
monument,0,0,0,0,0,0,1,0,0,0
monumentaal,0,0,0,0,0,0,0,0,0,0
loeien,0,0,0,0,0,0,0,0,0,0
stemmingen,0,0,0,0,0,0,0,0,0,0
humeurig,1,0,0,0,0,1,0,1,0,0
maan,0,0,0,0,0,0,0,0,0,0
maanlicht,0,0,0,0,0,0,0,0,0,0
afgemeerd,0,0,0,0,0,0,0,0,0,0
aanmeren,0,0,0,0,0,0,0,0,0,0
aanlegsteigers,0,0,0,0,0,0,0,0,0,1
heide,0,0,0,0,0,0,0,0,0,0
eland,0,0,0,0,0,0,0,0,0,0
hypothetisch,0,0,0,0,0,1,0,0,0,0
geopperd,0,0,0,0,0,0,0,0,0,0
dweil,0,0,0,0,0,0,0,0,0,0
Moreel,1,0,0,0,0,0,1,0,0,1
moraliteit,0,0,0,0,0,0,1,0,0,1
moraal,1,1,1,0,1,0,1,0,1,1
moeras,0,0,0,0,0,0,0,0,0,0
moratorium,0,0,0,0,0,0,0,0,0,0
morbide,0,0,0,0,0,1,0,1,0,0
ziektecijfers,1,0,1,1,0,1,0,1,0,0
lijkenhuis,0,0,1,1,0,1,0,1,0,0
stervende,0,0,0,0,0,1,0,1,0,0
morgen,0,1,0,0,0,0,0,0,0,0
ochtend,0,0,0,0,0,0,0,0,0,0
idioot,0,0,0,0,0,1,0,0,0,0
idioot,0,0,0,0,0,1,0,0,0,0
morfine,0,0,0,0,0,0,0,0,0,0
morfisme,0,0,0,0,0,0,0,0,0,0
morfologie,0,0,0,0,0,0,0,0,0,0
morgen,0,1,0,0,0,0,0,0,0,0
hap,0,0,0,0,0,1,0,0,0,0
sterveling,0,0,0,0,0,1,0,0,0,0
sterfte,1,0,0,1,0,1,0,1,0,0
Mortier,0,0,0,0,0,0,1,0,0,0
hypotheek,0,0,0,1,0,0,0,0,0,0
hypotheekhouder,0,0,0,0,0,0,0,0,0,1
hypotheekgever,0,0,0,1,0,0,0,0,0,0
versterving,0,1,1,1,0,1,0,1,0,0
mortuarium,0,0,0,1,0,1,0,1,0,0
mozaïek-,0,0,0,0,0,0,0,0,0,0
mug,1,0,1,0,0,1,0,0,0,0
mos,0,0,0,0,0,0,0,0,0,0
bemoste,0,0,0,0,0,0,0,0,0,0
splinter,0,0,0,0,0,0,0,0,0,0
mot,0,0,0,0,0,0,0,0,0,0
moeder,0,1,0,0,1,1,1,1,0,1
moederschap,0,0,0,0,1,0,1,0,0,1
beweging,0,1,0,0,0,0,0,0,0,0
roerloos,0,0,0,0,0,0,0,0,0,0
motief,0,0,0,0,0,0,1,0,0,0
bont,0,0,0,0,0,0,0,0,0,0
motor,0,0,0,0,0,0,0,0,0,0
motor,0,0,0,0,0,0,0,0,0,0
motorfiets,0,0,0,0,0,0,0,0,0,0
motte,0,0,0,0,0,0,0,0,0,0
gevlekt,0,0,0,0,0,0,0,0,0,0
motto,0,0,0,0,0,0,0,0,0,0
gietvorm,0,0,0,0,0,0,0,0,0,0
heuvel,0,0,0,0,0,0,0,0,0,0
monteren,0,0,0,0,0,0,0,0,0,0
berg,0,1,0,0,0,0,0,0,0,0
bergbeklimmer,0,0,0,0,0,0,0,0,0,0
bergachtig,0,0,0,0,0,0,0,0,0,0
rouwen,0,0,0,0,0,1,0,1,0,0
treurig,1,0,0,1,0,1,0,1,0,0
rouwen,0,0,0,0,0,1,0,1,0,0
muis,0,0,0,0,0,0,0,0,0,0
snor,0,0,0,0,0,0,0,0,0,0
mond,0,0,0,0,0,0,0,0,1,0
mondvol,0,0,1,0,0,0,0,0,0,0
mondstuk,0,0,0,0,0,0,0,0,0,0
roerend,0,0,0,0,0,0,1,0,0,0
Actie,0,0,0,0,0,0,0,0,0,0
beweging,0,0,0,0,0,0,0,0,0,0
verhuizer,0,0,0,0,0,0,1,0,0,0
film,0,0,0,0,0,0,0,0,0,0
in beweging,0,0,0,0,0,0,0,0,0,0
maaien,0,0,0,0,0,0,0,0,0,0
modderen,0,0,1,0,0,1,0,0,0,0
slijm-,0,0,1,0,0,0,0,0,0,0
slijm,0,0,1,0,0,0,0,0,0,0
modder,0,0,0,0,0,1,0,0,0,0
warboel,0,0,0,0,0,1,0,0,0,0
verward,0,0,0,0,0,1,0,0,0,0
modderig,0,0,1,0,0,1,0,0,0,0
mof,1,0,1,0,0,1,0,0,0,0
gedempt,0,0,0,0,0,0,0,0,0,0
geluiddemper,0,0,0,0,0,0,0,0,0,0
mok,1,0,0,1,0,1,1,1,0,0
muilezel,1,0,0,0,0,1,0,0,0,1
multilateraal,0,0,0,0,0,0,0,0,0,0
meerdere,0,0,0,0,0,0,0,0,0,0
multiplex,0,0,0,0,0,0,0,0,0,0
vermenigvuldiging,0,0,0,0,0,0,0,0,0,0
veelheid,0,0,0,0,0,0,0,0,0,0
vermenigvuldigd,0,0,0,0,0,0,0,0,0,0
vermenigvuldiger,0,0,0,0,0,0,0,0,0,0
vermenigvuldigen,0,0,0,0,0,0,0,0,0,0
veelheid,0,0,0,0,0,0,0,0,0,0
mamma,0,0,0,1,0,1,0,0,0,0
mompelen,0,0,0,0,0,1,0,0,0,0
mama,0,0,0,0,0,0,0,0,0,0
bof,0,0,0,0,0,1,0,0,0,0
knabbelen,0,0,0,0,0,0,0,0,0,0
mondain,0,0,0,0,0,0,0,0,0,0
gemeentelijk,0,0,0,0,0,0,0,0,0,0
gemeente,0,0,0,0,0,0,0,0,0,0
muurschildering,0,0,0,0,0,0,0,0,0,0
moord,1,0,1,1,0,1,0,1,1,0
moordenaar,1,0,1,1,0,1,0,1,0,0
moorddadig,1,0,1,1,0,1,0,1,1,0
troebel,0,0,1,0,0,1,0,1,0,0
mompelen,0,0,0,0,0,0,0,0,0,0
spier,0,0,0,0,0,0,0,0,0,0
gespierd,0,0,0,0,0,0,1,0,0,0
muze,0,0,0,0,0,0,0,0,0,0
muzen,0,0,0,0,0,0,0,0,0,0
museum,0,0,0,0,0,0,0,0,0,0
brij,0,0,0,0,0,0,0,0,0,0
paddestoel,0,0,0,0,0,0,0,0,0,0
muziek,0,0,0,0,1,0,1,1,0,0
muzikaal,1,1,0,0,1,0,1,1,1,1
musicus,0,0,0,0,0,0,0,0,0,0
mijmerend,0,0,0,0,0,0,0,0,0,0
muskus,0,0,0,0,0,0,0,0,0,0
musket,0,0,0,1,0,0,0,0,0,0
mousseline,0,0,0,0,0,0,0,0,0,0
muss,0,0,0,0,0,1,0,0,0,0
mustang,0,0,0,0,0,0,0,0,0,0
mosterd-,0,0,0,0,0,0,0,0,0,0
opbrengen,0,0,0,0,0,0,0,0,0,0
muf,0,0,1,0,0,1,0,0,0,0
veranderlijk,0,1,0,0,0,0,1,0,0,0
gemuteerd,0,0,0,0,0,1,0,0,0,0
mutatie,0,0,0,0,0,0,0,0,0,0
verminkt,0,0,1,0,0,1,0,0,0,0
verminking,1,0,1,1,0,1,0,1,0,0
muiterij,1,0,1,1,0,1,0,0,1,0
mompelen,1,0,0,0,0,1,0,0,0,0
schapenvlees,0,0,0,0,0,0,0,0,0,0
wederzijds,0,0,0,0,0,0,1,0,0,0
onderling,0,0,0,0,0,0,0,0,0,0
uiteinde van een loop,0,0,0,1,0,1,0,0,0,0
bijziendheid,1,0,0,0,0,1,0,1,0,0
kortzichtig,0,0,0,0,0,0,0,0,0,0
veelvoud,0,0,0,0,0,0,0,0,0,0
mysterieus,0,1,0,1,0,0,0,0,1,0
mysterie,0,1,0,0,0,0,0,0,1,0
mysticus,0,0,0,0,0,0,0,0,1,0
mystiek,0,0,0,0,0,0,0,0,0,0
mystiek,0,0,0,0,0,0,0,0,0,0
mythe,0,0,0,0,0,0,0,0,0,0
mythisch,0,0,0,0,0,0,0,0,0,0
mythisch,0,0,0,0,0,0,0,0,0,0
mythologisch,0,0,0,0,0,0,0,0,0,0
mythologie,0,0,0,0,0,0,0,0,0,0
nab,0,0,0,0,0,1,0,0,1,0
nadir,0,0,0,0,0,1,0,0,0,0
zeuren,1,0,0,0,0,1,0,0,0,0
nagel,0,0,0,0,0,0,0,0,0,0
naief,0,0,0,0,0,1,0,0,0,0
naakt,0,0,0,0,0,0,0,0,0,0
genaamd,0,0,0,0,0,0,0,0,0,0
naamloos,0,0,1,0,0,1,0,0,0,0
naamgenoot,0,0,0,0,0,0,0,0,0,0
naamgeving,0,0,0,0,0,0,0,0,0,0
oppas,0,0,0,0,0,0,0,0,0,0
nanometer,0,0,0,0,0,0,0,0,0,0
dutje,0,0,0,0,1,0,1,0,0,0
nek,0,0,0,0,0,0,0,0,0,0
servet,0,0,0,0,0,0,0,1,0,0
dutten,0,0,0,0,0,0,0,0,0,0
luier,0,0,1,0,0,1,0,0,0,0
verdovend middel,0,0,0,0,0,1,0,0,0,0
vertellen,0,0,0,0,0,0,0,0,0,0
overlevering,0,0,0,0,0,0,0,0,0,0
verhaal,0,0,0,0,0,0,0,0,0,0
verteller,0,0,0,0,0,0,0,0,0,0
smal,0,0,0,0,0,0,0,0,0,0
vernauwing,0,0,0,0,0,0,0,0,0,0
ontluikend,0,1,0,0,0,0,0,0,0,0
vervelend,1,0,1,1,0,1,0,1,0,0
geboorte,0,0,0,0,0,0,0,0,0,0
natie,0,0,0,0,0,0,0,0,0,1
nationaal,0,0,0,0,0,0,0,0,0,0
nationaliteit,0,0,0,0,0,0,0,0,0,0
oorspronkelijk,0,0,0,0,0,0,0,0,0,0
kerststal,0,0,0,0,0,0,0,0,0,0
naturalist,0,0,0,0,0,0,1,0,0,0
naturalisatie,0,0,0,0,0,0,0,0,0,0
genaturaliseerd,0,0,0,0,0,0,0,0,0,0
van nature,0,0,0,0,0,0,0,0,0,0
natuur,0,0,0,0,0,0,0,0,0,0
niets,0,0,0,0,0,0,0,0,0,0
ondeugend,0,0,0,0,0,1,0,0,0,0
misselijkheid,0,0,1,0,0,1,0,0,0,0
misselijk,0,0,1,0,0,1,0,1,0,0
nautisch,0,0,0,0,0,0,0,0,0,0
marine,0,0,0,0,0,0,0,0,0,0
schip,0,0,0,0,0,0,0,0,0,0
navel,0,0,0,0,0,0,0,0,0,0
bevaarbaar,0,1,0,0,0,0,1,0,0,0
navigeren,0,0,0,0,0,0,0,0,0,0
navigatie,0,0,0,0,0,0,0,0,0,0
navigator,0,1,0,0,0,0,0,0,0,1
marine,0,0,0,0,0,0,0,0,0,0
nee,0,0,0,0,0,1,0,0,0,0
netjes,0,0,0,0,0,0,1,0,0,0
nevel,0,0,0,0,0,0,0,0,0,0
nevels,0,0,0,0,0,0,0,0,0,0
vaag,0,0,0,0,0,0,0,0,0,0
nodig,0,0,0,0,0,0,0,0,0,0
nodig hebben,0,0,0,0,0,0,0,0,0,0
benodigdheden,0,0,0,0,0,0,0,0,0,0
noodzaak,0,0,0,0,0,0,0,1,0,0
nek,0,0,0,0,0,0,0,0,0,0
ketting,0,0,0,0,0,0,0,0,0,0
necrose,0,0,0,0,0,0,0,0,0,0
nectar,0,0,0,0,0,0,1,0,0,0
nodig,0,0,0,0,0,1,0,0,0,0
naald-,0,0,0,0,0,0,1,0,0,0
onnodig,0,0,0,0,0,0,0,0,0,0
behoeftig,0,0,0,0,0,1,0,0,0,0
schandelijk,0,0,1,1,0,1,0,1,1,0
negatie,1,0,0,0,0,1,0,0,0,0
negatief,0,0,0,0,0,1,0,1,0,0
verwaarlozen,0,0,0,0,0,1,0,0,0,0
verwaarloosd,1,0,1,0,0,1,0,1,0,0
verwaarlozen,0,0,0,0,0,1,0,0,0,0
nalatigheid,0,0,0,0,0,1,0,0,0,0
nalatig,0,0,0,0,0,1,0,0,0,0
onachtzaam,0,0,0,0,0,1,0,0,0,0
verwaarloosbaar,0,0,0,0,0,0,0,0,0,0
onderhandelen,0,0,0,0,0,0,1,0,0,1
onderhandeling,0,0,0,0,0,0,0,0,0,0
onderhandelaar,0,0,0,0,0,0,1,0,0,0
neger,0,0,0,0,0,1,0,1,0,0
hinniken,0,0,0,0,0,0,0,0,0,0
buurman,0,1,0,0,0,0,1,0,0,1
buurt,0,1,0,0,0,0,0,0,0,0
naburig,0,0,0,0,0,0,0,0,0,0
neonatale,0,0,0,0,0,0,0,0,0,0
neofiet,0,0,0,0,0,0,0,0,0,0
neopreen,0,0,0,0,0,0,0,0,0,0
neef,0,0,0,0,0,0,0,0,0,0
nepotisme,1,0,1,0,0,1,0,1,0,0
zenuw,0,0,0,0,0,0,1,0,0,0
zenuwachtig,0,1,0,1,0,1,0,0,0,0
nervositeit,0,0,0,1,0,0,0,0,0,0
ness,0,0,0,0,0,0,0,0,0,0
nest,0,0,0,0,0,0,0,0,0,1
nestelen,0,0,0,0,0,0,1,0,0,1
genesteld,0,0,0,0,0,0,0,0,0,0
netto-,0,0,0,0,0,0,0,0,0,0
onder,1,0,0,1,0,1,0,1,0,0
netten,0,0,0,0,0,0,0,0,0,0
brandnetel,1,0,1,0,0,1,0,0,0,0
netwerk,0,1,0,0,0,0,0,0,0,0
neuralgie,0,0,0,1,0,1,0,1,0,0
neurologie,0,0,0,0,0,0,0,0,0,0
neurose,0,0,0,1,0,1,0,1,0,0
neurotisch,0,0,1,1,0,1,0,0,0,0
onzijdig,0,0,0,0,0,0,0,0,0,0
neutrale,0,1,0,0,0,0,0,0,0,1
neutraliteit,0,0,0,0,0,0,0,0,0,1
neutraliseren,0,0,0,0,0,0,0,0,0,0
pasgeboren,0,0,0,0,0,0,0,0,0,0
nieuwkomer,0,0,0,1,0,0,0,0,1,0
nieuw,0,0,0,0,0,0,0,0,0,0
nieuwheid,0,0,0,0,0,0,0,0,0,0
nieuws,0,0,0,0,0,0,0,0,0,0
krant-,0,0,0,0,0,0,0,0,0,0
kiosk,0,0,0,0,0,0,0,0,0,0
punt,0,0,0,0,0,0,0,0,0,0
knabbelen,0,0,0,0,0,0,0,0,0,0
niche,0,0,0,0,0,0,0,0,0,0
nachten,0,0,0,0,0,0,0,0,0,0
Nick,0,0,0,0,0,0,0,0,0,0
nikkel,0,0,0,0,0,0,0,0,0,0
bijnaam,0,0,0,0,0,0,0,0,0,0
nicotine,0,0,1,0,0,1,0,0,0,0
nicht,0,0,0,0,0,0,0,0,0,0
nabij,0,0,0,0,0,0,0,0,0,0
nacht,0,0,0,0,0,0,0,0,0,0
vallen van de avond,0,0,0,0,0,0,0,0,0,0
nachtegaal,0,0,0,0,0,0,0,0,0,0
nachtmerrie,0,0,0,1,0,1,0,0,0,0
nihilisme,0,0,0,0,0,1,0,0,0,0
nul,0,0,0,0,0,0,0,0,0,0
vlot,0,0,0,0,0,0,0,0,0,0
negentig,0,0,0,0,0,0,0,0,0,0
negende,0,0,0,0,0,0,0,0,0,0
kneep,0,0,0,0,0,0,0,0,0,0
tepel,0,0,0,0,0,0,0,0,0,0
nix,0,0,0,0,0,0,0,0,0,0
adel,0,1,0,0,0,0,1,0,0,1
edele,0,0,0,0,0,0,1,0,0,1
edelman,0,0,0,0,0,0,1,0,0,1
nachtelijk,0,0,0,0,0,0,0,0,0,0
knikken,0,0,0,0,0,0,0,0,0,0
knikken,0,0,0,0,0,0,0,0,0,0
knooppunt,0,0,0,0,0,0,0,0,0,0
nodulair,0,0,0,0,0,0,0,0,0,0
knobbeltje,0,0,0,0,0,0,0,0,0,0
lawaai,0,0,0,0,0,1,0,0,0,0
luidruchtig,1,0,0,0,0,1,0,0,0,0
nomade,0,0,0,0,0,0,0,0,0,0
nomadisch,0,0,0,0,0,0,0,0,0,0
nomenclatuur,0,0,0,0,0,0,0,0,0,0
nominaal,0,0,0,0,0,0,0,0,0,0
nomineren,0,0,0,0,0,0,0,0,0,0
voordracht,0,0,0,0,0,0,1,0,0,0
genomineerde,0,0,0,0,0,0,0,0,0,0
nonce,0,0,0,0,0,0,0,0,0,0
niet-naleving,1,1,0,1,0,1,0,1,0,0
onopvallend,0,0,0,0,0,0,0,0,0,0
niet bestaand,0,0,0,0,0,0,0,0,0,0
wanbetaling,0,0,0,0,0,0,0,0,0,0
niet-ingezetene,0,0,0,0,0,0,0,0,0,0
onzin,0,0,0,0,0,1,0,0,0,0
onzinnig,0,0,0,0,0,1,0,1,0,0
noedels,0,0,0,0,0,0,0,0,0,0
hoekje,0,0,0,0,0,0,0,0,0,0
middag,0,0,0,0,0,0,0,0,0,0
strop,0,0,0,0,0,1,0,1,0,0
norm,0,0,0,0,0,0,0,0,0,0
normaal,0,0,0,0,0,0,0,0,0,0
normaliteit,0,0,0,0,0,0,0,0,0,0
normaliteit,0,0,0,0,0,0,1,0,0,0
neus,0,0,1,0,0,0,0,0,0,0
nostalgie,0,0,0,0,0,0,0,0,0,0
neusgat,0,0,0,0,0,0,0,0,0,0
opmerkelijk,0,0,0,0,1,0,1,0,0,1
notabelen,0,0,0,0,0,0,1,0,0,0
Opmerkelijk,0,0,0,0,0,0,0,0,0,0
notaris,0,0,0,0,0,0,0,0,0,1
notatie,0,0,0,0,0,0,0,0,0,0
inkeping,0,0,0,0,0,0,0,0,0,0
gekerfd,0,0,0,0,0,0,0,0,0,0
Opmerking,0,0,0,0,0,0,0,0,0,0
notitieboekje,0,0,0,0,0,0,0,0,0,0
dat is genoteerd,0,0,0,0,0,0,1,0,0,0
opmerkelijk,0,0,0,0,0,0,0,0,0,0
niets,0,0,0,0,0,1,0,1,0,0
merk op,0,0,0,0,0,0,0,0,0,0
merkbaar,0,0,0,0,0,0,0,0,0,0
kennisgeving,0,1,0,0,0,0,0,0,0,0
op de hoogte stellen,0,0,0,0,0,0,0,0,0,0
begrip,0,0,0,0,0,0,1,0,0,0
fictief,0,0,0,0,0,0,0,0,0,0
bekendheid,1,0,1,1,0,1,1,0,0,0
ondanks,0,0,0,0,0,0,0,0,0,0
niets,0,0,0,0,0,0,0,0,0,0
zelfstandig naamwoord,0,0,0,0,0,0,0,0,0,0
voeden,0,0,0,0,0,0,0,0,0,0
voeding,0,0,0,0,0,0,1,0,0,0
nouveau,0,0,0,0,0,0,0,0,0,0
nieuwigheid,0,0,0,0,0,0,0,0,0,0
gevorderde,0,0,0,0,0,0,0,0,0,0
vandaag de dag,0,0,0,0,0,0,0,0,0,0
schadelijk,0,0,1,1,0,1,0,0,0,0
mondstuk,0,0,0,0,0,0,0,0,0,0
nuance,0,0,0,0,0,0,0,0,0,0
nuances,0,0,0,0,0,0,0,0,0,0
kern,0,0,0,0,0,0,0,0,0,0
naakt,0,0,0,0,0,0,0,0,0,0
por,0,0,0,0,0,0,0,0,0,0
naaktheid,0,0,0,0,0,0,0,0,0,0
goudklompje,0,0,0,0,0,0,0,0,0,0
ergernis,1,0,0,0,0,1,0,0,0,0
nul,0,0,0,0,0,1,0,0,0,0
nul,0,0,0,0,0,0,0,0,0,0
tenietdoen,0,0,0,0,0,1,0,0,1,0
gevoelloos,0,0,0,0,0,1,0,0,0,0
nummer,0,0,0,0,0,0,0,0,0,0
nummering,0,0,0,0,0,0,0,0,0,0
nummers,0,0,0,0,0,0,1,0,0,0
doof gevoel,0,0,0,0,0,1,0,1,0,0
cijfer,0,0,0,0,0,0,0,0,0,0
teller,0,0,0,0,0,0,0,0,0,0
numeriek,0,0,0,0,0,0,0,0,0,0
numeriek,0,0,0,0,0,0,0,0,0,0
talrijk,0,0,0,0,0,0,0,0,0,0
non,0,0,0,0,0,1,0,0,0,1
verpleegster,0,0,0,0,0,0,1,0,0,1
kinderkamer,0,0,0,0,1,0,1,0,0,1
voeden,1,1,1,1,1,0,1,0,0,1
nootmuskaat,0,0,0,0,0,0,0,0,0,0
voeding,0,0,0,0,0,0,0,0,0,0
voedzaam,0,0,0,0,0,0,1,1,0,0
voedzaam,0,0,0,0,0,0,0,0,0,0
noten,0,0,0,0,0,0,0,0,0,0
nimf,0,0,0,0,0,0,0,0,0,0
oaf,0,0,0,0,0,1,0,0,0,0
eik,0,0,0,0,0,0,1,0,0,0
roeispaan,0,0,0,0,0,0,0,0,0,0
oase,0,1,0,0,1,0,1,0,0,1
gelofte,0,0,0,0,0,0,1,0,0,1
havermout,0,0,0,0,0,0,0,0,0,0
gehoorzaamheid,0,0,0,0,0,0,1,0,0,1
gehoorzaam,0,0,0,0,0,0,0,0,0,0
gehoorzaam,0,0,0,0,0,0,0,0,0,0
obelisk,0,0,0,0,0,0,0,0,0,0
zwaarlijvig,0,0,1,0,0,1,0,0,0,0
zwaarlijvigheid,0,0,1,0,0,1,0,1,0,0
gehoorzamen,0,0,0,1,0,0,0,0,0,1
obi,0,0,1,1,0,1,0,0,0,0
overlijden,0,0,0,0,0,1,0,1,1,0
overlijdensbericht,0,0,0,0,0,1,0,1,0,0
object,0,0,0,0,0,0,0,0,0,0
bezwaar,1,0,0,0,0,1,0,0,0,0
verwerpelijk,0,0,0,0,0,1,0,0,0,0
doelstelling,0,1,0,0,0,0,1,0,0,1
verplichting,0,0,0,0,0,0,0,0,0,0
verplicht,0,0,0,0,0,0,0,0,0,0
verplichten,0,0,0,0,0,1,0,0,0,1
verplicht,0,0,0,0,0,0,0,0,0,0
gedienstig,1,1,1,1,1,0,1,0,1,1
debiteur,0,0,0,1,0,1,0,0,0,0
schuin,0,0,0,0,0,0,0,0,0,0
uitwissen,1,0,0,1,0,1,0,1,0,0
uitgewist,1,0,0,1,0,1,0,0,0,0
vernietiging,0,0,0,1,0,1,0,1,0,0
vergeetachtigheid,1,0,0,1,0,1,0,0,0,0
onoplettend,0,0,0,0,0,0,0,0,0,0
langwerpig,0,0,0,0,0,0,0,0,0,0
weerzinwekkend,1,0,1,0,0,1,0,1,0,0
hobo,0,0,0,0,0,0,0,0,0,0
obsceen,0,0,1,0,0,1,0,0,0,0
obsceniteit,1,0,1,0,0,1,0,0,0,0
obscuur,0,0,0,0,0,0,0,0,0,0
verduisterd,0,0,0,0,0,0,0,0,0,0
onduidelijkheid,0,0,0,0,0,1,0,0,0,0
naleving,0,0,0,0,0,0,0,0,0,0
oplettend,0,0,0,0,0,0,1,0,0,0
observatie,0,0,0,0,0,0,0,0,0,0
observatorium,0,0,0,0,0,0,0,0,0,0
observeren,0,0,0,0,0,0,0,0,0,0
waarnemer,0,0,0,0,0,0,0,0,0,0
observeren,0,0,0,0,0,0,0,0,0,0
obsessie,0,0,0,0,0,0,0,0,0,0
veroudering,0,0,0,0,0,0,0,0,0,0
obstakel,1,0,0,1,0,1,0,1,0,0
verloskundige,0,0,0,0,0,0,0,0,0,1
verloskunde,0,0,0,0,0,0,0,0,0,0
koppig,0,0,0,0,0,1,0,0,0,0
belemmeren,1,0,0,1,0,1,0,0,0,0
obstructie,0,0,0,0,0,1,0,0,0,0
obstructief,1,0,0,0,0,1,0,0,0,0
verwerven,0,0,0,0,0,0,0,0,0,0
verkrijgbaar,0,0,0,0,1,0,1,0,0,0
stompzinnig,0,0,0,0,0,1,0,0,0,0
voorzijde,0,0,0,0,0,0,0,0,0,0
voor de hand liggend,0,0,0,0,0,0,1,0,0,1
ocarina,0,0,0,0,0,0,0,0,0,0
gelegenheid,0,0,0,0,0,0,0,0,0,0
af en toe,0,0,0,0,0,0,0,0,1,0
af en toe,0,0,0,0,0,0,0,0,0,0
occlusie,0,0,0,0,0,0,0,0,0,0
occult,0,0,1,1,0,1,0,0,0,0
bezetting,0,0,0,0,0,0,0,0,0,0
bewoner,0,0,0,0,0,0,1,0,0,1
bezigheid,0,0,0,0,0,0,1,0,0,0
bezet,0,0,0,0,0,0,0,0,0,0
bewoner,0,0,0,0,0,0,0,0,0,0
bezetten,0,0,0,0,0,0,1,0,0,0
bezetten,0,0,0,0,0,0,0,0,0,0
voorkomen,0,0,0,0,0,0,0,0,0,0
voorval,0,0,0,0,0,0,0,0,0,0
oceaan,0,0,0,0,0,0,0,0,0,0
oceanisch,0,0,0,0,0,0,0,0,0,0
achthoek,0,0,0,0,0,0,0,0,0,0
octaaf,0,0,0,0,0,0,0,0,0,0
Octopus,0,0,1,0,0,0,0,0,0,0
oculair,0,0,0,0,0,0,0,0,0,0
eigenaardigheid,0,0,1,0,0,1,0,1,1,0
kansen,0,0,0,0,0,0,0,0,0,0
ode,0,0,0,0,0,0,0,0,0,0
verfoeilijk,1,0,1,1,0,1,0,0,0,0
kilometerteller,0,0,0,0,0,0,0,0,0,0
geur,0,0,0,0,0,1,0,0,0,0
oestrogeen,0,0,0,0,0,0,0,0,0,0
oeuvre,0,0,0,0,0,0,0,0,0,0
slachtafval,0,0,0,0,0,0,0,0,0,0
beledigen,1,0,1,0,0,1,0,0,0,0
beledigd,1,0,0,0,0,1,0,1,0,0
overtreder,1,0,1,1,0,1,0,1,0,0
belediging,1,0,1,1,0,1,0,1,0,0
offensief,1,0,1,0,0,1,0,0,0,0
bieden,0,0,0,0,0,0,1,0,0,0
aangeboden,0,0,0,0,0,0,0,0,0,0
offeren,0,0,0,0,0,0,0,0,0,1
onvoorbereid,0,0,0,0,0,1,0,0,0,0
kantoor,0,0,0,0,0,0,0,0,0,0
officier,0,0,0,0,0,0,1,0,0,1
kantoren,0,0,0,0,0,0,0,0,0,0
officieel,0,0,0,0,0,0,0,0,0,1
dienstdoen,0,0,0,0,0,0,0,0,0,0
offensief,0,0,0,0,0,1,0,0,0,0
ontladen,0,0,0,0,0,0,0,0,0,0
offset,0,1,0,0,0,0,1,0,0,0
uitloper,0,0,0,0,0,0,1,0,0,0
buitenspel,0,0,0,0,0,0,0,0,0,0
vaak,0,0,0,0,0,0,0,0,0,0
vaak,0,0,0,0,0,0,0,0,0,0
boeman,0,0,1,1,0,1,0,0,0,0
olie-,0,0,0,0,0,0,0,0,0,0
oliën,0,0,0,0,0,0,0,0,0,0
zalf,0,0,0,0,0,0,0,0,0,0
olfactorisch,0,1,0,0,0,1,0,0,0,0
oligarchie,0,0,0,0,0,1,0,0,0,0
olijf-,0,0,0,0,0,0,0,0,0,0
omega,0,0,0,0,0,0,0,0,0,0
omelet,0,0,0,0,0,0,0,0,0,0
voorteken,0,1,0,1,0,1,0,0,0,0
dreigend,0,1,0,1,0,1,0,0,0,0
weglating,0,0,0,0,0,0,0,0,0,0
weglaten,0,0,0,0,0,1,0,0,0,0
overgeslagen,0,0,0,0,0,0,0,0,0,0
omnibus,0,0,0,0,0,0,0,0,0,0
almacht,0,0,0,1,0,1,1,0,0,0
almachtig,0,0,0,0,0,0,0,0,0,0
alomtegenwoordig,0,0,0,0,0,0,0,0,0,0
alwetend,0,0,0,0,0,0,1,0,0,1
oncoloog,0,0,0,0,0,0,0,0,0,0
eenheid,0,0,0,0,0,0,0,0,0,0
belastend,1,0,0,0,0,1,0,1,0,0
zichzelf,0,0,0,0,0,0,0,0,0,0
voortdurende,0,1,0,0,0,0,0,0,0,0
ui,0,0,0,0,0,0,0,0,0,0
begin,0,1,0,0,0,0,0,0,0,0
aanval,0,0,0,0,0,0,0,0,0,0
ontologie,0,0,0,0,0,0,0,0,0,0
verantwoordelijkheid,0,0,0,0,0,1,0,0,0,0
voorwaarts,0,0,0,0,0,0,0,0,0,0
onyx,0,0,0,0,0,0,0,0,0,0
sijpelen,0,0,1,0,0,1,0,0,0,0
sijpelen,0,0,0,0,0,0,0,0,0,0
ondoorzichtigheid,0,0,0,0,0,0,0,0,0,0
opaal,0,0,0,0,0,0,0,0,0,0
ondoorzichtig,0,0,0,0,0,1,0,0,0,0
ope,0,0,0,0,0,0,0,0,0,0
open,0,0,0,0,0,0,0,0,0,0
opener,0,0,0,0,0,0,0,0,0,0
opening,0,0,0,0,0,0,0,0,0,0
openlijk,0,0,0,0,0,0,0,0,0,0
openheid,0,0,0,0,0,0,1,0,0,0
opera,1,1,0,1,1,0,1,1,1,1
opera-,0,0,0,0,0,1,0,0,0,0
operatie,0,0,0,1,0,0,0,0,0,1
activiteiten,0,0,0,0,0,0,0,0,0,0
operatief,0,0,0,0,0,0,0,0,0,0
operator,0,0,0,0,0,0,0,0,0,0
oogheelkunde,0,0,0,0,0,0,0,0,0,0
oogarts,0,0,0,0,0,0,0,0,0,0
opiaat,0,0,0,0,0,1,0,0,0,0
mening,0,0,0,0,0,0,0,0,0,0
eigenwijs,1,0,0,0,0,1,0,0,0,0
opium,1,0,1,1,0,1,0,1,0,0
tegenstander,1,1,1,1,0,1,0,0,0,0
opportuun,0,0,0,0,1,0,1,0,0,0
opportunisme,0,0,0,0,0,0,0,0,0,0
kans,0,1,0,0,0,0,1,0,0,0
zich verzetten tegen,0,0,0,0,0,1,0,0,0,0
tegengesteld,1,0,0,1,0,1,0,0,0,0
tegenwerken,0,0,0,0,0,0,0,0,0,0
tegenovergestelde,0,0,0,0,0,0,0,0,0,0
tegenstellingen,0,0,0,0,0,0,0,0,0,0
oppositie,1,0,0,0,0,1,0,0,0,0
onderdrukken,1,0,1,1,0,1,0,1,0,0
onderdrukking,1,0,1,1,0,1,0,1,0,0
benauwend,1,0,1,1,0,1,0,1,0,0
onderdrukker,1,0,0,1,0,1,0,1,0,0
optiek,0,0,0,0,0,0,0,0,0,0
optisch,0,0,0,0,0,0,0,0,0,0
optiek,0,0,0,0,0,0,0,0,0,0
optimisme,0,1,0,0,1,0,1,0,1,1
optimist,0,0,0,0,0,0,1,0,0,1
keuze,0,0,0,0,0,0,1,0,0,0
optioneel,0,0,0,0,0,0,1,0,0,0
optioneel,0,0,0,0,0,0,0,0,0,0
opties,0,0,0,0,0,0,0,0,0,0
optometrist,0,0,0,0,0,0,0,0,0,0
weelde,0,0,0,0,0,0,0,0,0,0
weelderig,0,0,0,0,0,0,0,0,0,0
opus,0,0,0,0,0,0,0,0,0,0
orakel,0,1,0,0,0,0,1,0,0,1
oraal,0,0,0,0,0,0,0,0,0,0
oranje,0,0,0,0,0,0,0,0,0,0
oratie,0,0,0,0,0,0,1,0,0,0
redenaar,0,0,0,0,0,0,0,0,0,0
oratorium,0,0,0,0,0,0,0,0,0,0
bol,0,0,0,0,0,0,0,0,0,0
baan,0,0,0,0,0,0,0,0,0,0
in een baan om de aarde,0,0,0,0,0,0,0,0,0,0
lichtbollen,0,0,0,0,0,0,0,0,0,0
orc,1,0,1,1,0,1,0,0,0,0
boomgaard,0,0,0,0,0,0,0,0,0,0
orkest,1,0,0,0,1,0,1,1,0,1
gewijd,0,0,0,0,0,0,1,0,0,1
beproeving,1,0,0,0,0,1,0,0,1,0
bestellen,0,0,0,0,0,0,0,0,0,0
ordelijk,0,0,0,0,0,0,1,0,0,0
ordonnantie,0,0,0,0,0,0,0,0,0,1
normaal,0,0,0,0,0,0,0,0,0,0
wijding,0,1,0,0,1,0,1,0,0,1
munitie,0,0,0,1,0,1,0,0,0,0
erts,0,0,0,0,0,0,0,0,0,0
oregano,0,0,0,0,0,0,0,0,0,0
orgaan,0,1,0,0,1,0,0,0,0,0
biologisch,0,0,0,0,0,0,1,0,0,0
organisme,0,0,0,0,0,0,0,0,0,0
organist,0,0,0,0,0,0,0,0,0,0
organisatie,0,1,0,0,1,0,1,0,1,1
organiseren,0,0,0,0,0,0,1,0,0,0
georganiseerd,0,0,0,0,0,0,1,0,0,0
orgasme,0,1,0,0,1,0,1,0,0,0
orgieën,0,0,0,0,0,0,0,0,0,0
oriënteren,0,0,0,0,0,0,0,0,0,0
oosters,0,0,0,0,0,0,0,0,0,0
oriëntatie,0,0,0,0,0,0,0,0,0,0
opening,0,0,0,0,0,0,0,0,0,0
oorsprong,0,0,0,0,0,0,0,0,0,0
originaliteit,0,0,0,0,0,0,1,0,1,0
ontstaan,0,0,0,0,0,0,0,0,0,0
oorsprong,0,0,0,0,0,0,0,0,0,0
initiatiefnemer,0,0,0,0,0,0,0,0,0,0
ornament,0,0,0,0,0,0,0,0,0,0
sier-,0,0,0,0,0,0,0,0,0,0
versiering,0,0,0,0,0,0,0,0,0,0
versierd,0,0,0,0,0,0,1,0,0,0
overladen,0,0,0,0,0,0,1,0,0,0
wees,0,0,0,1,0,1,0,1,0,0
orthodox,0,0,0,0,0,0,0,0,0,0
orthodoxie,0,0,0,0,0,0,0,0,0,1
orthogonaal,0,0,0,0,0,0,0,0,0,0
oscilleren,0,0,0,0,0,0,0,0,0,0
oscillerend,0,0,0,0,0,0,0,0,0,0
oscillatie,0,0,0,0,0,0,0,0,0,0
oscillerend,0,0,0,0,0,0,0,0,0,0
ogenschijnlijk,0,0,0,0,0,0,0,0,0,0
ogenschijnlijk,0,0,0,0,0,1,0,0,0,0
struisvogel,0,0,0,0,0,0,0,0,0,0
otto,0,0,0,0,0,0,0,0,0,0
poef,0,0,0,0,0,0,0,0,0,0
ons,0,0,0,0,0,0,0,0,0,0
verdrijven,1,0,0,0,0,1,0,1,0,0
uitbraak,0,0,0,0,0,0,0,0,0,0
uitbarsting,1,0,0,1,1,1,1,1,1,0
verschoppeling,0,0,1,1,0,1,0,1,0,0
resultaat,0,0,0,0,0,0,1,0,0,0
verontwaardiging,1,0,0,1,0,1,0,0,1,0
overtreffen,0,1,0,0,0,0,1,0,0,0
buitenshuis,0,0,0,0,0,0,0,0,0,0
kleding,0,0,0,0,0,0,0,0,0,0
ontgroeien,0,0,0,0,0,0,0,0,0,0
uitgroei,0,0,0,0,0,0,0,0,0,0
bijgebouw,0,0,1,0,0,1,0,0,0,0
uitje,0,0,0,0,0,0,0,0,0,0
bizar,0,0,0,0,0,1,0,0,0,0
langer meegaan,0,0,0,0,0,0,0,0,0,0
balling,0,0,0,0,0,1,0,0,0,0
uitlaat,0,0,0,0,0,0,0,0,0,0
schetsen,0,0,0,0,0,0,0,0,0,0
contouren,0,0,0,0,0,0,0,0,0,0
vooruitzichten,0,0,0,0,0,0,0,0,0,0
afgelegen,0,0,0,0,0,0,0,0,0,0
overtreffen,0,0,0,0,0,0,0,0,0,0
buitenpost,0,0,0,1,0,0,0,0,0,0
uitstorting,0,0,0,0,0,0,0,0,0,0
uitvoer,0,0,0,0,0,0,0,0,0,0
verontwaardiging,1,0,1,0,0,1,0,0,0,0
schandelijk,0,0,0,0,0,0,0,0,1,0
ronduit,0,0,0,0,0,0,0,0,0,0
ontlopen,0,0,0,0,0,0,0,0,0,0
begin,0,0,0,0,0,0,0,0,0,0
buitenstaander,0,0,0,1,0,0,0,0,0,0
buitenwijken,0,0,0,0,0,0,0,0,0,0
uitgesproken,0,0,0,0,0,0,0,0,0,0
uitstekend,0,0,0,0,1,1,1,0,0,0
uitgestrekt,0,0,0,0,0,0,0,0,0,0
naar buiten,0,0,0,0,0,0,1,0,0,0
naar buiten,0,0,0,0,0,0,0,0,0,0
zwaarder wegen dan,0,0,0,0,0,0,0,0,0,0
ovaal,0,0,0,0,0,0,0,0,0,0
eierstok,0,0,0,0,0,0,0,0,0,0
eivormig,0,0,0,0,0,0,0,0,0,0
ovatie,0,0,0,0,0,1,0,1,0,0
oven,0,0,0,0,0,0,0,0,0,0
overall,0,0,0,0,0,0,0,0,0,0
aanmatigend,1,0,0,0,0,1,0,0,0,0
overbelasten,0,0,0,0,0,1,0,0,0,0
bewolkt,0,0,0,0,0,1,0,0,0,0
overladen,0,0,0,0,0,0,0,0,0,0
overjas,0,0,0,0,0,0,0,0,0,0
overdrijven,0,0,0,0,0,1,0,0,0,0
overdosis,0,0,0,0,0,1,0,0,0,0
achterstallig,0,1,0,0,0,1,0,1,1,0
overschatting,0,0,0,0,0,0,0,0,1,0
overschat,0,0,0,0,0,1,0,0,0,0
overloop,0,0,0,0,0,1,0,0,0,0
overvol,0,0,0,0,0,0,0,0,0,0
overwoekerd,0,0,0,0,0,1,0,0,0,0
overgroei,0,0,0,0,0,0,0,0,0,0
overhangend,0,0,0,0,0,0,0,0,0,0
herziening,0,0,0,0,0,0,0,0,0,0
overhead,0,0,0,0,0,0,0,0,0,0
dolblij,0,0,0,0,1,0,1,0,0,0
overlay,0,0,0,0,0,0,0,0,0,0
overlappen,0,0,0,0,0,0,0,0,0,0
overlay,0,0,0,0,0,0,0,0,0,0
overbelasten,0,0,0,0,0,1,0,1,0,0
bovenliggend,0,0,0,0,0,0,0,0,0,0
te veel betaald,0,0,0,0,0,1,0,0,0,0
viaduct,0,0,0,0,0,0,0,0,0,0
overweldigen,0,0,0,0,0,1,0,0,0,0
overweldigend,1,0,0,1,0,1,0,0,0,0
te duur,1,0,1,0,0,1,0,1,0,0
overschrijven,0,0,0,0,0,0,0,0,0,0
overrulen,0,0,0,0,0,0,0,0,0,0
opzichter,0,0,0,0,0,0,0,0,0,0
overschaduwen,0,0,0,0,0,0,0,0,0,0
toezicht,0,0,0,0,0,1,0,0,0,0
overdrijven,0,0,0,0,0,0,0,0,0,0
overstock,0,0,0,0,0,0,0,0,0,0
openlijk,0,0,0,1,0,0,0,0,0,0
inhalen,0,0,0,0,0,0,0,0,0,0
ingehaald,0,0,0,0,0,0,0,0,0,0
omverwerping,0,1,0,1,0,1,0,0,0,0
ouverture,0,1,0,0,0,0,0,0,0,0
omverwerpen,0,0,0,0,0,1,0,0,0,0
overweldigen,0,0,0,0,0,1,0,0,0,0
beduusd,0,0,0,0,0,1,0,1,0,0
overweldigend,0,0,0,0,0,0,1,0,0,0
overijverig,0,0,0,0,0,0,0,0,0,0
schuldig zijn,0,0,0,0,0,0,0,0,0,0
verschuldigd,1,1,1,1,0,1,0,1,0,1
baasje,0,0,0,0,0,0,0,0,0,0
eigendom,0,0,0,0,0,0,1,0,0,0
os,0,0,0,0,0,0,0,0,0,0
oxidatie,0,0,0,0,0,1,0,0,0,0
zuurstof,0,0,0,0,0,0,0,0,0,0
oxymoron,0,0,0,0,0,0,0,0,0,0
oester,0,0,0,0,0,0,0,0,0,0
tempo,0,0,0,0,0,0,0,0,0,0
grote Oceaan,0,0,0,0,0,0,1,0,0,0
pacificeren,0,0,0,0,0,0,0,0,0,0
inpakken,0,0,0,0,0,0,0,0,0,0
pakket,0,0,0,0,0,0,0,0,0,0
verpakker,0,0,0,0,0,0,0,0,0,0
pakket,0,0,0,0,0,0,0,0,0,0
pact,0,0,0,0,0,0,0,0,0,1
pad,0,0,0,0,0,0,1,0,0,0
opvulling,0,0,0,0,0,0,1,0,0,0
peddelen,0,1,0,0,0,0,1,0,0,0
paddock,0,0,0,0,0,0,0,0,0,0
padie,0,0,0,0,0,0,0,0,0,0
hangslot,0,0,0,0,0,0,0,0,0,0
aalmoezenier,0,0,0,0,0,0,0,0,0,0
heidens-,0,0,0,0,0,0,0,0,0,0
heidendom,0,0,0,0,0,0,0,0,0,0
bladzijde,0,0,0,0,0,0,0,0,0,0
optocht,0,0,0,0,0,0,0,0,0,0
paginering,0,0,0,0,0,0,0,0,0,0
pagode,0,0,0,0,0,0,0,0,0,0
emmer,0,0,0,0,0,0,0,0,0,0
pijn,0,0,0,1,0,1,0,1,0,0
gepijnigd,0,0,0,1,0,1,0,1,0,0
pijnlijk,1,0,1,1,0,1,0,1,0,0
pijnlijk,0,0,0,0,0,1,0,1,0,0
pijnloos,0,0,0,0,0,0,0,0,0,0
pijnen,0,0,0,0,0,1,0,0,0,0
nauwgezet,0,0,0,0,0,0,0,0,0,0
verf,0,0,0,0,0,0,0,0,0,0
geschilderd,0,0,0,0,0,0,0,0,0,0
schilder,0,0,0,0,0,0,0,0,0,0
schilderen,0,0,0,0,0,0,0,0,0,0
paar-,0,0,0,0,0,0,0,0,0,0
pyjama,0,0,0,0,0,0,0,0,0,0
vriend,0,0,0,0,0,0,0,0,0,0
paleis,0,0,0,0,0,0,0,0,0,0
smakelijk,0,0,0,0,0,0,1,0,0,0
gehemelte,0,0,0,0,0,0,0,0,0,0
paleontologie,0,0,0,0,0,0,0,0,0,0
palet,0,0,0,0,0,0,0,0,0,0
bleek,0,0,0,0,0,0,0,0,0,0
palladium,0,0,0,0,0,0,0,0,0,0
pallet,0,0,0,0,0,0,0,0,0,0
palliatief,0,0,0,0,0,0,1,0,0,0
palm,0,0,0,0,0,0,0,0,0,0
palmer,0,0,0,0,0,0,0,0,0,0
zichtbaar,0,0,0,0,0,0,0,0,1,0
verlamming,0,0,1,1,0,1,0,1,0,0
schamele,0,0,0,0,0,0,0,0,0,0
verwennen,0,0,0,0,0,0,0,0,0,0
pamflet,0,0,0,0,0,0,0,0,0,0
pan,0,0,0,0,0,0,0,0,0,0
wondermiddel,0,0,0,0,0,0,1,0,0,0
zwier,0,0,0,0,0,0,1,0,0,0
pannenkoek,0,0,0,0,0,0,0,0,0,0
pandemie,0,0,0,1,0,1,0,1,0,0
paneel,0,0,0,0,0,0,0,0,0,0
pang,0,0,0,0,0,1,0,0,1,0
paniek,0,0,0,1,0,1,0,0,0,0
panier,0,0,0,0,0,0,1,0,0,0
panorama,0,0,0,0,0,0,0,0,0,0
panoramisch,0,0,0,0,0,0,0,0,0,0
hijgen,0,0,0,0,0,0,0,0,0,0
pantheon,0,0,0,0,0,0,0,0,0,0
panter,0,0,0,0,0,0,0,0,0,0
slipje,0,0,0,0,0,0,0,0,0,0
pantomime,0,0,0,0,0,0,0,0,0,0
voorraadkast,0,0,0,0,0,0,0,0,0,0
broek,0,0,0,0,0,0,0,0,0,0
pap,0,0,0,0,0,0,0,0,0,0
pausdom,0,0,0,0,0,0,0,0,0,0
pauselijke,0,0,0,0,0,0,0,0,0,0
papier,0,0,0,0,0,0,0,0,0,0
paprika,0,0,0,0,0,0,1,0,0,0
papyrus,0,0,0,0,0,0,0,0,0,0
par,0,0,0,0,0,0,0,0,0,0
gelijkenis,0,0,0,0,0,0,0,0,0,0
parabool,0,0,0,0,0,0,0,0,0,0
parabolisch,0,0,0,0,0,0,0,0,0,0
parachute,0,0,0,1,0,0,0,0,0,0
optocht,0,1,0,1,1,1,1,0,1,0
paradigma,0,0,0,0,0,0,0,0,0,0
paradox,0,0,0,0,0,0,0,0,0,0
paradoxaal,0,0,0,0,0,0,0,0,0,0
paraffine,0,0,0,0,0,0,0,0,0,0
toonbeeld,0,1,0,0,1,0,1,0,0,1
paragraaf,0,0,0,0,0,0,0,0,0,0
parallax,0,0,0,0,0,0,0,0,0,0
parallel,0,0,0,0,0,0,0,0,0,0
parallellisme,0,0,0,0,0,0,0,0,0,0
verlamming,1,1,0,1,0,1,0,1,0,0
grootste belang,0,0,0,0,0,0,1,0,0,0
paranoia,0,0,0,1,0,1,0,0,0,0
borstwering,0,0,0,0,0,0,0,0,0,0
parafernalia,0,0,0,0,0,0,0,0,0,0
parafrase,0,0,0,0,0,1,1,0,0,0
parasiet,0,0,1,1,0,1,0,0,0,0
parasol,0,0,0,0,0,0,0,0,0,0
perceel,0,0,0,0,0,0,0,0,0,0
pakjes,0,0,0,0,0,0,0,0,0,0
perkament,0,0,0,0,0,0,0,0,0,0
Pardon,0,0,0,0,0,0,1,0,0,0
paren,1,1,0,1,0,1,0,1,0,0
parenchym,0,0,0,0,0,0,0,0,0,0
ouder,0,0,0,0,0,0,0,0,0,0
afstamming,0,0,0,0,0,0,1,0,0,0
ouderlijk,0,0,0,0,0,0,0,0,0,0
haakjes,0,0,0,0,0,0,0,0,0,0
tussen haakjes,0,0,0,0,0,0,0,0,0,0
pariëtale,0,0,0,0,0,0,1,0,0,1
paren,0,0,0,0,0,0,0,0,0,0
parochie,0,0,0,0,0,0,0,0,0,1
pariteit,0,0,0,0,0,0,0,0,0,0
park,0,0,0,0,0,0,0,0,0,0
taalgebruik,0,0,0,0,0,0,0,0,0,0
parlement,0,0,0,0,0,0,0,0,0,1
parlementair,0,0,0,0,0,0,0,0,0,0
salon,0,0,0,0,0,0,0,0,0,0
voorwaardelijke vrijlating,0,1,0,0,0,0,0,0,0,0
parket,0,0,0,0,0,0,0,0,0,0
papegaai,0,0,1,0,0,1,0,0,0,0
pareren,0,0,0,0,0,0,0,0,0,0
ontleden,0,0,0,0,0,0,0,0,0,0
spaarzaam,0,0,0,0,0,1,0,0,0,0
spaarzaamheid,0,0,0,0,0,0,0,0,0,0
peterselie,0,0,0,0,0,0,0,0,0,0
dominee,0,0,0,0,0,0,0,0,0,0
een deel,0,0,0,0,0,0,0,0,0,0
deelnemen,0,0,0,0,0,0,1,0,0,1
partijdigheid,0,0,0,0,0,0,0,0,0,0
gedeeltelijk,0,0,0,0,0,0,0,0,0,0
deelnemen,0,0,0,0,0,0,0,0,0,0
deelname,0,0,0,0,0,0,1,0,0,0
deeltje,0,0,0,0,0,0,0,0,0,0
bijzonderheid,0,0,0,0,0,0,0,0,0,0
bijzonderheden,0,0,0,0,0,0,0,0,0,0
afscheid,0,0,0,0,0,0,0,1,0,0
partijdig,0,0,0,0,0,1,0,0,0,0
partijdigheid,0,0,0,0,0,0,0,0,0,0
partitie,0,0,0,0,0,0,0,0,0,0
gedeeltelijk,0,0,0,0,0,0,0,0,0,0
partner,0,0,0,0,0,0,1,0,0,0
vennootschap,0,0,0,0,0,0,1,0,0,1
onderdelen,0,0,0,0,0,0,0,0,0,0
partij,0,0,0,0,0,0,0,0,0,0
pas,0,0,0,0,0,0,0,0,0,0
slagen voor,0,0,0,0,0,0,0,0,0,0
redelijk,0,0,0,0,0,0,0,0,0,0
passage,0,0,0,0,0,0,0,0,0,0
doorgang,0,0,0,0,0,0,0,0,0,0
pas,0,0,0,0,0,1,0,0,0,0
passagier,0,1,0,0,0,0,0,0,0,0
passim,0,0,0,0,0,0,0,0,0,0
voorbijgaan,0,0,0,0,0,0,0,0,0,0
passie,0,1,0,0,1,0,1,0,0,1
gepassioneerd,0,1,0,0,1,0,1,0,0,1
passief,0,0,0,0,0,1,0,0,0,0
passiviteit,0,0,0,0,0,1,0,0,0,0
paspoort,0,0,0,0,0,0,0,0,0,0
Verleden,0,0,0,0,0,0,0,0,0,0
Plakken,0,0,0,0,0,0,0,0,0,0
pastel,0,0,0,0,0,0,0,0,0,0
tijdverdrijf,0,0,0,0,0,0,1,0,0,0
pastoor,0,0,0,0,1,0,1,0,0,1
gebakje,0,0,0,0,1,0,1,0,0,0
weiland,0,0,0,0,0,0,1,0,0,0
pasteuze,0,0,0,0,0,0,0,0,0,0
pat,0,0,0,0,0,0,0,0,0,0
lapje,0,0,0,0,0,1,0,0,0,0
lapwerk,0,0,0,0,0,0,0,0,0,0
paté,0,0,0,0,0,0,0,0,0,0
knieschijf,0,0,0,0,0,0,0,0,0,0
octrooi,0,0,0,0,0,0,1,0,0,0
vaderlijk,0,0,0,0,0,0,0,0,0,0
vaderschap,0,0,0,0,0,0,0,0,0,0
pad,0,0,0,0,0,0,0,0,0,0
ellendig,0,0,1,0,0,1,0,1,0,0
pathologie,0,0,0,0,0,0,0,0,0,0
pathos,0,0,0,0,0,0,0,0,0,0
pad,0,0,0,0,0,0,0,0,0,0
geduld,0,1,0,0,0,0,1,0,0,1
geduldig,0,1,0,0,0,0,1,0,0,0
patio,0,0,0,0,0,0,0,0,0,0
patriarch,0,0,0,0,0,0,0,0,0,0
patriarchaal,0,0,0,0,0,0,1,0,0,1
erfgoed,0,0,0,0,0,0,0,0,0,0
patriot,0,0,0,0,0,0,0,0,0,0
patriottisch,0,0,0,0,0,0,0,0,0,0
patriottisme,0,0,0,0,0,0,0,0,0,0
patrouille,0,0,0,0,0,0,0,0,0,1
patroon,0,0,0,0,0,0,1,0,0,1
klandizie,0,0,0,0,0,0,1,0,0,1
betuttelen,0,0,0,0,0,0,0,0,0,0
neerbuigend,0,0,0,0,0,1,0,0,0,0
geklets,1,0,0,0,0,1,0,0,0,0
patroon,0,0,0,0,0,0,0,0,0,0
gebrek,1,0,1,0,0,1,0,1,0,0
pauper,0,0,0,0,0,1,0,1,0,0
pauze,0,0,0,0,0,0,0,0,0,0
effenen,0,0,0,0,0,0,0,0,0,0
stoep,0,0,0,0,0,0,0,0,0,1
paviljoen,0,0,0,0,0,0,0,0,0,0
bestrating,0,0,0,0,0,0,0,0,0,0
poot,0,0,0,0,0,0,0,0,0,0
pion,0,0,0,0,0,1,0,0,0,1
pax,0,0,0,0,0,0,0,0,0,0
betalen,0,1,0,0,1,0,1,0,0,1
terugverdientijd,1,0,0,0,0,1,0,0,0,0
betaler,0,0,0,0,0,0,0,0,0,0
betaling,0,0,0,0,0,1,0,0,0,0
erwt,0,0,0,0,0,0,0,0,0,0
vrede,0,1,0,0,1,0,1,0,0,1
vredelievend,0,0,0,0,0,0,1,0,0,0
vredevol,0,1,0,0,1,0,1,0,1,1
Pauw,0,0,0,0,0,0,1,0,0,0
piek,0,0,0,0,0,0,0,0,0,0
piekte,0,0,0,0,0,0,0,0,0,0
parel,0,0,0,0,0,0,0,0,0,0
Onderdaan,0,0,0,0,0,0,0,0,0,0
turf,0,0,0,0,0,0,0,0,0,0
kiezelsteen,0,0,0,0,0,0,0,0,0,0
pikken,0,0,0,0,0,0,1,0,0,0
ongewoon,0,0,0,0,0,0,0,0,0,0
eigenaardigheden,0,0,0,0,0,1,0,0,0,0
eigenaardigheid,0,0,0,0,0,0,1,0,0,0
bijzonder,0,0,0,0,0,0,0,0,0,0
geldelijk,0,0,0,0,0,0,0,0,0,0
pedaal,0,0,0,0,0,0,0,0,0,0
pedant,0,0,0,0,0,0,0,0,0,0
venten,0,0,0,0,0,0,0,0,0,0
voetstuk,0,0,0,0,0,0,0,0,0,0
voetganger,0,0,0,0,0,1,0,0,0,0
kindergeneeskunde,0,0,0,0,0,0,0,0,0,0
stamboom,0,0,0,0,0,0,1,0,0,1
pedometer,0,0,0,0,0,0,0,0,0,0
Pel,0,0,0,0,0,0,0,0,0,0
gluren,0,0,0,0,0,0,0,0,0,0
gelijke,0,0,0,0,0,0,0,0,0,0
peering,0,0,0,0,0,0,0,0,0,0
weergaloos,0,0,0,0,0,0,1,0,0,0
pin,0,0,0,0,0,0,0,0,0,0
haringen,0,0,0,0,0,0,0,0,0,0
pelagisch,0,0,0,0,0,0,0,0,0,0
korreltje,0,0,0,0,0,0,0,0,0,0
pen,0,0,0,0,0,0,0,0,0,0
strafbaar,0,0,0,1,0,1,0,1,0,0
straf,1,0,0,1,0,1,0,1,0,0
boetedoening,0,0,0,1,0,0,0,1,0,0
voorliefde,0,0,0,0,0,0,1,0,0,0
potlood,0,0,0,0,0,0,0,0,0,0
hanger,0,0,0,0,0,0,0,0,0,0
afhankelijkheid,0,0,0,0,0,0,0,0,0,0
hangend,0,0,0,0,0,0,0,0,0,0
in afwachting,0,0,0,0,0,0,0,0,0,0
slinger,0,0,0,0,0,0,0,0,0,0
doordringen,0,0,0,0,0,0,0,0,0,0
doordringend,0,0,0,0,0,0,0,0,0,0
penetratie,1,0,0,1,0,1,0,0,0,0
schiereiland,0,0,0,0,0,0,0,0,0,0
penitentiaire inrichting,1,0,0,0,0,1,0,0,0,0
wimpel,0,0,0,0,0,0,0,0,0,0
berooid,0,0,0,0,0,0,0,0,0,0
cent,0,0,0,0,0,0,0,0,0,0
pensioen,0,0,0,0,0,0,0,0,0,0
gepensioneerde,0,0,0,0,0,0,0,0,0,0
peinzend,0,0,0,0,0,0,0,1,0,0
Pentagon,0,0,0,0,0,0,0,0,0,0
penthouse,0,0,0,0,0,0,0,0,0,0
voorlaatste,0,0,0,0,0,0,0,0,0,0
mensen,0,0,0,0,0,0,0,0,0,0
bevolkt,0,0,0,0,0,0,0,0,0,0
peper,0,0,0,0,0,0,0,0,0,0
peptisch,0,0,0,0,0,0,0,0,0,0
gadeslaan,0,0,0,0,0,0,1,0,0,1
percentage,0,0,0,0,0,0,0,0,0,0
waarneembaar,0,0,0,0,0,0,1,0,0,0
perceptie,0,0,0,0,0,0,0,0,0,0
opmerkzaam,0,0,0,0,0,0,0,0,0,0
baars,0,0,0,0,0,0,0,0,0,0
misschien,0,0,0,0,0,0,0,0,1,0
percolatie,0,0,0,0,0,0,0,0,0,0
percussie,0,0,0,0,0,0,0,0,0,0
verderf,1,0,1,1,0,1,0,1,0,0
dwingend,0,0,0,0,0,0,0,0,0,0
vaste plant,0,0,0,0,0,0,1,0,0,1
perfect,0,1,0,0,1,0,1,0,0,1
perfectie,0,1,0,0,1,0,1,0,1,1
geperforeerd,0,0,0,0,0,0,0,0,0,0
perforatie,0,0,0,0,0,0,0,0,0,0
noodgedwongen,0,0,0,0,0,0,0,0,0,0
presteren,0,0,0,0,0,0,0,0,0,0
prestatie,0,0,0,0,0,0,0,0,0,0
uitvoerder,0,0,0,0,0,0,1,0,0,0
parfum,0,0,0,0,0,0,0,0,0,0
geparfumeerd,0,0,0,0,0,0,0,0,0,0
peri,0,0,0,0,0,0,0,0,1,0
peridoot,0,0,0,0,0,0,0,0,0,0
gevaar,0,1,0,1,0,1,0,1,0,0
levensgevaarlijk,0,1,0,1,0,1,0,1,0,0
perimeter,0,0,0,0,0,0,0,0,0,0
periode,0,0,0,0,0,0,0,0,0,0
periodiek,0,0,0,0,0,0,0,0,0,0
periodiek,0,0,0,0,0,0,0,0,0,0
periodiek,0,0,0,0,0,0,0,0,0,0
periodiciteit,0,0,0,0,0,0,0,0,0,1
omtrek,0,0,0,0,0,0,0,0,0,0
vergaan,0,0,0,1,0,1,0,1,0,0
beperkt houdbaar,0,0,0,0,0,1,0,0,0,0
omgekomen,0,0,0,0,0,1,0,1,0,0
vergaan,0,0,0,1,0,1,0,1,0,0
meineed,0,0,0,1,0,1,0,0,1,0
extraatje,0,0,0,0,0,0,1,0,0,0
permanentie,0,0,0,0,0,0,0,0,0,0
doorlaatbaar,0,0,0,0,0,0,0,0,0,0
doordringen,0,0,0,0,0,0,0,0,0,0
doordringing,0,0,0,0,0,0,0,0,0,0
toelaatbaar,0,0,0,0,0,0,0,0,0,0
toestemming,0,0,0,0,0,0,1,0,0,0
toegeeflijk,0,0,0,0,0,0,0,0,0,0
vergunning,0,0,0,0,0,0,0,0,0,0
toegestaan,0,0,0,0,0,0,0,0,0,0
toelaten,0,0,0,0,0,0,0,0,0,0
permutatie,0,0,0,0,0,0,0,0,0,0
verderfelijk,1,0,0,1,0,1,0,1,0,0
loodrecht,0,0,0,0,0,0,0,0,0,0
plegen,0,0,0,0,0,0,0,0,0,0
dader,1,0,1,1,0,1,0,1,0,0
doorlopend,0,0,0,0,0,0,0,0,0,0
eeuwigdurend,0,0,0,0,0,0,0,0,0,0
doen voortduren,0,1,0,0,0,0,0,0,0,0
bestendiging,0,0,0,0,0,1,0,0,0,0
eeuwigheid,0,1,0,0,0,0,1,0,0,1
perplex,0,0,0,0,0,1,0,0,0,0
verwarrend,0,0,0,0,0,0,0,0,0,0
verbijstering,0,0,0,0,0,1,0,1,0,0
vervolgen,1,0,0,1,0,1,0,0,0,0
vervolging,1,0,1,1,0,1,0,1,0,0
doorzettingsvermogen,0,0,0,0,0,0,0,0,0,0
volhouden,0,0,0,0,0,0,0,0,0,0
volharden,0,0,0,0,0,0,0,0,0,0
vasthoudendheid,0,0,0,0,0,0,1,0,0,0
aanhoudend,0,0,0,0,0,0,1,0,0,0
volhardend,0,0,0,0,0,0,0,0,0,0
persoon,0,0,0,0,0,0,0,0,0,0
knap,0,0,0,0,0,0,1,0,0,0
personage,0,0,0,0,0,0,0,0,0,0
persoonlijk,0,0,0,0,0,0,0,0,0,1
verpersoonlijking,0,0,0,0,0,0,0,0,0,0
personeel,0,0,0,0,0,0,0,0,0,0
personen,0,0,0,0,0,0,0,0,0,0
perspectief,0,0,0,0,0,0,0,0,0,0
transpiratie,0,0,1,0,0,0,0,0,0,0
overhalen,0,0,0,0,0,0,0,0,0,1
overtuiging,0,0,0,0,0,0,0,0,0,0
overredend,0,0,0,0,0,0,0,0,0,0
pert,0,0,0,0,0,0,0,0,0,0
relevant,0,0,0,0,0,0,1,0,0,1
verstoring,0,0,0,1,0,1,0,0,0,0
kinkhoest,0,0,0,0,0,1,0,0,0,0
inzage,0,0,0,0,0,0,0,0,0,0
doorlezen,0,0,0,0,0,0,0,0,0,0
doordringend,0,0,0,0,0,0,0,0,0,0
pervers,1,0,1,1,0,1,0,0,0,0
perversie,1,0,1,0,0,1,0,1,0,0
viezerik,1,0,1,0,0,1,0,0,0,0
pervers,0,0,1,0,0,1,0,0,0,0
pessimisme,1,0,0,1,0,1,0,1,0,0
pessimist,0,0,0,1,0,1,0,1,0,0
plaag,1,0,1,1,0,1,0,0,0,0
pestilentie,0,0,1,1,0,1,0,0,0,0
huisdier,0,0,0,0,0,1,0,0,0,0
verzoekschrift,0,0,0,0,0,0,0,0,0,0
verzoeker,0,0,0,0,0,0,0,0,0,0
benzine,0,0,0,0,0,0,0,0,0,0
aardolie,0,0,1,0,0,1,1,0,0,0
aaien,0,0,0,0,0,0,0,0,0,0
kleinzielig,0,0,0,0,0,1,0,0,0,0
kerkbank,0,0,0,0,0,0,0,0,0,0
tin,0,0,0,0,0,0,0,0,0,0
falanx,0,0,0,1,0,0,0,0,0,1
fantoom,0,0,0,1,0,1,0,0,0,0
farmaceutisch,0,0,0,0,0,0,1,0,0,0
apotheker,0,0,0,0,0,0,0,0,0,0
farmacologie,0,0,0,0,0,0,0,0,0,0
apotheek,0,0,0,0,0,0,0,0,0,0
fase,0,0,0,0,0,0,0,0,0,0
fenomeen,0,0,0,0,0,0,0,0,0,0
filantropisch,0,0,0,0,0,0,0,0,0,1
filantroop,0,0,0,0,0,0,1,0,0,1
filantropie,0,0,0,0,0,0,1,0,0,0
filosoof,0,0,0,0,0,0,1,0,0,1
filosofisch,0,0,0,0,0,0,0,0,0,0
filosofisch,0,0,0,0,0,0,0,0,0,0
filosofie,0,0,0,0,0,0,0,0,0,0
slijm,0,0,1,0,0,1,0,0,0,0
Feniks,0,0,0,0,0,0,1,0,0,0
telefoon,0,0,0,0,0,0,0,0,0,0
fonetisch,0,0,0,0,0,0,1,0,0,0
fonetiek,0,0,0,0,0,0,0,0,0,0
klanken,0,0,0,0,0,0,0,0,0,0
fonograaf,0,0,0,0,0,0,0,0,0,0
fonologie,0,0,0,0,0,0,0,0,0,0
nep,1,0,1,0,0,1,0,0,0,0
fosfor,0,0,0,0,0,0,0,0,0,0
fosfor,0,0,0,0,0,0,0,0,0,0
foto,0,0,0,0,0,0,0,0,0,0
fotogeniek,0,0,0,0,0,0,0,0,0,0
fotograaf,0,0,0,0,0,0,0,0,0,0
fotograaf,0,0,0,0,0,0,0,0,0,0
fotografie,0,0,0,0,0,0,0,0,0,0
fotometrie,0,0,0,0,0,0,0,0,0,0
zin,0,0,0,0,0,0,0,0,0,0
fraseologie,0,0,0,0,0,0,0,0,0,0
fylogenie,0,0,0,0,0,0,0,0,0,0
fysiek,0,0,0,0,0,0,0,0,0,0
arts,0,0,0,0,0,0,1,0,0,1
natuurkundige,0,0,0,0,0,0,0,0,0,1
natuurkunde,0,0,0,0,0,0,1,0,0,0
fysiologie,0,0,0,0,0,0,1,0,0,0
lichaamsbouw,0,0,0,0,0,0,1,0,0,0
pianist,0,0,0,0,0,0,0,0,0,0
piano,0,0,0,0,0,0,0,0,0,0
plein,0,0,0,0,0,0,0,0,0,0
piccolo,0,0,0,0,0,0,0,0,0,0
kiezen,0,0,0,0,0,0,1,0,0,0
geplukt,0,0,0,0,0,0,0,0,0,0
piket,1,1,0,1,0,1,0,0,0,0
piketten,1,0,0,0,0,1,0,0,0,0
augurk,0,0,0,0,0,1,0,0,0,0
oppakken,0,0,0,0,0,0,0,0,0,0
picknick,0,1,0,0,1,0,1,0,1,1
picturaal,0,0,0,0,0,0,0,0,0,0
afbeelding,0,0,0,0,0,0,0,0,0,0
pittoreske,0,0,0,0,1,0,1,0,0,0
taart,0,0,0,0,0,0,0,0,0,0
stukje bij beetje,0,0,0,0,0,0,0,0,0,0
bont,0,0,0,0,0,0,0,0,0,0
pier,0,0,0,0,0,0,0,0,0,0
doorboren,0,0,0,0,0,0,0,0,0,0
vroomheid,0,0,0,0,0,0,1,0,0,0
varken,0,0,1,0,0,1,0,0,0,0
duif,0,0,0,0,0,1,0,0,0,0
pigment,0,0,0,0,0,0,0,0,0,0
snoek,0,0,0,0,0,0,0,0,0,0
stapel,0,0,0,0,0,0,0,0,0,0
stapels,0,0,1,0,0,1,0,0,0,0
pelgrim,0,0,0,0,0,0,0,0,0,0
bedevaart,0,0,0,0,0,0,0,0,0,0
pil,0,0,0,0,0,0,1,0,0,1
plundering,1,0,1,1,0,1,0,0,0,0
pijler,0,0,0,0,0,0,0,0,0,0
kussen,0,0,0,0,0,0,1,0,0,0
kussensloop,0,0,0,0,0,0,0,0,0,0
piloot,0,0,0,0,0,0,1,0,0,1
pooier,0,0,0,0,0,1,0,0,0,0
puistje,0,0,1,0,0,1,0,0,0,0
pin,0,0,0,0,0,0,0,0,0,0
kneep,0,0,0,0,0,0,0,0,0,0
knijpen,0,0,0,0,0,0,0,0,0,0
pijnboom,0,0,0,0,0,1,0,1,0,0
ananas,0,0,0,0,0,0,0,0,0,0
ping,0,0,0,0,0,0,0,0,0,0
gaatje,0,0,0,0,0,0,0,0,0,0
rondsel,0,0,0,1,0,1,0,0,0,0
roze,0,0,0,0,0,0,0,0,0,0
toppunt,0,0,0,0,0,0,1,0,0,0
pionier,0,0,0,0,0,0,1,0,0,0
vroom,0,0,1,0,0,0,1,1,0,1
Pip,0,0,0,0,0,0,0,0,0,0
pijp,0,0,0,0,0,0,0,0,0,0
doorgesluisd,0,0,0,0,0,0,0,0,0,0
pijpleiding,0,0,0,0,0,0,0,0,0,0
pijper,0,0,0,0,0,0,0,0,0,0
pipet,0,0,0,0,0,0,0,0,0,0
piqué,1,0,0,0,0,1,0,0,0,0
piraterij,0,0,0,0,0,1,0,0,0,0
piraat,1,0,0,0,0,1,0,0,0,0
piscina,0,0,0,0,0,0,0,0,0,0
pistool,0,0,0,0,0,1,0,0,0,0
zuiger-,0,0,0,0,0,0,0,0,0,0
pit,0,0,0,0,0,0,0,0,0,0
toonhoogte,0,0,0,0,0,0,0,0,0,0
werper,0,0,0,0,0,0,0,0,0,0
valkuil,1,0,1,1,0,1,0,1,1,0
merg,0,0,0,0,0,0,1,0,0,1
pittig,0,0,0,0,0,0,0,0,0,0
ontpit,0,0,0,0,0,0,0,0,0,0
jammer,0,0,0,0,0,0,0,1,0,0
scharnier,0,0,0,0,0,0,1,0,0,1
foto,0,0,0,0,0,0,0,0,0,0
aanplakbiljet,0,0,0,0,0,0,0,0,1,0
plaats,0,0,0,0,0,0,0,0,0,0
placebo,0,0,0,0,0,0,0,0,0,0
vreedzaam,0,0,0,0,0,0,1,0,0,0
sluiting,0,0,0,0,0,0,0,0,0,0
plagiaat,0,0,1,0,0,1,0,0,0,0
pest,0,0,1,1,0,1,0,1,0,0
plaid,0,0,0,0,0,0,0,0,0,0
vlak,0,0,0,0,0,0,0,0,0,0
aanklager,0,0,0,0,0,1,0,0,0,0
klagend,0,0,0,0,0,0,0,1,0,0
plan,0,1,0,0,0,0,0,0,0,0
vlak,0,0,0,0,0,0,0,0,0,0
planeet,0,0,0,0,0,0,0,0,0,0
planetarium,0,0,0,0,0,0,0,0,0,0
planeten,0,0,0,0,0,0,0,0,0,0
plank,0,0,0,0,0,0,0,0,0,0
gepland,0,0,0,0,0,0,0,0,0,0
planning,0,1,0,0,0,0,1,0,0,1
plant,0,0,0,0,0,0,0,0,0,0
plantage,0,0,0,0,0,0,0,0,0,0
planter,0,0,0,0,0,0,0,0,0,0
planten,0,0,0,0,0,0,0,0,0,0
plasma,0,0,0,0,0,0,0,0,0,0
gips,0,0,0,0,0,0,0,0,0,0
plastic,0,0,0,0,0,0,0,0,0,0
plasticiteit,0,0,0,0,0,0,0,0,0,0
plat,0,0,0,0,0,0,0,0,0,0
bord,0,0,0,0,0,0,0,0,0,0
plateau,0,0,0,0,0,0,0,0,0,0
verguld,0,0,0,0,0,1,0,0,0,0
platform,0,0,0,0,0,0,0,0,0,0
plating,0,0,0,0,0,0,0,0,0,0
peloton,0,0,0,0,0,0,0,0,0,0
schotel,0,0,0,0,0,0,0,0,0,0
aannemelijkheid,0,0,0,0,0,0,0,0,0,0
Speel,0,0,0,0,0,0,0,0,0,0
spelen,0,0,0,0,0,0,0,0,0,0
speler,0,0,0,0,0,1,0,0,0,0
speels,1,0,0,0,1,0,1,0,1,1
speelplaats,0,1,0,0,1,0,1,0,1,1
speelhuisje,0,0,0,0,1,0,1,0,0,0
speelkameraad,0,0,0,0,0,0,0,0,0,0
toneelschrijver,0,0,0,0,0,0,0,0,0,0
plein,0,0,0,0,0,0,0,0,0,0
pleiten,0,1,0,1,0,1,0,1,0,0
prettig,0,1,0,0,1,0,1,0,1,1
verheugd,0,0,0,0,1,0,1,0,0,0
aangenaam,0,0,0,0,1,0,1,0,0,0
plooi,0,0,0,0,0,0,0,0,0,0
geplooid,0,0,0,0,0,0,0,0,0,0
belofte,0,0,0,0,1,0,1,0,0,1
toegezegd,0,0,0,0,0,0,0,0,0,0
plenaire vergadering,0,0,0,0,0,0,1,0,0,0
overvloedig,0,0,0,0,0,0,1,0,0,0
veel,0,0,0,0,0,0,0,0,0,0
plenum,0,0,0,0,0,0,0,0,0,0
overvloed,0,0,0,0,0,0,0,0,0,0
plexus,0,0,0,0,0,0,1,0,0,0
buigzaam,0,0,0,0,0,0,0,0,0,0
toepassing,0,0,0,0,0,0,0,0,0,0
tang,0,0,0,0,0,0,0,0,0,0
benarde toestand,0,1,1,1,0,1,0,1,0,0
plint,0,0,0,0,0,0,0,0,0,0
ploeteren,0,0,0,0,0,1,0,0,0,0
verhaallijn,0,0,0,0,0,0,0,0,0,0
ploeg,0,0,0,0,0,0,0,0,0,0
geploegd,0,0,0,0,0,0,0,0,0,0
plevier,0,0,0,0,0,0,0,0,0,0
ploeg,0,0,0,0,0,0,0,0,0,0
geploegd,0,0,0,0,0,0,0,0,0,0
ploegen,0,0,0,0,0,0,0,0,0,0
plukken,0,0,0,0,0,0,0,0,0,0
plug,0,0,0,0,0,0,0,0,0,0
pruim,0,0,0,0,0,0,1,0,0,0
gevederte,0,0,0,0,0,0,0,0,0,0
schietlood,0,0,0,0,0,0,1,0,0,0
pluim,0,0,0,0,0,0,0,0,0,0
kelderen,0,0,0,1,0,1,0,0,0,0
mollig,0,1,0,0,0,0,0,0,0,0
voller,0,0,0,0,0,0,0,0,0,0
plunderen,1,0,1,1,0,1,0,1,1,0
duik,0,0,0,1,0,1,0,0,0,0
meervoud,0,0,0,0,0,0,0,0,0,0
meervoud,0,0,0,0,0,0,0,0,0,0
pluche,0,0,0,0,0,0,1,0,0,0
plutonium,0,0,0,0,0,0,0,0,0,0
laag,0,0,0,0,0,0,1,0,0,0
longontsteking,0,0,0,1,0,1,0,0,0,0
stroperij,1,0,1,1,0,1,0,1,0,0
zak-,0,0,0,0,0,0,0,0,0,0
zakboekje,0,0,0,0,0,0,0,0,0,0
peul,0,0,0,0,0,0,0,0,0,0
gedicht,0,0,0,0,0,0,0,0,0,0
dichter,0,0,0,0,0,0,0,0,0,0
poëtisch,0,0,0,0,0,0,0,0,0,0
poëtisch,0,0,0,0,0,0,0,0,0,0
poëzie,0,0,0,0,0,0,0,0,0,0
poëzie,0,0,0,0,0,0,0,0,0,0
aangrijpend,0,0,0,0,0,0,0,0,0,0
punt,0,0,0,0,0,0,0,0,0,0
nadrukkelijk,0,0,0,0,0,0,1,0,0,0
wijzer,0,0,0,0,0,0,0,0,0,0
zinloos,0,0,0,0,0,1,0,1,0,0
evenwicht,0,0,0,0,0,0,0,0,0,0
vergif,1,0,1,1,0,1,0,1,0,0
vergiftigd,1,0,1,1,0,1,0,1,0,0
vergiftiging,0,0,1,0,0,1,0,0,0,0
giftig,1,0,1,1,0,1,0,1,0,0
por,0,1,0,0,0,1,0,0,0,0
poker,0,0,0,0,0,0,0,0,0,0
polair,0,0,0,0,0,0,0,0,0,0
polariteit,0,0,0,0,0,0,0,0,1,0
pool,0,0,0,0,0,0,0,0,0,0
polemiek,1,0,1,0,0,1,0,0,0,0
politie,0,0,0,1,0,0,1,0,0,1
politieagent,0,0,0,1,0,0,1,0,0,1
beleid,0,0,0,0,0,0,0,0,0,1
polio,0,0,0,1,0,1,0,1,0,0
Pools,0,0,0,0,0,0,1,0,0,0
gepolijst,0,0,0,0,0,0,1,0,0,0
beleefd,0,0,0,0,0,0,1,0,0,0
beleefdheid,0,0,0,0,0,0,1,0,0,0
politiek,0,0,1,0,0,0,1,0,0,0
politicus,0,0,0,0,0,0,0,0,0,0
politiek,1,0,0,0,0,0,0,0,0,0
staatsbestel,0,0,0,0,0,0,0,0,0,0
opiniepeiling,0,0,0,0,0,0,0,0,0,1
vervuilen,0,0,1,0,0,1,0,0,0,0
vervuiling,0,0,1,0,0,1,0,0,0,0
polo,0,0,0,0,0,0,0,0,0,0
polygamie,0,0,1,0,0,1,0,0,0,0
veelhoek,0,0,0,0,0,0,0,0,0,0
veelhoekig,0,0,0,0,0,0,0,0,0,0
polymeer,0,0,0,0,0,0,0,0,0,0
polymorfisme,0,0,0,0,0,0,0,0,0,0
praal,0,0,0,0,0,1,0,0,0,0
pompeus,0,0,1,0,0,1,0,0,0,0
poncho,0,0,0,0,0,0,0,0,0,0
vijver,0,0,0,0,0,0,0,0,0,0
nadenken,0,0,0,0,0,0,0,0,0,0
zwaarwichtig,0,0,0,0,0,1,0,0,0,0
paus,0,0,0,0,0,0,0,0,0,1
pontificaat,0,0,0,0,0,0,0,0,0,0
ponton,0,0,0,0,0,0,0,0,0,0
pony,0,0,0,0,0,0,0,0,0,0
poedel,0,0,0,0,0,0,0,0,0,0
zwembad,0,0,0,0,0,0,1,0,0,0
poep,0,0,0,0,0,0,0,0,0,0
slecht,0,0,0,0,0,1,0,0,0,0
knal,0,0,0,0,0,1,0,0,1,0
paus,0,0,0,0,0,0,1,0,0,0
papaver,0,0,0,0,0,0,0,0,0,0
populair,0,0,0,0,0,0,0,0,0,0
populariteit,0,0,0,0,0,0,1,0,0,0
gepopulariseerd,0,0,0,0,0,0,1,0,0,0
bevolking,0,0,0,0,0,0,1,0,0,0
dichtbevolkt,0,0,0,0,0,0,0,0,0,0
porselein,0,0,0,0,0,0,0,0,0,0
portiek,0,0,0,0,0,0,0,0,0,0
stekelvarken,0,0,0,0,0,1,0,0,0,0
porie,0,0,0,0,0,0,0,0,0,0
varkensvlees,0,0,0,0,0,0,0,0,0,0
porno,0,0,1,0,0,1,0,0,0,0
porno,0,0,0,0,0,1,0,0,0,0
pornografisch,0,0,0,0,0,1,0,0,0,0
pornografie,0,0,1,0,0,1,0,0,0,0
porositeit,0,0,0,0,0,0,0,0,0,0
poreus,0,0,0,0,0,0,0,0,0,0
pap,0,0,0,0,0,0,0,0,0,0
haven,0,0,0,0,0,0,0,0,0,0
draagbaar,0,0,0,0,0,0,1,0,0,0
overdragen,0,0,0,0,0,0,0,0,0,0
portaal,0,0,0,0,0,0,0,0,0,0
portier,0,0,0,0,0,0,0,0,0,0
portefeuille,0,0,0,0,0,0,0,0,0,0
portiek,0,0,0,0,0,0,0,0,0,0
deel,0,0,0,0,0,0,0,0,0,0
portret,0,0,0,0,0,0,0,0,0,0
portret,0,0,0,0,0,0,0,0,0,0
portretteren,0,0,0,0,0,0,0,0,0,0
houding,0,0,0,0,0,1,0,0,0,0
moeilijke vraag,0,0,0,0,0,0,0,0,0,0
geponeerd,0,0,0,0,0,0,0,0,0,0
positie,0,0,0,0,0,0,0,0,0,0
troep,0,0,0,1,0,0,0,0,0,0
bezitten,0,1,0,0,1,0,1,0,0,1
bezeten,1,0,1,1,0,1,0,0,0,0
in bezit hebben,0,0,0,0,0,0,0,0,0,0
bezit,1,0,1,1,0,1,0,0,0,0
bezitter,0,0,0,0,0,0,0,0,0,0
mogelijkheid,0,1,0,0,0,0,0,0,0,0
mogelijk,0,0,0,0,0,0,0,0,0,0
na,0,0,0,0,0,0,0,0,0,0
post-,0,0,0,0,0,0,0,0,0,0
poster,0,0,0,0,0,0,0,0,0,0
achterste,0,0,0,0,0,0,0,0,0,0
nageslacht,0,0,0,0,0,0,0,0,0,0
postuum,0,0,0,0,0,1,0,1,0,0
uitstellen,0,0,0,0,0,0,0,0,0,0
uitgesteld,0,0,0,0,0,0,0,0,0,0
uitstel,0,0,0,0,0,1,0,0,1,0
naschrift,0,0,0,0,0,0,0,0,0,0
postulaat,0,0,0,0,0,0,0,0,0,0
houding,0,0,0,0,0,0,0,0,0,0
pot,0,0,0,0,0,0,0,0,0,0
drinkbaar,0,0,0,0,0,0,1,0,0,0
potentie,0,0,0,0,0,0,1,0,0,0
krachtig,0,0,0,0,0,0,0,0,0,0
potentieel,0,0,0,0,0,0,0,0,0,0
toverdrank,0,0,0,0,0,0,0,0,0,0
potluck,0,0,0,0,0,0,0,0,0,0
potpourri,0,0,0,0,0,0,0,0,0,0
pottenbakker,0,0,0,0,0,0,0,0,0,0
pottenbakkerij,0,0,0,0,0,0,0,0,0,0
zakje,0,0,0,0,0,0,0,0,0,0
gevogelte,0,0,0,0,0,0,0,0,0,0
pond,1,0,0,0,0,1,0,0,0,0
gieten,0,0,0,0,0,0,0,0,0,0
armoede,1,0,1,1,0,1,0,1,0,0
pow,1,0,0,0,0,0,0,0,0,0
poeder,0,0,0,0,0,0,0,0,0,0
gepoederd,0,0,0,0,0,0,0,0,0,0
poederachtig,0,0,0,0,0,0,0,0,0,0
krachtig,1,1,1,1,1,0,1,0,0,1
krachtig,0,0,0,1,0,0,1,0,0,0
machteloos,1,0,1,1,0,1,0,1,0,0
pokken,0,0,0,0,0,0,0,0,0,0
uitvoerbaar,0,0,0,0,0,0,0,0,0,0
praktisch,0,0,0,0,0,0,0,0,0,0
praktisch,0,0,0,0,0,0,0,0,0,0
oefening,0,0,0,0,0,0,1,0,0,0
geoefend,0,0,0,0,1,0,1,0,1,1
oefening,0,1,0,0,0,0,1,0,0,0
beoefenaar,0,0,0,0,0,0,0,0,0,0
prairie,0,0,0,0,0,0,0,0,0,0
loven,0,0,0,0,1,0,1,0,0,1
geprezen,0,0,0,0,1,0,1,0,0,0
lofwaardig,0,1,0,0,1,0,1,0,1,1
grap,0,0,0,0,0,1,0,0,1,0
praktijk,0,0,0,0,0,0,0,0,0,0
bidden,0,1,0,1,1,0,1,0,1,1
gebed,0,0,0,0,0,0,0,0,0,0
prediken,0,0,0,0,0,0,0,0,0,0
prediker,0,0,0,0,0,0,0,0,0,0
prediking,0,0,0,0,0,0,0,0,0,0
preambule,0,0,0,0,0,0,0,0,0,0
onzeker,0,1,0,1,0,1,0,1,0,0
voorzorgsmaatregel,0,0,0,0,0,0,1,0,0,0
voorzorgsmaatregel,0,0,0,0,0,0,0,0,0,0
voorafgaan,0,0,0,0,0,0,1,0,0,0
voorrang,0,0,0,0,0,0,1,0,0,1
precedent,0,0,0,0,0,0,0,0,0,0
voorgaand,0,0,0,0,0,0,0,0,0,0
voorschrift,0,0,0,0,0,0,0,0,0,0
leermeester,0,0,0,0,0,0,0,0,0,0
precessie,0,0,0,0,0,0,0,0,0,0
district,0,0,0,0,0,1,0,0,0,0
terrein,0,0,0,0,0,0,0,0,0,0
kostbaar,0,1,0,0,1,0,1,0,1,0
afgrond,0,0,0,1,0,0,0,0,0,0
neerslag,0,0,0,0,0,0,0,0,0,0
neerslag,0,0,0,0,0,0,0,0,0,0
steil,0,0,0,0,0,0,0,0,0,0
nauwkeurig,0,0,0,0,0,0,1,0,0,0
precies,0,0,0,0,0,0,0,0,0,0
precisie,0,0,0,0,0,0,1,0,0,0
uitsluiten,1,0,0,0,0,0,0,0,0,0
vroegrijp,0,0,0,0,0,0,0,0,0,0
voorloper,0,1,0,0,0,0,0,0,0,0
roofzuchtig,0,0,0,0,0,1,0,0,0,0
voorganger,0,0,0,0,0,0,0,0,0,0
toestand,0,0,0,1,0,1,0,0,0,0
predikaat,0,0,0,0,0,0,0,0,0,0
voorspellen,0,1,0,0,0,0,0,0,0,0
voorspellen,0,0,0,0,0,0,0,0,0,0
voorspelling,0,1,0,0,0,0,0,0,0,0
voorspellend,0,0,0,0,0,0,0,0,0,0
voorspeller,0,0,0,0,0,0,0,0,0,0
voorliefde,0,1,0,0,0,0,1,0,0,0
vatbaar maken,0,1,0,0,0,0,0,0,0,0
gepredisponeerd,0,0,0,0,0,0,0,0,0,0
aanleg,0,0,0,0,0,0,0,0,0,0
overwicht,0,0,0,0,0,0,0,0,0,0
overheersend,0,0,0,0,0,0,1,0,0,1
overheersen,0,0,0,0,0,0,0,0,0,0
bij uitstek,0,0,0,0,0,0,1,0,0,0
voorrang,0,0,0,0,0,0,0,0,0,0
voorwoord,0,0,0,0,0,0,0,0,0,0
prefect,0,0,0,0,0,0,0,0,0,0
verkiezen,0,0,0,0,0,0,1,0,0,1
voorkeur,0,0,0,0,0,0,0,0,0,0
preferentieel,0,0,0,0,0,0,0,0,0,0
voorvoegsel,0,0,0,0,0,0,0,0,0,0
zwangerschap,0,0,1,0,0,1,0,0,0,0
prehistorisch,0,0,0,0,0,0,0,0,0,0
vooroordeel,1,0,0,0,0,1,0,0,0,0
bevooroordeeld,0,0,1,1,0,1,0,0,0,0
nadelig,1,0,0,0,0,1,0,0,0,0
voorbarig,0,1,0,0,0,0,0,0,0,0
voorspel,0,0,0,0,0,0,0,0,0,0
prematuur,0,0,0,0,0,0,0,0,1,0
voortijdig,0,0,0,0,0,0,0,0,0,0
met voorbedachten rade,0,0,0,1,0,1,0,0,0,0
premier,0,0,0,0,0,0,1,0,0,0
stelling,0,0,0,0,0,0,0,0,0,0
terrein,0,0,0,0,0,0,1,0,0,0
premie,0,0,0,0,0,0,0,0,0,0
preoccupatie,0,0,0,0,0,0,0,0,0,0
in beslag genomen,0,0,0,0,0,0,0,0,0,0
voorbereiding,0,1,0,0,0,0,0,0,0,0
voorbereidend,0,1,0,0,0,0,0,0,0,0
bereiden,0,1,0,0,0,0,1,0,0,0
voorbereid,0,1,0,0,0,0,1,0,0,1
paraatheid,0,1,0,0,0,0,0,0,0,0
bereider,0,0,0,0,0,0,0,0,0,0
voorbereidingen treffen,0,0,0,0,0,0,0,0,0,0
overwicht,0,0,0,0,0,0,0,0,0,1
eerste vereiste,0,1,0,0,0,0,0,0,0,0
voorrecht,0,0,0,0,0,0,0,0,0,0
vooruitziend,0,1,0,0,0,0,1,0,0,0
voorgeschreven,0,0,0,0,0,0,0,0,0,0
recept,0,0,0,0,0,0,0,0,0,0
voorschrijvend,0,0,0,0,0,0,0,0,0,0
aanwezigheid,0,0,0,0,0,0,1,0,0,0
Cadeau,0,1,0,0,1,0,1,0,1,1
toonbaar,0,0,0,0,0,0,1,0,0,0
presentatie,0,0,0,0,0,0,0,0,0,0
aanbieding,0,0,0,0,0,1,1,0,0,0
behoud,0,0,0,0,0,0,0,0,0,0
conserveermiddel,0,1,0,0,1,0,1,0,1,1
beschermen,0,0,0,0,0,0,1,0,0,0
bewaard gebleven,0,0,0,0,0,0,0,0,0,0
bewaren,0,0,0,0,0,0,0,0,0,0
voorzitten,0,0,0,0,0,0,0,0,0,0
presidentschap,0,0,0,0,0,0,0,0,0,0
president,0,0,0,0,0,0,1,0,0,1
druk op,0,0,0,0,0,0,0,0,0,0
drukken op,0,0,0,0,0,0,0,0,0,0
druk,0,0,0,0,0,1,0,0,0,0
prestige,0,0,0,0,1,0,1,0,0,1
presto,0,0,0,0,1,0,1,0,1,0
vermoeden,0,0,0,0,0,0,0,0,0,1
vermoedelijke,0,0,0,0,0,0,0,0,0,0
aanmatigend,1,0,1,0,0,1,0,0,0,0
vooronderstellen,0,0,0,0,0,0,0,0,0,0
doen alsof,0,0,0,0,0,1,0,0,0,0
deed alsof,0,0,0,0,0,1,0,0,0,0
doen alsof,1,0,0,0,0,1,0,0,0,0
voorwendsel,0,0,0,0,0,1,0,0,0,0
pretenties,0,0,0,0,0,1,0,0,0,0
voorwendsel,0,0,0,0,0,0,0,0,0,0
mooi,0,1,0,0,1,0,1,0,0,1
zegevieren,0,1,0,0,1,0,1,0,0,0
overheersend,0,0,0,0,0,0,0,0,0,0
prevalentie,0,0,0,0,0,0,0,0,0,0
heersend,0,0,0,0,0,0,0,0,0,1
voorkomen,0,0,0,1,0,0,0,0,0,0
preventief,0,0,0,0,0,0,0,0,0,0
preventie,0,1,0,0,0,0,1,0,0,0
preventief,0,0,0,0,0,1,0,0,0,0
vorig,0,0,0,0,0,0,0,0,0,0
eerder,0,0,0,0,0,0,0,0,0,0
prooi,0,0,0,1,0,1,0,0,0,0
prijs,0,0,0,0,0,0,0,0,0,0
onbetaalbaar,0,0,0,0,0,0,1,0,0,0
prik,1,0,1,1,0,1,0,0,1,0
stekelig,0,0,0,0,0,1,0,0,0,0
trots,0,0,0,0,1,0,1,0,0,0
priester,0,0,0,0,0,0,1,0,0,1
priesterschap,0,1,0,0,1,0,1,1,0,1
priesterlijk,0,0,0,0,0,0,1,0,0,0
priem,0,0,0,0,0,0,0,0,0,0
voorrang,0,0,0,0,0,0,1,0,0,0
primair,0,0,0,0,0,0,1,0,0,0
primaat,0,0,0,0,0,0,0,0,0,0
primaten,0,0,0,0,0,0,0,0,0,0
priemgetal,0,0,0,0,0,0,1,0,0,0
geprimed,0,0,0,0,0,0,0,0,0,0
inleiding,0,0,0,0,0,0,1,0,0,1
oer,0,0,0,0,0,0,0,0,0,0
priming,0,0,0,0,0,0,0,0,0,0
primitief,0,0,0,0,0,0,0,0,0,0
primordiaal,0,0,0,0,0,0,0,0,0,0
prins,0,0,0,0,0,0,1,0,0,0
prinselijk,0,1,0,0,1,0,1,0,1,1
prinses,0,0,0,0,0,0,1,0,0,0
voornaam,0,0,0,0,0,0,1,0,0,1
voornamelijk,0,0,0,0,0,0,0,0,0,0
beginsel,0,0,0,0,0,0,0,0,0,0
afdrukken,0,0,0,0,0,0,0,0,0,0
printer,0,0,0,0,0,0,0,0,0,0
afdrukken,0,0,0,0,0,0,0,0,0,0
voorafgaand,0,0,0,0,0,0,0,0,0,0
prioriteit,0,0,0,0,0,0,0,0,0,0
priorij,0,0,0,0,0,0,0,0,0,0
prisma,0,0,0,0,0,0,0,0,0,0
prismatisch,0,0,0,0,0,0,0,0,0,0
gevangenis,1,0,0,1,0,1,0,1,0,0
gevangene,1,0,1,1,0,1,0,1,0,0
onschuldig,0,0,0,0,0,0,1,0,0,0
privacy,0,0,0,0,0,0,0,0,0,0
privaat,0,0,0,0,0,0,0,0,0,0
privé,0,0,0,0,0,0,0,0,0,0
voorrecht,0,0,0,0,0,0,0,0,0,0
bevoorrecht,0,0,0,0,1,0,1,0,0,1
ingewijd,0,0,0,0,0,1,0,0,0,1
waarschijnlijkheid,0,1,0,0,0,0,0,0,0,0
waarschijnlijk,0,0,0,0,0,0,0,0,0,0
proeftijd,0,1,0,1,0,0,0,1,0,0
proef-,0,0,0,0,0,0,0,0,0,0
bewijskrachtig,0,0,0,0,0,0,0,0,0,0
doorvragen,0,0,0,0,0,0,0,0,0,0
eerlijkheid,0,0,0,0,0,0,1,0,0,1
probleem,0,0,0,1,0,1,0,1,0,0
procedure,0,0,0,1,0,0,1,0,0,0
doorgaan,0,0,0,0,0,0,0,0,0,0
procedure,0,1,0,0,0,0,0,0,0,0
opbrengst,0,0,0,0,0,0,0,0,0,0
werkwijze,0,0,0,0,0,0,0,0,0,0
processie,0,0,0,0,1,0,1,1,1,0
verkondigen,0,0,0,0,0,0,0,0,0,0
proclamatie,0,0,0,0,0,0,0,0,0,0
uitstellen,0,0,0,0,0,1,0,0,0,0
uitstelgedrag,0,0,0,0,0,1,0,0,0,0
voortplanting,0,0,0,0,0,0,0,0,0,0
surveillant,0,0,0,0,0,0,1,0,0,1
aanschaffen,0,0,0,0,0,0,1,0,0,0
inkoop,0,0,0,0,0,0,0,0,0,0
prod,0,0,0,0,0,0,0,0,0,0
kwistig,0,0,0,0,0,1,1,0,0,0
wonderbaarlijk,0,0,0,0,0,0,1,0,0,0
wonderkind,0,0,0,0,0,0,1,0,0,0
produceren,0,0,0,0,0,0,0,0,0,0
geproduceerd,0,0,0,0,0,0,0,0,0,0
producent,0,0,0,0,0,0,1,0,0,0
produceren,0,0,0,0,0,0,1,0,0,0
Product,0,0,0,0,0,0,0,0,0,0
productie,0,1,0,0,0,0,1,0,0,0
productief,0,0,0,0,0,0,1,0,0,0
productiviteit,0,0,0,0,0,0,1,0,0,0
ontheiligen,1,0,0,0,0,1,0,0,0,0
vulgair taalgebruik,1,0,0,0,0,1,0,0,0,0
belijden,0,0,0,0,0,0,0,0,0,0
beroep,0,0,0,0,0,0,1,0,0,0
professioneel,0,0,0,0,0,0,1,0,0,1
professor,0,0,0,0,0,0,1,0,0,1
hoogleraarschap,0,0,0,0,0,0,0,0,0,1
vaardigheid,0,1,0,0,1,0,1,0,1,1
bekwaam,0,0,0,0,0,0,1,0,0,1
profiel,0,0,0,0,0,0,0,0,0,0
winst,0,0,0,0,0,0,0,0,0,0
overvloedig,0,0,0,0,0,0,1,0,0,0
overvloed,0,0,0,0,0,1,0,0,0,0
prog,0,0,0,0,0,0,0,0,0,0
stamvader,0,0,0,0,0,0,0,0,0,0
nakomelingen,0,0,0,0,0,0,0,0,0,0
prognose,0,1,0,1,0,0,0,0,0,0
prognostisch,0,1,0,0,0,0,0,0,0,0
programma,0,0,0,0,0,0,0,0,0,0
programma,0,0,0,0,0,0,0,0,0,0
programmeur,0,0,0,0,0,0,0,0,0,0
voortgang,0,1,0,0,1,0,1,0,0,0
progressie,0,1,0,0,1,0,1,1,0,1
progressief,0,0,0,0,0,0,1,0,0,0
verbieden,0,0,0,0,0,0,0,0,0,0
verboden,1,0,1,1,0,1,0,0,0,0
verbod,0,0,0,0,0,1,0,0,0,0
onbetaalbaar,0,0,0,0,0,0,0,0,0,0
projecteren,0,0,0,0,0,0,0,0,0,0
projectiel,0,0,0,1,0,0,0,0,0,0
projectielen,0,0,0,1,0,0,0,0,0,0
projecteren,0,0,0,0,0,0,0,0,0,0
projectie,0,0,0,0,0,0,0,0,0,0
projector,0,0,0,0,0,0,0,0,0,0
proletarisch,0,0,0,0,0,0,0,0,0,0
proletariaat,0,0,0,0,0,0,0,0,0,0
vruchtbaar,0,0,0,0,0,0,1,0,0,0
proloog,0,1,0,0,0,0,0,0,0,0
verlengen,0,0,1,0,0,1,0,0,0,0
verlenging,0,0,0,0,0,0,0,0,0,0
langdurig,0,0,0,0,0,0,0,0,0,0
promenade,0,0,0,0,0,0,0,0,0,0
uitsteeksel,0,0,0,0,0,0,1,0,0,0
prominent,0,0,0,0,0,0,1,0,0,0
promiscue,0,0,0,0,0,1,0,0,0,0
belofte,0,0,0,0,1,0,1,0,0,1
veelbelovend,0,0,0,0,0,0,1,0,0,0
belofte,0,0,0,0,0,0,0,0,0,0
voorgebergte,0,0,0,0,0,0,0,0,0,0
promoten,0,0,0,0,0,0,0,0,0,0
promotor,0,0,0,0,0,0,0,0,0,0
Promotie,0,0,0,0,0,0,1,0,0,0
snel,0,0,0,0,0,0,0,0,0,0
aansporing,0,0,0,0,0,0,0,0,0,0
afkondigen,0,0,0,0,0,0,0,0,0,0
afkondiging,0,0,0,0,0,0,0,0,0,0
vooroverliggend,0,0,0,0,0,0,0,0,0,0
uitsteeksel,0,0,0,0,0,0,0,0,0,0
uitspreken,0,0,0,0,0,0,0,0,0,0
uitgesproken,0,0,0,0,0,0,0,0,0,0
uitspraak,0,0,0,0,0,0,0,0,0,0
uitspraak,0,0,0,0,0,0,0,0,0,0
een bewijs,0,0,0,0,0,0,0,0,0,1
prop,0,0,0,0,0,0,1,0,0,0
propaganda,0,0,0,0,0,1,0,0,0,0
propageren,0,0,0,0,0,0,0,0,0,0
voortplanting,0,0,0,0,0,0,0,0,0,0
propaan,0,0,0,0,0,0,0,0,0,0
voortbewegen,0,0,0,0,0,0,0,0,0,0
voortgestuwd,0,0,0,0,0,0,0,0,0,0
propeller,0,0,0,0,0,0,0,0,0,0
voortbewegen,0,0,0,0,0,0,0,0,0,0
neiging,0,0,0,0,0,0,0,0,0,0
juist,0,0,0,0,0,0,1,0,0,0
eigendom,0,0,0,0,0,0,0,0,0,0
profetie,0,1,0,0,0,0,0,0,0,0
profeteren,0,0,0,0,0,0,0,0,0,0
profeet,0,1,0,0,0,0,1,0,0,1
profetisch,0,1,0,0,0,0,0,0,0,0
profylactisch,0,1,0,0,0,0,1,0,0,1
profylaxe,0,0,0,0,0,0,0,0,0,0
proportie,0,0,0,0,0,0,0,0,0,0
proportioneel,0,0,0,0,0,0,0,0,0,0
evenredig,0,0,0,0,0,0,0,0,0,0
proporties,0,0,0,0,0,0,0,0,0,0
voorstel,0,0,0,0,0,0,0,0,0,0
voorstel,0,0,0,0,0,0,1,0,0,0
eigendomsrecht,0,0,0,0,0,0,0,0,0,0
eigenaar,0,0,0,0,0,0,0,0,0,0
eigendom,0,0,0,0,0,0,0,0,0,0
fatsoen,0,0,0,0,0,0,0,0,0,0
voortstuwing,0,0,0,0,0,0,0,0,0,0
proza,0,0,0,0,0,0,0,0,0,0
vervolgen,1,0,0,1,0,1,0,1,0,0
vervolging,0,0,1,0,0,1,0,0,0,0
aanklager,0,0,0,0,0,0,0,0,0,0
verwachting,0,0,0,0,0,0,1,0,0,0
prospectief,0,0,0,0,0,0,0,0,0,0
prospectief,0,1,0,0,0,0,0,0,0,0
prospectus,0,0,0,0,0,0,0,0,0,0
bloeien,0,1,0,0,1,0,1,0,0,0
voorspoed,0,0,0,0,0,0,1,0,0,0
voorspoedig,0,0,0,0,1,0,1,0,0,0
prostitueren,0,0,1,0,0,1,0,0,0,0
prostitutie,0,0,1,0,0,1,0,1,0,0
knielen,0,0,0,0,0,0,0,0,0,0
hoofdrolspeler,0,0,0,0,0,0,0,0,0,0
beschermen,0,0,0,0,0,0,1,0,0,0
beschermd,0,0,0,0,0,0,0,0,0,1
beschermen,0,0,0,0,0,0,1,0,0,1
bescherming,0,0,0,0,0,0,0,0,0,0
beschermend,0,0,0,0,0,0,1,0,0,0
beschermer,0,0,0,0,0,0,1,0,0,1
eiwit,0,0,0,0,0,0,0,0,0,0
protest,0,0,0,0,0,0,0,0,0,0
protocol,0,0,0,0,0,0,0,0,0,0
voorlopig ontwerp,0,0,0,0,0,0,0,0,0,0
protozoa,0,0,0,0,0,0,0,0,0,0
langdurig,0,0,0,0,0,0,0,0,0,0
uitsteken,0,0,0,0,0,0,0,0,0,0
uitsteeksel,0,0,0,0,0,0,0,0,0,0
trots,0,1,0,0,1,0,1,0,0,1
bewijzen,0,0,0,0,0,0,1,0,0,0
bewezen,0,0,0,0,0,0,0,0,0,1
spreekwoord,0,0,0,0,0,0,0,0,0,0
spreekwoordelijk,0,0,0,0,0,0,1,0,0,0
voorzien in,0,0,0,0,0,0,1,0,0,1
mits,0,0,0,0,0,0,0,0,0,0
voorzienigheid,0,0,0,0,0,0,0,0,0,0
het verstrekken van,0,1,0,0,1,0,1,0,0,1
provincie,0,0,0,0,0,0,0,0,0,0
provinciaal,0,0,0,0,0,0,0,0,0,0
voorraad,0,0,0,0,0,0,0,0,0,0
voorlopig,0,0,0,0,0,0,0,0,0,0
voorzieningen,0,0,0,0,0,0,0,0,0,0
onder voorbehoud,0,0,0,0,0,0,0,0,0,1
provocatie,1,0,0,0,0,1,0,0,0,0
provocatief,0,0,0,0,0,0,0,0,0,0
provoceren,1,0,1,0,0,1,0,0,0,0
provoost,0,0,0,0,0,0,0,0,0,0
dapperheid,0,0,0,0,0,0,0,0,0,0
sluipen,0,0,0,1,0,0,0,0,1,0
proximaal,0,0,0,0,0,0,0,0,0,0
dichtbij,0,0,0,0,0,0,0,0,0,0
nabijheid,0,0,0,0,0,0,0,0,0,0
volmacht,0,0,0,0,0,0,0,0,0,1
voorzichtigheid,0,0,0,0,0,0,1,0,0,0
voorzichtig,0,0,0,0,0,0,1,0,0,1
gedroogde pruim,0,0,0,0,0,0,0,0,0,0
wrikken,1,1,0,0,0,1,0,0,0,1
nieuwsgierig,0,0,0,0,0,1,0,0,0,0
psalm,0,0,0,0,0,0,1,0,0,0
pseudo,0,0,0,0,0,0,0,0,0,0
pseudoniem,0,0,0,0,0,0,0,0,0,0
Psyche,0,0,0,0,0,0,0,0,0,0
psychisch,0,0,0,0,0,0,0,0,0,0
helderzienden,0,0,0,0,0,0,0,0,0,0
psychologisch,0,0,0,0,0,0,0,0,0,0
psycholoog,0,0,0,0,0,0,0,0,0,0
psychologie,0,0,0,0,0,0,0,0,0,0
psychose,1,0,0,1,0,1,0,1,0,0
kroeg,0,0,0,0,0,0,0,0,0,0
puberteit,0,0,0,0,0,0,0,0,0,0
puberaal,0,0,0,0,0,0,0,0,0,0
openbaar,0,1,0,0,0,0,1,0,0,0
publicatie,0,0,0,0,0,0,0,0,0,0
publicist,0,0,0,0,0,1,0,0,0,0
publiciteit,0,0,0,0,0,0,0,0,0,0
publiekelijk,0,0,0,0,0,0,0,0,0,0
publiceren,0,0,0,0,0,0,0,0,0,0
gepubliceerd,0,0,0,0,0,0,0,0,0,0
uitgeverij,0,0,0,0,0,0,0,0,0,0
pudding,0,0,0,0,0,0,0,0,0,0
plas,0,0,0,0,0,0,0,0,0,0
puffen,0,0,0,0,0,0,0,0,0,0
gezwollen,0,0,0,0,0,1,0,0,0,0
mopshond,0,0,0,0,0,0,0,0,0,0
kotsen,0,0,1,0,0,0,0,0,0,0
trekken,0,0,0,0,0,0,1,0,0,0
katrol,0,0,0,0,0,0,0,0,0,0
stoppen,0,0,0,0,0,0,0,0,0,0
pulmonaal,0,0,0,0,0,0,0,0,0,0
pulp,0,0,0,0,0,0,0,0,0,0
preekstoel,0,0,0,0,0,0,1,0,0,0
pulsatie,0,0,0,0,0,0,0,0,0,0
puls,0,0,0,0,0,0,0,0,0,0
poema,0,0,0,1,0,0,0,0,1,0
pomp,0,0,0,0,0,0,0,0,0,0
woordspeling,0,0,0,0,0,0,0,0,0,0
stomp,1,0,0,1,0,1,0,1,1,0
punctueel,0,1,0,0,0,0,1,0,0,1
stiptheid,0,0,0,0,0,0,1,0,0,0
stipt,0,0,0,0,0,0,0,0,0,0
interpunctie,0,0,0,0,0,0,0,0,0,0
lekke band,0,0,0,0,0,0,0,0,0,0
expert,0,0,0,0,0,0,0,0,0,0
scherp,0,0,1,0,0,1,0,0,0,0
straffen,0,0,0,1,0,1,0,0,0,0
gestraft,1,1,1,1,0,1,0,1,0,0
straffen,1,0,0,1,0,1,0,1,0,0
straf,1,0,1,1,0,1,0,0,0,0
bestraffend,1,0,0,1,0,1,0,1,0,0
punk-,0,0,0,0,0,0,0,0,0,0
punt,0,1,0,0,0,0,0,0,0,0
nietig,0,0,0,0,0,0,0,0,0,0
pup,0,0,0,0,0,0,0,0,0,0
leerling,0,0,0,0,0,0,0,0,0,0
marionet,0,0,0,0,0,0,0,0,0,0
puppy,0,1,0,0,0,0,1,0,0,1
aankoop,0,0,0,0,0,0,0,0,0,0
koper,0,0,0,0,0,0,0,0,0,0
kopen,0,0,0,0,0,0,0,0,0,0
puree,0,0,0,0,0,0,0,0,0,0
puur,0,0,0,0,0,0,1,0,0,1
vagevuur,0,0,1,1,0,1,0,0,0,0
zuiveren,0,0,0,1,0,1,0,0,0,0
zuivering,0,0,0,0,0,0,1,0,0,1
zuiveren,0,0,0,0,1,0,1,0,0,1
puristisch,0,0,0,0,0,0,1,0,0,0
zuiverheid,0,0,0,0,0,0,1,0,1,0
Purper,0,0,0,0,0,0,0,0,0,0
strekking,0,0,0,0,0,0,0,0,0,0
doel,0,0,0,0,0,0,0,0,0,0
met opzet,0,0,0,0,0,0,0,0,0,0
snorren,0,0,0,0,1,0,1,0,0,1
tas,0,0,0,0,0,0,0,0,0,0
navolging,0,0,0,0,0,0,0,0,0,0
achtervolgen,0,0,0,0,0,0,0,0,0,0
nastreven,0,0,0,0,0,0,0,0,0,0
leverancier,0,0,0,0,0,0,0,0,0,0
gezichtsveld,0,0,0,0,0,0,0,0,0,0
pus,0,0,1,0,0,1,0,0,0,0
duw,0,0,0,0,0,0,0,0,0,0
duwen,0,0,0,0,0,0,0,0,0,0
poesje,0,0,0,0,0,0,0,0,0,0
kutje,0,0,0,0,0,0,0,0,0,0
poesje,0,0,0,0,0,0,0,0,0,0
leggen,0,0,0,0,0,0,0,0,0,0
vermoedelijk,0,0,0,0,0,0,0,0,0,1
zet,0,0,0,0,0,0,0,0,0,0
stopverf,0,0,0,0,0,0,0,0,0,0
verbaasd,0,0,0,0,0,0,0,0,0,0
raadselachtig,0,0,0,0,0,0,0,0,0,0
pygmee,0,0,0,0,0,0,0,0,0,0
piramide,0,0,0,0,0,0,0,0,0,0
piramidaal,0,0,0,0,0,0,0,0,0,0
pyrotechniek,0,0,0,0,0,0,0,0,0,0
kwakzalvers-,0,0,1,0,0,1,0,0,0,0
quad,0,0,0,0,0,0,0,0,0,0
vierhoek,0,0,0,0,0,0,0,0,0,0
kwadrant,0,0,0,0,0,0,0,0,0,0
kwadratisch,0,0,0,0,0,0,0,0,0,0
kwadratuur,0,0,0,0,0,0,0,0,0,0
verviervoudigen,0,0,0,0,0,0,0,0,0,0
quadrupool,0,0,0,0,0,0,0,0,0,0
moeras,0,0,1,0,0,1,0,0,0,0
kwartel,0,0,0,1,0,1,0,0,0,0
schilderachtig,0,0,0,0,1,0,1,0,0,1
aardbeving,0,0,0,1,0,0,0,0,0,0
gekwalificeerd,0,0,0,0,0,0,1,0,0,1
kwalificeren,0,0,0,0,0,0,0,0,0,0
in aanmerking komende,0,0,0,0,0,0,1,0,0,0
kwaliteiten,0,0,0,0,0,0,0,0,0,0
kwaliteit,0,0,0,0,0,0,0,0,0,0
dilemma,1,0,0,1,0,1,0,0,0,0
kwantificeren,0,0,0,0,0,0,0,0,0,0
kwantitatief,0,0,0,0,0,0,0,0,0,0
kwantitatief,0,0,0,0,0,0,0,0,0,0
hoeveelheid,0,0,0,0,0,0,0,0,0,0
quantum,0,0,0,0,0,0,0,0,0,0
quarantaine,0,0,0,1,0,0,0,0,0,0
ruzie,1,0,0,0,0,1,0,0,0,0
groeve,0,0,0,0,0,0,0,0,0,0
kwart,0,0,0,0,0,0,0,0,0,0
kwartaal,0,0,0,0,0,0,0,0,0,0
in vieren gedeeld,0,0,0,0,0,0,0,0,0,0
kwartalen,0,0,0,0,0,0,0,0,0,0
kwartet,0,0,0,0,0,0,0,0,0,0
kwartiel,0,0,0,0,0,0,0,0,0,0
quarto,0,0,0,0,0,0,0,0,0,0
kwarts,0,0,0,0,0,0,0,0,0,0
vernietigen,0,0,0,1,0,1,0,0,0,0
quasi,0,0,0,0,0,0,0,0,0,0
quaternair,0,0,0,0,0,0,0,0,0,0
kade,0,0,0,0,0,0,0,0,0,0
koningin,0,0,0,0,0,0,0,0,0,0
onderdrukken,0,0,0,0,0,1,0,0,0,0
blussen,0,0,0,0,0,0,0,0,0,0
vraag,0,0,0,0,0,0,0,0,0,0
speurtocht,0,1,0,0,0,0,1,0,0,0
vraag,0,0,0,0,0,0,1,0,0,0
twijfelachtig,0,0,1,0,0,1,0,0,0,0
ter discussie stellen,0,0,0,0,0,0,0,0,0,0
rij,0,0,0,0,0,0,0,0,0,0
versnellen,0,1,0,0,0,0,0,0,0,0
snel,0,0,0,0,0,0,0,0,0,0
snelheid,0,0,0,0,0,0,1,0,1,0
kwik,0,0,0,0,0,1,0,0,1,0
quid,0,0,0,0,0,0,0,0,0,0
rustig,0,0,0,0,0,0,1,0,0,0
stil,0,0,0,0,0,0,1,1,0,0
zachtjes,0,0,0,0,0,0,0,0,0,0
schacht,0,0,0,0,0,0,0,0,0,0
quilt,0,0,0,0,0,0,0,0,0,0
kinine,0,0,0,0,0,0,1,0,0,0
ontslag nemen,0,0,0,0,0,1,0,0,0,0
stopt met,0,0,0,0,0,0,0,0,0,0
Pijlkoker,0,0,0,1,0,1,0,0,0,0
bevend,0,0,0,1,0,1,0,0,0,0
quiz,0,0,0,0,0,1,0,0,0,0
quorum,0,0,0,0,0,0,0,0,0,0
quotum,0,0,0,0,0,0,0,0,0,0
citaat,0,0,0,0,0,0,0,0,0,0
citaat,0,1,0,0,0,1,1,0,1,0
quotiënt,0,0,0,0,0,0,0,0,0,0
konijn,0,0,0,0,0,0,0,0,0,0
gepeupel,1,0,0,1,0,1,0,0,0,0
hondsdolheid,1,1,1,1,0,1,0,1,0,0
hondsdolheid,0,0,0,0,0,1,0,0,0,0
ras,0,0,0,0,0,0,0,0,0,0
renpaard,0,0,0,0,0,0,0,0,0,0
racer,0,0,0,0,0,0,0,0,0,0
rek,0,0,0,0,0,1,0,1,0,0
racket,0,0,0,0,0,1,0,0,0,0
rekken,0,0,0,0,0,0,0,0,0,0
pittig,0,0,0,0,0,0,0,0,0,0
radar,0,0,0,0,0,0,0,0,0,1
straling,0,1,0,0,1,0,1,0,0,1
stralend,0,0,0,0,1,0,1,0,0,0
straalt uit,0,0,0,0,0,0,1,0,0,0
straling,0,0,0,1,0,1,0,0,0,0
radicaal,0,0,0,0,0,0,0,0,0,0
radio-,0,0,0,0,0,0,1,0,0,0
radioactief,0,0,0,1,0,1,0,0,0,0
radioactiviteit,0,0,0,0,0,0,0,0,0,0
röntgenfoto,0,0,0,0,0,0,0,0,0,0
radiografie,0,0,0,0,0,0,0,0,0,0
radiologie,0,0,0,0,0,0,0,0,0,0
radium,0,0,0,0,0,0,0,0,0,0
straal,0,0,0,0,0,0,0,0,0,0
radon,0,0,0,1,0,1,0,0,0,0
verloten,0,1,0,0,0,0,0,0,1,0
vlot,0,0,0,0,0,0,0,0,0,0
woede,1,0,0,0,0,1,0,0,0,0
haveloos,0,0,0,0,0,0,0,0,0,0
woedend,1,0,1,1,0,1,0,0,0,0
vodden,0,0,1,0,0,1,0,0,0,0
inval,1,0,0,1,0,1,0,0,1,0
het spoor,1,1,0,0,0,1,0,0,0,0
traliewerk,0,0,0,0,0,0,0,0,0,0
spoorweg,0,0,0,0,0,0,0,0,0,0
spoorweg,0,0,0,0,0,0,0,0,0,0
kleding,0,0,0,0,0,0,0,0,0,0
regenen,0,0,0,0,0,0,0,0,0,0
regenjas,0,0,0,0,0,0,0,0,0,0
regenval,0,0,0,0,0,0,0,0,0,0
regenachtig,0,0,0,0,0,0,0,1,0,0
salarisverhoging,0,0,0,0,0,0,0,0,0,0
opgevoed,0,0,0,0,0,0,0,0,0,0
opvoeden,0,0,0,0,0,0,0,0,0,0
hark,0,0,0,0,0,0,0,0,0,0
rally,0,0,0,0,0,0,0,0,0,0
RAM,1,1,0,0,0,1,0,0,0,0
zwerftocht,0,0,0,0,0,0,0,0,0,0
wandelen,0,0,0,0,0,1,0,0,0,0
oprit,0,0,0,0,0,0,0,0,0,0
razernij,1,0,0,1,0,1,0,0,0,0
boerderij,0,0,0,0,0,0,0,0,0,0
ranzig,0,0,1,0,0,1,0,0,0,0
willekeurig,0,0,0,0,0,0,0,0,1,0
willekeurigheid,0,0,0,0,0,0,0,0,0,0
geil,0,0,0,0,0,0,0,0,0,0
boswachter,0,0,0,0,0,0,0,0,0,1
rang,0,0,0,0,0,0,0,0,0,0
losgeld,1,0,0,1,0,1,0,0,0,0
tirade,0,0,0,0,0,0,0,0,0,0
tik,0,0,0,0,0,0,0,0,0,0
verkrachting,1,0,1,1,0,1,0,1,0,0
snel,0,0,0,0,0,0,0,0,1,0
snelheid,0,0,0,0,0,0,0,0,0,0
stroomversnellingen,0,0,0,0,0,0,0,0,0,0
rappen,1,0,0,0,0,0,0,0,0,0
rapt,0,0,0,0,1,0,1,0,1,1
roofvogels,0,0,0,1,0,1,0,0,0,0
trance,0,1,0,0,1,0,1,0,0,0
zelden,0,0,0,0,0,0,0,0,0,0
zeldzaamheid,0,0,0,0,0,0,0,0,1,0
boefje,1,0,1,1,0,1,0,0,0,0
uitslag,0,0,1,0,0,1,0,0,0,0
Rat,0,0,1,1,0,1,0,0,0,0
ratel,0,0,0,0,0,0,0,0,0,0
tarief,0,0,0,0,0,0,0,0,0,0
bekrachtiging,0,0,0,0,0,0,0,0,0,0
ratificeren,0,0,0,0,0,0,0,0,0,1
beoordeling,1,0,0,1,0,1,0,1,0,0
verhouding,0,0,0,0,0,0,0,0,0,0
rantsoen,0,0,0,0,0,0,0,0,0,0
rationeel,0,0,0,0,0,0,1,0,0,1
redenering,0,0,0,0,0,0,0,0,0,0
rationalisme,0,0,0,0,0,0,0,0,0,0
rationaliteit,0,0,0,0,0,0,0,0,0,0
rotan,0,0,0,0,0,0,0,0,0,0
rammelaar,0,0,0,0,0,0,0,0,0,0
ratelslang,0,0,0,1,0,0,0,0,0,0
rauw,0,0,0,0,0,1,0,0,0,0
raaskallen,1,0,1,0,1,1,1,0,1,1
raaf,0,0,0,0,0,0,0,0,0,0
hongerig,1,0,0,1,0,1,0,1,0,0
ravijn,0,0,0,1,0,0,0,0,0,0
enthousiast,1,1,0,1,1,1,0,0,1,0
ongelooide huid,0,0,0,0,0,0,0,0,0,0
straal,0,0,0,0,0,0,0,0,0,0
scheermes,0,0,0,1,0,0,0,0,0,0
bereiken,0,0,0,0,0,0,0,0,0,0
Reageer,1,0,0,1,0,0,0,0,0,0
reactionair,0,0,0,0,0,1,0,0,0,0
lezen,0,0,0,0,0,0,0,0,0,0
lezer,0,0,0,0,0,0,1,0,0,0
lezers,0,0,0,0,0,0,0,0,0,0
gemakkelijk,0,0,0,0,0,0,1,0,0,0
gereedheid,0,1,0,0,1,0,1,0,0,1
lezing,0,0,0,0,0,0,1,0,0,0
bijstelling,0,0,0,0,0,0,0,0,0,0
klaar,0,1,0,0,0,0,0,0,0,0
opnieuw bevestigen,0,0,0,0,0,0,1,0,0,0
reagens,0,0,0,0,0,0,0,0,0,0
echt,0,0,0,0,0,0,1,0,0,1
realisme,0,0,0,0,0,0,0,0,0,0
realistisch,0,0,0,0,0,0,0,0,0,0
realiteit,0,0,0,0,0,0,0,0,0,0
rijk,0,0,0,0,0,0,0,0,0,0
makelaardij,0,0,0,0,0,0,0,0,0,0
riem,0,0,0,0,0,0,0,0,0,0
oogsten,0,0,0,0,0,0,0,0,0,0
weer verschijnen,0,0,0,0,0,0,0,0,1,0
achterkant,0,0,0,0,0,1,0,0,0,0
herschikken,0,0,0,0,0,0,0,0,0,0
herschikking,0,0,0,0,0,0,0,0,0,0
reden,0,0,0,0,0,0,1,0,0,0
redelijkheid,0,0,0,0,0,0,0,0,0,0
redenering,0,0,0,0,0,0,0,0,0,0
redenen:,0,0,0,0,0,0,0,0,0,0
weer in elkaar zetten,0,0,0,0,0,0,0,0,0,0
geruststelling,0,0,0,0,0,0,1,0,0,1
geruststellen,0,0,0,0,0,0,1,0,0,1
gerustgesteld,0,0,0,0,0,0,0,0,0,0
geruststellend,0,0,0,0,0,0,0,0,0,0
korting,0,0,0,0,0,0,1,0,0,0
rebel,1,0,0,1,0,1,0,0,0,0
opstand,1,0,1,1,0,0,0,0,0,0
herboren,0,0,0,0,0,0,0,0,0,0
terugkaatsen,0,0,0,0,0,0,0,0,0,0
herbouwen,0,0,0,0,0,0,0,0,0,0
berisping,0,0,0,0,0,1,0,0,0,0
weerleggen,0,0,0,0,0,1,0,0,0,0
weerspannige,1,0,1,0,0,1,0,0,0,0
herinneren,0,0,0,0,0,0,0,0,0,0
herschikking,0,0,0,0,0,0,1,0,0,0
wijken,0,0,0,0,0,0,0,0,0,0
terugwijkende,0,0,0,0,0,0,0,0,0,0
ontvangst,0,0,0,0,0,0,0,0,0,0
bonnetjes,0,0,0,0,0,0,0,0,0,0
ontvangen,0,0,0,0,0,0,1,0,0,0
ontvanger,0,0,0,0,0,0,0,0,0,0
ontvangen,0,1,0,0,1,0,1,0,1,0
recentelijk,0,0,0,0,0,0,0,0,0,0
vergaarbak,0,0,0,0,0,0,0,0,0,0
ontvangst,0,0,0,0,0,0,0,0,0,0
onderbreking,0,0,0,0,0,0,0,0,0,0
uitsparingen,0,0,0,1,0,0,0,0,0,0
recessie,1,0,1,1,0,1,0,1,0,0
zoek naar,0,0,0,0,0,0,1,0,0,0
recidive,1,0,1,0,0,1,0,1,0,0
recept,0,0,0,0,0,0,0,0,0,0
ontvanger,0,1,0,0,0,0,0,0,0,0
wederkerig,0,0,0,0,0,0,0,0,0,0
wederkerig,0,0,0,0,0,0,1,0,0,0
wederkerigheid,0,0,0,0,0,0,0,0,0,0
recital,0,0,0,0,0,0,0,0,0,0
recitatie,0,0,0,0,0,0,0,0,0,0
reciteren,0,0,0,0,0,0,0,0,0,0
roekeloos,1,0,0,1,0,1,0,0,0,0
roekeloosheid,1,0,1,1,0,1,0,0,1,0
afrekening,0,0,0,0,0,0,0,0,0,0
terugwinning,0,0,0,0,0,0,1,0,0,0
achterover leunen,0,0,0,0,0,0,1,0,0,1
kluizenaar,0,0,0,0,0,0,0,0,0,0
herkenning,0,0,0,0,0,0,0,0,0,0
herkenbaar,0,1,0,0,0,0,1,0,0,0
erkend,0,0,0,0,0,0,0,0,0,0
terugslag,0,0,0,0,0,0,0,0,0,0
herinneren,0,0,0,0,0,0,0,0,0,0
herinnering,0,0,0,0,0,0,0,0,0,0
recombinant,0,0,0,0,0,0,0,0,0,0
recombinatie,0,1,0,0,0,0,0,0,0,0
adviseren,0,0,0,0,0,0,1,0,0,1
aanbeveling,0,0,0,0,0,0,0,0,0,0
vergelden,0,0,0,0,0,0,0,0,0,0
verzoenen,0,0,0,0,0,0,0,0,0,0
verzoening,0,1,0,0,1,0,1,0,0,1
verkenning,0,0,0,0,0,0,0,0,0,0
heroverwegen,0,0,0,0,0,0,0,0,0,0
heroverweging,0,0,0,0,0,0,1,0,0,1
reconstitutie,0,0,0,0,0,0,0,0,0,0
reconstrueren,0,1,0,0,0,0,1,0,0,0
wederopbouw,0,1,0,0,0,0,1,0,0,0
dossier,0,0,0,0,0,0,0,0,0,0
recorder,0,0,0,0,0,0,1,0,0,0
opname,0,0,0,0,0,0,0,0,0,0
vertellen,0,0,0,0,0,0,0,0,0,0
terugverdienen,0,0,0,0,0,0,1,0,0,0
toevlucht,0,0,0,0,0,0,0,0,0,0
herstelbaar,0,0,0,0,0,0,0,0,0,0
herstel,0,0,0,0,0,0,1,0,0,0
recreatie,0,1,0,0,1,0,1,0,0,0
recreatief,0,1,0,0,1,0,1,0,0,0
rekruut,0,0,0,0,0,0,0,0,0,0
werving,0,0,0,0,0,0,0,0,0,0
rekruten,0,0,0,0,0,0,0,0,0,1
rechthoek,0,0,0,0,0,0,0,0,0,0
rechthoekig,0,0,0,0,0,0,0,0,0,0
rectificatie,0,0,0,0,0,0,0,0,0,0
rectificeren,0,0,0,0,0,0,1,0,0,0
rector,0,0,0,0,0,0,0,0,0,0
pastorie,0,0,0,0,0,0,0,0,0,0
ligfiets,0,0,0,0,0,0,0,0,0,0
recuperatie,0,0,0,0,0,0,0,0,0,0
terugkeren,0,0,0,0,0,0,0,0,0,0
herhaling,0,0,0,0,0,0,0,0,0,0
terugkerend,0,1,0,0,0,0,0,0,0,0
terugkerend,0,0,0,0,0,0,0,0,0,0
herhaling,0,0,0,0,0,0,0,0,0,0
recursief,0,0,0,0,0,0,0,0,0,0
recursief,0,0,0,0,0,0,0,0,0,0
rood,0,0,0,0,0,0,0,0,0,0
roodachtig,0,0,0,0,0,0,0,0,0,0
aflossing,0,0,0,0,0,0,1,0,0,0
roodheid,0,0,0,0,0,0,0,0,0,0
genoegdoening,0,0,0,0,0,0,1,0,0,0
verminderd,0,0,0,0,0,0,0,0,0,0
vermindering,0,0,0,0,0,0,0,0,0,0
ontslag,0,0,0,0,0,0,0,0,0,0
overbodig,0,0,0,0,0,1,0,0,0,0
riet,0,0,0,0,0,0,0,0,0,0
rif,0,0,0,0,0,0,0,0,0,0
riffen,0,0,0,0,0,0,0,0,0,0
haspel,0,0,0,0,0,0,0,0,0,0
herstellen,0,0,0,0,0,0,0,0,0,0
scheidsrechter,0,0,0,0,0,0,0,0,0,1
referentie,0,0,0,0,0,0,0,0,0,0
referendum,0,0,0,0,0,0,0,0,0,0
verfijnen,0,0,0,0,0,0,1,0,0,0
verfijning,0,0,0,0,0,0,1,0,0,0
raffinaderij,0,0,0,0,0,0,0,0,0,0
verfijnen,0,0,0,0,0,0,0,0,0,0
opknappen,0,0,0,0,0,0,0,0,0,0
reflecteren,0,0,0,0,0,0,0,0,0,0
reflecterend,0,0,0,0,0,0,0,0,0,0
reflectie,0,0,0,0,0,0,0,0,0,0
reflecterend,0,0,0,0,0,0,0,0,0,0
reflector,0,0,0,0,0,0,0,0,0,0
reflex,0,0,0,0,0,0,0,0,1,0
reflux,0,0,1,0,0,1,0,0,0,0
hervorming,0,0,0,0,0,0,1,0,0,0
hervorming,0,0,0,0,0,0,1,0,0,0
hervormer,0,0,0,0,0,0,1,0,0,0
breking,0,0,0,0,0,0,0,0,0,0
refractor,0,0,0,0,0,0,0,0,0,0
hardnekkig,0,0,0,0,0,1,0,0,0,0
nalaten,0,0,0,0,0,0,0,0,0,0
afzien,0,0,0,0,0,0,0,0,0,0
verfrissend,0,0,0,0,0,0,1,0,0,0
in de koelkast,0,0,0,0,0,0,0,0,0,0
koeling,0,0,0,0,0,0,0,0,0,0
koelkast,0,0,0,0,0,0,0,0,0,0
toevluchtsoord,0,0,0,0,0,0,0,0,0,0
vluchteling,0,0,0,0,0,0,0,1,0,0
terugbetaling,0,0,0,0,0,0,0,0,0,0
opknappen,0,0,0,0,0,0,1,0,0,0
weigering,0,0,0,0,0,1,0,0,0,0
weigeren,0,0,0,0,0,1,0,0,0,0
geweigerd,0,0,0,0,0,1,0,1,0,0
weigeren,0,0,0,0,0,0,0,0,0,0
weerlegging,0,0,0,1,0,0,0,0,0,0
weerleggen,0,0,0,0,0,0,0,0,0,0
herwinnen,0,0,0,0,0,0,0,0,0,0
vorstelijk,0,0,0,0,0,0,1,0,0,1
regalia,0,0,0,0,0,0,0,0,0,0
regatta,0,1,0,0,0,0,0,0,0,0
regentschap,0,0,0,0,0,0,0,0,0,0
regenereren,0,0,0,0,0,0,0,0,0,0
regeneratie,0,0,0,0,0,0,0,0,0,0
regentes,0,0,0,0,0,0,1,0,0,1
regime,0,0,0,0,0,0,0,0,0,0
regime,0,0,0,0,0,0,0,0,0,0
regiment,0,0,0,1,0,0,0,0,0,0
regio,0,0,0,0,0,0,0,0,0,0
regionaal,0,0,0,0,0,0,0,0,0,0
regionalisme,0,0,0,0,0,0,0,0,0,0
register,0,0,0,0,0,0,0,0,0,0
registrar,0,0,0,0,0,0,0,0,0,0
registratie,0,0,0,0,0,0,0,0,0,0
register,0,0,0,0,0,0,0,0,0,1
regressie,0,0,0,0,0,1,0,0,0,0
regressie,0,0,0,0,0,1,0,0,0,0
regressief,0,0,0,0,0,1,1,0,0,0
betreuren,0,0,0,0,0,1,0,1,0,0
betreurenswaardig,0,0,0,0,0,1,0,1,0,0
spijt van,0,0,0,0,0,1,0,1,0,0
spijt hebben,0,0,0,0,0,1,0,1,0,0
normaal,0,0,0,0,0,0,0,0,0,0
regelmatigheid,0,1,0,0,0,0,1,0,0,1
vaste gasten,0,0,0,0,0,0,0,0,0,0
reguleren,0,0,0,0,0,0,1,0,0,0
gereguleerd,0,0,0,0,0,0,0,0,0,0
regulatie,0,0,0,0,0,0,0,0,0,0
regelgevend,0,0,0,1,0,1,0,0,0,0
oprispingen,0,0,1,0,0,0,0,0,0,0
rehabiliteren,0,0,0,0,0,0,1,0,0,0
revalidatie,0,1,0,0,0,0,1,0,0,0
repetitie,0,0,0,0,0,0,0,0,0,0
bestuur,0,0,0,0,0,0,0,0,0,0
vergoeden,0,0,0,0,0,0,1,0,0,0
terugbetaling,0,0,0,0,0,0,1,0,0,1
teugel,0,0,0,0,0,1,0,0,0,0
rendier,0,0,0,0,0,0,0,0,0,0
versterken,0,0,0,0,0,0,0,0,0,0
versterking,0,0,0,0,0,0,1,0,0,1
versterkingen,0,0,0,0,0,0,0,0,0,1
teugels,0,0,0,0,0,0,0,0,0,0
opnieuw installeren,0,0,0,0,0,0,0,0,0,0
herstellen,0,0,0,0,0,0,1,0,0,0
herstel,0,0,0,0,0,0,0,0,0,0
herinvesteren,0,0,0,0,0,0,0,0,0,0
herinvestering,0,0,0,0,0,0,0,0,0,0
herhalen,0,0,0,0,0,0,0,0,0,0
afwijzen,1,0,0,1,0,1,0,1,0,0
afgekeurd,0,0,0,0,0,1,0,0,0,0
afwijzing,1,0,1,1,0,1,0,1,0,0
verwerpt,1,0,0,1,0,1,0,1,0,0
verheugen,0,1,0,0,1,0,1,0,1,1
zich verheugen,0,1,0,0,1,0,1,0,1,0
weer meedoen,0,0,0,0,0,0,0,0,0,0
verjongen,0,0,0,0,0,0,1,0,0,0
verjongd,0,0,0,0,0,0,1,0,0,0
nieuw leven inblazen,0,1,0,1,1,1,1,0,1,0
terugval,0,0,0,1,0,1,0,1,0,0
betrekking hebben,0,0,0,0,0,0,0,0,0,0
verwant,0,0,0,0,0,0,0,0,0,1
relatie,0,0,0,0,0,0,0,0,0,0
relatie,0,0,0,0,0,0,0,0,0,0
familielid,0,0,0,0,0,0,0,0,0,1
relativiteit,0,0,0,0,0,0,0,0,0,0
ontspannend,0,0,0,0,0,0,0,0,0,0
ontspanning,0,0,0,0,0,0,1,0,0,0
ontspannen,0,0,0,0,0,0,0,0,0,0
relais,0,0,0,0,0,0,0,0,0,0
laat los,0,0,0,0,0,0,0,0,0,0
uitgegeven,0,0,0,0,0,0,0,0,0,0
degradatie,0,0,0,0,0,1,0,0,0,0
relevantie,0,0,0,0,0,0,0,0,0,0
relevant,0,0,0,0,0,0,1,0,0,1
betrouwbaarheid,0,0,0,0,0,0,1,0,0,1
betrouwbaar,0,0,0,0,0,0,1,0,0,1
vertrouwen,0,0,0,0,0,0,1,0,0,1
relikwie,0,0,0,0,0,0,0,0,0,0
relikwieën,0,0,0,0,0,0,0,1,0,0
Verlichting,0,0,0,0,0,0,1,0,0,0
verlichtend,0,0,0,0,0,0,1,0,0,0
geloof,0,0,0,0,0,0,0,0,0,1
religieus,0,0,0,0,0,0,0,0,0,0
opgeven,0,0,0,0,0,1,0,0,0,0
relish,0,0,0,0,0,0,0,0,0,0
tegenzin,0,0,0,0,0,0,0,0,0,0
huiverig,0,0,0,1,0,1,0,0,0,0
rest,0,0,0,0,0,0,0,0,0,0
overig,0,0,0,0,0,0,0,0,0,0
stoffelijk overschot,0,0,1,1,0,1,1,0,0,1
remake,0,0,0,0,0,0,1,0,0,0
voorarrest,1,0,0,0,0,1,0,0,0,0
opmerking,0,0,0,0,0,0,0,0,0,0
opmerkelijk,0,0,0,0,1,0,1,0,1,1
opmerkelijk,0,0,0,0,0,0,1,0,0,0
herstel,0,0,0,0,0,1,0,0,0,0
remedie,0,1,0,0,1,0,1,0,0,1
herinneren,0,0,0,0,0,0,0,0,0,0
herinnerde zich,0,0,0,0,0,0,0,0,0,0
herinneren,0,0,0,0,0,0,0,0,0,0
herinnering,0,0,0,0,0,0,0,0,0,0
herinneren,0,0,0,0,0,0,0,0,0,0
herinnering,0,0,0,0,0,0,0,0,0,0
nalatig,1,0,1,0,0,1,0,1,0,0
kwijtschelding,0,0,0,0,0,0,1,0,0,0
opdracht geven,0,0,0,0,0,0,0,0,0,0
overmaking,0,0,0,0,0,0,0,0,0,0
overblijfsel,0,0,0,0,0,0,0,0,0,0
verbouwen,0,0,0,0,0,0,1,0,0,0
berouw,0,0,0,0,0,1,0,1,0,0
op afstand,0,0,0,0,0,0,0,0,0,0
afgelegen,0,0,0,0,0,0,0,0,0,0
verwijdering,0,0,0,0,0,1,0,0,0,0
verwijderen,1,0,0,1,0,1,0,1,0,0
vergoeding,0,0,0,0,0,0,0,0,0,0
Renaissance,0,0,0,0,0,0,1,0,0,0
rencontre,0,0,0,0,0,1,0,0,0,0
rend,0,0,0,0,0,1,0,0,0,0
veroorzaken,0,0,0,0,0,0,1,0,0,0
weergave,0,0,0,0,0,0,0,0,0,0
rendez-vous,0,0,0,0,0,0,0,0,0,0
vertolking,0,0,0,0,0,0,0,0,0,0
overloper,1,0,0,0,0,1,0,0,0,0
vernieuwing,0,0,0,0,0,0,1,0,0,0
afstand doen van,1,0,0,0,0,1,0,0,0,0
renoveren,0,1,0,0,0,0,1,0,0,0
gerenoveerd,0,0,0,0,0,0,0,0,0,0
vernieuwing,0,1,0,0,1,0,1,0,0,0
bekendheid,0,0,0,0,0,0,1,0,0,0
bekend,0,0,0,0,0,0,1,0,0,0
huur,0,0,0,0,0,0,0,0,0,0
verhuur,0,0,0,0,0,0,0,0,0,0
huurder,0,0,0,0,0,0,0,0,0,0
afstand doen,0,0,0,0,0,1,0,0,0,0
reorganisatie,0,0,0,0,0,0,0,0,0,0
reorganiseren,0,0,0,0,0,0,1,0,0,0
reparatie,0,0,0,0,0,0,0,0,0,0
herstelbetaling,0,0,0,0,0,0,1,0,0,1
terugbetalen,1,1,0,0,1,0,1,0,0,1
terugbetaling,0,0,0,0,0,0,0,0,0,0
intrekking,0,0,0,0,0,0,0,0,0,0
herhalen,0,0,0,0,0,0,0,0,0,0
herhaald,0,0,0,0,0,0,0,0,0,0
herhaaldelijk,0,0,0,0,0,0,0,0,0,0
repeater,0,0,0,0,0,0,0,0,0,0
afstotend,0,0,1,1,0,1,0,0,0,0
afstotend,1,0,1,1,0,1,0,0,0,0
afstotend,0,0,1,0,0,1,0,0,0,0
berouw hebben,0,0,0,1,0,0,1,0,0,0
berouw,0,0,0,0,0,0,0,0,0,0
repertoire,0,0,0,0,0,0,0,0,0,0
repertoire,0,0,0,0,0,0,0,0,0,0
herhaling,0,0,0,0,0,0,0,0,0,0
vervangen,0,0,0,0,0,0,0,0,0,0
vervanging,0,0,0,0,0,0,0,0,0,0
bijvullen,0,0,0,0,0,0,1,0,0,0
vol,0,0,0,0,0,0,1,0,0,0
replicatie,0,0,0,0,0,0,0,0,0,0
antwoord,0,0,0,0,0,0,0,0,0,0
rapport,0,0,0,0,0,0,0,0,0,0
gemeld,0,0,0,0,0,0,0,0,0,0
verslaggever,0,0,0,0,0,0,1,0,0,1
rust,0,0,0,0,0,0,1,0,0,0
herpositioneren,0,0,0,0,0,0,0,0,0,0
opslagplaats,0,0,0,0,0,0,0,0,0,0
vertegenwoordiging,0,0,0,0,0,0,0,0,0,0
vertegenwoordiger,0,0,0,0,0,0,0,0,0,0
vertegenwoordigd,0,0,0,0,0,0,1,0,0,0
vertegenwoordigen,0,1,0,0,0,0,0,0,0,0
onderdrukken,0,0,0,0,0,1,0,1,0,0
onderdrukt,0,0,0,0,0,0,0,0,0,0
repressie,0,0,0,1,0,1,0,0,0,0
uitstel,0,0,0,0,0,0,0,0,0,0
berisping,1,0,0,0,0,1,0,0,0,0
herdruk,0,0,0,0,0,1,0,0,0,0
wraakactie,1,0,0,1,0,1,0,1,0,0
reprise,0,0,0,0,0,0,0,0,0,0
verwijt,1,0,1,0,0,1,0,1,0,0
reproduceren,0,0,0,0,0,0,0,0,0,0
reproductie,0,0,0,0,0,0,0,0,0,0
reproductief,0,0,0,0,1,0,1,0,0,0
reptiel,0,0,0,0,0,0,0,0,0,0
republiek,0,0,0,0,0,1,0,0,0,0
republikeins,0,0,0,0,0,0,0,0,0,0
afwijzing,1,0,1,0,0,1,0,0,0,0
afstoting,0,0,1,1,0,1,0,0,0,0
terugkopen,0,0,0,0,0,0,0,0,0,0
gerenommeerd,0,0,0,0,0,0,1,0,0,1
reputatie,0,0,0,0,0,0,0,0,0,0
reputatie,0,0,0,0,0,0,0,0,0,0
verzoek,0,0,0,0,0,0,0,0,0,0
requiem,0,0,0,0,0,0,0,1,0,0
verplicht,0,0,0,0,0,0,0,0,0,0
vereiste,0,0,0,0,0,0,0,0,0,0
vereiste,0,0,0,0,0,0,0,0,0,0
vorderen,0,0,0,0,0,0,0,0,0,0
intrekken,0,0,0,0,0,1,0,0,0,0
ontbinding,0,0,0,0,0,1,0,0,0,0
redden,0,1,0,0,1,0,1,0,1,1
Onderzoek,0,0,0,0,0,0,0,0,0,0
resectie,0,0,0,1,0,0,0,0,0,0
gelijkenis,0,0,0,0,0,0,0,0,0,0
lijken op,0,0,0,0,0,0,0,0,0,0
lijkt op,0,0,0,0,0,0,0,0,0,0
aanstoot nemen,1,0,0,0,0,1,0,0,0,0
rancuneus,1,0,0,0,0,1,0,0,0,0
rancune,1,0,1,0,0,1,0,1,0,0
reservering,0,0,0,0,0,0,0,0,0,0
reserveren,0,0,0,0,0,0,1,0,0,0
gereserveerd,0,0,0,0,0,0,0,0,0,0
reserves,0,0,0,0,0,0,0,0,0,0
reservoir,0,0,0,0,0,0,0,0,0,0
wonen,0,0,0,0,0,0,0,0,0,0
residentie,0,0,0,0,0,0,0,0,0,0
woningen,0,0,0,0,0,0,0,0,0,0
inwoner,0,0,0,0,0,0,1,0,0,0
residu,0,0,0,0,0,0,0,0,0,0
residu,0,0,0,0,0,0,0,0,0,0
ontslag nemen,1,0,1,1,0,1,0,1,0,0
ontslag,0,0,0,0,0,1,0,1,1,0
ontslag genomen,0,0,0,0,0,1,0,1,0,0
weerstand,0,0,0,0,0,0,0,0,0,0
veerkrachtig,0,0,0,0,0,0,1,0,0,0
hars,0,0,0,0,0,0,0,0,0,0
weerstand bieden,0,0,0,0,0,1,0,0,0,0
weerstand,1,0,0,0,0,1,0,0,0,0
resistent,0,0,0,1,0,1,0,0,0,0
weerstand bieden,1,0,0,1,0,1,0,1,0,0
resistief,0,0,0,0,0,0,1,0,0,0
vastberaden,0,0,0,0,0,0,0,0,0,0
resoluut,0,0,0,0,0,0,1,0,0,0
oplossing,0,0,0,0,0,0,0,0,0,0
oplossen,0,0,0,0,0,0,0,0,0,0
opgelost,0,0,0,0,0,0,0,0,0,0
resonantie,0,0,0,0,0,0,0,0,0,0
resonant,0,0,0,0,0,0,0,0,0,0
resoneren,0,0,0,0,0,0,0,0,0,0
resonator,0,0,0,0,0,0,0,0,0,0
toevlucht,0,0,0,0,0,0,0,0,0,0
klinkend,0,0,0,0,0,0,0,0,0,0
bronnen,0,0,0,0,1,0,1,0,0,1
respect,0,1,0,0,1,0,1,0,0,1
respectabiliteit,0,0,0,0,0,0,1,0,0,0
respectabel,0,0,0,0,0,0,1,0,0,1
gerespecteerd,0,0,0,0,0,0,0,0,0,0
respectvol,0,0,0,0,0,0,1,0,0,1
met inachtneming van,0,0,0,0,0,0,1,0,0,0
respectieve,0,0,0,0,0,0,0,0,0,0
respect,0,0,0,0,0,0,1,0,0,1
ademhaling,0,0,0,0,0,0,0,0,0,0
beademingsapparaat,0,0,0,0,0,0,0,0,0,0
uitstel,0,0,0,0,1,0,1,0,0,1
schitterend,0,0,0,0,1,0,1,0,0,0
antwoorden,0,0,0,0,0,0,0,0,0,0
respondent,0,0,0,0,0,0,0,0,0,0
antwoord,0,0,0,0,0,0,0,0,0,0
verantwoordelijkheid,0,0,0,0,0,0,0,0,0,0
aansprakelijk,0,0,0,0,0,0,1,0,0,1
snel reagerend,0,1,0,0,0,0,1,0,0,1
rust uit,0,0,0,0,0,0,1,0,0,0
restaurant,0,0,0,0,0,0,0,0,0,0
rustgevend,0,0,0,0,0,0,1,0,0,0
teruggave,1,0,0,0,0,0,1,0,0,0
rusteloosheid,0,1,0,0,0,0,0,0,0,0
restauratie,0,0,0,0,0,0,0,0,0,0
herstellend,0,1,0,0,1,0,1,0,0,1
hersteld,0,0,0,0,0,0,0,0,0,0
herstellen,0,0,0,0,0,0,1,0,0,0
in toom houden,1,0,0,1,0,1,0,0,0,0
terughoudend,0,0,0,1,0,0,0,0,0,0
beheersing,0,0,0,0,0,0,1,0,0,0
beperken,0,0,0,0,0,1,0,1,0,0
beperkt,0,0,0,0,0,0,0,0,0,0
beperking,1,0,0,1,0,1,0,1,0,0
beperkend,0,0,0,0,0,1,0,0,0,0
resultaat,0,1,0,0,0,0,0,0,0,0
resultante,0,1,0,0,0,0,0,0,0,0
hervatting,0,0,0,0,0,0,1,0,0,0
opstanding,0,0,0,0,0,0,0,0,0,0
reanimatie,0,0,0,0,0,0,0,0,0,0
kleinhandel,0,0,0,0,0,0,0,0,0,0
detailhandelaar,0,0,0,0,0,0,0,0,0,0
behouden,0,0,0,0,0,0,0,0,0,1
behouden,0,0,0,0,0,0,0,0,0,0
hernemen,0,0,0,0,0,0,0,0,0,0
wraak nemen,1,0,0,0,0,1,0,0,0,0
wraak,1,0,0,1,0,1,0,0,0,0
vergelding,1,0,0,0,0,1,0,0,0,0
vertragen,0,0,1,1,0,1,0,1,0,0
vertraging,0,0,0,0,0,1,0,0,0,0
behoud,0,0,0,0,0,0,1,0,0,0
vasthoudend,0,0,0,0,0,0,0,0,0,0
terughoudend,0,0,0,1,0,1,0,0,0,0
netvlies,0,0,0,0,0,0,0,0,0,0
met pensioen,0,0,0,0,0,0,0,0,0,0
pensioen,0,1,0,1,1,1,1,1,0,1
met pensioen gaan,0,0,0,0,0,0,0,0,0,0
naverteld,0,0,0,0,0,0,0,0,0,0
weerwoord,0,0,0,0,0,1,0,0,0,0
terugzoeken,0,0,0,0,0,0,0,0,0,0
intrekken,1,0,0,0,0,1,0,0,0,0
terugtrekking,0,0,0,0,0,1,0,0,0,0
bezuinigingen,0,0,0,1,0,1,0,0,0,0
vergelding,1,0,0,1,0,1,0,1,0,0
ophalen,0,0,0,0,0,0,0,0,0,0
uittreden,0,0,0,0,0,0,0,0,0,0
retriever,0,0,0,0,0,0,0,0,0,0
met terugwerkende kracht,0,0,0,0,0,0,0,0,0,0
retrograde,0,0,0,0,0,1,0,0,0,0
terugblik,0,0,0,0,0,0,0,0,0,0
retrospectief,0,0,0,0,0,0,0,0,0,0
met terugwerkende kracht,0,0,0,0,0,0,0,0,0,0
opbrengst,0,0,0,0,0,0,0,0,0,0
bijeenkomst,0,1,0,0,0,0,1,0,0,1
onthullen,0,0,0,0,0,0,0,0,0,0
genieten,0,0,0,0,1,0,1,0,0,0
openbaring,0,0,0,0,0,0,0,0,0,0
zwelgt,0,0,0,0,1,0,1,0,0,0
wraak,1,1,0,1,0,1,0,0,1,0
omzet,0,0,0,0,0,0,0,0,0,0
weerkaatsing,0,0,0,0,0,0,0,0,0,0
eerbiedigen,0,1,0,0,1,0,1,0,0,1
eerbied,0,0,0,0,1,0,1,0,0,1
dominee,0,0,0,0,1,0,1,0,0,0
eerbiedig,0,0,0,0,0,0,0,0,0,0
mijmering,0,0,0,0,1,0,1,0,0,1
omkering,1,0,1,0,0,1,0,0,1,0
achteruit,0,0,0,0,0,0,0,0,0,0
omkering,0,0,0,0,0,0,0,0,0,0
terugdraaien,0,0,0,0,0,0,0,0,0,0
terugkerend,0,0,0,0,0,0,0,0,0,0
opnieuw bekijken,0,0,0,0,0,0,0,0,0,0
recensent,0,0,0,0,0,0,0,0,0,0
Herzien,0,0,0,0,0,0,1,0,0,0
herziening,0,0,0,0,0,0,0,0,0,0
herzien,0,0,0,0,0,0,0,0,0,0
opwekking,0,1,0,0,1,0,1,0,0,1
herleven,0,1,0,0,0,1,1,0,0,0
herroeping,0,0,0,0,0,1,0,0,0,0
herroepen,1,0,1,1,0,1,0,1,0,0
opstand,1,0,0,0,0,1,0,0,1,0
weerzinwekkend,1,0,1,1,0,1,0,0,0,0
revolutie,1,1,0,1,0,1,1,1,1,0
revolutionair,0,0,0,0,0,0,1,0,0,0
een revolutie teweegbrengen,0,0,0,0,0,0,0,0,0,0
draaien,0,0,0,0,0,0,0,0,0,0
revolver,1,0,0,1,0,1,0,1,0,0
afkeer,1,0,1,1,0,1,0,0,0,0
beloning,0,1,0,0,1,0,1,0,1,1
retoriek,0,0,0,0,0,0,0,0,0,0
retorisch,0,0,0,0,0,0,0,0,0,0
reuma,1,0,0,1,0,1,0,1,0,0
rijm,0,0,0,0,0,0,0,0,0,0
rijmend,0,0,0,0,0,0,0,0,0,0
ritme,0,0,0,0,0,0,1,0,0,0
ritmisch,0,0,0,0,1,0,1,0,1,0
rib,0,0,0,0,0,0,0,0,0,0
geribbeld,0,0,0,0,0,0,0,0,0,0
lintje,1,1,0,0,1,0,1,0,0,0
rijst,0,0,0,0,0,0,0,0,0,0
rijkdom,0,0,0,0,0,0,0,0,0,0
rijkdom,0,0,0,0,0,0,1,0,0,0
rick,0,0,0,0,0,0,0,0,0,0
gammel,0,0,0,0,0,1,0,0,0,0
ontdoen,0,0,0,0,0,0,0,0,0,0
verlossing,0,0,0,0,0,0,0,0,0,0
raadsel,0,0,0,0,0,0,0,0,1,0
doorzeefd,0,0,0,0,0,1,0,0,0,0
rijden,0,0,0,0,0,0,0,0,0,0
rijder,0,0,0,0,0,0,1,0,0,0
bergkam,0,0,0,0,0,0,0,0,0,0
spot,1,0,1,0,0,1,0,1,0,0
belachelijk,1,0,1,0,0,1,0,0,0,0
rijden,0,0,0,0,0,0,0,0,0,0
wijdverbreid,0,0,0,0,0,1,0,0,0,0
geweer-,1,0,0,1,0,1,0,0,0,0
geweren,0,0,0,0,0,0,0,0,0,0
breuk,0,0,0,0,0,1,0,0,0,0
tuig,0,0,0,0,0,0,0,0,0,0
tuigage,0,0,0,0,0,0,0,0,0,0
rechtvaardig,0,0,0,0,0,0,1,0,0,0
rechtmatig,0,0,0,0,0,0,1,0,0,0
terecht,0,0,0,0,0,0,1,0,0,0
stijf,0,0,0,0,0,1,0,0,0,0
stijfheid,0,0,0,0,0,1,0,0,0,0
strengheid,0,0,1,1,0,1,0,0,0,0
rigoureus,0,0,0,0,0,1,0,0,0,0
rand,0,0,0,0,0,0,0,0,0,0
schil,0,0,0,0,0,0,0,0,0,0
ring,0,0,0,0,0,0,0,0,0,0
beltoon,1,0,0,0,0,1,0,0,0,0
rinkelen,0,0,0,0,0,0,0,0,0,0
baan,0,0,0,0,0,0,0,0,0,0
afspoelen,0,0,0,0,0,0,0,0,0,0
opstand,1,0,0,1,0,1,0,0,0,0
losbandig,1,0,0,1,0,1,0,0,1,0
oeverstaten,0,0,0,0,0,0,0,0,0,0
rijp,0,0,0,0,0,0,1,0,0,0
rijpen,0,1,0,0,0,0,1,0,0,0
rijpen,0,0,0,0,0,0,0,0,0,0
rimpeling,0,0,0,0,0,0,0,0,0,0
opstaan,0,0,0,0,0,0,0,0,0,0
stijgende lijn,0,1,0,0,1,0,1,0,0,0
risico,0,1,0,1,0,1,0,0,0,0
riskant,0,1,0,1,0,1,0,0,0,0
rite,0,0,0,0,0,0,0,0,0,0
ritueel,0,0,0,0,0,0,0,0,0,0
ritueel,0,0,0,0,0,0,0,0,0,0
rivaal,0,0,0,0,0,0,0,0,0,0
rivaliteit,1,0,0,0,0,1,0,0,0,0
rivier,0,0,0,0,0,0,0,0,0,0
rivierbed,0,0,0,0,0,0,0,0,0,0
klinknagel,0,0,0,0,0,0,0,0,0,0
geklonken,0,0,0,0,0,0,0,0,0,0
meeslepend,0,0,0,0,0,0,1,0,0,0
weg,0,0,0,0,0,0,0,0,0,0
wegen,0,0,0,0,0,0,0,0,0,0
roadster,0,0,0,0,1,0,1,0,0,1
rijweg,0,0,0,0,0,0,0,0,0,0
zwerven,0,0,0,0,0,0,0,0,0,0
brullen,0,0,0,0,0,0,0,0,0,0
gebraden,0,0,0,0,0,0,0,0,0,0
beroven,1,0,1,1,0,1,0,1,0,0
rover,0,0,1,1,0,1,0,0,0,0
beroving,1,0,1,1,0,1,0,1,0,0
gewaad,0,0,0,0,0,0,0,0,0,0
robot,0,0,0,0,0,0,0,0,0,0
robotica,0,0,0,0,0,0,0,0,0,0
robuust,0,0,0,0,0,0,1,0,0,0
roc,0,0,0,0,0,0,0,0,0,0
steen,0,0,0,0,0,0,1,0,0,0
raket,1,0,0,0,0,0,0,0,0,0
rotsen,0,0,0,0,0,0,0,0,0,0
hengel,0,0,0,1,0,0,1,0,0,1
ree,0,0,0,0,0,0,0,0,0,0
schurk,0,0,1,0,0,1,0,0,0,0
rol,0,0,0,0,0,0,0,0,0,0
rollen,0,0,0,0,0,0,0,0,0,0
rol,0,0,0,0,0,0,0,0,0,0
rollen,0,0,0,0,0,0,0,0,0,0
onstuimig,0,0,0,0,1,0,1,0,0,0
rollend,0,0,0,0,0,0,0,0,0,0
romantiek,0,1,0,1,1,0,1,1,1,1
romantisch,0,1,0,0,1,0,1,0,0,1
romantiek,0,0,0,0,1,0,1,0,0,0
ravotten,0,0,0,0,1,0,1,0,0,0
dak,0,0,0,0,0,0,0,0,0,0
toren,1,0,1,0,0,1,0,0,0,0
kamer,0,0,0,0,0,0,0,0,0,0
ruim,0,0,0,0,0,0,0,0,0,0
slaapplaats,0,0,0,0,0,0,0,0,0,0
haan,0,0,0,0,0,0,0,0,0,0
wortel,0,0,0,0,0,0,0,0,0,0
geworteld,0,0,0,0,0,0,1,0,0,1
touw,0,0,0,0,0,0,0,0,0,0
rozenkrans,0,0,0,0,0,0,0,0,0,0
roos,0,0,0,0,0,0,0,0,0,0
rozemarijn,0,0,0,0,0,0,0,0,0,0
rozet,0,0,0,0,0,0,0,0,0,0
rooster,0,0,0,0,0,0,0,0,0,0
rooskleurig,0,0,0,0,0,0,1,0,0,0
rot,0,0,1,1,0,1,0,1,0,0
roteren,0,0,0,0,0,0,1,0,0,1
roterend,0,0,0,0,0,0,0,0,0,0
draaien,0,0,0,0,0,0,0,0,0,0
rotatie,0,0,0,0,0,0,0,0,0,0
herhalen,0,0,0,0,0,0,0,0,0,0
rotor,0,0,0,0,0,0,0,0,0,0
rottend,0,0,1,0,0,1,0,0,0,0
rouge,0,0,0,0,0,0,0,0,0,0
ruw,0,0,0,0,0,0,0,0,0,0
ongeveer,0,0,0,0,0,0,0,0,0,0
ruwheid,0,0,0,0,0,1,0,0,0,0
roulette,0,1,0,0,0,0,0,0,0,0
ronde,0,0,0,0,0,0,0,0,0,0
rotonde,0,0,0,0,0,0,0,0,0,0
afgerond,0,0,0,0,0,0,0,0,0,0
naar boven afronden,0,0,0,0,0,0,0,0,0,0
wakker maken,0,0,0,0,0,0,0,0,0,0
opruier,0,0,0,0,0,0,0,0,0,0
opzwepend,0,0,0,0,0,0,0,0,0,0
route,0,0,0,0,0,1,0,0,0,0
route,0,0,0,0,0,0,0,0,0,0
routine-,0,0,0,0,0,0,1,0,0,1
rover,0,0,0,0,0,0,0,0,0,0
rondzwerven,0,0,0,0,0,0,0,0,0,0
rij,1,0,0,0,0,1,0,0,0,0
rumoerig,0,0,0,0,0,1,0,0,0,0
Koninklijk,0,0,0,0,0,0,0,0,0,0
royalty,0,0,0,0,0,0,1,0,0,0
wrijven,0,0,0,0,0,0,0,0,0,0
rubber,0,0,0,0,0,0,0,0,0,0
rubbers,0,0,0,0,0,0,0,0,0,0
wrijven,0,0,0,0,0,0,0,0,0,0
onzin,0,0,1,0,0,1,0,0,0,0
puin,0,0,0,1,0,1,0,1,0,0
rubriek,0,0,0,0,0,0,1,0,0,0
robijn,0,0,0,0,0,0,0,0,0,0
roer,0,0,0,0,0,0,0,0,0,0
rossig,0,0,0,0,0,0,0,0,0,0
rudimentair,0,0,0,0,0,0,0,0,0,0
beginselen,0,0,0,0,0,0,0,0,0,0
rue,0,0,0,0,0,1,0,1,0,0
kemphaan,0,0,0,0,0,0,0,0,0,0
ruches,0,0,0,0,0,1,0,0,0,0
tapijt,0,0,0,0,0,0,0,0,0,0
ruig,0,0,0,0,0,1,0,0,0,0
ruïneren,0,0,0,1,0,1,0,1,0,0
geruïneerd,1,0,1,1,0,1,0,1,0,0
verwoestend,1,0,1,1,0,1,0,1,0,0
ruïnes,0,0,0,0,0,0,0,0,0,0
regel,0,0,0,1,0,0,0,0,0,1
heerser,0,0,0,0,0,0,0,0,0,0
uitspraak doen,0,0,0,0,0,0,0,0,0,0
rum,0,0,0,0,0,0,0,0,0,0
gerommel,0,0,0,0,0,0,0,0,0,0
snuffelen,0,0,0,0,0,0,0,0,0,0
gerucht,0,0,0,0,0,1,0,1,0,0
geruchten,0,0,0,0,0,0,0,0,0,0
romp,0,0,0,0,0,0,0,0,0,0
ren weg,0,0,0,0,0,1,0,1,0,0
runen,0,0,0,0,0,0,0,0,0,0
sport,0,0,0,0,0,0,0,0,0,0
hardloper,0,0,0,0,0,0,0,0,0,0
rennen,0,0,0,0,0,0,0,0,0,0
landingsbaan,0,0,0,0,0,0,0,0,0,0
scheuren,0,0,0,1,0,1,0,1,1,0
landelijk,0,0,0,0,0,0,0,0,0,0
list,0,0,0,0,0,1,0,0,0,0
stormloop,0,0,0,0,0,0,0,0,0,0
Roest,0,0,0,0,0,1,0,0,0,0
rustiek,0,0,0,0,0,0,0,0,0,0
ritselen,0,0,0,0,0,0,0,0,0,0
roestig,0,0,0,0,0,1,0,0,0,0
sleur,0,0,0,0,0,0,0,0,0,0
Ruth,0,0,0,0,0,0,1,0,0,0
meedogenloos,1,0,1,1,0,1,0,0,0,0
rogge,0,0,0,0,0,0,0,0,0,0
sabel,1,0,0,1,0,1,0,0,0,0
sabelmarter,0,0,0,0,0,0,0,0,0,0
sabotage,1,0,1,1,0,1,0,1,1,0
zak,0,0,0,0,0,0,0,0,0,0
zak,0,0,0,0,0,0,0,0,0,0
sacrament,0,0,0,0,0,0,0,0,0,0
heilig,0,0,0,0,0,0,0,0,0,0
opofferingen,0,0,1,1,0,1,0,1,0,0
zadel,0,0,0,0,0,0,0,0,0,0
helaas,0,0,0,0,0,1,0,1,0,0
droefheid,0,0,0,0,0,1,0,1,0,1
veilig,0,0,0,0,1,0,1,0,0,1
beschermen,0,0,0,0,0,0,1,0,0,1
bewaring,0,0,0,0,0,0,0,0,0,1
veiligheid,0,0,0,0,0,0,0,0,0,0
saffraan,0,0,0,0,0,0,0,0,0,0
doorzakken,0,0,0,1,0,1,0,0,0,0
saga,0,0,0,0,0,0,0,0,0,0
verstandig,0,0,0,0,0,0,1,0,0,1
zeil-,0,0,0,0,0,0,0,0,0,0
het zeilen,0,0,0,0,0,0,0,0,0,0
matroos,0,0,0,0,0,0,0,0,0,0
heilige,0,1,0,0,1,0,1,0,1,1
heilig,0,1,0,0,1,0,1,0,1,1
salade,0,0,0,0,0,0,0,0,0,0
salamander,0,0,0,0,0,0,0,0,0,0
salaris,0,1,0,0,1,0,1,0,0,1
uitverkoop,0,0,0,0,0,0,0,0,0,0
verkoper,0,0,0,0,0,0,0,0,0,0
saillant,0,0,0,0,0,0,1,0,0,0
zoutoplossing,0,0,0,0,0,0,0,0,0,0
speeksel,0,1,0,0,0,0,0,0,0,0
Sally,0,0,0,0,0,0,0,0,1,0
salon,0,0,0,0,0,0,0,0,0,0
salon,1,0,0,0,0,0,0,0,0,0
zout,0,0,0,0,0,0,0,0,0,0
zout,0,0,0,0,0,0,0,0,0,0
heilzaam,0,0,0,0,1,0,1,0,0,1
begroeting,0,0,0,0,0,0,0,0,0,0
groet,0,0,0,0,1,0,1,0,0,0
redden,0,0,0,0,0,0,0,0,0,0
redding,0,1,0,0,1,0,1,0,0,1
zalf,0,0,0,0,0,0,1,0,0,0
samba,0,0,0,0,0,0,0,0,0,0
gelijkheid,0,0,0,0,0,0,0,0,0,0
samoerai,0,0,0,1,0,0,1,0,0,0
heiliging,0,0,0,0,1,0,1,0,0,1
geheiligd,0,0,0,0,0,0,0,0,0,0
heiligen,0,1,0,0,1,0,1,1,1,1
sanctie,0,0,0,0,0,0,0,0,0,0
gesanctioneerd,0,0,0,0,0,0,0,0,0,0
heiligheid,0,0,0,0,0,0,0,0,0,0
heiligdom,0,1,0,0,1,0,1,0,0,1
zand,0,0,0,0,0,0,0,0,0,0
sandaal,0,0,0,0,0,0,0,0,0,0
schuurmachine,0,0,0,0,0,0,0,0,0,0
zand,0,0,0,0,0,0,0,0,0,0
zanderig,0,0,0,0,0,0,0,0,0,0
verstandig,0,0,0,0,0,0,0,0,0,0
optimistisch,0,0,0,0,0,0,1,0,0,0
sanitair,0,0,0,0,0,0,1,0,0,0
geestelijke gezondheid,0,0,0,0,0,0,0,0,0,0
zonder,0,0,0,0,0,0,0,0,0,0
sap,0,0,0,0,0,1,0,1,0,0
saffier,0,0,0,0,0,0,0,0,0,0
sappig,0,0,0,0,0,0,0,0,0,1
sarcasme,1,0,1,0,0,1,0,1,0,0
sarcoom,0,0,0,1,0,1,0,1,0,0
sardonisch,0,0,0,0,0,1,0,0,0,0
sjerp,0,0,0,0,0,0,0,0,0,0
satanisch,1,0,0,0,0,1,0,0,0,0
schooltas,0,0,0,0,0,0,0,0,0,0
saté,0,0,0,0,0,0,0,0,0,0
satelliet,0,0,0,0,0,0,0,0,0,0
satijn,0,0,0,0,0,0,1,0,0,0
satire,0,0,0,0,0,0,0,0,0,0
satirisch,0,0,0,0,0,0,0,0,0,0
tevredenheid,0,0,0,0,0,0,0,0,0,0
bevredigend,0,0,0,0,0,0,1,0,0,0
tevreden,0,0,0,0,1,0,1,0,0,0
verzadigen,0,0,0,0,0,0,0,0,0,0
verzadigd,0,0,1,0,0,1,0,0,0,0
verzadiging,0,0,0,0,0,0,0,0,0,0
saus,0,0,0,0,0,0,0,0,0,0
pan,0,0,0,0,0,0,0,0,0,0
schotel,0,0,0,0,0,0,0,0,0,0
pittig,0,0,0,0,0,0,0,0,0,0
zuurkool,0,0,0,0,0,0,0,0,0,0
sauna,0,0,0,0,0,0,0,0,0,0
wild,1,0,0,1,0,1,0,0,0,0
wreedheid,1,0,0,1,0,1,0,0,0,0
savanne,0,0,0,0,0,0,0,0,0,0
opslaan,0,0,0,0,1,0,1,0,0,1
besparing,0,0,0,0,0,0,0,0,0,0
besparingen,0,0,0,0,0,0,1,0,0,0
genieten,0,1,1,0,1,0,1,1,0,1
hartig,0,0,0,0,0,0,1,0,0,0
snugger,0,0,0,0,0,0,1,0,0,0
zaagsel,0,0,0,0,0,0,0,0,0,0
saxofoon,0,0,0,0,0,0,0,0,0,0
saxofoon,0,0,0,0,0,0,0,0,0,0
schurft,0,0,0,0,0,1,0,0,0,0
schede,0,0,0,0,0,0,0,0,0,0
steiger,0,0,0,1,0,1,0,0,0,0
steiger,0,0,0,0,0,0,0,0,0,0
schaal,0,0,0,0,0,0,0,0,0,0
schubben,0,0,0,0,0,0,0,0,0,0
sint-jakobsschelp,0,0,0,0,0,0,0,0,0,0
hoofdhuid,0,0,0,0,0,0,0,0,0,0
scalpel,0,0,0,1,0,1,0,0,0,0
geschubd,0,0,0,0,0,1,0,0,0,0
scannen,0,0,0,0,0,0,0,0,0,0
schandaal,0,0,0,1,0,1,0,0,0,0
schandalig,1,0,0,0,0,1,0,0,0,0
schaars,0,0,0,0,0,1,0,0,0,0
scape,0,0,0,0,0,0,0,0,0,0
zondebok,1,0,0,1,0,1,0,0,0,0
litteken,1,0,1,1,0,1,0,1,0,0
scarabee,0,0,0,0,0,0,0,0,0,0
schaars,0,0,0,1,0,1,0,1,0,0
nauwelijks,0,0,0,0,0,1,0,1,0,0
schaarste,1,0,0,1,0,1,0,1,0,0
laten schrikken,1,1,0,1,0,1,0,0,1,0
vogelverschrikker,0,0,0,1,0,1,1,0,0,0
sjaal,0,0,0,0,0,0,0,0,0,0
scharlaken,0,0,0,0,0,0,0,0,0,0
verstrooien,0,0,0,0,0,0,0,0,0,0
verspreide,0,0,0,0,0,0,0,0,0,0
verstrooiing,0,0,0,0,0,0,0,0,0,0
aaseter,0,0,0,0,0,1,0,0,0,0
tafereel,0,0,0,0,0,0,0,0,0,0
landschap,0,0,0,0,0,0,0,0,0,0
toneel-,0,0,0,0,0,0,0,0,0,0
geur,0,0,0,0,0,0,0,0,0,0
sceptisch,0,0,0,0,0,0,0,0,0,1
scepticisme,0,0,0,0,0,0,0,0,0,0
schematisch,0,0,0,0,0,0,0,0,0,0
schema,0,0,0,0,0,1,0,0,0,0
schisma,1,0,0,0,0,1,0,0,0,0
schizofrenie,1,0,1,1,0,1,0,1,0,0
geleerde,0,0,0,0,0,0,1,0,0,0
wetenschappelijk,0,0,0,0,0,0,0,0,0,0
studiebeurs,0,0,0,0,1,0,1,0,0,0
school,0,0,0,0,0,0,0,0,0,1
schooljongen,0,0,0,0,0,0,0,0,0,0
scholing,0,0,0,0,0,0,0,0,0,0
schoolmeester,0,0,0,0,0,0,0,0,0,0
schoener,0,0,0,0,0,0,0,0,0,0
ischias,0,0,0,0,0,1,0,0,0,0
wetenschap,0,0,0,0,0,0,0,0,0,0
wetenschappelijk,0,0,0,0,0,0,1,0,0,1
wetenschapper,0,1,0,0,0,0,1,0,0,1
scintilla,0,0,0,0,0,0,1,0,0,0
scintillatie,0,0,0,0,0,0,0,0,0,0
scintillator,0,0,0,0,0,0,0,0,0,0
telg,0,0,0,0,0,0,0,0,0,0
schaar,0,0,0,0,0,0,0,0,0,0
spotten,1,0,1,0,0,1,0,0,0,0
uitschelden,1,0,1,1,0,1,0,1,0,0
uitbrander,1,0,0,0,0,1,0,0,0,0
lepel,0,0,0,0,0,0,0,0,0,0
domein,0,0,0,0,0,0,0,0,0,0
verzengend,1,0,0,0,0,1,0,0,0,0
scoren,0,1,0,0,1,0,1,0,1,0
scores,0,0,0,0,0,0,0,0,0,0
minachting,1,0,0,0,0,1,0,0,0,0
schorpioen,1,0,1,1,0,1,0,0,1,0
Scotch,0,0,0,0,0,1,0,0,0,0
schurk,1,0,1,1,0,1,0,0,0,1
schuren,0,0,0,0,0,0,0,0,0,0
geselen,1,0,0,1,0,1,0,1,0,0
verkenner,0,0,0,0,0,0,0,0,0,0
scrabbelen,0,0,0,0,0,0,0,0,0,0
door elkaar haspelen,0,0,0,0,0,0,0,0,0,0
klauteren,0,0,0,0,0,1,0,0,0,0
schrapen,0,0,0,0,0,0,0,0,0,0
scrapie,1,0,0,1,0,1,0,1,0,0
schrapen,0,0,0,0,0,0,0,0,0,0
kras,0,0,0,0,0,0,0,0,0,0
schreeuw,1,0,1,1,0,1,0,0,1,0
schreeuwen,1,0,1,1,0,1,0,0,0,0
krijsen,0,0,0,1,0,1,0,0,1,0
scherm,0,0,0,0,0,0,0,0,0,0
schroevendraaier,0,0,0,0,0,0,0,0,0,0
genaaid,1,0,0,0,0,1,0,0,0,0
krabbelen,0,0,0,0,0,0,0,0,0,0
schrijver,0,0,0,0,0,0,1,0,0,0
scrimmage,0,0,0,0,0,1,0,0,1,0
schrift,0,0,0,0,0,0,0,0,0,0
script,0,0,0,0,0,0,1,0,0,0
schriftuurlijk,0,0,0,0,0,0,0,0,0,0
geschrift,0,0,0,0,0,0,0,0,0,1
rol,0,0,0,0,0,0,0,0,0,0
schrobben,0,0,1,0,0,1,0,0,0,0
heerlijk,0,0,0,0,0,0,1,0,0,0
nauwgezet,0,0,0,0,0,0,0,0,0,0
onderzoeken,0,1,0,0,0,1,0,0,0,0
streng toezicht,0,0,0,0,0,1,0,0,0,0
beeldhouwer,0,0,0,0,0,0,0,0,0,0
beeldhouwwerk,0,0,0,0,0,0,1,0,0,0
gebeeldhouwd,0,0,0,0,0,0,0,0,0,0
uitschot,0,0,1,0,0,1,0,0,0,0
zee,0,0,0,0,0,0,1,0,0,0
kust-,0,0,0,0,0,0,0,0,0,0
zegel,0,0,0,0,0,0,1,0,0,1
zeehonden,0,0,0,0,0,0,0,0,0,1
naad,0,0,0,0,0,0,0,0,0,0
zeeman,0,0,0,0,0,0,0,0,0,0
naadloos,0,0,0,0,0,0,0,0,0,0
naaister,0,0,0,0,0,0,0,0,0,0
zeehaven,0,0,0,0,0,0,0,0,0,0
zoeken,0,0,0,0,0,1,0,0,0,0
zoeken,0,0,0,0,0,0,0,0,0,0
zoeken,0,0,0,0,0,0,0,0,0,0
aangebraden,0,0,0,0,0,0,0,0,0,0
kust,0,0,0,0,0,0,0,0,0,0
seizoen,0,0,0,0,0,0,0,0,0,0
gekruid,0,0,0,0,0,0,1,0,0,0
kruiden,0,0,0,0,0,0,0,0,0,0
zitplaats,0,0,0,0,0,0,0,0,0,0
afscheiding,0,0,0,0,0,1,0,0,0,0
afgezonderd,0,0,0,0,0,1,0,1,0,0
afzondering,0,0,0,1,0,1,1,0,0,0
ondergeschikt,0,0,0,0,0,0,0,0,0,0
tweedehands,0,0,0,0,0,1,0,0,0,0
geheimhouding,0,0,0,0,0,0,0,0,1,1
geheim,0,0,0,0,0,0,0,0,0,1
secretariaat,0,0,0,0,0,0,1,0,0,0
secretaris,0,0,0,0,0,0,0,0,0,0
afscheiden,0,0,1,0,0,0,0,0,0,0
afscheiding,0,0,1,0,0,1,0,0,0,0
geheimzinnig,0,0,0,0,0,1,0,0,0,0
stiekem,0,0,0,0,0,0,0,0,0,0
sekte,0,0,0,0,0,0,0,0,0,0
sektarisch,1,0,0,1,0,1,0,0,0,0
sectioneel,0,0,0,0,0,0,0,0,0,0
sector,0,0,0,0,0,0,0,0,0,0
seculier,0,1,0,0,0,0,0,0,0,0
secularisme,0,0,0,0,0,0,0,0,0,0
effecten,0,0,0,0,0,0,0,0,0,1
veiligheid,0,0,0,0,0,0,0,0,0,0
sedan,0,0,0,0,0,0,0,0,0,0
kalmeren,0,0,0,0,0,0,0,0,0,0
kalmerend middel,0,0,0,0,0,0,0,0,0,0
gevestigd,0,0,0,0,0,0,0,0,0,0
zegge,0,0,0,0,0,0,0,0,0,0
bezinken,0,0,0,0,0,0,0,0,0,0
sedimentair,0,0,0,0,0,0,0,0,0,0
opruiing,1,0,0,0,0,1,0,1,0,0
verleiden,0,0,0,0,0,1,0,0,0,0
verleiden,0,0,0,0,0,0,0,0,0,0
verleiding,0,0,0,0,0,1,0,0,0,0
verleidelijk,0,1,0,0,0,0,0,0,0,0
zaad,0,0,0,0,0,0,0,0,0,0
zaailing,0,0,0,0,0,0,0,0,0,0
zoeken,0,1,0,0,0,0,0,0,0,0
zoeker,0,0,0,0,0,0,0,0,0,0
schijnbaar,0,0,0,0,0,0,0,0,0,0
ziener,0,0,0,0,0,0,0,0,0,0
ziedend,0,0,0,0,0,0,0,0,0,0
segment,0,0,0,0,0,0,0,0,0,0
scheiden,1,0,1,0,0,1,0,1,0,0
gescheiden,0,0,0,0,0,1,0,0,0,0
segregatie,0,0,0,0,0,0,0,0,0,0
grijpen,0,0,0,1,0,1,0,0,0,0
hartinfarct,0,0,0,1,0,0,0,0,0,0
zelden,0,0,0,0,0,0,0,0,0,0
selecteer,0,0,0,0,0,0,0,0,0,0
selectie,0,0,0,0,0,0,0,0,0,0
egoïstisch,1,0,1,0,0,1,0,0,0,0
egoïsme,0,0,0,0,0,1,0,0,0,0
verkopen,0,0,0,0,0,0,0,0,0,0
verkoper,0,0,0,0,0,0,0,0,0,0
semafoor,0,0,0,0,0,0,0,0,0,0
schijn,0,0,0,0,0,0,0,0,0,0
sperma,0,0,0,0,0,0,0,0,0,0
puntkomma,0,0,0,0,0,0,0,0,0,0
baanbrekend,0,0,0,0,0,0,0,0,0,0
seminarie,0,0,0,0,0,0,0,0,0,0
seminarie,0,0,0,0,0,0,0,0,0,0
semiotiek,0,0,0,0,0,0,0,0,0,0
senaat,0,0,0,0,0,0,0,0,0,1
senator,0,0,0,0,0,0,0,0,0,0
versturen,0,0,0,0,0,0,0,0,0,0
veroudering,0,0,0,0,0,0,0,0,0,0
seniel,0,0,0,1,0,1,0,1,0,0
senior,0,0,0,0,0,0,0,0,0,0
anciënniteit,0,0,0,0,0,0,1,0,0,1
gevoel,0,0,0,0,0,0,0,0,0,0
sensationeel,0,0,0,0,1,0,1,0,0,0
gevoel,0,0,0,0,0,0,1,0,0,0
zinloos,1,0,1,1,0,1,0,1,1,0
zintuigen,0,0,0,0,0,0,0,0,0,0
gevoeligheid,0,0,0,0,0,0,1,0,0,0
verstandig,0,0,0,0,0,0,1,0,0,0
gevoelig,0,0,0,0,0,0,0,0,0,0
zintuiglijk,0,0,0,0,0,0,0,0,0,0
sensueel,0,1,0,0,1,1,1,0,1,1
sensualiteit,0,1,0,0,1,0,1,0,0,0
sensueel,0,0,0,0,1,0,1,0,0,0
zin,1,1,1,1,0,1,0,1,0,0
bewust,0,0,0,0,0,0,0,0,0,0
sentiment,0,0,0,0,0,0,0,0,0,0
sentimenteel,0,0,0,0,0,0,1,0,0,0
sentimentaliteit,0,0,0,0,0,0,1,0,0,0
schildwacht,0,0,0,0,0,0,1,0,0,1
schildwacht,0,0,0,0,0,0,0,0,0,1
scheidbaar,0,0,0,0,0,0,0,0,0,0
verschillend,0,0,0,0,0,0,0,0,0,0
afzonderlijk,0,0,0,0,0,0,0,0,0,0
scheiding,0,0,0,0,0,0,0,0,0,0
separatist,1,0,1,0,0,1,0,0,0,0
sepia,0,0,0,0,0,0,0,0,0,0
sepsis,0,0,0,1,0,1,0,1,0,0
sept,0,0,0,0,0,0,0,0,0,0
septisch,0,0,1,0,0,1,0,0,0,0
tussenschot,0,0,0,0,0,0,0,0,0,0
vervolg,0,1,0,0,0,0,0,0,0,0
reeks,0,0,0,0,0,0,0,0,0,0
opeenvolgend,0,0,0,0,0,0,0,0,0,0
afgezonderd,0,0,0,0,0,0,0,0,0,0
beslaglegging,0,0,0,0,0,1,0,1,0,0
sereen,0,0,0,0,0,1,0,0,0,1
rust,0,1,0,0,1,0,1,0,0,1
sergeant,0,0,0,0,0,0,0,0,0,0
serieel,0,1,0,0,0,0,0,0,0,0
serie,0,0,0,0,0,0,0,0,0,1
schreef,0,0,0,0,0,0,0,0,0,0
ernst,0,0,0,1,0,0,0,1,0,0
preek,0,0,0,0,0,0,1,0,0,1
slang,0,0,1,1,0,1,0,0,0,0
serpentijn,0,0,0,0,0,0,0,0,0,0
gekarteld,0,0,0,0,0,0,0,0,0,0
serum,0,0,0,0,0,0,1,0,0,0
bediende,0,0,0,0,0,1,0,0,0,1
dienen,0,0,0,0,0,1,0,0,0,1
onderhoud,0,0,0,0,0,0,0,0,0,0
bruikbaar,0,0,0,0,0,0,0,0,0,0
slaafs-,0,0,1,1,0,1,0,1,0,0
dienstbaarheid,0,0,0,0,0,1,0,0,0,0
sess,0,0,0,0,0,0,0,0,0,0
sessie,0,0,0,0,0,0,0,0,0,0
sessies,0,0,0,0,0,0,0,0,0,0
set,0,0,0,0,0,0,0,0,0,0
tegenslag,0,0,0,0,0,1,0,1,0,0
sett,0,0,0,0,0,0,0,0,0,0
setter,0,0,0,0,0,0,0,0,0,0
schikken,0,0,0,0,0,0,0,0,0,0
geregeld,0,0,0,0,0,0,0,0,0,0
kolonist,0,0,0,0,0,0,0,0,0,0
kolonist,0,0,0,1,0,0,1,0,0,0
zevende,0,0,0,0,0,0,0,0,0,0
zeventig,0,0,0,0,0,0,0,0,0,0
verbreken,0,0,0,0,0,1,0,0,0,0
scheidbaar,0,0,0,0,0,0,0,0,0,0
afzonderlijk,0,0,0,0,0,0,0,0,0,0
ontslagvergoeding,0,0,0,0,0,0,0,1,0,0
ernstig,0,0,0,0,0,0,0,0,0,0
ernst,0,0,0,0,0,0,0,0,0,0
naaien,0,0,0,0,0,0,0,0,0,0
riolering,0,0,1,0,0,1,0,0,0,0
riool,0,0,1,0,0,0,0,0,0,0
riolering,0,0,1,0,0,1,0,0,0,0
seks,0,1,0,0,1,0,1,0,0,1
seksualiteit,0,0,0,0,0,0,0,0,0,0
sexy,0,0,0,0,0,0,0,0,0,0
armoedig,0,0,1,0,0,1,0,0,0,0
keet,0,0,1,0,0,1,0,1,0,0
sluiting,1,1,1,1,0,1,0,1,0,0
schaduw,0,0,0,0,0,0,0,0,0,0
tinten,0,0,0,0,0,0,0,0,0,0
schaduw,0,0,0,0,0,0,0,0,0,0
schaduw,0,0,0,0,0,0,0,0,0,0
schaduwachtig,0,0,0,0,0,0,0,0,0,0
schaduwrijk,0,0,0,1,0,1,0,0,0,0
schacht,0,0,0,0,0,0,0,0,0,0
shag,0,0,0,0,0,0,0,0,0,0
ruig,0,0,0,0,0,0,0,0,0,0
schudden,0,0,0,0,0,0,0,0,0,0
geschud,0,0,0,0,0,0,0,0,0,0
schudden,0,0,0,1,0,1,0,0,0,0
wankel,1,1,0,1,0,1,0,0,0,0
schijnvertoning,1,0,1,0,0,1,0,0,0,0
sjamaan,0,0,0,0,0,0,0,0,0,0
puinhoop,0,0,0,0,0,1,0,0,0,0
schaamte,0,0,1,1,0,1,0,1,0,0
beschamend,0,0,0,0,0,1,0,1,0,0
schaamteloos,0,0,1,0,0,1,0,0,0,0
sjanghai,0,0,1,1,0,1,0,0,0,0
schacht,0,0,0,1,0,0,0,0,0,0
barak,0,0,0,0,0,0,0,0,0,0
vorm geven aan,0,0,0,0,0,0,1,0,0,0
welgevormd,0,0,0,0,0,0,1,0,0,0
deel,0,1,0,0,1,0,1,0,0,1
aandeelhouder,0,0,0,0,0,0,0,0,0,0
haai,0,0,0,0,0,1,0,0,0,0
verscherpen,1,1,0,0,0,0,0,0,0,0
geslepen,0,0,0,0,0,0,0,0,0,0
slijper,0,0,0,0,0,0,0,0,0,0
scherpte,0,0,0,0,0,0,0,0,0,0
breken,1,0,0,1,0,1,0,1,1,0
aan gruzelementen,0,0,0,0,0,1,0,1,0,0
scheren,0,0,0,0,0,0,0,0,0,0
scheren,0,0,0,0,0,0,0,0,0,0
sjaal,0,0,0,0,0,0,0,0,0,0
schoof,0,0,0,0,0,0,0,0,0,0
scheren,0,0,0,0,0,0,0,0,0,0
schaar,0,0,0,0,0,0,0,0,0,0
schede,0,0,0,0,0,0,0,0,0,0
omhulsel,0,0,0,0,0,0,0,0,0,0
schuur,0,0,0,0,0,1,0,0,0,0
glans,0,0,0,0,0,0,0,0,0,0
schaap,0,0,0,0,0,0,0,0,0,0
puur,0,0,0,0,0,0,0,0,0,0
vel,0,0,0,0,0,0,0,0,0,0
plank,0,0,0,0,0,0,0,0,0,0
schelp,1,0,0,1,0,1,0,1,1,0
schaaldieren,0,0,0,0,0,0,0,0,0,0
schuilplaats,0,0,0,0,0,0,1,0,0,1
opgeschort,0,0,0,0,0,1,0,0,0,0
herder,0,0,0,0,0,0,1,0,0,1
sheriff,0,0,0,0,0,0,0,0,0,1
sherry,0,0,0,0,0,0,0,0,0,0
schild,0,0,0,0,0,0,0,0,0,0
verschuiving,0,0,0,0,0,0,0,0,0,0
verschuiven,0,0,0,0,0,0,0,0,0,0
shilling,0,0,0,0,0,0,0,0,0,0
flikkering,0,0,0,0,0,0,0,0,0,0
scheenbeen,0,0,0,0,0,0,0,0,0,0
schijnen,0,0,0,0,0,0,1,0,0,0
kiezelsteen,0,0,0,0,0,0,0,0,0,0
schijnend,0,1,0,0,1,0,1,0,0,0
glimmend,0,0,0,0,0,0,0,0,0,0
schip,0,1,0,0,0,0,0,0,0,0
Verzending,0,0,0,0,0,0,0,0,0,0
Verzenden,0,0,0,0,0,0,0,0,0,0
schipbreuk,0,0,0,1,0,1,0,1,0,0
graafschap,0,0,0,0,0,0,0,0,0,0
shirt,0,0,0,0,0,0,0,0,0,0
shit,1,0,1,0,0,1,0,0,0,0
rilling,1,1,0,1,0,1,0,1,0,0
rillen,0,0,0,0,0,0,0,0,0,0
ondiepten,0,0,0,0,0,0,0,0,0,0
schok,1,0,0,1,0,1,0,0,1,0
schokkend,0,0,0,0,0,0,0,0,1,0
slordig,1,0,1,0,0,1,0,0,0,0
schoen,0,0,0,0,0,0,0,0,0,0
schoenmaker,0,0,0,0,0,0,0,0,0,0
schieten,1,0,0,1,0,1,0,0,0,0
schutter,0,0,0,1,0,0,0,0,0,0
schieten,1,0,0,1,0,1,0,0,0,0
winkel,0,0,0,0,0,0,0,0,0,0
winkelier,0,0,0,0,0,0,0,0,0,1
winkeldiefstal,1,0,1,0,0,1,0,0,0,0
winkelen,0,1,0,0,1,0,1,0,1,1
oever,0,0,0,0,0,0,0,0,0,0
geschoren,0,0,0,0,0,0,0,0,0,0
kort,0,0,0,0,0,0,0,0,0,0
tekort,1,0,0,1,0,1,0,1,0,0
Tekortkoming,0,0,0,0,0,1,0,0,0,0
verkorten,0,0,0,0,0,0,0,0,0,0
verkorting,0,0,0,0,0,0,0,0,0,0
steno,0,0,0,0,0,0,0,0,0,0
binnenkort,0,1,0,0,0,0,0,0,0,0
kortheid,0,0,0,0,0,0,0,0,0,0
korte broek,0,0,0,0,0,0,0,0,0,0
schot,1,0,0,1,0,1,0,1,1,0
jachtgeweer,0,0,0,0,0,0,0,0,0,0
schouder,0,0,0,0,0,0,1,0,0,1
roepen,1,0,0,0,0,0,0,0,1,0
duw,1,0,0,0,0,1,0,0,0,0
Schep,0,0,0,0,0,0,0,0,0,0
scheppen,0,0,0,0,0,0,0,0,0,0
show,0,0,0,0,0,0,0,0,0,1
douche,0,0,0,0,0,0,0,0,0,0
laten zien,0,0,0,0,0,0,0,0,0,0
opzichtig,0,0,0,0,0,1,0,0,0,0
granaatscherven,0,0,0,1,0,0,0,0,0,0
versnipperen,0,0,0,0,0,0,0,0,0,0
slim,0,0,0,0,0,0,1,0,0,0
krijsen,1,0,0,1,0,1,0,1,1,0
schel,1,0,0,1,0,1,0,0,1,0
garnaal,0,0,0,0,0,0,0,0,0,0
altaar,0,0,0,0,0,0,0,0,0,0
krimpen,0,0,0,1,0,1,0,1,0,0
krimpen,0,0,0,0,0,0,0,0,0,0
lijkwade,0,0,0,0,0,0,0,1,0,0
struik,0,0,0,0,0,0,0,0,0,0
struikgewas,0,0,0,0,0,0,0,0,0,0
schouderophalend,0,0,0,0,0,0,0,0,0,0
gekrompen,0,0,0,0,0,1,0,0,0,0
huivering,0,0,0,1,0,1,0,0,0,0
shuffle,0,0,0,0,0,0,0,0,0,0
schuifelend,0,0,0,0,0,0,0,0,0,0
vermijden,1,0,1,0,0,1,0,1,0,0
shunt,0,0,0,0,0,0,0,0,0,0
dicht,0,0,0,0,0,0,0,0,0,0
Luik,0,0,0,0,0,0,0,0,0,0
shuttle,0,0,0,0,0,0,0,0,0,0
broer/zus,0,0,0,0,0,0,0,0,0,1
sic,0,0,0,0,0,0,0,0,0,0
ziek,0,0,1,0,0,1,0,1,0,0
misselijkmakend,1,0,1,1,0,1,0,1,0,0
sikkel,0,0,0,0,0,0,0,0,0,0
ziekelijk,0,0,1,0,0,1,0,1,0,0
ziekte,0,0,1,1,0,1,0,1,0,0
kant,0,0,0,0,0,0,0,0,0,0
dressoir,0,0,0,0,0,0,0,0,0,0
uit de weg gaan,0,0,0,0,0,0,0,0,0,0
zijwaarts,0,0,0,0,0,0,0,0,0,0
belegering,0,0,0,0,0,0,0,0,0,0
siësta,0,0,0,0,0,0,0,0,0,0
zeef,0,0,0,0,0,0,0,0,0,0
zeven,0,0,0,0,0,0,0,0,0,0
zucht,0,0,0,0,0,0,0,0,0,0
zicht,0,0,0,0,0,0,0,0,0,0
teken,0,0,0,0,0,0,0,0,0,0
signaal,0,0,0,0,0,0,0,0,0,0
handtekening,0,0,0,0,0,0,0,0,0,1
betekenis,0,0,0,0,0,0,0,0,0,0
significant,0,0,0,0,0,0,0,0,0,0
betekenis,0,0,0,0,0,0,0,0,0,0
betekenen,0,1,0,0,0,0,0,0,0,0
wegwijzer,0,0,0,0,0,0,0,0,0,0
stil,0,0,0,0,0,0,0,0,0,0
stilletjes,0,0,0,0,0,0,0,0,0,0
silhouet,0,0,0,0,0,0,0,0,0,0
zijde,0,0,0,0,0,0,1,0,0,0
zijden,0,0,0,0,0,0,0,0,0,0
zijdezacht,0,0,0,0,0,0,0,0,0,0
dorpel,0,0,0,0,0,0,0,0,0,0
dwaasheid,0,0,0,0,0,0,0,0,0,0
gek,0,0,0,0,1,1,0,0,0,0
slib,0,0,0,0,0,0,0,0,0,0
zilver,0,0,0,0,0,0,0,0,0,0
zilverachtig,0,0,0,0,0,0,0,0,0,0
vergelijkbaar,0,0,0,0,0,0,0,0,0,0
gelijkenis,0,0,0,0,0,0,0,0,0,0
vergelijking,0,0,0,0,0,0,0,0,0,0
sudderen,1,1,0,0,0,0,0,0,0,0
sudderen,0,1,0,0,0,0,0,0,0,0
gemakkelijk,0,0,0,0,0,0,0,0,0,0
eenvoudig,0,0,0,0,0,0,0,0,0,0
makkelijker maken,0,1,0,0,1,0,1,0,1,1
gewoon,0,0,0,0,0,0,0,0,0,0
simuleren,0,0,0,0,0,0,0,0,0,0
gesimuleerd,0,0,0,0,0,0,0,0,0,0
simuleren,0,0,0,0,0,0,0,0,0,0
simulatie,0,0,0,0,0,0,0,0,0,0
gelijktijdig,0,0,0,0,0,0,0,0,0,0
tegelijkertijd,0,0,0,0,0,0,0,0,0,0
zonde,1,0,1,1,0,1,0,1,0,0
eerlijk,0,0,0,0,0,0,1,0,0,1
oprechtheid,0,0,0,0,0,0,1,0,0,0
zondig,1,0,1,1,0,1,0,1,0,0
zingen,0,1,0,0,1,0,1,1,0,1
zanger,0,0,0,0,0,0,0,0,0,0
enkel,0,0,0,0,0,0,0,0,0,0
afzonderlijk,0,0,0,0,0,0,1,0,0,0
enkelvoud,0,0,0,0,0,0,0,0,0,0
singulariteit,0,0,0,0,0,0,0,0,0,0
enkelvoud,0,0,0,0,0,0,0,0,1,0
sinister,1,0,1,1,0,1,0,0,0,0
wasbak,0,0,0,0,0,0,0,0,0,0
zondaar,1,0,1,1,0,1,0,1,0,0
zondigen,0,0,1,0,0,1,0,0,0,0
sinus,0,0,0,0,0,0,0,0,0,0
slokje,0,0,0,0,0,0,0,0,0,0
overhevelen,0,0,0,0,0,0,0,0,0,0
meneer,0,0,0,0,0,0,1,0,0,1
vader,0,0,0,0,0,0,0,0,0,0
sirene,0,0,0,1,0,1,0,0,0,0
mietje,0,0,0,0,0,1,0,0,0,0
zus,0,0,0,0,0,0,0,0,0,0
zusterschap,1,0,0,0,0,0,1,1,1,1
site,0,0,0,0,0,0,0,0,0,0
sith,0,0,0,0,0,0,0,0,0,0
zitten,0,0,0,0,0,0,0,0,0,0
situeren,0,0,0,0,0,0,0,0,0,0
gelegen,0,0,0,0,0,0,0,0,0,0
situatie,0,0,0,0,0,0,0,0,0,0
zesde,0,0,0,0,0,0,0,0,0,0
zestig,0,0,0,0,0,0,0,0,0,0
maat,0,0,0,0,0,0,0,0,0,0
sissen,1,0,0,0,0,0,0,0,0,0
vleet,0,0,0,0,0,0,0,0,0,0
het schaatsen,0,0,0,0,0,0,0,0,0,0
streng,0,0,0,0,0,0,0,0,0,0
skelet,0,0,0,0,0,0,0,0,0,0
scepticus,0,0,0,0,0,0,0,0,0,0
sceptisch,0,0,0,0,0,1,0,0,0,0
scepticisme,0,0,0,0,0,0,0,0,0,0
schetsen,0,0,0,0,0,0,0,0,0,0
schetsmatig,0,0,0,0,0,1,0,0,0,0
scheef,1,1,0,0,0,1,0,0,0,0
vleespen,0,0,0,0,0,0,0,0,0,0
ski,0,0,0,0,0,0,0,0,0,0
slippen,1,0,0,1,0,1,0,1,0,0
skiff,0,0,0,0,0,0,0,0,0,0
vaardigheid,0,0,0,0,0,0,0,0,0,0
bekwaam,0,0,0,0,0,0,1,0,0,0
koekepan,0,0,0,0,0,0,0,0,0,0
vaardig,0,0,0,0,0,0,1,0,0,1
afschuimen,0,0,0,0,0,0,0,0,0,0
huid,0,0,0,0,0,0,0,0,0,0
mager,0,0,0,0,0,0,0,0,0,0
overslaan,0,0,0,0,0,1,0,0,0,0
schipper,0,0,0,0,0,0,0,0,0,0
schermutseling,1,0,0,0,0,1,0,0,0,0
rok,0,0,0,0,0,0,0,0,0,0
plinten,0,0,0,0,0,0,0,0,0,0
rokken,0,0,0,0,0,0,0,0,0,0
sketch,0,0,0,0,0,0,0,0,0,0
schedel,0,0,0,0,0,0,0,0,0,0
stinkdier,0,0,0,0,0,0,0,0,0,0
lucht,0,0,0,0,0,0,1,0,0,0
wolkenkrabber,0,0,0,0,0,0,0,0,0,0
plaat,0,0,0,0,0,0,0,0,0,0
slap,0,0,0,0,0,1,0,0,0,0
slakken,0,0,0,0,0,1,0,0,0,0
dichtslaan,1,0,0,1,0,1,0,0,1,0
laster,1,0,1,0,0,1,0,0,0,0
lasterlijk,0,0,0,0,0,1,0,0,0,0
straattaal,0,0,0,0,0,0,0,0,0,0
schuin,0,0,0,0,0,0,0,0,0,0
klap,1,0,0,0,0,1,0,0,1,0
schuine streep,1,0,0,0,0,0,0,0,0,0
schuine strepen,0,0,0,0,0,0,0,0,0,0
leisteen,0,0,0,0,0,0,1,0,0,0
leien,0,0,0,0,0,0,0,0,0,0
slachten,1,0,1,1,0,1,0,1,1,0
slachthuis,1,0,1,1,0,1,0,1,0,0
slachten,1,0,1,1,0,1,0,1,1,0
slaaf,1,0,0,1,0,1,0,1,0,0
slavernij,1,0,1,1,0,1,0,1,0,0
doden,1,0,0,0,0,1,0,0,0,0
moordenaar,1,0,1,1,0,1,0,1,1,0
slee,0,0,0,0,0,0,0,0,0,0
strak,0,0,0,0,0,0,1,0,0,0
slaap,0,0,0,0,0,0,0,0,0,0
slaper,0,0,0,0,0,0,0,0,0,0
slapen,0,0,0,0,0,0,0,0,0,0
slapeloosheid,0,0,0,0,0,0,0,0,0,0
slaperig,0,0,0,0,0,0,0,0,0,0
natte sneeuw,0,0,0,0,0,1,0,0,0,0
mouw,0,0,0,0,0,0,0,0,0,0
mouwloos,0,0,0,0,0,0,0,0,0,0
slee,0,0,0,0,0,0,0,0,0,0
goochelarij,0,0,0,0,0,0,0,0,0,0
slank,0,0,0,0,0,0,1,0,0,0
speurder,0,0,0,0,0,0,0,0,0,0
plak,0,0,0,0,0,0,0,0,0,0
glad,0,0,0,0,0,0,0,0,0,0
dia,0,0,0,0,0,0,0,0,0,0
glijdend,0,0,0,0,0,0,0,0,0,0
licht,0,0,0,0,0,0,0,0,0,0
lichtelijk,0,0,0,0,0,0,0,0,0,0
dun,0,0,0,0,0,0,1,0,0,0
slijm,0,0,1,0,0,0,0,0,0,0
slijmerig,0,0,1,0,0,1,0,0,0,0
slinger,0,0,0,0,0,0,0,0,0,0
sluipen,0,0,0,0,0,1,0,0,0,0
uitglijden,0,0,0,0,0,1,0,0,1,0
pantoffel,0,0,0,0,0,0,0,0,0,0
slippers,0,0,0,0,0,0,0,0,0,0
spleet,0,0,0,0,0,0,0,0,0,0
splinter,0,0,0,0,0,0,0,0,0,0
slogan,0,0,0,0,0,0,0,0,0,0
sloep,0,0,0,0,0,0,0,0,0,0
slordig,0,0,1,0,0,1,0,0,0,0
helling,0,0,0,0,0,0,0,0,0,0
slordig,0,0,1,0,0,1,0,0,0,0
sleuf,0,0,0,0,0,0,0,0,0,0
luiaard,0,0,1,0,0,1,0,0,0,0
slungelig,0,0,0,0,0,1,0,0,0,0
verdoving,0,0,0,0,0,1,0,0,0,0
langzaam,0,0,0,0,0,0,0,0,0,0
langzaam,0,0,0,0,0,0,0,0,0,0
traagheid,0,0,0,0,0,1,0,0,0,0
slib,0,0,1,0,0,1,0,0,0,0
naaktslak,0,0,1,0,0,1,0,0,0,0
Sloom,0,0,0,0,0,1,0,1,0,0
sluis,0,0,0,0,0,0,0,0,0,0
sloppenwijk,0,0,1,0,0,1,0,0,0,0
sluimeren,0,0,0,0,0,0,0,0,0,0
slapheid,0,0,0,0,0,1,0,1,0,0
belediging,1,0,1,0,0,1,0,1,0,0
sneeuwbrij,0,0,1,0,0,1,0,0,1,0
slet,1,0,1,0,0,1,0,0,0,0
sluw,1,0,1,1,0,1,0,0,0,0
slaan,1,0,0,0,0,1,0,0,0,0
klein,0,0,0,0,0,1,0,0,0,0
kleiner,0,0,0,0,0,0,0,0,0,0
kleinste,0,0,0,0,0,0,0,0,0,0
verpletteren,1,0,0,1,0,1,0,0,0,0
verbrijzeld,0,0,0,0,0,1,0,0,0,0
een paar woordjes,0,0,0,0,0,1,0,0,0,0
smeren,0,0,0,0,0,0,0,0,0,0
geur,1,0,1,0,0,1,0,0,0,0
ruikend,0,0,1,0,0,1,0,0,0,0
spiering,0,0,0,0,0,0,0,0,0,0
glimlach,0,0,0,0,1,0,1,0,1,1
lachend,0,0,0,0,1,0,1,0,0,0
grijns,0,0,0,0,0,1,0,0,0,0
slaan,1,0,0,1,0,1,0,1,0,0
smid,0,0,0,0,0,0,0,0,0,1
geslagen,0,0,0,0,0,0,1,0,0,0
roker,0,0,0,0,0,1,0,0,0,0
rokerig,0,0,0,0,0,0,0,0,0,0
roken,0,0,0,0,0,0,0,0,0,0
rokerig,0,0,0,0,0,0,0,0,0,0
smeulend,0,0,0,0,0,0,0,0,0,0
vlot,0,0,0,0,0,0,0,0,0,0
gladheid,0,0,0,0,0,0,1,0,0,0
smoren,1,0,0,0,0,1,0,0,0,0
vlekken,0,0,0,0,0,1,0,0,0,0
zelfingenomen,0,0,0,0,0,1,0,0,0,0
smokkelen,0,0,0,1,0,1,0,0,0,0
smokkelaar,1,0,1,1,0,1,0,0,0,0
smokkelen,0,0,0,0,0,1,0,0,0,0
vuiligheid,0,0,1,1,0,1,0,0,0,0
tussendoortje,0,0,0,0,0,0,0,0,0,0
snacks,0,0,0,0,0,0,0,0,0,0
addertje onder het gras,0,0,0,0,0,1,0,0,1,0
haken en ogen,0,0,0,0,0,1,0,0,0,0
slak,0,0,0,0,0,0,0,0,0,0
slang,0,0,1,1,0,1,0,0,0,0
snap,0,0,0,0,0,0,0,0,0,0
momentopname,0,0,0,0,0,0,0,0,0,0
strik,0,0,0,1,0,1,0,0,0,0
grauwen,1,0,1,0,0,1,0,0,0,0
grommend,1,0,0,0,0,1,0,0,0,0
rukken,0,0,0,0,0,0,0,0,0,0
sluipen,1,0,0,1,0,1,0,0,1,0
sneakers,0,0,0,0,0,0,0,0,0,0
sluipen,0,1,0,1,0,1,0,0,0,1
spottend,1,0,1,0,0,1,0,0,0,0
niezen,0,0,1,0,0,1,0,0,1,0
niezen,0,0,0,0,0,0,0,0,0,0
grinniken,0,0,0,0,0,0,1,0,0,0
spottend,0,0,0,0,0,1,0,0,0,0
snuiven,0,0,0,0,0,0,0,0,0,0
knip,0,0,0,0,0,0,0,0,0,0
watersnip,0,0,0,0,0,0,0,0,0,0
fragment,0,0,0,0,0,0,0,0,0,0
snob,0,0,0,0,0,1,0,0,0,0
snoopy,0,0,0,0,0,0,0,0,0,0
snoozen,0,0,0,0,0,0,0,0,0,0
snurken,0,0,0,0,0,0,0,0,0,0
snuiven,0,0,0,0,0,0,0,1,0,0
snuit,0,0,0,0,0,0,0,0,0,0
sneeuw,0,0,0,0,0,0,0,0,0,0
sneeuwbal,0,0,0,0,0,0,0,0,0,0
sneeuwvlok,0,0,0,0,0,0,0,0,0,0
besneeuwd,0,0,0,0,0,0,0,0,0,0
snuif,0,0,0,0,0,0,0,0,0,0
weken,0,0,0,0,0,1,0,0,0,0
inweken,0,0,0,0,0,0,0,0,0,0
zeep,0,0,0,0,0,0,0,0,0,0
zeepachtig,0,0,0,0,0,0,0,0,0,0
stijgend,0,0,0,0,0,0,0,0,0,0
snik,0,0,0,0,0,1,0,1,0,0
soberheid,0,0,0,0,0,0,1,0,0,1
soc,0,0,0,0,0,0,0,0,0,0
voetbal,0,0,0,0,0,0,0,0,0,0
sociaal,0,0,0,0,0,0,1,0,0,0
sociaal,0,0,0,0,0,0,0,0,0,0
socialisme,0,0,1,1,0,0,0,0,0,0
socialistisch,1,0,1,1,0,1,0,1,0,0
samenleving,0,0,0,0,0,0,0,0,0,0
sok,0,0,0,0,0,0,0,0,0,0
stopcontact,0,0,0,0,0,0,0,0,0,0
zode,0,0,0,0,0,0,0,0,0,0
bank,0,0,0,0,0,0,0,0,0,0
verzachtend,0,0,0,0,0,0,0,0,0,0
zachtheid,0,0,0,0,0,0,0,0,0,0
vochtig,0,0,0,0,0,0,0,0,0,0
bodem,0,0,1,0,0,1,0,0,0,0
bevuild,0,0,1,0,0,1,0,0,0,0
vertoeven,0,0,0,0,0,0,0,0,0,0
troost,0,0,0,0,0,0,1,0,0,0
zonne-,0,0,0,0,0,0,0,0,0,0
soldeer,0,0,0,0,0,0,0,0,0,0
solderen,0,0,0,0,0,0,0,0,0,0
soldaat,1,0,0,0,0,0,1,1,0,0
zool,0,0,0,0,0,0,0,0,0,0
verzoeken om,0,0,0,0,0,0,0,0,0,0
verzoek,0,0,0,0,0,0,0,0,0,0
advocaat,0,0,0,0,0,0,0,0,0,0
stevig,0,0,0,0,0,0,1,0,0,0
solidariteit,0,0,0,0,0,0,0,0,0,1
stolling,0,0,0,0,0,0,0,0,0,0
gestold,0,0,0,0,0,0,0,0,0,0
stollen,0,0,0,0,0,0,0,0,0,0
stevigheid,0,0,0,0,0,0,1,0,0,1
solitair,0,0,0,0,0,0,0,0,0,0
eenzaam,0,0,0,0,0,0,0,0,0,0
eenzaamheid,0,0,0,0,0,0,0,0,0,0
solo,0,0,0,0,0,0,0,0,0,0
oplosbaarheid,0,0,0,0,0,0,0,0,0,0
oplosbaar,0,0,0,0,0,0,0,0,0,0
oplossing,0,0,0,0,0,0,1,0,0,0
oplossen,0,0,0,0,0,0,0,0,0,0
solvabiliteit,0,0,0,0,0,0,1,0,0,0
oplosmiddel,0,0,0,0,0,0,0,0,0,0
somatisch,0,0,0,0,0,1,0,0,1,0
somber,0,0,0,0,0,1,0,1,0,0
zoon,0,0,0,0,0,0,0,0,0,0
sonar,0,1,0,0,0,0,1,0,0,0
sonate,0,0,0,0,0,0,1,0,0,0
liedje,0,0,0,0,0,0,0,0,0,0
sonnet,0,0,0,0,1,0,1,1,0,0
sonoor,0,0,0,0,1,0,1,0,0,0
roet,0,0,1,0,0,1,0,0,0,0
kalmeren,0,0,0,0,0,0,1,0,0,0
geruststelling,0,0,0,0,1,0,1,0,0,1
tweedejaars,0,0,0,0,0,0,0,0,0,0
sopraan,0,0,0,0,0,0,0,0,0,0
tovenaar,0,0,0,0,0,0,0,0,0,0
tovenarij,0,1,0,1,0,1,0,0,1,0
smerig,1,0,1,1,0,1,0,1,0,0
ontstoken,1,0,0,0,0,1,0,1,0,0
zeer,0,0,0,0,0,1,0,1,0,0
pijn,0,0,1,0,0,1,0,1,0,0
sorghum,0,0,0,0,0,0,0,0,0,0
damesdispuut,0,0,0,0,0,0,0,0,0,0
leed,0,0,0,1,0,1,0,1,0,0
bedroefd,0,0,0,0,0,1,0,1,0,0
soort,0,0,0,0,0,0,0,0,0,0
sorteerder,0,0,0,0,0,0,1,0,0,0
sortie,0,0,0,1,0,1,0,0,0,0
sorteren,0,0,0,0,0,0,0,0,0,0
sou,0,0,0,0,0,0,0,0,0,0
zielloos,0,0,1,1,0,1,0,1,0,0
zielsverwant,0,0,0,1,0,1,0,0,0,0
geluid,0,0,0,0,0,0,0,0,0,0
klinkend,0,0,0,0,0,0,0,0,0,0
degelijkheid,0,1,0,0,1,0,1,0,0,1
soep,0,0,0,0,0,0,1,0,0,0
zuur,0,0,1,0,0,1,0,0,0,0
bron,0,0,0,0,0,0,0,0,0,0
souvenir,0,0,0,0,0,0,0,0,0,0
soeverein,0,0,0,0,0,0,0,0,0,1
soevereiniteit,0,0,0,0,0,0,0,0,0,0
zeug,0,0,0,0,0,0,0,0,0,0
spa,0,1,0,0,1,0,1,0,1,1
ruimte,0,0,0,0,0,0,0,0,0,0
ruim,0,0,0,0,0,0,1,0,0,0
spade,0,0,0,0,0,0,0,0,0,0
span,0,0,0,0,0,0,0,0,0,0
spaniël,0,0,0,0,1,0,1,0,0,1
pak slaag,1,0,0,1,0,1,0,1,0,0
pak slaag,1,0,0,0,0,0,0,0,0,0
spar,0,0,0,0,0,0,0,0,0,0
Reserve,0,0,0,0,0,0,0,0,0,0
spaarzaam,0,0,0,0,0,0,0,0,0,0
vonk,0,0,0,0,0,0,0,0,0,0
fonkeling,0,1,0,0,1,0,1,0,1,0
sparren,0,0,0,0,0,0,0,0,0,0
schaars,0,0,0,0,0,0,0,0,0,0
spasme,0,0,0,1,0,1,0,0,0,0
spuugde,1,0,0,0,0,1,0,0,0,0
spatel,0,0,0,0,0,0,0,0,0,0
paaien,0,0,0,0,0,0,0,0,0,0
spreker,0,0,0,0,0,0,0,0,0,0
sprekend,0,0,0,0,0,0,0,0,0,0
speer,1,1,0,1,0,1,0,0,0,0
speciaal,0,0,0,0,1,0,1,0,0,0
specialist,0,0,0,0,0,0,0,0,0,1
specialiteit,0,0,0,0,0,0,0,0,0,0
specialiseren,0,0,0,0,0,0,0,0,0,1
speciaal,0,0,0,0,0,0,0,0,0,0
specie,0,0,0,0,0,0,1,0,0,0
soorten,0,0,0,0,0,0,0,0,0,0
specifiek,0,0,0,0,0,0,0,0,0,0
specificatie,0,0,0,0,0,0,0,0,0,0
exemplaar,0,0,0,0,0,0,0,0,0,0
vlek,0,0,1,0,0,1,0,0,0,0
gespikkeld,0,0,0,0,0,0,0,0,0,0
specificaties,0,0,0,0,0,0,0,0,0,0
schouwspel,0,0,0,0,0,1,1,0,0,0
bril,0,0,0,0,0,0,0,0,0,0
spectaculair,0,1,0,0,0,0,0,0,1,0
toeschouwer,0,0,0,0,0,0,0,0,0,0
spook,0,0,0,1,0,1,0,1,0,0
spectraal,0,0,0,0,0,1,0,0,0,0
spectrometer,0,0,0,0,0,0,0,0,0,0
spectrofotometer,0,0,0,0,0,0,0,0,0,0
spectroscopie,0,0,0,0,0,0,0,0,0,0
spectrum,0,0,0,0,0,0,0,0,0,0
speculeren,0,0,0,0,0,0,0,0,0,0
speculatie,0,0,0,1,0,1,0,1,0,0
speculatief,0,1,0,0,0,0,0,0,0,0
speculum,0,0,0,0,0,0,0,0,0,0
toespraak,0,0,0,0,0,0,1,0,0,0
sprakeloos,0,0,0,0,0,0,0,0,0,0
snelheid,0,0,0,0,0,0,0,0,0,0
snel,0,0,0,0,0,0,0,0,0,0
snelheidsmeter,0,0,0,0,0,0,0,0,0,0
speedway,0,0,0,0,0,0,0,0,0,0
snel,0,0,0,0,0,0,1,0,0,0
betoverd,0,0,0,0,0,0,0,0,0,0
spelling,0,0,0,0,0,0,1,0,0,0
spencer,0,0,0,0,0,0,0,0,0,0
besteden,0,0,0,0,0,0,0,0,0,0
uitgegeven,0,0,0,0,0,1,0,0,0,0
sperma,0,0,0,0,0,0,0,0,0,0
spuwen,0,0,1,0,0,0,0,0,0,0
gebied,0,0,0,0,0,0,0,0,0,0
bolvormig,0,0,0,0,0,0,0,0,0,0
sfinx,0,0,0,0,0,0,0,0,0,0
kruid,0,0,0,0,0,0,1,0,0,0
pittig,0,0,0,0,0,0,0,0,0,0
spin,0,0,1,1,0,0,0,0,0,0
spigot,0,0,0,0,0,0,0,0,0,0
piek,0,0,0,1,0,0,0,0,0,0
puntig,0,0,0,0,0,0,0,0,0,0
stekelig,0,0,0,0,0,0,0,0,0,0
morsen,0,0,0,0,0,0,0,0,0,0
draaien,0,0,0,0,0,0,0,0,0,0
ruggengraat,0,0,0,0,0,0,0,0,0,0
spindel,0,0,0,0,0,0,0,0,0,0
ruggengraat,1,0,0,0,0,1,1,0,0,0
draaien,0,0,0,0,0,0,0,0,0,0
oude vrijster,0,0,0,1,0,1,0,1,0,0
doornig,0,0,0,0,0,0,0,0,0,0
spiraal,0,0,0,0,0,0,0,0,0,0
torenspits,0,0,0,0,0,0,0,0,0,0
geest,0,0,0,0,0,0,1,0,0,0
geesten,0,1,0,0,1,0,1,0,1,0
spiritueel,0,0,0,0,0,0,0,0,0,0
spiritualiteit,0,0,0,0,0,0,0,0,0,0
spit,0,0,1,0,0,0,0,0,0,0
rancune,1,0,0,0,0,1,0,0,0,0
hatelijk,1,0,0,0,0,1,0,0,0,0
plons,0,0,0,0,0,0,0,0,1,0
milt,0,0,0,0,0,0,0,0,0,0
geweldig,0,0,0,0,1,0,1,0,1,0
pracht,0,1,0,0,1,0,1,0,1,0
splitsen,0,0,0,0,0,0,0,0,0,0
spline,0,0,0,0,0,0,0,0,0,0
spalk,0,0,0,0,0,0,0,0,0,0
splinter,0,0,0,0,0,1,0,0,0,0
splitsen,0,0,0,0,0,1,0,0,0,0
splitsen,0,0,0,0,0,1,0,1,0,0
uitspatting,0,0,0,0,0,0,0,0,0,0
Bederven,0,0,1,0,0,1,0,0,0,0
spoiler,0,0,0,0,0,1,0,1,0,0
bederven,0,0,0,0,0,0,0,0,0,0
spraken,0,0,0,0,0,1,0,0,0,0
gesproken,0,0,0,0,0,0,0,0,0,0
woordvoerder,0,0,0,0,0,0,0,0,0,1
spons,0,0,0,0,0,1,0,0,0,0
sponsachtig,0,0,0,0,0,0,0,0,0,0
sponsor,0,0,0,0,0,0,1,0,0,1
sponsoring,0,0,0,0,0,0,0,0,0,0
parodie,0,0,0,0,0,0,0,0,0,0
spook,0,0,0,1,0,1,0,0,0,0
lepel,0,0,0,0,0,0,0,0,0,0
lepeltje,0,0,0,0,0,0,0,0,0,0
sporadisch,0,0,0,0,0,0,0,0,0,0
sporen,0,0,0,0,0,0,0,0,0,0
sport,0,0,0,0,0,0,0,0,0,0
sportief,0,0,0,0,0,0,0,0,0,0
sport-,0,0,0,0,0,0,0,0,0,0
sportman,0,0,0,0,0,0,0,0,0,0
plek,0,0,0,0,0,0,0,0,0,0
vlekkeloos,0,0,0,0,0,0,1,0,0,1
gespot,0,0,0,0,0,0,0,0,0,0
vlekkerig,0,0,0,0,0,0,0,0,0,0
echtgeno(o)t(e),0,0,0,0,0,0,0,0,0,0
echtgenoot,0,0,0,0,1,0,1,0,0,1
tuit,0,0,0,0,0,0,0,0,0,0
verstuiking,0,0,0,0,0,1,0,1,0,0
wildgroei,0,0,0,0,0,0,0,0,0,0
sprayen,0,0,0,0,0,0,0,0,0,0
verspreiding,0,0,0,0,0,0,0,0,0,0
Spree,0,0,0,0,0,1,0,0,0,0
besprenkelen,0,0,0,0,0,0,0,0,0,0
sprite,0,0,0,1,0,1,0,0,0,0
spruit,0,0,0,0,0,0,0,0,0,0
sparren,0,0,0,0,0,0,1,0,0,0
aansporing,0,0,0,1,0,0,0,0,0,0
onecht,0,0,1,0,0,1,0,0,0,0
aangespoord,0,0,0,0,0,0,0,0,0,0
spurt,0,0,0,0,0,0,0,0,0,0
spion,0,0,0,0,0,0,0,0,0,0
ploeg,0,0,0,0,0,0,0,0,0,0
eskader,0,0,0,0,0,0,0,0,0,0
bui,0,0,0,1,0,1,0,1,0,0
squameuze,0,0,0,0,0,0,0,0,0,0
vierkant,0,0,0,0,0,0,0,0,0,0
hurken,0,0,0,0,0,0,0,0,0,0
kraker,0,0,0,0,0,1,0,0,0,0
piepen,0,0,0,0,0,0,0,0,0,0
piepen,0,0,0,0,0,0,0,0,0,0
preuts,0,0,1,1,0,1,0,0,0,0
knijpen,0,0,0,0,0,0,0,0,0,0
knijpen,0,0,0,0,0,0,0,0,0,0
squelch,1,0,1,0,0,1,0,0,0,0
scheel,0,0,0,0,0,0,0,0,0,0
schildknaap,0,0,0,0,0,0,0,0,0,0
kronkelen,0,0,1,0,0,1,0,0,0,0
eekhoorn,0,0,0,0,0,0,0,0,0,0
spuiten,0,0,0,0,0,0,0,0,0,0
steken,1,0,0,1,0,1,0,1,1,0
stabiliteit,0,0,0,0,0,0,0,0,0,0
stal,0,0,0,0,0,0,1,0,0,1
staccato,0,0,0,0,0,0,1,0,0,0
stapelen,0,0,0,0,0,0,0,0,0,0
personeel,0,0,0,0,0,0,0,0,0,0
hert,0,0,0,0,0,0,0,0,0,0
fase,0,0,0,0,0,0,0,0,0,0
wankelen,0,0,0,0,0,0,0,0,1,0
duizelingwekkend,0,0,0,0,0,1,0,0,0,0
stagnerend,0,0,0,0,0,1,0,1,0,0
stagnatie,0,0,0,0,0,0,0,0,0,0
begaafd,0,0,0,0,0,0,0,0,0,0
vlek,0,0,1,0,0,1,0,0,0,0
roestvrij,0,0,0,0,0,0,1,0,0,0
trap,0,0,0,0,0,0,0,0,0,0
trappenhuis,0,0,0,0,0,0,0,0,0,0
trap,0,0,0,0,0,0,0,0,0,0
inzet,0,0,0,0,0,0,0,0,0,0
muf,0,0,0,0,0,1,0,0,0,0
patstelling,1,0,1,0,0,0,0,0,0,0
stengel,0,0,0,1,0,1,0,0,0,0
kraam,0,0,1,0,0,0,0,0,0,0
hengst,0,0,0,0,0,0,1,0,0,0
kraampjes,0,0,0,0,0,0,0,0,0,0
standvastig,0,0,0,0,0,0,1,0,0,0
weerstand,0,0,0,0,0,0,1,0,0,1
stempel,0,0,0,0,0,0,0,0,0,0
stellage,0,0,0,0,0,0,0,0,0,0
standaard-,0,0,0,0,0,0,0,0,0,0
standaardiseren,0,0,0,0,0,0,0,0,0,0
staand,0,0,0,0,0,0,1,0,0,0
impasse,1,0,0,1,0,1,0,0,0,0
standpunt,0,0,0,0,0,0,0,0,0,0
blijf staan,1,0,0,0,0,1,0,0,0,0
stanza,0,0,0,0,0,0,0,0,0,0
nietje,0,0,0,0,0,0,0,0,0,0
ster,0,1,0,0,1,0,1,0,0,1
stuurboord,0,0,0,0,0,0,0,0,0,0
zetmeel,0,0,0,0,0,0,0,0,0,0
staren,0,0,0,0,0,0,0,0,0,0
staren,0,0,0,0,0,1,0,0,0,0
grimmig,0,0,0,0,0,1,0,0,0,1
sterrenlicht,0,0,0,0,0,0,1,0,0,0
sterrenhemel,0,1,0,0,1,0,1,0,0,0
sterren,0,0,0,0,0,0,0,0,0,0
begin,0,1,0,0,0,0,0,0,0,0
schrikken,0,0,0,1,0,1,0,0,1,0
opzienbarend,0,0,0,0,0,0,0,0,1,0
hongersnood,0,0,0,1,0,1,0,1,0,0
uitgehongerd,0,0,0,0,0,1,0,0,0,0
uitgehongerd,0,0,0,0,0,1,0,0,0,0
staat,0,0,0,0,0,0,0,0,0,0
statig,0,0,0,0,0,0,1,0,0,0
uitspraak,0,0,0,0,0,0,1,0,0,1
passagiershut,0,0,0,0,0,0,0,0,0,0
staatsman,0,0,0,0,0,0,0,0,0,0
statisch,0,0,0,0,0,0,0,0,0,0
statica,0,0,0,0,0,0,0,0,0,0
station,0,0,0,0,0,0,0,0,0,0
stationair,0,0,0,0,0,1,0,0,0,0
briefpapier,0,0,0,0,0,0,0,0,0,0
statistisch,0,0,0,0,0,0,0,0,0,1
statisticus,0,0,0,0,0,0,0,0,0,0
stator,0,0,0,0,0,0,0,0,0,0
beeldhouwwerk,0,0,0,0,0,0,0,0,0,0
standbeeld,0,0,0,0,0,0,1,0,0,0
beeldje,0,0,0,0,0,0,0,0,0,0
gestalte,0,0,0,0,0,0,0,0,0,0
toestand,0,0,0,0,0,0,1,0,0,0
statuut,0,0,0,0,0,0,0,0,0,0
wettelijk,0,0,0,0,0,0,0,0,0,0
standvastig,0,0,0,0,0,0,1,0,0,0
duig,0,0,0,0,0,1,0,0,0,0
blijven,0,0,0,0,0,0,0,0,0,0
bleef,0,0,0,0,0,0,0,0,0,0
blijft,0,0,0,0,0,0,0,0,0,0
plaats,0,0,0,0,0,0,0,0,0,0
standvastig,0,0,0,0,0,0,1,0,0,1
stabiel,0,0,0,0,0,0,0,0,1,1
stelen,1,0,0,1,0,1,0,1,0,0
stelen,0,0,1,1,0,1,0,0,0,0
heimelijkheid,0,0,0,0,0,0,0,0,1,0
stiekem,0,0,0,0,0,0,0,0,1,0
heimelijk,0,1,0,1,0,1,0,0,1,0
stoomboot,0,0,0,0,0,0,0,0,0,0
stoomboot,0,0,0,0,0,0,0,0,0,0
stoomwals,0,0,0,0,0,0,0,0,0,0
stoomschip,0,0,0,0,0,0,0,0,0,0
stomend,0,0,0,0,0,0,0,0,0,0
staal,0,0,0,0,0,0,0,0,0,0
stijl,0,0,0,0,0,0,0,0,0,0
toren,0,0,0,0,0,0,0,0,0,0
sturen,0,0,0,0,0,0,0,0,0,0
stellair,0,0,0,0,0,0,1,0,0,0
stang,0,0,0,0,0,0,0,0,0,0
stank,0,0,0,0,0,0,0,0,0,0
stencil,0,0,0,0,0,0,0,0,0,0
stap,0,0,0,0,0,0,0,0,0,0
steppe,0,0,0,0,0,0,0,0,0,0
stappen,0,0,0,0,0,0,0,0,0,0
stereoscopisch,0,0,0,0,0,0,0,0,0,0
stereotype,0,0,0,0,0,1,0,0,0,0
stereotiep,0,0,0,0,0,1,0,0,0,0
steriel,0,0,0,0,0,1,0,1,0,0
steriliteit,0,0,0,0,0,1,0,0,0,0
sterling,1,1,0,0,1,1,1,0,0,1
streng,0,0,0,0,0,1,0,0,0,0
stethoscoop,0,0,0,0,0,0,0,0,0,0
stoofpot,0,0,0,0,0,0,0,0,0,0
rentmeester,0,0,0,0,0,0,1,0,0,1
rentmeesterschap,0,0,0,0,0,0,0,0,0,0
stok,0,0,0,0,0,0,0,0,0,0
plakken,0,0,0,0,0,0,0,0,0,0
kleverig,0,0,1,0,0,0,0,0,0,0
stijf,0,0,0,0,0,1,0,0,0,0
verstijven,0,0,0,0,0,0,0,0,0,0
stijfheid,0,0,0,0,0,1,0,0,0,0
verstikken,0,0,0,0,0,1,0,0,0,0
verstikt,1,0,0,1,0,1,0,1,0,0
verstikkend,0,0,0,0,0,0,0,0,0,0
stigma,1,0,1,1,0,1,0,1,0,0
stijl,0,0,0,0,0,0,0,0,0,0
stiletto,0,0,0,0,0,0,0,0,0,0
doodgeboren,0,0,0,0,0,1,0,1,0,0
stilte,0,0,0,1,0,0,1,1,0,0
stelten,0,0,0,0,0,0,0,0,0,0
stimulans,0,0,0,0,0,0,0,0,0,0
stimulatie,0,0,0,0,0,0,0,0,0,0
stimulus,0,0,0,0,0,0,0,0,0,0
steek,1,0,0,1,0,1,0,0,0,0
stekend,0,0,0,0,0,1,0,0,0,0
gierig,1,0,1,1,0,1,0,1,0,0
stinken,0,0,1,0,0,1,0,0,0,0
stinkend,0,0,1,0,0,1,0,0,0,0
stint,0,0,0,1,0,1,0,1,0,0
bepalen,0,0,0,0,0,0,0,0,0,0
bepaling,0,0,0,0,0,0,0,0,0,0
roeren,0,0,0,0,0,0,0,0,0,0
roeren,0,0,0,0,0,0,0,0,0,0
steek,0,0,0,0,0,0,0,0,0,0
voorraad,0,0,0,0,0,0,0,0,0,0
effectenmakelaar,0,0,0,0,0,0,0,0,0,0
kous,0,0,0,0,0,0,0,0,0,0
aandelen,0,0,0,0,0,1,0,0,0,0
stal,0,0,0,0,0,0,0,0,0,0
gestolen,1,0,0,0,0,1,0,0,0,0
maag,0,0,1,0,0,0,0,0,0,0
steen,1,0,0,0,0,1,0,0,0,0
stoned,0,0,0,0,0,1,0,0,0,0
steengoed,0,0,0,0,0,0,0,0,0,0
steenachtig,0,0,0,0,0,0,0,0,0,0
stoel,0,0,0,0,0,0,0,0,0,0
ontlasting,0,0,1,0,0,1,0,0,0,0
bukken,0,0,0,0,0,0,0,0,0,0
hou op,0,0,0,0,0,0,0,0,0,0
stopzetting,0,0,0,0,0,1,0,0,0,0
stop,0,0,0,0,0,0,0,0,0,0
stoppen,0,0,0,0,0,0,0,0,0,0
stopwatch,0,0,0,0,0,0,0,0,0,0
opslag,0,0,0,0,0,0,0,0,0,0
op te slaan,0,1,0,0,0,0,1,0,0,0
pakhuis,0,0,0,0,0,0,0,0,0,0
opslaan,0,0,0,0,0,0,0,0,0,0
storm,1,0,0,0,0,1,0,0,0,0
bestorming,1,0,0,0,0,0,0,0,0,0
stormachtig,0,0,0,1,0,1,0,0,0,0
verhaal,0,0,0,0,0,0,0,0,0,0
stout,0,0,0,0,0,0,0,0,0,0
fornuis,0,0,0,0,0,0,0,0,0,0
opbergen,0,0,0,0,0,0,0,0,0,0
straddle,0,0,0,0,0,0,0,0,0,0
rechtzetten,0,0,0,0,0,0,0,0,0,0
rechtdoorzee,0,0,0,0,0,0,1,0,0,1
meteen,0,0,0,0,0,0,0,0,0,0
gespannen,1,0,0,0,0,1,0,0,0,0
zeestraat,0,0,0,0,0,0,0,0,0,0
zeestraat,0,0,0,1,0,1,0,0,0,0
strand,0,0,0,0,0,0,0,0,0,0
gestrand,0,0,0,0,0,1,0,0,0,0
vreemdeling,0,0,0,1,0,1,0,0,0,0
wurgen,1,0,1,1,0,1,0,1,1,0
band,0,0,0,0,0,0,0,0,0,0
omsnoeren,0,0,0,0,0,0,0,0,0,0
lagen,0,0,0,0,0,0,0,0,0,0
strategisch,0,0,0,0,0,0,1,0,0,0
strateeg,0,1,0,0,0,0,1,0,0,1
strategie,0,0,0,0,0,0,0,0,0,0
gelaagdheid,0,0,0,0,0,0,0,0,0,0
laag,0,0,0,0,0,0,0,0,0,0
stratus,0,0,0,0,0,0,0,0,0,0
rietje,0,0,0,0,0,0,0,0,0,0
verdwaald,0,0,0,0,0,1,0,0,0,0
streep,0,0,0,0,0,0,0,0,0,0
gestreept,0,0,0,0,0,0,0,0,0,0
stroom,0,0,0,0,0,0,0,0,0,0
wimpel,0,0,0,0,0,0,0,0,0,0
streamen,0,0,0,0,0,0,0,0,0,0
straat,0,0,0,0,0,0,0,0,0,0
kracht,0,0,0,0,0,0,1,0,0,1
versterken,0,0,0,0,0,0,1,0,0,0
versterking,0,0,0,0,1,0,1,0,0,1
inspannend,0,0,0,0,0,0,0,0,0,0
spanning,0,0,0,0,0,1,0,0,0,0
rekken,0,0,0,0,0,0,0,0,0,0
brancard,0,0,0,1,0,0,0,1,0,0
getroffen,0,0,0,0,0,0,0,1,0,0
pas,0,0,0,0,0,0,0,0,0,0
strijd,1,0,0,0,0,1,0,0,0,0
staking,1,0,0,0,0,1,0,0,0,0
opvallend,0,0,0,0,0,0,1,0,0,0
opvallend,0,0,0,0,0,0,1,0,0,0
snaar,0,0,0,0,0,0,0,0,0,0
vezelig,0,0,0,0,0,0,0,0,0,0
strip,0,0,0,0,0,1,0,1,0,0
streep,0,0,0,0,0,1,0,0,0,0
gestript,1,1,1,1,0,1,0,1,0,0
streven,0,1,0,0,0,0,0,0,0,0
stroboscoop,0,0,0,0,0,0,0,0,0,0
hartinfarct,0,0,0,1,0,1,0,1,0,0
rondslenteren,0,0,0,0,0,0,0,0,0,0
bolwerk,0,0,0,0,0,0,0,0,0,0
sterk,0,0,0,0,0,0,1,0,0,0
structureel,0,0,0,0,0,0,0,0,0,1
structuur,0,0,0,0,0,0,1,0,0,1
strijd,1,0,0,1,0,1,0,1,0,0
stut,0,0,0,0,0,1,0,0,0,0
stoppels,0,0,0,0,0,0,0,0,0,0
koppigheid,0,0,0,0,0,0,0,0,0,0
stomp,0,0,0,0,0,0,0,0,0,0
stucwerk,0,0,0,0,0,0,0,0,0,0
zit vast,0,0,0,0,0,0,0,0,0,0
dekhengst,0,0,0,0,0,0,1,0,0,0
bezaaid,0,0,0,0,0,0,0,0,0,0
leerling,0,0,0,0,0,0,0,0,0,0
bestudeerd,0,0,0,0,0,0,0,0,0,0
studio,0,0,0,0,0,0,0,0,0,0
studie,0,0,0,0,0,0,1,0,0,0
spullen,0,0,0,0,0,0,0,0,0,0
vulling,0,0,0,0,0,0,0,0,0,0
benauwd,0,0,0,0,0,1,0,0,0,0
struikelen,0,0,0,0,0,1,0,0,0,0
stomp,0,0,0,0,0,0,0,0,0,0
verbijsterd,0,0,0,1,0,1,0,0,1,0
stunt,0,0,0,0,0,0,0,0,0,0
onvolgroeid,0,0,0,0,0,1,0,0,0,0
ontzagwekkend,0,0,0,0,0,0,0,0,0,0
dom,0,0,0,0,0,1,0,0,0,0
domheid,0,0,0,0,0,1,0,0,0,0
verdoving,0,0,0,0,0,1,0,0,0,0
robuust,0,0,0,0,0,0,1,0,0,0
steur,0,0,0,0,0,0,0,0,0,0
stotteren,0,0,0,0,0,0,0,0,0,0
stal,0,0,1,0,0,1,0,0,0,0
stijl,0,0,0,0,0,0,0,0,0,0
stijlvol,0,0,0,0,0,0,0,0,0,0
subatomair,0,0,0,0,0,0,0,0,0,0
subcommissie,0,0,0,0,0,0,0,0,0,0
onbewust,0,0,0,0,0,0,0,0,0,0
onderhuids,0,0,0,0,0,0,0,0,0,0
onderverdelen,0,0,0,0,0,0,0,0,0,0
onderverdeling,0,0,0,0,0,0,0,0,0,0
subductie,0,0,0,0,0,0,0,0,0,0
onderwerpen,0,0,0,0,0,1,0,0,0,0
ingetogen,0,0,0,0,0,0,0,0,0,0
subito,0,0,0,0,0,0,0,0,1,0
onderwerp,0,0,0,0,0,1,0,0,0,0
onderworpen,0,0,0,0,0,1,0,1,0,0
onderwerping,0,0,0,0,0,1,0,0,0,0
subjectief,0,0,0,0,0,0,0,0,0,0
onderwerping,1,0,1,1,0,1,0,1,0,0
sublimatie,0,0,0,0,1,0,1,0,0,0
onderbewust,0,0,0,0,0,0,0,0,0,0
onderzeeër,0,0,0,0,0,0,0,0,0,0
ondergedompeld,0,0,0,0,0,0,0,0,0,0
onderdompelbaar,0,0,0,0,0,0,0,0,0,0
inzending,0,0,0,0,0,0,0,0,0,0
indienen,0,1,0,0,0,0,0,0,0,0
ondergeschikt,0,0,0,1,0,1,0,0,0,0
ondergeschiktheid,0,0,0,0,0,0,0,0,0,0
subplot,0,0,0,0,0,0,0,0,0,0
dagvaarden,0,0,0,0,0,1,0,0,0,0
abonneren,0,1,0,0,0,0,0,0,0,0
abonnement,0,0,0,0,0,0,0,0,0,0
vervolg,0,0,0,0,0,0,0,0,0,0
volgend,0,0,0,0,0,0,0,0,0,0
hierop volgend,0,0,0,0,0,0,0,0,0,0
subgroep,0,0,0,0,0,0,0,0,0,0
verdwijnen,0,0,0,0,0,0,0,0,0,0
verzakking,0,0,0,0,0,1,0,1,0,0
dochteronderneming,0,0,0,0,0,0,0,0,0,0
subsidiëren,0,0,0,0,0,0,0,0,0,0
subsidie,1,0,1,0,0,1,0,0,0,0
bestaan,0,0,0,0,0,1,0,0,0,0
levensonderhoud,0,0,0,0,0,0,0,0,0,0
ondergrond,0,0,0,0,0,0,0,0,0,0
substantie,0,0,0,0,0,0,1,0,0,0
substantieel,0,0,0,0,0,0,0,0,0,0
onderbouwen,0,0,0,0,0,0,0,0,0,1
inhoudelijk,0,0,0,0,0,0,1,0,0,0
vervanging,0,0,0,0,0,0,0,0,0,0
gesubstitueerd,0,0,0,0,0,0,0,0,0,0
vervanging,0,0,0,0,0,0,0,0,0,0
onderbouw,0,0,0,0,0,0,0,0,0,0
ondergronds,0,0,0,0,0,0,0,0,0,0
subtiel,0,0,0,0,0,0,0,0,0,0
subtiliteit,0,0,0,0,0,0,0,0,0,0
aftrekken,0,0,0,0,0,1,0,0,0,0
aftrekken,0,0,0,0,0,0,0,0,0,0
subtype,0,0,0,0,0,0,0,0,0,0
voorstad,0,0,0,0,0,0,0,0,0,0
voorstad,0,0,0,0,0,0,0,0,0,0
buitenwijken,0,0,0,0,0,0,0,0,0,0
ondermijning,1,0,0,1,0,1,0,0,0,0
subversief,1,0,0,0,0,1,0,0,1,0
ondermijnen,0,0,1,1,0,1,0,1,0,0
metro,0,0,0,0,0,0,0,0,0,0
slagen,0,1,0,0,1,0,1,0,1,1
slagen,0,1,0,0,1,0,1,0,0,1
succes,0,1,0,0,1,0,1,0,0,0
succesvol,0,1,0,0,1,0,1,0,0,1
opeenvolging,0,0,0,0,0,0,0,0,0,0
opeenvolgende,0,0,0,0,0,0,0,0,0,0
opvolger,0,0,0,0,0,0,0,0,0,0
beknopt,0,0,0,0,0,0,1,0,0,0
sappig,0,0,0,0,0,1,1,0,0,0
bezwijken,0,0,0,0,0,1,0,0,0,0
zuigen,0,0,0,0,0,1,0,0,0,0
sukkel,1,0,0,0,0,1,0,0,0,0
zuigen,0,0,0,0,0,0,0,0,0,0
zogen,0,0,0,0,0,0,0,0,0,0
zuigkracht,0,0,0,0,0,0,0,0,0,0
plotseling,0,0,0,0,0,0,0,0,1,0
plotseling,0,0,0,0,0,0,0,0,1,0
aanklagen,1,0,0,0,0,1,0,1,0,0
pijn lijden,0,0,0,0,0,1,0,0,0,0
lijder,0,0,0,1,0,1,0,1,0,0
lijden,0,0,1,1,0,1,0,1,0,0
voldoen,0,0,0,0,0,0,0,0,0,0
toereikendheid,0,0,0,0,0,0,1,0,0,0
voldoende,0,0,0,0,0,0,0,0,0,0
voldoende,0,0,0,0,0,0,0,0,0,0
achtervoegsel,0,0,0,0,0,0,0,0,0,0
verstikkend,0,0,1,1,0,1,0,1,0,0
verstikking,1,0,0,1,0,1,0,0,0,0
suiker,0,0,0,0,0,0,1,0,0,0
stel voor,0,0,0,0,0,0,0,0,0,1
suggestie,0,0,0,0,0,0,0,0,0,0
suggestief,0,0,0,0,0,0,0,0,0,0
suïcidaal,1,0,1,1,0,1,0,1,0,0
zelfmoord,1,0,0,1,0,1,0,1,0,0
pak,0,0,0,0,0,0,0,0,0,0
geschikt,0,0,0,0,0,0,1,0,0,0
suite,0,0,0,0,0,0,0,0,0,0
vrijer,0,0,0,0,0,0,0,0,0,0
nors,1,0,0,0,0,1,0,1,0,0
zwavel,0,0,0,0,0,0,0,0,0,0
sultan,0,0,0,1,0,0,0,0,0,0
zwoel,0,0,0,0,0,0,1,0,0,0
som,0,0,0,0,0,0,0,0,0,0
summier,0,0,0,0,0,0,0,0,0,0
samenvatten,0,0,0,0,0,0,0,0,0,0
overzicht,0,0,0,0,0,0,0,0,0,0
sommatie,0,0,0,0,0,0,0,0,0,0
zomer,0,0,0,0,0,0,0,0,0,0
bijeenkomst,0,0,0,0,0,0,0,0,0,0
oproepen,0,0,0,0,0,0,0,0,0,0
dagvaarding,0,0,0,0,0,1,0,0,0,0
sumo,0,0,0,0,0,0,0,0,0,0
opvangbak,0,0,1,0,0,0,0,0,0,0
weelderig,0,0,0,0,0,0,0,0,0,0
zon,0,1,0,0,1,0,1,0,1,1
zonnestraal,0,0,0,0,0,0,0,0,0,0
zonnewijzer,0,1,0,0,0,0,0,0,0,1
zonsondergang,0,0,0,0,0,0,0,0,0,0
diversen,0,0,0,0,0,0,0,0,0,0
zonnebril,0,0,0,0,0,0,0,0,0,0
zonnebril,0,0,0,0,0,0,0,0,0,0
gezonken,0,0,1,1,0,1,0,1,0,0
zonloos,0,0,0,0,0,0,0,0,0,0
zonlicht,0,0,0,0,0,0,0,0,0,0
zonnig,0,1,0,0,1,0,1,0,1,0
zonsopkomst,0,0,0,0,0,0,0,0,0,0
zonsondergang,0,1,0,0,0,0,1,0,0,0
zonneschijn,0,0,0,0,1,0,1,0,0,0
pensioen,0,0,0,0,0,0,0,0,0,0
super,0,0,0,0,0,0,1,0,0,0
oppervlakkig,0,0,0,0,0,1,0,0,0,0
overbodig,0,0,0,0,0,1,0,0,0,0
bovenmenselijk,0,0,0,0,0,0,1,0,0,0
gesuperponeerd,0,0,0,0,0,0,0,0,0,0
opzichter,0,0,0,0,0,0,0,0,0,0
superieur,0,0,0,0,0,0,1,0,0,0
superioriteit,0,0,0,0,0,0,1,0,0,0
overtreffende trap,0,0,0,0,0,0,0,0,0,0
superman,0,0,0,0,1,0,1,0,0,1
supermarkt,0,0,0,0,0,0,0,0,0,0
supernatant,0,0,0,0,0,0,0,0,0,0
bovennatuurlijk,0,0,0,0,0,0,0,0,0,0
superpositie,0,0,0,0,0,0,0,0,0,0
vervangen,0,0,0,0,0,0,0,0,0,0
superster,0,0,0,0,1,0,1,0,0,1
bijgeloof,0,0,0,1,0,1,1,0,0,0
bijgelovig,0,1,0,1,0,1,0,0,0,0
toezicht houden,0,0,0,0,0,0,0,0,0,0
overzicht,0,0,0,0,0,0,0,0,0,0
leidinggevende,0,0,0,0,0,0,0,0,0,0
avondeten,0,0,0,0,0,0,0,0,0,0
verdringen,0,0,0,0,0,0,0,0,0,0
soepel,0,0,0,0,0,0,0,0,0,0
supplement,0,0,0,0,0,0,0,0,0,0
aanvullend,0,0,0,0,0,0,0,0,0,0
aanvullend,0,0,0,0,0,0,0,0,0,0
smeekbede,0,0,0,0,0,0,1,0,0,1
benodigdheden,0,0,0,0,0,0,1,0,0,0
levering,0,0,0,0,0,0,1,0,0,0
ondersteund,0,0,0,0,0,0,1,0,0,0
supporter,0,0,0,0,1,0,1,0,0,1
supporters,0,0,0,0,0,0,0,0,0,0
ondersteunend,0,0,0,0,0,0,1,0,0,1
stel dat,0,0,0,0,0,0,0,0,0,0
veronderstellend,0,0,0,0,0,0,0,0,0,0
veronderstelling,0,0,0,0,0,0,0,0,0,0
onderdrukken,1,0,0,1,0,1,0,1,0,0
onderdrukking,1,0,1,1,0,1,0,0,0,0
suprematie,1,1,0,1,1,1,1,0,1,1
opperste,0,0,0,0,0,0,1,0,0,0
uiterst,0,0,0,0,0,0,1,0,0,0
toeslag,1,0,0,0,0,1,0,0,0,0
borg,0,0,0,0,0,0,1,0,0,1
surfen,0,0,0,0,0,0,0,0,0,0
oppervlak,0,0,0,0,0,0,0,0,0,0
golf,0,0,0,0,0,0,0,0,1,0
chirurg,0,0,0,0,0,0,0,0,0,0
chirurgie,0,0,0,1,0,0,0,1,0,0
nors,1,0,1,0,0,1,0,0,0,0
vermoeden,0,0,0,0,0,0,1,0,0,0
achternaam,0,0,0,0,0,0,0,0,0,0
overtreffend,0,0,0,0,0,0,1,0,0,0
overschot,0,0,0,0,0,0,0,0,0,0
verrassing,0,0,0,1,1,0,1,0,1,0
verrast,0,0,0,0,0,0,0,0,1,0
verrassend,0,0,0,0,0,0,0,0,1,0
verrassend genoeg,0,1,0,0,0,0,0,0,1,0
overgave,0,0,0,1,0,1,0,1,0,0
overgeven,0,0,0,0,0,1,0,1,0,0
surrogaat,0,0,0,0,0,0,0,0,0,1
omringen,0,1,0,0,0,1,1,0,0,0
omringend,0,0,0,0,0,0,0,0,0,0
omgeving,0,0,0,0,0,0,0,0,0,0
toezicht,0,0,0,1,0,0,0,0,0,0
vragenlijst,0,0,0,0,0,0,0,0,0,0
landmeten,0,0,0,0,0,0,1,0,0,0
landmeter,0,0,0,0,0,0,0,0,0,0
overleving,0,0,0,0,0,0,0,0,0,0
overleven,0,0,0,0,0,0,1,0,0,0
overleven,0,0,0,0,0,0,0,0,0,0
gevoeligheid,0,0,0,0,0,0,0,0,0,0
gevoelig,0,0,0,0,0,1,0,0,0,0
verdachte,0,0,0,1,0,1,0,0,0,0
vermoedelijke,0,0,0,0,0,0,0,0,0,0
opschorten,0,0,0,0,0,0,0,0,0,0
geschorst,0,0,0,0,0,0,0,0,0,0
bretels,0,0,0,0,0,0,0,0,0,0
spanning,0,1,0,1,0,0,0,0,1,0
oponthoud,0,0,0,1,0,1,0,0,0,0
verdenking,0,0,0,1,0,1,0,0,0,0
vermoedens,0,0,0,0,0,0,0,0,0,0
verdacht,1,1,0,0,0,1,0,0,0,0
gestaag,0,0,0,0,0,0,0,0,0,0
levensonderhoud,0,0,0,0,0,0,0,0,0,0
hechten,0,0,0,0,0,0,0,0,0,0
wattenstaafje,0,0,0,0,0,1,0,0,0,0
swag,0,0,0,0,0,0,0,0,0,0
branie,0,0,0,0,0,0,0,0,0,0
slikken,0,0,0,0,0,0,0,0,0,0
moeras,0,0,1,1,0,1,0,0,0,0
overspoeld,0,0,0,0,0,0,0,0,0,0
moerassig,0,0,1,1,0,1,0,0,0,0
zwaan-,0,0,0,0,0,0,0,0,0,0
ruil,0,0,0,0,0,0,0,0,0,0
zwerm,0,0,1,0,0,0,0,0,0,0
zwermen,0,0,0,0,0,0,0,0,0,0
swastika,1,0,0,1,0,1,0,0,0,0
zwaaien,0,0,0,0,0,0,0,0,0,0
zweer,0,0,0,0,0,0,1,0,0,1
vloeken,0,0,0,0,0,0,0,0,0,0
zweet,0,0,0,1,0,0,0,0,0,0
trui,0,0,0,0,0,0,0,0,0,0
zweten,0,0,0,0,0,0,0,0,0,0
vegen,0,0,0,0,0,0,0,0,0,0
vegen,0,0,0,0,0,0,0,0,0,0
zoet,0,1,0,0,1,0,1,0,1,1
veraangenamen,0,0,0,0,0,0,0,0,0,0
gezoet,0,0,0,0,0,0,0,0,0,0
zoetstof,0,0,0,0,0,0,0,0,0,0
Schatje,0,1,0,0,1,0,1,1,0,1
schatje,0,0,0,0,0,0,1,0,0,0
zoetheid,0,0,0,0,0,0,1,0,0,0
snoepgoed,0,1,0,0,1,0,1,0,0,0
zwellen,0,0,0,0,0,0,0,0,0,0
zwelling,0,0,0,1,0,1,0,0,0,0
snikheet,0,0,0,0,0,0,0,0,0,0
uitwijken,0,0,0,1,0,0,0,0,1,0
snel,0,0,0,0,0,0,1,0,0,0
snel,0,0,0,0,0,0,0,0,0,0
slok,0,0,1,0,0,1,0,0,0,0
zwemmen,0,1,0,1,1,0,1,0,0,0
zwemmen,0,0,0,0,0,0,0,0,0,0
zwijnen,0,0,1,0,0,1,0,0,0,0
schommel,0,0,0,0,0,0,0,0,0,0
schommelen,0,0,0,0,0,0,0,0,0,0
zwiepen,0,0,0,0,0,0,0,0,0,0
schakelaar,0,0,0,0,0,0,0,0,0,0
draaibaar,0,0,0,0,0,0,0,0,0,0
gezwollen,0,0,0,0,0,1,0,0,0,0
zwijmelen,0,0,0,0,0,0,0,0,0,0
duikvlucht,0,0,0,0,0,0,0,0,0,0
zwaard,0,0,0,0,0,0,0,0,0,0
lettergreep,0,0,0,0,0,0,0,0,0,0
syllabus,0,0,0,0,0,0,0,0,0,0
symbool,0,0,0,0,0,0,0,0,0,0
symbolisch,0,0,0,0,0,0,1,0,0,0
symbolisch,0,0,0,0,0,0,0,0,0,0
symboliek,0,0,0,0,0,0,0,0,0,0
symboliseren,0,0,0,0,0,0,0,0,0,0
symmetrisch,0,0,0,0,0,0,0,0,0,0
symmetrisch,0,0,0,0,0,0,1,0,0,0
symmetrie,0,0,0,0,1,0,1,0,0,1
sympathiek,0,0,0,1,1,0,1,1,0,1
meevoelen,0,0,0,0,0,0,0,1,0,0
sympathie,0,0,0,0,0,0,1,1,0,0
symfonie,0,1,0,0,1,0,1,0,0,0
symptoom,0,0,0,0,0,1,0,0,0,0
symptomatisch,0,0,0,0,0,0,0,0,0,0
synagoge,0,0,0,0,0,0,0,0,0,0
synchroniseren,0,1,0,0,1,0,1,0,1,1
synchroon,0,0,0,0,0,0,0,0,0,0
syncope,0,0,0,1,0,1,0,1,1,0
syndicaat,0,0,0,0,0,0,0,0,0,0
synergetisch,0,0,0,0,0,0,1,0,0,1
synergie,0,0,0,0,0,0,0,0,0,0
synode,0,0,0,0,0,0,1,0,0,1
synoniem,0,0,0,0,0,0,0,0,0,0
synoniem,0,0,0,1,0,1,1,0,0,1
korte inhoud,0,0,0,0,0,0,0,0,0,0
synoptisch,0,0,0,0,0,0,0,0,0,0
syntaxis,0,0,0,0,0,0,0,0,0,0
synthese,0,0,0,0,0,0,0,0,0,0
synthetisch,0,0,0,0,0,0,0,0,0,0
spuit,0,0,0,1,0,0,0,0,0,0
siroop,0,0,0,0,0,0,0,0,0,0
systeem,0,0,0,0,0,0,0,0,0,1
systematische,0,0,0,0,0,0,0,0,0,0
systematisch,0,0,0,0,0,0,0,0,0,0
gestreept,0,0,0,0,0,0,0,0,0,0
tabernakel,0,0,0,0,0,0,0,0,0,0
tafel,0,0,0,0,0,0,0,0,0,0
tableau,0,0,0,0,0,0,0,0,0,0
eetlepel,0,0,0,0,0,0,0,0,0,0
tablet,0,0,0,0,0,0,0,0,0,0
servies,0,0,0,0,0,0,0,0,0,0
taboe,0,0,1,1,0,1,0,0,0,0
tabelvorm,0,0,0,0,0,0,0,0,0,0
tabelleren,0,1,0,0,0,0,0,0,0,0
tabel,0,0,0,0,0,0,0,0,0,0
toerenteller,0,0,0,0,0,0,0,0,0,0
stilzwijgend,0,0,0,0,0,0,0,0,0,0
overstag gaan,0,0,0,0,0,0,0,0,0,0
Onderscheppen,1,0,0,0,0,0,0,0,1,0
aanpakken,0,0,0,0,0,0,0,0,0,0
smakeloos,0,0,0,0,0,0,0,0,0,0
tact,0,0,0,0,0,0,1,0,0,0
tactieken,0,0,0,1,0,0,0,0,0,1
tastbaar,0,0,0,0,0,0,0,0,0,0
taft,0,0,0,0,0,0,0,0,0,0
soort snoepje,0,0,0,0,0,0,0,0,0,0
label,0,0,0,0,0,0,0,0,0,0
staart,0,0,0,0,0,0,0,0,0,0
staart,0,0,0,0,0,0,0,0,0,0
residuen,0,0,0,0,0,0,0,0,0,0
kleermaker,0,0,0,0,0,0,0,0,0,0
maatwerk,0,0,0,0,0,0,0,0,0,0
smet,0,0,0,0,0,1,0,1,0,0
nemer,0,0,0,0,0,0,0,0,0,0
verhaal,0,0,0,0,0,0,1,0,0,0
talent,0,0,0,0,0,0,1,0,0,0
getalenteerd,0,0,0,0,0,0,0,0,0,0
talisman,0,0,0,0,0,0,1,0,0,0
praten,0,0,0,0,0,0,1,0,0,0
spraakzaam,0,0,0,0,0,0,0,0,0,0
prater,0,0,0,0,0,0,0,0,0,0
hoog,0,0,0,0,0,0,0,0,0,0
klopt,0,0,0,0,0,0,0,0,0,0
talg,0,0,0,0,0,0,0,0,0,0
optellen,0,0,0,0,0,0,0,0,0,0
klauwen,1,0,0,1,0,1,0,0,0,0
tamboerijn,0,0,0,0,0,0,0,0,0,0
temmen,0,0,0,0,0,0,0,0,0,0
bruinen,0,0,0,0,0,0,0,0,0,0
tandem-,0,0,0,0,0,0,0,0,0,1
tang,0,0,0,0,0,0,0,0,0,0
raaklijn,0,0,0,0,0,0,0,0,0,0
wirwar,0,0,0,0,0,0,0,0,0,0
verward,0,0,0,0,0,1,0,0,0,0
tank,0,0,0,0,0,0,0,0,0,0
gebruind,0,0,0,0,0,0,1,0,0,0
prikkelend,0,1,0,0,1,1,1,0,1,0
gelijk aan,0,0,0,0,0,0,0,0,0,1
tik,0,0,0,0,0,0,0,0,0,0
plakband,0,0,0,0,0,0,0,0,0,0
taps toelopen,0,0,0,0,0,0,0,0,0,0
taps toelopend,0,0,0,0,0,0,0,0,0,0
tapijtwerk,0,0,0,0,0,0,0,0,0,0
teer,0,0,0,0,0,0,0,0,0,0
traagheid,0,0,0,0,0,1,0,0,0,0
te laat,0,0,0,0,0,1,0,0,0,0
doelwit,0,0,0,0,0,0,0,0,0,0
tarief,1,0,1,0,0,1,0,0,0,0
aanslag,0,0,1,0,0,1,0,1,0,0
vertoeven,0,0,0,0,0,1,0,0,0,0
scherp,0,0,0,0,0,0,0,0,0,0
tartan,0,0,0,0,0,0,0,0,0,0
tartaar,0,0,0,0,0,0,0,0,0,0
taak,0,0,0,0,0,0,1,0,0,0
kwast,0,0,0,0,0,0,0,0,0,0
smaak,0,0,0,0,0,0,0,0,0,0
smaakvol,0,0,0,0,0,0,1,0,0,0
smaakloos,0,0,1,0,0,1,0,0,0,0
proeven,0,0,0,0,0,0,0,0,0,0
lekker,0,0,0,0,0,0,1,0,0,0
tatoeage,0,0,0,0,0,0,0,0,0,0
tatoeëren,0,0,0,0,0,0,0,0,0,0
onderwezen,0,0,0,0,0,0,0,0,0,1
uitdagen,1,0,0,1,0,1,0,1,0,0
strak,0,0,0,0,0,0,0,0,0,0
taverne,0,0,0,0,0,0,0,0,0,0
geelbruin,0,0,1,0,0,0,0,0,0,0
belasting,0,0,0,0,0,1,0,1,0,0
taxi,0,0,0,0,0,0,0,0,0,0
taxonomie,0,0,0,0,0,0,0,0,0,0
thee,0,0,0,0,0,0,0,0,0,0
leren,0,0,0,0,1,0,1,0,1,1
docent,0,0,0,0,0,0,1,0,0,1
onderwijs,0,0,0,0,0,0,0,0,0,0
team,0,0,0,0,0,0,0,0,0,1
betraand,0,0,1,1,0,0,0,1,0,0
plagen,1,1,0,0,0,1,0,1,0,0
teaser,0,0,0,0,0,0,0,0,0,0
plagen,1,0,0,1,0,1,0,0,0,0
speen,0,0,0,0,0,0,0,0,0,0
technisch,0,0,0,0,0,0,0,0,0,0
technische details,0,0,0,0,0,0,0,0,0,0
technicus,0,0,0,0,0,0,0,0,0,0
technologie,0,0,0,0,0,0,1,0,0,0
ted,0,0,0,0,0,0,0,0,0,0
moeizaam,0,0,0,0,0,1,0,0,0,0
verveling,0,0,0,0,0,1,0,0,0,0
krioelt van,0,0,1,0,0,0,0,0,0,0
tieners,0,0,0,0,0,1,1,0,0,0
tanden,0,0,0,0,0,0,0,0,0,0
teflon,0,0,0,0,0,0,0,0,0,0
telegram,0,0,0,0,0,0,0,0,0,0
telegraaf,0,0,0,0,0,0,0,0,0,0
telefoon,0,0,0,0,0,0,0,0,0,0
telescoop,0,0,0,0,0,0,0,0,0,0
telescopisch,0,0,0,0,0,0,0,0,0,0
televisie,0,0,0,0,0,0,0,0,0,0
teller,0,0,0,0,0,0,0,0,0,0
vertellen,0,0,0,0,0,0,0,0,0,0
veelbetekenend,0,0,0,0,0,0,0,0,0,0
woedeaanval,0,0,0,0,0,0,0,0,0,0
tempera,0,0,0,0,0,0,0,0,0,0
temperament,0,0,0,0,0,0,0,0,0,0
matigheid,0,0,0,0,0,0,1,0,0,0
gematigd,0,0,0,0,0,0,0,0,0,1
temperatuur-,0,0,0,0,0,0,0,0,0,0
gehumeurd,0,0,0,0,0,0,1,0,0,0
storm,1,1,0,1,0,1,0,1,1,0
tempel,0,0,0,0,0,0,0,0,0,0
tijdelijk,0,0,0,0,0,0,0,0,0,0
tijdelijk,0,0,0,0,0,0,0,0,0,0
tijdelijk,0,0,0,0,0,0,0,0,0,0
verleid,0,0,0,0,0,0,0,0,0,0
verleiding,0,0,0,0,0,1,0,0,0,0
aanlokkelijk,0,0,0,0,0,0,0,0,0,0
tien,0,0,0,0,0,0,0,0,0,0
houdbaar,0,0,0,0,0,0,1,0,0,0
volhoudend,0,0,0,0,0,0,1,0,0,0
hardnekkigheid,0,0,0,0,0,0,1,0,0,0
huurovereenkomst,0,0,0,0,0,0,1,0,0,0
huurder,0,0,0,0,0,0,1,0,0,0
tendens,0,0,0,0,0,0,0,0,0,0
teder,0,0,0,0,1,0,1,0,0,1
tederheid,0,0,0,0,1,0,1,0,0,0
verzorgen,0,0,0,0,0,0,0,0,0,0
pees,0,0,0,0,0,0,0,0,0,0
woning,0,0,0,0,0,1,0,0,0,0
basisprincipe,0,0,0,0,0,0,0,0,0,0
leerstellingen,0,0,0,0,0,0,0,0,0,0
tienvoudig,0,0,0,0,0,0,0,0,0,0
tennis,0,0,0,0,0,0,0,0,0,0
gespannen,0,0,0,0,0,0,0,0,0,0
treksterkte,0,0,0,0,0,0,0,0,0,0
spanning,1,0,0,0,0,0,0,0,0,0
tent,0,0,0,0,0,0,0,0,0,0
tentakel,0,0,0,0,0,0,0,0,0,0
voorlopig,0,0,0,0,0,0,0,0,0,0
tiende,0,0,0,0,0,0,0,0,0,0
tienden,0,0,0,0,0,0,0,0,0,0
ijl,0,0,0,0,0,0,0,0,0,0
dienstverband,0,0,0,0,0,0,0,0,0,0
lauw,0,0,0,0,0,0,0,0,0,0
termijn,0,0,0,0,0,0,0,0,0,0
terminal,0,0,0,1,0,1,0,1,0,0
beëindigen,0,0,0,0,0,0,0,1,0,0
beëindiging,0,0,0,0,0,1,0,1,0,0
eindpunt,0,0,0,0,0,0,0,0,0,0
termiet,0,0,1,0,0,1,0,0,0,0
termen,0,0,0,0,0,0,0,0,0,0
stern,0,0,0,0,0,0,0,0,0,0
ternair,0,0,0,0,0,0,0,0,0,0
terras,0,0,0,0,0,0,0,0,0,0
aards,0,0,0,0,0,0,0,0,0,0
verschrikkelijk,1,0,1,1,0,1,0,1,0,0
vreselijk,0,0,0,0,0,0,0,1,0,0
terriër,0,0,0,0,0,0,0,0,0,0
geweldig,0,0,0,0,0,0,0,1,0,0
territoriaal,0,0,0,0,0,0,0,0,0,0
grondgebied,0,0,0,0,0,0,0,0,0,0
terreur,0,0,0,1,0,1,0,0,0,0
terrorisme,1,0,1,1,0,1,0,1,0,0
terrorist,1,0,1,1,0,1,0,1,1,0
terroriseren,1,0,0,1,0,1,0,1,0,0
kortom,0,0,0,0,0,0,0,0,0,0
tertiair,0,0,0,0,0,0,0,0,0,0
testen,0,0,0,0,0,0,0,0,0,0
testament,0,1,0,0,0,0,0,0,0,1
getuigen,0,0,0,0,0,0,0,0,0,0
getuigenis,0,0,0,0,0,0,0,0,0,0
getuigenis,0,0,0,0,0,0,0,0,0,1
tetanus,0,0,1,0,0,1,0,0,0,0
vastbinden,0,0,0,0,0,1,0,0,0,0
vastgebonden,0,0,0,0,0,0,0,0,0,0
tetraëdrische,0,0,0,0,0,0,0,0,0,0
tekst,0,0,0,0,0,0,0,0,0,0
leerboek,0,0,0,0,0,0,0,0,0,0
textiel,0,0,0,0,0,0,0,0,0,0
textuur,0,0,0,0,0,0,0,0,0,0
textuur,0,0,0,0,0,0,0,0,0,0
dankbaar,0,0,0,0,1,0,1,0,0,0
dankzegging,0,0,0,0,1,0,1,0,0,0
rieten,0,0,0,0,0,0,0,0,0,0
dooi,0,0,0,0,0,0,0,0,0,0
theater,0,0,0,0,0,0,0,0,0,0
theatraal,0,0,0,0,0,0,0,0,0,0
diefstal,1,0,1,1,0,1,0,1,0,0
theïsme,0,0,1,0,0,1,0,0,0,0
theïstisch,0,0,0,0,0,0,0,0,0,0
thema,0,0,0,0,0,0,0,0,0,0
theocratie,0,0,0,0,0,0,0,0,0,0
theocratisch,1,0,0,1,0,1,0,1,0,1
theoloog,0,0,0,0,0,0,0,0,0,0
theologisch,0,0,0,0,0,0,0,0,0,1
theologie,0,1,0,0,0,0,0,0,0,0
stelling,0,0,0,0,0,0,0,0,0,1
theoretisch,0,0,0,0,0,0,1,0,0,0
theorie,0,1,0,0,0,0,0,0,0,1
therapeutisch,0,0,0,0,1,0,1,0,0,1
therapieën,0,0,0,0,0,0,1,0,0,0
daaromtrent,0,0,0,0,0,0,0,0,0,0
daarvan,0,0,0,0,0,0,0,0,0,0
daarmee,0,0,0,0,0,0,0,0,0,0
thermisch,0,0,0,0,0,0,0,0,0,0
thermokoppel,0,1,0,0,0,0,0,0,0,0
thermodynamica,0,0,0,0,0,0,0,0,0,0
thermometer,0,0,0,0,0,0,0,0,0,1
thermostaat,0,0,0,0,0,0,0,0,0,0
synoniemenlijst,0,0,0,0,0,0,0,0,0,0
stelling,0,0,0,0,0,0,0,0,0,0
dik,0,0,0,0,0,0,0,0,0,0
verdikken,0,0,0,0,0,0,0,0,0,0
verdikking,0,0,0,0,0,0,0,0,0,0
struikgewas,0,0,0,0,0,0,0,0,0,0
dikte,0,0,0,0,0,0,0,0,0,0
dief,1,0,1,1,0,1,0,1,1,0
vingerhoed,0,0,0,0,0,0,0,0,0,0
dun,0,0,0,0,0,0,0,0,0,0
ding,0,0,0,0,0,0,0,0,0,0
dingen,0,0,0,0,0,0,0,0,0,0
denker,0,0,0,0,0,0,1,0,0,0
denken,0,0,0,0,0,0,0,0,0,0
derden,0,0,0,0,0,0,0,0,0,0
dorst,0,1,0,0,0,0,0,1,1,0
dorstig,0,0,0,0,0,1,0,0,0,0
dertien,0,0,0,0,0,0,0,0,0,0
dertiende,0,0,0,1,0,0,0,0,0,0
distel,0,0,0,0,0,0,0,0,0,0
daarheen,0,0,0,0,0,0,0,0,0,0
string,0,0,0,0,0,0,0,0,0,0
doorn,0,0,0,0,0,1,0,0,0,0
netelig,0,0,0,1,0,1,0,0,0,0
volbloed,0,0,0,0,0,0,1,0,0,0
verkeersader,0,0,0,0,0,0,0,0,0,0
gedachte,0,1,0,0,0,0,0,0,0,0
attent,0,0,0,0,0,0,1,0,0,1
bedachtzaamheid,0,0,0,0,0,0,1,0,0,0
gedachteloos,1,0,1,0,0,1,0,0,0,0
gedachten,0,0,0,0,0,0,0,0,0,0
duizend,0,0,0,0,0,0,0,0,0,0
thrash,1,0,1,1,0,1,0,1,0,0
draad,0,0,0,0,0,0,0,0,0,0
bedreiging,1,0,0,1,0,1,0,0,0,0
dreigen,1,1,0,1,0,1,0,0,0,0
dreigend,1,0,1,1,0,1,0,0,0,0
drievoudig,0,0,0,0,0,0,0,0,0,0
dorsen,1,0,0,1,0,1,0,1,0,0
drempel,0,0,0,0,0,0,0,0,0,0
driemaal,0,0,0,0,0,0,0,0,0,0
spaarzaamheid,0,0,1,0,0,0,1,0,0,1
zuinig,0,0,0,0,0,0,0,0,0,0
sensatie,0,1,0,1,1,0,1,0,1,0
spannend,0,1,0,0,1,0,1,0,1,0
gezond,0,1,0,0,1,0,1,0,0,0
keel,0,0,0,0,0,0,0,0,0,0
kloppen,0,0,0,1,0,1,0,1,0,0
kloppen,0,0,0,0,0,0,0,0,0,0
troon,0,0,0,0,0,0,1,0,0,1
menigte,0,0,0,0,0,0,0,0,0,0
gas geven,1,0,0,0,0,1,0,0,0,0
gooien,0,0,0,0,0,0,0,0,0,0
lijster,0,0,0,0,0,0,0,0,0,0
stoot,0,0,0,0,0,0,0,0,0,0
plof,0,0,0,0,0,0,0,0,0,0
misdadiger,1,0,1,1,0,1,0,0,0,0
duim,0,0,0,0,0,0,0,0,0,0
dreun,1,0,0,0,0,1,0,0,0,0
bonzen,0,0,0,1,0,0,0,0,0,0
donder,0,0,0,0,0,0,0,0,0,0
bliksemschicht,0,0,0,0,0,0,0,0,0,0
donderend,1,0,0,1,0,1,0,0,0,0
onweersbui,0,0,0,0,0,0,0,0,0,0
dwarsbomen,0,0,0,0,0,1,0,0,1,0
tijm,0,0,0,0,0,0,0,0,0,0
tiara,0,0,0,0,0,0,0,0,0,0
Kruis aan,0,0,0,0,0,0,0,0,0,0
ticker,0,0,0,0,0,0,0,0,0,0
ticket,0,0,0,0,0,0,0,0,0,0
kietelen,0,1,0,0,1,0,1,0,1,1
netelig,0,0,0,0,0,0,0,0,0,0
getij,0,0,0,0,0,0,0,0,0,0
lekkernij,0,0,0,0,0,0,0,0,0,0
getij,0,0,0,0,0,0,0,0,0,0
tijdingen,0,0,0,0,0,0,0,0,0,0
binden,0,0,0,0,0,0,0,0,0,0
laag,0,0,0,0,0,0,0,0,0,0
tiff,1,0,0,0,0,1,0,0,0,0
tijger,0,0,0,0,0,0,0,0,0,0
aanscherpen,1,0,0,0,0,0,0,0,0,0
strakheid,0,0,0,0,0,0,0,0,0,0
panty,0,0,0,0,0,0,0,0,0,0
tilde,0,0,0,0,0,0,0,0,0,0
tegel,0,0,0,0,0,0,0,0,0,0
tegels,0,0,0,0,0,0,1,0,0,0
tot,0,0,0,0,0,0,0,0,0,0
grondbewerking,0,0,0,0,0,0,0,0,0,0
helmstok,0,0,0,0,0,0,0,0,0,0
kantelen,0,0,0,0,0,0,0,0,0,0
kantelen,0,0,0,0,0,0,0,0,0,0
hout,0,0,0,0,0,0,0,0,0,0
bosland,0,0,0,0,0,0,0,0,0,0
timbre,0,0,0,0,0,0,0,0,0,0
tijd,0,1,0,0,0,0,0,0,0,0
tijdigheid,0,0,0,0,0,0,0,0,0,0
tijdig,0,0,0,0,0,0,1,0,0,0
uurwerk,0,0,0,0,0,0,0,0,0,0
timide,0,0,0,1,0,1,0,1,0,0
verlegenheid,0,1,0,1,0,1,0,0,0,0
blik,0,0,0,0,0,0,0,0,0,0
tinctuur,0,0,0,0,0,0,0,0,0,0
tand,0,0,0,0,0,0,0,0,0,0
tint,0,0,0,0,0,0,0,0,0,0
tintelen,0,0,0,0,0,0,0,0,0,0
tintelingen,0,0,0,0,0,0,0,0,0,0
knutselen,0,0,0,0,0,0,0,0,0,0
knutselen,0,0,0,0,0,0,0,0,0,0
oorsuizen,0,0,0,0,0,0,0,0,0,0
klatergoud,0,0,0,0,1,0,1,0,0,0
tint,0,0,0,0,0,0,0,0,0,0
klein,0,0,0,0,0,0,0,0,0,0
tip,0,0,0,0,0,0,0,0,0,0
aangeschoten,0,0,0,0,0,1,0,0,0,0
tirade,1,0,1,0,0,1,0,0,0,0
band,0,0,0,0,0,0,0,0,0,0
moe,0,0,0,0,0,1,0,0,0,0
vermoeidheid,0,0,0,0,0,1,0,0,0,0
vermoeiend,0,0,0,0,0,1,0,0,0,0
zakdoek,0,0,0,0,0,0,0,0,0,0
mees,0,0,0,0,0,1,0,0,0,0
titanisch,0,0,0,0,0,0,0,0,0,0
tienden,0,0,0,0,0,0,0,0,0,0
titel,0,0,0,0,0,0,1,0,0,1
met een adellijke titel,0,0,0,0,0,0,0,0,0,0
tieten,0,0,0,0,0,0,0,0,0,0
titularis,0,0,0,0,0,0,0,0,0,0
pad,0,0,1,0,0,1,0,0,0,0
geroosterd brood,0,0,0,0,1,0,1,0,0,0
tabak-,0,0,0,0,0,1,0,0,0,0
Toby,0,0,0,0,0,0,0,0,0,0
tod,0,0,0,0,0,0,0,0,0,0
vandaag,0,0,0,0,0,0,0,0,0,0
teen,0,0,0,0,0,0,0,0,0,0
toga,0,0,0,0,0,0,0,0,0,0
zwoegen,0,0,0,0,0,0,0,0,0,0
toilet,0,0,1,0,0,1,0,0,0,0
zwoegen,0,0,0,0,0,1,0,0,0,0
token,0,0,0,0,0,0,0,0,0,0
tolerantie,0,0,0,0,0,0,0,0,0,0
verdraagzaam,0,0,0,0,0,0,1,0,0,0
tolereren,1,0,0,0,0,1,0,1,0,0
tolerantie,0,0,0,0,0,0,1,0,0,0
tol,0,0,0,0,0,0,0,0,0,0
tomahawk,0,0,0,0,0,0,0,0,0,0
graf,0,0,0,0,0,0,0,1,0,0
kater,0,0,0,0,0,0,0,0,0,0
naar mij,0,0,0,0,0,0,0,0,0,0
morgen,0,1,0,0,0,0,0,0,0,0
ton,0,0,0,0,0,0,0,0,0,0
toon,0,0,0,0,0,0,0,0,0,0
tong,0,0,0,0,0,0,0,0,0,0
tang,0,0,0,0,0,0,0,0,0,0
tong,0,0,0,0,0,0,0,0,0,0
tonic,0,0,0,0,0,0,0,0,0,0
tonnage,0,0,0,0,0,0,0,0,0,0
amandelen,0,0,0,0,0,0,0,0,0,0
gereedschap,0,0,0,0,0,0,0,0,0,0
tand,0,0,0,0,0,0,0,0,0,0
kiespijn,0,0,0,1,0,1,0,0,0,0
getande,0,0,0,0,0,0,0,0,0,0
tandeloos,0,0,0,0,0,0,0,0,0,0
bovenkant,0,1,0,0,0,0,1,0,0,1
topaas,0,0,0,0,0,0,0,0,0,0
onderwerp,0,0,0,0,0,0,0,0,0,0
actueel,0,0,0,0,0,0,0,0,0,0
topografisch,0,0,0,0,0,0,0,0,0,0
topografisch,0,0,0,0,0,0,0,0,0,0
topografie,0,0,0,0,0,0,0,0,0,0
omvallen,0,0,0,0,0,0,0,0,1,0
tor,0,0,0,0,0,0,0,0,0,0
fakkel,0,0,0,0,0,0,0,0,0,0
kwelling,1,0,0,1,0,1,0,1,0,0
gescheurd,0,0,0,0,0,1,0,0,0,0
tornado,0,0,0,1,0,0,0,0,0,0
torpedo-,1,0,0,0,0,1,0,0,0,0
torrent,0,0,0,1,0,0,0,0,0,0
verzengend,0,0,0,0,0,1,0,0,0,0
torsie,0,0,0,0,0,0,0,0,0,0
torso,0,0,0,0,0,0,0,0,0,0
onrechtmatige daad,0,0,0,0,0,1,0,0,0,0
onrechtmatig,1,0,1,0,0,1,0,0,0,0
schildpad,0,0,0,0,0,0,0,0,0,0
kronkelig,0,0,0,0,0,0,0,0,0,0
marteling,1,1,1,1,0,1,0,1,0,0
toss,0,0,0,0,0,0,0,0,0,0
totaal,0,0,0,0,0,0,0,0,0,0
totaliteit,0,0,0,0,0,0,0,0,0,0
helemaal,0,0,0,0,0,0,0,0,0,0
draagtas,0,0,0,0,0,0,0,0,0,0
totem,0,0,0,0,0,0,0,0,0,0
aanraken,0,0,0,0,0,0,0,0,0,0
aangeraakt,0,0,0,0,0,1,0,0,0,0
aanraken,0,0,0,0,0,0,0,0,0,0
gevoelig,1,0,0,0,0,1,0,1,0,0
moeilijk,0,0,0,0,0,1,0,1,0,0
taaiheid,1,0,0,1,0,0,1,0,0,1
tour,0,0,0,0,0,0,0,0,0,0
toerist,0,0,0,0,0,0,0,0,0,0
toermalijn,0,0,0,0,0,0,0,0,0,0
toernooi,0,0,0,0,0,0,0,0,0,0
tourniquet,0,0,0,0,0,0,0,0,0,0
tout,0,0,0,0,0,0,0,0,0,0
slepen,0,0,0,0,0,0,0,0,0,0
handdoek,0,0,0,0,0,0,0,0,0,0
toren,0,0,0,0,0,0,1,0,0,0
torenhoog,0,1,0,1,0,0,1,0,0,0
dorp,0,0,0,0,0,0,0,0,0,0
herenhuis,0,0,0,0,0,0,0,0,0,0
giftig,0,0,1,0,0,1,0,0,0,0
toxicologie,0,0,0,0,0,0,0,0,0,0
toxine,0,0,0,1,0,1,0,0,0,0
speelgoed-,0,0,0,0,0,0,0,0,0,0
spoor,0,0,0,0,0,0,0,0,0,0
sporen,0,0,0,0,0,0,0,0,0,0
luchtpijp,0,0,0,0,0,0,0,0,0,0
traceren,0,0,0,0,0,0,0,0,0,0
spoor,0,1,0,0,0,0,0,0,0,0
traktaat,0,0,0,1,0,0,0,0,0,0
handelbaar,0,0,0,0,0,0,0,0,0,0
tractie,0,0,0,0,0,0,0,0,0,0
tractor,0,0,0,0,0,0,0,0,0,0
handel,0,0,0,0,0,0,0,0,0,1
handelaar,0,0,0,0,0,0,0,0,0,0
handelaar,0,0,0,0,0,0,0,0,0,0
handel,0,0,0,0,0,0,0,0,0,0
traditie,0,0,0,0,0,0,0,0,0,0
traditioneel,0,0,0,0,0,0,1,0,0,0
verkeer,0,0,0,0,0,0,0,0,0,0
tragedie,0,0,0,1,0,1,0,1,0,0
tragisch,0,0,0,0,0,1,0,0,0,0
pad,0,0,0,0,0,0,0,0,0,0
trein,0,0,0,0,0,0,0,0,0,0
getraind,0,0,0,0,0,0,0,0,0,0
trainer,0,0,0,0,0,0,0,0,0,1
opleiding,0,0,0,0,0,0,0,0,0,0
karaktereigenschap,0,0,0,0,0,0,0,0,0,0
verrader,1,0,1,1,0,1,0,1,0,0
traject,0,0,0,0,0,0,0,0,0,0
tram-,0,0,0,0,0,0,0,0,0,0
zwerver,0,0,1,1,0,1,0,1,0,0
tram,0,0,0,0,0,0,0,0,0,0
trance,0,0,0,0,0,1,0,0,0,0
rustig,0,0,0,0,1,0,1,0,0,0
kalmte,0,0,0,0,1,0,1,0,0,1
afhandelen,0,0,0,0,0,0,0,0,0,0
transactie,0,0,0,0,0,0,0,0,0,1
transatlantisch,0,0,0,0,0,0,0,0,0,0
transcendentie,0,1,0,0,1,0,1,0,1,1
transcendent,0,0,0,0,0,0,0,0,0,0
transcendentaal,0,0,0,0,0,0,1,0,0,0
transcriberen,0,0,0,0,0,0,0,0,0,0
transcribent,0,0,0,0,0,0,0,0,0,0
vertaling,0,0,0,0,0,0,0,0,0,1
transcriptie,0,0,0,0,0,0,0,0,0,0
overdracht,0,0,0,0,0,0,0,0,0,0
overdracht,0,0,0,0,0,0,0,0,0,0
overgedragen,0,0,0,0,0,0,0,0,0,0
aan de grond genageld,0,0,0,0,0,0,0,0,0,0
transformeren,0,0,0,0,0,0,0,0,0,0
transformatie,0,0,0,0,0,0,0,0,0,0
transfusie,0,0,0,0,0,0,0,0,0,0
overtreding,0,0,0,0,0,1,0,0,0,0
vergankelijk,0,0,0,0,0,0,0,0,0,0
doorvoer,0,0,0,0,0,0,0,0,0,0
overgang,0,0,0,0,0,0,0,0,0,0
overgangsperiode,0,1,0,0,0,0,0,0,0,0
transitief,0,0,0,0,0,0,0,0,0,0
vergankelijk,0,0,0,0,0,0,0,0,0,0
vertalen,0,0,0,0,0,0,0,0,0,0
vertaling,0,0,0,0,0,0,0,0,0,1
translocatie,0,0,0,0,0,0,0,0,0,0
doorzichtig,0,0,0,0,0,0,0,0,0,0
overdragen,0,0,0,0,0,0,0,0,0,0
zenden,0,0,0,0,0,0,0,0,0,0
transmutatie,0,0,0,0,0,0,0,0,0,0
spiegel,0,0,0,0,0,0,0,0,0,0
transparantie,0,0,0,0,0,0,0,0,0,0
transparant,0,0,0,0,0,0,0,0,0,0
transplantatie,0,0,0,0,0,0,0,0,0,0
transplantatie,0,0,0,0,0,0,0,0,0,0
vervoer-,0,0,0,0,0,0,0,0,0,0
vervoer,0,0,0,0,0,0,0,0,0,0
transponeren,0,0,0,0,0,0,0,0,0,0
omzetting,0,0,0,0,0,0,0,0,0,0
transversaal,0,0,0,0,0,0,0,0,0,0
val,0,0,0,0,0,0,0,0,0,0
vangen,0,0,0,0,0,0,0,0,0,0
attributen,0,0,0,0,0,1,0,0,0,0
vallen,0,0,0,0,0,1,0,0,0,0
afval,0,0,1,0,0,1,0,1,0,0
rotzooi,0,0,1,0,0,1,0,0,0,0
traumatisch,1,0,0,1,0,1,0,1,0,0
zwoegen,0,0,0,0,0,1,0,0,0,0
reis,0,0,0,0,0,0,0,0,0,0
reiziger,0,0,0,0,0,0,0,0,0,0
reizend,0,0,0,0,0,0,1,0,0,0
traverse,0,0,0,0,0,0,0,0,0,0
travestie,0,0,1,1,0,1,0,1,0,0
sleepnet,0,0,0,0,0,0,0,0,0,0
trawler,0,0,0,0,0,0,0,0,0,0
dienblad,0,0,0,0,0,0,0,0,0,0
verraderlijk,1,0,1,1,0,1,0,0,0,0
verraad,1,0,0,1,0,1,0,1,1,0
betreden,0,0,0,0,0,0,0,0,0,0
loopband,0,1,0,0,0,0,0,0,0,0
landverraad,1,0,1,1,0,1,0,0,1,0
schat,0,1,0,0,1,0,1,0,0,1
penningmeester,0,0,0,0,0,0,0,0,0,1
schatkist,0,0,0,0,0,0,0,0,0,0
traktatie,1,1,1,1,1,1,1,1,1,1
verhandeling,0,0,0,0,0,0,0,0,0,0
behandeling,0,0,0,0,0,0,0,0,0,0
verdrag,0,0,0,0,0,0,0,0,0,0
hoge tonen,0,0,0,0,0,0,0,0,0,0
boom,1,1,1,0,1,0,1,0,1,1
trektocht,0,0,0,0,0,0,0,0,0,0
latwerk,0,0,0,0,0,0,0,0,0,0
beven,0,0,0,0,0,0,0,0,0,0
bevend,0,0,0,1,0,1,0,0,0,0
enorm,0,0,0,0,0,0,0,0,0,0
enorm,0,0,0,0,0,0,1,0,0,0
tremor,1,1,0,1,0,1,0,1,0,0
loopgraaf,0,0,0,0,0,0,0,0,0,0
trend,0,0,0,0,0,0,1,0,0,0
trending,0,0,0,0,0,0,0,0,0,0
trendy,0,0,0,0,0,0,1,0,0,0
opwinding,0,1,0,1,0,1,0,0,1,0
overtreding,1,0,0,0,0,1,0,0,0,0
triade,0,0,0,0,0,0,0,0,0,0
driehoek,0,0,0,0,0,0,0,0,0,0
driehoekig,0,0,0,0,0,0,0,0,0,0
stam,0,0,0,0,0,0,0,0,0,1
beproeving,0,0,0,1,0,1,0,1,0,0
tribunaal,0,1,1,1,0,1,0,0,0,1
tribune,0,0,0,0,0,0,0,0,0,1
zijrivier,0,1,0,0,0,0,1,0,0,0
eerbetoon,0,0,0,0,0,0,1,0,0,0
truc,0,0,0,0,0,1,0,0,1,0
bedrog,1,0,1,1,0,1,0,1,1,0
druppelen,0,0,0,0,0,0,0,0,0,0
lastig,0,0,0,0,0,0,0,0,0,0
driewieler,0,0,0,0,0,0,0,0,0,0
drietand,0,0,0,0,0,0,0,0,0,0
kleinigheid,0,0,0,0,0,1,0,0,0,0
trig,0,0,0,0,0,0,1,0,0,0
trekker,0,0,0,0,0,0,0,0,0,0
trigonometrie,0,0,0,0,0,0,0,0,0,0
biljoen,0,0,0,0,0,0,0,0,0,0
trimmen,0,0,0,0,0,0,0,0,0,0
trimmer,0,0,0,0,0,0,0,0,0,0
bijsnijden,0,0,0,0,0,0,0,0,0,0
driehoek,0,0,0,0,0,0,0,0,0,0
drie-eenheid,0,0,0,0,0,0,0,0,0,0
trio,0,0,0,0,0,0,0,0,0,0
reis,0,0,0,0,0,0,0,0,1,0
tripartiete,0,0,0,0,0,0,0,0,0,0
verdrievoudigen,0,0,0,0,0,0,0,0,0,0
drieling,0,0,0,0,0,0,0,0,0,0
drievoud,0,0,0,0,0,0,0,0,0,0
statief,0,0,0,0,0,0,0,0,0,0
struikelen,1,0,0,0,0,1,0,1,0,0
afgezaagd,0,0,0,0,0,0,0,0,0,0
tritium,0,0,0,0,0,0,0,0,0,0
triomf,0,1,0,0,1,0,1,0,0,0
triomfantelijk,0,1,0,0,1,0,1,0,0,1
trol,1,0,0,1,0,1,0,0,0,0
karretje,0,0,0,0,0,0,0,0,0,0
trombone,0,0,0,0,0,0,0,0,0,0
troep,0,0,0,0,0,0,0,0,0,0
trooper,0,0,0,0,0,0,0,0,0,0
troepen,0,0,0,0,0,0,0,0,0,0
trofee,0,1,0,0,1,0,1,0,1,1
tropisch,0,0,0,0,0,0,0,0,0,0
draf,0,0,0,0,0,0,0,0,0,0
lastig,1,0,0,1,0,1,0,0,0,0
door,0,0,0,0,0,0,0,0,0,0
gezelschap,0,0,0,0,0,0,0,0,0,0
broek,0,0,0,0,0,0,0,0,0,0
forel,0,0,0,0,0,0,0,0,0,0
troffel,0,0,0,0,0,0,0,0,0,0
bestand,0,0,0,0,1,0,1,0,0,1
vrachtwagen,0,0,0,0,0,0,0,0,0,1
WAAR,0,0,0,0,1,0,1,0,0,1
waarheid,0,0,0,0,0,0,0,0,0,0
troef,0,0,0,0,0,0,0,0,1,0
trompet,0,0,0,0,0,1,0,0,0,0
trompettist,0,0,0,0,0,0,0,0,0,0
afkappen,0,0,0,0,0,0,0,0,0,0
afgekapt,0,0,0,0,0,0,0,0,0,0
onderschuifbed,0,0,0,0,0,0,0,0,0,0
kofferbak,0,0,0,0,0,0,0,0,0,0
truss,0,0,0,0,0,0,0,0,0,1
vertrouwen,0,0,0,0,0,0,0,0,0,1
vertrouwenspersoon,0,0,0,0,0,0,0,0,0,1
betrouwbaar,0,0,0,0,0,0,1,0,0,0
waarheid,0,0,0,0,0,0,1,0,0,1
waarheidsgetrouw,0,0,0,0,0,0,0,0,0,1
waarheidsgetrouwheid,0,0,0,0,0,0,1,0,0,1
proberen,0,0,0,0,0,0,0,0,0,0
badkuip,0,0,0,0,0,0,0,0,0,0
buis,0,0,0,0,0,0,0,0,0,0
buisvormig,0,0,0,0,0,0,0,0,0,0
buisje,0,0,0,0,0,0,0,0,0,0
instoppen,0,0,0,0,0,0,0,0,0,0
tucker,0,0,0,0,0,0,0,0,0,0
getuft,0,0,0,0,0,0,0,0,0,0
sleepboot,0,0,0,0,0,0,0,0,0,0
schoolgeld,0,0,0,0,0,0,0,0,0,0
tulp,0,0,0,0,0,0,0,0,0,0
tuimelen,0,0,0,0,0,1,0,0,0,0
tuimelaar,0,0,0,0,0,0,0,0,0,0
tumor,0,0,0,1,0,1,0,0,0,0
tumor,0,0,0,1,0,1,0,1,0,0
tumult,1,0,0,1,0,1,0,0,1,0
tumultueus,1,0,0,1,0,1,0,0,0,0
tun,0,0,0,0,0,0,0,0,0,0
tonijn,0,0,0,0,0,0,0,0,0,0
afstembaar,0,0,0,0,0,0,0,0,0,0
afstemmen,0,0,0,0,0,0,0,0,0,0
tuniek,0,0,0,0,0,0,0,0,0,0
afstemmen,0,0,0,0,0,0,0,0,0,0
tunnel,0,0,0,0,0,0,0,0,0,0
tulband,0,0,0,0,0,0,0,0,0,0
troebelheid,0,0,0,0,0,0,0,0,0,0
turbine,0,0,0,0,0,0,0,0,0,0
turbulentie,1,0,0,1,0,1,0,0,0,0
turbulent,0,0,0,1,0,1,0,0,0,0
graszoden,0,0,0,0,0,0,0,0,0,0
kurkuma,0,0,0,0,0,0,0,0,0,0
onrust,1,0,0,1,0,1,0,1,0,0
draai,0,0,0,0,0,0,0,0,0,0
draaien,0,0,0,0,0,0,0,0,0,0
kant-en-klaar,0,0,0,0,0,0,0,0,0,0
tolweg,0,0,0,0,0,0,0,0,0,0
draaitafel,0,0,0,0,0,0,0,0,0,0
turkoois,0,0,0,0,0,0,0,0,0,0
torentje,0,0,0,0,0,0,0,0,0,0
coltrui,0,0,0,0,0,0,0,0,0,0
worsteling,1,0,0,0,0,0,0,0,0,0
voogdij,0,0,0,0,0,0,1,0,0,1
bijlesdocent,0,0,0,0,0,0,1,0,0,0
aanpassing,0,0,0,0,0,0,0,0,0,0
twaalfde,0,0,0,0,0,0,0,0,0,0
twaalf,0,0,0,0,0,0,0,0,0,0
twintigste,0,0,0,0,0,0,0,0,0,0
twintig,0,0,0,0,0,0,0,0,0,0
takje,0,0,0,0,0,0,0,0,0,0
schemering,0,0,0,0,0,0,0,0,0,0
keperstof,0,0,0,0,0,0,0,0,0,0
tweeling,0,0,0,0,0,0,1,0,0,0
touw,0,0,0,0,0,0,0,0,0,0
twinkelen,0,1,0,0,1,0,1,0,0,0
Tweelingen,0,0,0,0,0,0,0,0,0,0
twist,0,0,0,0,0,0,0,0,0,0
verdraaid,0,0,0,0,0,0,0,0,0,0
zenuwtrekking,0,0,0,0,0,1,0,0,0,0
tweeledig,0,0,0,0,0,0,0,0,0,0
magnaat,0,0,0,0,0,0,0,0,0,0
type,0,0,0,0,0,0,0,0,0,0
schrijfmachine,0,0,0,0,0,0,0,0,0,0
tyfoon,0,0,0,1,0,1,0,0,0,0
typisch,0,0,0,0,0,0,0,0,0,0
typist,0,0,0,0,0,0,0,0,0,0
typografie,0,0,0,0,0,0,0,0,0,0
tiranniek,1,0,1,1,0,1,0,0,0,0
tirannie,0,0,0,1,0,1,0,1,0,0
tiran,1,0,1,1,0,1,0,1,0,0
band,0,0,0,0,0,0,0,0,0,0
alomvertegenwoordigd,0,0,0,0,0,0,0,0,0,0
alomtegenwoordigheid,0,0,0,0,0,0,0,0,0,0
lelijkheid,0,0,1,1,0,1,0,1,0,0
lelijk,0,0,1,0,0,1,0,0,0,0
zweer,1,0,1,1,0,1,0,1,0,0
bijbedoeling,0,0,0,0,0,1,0,0,0,0
ultieme,0,1,0,0,0,0,0,1,0,0
uiteindelijk,0,1,0,0,0,0,1,0,0,0
ultimatum,1,0,0,1,0,1,0,0,0,0
ultimo,0,0,0,0,0,0,0,0,0,0
ultraviolet,0,0,0,0,0,0,0,0,0,0
navelstreng,0,0,0,0,0,0,0,0,0,0
umbra,0,0,0,0,0,0,0,0,0,0
paraplu,0,0,0,0,0,0,0,0,0,0
scheidsrechter,0,0,0,0,0,0,1,0,0,1
onbeschaamd,0,0,0,0,0,0,0,0,0,0
onverminderd,0,0,0,0,0,0,0,0,0,0
niet in staat,0,0,0,0,0,1,0,1,0,0
onaanvaardbaar,0,0,0,0,0,1,0,1,0,0
zonder begeleiding,0,0,0,0,0,0,0,0,0,0
onverklaarbaar,0,1,1,0,0,1,0,1,0,1
niet erkend,0,0,0,0,0,0,0,1,0,0
onvervalst,0,0,0,0,0,0,0,0,0,0
zonder hulp,0,0,0,0,0,0,0,0,0,0
ongewijzigd,0,0,0,0,0,0,0,0,0,0
ondubbelzinnig,0,0,0,0,0,0,0,0,0,0
unanimiteit,0,0,0,0,0,0,1,0,0,0
unaniem,0,0,0,0,0,0,1,0,0,0
unaniem,0,0,0,0,0,0,0,0,0,0
onverwachts,0,0,0,0,0,0,0,0,1,0
niet goedgekeurd,0,0,0,0,0,1,0,0,0,0
ongewapend,0,0,0,0,0,0,0,0,0,0
zonder hulp,0,0,0,0,0,0,0,0,0,0
bescheiden,0,0,0,0,0,0,1,0,0,0
ongebonden,0,0,0,0,0,1,0,0,0,0
onbereikbaar,1,0,0,0,0,1,0,1,0,0
onbeheerd,0,0,0,0,0,0,0,0,0,0
onaantrekkelijk,0,0,1,0,0,1,0,1,0,0
onbevoegd,0,0,0,0,0,1,0,0,0,0
onvermijdelijk,0,0,0,0,0,1,0,0,0,0
niet op de hoogte,0,0,0,0,0,1,0,0,0,0
onevenwichtig,0,0,0,0,0,0,0,0,0,0
ondraaglijk,0,0,1,0,0,1,0,1,0,0
ongeslagen,0,1,0,0,1,1,1,1,1,0
ongeloof,0,0,0,0,0,1,0,0,0,0
ongelooflijk,0,0,0,0,0,1,0,0,0,0
onbevooroordeeld,0,0,0,0,0,0,1,0,0,0
ongeboren,0,0,0,0,0,1,0,0,0,0
ongebonden,0,0,0,0,0,0,0,0,0,0
onbegrensd,0,0,0,0,0,0,0,0,0,0
onbreekbaar,0,0,0,0,0,0,1,0,0,0
ongebreideld,1,1,0,1,0,1,1,0,1,0
ongebroken,0,0,0,0,0,0,1,0,0,1
griezelig,0,0,0,1,0,1,0,0,1,0
onverschillig,1,0,1,0,0,1,0,1,0,0
onzeker,1,0,1,1,0,1,0,0,1,0
onzekerheid,0,0,0,0,0,0,0,0,0,0
onbetwist,0,0,0,0,0,0,0,0,0,0
onveranderlijk,0,0,0,0,0,1,0,0,0,0
onveranderd,0,0,0,0,0,0,0,0,0,0
niet opgeëist,0,0,0,0,0,0,0,0,0,0
oom,0,0,0,0,0,0,0,0,0,0
onrein,0,0,1,0,0,1,0,0,0,0
ongemakkelijk,0,0,0,0,0,1,0,0,0,0
ongewoon,0,0,0,0,0,0,0,0,0,0
ongewoon,0,0,0,0,0,0,0,0,0,0
compromisloos,0,0,0,0,0,0,0,0,0,0
onbezorgd,0,0,0,0,0,0,0,0,0,0
niet bevestigd,0,0,0,0,0,0,0,0,0,0
niet verbonden,0,0,0,0,0,0,0,0,0,0
gewetenloos,0,0,1,0,0,1,0,0,0,0
bewusteloos,0,0,0,0,0,1,0,0,0,0
bewusteloosheid,0,0,0,0,0,0,0,0,0,0
ongrondwettig,0,0,0,0,0,1,0,0,0,0
onbeperkt,0,0,0,0,1,0,1,0,0,0
onbetwist,0,0,0,0,0,0,0,0,0,0
oncontroleerbaar,1,1,0,0,0,1,0,0,1,0
ongecontroleerd,0,0,0,0,0,1,0,0,0,0
onconventioneel,0,0,0,0,0,0,0,0,0,0
niet overtuigd,0,0,0,0,0,0,0,0,0,0
ongekookt,0,0,0,0,0,0,0,0,0,0
ongecorreleerd,0,0,0,0,0,0,0,0,0,0
ontdekken,0,0,0,0,0,0,0,0,1,0
onkritisch,0,0,0,0,0,0,0,0,0,0
ongesneden,0,0,0,0,0,0,0,0,0,0
onbeslist,0,1,0,1,0,1,0,0,0,0
ongedefinieerd,0,0,0,0,0,0,0,0,0,0
onmiskenbaar,0,0,0,0,0,0,0,0,0,0
undercover,0,0,0,0,0,0,0,0,0,0
onderstroom,0,0,0,0,0,0,0,0,0,0
onderschatten,0,0,0,0,0,0,0,0,1,0
ondergaan,0,0,0,0,0,0,0,0,0,0
niet-gegradueerde,0,0,0,0,0,0,0,0,0,0
ondergronds,0,0,0,0,0,0,0,0,0,0
onderliggend,0,0,0,0,0,0,0,0,0,0
onderstrepen,0,0,0,0,0,0,1,0,0,0
ondermijnd,0,0,0,0,0,1,0,0,0,0
onder,0,0,0,0,0,0,0,0,0,0
onderbetaald,1,0,0,0,0,1,0,1,0,0
onderbroek,0,0,0,0,0,0,0,0,0,0
laag streepje,0,0,0,0,0,0,0,0,0,0
ondermaats,0,0,0,0,0,1,0,0,0,0
begrip,0,0,0,0,0,0,1,0,0,1
begrepen,0,0,0,0,0,0,0,0,0,0
ondernemen,0,0,0,0,0,0,0,0,0,0
begrafenisondernemer,0,0,0,0,0,0,0,1,0,0
onderneming,0,1,0,0,0,0,0,0,0,0
kreupelhout,0,0,0,0,0,0,0,0,0,0
onderschrijven,0,0,0,0,0,0,1,0,0,1
verzekeraar,0,0,0,0,0,0,0,0,0,0
onverdiend,0,0,0,0,0,0,0,0,0,0
ongewenst,1,0,1,1,0,1,0,1,0,0
ongewenst,0,0,0,0,0,1,0,1,0,0
onontwikkeld,0,0,0,0,0,0,0,0,0,0
ongericht,0,0,0,0,0,0,0,0,0,0
niet bekendgemaakt,0,1,0,0,0,0,0,0,0,0
onontdekt,0,0,0,0,0,0,0,0,1,0
onbetwist,0,0,0,0,0,0,0,0,0,0
ongestoord,0,0,0,0,0,0,0,0,0,0
onverdeeld,0,0,0,0,0,0,1,0,0,0
ongedaan maken,0,0,0,0,0,1,0,0,0,0
ongedaan maken,0,0,0,0,0,0,0,0,0,0
ongetwijfeld,0,1,1,0,0,0,0,0,0,0
uitkleden,0,0,0,0,0,0,0,0,0,0
uitgekleed,0,0,0,0,0,0,0,0,0,0
ongepast,0,0,0,0,0,0,0,0,0,0
onsterfelijk,0,1,0,0,1,0,1,1,0,1
onverdiend,0,0,0,0,0,0,0,0,0,0
opgraven,0,0,0,0,0,0,0,0,0,0
onbehagen,0,1,0,0,0,1,0,1,0,0
ongemakkelijk,0,0,1,1,0,1,0,0,0,0
ongeschoold,0,0,0,0,0,1,0,1,0,0
werkloos,0,0,0,1,0,1,0,1,0,0
onbezwaard,0,0,0,0,0,0,0,0,0,0
oneindig,0,0,0,0,0,0,0,0,0,0
ongelijke,1,0,1,1,0,1,0,1,0,0
ongeëvenaard,0,0,0,0,0,0,0,0,0,0
ondubbelzinnig,0,0,0,0,0,0,0,0,0,1
ondubbelzinnig,0,0,0,0,0,0,1,0,0,0
ongelijkmatig,0,0,0,0,0,1,0,0,0,0
saai,0,0,0,0,0,0,0,0,0,0
niet verwacht,0,1,0,1,1,1,1,0,1,0
onverwacht,0,0,0,0,0,0,0,0,1,0
onverklaard,0,1,0,0,0,1,0,1,0,0
onontgonnen,0,0,0,0,0,0,0,0,0,0
onfeilbaar,0,0,0,0,0,0,0,0,0,0
oneerlijk,1,0,1,0,0,1,0,1,0,0
oneerlijkheid,1,0,0,0,0,1,0,1,0,0
ontrouw,0,0,1,0,0,1,0,0,0,0
onbekend,0,0,0,0,0,0,0,0,0,0
ongunstig,0,0,1,0,0,1,0,1,0,0
onbelemmerd,0,0,0,0,0,0,0,0,0,0
onvoltooid,0,0,0,0,0,1,0,0,0,0
onwankelbaar,0,0,0,0,0,0,0,0,0,0
ontvouwen,0,1,0,0,0,0,1,0,0,0
onvoorzien,0,0,0,0,0,0,0,0,1,0
meedogenloos,1,0,0,0,0,1,0,1,0,0
ongelukkig,0,0,0,0,0,1,0,1,0,0
onvriendelijk,1,0,1,1,0,1,0,1,0,0
onvervuld,1,1,0,0,0,1,0,1,1,0
ongemeubileerd,0,0,0,0,0,1,0,0,0,0
goddeloos,0,0,0,0,0,1,0,1,0,0
ondankbaar,1,0,1,0,0,1,0,0,0,0
onbewaakt,0,0,0,0,0,0,0,0,1,0
ongeluk,0,0,0,0,0,1,0,1,0,0
ongelukkig,1,0,1,0,0,1,0,1,0,0
ongedeerd,0,0,0,0,0,0,0,0,0,0
ongezond,0,0,1,1,0,1,0,1,0,0
ongehinderd,0,0,0,0,0,0,0,0,0,0
onheilig,0,0,0,1,0,1,0,0,0,0
eenhoorn,0,0,0,0,0,0,0,0,0,0
eenwording,0,1,0,0,1,0,1,0,0,1
uniform,0,0,0,0,0,0,0,0,0,0
uniformiteit,0,0,0,0,0,0,0,0,0,0
uniform,0,0,0,0,0,0,1,0,0,0
onvoorstelbaar,0,0,0,0,0,1,1,0,1,0
onbelangrijk,0,0,0,0,0,1,0,1,0,0
niet onder de indruk,0,0,0,0,0,1,0,0,0,0
onverbeterd,0,0,0,0,0,1,0,0,0,0
niet besmet,0,0,0,0,0,0,1,0,0,0
niet op de hoogte,0,0,0,0,0,1,0,0,0,0
onbewoond,0,0,0,0,0,0,0,0,0,0
niet-ingewijd,0,0,0,0,0,1,0,0,0,0
ongeïnspireerd,0,0,0,0,0,1,0,1,0,0
onbegrijpelijk,0,0,0,0,0,1,0,0,0,0
onbedoeld,0,0,0,0,0,0,0,0,1,0
onbedoeld,0,0,0,0,0,0,0,0,1,0
onbedoeld,0,0,0,0,0,1,0,0,1,0
ongeïnteresseerd,0,0,0,0,0,1,0,1,0,0
oninteressant,0,0,0,0,0,1,0,1,0,0
ononderbroken,0,0,0,0,0,0,0,0,0,0
onuitgenodigd,0,0,0,0,0,0,0,1,0,0
unie,0,0,0,0,0,0,0,0,0,0
uniek,0,0,0,0,0,0,1,0,1,0
unisono,0,0,0,0,0,0,1,0,0,0
eenheid,0,0,0,0,0,0,0,0,0,0
unitair,0,0,0,0,0,0,1,0,0,0
verenigen,0,0,0,0,0,0,0,0,0,0
Verenigde,0,0,0,0,0,0,1,0,0,1
eenheid,0,0,0,0,0,0,1,0,0,1
universeel,0,0,0,0,0,0,0,0,0,0
universaliteit,0,0,0,0,0,0,0,0,0,0
universum,0,0,0,0,0,0,0,0,0,0
Universiteit,0,1,0,0,0,0,1,0,0,0
onrechtvaardig,1,0,0,0,0,1,0,0,0,0
niet te rechtvaardigen,1,0,1,1,0,1,0,0,0,0
onterecht,0,0,0,0,0,1,0,0,0,0
onaardig,1,0,1,1,0,1,0,1,0,0
onkenbaar,0,0,0,0,0,0,0,0,0,0
onbekend,0,1,0,1,0,1,0,0,0,0
onwettig,1,0,1,1,0,1,0,1,0,0
ontketenen,0,0,0,0,0,0,0,0,0,0
zonder vergunning,0,0,0,0,0,1,0,0,0,0
in tegenstelling tot,0,0,0,0,0,0,0,0,0,0
onbeperkt,0,0,0,0,0,0,1,0,0,0
lossen,0,0,0,0,0,0,0,0,0,0
gelost,0,0,0,0,0,0,0,0,0,0
ontgrendelen,0,0,0,0,0,0,0,0,0,0
pech gehad,1,0,1,1,0,1,0,1,0,0
onhandelbaar,0,0,1,0,0,1,0,0,0,0
ongemarkeerd,0,0,0,0,0,0,0,0,0,0
ongehuwd,0,0,0,0,0,0,0,0,0,0
ontmaskeren,0,0,0,0,0,0,0,0,0,0
ongeëvenaard,0,0,0,0,0,0,0,0,0,0
onmiskenbaar,0,0,0,0,0,0,0,0,0,0
absoluut,0,0,0,0,0,0,0,0,0,0
onbewogen,0,0,0,0,0,0,0,0,0,0
naamloos,0,0,0,0,0,0,0,0,0,0
onnatuurlijk,0,0,1,1,0,1,0,0,0,0
onnodig,0,0,0,0,0,0,0,0,0,0
onnodig,0,0,0,0,0,0,0,0,0,0
onopgemerkt,0,0,0,0,0,0,0,0,0,0
ongenummerd,0,0,0,0,0,0,0,0,0,0
onopgemerkt,0,0,0,0,0,0,0,0,0,0
vrij,0,0,0,0,0,0,0,0,0,0
onopvallend,0,0,0,0,0,0,0,0,0,0
onbezet,0,0,0,0,0,0,0,0,0,0
onofficieel,0,0,0,0,0,1,0,0,0,0
ongeopend,0,0,0,0,0,0,0,0,0,0
ongehinderd,0,0,0,0,0,0,0,0,0,0
ongeordend,0,0,0,0,0,0,0,0,0,0
ongeorganiseerd,0,0,0,0,0,0,0,0,0,0
onorthodox,0,0,0,0,0,0,0,0,0,0
uitpakken,0,0,0,0,0,0,0,0,0,0
onbetaald,1,0,0,0,0,1,0,1,0,0
onaangenaam,0,0,1,0,0,1,0,1,0,0
impopulair,0,0,1,0,0,1,0,1,0,0
ongeëvenaard,0,0,0,0,0,0,0,0,1,0
onvoorspelbaar,0,0,0,0,0,1,0,0,1,0
onvoorbereid,0,0,0,0,0,1,0,0,0,0
pretentieloos,0,0,0,0,0,0,1,0,0,0
onproductief,0,0,0,0,0,1,0,0,0,0
onrendabel,0,0,0,0,0,1,0,0,0,0
onbeschermd,0,0,0,0,0,1,0,0,0,0
onbewezen,0,0,0,0,0,0,0,0,0,0
ongepubliceerd,0,1,0,0,0,1,0,1,0,0
onbetwistbaar,0,0,0,0,0,0,1,0,0,1
ongetwijfeld,0,0,0,0,0,0,1,0,0,1
onbetwist,0,0,0,0,0,0,1,0,0,1
Ongelezen,0,0,0,0,0,0,0,0,0,0
onwerkelijk,0,0,0,0,0,0,0,0,0,0
onrealistisch,0,0,0,0,0,0,0,0,0,0
niet opgenomen,0,0,0,0,0,0,0,0,0,0
niet geregistreerd,0,0,0,0,0,0,0,0,0,0
ongereguleerde,0,0,0,0,0,0,0,0,0,0
niet verwant,0,0,0,0,0,0,0,0,0,0
onverbiddelijk,0,0,0,0,0,0,0,0,0,0
onbetrouwbaar,0,0,0,0,0,1,0,0,0,1
onberouwvol,0,0,0,0,0,0,0,0,0,0
onbeantwoord,0,0,0,0,0,1,0,1,0,0
onopgelost,0,1,0,0,0,0,0,0,0,0
onrust,0,0,0,1,0,0,0,1,0,0
ongeremd,0,0,0,0,0,0,0,0,0,0
onbeperkt,0,0,0,0,0,0,0,0,0,0
onhandelbaar,1,0,1,1,0,1,0,0,0,0
onveilig,0,0,0,1,0,1,0,0,0,0
onbevredigend,0,0,1,0,0,1,0,0,0,0
ontevreden,0,0,1,0,0,1,0,1,0,0
onsmakelijk,0,0,0,0,0,1,0,0,0,0
ongedeerd,0,0,0,0,0,0,1,0,0,0
onwetenschappelijk,0,0,0,0,0,0,0,0,0,0
gewetenloos,0,0,0,0,0,1,0,0,0,0
afzetten,0,0,0,0,0,0,0,1,0,0
ongezien,0,0,0,0,0,0,0,0,0,0
onzelfzuchtig,0,0,0,0,0,0,1,0,0,0
onrustig,1,0,1,1,0,1,0,0,0,0
lelijk,0,0,1,0,0,1,0,0,0,0
ongekunsteld,0,0,0,0,0,1,0,0,0,0
onuitsprekelijk,0,0,0,1,0,1,0,0,0,0
niet gespecificeerd,0,0,0,0,0,0,0,0,0,0
instabiel,0,0,0,1,0,1,0,0,1,0
onvast,0,0,0,1,0,0,0,0,0,0
mislukt,0,0,0,0,0,1,0,1,0,0
ongeschikt,0,0,0,0,0,1,0,0,0,0
onbezongen,0,0,0,0,0,1,0,0,0,0
niet ondersteund,0,0,0,0,0,1,0,0,0,0
onovertroffen,0,1,0,1,1,0,1,0,0,1
nietsvermoedend,0,0,0,0,0,0,0,0,1,0
onhoudbaar,0,0,0,0,0,1,0,0,0,0
ongezoet,0,0,0,0,0,0,0,0,0,0
onsympathiek,1,0,0,0,0,1,0,0,0,0
ongetemd,0,0,0,0,0,1,0,0,0,0
onhoudbaar,0,0,0,0,0,1,0,0,0,0
niet getest,0,0,0,0,0,0,0,0,0,0
ondenkbaar,1,0,1,1,0,1,0,0,0,0
slordig,0,0,1,0,0,1,0,0,0,0
losmaken,0,0,0,0,1,1,1,0,0,0
ontijdig,0,0,0,0,0,1,0,0,0,0
ongetiteld,0,0,0,0,0,1,0,1,0,0
onnoemelijk,0,1,0,0,0,1,0,0,0,0
onaangeroerd,0,0,0,0,0,0,0,0,0,0
ongewenst,1,0,1,0,0,1,0,0,0,0
ongetraind,0,0,0,0,0,1,0,0,0,0
onvertaald,0,0,0,0,0,0,0,0,0,0
onwaar,0,0,0,0,0,1,0,0,0,0
onbetrouwbaar,1,0,0,0,0,1,0,0,0,0
ongebruikt,0,0,0,0,0,0,0,0,0,0
ongebruikelijk,0,0,0,0,0,0,0,0,0,0
ongewoon,0,0,0,0,0,0,0,0,0,0
onthullen,0,0,0,0,0,0,0,0,0,0
onthulling,0,0,0,0,0,0,0,0,0,0
niet geverifieerd,0,1,0,0,0,0,0,0,0,0
ongerechtvaardigd,0,0,0,0,0,1,0,0,0,0
onoplettend,0,0,0,0,0,0,0,0,0,0
ongewassen,0,0,1,0,0,1,0,0,0,0
onwankelbaar,0,0,0,0,0,0,1,0,0,1
onwelkom,0,0,0,0,0,1,0,1,0,0
onwel,0,0,0,0,0,1,0,1,0,0
onwillig,0,0,0,0,0,0,0,0,0,0
ongewild,0,0,0,0,0,0,0,0,0,0
onwil,0,0,0,0,0,1,0,0,0,0
ontspannen,0,0,0,0,0,0,0,0,0,0
onverstandig,0,0,0,0,0,1,0,0,0,0
onwetend,0,0,0,0,0,1,0,0,0,0
onbewust,0,0,0,0,0,0,0,0,0,0
onwaardig,0,0,1,0,0,1,0,0,0,0
ongeschreven,0,0,0,0,0,0,0,0,0,0
onverzettelijk,0,0,0,0,0,1,0,0,0,0
omwenteling,1,0,0,1,0,1,0,1,0,0
bergopwaarts,0,1,0,1,0,1,1,0,0,0
bekleding,0,0,0,0,0,0,0,0,0,0
hoogland,0,0,0,0,0,0,0,0,0,0
hooglanden,0,0,0,0,0,0,0,0,0,0
verheffen,0,1,0,0,1,0,1,0,0,1
bovenste,0,0,0,0,0,0,0,0,0,0
rechtop,0,0,0,0,0,0,1,0,0,1
opstand,1,1,0,1,0,1,0,0,0,0
opschudding,0,0,0,0,0,1,0,0,0,0
van streek,1,0,0,0,0,1,0,1,0,0
resultaat,0,0,0,0,0,0,0,0,0,0
boven,0,0,0,0,0,0,0,0,0,0
parvenu,0,0,0,0,0,0,0,0,0,0
omhoog,0,0,0,0,0,0,0,0,0,0
uranium,0,0,0,0,0,0,0,0,0,0
stedelijk,0,0,0,0,0,0,0,0,0,0
egel,0,0,0,0,0,1,0,0,0,0
drang,0,0,0,0,0,0,0,0,0,0
urgentie,0,1,0,1,0,0,0,0,1,0
dringend,0,1,0,1,0,1,0,0,1,0
urineonderzoek,0,0,0,0,0,0,0,0,0,0
urn,0,0,0,0,0,0,0,1,0,0
gebruik,0,0,0,0,0,0,0,0,0,0
nuttig,0,0,0,0,0,0,0,0,0,0
nuttigheid,0,0,0,0,0,0,1,0,0,0
nutteloos,0,0,0,0,0,1,0,0,0,0
bewaker,0,0,0,0,0,0,1,0,0,1
normaal,0,0,0,0,0,0,1,0,0,1
usurperen,1,0,0,0,0,1,0,0,0,0
toegeëigend,1,0,0,1,0,1,0,0,0,0
woeker,0,0,0,0,0,1,0,0,0,0
werktuig,0,0,0,0,0,0,0,0,0,0
utilitair,0,0,0,0,0,0,0,0,0,0
nutsvoorziening,0,0,0,0,0,0,1,0,0,0
gebruik,0,0,0,0,0,0,0,0,0,0
gebruik maken van,0,0,0,0,0,0,0,0,0,0
uiterste,0,0,0,0,0,0,0,0,0,0
utopisch,0,1,0,0,1,0,1,0,0,1
uiting,0,0,0,0,0,0,0,0,0,0
volledig,0,0,0,0,0,0,0,0,0,0
vacature,0,0,0,0,0,1,0,0,0,0
vakantie,0,1,0,0,1,0,1,0,0,0
vaccinatie,0,0,0,0,0,0,0,0,0,0
vaccin,0,0,0,0,0,0,1,0,0,0
vacuüm,0,0,0,0,0,0,0,0,0,0
vacuole,0,0,0,0,0,0,0,0,0,0
leeg,0,0,1,0,0,1,0,0,0,0
vacuüm,0,0,0,0,0,0,0,0,0,0
onduidelijk,0,0,0,0,0,1,0,0,0,0
vaagheid,0,0,0,0,0,1,0,0,0,0
tevergeefs,0,0,1,0,0,1,0,1,0,0
volant,0,0,0,0,0,0,0,0,0,0
dal,0,0,0,0,0,0,0,0,0,0
bediende,0,0,0,0,0,0,0,0,0,0
dapper,0,0,0,0,0,0,1,0,0,0
Geldigheid,0,0,0,1,0,0,0,0,0,0
vallei,0,0,0,0,0,0,0,0,0,0
moed,0,0,0,0,0,0,1,0,0,1
waardevol,0,0,0,0,0,0,1,0,0,0
taxatie,0,0,0,0,0,0,0,0,0,0
ventiel,0,0,0,0,0,0,0,0,0,0
vampier,0,0,0,0,0,0,0,0,0,0
vampier,1,0,1,1,0,1,0,0,0,0
bestelwagen,0,0,0,0,0,0,0,0,0,0
vaan,0,0,0,0,0,0,0,0,0,0
voorhoede,0,0,0,0,0,0,1,0,0,0
vanille,0,0,0,0,0,0,0,0,0,0
verdwijnen,0,0,0,0,0,0,0,0,1,0
verdwenen,0,0,0,1,0,1,0,1,1,0
trots,0,0,0,0,0,1,0,0,0,0
overwinnen,0,0,0,0,0,0,1,0,0,0
damp,0,0,0,0,0,0,0,0,0,0
vara,0,0,0,0,0,0,0,0,0,0
variabele,0,0,0,0,0,0,0,0,1,0
variantie,0,0,0,0,0,0,0,0,0,0
variatie,0,0,0,0,0,0,0,0,0,0
variaties,0,0,0,0,0,0,0,0,0,0
varicella,0,0,1,1,0,1,0,1,0,0
spataderen,0,0,0,0,0,1,0,0,0,0
gevarieerd,0,0,0,0,0,0,0,0,0,0
bont,0,0,0,0,0,0,0,0,0,0
verscheidenheid,0,0,0,0,0,0,0,0,0,0
variëren,0,0,0,0,0,0,0,0,0,0
vasculair,0,0,0,0,0,0,0,0,0,0
vaas,0,0,0,0,0,0,0,0,0,0
uitgestrekt,0,0,0,0,0,0,0,0,0,0
vat,0,0,0,0,0,0,0,0,0,0
vaudeville,0,0,0,0,0,0,0,0,0,0
kluis,0,0,0,0,0,0,0,0,0,0
gewelfd,0,0,0,0,0,0,0,0,0,0
gewelf,0,0,0,0,0,0,0,0,0,0
kalfsvlees,0,0,0,0,0,0,0,1,0,1
vector,0,0,0,0,0,0,0,0,0,0
veer,0,0,0,1,0,0,0,0,1,0
vegetarisch,0,0,0,0,0,0,0,0,0,0
groente,0,0,0,0,0,0,0,0,0,0
vegetarisch,0,0,0,0,0,0,0,0,0,0
vegetarisme,0,0,0,0,0,0,0,0,0,0
vegetatie,0,0,0,0,0,0,0,0,0,0
vegetatief,0,0,1,0,0,1,0,1,0,0
heftig,1,0,0,1,0,1,0,0,0,0
voertuig,0,0,0,0,0,0,0,0,0,0
sluier,0,0,0,0,0,0,0,0,0,0
gesluierd,0,0,0,0,0,0,0,0,0,0
ader,0,0,0,0,0,0,0,0,0,0
geaderd,0,0,0,0,0,0,0,0,0,0
velijn,0,0,0,0,0,0,0,0,0,0
snelheid,0,0,0,0,0,0,0,0,0,0
velours,0,0,0,0,0,0,0,0,0,0
fluweel,0,0,0,0,0,0,1,0,0,0
fluweelachtig,0,0,0,0,0,0,1,0,0,0
vena,0,0,0,0,0,0,0,0,0,0
vendetta,1,0,0,1,0,1,0,1,0,0
leverancier,0,0,0,0,0,0,0,0,0,0
fineer-,0,0,0,0,0,0,0,0,0,0
eerbiedwaardig,0,1,0,0,1,0,1,0,0,1
verering,0,0,0,0,0,0,1,0,0,0
wraak,1,0,0,0,0,1,0,0,0,0
wraakzuchtig,1,0,0,1,0,1,0,0,0,0
hertenvlees,0,0,0,0,0,0,0,0,0,0
venijn,1,0,1,1,0,1,0,0,0,0
giftig,1,0,1,1,0,1,0,0,0,0
veneuze,0,0,0,0,0,0,0,0,0,0
ventileren,1,0,0,0,0,0,0,0,0,0
ventilatie,0,0,0,0,0,0,0,0,0,0
ventilator,0,0,0,0,0,0,0,0,0,0
ventrikel,0,0,0,0,0,0,0,0,0,0
ventriculaire,0,0,0,0,0,0,0,0,0,0
onderneming,0,0,0,0,0,0,0,0,0,0
locatie,0,0,0,0,0,0,0,0,0,0
waarheidsgetrouwheid,0,1,0,0,1,0,1,0,1,1
veranda,0,0,0,0,0,0,0,0,0,0
verbaal,0,0,0,0,0,0,0,0,0,0
woordelijk,0,0,0,0,0,0,0,0,0,0
woordenstroom,0,0,0,0,0,0,0,0,0,0
uitgebreid,0,0,0,0,0,0,0,0,0,0
breedsprakigheid,0,0,0,0,0,1,0,0,0,0
groen,0,0,0,0,0,0,1,0,0,0
vonnis,0,0,0,1,0,0,0,0,0,0
berm,0,1,0,1,0,1,0,0,0,0
verificatie,0,0,0,0,0,0,1,0,0,1
geverifieerd,0,0,0,0,0,0,1,0,0,1
verifiëren,0,0,0,0,0,0,0,0,0,0
voorwaar,0,0,0,0,0,0,1,0,0,1
echt,0,0,0,0,0,0,1,0,0,0
ongedierte,1,0,1,1,0,1,0,0,0,0
volkstong,0,0,0,0,0,0,0,0,0,0
lente-,0,0,0,0,1,0,1,0,0,0
veronica,0,0,0,0,0,0,0,0,0,0
veelzijdig,0,0,0,0,0,0,0,0,0,0
veelzijdigheid,0,0,0,0,0,0,0,0,0,0
vers,0,0,0,0,0,0,0,0,0,0
versie,0,0,0,0,0,0,0,0,0,0
versus,1,0,0,0,0,1,0,0,0,0
Groen,0,0,0,0,0,0,0,0,0,0
wervel,0,0,0,0,0,0,0,0,0,0
wervel,0,0,0,0,0,0,0,0,0,0
hoekpunt,0,0,0,0,0,0,0,0,0,0
verticaal,0,0,0,0,0,0,0,0,0,0
verticaal,0,0,0,0,0,0,0,0,0,0
hoogtevrees,0,0,0,1,0,1,0,0,0,0
verve,0,0,0,0,0,0,1,0,0,0
blaasje,0,0,0,0,0,0,0,0,0,0
blaasjes,0,0,1,0,0,0,0,0,0,0
schip,0,0,0,0,0,0,0,0,0,0
hesje,0,0,0,0,0,0,0,0,0,0
gevestigd,0,0,0,0,0,0,0,0,0,0
vestibule,0,0,0,0,0,0,0,0,0,0
overblijfsel,0,0,0,0,0,0,0,0,0,0
dierenarts,0,0,0,0,0,0,0,0,0,0
veteraan,0,0,0,0,0,0,1,0,0,1
dierenarts,0,0,0,0,0,0,0,0,0,0
veto,1,0,0,0,0,1,0,0,0,0
levensvatbaarheid,0,0,0,0,0,0,0,0,0,0
realistisch,0,0,0,0,0,0,0,0,0,0
viaduct,0,0,0,0,0,0,0,0,0,0
flacon,0,0,0,0,0,0,0,0,0,0
trillen,0,0,0,0,0,0,0,0,0,0
trillingen,0,0,0,0,0,0,0,0,0,0
trillend,0,0,0,0,0,0,0,0,0,0
dominee,0,0,0,0,0,0,1,0,0,1
plaatsvervangend,0,0,0,0,0,0,0,0,0,0
zonde,0,0,0,0,0,1,0,0,0,0
nabijheid,0,0,0,0,0,0,0,0,0,0
gemeen,1,0,1,0,0,1,0,0,0,0
slachtoffer,1,0,0,1,0,1,0,1,0,0
slachtoffer,1,0,1,1,0,1,0,1,1,0
Victor,0,0,0,0,1,0,1,0,0,0
Victoria,0,0,0,0,0,0,0,0,0,0
zegevierend,0,0,0,0,1,0,1,0,0,0
zege,0,1,0,0,1,0,1,0,0,1
videoband,0,0,0,0,0,0,0,0,0,0
vie,0,0,0,0,0,0,0,0,0,0
visie,0,0,0,0,0,0,0,0,0,0
waken,0,1,0,0,0,0,0,0,0,0
waakzaamheid,0,1,0,0,0,0,1,0,0,1
voorzichtig,0,0,0,1,0,0,1,0,0,1
vignet,0,0,0,0,0,0,0,0,0,0
kracht,0,0,0,0,0,0,1,0,0,0
krachtig,0,0,0,0,0,0,1,0,0,1
viking,0,0,0,0,0,0,0,0,0,0
villa,0,0,0,0,0,0,0,0,0,0
dorp,0,0,0,0,0,0,0,0,0,0
dorpeling,0,0,0,0,0,0,1,0,0,1
schurk,0,0,0,1,0,1,0,0,0,0
schurkachtig,1,0,1,1,0,1,0,0,0,0
vinaigrette,0,0,0,0,0,0,0,0,0,0
rechtvaardigen,1,0,0,0,0,0,0,0,0,0
betuigd,0,0,0,0,0,0,1,0,0,0
rechtvaardiging,0,1,0,0,1,0,1,0,0,1
wraakzuchtig,1,0,1,0,0,1,0,0,0,0
azijn,0,0,0,0,0,0,0,0,0,0
wijngaard,0,0,0,0,0,0,0,0,0,0
altviool,0,0,0,0,0,0,0,0,0,0
overtreding,1,0,0,1,0,1,0,1,1,0
geweld,1,0,0,1,0,1,0,1,0,0
gewelddadig,1,0,1,1,0,1,0,0,1,0
met geweld,1,0,1,1,0,1,0,1,0,0
paars,0,0,0,0,0,0,0,0,0,0
viool,0,0,0,0,0,0,0,0,0,0
violist,0,0,0,0,0,0,0,0,0,0
adder,0,0,0,1,0,1,0,0,0,0
maagd,0,0,0,0,0,0,1,0,0,1
maagdelijkheid,0,1,0,0,0,0,1,0,0,0
virologie,0,0,0,0,0,0,0,0,0,0
virtueel,0,0,0,0,0,0,0,0,0,0
virtueel,0,0,0,0,0,0,0,0,0,0
deugd,0,0,0,0,0,0,1,0,0,1
virtuoos,0,0,0,0,0,0,0,0,0,0
deugdzaam,0,0,0,0,1,0,1,0,0,1
virulentie,1,0,0,1,0,1,0,0,0,0
virus,0,0,0,0,0,1,0,0,0,0
Visa,0,0,0,0,0,0,0,0,0,0
gezicht,0,0,0,0,0,0,0,0,0,0
viscositeit:,0,0,0,0,0,0,0,0,0,0
stroperig,0,0,0,0,0,0,0,0,0,0
bankschroef,0,0,0,0,0,0,0,0,0,0
zichtbaarheid,0,0,0,0,0,0,0,0,0,0
zichtbaar,0,0,0,0,0,0,0,0,0,0
zichtbaar,0,0,0,0,0,0,0,0,0,0
visie,0,1,0,0,0,0,1,0,0,0
visionair,0,1,0,0,1,0,1,0,0,1
op bezoek komen,0,0,0,0,0,0,1,0,0,0
visitatie,0,0,0,0,0,1,0,0,0,0
op bezoek,0,0,0,0,0,0,0,0,0,0
bezoeker,0,1,0,0,1,0,1,0,0,0
vizier,0,1,0,0,0,0,0,0,1,0
uitzicht,0,0,0,0,0,0,0,0,0,0
visueel,0,0,0,0,0,0,0,0,0,0
visualiseren,0,0,0,0,0,0,0,0,0,0
van vitaal belang,0,0,0,0,0,0,1,0,0,0
vitaliteit,0,0,0,0,1,0,1,0,0,1
glasvocht,0,0,0,0,0,0,0,0,0,0
levendig,0,0,0,0,1,0,1,0,0,0
levendig,0,0,0,0,1,0,1,0,0,0
vixen,0,0,0,0,0,1,0,0,0,0
vocabulaire,0,0,0,0,0,0,1,0,0,0
vocaal,0,0,0,0,0,0,0,0,0,0
zanger,0,0,0,0,0,0,0,0,0,0
roeping,0,0,0,0,0,0,0,0,0,0
mode,0,0,0,0,0,0,0,0,0,0
stem,0,0,0,0,0,0,0,0,0,0
stemloos,0,0,0,0,0,0,0,0,0,0
leegte,0,0,0,0,0,0,0,0,0,0
wisselvalligheid,1,1,0,1,0,1,0,0,1,0
vulkanisch,0,0,0,0,0,0,0,0,0,0
vulkaan,0,0,0,1,0,1,0,0,1,0
wil,0,0,0,0,0,0,0,0,0,0
volley,0,0,0,0,0,0,0,0,0,0
voltmeter,0,0,0,0,0,0,0,0,0,0
volume,0,0,0,0,0,0,0,0,0,0
volumineus,0,0,0,0,0,0,0,0,0,0
vrijwillig,0,0,0,0,0,0,0,0,0,0
vrijwillig,0,0,0,0,0,0,0,0,0,0
vrijwilliger,0,1,0,1,1,0,1,0,0,1
vrijwilligerswerk,0,0,0,0,0,0,0,0,0,0
vrijwilligers,0,0,0,0,0,0,0,0,0,1
wulps,0,1,0,0,1,0,1,0,0,0
braaksel,0,0,1,0,0,0,0,0,0,0
braken,0,0,0,0,0,1,0,0,0,0
voodoo,0,0,0,0,0,1,0,0,0,0
vraatzuchtig,0,0,0,0,0,0,0,0,0,0
draaikolk,0,0,0,0,0,0,0,0,0,0
stemmen,1,1,0,0,1,1,1,1,1,1
stemmen,0,0,0,0,0,0,0,0,0,0
votief,0,0,0,0,0,0,0,0,0,1
instaan,0,0,0,0,0,0,1,0,0,1
bon,0,0,0,0,0,0,0,0,0,1
gelofte,0,1,0,0,1,0,1,0,0,1
medeklinker,0,0,0,0,0,0,0,0,0,0
reis,0,1,0,0,0,0,0,0,0,0
reiziger,0,0,0,0,0,0,0,0,0,0
vulgair,0,0,1,0,0,1,0,0,0,0
vulgariteit,1,0,1,0,0,1,0,1,0,0
kwetsbaarheid,0,0,0,1,0,1,0,1,0,0
kwetsbaar,0,0,0,0,0,0,0,0,0,0
gier,0,0,1,1,0,1,0,0,0,0
dichtproppen,0,0,0,0,0,0,0,0,0,0
waden,0,0,0,0,0,0,0,0,0,0
wafeltje,0,0,0,0,0,0,0,0,0,0
wafel,1,0,0,0,0,1,0,1,0,0
kwispelen,0,0,0,0,0,0,0,0,0,0
weddenschap,0,0,0,0,0,0,0,0,0,0
loon,0,0,0,0,1,0,1,0,0,0
wagen,0,0,0,0,0,0,0,0,0,0
jammeren,0,0,0,1,0,1,0,1,0,0
taille,0,0,0,0,0,0,0,0,0,0
vest,0,0,0,0,0,0,0,0,0,0
wacht,0,1,0,0,0,1,0,0,0,0
bediende,0,0,0,0,0,0,0,0,0,0
aan het wachten,0,0,0,0,0,0,0,0,0,0
afzien,0,0,0,0,0,0,0,0,0,0
wakker worden,0,0,0,0,0,0,0,0,0,0
wandelen,0,0,0,0,0,0,0,0,0,0
wandelaar,0,0,0,0,0,0,0,0,0,0
muur,0,0,0,0,0,0,0,0,0,0
portemonnee,0,0,0,0,0,0,0,0,0,0
wentelen,0,0,1,0,0,1,0,1,0,0
okkernoot,0,0,0,0,0,0,0,0,0,0
wals,0,0,0,0,0,0,0,0,0,0
wan,0,0,0,1,0,1,0,1,0,0
toverstok,0,0,0,0,0,0,0,0,0,0
dwalen,0,0,0,0,0,0,0,0,0,0
zwerver,0,0,0,0,0,0,0,0,0,0
dwalen,0,0,0,0,0,0,0,0,0,0
afnemen,0,0,0,0,0,1,0,1,0,0
afnemend,0,0,0,0,0,0,0,0,0,0
willen,0,0,0,0,0,1,0,1,0,0
oorlog,0,0,0,1,0,1,0,0,0,0
grasmus,0,0,0,0,0,0,0,0,0,0
afdeling,0,0,0,0,0,0,0,0,0,0
bewaker,1,0,0,1,0,1,0,0,0,1
garderobe,0,0,0,0,0,0,0,0,0,0
ware,0,0,0,1,0,1,0,0,0,0
magazijn,0,0,0,0,0,0,0,0,0,0
oorlogvoering,1,0,0,1,0,1,0,1,0,0
oorlogszuchtig,1,0,0,1,0,1,0,0,0,0
tovenaar,0,0,0,1,0,0,0,0,0,0
opwarming,0,0,0,0,0,0,0,0,0,0
waarschuwen,0,1,0,1,0,1,0,0,1,1
waarschuwde,0,1,0,1,0,0,0,0,1,0
waarschuwing,0,0,0,1,0,0,0,0,0,0
kromtrekken,1,0,0,0,0,1,0,1,0,0
kromgetrokken,0,0,0,0,0,1,0,0,0,0
borg,0,0,0,0,0,0,0,0,0,0
gegarandeerd,0,0,0,0,0,0,0,0,0,0
warrants,0,0,0,0,0,0,0,0,0,0
garantie,0,0,0,0,0,0,1,0,0,1
warren,0,0,0,0,0,0,0,0,0,0
strijder,1,0,0,1,0,0,1,0,0,0
wrat,0,0,1,0,0,1,0,0,0,0
behoedzaam,0,0,0,1,0,0,0,0,0,0
wassen,0,0,0,0,0,0,0,0,0,0
wassen,0,0,0,0,0,0,0,0,0,0
uitwassen,0,0,0,0,0,0,0,0,0,0
wesp,0,0,0,0,0,0,0,0,0,0
afval,0,0,1,0,0,1,0,0,0,0
stomdronken,1,0,1,0,0,1,0,0,0,0
verspillend,1,0,1,0,0,1,0,1,0,0
verspillen,0,0,1,1,0,1,0,1,0,0
horloge,0,1,0,1,0,0,0,0,0,0
waakhond,0,0,0,0,0,0,1,0,0,1
waakzaam,0,0,0,0,0,0,1,0,0,1
wachter,0,0,0,0,0,0,1,0,0,1
water,0,0,0,0,0,0,0,0,0,0
waterloop,0,0,0,0,0,0,0,0,0,0
bewaterd,0,0,0,0,0,0,0,0,0,0
waterbestendig,0,0,0,0,0,0,1,0,0,0
waterwerken,0,0,0,0,0,0,0,0,0,0
waterig,0,0,0,0,0,1,0,0,0,0
Golf,0,0,0,0,0,0,0,0,0,0
wankelen,0,0,0,1,0,1,0,0,0,0
wankelend,0,0,0,0,0,0,0,0,0,0
golven,0,0,0,0,0,0,0,0,0,0
golvend,0,0,0,0,0,0,0,0,0,0
was-,0,0,0,0,0,0,0,0,0,0
wasachtig,0,0,0,0,0,0,0,0,0,0
manieren,0,0,0,0,0,0,0,0,0,0
eigenzinnig,0,0,0,0,0,0,0,0,0,0
verzwakt,0,0,0,0,0,1,0,0,0,0
zwak,0,0,0,1,0,1,0,1,0,0
zwakheid,0,0,0,0,0,1,0,0,0,0
rijkdom,0,0,0,0,1,0,1,0,0,1
rijk,0,0,0,0,0,0,0,0,0,0
wapen,0,0,0,0,0,0,0,0,0,0
dragen,0,0,0,0,0,1,0,0,0,1
vermoeid,0,0,0,0,0,1,0,1,0,0
vermoeidheid,0,0,0,0,0,1,0,1,0,0
dragen,0,0,0,0,0,0,0,0,0,0
vermoeidheid,0,0,0,0,0,1,0,1,0,0
het weer,0,0,0,0,0,0,0,0,0,0
verweerd,0,0,0,0,0,0,0,0,0,0
weerbestendig,0,0,0,0,0,0,1,0,0,0
weven,0,0,0,0,0,0,0,0,0,0
web,0,0,0,0,0,0,0,0,0,0
trouwen,0,0,0,0,0,0,0,0,0,0
getrouwd,0,0,0,0,0,0,0,0,0,0
wig,0,0,0,0,0,0,0,0,0,0
wee,0,0,0,0,0,0,0,0,0,0
gras,0,0,0,0,0,0,0,0,0,0
Wieden,0,0,0,0,0,0,0,0,0,0
onkruid,0,0,0,0,0,1,0,1,0,0
onkruid,0,0,0,0,0,0,0,0,0,0
week,0,0,0,0,0,0,0,0,0,0
wekelijks,0,0,0,0,0,0,0,0,0,0
huilen,0,0,0,0,0,1,0,1,0,0
huilend,0,0,0,0,0,0,0,1,0,0
wegen,0,1,0,0,0,0,0,0,0,1
weging,0,0,0,0,0,0,0,0,0,0
gewicht,0,1,1,1,1,1,1,1,1,1
gewichtloos,0,0,0,0,0,0,0,0,0,0
gewichten,0,0,0,0,0,0,0,0,0,0
gewichtig,0,0,0,1,0,0,0,0,0,0
stuw,0,0,0,0,0,0,0,0,0,0
vreemd,0,0,1,0,0,1,0,0,0,0
raar,0,0,0,1,0,1,0,0,0,0
welkom,0,0,0,0,1,0,1,0,0,0
lassen,0,0,0,0,0,0,0,0,0,0
welzijn,0,0,0,0,0,0,0,0,0,0
bron,0,0,0,0,0,0,0,0,0,0
welt,0,0,0,0,0,0,0,0,0,0
wen,0,0,0,0,0,1,0,0,0,0
deern,1,0,1,0,0,1,0,0,0,0
westers,0,0,0,0,0,0,0,0,0,0
nat,0,0,0,0,0,0,0,0,0,0
mep,0,0,0,0,0,1,0,0,0,0
walvis,0,0,0,0,0,0,0,0,0,0
whaha,0,0,0,0,0,0,0,0,0,0
werf,0,0,0,0,0,0,0,0,0,0
wat dan ook,0,0,0,0,0,0,0,0,0,0
wiel,0,0,0,0,0,0,0,0,0,0
wielen,0,0,0,0,0,0,0,0,0,0
verblijfplaats,0,0,0,0,0,0,0,0,0,0
daarom,0,0,0,0,0,0,0,0,0,0
waarmede,0,0,0,0,0,0,0,0,0,0
middelen,0,0,0,0,0,0,0,0,0,0
wat?,0,0,0,0,0,0,0,0,0,0
vleugje,0,0,0,0,0,0,0,0,0,0
terwijl,0,0,0,0,0,0,0,0,0,0
opwelling,0,1,0,0,1,1,0,0,1,0
janken,0,0,0,1,0,0,0,1,0,0
grillig,0,0,0,0,1,0,0,0,0,0
eigenzinnigheid,0,0,0,0,0,0,0,0,0,0
zeuren,0,0,1,0,0,1,0,1,0,0
zweep,1,0,0,0,0,1,0,0,0,0
werveling,0,0,0,0,0,0,0,0,0,0
draaikolk,0,0,0,1,0,0,0,0,0,0
wervelwind,0,0,0,1,0,1,0,0,0,0
garde,0,0,0,0,0,0,0,0,0,0
snorhaar,0,0,0,0,0,0,0,0,0,0
whisky,0,0,0,0,0,1,0,0,0,0
fluisteren,0,0,0,0,0,0,0,0,0,0
fluisterde,0,0,0,0,0,0,0,0,0,0
fluit,0,0,0,0,0,0,0,0,0,0
wit,0,0,0,0,0,0,0,0,0,0
witheid,0,0,0,0,1,0,1,0,0,0
witachtig,0,0,0,0,0,0,0,0,0,0
whizz,0,0,0,0,0,0,0,0,0,0
gezond,0,0,0,0,0,0,1,0,0,1
geheel,0,0,0,0,0,0,0,0,0,0
oeps,0,0,0,0,0,0,0,0,0,0
onvoorstelbaar,0,0,0,0,0,0,0,0,0,0
hoer,0,0,1,0,0,1,0,0,0,0
lont,0,0,0,0,0,0,0,0,0,0
slecht,0,0,0,1,0,1,0,0,0,0
slechtheid,0,0,1,0,0,1,0,0,0,0
rieten,0,0,0,0,0,0,0,0,0,0
wicket,0,0,0,0,0,0,1,0,0,0
breed,0,0,0,0,0,0,0,0,0,0
op grote schaal,0,0,0,0,0,0,0,0,0,0
verbreden,0,0,0,0,0,0,0,0,0,0
wijd verspreid,0,0,0,0,0,0,1,0,0,0
weduwe,0,0,0,0,0,0,0,1,0,0
weduwnaar,0,0,0,0,0,0,0,1,0,0
breedte,0,0,0,0,0,0,0,0,0,0
hanteren,0,0,0,0,0,0,0,0,0,0
vrouw,0,0,0,0,0,0,0,0,0,0
pruik,0,0,0,0,0,0,0,0,0,0
wight,0,0,0,0,0,0,0,0,0,0
wild,0,0,0,0,0,1,0,0,1,0
wilde kat,0,0,0,0,0,1,0,0,0,0
wildernis,0,1,0,1,0,0,0,1,0,0
wildvuur,0,0,0,1,0,1,0,1,1,0
opzettelijk,1,0,0,0,0,1,0,1,0,0
gewillig,0,0,0,0,0,0,1,0,0,0
bereidheid,0,0,0,0,0,0,1,0,0,0
wilg,0,0,0,0,0,0,0,0,0,0
verwelkt,0,0,0,0,0,0,0,0,0,0
sluw,0,0,0,0,0,0,0,0,0,0
watje,0,0,1,1,0,1,0,0,0,0
watje,1,0,1,1,0,1,0,1,0,0
huiveren,1,0,1,1,0,1,0,1,0,0
lier,0,0,0,0,0,0,0,0,0,0
wind,0,0,0,0,0,0,0,0,0,0
meevaller,0,0,0,0,0,0,1,0,0,0
opwinden,0,0,0,0,0,0,0,0,0,0
windmolen,0,0,0,0,0,0,0,0,0,0
venster,0,0,0,0,0,0,0,0,0,0
winderig,0,0,0,0,0,0,0,0,0,0
wijn,0,0,0,0,0,0,0,0,0,0
vleugel,0,0,0,0,0,0,0,0,0,0
gevleugeld,0,0,0,0,0,0,0,0,0,0
knipoog,0,0,0,0,0,0,0,0,0,0
winnaar,0,1,0,0,1,0,1,0,1,0
winnen,0,1,1,0,1,0,1,1,1,1
winst,0,1,0,0,1,0,1,0,0,0
winter,0,0,0,0,0,0,0,0,0,0
winters,0,0,0,0,0,0,0,0,0,0
afvegen,0,0,0,0,0,0,0,0,0,0
draad,0,0,0,0,0,0,0,0,0,0
draadloze,1,1,0,0,0,0,1,0,1,0
wijs,0,0,0,0,0,0,1,0,0,0
wijsheid,0,0,0,0,0,0,1,0,0,1
verstandig,0,0,0,0,0,0,1,0,0,0
wensachtig,0,1,0,0,0,0,0,0,0,0
weemoedig,0,0,0,0,0,0,0,0,0,0
met,0,0,0,0,0,0,1,0,0,0
heks,1,0,1,1,0,1,0,0,0,0
hekserij,1,0,0,1,0,1,0,1,0,0
metal,0,0,0,0,0,0,0,0,0,0
terugtrekken,0,0,0,0,0,1,0,1,0,0
opname,0,0,0,0,0,0,0,0,0,0
verdorren,0,0,0,0,0,1,0,1,0,0
verdord,0,0,1,0,0,1,0,0,0,0
weerstaan,0,1,0,1,0,0,1,0,0,0
getuige,0,0,0,0,0,0,0,0,0,1
verstand,0,0,0,0,0,0,1,0,0,0
geestig,0,0,0,0,1,0,1,0,0,0
tovenaar,0,1,0,0,0,0,1,0,1,0
wee,0,0,1,1,0,1,0,1,0,0
jammerlijk,0,0,0,0,0,1,0,1,0,0
jammerlijk,0,0,1,0,0,1,0,1,0,0
vrouwelijkheid,0,0,0,0,0,0,0,0,0,0
vrouwelijk,0,0,0,0,0,0,0,0,0,0
baarmoeder,0,0,0,0,0,0,1,0,0,0
prachtig,0,0,0,0,1,0,1,0,1,1
wonderbaarlijk,0,0,0,0,1,0,1,0,1,0
wonderbaarlijk,0,0,0,0,0,0,1,0,0,0
zal niet,0,1,0,0,0,0,0,0,0,0
woo,0,0,0,0,0,0,0,0,0,0
hout,0,0,0,0,0,0,0,0,0,0
houtsnede,0,0,0,0,0,0,0,0,0,0
houten,0,0,0,0,0,0,0,0,0,0
bossen,0,0,0,0,0,0,0,0,0,0
houtachtig,0,0,0,0,0,0,0,0,0,0
vrijen,0,0,0,0,0,0,0,0,0,0
wol,0,0,0,0,0,0,0,0,0,0
wollig,0,0,0,0,0,0,0,0,0,0
woop,1,0,0,0,0,0,0,0,0,0
woord,0,0,0,0,0,0,1,0,0,1
bewoording,0,0,0,0,0,0,0,0,0,0
woorden,1,0,0,0,0,1,0,0,0,0
langdradig,0,0,0,0,0,0,0,0,0,0
werk,0,0,0,0,0,0,0,0,0,0
werkboek,0,0,0,0,0,0,0,0,0,0
arbeider,0,0,0,0,0,0,0,0,0,0
werkend,0,0,0,0,0,0,1,0,0,0
werkman,0,0,0,0,0,0,0,0,0,0
vakmanschap,0,0,0,0,0,0,0,0,0,0
werkplek,0,0,0,0,0,0,0,0,0,0
werken,0,0,0,0,0,0,0,0,0,0
werkplaats,0,0,0,0,0,0,0,0,0,0
wereld-,0,0,0,0,0,0,0,0,0,0
werelds,0,0,0,0,0,0,0,0,0,0
wereldwijd,0,0,0,0,0,0,0,0,0,0
worm,0,1,0,0,0,1,0,0,1,0
versleten,0,0,0,0,0,1,0,1,0,0
bezorgd,0,0,0,0,0,1,0,1,0,0
zich zorgen maken,0,1,0,1,0,1,0,1,0,0
zorgen maken,0,1,0,1,0,1,0,1,0,0
slechter,0,0,0,1,0,1,0,1,0,0
verslechtering,0,0,1,0,0,1,0,1,0,0
aanbidding,0,1,0,1,1,0,1,0,0,1
waard,0,0,0,0,0,0,1,0,0,0
waardeloos,1,0,1,0,0,1,0,1,0,0
waardig,0,0,0,0,0,0,1,0,0,1
wat?,0,0,0,0,0,0,1,0,0,1
wond,1,0,0,1,0,1,0,1,0,0
ruziemaker,0,0,0,0,0,0,0,0,0,0
ruzie maken,1,0,1,1,0,1,0,1,0,0
wrap,0,0,0,0,0,0,0,0,0,0
wikkel,0,0,0,0,0,0,0,0,0,0
inpakken,0,0,0,0,0,0,0,0,0,0
toorn,1,0,0,1,0,1,0,0,0,0
aanrichten,1,0,0,0,0,1,0,0,0,0
lauwerkrans,0,0,0,0,0,0,0,0,0,0
wrak,1,0,1,1,0,1,0,1,1,0
vernield,1,0,0,1,0,1,0,1,0,0
moersleutel,0,0,0,0,0,1,0,0,0,0
worstelen,0,0,0,0,0,0,0,0,0,0
worstelen,0,0,0,0,0,0,0,0,0,0
worstelaar,0,0,0,0,0,0,0,0,0,0
worstelen,0,0,0,0,0,1,0,0,0,0
ellendeling,1,0,1,0,0,1,0,1,0,0
ellendig,0,0,1,0,0,1,0,1,0,0
wright,0,0,0,0,0,0,0,0,0,0
wringen,1,0,0,0,0,0,0,0,0,0
rimpel,0,0,0,0,0,0,0,0,0,0
gerimpeld,0,0,0,0,0,0,0,1,0,0
pols,0,0,0,0,0,0,0,0,0,0
polsbandje,0,0,0,0,0,0,0,0,0,0
polshorloge,0,0,0,0,0,0,0,0,0,0
schrijven,0,0,0,0,0,0,0,0,0,0
schrijven,0,0,0,0,0,0,0,0,0,0
auteur,0,0,0,0,0,0,1,0,0,0
schrijven,0,0,0,0,0,0,0,0,0,0
geschreven,0,0,0,0,0,0,0,0,0,0
mis,0,0,0,0,0,1,0,0,0,0
wangedrag,1,0,1,0,0,1,0,1,0,0
onrechtmatig,1,0,1,0,0,1,0,1,0,0
ten onrechte,1,0,0,1,0,1,0,1,0,0
gesmeed,0,0,0,0,0,1,0,0,0,0
wrang,0,0,0,0,0,1,0,0,0,0
vreemdelingenhaat,0,0,0,1,0,1,0,0,0,0
Xerox,0,0,0,0,0,0,0,0,0,0
jacht,0,0,0,0,0,0,0,0,0,0
zeilen,0,0,0,0,0,0,0,0,0,0
jak,0,0,0,0,0,0,0,0,0,0
yam,0,0,0,0,0,0,0,0,0,0
yank,0,0,0,0,0,0,0,0,0,0
tuin,0,0,0,0,0,0,0,0,0,0
garen,0,0,0,0,0,0,0,0,0,0
yaw,0,0,0,0,0,0,0,0,0,0
gaap,0,0,0,0,0,1,0,0,0,0
geeuwen,0,0,0,0,0,1,0,0,0,0
ja,0,0,0,0,0,0,0,0,0,0
jaar,0,0,0,0,0,0,0,0,0,0
jaarboek,0,0,0,0,0,0,0,0,0,0
eenjarig,0,0,0,0,0,0,0,0,0,0
jaarlijks,0,0,0,0,0,0,0,0,0,0
verlangen,0,0,0,0,0,0,0,0,0,0
verlangend,0,1,0,0,1,1,1,0,0,1
jaar,0,0,0,0,0,0,0,0,0,0
gist,0,0,0,0,0,0,0,0,0,0
gillen,1,0,0,1,0,1,0,0,1,0
geel,0,0,0,0,0,0,0,0,0,0
geel,0,0,0,0,0,1,0,0,0,0
gillen,1,0,0,1,0,1,0,0,1,0
yeoman,0,0,0,0,0,0,0,0,0,0
gisteren,0,0,0,0,0,0,0,0,0,0
weleer,0,0,0,0,0,0,0,0,0,0
taxus,0,0,0,0,0,0,0,0,0,0
opbrengst,0,0,0,0,0,0,0,0,0,0
toegevend,0,0,0,0,0,0,0,0,0,0
yogi,0,0,0,0,0,0,0,0,0,0
juk,0,0,0,0,0,0,0,0,0,0
dooier,0,0,0,0,0,0,0,0,0,0
yon,0,0,0,0,0,0,0,0,0,0
daarginds,0,0,0,0,0,0,0,0,0,0
jeugd,1,1,0,1,1,0,1,0,1,0
zany,0,0,0,0,0,0,0,0,1,0
zap,0,0,0,0,0,0,0,0,0,0
ijver,0,1,0,0,1,0,1,0,1,1
ijveraar,0,0,0,0,0,0,0,0,0,0
ijverig,0,0,0,0,1,0,1,0,0,1
zebra,0,0,0,0,0,0,0,0,0,0
zenit,0,0,0,0,0,0,0,0,0,0
zefier,0,0,0,0,0,0,0,0,0,0
zeppelin,0,0,0,0,0,0,0,0,0,0
animo,0,1,0,0,1,0,1,0,0,1
zip,0,0,0,0,0,1,0,0,0,0
dierenriem,0,0,0,0,0,0,0,0,0,0
zone,0,0,0,0,0,0,0,0,0,0
dierentuin,0,0,0,0,0,0,0,0,0,0
zoölogisch,0,0,0,0,0,0,0,0,0,0
zoölogie,0,0,0,0,0,0,0,0,0,0
zoom,0,0,0,0,0,0,0,0,0,0
