Finnish Word,anger,anticipation,disgust,fear,joy,negative,positive,sadness,surprise,trust
hämmästynyt,0,0,0,0,0,0,0,0,0,0
abacus,0,0,0,0,0,0,0,0,0,1
luopua,0,0,0,1,0,1,0,1,0,0
hylätty,1,0,0,1,0,1,0,1,0,0
hylkääminen,1,0,0,1,0,1,0,1,1,0
laantua,0,0,0,0,0,0,0,0,0,0
vähentäminen,0,0,0,0,0,0,0,0,0,0
abba,0,0,0,0,0,0,1,0,0,0
apotti,0,0,0,0,0,0,0,0,0,1
lyhentää,0,0,0,0,0,0,0,0,0,0
lyhenne,0,0,0,0,0,0,0,0,0,0
vatsa,0,0,0,0,0,0,0,0,0,0
vatsan-,0,0,0,0,0,0,0,0,0,0
sieppaus,0,0,0,1,0,1,0,1,1,0
poikkeava,0,0,0,0,0,1,0,0,0,0
poikkeama,0,0,1,0,0,1,0,0,0,0
keskeytys,0,0,0,0,0,0,0,0,0,0
inhoaa,1,0,1,1,0,1,0,0,0,0
vastenmielistä,1,0,1,1,0,1,0,0,0,0
pysyä,0,0,0,0,0,0,0,0,0,0
kyky,0,0,0,0,0,0,1,0,0,0
surkea,0,0,1,0,0,1,0,0,0,0
ablaatio,0,0,0,0,0,0,0,0,0,0
ilmiliekeissä,0,0,0,0,0,0,0,0,0,0
epänormaalia,0,0,1,0,0,1,0,0,0,0
kyytiin,0,0,0,0,0,0,0,0,0,0
asuinpaikka,0,0,0,0,0,0,0,0,0,0
poistaa,1,0,0,0,0,1,0,0,0,0
poistaminen,0,0,0,0,0,1,0,0,0,0
inhottavaa,0,0,1,1,0,1,0,0,0,0
kauhistus,1,0,1,1,0,1,0,0,0,0
aboriginaali,0,0,0,0,0,0,0,0,0,0
keskeyttää,0,0,0,0,0,1,0,0,0,0
abortti,0,0,1,1,0,1,0,1,0,0
epäonnistunut,0,0,0,0,0,1,0,1,0,0
runsaasti,0,0,0,0,0,0,0,0,0,0
yllämainittu,0,0,0,0,0,0,1,0,0,0
hankausta,0,0,0,0,0,1,0,0,0,0
ulkomailla,0,0,0,0,0,0,0,0,0,0
kumota,0,0,0,0,0,1,0,0,0,0
äkillinen,0,0,0,0,0,0,0,0,1,0
yhtäkkiä,0,0,0,0,0,0,0,0,0,0
paise,0,0,0,0,0,1,0,1,0,0
poissaolo,0,0,0,1,0,1,0,1,0,0
poissa,0,0,0,0,0,1,0,1,0,0
poissaolija,0,0,0,0,0,1,0,1,0,0
poissaolot,0,0,0,0,0,1,0,0,0,0
absintti,0,0,0,0,0,0,0,0,0,0
ehdoton,0,0,0,0,0,0,1,0,0,0
anteeksianto,0,0,0,0,1,0,1,0,0,1
imeytyy,0,0,0,0,0,0,1,0,0,0
imukykyinen,0,0,0,0,0,0,0,0,0,0
imevää,0,0,0,0,0,0,0,0,0,0
imeytyminen,0,0,0,0,0,0,0,0,0,0
pidättäytyä äänestämästä,0,0,0,0,0,0,0,0,0,0
tyhjää,0,0,0,0,0,0,0,0,0,0
raittiutta,0,0,0,0,0,0,0,0,0,0
abstrakti,0,0,0,0,0,0,0,0,0,0
abstraktio,0,0,0,0,0,0,0,0,0,0
absurdia,0,0,0,0,0,1,0,0,0,0
absurdia,0,0,0,0,0,1,0,0,0,0
yltäkylläisyys,0,1,1,0,1,1,1,0,0,1
runsas,0,0,0,0,1,0,1,0,0,0
väärinkäyttö,1,0,1,1,0,1,0,1,0,0
abutmentti,0,0,0,0,0,0,0,0,0,0
aby,0,0,0,0,0,0,0,0,0,0
synkkä,0,0,0,0,0,1,0,1,0,0
kuiluun,0,0,0,1,0,1,0,1,0,0
akateeminen,0,0,0,0,0,0,1,0,0,1
akatemia,0,0,0,0,0,0,1,0,0,0
liittyä,0,0,0,0,0,0,0,0,0,0
kiihdyttää,0,1,0,0,0,0,0,0,0,0
kiihtyvyys,0,0,0,0,0,0,0,0,0,0
aksentti,0,0,0,0,0,0,0,0,0,0
korostaa,0,0,0,0,0,0,0,0,0,0
hyväksyä,0,0,0,0,0,0,0,0,0,0
hyväksyttävää,0,0,0,0,0,0,1,0,0,0
hyväksyminen,0,0,0,0,0,0,1,0,0,0
pääsy,0,0,0,0,0,0,0,0,0,0
saatavilla,0,0,0,0,0,0,1,0,0,0
liittyminen,0,0,0,0,0,0,0,0,0,0
lisävaruste,0,0,0,0,0,0,0,0,0,0
onnettomuus,0,0,0,1,0,1,0,1,1,0
vahingossa,0,0,0,1,0,1,0,0,1,0
vahingossa,0,0,0,0,0,0,0,0,1,0
kunnianosoitus,0,1,0,0,1,0,1,0,1,1
majoittaa,0,0,0,0,0,0,0,0,0,0
majoitus,0,0,0,0,0,0,1,0,0,0
säestys,0,1,0,0,1,0,1,0,0,1
mukana,0,0,0,0,0,0,0,0,0,0
mukana,0,0,0,0,0,0,0,0,0,0
rikoskumppani,0,0,0,0,0,0,0,0,0,0
saavuttaa,0,0,0,0,1,0,1,0,0,0
saavutettu,0,0,0,0,1,0,1,0,0,0
saavutus,0,0,0,0,0,0,1,0,0,0
sopimusta,0,0,0,0,0,0,1,0,0,1
mukaisesti,0,0,0,0,0,0,0,0,0,0
harmonikka,0,0,0,0,0,0,0,0,0,0
tili,0,0,0,0,0,0,0,0,0,1
vastuullisuus,0,0,0,0,0,0,1,0,0,1
vastuussa,0,0,0,0,0,0,1,0,0,1
kirjanpitäjä,0,0,0,0,0,0,0,0,0,1
kirjanpito,0,0,0,0,0,0,0,0,0,0
tilit,0,0,0,0,0,0,0,0,0,1
akkreditoitu,0,0,0,0,0,0,1,0,0,1
vesijättö,0,0,0,0,0,0,0,0,0,0
kertyä,0,0,0,0,0,0,0,0,0,0
accueil,0,0,0,0,0,0,1,0,0,0
kerääntyä,0,0,0,0,0,0,0,0,0,0
kertyminen,0,0,0,0,0,0,0,0,0,0
tarkkuus,0,0,0,0,0,0,0,0,0,0
tarkka,0,0,0,0,0,0,1,0,0,1
kirottu,1,0,0,1,0,1,0,1,0,0
syytös,1,0,1,0,0,1,0,0,0,0
akkusatiivi,0,0,0,0,0,1,0,0,0,0
syytetty,1,0,0,1,0,1,0,0,0,0
syyttäjä,1,0,0,1,0,1,0,0,0,0
syyttävä,1,0,0,1,0,1,0,0,0,0
tottunut,0,0,0,0,0,0,0,0,0,0
ässä,0,0,0,0,0,0,1,0,0,0
etikka,0,0,0,0,0,0,0,0,0,0
särky,0,0,0,0,0,1,0,1,0,0
saavuttaa,0,0,0,0,1,0,1,0,0,1
saavutus,0,1,0,0,1,0,1,0,0,1
kipeä,0,0,0,0,0,1,0,1,0,0
happoa,0,0,0,0,0,1,0,0,0,0
happamuus,0,0,0,0,0,0,0,0,0,0
tunnustaa,0,0,0,0,0,0,0,0,0,0
tunnustettu,0,0,0,0,0,0,0,0,0,0
tunnustus,0,0,0,0,0,0,1,0,0,0
acme,0,0,0,0,0,0,0,0,0,0
akustinen,0,0,0,0,0,0,0,0,0,0
akustiikka,0,0,0,0,0,0,0,0,0,0
tutustua,0,0,0,0,0,0,0,0,0,0
tuttavuus,0,0,0,0,0,0,0,0,0,0
tuttu,0,0,0,0,0,0,0,0,0,0
suostumus,0,0,0,0,0,0,0,0,0,0
hankkia,0,0,0,0,0,0,1,0,0,0
hankkiminen,0,1,0,0,0,0,1,0,0,0
hankinta,0,0,0,0,0,0,0,0,0,0
hankinnat,0,0,0,0,0,0,0,0,0,0
pinta-ala,0,0,0,0,0,0,0,0,0,0
eekkeriä,0,0,0,0,0,0,0,0,0,0
akrobaatti,0,0,0,1,1,0,1,0,0,1
toimia,0,0,0,0,0,0,0,0,0,0
näytteleminen,0,0,0,0,0,0,0,0,0,0
toiminta,0,0,0,0,0,0,1,0,0,0
toimintakelpoinen,1,0,1,0,0,1,0,0,0,0
aktiivinen,0,0,0,0,0,0,0,0,0,0
toiminta,0,0,0,0,0,0,0,0,0,0
näyttelijä,0,0,0,0,0,0,0,0,0,0
todellinen,0,0,0,0,0,0,1,0,0,0
todellisuus,0,0,0,0,0,0,0,0,0,0
aktuaari,0,0,0,0,0,0,0,0,0,0
terävyys,0,0,0,0,0,0,1,0,0,0
älykkyyttä,0,0,0,0,0,0,1,0,0,0
akupunktio,0,0,0,0,0,0,0,0,0,0
akuutisti,0,0,0,0,0,0,0,0,0,0
Sanonta,0,0,0,0,0,0,0,0,0,0
järkkymätön,0,0,0,0,0,0,0,0,0,0
sopeutua,0,0,0,0,0,0,1,0,0,0
mukautuva,0,0,0,0,0,0,1,0,0,0
lisätä,0,0,0,0,0,0,0,0,0,0
lisätty,0,0,0,0,0,0,0,0,0,0
lisäys,0,0,0,0,0,0,0,0,0,0
lisäin,1,0,1,1,0,1,0,1,0,0
riippuvuus,0,0,0,0,0,1,0,0,0,0
lisäys,0,0,0,0,0,0,0,0,0,0
lisää,0,0,0,0,0,0,0,0,0,0
lisäaine,0,0,0,0,0,0,0,0,0,0
osoite,0,0,0,0,0,0,0,0,0,0
vastaanottaja,0,0,0,0,0,0,0,0,0,0
osoitteita,0,1,0,0,0,0,1,0,0,0
taitava,0,0,0,0,0,0,1,0,0,0
riittävyyttä,0,0,0,0,0,0,1,0,0,0
riittävä,0,0,0,0,0,0,0,0,0,0
kiinni,0,0,0,0,0,0,0,0,0,0
sitoutuminen,0,0,0,0,0,0,0,0,0,0
noudattava,0,0,0,0,0,0,0,0,0,0
kiinni,0,0,0,0,0,0,0,0,0,1
adheesiota,0,0,0,0,0,0,0,0,0,0
liima,0,0,0,0,0,0,0,0,0,0
hyvästi,0,0,0,0,0,0,0,0,0,0
rasvainen,0,0,0,0,0,1,0,0,0,0
läheisyys,0,0,0,0,0,0,0,0,0,0
vieressä,0,0,0,0,0,0,0,0,0,0
adjektiivi,0,0,0,0,0,0,0,0,0,0
viereinen,0,0,0,0,0,0,0,0,0,0
lykätä,0,0,0,0,0,0,0,0,0,0
lykkäys,0,0,0,0,0,0,0,0,0,0
tuomitsemaan,0,0,0,1,0,1,0,0,0,0
tuomio,0,0,0,0,0,0,0,0,0,0
lisäaine,0,0,0,0,0,0,1,0,0,0
säätää,0,0,0,0,0,0,0,0,0,0
säätö,0,0,0,0,0,0,0,0,0,0
adjuvantti,0,0,0,0,0,0,0,0,0,0
hallinnoida,0,0,0,0,0,0,0,0,0,0
hallinto,0,0,0,0,0,0,0,0,0,0
hallinnollinen,0,0,0,0,0,0,0,0,0,1
ihailtavaa,0,0,0,0,1,0,1,0,0,1
amiraali,0,0,0,0,0,0,1,0,0,1
amiraliteetti,0,0,0,0,0,0,0,0,0,0
ihailua,0,0,0,0,1,0,1,0,0,1
ihailla,0,0,0,0,0,0,1,0,0,1
ihailija,0,0,0,0,0,0,1,0,0,0
tutkittavaksi ottamisen edellytykset,0,0,0,0,0,0,0,0,0,0
hyväksyttäväksi,0,0,0,0,0,0,1,0,0,1
sisäänpääsy,0,0,0,0,0,0,0,0,0,0
myöntää,0,0,0,0,0,0,0,0,0,0
pääsy,0,0,0,0,0,0,0,0,0,0
hyväksytty,0,0,0,0,0,0,0,0,0,0
myöntää,0,0,0,0,0,0,0,0,0,0
sekoitusta,0,0,0,0,0,0,0,0,0,0
kehotus,0,0,0,1,0,1,0,0,0,0
ado,0,0,0,0,0,0,0,0,0,0
Adobe,0,0,0,0,0,0,0,0,0,0
teini-iässä,0,0,0,0,0,0,0,0,0,0
teini-ikäinen,0,0,0,0,0,0,0,0,0,0
adoptoida,0,0,0,0,0,0,0,0,0,0
hyväksyminen,0,0,0,0,0,0,0,0,0,0
ihana,0,0,0,0,1,0,1,0,0,0
palvonta,0,0,0,0,1,0,1,0,0,1
jumaloida,0,1,0,0,1,0,1,0,0,1
koristaa,0,0,0,0,0,0,0,0,0,0
koristelu,0,0,0,0,0,0,0,0,0,0
tuuliajolla,0,1,0,1,0,1,0,1,0,0
aikuinen,0,0,0,0,0,0,0,0,0,0
väärennetty,0,0,0,0,0,1,0,0,0,0
aviorikos,0,0,1,0,0,1,0,1,0,0
etukäteen,0,1,0,1,1,0,1,0,1,0
pitkälle kehittynyt,0,0,0,0,0,0,1,0,0,0
edistymistä,0,0,0,0,0,0,1,0,0,0
etenee,0,0,0,0,0,0,0,0,0,0
etu,0,0,0,0,0,0,1,0,0,0
edullinen,0,0,0,0,0,0,1,0,0,0
adventti,0,1,0,0,1,0,1,0,0,1
seikkailu,0,1,0,0,0,0,1,0,0,0
seikkailija,0,0,0,0,0,0,0,0,0,0
seikkailunhaluinen,0,0,0,0,0,0,1,0,0,0
vastustaja,1,0,0,0,0,1,0,0,0,0
haitallisia,1,0,1,1,0,1,0,1,0,0
vastoinkäymisiä,1,0,0,1,0,1,0,1,0,0
mainostaa,0,0,0,0,0,0,0,0,0,0
mainos,0,0,0,0,0,0,0,0,0,0
neuvoja,0,0,0,0,0,0,0,0,0,1
suositeltavaa,0,0,0,0,0,0,1,0,0,1
neuvoa,0,0,0,0,0,0,1,0,0,1
neuvoi,0,0,0,0,0,0,0,0,0,1
neuvoja,0,0,0,0,0,0,0,0,0,0
neuvonantaja,0,0,0,0,0,0,1,0,0,1
edunvalvonta,1,1,0,0,1,0,1,0,0,1
edustaa,0,0,0,0,0,0,0,0,0,1
egis,0,0,0,0,0,0,0,0,0,0
ilmastus,0,0,0,0,0,0,0,0,0,0
antenni,0,0,0,0,0,0,0,0,0,0
lentopaikka,0,0,0,0,0,0,0,0,0,0
aerodynamiikka,0,0,0,0,0,0,0,0,0,0
ilmailu,0,0,0,0,0,0,0,0,0,0
lentokone,0,0,0,0,0,0,0,0,0,0
esteettinen,0,0,0,0,0,0,1,0,0,0
estetiikka,0,0,0,0,1,0,1,0,0,0
etiologia,0,0,0,0,0,0,0,0,0,0
kaukaa,0,0,0,0,0,0,0,0,0,0
ystävällinen,0,0,0,0,0,0,1,0,0,0
asia,0,0,0,0,0,0,0,0,0,0
vaikuttavat,0,0,0,0,0,0,0,0,0,0
kiintymystä,0,0,0,0,1,0,1,0,0,1
kiintymyksiä,0,0,0,0,0,0,0,0,0,0
affiche,0,0,0,0,0,0,0,0,0,0
valaehtoinen todistus,0,0,0,0,0,0,0,0,0,0
sidoksissa,0,0,0,0,0,0,1,0,0,0
kuuluminen,0,0,0,0,0,0,0,0,0,0
affiniteetti,0,0,0,0,0,0,0,0,0,0
vahvistaa,0,0,0,0,0,0,1,0,0,1
vahvistusta,0,0,0,0,0,0,1,0,0,0
myöntävä,0,0,0,0,0,0,1,0,0,0
myöntävästi,0,0,0,0,0,0,1,0,0,1
kiinnittää,0,0,0,0,0,0,0,0,0,0
vaivata,0,0,0,1,0,1,0,1,0,0
kärsinyt,0,0,0,0,0,1,0,0,0,0
vaivaa,0,0,1,1,0,1,0,1,0,0
vaurautta,0,0,0,0,1,0,1,0,0,0
varakkaita,0,0,0,0,0,0,1,0,0,0
olla varaa,0,0,0,0,0,0,1,0,0,0
loukkaus,1,0,1,1,0,1,0,1,1,0
ulkopuolella,0,0,0,0,0,0,0,0,0,0
edellä,0,0,0,0,0,0,0,0,0,0
yllä mainitut,0,0,0,0,0,0,0,0,0,0
edellä mainittu,0,0,0,0,0,0,0,0,0,0
peloissaan,0,0,0,1,0,1,0,0,0,0
uudelleen,0,0,0,0,0,0,0,0,0,0
perä,0,0,0,0,0,0,0,0,0,0
jälkimainingeissa,1,0,1,1,0,1,0,1,0,0
iltapäivällä,0,0,0,0,0,0,0,0,0,0
jälkimaku,0,0,0,0,0,1,0,0,0,0
jälkikäteen,0,0,0,0,0,0,0,0,0,0
aga,0,0,0,1,0,0,1,0,0,1
akaatti,0,0,0,0,0,0,0,0,0,0
ikä,0,0,0,0,0,0,0,0,0,0
ikääntynyt,0,0,0,0,0,0,0,0,0,0
virasto,0,0,0,0,0,0,0,0,0,0
agentti,0,0,0,0,0,0,0,0,0,0
taajama,0,0,0,0,0,0,0,0,0,0
pahentunut,1,0,0,0,0,1,0,0,0,0
raskauttava,1,0,0,0,0,1,0,1,0,0
paheneminen,1,0,1,0,0,1,0,0,0,0
aggregaatti,0,0,0,0,0,0,0,0,0,0
yhdistäminen,0,0,0,0,0,0,0,0,0,0
aggressiota,1,0,0,1,0,1,0,0,0,0
aggressiivinen,1,0,0,1,0,1,0,0,0,0
hyökkääjä,1,0,0,1,0,1,0,0,0,0
kauhistuneena,0,0,1,1,0,1,0,0,1,0
ketterä,0,0,0,0,0,0,1,0,0,0
ketteryyttä,0,0,0,0,0,0,1,0,0,0
kiihtynyt,1,0,0,0,0,1,0,0,0,0
agitaatiota,1,0,0,0,0,1,0,0,0,0
agnostikko,0,0,0,0,0,0,0,0,0,0
sitten,0,0,0,0,0,0,0,0,0,0
tuskallinen,0,0,0,1,0,1,0,0,0,0
tuska,1,0,0,1,0,1,0,1,0,0
olla samaa mieltä,0,0,0,0,0,0,1,0,0,0
miellyttävä,0,0,0,0,0,0,1,0,0,1
sovittu,0,0,0,0,0,0,1,0,0,1
samaa mieltä,0,0,0,0,0,0,1,0,0,1
sopimus,0,0,0,0,0,0,1,0,0,1
maatalous,0,0,0,0,0,0,0,0,0,0
maataloudessa,0,0,0,0,0,0,1,0,0,0
karille,0,0,0,0,0,1,0,0,0,0
agua,0,0,0,0,0,0,0,0,0,0
eteenpäin,0,0,0,0,0,0,1,0,0,0
apu,0,0,0,0,0,0,1,0,0,0
auttamassa,0,0,0,0,0,0,1,0,0,0
ail,0,0,0,0,0,1,0,1,0,0
sairaana,0,0,0,1,0,1,0,1,0,0
sairaus,0,0,0,0,0,0,0,0,0,0
tavoite,0,0,0,0,0,0,0,0,0,0
päämäärätön,0,0,0,0,0,1,0,0,0,0
ilmaa,0,0,0,0,0,0,0,0,0,0
turvatyyny,0,0,0,0,0,0,0,0,0,0
ilmakuljetus,0,0,0,0,0,0,0,0,0,0
lentoyhtiö,0,0,0,0,0,0,0,0,0,0
lentäjä,0,0,0,0,0,0,0,0,0,0
lentokone,0,0,0,0,0,0,0,0,0,0
lentokenttä,0,1,0,0,0,0,0,0,0,0
ilmaistaan,0,0,1,0,0,1,0,0,0,0
ilmalaiva,0,0,0,0,0,0,0,0,0,0
käytävä,0,0,0,0,0,0,0,0,0,0
ait,0,0,0,0,0,0,0,0,0,0
raollaan,0,0,0,0,0,0,0,0,0,0
samanlainen,0,0,0,0,0,0,0,0,0,1
alabasteri,0,0,0,0,0,0,1,0,0,0
hälytys,0,0,0,1,0,1,0,0,1,0
hälyttävä,0,0,0,1,0,1,0,0,1,0
alb,0,0,0,0,0,0,0,0,0,1
albumi,0,0,0,0,0,0,0,0,0,0
alkemia,0,0,0,0,0,0,0,0,0,0
alkoholia,0,0,0,0,0,0,0,0,0,0
alkoholismi,1,0,1,1,0,1,0,1,0,0
alkovi,0,0,0,0,0,0,0,0,0,0
hälytys,0,0,0,0,0,0,0,0,0,0
valppautta,0,1,0,1,0,0,1,0,1,0
hälytyksiä,0,1,0,1,0,0,0,0,1,0
sinimailanen,0,0,0,0,0,0,0,0,0,0
algebra,0,0,0,0,0,0,0,0,0,0
algebrallinen,0,0,0,0,0,0,0,0,0,0
algoritmi,0,0,0,0,0,0,0,0,0,0
alibi,0,0,0,0,0,0,0,0,0,0
ulkomaalainen,0,0,1,1,0,1,0,0,0,0
vieraannuttaa,1,0,1,0,0,1,0,0,0,0
vieraantunut,0,0,0,0,0,1,0,1,0,0
vieraantuminen,1,0,1,1,0,1,0,1,0,0
palamaan,0,0,0,0,0,0,0,0,0,0
kohdistettu,0,0,0,0,0,0,0,0,0,0
linjaus,0,0,0,0,0,0,0,0,0,0
yhtä lailla,0,0,0,0,0,0,0,0,0,0
ravintoa,0,0,0,0,0,0,1,0,0,0
elatusapu,0,0,0,0,0,1,0,0,0,0
alikvootti,0,0,0,0,0,0,0,0,0,0
elossa,0,1,0,0,1,0,1,0,0,1
alkali,0,0,0,0,0,0,0,0,0,0
alkaloidit,0,0,0,0,0,0,0,0,0,0
lievittää,0,0,0,0,0,0,1,0,0,0
väite,1,0,0,0,0,1,0,0,0,0
väittää,0,0,0,0,0,1,0,0,0,0
väitetty,0,0,0,0,0,0,0,0,0,0
uskollisuutta,0,0,0,0,0,0,1,0,0,1
allegorinen,0,0,0,0,0,0,0,0,0,0
allegoria,0,0,0,0,0,0,0,0,0,0
allegro,0,0,0,0,0,0,1,0,0,0
lievittää,0,0,0,0,0,0,1,0,0,0
lievitystä,0,0,0,0,0,0,1,0,0,0
kuja,0,0,0,0,0,0,0,0,0,0
liittouma,0,0,0,0,0,0,0,0,0,1
liittolainen,0,0,0,0,0,0,1,0,0,1
alligaattori,0,0,0,0,0,0,0,0,0,0
jakaa,0,0,0,0,0,0,0,0,0,0
jakaminen,0,0,0,0,0,0,0,0,0,0
jakaa,0,0,0,0,0,0,0,0,0,0
siirtolapuutarha,0,0,0,0,0,0,0,0,0,0
sallittu,0,0,0,0,0,0,1,0,0,0
korvaus,0,0,0,0,0,0,0,0,0,0
sallittu,0,0,0,0,0,0,0,0,0,0
metalliseos,0,0,0,0,0,0,0,0,0,0
viehätys,0,1,0,0,1,0,1,0,1,0
houkutteleva,0,0,0,0,0,0,1,0,0,0
viittaus,0,0,0,0,0,0,0,0,0,0
tulva-,0,0,0,0,0,0,0,0,0,0
liittolainen,0,0,0,0,0,0,1,0,0,1
kalenteri,0,0,0,0,0,0,0,0,0,0
kaikkivaltias,0,0,0,0,0,0,1,0,0,0
korkealla,0,0,0,0,0,0,0,0,0,0
aloha,0,1,0,0,1,0,1,0,0,0
rinnalla,0,0,0,0,0,0,0,0,0,0
syrjässä,0,0,0,0,0,1,0,0,0,0
ääneen,0,0,0,0,0,0,0,0,0,0
aakkoset,0,0,0,0,0,0,0,0,0,0
aakkosjärjestyksessä,0,0,0,0,0,0,0,0,0,0
alttari,0,0,0,0,0,0,0,0,0,0
muuttaa,0,0,0,0,0,0,0,0,0,0
muutosta,0,0,0,0,0,0,0,0,0,0
kiista,1,0,0,0,0,1,0,0,0,0
muutettu,0,0,0,0,0,0,0,0,0,0
vaihtoehtoinen,0,0,0,0,0,0,0,0,0,0
vaihtoehto,0,0,0,0,0,0,0,0,0,0
korkeus,0,0,0,0,0,0,0,0,0,0
altto,0,0,0,0,0,0,0,0,0,0
yhteensä,0,0,0,0,0,0,0,0,0,0
alumni,0,0,0,0,0,0,0,0,0,0
alveolaarinen,0,0,0,0,0,0,0,0,0,0
amalgaami,0,0,0,0,0,0,0,0,0,0
yhdistäminen,0,0,0,0,0,0,0,0,0,0
koota,0,0,0,0,0,0,0,0,0,0
amatööri,0,0,0,0,0,0,0,0,0,0
hämmästyttää,0,0,0,0,0,0,0,0,1,0
hämmästys,0,0,0,0,0,0,0,0,0,0
mahtavasti,0,0,0,0,1,0,1,0,1,0
suurlähettiläs,0,0,0,0,0,0,1,0,0,1
keltainen,0,0,0,0,0,0,0,0,0,0
ambient,0,0,0,0,0,0,0,0,0,0
epäselvyyttä,0,0,0,0,0,0,0,0,0,0
epäselvä,0,0,0,0,0,1,0,0,0,0
laajuus,0,0,0,0,0,0,0,0,0,0
kunnianhimoa,0,1,0,0,1,0,1,0,0,1
kunnianhimoinen,0,0,0,0,0,0,0,0,0,0
ambulanssi,0,0,0,1,0,0,0,0,0,1
väijytys,1,0,0,1,0,1,0,0,1,0
parantaa,0,0,0,0,0,0,1,0,0,0
aamen,0,0,0,0,1,0,1,0,0,1
sovittavissa,0,0,0,0,0,0,1,0,0,0
muuttaa,0,0,0,0,0,0,1,0,0,0
muutos,0,0,0,0,0,0,0,0,0,0
muuttaa,0,0,0,0,0,0,1,0,0,0
viihtyisyyttä,0,0,0,0,0,0,1,0,0,0
ametisti,0,0,0,0,0,0,0,0,0,0
rakastettava,0,0,0,0,0,0,1,0,0,0
ystävällinen,0,0,0,0,1,0,1,0,0,0
keskellä,0,0,0,0,0,0,0,0,0,0
keskellä,0,0,0,0,0,0,0,0,0,0
ammoniakkia,0,0,1,0,0,0,0,0,0,0
ammukset,0,0,0,0,0,0,0,0,0,0
amnesia,0,0,0,0,0,1,0,0,0,0
armahdus,0,0,0,0,1,0,1,0,0,0
amorfinen,0,0,0,0,0,0,0,0,0,0
poistot,0,0,0,0,0,0,0,0,0,1
määrä,0,0,0,0,0,0,0,0,0,0
rakkaus,0,1,0,0,1,0,1,0,0,1
et-merkki,0,0,0,0,0,0,0,0,0,0
amfetamiinit,0,0,1,0,0,1,0,0,0,0
sammakkoeläin,0,0,0,0,0,0,0,0,0,0
amfibinen,0,0,0,0,0,0,0,0,0,0
amfiteatteri,0,0,0,0,0,0,0,0,0,0
vahvistusta,0,0,0,0,0,0,0,0,0,0
vahvistaa,0,0,0,0,0,0,0,0,0,0
amplitudi,0,0,0,0,0,0,0,0,0,0
runsaasti,0,0,0,0,0,0,0,0,0,0
amputaatio,0,0,0,0,0,0,0,0,0,0
amuletti,0,0,0,0,0,0,0,0,0,0
huvittaa,0,0,0,0,1,0,1,0,0,0
huvittunut,0,0,0,0,1,0,1,0,0,0
huvi,0,0,0,0,1,0,1,0,0,0
huvittava,0,0,0,0,1,0,1,0,0,0
ana,0,0,0,0,0,0,0,0,0,0
anakonda,0,0,1,1,0,1,0,0,0,0
anestesia,0,0,0,0,0,0,0,0,0,0
anestesia,0,0,0,0,0,0,0,0,0,0
anaali-,0,0,0,0,0,1,0,0,0,0
kipulääke,0,0,0,0,0,0,0,0,0,0
analoginen,0,0,0,0,0,0,0,0,0,0
analoginen,0,0,0,0,0,0,0,0,0,0
analogia,0,0,0,0,0,0,0,0,0,0
analyysi,0,0,0,0,0,0,0,0,0,0
analyytikko,0,1,0,0,0,0,1,0,0,1
analyyttinen,0,0,0,0,0,0,0,0,0,0
analysoida,0,0,0,0,0,0,0,0,0,0
analysaattori,0,0,0,0,0,0,0,0,0,0
anarkismi,1,0,0,1,0,1,0,0,0,0
anarkisti,1,0,0,1,0,1,0,0,0,0
anarkia,1,0,0,1,0,1,0,0,0,0
anastomoosi,0,0,0,0,0,0,0,0,0,0
anthema,1,0,1,1,0,1,0,1,0,0
anatominen,0,0,0,0,0,0,0,0,0,0
anatomia,0,0,0,0,0,0,0,0,0,0
esi-isä,0,0,0,0,0,0,0,0,0,0
esi-isien,0,0,0,0,0,0,0,0,0,1
syntyperä,0,0,0,0,0,0,0,0,0,0
ankkuri,0,0,0,0,0,0,1,0,0,0
ankkuripaikka,0,0,0,0,0,0,1,1,0,0
muinainen,0,0,0,0,0,1,0,0,0,0
liitännäinen,0,0,0,0,0,0,0,0,0,0
androgeeni,0,0,0,0,0,0,0,0,0,0
anemone,0,0,0,0,0,0,0,0,0,0
uudelleen,0,0,0,0,0,0,0,0,0,0
enkeli,0,1,0,0,1,0,1,0,1,1
enkeli,0,0,0,0,1,0,1,0,0,1
suututtaa,1,0,0,0,0,1,0,0,0,0
angina pectoris,0,0,0,1,0,1,0,0,0,0
angiografia,0,0,0,0,0,0,0,0,0,0
kulma,0,0,0,0,0,0,0,0,0,0
onkimista,0,1,0,0,0,1,0,0,0,0
vihainen,1,0,1,0,0,1,0,0,0,0
tuskaa,1,0,0,1,0,1,0,1,0,0
kulmikas,0,0,0,0,0,0,0,0,0,0
vedetön,0,0,0,0,0,0,0,0,0,0
eläin,0,0,0,0,0,0,0,0,0,0
animoida,0,0,0,0,0,0,1,0,0,0
animoitu,0,0,0,0,1,0,1,0,0,0
animaatio,0,0,0,0,0,0,0,0,0,0
vihamielisyyttä,1,0,1,1,0,1,0,1,0,0
animus,1,0,0,0,0,1,0,0,0,0
nilkka,0,0,0,0,0,0,0,0,0,0
vuosikirjat,0,0,0,0,0,0,0,0,0,0
liite,0,0,0,0,0,0,0,0,0,0
liittäminen,0,0,0,0,0,0,0,0,0,0
liite,0,0,0,0,0,0,0,0,0,0
tuhota,1,0,0,1,0,1,0,0,0,0
tuhottu,1,0,0,1,0,1,0,1,0,0
tuhoaminen,1,0,0,1,0,1,0,1,0,0
kommentoida,0,0,0,0,0,0,0,0,0,0
huomautus,0,0,0,0,0,0,0,0,0,0
ilmoittaa,0,0,0,0,0,0,0,0,0,0
ilmoitus,0,1,0,0,0,0,0,0,0,0
ärsyttää,1,0,1,0,0,1,0,0,0,0
ärsyttävyys,1,0,1,0,0,1,0,0,0,0
ärsyttävä,1,0,0,0,0,1,0,0,0,0
annuiteetti,0,0,0,0,0,0,0,0,0,0
mitätöidä,0,0,0,0,0,1,0,0,0,0
rengasmainen,0,0,0,0,0,0,0,0,0,0
kumoaminen,0,0,0,0,0,1,0,1,0,0
rengas,0,0,0,0,0,0,0,0,0,0
voitelu,0,0,0,0,0,0,0,0,0,0
epänormaalia,0,0,0,0,0,0,0,0,0,0
poikkeavuus,0,0,0,1,0,1,0,0,1,0
anon,0,0,0,0,0,0,0,0,0,0
anonyymi,0,0,0,0,0,1,0,0,0,0
vastaus,0,0,0,0,0,0,0,0,0,0
vastuussa,0,0,0,0,0,0,0,0,0,1
vastaamalla,0,0,0,0,0,0,0,0,0,0
muurahainen,0,0,0,0,0,0,0,0,0,0
antagonismi,1,0,0,0,0,1,0,0,0,0
antagonisti,1,0,0,0,0,1,0,0,0,0
antagonistinen,1,0,1,0,0,1,0,0,0,0
ante,0,0,0,0,0,0,0,0,0,0
edeltäjä,0,0,0,0,0,0,0,0,0,0
antilooppi,0,0,0,0,0,0,0,0,0,0
antenni,0,0,0,0,0,0,0,0,0,0
etuosa,0,0,0,0,0,0,0,0,0,0
hymni,0,0,0,0,0,0,0,0,0,0
antologia,0,0,0,0,0,0,0,0,0,0
pernarutto,0,0,1,1,0,1,0,1,0,0
antropologia,0,0,0,0,0,0,0,0,0,0
antibiootti,0,0,0,0,0,0,0,0,0,0
antibiootteja,0,0,0,0,0,0,1,0,0,0
antikristus,1,0,1,1,0,1,0,0,0,0
ennakointi,0,1,0,0,0,0,0,0,0,0
ennakoiva,0,1,0,0,0,0,0,0,0,0
vastalääke,0,1,0,0,0,0,1,0,0,1
sienilääke,0,0,0,0,0,0,1,0,0,1
antimonia,0,0,0,0,0,0,0,0,0,0
antipatia,1,0,1,0,0,1,0,0,0,0
antikvaarinen,0,0,0,0,0,0,0,0,0,0
vanhentunut,0,0,0,0,0,1,0,0,0,0
antiikki-,0,0,0,0,0,0,1,0,0,0
antiikin,0,0,0,0,0,0,0,0,0,0
antiseptinen,0,0,0,0,0,0,1,0,0,1
epäsosiaalinen,1,0,1,1,0,1,0,1,0,0
antiteesi,1,0,0,0,0,1,0,0,0,0
antiteettinen,0,0,0,0,0,0,0,0,0,0
antiviraalinen,0,0,0,0,0,0,0,0,0,0
sarvi,0,0,0,0,0,0,0,0,0,0
alasin,0,0,0,0,0,0,0,0,0,0
ahdistusta,1,1,0,1,0,1,0,1,0,0
ahdistunut,0,1,0,1,0,1,0,0,0,0
aortta,0,0,0,0,0,0,0,0,0,0
nopeasti,0,0,0,0,0,0,0,0,0,0
apache,0,0,0,1,0,1,0,0,0,0
huoneisto,0,0,0,0,0,0,0,0,0,0
apaattinen,0,0,0,0,0,1,0,1,0,0
apatia,0,0,0,0,0,1,0,1,0,0
apina,0,0,0,0,0,0,0,0,0,0
aukko,0,0,0,0,0,0,0,0,0,0
huippu,0,0,0,0,0,0,0,0,0,0
kirva,0,0,1,0,0,1,0,0,0,0
palanen,0,0,0,0,0,0,0,0,0,0
aplomb,0,0,0,0,0,0,1,0,0,0
apokalyptinen,0,0,0,0,0,0,0,0,0,0
anteeksipyytävä,0,0,0,0,0,0,1,0,0,1
anteeksipyyntö,0,0,0,0,0,0,0,0,0,0
pyydä anteeksi,0,0,0,0,0,0,1,1,0,1
anteeksipyyntö,0,0,0,0,0,0,1,0,0,0
luopumus,0,0,0,0,0,0,0,0,0,0
luopio,0,0,0,0,0,0,0,0,0,0
apostoli,0,0,0,0,0,0,1,0,0,1
apostolinen,0,0,0,0,0,0,0,0,0,1
heittomerkki,0,0,0,0,0,0,0,0,0,0
kauhistuttavaa,0,0,1,1,0,1,0,0,0,0
laitteet,0,0,0,0,0,0,0,0,0,0
vaatteet,0,0,0,0,0,0,0,0,0,0
ilmeisesti,0,0,0,0,0,0,0,0,0,0
ilmestys,0,0,0,1,0,0,0,0,1,0
vetoomus,0,1,0,0,0,0,0,0,0,0
ulkomuoto,0,0,0,0,0,0,0,0,0,0
rauhoitella,0,0,0,0,0,0,0,0,0,0
valittaja,0,0,0,0,0,0,0,0,0,0
liittää,0,0,0,0,0,0,0,0,0,0
lisäke,0,0,0,0,0,0,0,0,0,0
umpilisäkkeen tulehdus,0,0,0,1,0,1,0,1,0,0
liite,0,0,0,0,0,0,0,0,0,0
ruokahalu,0,0,0,0,0,0,0,0,0,0
alkupala,0,0,0,0,0,0,0,0,0,0
suosionosoitukset,0,0,0,0,1,0,1,0,1,1
omena,0,0,0,0,0,0,0,0,0,0
laite,0,0,0,0,0,0,0,0,0,0
kodinkoneet,0,0,0,0,0,0,0,0,0,0
sovellettavuus,0,0,0,0,0,0,0,0,0,0
sovellettavissa,0,0,0,0,0,0,0,0,0,0
hakija,0,1,0,0,0,0,0,0,0,0
sovellus,0,0,0,0,0,0,0,0,0,0
Käytä,0,0,0,0,0,0,0,0,0,0
nimittää,0,0,0,0,0,0,0,0,0,0
nimittäminen,0,0,0,0,0,0,0,0,0,0
tapaamisia,0,0,0,0,0,0,0,0,0,0
jakaa,0,0,0,0,0,0,0,0,0,0
jako,0,0,0,0,0,0,0,0,0,0
arvioida,0,0,0,0,0,0,0,0,0,0
tuntuva,0,0,0,0,0,0,0,0,0,0
arvostusta,0,0,0,0,1,0,1,0,0,1
ottaa kiinni,0,0,0,1,0,0,0,0,0,0
pelko,0,0,0,1,0,1,0,0,0,0
levoton,0,1,0,1,0,1,0,0,0,0
oppipoika,0,0,0,0,0,0,0,0,0,1
oppisopimuskoulutus,0,0,0,0,0,0,0,0,0,0
lähestyä,0,0,0,0,0,0,0,0,0,0
lähestyy,0,1,0,0,0,0,0,0,0,0
hyväksyntä,0,0,0,0,0,0,1,0,0,1
määräraha,0,0,0,0,0,1,0,0,0,0
hyväksyminen,0,0,0,0,0,0,1,0,0,0
hyväksyä,0,0,0,0,1,0,1,0,0,1
hyväksyvä,0,0,0,0,0,0,1,0,0,0
lähentää,0,0,0,0,0,0,0,0,0,0
suunnilleen,0,0,0,0,0,0,0,0,0,0
likimääräinen,0,0,0,0,0,0,0,0,0,0
likiarvo,0,0,0,0,0,0,0,0,0,0
tarvikkeet,0,0,0,0,0,0,0,0,0,0
esiliina,0,0,0,0,0,0,0,0,0,0
apt,0,0,0,0,0,0,1,0,0,0
soveltuvuus,0,0,0,0,0,0,1,0,0,0
aqua,0,0,0,0,0,0,0,0,0,0
akvamariini,0,0,0,0,0,0,0,0,0,0
akvaario,0,0,0,0,0,0,0,0,0,0
vedessä,0,0,0,0,0,0,0,0,0,0
akvedukti,0,0,0,0,0,0,0,0,0,0
vesipitoinen,0,0,0,0,0,0,0,0,0,0
pelto,0,0,0,0,0,0,0,0,0,0
välimies,0,0,0,0,0,0,0,0,0,1
sovitella,0,0,0,0,0,0,0,0,0,0
välimiesmenettely,0,1,0,0,0,0,0,0,0,0
välimies,0,0,0,0,0,0,0,0,0,1
lehtimaja,0,0,0,0,0,0,0,0,0,0
kaari,0,0,0,0,0,0,0,0,0,0
pelihalli,0,0,0,0,0,0,0,0,0,0
kaari,0,0,0,0,0,0,0,0,0,0
arkeologinen,0,0,0,0,0,0,0,0,0,0
arkeologi,0,0,0,0,0,0,0,0,0,0
arkeologia,0,1,0,0,0,0,1,0,0,0
arkaainen,0,0,0,0,0,1,0,0,0,0
arkkipiispa,0,0,0,0,0,0,0,0,0,0
kaareva,0,0,0,0,0,0,0,0,0,0
jousimies,0,0,0,0,0,0,0,0,0,0
jousiammunta,0,0,0,0,0,0,0,0,0,0
arkkityyppi,0,0,0,0,0,0,0,0,0,0
saaristo,0,0,0,0,0,0,0,0,0,0
arkkitehti,0,0,0,0,0,0,0,0,0,0
arkkitehtuuri,0,0,0,0,0,0,0,0,0,1
arkisto,0,0,0,0,0,0,0,0,0,0
arktinen,0,0,0,0,0,0,0,0,0,0
kiihkeä,0,1,0,0,1,0,1,0,0,0
kiihko,0,0,0,0,0,0,1,0,0,0
vaivalloinen,0,0,0,0,0,1,0,0,0,0
alueella,0,0,0,0,0,0,0,0,0,0
areena,0,0,0,0,0,0,0,0,0,0
areola,0,0,0,0,0,0,0,0,0,0
argentti,0,0,0,0,0,0,0,0,0,0
väitellä,1,0,0,0,0,1,0,0,0,0
Perustelu,1,0,0,0,0,1,0,0,0,0
argumentointia,1,0,0,0,0,0,0,0,0,0
argumentoiva,0,0,0,0,0,1,0,0,0,0
argumentteja,1,0,0,0,0,0,0,0,0,0
kuiva,0,0,0,0,0,1,0,1,0,0
aristokratia,0,0,0,0,0,0,1,0,0,0
aristokraatti,0,0,0,0,0,0,0,0,0,0
aristokraattinen,0,0,0,0,0,0,1,0,0,0
aritmeettinen,0,0,0,0,0,0,0,0,0,0
arkki,0,0,0,0,0,0,0,0,0,0
käsivarsi,0,0,0,0,0,0,0,0,0,0
armada,0,0,0,0,0,0,0,0,0,0
aseistus,1,0,0,1,0,0,0,0,0,0
aseita,0,0,0,1,0,1,0,0,0,0
ankkuri,0,0,0,0,0,0,0,0,0,0
aseistettu,1,0,0,1,0,1,1,0,0,0
panssari,0,0,0,1,0,0,1,0,0,1
panssaroitu,0,0,0,1,0,0,0,0,0,0
asevarasto,0,0,0,0,0,0,0,0,0,1
aseita,0,0,0,0,0,0,0,0,0,0
armeija,0,0,0,0,0,0,0,0,0,0
aromi,0,0,0,0,0,0,1,0,0,0
kiihottumista,0,0,0,0,0,0,0,0,0,0
herättää,0,1,0,0,0,0,1,0,0,0
oikeudenkäynti,1,0,0,1,0,1,0,1,0,0
järjestää,0,0,0,0,0,0,0,0,0,0
järjestetty,0,0,0,0,0,0,0,0,0,0
järjestely,0,0,0,0,0,0,0,0,0,0
joukko,0,0,0,0,0,0,1,0,0,0
maksurästit,0,0,0,0,0,1,0,0,0,0
pidätys,0,0,0,0,0,1,0,0,0,0
saapuminen,0,1,0,0,0,0,0,0,0,0
saapua,0,1,0,0,0,0,0,0,0,0
ylimielisyys,0,0,0,0,0,1,0,0,0,0
ylimielinen,1,0,1,0,0,1,0,0,0,0
nuoli,0,0,0,0,0,0,0,0,0,0
arsenaali,0,0,0,0,0,0,0,0,0,0
arseeni,0,0,1,1,0,1,0,1,0,0
tuhopoltto,1,0,0,1,0,1,0,0,0,0
taide,0,1,0,0,1,0,1,1,1,0
valtimo,0,0,0,0,0,0,0,0,0,0
ovela,0,0,0,0,0,0,0,0,0,0
niveljalkainen,0,0,0,0,0,0,0,0,0,0
artisokka,0,0,0,0,0,0,0,0,0,0
artikla,0,0,0,0,0,0,0,0,0,0
artikkeleita,0,0,0,0,0,0,0,0,0,0
artikuloitu,0,0,0,0,0,0,1,0,0,0
artikulaatio,0,0,0,0,0,0,1,0,0,0
temppu,0,0,0,0,0,0,0,0,0,0
tykistö,0,0,0,1,0,1,0,0,0,0
käsityöläinen,0,0,0,0,0,0,1,0,0,0
taiteilija,0,0,0,0,0,0,0,0,0,0
artiste,0,0,0,0,0,0,1,0,0,0
taiteellinen,0,0,0,0,0,0,1,0,0,0
taiteilijoita,0,0,0,0,0,0,0,0,0,0
nousta,0,0,0,0,0,0,0,0,0,0
valta,0,0,0,0,0,0,1,0,0,0
ylösnousemus,0,0,0,0,0,0,0,0,0,0
nousu,0,0,0,0,0,0,1,0,0,0
todeta,0,0,0,0,0,0,0,0,0,0
todettu,0,0,0,0,0,0,0,0,0,0
askeettinen,0,0,0,0,0,0,0,0,0,0
tuhka,0,0,0,0,0,1,0,0,0,0
hävettää,0,0,1,0,0,1,0,1,0,0
tuhkaa,0,0,0,0,0,1,0,1,0,0
unessa,0,0,0,0,0,0,0,0,0,0
asp,0,0,0,1,0,0,0,0,0,0
aspartaami,0,0,0,0,0,0,0,0,0,0
näkökohta,0,0,0,0,0,0,0,0,0,0
näkökohtia,0,0,0,0,0,0,0,0,0,0
asfaltti,0,0,0,0,0,0,0,0,0,0
pyrkimys,0,1,0,0,1,0,1,0,1,1
pyrkiä,0,1,0,0,1,0,1,0,0,0
pyrkivä,0,1,0,0,1,0,1,0,0,1
perse,0,0,0,0,0,1,0,0,0,0
hyökätä,1,0,0,1,0,1,0,0,1,0
hyökkääjä,1,0,0,1,0,1,0,1,0,0
salamurhaaja,1,0,0,1,0,1,0,1,0,0
murhata,1,0,0,1,0,1,0,0,0,0
salamurha,1,0,0,1,0,1,0,1,0,0
hyökkäys,1,0,0,1,0,1,0,0,0,0
määritys,0,0,0,0,0,0,0,0,0,0
kokoonpano,0,0,0,0,0,0,0,0,0,0
koota,0,0,0,0,0,0,0,0,0,0
koottu,0,0,0,0,0,0,0,0,0,0
kokoonpano,0,0,0,0,0,0,1,0,0,1
suostumus,0,0,0,0,0,0,1,0,0,0
väittää,0,0,0,0,0,0,0,0,0,0
väittäen,0,0,0,0,0,0,1,0,0,1
väite,0,0,0,0,0,0,0,0,0,0
arvioida,0,0,0,0,0,0,0,0,0,0
arviointi,0,0,0,0,0,0,0,0,1,1
arvioija,0,0,0,0,0,0,0,0,0,1
omaisuutta,0,0,0,0,0,0,1,0,0,0
kusipää,1,0,1,0,0,1,0,0,0,0
antaa,0,0,0,0,0,0,0,0,0,0
valtuutettu,0,0,0,0,0,0,0,0,0,1
toimeksianto,0,0,0,0,0,0,0,0,0,0
omaksua,0,0,0,0,0,0,0,0,0,0
assimilaatio,0,0,0,0,0,0,0,0,0,0
avustaa,0,0,0,0,0,0,1,0,0,1
apua,0,0,0,0,0,0,1,0,0,0
avustaja,0,0,0,0,0,0,0,0,0,0
kumppani,0,0,0,0,0,0,1,0,0,1
yhdistys,0,0,0,0,0,0,0,0,0,1
valikoituja,0,0,0,0,0,0,0,0,0,0
lajitelma,0,0,0,0,0,0,0,0,0,0
lievittää,0,0,0,0,0,0,1,0,0,0
oletettu,0,0,0,0,0,0,0,0,0,0
olettaen,0,0,0,0,0,0,0,0,0,0
oletus,0,0,0,0,0,0,0,0,0,0
vakuutus,0,0,0,0,0,0,1,0,0,1
vakuuttaa,0,0,0,0,0,0,0,0,0,1
varma,0,0,0,0,0,0,1,0,0,1
varmasti,0,0,0,0,0,0,0,0,0,1
tähti,0,0,0,0,0,0,0,0,0,0
asteroideja,0,0,0,0,0,0,0,0,0,0
astigmatismi,0,0,0,0,0,0,0,0,0,0
hämmästyttävän,0,0,0,0,0,0,1,0,1,0
hämmästystä,0,0,0,0,1,0,1,0,1,0
astraali,0,0,0,0,0,0,0,0,0,0
harhaan,0,0,0,1,0,1,0,0,0,0
supistava,0,0,0,0,0,1,0,0,0,0
astrologi,0,1,0,0,0,0,1,0,0,0
astrologia,0,0,0,0,0,0,0,0,0,0
astronautti,0,0,0,0,0,0,1,0,0,0
tähtitieteilijä,0,1,0,0,0,0,1,0,0,0
tähtitiede,0,0,0,0,0,0,0,0,0,0
viisas,0,0,0,0,0,0,1,0,0,0
erillään,0,0,0,0,0,0,0,0,0,0
turvapaikka,0,0,0,1,0,1,0,0,0,0
epäsymmetrinen,0,0,0,0,0,0,0,0,0,0
epäsymmetria,0,0,1,0,0,0,0,0,0,0
asymptoottinen,0,0,0,0,0,0,0,0,0,0
ateljee,0,0,0,0,0,0,0,0,0,0
ateismi,0,0,0,0,0,1,0,0,0,0
ateistinen,0,0,0,0,0,0,0,0,0,0
ateroskleroosi,0,0,0,1,0,1,0,1,0,0
urheilija,0,0,0,0,0,0,1,0,0,0
urheilullinen,0,0,0,0,0,0,1,0,0,0
urheilullisuus,0,0,0,0,0,0,0,0,0,0
yleisurheilu,0,0,0,0,0,0,0,0,0,0
atlas,0,0,0,0,0,0,0,0,0,0
tunnelmaa,0,0,0,0,0,0,0,0,0,0
ilmakehän,0,0,0,0,0,0,0,0,0,0
atolli,0,0,0,0,0,0,0,0,0,0
atomi,0,0,0,0,0,0,1,0,0,0
atomi-,0,0,0,0,0,0,0,0,0,0
sovittaa,0,1,0,0,1,0,1,0,0,1
sovitus,0,0,0,0,0,0,1,0,0,0
atrium,0,0,0,0,0,0,0,0,0,0
julmaa,1,0,1,0,0,1,0,0,0,0
julmuutta,1,0,1,1,0,1,0,1,0,0
surkastuminen,0,0,1,1,0,1,0,1,0,0
liittää,0,0,0,0,0,0,0,0,0,0
liite,0,0,0,0,0,0,1,0,0,0
hyökkäys,1,0,0,1,0,1,0,0,0,0
hyökkäämällä,1,0,1,1,0,1,0,1,1,0
saavuttaa,0,0,0,0,0,0,0,0,0,0
saavutettavissa oleva,0,1,0,0,0,0,1,0,0,0
saavuttaminen,0,0,0,0,0,0,1,0,0,0
yrittää,0,1,0,0,0,0,0,0,0,0
läsnäolo,0,1,0,0,0,0,0,0,0,0
hoitaja,0,0,0,0,0,0,1,0,0,1
huomio,0,0,0,0,0,0,1,0,0,0
tarkkaavainen,0,0,0,0,0,0,1,0,0,1
vaimentaa,0,0,0,0,0,0,0,0,0,0
vaimennettu,0,0,0,0,0,1,0,0,0,0
vaimennus,0,0,0,0,0,1,0,1,0,0
todistaa,0,0,0,0,0,0,1,0,0,1
todistus,0,0,0,0,0,0,0,0,0,1
ullakko,0,0,0,0,0,0,0,0,0,0
pukea,0,0,0,0,0,0,0,0,0,0
asenne,0,0,0,0,0,0,0,0,0,0
asianajaja,1,0,0,1,0,0,1,0,0,1
vetovoima,0,0,0,0,0,0,1,0,0,0
houkuttelevuutta,0,0,0,0,0,0,1,0,0,0
johtuu,0,0,0,0,0,0,0,0,0,0
attribuutti,0,0,0,0,0,0,0,0,0,0
attribuutio,0,0,0,0,0,0,0,0,0,0
kuluminen,0,0,0,0,0,0,0,0,0,0
kastanjanruskea,0,0,0,0,0,0,0,0,0,0
Huutokauppa,0,1,0,0,0,0,0,0,0,0
huutokaupanpitäjä,0,0,0,0,0,0,0,0,0,0
rohkea,0,0,0,0,0,0,0,0,0,0
rohkeutta,0,0,0,0,0,1,0,0,0,0
kuultavissa,0,0,0,0,0,0,0,0,0,0
yleisö,0,1,0,0,0,0,0,0,0,0
tarkastaa,0,0,0,0,0,0,0,0,0,0
koe,0,0,0,0,0,0,0,0,0,0
tilintarkastaja,0,0,0,1,0,0,0,0,0,1
auditorio,0,0,0,0,0,0,0,0,0,0
kuulo,0,0,0,0,0,0,0,0,0,0
ei mitään,0,0,0,0,0,0,0,0,0,0
lisätä,0,0,0,0,0,0,1,0,0,0
lisäys,0,0,0,0,0,0,0,0,0,0
elokuu,0,0,0,0,0,0,1,0,0,0
täti,0,0,0,0,0,0,1,0,0,1
aura,0,0,0,0,0,0,1,0,0,0
aurora,0,0,0,0,0,0,0,0,0,0
suojeluksessa,0,0,0,0,0,0,0,0,0,0
lupaava,0,1,0,0,1,0,1,0,0,0
karu,0,0,0,1,0,1,0,1,0,0
ankaruus,0,0,0,0,0,1,0,0,0,0
aito,0,0,0,0,1,0,1,0,0,1
todentaa,0,0,0,0,0,0,0,0,0,1
todennus,0,0,0,0,0,0,0,0,0,1
aitous,0,0,0,0,0,0,1,0,0,1
kirjoittaja,0,0,0,0,0,0,1,0,0,1
arvovaltainen,0,0,0,0,0,0,1,0,0,1
viranomainen,0,0,0,0,0,0,1,0,0,1
valtuutus,0,0,0,0,0,0,1,0,0,1
valtuuttaa,0,0,0,0,0,0,0,0,0,1
valtuutettu,0,0,0,0,0,0,1,0,0,0
tekijä,0,0,0,0,0,0,0,0,0,0
auto,0,0,0,0,0,0,0,0,0,0
omaelämäkerta,0,0,0,0,0,0,0,0,0,0
itsevaltainen,0,0,0,0,0,1,0,0,0,0
nimikirjoitus,0,0,0,0,0,0,0,0,0,0
Automaattinen,0,0,0,0,0,0,0,0,0,1
auto,0,0,0,0,0,0,0,0,0,0
autonomia,0,0,0,0,0,0,0,0,0,0
ruumiinavaus,0,0,1,1,0,1,0,1,0,0
syksy,0,0,0,0,0,0,0,0,0,0
apu,0,0,0,0,0,0,0,0,0,0
hyötyä,0,0,0,0,0,0,0,0,0,0
lumivyöry,0,0,0,1,0,1,0,1,1,0
ahneus,1,0,1,0,0,1,0,0,0,0
hahmo,0,0,0,0,0,0,1,0,0,0
kostaja,1,0,0,0,0,1,0,0,0,0
katu,0,0,0,0,0,0,0,0,0,0
aver,0,0,0,0,0,0,0,0,0,0
keskiverto,0,0,0,0,0,0,0,0,0,0
vastenmielinen,1,0,1,1,0,1,0,0,0,0
vastenmielisyys,1,0,1,1,0,1,0,0,0,0
välttää,0,0,0,0,0,0,0,0,0,0
lintuhuone,0,0,0,0,0,0,0,0,0,0
ilmailu,0,0,0,0,0,0,0,0,0,0
lentäjä,0,0,0,0,0,0,0,0,0,0
innokas,0,0,0,0,0,0,0,0,0,0
avokado,0,0,0,0,0,0,0,0,0,0
välttää,0,0,0,1,0,1,0,0,0,0
välttäminen,0,0,0,1,0,1,0,0,0,0
välttää,0,0,0,1,0,0,0,0,0,0
odottaa,0,1,0,0,0,0,0,0,0,0
hereillä,0,0,0,0,0,0,0,0,0,0
herännyt,0,0,0,0,0,0,0,0,0,0
myöntää,0,1,0,0,1,0,1,0,1,1
kunnioitusta,0,0,0,0,0,0,0,0,0,0
kauheaa,1,0,1,1,0,1,0,1,0,0
kiusallisuus,0,0,1,0,0,1,0,0,0,0
markiisi,0,0,0,0,0,0,0,0,0,0
sekaisin,0,0,0,0,0,1,0,0,0,0
aksiaalinen,0,0,0,0,0,0,0,0,0,0
aksiooma,0,0,0,0,0,0,0,0,0,1
aksiomaattinen,0,0,0,0,0,0,0,0,0,1
akseli,0,0,0,0,0,0,0,0,0,0
akseli,0,0,0,0,0,0,0,0,0,0
oi,0,0,0,0,0,0,1,0,0,0
joo,0,0,0,0,0,0,1,0,0,0
atsimuutti,0,0,0,0,0,0,0,0,0,0
taivaansininen,0,0,0,0,0,0,0,0,0,0
leperrellä,0,0,0,0,0,1,0,0,0,0
höpöttää,0,0,0,0,0,1,0,0,0,0
paviaani,0,0,1,0,0,1,0,0,0,0
vauva,0,0,0,0,1,0,1,0,0,0
lapsenvahti,0,0,0,0,0,0,0,0,0,1
ylioppilastutkinto,0,0,0,0,0,0,1,0,0,0
baccarat,0,0,0,0,0,0,0,0,0,0
poikamies,0,0,0,0,0,0,0,0,0,0
takaisin,0,0,0,0,0,0,0,0,0,0
selkäranka,1,0,0,0,0,0,1,0,0,1
tukija,0,0,0,0,0,0,0,0,0,1
kostautua,0,0,0,0,0,0,0,0,0,0
backgammon,0,0,0,0,0,0,0,0,0,0
tausta,0,0,0,0,0,0,0,0,0,0
kaivuri,0,0,0,0,0,0,0,0,0,0
patikoija,0,0,0,0,0,0,0,0,0,0
perääntyä,0,0,0,0,0,0,0,0,0,0
taaksepäin,0,0,0,0,0,1,0,0,0,0
taaksepäin,0,0,1,0,0,1,0,0,0,0
suvanto,0,0,0,0,0,1,0,1,0,0
bakteerit,0,0,1,1,0,1,0,1,0,0
bakteeri,0,0,1,1,0,1,0,0,0,0
huono,1,0,1,1,0,1,0,1,0,0
kunniamerkki,0,0,0,0,0,0,0,0,0,1
mäyrä,1,0,0,0,0,1,0,0,0,0
huonosti,0,0,0,0,0,1,0,1,0,0
pahuus,1,0,1,1,0,1,0,0,0,0
hämmentää,0,0,0,0,0,0,0,0,0,0
laukku,0,0,0,0,0,0,0,0,0,0
matkatavarat,0,0,0,0,0,0,0,0,0,0
roikkuva,0,0,0,0,0,0,0,0,0,0
säkkipilli,0,0,0,0,0,0,0,0,0,0
takuita,0,0,0,0,0,0,0,0,0,0
ulosottomies,0,0,0,1,0,1,0,0,0,1
syötti,0,0,0,1,0,1,0,0,0,1
leipoa,0,0,0,0,0,0,0,0,0,0
leipomo,0,0,0,0,0,0,0,0,0,0
paistaminen,0,0,0,0,0,0,0,0,0,0
bal,0,0,0,0,0,0,0,0,0,0
saldo,0,0,0,0,0,0,1,0,0,0
tasapainoinen,0,0,0,0,0,0,1,0,0,0
parveke,0,0,0,0,0,0,0,0,0,0
kalju,0,0,0,0,0,0,0,0,0,0
paali,0,0,0,1,0,1,0,0,0,0
hylätä,0,0,0,0,0,1,0,0,0,0
pallo,0,0,0,0,0,0,0,0,0,0
balladi,0,0,0,0,0,0,1,0,0,0
painolasti,0,0,0,0,0,0,0,0,0,0
baletti,0,0,0,0,0,0,1,0,0,0
ilmapallo,0,0,0,0,0,0,0,0,0,0
äänestys,0,1,0,0,0,0,1,0,0,1
tanssisali,0,0,0,0,0,0,0,0,0,0
balsami,0,1,0,0,1,1,1,0,0,0
leuto,0,0,0,0,0,0,0,0,0,0
balsamia,0,0,0,0,0,0,1,0,0,0
balsamico,0,0,0,0,0,0,0,0,0,0
kieltää,0,0,0,0,0,1,0,0,0,0
banaani,0,0,0,0,0,0,0,0,0,0
bändi,0,0,0,0,0,0,0,0,0,0
side,0,0,0,0,0,0,0,0,0,0
rosvo,0,0,0,0,0,1,0,0,0,0
kelkkaan,0,0,0,0,0,0,0,0,0,0
hirviö,1,0,1,1,0,1,0,0,0,0
pamaus,1,0,1,1,0,1,0,1,1,0
makkara,1,1,0,1,0,1,0,0,1,0
karkottaa,1,0,1,1,0,1,0,1,0,0
karkotettu,1,0,0,1,0,1,0,1,0,0
karkotus,1,0,1,0,0,1,0,1,0,0
banjo,0,0,0,0,0,0,0,0,0,0
pankki,0,0,0,0,0,0,0,0,0,1
pankkiiri,0,0,0,0,0,0,0,0,0,1
konkurssiin,0,0,0,1,0,1,0,1,0,0
konkurssi,1,0,1,1,0,1,0,1,0,0
banneri,0,0,0,0,0,0,0,0,0,0
banketti,0,1,0,0,1,0,1,0,0,0
banshee,1,0,1,1,0,1,0,1,0,0
pilailu,0,0,0,0,0,0,0,0,0,0
kaste,0,0,0,0,0,0,1,0,0,0
kaste,0,0,0,0,1,0,1,0,0,0
baari,0,0,0,0,0,0,0,0,0,0
piikki,1,0,0,0,0,1,0,0,0,0
barbaari,0,0,0,1,0,1,0,0,0,0
barbaarinen,1,0,1,1,0,1,0,0,0,0
barbaarisuus,0,0,0,0,0,1,0,0,0,0
grilli,0,0,0,0,0,0,0,0,0,0
piikkikäs,0,0,0,0,0,0,0,0,0,0
bardi,0,0,0,0,0,0,1,0,0,0
ilman satulaa,0,0,0,0,0,0,0,0,0,0
avojaloin,0,0,0,0,0,0,0,0,0,0
Tuskin,0,0,0,0,0,0,0,0,0,0
barf,0,0,1,0,0,0,0,0,0,0
tinkiä,0,0,0,0,0,0,1,0,0,1
proomu,0,0,0,0,0,0,0,0,0,0
baritoni,0,0,0,0,0,0,0,0,0,0
haukkua,1,0,0,0,0,1,0,0,0,0
navetta,0,0,0,0,0,0,0,0,0,0
barney,0,0,0,0,0,0,0,0,0,0
barometri,0,0,0,0,0,0,0,0,0,0
paroni,0,0,0,0,0,0,0,0,0,0
barokki,0,0,0,0,0,0,0,0,0,0
kasarmi,0,0,0,0,0,0,0,0,0,0
estetty,0,0,0,0,0,1,0,0,0,0
piippu,0,0,0,0,0,0,0,0,0,0
karu,0,0,0,0,0,1,0,1,0,0
barrikadi,0,0,0,1,0,1,0,0,0,0
este,1,0,0,0,0,1,0,0,0,0
esto,0,0,0,0,0,0,0,0,0,0
asianajaja,0,0,0,0,0,0,0,0,0,0
barrow,0,0,1,0,0,0,0,0,0,0
baarimikko,0,0,0,0,0,0,0,0,0,1
vaihtokauppa,0,0,0,0,0,0,0,0,0,1
pohja,0,0,0,0,0,0,0,0,0,1
baseball,0,0,0,0,0,0,0,0,0,0
jalkalista,0,0,0,0,0,0,0,0,0,0
perätön,0,0,0,0,0,1,0,0,0,0
kellari,0,0,0,0,0,0,0,0,0,0
basilika,0,0,0,0,0,0,0,0,0,0
altaan,0,0,0,0,0,0,0,0,0,0
perusta,0,0,0,0,0,0,0,0,0,0
paistatella,0,0,0,0,0,0,0,0,0,0
kori,0,0,0,0,0,0,0,0,0,0
koripallo,0,1,0,0,1,0,1,0,0,0
basso,0,0,0,0,0,0,0,0,0,0
basso,0,0,0,0,0,0,0,0,0,0
fagotti,0,0,0,0,0,0,0,0,0,0
paskiainen,0,0,1,0,0,1,0,1,0,0
linnake,1,0,0,0,0,0,1,0,0,0
bat,0,0,0,0,0,0,0,0,0,0
erä,0,0,0,0,0,0,0,0,0,0
erääminen,0,0,0,0,0,0,0,0,0,0
bate,0,0,0,0,0,0,0,0,0,0
kylpy,0,0,0,0,0,0,1,0,0,0
kylpeä,0,0,0,0,0,0,0,0,0,0
kylpyhuone,0,0,0,0,0,0,0,0,0,0
syvyysmittaus,0,0,0,0,0,0,0,0,0,0
viestikapula,0,0,0,0,0,0,0,0,0,0
pataljoona,1,0,0,0,0,0,0,0,0,0
taikina,1,0,0,1,0,1,0,0,0,0
pahoinpidelty,0,0,0,1,0,1,0,1,0,0
akku,1,0,0,0,0,1,0,0,0,0
taistelu,1,0,0,0,0,1,0,0,0,0
taistellut,1,0,0,1,0,1,0,1,0,0
taistelukenttä,0,0,0,1,0,1,0,0,0,0
kaksimielinen,0,0,0,0,0,1,0,0,0,0
lahti,0,0,0,0,0,0,0,0,0,0
pistin,1,0,0,1,0,1,0,0,0,0
bayou,0,0,0,0,0,0,0,0,0,0
basaari,0,0,0,0,0,0,0,0,0,0
ranta,0,0,0,0,1,0,0,0,0,0
majakka,0,0,0,0,0,0,0,0,0,0
helmi,0,0,0,0,0,0,0,0,0,0
helmikoristelu,0,0,0,0,0,0,0,0,0,0
helmiä,0,0,0,0,0,0,0,0,0,0
beagle,0,0,0,0,0,0,0,0,0,0
nokka,0,0,0,0,0,0,0,0,0,0
dekantterilasi,0,0,0,0,0,0,0,0,0,0
palkki,0,0,0,0,1,0,1,0,0,0
säteilevä,0,1,0,0,1,0,1,0,0,0
karhu,1,0,0,1,0,0,0,0,0,0
parta,0,0,0,0,0,0,0,0,0,0
parrakas,0,0,0,0,0,0,0,0,0,0
kantaja,0,0,0,0,0,1,0,0,0,0
laakeri,0,0,0,0,0,0,0,0,0,0
laakerit,0,0,0,0,0,0,0,0,0,0
karhumainen,1,0,0,1,0,0,0,0,0,0
peto,1,0,0,1,0,1,0,0,0,0
hirveä,0,0,1,1,0,1,0,0,0,0
lyödä,0,0,0,0,0,0,0,0,0,0
hakkaaminen,1,0,0,1,0,1,0,1,0,0
beau,0,0,0,0,0,0,0,0,0,0
kaunistaminen,0,0,0,0,1,0,1,0,0,1
kaunis,0,0,0,0,1,0,1,0,0,0
kaunistaa,0,0,0,0,1,0,1,0,0,0
kauneus,0,0,0,0,1,0,1,0,0,0
beck,0,0,0,0,0,0,0,0,0,0
viittoa,0,0,0,0,0,0,0,0,0,0
sänky,0,0,0,0,0,0,0,0,0,0
vuodevaatteet,0,0,0,0,0,0,0,0,0,0
kallioperä,0,0,0,0,0,0,1,0,0,1
makuuhuone,0,0,0,0,0,0,0,0,0,0
nukkumaanmenoaika,0,0,0,0,0,0,0,0,0,0
mehiläinen,1,0,0,1,0,0,0,0,0,0
naudanlihaa,0,0,0,0,0,0,0,0,0,0
mehiläispesä,0,0,0,0,0,0,0,0,0,0
olut,0,0,0,0,1,0,1,0,0,0
mehiläisvaha,0,0,0,0,0,0,0,0,0,0
kovakuoriainen,0,0,0,0,0,0,0,0,0,0
sattua,0,0,0,0,0,1,0,0,0,0
sovelias,0,0,0,0,0,0,1,0,0,0
ystävystyä,0,0,0,0,1,0,1,0,0,1
kerjätä,0,0,0,0,0,1,0,1,0,0
kerjäläinen,0,0,0,0,0,1,0,1,0,0
kerjäämässä,0,0,0,0,0,1,0,0,0,0
alkaa,0,0,0,0,0,0,0,0,0,0
aloittelija,0,0,0,0,0,0,0,0,0,0
alku,0,0,0,0,0,0,0,0,0,0
alkanut,0,1,0,0,0,0,0,0,0,0
käyttäytymistä,0,0,0,0,0,0,0,0,0,0
behemoth,0,0,0,1,0,1,0,0,0,0
käskystä,0,0,0,0,0,0,0,0,0,0
Katso,0,0,0,0,0,0,0,0,0,0
kiitollisuudenvelassa,0,0,0,0,0,1,0,0,0,0
katsoja,0,0,0,0,0,0,0,0,0,0
myöhässä,0,0,0,0,0,1,0,0,0,0
pelay,0,0,0,0,0,0,0,0,0,0
uskoa,0,0,0,0,0,0,0,0,0,0
uskoi,0,0,0,0,0,0,0,0,0,1
uskovainen,0,0,0,0,0,0,0,0,0,1
uskoen,0,0,0,0,0,0,1,0,0,1
vähätellä,1,0,1,1,0,1,0,1,0,0
kello,0,0,0,0,0,0,0,0,0,0
sotaisa,1,0,0,1,0,1,0,0,0,0
karjua,0,0,0,0,0,0,0,0,0,0
palkeet,1,0,0,0,0,0,0,0,0,0
vatsa,0,0,0,0,0,0,0,0,0,0
tavaroita,0,0,0,0,0,0,0,0,0,0
vyö,1,0,0,1,0,1,0,0,0,0
hämmentynyt,0,0,0,0,0,0,0,0,0,0
penkki,0,0,0,0,0,0,0,0,0,0
mutka,0,0,0,0,0,0,0,0,0,0
taivutin,0,0,0,0,0,1,0,0,0,0
taivutus,0,0,0,0,0,0,0,0,0,0
alla,0,0,0,0,0,0,0,0,0,0
hyväntekijä,0,0,0,0,0,0,1,0,0,1
hyödyllistä,0,0,0,0,0,0,1,0,0,0
edunsaaja,0,0,0,0,0,0,0,0,0,0
hyötyä,0,0,0,0,0,0,1,0,0,0
hyväntahtoisuus,0,0,0,0,1,0,1,0,0,1
hyvänlaatuinen,0,0,0,0,1,0,1,0,0,0
taipunut,0,0,0,0,0,0,0,0,0,0
bentseeni,0,0,0,0,0,0,0,0,0,0
testamentata,0,0,0,0,0,0,0,0,0,0
testamentti,0,0,0,0,0,0,0,0,0,1
sureva,0,0,0,0,0,1,0,1,0,0
menetys,0,0,0,0,0,1,0,1,0,0
vaille jäänyt,0,0,0,0,0,1,0,0,0,0
bergamotti,0,0,0,0,0,0,0,0,0,0
Berliini,0,0,0,0,0,0,0,0,0,0
hirveä,1,0,0,0,0,1,0,0,0,0
laituri,0,0,0,0,0,0,1,0,0,0
rukoilla,0,0,0,0,0,0,0,0,0,0
ympäröimänä,0,0,0,0,0,0,0,0,0,0
eläimellinen,0,0,1,1,0,1,0,0,0,0
suoda,0,0,0,0,0,0,0,0,0,0
veto,0,0,0,0,0,0,0,0,0,0
pettää,1,0,1,0,0,1,0,1,1,0
pettäminen,1,0,1,0,0,1,0,1,0,0
kihlattu,0,1,0,0,1,0,1,0,0,1
parantaminen,0,0,0,0,0,0,1,0,0,0
vedonlyönti,0,0,0,0,0,0,0,0,0,0
Betty,0,0,0,0,0,0,0,0,0,0
viiste,0,0,0,0,0,0,0,0,0,0
juoma,0,0,0,0,0,0,1,0,0,0
parvi,0,0,0,0,0,0,0,0,0,0
ole varuillasi,0,1,0,1,0,1,0,0,0,0
hämmentynyt,0,0,0,1,0,1,0,0,1,0
hämmennystä,0,0,0,1,0,0,0,0,1,0
puolueellisuus,1,0,0,0,0,1,0,0,0,0
puolueellinen,0,0,0,0,0,1,0,0,0,0
ruokalappu,0,0,0,0,0,0,0,0,0,0
raamatullinen,0,0,0,0,0,0,1,0,0,0
bibliografia,0,0,0,0,0,0,0,0,0,0
kinastelu,1,0,1,0,0,1,0,0,0,0
kaksivärinen,0,0,0,0,0,0,0,0,0,0
polkupyörä,0,0,0,0,0,0,0,0,0,0
tarjous,0,0,0,0,0,0,0,0,0,0
tarjoaja,0,0,0,0,0,0,0,0,0,0
tarjouskilpailu,0,0,0,0,0,0,0,0,0,0
joka toinen vuosi,0,1,0,0,0,0,0,0,0,0
bier,0,0,0,1,0,1,0,1,0,0
bifurkaatio,0,0,0,0,0,0,0,0,0,0
iso,0,0,0,0,0,0,0,0,0,0
kiihkoilija,1,0,1,1,0,1,0,0,0,0
kiihkoileva,1,0,1,1,0,1,0,1,0,0
pyörä,0,0,0,0,0,0,0,0,0,0
kahdenvälinen,0,0,0,0,0,0,0,0,0,0
kaksikerroksinen,0,0,0,0,0,0,0,0,0,0
sappi,1,0,1,0,0,1,0,0,0,0
pilssi,0,0,0,0,0,0,0,0,0,0
kaksikielinen,0,0,0,0,0,0,1,0,0,0
laskuttaa,0,0,0,0,0,0,0,0,0,0
aihio,0,0,0,0,0,0,0,0,0,0
biljardi,0,0,0,0,0,0,0,0,0,0
miljardia,0,0,0,0,0,0,0,0,0,0
billy,0,0,0,0,0,0,0,0,0,0
kahdesti kuussa,0,0,0,0,0,0,0,0,0,0
roskakori,0,0,0,0,0,0,0,0,0,0
binääri,0,0,0,0,0,0,0,0,0,0
sitoa,0,0,0,0,0,0,0,0,0,0
sidonta,0,0,0,0,0,0,0,0,0,0
sitova,0,0,0,0,0,0,0,0,0,0
bing,0,0,0,0,0,0,0,0,0,0
kiikarit,0,0,0,0,0,0,0,0,0,0
kiikarit,0,0,0,0,0,0,0,0,0,0
binomiaalinen,0,0,0,0,0,0,0,0,0,0
biogeneesi,0,0,0,0,0,0,0,0,0,0
elämäkerran kirjoittaja,0,0,0,0,0,0,0,0,0,0
elämäkerta,0,0,0,0,0,0,0,0,0,0
biologia,0,0,0,0,0,0,0,0,0,0
biopsia,0,0,0,1,0,1,0,0,0,0
biosfääri,0,0,0,0,0,0,0,0,0,0
kaksipuolinen,0,0,0,0,0,0,0,0,0,0
koivu,1,0,1,1,0,1,0,0,0,0
lintu,0,0,0,0,0,0,0,0,0,0
syntymästä,0,1,0,1,1,0,1,0,0,1
syntymäpäivä,0,1,0,0,1,0,1,0,1,0
syntymäpaikka,1,0,0,0,0,1,0,0,0,0
syntymäoikeus,0,0,0,0,0,0,0,0,0,0
bis,0,0,0,0,0,0,0,0,0,0
piispa,0,0,0,0,0,0,0,0,0,0
biisoni,0,0,0,0,0,0,0,0,0,0
bitti,0,0,0,0,0,0,0,0,0,0
narttu,1,0,1,1,0,1,0,1,0,0
purra,0,0,0,0,0,1,0,0,0,0
katkerasti,1,0,1,0,0,1,0,1,0,0
katkeruutta,1,0,1,0,0,1,0,1,0,0
bitumi,0,0,0,0,0,0,0,0,0,0
joka toinen viikko,0,0,0,0,0,0,0,0,0,0
outoa,0,0,0,0,0,1,0,0,1,0
karhunvatukka,0,0,0,0,0,0,0,0,0,0
liitutaulu,0,0,0,0,0,0,0,0,0,0
blackjack,0,0,0,0,0,1,0,0,0,0
kiristää,1,0,0,1,0,1,0,0,0,0
mustuus,0,0,0,1,0,1,0,1,0,0
seppä,0,0,0,0,0,0,0,0,0,0
virtsarakon,0,0,0,0,0,0,0,0,0,0
terä,0,0,0,0,0,0,0,0,0,0
syyttää,1,0,1,0,0,1,0,0,0,0
moitteeton,0,0,0,0,0,0,1,0,0,0
mitäänsanomaton,0,0,0,0,0,1,0,0,0,0
tyhjä,0,0,0,0,0,0,0,0,0,0
viltti,0,0,0,0,0,0,0,0,0,1
jumalanpilkkaa,1,0,1,0,0,1,0,0,0,0
jumalanpilkkaa,1,0,0,0,0,1,0,0,0,0
räjähdys,1,0,0,1,0,1,0,0,1,0
räikeä,1,0,1,0,0,1,0,0,0,0
jaarittelu,0,0,0,0,0,1,0,0,0,0
loimu,1,0,0,0,0,1,0,0,0,0
paahtava,0,0,0,0,0,0,0,0,0,0
valkaisuaine,0,0,0,0,0,0,0,0,0,0
synkkä,0,0,0,0,0,1,0,1,0,0
verenvuotoa,0,0,1,1,0,1,0,1,0,0
tahra,1,0,1,1,0,1,0,1,0,0
sekoitus,0,0,0,0,0,0,0,0,0,0
sekoittamalla,0,0,0,0,0,0,0,0,0,0
siunata,0,1,0,0,1,0,1,0,0,1
siunattu,0,0,0,0,1,0,1,0,0,0
siunaus,0,1,0,0,1,0,1,0,0,1
siunauksia,0,1,0,0,1,0,1,0,1,1
vitsaus,0,0,1,1,0,1,0,1,0,0
pilaantunut,0,0,1,0,0,1,0,1,0,0
sokaissut,0,0,0,0,0,1,0,0,0,0
sidottu silmät,0,1,0,1,0,0,0,0,1,0
sidottu silmät,0,0,0,0,0,0,0,0,0,0
sokeasti,0,0,0,0,0,1,0,1,0,0
sokeutta,0,0,0,0,0,1,0,1,0,0
räpäytys,0,0,0,0,0,0,0,0,0,0
autuus,0,0,0,0,1,0,1,0,0,0
autuas,0,0,0,0,1,0,1,0,0,0
rakkula,0,0,1,0,0,1,0,0,0,0
blitz,0,0,0,0,0,0,0,0,1,0
lumimyrsky,0,0,0,0,0,0,0,0,0,0
paisunut,0,0,1,0,0,1,0,0,0,0
möykky,0,0,1,1,0,1,0,0,0,0
lohko,0,0,0,0,0,0,0,0,0,0
saarto,1,0,0,1,0,1,0,1,0,0
vaalea,0,0,0,0,0,0,0,0,0,0
verta,0,0,0,0,0,0,0,0,0,0
verikoira,0,0,0,0,0,0,0,0,0,0
veretön,0,0,0,0,0,0,1,0,0,0
verenvuodatusta,1,0,1,1,0,1,0,1,1,0
verenhimoinen,1,0,1,1,0,1,0,0,0,0
verinen,1,0,1,1,0,1,0,1,0,0
kukinta,0,1,0,0,1,0,1,0,0,1
kukka,0,0,0,0,1,0,1,0,0,0
blot,0,0,0,0,0,1,0,0,0,0
pusero,0,0,0,0,0,0,0,0,0,0
puhallin,0,0,0,0,0,1,0,0,0,0
puhaltaa,0,0,0,0,0,0,0,0,0,0
puhallettu,0,0,0,0,0,0,0,0,0,0
rengasrikko,0,0,0,0,0,1,0,0,0,0
sininen,0,0,0,0,0,0,0,1,0,0
blues,0,0,0,1,0,1,0,1,0,0
bluffi,0,0,0,0,0,1,0,0,0,0
sinertävä,0,0,0,0,0,0,0,0,0,0
kömmähdys,0,0,1,0,0,1,0,1,0,0
tylsä,0,0,0,0,0,0,0,0,0,0
hämärtää,0,0,0,0,0,1,0,0,0,0
hämärtynyt,0,0,0,0,0,1,0,0,0,0
punastua,0,0,0,0,0,1,0,0,0,0
punastumassa,0,0,0,0,0,0,0,0,0,0
boa,0,0,0,0,0,0,0,0,0,0
villisian,0,0,0,0,0,0,0,0,0,0
hallitus,0,1,0,0,0,0,0,0,0,0
piirimies,0,0,0,0,0,0,0,0,0,0
lennolle,0,0,0,0,0,0,0,0,0,0
levyt,0,0,0,0,0,0,0,0,0,0
ylpeillä,0,0,0,0,0,1,1,0,0,0
kehuminen,0,0,0,0,0,1,0,0,0,0
vene,0,0,0,0,0,0,0,0,0,0
veneily,0,0,0,0,0,0,0,0,0,0
puola,0,0,0,0,0,0,0,0,0,0
lupaa,0,0,0,0,0,0,0,0,0,0
miehusta,0,0,0,0,0,0,0,0,0,0
kehollinen,0,0,0,0,0,0,0,0,0,0
kehon,0,0,0,0,0,0,0,0,0,0
henkivartija,0,0,0,0,0,0,1,0,0,1
suo,0,0,0,0,0,1,0,0,0,0
vääriä,1,0,1,0,0,1,0,0,0,0
kiehua,0,0,1,0,0,1,0,0,0,0
kattila,0,0,0,0,0,0,0,0,0,0
kattilalevy,0,0,0,0,0,1,0,0,0,0
kiehuvaa,0,0,0,0,0,0,0,0,0,0
riehakas,1,1,0,0,1,1,1,0,0,0
lihavoitu,0,0,0,0,0,0,1,0,0,0
rohkeutta,0,0,0,0,0,0,1,0,0,0
vahvistaa,0,0,0,0,0,0,1,0,0,0
pultti,0,0,0,0,0,0,0,0,0,0
bolus,0,0,0,0,0,0,0,0,0,0
pommi,1,0,0,1,0,1,0,1,1,0
pommittaa,1,0,0,1,0,1,0,0,0,0
pommitukset,1,0,0,1,0,1,0,0,0,0
pommitettu,0,0,1,0,0,1,0,0,0,0
pommikone,0,0,0,1,0,0,0,1,0,0
Bonanza,0,0,0,0,1,0,1,0,0,0
joukkovelkakirjalaina,0,0,0,0,0,0,0,0,0,0
orjuudesta,0,0,0,1,0,1,0,1,0,0
joukkovelkakirjat,0,0,0,0,0,1,0,0,0,0
luuta,0,0,0,0,0,0,0,0,0,0
luuta,0,0,0,0,0,0,0,0,0,0
luut,0,0,0,0,0,0,0,0,0,0
kokko,0,0,0,0,0,0,0,0,0,0
bonne,0,0,0,0,0,0,1,0,0,0
konepelti,0,0,0,0,0,0,0,0,0,0
bonus,0,1,0,0,1,0,1,0,1,0
luinen,0,0,0,0,0,0,0,0,0,0
boo,0,0,0,0,0,1,0,0,0,0
tissi,0,0,0,0,0,0,0,0,0,0
hölmö,0,0,0,0,0,1,0,0,0,0
kirja,0,0,0,0,0,0,0,0,0,0
kirjahylly,0,0,0,0,0,0,0,0,0,0
varaus,0,0,0,0,0,0,0,0,0,0
kirjaviisas,0,0,0,0,0,0,1,0,0,0
kirjanpitäjä,0,0,0,0,0,0,0,0,0,0
kirjanpito,0,0,0,0,0,0,0,0,0,0
kirjanen,0,0,0,0,0,0,0,0,0,0
kirjat,0,0,0,0,0,0,0,0,0,0
kirjakauppias,0,0,0,0,0,0,0,0,0,0
kirjakauppa,0,0,0,0,0,0,1,0,0,0
kirjakauppa,0,0,0,0,0,0,0,0,0,0
lukutoukka,0,0,0,0,0,1,1,0,0,0
bumerangi,0,1,0,0,0,0,0,0,0,1
kukoistaa,0,0,0,0,0,0,0,0,0,0
siunaus,0,0,0,0,0,0,1,0,0,0
tehostaa,0,0,0,0,0,0,0,0,0,0
tehostin,0,0,0,0,0,0,0,0,0,0
saapas,0,0,0,0,0,0,0,0,0,0
koppi,0,0,0,0,0,0,0,0,0,0
saappaat,0,0,0,0,0,0,0,0,0,0
saalis,0,0,0,0,0,0,0,0,0,0
viinaa,0,0,0,0,0,1,0,0,0,0
rajaa,0,0,0,0,0,0,0,0,0,0
reunustavat,0,0,0,0,0,0,0,0,0,0
kestänyt,0,0,0,0,0,1,0,0,0,0
boreaalista,0,0,0,0,0,0,0,0,0,0
tylsistyminen,0,0,0,0,0,1,0,1,0,0
porakone,0,0,0,0,0,0,0,0,0,0
tylsä,0,0,0,0,0,1,0,0,0,0
kaupunginosa,0,0,0,0,0,0,0,0,0,0
lainata,0,0,0,0,0,0,0,0,0,0
lainanottaja,0,0,0,0,0,1,0,0,0,0
rintakehä,0,0,0,0,0,0,0,0,0,0
pomo,0,0,0,0,0,0,0,0,0,0
Boston,0,0,0,0,0,0,0,0,0,0
kasvitieteellinen,0,0,0,0,0,0,0,0,0,0
kasvitieteilijä,0,0,0,0,0,0,0,0,0,0
kasvitiede,0,0,0,0,0,0,0,0,0,0
vaivautua,0,0,0,0,0,1,0,0,0,0
häiritsevä,1,0,0,0,0,1,0,1,0,0
pullo,0,0,0,0,0,0,0,0,0,0
pohja,0,0,0,0,0,1,0,1,0,0
pohjaton,0,0,0,1,0,0,0,0,0,0
siirtolohkare,0,0,0,0,0,0,0,0,0,0
pomppia,0,0,0,0,0,0,0,0,0,0
sidottu,0,0,0,0,0,1,0,0,0,0
rajaa,0,0,0,0,0,0,0,0,0,0
rajaton,0,0,0,0,0,0,0,0,0,0
rajoja,0,0,0,0,0,0,0,0,0,0
runsas,0,1,0,0,1,0,1,0,0,0
palkkio,0,1,0,0,1,0,1,0,0,1
kukkakimppu,0,0,0,0,1,0,1,0,0,1
porvarillinen,0,0,0,0,0,0,0,0,0,0
porvaristo,0,0,0,0,0,0,0,0,0,0
pörssi,0,0,0,0,0,0,0,0,0,0
ottelu,1,0,0,0,0,1,0,0,0,0
nautaa,0,0,1,0,0,1,0,0,0,0
kumarsi,0,0,0,0,0,0,0,0,0,0
suolet,0,0,1,0,0,0,0,0,0,0
kulho,0,0,0,0,0,0,0,0,0,0
kulhoja,0,0,0,0,0,0,0,0,0,0
laatikko,0,0,0,0,0,0,0,0,0,0
nyrkkeilijä,0,0,0,0,0,0,0,0,0,0
nyrkkeily,1,0,0,0,0,0,0,0,0,0
boikotoida,0,0,0,0,0,1,0,0,0,0
lapsuus,0,0,0,0,0,0,0,0,0,0
poikamainen,0,0,0,0,0,0,0,0,0,0
ahdin,0,0,0,0,0,0,0,0,0,0
rannerengas,0,0,0,0,0,0,0,0,0,0
henkselit,0,0,0,0,0,0,0,0,0,0
brakiaalinen,0,0,0,0,0,0,0,0,0,0
Sulkumerkki,0,0,0,0,0,0,0,0,0,0
suluissa,0,0,0,0,0,0,0,0,0,0
murtovettä,0,0,0,0,0,0,0,0,0,0
brad,0,0,0,0,0,0,0,0,0,0
kerskailla,0,0,0,0,0,1,0,0,0,0
punos,0,0,0,0,0,0,0,0,0,0
aivot,0,0,0,0,0,0,0,0,0,0
aivot,0,0,0,0,0,0,1,0,0,0
aivoriihi,0,0,0,0,0,0,0,0,0,0
jarru,0,0,0,0,0,0,0,0,0,0
leseet,0,0,1,0,0,0,0,0,0,0
haara,0,0,0,0,0,0,0,0,0,0
haarautuminen,0,0,0,0,0,0,0,0,0,0
brandy,0,0,0,0,0,1,0,0,0,0
messinki,0,0,0,0,0,0,0,0,0,0
kakara,0,0,0,0,0,0,0,0,0,0
uhmakkuus,0,0,0,0,0,1,0,0,0,0
urhoollisuus,0,0,0,0,0,0,1,0,0,0
rähinä,1,0,1,1,0,1,0,0,0,0
röyhkeä,1,0,0,0,0,1,0,0,0,0
rikkominen,0,0,0,0,0,1,0,0,0,0
leipää,0,0,0,0,0,0,0,0,0,0
leveys,0,0,0,0,0,0,0,0,0,0
tauko,0,0,0,0,0,0,0,0,1,0
rikkoutuva,0,0,0,0,0,0,0,0,0,0
hajota,0,0,0,0,0,1,0,0,0,0
katkaisija,0,0,0,0,0,0,0,0,0,0
katkaisijat,0,0,0,0,0,0,0,0,0,0
aamiainen,0,0,0,0,0,0,1,0,0,0
katkera,0,0,0,0,0,1,0,0,0,0
erota,0,0,0,0,0,1,0,1,0,0
hengitys,0,0,0,0,0,0,0,0,0,0
takapuoli,0,0,0,0,0,0,0,0,0,0
polvihousut,0,0,0,0,0,0,0,0,0,0
rotu,0,0,0,0,0,0,0,0,0,0
kasvattaja,0,0,0,0,0,0,0,0,0,0
jalostukseen,0,0,0,0,0,0,0,0,0,0
tuulta,0,0,0,0,0,0,0,0,0,0
reipas,0,0,0,0,0,0,0,0,0,0
veljet,0,0,0,0,0,0,0,0,0,0
breve,0,0,0,0,0,0,0,0,0,0
lyhyys,0,0,0,0,0,0,0,0,0,0
hautua,0,0,0,0,0,0,0,0,0,0
panimo,0,0,0,0,0,0,0,0,0,0
lahjoa,0,0,0,0,0,1,0,0,0,0
lahjonta,0,0,1,0,0,1,0,0,0,0
tiili,0,0,0,0,0,0,0,0,0,0
morsiamen,0,1,0,0,1,0,1,0,0,1
morsian,0,1,0,0,1,0,1,0,0,1
sulhanen,0,1,0,0,1,0,1,0,0,1
morsiusneito,0,0,0,0,1,0,1,0,0,1
silta,0,0,0,0,0,0,0,0,0,0
suitset,0,0,0,0,0,0,0,0,0,0
lyhyesti,0,0,0,0,0,0,0,0,0,0
brig,0,0,0,0,0,0,0,0,0,0
prikaati,0,0,0,1,0,1,0,0,0,0
kirkastaa,0,0,0,0,1,0,1,0,1,1
kirkkaus,0,0,0,0,0,0,1,0,0,0
loistava,0,1,0,0,1,0,1,0,0,1
reuna,0,0,0,0,0,0,0,0,0,0
täynnä,0,0,0,0,0,0,0,0,0,0
tulikiveä,1,0,0,1,0,1,0,0,0,0
suolavettä,0,0,0,0,0,0,0,0,0,0
tuoda,0,0,0,0,0,0,0,0,0,0
partaalla,0,0,0,0,0,0,0,0,0,0
reipas,0,0,0,0,0,0,0,0,0,0
harjas,0,0,0,0,0,1,0,0,0,0
hauras,0,0,0,0,0,0,0,0,0,0
lähettää,0,0,0,0,0,0,0,0,0,0
kyljittäin,0,1,0,0,0,1,0,0,0,0
brokadi,0,0,0,0,0,0,1,0,0,0
esite,0,0,0,0,0,0,0,0,0,0
paahtaa,1,0,0,0,0,1,0,0,0,0
mursi,0,0,0,1,0,1,0,1,0,0
rikki,1,0,0,1,0,1,0,1,0,0
välittäjä,0,0,0,0,0,0,0,0,0,0
välitys,0,0,0,0,0,0,0,0,0,0
mustangi,0,0,0,0,0,0,0,0,0,0
pronssi,0,0,0,0,0,0,0,0,0,0
hautoa,0,0,0,0,0,0,0,0,0,0
pohdiskelua,0,0,0,0,0,0,0,0,0,0
puro,0,0,0,0,0,0,0,0,0,0
luuta,0,0,0,0,0,0,0,0,0,0
liemi,0,0,0,0,0,0,0,0,0,0
bordelli,0,0,1,0,0,1,0,0,0,0
veli,0,0,0,0,0,0,1,0,0,1
veljeskunta,0,0,0,0,0,0,1,0,0,1
veljellinen,0,1,0,0,1,0,1,0,0,1
kulmakarva,0,0,0,0,0,0,0,0,0,0
ruskea,0,0,0,0,0,0,0,0,0,0
mustelma,0,1,0,0,0,1,0,0,0,0
ruskeaverikkö,0,0,0,0,0,0,0,0,0,0
brunt,1,0,0,0,0,1,0,0,0,0
harjata,0,0,0,0,0,0,0,0,0,0
julma,1,0,0,1,0,1,0,0,0,0
julmuutta,1,0,0,1,0,1,0,0,0,0
raakaa,1,0,0,1,0,1,0,1,0,0
kupla,0,0,0,0,0,0,0,0,0,0
kuplivaa,0,0,0,0,0,0,0,0,0,0
pukki,0,0,0,1,0,1,1,0,1,0
ämpäri,0,0,0,0,0,0,0,0,0,0
solki,0,0,0,0,0,0,0,0,0,0
soljettu,0,0,0,0,0,0,0,0,0,0
alkuun,0,0,0,0,0,0,0,0,0,0
kaveri,0,1,0,0,1,0,1,0,0,1
hypätä,0,0,0,0,0,0,0,0,0,0
budjetti,0,0,0,0,0,0,0,0,0,1
puhveli,0,0,0,0,0,0,0,0,0,0
puskuri,0,0,0,0,0,0,0,0,0,0
noutopöytä,1,0,0,0,0,1,0,0,0,0
bugi,0,0,1,1,0,1,0,0,0,0
mörkö,1,0,0,1,0,1,0,1,0,0
buginen,0,0,0,0,0,0,0,0,0,0
toitottaa,0,1,0,0,0,0,0,0,0,0
rakentaa,0,0,0,0,0,0,1,0,0,0
rakentaja,0,0,0,0,0,0,0,0,0,0
rakennus,0,0,0,0,0,0,1,0,0,0
rakennukset,0,0,0,0,0,0,0,0,0,0
polttimo,0,0,0,0,0,0,0,0,0,0
sipulimainen,0,0,0,0,0,1,0,0,0,0
pullistuma,0,0,0,0,0,0,0,0,0,0
irtotavarana,0,0,0,0,0,0,0,0,0,0
laipio,0,0,0,0,0,0,0,0,0,0
iso,0,0,0,0,0,0,0,0,0,0
sonni,0,0,0,0,0,0,0,0,0,0
bulldoggi,0,0,0,0,0,0,1,0,0,0
puskutraktori,0,0,0,0,0,0,0,0,0,0
luoti,0,0,0,0,0,0,0,0,0,0
tiedote,0,0,0,0,0,0,0,0,0,0
luodinkestävä,0,0,0,0,0,0,1,0,0,0
härkä,0,0,0,0,0,0,0,0,0,0
kiusata,1,0,0,1,0,1,0,0,0,0
laituri,0,0,0,0,0,0,0,0,0,0
pylly,0,0,1,0,0,1,0,1,0,0
tyhmä,1,0,1,0,0,1,0,0,0,0
kolahtaa,0,0,0,0,0,0,0,0,0,0
pulla,0,0,0,0,0,0,0,0,0,0
kimppu,0,0,0,0,0,0,0,0,0,0
nippu,0,0,0,0,0,0,0,0,0,0
bungalow,0,0,0,0,0,0,0,0,0,0
kerrossänky,0,0,0,0,0,0,0,0,0,0
bunkkeri,0,0,0,1,0,0,0,0,0,0
bunt,0,0,0,0,0,0,0,0,0,0
poiju,0,0,0,0,0,0,1,0,0,0
kelluvuus,0,0,0,0,0,0,0,0,0,0
bur,0,0,0,0,0,0,0,0,0,0
taakka,0,0,0,0,0,0,0,0,0,0
raskasta,0,0,0,1,0,1,0,1,0,0
toimisto,0,0,0,0,0,0,0,0,0,0
byrokratiaa,0,0,0,0,0,1,0,0,0,1
byrokraatti,0,0,1,0,0,1,0,0,0,0
murtovaras,0,0,1,1,0,1,0,0,0,0
murtovarkaus,0,0,0,0,0,1,0,0,0,0
hautaaminen,1,0,0,1,0,1,0,1,0,0
haudattu,0,0,0,1,0,1,0,1,0,0
burke,1,0,1,1,0,1,0,1,0,0
säkkikangas,0,0,0,0,0,0,0,0,0,0
burleski,0,0,0,0,0,0,0,0,1,0
vanttera,0,0,0,0,0,0,0,0,0,0
polttaa,0,0,0,0,0,0,0,0,0,0
poltin,0,0,0,0,0,0,0,0,0,0
palaa,0,0,0,0,0,0,0,0,0,0
kiillotettu,0,0,0,0,0,0,0,0,0,0
loppuun palaminen,0,0,0,0,0,0,0,0,0,0
palanut,0,0,1,0,0,1,0,0,0,0
hurina,0,0,0,0,0,0,0,0,0,0
kolo,0,0,0,0,0,0,0,0,0,0
apuraha,0,0,0,0,0,0,0,0,0,1
haudata,0,0,0,0,0,0,0,1,0,0
linja-auto,0,0,0,0,0,0,0,0,0,0
Puska,0,0,0,0,0,0,0,0,0,0
vakka,0,0,0,0,0,0,0,0,0,0
tuuhea,0,0,0,0,0,0,0,0,0,0
liiketoimintaa,0,0,0,0,0,0,0,0,0,0
linja-auto,0,0,0,0,1,0,1,0,0,0
rintakuva,0,0,0,0,0,0,0,0,0,0
murtunut,1,0,0,1,0,1,0,0,0,0
vilske,0,0,0,0,0,0,0,0,0,0
vilkas,0,0,0,0,0,0,0,0,0,0
kiireinen,0,0,0,0,0,0,0,0,0,0
butaani,0,0,0,0,0,0,0,0,0,0
lihakauppias,1,0,1,1,0,1,0,0,0,0
hovimestari,0,0,0,0,0,0,1,0,0,1
peppu,0,0,0,0,0,1,0,0,0,0
voita,0,0,0,0,0,0,0,0,0,0
perhonen,0,0,0,0,0,0,0,0,0,0
voinen,0,0,0,0,0,0,1,0,0,0
pakaraan,0,0,0,0,0,0,0,0,0,0
#NAME?,0,0,0,0,0,0,0,0,0,0
tukipilari,0,0,0,0,0,0,0,0,0,0
uhkea,0,0,0,0,0,0,1,0,0,0
ostaa,0,0,0,0,0,0,0,0,0,0
ostaja,0,0,0,0,0,0,0,0,0,0
ostaa,0,0,0,0,0,0,0,0,0,0
surina,0,1,0,1,0,0,1,0,0,0
sumisesi,0,0,0,0,0,1,0,0,0,0
summeri,0,0,0,0,0,0,0,0,0,0
Hei hei,0,1,0,0,0,0,0,0,0,0
mennyt,0,0,0,0,0,0,0,0,0,0
ohjesäännöt,0,0,0,0,0,0,0,0,0,1
sivustakatsoja,0,0,0,0,0,0,0,0,0,0
tavu,0,0,0,0,0,0,0,0,0,0
ohjaamo,0,0,0,0,0,0,1,0,0,0
cabal,0,0,0,1,0,1,0,0,0,0
kaali,0,0,0,0,0,0,0,0,0,0
hytti,0,0,0,0,0,0,0,0,0,0
kaappi,0,0,0,0,0,0,1,0,0,1
kaapeli,0,0,0,0,0,0,0,0,1,0
avoauto,0,0,0,0,0,0,0,0,0,0
kätkö,0,0,0,0,0,0,0,0,0,0
kakofonia,1,0,1,0,0,1,0,0,0,0
cad,1,0,1,0,0,1,0,0,0,0
ruumis,0,0,1,1,0,1,0,1,1,0
caddy,0,0,0,0,0,0,0,0,0,0
kadenssi,0,0,0,0,0,0,0,0,0,0
kadetti,0,0,0,0,0,0,0,0,0,0
kahvila,0,0,0,0,0,0,1,0,0,0
häkki,0,0,0,0,0,1,0,1,0,0
Cairn,0,0,0,0,0,0,0,0,0,0
kakku,0,0,0,0,0,0,0,0,0,0
onnettomuus,0,0,0,0,0,0,0,1,0,0
kalkkipitoinen,0,0,0,0,0,0,0,0,0,0
laskea,0,0,0,0,0,0,0,0,0,0
laskettu,0,0,0,0,0,0,0,0,0,0
laskemalla,0,0,0,0,0,1,0,0,0,0
laskeminen,0,1,0,0,0,0,0,0,0,0
laskin,0,0,0,0,0,0,1,0,0,1
laskenta,0,0,0,0,0,0,0,0,0,0
kalenteri,0,0,0,0,0,0,0,0,0,0
kalanteri,0,0,0,0,0,0,0,0,0,0
vasikka,0,0,0,0,1,0,1,0,0,1
kaliiperi,0,0,0,0,0,0,0,0,0,0
kalibroida,0,0,0,0,0,0,0,0,0,0
Calico,0,0,0,0,0,0,0,0,0,0
jarrusatulat,0,0,0,0,0,0,0,0,0,0
soittaa puhelimella,0,0,0,0,0,0,0,0,0,0
kaunokirjoitus,0,0,0,0,0,0,0,0,0,0
kutsumus,0,0,0,0,0,0,0,0,0,0
tunteeton,1,0,1,0,0,1,0,0,0,0
puhelut,0,1,0,0,0,1,0,0,0,1
rauhoittaa,0,0,0,0,0,0,1,0,0,0
rauhallisuus,0,0,0,0,0,0,0,0,0,0
kaloreita,0,0,0,0,0,0,0,0,0,0
kalori,0,0,0,0,0,0,0,0,0,0
kalorimetri,0,0,0,0,0,0,0,0,0,0
nokka,0,0,0,0,0,0,0,0,0,0
camber,0,0,0,0,0,0,0,0,0,0
kameli,0,0,0,0,0,0,0,0,0,0
cameo,0,0,0,0,0,0,0,0,0,0
kuvaaja,0,0,0,0,0,0,0,0,0,0
paita,0,0,0,0,0,0,0,0,0,0
naamiointi,0,0,0,0,0,0,0,0,1,0
naamioitunut,0,0,0,0,0,0,0,0,1,0
leiri,0,0,0,0,0,0,0,0,0,0
kampanja,0,0,0,0,0,0,0,0,0,0
kampanjoija,0,0,0,0,0,0,0,0,0,0
kampanjoimassa,1,0,0,1,0,1,0,0,0,0
kampus,0,0,0,0,0,0,0,0,0,0
kanava,0,0,0,0,0,0,0,0,0,0
kanarialainen,0,0,0,0,0,0,1,0,0,0
peruuttaa,0,0,0,0,0,1,0,1,0,0
peruuttaminen,0,0,0,0,0,0,0,0,0,0
peruutus,0,0,0,0,0,0,0,0,0,0
syöpä,1,0,1,1,0,1,0,1,0,0
vilpitön,0,1,0,0,1,0,1,0,1,1
ehdokkuudesta,0,0,0,0,0,0,0,0,0,0
ehdokas,0,0,0,0,0,0,1,0,0,0
sokeroitu,0,0,0,0,0,0,1,0,0,0
kynttilä,0,0,0,0,0,0,0,0,0,0
kynttilänvalo,0,0,0,0,0,0,0,0,0,0
kynttilänjalka,0,0,0,0,0,0,0,0,0,0
vilpittömyys,0,0,0,0,0,0,0,0,0,0
karkkia,0,0,0,0,0,0,0,0,0,0
ruoko,1,0,0,1,0,0,0,0,0,0
koiran-,0,0,0,0,0,0,0,0,0,0
kanisteri,0,0,0,0,0,0,0,0,0,0
syöpä,1,0,1,0,0,1,0,0,0,0
kannibaali,0,0,1,1,0,1,0,0,0,0
kannibalismi,0,0,1,0,0,1,0,0,0,0
purkittaminen,0,0,0,0,0,0,0,0,0,0
tykki,1,0,0,1,0,1,0,0,0,0
kanootti,0,0,0,0,0,0,0,0,0,0
kaanoni,0,0,0,0,0,0,0,0,0,0
kanoninen,0,0,0,0,0,0,0,0,0,0
kaanonit,0,0,0,0,0,0,0,0,0,1
katos,0,0,0,0,0,0,0,0,0,0
ruokala,0,0,0,0,0,0,0,0,0,0
canterbury,0,0,0,0,0,0,0,0,0,0
uloke,0,0,0,0,0,0,0,0,0,0
canto,0,0,0,0,0,0,0,0,0,0
kantoni,0,0,0,0,0,0,0,0,0,0
kangas,0,0,0,0,0,0,0,0,0,0
kangas,0,0,0,0,0,0,0,0,0,0
korkki,0,1,0,0,0,0,0,0,0,1
kyky,0,0,0,0,0,0,0,0,0,0
kykenevä,0,0,0,0,0,0,0,0,0,0
kapasiteettia,0,0,0,0,0,0,0,0,0,0
viitta,0,0,0,0,0,0,0,0,0,0
kapris,0,0,0,0,0,0,0,0,0,0
kapillaari,0,0,0,0,0,0,0,0,0,0
iso alkukirjain,0,0,0,0,0,0,0,0,0,0
kapitalisti,0,0,0,0,0,0,1,0,0,0
kirjaimet,0,0,0,0,0,0,0,0,0,0
päämies,0,0,0,0,0,0,0,0,0,0
pääkaupunki,0,0,0,0,0,0,0,0,0,0
antautuminen,0,0,0,0,0,0,0,0,0,0
oikukas,0,0,0,0,0,0,0,0,0,0
oikukas,0,0,0,0,0,0,0,0,0,0
korkit,0,0,0,0,0,0,0,0,0,0
kapseli,0,0,0,0,0,0,0,0,0,0
kapteeni,0,0,0,0,0,0,1,0,0,0
kuvateksti,0,0,0,0,0,0,0,0,0,0
valloittaa,0,1,0,0,1,0,1,0,1,1
kiehtova,0,0,0,0,0,0,1,0,0,0
vankina,0,0,0,1,0,1,0,1,0,0
vankeus,0,0,0,0,0,1,0,1,0,0
vangitsija,0,0,0,1,0,1,0,0,0,0
kaapata,0,0,0,0,0,1,0,0,0,0
auto,0,0,0,0,0,0,0,0,0,0
karamelli,0,0,0,0,0,0,0,0,0,0
karaatti,0,0,0,0,0,0,0,0,0,0
asuntovaunu,0,0,0,0,0,0,0,0,0,0
hiili,0,0,0,0,0,0,0,0,0,0
ruho,0,0,1,1,0,1,0,1,0,0
karsinooma,0,0,0,1,0,1,0,1,0,0
kortti-,0,0,0,0,0,0,0,0,0,0
neuletakki,0,0,0,0,0,0,0,0,0,0
kardinaali,0,0,0,0,0,0,0,0,0,0
kardiomyopatia,0,0,0,1,0,1,0,1,0,0
kortit,0,0,0,0,0,0,0,0,0,0
hoito,0,0,0,0,0,0,0,0,0,0
ura,0,1,0,0,0,0,1,0,0,0
varovainen,0,0,0,0,0,0,1,0,0,0
huolellisesti,0,0,0,0,0,0,1,0,0,0
huolimattomuus,1,0,1,0,0,1,0,0,0,0
hyväillä,0,0,0,0,0,0,1,0,0,0
caret,0,0,0,0,0,0,0,0,0,0
talonmies,0,0,0,0,0,0,1,0,0,1
rahti,0,0,0,0,0,0,0,0,0,0
karibu,0,0,0,0,0,0,0,0,0,0
karikatyyri,0,0,0,0,0,1,0,0,0,0
kariesta,0,0,1,0,0,1,0,0,0,0
verilöyly,1,0,1,1,0,1,0,1,1,0
lihallinen,0,0,0,0,0,1,0,0,0,0
neilikka,0,0,0,0,0,0,0,0,0,0
lihansyöjä-,0,0,0,1,0,1,0,0,0,0
carol,0,0,0,0,1,0,1,0,0,1
karuselli,0,0,0,0,0,0,0,0,0,0
puuseppä,0,0,0,0,0,0,0,0,0,0
kuljetus,0,0,0,0,0,0,0,0,0,0
kuljetettu,0,0,0,0,0,0,0,0,0,0
harjoittaja,0,0,0,0,0,0,0,0,0,0
kantaa,0,0,0,0,0,0,0,0,0,0
kantaminen,0,0,0,0,0,0,0,0,0,0
kärry,0,0,0,0,0,0,0,0,0,0
kartelli,0,0,0,0,0,1,0,0,0,0
carter,0,0,0,0,0,0,0,0,0,0
rusto,0,0,0,0,0,0,0,0,0,0
kartografinen,0,0,0,0,0,0,0,0,0,0
kartografia,0,0,0,0,0,0,0,0,0,0
sarjakuva,0,0,0,0,0,0,0,0,0,0
cartussi,0,0,0,0,0,0,0,0,0,0
patruuna,0,0,0,1,0,0,0,0,0,0
veistää,0,0,0,0,0,0,0,0,0,0
veistäjä,0,0,0,0,0,0,0,0,0,0
veistämällä,0,0,0,0,0,0,0,0,0,0
ryöpytä,0,0,0,0,0,0,1,0,0,0
tapaus,0,0,0,1,0,1,0,1,0,0
kaseiini,0,0,0,0,0,0,0,0,0,0
Käteinen raha,1,1,0,1,1,0,1,0,0,1
kassa,0,0,0,0,0,0,0,0,0,1
kasmirmatto,0,0,0,0,0,0,0,0,0,0
kotelo,0,0,0,0,0,0,0,0,0,0
kasino,0,0,0,0,0,0,0,0,0,0
tynnyri,0,0,0,0,0,0,0,0,0,0
ruumisarkku,0,0,0,1,0,1,0,1,0,0
heittää,0,0,0,0,0,0,0,0,0,0
kasti,0,0,0,0,0,1,0,0,0,0
pyörä,0,0,0,0,0,0,0,0,0,0
linna,0,0,0,0,0,0,0,0,0,0
pyörä,0,0,0,0,0,0,0,0,0,0
rento,0,0,0,0,0,0,0,0,0,0
rennosti,0,0,0,0,0,0,0,0,0,0
uhri,1,0,0,1,0,1,0,1,0,0
kissa,0,0,0,0,0,0,0,0,0,0
katabolia,0,0,0,0,0,0,0,0,0,0
luettelo,0,0,0,0,0,0,0,0,0,0
luettelo,0,0,0,0,0,0,0,0,0,0
katalyysi,0,0,0,0,0,0,0,0,0,0
katalyyttinen,0,0,0,0,0,0,0,0,0,0
katamaraani,0,0,0,0,0,0,0,0,0,0
ritsa,0,0,0,0,0,0,0,0,0,0
kaihi,0,1,0,1,0,1,0,1,0,0
katastrofi,1,0,1,1,0,1,0,1,1,0
ottaa kiinni,0,0,0,0,0,0,0,0,1,0
kiinni,0,0,0,0,0,0,0,0,0,0
katekismus,0,0,1,0,0,0,0,0,0,0
kategorinen,0,0,0,0,0,0,1,0,0,0
kategoria,0,0,0,0,0,0,0,0,0,0
huolehtia,0,0,0,0,0,0,1,0,0,0
pitopalvelu,0,0,0,0,0,0,0,0,0,0
toukka,0,0,0,0,0,0,0,0,0,0
cates,0,0,0,0,0,0,0,0,0,0
katarsista,0,0,0,0,0,0,1,0,0,0
katedraali,0,0,0,0,1,0,1,0,0,1
katetri,0,0,0,0,0,1,0,0,0,0
kissanminttua,0,0,0,0,0,0,0,0,0,0
karjaa,0,0,0,0,0,0,0,0,0,0
vaalitoimikunta,0,0,0,0,0,0,0,0,0,0
kaudaalinen,0,0,0,0,0,0,0,0,0,0
tilkitä,0,0,0,0,0,0,0,0,0,0
kausaalinen,0,0,0,0,0,0,0,0,0,0
kausaalisuus,0,0,0,0,0,0,0,0,0,0
syy-yhteys,0,0,0,0,0,0,0,0,0,0
aiheuttanut,0,0,0,0,0,0,0,0,0,0
pengertie,0,0,0,0,0,0,0,0,0,0
varovaisuutta,1,1,0,1,0,1,0,0,0,0
varoittava,0,0,0,1,0,0,0,0,0,0
varovainen,0,1,0,1,0,0,1,0,0,1
varovasti,0,0,0,1,0,0,1,0,0,0
ratsuväki,0,0,0,0,0,0,0,0,0,0
luola,0,0,0,0,0,0,0,0,0,0
varoitus,0,0,0,0,0,0,0,0,0,0
luola,0,0,0,0,0,0,0,0,0,0
luolamainen,0,0,0,0,0,0,0,0,0,0
onkalo,0,0,0,0,0,0,0,0,0,0
cayenne,0,0,0,0,0,0,0,0,0,0
lopettaa,0,0,0,0,0,0,0,0,0,0
lakkaamaton,0,0,0,0,0,0,0,0,0,0
luovuttaa,0,0,0,0,0,1,0,0,0,0
kattoon,0,0,0,0,0,0,0,0,0,0
juhliva,0,0,0,0,0,0,0,0,0,0
juhlittiin,0,1,0,0,1,0,1,0,0,0
juhlimassa,0,1,0,0,1,0,1,0,0,0
juhla,0,1,0,0,1,0,1,0,1,1
julkkis,1,1,1,0,1,1,1,0,1,1
taivaallinen,0,1,0,0,1,0,1,0,0,0
selibaatti,0,0,0,0,0,0,0,0,0,0
solu,0,0,0,0,0,0,0,0,0,0
kellari,0,0,0,0,0,0,0,0,0,0
solu,0,0,0,0,0,0,0,0,0,0
selluloidi,0,0,0,0,0,0,0,0,0,0
sementti,0,1,0,0,0,0,0,0,0,1
sementoitu,0,0,0,0,0,0,0,0,0,0
hautausmaa,0,0,0,1,0,1,0,1,0,0
sensuroida,1,0,1,1,0,1,0,0,0,1
moittii,0,0,0,0,0,1,0,0,0,0
väestönlaskenta,0,0,0,0,0,0,0,0,0,0
senttiä,0,0,0,0,0,0,0,0,0,0
satavuotisjuhla,0,0,0,0,0,0,0,0,0,0
satavuotis,0,0,0,0,0,0,0,0,0,0
keskusta,0,0,0,0,0,0,1,0,0,1
senttimetri,0,0,0,0,0,0,0,0,0,0
keskeinen,0,0,0,0,0,0,0,0,0,0
keskeiseksi,0,0,0,0,0,0,0,0,0,0
keskittäminen,0,0,0,0,0,0,0,0,0,0
keskittää,0,0,0,0,0,0,0,0,0,0
keskitetysti,0,0,0,0,0,0,0,0,0,0
keskipakoinen,0,0,0,0,0,0,0,0,0,0
sentrifugi,0,0,0,0,0,0,0,0,0,0
sadanpäämies,0,0,0,0,0,0,1,0,0,0
vuosisadalla,0,0,0,0,0,0,0,0,0,0
keramiikka,0,0,0,0,0,0,0,0,0,0
viljaa,0,0,0,0,0,0,0,0,0,0
viljat,0,0,0,0,0,0,0,0,0,0
aivojen,0,0,0,0,0,0,1,0,0,0
seremoniallinen,0,0,0,0,0,0,0,0,0,0
seremonia,0,0,0,0,1,0,1,0,1,0
varmuutta,0,0,0,0,0,0,1,0,0,0
todistus,0,0,0,0,0,0,0,0,0,0
varmentaa,0,0,0,0,0,0,0,0,0,1
cess,0,0,1,0,0,1,0,0,0,0
lopettaminen,0,0,0,0,0,1,0,0,0,0
akanat,1,0,0,1,0,1,0,0,0,0
hankausta,0,0,0,0,0,1,0,0,0,0
harmissaan,0,0,1,0,0,1,0,1,0,0
ketju,0,0,0,0,0,0,0,0,0,0
tuoli,0,0,0,0,0,0,0,0,0,0
puheenjohtaja,0,0,0,0,0,0,1,0,0,1
puheenjohtaja,0,0,0,0,0,0,0,0,0,0
puheenjohtaja,0,0,0,0,0,0,1,0,0,1
kiesit,0,0,0,0,0,0,0,0,0,0
chalet,0,0,0,0,0,0,0,0,0,0
malja,0,0,0,0,0,0,0,0,0,0
liitu-,0,0,0,0,0,0,0,0,0,0
haaste,1,0,0,1,0,1,0,0,0,0
kammio,0,0,0,0,0,0,0,0,0,0
kammiot,0,0,0,0,0,0,0,0,0,0
kameleontti,0,0,0,0,0,0,0,0,0,0
samppanja,0,0,0,0,0,0,0,0,0,0
mestari,0,1,0,0,1,0,1,0,0,1
mahdollisuus,0,0,0,0,0,0,0,0,1,0
liittokansleri,0,0,0,0,0,0,0,0,0,1
kattokruunu,0,0,0,0,0,0,0,0,0,0
chandler,0,0,0,0,0,0,0,0,0,0
muuttaa,0,0,0,1,0,0,0,0,0,0
vaihdettavissa,0,1,0,0,0,0,0,0,1,0
muuttunut,0,0,0,0,0,0,0,0,0,0
vaihtaja,0,0,0,0,0,0,0,0,0,0
vaihtaa,0,0,0,0,0,0,0,0,0,0
kanava,0,0,0,0,0,0,0,0,0,0
laulaa,1,1,0,0,1,0,1,0,1,0
kaaos,1,0,0,1,0,1,0,1,0,0
kaoottinen,1,0,0,0,0,1,0,0,0,0
luku,0,0,0,0,0,0,0,0,0,0
kappeli,0,0,0,0,0,0,0,0,0,0
kappalainen,0,0,0,0,0,0,0,0,0,1
chapman,0,0,0,0,0,0,0,0,0,0
kaverit,0,0,0,0,0,0,0,0,0,0
luku,0,0,0,0,0,0,0,0,0,0
hiiltyä,0,0,0,0,0,0,0,0,0,0
merkki,0,0,0,0,0,0,0,0,0,0
ominaisuus,0,0,0,0,0,0,0,0,0,0
luonnehtia,0,0,0,0,0,0,0,0,0,0
charade,0,0,0,0,0,1,0,0,0,0
puuhiili,0,0,0,0,0,0,0,0,0,0
veloittaa,0,0,0,0,0,0,0,0,0,0
maksullinen,0,0,0,1,0,1,0,1,0,0
laturi,0,0,0,0,0,0,1,0,0,0
vaunut,0,0,0,0,0,0,0,0,0,0
hyväntekeväisyys,0,1,0,0,1,0,1,0,0,1
hyväntekeväisyys,0,0,0,0,1,0,1,0,0,0
viehätys,0,0,0,0,0,0,1,0,0,0
hurmannut,0,0,0,0,1,1,1,0,0,0
hurmuri,0,0,0,0,0,0,0,0,0,0
viehättävä,0,0,0,0,0,0,1,0,0,0
kartoittaa,0,0,0,0,0,0,0,0,0,1
peruskirja,0,0,0,0,0,0,0,0,0,0
vuokrattu,0,0,0,0,0,0,0,0,0,0
ajojahti,0,0,0,0,0,1,0,0,0,0
kuilu,0,0,0,1,0,0,0,0,0,0
rangaistus,0,0,0,0,0,1,0,0,0,0
siveys,0,1,0,0,0,0,1,0,0,1
keskustella,0,0,0,0,0,0,0,0,0,0
linna,0,0,0,0,0,0,0,0,0,0
pulista,0,0,0,0,0,0,0,0,0,0
jutella,0,0,0,0,0,0,1,0,0,0
puhelias,0,0,0,0,0,1,0,0,0,0
autonkuljettaja,0,0,0,0,0,0,0,0,0,0
halpa,0,0,0,0,0,1,0,0,0,0
huijata,1,0,1,0,0,1,0,0,0,0
tarkistaa,0,0,0,0,0,0,0,0,0,0
tarkistaja,0,0,0,0,0,0,0,0,0,0
ruudullinen,0,0,0,0,0,0,0,0,0,0
tammi,0,0,0,0,0,0,0,0,0,0
tarkistuslista,0,0,0,0,0,0,1,0,0,1
poski,0,0,0,0,0,0,0,0,0,0
posket,0,0,0,0,0,0,0,0,0,0
halpa,0,0,0,0,0,0,0,0,0,0
hurrata,0,1,0,0,1,0,1,0,1,1
iloinen,0,0,0,0,1,0,1,0,1,0
iloisuus,0,1,0,0,1,0,1,0,0,1
piristävä,0,0,0,0,1,0,1,0,0,0
pirteä,0,1,0,0,1,0,1,0,0,0
juustokakku,0,0,0,0,0,1,0,0,0,0
gepardi,0,0,0,0,0,0,0,0,0,0
keikkaa,0,0,0,0,0,0,0,0,0,0
kemisti,0,0,0,0,0,0,1,0,0,1
kemia,0,0,0,0,0,0,0,0,0,0
tarkistaa,0,0,0,0,0,0,0,0,0,0
vaalia,0,1,0,0,1,0,1,0,1,1
kirsikka,0,0,0,0,0,0,1,0,0,0
shakki,0,0,0,0,0,0,0,0,0,0
rinnassa,0,0,0,0,0,0,0,0,0,0
kastanja,0,0,0,0,0,0,0,0,0,0
chevron,0,0,0,0,0,0,0,0,0,0
pureskella,0,0,0,0,0,0,0,0,0,0
tyylikäs,0,0,0,0,0,0,0,0,0,0
juoni,0,1,0,0,0,1,0,0,1,1
kana,0,0,0,1,0,0,0,0,0,0
päällikkö,0,0,0,0,0,0,0,0,0,0
pääasiassa,0,0,0,0,0,0,0,0,0,0
päällikkö,0,0,0,0,0,0,1,0,0,0
lapsi,0,1,0,0,1,0,1,0,0,0
synnytys,0,0,0,0,0,0,0,0,0,0
lapsuus,0,0,0,0,1,0,1,0,0,0
lapsellinen,0,0,0,0,0,1,0,0,0,0
jäähtyä,0,0,0,0,0,0,0,0,0,0
kolea,0,0,0,0,0,1,0,0,0,0
kello,0,0,0,0,0,0,0,0,0,0
kimeera,0,0,0,1,0,0,0,0,1,0
kellopeli,0,0,0,0,0,0,0,0,0,0
savupiippu,0,0,0,0,0,0,0,0,0,0
Kiina,0,0,0,0,0,0,0,0,0,0
kiina,0,0,0,0,0,0,0,0,0,0
chinook,0,0,0,0,0,0,0,0,0,0
siru,0,0,0,0,0,0,0,0,0,0
haketus,0,0,0,0,0,0,0,0,0,0
visertää,0,0,0,0,1,0,1,0,0,0
taltta,0,0,0,0,0,0,1,0,0,0
tsemppiä,0,0,0,0,0,0,0,0,0,0
ritarillisuutta,0,0,0,0,0,0,1,0,0,0
kloroformi,0,0,0,0,0,1,0,0,0,0
suklaa,0,1,0,0,1,0,1,0,0,1
valinta,0,0,0,0,0,0,1,0,0,0
kuoro,0,0,0,0,1,0,1,0,0,1
tukehtua,1,0,0,0,0,1,0,1,0,0
kolera,0,0,1,1,0,1,0,1,0,0
valita,0,0,0,0,0,0,0,0,0,0
valitsemalla,0,0,0,0,0,0,0,0,0,0
pilkkoa,0,0,0,0,0,1,0,0,0,0
pilkkominen,0,0,0,0,0,0,0,0,0,0
kyljykset,0,0,0,0,0,0,0,0,0,0
kuoro,0,0,0,0,1,0,1,0,0,0
sointuja,0,0,0,0,0,0,0,0,0,0
urakka,0,0,0,0,0,1,0,0,0,0
kertosäe,0,0,0,0,0,0,1,0,0,0
valittu,0,0,0,0,0,0,1,0,0,0
chowder,0,0,0,0,0,0,1,0,0,0
kaste,0,0,0,0,0,0,0,0,0,0
kromaattinen,0,0,0,0,0,0,0,0,0,0
kromatografia,0,0,0,0,0,0,0,0,0,0
kromosomi,0,0,0,0,0,0,0,0,0,0
krooninen,0,0,0,0,0,1,0,1,0,0
kronikka,0,0,0,0,0,0,1,0,0,1
kronografi,0,0,0,0,0,0,0,0,0,0
kronologinen,0,0,0,0,0,0,0,0,0,0
heittää,0,0,0,0,0,0,0,0,0,0
hihittää,0,1,0,0,1,0,1,0,1,1
kimpale,0,0,0,0,0,0,0,0,0,0
paksu,0,0,0,0,0,0,0,0,0,0
kirkko,0,1,0,0,1,0,1,0,0,1
kirkkomaa,0,0,0,0,0,0,0,0,0,0
vaihtua,0,0,0,0,0,0,0,0,0,0
ränni,0,0,0,0,0,0,0,0,0,0
chutney,0,0,0,0,0,0,0,0,0,0
ciao,0,0,0,0,0,0,0,0,0,0
siideri,0,0,0,0,0,0,1,0,0,0
sikari,0,0,0,0,0,0,0,0,0,0
savuke,0,0,0,0,0,1,0,0,0,0
helppo nakki,0,0,0,0,0,0,0,0,0,0
tuhka,0,0,0,0,0,0,0,0,0,0
elokuva,0,0,0,0,0,0,0,0,0,0
kuvaaja,0,0,0,0,0,0,0,0,0,0
elokuvaus,0,0,0,0,0,0,0,0,0,0
kaneli,0,0,0,0,0,0,0,0,0,0
salaus,0,0,0,0,0,0,0,0,0,0
ympyrä,0,0,0,0,0,0,0,0,0,0
kiertää,0,0,0,0,0,0,0,0,0,0
piiri,0,0,0,0,0,0,0,0,0,0
pyöreä,0,0,0,0,0,0,0,0,0,0
kiertää,0,0,0,0,0,0,0,0,0,0
liikkeeseen,0,0,0,0,0,0,0,0,0,0
ympärileikkaus,0,0,0,0,0,0,1,0,0,0
ympärysmitta,0,0,0,0,0,0,0,0,0,0
kehämäinen,0,0,0,0,0,0,0,0,0,0
rajattu,0,0,0,0,0,0,0,0,0,0
olosuhde,0,0,0,0,0,0,0,0,0,0
olosuhteet huomioon ottaen,0,0,0,0,0,0,0,0,0,0
kiertäminen,0,0,0,0,0,1,1,0,0,0
sirkus,0,0,0,0,0,0,0,0,0,0
cirrus,0,0,0,0,0,0,0,0,0,0
säiliö,0,0,0,0,0,0,0,0,0,0
linnoitus,0,0,0,0,0,0,0,0,0,0
lainaus,0,0,0,0,0,0,0,0,0,0
kansalainen,0,0,0,0,0,0,1,0,0,0
sitriini,0,0,0,0,0,0,0,0,0,0
kaupunki,0,0,0,0,0,0,0,0,0,0
kansalaisuus,0,0,0,0,0,0,0,0,0,0
siviili,0,0,0,0,0,0,1,0,0,0
siviili,0,0,0,0,0,0,0,0,0,0
kohteliaisuus,0,0,0,0,0,0,1,0,0,0
sivilisaatio,0,0,0,0,0,0,1,0,0,1
sivistynyt,0,0,0,0,1,0,1,0,0,1
verhottu,0,0,0,0,0,0,0,0,0,0
väittää,0,0,0,0,0,0,0,0,0,0
kantaja,1,0,1,0,0,0,0,0,0,0
selvänäkijä,0,0,0,0,0,0,1,0,0,0
simpukka,0,0,0,0,0,0,0,0,0,0
meteli,1,1,1,0,0,1,0,0,1,0
puristin,0,0,0,0,0,0,0,0,0,0
klaani,0,0,0,0,0,0,0,0,0,1
salainen,0,0,0,0,0,0,0,0,0,0
taputtaa,0,1,0,0,1,0,1,0,0,1
selventää,0,0,0,0,0,0,1,0,0,0
klarinetti,0,0,0,0,0,0,0,0,0,0
huutoa,0,0,0,0,0,0,0,0,0,0
selkeys,0,0,0,0,0,0,0,0,0,0
yhteentörmäys,1,0,0,0,0,1,0,0,0,0
ristiriidassa,1,0,0,1,0,1,0,0,0,0
lukko,0,0,0,0,0,0,0,0,0,0
luokkaa,0,0,0,0,0,0,0,0,0,0
klassikko,0,0,0,0,0,0,1,0,0,0
klassista,0,0,0,0,0,0,1,0,0,0
klassikoita,0,0,0,0,1,0,1,0,0,0
luokitus,0,0,0,0,0,0,0,0,0,0
luokitella,0,0,0,0,0,0,1,0,0,0
luokkatoveri,0,0,0,0,0,0,0,0,0,0
kolinaa,0,0,0,0,0,0,0,0,0,0
lauseke,0,0,0,0,0,0,0,0,0,0
lausekkeita,0,0,0,0,0,0,0,0,0,0
kynsiä,1,0,0,1,0,1,0,0,0,0
kynnet,0,0,0,0,0,0,0,0,0,0
savi,0,0,0,0,0,0,0,0,0,0
puhdas,0,0,0,0,1,0,1,0,0,1
puhdistus,0,0,0,0,0,0,1,0,0,0
puhtaus,0,0,0,0,0,0,1,0,0,0
siististi,0,0,0,0,0,0,1,0,0,0
puhdistaa,0,0,0,0,0,0,1,0,0,0
puhdistaminen,0,0,0,0,0,0,1,0,0,0
puhdistuma,0,0,0,0,0,0,1,0,0,1
tyhjennys,0,0,0,0,0,0,0,0,0,0
selkeys,0,0,0,0,0,0,1,0,0,0
pilkkominen,0,0,0,0,0,0,0,0,0,0
pilkkoa,0,0,0,1,0,0,0,0,0,0
avain,0,0,0,0,0,0,0,0,0,0
halkeama,0,0,0,0,0,0,0,0,0,0
armoa,0,0,0,0,0,0,0,0,0,0
papisto,0,0,0,0,0,0,0,0,0,0
pappi,0,0,0,0,0,0,0,0,0,0
papisto,0,0,0,0,0,0,1,0,0,1
virkailija,0,0,0,0,0,0,0,0,0,0
virkailija,0,0,0,0,0,0,0,0,0,0
fiksu,0,0,0,0,0,0,1,0,0,0
älykkyyttä,0,0,0,0,0,0,1,0,0,0
klikkaus,0,0,0,0,0,0,0,0,0,0
asiakas,0,0,0,0,0,0,0,0,0,0
asiakaskunta,0,0,0,0,0,0,0,0,0,0
kallio,0,0,0,1,0,0,0,0,0,0
ilmasto,0,0,0,0,0,0,0,0,0,0
ilmastotiede,0,0,0,0,0,0,0,0,0,0
huipentuma,0,1,0,0,1,0,1,0,1,1
kiivetä,0,0,0,0,0,0,0,0,0,0
takertumaan,0,0,0,0,0,0,0,0,0,0
leike,0,0,0,0,0,0,0,0,0,0
leikkuri,0,0,0,0,0,0,0,0,0,0
leikkaus,0,0,0,0,0,0,0,0,0,0
klikki,0,0,0,0,0,0,0,0,0,0
viitta,0,0,0,0,0,0,0,0,0,0
kello,0,1,0,0,0,0,0,0,0,0
kellokoneisto,0,0,0,0,0,0,0,0,0,0
tukkia,0,0,0,0,0,0,0,0,0,0
luostari,0,0,0,0,0,1,0,0,0,0
kiinni,0,0,0,0,0,0,0,0,0,0
suljettu,0,0,0,0,0,0,0,0,0,0
läheisyys,0,0,0,0,1,0,1,0,0,1
vaatekaappi,0,0,0,0,0,0,0,0,0,0
päättäminen,0,1,0,0,1,0,1,1,0,0
hyytyä,0,0,0,0,0,0,0,0,0,0
kangas,0,0,0,0,0,0,0,0,0,0
vaatettaa,0,0,0,0,0,0,1,0,0,0
vaatteet,0,0,0,0,0,0,0,0,0,0
pyykkinarulla,0,0,0,0,0,0,0,0,0,0
vaatetus,0,0,0,0,0,0,0,0,0,0
pilvi,0,0,0,0,0,0,0,0,0,0
pilvinen,0,0,0,0,0,1,0,1,0,0
pilvisyys,0,0,0,1,0,1,0,0,0,0
pilvinen,0,0,0,0,0,0,0,1,0,0
apila,0,0,0,0,0,0,0,0,0,0
neilikka,0,0,0,0,0,0,0,0,0,0
klovni,0,1,0,0,1,0,1,0,1,0
klubi,0,0,0,0,0,0,0,0,0,0
klubitalo,0,0,0,0,0,0,0,0,0,0
klubeja,0,0,0,0,0,0,0,0,0,0
vihje,0,1,0,0,0,0,0,0,0,0
tallustella,0,0,0,0,0,1,0,0,0,0
kömpelö,0,0,1,0,0,1,0,0,0,0
klusterin,0,0,0,0,0,0,0,0,0,0
kytkin,0,0,0,0,0,0,0,0,0,0
kytkimet,0,0,0,0,0,0,0,0,0,0
sotkua,0,0,0,0,0,0,0,0,0,0
valmentaja,0,0,0,0,0,0,0,0,0,1
hyytymistä,0,0,0,0,0,0,0,0,0,0
hiiltä,0,0,0,0,0,0,0,0,0,0
sulautua yhteen,0,0,0,0,0,0,0,0,0,1
koalitio,0,0,0,0,0,0,1,0,0,0
rannikko,0,0,0,0,0,0,1,0,0,0
rannikko-,0,0,0,0,0,0,0,0,0,0
lasinaluse,0,0,0,0,0,0,0,0,0,0
takki,0,0,0,0,0,0,0,0,0,0
pinnoite,0,0,0,0,0,0,0,0,0,0
houkutella,0,0,0,0,0,0,0,0,0,1
koboltti,0,0,0,0,0,0,0,0,0,0
mukulakivi,0,0,0,0,0,0,0,0,0,0
suutari,0,0,0,0,0,0,0,0,0,0
kobra,0,0,0,1,0,0,0,0,0,0
kokaiinia,0,0,0,0,0,1,0,1,0,0
kukko,0,0,0,0,0,0,0,0,0,0
ohjaamo,0,0,0,0,0,0,0,0,0,0
cocktail,0,0,0,0,0,0,0,0,0,0
kaakao,0,0,0,0,0,0,0,0,0,0
koteloida,0,0,0,0,0,0,0,0,0,0
turska,0,0,0,0,0,0,0,0,0,0
koodi,0,0,0,0,0,0,0,0,0,0
koodeksi,0,0,0,0,0,0,0,0,0,0
kodifiointi,0,0,0,0,0,0,0,0,0,0
kodifioida,0,0,0,0,0,0,0,0,0,0
kerroin,0,0,0,0,0,0,0,0,0,0
pakottaa,1,0,1,1,0,1,0,0,0,0
pakko,1,0,1,1,0,1,0,1,0,0
pakko,0,0,0,0,0,0,0,0,0,0
rinnakkain,0,0,0,0,0,0,1,0,0,1
rinnakkaiseloa,0,0,0,0,0,0,0,0,0,0
rinnakkaiseloa,0,0,0,0,0,0,0,0,0,1
kahvia,0,0,0,0,0,0,0,0,0,0
arkku,0,0,0,1,0,1,0,1,0,0
hammasratas,0,0,0,0,0,0,0,0,0,0
vakuuttava,0,0,0,0,0,0,1,0,0,1
sukua,0,0,0,0,0,0,0,0,0,0
kognitio,0,0,0,0,0,0,0,0,0,0
kognitiivinen,0,0,0,0,0,0,1,0,0,0
avoliitto,0,0,0,0,0,0,0,0,0,0
johdonmukaisuutta,0,0,0,0,0,0,1,0,0,0
johdonmukainen,0,0,0,0,0,0,1,0,0,0
yhteenkuuluvuutta,0,0,0,0,0,0,0,0,0,1
yhtenäinen,0,0,0,0,0,0,1,0,0,1
kohortti,0,0,0,0,0,0,0,0,0,0
kela,0,0,0,0,0,0,0,0,0,0
kierretty,0,0,0,0,0,0,0,0,0,0
kolikko,0,0,0,0,0,0,0,0,0,0
kolikoiden,0,0,0,0,0,0,0,0,0,0
osua yhteen,0,0,0,0,0,0,0,0,0,0
yhteensattuma,0,0,0,0,0,0,0,0,1,0
sattumaa,0,0,0,0,0,0,0,0,0,0
samaan aikaan,0,0,0,0,0,0,0,0,0,0
koksi,0,0,0,0,0,0,0,0,0,0
kylmä,0,0,0,0,0,1,0,0,0,0
kylmästi,0,0,0,0,0,1,0,0,0,0
kylmyys,1,0,1,1,0,1,0,1,0,0
koliikki,0,0,0,0,0,1,0,0,0,0
yhteistyökumppani,0,0,0,0,0,0,0,0,0,1
romahdus,0,0,1,1,0,1,0,1,0,0
kaulus,0,0,0,0,0,0,0,0,0,0
lajitella,0,0,0,0,0,0,0,0,0,0
vakuudeksi,0,0,0,0,0,0,0,0,0,1
lajittelu,0,0,0,0,0,0,0,0,0,0
kollega,0,0,0,0,0,0,0,0,0,0
kerätä,0,0,0,0,0,0,0,0,0,0
kerätty,0,0,0,0,0,0,0,0,0,0
kokoelma,0,0,0,0,0,0,0,0,0,0
kollektiivinen,0,0,0,0,0,0,0,0,0,0
kollektiivisesti,0,0,0,0,0,0,1,0,0,1
keräilijä,0,0,0,0,0,0,0,0,0,0
college,0,0,0,0,0,0,0,0,0,0
kollegiaalinen,0,0,0,0,0,0,0,0,0,0
törmätä,0,0,0,0,0,0,0,0,0,0
collie,0,0,0,0,0,0,0,0,0,0
törmäys,1,0,0,0,0,1,0,0,0,0
kollokaatio,0,0,0,0,0,0,0,0,0,0
puhekielen,0,0,0,0,0,0,0,0,0,0
salainen,1,0,1,1,0,1,0,1,0,0
kaksoispiste,0,0,0,0,0,0,0,0,0,0
eversti,0,0,0,0,0,0,1,0,0,1
siirtomaa-,0,0,0,0,0,0,0,0,0,0
siirtomaa,0,0,0,0,0,0,0,0,0,0
kolofoni,0,0,0,0,0,0,0,0,0,0
väri-,0,0,0,0,0,0,0,0,0,0
väri,0,0,0,0,0,0,0,0,0,0
värillinen,0,0,0,0,0,0,0,0,0,0
väritys,0,0,0,0,0,0,0,0,0,0
väritön,0,0,0,0,0,0,0,0,0,0
värit,0,0,0,0,0,0,0,0,0,0
kolosaali,0,0,0,0,0,0,1,0,0,0
varsa,0,0,0,0,0,0,0,0,0,0
sarakkeessa,0,0,0,0,0,0,0,0,0,0
pylväsmäinen,0,0,0,0,0,0,0,0,0,0
kooma,0,0,0,1,0,1,0,1,0,0
koomaan,0,0,0,1,0,1,0,1,0,0
kampa,0,0,0,0,0,0,0,0,0,0
taistella,1,0,0,1,0,1,0,0,0,0
taistelija,1,0,0,1,0,1,0,0,0,0
taistelunhaluinen,1,0,0,1,0,1,0,0,0,0
yhdistelmä,0,0,0,0,0,0,0,0,0,0
kombinatorinen,0,0,0,0,0,0,0,0,0,0
yhdistää,0,0,0,0,0,0,0,0,0,0
yhdistetty,0,0,0,0,0,0,0,0,0,0
palava,0,0,0,0,0,0,0,0,0,0
palaminen,0,0,0,0,0,0,0,0,0,0
komedia,0,0,0,0,0,0,0,0,0,0
komeetta,0,0,0,0,0,0,0,0,0,0
mukavuus,0,1,0,0,1,0,1,0,0,1
lohduttaja,0,0,0,0,0,0,0,0,0,0
koominen,0,0,0,0,0,0,0,0,0,0
koominen,0,0,0,0,0,0,0,0,0,0
tulossa,0,1,0,0,0,0,0,0,0,0
pilkku,0,0,0,0,0,0,0,0,0,0
komento,0,0,0,0,0,0,0,0,0,0
komentaja,0,0,0,0,0,0,1,0,0,1
komentaja,0,0,0,0,0,0,0,0,0,0
komentava,0,0,0,0,0,0,1,0,0,1
muistella,0,1,0,0,1,0,1,1,0,0
muistojuhla,0,1,0,0,1,0,1,0,0,0
muisto-,0,1,0,0,0,0,1,0,0,0
aloittaa,0,0,0,0,0,0,0,0,0,0
kiittää,0,0,0,0,0,0,1,0,0,0
kiitettävää,0,0,0,0,1,0,1,0,0,1
oikeassa suhteessa,0,0,0,0,0,0,0,0,0,0
kommentti,0,0,0,0,0,0,0,0,0,0
kommentti,0,0,0,0,0,0,0,0,0,0
kommentaattori,0,0,0,0,0,0,1,0,0,0
kauppaa,0,0,0,0,0,0,0,0,0,1
kaupallinen,0,0,0,0,0,0,0,0,0,0
komissaari,0,0,0,0,0,0,0,0,0,0
komissio,0,0,0,0,0,0,0,0,0,1
komissaari,0,0,0,0,0,0,0,0,0,0
tehdä,0,0,0,0,0,0,0,0,0,0
sitova,0,0,0,0,0,1,0,1,0,0
sitoutunut,0,0,0,0,0,0,1,0,0,1
komitea,0,0,0,0,0,0,0,0,0,1
hyödyke,0,0,0,0,0,0,0,0,0,0
kommodori,0,0,0,0,0,0,1,0,0,1
yleinen,0,0,0,0,0,0,0,0,0,0
yleisesti,0,0,0,0,0,0,0,0,0,0
yleistä,0,1,0,0,0,0,0,0,0,1
yhteiset,0,0,0,0,0,0,0,0,0,0
kansainyhteisö,0,0,0,0,0,0,1,0,0,1
hälinää,1,0,0,0,0,1,0,0,0,0
kunta,0,0,0,0,0,0,0,0,0,0
kommunikoitavissa,0,0,0,0,0,0,0,0,0,0
kommunikoida,0,0,0,0,0,0,1,0,0,1
viestintää,0,0,0,0,0,0,0,0,0,1
kommunikatiivisia,0,0,0,0,0,0,1,0,0,0
ehtoollinen,0,0,0,0,1,0,1,0,0,1
kommunismi,1,0,0,1,0,1,0,1,0,0
kommunisti,0,0,0,0,0,1,0,0,0,0
Yhteisö,0,0,0,0,0,0,1,0,0,0
kommutaatio,0,0,0,0,0,0,1,0,0,0
kommutatiivisia,0,0,0,0,0,0,0,0,0,0
lieventää,0,0,0,0,0,0,1,0,0,0
työmatkalainen,0,0,0,0,0,0,0,0,0,0
kompakti,0,0,0,0,0,0,0,0,0,1
tiivistys,0,0,0,0,0,0,0,0,0,0
tiiviys,0,0,0,0,0,0,0,0,0,0
kumppani,0,0,0,0,1,0,1,0,0,1
toveruus,0,0,0,0,0,0,0,0,0,0
yhtiö,0,0,0,0,0,0,0,0,0,0
vertailukelpoinen,0,0,0,0,0,0,0,0,0,0
vertaileva,0,0,0,0,0,0,0,0,0,0
verrattain,0,0,0,0,0,0,0,0,0,0
vertailu,0,0,0,0,0,0,0,0,0,0
lokero,0,0,0,0,0,0,0,0,0,0
kompassi,0,0,0,0,0,0,0,0,0,1
myötätunto,0,0,0,1,0,0,1,0,0,0
myötätuntoinen,0,0,0,0,0,0,1,0,0,0
yhteensopivuus,0,0,0,0,0,0,1,0,0,0
yhteensopiva,0,0,0,0,0,0,1,0,0,0
pakottaa,0,0,0,0,0,0,0,0,0,0
pakko,0,0,0,0,0,0,0,0,0,0
vakuuttava,0,0,0,0,0,0,1,0,0,0
kokoelma,0,0,0,0,0,0,0,0,0,0
kompensoida,0,1,0,0,1,0,1,0,1,1
korvausta,0,0,0,0,0,0,0,0,0,0
kompensoiva,0,0,0,0,0,0,1,0,0,0
pätevyyttä,0,0,0,0,0,0,1,0,0,1
pätevyyttä,0,0,0,0,0,0,1,0,0,1
pätevä,0,0,0,0,0,0,1,0,0,1
kilpailua,0,1,0,0,0,1,0,0,0,0
kilpailukykyinen,0,0,0,0,0,0,0,0,0,0
kilpailija,0,0,0,0,0,0,0,0,0,0
kokoelma,0,0,0,0,0,0,0,0,0,0
koota,0,0,0,0,0,0,0,0,0,0
omahyväisyys,0,0,0,0,0,0,1,0,0,0
omahyväinen,0,0,0,0,0,0,0,0,0,0
valittaa,1,0,0,0,0,1,0,1,0,0
valitus,1,0,0,0,0,1,0,0,0,0
täydentää,0,1,0,0,1,0,1,0,1,1
täydentäviä,0,0,0,0,0,0,1,0,0,0
valmiiksi,0,0,0,0,0,0,0,0,0,0
täysin,0,0,0,0,0,0,1,0,0,0
täydellisyyttä,0,0,0,0,0,0,1,0,0,0
viimeistely,0,1,0,0,1,0,1,0,0,0
valmistuminen,0,1,0,0,1,0,1,0,0,0
monimutkainen,0,0,0,0,0,0,0,0,0,0
kompleksoitunut,0,0,0,0,0,1,0,0,0,0
ihonväri,0,0,0,0,0,0,0,0,0,0
monimutkaisuus,0,0,0,0,0,1,0,0,0,0
noudattamista,0,0,0,0,0,0,1,0,0,1
yhteensopiva,0,0,0,0,0,0,1,0,0,0
hankaloittaa,1,0,0,0,0,1,0,0,0,0
monimutkainen,0,0,0,0,0,1,0,0,0,0
komplikaatio,0,0,0,0,0,1,0,0,0,0
osallisuus,0,0,0,0,0,1,1,0,0,0
kohteliaisuus,0,1,0,0,1,0,1,0,1,1
noudattaa,0,0,0,0,0,0,0,0,0,0
noudattaa,0,0,0,0,0,0,0,0,0,0
komp,0,0,0,0,0,0,0,0,0,0
komponentti,0,0,0,0,0,0,0,0,0,0
säveltää,0,0,0,0,0,0,0,0,0,0
säveltänyt,0,0,0,0,0,0,1,0,0,0
säveltäjä,0,0,0,0,0,0,1,0,0,0
komposiitti,0,0,0,0,0,0,0,0,0,0
sävellys,0,0,0,0,0,0,0,0,0,0
komposti,0,0,1,0,0,1,0,0,0,0
malttia,0,0,0,0,0,0,1,0,0,0
yhdiste,0,0,0,0,0,0,0,0,0,0
ymmärtää,0,0,0,0,0,0,1,0,0,0
ymmärtäminen,0,0,0,0,0,0,0,0,0,0
kattava,0,0,0,0,0,0,1,0,0,0
puristaa,1,0,0,0,0,0,0,0,0,0
puristettu,0,0,0,0,0,0,0,0,0,0
kokoonpuristuva,0,0,0,0,0,0,0,0,0,0
puristus,0,0,0,0,0,0,0,0,0,0
käsittää,0,0,0,0,0,0,0,0,0,0
vaarantaa,0,0,0,0,0,0,0,0,0,0
tilintarkastaja,0,0,0,0,0,0,0,0,0,1
pakko,1,0,0,0,0,1,0,0,0,0
pakollinen,0,0,0,0,0,1,0,0,0,0
laskettavissa,0,0,0,0,0,0,0,0,0,0
laskeminen,0,0,0,0,0,0,0,0,0,0
laskea,0,0,0,0,0,0,0,0,0,0
tietokone,0,0,0,0,0,0,0,0,0,0
toveri,0,0,0,0,0,0,1,0,0,1
con,0,0,0,0,0,0,0,0,0,0
ketjuttaminen,0,0,0,0,0,0,0,0,0,0
kovera,0,0,0,0,0,0,0,0,0,0
salata,0,0,0,0,0,1,0,1,0,0
piilotettu,0,1,0,1,0,1,0,0,1,0
piilottaminen,1,1,0,1,0,1,0,0,0,0
omahyväisyys,0,0,0,0,0,1,0,0,0,0
omahyväinen,0,0,0,0,0,1,0,0,0,0
ajateltavissa,0,0,0,0,0,0,0,0,0,0
Keskity,0,0,0,0,0,0,0,0,0,0
keskittyminen,0,0,0,0,0,0,0,0,0,0
samankeskinen,0,0,0,0,0,0,1,0,0,0
käsitys,0,0,0,0,0,0,0,0,0,0
koskea,0,0,0,0,0,0,0,0,0,0
huolestunut,0,0,0,1,0,0,0,1,0,0
konsertti,0,0,0,0,0,0,0,0,0,0
myönnytys,0,0,0,0,0,0,0,0,0,0
edullinen,0,0,0,0,0,0,0,0,0,0
portinvartija,0,0,0,0,0,0,0,0,0,0
sovittelu,0,0,0,0,1,0,1,0,0,1
ytimekäs,0,0,0,0,0,0,0,0,0,0
konklaavi,0,0,0,0,0,0,0,0,0,0
päätellä,0,0,0,0,0,0,0,0,0,0
lopuksi,0,0,0,0,0,0,1,0,0,0
johtopäätös,0,0,0,0,0,0,0,0,0,0
keitos,0,0,0,0,0,0,0,0,0,0
samanaikainen,0,0,0,0,0,0,0,0,0,0
yksimielisyys,0,0,0,0,0,0,1,0,0,1
yhteensopivuus,0,0,0,0,0,0,1,0,0,1
samaa mieltä,0,0,0,0,0,0,0,0,0,0
väenpaljous,0,0,0,0,0,0,0,0,0,0
betoni,0,0,0,0,0,0,0,0,0,0
yhteisymmärrys,0,0,0,0,0,0,0,0,0,0
samanaikaisesti,0,0,0,0,0,0,0,0,0,0
samaa mieltä,0,0,0,0,0,0,0,0,0,0
aivotärähdys,1,0,0,0,0,1,0,1,0,0
tuomitse,1,0,0,0,0,1,0,0,0,0
tuomitseminen,1,1,1,1,0,1,0,1,0,0
tiivistyminen,0,0,0,0,0,0,0,0,0,0
tiivistynyt,0,0,0,0,0,0,0,0,0,0
alentuva,0,0,0,0,0,1,0,0,0,0
alentuminen,1,0,1,0,0,1,0,1,0,0
mauste,0,0,0,0,0,0,0,0,0,0
kunto,0,0,0,0,0,0,0,0,0,0
ehdollinen,0,0,0,0,0,0,0,0,0,0
ehdollisesti,0,0,0,0,0,0,0,0,0,0
ehdollinen,0,0,0,0,0,0,0,0,0,0
ehdot,0,0,0,0,0,0,0,0,0,0
surunvalittelut,0,0,0,0,0,0,1,1,0,0
suvaita,0,0,0,0,0,0,1,0,0,0
edistää,0,0,0,0,0,0,1,0,0,0
käyttäytyminen,0,0,0,0,0,0,0,0,0,0
johtuminen,0,0,0,0,0,0,0,0,0,0
johtavuus,0,0,0,0,0,0,1,0,0,0
kapellimestari,0,0,0,0,0,0,0,0,0,0
putki,0,0,0,0,0,0,0,0,0,0
kartio,0,0,0,0,0,0,0,0,0,0
konfederaation,0,0,0,0,0,0,1,0,0,1
konfederaatio,0,0,0,0,0,0,0,0,0,0
antaa,0,0,0,0,0,0,0,0,0,0
konferenssi,0,0,0,0,0,0,0,0,0,0
tunnustaa,0,0,0,0,0,1,1,0,0,1
tunnustus,0,1,0,1,0,1,0,1,1,0
tunnustava,0,0,0,1,0,0,0,0,0,1
tunnustuksia,0,0,0,0,0,0,0,0,0,0
uskoa,0,0,0,0,0,0,0,0,0,1
luottamusta,0,0,0,1,1,0,1,0,0,1
itsevarma,0,0,0,0,1,0,1,0,0,1
salassa pidettävä,0,0,0,0,0,0,0,0,0,1
luottamuksellisesti,0,0,0,0,0,0,0,0,0,1
kokoonpano,0,0,0,0,0,0,0,0,0,0
rajoittaa,1,0,0,1,0,1,0,1,0,0
rajoitettu,1,0,1,1,0,1,0,1,0,0
synnytys,1,0,0,1,0,1,0,1,0,0
rajoittaa,0,0,0,0,0,0,0,0,0,0
vahvistaa,0,0,0,0,0,0,0,0,0,0
vahvistus,0,0,0,0,0,0,0,0,0,1
vahvistava,0,0,0,0,0,0,0,0,0,0
vahvistettu,0,0,0,0,0,0,1,0,0,1
takavarikoida,1,0,0,0,0,1,0,1,0,0
takavarikointi,0,0,0,0,0,1,0,0,0,0
tulipalo,1,0,0,1,0,1,0,0,0,0
konflikti,1,0,0,1,0,1,0,1,0,0
ristiriitaisia,0,0,0,0,0,1,0,0,0,0
yhtymäkohta,0,0,0,0,0,0,0,0,0,0
vaatimustenmukaisuus,0,0,0,0,0,0,1,0,0,0
konformaatio,0,0,0,0,0,0,0,0,0,0
vaatimustenmukaisuus,0,0,0,0,0,0,0,0,0,1
hämmentää,0,0,0,0,0,1,0,0,0,0
hämmentynyt,0,0,0,0,0,1,0,0,0,0
kohdata,1,0,0,0,0,0,0,0,0,0
sekoittaa,0,0,0,0,0,1,0,0,0,0
hämmennystä,1,0,0,1,0,1,0,0,0,0
miellyttävä,0,0,0,0,0,0,1,0,0,0
synnynnäinen,0,0,0,0,0,0,0,0,0,0
ruuhkia,0,0,0,0,0,1,0,0,0,0
konglomeraatti,0,0,0,0,0,0,0,0,0,1
rykelmä,0,0,0,0,0,0,0,0,0,0
onnittelu-,0,0,0,0,1,0,1,0,0,0
kokoontua,0,0,0,0,0,0,0,0,0,0
seurakunta,0,0,0,0,0,0,1,0,0,1
kongressi,0,0,1,0,0,0,0,0,0,1
kongressin,0,0,0,0,0,0,0,0,0,0
kongressiedustaja,0,0,0,0,0,0,0,0,0,1
yhteensopivuus,0,0,0,0,0,0,1,0,0,1
kartiomainen,0,0,0,0,0,0,0,0,0,0
kartiomainen,0,0,0,0,0,0,0,0,0,0
olettamus,0,1,0,0,0,0,0,0,0,0
aviollinen,0,0,0,0,0,0,0,0,0,0
konjugaatti,0,0,0,0,0,0,0,0,0,0
konjugaatio,0,0,0,0,0,0,0,0,0,0
konjunktio,0,0,0,0,0,0,0,0,0,0
konjunktiivi,0,0,0,0,0,0,0,0,0,0
loihtia,0,1,0,0,0,0,0,0,1,0
loihtiminen,0,0,0,0,0,1,0,0,0,0
kytkeä,0,0,0,0,0,0,0,0,0,0
yhdistetty,0,0,0,0,0,0,0,0,0,0
yhteys,0,0,0,0,0,0,0,0,0,0
yhdistävä,0,0,0,0,0,0,0,0,0,1
tuntija,0,0,0,0,1,0,1,0,0,1
valloittaa,0,0,0,0,0,0,0,0,0,0
valloittaja,0,0,0,0,0,0,0,0,0,0
valloitus,1,0,0,1,0,1,0,0,0,0
omatunto,0,0,0,0,0,0,1,0,0,1
tunnollinen,0,0,0,0,0,0,1,0,0,1
tietoisuus,0,0,0,0,0,0,1,0,0,0
asevelvollisuus,0,0,0,0,0,0,0,0,0,0
pyhitys,0,1,0,0,1,0,1,1,0,1
peräkkäinen,0,0,0,0,0,0,0,0,0,0
suostumus,0,0,0,0,0,0,0,0,0,0
suostumuksella,0,0,0,0,0,0,0,0,0,0
seurauksena,0,0,0,0,0,0,0,0,0,0
seurauksena,0,1,0,0,0,0,0,0,0,0
säilyttäminen,0,1,0,0,0,0,1,0,0,1
konservatiivisuus,0,0,0,0,0,0,0,0,0,0
konservatiivinen,0,0,0,0,0,0,0,0,0,0
konservatorio,0,0,0,0,0,0,0,0,0,0
säästää,0,0,0,0,0,0,1,0,0,0
huomattava,0,0,0,0,0,0,1,0,0,0
huomaavainen,0,0,0,0,0,0,1,0,0,1
vastaanottaja,0,0,0,0,0,0,0,0,0,0
lähetys,0,0,0,0,0,0,0,0,0,0
johdonmukaisuus,0,0,0,0,0,0,1,0,0,1
johdonmukainen,0,0,0,0,0,0,0,0,0,0
lohdutus,0,0,0,0,0,0,0,0,0,0
konsoli,0,0,0,0,0,0,1,1,0,0
lujittaa,0,0,0,0,0,0,0,0,0,0
konsolidointi,0,0,0,0,0,0,0,0,0,0
konsonantti,0,0,0,0,0,0,1,0,0,0
puoliso,0,0,0,0,0,0,0,0,0,1
silmiinpistävä,0,0,0,0,0,0,0,0,0,0
salaliitto,0,0,0,1,0,0,0,0,0,0
salaliittolainen,1,1,1,1,0,1,0,0,0,0
salaliitto,0,0,0,1,0,1,0,0,0,0
konstaapeli,0,0,0,0,0,0,0,0,0,1
pysyvyys,0,0,0,0,0,0,1,0,0,1
vakio,0,0,0,0,0,0,1,0,0,1
jatkuvasti,0,0,0,0,0,0,0,0,0,1
tähdistö,0,0,0,0,0,0,0,0,0,0
tyrmistystä,1,0,0,1,0,1,0,0,0,0
ummetus,0,0,1,0,0,1,0,0,0,0
ainesosa,0,0,0,0,0,0,0,0,0,0
ainesosat,0,0,0,0,0,0,0,0,0,0
muodostavat,0,0,0,0,0,0,0,0,0,1
perustuslaki,0,0,0,0,0,0,0,0,0,0
perustuslaillinen,0,0,0,0,0,0,1,0,0,1
perustuslaillisuus,0,0,0,0,0,0,0,0,0,0
rajoittaa,0,0,0,1,0,1,0,0,0,0
rajoitettu,0,0,0,0,0,1,0,0,0,0
rajoite,1,0,0,1,0,1,0,1,0,0
rakentaa,0,0,0,0,0,0,1,0,0,0
rakentaminen,0,0,0,0,0,0,0,0,0,0
tulkita,0,0,0,0,0,0,0,0,0,0
konsuli,0,0,0,0,0,0,0,0,0,1
konsultoida,0,0,0,0,0,0,0,0,0,1
konsultointi,0,0,0,0,0,0,0,0,0,0
kuluttaa,0,0,0,0,0,0,0,0,0,0
kuluttava,0,0,0,0,0,0,0,0,0,0
täydellistää,0,0,0,0,0,0,1,0,0,0
täyttymys,0,0,0,0,0,0,0,0,0,0
kulutus,0,0,0,0,0,0,0,0,0,0
ottaa yhteyttä,0,0,0,0,0,0,1,0,0,0
tartunta,0,1,1,1,0,1,0,0,0,0
tarttuva,0,0,1,1,0,1,0,0,0,0
eristämiseen,0,0,0,0,0,0,0,0,0,0
saastuttaa,0,0,1,0,0,1,0,0,0,0
saastunut,0,0,1,1,0,1,0,1,0,0
saastuminen,0,0,1,0,0,1,0,0,0,0
harkita,0,0,0,0,0,0,0,0,0,0
miettiminen,0,0,0,0,0,0,1,0,0,0
mietiskelevä,0,0,0,0,0,0,0,0,0,0
samanaikainen,0,0,0,0,0,0,0,0,0,0
nykyaikainen,0,0,0,0,0,0,0,0,0,0
halveksuntaa,1,0,1,1,0,1,0,0,0,0
halveksittavaa,1,0,1,0,0,1,0,0,0,0
halveksiva,1,0,0,0,0,1,0,0,0,0
kilpailevat,0,0,0,0,0,0,0,0,0,0
sisältö,0,0,0,0,1,0,1,0,0,1
kiista,0,0,0,0,0,0,0,0,0,0
kiistanalainen,1,0,1,1,0,1,0,0,0,0
sisällys,0,0,0,0,0,0,0,0,0,0
yhteydessä,0,0,0,0,0,0,0,0,0,0
vierekkäinen,0,0,0,0,0,0,0,0,0,0
pidättyvyys,0,0,0,0,0,0,0,0,0,0
maanosa,0,0,0,0,0,0,0,0,0,0
mannermainen,0,0,0,0,0,0,0,0,0,0
satunnaisuus,0,0,0,0,0,0,0,0,0,0
ehdollinen,0,1,0,0,0,0,0,0,0,0
jatkuva,0,0,0,0,0,0,0,0,0,0
jatkuvasti,0,0,0,0,0,0,0,0,0,0
jatkuvuus,0,0,0,0,0,0,0,0,0,0
jatkoa,0,1,0,0,0,0,0,0,0,0
jatkaa,0,1,0,0,0,0,1,0,0,1
jatkui,0,0,0,0,0,0,0,0,0,0
jatkuu,0,0,0,0,0,0,0,0,0,0
jatkuvuus,0,0,0,0,0,0,0,0,0,0
jatkuva,0,0,0,0,0,0,0,0,0,0
jatkuvasti,0,0,0,0,0,0,0,0,0,0
ääriviivat,0,0,0,0,0,0,1,0,0,0
salakuljetus,1,0,1,1,0,1,0,0,0,0
sopimus,0,0,0,0,0,0,0,0,0,0
sopimus,0,0,0,0,0,1,0,0,0,0
supistuva,0,0,0,0,0,0,0,0,0,0
sopimusten tekeminen,0,0,0,0,0,0,0,0,0,0
supistuminen,0,0,0,0,0,0,0,0,0,0
ristiriidassa,1,0,0,0,0,1,0,0,0,0
ristiriita,0,0,0,0,0,1,0,0,0,0
ristiriitainen,0,0,0,0,0,1,0,0,0,0
päinvastainen,0,0,0,0,0,1,0,0,0,0
kontrasti,0,0,0,0,0,0,0,0,0,0
vastakkain,0,0,0,0,0,1,0,0,0,0
vastoin,0,0,0,0,0,1,0,0,0,0
vastoinkäymisiä,0,0,0,0,0,1,0,0,0,0
osallistua,0,0,0,0,0,0,1,0,0,0
avustaja,0,0,0,0,0,0,1,0,0,1
keksitty,0,0,0,0,0,0,0,0,0,0
ohjata,0,0,0,0,0,0,0,0,0,0
kiistanalainen,1,0,0,0,0,1,0,0,0,0
kiistaa,0,0,0,0,0,1,0,0,0,0
arvoitus,0,0,0,0,0,0,0,0,0,0
toipilas,0,0,0,0,0,0,0,0,0,0
konvektio,0,0,0,0,0,0,0,0,0,0
koolle,0,0,0,0,0,0,0,0,0,0
sopivuus,0,0,0,0,0,0,1,0,0,0
mukavuudet,0,0,0,0,0,0,0,0,0,0
kätevä,0,0,0,0,0,0,1,0,0,0
luostari,0,0,0,0,0,0,1,0,0,1
yleissopimus,0,0,0,0,0,0,1,0,0,0
tavanomaista,0,0,0,0,0,0,0,0,0,0
lähentyä,0,0,0,0,0,0,0,0,0,0
lähentymistä,0,1,0,0,0,0,0,0,0,0
lähentyvä,0,0,0,0,0,0,0,0,0,0
perehtynyt,0,0,0,0,0,0,1,0,0,0
keskustelu,0,0,0,0,0,0,0,0,0,0
keskustelullinen,0,0,0,0,0,0,1,0,0,0
keskustella,0,0,0,0,0,0,0,0,0,0
keskustelemassa,0,0,0,0,0,0,0,0,0,0
muuntaminen,0,0,0,0,0,0,0,0,0,0
muuntaa,0,0,0,0,0,0,1,0,0,0
muunnettu,0,0,0,0,0,0,0,0,0,0
avoauto,0,0,0,0,0,0,0,0,0,0
kupera,0,0,0,0,0,0,0,0,0,0
kuperuus,0,0,0,0,0,0,0,0,0,0
välittää,0,0,0,0,0,0,0,0,0,0
kuljetus,0,0,0,0,0,0,0,0,0,0
kuljettaminen,0,0,0,0,0,0,0,0,0,1
tuomittu,1,0,1,1,0,1,0,1,0,0
vakaumus,0,0,0,0,0,1,0,0,0,0
vakuuttaa,0,1,0,0,0,0,1,0,0,1
vakuuttunut,0,0,0,0,0,0,0,0,0,1
vakuuttava,0,0,0,0,0,0,0,0,0,1
kokous,0,0,0,0,0,0,0,0,0,0
mutkainen,0,0,0,0,0,0,0,0,0,0
konvoluutio,0,0,0,0,0,0,0,0,0,0
saattue,0,0,0,0,0,0,0,0,0,0
kujertaa,0,0,0,0,0,0,0,0,0,0
kokki,0,0,0,0,0,0,0,0,0,0
ruoanlaitto,0,0,0,0,0,0,0,0,0,0
ruoanlaitto,0,0,0,0,0,0,0,0,0,0
viileä,0,0,0,0,0,0,1,0,0,0
jäähdytin,0,0,0,0,0,0,0,0,0,0
jäähdytys,0,0,0,0,0,0,0,0,0,0
viileyttä,0,0,0,0,0,0,1,0,0,0
coop,1,0,1,0,0,1,0,0,0,0
tehdä yhteistyötä,0,0,0,0,0,0,1,0,0,0
yhteistyössä,0,0,0,0,0,0,1,0,0,1
yhteistyötä,0,0,0,0,0,0,1,0,0,1
osuuskunta,0,0,0,0,0,0,1,0,0,1
koordinoida,0,0,0,0,0,0,0,0,0,0
poliisi,0,0,0,1,0,0,0,0,0,1
runsas,0,0,0,0,0,0,0,0,0,0
kupari-,0,0,0,0,0,0,0,0,0,0
kopio,0,0,0,0,0,1,0,0,0,0
kopioida,1,0,1,0,0,1,0,0,0,0
kopioiminen,0,0,0,0,0,0,0,0,0,0
tekijänoikeus,0,0,0,0,0,0,0,0,0,0
koralli,0,0,0,0,0,0,0,0,0,0
johto,0,0,0,0,0,0,0,0,0,0
Cordon,0,0,0,0,0,0,0,0,0,0
vakosametti,0,0,0,0,0,0,0,0,0,0
ydin,0,0,0,0,0,0,1,0,0,0
korkki,0,0,0,0,0,0,0,0,0,0
korkkiruuvi,0,0,0,0,0,0,0,0,0,0
maissi,0,0,0,0,0,0,0,0,0,0
sarveiskalvo,0,0,0,0,0,0,0,0,0,0
kulma,0,0,0,0,0,0,0,0,0,0
kornetti,0,0,0,0,0,0,0,0,0,0
reunuslista,0,0,0,0,0,0,0,0,0,0
maissitärkkelys,0,0,0,0,0,0,0,0,0,0
seuraus,0,0,0,0,0,0,0,0,0,0
korona,0,0,0,0,0,0,0,0,0,0
kruunaus,0,0,0,0,1,0,1,0,0,1
kuolinsyyntutkija,0,0,0,0,0,1,0,0,0,0
ruumiillinen,0,0,0,0,0,1,0,0,0,0
yritys,0,0,0,0,0,0,0,0,0,0
yhtiö,0,0,0,0,0,0,1,0,0,1
ruumiillinen,0,0,0,0,0,0,1,0,0,0
joukko,0,0,0,0,0,0,0,0,0,0
ruumis,0,0,1,0,0,1,0,1,0,0
corpus,0,0,0,0,0,0,0,0,0,0
aitaus,0,0,0,0,0,0,0,0,0,0
korjaus,0,0,0,0,0,1,0,0,0,0
korjaava,0,0,0,0,0,0,1,0,0,0
oikeellisuus,0,0,0,0,0,0,0,0,0,1
korrelaatio,0,0,0,0,0,0,0,0,0,0
korrelatiivista,0,0,0,0,0,0,0,0,0,0
vastaavat,0,0,0,0,0,0,0,0,0,0
kirjeenvaihto,0,1,0,0,0,0,1,0,0,0
kirjeenvaihtaja,0,0,0,0,0,0,0,0,0,0
käytävällä,0,0,0,0,0,0,0,0,0,0
vahvistaa,0,0,0,0,0,0,1,0,0,1
vahvistusta,0,0,0,0,0,0,0,0,0,1
korroosio,0,0,0,0,0,1,0,0,0,0
syövyttävä,0,0,0,1,0,1,0,0,0,0
korruptoitunut,0,0,0,0,0,1,0,0,0,0
korruptoivaa,1,0,1,1,0,1,0,1,0,0
korruptiota,0,0,1,0,0,1,0,0,0,0
korsi,0,0,0,0,0,0,0,1,0,0
korsetti,0,0,0,0,0,0,0,0,0,0
aivokuori,0,0,0,0,0,0,0,0,0,0
aivokuoren,0,0,0,0,0,0,0,0,0,0
korvetti,0,0,0,0,0,0,0,0,0,0
kosmeettinen,0,0,0,0,0,0,0,0,0,0
kosmetiikka,0,0,0,0,0,0,0,0,0,0
kosminen,0,0,0,0,0,0,0,0,0,0
kosmologia,0,0,0,0,0,0,0,0,0,0
kosmopoliittinen,0,0,0,0,0,0,1,0,0,1
kosmos,0,0,0,0,0,0,0,0,0,0
kustannus,0,0,0,0,0,0,0,0,0,0
kalliiksi,0,0,0,0,0,0,0,0,0,0
puku,0,0,0,0,0,0,0,0,0,0
kodikas,0,0,0,0,0,0,1,0,0,0
pinnasänky,0,0,0,0,0,0,0,0,0,0
cote,0,0,0,0,0,0,0,0,0,0
mökki,0,0,0,0,0,0,0,0,0,0
puuvilla,0,0,0,0,0,0,0,0,0,0
sohva,0,0,0,0,0,0,0,1,0,0
puuma,0,0,0,0,0,0,0,0,0,0
yskä,0,0,1,0,0,1,0,0,0,0
neuvosto,0,1,0,0,0,0,1,0,0,1
asianajaja,0,0,0,0,0,0,1,0,0,1
neuvonantaja,1,0,0,1,0,1,0,0,0,1
neuvonantaja,0,0,0,0,0,0,1,0,0,1
Kreivi,0,0,0,0,0,0,1,0,0,1
lähtölaskenta,0,1,0,0,0,0,0,0,0,0
kasvot,0,0,0,0,0,0,0,0,0,0
laskuri,0,0,0,0,0,0,0,0,0,0
vastustaa,0,0,0,0,0,0,0,0,0,0
vastapainoksi,0,0,0,0,0,0,0,0,0,0
vastakanne,0,0,0,0,0,0,0,0,0,0
vastine,0,0,0,0,0,0,0,0,0,0
kreivitär,0,0,0,0,0,0,1,0,0,0
lukemattomia,0,0,0,0,0,0,0,0,0,0
maa,0,0,0,0,0,0,0,0,0,0
maanmies,0,0,0,0,0,0,0,0,0,1
laskee,0,0,0,0,0,0,0,0,0,0
lääni,0,0,0,0,0,0,0,0,0,1
vallankaappaus,1,0,0,0,0,0,0,0,1,0
pari,0,0,0,0,0,0,0,0,0,0
kytkettynä,0,0,0,0,0,0,0,0,0,0
kuponki,0,0,0,0,0,0,0,0,0,0
rohkeutta,0,0,0,0,0,0,1,0,0,0
rohkea,0,0,0,1,0,0,1,0,0,0
kuriiri,0,0,0,0,0,0,0,0,0,1
kurssit,0,0,0,0,0,0,0,0,0,0
maastojuoksua,0,0,0,0,0,1,0,0,0,0
tuomioistuin,1,1,0,1,0,0,0,0,0,0
kohtelias,0,0,0,0,0,0,1,0,0,0
kohteliaisuus,0,0,0,0,0,0,1,0,0,0
oikeustalo,0,0,0,0,0,0,0,0,0,0
tuomioistuimissa,0,0,0,0,0,0,0,0,0,0
kosiskelu,0,1,0,0,1,0,1,0,0,1
piha,0,0,0,0,0,0,0,0,0,0
lahti,0,1,1,1,1,0,1,0,0,0
liitto,0,0,0,0,0,0,1,0,0,1
peite,0,0,0,0,0,0,0,0,0,1
peitetty,0,0,0,0,0,0,0,0,0,0
päällyste,0,0,0,0,0,0,0,0,0,0
peitelty,0,0,0,0,0,0,0,0,0,0
himoitsee,0,0,0,0,0,1,0,0,0,0
lehmä,0,0,0,0,0,0,0,0,0,0
pelkuri,0,0,1,1,0,1,0,1,0,0
pelkuruutta,0,0,0,1,0,1,0,0,0,0
raukkamainen,0,0,0,1,0,1,0,0,0,0
cowboy,0,0,0,0,0,0,0,0,0,0
lehmännahkaa,0,0,0,0,0,0,0,0,0,0
koppa,0,0,0,0,0,0,0,0,0,0
työkaveri,0,0,0,0,0,0,0,0,0,0
kaino,0,0,0,1,0,0,0,0,0,0
kojootti,0,0,0,1,0,0,0,0,0,0
rapu,0,0,0,0,0,0,0,0,0,0
äkäinen,1,0,0,0,0,1,0,0,0,0
crack,0,0,0,0,0,1,0,0,0,0
säröillä,1,0,0,1,0,1,0,0,0,0
krakkausyksikkö,0,0,0,0,0,0,0,0,0,0
halkeilua,0,0,0,0,0,1,0,0,0,0
rätinä,0,0,0,0,0,0,0,0,0,0
kehto,0,1,0,0,1,0,1,0,0,1
alus,0,0,0,0,0,0,1,0,0,0
käsityöläinen,0,0,0,0,0,0,1,0,0,0
ovela,0,0,0,0,0,0,0,0,0,0
craig,0,0,0,0,0,0,0,0,0,0
täynnä,0,0,0,0,0,0,0,0,0,0
kramppi,0,1,0,0,0,1,0,0,0,0
ahdas,0,0,0,0,0,1,0,0,0,0
nosturi,0,0,0,0,0,0,0,0,0,0
kallo,0,0,0,0,0,0,0,0,0,0
kampi,0,0,0,0,0,1,0,0,0,0
äkäinen,1,0,0,0,0,1,0,0,0,0
paska,0,0,1,0,0,1,0,0,0,0
paskaa,0,1,0,0,0,0,0,0,0,0
kaatua,0,0,0,1,0,1,0,1,1,0
laatikko,0,0,0,0,0,0,0,0,0,0
kraatteri,0,0,0,0,0,0,0,0,0,0
kaipaa,0,1,0,0,0,0,0,0,0,0
himo,0,1,0,0,0,0,0,0,0,0
rapuja,0,0,0,0,0,0,0,0,0,0
ryömiä,0,0,1,0,0,1,0,0,0,0
värikynät,0,0,0,0,0,0,0,0,0,0
villitys,0,0,0,0,0,0,0,0,0,0
hullu,1,0,0,1,0,1,0,0,0,0
hullu,1,0,0,1,0,1,0,1,0,0
narisevaa,0,0,0,0,0,1,0,0,0,0
kerma,0,1,0,0,1,0,1,0,1,0
kermajauhe,0,0,0,0,0,0,0,0,0,0
kermainen,0,0,0,0,0,0,0,0,0,0
rypistyä,0,0,0,0,0,0,0,0,0,0
luoda,0,0,0,0,1,0,1,0,0,0
luominen,0,0,0,0,0,0,0,0,0,0
luova,0,0,0,0,0,0,1,0,0,0
luoja,0,0,0,0,0,0,0,0,0,0
olento,0,0,1,1,0,1,0,0,0,0
uskottavuutta,0,0,0,0,0,0,1,0,0,1
valtakirja,0,0,0,0,0,0,1,0,0,1
valtakirjat,0,0,0,0,0,0,0,0,0,0
uskottavuus,0,0,0,0,0,0,1,0,0,1
uskottava,0,0,0,0,0,0,1,0,0,1
luotto,0,0,0,0,0,0,1,0,0,1
ansiokas,0,0,0,0,0,0,1,0,0,1
hyvitetään,0,0,0,0,0,0,1,0,0,0
hyvittäminen,0,0,0,0,0,0,0,0,0,0
velkoja,0,0,0,0,0,0,0,0,0,0
uskontunnustus,0,0,0,0,0,0,0,0,0,0
puro,0,0,0,0,0,0,0,0,0,0
hiipiä,0,0,0,0,0,1,0,0,0,0
hiipivä,0,1,0,0,0,0,0,0,0,0
tuhkaus,0,0,0,0,0,0,0,1,0,0
kreoli,0,0,0,0,0,0,0,0,0,0
crescendo,0,1,0,0,1,0,1,0,1,1
puolikuu,0,0,0,0,0,0,0,0,0,0
rako,0,0,0,0,0,0,0,0,0,0
miehistö,0,0,0,0,0,0,0,0,0,1
seimi,0,0,0,0,0,0,0,0,0,0
kriketti,0,0,0,0,0,0,0,0,0,0
rikos,1,0,0,0,0,1,0,0,0,0
rikollinen,1,0,1,1,0,1,0,0,0,0
rikollisuus,1,0,1,1,0,1,0,0,0,0
puristaa,0,0,0,0,0,0,0,0,0,0
karmiininpunainen,0,0,0,0,0,0,0,0,0,0
säikähtää,0,0,1,1,0,1,0,1,0,0
rampa,0,0,0,1,0,1,0,1,0,0
rampautunut,0,0,0,0,0,1,0,1,0,0
kriisi,0,0,0,0,0,1,0,0,0,0
terävä,0,0,0,0,0,1,0,0,0,1
kriteeri,0,0,0,0,0,0,0,0,0,0
kriitikko,0,0,0,0,0,1,0,0,0,0
kritiikkiä,1,0,0,0,0,1,0,1,0,0
arvostella,1,0,1,1,0,1,0,1,0,0
kritiikki,0,0,0,0,0,0,1,0,0,0
otus,0,0,1,0,0,0,0,0,0,0
kurnuttaa,0,0,0,0,0,0,0,0,0,0
autonromu,0,0,0,0,0,0,0,0,0,0
astiat,0,0,0,0,0,0,0,0,0,0
krokotiili,0,0,0,1,0,0,0,0,0,0
torppa,0,0,0,0,0,0,0,0,0,0
roisto,0,0,0,0,0,1,0,0,0,0
rajata,0,0,0,0,0,0,0,0,0,0
kroketti,0,0,0,0,0,0,0,0,0,0
ylittää,1,0,0,1,0,1,0,1,0,0
varsijousi,0,0,0,0,0,0,0,0,0,0
ristissä,0,0,0,0,0,0,0,0,0,0
ylitys,0,0,0,0,0,0,0,0,0,0
haara,0,0,0,0,0,0,0,0,0,0
kyykistyä,0,0,0,1,0,0,0,0,0,0
kyyristyi,0,0,0,0,0,0,0,0,0,0
kyykistyy,0,0,0,1,0,1,0,0,0,0
croupier,0,0,0,0,0,0,0,0,0,0
varis,0,0,0,0,0,0,0,0,0,0
väkijoukko,0,0,0,0,0,0,0,0,0,0
tungosta,0,0,0,0,0,0,0,0,0,0
kruunu,0,0,0,0,0,0,0,0,0,0
kruunaus,0,1,0,0,1,0,1,0,1,1
ratkaiseva,0,0,0,0,0,0,1,0,0,1
ristissä,0,0,0,0,0,1,0,0,0,0
krusifiksi,0,0,0,0,0,0,0,0,0,0
ristiinnaulitseminen,1,0,1,1,0,1,0,1,0,0
raakaa,0,0,1,0,0,1,0,0,0,0
julma,1,0,1,1,0,1,0,1,0,0
julmasti,1,0,0,1,0,1,0,0,0,0
julmuutta,1,0,1,1,0,1,0,1,0,0
risteily,0,0,0,0,0,0,0,0,0,0
risteilijä,0,0,0,0,0,0,0,0,0,0
muru,0,0,0,0,0,0,0,0,0,0
mureneva,0,0,0,0,0,1,0,1,0,0
crunch,1,0,0,0,0,1,0,0,0,0
ristiretki,1,0,0,1,0,1,0,0,0,0
murskata,0,0,0,0,0,0,0,0,0,0
murskattu,1,0,1,1,0,1,0,1,0,0
murskaamalla,1,0,1,1,0,1,0,0,0,0
kuori,0,0,0,0,0,0,0,0,0,0
kärttyisä,0,0,1,0,0,1,0,0,0,0
kainalosauva,0,0,0,0,0,0,0,0,0,0
ydin,0,0,0,0,0,0,0,0,0,0
itkeä,0,0,0,0,0,1,0,1,0,0
itkeminen,0,0,0,0,0,1,0,1,0,0
krypta,0,0,0,1,0,1,0,1,0,0
kryptinen,0,0,0,0,0,0,0,0,0,0
kryptografia,0,0,0,0,0,0,0,0,0,0
kristalli,0,0,0,0,0,0,1,0,0,0
kiteinen,0,0,0,0,0,0,0,0,0,0
kiteytys,0,0,0,0,0,0,0,0,0,0
cub,0,0,0,0,0,0,0,0,0,0
kuutio,0,0,0,0,0,0,0,0,0,1
koppi,0,0,0,0,0,0,0,0,0,0
aisankannattaja,0,0,1,0,0,1,0,0,0,0
käki,0,0,0,0,0,1,0,0,0,0
halaus,0,0,0,0,1,0,1,0,0,1
vihje,0,1,0,0,0,0,0,0,0,0
mansetti,0,0,0,0,0,0,0,0,0,0
keittiö,0,0,0,0,0,0,0,0,0,0
kulinaarinen,0,0,0,0,0,0,1,0,0,1
teurastus,0,0,0,0,0,1,0,0,0,0
huipentua,0,0,0,0,0,0,0,0,0,0
huipentuma,0,0,0,0,0,0,1,0,0,0
syyllisyyttä,0,0,0,0,0,1,0,0,0,0
syyllinen,0,0,0,0,0,1,0,0,0,0
syyllinen,0,0,0,0,0,1,0,0,0,0
kultti,0,0,0,1,0,1,0,0,0,0
viljellä,0,1,0,0,0,0,1,0,0,1
viljelty,0,0,0,0,0,0,1,0,0,0
viljely,0,0,0,0,0,0,1,0,0,0
kulttuuri,0,0,0,0,0,0,1,0,0,0
holvirumpu,0,0,0,0,0,0,0,0,0,0
hankalaa,0,0,0,0,0,1,0,1,0,0
cumulus,0,0,0,0,0,0,0,0,0,0
ovela,0,0,0,0,0,1,1,0,0,0
kuppi,0,0,0,0,0,0,0,0,0,0
kaappi,0,0,0,0,0,0,0,0,0,0
kuppaus,0,0,1,1,0,1,0,1,0,0
cur,1,0,1,1,0,1,0,0,0,0
parannettavissa,0,0,0,0,0,0,1,0,0,1
kuraattori,0,0,0,0,0,0,0,0,0,0
parantava,0,0,0,0,0,0,0,0,0,0
kuraattori,0,0,0,0,0,0,0,0,0,0
hillitä,0,0,0,0,0,0,0,0,0,0
rahka,0,0,0,0,0,0,0,0,0,0
ulkonaliikkumiskielto,0,0,0,0,0,0,0,0,0,0
uteliaisuus,0,1,0,0,0,0,1,0,1,0
kiemura,0,0,0,0,0,0,1,0,0,0
curling,0,0,0,0,0,0,0,0,0,0
valuutta,0,0,0,0,0,0,0,0,0,0
nykyinen,0,0,0,0,0,0,0,0,0,0
opetussuunnitelma,0,0,0,0,0,0,0,0,0,0
curry,0,0,0,0,0,0,0,0,0,0
kirous,1,0,1,1,0,1,0,1,0,0
kirottu,1,0,0,1,0,1,0,1,0,0
kiroilevaa,1,0,1,0,0,1,0,0,0,0
pintapuolinen,0,0,0,0,0,1,0,0,0,0
kurja,0,0,0,0,0,0,0,0,0,0
supistaa,0,0,0,0,0,0,0,0,0,0
supistaminen,0,0,0,0,0,0,0,0,0,0
verho,0,0,0,0,0,0,0,0,0,0
kaarevuus,0,0,0,0,0,0,0,0,0,0
käyrä,0,0,0,0,0,0,0,0,0,0
kaareva,0,0,0,0,0,0,0,0,0,0
kaareva,0,0,0,0,0,0,0,0,0,0
tyyny,0,0,0,0,0,0,1,0,0,0
kärki,0,0,0,0,0,0,0,0,0,0
kirottu,1,0,0,0,0,0,0,0,0,0
huoltaja,0,0,0,0,0,0,0,0,0,1
huoltajuus,0,0,0,0,0,0,0,0,0,1
mukautettu,0,0,0,0,0,0,0,0,0,0
tapana,0,0,0,0,0,0,0,0,0,0
asiakas,0,0,0,0,0,0,1,0,0,0
leikata,0,0,0,0,0,0,0,0,0,0
ihon,0,0,0,0,0,0,0,0,0,0
söpö,0,0,0,0,0,0,1,0,0,0
kynsinauho,0,0,0,0,0,0,0,0,0,0
ruokailuvälineet,0,0,0,0,0,0,0,0,0,0
leikkuri,0,0,0,1,0,1,0,0,0,0
leikkurit,0,0,0,0,0,0,1,0,0,0
murhamies,1,0,0,1,0,1,0,0,0,0
leikkaus,1,0,1,1,0,1,0,1,0,0
pistokkaat,0,0,0,0,0,0,0,0,0,0
cwt,0,0,0,0,0,0,0,0,0,0
syanidi,0,0,0,1,0,1,0,0,0,0
sykli,0,0,0,0,0,0,0,0,0,0
syklinen,0,0,0,0,0,0,0,0,0,0
pyöräilijä,0,0,0,0,0,0,0,0,0,0
sykloni,0,0,0,1,0,1,0,0,1,0
sylinteri,0,0,0,0,0,0,0,0,0,0
lieriömäinen,0,0,0,0,0,0,0,0,0,0
symbaali,0,0,0,0,0,0,0,0,0,0
kyynikko,0,0,0,0,0,0,0,0,0,0
kysta,0,0,0,1,0,1,0,1,0,0
kystinen,0,0,1,0,0,0,0,0,0,0
sytomegalovirus,0,0,0,0,0,1,0,1,0,0
sytoplasma,0,0,0,0,0,0,0,0,0,0
tsaari,0,0,0,0,0,0,0,0,0,0
hietakampela,0,0,0,0,0,0,0,0,0,0
harrastella,0,0,0,0,0,0,0,0,0,0
puuhailua,1,0,1,0,0,1,0,0,0,0
isä,0,0,0,0,0,0,0,0,0,0
dado,0,0,0,0,0,0,0,0,0,0
demoni,1,0,1,1,0,1,0,1,1,0
hölmö,0,0,1,0,0,1,0,0,0,0
tikari,0,0,0,1,0,1,0,0,0,0
päivittäin,0,1,0,0,0,0,0,0,0,0
herkullinen,0,0,0,0,0,0,0,0,0,0
meijeri,0,0,0,0,0,0,0,0,0,0
dak,0,0,0,0,0,0,0,0,0,0
dale,0,0,0,0,0,0,0,0,0,0
pato,0,0,0,0,0,0,0,0,0,0
vahingoittaa,1,0,1,0,0,1,0,1,0,0
vahingoista,0,0,0,0,0,1,0,1,0,0
neiti,1,0,1,0,0,0,1,0,0,1
pahuksen,1,0,1,0,0,1,0,0,0,0
kadotus,1,0,0,1,0,1,0,1,0,0
kirottu,0,0,0,0,0,1,0,0,0,0
kostea,0,0,0,0,0,0,0,0,0,0
kostutettu,0,0,0,0,0,0,0,0,0,0
vaimennin,0,0,0,0,0,1,0,0,0,0
neito,0,0,0,0,0,0,0,0,0,0
tanssi,0,0,0,0,1,0,1,0,0,1
tanssija,0,0,0,0,0,0,0,0,0,0
hilse,0,0,0,0,0,1,0,0,0,0
dandy,0,0,1,0,0,1,0,0,0,0
vaara,0,0,0,1,0,1,0,1,0,0
vaarallinen,0,0,0,1,0,1,0,0,0,0
repsottaa,0,0,0,0,0,0,0,0,0,0
kostea,0,0,1,0,0,0,0,0,0,0
näppärä,0,0,0,0,0,0,0,0,0,0
uskaltaa,0,1,0,0,0,0,0,0,0,1
rohkea,0,0,0,0,0,0,1,0,0,0
tumma,0,0,0,0,0,0,0,1,0,0
tummentaa,0,0,0,1,0,1,0,1,0,0
tummunut,0,0,0,1,0,1,0,1,0,0
pimeästi,0,0,0,0,0,0,0,0,0,0
pimeys,1,0,0,1,0,1,0,1,0,0
Rakas,0,0,0,0,1,0,1,0,0,1
hitto,0,0,0,0,0,0,0,0,0,0
tikka,0,0,0,1,0,0,0,0,0,0
viiva,0,0,0,0,0,0,0,0,0,0
kojelauta,0,0,0,0,0,0,0,0,0,0
katkonainen,1,0,0,1,0,1,0,1,0,0
hurtti,0,0,0,0,0,0,1,0,0,0
ilkeästi,1,0,1,1,0,1,0,0,0,0
tiedot,0,0,0,0,0,0,0,0,0,0
tietokanta,0,0,0,0,0,0,0,0,0,0
Päivämäärä,0,0,0,0,0,0,0,0,0,0
tytär,0,0,0,0,1,0,1,0,0,0
aamunkoitto,0,1,0,0,1,0,1,0,1,1
päivä,0,0,0,0,0,0,0,0,0,0
aamunkoite,0,0,0,0,0,0,0,0,0,0
unelmoimista,0,0,0,0,0,0,0,0,0,0
hämmentyä,0,0,0,0,0,0,0,0,0,0
hämmentynyt,0,0,0,0,0,1,0,0,0,0
häikäisevä,0,0,0,0,0,0,0,0,0,0
diakoni,0,0,0,0,0,0,0,0,0,1
deaktivoida,0,0,0,0,0,1,0,0,0,0
umpikuja,0,0,0,0,0,1,0,0,0,0
tappava,1,0,1,1,0,1,0,1,0,0
korviahuumaava,0,0,0,0,0,0,0,0,0,0
kuurous,0,0,0,0,0,0,0,0,0,0
sopimus,0,1,0,0,1,0,1,0,1,1
jakaja,0,0,0,0,0,0,0,0,0,0
tekemisissä,0,0,0,0,0,0,0,0,0,0
asioissa,0,0,0,0,0,0,0,0,0,1
dekaani,0,0,0,0,0,0,0,0,0,0
rakas,0,0,0,0,0,0,1,0,0,0
puute,0,0,0,0,0,0,0,0,0,0
kuolema,1,1,1,1,0,1,0,1,1,0
romahdus,0,0,0,1,0,1,0,1,0,0
kiistanalainen,0,0,0,0,0,0,0,0,0,0
keskustelu,0,0,0,0,0,0,1,0,0,0
irstailu,0,0,1,1,0,1,0,0,0,0
debentuuri,0,1,0,0,0,0,0,0,0,0
veloittaa,0,0,0,0,0,0,0,0,0,0
roskia,0,0,1,0,0,1,0,0,0,0
velkaa,0,0,0,0,0,1,0,1,0,0
velallinen,0,0,0,0,0,1,0,0,0,0
debyytti,0,0,0,0,0,0,0,0,0,0
vuosikymmen,0,0,0,0,0,0,0,0,0,0
karahvi,0,0,0,0,0,0,0,0,0,0
hajoaminen,0,0,0,1,0,1,0,1,0,0
rappeutunut,0,0,1,0,0,1,0,1,0,0
kuollut,0,0,0,0,0,1,0,1,0,0
petos,1,0,1,1,0,1,0,1,1,0
petollinen,0,0,1,0,0,1,0,1,0,0
pettää,1,0,1,0,0,1,0,1,0,0
petetty,1,0,0,0,0,1,0,0,0,0
pettää,0,0,0,0,0,1,0,0,0,1
säädyllisyyttä,0,0,0,0,0,0,1,0,0,0
kunnollinen,0,0,0,0,0,0,1,0,0,0
petos,0,0,0,0,0,1,0,0,0,0
petollinen,0,0,0,0,0,1,0,0,0,0
selvästi,0,0,0,0,0,0,0,0,0,0
lehtipuu,0,0,0,0,0,0,0,0,0,0
desimaali,0,0,0,0,0,0,0,0,0,0
tulkita,0,0,0,0,0,0,0,0,0,0
päätös,0,0,0,0,0,0,0,0,0,0
ratkaiseva,0,0,0,0,0,0,0,0,0,0
kansi,0,0,0,0,0,0,0,0,0,0
ilmoitus,0,0,0,0,0,0,0,0,0,0
julistava,0,0,0,0,0,0,1,0,0,0
julistaa,0,0,0,0,0,0,0,0,0,0
deklinaatio,0,0,0,0,0,1,0,0,0,0
lasku,0,0,0,0,0,1,0,0,0,0
laskussa,0,0,0,0,0,1,0,0,0,0
hajota,0,0,1,0,0,0,0,0,0,0
hajonnut,0,0,0,0,0,0,0,1,0,0
hajoaminen,0,0,1,1,0,1,0,1,0,0
koristella,0,0,0,0,0,0,0,0,0,0
koriste,0,0,0,0,0,0,0,0,0,0
arvokkuus,0,0,0,0,0,0,0,0,0,0
houkutus,0,0,0,0,0,0,0,0,1,0
vähentää,0,0,0,0,0,1,0,0,0,0
vähentynyt,0,0,0,0,0,0,0,0,0,0
vähenee,0,0,0,0,0,0,0,0,0,0
asetuksella,0,0,0,0,0,0,0,0,0,0
vähennys,0,0,0,0,0,1,0,0,0,0
raihnainen,0,0,0,0,0,1,0,0,0,0
halventaa,1,0,0,0,0,1,0,0,0,0
omistautumista,0,0,0,0,0,0,1,0,0,0
päätellä,0,0,0,0,0,0,0,0,0,0
vähentää,0,0,0,0,0,1,0,0,0,0
vähennys,0,0,0,0,0,0,0,0,0,0
teko,0,0,0,0,0,0,0,0,0,1
syventää,0,0,0,0,0,0,0,0,0,0
Peura,0,0,0,0,0,0,0,0,0,0
kunnianloukkaus,0,0,1,1,0,1,0,0,0,0
herjaavaa,1,0,0,0,0,1,0,0,0,0
oletuksena,0,0,1,1,0,1,0,1,0,0
tappio,0,0,0,0,0,1,0,0,0,0
voitettu,0,0,0,0,0,1,0,1,0,0
vika,1,0,0,0,0,1,0,0,0,0
loikkaus,0,0,0,1,0,1,0,0,0,0
viallinen,0,0,1,0,0,1,0,0,0,0
puolustaa,0,0,0,1,0,0,1,0,0,0
vastaaja,1,0,0,1,0,0,0,1,0,0
puolusti,0,0,0,0,0,0,1,0,0,1
puolustaja,0,0,0,0,0,0,1,0,0,1
puolustaa,0,0,0,0,0,0,1,0,0,0
puolustus,1,1,0,1,0,0,1,0,0,0
puolustuskyvytön,0,0,0,1,0,1,0,1,0,0
puolustettava,0,0,0,0,0,0,0,0,0,0
puolustava,0,0,0,0,0,0,0,0,0,0
lykätä,0,0,0,0,0,0,0,0,0,0
kunnioitusta,0,0,0,0,0,0,1,0,0,1
lykkäys,0,0,0,0,0,1,0,0,0,0
lykkääminen,0,0,0,0,0,0,0,0,0,0
uhmaa,1,0,1,1,0,1,0,0,0,0
uhmakas,1,0,0,0,0,1,0,0,0,0
puute,0,0,0,0,0,1,0,0,0,0
alijäämä,0,0,0,0,0,1,0,0,0,0
määritellä,0,0,0,0,0,0,0,0,0,0
määritelty,0,0,0,0,0,0,0,0,0,0
määritelmä,0,0,0,0,0,0,0,0,0,0
lopullinen,0,0,0,0,0,0,1,0,0,1
tyhjentää,1,0,0,0,0,1,0,1,0,0
deflaatio,0,0,0,1,0,1,0,0,0,0
poikkeuttaa,0,0,0,0,0,0,0,0,0,0
taipuma,0,0,0,0,0,0,0,0,0,0
tuhoaminen,0,0,0,0,0,0,0,0,0,0
muuttaa muotoaan,0,0,1,0,0,1,0,0,0,0
epämuodostunut,0,0,1,0,0,1,0,1,0,0
epämuodostuma,0,0,1,1,0,1,0,1,0,0
huijata,1,0,1,0,0,1,0,0,0,0
vastaa,0,0,0,0,0,0,0,0,0,0
näppärä,0,0,0,0,0,0,0,0,0,0
lakkautettu,0,0,0,0,0,1,0,1,0,0
uhmata,1,0,0,1,0,1,0,1,1,0
rappeutumista,1,0,1,0,0,1,0,1,0,0
rappeutunut,0,0,0,0,0,1,0,0,0,0
rappeutuminen,0,0,0,0,0,0,0,0,0,0
huononeminen,0,0,0,0,0,1,0,0,0,0
hajota,0,0,1,0,0,1,0,0,0,0
alentavaa,0,0,1,1,0,1,0,1,0,0
tutkinnon,0,0,0,0,0,0,1,0,0,0
kuivunut,0,0,0,0,0,0,0,0,0,0
viive,1,0,1,1,0,1,0,1,0,0
myöhässä,0,0,0,0,0,1,0,0,0,0
herkullinen,0,0,0,0,0,0,1,0,0,0
delegoida,0,0,0,0,0,0,1,0,0,1
valtuuskunta,0,0,0,0,0,0,0,0,0,0
vahingollista,1,0,1,1,0,1,0,0,0,0
poisto,0,0,0,0,0,1,0,0,0,0
tahallista,0,0,0,0,0,0,1,0,0,0
pohdintaa,0,0,0,0,0,0,0,0,0,0
harkitsevaa,0,0,0,0,0,0,0,0,0,0
herkku,0,0,0,0,0,0,0,0,0,0
herkullinen,0,0,0,0,1,0,1,0,0,0
ilahduttaa,0,1,0,0,1,0,1,0,0,0
iloinen,0,1,0,0,1,0,1,0,1,0
ihana,0,1,0,0,1,0,1,0,0,1
rajata,0,0,0,0,0,0,0,0,0,0
rajaaminen,0,0,0,0,0,0,0,0,0,0
rikollisuus,0,0,0,0,0,1,0,0,0,0
rikollinen,1,0,1,0,0,1,0,0,0,0
harhaanjohtava,0,0,0,0,0,1,0,1,0,0
delirium,0,0,1,0,0,1,0,1,0,0
vapautus,0,1,0,0,1,0,1,0,0,1
toimitus,0,1,0,0,0,0,1,0,0,0
dell,0,0,0,0,0,0,0,0,0,0
delta,0,0,0,0,0,0,0,0,0,0
hukuttaa,0,0,0,1,0,1,0,1,1,0
harhaluulo,1,0,0,1,0,1,0,1,0,0
harhaanjohtava,1,0,0,1,0,1,0,0,0,0
kaivaa,0,0,0,0,0,0,0,0,0,0
kysyntä,1,0,0,0,0,1,0,0,0,0
vaativa,0,0,0,0,0,1,0,0,0,0
käytös,0,0,0,0,0,0,0,0,0,0
dementoitunut,0,0,0,1,0,1,0,0,0,0
dementia,0,0,0,1,0,1,0,1,0,0
kuolema,0,0,0,1,0,1,0,1,0,0
demokratia,0,0,0,0,0,0,1,0,0,0
demokraatti,0,0,0,0,0,0,0,0,0,0
purkaa,1,0,0,0,0,1,0,1,0,0
purku,0,0,0,0,0,1,0,0,0,0
demoni,1,0,1,1,0,1,0,1,0,0
demoninen,1,0,1,1,0,1,0,1,0,0
todistettavissa,0,0,0,0,0,0,1,0,0,0
osoittaa,0,0,0,0,0,0,0,0,0,0
osoittanut,0,0,0,0,0,0,0,0,0,0
osoittamassa,0,0,0,0,0,0,0,0,0,0
esittely,0,0,0,0,0,0,0,0,0,0
demonstratiivista,0,0,0,0,1,0,1,1,0,0
mielenosoittaja,0,0,0,0,0,0,0,0,0,0
demoralisoitunut,0,0,0,1,0,1,0,1,0,0
demot,0,0,0,0,0,0,0,0,0,0
den,0,0,0,0,0,0,0,0,0,0
kieltäminen,0,0,0,0,0,1,0,0,0,0
kielletty,0,0,0,0,0,1,0,1,0,0
nimitys,0,0,0,0,0,0,0,0,0,0
kirkkokunnallinen,0,0,0,0,0,0,0,0,0,0
nimittäjä,0,0,0,0,0,0,0,0,0,0
merkitse,0,0,0,0,0,0,0,0,0,0
irtisanoa,1,0,1,0,0,1,0,0,0,0
tiheä,0,0,0,0,0,0,0,0,0,0
tiheys,0,0,0,0,0,0,0,0,0,0
lommo,0,0,0,0,0,0,0,0,0,0
hammaslääketiede,0,0,0,1,0,0,0,0,0,0
irtisanominen,1,0,1,1,0,1,0,0,0,0
kieltää,1,0,0,0,0,1,0,0,0,0
kieltää,0,1,0,0,0,1,0,0,0,0
deodorantti,0,0,0,0,0,0,0,0,0,0
lähteä,0,1,0,0,0,0,0,1,0,0
lähtenyt,0,0,0,0,0,1,0,1,0,0
osasto,0,0,0,0,0,0,0,0,0,0
lähtöä,0,0,0,0,0,1,0,1,0,0
riippuvat,0,1,0,0,0,0,0,0,0,1
riippuvainen,0,0,0,0,0,0,0,0,0,0
riippuvuus,0,0,0,1,0,1,0,1,0,0
riippuvuus,0,0,0,0,0,1,0,0,0,0
riippuvainen,0,0,0,0,0,1,1,0,0,1
kuvata,0,0,0,0,0,0,0,0,0,0
kuvaava,0,0,0,0,0,0,0,0,0,0
ehtyminen,0,0,0,0,0,0,0,0,0,0
valitettavaa,1,0,1,1,0,1,0,1,0,0
valitettavaa,1,0,1,0,0,1,0,1,0,0
ottaa käyttöön,0,0,0,0,0,0,0,0,0,0
karkottaa,0,0,0,1,0,1,0,1,0,0
karkotus,1,0,0,1,0,1,0,1,0,0
tallettaa,0,0,0,0,0,0,0,0,0,0
säilytysyhteisö,0,0,0,0,0,0,0,0,0,0
laskeuma,0,0,0,0,0,0,0,0,0,0
säilytyspaikka,0,0,0,0,0,0,0,0,0,1
varikko,0,0,0,0,0,0,0,0,0,0
turmeltunut,1,1,1,1,0,1,0,1,0,0
turmeltuneisuus,1,0,1,0,0,1,0,0,0,0
alentaa,1,0,1,0,0,1,0,0,0,0
poistetut,1,0,1,1,0,1,0,1,0,0
poistot,0,0,0,1,0,1,0,0,0,0
masentaa,0,0,0,1,0,1,0,1,0,0
masentunut,1,0,0,1,0,1,0,1,0,0
masentava,0,0,1,0,0,1,0,1,0,0
masennus,0,0,0,0,0,1,0,1,0,0
masentava,0,0,0,0,0,1,0,1,0,0
riistäminen,1,0,1,1,0,1,0,1,0,0
syvyys,0,0,0,0,0,0,1,0,0,1
sijainen,0,0,0,0,0,0,0,0,0,1
suistua raiteilta,0,0,0,0,0,0,0,0,0,0
häiriintynyt,1,0,1,1,0,1,0,0,0,0
hylätty,0,0,0,0,0,1,0,0,0,0
pilkkaaminen,1,0,1,0,0,1,0,0,0,0
johtaminen,0,0,0,0,0,0,0,0,0,0
johdannainen,0,0,0,0,0,0,0,0,0,0
johtaa,0,0,0,0,0,0,0,0,0,0
ihon kautta,0,0,0,0,0,0,0,0,0,0
ihotautilääkäri,0,0,0,0,0,0,0,0,0,1
ihotauti,0,0,0,0,0,0,0,0,0,0
poikkeus,1,0,1,1,0,1,0,1,0,0
halventavaa,1,0,1,1,0,1,0,1,0,0
laskeutua,0,0,0,0,0,0,0,0,0,0
jälkeläinen,0,0,0,0,0,0,0,0,0,0
jälkeläinen,0,0,0,0,0,0,0,0,0,0
laskeva,0,0,0,0,0,0,0,0,0,0
laskeutuminen,0,0,0,1,0,0,0,1,0,0
kuvata,0,0,0,0,0,0,0,0,0,0
kuvaus,0,0,0,0,0,0,0,0,0,0
kuvaileva,0,0,0,0,0,0,1,0,0,0
häpäiseminen,1,0,1,1,0,1,0,1,0,0
aavikko,1,0,1,1,0,1,0,1,0,0
autio,1,0,1,1,0,1,0,1,0,0
hylkääminen,0,0,0,0,0,1,0,0,0,0
ansaitsee,1,1,0,0,0,0,1,0,0,1
ansaittu,0,0,0,0,0,0,1,0,0,0
ansaitsee,0,0,0,0,0,0,0,0,0,0
design,0,0,0,0,0,0,0,0,0,0
nimetä,0,0,0,0,0,0,0,0,0,0
nimitys,0,0,0,0,0,0,0,0,0,1
suunniteltu,0,0,0,0,0,0,0,0,0,0
suunnittelija,0,0,0,0,0,0,1,0,0,0
suunnittelu,0,0,0,0,0,0,0,0,0,0
haluttavuus,0,0,0,0,0,0,0,0,0,0
toivottavaa,0,0,0,0,0,0,1,0,0,0
haluavat,0,0,0,0,0,0,1,0,0,0
halukas,0,0,0,0,0,0,1,0,0,0
luopua,1,0,1,0,0,1,0,0,0,0
vastaanotto,0,0,0,0,0,0,0,0,0,0
autio,0,0,0,1,0,1,0,1,0,0
epätoivo,1,0,1,1,0,1,0,1,0,0
epätoivoinen,0,0,0,1,0,1,0,1,0,0
lähettäminen,0,0,0,0,0,0,0,0,0,0
epätoivoinen,0,0,0,0,0,1,0,0,0,0
epätoivo,0,0,0,0,0,0,0,0,0,0
halveksittava,1,0,1,0,0,1,0,0,0,0
halveksia,1,0,1,0,0,1,0,0,0,0
despoottinen,0,0,0,1,0,1,0,0,0,0
despotismi,1,0,1,1,0,1,0,1,0,0
jälkiruoka,0,0,0,0,0,0,0,0,0,0
määränpäähän,0,1,0,1,1,0,1,1,1,0
määrätty,0,1,0,0,0,0,0,0,0,0
kohtalo,0,0,0,0,0,0,0,0,0,0
köyhä,0,0,0,1,0,1,0,1,0,0
tuhottu,1,0,0,1,0,1,0,1,0,0
hävittäjä,1,0,0,1,0,1,0,0,0,0
tuhoamalla,1,0,0,1,0,1,0,1,0,0
tuhoaminen,1,0,0,0,0,1,0,0,0,0
tuhoisa,1,0,1,1,0,1,0,0,0,0
irrottaa,0,0,0,0,0,0,0,0,0,0
erillinen,0,0,0,0,0,0,0,0,0,0
irtautuminen,0,0,0,0,0,1,0,0,0,0
yksityiskohta,0,0,0,0,0,0,0,0,0,0
yksityiskohdat,0,0,0,0,0,0,0,0,0,0
pidätellä,0,0,0,0,0,1,0,0,0,0
pidätetty,1,1,0,1,0,1,0,1,0,0
havaita,0,0,0,0,0,0,1,0,0,0
havaittavissa,0,0,0,0,0,0,0,0,0,0
havaitseminen,0,0,0,0,0,0,1,0,0,0
etsivä,0,0,0,0,0,0,0,0,0,0
ilmaisin,0,0,0,0,0,0,0,0,0,0
pidätys,0,0,0,0,0,1,0,1,0,0
estää,0,0,0,0,0,0,0,0,0,0
pesuaine,0,0,0,0,0,0,0,0,0,0
heikentyä,0,0,0,1,0,1,0,1,0,0
huonontunut,0,0,1,0,0,1,0,1,0,0
heikkeneminen,1,0,1,1,0,1,0,1,0,0
määritettävissä,0,0,0,0,0,0,0,0,0,0
määrätietoinen,0,1,0,0,0,0,0,0,0,1
päättäväisyys,0,0,0,0,0,0,1,0,0,1
päättänyt,0,0,0,0,0,0,1,0,0,0
inhota,1,0,1,0,0,1,0,0,0,0
räjäyttää,0,0,0,1,0,1,0,0,1,0
räjähdys,1,0,0,0,0,0,0,0,0,0
kiertotie,0,0,0,0,0,0,0,0,0,0
heikentää,1,0,0,0,0,1,0,0,0,0
haitta,0,0,0,0,0,1,0,0,0,0
haitallista,0,0,0,0,0,1,0,0,0,0
detritus,0,0,0,0,0,1,0,0,0,0
kakkonen,0,0,0,0,0,0,0,0,0,0
tuhota,1,0,0,1,0,1,0,1,0,0
tuhoisa,1,0,1,1,0,1,0,1,0,1
tuhoa,1,0,0,1,0,1,0,1,1,0
kehittää,0,1,0,0,0,0,1,0,0,0
kehittymässä,0,0,0,0,0,0,0,0,0,0
kehitystä,0,0,0,0,0,0,0,0,0,0
poiketa,0,0,0,0,0,0,0,0,0,0
poikkeava,0,0,0,0,0,0,0,0,0,0
poikkeama,0,0,0,0,0,0,0,1,0,0
laite,0,0,0,0,0,0,0,0,0,0
paholainen,1,1,1,1,0,1,0,1,0,0
pirullinen,0,0,1,1,0,1,0,0,0,0
kavala,0,0,0,0,0,1,0,0,0,0
suunnitella,0,0,0,0,0,0,0,0,0,0
vailla,0,0,0,0,0,0,0,0,0,0
hajauttaminen,0,0,0,0,0,1,0,0,0,0
siirtää,0,0,0,0,0,0,0,0,0,0
omistautua,0,0,0,0,0,0,0,0,0,0
uskovainen,0,0,0,0,0,0,0,0,0,0
hartaus-,0,0,0,0,0,0,1,0,0,1
niellä,0,0,0,0,0,1,0,0,0,0
harras,0,1,0,0,1,0,1,0,0,1
kaste,0,0,0,0,0,0,0,0,0,0
dexteriä,0,0,0,0,0,0,0,0,0,0
näppäryyttä,0,0,0,0,0,0,1,0,0,0
dekstroosi,0,0,0,0,0,0,0,0,0,0
pirullinen,1,0,1,1,0,1,0,0,0,0
diagnoosi,0,1,0,1,0,1,0,0,0,1
diagnostinen,0,0,0,0,0,0,0,0,0,0
diagnostiikka,0,0,0,0,0,0,0,0,0,0
kaavio,0,0,0,0,0,0,0,0,0,0
soittaa,0,0,0,0,0,0,0,0,0,0
murre,0,0,0,0,0,0,0,0,0,0
dialektiikka,0,0,0,0,0,0,0,0,0,0
dialogia,0,0,0,0,0,0,0,0,0,0
halkaisija,0,0,0,0,0,0,0,0,0,0
timantti-,0,0,0,0,1,0,1,0,0,0
timantteja,0,0,0,0,0,0,0,0,0,0
vaippa,0,0,1,0,0,0,0,0,0,0
pallea,0,0,0,0,0,0,0,0,0,0
ripuli,0,0,1,0,0,0,0,0,0,0
päiväkirja,0,0,0,0,1,0,1,0,0,1
diatribe,1,0,1,0,0,1,0,0,0,0
noppaa,0,0,0,0,0,0,0,0,0,0
kaksijakoinen,0,0,0,0,0,0,0,0,0,0
kaksijakoisuus,0,0,0,0,0,0,0,0,0,0
määrätä,0,0,0,0,0,0,0,0,0,0
sanelu,0,0,0,0,0,0,0,0,0,0
diktaattori,0,0,0,1,0,1,0,0,0,0
diktatorinen,1,0,0,0,0,1,0,0,0,0
diktatuuri,1,1,1,1,0,1,0,1,0,0
sanamuoto,0,0,0,0,0,0,0,0,0,0
sanakirja,0,0,0,0,0,0,1,0,0,1
sanelu,0,0,0,0,0,0,0,0,0,1
didaktinen,0,0,0,0,0,0,1,0,0,0
kuolla,0,0,0,1,0,1,0,1,0,0
ruokavalio,0,0,0,0,0,0,0,0,0,0
ruokavalioon,0,1,0,0,0,0,1,0,0,0
erota,0,0,0,0,0,0,0,0,0,0
ero,0,0,0,0,0,0,0,0,0,0
eroja,0,0,0,0,0,0,0,0,0,0
ero,0,0,0,0,0,0,0,0,0,1
erilaistuminen,0,0,0,0,0,0,0,0,0,0
eri tavalla,0,0,0,0,0,0,0,0,1,0
erilaisia,0,0,0,0,0,0,0,0,0,0
vaikea,0,0,0,1,0,0,0,0,0,0
vaikeuksia,0,0,0,0,0,1,0,1,0,0
vaikeus,1,0,0,1,0,1,0,1,0,0
hajanainen,0,0,0,0,0,0,0,0,0,0
diffuusio,0,0,0,0,0,0,0,0,0,0
kaivaa,0,0,0,0,0,0,0,0,0,0
sulattaa,0,0,0,0,0,0,0,0,0,0
ruoansulatus,0,0,0,0,0,0,0,0,0,0
numero,0,0,0,0,0,0,0,0,0,1
arvokas,0,0,0,0,0,0,1,0,0,0
ihmisarvoa,0,0,0,0,0,0,1,0,0,1
eksyä,0,1,0,0,0,1,0,0,0,0
kaivaa,0,0,0,0,0,0,0,0,0,0
oja,0,0,0,1,0,0,0,0,0,0
rappeutunut,0,0,1,0,0,1,0,1,0,0
laajentuminen,0,0,0,0,0,0,0,0,0,0
laajentuminen,0,0,0,0,0,0,0,0,0,0
dilemma,0,0,0,0,0,0,0,0,0,0
ahkeruus,0,0,0,0,0,0,1,0,0,1
ahkera,0,0,0,0,0,0,0,0,0,0
laimennusaine,0,0,0,0,0,0,0,0,0,0
laimennetaan,0,0,0,0,0,1,0,0,0,0
laimennettuna,0,0,0,0,0,0,0,0,0,0
laimennus,0,0,0,0,0,0,0,0,0,0
penniäkään,0,0,0,0,0,0,0,0,0,0
ulottuvuus,0,0,0,0,0,0,0,0,0,0
pienentyä,0,0,0,0,0,1,0,1,0,0
vähentynyt,0,0,0,0,0,1,0,0,0,0
pieneneminen,0,0,0,0,0,0,0,0,0,0
deminutiivi,0,0,0,0,0,0,0,0,0,0
din,0,0,0,0,0,1,0,0,0,0
ruokailla,0,0,0,0,0,0,0,0,0,0
ruokailija,0,0,0,0,0,0,0,0,0,0
päivällinen,0,0,0,0,0,0,1,0,0,0
dinosaurus,0,0,0,1,0,0,0,0,0,0
dint,0,0,0,0,0,0,0,0,0,0
hiippakunnan,0,0,0,0,0,0,0,0,0,0
hiippakunta,0,0,0,0,0,0,0,0,0,0
dioraama,0,0,0,0,0,0,0,0,0,0
dip,0,0,0,0,0,0,0,0,0,0
tutkintotodistus,0,0,0,0,0,0,0,0,0,0
diplomatia,0,1,0,0,0,0,1,0,0,1
diplomaatti,0,0,0,0,0,0,0,0,0,0
diplomaattinen,0,0,0,0,0,0,1,0,0,1
kauheaa,0,0,1,1,0,1,0,1,1,0
ohjattu,0,0,0,0,0,0,0,0,0,0
suunta,0,0,0,0,0,0,0,0,0,0
suoraan,0,0,0,0,0,0,0,0,0,0
johtaja,0,0,0,0,0,0,1,0,0,1
hakemistosta,0,0,0,0,0,0,0,0,0,0
lika,0,0,1,0,0,1,0,0,0,0
likainen,0,0,1,0,0,1,0,0,0,0
vammaisuus,0,0,0,0,0,1,0,1,0,0
Poista käytöstä,0,0,0,1,0,1,0,1,0,0
liikuntarajoitteinen,0,0,0,1,0,1,0,1,0,0
haittaa,0,0,0,0,0,0,0,0,0,0
tyytymätön,0,0,0,0,0,1,0,0,0,0
eri mieltä,1,0,0,0,0,1,0,0,0,0
vastenmielinen,0,0,0,0,0,0,0,0,0,0
eri mieltä,1,0,0,0,0,1,0,1,0,0
erimielisyyttä,1,0,0,0,0,1,0,1,0,0
kieltää,0,0,0,0,0,0,0,0,0,0
kielletty,1,0,1,1,0,1,0,1,0,0
kadota,0,0,0,1,0,0,0,0,0,0
katoaminen,0,0,0,0,0,0,0,0,0,0
katoamassa,0,0,0,0,0,0,0,0,0,0
pettää,1,0,1,0,0,1,0,1,0,0
pettynyt,1,0,1,0,0,1,0,1,0,0
pettymys,0,0,0,0,0,1,0,1,0,0
pettymys,0,0,1,0,0,1,0,1,0,0
paheksuntaa,0,0,0,0,0,1,0,1,0,0
hylätä,1,0,1,1,0,1,0,1,0,0
hylätty,1,0,0,0,0,1,0,1,0,0
paheksuttavaa,1,0,1,0,0,1,0,1,0,0
riisua aseista,0,0,0,0,0,0,0,0,0,0
epäjärjestystä,0,0,0,0,0,0,0,0,0,0
katastrofi,1,0,1,1,0,1,0,1,1,0
tuhoisa,1,0,0,1,0,1,0,1,0,0
hajota,0,0,0,0,0,0,0,0,0,0
epäusko,0,0,0,0,0,0,0,0,0,0
uskoa,0,0,0,0,0,1,0,0,0,0
maksaa,0,0,0,0,0,0,0,0,0,0
maksu,0,0,0,0,0,0,0,0,0,0
levy,0,0,0,0,0,0,0,0,0,0
hylätty,0,0,0,0,0,0,0,0,0,0
heittää pois,0,0,0,0,0,1,0,0,0,0
erottaa,0,0,0,0,0,0,0,0,0,0
havaittavissa,0,0,0,0,0,0,0,0,0,0
huomaavainen,0,0,0,0,0,0,0,0,0,0
erottelukykyä,0,0,0,0,0,0,0,0,0,0
purkaa,0,0,0,0,0,1,0,0,0,0
opetuslapsi,0,0,0,0,0,0,0,0,0,1
kurinalaisuutta,0,0,0,1,0,1,0,0,0,0
kieltäytyä,1,0,1,0,0,1,0,0,0,1
Vastuuvapauslauseke,0,0,0,0,0,0,0,0,0,0
paljastaa,0,0,0,0,0,0,0,0,0,0
paljastettu,0,0,0,0,0,0,0,0,0,1
paljastaminen,0,0,0,0,0,0,0,0,0,0
värjäytymistä,0,0,1,0,0,1,0,0,0,0
värjäytynyt,0,0,1,0,0,1,0,1,0,0
epämukavuutta,0,0,0,0,0,1,0,1,0,0
katkaista,0,0,0,0,0,1,0,1,0,0
irti,0,0,0,0,0,1,0,1,0,0
yhteyden katkeaminen,0,0,0,0,0,1,0,0,0,0
tyytymättömyys,1,0,1,1,0,1,0,1,0,0
keskeyttäminen,0,0,0,0,0,0,0,0,0,0
lopettaa,0,0,0,0,0,1,0,0,0,0
katkonaisuus,0,0,1,1,0,1,0,1,0,0
epäjatkuva,0,0,0,0,0,0,0,0,0,0
ristiriitaa,1,0,1,0,0,1,0,0,0,0
alennus,0,0,0,0,0,0,0,0,0,0
alennettu,0,0,0,0,0,0,0,0,0,0
lannistaa,0,0,0,1,0,1,0,1,0,0
masentunut,0,0,0,0,0,0,0,0,0,0
masennusta,0,0,0,0,0,1,0,0,0,0
keskustelua,0,0,0,0,0,0,0,0,0,0
löytää,0,0,0,0,0,0,0,0,0,0
löytö,0,0,0,0,0,0,1,0,0,0
häpäistä,0,0,0,0,0,1,0,0,0,0
hienotunteinen,0,1,0,0,0,0,1,0,0,0
ristiriita,0,0,0,0,0,0,0,0,0,0
diskreetti,0,0,0,0,0,0,0,0,0,0
harkintavaltaa,0,1,0,0,0,0,1,0,0,1
harkinnanvarainen,0,0,0,0,0,0,1,0,0,0
syrjiä,1,0,0,0,0,1,0,1,0,0
syrjivä,0,0,1,0,0,1,0,0,0,0
syrjintää,1,0,1,1,0,1,0,1,0,0
kiekko,0,0,0,0,0,0,0,0,0,0
keskustella,0,0,0,0,0,0,0,0,0,0
keskustelua,0,0,0,0,0,0,1,0,0,0
halveksuntaa,1,0,1,0,0,1,0,0,0,0
sairaus,1,0,1,1,0,1,0,1,0,0
sairaana,0,0,1,1,0,1,0,1,0,0
ruumiittomia,0,0,0,1,0,1,0,1,0,0
irrottaa,0,0,0,0,0,0,0,0,0,0
irrottautuminen,0,0,0,0,0,1,0,0,0,0
vääristynyt,1,0,1,1,0,1,0,1,0,0
häpeä,1,0,1,0,0,1,0,1,0,0
häpeäksi,1,0,1,0,0,1,0,1,0,0
häpeällistä,1,0,1,0,0,1,0,0,0,0
tyytymätön,1,0,1,0,0,1,0,1,0,0
naamioida,0,0,0,0,0,0,0,0,0,0
naamioitunut,0,0,0,0,0,0,0,0,0,0
inho,1,0,1,1,0,1,0,1,0,0
ällöttävä,1,0,1,1,0,1,0,0,0,0
ruokalaji,0,0,0,0,0,0,0,0,0,0
masentunut,0,0,0,0,0,1,0,1,0,0
masentavaa,0,0,0,0,0,1,0,1,0,0
epärehellinen,1,0,1,0,0,1,0,1,0,0
epärehellisyys,0,0,1,0,0,1,0,0,0,0
häpeä,1,0,1,1,0,1,0,1,0,0
pettymys,1,0,1,0,0,1,0,1,0,0
desinfioida,0,0,0,0,0,0,0,0,0,0
desinfiointiaine,0,0,0,0,0,0,0,0,0,0
desinfiointi,0,0,0,0,0,0,1,0,0,0
disinformaatiota,1,0,0,1,0,1,0,0,0,0
epärehellistä,0,0,1,0,0,1,0,0,0,0
hajota,0,0,1,1,0,1,0,0,0,0
hajoaminen,0,0,0,0,0,1,0,0,0,0
välinpitämätön,0,0,0,0,0,1,0,0,0,0
epäyhtenäinen,0,0,0,0,0,0,0,0,0,0
hajanainen,0,0,0,0,0,0,0,0,0,0
disjunktiivinen,0,0,0,0,0,0,0,0,0,0
levy,0,0,0,0,0,0,0,0,0,0
levyke,0,0,0,0,0,0,0,0,0,0
ei pidä,1,0,1,0,0,1,0,0,0,0
ei pitänyt,1,0,0,0,0,1,0,1,0,0
sijoiltaan sijoiltaan,1,0,1,1,0,1,0,1,0,0
dislokaatio,0,0,0,0,0,0,0,0,0,0
irrottaa,0,0,0,0,0,0,0,0,0,0
synkkä,0,0,1,1,0,1,0,1,0,0
tyrmistystä,1,1,0,1,0,1,0,1,1,0
pilkkominen,0,0,1,1,0,1,0,1,0,0
hylätä,0,0,0,0,0,0,0,0,0,0
hylkääminen,1,0,1,1,0,1,0,1,1,0
nousta,0,0,0,0,0,0,0,0,0,0
tottelemattomuus,1,0,1,0,0,1,0,0,0,0
tottelematon,1,0,0,0,0,1,0,0,0,0
olla tottelematon,1,0,1,0,0,1,0,0,0,0
häiriö,0,0,0,1,0,1,0,0,0,0
sekava,0,0,0,0,0,1,0,0,0,0
epäjärjestynyt,0,0,0,0,0,1,0,0,0,0
väheksyä,1,0,1,0,0,1,0,1,0,0
väheksyvä,1,0,1,0,0,1,0,1,0,0
erilaisia,0,0,0,0,0,0,0,0,0,0
eriarvoisuutta,1,0,1,0,0,1,0,1,0,0
intohimoinen,0,0,0,0,0,1,0,1,0,0
lähettää,0,0,0,0,0,0,0,0,0,0
hälventää,0,0,0,0,0,1,0,1,0,0
vapautus,0,0,0,0,0,0,0,0,0,0
annostella,0,0,0,0,0,0,0,0,0,0
hajottaa,0,0,0,0,0,0,0,0,0,0
hajallaan,0,0,0,0,0,0,0,0,0,0
dispersio,0,0,0,0,0,1,0,0,0,0
syrjäyttää,0,0,0,0,0,1,0,0,0,0
siirretty,1,0,0,1,0,0,0,1,0,0
siirtymä,0,0,0,0,0,0,0,0,0,0
näyttö,0,0,0,0,0,0,0,0,0,0
ärsyyntynyt,1,0,1,1,0,1,0,1,0,0
tyytymättömyyttä,0,0,1,0,0,1,0,0,0,0
hävittäminen,0,0,0,0,0,1,0,0,0,0
hävittää,0,0,1,0,0,0,0,0,0,0
hävitetty,0,1,0,0,0,0,1,0,0,1
taipumus,0,0,0,0,0,0,0,0,0,0
koditon,1,0,0,1,0,1,0,1,0,0
kiistää,0,0,0,0,0,0,0,0,0,0
riitaa,1,0,0,0,0,1,0,0,0,0
hylkääminen,0,0,0,0,0,1,0,0,0,0
hylätty,1,0,1,0,0,1,0,1,0,0
hylätä,0,0,0,0,0,1,0,1,0,0
huomioimatta,0,0,0,0,0,1,0,0,0,0
huomioimatta,0,0,1,0,0,1,0,0,0,0
huonomaineinen,1,0,1,1,0,1,0,0,0,0
huonomaineisuutta,0,0,0,0,0,0,0,0,0,0
epäkunnioitusta,1,0,0,0,0,1,0,0,0,0
epäkunnioittava,1,0,1,1,0,1,0,1,0,0
häiriötä,1,0,0,1,0,1,0,0,1,0
tyytymättömyys,0,0,0,0,0,1,0,0,0,0
tyytymätön,0,0,0,0,0,0,0,0,0,0
leikellä,0,0,0,0,0,0,0,0,0,0
dissektio,0,0,1,0,0,0,0,0,0,0
levittää,0,0,0,0,0,0,1,0,0,0
levittäminen,0,0,0,0,0,0,0,0,0,0
erimielisyyttä,1,0,0,0,0,1,0,0,0,0
erimielisyys,0,0,0,0,0,0,0,0,0,0
eri mieltä,0,0,0,0,0,1,0,0,0,0
väitöskirja,0,0,0,0,0,0,0,0,0,0
karhunpalvelus,1,0,1,0,0,1,0,1,0,0
toisinajattelija,1,0,0,1,0,1,0,0,0,0
erilaisia,0,0,0,0,0,0,0,0,0,0
haihtua,0,0,0,0,0,0,0,0,0,0
hajallaan,0,0,0,0,0,0,0,0,0,0
dissosiaatio,0,0,0,0,0,0,0,0,0,0
liukeneminen,1,0,0,1,0,1,0,1,1,0
liueta,0,0,0,0,0,0,0,0,0,0
dissonanssi,1,0,0,0,0,1,0,0,0,0
luopua,0,0,0,0,0,0,0,0,0,0
distaalinen,0,0,0,0,0,0,0,0,0,0
etäisyys,0,0,0,0,0,0,0,0,0,0
kaukana,0,0,0,0,0,0,0,0,0,0
vastenmielistä,0,0,1,0,0,1,0,0,0,0
vastenmielistä,0,0,1,0,0,1,0,0,0,0
tisle,0,0,0,0,0,0,0,0,0,0
tislaus,0,0,0,0,0,0,1,0,0,0
erottelu,0,0,0,0,0,0,1,0,0,0
erottuva,0,0,0,0,0,0,0,0,0,0
erottaa,0,0,0,0,0,0,0,0,0,0
erottuva,0,0,0,0,0,0,0,0,0,0
erottuva,0,0,0,0,0,0,0,0,0,0
erottava,0,0,0,0,0,0,0,0,0,0
vääristynyt,0,0,1,0,0,1,0,0,0,0
vääristymä,0,0,0,0,0,1,0,0,0,0
harhauttaa,0,0,0,0,0,1,0,0,0,0
hajamielinen,1,0,0,0,0,1,0,0,0,0
häiritsevä,1,1,0,0,0,1,0,0,0,0
häiriötekijä,0,0,0,0,0,1,0,0,0,0
suunniltaan,0,0,0,0,0,1,0,1,0,0
tuskaa,1,0,1,1,0,1,0,1,1,0
ahdistunut,0,0,0,1,0,1,0,0,0,0
ahdistavaa,1,0,0,1,0,1,0,0,0,0
jakaa,0,0,0,0,0,0,0,0,0,0
jakelu,0,0,0,0,0,0,0,0,0,0
kaupunginosa,0,0,0,0,0,0,0,0,0,0
epäluottamus,1,0,1,1,0,1,0,0,0,0
häiriötä,1,0,0,1,0,1,0,1,1,0
häiriintynyt,1,0,0,0,0,1,0,1,0,0
käyttämättä,0,0,0,0,0,1,0,0,0,0
käyttämättä,1,0,0,0,0,1,0,0,0,0
oja,0,0,0,0,0,0,0,0,0,0
sama,0,0,0,0,0,0,0,0,0,0
laulelma,0,0,0,0,1,0,1,0,0,0
päivällinen,0,0,0,0,0,0,0,0,0,0
divaani,0,0,0,0,0,0,0,0,0,1
sukeltaa,0,0,0,0,0,0,0,0,0,0
sukeltaja,0,0,0,0,0,0,0,0,0,0
erota,0,0,0,0,0,0,0,0,0,0
eroa,0,0,0,0,0,0,0,0,0,0
poikkeava,0,0,0,0,0,1,0,0,1,0
poikkeavia,0,0,0,0,0,0,0,0,0,0
sukeltajat,0,0,0,0,0,0,0,0,0,0
monipuolinen,0,0,0,0,0,1,1,0,0,0
monipuolista,0,0,0,0,0,0,1,0,0,0
monipuolistaa,0,0,0,0,0,0,0,0,0,0
poikkeaminen,0,0,0,0,0,0,1,0,1,0
monimuotoisuus,0,0,0,0,0,0,0,0,0,0
ohjata,0,0,0,0,0,0,0,0,0,0
suuntaamalla,0,0,0,0,0,0,0,0,0,0
luovuttaa,0,0,0,0,0,0,0,0,0,0
myyty,0,0,0,0,0,1,0,0,0,0
luopuminen,0,0,0,0,0,1,0,0,0,0
jakaa,0,0,0,0,0,0,0,0,0,0
jaettu,0,0,0,0,0,0,0,0,0,0
osinkoa,0,0,0,0,0,0,0,0,0,0
ennustaminen,0,1,0,0,0,0,0,0,0,0
jumalallinen,0,0,0,0,0,0,0,0,0,0
jumaluus,0,0,0,0,0,0,1,0,0,0
jaollinen,0,0,0,0,0,0,0,0,0,0
jako,0,0,0,0,0,0,0,0,0,0
jakaja,0,0,0,0,0,0,0,0,0,0
avioero,1,0,1,1,0,1,0,1,1,1
paljastaa,0,0,0,0,0,0,0,0,0,0
huimaus,0,0,0,0,0,1,0,0,0,0
huimausta,0,0,0,0,0,1,0,0,0,0
oppivainen,0,0,0,0,0,0,0,0,0,0
telakka,0,0,0,0,0,0,0,0,0,0
telakoituna,0,0,0,0,0,1,0,0,0,0
etiketti,0,0,0,0,0,0,0,0,0,0
lääkäri,0,0,0,0,0,0,1,0,0,1
opillinen,0,0,0,0,0,0,0,0,0,0
oppia,0,0,0,0,0,0,0,0,0,1
asiakirja,0,0,0,0,0,0,0,0,0,0
dokumentti,0,0,0,0,0,0,0,0,0,0
väistää,0,0,0,0,0,0,0,0,0,0
väistelee,0,0,0,0,0,0,0,0,0,0
tehdä,0,0,0,0,0,0,0,0,0,0
tekijä,0,0,0,0,0,0,1,0,0,0
koira,0,0,0,0,0,0,0,0,0,0
sitkeä,0,0,0,0,0,0,1,0,0,0
dogma,0,0,0,0,0,0,0,0,0,1
dogmaattinen,0,0,0,0,0,0,0,0,0,0
puuhat,0,0,0,0,0,0,0,0,0,0
tee,0,0,0,0,0,1,0,0,0,0
lamakausi,0,0,0,0,0,1,0,1,0,0
dole,0,0,0,0,0,1,0,1,0,0
nukke,0,0,0,0,1,0,0,0,0,0
dollari,0,0,0,0,0,0,0,0,0,0
väri,0,0,0,0,0,1,0,1,0,0
delfiini,0,0,0,0,1,0,1,0,1,1
verkkotunnus,0,0,0,0,0,0,0,0,0,0
kupoli,0,0,0,0,0,0,0,0,0,0
kotimainen,0,0,0,0,0,0,0,0,0,0
kesytetty,0,0,0,0,0,0,0,0,0,0
kesyttäminen,0,0,0,0,0,0,0,0,0,0
kotipaikka,0,0,0,0,0,0,0,0,0,0
kotipaikka,0,0,0,0,0,0,0,0,0,0
valta-asema,0,0,0,0,0,0,0,0,0,0
hallitseva,0,0,0,1,0,1,0,0,0,0
dominoida,1,0,0,1,0,1,1,0,0,0
hallitseva,0,0,0,0,0,0,0,0,0,0
ylivaltaa,1,0,0,1,0,1,0,1,0,0
valta,0,0,0,1,0,0,0,0,0,1
domino,0,0,0,0,0,0,0,0,0,0
don,0,0,0,0,0,0,1,0,0,1
lahjoitus,0,0,0,0,0,0,1,0,0,0
aasi,0,0,1,0,0,1,0,0,0,0
luovuttaja,0,0,0,0,0,0,0,0,0,0
doodle,0,0,0,0,0,1,0,0,0,0
tuho,0,0,0,1,0,1,0,0,0,0
tuhoon tuomittu,0,0,0,1,0,1,0,1,0,0
tuomiopäivä,1,1,1,1,0,1,0,1,0,0
ovi,0,0,0,0,0,0,0,0,0,0
ovikello,0,0,0,0,0,0,0,0,0,0
oviaukko,0,0,0,0,0,0,0,0,0,0
lepotilassa,0,0,0,0,0,0,0,0,0,0
asuntola,0,0,0,0,0,0,0,0,0,0
selkä-,0,0,0,0,0,0,0,0,0,0
annos,0,0,0,0,0,0,0,0,0,0
piste,0,0,0,0,0,0,0,0,0,0
kaksinkertainen,0,0,0,0,0,0,0,0,0,0
kaksinkertaistunut,0,0,0,0,0,0,0,0,0,0
dubletti,0,0,0,0,0,0,0,0,0,0
kaksinkertaistaminen,0,0,0,0,0,0,0,0,0,0
epäillä,0,0,0,1,0,1,0,1,0,1
epäilyttävää,0,0,0,0,0,1,0,0,0,0
epäilevästi,0,0,0,0,0,1,0,0,0,0
epäilemättä,0,0,0,0,0,0,1,0,0,1
suihku,0,0,0,0,0,1,0,0,0,0
taikina,0,0,0,0,0,0,0,0,0,0
donitsi,0,0,0,0,0,0,0,0,0,0
ilkeä,0,0,0,0,0,1,0,0,0,0
kyyhkynen,0,1,0,0,1,0,1,0,0,1
masentunut,0,0,0,0,0,0,0,0,0,0
kaatuminen,0,0,0,1,0,1,0,1,0,0
alamäkeen,0,0,0,0,0,0,0,0,0,0
kaatosade,0,0,0,0,0,0,0,0,0,0
suorastaan,0,0,0,0,0,0,0,0,0,1
untuvainen,0,0,0,0,0,0,1,0,0,0
myötäjäiset,0,0,0,0,0,0,0,0,0,0
torkkua,0,0,0,0,0,0,0,0,0,0
tusina,0,0,0,0,0,0,0,0,0,0
ikävä,0,0,0,0,0,1,0,1,0,0
luonnos,0,1,0,0,0,0,0,0,0,0
raahata,0,0,0,0,0,0,0,0,0,0
lohikäärme,0,0,0,1,0,0,0,0,0,0
valua,0,0,0,0,0,0,0,0,0,0
viemäröinti,0,0,0,0,0,1,0,0,0,0
valutettu,0,0,0,0,0,0,0,0,0,0
drake,0,0,0,0,0,0,0,0,0,0
draama,0,0,0,0,0,0,0,0,0,0
dramaattinen,0,0,0,0,0,0,0,0,0,0
levittää,0,0,0,0,0,0,0,0,0,0
kangas,0,0,0,0,0,0,0,0,0,0
rajuja,0,0,0,0,0,0,0,0,0,0
luonnos,0,0,0,0,0,0,0,0,0,0
piirtää,0,0,0,0,0,0,0,0,0,0
haittapuoli,0,0,0,0,0,1,0,0,0,0
laatikko,0,0,0,0,0,0,0,0,0,0
laatikot,0,0,0,0,0,0,0,0,0,0
piirustus,0,0,0,0,0,0,0,0,0,0
kauhu,0,1,0,1,0,1,0,0,0,0
kauheaa,1,1,1,1,0,1,0,1,0,0
hirveästi,0,0,1,1,0,1,0,1,1,0
unelma,0,0,0,0,0,0,0,0,0,0
uneksija,0,0,0,0,0,0,0,0,0,0
unelmoimista,0,0,0,0,0,0,0,0,0,0
unenomainen,0,0,0,0,0,0,0,0,0,0
kolkko,0,0,0,0,0,1,0,1,0,0
ruopata,0,0,0,0,0,0,0,0,0,0
likomärkä,0,0,0,0,0,0,0,0,0,0
pukeutuja,0,0,0,0,0,0,0,0,0,0
tiputtaa,0,0,0,0,0,0,0,0,0,0
kuivattu,0,0,0,0,0,0,0,0,0,0
kuivain,0,0,0,0,0,0,0,0,0,0
ajelehtia,0,0,0,0,0,0,0,0,0,0
ajautui,0,0,0,0,0,0,0,0,0,0
porata,0,0,0,0,0,0,0,0,0,0
juoda,0,0,0,0,0,0,0,0,0,0
juominen,0,0,0,0,0,1,0,0,0,0
tippua,0,0,0,0,0,0,0,0,0,0
tippuu,0,0,0,0,0,0,0,0,0,0
ajeleminen,0,0,1,0,0,1,0,0,0,0
kuljettaja,0,0,0,0,0,0,0,0,0,0
ajotieltä,0,0,0,0,0,0,0,0,0,0
tihkusade,0,0,0,0,0,0,0,0,0,0
rullata,0,0,0,0,0,0,0,0,0,0
lennokki,0,0,0,0,0,1,0,0,0,0
kuolata,0,0,1,0,0,0,0,0,0,0
roikkuu,0,0,0,0,0,1,0,0,0,0
pudota,0,0,0,0,0,0,0,0,0,0
pisara,0,0,0,0,0,0,0,0,0,0
kuivuus,0,0,0,0,0,1,0,0,0,0
ajoi,0,0,0,0,0,0,0,0,0,0
hukkua,0,0,0,1,0,1,0,1,0,0
uneliaisuus,0,0,0,0,0,1,0,0,0,0
unelias,0,0,0,0,0,0,0,0,0,0
raatamista,0,0,0,0,0,1,0,0,0,0
huume,0,0,0,0,0,0,0,0,0,0
huumaava,0,0,0,0,0,0,0,1,0,0
apteekki,0,0,0,0,0,0,0,0,0,0
druidi,0,0,0,0,0,0,0,0,0,0
rumpu,0,0,0,0,0,0,0,0,0,0
rumpali,0,0,0,0,0,0,0,0,0,0
rummutusta,0,0,0,0,0,0,0,0,0,0
humalainen,0,0,1,0,0,1,0,0,0,0
juopuminen,0,0,0,0,0,1,0,0,0,0
kuiva,0,0,0,0,0,0,0,0,0,0
kuivuus,0,0,0,0,0,0,0,0,0,0
kaksinkertainen,0,0,0,0,0,0,0,0,0,0
dualismi,0,0,0,0,0,0,0,0,0,0
kaksinaisuus,0,0,0,0,0,0,0,0,0,0
dub,0,0,0,0,0,0,0,0,0,0
kyseenalaista,0,0,0,1,0,1,0,0,0,1
ankaaminen,0,0,0,0,0,0,0,0,0,0
kanava,0,0,0,0,0,0,0,0,0,0
sitkeä,0,0,0,0,0,0,0,0,0,0
tyhmiä,0,0,0,0,0,0,0,0,0,0
erääntyy,0,0,0,0,0,0,0,0,0,0
kaksintaistelu,1,1,0,1,0,0,0,0,0,0
maksuja,0,0,0,0,0,0,0,0,0,0
duetto,0,0,0,0,0,0,1,0,0,0
korsu,0,0,0,0,0,0,0,0,0,0
herttua,0,0,0,0,0,0,1,0,0,0
tylsä,0,0,0,0,0,1,0,1,0,0
tyhmä,0,0,0,0,0,1,0,0,0,0
nukke,0,0,0,0,0,1,0,0,0,0
kaatopaikka,0,0,0,0,0,0,0,0,0,0
kaatopaikat,1,0,0,0,0,1,0,1,0,0
dun,0,0,0,0,0,1,0,0,0,0
dyyni,0,0,0,0,0,0,0,0,0,0
lantaa,0,0,1,0,0,0,0,0,0,0
vankityrmä,0,0,0,1,0,1,0,0,0,0
duo,0,0,0,0,0,0,0,0,0,0
huiputtaa,1,0,0,0,0,1,0,0,0,0
kaksipuolinen,0,0,0,0,0,0,0,0,0,0
kaksoiskappale,0,0,0,0,0,0,0,0,0,0
päällekkäisyyttä,0,0,0,0,0,0,0,0,0,0
kaksinaamaisuus,1,0,0,0,0,1,0,0,0,0
kestävyys,0,0,0,0,0,0,1,0,0,1
kestävä,0,0,0,0,0,0,1,0,0,1
kesto,0,0,0,0,0,0,0,0,0,0
pakko,1,0,1,1,0,1,0,1,0,0
hämärä,0,0,0,0,0,0,0,0,0,0
tumma,0,0,0,0,0,0,0,0,0,0
pöly,0,0,0,0,0,1,0,0,0,0
siivoustakki,0,0,0,0,0,0,0,0,0,0
pölyinen,0,0,0,0,0,0,0,0,0,0
velvollisuudentuntoinen,0,1,0,0,0,0,1,0,0,1
kääpiö,0,0,0,0,0,0,0,0,0,0
kääpiö,0,0,0,1,0,1,0,1,0,0
asua,0,0,0,0,0,0,0,0,0,0
asukas,0,0,0,0,0,0,0,0,0,0
asunto,0,0,0,0,0,0,0,0,0,0
väriaine,0,0,0,0,0,0,0,0,0,0
kuolee,1,0,1,1,0,1,0,1,0,0
pato,0,0,0,0,0,0,0,0,0,0
dynaaminen,0,0,0,0,0,0,0,0,1,0
dynaaminen,0,0,0,0,0,0,0,0,0,0
dynamiikka,0,0,0,0,0,0,0,0,0,0
dynamiitti,0,0,0,0,0,0,0,0,0,0
dynastia,0,0,0,0,0,0,0,0,0,0
punatauti,0,0,1,0,0,1,0,1,0,0
dyspepsia,0,0,0,0,0,0,0,0,0,0
innokas,0,1,0,0,1,0,1,0,1,1
into,0,1,0,0,1,0,1,0,0,1
kotka,0,0,0,0,0,0,0,0,0,1
korva,0,0,0,0,0,0,0,0,0,0
Earl,0,0,0,0,0,0,1,0,0,0
aikaisemmin,0,0,0,0,0,0,0,0,0,0
aikaisin,0,0,0,0,0,0,0,0,0,0
ansaita,0,0,0,0,0,0,1,0,0,0
tosissaan,0,0,0,0,0,0,1,0,0,0
tosissaan,0,0,0,0,0,0,1,0,0,0
vakavuus,0,0,0,0,0,0,1,0,0,0
tulot,0,0,0,0,0,0,0,0,0,0
korvarengas,0,0,0,0,0,0,0,0,0,0
kuuloväli,0,0,0,0,0,0,0,0,0,0
maata,0,0,0,0,0,0,0,0,0,0
keramiikka,0,0,0,0,0,0,0,0,0,0
maallinen,0,0,0,0,0,0,0,0,0,0
maanjäristys,1,0,0,1,0,1,0,1,1,0
maanläheinen,0,0,0,0,0,0,0,0,0,0
helppous,0,0,0,0,0,0,1,0,0,0
maalausteline,0,0,0,0,0,0,0,0,0,0
helpotus,0,0,0,0,0,0,1,0,0,0
helposti,0,0,0,0,0,0,0,0,0,0
helppo,0,0,0,0,0,0,0,0,0,0
rento,0,0,0,0,0,0,1,0,0,0
syödä,0,0,0,0,0,0,1,0,0,0
syöminen,0,0,0,0,0,0,0,0,0,0
salakuuntelu,0,0,0,0,0,1,0,0,0,0
aallokko,0,0,0,0,0,0,0,0,0,0
eebenpuu,0,0,0,0,0,0,0,0,0,0
eksentrinen,0,0,0,0,0,0,0,0,0,0
epäkeskisyys,0,0,0,0,0,0,0,0,0,0
kirkollinen,0,0,0,0,0,0,0,0,0,0
kaiku,0,0,0,0,0,0,0,0,0,0
eklektinen,0,0,0,0,0,0,0,0,0,0
pimennys,0,0,0,0,0,0,0,0,0,0
ekliptiikka,0,0,0,0,0,0,0,0,0,0
taloudellinen,0,0,0,0,0,0,0,0,0,0
taloustiede,0,0,0,0,0,0,0,0,0,0
taloutta,0,0,0,0,0,0,0,0,0,1
ekstaasi,0,1,0,0,1,0,1,0,0,0
hurmioitunut,0,1,0,0,1,0,1,0,1,0
ekumeeninen,0,0,0,0,0,0,0,0,0,0
pyörre,0,0,0,0,0,0,0,0,0,0
reuna,0,0,0,0,0,0,0,0,0,0
reunus,0,0,0,0,0,0,0,0,0,0
syötävää,0,0,0,0,0,0,0,0,0,0
edikti,0,0,0,1,0,1,0,0,0,0
rakentaminen,0,1,0,0,1,0,1,0,0,1
rakennus,0,0,0,0,0,0,0,0,0,0
muokata,0,0,0,0,0,0,0,0,0,0
painos,0,1,0,0,0,0,0,0,0,0
toimittaja,0,0,0,0,0,0,0,0,0,0
Pääkirjoitus,0,0,0,0,0,0,0,0,0,0
kouluttaa,0,0,0,0,0,0,1,0,0,0
koulutettuja,0,0,0,0,0,0,1,0,0,0
koulutus,0,0,0,0,0,0,0,0,0,0
koulutuksellinen,0,0,0,0,0,0,1,0,0,1
ankerias,0,0,0,1,0,0,0,0,0,0
vaikutus,0,0,0,0,0,0,0,0,0,0
tehokas,0,0,0,0,0,0,1,0,0,1
tehosteita,0,0,0,0,0,0,0,0,0,0
tehokas,0,0,0,0,0,0,0,0,0,0
tehokkaasti,0,0,0,0,0,0,0,0,0,0
toteuttaa,0,0,0,0,0,0,0,0,0,0
naisellinen,0,0,0,0,0,1,0,0,0,0
tehokas,0,0,0,0,0,0,0,0,0,0
tehokkuus,0,0,0,0,0,0,1,0,0,0
tehokkuutta,0,0,0,0,0,0,1,0,0,0
tehokas,0,1,0,0,0,0,1,0,0,1
hahmo,1,0,0,0,0,0,0,0,0,0
vaivaa,0,0,0,0,0,0,1,0,0,0
effuusio,0,0,0,0,0,0,0,0,0,0
kananmuna,0,0,0,0,0,0,0,0,0,0
ego,0,0,0,0,0,0,0,0,0,0
egoistinen,0,0,1,0,0,1,0,0,0,0
törkeä,1,0,1,0,0,1,0,0,0,0
ulospääsy,0,0,0,0,0,0,0,0,0,0
kahdeksas,0,0,0,0,0,0,0,0,0,0
kahdeksankymmentä,0,0,0,0,0,0,0,0,0,0
huudahtaa,0,0,0,0,0,0,0,0,0,0
siemensyöksy,0,1,0,0,1,0,1,0,1,1
poista,0,0,0,0,0,1,0,0,0,0
poisto,0,0,0,0,0,1,0,0,0,0
kehittää,0,0,0,0,0,0,0,0,0,0
tarkentaminen,0,0,0,0,0,0,1,0,0,0
elan,0,0,0,0,0,0,0,0,0,0
kulua,0,0,0,0,0,0,0,0,0,0
kulunut,0,0,0,0,0,0,0,0,0,0
elastinen,0,0,0,0,0,0,0,0,0,0
joustavuus,0,0,0,0,0,0,0,0,0,0
riemuissaan,0,0,0,0,1,0,1,0,0,0
kyynärpää,1,0,0,0,0,0,0,0,0,0
eld,0,0,0,0,0,0,0,0,0,0
vanhin,0,0,0,0,0,0,1,0,0,1
vanhimmat,0,0,0,0,0,0,1,0,0,1
vanhin,0,0,0,0,0,0,0,0,0,0
valita,0,0,0,0,0,0,1,0,0,1
vaaleissa,0,0,0,0,0,0,0,0,0,0
vaaliruhtinas,0,0,0,0,0,0,0,0,0,0
äänestäjäkunta,0,0,0,0,0,0,0,0,0,1
sähköinen,0,0,0,0,1,0,1,0,1,0
sähköä,0,0,0,0,0,0,1,0,0,0
eleganssi,0,1,0,0,1,0,1,0,0,1
tyylikäs,0,0,0,0,1,0,1,0,0,0
elementti,0,0,0,0,0,0,0,0,0,0
perus,0,0,0,0,0,0,0,0,0,0
elementtejä,0,0,0,0,0,0,0,0,0,0
norsu,0,0,0,0,0,0,0,0,0,0
nostaa,0,0,0,0,0,0,0,0,0,0
korkeus,0,1,0,1,1,0,1,0,0,1
Hissi,0,0,0,0,0,0,0,0,0,0
yksitoista,0,0,0,0,0,0,0,0,0,0
yhdestoista,0,0,0,0,0,0,0,0,0,0
tonttu,1,0,1,1,0,0,0,0,0,0
saada esiin,0,0,0,0,0,0,0,0,0,0
kelvollinen,0,0,0,0,0,0,1,0,0,0
poistaminen,1,0,1,1,0,1,0,1,0,0
eliitti,0,1,0,0,1,0,1,0,0,1
hirvi,0,0,0,0,0,0,0,0,0,0
ell,0,0,0,0,0,0,0,0,0,0
ellipsi,0,0,0,0,0,0,0,0,0,0
ellipsi,0,0,0,0,0,0,0,0,0,0
ellipsoidi,0,0,0,0,0,0,0,0,0,0
elliptinen,0,0,0,0,0,0,0,0,0,0
elliptinen,0,0,0,0,0,0,0,0,0,0
pidentää,0,0,0,0,0,0,0,0,0,0
venymä,0,0,0,0,0,0,0,0,0,0
kaunopuheisuus,0,0,0,0,0,0,1,0,0,0
kaunopuheinen,0,0,0,0,0,0,1,0,0,0
selventää,0,0,0,0,0,0,1,0,0,1
selvitys,0,0,0,0,0,0,0,0,0,0
väistää,0,0,0,0,0,0,0,0,0,0
käsittämätön,0,0,0,0,0,1,0,0,1,0
riutunut,0,0,0,1,0,1,0,1,0,0
virrata,0,0,0,0,0,0,0,0,0,0
vapautuminen,0,1,0,0,1,0,1,0,0,0
pengerrys,0,0,0,0,0,0,0,0,0,0
kauppasaarto,0,0,0,0,0,1,0,0,0,0
aloittaa,0,0,0,0,0,0,0,0,0,0
nolata,0,0,0,0,0,1,0,1,0,0
noloa,0,0,0,0,0,1,0,0,0,0
hämmennystä,0,0,0,1,0,1,0,1,1,0
suurlähetystö,0,0,0,0,0,0,0,0,0,0
upottaa,0,0,0,0,0,0,0,0,0,0
kaunistella,0,0,0,0,0,0,0,0,0,0
kaunistus,0,0,0,0,0,0,0,0,0,0
hiillos,0,0,0,0,0,0,0,0,0,0
kavallus,0,0,0,0,0,1,0,0,0,0
tunnus,0,0,0,0,0,0,0,0,0,0
symbolinen,0,0,0,0,0,0,0,0,0,0
ruumiillistuma,0,0,0,0,0,0,0,0,0,0
embolia,0,0,0,1,0,1,0,1,0,0
kohokuvioitu,0,0,0,0,0,0,0,0,0,0
omaksua,0,1,0,0,1,0,1,0,1,1
brodeerattu,0,0,0,0,0,0,0,0,0,0
kirjonta,0,0,0,0,0,0,0,0,0,0
sekaisin,0,0,0,0,0,1,0,0,0,0
alkio,0,0,0,0,0,0,0,0,0,0
alkio,0,0,0,0,0,0,0,0,0,0
smaragdi,0,0,0,0,0,0,0,0,0,0
esiin,0,0,0,0,0,0,0,0,0,0
ilmaantuminen,0,0,0,0,0,0,0,0,0,0
hätä,0,0,0,1,0,1,0,1,1,0
emeritus,0,0,0,0,0,0,1,0,0,0
muuttaa pois,0,0,0,0,0,0,0,0,0,0
siirtolaisuus,0,0,0,0,0,0,0,0,0,0
eminentisyys,0,0,0,0,0,0,1,0,0,1
huomattava,0,0,0,0,0,0,1,0,0,0
erinomaisesti,0,0,0,0,0,0,1,0,0,0
emiiri,0,0,0,0,0,0,1,0,0,0
päästö,0,0,0,0,0,0,0,0,0,0
säteillä,0,0,0,0,0,0,0,0,0,0
tunne,0,0,0,0,0,0,0,0,0,0
tunteita,0,0,0,0,0,0,0,0,0,0
tunnepitoinen,0,0,0,0,0,0,0,0,0,0
empatia,0,0,0,0,0,0,1,0,0,0
keisari,0,0,0,0,0,0,0,0,0,0
painotus,0,0,0,0,0,0,0,0,0,0
korostaa,0,0,0,0,0,0,0,0,0,1
painokas,0,0,0,0,0,0,0,0,0,0
imperiumi,0,0,0,0,0,0,0,0,0,0
empiirinen,0,0,0,0,0,0,0,0,0,0
empirismi,0,0,0,0,0,0,0,0,0,0
käyttää,0,0,0,0,0,0,0,0,0,1
työnantaja,0,0,0,0,0,0,0,0,0,0
työllisyyttä,0,0,0,0,0,0,0,0,0,0
kauppakeskus,0,0,0,0,0,0,0,0,0,0
voimaannuttaa,0,0,0,0,0,0,1,0,0,0
keisarinna,0,0,0,0,0,0,0,0,0,0
tyhjyys,0,0,0,0,0,0,0,1,0,0
tyhjennys,0,0,0,0,0,0,0,0,0,0
tyhjä,0,0,0,0,0,0,0,0,0,0
jäljitellä,0,0,0,0,0,0,1,0,0,0
emulsio,0,0,0,0,0,0,0,0,0,0
ota käyttöön,0,0,0,0,0,0,1,0,0,1
käyttöönotto,0,0,0,0,0,0,1,0,0,1
säätää,0,0,0,0,0,0,0,0,0,0
säätäminen,0,0,0,0,0,0,0,0,0,0
emali,0,0,0,0,0,0,0,0,0,0
leirintäalue,0,0,0,0,0,0,0,0,0,0
lumoaa,0,1,0,0,1,0,1,0,1,0
lumottu,0,0,0,0,1,0,1,0,0,1
lumoava,0,1,0,0,1,0,1,0,0,0
lumous,0,0,0,0,0,0,0,0,0,0
ympäröidä,0,0,0,0,0,0,0,0,0,0
ympäröi,0,0,0,0,0,0,0,0,0,0
erillisalue,0,0,0,0,0,1,0,0,0,0
liittää mukaan,0,0,0,0,0,0,0,0,0,0
koodata,0,0,0,0,0,0,0,0,0,0
kattaa,0,0,0,0,0,0,0,0,0,0
encore,0,0,0,0,0,0,1,0,0,0
kohdata,0,0,0,0,0,0,0,0,0,0
kannustaa,0,0,0,0,1,0,1,0,0,1
rohkaisua,0,0,0,0,0,0,1,0,0,0
kajota,0,0,0,0,0,0,0,0,0,0
tunkeutuminen,0,0,0,1,0,1,0,0,0,0
salata,0,0,0,0,0,0,0,0,0,0
rasitus,1,0,0,1,0,1,0,1,0,0
tietosanakirja,0,0,0,0,0,0,1,0,0,1
loppu,0,0,0,0,0,0,0,0,0,0
vaarantaa,0,1,0,1,0,1,0,0,0,0
uhanalaisia,0,0,0,1,0,1,0,0,0,0
pyrkimys,0,1,0,0,0,0,1,0,0,0
päättyi,0,0,0,0,0,0,0,0,0,0
endeeminen,0,0,1,1,0,1,0,1,0,0
päättyy,0,0,0,0,0,0,0,0,0,0
loputon,1,0,0,1,1,1,1,1,0,1
endokardiitti,0,0,0,1,0,0,0,1,0,0
hyväksyntä,0,0,0,0,0,0,0,0,0,0
antaa,0,0,0,0,0,0,1,0,0,1
lahjoitettu,0,0,0,0,0,0,1,0,0,0
lahjoitus,0,0,0,0,0,0,1,0,0,1
loppupaperit,0,0,0,0,0,0,0,0,0,0
päätepiste,0,0,0,0,0,0,0,0,0,0
kestävyyttä,0,0,0,0,0,0,1,0,0,0
kestää,0,0,0,0,0,0,1,0,0,0
peräruiske,0,0,1,0,0,0,0,0,0,0
vihollinen,1,0,1,1,0,1,0,0,0,0
energinen,0,0,0,0,0,0,1,0,0,0
energiaa,0,0,0,0,0,0,0,0,0,0
panna täytäntöön,1,0,0,1,0,1,1,0,0,0
täytäntöönpanoa,0,0,0,0,0,1,0,0,0,0
sitoutua,0,0,0,0,0,0,0,0,0,0
kihloissa,0,1,0,0,1,0,1,0,0,1
sitoumus,0,0,0,0,0,0,0,0,0,0
mukaansatempaava,0,0,0,0,1,0,1,0,0,1
synnyttää,0,0,0,0,0,0,0,0,0,0
moottori,0,0,0,0,0,0,0,0,0,0
insinööri,0,0,0,0,0,0,0,0,0,0
suunnittelu,0,0,0,0,0,0,0,0,0,0
kaivertaa,0,0,0,0,0,0,0,0,0,0
kaiverrettu,0,0,0,0,0,0,0,0,0,0
kaivertaja,0,0,0,0,0,0,0,0,0,0
kaiverrus,0,0,0,0,0,0,0,0,0,0
syventynyt,0,0,0,0,0,0,0,0,0,0
mukaansatempaava,0,0,0,0,0,0,0,0,0,0
nielaista,0,1,0,0,0,0,0,0,0,0
parantaa,0,0,0,0,0,0,1,0,0,0
arvoitus,0,0,0,0,0,0,0,0,0,0
arvoituksellinen,0,0,0,1,0,1,0,0,0,0
määrätä,0,0,0,0,0,0,0,0,0,0
nauttia,0,1,0,0,1,0,1,0,0,1
nauttien,0,1,0,0,1,0,1,0,0,1
laajennettu,0,0,0,0,0,0,0,0,0,0
laajentuminen,0,0,0,0,0,0,0,0,0,0
valaista,0,0,0,0,1,0,1,0,0,1
valaistuminen,0,0,0,0,1,0,1,0,0,1
värvätä,0,0,0,0,0,0,0,0,0,0
elävöittää,0,0,0,0,1,0,1,0,1,1
vihamielisyyttä,1,0,0,1,0,1,0,1,0,0
valtavuus,0,0,0,0,0,0,0,0,0,0
valtava,0,0,0,0,0,0,0,0,0,0
valtavasti,0,0,0,0,0,0,0,0,0,0
rikastuttaa,0,0,0,0,0,0,1,0,0,0
ilmoittautua,0,1,0,0,0,0,0,0,0,1
yhtye,0,0,0,0,0,0,1,0,0,1
lippu,0,0,0,0,0,0,1,0,0,0
orjuuttaa,0,0,0,0,0,1,0,0,0,0
orjuutettu,1,0,1,1,0,1,0,1,0,0
orjuuttaminen,0,0,0,0,0,1,0,0,0,0
seurauksena,0,0,0,0,0,0,0,0,0,0
varmistaa,0,0,0,0,0,0,0,0,0,0
aiheuttaa,0,0,0,0,0,0,0,0,0,0
sotkeutunut,1,0,1,1,0,1,0,1,0,0
sotkeutuminen,0,0,0,0,0,1,0,0,0,0
tulla sisään,0,0,0,0,0,0,0,0,0,0
yritys,0,0,0,0,0,0,0,0,0,0
yritteliäs,0,0,0,0,0,0,1,0,0,0
viihdyttää,0,0,0,0,1,0,1,0,0,0
viihdyttivät,0,0,0,0,1,0,1,0,0,0
viihdyttävä,0,1,0,0,1,0,1,0,0,0
viihde,0,1,0,0,1,0,1,0,1,1
innostusta,0,1,0,0,1,0,1,0,1,0
harrastaja,0,1,0,0,1,0,1,0,1,0
houkutella,0,0,0,0,0,0,0,0,0,0
koko,0,0,0,0,0,0,0,0,0,0
kokonaisuutta,0,0,0,0,0,0,0,0,0,0
oikeuttaa,0,0,0,0,0,0,0,0,0,0
kokonaisuus,0,0,0,0,0,0,0,0,0,0
hyönteistiede,0,0,0,0,0,0,0,0,0,0
sisälmykset,0,0,1,0,0,1,0,0,0,0
Sisäänkäynti,0,0,0,0,0,0,0,0,0,0
rukoilla,0,0,0,0,0,0,0,0,0,0
pääruoka,0,0,0,0,0,0,0,0,0,0
yrittäjä,0,0,0,0,0,0,0,0,0,0
uskoa,0,0,0,0,0,0,0,0,0,1
sisääntulo,0,0,0,0,0,0,0,0,0,0
luetella,0,0,0,0,0,0,0,0,0,0
luettelointi,0,0,0,0,0,0,0,0,0,0
kirjekuori,0,0,0,0,0,0,0,0,0,0
kateellinen,0,0,0,0,0,1,0,0,0,0
ympäristöön,0,0,0,0,0,0,1,0,0,0
ympäristöön,0,0,0,0,0,0,0,0,0,0
ympäristöön,0,0,0,0,0,0,0,0,0,0
kuvitella,0,0,0,0,0,0,0,0,0,0
lähettiläs,0,0,0,0,0,0,0,0,0,0
lyhytaikainen,0,0,0,0,0,0,0,0,0,0
efemeridi,0,0,0,0,0,0,1,0,0,0
eeppinen,0,0,0,0,0,0,1,0,0,0
epideeminen,1,1,1,1,0,1,0,1,1,0
epidermis,0,0,0,0,0,0,0,0,0,0
epilepsia,0,0,0,0,0,1,0,0,0,0
epilogi,0,0,0,0,0,0,0,0,0,0
piispan-,0,0,0,0,0,0,0,0,0,1
jakso,0,0,0,0,0,0,0,0,0,0
episodinen,0,0,0,0,0,0,0,0,0,0
kirje,0,0,0,0,0,0,0,0,0,0
epitafia,0,0,0,0,0,0,0,1,0,0
epiteetti,0,0,0,0,0,0,0,0,0,0
ruumiillistuma,0,0,0,0,0,0,1,0,0,0
aikakausi,0,0,0,0,0,0,0,0,0,0
yhtä suuri,0,0,0,0,0,0,0,0,0,0
tasa-arvo,0,0,0,0,1,0,1,0,0,1
tasaus,0,0,0,0,0,0,0,0,0,0
tasoittaa,0,0,0,0,0,0,0,0,0,0
yhtä,0,0,0,0,0,0,1,0,0,0
rinnastaa,0,0,0,0,0,0,0,0,0,0
yhtälö,0,0,0,0,0,0,0,0,0,0
päiväntasaaja,0,0,0,0,0,0,0,0,0,0
päiväntasaajan-,0,0,0,0,0,0,0,0,0,0
ratsastaja,0,0,0,0,0,0,0,0,0,0
yhtä kaukana,0,0,0,0,0,0,0,0,0,0
tasapainottaminen,0,0,0,0,0,0,0,0,0,0
tasapaino,0,0,0,0,0,0,1,0,0,0
varustaa,0,0,0,0,0,0,0,0,0,0
laitteet,0,0,0,0,0,0,0,0,0,0
tasapuolista,0,0,0,0,0,0,0,0,0,0
pääomaa,0,0,0,0,0,0,1,0,0,0
vastaavuus,0,0,0,0,0,0,0,0,0,0
vastaava,0,0,0,0,0,0,0,0,0,0
epäselvä,0,0,0,0,0,0,0,0,0,0
aikakausi,0,0,0,0,0,0,0,0,0,0
hävittää,1,0,0,0,0,1,0,0,0,0
hävittäminen,1,0,1,1,0,1,0,0,0,0
pyyhkiä,0,0,0,1,0,1,0,0,0,0
poistaminen,0,0,0,0,0,0,0,0,0,0
ere,0,0,0,0,0,0,0,0,0,0
pystytä,0,0,0,0,0,0,0,0,0,0
erektio,0,0,0,0,0,0,0,0,0,0
ergo,0,0,0,0,0,0,0,0,0,0
syöpyä,0,0,0,0,0,0,0,0,0,0
eroosio,0,0,0,0,0,1,0,0,0,0
eroottinen,0,1,0,0,1,1,1,0,1,1
err,0,0,0,0,0,1,0,0,0,0
asia,0,1,0,0,0,0,1,0,0,1
hairahtunut,0,0,0,0,0,1,0,0,0,0
arvaamaton,0,0,0,0,0,1,0,0,1,0
erratum,0,0,0,0,0,1,0,0,0,0
virheellinen,0,0,0,0,0,1,0,0,0,0
virhe,0,0,0,0,0,1,0,1,0,0
erst,0,0,0,0,0,0,0,0,0,0
oppinut,0,0,0,0,0,0,1,0,0,0
puhjeta,1,0,0,0,0,1,0,0,1,0
purkaus,1,0,0,1,0,1,0,0,1,0
escalade,0,0,0,0,0,0,0,0,0,0
eskaloitua,1,0,0,0,0,1,0,0,0,0
liukuportaat,0,0,0,0,0,0,0,0,0,0
paeta,0,1,0,1,0,1,1,0,0,0
pakeni,0,0,0,1,0,0,0,0,0,0
luiska,0,0,0,0,0,0,0,0,0,0
välttää,1,0,0,0,0,1,0,1,0,0
saattaja,0,0,0,0,0,0,0,0,0,1
esoteerinen,0,0,0,0,0,0,0,0,0,0
erityinen,0,0,0,0,0,0,0,0,0,0
vakoilu,0,0,0,0,0,1,0,0,0,0
puoliso,0,0,0,0,0,0,0,0,0,0
esprit,0,0,0,0,0,0,1,0,0,0
essee,0,0,0,0,0,0,0,0,0,0
esseisti,0,0,0,0,0,0,0,0,0,0
olemus,0,0,0,0,0,0,0,0,0,0
välttämätön,0,0,0,0,0,0,1,0,0,0
olennaisesti,0,0,0,0,0,0,0,0,0,0
perustaa,0,0,0,0,0,0,0,0,0,1
perusti,0,0,0,0,1,0,1,0,0,0
perustaminen,0,0,0,0,0,0,0,0,0,0
kiinteistö,0,0,0,0,0,0,0,0,0,0
arvostus,0,0,0,0,1,0,1,1,0,1
esteettinen,0,0,0,0,0,0,1,0,0,0
arvio,0,0,0,0,0,0,0,0,0,0
arvio,0,0,0,0,0,0,0,0,0,0
estoppel,0,0,0,0,0,0,0,0,0,0
vieraantunut,0,0,0,0,0,1,0,0,0,0
estrogeeni,0,0,0,0,0,0,0,0,0,0
suisto,0,0,0,0,0,0,0,0,0,0
etch,0,0,0,0,0,0,0,0,0,0
etsaus,0,0,0,0,0,0,0,0,0,0
ikuinen,0,0,0,0,0,0,0,0,0,0
ikuisuus,0,0,0,0,0,0,0,0,0,0
etanoli,0,0,0,0,0,0,0,0,0,0
eetteri,0,0,0,0,0,0,0,0,0,0
eteerinen,0,0,0,1,0,0,0,0,0,0
eettistä,0,0,0,0,0,0,1,0,0,0
etiikka,0,0,0,0,0,0,1,0,0,0
etnografia,0,0,0,0,0,0,0,0,0,0
etiologia,0,0,0,0,0,0,0,0,0,0
etiketti,0,0,0,0,0,0,0,0,0,0
etymologia,0,0,0,0,0,0,0,0,0,0
euchre,0,0,0,0,0,0,0,0,0,0
eugeniikka,0,0,0,0,0,0,0,0,0,0
muistopuhe,0,0,0,0,0,0,0,0,0,0
kiertoilmaus,0,0,0,0,0,0,0,0,0,0
eutanasia,0,0,0,1,0,1,0,1,0,0
evakuoin,0,0,0,1,0,1,0,0,0,0
evakuointi,0,0,0,0,0,1,0,0,0,0
kiertää,1,0,1,1,0,1,0,0,0,0
arvioida,0,0,0,0,0,0,0,0,0,0
katoaminen,0,0,0,0,0,0,0,1,1,0
evankelinen,0,0,0,0,0,0,0,0,0,0
evankelista,0,0,0,0,0,0,0,0,0,0
evankelista,0,0,0,0,0,0,0,0,0,0
haihtuminen,0,0,0,0,0,0,0,0,0,0
väistäminen,0,0,0,1,0,1,0,1,0,0
aatto,0,0,0,0,0,0,0,0,0,0
ilta,0,0,0,0,0,0,0,0,0,0
tapahtuma,0,0,0,0,0,0,0,0,0,0
tapahtumarikas,0,0,0,0,0,0,0,0,0,0
lopullinen,0,1,0,0,0,0,0,0,0,0
mahdollisuutta,0,1,0,1,0,0,0,0,0,0
ikivihreä,0,0,0,0,1,0,1,0,0,1
ikuinen,0,0,0,0,0,0,1,0,0,0
ikuisesti,0,0,0,0,0,0,0,0,0,0
joka päivä,0,0,0,0,0,0,0,0,0,0
häätää,0,0,0,0,0,1,0,1,0,0
häätö,1,0,1,1,0,1,0,1,0,0
todisteita,0,0,0,0,0,0,0,0,0,0
ilmeistä,0,0,0,0,0,0,1,0,0,1
paha,1,0,1,1,0,1,0,1,0,0
herättää,0,0,0,0,0,0,0,0,0,0
evoluutio,0,0,0,0,0,0,1,0,0,0
kehittyä,0,0,0,0,0,0,0,0,0,0
uuhi,0,0,0,0,0,0,0,0,0,0
pahentaa,0,0,0,0,0,1,0,0,0,0
paheneminen,1,0,0,1,0,1,0,0,0,0
vaativa,0,0,0,0,0,1,0,0,0,0
liioitella,1,0,0,0,0,1,0,0,0,0
liioiteltu,0,0,0,0,0,1,0,0,0,0
liioittelu,0,0,0,0,0,0,0,0,0,0
korottaa,0,1,0,0,1,0,1,0,0,1
korotus,0,0,0,0,1,0,1,0,0,1
korotettu,0,0,0,0,1,0,1,0,0,1
koe,0,0,0,0,0,0,0,0,0,0
tutkimus,0,0,0,1,0,1,0,0,1,0
tutkia,0,0,0,0,0,0,0,0,0,0
tutkija,0,0,0,0,0,0,0,0,0,0
ärtymys,1,0,1,0,0,1,0,0,0,0
kaivaa,0,0,0,0,0,0,0,0,0,0
kaivaus,0,1,0,0,0,1,0,0,1,0
kaivinkone,0,0,0,0,0,0,0,0,0,0
ylittää,0,1,0,0,1,0,1,0,0,0
ylittää,0,0,0,0,0,0,0,0,0,0
excel,0,1,0,0,1,0,1,0,1,1
erinomaisuutta,0,0,1,0,1,0,1,0,0,1
erinomainen,0,0,0,0,1,0,1,0,0,1
lukuun ottamatta,0,0,0,0,0,0,0,0,0,0
poikkeus,0,0,0,0,0,0,0,0,0,0
ote,0,0,0,0,0,0,0,0,0,0
ylimääräinen,0,0,0,0,0,1,0,0,0,0
liiallinen,0,0,0,0,0,0,0,0,0,0
liikaa,0,0,0,0,0,0,0,0,0,0
vaihto,0,0,0,0,0,0,1,0,0,1
valmistevero,0,0,0,0,0,1,0,0,0,0
leikkaus,0,0,0,0,0,0,0,0,0,0
kiihtyvyys,0,0,0,0,0,0,0,0,0,0
hermostunut,0,0,0,0,0,0,1,0,0,0
jännitystä,1,1,0,1,1,0,1,0,1,0
kiihottaa,1,1,0,1,1,0,1,0,1,0
innoissaan,0,1,0,0,1,0,1,0,1,1
jännitystä,0,1,0,0,1,0,1,0,1,0
jännittävä,0,1,0,0,1,0,1,0,1,0
huudahtaa,0,0,0,0,0,0,0,0,1,0
ulkopuolelle,0,0,1,0,0,1,0,1,0,0
lukuun ottamatta,0,0,0,0,0,1,0,1,0,0
poissulkeminen,0,0,1,1,0,1,0,1,0,0
ulosteet,0,0,1,0,0,1,0,0,0,0
erittyminen,0,0,1,0,0,0,0,0,0,0
tuskallista,0,0,0,1,0,1,0,0,0,0
retki,0,0,0,0,0,0,0,0,0,0
tekosyy,0,0,0,0,0,1,0,0,0,0
suorittaa,0,0,0,0,0,0,0,0,0,0
teloitus,1,0,0,1,0,1,0,1,0,1
pyöveli,1,0,0,1,0,1,0,1,0,0
johtaja,0,0,0,0,0,0,0,0,0,0
toimeenpanija,0,0,0,0,0,0,0,0,0,1
eksegeesi,0,0,0,0,0,0,0,0,0,0
esimerkillinen,0,0,0,0,0,0,0,0,0,0
esimerkillinen,0,0,0,0,0,0,1,0,0,0
esimerkkinä,0,0,0,0,0,0,0,0,0,0
vapauttaa,0,0,0,0,0,0,0,0,0,0
vapautusta,0,0,0,0,0,0,1,0,0,0
Harjoittele,0,0,0,0,0,0,0,0,0,0
ponnistella,0,0,0,0,0,0,0,0,0,0
rasitusta,0,0,0,0,0,0,0,0,0,0
hengittää,0,0,0,0,0,0,0,0,0,0
pakokaasu,0,0,0,0,0,1,0,0,0,0
uupunut,0,0,0,0,0,1,0,1,0,0
uupumusta,0,1,0,0,0,1,0,1,0,0
tyhjentävä,0,0,0,0,0,0,0,0,0,1
näyttely,0,0,0,0,0,0,0,0,0,0
näyttely,0,0,0,0,0,0,0,0,0,0
iloisuus,0,0,0,0,1,0,1,0,1,0
kehottaa,0,0,0,0,0,0,1,0,0,0
kehotus,0,0,0,0,0,0,1,0,0,0
vaativa,0,1,1,1,0,1,0,0,1,0
maanpako,1,0,0,1,0,1,0,1,0,0
olla olemassa,0,0,0,0,0,0,0,0,0,0
olemassaolo,0,0,0,0,0,0,1,0,0,0
olemassa,0,0,0,0,0,0,0,0,0,0
nykyinen,0,0,0,0,0,0,0,0,0,0
poistu,0,0,0,0,0,0,0,0,0,0
pakosta,0,0,0,0,0,0,0,0,0,0
kohtuuton,0,0,0,0,0,0,0,0,0,0
manaamista,0,0,0,1,0,1,0,1,0,0
manaaja,0,0,0,0,0,0,0,0,0,0
eksoottinen,0,0,0,0,0,0,1,0,0,0
laajentaa,0,0,0,0,0,0,0,0,0,0
laajennettu,0,0,0,0,0,0,0,0,0,0
lakeus,0,0,0,0,0,0,0,0,0,0
laajennus,0,0,0,0,0,0,0,0,0,0
laaja,0,0,0,0,0,0,0,0,0,0
ulkomaalainen,0,0,0,0,0,1,0,0,0,0
odottaa,0,1,0,0,0,0,1,0,1,1
odotus,0,1,0,0,0,0,0,0,0,0
odottava,0,1,0,0,0,0,0,0,0,0
odotus,0,1,0,0,0,0,1,0,0,0
odotettavissa,0,1,0,0,0,0,0,0,0,0
odottaa,0,1,0,0,0,0,0,0,0,0
tarkoituksenmukaisuutta,0,0,0,0,0,0,0,0,0,0
tarkoituksenmukaista,0,0,0,0,1,0,1,0,0,1
nopeuttaa,0,0,0,0,0,0,0,0,0,0
retkikunta,0,1,0,0,0,0,1,0,0,0
nopeaa,0,0,0,0,0,0,0,0,0,0
karkottaa,1,0,1,1,0,1,0,1,0,0
menot,0,0,0,0,0,1,0,0,0,0
kustannuksella,0,0,0,0,0,0,0,0,0,0
kulut,0,0,0,0,0,1,0,0,0,0
kallis,0,0,0,0,0,0,0,0,0,0
kokea,0,0,0,0,0,0,0,0,0,0
kokenut,0,0,0,0,0,0,1,0,0,1
kokemukset,0,0,0,0,0,0,0,0,0,0
koe,0,1,0,0,0,0,0,0,1,0
kokeellinen,0,0,0,0,0,0,0,0,0,0
kokeilija,0,0,0,0,0,0,0,0,0,0
asiantuntija,0,0,0,0,0,0,1,0,0,1
asiantuntemusta,0,0,0,0,0,0,1,0,0,1
vanheneminen,0,0,0,0,0,0,0,0,0,0
mennä umpeen,0,0,0,0,0,1,0,1,0,0
vanhentunut,0,0,0,0,0,1,0,0,0,0
päättyy,0,0,0,0,0,0,0,0,0,0
selittää,0,0,0,0,0,0,1,0,0,1
selitys,0,0,0,0,0,0,0,0,0,0
selittävä,0,0,0,0,0,0,0,0,0,0
voimasana,1,0,0,0,0,1,0,0,0,0
selitys,0,0,0,0,0,0,0,0,0,0
räjähtää,1,0,0,1,0,1,0,1,1,0
käyttää hyväkseen,0,0,0,0,0,0,0,0,0,0
tutkia,0,1,0,0,0,0,0,0,0,0
tutkimusmatkailija,0,0,0,0,0,0,0,0,0,0
räjähdys,0,0,0,1,0,1,0,0,1,0
räjähtävä,1,1,0,1,0,1,0,0,1,0
eksponentti,0,0,0,0,0,0,0,0,0,0
eksponentiaalinen,0,0,0,0,0,0,0,0,0,0
viedä,0,0,0,0,0,0,0,0,0,0
vienti,0,0,0,0,0,0,0,0,0,0
paljastaa,0,1,0,1,0,0,0,0,0,0
paljastettu,0,0,0,0,0,1,0,0,0,0
näyttely,0,0,0,0,0,0,0,0,0,0
selittävä,0,0,0,0,0,0,0,0,0,0
valotus,0,0,0,0,0,0,0,0,0,0
selittää,0,0,0,0,0,0,0,0,0,0
ilmaista,0,0,0,0,0,0,0,0,0,0
ilmaisu,0,0,0,0,0,0,0,0,0,0
ilmeikäs,0,0,0,0,0,0,0,0,0,0
pakkolunastus,0,0,0,0,0,1,0,0,0,0
karkottaminen,1,0,1,1,0,1,0,1,0,0
hieno,0,0,0,0,1,0,1,0,0,0
hienosti,0,0,0,0,0,0,1,0,0,0
olemassa,0,0,0,0,0,0,0,0,0,0
laajentaa,0,0,0,0,0,0,1,0,0,0
laajennettavissa,0,0,0,0,0,0,0,0,0,0
laajennettu,0,0,0,0,0,0,0,0,0,0
laajennus,0,0,0,0,0,0,0,0,0,0
laaja,0,0,0,0,0,0,1,0,0,0
laajuus,0,0,0,0,0,0,0,0,0,0
ulkopuoli,0,0,0,0,0,0,0,0,0,0
tuhota,0,0,0,1,0,1,0,1,0,0
tuhoaminen,1,0,0,1,0,1,0,0,0,0
ulkoinen,0,0,0,0,0,0,0,0,0,0
ulkoisesti,0,0,0,0,0,0,0,0,0,0
Sukupuuttoon kuollut,0,0,0,0,0,1,0,1,0,0
sammuttaa,1,0,0,0,0,1,0,0,0,0
ylimääräistä,0,0,0,0,0,0,1,0,0,0
ottaa talteen,0,0,0,0,0,0,0,0,0,0
purkaminen,0,0,0,0,0,0,0,0,0,0
uuttaminen,0,0,0,0,0,0,0,0,0,0
imuri,0,0,0,0,0,0,0,0,0,0
luovuttaminen,0,0,0,0,0,0,0,0,0,0
laitonta,0,0,0,1,0,1,0,0,0,0
ulkopuolinen,0,0,0,0,0,0,0,0,0,0
vieraita,0,0,0,0,0,0,0,0,0,0
epätavallinen,0,0,0,0,0,0,1,0,0,0
fantasia,0,0,0,0,0,0,0,0,0,0
äärimmäinen,0,0,0,0,0,0,0,0,0,0
erittäin,0,0,0,0,0,0,0,0,0,0
äärimmäinen,0,0,0,0,0,1,0,0,0,0
irrottaa,0,1,0,0,0,0,1,0,0,0
ulkoinen,0,0,0,0,0,0,0,0,0,0
ekstruusio,0,0,0,0,0,0,0,0,0,0
runsaus,0,0,0,0,1,0,1,0,0,0
tihkua,0,0,0,0,0,0,0,0,0,0
silmä,0,0,0,0,0,0,0,0,0,0
silmälasit,0,0,0,0,0,0,0,0,0,0
silmukka,0,0,0,0,0,0,0,0,0,0
okulaari,0,0,0,0,0,0,0,0,0,0
näkökyky,0,0,0,0,0,0,0,0,0,0
silminnäkijä,0,0,0,0,0,0,0,0,0,1
satu,0,0,0,0,0,0,0,0,0,0
kangas,0,0,0,0,0,0,0,0,0,0
valmistaa,0,0,0,0,0,1,0,0,0,0
valmistettu,0,0,0,0,0,0,0,0,0,0
valmistus,0,0,0,0,0,1,0,0,0,1
julkisivu,0,0,0,0,0,0,0,0,0,0
kasvot,0,0,0,0,0,0,0,0,0,0
fasetti,0,0,0,0,0,0,0,0,0,0
helposti,0,0,0,0,0,0,0,0,0,0
helpottaa,0,0,0,0,0,0,1,0,0,0
laitos,0,0,0,0,0,0,0,0,0,0
päin,0,0,0,0,0,0,0,0,0,0
faksi,0,0,0,0,0,0,0,0,0,0
tosiasia,0,0,0,0,0,0,0,0,0,1
ryhmä,0,0,0,0,0,0,0,0,0,0
tekijä,0,0,0,0,0,0,0,0,0,0
tehdas,0,0,0,0,0,0,0,0,0,0
tosiasiat,0,0,0,0,0,0,1,0,0,1
tiedekunnat,0,0,0,0,0,0,0,0,0,0
henkilöstö,0,0,0,0,0,0,1,0,0,1
villitys,0,0,0,0,0,0,0,0,0,0
haalistua,0,0,0,0,0,1,0,0,0,0
haalistuneet,0,0,0,0,0,0,0,0,0,0
ulosteet,0,0,1,0,0,1,0,0,0,0
epäonnistuminen,1,1,0,1,0,1,0,1,0,0
epäonnistuminen,0,0,1,1,0,1,0,1,0,0
fain,0,1,0,0,1,0,1,0,0,1
pyörtyminen,0,0,0,1,0,1,0,1,1,0
reilua,0,0,0,0,0,0,1,0,0,0
melko,0,0,0,0,0,0,1,0,0,1
väylä,0,0,0,0,0,0,0,0,0,0
keiju,0,0,0,0,0,0,0,0,0,0
uskoa,0,1,0,0,1,0,1,0,0,1
uskollinen,0,0,0,0,0,0,1,0,0,1
uskoton,0,0,0,0,0,1,0,1,0,0
väärennös,0,0,0,0,0,1,0,0,0,0
syksy,0,0,0,0,0,1,0,1,0,0
harhaanjohtava,1,0,0,0,0,1,0,0,0,0
harhaluulo,0,0,0,0,0,1,0,0,0,0
erehtyväinen,0,0,0,0,0,1,0,0,0,0
putoaminen,0,0,0,0,0,1,0,1,0,0
kesanto-,0,0,0,0,0,1,0,0,0,0
valhe,1,0,0,0,0,1,0,0,0,1
valheellisesti,0,0,0,0,0,1,0,0,0,0
väärentäminen,1,0,0,0,0,1,0,0,0,0
väärennetty,0,0,0,0,0,0,0,0,0,0
vääristää,0,0,1,0,0,1,0,0,0,0
valheellisuus,0,0,1,0,0,1,0,0,0,0
horjua,0,0,0,1,0,1,0,0,0,0
mainetta,0,0,0,0,0,0,1,0,0,0
kuuluisa,0,0,0,0,0,0,0,0,0,0
tuttua,0,0,0,0,0,0,1,0,0,1
tuttuus,0,1,0,0,1,0,1,0,0,1
tutustua,0,0,0,0,0,0,0,0,0,0
nälänhätä,0,0,0,0,0,1,0,1,0,0
kuuluisa,0,0,0,0,0,0,1,0,0,0
tunnetusti,0,0,0,0,0,0,1,0,0,0
tuuletin,0,0,0,0,0,0,0,0,0,0
fanaatikko,0,0,0,0,0,1,0,0,0,0
fanaattisuus,0,0,0,1,0,0,0,0,0,0
mielikuvituksellinen,0,0,0,0,0,0,0,0,0,0
hieno,0,1,0,0,1,0,1,0,0,0
fandango,0,0,0,0,0,0,0,0,0,0
fanfaari,0,1,0,0,1,0,1,0,1,0
hampaat,0,0,0,1,0,0,0,0,0,0
hampaat,0,0,0,1,0,0,0,0,0,0
tuuletus,0,0,0,0,0,0,0,0,0,0
fantasia,0,0,0,0,0,0,0,0,0,0
fantasia,0,0,0,0,0,0,0,0,0,0
farssi,0,0,0,0,0,1,0,0,0,0
farssi,0,0,1,0,0,1,0,0,0,0
hinta,0,0,0,0,0,0,0,0,0,0
jäähyväiset,0,0,0,0,0,0,0,0,0,0
maatila,0,1,0,0,0,0,0,0,0,0
viljelijä,0,0,0,0,0,0,0,0,0,0
maalaistalo,0,0,0,0,0,0,0,0,0,0
maanviljelystä,0,0,0,0,0,0,0,0,0,0
faro,0,0,0,0,0,0,0,0,0,0
kauemmas,0,0,0,0,0,0,0,0,0,0
kojelauta,0,0,0,0,0,0,0,0,0,0
kiehtova,0,0,0,0,0,0,1,0,0,0
lumoa,0,0,0,0,0,0,1,0,0,0
muoti,0,0,0,0,0,0,0,0,0,0
muodikas,0,0,0,0,0,0,1,0,0,0
kiinnitä,0,0,0,0,0,0,0,0,0,0
kiinnike,0,0,0,0,0,0,0,0,0,0
kiinnitys,0,0,0,0,0,0,0,0,0,0
paasto,0,0,0,0,0,1,0,1,0,0
rasvaa,0,0,1,0,0,1,0,1,0,0
kohtalokas,1,0,0,1,0,1,0,1,0,0
kuolemantapaus,0,0,0,1,0,1,0,1,0,0
kohtalo,0,1,0,0,0,1,0,0,0,0
#NAME?,0,0,0,0,0,0,0,0,0,0
isä,0,0,0,0,0,0,0,0,0,1
ymmärtää,0,0,0,0,0,0,0,0,0,0
väsymys,0,0,0,0,0,1,0,0,0,0
väsynyt,0,0,0,0,0,1,0,1,0,0
rasvainen,0,0,1,0,0,1,0,1,0,0
vika,0,0,0,0,0,1,0,1,0,0
virheetön,0,0,0,0,0,0,1,0,0,1
viallinen,0,0,0,0,0,1,0,0,0,0
eläimistö,0,0,0,0,0,0,0,0,0,0
suosi,0,0,0,0,0,0,0,0,0,0
suotuisa,0,1,0,0,1,0,1,0,1,1
suosikki-,0,0,0,0,1,0,1,0,0,1
suosiminen,0,0,0,0,0,0,1,0,0,0
kellanruskea,0,0,0,0,0,1,0,0,0,0
pelko,1,0,0,1,0,1,0,0,0,0
pelottava,0,0,0,1,0,1,0,1,0,0
peloissaan,0,0,0,1,0,1,0,1,1,0
peläten,0,0,0,1,0,1,0,0,0,0
peloton,0,0,0,1,0,0,1,0,0,0
toteutettavuus,0,0,0,0,0,0,0,0,0,0
mahdollinen,0,0,0,0,0,0,0,0,0,0
feat,0,1,0,0,1,0,1,0,1,0
sulka,0,0,0,0,0,0,0,0,0,0
ominaisuus,0,0,0,0,0,0,1,0,0,0
ominaisuudet,0,0,0,0,0,0,0,0,0,0
kuumeinen,0,0,0,0,0,1,0,0,0,0
uloste,0,0,1,0,0,1,0,0,0,0
ulosteet,0,0,1,0,0,1,0,0,0,0
hedelmällisyys,0,0,0,0,0,0,0,0,0,0
liittovaltion-,0,0,0,0,0,0,0,0,0,0
liitto,0,0,0,0,0,0,0,0,0,0
maksu,1,0,0,0,0,1,0,0,0,0
heikko,0,0,0,0,0,1,0,1,0,0
syöttää,0,0,0,0,0,0,0,0,0,0
syöttölaite,0,0,0,0,0,0,0,0,0,0
tuntea,0,0,0,0,0,0,0,0,0,0
tunne,1,1,1,1,1,1,1,1,1,1
jalat,0,0,0,0,0,0,0,0,0,0
teeskennelty,0,0,0,0,0,1,0,0,0,0
onni,0,0,0,0,1,0,1,0,0,0
kissan-,0,0,0,0,0,0,0,0,0,0
putosi,0,0,0,0,0,1,0,1,0,0
kaveri,0,0,0,0,0,0,1,0,0,1
toveruus,0,0,0,0,0,0,1,0,0,0
rikollinen,0,0,0,1,0,1,0,0,0,0
rikos,0,0,0,0,0,1,0,0,0,0
tunsi olonsa,0,0,0,0,0,0,0,0,0,0
naisellinen,0,0,0,0,0,0,0,0,0,0
naisellisuus,0,0,0,0,0,0,0,0,0,0
letto,0,0,0,0,0,0,0,0,0,0
aita,0,0,0,0,0,0,0,0,0,0
aidattu,1,0,0,0,0,0,0,0,0,0
torjua,0,0,0,0,0,0,0,0,0,0
lokasuoja,0,0,0,0,0,0,0,0,0,1
fenkoli,0,0,0,0,0,0,0,0,0,0
käydä,0,1,0,0,0,1,0,0,0,0
käyminen,0,1,0,0,0,0,0,0,0,0
saniainen,0,0,0,0,0,0,0,0,0,0
hurja,1,0,1,1,0,1,0,0,0,0
julmuus,1,0,0,0,0,1,0,0,0,0
lautta,0,0,0,0,0,0,0,0,0,0
hedelmällinen,0,0,0,0,0,0,1,0,0,0
lannoittaa,0,0,0,0,0,0,0,0,0,0
kiihkeä,0,0,0,0,0,0,0,0,0,0
kiihkeys,1,0,0,0,1,0,1,0,0,0
festivaali,0,1,0,0,1,0,1,0,1,0
juhlava,0,0,0,0,1,0,1,0,0,0
hakea,0,0,0,0,0,0,0,0,0,0
juhla,0,1,0,0,1,0,1,0,1,0
fetissi,0,0,0,0,0,0,0,0,0,0
vihanpito,1,0,0,0,0,1,0,0,0,0
feodaalinen,0,0,0,0,0,1,0,0,0,0
feodalismi,1,0,0,0,0,1,0,1,0,0
kuume,0,0,0,1,0,0,0,0,0,0
kuumeinen,0,0,0,0,0,1,0,0,0,0
morsian,0,0,0,0,0,0,0,0,0,0
fiasko,0,0,0,0,0,1,0,0,0,0
fiat,0,0,0,0,0,0,0,0,0,0
fib,1,0,0,0,0,1,0,0,0,0
kuitua,0,0,0,0,0,0,0,0,0,0
kuitumainen,0,0,0,0,0,0,0,0,0,0
oikullinen,0,0,0,0,0,1,0,0,0,0
fiktiota,0,0,0,0,0,0,0,0,0,0
fiktiivinen,0,0,0,0,0,1,0,0,0,0
viulu,0,0,0,0,0,0,0,0,0,0
pelimanni,0,0,0,0,0,0,0,0,0,0
uskollisuus,0,0,0,0,1,0,1,0,0,1
luottamusmies,0,0,0,0,0,0,0,0,0,0
ala,0,0,0,0,0,0,0,0,0,0
piru,1,0,1,1,0,1,0,0,0,0
kovaa,1,0,1,1,0,1,0,0,0,0
fiesta,0,1,0,0,1,0,1,0,1,1
taistella,1,0,0,1,0,1,0,0,0,0
taistelija,0,0,0,0,0,0,0,0,0,0
taistelevat,1,0,0,0,0,1,0,0,0,0
juttu,0,0,0,0,0,0,0,0,0,0
kuvaannollinen,0,0,0,0,0,0,0,0,0,0
kuva,0,0,0,0,0,0,0,0,0,0
hahmo,0,0,0,0,0,0,0,0,0,0
säie,0,0,0,0,0,0,0,0,0,0
filamenttinen,0,0,0,0,0,0,0,0,0,0
tiedosto,0,0,0,0,0,0,0,0,0,0
filibuster,0,0,0,0,0,1,0,0,0,0
filigraanityö,0,0,0,0,0,0,0,0,0,0
arkistointi,0,0,0,0,0,0,0,0,0,0
viiltoja,0,0,0,0,0,0,0,0,0,0
täyttää,0,0,0,0,0,0,0,0,0,1
filee,0,0,0,0,0,0,0,0,0,0
täyte,0,0,0,0,0,0,0,0,0,0
tammavarsa,0,0,0,0,0,0,0,0,0,0
elokuva,0,0,0,0,0,0,0,0,0,0
ohut,0,0,0,0,0,0,0,0,0,0
suodattaa,0,0,0,0,0,0,0,0,0,0
saasta,0,0,1,0,0,1,0,0,0,0
likainen,0,0,1,0,0,1,0,0,0,0
fin,0,0,0,0,0,0,0,0,0,0
lopullinen,0,0,0,0,0,0,0,0,0,0
finaali,0,0,0,0,0,0,0,0,0,0
lopullisuus,0,0,0,0,0,0,0,0,0,0
vihdoinkin,0,1,1,0,1,0,1,0,1,1
Rahoittaa,0,0,0,0,0,0,0,0,0,0
taloudellinen,0,0,0,0,0,0,0,0,0,0
rahoittaja,0,0,0,0,0,0,0,0,0,0
peippo,0,0,0,0,0,0,0,0,0,0
löytö,0,0,0,0,0,0,0,0,0,0
löytäminen,0,0,0,0,0,0,0,0,0,0
hienoudet,0,0,0,0,0,0,1,0,0,0
hienous,0,0,0,0,0,0,1,0,0,0
sormi,0,0,0,0,0,0,0,0,0,0
sormenjälki,0,0,0,0,0,0,0,0,0,0
suorittaa loppuun,0,0,0,0,0,0,0,0,0,0
rajallinen,0,0,0,0,0,0,0,0,0,0
Fink,0,0,0,0,0,0,0,0,0,0
antaa potkut,0,0,0,1,0,0,0,0,0,0
tuliaseita,1,0,0,1,0,1,0,0,0,0
tulipallo,0,0,0,0,0,0,1,0,0,0
tulikärpänen,0,0,0,0,0,0,0,0,0,0
palomies,0,0,0,0,0,0,0,0,0,1
takka,0,0,0,0,0,0,0,0,0,0
tulenkestävä,0,0,0,0,0,0,1,0,0,0
takka,0,0,0,0,0,0,0,0,0,0
polttopuut,0,0,0,0,0,0,0,0,0,0
ilotulitus,0,0,0,0,0,0,0,0,0,0
ampuminen,0,0,0,0,0,0,0,0,0,0
yritys,0,0,0,0,0,0,0,0,0,0
taivaankansi,0,0,0,0,0,0,0,0,0,0
lujasti,0,0,0,0,0,0,0,0,0,0
lujuutta,0,0,0,0,0,0,1,0,0,1
esikoinen,0,1,0,0,1,0,1,0,0,1
verotuksellinen,0,0,0,0,0,0,0,0,0,0
kalastaa,0,0,0,0,0,0,0,0,0,0
kalastaja,0,0,0,0,0,0,0,0,0,0
kalastusta,0,0,0,0,0,0,0,0,0,0
kalastus,0,0,0,0,0,0,0,0,0,0
hämärä,0,0,0,0,0,0,0,0,0,0
halkeavaa,0,0,0,0,0,0,0,0,0,0
fissio,0,0,0,0,0,0,0,0,0,0
halkeama,0,0,0,0,0,0,0,0,0,0
nyrkki,0,0,0,0,0,0,0,0,0,0
fisteli,0,0,0,0,0,0,0,0,0,0
kunto,0,0,0,0,0,0,0,0,0,0
sopii,1,0,0,0,0,1,0,0,0,0
asennettu,0,0,0,0,0,0,0,0,0,0
asennus,0,1,0,0,1,0,1,0,0,1
varusteet,0,0,0,0,0,0,0,0,0,0
korjata,0,0,0,0,0,0,0,0,0,0
kiinnitys,0,0,0,0,0,0,0,0,0,0
korjattu,0,0,0,0,0,0,0,0,0,1
kiinnitys,0,0,0,0,0,0,1,0,0,0
kalusteet,0,0,0,0,0,0,0,0,0,0
kuohua,0,0,0,0,0,0,0,0,0,0
vetelä,0,0,1,0,0,1,0,0,0,0
veltto,0,0,0,0,0,1,0,1,0,0
liputus,0,0,0,0,0,1,0,0,0,0
räikeä,1,0,1,0,0,1,0,0,0,0
lippulaiva,0,0,0,0,0,0,0,0,0,1
hiutale,0,0,0,0,0,1,0,0,0,0
hilseilevä,0,0,0,0,0,0,0,0,0,0
liekki,0,0,0,0,0,0,0,0,0,0
liekeissä,0,0,0,0,0,0,0,0,0,0
laippa,0,0,0,0,0,0,0,0,0,1
kylki,0,0,0,0,0,0,0,0,0,0
viereinen,0,0,0,0,0,0,0,0,0,0
viereinen,0,0,0,0,0,0,0,0,0,0
flanelli,0,0,0,0,0,0,0,0,0,0
läppä,0,0,0,0,0,1,0,0,0,0
räpyttely,0,0,0,0,0,0,0,0,0,0
leimahdus,0,0,0,0,0,0,0,0,0,0
leimahtaa,0,0,0,0,0,0,0,0,0,0
salama,0,0,0,0,0,0,0,0,0,0
takauma,0,0,0,0,0,0,0,0,0,0
vilkkuu,0,0,0,0,0,0,0,0,0,0
taskulamppu,0,0,0,0,0,0,0,0,0,0
räikeä,0,0,0,0,0,0,0,0,0,0
pullo,0,0,0,0,0,0,0,0,0,0
tasainen,0,0,0,0,0,0,0,0,0,0
tasaisuus,0,0,0,0,0,0,0,0,0,0
litistää,0,0,0,0,0,0,0,0,0,0
mairitteleva,0,0,0,0,1,0,1,0,0,0
imartelu,0,0,0,0,0,0,0,0,0,0
ilmavaivat,0,0,1,0,0,1,0,0,0,0
pöyhistellä,0,0,0,0,0,1,0,0,0,0
maku,0,0,0,0,0,0,0,0,0,0
virhe,0,0,0,0,0,1,0,1,0,0
kirppu,0,0,1,0,0,1,0,0,0,0
pakeni,0,0,0,1,0,0,0,0,0,0
paeta,0,0,0,1,0,1,0,0,0,0
fleece,1,0,1,0,0,1,0,1,0,0
laivasto,0,0,0,0,0,0,1,0,0,0
ohikiitävä,0,0,0,0,0,0,0,0,0,0
lihaa,0,0,1,0,0,0,0,0,0,0
mehevä,0,0,0,0,0,1,0,0,0,0
flex,0,0,0,0,0,0,0,0,0,0
joustavuus,0,0,0,0,0,0,1,0,0,0
joustava,0,0,0,0,0,0,0,0,0,0
taipuminen,0,0,0,0,0,0,0,0,0,0
välkkyä,0,0,0,0,0,0,0,0,0,0
välkkyminen,0,0,0,0,0,0,0,0,0,0
lentäjä,0,0,0,0,0,0,0,0,0,0
lento,0,0,0,0,0,0,0,0,0,0
säpsähtää,0,1,1,1,0,1,0,1,1,0
sinkauttaa,0,0,0,0,0,0,0,0,0,0
piikivi,0,0,0,0,0,0,0,0,0,0
räpylä,0,0,0,0,0,0,0,0,0,0
flirttailla,0,1,0,0,1,1,1,0,1,1
flirttailu,0,0,0,0,0,0,0,0,0,0
kellua,0,0,0,0,0,0,0,0,0,0
parvi,0,0,0,0,0,0,0,0,0,0
ruoskia,1,0,1,1,0,1,0,1,0,0
tulva,0,0,0,1,0,0,0,0,0,0
lattia,0,0,0,0,0,0,0,0,0,0
floppi,0,0,1,0,0,1,0,1,0,0
kasvisto,0,0,0,0,0,0,0,0,0,0
kukka-,0,0,0,0,0,0,1,0,0,0
kukkakauppias,0,0,0,0,0,0,0,0,0,0
hammaslanka,0,0,0,0,0,0,0,0,0,0
kampela,0,0,0,1,0,1,0,1,0,0
jauhot,0,0,0,0,0,0,0,0,0,0
virtaus,0,0,0,0,0,0,1,0,0,0
kukinta,0,0,0,0,0,0,0,0,0,0
kukkainen,0,0,0,0,0,0,1,0,0,0
flunssa,0,0,0,1,0,1,0,0,0,0
vaihdella,0,0,0,0,0,0,0,0,0,0
vaihteleva,0,0,0,0,0,0,0,0,0,0
vaihtelu,1,0,0,1,0,1,0,0,0,0
savupiippu,0,0,0,0,0,0,0,0,0,0
sujuvuus,0,0,0,0,0,0,0,0,0,0
nukka,0,0,0,0,0,0,0,0,0,0
pörröinen,0,0,0,0,0,0,0,0,0,0
nestettä,0,0,0,0,0,0,0,0,0,0
juoksevuus,0,0,0,0,0,0,0,0,0,0
onnea,0,0,0,0,0,0,0,0,1,0
fluoresenssi,0,0,0,0,0,0,0,0,0,0
fluoresoiva,0,0,0,0,0,0,0,0,0,0
tuulenpuuska,0,0,0,0,0,0,0,0,0,0
huuhtele,0,0,0,0,0,0,1,0,0,0
hämmentynyt,0,0,0,0,0,0,0,0,0,0
huilu,0,0,0,0,0,0,0,0,0,0
uurrettu,0,0,0,0,0,0,0,0,0,0
virtaava,0,0,0,0,0,0,0,0,0,0
virtaus,0,0,0,0,0,0,0,0,0,0
lentää,0,0,0,0,0,0,0,0,0,0
lentolehtinen,0,0,0,0,0,0,0,0,0,0
lentäminen,0,0,0,1,0,0,1,0,0,0
vauhtipyörä,0,0,0,0,0,0,0,0,0,0
varsa,0,0,0,0,0,0,0,0,0,0
vaahto,0,0,0,0,0,0,0,0,0,0
vaahtoaminen,0,0,0,0,0,0,0,0,0,0
vaahtoava,0,0,0,0,0,0,0,0,0,0
fob,0,0,0,0,0,0,0,0,0,0
polttopiste,0,0,0,0,0,0,0,0,0,0
keskittyä,0,0,0,0,0,0,1,0,0,0
rehu,0,0,0,0,0,0,0,0,0,0
vihollinen,1,0,0,1,0,1,0,0,0,0
sumu,0,0,0,0,0,0,0,0,0,0
sumuinen,0,0,0,0,0,0,0,0,0,0
folio,0,0,0,0,0,0,0,0,0,0
folioitunut,0,0,0,0,0,1,0,0,0,0
taita,0,0,0,0,0,0,0,0,0,0
taitettuna,0,0,0,0,0,0,0,0,0,0
lehvistö,0,0,0,0,0,0,0,0,0,0
folio,0,0,0,0,0,0,0,0,0,0
kansan,0,0,0,0,0,0,0,0,0,0
kansanperinne,0,0,0,0,0,0,0,0,0,0
follikkelia,0,0,0,0,0,0,0,0,0,0
follikulaarinen,0,0,0,0,0,0,0,0,0,0
seuraa,0,0,0,0,0,0,0,0,0,0
seuraaja,0,0,0,0,0,0,0,0,0,1
hulluutta,0,0,0,0,0,1,0,0,0,0
hyväily,0,0,0,0,0,0,0,0,0,0
rakkaus,0,0,0,0,1,0,1,0,0,0
fontti,0,0,0,0,0,0,0,0,0,0
ruokaa,0,0,0,0,1,0,1,0,0,1
typerys,0,0,1,0,0,1,0,0,0,0
huijaaminen,0,0,0,0,0,0,0,0,0,0
typerää,0,0,0,0,0,1,0,0,0,0
typeryyttä,0,0,0,0,0,1,0,0,0,0
jalka,0,0,0,0,0,0,0,0,0,0
jalkapallo,0,1,0,0,1,0,1,0,0,0
kävelysilta,0,0,0,0,0,0,0,0,0,0
jalansijalle,0,0,0,0,0,0,0,0,0,1
kävelytie,0,0,0,0,0,0,0,0,0,0
jalanjälki,0,0,0,0,0,0,0,0,0,0
fop,0,0,0,0,0,0,0,0,0,0
rehu,0,0,0,0,0,1,0,0,0,0
kokeilu,1,0,0,0,0,1,0,0,0,0
kärsivällisyyttä,0,0,0,0,0,0,1,0,0,0
kieltää,0,0,0,0,0,1,0,1,0,0
kieltää,1,0,0,1,0,1,0,0,0,0
pakottaa,1,0,0,1,0,1,0,0,0,0
pakko,0,0,0,1,0,1,0,0,0,0
pihdit,0,0,0,0,0,0,0,0,0,0
väkisin,1,0,0,1,0,1,0,0,0,0
ford,0,0,0,0,0,0,0,0,0,0
eteen,0,0,0,0,0,0,1,0,0,0
kyynärvarsi,1,1,0,0,0,0,0,0,0,0
aavistus,0,1,0,1,0,1,0,0,0,0
ennuste,0,1,0,0,0,0,0,0,0,1
ennustaja,0,0,0,0,0,0,0,0,0,0
sulkea pois,0,0,0,1,0,1,0,1,0,0
esi-isät,0,0,0,0,1,0,1,0,0,1
etusormi,0,0,0,0,0,0,0,0,0,0
hylätä,0,0,0,0,0,1,0,0,0,0
edellä oleva,0,0,0,0,0,0,1,0,0,0
mennyt,0,0,0,0,0,0,0,0,0,0
etualalla,0,0,0,0,0,0,0,0,0,0
otsa,0,0,0,0,0,0,0,0,0,0
ulkomaalainen,0,0,0,0,0,1,0,0,0,0
ulkomaalainen,0,0,0,1,0,1,0,0,0,0
työnjohtaja,0,0,0,0,0,0,1,0,0,0
oikeuslääketieteen,0,0,0,0,0,0,0,0,0,0
edelläkävijä,0,0,0,0,0,0,1,0,0,0
ennakoida,0,1,0,0,0,0,1,0,1,1
ennakoitu,0,1,0,0,0,0,1,0,0,0
ennakointi,0,1,0,0,0,0,1,0,0,1
metsä,0,0,0,0,0,0,0,0,0,0
ennakoitua,0,0,0,0,0,0,0,0,0,0
varoitettu etukäteen,0,1,0,1,0,1,0,0,0,0
esipuhe,0,0,0,0,0,0,0,0,0,0
menettää,1,0,0,0,0,1,0,1,0,0
menetetty,0,0,0,0,0,1,0,0,0,0
menettämistä,0,0,0,1,0,1,0,1,0,0
takoa,0,0,0,0,0,0,1,0,0,0
väärennös,0,0,0,0,0,1,0,0,0,0
unohtaa,0,0,0,0,0,1,0,0,0,0
huonomuistinen,0,0,0,0,0,0,0,0,0,0
unohtaminen,0,0,0,0,0,0,0,0,0,0
anteeksi,0,0,0,0,0,0,1,0,0,0
anteeksi,0,0,0,0,0,0,1,0,0,0
anteeksiantava,0,0,0,0,0,0,1,0,0,1
unohdettu,0,0,0,1,0,1,0,1,0,0
haarukka,0,0,0,0,0,0,0,0,0,0
haaroittunut,0,0,0,0,0,0,0,0,0,0
haarukka,0,0,0,0,0,0,0,0,0,0
surkea,0,0,0,0,0,1,0,1,0,0
muodossa,0,0,0,0,0,0,0,0,0,0
formalismi,0,0,0,0,0,0,0,0,0,0
muodollisuus,0,0,0,0,0,0,0,0,0,1
muodostus,0,0,0,0,0,0,0,0,0,0
muodostava,0,0,0,0,0,0,1,0,0,1
muodostettu,0,0,0,0,0,0,0,0,0,0
mahtava,0,0,0,1,0,0,0,0,0,0
muodostumista,0,1,0,0,0,0,0,0,0,0
muodoton,0,0,0,0,0,1,0,0,0,0
kaava,0,0,0,0,0,0,1,0,0,1
kaava,0,0,0,0,0,0,0,0,0,0
muotoilla,0,0,0,0,0,0,0,0,0,0
haureutta,0,0,0,0,0,1,0,0,0,0
hylätä,0,0,0,0,0,1,0,1,0,0
hylätty,1,0,0,0,0,1,0,1,0,0
suoraan sanoen,0,0,0,0,0,0,0,0,0,0
linnake,0,0,0,0,0,0,0,0,0,1
forte,0,0,0,0,0,0,1,0,0,0
tulossa,0,0,0,0,0,0,1,0,0,0
viipymättä,0,0,0,0,0,0,0,0,0,0
linnoitus,0,0,0,0,0,0,0,0,0,0
vahvistaa,0,0,0,0,0,0,1,0,0,0
rohkeus,0,0,0,0,1,0,1,0,0,1
kahden viikon välein,0,0,0,0,0,0,0,0,0,0
linnoitus,0,0,0,1,0,0,1,1,0,1
sattumanvaraista,0,0,0,0,0,0,0,0,0,0
onnekas,0,0,0,0,0,0,1,0,0,0
onni,0,1,0,0,1,0,1,0,1,1
neljäkymmentä,0,0,0,0,0,0,0,0,0,0
foorumi,0,0,0,0,0,0,0,0,0,0
eteenpäin,0,0,0,0,0,0,1,0,0,0
fossiili,0,0,0,0,0,0,0,0,0,0
fossiileja,0,0,0,0,0,0,0,0,0,0
virheellinen,1,0,1,1,0,1,0,0,0,0
löytyi,0,0,0,0,1,0,1,0,0,1
perusta,0,0,0,0,0,0,1,0,0,0
perustaja,0,0,0,0,0,0,0,0,0,0
valimo,0,0,0,0,0,0,0,0,0,0
suihkulähde,0,0,0,0,0,0,0,0,0,0
nelinkertainen,0,0,0,0,0,0,0,0,0,0
neljäs,0,0,0,0,0,0,0,0,0,0
linnut,0,0,0,0,0,0,0,0,0,0
kettu,0,0,0,0,0,0,0,0,0,0
kettu,0,0,0,0,0,0,0,0,0,0
murto-osa,0,0,0,0,0,0,0,0,0,0
murto-osa,0,0,0,0,0,0,0,0,0,0
murtuma,0,0,0,0,0,1,0,0,0,0
hauras,0,0,0,1,0,1,0,1,0,0
hauraus,0,0,0,0,0,0,0,0,0,0
kappale,0,0,0,0,0,0,0,0,0,0
fragmentaarinen,0,0,0,0,0,0,0,0,0,0
tuoksu,0,0,0,0,0,0,0,0,0,0
tuoksuva,0,0,0,0,0,0,1,0,0,0
heikkoutta,0,0,0,0,0,1,0,1,0,0
puitteet,0,0,0,0,0,0,0,0,0,1
toimilupa,0,0,0,0,0,0,0,0,0,0
rehellinen,0,0,0,0,0,0,1,0,0,1
rehellisyys,0,0,0,0,0,0,1,0,0,1
hätääntynyt,0,1,1,1,0,1,0,0,1,0
veljellinen,0,0,0,0,1,0,1,0,0,1
veljeys,0,0,0,0,0,0,0,0,0,0
petos,1,0,0,0,0,1,0,0,0,0
petollinen,1,0,1,0,0,1,0,0,0,0
täynnä,0,0,0,1,0,1,0,1,0,0
riitaa,0,0,0,0,0,1,0,0,0,0
rispaantunut,0,0,0,0,0,1,0,1,0,0
kummajainen,0,0,0,0,0,0,0,0,0,0
omituinen,0,0,1,1,0,1,0,0,1,0
vapautta,0,0,0,0,1,0,1,0,0,1
vapaa omistus,0,0,0,0,0,0,0,0,0,0
freelance,0,0,0,0,0,0,0,0,0,0
vapaasti,0,0,0,0,1,0,1,0,0,1
moottoritie,0,0,0,0,0,0,0,0,0,0
jäädyttää,0,0,0,0,0,0,0,0,0,0
pakastin,0,0,0,0,0,0,0,0,0,0
jäätymistä,0,0,0,0,0,1,0,0,0,0
rahti,0,0,0,0,0,0,0,0,0,0
hurja,1,0,0,1,0,1,0,0,1,0
hurja,1,0,0,1,0,1,0,0,0,0
vimma,0,0,0,0,0,1,0,0,0,0
taajuus,0,0,0,0,0,0,0,0,0,0
usein,0,0,0,0,0,0,0,0,0,0
usein,0,0,0,0,0,0,0,0,0,0
fresko,0,0,0,0,0,0,0,0,0,0
fuksi,0,0,0,0,0,0,0,0,0,0
tuskailla,0,0,0,1,0,1,0,0,0,0
kitka,1,0,0,0,0,0,0,0,0,0
ystävä,0,0,0,0,1,0,1,0,0,1
ystävällisyys,0,0,0,0,1,0,1,0,0,1
ystävällinen,0,1,0,0,1,0,1,0,0,1
ystävyys,0,0,0,0,1,0,1,0,0,1
fregatti,0,0,0,1,0,0,0,0,0,0
pelko,0,0,0,1,0,1,0,0,1,0
pelotella,0,0,0,1,0,1,0,1,1,0
peloissaan,0,0,0,1,0,1,0,0,1,0
pelottavaa,1,0,0,1,0,1,0,1,0,0
kylmä,0,0,0,0,0,1,0,0,0,0
reuna,0,0,0,0,0,0,0,0,0,0
reunustettu,0,0,0,0,0,0,0,0,0,0
pirteä,0,1,0,0,1,0,1,0,1,0
kevytmielistä,0,0,0,0,0,1,0,0,0,0
mekko,0,0,0,0,0,0,0,0,0,0
sammakko,0,0,0,0,0,0,0,0,0,0
ilonpito,0,0,0,0,1,0,1,0,0,0
edessä,0,0,0,0,0,0,0,0,0,0
julkisivu,0,0,0,0,0,0,0,0,0,0
edestä,0,0,0,0,0,0,0,0,0,0
rajalla,0,0,0,0,0,0,0,0,0,0
fronting,0,0,0,0,0,0,0,0,0,0
frontespiisi,0,0,0,0,0,0,0,0,0,0
pakkasta,0,0,0,0,0,0,0,0,0,0
paleltuma,0,0,0,0,0,1,0,0,0,0
himmeä,0,0,0,0,0,0,0,0,0,0
huurteinen,0,0,0,0,0,0,0,0,0,0
vaahdota,0,0,0,0,0,1,0,0,0,0
vaahtoava,0,0,0,0,0,0,0,0,0,0
rypistää kulmiaan,0,0,0,0,0,1,0,1,0,0
rypistää kulmiaan,1,0,1,0,0,1,0,1,0,0
jäätynyt,0,0,0,0,0,0,0,0,0,0
säästäväinen,0,0,0,0,0,0,1,0,0,0
hedelmää,0,0,0,0,0,0,0,0,0,0
hedelmällistä,0,0,0,0,0,0,1,0,0,0
toteutuminen,0,0,0,0,0,0,0,0,0,0
hedelmätön,0,0,0,0,0,1,0,1,0,0
turhauttaa,1,0,1,0,0,1,0,1,0,0
turhautunut,1,0,0,0,0,1,0,0,0,0
turhautumista,1,0,0,0,0,1,0,0,0,0
paistaa,0,0,0,0,0,0,0,0,0,0
tuhertaa,0,0,0,0,0,1,0,0,0,0
polttoainetta,0,0,0,0,0,0,0,0,0,0
pakolainen,1,0,1,1,0,1,0,1,0,1
tukipiste,0,0,0,0,0,0,0,0,0,0
täyttää,0,0,0,0,1,0,1,0,0,0
täyttymys,0,1,0,0,1,0,1,0,0,1
koko,0,0,0,0,0,0,1,0,0,0
täyteys,0,0,0,0,0,0,0,0,0,0
täysin,0,0,0,0,0,0,1,0,0,1
sählätä,0,0,0,0,0,1,0,0,0,0
savua,0,0,0,0,0,1,0,0,0,0
kaasutus,0,0,0,0,0,0,0,0,0,0
savuava,1,0,0,0,0,1,0,0,0,0
hauskaa,0,1,0,0,1,0,1,0,0,0
toiminto,0,0,0,0,0,0,0,0,0,0
toimiva,0,0,0,0,0,0,0,0,0,0
rahoittaa,0,0,0,0,0,0,0,0,0,0
perustavanlaatuinen,0,0,0,0,0,0,1,0,0,1
pohjimmiltaan,0,0,0,0,0,0,0,0,0,0
varoja,0,0,0,0,0,0,0,0,0,0
hautajaiset,0,0,0,0,0,0,0,1,0,0
sieni,0,0,1,0,0,1,0,0,0,0
funk,0,0,0,0,0,1,0,1,0,0
suppilo,0,0,0,0,0,0,0,0,0,0
turkista,0,0,0,0,0,0,0,0,0,0
raivoissaan,1,0,1,0,0,1,0,0,0,0
raivoissaan,1,0,0,0,0,0,0,0,0,0
lomauttaa,0,0,0,0,0,0,0,0,0,0
uuniin,1,0,0,0,0,0,0,0,0,0
varustaa,0,0,0,0,0,0,0,0,0,0
huonekalut,0,0,0,0,0,0,0,0,0,0
villitys,1,0,0,0,0,1,0,0,0,0
vako,0,0,0,0,0,0,0,1,0,0
edistäminen,0,0,0,0,0,0,0,0,0,0
raivoa,1,0,0,1,0,1,0,1,0,0
sulake,0,0,0,0,0,0,1,0,0,1
fuusio,0,0,0,0,0,0,1,0,0,0
meteli,1,0,0,0,0,1,0,1,0,0
kranttu,0,0,1,0,0,1,0,0,0,0
turha,0,0,0,0,0,1,0,1,0,0
turhuutta,0,0,0,0,0,1,0,0,0,0
tulevaisuutta,0,0,0,0,0,0,0,0,0,0
sumu,0,0,0,0,0,0,0,0,0,0
sumea,0,0,0,0,0,0,0,0,0,0
gaby,0,0,1,0,0,1,0,0,0,0
gag,0,0,1,0,0,1,0,0,0,0
mittari,0,0,0,0,0,0,0,0,0,1
parvi,0,0,0,0,0,0,0,0,0,0
saada,0,1,0,0,1,0,1,0,0,0
ansiokkaasti,0,0,0,0,0,0,0,0,0,0
saada,0,0,0,0,0,0,1,0,0,0
kävely,0,0,0,0,0,0,0,0,0,0
gaala,0,0,0,0,0,0,0,0,0,0
galaksi,0,0,0,0,0,0,0,0,0,0
myrsky,0,0,0,0,0,0,0,0,0,0
sappi,1,0,1,0,0,1,0,0,0,0
uljas,0,0,0,0,0,0,1,0,0,0
urheus,0,0,0,0,0,0,1,0,0,0
galleria,0,0,0,0,0,0,0,0,0,0
keittiöön,0,0,0,0,0,0,0,0,0,0
laukka,0,0,0,0,0,0,0,0,0,0
laukkaa,0,0,0,0,0,0,0,0,0,0
hirsipuut,1,0,0,1,0,1,0,1,0,0
yllin kyllin,0,0,0,0,0,0,1,0,0,0
galvaaninen,0,0,0,0,0,0,0,0,0,0
uhkapeliä,0,0,0,0,0,1,0,0,0,0
peluri,0,1,0,0,0,1,0,0,1,0
uhkapelaaminen,0,1,0,0,0,1,0,0,1,0
peli,0,0,0,0,0,0,0,0,0,0
pelaamista,0,0,0,0,0,0,0,0,0,0
gammon,0,0,0,0,0,0,0,0,0,0
kirjo,0,0,0,0,0,0,0,0,0,0
kiusaa,0,0,0,0,0,0,0,0,0,0
jengi,1,0,0,1,0,1,0,0,0,0
vankila,0,0,0,0,0,1,0,0,0,0
aukko,0,0,0,0,0,1,0,0,0,0
aukko,0,0,0,0,0,0,0,0,1,0
ammottava,0,0,0,0,0,0,0,0,0,0
autotalli,0,0,0,0,0,0,0,0,0,0
puku,0,0,0,0,0,0,0,0,0,0
roska,0,0,1,0,0,1,0,0,0,0
sekaisin,0,0,0,0,0,0,0,0,0,0
puutarha,0,0,0,0,1,0,1,0,0,0
puutarhuri,0,0,0,0,0,0,0,0,0,0
puutarhanhoito,0,0,0,0,0,0,0,0,0,0
räikeä,0,0,1,0,0,1,0,0,1,0
valkosipuli,0,0,0,0,0,0,0,0,0,0
vaate,0,0,0,0,0,0,0,0,0,0
kerätä,0,0,0,0,0,0,0,0,0,0
granaatti,0,0,0,0,0,0,1,0,0,0
koristele,0,0,0,0,0,1,0,0,0,0
varuskunta,0,0,0,0,0,0,1,0,0,1
sukkanauha,0,0,0,0,0,0,0,0,0,0
kaasua,0,0,0,0,0,0,0,0,0,0
kaasumaista,0,0,0,0,0,0,0,0,0,0
viiltää,0,0,0,1,0,1,0,0,0,0
kaasutus,0,0,0,0,0,0,0,0,0,0
bensiini,0,0,0,0,0,0,0,0,0,0
haukkua,0,0,0,0,0,0,0,0,1,0
haukkoa henkeä,0,0,0,1,0,1,0,0,0,0
mahalaukun,0,0,0,0,0,0,0,0,0,0
gastronomia,0,0,0,0,0,0,0,0,0,0
portti,0,0,0,0,0,0,0,0,0,1
yhdyskäytävä,0,0,0,0,0,0,0,0,0,1
kerätä,0,0,0,0,0,0,0,0,0,0
keräilijä,0,0,0,0,0,0,0,0,0,0
kokoontuminen,0,0,0,0,0,0,0,0,0,0
gauche,0,0,0,0,0,1,0,0,0,0
arvioida,0,0,0,0,0,0,0,0,0,0
mittaamalla,0,0,0,0,0,0,0,0,0,1
laiha,0,0,0,0,0,1,0,0,0,0
käsine,0,0,0,0,0,0,0,0,0,0
sideharso,0,0,0,0,0,0,0,0,0,0
nuija,0,0,0,0,0,0,0,0,0,0
gawk,0,0,0,0,0,0,0,0,1,0
katse,0,0,0,0,0,0,0,0,0,0
huvimaja,0,0,0,0,0,0,0,0,0,0
gaselli,0,0,0,0,0,0,0,0,0,0
lehdessä,0,0,0,0,0,0,1,0,0,1
lehtimies,0,0,0,0,0,0,0,0,0,0
vaihde,0,0,0,0,0,0,1,0,0,0
geeli,0,0,0,0,0,0,0,0,0,0
gelatiini,0,0,1,0,0,0,0,0,0,0
geld,0,0,0,0,0,0,0,0,0,0
ruuna,0,0,0,0,0,0,0,0,0,0
helmi,0,0,0,0,1,0,1,0,0,0
Kaksoset,0,0,0,0,0,0,0,0,0,0
sukupuoli,0,0,0,0,0,0,0,0,0,0
sukututkimusta,0,0,0,0,0,0,0,0,0,0
yleistä,0,0,0,0,0,0,1,0,0,1
yleisyys,0,0,0,0,0,0,0,0,0,0
yleistys,0,0,0,0,0,0,0,0,0,0
yleisesti,0,0,0,0,0,0,0,0,0,0
Tuottaa,0,0,0,0,0,0,0,0,0,0
sukupolvi,0,0,0,0,0,0,0,0,0,0
generatiivinen,0,0,0,0,0,0,0,0,0,0
generaattori,0,0,0,0,0,0,0,0,0,0
yleinen,0,0,0,0,0,0,0,0,0,0
anteliaisuus,0,1,0,0,1,0,1,0,1,1
antelias,0,0,0,0,1,0,1,0,0,1
synty,0,0,0,0,0,0,0,0,0,0
geneettinen,0,0,0,0,0,0,0,0,0,0
genetiikka,0,0,0,0,0,0,0,0,0,0
nerokas,0,0,0,0,1,0,1,0,0,0
sukupuolielinten,0,0,0,0,0,0,0,0,0,0
nero,0,0,0,0,0,0,1,0,0,0
genre,0,0,0,0,0,0,0,0,0,0
herra,1,0,1,1,0,1,0,0,0,0
herraskainen,0,0,0,0,0,0,1,0,0,0
herrasmies,0,0,0,0,0,0,1,0,0,1
lempeys,0,0,0,0,0,0,1,0,0,0
herrasväki,0,0,0,0,0,0,1,0,0,1
aito,0,0,0,0,0,0,1,0,0,1
suvun,0,0,0,0,0,0,0,0,0,0
maantiede,0,0,0,0,0,0,0,0,0,0
geologia,0,0,0,0,0,0,0,0,0,0
geometria,0,0,0,0,0,0,0,0,0,0
geranium,0,0,0,0,0,0,1,0,0,0
geriatrista,0,0,0,0,0,1,0,1,0,0
alkio,0,1,1,0,0,0,0,0,0,0
Saksan kieli,0,0,0,0,0,0,0,0,0,0
saksalainen,0,0,0,0,0,0,0,0,0,0
itää,0,0,0,0,0,0,0,0,0,0
itävyys,0,1,0,0,0,0,0,0,0,0
raskaus,0,0,0,0,0,0,0,0,0,0
ele,0,0,0,0,0,0,0,0,0,0
kamala,0,0,1,1,0,1,0,0,0,0
getto,0,0,1,1,0,1,0,1,0,0
aave,0,0,0,1,0,0,0,0,0,0
aavemainen,0,0,0,1,0,1,0,0,0,0
jättiläinen,0,0,0,1,0,0,0,0,0,0
hölmöilyä,1,0,0,0,0,1,0,0,0,0
lahja,0,1,0,0,1,0,1,0,1,0
lahjakas,0,0,0,0,0,0,1,0,0,0
keikka,0,0,0,0,0,0,0,0,0,0
jättiläismäinen,0,0,0,0,0,0,1,0,0,0
kikatus,0,0,0,0,1,0,1,0,0,0
kidukset,0,0,0,0,0,0,0,0,0,0
kidukset,0,0,0,0,0,0,0,0,0,0
kullattu,0,0,0,0,0,0,0,0,0,0
Linkuttaa,0,0,0,0,0,0,0,0,0,0
gin,0,0,0,0,0,0,0,0,0,0
inkivääri,0,0,0,0,0,0,0,0,0,0
piparkakku,0,0,0,0,0,0,0,0,0,0
varovasti,0,0,0,0,0,0,0,0,0,0
kirahvi,0,0,0,0,0,0,0,0,0,0
palkki,0,0,0,0,0,0,1,0,0,1
vyö,0,0,0,0,0,0,0,0,0,0
ympärysmitta,0,0,0,0,0,0,0,0,0,0
ydin,0,0,0,0,0,0,0,0,0,0
antaa,0,0,0,0,0,0,1,0,0,0
kalju,0,0,0,0,0,0,0,0,0,0
jääkauden,0,0,0,0,0,1,0,0,0,0
jäätikkö,0,0,0,0,0,0,0,0,0,0
iloinen,0,1,0,0,1,0,1,0,0,0
glade,0,0,0,0,0,0,0,0,0,0
gladiaattori,0,0,0,1,0,0,0,0,0,0
iloa,0,0,0,0,1,0,1,0,0,0
vilkaisu,0,0,0,0,0,0,0,0,0,0
häikäisyä,1,0,0,1,0,1,0,0,0,0
räikeä,1,0,0,0,0,1,0,0,0,0
lasi-,0,0,0,0,0,0,0,0,0,0
lasit,0,0,0,0,0,0,0,0,0,0
lasitavarat,0,0,0,0,0,0,0,0,0,0
lasite,0,0,0,0,0,0,0,0,0,0
pilkahdus,0,0,0,0,0,0,0,0,0,0
poimia,0,0,0,0,0,0,0,0,0,0
vahingonilo,0,0,0,0,1,0,1,0,0,0
glen,0,0,0,0,0,0,0,0,0,0
liukas,0,0,0,0,0,1,0,0,0,0
liukua,0,1,0,0,1,0,1,0,0,0
pilkahdus,0,1,0,0,1,0,1,0,1,0
välähdys,0,0,0,0,0,0,0,0,0,0
kiiltoa,0,0,0,0,0,0,0,0,0,0
kimallus,0,0,1,0,1,0,0,0,0,0
kimaltelevaa,0,0,0,0,0,0,1,0,0,0
maapallo,0,0,0,0,0,0,0,0,0,0
pallomainen,0,0,0,0,0,0,0,0,0,0
synkkyyttä,0,0,0,0,0,1,0,1,0,0
synkkä,0,0,0,0,0,1,0,1,0,0
ylistäminen,0,0,0,0,1,0,1,0,0,0
ylistää,0,1,0,0,1,0,1,0,1,1
kunniaa,0,1,0,0,1,0,1,0,0,1
kiilto-,0,0,0,0,0,0,1,0,0,0
sanasto,0,0,0,0,0,0,0,0,0,0
kiiltävä,0,0,0,0,0,0,0,0,0,0
käsine,0,0,0,0,0,0,0,0,0,0
hehku,0,1,0,0,1,0,1,0,0,1
hehkuva,0,0,0,0,0,0,1,0,0,0
glukoosi,0,0,0,0,0,0,0,0,0,0
liima,0,0,0,0,0,0,0,0,0,0
apea,0,0,0,0,0,1,0,1,0,0
glut,0,0,1,0,0,1,0,0,0,0
gluteenia,0,0,0,0,0,0,0,0,0,0
mässäily,0,0,1,0,0,1,0,0,0,0
glyseriini,0,0,0,0,0,0,0,0,0,0
sääski,0,0,0,0,0,0,0,0,0,0
tonttu,1,0,1,1,0,1,0,0,0,0
vuohi,0,0,0,0,0,0,0,0,0,0
vuohenpaita,0,0,0,0,0,0,0,0,0,0
gob,0,0,1,0,0,0,0,0,0,0
ahmaista,0,0,0,0,0,0,0,0,0,0
pikari,0,0,0,0,0,0,0,0,0,0
Hiisi,0,0,1,1,0,1,0,0,0,0
Jumala,0,1,0,1,1,0,1,0,0,1
jumalatar,0,0,0,0,0,0,0,0,0,0
kummisetä,0,0,0,0,0,0,0,0,0,0
jumalaton,1,0,0,0,0,1,0,0,0,0
jumalallinen,0,0,0,0,1,0,1,0,0,1
jumalan lahja,0,0,0,0,1,0,1,0,1,0
suojalasit,0,0,0,0,0,0,0,0,0,0
suojalasit,0,0,0,0,0,0,0,0,0,0
kulta-,0,0,0,0,0,0,1,0,0,0
kultainen,0,0,0,0,0,0,0,0,0,0
golf,0,0,0,0,0,0,0,0,0,0
gondoli,0,0,0,0,0,0,0,0,0,0
gong,0,0,0,0,0,0,0,0,0,0
tippuri,1,0,1,1,0,1,0,1,0,0
goo,0,0,1,0,0,1,0,0,0,0
hyvä,0,1,0,0,1,0,1,0,1,1
Hyvästi,0,0,0,0,0,0,0,0,0,0
hyvin,0,0,0,0,0,0,1,0,0,0
hyvyyttä,0,1,0,0,1,0,1,0,1,1
tavaroita,0,0,0,0,0,0,1,0,0,0
hyvää tahtoa,0,0,0,0,0,0,1,0,0,0
hyvä,0,0,0,0,0,0,0,0,0,0
tahmea,0,0,0,0,0,0,0,0,0,0
hanhi,0,0,0,0,0,0,0,0,0,0
gopher,0,0,0,0,0,0,0,0,0,0
gore,1,0,1,1,0,1,0,1,0,0
rotko,0,0,1,0,0,1,0,0,0,0
upea,0,0,0,0,1,0,1,0,0,0
gorilla,0,0,0,0,0,1,0,0,0,0
veristä,1,0,1,1,0,1,0,1,0,0
evankeliumi,0,0,0,0,0,0,1,0,0,1
juoru,0,0,0,0,0,1,0,0,0,0
kovertaa,0,0,0,0,0,1,0,0,0,0
gourmet,0,0,0,0,0,0,0,0,0,0
kihti,0,0,0,0,0,1,0,0,0,0
hallita,0,0,0,0,0,0,1,0,0,1
kotiopettajatar,0,0,0,0,0,0,0,0,0,1
hallitseva,0,0,0,0,0,0,0,0,0,0
hallitus,0,0,0,1,0,1,0,0,0,0
kuvernööri,0,0,0,0,0,0,0,0,0,1
puku,0,0,0,0,0,0,0,0,0,0
napata,1,0,0,0,0,1,0,0,0,0
armo,0,0,0,0,0,0,1,0,0,0
siro,0,0,0,0,0,0,1,0,0,0
armollinen,0,0,0,0,0,0,1,0,0,0
armollisesti,0,0,0,0,0,0,1,0,0,0
asteikko,0,0,0,0,0,0,0,0,0,0
arvosana,0,0,0,0,0,0,0,0,0,0
luokkalainen,0,0,0,0,0,0,0,0,0,0
kaltevuus,0,0,0,0,0,0,0,0,0,0
asteittainen,0,1,0,0,0,0,0,0,0,0
vähitellen,0,0,0,0,0,0,0,0,0,0
valmistumisen,0,1,0,1,1,0,1,0,1,1
viljaa,0,0,0,0,0,0,0,0,0,0
gramma,0,0,0,0,0,0,0,0,0,0
kielioppi,0,0,0,0,0,0,0,0,0,1
suuri,0,0,0,0,0,0,0,0,0,0
lapsenlapset,0,1,0,0,1,0,1,0,0,1
loistoa,0,0,0,0,0,0,1,0,0,0
isoisä,0,0,0,0,0,0,0,0,0,1
suurenmoinen,0,0,0,0,0,0,0,0,0,0
isoäiti,0,0,0,0,0,0,1,0,0,0
Grange,0,0,0,0,0,0,0,0,0,0
graniitti,0,0,0,0,0,0,0,0,0,0
myöntää,0,1,0,0,1,0,1,0,0,1
myönnetty,0,0,0,0,0,0,1,0,0,0
apurahan saaja,0,0,0,0,0,0,0,0,0,0
myöntäjä,0,0,0,0,0,0,0,0,0,0
rakeinen,0,0,0,0,0,0,0,0,0,0
rae,0,0,0,0,0,0,0,0,0,0
viinirypäleitä,0,0,0,0,0,0,0,0,0,0
grafiikkaa,0,0,0,0,0,0,0,0,0,0
koura,0,0,0,0,0,0,0,0,0,0
ymmärtää,0,0,0,0,0,0,0,0,0,0
ahne,0,1,0,0,0,1,0,0,0,0
ruoho,0,0,0,0,0,0,0,0,0,0
heinäsirkka,0,0,0,0,0,0,0,0,0,0
ruohoinen,0,0,0,0,0,0,0,0,0,0
raastaa,0,0,0,0,0,1,0,0,0,0
raastettuna,1,0,0,0,0,1,0,0,0,0
kiitollinen,0,0,0,0,0,0,1,0,0,0
tyydyttää,0,0,0,0,1,0,1,0,1,0
ritilä,1,0,1,0,0,1,0,0,0,0
ilmaiseksi,0,0,0,0,0,0,0,0,0,0
kiitollisuus,0,0,0,0,1,0,1,0,0,0
maksutonta,0,0,1,0,0,0,0,0,0,0
palkkio,0,0,0,0,0,0,0,0,0,0
hauta,0,0,0,1,0,1,0,1,0,0
sora,0,0,0,0,0,0,0,0,0,0
vakavampi,0,0,0,0,0,0,0,0,0,0
kallistua,0,1,0,0,0,0,0,0,0,0
gravitaatio,0,0,0,0,0,0,0,0,0,0
painovoima,0,0,0,0,0,0,0,0,0,0
kastike,0,0,0,0,0,0,0,0,0,0
harmaa,0,0,1,0,0,0,0,1,0,0
laiduntaa,0,0,0,0,0,0,0,0,0,0
rasva,0,0,0,0,0,0,0,0,0,0
rasvainen,0,0,1,0,0,0,0,0,0,0
suurempi,0,0,0,0,0,0,1,0,0,0
suurin,0,0,0,0,0,0,0,0,0,0
suuresti,0,0,0,0,0,0,0,0,0,0
suuruutta,0,0,0,0,1,0,1,0,1,1
ahneus,1,0,1,0,0,1,0,0,0,0
ahne,0,0,1,0,0,1,0,0,0,0
vihreä,0,0,0,0,1,0,1,0,0,1
kasvihuone,0,0,0,0,0,0,0,0,0,0
vihertävä,0,0,0,0,0,0,0,0,0,0
viherpuu,0,0,0,0,0,0,0,0,0,0
tervehtiä,0,0,0,0,0,0,0,0,0,0
tervehdys,0,0,0,0,0,0,1,0,1,0
seurallinen,0,0,0,0,0,0,1,0,0,0
kranaatti,0,0,0,1,0,1,0,0,0,0
harmaa,0,0,0,0,0,0,0,0,0,0
vinttikoira,0,0,0,0,0,0,0,0,0,0
parila,0,0,0,0,0,0,0,0,0,0
suru,0,0,0,0,0,1,0,1,0,0
epäkohta,1,0,1,0,0,1,0,1,0,0
murehtia,0,0,0,1,0,1,0,1,0,0
tuskallista,1,0,0,1,0,1,0,1,0,0
griffin,0,0,0,0,0,0,0,0,0,0
grilli,0,0,0,0,0,0,0,0,0,0
säleikkö,0,0,0,0,0,0,0,0,0,0
synkkä,1,1,1,1,0,1,0,1,0,0
lika,0,0,1,0,0,1,0,0,0,0
likainen,0,0,1,0,0,1,0,0,0,0
virne,0,1,0,0,1,0,1,0,1,1
jauhaa,0,0,0,0,0,0,0,0,0,0
hiomakone,0,0,0,0,0,0,0,0,0,0
hiominen,0,0,0,0,0,1,0,0,0,0
ote,0,0,0,0,0,0,0,0,0,0
kammottava,0,0,1,1,0,1,0,0,0,0
jauhetta,0,0,0,0,0,0,1,0,0,0
hiekkaa,0,0,0,0,0,0,1,0,0,1
hiekkainen,0,0,0,0,0,0,0,0,0,0
harmaata,0,0,0,1,0,1,0,0,0,0
notkua,0,0,1,0,0,1,0,1,0,0
ruokakauppa,0,0,0,0,0,0,0,0,0,0
ruokaostokset,0,0,0,0,0,0,0,0,0,0
päivittäistavarakauppa,0,0,0,0,0,0,0,0,0,0
huojuva,0,0,0,0,0,0,0,0,0,0
nivus,0,0,0,0,0,0,0,0,0,0
sulhanen,0,0,0,0,0,0,0,0,0,0
ura,0,0,0,0,0,0,0,0,0,0
hipelöidä,1,0,1,1,0,1,0,0,0,0
ällöttävä,0,0,1,0,0,1,0,0,0,0
groteski,0,0,1,0,0,1,0,0,0,0
luola,0,0,0,0,0,0,0,0,0,0
maahan,0,0,0,0,0,0,0,0,0,1
maadoitettu,0,0,0,1,0,1,0,1,0,0
perusteeton,0,0,0,0,0,1,0,0,0,0
perusteita,0,0,0,0,0,0,0,0,0,0
pohjatyöt,0,0,0,0,0,0,1,0,0,0
ryhmä,0,0,0,0,0,0,0,0,0,0
ryhmittely,0,0,0,0,0,0,0,0,0,0
riekko,0,0,0,0,0,0,0,0,0,0
laastia,0,0,0,0,0,0,0,0,0,0
lehto,0,0,0,0,0,0,0,0,0,0
kasvaa,0,1,0,0,1,0,1,0,0,1
murista,1,0,0,1,0,1,0,0,0,0
murisee,1,0,1,1,0,1,0,0,0,0
kasvu,0,0,0,0,0,0,1,0,0,0
grub,0,0,0,0,0,0,0,0,0,0
kaunaa,1,0,0,0,0,1,0,0,0,0
vastahakoisesti,0,0,0,0,0,1,0,0,0,0
hirvittävä,0,0,1,0,0,1,0,0,0,0
karhea,1,0,1,0,0,1,0,0,0,0
marmattaa,1,0,1,0,0,1,0,0,0,0
töykeä,1,0,1,0,0,1,0,1,0,0
murahtaa,0,0,0,0,0,0,0,0,0,0
takuu,0,0,0,0,0,0,1,0,0,1
takuu,0,0,0,0,0,0,0,0,0,0
vartija,0,0,0,1,0,0,1,0,0,1
vartioitu,0,0,0,0,0,0,0,0,0,1
huoltaja,0,0,0,0,0,0,1,0,0,1
edunvalvonta,0,0,0,0,0,0,1,0,0,1
vartijoita,0,0,0,0,0,0,0,0,0,0
kuvernööri,0,0,0,0,0,0,1,0,0,1
sissi,0,0,0,1,0,1,0,0,0,0
arvaus,0,0,0,0,0,0,0,0,1,0
arvailua,0,0,0,0,0,0,0,0,0,0
vieras,0,0,0,0,0,0,0,0,0,0
opastusta,0,0,0,0,0,0,1,0,0,1
opas,0,0,0,0,0,0,1,0,0,1
opaskirja,0,0,0,0,0,0,1,0,0,1
kilta,0,0,0,0,0,0,0,0,0,0
vilppiä,0,0,0,0,0,1,0,0,0,0
giljotiini,1,1,1,1,0,1,0,1,0,0
syyllisyys,0,0,1,0,0,1,0,1,0,0
syyllinen,1,0,0,0,0,1,0,1,0,0
Guinea,0,0,0,0,0,0,0,0,0,0
puku,0,0,0,0,0,1,0,0,0,0
kitara,0,0,0,0,0,0,0,0,0,0
gules,0,0,0,0,0,0,0,0,0,0
kuilu,0,0,0,0,0,0,0,0,0,0
lokki,0,0,0,0,0,1,0,0,0,0
herkkäuskoinen,0,0,0,0,0,1,0,1,0,1
kaivo,0,0,0,0,0,0,0,0,0,0
kulaus,0,0,0,1,0,0,0,0,1,0
purukumia,0,0,0,0,0,0,0,0,0,0
kuminen,0,0,0,0,0,0,0,0,0,0
ase,1,0,0,1,0,1,0,0,0,0
ampuja,0,0,0,0,0,0,0,0,0,0
ruuti,0,0,0,1,0,0,0,0,0,0
guru,0,0,0,0,0,0,1,0,0,1
purskahtaa,0,0,1,0,1,1,0,0,0,0
kulmakivet,0,0,0,0,0,0,0,0,0,1
puuskissa,0,0,0,0,0,0,0,0,0,0
puuskainen,0,0,0,0,0,0,0,0,0,0
suolisto,0,0,1,0,0,0,0,0,0,0
rohkeutta,0,0,0,0,0,0,1,0,0,0
kouru,0,0,1,0,0,0,0,0,0,0
kaveri,0,0,0,0,0,0,0,0,0,0
ahmiminen,0,0,0,0,0,1,0,0,0,0
kuntosali,0,0,0,0,0,0,0,0,0,0
voimistelija,0,0,0,0,0,0,1,0,0,0
voimistelu-,0,0,0,0,0,0,0,0,0,0
voimistelu,0,0,0,0,0,0,0,0,0,0
gynekologia,0,0,0,0,0,0,0,0,0,0
mustalainen,0,0,0,0,0,1,0,0,0,0
gyroskooppi,0,0,0,0,0,0,0,0,0,0
tapa,0,0,0,0,0,0,0,0,0,0
elinympäristö,0,0,0,0,0,0,1,0,0,0
asuminen,0,0,0,0,0,0,0,0,0,0
tavanomaista,0,1,0,0,0,0,0,0,0,0
tavallisesti,0,0,0,0,0,0,0,0,0,0
hacienda,0,0,0,0,0,0,0,0,0,0
akka,0,0,1,1,0,1,0,0,0,0
ahneita,0,0,0,0,0,1,0,1,0,0
tinkiä,0,0,0,0,0,0,0,0,0,0
rakeita,0,0,0,0,0,1,1,0,0,1
hiukset,0,0,0,0,0,0,0,0,0,0
karvainen,0,0,1,0,0,1,0,0,0,0
hale,0,0,0,0,0,0,1,0,0,0
puoli,0,0,0,0,0,0,0,0,0,0
puolitie,0,0,0,0,0,1,0,0,0,0
sali,0,0,0,0,0,0,0,0,0,0
pyhitetty,0,0,0,0,0,0,0,0,0,0
hallusinaatio,0,0,0,1,0,1,0,0,0,0
halo,0,0,0,0,0,0,0,0,0,0
pysäyttää,0,0,0,0,0,0,0,0,0,0
riimu,1,0,0,1,0,1,0,1,0,0
pysähtyminen,0,0,0,1,0,1,0,1,0,0
puolittaa,0,0,0,0,0,0,0,0,0,0
puolittaminen,0,0,0,0,0,0,0,0,0,0
kinkku,0,0,0,0,0,0,0,0,0,0
Hamlet,0,0,0,0,0,0,0,0,0,0
vasara,0,0,0,0,0,0,0,0,0,0
vasaralla,0,0,0,0,0,0,0,0,0,0
riippumatto,0,0,0,0,0,0,0,0,0,0
haitata,0,0,0,0,0,1,0,0,0,0
Reisilihas,1,0,0,0,0,1,0,1,0,0
käsi,0,0,0,0,0,0,0,0,0,0
käsikirja,0,0,0,0,0,0,0,0,0,1
kourallinen,0,0,0,0,0,0,0,0,0,0
vamma,0,0,0,0,0,1,0,1,0,0
käsityö,0,0,0,0,0,0,0,0,0,0
käsityötä,0,0,0,0,0,0,0,0,0,0
nenäliina,0,0,0,0,0,0,0,0,0,0
kahva,0,0,0,0,0,0,0,0,0,0
komea,0,0,0,0,0,0,0,0,0,0
käsiala,0,0,0,0,0,0,0,0,0,0
kätevä,0,0,0,0,0,0,1,0,0,0
ripustaa,0,0,0,0,0,0,0,0,0,0
hangaari,0,0,0,0,0,0,0,0,0,0
riippuva,1,0,1,1,0,1,0,1,0,0
pyöveli,0,0,0,1,0,1,0,0,0,0
hengailla,0,0,0,0,0,0,0,0,0,0
vyyhti,0,0,0,0,0,0,0,0,0,0
haikailu,0,1,0,0,0,0,0,0,0,0
hap,0,1,0,0,0,0,0,0,1,0
sattumanvarainen,0,0,0,0,0,0,0,0,0,0
tapahtua,0,1,0,0,0,0,0,0,0,0
tapahtuu,0,0,0,0,0,0,0,0,0,0
iloisesti,0,0,0,0,1,0,1,0,0,0
onnellisuus,0,1,0,0,1,0,1,0,0,0
onnellinen,0,1,0,0,1,0,1,0,0,1
häiritä,1,0,1,0,0,1,0,0,0,0
häiritsevä,1,0,0,0,0,0,0,0,0,0
airut,1,1,0,1,0,1,0,0,0,0
satama,0,0,0,0,0,0,0,0,0,1
kovettua,0,0,0,0,0,0,0,0,0,0
kovettunut,1,0,1,1,0,1,0,0,0,0
kovettuminen,0,0,0,0,0,0,0,0,0,0
kovuus,0,0,0,0,0,1,0,0,0,0
vaikeuksia,0,0,0,0,0,1,0,1,0,0
laitteisto,0,0,0,0,0,0,0,0,0,0
kestävä,0,0,0,0,1,0,1,0,0,1
jänis,0,0,0,0,0,0,0,0,0,0
haaremi,0,0,0,0,0,0,0,0,0,0
portto,0,0,1,0,0,1,0,0,0,0
vahingoittaa,0,0,0,1,0,1,0,0,0,0
haitallista,1,0,1,1,0,1,0,1,0,0
huuliharppu,0,0,0,0,0,0,0,0,0,0
harmonisia,0,0,0,0,0,0,0,0,0,0
harmonisesti,0,0,0,0,1,0,1,0,0,1
yhdenmukaistaa,0,0,0,0,0,0,0,0,0,0
harmonia,0,0,0,0,1,0,1,0,0,1
valjaat,0,0,0,0,0,0,0,0,0,0
harperi,0,0,0,0,0,0,0,0,0,0
cembalo,0,0,0,0,0,0,0,0,0,0
riipaiseva,0,0,0,1,0,1,0,0,0,0
Harry,1,0,0,0,0,1,0,1,0,0
ankaruus,1,0,0,1,0,1,0,0,0,0
hart,0,0,0,0,0,0,0,0,0,0
sato,0,1,0,0,1,0,1,0,0,0
hash,0,0,0,0,0,1,0,0,0,0
hasista,0,0,0,0,0,1,0,0,0,0
kiirettä,0,1,0,0,0,0,0,0,0,0
kiirehtiä,0,0,0,0,0,0,0,0,0,0
hätäisesti,0,0,0,0,0,0,0,0,0,0
hätäinen,0,0,0,0,0,1,0,0,0,0
hattu,0,0,0,0,0,0,0,0,0,0
luukku,0,0,0,0,0,0,0,0,0,0
kirves,0,0,0,0,0,0,0,0,0,0
vihaa,1,0,1,1,0,1,0,1,0,0
vihamielinen,1,0,1,1,0,1,0,1,0,0
vihata,1,0,0,0,0,1,0,0,0,0
vihaa,1,0,1,1,0,1,0,1,0,0
ylimielinen,1,0,0,0,0,1,0,0,0,0
nosto,0,0,0,0,0,0,0,0,0,0
kuljetus,0,0,0,0,0,0,0,0,0,0
kummittelee,0,0,0,1,0,1,0,0,0,0
ahdisti,0,0,0,1,0,1,0,1,0,0
turvasatama,0,0,0,0,0,0,1,0,0,1
tuhoa,1,0,0,1,0,1,0,0,0,0
orapihlaja,0,0,0,0,0,0,0,0,0,0
haukka,0,0,0,1,0,0,0,0,0,0
hawking,0,0,0,0,0,0,0,0,0,0
vaara,0,0,0,1,0,1,0,0,0,0
vaarallinen,0,0,0,1,0,1,0,0,0,0
usva,0,0,0,1,0,1,0,0,0,0
utuinen,0,0,0,0,0,0,0,0,0,0
pää,0,0,0,0,0,0,0,0,0,0
päänsärky,0,0,0,0,0,1,0,0,0,0
päähine,0,0,0,0,0,0,0,0,0,0
otsikko,0,0,0,0,0,0,0,0,0,0
päähineet,0,0,0,0,0,0,0,0,0,0
otsikko,0,0,0,0,0,0,0,0,0,0
niemenkärki,0,0,0,0,0,0,0,0,0,0
ajovalo,0,1,0,0,0,0,0,0,0,0
otsikko,0,0,0,0,0,0,0,0,0,0
päistikkaa,0,0,0,0,0,0,0,0,0,0
päämaja,0,0,0,0,0,0,0,0,0,0
hautakivi,0,0,0,0,0,0,0,0,0,0
eteenpäin,0,0,0,0,0,0,1,0,0,0
huumaava,0,0,0,0,0,1,0,0,0,0
parantaa,0,0,0,0,1,0,1,0,0,1
paranemista,0,1,0,0,1,0,1,0,0,1
terveys,0,0,0,0,0,0,0,0,0,0
terveellinen,0,0,0,0,1,0,1,0,0,0
terveitä,0,0,0,0,0,0,1,0,0,0
pino,0,0,0,0,0,0,0,0,0,0
kuulla,0,0,0,0,0,0,0,0,0,0
kuulija,0,0,0,0,0,0,0,0,0,0
kuulo,0,0,0,1,0,1,0,0,0,0
juoru,0,0,0,0,0,1,0,0,0,0
ruumisauto,0,0,0,1,0,1,0,1,0,0
sydän,0,0,0,0,0,0,0,0,0,0
sydänsuru,0,0,0,0,0,1,0,1,0,0
närästys,0,0,0,0,0,1,0,0,0,0
sydämellinen,0,0,0,0,1,0,1,1,0,1
tulisija,0,0,0,0,0,0,1,0,0,0
sydämellisesti,0,0,0,0,1,0,1,0,0,0
sydämetön,0,0,0,0,0,1,0,1,0,0
sydämet,0,0,0,0,0,0,0,0,0,0
sydänmato,0,0,1,0,0,0,0,0,0,0
lämpöä,0,0,0,0,0,0,0,0,0,0
lämmitetty,0,0,0,0,0,0,0,0,0,0
lämmitin,0,0,0,0,0,0,0,0,0,0
nummi,0,0,0,0,0,0,0,0,0,0
pakana,0,0,0,1,0,1,0,0,0,0
kanerva,0,0,0,0,0,0,0,0,0,0
lämmitys,0,0,0,0,0,0,0,0,0,0
nousta,0,0,0,0,0,0,0,0,0,0
taivaallinen,0,1,0,0,1,0,1,0,0,1
taivaat,0,0,0,0,1,0,1,0,0,1
raskaasti,0,0,0,0,0,1,0,0,0,0
raskaus,0,0,0,0,0,0,0,0,0,0
kohoaminen,0,0,0,0,0,0,0,0,0,0
hehtaaria,0,0,0,0,0,0,0,0,0,0
hektinen,0,0,0,0,0,0,0,0,0,0
suojata,0,0,0,0,0,0,0,0,0,0
siili,0,0,0,0,0,0,0,0,0,0
hedonismi,0,0,0,0,1,1,1,0,0,0
huomioi,0,0,0,0,0,0,0,0,0,0
kantapää,0,0,0,0,0,1,0,0,0,0
korkokengät,0,0,0,0,0,0,0,0,0,0
heft,0,1,0,1,0,0,1,0,0,0
hegemoninen,0,0,0,0,0,0,0,0,0,0
hieho,0,0,0,0,0,0,0,0,0,0
korkeus,0,0,0,0,0,0,0,0,0,0
kohottaa,0,0,0,1,0,1,0,0,0,0
kauheaa,0,0,0,0,0,1,0,0,0,0
perillinen,0,0,0,0,0,0,0,0,0,0
perijätär,0,0,0,0,0,0,0,0,0,0
perintökalu,0,0,0,0,0,0,0,0,0,0
perilliset,0,0,0,0,0,0,0,0,0,0
kierteinen,0,0,0,0,0,0,0,0,0,0
helix,0,0,0,0,0,0,0,0,0,0
helvetti,1,0,1,1,0,1,0,1,0,0
helvettiä,1,0,1,1,0,1,0,1,0,0
ruori,0,0,0,0,0,0,0,0,0,0
kypärä,0,0,0,1,0,0,1,0,0,0
auttaja,0,0,0,0,0,0,1,0,0,1
apua,0,0,0,0,1,0,1,0,0,1
avuton,0,0,0,1,0,1,0,1,0,0
avuttomuus,0,0,0,1,0,1,0,1,0,0
helma,0,0,0,0,0,0,0,0,0,0
hematiitti,0,0,0,0,0,0,0,0,0,0
hemi,0,0,0,0,0,0,0,0,0,0
pallonpuolisko,0,0,0,0,0,0,0,0,0,0
puolipallon muotoinen,0,0,0,0,0,0,0,0,0,0
katko,0,0,0,0,0,0,0,0,0,0
verenvuoto,0,0,1,1,0,1,0,1,0,0
peräpukamat,0,0,0,0,0,1,0,0,0,0
hamppu,0,0,0,0,0,0,0,0,0,0
kana,0,0,0,0,0,0,0,0,0,0
vastedes,0,0,0,0,0,0,0,0,0,0
saarnaaja,0,0,0,0,0,0,0,0,0,0
heraldiikka,0,0,0,0,0,0,0,0,0,0
yrtti,0,0,0,0,0,0,0,0,0,0
ruohoinen,0,0,0,0,0,0,0,0,0,0
yrtti,0,0,0,0,0,0,1,0,0,0
herbaario,0,0,0,0,0,0,0,0,0,0
lauma,0,0,0,0,0,0,0,0,0,0
perinnöllinen,0,0,0,0,0,0,0,0,0,0
perinnöllisyys,0,0,0,0,0,0,0,0,0,0
harhaoppi,0,0,0,0,0,1,0,0,0,0
harhaoppinen,0,0,1,0,0,1,0,0,0,0
harhaoppinen,0,0,0,0,0,0,0,0,0,0
tähän asti,0,0,0,0,0,0,0,0,0,0
tähän,0,0,0,0,0,0,0,0,0,0
tämän kanssa,0,0,0,0,0,0,0,0,0,0
perintöä,0,0,0,0,0,0,0,0,0,1
hermafrodiitti,0,0,0,0,0,1,0,0,1,0
hermeneutiikkaa,0,0,0,0,0,0,0,0,0,0
erakko,0,0,0,0,0,0,0,1,0,1
tyrä,0,0,0,0,0,0,0,0,0,0
sankari,0,1,0,0,1,0,1,0,1,1
sankarillinen,0,0,0,0,1,0,1,0,1,1
mahtipontisuus,0,0,0,0,0,0,1,0,0,0
heroiinia,0,0,0,0,0,1,0,0,0,0
sankaritar,0,0,0,0,0,0,1,0,0,1
sankaruus,0,1,0,0,1,0,1,0,1,1
herpes,0,0,1,0,0,1,0,0,0,0
herpesvirus,0,0,1,0,0,1,0,0,0,0
epäröi,0,0,0,0,0,0,0,0,0,0
epäröintiä,0,0,0,1,0,1,0,0,0,0
heterogeenisyyttä,0,0,0,0,0,0,0,0,0,0
veistää,0,0,0,0,0,0,0,0,0,0
kuusikulmio,0,0,0,0,0,0,0,0,0,0
kukoistus,0,1,0,0,1,0,1,0,0,1
tauko,0,0,0,0,0,0,0,0,0,0
lepotilaan,0,0,0,0,0,0,0,0,0,0
lepotilaan,0,0,0,0,0,0,0,0,0,0
hikka,0,0,0,0,0,0,0,0,0,0
piilotettu,0,0,0,0,0,1,0,0,0,0
piilottaa,0,0,0,1,0,0,0,0,0,0
hirveä,0,0,1,1,0,1,0,1,0,0
piilossa,0,0,0,1,0,0,0,0,0,0
hierarkkinen,0,0,0,0,0,0,0,0,0,0
korkea,0,0,0,0,0,0,0,0,0,0
korkeampi,0,0,0,0,0,0,0,0,0,0
korkein,0,1,0,1,1,1,1,0,1,0
ylämaa,0,0,0,0,0,0,0,0,0,0
ylänkö,0,0,0,0,0,0,0,0,0,0
korkeus,0,0,0,0,0,0,0,0,0,0
valtatie,0,0,0,0,0,0,0,0,0,0
retkeilijä,0,0,0,0,0,0,0,0,0,0
hilpeä,0,0,0,0,1,0,1,0,1,0
iloisuus,0,0,0,0,1,0,1,0,0,0
kukkula,0,0,0,0,0,0,0,0,0,0
mäkinen,0,0,0,0,0,0,0,0,0,0
kahva,0,0,0,0,0,0,0,0,0,0
takaosa,0,0,0,0,0,0,0,0,0,0
estää,0,0,0,0,0,1,0,1,0,0
esteenä,0,0,0,0,0,1,0,0,0,0
sarana,0,0,0,0,0,0,0,0,0,0
vihje,0,0,0,0,0,0,0,0,0,0
sisämaahan,0,0,0,0,0,0,0,0,0,0
lonkka,0,0,0,0,0,0,0,0,0,0
hippi,0,0,0,0,0,1,0,0,0,0
vuokraus,0,1,0,0,1,0,1,0,0,1
karvainen,0,0,0,0,0,0,0,0,0,0
viheltää,1,0,0,1,0,1,0,0,0,0
viheltää,0,0,0,0,0,1,0,0,0,0
histologia,0,0,0,0,0,0,0,0,0,0
historioitsija,0,0,0,0,0,0,0,0,0,0
historiallinen,0,0,0,0,0,0,0,0,0,0
historiografia,0,0,0,0,0,0,0,0,0,0
historia,0,0,0,0,0,0,0,0,0,0
osuma,1,0,0,0,0,1,0,0,0,0
tähän asti,0,0,0,0,0,1,0,0,0,0
pesä,0,0,0,0,0,1,0,0,0,0
hamstrata,0,0,0,0,0,0,0,0,0,0
käheä,0,0,0,0,0,1,0,0,0,0
hirveä,0,0,0,0,0,1,0,1,0,0
huijaus,1,0,1,0,0,1,0,1,1,0
liesi,0,0,0,0,0,0,0,0,0,0
harrastus,0,0,0,0,1,0,1,0,0,0
kulkuri,0,0,0,0,0,1,0,1,0,0
jääkiekko,0,0,0,0,0,0,0,0,0,0
kuokka,0,0,0,0,0,0,0,0,0,0
sika,0,0,1,0,0,1,0,0,0,0
nostin,0,0,0,0,0,0,0,0,0,0
pidä,0,0,0,0,0,0,0,0,0,0
pidin,0,0,0,0,0,0,0,0,0,0
pitämällä,0,0,0,0,0,0,0,0,0,0
reikä,0,0,0,0,0,0,0,0,0,0
loma-,0,1,0,0,1,0,1,0,0,0
pyhyyttä,0,1,0,1,1,0,1,0,1,1
ontto,0,0,0,0,0,1,0,1,0,0
holokausti,1,0,1,1,0,1,0,1,0,0
pyhä,0,0,0,0,0,0,1,0,0,0
kunnianosoitus,0,0,0,0,0,0,1,0,0,0
kodittomia,1,1,1,1,0,1,0,1,0,0
homeopaattinen,0,0,0,0,0,0,0,0,0,0
homeopatia,0,0,0,0,0,0,0,0,0,0
koti-ikävä,0,0,0,0,0,1,0,1,0,0
kotitila,0,0,0,0,0,0,0,0,0,0
kotitehtävät,0,0,0,1,0,0,0,0,0,0
tappava,1,0,0,1,0,1,0,0,0,0
murha,1,0,1,1,0,1,0,1,0,0
saarna,0,0,0,0,0,0,0,0,0,0
homogeenisuus,0,0,0,0,0,0,0,0,0,0
homogeeninen,0,0,0,0,0,0,0,0,0,0
homologinen,0,0,0,0,0,0,0,0,0,0
homologi,0,0,0,0,0,0,0,0,0,0
homologiaa,0,0,0,0,0,0,1,0,0,0
hioa,0,0,0,0,0,0,0,0,0,0
rehellinen,1,0,1,1,1,0,1,1,0,1
rehellisyys,0,0,0,0,0,0,1,0,0,1
hunaja,0,0,0,0,0,0,1,0,0,0
hunajakenno,0,0,0,0,0,0,0,0,0,0
häämatka,0,1,0,0,1,0,1,0,1,1
kuusama,0,0,0,0,0,0,0,0,0,0
kunnia,0,0,0,0,0,0,1,0,0,1
kunniallinen,0,0,0,0,0,0,1,0,0,1
palkkio,0,0,0,0,0,0,0,0,0,0
huppu,1,0,1,1,0,1,0,0,0,0
hupullinen,0,0,0,1,0,0,0,0,0,0
kavio,0,0,0,0,0,0,0,0,0,0
koukku,0,0,0,0,0,0,0,0,0,0
koukussa,0,0,0,0,0,1,0,0,0,0
huora,0,0,0,0,0,0,0,0,0,0
vanne,0,0,0,0,0,0,0,0,0,0
viheltää,1,0,1,0,0,1,0,0,0,0
hypätä,0,0,0,0,0,0,0,0,0,0
toivoa,0,1,0,0,1,0,1,0,1,1
toiveikas,0,1,0,0,1,0,1,0,1,1
toivoton,0,0,0,1,0,1,0,1,0,0
toivottomuutta,1,0,1,1,0,1,0,1,0,0
toivoo,0,0,0,0,0,0,0,0,0,0
toivoen,0,0,0,0,0,0,0,0,0,0
suppilo,0,0,0,0,0,0,0,0,0,0
lauma,0,0,0,0,0,1,0,0,1,0
horisontti,0,1,0,0,0,0,1,0,0,0
vaakasuoraan,0,0,0,0,0,0,0,0,0,0
vaakatasossa,0,0,0,0,0,0,0,0,0,0
sarvi,0,0,0,0,0,0,0,0,0,0
hornet,0,0,0,0,0,0,0,0,0,0
kiimainen,0,0,0,0,0,0,0,0,0,0
horoskooppi,0,1,0,0,0,0,0,0,0,0
kamalaa,1,0,1,1,0,1,0,0,0,0
kauheasti,0,0,0,0,0,1,0,0,0,0
hirveä,1,0,1,1,0,1,0,1,0,0
kauheaa,1,0,1,1,0,1,0,1,0,0
kauhistuneena,0,0,0,1,0,1,0,0,0,0
kauhistuttava,0,0,1,1,0,1,0,1,0,0
kauhu,1,0,1,1,0,1,0,1,1,0
kauhuja,0,0,0,1,0,1,0,1,0,0
hevonen,0,0,0,0,0,0,0,0,0,1
ratsastaja,0,0,0,0,0,0,0,0,0,0
hevosenkenkä,0,0,0,0,0,0,0,0,0,0
puutarhanhoito,0,0,0,0,0,0,0,0,0,0
puutarhanhoito,0,0,0,0,0,0,0,0,0,0
letku,0,0,0,0,0,0,0,0,0,0
sukat,0,0,0,0,0,0,0,0,0,0
saattohoito,0,0,0,0,0,0,0,1,0,0
sairaala,0,0,0,1,0,0,0,1,0,1
vieraanvaraisuus,0,0,0,0,0,0,1,0,0,0
panttivangiksi,1,0,0,1,0,1,0,0,0,0
hostelli,0,0,0,0,0,0,0,0,0,0
vihamielinen,1,0,1,1,0,1,0,0,0,0
vihollisuudet,1,0,0,1,0,1,0,0,0,0
vihamielisyys,1,0,1,0,0,1,0,0,0,0
kuuma,1,0,0,0,0,0,0,0,0,0
pesäpaikka,0,0,0,0,0,0,0,0,0,0
hotelli,0,0,0,0,0,0,0,0,0,0
tunnin,0,0,0,0,0,0,0,0,0,0
tiimalasi,0,0,0,0,0,0,0,0,0,0
tunnin välein,0,0,0,0,0,0,0,0,0,0
talo,0,0,0,0,0,0,0,0,0,0
kotitalous,0,0,0,0,0,0,1,0,0,0
talonmies,0,0,0,0,0,0,0,0,0,0
taloudenhoitaja,0,0,0,0,0,0,0,0,0,0
taloudenhoito,0,0,0,0,0,0,1,0,0,0
kotivaimo,0,0,0,0,0,0,0,0,0,0
asuminen,0,0,0,0,0,0,0,0,0,0
ilmatyynyalus,0,0,0,0,0,0,0,0,0,0
ulvoa,1,0,1,1,0,1,0,1,1,0
kuinka tahansa,0,0,0,0,0,0,0,0,0,0
hei,0,0,0,0,0,0,0,0,0,0
keskitin,0,0,0,0,0,0,0,0,0,0
värjötellä,0,0,0,0,0,0,0,0,0,0
värisävy,0,0,0,0,0,0,0,0,0,0
puuskahtaa,1,0,1,0,0,1,0,0,0,0
halata,0,0,0,0,1,0,1,0,0,1
valtava,0,0,0,0,0,0,0,0,0,0
hulk,0,0,1,0,0,0,0,0,0,0
runko,0,0,0,0,0,0,0,0,0,0
hyräillä,0,0,0,0,0,0,0,0,0,0
ihmisen,0,0,0,0,0,0,0,0,0,0
inhimillistä,0,0,0,0,0,0,1,0,0,0
humanitaarinen,0,1,0,0,1,0,1,0,1,1
humanistiset tieteet,0,0,0,0,0,0,0,0,0,0
ihmiskunta,0,0,0,0,1,0,1,0,0,1
nöyrä,0,0,1,0,0,1,1,1,0,0
nöyryytettynä,0,0,0,0,0,0,1,1,0,0
nöyrästi,0,0,0,0,0,0,1,0,0,0
humbug,1,0,1,0,0,1,0,1,0,0
kostea,0,0,0,0,0,0,0,0,0,0
kosteus,0,0,0,0,0,0,0,0,0,0
nöyryyttää,1,0,0,0,0,1,0,1,0,0
nöyryyttävä,0,0,1,0,0,1,0,0,0,0
nöyryytystä,0,0,1,0,0,1,0,1,0,0
nöyryys,0,0,0,0,0,0,1,0,0,1
hummeri,0,0,0,0,0,0,0,0,0,0
kolibri,0,0,0,0,0,0,0,0,0,0
humongous,0,0,0,0,0,0,0,0,0,0
humoristi,0,0,0,0,0,0,1,0,0,0
humoristinen,0,0,0,0,1,0,1,0,0,0
kyhmy,0,0,0,0,0,0,0,0,0,0
aavistus,0,0,0,0,0,1,0,0,0,0
sata,0,0,0,0,0,0,0,0,0,0
sadasosa,0,0,0,0,0,0,0,0,0,0
nälkä,0,0,0,0,0,0,0,0,0,0
nälkäinen,0,1,0,0,0,1,0,0,0,0
kimpale,0,0,0,0,0,0,0,0,0,0
kourat,0,0,0,0,0,0,0,0,0,0
metsästää,0,0,0,0,0,0,0,0,0,0
metsästäjä,0,1,0,1,0,1,0,1,0,0
metsästys,1,1,0,1,0,1,0,0,0,0
heittää,0,0,0,0,0,0,0,0,0,0
Hurraa,0,0,0,0,1,0,1,0,0,0
Hurrikaani,0,0,0,1,0,1,0,0,0,0
kiirehtii,0,1,0,0,0,1,0,0,0,0
kiire,0,1,0,0,0,0,0,0,0,0
satuttaa,1,0,0,1,0,1,0,1,0,0
loukkaavaa,1,0,1,1,0,1,0,1,0,0
satuttaa,1,0,0,1,0,1,0,1,0,0
karjanhoito,0,0,0,0,0,0,1,0,0,1
hiljaa,0,0,0,0,0,0,1,0,0,0
hiljaa,0,0,0,0,0,0,0,0,0,0
kuori,0,0,0,0,0,0,0,0,0,0
husky,0,0,0,0,0,0,0,0,0,0
touhu,0,0,0,0,0,0,0,0,0,0
hustler,0,0,0,0,0,1,0,0,0,0
kota,0,0,0,0,0,0,1,1,0,0
häkki,0,0,0,0,0,0,0,0,0,0
hyasintti,0,0,0,0,0,0,0,0,0,0
hybridi,0,0,0,0,0,0,0,0,0,0
hydra,0,0,0,1,0,1,0,0,0,0
hydrauliikka,0,0,0,0,0,0,0,0,0,0
vesipää,0,0,1,1,0,1,0,1,0,0
hydrodynamiikka,0,0,0,0,0,0,0,0,0,0
vety,0,0,0,0,0,0,0,0,0,0
hydrografinen,0,0,0,0,0,0,0,0,0,0
hydrologia,0,0,0,0,0,0,0,0,0,0
hygienia,0,0,0,0,0,0,0,0,0,0
hygieeninen,0,0,0,0,0,0,1,0,0,0
hymni,0,1,0,0,1,0,1,1,0,1
hype,0,1,0,0,0,1,0,0,0,0
hyperbolia,0,0,0,0,0,1,0,0,0,0
hypertrofia,0,0,1,1,0,0,0,0,1,0
tavuviiva,0,0,0,0,0,0,0,0,0,0
hypnoottinen,0,0,0,0,0,0,0,0,0,0
hypnotisoitu,0,0,0,0,0,0,0,0,0,0
tekopyhyyttä,0,0,0,0,0,1,0,0,0,0
tekopyhä,0,0,1,0,0,1,0,0,0,0
tekopyhä,0,0,1,0,0,1,0,0,0,0
hypoteesi,0,1,0,0,0,0,0,0,1,0
hypoteettinen,0,0,0,0,0,0,0,0,0,0
hysteria,0,0,0,1,0,1,0,0,0,0
hysteerinen,1,0,0,1,0,1,0,0,0,0
jäätä,0,0,0,0,0,0,0,0,0,0
jäävuori,0,0,0,0,0,0,0,0,0,0
kuvake,0,0,0,0,0,0,0,0,0,0
ikoninen,0,0,0,0,0,0,0,0,0,0
ikonografia,0,0,0,0,0,0,0,0,0,0
jäinen,0,0,0,0,0,0,0,0,0,0
idea,0,0,0,0,0,0,0,0,0,0
idealismi,0,0,0,0,0,0,1,0,0,0
idealisti,0,0,0,0,0,0,0,0,0,0
identtinen,0,0,0,0,0,0,0,0,0,0
identtisesti,0,0,0,0,0,0,0,0,0,0
henkilöllisyystodistus,0,0,0,0,0,0,0,0,0,0
tunnistaa,0,0,0,0,0,0,0,0,0,0
identiteetti,0,0,0,0,0,0,0,0,0,0
ideologia,0,0,0,0,0,0,0,0,0,0
typeryys,1,0,1,0,0,1,0,1,0,0
idioomi,0,0,0,0,0,0,0,0,0,0
idiomaattinen,0,0,0,0,0,0,0,0,0,0
idiootti,0,0,1,0,0,1,0,0,0,0
typerä,1,0,1,0,0,1,0,0,0,0
tyhjäkäynnillä,0,0,0,0,0,0,0,0,0,0
joutilaisuus,0,0,0,0,0,0,0,0,0,0
laiskuri,0,0,0,0,0,1,0,0,0,0
idoli,0,0,0,0,0,0,1,0,0,0
epäjumalanpalvelus,0,0,1,1,0,1,0,0,0,0
iglu,0,0,0,0,0,0,0,0,0,0
vulkaaninen,0,0,0,0,0,0,0,0,0,0
sytyttää,0,0,0,0,0,0,0,0,0,0
sytytys,0,0,0,0,0,0,0,0,0,0
tietämättömyys,0,0,0,0,0,1,0,0,0,0
tietämätön,0,0,1,0,0,1,0,0,0,0
jättää huomiotta,0,0,0,0,0,1,0,0,0,0
ilk,0,0,0,0,0,0,0,0,0,0
sairas,1,0,1,1,0,1,0,1,0,0
laitonta,1,0,1,1,0,1,0,1,0,0
laittomuus,1,0,1,1,0,1,0,0,0,0
laittomasti,0,0,0,0,0,0,0,0,0,0
lukukelvoton,0,0,0,0,0,1,0,0,0,0
laitonta,1,0,1,1,0,1,0,1,1,0
laitonta,1,0,1,1,0,1,0,0,0,0
lukutaidoton,0,0,1,0,0,1,0,0,0,0
sairaus,0,0,0,1,0,1,0,1,0,0
epäloogista,0,0,0,0,0,1,0,0,0,0
valaista,0,1,0,0,1,0,1,0,1,0
valaistus,0,0,0,0,1,0,1,0,1,1
valaisin,0,0,0,0,0,0,0,0,0,0
illuusio,0,0,0,0,0,1,0,0,1,0
havainnollistaa,0,0,0,0,0,0,1,0,0,0
kuva,0,0,0,0,0,0,0,0,0,0
havainnollistava,0,0,0,0,0,0,0,0,0,0
maineikas,0,0,0,0,0,0,1,0,0,0
kuva,0,0,0,0,0,0,0,0,0,0
kuvastoa,0,0,0,0,0,0,0,0,0,0
kuvitteellinen,0,0,0,0,0,0,0,0,0,0
mielikuvitus,0,0,0,0,0,0,0,0,0,0
mielikuvituksellinen,0,0,0,0,0,0,1,0,0,0
kuvitella,0,0,0,0,0,0,0,0,0,0
kuvitellut,0,0,0,0,0,0,0,0,0,0
kuvitella,0,0,0,0,0,0,0,0,0,0
imaami,0,0,0,0,0,0,0,0,0,0
upotettu,0,0,0,0,0,0,0,0,0,0
jäljitellä,0,0,0,0,0,0,0,0,0,0
jäljitelty,0,0,0,0,0,1,0,0,0,0
jäljitelmä,0,0,0,0,0,1,0,0,0,0
virheetön,0,0,0,0,1,0,1,0,0,1
aineettomia,0,0,0,0,0,0,0,0,0,0
kehittymätön,0,1,0,0,0,1,0,0,0,0
kypsymättömyyttä,1,1,0,0,0,1,0,0,0,0
mittaamaton,0,0,0,0,0,0,0,0,0,0
mittaamattomasti,0,0,0,0,0,0,0,0,0,0
välittömyys,0,0,0,0,0,0,0,0,1,0
heti,0,1,0,0,0,1,1,0,0,0
ikimuistoinen,0,0,0,0,0,0,0,0,0,0
valtava,0,0,0,0,0,0,1,0,0,0
upota,0,1,0,1,1,0,1,0,1,1
upotus,0,0,0,0,0,0,0,0,0,0
maahanmuuttaja,0,0,0,1,0,0,0,0,0,0
maahanmuutto,0,0,0,0,0,0,0,0,0,0
välitön,0,1,0,1,0,0,0,0,0,0
moraalitonta,1,0,1,1,0,1,0,1,0,0
moraalittomuus,1,0,1,0,0,1,0,0,0,0
kuolematon,0,0,0,0,0,0,1,0,0,0
kuolemattomuus,0,1,0,0,0,0,0,0,0,0
kiinteä,0,0,0,0,0,1,1,0,0,1
immuuni,0,0,0,0,0,0,0,0,0,0
immuniteetti,0,0,0,0,0,0,0,0,0,0
immunisointi,0,0,0,0,0,0,0,0,0,1
muuttumaton,0,0,0,0,0,0,0,0,0,0
imp,0,0,0,0,0,0,0,0,0,0
vaikutus,0,0,0,0,0,0,0,0,0,0
heikentää,0,0,0,0,0,1,0,0,0,0
heikkeneminen,0,0,0,0,0,1,0,0,0,0
antaa,0,0,0,0,0,0,1,0,0,1
puolueeton,0,0,0,0,0,0,1,0,0,1
puolueettomuus,0,0,0,0,0,0,1,0,0,1
läpipääsemätön,0,0,0,0,0,1,0,0,0,0
kiihkeä,0,0,0,0,0,0,0,0,0,0
kärsimättömyys,0,0,0,0,0,1,0,0,0,0
kärsimätön,0,1,0,0,0,1,0,0,0,0
syyttää virkavirheestä,0,0,1,1,0,1,0,0,0,0
virkasyyte,0,0,0,0,0,1,0,0,0,0
moitteeton,0,0,0,0,0,0,1,0,0,1
haitata,0,0,0,0,0,1,0,0,0,0
esteenä,0,0,0,0,0,0,0,0,0,0
pakotettu,0,0,0,0,0,0,0,0,0,0
lähestyvä,0,1,0,1,0,0,0,0,0,0
käsittämätön,0,0,0,0,0,0,0,0,0,1
välttämätöntä,0,0,0,0,0,0,0,0,0,0
huomaamaton,0,0,0,0,0,0,0,0,0,0
epätäydellisyys,0,0,0,0,0,1,0,0,0,0
epätäydellisesti,0,0,0,0,0,1,0,0,0,0
keisarillinen,0,0,0,0,0,0,0,0,0,0
läpäisemätön,1,0,0,1,0,0,0,0,0,0
kiellettyä,0,0,0,0,0,0,0,0,0,0
persoonaton,0,0,0,0,0,0,0,0,0,0
esiintyä,0,0,0,0,0,1,0,0,0,0
toisena henkilönä esiintyminen,0,0,0,0,0,1,0,0,0,0
läpäisemätön,0,0,0,0,0,0,1,0,0,0
sysäys,0,0,0,0,0,0,0,0,0,0
leppymätön,0,0,0,0,0,1,0,0,0,0
istuttaa,0,0,0,0,0,0,0,0,0,0
implantaatio,0,0,0,0,0,0,0,0,0,0
istutettu,0,0,0,0,0,0,0,0,0,0
toteuttaa,0,0,0,0,0,0,0,0,0,0
syyttää,1,0,0,0,0,1,0,0,0,0
sekaantunut,0,0,0,0,0,0,0,0,0,0
seuraamus,0,0,0,0,0,0,0,0,0,0
oletettu,0,0,0,0,0,0,0,0,0,0
rukoilla,0,0,0,0,0,0,0,0,0,0
räjähdys,0,0,0,0,0,0,0,0,0,0
tarkoittaa,0,0,0,0,0,0,0,0,0,0
epäkohtelias,0,0,1,0,0,1,0,0,0,0
tuonti,0,0,0,0,0,0,0,0,0,0
merkitys,0,1,0,0,0,0,1,0,0,0
tärkeä,0,0,0,0,0,0,1,0,0,1
tuonti,0,0,0,0,0,0,0,0,0,0
määrätä,0,0,0,0,0,0,0,0,0,0
vaikuttava,0,0,0,0,0,0,0,0,0,0
määrääminen,0,0,0,0,0,1,0,0,0,0
mahdottomuus,0,0,0,0,0,0,0,0,0,0
mahdotonta,0,0,0,0,0,1,0,1,0,0
impotenssi,1,0,0,1,0,1,0,1,0,0
impotentti,0,0,0,0,0,1,0,0,0,0
takavarikoida,0,0,0,0,0,1,0,0,0,0
mahdotonta,0,0,0,0,0,1,0,0,0,0
tehdä vaikutus,0,0,0,0,0,0,1,0,0,0
vaikutelma,0,0,0,0,0,0,1,0,0,0
vaikutuksellinen,0,0,0,0,0,0,0,0,0,1
painatus,0,0,0,0,0,0,0,0,0,0
vangita,0,0,0,0,0,1,0,0,0,0
vangittu,1,0,1,1,0,1,0,1,0,0
vankeutta,1,0,1,1,0,1,0,1,0,0
epätodennäköistä,0,0,0,0,0,0,0,0,0,0
improvisoitu,0,0,0,0,0,0,0,0,0,0
sopimattomuus,0,0,0,0,0,1,0,0,0,0
parantaa,0,1,0,0,1,0,1,0,0,1
parantunut,0,0,0,0,0,0,1,0,0,0
parannus,0,0,0,0,1,0,1,0,0,1
parantaa,0,0,0,0,0,0,1,0,0,0
improvisaatio,0,0,0,0,0,0,0,0,1,0
improvisoida,0,1,0,0,0,0,1,0,1,0
improvisoitua,0,0,0,0,0,0,0,0,0,0
harkitsematon,0,0,0,0,0,1,0,1,0,0
impulssi,0,0,0,0,0,0,0,0,0,0
rankaisemattomuutta,0,0,0,0,0,0,0,0,0,0
epäpuhdasta,0,0,1,0,0,1,0,0,0,0
epäpuhtaudet,0,0,1,0,0,1,0,0,0,0
imputointi,0,0,0,0,0,1,0,0,0,0
kyvyttömyys,0,0,0,0,0,1,0,1,0,0
saavuttamattomissa,0,0,0,0,0,1,0,0,0,0
epätarkka,0,0,0,0,0,1,0,0,0,0
toimimattomuus,0,0,0,0,0,1,0,0,0,0
deaktivoida,0,0,0,0,0,0,0,0,0,0
inaktivointi,0,0,0,0,0,0,0,0,0,0
epäaktiivinen,0,0,0,0,0,0,0,0,0,0
passiivisuus,0,0,0,0,0,1,0,0,0,0
riittämättömyys,0,0,0,0,0,1,0,0,0,0
epäpätevä,0,0,0,0,0,1,0,1,0,0
tutkimatta,1,0,1,0,0,1,0,0,0,0
vahingossa,0,0,0,0,0,0,0,0,0,0
vahingossa,0,0,0,0,0,0,0,0,0,0
luovuttamaton,0,0,0,0,0,0,1,0,0,0
typerä,0,0,0,0,0,1,0,0,0,0
eloton,0,0,0,0,0,0,0,0,0,0
soveltumaton,0,0,0,0,0,1,0,0,0,0
sopimatonta,1,0,1,0,0,1,0,1,0,0
tarkkaamattomuus,1,0,0,0,0,1,0,0,0,0
kuulumaton,0,0,0,0,0,1,0,0,0,0
avajaisia,0,1,0,0,0,0,0,0,0,0
vihkiä käyttöön,0,0,0,0,0,0,0,0,0,0
avajaisia,0,1,0,0,1,0,1,0,0,1
synnynnäinen,0,0,0,0,0,0,0,0,0,0
sisäsiittoinen,0,0,0,0,0,0,0,0,0,0
arvaamaton,0,0,0,0,0,1,0,0,0,0
hehkulamppu,0,0,0,0,0,0,0,0,0,0
kykenemätön,0,0,0,0,0,0,0,0,0,0
työkyvyttömyys,0,0,0,0,0,1,0,0,0,0
vangitseminen,1,0,1,1,0,1,0,1,0,0
varalta,1,0,1,1,0,1,0,1,0,0
sytyttävä,1,0,0,1,0,1,0,0,1,0
suitsukkeita,1,0,0,0,0,1,0,0,0,0
kannustin,0,0,0,0,0,0,0,0,0,0
alusta,0,0,0,0,0,0,0,0,0,0
lakkaamaton,0,0,0,0,0,1,0,0,0,0
lakkaamatta,0,0,0,0,0,0,0,0,0,0
insesti,1,0,1,1,0,1,0,1,0,0
insesti-,0,0,1,0,0,1,0,0,0,0
tuumaa,0,0,0,0,0,0,0,0,0,0
ilmaantuvuus,0,0,0,0,0,0,0,0,0,0
tapaus,0,0,0,0,0,0,0,0,1,0
muuten,0,0,0,0,0,0,0,0,0,0
polttaminen,0,0,0,0,0,1,0,0,0,0
alkava,0,0,0,0,0,0,0,0,0,0
viilto,0,0,0,0,0,0,0,0,0,0
terävä,0,0,0,0,0,0,1,0,0,0
yllyttää,1,1,0,1,0,1,0,0,0,0
yllyttäminen,0,0,0,0,0,0,0,0,0,0
kolea,0,0,0,0,0,1,0,0,0,0
kaltevuus,0,0,0,0,0,0,0,0,0,0
kaltevuus,0,0,0,0,0,0,0,0,0,1
taipuvainen,0,0,0,0,0,0,0,0,0,0
sisältää,0,0,0,0,0,0,1,0,0,0
mukana,0,0,0,0,0,0,1,0,0,0
mukaan lukien,0,0,0,0,0,0,1,0,0,0
sisällyttäminen,0,0,0,0,0,0,0,0,0,1
mukaan lukien,0,0,0,0,0,0,1,0,0,0
incognito-tilassa,0,0,0,0,0,0,0,0,0,0
sekava,0,0,0,0,0,1,0,0,0,0
tulo,0,1,0,0,1,1,1,1,0,1
saapuva,0,0,0,0,0,0,0,0,0,0
yhteensopimaton,1,0,1,0,0,1,0,1,0,0
epäpätevyyttä,0,0,0,0,0,1,0,0,0,0
epäpätevä,1,0,0,0,0,1,0,1,0,0
epätäydellisesti,0,0,0,0,0,0,0,0,0,0
epätäydellisyys,0,0,0,0,0,1,0,0,0,0
käsittämätöntä,0,0,0,0,0,1,0,0,0,0
epäselvä,0,0,0,0,0,0,0,0,0,0
epäjohdonmukainen,1,0,0,0,0,1,0,0,0,0
merkityksetöntä,0,0,0,0,0,1,0,1,0,0
ajattelematon,1,0,1,0,0,1,0,1,0,0
epäjohdonmukaisuus,0,0,0,0,0,1,0,0,0,0
huomaamaton,0,0,0,0,0,0,0,0,0,0
inkontinenssi,0,0,0,0,0,0,0,0,1,0
epämukavaa,1,0,1,0,0,1,0,1,0,0
sisällyttää,0,0,0,0,0,0,0,0,0,0
liittäminen,0,0,0,0,0,0,0,0,0,0
väärä,0,0,0,0,0,1,0,0,0,0
lisääntyä,0,0,0,0,0,0,1,0,0,0
lisääntynyt,0,0,0,0,0,0,0,0,0,0
epäuskoinen,1,0,1,0,0,1,0,0,0,0
lisäys,0,0,0,0,0,0,0,0,0,0
syytteet,0,0,0,1,0,1,0,1,0,0
inkubaatio,0,0,0,0,0,0,0,0,0,0
incubus,0,0,1,1,0,1,0,0,0,0
aiheutua,0,0,0,0,0,1,0,0,0,0
parantumaton,1,0,1,1,0,1,0,1,0,0
tunkeutuminen,0,0,0,1,0,1,0,0,0,0
velkaa,0,0,0,0,0,0,0,0,0,0
säädyttömyys,1,0,1,0,0,0,0,0,0,0
säädytöntä,0,0,1,0,0,1,0,0,0,0
päättämättömyys,0,0,0,0,0,1,0,0,0,0
päättämätön,0,0,0,0,0,1,0,0,0,0
puolustettava,0,0,0,1,0,1,0,0,0,0
lähtemätön,0,0,0,0,0,0,1,0,0,1
korvaus,0,0,0,0,0,0,0,0,0,0
korvata,0,0,0,0,0,1,0,0,0,0
korvaus,0,0,0,0,0,0,1,0,0,1
sisennys,0,0,0,0,0,0,0,0,0,1
sisennys,0,0,0,0,0,0,0,0,0,0
indenttuuri,1,0,0,0,0,1,0,0,0,0
itsenäisyys,0,1,0,0,1,0,1,0,1,1
riippumaton,0,0,0,0,0,0,0,0,0,0
sanoinkuvaamaton,0,0,0,0,0,0,0,0,0,0
tuhoutumaton,0,0,0,0,0,0,1,0,0,1
epämääräinen,0,0,0,0,0,1,0,0,0,0
indeksi,0,0,0,0,0,0,0,0,0,0
osoittaen,0,0,0,0,0,0,0,0,0,0
osoitus,0,0,0,0,0,0,0,0,0,0
suuntaa antava,0,0,0,0,0,0,0,0,0,0
indikaattori,0,0,0,0,0,0,0,0,0,0
indeksi,0,0,0,0,0,0,0,0,0,0
syyttää,1,0,0,1,0,1,0,0,0,0
syyte,0,0,0,1,0,1,0,0,0,0
välinpitämättömyys,1,0,1,1,0,1,0,1,0,0
alkuperäiskansat,0,0,0,0,0,0,0,0,0,0
vähävarainen,0,0,0,0,0,1,0,1,0,0
ruoansulatushäiriöt,0,0,0,0,0,0,0,0,0,0
tuohtunut,1,0,0,0,0,1,0,0,0,0
närkästystä,1,0,1,0,0,1,0,0,0,0
indigo,0,0,0,0,0,0,0,0,0,0
epäsuora,0,0,0,0,0,0,0,0,0,0
välttämätön,0,0,0,0,0,0,0,0,0,0
epäselvä,0,0,0,0,0,1,0,0,0,0
erottumaton,0,0,0,0,0,0,0,0,0,0
yksilöllisyys,0,0,0,0,0,0,1,0,0,0
jakamaton,0,0,0,0,0,0,0,0,0,1
indoktrinaatio,1,0,0,1,0,1,0,0,0,0
laiska,0,0,0,0,0,1,0,0,0,0
lannistumaton,0,0,0,1,0,0,1,0,0,0
sisätiloissa,0,0,0,0,0,0,0,0,0,0
indusoida,0,0,0,0,0,0,0,0,0,0
aiheutettu,0,0,0,0,0,0,0,0,0,0
kannustin,0,0,0,0,0,0,0,0,0,0
induktio,0,0,0,0,0,0,0,0,0,0
hemmotella,0,0,0,0,0,0,0,0,0,0
hemmottelua,0,0,0,0,0,0,0,0,0,0
hemmotteleva,0,0,0,0,0,0,0,0,0,0
ahkera,0,0,0,0,0,0,0,0,0,0
ala,0,0,0,0,0,0,0,0,0,0
sanomaton,0,0,0,0,0,0,1,0,0,0
tehoton,0,0,0,0,0,1,0,0,0,0
tehotonta,0,0,1,0,0,1,0,0,0,0
tehottomuutta,0,0,1,0,0,1,0,1,0,0
tehotonta,0,0,0,0,0,1,0,1,0,0
joustamaton,0,0,0,0,0,0,0,0,0,0
kelpaamattomia,0,0,0,0,0,0,0,0,0,0
kyvytön,1,0,1,0,0,1,0,0,0,0
taitamattomuus,0,0,1,1,0,1,0,1,0,0
eriarvoisuutta,1,0,0,1,0,1,0,1,0,0
epäoikeudenmukainen,0,0,0,0,0,1,0,0,0,0
inertti,0,0,0,0,0,1,0,0,0,0
inertia,0,0,0,0,0,0,0,0,0,0
väistämätön,0,0,0,0,0,0,0,0,0,0
epätarkka,0,0,0,0,0,0,0,0,0,0
anteeksiantamaton,1,0,1,0,0,1,0,1,0,0
ehtymätön,0,0,0,0,0,0,0,0,0,0
edullinen,0,0,0,0,0,0,1,0,0,0
kokemattomuus,0,0,0,0,0,1,0,0,0,0
kokematon,0,0,0,0,0,1,0,0,0,0
selittämätön,0,0,0,0,0,1,0,0,1,0
erehtymättömyys,0,0,0,0,0,0,0,0,0,1
erehtymätön,0,0,0,0,0,0,1,0,0,0
pahamaineinen,1,0,1,1,0,1,0,0,0,0
häpeällisyys,0,0,0,0,0,1,0,1,0,0
lapsenkengissä,0,0,0,0,0,0,0,0,0,0
vauva,0,1,0,1,1,0,1,0,1,0
lapsenmurha,1,1,1,1,0,1,0,1,0,0
infantiili,1,0,1,0,0,1,0,0,0,0
jalkaväki,0,0,0,0,0,0,0,0,0,0
infarkti,0,0,0,1,0,1,0,0,1,0
ihastus,0,0,0,0,0,0,0,0,0,0
mahdotonta,0,0,0,0,0,0,0,0,0,0
tartuttaa,0,0,1,0,0,1,0,0,0,0
infektio,0,0,0,1,0,1,0,0,0,0
tarttuva,0,0,1,1,0,1,0,1,0,0
päätellä,0,0,0,0,0,0,0,0,0,0
päättely,0,0,0,0,0,0,0,0,0,0
päättelevä,0,0,0,0,0,0,0,0,0,0
huonompi,0,0,0,0,0,1,0,1,0,0
alemmuus,0,0,0,0,0,1,0,0,0,0
helvetti,1,0,0,1,0,1,0,0,0,0
hedelmätön,0,0,0,0,0,0,0,0,0,0
hedelmättömyys,0,0,0,0,0,1,0,1,0,0
tartunta,0,0,1,1,0,1,0,0,0,0
uskoton,1,0,1,1,0,1,0,0,0,0
uskottomuus,1,0,1,1,0,1,0,1,0,0
soluttautuminen,0,0,0,0,0,1,1,0,0,0
ääretön,0,0,0,0,0,0,1,0,0,0
äärettömän,0,0,0,0,0,0,0,0,0,0
äärettömän pieni,0,0,0,0,0,0,0,0,0,0
ääretön,0,1,0,0,1,0,1,0,0,1
sairas,0,0,0,0,0,1,0,0,0,0
sairaala,0,0,0,0,0,0,0,0,0,0
heikkoutta,0,0,0,1,0,1,0,0,0,0
tulehdus,0,0,0,0,0,1,0,0,0,0
puhallettu,0,0,0,0,0,1,0,0,0,0
inflaatio,0,0,0,1,0,1,0,0,0,0
taivutus,0,0,0,0,0,0,0,0,0,0
aiheuttaa,1,0,0,1,0,1,0,1,0,0
aiheuttamista,0,0,0,1,0,1,0,1,0,0
kukinto,0,0,0,0,0,0,0,0,0,0
vaikutus,0,0,0,0,0,1,1,0,0,0
vaikutusvaltainen,0,0,0,0,0,0,1,0,0,1
influenssa,0,0,0,0,0,1,0,0,0,0
tulva,0,0,0,0,0,0,0,0,0,0
ilmoittaa,0,0,0,0,0,0,0,0,0,1
epävirallinen,0,0,0,0,0,0,0,0,0,0
ilmiantaja,0,0,0,0,0,0,0,0,0,0
tiedot,0,0,0,0,0,0,1,0,0,0
tiedotettu,0,0,0,0,0,0,0,0,0,0
tiedottaja,0,0,0,0,0,1,0,0,0,0
rikkomus,1,0,0,0,0,1,0,0,0,0
harvoin,0,0,0,0,0,0,0,0,1,0
harvoin,0,0,0,0,0,1,0,0,0,0
rikkominen,0,0,0,0,0,1,0,0,0,0
valaa,0,0,0,0,0,0,0,0,0,0
infusoitu,0,0,0,0,0,0,0,0,0,0
infuusio,0,0,0,0,0,0,0,0,0,0
nerokas,0,0,0,0,0,0,1,0,0,0
nerokkuus,0,0,0,0,0,0,0,0,0,0
nielemään,0,0,0,0,0,0,0,0,0,0
nieleminen,0,0,0,0,0,0,0,0,0,0
harkko,0,0,0,0,0,0,0,0,0,0
juurtunut,0,0,0,0,0,0,0,0,0,0
ainesosa,0,0,0,0,0,0,0,0,0,0
sisäänpääsy,0,0,0,0,0,0,0,0,0,0
asua,0,0,0,0,0,0,0,0,0,0
asukas,0,0,0,0,0,0,0,0,0,0
asuttu,0,0,0,0,0,0,0,0,0,0
asuttava,0,0,0,0,0,0,0,0,0,0
hengitettynä,0,0,0,0,0,0,0,0,0,0
vetää henkeä,0,0,0,0,0,0,0,0,0,0
luontainen,0,0,0,0,0,0,0,0,0,0
periä,0,0,0,0,0,0,0,0,0,0
perinnön,0,1,0,0,1,0,1,0,1,1
estää,1,0,1,0,0,1,0,1,0,0
esto,0,0,0,0,0,0,0,0,0,0
karu,0,0,0,0,0,1,0,1,0,0
epäinhimillistä,1,0,1,1,0,1,0,1,0,0
epäinhimillisyyttä,0,0,0,0,0,1,0,1,0,0
vihamielinen,1,0,0,0,0,1,0,1,0,0
jäljittelemätön,0,0,0,0,0,0,1,0,0,1
vääryys,0,0,1,0,0,1,0,0,0,0
alkukirjain,0,0,0,0,0,0,0,0,0,0
aloittaa,0,0,0,0,0,0,0,0,0,0
aloitettu,0,0,0,0,0,0,0,0,0,0
aloite,0,0,0,0,0,0,0,0,0,0
pistää,0,0,0,0,0,0,0,0,0,0
injektio,0,0,0,1,0,0,0,0,0,0
kielto,0,0,0,0,0,1,0,0,0,0
vahingoittaa,1,0,0,1,0,1,0,1,0,0
loukkaantunut,0,0,0,1,0,1,0,1,0,0
vahingollinen,1,0,0,1,0,1,0,1,0,0
vahinkoa,1,0,0,1,0,1,0,1,0,0
epäoikeudenmukaisuus,1,0,0,0,0,1,0,0,0,0
muste,0,0,0,0,0,0,0,0,0,0
aavistus,0,0,0,0,0,0,0,0,0,0
sisämaan,0,0,0,0,0,0,0,0,0,0
upotus,0,0,0,0,0,0,0,0,0,0
sisääntulo,0,0,0,0,0,0,0,0,0,0
vanki,0,0,1,1,0,1,0,0,0,0
majatalo,0,0,0,0,0,0,0,0,0,0
synnynnäinen,0,0,0,0,0,0,0,0,0,0
sisin,0,0,0,0,0,0,0,0,0,0
sisävuoro,0,0,0,0,0,0,0,0,0,0
majatalon pitäjä,0,0,0,0,0,0,0,0,0,0
viattomuus,0,0,0,0,0,0,1,0,0,0
viaton,0,0,0,0,0,0,1,0,0,1
viattomasti,0,0,0,0,0,0,1,0,0,0
harmittomia,0,0,0,0,0,0,1,0,0,0
innovoida,0,0,0,0,0,0,1,0,0,0
innovaatio,0,0,0,0,0,0,1,0,0,0
vihjailu,0,0,0,0,0,0,0,0,0,0
lukemattomia,0,0,0,0,0,0,0,0,0,0
rokotus,0,1,0,0,0,0,0,0,0,1
ei toimi,1,0,0,0,0,1,0,0,0,0
kohtuuton,0,0,0,0,0,0,0,0,0,0
epäorgaaninen,0,0,0,0,0,0,0,0,0,0
tutkimusta,0,0,0,0,0,0,0,0,0,0
tiedustella,0,0,0,0,0,0,0,0,0,0
tiedustelija,0,0,0,0,0,0,1,0,0,0
tiedustella,0,0,0,0,0,0,0,0,0,0
tiedustelu,0,1,0,0,0,0,1,0,0,0
utelias,0,0,0,0,0,0,1,0,0,0
hullu,1,0,0,1,0,1,0,0,0,0
hulluutta,1,0,1,1,0,1,0,1,0,0
kirjoitus,0,0,0,0,0,0,0,0,0,0
tutkimaton,0,0,0,0,0,0,0,0,0,0
hyönteinen,0,0,0,0,0,0,0,0,0,0
epävarma,1,0,0,1,0,1,0,1,0,0
epävarmuutta,0,0,0,1,0,1,0,0,0,0
erottamaton,0,0,0,0,1,0,1,0,0,1
lisää,0,0,0,0,0,0,0,0,0,0
lisätty,0,0,0,0,0,0,0,0,0,0
lisäys,0,0,0,0,0,0,0,0,0,0
sisällä,0,0,0,0,0,0,0,0,0,0
salakavala,1,0,1,1,0,1,0,0,0,0
näkemys,0,0,0,0,0,0,0,0,0,0
arvomerkki,0,0,0,0,0,0,1,0,0,0
merkityksettömyyttä,0,0,0,0,0,1,0,0,0,0
merkityksetön,1,0,0,0,0,1,0,1,0,0
mautonta,0,0,0,0,0,1,0,0,0,0
vaatia,0,0,0,0,0,0,0,0,0,0
röyhkeä,0,0,0,0,0,1,0,0,0,0
liukenematon,0,0,0,0,0,0,0,0,0,0
maksukyvyttömyys,0,0,0,1,0,1,0,1,1,0
maksukyvytön,0,0,0,1,0,1,0,1,0,1
tarkastaa,0,0,0,0,0,0,0,0,0,0
tarkastaja,0,0,0,0,0,0,1,0,0,0
inspiraatiota,0,1,0,0,1,0,1,0,0,0
innostaa,0,1,0,0,1,0,1,0,0,1
inspiroitunut,0,0,0,0,1,0,1,0,1,1
epävakautta,0,0,1,1,0,1,0,0,0,0
Asentaa,0,1,0,0,0,0,0,0,0,0
asennus,0,0,0,0,0,0,0,0,0,0
erä,0,0,0,0,0,0,0,0,0,0
ilmentymä,0,0,0,0,0,0,0,0,0,0
välitön,0,0,0,0,0,0,0,0,0,0
hetkellinen,0,0,0,0,0,0,0,0,0,0
välittömästi,0,0,0,0,0,0,0,0,0,0
yllyttää,0,0,0,0,0,1,0,0,0,0
yllytys,0,0,0,0,0,1,0,0,0,0
istuttaa,0,0,0,0,0,0,0,0,0,0
vaisto,0,0,0,0,0,0,0,0,0,0
vaistomainen,1,0,1,1,0,0,1,0,0,0
instituutti,0,0,0,0,0,0,0,0,0,1
instituutio,0,0,0,0,0,0,0,0,0,0
opastaa,0,0,0,0,0,0,1,0,0,1
opastettu,0,0,0,0,0,0,0,0,0,0
ohje,0,0,0,0,0,0,1,0,0,1
opettavainen,0,0,0,0,0,0,0,0,0,0
ohjeet,0,1,0,0,0,0,0,0,0,1
opettavainen,0,0,0,0,0,0,0,0,0,0
ohjaaja,0,1,0,0,0,0,1,0,0,1
väline,0,0,0,0,0,0,0,0,0,0
instrumentaalista,0,0,0,0,0,0,1,0,0,0
instrumentalisti,0,0,0,0,0,0,0,0,0,0
väline,0,0,0,0,0,0,0,0,0,0
riittämättömyyttä,1,0,0,0,0,1,0,0,0,0
riittämätön,0,0,0,0,0,1,0,0,0,0
riittämättömästi,0,0,0,0,0,1,0,0,0,0
saaristomainen,0,0,0,0,0,0,0,0,0,0
eristää,0,0,0,0,0,0,0,0,0,0
eristys,0,0,0,0,0,0,0,0,0,1
loukkaus,1,0,1,0,0,1,0,1,1,0
loukkaavaa,1,0,1,1,0,1,0,1,0,0
vakuutus,0,0,0,0,0,0,0,0,0,0
vakuuttaa,0,0,0,0,0,0,1,0,0,1
kapinallinen,0,0,0,0,0,1,0,0,0,0
ylitsepääsemätön,0,0,0,1,0,1,0,1,0,0
kapina,1,0,0,0,0,1,0,0,0,0
ehjänä,0,0,0,0,0,0,1,0,0,1
aineettomia,0,0,0,0,0,0,0,0,0,0
kokonaisluku,0,0,0,0,0,0,0,0,0,0
kiinteä,0,0,0,0,0,0,0,0,0,0
integroida,0,0,0,0,0,0,0,0,0,0
liittäminen,0,0,0,0,0,0,0,0,0,0
eheys,0,0,0,0,0,0,1,0,0,1
äly,0,0,0,0,0,0,1,0,0,0
älyllinen,0,0,0,0,0,0,1,0,0,0
älykkyyttä,0,0,0,1,1,0,1,0,0,1
älykäs,0,0,0,0,0,0,1,0,0,1
ymmärrettävyyttä,0,0,0,0,0,0,0,0,0,0
ymmärrettävää,0,0,0,0,0,0,0,0,0,0
aio,0,0,0,0,0,0,0,0,0,1
tarkoitettu,0,1,0,0,0,0,1,0,0,0
aikovat,0,0,0,0,0,0,0,0,0,0
intensiivistä,1,0,1,1,1,1,1,0,1,1
intensiivisesti,0,0,0,0,0,0,0,0,0,0
tehostaa,0,0,0,0,0,0,0,0,0,0
intensiteetti,0,0,0,0,0,0,0,0,0,0
tahallisuus,0,0,0,0,0,0,0,0,0,0
tarkoitus,0,0,0,0,0,0,0,0,0,0
tahallista,0,0,0,0,0,0,0,0,0,0
tarkoituksella,0,0,0,0,0,0,0,0,0,0
inter,0,0,0,0,0,1,0,1,0,0
vuorovaikutusta,0,0,0,0,0,0,0,0,0,0
esirukoilla,0,0,0,1,0,0,0,1,0,0
siepata,0,0,0,0,0,0,0,0,0,0
sieppaus,0,0,0,0,0,0,0,0,0,0
esirukous,0,0,0,0,0,0,0,0,0,1
vaihtaa,0,0,0,0,0,0,0,0,0,0
vaihdettavissa,0,0,0,0,0,0,0,0,0,0
vaihdettu,0,0,0,0,0,0,0,0,0,0
sisäpuhelin,0,0,0,0,0,0,0,0,0,0
yhdyntää,0,0,0,0,0,0,1,0,0,0
keskinäinen riippuvuus,0,0,0,0,0,0,0,0,0,0
toisistaan riippuvaisia,0,0,0,0,0,0,0,0,0,0
kielto,0,0,0,0,0,1,0,0,0,0
kiinnostuksen kohde,0,0,0,0,0,0,1,0,0,0
kiinnostunut,0,0,1,0,0,0,1,1,0,0
mielenkiintoista,0,0,0,0,0,0,1,0,0,0
häiriötä,0,0,0,0,0,1,0,0,0,0
interferometri,0,0,0,0,0,0,0,0,0,0
väliaikainen,0,1,0,0,0,0,0,0,0,0
sisätilat,0,0,1,0,0,0,1,0,0,1
väliintulo,0,0,0,0,0,0,1,0,0,0
välisoitto,0,0,0,0,0,0,1,0,0,0
välittäjä,0,0,0,0,0,0,0,0,0,0
keskitason,0,0,0,0,0,0,0,0,0,0
hautaus,0,0,0,0,0,1,0,1,0,0
loputon,1,1,0,0,0,1,1,0,0,0
väliaika,0,1,0,0,0,0,0,0,0,0
ajoittainen,0,0,0,0,0,0,0,0,0,0
harjoittelija,0,0,0,0,0,0,0,0,0,0
sisäinen,0,0,0,0,0,0,0,0,0,0
sisäisesti,0,0,0,0,0,0,0,0,0,0
kansainvälinen,0,0,0,0,0,0,0,0,0,0
interpoloida,0,0,0,0,0,0,0,0,0,0
interpolointi,0,0,0,0,0,0,0,0,0,0
tulkita,0,0,0,0,0,0,0,0,0,0
tulkinta,0,0,0,0,0,0,0,0,0,0
tulkki,0,0,0,0,0,0,0,0,0,0
liittyvät toisiinsa,0,0,0,0,0,0,0,0,0,0
kuulustella,0,0,0,1,0,0,0,0,0,0
kuulustelu,0,0,0,1,0,0,0,0,0,0
keskeyttää,1,0,0,0,0,1,0,0,1,0
keskeytettiin,0,0,0,0,0,1,0,1,0,0
keskeytys,0,0,0,0,0,0,0,0,0,0
leikkaavat,0,0,0,0,0,0,0,0,0,0
Risteys,0,0,0,0,0,0,0,0,0,0
välilehti,0,0,0,0,0,0,0,0,0,0
intervalli,0,0,0,0,0,0,0,0,0,0
väliintuloa,0,0,0,0,0,0,0,0,0,0
väliintuloa,0,0,0,0,0,1,1,1,0,0
haastatella,0,0,0,0,0,0,0,0,0,0
haastattelija,0,0,0,1,0,0,0,0,0,0
yhteistoimintaa,0,0,0,0,0,0,0,0,0,0
laiton,0,0,0,0,0,1,0,0,0,0
suoliston,0,0,1,0,0,0,0,0,0,0
suolisto,0,0,0,0,0,0,0,0,0,0
suolet,0,0,0,0,0,0,0,0,0,0
läheisyyttä,0,0,0,0,0,0,0,0,0,0
intiimi,0,1,0,0,1,0,1,0,0,1
läheisesti,0,1,0,1,1,0,0,0,0,0
vihje,0,0,0,0,0,0,0,0,0,0
pelotella,0,0,0,1,0,1,0,0,0,0
uhkailu,1,0,0,1,0,1,0,0,0,0
sietämätöntä,1,0,0,0,0,1,0,0,0,0
suvaitsemattomuutta,1,0,1,1,0,1,0,0,0,0
suvaitsematon,1,0,1,1,0,1,0,1,0,0
intonaatio,0,0,0,0,0,0,1,0,0,0
päihtynyt,0,0,1,0,0,1,0,0,0,0
päihtymys,0,0,0,0,0,0,0,0,0,0
hankala,1,0,0,0,0,1,0,0,0,0
intramuraalinen,0,0,0,0,0,0,0,0,0,0
peloton,0,0,0,0,0,0,1,0,0,0
monimutkainen,0,0,0,0,0,0,0,0,0,0
juonittelu,0,1,0,1,0,1,0,0,1,0
kiehtova,0,0,0,0,0,0,0,0,0,0
luontainen,0,0,0,0,0,0,0,0,0,0
luonnostaan,0,0,0,0,0,0,0,0,0,0
esittely,0,0,0,0,0,0,0,0,0,0
johdannossa,0,0,0,0,0,0,0,0,0,0
itsetutkiskelu,0,0,0,0,0,0,0,0,0,0
introspektiivinen,0,0,0,0,0,0,0,0,0,0
tunkeilija,1,0,0,1,0,1,0,0,1,0
tunkeutuminen,0,0,0,1,0,1,0,0,0,0
tunkeileva,1,0,1,1,0,1,0,0,1,0
intuitio,0,0,0,0,0,0,1,0,0,1
intuitiivinen,0,0,0,0,0,0,1,0,0,0
intuitiivisesti,0,1,0,0,0,0,0,0,0,0
tulva,0,0,0,0,0,0,0,0,0,0
hyökätä,1,0,0,1,0,1,0,1,1,0
hyökkääjä,1,0,0,1,0,1,0,1,0,0
virheellinen,0,0,0,0,0,0,0,1,0,0
mitätöidä,0,0,0,0,0,1,0,0,0,0
mitätöinti,0,0,0,0,0,1,0,0,0,0
invaliditeetti,0,0,0,0,0,1,0,0,0,0
korvaamaton,0,0,0,0,0,0,0,0,0,0
poikkeuksetta,0,0,0,0,0,0,1,0,0,0
maahantunkeutuminen,1,0,0,0,0,1,0,0,0,0
keksiä,0,0,0,0,0,0,0,0,0,0
keksintö,0,0,0,0,0,0,0,0,0,0
kekseliäs,0,0,0,0,0,0,1,0,0,0
keksijä,0,0,0,0,0,0,1,0,0,0
inventaario,0,0,0,0,0,0,0,0,0,0
käänteinen,0,0,0,0,0,0,0,0,0,0
käänteisesti,0,0,0,0,0,0,0,0,0,0
inversio,0,0,0,0,0,0,0,0,0,0
kääntää,0,0,0,0,0,0,0,0,0,0
ylösalaisin,0,0,0,0,0,0,0,0,0,0
tutkia,0,0,0,0,0,0,1,0,0,0
tutkinta,0,1,0,0,0,0,0,0,0,0
tutkija,0,0,0,0,0,0,0,0,0,0
sijoittaja,0,0,0,0,0,0,0,0,0,0
virkistää,0,0,0,0,0,0,1,0,0,0
voittamaton,0,0,0,0,0,0,0,0,0,0
näkymättömyys,0,0,0,0,0,0,0,0,0,0
näkymätön,0,0,0,0,0,0,0,0,0,0
kutsu,0,1,0,0,0,0,1,0,0,0
kutsua,0,1,0,0,1,0,1,0,1,1
kutsuva,0,1,0,0,1,0,1,0,1,1
kutsuminen,0,1,0,0,0,0,0,0,0,1
lasku,0,0,0,0,0,0,0,0,0,0
vedota,0,1,0,0,0,0,0,0,0,0
tahatonta,0,0,0,0,0,1,0,0,0,0
involuutio,1,0,0,0,0,1,0,0,0,0
osallistuminen,1,0,0,0,0,0,0,0,0,0
sisäänpäin,0,0,0,0,0,0,0,0,0,0
iota,0,0,0,0,0,0,0,0,0,0
raivostunut,1,0,0,0,0,1,0,0,0,0
vihainen,1,0,0,0,0,1,0,0,0,0
värikkäitä,0,0,0,0,0,0,0,0,0,0
iiris,0,0,0,1,0,0,0,0,0,0
rauta-,0,0,0,0,0,0,1,0,0,1
ironista,0,0,0,0,0,0,0,0,0,0
silitysraudat,0,0,0,0,0,1,0,0,0,0
ironia,0,0,0,0,0,0,0,0,0,0
säteilytys,0,0,0,0,0,0,0,0,0,0
irrationaalinen,0,0,1,1,0,1,0,0,0,0
irrationaalisuus,0,0,0,0,0,1,0,0,0,0
sovittamaton,1,0,0,1,0,1,0,1,0,0
vähentymätön,0,0,0,0,0,0,1,0,0,0
kiistämätön,0,0,0,0,0,0,1,0,0,1
epäsäännöllinen,0,0,0,0,0,1,0,0,0,0
epäsäännöllisyys,0,0,0,0,0,1,0,0,0,0
epäsäännöllisesti,0,0,0,0,0,0,0,0,0,0
merkityksetöntä,0,0,0,0,0,1,0,0,0,0
korjaamaton,0,0,0,1,0,1,0,1,0,0
lannistumaton,0,0,0,0,0,0,0,0,0,0
vastustamaton,0,0,0,0,0,0,0,0,0,0
riippumatta,0,0,0,0,0,0,0,0,0,0
vastuuton,0,0,0,0,0,1,0,0,0,0
epäkunnioittava,0,0,0,0,0,1,0,0,0,0
peruuttamaton,0,0,0,0,0,0,0,0,0,0
peruuttamaton,0,0,0,0,0,1,0,0,0,0
kastella,0,0,0,0,0,0,0,0,0,0
kastelu,0,0,0,0,0,0,0,0,0,0
ärtyneisyys,1,0,0,0,0,1,0,0,0,0
ärtyisä,1,0,0,0,0,1,0,0,0,0
ärsyttävä,1,0,1,0,0,1,0,0,0,0
ärsytys,1,0,1,0,0,1,0,1,0,0
saari,0,0,0,0,0,0,0,0,0,0
saari,0,0,0,0,0,0,0,0,0,0
saareke,0,0,0,0,0,0,0,0,0,0
eristää,0,0,0,0,0,0,0,1,0,0
eristetty,0,0,0,1,0,1,0,1,0,0
eristäytyminen,0,0,0,0,0,1,0,1,0,0
isomorfismi,0,0,0,0,0,0,0,0,0,0
isoterminen,0,0,0,0,0,0,0,0,0,0
ongelma,0,0,0,0,0,0,0,0,0,0
kutittaa,0,0,0,0,0,0,0,0,0,0
kutina,0,0,0,0,0,0,0,0,0,0
kohde,0,0,0,0,0,0,0,0,0,0
eritellä,0,0,0,0,0,0,0,0,0,0
kohteita,0,0,0,0,0,0,0,0,0,0
toistaa,0,0,0,0,0,0,0,0,0,0
iterointi,0,0,0,0,0,0,0,0,0,0
iteratiivinen,0,0,0,0,0,0,0,0,0,0
kiertävä,0,0,0,0,0,0,0,0,0,0
matkasuunnitelma,0,0,0,0,0,0,0,0,0,0
norsunluu,0,0,0,0,0,0,0,0,0,0
tökätä,1,0,0,0,0,0,0,0,0,0
pöyhkeä,0,0,0,0,0,1,0,0,0,0
Jack,0,0,0,0,0,0,0,0,0,0
jätkä,0,0,0,0,0,0,0,0,0,0
jättipotti,0,1,0,0,1,0,1,0,1,0
tunkit,0,0,0,0,0,0,0,0,0,0
jade,0,0,0,0,0,0,0,0,0,0
jag,0,0,0,0,0,0,0,0,0,0
rosoinen,0,0,0,0,0,0,0,0,0,0
jaguaari,0,0,0,0,0,0,0,0,0,0
vankilaan,0,0,0,1,0,1,0,1,0,0
hillo,0,0,0,0,0,0,1,0,0,0
juuttunut,0,0,0,0,0,0,0,0,0,0
talonmies,0,0,1,0,0,0,0,0,0,0
Japani,0,0,0,0,0,0,0,0,0,0
purkki,0,0,0,0,0,0,0,0,0,0
ammattikieltä,0,0,0,0,0,1,0,0,0,0
vihlova,0,0,0,1,0,1,0,1,0,0
jaspis,0,0,0,0,0,0,0,0,0,0
keltaisuus,0,0,0,1,0,1,0,0,0,0
huviretki,0,0,0,0,0,0,0,0,0,0
keihäs,0,0,0,0,0,0,0,0,0,0
leuka,0,0,0,0,0,0,0,0,0,0
leuat,0,0,0,1,0,0,0,0,0,0
jay,0,0,0,0,0,0,0,0,0,0
mustasukkainen,1,0,1,0,0,1,0,0,0,0
kateutta,1,0,1,1,0,1,0,1,0,0
farkut,0,0,0,0,0,0,0,0,0,0
jeeppi,0,0,0,0,0,0,0,0,0,0
hyytelö,0,0,0,0,0,0,0,0,0,0
jenny,0,0,0,0,0,0,0,0,0,0
vaarantaa,1,0,0,1,0,1,0,0,0,0
vaarassa,0,1,0,1,0,1,0,0,0,0
ääliö,1,0,0,0,0,0,0,0,1,0
paita,0,0,0,0,0,0,0,0,0,0
vitsi,0,0,0,0,1,0,1,0,1,0
narri,0,0,0,0,0,0,0,0,0,0
suihkukone,0,0,0,0,0,0,0,0,0,0
laituri,0,0,0,0,0,0,0,0,0,0
helmi,0,0,0,0,0,0,0,0,0,0
jalokivikauppias,0,0,0,0,0,0,0,0,0,0
korut,0,0,0,0,0,0,0,0,0,0
puomi,0,0,0,0,0,0,0,0,0,0
hetken,0,0,0,0,0,0,0,0,0,0
jimmy,0,0,0,0,0,0,0,0,0,0
jingle,0,0,0,0,0,0,0,0,0,0
Job,0,0,0,0,0,0,1,0,0,0
jokki,0,0,0,0,0,0,0,0,0,0
kuski,0,0,0,0,0,0,0,0,0,0
lenkkeillä,0,0,0,0,0,0,0,0,0,0
John,0,0,1,0,0,1,0,0,0,0
liittyä seuraan,0,0,0,0,0,0,1,0,0,0
liittyi,0,0,0,0,0,0,1,0,0,0
liittyminen,0,0,0,0,0,0,0,0,0,0
liitos,0,0,0,0,0,0,0,0,0,0
yhdessä,0,0,0,0,0,0,0,0,0,0
vitsi,0,0,0,0,0,1,0,0,0,0
jokeri,0,0,0,0,1,0,1,0,1,0
vitsailen,0,0,0,0,0,0,1,0,0,0
täristää,0,0,0,0,0,0,0,0,1,0
jornada,0,0,0,0,0,1,0,0,0,0
jot,0,0,0,0,0,0,0,0,0,0
päiväkirja,0,0,0,0,0,0,0,0,0,0
journalismi,0,0,0,0,0,0,0,0,0,1
toimittaja,0,0,0,0,0,0,1,0,0,0
matka,0,1,0,1,1,0,1,0,0,0
kisälli,0,0,0,0,0,0,0,0,0,1
lupsakka,0,0,0,0,1,0,1,0,0,0
ilo,0,0,0,0,1,0,1,0,0,0
iloinen,0,0,0,0,1,0,1,0,0,1
iloinen,0,0,0,0,1,0,1,0,0,0
riemukas,0,0,0,0,1,0,1,0,1,1
juhlapäivä,0,0,0,0,1,0,1,0,1,0
tuomari,0,0,0,0,0,0,0,0,0,0
tuomitsemalla,0,0,0,0,0,0,0,0,0,0
tuomio,0,0,0,0,0,0,0,0,1,0
oikeudellinen,0,1,0,0,0,0,1,0,0,1
oikeuslaitos,0,1,0,0,0,0,0,0,0,1
järkevää,0,0,0,0,0,0,1,0,0,1
kannu,0,0,0,0,0,0,0,0,0,0
pallotella,0,0,0,0,0,0,0,0,0,0
jongleerausta,0,0,0,0,0,0,0,0,0,0
mehu,0,0,0,0,0,0,0,0,0,0
mehukas,0,0,0,0,0,0,0,0,0,0
sekamelska,0,0,0,0,0,1,0,0,0,0
sekaisin,0,0,0,0,0,0,0,0,0,0
jumbo,0,0,0,0,0,0,0,0,0,0
hypätä,0,0,0,0,1,0,1,0,0,0
risteys,0,0,0,0,0,0,0,0,0,0
risteyksessä,0,0,0,0,0,0,0,0,0,0
viidakko,0,0,0,1,0,0,0,0,0,0
juniori,0,0,0,0,0,0,0,0,0,0
roskaa,0,0,0,0,0,1,0,0,0,0
juntta,0,0,0,0,0,1,0,0,0,0
juridinen,0,0,0,0,0,0,0,0,0,0
toimivalta,0,0,0,0,0,0,0,0,0,0
oikeuskäytäntö,0,0,0,0,0,0,0,1,0,0
juristi,0,0,0,0,0,0,0,0,0,1
tuomaristo,0,0,0,0,0,0,0,0,0,1
oikeudenmukaisuutta,0,0,0,0,0,0,1,0,0,1
perusteltua,0,0,0,0,0,0,1,0,0,1
perustelut,0,0,0,0,0,0,1,0,0,0
perustella,0,0,0,0,0,0,0,0,0,0
juutti,0,0,0,0,0,0,0,0,0,0
nuorten-,0,0,0,0,0,1,0,0,0,0
rinnakkain,0,0,0,0,0,0,0,0,0,0
kaiser,0,0,0,0,0,0,0,0,0,0
kaleidoskooppi,0,0,0,0,0,0,0,0,0,0
kenguru,0,0,0,0,0,0,0,0,0,0
kanji,0,0,0,0,0,0,0,0,0,0
karma,0,0,0,0,0,0,0,0,0,0
kajakki,0,0,0,0,0,0,0,0,0,0
köli,0,0,0,0,0,0,0,0,0,0
maalivahti,0,0,0,0,0,0,0,0,0,0
pitäminen,0,0,0,0,0,0,0,0,0,0
muistoesine,0,0,0,0,0,0,1,0,0,0
tynnyri,0,0,0,0,0,0,0,0,0,0
ken,0,0,0,0,0,0,1,0,0,0
kennel,0,0,0,0,0,0,0,1,0,0
kern,0,0,0,0,0,1,0,0,0,0
ydin,0,0,0,0,0,0,0,0,0,0
kerosiini,0,0,0,1,0,0,0,0,0,0
kattila,0,0,0,0,0,0,0,0,0,0
avain,0,0,0,0,0,0,0,0,0,0
avaimenreikä,0,0,0,0,0,0,0,0,0,0
pääpuheenvuoro,0,0,0,0,0,0,1,0,0,0
Keystone,0,0,0,0,0,0,1,0,0,0
khaki,0,0,0,0,0,0,0,0,0,0
khan,0,0,0,1,0,0,0,0,0,1
potkia,1,0,0,0,0,1,0,0,0,0
potkiminen,1,0,0,0,0,0,0,0,0,0
lapsi,0,0,0,0,0,0,0,0,0,0
vitsi,0,0,0,0,0,0,0,0,0,0
siepata,1,0,0,1,0,1,0,1,1,0
tappaa,0,0,0,1,0,1,0,1,0,0
tappaminen,1,0,0,1,0,1,0,1,0,0
uuni,0,0,0,0,0,0,0,0,0,0
kilogramma,0,0,0,0,0,0,0,0,0,0
kilometri,0,0,0,0,0,0,0,0,0,0
kiltti,0,0,0,0,0,0,0,0,0,0
kimono,0,0,0,0,0,0,0,0,0,0
sukulaiset,0,0,0,0,0,0,0,0,0,0
kiltti,0,0,0,0,1,0,1,0,0,1
päiväkoti,0,0,0,0,0,0,0,0,0,0
ystävällisyys,0,0,0,0,0,0,1,0,0,0
sukulaisia,0,1,0,0,1,0,1,0,0,1
kinematiikka,0,0,0,0,0,0,0,0,0,0
kuningas,0,0,0,0,0,0,1,0,0,0
kuningaskunta,0,0,0,0,0,0,0,0,0,0
mutka,0,0,0,0,0,0,0,0,0,0
perverssi,0,0,0,0,0,0,0,0,0,0
kioski,0,0,0,0,0,0,0,0,0,0
kirk,0,0,0,0,0,0,0,0,0,0
suudella,0,1,0,0,1,0,1,0,1,0
pakki,0,0,0,0,0,0,0,0,0,0
keittiö,0,0,0,0,0,0,0,0,0,0
leija,0,0,1,0,0,1,0,0,0,0
kissanpentu,0,0,0,0,1,0,1,0,0,1
taito,0,0,0,0,0,0,1,0,0,0
selkäreppu,0,0,0,0,0,0,0,0,0,0
vaivata,0,0,0,0,0,0,0,0,0,0
polvi,0,0,0,0,0,0,0,0,0,0
polvistua,0,0,0,0,0,0,0,0,0,0
polvillaan,0,0,0,0,0,0,0,0,0,0
kuolinkellot,0,0,0,1,0,1,0,1,0,0
alushousut,0,0,0,0,0,0,0,0,0,1
veitsi,0,0,0,0,0,0,0,0,0,0
ritari,0,0,0,0,0,0,1,0,0,0
neuloa,0,0,0,0,0,0,0,0,0,0
nuppi,0,0,0,0,0,0,0,0,0,0
koputtaa,0,0,0,0,0,0,0,0,0,0
Knoll,0,0,0,0,0,0,0,0,0,0
solmu,0,0,0,0,0,0,0,0,0,0
solmittu,0,0,0,0,0,1,0,0,0,0
tietäen,0,0,0,0,0,0,1,0,0,0
tietoisesti,0,0,0,0,0,0,0,0,0,0
tietoa,0,0,0,0,0,0,1,0,0,0
rystys,0,0,0,0,0,0,0,0,0,0
kos,0,0,0,0,0,0,0,0,0,0
kris,0,0,0,0,0,0,0,0,0,0
maine,0,0,0,0,1,0,1,0,0,0
lab,0,0,0,0,0,0,0,0,0,0
etiketti,0,0,0,0,0,0,0,0,0,1
työvoimaa,0,1,0,0,1,0,1,0,1,1
laboratorio,0,0,0,0,0,0,0,0,0,0
vaivalloinen,0,0,0,0,0,1,0,1,0,0
työmies,0,0,0,0,0,0,0,0,0,0
työllistää,0,0,0,0,0,0,0,0,0,0
työläs,0,0,0,0,0,1,0,0,0,0
labyrintti,0,1,0,0,0,1,0,0,0,0
lac,0,0,0,0,0,0,0,0,0,0
pitsi,1,0,0,1,0,1,1,1,0,1
puute,0,0,0,0,0,1,0,0,0,0
puuttuu,0,0,0,0,0,1,0,0,0,0
lattea,0,0,0,0,0,1,0,0,0,0
lakka,0,0,0,0,0,0,0,0,0,0
lacrosse,0,0,0,0,0,0,0,0,0,0
poika,0,0,0,0,0,0,0,0,0,0
tikapuut,0,0,0,0,0,0,0,0,0,0
lastattu,0,0,0,0,0,1,0,0,0,0
lastaus,0,0,0,0,0,0,0,0,0,0
kauha,0,0,0,0,0,0,0,0,0,0
nainen,0,0,0,0,0,0,0,0,0,0
viive,0,0,0,0,0,1,0,0,0,0
jäljessä,1,1,1,0,0,1,0,1,0,0
laguuni,0,0,0,0,0,0,0,0,0,0
pesä,0,0,0,0,0,1,0,0,0,0
maallikot,0,0,0,0,0,0,0,0,0,0
järvi,0,0,0,0,0,0,0,0,0,0
lama,0,0,0,0,0,0,0,0,0,0
lammas,0,0,0,0,1,0,1,0,0,1
valittaa,0,0,1,1,0,1,0,1,0,0
valittaa,0,0,0,0,0,0,0,1,0,0
lamina,0,0,0,0,0,0,0,0,0,0
laminoitu,0,0,0,0,0,0,0,0,0,0
lamppu,0,0,0,0,0,0,0,0,0,0
lansetti,0,0,0,0,0,0,0,0,0,0
lancer,0,0,0,0,0,0,0,0,0,0
maa,0,0,0,0,0,0,1,0,0,0
laskeutui,0,0,0,0,0,0,1,0,0,0
lasku,0,0,0,0,0,0,0,0,0,0
sisämaaton,0,0,0,0,0,0,0,0,0,0
vuokranantaja,0,0,0,0,0,0,0,0,0,0
maamerkki,0,0,0,0,0,0,0,0,0,1
maita,0,0,0,0,0,0,0,0,0,0
maisema,0,0,0,0,0,0,0,0,0,0
maisemointi,0,0,0,0,0,0,0,0,0,0
maanvyörymä,0,0,0,1,0,1,0,1,0,0
kaista,0,0,0,0,0,0,0,0,0,0
Kieli,0,0,0,0,0,0,0,0,0,0
raukea,0,0,0,0,0,1,0,0,0,0
vaipua,0,0,0,0,0,1,0,0,0,0
kuihtuu,0,0,0,1,0,1,0,1,0,0
hontelo,0,0,0,0,0,0,0,0,0,0
lyhty,0,0,0,0,0,0,0,0,0,0
syli,0,0,0,0,0,0,0,0,0,0
käänne,0,0,0,0,0,0,0,0,0,0
raueta,0,0,0,0,0,1,0,0,0,0
rauennut,0,0,0,0,0,0,0,0,0,0
varkaus,0,0,1,0,0,1,0,0,0,0
laardi,0,0,0,0,0,0,0,0,0,0
ruokakaappi,0,0,0,0,0,0,0,0,0,0
suuri,0,0,0,0,0,0,0,0,0,0
suurempi,0,0,1,0,0,0,0,0,1,1
Largo,0,0,0,0,0,0,0,0,0,0
larkki,0,0,0,0,0,0,0,0,0,0
toukka,0,0,0,0,0,0,0,0,0,0
kurkunpää,0,0,0,0,0,0,0,0,0,0
laser,0,0,0,0,0,0,1,0,0,1
ripset,1,0,0,1,0,1,0,0,0,0
neiti,0,0,0,0,0,0,0,0,0,0
lasso,0,0,0,0,0,0,0,0,0,0
kestävä,0,0,0,0,0,0,0,0,0,0
salpa,0,0,0,0,0,0,0,0,0,0
myöhään,0,0,0,0,0,1,0,1,0,0
myöhästyminen,0,0,0,0,0,1,0,0,0,0
piilevä,1,1,1,0,0,1,0,0,1,0
lateraalinen,0,0,0,0,0,0,0,0,0,0
sivuttain,0,0,0,0,0,0,0,0,0,0
lateksi,0,0,0,0,0,0,0,0,0,0
sorvi,0,0,0,0,0,0,0,0,0,0
vaahdota,0,0,0,0,0,0,0,0,0,0
leveysaste,0,0,0,0,0,0,0,0,0,0
käymälät,0,0,1,0,0,1,0,0,0,0
ristikko,0,0,0,0,0,0,0,0,0,0
kiitettävää,0,0,0,0,0,0,1,0,0,0
nauraa,0,0,0,0,1,0,1,0,1,0
naurettava,0,0,1,0,0,1,0,0,0,0
nauraen,0,0,0,0,1,0,1,0,0,0
nauru,0,1,0,0,1,0,1,0,1,0
tuoda markkinoille,0,1,0,0,0,0,1,0,0,0
pesula,0,0,0,0,0,0,0,0,0,0
voittaja,0,0,0,0,0,0,1,0,0,1
laakerit,0,0,0,0,0,0,1,0,0,0
laakerit,0,0,0,0,1,0,1,0,0,0
laava,1,0,0,1,0,1,0,0,0,0
huuhtelu,0,0,0,0,0,0,0,0,0,0
wc,0,0,1,0,0,0,0,0,0,0
laventeli,0,0,0,0,0,0,0,0,0,0
runsas,0,0,0,0,0,0,1,0,0,0
laki,0,0,0,0,0,0,0,0,0,1
laillista,0,0,0,0,0,0,1,0,0,1
laittomuutta,1,0,0,1,0,1,0,0,0,0
nurmikko,0,0,0,0,0,0,0,0,0,0
oikeusjuttu,1,0,1,1,0,1,0,1,1,0
lakimies,1,0,1,1,0,1,0,0,0,0
löysä,0,0,0,0,0,1,0,1,0,0
laksatiivinen,0,0,1,1,0,1,0,0,0,0
antaa,0,0,0,0,0,0,0,0,0,0
kerros,0,0,0,0,0,0,0,0,0,0
kerroksittain,0,0,0,0,0,0,0,0,0,0
maallikko,0,0,0,0,0,0,0,0,0,0
laiska,0,0,0,0,0,1,0,0,0,0
lea,0,0,0,0,0,0,0,0,0,0
johtaa,0,0,0,0,0,0,1,0,0,0
johtaja,0,0,0,0,0,0,1,0,0,1
johtava,0,0,0,0,0,0,0,0,0,1
johtaa,0,0,0,0,0,0,0,0,0,0
puun lehti,0,0,0,0,0,0,0,0,0,0
esite,0,0,0,0,0,0,0,0,0,0
lehtinen,0,0,0,0,0,0,0,0,0,0
liigassa,0,0,0,0,0,0,1,0,0,0
vuotaa,0,0,0,0,0,1,0,0,0,0
vuoto,0,0,0,0,0,1,0,0,0,0
vuotava,0,0,0,0,0,1,0,0,0,0
nojata,0,0,0,0,0,0,0,0,0,0
nojasi,0,0,0,0,0,0,0,0,0,0
kalteva,0,0,0,0,0,0,0,0,0,1
harppaus,0,0,0,0,0,0,0,0,0,0
oppia,0,0,0,0,0,0,1,0,0,0
oppinut,0,0,0,0,0,0,0,0,0,0
oppija,0,0,0,0,0,0,0,0,0,0
oppimista,0,0,0,0,0,0,1,0,0,0
vuokrata,0,0,0,0,0,0,0,0,0,0
talutushihna,0,0,0,0,0,0,0,0,0,0
nahka-,0,0,0,0,0,0,0,0,0,0
nahkea,0,0,0,0,0,0,0,0,0,0
lähteä,0,0,0,0,0,1,0,1,1,0
luento,0,0,0,0,0,0,0,0,0,0
lehtori,0,0,0,0,0,0,1,0,0,0
kieleke,0,0,0,0,0,0,0,0,0,0
pääkirja,0,0,0,0,0,0,0,0,0,0
lee,0,0,0,0,0,0,0,0,0,0
iilimato,0,0,0,0,0,1,0,0,0,0
iilimatoja,0,0,1,1,0,1,0,0,0,0
leer,0,0,1,0,0,1,0,0,0,0
varovainen,0,0,0,0,0,0,0,0,1,0
sakat,0,0,0,0,0,0,0,0,0,0
liikkumavaraa,0,0,0,0,0,0,1,0,0,0
vasemmalle,0,0,0,0,0,0,0,0,0,0
jalka,0,0,0,0,0,0,0,0,0,0
perintöä,0,0,0,0,0,0,0,0,0,0
laillinen,0,0,0,0,0,0,1,0,0,1
laillisuus,0,0,0,0,0,0,0,0,0,0
laillistaa,0,0,0,0,0,0,0,0,0,0
laillistettu,1,0,0,1,1,0,1,0,0,1
oikeudellisesti,0,0,0,0,0,0,0,0,0,0
legenda,0,0,0,0,0,0,0,0,0,0
legendaarinen,0,0,0,0,0,0,1,0,0,0
luettavuus,0,0,0,0,0,0,1,0,0,0
luettavissa,0,0,0,0,0,0,1,0,0,0
legioona,0,0,0,0,0,0,0,0,0,0
lainsäädäntöä,0,0,0,0,0,0,0,0,0,0
lainsäädäntöä,0,0,0,0,0,0,0,0,0,0
lainsäädäntöä,0,0,0,0,0,0,0,0,0,0
lainsäätäjä,0,0,0,0,0,0,0,0,0,1
lainsäätäjä,0,0,0,0,0,0,0,0,0,1
legitiimiys,0,0,0,0,0,0,0,0,0,1
jalat,0,0,0,0,0,0,0,0,0,0
palkokasvi,0,0,0,0,0,0,0,0,0,0
vapaa-,0,1,0,0,1,0,1,0,1,1
rauhassa,0,0,0,0,0,0,1,0,0,0
lemma,0,0,0,0,0,0,1,0,0,0
sitruuna,0,0,1,0,0,1,0,0,0,0
lainata,0,0,0,0,0,0,0,0,0,0
lainanantaja,0,0,0,0,0,0,0,0,0,1
lainaaminen,0,0,0,0,0,0,0,0,0,0
pituus,0,0,0,0,0,0,0,0,0,0
pidentää,0,0,0,0,0,0,0,0,0,0
pidennetty,0,0,0,0,0,0,0,0,0,0
pidentäminen,0,0,0,0,0,0,0,0,0,0
pituussuunnassa,0,0,0,0,0,0,0,0,0,0
pitkähkö,0,0,0,0,0,0,0,0,0,0
lievyyttä,0,0,0,0,0,0,0,0,0,0
lempeä,0,0,0,0,0,0,1,0,0,0
linssi,0,0,0,0,0,0,0,0,0,0
leopardi,0,0,0,0,0,0,0,0,0,0
lepra,0,0,1,1,0,1,0,1,0,0
vuokralainen,0,0,0,0,0,0,0,0,0,0
vähentyä,0,1,0,0,0,1,0,0,0,0
vähentäminen,0,0,0,0,0,0,0,0,0,0
vähemmän,0,0,1,0,0,1,0,0,0,0
oppitunti,0,1,0,0,0,0,1,0,0,1
vuokranantaja,0,0,0,0,0,0,0,0,0,0
tappava,0,0,1,1,0,1,0,1,0,0
unelias,0,0,0,0,0,0,0,0,0,0
letargia,0,0,0,0,0,1,0,1,0,0
kirje,0,1,0,0,0,0,0,0,0,0
kirjaimin,0,1,0,0,0,0,1,0,0,1
kirjaimet,0,0,0,0,0,0,0,0,0,0
lehtisalaatti,0,0,0,0,0,0,0,0,0,0
leukemia,1,0,0,1,0,1,0,1,0,0
aamuvastaanotto,0,0,0,0,0,0,0,0,0,1
taso,0,0,0,0,0,0,1,0,0,1
vipu,0,0,0,0,0,0,0,0,0,0
vipuvaikutusta,0,0,0,0,0,0,1,0,0,0
maksu,0,0,0,0,0,1,0,0,0,0
rivo,0,0,1,0,0,1,0,0,0,0
sanakirja,0,0,0,0,0,0,0,0,0,0
ley,0,0,0,0,0,0,0,0,0,0
velat,0,0,0,0,0,0,0,0,0,0
vastuuta,0,0,0,0,0,0,0,0,0,0
yhteyshenkilö,0,0,0,0,0,1,0,0,0,0
valehtelija,0,0,1,0,0,1,0,0,0,0
kunnianloukkaus,1,0,0,1,0,1,0,0,0,1
herjaavaa,0,0,0,0,0,0,0,0,0,0
liberaali,0,0,0,0,0,1,1,0,0,0
liberalismi,0,0,0,0,0,0,0,0,0,0
vapauttaa,1,1,0,0,1,0,1,0,1,1
vapautuminen,0,1,0,0,1,0,1,0,1,0
vapautta,0,1,0,0,1,0,1,0,1,1
libido,0,0,0,0,0,0,0,0,0,0
kirjastonhoitaja,0,0,0,0,0,0,0,0,0,0
kirjasto,0,0,0,0,0,0,1,0,0,0
libretto,0,0,0,0,0,0,0,0,0,0
lisenssi,0,0,0,0,0,0,0,0,0,0
jäkälä,0,0,0,0,0,0,0,0,0,0
nuolla,0,0,1,0,0,1,0,0,0,0
kansi,0,0,0,0,0,0,0,0,0,0
valehdella,1,0,1,0,0,1,0,1,0,0
liege,0,0,0,0,0,0,0,0,0,0
panttioikeus,0,0,0,0,0,0,0,0,0,0
lieu,0,0,0,0,0,0,0,0,0,0
luutnantti,0,0,0,0,0,0,0,0,0,1
elämää,0,0,0,0,0,0,0,0,0,0
elinehto,0,0,0,0,0,0,1,0,0,0
pelastusvene,0,0,0,0,0,0,0,0,0,0
eloton,0,0,0,1,0,1,0,1,0,0
eläväinen,0,0,0,0,0,0,0,0,0,0
elinikäinen,0,0,0,0,0,0,0,0,0,0
elinikä,0,0,0,0,0,0,0,0,0,0
hissi,0,0,0,0,0,0,0,0,0,0
nivelside,0,0,0,0,0,0,0,0,0,0
ligaatio,0,0,0,0,0,0,0,0,0,0
valoa,0,0,0,0,0,0,0,0,0,0
keventää,0,0,0,0,0,0,0,0,0,0
majakka,0,0,0,0,0,0,1,0,0,0
keveys,0,0,0,0,0,0,0,0,0,0
salama,1,0,0,1,0,0,0,0,1,0
todennäköisyys,0,0,0,0,0,0,0,0,0,0
samankaltaisuutta,0,0,0,0,0,0,0,0,0,0
samoin,0,0,0,0,0,0,0,0,0,0
tykkääminen,0,0,0,0,1,0,1,0,0,1
liila,0,0,0,0,0,0,0,0,0,0
lilja,0,0,0,0,0,0,0,0,0,0
raaja,0,0,0,0,0,0,0,0,0,0
limbo,0,0,0,0,0,0,0,0,0,0
raja,0,0,0,0,0,0,0,0,0,0
rajoitus,0,0,0,0,0,0,0,0,0,0
rajoitettu,1,0,0,0,0,1,0,1,0,0
rajaton,0,0,0,0,0,0,0,0,0,0
limusiini,0,0,0,0,0,0,0,0,0,0
ontua,0,0,0,0,0,1,0,0,0,0
lin,0,0,0,0,0,0,0,0,0,0
linja,0,0,0,0,0,0,0,0,0,0
sukujuurta,0,0,0,0,0,0,0,0,0,0
lineaarinen,0,0,0,0,0,0,0,0,0,0
lineaarinen,0,0,0,0,0,0,0,0,0,0
vuorattu,0,0,0,0,0,0,0,0,0,0
liinavaatteet,0,0,0,0,0,0,0,0,0,0
vuoraus,0,0,0,0,0,0,0,0,0,0
rivit,0,0,0,1,0,0,0,0,0,0
viipyä,0,1,0,0,0,0,0,0,0,0
mongerrus,0,0,0,0,0,0,0,0,0,0
kielellinen,0,0,0,0,0,0,0,0,0,0
kielitieteilijä,0,0,0,0,0,0,1,0,0,1
kielellinen,0,0,0,0,0,0,0,0,0,0
kielitiede,0,0,0,0,0,0,0,0,0,0
vuori,0,0,0,0,0,0,0,0,0,0
linkki,0,0,0,0,0,0,0,0,0,0
linoleumi,0,0,0,0,0,0,0,0,0,0
nukka,0,0,0,0,0,1,0,0,0,0
leijona,0,0,0,1,0,0,1,0,0,0
huuli,0,0,0,0,0,0,0,0,0,0
huulipuna,0,0,0,0,0,0,0,0,0,0
nesteytyminen,0,0,0,0,0,0,0,0,0,0
nesteytetty,0,0,0,0,0,0,0,0,0,0
likööri,0,0,0,0,0,0,0,0,0,0
nestettä,0,0,0,0,0,0,0,0,0,0
likvidoida,0,0,0,0,0,0,0,0,0,0
selvitystilaan,0,0,0,0,0,0,0,0,0,0
selvitysmies,0,0,0,0,0,0,0,0,0,0
likviditeettiä,0,0,0,0,0,0,0,0,0,0
viinaa,1,0,0,0,1,1,0,1,0,0
lisp,0,0,0,0,0,0,0,0,0,0
lista,0,0,0,0,0,0,0,0,0,0
kuunnella,0,0,0,0,0,0,0,0,0,0
kuuntelija,0,0,0,0,0,0,0,0,0,0
listalle,0,0,0,0,0,0,0,0,0,0
välinpitämätön,0,0,0,0,0,1,0,1,0,0
litania,0,0,0,0,0,0,0,0,0,0
kirjaimellisesti,0,0,0,0,0,0,0,0,0,0
kirjallisuuden-,0,0,0,0,0,0,0,0,0,0
kirjallisuus,0,0,0,0,0,0,0,0,0,0
notkea,0,0,0,0,0,0,1,0,0,0
litografia,0,0,0,0,0,0,0,0,0,0
litografia,0,0,0,0,0,0,0,0,0,0
litologia,0,0,0,0,0,0,0,0,0,0
litosfääri,0,0,0,0,0,0,0,0,0,0
asianosainen,0,0,0,0,0,1,0,0,0,0
riitauttaa,1,1,1,1,0,1,0,1,0,0
oikeudenkäynti,0,0,0,0,0,1,0,0,0,0
riita-asioita,1,0,1,0,0,1,0,0,0,0
pentue,0,0,0,0,0,1,0,0,0,0
rannikko,0,0,0,0,0,0,0,0,0,0
liturgia,0,0,0,0,0,0,0,0,0,0
toimeentulo,0,0,0,0,0,0,0,0,0,0
väritys,0,0,0,0,0,0,0,0,0,0
raivoissaan,1,0,1,0,0,1,0,0,0,0
elävät,0,0,0,0,0,0,0,0,0,0
laama,0,0,0,0,0,0,0,0,0,0
ladata,0,0,0,0,0,0,0,0,0,0
leipä,0,0,0,0,0,1,0,0,0,0
tyhjäntoimittaja,0,0,0,0,0,1,0,0,0,0
savea,0,0,0,0,0,0,0,0,0,0
lainata,0,0,0,0,0,0,0,0,0,0
haluton,1,0,0,0,0,1,0,0,0,0
vihata,1,0,1,0,0,1,0,0,0,0
inho,0,0,1,0,0,1,0,0,0,0
inhottava,1,0,1,0,0,1,0,0,0,0
aula,0,0,0,0,0,0,0,0,0,0
lobbaaja,0,0,0,0,0,1,0,0,0,0
lohko,0,0,0,0,0,0,0,0,0,0
paikallinen,0,0,0,0,0,0,0,0,0,0
alue,0,0,0,0,0,0,0,0,0,0
sijainti,0,0,0,0,0,0,0,0,0,0
lokalisointi,0,0,0,0,0,0,0,0,0,0
paikallistaa,0,1,0,0,0,0,0,0,0,0
paikantaa,0,0,0,0,0,0,0,0,0,0
sijainti,0,0,0,0,0,0,0,0,0,0
järvi,0,0,0,0,0,0,0,0,0,0
Lukko,0,0,0,0,0,0,0,0,0,0
kaappi,0,0,0,0,0,0,0,0,0,0
lukkoseppä,0,0,0,0,0,0,0,0,0,0
lukita,0,0,0,1,0,1,0,1,0,0
liikkuminen,0,0,0,0,0,0,0,0,0,0
veturi,0,0,0,0,0,0,0,0,0,0
heinäsirkka,0,0,0,1,0,1,0,0,0,0
majapaikka,0,0,0,0,0,0,0,0,0,0
vuokralainen,0,0,0,0,0,0,0,0,0,0
majapaikka,0,0,0,0,0,0,0,0,0,1
parvi,0,0,0,0,0,0,0,0,0,0
ylevä,0,0,0,0,0,1,0,0,0,0
Hirsi,0,0,0,0,0,0,0,0,0,0
logaritmi,0,0,0,0,0,0,0,0,0,0
logaritminen,0,0,0,0,0,0,0,0,0,0
logiikka,0,0,0,0,0,0,0,0,0,0
looginen,0,0,0,0,0,0,1,0,0,0
logistiikka,0,0,0,0,0,0,0,0,0,0
logotyyppi,0,0,0,0,0,0,0,0,0,0
lanne,0,0,0,0,0,0,0,0,0,0
tikkari,0,0,0,0,0,0,0,0,0,0
yksinäinen,0,0,0,0,0,0,0,1,0,0
yksinäisyys,0,0,0,1,0,1,0,1,0,0
yksinäinen,1,0,1,1,0,1,0,1,0,0
yksinäinen,0,0,0,0,0,1,0,1,0,0
pitkä,0,1,0,0,0,0,0,0,0,0
pitkäikäisyys,0,0,0,0,0,0,1,0,0,0
kaipuu,0,1,0,0,0,0,0,1,0,0
pituusaste,0,0,0,0,0,0,0,0,0,0
pituussuuntainen,0,0,0,0,0,0,0,0,0,0
pituussuunnassa,0,0,0,0,0,0,0,0,0,0
vessa,0,0,1,0,0,1,0,0,0,0
Varo,0,0,0,0,0,0,0,0,0,0
kangaspuut,0,1,0,1,0,1,0,0,0,0
hämärässä,0,0,0,0,0,0,0,0,0,0
kuikkalinnu,0,0,1,0,0,1,0,0,0,0
hölmö,0,0,0,0,0,1,0,0,0,0
silmukka,0,0,0,0,0,0,0,0,0,0
porsaanreikä,0,0,0,0,0,0,0,0,0,0
löysää,0,0,0,0,0,0,0,0,0,0
löystymistä,0,0,0,0,0,0,0,0,0,0
ryöstää,0,0,0,0,0,1,0,0,0,0
lop,0,0,0,0,0,0,0,0,0,0
vino,0,0,0,0,0,0,0,0,0,0
herra,0,0,1,0,0,1,1,0,0,1
herrat,0,0,0,0,0,0,0,0,0,0
herrakunta,0,0,0,0,0,0,1,0,0,0
lore,0,0,0,0,0,0,0,0,0,0
rekka,0,0,0,0,0,0,0,0,0,0
menettää,1,0,1,1,0,1,0,1,1,0
häviämässä,1,0,0,0,0,1,0,1,0,0
tappio,1,0,0,1,0,1,0,1,0,0
menetetty,0,0,0,0,0,1,0,1,0,0
paljon,0,0,0,0,0,0,0,0,0,0
kosteusemulsio,0,0,0,0,0,0,0,0,0,0
paljon,0,0,0,0,0,0,0,0,0,0
arpajaiset,0,1,0,0,0,0,0,0,0,0
lotto,0,0,0,0,0,0,0,0,0,0
kovaääninen,0,0,0,0,0,0,0,0,0,0
äänekkäästi,0,0,0,0,0,0,0,0,0,0
äänekkyys,1,0,0,0,0,1,0,0,0,0
lounge,0,0,0,0,0,1,0,0,0,0
täi,0,0,1,0,0,1,0,0,0,0
rakastettava,0,0,0,0,1,0,1,0,0,1
rakkaus,0,0,0,0,1,0,1,0,0,0
ihana,0,1,0,0,1,0,1,1,1,1
rakastelu,0,0,0,0,1,0,1,0,0,1
rakastaja,0,1,0,0,1,0,1,0,0,1
rakastava,0,0,0,0,1,0,1,0,0,1
alempi,0,0,0,0,0,1,0,1,0,0
laskeminen,0,0,0,0,0,1,0,0,0,0
alhaisin,0,0,0,0,0,1,0,1,0,0
alamailla,0,0,0,0,0,1,0,0,0,0
nöyrä,0,0,0,0,0,1,0,1,0,0
uskollinen,0,0,0,1,1,0,1,0,1,1
uskollisuus,0,0,0,0,0,0,1,0,0,1
voitele,0,0,0,0,0,0,0,0,0,0
voitelu,0,0,0,0,0,0,0,0,0,0
onnea,0,1,0,0,1,0,1,0,1,0
onnekas,0,0,0,0,1,0,1,0,1,0
naurettava,0,0,0,0,0,1,0,0,0,0
raahata,0,0,0,0,0,0,0,0,0,0
matkatavarat,0,0,0,0,0,0,0,0,0,0
tuudittaa,0,1,0,0,0,0,0,0,0,0
kehtolaulu,0,0,0,0,0,0,0,0,0,0
lanne-,0,0,0,0,0,0,0,0,0,0
puutavaraa,0,0,0,0,0,0,0,0,0,0
puunkorjuu,0,0,0,0,0,1,0,0,0,0
luminesoiva,0,0,0,0,0,0,0,0,0,0
valoisa,0,0,0,0,0,0,0,0,0,0
pala,0,0,0,0,0,1,0,0,0,0
möykkyinen,0,0,1,0,0,1,0,0,0,0
hulluutta,1,0,1,1,0,1,0,1,0,0
kuun-,0,0,0,0,0,0,0,0,0,0
hullu,1,0,1,1,0,1,0,0,0,0
lounas,0,0,0,0,0,0,0,0,0,0
lounas,0,0,0,0,0,0,0,0,0,0
syöksy,0,0,0,0,0,0,0,0,1,0
keuhkoihin,0,0,0,0,0,0,0,0,0,0
hämätä,0,0,0,0,0,1,0,0,0,0
houkutella,0,0,0,0,0,1,0,0,0,0
karmea,0,0,1,0,0,1,0,0,0,0
väijyä,0,0,0,0,0,1,0,0,0,0
väijyvä,0,0,0,0,0,1,0,0,0,0
mehevä,0,1,0,0,1,0,1,0,0,0
rehevä,0,0,1,0,0,1,0,1,0,0
himo,0,1,0,0,0,1,0,0,0,0
kiilto,0,0,0,0,1,0,1,0,0,0
himokas,0,0,0,0,0,1,0,0,0,0
kiiltävä,0,0,0,0,0,0,1,0,0,0
reipas,0,0,1,0,0,0,0,0,0,0
luuttu,0,0,0,0,0,0,0,0,0,0
rehevä,0,0,0,0,0,0,1,0,0,0
ylellinen,0,0,0,0,1,0,1,0,0,0
ylellisyyttä,0,0,0,0,1,0,1,0,0,0
valehtelee,1,0,1,0,0,1,0,0,0,0
imusolmukkeet,0,0,0,0,0,0,0,0,0,0
lymfaattinen,0,0,0,0,0,0,0,0,0,0
lynkkailla,1,0,1,1,0,1,0,1,0,0
ilves,0,0,0,0,0,0,0,0,0,0
lyyra,0,0,0,0,1,0,1,0,0,0
lyriikkaa,0,0,0,0,0,0,0,0,0,0
lyyrinen,0,0,0,0,1,0,1,0,0,0
nuija,0,0,0,1,0,1,0,0,0,0
kone,0,0,0,0,0,0,0,0,0,1
koneisto,0,0,0,0,0,0,0,0,0,0
koneistaja,0,0,0,0,0,0,0,0,0,0
makrilli,0,0,0,0,0,0,0,0,0,0
hullu,1,0,1,1,0,1,0,1,0,0
rouva,0,0,0,0,0,0,0,0,0,0
rouva,0,0,0,0,0,0,0,0,0,0
vihainen,1,0,0,1,0,1,0,0,0,0
hullu,1,0,0,1,0,1,0,0,0,0
hulluus,1,0,0,1,0,1,0,0,0,0
mafia,0,0,0,1,0,1,0,0,0,0
#NAME?,0,0,0,0,0,0,0,0,0,0
velho,0,0,0,1,0,0,0,0,0,0
magenta,0,0,0,0,0,0,0,0,0,0
toukka,0,0,1,0,0,1,0,0,0,0
taika-,0,0,0,0,0,0,0,0,0,0
maaginen,0,1,0,0,1,0,1,0,1,0
taikuri,0,0,0,0,0,0,0,0,1,0
henkikirjoittaja,0,0,0,0,0,0,0,0,0,0
magma,0,0,0,0,0,0,0,0,0,0
porho,0,0,0,0,0,0,0,0,0,0
magneetti,0,0,0,0,0,0,1,0,0,1
magnetismi,0,0,0,0,0,0,1,0,0,0
magnetiitti,0,0,0,0,0,0,1,0,0,0
komeus,0,1,0,0,1,0,1,0,0,1
upea,0,1,0,0,1,0,1,0,1,1
suurennuslasi,0,0,0,0,0,0,0,0,0,0
suurentaa,0,0,0,0,0,0,0,0,0,0
suuruus,0,0,0,0,0,0,0,0,0,0
harakka,0,0,0,0,0,0,0,0,0,0
piika,0,0,0,0,0,0,0,0,0,0
neito,0,0,0,0,0,0,1,0,0,0
postia,0,1,0,0,0,0,0,0,0,0
pää,0,0,0,0,0,0,1,0,0,0
mantereelle,0,0,0,0,0,0,0,0,0,0
tukipilari,0,0,0,0,0,0,1,0,0,1
huolto,0,0,0,0,0,0,0,0,0,1
majesteettinen,0,1,0,0,1,0,1,0,1,1
majesteetti,0,0,0,0,0,0,1,0,0,1
suuri,0,0,0,0,0,0,1,0,0,0
suurin osa,0,0,0,0,1,0,1,0,0,1
tehdä,0,0,0,0,0,0,0,0,0,0
luoja,0,0,0,0,0,0,0,0,0,0
hätävara-,0,0,0,0,0,1,0,0,0,0
meikki,0,0,0,0,0,0,0,0,0,0
sairaus,0,0,0,0,0,1,0,0,0,0
huonovointisuus,0,0,0,0,0,1,0,1,0,0
malaria,0,0,1,1,0,1,0,1,0,0
pahantahtoinen,1,0,1,1,0,1,0,1,0,0
väärinkäytöksiä,0,0,1,0,0,1,0,0,0,0
epämuodostuma,0,0,0,0,0,1,0,0,0,0
pahuus,1,0,0,1,0,1,0,0,0,0
ilkeä,1,0,1,1,0,1,0,1,0,0
parjata,1,0,1,0,0,1,0,0,0,0
pahanlaatuisuus,0,0,0,1,0,1,0,1,0,0
pahanlaatuinen,1,0,0,1,0,1,0,0,0,0
ostoskeskus,0,0,0,0,0,0,0,0,0,0
muokattava,0,0,0,0,0,0,0,0,0,0
nuija,0,0,0,0,0,0,0,0,0,0
väärinkäytöstä,1,0,0,0,0,1,0,0,0,0
äiti,0,0,0,0,0,0,0,0,0,1
nisäkäs,0,0,0,0,0,0,0,0,0,0
mammutti,0,0,0,0,0,0,0,0,0,0
hallita,0,0,0,0,0,0,1,0,0,1
hallinta,0,0,0,0,0,0,1,0,0,1
johtaja,0,0,0,0,0,0,0,0,0,0
mandamus,0,0,0,1,0,1,0,0,0,0
mandariini,0,0,0,0,0,0,1,0,0,1
mandaatti,0,0,0,0,0,0,0,0,0,0
alaleuka,0,0,0,0,0,0,0,0,0,0
mandoliini,0,0,0,0,0,0,0,0,0,0
kara,0,0,0,0,0,0,0,0,0,0
harja,0,0,0,0,0,0,0,0,0,0
liikkumavaraa,0,0,0,0,0,0,0,0,0,0
ohjailu,0,0,0,0,0,0,0,0,0,0
mange,0,0,1,1,0,1,0,0,0,0
seimi,0,0,0,0,0,0,0,0,0,0
mankeli,1,0,1,1,0,1,0,1,0,0
mango,0,0,0,0,0,0,0,0,0,0
mangosteen,0,0,0,0,0,0,0,0,0,0
miehuus,0,0,0,0,0,0,1,0,0,0
mania,0,0,0,0,0,1,0,0,0,0
hullu,1,0,0,1,0,1,0,0,0,0
maniakaalinen,0,0,0,0,0,1,0,0,0,0
manikyyri,0,0,0,0,0,0,0,0,0,0
selvä,0,0,0,0,0,0,0,0,0,0
ilmentymä,0,0,0,1,0,0,0,0,0,0
ilmennyt,0,0,0,0,0,0,1,0,0,0
selvästi,0,0,0,0,0,0,0,0,0,0
manifesti,0,0,0,0,0,0,0,0,0,0
jakotukki,0,0,0,0,0,0,0,0,0,0
manipuloida,0,0,0,0,0,1,0,0,0,0
manipulointi,1,0,0,1,0,1,0,0,0,0
ihmiskunta,0,0,0,0,0,0,0,0,0,0
miehekäs,0,0,0,0,0,0,1,0,0,0
manna,0,0,0,0,0,0,1,0,0,0
tavalla,0,0,0,0,0,0,0,0,0,0
teennäinen,0,0,0,0,0,0,1,0,0,0
käytöstapoja,0,0,0,0,0,0,1,0,0,0
kartano,0,0,0,0,0,0,0,0,0,0
kartano,0,0,0,0,0,0,0,0,0,0
tappo,1,0,1,1,0,1,0,1,1,0
vaippa,0,0,0,0,0,0,0,0,0,0
manuaalinen,0,0,0,0,0,0,0,0,0,1
valmistus,0,0,0,0,0,0,0,0,0,0
valmistaja,0,0,0,0,0,0,1,0,0,0
lantaa,0,0,1,0,0,1,0,0,0,0
käsikirjoitus,0,0,0,0,0,0,0,0,0,0
kartta,0,0,0,0,0,0,0,0,0,0
maalis,0,0,0,0,0,1,0,0,0,0
marmori,0,0,0,0,0,0,0,0,0,0
marmoroitu,0,0,0,0,0,0,0,0,0,0
marmorit,0,0,0,0,0,0,0,0,0,0
maaliskuuta,0,0,0,0,0,0,1,0,0,0
tamma,0,0,0,0,0,0,0,0,0,0
marginaali,0,0,0,0,0,1,0,1,0,0
marginaalinen,0,0,0,0,0,0,0,0,0,0
marihuana,0,0,0,0,0,0,0,0,0,0
meren-,0,0,0,0,0,0,0,0,0,1
merimies,0,0,0,0,0,0,0,0,0,0
merenkulun,0,0,0,0,0,0,0,0,0,0
merkki,0,0,0,0,0,0,0,0,0,0
merkitty,0,0,0,0,0,0,1,0,0,0
markkinoida,0,0,0,0,0,0,0,0,0,0
myyntikelpoinen,0,0,0,0,0,0,1,0,0,0
markkinapaikka,0,0,0,0,0,0,0,0,0,0
merkit,0,0,0,0,0,0,0,0,0,0
marl,0,0,0,0,0,0,0,0,0,0
marmeladi,0,0,0,0,0,0,0,0,0,0
kastanjanruskea,0,0,0,0,0,1,0,0,0,0
teltta,0,0,0,0,0,0,0,0,0,0
markiisi,0,0,0,0,0,0,1,0,0,0
avioliitto,0,1,0,0,1,0,1,0,0,1
naimisissa,0,0,0,0,0,0,0,0,0,0
luuydin,0,0,0,0,1,0,1,0,0,1
naida,0,1,0,1,1,0,1,0,1,1
suo,0,0,0,0,0,0,0,0,0,0
marsalkka,0,0,0,0,0,0,1,0,0,1
mart,0,0,0,0,0,0,0,0,0,0
taistelullinen,1,0,0,0,0,0,0,0,0,0
martingaali,0,0,0,0,0,1,0,0,0,0
marttyyri,0,0,0,1,0,1,0,1,0,0
marttyyrikuolema,0,0,0,1,0,1,0,1,0,0
ihmettele,0,0,0,0,0,0,1,0,1,0
ihmeellistä,0,0,0,0,1,0,1,0,0,0
ihmeellisesti,0,0,0,0,1,0,1,0,0,0
maskuliini-,0,0,0,0,0,0,1,0,0,0
maskuliinisuus,0,0,0,0,0,0,0,0,0,0
muussaa,0,0,0,0,0,0,0,0,0,0
naamio,0,0,0,0,0,0,0,0,0,0
masokismi,1,0,1,1,0,1,0,0,0,0
muurari,0,0,0,0,0,0,0,0,0,0
naamiaiset,0,0,0,0,0,0,0,0,0,0
massa-,0,0,0,0,0,0,0,0,0,0
verilöyly,1,0,1,1,0,1,0,1,0,0
hieronta,0,0,0,0,1,0,1,0,0,0
massiivinen,0,0,0,0,0,0,0,0,0,0
hallita,0,0,0,0,0,0,1,0,0,0
sielu,0,0,0,0,0,0,0,0,0,0
mestariteos,0,0,0,0,1,0,1,0,0,0
mestaruus,1,0,0,0,1,0,1,0,0,1
masturboida,0,0,0,0,0,0,0,0,0,0
itsetyydytys,0,0,0,0,0,0,0,0,0,0
matto,0,0,0,0,0,0,0,0,0,0
ottelu,0,0,0,0,0,0,0,0,0,0
yhteensopivuus,0,0,0,0,0,0,0,0,0,0
matchmaker,0,1,0,0,0,0,0,0,0,0
kaveri,0,0,0,0,0,0,1,0,0,1
materiaalia,0,0,0,0,0,0,0,0,0,0
materialismi,0,0,0,0,0,1,0,0,0,0
materialisti,0,0,1,0,0,1,0,0,0,0
materialistinen,0,0,0,0,0,0,0,0,0,0
olennaisuus,0,0,0,0,0,0,0,0,0,0
materialisoitua,0,0,0,0,0,0,0,0,0,0
aineellisesti,0,0,0,0,0,0,0,0,0,0
materiaaleja,0,0,0,0,0,0,0,0,0,0
materiaalia,0,0,0,0,0,0,0,0,0,0
äidin,0,1,0,0,0,1,1,0,0,0
äitiys,0,0,0,0,0,0,0,0,0,0
matemaattinen,0,0,0,0,0,0,0,0,0,1
matemaatikko,0,0,0,0,0,0,0,0,0,0
matematiikka,0,0,0,0,0,0,0,0,0,0
ylioppilaaksi,0,0,0,0,0,0,0,0,0,0
avioliitto,0,1,0,0,1,0,1,0,0,1
matriisi,0,0,0,0,0,0,0,0,0,0
emäntä,0,0,0,0,0,0,1,0,0,1
takkuinen,0,0,0,0,0,0,0,0,0,0
asia,0,0,0,0,0,0,0,0,0,0
matto,0,0,0,0,0,0,0,0,0,0
patja,0,0,0,0,0,0,0,0,0,0
kypsyminen,0,0,0,0,0,0,0,0,0,0
kypsyys,0,0,0,0,0,0,0,0,0,0
mausoleumi,0,0,0,0,0,0,0,1,0,0
violetti,0,0,0,0,0,0,0,0,0,0
maksimi,0,0,0,0,0,0,0,0,0,1
enimmäismäärä,0,0,0,0,0,0,1,0,0,0
pormestari,0,0,0,0,0,0,1,0,0,0
sokkelo,0,0,0,0,0,0,0,0,0,0
sima,0,0,0,0,0,0,0,0,0,0
niitty,0,0,0,0,0,0,1,0,0,0
ateria,0,0,0,0,0,0,0,0,0,0
mutkitella,0,0,0,0,0,0,0,0,0,0
polveileva,0,0,0,0,0,1,0,0,0,0
merkitys,0,0,0,0,0,0,0,0,0,0
merkityksetön,0,0,0,0,0,1,0,1,0,0
tarkoittaa,0,0,0,0,0,0,0,0,0,0
sillä välin,0,0,0,0,0,0,0,0,0,0
tuhkarokko,0,0,1,1,0,1,0,1,0,0
mitattavissa,0,0,0,0,0,0,0,0,0,0
mitata,0,0,0,0,0,0,0,0,0,1
mitattu,0,0,0,0,0,0,1,0,0,1
mittaus,0,0,0,0,0,0,0,0,0,0
mittaamalla,0,0,0,0,0,0,0,0,0,0
liha,0,0,0,0,0,0,0,0,0,0
mekaaninen,0,0,0,0,0,0,0,0,0,0
mekaaninen,0,0,0,0,0,0,0,0,0,0
mekanismi,0,0,0,0,0,0,0,0,0,0
mitali,0,1,0,0,1,0,1,0,1,1
medaljonki,0,0,0,0,0,0,0,0,0,0
mitalisti,0,0,0,0,0,0,0,0,0,0
mestaroida,1,0,0,0,0,1,0,0,0,0
sekaantumista,0,0,0,0,0,0,0,0,0,0
media,0,0,0,0,0,0,0,0,0,0
mediaalinen,0,0,0,0,0,0,0,0,0,0
mediaani,0,0,0,0,0,0,0,0,0,0
välittää,0,1,0,0,0,0,1,0,0,1
sovittelu,0,0,0,0,0,0,1,0,0,0
välittäjänä,0,1,0,0,0,0,1,0,0,1
lääketieteellinen,0,1,0,1,0,0,1,0,0,1
lääkinnällinen,0,0,0,0,0,0,0,0,0,0
lääke,0,0,0,0,0,0,0,0,0,0
keskiaikainen,0,0,0,0,0,0,0,0,0,0
keskiverto,0,0,0,0,0,1,0,0,0,0
keskinkertaisuus,0,0,0,0,0,1,0,0,0,0
mietiskellä,0,1,0,0,1,0,1,0,0,1
meditaatio,0,0,0,0,0,0,0,0,0,0
meditatiivista,0,0,0,0,0,0,0,0,0,0
Välimeren,0,0,0,0,0,0,1,0,0,0
keskikokoinen,0,0,0,0,0,0,0,0,0,0
sekauinti,0,0,0,0,0,0,1,0,0,0
nöyrä,0,0,0,0,0,0,0,1,0,0
tavata,0,0,0,0,0,0,0,0,0,0
tapaaminen,0,0,0,0,0,0,0,0,0,0
melankolinen,0,0,0,0,0,1,0,1,0,0
melankoliaa,0,0,0,0,0,1,0,1,0,0
nujakka,0,0,0,1,0,1,0,0,0,0
melodinen,0,0,0,0,0,0,0,0,0,0
melodraama,1,0,0,0,0,1,0,1,0,0
melodramaattinen,0,0,0,0,0,0,0,0,0,0
melodia,0,0,0,0,0,0,0,0,0,0
sulaa,0,0,0,0,0,0,0,0,0,0
sulaminen,0,0,0,0,0,1,0,1,0,0
sulaminen,0,0,0,0,0,0,0,0,0,0
jäsen,0,0,0,0,0,0,0,0,0,0
kalvo,0,0,0,0,0,0,0,0,0,0
muisto,0,0,0,0,0,0,1,0,0,0
muistio,0,0,0,0,0,0,0,0,0,0
muistelma,0,0,0,0,0,0,0,0,0,0
muistoesineitä,0,0,0,0,0,0,0,0,0,0
mieleenpainuva,0,0,0,0,1,0,1,0,1,1
muistio,0,0,0,0,0,0,0,0,0,0
muistomerkki,0,0,0,0,0,0,0,0,0,0
muistomerkit,0,0,0,0,0,0,0,1,0,0
muistaa,0,0,0,0,0,0,0,0,0,0
muisti,0,0,0,0,0,0,0,0,0,0
uhka,1,0,0,1,0,1,0,0,0,0
uhkaava,1,0,0,1,0,1,0,0,0,0
eläintarha,0,0,0,0,0,0,0,0,0,0
paikata,0,0,0,0,0,0,0,0,0,0
korjaaminen,0,0,0,0,0,0,1,0,0,0
palkollinen,0,0,0,0,0,1,0,0,0,0
meniski,0,0,0,0,0,0,0,0,0,0
kuukautiset,0,0,0,0,0,0,1,0,0,0
kuukautiset,0,0,0,0,0,0,0,0,0,0
henkistä,0,0,0,0,0,0,0,0,0,0
mainita,0,0,0,0,0,0,0,0,0,0
mentori,0,0,0,0,0,0,1,0,0,1
valikosta,0,0,0,0,0,0,0,0,0,0
Miau,0,0,0,0,0,0,0,0,0,0
kaupallinen,0,0,0,0,0,0,0,0,0,0
palkkasoturi,0,0,0,1,0,1,0,0,0,0
tavarat,0,0,0,0,0,0,0,0,0,0
kauppias,0,0,0,0,0,0,0,0,0,1
armollinen,0,0,0,0,0,0,1,0,0,0
armoton,0,0,0,1,0,1,0,0,0,0
oikukas,0,0,0,0,0,0,0,0,0,0
armo,0,0,0,0,0,0,1,0,0,0
pelkkä,0,0,0,0,0,0,0,0,0,0
yhdistää,0,1,0,0,0,0,1,0,0,0
meridiaani,0,0,0,0,0,0,0,0,0,0
meridionaalinen,0,0,0,0,0,0,0,0,0,0
ansioita,0,0,0,0,0,0,1,0,0,1
ansiokas,0,0,0,0,1,0,1,0,0,1
merenneito,0,0,0,0,0,0,0,0,0,0
iloa,0,0,0,0,1,0,1,0,1,0
iloinen,0,0,0,0,1,0,1,0,0,0
mesa,0,0,0,0,0,0,0,0,0,0
verkko,0,0,0,0,0,0,0,0,0,0
silmät,0,0,0,0,0,0,0,0,0,0
lumoutunut,0,0,0,0,0,0,0,0,0,0
sotku,0,0,1,0,0,1,0,0,0,0
viesti,0,0,0,0,0,0,0,0,0,0
sanansaattaja,0,0,0,0,0,0,0,0,0,1
sotkuinen,0,0,1,0,0,1,0,0,0,0
aineenvaihduntaa,0,0,0,0,0,0,0,0,0,0
metalli-,0,0,0,0,0,0,0,0,0,0
metallurgia,0,0,0,0,0,0,0,0,0,0
metamorfoosi,0,0,0,0,0,0,0,0,0,0
metafora,0,0,0,0,0,0,0,0,0,0
metaforinen,0,0,0,0,0,0,0,0,0,0
metafyysinen,0,0,0,0,0,0,0,0,0,0
metafysiikka,0,0,0,0,0,0,0,0,0,0
etäpesäke,0,0,0,0,0,1,0,0,0,0
meteori,0,0,0,0,0,0,0,0,0,0
meteorinen,0,0,0,0,0,0,0,0,0,0
meteoriitti,0,0,0,0,0,0,0,0,0,0
meteorologinen,0,0,0,0,0,0,0,0,0,0
meteorologia,0,0,0,0,0,0,0,0,0,0
mittari,0,0,0,0,0,0,0,0,0,0
metanoli,0,0,0,0,0,1,0,0,0,0
menetelmä,0,0,0,0,0,0,0,0,0,0
menetelmällinen,0,0,0,0,0,0,0,0,0,0
huolellinen,0,0,0,0,0,0,0,0,0,0
metrinen,0,0,0,0,0,0,0,0,0,0
metrinen,0,0,0,0,0,0,0,0,0,0
metrologia,0,0,0,0,0,0,0,0,0,0
metropoli,0,0,0,0,0,0,0,0,0,0
suurkaupunki,0,0,0,0,0,0,1,0,0,0
taitavaa,0,0,0,0,0,0,1,0,0,0
mew,0,0,0,0,0,0,0,0,0,0
kiille,0,0,0,0,0,0,0,0,0,0
mick,0,0,0,0,0,0,0,0,0,0
mikrobi,0,0,0,0,0,0,0,0,0,0
mikrobiologia,0,0,0,0,0,0,0,0,0,0
mikrokosmos,0,0,0,0,0,0,0,0,0,0
mikrogrammaa,0,0,0,0,0,0,0,0,0,0
mikrometri,0,0,0,0,0,0,0,0,0,0
mikronia,0,0,0,0,0,0,0,0,0,0
mikrofoni,0,0,0,0,0,0,0,0,0,0
mikroskooppi,0,0,0,0,0,0,0,0,0,1
mikroskooppinen,0,0,0,0,0,0,0,0,0,0
mikroskooppisesti,0,0,0,0,0,0,0,0,0,0
mikroskopia,0,0,0,0,0,0,1,0,0,0
mid,0,0,0,0,0,0,0,0,0,0
keskipäivä,0,0,0,0,0,0,0,0,0,0
keskellä,0,0,0,0,0,0,0,0,0,0
välikäsi,0,0,0,0,0,0,0,0,0,0
keskimaa,0,0,0,0,0,0,0,0,0,0
keskiyöllä,0,0,0,0,0,0,0,0,0,0
keskellä,0,0,0,0,0,0,0,0,0,0
juhannus,0,0,0,0,0,0,0,0,0,0
puolivälissä,0,0,0,0,0,0,0,0,0,0
kätilö,0,1,0,0,1,1,1,0,0,1
kätilö,0,0,0,0,0,0,1,0,0,0
mien,0,0,0,0,0,0,0,0,0,0
mahtava,1,0,0,1,1,0,1,0,0,1
siirtyä,0,0,0,0,0,0,0,0,0,0
muuttoliike,0,0,0,0,0,0,0,0,0,0
muuttoliike,0,0,0,0,0,0,0,0,0,0
mike,0,0,0,0,0,0,0,0,0,0
hometta,0,0,1,0,0,1,0,0,0,0
mailia,0,0,0,0,0,0,0,0,0,0
kilometrimäärä,0,0,0,0,0,0,0,0,0,0
virstanpylväs,0,0,0,0,0,0,0,0,0,0
militantti,0,0,0,0,0,0,0,0,0,0
sotilaallinen,0,0,0,1,0,0,0,0,0,0
miliisi,1,0,0,1,0,1,0,1,0,0
maito,0,0,0,0,0,0,0,0,0,0
maitomainen,0,0,0,0,0,0,0,0,0,0
mylly,0,1,0,0,0,0,0,0,0,0
vuosituhannen,0,0,0,0,0,0,0,0,0,0
milligramma,0,0,0,0,0,0,0,0,0,0
millimetri,0,0,0,0,0,0,0,0,0,0
miljoonaa,0,0,0,0,0,0,0,0,0,0
miljonääri,0,0,0,0,0,0,0,0,0,0
miimi,0,0,0,0,0,0,1,0,0,0
jäljitellä,0,0,0,0,0,0,0,0,0,0
matkimalla,0,0,0,0,0,0,0,0,0,0
matkiminen,0,0,0,0,0,1,0,0,1,0
mieleen,0,0,0,0,0,0,0,0,0,0
ajattelevainen,0,0,0,0,0,0,0,0,0,0
tietoinen,0,0,0,0,0,0,1,0,0,0
tarkkaavaisuus,0,0,0,0,0,0,1,0,0,0
Kaivos,0,0,0,0,0,0,0,0,0,0
kaivosmies,0,0,0,0,0,0,0,0,0,0
mineraali,0,0,0,0,0,0,0,0,0,0
mineralogia,0,0,0,0,0,0,0,0,0,0
sekoittua,0,0,0,0,0,0,0,0,0,0
sekoittunut,0,0,0,0,0,0,0,0,0,0
miniatyyri,0,0,0,0,0,0,0,0,0,0
pikkubussi,0,0,0,0,0,0,0,0,0,0
minimi,0,0,0,0,0,0,0,0,0,0
minimoida,0,0,0,0,0,1,0,0,0,0
minimi,0,0,0,0,0,1,0,0,0,0
ministeri,0,0,0,0,0,0,0,0,0,0
ministeriön-,0,0,0,0,0,0,0,0,0,0
ministeriö,0,0,0,0,1,0,1,0,0,1
tila-auto,0,0,0,0,0,0,0,0,0,0
mutu,0,0,0,0,0,0,0,0,0,0
alaikäinen,0,0,0,0,0,0,0,0,0,0
vähemmistö,0,0,0,0,0,1,0,0,0,0
minstrel,0,0,0,0,0,0,0,0,0,0
Minttu,0,0,0,0,0,0,0,0,0,0
pienikokoinen,0,0,0,0,0,0,0,0,0,0
minuutti,0,0,0,0,0,0,0,0,0,0
yksityiskohtia,0,0,0,0,0,0,0,0,0,0
mir,0,0,0,0,0,0,0,0,0,0
ihme,0,1,0,0,1,0,1,0,1,1
ihmeellinen,0,0,0,0,1,0,1,0,1,0
kangastus,0,0,0,0,0,0,0,0,0,0
suota,0,0,1,0,0,1,0,0,0,0
peili,0,0,0,0,0,0,0,0,0,0
iloa,0,0,0,0,1,0,1,0,0,0
väärinkäyttö,0,0,0,0,0,0,0,0,0,0
kurittomuus,1,0,1,0,0,1,0,0,1,0
keskenmeno,0,0,0,1,0,1,0,1,0,0
sekalaista,0,0,0,0,0,0,0,0,0,0
sekalaista,0,0,0,0,0,0,0,0,0,0
ilkivalta,0,0,0,0,0,1,0,0,0,0
ilkikurinen,0,0,0,0,0,1,0,0,0,0
väärinkäsitys,1,0,1,1,0,1,0,0,0,0
rikkomus,0,0,1,0,0,1,0,0,0,0
rikkomus,0,0,0,0,0,0,0,0,0,0
kurja,1,0,1,0,0,1,0,1,0,0
surkeasti,0,0,0,0,0,1,0,1,0,0
kurjuutta,1,0,1,1,0,1,0,1,0,0
epäonni,0,0,0,1,0,1,0,1,0,0
harhaan johdettu,0,0,1,0,0,1,0,0,0,0
vahinko,0,0,1,1,0,1,0,1,1,0
väärin tiedotettu,0,0,0,0,0,0,0,0,0,0
väärintulkinta,0,0,0,0,0,1,0,0,0,0
johtaa harhaan,1,0,0,1,0,1,0,0,0,1
harhaanjohtavaa,1,0,1,0,0,1,0,0,0,0
huonosta johtamisesta,0,0,0,0,0,1,0,0,0,0
epäsuhta,0,0,0,0,0,1,0,0,0,0
yhteensopimaton,0,0,0,0,0,0,0,0,0,0
väärä nimitys,0,0,0,0,0,1,0,0,0,0
väärässä paikassa,1,0,1,0,0,1,0,0,0,0
väärässä paikassa,0,0,0,0,0,1,0,0,0,0
antaa vääriä tietoja,0,0,0,0,0,1,0,0,0,0
harhaanjohtamista,0,0,0,0,0,1,0,1,0,0
väärin esitetty,1,0,0,0,0,1,0,0,0,0
neiti,0,0,0,0,0,0,0,0,0,0
ohjus,0,0,0,1,0,0,0,0,0,0
puuttuu,0,0,0,1,0,1,0,1,0,0
tehtävä,0,0,0,0,0,0,0,0,0,0
lähetyssaarnaaja,0,0,0,0,0,0,1,0,0,0
virheellisyyttä,1,0,1,0,0,1,0,0,0,0
sumu,0,0,0,0,0,0,0,0,0,0
virhe,0,0,0,0,0,1,0,1,0,0
virheellinen,0,0,0,1,0,1,0,0,0,0
herra,0,0,0,0,0,0,0,0,0,0
emäntä,1,0,1,0,0,1,0,0,0,0
epäluottamus,0,0,1,1,0,1,0,0,0,0
sumuinen,0,0,0,0,0,0,0,0,0,0
ymmärtää väärin,0,0,0,0,0,1,0,0,0,0
väärinkäsitys,1,0,0,0,0,1,0,1,0,0
väärinkäyttö,0,0,0,0,0,1,0,0,0,0
punkki,0,0,1,0,0,1,0,0,0,0
jiiriä,0,0,0,0,0,0,0,0,0,0
lieventäminen,0,0,0,0,0,0,0,0,0,0
sekoita,0,0,0,0,0,0,0,0,0,0
sekoitettu,0,0,0,0,0,0,0,0,0,0
seos,0,0,0,0,0,0,0,0,0,0
vaikerrus,0,0,0,1,0,0,0,1,0,0
vallihauta,0,0,0,0,0,0,0,0,0,1
väkijoukko,1,0,0,1,0,1,0,0,0,0
mobiili,0,1,0,0,0,0,0,0,0,0
liikkuvuus,0,0,0,0,0,0,0,0,0,0
mobilisaatio,0,0,0,0,0,0,0,0,0,0
mobilisoida,0,0,0,0,0,0,0,0,0,0
pilkkaaminen,0,0,1,0,0,1,0,0,0,0
pilkkaaminen,1,0,1,0,0,1,0,1,0,0
modaalinen,0,0,0,0,0,0,0,0,0,0
modaliteetti,0,0,0,0,0,0,0,0,0,0
#NAME?,0,0,0,0,0,0,0,0,0,0
malli-,0,0,0,0,0,0,1,0,0,0
mallintaja,0,0,0,0,0,0,0,0,0,0
kohtalainen,0,0,0,0,0,0,1,0,0,0
kohtalaisen,0,0,0,0,0,0,0,0,0,0
moderointi,0,0,0,0,0,0,0,0,0,0
maltillisuus,0,0,0,0,0,0,0,0,0,0
moderaattori,0,0,0,0,0,0,1,0,0,1
moderni,0,0,0,0,0,0,0,0,0,0
modernismia,0,0,0,0,0,0,0,0,0,0
vaatimaton,0,0,0,0,0,0,1,0,0,1
vaatimattomuus,0,0,0,0,0,0,1,0,0,0
pieni määrä,0,0,0,0,0,0,0,0,0,0
muokattavissa,0,0,0,0,0,0,0,0,0,0
muutos,0,0,0,0,0,0,0,0,0,0
muokattu,0,0,0,0,0,0,0,0,0,0
muuttaa,0,0,0,0,0,0,0,0,1,0
moduloida,0,0,0,0,0,0,0,0,0,0
modulaatio,0,0,0,0,0,0,0,0,0,0
moduuli,0,0,0,0,0,0,0,0,0,0
moduuli,0,0,0,0,0,0,0,0,0,0
moguli,0,0,0,0,0,0,0,0,0,0
osa,0,0,0,0,0,0,0,0,0,0
kostea,0,0,0,0,0,0,0,0,0,0
kosteutta,0,0,0,0,0,0,0,0,0,0
molaarinen,0,0,0,0,0,0,0,0,0,0
melassi,0,0,0,0,0,0,0,0,0,0
hometta,0,0,0,0,0,0,0,0,0,0
valettu,0,0,0,0,0,0,0,0,0,0
muovaus,0,0,0,0,0,0,0,0,0,0
homeinen,0,0,0,0,0,0,0,0,0,0
molekyylinen,0,0,0,0,0,0,0,0,0,0
molekyyli,0,0,0,0,0,0,0,0,0,0
ahdistelu,1,0,1,1,0,1,0,1,0,0
sulanut,0,0,0,0,0,0,0,0,0,0
hetki,0,0,0,0,0,0,0,0,0,0
hetkellinen,0,0,0,0,0,0,0,0,0,0
tärkeä,0,0,0,0,0,0,0,0,0,0
vauhtia,0,1,0,0,0,0,1,0,0,0
monadi,0,0,0,0,0,0,0,0,0,0
hallitsija,0,0,0,0,0,0,0,0,0,0
monarkia,0,0,0,0,0,0,0,0,0,0
luostari,0,0,0,0,0,0,0,0,0,0
luostari,0,0,0,0,0,0,0,0,0,0
raha-,0,1,0,0,0,0,1,0,0,0
raha,1,1,0,0,1,0,1,0,1,1
munkki,0,0,0,0,0,0,1,0,0,1
apina,0,0,0,0,0,0,0,0,0,0
yksivärinen,0,0,1,0,0,1,0,0,0,0
yksiavioisuus,0,0,0,0,0,0,0,0,0,1
monogrammi,0,0,0,0,0,0,0,0,0,0
monografia,0,0,0,0,0,0,0,0,0,0
yksikerroksinen,0,0,0,0,0,0,0,0,0,0
monologi,0,0,0,0,0,0,0,0,0,0
monopolisti,0,0,0,0,0,1,0,0,0,0
monopoli,0,0,0,0,0,0,0,0,0,0
yksitoikkoisuus,0,0,0,0,0,0,0,0,0,0
monsuuni,0,0,0,0,0,1,0,1,0,0
hirviö,0,0,0,1,0,1,0,0,0,0
hirviö,1,0,1,1,0,1,0,0,1,0
monte,0,0,0,0,0,0,0,0,0,0
kuukausi,0,0,0,0,0,0,0,0,0,0
kuukausittain,0,0,0,0,0,0,0,0,0,0
monumentti,0,0,0,0,0,0,1,0,0,0
monumentaalinen,0,0,0,0,0,0,0,0,0,0
moo,0,0,0,0,0,0,0,0,0,0
tunnelmia,0,0,0,0,0,0,0,0,0,0
mielialaa,1,0,0,0,0,1,0,1,0,0
kuu,0,0,0,0,0,0,0,0,0,0
kuutamo,0,0,0,0,0,0,0,0,0,0
ankkuroituna,0,0,0,0,0,0,0,0,0,0
kiinnitys,0,0,0,0,0,0,0,0,0,0
kiinnityspaikkoja,0,0,0,0,0,0,0,0,0,1
nummilla,0,0,0,0,0,0,0,0,0,0
hirvi,0,0,0,0,0,0,0,0,0,0
kiistanalainen,0,0,0,0,0,1,0,0,0,0
moittii,0,0,0,0,0,0,0,0,0,0
moppi,0,0,0,0,0,0,0,0,0,0
moraalinen,1,0,0,0,0,0,1,0,0,1
moraalista,0,0,0,0,0,0,1,0,0,1
moraalia,1,1,1,0,1,0,1,0,1,1
räme,0,0,0,0,0,0,0,0,0,0
moratoriota,0,0,0,0,0,0,0,0,0,0
sairaalloinen,0,0,0,0,0,1,0,1,0,0
sairastuvuus,1,0,1,1,0,1,0,1,0,0
ruumishuone,0,0,1,1,0,1,0,1,0,0
kuoleva,0,0,0,0,0,1,0,1,0,0
aamu,0,1,0,0,0,0,0,0,0,0
aamu,0,0,0,0,0,0,0,0,0,0
ääliö,0,0,0,0,0,1,0,0,0,0
typerää,0,0,0,0,0,1,0,0,0,0
morfiini,0,0,0,0,0,0,0,0,0,0
morfismi,0,0,0,0,0,0,0,0,0,0
morfologia,0,0,0,0,0,0,0,0,0,0
huomenna,0,1,0,0,0,0,0,0,0,0
suupala,0,0,0,0,0,1,0,0,0,0
kuolevainen,0,0,0,0,0,1,0,0,0,0
kuolleisuus,1,0,0,1,0,1,0,1,0,0
laasti,0,0,0,0,0,0,1,0,0,0
kiinnitys,0,0,0,1,0,0,0,0,0,0
asuntolainaaja,0,0,0,0,0,0,0,0,0,1
kiinnittäjä,0,0,0,1,0,0,0,0,0,0
häpeä,0,1,1,1,0,1,0,1,0,0
ruumishuone,0,0,0,1,0,1,0,1,0,0
mosaiikki,0,0,0,0,0,0,0,0,0,0
hyttynen,1,0,1,0,0,1,0,0,0,0
sammalta,0,0,0,0,0,0,0,0,0,0
sammaleinen,0,0,0,0,0,0,0,0,0,0
mote,0,0,0,0,0,0,0,0,0,0
koi,0,0,0,0,0,0,0,0,0,0
äiti,0,1,0,0,1,1,1,1,0,1
äitiys,0,0,0,0,1,0,1,0,0,1
liikettä,0,1,0,0,0,0,0,0,0,0
liikkumaton,0,0,0,0,0,0,0,0,0,0
motiivi,0,0,0,0,0,0,1,0,0,0
kirjava,0,0,0,0,0,0,0,0,0,0
moottori,0,0,0,0,0,0,0,0,0,0
moottoripyörä,0,0,0,0,0,0,0,0,0,0
moottoripyörä,0,0,0,0,0,0,0,0,0,0
motte,0,0,0,0,0,0,0,0,0,0
kirjava,0,0,0,0,0,0,0,0,0,0
motto,0,0,0,0,0,0,0,0,0,0
hometta,0,0,0,0,0,0,0,0,0,0
röykkiö,0,0,0,0,0,0,0,0,0,0
kiinnitys,0,0,0,0,0,0,0,0,0,0
vuori,0,1,0,0,0,0,0,0,0,0
vuorikiipeilijä,0,0,0,0,0,0,0,0,0,0
vuoristoinen,0,0,0,0,0,0,0,0,0,0
surra,0,0,0,0,0,1,0,1,0,0
surullinen,1,0,0,1,0,1,0,1,0,0
suruaika,0,0,0,0,0,1,0,1,0,0
hiiri,0,0,0,0,0,0,0,0,0,0
viikset,0,0,0,0,0,0,0,0,0,0
suuhun,0,0,0,0,0,0,0,0,1,0
suupala,0,0,1,0,0,0,0,0,0,0
suukappale,0,0,0,0,0,0,0,0,0,0
liikkuva,0,0,0,0,0,0,1,0,0,0
liikkua,0,0,0,0,0,0,0,0,0,0
liikettä,0,0,0,0,0,0,0,0,0,0
liikkuja,0,0,0,0,0,0,1,0,0,0
elokuva,0,0,0,0,0,0,0,0,0,0
liikkuva,0,0,0,0,0,0,0,0,0,0
leikata,0,0,0,0,0,0,0,0,0,0
sonta,0,0,1,0,0,1,0,0,0,0
limainen,0,0,1,0,0,0,0,0,0,0
lima,0,0,1,0,0,0,0,0,0,0
muta,0,0,0,0,0,1,0,0,0,0
sotku,0,0,0,0,0,1,0,0,0,0
sekaisin,0,0,0,0,0,1,0,0,0,0
mutainen,0,0,1,0,0,1,0,0,0,0
muffi,1,0,1,0,0,1,0,0,0,0
vaimentunut,0,0,0,0,0,0,0,0,0,0
äänenvaimennin,0,0,0,0,0,0,0,0,0,0
muki,1,0,0,1,0,1,1,1,0,0
muuli,1,0,0,0,0,1,0,0,0,1
monenvälisiä,0,0,0,0,0,0,0,0,0,0
useita,0,0,0,0,0,0,0,0,0,0
multipleksi,0,0,0,0,0,0,0,0,0,0
kertolasku,0,0,0,0,0,0,0,0,0,0
moninaisuus,0,0,0,0,0,0,0,0,0,0
kerrottu,0,0,0,0,0,0,0,0,0,0
kerroin,0,0,0,0,0,0,0,0,0,0
moninkertaistaa,0,0,0,0,0,0,0,0,0,0
suuri joukko,0,0,0,0,0,0,0,0,0,0
äiti,0,0,0,1,0,1,0,0,0,0
jupina,0,0,0,0,0,1,0,0,0,0
muumio,0,0,0,0,0,0,0,0,0,0
sikotauti,0,0,0,0,0,1,0,0,0,0
ryyppää,0,0,0,0,0,0,0,0,0,0
arkipäiväinen,0,0,0,0,0,0,0,0,0,0
kunnallis,0,0,0,0,0,0,0,0,0,0
kunta,0,0,0,0,0,0,0,0,0,0
seinämaalaus,0,0,0,0,0,0,0,0,0,0
murhata,1,0,1,1,0,1,0,1,1,0
murhaaja,1,0,1,1,0,1,0,1,0,0
murhaaja,1,0,1,1,0,1,0,1,1,0
hämärä,0,0,1,0,0,1,0,1,0,0
sivuääni,0,0,0,0,0,0,0,0,0,0
lihas,0,0,0,0,0,0,0,0,0,0
lihaksikas,0,0,0,0,0,0,1,0,0,0
muusa,0,0,0,0,0,0,0,0,0,0
muusat,0,0,0,0,0,0,0,0,0,0
museo,0,0,0,0,0,0,0,0,0,0
sose,0,0,0,0,0,0,0,0,0,0
sieni,0,0,0,0,0,0,0,0,0,0
musiikkia,0,0,0,0,1,0,1,1,0,0
musikaali,1,1,0,0,1,0,1,1,1,1
muusikko,0,0,0,0,0,0,0,0,0,0
mietiskellä,0,0,0,0,0,0,0,0,0,0
myski,0,0,0,0,0,0,0,0,0,0
musketti,0,0,0,1,0,0,0,0,0,0
musliini,0,0,0,0,0,0,0,0,0,0
muss,0,0,0,0,0,1,0,0,0,0
mustang,0,0,0,0,0,0,0,0,0,0
sinappi,0,0,0,0,0,0,0,0,0,0
kokoontua,0,0,0,0,0,0,0,0,0,0
ummehtunut,0,0,1,0,0,1,0,0,0,0
vaihteleva,0,1,0,0,0,0,1,0,0,0
mutantti,0,0,0,0,0,1,0,0,0,0
mutaatio,0,0,0,0,0,0,0,0,0,0
silvottu,0,0,1,0,0,1,0,0,0,0
silpominen,1,0,1,1,0,1,0,1,0,0
kapina,1,0,1,1,0,1,0,0,1,0
mutisi,1,0,0,0,0,1,0,0,0,0
lampaanliha,0,0,0,0,0,0,0,0,0,0
molemminpuolinen,0,0,0,0,0,0,1,0,0,0
molemminpuolisesti,0,0,0,0,0,0,0,0,0,0
vaientaa,0,0,0,1,0,1,0,0,0,0
likinäköisyys,1,0,0,0,0,1,0,1,0,0
likinäköinen,0,0,0,0,0,0,0,0,0,0
lukemattomia,0,0,0,0,0,0,0,0,0,0
salaperäinen,0,1,0,1,0,0,0,0,1,0
mysteeri,0,1,0,0,0,0,0,0,1,0
mystinen,0,0,0,0,0,0,0,0,1,0
mystinen,0,0,0,0,0,0,0,0,0,0
mystiikkaa,0,0,0,0,0,0,0,0,0,0
myytti,0,0,0,0,0,0,0,0,0,0
myyttinen,0,0,0,0,0,0,0,0,0,0
myyttinen,0,0,0,0,0,0,0,0,0,0
mytologinen,0,0,0,0,0,0,0,0,0,0
mytologia,0,0,0,0,0,0,0,0,0,0
napata,0,0,0,0,0,1,0,0,1,0
aliarvo,0,0,0,0,0,1,0,0,0,0
nag,1,0,0,0,0,1,0,0,0,0
naulata,0,0,0,0,0,0,0,0,0,0
naiivi,0,0,0,0,0,1,0,0,0,0
alasti,0,0,0,0,0,0,0,0,0,0
nimetty,0,0,0,0,0,0,0,0,0,0
nimetön,0,0,1,0,0,1,0,0,0,0
kaima,0,0,0,0,0,0,0,0,0,0
nimeäminen,0,0,0,0,0,0,0,0,0,0
lastenhoitaja,0,0,0,0,0,0,0,0,0,0
nanometri,0,0,0,0,0,0,0,0,0,0
torkut,0,0,0,0,1,0,1,0,0,0
niska,0,0,0,0,0,0,0,0,0,0
lautasliina,0,0,0,0,0,0,0,1,0,0
nappaamassa,0,0,0,0,0,0,0,0,0,0
vaippa,0,0,1,0,0,1,0,0,0,0
huume,0,0,0,0,0,1,0,0,0,0
kertoa,0,0,0,0,0,0,0,0,0,0
kerronta,0,0,0,0,0,0,0,0,0,0
kerronta,0,0,0,0,0,0,0,0,0,0
kertoja,0,0,0,0,0,0,0,0,0,0
kapea,0,0,0,0,0,0,0,0,0,0
kaventumista,0,0,0,0,0,0,0,0,0,0
syntymässä,0,1,0,0,0,0,0,0,0,0
ilkeä,1,0,1,1,0,1,0,1,0,0
synnytys,0,0,0,0,0,0,0,0,0,0
kansakunta,0,0,0,0,0,0,0,0,0,1
kansallinen,0,0,0,0,0,0,0,0,0,0
kansallisuus,0,0,0,0,0,0,0,0,0,0
syntyperäinen,0,0,0,0,0,0,0,0,0,0
syntymä,0,0,0,0,0,0,0,0,0,0
luonnontieteilijä,0,0,0,0,0,0,1,0,0,0
kansalaistaminen,0,0,0,0,0,0,0,0,0,0
kansalaistettu,0,0,0,0,0,0,0,0,0,0
luonnollisesti,0,0,0,0,0,0,0,0,0,0
luonto,0,0,0,0,0,0,0,0,0,0
ei mitään,0,0,0,0,0,0,0,0,0,0
tuhma,0,0,0,0,0,1,0,0,0,0
pahoinvointi,0,0,1,0,0,1,0,0,0,0
pahoinvointia,0,0,1,0,0,1,0,1,0,0
merenkulun,0,0,0,0,0,0,0,0,0,0
merivoimien,0,0,0,0,0,0,0,0,0,0
nave,0,0,0,0,0,0,0,0,0,0
napa,0,0,0,0,0,0,0,0,0,0
purjehduskelpoinen,0,1,0,0,0,0,1,0,0,0
navigoida,0,0,0,0,0,0,0,0,0,0
navigointi,0,0,0,0,0,0,0,0,0,0
navigaattori,0,1,0,0,0,0,0,0,0,1
laivasto,0,0,0,0,0,0,0,0,0,0
ei,0,0,0,0,0,1,0,0,0,0
siististi,0,0,0,0,0,0,1,0,0,0
tähtisumu,0,0,0,0,0,0,0,0,0,0
sumut,0,0,0,0,0,0,0,0,0,0
sumuinen,0,0,0,0,0,0,0,0,0,0
välttämättä,0,0,0,0,0,0,0,0,0,0
edellyttää,0,0,0,0,0,0,0,0,0,0
välttämättömyystarvikkeita,0,0,0,0,0,0,0,0,0,0
välttämättömyys,0,0,0,0,0,0,0,1,0,0
kaula,0,0,0,0,0,0,0,0,0,0
kaulakoru,0,0,0,0,0,0,0,0,0,0
nekroosi,0,0,0,0,0,0,0,0,0,0
nektaria,0,0,0,0,0,0,1,0,0,0
tarpeellinen,0,0,0,0,0,1,0,0,0,0
neula,0,0,0,0,0,0,1,0,0,0
tarpeeton,0,0,0,0,0,0,0,0,0,0
tarpeessa oleva,0,0,0,0,0,1,0,0,0,0
ilkeä,0,0,1,1,0,1,0,1,1,0
kieltäminen,1,0,0,0,0,1,0,0,0,0
negatiivinen,0,0,0,0,0,1,0,1,0,0
laiminlyödä,0,0,0,0,0,1,0,0,0,0
laiminlyöty,1,0,1,0,0,1,0,1,0,0
laiminlyömällä,0,0,0,0,0,1,0,0,0,0
huolimattomuudesta,0,0,0,0,0,1,0,0,0,0
huolimaton,0,0,0,0,0,1,0,0,0,0
huolimattomasti,0,0,0,0,0,1,0,0,0,0
mitätön,0,0,0,0,0,0,0,0,0,0
neuvotella,0,0,0,0,0,0,1,0,0,1
neuvottelu,0,0,0,0,0,0,0,0,0,0
neuvottelija,0,0,0,0,0,0,1,0,0,0
neekeri,0,0,0,0,0,1,0,1,0,0
naapuri,0,0,0,0,0,0,0,0,0,0
naapuri-,0,1,0,0,0,0,1,0,0,1
naapurustossa,0,1,0,0,0,0,0,0,0,0
naapuri,0,0,0,0,0,0,0,0,0,0
vastasyntynyt,0,0,0,0,0,0,0,0,0,0
aloittelija,0,0,0,0,0,0,0,0,0,0
neopreeni,0,0,0,0,0,0,0,0,0,0
veljenpoika,0,0,0,0,0,0,0,0,0,0
nepotismi,1,0,1,0,0,1,0,1,0,0
hermo,0,0,0,0,0,0,1,0,0,0
hermostunut,0,1,0,1,0,1,0,0,0,0
hermostuneisuus,0,0,0,1,0,0,0,0,0,0
ness,0,0,0,0,0,0,0,0,0,0
pesä,0,0,0,0,0,0,0,0,0,1
nestle,0,0,0,0,0,0,1,0,0,1
untuvikko,0,0,0,0,0,0,0,0,0,0
netto,0,0,0,0,0,0,0,0,0,0
ei kumpikaan,1,0,0,1,0,1,0,1,0,0
nettoutus,0,0,0,0,0,0,0,0,0,0
nokkonen,1,0,1,0,0,1,0,0,0,0
verkkoon,0,1,0,0,0,0,0,0,0,0
hermosärky,0,0,0,1,0,1,0,1,0,0
neurologia,0,0,0,0,0,0,0,0,0,0
neuroosi,0,0,0,1,0,1,0,1,0,0
neuroottinen,0,0,1,1,0,1,0,0,0,0
kastraatti,0,0,0,0,0,0,0,0,0,0
neutraali,0,1,0,0,0,0,0,0,0,1
neutraalisuus,0,0,0,0,0,0,0,0,0,1
neutraloida,0,0,0,0,0,0,0,0,0,0
vastasyntynyt,0,0,0,0,0,0,0,0,0,0
tulokas,0,0,0,1,0,0,0,0,1,0
hiljattain,0,0,0,0,0,0,0,0,0,0
uutuus,0,0,0,0,0,0,0,0,0,0
uutiset,0,0,0,0,0,0,0,0,0,0
sanomalehti,0,0,0,0,0,0,0,0,0,0
lehtikioski,0,0,0,0,0,0,0,0,0,0
kärki,0,0,0,0,0,0,0,0,0,0
napostella,0,0,0,0,0,0,0,0,0,0
markkinarako,0,0,0,0,0,0,0,0,0,0
nichts,0,0,0,0,0,0,0,0,0,0
nick,0,0,0,0,0,0,0,0,0,0
nikkeli,0,0,0,0,0,0,0,0,0,0
Nimimerkki,0,0,0,0,0,0,0,0,0,0
nikotiini,0,0,1,0,0,1,0,0,0,0
veljentytär,0,0,0,0,0,0,0,0,0,0
lähellä,0,0,0,0,0,0,0,0,0,0
yö-,0,0,0,0,0,0,0,0,0,0
yön tulo,0,0,0,0,0,0,0,0,0,0
satakieli,0,0,0,0,0,0,0,0,0,0
painajainen,0,0,0,1,0,1,0,0,0,0
nihilismi,0,0,0,0,0,1,0,0,0,0
nolla,0,0,0,0,0,0,0,0,0,0
ketterä,0,0,0,0,0,0,0,0,0,0
yhdeksänkymmentä,0,0,0,0,0,0,0,0,0,0
yhdeksäs,0,0,0,0,0,0,0,0,0,0
nipistää,0,0,0,0,0,0,0,0,0,0
nänni,0,0,0,0,0,0,0,0,0,0
nix,0,0,0,0,0,0,0,0,0,0
aatelisto,0,1,0,0,0,0,1,0,0,1
jalo,0,0,0,0,0,0,1,0,0,1
aatelismies,0,0,0,0,0,0,1,0,0,1
yöllinen,0,0,0,0,0,0,0,0,0,0
nyökkäys,0,0,0,0,0,0,0,0,0,0
nyökkää,0,0,0,0,0,0,0,0,0,0
solmu,0,0,0,0,0,0,0,0,0,0
nodulaarinen,0,0,0,0,0,0,0,0,0,0
kyhmy,0,0,0,0,0,0,0,0,0,0
melua,0,0,0,0,0,1,0,0,0,0
meluisa,1,0,0,0,0,1,0,0,0,0
nomadi,0,0,0,0,0,0,0,0,0,0
nomadi,0,0,0,0,0,0,0,0,0,0
nimikkeistö,0,0,0,0,0,0,0,0,0,0
nimellinen,0,0,0,0,0,0,0,0,0,0
nimittää,0,0,0,0,0,0,0,0,0,0
nimitys,0,0,0,0,0,0,1,0,0,0
ehdokas,0,0,0,0,0,0,0,0,0,0
seksuaalirikollinen,0,0,0,0,0,0,0,0,0,0
noudattamatta jättäminen,1,1,0,1,0,1,0,1,0,0
mitäänsanomaton,0,0,0,0,0,0,0,0,0,0
olematon,0,0,0,0,0,0,0,0,0,0
maksamatta jättäminen,0,0,0,0,0,0,0,0,0,0
ei asukas,0,0,0,0,0,0,0,0,0,0
hölynpöly,0,0,0,0,0,1,0,0,0,0
järjetöntä,0,0,0,0,0,1,0,1,0,0
nuudeli,0,0,0,0,0,0,0,0,0,0
nurkka,0,0,0,0,0,0,0,0,0,0
keskipäivä,0,0,0,0,0,0,0,0,0,0
hirttosilmukka,0,0,0,0,0,1,0,1,0,0
normi,0,0,0,0,0,0,0,0,0,0
normaali,0,0,0,0,0,0,0,0,0,0
normaalius,0,0,0,0,0,0,0,0,0,0
normaalia,0,0,0,0,0,0,1,0,0,0
nenä,0,0,1,0,0,0,0,0,0,0
nostalgia,0,0,0,0,0,0,0,0,0,0
sieraimeen,0,0,0,0,0,0,0,0,0,0
huomattava,0,0,0,0,1,0,1,0,0,1
huomionarvoisia,0,0,0,0,0,0,1,0,0,0
erityisesti,0,0,0,0,0,0,0,0,0,0
notaari,0,0,0,0,0,0,0,0,0,1
merkintä,0,0,0,0,0,0,0,0,0,0
lovi,0,0,0,0,0,0,0,0,0,0
lovettu,0,0,0,0,0,0,0,0,0,0
merkintä,0,0,0,0,0,0,0,0,0,0
muistikirja,0,0,0,0,0,0,0,0,0,0
huomioitu,0,0,0,0,0,0,1,0,0,0
huomionarvoista,0,0,0,0,0,0,0,0,0,0
tyhjyys,0,0,0,0,0,1,0,1,0,0
ilmoitus,0,0,0,0,0,0,0,0,0,0
havaittavissa,0,0,0,0,0,0,0,0,0,0
ilmoitus,0,1,0,0,0,0,0,0,0,0
ilmoittaa,0,0,0,0,0,0,0,0,0,0
käsite,0,0,0,0,0,0,1,0,0,0
kuvitteellinen,0,0,0,0,0,0,0,0,0,0
kuuluisuus,1,0,1,1,0,1,1,0,0,0
huolimatta,0,0,0,0,0,0,0,0,0,0
ei mitään,0,0,0,0,0,0,0,0,0,0
substantiivi,0,0,0,0,0,0,0,0,0,0
ruokkia,0,0,0,0,0,0,0,0,0,0
ravintoa,0,0,0,0,0,0,1,0,0,0
nouveau,0,0,0,0,0,0,0,0,0,0
uutuus,0,0,0,0,0,0,0,0,0,0
noviisi,0,0,0,0,0,0,0,0,0,0
nykyään,0,0,0,0,0,0,0,0,0,0
haitallista,0,0,1,1,0,1,0,0,0,0
suutin,0,0,0,0,0,0,0,0,0,0
vivahde,0,0,0,0,0,0,0,0,0,0
vivahteita,0,0,0,0,0,0,0,0,0,0
ydin,0,0,0,0,0,0,0,0,0,0
alaston,0,0,0,0,0,0,0,0,0,0
tökätä,0,0,0,0,0,0,0,0,0,0
alastomuus,0,0,0,0,0,0,0,0,0,0
nugget,0,0,0,0,0,0,0,0,0,0
haittaa,1,0,0,0,0,1,0,0,0,0
null,0,0,0,0,0,1,0,0,0,0
tyhjä,0,0,0,0,0,0,0,0,0,0
mitätöidä,0,0,0,0,0,1,0,0,1,0
tunnoton,0,0,0,0,0,1,0,0,0,0
määrä,0,0,0,0,0,0,0,0,0,0
numerointi,0,0,0,0,0,0,0,0,0,0
numeroita,0,0,0,0,0,0,1,0,0,0
tunnottomuus,0,0,0,0,0,1,0,1,0,0
numero,0,0,0,0,0,0,0,0,0,0
osoittaja,0,0,0,0,0,0,0,0,0,0
numeerinen,0,0,0,0,0,0,0,0,0,0
numeerisesti,0,0,0,0,0,0,0,0,0,0
lukuisia,0,0,0,0,0,0,0,0,0,0
nunna,0,0,0,0,0,1,0,0,0,1
sairaanhoitaja,0,0,0,0,0,0,1,0,0,1
lastentarha,0,0,0,0,1,0,1,0,0,1
vaalia,1,1,1,1,1,0,1,0,0,1
muskottipähkinä,0,0,0,0,0,0,0,0,0,0
ravitsemus,0,0,0,0,0,0,0,0,0,0
ravitsevaa,0,0,0,0,0,0,1,1,0,0
ravitsevaa,0,0,0,0,0,0,0,0,0,0
pähkinät,0,0,0,0,0,0,0,0,0,0
nymfi,0,0,0,0,0,0,0,0,0,0
ääliö,0,0,0,0,0,1,0,0,0,0
tammi-,0,0,0,0,0,0,1,0,0,0
airo,0,0,0,0,0,0,0,0,0,0
keidas,0,1,0,0,1,0,1,0,0,1
vala,0,0,0,0,0,0,1,0,0,1
kaurapuuro,0,0,0,0,0,0,0,0,0,0
tottelevaisuus,0,0,0,0,0,0,1,0,0,1
tottelevainen,0,0,0,0,0,0,0,0,0,0
kuuliaisesti,0,0,0,0,0,0,0,0,0,0
obeliski,0,0,0,0,0,0,0,0,0,0
ylipainoinen,0,0,1,0,0,1,0,0,0,0
lihavuus,0,0,1,0,0,1,0,1,0,0
totella,0,0,0,1,0,0,0,0,0,1
obi,0,0,1,1,0,1,0,0,0,0
obit,0,0,0,0,0,1,0,1,1,0
muistokirjoitus,0,0,0,0,0,1,0,1,0,0
esine,0,0,0,0,0,0,0,0,0,0
vastalause,1,0,0,0,0,1,0,0,0,0
vastenmielistä,0,0,0,0,0,1,0,0,0,0
tavoite,0,1,0,0,0,0,1,0,0,1
vaatimus,0,0,0,0,0,0,0,0,0,0
pakollinen,0,0,0,0,0,0,0,0,0,0
velvoittaa,0,0,0,0,0,1,0,0,0,1
velvollinen,0,0,0,0,0,0,0,0,0,0
velvoittava,1,1,1,1,1,0,1,0,1,1
velallinen,0,0,0,1,0,1,0,0,0,0
vino,0,0,0,0,0,0,0,0,0,0
hävittää,1,0,0,1,0,1,0,1,0,0
hävitetty,1,0,0,1,0,1,0,0,0,0
täystuho,0,0,0,1,0,1,0,1,0,0
unohdus,1,0,0,1,0,1,0,0,0,0
huomaamaton,0,0,0,0,0,0,0,0,0,0
pitkulainen,0,0,0,0,0,0,0,0,0,0
vastenmielinen,1,0,1,0,0,1,0,1,0,0
oboe,0,0,0,0,0,0,0,0,0,0
säädytöntä,0,0,1,0,0,1,0,0,0,0
törkeys,1,0,1,0,0,1,0,0,0,0
epäselvä,0,0,0,0,0,0,0,0,0,0
hämärtynyt,0,0,0,0,0,0,0,0,0,0
epäselvyys,0,0,0,0,0,1,0,0,0,0
noudattaminen,0,0,0,0,0,0,0,0,0,0
tarkkaavainen,0,0,0,0,0,0,1,0,0,0
havainto,0,0,0,0,0,0,0,0,0,0
observatorio,0,0,0,0,0,0,0,0,0,0
tarkkailla,0,0,0,0,0,0,0,0,0,0
tarkkailija,0,0,0,0,0,0,0,0,0,0
tarkkailemalla,0,0,0,0,0,0,0,0,0,0
pakkomielle,0,0,0,0,0,0,0,0,0,0
vanhentuminen,0,0,0,0,0,0,0,0,0,0
este,1,0,0,1,0,1,0,1,0,0
synnytyslääkäri,0,0,0,0,0,0,0,0,0,1
synnytys,0,0,0,0,0,0,0,0,0,0
itsepäinen,0,0,0,0,0,1,0,0,0,0
estää,1,0,0,1,0,1,0,0,0,0
estäminen,0,0,0,0,0,1,0,0,0,0
obstruktiivinen,1,0,0,0,0,1,0,0,0,0
saada,0,0,0,0,0,0,0,0,0,0
saatavissa,0,0,0,0,1,0,1,0,0,0
tylppä,0,0,0,0,0,1,0,0,0,0
kääntöpuoli,0,0,0,0,0,0,0,0,0,0
ilmeinen,0,0,0,0,0,0,1,0,0,1
okarina,0,0,0,0,0,0,0,0,0,0
tilaisuus,0,0,0,0,0,0,0,0,0,0
satunnaista,0,0,0,0,0,0,0,0,1,0
silloin tällöin,0,0,0,0,0,0,0,0,0,0
okkluusio,0,0,0,0,0,0,0,0,0,0
okkultismi,0,0,1,1,0,1,0,0,0,0
käyttöaste,0,0,0,0,0,0,0,0,0,0
asukas,0,0,0,0,0,0,1,0,0,1
ammatti,0,0,0,0,0,0,1,0,0,0
miehitetty,0,0,0,0,0,0,0,0,0,0
miehittäjä,0,0,0,0,0,0,0,0,0,0
miehittää,0,0,0,0,0,0,1,0,0,0
miehittää,0,0,0,0,0,0,0,0,0,0
esiintyä,0,0,0,0,0,0,0,0,0,0
esiintyminen,0,0,0,0,0,0,0,0,0,0
valtameri,0,0,0,0,0,0,0,0,0,0
valtamerellinen,0,0,0,0,0,0,0,0,0,0
kahdeksankulmio,0,0,0,0,0,0,0,0,0,0
oktaavi,0,0,0,0,0,0,0,0,0,0
mustekala,0,0,1,0,0,0,0,0,0,0
okulaarinen,0,0,0,0,0,0,0,0,0,0
kummajainen,0,0,1,0,0,1,0,1,1,0
kertoimet,0,0,0,0,0,0,0,0,0,0
oodi,0,0,0,0,0,0,0,0,0,0
vastenmielistä,1,0,1,1,0,1,0,0,0,0
matkamittari,0,0,0,0,0,0,0,0,0,0
haju,0,0,0,0,0,1,0,0,0,0
estrogeeni,0,0,0,0,0,0,0,0,0,0
teos,0,0,0,0,0,0,0,0,0,0
sisäelimet,0,0,0,0,0,0,0,0,0,0
loukata,1,0,1,0,0,1,0,0,0,0
loukkaantunut,1,0,0,0,0,1,0,1,0,0
rikoksentekijä,1,0,1,1,0,1,0,1,0,0
rikkomus,1,0,1,1,0,1,0,1,0,0
loukkaava,1,0,1,0,0,1,0,0,0,0
tarjous,0,0,0,0,0,0,1,0,0,0
tarjottu,0,0,0,0,0,0,0,0,0,0
tarjoamalla,0,0,0,0,0,0,0,0,0,1
suoralta kädeltä,0,0,0,0,0,1,0,0,0,0
toimisto,0,0,0,0,0,0,0,0,0,0
upseeri,0,0,0,0,0,0,1,0,0,1
toimistot,0,0,0,0,0,0,0,0,0,0
virallinen,0,0,0,0,0,0,0,0,0,1
toimittamaan,0,0,0,0,0,0,0,0,0,0
avautumassa,0,0,0,0,0,1,0,0,0,0
purkaa,0,0,0,0,0,0,0,0,0,0
offset,0,1,0,0,0,0,1,0,0,0
sivuhaara,0,0,0,0,0,0,1,0,0,0
paitsiossa,0,0,0,0,0,0,0,0,0,0
usein,0,0,0,0,0,0,0,0,0,0
useita kertoja,0,0,0,0,0,0,0,0,0,0
ogre,0,0,1,1,0,1,0,0,0,0
öljy,0,0,0,0,0,0,0,0,0,0
öljyt,0,0,0,0,0,0,0,0,0,0
voide,0,0,0,0,0,0,0,0,0,0
haju-,0,1,0,0,0,1,0,0,0,0
oligarkia,0,0,0,0,0,1,0,0,0,0
oliivi-,0,0,0,0,0,0,0,0,0,0
omega,0,0,0,0,0,0,0,0,0,0
munakas,0,0,0,0,0,0,0,0,0,0
enne,0,1,0,1,0,1,0,0,0,0
pahaenteinen,0,1,0,1,0,1,0,0,0,0
laiminlyönti,0,0,0,0,0,0,0,0,0,0
jättää pois,0,0,0,0,0,1,0,0,0,0
jätetty pois,0,0,0,0,0,0,0,0,0,0
omnibus,0,0,0,0,0,0,0,0,0,0
kaikkivaltius,0,0,0,1,0,1,1,0,0,0
kaikkivoipa,0,0,0,0,0,0,0,0,0,0
kaikkialla läsnä oleva,0,0,0,0,0,0,0,0,0,0
kaikkitietävä,0,0,0,0,0,0,1,0,0,1
onkologi,0,0,0,0,0,0,0,0,0,0
ykseys,0,0,0,0,0,0,0,0,0,0
raskasta,1,0,0,0,0,1,0,1,0,0
itse,0,0,0,0,0,0,0,0,0,0
meneillään oleva,0,1,0,0,0,0,0,0,0,0
sipuli,0,0,0,0,0,0,0,0,0,0
alkaa,0,1,0,0,0,0,0,0,0,0
hyökkäystä,0,0,0,0,0,0,0,0,0,0
ontologia,0,0,0,0,0,0,0,0,0,0
velvollisuus,0,0,0,0,0,1,0,0,0,0
eteenpäin,0,0,0,0,0,0,0,0,0,0
onyx,0,0,0,0,0,0,0,0,0,0
tihkua,0,0,1,0,0,1,0,0,0,0
tihkuu,0,0,0,0,0,0,0,0,0,0
opasiteetti,0,0,0,0,0,0,0,0,0,0
opaali,0,0,0,0,0,0,0,0,0,0
läpinäkymätön,0,0,0,0,0,1,0,0,0,0
op,0,0,0,0,0,0,0,0,0,0
avata,0,0,0,0,0,0,0,0,0,0
avaaja,0,0,0,0,0,0,0,0,0,0
avaaminen,0,0,0,0,0,0,0,0,0,0
avoimesti,0,0,0,0,0,0,0,0,0,0
avoimuus,0,0,0,0,0,0,1,0,0,0
ooppera,1,1,0,1,1,0,1,1,1,1
ooppera-,0,0,0,0,0,1,0,0,0,0
operaatio,0,0,0,1,0,0,0,0,0,1
toiminnot,0,0,0,0,0,0,0,0,0,0
operatiivinen,0,0,0,0,0,0,0,0,0,0
operaattori,0,0,0,0,0,0,0,0,0,0
oftalminen,0,0,0,0,0,0,0,0,0,0
silmälääkäri,0,0,0,0,0,0,0,0,0,0
opiaatteja,0,0,0,0,0,1,0,0,0,0
lausunto,0,0,0,0,0,0,0,0,0,0
itsepäinen,1,0,0,0,0,1,0,0,0,0
oopiumia,1,0,1,1,0,1,0,1,0,0
vastustaja,1,1,1,1,0,1,0,0,0,0
sopivaa,0,0,0,0,1,0,1,0,0,0
opportunismi,0,0,0,0,0,0,0,0,0,0
tilaisuus,0,1,0,0,0,0,1,0,0,0
vastustaa,0,0,0,0,0,1,0,0,0,0
vastustivat,1,0,0,1,0,1,0,0,0,0
vastustaa,0,0,0,0,0,0,0,0,0,0
vastapäätä,0,0,0,0,0,0,0,0,0,0
vastakohtia,0,0,0,0,0,0,0,0,0,0
oppositio,1,0,0,0,0,1,0,0,0,0
sortaa,1,0,1,1,0,1,0,1,0,0
sortoa,1,0,1,1,0,1,0,1,0,0
ahdistava,1,0,1,1,0,1,0,1,0,0
sortaja,1,0,0,1,0,1,0,1,0,0
optinen,0,0,0,0,0,0,0,0,0,0
optinen,0,0,0,0,0,0,0,0,0,0
optiikka,0,0,0,0,0,0,0,0,0,0
optimismia,0,1,0,0,1,0,1,0,1,1
optimisti,0,0,0,0,0,0,1,0,0,1
vaihtoehto,0,0,0,0,0,0,1,0,0,0
valinnainen,0,0,0,0,0,0,1,0,0,0
valinnaisesti,0,0,0,0,0,0,0,0,0,0
vaihtoehtoja,0,0,0,0,0,0,0,0,0,0
optometristi,0,0,0,0,0,0,0,0,0,0
runsaus,0,0,0,0,0,0,0,0,0,0
runsas,0,0,0,0,0,0,0,0,0,0
opus,0,0,0,0,0,0,0,0,0,0
oraakkeli,0,1,0,0,0,0,1,0,0,1
oraalinen,0,0,0,0,0,0,0,0,0,0
oranssi,0,0,0,0,0,0,0,0,0,0
puheenvuoro,0,0,0,0,0,0,1,0,0,0
puhuja,0,0,0,0,0,0,0,0,0,0
puhetaito,0,0,0,0,0,0,0,0,0,0
orb,0,0,0,0,0,0,0,0,0,0
kiertoradalla,0,0,0,0,0,0,0,0,0,0
kiertoradalla,0,0,0,0,0,0,0,0,0,0
palloja,0,0,0,0,0,0,0,0,0,0
ork,1,0,1,1,0,1,0,0,0,0
hedelmätarha,0,0,0,0,0,0,0,0,0,0
orkesteri,1,0,0,0,1,0,1,1,0,1
määrätty,0,0,0,0,0,0,1,0,0,1
koettelemus,1,0,0,0,0,1,0,0,1,0
Tilaus,0,0,0,0,0,0,0,0,0,0
järjestyksessä,0,0,0,0,0,0,1,0,0,0
määräys,0,0,0,0,0,0,0,0,0,1
tavallinen,0,0,0,0,0,0,0,0,0,0
vihkiminen,0,1,0,0,1,0,1,0,0,1
sotatarvike,0,0,0,1,0,1,0,0,0,0
malmi,0,0,0,0,0,0,0,0,0,0
oregano,0,0,0,0,0,0,0,0,0,0
urut,0,1,0,0,1,0,0,0,0,0
Luomu,0,0,0,0,0,0,1,0,0,0
organismi,0,0,0,0,0,0,0,0,0,0
urkuri,0,0,0,0,0,0,0,0,0,0
organisaatio,0,1,0,0,1,0,1,0,1,1
järjestää,0,0,0,0,0,0,1,0,0,0
järjestäytynyt,0,0,0,0,0,0,1,0,0,0
orgasmi,0,1,0,0,1,0,1,0,0,0
orgioita,0,0,0,0,0,0,0,0,0,0
orientoida,0,0,0,0,0,0,0,0,0,0
itämainen,0,0,0,0,0,0,0,0,0,0
suuntautuminen,0,0,0,0,0,0,0,0,0,0
aukko,0,0,0,0,0,0,0,0,0,0
alkuperä,0,0,0,0,0,0,0,0,0,0
omaperäisyys,0,0,0,0,0,0,1,0,1,0
olla peräisin,0,0,0,0,0,0,0,0,0,0
alkuperä,0,0,0,0,0,0,0,0,0,0
alullepanija,0,0,0,0,0,0,0,0,0,0
ornamentti,0,0,0,0,0,0,0,0,0,0
koriste-,0,0,0,0,0,0,0,0,0,0
koristelu,0,0,0,0,0,0,0,0,0,0
koristeltu,0,0,0,0,0,0,1,0,0,0
koristeellinen,0,0,0,0,0,0,1,0,0,0
orpo,0,0,0,1,0,1,0,1,0,0
ortodoksinen,0,0,0,0,0,0,0,0,0,0
ortodoksisuus,0,0,0,0,0,0,0,0,0,1
ortogonaalinen,0,0,0,0,0,0,0,0,0,0
värähtelee,0,0,0,0,0,0,0,0,0,0
värähtelevä,0,0,0,0,0,0,0,0,0,0
värähtely,0,0,0,0,0,0,0,0,0,0
värähtelevä,0,0,0,0,0,0,0,0,0,0
näennäinen,0,0,0,0,0,0,0,0,0,0
näennäisesti,0,0,0,0,0,1,0,0,0,0
strutsi,0,0,0,0,0,0,0,0,0,0
Otto,0,0,0,0,0,0,0,0,0,0
ottomaanit,0,0,0,0,0,0,0,0,0,0
unssi,0,0,0,0,0,0,0,0,0,0
syrjäyttää,1,0,0,0,0,1,0,1,0,0
taudin puhkeaminen,0,0,0,0,0,0,0,0,0,0
purkaus,1,0,0,1,1,1,1,1,1,0
hylkiö,0,0,1,1,0,1,0,1,0,0
tulokset,0,0,0,0,0,0,1,0,0,0
huutoa,1,0,0,1,0,1,0,0,1,0
päihittää,0,1,0,0,0,0,1,0,0,0
ulkona,0,0,0,0,0,0,0,0,0,0
asu,0,0,0,0,0,0,0,0,0,0
kasvaa ulos,0,0,0,0,0,0,0,0,0,0
uloskasvu,0,0,0,0,0,0,0,0,0,0
ulkohuussi,0,0,1,0,0,1,0,0,0,0
retki,0,0,0,0,0,0,0,0,0,0
omituinen,0,0,0,0,0,1,0,0,0,0
kestää kauemmin,0,0,0,0,0,0,0,0,0,0
lainsuojaton,0,0,0,0,0,1,0,0,0,0
pistorasiaan,0,0,0,0,0,0,0,0,0,0
ääriviivat,0,0,0,0,0,0,0,0,0,0
ääriviivat,0,0,0,0,0,0,0,0,0,0
näkymät,0,0,0,0,0,0,0,0,0,0
syrjäinen,0,0,0,0,0,0,0,0,0,0
enemmän kuin määrä,0,0,0,0,0,0,0,0,0,0
etuvartio,0,0,0,1,0,0,0,0,0,0
vuotamista,0,0,0,0,0,0,0,0,0,0
ulostulo,0,0,0,0,0,0,0,0,0,0
raivoa,1,0,1,0,0,1,0,0,0,0
törkeää,0,0,0,0,0,0,0,0,1,0
suoraan,0,0,0,0,0,0,0,0,0,0
päihittää,0,0,0,0,0,0,0,0,0,0
alussa,0,0,0,0,0,0,0,0,0,0
ulkopuolinen,0,0,0,1,0,0,0,0,0,0
laitamilla,0,0,0,0,0,0,0,0,0,0
suorasanainen,0,0,0,0,0,0,0,0,0,0
erinomainen,0,0,0,0,1,1,1,0,0,0
ojossa,0,0,0,0,0,0,0,0,0,0
ulospäin,0,0,0,0,0,0,1,0,0,0
ulospäin,0,0,0,0,0,0,0,0,0,0
painaa enemmän,0,0,0,0,0,0,0,0,0,0
soikea,0,0,0,0,0,0,0,0,0,0
munasarja,0,0,0,0,0,0,0,0,0,0
soikea,0,0,0,0,0,0,0,0,0,0
suosionosoitukset,0,0,0,0,0,1,0,1,0,0
uuni,0,0,0,0,0,0,0,0,0,0
haalarit,0,0,0,0,0,0,0,0,0,0
dominoiva,1,0,0,0,0,1,0,0,0,0
ylikuormittaa,0,0,0,0,0,1,0,0,0,0
pilvinen,0,0,0,0,0,1,0,0,0,0
ylihinnoiteltu,0,0,0,0,0,0,0,0,0,0
päällystakki,0,0,0,0,0,0,0,0,0,0
liioitella,0,0,0,0,0,1,0,0,0,0
yliannostus,0,0,0,0,0,1,0,0,0,0
myöhässä,0,1,0,0,0,1,0,1,1,0
yliarvioida,0,0,0,0,0,0,0,0,1,0
yliarvioitu,0,0,0,0,0,1,0,0,0,0
ylivuoto,0,0,0,0,0,1,0,0,0,0
ylivuoto,0,0,0,0,0,0,0,0,0,0
umpeen kasvanut,0,0,0,0,0,1,0,0,0,0
liikakasvu,0,0,0,0,0,0,0,0,0,0
ulkoneva,0,0,0,0,0,0,0,0,0,0
peruskorjaus,0,0,0,0,0,0,0,0,0,0
yläpuolella,0,0,0,0,0,0,0,0,0,0
ikionnellinen,0,0,0,0,1,0,1,0,0,0
peitetty,0,0,0,0,0,0,0,0,0,0
päällekkäin,0,0,0,0,0,0,0,0,0,0
peittokuva,0,0,0,0,0,0,0,0,0,0
ylikuormitus,0,0,0,0,0,1,0,1,0,0
päällekkäinen,0,0,0,0,0,0,0,0,0,0
liikaa maksettu,0,0,0,0,0,1,0,0,0,0
ylikulkusilta,0,0,0,0,0,0,0,0,0,0
kukistaa,0,0,0,0,0,1,0,0,0,0
vastustamaton,1,0,0,1,0,1,0,0,0,0
ylihinnoiteltu,1,0,1,0,0,1,0,1,0,0
ohittaa,0,0,0,0,0,0,0,0,0,0
kumota,0,0,0,0,0,0,0,0,0,0
työnjohtaja,0,0,0,0,0,0,0,0,0,0
varjostaa,0,0,0,0,0,0,0,0,0,0
valvontaa,0,0,0,0,0,1,0,0,0,0
liioitella,0,0,0,0,0,0,0,0,0,0
ylivarastoa,0,0,0,0,0,0,0,0,0,0
avoin,0,0,0,1,0,0,0,0,0,0
ohittaa,0,0,0,0,0,0,0,0,0,0
ohitettu,0,0,0,0,0,0,0,0,0,0
kaataa,0,1,0,1,0,1,0,0,0,0
alkusoitto,0,1,0,0,0,0,0,0,0,0
kaatua,0,0,0,0,0,1,0,0,0,0
musertaa,0,0,0,0,0,1,0,0,0,0
ällikällä lyöty,0,0,0,0,0,1,0,1,0,0
ylivoimainen,0,0,0,0,0,0,1,0,0,0
yliinnokas,0,0,0,0,0,0,0,0,0,0
olla velkaa,0,0,0,0,0,0,0,0,0,0
velkaa,1,1,1,1,0,1,0,1,0,1
omistaja,0,0,0,0,0,0,0,0,0,0
omistus,0,0,0,0,0,0,1,0,0,0
härkä,0,0,0,0,0,0,0,0,0,0
hapettumista,0,0,0,0,0,1,0,0,0,0
happi,0,0,0,0,0,0,0,0,0,0
itseristiriita,0,0,0,0,0,0,0,0,0,0
osteri,0,0,0,0,0,0,0,0,0,0
vauhti,0,0,0,0,0,0,0,0,0,0
Tyynenmeren,0,0,0,0,0,0,1,0,0,0
rauhoittaa,0,0,0,0,0,0,0,0,0,0
pakkaus,0,0,0,0,0,0,0,0,0,0
paketti,0,0,0,0,0,0,0,0,0,0
pakkaaja,0,0,0,0,0,0,0,0,0,0
paketti,0,0,0,0,0,0,0,0,0,0
sopimus,0,0,0,0,0,0,0,0,0,1
pad,0,0,0,0,0,0,1,0,0,0
pehmuste,0,0,0,0,0,0,1,0,0,0
meloa,0,1,0,0,0,0,1,0,0,0
aitaus,0,0,0,0,0,0,0,0,0,0
paddy,0,0,0,0,0,0,0,0,0,0
riippulukko,0,0,0,0,0,0,0,0,0,0
isä,0,0,0,0,0,0,0,0,0,0
pakanallinen,0,0,0,0,0,0,0,0,0,0
pakanuus,0,0,0,0,0,0,0,0,0,0
sivu,0,0,0,0,0,0,0,0,0,0
näytelmä,0,0,0,0,0,0,0,0,0,0
sivunumerointi,0,0,0,0,0,0,0,0,0,0
pagodi,0,0,0,0,0,0,0,0,0,0
sanko,0,0,0,0,0,0,0,0,0,0
kipu,0,0,0,1,0,1,0,1,0,0
kipeänä,0,0,0,1,0,1,0,1,0,0
tuskallista,1,0,1,1,0,1,0,1,0,0
tuskallisen,0,0,0,0,0,1,0,1,0,0
kivuton,0,0,0,0,0,0,0,0,0,0
kipuja,0,0,0,0,0,1,0,0,0,0
tunnollinen,0,0,0,0,0,0,0,0,0,0
maali-,0,0,0,0,0,0,0,0,0,0
maalattu,0,0,0,0,0,0,0,0,0,0
taidemaalari,0,0,0,0,0,0,0,0,0,0
maalaus,0,0,0,0,0,0,0,0,0,0
pari,0,0,0,0,0,0,0,0,0,0
pyjama,0,0,0,0,0,0,0,0,0,0
kaveri,0,0,0,0,0,0,0,0,0,0
palatsi,0,0,0,0,0,0,0,0,0,0
maukas,0,0,0,0,0,0,1,0,0,0
maku,0,0,0,0,0,0,0,0,0,0
paleontologia,0,0,0,0,0,0,0,0,0,0
paletti,0,0,0,0,0,0,0,0,0,0
pall,0,0,0,0,0,0,0,0,0,0
palladium,0,0,0,0,0,0,0,0,0,0
lava,0,0,0,0,0,0,0,0,0,0
lievittävä,0,0,0,0,0,0,1,0,0,0
kämmen,0,0,0,0,0,0,0,0,0,0
palmer,0,0,0,0,0,0,0,0,0,0
käsin kosketeltava,0,0,0,0,0,0,0,0,1,0
halvaus,0,0,1,1,0,1,0,1,0,0
vaatimaton,0,0,0,0,0,0,0,0,0,0
hemmotella,0,0,0,0,0,0,0,0,0,0
pamfletti,0,0,0,0,0,0,0,0,0,0
panoroida,0,0,0,0,0,0,0,0,0,0
ihmelääke,0,0,0,0,0,0,1,0,0,0
panache,0,0,0,0,0,0,1,0,0,0
pannukakku,0,0,0,0,0,0,0,0,0,0
pandeeminen,0,0,0,1,0,1,0,1,0,0
paneeli,0,0,0,0,0,0,0,0,0,0
pang,0,0,0,0,0,1,0,0,1,0
paniikki,0,0,0,1,0,1,0,0,0,0
paniiri,0,0,0,0,0,0,1,0,0,0
panoraama,0,0,0,0,0,0,0,0,0,0
panoraama,0,0,0,0,0,0,0,0,0,0
huohottaa,0,0,0,0,0,0,0,0,0,0
panteoni,0,0,0,0,0,0,0,0,0,0
pantteri,0,0,0,0,0,0,0,0,0,0
pikkuhousut,0,0,0,0,0,0,0,0,0,0
pantomiimi,0,0,0,0,0,0,0,0,0,0
ruokakomero,0,0,0,0,0,0,0,0,0,0
housut,0,0,0,0,0,0,0,0,0,0
pap,0,0,0,0,0,0,0,0,0,0
paavinvalta,0,0,0,0,0,0,0,0,0,0
paavin-,0,0,0,0,0,0,0,0,0,0
paperi,0,0,0,0,0,0,0,0,0,0
paprika,0,0,0,0,0,0,1,0,0,0
papyrus,0,0,0,0,0,0,0,0,0,0
par,0,0,0,0,0,0,0,0,0,0
vertaus,0,0,0,0,0,0,0,0,0,0
paraabeli,0,0,0,0,0,0,0,0,0,0
parabolinen,0,0,0,0,0,0,0,0,0,0
laskuvarjo,0,0,0,1,0,0,0,0,0,0
paraati,0,1,0,1,1,1,1,0,1,0
paradigma,0,0,0,0,0,0,0,0,0,0
paradoksi,0,0,0,0,0,0,0,0,0,0
paradoksaalista,0,0,0,0,0,0,0,0,0,0
parafiini,0,0,0,0,0,0,0,0,0,0
esikuva,0,1,0,0,1,0,1,0,0,1
kohta,0,0,0,0,0,0,0,0,0,0
parallaksi,0,0,0,0,0,0,0,0,0,0
rinnakkain,0,0,0,0,0,0,0,0,0,0
rinnakkaisuus,0,0,0,0,0,0,0,0,0,0
halvaus,1,1,0,1,0,1,0,1,0,0
tärkeintä,0,0,0,0,0,0,1,0,0,0
vainoharhaisuus,0,0,0,1,0,1,0,0,0,0
kaide,0,0,0,0,0,0,0,0,0,0
tarvikkeita,0,0,0,0,0,0,0,0,0,0
parafraasi,0,0,0,0,0,1,1,0,0,0
loinen,0,0,1,1,0,1,0,0,0,0
päivänvarjo,0,0,0,0,0,0,0,0,0,0
paketti,0,0,0,0,0,0,0,0,0,0
paketteja,0,0,0,0,0,0,0,0,0,0
pergamentti,0,0,0,0,0,0,0,0,0,0
Anteeksi,0,0,0,0,0,0,1,0,0,0
leikata,1,1,0,1,0,1,0,1,0,0
parenkyymi,0,0,0,0,0,0,0,0,0,0
vanhempi,0,0,0,0,0,0,0,0,0,0
syntyperä,0,0,0,0,0,0,1,0,0,0
vanhempien,0,0,0,0,0,0,0,0,0,0
suluissa,0,0,0,0,0,0,0,0,0,0
suluissa,0,0,0,0,0,0,0,0,0,0
parietaalinen,0,0,0,0,0,0,1,0,0,1
leikkaus,0,0,0,0,0,0,0,0,0,0
seurakunta,0,0,0,0,0,0,0,0,0,1
pariteetti,0,0,0,0,0,0,0,0,0,0
pysäköidä,0,0,0,0,0,0,0,0,0,0
kielenkäyttöä,0,0,0,0,0,0,0,0,0,0
parlamentti,0,0,0,0,0,0,0,0,0,1
parlamentin,0,0,0,0,0,0,0,0,0,0
sali,0,0,0,0,0,0,0,0,0,0
ehdonalaiseen,0,1,0,0,0,0,0,0,0,0
parketti,0,0,0,0,0,0,0,0,0,0
papukaija,0,0,1,0,0,1,0,0,0,0
torjua,0,0,0,0,0,0,0,0,0,0
jäsentää,0,0,0,0,0,0,0,0,0,0
vähävarainen,0,0,0,0,0,1,0,0,0,0
vähävaraisuus,0,0,0,0,0,0,0,0,0,0
persilja,0,0,0,0,0,0,0,0,0,0
pappi,0,0,0,0,0,0,0,0,0,0
osa,0,0,0,0,0,0,0,0,0,0
osallistua,0,0,0,0,0,0,1,0,0,1
puolueellisuus,0,0,0,0,0,0,0,0,0,0
osittain,0,0,0,0,0,0,0,0,0,0
osallistua,0,0,0,0,0,0,0,0,0,0
osallistuminen,0,0,0,0,0,0,1,0,0,0
hiukkanen,0,0,0,0,0,0,0,0,0,0
erityisyys,0,0,0,0,0,0,0,0,0,0
yksityiskohtia,0,0,0,0,0,0,0,0,0,0
jakaus,0,0,0,0,0,0,0,1,0,0
puolueellinen,0,0,0,0,0,1,0,0,0,0
puolueellisuudesta,0,0,0,0,0,0,0,0,0,0
osio,0,0,0,0,0,0,0,0,0,0
osittain,0,0,0,0,0,0,0,0,0,0
kumppani,0,0,0,0,0,0,1,0,0,0
kumppanuutta,0,0,0,0,0,0,1,0,0,1
osat,0,0,0,0,0,0,0,0,0,0
juhla,0,0,0,0,0,0,0,0,0,0
pas,0,0,0,0,0,0,0,0,0,0
kulkea,0,0,0,0,0,0,0,0,0,0
kelvollinen,0,0,0,0,0,0,0,0,0,0
kulku,0,0,0,0,0,0,0,0,0,0
käytävä,0,0,0,0,0,0,0,0,0,0
kulkea,0,0,0,0,0,1,0,0,0,0
matkustaja,0,1,0,0,0,0,0,0,0,0
passim,0,0,0,0,0,0,0,0,0,0
ohimennen,0,0,0,0,0,0,0,0,0,0
intohimo,0,1,0,0,1,0,1,0,0,1
intohimoinen,0,1,0,0,1,0,1,0,0,1
passiivinen,0,0,0,0,0,1,0,0,0,0
passiivisuus,0,0,0,0,0,1,0,0,0,0
passi,0,0,0,0,0,0,0,0,0,0
mennyt,0,0,0,0,0,0,0,0,0,0
liitä,0,0,0,0,0,0,0,0,0,0
pastelli,0,0,0,0,0,0,0,0,0,0
ajanvietettä,0,0,0,0,0,0,1,0,0,0
pastori,0,0,0,0,1,0,1,0,0,1
leivonnainen,0,0,0,0,1,0,1,0,0,0
laidunta,0,0,0,0,0,0,1,0,0,0
tahnamainen,0,0,0,0,0,0,0,0,0,0
pat,0,0,0,0,0,0,0,0,0,0
laastari,0,0,0,0,0,1,0,0,0,0
tilkkutäkki,0,0,0,0,0,0,0,0,0,0
pate,0,0,0,0,0,0,0,0,0,0
polvilumpio,0,0,0,0,0,0,0,0,0,0
patentti-,0,0,0,0,0,0,1,0,0,0
isän,0,0,0,0,0,0,0,0,0,0
isyys,0,0,0,0,0,0,0,0,0,0
polku,0,0,0,0,0,0,0,0,0,0
säälittävä,0,0,1,0,0,1,0,1,0,0
patologia,0,0,0,0,0,0,0,0,0,0
paatos,0,0,0,0,0,0,0,0,0,0
polku,0,0,0,0,0,0,0,0,0,0
kärsivällisyyttä,0,1,0,0,0,0,1,0,0,1
kärsivällinen,0,1,0,0,0,0,1,0,0,0
patio,0,0,0,0,0,0,0,0,0,0
patriarkka,0,0,0,0,0,0,0,0,0,0
patriarkaalinen,0,0,0,0,0,0,1,0,0,1
perintö,0,0,0,0,0,0,0,0,0,0
patriootti,0,0,0,0,0,0,0,0,0,0
isänmaallinen,0,0,0,0,0,0,0,0,0,0
isänmaallisuus,0,0,0,0,0,0,0,0,0,0
partio,0,0,0,0,0,0,0,0,0,1
suojelija,0,0,0,0,0,0,1,0,0,1
asiakassuhde,0,0,0,0,0,0,1,0,0,1
holhota,0,0,0,0,0,0,0,0,0,0
holhoava,0,0,0,0,0,1,0,0,0,0
kipittää,1,0,0,0,0,1,0,0,0,0
kuvio,0,0,0,0,0,0,0,0,0,0
niukkuutta,1,0,1,0,0,1,0,1,0,0
vaivainen,0,0,0,0,0,1,0,1,0,0
tauko,0,0,0,0,0,0,0,0,0,0
tasoittaa,0,0,0,0,0,0,0,0,0,0
jalkakäytävä,0,0,0,0,0,0,0,0,0,1
paviljonki,0,0,0,0,0,0,0,0,0,0
päällystys,0,0,0,0,0,0,0,0,0,0
tassu,0,0,0,0,0,0,0,0,0,0
sotilas,0,0,0,0,0,1,0,0,0,1
pax,0,0,0,0,0,0,0,0,0,0
maksaa,0,1,0,0,1,0,1,0,0,1
takaisinmaksu,1,0,0,0,0,1,0,0,0,0
maksaja,0,0,0,0,0,0,0,0,0,0
maksu,0,0,0,0,0,1,0,0,0,0
herne,0,0,0,0,0,0,0,0,0,0
rauhaa,0,1,0,0,1,0,1,0,0,1
rauhallinen,0,0,0,0,0,0,1,0,0,0
rauhallinen,0,1,0,0,1,0,1,0,1,1
riikinkukko,0,0,0,0,0,0,1,0,0,0
huippu,0,0,0,0,0,0,0,0,0,0
huipussaan,0,0,0,0,0,0,0,0,0,0
helmi-,0,0,0,0,0,0,0,0,0,0
talonpoika,0,0,0,0,0,0,0,0,0,0
turve,0,0,0,0,0,0,0,0,0,0
kivi,0,0,0,0,0,0,0,0,0,0
nokkia,0,0,0,0,0,0,1,0,0,0
erikoinen,0,0,0,0,0,0,0,0,0,0
erityispiirteet,0,0,0,0,0,1,0,0,0,0
erikoisuus,0,0,0,0,0,0,1,0,0,0
omituisesti,0,0,0,0,0,0,0,0,0,0
rahallinen,0,0,0,0,0,0,0,0,0,0
polkea,0,0,0,0,0,0,0,0,0,0
pedanttinen,0,0,0,0,0,0,0,0,0,0
kaupitella,0,0,0,0,0,0,0,0,0,0
jalusta,0,0,0,0,0,0,0,0,0,0
jalankulkija,0,0,0,0,0,1,0,0,0,0
lastenlääketiede,0,0,0,0,0,0,0,0,0,0
sukutaulu,0,0,0,0,0,0,1,0,0,1
askelmittari,0,0,0,0,0,0,0,0,0,0
kuori,0,0,0,0,0,0,0,0,0,0
kurkistaa,0,0,0,0,0,0,0,0,0,0
tähyillä,0,0,0,0,0,0,0,0,0,0
katsominen,0,0,0,0,0,0,0,0,0,0
verraton,0,0,0,0,0,0,1,0,0,0
tappi,0,0,0,0,0,0,0,0,0,0
tapit,0,0,0,0,0,0,0,0,0,0
pelaginen,0,0,0,0,0,0,0,0,0,0
pelletti,0,0,0,0,0,0,0,0,0,0
kynä,0,0,0,0,0,0,0,0,0,0
rangaistus,0,0,0,1,0,1,0,1,0,0
rangaistus,1,0,0,1,0,1,0,1,0,0
katumus,0,0,0,1,0,0,0,1,0,0
mieltymys,0,0,0,0,0,0,1,0,0,0
lyijykynä,0,0,0,0,0,0,0,0,0,0
riipus,0,0,0,0,0,0,0,0,0,0
riippuvuus,0,0,0,0,0,0,0,0,0,0
riippuvainen,0,0,0,0,0,0,0,0,0,0
vireillä,0,0,0,0,0,0,0,0,0,0
heiluri,0,0,0,0,0,0,0,0,0,0
tunkeutua,0,0,0,0,0,0,0,0,0,0
läpäisevä,0,0,0,0,0,0,0,0,0,0
tunkeutuminen,1,0,0,1,0,1,0,0,0,0
niemimaalla,0,0,0,0,0,0,0,0,0,0
rangaistuslaitos,1,0,0,0,0,1,0,0,0,0
viiri,0,0,0,0,0,0,0,0,0,0
rahaton,0,0,0,0,0,0,0,0,0,0
penniäkään,0,0,0,0,0,0,0,0,0,0
eläkettä,0,0,0,0,0,0,0,0,0,0
eläkeläinen,0,0,0,0,0,0,0,0,0,0
mietteliäs,0,0,0,0,0,0,0,1,0,0
viisikulmio,0,0,0,0,0,0,0,0,0,0
kattohuoneisto,0,0,0,0,0,0,0,0,0,0
toiseksi viimeinen,0,0,0,0,0,0,0,0,0,0
ihmiset,0,0,0,0,0,0,0,0,0,0
ihmisiä,0,0,0,0,0,0,0,0,0,0
pippuri,0,0,0,0,0,0,0,0,0,0
peptinen,0,0,0,0,0,0,0,0,0,0
havaita,0,0,0,0,0,0,1,0,0,1
prosentteina,0,0,0,0,0,0,0,0,0,0
havaittava,0,0,0,0,0,0,1,0,0,0
käsitys,0,0,0,0,0,0,0,0,0,0
huomaavainen,0,0,0,0,0,0,0,0,0,0
ahven,0,0,0,0,0,0,0,0,0,0
kenties,0,0,0,0,0,0,0,0,1,0
perkolaatio,0,0,0,0,0,0,0,0,0,0
lyömäsoittimet,0,0,0,0,0,0,0,0,0,0
kadotuksen,1,0,1,1,0,1,0,1,0,0
ehdoton,0,0,0,0,0,0,0,0,0,0
monivuotinen,0,0,0,0,0,0,1,0,0,1
täydellinen,0,1,0,0,1,0,1,0,0,1
täydellisyyttä,0,1,0,0,1,0,1,0,1,1
rei'itetty,0,0,0,0,0,0,0,0,0,0
rei'itys,0,0,0,0,0,0,0,0,0,0
pakostakin,0,0,0,0,0,0,0,0,0,0
suorittaa,0,0,0,0,0,0,0,0,0,0
esitys,0,0,0,0,0,0,0,0,0,0
esiintyjä,0,0,0,0,0,0,1,0,0,0
hajuvesi,0,0,0,0,0,0,0,0,0,0
hajustettu,0,0,0,0,0,0,0,0,0,0
peri,0,0,0,0,0,0,0,0,1,0
peridot,0,0,0,0,0,0,0,0,0,0
vaarassa,0,1,0,1,0,1,0,1,0,0
vaarallinen,0,1,0,1,0,1,0,1,0,0
ympärysmitta,0,0,0,0,0,0,0,0,0,0
ajanjaksoa,0,0,0,0,0,0,0,0,0,0
määräajoin,0,0,0,0,0,0,0,0,0,0
kausijulkaisu,0,0,0,0,0,0,0,0,0,0
määräajoin,0,0,0,0,0,0,0,0,0,0
jaksollisuus,0,0,0,0,0,0,0,0,0,1
reuna,0,0,0,0,0,0,0,0,0,0
hukkua,0,0,0,1,0,1,0,1,0,0
pilaantuvat,0,0,0,0,0,1,0,0,0,0
menehtyi,0,0,0,0,0,1,0,1,0,0
tuhoutumassa,0,0,0,1,0,1,0,1,0,0
väärä valaistus,0,0,0,1,0,1,0,0,1,0
lisäansiot,0,0,0,0,0,0,1,0,0,0
pysyvyys,0,0,0,0,0,0,0,0,0,0
läpäisevä,0,0,0,0,0,0,0,0,0,0
tunkeutua,0,0,0,0,0,0,0,0,0,0
läpäisy,0,0,0,0,0,0,0,0,0,0
sallittu,0,0,0,0,0,0,0,0,0,0
lupa,0,0,0,0,0,0,1,0,0,0
salliva,0,0,0,0,0,0,0,0,0,0
lupa,0,0,0,0,0,0,0,0,0,0
sallittu,0,0,0,0,0,0,0,0,0,0
salliessa,0,0,0,0,0,0,0,0,0,0
permutaatio,0,0,0,0,0,0,0,0,0,0
tuhoisa,1,0,0,1,0,1,0,1,0,0
kohtisuorassa,0,0,0,0,0,0,0,0,0,0
syyllistyä,0,0,0,0,0,0,0,0,0,0
tekijä,1,0,1,1,0,1,0,1,0,0
ikuinen,0,0,0,0,0,0,0,0,0,0
ikuisesti,0,0,0,0,0,0,0,0,0,0
ikuistaa,0,1,0,0,0,0,0,0,0,0
jatkuminen,0,0,0,0,0,1,0,0,0,0
ikuisuus,0,1,0,0,0,0,1,0,0,1
hämmentynyt,0,0,0,0,0,1,0,0,0,0
hämmentävä,0,0,0,0,0,0,0,0,0,0
hämmennystä,0,0,0,0,0,1,0,1,0,0
vainoaa,1,0,0,1,0,1,0,0,0,0
vaino,1,0,1,1,0,1,0,1,0,0
sinnikkyys,0,0,0,0,0,0,0,0,0,0
sinnikkäästi,0,0,0,0,0,0,0,0,0,0
jatkua,0,0,0,0,0,0,0,0,0,0
sitkeys,0,0,0,0,0,0,1,0,0,0
sinnikäs,0,0,0,0,0,0,1,0,0,0
jatkuvaa,0,0,0,0,0,0,0,0,0,0
henkilö,0,0,0,0,0,0,0,0,0,0
miellyttävä,0,0,0,0,0,0,1,0,0,0
persoona,0,0,0,0,0,0,0,0,0,0
henkilökohtainen,0,0,0,0,0,0,0,0,0,1
henkilöitymä,0,0,0,0,0,0,0,0,0,0
henkilöstöä,0,0,0,0,0,0,0,0,0,0
henkilöt,0,0,0,0,0,0,0,0,0,0
näkökulmasta,0,0,0,0,0,0,0,0,0,0
hiki,0,0,1,0,0,0,0,0,0,0
suostutella,0,0,0,0,0,0,0,0,0,1
suostuttelu,0,0,0,0,0,0,0,0,0,0
vakuuttava,0,0,0,0,0,0,0,0,0,0
pert,0,0,0,0,0,0,0,0,0,0
asiaankuuluvaa,0,0,0,0,0,0,1,0,0,1
häiriötä,0,0,0,1,0,1,0,0,0,0
hinkuyskä,0,0,0,0,0,1,0,0,0,0
lukeminen,0,0,0,0,0,0,0,0,0,0
tutkia,0,0,0,0,0,0,0,0,0,0
läpäisevä,0,0,0,0,0,0,0,0,0,0
perverssi,1,0,1,1,0,1,0,0,0,0
perversio,1,0,1,0,0,1,0,1,0,0
perverssi,1,0,1,0,0,1,0,0,0,0
kieroutunut,0,0,1,0,0,1,0,0,0,0
pessimismi,1,0,0,1,0,1,0,1,0,0
pessimisti,0,0,0,1,0,1,0,1,0,0
tuholainen,1,0,1,1,0,1,0,0,0,0
rutto,0,0,1,1,0,1,0,0,0,0
lemmikki-,0,0,0,0,0,1,0,0,0,0
vetoomus,0,0,0,0,0,0,0,0,0,0
vetoomuksen esittäjä,0,0,0,0,0,0,0,0,0,0
bensiini,0,0,0,0,0,0,0,0,0,0
maaöljy,0,0,1,0,0,1,1,0,0,0
hyväily,0,0,0,0,0,0,0,0,0,0
pikkumainen,0,0,0,0,0,1,0,0,0,0
penkki,0,0,0,0,0,0,0,0,0,0
tina,0,0,0,0,0,0,0,0,0,0
rivistö,0,0,0,1,0,0,0,0,0,1
haamu,0,0,0,1,0,1,0,0,0,0
farmaseuttiset,0,0,0,0,0,0,1,0,0,0
apteekki,0,0,0,0,0,0,0,0,0,0
farmakologia,0,0,0,0,0,0,0,0,0,0
apteekki,0,0,0,0,0,0,0,0,0,0
vaihe,0,0,0,0,0,0,0,0,0,0
ilmiö,0,0,0,0,0,0,0,0,0,0
hyväntekeväisyys-,0,0,0,0,0,0,0,0,0,1
hyväntekijä,0,0,0,0,0,0,1,0,0,1
hyväntekeväisyys,0,0,0,0,0,0,1,0,0,0
filosofi,0,0,0,0,0,0,1,0,0,1
filosofinen,0,0,0,0,0,0,0,0,0,0
filosofinen,0,0,0,0,0,0,0,0,0,0
filosofia,0,0,0,0,0,0,0,0,0,0
limaa,0,0,1,0,0,1,0,0,0,0
phoenix,0,0,0,0,0,0,1,0,0,0
puhelin,0,0,0,0,0,0,0,0,0,0
foneettinen,0,0,0,0,0,0,1,0,0,0
fonetiikka,0,0,0,0,0,0,0,0,0,0
äänentoistoa,0,0,0,0,0,0,0,0,0,0
levysoitin,0,0,0,0,0,0,0,0,0,0
fonologia,0,0,0,0,0,0,0,0,0,0
tekaistu,1,0,1,0,0,1,0,0,0,0
loisteaine,0,0,0,0,0,0,0,0,0,0
fosfori,0,0,0,0,0,0,0,0,0,0
kuva,0,0,0,0,0,0,0,0,0,0
valokuvauksellinen,0,0,0,0,0,0,0,0,0,0
valokuva,0,0,0,0,0,0,0,0,0,0
valokuvaaja,0,0,0,0,0,0,0,0,0,0
valokuvaus,0,0,0,0,0,0,0,0,0,0
fotometria,0,0,0,0,0,0,0,0,0,0
lause,0,0,0,0,0,0,0,0,0,0
fraseologia,0,0,0,0,0,0,0,0,0,0
fylogia,0,0,0,0,0,0,0,0,0,0
fyysistä,0,0,0,0,0,0,0,0,0,0
lääkäri,0,0,0,0,0,0,1,0,0,1
fyysikko,0,0,0,0,0,0,0,0,0,1
fysiikka,0,0,0,0,0,0,1,0,0,0
fysiologia,0,0,0,0,0,0,1,0,0,0
ruumiinrakenne,0,0,0,0,0,0,1,0,0,0
pianisti,0,0,0,0,0,0,0,0,0,0
piano,0,0,0,0,0,0,0,0,0,0
piazza,0,0,0,0,0,0,0,0,0,0
piccolo,0,0,0,0,0,0,0,0,0,0
valita,0,0,0,0,0,0,1,0,0,0
poimittu,0,0,0,0,0,0,0,0,0,0
lakkovahti,1,1,0,1,0,1,0,0,0,0
pikettiä,1,0,0,0,0,1,0,0,0,0
suolakurkku,0,0,0,0,0,1,0,0,0,0
noukkia,0,0,0,0,0,0,0,0,0,0
piknikki,0,1,0,0,1,0,1,0,1,1
kuvallinen,0,0,0,0,0,0,0,0,0,0
kuva,0,0,0,0,0,0,0,0,0,0
viehättävä,0,0,0,0,1,0,1,0,0,0
piirakka,0,0,0,0,0,0,0,0,0,0
palasittain,0,0,0,0,0,0,0,0,0,0
pied,0,0,0,0,0,0,0,0,0,0
laituri,0,0,0,0,0,0,0,0,0,0
puhkaista,0,0,0,0,0,0,0,0,0,0
hurskaus,0,0,0,0,0,0,1,0,0,0
sika,0,0,1,0,0,1,0,0,0,0
kyyhkynen,0,0,0,0,0,1,0,0,0,0
pigmentti,0,0,0,0,0,0,0,0,0,0
hauki,0,0,0,0,0,0,0,0,0,0
pino,0,0,0,0,0,0,0,0,0,0
paalut,0,0,1,0,0,1,0,0,0,0
pyhiinvaeltaja,0,0,0,0,0,0,0,0,0,0
pyhiinvaellus,0,0,0,0,0,0,0,0,0,0
pilleri,0,0,0,0,0,0,1,0,0,1
ryöstö,1,0,1,1,0,1,0,0,0,0
pilari,0,0,0,0,0,0,0,0,0,0
tyyny,0,0,0,0,0,0,1,0,0,0
tyynyliina,0,0,0,0,0,0,0,0,0,0
lentäjä,0,0,0,0,0,0,1,0,0,1
parittaja,0,0,0,0,0,1,0,0,0,0
näppylä,0,0,1,0,0,1,0,0,0,0
pin,0,0,0,0,0,0,0,0,0,0
hyppysellinen,0,0,0,0,0,0,0,0,0,0
puristamalla,0,0,0,0,0,0,0,0,0,0
mänty,0,0,0,0,0,1,0,1,0,0
ananas,0,0,0,0,0,0,0,0,0,0
ping,0,0,0,0,0,0,0,0,0,0
neulanreikä,0,0,0,0,0,0,0,0,0,0
hammaspyörä,0,0,0,1,0,1,0,0,0,0
vaaleanpunainen,0,0,0,0,0,0,0,0,0,0
huippu,0,0,0,0,0,0,1,0,0,0
edelläkävijä,0,0,0,0,0,0,1,0,0,0
hurskas,0,0,1,0,0,0,1,1,0,1
pip,0,0,0,0,0,0,0,0,0,0
putki,0,0,0,0,0,0,0,0,0,0
putkitettu,0,0,0,0,0,0,0,0,0,0
putki,0,0,0,0,0,0,0,0,0,0
piippuja,0,0,0,0,0,0,0,0,0,0
pipetti,0,0,0,0,0,0,0,0,0,0
pique,1,0,0,0,0,1,0,0,0,0
piratismi,0,0,0,0,0,1,0,0,0,0
merirosvo,1,0,0,0,0,1,0,0,0,0
piscina,0,0,0,0,0,0,0,0,0,0
pistooli,0,0,0,0,0,1,0,0,0,0
mäntä,0,0,0,0,0,0,0,0,0,0
kuoppa,0,0,0,0,0,0,0,0,0,0
piki,0,0,0,0,0,0,0,0,0,0
syöttäjä,0,0,0,0,0,0,0,0,0,0
sudenkuoppa,1,0,1,1,0,1,0,1,1,0
sisäkuori,0,0,0,0,0,0,1,0,0,1
ytimekäs,0,0,0,0,0,0,0,0,0,0
kuoppainen,0,0,0,0,0,0,0,0,0,0
sääli,0,0,0,0,0,0,0,1,0,0
pivot,0,0,0,0,0,0,1,0,0,1
pix,0,0,0,0,0,0,0,0,0,0
kyltti,0,0,0,0,0,0,0,0,1,0
paikka,0,0,0,0,0,0,0,0,0,0
plasebo,0,0,0,0,0,0,0,0,0,0
rauhallinen,0,0,0,0,0,0,1,0,0,0
lukko,0,0,0,0,0,0,0,0,0,0
plagiointi,0,0,1,0,0,1,0,0,0,0
rutto,0,0,1,1,0,1,0,1,0,0
ruudullinen,0,0,0,0,0,0,0,0,0,0
tavallinen,0,0,0,0,0,0,0,0,0,0
kantaja,0,0,0,0,0,1,0,0,0,0
haikea,0,0,0,0,0,0,0,1,0,0
suunnitelma,0,1,0,0,0,0,0,0,0,0
kone,0,0,0,0,0,0,0,0,0,0
planeetta,0,0,0,0,0,0,0,0,0,0
planetaario,0,0,0,0,0,0,0,0,0,0
planeetat,0,0,0,0,0,0,0,0,0,0
lankku,0,0,0,0,0,0,0,0,0,0
suunniteltu,0,0,0,0,0,0,0,0,0,0
suunnittelu,0,1,0,0,0,0,1,0,0,1
tehdas,0,0,0,0,0,0,0,0,0,0
istutus,0,0,0,0,0,0,0,0,0,0
istutuskone,0,0,0,0,0,0,0,0,0,0
istutus,0,0,0,0,0,0,0,0,0,0
plasma,0,0,0,0,0,0,0,0,0,0
kipsi,0,0,0,0,0,0,0,0,0,0
muovi-,0,0,0,0,0,0,0,0,0,0
plastisuus,0,0,0,0,0,0,0,0,0,0
plat,0,0,0,0,0,0,0,0,0,0
lautanen,0,0,0,0,0,0,0,0,0,0
tasangolla,0,0,0,0,0,0,0,0,0,0
pinnoitettu,0,0,0,0,0,1,0,0,0,0
alusta,0,0,0,0,0,0,0,0,0,0
pinnoitus,0,0,0,0,0,0,0,0,0,0
joukkue,0,0,0,0,0,0,0,0,0,0
vati,0,0,0,0,0,0,0,0,0,0
uskottavuus,0,0,0,0,0,0,0,0,0,0
pelata,0,0,0,0,0,0,0,0,0,0
playa,0,0,0,0,0,0,0,0,0,0
pelaaja,0,0,0,0,0,1,0,0,0,0
leikkisä,1,0,0,0,1,0,1,0,1,1
leikkikenttä,0,1,0,0,1,0,1,0,1,1
leikkimökki,0,0,0,0,1,0,1,0,0,0
leikkikaveri,0,0,0,0,0,0,0,0,0,0
näytelmäkirjailija,0,0,0,0,0,0,0,0,0,0
Plaza,0,0,0,0,0,0,0,0,0,0
vetoomus,0,1,0,1,0,1,0,1,0,0
miellyttävä,0,1,0,0,1,0,1,0,1,1
tyytyväinen,0,0,0,0,1,0,1,0,0,0
miellyttävä,0,0,0,0,1,0,1,0,0,0
vekki,0,0,0,0,0,0,0,0,0,0
laskostettu,0,0,0,0,0,0,0,0,0,0
lupaus,0,0,0,0,1,0,1,0,0,1
luvattu,0,0,0,0,0,0,0,0,0,0
täysistunnossa,0,0,0,0,0,0,1,0,0,0
runsaasti,0,0,0,0,0,0,1,0,0,0
paljon,0,0,0,0,0,0,0,0,0,0
täysistunnossa,0,0,0,0,0,0,0,0,0,0
lukuisia,0,0,0,0,0,0,0,0,0,0
plexus,0,0,0,0,0,0,1,0,0,0
taipuisa,0,0,0,0,0,0,0,0,0,0
soveltaminen,0,0,0,0,0,0,0,0,0,0
pihdit,0,0,0,0,0,0,0,0,0,0
ahdinko,0,1,1,1,0,1,0,1,0,0
sokkeli,0,0,0,0,0,0,0,0,0,0
räjähtää,0,0,0,0,0,1,0,0,0,0
juoni,0,0,0,0,0,0,0,0,0,0
aura,0,0,0,0,0,0,0,0,0,0
kynnetty,0,0,0,0,0,0,0,0,0,0
plover,0,0,0,0,0,0,0,0,0,0
aura,0,0,0,0,0,0,0,0,0,0
kynnetty,0,0,0,0,0,0,0,0,0,0
kyntö,0,0,0,0,0,0,0,0,0,0
nyppiä,0,0,0,0,0,0,0,0,0,0
pistoke,0,0,0,0,0,0,0,0,0,0
luumu,0,0,0,0,0,0,1,0,0,0
höyhenpeite,0,0,0,0,0,0,0,0,0,0
luoti,0,0,0,0,0,0,1,0,0,0
höyhenen,0,0,0,0,0,0,0,0,0,0
romahtaa,0,0,0,1,0,1,0,0,0,0
pullea,0,1,0,0,0,0,0,0,0,0
pulleampi,0,0,0,0,0,0,0,0,0,0
ryöstää,1,0,1,1,0,1,0,1,1,0
syöstä,0,0,0,1,0,1,0,0,0,0
monikko,0,0,0,0,0,0,0,0,0,0
moninaisuus,0,0,0,0,0,0,0,0,0,0
muhkeat,0,0,0,0,0,0,1,0,0,0
plutonium,0,0,0,0,0,0,0,0,0,0
kerros,0,0,0,0,0,0,1,0,0,0
keuhkokuume,0,0,0,1,0,1,0,0,0,0
salametsästystä,1,0,1,1,0,1,0,1,0,0
tasku-,0,0,0,0,0,0,0,0,0,0
taskukirja,0,0,0,0,0,0,0,0,0,0
pod,0,0,0,0,0,0,0,0,0,0
runo,0,0,0,0,0,0,0,0,0,0
runoilija,0,0,0,0,0,0,0,0,0,0
runollinen,0,0,0,0,0,0,0,0,0,0
runollinen,0,0,0,0,0,0,0,0,0,0
runoutta,0,0,0,0,0,0,0,0,0,0
runous,0,0,0,0,0,0,0,0,0,0
koskettava,0,0,0,0,0,0,0,0,0,0
kohta,0,0,0,0,0,0,0,0,0,0
terävästi,0,0,0,0,0,0,1,0,0,0
osoitin,0,0,0,0,0,0,0,0,0,0
turhaa,0,0,0,0,0,1,0,1,0,0
tasapainoa,0,0,0,0,0,0,0,0,0,0
myrkyttää,1,0,1,1,0,1,0,1,0,0
myrkytetty,1,0,1,1,0,1,0,1,0,0
myrkytys,0,0,1,0,0,1,0,0,0,0
Varo myrkyllistä,1,0,1,1,0,1,0,1,0,0
pistää,0,1,0,0,0,1,0,0,0,0
pokeri,0,0,0,0,0,0,0,0,0,0
napainen,0,0,0,0,0,0,0,0,0,0
vastakkaisuus,0,0,0,0,0,0,0,0,1,0
napa,0,0,0,0,0,0,0,0,0,0
polemiikkaa,1,0,1,0,0,1,0,0,0,0
Poliisi,0,0,0,1,0,0,1,0,0,1
poliisi,0,0,0,1,0,0,1,0,0,1
käytäntö,0,0,0,0,0,0,0,0,0,1
polio,0,0,0,1,0,1,0,1,0,0
kiillottaa,0,0,0,0,0,0,1,0,0,0
kiiltävä,0,0,0,0,0,0,1,0,0,0
kohtelias,0,0,0,0,0,0,1,0,0,0
kohteliaisuus,0,0,0,0,0,0,1,0,0,0
viisas,0,0,1,0,0,0,1,0,0,0
poliitikko,0,0,0,0,0,0,0,0,0,0
politiikka,1,0,0,0,0,0,0,0,0,0
politiikka,0,0,0,0,0,0,0,0,0,0
kysely,0,0,0,0,0,0,0,0,0,1
saastuttaa,0,0,1,0,0,1,0,0,0,0
saastuminen,0,0,1,0,0,1,0,0,0,0
poolo,0,0,0,0,0,0,0,0,0,0
moniavioisuus,0,0,1,0,0,1,0,0,0,0
monikulmio,0,0,0,0,0,0,0,0,0,0
monikulmio,0,0,0,0,0,0,0,0,0,0
polymeeri,0,0,0,0,0,0,0,0,0,0
polymorfismi,0,0,0,0,0,0,0,0,0,0
loisto,0,0,0,0,0,1,0,0,0,0
mahtipontinen,0,0,1,0,0,1,0,0,0,0
poncho,0,0,0,0,0,0,0,0,0,0
lampi,0,0,0,0,0,0,0,0,0,0
pohtia,0,0,0,0,0,0,0,0,0,0
raskas,0,0,0,0,0,1,0,0,0,0
paavi,0,0,0,0,0,0,0,0,0,1
saarnata,0,0,0,0,0,0,0,0,0,0
ponttoni,0,0,0,0,0,0,0,0,0,0
poni,0,0,0,0,0,0,0,0,0,0
villakoira,0,0,0,0,0,0,0,0,0,0
uima-allas,0,0,0,0,0,0,1,0,0,0
Uloste,0,0,0,0,0,0,0,0,0,0
huonosti,0,0,0,0,0,1,0,0,0,0
pop-,0,0,0,0,0,1,0,0,1,0
paavi,0,0,0,0,0,0,1,0,0,0
unikko,0,0,0,0,0,0,0,0,0,0
suosittu,0,0,0,0,0,0,0,0,0,0
suosio,0,0,0,0,0,0,1,0,0,0
popularisoitunut,0,0,0,0,0,0,1,0,0,0
väestö,0,0,0,0,0,0,1,0,0,0
asukkaita,0,0,0,0,0,0,0,0,0,0
posliini,0,0,0,0,0,0,0,0,0,0
kuisti,0,0,0,0,0,0,0,0,0,0
piikkisika,0,0,0,0,0,1,0,0,0,0
huokoset,0,0,0,0,0,0,0,0,0,0
sianlihaa,0,0,0,0,0,0,0,0,0,0
porno,0,0,1,0,0,1,0,0,0,0
porno,0,0,0,0,0,1,0,0,0,0
pornografinen,0,0,0,0,0,1,0,0,0,0
pornografiaa,0,0,1,0,0,1,0,0,0,0
huokoisuus,0,0,0,0,0,0,0,0,0,0
huokoinen,0,0,0,0,0,0,0,0,0,0
puuroa,0,0,0,0,0,0,0,0,0,0
portti,0,0,0,0,0,0,0,0,0,0
kannettava,0,0,0,0,0,0,1,0,0,0
portti,0,0,0,0,0,0,0,0,0,0
portaali,0,0,0,0,0,0,0,0,0,0
portteri,0,0,0,0,0,0,0,0,0,0
portfolio,0,0,0,0,0,0,0,0,0,0
portico,0,0,0,0,0,0,0,0,0,0
osa,0,0,0,0,0,0,0,0,0,0
muotokuva,0,0,0,0,0,0,0,0,0,0
muotokuva,0,0,0,0,0,0,0,0,0,0
kuvata,0,0,0,0,0,0,0,0,0,0
aiheuttaa,0,0,0,0,0,1,0,0,0,0
teeskentelijä,0,0,0,0,0,0,0,0,0,0
asetettu,0,0,0,0,0,0,0,0,0,0
asema,0,0,0,0,0,0,0,0,0,0
posse,0,0,0,1,0,0,0,0,0,0
omistaa,0,1,0,0,1,0,1,0,0,1
omistettu,1,0,1,1,0,1,0,0,0,0
omistava,0,0,0,0,0,0,0,0,0,0
hallinta,1,0,1,1,0,1,0,0,0,0
haltija,0,0,0,0,0,0,0,0,0,0
mahdollisuus,0,1,0,0,0,0,0,0,0,0
mahdollisesti,0,0,0,0,0,0,0,0,0,0
lähettää,0,0,0,0,0,0,0,0,0,0
posti,0,0,0,0,0,0,0,0,0,0
juliste,0,0,0,0,0,0,0,0,0,0
taka-,0,0,0,0,0,0,0,0,0,0
jälkeläiset,0,0,0,0,0,0,0,0,0,0
postuumi,0,0,0,0,0,1,0,1,0,0
lykätä,0,0,0,0,0,0,0,0,0,0
lykätty,0,0,0,0,0,0,0,0,0,0
lykkäys,0,0,0,0,0,1,0,0,1,0
jälkikirjoitus,0,0,0,0,0,0,0,0,0,0
olettaa,0,0,0,0,0,0,0,0,0,0
ryhti,0,0,0,0,0,0,0,0,0,0
potti,0,0,0,0,0,0,0,0,0,0
juomakelpoinen,0,0,0,0,0,0,1,0,0,0
tehoa,0,0,0,0,0,0,1,0,0,0
voimakas,0,0,0,0,0,0,0,0,0,0
potentiaalia,0,0,0,0,0,0,0,0,0,0
juoma,0,0,0,0,0,0,0,0,0,0
nyyttikestit,0,0,0,0,0,0,0,0,0,0
potpourri,0,0,0,0,0,0,0,0,0,0
savenvalaja,0,0,0,0,0,0,0,0,0,0
keramiikka,0,0,0,0,0,0,0,0,0,0
pussi,0,0,0,0,0,0,0,0,0,0
siipikarja,0,0,0,0,0,0,0,0,0,0
punta,1,0,0,0,0,1,0,0,0,0
kaada,0,0,0,0,0,0,0,0,0,0
köyhyys,1,0,1,1,0,1,0,1,0,0
pow,1,0,0,0,0,0,0,0,0,0
jauhe,0,0,0,0,0,0,0,0,0,0
jauhettu,0,0,0,0,0,0,0,0,0,0
jauhemainen,0,0,0,0,0,0,0,0,0,0
voimakas,1,1,1,1,1,0,1,0,0,1
voimakkaasti,0,0,0,1,0,0,1,0,0,0
voimaton,1,0,1,1,0,1,0,1,0,0
pox,0,0,0,0,0,0,0,0,0,0
käytännöllistä,0,0,0,0,0,0,0,0,0,0
käytännöllinen,0,0,0,0,0,0,0,0,0,0
käytännössä,0,0,0,0,0,0,0,0,0,0
harjoitella,0,0,0,0,0,0,1,0,0,0
harjoiteltu,0,0,0,0,1,0,1,0,1,1
harjoitella,0,1,0,0,0,0,1,0,0,0
harjoittaja,0,0,0,0,0,0,0,0,0,0
preeria,0,0,0,0,0,0,0,0,0,0
kehua,0,0,0,0,1,0,1,0,0,1
kiitosta,0,0,0,0,1,0,1,0,0,0
kiitettävää,0,1,0,0,1,0,1,0,1,1
kepponen,0,0,0,0,0,1,0,0,1,0
käytännössä,0,0,0,0,0,0,0,0,0,0
rukoilla,0,1,0,1,1,0,1,0,1,1
rukous,0,0,0,0,0,0,0,0,0,0
saarnata,0,0,0,0,0,0,0,0,0,0
saarnaaja,0,0,0,0,0,0,0,0,0,0
saarnaamassa,0,0,0,0,0,0,0,0,0,0
johdanto,0,0,0,0,0,0,0,0,0,0
epävarma,0,1,0,1,0,1,0,1,0,0
varotoimenpide,0,0,0,0,0,0,1,0,0,0
ennaltaehkäisevä,0,0,0,0,0,0,0,0,0,0
edeltää,0,0,0,0,0,0,1,0,0,0
etusijalla,0,0,0,0,0,0,1,0,0,1
ennakkotapaus,0,0,0,0,0,0,0,0,0,0
edeltävä,0,0,0,0,0,0,0,0,0,0
käsky,0,0,0,0,0,0,0,0,0,0
opettaja,0,0,0,0,0,0,0,0,0,0
precessio,0,0,0,0,0,0,0,0,0,0
kävelykatu,0,0,0,0,0,1,0,0,0,0
piirit,0,0,0,0,0,0,0,0,0,0
kallisarvoinen,0,1,0,0,1,0,1,0,1,0
jyrkänne,0,0,0,1,0,0,0,0,0,0
saostua,0,0,0,0,0,0,0,0,0,0
sademäärä,0,0,0,0,0,0,0,0,0,0
jyrkkä,0,0,0,0,0,0,0,0,0,0
tarkka,0,0,0,0,0,0,1,0,0,0
tarkasti,0,0,0,0,0,0,0,0,0,0
tarkkuutta,0,0,0,0,0,0,1,0,0,0
sulkea pois,1,0,0,0,0,0,0,0,0,0
varhaiskypsä,0,0,0,0,0,0,0,0,0,0
esiaste,0,1,0,0,0,0,0,0,0,0
saalistava,0,0,0,0,0,1,0,0,0,0
edeltäjä,0,0,0,0,0,0,0,0,0,0
ahdinko,0,0,0,1,0,1,0,0,0,0
predikaatti,0,0,0,0,0,0,0,0,0,0
ennustaa,0,1,0,0,0,0,0,0,0,0
ennustaa,0,0,0,0,0,0,0,0,0,0
ennustus,0,1,0,0,0,0,0,0,0,0
ennustava,0,0,0,0,0,0,0,0,0,0
ennustaja,0,0,0,0,0,0,0,0,0,0
mieltymys,0,1,0,0,0,0,1,0,0,0
altistaa,0,1,0,0,0,0,0,0,0,0
taipuvainen,0,0,0,0,0,0,0,0,0,0
taipumus,0,0,0,0,0,0,0,0,0,0
valta,0,0,0,0,0,0,0,0,0,0
vallitseva,0,0,0,0,0,0,1,0,0,1
hallitsevat,0,0,0,0,0,0,0,0,0,0
ylivoimainen,0,0,0,0,0,0,1,0,0,0
etuoikeus,0,0,0,0,0,0,0,0,0,0
esipuhe,0,0,0,0,0,0,0,0,0,0
prefekti,0,0,0,0,0,0,0,0,0,0
mieluummin,0,0,0,0,0,0,1,0,0,1
etusija,0,0,0,0,0,0,0,0,0,0
etuuskohteluun,0,0,0,0,0,0,0,0,0,0
etuliite,0,0,0,0,0,0,0,0,0,0
raskaus,0,0,1,0,0,1,0,0,0,0
esihistoriallinen,0,0,0,0,0,0,0,0,0,0
ennakkoluulo,1,0,0,0,0,1,0,0,0,0
ennakkoluuloinen,0,0,1,1,0,1,0,0,0,0
vahingollinen,1,0,0,0,0,1,0,0,0,0
alustava,0,1,0,0,0,0,0,0,0,0
alkusoitto,0,0,0,0,0,0,0,0,0,0
ennenaikaista,0,0,0,0,0,0,0,0,1,0
ennenaikaisesti,0,0,0,0,0,0,0,0,0,0
harkittu,0,0,0,1,0,1,0,0,0,0
johtava,0,0,0,0,0,0,1,0,0,0
lähtökohta,0,0,0,0,0,0,0,0,0,0
tiloissa,0,0,0,0,0,0,1,0,0,0
palkkio,0,0,0,0,0,0,0,0,0,0
huoli,0,0,0,0,0,0,0,0,0,0
huolissaan,0,0,0,0,0,0,0,0,0,0
valmistautuminen,0,1,0,0,0,0,0,0,0,0
valmisteleva,0,1,0,0,0,0,0,0,0,0
valmistella,0,1,0,0,0,0,1,0,0,0
valmis,0,1,0,0,0,0,1,0,0,1
valmiutta,0,1,0,0,0,0,0,0,0,0
valmistaja,0,0,0,0,0,0,0,0,0,0
valmistautuminen,0,0,0,0,0,0,0,0,0,0
ylivalta,0,0,0,0,0,0,0,0,0,1
edellytys,0,1,0,0,0,0,0,0,0,0
etuoikeus,0,0,0,0,0,0,0,0,0,0
tietävä,0,1,0,0,0,0,1,0,0,0
määrätty,0,0,0,0,0,0,0,0,0,0
resepti,0,0,0,0,0,0,0,0,0,0
ohjeellinen,0,0,0,0,0,0,0,0,0,0
läsnäolo,0,0,0,0,0,0,1,0,0,0
esittää,0,1,0,0,1,0,1,0,1,1
mallikas,0,0,0,0,0,0,1,0,0,0
esittely,0,0,0,0,0,0,0,0,0,0
esittely,0,0,0,0,0,1,1,0,0,0
säilyttäminen,0,0,0,0,0,0,0,0,0,0
säilöntäaine,0,1,0,0,1,0,1,0,1,1
Suojella,0,0,0,0,0,0,1,0,0,0
säilytetty,0,0,0,0,0,0,0,0,0,0
säilyttäminen,0,0,0,0,0,0,0,0,0,0
puheenjohtajana,0,0,0,0,0,0,0,0,0,0
puheenjohtajuus,0,0,0,0,0,0,0,0,0,0
presidentti,0,0,0,0,0,0,1,0,0,1
Lehdistö,0,0,0,0,0,0,0,0,0,0
painamalla,0,0,0,0,0,0,0,0,0,0
paine,0,0,0,0,0,1,0,0,0,0
arvovaltaa,0,0,0,0,1,0,1,0,0,1
presto,0,0,0,0,1,0,1,0,1,0
olettama,0,0,0,0,0,0,0,0,0,1
oletettu,0,0,0,0,0,0,0,0,0,0
röyhkeä,1,0,1,0,0,1,0,0,0,0
olettaa,0,0,0,0,0,0,0,0,0,0
teeskennellä,0,0,0,0,0,1,0,0,0,0
teeskenteli,0,0,0,0,0,1,0,0,0,0
teeskentelee,1,0,0,0,0,1,0,0,0,0
teeskennellä,0,0,0,0,0,1,0,0,0,0
väitteitä,0,0,0,0,0,1,0,0,0,0
tekosyy,0,0,0,0,0,0,0,0,0,0
nätti,0,1,0,0,1,0,1,0,0,1
vallitsevat,0,1,0,0,1,0,1,0,0,0
vallitseva,0,0,0,0,0,0,0,0,0,0
yleisyys,0,0,0,0,0,0,0,0,0,0
yleisiä,0,0,0,0,0,0,0,0,0,1
estää,0,0,0,1,0,0,0,0,0,0
ehkäisevä,0,0,0,0,0,0,0,0,0,0
ennaltaehkäisy,0,1,0,0,0,0,1,0,0,0
ennaltaehkäisevä,0,0,0,0,0,1,0,0,0,0
Edellinen,0,0,0,0,0,0,0,0,0,0
aiemmin,0,0,0,0,0,0,0,0,0,0
saalista,0,0,0,1,0,1,0,0,0,0
hinta,0,0,0,0,0,0,0,0,0,0
korvaamaton,0,0,0,0,0,0,1,0,0,0
ääliö,1,0,1,1,0,1,0,0,1,0
piikikäs,0,0,0,0,0,1,0,0,0,0
ylpeys,0,0,0,0,1,0,1,0,0,0
pappi,0,0,0,0,0,0,1,0,0,1
pappeus,0,1,0,0,1,0,1,1,0,1
pappilainen,0,0,0,0,0,0,1,0,0,0
prim,0,0,0,0,0,0,0,0,0,0
ensisijaisuus,0,0,0,0,0,0,1,0,0,0
ensisijainen,0,0,0,0,0,0,1,0,0,0
kädellinen,0,0,0,0,0,0,0,0,0,0
kädelliset,0,0,0,0,0,0,0,0,0,0
prime,0,0,0,0,0,0,1,0,0,0
pohjustettu,0,0,0,0,0,0,0,0,0,0
pohjamaali,0,0,0,0,0,0,1,0,0,1
ikiaikainen,0,0,0,0,0,0,0,0,0,0
pohjustus,0,0,0,0,0,0,0,0,0,0
primitiivinen,0,0,0,0,0,0,0,0,0,0
ikiaikainen,0,0,0,0,0,0,0,0,0,0
prinssi,0,0,0,0,0,0,1,0,0,0
ruhtinaallinen,0,1,0,0,1,0,1,0,1,1
prinsessa,0,0,0,0,0,0,1,0,0,0
rehtori,0,0,0,0,0,0,1,0,0,1
pääasiassa,0,0,0,0,0,0,0,0,0,0
periaate,0,0,0,0,0,0,0,0,0,0
Tulosta,0,0,0,0,0,0,0,0,0,0
tulostin,0,0,0,0,0,0,0,0,0,0
painatus,0,0,0,0,0,0,0,0,0,0
ennen,0,0,0,0,0,0,0,0,0,0
etusijalla,0,0,0,0,0,0,0,0,0,0
luostari,0,0,0,0,0,0,0,0,0,0
prisma,0,0,0,0,0,0,0,0,0,0
prismaattinen,0,0,0,0,0,0,0,0,0,0
vankilassa,1,0,0,1,0,1,0,1,0,0
vanki,1,0,1,1,0,1,0,1,0,0
koskematon,0,0,0,0,0,0,1,0,0,0
yksityisyyttä,0,0,0,0,0,0,0,0,0,0
yksityinen,0,0,0,0,0,0,0,0,0,0
yksityisesti,0,0,0,0,0,0,0,0,0,0
etuoikeus,0,0,0,0,0,0,0,0,0,0
etuoikeutettu,0,0,0,0,1,0,1,0,0,1
salainen,0,0,0,0,0,1,0,0,0,1
todennäköisyys,0,1,0,0,0,0,0,0,0,0
todennäköistä,0,0,0,0,0,0,0,0,0,0
koeaika,0,1,0,1,0,0,0,1,0,0
koeajalla,0,0,0,0,0,0,0,0,0,0
todisteena,0,0,0,0,0,0,0,0,0,0
koetin,0,0,0,0,0,0,0,0,0,0
oikeudenmukaisuus,0,0,0,0,0,0,1,0,0,1
ongelma,0,0,0,1,0,1,0,1,0,0
menettelyä,0,0,0,1,0,0,1,0,0,0
edetä,0,0,0,0,0,0,0,0,0,0
käsittelyssä,0,1,0,0,0,0,0,0,0,0
tuotot,0,0,0,0,0,0,0,0,0,0
prosessi,0,0,0,0,0,0,0,0,0,0
kulkue,0,0,0,0,1,0,1,1,1,0
julistaa,0,0,0,0,0,0,0,0,0,0
julistus,0,0,0,0,0,0,0,0,0,0
viivytellä,0,0,0,0,0,1,0,0,0,0
viivyttely,0,0,0,0,0,1,0,0,0,0
lisääntyminen,0,0,0,0,0,0,0,0,0,0
valvoja,0,0,0,0,0,0,1,0,0,1
hankkia,0,0,0,0,0,0,1,0,0,0
hankinta,0,0,0,0,0,0,0,0,0,0
prod,0,0,0,0,0,0,0,0,0,0
tuhlaajapoika,0,0,0,0,0,1,1,0,0,0
ihmeellinen,0,0,0,0,0,0,1,0,0,0
ihmelapsi,0,0,0,0,0,0,1,0,0,0
tuottaa,0,0,0,0,0,0,0,0,0,0
tuotettu,0,0,0,0,0,0,0,0,0,0
tuottaja,0,0,0,0,0,0,1,0,0,0
tuottaa,0,0,0,0,0,0,1,0,0,0
tuote,0,0,0,0,0,0,0,0,0,0
tuotantoa,0,1,0,0,0,0,1,0,0,0
tuottava,0,0,0,0,0,0,1,0,0,0
tuottavuutta,0,0,0,0,0,0,1,0,0,0
hävytöntä,1,0,0,0,0,1,0,0,0,0
kirosanoja,1,0,0,0,0,1,0,0,0,0
tunnustaa,0,0,0,0,0,0,0,0,0,0
ammatti,0,0,0,0,0,0,1,0,0,0
ammattilainen,0,0,0,0,0,0,1,0,0,1
professori,0,0,0,0,0,0,1,0,0,1
professuuri,0,0,0,0,0,0,0,0,0,1
pätevyys,0,1,0,0,1,0,1,0,1,1
taitava,0,0,0,0,0,0,1,0,0,1
profiili,0,0,0,0,0,0,0,0,0,0
voitto,0,0,0,0,0,0,0,0,0,0
runsas,0,0,0,0,0,0,1,0,0,0
runsaus,0,0,0,0,0,1,0,0,0,0
prog,0,0,0,0,0,0,0,0,0,0
progenitori,0,0,0,0,0,0,0,0,0,0
jälkeläisiä,0,0,0,0,0,0,0,0,0,0
ennuste,0,1,0,1,0,0,0,0,0,0
prognostinen,0,1,0,0,0,0,0,0,0,0
ohjelmoida,0,0,0,0,0,0,0,0,0,0
ohjelmoida,0,0,0,0,0,0,0,0,0,0
ohjelmoija,0,0,0,0,0,0,0,0,0,0
edistystä,0,1,0,0,1,0,1,0,0,0
etenemistä,0,1,0,0,1,0,1,1,0,1
progressiivinen,0,0,0,0,0,0,1,0,0,0
kieltää,0,0,0,0,0,0,0,0,0,0
kielletty,1,0,1,1,0,1,0,0,0,0
kielto,0,0,0,0,0,1,0,0,0,0
kiellettyä,0,0,0,0,0,0,0,0,0,0
hanke,0,0,0,0,0,0,0,0,0,0
ammus,0,0,0,1,0,0,0,0,0,0
ammukset,0,0,0,1,0,0,0,0,0,0
ulkoneva,0,0,0,0,0,0,0,0,0,0
projektio,0,0,0,0,0,0,0,0,0,0
projektori,0,0,0,0,0,0,0,0,0,0
proletaari,0,0,0,0,0,0,0,0,0,0
proletariaatti,0,0,0,0,0,0,0,0,0,0
tuottelias,0,0,0,0,0,0,1,0,0,0
prologi,0,1,0,0,0,0,0,0,0,0
pidentää,0,0,1,0,0,1,0,0,0,0
jatkaminen,0,0,0,0,0,0,0,0,0,0
pitkittynyt,0,0,0,0,0,0,0,0,0,0
kävelykatu,0,0,0,0,0,0,0,0,0,0
näkyvyyttä,0,0,0,0,0,0,1,0,0,0
näkyvästi,0,0,0,0,0,0,1,0,0,0
siveetön,0,0,0,0,0,1,0,0,0,0
lupaus,0,0,0,0,1,0,1,0,0,1
lupaava,0,0,0,0,0,0,1,0,0,0
velkakirja,0,0,0,0,0,0,0,0,0,0
niemeke,0,0,0,0,0,0,0,0,0,0
edistää,0,0,0,0,0,0,0,0,0,0
promoottori,0,0,0,0,0,0,0,0,0,0
edistäminen,0,0,0,0,0,0,1,0,0,0
kehote,0,0,0,0,0,0,0,0,0,0
kehotus,0,0,0,0,0,0,0,0,0,0
julistaa,0,0,0,0,0,0,0,0,0,0
julkaiseminen,0,0,0,0,0,0,0,0,0,0
altis,0,0,0,0,0,0,0,0,0,0
piikki,0,0,0,0,0,0,0,0,0,0
lausua,0,0,0,0,0,0,0,0,0,0
lausutaan,0,0,0,0,0,0,0,0,0,0
lausunnon,0,0,0,0,0,0,0,0,0,0
ääntäminen,0,0,0,0,0,0,0,0,0,0
todiste,0,0,0,0,0,0,0,0,0,1
prop,0,0,0,0,0,0,1,0,0,0
propaganda,0,0,0,0,0,1,0,0,0,0
lisääntyä,0,0,0,0,0,0,0,0,0,0
eteneminen,0,0,0,0,0,0,0,0,0,0
propaani,0,0,0,0,0,0,0,0,0,0
ajaa eteenpäin,0,0,0,0,0,0,0,0,0,0
kuljetettu,0,0,0,0,0,0,0,0,0,0
potkuri,0,0,0,0,0,0,0,0,0,0
työntämällä,0,0,0,0,0,0,0,0,0,0
taipumus,0,0,0,0,0,0,0,0,0,0
oikea,0,0,0,0,0,0,1,0,0,0
omaisuutta,0,0,0,0,0,0,0,0,0,0
profetia,0,1,0,0,0,0,0,0,0,0
profetoida,0,0,0,0,0,0,0,0,0,0
profeetta,0,1,0,0,0,0,1,0,0,1
profeetallinen,0,1,0,0,0,0,0,0,0,0
profylaktinen,0,1,0,0,0,0,1,0,0,1
profylaksi,0,0,0,0,0,0,0,0,0,0
suhteessa,0,0,0,0,0,0,0,0,0,0
suhteellinen,0,0,0,0,0,0,0,0,0,0
oikeasuhteista,0,0,0,0,0,0,0,0,0,0
mittasuhteet,0,0,0,0,0,0,0,0,0,0
ehdotus,0,0,0,0,0,0,0,0,0,0
ehdotus,0,0,0,0,0,0,1,0,0,0
omistusoikeus,0,0,0,0,0,0,0,0,0,0
omistaja,0,0,0,0,0,0,0,0,0,0
omistusoikeus,0,0,0,0,0,0,0,0,0,0
asianmukaisuutta,0,0,0,0,0,0,0,0,0,0
propulsio,0,0,0,0,0,0,0,0,0,0
proosaa,0,0,0,0,0,0,0,0,0,0
syytteeseen,1,0,0,1,0,1,0,1,0,0
syytteeseenpano,0,0,1,0,0,1,0,0,0,0
syyttäjä,0,0,0,0,0,0,0,0,0,0
mahdollisuus,0,0,0,0,0,0,1,0,0,0
mahdollinen,0,0,0,0,0,0,0,0,0,0
tulevaisuuteen,0,1,0,0,0,0,0,0,0,0
esite,0,0,0,0,0,0,0,0,0,0
menestyä,0,1,0,0,1,0,1,0,0,0
vaurautta,0,0,0,0,0,0,1,0,0,0
vauras,0,0,0,0,1,0,1,0,0,0
prostituoitu,0,0,1,0,0,1,0,0,0,0
prostituutio,0,0,1,0,0,1,0,1,0,0
nujerrettu,0,0,0,0,0,0,0,0,0,0
päähenkilö,0,0,0,0,0,0,0,0,0,0
suojella,0,0,0,0,0,0,1,0,0,0
suojattu,0,0,0,0,0,0,0,0,0,1
suojelemassa,0,0,0,0,0,0,1,0,0,1
suojaa,0,0,0,0,0,0,0,0,0,0
suojaava,0,0,0,0,0,0,1,0,0,0
suojelija,0,0,0,0,0,0,1,0,0,1
proteiinia,0,0,0,0,0,0,0,0,0,0
protesti,0,0,0,0,0,0,0,0,0,0
protokollaa,0,0,0,0,0,0,0,0,0,0
prototyyppi,0,0,0,0,0,0,0,0,0,0
alkueläimet,0,0,0,0,0,0,0,0,0,0
pitkittynyt,0,0,0,0,0,0,0,0,0,0
ulkonevat,0,0,0,0,0,0,0,0,0,0
ulkonema,0,0,0,0,0,0,0,0,0,0
ylpeä,0,1,0,0,1,0,1,0,0,1
todistaa,0,0,0,0,0,0,1,0,0,0
todistettu,0,0,0,0,0,0,0,0,0,1
sananlasku,0,0,0,0,0,0,0,0,0,0
sananlaskun-,0,0,0,0,0,0,1,0,0,0
tarjota,0,0,0,0,0,0,1,0,0,1
tarjotaan,0,0,0,0,0,0,0,0,0,0
kaitselmus,0,0,0,0,0,0,0,0,0,0
tarjoamalla,0,1,0,0,1,0,1,0,0,1
maakunnassa,0,0,0,0,0,0,0,0,0,0
maakuntalainen,0,0,0,0,0,0,0,0,0,0
säännös,0,0,0,0,0,0,0,0,0,0
väliaikaisesti,0,0,0,0,0,0,0,0,0,0
määräyksiä,0,0,0,0,0,0,0,0,0,0
ehdolla,0,0,0,0,0,0,0,0,0,1
provokaatio,1,0,0,0,0,1,0,0,0,0
provosoiva,0,0,0,0,0,0,0,0,0,0
provosoivaa,1,0,1,0,0,1,0,0,0,0
rehtori,0,0,0,0,0,0,0,0,0,0
kyvykkyys,0,0,0,0,0,0,0,0,0,0
vaania,0,0,0,1,0,0,0,0,1,0
proksimaalinen,0,0,0,0,0,0,0,0,0,0
läheinen,0,0,0,0,0,0,0,0,0,0
läheisyys,0,0,0,0,0,0,0,0,0,0
välityspalvelin,0,0,0,0,0,0,0,0,0,1
varovaisuutta,0,0,0,0,0,0,1,0,0,0
varovainen,0,0,0,0,0,0,1,0,0,1
karsia,0,0,0,0,0,0,0,0,0,0
urkkia,1,1,0,0,0,1,0,0,0,1
utelias,0,0,0,0,0,1,0,0,0,0
psalmi,0,0,0,0,0,0,1,0,0,0
pseudo,0,0,0,0,0,0,0,0,0,0
salanimi,0,0,0,0,0,0,0,0,0,0
psyyke,0,0,0,0,0,0,0,0,0,0
psyykkistä,0,0,0,0,0,0,0,0,0,0
meediota,0,0,0,0,0,0,0,0,0,0
psykologinen,0,0,0,0,0,0,0,0,0,0
psykologi,0,0,0,0,0,0,0,0,0,0
psykologia,0,0,0,0,0,0,0,0,0,0
psykoosi,1,0,0,1,0,1,0,1,0,0
pub,0,0,0,0,0,0,0,0,0,0
murrosikä,0,0,0,0,0,0,0,0,0,0
karvainen,0,0,0,0,0,0,0,0,0,0
julkinen,0,1,0,0,0,0,1,0,0,0
julkaisu,0,0,0,0,0,0,0,0,0,0
tiedottaja,0,0,0,0,0,1,0,0,0,0
julkisuus,0,0,0,0,0,0,0,0,0,0
julkisesti,0,0,0,0,0,0,0,0,0,0
julkaista,0,0,0,0,0,0,0,0,0,0
julkaistu,0,0,0,0,0,0,0,0,0,0
kustantaja,0,0,0,0,0,0,0,0,0,0
vanukas,0,0,0,0,0,0,0,0,0,0
rapakko,0,0,0,0,0,0,0,0,0,0
pullistaa,0,0,0,0,0,0,0,0,0,0
pullea,0,0,0,0,0,1,0,0,0,0
mopsi,0,0,0,0,0,0,0,0,0,0
oksentaa,0,0,1,0,0,0,0,0,0,0
Vedä,0,0,0,0,0,0,1,0,0,0
talja,0,0,0,0,0,0,0,0,0,0
aja sivuun,0,0,0,0,0,0,0,0,0,0
keuhkoihin,0,0,0,0,0,0,0,0,0,0
massa,0,0,0,0,0,0,0,0,0,0
saarnatuoli,0,0,0,0,0,0,1,0,0,0
pulsaatio,0,0,0,0,0,0,0,0,0,0
pulssi,0,0,0,0,0,0,0,0,0,0
puma,0,0,0,1,0,0,0,0,1,0
pumppu,0,0,0,0,0,0,0,0,0,0
sanapeli,0,0,0,0,0,0,0,0,0,0
booli,1,0,0,1,0,1,0,1,1,0
täsmällinen,0,1,0,0,0,0,1,0,0,1
täsmällisyys,0,0,0,0,0,0,1,0,0,0
täsmällisesti,0,0,0,0,0,0,0,0,0,0
välimerkit,0,0,0,0,0,0,0,0,0,0
puhkaisu,0,0,0,0,0,0,0,0,0,0
tietoviisas,0,0,0,0,0,0,0,0,0,0
pistävä,0,0,1,0,0,1,0,0,0,0
rangaista,0,0,0,1,0,1,0,0,0,0
rangaistaan,1,1,1,1,0,1,0,1,0,0
rankaisemalla,1,0,0,1,0,1,0,1,0,0
rangaistus,1,0,1,1,0,1,0,0,0,0
rankaiseva,1,0,0,1,0,1,0,1,0,0
punk,0,0,0,0,0,0,0,0,0,0
punt,0,1,0,0,0,0,0,0,0,0
hintelä,0,0,0,0,0,0,0,0,0,0
poikanen,0,0,0,0,0,0,0,0,0,0
oppilas,0,0,0,0,0,0,0,0,0,0
nukke,0,0,0,0,0,0,0,0,0,0
pentu,0,1,0,0,0,0,1,0,0,1
ostaa,0,0,0,0,0,0,0,0,0,0
ostaja,0,0,0,0,0,0,0,0,0,0
ostaminen,0,0,0,0,0,0,0,0,0,0
sose,0,0,0,0,0,0,0,0,0,0
puhtaasti,0,0,0,0,0,0,1,0,0,1
kiirastuli,0,0,1,1,0,1,0,0,0,0
puhdistaa,0,0,0,1,0,1,0,0,0,0
puhdistaminen,0,0,0,0,0,0,1,0,0,1
puhdistaa,0,0,0,0,1,0,1,0,0,1
puristi,0,0,0,0,0,0,1,0,0,0
puhtaus,0,0,0,0,0,0,1,0,1,0
violetti,0,0,0,0,0,0,0,0,0,0
tarkoitus,0,0,0,0,0,0,0,0,0,0
tarkoitus,0,0,0,0,0,0,0,0,0,0
tarkoituksella,0,0,0,0,0,0,0,0,0,0
kehrätä,0,0,0,0,1,0,1,0,0,1
kukkaro,0,0,0,0,0,0,0,0,0,0
harjoittamisesta,0,0,0,0,0,0,0,0,0,0
jahtaavat,0,0,0,0,0,0,0,0,0,0
takaa-ajoa,0,0,0,0,0,0,0,0,0,0
levittäjä,0,0,0,0,0,0,0,0,0,0
toimivaltaan,0,0,0,0,0,0,0,0,0,0
mätä,0,0,1,0,0,1,0,0,0,0
työntää,0,0,0,0,0,0,0,0,0,0
työntämällä,0,0,0,0,0,0,0,0,0,0
tyttö,0,0,0,0,0,0,0,0,0,0
pillua,0,0,0,0,0,0,0,0,0,0
pussycat,0,0,0,0,0,0,0,0,0,0
laittaa,0,0,0,0,0,0,0,0,0,0
oletettu,0,0,0,0,0,0,0,0,0,1
laittaa,0,0,0,0,0,0,0,0,0,0
kitti,0,0,0,0,0,0,0,0,0,0
ymmällään,0,0,0,0,0,0,0,0,0,0
hämmentävä,0,0,0,0,0,0,0,0,0,0
kääpiö,0,0,0,0,0,0,0,0,0,0
pyramidi,0,0,0,0,0,0,0,0,0,0
pyramidin muotoinen,0,0,0,0,0,0,0,0,0,0
pyrotekniikka,0,0,0,0,0,0,0,0,0,0
puoskari,0,0,1,0,0,1,0,0,0,0
quad,0,0,0,0,0,0,0,0,0,0
nelikulmio,0,0,0,0,0,0,0,0,0,0
kvadrantti,0,0,0,0,0,0,0,0,0,0
neliöllinen,0,0,0,0,0,0,0,0,0,0
kvadratuuri,0,0,0,0,0,0,0,0,0,0
nelinkertaistaa,0,0,0,0,0,0,0,0,0,0
kvadrupoli,0,0,0,0,0,0,0,0,0,0
suohon,0,0,1,0,0,1,0,0,0,0
viiriäinen,0,0,0,1,0,1,0,0,0,0
viehättävä,0,0,0,0,1,0,1,0,0,1
järistys,0,0,0,1,0,0,0,0,0,0
pätevä,0,0,0,0,0,0,1,0,0,1
pätevöityä,0,0,0,0,0,0,0,0,0,0
pätevä,0,0,0,0,0,0,1,0,0,0
ominaisuuksia,0,0,0,0,0,0,0,0,0,0
laatu,0,0,0,0,0,0,0,0,0,0
pulmallinen,1,0,0,1,0,1,0,0,0,0
kvantifioida,0,0,0,0,0,0,0,0,0,0
määrällinen,0,0,0,0,0,0,0,0,0,0
määrällisesti,0,0,0,0,0,0,0,0,0,0
määrä,0,0,0,0,0,0,0,0,0,0
kvantti,0,0,0,0,0,0,0,0,0,0
karanteeni,0,0,0,1,0,0,0,0,0,0
riidellä,1,0,0,0,0,1,0,0,0,0
louhia,0,0,0,0,0,0,0,0,0,0
quart,0,0,0,0,0,0,0,0,0,0
neljännes,0,0,0,0,0,0,0,0,0,0
neljäsosaa,0,0,0,0,0,0,0,0,0,0
neljännekset,0,0,0,0,0,0,0,0,0,0
kvartetti,0,0,0,0,0,0,0,0,0,0
kvartiili,0,0,0,0,0,0,0,0,0,0
quarto,0,0,0,0,0,0,0,0,0,0
kvartsi,0,0,0,0,0,0,0,0,0,0
mitätöidä,0,0,0,1,0,1,0,0,0,0
lähes,0,0,0,0,0,0,0,0,0,0
kvaternaari,0,0,0,0,0,0,0,0,0,0
laituri,0,0,0,0,0,0,0,0,0,0
kuningatar,0,0,0,0,0,0,0,0,0,0
tukahduttaa,0,0,0,0,0,1,0,0,0,0
sammuttaa,0,0,0,0,0,0,0,0,0,0
kysely,0,0,0,0,0,0,0,0,0,0
tehtävä,0,1,0,0,0,0,1,0,0,0
kysymys,0,0,0,0,0,0,1,0,0,0
kyseenalainen,0,0,1,0,0,1,0,0,0,0
kyseenalaistaa,0,0,0,0,0,0,0,0,0,0
jonottaa,0,0,0,0,0,0,0,0,0,0
nopeuttaa,0,1,0,0,0,0,0,0,0,0
nopeasti,0,0,0,0,0,0,0,0,0,0
nopeus,0,0,0,0,0,0,1,0,1,0
nopea hopea,0,0,0,0,0,1,0,0,1,0
quid,0,0,0,0,0,0,0,0,0,0
lepotilassa,0,0,0,0,0,0,1,0,0,0
hiljainen,0,0,0,0,0,0,1,1,0,0
hiljaa,0,0,0,0,0,0,0,0,0,0
sulkakynä,0,0,0,0,0,0,0,0,0,0
peitto,0,0,0,0,0,0,0,0,0,0
kiniini,0,0,0,0,0,0,1,0,0,0
lopettaa,0,0,0,0,0,1,0,0,0,0
lopettaa,0,0,0,0,0,0,0,0,0,0
väristä,0,0,0,1,0,1,0,0,0,0
vapina,0,0,0,1,0,1,0,0,0,0
tietokilpailu,0,0,0,0,0,1,0,0,0,0
päätösvaltainen,0,0,0,0,0,0,0,0,0,0
kiintiö,0,0,0,0,0,0,0,0,0,0
lainaus,0,0,0,0,0,0,0,0,0,0
lainata,0,1,0,0,0,1,1,0,1,0
osamäärä,0,0,0,0,0,0,0,0,0,0
kani,0,0,0,0,0,0,0,0,0,0
kauhu,1,0,0,1,0,1,0,0,0,0
yltiöpäinen,1,1,1,1,0,1,0,1,0,0
rabies,0,0,0,0,0,1,0,0,0,0
rotu,0,0,0,0,0,0,0,0,0,0
kilpahevonen,0,0,0,0,0,0,0,0,0,0
kilpailija,0,0,0,0,0,0,0,0,0,0
teline,0,0,0,0,0,1,0,1,0,0
maila,0,0,0,0,0,1,0,0,0,0
raastava,0,0,0,0,0,0,0,0,0,0
kiireinen,0,0,0,0,0,0,0,0,0,0
tutka,0,0,0,0,0,0,0,0,0,1
säteilyä,0,1,0,0,1,0,1,0,0,1
säteilevä,0,0,0,0,1,0,1,0,0,0
säteillä,0,0,0,0,0,0,1,0,0,0
säteilyä,0,0,0,1,0,1,0,0,0,0
radikaalisti,0,0,0,0,0,0,0,0,0,0
radio,0,0,0,0,0,0,1,0,0,0
radioaktiivinen,0,0,0,1,0,1,0,0,0,0
radioaktiivisuus,0,0,0,0,0,0,0,0,0,0
röntgenkuva,0,0,0,0,0,0,0,0,0,0
röntgenkuvaus,0,0,0,0,0,0,0,0,0,0
radiologia,0,0,0,0,0,0,0,0,0,0
radium,0,0,0,0,0,0,0,0,0,0
säde,0,0,0,0,0,0,0,0,0,0
radon,0,0,0,1,0,1,0,0,0,0
arpajaiset,0,1,0,0,0,0,0,0,1,0
lautta,0,0,0,0,0,0,0,0,0,0
raivoa,1,0,0,0,0,1,0,0,0,0
repaleinen,0,0,0,0,0,0,0,0,0,0
raivoaa,1,0,1,1,0,1,0,0,0,0
lumput,0,0,1,0,0,1,0,0,0,0
raid,1,0,0,1,0,1,0,0,1,0
rautatie,1,1,0,0,0,1,0,0,0,0
kaide,0,0,0,0,0,0,0,0,0,0
rautatie,0,0,0,0,0,0,0,0,0,0
rautatie,0,0,0,0,0,0,0,0,0,0
vaatteet,0,0,0,0,0,0,0,0,0,0
sade,0,0,0,0,0,0,0,0,0,0
sadetakki,0,0,0,0,0,0,0,0,0,0
sademäärä,0,0,0,0,0,0,0,0,0,0
sateinen,0,0,0,0,0,0,0,1,0,0
nostaa,0,0,0,0,0,0,0,0,0,0
kasvatettu,0,0,0,0,0,0,0,0,0,0
nostaminen,0,0,0,0,0,0,0,0,0,0
harava,0,0,0,0,0,0,0,0,0,0
ralli,0,0,0,0,0,0,0,0,0,0
RAM,1,1,0,0,0,1,0,0,0,0
vaellella,0,0,0,0,0,0,0,0,0,0
sokkeloinen,0,0,0,0,0,1,0,0,0,0
ramppi,0,0,0,0,0,0,0,0,0,0
riehua,1,0,0,1,0,1,0,0,0,0
karjatila,0,0,0,0,0,0,0,0,0,0
eltaantunut,0,0,1,0,0,1,0,0,0,0
satunnaisesti,0,0,0,0,0,0,0,0,1,0
satunnaisuus,0,0,0,0,0,0,0,0,0,0
Randy,0,0,0,0,0,0,0,0,0,0
metsänvartija,0,0,0,0,0,0,0,0,0,1
sijoitus,0,0,0,0,0,0,0,0,0,0
lunnaita,1,0,0,1,0,1,0,0,0,0
huutaa,0,0,0,0,0,0,0,0,0,0
rap,0,0,0,0,0,0,0,0,0,0
raiskata,1,0,1,1,0,1,0,1,0,0
nopea,0,0,0,0,0,0,0,0,1,0
nopeus,0,0,0,0,0,0,0,0,0,0
koski,0,0,0,0,0,0,0,0,0,0
räppääminen,1,0,0,0,0,0,0,0,0,0
haltioitunut,0,0,0,0,1,0,1,0,1,1
raptorit,0,0,0,1,0,1,0,0,0,0
tempaus,0,1,0,0,1,0,1,0,0,0
harvoin,0,0,0,0,0,0,0,0,0,0
harvinaisuus,0,0,0,0,0,0,0,0,1,0
roisto,1,0,1,1,0,1,0,0,0,0
ihottuma,0,0,1,0,0,1,0,0,0,0
rotta,0,0,1,1,0,1,0,0,0,0
räikkä,0,0,0,0,0,0,0,0,0,0
korko,0,0,0,0,0,0,0,0,0,0
ratifiointi,0,0,0,0,0,0,0,0,0,0
ratifioida,0,0,0,0,0,0,0,0,0,1
luokitus,1,0,0,1,0,1,0,1,0,0
suhde,0,0,0,0,0,0,0,0,0,0
säännöstellä,0,0,0,0,0,0,0,0,0,0
järkevää,0,0,0,0,0,0,1,0,0,1
perustelut,0,0,0,0,0,0,0,0,0,0
rationalismi,0,0,0,0,0,0,0,0,0,0
rationaalisuutta,0,0,0,0,0,0,0,0,0,0
rottinki,0,0,0,0,0,0,0,0,0,0
helistin,0,0,0,0,0,0,0,0,0,0
kalkkarokäärme,0,0,0,1,0,0,0,0,0,0
riehakas,0,0,0,0,0,1,0,0,0,0
rave,1,0,1,0,1,1,1,0,1,1
korppi,0,0,0,0,0,0,0,0,0,0
nälkäinen,1,0,0,1,0,1,0,1,0,0
rotko,0,0,0,1,0,0,0,0,0,0
raivoaa,1,1,0,1,1,1,0,0,1,0
raakanahka,0,0,0,0,0,0,0,0,0,0
säde,0,0,0,0,0,0,0,0,0,0
partakone,0,0,0,1,0,0,0,0,0,0
saavuttaa,0,0,0,0,0,0,0,0,0,0
reagoida,1,0,0,1,0,0,0,0,0,0
taantumuksellinen,0,0,0,0,0,1,0,0,0,0
lukea,0,0,0,0,0,0,0,0,0,0
lukija,0,0,0,0,0,0,1,0,0,0
lukijakunta,0,0,0,0,0,0,0,0,0,0
mielellään,0,0,0,0,0,0,1,0,0,0
valmius,0,1,0,0,1,0,1,0,0,1
lukeminen,0,0,0,0,0,0,1,0,0,0
uudelleensäätö,0,0,0,0,0,0,0,0,0,0
valmis,0,1,0,0,0,0,0,0,0,0
vahvistaa,0,0,0,0,0,0,1,0,0,0
reagenssi,0,0,0,0,0,0,0,0,0,0
todellinen,0,0,0,0,0,0,1,0,0,1
realismi,0,0,0,0,0,0,0,0,0,0
realistinen,0,0,0,0,0,0,0,0,0,0
todellisuutta,0,0,0,0,0,0,0,0,0,0
valtakunta,0,0,0,0,0,0,0,0,0,0
kiinteistö,0,0,0,0,0,0,0,0,0,0
riisi,0,0,0,0,0,0,0,0,0,0
korjata,0,0,0,0,0,0,0,0,0,0
ilmestyä uudelleen,0,0,0,0,0,0,0,0,1,0
takaosa,0,0,0,0,0,1,0,0,0,0
järjestää uudelleen,0,0,0,0,0,0,0,0,0,0
uudelleenjärjestely,0,0,0,0,0,0,0,0,0,0
syy,0,0,0,0,0,0,1,0,0,0
kohtuullisuus,0,0,0,0,0,0,0,0,0,0
perustelut,0,0,0,0,0,0,0,0,0,0
syyt,0,0,0,0,0,0,0,0,0,0
koota uudelleen,0,0,0,0,0,0,0,0,0,0
vakuutuksen,0,0,0,0,0,0,1,0,0,1
vakuuttaa,0,0,0,0,0,0,1,0,0,1
rauhoittunut,0,0,0,0,0,0,0,0,0,0
rauhoittavaa,0,0,0,0,0,0,0,0,0,0
alennus,0,0,0,0,0,0,1,0,0,0
kapinallinen,1,0,0,1,0,1,0,0,0,0
kapina,1,0,1,1,0,0,0,0,0,0
uudestisyntynyt,0,0,0,0,0,0,0,0,0,0
palautua,0,0,0,0,0,0,0,0,0,0
rakentaa uudelleen,0,0,0,0,0,0,0,0,0,0
moittia,0,0,0,0,0,1,0,0,0,0
kumota,0,0,0,0,0,1,0,0,0,0
vastahakoinen,1,0,1,0,0,1,0,0,0,0
palauttaa mieleen,0,0,0,0,0,0,0,0,0,0
laaditaan uudelleen,0,0,0,0,0,0,1,0,0,0
väistyä,0,0,0,0,0,0,0,0,0,0
taantumassa,0,0,0,0,0,0,0,0,0,0
kuitti,0,0,0,0,0,0,0,0,0,0
kuitit,0,0,0,0,0,0,0,0,0,0
sai,0,0,0,0,0,0,1,0,0,0
vastaanotin,0,0,0,0,0,0,0,0,0,0
vastaanottaminen,0,1,0,0,1,0,1,0,1,0
viimeaikainen,0,0,0,0,0,0,0,0,0,0
astia,0,0,0,0,0,0,0,0,0,0
vastaanotto,0,0,0,0,0,0,0,0,0,0
syvennys,0,0,0,0,0,0,0,0,0,0
syvennykset,0,0,0,1,0,0,0,0,0,0
lama,1,0,1,1,0,1,0,1,0,0
recherche,0,0,0,0,0,0,1,0,0,0
uusintarikollisuutta,1,0,1,0,0,1,0,1,0,0
resepti,0,0,0,0,0,0,0,0,0,0
vastaanottaja,0,1,0,0,0,0,0,0,0,0
vastavuoroinen,0,0,0,0,0,0,0,0,0,0
vastavuoroisesti,0,0,0,0,0,0,1,0,0,0
vastavuoroisuus,0,0,0,0,0,0,0,0,0,0
johdanto-osan kappale,0,0,0,0,0,0,0,0,0,0
lausunta,0,0,0,0,0,0,0,0,0,0
lausua,0,0,0,0,0,0,0,0,0,0
holtiton,1,0,0,1,0,1,0,0,0,0
piittaamattomuudesta,1,0,1,1,0,1,0,0,1,0
laskeminen,0,0,0,0,0,0,0,0,0,0
talteenotto,0,0,0,0,0,0,1,0,0,0
kallistaa,0,0,0,0,0,0,1,0,0,1
erakko,0,0,0,0,0,0,0,0,0,0
tunnustaminen,0,0,0,0,0,0,0,0,0,0
tunnistettavissa,0,1,0,0,0,0,1,0,0,0
tunnistettu,0,0,0,0,0,0,0,0,0,0
rekyyli,0,0,0,0,0,0,0,0,0,0
muistaa,0,0,0,0,0,0,0,0,0,0
muisto,0,0,0,0,0,0,0,0,0,0
rekombinantti,0,0,0,0,0,0,0,0,0,0
rekombinaatio,0,1,0,0,0,0,0,0,0,0
suositella,0,0,0,0,0,0,1,0,0,1
suositus,0,0,0,0,0,0,0,0,0,0
kompensoida,0,0,0,0,0,0,0,0,0,0
sovittaa yhteen,0,0,0,0,0,0,0,0,0,0
sovinnon,0,1,0,0,1,0,1,0,0,1
tiedustelu,0,0,0,0,0,0,0,0,0,0
harkita uudelleen,0,0,0,0,0,0,0,0,0,0
uudelleenarviointi,0,0,0,0,0,0,1,0,0,1
uudelleen muodostaminen,0,0,0,0,0,0,0,0,0,0
rekonstruoida,0,1,0,0,0,0,1,0,0,0
jälleenrakennus,0,1,0,0,0,0,1,0,0,0
ennätys,0,0,0,0,0,0,0,0,0,0
tallennin,0,0,0,0,0,0,1,0,0,0
äänite,0,0,0,0,0,0,0,0,0,0
laskea uudelleen,0,0,0,0,0,0,0,0,0,0
takaisin,0,0,0,0,0,0,1,0,0,0
turvautua,0,0,0,0,0,0,0,0,0,0
palautettavissa,0,0,0,0,0,0,0,0,0,0
elpyminen,0,0,0,0,0,0,1,0,0,0
virkistys,0,1,0,0,1,0,1,0,0,0
virkistys,0,1,0,0,1,0,1,0,0,0
rekrytoida,0,0,0,0,0,0,0,0,0,0
rekrytointi,0,0,0,0,0,0,0,0,0,0
värvää,0,0,0,0,0,0,0,0,0,1
suorakulmio,0,0,0,0,0,0,0,0,0,0
suorakulmainen,0,0,0,0,0,0,0,0,0,0
oikaisu,0,0,0,0,0,0,0,0,0,0
korjata,0,0,0,0,0,0,1,0,0,0
rehtori,0,0,0,0,0,0,0,0,0,0
pappila,0,0,0,0,0,0,0,0,0,0
makaava,0,0,0,0,0,0,0,0,0,0
toipuminen,0,0,0,0,0,0,0,0,0,0
toistua,0,0,0,0,0,0,0,0,0,0
toistuminen,0,0,0,0,0,0,0,0,0,0
toistuva,0,1,0,0,0,0,0,0,0,0
toistuva,0,0,0,0,0,0,0,0,0,0
rekursio,0,0,0,0,0,0,0,0,0,0
rekursiivinen,0,0,0,0,0,0,0,0,0,0
rekursiivisesti,0,0,0,0,0,0,0,0,0,0
punainen,0,0,0,0,0,0,0,0,0,0
punertava,0,0,0,0,0,0,0,0,0,0
lunastus,0,0,0,0,0,0,1,0,0,0
punoitus,0,0,0,0,0,0,0,0,0,0
hyvitystä,0,0,0,0,0,0,1,0,0,0
vähennetty,0,0,0,0,0,0,0,0,0,0
vähentäminen,0,0,0,0,0,0,0,0,0,0
redundanssi,0,0,0,0,0,0,0,0,0,0
tarpeeton,0,0,0,0,0,1,0,0,0,0
ruoko,0,0,0,0,0,0,0,0,0,0
riutta,0,0,0,0,0,0,0,0,0,0
riutat,0,0,0,0,0,0,0,0,0,0
kela,0,0,0,0,0,0,0,0,0,0
perustaa uudelleen,0,0,0,0,0,0,0,0,0,0
tuomari,0,0,0,0,0,0,0,0,0,1
viite,0,0,0,0,0,0,0,0,0,0
kansanäänestys,0,0,0,0,0,0,0,0,0,0
tarkentaa,0,0,0,0,0,0,1,0,0,0
tarkennus,0,0,0,0,0,0,1,0,0,0
jalostamo,0,0,0,0,0,0,0,0,0,0
jalostus,0,0,0,0,0,0,0,0,0,0
asentaa uudelleen,0,0,0,0,0,0,0,0,0,0
heijastaa,0,0,0,0,0,0,0,0,0,0
heijastavat,0,0,0,0,0,0,0,0,0,0
heijastus,0,0,0,0,0,0,0,0,0,0
heijastava,0,0,0,0,0,0,0,0,0,0
heijastin,0,0,0,0,0,0,0,0,0,0
refleksi,0,0,0,0,0,0,0,0,1,0
refluksi,0,0,1,0,0,1,0,0,0,0
uudistaa,0,0,0,0,0,0,1,0,0,0
uudistus,0,0,0,0,0,0,1,0,0,0
uskonpuhdistaja,0,0,0,0,0,0,1,0,0,0
taittuminen,0,0,0,0,0,0,0,0,0,0
refraktori,0,0,0,0,0,0,0,0,0,0
tulenkestävä,0,0,0,0,0,1,0,0,0,0
pidättäytyä,0,0,0,0,0,0,0,0,0,0
pidättäytyä,0,0,0,0,0,0,0,0,0,0
virkistävä,0,0,0,0,0,0,1,0,0,0
jäähdytä,0,0,0,0,0,0,0,0,0,0
jäähdytys,0,0,0,0,0,0,0,0,0,0
jääkaappi,0,0,0,0,0,0,0,0,0,0
turvapaikka,0,0,0,0,0,0,0,0,0,0
pakolainen,0,0,0,0,0,0,0,1,0,0
maksun palautus,0,0,0,0,0,0,0,0,0,0
kunnostaa,0,0,0,0,0,0,1,0,0,0
epääminen,0,0,0,0,0,1,0,0,0,0
kieltäytyä,0,0,0,0,0,1,0,0,0,0
kieltäytyi,0,0,0,0,0,1,0,1,0,0
kieltäytyä,0,0,0,0,0,0,0,0,0,0
kiistäminen,0,0,0,1,0,0,0,0,0,0
kumota,0,0,0,0,0,0,0,0,0,0
saada takaisin,0,0,0,0,0,0,0,0,0,0
kuninkaallinen,0,0,0,0,0,0,1,0,0,1
kuninkaalliset,0,0,0,0,0,0,0,0,0,0
regatta,0,1,0,0,0,0,0,0,0,0
regency,0,0,0,0,0,0,0,0,0,0
uudistaa,0,0,0,0,0,0,0,0,0,0
uudistumista,0,0,0,0,0,0,0,0,0,0
valtionhoitaja,0,0,0,0,0,0,1,0,0,1
järjestelmä,0,0,0,0,0,0,0,0,0,0
hoito-ohjelma,0,0,0,0,0,0,0,0,0,0
rykmentti,0,0,0,1,0,0,0,0,0,0
alueella,0,0,0,0,0,0,0,0,0,0
alueellinen,0,0,0,0,0,0,0,0,0,0
regionalismi,0,0,0,0,0,0,0,0,0,0
rekisteröidy,0,0,0,0,0,0,0,0,0,0
kirjaaja,0,0,0,0,0,0,0,0,0,0
rekisteröinti,0,0,0,0,0,0,0,0,0,0
rekisteri,0,0,0,0,0,0,0,0,0,1
taantua,0,0,0,0,0,1,0,0,0,0
regressio,0,0,0,0,0,1,0,0,0,0
taantuva,0,0,0,0,0,1,1,0,0,0
katumusta,0,0,0,0,0,1,0,1,0,0
valitettavaa,0,0,0,0,0,1,0,1,0,0
pahoitteli,0,0,0,0,0,1,0,1,0,0
pahoillani,0,0,0,0,0,1,0,1,0,0
säännöllinen,0,0,0,0,0,0,0,0,0,0
säännöllisyys,0,1,0,0,0,0,1,0,0,1
vakituiset,0,0,0,0,0,0,0,0,0,0
säännellä,0,0,0,0,0,0,1,0,0,0
säännelty,0,0,0,0,0,0,0,0,0,0
säätö,0,0,0,0,0,0,0,0,0,0
sääntelevä,0,0,0,1,0,1,0,0,0,0
regurgitaatio,0,0,1,0,0,0,0,0,0,0
kuntouttaa,0,0,0,0,0,0,1,0,0,0
kuntoutus,0,1,0,0,0,0,1,0,0,0
harjoitus,0,0,0,0,0,0,0,0,0,0
hallita,0,0,0,0,0,0,0,0,0,0
korvata,0,0,0,0,0,0,1,0,0,0
korvaus,0,0,0,0,0,0,1,0,0,1
ohjat,0,0,0,0,0,1,0,0,0,0
poro,0,0,0,0,0,0,0,0,0,0
vahvistaa,0,0,0,0,0,0,0,0,0,0
vahvistaminen,0,0,0,0,0,0,1,0,0,1
vahvistuksia,0,0,0,0,0,0,0,0,0,1
ohjakset,0,0,0,0,0,0,0,0,0,0
asenna uudelleen,0,0,0,0,0,0,0,0,0,0
palauttaa,0,0,0,0,0,0,1,0,0,0
palauttaminen,0,0,0,0,0,0,0,0,0,0
sijoittaa uudelleen,0,0,0,0,0,0,0,0,0,0
uudelleensijoittaminen,0,0,0,0,0,0,0,0,0,0
toistaa,0,0,0,0,0,0,0,0,0,0
hylätä,1,0,0,1,0,1,0,1,0,0
hylätty,0,0,0,0,0,1,0,0,0,0
hylkääminen,1,0,1,1,0,1,0,1,0,0
hylkää,1,0,0,1,0,1,0,1,0,0
iloitse,0,1,0,0,1,0,1,0,1,1
iloitsee,0,1,0,0,1,0,1,0,1,0
liittyä uudelleen,0,0,0,0,0,0,0,0,0,0
nuorentaa,0,0,0,0,0,0,1,0,0,0
nuorentunut,0,0,0,0,0,0,1,0,0,0
sytyttää uudelleen,0,1,0,1,1,1,1,0,1,0
uusiutuminen,0,0,0,1,0,1,0,1,0,0
liittyvät,0,0,0,0,0,0,0,0,0,0
liittyvät,0,0,0,0,0,0,0,0,0,1
suhde,0,0,0,0,0,0,0,0,0,0
suhdetta,0,0,0,0,0,0,0,0,0,0
suhteellinen,0,0,0,0,0,0,0,0,0,1
suhteellisuusteoria,0,0,0,0,0,0,0,0,0,0
rentouttava,0,0,0,0,0,0,0,0,0,0
rentoutumista,0,0,0,0,0,0,1,0,0,0
rento,0,0,0,0,0,0,0,0,0,0
rele,0,0,0,0,0,0,0,0,0,0
vapauttaa,0,0,0,0,0,0,0,0,0,0
vapautettu,0,0,0,0,0,0,0,0,0,0
putoaminen,0,0,0,0,0,1,0,0,0,0
merkityksellisyyttä,0,0,0,0,0,0,0,0,0,0
asiaankuuluvaa,0,0,0,0,0,0,1,0,0,1
luotettavuus,0,0,0,0,0,0,1,0,0,1
luotettava,0,0,0,0,0,0,1,0,0,1
riippuvuus,0,0,0,0,0,0,1,0,0,1
jäänne,0,0,0,0,0,0,0,0,0,0
jäänteitä,0,0,0,0,0,0,0,1,0,0
helpotus,0,0,0,0,0,0,1,0,0,0
lievittävä,0,0,0,0,0,0,1,0,0,0
uskonto,0,0,0,0,0,0,0,0,0,1
uskonnollinen,0,0,0,0,0,0,0,0,0,0
luopua,0,0,0,0,0,1,0,0,0,0
nauttia,0,0,0,0,0,0,0,0,0,0
haluttomuus,0,0,0,0,0,0,0,0,0,0
vastahakoinen,0,0,0,1,0,1,0,0,0,0
loput,0,0,0,0,0,0,0,0,0,0
jäljelle jäänyt,0,0,0,0,0,0,0,0,0,0
jäännökset,0,0,1,1,0,1,1,0,0,1
tehdä uudelleen,0,0,0,0,0,0,1,0,0,0
tutkintavankeus,1,0,0,0,0,1,0,0,0,0
huomautus,0,0,0,0,0,0,0,0,0,0
huomattava,0,0,0,0,1,0,1,0,1,1
huomattavasti,0,0,0,0,0,0,1,0,0,0
korjaava,0,0,0,0,0,1,0,0,0,0
parannuskeino,0,1,0,0,1,0,1,0,0,1
muistaa,0,0,0,0,0,0,0,0,0,0
muisti,0,0,0,0,0,0,0,0,0,0
muistaa,0,0,0,0,0,0,0,0,0,0
muistaminen,0,0,0,0,0,0,0,0,0,0
muistuttaa,0,0,0,0,0,0,0,0,0,0
muistutus,0,0,0,0,0,0,0,0,0,0
huolimaton,1,0,1,0,0,1,0,1,0,0
remissio,0,0,0,0,0,0,1,0,0,0
tehtäväksi,0,0,0,0,0,0,0,0,0,0
rahalähetys,0,0,0,0,0,0,0,0,0,0
jäännös,0,0,0,0,0,0,0,0,0,0
uudistaa,0,0,0,0,0,0,1,0,0,0
katumusta,0,0,0,0,0,1,0,1,0,0
etä,0,0,0,0,0,0,0,0,0,0
syrjäisyyttä,0,0,0,0,0,0,0,0,0,0
poistaminen,0,0,0,0,0,1,0,0,0,0
Poista,1,0,0,1,0,1,0,1,0,0
palkkio,0,0,0,0,0,0,0,0,0,0
renessanssi,0,0,0,0,0,0,1,0,0,0
rencontre,0,0,0,0,0,1,0,0,0,0
repiä,0,0,0,0,0,1,0,0,0,0
renderöidä,0,0,0,0,0,0,1,0,0,0
renderöinti,0,0,0,0,0,0,0,0,0,0
tapaaminen,0,0,0,0,0,0,0,0,0,0
esitys,0,0,0,0,0,0,0,0,0,0
luopio,1,0,0,0,0,1,0,0,0,0
uusiminen,0,0,0,0,0,0,1,0,0,0
luopua,1,0,0,0,0,1,0,0,0,0
kunnostaa,0,1,0,0,0,0,1,0,0,0
kunnostettu,0,0,0,0,0,0,0,0,0,0
kunnostus,0,1,0,0,1,0,1,0,0,0
mainetta,0,0,0,0,0,0,1,0,0,0
kuuluisa,0,0,0,0,0,0,1,0,0,0
vuokrata,0,0,0,0,0,0,0,0,0,0
vuokraus,0,0,0,0,0,0,0,0,0,0
vuokraaja,0,0,0,0,0,0,0,0,0,0
luopuminen,0,0,0,0,0,1,0,0,0,0
uudelleenjärjestely,0,0,0,0,0,0,0,0,0,0
järjestää uudelleen,0,0,0,0,0,0,1,0,0,0
korjaus,0,0,0,0,0,0,0,0,0,0
korvaus,0,0,0,0,0,0,1,0,0,1
maksaa takaisin,1,1,0,0,1,0,1,0,0,1
takaisinmaksu,0,0,0,0,0,0,0,0,0,0
kumota,0,0,0,0,0,0,0,0,0,0
toistaa,0,0,0,0,0,0,0,0,0,0
toistettu,0,0,0,0,0,0,0,0,0,0
toistuvasti,0,0,0,0,0,0,0,0,0,0
toistin,0,0,0,0,0,0,0,0,0,0
hylkivä,0,0,1,1,0,1,0,0,0,0
hylkivä,1,0,1,1,0,1,0,0,0,0
hylkivä,0,0,1,0,0,1,0,0,0,0
katua,0,0,0,1,0,0,1,0,0,0
katumusta,0,0,0,0,0,0,0,0,0,0
ohjelmisto,0,0,0,0,0,0,0,0,0,0
ohjelmisto,0,0,0,0,0,0,0,0,0,0
toisto,0,0,0,0,0,0,0,0,0,0
korvata,0,0,0,0,0,0,0,0,0,0
korvaus,0,0,0,0,0,0,0,0,0,0
täydentää,0,0,0,0,0,0,1,0,0,0
täynnä,0,0,0,0,0,0,1,0,0,0
replikointi,0,0,0,0,0,0,0,0,0,0
Vastaa,0,0,0,0,0,0,0,0,0,0
raportti,0,0,0,0,0,0,0,0,0,0
raportoitu,0,0,0,0,0,0,0,0,0,0
reportteri,0,0,0,0,0,0,1,0,0,1
levätä,0,0,0,0,0,0,1,0,0,0
sijoittaa uudelleen,0,0,0,0,0,0,0,0,0,0
arkisto,0,0,0,0,0,0,0,0,0,0
edustus,0,0,0,0,0,0,0,0,0,0
edustaja,0,0,0,0,0,0,0,0,0,0
edustettuna,0,0,0,0,0,0,1,0,0,0
edustaa,0,1,0,0,0,0,0,0,0,0
tukahduttaa,0,0,0,0,0,1,0,1,0,0
tukahdutettu,0,0,0,0,0,0,0,0,0,0
sorto,0,0,0,1,0,1,0,0,0,0
lykkäys,0,0,0,0,0,0,0,0,0,0
nuhtelu,1,0,0,0,0,1,0,0,0,0
uusintapainos,0,0,0,0,0,1,0,0,0,0
kosto,1,0,0,1,0,1,0,1,0,0
uusinta,0,0,0,0,0,0,0,0,0,0
moittia,1,0,1,0,0,1,0,1,0,0
jäljentää,0,0,0,0,0,0,0,0,0,0
jäljentäminen,0,0,0,0,0,0,0,0,0,0
lisääntymiskykyinen,0,0,0,0,1,0,1,0,0,0
matelija,0,0,0,0,0,0,0,0,0,0
tasavalta,0,0,0,0,0,1,0,0,0,0
tasavaltalainen,0,0,0,0,0,0,0,0,0,0
kieltäminen,1,0,1,0,0,1,0,0,0,0
vastenmielisyyttä,0,0,1,1,0,1,0,0,0,0
takaisinosto,0,0,0,0,0,0,0,0,0,0
hyvämaineinen,0,0,0,0,0,0,1,0,0,1
maine,0,0,0,0,0,0,0,0,0,0
maine,0,0,0,0,0,0,0,0,0,0
pyyntö,0,0,0,0,0,0,0,0,0,0
requiem,0,0,0,0,0,0,0,1,0,0
vaaditaan,0,0,0,0,0,0,0,0,0,0
vaatimus,0,0,0,0,0,0,0,0,0,0
tarvittava,0,0,0,0,0,0,0,0,0,0
pakkolunastus,0,0,0,0,0,0,0,0,0,0
peruuttaa,0,0,0,0,0,1,0,0,0,0
irtisanominen,0,0,0,0,0,1,0,0,0,0
pelastaa,0,1,0,0,1,0,1,0,1,1
tutkimusta,0,0,0,0,0,0,0,0,0,0
resektio,0,0,0,1,0,0,0,0,0,0
samankaltaisuus,0,0,0,0,0,0,0,0,0,0
muistuttaa,0,0,0,0,0,0,0,0,0,0
muistuttaa,0,0,0,0,0,0,0,0,0,0
paheksua,1,0,0,0,0,1,0,0,0,0
katkera,1,0,0,0,0,1,0,0,0,0
kaunaa,1,0,1,0,0,1,0,1,0,0
varaus,0,0,0,0,0,0,0,0,0,0
varata,0,0,0,0,0,0,1,0,0,0
varattu,0,0,0,0,0,0,0,0,0,0
varauksia,0,0,0,0,0,0,0,0,0,0
säiliö,0,0,0,0,0,0,0,0,0,0
asua,0,0,0,0,0,0,0,0,0,0
asuinpaikka,0,0,0,0,0,0,0,0,0,0
asuntoja,0,0,0,0,0,0,0,0,0,0
asukas,0,0,0,0,0,0,1,0,0,0
jäännös,0,0,0,0,0,0,0,0,0,0
jäännös,0,0,0,0,0,0,0,0,0,0
erota,1,0,1,1,0,1,0,1,0,0
eroaminen,0,0,0,0,0,1,0,1,1,0
eronnut,0,0,0,0,0,1,0,1,0,0
joustavuutta,0,0,0,0,0,0,0,0,0,0
kimmoisa,0,0,0,0,0,0,1,0,0,0
hartsi,0,0,0,0,0,0,0,0,0,0
vastustaa,0,0,0,0,0,1,0,0,0,0
vastus,1,0,0,0,0,1,0,0,0,0
vastustuskykyinen,0,0,0,1,0,1,0,0,0,0
vastustaen,1,0,0,1,0,1,0,1,0,0
resistiivinen,0,0,0,0,0,0,1,0,0,0
päättäväinen,0,0,0,0,0,0,0,0,0,0
päättäväisesti,0,0,0,0,0,0,1,0,0,0
resoluutio,0,0,0,0,0,0,0,0,0,0
ratkaista,0,0,0,0,0,0,0,0,0,0
ratkaistu,0,0,0,0,0,0,0,0,0,0
resonanssi,0,0,0,0,0,0,0,0,0,0
resonoiva,0,0,0,0,0,0,0,0,0,0
resonoida,0,0,0,0,0,0,0,0,0,0
resonaattori,0,0,0,0,0,0,0,0,0,0
lomakohde,0,0,0,0,0,0,0,0,0,0
raikuva,0,0,0,0,0,0,0,0,0,0
resursseja,0,0,0,0,1,0,1,0,0,1
kunnioittaminen,0,1,0,0,1,0,1,0,0,1
kunnioitusta,0,0,0,0,0,0,1,0,0,0
kunnioitettavaa,0,0,0,0,0,0,1,0,0,1
kunnioitetaan,0,0,0,0,0,0,0,0,0,0
kunnioittavaa,0,0,0,0,0,0,1,0,0,1
kunnioittaen,0,0,0,0,0,0,1,0,0,0
vastaavasti,0,0,0,0,0,0,0,0,0,0
kunnioittaa,0,0,0,0,0,0,1,0,0,1
hengitys,0,0,0,0,0,0,0,0,0,0
hengityssuojain,0,0,0,0,0,0,0,0,0,0
hengähdystauko,0,0,0,0,1,0,1,0,0,1
häikäisevä,0,0,0,0,1,0,1,0,0,0
vastata,0,0,0,0,0,0,0,0,0,0
vastaaja,0,0,0,0,0,0,0,0,0,0
vastaus,0,0,0,0,0,0,0,0,0,0
vastuuta,0,0,0,0,0,0,0,0,0,0
vastuussa,0,0,0,0,0,0,1,0,0,1
reagoiva,0,1,0,0,0,0,1,0,0,1
levätä,0,0,0,0,0,0,1,0,0,0
ravintola,0,0,0,0,0,0,0,0,0,0
rauhallinen,0,0,0,0,0,0,1,0,0,0
hyvitys,1,0,0,0,0,0,1,0,0,0
levottomuus,0,1,0,0,0,0,0,0,0,0
entisöinti,0,0,0,0,0,0,0,0,0,0
korjaava,0,1,0,0,1,0,1,0,0,1
palautettu,0,0,0,0,0,0,0,0,0,0
palauttaminen,0,0,0,0,0,0,1,0,0,0
hillitä,1,0,0,1,0,1,0,0,0,0
hillitty,0,0,0,1,0,0,0,0,0,0
pidättyväisyys,0,0,0,0,0,0,1,0,0,0
rajoittaa,0,0,0,0,0,1,0,1,0,0
rajoitettu,0,0,0,0,0,0,0,0,0,0
rajoitus,1,0,0,1,0,1,0,1,0,0
rajoittava,0,0,0,0,0,1,0,0,0,0
tulos,0,1,0,0,0,0,0,0,0,0
tuloksena,0,1,0,0,0,0,0,0,0,0
jatkaminen,0,0,0,0,0,0,1,0,0,0
ylösnousemus,0,0,0,0,0,0,0,0,0,0
elvytys,0,0,0,0,0,0,0,0,0,0
jälleenmyynti,0,0,0,0,0,0,0,0,0,0
jälleenmyyjä,0,0,0,0,0,0,0,0,0,0
säilyttää,0,0,0,0,0,0,0,0,0,1
säilyttäminen,0,0,0,0,0,0,0,0,0,0
ottaa uudelleen,0,0,0,0,0,0,0,0,0,0
kostaa,1,0,0,0,0,1,0,0,0,0
kosto,1,0,0,1,0,1,0,0,0,0
kostotoimia,1,0,0,0,0,1,0,0,0,0
hidastaa,0,0,1,1,0,1,0,1,0,0
hidastuminen,0,0,0,0,0,1,0,0,0,0
säilyttäminen,0,0,0,0,0,0,1,0,0,0
pidättävä,0,0,0,0,0,0,0,0,0,0
pidättyväinen,0,0,0,1,0,1,0,0,0,0
verkkokalvo,0,0,0,0,0,0,0,0,0,0
eläkkeellä,0,0,0,0,0,0,0,0,0,0
eläkkeelle siirtyminen,0,1,0,1,1,1,1,1,0,1
eläkkeelle,0,0,0,0,0,0,0,0,0,0
kerrottu uudelleen,0,0,0,0,0,0,0,0,0,0
tislausastia,0,0,0,0,0,1,0,0,0,0
jäljittää,0,0,0,0,0,0,0,0,0,0
vetää takaisin,1,0,0,0,0,1,0,0,0,0
takaisinveto,0,0,0,0,0,1,0,0,0,0
supistaminen,0,0,0,1,0,1,0,0,0,0
kosto,1,0,0,1,0,1,0,1,0,0
haku,0,0,0,0,0,0,0,0,0,0
hakea,0,0,0,0,0,0,0,0,0,0
noutaja,0,0,0,0,0,0,0,0,0,0
takautuvasti,0,0,0,0,0,0,0,0,0,0
retrogradinen,0,0,0,0,0,1,0,0,0,0
jälkikäteen,0,0,0,0,0,0,0,0,0,0
retrospektiivinen,0,0,0,0,0,0,0,0,0,0
takautuvasti,0,0,0,0,0,0,0,0,0,0
palata,0,0,0,0,0,0,0,0,0,0
jälleennäkeminen,0,1,0,0,0,0,1,0,0,1
paljastaa,0,0,0,0,0,0,0,0,0,0
nauti,0,0,0,0,1,0,1,0,0,0
paljastus,0,0,0,0,0,0,0,0,0,0
iloitsee,0,0,0,0,1,0,1,0,0,0
kosto,1,1,0,1,0,1,0,0,1,0
tulot,0,0,0,0,0,0,0,0,0,0
jälkikaiunta,0,0,0,0,0,0,0,0,0,0
kunnioittaa,0,1,0,0,1,0,1,0,0,1
kunnioitusta,0,0,0,0,1,0,1,0,0,1
pastori,0,0,0,0,1,0,1,0,0,0
kunnioittava,0,0,0,0,0,0,0,0,0,0
haaveilu,0,0,0,0,1,0,1,0,0,1
kääntyminen,1,0,1,0,0,1,0,0,1,0
käänteinen,0,0,0,0,0,0,0,0,0,0
palautus,0,0,0,0,0,0,0,0,0,0
palautua,0,0,0,0,0,0,0,0,0,0
palaamassa,0,0,0,0,0,0,0,0,0,0
arvostelu,0,0,0,0,0,0,0,0,0,0
arvostelija,0,0,0,0,0,0,0,0,0,0
tarkistaa,0,0,0,0,0,0,1,0,0,0
tarkistus,0,0,0,0,0,0,0,0,0,0
käydä uudelleen,0,0,0,0,0,0,0,0,0,0
elpyminen,0,1,0,0,1,0,1,0,0,1
elvyttää,0,1,0,0,0,1,1,0,0,0
peruuttaminen,0,0,0,0,0,1,0,0,0,0
peruuttaa,1,0,1,1,0,1,0,1,0,0
kapina,1,0,0,0,0,1,0,0,1,0
vastenmielinen,1,0,1,1,0,1,0,0,0,0
vallankumous,1,1,0,1,0,1,1,1,1,0
vallankumouksellinen,0,0,0,0,0,0,1,0,0,0
mullistaa,0,0,0,0,0,0,0,0,0,0
pyöriä,0,0,0,0,0,0,0,0,0,0
revolveri,1,0,0,1,0,1,0,1,0,0
vastenmielisyyttä,1,0,1,1,0,1,0,0,0,0
palkinto,0,1,0,0,1,0,1,0,1,1
retoriikkaa,0,0,0,0,0,0,0,0,0,0
retorinen,0,0,0,0,0,0,0,0,0,0
reumatismi,1,0,0,1,0,1,0,1,0,0
loppusointu,0,0,0,0,0,0,0,0,0,0
rimmaa,0,0,0,0,0,0,0,0,0,0
rytmi,0,0,0,0,0,0,1,0,0,0
rytminen,0,0,0,0,1,0,1,0,1,0
rib,0,0,0,0,0,0,0,0,0,0
uurrettu,0,0,0,0,0,0,0,0,0,0
nauha,1,1,0,0,1,0,1,0,0,0
riisi,0,0,0,0,0,0,0,0,0,0
rikkaudet,0,0,0,0,0,0,0,0,0,0
rikkaus,0,0,0,0,0,0,1,0,0,0
rick,0,0,0,0,0,0,0,0,0,0
kiikkerä,0,0,0,0,0,1,0,0,0,0
eroon,0,0,0,0,0,0,0,0,0,0
vapautuminen,0,0,0,0,0,0,0,0,0,0
arvoitus,0,0,0,0,0,0,0,0,1,0
ymmällään,0,0,0,0,0,1,0,0,0,0
ratsastaa,0,0,0,0,0,0,0,0,0,0
ratsastaja,0,0,0,0,0,0,1,0,0,0
harjanne,0,0,0,0,0,0,0,0,0,0
pilkkaa,1,0,1,0,0,1,0,1,0,0
naurettavaa,1,0,1,0,0,1,0,0,0,0
ratsastus,0,0,0,0,0,0,0,0,0,0
yleistä,0,0,0,0,0,1,0,0,0,0
kivääri,1,0,0,1,0,1,0,0,0,0
kiväärit,0,0,0,0,0,0,0,0,0,0
halkeama,0,0,0,0,0,1,0,0,0,0
rig,0,0,0,0,0,0,0,0,0,0
takila,0,0,0,0,0,0,0,0,0,0
vanhurskas,0,0,0,0,0,0,1,0,0,0
oikeutettua,0,0,0,0,0,0,1,0,0,0
oikein,0,0,0,0,0,0,1,0,0,0
jäykkä,0,0,0,0,0,1,0,0,0,0
jäykkyys,0,0,0,0,0,1,0,0,0,0
kurinalaisuutta,0,0,1,1,0,1,0,0,0,0
tiukka,0,0,0,0,0,1,0,0,0,0
vanne,0,0,0,0,0,0,0,0,0,0
kuori,0,0,0,0,0,0,0,0,0,0
rengas,0,0,0,0,0,0,0,0,0,0
soittoääni,1,0,0,0,0,1,0,0,0,0
soi,0,0,0,0,0,0,0,0,0,0
jäähalli,0,0,0,0,0,0,0,0,0,0
huuhtele,0,0,0,0,0,0,0,0,0,0
mellakka,1,0,0,1,0,1,0,0,0,0
riehakas,1,0,0,1,0,1,0,0,1,0
rantamaalainen,0,0,0,0,0,0,0,0,0,0
kypsä,0,0,0,0,0,0,1,0,0,0
kypsyä,0,1,0,0,0,0,1,0,0,0
kypsyminen,0,0,0,0,0,0,0,0,0,0
aaltoilu,0,0,0,0,0,0,0,0,0,0
nousta,0,0,0,0,0,0,0,0,0,0
nousussa,0,1,0,0,1,0,1,0,0,0
riski,0,1,0,1,0,1,0,0,0,0
riskialtista,0,1,0,1,0,1,0,0,0,0
riitti,0,0,0,0,0,0,0,0,0,0
rituaali-,0,0,0,0,0,0,0,0,0,0
rituaalista,0,0,0,0,0,0,0,0,0,0
kilpailija,0,0,0,0,0,0,0,0,0,0
kilpailu,1,0,0,0,0,1,0,0,0,0
joki,0,0,0,0,0,0,0,0,0,0
joen penkka,0,0,0,0,0,0,0,0,0,0
niitti,0,0,0,0,0,0,0,0,0,0
niitattu,0,0,0,0,0,0,0,0,0,0
niittaamalla,0,0,0,0,0,0,1,0,0,0
tie,0,0,0,0,0,0,0,0,0,0
tiet,0,0,0,0,0,0,0,0,0,0
roadster,0,0,0,0,1,0,1,0,0,1
ajorata,0,0,0,0,0,0,0,0,0,0
vaeltaa,0,0,0,0,0,0,0,0,0,0
karjaisu,0,0,0,0,0,0,0,0,0,0
paisti,0,0,0,0,0,0,0,0,0,0
ryöstää,1,0,1,1,0,1,0,1,0,0
rosvo,0,0,1,1,0,1,0,0,0,0
ryöstö,1,0,1,1,0,1,0,1,0,0
kaapu,0,0,0,0,0,0,0,0,0,0
robotti,0,0,0,0,0,0,0,0,0,0
robotiikkaa,0,0,0,0,0,0,0,0,0,0
vankka,0,0,0,0,0,0,1,0,0,0
roc,0,0,0,0,0,0,0,0,0,0
rock,0,0,0,0,0,0,1,0,0,0
raketti,1,0,0,0,0,0,0,0,0,0
kiviä,0,0,0,0,0,0,0,0,0,0
sauva,0,0,0,1,0,0,1,0,0,1
mäti,0,0,0,0,0,0,0,0,0,0
roisto,0,0,1,0,0,1,0,0,0,0
rooli,0,0,0,0,0,0,0,0,0,0
rullaa,0,0,0,0,0,0,0,0,0,0
rulla,0,0,0,0,0,0,0,0,0,0
rullat,0,0,0,0,0,0,0,0,0,0
riehakas,0,0,0,0,1,0,1,0,0,0
rullaa,0,0,0,0,0,0,0,0,0,0
romantiikkaa,0,1,0,1,1,0,1,1,1,1
romanttinen,0,1,0,0,1,0,1,0,0,1
romantiikkaa,0,0,0,0,1,0,1,0,0,0
peuhata,0,0,0,0,1,0,1,0,0,0
katto,0,0,0,0,0,0,0,0,0,0
torni,1,0,1,0,0,1,0,0,0,0
huone,0,0,0,0,0,0,0,0,0,0
tilava,0,0,0,0,0,0,0,0,0,0
orsi,0,0,0,0,0,0,0,0,0,0
kukko,0,0,0,0,0,0,0,0,0,0
juuri,0,0,0,0,0,0,0,0,0,0
juurtunut,0,0,0,0,0,0,1,0,0,1
köysi,0,0,0,0,0,0,0,0,0,0
rukousnauha,0,0,0,0,0,0,0,0,0,0
ruusu-,0,0,0,0,0,0,0,0,0,0
rosmariini,0,0,0,0,0,0,0,0,0,0
ruusuke,0,0,0,0,0,0,0,0,0,0
lista,0,0,0,0,0,0,0,0,0,0
ruusuinen,0,0,0,0,0,0,1,0,0,0
mätää,0,0,1,1,0,1,0,1,0,0
rota,0,0,0,0,0,0,1,0,0,1
pyörivä,0,0,0,0,0,0,0,0,0,0
kiertää,0,0,0,0,0,0,0,0,0,0
kierto,0,0,0,0,0,0,0,0,0,0
rotu,0,0,0,0,0,0,0,0,0,0
roottori,0,0,0,0,0,0,0,0,0,0
mätää,0,0,1,0,0,1,0,0,0,0
rouge,0,0,0,0,0,0,0,0,0,0
karkea,0,0,0,0,0,0,0,0,0,0
karkeasti,0,0,0,0,0,0,0,0,0,0
karheutta,0,0,0,0,0,1,0,0,0,0
ruletti,0,1,0,0,0,0,0,0,0,0
pyöristää,0,0,0,0,0,0,0,0,0,0
liikenneympyrä,0,0,0,0,0,0,0,0,0,0
pyöristetty,0,0,0,0,0,0,0,0,0,0
pyöristää ylöspäin,0,0,0,0,0,0,0,0,0,0
herättää,0,0,0,0,0,0,0,0,0,0
herääjä,0,0,0,0,0,0,0,0,0,0
sykähdyttävä,0,0,0,0,0,0,0,0,0,0
murskatappio,0,0,0,0,0,1,0,0,0,0
reitti,0,0,0,0,0,0,0,0,0,0
rutiini,0,0,0,0,0,0,1,0,0,1
mönkijä,0,0,0,0,0,0,0,0,0,0
kiertävä,0,0,0,0,0,0,0,0,0,0
rivi,1,0,0,0,0,1,0,0,0,0
meluisa,0,0,0,0,0,1,0,0,0,0
kuninkaallinen,0,0,0,0,0,0,0,0,0,0
kuninkaallinen,0,0,0,0,0,0,1,0,0,0
hieroa,0,0,0,0,0,0,0,0,0,0
kumi,0,0,0,0,0,0,0,0,0,0
kumit,0,0,0,0,0,0,0,0,0,0
hankausta,0,0,0,0,0,0,0,0,0,0
roskat,0,0,1,0,0,1,0,0,0,0
raunioista,0,0,0,1,0,1,0,1,0,0
rubriikki,0,0,0,0,0,0,1,0,0,0
rubiini,0,0,0,0,0,0,0,0,0,0
peräsin,0,0,0,0,0,0,0,0,0,0
punaposkinen,0,0,0,0,0,0,0,0,0,0
alkeellista,0,0,0,0,0,0,0,0,0,0
alkeet,0,0,0,0,0,0,0,0,0,0
rue,0,0,0,0,0,1,0,1,0,0
ruff,0,0,0,0,0,0,0,0,0,0
hermostuttaa,0,0,0,0,0,1,0,0,0,0
matto,0,0,0,0,0,0,0,0,0,0
karu,0,0,0,0,0,1,0,0,0,0
pilata,0,0,0,1,0,1,0,1,0,0
pilalla,1,0,1,1,0,1,0,1,0,0
tuhoisa,1,0,1,1,0,1,0,1,0,0
rauniot,0,0,0,0,0,0,0,0,0,0
sääntö,0,0,0,1,0,0,0,0,0,1
viivotin,0,0,0,0,0,0,0,0,0,0
päätöstä,0,0,0,0,0,0,0,0,0,0
rommi,0,0,0,0,0,0,0,0,0,0
jyrinä,0,0,0,0,0,0,0,0,0,0
penkoa,0,0,0,0,0,0,0,0,0,0
huhu,0,0,0,0,0,1,0,1,0,0
huhuttiin,0,0,0,0,0,0,0,0,0,0
lantio,0,0,0,0,0,0,0,0,0,0
juokse pois,0,0,0,0,0,1,0,1,0,0
riimut,0,0,0,0,0,0,0,0,0,0
pulma,0,0,0,0,0,0,0,0,0,0
juoksija,0,0,0,0,0,0,0,0,0,0
käynnissä,0,0,0,0,0,0,0,0,0,0
kiitorata,0,0,0,0,0,0,0,0,0,0
repeämä,0,0,0,1,0,1,0,1,1,0
maaseudun,0,0,0,0,0,0,0,0,0,0
juoni,0,0,0,0,0,1,0,0,0,0
kiire,0,0,0,0,0,0,0,0,0,0
ruoste,0,0,0,0,0,1,0,0,0,0
maalaismainen,0,0,0,0,0,0,0,0,0,0
rasahdus,0,0,0,0,0,0,0,0,0,0
ruosteinen,0,0,0,0,0,1,0,0,0,0
kiima,0,0,0,0,0,0,0,0,0,0
ruth,0,0,0,0,0,0,1,0,0,0
häikäilemätön,1,0,1,1,0,1,0,0,0,0
ruis,0,0,0,0,0,0,0,0,0,0
sapeli,1,0,0,1,0,1,0,0,0,0
soopeli,0,0,0,0,0,0,0,0,0,0
sabotoida,1,0,1,1,0,1,0,1,1,0
pussi,0,0,0,0,0,0,0,0,0,0
säkki,0,0,0,0,0,0,0,0,0,0
sakramentti,0,0,0,0,0,0,0,0,0,0
pyhä,0,0,0,0,0,0,0,0,0,0
uhrauksia,0,0,1,1,0,1,0,1,0,0
satula,0,0,0,0,0,0,0,0,0,0
valitettavasti,0,0,0,0,0,1,0,1,0,0
surullisuus,0,0,0,0,0,1,0,1,0,1
turvallinen,0,0,0,0,1,0,1,0,0,1
suojata,0,0,0,0,0,0,1,0,0,1
säilytys,0,0,0,0,0,0,0,0,0,1
turvallisuutta,0,0,0,0,0,0,0,0,0,0
sahrami,0,0,0,0,0,0,0,0,0,0
painua,0,0,0,1,0,1,0,0,0,0
saaga,0,0,0,0,0,0,0,0,0,0
salvia,0,0,0,0,0,0,1,0,0,1
purjehtia,0,0,0,0,0,0,0,0,0,0
purjehdus,0,0,0,0,0,0,0,0,0,0
merimies,0,0,0,0,0,0,0,0,0,0
pyhimys,0,1,0,0,1,0,1,0,1,1
pyhä,0,1,0,0,1,0,1,0,1,1
salaatti,0,0,0,0,0,0,0,0,0,0
salamanteri,0,0,0,0,0,0,0,0,0,0
palkkaa,0,1,0,0,1,0,1,0,0,1
myyntiin,0,0,0,0,0,0,0,0,0,0
myyntimies,0,0,0,0,0,0,0,0,0,0
näkyvä,0,0,0,0,0,0,1,0,0,0
suolaliuosta,0,0,0,0,0,0,0,0,0,0
sylki,0,1,0,0,0,0,0,0,0,0
sally,0,0,0,0,0,0,0,0,1,0
salonki,0,0,0,0,0,0,0,0,0,0
sedan,1,0,0,0,0,0,0,0,0,0
suola,0,0,0,0,0,0,0,0,0,0
suolainen,0,0,0,0,0,0,0,0,0,0
hyödyllinen,0,0,0,0,1,0,1,0,0,1
tervehdys,0,0,0,0,0,0,0,0,0,0
tervehdys,0,0,0,0,1,0,1,0,0,0
pelastaa,0,0,0,0,0,0,0,0,0,0
pelastus,0,1,0,0,1,0,1,0,0,1
voide,0,0,0,0,0,0,1,0,0,0
samba,0,0,0,0,0,0,0,0,0,0
samanlaisuus,0,0,0,0,0,0,0,0,0,0
samurai,0,0,0,1,0,0,1,0,0,0
pyhitys,0,0,0,0,1,0,1,0,0,1
pyhitetty,0,0,0,0,0,0,0,0,0,0
pyhittää,0,1,0,0,1,0,1,1,1,1
seuraamus,0,0,0,0,0,0,0,0,0,0
sanktioitu,0,0,0,0,0,0,0,0,0,0
pyhyyttä,0,0,0,0,0,0,0,0,0,0
rauhoitusalue,0,1,0,0,1,0,1,0,0,1
hiekka,0,0,0,0,0,0,0,0,0,0
sandaali,0,0,0,0,0,0,0,0,0,0
hiomakone,0,0,0,0,0,0,0,0,0,0
hiekkaa,0,0,0,0,0,0,0,0,0,0
hiekkainen,0,0,0,0,0,0,0,0,0,0
täysijärkinen,0,0,0,0,0,0,0,0,0,0
toiveikas,0,0,0,0,0,0,1,0,0,0
saniteetti,0,0,0,0,0,0,1,0,0,0
mielenterveys,0,0,0,0,0,0,0,0,0,0
sans,0,0,0,0,0,0,0,0,0,0
mahla,0,0,0,0,0,1,0,1,0,0
safiiri,0,0,0,0,0,0,0,0,0,0
typerä,0,0,0,0,0,0,0,0,0,1
sarkasmia,1,0,1,0,0,1,0,1,0,0
sarkooma,0,0,0,1,0,1,0,1,0,0
ivallinen,0,0,0,0,0,1,0,0,0,0
puite,0,0,0,0,0,0,0,0,0,0
saatanallinen,1,0,0,0,0,1,0,0,0,0
olkalaukku,0,0,0,0,0,0,0,0,0,0
istua,0,0,0,0,0,0,0,0,0,0
satelliitti,0,0,0,0,0,0,0,0,0,0
satiini,0,0,0,0,0,0,1,0,0,0
satiiri,0,0,0,0,0,0,0,0,0,0
satiirinen,0,0,0,0,0,0,0,0,0,0
tyytyväisyys,0,0,0,0,0,0,0,0,0,0
tyydyttävästi,0,0,0,0,0,0,1,0,0,0
tyytyväinen,0,0,0,0,1,0,1,0,0,0
kyllästää,0,0,0,0,0,0,0,0,0,0
kylläinen,0,0,1,0,0,1,0,0,0,0
kylläisyys,0,0,0,0,0,0,0,0,0,0
kastike,0,0,0,0,0,0,0,0,0,0
Kasari,0,0,0,0,0,0,0,0,0,0
lautanen,0,0,0,0,0,0,0,0,0,0
näpsäkkä,0,0,0,0,0,0,0,0,0,0
hapankaali,0,0,0,0,0,0,0,0,0,0
sauna,0,0,0,0,0,0,0,0,0,0
villi,1,0,0,1,0,1,0,0,0,0
villiys,1,0,0,1,0,1,0,0,0,0
savanni,0,0,0,0,0,0,0,0,0,0
Tallentaa,0,0,0,0,1,0,1,0,0,1
tallentaa,0,0,0,0,0,0,0,0,0,0
säästöjä,0,0,0,0,0,0,1,0,0,0
maistella,0,1,1,0,1,0,1,1,0,1
suolaista,0,0,0,0,0,0,1,0,0,0
taju,0,0,0,0,0,0,1,0,0,0
sahanpuru,0,0,0,0,0,0,0,0,0,0
saksofoni,0,0,0,0,0,0,0,0,0,0
saksofoni,0,0,0,0,0,0,0,0,0,0
rupi,0,0,0,0,0,1,0,0,0,0
huotra,0,0,0,0,0,0,0,0,0,0
rakennusteline,0,0,0,1,0,1,0,0,0,0
rakennustelineet,0,0,0,0,0,0,0,0,0,0
mittakaavassa,0,0,0,0,0,0,0,0,0,0
vaa'at,0,0,0,0,0,0,0,0,0,0
kampasimpukka,0,0,0,0,0,0,0,0,0,0
päänahan,0,0,0,0,0,0,0,0,0,0
skalpelli,0,0,0,1,0,1,0,0,0,0
hilseilevä,0,0,0,0,0,1,0,0,0,0
skannata,0,0,0,0,0,0,0,0,0,0
skandaali,0,0,0,1,0,1,0,0,0,0
skandaali,1,0,0,0,0,1,0,0,0,0
niukka,0,0,0,0,0,1,0,0,0,0
maisema,0,0,0,0,0,0,0,0,0,0
syntipukki,1,0,0,1,0,1,0,0,0,0
arpi,1,0,1,1,0,1,0,1,0,0
skarabee,0,0,0,0,0,0,0,0,0,0
niukka,0,0,0,1,0,1,0,1,0,0
tuskin,0,0,0,0,0,1,0,1,0,0
niukkuus,1,0,0,1,0,1,0,1,0,0
pelästyttää,1,1,0,1,0,1,0,0,1,0
variksenpelätin,0,0,0,1,0,1,1,0,0,0
huivi,0,0,0,0,0,0,0,0,0,0
helakanpunainen,0,0,0,0,0,0,0,0,0,0
hajaantua,0,0,0,0,0,0,0,0,0,0
hajallaan,0,0,0,0,0,0,0,0,0,0
hajoaminen,0,0,0,0,0,0,0,0,0,0
raadonsyöjä,0,0,0,0,0,1,0,0,0,0
näkymä,0,0,0,0,0,0,0,0,0,0
maisema,0,0,0,0,0,0,0,0,0,0
luonnonkaunis,0,0,0,0,0,0,0,0,0,0
tuoksu,0,0,0,0,0,0,0,0,0,0
skeptinen,0,0,0,0,0,0,0,0,0,1
skeptisyyttä,0,0,0,0,0,0,0,0,0,0
kaavamainen,0,0,0,0,0,0,0,0,0,0
järjestelmä,0,0,0,0,0,1,0,0,0,0
skisma,1,0,0,0,0,1,0,0,0,0
skitsofrenia,1,0,1,1,0,1,0,1,0,0
tutkija,0,0,0,0,0,0,1,0,0,0
tieteellinen,0,0,0,0,0,0,0,0,0,0
stipendi,0,0,0,0,1,0,1,0,0,0
koulu,0,0,0,0,0,0,0,0,0,1
koulupoika,0,0,0,0,0,0,0,0,0,0
koulunkäynti,0,0,0,0,0,0,0,0,0,0
koulumestari,0,0,0,0,0,0,0,0,0,0
kuunari,0,0,0,0,0,0,0,0,0,0
iskias,0,0,0,0,0,1,0,0,0,0
tiede,0,0,0,0,0,0,0,0,0,0
tieteellinen,0,0,0,0,0,0,1,0,0,1
tiedemies,0,1,0,0,0,0,1,0,0,1
hitunen,0,0,0,0,0,0,1,0,0,0
tuike,0,0,0,0,0,0,0,0,0,0
tuike,0,0,0,0,0,0,0,0,0,0
jälkeläinen,0,0,0,0,0,0,0,0,0,0
sakset,0,0,0,0,0,0,0,0,0,0
pilkata,1,0,1,0,0,1,0,0,0,0
moittia,1,0,1,1,0,1,0,1,0,0
haukkumiset,1,0,0,0,0,1,0,0,0,0
kauha,0,0,0,0,0,0,0,0,0,0
soveltamisalaan,0,0,0,0,0,0,0,0,0,0
paahtavan,1,0,0,0,0,1,0,0,0,0
pisteet,0,1,0,0,1,0,1,0,1,0
tulokset,0,0,0,0,0,0,0,0,0,0
halveksia,1,0,0,0,0,1,0,0,0,0
skorpioni,1,0,1,1,0,1,0,0,1,0
skotti,0,0,0,0,0,1,0,0,0,0
roisto,1,0,1,1,0,1,0,0,0,1
pestä,0,0,0,0,0,0,0,0,0,0
vitsaus,1,0,0,1,0,1,0,1,0,0
partiolainen,0,0,0,0,0,0,0,0,0,0
raapia,0,0,0,0,0,0,0,0,0,0
ryntäily,0,0,0,0,0,0,0,0,0,0
sekoitus,0,0,0,0,0,1,0,0,0,0
raaputtaa,0,0,0,0,0,0,0,0,0,0
scrapie,1,0,0,1,0,1,0,1,0,0
kaavinta,0,0,0,0,0,0,0,0,0,0
naarmu,0,0,0,0,0,0,0,0,0,0
huutaa,1,0,1,1,0,1,0,0,1,0
huutaa,1,0,1,1,0,1,0,0,0,0
kirkua,0,0,0,1,0,1,0,0,1,0
näyttö,0,0,0,0,0,0,0,0,0,0
ruuvimeisseli,0,0,0,0,0,0,0,0,0,0
ruuvattu,1,0,0,0,0,1,0,0,0,0
sepustus,0,0,0,0,0,0,0,0,0,0
kirjuri,0,0,0,0,0,0,1,0,0,0
tappelu,0,0,0,0,0,1,0,0,1,0
kirjoitus,0,0,0,0,0,0,0,0,0,0
käsikirjoitus,0,0,0,0,0,0,1,0,0,0
raamatullinen,0,0,0,0,0,0,0,0,0,0
pyhä kirjoitus,0,0,0,0,0,0,0,0,0,1
rullaa,0,0,0,0,0,0,0,0,0,0
hangata,0,0,1,0,0,1,0,0,0,0
herkullinen,0,0,0,0,0,0,1,0,0,0
tunnollinen,0,0,0,0,0,0,0,0,0,0
tutkia,0,1,0,0,0,1,0,0,0,0
tarkastelu,0,0,0,0,0,1,0,0,0,0
kuvanveistäjä,0,0,0,0,0,0,0,0,0,0
veistos,0,0,0,0,0,0,1,0,0,0
veistetty,0,0,0,0,0,0,0,0,0,0
saasta,0,0,1,0,0,1,0,0,0,0
meri,0,0,0,0,0,0,1,0,0,0
merenrannalle,0,0,0,0,0,0,0,0,0,0
tiiviste,0,0,0,0,0,0,1,0,0,1
tiivisteet,0,0,0,0,0,0,0,0,0,1
sauma,0,0,0,0,0,0,0,0,0,0
merimies,0,0,0,0,0,0,0,0,0,0
saumaton,0,0,0,0,0,0,0,0,0,0
ompelija,0,0,0,0,0,0,0,0,0,0
satamakaupunki,0,0,0,0,0,0,0,0,0,0
ruskistaa,0,0,0,0,0,1,0,0,0,0
Hae,0,0,0,0,0,0,0,0,0,0
etsiminen,0,0,0,0,0,0,0,0,0,0
paloiteltu,0,0,0,0,0,0,0,0,0,0
merenranta,0,0,0,0,0,0,0,0,0,0
kausi,0,0,0,0,0,0,0,0,0,0
kokenut,0,0,0,0,0,0,1,0,0,0
mauste,0,0,0,0,0,0,0,0,0,0
istuin,0,0,0,0,0,0,0,0,0,0
eroaminen,0,0,0,0,0,1,0,0,0,0
eristäytynyt,0,0,0,0,0,1,0,1,0,0
yksinäisyys,0,0,0,1,0,1,1,0,0,0
toissijainen,0,0,0,0,0,0,0,0,0,0
käytetty,0,0,0,0,0,1,0,0,0,0
salassapito,0,0,0,0,0,0,0,0,1,1
salaisuus,0,0,0,0,0,0,0,0,0,1
sihteeristö,0,0,0,0,0,0,1,0,0,0
sihteeri,0,0,0,0,0,0,0,0,0,0
erittää,0,0,1,0,0,0,0,0,0,0
eritys,0,0,1,0,0,1,0,0,0,0
salaperäinen,0,0,0,0,0,1,0,0,0,0
salaa,0,0,0,0,0,0,0,0,0,0
lahko,0,0,0,0,0,0,0,0,0,0
lahkolainen,1,0,0,1,0,1,0,0,0,0
poikkileikkaus,0,0,0,0,0,0,0,0,0,0
alalla,0,0,0,0,0,0,0,0,0,0
maallinen,0,1,0,0,0,0,0,0,0,0
sekularismia,0,0,0,0,0,0,0,0,0,0
arvopapereita,0,0,0,0,0,0,0,0,0,1
turvallisuus,0,0,0,0,0,0,0,0,0,0
sedan,0,0,0,0,0,0,0,0,0,0
rauhallinen,0,0,0,0,0,0,0,0,0,0
rauhoittava lääke,0,0,0,0,0,0,0,0,0,0
istumista,0,0,0,0,0,0,0,0,0,0
sara,0,0,0,0,0,0,0,0,0,0
sedimenttiä,0,0,0,0,0,0,0,0,0,0
kerrostunut,0,0,0,0,0,0,0,0,0,0
kapinalle,1,0,0,0,0,1,0,1,0,0
vietellä,0,0,0,0,0,1,0,0,0,0
viettelevä,0,0,0,0,0,0,0,0,0,0
viettely,0,0,0,0,0,1,0,0,0,0
viettelevä,0,1,0,0,0,0,0,0,0,0
siemen,0,0,0,0,0,0,0,0,0,0
taimi,0,0,0,0,0,0,0,0,0,0
etsiä,0,1,0,0,0,0,0,0,0,0
etsijä,0,0,0,0,0,0,0,0,0,0
näennäisesti,0,0,0,0,0,0,0,0,0,0
näkijä,0,0,0,0,0,0,0,0,0,0
kuohuva,0,0,0,0,0,0,0,0,0,0
segmentti,0,0,0,0,0,0,0,0,0,0
erottaa,1,0,1,0,0,1,0,1,0,0
erillään,0,0,0,0,0,1,0,0,0,0
erottelu,0,0,0,0,0,0,0,0,0,0
ottaa kiinni,0,0,0,1,0,1,0,0,0,0
kohtaus,0,0,0,1,0,0,0,0,0,0
harvoin,0,0,0,0,0,0,0,0,0,0
valitse,0,0,0,0,0,0,0,0,0,0
valinta,0,0,0,0,0,0,0,0,0,0
itsekäs,1,0,1,0,0,1,0,0,0,0
itsekkyys,0,0,0,0,0,1,0,0,0,0
myydä,0,0,0,0,0,0,0,0,0,0
myyjä,0,0,0,0,0,0,0,0,0,0
semafori,0,0,0,0,0,0,0,0,0,0
ulkonäkö,0,0,0,0,0,0,0,0,0,0
siemenneste,0,0,0,0,0,0,0,0,0,0
puolipiste,0,0,0,0,0,0,0,0,0,0
siementävä,0,0,0,0,0,0,0,0,0,0
seminaari,0,0,0,0,0,0,0,0,0,0
seminaari,0,0,0,0,0,0,0,0,0,0
semiotiikka,0,0,0,0,0,0,0,0,0,0
senaatti,0,0,0,0,0,0,0,0,0,1
senaattori,0,0,0,0,0,0,0,0,0,0
lähettää,0,0,0,0,0,0,0,0,0,0
vanheneminen,0,0,0,0,0,0,0,0,0,0
seniili,0,0,0,1,0,1,0,1,0,0
vanhempi,0,0,0,0,0,0,0,0,0,0
virkaan,0,0,0,0,0,0,1,0,0,1
tunne,0,0,0,0,0,0,0,0,0,0
sensaatiomainen,0,0,0,0,1,0,1,0,0,0
järkeä,0,0,0,0,0,0,1,0,0,0
järjetön,1,0,1,1,0,1,0,1,1,0
aisteja,0,0,0,0,0,0,0,0,0,0
herkkyys,0,0,0,0,0,0,1,0,0,0
järkevästi,0,0,0,0,0,0,1,0,0,0
herkkä,0,0,0,0,0,0,0,0,0,0
aistillinen,0,0,0,0,0,0,0,0,0,0
aistillinen,0,1,0,0,1,1,1,0,1,1
aistillisuus,0,1,0,0,1,0,1,0,0,0
aistillinen,0,0,0,0,1,0,1,0,0,0
tuomita,1,1,1,1,0,1,0,1,0,0
tunteva,0,0,0,0,0,0,0,0,0,0
tunne,0,0,0,0,0,0,0,0,0,0
tunteellinen,0,0,0,0,0,0,1,0,0,0
sentimentaalisuus,0,0,0,0,0,0,1,0,0,0
vartija,0,0,0,0,0,0,1,0,0,1
vartiomies,0,0,0,0,0,0,0,0,0,1
erotettavissa,0,0,0,0,0,0,0,0,0,0
erillinen,0,0,0,0,0,0,0,0,0,0
erikseen,0,0,0,0,0,0,0,0,0,0
erottaminen,0,0,0,0,0,0,0,0,0,0
separatisti,1,0,1,0,0,1,0,0,0,0
seepia,0,0,0,0,0,0,0,0,0,0
sepsis,0,0,0,1,0,1,0,1,0,0
syys,0,0,0,0,0,0,0,0,0,0
septinen,0,0,1,0,0,1,0,0,0,0
väliseinä,0,0,0,0,0,0,0,0,0,0
jatko,0,1,0,0,0,0,0,0,0,0
järjestys,0,0,0,0,0,0,0,0,0,0
peräkkäinen,0,0,0,0,0,0,0,0,0,0
eristetty,0,0,0,0,0,0,0,0,0,0
sekvestrointi,0,0,0,0,0,1,0,1,0,0
seesteinen,0,0,0,0,0,1,0,0,0,1
tyyneys,0,1,0,0,1,0,1,0,0,1
kersantti,0,0,0,0,0,0,0,0,0,0
sarja,0,1,0,0,0,0,0,0,0,0
sarja,0,0,0,0,0,0,0,0,0,1
serif,0,0,0,0,0,0,0,0,0,0
vakavuus,0,0,0,1,0,0,0,1,0,0
saarna,0,0,0,0,0,0,1,0,0,1
käärme,0,0,1,1,0,1,0,0,0,0
kiemurteleva,0,0,0,0,0,0,0,0,0,0
sahalaitainen,0,0,0,0,0,0,0,0,0,0
seerumi,0,0,0,0,0,0,1,0,0,0
palvelija,0,0,0,0,0,1,0,0,0,1
palvella,0,0,0,0,0,1,0,0,0,1
palvelua,0,0,0,0,0,0,0,0,0,0
käyttökelpoinen,0,0,0,0,0,0,0,0,0,0
serviili,0,0,1,1,0,1,0,1,0,0
orjuutta,0,0,0,0,0,1,0,0,0,0
sess,0,0,0,0,0,0,0,0,0,0
istunto,0,0,0,0,0,0,0,0,0,0
istuntoja,0,0,0,0,0,0,0,0,0,0
aseta,0,0,0,0,0,0,0,0,0,0
takaisku,0,0,0,0,0,1,0,1,0,0
sett,0,0,0,0,0,0,0,0,0,0
asettaja,0,0,0,0,0,0,0,0,0,0
ratkaista,0,0,0,0,0,0,0,0,0,0
ratkaistu,0,0,0,0,0,0,0,0,0,0
uudisasukas,0,0,0,0,0,0,0,0,0,0
asettaja,0,0,0,1,0,0,1,0,0,0
seitsemäs,0,0,0,0,0,0,0,0,0,0
seitsemänkymmentä,0,0,0,0,0,0,0,0,0,0
katkaista,0,0,0,0,0,1,0,0,0,0
erotettavissa,0,0,0,0,0,0,0,0,0,0
erikseen,0,0,0,0,0,0,0,0,0,0
eroa,0,0,0,0,0,0,0,1,0,0
vakavasti,0,0,0,0,0,0,0,0,0,0
vakavuus,0,0,0,0,0,0,0,0,0,0
ommella,0,0,0,0,0,0,0,0,0,0
jätevettä,0,0,1,0,0,1,0,0,0,0
viemäri,0,0,1,0,0,0,0,0,0,0
viemäröinti,0,0,1,0,0,1,0,0,0,0
seksiä,0,1,0,0,1,0,1,0,0,1
seksuaalisuutta,0,0,0,0,0,0,0,0,0,0
seksikäs,0,0,0,0,0,0,0,0,0,0
nuhjuinen,0,0,1,0,0,1,0,0,0,0
hökkeli,0,0,1,0,0,1,0,1,0,0
kahle,1,1,1,1,0,1,0,1,0,0
varjossa,0,0,0,0,0,0,0,0,0,0
sävyjä,0,0,0,0,0,0,0,0,0,0
varjostus,0,0,0,0,0,0,0,0,0,0
varjo,0,0,0,0,0,0,0,0,0,0
varjoinen,0,0,0,0,0,0,0,0,0,0
varjoisa,0,0,0,1,0,1,0,0,0,0
akseli,0,0,0,0,0,0,0,0,0,0
shag,0,0,0,0,0,0,0,0,0,0
takkuinen,0,0,0,0,0,0,0,0,0,0
ravista,0,0,0,0,0,0,0,0,0,0
ravistellaan,0,0,0,0,0,0,0,0,0,0
vapina,0,0,0,1,0,1,0,0,0,0
hutera,1,1,0,1,0,1,0,0,0,0
huijausta,1,0,1,0,0,1,0,0,0,0
shamaani,0,0,0,0,0,0,0,0,0,0
sotkuja,0,0,0,0,0,1,0,0,0,0
häpeä,0,0,1,1,0,1,0,1,0,0
häpeällistä,0,0,0,0,0,1,0,1,0,0
häpeämätön,0,0,1,0,0,1,0,0,0,0
shanghai,0,0,1,1,0,1,0,0,0,0
varsi,0,0,0,1,0,0,0,0,0,0
tönö,0,0,0,0,0,0,0,0,0,0
muoto,0,0,0,0,0,0,1,0,0,0
muodokas,0,0,0,0,0,0,1,0,0,0
Jaa,0,1,0,0,1,0,1,0,0,1
osakkeenomistaja,0,0,0,0,0,0,0,0,0,0
Hai,0,0,0,0,0,1,0,0,0,0
terävöittää,1,1,0,0,0,0,0,0,0,0
teroitettu,0,0,0,0,0,0,0,0,0,0
teroitin,0,0,0,0,0,0,0,0,0,0
terävyys,0,0,0,0,0,0,0,0,0,0
särkyä,1,0,0,1,0,1,0,1,1,0
särkynyt,0,0,0,0,0,1,0,1,0,0
parranajo,0,0,0,0,0,0,0,0,0,0
parranajo,0,0,0,0,0,0,0,0,0,0
huivi,0,0,0,0,0,0,0,0,0,0
nippu,0,0,0,0,0,0,0,0,0,0
leikkaus,0,0,0,0,0,0,0,0,0,0
sakset,0,0,0,0,0,0,0,0,0,0
tuppi,0,0,0,0,0,0,0,0,0,0
vaippa,0,0,0,0,0,0,0,0,0,0
aita,0,0,0,0,0,1,0,0,0,0
kiilto,0,0,0,0,0,0,0,0,0,0
lampaat,0,0,0,0,0,0,0,0,0,0
silkkaa,0,0,0,0,0,0,0,0,0,0
arkki,0,0,0,0,0,0,0,0,0,0
hylly,0,0,0,0,0,0,0,0,0,0
kuori,1,0,0,1,0,1,0,1,1,0
äyriäisiä,0,0,0,0,0,0,0,0,0,0
suojaa,0,0,0,0,0,0,1,0,0,1
hyllytetty,0,0,0,0,0,1,0,0,0,0
paimen,0,0,0,0,0,0,1,0,0,1
sheriffi,0,0,0,0,0,0,0,0,0,1
sherry,0,0,0,0,0,0,0,0,0,0
kilpi,0,0,0,0,0,0,0,0,0,0
siirtää,0,0,0,0,0,0,0,0,0,0
siirtymässä,0,0,0,0,0,0,0,0,0,0
shillinkiä,0,0,0,0,0,0,0,0,0,0
hohtaa,0,0,0,0,0,0,0,0,0,0
sääri,0,0,0,0,0,0,0,0,0,0
paistaa,0,0,0,0,0,0,1,0,0,0
päre,0,0,0,0,0,0,0,0,0,0
loistaa,0,1,0,0,1,0,1,0,0,0
kiiltävä,0,0,0,0,0,0,0,0,0,0
alus,0,1,0,0,0,0,0,0,0,0
lähetys,0,0,0,0,0,0,0,0,0,0
laivaus,0,0,0,0,0,0,0,0,0,0
haaksirikko,0,0,0,1,0,1,0,1,0,0
Shire,0,0,0,0,0,0,0,0,0,0
paita,0,0,0,0,0,0,0,0,0,0
paska,1,0,1,0,0,1,0,0,0,0
vapina,1,1,0,1,0,1,0,1,0,0
vapina,0,0,0,0,0,0,0,0,0,0
partauksia,0,0,0,0,0,0,0,0,0,0
shokki,1,0,0,1,0,1,0,0,1,0
järkyttävän,0,0,0,0,0,0,0,0,1,0
surkea,1,0,1,0,0,1,0,0,0,0
kenkä,0,0,0,0,0,0,0,0,0,0
suutari,0,0,0,0,0,0,0,0,0,0
ampua,1,0,0,1,0,1,0,0,0,0
ampuja,0,0,0,1,0,0,0,0,0,0
ammunta,1,0,0,1,0,1,0,0,0,0
myymälä,0,0,0,0,0,0,0,0,0,0
kauppias,0,0,0,0,0,0,0,0,0,1
myymälävarkauksia,1,0,1,0,0,1,0,0,0,0
ostoksilla,0,1,0,0,1,0,1,0,1,1
ranta,0,0,0,0,0,0,0,0,0,0
leikattu,0,0,0,0,0,0,0,0,0,0
lyhyt,0,0,0,0,0,0,0,0,0,0
puute,1,0,0,1,0,1,0,1,0,0
puute,0,0,0,0,0,1,0,0,0,0
lyhentää,0,0,0,0,0,0,0,0,0,0
lyhentäminen,0,0,0,0,0,0,0,0,0,0
pikakirjoitus,0,0,0,0,0,0,0,0,0,0
pian,0,1,0,0,0,0,0,0,0,0
lyhyys,0,0,0,0,0,0,0,0,0,0
shortsit,0,0,0,0,0,0,0,0,0,0
ammuttu,1,0,0,1,0,1,0,1,1,0
haulikko,0,0,0,0,0,0,0,0,0,0
olkapää,0,0,0,0,0,0,1,0,0,1
huutaa,1,0,0,0,0,0,0,0,1,0
työntää,1,0,0,0,0,1,0,0,0,0
lapio,0,0,0,0,0,0,0,0,0,0
lapioiminen,0,0,0,0,0,0,0,0,0,0
näytä,0,0,0,0,0,0,0,0,0,1
suihku,0,0,0,0,0,0,0,0,0,0
näytetään,0,0,0,0,0,0,0,0,0,0
näyttävä,0,0,0,0,0,1,0,0,0,0
sirpaleet,0,0,0,1,0,0,0,0,0,0
silputa,0,0,0,0,0,0,0,0,0,0
taitava,0,0,0,0,0,0,1,0,0,0
huutaa,1,0,0,1,0,1,0,1,1,0
kimeä,1,0,0,1,0,1,0,0,1,0
katkarapu,0,0,0,0,0,0,0,0,0,0
pyhäkkö,0,0,0,0,0,0,0,0,0,0
kutistua,0,0,0,1,0,1,0,1,0,0
kutistuu,0,0,0,0,0,0,0,0,0,0
käärinliina,0,0,0,0,0,0,0,1,0,0
pensas,0,0,0,0,0,0,0,0,0,0
pensaikko,0,0,0,0,0,0,0,0,0,0
kohauttaa olkiaan,0,0,0,0,0,0,0,0,0,0
kutistunut,0,0,0,0,0,1,0,0,0,0
vapina,0,0,0,1,0,1,0,0,0,0
sekoita,0,0,0,0,0,0,0,0,0,0
sekoitus,0,0,0,0,0,0,0,0,0,0
karttaa,1,0,1,0,0,1,0,1,0,0
shuntti,0,0,0,0,0,0,0,0,0,0
sulkea,0,0,0,0,0,0,0,0,0,0
sulkija,0,0,0,0,0,0,0,0,0,0
sukkula,0,0,0,0,0,0,0,0,0,0
sisar,0,0,0,0,0,0,0,0,0,1
sic,0,0,0,0,0,0,0,0,0,0
sairas,0,0,1,0,0,1,0,1,0,0
sairasta,1,0,1,1,0,1,0,1,0,0
sirppi,0,0,0,0,0,0,0,0,0,0
sairaalloinen,0,0,1,0,0,1,0,1,0,0
sairaus,0,0,1,1,0,1,0,1,0,0
puolella,0,0,0,0,0,0,0,0,0,0
senkki,0,0,0,0,0,0,0,0,0,0
kiertää,0,0,0,0,0,0,0,0,0,0
sivuttain,0,0,0,0,0,0,0,0,0,0
piiritys,0,0,0,0,0,0,0,0,0,0
siesta,0,0,0,0,0,0,0,0,0,0
seula,0,0,0,0,0,0,0,0,0,0
seulonta,0,0,0,0,0,0,0,0,0,0
huokaus,0,0,0,0,0,0,0,0,0,0
näky,0,0,0,0,0,0,0,0,0,0
merkki,0,0,0,0,0,0,0,0,0,0
signaali,0,0,0,0,0,0,0,0,0,0
allekirjoitus,0,0,0,0,0,0,0,0,0,1
merkitys,0,0,0,0,0,0,0,0,0,0
merkittävä,0,0,0,0,0,0,0,0,0,0
merkitseminen,0,0,0,0,0,0,0,0,0,0
merkitse,0,1,0,0,0,0,0,0,0,0
tienviitta,0,0,0,0,0,0,0,0,0,0
hiljainen,0,0,0,0,0,0,0,0,0,0
hiljaa,0,0,0,0,0,0,0,0,0,0
siluetti,0,0,0,0,0,0,0,0,0,0
silkki,0,0,0,0,0,0,1,0,0,0
silkkiä,0,0,0,0,0,0,0,0,0,0
silkkinen,0,0,0,0,0,0,0,0,0,0
kynnys,0,0,0,0,0,0,0,0,0,0
typeryys,0,0,0,0,0,0,0,0,0,0
typerä,0,0,0,0,1,1,0,0,0,0
lietettä,0,0,0,0,0,0,0,0,0,0
hopea,0,0,0,0,0,0,0,0,0,0
hopeanhohtoinen,0,0,0,0,0,0,0,0,0,0
samanlainen,0,0,0,0,0,0,0,0,0,0
samankaltaisuus,0,0,0,0,0,0,0,0,0,0
vertaus,0,0,0,0,0,0,0,0,0,0
kiehua,1,1,0,0,0,0,0,0,0,0
kiehuvaa,0,1,0,0,0,0,0,0,0,0
yksinkertainen,0,0,0,0,0,0,0,0,0,0
yksinkertaisia,0,0,0,0,0,0,0,0,0,0
yksinkertaistaa,0,1,0,0,1,0,1,0,1,1
yksinkertaisesti,0,0,0,0,0,0,0,0,0,0
simuloida,0,0,0,0,0,0,0,0,0,0
simuloitu,0,0,0,0,0,0,0,0,0,0
simuloimalla,0,0,0,0,0,0,0,0,0,0
simulointi,0,0,0,0,0,0,0,0,0,0
samanaikaisesti,0,0,0,0,0,0,0,0,0,0
samanaikaisesti,0,0,0,0,0,0,0,0,0,0
synti,1,0,1,1,0,1,0,1,0,0
vilpitön,0,0,0,0,0,0,1,0,0,1
vilpittömyys,0,0,0,0,0,0,1,0,0,0
syntinen,1,0,1,1,0,1,0,1,0,0
laulaa,0,1,0,0,1,0,1,1,0,1
laulaja,0,0,0,0,0,0,0,0,0,0
yksittäinen,0,0,0,0,0,0,0,0,0,0
yksittäin,0,0,0,0,0,0,1,0,0,0
yksikkö,0,0,0,0,0,0,0,0,0,0
singulariteetti,0,0,0,0,0,0,0,0,0,0
yksittäin,0,0,0,0,0,0,0,0,1,0
synkkä,1,0,1,1,0,1,0,0,0,0
pesuallas,0,0,0,0,0,0,0,0,0,0
syntinen,1,0,1,1,0,1,0,1,0,0
syntiä,0,0,1,0,0,1,0,0,0,0
sinus,0,0,0,0,0,0,0,0,0,0
siemailla,0,0,0,0,0,0,0,0,0,0
lappo,0,0,0,0,0,0,0,0,0,0
hyvä herra,0,0,0,0,0,0,1,0,0,1
isä,0,0,0,0,0,0,0,0,0,0
sireeni,0,0,0,1,0,1,0,0,0,0
sissy,0,0,0,0,0,1,0,0,0,0
sisko,0,0,0,0,0,0,0,0,0,0
sisaruus,1,0,0,0,0,0,1,1,1,1
sivusto,0,0,0,0,0,0,0,0,0,0
sith,0,0,0,0,0,0,0,0,0,0
istuu,0,0,0,0,0,0,0,0,0,0
sijoittaa,0,0,0,0,0,0,0,0,0,0
sijaitsee,0,0,0,0,0,0,0,0,0,0
tilanne,0,0,0,0,0,0,0,0,0,0
kuudes,0,0,0,0,0,0,0,0,0,0
kuusikymmentä,0,0,0,0,0,0,0,0,0,0
koko,0,0,0,0,0,0,0,0,0,0
hellepäivä,1,0,0,0,0,0,0,0,0,0
luistella,0,0,0,0,0,0,0,0,0,0
luistelu,0,0,0,0,0,0,0,0,0,0
vyyhti,0,0,0,0,0,0,0,0,0,0
luuranko-,0,0,0,0,0,0,0,0,0,0
skeptikko,0,0,0,0,0,0,0,0,0,0
skeptinen,0,0,0,0,0,1,0,0,0,0
skeptisyyttä,0,0,0,0,0,0,0,0,0,0
luonnos,0,0,0,0,0,0,0,0,0,0
luonnollinen,0,0,0,0,0,1,0,0,0,0
vinossa,1,1,0,0,0,1,0,0,0,0
vartaassa,0,0,0,0,0,0,0,0,0,0
hiihtää,0,0,0,0,0,0,0,0,0,0
liukua,1,0,0,1,0,1,0,1,0,0
skiff,0,0,0,0,0,0,0,0,0,0
taito,0,0,0,0,0,0,0,0,0,0
taitava,0,0,0,0,0,0,1,0,0,0
paistinpannu,0,0,0,0,0,0,0,0,0,0
taitava,0,0,0,0,0,0,1,0,0,1
kuoria,0,0,0,0,0,0,0,0,0,0
iho,0,0,0,0,0,0,0,0,0,0
laiha,0,0,0,0,0,0,0,0,0,0
ohita,0,0,0,0,0,1,0,0,0,0
kippari,0,0,0,0,0,0,0,0,0,0
kahakka,1,0,0,0,0,1,0,0,0,0
hame,0,0,0,0,0,0,0,0,0,0
jalkalista,0,0,0,0,0,0,0,0,0,0
hameet,0,0,0,0,0,0,0,0,0,0
sketsi,0,0,0,0,0,0,0,0,0,0
kallo,0,0,0,0,0,0,0,0,0,0
haisunäätä,0,0,0,0,0,0,0,0,0,0
taivas,0,0,0,0,0,0,1,0,0,0
pilvenpiirtäjä,0,0,0,0,0,0,0,0,0,0
laatta,0,0,0,0,0,0,0,0,0,0
löysä,0,0,0,0,0,1,0,0,0,0
kuona,0,0,0,0,0,1,0,0,0,0
slam,1,0,0,1,0,1,0,0,1,0
herjata,1,0,1,0,0,1,0,0,0,0
herjaavaa,0,0,0,0,0,1,0,0,0,0
slangi,0,0,0,0,0,0,0,0,0,0
vino,0,0,0,0,0,0,0,0,0,0
isku,1,0,0,0,0,1,0,0,1,0
kauttaviiva,1,0,0,0,0,0,0,0,0,0
viiltoja,0,0,0,0,0,0,0,0,0,0
liuskekivi,0,0,0,0,0,0,1,0,0,0
liuskekivet,0,0,0,0,0,0,0,0,0,0
teurastus,1,0,1,1,0,1,0,1,1,0
teurastamo,1,0,1,1,0,1,0,1,0,0
teurastus,1,0,1,1,0,1,0,1,1,0
orja,1,0,0,1,0,1,0,1,0,0
orjuutta,1,0,1,1,0,1,0,1,0,0
surmata,1,0,0,0,0,1,0,0,0,0
tappaja,1,0,1,1,0,1,0,1,1,0
kelkka,0,0,0,0,0,0,0,0,0,0
tyylikäs,0,0,0,0,0,0,1,0,0,0
nukkua,0,0,0,0,0,0,0,0,0,0
nukkuja,0,0,0,0,0,0,0,0,0,0
nukkumassa,0,0,0,0,0,0,0,0,0,0
unettomuus,0,0,0,0,0,0,0,0,0,0
unelias,0,0,0,0,0,0,0,0,0,0
räntää,0,0,0,0,0,1,0,0,0,0
hiha,0,0,0,0,0,0,0,0,0,0
hihaton,0,0,0,0,0,0,0,0,0,0
reki,0,0,0,0,0,0,0,0,0,0
rekka,0,0,0,0,0,0,0,0,0,0
hoikka,0,0,0,0,0,0,1,0,0,0
salapoliisi,0,0,0,0,0,0,0,0,0,0
viipale,0,0,0,0,0,0,0,0,0,0
liukas,0,0,0,0,0,0,0,0,0,0
liukumäki,0,0,0,0,0,0,0,0,0,0
liukuvat,0,0,0,0,0,0,0,0,0,0
lievä,0,0,0,0,0,0,0,0,0,0
hieman,0,0,0,0,0,0,0,0,0,0
hoikka,0,0,0,0,0,0,1,0,0,0
lima,0,0,1,0,0,0,0,0,0,0
limainen,0,0,1,0,0,1,0,0,0,0
rintareppu,0,0,0,0,0,0,0,0,0,0
luistaa,0,0,0,0,0,1,0,0,0,0
lipsahdus,0,0,0,0,0,1,0,0,1,0
tohveli,0,0,0,0,0,0,0,0,0,0
tossut,0,0,0,0,0,0,0,0,0,0
rako,0,0,0,0,0,0,0,0,0,0
suikale,0,0,0,0,0,0,0,0,0,0
iskulause,0,0,0,0,0,0,0,0,0,0
sluuppi,0,0,0,0,0,0,0,0,0,0
litku,0,0,1,0,0,1,0,0,0,0
kaltevuus,0,0,0,0,0,0,0,0,0,0
huolimaton,0,0,1,0,0,1,0,0,0,0
aukko,0,0,0,0,0,0,0,0,0,0
laiskiainen,0,0,1,0,0,1,0,0,0,0
laahustaa,0,0,0,0,0,1,0,0,0,0
slough,0,0,0,0,0,1,0,0,0,0
hidas,0,0,0,0,0,0,0,0,0,0
hitaasti,0,0,0,0,0,0,0,0,0,0
hitaus,0,0,0,0,0,1,0,0,0,0
lietettä,0,0,1,0,0,1,0,0,0,0
etana,0,0,1,0,0,1,0,0,0,0
hidas,0,0,0,0,0,1,0,1,0,0
sulku,0,0,0,0,0,0,0,0,0,0
slummi,0,0,1,0,0,1,0,0,0,0
uinua,0,0,0,0,0,0,0,0,0,0
lysähtää,0,0,0,0,0,1,0,1,0,0
sotkua,1,0,1,0,0,1,0,1,0,0
sohjoa,0,0,1,0,0,1,0,0,1,0
lutka,1,0,1,0,0,1,0,0,0,0
ovela,1,0,1,1,0,1,0,0,0,0
maiskuttaa,1,0,0,0,0,1,0,0,0,0
pieni,0,0,0,0,0,1,0,0,0,0
pienempi,0,0,0,0,0,0,0,0,0,0
pienin,0,0,0,0,0,0,0,0,0,0
murskata,1,0,0,1,0,1,0,0,0,0
kännissä,0,0,0,0,0,1,0,0,0,0
haikea,0,0,0,0,0,1,0,0,0,0
tahraa,0,0,0,0,0,0,0,0,0,0
haju,1,0,1,0,0,1,0,0,0,0
haiseva,0,0,1,0,0,1,0,0,0,0
kuore,0,0,0,0,0,0,0,0,0,0
hymy,0,0,0,0,1,0,1,0,1,1
hymyilevä,0,0,0,0,1,0,1,0,0,0
virnistää,0,0,0,0,0,1,0,0,0,0
lyödä,1,0,0,1,0,1,0,1,0,0
smith,0,0,0,0,0,0,0,0,0,1
lyöty,0,0,0,0,0,0,1,0,0,0
tupakoitsija,0,0,0,0,0,1,0,0,0,0
savuinen,0,0,0,0,0,0,0,0,0,0
tupakointi-,0,0,0,0,0,0,0,0,0,0
savuinen,0,0,0,0,0,0,0,0,0,0
kytevä,0,0,0,0,0,0,0,0,0,0
sujuvasti,0,0,0,0,0,0,0,0,0,0
sileys,0,0,0,0,0,0,1,0,0,0
tukahduttaa,1,0,0,0,0,1,0,0,0,0
tuhrata,0,0,0,0,0,1,0,0,0,0
omahyväinen,0,0,0,0,0,1,0,0,0,0
salakuljettaa,0,0,0,1,0,1,0,0,0,0
salakuljettaja,1,0,1,1,0,1,0,0,0,0
salakuljetus,0,0,0,0,0,1,0,0,0,0
sommi,0,0,1,1,0,1,0,0,0,0
välipala,0,0,0,0,0,0,0,0,0,0
välipalat,0,0,0,0,0,0,0,0,0,0
repiä,0,0,0,0,0,1,0,0,1,0
hankaluuksia,0,0,0,0,0,1,0,0,0,0
etana,0,0,0,0,0,0,0,0,0,0
käärme,0,0,1,1,0,1,0,0,0,0
napsahtaa,0,0,0,0,0,0,0,0,0,0
tilannekuva,0,0,0,0,0,0,0,0,0,0
ansa,0,0,0,1,0,1,0,0,0,0
sotkea,1,0,1,0,0,1,0,0,0,0
murisee,1,0,0,0,0,1,0,0,0,0
siepata,0,0,0,0,0,0,0,0,0,0
hiipiä,1,0,0,1,0,1,0,0,1,0
lenkkarit,0,0,0,0,0,0,0,0,0,0
salainen,0,1,0,1,0,1,0,0,0,1
ivata,1,0,1,0,0,1,0,0,0,0
aivastaa,0,0,1,0,0,1,0,0,1,0
aivastelu,0,0,0,0,0,0,0,0,0,0
hihittää,0,0,0,0,0,0,1,0,0,0
piikittelevä,0,0,0,0,0,1,0,0,0,0
haistella,0,0,0,0,0,0,0,0,0,0
leikata,0,0,0,0,0,0,0,0,0,0
taivaanvuohi,0,0,0,0,0,0,0,0,0,0
katkelma,0,0,0,0,0,0,0,0,0,0
snobi,0,0,0,0,0,1,0,0,0,0
snoopy,0,0,0,0,0,0,0,0,0,0
torkku,0,0,0,0,0,0,0,0,0,0
kuorsata,0,0,0,0,0,0,0,0,0,0
haukkua,0,0,0,0,0,0,0,1,0,0
kuono,0,0,0,0,0,0,0,0,0,0
lumi,0,0,0,0,0,0,0,0,0,0
lumipallo,0,0,0,0,0,0,0,0,0,0
lumihiutale,0,0,0,0,0,0,0,0,0,0
luminen,0,0,0,0,0,0,0,0,0,0
nuuska,0,0,0,0,0,0,0,0,0,0
liota,0,0,0,0,0,1,0,0,0,0
liotus,0,0,0,0,0,0,0,0,0,0
saippua,0,0,0,0,0,0,0,0,0,0
saippuamainen,0,0,0,0,0,0,0,0,0,0
huiman,0,0,0,0,0,0,0,0,0,0
nyyhkyttää,0,0,0,0,0,1,0,1,0,0
raittiutta,0,0,0,0,0,0,1,0,0,1
soc,0,0,0,0,0,0,0,0,0,0
jalkapallo,0,0,0,0,0,0,0,0,0,0
seurallinen,0,0,0,0,0,0,1,0,0,0
sosiaalinen,0,0,0,0,0,0,0,0,0,0
sosialismi,0,0,1,1,0,0,0,0,0,0
sosialisti,1,0,1,1,0,1,0,1,0,0
yhteiskuntaan,0,0,0,0,0,0,0,0,0,0
sukka,0,0,0,0,0,0,0,0,0,0
pistorasia,0,0,0,0,0,0,0,0,0,0
sod,0,0,0,0,0,0,0,0,0,0
sohva,0,0,0,0,0,0,0,0,0,0
pehmeneminen,0,0,0,0,0,0,0,0,0,0
pehmeys,0,0,0,0,0,0,0,0,0,0
märkä,0,0,0,0,0,0,0,0,0,0
maaperää,0,0,1,0,0,1,0,0,0,0
likainen,0,0,1,0,0,1,0,0,0,0
oleskelu,0,0,0,0,0,0,0,0,0,0
lohtua,0,0,0,0,0,0,1,0,0,0
aurinko-,0,0,0,0,0,0,0,0,0,0
juottaa,0,0,0,0,0,0,0,0,0,0
juottaminen,0,0,0,0,0,0,0,0,0,0
sotilas,1,0,0,0,0,0,1,1,0,0
pohja,0,0,0,0,0,0,0,0,0,0
pyytää,0,0,0,0,0,0,0,0,0,0
tarjouspyyntö,0,0,0,0,0,0,0,0,0,0
asianajaja,0,0,0,0,0,0,0,0,0,0
kiinteä,0,0,0,0,0,0,1,0,0,0
solidaarisuutta,0,0,0,0,0,0,0,0,0,1
jähmettyminen,0,0,0,0,0,0,0,0,0,0
jähmettynyt,0,0,0,0,0,0,0,0,0,0
kiinteytyä,0,0,0,0,0,0,0,0,0,0
lujuus,0,0,0,0,0,0,1,0,0,1
solitaire,0,0,0,0,0,0,0,0,0,0
yksinäinen,0,0,0,0,0,0,0,0,0,0
eristäytyneisyys,0,0,0,0,0,0,0,0,0,0
yksin,0,0,0,0,0,0,0,0,0,0
liukoisuus,0,0,0,0,0,0,0,0,0,0
liukeneva,0,0,0,0,0,0,0,0,0,0
ratkaisu,0,0,0,0,0,0,1,0,0,0
ratkaista,0,0,0,0,0,0,0,0,0,0
vakavaraisuus,0,0,0,0,0,0,1,0,0,0
liuotin,0,0,0,0,0,0,0,0,0,0
somaattinen,0,0,0,0,0,1,0,0,1,0
synkkä,0,0,0,0,0,1,0,1,0,0
poika,0,0,0,0,0,0,0,0,0,0
luotain,0,1,0,0,0,0,1,0,0,0
sonaatti,0,0,0,0,0,0,1,0,0,0
laulu,0,0,0,0,0,0,0,0,0,0
sonetti,0,0,0,0,1,0,1,1,0,0
äänekäs,0,0,0,0,1,0,1,0,0,0
noki,0,0,1,0,0,1,0,0,0,0
rauhoittaa,0,0,0,0,0,0,1,0,0,0
rauhoittava,0,0,0,0,1,0,1,0,0,1
toisen vuoden opiskelija,0,0,0,0,0,0,0,0,0,0
sopraano,0,0,0,0,0,0,0,0,0,0
velho,0,0,0,0,0,0,0,0,0,0
noituus,0,1,0,1,0,1,0,0,1,0
surkea,1,0,1,1,0,1,0,1,0,0
kipeä,1,0,0,0,0,1,0,1,0,0
kipeästi,0,0,0,0,0,1,0,1,0,0
arkuus,0,0,1,0,0,1,0,1,0,0
durra,0,0,0,0,0,0,0,0,0,0
naisopiskelijayhdistys,0,0,0,0,0,0,0,0,0,0
surua,0,0,0,1,0,1,0,1,0,0
surullinen,0,0,0,0,0,1,0,1,0,0
järjestellä,0,0,0,0,0,0,0,0,0,0
lajittelija,0,0,0,0,0,0,1,0,0,0
sortie,0,0,0,1,0,1,0,0,0,0
lajittelu,0,0,0,0,0,0,0,0,0,0
sou,0,0,0,0,0,0,0,0,0,0
sieluton,0,0,1,1,0,1,0,1,0,0
sielunkumppani,0,0,0,1,0,1,0,0,0,0
ääni,0,0,0,0,0,0,0,0,0,0
kuulostava,0,0,0,0,0,0,0,0,0,0
tervettä,0,1,0,0,1,0,1,0,0,1
keitto,0,0,0,0,0,0,1,0,0,0
hapan,0,0,1,0,0,1,0,0,0,0
lähde,0,0,0,0,0,0,0,0,0,0
matkamuisto,0,0,0,0,0,0,0,0,0,0
suvereeni,0,0,0,0,0,0,0,0,0,1
suvereniteettia,0,0,0,0,0,0,0,0,0,0
kylvää,0,0,0,0,0,0,0,0,0,0
kylpylä,0,1,0,0,1,0,1,0,1,1
tilaa,0,0,0,0,0,0,0,0,0,0
tilava,0,0,0,0,0,0,1,0,0,0
lapio,0,0,0,0,0,0,0,0,0,0
jänneväli,0,0,0,0,0,0,0,0,0,0
spanieli,0,0,0,0,1,0,1,0,0,1
piiskaa,1,0,0,1,0,1,0,1,0,0
selkäsauna,1,0,0,0,0,0,0,0,0,0
sparrata,0,0,0,0,0,0,0,0,0,0
varaa,0,0,0,0,0,0,0,0,0,0
säästeliäästi,0,0,0,0,0,0,0,0,0,0
kipinä,0,0,0,0,0,0,0,0,0,0
kimallus,0,1,0,0,1,0,1,0,1,0
sparraus,0,0,0,0,0,0,0,0,0,0
harva,0,0,0,0,0,0,0,0,0,0
kouristus,0,0,0,1,0,1,0,0,0,0
sylki,1,0,0,0,0,1,0,0,0,0
lastalla,0,0,0,0,0,0,0,0,0,0
saada aikaan,0,0,0,0,0,0,0,0,0,0
puhuja,0,0,0,0,0,0,0,0,0,0
puhuminen,0,0,0,0,0,0,0,0,0,0
keihäs,1,1,0,1,0,1,0,0,0,0
erityistä,0,0,0,0,1,0,1,0,0,0
asiantuntija,0,0,0,0,0,0,0,0,0,1
erikoisuus,0,0,0,0,0,0,0,0,0,0
erikoistua,0,0,0,0,0,0,0,0,0,1
erityisesti,0,0,0,0,0,0,0,0,0,0
laji,0,0,0,0,0,0,1,0,0,0
lajit,0,0,0,0,0,0,0,0,0,0
erityisiä,0,0,0,0,0,0,0,0,0,0
erittely,0,0,0,0,0,0,0,0,0,0
näyte,0,0,0,0,0,0,0,0,0,0
pilkku,0,0,1,0,0,1,0,0,0,0
pilkullinen,0,0,0,0,0,0,0,0,0,0
tiedot,0,0,0,0,0,0,0,0,0,0
spektaakkeli,0,0,0,0,0,1,1,0,0,0
silmälasit,0,0,0,0,0,0,0,0,0,0
näyttävä,0,1,0,0,0,0,0,0,1,0
katsoja,0,0,0,0,0,0,0,0,0,0
peikko,0,0,0,1,0,1,0,1,0,0
spektrinen,0,0,0,0,0,1,0,0,0,0
spektrometri,0,0,0,0,0,0,0,0,0,0
spektrofotometri,0,0,0,0,0,0,0,0,0,0
spektroskopia,0,0,0,0,0,0,0,0,0,0
spektri,0,0,0,0,0,0,0,0,0,0
spekuloida,0,0,0,0,0,0,0,0,0,0
spekulaatiota,0,0,0,1,0,1,0,1,0,0
spekulatiivista,0,1,0,0,0,0,0,0,0,0
tähystys,0,0,0,0,0,0,0,0,0,0
puhetta,0,0,0,0,0,0,1,0,0,0
sanaton,0,0,0,0,0,0,0,0,0,0
nopeus,0,0,0,0,0,0,0,0,0,0
nopeasti,0,0,0,0,0,0,0,0,0,0
nopeusmittari,0,0,0,0,0,0,0,0,0,0
speedway,0,0,0,0,0,0,0,0,0,0
nopea,0,0,0,0,0,0,1,0,0,0
haltioissaan,0,0,0,0,0,0,0,0,0,0
oikeinkirjoitus,0,0,0,0,0,0,1,0,0,0
spencer,0,0,0,0,0,0,0,0,0,0
viettää,0,0,0,0,0,0,0,0,0,0
käytetty,0,0,0,0,0,1,0,0,0,0
siittiöitä,0,0,0,0,0,0,0,0,0,0
oksentaa,0,0,1,0,0,0,0,0,0,0
pallo,0,0,0,0,0,0,0,0,0,0
pallomainen,0,0,0,0,0,0,0,0,0,0
sfinksi,0,0,0,0,0,0,0,0,0,0
mauste,0,0,0,0,0,0,1,0,0,0
mausteinen,0,0,0,0,0,0,0,0,0,0
hämähäkki,0,0,1,1,0,0,0,0,0,0
tappi,0,0,0,0,0,0,0,0,0,0
piikki,0,0,0,1,0,0,0,0,0,0
piikki-,0,0,0,0,0,0,0,0,0,0
kiukkuinen,0,0,0,0,0,0,0,0,0,0
läikkyminen,0,0,0,0,0,0,0,0,0,0
pyöritä,0,0,0,0,0,0,0,0,0,0
selkärangan,0,0,0,0,0,0,0,0,0,0
kara,0,0,0,0,0,0,0,0,0,0
selkärangan,1,0,0,0,0,1,1,0,0,0
pyöriä,0,0,0,0,0,0,0,0,0,0
vanhapiika,0,0,0,1,0,1,0,1,0,0
piikkinen,0,0,0,0,0,0,0,0,0,0
kierre-,0,0,0,0,0,0,0,0,0,0
torni,0,0,0,0,0,0,0,0,0,0
henki,0,0,0,0,0,0,1,0,0,0
henget,0,1,0,0,1,0,1,0,1,0
henkistä,0,0,0,0,0,0,0,0,0,0
hengellisyys,0,0,0,0,0,0,0,0,0,0
sylkeä,0,0,1,0,0,0,0,0,0,0
paheksuntaa,1,0,0,0,0,1,0,0,0,0
ilkeä,1,0,0,0,0,1,0,0,0,0
roiskua,0,0,0,0,0,0,0,0,1,0
perna,0,0,0,0,0,0,0,0,0,0
loistava,0,0,0,0,1,0,1,0,1,0
loistoa,0,1,0,0,1,0,1,0,1,0
liitos,0,0,0,0,0,0,0,0,0,0
spline,0,0,0,0,0,0,0,0,0,0
lasta,0,0,0,0,0,0,0,0,0,0
sirpale,0,0,0,0,0,1,0,0,0,0
jakaa,0,0,0,0,0,1,0,0,0,0
jakaminen,0,0,0,0,0,1,0,1,0,0
törsätä,0,0,0,0,0,0,0,0,0,0
pilata,0,0,1,0,0,1,0,0,0,0
spoileri,0,0,0,0,0,1,0,1,0,0
pilaamista,0,0,0,0,0,0,0,0,0,0
puhui,0,0,0,0,0,1,0,0,0,0
puhuttu,0,0,0,0,0,0,0,0,0,0
tiedottaja,0,0,0,0,0,0,0,0,0,1
sieni,0,0,0,0,0,1,0,0,0,0
huokoinen,0,0,0,0,0,0,0,0,0,0
sponsori,0,0,0,0,0,0,1,0,0,1
sponsorointi,0,0,0,0,0,0,0,0,0,0
huijata,0,0,0,0,0,0,0,0,0,0
kauhistus,0,0,0,1,0,1,0,0,0,0
lusikka,0,0,0,0,0,0,0,0,0,0
lusikallinen,0,0,0,0,0,0,0,0,0,0
satunnaista,0,0,0,0,0,0,0,0,0,0
itiö,0,0,0,0,0,0,0,0,0,0
Urheilu,0,0,0,0,0,0,0,0,0,0
urheilu-,0,0,0,0,0,0,0,0,0,0
Urheilu,0,0,0,0,0,0,0,0,0,0
urheilija,0,0,0,0,0,0,0,0,0,0
paikalla,0,0,0,0,0,0,0,0,0,0
tahraton,0,0,0,0,0,0,1,0,0,1
täplikäs,0,0,0,0,0,0,0,0,0,0
täplikäs,0,0,0,0,0,0,0,0,0,0
puoliso,0,0,0,0,0,0,0,0,0,0
puoliso,0,0,0,0,1,0,1,0,0,1
nokka,0,0,0,0,0,0,0,0,0,0
nyrjähdys,0,0,0,0,0,1,0,1,0,0
hajallaan,0,0,0,0,0,0,0,0,0,0
spray,0,0,0,0,0,0,0,0,0,0
levitän,0,0,0,0,0,0,0,0,0,0
juhlia,0,0,0,0,0,1,0,0,0,0
kastelu,0,0,0,0,0,0,0,0,0,0
sprite,0,0,0,1,0,1,0,0,0,0
versoa,0,0,0,0,0,0,0,0,0,0
kuusi,0,0,0,0,0,0,1,0,0,0
kannustaa,0,0,0,1,0,0,0,0,0,0
harhaanjohtava,0,0,1,0,0,1,0,0,0,0
kannusti,0,0,0,0,0,0,0,0,0,0
spurtti,0,0,0,0,0,0,0,0,0,0
vakooja,0,0,0,0,0,0,0,0,0,0
joukkue,0,0,0,0,0,0,0,0,0,0
laivue,0,0,0,0,0,0,0,0,0,0
myrsky,0,0,0,1,0,1,0,1,0,0
levymäinen,0,0,0,0,0,0,0,0,0,0
neliö-,0,0,0,0,0,0,0,0,0,0
kyykky,0,0,0,0,0,0,0,0,0,0
asunnonvaltaaja,0,0,0,0,0,1,0,0,0,0
kitistä,0,0,0,0,0,0,0,0,0,0
kiljua,0,0,0,0,0,0,0,0,0,0
pikkutarkka,0,0,1,1,0,1,0,0,0,0
puristaa,0,0,0,0,0,0,0,0,0,0
puristamalla,0,0,0,0,0,0,0,0,0,0
squelch,1,0,1,0,0,1,0,0,0,0
siristää silmiään,0,0,0,0,0,0,0,0,0,0
squire,0,0,0,0,0,0,0,0,0,0
kiemurtelu,0,0,1,0,0,1,0,0,0,0
orava,0,0,0,0,0,0,0,0,0,0
ruiskuttaa,0,0,0,0,0,0,0,0,0,0
puukottaa,1,0,0,1,0,1,0,1,1,0
vakautta,0,0,0,0,0,0,0,0,0,0
vakaa,0,0,0,0,0,0,1,0,0,1
staccato,0,0,0,0,0,0,1,0,0,0
pino,0,0,0,0,0,0,0,0,0,0
henkilöstöä,0,0,0,0,0,0,0,0,0,0
polttarit,0,0,0,0,0,0,0,0,0,0
vaiheessa,0,0,0,0,0,0,0,0,0,0
porrastaa,0,0,0,0,0,0,0,0,1,0
huikea,0,0,0,0,0,1,0,0,0,0
pysähtynyt,0,0,0,0,0,1,0,1,0,0
pysähtyneisyys,0,0,0,0,0,0,0,0,0,0
vanhoillinen,0,0,0,0,0,0,0,0,0,0
tahra,0,0,1,0,0,1,0,0,0,0
ruostumaton,0,0,0,0,0,0,1,0,0,0
rappu,0,0,0,0,0,0,0,0,0,0
portaikko,0,0,0,0,0,0,0,0,0,0
portaikko,0,0,0,0,0,0,0,0,0,0
panos,0,0,0,0,0,0,0,0,0,0
tunkkainen,0,0,0,0,0,1,0,0,0,0
umpikuja,1,0,1,0,0,0,0,0,0,0
varsi,0,0,0,1,0,1,0,0,0,0
pilttuu,0,0,1,0,0,0,0,0,0,0
ori,0,0,0,0,0,0,1,0,0,0
kojuista,0,0,0,0,0,0,0,0,0,0
roteva,0,0,0,0,0,0,1,0,0,0
kestävyys,0,0,0,0,0,0,1,0,0,1
leima,0,0,0,0,0,0,0,0,0,0
seisomaan,0,0,0,0,0,0,0,0,0,0
standardi,0,0,0,0,0,0,0,0,0,0
standardoida,0,0,0,0,0,0,0,0,0,0
seisomassa,0,0,0,0,0,0,1,0,0,0
vastakohta,1,0,0,1,0,1,0,0,0,0
näkökulmasta,0,0,0,0,0,0,0,0,0,0
pysähdyksissä,1,0,0,0,0,1,0,0,0,0
säkeistö,0,0,0,0,0,0,0,0,0,0
niitti,0,0,0,0,0,0,0,0,0,0
tähti,0,1,0,0,1,0,1,0,0,1
oikea puoli,0,0,0,0,0,0,0,0,0,0
tärkkelys,0,0,0,0,0,0,0,0,0,0
tuijottaa,0,0,0,0,0,0,0,0,0,0
tuijottaa,0,0,0,0,0,1,0,0,0,0
jyrkkä,0,0,0,0,0,1,0,0,0,1
tähtien valo,0,0,0,0,0,0,1,0,0,0
tähtikirkas,0,1,0,0,1,0,1,0,0,0
tähdet,0,0,0,0,0,0,0,0,0,0
alkaa,0,1,0,0,0,0,0,0,0,0
hätkähtää,0,0,0,1,0,1,0,0,1,0
hätkähdyttävä,0,0,0,0,0,0,0,0,1,0
nälkä,0,0,0,1,0,1,0,1,0,0
nälkäinen,0,0,0,0,0,1,0,0,0,0
nälkää,0,0,0,0,0,1,0,0,0,0
osavaltio,0,0,0,0,0,0,0,0,0,0
komea,0,0,0,0,0,0,1,0,0,0
lausunto,0,0,0,0,0,0,1,0,0,1
valtiosali,0,0,0,0,0,0,0,0,0,0
valtiomies,0,0,0,0,0,0,0,0,0,0
staattinen,0,0,0,0,0,0,0,0,0,0
statiikka,0,0,0,0,0,0,0,0,0,0
asemalle,0,0,0,0,0,0,0,0,0,0
paikallaan,0,0,0,0,0,1,0,0,0,0
Paperitavara,0,0,0,0,0,0,0,0,0,0
tilastollinen,0,0,0,0,0,0,0,0,0,1
tilastotieteilijä,0,0,0,0,0,0,0,0,0,0
staattori,0,0,0,0,0,0,0,0,0,0
patsaat,0,0,0,0,0,0,0,0,0,0
patsas,0,0,0,0,0,0,1,0,0,0
patsas,0,0,0,0,0,0,0,0,0,0
korkeus,0,0,0,0,0,0,0,0,0,0
Tila,0,0,0,0,0,0,1,0,0,0
säännös,0,0,0,0,0,0,0,0,0,0
lakisääteinen,0,0,0,0,0,0,0,0,0,0
uskollinen,0,0,0,0,0,0,1,0,0,0
sauva,0,0,0,0,0,1,0,0,0,0
pysyä,0,0,0,0,0,0,0,0,0,0
jäi,0,0,0,0,0,0,0,0,0,0
jää,0,0,0,0,0,0,0,0,0,0
sijasta,0,0,0,0,0,0,0,0,0,0
vankkumaton,0,0,0,0,0,0,1,0,0,1
tasaista,0,0,0,0,0,0,0,0,1,1
varastaa,1,0,0,1,0,1,0,1,0,0
varastamista,0,0,1,1,0,1,0,0,0,0
varkain,0,0,0,0,0,0,0,0,1,0
vaivihkaa,0,0,0,0,0,0,0,0,1,0
viekas,0,1,0,1,0,1,0,0,1,0
höyrylaiva,0,0,0,0,0,0,0,0,0,0
höyrylaiva,0,0,0,0,0,0,0,0,0,0
höyryjyrä,0,0,0,0,0,0,0,0,0,0
höyrylaiva,0,0,0,0,0,0,0,0,0,0
kiihkeä,0,0,0,0,0,0,0,0,0,0
teräs,0,0,0,0,0,0,0,0,0,0
jyrkkä,0,0,0,0,0,0,0,0,0,0
torni,0,0,0,0,0,0,0,0,0,0
ohjata,0,0,0,0,0,0,0,0,0,0
tähtien,0,0,0,0,0,0,1,0,0,0
varsi,0,0,0,0,0,0,0,0,0,0
löyhkä,0,0,0,0,0,0,0,0,0,0
sapluuna,0,0,0,0,0,0,0,0,0,0
askel,0,0,0,0,0,0,0,0,0,0
steppi,0,0,0,0,0,0,0,0,0,0
askeleet,0,0,0,0,0,0,0,0,0,0
stereoskooppinen,0,0,0,0,0,0,0,0,0,0
stereotypia,0,0,0,0,0,1,0,0,0,0
stereotyyppinen,0,0,0,0,0,1,0,0,0,0
steriili,0,0,0,0,0,1,0,1,0,0
steriiliys,0,0,0,0,0,1,0,0,0,0
puntaa,1,1,0,0,1,1,1,0,0,1
perä,0,0,0,0,0,1,0,0,0,0
stetoskooppi,0,0,0,0,0,0,0,0,0,0
muhennos,0,0,0,0,0,0,0,0,0,0
stuertti,0,0,0,0,0,0,1,0,0,1
taloudenhoito,0,0,0,0,0,0,0,0,0,0
keppi,0,0,0,0,0,0,0,0,0,0
kiinni,0,0,0,0,0,0,0,0,0,0
tahmea,0,0,1,0,0,0,0,0,0,0
jäykkä,0,0,0,0,0,1,0,0,0,0
jäykistää,0,0,0,0,0,0,0,0,0,0
jäykkyys,0,0,0,0,0,1,0,0,0,0
tukahduttaa,0,0,0,0,0,1,0,0,0,0
tukahdutettu,1,0,0,1,0,1,0,1,0,0
tukahduttava,0,0,0,0,0,0,0,0,0,0
stigma,1,0,1,1,0,1,0,1,0,0
tyyli,0,0,0,0,0,0,0,0,0,0
tikari,0,0,0,0,0,0,0,0,0,0
kuolleena syntynyt,0,0,0,0,0,1,0,1,0,0
hiljaisuus,0,0,0,1,0,0,1,1,0,0
puujalat,0,0,0,0,0,0,0,0,0,0
stimulantti,0,0,0,0,0,0,0,0,0,0
stimulaatiota,0,0,0,0,0,0,0,0,0,0
ärsyke,0,0,0,0,0,0,0,0,0,0
pisto,1,0,0,1,0,1,0,0,0,0
pistävää,0,0,0,0,0,1,0,0,0,0
niukka,1,0,1,1,0,1,0,1,0,0
haista,0,0,1,0,0,1,0,0,0,0
haiseva,0,0,1,0,0,1,0,0,0,0
työjakso,0,0,0,1,0,1,0,1,0,0
määrätä,0,0,0,0,0,0,0,0,0,0
määräys,0,0,0,0,0,0,0,0,0,0
sekoita,0,0,0,0,0,0,0,0,0,0
sekoittaen,0,0,0,0,0,0,0,0,0,0
ommel,0,0,0,0,0,0,0,0,0,0
varastossa,0,0,0,0,0,0,0,0,0,0
pörssinvälittäjä,0,0,0,0,0,0,0,0,0,0
sukkahousut,0,0,0,0,0,0,0,0,0,0
osakkeet,0,0,0,0,0,1,0,0,0,0
varasti,0,0,0,0,0,0,0,0,0,0
varastettu,1,0,0,0,0,1,0,0,0,0
vatsa,0,0,1,0,0,0,0,0,0,0
kivi,1,0,0,0,0,1,0,0,0,0
pilvessä,0,0,0,0,0,1,0,0,0,0
kivitavara,0,0,0,0,0,0,0,0,0,0
kivinen,0,0,0,0,0,0,0,0,0,0
jakkara,0,0,0,0,0,0,0,0,0,0
ulosteet,0,0,1,0,0,1,0,0,0,0
alentua,0,0,0,0,0,0,0,0,0,0
lopettaa,0,0,0,0,0,0,0,0,0,0
pysäytys,0,0,0,0,0,1,0,0,0,0
tulppa,0,0,0,0,0,0,0,0,0,0
pysähtyminen,0,0,0,0,0,0,0,0,0,0
sekuntikello,0,0,0,0,0,0,0,0,0,0
varastointi,0,0,0,0,0,0,0,0,0,0
tallentaa,0,1,0,0,0,0,1,0,0,0
varasto,0,0,0,0,0,0,0,0,0,0
varastointi,0,0,0,0,0,0,0,0,0,0
myrsky,1,0,0,0,0,1,0,0,0,0
myrskyä,1,0,0,0,0,0,0,0,0,0
myrskyinen,0,0,0,1,0,1,0,0,0,0
tarina,0,0,0,0,0,0,0,0,0,0
stout,0,0,0,0,0,0,0,0,0,0
liesi,0,0,0,0,0,0,0,0,0,0
pakata,0,0,0,0,0,0,0,0,0,0
hajallaan,0,0,0,0,0,0,0,0,0,0
suoristaa,0,0,0,0,0,0,0,0,0,0
suoraviivaista,0,0,0,0,0,0,1,0,0,1
heti,0,0,0,0,0,0,0,0,0,0
jännittynyt,1,0,0,0,0,1,0,0,0,0
salmi,0,0,0,0,0,0,0,0,0,0
salmiin,0,0,0,1,0,1,0,0,0,0
nauha,0,0,0,0,0,0,0,0,0,0
jumissa,0,0,0,0,0,1,0,0,0,0
muukalainen,0,0,0,1,0,1,0,0,0,0
kuristaa,1,0,1,1,0,1,0,1,1,0
hihna,0,0,0,0,0,0,0,0,0,0
vanne,0,0,0,0,0,0,0,0,0,0
kerrokset,0,0,0,0,0,0,0,0,0,0
strateginen,0,0,0,0,0,0,1,0,0,0
strategi,0,1,0,0,0,0,1,0,0,1
strategia,0,0,0,0,0,0,0,0,0,0
kerrostuminen,0,0,0,0,0,0,0,0,0,0
kerros,0,0,0,0,0,0,0,0,0,0
stratus,0,0,0,0,0,0,0,0,0,0
olki,0,0,0,0,0,0,0,0,0,0
harhailla,0,0,0,0,0,1,0,0,0,0
putki,0,0,0,0,0,0,0,0,0,0
raidallinen,0,0,0,0,0,0,0,0,0,0
virta,0,0,0,0,0,0,0,0,0,0
streameri,0,0,0,0,0,0,0,0,0,0
suoratoisto,0,0,0,0,0,0,0,0,0,0
katu,0,0,0,0,0,0,0,0,0,0
vahvuus,0,0,0,0,0,0,1,0,0,1
vahvistaa,0,0,0,0,0,0,1,0,0,0
vahvistaminen,0,0,0,0,1,0,1,0,0,1
rasittava,0,0,0,0,0,0,0,0,0,0
stressi,0,0,0,0,0,1,0,0,0,0
venyttää,0,0,0,0,0,0,0,0,0,0
paarit,0,0,0,1,0,0,0,1,0,0
iskenyt,0,0,0,0,0,0,0,1,0,0
askel,0,0,0,0,0,0,0,0,0,0
riitaa,1,0,0,0,0,1,0,0,0,0
lakko,1,0,0,0,0,1,0,0,0,0
näyttävä,0,0,0,0,0,0,1,0,0,0
silmiinpistävästi,0,0,0,0,0,0,1,0,0,0
merkkijono,0,0,0,0,0,0,0,0,0,0
sitkeä,0,0,0,0,0,0,0,0,0,0
nauhat,0,0,0,0,0,1,0,1,0,0
raita,0,0,0,0,0,1,0,0,0,0
riisuttu,1,1,1,1,0,1,0,1,0,0
pyrkiä,0,1,0,0,0,0,0,0,0,0
välähdys,0,0,0,0,0,0,0,0,0,0
aivohalvaus,0,0,0,1,0,1,0,1,0,0
kävellä,0,0,0,0,0,0,0,0,0,0
linnake,0,0,0,0,0,0,0,0,0,0
voimakkaasti,0,0,0,0,0,0,1,0,0,0
rakenteellinen,0,0,0,0,0,0,0,0,0,1
rakenne,0,0,0,0,0,0,1,0,0,1
kamppailu,1,0,0,1,0,1,0,1,0,0
tuki,0,0,0,0,0,1,0,0,0,0
sänki,0,0,0,0,0,0,0,0,0,0
itsepäisyys,0,0,0,0,0,0,0,0,0,0
tyhmä,0,0,0,0,0,0,0,0,0,0
stukki,0,0,0,0,0,0,0,0,0,0
juuttunut,0,0,0,0,0,0,0,0,0,0
nasta,0,0,0,0,0,0,1,0,0,0
nastoitettu,0,0,0,0,0,0,0,0,0,0
opiskelija-,0,0,0,0,0,0,0,0,0,0
opiskellut,0,0,0,0,0,0,0,0,0,0
studio,0,0,0,0,0,0,0,0,0,0
opiskella,0,0,0,0,0,0,1,0,0,0
tavaraa,0,0,0,0,0,0,0,0,0,0
täyte,0,0,0,0,0,0,0,0,0,0
tukkoinen,0,0,0,0,0,1,0,0,0,0
kompastua,0,0,0,0,0,1,0,0,0,0
kanto,0,0,0,0,0,0,0,0,0,0
järkyttynyt,0,0,0,1,0,1,0,0,1,0
temppu,0,0,0,0,0,0,0,0,0,0
kitukasvuinen,0,0,0,0,0,1,0,0,0,0
mahtava,0,0,0,0,0,0,0,0,0,0
tyhmä,0,0,0,0,0,1,0,0,0,0
tyhmyys,0,0,0,0,0,1,0,0,0,0
stupor,0,0,0,0,0,1,0,0,0,0
tukeva,0,0,0,0,0,0,1,0,0,0
sampi,0,0,0,0,0,0,0,0,0,0
änkyttää,0,0,0,0,0,0,0,0,0,0
sty,0,0,1,0,0,1,0,0,0,0
tyyli,0,0,0,0,0,0,0,0,0,0
tyylikäs,0,0,0,0,0,0,0,0,0,0
subatominen,0,0,0,0,0,0,0,0,0,0
alakomitea,0,0,0,0,0,0,0,0,0,0
alitajuinen,0,0,0,0,0,0,0,0,0,0
ihonalainen,0,0,0,0,0,0,0,0,0,0
jakaa alaosaan,0,0,0,0,0,0,0,0,0,0
alajako,0,0,0,0,0,0,0,0,0,0
subduktio,0,0,0,0,0,0,0,0,0,0
alistaa,0,0,0,0,0,1,0,0,0,0
hillitty,0,0,0,0,0,0,0,0,0,0
subito,0,0,0,0,0,0,0,0,1,0
aihe,0,0,0,0,0,1,0,0,0,0
alistettu,0,0,0,0,0,1,0,1,0,0
alistaminen,0,0,0,0,0,1,0,0,0,0
subjektiivinen,0,0,0,0,0,0,0,0,0,0
alistaminen,1,0,1,1,0,1,0,1,0,0
sublimaatio,0,0,0,0,1,0,1,0,0,0
alitajuinen,0,0,0,0,0,0,0,0,0,0
sukellusvene,0,0,0,0,0,0,0,0,0,0
upotettuna,0,0,0,0,0,0,0,0,0,0
upotettavat,0,0,0,0,0,0,0,0,0,0
lähetys,0,0,0,0,0,0,0,0,0,0
Lähetä,0,1,0,0,0,0,0,0,0,0
alainen,0,0,0,1,0,1,0,0,0,0
alisteisuutta,0,0,0,0,0,0,0,0,0,0
sivujuoni,0,0,0,0,0,0,0,0,0,0
haaste,0,0,0,0,0,1,0,0,0,0
tilata,0,1,0,0,0,0,0,0,0,0
tilaus,0,0,0,0,0,0,0,0,0,0
jatkojakso,0,0,0,0,0,0,0,0,0,0
myöhemmin,0,0,0,0,0,0,0,0,0,0
myöhemmin,0,0,0,0,0,0,0,0,0,0
osajoukko,0,0,0,0,0,0,0,0,0,0
laantua,0,0,0,0,0,0,0,0,0,0
vajoaminen,0,0,0,0,0,1,0,1,0,0
tytäryhtiö,0,0,0,0,0,0,0,0,0,0
tukea,0,0,0,0,0,0,0,0,0,0
tuki,1,0,1,0,0,1,0,0,0,0
elää,0,0,0,0,0,1,0,0,0,0
toimeentulo,0,0,0,0,0,0,0,0,0,0
pohjamaata,0,0,0,0,0,0,0,0,0,0
aine,0,0,0,0,0,0,1,0,0,0
olennaisesti,0,0,0,0,0,0,0,0,0,0
perustella,0,0,0,0,0,0,0,0,0,1
olennainen,0,0,0,0,0,0,1,0,0,0
korvike,0,0,0,0,0,0,0,0,0,0
korvattu,0,0,0,0,0,0,0,0,0,0
korvaaminen,0,0,0,0,0,0,0,0,0,0
alarakenne,0,0,0,0,0,0,0,0,0,0
maanalainen,0,0,0,0,0,0,0,0,0,0
hienovarainen,0,0,0,0,0,0,0,0,0,0
oveluus,0,0,0,0,0,0,0,0,0,0
vähentää,0,0,0,0,0,1,0,0,0,0
vähennyslasku,0,0,0,0,0,0,0,0,0,0
alatyyppi,0,0,0,0,0,0,0,0,0,0
lähiö,0,0,0,0,0,0,0,0,0,0
esikaupunki,0,0,0,0,0,0,0,0,0,0
lähiöissä,0,0,0,0,0,0,0,0,0,0
kumouksellinen,1,0,0,1,0,1,0,0,0,0
kumouksellinen,1,0,0,0,0,1,0,0,1,0
horjuttaa,0,0,1,1,0,1,0,1,0,0
metro,0,0,0,0,0,0,0,0,0,0
menestyä,0,1,0,0,1,0,1,0,1,1
onnistuu,0,1,0,0,1,0,1,0,0,1
menestys,0,1,0,0,1,0,1,0,0,0
onnistunut,0,1,0,0,1,0,1,0,0,1
peräkkäin,0,0,0,0,0,0,0,0,0,0
peräkkäin,0,0,0,0,0,0,0,0,0,0
seuraaja,0,0,0,0,0,0,0,0,0,0
ytimekäs,0,0,0,0,0,0,1,0,0,0
mehukas,0,0,0,0,0,1,1,0,0,0
antautua,0,0,0,0,0,1,0,0,0,0
imeä,0,0,0,0,0,1,0,0,0,0
tikkari,1,0,0,0,0,1,0,0,0,0
imeminen,0,0,0,0,0,0,0,0,0,0
imetys,0,0,0,0,0,0,0,0,0,0
imu,0,0,0,0,0,0,0,0,0,0
äkillinen,0,0,0,0,0,0,0,0,1,0
yhtäkkiä,0,0,0,0,0,0,0,0,1,0
haastaa oikeuteen,1,0,0,0,0,1,0,1,0,0
kärsiä,0,0,0,0,0,1,0,0,0,0
kärsijä,0,0,0,1,0,1,0,1,0,0
kärsimystä,0,0,1,1,0,1,0,1,0,0
riittää,0,0,0,0,0,0,0,0,0,0
riittävyys,0,0,0,0,0,0,1,0,0,0
riittävä,0,0,0,0,0,0,0,0,0,0
riittävästi,0,0,0,0,0,0,0,0,0,0
pääte,0,0,0,0,0,0,0,0,0,0
tukahduttava,0,0,1,1,0,1,0,1,0,0
tukehtuminen,1,0,0,1,0,1,0,0,0,0
sokeria,0,0,0,0,0,0,1,0,0,0
ehdottaa,0,0,0,0,0,0,0,0,0,1
ehdotus,0,0,0,0,0,0,0,0,0,0
vihjailevaa,0,0,0,0,0,0,0,0,0,0
itsemurha-,1,0,1,1,0,1,0,1,0,0
itsemurha,1,0,0,1,0,1,0,1,0,0
puku,0,0,0,0,0,0,0,0,0,0
sopiva,0,0,0,0,0,0,1,0,0,0
sviitti,0,0,0,0,0,0,0,0,0,0
kosija,0,0,0,0,0,0,0,0,0,0
synkkä,1,0,0,0,0,1,0,1,0,0
rikki,0,0,0,0,0,0,0,0,0,0
sulttaani,0,0,0,1,0,0,0,0,0,0
hiostava,0,0,0,0,0,0,1,0,0,0
summa,0,0,0,0,0,0,0,0,0,0
lyhyesti,0,0,0,0,0,0,0,0,0,0
tiivistää,0,0,0,0,0,0,0,0,0,0
yhteenveto,0,0,0,0,0,0,0,0,0,0
summaus,0,0,0,0,0,0,0,0,0,0
kesä,0,0,0,0,0,0,0,0,0,0
kokous,0,0,0,0,0,0,0,0,0,0
koota,0,0,0,0,0,0,0,0,0,0
kutsua,0,0,0,0,0,1,0,0,0,0
sumo,0,0,0,0,0,0,0,0,0,0
öljypohja,0,0,1,0,0,0,0,0,0,0
ylellinen,0,0,0,0,0,0,0,0,0,0
aurinko,0,1,0,0,1,0,1,0,1,1
auringonsäde,0,0,0,0,0,0,0,0,0,0
aurinkokello,0,1,0,0,0,0,0,0,0,1
auringonlasku,0,0,0,0,0,0,0,0,0,0
sekalaiset,0,0,0,0,0,0,0,0,0,0
aurinkolasit,0,0,0,0,0,0,0,0,0,0
aurinkolasit,0,0,0,0,0,0,0,0,0,0
upposi,0,0,1,1,0,1,0,1,0,0
aurinkoinen,0,0,0,0,0,0,0,0,0,0
auringonvalo,0,0,0,0,0,0,0,0,0,0
aurinkoinen,0,1,0,0,1,0,1,0,1,0
auringonnousu,0,0,0,0,0,0,0,0,0,0
auringonlasku,0,1,0,0,0,0,1,0,0,0
auringonpaistetta,0,0,0,0,1,0,1,0,0,0
vanhuuseläke,0,0,0,0,0,0,0,0,0,0
loistava,0,0,0,0,0,0,1,0,0,0
pinnallinen,0,0,0,0,0,1,0,0,0,0
tarpeeton,0,0,0,0,0,1,0,0,0,0
yli-inhimillistä,0,0,0,0,0,0,1,0,0,0
päällekkäin,0,0,0,0,0,0,0,0,0,0
superintendentti,0,0,0,0,0,0,0,0,0,0
ylivoimainen,0,0,0,0,0,0,1,0,0,0
paremmuus,0,0,0,0,0,0,1,0,0,0
superlatiivi,0,0,0,0,0,0,0,0,0,0
supermies,0,0,0,0,1,0,1,0,0,1
supermarket,0,0,0,0,0,0,0,0,0,0
supernatantti,0,0,0,0,0,0,0,0,0,0
yliluonnollinen,0,0,0,0,0,0,0,0,0,0
superpositio,0,0,0,0,0,0,0,0,0,0
korvata,0,0,0,0,0,0,0,0,0,0
supertähti,0,0,0,0,1,0,1,0,0,1
taikausko,0,0,0,1,0,1,1,0,0,0
taikauskoinen,0,1,0,1,0,1,0,0,0,0
valvoa,0,0,0,0,0,0,0,0,0,0
valvontaa,0,0,0,0,0,0,0,0,0,0
valvoja,0,0,0,0,0,0,0,0,0,0
illallinen,0,0,0,0,0,0,0,0,0,0
syrjäyttää,0,0,0,0,0,0,0,0,0,0
notkea,0,0,0,0,0,0,0,0,0,0
täydentää,0,0,0,0,0,0,0,0,0,0
täydentävä,0,0,0,0,0,0,0,0,0,0
täydentävä,0,0,0,0,0,0,0,0,0,0
anominen,0,0,0,0,0,0,1,0,0,1
tarvikkeet,0,0,0,0,0,0,1,0,0,0
toimittaa,0,0,0,0,0,0,1,0,0,0
tuettu,0,0,0,0,0,0,1,0,0,0
tukija,0,0,0,0,1,0,1,0,0,1
kannattajia,0,0,0,0,0,0,0,0,0,0
tukea,0,0,0,0,0,0,1,0,0,1
olettaa,0,0,0,0,0,0,0,0,0,0
olettaen,0,0,0,0,0,0,0,0,0,0
oletus,0,0,0,0,0,0,0,0,0,0
tukahduttaa,1,0,0,1,0,1,0,1,0,0
tukahduttaminen,1,0,1,1,0,1,0,0,0,0
ylivalta,1,1,0,1,1,1,1,0,1,1
ylin,0,0,0,0,0,0,1,0,0,0
äärimmäisen,0,0,0,0,0,0,1,0,0,0
lisämaksu,1,0,0,0,0,1,0,0,0,0
vakuus,0,0,0,0,0,0,1,0,0,1
surffailla,0,0,0,0,0,0,0,0,0,0
pinta-,0,0,0,0,0,0,0,0,0,0
aalto,0,0,0,0,0,0,0,0,1,0
kirurgi,0,0,0,0,0,0,0,0,0,0
leikkaus,0,0,0,1,0,0,0,1,0,0
äreä,1,0,1,0,0,1,0,0,0,0
otaksua,0,0,0,0,0,0,1,0,0,0
sukunimi,0,0,0,0,0,0,0,0,0,0
ylittää,0,0,0,0,0,0,1,0,0,0
ylijäämä,0,0,0,0,0,0,0,0,0,0
yllätys,0,0,0,1,1,0,1,0,1,0
yllättynyt,0,0,0,0,0,0,0,0,1,0
yllättävä,0,0,0,0,0,0,0,0,1,0
yllättävän,0,1,0,0,0,0,0,0,1,0
antautua,0,0,0,1,0,1,0,1,0,0
antautumassa,0,0,0,0,0,1,0,1,0,0
korvike-,0,0,0,0,0,0,0,0,0,1
surround,0,1,0,0,0,1,1,0,0,0
ympärillä,0,0,0,0,0,0,0,0,0,0
ympäristö,0,0,0,0,0,0,0,0,0,0
valvontaa,0,0,0,1,0,0,0,0,0,0
kysely,0,0,0,0,0,0,0,0,0,0
maanmittaus,0,0,0,0,0,0,1,0,0,0
katsastaja,0,0,0,0,0,0,0,0,0,0
eloonjääminen,0,0,0,0,0,0,0,0,0,0
selviytyä,0,0,0,0,0,0,1,0,0,0
elossa,0,0,0,0,0,0,0,0,0,0
herkkyys,0,0,0,0,0,0,0,0,0,0
alttiita,0,0,0,0,0,1,0,0,0,0
epäilty,0,0,0,1,0,1,0,0,0,0
epäilty,0,0,0,0,0,0,0,0,0,0
keskeyttää,0,0,0,0,0,0,0,0,0,0
keskeytetty,0,0,0,0,0,0,0,0,0,0
henkselit,0,0,0,0,0,0,0,0,0,0
jännitystä,0,1,0,1,0,0,0,0,1,0
jousitus,0,0,0,1,0,1,0,0,0,0
epäilys,0,0,0,1,0,1,0,0,0,0
epäilyksiä,0,0,0,0,0,0,0,0,0,0
epäilyttävä,1,1,0,0,0,1,0,0,0,0
jatkuvaa,0,0,0,0,0,0,0,0,0,0
elatus,0,0,0,0,0,0,0,0,0,0
ommel,0,0,0,0,0,0,0,0,0,0
moppi,0,0,0,0,0,1,0,0,0,0
nyytti,0,0,0,0,0,0,0,0,0,0
rehvastella,0,0,0,0,0,0,0,0,0,0
niellä,0,0,0,0,0,0,0,0,0,0
suo,0,0,1,1,0,1,0,0,0,0
suotunut,0,0,0,0,0,0,0,0,0,0
soinen,0,0,1,1,0,1,0,0,0,0
joutsen,0,0,0,0,0,0,0,0,0,0
vaihtaa,0,0,0,0,0,0,0,0,0,0
parvi,0,0,1,0,0,0,0,0,0,0
kuhina,0,0,0,0,0,0,0,0,0,0
hakaristi,1,0,0,1,0,1,0,0,0,0
huojua,0,0,0,0,0,0,0,0,0,0
vannoa,0,0,0,0,0,0,1,0,0,1
kiroilua,0,0,0,0,0,0,0,0,0,0
hiki,0,0,0,1,0,0,0,0,0,0
villapaita,0,0,0,0,0,0,0,0,0,0
hikoilu,0,0,0,0,0,0,0,0,0,0
lakaista,0,0,0,0,0,0,0,0,0,0
lakaistaan,0,0,0,0,0,0,0,0,0,0
makea,0,1,0,0,1,0,1,0,1,1
makeuttaa,0,0,0,0,0,0,0,0,0,0
makeutettu,0,0,0,0,0,0,0,0,0,0
makeutusaine,0,0,0,0,0,0,0,0,0,0
kultaseni,0,1,0,0,1,0,1,1,0,1
kultaseni,0,0,0,0,0,0,1,0,0,0
makeus,0,0,0,0,0,0,1,0,0,0
makeisia,0,1,0,0,1,0,1,0,0,0
turvota,0,0,0,0,0,0,0,0,0,0
turvotus,0,0,0,1,0,1,0,0,0,0
helteinen,0,0,0,0,0,0,0,0,0,0
väistää,0,0,0,1,0,0,0,0,1,0
nopea,0,0,0,0,0,0,1,0,0,0
nopeasti,0,0,0,0,0,0,0,0,0,0
huikka,0,0,1,0,0,1,0,0,0,0
uida,0,1,0,1,1,0,1,0,0,0
uima-,0,0,0,0,0,0,0,0,0,0
sika,0,0,1,0,0,1,0,0,0,0
keinu,0,0,0,0,0,0,0,0,0,0
keinuvat,0,0,0,0,0,0,0,0,0,0
huutaa,0,0,0,0,0,0,0,0,0,0
vaihtaa,0,0,0,0,0,0,0,0,0,0
kääntyvä,0,0,0,0,0,0,0,0,0,0
turvonnut,0,0,0,0,0,1,0,0,0,0
pyörtyä,0,0,0,0,0,0,0,0,0,0
syöksyä,0,0,0,0,0,0,0,0,0,0
miekka,0,0,0,0,0,0,0,0,0,0
tavu,0,0,0,0,0,0,0,0,0,0
opetussuunnitelma,0,0,0,0,0,0,0,0,0,0
symboli,0,0,0,0,0,0,0,0,0,0
symbolinen,0,0,0,0,0,0,1,0,0,0
symbolisesti,0,0,0,0,0,0,0,0,0,0
symboliikka,0,0,0,0,0,0,0,0,0,0
symboloivat,0,0,0,0,0,0,0,0,0,0
symmetrinen,0,0,0,0,0,0,0,0,0,0
symmetrinen,0,0,0,0,0,0,1,0,0,0
symmetria,0,0,0,0,1,0,1,0,0,1
sympaattinen,0,0,0,1,1,0,1,1,0,1
myötätuntoa,0,0,0,0,0,0,0,1,0,0
myötätuntoa,0,0,0,0,0,0,1,1,0,0
sinfonia,0,1,0,0,1,0,1,0,0,0
oire,0,0,0,0,0,1,0,0,0,0
oireellinen,0,0,0,0,0,0,0,0,0,0
synagoga,0,0,0,0,0,0,0,0,0,0
synkronoida,0,1,0,0,1,0,1,0,1,1
synkroninen,0,0,0,0,0,0,0,0,0,0
pyörtymä,0,0,0,1,0,1,0,1,1,0
syndikaatti,0,0,0,0,0,0,0,0,0,0
synergistinen,0,0,0,0,0,0,1,0,0,1
synergiaa,0,0,0,0,0,0,0,0,0,0
kirkolliskokous,0,0,0,0,0,0,1,0,0,1
synonyymi,0,0,0,0,0,0,0,0,0,0
synonyymi,0,0,0,1,0,1,1,0,0,1
synopsis,0,0,0,0,0,0,0,0,0,0
synoptinen,0,0,0,0,0,0,0,0,0,0
syntaksi,0,0,0,0,0,0,0,0,0,0
synteesi,0,0,0,0,0,0,0,0,0,0
synteettinen,0,0,0,0,0,0,0,0,0,0
ruisku,0,0,0,1,0,0,0,0,0,0
siirappi,0,0,0,0,0,0,0,0,0,0
järjestelmä,0,0,0,0,0,0,0,0,0,1
järjestelmällinen,0,0,0,0,0,0,0,0,0,0
järjestelmällisesti,0,0,0,0,0,0,0,0,0,0
tabby,0,0,0,0,0,0,0,0,0,0
tabernaakkeli,0,0,0,0,0,0,0,0,0,0
pöytä,0,0,0,0,0,0,0,0,0,0
kuvaelma,0,0,0,0,0,0,0,0,0,0
ruokalusikallinen,0,0,0,0,0,0,0,0,0,0
tabletti,0,0,0,0,0,0,0,0,0,0
astiasto,0,0,0,0,0,0,0,0,0,0
tabu,0,0,1,1,0,1,0,0,0,0
taulukkomainen,0,0,0,0,0,0,0,0,0,0
taulukoida,0,1,0,0,0,0,0,0,0,0
taulukointi,0,0,0,0,0,0,0,0,0,0
kierroslukumittari,0,0,0,0,0,0,0,0,0,0
hiljainen,0,0,0,0,0,0,0,0,0,0
takki,0,0,0,0,0,0,0,0,0,0
puuttua,1,0,0,0,0,0,0,0,1,0
puuttua,0,0,0,0,0,0,0,0,0,0
tahmea,0,0,0,0,0,0,0,0,0,0
tahdikkuutta,0,0,0,0,0,0,1,0,0,0
taktiikkaa,0,0,0,1,0,0,0,0,0,1
kosketeltava,0,0,0,0,0,0,0,0,0,0
tafti,0,0,0,0,0,0,0,0,0,0
toffee,0,0,0,0,0,0,0,0,0,0
tag,0,0,0,0,0,0,0,0,0,0
häntää,0,0,0,0,0,0,0,0,0,0
pyrstö,0,0,0,0,0,0,0,0,0,0
rikastushiekka,0,0,0,0,0,0,0,0,0,0
räätälöidä,0,0,0,0,0,0,0,0,0,0
räätälöinti,0,0,0,0,0,0,0,0,0,0
pilata,0,0,0,0,0,1,0,1,0,0
ottaja,0,0,0,0,0,0,0,0,0,0
tarina,0,0,0,0,0,0,1,0,0,0
lahjakkuutta,0,0,0,0,0,0,1,0,0,0
lahjakas,0,0,0,0,0,0,0,0,0,0
talisman,0,0,0,0,0,0,1,0,0,0
puhua,0,0,0,0,0,0,1,0,0,0
puhelias,0,0,0,0,0,0,0,0,0,0
puhuja,0,0,0,0,0,0,0,0,0,0
pitkä,0,0,0,0,0,0,0,0,0,0
laskee,0,0,0,0,0,0,0,0,0,0
tali,0,0,0,0,0,0,0,0,0,0
vastaa,0,0,0,0,0,0,0,0,0,0
kynnet,1,0,0,1,0,1,0,0,0,0
tamburiini,0,0,0,0,0,0,0,0,0,0
kesyttää,0,0,0,0,0,0,0,0,0,0
rusketus,0,0,0,0,0,0,0,0,0,0
tandem,0,0,0,0,0,0,0,0,0,1
tang,0,0,0,0,0,0,0,0,0,0
tangentti,0,0,0,0,0,0,0,0,0,0
vyyhti,0,0,0,0,0,0,0,0,0,0
sotkeutunut,0,0,0,0,0,1,0,0,0,0
säiliö,0,0,0,0,0,0,0,0,0,0
ruskettunut,0,0,0,0,0,0,1,0,0,0
ärsyttävä,0,1,0,0,1,1,1,0,1,0
vastaava,0,0,0,0,0,0,0,0,0,1
napauta,0,0,0,0,0,0,0,0,0,0
nauha,0,0,0,0,0,0,0,0,0,0
kartiomainen,0,0,0,0,0,0,0,0,0,0
kapeneva,0,0,0,0,0,0,0,0,0,0
kuvakudos,0,0,0,0,0,0,0,0,0,0
terva,0,0,0,0,0,0,0,0,0,0
myöhästyminen,0,0,0,0,0,1,0,0,0,0
myöhässä,0,0,0,0,0,1,0,0,0,0
kohde,0,0,0,0,0,0,0,0,0,0
tariffi,1,0,1,0,0,1,0,0,0,0
tahrata,0,0,1,0,0,1,0,1,0,0
tervaa,0,0,0,0,0,1,0,0,0,0
torttu,0,0,0,0,0,0,0,0,0,0
tartaani,0,0,0,0,0,0,0,0,0,0
hammaskiveä,0,0,0,0,0,0,0,0,0,0
tehtävä,0,0,0,0,0,0,1,0,0,0
tupsu,0,0,0,0,0,0,0,0,0,0
maku,0,0,0,0,0,0,0,0,0,0
maukasta,0,0,0,0,0,0,1,0,0,0
mauton,0,0,1,0,0,1,0,0,0,0
maistelua,0,0,0,0,0,0,0,0,0,0
maukas,0,0,0,0,0,0,1,0,0,0
tat,0,0,0,0,0,0,0,0,0,0
tatuointi,0,0,0,0,0,0,0,0,0,0
opettanut,0,0,0,0,0,0,0,0,0,1
pilkata,1,0,0,1,0,1,0,1,0,0
kireällä,0,0,0,0,0,0,0,0,0,0
taverna,0,0,0,0,0,0,0,0,0,0
kellertävänruskea,0,0,1,0,0,0,0,0,0,0
verottaa,0,0,0,0,0,1,0,1,0,0
taksi,0,0,0,0,0,0,0,0,0,0
taksonomia,0,0,0,0,0,0,0,0,0,0
teetä,0,0,0,0,0,0,0,0,0,0
opettaa,0,0,0,0,1,0,1,0,1,1
opettaja,0,0,0,0,0,0,1,0,0,1
opetusta,0,0,0,0,0,0,0,0,0,0
tiimi,0,0,0,0,0,0,0,0,0,1
itkuinen,0,0,1,1,0,0,0,1,0,0
härnätä,1,1,0,0,0,1,0,1,0,0
teaser,0,0,0,0,0,0,0,0,0,0
kiusanteko,1,0,0,1,0,1,0,0,0,0
tutti,0,0,0,0,0,0,0,0,0,0
tekninen,0,0,0,0,0,0,0,0,0,0
teknisyyttä,0,0,0,0,0,0,0,0,0,0
teknikko,0,0,0,0,0,0,0,0,0,0
teknologiaa,0,0,0,0,0,0,1,0,0,0
ted,0,0,0,0,0,0,0,0,0,0
ikävä,0,0,0,0,0,1,0,0,0,0
tylsää,0,0,0,0,0,1,0,0,0,0
täynnä,0,0,1,0,0,0,0,0,0,0
teini-ikäiset,0,0,0,0,0,1,1,0,0,0
hampaat,0,0,0,0,0,0,0,0,0,0
teflonia,0,0,0,0,0,0,0,0,0,0
sähke,0,0,0,0,0,0,0,0,0,0
lennätin,0,0,0,0,0,0,0,0,0,0
puhelin,0,0,0,0,0,0,0,0,0,0
teleskooppi,0,0,0,0,0,0,0,0,0,0
teleskooppinen,0,0,0,0,0,0,0,0,0,0
televisio,0,0,0,0,0,0,0,0,0,0
pankkivirkailija,0,0,0,0,0,0,0,0,0,0
kertova,0,0,0,0,0,0,0,0,0,0
ilmaisin,0,0,0,0,0,0,0,0,0,0
luonne,0,0,0,0,0,0,0,0,0,0
tempera,0,0,0,0,0,0,0,0,0,0
temperamentti,0,0,0,0,0,0,0,0,0,0
raittius,0,0,0,0,0,0,1,0,0,0
leuto,0,0,0,0,0,0,0,0,0,1
lämpötila,0,0,0,0,0,0,0,0,0,0
karkaistu,0,0,0,0,0,0,1,0,0,0
myrsky,1,1,0,1,0,1,0,1,1,0
temppeli,0,0,0,0,0,0,0,0,0,0
ajallinen,0,0,0,0,0,0,0,0,0,0
väliaikaisesti,0,0,0,0,0,0,0,0,0,0
tilapäinen,0,0,0,0,0,0,0,0,0,0
houkutella,0,0,0,0,0,0,0,0,0,0
houkutus,0,0,0,0,0,1,0,0,0,0
houkutteleva,0,0,0,0,0,0,0,0,0,0
kymmenen,0,0,0,0,0,0,0,0,0,0
kestävä,0,0,0,0,0,0,1,0,0,0
sitkeä,0,0,0,0,0,0,1,0,0,0
sitkeyttä,0,0,0,0,0,0,1,0,0,0
vuokrasopimus,0,0,0,0,0,0,1,0,0,0
vuokralainen,0,0,0,0,0,0,1,0,0,0
taipumus,0,0,0,0,0,0,0,0,0,0
tarjous,0,0,0,0,1,0,1,0,0,1
arkuus,0,0,0,0,1,0,1,0,0,0
hoitaa,0,0,0,0,0,0,0,0,0,0
jänne,0,0,0,0,0,0,0,0,0,0
vuokra-asunto,0,0,0,0,0,1,0,0,0,0
periaate,0,0,0,0,0,0,0,0,0,0
periaatteet,0,0,0,0,0,0,0,0,0,0
kymmenkertainen,0,0,0,0,0,0,0,0,0,0
tennis,0,0,0,0,0,0,0,0,0,0
jännittynyt,0,0,0,0,0,0,0,0,0,0
vetolujuus,0,0,0,0,0,0,0,0,0,0
jännitystä,1,0,0,0,0,0,0,0,0,0
teltta,0,0,0,0,0,0,0,0,0,0
lonkero,0,0,0,0,0,0,0,0,0,0
alustava,0,0,0,0,0,0,0,0,0,0
kymmenes,0,0,0,0,0,0,0,0,0,0
kymmenesosia,0,0,0,0,0,0,0,0,0,0
heikko,0,0,0,0,0,0,0,0,0,0
toimikausi,0,0,0,0,0,0,0,0,0,0
haalea,0,0,0,0,0,0,0,0,0,0
termi,0,0,0,0,0,0,0,0,0,0
terminaali,0,0,0,1,0,1,0,1,0,0
lopettaa,0,0,0,0,0,0,0,1,0,0
irtisanominen,0,0,0,0,0,1,0,1,0,0
päätepiste,0,0,0,0,0,0,0,0,0,0
termiitti,0,0,1,0,0,1,0,0,0,0
ehdot,0,0,0,0,0,0,0,0,0,0
tiira,0,0,0,0,0,0,0,0,0,0
kolmiosainen,0,0,0,0,0,0,0,0,0,0
terassi,0,0,0,0,0,0,0,0,0,0
maanpäällinen,0,0,0,0,0,0,0,0,0,0
kauhea,1,0,1,1,0,1,0,1,0,0
hirveästi,0,0,0,0,0,0,0,1,0,0
terrieri,0,0,0,0,0,0,0,0,0,0
loistava,0,0,0,0,0,0,0,1,0,0
alueellinen,0,0,0,0,0,0,0,0,0,0
alue,0,0,0,0,0,0,0,0,0,0
terrori,0,0,0,1,0,1,0,0,0,0
terrorismia,1,0,1,1,0,1,0,1,0,0
terroristi,1,0,1,1,0,1,0,1,1,0
terrorisoida,1,0,0,1,0,1,0,1,0,0
ytimekäs,0,0,0,0,0,0,0,0,0,0
tertiäärinen,0,0,0,0,0,0,0,0,0,0
testata,0,0,0,0,0,0,0,0,0,0
testamentti,0,1,0,0,0,0,0,0,0,1
todistaa,0,0,0,0,0,0,0,0,0,0
todistus,0,0,0,0,0,0,0,0,0,0
todistus,0,0,0,0,0,0,0,0,0,1
jäykkäkouristus,0,0,1,0,0,1,0,0,0,0
lieka,0,0,0,0,0,1,0,0,0,0
kytkettynä,0,0,0,0,0,0,0,0,0,0
tetraedrinen,0,0,0,0,0,0,0,0,0,0
teksti,0,0,0,0,0,0,0,0,0,0
oppikirja,0,0,0,0,0,0,0,0,0,0
tekstiili,0,0,0,0,0,0,0,0,0,0
tekstuurinen,0,0,0,0,0,0,0,0,0,0
rakenne,0,0,0,0,0,0,0,0,0,0
kiitollinen,0,0,0,0,1,0,1,0,0,0
kiitospäivä,0,0,0,0,1,0,1,0,0,0
kuontalo,0,0,0,0,0,0,0,0,0,0
sulaa,0,0,0,0,0,0,0,0,0,0
teatteri,0,0,0,0,0,0,0,0,0,0
teatterillinen,0,0,0,0,0,0,0,0,0,0
varkaus,1,0,1,1,0,1,0,1,0,0
teismi,0,0,1,0,0,1,0,0,0,0
teistinen,0,0,0,0,0,0,0,0,0,0
teema,0,0,0,0,0,0,0,0,0,0
teokratia,0,0,0,0,0,0,0,0,0,0
teokraattinen,1,0,0,1,0,1,0,1,0,1
teologi,0,0,0,0,0,0,0,0,0,0
teologinen,0,0,0,0,0,0,0,0,0,1
teologia,0,1,0,0,0,0,0,0,0,0
lause,0,0,0,0,0,0,0,0,0,1
teoreettinen,0,0,0,0,0,0,1,0,0,0
teoria,0,1,0,0,0,0,0,0,0,1
terapeuttinen,0,0,0,0,1,0,1,0,0,1
terapeuttiset aineet,0,0,0,0,0,0,1,0,0,0
noin,0,0,0,0,0,0,0,0,0,0
siitä,0,0,0,0,0,0,0,0,0,0
sen kanssa,0,0,0,0,0,0,0,0,0,0
lämpö,0,0,0,0,0,0,0,0,0,0
lämpöpari,0,1,0,0,0,0,0,0,0,0
termodynamiikka,0,0,0,0,0,0,0,0,0,0
lämpömittari,0,0,0,0,0,0,0,0,0,1
termostaatti,0,0,0,0,0,0,0,0,0,0
tesaurus,0,0,0,0,0,0,0,0,0,0
opinnäytetyö,0,0,0,0,0,0,0,0,0,0
paksu,0,0,0,0,0,0,0,0,0,0
paksuuntua,0,0,0,0,0,0,0,0,0,0
paksuuntuminen,0,0,0,0,0,0,0,0,0,0
tiheä,0,0,0,0,0,0,0,0,0,0
paksuus,0,0,0,0,0,0,0,0,0,0
varas,1,0,1,1,0,1,0,1,1,0
sormustin,0,0,0,0,0,0,0,0,0,0
ohut,0,0,0,0,0,0,0,0,0,0
asia,0,0,0,0,0,0,0,0,0,0
asioita,0,0,0,0,0,0,0,0,0,0
ajattelija,0,0,0,0,0,0,1,0,0,0
ajattelu,0,0,0,0,0,0,0,0,0,0
kolmasosaa,0,0,0,0,0,0,0,0,0,0
jano,0,1,0,0,0,0,0,1,1,0
janoinen,0,0,0,0,0,1,0,0,0,0
kolmetoista,0,0,0,0,0,0,0,0,0,0
kolmastoista,0,0,0,1,0,0,0,0,0,0
ohdake,0,0,0,0,0,0,0,0,0,0
sinne,0,0,0,0,0,0,0,0,0,0
remmi,0,0,0,0,0,0,0,0,0,0
piikki,0,0,0,0,0,1,0,0,0,0
hankala,0,0,0,1,0,1,0,0,0,0
täysiverinen,0,0,0,0,0,0,1,0,0,0
valtaväylä,0,0,0,0,0,0,0,0,0,0
ajatteli,0,1,0,0,0,0,0,0,0,0
huomaavainen,0,0,0,0,0,0,1,0,0,1
huomaavaisuus,0,0,0,0,0,0,1,0,0,0
ajattelematon,1,0,1,0,0,1,0,0,0,0
ajatuksia,0,0,0,0,0,0,0,0,0,0
tuhat,0,0,0,0,0,0,0,0,0,0
thrash,1,0,1,1,0,1,0,1,0,0
lanka,0,0,0,0,0,0,0,0,0,0
uhka,1,0,0,1,0,1,0,0,0,0
uhkailla,1,1,0,1,0,1,0,0,0,0
uhkaava,1,0,1,1,0,1,0,0,0,0
kolminkertainen,0,0,0,0,0,0,0,0,0,0
puida,1,0,0,1,0,1,0,1,0,0
kynnys,0,0,0,0,0,0,0,0,0,0
kolmasti,0,0,0,0,0,0,0,0,0,0
säästäväisyys,0,0,1,0,0,0,1,0,0,1
säästäväinen,0,0,0,0,0,0,0,0,0,0
jännitystä,0,1,0,1,1,0,1,0,1,0
jännittävä,0,1,0,0,1,0,1,0,1,0
kukoistava,0,1,0,0,1,0,1,0,0,0
kurkku,0,0,0,0,0,0,0,0,0,0
tykyttää,0,0,0,1,0,1,0,1,0,0
sykkivä,0,0,0,0,0,0,0,0,0,0
valtaistuimelle,0,0,0,0,0,0,1,0,0,1
tungos,0,0,0,0,0,0,0,0,0,0
kaasua,1,0,0,0,0,1,0,0,0,0
heittää,0,0,0,0,0,0,0,0,0,0
sammas,0,0,0,0,0,0,0,0,0,0
työntövoima,0,0,0,0,0,0,0,0,0,0
tömähtää,0,0,0,0,0,0,0,0,0,0
roisto,1,0,1,1,0,1,0,0,0,0
peukalo,0,0,0,0,0,0,0,0,0,0
tömähdys,1,0,0,0,0,1,0,0,0,0
mahtava,0,0,0,1,0,0,0,0,0,0
ukkonen,0,0,0,0,0,0,0,0,0,0
salama,0,0,0,0,0,0,0,0,0,0
jylinää,1,0,0,1,0,1,0,0,0,0
ukonilma,0,0,0,0,0,0,0,0,0,0
estää,0,0,0,0,0,1,0,0,1,0
timjami,0,0,0,0,0,0,0,0,0,0
tiara,0,0,0,0,0,0,0,0,0,0
puutiainen,0,0,0,0,0,0,0,0,0,0
ticker,0,0,0,0,0,0,0,0,0,0
lippu,0,0,0,0,0,0,0,0,0,0
kutittaa,0,1,0,0,1,0,1,0,1,1
tukala,0,0,0,0,0,0,0,0,0,0
vuorovesi-,0,0,0,0,0,0,0,0,0,0
makupala,0,0,0,0,0,0,0,0,0,0
vuorovesi,0,0,0,0,0,0,0,0,0,0
uutisia,0,0,0,0,0,0,0,0,0,0
solmio,0,0,0,0,0,0,0,0,0,0
taso,0,0,0,0,0,0,0,0,0,0
tiff,1,0,0,0,0,1,0,0,0,0
tiikeri,0,0,0,0,0,0,0,0,0,0
tiukentaa,1,0,0,0,0,0,0,0,0,0
kireys,0,0,0,0,0,0,0,0,0,0
sukkahousut,0,0,0,0,0,0,0,0,0,0
tilde,0,0,0,0,0,0,0,0,0,0
laatta,0,0,0,0,0,0,0,0,0,0
laatoitus,0,0,0,0,0,0,1,0,0,0
asti,0,0,0,0,0,0,0,0,0,0
maanmuokkaus,0,0,0,0,0,0,0,0,0,0
ohjauskone,0,0,0,0,0,0,0,0,0,0
kallistaa,0,0,0,0,0,0,0,0,0,0
kallistus,0,0,0,0,0,0,0,0,0,0
puutavaraa,0,0,0,0,0,0,0,0,0,0
Timberland,0,0,0,0,0,0,0,0,0,0
sointi,0,0,0,0,0,0,0,0,0,0
aika,0,1,0,0,0,0,0,0,0,0
ajantasaisuus,0,0,0,0,0,0,0,0,0,0
ajoissa,0,0,0,0,0,0,1,0,0,0
kello,0,0,0,0,0,0,0,0,0,0
arka,0,0,0,1,0,1,0,1,0,0
arkuus,0,1,0,1,0,1,0,0,0,0
tina,0,0,0,0,0,0,0,0,0,0
tinktuura,0,0,0,0,0,0,0,0,0,0
piikki,0,0,0,0,0,0,0,0,0,0
sävy,0,0,0,0,0,0,0,0,0,0
kihelmöidä,0,0,0,0,0,0,0,0,0,0
pistely,0,0,0,0,0,0,0,0,0,0
puuhailla,0,0,0,0,0,0,0,0,0,0
puuhailua,0,0,0,0,0,0,0,0,0,0
tinnitus,0,0,0,0,0,0,0,0,0,0
hopealanka,0,0,0,0,1,0,1,0,0,0
sävy,0,0,0,0,0,0,0,0,0,0
pikkuruinen,0,0,0,0,0,0,0,0,0,0
kärki,0,0,0,0,0,0,0,0,0,0
hiprakassa,0,0,0,0,0,1,0,0,0,0
vuodatus,1,0,1,0,0,1,0,0,0,0
Rengas,0,0,0,0,0,0,0,0,0,0
väsynyt,0,0,0,0,0,1,0,0,0,0
väsymys,0,0,0,0,0,1,0,0,0,0
väsyttävää,0,0,0,0,0,1,0,0,0,0
kudosta,0,0,0,0,0,0,0,0,0,0
tissi,0,0,0,0,0,1,0,0,0,0
titanic,0,0,0,0,0,0,0,0,0,0
kymmenykset,0,0,0,0,0,0,0,0,0,0
otsikko,0,0,0,0,0,0,1,0,0,1
otsikolla,0,0,0,0,0,0,0,0,0,0
tissi,0,0,0,0,0,0,0,0,0,0
nimellinen,0,0,0,0,0,0,0,0,0,0
rupikonna,0,0,1,0,0,1,0,0,0,0
paahtoleipä,0,0,0,0,1,0,1,0,0,0
tupakka,0,0,0,0,0,1,0,0,0,0
toby,0,0,0,0,0,0,0,0,0,0
tod,0,0,0,0,0,0,0,0,0,0
tänään,0,0,0,0,0,0,0,0,0,0
varvas,0,0,0,0,0,0,0,0,0,0
tooga,0,0,0,0,0,0,0,0,0,0
vaivaa,0,0,0,0,0,0,0,0,0,0
WC,0,0,1,0,0,1,0,0,0,0
ansa,0,0,0,0,0,1,0,0,0,0
merkki,0,0,0,0,0,0,0,0,0,0
toleranssi,0,0,0,0,0,0,0,0,0,0
suvaitsevainen,0,0,0,0,0,0,1,0,0,0
sietää,1,0,0,0,0,1,0,1,0,0
suvaitsevaisuutta,0,0,0,0,0,0,1,0,0,0
tietulli,0,0,0,0,0,0,0,0,0,0
tomahawk,0,0,0,0,0,0,0,0,0,0
hauta,0,0,0,0,0,0,0,1,0,0
kollikissa,0,0,0,0,0,0,0,0,0,0
minulle,0,0,0,0,0,0,0,0,0,0
huomenna,0,1,0,0,0,0,0,0,0,0
tonnia,0,0,0,0,0,0,0,0,0,0
sävy,0,0,0,0,0,0,0,0,0,0
pihdit,0,0,0,0,0,0,0,0,0,0
pihdit,0,0,0,0,0,0,0,0,0,0
kieli,0,0,0,0,0,0,0,0,0,0
tonic,0,0,0,0,0,0,0,0,0,0
vetoisuus,0,0,0,0,0,0,0,0,0,0
risat,0,0,0,0,0,0,0,0,0,0
työkalut,0,0,0,0,0,0,0,0,0,0
hammas,0,0,0,0,0,0,0,0,0,0
hammassärky,0,0,0,1,0,1,0,0,0,0
hammastettu,0,0,0,0,0,0,0,0,0,0
hampaaton,0,0,0,0,0,0,0,0,0,0
alkuun,0,1,0,0,0,0,1,0,0,1
topaasi,0,0,0,0,0,0,0,0,0,0
aihe,0,0,0,0,0,0,0,0,0,0
ajankohtainen,0,0,0,0,0,0,0,0,0,0
topografinen,0,0,0,0,0,0,0,0,0,0
topografinen,0,0,0,0,0,0,0,0,0,0
topografia,0,0,0,0,0,0,0,0,0,0
kaatua,0,0,0,0,0,0,0,0,1,0
tor,0,0,0,0,0,0,0,0,0,0
taskulamppu,0,0,0,0,0,0,0,0,0,0
piinaa,1,0,0,1,0,1,0,1,0,0
revitty,0,0,0,0,0,1,0,0,0,0
tornado,0,0,0,1,0,0,0,0,0,0
torpedo,1,0,0,0,0,1,0,0,0,0
torrent,0,0,0,1,0,0,0,0,0,0
paahtava,0,0,0,0,0,1,0,0,0,0
vääntö,0,0,0,0,0,0,0,0,0,0
torso,0,0,0,0,0,0,0,0,0,0
rikkomus,0,0,0,0,0,1,0,0,0,0
kiusallinen,1,0,1,0,0,1,0,0,0,0
kilpikonna,0,0,0,0,0,0,0,0,0,0
monimutkainen,0,0,0,0,0,0,0,0,0,0
kiduttaa,1,1,1,1,0,1,0,1,0,0
nakata,0,0,0,0,0,0,0,0,0,0
kaikki yhteensä,0,0,0,0,0,0,0,0,0,0
kokonaisuus,0,0,0,0,0,0,0,0,0,0
täysin,0,0,0,0,0,0,0,0,0,0
raahata,0,0,0,0,0,0,0,0,0,0
toteemi,0,0,0,0,0,0,0,0,0,0
kosketus,0,0,0,0,0,0,0,0,0,0
kosketti,0,0,0,0,0,1,0,0,0,0
koskettava,0,0,0,0,0,0,0,0,0,0
arka,1,0,0,0,0,1,0,1,0,0
kova,0,0,0,0,0,1,0,1,0,0
sitkeys,1,0,0,1,0,0,1,0,0,1
kiertue,0,0,0,0,0,0,0,0,0,0
turisti,0,0,0,0,0,0,0,0,0,0
turmaliini,0,0,0,0,0,0,0,0,0,0
turnaus,0,0,0,0,0,0,0,0,0,0
kiristysside,0,0,0,0,0,0,0,0,0,0
tout,0,0,0,0,0,0,0,0,0,0
hinata,0,0,0,0,0,0,0,0,0,0
pyyhe,0,0,0,0,0,0,0,0,0,0
torni,0,0,0,0,0,0,1,0,0,0
kohoava,0,1,0,1,0,0,1,0,0,0
kaupunki,0,0,0,0,0,0,0,0,0,0
rivitalo,0,0,0,0,0,0,0,0,0,0
myrkyllinen,0,0,1,0,0,1,0,0,0,0
toksikologia,0,0,0,0,0,0,0,0,0,0
toksiinia,0,0,0,1,0,1,0,0,0,0
lelu,0,0,0,0,0,0,0,0,0,0
jäljittää,0,0,0,0,0,0,0,0,0,0
jälkiä,0,0,0,0,0,0,0,0,0,0
henkitorvi,0,0,0,0,0,0,0,0,0,0
jäljittäminen,0,0,0,0,0,0,0,0,0,0
seurata,0,1,0,0,0,0,0,0,0,0
traktaatti,0,0,0,1,0,0,0,0,0,0
hallittavissa,0,0,0,0,0,0,0,0,0,0
veto,0,0,0,0,0,0,0,0,0,0
traktori,0,0,0,0,0,0,0,0,0,0
käydä kauppaa,0,0,0,0,0,0,0,0,0,1
kauppias,0,0,0,0,0,0,0,0,0,0
kauppias,0,0,0,0,0,0,0,0,0,0
kauppaa,0,0,0,0,0,0,0,0,0,0
perinne,0,0,0,0,0,0,0,0,0,0
perinteinen,0,0,0,0,0,0,1,0,0,0
liikennettä,0,0,0,0,0,0,0,0,0,0
tragedia,0,0,0,1,0,1,0,1,0,0
traaginen,0,0,0,0,0,1,0,0,0,0
polkua,0,0,0,0,0,0,0,0,0,0
kouluttaa,0,0,0,0,0,0,0,0,0,0
koulutettu,0,0,0,0,0,0,0,0,0,0
kouluttaja,0,0,0,0,0,0,0,0,0,1
koulutusta,0,0,0,0,0,0,0,0,0,0
piirre,0,0,0,0,0,0,0,0,0,0
petturi,1,0,1,1,0,1,0,1,0,0
lentorata,0,0,0,0,0,0,0,0,0,0
raitiovaunu,0,0,0,0,0,0,0,0,0,0
kulkuri,0,0,1,1,0,1,0,1,0,0
raitiotie,0,0,0,0,0,0,0,0,0,0
transsi,0,0,0,0,0,1,0,0,0,0
rauhallinen,0,0,0,0,1,0,1,0,0,0
rauhallisuus,0,0,0,0,1,0,1,0,0,1
kauppaa,0,0,0,0,0,0,0,0,0,0
kauppa,0,0,0,0,0,0,0,0,0,1
transatlanttista,0,0,0,0,0,0,0,0,0,0
transsendenssi,0,1,0,0,1,0,1,0,1,1
transsendentti,0,0,0,0,0,0,0,0,0,0
transsendenttinen,0,0,0,0,0,0,1,0,0,0
kirjoittaa puhtaaksi,0,0,0,0,0,0,0,0,0,0
transkriptio,0,0,0,0,0,0,0,0,0,0
transkriptio,0,0,0,0,0,0,0,0,0,1
transkriptio,0,0,0,0,0,0,0,0,0,0
siirtää,0,0,0,0,0,0,0,0,0,0
siirto,0,0,0,0,0,0,0,0,0,0
siirretty,0,0,0,0,0,0,0,0,0,0
muuttunut,0,0,0,0,0,0,0,0,0,0
muuttaa,0,0,0,0,0,0,0,0,0,0
muunnos,0,0,0,0,0,0,0,0,0,0
verensiirto,0,0,0,0,0,0,0,0,0,0
rikkomus,0,0,0,0,0,1,0,0,0,0
ohimenevä,0,0,0,0,0,0,0,0,0,0
kauttakulku,0,0,0,0,0,0,0,0,0,0
siirtyminen,0,0,0,0,0,0,0,0,0,0
siirtymäkauden,0,1,0,0,0,0,0,0,0,0
transitiivinen,0,0,0,0,0,0,0,0,0,0
ohimenevä,0,0,0,0,0,0,0,0,0,0
Kääntää,0,0,0,0,0,0,0,0,0,0
käännös,0,0,0,0,0,0,0,0,0,1
translokaatio,0,0,0,0,0,0,0,0,0,0
läpikuultava,0,0,0,0,0,0,0,0,0,0
tarttuminen,0,0,0,0,0,0,0,0,0,0
lähettää,0,0,0,0,0,0,0,0,0,0
transmutaatio,0,0,0,0,0,0,0,0,0,0
peräpeili,0,0,0,0,0,0,0,0,0,0
läpinäkyvyys,0,0,0,0,0,0,0,0,0,0
läpinäkyvä,0,0,0,0,0,0,0,0,0,0
elinsiirto,0,0,0,0,0,0,0,0,0,0
elinsiirto,0,0,0,0,0,0,0,0,0,0
kuljetus,0,0,0,0,0,0,0,0,0,0
kuljetus,0,0,0,0,0,0,0,0,0,0
transponoida,0,0,0,0,0,0,0,0,0,0
osaksi kansallista lainsäädäntöä,0,0,0,0,0,0,0,0,0,0
poikittainen,0,0,0,0,0,0,0,0,0,0
ansa,0,0,0,0,0,0,0,0,0,0
ansassa,0,0,0,0,0,0,0,0,0,0
kiinnikkeet,0,0,0,0,0,1,0,0,0,0
ansoja,0,0,0,0,0,1,0,0,0,0
roskakoriin,0,0,1,0,0,1,0,1,0,0
roskainen,0,0,1,0,0,1,0,0,0,0
traumaattinen,1,0,0,1,0,1,0,1,0,0
vaivaa,0,0,0,0,0,1,0,0,0,0
matkustaa,0,0,0,0,0,0,0,0,0,0
matkustaja,0,0,0,0,0,0,0,0,0,0
matkustaminen,0,0,0,0,0,0,1,0,0,0
kulkea,0,0,0,0,0,0,0,0,0,0
irvikuva,0,0,1,1,0,1,0,1,0,0
trooli,0,0,0,0,0,0,0,0,0,0
troolari,0,0,0,0,0,0,0,0,0,0
lokero,0,0,0,0,0,0,0,0,0,0
petollinen,1,0,1,1,0,1,0,0,0,0
petosta,1,0,0,1,0,1,0,1,1,0
kulutuspinta,0,0,0,0,0,0,0,0,0,0
juoksumatto,0,1,0,0,0,0,0,0,0,0
maanpetoksesta,1,0,1,1,0,1,0,0,1,0
aarre,0,1,0,0,1,0,1,0,0,1
rahastonhoitaja,0,0,0,0,0,0,0,0,0,1
valtionkassa,0,0,0,0,0,0,0,0,0,0
kohdella,1,1,1,1,1,1,1,1,1,1
tutkielma,0,0,0,0,0,0,0,0,0,0
hoitoon,0,0,0,0,0,0,0,0,0,0
sopimus,0,0,0,0,0,0,0,0,0,0
diskantti,0,0,0,0,0,0,0,0,0,0
puu,1,1,1,0,1,0,1,0,1,1
vaeltaa,0,0,0,0,0,0,0,0,0,0
ristikko,0,0,0,0,0,0,0,0,0,0
vapisemaan,0,0,0,0,0,0,0,0,0,0
vapina,0,0,0,1,0,1,0,0,0,0
valtava,0,0,0,0,0,0,0,0,0,0
valtavasti,0,0,0,0,0,0,1,0,0,0
vapina,1,1,0,1,0,1,0,1,0,0
Kaivanto,0,0,0,0,0,0,0,0,0,0
trendi,0,0,0,0,0,0,1,0,0,0
trendikkäitä,0,0,0,0,0,0,0,0,0,0
trendikäs,0,0,0,0,0,0,1,0,0,0
pelko,0,1,0,1,0,1,0,0,1,0
rikos,1,0,0,0,0,1,0,0,0,0
kolmikko,0,0,0,0,0,0,0,0,0,0
kolmio,0,0,0,0,0,0,0,0,0,0
kolmion muotoinen,0,0,0,0,0,0,0,0,0,0
heimo,0,0,0,0,0,0,0,0,0,1
koettelemuksesta,0,0,0,1,0,1,0,1,0,0
tuomioistuin,0,1,1,1,0,1,0,0,0,1
tribüüni,0,0,0,0,0,0,0,0,0,1
sivujoki,0,1,0,0,0,0,1,0,0,0
kunnianosoitus,0,0,0,0,0,0,1,0,0,0
temppu,0,0,0,0,0,1,0,0,1,0
huijausta,1,0,1,1,0,1,0,1,1,0
noro,0,0,0,0,0,0,0,0,0,0
hankala,0,0,0,0,0,0,0,0,0,0
kolmipyörä,0,0,0,0,0,0,0,0,0,0
kolmijanta,0,0,0,0,0,0,0,0,0,0
torttu,0,0,0,0,0,1,0,0,0,0
trig,0,0,0,0,0,0,1,0,0,0
laukaista,0,0,0,0,0,0,0,0,0,0
trigonometria,0,0,0,0,0,0,0,0,0,0
biljoonaa,0,0,0,0,0,0,0,0,0,0
trimmata,0,0,0,0,0,0,0,0,0,0
trimmeri,0,0,0,0,0,0,0,0,0,0
trimmaus,0,0,0,0,0,0,0,0,0,0
trine,0,0,0,0,0,0,0,0,0,0
kolminaisuus,0,0,0,0,0,0,0,0,0,0
trio,0,0,0,0,0,0,0,0,0,0
matka,0,0,0,0,0,0,0,0,1,0
kolmiosainen,0,0,0,0,0,0,0,0,0,0
kolminkertaistaa,0,0,0,0,0,0,0,0,0,0
kolmikko,0,0,0,0,0,0,0,0,0,0
kolminkertainen,0,0,0,0,0,0,0,0,0,0
kolmijalka,0,0,0,0,0,0,0,0,0,0
kompastuminen,1,0,0,0,0,1,0,1,0,0
tylsä,0,0,0,0,0,0,0,0,0,0
tritium,0,0,0,0,0,0,0,0,0,0
voitto,0,1,0,0,1,0,1,0,0,0
voittoisa,0,1,0,0,1,0,1,0,0,1
peikko,1,0,0,1,0,1,0,0,0,0
vaunu,0,0,0,0,0,0,0,0,0,0
pasuuna,0,0,0,0,0,0,0,0,0,0
joukkoja,0,0,0,0,0,0,0,0,0,0
sotilas,0,0,0,0,0,0,0,0,0,0
joukot,0,0,0,0,0,0,0,0,0,0
pokaali,0,1,0,0,1,0,1,0,1,1
trooppinen,0,0,0,0,0,0,0,0,0,0
ravi,0,0,0,0,0,0,0,0,0,0
hankala,1,0,0,1,0,1,0,0,0,0
kaukalo,0,0,0,0,0,0,0,0,0,0
seurue,0,0,0,0,0,0,0,0,0,0
housut,0,0,0,0,0,0,0,0,0,0
taimen,0,0,0,0,0,0,0,0,0,0
lastalla,0,0,0,0,0,0,0,0,0,0
aselepo,0,0,0,0,1,0,1,0,0,1
kuorma-auto,0,0,0,0,0,0,0,0,0,1
totta,0,0,0,0,1,0,1,0,0,1
totuus,0,0,0,0,0,0,0,0,0,0
valtti,0,0,0,0,0,0,0,0,1,0
trumpetti,0,0,0,0,0,1,0,0,0,0
trumpetisti,0,0,0,0,0,0,0,0,0,0
katkaista,0,0,0,0,0,0,0,0,0,0
katkaistu,0,0,0,0,0,0,0,0,0,0
vyöryä,0,0,0,0,0,0,0,0,0,0
runko,0,0,0,0,0,0,0,0,0,0
ristikko,0,0,0,0,0,0,0,0,0,1
luottamus,0,0,0,0,0,0,0,0,0,1
toimitsijamies,0,0,0,0,0,0,0,0,0,1
luotettava,0,0,0,0,0,0,1,0,0,0
totuus,0,0,0,0,0,0,1,0,0,1
totuudenmukaista,0,0,0,0,0,0,0,0,0,1
totuudenmukaisuus,0,0,0,0,0,0,1,0,0,1
kokeilla,0,0,0,0,0,0,0,0,0,0
amme,0,0,0,0,0,0,0,0,0,0
putki,0,0,0,0,0,0,0,0,0,0
putkimainen,0,0,0,0,0,0,0,0,0,0
tubulus,0,0,0,0,0,0,0,0,0,0
työntää,0,0,0,0,0,0,0,0,0,0
tucker,0,0,0,0,0,0,0,0,0,0
tuftainen,0,0,0,0,0,0,0,0,0,0
hinaaja,0,0,0,0,0,0,0,0,0,0
opetusta,0,0,0,0,0,0,0,0,0,0
tulppaani,0,0,0,0,0,0,0,0,0,0
romahtaa,0,0,0,0,0,1,0,0,0,0
juomalasi,0,0,0,0,0,0,0,0,0,0
kasvain,0,0,0,1,0,1,0,0,0,0
kasvain,0,0,0,1,0,1,0,1,0,0
melua,1,0,0,1,0,1,0,0,1,0
myrskyisä,1,0,0,1,0,1,0,0,0,0
tun,0,0,0,0,0,0,0,0,0,0
tonnikala,0,0,0,0,0,0,0,0,0,0
viritettävä,0,0,0,0,0,0,0,0,0,0
virittää,0,0,0,0,0,0,0,0,0,0
tunika,0,0,0,0,0,0,0,0,0,0
viritystä,0,0,0,0,0,0,0,0,0,0
tunneli,0,0,0,0,0,0,0,0,0,0
turbaani,0,0,0,0,0,0,0,0,0,0
sameus,0,0,0,0,0,0,0,0,0,0
turbiini,0,0,0,0,0,0,0,0,0,0
turbulenssi,1,0,0,1,0,1,0,0,0,0
myrskyisä,0,0,0,1,0,1,0,0,0,0
turvetta,0,0,0,0,0,0,0,0,0,0
kurkuma,0,0,0,0,0,0,0,0,0,0
myllerrystä,1,0,0,1,0,1,0,1,0,0
vuoro,0,0,0,0,0,0,0,0,0,0
kääntyminen,0,0,0,0,0,0,0,0,0,0
avaimet käteen -periaatteella,0,0,0,0,0,0,0,0,0,0
käänne,0,0,0,0,0,0,0,0,0,0
levysoitin,0,0,0,0,0,0,0,0,0,0
turkoosi,0,0,0,0,0,0,0,0,0,0
torni,0,0,0,0,0,0,0,0,0,0
villapaita,0,0,0,0,0,0,0,0,0,0
tappelu,1,0,0,0,0,0,0,0,0,0
holhous,0,0,0,0,0,0,1,0,0,1
tutor,0,0,0,0,0,0,1,0,0,0
nipistää,0,0,0,0,0,0,0,0,0,0
kahdestoista,0,0,0,0,0,0,0,0,0,0
kaksitoista,0,0,0,0,0,0,0,0,0,0
kahdeskymmenes,0,0,0,0,0,0,0,0,0,0
kaksikymmentä,0,0,0,0,0,0,0,0,0,0
oksa,0,0,0,0,0,0,0,0,0,0
iltahämärä,0,0,0,0,0,0,0,0,0,0
toimikas,0,0,0,0,0,0,0,0,0,0
kaksos,0,0,0,0,0,0,1,0,0,0
lanka,0,0,0,0,0,0,0,0,0,0
tuike,0,1,0,0,1,0,1,0,0,0
kaksoset,0,0,0,0,0,0,0,0,0,0
kierre,0,0,0,0,0,0,0,0,0,0
kierretty,0,0,0,0,0,0,0,0,0,0
nykiä,0,0,0,0,0,1,0,0,0,0
kaksinkertainen,0,0,0,0,0,0,0,0,0,0
pohatta,0,0,0,0,0,0,0,0,0,0
tyyppi,0,0,0,0,0,0,0,0,0,0
kirjoituskone,0,0,0,0,0,0,0,0,0,0
taifuuni,0,0,0,1,0,1,0,0,0,0
tyypillisesti,0,0,0,0,0,0,0,0,0,0
konekirjoittaja,0,0,0,0,0,0,0,0,0,0
typografia,0,0,0,0,0,0,0,0,0,0
tyrannimainen,1,0,1,1,0,1,0,0,0,0
tyrannia,0,0,0,1,0,1,0,1,0,0
tyranni,1,0,1,1,0,1,0,1,0,0
Rengas,0,0,0,0,0,0,0,0,0,0
kaikkialla,0,0,0,0,0,0,0,0,0,0
kaikkialla,0,0,0,0,0,0,0,0,0,0
rumuus,0,0,1,1,0,1,0,1,0,0
ruma,0,0,1,0,0,1,0,0,0,0
haavauma,1,0,1,1,0,1,0,1,0,0
takaperin,0,0,0,0,0,1,0,0,0,0
perimmäinen,0,1,0,0,0,0,0,1,0,0
lopulta,0,1,0,0,0,0,1,0,0,0
uhkavaatimus,1,0,0,1,0,1,0,0,0,0
ultimo,0,0,0,0,0,0,0,0,0,0
ultravioletti,0,0,0,0,0,0,0,0,0,0
navan,0,0,0,0,0,0,0,0,0,0
umbra,0,0,0,0,0,0,0,0,0,0
sateenvarjo,0,0,0,0,0,0,0,0,0,0
erotuomari,0,0,0,0,0,0,1,0,0,1
häpeämätön,0,0,0,0,0,0,0,0,0,0
lakkaamatta,0,0,0,0,0,0,0,0,0,0
ei pysty,0,0,0,0,0,1,0,1,0,0
mahdotonta hyväksyä,0,0,0,0,0,1,0,1,0,0
ilman huoltajaa,0,0,0,0,0,0,0,0,0,0
vastuuton,0,1,1,0,0,1,0,1,0,1
tunnustamatta,0,0,0,0,0,0,0,1,0,0
väärentämätön,0,0,0,0,0,0,0,0,0,0
ilman apua,0,0,0,0,0,0,0,0,0,0
muuttumattomana,0,0,0,0,0,0,0,0,0,0
yksiselitteinen,0,0,0,0,0,0,0,0,0,0
yksimielisyys,0,0,0,0,0,0,1,0,0,0
yksimielinen,0,0,0,0,0,0,1,0,0,0
yksimielisesti,0,0,0,0,0,0,0,0,0,0
odottamaton,0,0,0,0,0,0,0,0,1,0
hyväksymätön,0,0,0,0,0,1,0,0,0,0
aseeton,0,0,0,0,0,0,0,0,0,0
ilman apua,0,0,0,0,0,0,0,0,0,0
vaatimaton,0,0,0,0,0,0,1,0,0,0
kiinnittämätön,0,0,0,0,0,1,0,0,0,0
saavuttamaton,1,0,0,0,0,1,0,1,0,0
valvomatta,0,0,0,0,0,0,0,0,0,0
houkuttelematon,0,0,1,0,0,1,0,1,0,0
luvaton,0,0,0,0,0,1,0,0,0,0
väistämätön,0,0,0,0,0,1,0,0,0,0
tietämätön,0,0,0,0,0,1,0,0,0,0
epätasapainoinen,0,0,0,0,0,0,0,0,0,0
sietämätön,0,0,1,0,0,1,0,1,0,0
lyömätön,0,1,0,0,1,1,1,1,1,0
epäusko,0,0,0,0,0,1,0,0,0,0
uskomatonta,0,0,0,0,0,1,0,0,0,0
puolueeton,0,0,0,0,0,0,1,0,0,0
syntymätön,0,0,0,0,0,1,0,0,0,0
sitomaton,0,0,0,0,0,0,0,0,0,0
rajaton,0,0,0,0,0,0,0,0,0,0
rikkoutumaton,0,0,0,0,0,0,1,0,0,0
hillitön,1,1,0,1,0,1,1,0,1,0
katkeamaton,0,0,0,0,0,0,1,0,0,1
outoa,0,0,0,1,0,1,0,0,1,0
piittaamaton,1,0,1,0,0,1,0,1,0,0
epävarma,1,0,1,1,0,1,0,0,1,0
epävarmuus,0,0,0,0,0,0,0,0,0,0
kiistaton,0,0,0,0,0,0,0,0,0,0
muuttumaton,0,0,0,0,0,1,0,0,0,0
muuttumattomana,0,0,0,0,0,0,0,0,0,0
lunastamaton,0,0,0,0,0,0,0,0,0,0
setä,0,0,0,0,0,0,0,0,0,0
epäpuhdas,0,0,1,0,0,1,0,0,0,0
epämukavaa,0,0,0,0,0,1,0,0,0,0
harvinaista,0,0,0,0,0,0,0,0,0,0
harvinaista,0,0,0,0,0,0,0,0,0,0
tinkimätön,0,0,0,0,0,0,0,0,0,0
välinpitämätön,0,0,0,0,0,0,0,0,0,0
vahvistamaton,0,0,0,0,0,0,0,0,0,0
yhdistämätön,0,0,0,0,0,0,0,0,0,0
kohtuutonta,0,0,1,0,0,1,0,0,0,0
tajuton,0,0,0,0,0,1,0,0,0,0
tajuttomuus,0,0,0,0,0,0,0,0,0,0
perustuslain vastainen,0,0,0,0,0,1,0,0,0,0
rajoituksetta,0,0,0,0,1,0,1,0,0,0
kiistaton,0,0,0,0,0,0,0,0,0,0
hallitsematon,1,1,0,0,0,1,0,0,1,0
hallitsematon,0,0,0,0,0,1,0,0,0,0
epätavanomaista,0,0,0,0,0,0,0,0,0,0
vakuuttamaton,0,0,0,0,0,0,0,0,0,0
kypsentämätön,0,0,0,0,0,0,0,0,0,0
korreloimaton,0,0,0,0,0,0,0,0,0,0
paljastaa,0,0,0,0,0,0,0,0,1,0
kritiikitöntä,0,0,0,0,0,0,0,0,0,0
leikkaamaton,0,0,0,0,0,0,0,0,0,0
päättämätön,0,1,0,1,0,1,0,0,0,0
määrittelemätön,0,0,0,0,0,0,0,0,0,0
kiistaton,0,0,0,0,0,0,0,0,0,0
salainen,0,0,0,0,0,0,0,0,0,0
pohjavirta,0,0,0,0,0,0,0,0,0,0
aliarvioida,0,0,0,0,0,0,0,0,1,0
käydä läpi,0,0,0,0,0,0,0,0,0,0
perustutkinto,0,0,0,0,0,0,0,0,0,0
maanalainen,0,0,0,0,0,0,0,0,0,0
taustalla,0,0,0,0,0,0,0,0,0,0
korostaa,0,0,0,0,0,0,1,0,0,0
heikentynyt,0,0,0,0,0,1,0,0,0,0
pinnan alla,0,0,0,0,0,0,0,0,0,0
alipalkattu,1,0,0,0,0,1,0,1,0,0
alushousut,0,0,0,0,0,0,0,0,0,0
alaviiva,0,0,0,0,0,0,0,0,0,0
alamittaisia,0,0,0,0,0,1,0,0,0,0
ymmärtäminen,0,0,0,0,0,0,1,0,0,1
ymmärsi,0,0,0,0,0,0,0,0,0,0
sitoutua,0,0,0,0,0,0,0,0,0,0
hautausmies,0,0,0,0,0,0,0,1,0,0
yritys,0,1,0,0,0,0,0,0,0,0
puun alla,0,0,0,0,0,0,0,0,0,0
allekirjoittaa,0,0,0,0,0,0,1,0,0,1
vakuutuksenantaja,0,0,0,0,0,0,0,0,0,0
ansaitsematon,0,0,0,0,0,0,0,0,0,0
ei-toivottua,1,0,1,1,0,1,0,1,0,0
ei-toivottu,0,0,0,0,0,1,0,1,0,0
kehittymätön,0,0,0,0,0,0,0,0,0,0
ohjaamaton,0,0,0,0,0,0,0,0,0,0
julkistamaton,0,1,0,0,0,0,0,0,0,0
löytämättä,0,0,0,0,0,0,0,0,1,0
kiistaton,0,0,0,0,0,0,0,0,0,0
rauhassa,0,0,0,0,0,0,0,0,0,0
jakamaton,0,0,0,0,0,0,1,0,0,0
kumoa,0,0,0,0,0,1,0,0,0,0
kumoaminen,0,0,0,0,0,0,0,0,0,0
kiistaton,0,1,1,0,0,0,0,0,0,0
riisua,0,0,0,0,0,0,0,0,0,0
riisuttu,0,0,0,0,0,0,0,0,0,0
kohtuutonta,0,0,0,0,0,0,0,0,0,0
ikuinen,0,1,0,0,1,0,1,1,0,1
ansaitsematon,0,0,0,0,0,0,0,0,0,0
kaivaa esiin,0,0,0,0,0,0,0,0,0,0
levottomuutta,0,1,0,0,0,1,0,1,0,0
levoton,0,0,1,1,0,1,0,0,0,0
kouluttamaton,0,0,0,0,0,1,0,1,0,0
työttömänä,0,0,0,1,0,1,0,1,0,0
rasittamaton,0,0,0,0,0,0,0,0,0,0
päättymätön,0,0,0,0,0,0,0,0,0,0
epätasa-arvoinen,1,0,1,1,0,1,0,1,0,0
vertaansa vailla,0,0,0,0,0,0,0,0,0,0
yksiselitteinen,0,0,0,0,0,0,0,0,0,1
yksiselitteisesti,0,0,0,0,0,0,1,0,0,0
epätasainen,0,0,0,0,0,1,0,0,0,0
rauhallinen,0,0,0,0,0,0,0,0,0,0
odottamatonta,0,1,0,1,1,1,1,0,1,0
yllättäen,0,0,0,0,0,0,0,0,1,0
selittämätön,0,1,0,0,0,1,0,1,0,0
tutkimaton,0,0,0,0,0,0,0,0,0,0
epäonnistumaton,0,0,0,0,0,0,0,0,0,0
epäreilua,1,0,1,0,0,1,0,1,0,0
epäoikeudenmukaisuutta,1,0,0,0,0,1,0,1,0,0
uskoton,0,0,1,0,0,1,0,0,0,0
outo,0,0,0,0,0,0,0,0,0,0
epäsuotuisa,0,0,1,0,0,1,0,1,0,0
esteetön,0,0,0,0,0,0,0,0,0,0
keskeneräinen,0,0,0,0,0,1,0,0,0,0
järkähtämätön,0,0,0,0,0,0,0,0,0,0
avautua,0,1,0,0,0,0,1,0,0,0
odottamaton,0,0,0,0,0,0,0,0,1,0
anteeksiantamaton,1,0,0,0,0,1,0,1,0,0
onneton,0,0,0,0,0,1,0,1,0,0
epäystävällinen,1,0,1,1,0,1,0,1,0,0
täyttämättä,1,1,0,0,0,1,0,1,1,0
kalustamaton,0,0,0,0,0,1,0,0,0,0
jumalaton,0,0,0,0,0,1,0,1,0,0
kiittämätön,1,0,1,0,0,1,0,0,0,0
vartioimaton,0,0,0,0,0,0,0,0,1,0
epäonnea,0,0,0,0,0,1,0,1,0,0
onneton,1,0,1,0,0,1,0,1,0,0
vahingoittumattomina,0,0,0,0,0,0,0,0,0,0
epäterveellistä,0,0,1,1,0,1,0,1,0,0
esteettä,0,0,0,0,0,0,0,0,0,0
epäpyhä,0,0,0,1,0,1,0,0,0,0
yksisarvinen,0,0,0,0,0,0,0,0,0,0
yhdistäminen,0,1,0,0,1,0,1,0,0,1
yhtenäinen,0,0,0,0,0,0,0,0,0,0
yhtenäisyys,0,0,0,0,0,0,0,0,0,0
tasaisesti,0,0,0,0,0,0,1,0,0,0
mahdotonta kuvitella,0,0,0,0,0,1,1,0,1,0
merkityksetön,0,0,0,0,0,1,0,1,0,0
vaikuttumaton,0,0,0,0,0,1,0,0,0,0
parantamaton,0,0,0,0,0,1,0,0,0,0
tartunnan saamaton,0,0,0,0,0,0,1,0,0,0
tietämätön,0,0,0,0,0,1,0,0,0,0
asumaton,0,0,0,0,0,0,0,0,0,0
tietämätön,0,0,0,0,0,1,0,0,0,0
hengetön,0,0,0,0,0,1,0,1,0,0
käsittämätön,0,0,0,0,0,1,0,0,0,0
tahatonta,0,0,0,0,0,0,0,0,1,0
tahatonta,0,0,0,0,0,0,0,0,1,0
tahattomasti,0,0,0,0,0,1,0,0,1,0
kiinnostamaton,0,0,0,0,0,1,0,1,0,0
ei kiinnosta,0,0,0,0,0,1,0,1,0,0
keskeytyksettä,0,0,0,0,0,0,0,0,0,0
kutsumaton,0,0,0,0,0,0,0,1,0,0
liitto,0,0,0,0,0,0,0,0,0,0
ainutlaatuinen,0,0,0,0,0,0,1,0,1,0
Samanaikaisesti,0,0,0,0,0,0,1,0,0,0
yksikkö,0,0,0,0,0,0,0,0,0,0
yhtenäinen,0,0,0,0,0,0,1,0,0,0
yhdistää,0,0,0,0,0,0,0,0,0,0
yhtenäinen,0,0,0,0,0,0,1,0,0,1
yhtenäisyys,0,0,0,0,0,0,1,0,0,1
yleismaailmallinen,0,0,0,0,0,0,0,0,0,0
universaalisuus,0,0,0,0,0,0,0,0,0,0
universumi,0,0,0,0,0,0,0,0,0,0
yliopisto,0,1,0,0,0,0,1,0,0,0
epäoikeudenmukaista,1,0,0,0,0,1,0,0,0,0
perusteeton,1,0,1,1,0,1,0,0,0,0
perusteeton,0,0,0,0,0,1,0,0,0,0
epäystävällinen,1,0,1,1,0,1,0,1,0,0
tuntematon,0,0,0,0,0,0,0,0,0,0
tuntematon,0,1,0,1,0,1,0,0,0,0
laitonta,1,0,1,1,0,1,0,1,0,0
päästää valloilleen,0,0,0,0,0,0,0,0,0,0
lisensoimaton,0,0,0,0,0,1,0,0,0,0
toisin kuin,0,0,0,0,0,0,0,0,0,0
rajoittamaton,0,0,0,0,0,0,1,0,0,0
purkaa,0,0,0,0,0,0,0,0,0,0
purettu,0,0,0,0,0,0,0,0,0,0
avata,0,0,0,0,0,0,0,0,0,0
epäonninen,1,0,1,1,0,1,0,1,0,0
hallitsematon,0,0,1,0,0,1,0,0,0,0
merkitsemätön,0,0,0,0,0,0,0,0,0,0
naimaton,0,0,0,0,0,0,0,0,0,0
paljastaa,0,0,0,0,0,0,0,0,0,0
verraton,0,0,0,0,0,0,0,0,0,0
erehtymätön,0,0,0,0,0,0,0,0,0,0
täydellinen,0,0,0,0,0,0,0,0,0,0
liikkumaton,0,0,0,0,0,0,0,0,0,0
nimetön,0,0,0,0,0,0,0,0,0,0
luonnoton,0,0,1,1,0,1,0,0,0,0
tarpeeton,0,0,0,0,0,0,0,0,0,0
tarpeeton,0,0,0,0,0,0,0,0,0,0
huomaamatta,0,0,0,0,0,0,0,0,0,0
numeroimaton,0,0,0,0,0,0,0,0,0,0
huomaamatta,0,0,0,0,0,0,0,0,0,0
esteetön,0,0,0,0,0,0,0,0,0,0
huomaamaton,0,0,0,0,0,0,0,0,0,0
vapaana,0,0,0,0,0,0,0,0,0,0
epävirallinen,0,0,0,0,0,1,0,0,0,0
avaamaton,0,0,0,0,0,0,0,0,0,0
vastustamaton,0,0,0,0,0,0,0,0,0,0
tilaamaton,0,0,0,0,0,0,0,0,0,0
järjestämätön,0,0,0,0,0,0,0,0,0,0
epätavallinen,0,0,0,0,0,0,0,0,0,0
purkaa,0,0,0,0,0,0,0,0,0,0
palkaton,1,0,0,0,0,1,0,1,0,0
epämiellyttävä,0,0,1,0,0,1,0,1,0,0
epäsuosittu,0,0,1,0,0,1,0,1,0,0
ennennäkemätön,0,0,0,0,0,0,0,0,1,0
arvaamaton,0,0,0,0,0,1,0,0,1,0
valmistamaton,0,0,0,0,0,1,0,0,0,0
vaatimaton,0,0,0,0,0,0,1,0,0,0
tuottamaton,0,0,0,0,0,1,0,0,0,0
kannattamatonta,0,0,0,0,0,1,0,0,0,0
suojaamaton,0,0,0,0,0,1,0,0,0,0
todistamaton,0,0,0,0,0,0,0,0,0,0
julkaisematon,0,1,0,0,0,1,0,1,0,0
kiistaton,0,0,0,0,0,0,1,0,0,1
kiistatta,0,0,0,0,0,0,1,0,0,1
kiistaton,0,0,0,0,0,0,1,0,0,1
lukematon,0,0,0,0,0,0,0,0,0,0
epätodellinen,0,0,0,0,0,0,0,0,0,0
epärealistinen,0,0,0,0,0,0,0,0,0,0
tallentamaton,0,0,0,0,0,0,0,0,0,0
rekisteröimätön,0,0,0,0,0,0,0,0,0,0
sääntelemätön,0,0,0,0,0,0,0,0,0,0
ei liity toisiinsa,0,0,0,0,0,0,0,0,0,0
armoton,0,0,0,0,0,0,0,0,0,0
epäluotettava,0,0,0,0,0,1,0,0,0,1
katumaton,0,0,0,0,0,0,0,0,0,0
vastikkeetta,0,0,0,0,0,1,0,1,0,0
ratkaisematta,0,1,0,0,0,0,0,0,0,0
levottomuutta,0,0,0,1,0,0,0,1,0,0
hillitön,0,0,0,0,0,0,0,0,0,0
rajoituksetta,0,0,0,0,0,0,0,0,0,0
kuriton,1,0,1,1,0,1,0,0,0,0
turvaton,0,0,0,1,0,1,0,0,0,0
epätyydyttävä,0,0,1,0,0,1,0,0,0,0
tyytymätön,0,0,1,0,0,1,0,1,0,0
inhottava,0,0,0,0,0,1,0,0,0,0
vahingoittumattomana,0,0,0,0,0,0,1,0,0,0
epätieteellinen,0,0,0,0,0,0,0,0,0,0
häikäilemätön,0,0,0,0,0,1,0,0,0,0
panna viralta,0,0,0,0,0,0,0,1,0,0
näkymätön,0,0,0,0,0,0,0,0,0,0
epäitsekäs,0,0,0,0,0,0,1,0,0,0
epävakaa,1,0,1,1,0,1,0,0,0,0
ruma,0,0,1,0,0,1,0,0,0,0
koruton,0,0,0,0,0,1,0,0,0,0
sanoinkuvaamaton,0,0,0,1,0,1,0,0,0,0
määrittelemätön,0,0,0,0,0,0,0,0,0,0
epävakaa,0,0,0,1,0,1,0,0,1,0
epävakaa,0,0,0,1,0,0,0,0,0,0
epäonnistunut,0,0,0,0,0,1,0,1,0,0
sopimaton,0,0,0,0,0,1,0,0,0,0
laulamaton,0,0,0,0,0,1,0,0,0,0
ei tueta,0,0,0,0,0,1,0,0,0,0
ylittämätön,0,1,0,1,1,0,1,0,0,1
hyväuskoinen,0,0,0,0,0,0,0,0,1,0
kestämätön,0,0,0,0,0,1,0,0,0,0
makeuttamaton,0,0,0,0,0,0,0,0,0,0
epäsympaattinen,1,0,0,0,0,1,0,0,0,0
kesyttämätön,0,0,0,0,0,1,0,0,0,0
kestämätön,0,0,0,0,0,1,0,0,0,0
testaamaton,0,0,0,0,0,0,0,0,0,0
mahdotonta ajatella,1,0,1,1,0,1,0,0,0,0
epäsiisti,0,0,1,0,0,1,0,0,0,0
irrottaa,0,0,0,0,1,1,1,0,0,0
ennenaikainen,0,0,0,0,0,1,0,0,0,0
nimetön,0,0,0,0,0,1,0,1,0,0
sanomaton,0,1,0,0,0,1,0,0,0,0
koskematon,0,0,0,0,0,0,0,0,0,0
epäsuotuisa,1,0,1,0,0,1,0,0,0,0
kouluttamaton,0,0,0,0,0,1,0,0,0,0
kääntämätön,0,0,0,0,0,0,0,0,0,0
ei totta,0,0,0,0,0,1,0,0,0,0
epäluotettava,1,0,0,0,0,1,0,0,0,0
käyttämätön,0,0,0,0,0,0,0,0,0,0
epätavallinen,0,0,0,0,0,0,0,0,0,0
epätavallisen,0,0,0,0,0,0,0,0,0,0
paljastaa,0,0,0,0,0,0,0,0,0,0
paljastaminen,0,0,0,0,0,0,0,0,0,0
vahvistamaton,0,1,0,0,0,0,0,0,0,0
perusteeton,0,0,0,0,0,1,0,0,0,0
varomaton,0,0,0,0,0,0,0,0,0,0
pesemätön,0,0,1,0,0,1,0,0,0,0
horjumaton,0,0,0,0,0,0,1,0,0,1
ei tervetullut,0,0,0,0,0,1,0,1,0,0
huonovointinen,0,0,0,0,0,1,0,1,0,0
haluton,0,0,0,0,0,0,0,0,0,0
tahtomattaan,0,0,0,0,0,0,0,0,0,0
haluttomuutta,0,0,0,0,0,1,0,0,0,0
rentoutua,0,0,0,0,0,0,0,0,0,0
viisasta,0,0,0,0,0,1,0,0,0,0
tietämättään,0,0,0,0,0,1,0,0,0,0
tietämättään,0,0,0,0,0,0,0,0,0,0
arvoton,0,0,1,0,0,1,0,0,0,0
kirjoittamaton,0,0,0,0,0,0,0,0,0,0
periksiantamaton,0,0,0,0,0,1,0,0,0,0
mullistus,1,0,0,1,0,1,0,1,0,0
ylämäkeen,0,1,0,1,0,1,1,0,0,0
verhoilu,0,0,0,0,0,0,0,0,0,0
ylänkö,0,0,0,0,0,0,0,0,0,0
ylängöt,0,0,0,0,0,0,0,0,0,0
kohottaa,0,1,0,0,1,0,1,0,0,1
ylempi,0,0,0,0,0,0,0,0,0,0
pystyssä,0,0,0,0,0,0,1,0,0,1
kapina,1,1,0,1,0,1,0,0,0,0
meteli,0,0,0,0,0,1,0,0,0,0
poissa tolaltaan,1,0,0,0,0,1,0,1,0,0
lopputulos,0,0,0,0,0,0,0,0,0,0
yläkerrassa,0,0,0,0,0,0,0,0,0,0
nousukas,0,0,0,0,0,0,0,0,0,0
ylöspäin,0,0,0,0,0,0,0,0,0,0
uraani,0,0,0,0,0,0,0,0,0,0
kaupunkilainen,0,0,0,0,0,0,0,0,0,0
siili,0,0,0,0,0,1,0,0,0,0
halu,0,0,0,0,0,0,0,0,0,0
kiireellisyys,0,1,0,1,0,0,0,0,1,0
kiireellinen,0,1,0,1,0,1,0,0,1,0
virtsan analyysi,0,0,0,0,0,0,0,0,0,0
uurna,0,0,0,0,0,0,0,1,0,0
käyttö,0,0,0,0,0,0,0,0,0,0
hyödyllisesti,0,0,0,0,0,0,0,0,0,0
hyödyllisyys,0,0,0,0,0,0,1,0,0,0
hyödytön,0,0,0,0,0,1,0,0,0,0
vahtimestari,0,0,0,0,0,0,1,0,0,1
tavallinen,0,0,0,0,0,0,1,0,0,1
anastaa,1,0,0,0,0,1,0,0,0,0
anastettu,1,0,0,1,0,1,0,0,0,0
koronkiskontaa,0,0,0,0,0,1,0,0,0,0
väline,0,0,0,0,0,0,0,0,0,0
utilitaristinen,0,0,0,0,0,0,0,0,0,0
apuohjelma,0,0,0,0,0,0,1,0,0,0
käyttö,0,0,0,0,0,0,0,0,0,0
käyttää,0,0,0,0,0,0,0,0,0,0
äärimmäisen,0,0,0,0,0,0,0,0,0,0
utopistinen,0,1,0,0,1,0,1,0,0,1
lausunnon,0,0,0,0,0,0,0,0,0,0
täysin,0,0,0,0,0,0,0,0,0,0
avoin työpaikka,0,0,0,0,0,1,0,0,0,0
loma,0,1,0,0,1,0,1,0,0,0
rokotus,0,0,0,0,0,0,0,0,0,0
rokote,0,0,0,0,0,0,1,0,0,0
vacuolaarinen,0,0,0,0,0,0,0,0,0,0
tyhjiö,0,0,0,0,0,0,0,0,0,0
tyhjiä,0,0,1,0,0,1,0,0,0,0
tyhjiö,0,0,0,0,0,0,0,0,0,0
epämääräinen,0,0,0,0,0,1,0,0,0,0
epämääräisyyttä,0,0,0,0,0,1,0,0,0,0
turhaan,0,0,1,0,0,1,0,1,0,0
helma,0,0,0,0,0,0,0,0,0,0
vale,0,0,0,0,0,0,0,0,0,0
miespalvelija,0,0,0,0,0,0,0,0,0,0
rohkea,0,0,0,0,0,0,1,0,0,0
pätevyyttä,0,0,0,1,0,0,0,0,0,0
laaksoon,0,0,0,0,0,0,0,0,0,0
rohkeutta,0,0,0,0,0,0,1,0,0,1
arvokasta,0,0,0,0,0,0,1,0,0,0
arvostus,0,0,0,0,0,0,0,0,0,0
venttiili,0,0,0,0,0,0,0,0,0,0
vamppi,0,0,0,0,0,0,0,0,0,0
vampyyri,1,0,1,1,0,1,0,0,0,0
pakettiauto,0,0,0,0,0,0,0,0,0,0
siipi,0,0,0,0,0,0,0,0,0,0
etujoukko,0,0,0,0,0,0,1,0,0,0
vanilja,0,0,0,0,0,0,0,0,0,0
kadota,0,0,0,0,0,0,0,0,1,0
katosi,0,0,0,1,0,1,0,1,1,0
turhamaisuus,0,0,0,0,0,1,0,0,0,0
voittaa,0,0,0,0,0,0,1,0,0,0
höyryä,0,0,0,0,0,0,0,0,0,0
vara,0,0,0,0,0,0,0,0,0,0
muuttuja,0,0,0,0,0,0,0,0,1,0
varianssi,0,0,0,0,0,0,0,0,0,0
vaihtelua,0,0,0,0,0,0,0,0,0,0
muunnelmat,0,0,0,0,0,0,0,0,0,0
vesirokko,0,0,1,1,0,1,0,1,0,0
suonikohju,0,0,0,0,0,1,0,0,0,0
vaihteleva,0,0,0,0,0,0,0,0,0,0
kirjava,0,0,0,0,0,0,0,0,0,0
lajike,0,0,0,0,0,0,0,0,0,0
vaihdella,0,0,0,0,0,0,0,0,0,0
verisuoni,0,0,0,0,0,0,0,0,0,0
maljakko,0,0,0,0,0,0,0,0,0,0
laaja,0,0,0,0,0,0,0,0,0,0
arvonlisävero,0,0,0,0,0,0,0,0,0,0
vaudeville,0,0,0,0,0,0,0,0,0,0
holvi,0,0,0,0,0,0,0,0,0,0
holvattu,0,0,0,0,0,0,0,0,0,0
huima,0,0,0,0,0,0,0,0,0,0
vasikanliha,0,0,0,0,0,0,0,1,0,1
vektori,0,0,0,0,0,0,0,0,0,0
kääntyä,0,0,0,1,0,0,0,0,1,0
vega,0,0,0,0,0,0,0,0,0,0
kasvis,0,0,0,0,0,0,0,0,0,0
kasvissyöjä,0,0,0,0,0,0,0,0,0,0
vegetarismi,0,0,0,0,0,0,0,0,0,0
kasvillisuus,0,0,0,0,0,0,0,0,0,0
kasvullinen,0,0,1,0,0,1,0,1,0,0
kiihkeä,1,0,0,1,0,1,0,0,0,0
ajoneuvoa,0,0,0,0,0,0,0,0,0,0
verho,0,0,0,0,0,0,0,0,0,0
verhottu,0,0,0,0,0,0,0,0,0,0
suonen,0,0,0,0,0,0,0,0,0,0
suonikas,0,0,0,0,0,0,0,0,0,0
silopaperi,0,0,0,0,0,0,0,0,0,0
nopeus,0,0,0,0,0,0,0,0,0,0
veluuri,0,0,0,0,0,0,0,0,0,0
sametti,0,0,0,0,0,0,1,0,0,0
samettinen,0,0,0,0,0,0,1,0,0,0
laskimo,0,0,0,0,0,0,0,0,0,0
kosto,1,0,0,1,0,1,0,1,0,0
myyjä,0,0,0,0,0,0,0,0,0,0
viilu,0,0,0,0,0,0,0,0,0,0
kunnioitettava,0,1,0,0,1,0,1,0,0,1
kunnioitusta,0,0,0,0,0,0,1,0,0,0
kosto,1,0,0,0,0,1,0,0,0,0
kostonhimoinen,1,0,0,1,0,1,0,0,0,0
hirvenlihaa,0,0,0,0,0,0,0,0,0,0
myrkky,1,0,1,1,0,1,0,0,0,0
myrkyllinen,1,0,1,1,0,1,0,0,0,0
laskimo,0,0,0,0,0,0,0,0,0,0
tuuletus,1,0,0,0,0,0,0,0,0,0
ilmanvaihto,0,0,0,0,0,0,0,0,0,0
tuuletin,0,0,0,0,0,0,0,0,0,0
kammio,0,0,0,0,0,0,0,0,0,0
kammio,0,0,0,0,0,0,0,0,0,0
yritys,0,0,0,0,0,0,0,0,0,0
paikka,0,0,0,0,0,0,0,0,0,0
totuudenmukaisuus,0,1,0,0,1,0,1,0,1,1
kuisti,0,0,0,0,0,0,0,0,0,0
sanallinen,0,0,0,0,0,0,0,0,0,0
sanatarkasti,0,0,0,0,0,0,0,0,0,0
sanankäyttöä,0,0,0,0,0,0,0,0,0,0
monisanainen,0,0,0,0,0,0,0,0,0,0
monisanaisuus,0,0,0,0,0,1,0,0,0,0
vehreä,0,0,0,0,0,0,1,0,0,0
tuomio,0,0,0,1,0,0,0,0,0,0
partaalla,0,1,0,1,0,1,0,0,0,0
todentaminen,0,0,0,0,0,0,1,0,0,1
vahvistettu,0,0,0,0,0,0,1,0,0,1
vahvistaa,0,0,0,0,0,0,0,0,0,0
totisesti,0,0,0,0,0,0,1,0,0,1
todellinen,0,0,0,0,0,0,1,0,0,0
syöpäläiset,1,0,1,1,0,1,0,0,0,0
kansankielinen,0,0,0,0,0,0,0,0,0,0
keväinen,0,0,0,0,1,0,1,0,0,0
veronika,0,0,0,0,0,0,0,0,0,0
monipuolinen,0,0,0,0,0,0,0,0,0,0
monipuolisuus,0,0,0,0,0,0,0,0,0,0
jae,0,0,0,0,0,0,0,0,0,0
versio,0,0,0,0,0,0,0,0,0,0
vastaan,1,0,0,0,0,1,0,0,0,0
vert,0,0,0,0,0,0,0,0,0,0
nikama,0,0,0,0,0,0,0,0,0,0
nikama,0,0,0,0,0,0,0,0,0,0
kärkipiste,0,0,0,0,0,0,0,0,0,0
pystysuora,0,0,0,0,0,0,0,0,0,0
pystysuoraan,0,0,0,0,0,0,0,0,0,0
huimaus,0,0,0,1,0,1,0,0,0,0
verve,0,0,0,0,0,0,1,0,0,0
rakkula,0,0,0,0,0,0,0,0,0,0
vesikulaarinen,0,0,1,0,0,0,0,0,0,0
alus,0,0,0,0,0,0,0,0,0,0
liivi,0,0,0,0,0,0,0,0,0,0
varattu,0,0,0,0,0,0,0,0,0,0
eteinen,0,0,0,0,0,0,0,0,0,0
jäänne,0,0,0,0,0,0,0,0,0,0
vet,0,0,0,0,0,0,0,0,0,0
veteraani-,0,0,0,0,0,0,1,0,0,1
eläinlääkäri,0,0,0,0,0,0,0,0,0,0
veto,1,0,0,0,0,1,0,0,0,0
elinkelpoisuutta,0,0,0,0,0,0,0,0,0,0
elinkelpoinen,0,0,0,0,0,0,0,0,0,0
maasilta,0,0,0,0,0,0,0,0,0,0
injektiopullo,0,0,0,0,0,0,0,0,0,0
värisemään,0,0,0,0,0,0,0,0,0,0
tärinää,0,0,0,0,0,0,0,0,0,0
värisevä,0,0,0,0,0,0,0,0,0,0
kirkkoherra,0,0,0,0,0,0,1,0,0,1
sijainen,0,0,0,0,0,0,0,0,0,0
pahe,0,0,0,0,0,1,0,0,0,0
läheisyyteen,0,0,0,0,0,0,0,0,0,0
ilkeä,1,0,1,0,0,1,0,0,0,0
uhri,1,0,0,1,0,1,0,1,0,0
uhriksi joutunut,1,0,1,1,0,1,0,1,1,0
voittaja,0,0,0,0,1,0,1,0,0,0
victoria,0,0,0,0,0,0,0,0,0,0
voittaja,0,0,0,0,1,0,1,0,0,0
voitto,0,1,0,0,1,0,1,0,0,1
videonauha,0,0,0,0,0,0,0,0,0,0
vie,0,0,0,0,0,0,0,0,0,0
näkymä,0,0,0,0,0,0,0,0,0,0
valppaus,0,1,0,0,0,0,0,0,0,0
valppautta,0,1,0,0,0,0,1,0,0,1
valppaana,0,0,0,1,0,0,1,0,0,1
vinjetti,0,0,0,0,0,0,0,0,0,0
elinvoimaa,0,0,0,0,0,0,1,0,0,0
voimakas,0,0,0,0,0,0,1,0,0,1
viikinki,0,0,0,0,0,0,0,0,0,0
huvila,0,0,0,0,0,0,0,0,0,0
kylä,0,0,0,0,0,0,0,0,0,0
kyläläinen,0,0,0,0,0,0,1,0,0,1
konna,0,0,0,1,0,1,0,0,0,0
häijy,1,0,1,1,0,1,0,0,0,0
vinaigrette,0,0,0,0,0,0,0,0,0,0
puolustaa,1,0,0,0,0,0,0,0,0,0
todistettu,0,0,0,0,0,0,1,0,0,0
puolustus,0,1,0,0,1,0,1,0,0,1
kostonhimoinen,1,0,1,0,0,1,0,0,0,0
etikka,0,0,0,0,0,0,0,0,0,0
viinitarha,0,0,0,0,0,0,0,0,0,0
viola,0,0,0,0,0,0,0,0,0,0
rikkominen,1,0,0,1,0,1,0,1,1,0
väkivaltaa,1,0,0,1,0,1,0,1,0,0
väkivaltainen,1,0,1,1,0,1,0,0,1,0
väkivaltaisesti,1,0,1,1,0,1,0,1,0,0
violetti,0,0,0,0,0,0,0,0,0,0
viulu,0,0,0,0,0,0,0,0,0,0
viulisti,0,0,0,0,0,0,0,0,0,0
kyykäärme,0,0,0,1,0,1,0,0,0,0
Neitsyt,0,0,0,0,0,0,1,0,0,1
neitsyys,0,1,0,0,0,0,1,0,0,0
virologia,0,0,0,0,0,0,0,0,0,0
virtuaalinen,0,0,0,0,0,0,0,0,0,0
käytännössä,0,0,0,0,0,0,0,0,0,0
hyve,0,0,0,0,0,0,1,0,0,1
virtuoosi,0,0,0,0,0,0,0,0,0,0
hyveellinen,0,0,0,0,1,0,1,0,0,1
virulenssi,1,0,0,1,0,1,0,0,0,0
virus,0,0,0,0,0,1,0,0,0,0
Visa,0,0,0,0,0,0,0,0,0,0
kasvot,0,0,0,0,0,0,0,0,0,0
viskositeetti,0,0,0,0,0,0,0,0,0,0
viskoosi,0,0,0,0,0,0,0,0,0,0
ruuvipuristin,0,0,0,0,0,0,0,0,0,0
näkyvyys,0,0,0,0,0,0,0,0,0,0
näkyvissä,0,0,0,0,0,0,0,0,0,0
selvästi,0,0,0,0,0,0,0,0,0,0
näkemys,0,1,0,0,0,0,1,0,0,0
näkijä,0,1,0,0,1,0,1,0,0,1
vierailla,0,0,0,0,0,0,1,0,0,0
vierailu,0,0,0,0,0,1,0,0,0,0
vierailemassa,0,0,0,0,0,0,0,0,0,0
vierailija,0,1,0,0,1,0,1,0,0,0
visiiri,0,1,0,0,0,0,0,0,1,0
näköala,0,0,0,0,0,0,0,0,0,0
visuaalinen,0,0,0,0,0,0,0,0,0,0
visualisoida,0,0,0,0,0,0,0,0,0,0
elintärkeä,0,0,0,0,0,0,1,0,0,0
elinvoimaa,0,0,0,0,1,0,1,0,0,1
lasimainen,0,0,0,0,0,0,0,0,0,0
pirteä,0,0,0,0,1,0,1,0,0,0
eloisa,0,0,0,0,1,0,1,0,0,0
vixen,0,0,0,0,0,1,0,0,0,0
sanastoa,0,0,0,0,0,0,1,0,0,0
laulu-,0,0,0,0,0,0,0,0,0,0
laulaja,0,0,0,0,0,0,0,0,0,0
kutsumus,0,0,0,0,0,0,0,0,0,0
muodissa,0,0,0,0,0,0,0,0,0,0
ääni,0,0,0,0,0,0,0,0,0,0
soinniton,0,0,0,0,0,0,0,0,0,0
mitätön,0,0,0,0,0,0,0,0,0,0
volatiliteetti,1,1,0,1,0,1,0,0,1,0
tulivuoren,0,0,0,0,0,0,0,0,0,0
tulivuori,0,0,0,1,0,1,0,0,1,0
tahtoa,0,0,0,0,0,0,0,0,0,0
lentopallo,0,0,0,0,0,0,0,0,0,0
volttimittari,0,0,0,0,0,0,0,0,0,0
äänenvoimakkuutta,0,0,0,0,0,0,0,0,0,0
tilavia,0,0,0,0,0,0,0,0,0,0
vapaaehtoisesti,0,0,0,0,0,0,0,0,0,0
vapaaehtoista,0,0,0,0,0,0,0,0,0,0
vapaaehtoisena,0,1,0,1,1,0,1,0,0,1
vapaaehtoistyötä,0,0,0,0,0,0,0,0,0,0
vapaaehtoisia,0,0,0,0,0,0,0,0,0,1
uhkea,0,1,0,0,1,0,1,0,0,0
oksentaa,0,0,1,0,0,0,0,0,0,0
oksentelua,0,0,0,0,0,1,0,0,0,0
voodoo,0,0,0,0,0,1,0,0,0,0
kyltymätön,0,0,0,0,0,0,0,0,0,0
pyörre,0,0,0,0,0,0,0,0,0,0
äänestys,1,1,0,0,1,1,1,1,1,1
äänestäminen,0,0,0,0,0,0,0,0,0,0
votiivi,0,0,0,0,0,0,0,0,0,1
taata,0,0,0,0,0,0,1,0,0,1
kuponki,0,0,0,0,0,0,0,0,0,1
lupaus,0,1,0,0,1,0,1,0,0,1
vokaali,0,0,0,0,0,0,0,0,0,0
matkaa,0,1,0,0,0,0,0,0,0,0
matkailija,0,0,0,0,0,0,0,0,0,0
mautonta,0,0,1,0,0,1,0,0,0,0
mauttomuus,1,0,1,0,0,1,0,1,0,0
haavoittuvuus,0,0,0,1,0,1,0,1,0,0
haavoittuvainen,0,0,0,0,0,0,0,0,0,0
korppikotka,0,0,1,1,0,1,0,0,0,0
wad,0,0,0,0,0,0,0,0,0,0
kahlata,0,0,0,0,0,0,0,0,0,0
vohveli,0,0,0,0,0,0,0,0,0,0
höpöttää,1,0,0,0,0,1,0,1,0,0
heiluttaa,0,0,0,0,0,0,0,0,0,0
lyödä vetoa,0,0,0,0,0,0,0,0,0,0
palkat,0,0,0,0,1,0,1,0,0,0
vaunu,0,0,0,0,0,0,0,0,0,0
itku,0,0,0,1,0,1,0,1,0,0
vyötärö,0,0,0,0,0,0,0,0,0,0
liivit,0,0,0,0,0,0,0,0,0,0
odota,0,1,0,0,0,1,0,0,0,0
Tarjoilija,0,0,0,0,0,0,0,0,0,0
odottaa,0,0,0,0,0,0,0,0,0,0
luopua,0,0,0,0,0,0,0,0,0,0
herätä,0,0,0,0,0,0,0,0,0,0
kävellä,0,0,0,0,0,0,0,0,0,0
kävelijä,0,0,0,0,0,0,0,0,0,0
seinään,0,0,0,0,0,0,0,0,0,0
lompakko,0,0,0,0,0,0,0,0,0,0
rypeä,0,0,1,0,0,1,0,1,0,0
pähkinä,0,0,0,0,0,0,0,0,0,0
valssi,0,0,0,0,0,0,0,0,0,0
wan,0,0,0,1,0,1,0,1,0,0
sauva,0,0,0,0,0,0,0,0,0,0
vaeltaa,0,0,0,0,0,0,0,0,0,0
vaeltaja,0,0,0,0,0,0,0,0,0,0
vaeltava,0,0,0,0,0,0,0,0,0,0
hiipua,0,0,0,0,0,1,0,1,0,0
hiipumassa,0,0,0,0,0,0,0,0,0,0
haluavat,0,0,0,0,0,1,0,1,0,0
sota,0,0,0,1,0,1,0,0,0,0
koura,0,0,0,0,0,0,0,0,0,0
osastolla,0,0,0,0,0,0,0,0,0,0
vartija,1,0,0,1,0,1,0,0,0,1
vaatekaappi,0,0,0,0,0,0,0,0,0,0
tavarat,0,0,0,1,0,1,0,0,0,0
varasto,0,0,0,0,0,0,0,0,0,0
sodankäynti,1,0,0,1,0,1,0,1,0,0
sotaisa,1,0,0,1,0,1,0,0,0,0
velho,0,0,0,1,0,0,0,0,0,0
lämpeneminen,0,0,0,0,0,0,0,0,0,0
varoittaa,0,1,0,1,0,1,0,0,1,1
varoitti,0,1,0,1,0,0,0,0,1,0
Varoitus,0,0,0,1,0,0,0,0,0,0
loimi,1,0,0,0,0,1,0,1,0,0
vääntynyt,0,0,0,0,0,1,0,0,0,0
lupa,0,0,0,0,0,0,0,0,0,0
perusteltua,0,0,0,0,0,0,0,0,0,0
takuut,0,0,0,0,0,0,0,0,0,0
takuu,0,0,0,0,0,0,1,0,0,1
warren,0,0,0,0,0,0,0,0,0,0
soturi,1,0,0,1,0,0,1,0,0,0
syylä,0,0,1,0,0,1,0,0,0,0
varovainen,0,0,0,1,0,0,0,0,0,0
pestä,0,0,0,0,0,0,0,0,0,0
pesu,0,0,0,0,0,0,0,0,0,0
huuhtelu,0,0,0,0,0,0,0,0,0,0
ampiainen,0,0,0,0,0,0,0,0,0,0
jätettä,0,0,1,0,0,1,0,0,0,0
hukkaan,1,0,1,0,0,1,0,0,0,0
tuhlaava,1,0,1,0,0,1,0,1,0,0
tuhlaamista,0,0,1,1,0,1,0,1,0,0
katsella,0,1,0,1,0,0,0,0,0,0
vahtikoira,0,0,0,0,0,0,1,0,0,1
tarkkaavainen,0,0,0,0,0,0,1,0,0,1
vartija,0,0,0,0,0,0,1,0,0,1
vettä,0,0,0,0,0,0,0,0,0,0
vesistö,0,0,0,0,0,0,0,0,0,0
kastellaan,0,0,0,0,0,0,0,0,0,0
vedenkestävä,0,0,0,0,0,0,1,0,0,0
vesilaitokset,0,0,0,0,0,0,0,0,0,0
vetistä,0,0,0,0,0,1,0,0,0,0
Aalto,0,0,0,0,0,0,0,0,0,0
horjua,0,0,0,1,0,1,0,0,0,0
horjuu,0,0,0,0,0,0,0,0,0,0
aallot,0,0,0,0,0,0,0,0,0,0
aaltoileva,0,0,0,0,0,0,0,0,0,0
vaha,0,0,0,0,0,0,0,0,0,0
vahamainen,0,0,0,0,0,0,0,0,0,0
tavoilla,0,0,0,0,0,0,0,0,0,0
itsepäinen,0,0,0,0,0,0,0,0,0,0
heikentynyt,0,0,0,0,0,1,0,0,0,0
heikosti,0,0,0,1,0,1,0,1,0,0
heikkous,0,0,0,0,0,1,0,0,0,0
varallisuus,0,0,0,0,1,0,1,0,0,1
varakas,0,0,0,0,0,0,0,0,0,0
ase,0,0,0,0,0,0,0,0,0,0
pitää päällä,0,0,0,0,0,1,0,0,0,1
väsynyt,0,0,0,0,0,1,0,1,0,0
väsymys,0,0,0,0,0,1,0,1,0,0
yllään,0,0,0,0,0,0,0,0,0,0
väsynyt,0,0,0,0,0,1,0,1,0,0
sää,0,0,0,0,0,0,0,0,0,0
haalistua,0,0,0,0,0,0,0,0,0,0
säänkestävä,0,0,0,0,0,0,1,0,0,0
kutoa,0,0,0,0,0,0,0,0,0,0
web,0,0,0,0,0,0,0,0,0,0
ke,0,0,0,0,0,0,0,0,0,0
naimisissa,0,0,0,0,0,0,0,0,0,0
kiila,0,0,0,0,0,0,0,0,0,0
pissata,0,0,0,0,0,0,0,0,0,0
rikkaruohot,0,0,0,0,0,0,0,0,0,0
kitkeminen,0,0,0,0,0,0,0,0,0,0
rikkaruohot,0,0,0,0,0,1,0,1,0,0
rikkaruohon peittämä,0,0,0,0,0,0,0,0,0,0
viikko,0,0,0,0,0,0,0,0,0,0
viikoittain,0,0,0,0,0,0,0,0,0,0
itkeä,0,0,0,0,0,1,0,1,0,0
itkien,0,0,0,0,0,0,0,1,0,0
punnita,0,1,0,0,0,0,0,0,0,1
punnitus,0,0,0,0,0,0,0,0,0,0
paino,0,1,1,1,1,1,1,1,1,1
painoton,0,0,0,0,0,0,0,0,0,0
painot,0,0,0,0,0,0,0,0,0,0
painava,0,0,0,1,0,0,0,0,0,0
pado,0,0,0,0,0,0,0,0,0,0
outo,0,0,1,0,0,1,0,0,0,0
outo,0,0,0,1,0,1,0,0,0,0
tervetulleita,0,0,0,0,1,0,1,0,0,0
hitsaus sauma,0,0,0,0,0,0,0,0,0,0
hyvinvointia,0,0,0,0,0,0,0,0,0,0
kaivonpää,0,0,0,0,0,0,0,0,0,0
welt,0,0,0,0,0,0,0,0,0,0
wen,0,0,0,0,0,1,0,0,0,0
narttu,1,0,1,0,0,1,0,0,0,0
Läntinen,0,0,0,0,0,0,0,0,0,0
märkä,0,0,0,0,0,0,0,0,0,0
läimäyttää,0,0,0,0,0,1,0,0,0,0
valas,0,0,0,0,0,0,0,0,0,0
wham,0,0,0,0,0,0,0,0,0,0
laituri,0,0,0,0,0,0,0,0,0,0
mitä tahansa,0,0,0,0,0,0,0,0,0,0
pyörä,0,0,0,0,0,0,0,0,0,0
pyörät,0,0,0,0,0,0,0,0,0,0
olinpaikasta,0,0,0,0,0,0,0,0,0,0
minkä vuoksi,0,0,0,0,0,0,0,0,0,0
millä,0,0,0,0,0,0,0,0,0,0
mistä,0,0,0,0,0,0,0,0,0,0
teroittaa,0,0,0,0,0,0,0,0,0,0
tuulahdus,0,0,0,0,0,0,0,0,0,0
kun taas,0,0,0,0,0,0,0,0,0,0
päähänpisto,0,1,0,0,1,1,0,0,1,0
ulista,0,0,0,1,0,0,0,1,0,0
hassu,0,0,0,0,1,0,0,0,0,0
hassua,0,0,0,0,0,0,0,0,0,0
kitistä,0,0,1,0,0,1,0,1,0,0
ruoska,1,0,0,0,0,1,0,0,0,0
pyörre,0,0,0,0,0,0,0,0,0,0
poreallas,0,0,0,1,0,0,0,0,0,0
pyörteistä,0,0,0,1,0,1,0,0,0,0
vispilä,0,0,0,0,0,0,0,0,0,0
viiksi,0,0,0,0,0,0,0,0,0,0
viski,0,0,0,0,0,1,0,0,0,0
kuiskaus,0,0,0,0,0,0,0,0,0,0
kuiskasi,0,0,0,0,0,0,0,0,0,0
pilli,0,0,0,0,0,0,0,0,0,0
rahtuakaan,0,0,0,0,0,0,0,0,0,0
valkoisuus,0,0,0,0,1,0,1,0,0,0
valkeahko,0,0,0,0,0,0,0,0,0,0
kiitää,0,0,0,0,0,0,0,0,0,0
terveellistä,0,0,0,0,0,0,1,0,0,1
kokonaan,0,0,0,0,0,0,0,0,0,0
huutaa,0,0,0,0,0,0,0,0,0,0
mahtava,0,0,0,0,0,0,0,0,0,0
huora,0,0,1,0,0,1,0,0,0,0
sydänlanka,0,0,0,0,0,0,0,0,0,0
ilkeä,0,0,0,1,0,1,0,0,0,0
pahuus,0,0,1,0,0,1,0,0,0,0
paju,0,0,0,0,0,0,0,0,0,0
veräjä,0,0,0,0,0,0,1,0,0,0
leveä,0,0,0,0,0,0,0,0,0,0
laajalti,0,0,0,0,0,0,0,0,0,0
laajentaa,0,0,0,0,0,0,0,0,0,0
laajalle levinnyt,0,0,0,0,0,0,1,0,0,0
leski,0,0,0,0,0,0,0,1,0,0
leski,0,0,0,0,0,0,0,1,0,0
leveys,0,0,0,0,0,0,0,0,0,0
käytellä,0,0,0,0,0,0,0,0,0,0
vaimo,0,0,0,0,0,0,0,0,0,0
peruukki,0,0,0,0,0,0,0,0,0,0
wight,0,0,0,0,0,0,0,0,0,0
villi,0,0,0,0,0,1,0,0,1,0
villikissa,0,0,0,0,0,1,0,0,0,0
erämaassa,0,1,0,1,0,0,0,1,0,0
metsäpalo,0,0,0,1,0,1,0,1,1,0
tahallinen,1,0,0,0,0,1,0,1,0,0
mielellään,0,0,0,0,0,0,1,0,0,0
halukkuutta,0,0,0,0,0,0,1,0,0,0
paju,0,0,0,0,0,0,0,0,0,0
kuihtunut,0,0,0,0,0,0,0,0,0,0
ovela,0,0,0,0,0,0,0,0,0,0
nynny,0,0,1,1,0,1,0,0,0,0
nuhjuinen,1,0,1,1,0,1,0,1,0,0
säpsähtää,1,0,1,1,0,1,0,1,0,0
vinssi,0,0,0,0,0,0,0,0,0,0
tuuli,0,0,0,0,0,0,0,0,0,0
yllätys,0,0,0,0,0,0,1,0,0,0
käämitys,0,0,0,0,0,0,0,0,0,0
tuulimylly,0,0,0,0,0,0,0,0,0,0
ikkuna,0,0,0,0,0,0,0,0,0,0
tuulinen,0,0,0,0,0,0,0,0,0,0
viiniä,0,0,0,0,0,0,0,0,0,0
siipi,0,0,0,0,0,0,0,0,0,0
siivekäs,0,0,0,0,0,0,0,0,0,0
silmänisku,0,0,0,0,0,0,0,0,0,0
voittaja,0,1,0,0,1,0,1,0,1,0
voittaa,0,1,1,0,1,0,1,1,1,1
voitot,0,1,0,0,1,0,1,0,0,0
talvi-,0,0,0,0,0,0,0,0,0,0
talvinen,0,0,0,0,0,0,0,0,0,0
pyyhkiä,0,0,0,0,0,0,0,0,0,0
lanka,0,0,0,0,0,0,0,0,0,0
langaton,1,1,0,0,0,0,1,0,1,0
wis,0,0,0,0,0,0,1,0,0,0
viisaus,0,0,0,0,0,0,1,0,0,1
viisas,0,0,0,0,0,0,1,0,0,0
toiveikas,0,1,0,0,0,0,0,0,0,0
haikea,0,0,0,0,0,0,0,0,0,0
viisaus,0,0,0,0,0,0,1,0,0,0
noita,1,0,1,1,0,1,0,0,0,0
noituutta,1,0,0,1,0,1,0,1,0,0
kanssa,0,0,0,0,0,0,0,0,0,0
peruuttaa,0,0,0,0,0,1,0,1,0,0
vetäytyminen,0,0,0,0,0,0,0,0,0,0
kuihtua,0,0,0,0,0,1,0,1,0,0
kuihtunut,0,0,1,0,0,1,0,0,0,0
kestää,0,1,0,1,0,0,1,0,0,0
todistaja,0,0,0,0,0,0,0,0,0,1
järki,0,0,0,0,0,0,1,0,0,0
nokkela,0,0,0,0,1,0,1,0,0,0
velho,0,1,0,0,0,0,1,0,1,0
voi,0,0,1,1,0,1,0,1,0,0
surkeaa,0,0,0,0,0,1,0,1,0,0
surkeasti,0,0,1,0,0,1,0,1,0,0
naiseutta,0,0,0,0,0,0,0,0,0,0
naisellinen,0,0,0,0,0,0,0,0,0,0
kohtu,0,0,0,0,0,0,1,0,0,0
ihana,0,0,0,0,1,0,1,0,1,1
ihanasti,0,0,0,0,1,0,1,0,1,0
ihmeellinen,0,0,0,0,0,0,1,0,0,0
tapa,0,1,0,0,0,0,0,0,0,0
woo,0,0,0,0,0,0,0,0,0,0
puu,0,0,0,0,0,0,0,0,0,0
puupiirros,0,0,0,0,0,0,0,0,0,0
puinen,0,0,0,0,0,0,0,0,0,0
metsät,0,0,0,0,0,0,0,0,0,0
puinen,0,0,0,0,0,0,0,0,0,0
kosiminen,0,0,0,0,0,0,0,0,0,0
villa-,0,0,0,0,0,0,0,0,0,0
epämääräinen,0,0,0,0,0,0,0,0,0,0
italiaano,1,0,0,0,0,0,0,0,0,0
sana,0,0,0,0,0,0,1,0,0,1
sanamuoto,0,0,0,0,0,0,0,0,0,0
sanat,1,0,0,0,0,1,0,0,0,0
monisanainen,0,0,0,0,0,0,0,0,0,0
työ,0,0,0,0,0,0,0,0,0,0
työkirja,0,0,0,0,0,0,0,0,0,0
työntekijä,0,0,0,0,0,0,0,0,0,0
työskentelee,0,0,0,0,0,0,1,0,0,0
työmies,0,0,0,0,0,0,0,0,0,0
ammattitaito,0,0,0,0,0,0,0,0,0,0
työpaikka,0,0,0,0,0,0,0,0,0,0
toimii,0,0,0,0,0,0,0,0,0,0
työpaja,0,0,0,0,0,0,0,0,0,0
maailman-,0,0,0,0,0,0,0,0,0,0
maailmallinen,0,0,0,0,0,0,0,0,0,0
maailmanlaajuinen,0,0,0,0,0,0,0,0,0,0
mato,0,1,0,0,0,1,0,0,1,0
kuluneet,0,0,0,0,0,1,0,1,0,0
huolestunut,0,0,0,0,0,1,0,1,0,0
huoli,0,1,0,1,0,1,0,1,0,0
huolestuttava,0,1,0,1,0,1,0,1,0,0
huonompi,0,0,0,1,0,1,0,1,0,0
paheneminen,0,0,1,0,0,1,0,1,0,0
palvonta,0,1,0,1,1,0,1,0,0,1
arvoinen,0,0,0,0,0,0,1,0,0,0
arvoton,1,0,1,0,0,1,0,1,0,0
arvoinen,0,0,0,0,0,0,1,0,0,1
wot,0,0,0,0,0,0,1,0,0,1
haava,1,0,0,1,0,1,0,1,0,0
riitelijä,0,0,0,0,0,0,0,0,0,0
kiistelyä,1,0,1,1,0,1,0,1,0,0
kääri,0,0,0,0,0,0,0,0,0,0
kääre,0,0,0,0,0,0,0,0,0,0
kääre,0,0,0,0,0,0,0,0,0,0
viha,1,0,0,1,0,1,0,0,0,0
purkaa,1,0,0,0,0,1,0,0,0,0
seppele,0,0,0,0,0,0,0,0,0,0
tuhota,1,0,1,1,0,1,0,1,1,0
haaksirikkoutunut,1,0,0,1,0,1,0,1,0,0
jakoavain,0,0,0,0,0,1,0,0,0,0
puristaa,0,0,0,0,0,0,0,0,0,0
painia,0,0,0,0,0,0,0,0,0,0
painija,0,0,0,0,0,0,0,0,0,0
paini,0,0,0,0,0,1,0,0,0,0
raukka,1,0,1,0,0,1,0,1,0,0
kurja,0,0,1,0,0,1,0,1,0,0
wright,0,0,0,0,0,0,0,0,0,0
vääntää,1,0,0,0,0,0,0,0,0,0
rypistyä,0,0,0,0,0,0,0,0,0,0
ryppyinen,0,0,0,0,0,0,0,1,0,0
ranne,0,0,0,0,0,0,0,0,0,0
ranneke,0,0,0,0,0,0,0,0,0,0
rannekello,0,0,0,0,0,0,0,0,0,0
kirjoitus,0,0,0,0,0,0,0,0,0,0
kirjoittaa,0,0,0,0,0,0,0,0,0,0
kirjailija,0,0,0,0,0,0,1,0,0,0
kirjoittaminen,0,0,0,0,0,0,0,0,0,0
kirjoitettu,0,0,0,0,0,0,0,0,0,0
väärä,0,0,0,0,0,1,0,0,0,0
väärinteko,1,0,1,0,0,1,0,1,0,0
väärin,1,0,1,0,0,1,0,1,0,0
väärin,1,0,0,1,0,1,0,1,0,0
taottu,0,0,0,0,0,1,0,0,0,0
ironinen,0,0,0,0,0,1,0,0,0,0
muukalaisviha,0,0,0,1,0,1,0,0,0,0
xerox,0,0,0,0,0,0,0,0,0,0
jahti,0,0,0,0,0,0,0,0,0,0
purjehdus,0,0,0,0,0,0,0,0,0,0
jakki,0,0,0,0,0,0,0,0,0,0
jamssi,0,0,0,0,0,0,0,0,0,0
jenkki,0,0,0,0,0,0,0,0,0,0
piha,0,0,0,0,0,0,0,0,0,0
lanka,0,0,0,0,0,0,0,0,0,0
yaw,0,0,0,0,0,0,0,0,0,0
haukotus,0,0,0,0,0,1,0,0,0,0
ammottava,0,0,0,0,0,1,0,0,0,0
kyllä,0,0,0,0,0,0,0,0,0,0
vuosi,0,0,0,0,0,0,0,0,0,0
vuosikirja,0,0,0,0,0,0,0,0,0,0
vuoden ikäinen,0,0,0,0,0,0,0,0,0,0
vuosittain,0,0,0,0,0,0,0,0,0,0
kaipaa,0,0,0,0,0,0,0,0,0,0
kaipuu,0,1,0,0,1,1,1,0,0,1
vuotta,0,0,0,0,0,0,0,0,0,0
hiiva,0,0,0,0,0,0,0,0,0,0
huutaa,1,0,0,1,0,1,0,0,1,0
keltainen,0,0,0,0,0,0,0,0,0,0
keltaiset,0,0,0,0,0,1,0,0,0,0
älähtää,1,0,0,1,0,1,0,0,1,0
yoman,0,0,0,0,0,0,0,0,0,0
eilen,0,0,0,0,0,0,0,0,0,0
eilen,0,0,0,0,0,0,0,0,0,0
marjakuusi,0,0,0,0,0,0,0,0,0,0
tuotto,0,0,0,0,0,0,0,0,0,0
periksi antaen,0,0,0,0,0,0,0,0,0,0
joogi,0,0,0,0,0,0,0,0,0,0
ikeen,0,0,0,0,0,0,0,0,0,0
keltuainen,0,0,0,0,0,0,0,0,0,0
yon,0,0,0,0,0,0,0,0,0,0
tuolla,0,0,0,0,0,0,0,0,0,0
nuoriso,1,1,0,1,1,0,1,0,1,0
hassu,0,0,0,0,0,0,0,0,1,0
zap,0,0,0,0,0,0,0,0,0,0
intoa,0,1,0,0,1,0,1,0,1,1
fanaatikko,0,0,0,0,0,0,0,0,0,0
innokas,0,0,0,0,1,0,1,0,0,1
seepra,0,0,0,0,0,0,0,0,0,0
zeniitti,0,0,0,0,0,0,0,0,0,0
zefiiri,0,0,0,0,0,0,0,0,0,0
zeppelin,0,0,0,0,0,0,0,0,0,0
kuori,0,1,0,0,1,0,1,0,0,1
postinumero,0,0,0,0,0,1,0,0,0,0
horoskooppi,0,0,0,0,0,0,0,0,0,0
vyöhyke,0,0,0,0,0,0,0,0,0,0
eläintarha,0,0,0,0,0,0,0,0,0,0
eläintieteellinen,0,0,0,0,0,0,0,0,0,0
eläintiede,0,0,0,0,0,0,0,0,0,0
Zoomaus,0,0,0,0,0,0,0,0,0,0
