Georgian Word,anger,anticipation,disgust,fear,joy,negative,positive,sadness,surprise,trust
დაბრუნდა,0,0,0,0,0,0,0,0,0,0
აბაკუსი,0,0,0,0,0,0,0,0,0,1
მიტოვება,0,0,0,1,0,1,0,1,0,0
მიტოვებული,1,0,0,1,0,1,0,1,0,0
მიტოვება,1,0,0,1,0,1,0,1,1,0
შემცირება,0,0,0,0,0,0,0,0,0,0
შემცირება,0,0,0,0,0,0,0,0,0,0
აბა,0,0,0,0,0,0,1,0,0,0
აბატი,0,0,0,0,0,0,0,0,0,1
შემოკლება,0,0,0,0,0,0,0,0,0,0
აბრევიატურა,0,0,0,0,0,0,0,0,0,0
მუცელი,0,0,0,0,0,0,0,0,0,0
მუცლის,0,0,0,0,0,0,0,0,0,0
გატაცება,0,0,0,1,0,1,0,1,1,0
გადახრილი,0,0,0,0,0,1,0,0,0,0
აბერაცია,0,0,1,0,0,1,0,0,0,0
მორჩენა,0,0,0,0,0,0,0,0,0,0
ზიზღი,1,0,1,1,0,1,0,0,0,0
საზიზღარი,1,0,1,1,0,1,0,0,0,0
დაიცვან,0,0,0,0,0,0,0,0,0,0
უნარი,0,0,0,0,0,0,1,0,0,0
საზიზღარი,0,0,1,0,0,1,0,0,0,0
აბლაცია,0,0,0,0,0,0,0,0,0,0
ცეცხლმოკიდებული,0,0,0,0,0,0,0,0,0,0
არანორმალური,0,0,1,0,0,1,0,0,0,0
გემზე,0,0,0,0,0,0,0,0,0,0
სამყოფელი,0,0,0,0,0,0,0,0,0,0
გააუქმოს,1,0,0,0,0,1,0,0,0,0
გაუქმება,0,0,0,0,0,1,0,0,0,0
საზიზღარი,0,0,1,1,0,1,0,0,0,0
საზიზღრობა,1,0,1,1,0,1,0,0,0,0
აბორიგენი,0,0,0,0,0,0,0,0,0,0
გაუქმება,0,0,0,0,0,1,0,0,0,0
აბორტი,0,0,1,1,0,1,0,1,0,0
აბორტი,0,0,0,0,0,1,0,1,0,0
უხვად,0,0,0,0,0,0,0,0,0,0
როგორც უკვე ავღნიშნე,0,0,0,0,0,0,1,0,0,0
აბრაზია,0,0,0,0,0,1,0,0,0,0
საზღვარგარეთ,0,0,0,0,0,0,0,0,0,0
გააუქმოს,0,0,0,0,0,1,0,0,0,0
მკვეთრი,0,0,0,0,0,0,0,0,1,0
მოულოდნელად,0,0,0,0,0,0,0,0,0,0
აბსცესი,0,0,0,0,0,1,0,1,0,0
არარსებობა,0,0,0,1,0,1,0,1,0,0
არდამსწრე,0,0,0,0,0,1,0,1,0,0
დაუსწრებელი,0,0,0,0,0,1,0,1,0,0
არყოფნა,0,0,0,0,0,1,0,0,0,0
აბსენტი,0,0,0,0,0,0,0,0,0,0
აბსოლუტური,0,0,0,0,0,0,1,0,0,0
განთავისუფლება,0,0,0,0,1,0,1,0,0,1
შეიწოვება,0,0,0,0,0,0,1,0,0,0
შთამნთქმელი,0,0,0,0,0,0,0,0,0,0
შთანთქმის,0,0,0,0,0,0,0,0,0,0
შთანთქმის,0,0,0,0,0,0,0,0,0,0
თავი შეიკავოს,0,0,0,0,0,0,0,0,0,0
თავშეკავება,0,0,0,0,0,0,0,0,0,0
თავშეკავება,0,0,0,0,0,0,0,0,0,0
აბსტრაქტული,0,0,0,0,0,0,0,0,0,0
აბსტრაქცია,0,0,0,0,0,0,0,0,0,0
აბსურდი,0,0,0,0,0,1,0,0,0,0
აბსურდულობა,0,0,0,0,0,1,0,0,0,0
სიმრავლე,0,1,1,0,1,1,1,0,0,1
უხვი,0,0,0,0,1,0,1,0,0,0
ბოროტად გამოყენება,1,0,1,1,0,1,0,1,0,0
საყრდენი,0,0,0,0,0,0,0,0,0,0
აბი,0,0,0,0,0,0,0,0,0,0
უფსკრული,0,0,0,0,0,1,0,1,0,0
უფსკრული,0,0,0,1,0,1,0,1,0,0
აკადემიური,0,0,0,0,0,0,1,0,0,1
აკადემია,0,0,0,0,0,0,1,0,0,0
შეერთება,0,0,0,0,0,0,0,0,0,0
აჩქარება,0,1,0,0,0,0,0,0,0,0
აჩქარება,0,0,0,0,0,0,0,0,0,0
აქცენტი,0,0,0,0,0,0,0,0,0,0
აქცენტირება,0,0,0,0,0,0,0,0,0,0
მიღება,0,0,0,0,0,0,0,0,0,0
მისაღები,0,0,0,0,0,0,1,0,0,0
მიღება,0,0,0,0,0,0,1,0,0,0
წვდომა,0,0,0,0,0,0,0,0,0,0
ხელმისაწვდომი,0,0,0,0,0,0,1,0,0,0
შეერთება,0,0,0,0,0,0,0,0,0,0
აქსესუარი,0,0,0,0,0,0,0,0,0,0
უბედური შემთხვევა,0,0,0,1,0,1,0,1,1,0
შემთხვევითი,0,0,0,1,0,1,0,0,1,0
შემთხვევით,0,0,0,0,0,0,0,0,1,0
აღიარება,0,1,0,0,1,0,1,0,1,1
დაბინავება,0,0,0,0,0,0,0,0,0,0
განსახლება,0,0,0,0,0,0,1,0,0,0
თანხლებით,0,1,0,0,1,0,1,0,0,1
ერთად,0,0,0,0,0,0,0,0,0,0
კომპანიის გაწევა,0,0,0,0,0,0,0,0,0,0
თანამზრახველი,0,0,0,0,0,0,0,0,0,0
შეასრულოს,0,0,0,0,1,0,1,0,0,0
შესრულებული,0,0,0,0,1,0,1,0,0,0
მიღწევა,0,0,0,0,0,0,1,0,0,0
შეთანხმება,0,0,0,0,0,0,1,0,0,1
შესაბამისად,0,0,0,0,0,0,0,0,0,0
აკორდეონი,0,0,0,0,0,0,0,0,0,0
ანგარიში,0,0,0,0,0,0,0,0,0,1
ანგარიშვალდებულება,0,0,0,0,0,0,1,0,0,1
ანგარიშვალდებული,0,0,0,0,0,0,1,0,0,1
ბუღალტერი,0,0,0,0,0,0,0,0,0,1
აღრიცხვა,0,0,0,0,0,0,0,0,0,0
ანგარიშები,0,0,0,0,0,0,0,0,0,1
აკრედიტებული,0,0,0,0,0,0,1,0,0,1
აკრეცია,0,0,0,0,0,0,0,0,0,0
დარიცხვა,0,0,0,0,0,0,0,0,0,0
აკუეილი,0,0,0,0,0,0,1,0,0,0
დაგროვება,0,0,0,0,0,0,0,0,0,0
დაგროვება,0,0,0,0,0,0,0,0,0,0
სიზუსტე,0,0,0,0,0,0,0,0,0,0
ზუსტი,0,0,0,0,0,0,1,0,0,1
დაწყევლილი,1,0,0,1,0,1,0,1,0,0
ბრალდება,1,0,1,0,0,1,0,0,0,0
ბრალდებული,0,0,0,0,0,1,0,0,0,0
ბრალდებული,1,0,0,1,0,1,0,0,0,0
ბრალმდებელი,1,0,0,1,0,1,0,0,0,0
ბრალდება,1,0,0,1,0,1,0,0,0,0
შეჩვეული,0,0,0,0,0,0,0,0,0,0
ტუზი,0,0,0,0,0,0,1,0,0,0
ძმარმჟავა,0,0,0,0,0,0,0,0,0,0
მტკივა,0,0,0,0,0,1,0,1,0,0
მიღწევა,0,0,0,0,1,0,1,0,0,1
მიღწევა,0,1,0,0,1,0,1,0,0,1
მტკივა,0,0,0,0,0,1,0,1,0,0
მჟავა,0,0,0,0,0,1,0,0,0,0
მჟავიანობა,0,0,0,0,0,0,0,0,0,0
აღიარებს,0,0,0,0,0,0,0,0,0,0
აღიარა,0,0,0,0,0,0,0,0,0,0
აღიარება,0,0,0,0,0,0,1,0,0,0
აკმე,0,0,0,0,0,0,0,0,0,0
აკუსტიკური,0,0,0,0,0,0,0,0,0,0
აკუსტიკა,0,0,0,0,0,0,0,0,0,0
გაცნობა,0,0,0,0,0,0,0,0,0,0
გაცნობა,0,0,0,0,0,0,0,0,0,0
გაეცნო,0,0,0,0,0,0,0,0,0,0
თანხმობა,0,0,0,0,0,0,0,0,0,0
შეიძინოს,0,0,0,0,0,0,1,0,0,0
იძენს,0,1,0,0,0,0,1,0,0,0
შეძენა,0,0,0,0,0,0,0,0,0,0
შესყიდვები,0,0,0,0,0,0,0,0,0,0
ფართობი,0,0,0,0,0,0,0,0,0,0
ჰექტარი,0,0,0,0,0,0,0,0,0,0
აკრობატი,0,0,0,1,1,0,1,0,0,1
იმოქმედოს,0,0,0,0,0,0,0,0,0,0
მოქმედი,0,0,0,0,0,0,0,0,0,0
მოქმედება,0,0,0,0,0,0,1,0,0,0
ქმედითუნარიანი,1,0,1,0,0,1,0,0,0,0
აქტიური,0,0,0,0,0,0,0,0,0,0
აქტივობა,0,0,0,0,0,0,0,0,0,0
მსახიობი,0,0,0,0,0,0,0,0,0,0
ფაქტობრივი,0,0,0,0,0,0,1,0,0,0
აქტუალობა,0,0,0,0,0,0,0,0,0,0
აქტუარი,0,0,0,0,0,0,0,0,0,0
სიმკვეთრე,0,0,0,0,0,0,1,0,0,0
მახვილგონიერება,0,0,0,0,0,0,1,0,0,0
აკუპუნქტურა,0,0,0,0,0,0,0,0,0,0
მწვავედ,0,0,0,0,0,0,0,0,0,0
ანდაზა,0,0,0,0,0,0,0,0,0,0
მტკიცე,0,0,0,0,0,0,0,0,0,0
ადაპტირება,0,0,0,0,0,0,1,0,0,0
ადაპტირებადი,0,0,0,0,0,0,1,0,0,0
დაამატეთ,0,0,0,0,0,0,0,0,0,0
დაემატა,0,0,0,0,0,0,0,0,0,0
დამატება,0,0,0,0,0,0,0,0,0,0
შემკრები,1,0,1,1,0,1,0,1,0,0
დამოკიდებულება,0,0,0,0,0,1,0,0,0,0
დამატება,0,0,0,0,0,0,0,0,0,0
დამატებითი,0,0,0,0,0,0,0,0,0,0
დანამატი,0,0,0,0,0,0,0,0,0,0
მისამართი,0,0,0,0,0,0,0,0,0,0
ადრესატი,0,0,0,0,0,0,0,0,0,0
მისამართები,0,1,0,0,0,0,1,0,0,0
კომპეტენტური,0,0,0,0,0,0,1,0,0,0
ადეკვატურობა,0,0,0,0,0,0,1,0,0,0
ადეკვატური,0,0,0,0,0,0,0,0,0,0
დაიცავი,0,0,0,0,0,0,0,0,0,0
ერთგულება,0,0,0,0,0,0,0,0,0,0
მიმდევარი,0,0,0,0,0,0,0,0,0,0
იცავდა,0,0,0,0,0,0,0,0,0,1
ადჰეზია,0,0,0,0,0,0,0,0,0,0
წებოვანი,0,0,0,0,0,0,0,0,0,0
მშვიდობით,0,0,0,0,0,0,0,0,0,0
ცხიმოვანი,0,0,0,0,0,1,0,0,0,0
მეზობლობა,0,0,0,0,0,0,0,0,0,0
მიმდებარე,0,0,0,0,0,0,0,0,0,0
ზედსართავი სახელი,0,0,0,0,0,0,0,0,0,0
მომიჯნავე,0,0,0,0,0,0,0,0,0,0
გადადება,0,0,0,0,0,0,0,0,0,0
გადადება,0,0,0,0,0,0,0,0,0,0
განიკითხავს,0,0,0,1,0,1,0,0,0,0
განხილვა,0,0,0,0,0,0,0,0,0,0
დამხმარე,0,0,0,0,0,0,1,0,0,0
მორგება,0,0,0,0,0,0,0,0,0,0
მორგება,0,0,0,0,0,0,0,0,0,0
დამხმარე,0,0,0,0,0,0,0,0,0,0
ადმინისტრირება,0,0,0,0,0,0,0,0,0,0
ადმინისტრაცია,0,0,0,0,0,0,0,0,0,0
ადმინისტრაციული,0,0,0,0,0,0,0,0,0,1
აღფრთოვანებული,0,0,0,0,1,0,1,0,0,1
ადმირალი,0,0,0,0,0,0,1,0,0,1
ადმირალიტი,0,0,0,0,0,0,0,0,0,0
აღტაცება,0,0,0,0,1,0,1,0,0,1
აღფრთოვანებული ვარ,0,0,0,0,0,0,1,0,0,1
თაყვანისმცემელი,0,0,0,0,0,0,1,0,0,0
დასაშვებობა,0,0,0,0,0,0,0,0,0,0
დასაშვებია,0,0,0,0,0,0,1,0,0,1
მიღება,0,0,0,0,0,0,0,0,0,0
აღიარე,0,0,0,0,0,0,0,0,0,0
დაშვება,0,0,0,0,0,0,0,0,0,0
აღიარა,0,0,0,0,0,0,0,0,0,0
აღიარება,0,0,0,0,0,0,0,0,0,0
ნაზავი,0,0,0,0,0,0,0,0,0,0
შეგონება,0,0,0,1,0,1,0,0,0,0
ado,0,0,0,0,0,0,0,0,0,0
adobe,0,0,0,0,0,0,0,0,0,0
მოზარდობის,0,0,0,0,0,0,0,0,0,0
მოზარდი,0,0,0,0,0,0,0,0,0,0
მიღება,0,0,0,0,0,0,0,0,0,0
შვილად აყვანა,0,0,0,0,0,0,0,0,0,0
საყვარელი,0,0,0,0,1,0,1,0,0,0
თაყვანისცემა,0,0,0,0,1,0,1,0,0,1
აღმერთებს,0,1,0,0,1,0,1,0,0,1
დაამშვენებს,0,0,0,0,0,0,0,0,0,0
მორთულობა,0,0,0,0,0,0,0,0,0,0
ადრიფტი,0,1,0,1,0,1,0,1,0,0
ზრდასრული,0,0,0,0,0,0,0,0,0,0
გაყალბებული,0,0,0,0,0,1,0,0,0,0
მრუშობა,0,0,1,0,0,1,0,1,0,0
წინსვლა,0,1,0,1,1,0,1,0,1,0
მოწინავე,0,0,0,0,0,0,1,0,0,0
წინსვლა,0,0,0,0,0,0,1,0,0,0
წინ მიიწევს,0,0,0,0,0,0,0,0,0,0
უპირატესობა,0,0,0,0,0,0,1,0,0,0
ხელსაყრელი,0,0,0,0,0,0,1,0,0,0
მოსვლა,0,1,0,0,1,0,1,0,0,1
თავგადასავალი,0,1,0,0,0,0,1,0,0,0
ავანტიურისტი,0,0,0,0,0,0,0,0,0,0
სათავგადასავლო,0,0,0,0,0,0,1,0,0,0
მოწინააღმდეგე,1,0,0,0,0,1,0,0,0,0
არასასურველი,1,0,1,1,0,1,0,1,0,0
უბედურება,1,0,0,1,0,1,0,1,0,0
რეკლამა,0,0,0,0,0,0,0,0,0,0
რეკლამა,0,0,0,0,0,0,0,0,0,0
რჩევა,0,0,0,0,0,0,0,0,0,1
მიზანშეწონილი,0,0,0,0,0,0,1,0,0,1
რჩევა,0,0,0,0,0,0,1,0,0,1
ურჩია,0,0,0,0,0,0,0,0,0,1
რჩევა,0,0,0,0,0,0,0,0,0,0
მრჩეველი,0,0,0,0,0,0,1,0,0,1
ადვოკატირება,1,1,0,0,1,0,1,0,0,1
ადვოკატი,0,0,0,0,0,0,0,0,0,1
ეგიდები,0,0,0,0,0,0,0,0,0,0
აერაცია,0,0,0,0,0,0,0,0,0,0
საჰაერო,0,0,0,0,0,0,0,0,0,0
აეროდრომი,0,0,0,0,0,0,0,0,0,0
აეროდინამიკა,0,0,0,0,0,0,0,0,0,0
აერონავტიკა,0,0,0,0,0,0,0,0,0,0
თვითმფრინავი,0,0,0,0,0,0,0,0,0,0
ესთეტიური,0,0,0,0,0,0,1,0,0,0
ესთეტიკა,0,0,0,0,1,0,1,0,0,0
ეტიოლოგია,0,0,0,0,0,0,0,0,0,0
შორს,0,0,0,0,0,0,0,0,0,0
მოსიყვარულე,0,0,0,0,0,0,1,0,0,0
საქმე,0,0,0,0,0,0,0,0,0,0
გავლენას ახდენს,0,0,0,0,0,0,0,0,0,0
მოსიყვარულეობა,0,0,0,0,1,0,1,0,0,1
მოსიყვარულეობა,0,0,0,0,0,0,0,0,0,0
აფიშა,0,0,0,0,0,0,0,0,0,0
აღთქმა,0,0,0,0,0,0,0,0,0,0
შვილობილი,0,0,0,0,0,0,1,0,0,0
კუთვნილება,0,0,0,0,0,0,0,0,0,0
აფინურობა,0,0,0,0,0,0,0,0,0,0
ამტკიცებს,0,0,0,0,0,0,1,0,0,1
დადასტურება,0,0,0,0,0,0,1,0,0,0
დადებითი,0,0,0,0,0,0,1,0,0,0
დადებითად,0,0,0,0,0,0,1,0,0,1
დამაგრება,0,0,0,0,0,0,0,0,0,0
იტანჯება,0,0,0,1,0,1,0,1,0,0
დატანჯული,0,0,0,0,0,1,0,0,0,0
ტანჯვა,0,0,1,1,0,1,0,1,0,0
სიმდიდრე,0,0,0,0,1,0,1,0,0,0
შეძლებული,0,0,0,0,0,0,1,0,0,0
ახერხებს,0,0,0,0,0,0,1,0,0,0
შეურაცხყოფა,1,0,1,1,0,1,0,1,1,0
მიღმა,0,0,0,0,0,0,0,0,0,0
ადრე,0,0,0,0,0,0,0,0,0,0
აღნიშნული,0,0,0,0,0,0,0,0,0,0
ზემოხსენებული,0,0,0,0,0,0,0,0,0,0
შეშინებული,0,0,0,1,0,1,0,0,0,0
ახალი,0,0,0,0,0,0,0,0,0,0
უკან,0,0,0,0,0,0,0,0,0,0
შემდგომი,1,0,1,1,0,1,0,1,0,0
შუადღე,0,0,0,0,0,0,0,0,0,0
გემო,0,0,0,0,0,1,0,0,0,0
შემდგომი აზრი,0,0,0,0,0,0,0,0,0,0
აღა,0,0,0,1,0,0,1,0,0,1
აქატი,0,0,0,0,0,0,0,0,0,0
ასაკი,0,0,0,0,0,0,0,0,0,0
დაძველებული,0,0,0,0,0,0,0,0,0,0
სააგენტო,0,0,0,0,0,0,0,0,0,0
აგენტი,0,0,0,0,0,0,0,0,0,0
აგლომერაცია,0,0,0,0,0,0,0,0,0,0
გამწვავდა,1,0,0,0,0,1,0,0,0,0
დამამძიმებელი,1,0,0,0,0,1,0,1,0,0
გამწვავება,1,0,1,0,0,1,0,0,0,0
აგრეგატი,0,0,0,0,0,0,0,0,0,0
აგრეგაცია,0,0,0,0,0,0,0,0,0,0
აგრესია,1,0,0,1,0,1,0,0,0,0
აგრესიული,1,0,0,1,0,1,0,0,0,0
აგრესორი,1,0,0,1,0,1,0,0,0,0
აღელვებული,0,0,1,1,0,1,0,0,1,0
სწრაფი,0,0,0,0,0,0,1,0,0,0
სისწრაფე,0,0,0,0,0,0,1,0,0,0
აჟიტირებული,1,0,0,0,0,1,0,0,0,0
აგიტაცია,1,0,0,0,0,1,0,0,0,0
აგნოსტიკოსი,0,0,0,0,0,0,0,0,0,0
წინ,0,0,0,0,0,0,0,0,0,0
მტანჯველი,0,0,0,1,0,1,0,0,0,0
აგონია,1,0,0,1,0,1,0,1,0,0
ვეთანხმები,0,0,0,0,0,0,1,0,0,0
მოსაწონი,0,0,0,0,0,0,1,0,0,1
დათანხმდა,0,0,0,0,0,0,1,0,0,1
თანხმდებიან,0,0,0,0,0,0,1,0,0,1
შეთანხმება,0,0,0,0,0,0,1,0,0,1
სამეურნეო,0,0,0,0,0,0,0,0,0,0
სოფლის მეურნეობა,0,0,0,0,0,0,1,0,0,0
მიწაზე,0,0,0,0,0,1,0,0,0,0
აგუა,0,0,0,0,0,0,0,0,0,0
წინ,0,0,0,0,0,0,1,0,0,0
დახმარება,0,0,0,0,0,0,1,0,0,0
ეხმარება,0,0,0,0,0,0,1,0,0,0
ავადმყოფი,0,0,0,0,0,1,0,1,0,0
ავადმყოფი,0,0,0,1,0,1,0,1,0,0
ავადმყოფობა,0,0,0,0,0,0,0,0,0,0
მიზანი,0,0,0,0,0,0,0,0,0,0
უმიზნო,0,0,0,0,0,1,0,0,0,0
საჰაერო,0,0,0,0,0,0,0,0,0,0
აირბაგი,0,0,0,0,0,0,0,0,0,0
აირლიფტი,0,0,0,0,0,0,0,0,0,0
ავიაკომპანია,0,0,0,0,0,0,0,0,0,0
საჰაერო ხომალდი,0,0,0,0,0,0,0,0,0,0
თვითმფრინავი,0,0,0,0,0,0,0,0,0,0
აეროპორტი,0,1,0,0,0,0,0,0,0,0
ჰაერები,0,0,1,0,0,1,0,0,0,0
საჰაერო ხომალდი,0,0,0,0,0,0,0,0,0,0
გასასვლელი,0,0,0,0,0,0,0,0,0,0
აიტ,0,0,0,0,0,0,0,0,0,0
გაშლილი,0,0,0,0,0,0,0,0,0,0
მსგავსი,0,0,0,0,0,0,0,0,0,1
ალაბასტრი,0,0,0,0,0,0,1,0,0,0
განგაში,0,0,0,1,0,1,0,0,1,0
საგანგაშო,0,0,0,1,0,1,0,0,1,0
ალბ,0,0,0,0,0,0,0,0,0,1
ალბომი,0,0,0,0,0,0,0,0,0,0
ალქიმია,0,0,0,0,0,0,0,0,0,0
ალკოჰოლი,0,0,0,0,0,0,0,0,0,0
ალკოჰოლიზმი,1,0,1,1,0,1,0,1,0,0
აკლდამა,0,0,0,0,0,0,0,0,0,0
გაფრთხილება,0,0,0,0,0,0,0,0,0,0
სიფხიზლე,0,1,0,1,0,0,1,0,1,0
გაფრთხილებები,0,1,0,1,0,0,0,0,1,0
იონჯა,0,0,0,0,0,0,0,0,0,0
ალგებრა,0,0,0,0,0,0,0,0,0,0
ალგებრული,0,0,0,0,0,0,0,0,0,0
ალგორითმი,0,0,0,0,0,0,0,0,0,0
ალიბი,0,0,0,0,0,0,0,0,0,0
უცხოპლანეტელი,0,0,1,1,0,1,0,0,0,0
გაუცხოება,1,0,1,0,0,1,0,0,0,0
გაუცხოებული,0,0,0,0,0,1,0,1,0,0
გაუცხოება,1,0,1,1,0,1,0,1,0,0
ჩამქრალი,0,0,0,0,0,0,0,0,0,0
გასწორებული,0,0,0,0,0,0,0,0,0,0
გასწორება,0,0,0,0,0,0,0,0,0,0
ერთნაირად,0,0,0,0,0,0,0,0,0,0
კვება,0,0,0,0,0,0,1,0,0,0
ალიმენტი,0,0,0,0,0,1,0,0,0,0
ალიაქოთი,0,0,0,0,0,0,0,0,0,0
ცოცხალი,0,1,0,0,1,0,1,0,0,1
ტუტე,0,0,0,0,0,0,0,0,0,0
ალკალოიდები,0,0,0,0,0,0,0,0,0,0
დაამშვიდა,0,0,0,0,0,0,1,0,0,0
ბრალდება,1,0,0,0,0,1,0,0,0,0
ბრალდება,0,0,0,0,0,1,0,0,0,0
სავარაუდო,0,0,0,0,0,0,0,0,0,0
ერთგულება,0,0,0,0,0,0,1,0,0,1
ალეგორიული,0,0,0,0,0,0,0,0,0,0
ალეგორია,0,0,0,0,0,0,0,0,0,0
ალეგრო,0,0,0,0,0,0,1,0,0,0
შემსუბუქება,0,0,0,0,0,0,1,0,0,0
შემსუბუქება,0,0,0,0,0,0,1,0,0,0
ხეივანი,0,0,0,0,0,0,0,0,0,0
ალიანსი,0,0,0,0,0,0,0,0,0,1
მოკავშირე,0,0,0,0,0,0,1,0,0,1
ალიგატორი,0,0,0,0,0,0,0,0,0,0
გამოყოფს,0,0,0,0,0,0,0,0,0,0
განაწილება,0,0,0,0,0,0,0,0,0,0
გამოყოფს,0,0,0,0,0,0,0,0,0,0
გამოყოფა,0,0,0,0,0,0,0,0,0,0
დასაშვები,0,0,0,0,0,0,1,0,0,0
შემწეობა,0,0,0,0,0,0,0,0,0,0
დაშვებული,0,0,0,0,0,0,0,0,0,0
შენადნობი,0,0,0,0,0,0,0,0,0,0
მიმზიდველობა,0,1,0,0,1,0,1,0,1,0
მიმზიდველი,0,0,0,0,0,0,1,0,0,0
ალუზია,0,0,0,0,0,0,0,0,0,0
ალუვიური,0,0,0,0,0,0,0,0,0,0
მოკავშირე,0,0,0,0,0,0,1,0,0,1
ალმანახი,0,0,0,0,0,0,0,0,0,0
ყოვლისშემძლე,0,0,0,0,0,0,1,0,0,0
მაღლა,0,0,0,0,0,0,0,0,0,0
ალოჰა,0,1,0,0,1,0,1,0,0,0
გვერდით,0,0,0,0,0,0,0,0,0,0
მოშორებით,0,0,0,0,0,1,0,0,0,0
ხმამაღლა,0,0,0,0,0,0,0,0,0,0
ანბანი,0,0,0,0,0,0,0,0,0,0
ანბანური,0,0,0,0,0,0,0,0,0,0
საკურთხეველი,0,0,0,0,0,0,0,0,0,0
შეცვალოს,0,0,0,0,0,0,0,0,0,0
შეცვლა,0,0,0,0,0,0,0,0,0,0
ჩხუბი,1,0,0,0,0,1,0,0,0,0
შეცვლილი,0,0,0,0,0,0,0,0,0,0
ალტერნატიული,0,0,0,0,0,0,0,0,0,0
ალტერნატივა,0,0,0,0,0,0,0,0,0,0
სიმაღლეზე,0,0,0,0,0,0,0,0,0,0
ალტო,0,0,0,0,0,0,0,0,0,0
საერთოდ,0,0,0,0,0,0,0,0,0,0
კურსდამთავრებული,0,0,0,0,0,0,0,0,0,0
ალვეოლური,0,0,0,0,0,0,0,0,0,0
ამალგამი,0,0,0,0,0,0,0,0,0,0
გაერთიანება,0,0,0,0,0,0,0,0,0,0
აგროვებს,0,0,0,0,0,0,0,0,0,0
სამოყვარულო,0,0,0,0,0,0,0,0,0,0
გაოცება,0,0,0,0,0,0,0,0,1,0
გაოცება,0,0,0,0,0,0,0,0,0,0
საოცრად,0,0,0,0,1,0,1,0,1,0
ელჩი,0,0,0,0,0,0,1,0,0,1
ქარვა,0,0,0,0,0,0,0,0,0,0
გარემო,0,0,0,0,0,0,0,0,0,0
გაურკვევლობა,0,0,0,0,0,0,0,0,0,0
ორაზროვანი,0,0,0,0,0,1,0,0,0,0
ამბიტი,0,0,0,0,0,0,0,0,0,0
ამბიცია,0,1,0,0,1,0,1,0,0,1
ამბიციური,0,0,0,0,0,0,0,0,0,0
სასწრაფო დახმარება,0,0,0,1,0,0,0,0,0,1
ჩასაფრება,1,0,0,1,0,1,0,0,1,0
გააუმჯობესებს,0,0,0,0,0,0,1,0,0,0
ამინ,0,0,0,0,1,0,1,0,0,1
მორჩილი,0,0,0,0,0,0,1,0,0,0
შეცვალოს,0,0,0,0,0,0,1,0,0,0
შესწორება,0,0,0,0,0,0,0,0,0,0
ასწორებს,0,0,0,0,0,0,1,0,0,0
კეთილმოწყობა,0,0,0,0,0,0,1,0,0,0
ამეთვისტო,0,0,0,0,0,0,0,0,0,0
მეგობრული,0,0,0,0,0,0,1,0,0,0
მეგობრული,0,0,0,0,1,0,1,0,0,0
ფონზე,0,0,0,0,0,0,0,0,0,0
ფონზე,0,0,0,0,0,0,0,0,0,0
ამიაკი,0,0,1,0,0,0,0,0,0,0
საბრძოლო მასალა,0,0,0,0,0,0,0,0,0,0
ამნეზია,0,0,0,0,0,1,0,0,0,0
ამნისტია,0,0,0,0,1,0,1,0,0,0
ამორფული,0,0,0,0,0,0,0,0,0,0
ამორტიზაცია,0,0,0,0,0,0,0,0,0,1
თანხა,0,0,0,0,0,0,0,0,0,0
სიყვარული,0,1,0,0,1,0,1,0,0,1
ამპერსანდი,0,0,0,0,0,0,0,0,0,0
ამფეტამინები,0,0,1,0,0,1,0,0,0,0
ამფიბია,0,0,0,0,0,0,0,0,0,0
ამფიბიური,0,0,0,0,0,0,0,0,0,0
ამფითეატრი,0,0,0,0,0,0,0,0,0,0
გაძლიერება,0,0,0,0,0,0,0,0,0,0
გაძლიერება,0,0,0,0,0,0,0,0,0,0
დიაპაზონი,0,0,0,0,0,0,0,0,0,0
ფართოდ,0,0,0,0,0,0,0,0,0,0
ამპუტაცია,0,0,0,0,0,0,0,0,0,0
ამულეტი,0,0,0,0,0,0,0,0,0,0
გართობა,0,0,0,0,1,0,1,0,0,0
მხიარულობდა,0,0,0,0,1,0,1,0,0,0
გართობა,0,0,0,0,1,0,1,0,0,0
სახალისო,0,0,0,0,1,0,1,0,0,0
ანა,0,0,0,0,0,0,0,0,0,0
ანაკონდა,0,0,1,1,0,1,0,0,0,0
ანესთეზია,0,0,0,0,0,0,0,0,0,0
საანესთეზიო,0,0,0,0,0,0,0,0,0,0
ანალური,0,0,0,0,0,1,0,0,0,0
ტკივილგამაყუჩებელი,0,0,0,0,0,0,0,0,0,0
ანალოგიური,0,0,0,0,0,0,0,0,0,0
ანალოგი,0,0,0,0,0,0,0,0,0,0
ანალოგი,0,0,0,0,0,0,0,0,0,0
ანალიზი,0,0,0,0,0,0,0,0,0,0
ანალიტიკოსი,0,1,0,0,0,0,1,0,0,1
ანალიტიკური,0,0,0,0,0,0,0,0,0,0
ანალიზი,0,0,0,0,0,0,0,0,0,0
ანალიზატორი,0,0,0,0,0,0,0,0,0,0
ანარქიზმი,1,0,0,1,0,1,0,0,0,0
ანარქისტი,1,0,0,1,0,1,0,0,0,0
ანარქია,1,0,0,1,0,1,0,0,0,0
ანასტომოზი,0,0,0,0,0,0,0,0,0,0
ანათემა,1,0,1,1,0,1,0,1,0,0
ანატომიური,0,0,0,0,0,0,0,0,0,0
ანატომია,0,0,0,0,0,0,0,0,0,0
წინაპარი,0,0,0,0,0,0,0,0,0,0
საგვარეულო,0,0,0,0,0,0,0,0,0,1
წინაპრები,0,0,0,0,0,0,0,0,0,0
წამყვანი,0,0,0,0,0,0,1,0,0,0
სამაგრი,0,0,0,0,0,0,1,1,0,0
უძველესი,0,0,0,0,0,1,0,0,0,0
დამხმარე,0,0,0,0,0,0,0,0,0,0
ანდროგენი,0,0,0,0,0,0,0,0,0,0
ანემონი,0,0,0,0,0,0,0,0,0,0
თავიდან,0,0,0,0,0,0,0,0,0,0
ანგელოზი,0,1,0,0,1,0,1,0,1,1
ანგელოზური,0,0,0,0,1,0,1,0,0,1
გაბრაზება,1,0,0,0,0,1,0,0,0,0
სტენოკარდია,0,0,0,1,0,1,0,0,0,0
ანგიოგრაფია,0,0,0,0,0,0,0,0,0,0
კუთხე,0,0,0,0,0,0,0,0,0,0
დათრევა,0,1,0,0,0,1,0,0,0,0
გაბრაზებული,1,0,1,0,0,1,0,0,0,0
ტანჯვა,1,0,0,1,0,1,0,1,0,0
კუთხოვანი,0,0,0,0,0,0,0,0,0,0
უწყლო,0,0,0,0,0,0,0,0,0,0
ცხოველი,0,0,0,0,0,0,0,0,0,0
აცოცხლებს,0,0,0,0,0,0,1,0,0,0
ანიმაციური,0,0,0,0,1,0,1,0,0,0
ანიმაცია,0,0,0,0,0,0,0,0,0,0
მტრობა,1,0,1,1,0,1,0,1,0,0
ანიმუსი,1,0,0,0,0,1,0,0,0,0
ტერფი,0,0,0,0,0,0,0,0,0,0
ანალები,0,0,0,0,0,0,0,0,0,0
დანართი,0,0,0,0,0,0,0,0,0,0
ანექსია,0,0,0,0,0,0,0,0,0,0
დანართი,0,0,0,0,0,0,0,0,0,0
მოსპობა,1,0,0,1,0,1,0,0,0,0
განადგურდა,1,0,0,1,0,1,0,1,0,0
განადგურება,1,0,0,1,0,1,0,1,0,0
ანოტაცია,0,0,0,0,0,0,0,0,0,0
ანოტაცია,0,0,0,0,0,0,0,0,0,0
გამოაცხადოს,0,0,0,0,0,0,0,0,0,0
განცხადება,0,1,0,0,0,0,0,0,0,0
გაღიზიანება,1,0,1,0,0,1,0,0,0,0
გამაღიზიანებლობა,1,0,1,0,0,1,0,0,0,0
შემაწუხებელი,1,0,0,0,0,1,0,0,0,0
ანუიტეტი,0,0,0,0,0,0,0,0,0,0
გაუქმება,0,0,0,0,0,1,0,0,0,0
რგოლისებრი,0,0,0,0,0,0,0,0,0,0
გაუქმება,0,0,0,0,0,1,0,1,0,0
ანულუსი,0,0,0,0,0,0,0,0,0,0
ცხება,0,0,0,0,0,0,0,0,0,0
ანომალიური,0,0,0,0,0,0,0,0,0,0
ანომალია,0,0,0,1,0,1,0,0,1,0
ანონი,0,0,0,0,0,0,0,0,0,0
ანონიმური,0,0,0,0,0,1,0,0,0,0
პასუხი,0,0,0,0,0,0,0,0,0,0
პასუხისმგებელია,0,0,0,0,0,0,0,0,0,1
პასუხობს,0,0,0,0,0,0,0,0,0,0
ჭიანჭველა,0,0,0,0,0,0,0,0,0,0
ანტაგონიზმი,1,0,0,0,0,1,0,0,0,0
ანტაგონისტი,1,0,0,0,0,1,0,0,0,0
ანტაგონისტური,1,0,1,0,0,1,0,0,0,0
ანტე,0,0,0,0,0,0,0,0,0,0
წინამორბედი,0,0,0,0,0,0,0,0,0,0
ანტილოპა,0,0,0,0,0,0,0,0,0,0
ანტენა,0,0,0,0,0,0,0,0,0,0
წინა,0,0,0,0,0,0,0,0,0,0
ჰიმნი,0,0,0,0,0,0,0,0,0,0
ანთოლოგია,0,0,0,0,0,0,0,0,0,0
ჯილეხი,0,0,1,1,0,1,0,1,0,0
ანთროპოლოგია,0,0,0,0,0,0,0,0,0,0
ანტიბიოტიკი,0,0,0,0,0,0,0,0,0,0
ანტიბიოტიკები,0,0,0,0,0,0,1,0,0,0
ანტიქრისტე,1,0,1,1,0,1,0,0,0,0
მოლოდინი,0,1,0,0,0,0,0,0,0,0
მოსალოდნელი,0,1,0,0,0,0,0,0,0,0
ანტიდოტი,0,1,0,0,0,0,1,0,0,1
სოკოს საწინააღმდეგო,0,0,0,0,0,0,1,0,0,1
ანტიმონი,0,0,0,0,0,0,0,0,0,0
ანტიპათია,1,0,1,0,0,1,0,0,0,0
ანტიკვარული,0,0,0,0,0,0,0,0,0,0
მოძველებული,0,0,0,0,0,1,0,0,0,0
ანტიკური,0,0,0,0,0,0,1,0,0,0
ანტიკურობა,0,0,0,0,0,0,0,0,0,0
ანტისეპტიკური,0,0,0,0,0,0,1,0,0,1
ანტისოციალური,1,0,1,1,0,1,0,1,0,0
ანტითეზისი,1,0,0,0,0,1,0,0,0,0
ანტითეტიკური,0,0,0,0,0,0,0,0,0,0
ანტივირუსული,0,0,0,0,0,0,0,0,0,0
რქა,0,0,0,0,0,0,0,0,0,0
კოჭა,0,0,0,0,0,0,0,0,0,0
შფოთვა,1,1,0,1,0,1,0,1,0,0
შეშფოთებულია,0,1,0,1,0,1,0,0,0,0
აორტა,0,0,0,0,0,0,0,0,0,0
სისწრაფით,0,0,0,0,0,0,0,0,0,0
აპაჩი,0,0,0,1,0,1,0,0,0,0
ბინა,0,0,0,0,0,0,0,0,0,0
აპათიური,0,0,0,0,0,1,0,1,0,0
აპათია,0,0,0,0,0,1,0,1,0,0
მაიმუნი,0,0,0,0,0,0,0,0,0,0
დიაფრაგმა,0,0,0,0,0,0,0,0,0,0
მწვერვალი,0,0,0,0,0,0,0,0,0,0
ბუგრები,0,0,1,0,0,1,0,0,0,0
ნაწილი,0,0,0,0,0,0,0,0,0,0
aplomb,0,0,0,0,0,0,1,0,0,0
აპოკალიფსური,0,0,0,0,0,0,0,0,0,0
ბოდიშის მოხდა,0,0,0,0,0,0,1,0,0,1
აპოლოგეტი,0,0,0,0,0,0,0,0,0,0
ბოდიში მოიხადე,0,0,0,0,0,0,1,1,0,1
ბოდიში,0,0,0,0,0,0,1,0,0,0
განდგომა,0,0,0,0,0,0,0,0,0,0
განდგომილი,0,0,0,0,0,0,0,0,0,0
მოციქული,0,0,0,0,0,0,1,0,0,1
სამოციქულო,0,0,0,0,0,0,0,0,0,1
აპოსტროფი,0,0,0,0,0,0,0,0,0,0
შემზარავი,0,0,1,1,0,1,0,0,0,0
აპარატი,0,0,0,0,0,0,0,0,0,0
ტანსაცმელი,0,0,0,0,0,0,0,0,0,0
როგორც ჩანს,0,0,0,0,0,0,0,0,0,0
მოჩვენება,0,0,0,1,0,0,0,0,1,0
მიმართვა,0,1,0,0,0,0,0,0,0,0
გარეგნობა,0,0,0,0,0,0,0,0,0,0
დამშვიდება,0,0,0,0,0,0,0,0,0,0
აპელანტი,0,0,0,0,0,0,0,0,0,0
დაურთოს,0,0,0,0,0,0,0,0,0,0
დანამატი,0,0,0,0,0,0,0,0,0,0
აპენდიციტი,0,0,0,1,0,1,0,1,0,0
დანართი,0,0,0,0,0,0,0,0,0,0
მადა,0,0,0,0,0,0,0,0,0,0
მადისაღმძვრელი,0,0,0,0,0,0,0,0,0,0
ტაში,0,0,0,0,1,0,1,0,1,1
ვაშლი,0,0,0,0,0,0,0,0,0,0
მოწყობილობა,0,0,0,0,0,0,0,0,0,0
ტექნიკა,0,0,0,0,0,0,0,0,0,0
გამოყენებადობა,0,0,0,0,0,0,0,0,0,0
მოქმედი,0,0,0,0,0,0,0,0,0,0
განმცხადებელი,0,1,0,0,0,0,0,0,0,0
განაცხადი,0,0,0,0,0,0,0,0,0,0
ვრცელდება,0,0,0,0,0,0,0,0,0,0
დანიშნოს,0,0,0,0,0,0,0,0,0,0
დანიშვნა,0,0,0,0,0,0,0,0,0,0
დანიშვნები,0,0,0,0,0,0,0,0,0,0
განაწილება,0,0,0,0,0,0,0,0,0,0
განაწილება,0,0,0,0,0,0,0,0,0,0
შეფასება,0,0,0,0,0,0,0,0,0,0
შესაფასებელი,0,0,0,0,0,0,0,0,0,0
დაფასება,0,0,0,0,1,0,1,0,0,1
დაჭერა,0,0,0,1,0,0,0,0,0,0
დაკავება,0,0,0,1,0,1,0,0,0,0
შეშინებული,0,1,0,1,0,1,0,0,0,0
შეგირდი,0,0,0,0,0,0,0,0,0,1
შეგირდობა,0,0,0,0,0,0,0,0,0,0
მიდგომა,0,0,0,0,0,0,0,0,0,0
ახლოვდება,0,1,0,0,0,0,0,0,0,0
მოწონება,0,0,0,0,0,0,1,0,0,1
მითვისება,0,0,0,0,0,1,0,0,0,0
დამტკიცება,0,0,0,0,0,0,1,0,0,0
დაამტკიცოს,0,0,0,0,1,0,1,0,0,1
მოწონება,0,0,0,0,0,0,1,0,0,0
მიახლოებითი,0,0,0,0,0,0,0,0,0,0
დაახლოებით,0,0,0,0,0,0,0,0,0,0
მიახლოებითი,0,0,0,0,0,0,0,0,0,0
დაახლოება,0,0,0,0,0,0,0,0,0,0
აქსესუარები,0,0,0,0,0,0,0,0,0,0
წინსაფარი,0,0,0,0,0,0,0,0,0,0
აპ,0,0,0,0,0,0,1,0,0,0
უნარი,0,0,0,0,0,0,1,0,0,0
აკვა,0,0,0,0,0,0,0,0,0,0
აკვამარინი,0,0,0,0,0,0,0,0,0,0
აკვარიუმი,0,0,0,0,0,0,0,0,0,0
წყლის,0,0,0,0,0,0,0,0,0,0
აკვედუკი,0,0,0,0,0,0,0,0,0,0
წყლიანი,0,0,0,0,0,0,0,0,0,0
სახნავი,0,0,0,0,0,0,0,0,0,0
არბიტრი,0,0,0,0,0,0,0,0,0,1
არბიტრაჟი,0,0,0,0,0,0,0,0,0,0
არბიტრაჟი,0,1,0,0,0,0,0,0,0,0
არბიტრი,0,0,0,0,0,0,0,0,0,1
არბორი,0,0,0,0,0,0,0,0,0,0
რკალი,0,0,0,0,0,0,0,0,0,0
არკადული,0,0,0,0,0,0,0,0,0,0
თაღოვანი,0,0,0,0,0,0,0,0,0,0
არქეოლოგიური,0,0,0,0,0,0,0,0,0,0
არქეოლოგი,0,0,0,0,0,0,0,0,0,0
არქეოლოგია,0,1,0,0,0,0,1,0,0,0
არქაული,0,0,0,0,0,1,0,0,0,0
მთავარეპისკოპოსი,0,0,0,0,0,0,0,0,0,0
თაღოვანი,0,0,0,0,0,0,0,0,0,0
მშვილდოსანი,0,0,0,0,0,0,0,0,0,0
მშვილდოსნობა,0,0,0,0,0,0,0,0,0,0
არქეტიპი,0,0,0,0,0,0,0,0,0,0
არქიპელაგი,0,0,0,0,0,0,0,0,0,0
არქიტექტორი,0,0,0,0,0,0,0,0,0,0
არქიტექტურა,0,0,0,0,0,0,0,0,0,1
არქივი,0,0,0,0,0,0,0,0,0,0
არქტიკა,0,0,0,0,0,0,0,0,0,0
მხურვალე,0,1,0,0,1,0,1,0,0,0
მხურვალე,0,0,0,0,0,0,1,0,0,0
მძიმე,0,0,0,0,0,1,0,0,0,0
ფართობი,0,0,0,0,0,0,0,0,0,0
არენაზე,0,0,0,0,0,0,0,0,0,0
არეოლა,0,0,0,0,0,0,0,0,0,0
არგენტი,0,0,0,0,0,0,0,0,0,0
კამათი,1,0,0,0,0,1,0,0,0,0
არგუმენტი,1,0,0,0,0,1,0,0,0,0
არგუმენტაცია,1,0,0,0,0,0,0,0,0,0
არგუმენტირებული,0,0,0,0,0,1,0,0,0,0
არგუმენტები,1,0,0,0,0,0,0,0,0,0
არიდული,0,0,0,0,0,1,0,1,0,0
არისტოკრატია,0,0,0,0,0,0,1,0,0,0
არისტოკრატი,0,0,0,0,0,0,0,0,0,0
არისტოკრატიული,0,0,0,0,0,0,1,0,0,0
არითმეტიკა,0,0,0,0,0,0,0,0,0,0
კიდობანი,0,0,0,0,0,0,0,0,0,0
მკლავი,0,0,0,0,0,0,0,0,0,0
არმადა,0,0,0,0,0,0,0,0,0,0
შეიარაღება,1,0,0,1,0,0,0,0,0,0
შეიარაღება,0,0,0,1,0,1,0,0,0,0
არმატურა,0,0,0,0,0,0,0,0,0,0
შეიარაღებული,1,0,0,1,0,1,1,0,0,0
ჯავშანი,0,0,0,1,0,0,1,0,0,1
დაჯავშნული,0,0,0,1,0,0,0,0,0,0
შეიარაღება,0,0,0,0,0,0,0,0,0,1
იარაღი,0,0,0,0,0,0,0,0,0,0
არმია,0,0,0,0,0,0,0,0,0,0
არომატი,0,0,0,0,0,0,1,0,0,0
აღგზნება,0,0,0,0,0,0,0,0,0,0
აღგზნება,0,1,0,0,0,0,1,0,0,0
სასამართლო განხილვა,1,0,0,1,0,1,0,1,0,0
მოწყობა,0,0,0,0,0,0,0,0,0,0
მოწყობილი,0,0,0,0,0,0,0,0,0,0
მოწყობა,0,0,0,0,0,0,0,0,0,0
მასივი,0,0,0,0,0,0,1,0,0,0
დავალიანება,0,0,0,0,0,1,0,0,0,0
დაკავება,0,0,0,0,0,1,0,0,0,0
ჩამოსვლა,0,1,0,0,0,0,0,0,0,0
ჩამოსვლა,0,1,0,0,0,0,0,0,0,0
ქედმაღლობა,0,0,0,0,0,1,0,0,0,0
ამპარტავანი,1,0,1,0,0,1,0,0,0,0
ისარი,0,0,0,0,0,0,0,0,0,0
არსენალი,0,0,0,0,0,0,0,0,0,0
დარიშხანი,0,0,1,1,0,1,0,1,0,0
ცეცხლმოკიდება,1,0,0,1,0,1,0,0,0,0
ხელოვნება,0,1,0,0,1,0,1,1,1,0
არტერია,0,0,0,0,0,0,0,0,0,0
მხატვრული,0,0,0,0,0,0,0,0,0,0
ართროპოდი,0,0,0,0,0,0,0,0,0,0
არტიშოკი,0,0,0,0,0,0,0,0,0,0
სტატია,0,0,0,0,0,0,0,0,0,0
სტატიები,0,0,0,0,0,0,0,0,0,0
არტიკულაცია,0,0,0,0,0,0,1,0,0,0
არტიკულაცია,0,0,0,0,0,0,1,0,0,0
ხელოვნურობა,0,0,0,0,0,0,0,0,0,0
არტილერია,0,0,0,1,0,1,0,0,0,0
ხელოსანი,0,0,0,0,0,0,1,0,0,0
მხატვარი,0,0,0,0,0,0,0,0,0,0
მხატვარი,0,0,0,0,0,0,1,0,0,0
მხატვრული,0,0,0,0,0,0,1,0,0,0
მხატვრები,0,0,0,0,0,0,0,0,0,0
ასვლა,0,0,0,0,0,0,0,0,0,0
აღმავლობა,0,0,0,0,0,0,1,0,0,0
ამაღლება,0,0,0,0,0,0,0,0,0,0
აღმართი,0,0,0,0,0,0,1,0,0,0
დაადგენს,0,0,0,0,0,0,0,0,0,0
დაადგინა,0,0,0,0,0,0,0,0,0,0
ასკეტური,0,0,0,0,0,0,0,0,0,0
ნაცარი,0,0,0,0,0,1,0,0,0,0
მრცხვენია,0,0,1,0,0,1,0,1,0,0
ფერფლი,0,0,0,0,0,1,0,1,0,0
ეძინა,0,0,0,0,0,0,0,0,0,0
ასპ,0,0,0,1,0,0,0,0,0,0
ასპარტამი,0,0,0,0,0,0,0,0,0,0
ასპექტი,0,0,0,0,0,0,0,0,0,0
ასპექტები,0,0,0,0,0,0,0,0,0,0
ასფალტი,0,0,0,0,0,0,0,0,0,0
სწრაფვა,0,1,0,0,1,0,1,0,1,1
მისწრაფება,0,1,0,0,1,0,1,0,0,0
მიისწრაფვის,0,1,0,0,1,0,1,0,0,1
ტრაკი,0,0,0,0,0,1,0,0,0,0
თავდასხმა,1,0,0,1,0,1,0,0,1,0
თავდამსხმელი,1,0,0,1,0,1,0,1,0,0
მკვლელი,1,0,0,1,0,1,0,1,0,0
მოკვლა,1,0,0,1,0,1,0,0,0,0
მკვლელობა,1,0,0,1,0,1,0,1,0,0
თავდასხმა,1,0,0,1,0,1,0,0,0,0
ანალიზი,0,0,0,0,0,0,0,0,0,0
შეკრება,0,0,0,0,0,0,0,0,0,0
შეკრება,0,0,0,0,0,0,0,0,0,0
აწყობილი,0,0,0,0,0,0,0,0,0,0
შეკრება,0,0,0,0,0,0,1,0,0,1
თანხმობა,0,0,0,0,0,0,1,0,0,0
ამტკიცებენ,0,0,0,0,0,0,0,0,0,0
ამტკიცებს,0,0,0,0,0,0,1,0,0,1
მტკიცება,0,0,0,0,0,0,0,0,0,0
შეაფასეთ,0,0,0,0,0,0,0,0,0,0
შეფასება,0,0,0,0,0,0,0,0,1,1
შემფასებელი,0,0,0,0,0,0,0,0,0,1
აქტივები,0,0,0,0,0,0,1,0,0,0
სულელი,1,0,1,0,0,1,0,0,0,0
დაავალოს,0,0,0,0,0,0,0,0,0,0
უფლებამოსილი,0,0,0,0,0,0,0,0,0,1
დავალება,0,0,0,0,0,0,0,0,0,0
ათვისება,0,0,0,0,0,0,0,0,0,0
ასიმილაცია,0,0,0,0,0,0,0,0,0,0
დახმარება,0,0,0,0,0,0,1,0,0,1
დახმარება,0,0,0,0,0,0,1,0,0,0
ასისტენტი,0,0,0,0,0,0,0,0,0,0
ასოცირებული,0,0,0,0,0,0,1,0,0,1
ასოციაცია,0,0,0,0,0,0,0,0,0,1
ასორტი,0,0,0,0,0,0,0,0,0,0
ასორტიმენტი,0,0,0,0,0,0,0,0,0,0
დამშვიდება,0,0,0,0,0,0,1,0,0,0
ივარაუდა,0,0,0,0,0,0,0,0,0,0
ვარაუდით,0,0,0,0,0,0,0,0,0,0
ვარაუდი,0,0,0,0,0,0,0,0,0,0
გარანტია,0,0,0,0,0,0,1,0,0,1
დაარწმუნე,0,0,0,0,0,0,0,0,0,1
დაარწმუნა,0,0,0,0,0,0,1,0,0,1
აუცილებლად,0,0,0,0,0,0,0,0,0,1
ვარსკვლავი,0,0,0,0,0,0,0,0,0,0
ასტეროიდები,0,0,0,0,0,0,0,0,0,0
ასტიგმატიზმი,0,0,0,0,0,0,0,0,0,0
გასაოცრად,0,0,0,0,0,0,1,0,1,0
გაოცება,0,0,0,0,1,0,1,0,1,0
ასტრალური,0,0,0,0,0,0,0,0,0,0
გზააბნეული,0,0,0,1,0,1,0,0,0,0
შემკვრელი,0,0,0,0,0,1,0,0,0,0
ასტროლოგი,0,1,0,0,0,0,1,0,0,0
ასტროლოგია,0,0,0,0,0,0,0,0,0,0
ასტრონავტი,0,0,0,0,0,0,1,0,0,0
ასტრონომი,0,1,0,0,0,0,1,0,0,0
ასტრონომია,0,0,0,0,0,0,0,0,0,0
გამჭრიახი,0,0,0,0,0,0,1,0,0,0
დაშლილი,0,0,0,0,0,0,0,0,0,0
თავშესაფარი,0,0,0,1,0,1,0,0,0,0
ასიმეტრიული,0,0,0,0,0,0,0,0,0,0
ასიმეტრია,0,0,1,0,0,0,0,0,0,0
ასიმპტომური,0,0,0,0,0,0,0,0,0,0
ატელიე,0,0,0,0,0,0,0,0,0,0
ათეიზმი,0,0,0,0,0,1,0,0,0,0
ათეისტური,0,0,0,0,0,0,0,0,0,0
ათეროსკლეროზი,0,0,0,1,0,1,0,1,0,0
სპორტსმენი,0,0,0,0,0,0,1,0,0,0
ათლეტური,0,0,0,0,0,0,1,0,0,0
ათლეტიზმი,0,0,0,0,0,0,0,0,0,0
მძლეოსნობა,0,0,0,0,0,0,0,0,0,0
ატლასი,0,0,0,0,0,0,0,0,0,0
ატმოსფერო,0,0,0,0,0,0,0,0,0,0
ატმოსფერული,0,0,0,0,0,0,0,0,0,0
ატოლი,0,0,0,0,0,0,0,0,0,0
ატომი,0,0,0,0,0,0,1,0,0,0
ატომური,0,0,0,0,0,0,0,0,0,0
გამოსყიდვა,0,1,0,0,1,0,1,0,0,1
გამოსყიდვა,0,0,0,0,0,0,1,0,0,0
ატრიუმი,0,0,0,0,0,0,0,0,0,0
სასტიკი,1,0,1,0,0,1,0,0,0,0
სისასტიკეს,1,0,1,1,0,1,0,1,0,0
ატროფია,0,0,1,1,0,1,0,1,0,0
მიამაგრეთ,0,0,0,0,0,0,0,0,0,0
დანართი,0,0,0,0,0,0,1,0,0,0
თავდასხმა,1,0,0,1,0,1,0,0,0,0
თავდასხმა,1,0,1,1,0,1,0,1,1,0
მიღწევა,0,0,0,0,0,0,0,0,0,0
მიღწევადი,0,1,0,0,0,0,1,0,0,0
მიღწევა,0,0,0,0,0,0,1,0,0,0
მცდელობა,0,1,0,0,0,0,0,0,0,0
დასწრება,0,1,0,0,0,0,0,0,0,0
დამსწრე,0,0,0,0,0,0,1,0,0,1
ყურადღება,0,0,0,0,0,0,1,0,0,0
ყურადღებიანი,0,0,0,0,0,0,1,0,0,1
ასუსტებს,0,0,0,0,0,0,0,0,0,0
დასუსტებული,0,0,0,0,0,1,0,0,0,0
შესუსტება,0,0,0,0,0,1,0,1,0,0
ადასტურებენ,0,0,0,0,0,0,1,0,0,1
ატესტაცია,0,0,0,0,0,0,0,0,0,1
სხვენი,0,0,0,0,0,0,0,0,0,0
ჩაცმულობა,0,0,0,0,0,0,0,0,0,0
დამოკიდებულება,0,0,0,0,0,0,0,0,0,0
ადვოკატი,1,0,0,1,0,0,1,0,0,1
მიზიდულობა,0,0,0,0,0,0,1,0,0,0
მიმზიდველობა,0,0,0,0,0,0,1,0,0,0
მიეკუთვნება,0,0,0,0,0,0,0,0,0,0
ატრიბუტი,0,0,0,0,0,0,0,0,0,0
მიკუთვნება,0,0,0,0,0,0,0,0,0,0
გაფუჭება,0,0,0,0,0,0,0,0,0,0
მუქი ფერის,0,0,0,0,0,0,0,0,0,0
აუქციონი,0,1,0,0,0,0,0,0,0,0
აუქციონერი,0,0,0,0,0,0,0,0,0,0
გაბედული,0,0,0,0,0,0,0,0,0,0
გამბედაობა,0,0,0,0,0,1,0,0,0,0
გასაგონი,0,0,0,0,0,0,0,0,0,0
აუდიტორია,0,1,0,0,0,0,0,0,0,0
აუდიტი,0,0,0,0,0,0,0,0,0,0
აუდიცია,0,0,0,0,0,0,0,0,0,0
აუდიტორი,0,0,0,1,0,0,0,0,0,1
აუდიტორია,0,0,0,0,0,0,0,0,0,0
სმენითი,0,0,0,0,0,0,0,0,0,0
არაფერი,0,0,0,0,0,0,0,0,0,0
გაზრდის,0,0,0,0,0,0,1,0,0,0
გაძლიერება,0,0,0,0,0,0,0,0,0,0
აგვისტო,0,0,0,0,0,0,1,0,0,0
დეიდა,0,0,0,0,0,0,1,0,0,1
აურა,0,0,0,0,0,0,1,0,0,0
ავრორა,0,0,0,0,0,0,0,0,0,0
ეგიდები,0,0,0,0,0,0,0,0,0,0
ხელსაყრელი,0,1,0,0,1,0,1,0,0,0
მკაცრი,0,0,0,1,0,1,0,1,0,0
სიმკაცრე,0,0,0,0,0,1,0,0,0,0
ავთენტური,0,0,0,0,1,0,1,0,0,1
ავთენტიფიკაცია,0,0,0,0,0,0,0,0,0,1
ავთენტიფიკაცია,0,0,0,0,0,0,0,0,0,1
ავთენტურობა,0,0,0,0,0,0,1,0,0,1
ავტორი,0,0,0,0,0,0,1,0,0,1
ავტორიტეტული,0,0,0,0,0,0,1,0,0,1
ავტორიტეტი,0,0,0,0,0,0,1,0,0,1
ავტორიზაცია,0,0,0,0,0,0,1,0,0,1
უფლებამოსილება,0,0,0,0,0,0,0,0,0,1
უფლებამოსილი,0,0,0,0,0,0,1,0,0,0
ავტორობა,0,0,0,0,0,0,0,0,0,0
ავტო,0,0,0,0,0,0,0,0,0,0
ავტობიოგრაფია,0,0,0,0,0,0,0,0,0,0
ავტოკრატიული,0,0,0,0,0,1,0,0,0,0
ავტოგრაფი,0,0,0,0,0,0,0,0,0,0
ავტომატური,0,0,0,0,0,0,0,0,0,1
ავტომობილი,0,0,0,0,0,0,0,0,0,0
ავტონომია,0,0,0,0,0,0,0,0,0,0
გაკვეთა,0,0,1,1,0,1,0,1,0,0
შემოდგომა,0,0,0,0,0,0,0,0,0,0
დამხმარე,0,0,0,0,0,0,0,0,0,0
ისარგებლოს,0,0,0,0,0,0,0,0,0,0
ზვავი,0,0,0,1,0,1,0,1,1,0
სიძუნწე,1,0,1,0,0,1,0,0,0,0
ავატარი,0,0,0,0,0,0,1,0,0,0
შურისმაძიებელი,1,0,0,0,0,1,0,0,0,0
გამზირი,0,0,0,0,0,0,0,0,0,0
ავერ,0,0,0,0,0,0,0,0,0,0
საშუალოდ,0,0,0,0,0,0,0,0,0,0
ავერსი,1,0,1,1,0,1,0,0,0,0
ზიზღი,1,0,1,1,0,1,0,0,0,0
თავიდან აცილება,0,0,0,0,0,0,0,0,0,0
ვოლიერი,0,0,0,0,0,0,0,0,0,0
ავიაცია,0,0,0,0,0,0,0,0,0,0
ავიატორი,0,0,0,0,0,0,0,0,0,0
უყვარს,0,0,0,0,0,0,0,0,0,0
ავოკადო,0,0,0,0,0,0,0,0,0,0
თავიდან აცილება,0,0,0,1,0,1,0,0,0,0
თავიდან აცილება,0,0,0,1,0,1,0,0,0,0
თავიდან აცილება,0,0,0,1,0,0,0,0,0,0
დაელოდე,0,1,0,0,0,0,0,0,0,0
გაღვიძებული,0,0,0,0,0,0,0,0,0,0
გაღვიძება,0,0,0,0,0,0,0,0,0,0
ჯილდო,0,1,0,0,1,0,1,0,1,1
შიში,0,0,0,0,0,0,0,0,0,0
საშინელი,1,0,1,1,0,1,0,1,0,0
უხერხულობა,0,0,1,0,0,1,0,0,0,0
ჩარდახი,0,0,0,0,0,0,0,0,0,0
მახინჯი,0,0,0,0,0,1,0,0,0,0
ღერძული,0,0,0,0,0,0,0,0,0,0
აქსიომა,0,0,0,0,0,0,0,0,0,1
აქსიომური,0,0,0,0,0,0,0,0,0,1
ღერძი,0,0,0,0,0,0,0,0,0,0
ღერძი,0,0,0,0,0,0,0,0,0,0
აი,0,0,0,0,0,0,1,0,0,0
დიახ,0,0,0,0,0,0,1,0,0,0
აზიმუტი,0,0,0,0,0,0,0,0,0,0
ცისფერი,0,0,0,0,0,0,0,0,0,0
ბაბუაწვერა,0,0,0,0,0,1,0,0,0,0
ბაბუაწვერა,0,0,0,0,0,1,0,0,0,0
ბაბუნი,0,0,1,0,0,1,0,0,0,0
ბავშვი,0,0,0,0,1,0,1,0,0,0
ძიძა,0,0,0,0,0,0,0,0,0,1
ბაკალავრიატი,0,0,0,0,0,0,1,0,0,0
ბაკარა,0,0,0,0,0,0,0,0,0,0
ბაკალავრიატი,0,0,0,0,0,0,0,0,0,0
უკან,0,0,0,0,0,0,0,0,0,0
ხერხემალი,1,0,0,0,0,0,1,0,0,1
მხარდამჭერი,0,0,0,0,0,0,0,0,0,1
უკუშექცევა,0,0,0,0,0,0,0,0,0,0
ნარდი,0,0,0,0,0,0,0,0,0,0
ფონი,0,0,0,0,0,0,0,0,0,0
ბექჰოი,0,0,0,0,0,0,0,0,0,0
ზურგჩანთა,0,0,0,0,0,0,0,0,0,0
უკან დახევა,0,0,0,0,0,0,0,0,0,0
ჩამორჩენილი,0,0,0,0,0,1,0,0,0,0
უკუღმა,0,0,1,0,0,1,0,0,0,0
უკანა წყალი,0,0,0,0,0,1,0,1,0,0
ბაქტერიები,0,0,1,1,0,1,0,1,0,0
ბაქტერია,0,0,1,1,0,1,0,0,0,0
ცუდი,1,0,1,1,0,1,0,1,0,0
სამკერდე ნიშანი,0,0,0,0,0,0,0,0,0,1
მაჩვი,1,0,0,0,0,1,0,0,0,0
ცუდად,0,0,0,0,0,1,0,1,0,0
ბოროტება,1,0,1,1,0,1,0,0,0,0
დაბნეულობა,0,0,0,0,0,0,0,0,0,0
ჩანთა,0,0,0,0,0,0,0,0,0,0
ბარგი,0,0,0,0,0,0,0,0,0,0
ჩანთა,0,0,0,0,0,0,0,0,0,0
ბაგეები,0,0,0,0,0,0,0,0,0,0
გირაო,0,0,0,0,0,0,0,0,0,0
აღმასრულებელი,0,0,0,1,0,1,0,0,0,1
სატყუარას,0,0,0,1,0,1,0,0,0,1
გამოცხობა,0,0,0,0,0,0,0,0,0,0
საცხობი,0,0,0,0,0,0,0,0,0,0
გამოცხობა,0,0,0,0,0,0,0,0,0,0
ბალ,0,0,0,0,0,0,0,0,0,0
ბალანსი,0,0,0,0,0,0,1,0,0,0
დაბალანსებული,0,0,0,0,0,0,1,0,0,0
აივანი,0,0,0,0,0,0,0,0,0,0
მელოტი,0,0,0,0,0,0,0,0,0,0
ბეილი,0,0,0,1,0,1,0,0,0,0
ბალკი,0,0,0,0,0,1,0,0,0,0
ბურთი,0,0,0,0,0,0,0,0,0,0
ბალადა,0,0,0,0,0,0,1,0,0,0
ბალასტი,0,0,0,0,0,0,0,0,0,0
ბალეტი,0,0,0,0,0,0,1,0,0,0
ბუშტი,0,0,0,0,0,0,0,0,0,0
ბიულეტენი,0,1,0,0,0,0,1,0,0,1
სამეჯლისო დარბაზი,0,0,0,0,0,0,0,0,0,0
ბალზამი,0,1,0,0,1,1,1,0,0,0
ბალზამიანი,0,0,0,0,0,0,0,0,0,0
ბალზამი,0,0,0,0,0,0,1,0,0,0
ბალზამიკოსი,0,0,0,0,0,0,0,0,0,0
აკრძალვა,0,0,0,0,0,1,0,0,0,0
ბანანი,0,0,0,0,0,0,0,0,0,0
ბენდი,0,0,0,0,0,0,0,0,0,0
ბინტი,0,0,0,0,0,0,0,0,0,0
ბანდიტი,0,0,0,0,0,1,0,0,0,0
ბანდვაგონი,0,0,0,0,0,0,0,0,0,0
ბანი,1,0,1,1,0,1,0,0,0,0
bang,1,0,1,1,0,1,0,1,1,0
ბანგერი,1,1,0,1,0,1,0,0,1,0
განდევნა,1,0,1,1,0,1,0,1,0,0
განდევნილი,1,0,0,1,0,1,0,1,0,0
განდევნა,1,0,1,0,0,1,0,1,0,0
ბანჯო,0,0,0,0,0,0,0,0,0,0
ბანკი,0,0,0,0,0,0,0,0,0,1
ბანკირი,0,0,0,0,0,0,0,0,0,1
გაკოტრებული,0,0,0,1,0,1,0,1,0,0
გაკოტრება,1,0,1,1,0,1,0,1,0,0
ბანერი,0,0,0,0,0,0,0,0,0,0
ბანკეტი,0,1,0,0,1,0,1,0,0,0
ბანში,1,0,1,1,0,1,0,1,0,0
ხუმრობა,0,0,0,0,0,0,0,0,0,0
ნათლობა,0,0,0,0,0,0,1,0,0,0
ნათლობა,0,0,0,0,1,0,1,0,0,0
ბარი,0,0,0,0,0,0,0,0,0,0
ბარბი,1,0,0,0,0,1,0,0,0,0
ბარბაროსი,0,0,0,1,0,1,0,0,0,0
ბარბაროსული,1,0,1,1,0,1,0,0,0,0
ბარბაროსობა,0,0,0,0,0,1,0,0,0,0
მწვადი,0,0,0,0,0,0,0,0,0,0
ეკლიანი,0,0,0,0,0,0,0,0,0,0
ბარდი,0,0,0,0,0,0,1,0,0,0
შიშველი,0,0,0,0,0,0,0,0,0,0
ფეხშიშველი,0,0,0,0,0,0,0,0,0,0
ძლივს,0,0,0,0,0,0,0,0,0,0
ბარფი,0,0,1,0,0,0,0,0,0,0
გარიგება,0,0,0,0,0,0,1,0,0,1
ბარჟა,0,0,0,0,0,0,0,0,0,0
ბარიტონი,0,0,0,0,0,0,0,0,0,0
ქერქი,1,0,0,0,0,1,0,0,0,0
ბეღელი,0,0,0,0,0,0,0,0,0,0
ბარნი,0,0,0,0,0,0,0,0,0,0
ბარომეტრი,0,0,0,0,0,0,0,0,0,0
ბარონი,0,0,0,0,0,0,0,0,0,0
ბაროკოს,0,0,0,0,0,0,0,0,0,0
ბარაკი,0,0,0,0,0,0,0,0,0,0
აკრძალული,0,0,0,0,0,1,0,0,0,0
ბარელი,0,0,0,0,0,0,0,0,0,0
უნაყოფო,0,0,0,0,0,1,0,1,0,0
ბარიკადი,0,0,0,1,0,1,0,0,0,0
ბარიერი,1,0,0,0,0,1,0,0,0,0
აკრძალვა,0,0,0,0,0,0,0,0,0,0
ადვოკატი,0,0,0,0,0,0,0,0,0,0
ბაროუ,0,0,1,0,0,0,0,0,0,0
ბარმენი,0,0,0,0,0,0,0,0,0,1
გაცვლა,0,0,0,0,0,0,0,0,0,1
ბაზა,0,0,0,0,0,0,0,0,0,1
ბეისბოლი,0,0,0,0,0,0,0,0,0,0
დაფა,0,0,0,0,0,0,0,0,0,0
უსაფუძვლო,0,0,0,0,0,1,0,0,0,0
სარდაფი,0,0,0,0,0,0,0,0,0,0
ბაზილიკა,0,0,0,0,0,0,0,0,0,0
აუზი,0,0,0,0,0,0,0,0,0,0
საფუძველი,0,0,0,0,0,0,0,0,0,0
ბასკი,0,0,0,0,0,0,0,0,0,0
კალათა,0,0,0,0,0,0,0,0,0,0
კალათბურთი,0,1,0,0,1,0,1,0,0,0
ბასი,0,0,0,0,0,0,0,0,0,0
ბასო,0,0,0,0,0,0,0,0,0,0
ფაგოტი,0,0,0,0,0,0,0,0,0,0
ნაბიჭვარი,0,0,1,0,0,1,0,1,0,0
ბასტიონი,1,0,0,0,0,0,1,0,0,0
ბარტყი,0,0,0,0,0,0,0,0,0,0
პარტია,0,0,0,0,0,0,0,0,0,0
პარტია,0,0,0,0,0,0,0,0,0,0
ბატე,0,0,0,0,0,0,0,0,0,0
აბანო,0,0,0,0,0,0,1,0,0,0
დაიბანეთ,0,0,0,0,0,0,0,0,0,0
აბაზანა,0,0,0,0,0,0,0,0,0,0
ბათიმეტრია,0,0,0,0,0,0,0,0,0,0
ხელკეტი,0,0,0,0,0,0,0,0,0,0
ბატალიონი,1,0,0,0,0,0,0,0,0,0
ცომი,1,0,0,1,0,1,0,0,0,0
შელახული,0,0,0,1,0,1,0,1,0,0
ბატარეა,1,0,0,0,0,1,0,0,0,0
ბრძოლა,1,0,0,0,0,1,0,0,0,0
იბრძოდა,1,0,0,1,0,1,0,1,0,0
ბრძოლის ველი,0,0,0,1,0,1,0,0,0,0
უაზრო,0,0,0,0,0,1,0,0,0,0
ყურე,0,0,0,0,0,0,0,0,0,0
ბაიონეტი,1,0,0,1,0,1,0,0,0,0
bayou,0,0,0,0,0,0,0,0,0,0
ბაზარი,0,0,0,0,0,0,0,0,0,0
სანაპირო,0,0,0,0,1,0,0,0,0,0
შუქურა,0,0,0,0,0,0,0,0,0,0
მძივი,0,0,0,0,0,0,0,0,0,0
მძივები,0,0,0,0,0,0,0,0,0,0
მძივები,0,0,0,0,0,0,0,0,0,0
ბიგლი,0,0,0,0,0,0,0,0,0,0
წვერი,0,0,0,0,0,0,0,0,0,0
ჭიქა,0,0,0,0,0,0,0,0,0,0
სხივი,0,0,0,0,1,0,1,0,0,0
ნათება,0,1,0,0,1,0,1,0,0,0
დათვი,1,0,0,1,0,0,0,0,0,0
წვერი,0,0,0,0,0,0,0,0,0,0
წვერიანი,0,0,0,0,0,0,0,0,0,0
მატარებელი,0,0,0,0,0,1,0,0,0,0
ტარება,0,0,0,0,0,0,0,0,0,0
საკისრები,0,0,0,0,0,0,0,0,0,0
დათვი,1,0,0,1,0,0,0,0,0,0
მხეცი,1,0,0,1,0,1,0,0,0,0
მხეცური,0,0,1,1,0,1,0,0,0,0
ცემა,0,0,0,0,0,0,0,0,0,0
ცემის,1,0,0,1,0,1,0,1,0,0
ლამაზმანი,0,0,0,0,0,0,0,0,0,0
გალამაზება,0,0,0,0,1,0,1,0,0,1
ლამაზი,0,0,0,0,1,0,1,0,0,0
გაალამაზებს,0,0,0,0,1,0,1,0,0,0
სილამაზე,0,0,0,0,1,0,1,0,0,0
ბეკი,0,0,0,0,0,0,0,0,0,0
ანიშნა,0,0,0,0,0,0,0,0,0,0
საწოლი,0,0,0,0,0,0,0,0,0,0
საწოლები,0,0,0,0,0,0,0,0,0,0
ფსკერი,0,0,0,0,0,0,1,0,0,1
საძინებელი,0,0,0,0,0,0,0,0,0,0
ძილის წინ,0,0,0,0,0,0,0,0,0,0
ფუტკარი,1,0,0,1,0,0,0,0,0,0
საქონლის ხორცი,0,0,0,0,0,0,0,0,0,0
საფუტკრე,0,0,0,0,0,0,0,0,0,0
ლუდი,0,0,0,0,1,0,1,0,0,0
ფუტკრის ცვილი,0,0,0,0,0,0,0,0,0,0
ხოჭო,0,0,0,0,0,0,0,0,0,0
დაემართება,0,0,0,0,0,1,0,0,0,0
უხდება,0,0,0,0,0,0,1,0,0,0
დაუმეგობრდი,0,0,0,0,1,0,1,0,0,1
ევედრება,0,0,0,0,0,1,0,1,0,0
მათხოვარი,0,0,0,0,0,1,0,1,0,0
ხვეწნა,0,0,0,0,0,1,0,0,0,0
დაიწყოს,0,0,0,0,0,0,0,0,0,0
დამწყები,0,0,0,0,0,0,0,0,0,0
დასაწყისი,0,0,0,0,0,0,0,0,0,0
დაიწყო,0,1,0,0,0,0,0,0,0,0
მოქმედება,0,0,0,0,0,0,0,0,0,0
ბეჰემოთი,0,0,0,1,0,1,0,0,0,0
ბრძანება,0,0,0,0,0,0,0,0,0,0
აჰა,0,0,0,0,0,0,0,0,0,0
აჰა,0,0,0,0,0,1,0,0,0,0
შემყურე,0,0,0,0,0,0,0,0,0,0
დაგვიანებული,0,0,0,0,0,1,0,0,0,0
ბელეი,0,0,0,0,0,0,0,0,0,0
რწმენა,0,0,0,0,0,0,0,0,0,0
დაიჯერა,0,0,0,0,0,0,0,0,0,1
მორწმუნე,0,0,0,0,0,0,0,0,0,1
სჯეროდა,0,0,0,0,0,0,1,0,0,1
დააკნინება,1,0,1,1,0,1,0,1,0,0
ზარი,0,0,0,0,0,0,0,0,0,0
მეომარი,1,0,0,1,0,1,0,0,0,0
ქვემოთ,0,0,0,0,0,0,0,0,0,0
ბუხარი,1,0,0,0,0,0,0,0,0,0
მუცელი,0,0,0,0,0,0,0,0,0,0
ნივთები,0,0,0,0,0,0,0,0,0,0
ქამარი,1,0,0,1,0,1,0,0,0,0
შეცბუნებული,0,0,0,0,0,0,0,0,0,0
სკამი,0,0,0,0,0,0,0,0,0,0
წარმართონ,0,0,0,0,0,0,0,0,0,0
გამხვევი,0,0,0,0,0,1,0,0,0,0
მოხრა,0,0,0,0,0,0,0,0,0,0
ქვემოთ,0,0,0,0,0,0,0,0,0,0
კეთილისმყოფელი,0,0,0,0,0,0,1,0,0,1
მომგებიანი,0,0,0,0,0,0,1,0,0,0
ბენეფიციარი,0,0,0,0,0,0,0,0,0,0
სარგებელი,0,0,0,0,0,0,1,0,0,0
კეთილგანწყობა,0,0,0,0,1,0,1,0,0,1
კეთილთვისებიანი,0,0,0,0,1,0,1,0,0,0
მოხრილი,0,0,0,0,0,0,0,0,0,0
ბენზოლი,0,0,0,0,0,0,0,0,0,0
ანდერძს,0,0,0,0,0,0,0,0,0,0
ანდერძი,0,0,0,0,0,0,0,0,0,1
მოწყენილი,0,0,0,0,0,1,0,1,0,0
მძიმე დანაკლისი,0,0,0,0,0,1,0,1,0,0
დაცლილი,0,0,0,0,0,1,0,0,0,0
ბერგამოტი,0,0,0,0,0,0,0,0,0,0
ბერლინი,0,0,0,0,0,0,0,0,0,0
გაბრაზებული,1,0,0,0,0,1,0,0,0,0
ნავმისადგომი,0,0,0,0,0,0,1,0,0,0
ვედრება,0,0,0,0,0,0,0,0,0,0
დაბნეული,0,0,0,0,0,0,0,0,0,0
ცხოველური,0,0,1,1,0,1,0,0,0,0
მიანიჭოს,0,0,0,0,0,0,0,0,0,0
ფსონი,0,0,0,0,0,0,0,0,0,0
ღალატობს,1,0,1,0,0,1,0,1,1,0
ღალატი,1,0,1,0,0,1,0,1,0,0
გათხოვილი,0,1,0,0,1,0,1,0,0,1
გაუმჯობესება,0,0,0,0,0,0,1,0,0,0
ფსონი,0,0,0,0,0,0,0,0,0,0
ბეტი,0,0,0,0,0,0,0,0,0,0
დახრილი,0,0,0,0,0,0,0,0,0,0
სასმელი,0,0,0,0,0,0,1,0,0,0
ბევი,0,0,0,0,0,0,0,0,0,0
უფრთხილდი,0,1,0,1,0,1,0,0,0,0
დაბნეული,0,0,0,1,0,1,0,0,1,0
დაბნეულობა,0,0,0,1,0,0,0,0,1,0
მიკერძოება,1,0,0,0,0,1,0,0,0,0
მიკერძოებული,0,0,0,0,0,1,0,0,0,0
ბიბილო,0,0,0,0,0,0,0,0,0,0
ბიბლიური,0,0,0,0,0,0,1,0,0,0
ბიბლიოგრაფია,0,0,0,0,0,0,0,0,0,0
კამათი,1,0,1,0,0,1,0,0,0,0
ორფეროვანი,0,0,0,0,0,0,0,0,0,0
ველოსიპედი,0,0,0,0,0,0,0,0,0,0
შეთავაზება,0,0,0,0,0,0,0,0,0,0
პრეტენდენტი,0,0,0,0,0,0,0,0,0,0
ვაჭრობა,0,0,0,0,0,0,0,0,0,0
ორწლიანი,0,1,0,0,0,0,0,0,0,0
ბიერი,0,0,0,1,0,1,0,1,0,0
ბიფურკაცია,0,0,0,0,0,0,0,0,0,0
დიდი,0,0,0,0,0,0,0,0,0,0
დიდსულოვანი,1,0,1,1,0,1,0,0,0,0
დიდსულოვანი,1,0,1,1,0,1,0,1,0,0
ველოსიპედი,0,0,0,0,0,0,0,0,0,0
ორმხრივი,0,0,0,0,0,0,0,0,0,0
ორფენიანი,0,0,0,0,0,0,0,0,0,0
ნაღველი,1,0,1,0,0,1,0,0,0,0
ნაღველი,0,0,0,0,0,0,0,0,0,0
ორენოვანი,0,0,0,0,0,0,1,0,0,0
კანონპროექტი,0,0,0,0,0,0,0,0,0,0
billet,0,0,0,0,0,0,0,0,0,0
ბილიარდი,0,0,0,0,0,0,0,0,0,0
მილიარდი,0,0,0,0,0,0,0,0,0,0
ბილი,0,0,0,0,0,0,0,0,0,0
ორთვიანი,0,0,0,0,0,0,0,0,0,0
ურნა,0,0,0,0,0,0,0,0,0,0
ორობითი,0,0,0,0,0,0,0,0,0,0
შებოჭვა,0,0,0,0,0,0,0,0,0,0
შემკვრელი,0,0,0,0,0,0,0,0,0,0
სავალდებულო,0,0,0,0,0,0,0,0,0,0
ბინგ,0,0,0,0,0,0,0,0,0,0
ბინოკლები,0,0,0,0,0,0,0,0,0,0
ბინოკლები,0,0,0,0,0,0,0,0,0,0
ბინომიალური,0,0,0,0,0,0,0,0,0,0
ბიოგენეზი,0,0,0,0,0,0,0,0,0,0
ბიოგრაფი,0,0,0,0,0,0,0,0,0,0
ბიოგრაფია,0,0,0,0,0,0,0,0,0,0
ბიოლოგია,0,0,0,0,0,0,0,0,0,0
ბიოფსია,0,0,0,1,0,1,0,0,0,0
ბიოსფერო,0,0,0,0,0,0,0,0,0,0
ორმხრივი,0,0,0,0,0,0,0,0,0,0
არყის,1,0,1,1,0,1,0,0,0,0
ჩიტი,0,0,0,0,0,0,0,0,0,0
დაბადების,0,1,0,1,1,0,1,0,0,1
დაბადების დღე,0,1,0,0,1,0,1,0,1,0
დაბადების ადგილი,1,0,0,0,0,1,0,0,0,0
დაბადების უფლება,0,0,0,0,0,0,0,0,0,0
ბის,0,0,0,0,0,0,0,0,0,0
ეპისკოპოსი,0,0,0,0,0,0,0,0,0,0
ბიზონი,0,0,0,0,0,0,0,0,0,0
ცოტა,0,0,0,0,0,0,0,0,0,0
ძუა,1,0,1,1,0,1,0,1,0,0
ნაკბენი,0,0,0,0,0,1,0,0,0,0
მწარედ,1,0,1,0,0,1,0,1,0,0
სიმწარე,1,0,1,0,0,1,0,1,0,0
ბიტუმი,0,0,0,0,0,0,0,0,0,0
ორ კვირაში,0,0,0,0,0,0,0,0,0,0
უცნაური,0,0,0,0,0,1,0,0,1,0
მაყვალი,0,0,0,0,0,0,0,0,0,0
დაფა,0,0,0,0,0,0,0,0,0,0
ბლექჯეკი,0,0,0,0,0,1,0,0,0,0
შანტაჟი,1,0,0,1,0,1,0,0,0,0
შავთვალება,0,0,0,1,0,1,0,1,0,0
მჭედელი,0,0,0,0,0,0,0,0,0,0
შარდის ბუშტი,0,0,0,0,0,0,0,0,0,0
დანა,0,0,0,0,0,0,0,0,0,0
ბრალი,1,0,1,0,0,1,0,0,0,0
უმანკო,0,0,0,0,0,0,1,0,0,0
ნაზი,0,0,0,0,0,1,0,0,0,0
ცარიელი,0,0,0,0,0,0,0,0,0,0
საბანი,0,0,0,0,0,0,0,0,0,1
მკრეხელური,1,0,1,0,0,1,0,0,0,0
გმობა,1,0,0,0,0,1,0,0,0,0
აფეთქება,1,0,0,1,0,1,0,0,1,0
უხეში,1,0,1,0,0,1,0,0,0,0
ბლათერი,0,0,0,0,0,1,0,0,0,0
ცეცხლმოკიდებული,1,0,0,0,0,1,0,0,0,0
ცეცხლმოკიდებული,0,0,0,0,0,0,0,0,0,0
გაუფერულება,0,0,0,0,0,0,0,0,0,0
ბნელი,0,0,0,0,0,1,0,1,0,0
სისხლდენა,0,0,1,1,0,1,0,1,0,0
ნაკლი,1,0,1,1,0,1,0,1,0,0
ნაზავია,0,0,0,0,0,0,0,0,0,0
შერევა,0,0,0,0,0,0,0,0,0,0
დალოცოს,0,1,0,0,1,0,1,0,0,1
დალოცვილი,0,0,0,0,1,0,1,0,0,0
კურთხევა,0,1,0,0,1,0,1,0,0,1
კურთხევა,0,1,0,0,1,0,1,0,1,1
სიწითლე,0,0,1,1,0,1,0,1,0,0
დაბნეული,0,0,1,0,0,1,0,1,0,0
დაბრმავებული,0,0,0,0,0,1,0,0,0,0
თვალდახუჭული,0,1,0,1,0,0,0,0,1,0
თვალდახუჭული,0,0,0,0,0,0,0,0,0,0
ბრმად,0,0,0,0,0,1,0,1,0,0
სიბრმავე,0,0,0,0,0,1,0,1,0,0
თვალის დახამხამება,0,0,0,0,0,0,0,0,0,0
ნეტარება,0,0,0,0,1,0,1,0,0,0
ნეტარი,0,0,0,0,1,0,1,0,0,0
ბლისტერი,0,0,1,0,0,1,0,0,0,0
ბლიცი,0,0,0,0,0,0,0,0,1,0
ქარბუქი,0,0,0,0,0,0,0,0,0,0
გაბერილი,0,0,1,0,0,1,0,0,0,0
ბლომად,0,0,1,1,0,1,0,0,0,0
ბლოკი,0,0,0,0,0,0,0,0,0,0
ბლოკადა,1,0,0,1,0,1,0,1,0,0
ქერა,0,0,0,0,0,0,0,0,0,0
სისხლი,0,0,0,0,0,0,0,0,0,0
სისხლიანი ძაღლი,0,0,0,0,0,0,0,0,0,0
უსისხლო,0,0,0,0,0,0,1,0,0,0
სისხლისღვრა,1,0,1,1,0,1,0,1,1,0
სისხლისმსმელი,1,0,1,1,0,1,0,0,0,0
სისხლიანი,1,0,1,1,0,1,0,1,0,0
აყვავება,0,1,0,0,1,0,1,0,0,1
ყვავილობის,0,0,0,0,1,0,1,0,0,0
ბლოტი,0,0,0,0,0,1,0,0,0,0
ბლუზა,0,0,0,0,0,0,0,0,0,0
აფეთქება,0,0,0,0,0,1,0,0,0,0
უბერავს,0,0,0,0,0,0,0,0,0,0
ააფეთქეს,0,0,0,0,0,0,0,0,0,0
აფეთქება,0,0,0,0,0,1,0,0,0,0
ლურჯი,0,0,0,0,0,0,0,1,0,0
ბლუზი,0,0,0,1,0,1,0,1,0,0
ბლეფი,0,0,0,0,0,1,0,0,0,0
მოლურჯო,0,0,0,0,0,0,0,0,0,0
შეცდომა,0,0,1,0,0,1,0,1,0,0
ბლაგვი,0,0,0,0,0,0,0,0,0,0
დაბინდვა,0,0,0,0,0,1,0,0,0,0
ბუნდოვანი,0,0,0,0,0,1,0,0,0,0
გაწითლება,0,0,0,0,0,1,0,0,0,0
გაწითლებული,0,0,0,0,0,0,0,0,0,0
ბოა,0,0,0,0,0,0,0,0,0,0
ღორი,0,0,0,0,0,0,0,0,0,0
დაფა,0,1,0,0,0,0,0,0,0,0
მესაზღვრე,0,0,0,0,0,0,0,0,0,0
ინტერნატის,0,0,0,0,0,0,0,0,0,0
დაფები,0,0,0,0,0,0,0,0,0,0
იკვეხნიან,0,0,0,0,0,1,1,0,0,0
ტრაბახობდა,0,0,0,0,0,1,0,0,0,0
ნავი,0,0,0,0,0,0,0,0,0,0
ნავებით გასეირნება,0,0,0,0,0,0,0,0,0,0
ბობინი,0,0,0,0,0,0,0,0,0,0
ბოდე,0,0,0,0,0,0,0,0,0,0
bodice,0,0,0,0,0,0,0,0,0,0
სხეულებრივი,0,0,0,0,0,0,0,0,0,0
სხეული,0,0,0,0,0,0,0,0,0,0
მცველი,0,0,0,0,0,0,1,0,0,1
ჭაობიანი,0,0,0,0,0,1,0,0,0,0
ყალბი,1,0,1,0,0,1,0,0,0,0
მოვხარშოთ,0,0,1,0,0,1,0,0,0,0
ქვაბი,0,0,0,0,0,0,0,0,0,0
ქვაბის ფირფიტა,0,0,0,0,0,1,0,0,0,0
მდუღარე,0,0,0,0,0,0,0,0,0,0
ხმაურიანი,1,1,0,0,1,1,1,0,0,0
გაბედული,0,0,0,0,0,0,1,0,0,0
გამბედაობა,0,0,0,0,0,0,1,0,0,0
ხელი შევუწყოთ,0,0,0,0,0,0,1,0,0,0
ჭანჭიკი,0,0,0,0,0,0,0,0,0,0
ბოლუსი,0,0,0,0,0,0,0,0,0,0
ბომბი,1,0,0,1,0,1,0,1,1,0
დაბომბვა,1,0,0,1,0,1,0,0,0,0
დაბომბვა,1,0,0,1,0,1,0,0,0,0
დაბომბეს,0,0,1,0,0,1,0,0,0,0
ბომბდამშენი,0,0,0,1,0,0,0,1,0,0
ბონაზა,0,0,0,0,1,0,1,0,0,0
ბონდი,0,0,0,0,0,0,0,0,0,0
მონობა,0,0,0,1,0,1,0,1,0,0
ობლიგაციები,0,0,0,0,0,1,0,0,0,0
ძვალი,0,0,0,0,0,0,0,0,0,0
ბონერი,0,0,0,0,0,0,0,0,0,0
ძვლები,0,0,0,0,0,0,0,0,0,0
კოცონი,0,0,0,0,0,0,0,0,0,0
ძვალი,0,0,0,0,0,0,1,0,0,0
კაპოტი,0,0,0,0,0,0,0,0,0,0
ბონუსი,0,1,0,0,1,0,1,0,1,0
ძვლიანი,0,0,0,0,0,0,0,0,0,0
ბოუ,0,0,0,0,0,1,0,0,0,0
მკერდი,0,0,0,0,0,0,0,0,0,0
ბობი,0,0,0,0,0,1,0,0,0,0
წიგნი,0,0,0,0,0,0,0,0,0,0
წიგნის კარადა,0,0,0,0,0,0,0,0,0,0
დაჯავშნა,0,0,0,0,0,0,0,0,0,0
წიგნიერი,0,0,0,0,0,0,1,0,0,0
ბუღალტერი,0,0,0,0,0,0,0,0,0,0
ბუღალტრული აღრიცხვა,0,0,0,0,0,0,0,0,0,0
ბუკლეტი,0,0,0,0,0,0,0,0,0,0
წიგნები,0,0,0,0,0,0,0,0,0,0
წიგნის გამყიდველი,0,0,0,0,0,0,0,0,0,0
წიგნის მაღაზია,0,0,0,0,0,0,1,0,0,0
წიგნის მაღაზია,0,0,0,0,0,0,0,0,0,0
წიგნის ჭია,0,0,0,0,0,1,1,0,0,0
ბუმერანგი,0,1,0,0,0,0,0,0,0,1
ბუმია,0,0,0,0,0,0,0,0,0,0
სიკეთე,0,0,0,0,0,0,1,0,0,0
გაძლიერება,0,0,0,0,0,0,0,0,0,0
გამაძლიერებელი,0,0,0,0,0,0,0,0,0,0
ჩექმა,0,0,0,0,0,0,0,0,0,0
ჯიხური,0,0,0,0,0,0,0,0,0,0
ფეხსაცმელი,0,0,0,0,0,0,0,0,0,0
ნადავლი,0,0,0,0,0,0,0,0,0,0
სასმელი,0,0,0,0,0,1,0,0,0,0
საზღვარი,0,0,0,0,0,0,0,0,0,0
მოსაზღვრე,0,0,0,0,0,0,0,0,0,0
მოწყენილი,0,0,0,0,0,1,0,0,0,0
ბორეალური,0,0,0,0,0,0,0,0,0,0
მოწყენილობა,0,0,0,0,0,1,0,1,0,0
ბურერი,0,0,0,0,0,0,0,0,0,0
მოსაწყენი,0,0,0,0,0,1,0,0,0,0
დაბა,0,0,0,0,0,0,0,0,0,0
სესხება,0,0,0,0,0,0,0,0,0,0
მსესხებელი,0,0,0,0,0,1,0,0,0,0
წიაღში,0,0,0,0,0,0,0,0,0,0
ბოსი,0,0,0,0,0,0,0,0,0,0
ბოსტონი,0,0,0,0,0,0,0,0,0,0
ბოტანიკური,0,0,0,0,0,0,0,0,0,0
ბოტანიკოსი,0,0,0,0,0,0,0,0,0,0
ბოტანიკა,0,0,0,0,0,0,0,0,0,0
შეწუხება,0,0,0,0,0,1,0,0,0,0
აწუხებს,1,0,0,0,0,1,0,1,0,0
ბოთლი,0,0,0,0,0,0,0,0,0,0
ქვედა,0,0,0,0,0,1,0,1,0,0
უძირო,0,0,0,1,0,0,0,0,0,0
ლოდი,0,0,0,0,0,0,0,0,0,0
გადახტომა,0,0,0,0,0,0,0,0,0,0
შეკრული,0,0,0,0,0,1,0,0,0,0
საზღვარი,0,0,0,0,0,0,0,0,0,0
უსაზღვრო,0,0,0,0,0,0,0,0,0,0
საზღვრები,0,0,0,0,0,0,0,0,0,0
უხვად,0,1,0,0,1,0,1,0,0,0
სიკეთე,0,1,0,0,1,0,1,0,0,1
ბუკეტი,0,0,0,0,1,0,1,0,0,1
ბურჟუაზიული,0,0,0,0,0,0,0,0,0,0
ბურჟუაზია,0,0,0,0,0,0,0,0,0,0
საფონდო ბირჟა,0,0,0,0,0,0,0,0,0,0
ბრძოლა,1,0,0,0,0,1,0,0,0,0
მსხვილფეხა რქოსანი,0,0,1,0,0,1,0,0,0,0
დაიხარა,0,0,0,0,0,0,0,0,0,0
ნაწლავები,0,0,1,0,0,0,0,0,0,0
თასი,0,0,0,0,0,0,0,0,0,0
თასები,0,0,0,0,0,0,0,0,0,0
ყუთი,0,0,0,0,0,0,0,0,0,0
მოკრივე,0,0,0,0,0,0,0,0,0,0
კრივი,1,0,0,0,0,0,0,0,0,0
ბოიკოტი,0,0,0,0,0,1,0,0,0,0
ბავშვობა,0,0,0,0,0,0,0,0,0,0
ბიჭური,0,0,0,0,0,0,0,0,0,0
სამაგრი,0,0,0,0,0,0,0,0,0,0
სამაჯური,0,0,0,0,0,0,0,0,0,0
ბრეკეტები,0,0,0,0,0,0,0,0,0,0
მხრისებრი,0,0,0,0,0,0,0,0,0,0
სამაგრი,0,0,0,0,0,0,0,0,0,0
ფრჩხილები,0,0,0,0,0,0,0,0,0,0
მლაშე,0,0,0,0,0,0,0,0,0,0
ბრედ,0,0,0,0,0,0,0,0,0,0
ტრაბახობა,0,0,0,0,0,1,0,0,0,0
ლენტები,0,0,0,0,0,0,0,0,0,0
ტვინი,0,0,0,0,0,0,0,0,0,0
ტვინი,0,0,0,0,0,0,1,0,0,0
ტვინის შტორმი,0,0,0,0,0,0,0,0,0,0
სამუხრუჭე,0,0,0,0,0,0,0,0,0,0
ქატო,0,0,1,0,0,0,0,0,0,0
ფილიალი,0,0,0,0,0,0,0,0,0,0
განშტოება,0,0,0,0,0,0,0,0,0,0
კონიაკი,0,0,0,0,0,1,0,0,0,0
სპილენძის,0,0,0,0,0,0,0,0,0,0
ბრატი,0,0,0,0,0,0,0,0,0,0
ბრავადო,0,0,0,0,0,1,0,0,0,0
ვაჟკაცობა,0,0,0,0,0,0,1,0,0,0
ჩხუბი,1,0,1,1,0,1,0,0,0,0
თავხედი,1,0,0,0,0,1,0,0,0,0
დარღვევა,0,0,0,0,0,1,0,0,0,0
პური,0,0,0,0,0,0,0,0,0,0
სიგანე,0,0,0,0,0,0,0,0,0,0
შესვენება,0,0,0,0,0,0,0,0,1,0
მსხვრევადი,0,0,0,0,0,0,0,0,0,0
ავარია,0,0,0,0,0,1,0,0,0,0
ამომრთველი,0,0,0,0,0,0,0,0,0,0
ამომრთველები,0,0,0,0,0,0,0,0,0,0
საუზმე,0,0,0,0,0,0,1,0,0,0
საშინელი,0,0,0,0,0,1,0,0,0,0
გაშორება,0,0,0,0,0,1,0,1,0,0
სუნთქვა,0,0,0,0,0,0,0,0,0,0
ბრიჯი,0,0,0,0,0,0,0,0,0,0
ბრიჯები,0,0,0,0,0,0,0,0,0,0
ჯიშის,0,0,0,0,0,0,0,0,0,0
სელექციონერი,0,0,0,0,0,0,0,0,0,0
მეცხოველეობა,0,0,0,0,0,0,0,0,0,0
ნიავი,0,0,0,0,0,0,0,0,0,0
ქარიანი,0,0,0,0,0,0,0,0,0,0
ძმებო,0,0,0,0,0,0,0,0,0,0
ბრევი,0,0,0,0,0,0,0,0,0,0
მოკლედ,0,0,0,0,0,0,0,0,0,0
მწიფდება,0,0,0,0,0,0,0,0,0,0
მწიფდება,0,0,0,0,0,0,0,0,0,0
ქრთამი,0,0,0,0,0,1,0,0,0,0
მოსყიდვა,0,0,1,0,0,1,0,0,0,0
აგური,0,0,0,0,0,0,0,0,0,0
საქორწილო,0,1,0,0,1,0,1,0,0,1
პატარძალი,0,1,0,0,1,0,1,0,0,1
სიძე,0,1,0,0,1,0,1,0,0,1
სასიძო,0,0,0,0,1,0,1,0,0,1
ხიდი,0,0,0,0,0,0,0,0,0,0
ლაგამი,0,0,0,0,0,0,0,0,0,0
მოკლედ,0,0,0,0,0,0,0,0,0,0
ბრიგ,0,0,0,0,0,0,0,0,0,0
ბრიგადა,0,0,0,1,0,1,0,0,0,0
ანათებს,0,0,0,0,1,0,1,0,1,1
სიკაშკაშე,0,0,0,0,0,0,1,0,0,0
ბრწყინვალე,0,1,0,0,1,0,1,0,0,1
ნაპირი,0,0,0,0,0,0,0,0,0,0
სავსე,0,0,0,0,0,0,0,0,0,0
გოგირდის,1,0,0,1,0,1,0,0,0,0
მარილწყალში,0,0,0,0,0,0,0,0,0,0
მოიტანეთ,0,0,0,0,0,0,0,0,0,0
ზღვარზე,0,0,0,0,0,0,0,0,0,0
ჩქარი,0,0,0,0,0,0,0,0,0,0
ჯაგარი,0,0,0,0,0,1,0,0,0,0
მტვრევადი,0,0,0,0,0,0,0,0,0,0
გადაცემა,0,0,0,0,0,0,0,0,0,0
ფართო მხარე,0,1,0,0,0,1,0,0,0,0
ბროკადი,0,0,0,0,0,0,1,0,0,0
ბროშურა,0,0,0,0,0,0,0,0,0,0
ბრაილი,1,0,0,0,0,1,0,0,0,0
გატეხა,0,0,0,1,0,1,0,1,0,0
გატეხილი,1,0,0,1,0,1,0,1,0,0
ბროკერი,0,0,0,0,0,0,0,0,0,0
საბროკერო,0,0,0,0,0,0,0,0,0,0
ბრონქო,0,0,0,0,0,0,0,0,0,0
ბრინჯაო,0,0,0,0,0,0,0,0,0,0
ნათესაობა,0,0,0,0,0,0,0,0,0,0
მოთენთილობა,0,0,0,0,0,0,0,0,0,0
ნაკადი,0,0,0,0,0,0,0,0,0,0
ცოცხი,0,0,0,0,0,0,0,0,0,0
ბულიონი,0,0,0,0,0,0,0,0,0,0
ბორდელი,0,0,1,0,0,1,0,0,0,0
ძმაო,0,0,0,0,0,0,1,0,0,1
ძმობა,0,0,0,0,0,0,1,0,0,1
ძმური,0,1,0,0,1,0,1,0,0,1
წარბი,0,0,0,0,0,0,0,0,0,0
ყავისფერი,0,0,0,0,0,0,0,0,0,0
სისხლჩაქცევა,0,1,0,0,0,1,0,0,0,0
შავგვრემანი,0,0,0,0,0,0,0,0,0,0
ბრუნტი,1,0,0,0,0,1,0,0,0,0
ფუნჯი,0,0,0,0,0,0,0,0,0,0
სასტიკი,1,0,0,1,0,1,0,0,0,0
სისასტიკე,1,0,0,1,0,1,0,0,0,0
უხეში,1,0,0,1,0,1,0,1,0,0
ბუშტი,0,0,0,0,0,0,0,0,0,0
ბუშტუკებს,0,0,0,0,0,0,0,0,0,0
მამალი,0,0,0,1,0,1,1,0,1,0
ვედრო,0,0,0,0,0,0,0,0,0,0
ბალთა,0,0,0,0,0,0,0,0,0,0
ჩაკეცილი,0,0,0,0,0,0,0,0,0,0
კვირტი,0,0,0,0,0,0,0,0,0,0
მეგობარო,0,1,0,0,1,0,1,0,0,1
დაძვრება,0,0,0,0,0,0,0,0,0,0
ბიუჯეტი,0,0,0,0,0,0,0,0,0,1
კამეჩების,0,0,0,0,0,0,0,0,0,0
ბუფერი,0,0,0,0,0,0,0,0,0,0
ბუფეტი,1,0,0,0,0,1,0,0,0,0
შეცდომა,0,0,1,1,0,1,0,0,0,0
ბუგაბუ,1,0,0,1,0,1,0,1,0,0
ბაგი,0,0,0,0,0,0,0,0,0,0
ბაგლი,0,1,0,0,0,0,0,0,0,0
აშენება,0,0,0,0,0,0,1,0,0,0
მშენებელი,0,0,0,0,0,0,0,0,0,0
შენობა,0,0,0,0,0,0,1,0,0,0
შენობები,0,0,0,0,0,0,0,0,0,0
ნათურა,0,0,0,0,0,0,0,0,0,0
ბოლქვიანი,0,0,0,0,0,1,0,0,0,0
შეშუპება,0,0,0,0,0,0,0,0,0,0
ნაყარი,0,0,0,0,0,0,0,0,0,0
ნაყარი,0,0,0,0,0,0,0,0,0,0
ნაყარი,0,0,0,0,0,0,0,0,0,0
ხარი,0,0,0,0,0,0,0,0,0,0
ბულდოგი,0,0,0,0,0,0,1,0,0,0
ბულდოზერი,0,0,0,0,0,0,0,0,0,0
ტყვია,0,0,0,0,0,0,0,0,0,0
ბიულეტენი,0,0,0,0,0,0,0,0,0,0
ტყვიაგაუმტარი,0,0,0,0,0,0,1,0,0,0
ხარი,0,0,0,0,0,0,0,0,0,0
მოძალადე,1,0,0,1,0,1,0,0,0,0
საყრდენი,0,0,0,0,0,0,0,0,0,0
ბოზი,0,0,1,0,0,1,0,1,0,0
ბუმბერაზი,1,0,1,0,0,1,0,0,0,0
მუწუკი,0,0,0,0,0,0,0,0,0,0
ფუნთუშა,0,0,0,0,0,0,0,0,0,0
მტევანი,0,0,0,0,0,0,0,0,0,0
შეკვრა,0,0,0,0,0,0,0,0,0,0
ბუნგალო,0,0,0,0,0,0,0,0,0,0
ორსართულიანი,0,0,0,0,0,0,0,0,0,0
ბუნკერი,0,0,0,1,0,0,0,0,0,0
ბუნტი,0,0,0,0,0,0,0,0,0,0
ბუი,0,0,0,0,0,0,1,0,0,0
ბუანობა,0,0,0,0,0,0,0,0,0,0
ბურ,0,0,0,0,0,0,0,0,0,0
ტვირთი,0,0,0,0,0,0,0,0,0,0
მძიმე,0,0,0,1,0,1,0,1,0,0
ბიურო,0,0,0,0,0,0,0,0,0,0
ბიუროკრატია,0,0,0,0,0,1,0,0,0,1
ბიუროკრატი,0,0,1,0,0,1,0,0,0,0
მძარცველი,0,0,1,1,0,1,0,0,0,0
ძარცვა,0,0,0,0,0,1,0,0,0,0
დაკრძალვის,1,0,0,1,0,1,0,1,0,0
დაკრძალეს,0,0,0,1,0,1,0,1,0,0
ბურკი,1,0,1,1,0,1,0,1,0,0
ბურლაპი,0,0,0,0,0,0,0,0,0,0
ბურლესკი,0,0,0,0,0,0,0,0,1,0
მსუქანი,0,0,0,0,0,0,0,0,0,0
დამწვრობა,0,0,0,0,0,0,0,0,0,0
საწვავი,0,0,0,0,0,0,0,0,0,0
წვა,0,0,0,0,0,0,0,0,0,0
დამწვარი,0,0,0,0,0,0,0,0,0,0
გადაღლა,0,0,0,0,0,0,0,0,0,0
დამწვარი,0,0,1,0,0,1,0,0,0,0
ბურუსი,0,0,0,0,0,0,0,0,0,0
ბურუსი,0,0,0,0,0,0,0,0,0,0
სტიპენდია,0,0,0,0,0,0,0,0,0,1
დამარხვა,0,0,0,0,0,0,0,1,0,0
ავტობუსი,0,0,0,0,0,0,0,0,0,0
ბუჩქი,0,0,0,0,0,0,0,0,0,0
ბუშელი,0,0,0,0,0,0,0,0,0,0
ბუჩქოვანი,0,0,0,0,0,0,0,0,0,0
ბიზნესი,0,0,0,0,0,0,0,0,0,0
ავტობუსი,0,0,0,0,1,0,1,0,0,0
ბიუსტი,0,0,0,0,0,0,0,0,0,0
გაანადგურეს,1,0,0,1,0,1,0,0,0,0
აურზაური,0,0,0,0,0,0,0,0,0,0
ფუსფუსი,0,0,0,0,0,0,0,0,0,0
დაკავებული,0,0,0,0,0,0,0,0,0,0
ბუტანი,0,0,0,0,0,0,0,0,0,0
ჯალათი,1,0,1,1,0,1,0,0,0,0
მსახურთუფროსი,0,0,0,0,0,0,1,0,0,1
კონდახი,0,0,0,0,0,1,0,0,0,0
კარაქი,0,0,0,0,0,0,0,0,0,0
პეპელა,0,0,0,0,0,0,0,0,0,0
კარაქიანი,0,0,0,0,0,0,1,0,0,0
დუნდულო,0,0,0,0,0,0,0,0,0,0
ღილაკი,0,0,0,0,0,0,0,0,0,0
საყრდენი,0,0,0,0,0,0,0,0,0,0
ბუქსომი,0,0,0,0,0,0,1,0,0,0
ყიდვა,0,0,0,0,0,0,0,0,0,0
მყიდველი,0,0,0,0,0,0,0,0,0,0
ყიდვა,0,0,0,0,0,0,0,0,0,0
ზუზუნი,0,1,0,1,0,0,1,0,0,0
ზუზუნებდა,0,0,0,0,0,1,0,0,0,0
ზუმერი,0,0,0,0,0,0,0,0,0,0
ნახვამდის,0,1,0,0,0,0,0,0,0,0
გასული,0,0,0,0,0,0,0,0,0,0
კანონქვემდებარე აქტი,0,0,0,0,0,0,0,0,0,1
დამკვირვებელი,0,0,0,0,0,0,0,0,0,0
ბაიტი,0,0,0,0,0,0,0,0,0,0
ტაქსი,0,0,0,0,0,0,1,0,0,0
კაბალი,0,0,0,1,0,1,0,0,0,0
კომბოსტო,0,0,0,0,0,0,0,0,0,0
კაბინა,0,0,0,0,0,0,0,0,0,0
კაბინეტი,0,0,0,0,0,0,1,0,0,1
კაბელი,0,0,0,0,0,0,0,0,1,0
კაბრიოლეტი,0,0,0,0,0,0,0,0,0,0
ქეში,0,0,0,0,0,0,0,0,0,0
კაკოფონია,1,0,1,0,0,1,0,0,0,0
კად,1,0,1,0,0,1,0,0,0,0
გვამი,0,0,1,1,0,1,0,1,1,0
კადი,0,0,0,0,0,0,0,0,0,0
კადენცია,0,0,0,0,0,0,0,0,0,0
იუნკერი,0,0,0,0,0,0,0,0,0,0
კაფე,0,0,0,0,0,0,1,0,0,0
გალია,0,0,0,0,0,1,0,1,0,0
კაირნი,0,0,0,0,0,0,0,0,0,0
ნამცხვარი,0,0,0,0,0,0,0,0,0,0
უბედურება,0,0,0,0,0,0,0,1,0,0
კიროვანი,0,0,0,0,0,0,0,0,0,0
გამოთვალეთ,0,0,0,0,0,0,0,0,0,0
გათვლილი,0,0,0,0,0,0,0,0,0,0
გაანგარიშება,0,0,0,0,0,1,0,0,0,0
გაანგარიშება,0,1,0,0,0,0,0,0,0,0
კალკულატორი,0,0,0,0,0,0,1,0,0,1
გაანგარიშება,0,0,0,0,0,0,0,0,0,0
კალენდარი,0,0,0,0,0,0,0,0,0,0
კალენდარი,0,0,0,0,0,0,0,0,0,0
ხბო,0,0,0,0,1,0,1,0,0,1
კალიბრის,0,0,0,0,0,0,0,0,0,0
დაკალიბრება,0,0,0,0,0,0,0,0,0,0
კალიკო,0,0,0,0,0,0,0,0,0,0
კალიპერები,0,0,0,0,0,0,0,0,0,0
ზარი,0,0,0,0,0,0,0,0,0,0
კალიგრაფია,0,0,0,0,0,0,0,0,0,0
რეკავს,0,0,0,0,0,0,0,0,0,0
გულუბრყვილო,1,0,1,0,0,1,0,0,0,0
ზარები,0,1,0,0,0,1,0,0,0,1
მშვიდი,0,0,0,0,0,0,1,0,0,0
სიმშვიდე,0,0,0,0,0,0,0,0,0,0
კალორიული,0,0,0,0,0,0,0,0,0,0
კალორიული,0,0,0,0,0,0,0,0,0,0
კალორიმეტრი,0,0,0,0,0,0,0,0,0,0
კამერა,0,0,0,0,0,0,0,0,0,0
კამბერი,0,0,0,0,0,0,0,0,0,0
აქლემი,0,0,0,0,0,0,0,0,0,0
კამეო,0,0,0,0,0,0,0,0,0,0
ოპერატორი,0,0,0,0,0,0,0,0,0,0
კამიზოლი,0,0,0,0,0,0,0,0,0,0
შენიღბვა,0,0,0,0,0,0,0,0,1,0
შენიღბული,0,0,0,0,0,0,0,0,1,0
ბანაკი,0,0,0,0,0,0,0,0,0,0
კამპანია,0,0,0,0,0,0,0,0,0,0
კამპანიის მონაწილე,0,0,0,0,0,0,0,0,0,0
კამპანია,1,0,0,1,0,1,0,0,0,0
კამპუსი,0,0,0,0,0,0,0,0,0,0
არხი,0,0,0,0,0,0,0,0,0,0
კანარის,0,0,0,0,0,0,1,0,0,0
გააუქმოს,0,0,0,0,0,1,0,1,0,0
გაუქმება,0,0,0,0,0,0,0,0,0,0
გაუქმება,0,0,0,0,0,0,0,0,0,0
კიბო,1,0,1,1,0,1,0,1,0,0
გულწრფელი,0,1,0,0,1,0,1,0,1,1
კანდიდატურა,0,0,0,0,0,0,0,0,0,0
კანდიდატი,0,0,0,0,0,0,1,0,0,0
დაშაქრული,0,0,0,0,0,0,1,0,0,0
სანთელი,0,0,0,0,0,0,0,0,0,0
სანთლის შუქი,0,0,0,0,0,0,0,0,0,0
სასანთლე,0,0,0,0,0,0,0,0,0,0
გულწრფელობა,0,0,0,0,0,0,0,0,0,0
კანფეტი,0,0,0,0,0,0,0,0,0,0
ხელჯოხი,1,0,0,1,0,0,0,0,0,0
ძაღლი,0,0,0,0,0,0,0,0,0,0
ქილა,0,0,0,0,0,0,0,0,0,0
კიბო,1,0,1,0,0,1,0,0,0,0
კანიბალი,0,0,1,1,0,1,0,0,0,0
კანიბალიზმი,0,0,1,0,0,1,0,0,0,0
საკონსერვო,0,0,0,0,0,0,0,0,0,0
ქვემეხი,1,0,0,1,0,1,0,0,0,0
კანოე,0,0,0,0,0,0,0,0,0,0
კანონიერი,0,0,0,0,0,0,0,0,0,0
კანონიკური,0,0,0,0,0,0,0,0,0,0
კანონები,0,0,0,0,0,0,0,0,0,1
ტილო,0,0,0,0,0,0,0,0,0,0
სასადილო,0,0,0,0,0,0,0,0,0,0
კანტერბერი,0,0,0,0,0,0,0,0,0,0
კონსოლი,0,0,0,0,0,0,0,0,0,0
კანტო,0,0,0,0,0,0,0,0,0,0
კანტონი,0,0,0,0,0,0,0,0,0,0
ტილო,0,0,0,0,0,0,0,0,0,0
ტილო,0,0,0,0,0,0,0,0,0,0
ქუდი,0,1,0,0,0,0,0,0,0,1
უნარი,0,0,0,0,0,0,0,0,0,0
შეუძლია,0,0,0,0,0,0,0,0,0,0
ტევადობა,0,0,0,0,0,0,0,0,0,0
კონცხი,0,0,0,0,0,0,0,0,0,0
კაპერი,0,0,0,0,0,0,0,0,0,0
კაპილარული,0,0,0,0,0,0,0,0,0,0
კაპიტალი,0,0,0,0,0,0,0,0,0,0
კაპიტალისტი,0,0,0,0,0,0,1,0,0,0
კაპიტელები,0,0,0,0,0,0,0,0,0,0
კაპიტაცია,0,0,0,0,0,0,0,0,0,0
კაპიტოლიუმი,0,0,0,0,0,0,0,0,0,0
კაპიტულაცია,0,0,0,0,0,0,0,0,0,0
კაპრიზული,0,0,0,0,0,0,0,0,0,0
კაპრიზული,0,0,0,0,0,0,0,0,0,0
ქუდები,0,0,0,0,0,0,0,0,0,0
კაფსულა,0,0,0,0,0,0,0,0,0,0
კაპიტანი,0,0,0,0,0,0,1,0,0,0
წარწერა,0,0,0,0,0,0,0,0,0,0
დატყვევება,0,1,0,0,1,0,1,0,1,1
დამატყვევებელი,0,0,0,0,0,0,1,0,0,0
დატყვევებული,0,0,0,1,0,1,0,1,0,0
ტყვეობა,0,0,0,0,0,1,0,1,0,0
მტაცებელი,0,0,0,1,0,1,0,0,0,0
ხელში ჩაგდება,0,0,0,0,0,1,0,0,0,0
მანქანა,0,0,0,0,0,0,0,0,0,0
კარამელი,0,0,0,0,0,0,0,0,0,0
კარატიანი,0,0,0,0,0,0,0,0,0,0
ქარავანი,0,0,0,0,0,0,0,0,0,0
ნახშირბადის,0,0,0,0,0,0,0,0,0,0
კარკასი,0,0,1,1,0,1,0,1,0,0
კარცინომა,0,0,0,1,0,1,0,1,0,0
ბარათი,0,0,0,0,0,0,0,0,0,0
კარდიგანი,0,0,0,0,0,0,0,0,0,0
კარდინალი,0,0,0,0,0,0,0,0,0,0
კარდიომიოპათია,0,0,0,1,0,1,0,1,0,0
ბარათები,0,0,0,0,0,0,0,0,0,0
ზრუნვა,0,0,0,0,0,0,0,0,0,0
კარიერა,0,1,0,0,0,0,1,0,0,0
ფრთხილად,0,0,0,0,0,0,1,0,0,0
ფრთხილად,0,0,0,0,0,0,1,0,0,0
დაუდევრობა,1,0,1,0,0,1,0,0,0,0
მოფერება,0,0,0,0,0,0,1,0,0,0
კარეტი,0,0,0,0,0,0,0,0,0,0
მზრუნველი,0,0,0,0,0,0,1,0,0,1
ტვირთი,0,0,0,0,0,0,0,0,0,0
კარიბუ,0,0,0,0,0,0,0,0,0,0
კარიკატურა,0,0,0,0,0,1,0,0,0,0
კარიესი,0,0,1,0,0,1,0,0,0,0
ხოცვა-ჟლეტა,1,0,1,1,0,1,0,1,1,0
ხორციელი,0,0,0,0,0,1,0,0,0,0
მიხაკი,0,0,0,0,0,0,0,0,0,0
ხორცისმჭამელი,0,0,0,1,0,1,0,0,0,0
კეროლი,0,0,0,0,1,0,1,0,0,1
კარუსელი,0,0,0,0,0,0,0,0,0,0
დურგალი,0,0,0,0,0,0,0,0,0,0
ვაგონი,0,0,0,0,0,0,0,0,0,0
ატარებდა,0,0,0,0,0,0,0,0,0,0
გადამზიდავი,0,0,0,0,0,0,0,0,0,0
ტარება,0,0,0,0,0,0,0,0,0,0
ტარება,0,0,0,0,0,0,0,0,0,0
კალათა,0,0,0,0,0,0,0,0,0,0
კარტელი,0,0,0,0,0,1,0,0,0,0
კარტერი,0,0,0,0,0,0,0,0,0,0
ხრტილი,0,0,0,0,0,0,0,0,0,0
კარტოგრაფიული,0,0,0,0,0,0,0,0,0,0
კარტოგრაფია,0,0,0,0,0,0,0,0,0,0
მულტფილმი,0,0,0,0,0,0,0,0,0,0
კარტუში,0,0,0,0,0,0,0,0,0,0
ვაზნა,0,0,0,1,0,0,0,0,0,0
გამოკვეთა,0,0,0,0,0,0,0,0,0,0
კარვერი,0,0,0,0,0,0,0,0,0,0
კვეთის,0,0,0,0,0,0,0,0,0,0
კასკადი,0,0,0,0,0,0,1,0,0,0
საქმე,0,0,0,1,0,1,0,1,0,0
კაზეინი,0,0,0,0,0,0,0,0,0,0
ნაღდი ფული,1,1,0,1,1,0,1,0,0,1
მოლარე,0,0,0,0,0,0,0,0,0,1
ქაშმირი,0,0,0,0,0,0,0,0,0,0
გარსაცმები,0,0,0,0,0,0,0,0,0,0
კაზინო,0,0,0,0,0,0,0,0,0,0
კასრი,0,0,0,0,0,0,0,0,0,0
ყუთი,0,0,0,1,0,1,0,1,0,0
მსახიობი,0,0,0,0,0,0,0,0,0,0
კასტა,0,0,0,0,0,1,0,0,0,0
კასტერი,0,0,0,0,0,0,0,0,0,0
ციხე,0,0,0,0,0,0,0,0,0,0
აბუსალათინის,0,0,0,0,0,0,0,0,0,0
შემთხვევითი,0,0,0,0,0,0,0,0,0,0
შემთხვევით,0,0,0,0,0,0,0,0,0,0
მსხვერპლი,1,0,0,1,0,1,0,1,0,0
კატა,0,0,0,0,0,0,0,0,0,0
კატაბოლიზმი,0,0,0,0,0,0,0,0,0,0
კატალოგი,0,0,0,0,0,0,0,0,0,0
კატალოგი,0,0,0,0,0,0,0,0,0,0
კატალიზი,0,0,0,0,0,0,0,0,0,0
კატალიზური,0,0,0,0,0,0,0,0,0,0
კატამარანი,0,0,0,0,0,0,0,0,0,0
კატაპულტი,0,0,0,0,0,0,0,0,0,0
კატარაქტა,0,1,0,1,0,1,0,1,0,0
კატასტროფა,1,0,1,1,0,1,0,1,1,0
დაჭერა,0,0,0,0,0,0,0,0,1,0
დაჭერა,0,0,0,0,0,0,0,0,0,0
კატეხიზმო,0,0,1,0,0,0,0,0,0,0
კატეგორიული,0,0,0,0,0,0,1,0,0,0
კატეგორია,0,0,0,0,0,0,0,0,0,0
ემსახურება,0,0,0,0,0,0,1,0,0,0
მიმწოდებელი,0,0,0,0,0,0,0,0,0,0
მუხლუხო,0,0,0,0,0,0,0,0,0,0
კატები,0,0,0,0,0,0,0,0,0,0
კათარციული,0,0,0,0,0,0,1,0,0,0
საკათედრო,0,0,0,0,1,0,1,0,0,1
კათეტერი,0,0,0,0,0,1,0,0,0,0
catnip,0,0,0,0,0,0,0,0,0,0
მსხვილფეხა რქოსანი პირუტყვი,0,0,0,0,0,0,0,0,0,0
კოკუსი,0,0,0,0,0,0,0,0,0,0
კაუდალური,0,0,0,0,0,0,0,0,0,0
კეკლუცი,0,0,0,0,0,0,0,0,0,0
მიზეზობრივი,0,0,0,0,0,0,0,0,0,0
მიზეზობრივი,0,0,0,0,0,0,0,0,0,0
მიზეზობრიობა,0,0,0,0,0,0,0,0,0,0
გამოიწვია,0,0,0,0,0,0,0,0,0,0
გასასვლელი,0,0,0,0,0,0,0,0,0,0
სიფრთხილით,1,1,0,1,0,1,0,0,0,0
გამაფრთხილებელი,0,0,0,1,0,0,0,0,0,0
ფრთხილი,0,1,0,1,0,0,1,0,0,1
ფრთხილად,0,0,0,1,0,0,1,0,0,0
კავალერია,0,0,0,0,0,0,0,0,0,0
გამოქვაბული,0,0,0,0,0,0,0,0,0,0
გაფრთხილება,0,0,0,0,0,0,0,0,0,0
გამოქვაბული,0,0,0,0,0,0,0,0,0,0
კავერნოზული,0,0,0,0,0,0,0,0,0,0
ღრუ,0,0,0,0,0,0,0,0,0,0
კაიენი,0,0,0,0,0,0,0,0,0,0
შეწყვეტა,0,0,0,0,0,0,0,0,0,0
განუწყვეტელი,0,0,0,0,0,0,0,0,0,0
დათმობა,0,0,0,0,0,1,0,0,0,0
ჭერი,0,0,0,0,0,0,0,0,0,0
სადღესასწაულო,0,0,0,0,0,0,0,0,0,0
აღინიშნა,0,1,0,0,1,0,1,0,0,0
ზეიმობს,0,1,0,0,1,0,1,0,0,0
ზეიმი,0,1,0,0,1,0,1,0,1,1
სახელგანთქმული,1,1,1,0,1,1,1,0,1,1
ციური,0,1,0,0,1,0,1,0,0,0
უქორწინებლობა,0,0,0,0,0,0,0,0,0,0
უჯრედი,0,0,0,0,0,0,0,0,0,0
მარანი,0,0,0,0,0,0,0,0,0,0
ფიჭური,0,0,0,0,0,0,0,0,0,0
ცელულოიდი,0,0,0,0,0,0,0,0,0,0
ცემენტი,0,1,0,0,0,0,0,0,0,1
ცემენტირებული,0,0,0,0,0,0,0,0,0,0
სასაფლაოზე,0,0,0,1,0,1,0,1,0,0
ცენზურა,1,0,1,1,0,1,0,0,0,1
ცენზურა,0,0,0,0,0,1,0,0,0,0
აღწერა,0,0,0,0,0,0,0,0,0,0
ცენტი,0,0,0,0,0,0,0,0,0,0
ასი წლის,0,0,0,0,0,0,0,0,0,0
საუკუნოვანი,0,0,0,0,0,0,0,0,0,0
ცენტრი,0,0,0,0,0,0,1,0,0,1
სანტიმეტრი,0,0,0,0,0,0,0,0,0,0
ცენტრალური,0,0,0,0,0,0,0,0,0,0
ცენტრალურობა,0,0,0,0,0,0,0,0,0,0
ცენტრალიზაცია,0,0,0,0,0,0,0,0,0,0
ცენტრალიზება,0,0,0,0,0,0,0,0,0,0
ცენტრალიზებულად,0,0,0,0,0,0,0,0,0,0
ცენტრიდანული,0,0,0,0,0,0,0,0,0,0
ცენტრიფუგა,0,0,0,0,0,0,0,0,0,0
ცენტურიონი,0,0,0,0,0,0,1,0,0,0
საუკუნეში,0,0,0,0,0,0,0,0,0,0
კერამიკა,0,0,0,0,0,0,0,0,0,0
მარცვლეული,0,0,0,0,0,0,0,0,0,0
მარცვლეული,0,0,0,0,0,0,0,0,0,0
ცერებრალური,0,0,0,0,0,0,1,0,0,0
საზეიმო,0,0,0,0,0,0,0,0,0,0
ცერემონია,0,0,0,0,1,0,1,0,1,0
დარწმუნებულობა,0,0,0,0,0,0,1,0,0,0
სერტიფიკატი,0,0,0,0,0,0,0,0,0,0
დამოწმება,0,0,0,0,0,0,0,0,0,1
cess,0,0,1,0,0,1,0,0,0,0
შეწყვეტა,0,0,0,0,0,1,0,0,0,0
ჭაჭა,1,0,0,1,0,1,0,0,0,0
ჩაფქვა,0,0,0,0,0,1,0,0,0,0
წყენა,0,0,1,0,0,1,0,1,0,0
ჯაჭვი,0,0,0,0,0,0,0,0,0,0
სკამი,0,0,0,0,0,0,0,0,0,0
თავმჯდომარე,0,0,0,0,0,0,1,0,0,1
თავმჯდომარე,0,0,0,0,0,0,0,0,0,0
თავმჯდომარე ქალი,0,0,0,0,0,0,1,0,0,1
შეზლონგი,0,0,0,0,0,0,0,0,0,0
შალე,0,0,0,0,0,0,0,0,0,0
ჭაჭელი,0,0,0,0,0,0,0,0,0,0
ცარცი,0,0,0,0,0,0,0,0,0,0
გამოწვევა,1,0,0,1,0,1,0,0,0,0
პალატა,0,0,0,0,0,0,0,0,0,0
პალატები,0,0,0,0,0,0,0,0,0,0
ქამელეონი,0,0,0,0,0,0,0,0,0,0
შამპანური,0,0,0,0,0,0,0,0,0,0
ჩემპიონი,0,1,0,0,1,0,1,0,0,1
შანსი,0,0,0,0,0,0,0,0,1,0
კანცლერი,0,0,0,0,0,0,0,0,0,1
ჭაღი,0,0,0,0,0,0,0,0,0,0
ჩენდლერი,0,0,0,0,0,0,0,0,0,0
შეცვლა,0,0,0,1,0,0,0,0,0,0
ცვალებადი,0,1,0,0,0,0,0,0,1,0
შეიცვალა,0,0,0,0,0,0,0,0,0,0
ჩეინჯერი,0,0,0,0,0,0,0,0,0,0
იცვლება,0,0,0,0,0,0,0,0,0,0
არხი,0,0,0,0,0,0,0,0,0,0
გალობა,1,1,0,0,1,0,1,0,1,0
ქაოსი,1,0,0,1,0,1,0,1,0,0
ქაოტური,1,0,0,0,0,1,0,0,0,0
თავ,0,0,0,0,0,0,0,0,0,0
სამლოცველო,0,0,0,0,0,0,0,0,0,0
კაპელანი,0,0,0,0,0,0,0,0,0,1
ჩაპმენი,0,0,0,0,0,0,0,0,0,0
თავები,0,0,0,0,0,0,0,0,0,0
თავი,0,0,0,0,0,0,0,0,0,0
char,0,0,0,0,0,0,0,0,0,0
პერსონაჟი,0,0,0,0,0,0,0,0,0,0
დამახასიათებელი,0,0,0,0,0,0,0,0,0,0
დახასიათება,0,0,0,0,0,0,0,0,0,0
შარადი,0,0,0,0,0,1,0,0,0,0
ნახშირი,0,0,0,0,0,0,0,0,0,0
დააკისროს,0,0,0,0,0,0,0,0,0,0
ფასიანი,0,0,0,1,0,1,0,1,0,0
დამტენი,0,0,0,0,0,0,1,0,0,0
ეტლი,0,0,0,0,0,0,0,0,0,0
საქველმოქმედო,0,1,0,0,1,0,1,0,0,1
ქველმოქმედება,0,0,0,0,1,0,1,0,0,0
ხიბლი,0,0,0,0,0,0,1,0,0,0
მოხიბლული,0,0,0,0,1,1,1,0,0,0
მომხიბვლელი,0,0,0,0,0,0,0,0,0,0
მომხიბვლელი,0,0,0,0,0,0,1,0,0,0
სქემა,0,0,0,0,0,0,0,0,0,1
წესდება,0,0,0,0,0,0,0,0,0,0
დაქირავებული,0,0,0,0,0,0,0,0,0,0
დევნა,0,0,0,0,0,1,0,0,0,0
უფსკრული,0,0,0,1,0,0,0,0,0,0
სასჯელი,0,0,0,0,0,1,0,0,0,0
უბიწოება,0,1,0,0,0,0,1,0,0,1
სასაუბრო,0,0,0,0,0,0,0,0,0,0
შატო,0,0,0,0,0,0,0,0,0,0
ჭორაობა,0,0,0,0,0,0,0,0,0,0
ჭკუაზე,0,0,0,0,0,0,1,0,0,0
მოლაპარაკე,0,0,0,0,0,1,0,0,0,0
მძღოლი,0,0,0,0,0,0,0,0,0,0
იაფი,0,0,0,0,0,1,0,0,0,0
მოტყუებას,1,0,1,0,0,1,0,0,0,0
ჩეკი,0,0,0,0,0,0,0,0,0,0
გამშვები,0,0,0,0,0,0,0,0,0,0
ჩექმიანი,0,0,0,0,0,0,0,0,0,0
ქვები,0,0,0,0,0,0,0,0,0,0
საკონტროლო სია,0,0,0,0,0,0,1,0,0,1
ლოყა,0,0,0,0,0,0,0,0,0,0
ლოყები,0,0,0,0,0,0,0,0,0,0
იაფად,0,0,0,0,0,0,0,0,0,0
გაიხარე,0,1,0,0,1,0,1,0,1,1
მხიარული,0,0,0,0,1,0,1,0,1,0
მხიარულება,0,1,0,0,1,0,1,0,0,1
გახარებული,0,0,0,0,1,0,1,0,0,0
მხიარული,0,1,0,0,1,0,1,0,0,0
ჩიზქეიქი,0,0,0,0,0,1,0,0,0,0
გეპარდი,0,0,0,0,0,0,0,0,0,0
ქიმიის,0,0,0,0,0,0,0,0,0,0
ქიმიკოსი,0,0,0,0,0,0,1,0,0,1
ქიმია,0,0,0,0,0,0,0,0,0,0
ჩეკი,0,0,0,0,0,0,0,0,0,0
ვაფასებთ,0,1,0,0,1,0,1,0,1,1
ალუბალი,0,0,0,0,0,0,1,0,0,0
ჭადრაკი,0,0,0,0,0,0,0,0,0,0
მკერდი,0,0,0,0,0,0,0,0,0,0
წაბლი,0,0,0,0,0,0,0,0,0,0
შევრონი,0,0,0,0,0,0,0,0,0,0
საღეჭი,0,0,0,0,0,0,0,0,0,0
chic,0,0,0,0,0,0,0,0,0,0
ჩიკანი,0,1,0,0,0,1,0,0,1,1
ქათამი,0,0,0,1,0,0,0,0,0,0
უფროსი,0,0,0,0,0,0,0,0,0,0
უმთავრესად,0,0,0,0,0,0,0,0,0,0
უფროსი,0,0,0,0,0,0,1,0,0,0
ბავშვი,0,1,0,0,1,0,1,0,0,0
მშობიარობა,0,0,0,0,0,0,0,0,0,0
ბავშვობა,0,0,0,0,1,0,1,0,0,0
ბავშვური,0,0,0,0,0,1,0,0,0,0
გაცივება,0,0,0,0,0,0,0,0,0,0
გრილი,0,0,0,0,0,1,0,0,0,0
ზარი,0,0,0,0,0,0,0,0,0,0
ქიმერა,0,0,0,1,0,0,0,0,1,0
ზარები,0,0,0,0,0,0,0,0,0,0
ბუხარი,0,0,0,0,0,0,0,0,0,0
ჩინეთი,0,0,0,0,0,0,0,0,0,0
ჩინეთი,0,0,0,0,0,0,0,0,0,0
ჩინუკი,0,0,0,0,0,0,0,0,0,0
ჩიპი,0,0,0,0,0,0,0,0,0,0
ჩიპინგი,0,0,0,0,0,0,0,0,0,0
ჭიკჭიკი,0,0,0,0,1,0,1,0,0,0
ჩიზელი,0,0,0,0,0,0,1,0,0,0
ჩიტ,0,0,0,0,0,0,0,0,0,0
რაინდობა,0,0,0,0,0,0,1,0,0,0
ქლოროფორმი,0,0,0,0,0,1,0,0,0,0
შოკოლადი,0,1,0,0,1,0,1,0,0,1
არჩევანი,0,0,0,0,0,0,1,0,0,0
გუნდი,0,0,0,0,1,0,1,0,0,1
დახრჩობა,1,0,0,0,0,1,0,1,0,0
ქოლერა,0,0,1,1,0,1,0,1,0,0
აირჩიე,0,0,0,0,0,0,0,0,0,0
არჩევა,0,0,0,0,0,0,0,0,0,0
chop,0,0,0,0,0,1,0,0,0,0
ჭრის,0,0,0,0,0,0,0,0,0,0
chops,0,0,0,0,0,0,0,0,0,0
საგუნდო,0,0,0,0,1,0,1,0,0,0
აკორდები,0,0,0,0,0,0,0,0,0,0
შრომა,0,0,0,0,0,1,0,0,0,0
გუნდი,0,0,0,0,0,0,1,0,0,0
არჩეული,0,0,0,0,0,0,1,0,0,0
ჭაღარა,0,0,0,0,0,0,1,0,0,0
ნათლობა,0,0,0,0,0,0,0,0,0,0
ქრომატული,0,0,0,0,0,0,0,0,0,0
ქრომატოგრაფია,0,0,0,0,0,0,0,0,0,0
ქრომოსომა,0,0,0,0,0,0,0,0,0,0
ქრონიკული,0,0,0,0,0,1,0,1,0,0
ქრონიკა,0,0,0,0,0,0,1,0,0,1
ქრონოგრაფი,0,0,0,0,0,0,0,0,0,0
ქრონოლოგიური,0,0,0,0,0,0,0,0,0,0
ჩაკი,0,0,0,0,0,0,0,0,0,0
ჩაცინება,0,1,0,0,1,0,1,0,1,1
ნაჭერი,0,0,0,0,0,0,0,0,0,0
მსუქანი,0,0,0,0,0,0,0,0,0,0
ეკლესია,0,1,0,0,1,0,1,0,0,1
ეკლესიის ეზო,0,0,0,0,0,0,0,0,0,0
ჩაქრობა,0,0,0,0,0,0,0,0,0,0
ჩიტი,0,0,0,0,0,0,0,0,0,0
ჩატნი,0,0,0,0,0,0,0,0,0,0
ciao,0,0,0,0,0,0,0,0,0,0
სიდრი,0,0,0,0,0,0,1,0,0,0
სიგარა,0,0,0,0,0,0,0,0,0,0
სიგარეტი,0,0,0,0,0,1,0,0,0,0
ცინჩი,0,0,0,0,0,0,0,0,0,0
ცინტერი,0,0,0,0,0,0,0,0,0,0
კინო,0,0,0,0,0,0,0,0,0,0
კინემატოგრაფი,0,0,0,0,0,0,0,0,0,0
კინემატოგრაფია,0,0,0,0,0,0,0,0,0,0
დარიჩინი,0,0,0,0,0,0,0,0,0,0
შიფრი,0,0,0,0,0,0,0,0,0,0
წრე,0,0,0,0,0,0,0,0,0,0
ტრიალებს,0,0,0,0,0,0,0,0,0,0
წრე,0,0,0,0,0,0,0,0,0,0
წრიული,0,0,0,0,0,0,0,0,0,0
ცირკულირება,0,0,0,0,0,0,0,0,0,0
მიმოქცევა,0,0,0,0,0,0,0,0,0,0
წინადაცვეთა,0,0,0,0,0,0,1,0,0,0
გარშემოწერილობა,0,0,0,0,0,0,0,0,0,0
წრეწირის,0,0,0,0,0,0,0,0,0,0
შემოხაზული,0,0,0,0,0,0,0,0,0,0
გარემოება,0,0,0,0,0,0,0,0,0,0
გარემოებითი,0,0,0,0,0,0,0,0,0,0
გვერდის ავლით,0,0,0,0,0,1,1,0,0,0
ცირკი,0,0,0,0,0,0,0,0,0,0
ცირუსი,0,0,0,0,0,0,0,0,0,0
ცისტერნა,0,0,0,0,0,0,0,0,0,0
ციტადელი,0,0,0,0,0,0,0,0,0,0
ციტატა,0,0,0,0,0,0,0,0,0,0
მოქალაქე,0,0,0,0,0,0,1,0,0,0
ციტრინი,0,0,0,0,0,0,0,0,0,0
ქალაქი,0,0,0,0,0,0,0,0,0,0
სამოქალაქო,0,0,0,0,0,0,0,0,0,0
სამოქალაქო,0,0,0,0,0,0,1,0,0,0
სამოქალაქო,0,0,0,0,0,0,0,0,0,0
ცივილიზაცია,0,0,0,0,0,0,1,0,0,0
ცივილიზაცია,0,0,0,0,0,0,1,0,0,1
ცივილიზებული,0,0,0,0,1,0,1,0,0,1
შემოსილი,0,0,0,0,0,0,0,0,0,0
მოთხოვნა,0,0,0,0,0,0,0,0,0,0
მოსარჩელე,1,0,1,0,0,0,0,0,0,0
ნათელმხილველი,0,0,0,0,0,0,1,0,0,0
კრამი,0,0,0,0,0,0,0,0,0,0
ხმაური,1,1,1,0,0,1,0,0,1,0
დამჭერი,0,0,0,0,0,0,0,0,0,0
კლანი,0,0,0,0,0,0,0,0,0,1
ფარული,0,0,0,0,0,0,0,0,0,0
ტაში,0,1,0,0,1,0,1,0,0,1
გარკვევა,0,0,0,0,0,0,1,0,0,0
კლარნეტი,0,0,0,0,0,0,0,0,0,0
კლარიონი,0,0,0,0,0,0,0,0,0,0
სიცხადე,0,0,0,0,0,0,0,0,0,0
შეჯახება,1,0,0,0,0,1,0,0,0,0
შეჯახება,1,0,0,1,0,1,0,0,0,0
სამაგრი,0,0,0,0,0,0,0,0,0,0
კლასი,0,0,0,0,0,0,0,0,0,0
კლასიკური,0,0,0,0,0,0,1,0,0,0
კლასიკური,0,0,0,0,0,0,1,0,0,0
კლასიკა,0,0,0,0,1,0,1,0,0,0
კლასიფიკაცია,0,0,0,0,0,0,0,0,0,0
კლასიფიცირება,0,0,0,0,0,0,1,0,0,0
კლასელი,0,0,0,0,0,0,0,0,0,0
კრახი,0,0,0,0,0,0,0,0,0,0
პუნქტი,0,0,0,0,0,0,0,0,0,0
პუნქტები,0,0,0,0,0,0,0,0,0,0
კლანჭა,1,0,0,1,0,1,0,0,0,0
ბრჭყალები,0,0,0,0,0,0,0,0,0,0
თიხა,0,0,0,0,0,0,0,0,0,0
სუფთა,0,0,0,0,1,0,1,0,0,1
გაწმენდა,0,0,0,0,0,0,1,0,0,0
სისუფთავე,0,0,0,0,0,0,1,0,0,0
სუფთად,0,0,0,0,0,0,1,0,0,0
გაწმენდა,0,0,0,0,0,0,1,0,0,0
გაწმენდა,0,0,0,0,0,0,1,0,0,0
კლირენსი,0,0,0,0,0,0,1,0,0,1
გაწმენდა,0,0,0,0,0,0,0,0,0,0
სიწმინდე,0,0,0,0,0,0,1,0,0,0
დეკოლტე,0,0,0,0,0,0,0,0,0,0
გაკვეთა,0,0,0,1,0,0,0,0,0,0
კლეფი,0,0,0,0,0,0,0,0,0,0
ნაპრალი,0,0,0,0,0,0,0,0,0,0
მოწყალება,0,0,0,0,0,0,0,0,0,0
სასულიერო პირები,0,0,0,0,0,0,0,0,0,0
სასულიერო პირი,0,0,0,0,0,0,0,0,0,0
სასულიერო პირი,0,0,0,0,0,0,1,0,0,1
კლერკი,0,0,0,0,0,0,0,0,0,0
კლერკობა,0,0,0,0,0,0,0,0,0,0
ჭკვიანი,0,0,0,0,0,0,1,0,0,0
ჭკუა,0,0,0,0,0,0,1,0,0,0
დააწკაპუნეთ,0,0,0,0,0,0,0,0,0,0
კლიენტი,0,0,0,0,0,0,0,0,0,0
კლიენტურა,0,0,0,0,0,0,0,0,0,0
კლდე,0,0,0,1,0,0,0,0,0,0
კლიმატი,0,0,0,0,0,0,0,0,0,0
კლიმატოლოგია,0,0,0,0,0,0,0,0,0,0
კულმინაცია,0,1,0,0,1,0,1,0,1,1
ასვლა,0,0,0,0,0,0,0,0,0,0
ჩაეჭიდეთ,0,0,0,0,0,0,0,0,0,0
კლიპი,0,0,0,0,0,0,0,0,0,0
საჭრელი,0,0,0,0,0,0,0,0,0,0
ამოკვეთა,0,0,0,0,0,0,0,0,0,0
კლიკა,0,0,0,0,0,0,0,0,0,0
მოსასხამი,0,0,0,0,0,0,0,0,0,0
საათი,0,1,0,0,0,0,0,0,0,0
საათის მექანიზმი,0,0,0,0,0,0,0,0,0,0
საცობი,0,0,0,0,0,0,0,0,0,0
მონასტერი,0,0,0,0,0,1,0,0,0,0
დახურვა,0,0,0,0,0,0,0,0,0,0
დახურული,0,0,0,0,0,0,0,0,0,0
სიახლოვე,0,0,0,0,1,0,1,0,0,1
კარადა,0,0,0,0,0,0,0,0,0,0
დახურვა,0,1,0,0,1,0,1,1,0,0
შედედება,0,0,0,0,0,0,0,0,0,0
ქსოვილი,0,0,0,0,0,0,0,0,0,0
ტანსაცმელი,0,0,0,0,0,0,1,0,0,0
ტანსაცმელი,0,0,0,0,0,0,0,0,0,0
ტანსაცმლის ზოლი,0,0,0,0,0,0,0,0,0,0
ტანსაცმელი,0,0,0,0,0,0,0,0,0,0
ღრუბელი,0,0,0,0,0,0,0,0,0,0
მოღრუბლული,0,0,0,0,0,1,0,1,0,0
მოღრუბლულობა,0,0,0,1,0,1,0,0,0,0
მოღრუბლული,0,0,0,0,0,0,0,1,0,0
სამყურა,0,0,0,0,0,0,0,0,0,0
მიხაკი,0,0,0,0,0,0,0,0,0,0
მასხარა,0,1,0,0,1,0,1,0,1,0
კლუბი,0,0,0,0,0,0,0,0,0,0
კლუბის სახლი,0,0,0,0,0,0,0,0,0,0
კლუბები,0,0,0,0,0,0,0,0,0,0
ნახავ,0,1,0,0,0,0,0,0,0,0
გროვა,0,0,0,0,0,1,0,0,0,0
მოუხერხებელი,0,0,1,0,0,1,0,0,0,0
კასეტური,0,0,0,0,0,0,0,0,0,0
clutch,0,0,0,0,0,0,0,0,0,0
კლანჭები,0,0,0,0,0,0,0,0,0,0
ალიაქოთი,0,0,0,0,0,0,0,0,0,0
მწვრთნელი,0,0,0,0,0,0,0,0,0,1
კოაგულაცია,0,0,0,0,0,0,0,0,0,0
ქვანახშირი,0,0,0,0,0,0,0,0,0,0
შეერთება,0,0,0,0,0,0,0,0,0,1
კოალიცია,0,0,0,0,0,0,1,0,0,0
სანაპირო,0,0,0,0,0,0,1,0,0,0
სანაპირო,0,0,0,0,0,0,0,0,0,0
coaster,0,0,0,0,0,0,0,0,0,0
ქურთუკი,0,0,0,0,0,0,0,0,0,0
საფარი,0,0,0,0,0,0,0,0,0,0
კოაქსი,0,0,0,0,0,0,0,0,0,1
კობალტი,0,0,0,0,0,0,0,0,0,0
რიყის,0,0,0,0,0,0,0,0,0,0
მეკობრე,0,0,0,0,0,0,0,0,0,0
კობრა,0,0,0,1,0,0,0,0,0,0
კოკაინი,0,0,0,0,0,1,0,1,0,0
მამალი,0,0,0,0,0,0,0,0,0,0
კაბინეტი,0,0,0,0,0,0,0,0,0,0
კოქტეილი,0,0,0,0,0,0,0,0,0,0
კაკაოს,0,0,0,0,0,0,0,0,0,0
ქოქოსი,0,0,0,0,0,0,0,0,0,0
ვირთევზა,0,0,0,0,0,0,0,0,0,0
კოდი,0,0,0,0,0,0,0,0,0,0
კოდექსი,0,0,0,0,0,0,0,0,0,0
კოდიფიკაცია,0,0,0,0,0,0,0,0,0,0
კოდირება,0,0,0,0,0,0,0,0,0,0
კოეფიციენტი,0,0,0,0,0,0,0,0,0,0
იძულება,1,0,1,1,0,1,0,0,0,0
იძულება,1,0,1,1,0,1,0,1,0,0
იძულებითი,0,0,0,0,0,0,0,0,0,0
თანაარსებობა,0,0,0,0,0,0,1,0,0,1
თანაარსებობა,0,0,0,0,0,0,0,0,0,0
თანაარსებობს,0,0,0,0,0,0,0,0,0,1
ყავა,0,0,0,0,0,0,0,0,0,0
კუბოს,0,0,0,1,0,1,0,1,0,0
cog,0,0,0,0,0,0,0,0,0,0
დამაჯერებელი,0,0,0,0,0,0,1,0,0,1
მონათესავე,0,0,0,0,0,0,0,0,0,0
შემეცნება,0,0,0,0,0,0,0,0,0,0
შემეცნებითი,0,0,0,0,0,0,1,0,0,0
თანაცხოვრება,0,0,0,0,0,0,0,0,0,0
თანმიმდევრულობა,0,0,0,0,0,0,1,0,0,0
თანმიმდევრული,0,0,0,0,0,0,1,0,0,0
შეკრულობა,0,0,0,0,0,0,0,0,0,1
შეკრული,0,0,0,0,0,0,1,0,0,1
კონტიგენტი,0,0,0,0,0,0,0,0,0,0
კოჭა,0,0,0,0,0,0,0,0,0,0
დახვეული,0,0,0,0,0,0,0,0,0,0
მონეტა,0,0,0,0,0,0,0,0,0,0
მონეტა,0,0,0,0,0,0,0,0,0,0
ემთხვევა,0,0,0,0,0,0,0,0,0,0
დამთხვევა,0,0,0,0,0,0,0,0,1,0
დამთხვევა,0,0,0,0,0,0,0,0,0,0
ემთხვევა,0,0,0,0,0,0,0,0,0,0
კოკა,0,0,0,0,0,0,0,0,0,0
ცივი,0,0,0,0,0,1,0,0,0,0
ცივად,0,0,0,0,0,1,0,0,0,0
სიცივე,1,0,1,1,0,1,0,1,0,0
კოლიკა,0,0,0,0,0,1,0,0,0,0
თანამშრომელი,0,0,0,0,0,0,0,0,0,1
კოლაფსი,0,0,1,1,0,1,0,1,0,0
საყელო,0,0,0,0,0,0,0,0,0,0
შეჯამება,0,0,0,0,0,0,0,0,0,0
გირაო,0,0,0,0,0,0,0,0,0,1
შეჯამება,0,0,0,0,0,0,0,0,0,0
კოლეგა,0,0,0,0,0,0,0,0,0,0
შეგროვება,0,0,0,0,0,0,0,0,0,0
შეგროვებული,0,0,0,0,0,0,0,0,0,0
კოლექცია,0,0,0,0,0,0,0,0,0,0
კოლექტიური,0,0,0,0,0,0,0,0,0,0
კოლექტიურად,0,0,0,0,0,0,1,0,0,1
კოლექციონერი,0,0,0,0,0,0,0,0,0,0
კოლეჯი,0,0,0,0,0,0,0,0,0,0
კოლეგია,0,0,0,0,0,0,0,0,0,0
შეჯახება,0,0,0,0,0,0,0,0,0,0
კოლი,0,0,0,0,0,0,0,0,0,0
შეჯახება,1,0,0,0,0,1,0,0,0,0
კოლოკაცია,0,0,0,0,0,0,0,0,0,0
სასაუბრო,0,0,0,0,0,0,0,0,0,0
შეთქმულება,1,0,1,1,0,1,0,1,0,0
მსხვილი ნაწლავი,0,0,0,0,0,0,0,0,0,0
პოლკოვნიკი,0,0,0,0,0,0,1,0,0,1
კოლონიური,0,0,0,0,0,0,0,0,0,0
კოლონია,0,0,0,0,0,0,0,0,0,0
კოლოფონი,0,0,0,0,0,0,0,0,0,0
ფერი,0,0,0,0,0,0,0,0,0,0
შეფერილობა,0,0,0,0,0,0,0,0,0,0
ფერადი,0,0,0,0,0,0,0,0,0,0
შეღებვა,0,0,0,0,0,0,0,0,0,0
უფერული,0,0,0,0,0,0,0,0,0,0
ფერები,0,0,0,0,0,0,0,0,0,0
კოლოსალური,0,0,0,0,0,0,1,0,0,0
კოლტი,0,0,0,0,0,0,0,0,0,0
სვეტი,0,0,0,0,0,0,0,0,0,0
სვეტიანი,0,0,0,0,0,0,0,0,0,0
კომა,0,0,0,1,0,1,0,1,0,0
კომატოზური,0,0,0,1,0,1,0,1,0,0
სავარცხელი,0,0,0,0,0,0,0,0,0,0
საბრძოლო,1,0,0,1,0,1,0,0,0,0
მებრძოლი,1,0,0,1,0,1,0,0,0,0
საბრძოლო,1,0,0,1,0,1,0,0,0,0
კომბინაცია,0,0,0,0,0,0,0,0,0,0
კომბინატორული,0,0,0,0,0,0,0,0,0,0
დააკავშიროთ,0,0,0,0,0,0,0,0,0,0
კომბინირებული,0,0,0,0,0,0,0,0,0,0
აალებადი,0,0,0,0,0,0,0,0,0,0
წვის,0,0,0,0,0,0,0,0,0,0
კომედია,0,0,0,0,0,0,0,0,0,0
კომეტა,0,0,0,0,0,0,0,0,0,0
კომფორტს,0,1,0,0,1,0,1,0,0,1
დამამშვიდებელი,0,0,0,0,0,0,0,0,0,0
კომიკური,0,0,0,0,0,0,0,0,0,0
კომიკური,0,0,0,0,0,0,0,0,0,0
მოდის,0,1,0,0,0,0,0,0,0,0
მძიმით,0,0,0,0,0,0,0,0,0,0
ბრძანება,0,0,0,0,0,0,0,0,0,0
კომენდანტი,0,0,0,0,0,0,1,0,0,1
მეთაური,0,0,0,0,0,0,0,0,0,0
მბრძანებლური,0,0,0,0,0,0,1,0,0,1
აღსანიშნავად,0,1,0,0,1,0,1,1,0,0
ხსენება,0,1,0,0,1,0,1,0,0,0
სამახსოვრო,0,1,0,0,0,0,1,0,0,0
დაწყება,0,0,0,0,0,0,0,0,0,0
შეაქება,0,0,0,0,0,0,1,0,0,0
სანაქებო,0,0,0,0,1,0,1,0,0,1
თანაზომიერი,0,0,0,0,0,0,0,0,0,0
კომენტარი,0,0,0,0,0,0,0,0,0,0
კომენტარი,0,0,0,0,0,0,0,0,0,0
კომენტატორი,0,0,0,0,0,0,1,0,0,0
კომერცია,0,0,0,0,0,0,0,0,0,1
კომერციული,0,0,0,0,0,0,0,0,0,0
კომისარი,0,0,0,0,0,0,0,0,0,0
კომისია,0,0,0,0,0,0,0,0,0,1
კომისარი,0,0,0,0,0,0,0,0,0,0
ჩაიდინოს,0,0,0,0,0,0,0,0,0,0
ვალდებულება,0,0,0,0,0,1,0,1,0,0
ჩადენილი,0,0,0,0,0,0,1,0,0,1
კომიტეტი,0,0,0,0,0,0,0,0,0,1
საქონელი,0,0,0,0,0,0,0,0,0,0
კომოდორი,0,0,0,0,0,0,1,0,0,1
საერთო,0,0,0,0,0,0,0,0,0,0
ჩვეულებრივ,0,0,0,0,0,0,0,0,0,0
ბანალურობა,0,1,0,0,0,0,0,0,0,1
საერთო,0,0,0,0,0,0,0,0,0,0
თანამეგობრობა,0,0,0,0,0,0,1,0,0,1
მღელვარება,1,0,0,0,0,1,0,0,0,0
კომუნა,0,0,0,0,0,0,0,0,0,0
გადამდები,0,0,0,0,0,0,0,0,0,0
დაუკავშირდეს,0,0,0,0,0,0,1,0,0,1
კომუნიკაცია,0,0,0,0,0,0,0,0,0,1
კომუნიკაბელური,0,0,0,0,0,0,1,0,0,0
ზიარება,0,0,0,0,1,0,1,0,0,1
კომუნიზმი,1,0,0,1,0,1,0,1,0,0
კომუნისტი,0,0,0,0,0,1,0,0,0,0
საზოგადოება,0,0,0,0,0,0,1,0,0,0
კომუტაცია,0,0,0,0,0,0,1,0,0,0
შემცვლელი,0,0,0,0,0,0,0,0,0,0
მგზავრობა,0,0,0,0,0,0,1,0,0,0
მგზავრი,0,0,0,0,0,0,0,0,0,0
კომპაქტური,0,0,0,0,0,0,0,0,0,1
შეკუმშვა,0,0,0,0,0,0,0,0,0,0
კომპაქტურობა,0,0,0,0,0,0,0,0,0,0
კომპანიონი,0,0,0,0,1,0,1,0,0,1
ამხანაგობა,0,0,0,0,0,0,0,0,0,0
კომპანია,0,0,0,0,0,0,0,0,0,0
შესადარებელი,0,0,0,0,0,0,0,0,0,0
შედარებითი,0,0,0,0,0,0,0,0,0,0
შედარებით,0,0,0,0,0,0,0,0,0,0
შედარება,0,0,0,0,0,0,0,0,0,0
კუპე,0,0,0,0,0,0,0,0,0,0
კომპასი,0,0,0,0,0,0,0,0,0,1
თანაგრძნობა,0,0,0,1,0,0,1,0,0,0
თანამგრძნობი,0,0,0,0,0,0,1,0,0,0
თავსებადობა,0,0,0,0,0,0,1,0,0,0
თავსებადი,0,0,0,0,0,0,1,0,0,0
აიძულოს,0,0,0,0,0,0,0,0,0,0
იძულებული,0,0,0,0,0,0,0,0,0,0
დამაჯერებელი,0,0,0,0,0,0,1,0,0,0
კომპენდიუმი,0,0,0,0,0,0,0,0,0,0
კომპენსირება,0,1,0,0,1,0,1,0,1,1
კომპენსაცია,0,0,0,0,0,0,0,0,0,0
კომპენსატორული,0,0,0,0,0,0,1,0,0,0
კომპეტენცია,0,0,0,0,0,0,1,0,0,1
კომპეტენცია,0,0,0,0,0,0,1,0,0,1
კომპეტენტური,0,0,0,0,0,0,1,0,0,1
კონკურსი,0,1,0,0,0,1,0,0,0,0
კონკურენტუნარიანი,0,0,0,0,0,0,0,0,0,0
კონკურენტი,0,0,0,0,0,0,0,0,0,0
შედგენა,0,0,0,0,0,0,0,0,0,0
შედგენა,0,0,0,0,0,0,0,0,0,0
თვითკმაყოფილება,0,0,0,0,0,0,1,0,0,0
თვითკმაყოფილი,0,0,0,0,0,0,0,0,0,0
ჩივიან,1,0,0,0,0,1,0,1,0,0
საჩივარი,1,0,0,0,0,1,0,0,0,0
შეავსებს,0,1,0,0,1,0,1,0,1,1
შემავსებელი,0,0,0,0,0,0,1,0,0,0
დასრულდა,0,0,0,0,0,0,0,0,0,0
მთლიანად,0,0,0,0,0,0,1,0,0,0
სისრულე,0,0,0,0,0,0,1,0,0,0
სრულდება,0,1,0,0,1,0,1,0,0,0
დასრულება,0,1,0,0,1,0,1,0,0,0
კომპლექსი,0,0,0,0,0,0,0,0,0,0
დაკომპლექსებული,0,0,0,0,0,1,0,0,0,0
სახის ფერი,0,0,0,0,0,0,0,0,0,0
სირთულე,0,0,0,0,0,1,0,0,0,0
შესაბამისობა,0,0,0,0,0,0,1,0,0,1
პირფერი,0,0,0,0,0,0,1,0,0,0
გართულება,1,0,0,0,0,1,0,0,0,0
რთული,0,0,0,0,0,1,0,0,0,0
გართულება,0,0,0,0,0,1,0,0,0,0
თანამონაწილეობა,0,0,0,0,0,1,1,0,0,0
კომპლიმენტი,0,1,0,0,1,0,1,0,1,1
შეასრულოს,0,0,0,0,0,0,0,0,0,0
შეესაბამება,0,0,0,0,0,0,0,0,0,0
კომპო,0,0,0,0,0,0,0,0,0,0
კომპონენტი,0,0,0,0,0,0,0,0,0,0
შედგენა,0,0,0,0,0,0,0,0,0,0
შედგენილი,0,0,0,0,0,0,1,0,0,0
კომპოზიტორი,0,0,0,0,0,0,1,0,0,0
კომპოზიტური,0,0,0,0,0,0,0,0,0,0
შემადგენლობა,0,0,0,0,0,0,0,0,0,0
კომპოსტი,0,0,1,0,0,1,0,0,0,0
სიმშვიდე,0,0,0,0,0,0,1,0,0,0
ნაერთი,0,0,0,0,0,0,0,0,0,0
გააზრება,0,0,0,0,0,0,1,0,0,0
გააზრება,0,0,0,0,0,0,0,0,0,0
ყოვლისმომცველი,0,0,0,0,0,0,1,0,0,0
შეკუმშოს,1,0,0,0,0,0,0,0,0,0
შეკუმშული,0,0,0,0,0,0,0,0,0,0
შეკუმშვადი,0,0,0,0,0,0,0,0,0,0
შეკუმშვა,0,0,0,0,0,0,0,0,0,0
მოიცავს,0,0,0,0,0,0,0,0,0,0
კომპრომისი,0,0,0,0,0,0,0,0,0,0
მაკონტროლებელი,0,0,0,0,0,0,0,0,0,1
იძულება,1,0,0,0,0,1,0,0,0,0
სავალდებულო,0,0,0,0,0,1,0,0,0,0
გამოთვლითი,0,0,0,0,0,0,0,0,0,0
გამოთვლა,0,0,0,0,0,0,0,0,0,0
გამოთვლა,0,0,0,0,0,0,0,0,0,0
კომპიუტერი,0,0,0,0,0,0,0,0,0,0
ამხანაგი,0,0,0,0,0,0,1,0,0,1
კონ,0,0,0,0,0,0,0,0,0,0
შეერთება,0,0,0,0,0,0,0,0,0,0
ჩაზნექილი,0,0,0,0,0,0,0,0,0,0
დამალვა,0,0,0,0,0,1,0,1,0,0
მიმალული,0,1,0,1,0,1,0,0,1,0
დამალვა,1,1,0,1,0,1,0,0,0,0
ამპარტავნობა,0,0,0,0,0,1,0,0,0,0
ამაყი,0,0,0,0,0,1,0,0,0,0
საფიქრებელი,0,0,0,0,0,0,0,0,0,0
კონცენტრირება,0,0,0,0,0,0,0,0,0,0
კონცენტრაცია,0,0,0,0,0,0,0,0,0,0
კონცენტრული,0,0,0,0,0,0,1,0,0,0
კონცეფცია,0,0,0,0,0,0,0,0,0,0
შეშფოთება,0,0,0,0,0,0,0,0,0,0
შეშფოთებული,0,0,0,1,0,0,0,1,0,0
კონცერტი,0,0,0,0,0,0,0,0,0,0
დათმობა,0,0,0,0,0,0,0,0,0,0
შეღავათიანი,0,0,0,0,0,0,0,0,0,0
კონსიერჟი,0,0,0,0,0,0,0,0,0,0
შერიგება,0,0,0,0,1,0,1,0,0,1
ლაკონური,0,0,0,0,0,0,0,0,0,0
კონკლავი,0,0,0,0,0,0,0,0,0,0
დასკვნა,0,0,0,0,0,0,0,0,0,0
დასკვნა,0,0,0,0,0,0,1,0,0,0
დასკვნა,0,0,0,0,0,0,0,0,0,0
შერევა,0,0,0,0,0,0,0,0,0,0
თანმხლები,0,0,0,0,0,0,0,0,0,0
თანხმობა,0,0,0,0,0,0,1,0,0,1
თანხმობა,0,0,0,0,0,0,1,0,0,1
კონკურსი,0,0,0,0,0,0,0,0,0,0
შეკრება,0,0,0,0,0,0,0,0,0,0
ბეტონი,0,0,0,0,0,0,0,0,0,0
თანხვედრა,0,0,0,0,0,0,0,0,0,0
პარალელურად,0,0,0,0,0,0,0,0,0,0
თანმხლები,0,0,0,0,0,0,0,0,0,0
ტვინის შერყევა,1,0,0,0,0,1,0,1,0,0
დაგმო,1,0,0,0,0,1,0,0,0,0
დაგმობა,1,1,1,1,0,1,0,1,0,0
კონდენსაცია,0,0,0,0,0,0,0,0,0,0
შედედებული,0,0,0,0,0,0,0,0,0,0
დამთმობი,0,0,0,0,0,1,0,0,0,0
დათმობა,1,0,1,0,0,1,0,1,0,0
სუნელი,0,0,0,0,0,0,0,0,0,0
მდგომარეობა,0,0,0,0,0,0,0,0,0,0
პირობითი,0,0,0,0,0,0,0,0,0,0
პირობითად,0,0,0,0,0,0,0,0,0,0
განპირობებული,0,0,0,0,0,0,0,0,0,0
პირობები,0,0,0,0,0,0,0,0,0,0
სამძიმარი,0,0,0,0,0,0,1,1,0,0
პატიება,0,0,0,0,0,0,1,0,0,0
ხელს უწყობს,0,0,0,0,0,0,1,0,0,0
ქცევა,0,0,0,0,0,0,0,0,0,0
გამტარობა,0,0,0,0,0,0,0,0,0,0
გამტარობა,0,0,0,0,0,0,1,0,0,0
დირიჟორი,0,0,0,0,0,0,0,0,0,0
მილსადენი,0,0,0,0,0,0,0,0,0,0
კონუსი,0,0,0,0,0,0,0,0,0,0
კონფედერაციული,0,0,0,0,0,0,1,0,0,1
კონფედერაცია,0,0,0,0,0,0,0,0,0,0
ანიჭებს,0,0,0,0,0,0,0,0,0,0
კონფერენცია,0,0,0,0,0,0,0,0,0,0
აღიარება,0,0,0,0,0,1,1,0,0,1
აღიარება,0,1,0,1,0,1,0,1,1,0
აღიარებითი,0,0,0,1,0,0,0,0,0,1
აღიარებები,0,0,0,0,0,0,0,0,0,0
ანდობენ,0,0,0,0,0,0,0,0,0,1
ნდობა,0,0,0,1,1,0,1,0,0,1
თავდაჯერებული,0,0,0,0,1,0,1,0,0,1
კონფიდენციალური,0,0,0,0,0,0,0,0,0,1
კონფიდენციალურად,0,0,0,0,0,0,0,0,0,1
კონფიგურაცია,0,0,0,0,0,0,0,0,0,0
შემოიფარგლება,1,0,0,1,0,1,0,1,0,0
შემოფარგლული,1,0,1,1,0,1,0,1,0,0
ჩაკეტვა,1,0,0,1,0,1,0,1,0,0
ზღუდავს,0,0,0,0,0,0,0,0,0,0
დაადასტურეთ,0,0,0,0,0,0,0,0,0,0
დადასტურება,0,0,0,0,0,0,0,0,0,1
დამადასტურებელი,0,0,0,0,0,0,0,0,0,0
დაადასტურა,0,0,0,0,0,0,1,0,0,1
ჩამოართმევენ,1,0,0,0,0,1,0,1,0,0
კონფისკაცია,0,0,0,0,0,1,0,0,0,0
ცეცხლმოკიდება,1,0,0,1,0,1,0,0,0,0
კონფლიქტი,1,0,0,1,0,1,0,1,0,0
კონფლიქტური,0,0,0,0,0,1,0,0,0,0
შესართავი,0,0,0,0,0,0,0,0,0,0
შესაბამისობა,0,0,0,0,0,0,1,0,0,0
კონფორმაცია,0,0,0,0,0,0,0,0,0,0
შესაბამისობა,0,0,0,0,0,0,0,0,0,1
დაბნეული,0,0,0,0,0,1,0,0,0,0
დაბნეული,0,0,0,0,0,1,0,0,0,0
დაუპირისპირდება,1,0,0,0,0,0,0,0,0,0
აბნევს,0,0,0,0,0,1,0,0,0,0
დაბნეულობა,1,0,0,1,0,1,0,0,0,0
თანდაყოლილი,0,0,0,0,0,0,1,0,0,0
თანდაყოლილი,0,0,0,0,0,0,0,0,0,0
შეშუპება,0,0,0,0,0,1,0,0,0,0
კონგლომერატი,0,0,0,0,0,0,0,0,0,1
კონგლომერაცია,0,0,0,0,0,0,0,0,0,0
მილოცვა,0,0,0,0,1,0,1,0,0,0
შეკრება,0,0,0,0,0,0,0,0,0,0
კრება,0,0,0,0,0,0,1,0,0,1
კონგრესი,0,0,1,0,0,0,0,0,0,1
კონგრესის,0,0,0,0,0,0,0,0,0,0
კონგრესმენი,0,0,0,0,0,0,0,0,0,1
თანხვედრა,0,0,0,0,0,0,1,0,0,1
კონუსური,0,0,0,0,0,0,0,0,0,0
კონუსური,0,0,0,0,0,0,0,0,0,0
ვარაუდი,0,1,0,0,0,0,0,0,0,0
ცოლქმრული,0,0,0,0,0,0,0,0,0,0
კონიუგატი,0,0,0,0,0,0,0,0,0,0
კონიუგაცია,0,0,0,0,0,0,0,0,0,0
შეერთება,0,0,0,0,0,0,0,0,0,0
კავშირებითი,0,0,0,0,0,0,0,0,0,0
მოიგონოს,0,1,0,0,0,0,0,0,1,0
ჩაფიქრება,0,0,0,0,0,1,0,0,0,0
დაკავშირება,0,0,0,0,0,0,0,0,0,0
დაკავშირებულია,0,0,0,0,0,0,0,0,0,0
კავშირი,0,0,0,0,0,0,0,0,0,0
შემაერთებელი,0,0,0,0,0,0,0,0,0,1
მცოდნე,0,0,0,0,1,0,1,0,0,1
დაიპყრო,0,0,0,0,0,0,0,0,0,0
დამპყრობელი,0,0,0,0,0,0,0,0,0,0
დაპყრობა,1,0,0,1,0,1,0,0,0,0
სინდისი,0,0,0,0,0,0,1,0,0,1
კეთილსინდისიერი,0,0,0,0,0,0,1,0,0,1
ცნობიერება,0,0,0,0,0,0,1,0,0,0
გაწვევა,0,0,0,0,0,0,0,0,0,0
კურთხევა,0,1,0,0,1,0,1,1,0,1
თანმიმდევრული,0,0,0,0,0,0,0,0,0,0
თანხმობა,0,0,0,0,0,0,0,0,0,0
თანხმობის,0,0,0,0,0,0,0,0,0,0
შედეგი,0,0,0,0,0,0,0,0,0,0
შესაბამისად,0,1,0,0,0,0,0,0,0,0
კონსერვაცია,0,1,0,0,0,0,1,0,0,1
კონსერვატიზმი,0,0,0,0,0,0,0,0,0,0
კონსერვატიული,0,0,0,0,0,0,0,0,0,0
კონსერვატორია,0,0,0,0,0,0,0,0,0,0
კონსერვაცია,0,0,0,0,0,0,1,0,0,0
მნიშვნელოვანი,0,0,0,0,0,0,1,0,0,0
ყურადღებიანი,0,0,0,0,0,0,1,0,0,1
ტვირთმიმღები,0,0,0,0,0,0,0,0,0,0
ტვირთი,0,0,0,0,0,0,0,0,0,0
თანმიმდევრულობა,0,0,0,0,0,0,1,0,0,1
თანმიმდევრული,0,0,0,0,0,0,0,0,0,0
ნუგეში,0,0,0,0,0,0,0,0,0,0
კონსოლი,0,0,0,0,0,0,1,1,0,0
კონსოლიდაცია,0,0,0,0,0,0,0,0,0,0
კონსოლიდაცია,0,0,0,0,0,0,0,0,0,0
თანხმოვანი,0,0,0,0,0,0,1,0,0,0
მეუღლე,0,0,0,0,0,0,0,0,0,1
თვალსაჩინო,0,0,0,0,0,0,0,0,0,0
შეთქმულება,0,0,0,1,0,0,0,0,0,0
შეთქმული,1,1,1,1,0,1,0,0,0,0
შეთქმულება,0,0,0,1,0,1,0,0,0,0
კონსტანტი,0,0,0,0,0,0,0,0,0,1
მუდმივობა,0,0,0,0,0,0,1,0,0,1
მუდმივი,0,0,0,0,0,0,1,0,0,1
მუდმივად,0,0,0,0,0,0,0,0,0,1
თანავარსკვლავედი,0,0,0,0,0,0,0,0,0,0
შეშფოთება,1,0,0,1,0,1,0,0,0,0
ყაბზობა,0,0,1,0,0,1,0,0,0,0
შემადგენელი,0,0,0,0,0,0,0,0,0,0
შემადგენელი კომპონენტები,0,0,0,0,0,0,0,0,0,0
შეადგენენ,0,0,0,0,0,0,0,0,0,1
კონსტიტუცია,0,0,0,0,0,0,0,0,0,0
კონსტიტუციური,0,0,0,0,0,0,1,0,0,1
კონსტიტუციურობა,0,0,0,0,0,0,0,0,0,0
შეზღუდვა,0,0,0,1,0,1,0,0,0,0
შეზღუდული,0,0,0,0,0,1,0,0,0,0
შეზღუდვა,1,0,0,1,0,1,0,1,0,0
კონსტრუქცია,0,0,0,0,0,0,1,0,0,0
მშენებლობა,0,0,0,0,0,0,0,0,0,0
ახსნა,0,0,0,0,0,0,0,0,0,0
კონსული,0,0,0,0,0,0,0,0,0,1
კონსულტაცია,0,0,0,0,0,0,0,0,0,1
კონსულტაცია,0,0,0,0,0,0,0,0,0,0
მოიხმარენ,0,0,0,0,0,0,0,0,0,0
მოხმარება,0,0,0,0,0,0,0,0,0,0
სრულყოფილი,0,0,0,0,0,0,1,0,0,0
დასრულება,0,0,0,0,0,0,0,0,0,0
მოხმარება,0,0,0,0,0,0,0,0,0,0
კონტაქტი,0,0,0,0,0,0,1,0,0,0
გადამდები,0,1,1,1,0,1,0,0,0,0
გადამდები,0,0,1,1,0,1,0,0,0,0
შეკავება,0,0,0,0,0,0,0,0,0,0
დაბინძურება,0,0,1,0,0,1,0,0,0,0
დაბინძურებული,0,0,1,1,0,1,0,1,0,0
დაბინძურება,0,0,1,0,0,1,0,0,0,0
ჩაფიქრება,0,0,0,0,0,0,0,0,0,0
ჭვრეტა,0,0,0,0,0,0,1,0,0,0
ჩაფიქრებული,0,0,0,0,0,0,0,0,0,0
თანადროული,0,0,0,0,0,0,0,0,0,0
თანამედროვე,0,0,0,0,0,0,0,0,0,0
ზიზღი,1,0,1,1,0,1,0,0,0,0
საზიზღარი,1,0,1,0,0,1,0,0,0,0
საზიზღარი,1,0,0,0,0,1,0,0,0,0
მოწინააღმდეგე,0,0,0,0,0,0,0,0,0,0
შინაარსი,0,0,0,0,1,0,1,0,0,1
კამათი,0,0,0,0,0,0,0,0,0,0
სადავო,1,0,1,1,0,1,0,0,0,0
შინაარსი,0,0,0,0,0,0,0,0,0,0
კონტექსტი,0,0,0,0,0,0,0,0,0,0
მომიჯნავე,0,0,0,0,0,0,0,0,0,0
თავშეკავება,0,0,0,0,0,0,0,0,0,0
კონტინენტი,0,0,0,0,0,0,0,0,0,0
კონტინენტური,0,0,0,0,0,0,0,0,0,0
გაუთვალისწინებელი,0,0,0,0,0,0,0,0,0,0
კონტიგენტი,0,1,0,0,0,0,0,0,0,0
უწყვეტი,0,0,0,0,0,0,0,0,0,0
განუწყვეტლივ,0,0,0,0,0,0,0,0,0,0
გაგრძელება,0,0,0,0,0,0,0,0,0,0
გაგრძელება,0,1,0,0,0,0,0,0,0,0
გააგრძელე,0,1,0,0,0,0,1,0,0,1
გაგრძელებული,0,0,0,0,0,0,0,0,0,0
გრძელდება,0,0,0,0,0,0,0,0,0,0
უწყვეტობა,0,0,0,0,0,0,0,0,0,0
უწყვეტი,0,0,0,0,0,0,0,0,0,0
გამუდმებით,0,0,0,0,0,0,0,0,0,0
კონტური,0,0,0,0,0,0,1,0,0,0
კონტრაბანდა,1,0,1,1,0,1,0,0,0,0
კონტრაქტი,0,0,0,0,0,0,0,0,0,0
კონტრაქტი,0,0,0,0,0,1,0,0,0,0
კონტრაქტული,0,0,0,0,0,0,0,0,0,0
კონტრაქტი,0,0,0,0,0,0,0,0,0,0
შეკუმშვა,0,0,0,0,0,0,0,0,0,0
ეწინააღმდეგება,1,0,0,0,0,1,0,0,0,0
წინააღმდეგობა,0,0,0,0,0,1,0,0,0,0
წინააღმდეგობრივი,0,0,0,0,0,1,0,0,0,0
პირიქით,0,0,0,0,0,1,0,0,0,0
კონტრასტი,0,0,0,0,0,0,0,0,0,0
კონტრასტული,0,0,0,0,0,1,0,0,0,0
ეწინააღმდეგება,0,0,0,0,0,1,0,0,0,0
დარღვევა,0,0,0,0,0,1,0,0,0,0
წვლილი შეიტანოს,0,0,0,0,0,0,1,0,0,0
კონტრიბუტორი,0,0,0,0,0,0,1,0,0,1
მოგონილი,0,0,0,0,0,0,0,0,0,0
კონტროლი,0,0,0,0,0,0,0,0,0,0
საკამათო,1,0,0,0,0,1,0,0,0,0
დაპირისპირება,0,0,0,0,0,1,0,0,0,0
თავსატეხი,0,0,0,0,0,0,0,0,0,0
გამოჯანმრთელების,0,0,0,0,0,0,0,0,0,0
კონვექცია,0,0,0,0,0,0,0,0,0,0
მოიწვიოს,0,0,0,0,0,0,0,0,0,0
მოხერხებულობა,0,0,0,0,0,0,1,0,0,0
კომფორტები,0,0,0,0,0,0,0,0,0,0
მოსახერხებელი,0,0,0,0,0,0,1,0,0,0
მონასტერი,0,0,0,0,0,0,1,0,0,1
კონვენცია,0,0,0,0,0,0,1,0,0,0
ჩვეულებრივი,0,0,0,0,0,0,0,0,0,0
თანხვედრა,0,0,0,0,0,0,0,0,0,0
კონვერგენცია,0,1,0,0,0,0,0,0,0,0
კონვერგენტული,0,0,0,0,0,0,0,0,0,0
მცოდნე,0,0,0,0,0,0,1,0,0,0
საუბარი,0,0,0,0,0,0,0,0,0,0
სასაუბრო,0,0,0,0,0,0,1,0,0,0
საუბარი,0,0,0,0,0,0,0,0,0,0
ესაუბრება,0,0,0,0,0,0,0,0,0,0
კონვერტაცია,0,0,0,0,0,0,0,0,0,0
გარდაქმნის,0,0,0,0,0,0,1,0,0,0
მოაქცია,0,0,0,0,0,0,0,0,0,0
კონვერტირებადი,0,0,0,0,0,0,0,0,0,0
ამოზნექილი,0,0,0,0,0,0,0,0,0,0
ამობურცულობა,0,0,0,0,0,0,0,0,0,0
გადმოსცემს,0,0,0,0,0,0,0,0,0,0
გადაცემა,0,0,0,0,0,0,0,0,0,0
გადაცემა,0,0,0,0,0,0,0,0,0,1
მსჯავრდებული,1,0,1,1,0,1,0,1,0,0
ნასამართლობა,0,0,0,0,0,1,0,0,0,0
დაარწმუნოს,0,1,0,0,0,0,1,0,0,1
დარწმუნდა,0,0,0,0,0,0,0,0,0,1
დამაჯერებელი,0,0,0,0,0,0,0,0,0,1
მოწვევის,0,0,0,0,0,0,0,0,0,0
ჩახვეული,0,0,0,0,0,0,0,0,0,0
კონვოლუცია,0,0,0,0,0,0,0,0,0,0
კოლონა,0,0,0,0,0,0,0,0,0,0
კოო,0,0,0,0,0,0,0,0,0,0
მზარეული,0,0,0,0,0,0,0,0,0,0
კულინარია,0,0,0,0,0,0,0,0,0,0
სამზარეულო,0,0,0,0,0,0,0,0,0,0
მაგარი,0,0,0,0,0,0,1,0,0,0
უფრო მაგარი,0,0,0,0,0,0,0,0,0,0
გაგრილება,0,0,0,0,0,0,0,0,0,0
სიგრილე,0,0,0,0,0,0,1,0,0,0
თანამშრომლობა,1,0,1,0,0,1,0,0,0,0
ითანამშრომლოს,0,0,0,0,0,0,1,0,0,0
თანამშრომლობს,0,0,0,0,0,0,1,0,0,1
თანამშრომლობა,0,0,0,0,0,0,1,0,0,1
კოოპერატივი,0,0,0,0,0,0,1,0,0,1
კოორდინაცია,0,0,0,0,0,0,0,0,0,0
პოლიციელი,0,0,0,1,0,0,0,0,0,1
უხვი,0,0,0,0,0,0,0,0,0,0
სპილენძი,0,0,0,0,0,0,0,0,0,0
კოპირება,0,0,0,0,0,1,0,0,0,0
კოპირება,1,0,1,0,0,1,0,0,0,0
კოპირება,0,0,0,0,0,0,0,0,0,0
საავტორო უფლება,0,0,0,0,0,0,0,0,0,0
მარჯანი,0,0,0,0,0,0,0,0,0,0
კაბელი,0,0,0,0,0,0,0,0,0,0
კორდონი,0,0,0,0,0,0,0,0,0,0
ქურთუკი,0,0,0,0,0,0,0,0,0,0
ბირთვი,0,0,0,0,0,0,1,0,0,0
საცობი,0,0,0,0,0,0,0,0,0,0
საცობი,0,0,0,0,0,0,0,0,0,0
სიმინდი,0,0,0,0,0,0,0,0,0,0
რქოვანას,0,0,0,0,0,0,0,0,0,0
კუთხე,0,0,0,0,0,0,0,0,0,0
კორნეტი,0,0,0,0,0,0,0,0,0,0
კარნიზი,0,0,0,0,0,0,0,0,0,0
სიმინდის სახამებელი,0,0,0,0,0,0,0,0,0,0
დასკვნა,0,0,0,0,0,0,0,0,0,0
კორონა,0,0,0,0,0,0,0,0,0,0
კორონაცია,0,0,0,0,1,0,1,0,0,1
სასამართლო ექსპერტი,0,0,0,0,0,1,0,0,0,0
კაპრალი,0,0,0,0,0,1,0,0,0,0
კორპორატიული,0,0,0,0,0,0,0,0,0,0
კორპორაცია,0,0,0,0,0,0,1,0,0,1
ხორციელი,0,0,0,0,0,0,1,0,0,0
კორპუსი,0,0,0,0,0,0,0,0,0,0
გვამი,0,0,1,0,0,1,0,1,0,0
კორპუსი,0,0,0,0,0,0,0,0,0,0
კორალი,0,0,0,0,0,0,0,0,0,0
შესწორება,0,0,0,0,0,1,0,0,0,0
მაკორექტირებელი,0,0,0,0,0,0,1,0,0,0
სისწორე,0,0,0,0,0,0,0,0,0,1
კორელაცია,0,0,0,0,0,0,0,0,0,0
კორელაციური,0,0,0,0,0,0,0,0,0,0
შეესაბამება,0,0,0,0,0,0,0,0,0,0
მიმოწერა,0,1,0,0,0,0,1,0,0,0
კორესპონდენტი,0,0,0,0,0,0,0,0,0,0
დერეფანი,0,0,0,0,0,0,0,0,0,0
ადასტურებენ,0,0,0,0,0,0,1,0,0,1
დადასტურება,0,0,0,0,0,0,0,0,0,1
კოროზიის,0,0,0,0,0,1,0,0,0,0
კოროზიული,0,0,0,1,0,1,0,0,0,0
კორუმპირებული,0,0,0,0,0,1,0,0,0,0
აფუჭებს,1,0,1,1,0,1,0,1,0,0
კორუფცია,0,0,1,0,0,1,0,0,0,0
კორსი,0,0,0,0,0,0,0,1,0,0
კორსეტი,0,0,0,0,0,0,0,0,0,0
ქერქი,0,0,0,0,0,0,0,0,0,0
კორტიკალური,0,0,0,0,0,0,0,0,0,0
კორვეტი,0,0,0,0,0,0,0,0,0,0
კოსმეტიკური,0,0,0,0,0,0,0,0,0,0
კოსმეტიკა,0,0,0,0,0,0,0,0,0,0
კოსმოსური,0,0,0,0,0,0,0,0,0,0
კოსმოლოგია,0,0,0,0,0,0,0,0,0,0
კოსმოპოლიტი,0,0,0,0,0,0,1,0,0,1
კოსმოსი,0,0,0,0,0,0,0,0,0,0
ღირებულება,0,0,0,0,0,0,0,0,0,0
ძვირადღირებული,0,0,0,0,0,0,0,0,0,0
კოსტუმი,0,0,0,0,0,0,0,0,0,0
მყუდრო,0,0,0,0,0,0,1,0,0,0
საწოლი,0,0,0,0,0,0,0,0,0,0
კოტე,0,0,0,0,0,0,0,0,0,0
კოტეჯი,0,0,0,0,0,0,0,0,0,0
ბამბა,0,0,0,0,0,0,0,0,0,0
დივანი,0,0,0,0,0,0,0,1,0,0
პუმა,0,0,0,0,0,0,0,0,0,0
ხველა,0,0,1,0,0,1,0,0,0,0
საბჭო,0,1,0,0,0,0,1,0,0,1
რჩევა,0,0,0,0,0,0,1,0,0,1
მრჩეველი,1,0,0,1,0,1,0,0,0,1
მრჩეველი,0,0,0,0,0,0,1,0,0,1
ითვლიან,0,0,0,0,0,0,1,0,0,1
უკუთვლა,0,1,0,0,0,0,0,0,0,0
სახე,0,0,0,0,0,0,0,0,0,0
მრიცხველი,0,0,0,0,0,0,0,0,0,0
დაუპირისპირდეს,0,0,0,0,0,0,0,0,0,0
საპირწონე,0,0,0,0,0,0,0,0,0,0
შეგებებული სარჩელი,0,0,0,0,0,0,0,0,0,0
კოლეგა,0,0,0,0,0,0,0,0,0,0
გრაფინია,0,0,0,0,0,0,1,0,0,0
უთვალავი,0,0,0,0,0,0,0,0,0,0
ქვეყანა,0,0,0,0,0,0,0,0,0,0
თანამემამულე,0,0,0,0,0,0,0,0,0,1
ითვლის,0,0,0,0,0,0,0,0,0,0
ქვეყანა,0,0,0,0,0,0,0,0,0,1
გადატრიალება,1,0,0,0,0,0,0,0,1,0
წყვილი,0,0,0,0,0,0,0,0,0,0
დაწყვილებული,0,0,0,0,0,0,0,0,0,0
კუპონი,0,0,0,0,0,0,0,0,0,0
გამბედაობა,0,0,0,0,0,0,1,0,0,0
მამაცი,0,0,0,1,0,0,1,0,0,0
კურიერი,0,0,0,0,0,0,0,0,0,1
კურსები,0,0,0,0,0,0,0,0,0,0
კურსი,0,0,0,0,0,1,0,0,0,0
სასამართლო,1,1,0,1,0,0,0,0,0,0
თავაზიანი,0,0,0,0,0,0,1,0,0,0
თავაზიანობა,0,0,0,0,0,0,1,0,0,0
სასამართლო შენობა,0,0,0,0,0,0,0,0,0,0
სასამართლოები,0,0,0,0,0,0,0,0,0,0
შეყვარებულობა,0,1,0,0,1,0,1,0,0,1
ეზოში,0,0,0,0,0,0,0,0,0,0
ყურე,0,1,1,1,1,0,1,0,0,0
შეთანხმება,0,0,0,0,0,0,1,0,0,1
საფარი,0,0,0,0,0,0,0,0,0,1
დაფარული,0,0,0,0,0,0,0,0,0,0
დაფარვა,0,0,0,0,0,0,0,0,0,0
ფარული,0,0,0,0,0,0,0,0,0,0
სანატრელი,0,0,0,0,0,1,0,0,0,0
ძროხა,0,0,0,0,0,0,0,0,0,0
მშიშარა,0,0,1,1,0,1,0,1,0,0
სიმხდალე,0,0,0,1,0,1,0,0,0,0
მშიშარა,0,0,0,1,0,1,0,0,0,0
კოვბოი,0,0,0,0,0,0,0,0,0,0
ძროხის კანი,0,0,0,0,0,0,0,0,0,0
cowl,0,0,0,0,0,0,0,0,0,0
თანამშრომელი,0,0,0,0,0,0,0,0,0,0
სიმახინჯე,0,0,0,1,0,0,0,0,0,0
კოიოტი,0,0,0,1,0,0,0,0,0,0
კიბორჩხალა,0,0,0,0,0,0,0,0,0,0
კრაბი,1,0,0,0,0,1,0,0,0,0
ბზარი,0,0,0,0,0,1,0,0,0,0
დაბზარული,1,0,0,1,0,1,0,0,0,0
კრეკერი,0,0,0,0,0,0,0,0,0,0
ბზარი,0,0,0,0,0,1,0,0,0,0
ხრაშუნა,0,0,0,0,0,0,0,0,0,0
აკვანი,0,1,0,0,1,0,1,0,0,1
ხელობა,0,0,0,0,0,0,1,0,0,0
ხელოსანი,0,0,0,0,0,0,1,0,0,0
მზაკვრული,0,0,0,0,0,0,0,0,0,0
კრეგი,0,0,0,0,0,0,0,0,0,0
ჩაჭედილი,0,0,0,0,0,0,0,0,0,0
კრუნჩხვა,0,1,0,0,0,1,0,0,0,0
შევიწროებული,0,0,0,0,0,1,0,0,0,0
ამწე,0,0,0,0,0,0,0,0,0,0
კრანიუმი,0,0,0,0,0,0,0,0,0,0
ამწე,0,0,0,0,0,1,0,0,0,0
ცელქი,1,0,0,0,0,1,0,0,0,0
სისულელე,0,0,1,0,0,1,0,0,0,0
კრაპები,0,1,0,0,0,0,0,0,0,0
ავარია,0,0,0,1,0,1,0,1,1,0
ყუთი,0,0,0,0,0,0,0,0,0,0
კრატერი,0,0,0,0,0,0,0,0,0,0
სწყურია,0,1,0,0,0,0,0,0,0,0
ლტოლვა,0,1,0,0,0,0,0,0,0,0
კიბო,0,0,0,0,0,0,0,0,0,0
სეირნობა,0,0,1,0,0,1,0,0,0,0
ფანქრები,0,0,0,0,0,0,0,0,0,0
სიგიჟე,0,0,0,0,0,0,0,0,0,0
გაგიჟებული,1,0,0,1,0,1,0,0,0,0
გიჟი,1,0,0,1,0,1,0,1,0,0
ხრაშუნა,0,0,0,0,0,1,0,0,0,0
კრემი,0,1,0,0,1,0,1,0,1,0
კრემისებური,0,0,0,0,0,0,0,0,0,0
კრემისებრი,0,0,0,0,0,0,0,0,0,0
ნაკეცები,0,0,0,0,0,0,0,0,0,0
შექმნა,0,0,0,0,1,0,1,0,0,0
შექმნა,0,0,0,0,0,0,0,0,0,0
შემოქმედებითი,0,0,0,0,0,0,1,0,0,0
შემოქმედი,0,0,0,0,0,0,0,0,0,0
არსება,0,0,1,1,0,1,0,0,0,0
სარწმუნოება,0,0,0,0,0,0,1,0,0,1
რწმუნებათა სიგელები,0,0,0,0,0,0,1,0,0,1
რწმუნებათა სიგელები,0,0,0,0,0,0,0,0,0,0
სანდოობა,0,0,0,0,0,0,1,0,0,1
სანდო,0,0,0,0,0,0,1,0,0,1
საკრედიტო,0,0,0,0,0,0,1,0,0,1
საკრედიტო,0,0,0,0,0,0,1,0,0,1
დაკრედიტდება,0,0,0,0,0,0,1,0,0,0
დაკრედიტება,0,0,0,0,0,0,0,0,0,0
კრედიტორი,0,0,0,0,0,0,0,0,0,0
სარწმუნოება,0,0,0,0,0,0,0,0,0,0
ნაკადი,0,0,0,0,0,0,0,0,0,0
მიპარვა,0,0,0,0,0,1,0,0,0,0
მცოცავი,0,1,0,0,0,0,0,0,0,0
კრემაცია,0,0,0,0,0,0,0,1,0,0
კრეოლური,0,0,0,0,0,0,0,0,0,0
კრეშჩენდო,0,1,0,0,1,0,1,0,1,1
ნახევარმთვარე,0,0,0,0,0,0,0,0,0,0
ნაპრალი,0,0,0,0,0,0,0,0,0,0
ეკიპაჟი,0,0,0,0,0,0,0,0,0,1
საწოლი,0,0,0,0,0,0,0,0,0,0
კრიკეტი,0,0,0,0,0,0,0,0,0,0
დანაშაული,1,0,0,0,0,1,0,0,0,0
დამნაშავე,1,0,1,1,0,1,0,0,0,0
კრიმინალი,1,0,1,1,0,1,0,0,0,0
დაჭიმვა,0,0,0,0,0,0,0,0,0,0
ჟოლოსფერი,0,0,0,0,0,0,0,0,0,0
შეჭმუხნული,0,0,1,1,0,1,0,1,0,0
ინვალიდი,0,0,0,1,0,1,0,1,0,0
დაშალეს,0,0,0,0,0,1,0,1,0,0
კრიზისი,0,0,0,0,0,1,0,0,0,0
ხრაშუნა,0,0,0,0,0,1,0,0,0,1
კრიტერიუმი,0,0,0,0,0,0,0,0,0,0
კრიტიკოსი,0,0,0,0,0,1,0,0,0,0
კრიტიკა,1,0,0,0,0,1,0,1,0,0
აკრიტიკებენ,1,0,1,1,0,1,0,1,0,0
კრიტიკა,0,0,0,0,0,0,1,0,0,0
არსება,0,0,1,0,0,0,0,0,0,0
ყიყინი,0,0,0,0,0,0,0,0,0,0
ჭურჭელი,0,0,0,0,0,0,0,0,0,0
ჭურჭელი,0,0,0,0,0,0,0,0,0,0
ნიანგი,0,0,0,1,0,0,0,0,0,0
croft,0,0,0,0,0,0,0,0,0,0
თაღლითი,0,0,0,0,0,1,0,0,0,0
მოსავალი,0,0,0,0,0,0,0,0,0,0
კროკეტი,0,0,0,0,0,0,0,0,0,0
ჯვარი,1,0,0,1,0,1,0,1,0,0
არბალეტი,0,0,0,0,0,0,0,0,0,0
გადაკვეთა,0,0,0,0,0,0,0,0,0,0
გადაკვეთა,0,0,0,0,0,0,0,0,0,0
crotch,0,0,0,0,0,0,0,0,0,0
კრაუჩი,0,0,0,1,0,0,0,0,0,0
ჩახრილი,0,0,0,0,0,0,0,0,0,0
ჩახშობა,0,0,0,1,0,1,0,0,0,0
კრუპიე,0,0,0,0,0,0,0,0,0,0
ყვავი,0,0,0,0,0,0,0,0,0,0
ბრბო,0,0,0,0,0,0,0,0,0,0
ხალხმრავალი,0,0,0,0,0,0,0,0,0,0
გვირგვინი,0,0,0,0,0,0,0,0,0,0
გვირგვინი,0,1,0,0,1,0,1,0,1,1
გადამწყვეტი,0,0,0,0,0,0,1,0,0,1
ჯვარედინი,0,0,0,0,0,1,0,0,0,0
ჯვარცმა,0,0,0,0,0,0,0,0,0,0
ჯვარცმა,1,0,1,1,0,1,0,1,0,0
ნედლი,0,0,1,0,0,1,0,0,0,0
სასტიკი,1,0,1,1,0,1,0,1,0,0
სასტიკად,1,0,0,1,0,1,0,0,0,0
სისასტიკე,1,0,1,1,0,1,0,1,0,0
კრუიზი,0,0,0,0,0,0,0,0,0,0
კრეისერი,0,0,0,0,0,0,0,0,0,0
crumb,0,0,0,0,0,0,0,0,0,0
დამსხვრეული,0,0,0,0,0,1,0,1,0,0
კრუნჩხვა,1,0,0,0,0,1,0,0,0,0
ჯვაროსნული ლაშქრობა,1,0,0,1,0,1,0,0,0,0
დამსხვრევა,0,0,0,0,0,0,0,0,0,0
დამსხვრეული,1,0,1,1,0,1,0,1,0,0
გამანადგურებელი,1,0,1,1,0,1,0,0,0,0
ქერქი,0,0,0,0,0,0,0,0,0,0
ქერქი,0,0,1,0,0,1,0,0,0,0
ყავარჯენი,0,0,0,0,0,0,0,0,0,0
კრუქსი,0,0,0,0,0,0,0,0,0,0
ტირილი,0,0,0,0,0,1,0,1,0,0
ტირილით,0,0,0,0,0,1,0,1,0,0
საძვალე,0,0,0,1,0,1,0,1,0,0
საიდუმლოებით მოცული,0,0,0,0,0,0,0,0,0,0
კრიპტოგრაფია,0,0,0,0,0,0,0,0,0,0
ბროლის,0,0,0,0,0,0,1,0,0,0
კრისტალური,0,0,0,0,0,0,0,0,0,0
კრისტალიზაცია,0,0,0,0,0,0,0,0,0,0
ბელი,0,0,0,0,0,0,0,0,0,0
კუბი,0,0,0,0,0,0,0,0,0,1
კაბინეტი,0,0,0,0,0,0,0,0,0,0
ყაჩაღობა,0,0,1,0,0,1,0,0,0,0
გუგული,0,0,0,0,0,1,0,0,0,0
ჩახუტება,0,0,0,0,1,0,1,0,0,1
მინიშნება,0,1,0,0,0,0,0,0,0,0
მანჟეტი,0,0,0,0,0,0,0,0,0,0
სამზარეულო,0,0,0,0,0,0,0,0,0,0
კულინარიული,0,0,0,0,0,0,1,0,0,1
ამოღება,0,0,0,0,0,1,0,0,0,0
კულმინაციას,0,0,0,0,0,0,0,0,0,0
კულმინაცია,0,0,0,0,0,0,1,0,0,0
ბრალდება,0,0,0,0,0,1,0,0,0,0
დამნაშავე,0,0,0,0,0,1,0,0,0,0
დამნაშავე,0,0,0,0,0,1,0,0,0,0
საკულტო,0,0,0,1,0,1,0,0,0,0
ამუშავებენ,0,1,0,0,0,0,1,0,0,1
გაშენებული,0,0,0,0,0,0,1,0,0,0
გაშენება,0,0,0,0,0,0,1,0,0,0
კულტურა,0,0,0,0,0,0,1,0,0,0
წყალგამტარი,0,0,0,0,0,0,0,0,0,0
უხერხული,0,0,0,0,0,1,0,1,0,0
კუმულუსი,0,0,0,0,0,0,0,0,0,0
ეშმაკობა,0,0,0,0,0,1,1,0,0,0
ჭიქა,0,0,0,0,0,0,0,0,0,0
კარადა,0,0,0,0,0,0,0,0,0,0
ჩასხმა,0,0,1,1,0,1,0,1,0,0
განკურნება,1,0,1,1,0,1,0,0,0,0
განკურნებადი,0,0,0,0,0,0,1,0,0,1
კურატორი,0,0,0,0,0,0,0,0,0,0
სამკურნალო,0,0,0,0,0,0,0,0,0,0
კურატორი,0,0,0,0,0,0,0,0,0,0
ასალაგმად,0,0,0,0,0,0,0,0,0,0
ხაჭო,0,0,0,0,0,0,0,0,0,0
კომენდანტის საათი,0,0,0,0,0,0,0,0,0,0
ცნობისმოყვარეობა,0,1,0,0,0,0,1,0,1,0
დახვევა,0,0,0,0,0,0,1,0,0,0
დახვევა,0,0,0,0,0,0,0,0,0,0
ვალუტა,0,0,0,0,0,0,0,0,0,0
მიმდინარე,0,0,0,0,0,0,0,0,0,0
სასწავლო გეგმა,0,0,0,0,0,0,0,0,0,0
კარი,0,0,0,0,0,0,0,0,0,0
წყევლა,1,0,1,1,0,1,0,1,0,0
დაწყევლილი,1,0,0,1,0,1,0,1,0,0
ლანძღვა,1,0,1,0,0,1,0,0,0,0
ზედაპირული,0,0,0,0,0,1,0,0,0,0
ჭრელი,0,0,0,0,0,0,0,0,0,0
შეკვეცა,0,0,0,0,0,0,0,0,0,0
შემცირება,0,0,0,0,0,0,0,0,0,0
ფარდა,0,0,0,0,0,0,0,0,0,0
გამრუდება,0,0,0,0,0,0,0,0,0,0
მრუდი,0,0,0,0,0,0,0,0,0,0
მოხრილი,0,0,0,0,0,0,0,0,0,0
მრუდი,0,0,0,0,0,0,0,0,0,0
ბალიში,0,0,0,0,0,0,1,0,0,0
კუსპი,0,0,0,0,0,0,0,0,0,0
ლანძღავდა,1,0,0,0,0,0,0,0,0,0
მეურვე,0,0,0,0,0,0,0,0,0,1
მეურვეობა,0,0,0,0,0,0,0,0,0,1
საბაჟო,0,0,0,0,0,0,0,0,0,0
ჩვეულებითი,0,0,0,0,0,0,0,0,0,0
მომხმარებელს,0,0,0,0,0,0,1,0,0,0
გაჭრა,0,0,0,0,0,0,0,0,0,0
კანის,0,0,0,0,0,0,0,0,0,0
საყვარელი,0,0,0,0,0,0,1,0,0,0
კუტიკულა,0,0,0,0,0,0,0,0,0,0
დანაჩანგალი,0,0,0,0,0,0,0,0,0,0
საჭრელი,0,0,0,1,0,1,0,0,0,0
საჭრელები,0,0,0,0,0,0,1,0,0,0
საჭრელი,1,0,0,1,0,1,0,0,0,0
ჭრის,1,0,1,1,0,1,0,1,0,0
კალმები,0,0,0,0,0,0,0,0,0,0
cwt,0,0,0,0,0,0,0,0,0,0
ციანიდი,0,0,0,1,0,1,0,0,0,0
ციკლი,0,0,0,0,0,0,0,0,0,0
ციკლური,0,0,0,0,0,0,0,0,0,0
ველოსიპედისტი,0,0,0,0,0,0,0,0,0,0
ციკლონი,0,0,0,1,0,1,0,0,1,0
ცილინდრი,0,0,0,0,0,0,0,0,0,0
ცილინდრული,0,0,0,0,0,0,0,0,0,0
ციმბალი,0,0,0,0,0,0,0,0,0,0
ცინიკოსი,0,0,0,0,0,0,0,0,0,0
კისტა,0,0,0,1,0,1,0,1,0,0
კისტოზური,0,0,1,0,0,0,0,0,0,0
ციტომეგალოვირუსი,0,0,0,0,0,1,0,1,0,0
ციტოპლაზმა,0,0,0,0,0,0,0,0,0,0
მეფე,0,0,0,0,0,0,0,0,0,0
დაბნეულობა,0,0,0,0,0,0,0,0,0,0
დაბნეულობა,0,0,0,0,0,0,0,0,0,0
მოფერება,1,0,1,0,0,1,0,0,0,0
მამა,0,0,0,0,0,0,0,0,0,0
დადო,0,0,0,0,0,0,0,0,0,0
დემონი,1,0,1,1,0,1,0,1,1,0
დაფტი,0,0,1,0,0,1,0,0,0,0
ხანჯალი,0,0,0,1,0,1,0,0,0,0
ყოველდღიურად,0,1,0,0,0,0,0,0,0,0
დახვეწილი,0,0,0,0,0,0,0,0,0,0
რძის,0,0,0,0,0,0,0,0,0,0
ბნელი,0,0,0,0,0,0,0,0,0,0
დეილი,0,0,0,0,0,0,0,0,0,0
კაშხალი,0,0,0,0,0,0,0,0,0,0
დაზიანება,1,0,1,0,0,1,0,1,0,0
ზიანი,0,0,0,0,0,1,0,1,0,0
ქალბატონი,1,0,1,0,0,0,1,0,0,1
ჯანდაბა,1,0,1,0,0,1,0,0,0,0
წყევლა,1,0,0,1,0,1,0,1,0,0
დაწყევლილი,0,0,0,0,0,1,0,0,0,0
ნესტიანი,0,0,0,0,0,0,0,0,0,0
დატენიანებული,0,0,0,0,0,0,0,0,0,0
დემპერი,0,0,0,0,0,1,0,0,0,0
ქალბატონი,0,0,0,0,0,0,0,0,0,0
ცეკვა,0,0,0,0,1,0,1,0,0,1
მოცეკვავე,0,0,0,0,0,0,0,0,0,0
ქერტლი,0,0,0,0,0,1,0,0,0,0
დენდი,0,0,1,0,0,1,0,0,0,0
საფრთხე,0,0,0,1,0,1,0,1,0,0
საშიში,0,0,0,1,0,1,0,0,0,0
დაკიდება,0,0,0,0,0,0,0,0,0,0
სველი,0,0,1,0,0,0,0,0,0,0
დაფქული,0,0,0,0,0,0,0,0,0,0
გაბედე,0,1,0,0,0,0,0,0,0,1
გაბედული,0,0,0,0,0,0,1,0,0,0
ბნელი,0,0,0,0,0,0,0,1,0,0
დაბნელდება,0,0,0,1,0,1,0,1,0,0
ჩაბნელებული,0,0,0,1,0,1,0,1,0,0
ბნელი,0,0,0,0,0,0,0,0,0,0
სიბნელე,1,0,0,1,0,1,0,1,0,0
საყვარელო,0,0,0,0,1,0,1,0,0,1
დარდი,0,0,0,0,0,0,0,0,0,0
ისარი,0,0,0,1,0,0,0,0,0,0
ტირე,0,0,0,0,0,0,0,0,0,0
დაფა,0,0,0,0,0,0,0,0,0,0
წყვეტილი,1,0,0,1,0,1,0,1,0,0
გაბედული,0,0,0,0,0,0,1,0,0,0
საზიზღრად,1,0,1,1,0,1,0,0,0,0
მონაცემები,0,0,0,0,0,0,0,0,0,0
მონაცემთა ბაზა,0,0,0,0,0,0,0,0,0,0
თარიღი,0,0,0,0,0,0,0,0,0,0
ქალიშვილი,0,0,0,0,1,0,1,0,0,0
გამთენიისას,0,1,0,0,1,0,1,0,1,1
დღის,0,0,0,0,0,0,0,0,0,0
გათენება,0,0,0,0,0,0,0,0,0,0
დღის ოცნებები,0,0,0,0,0,0,0,0,0,0
დაბნეული,0,0,0,0,0,0,0,0,0,0
გაბრუებული,0,0,0,0,0,1,0,0,0,0
კაშკაშა,0,0,0,0,0,0,0,0,0,0
დიაკვანი,0,0,0,0,0,0,0,0,0,1
გამორთეთ,0,0,0,0,0,1,0,0,0,0
ჩიხი,0,0,0,0,0,1,0,0,0,0
მომაკვდინებელი,1,0,1,1,0,1,0,1,0,0
ყრუ,0,0,0,0,0,0,0,0,0,0
სიყრუე,0,0,0,0,0,0,0,0,0,0
გარიგება,0,1,0,0,1,0,1,0,1,1
დილერი,0,0,0,0,0,0,0,0,0,0
საქმე,0,0,0,0,0,0,0,0,0,0
გარიგებები,0,0,0,0,0,0,0,0,0,1
დეკანი,0,0,0,0,0,0,0,0,0,0
ძვირფასო,0,0,0,0,0,0,1,0,0,0
სიმცირე,0,0,0,0,0,0,0,0,0,0
სიკვდილი,1,1,1,1,0,1,0,1,1,0
დეგუსტაცია,0,0,0,1,0,1,0,1,0,0
სადავო,0,0,0,0,0,0,0,0,0,0
დებატი,0,0,0,0,0,0,1,0,0,0
გარყვნილება,0,0,1,1,0,1,0,0,0,0
ბანკნოტი,0,1,0,0,0,0,0,0,0,0
სადებეტო,0,0,0,0,0,0,0,0,0,0
ნამსხვრევები,0,0,1,0,0,1,0,0,0,0
ვალი,0,0,0,0,0,1,0,1,0,0
მოვალე,0,0,0,0,0,1,0,0,0,0
დებიუტი,0,0,0,0,0,0,0,0,0,0
ათწლეული,0,0,0,0,0,0,0,0,0,0
დეკანტერი,0,0,0,0,0,0,0,0,0,0
გაფუჭება,0,0,0,1,0,1,0,1,0,0
გაფუჭებული,0,0,1,0,0,1,0,1,0,0
გარდაცვლილი,0,0,0,0,0,1,0,1,0,0
მოტყუება,1,0,1,1,0,1,0,1,1,0
მატყუარა,0,0,1,0,0,1,0,1,0,0
მოტყუება,1,0,1,0,0,1,0,1,0,0
მოატყუეს,1,0,0,0,0,1,0,0,0,0
მოტყუება,0,0,0,0,0,1,0,0,0,1
წესიერება,0,0,0,0,0,0,1,0,0,0
წესიერი,0,0,0,0,0,0,1,0,0,0
მოტყუება,0,0,0,0,0,1,0,0,0,0
მატყუარა,0,0,0,0,0,1,0,0,0,0
მტკიცედ,0,0,0,0,0,0,0,0,0,0
ფოთლოვანი,0,0,0,0,0,0,0,0,0,0
ათობითი,0,0,0,0,0,0,0,0,0,0
გაშიფვრა,0,0,0,0,0,0,0,0,0,0
გადაწყვეტილება,0,0,0,0,0,0,0,0,0,0
გადამწყვეტი,0,0,0,0,0,0,0,0,0,0
გემბანი,0,0,0,0,0,0,0,0,0,0
დეკლარაცია,0,0,0,0,0,0,0,0,0,0
დეკლარაციული,0,0,0,0,0,0,1,0,0,0
აცხადებენ,0,0,0,0,0,0,0,0,0,0
დახრილობა,0,0,0,0,0,1,0,0,0,0
კლება,0,0,0,0,0,1,0,0,0,0
მცირდება,0,0,0,0,0,1,0,0,0,0
დაშლა,0,0,1,0,0,0,0,0,0,0
დაშლილი,0,0,0,0,0,0,0,1,0,0
დაშლა,0,0,1,1,0,1,0,1,0,0
დაამშვენებს,0,0,0,0,0,0,0,0,0,0
გაფორმება,0,0,0,0,0,0,0,0,0,0
დეკორატიულობა,0,0,0,0,0,0,0,0,0,0
მატყუარა,0,0,0,0,0,0,0,0,1,0
შემცირება,0,0,0,0,0,1,0,0,0,0
შემცირდა,0,0,0,0,0,0,0,0,0,0
მცირდება,0,0,0,0,0,0,0,0,0,0
განკარგულება,0,0,0,0,0,0,0,0,0,0
შემცირება,0,0,0,0,0,1,0,0,0,0
დამღუპველი,0,0,0,0,0,1,0,0,0,0
გაკიცხვა,1,0,0,0,0,1,0,0,0,0
თავდადება,0,0,0,0,0,0,1,0,0,0
დასკვნა,0,0,0,0,0,0,0,0,0,0
გამოქვითვა,0,0,0,0,0,1,0,0,0,0
გამოქვითვა,0,0,0,0,0,0,0,0,0,0
სიგელი,0,0,0,0,0,0,0,0,0,1
გაღრმავება,0,0,0,0,0,0,0,0,0,0
ირმის,0,0,0,0,0,0,0,0,0,0
ცილისწამება,0,0,1,1,0,1,0,0,0,0
ცილისმწამებლური,1,0,0,0,0,1,0,0,0,0
ნაგულისხმევი,0,0,1,1,0,1,0,1,0,0
დამარცხება,0,0,0,0,0,1,0,0,0,0
დამარცხებული,0,0,0,0,0,1,0,1,0,0
დეფექტი,1,0,0,0,0,1,0,0,0,0
დეფექცია,0,0,0,1,0,1,0,0,0,0
დეფექტური,0,0,1,0,0,1,0,0,0,0
დაიცავი,0,0,0,1,0,0,1,0,0,0
მოპასუხე,1,0,0,1,0,0,0,1,0,0
დაიცვა,0,0,0,0,0,0,1,0,0,1
დამცველი,0,0,0,0,0,0,1,0,0,1
იცავდა,0,0,0,0,0,0,1,0,0,0
დაცვა,1,1,0,1,0,0,1,0,0,0
დაუცველი,0,0,0,1,0,1,0,1,0,0
დასაცავი,0,0,0,0,0,0,0,0,0,0
თავდაცვითი,0,0,0,0,0,0,0,0,0,0
გადადება,0,0,0,0,0,0,0,0,0,0
პატივისცემა,0,0,0,0,0,0,1,0,0,1
გადავადება,0,0,0,0,0,1,0,0,0,0
გადადება,0,0,0,0,0,0,0,0,0,0
დაუმორჩილებლობა,1,0,1,1,0,1,0,0,0,0
გამომწვევი,1,0,0,0,0,1,0,0,0,0
დეფიციტი,0,0,0,0,0,1,0,0,0,0
დეფიციტი,0,0,0,0,0,1,0,0,0,0
განსაზღვრა,0,0,0,0,0,0,0,0,0,0
განსაზღვრული,0,0,0,0,0,0,0,0,0,0
განმარტება,0,0,0,0,0,0,0,0,0,0
საბოლოო,0,0,0,0,0,0,1,0,0,1
გაფუჭება,1,0,0,0,0,1,0,1,0,0
დეფლაცია,0,0,0,1,0,1,0,0,0,0
გადახვევა,0,0,0,0,0,0,0,0,0,0
გადახრა,0,0,0,0,0,0,0,0,0,0
დეფლორაცია,0,0,0,0,0,0,0,0,0,0
დეფორმირება,0,0,1,0,0,1,0,0,0,0
დეფორმირებული,0,0,1,0,0,1,0,1,0,0
დეფორმაცია,0,0,1,1,0,1,0,1,0,0
მოტყუება,1,0,1,0,0,1,0,0,0,0
დაფარვა,0,0,0,0,0,0,0,0,0,0
მოხერხებული,0,0,0,0,0,0,0,0,0,0
გაუქმებული,0,0,0,0,0,1,0,1,0,0
ეწინააღმდეგება,1,0,0,1,0,1,0,1,1,0
დეგენერაცია,1,0,1,0,0,1,0,1,0,0
დეგენერატი,0,0,0,0,0,1,0,0,0,0
დეგენერაცია,0,0,0,0,0,0,0,0,0,0
დეგრადაცია,0,0,0,0,0,1,0,0,0,0
დეგრადირება,0,0,1,0,0,1,0,0,0,0
დამამცირებელი,0,0,1,1,0,1,0,1,0,0
ხარისხი,0,0,0,0,0,0,1,0,0,0
გაუწყლოებული,0,0,0,0,0,0,0,0,0,0
დაგვიანებით,1,0,1,1,0,1,0,1,0,0
გადაიდო,0,0,0,0,0,1,0,0,0,0
სასიამოვნო,0,0,0,0,0,0,1,0,0,0
დელეგატი,0,0,0,0,0,0,1,0,0,1
დელეგაცია,0,0,0,0,0,0,0,0,0,0
მავნე,1,0,1,1,0,1,0,0,0,0
წაშლა,0,0,0,0,0,1,0,0,0,0
განზრახ,0,0,0,0,0,0,1,0,0,0
განხილვა,0,0,0,0,0,0,0,0,0,0
სათათბირო,0,0,0,0,0,0,0,0,0,0
დელიკატესი,0,0,0,0,0,0,0,0,0,0
გემრიელი,0,0,0,0,1,0,1,0,0,0
აღფრთოვანება,0,1,0,0,1,0,1,0,0,0
აღფრთოვანებული,0,1,0,0,1,0,1,0,1,0
ლაღი,0,1,0,0,1,0,1,0,0,1
გამოკვეთა,0,0,0,0,0,0,0,0,0,0
დახაზვა,0,0,0,0,0,0,0,0,0,0
სამართალდარღვევა,0,0,0,0,0,1,0,0,0,0
დამნაშავის,1,0,1,0,0,1,0,0,0,0
ბოდვითი,0,0,0,0,0,1,0,1,0,0
დელირიუმი,0,0,1,0,0,1,0,1,0,0
ხსნა,0,1,0,0,1,0,1,0,0,1
მიწოდება,0,1,0,0,0,0,1,0,0,0
dell,0,0,0,0,0,0,0,0,0,0
დელტა,0,0,0,0,0,0,0,0,0,0
წარღვნა,0,0,0,1,0,1,0,1,1,0
ბოდვა,1,0,0,1,0,1,0,1,0,0
ბოდვითი,1,0,0,1,0,1,0,0,0,0
ჩაღრმავება,0,0,0,0,0,0,0,0,0,0
მოთხოვნა,1,0,0,0,0,1,0,0,0,0
მომთხოვნი,0,0,0,0,0,1,0,0,0,0
ქცევა,0,0,0,0,0,0,0,0,0,0
გონებადაკარგული,0,0,0,1,0,1,0,0,0,0
დემენცია,0,0,0,1,0,1,0,1,0,0
დაღუპვა,0,0,0,1,0,1,0,1,0,0
დემოკრატია,0,0,0,0,0,0,1,0,0,0
დემოკრატი,0,0,0,0,0,0,0,0,0,0
დანგრევა,1,0,0,0,0,1,0,1,0,0
დანგრევა,0,0,0,0,0,1,0,0,0,0
დემონი,1,0,1,1,0,1,0,1,0,0
დემონური,1,0,1,1,0,1,0,1,0,0
საჩვენებელი,0,0,0,0,0,0,1,0,0,0
დემონსტრირება,0,0,0,0,0,0,0,0,0,0
აჩვენა,0,0,0,0,0,0,0,0,0,0
დემონსტრირება,0,0,0,0,0,0,0,0,0,0
დემონსტრაცია,0,0,0,0,0,0,0,0,0,0
დემონსტრაციული,0,0,0,0,1,0,1,1,0,0
დემონსტრანტი,0,0,0,0,0,0,0,0,0,0
დემორალიზებული,0,0,0,1,0,1,0,1,0,0
დემოები,0,0,0,0,0,0,0,0,0,0
დენ,0,0,0,0,0,0,0,0,0,0
უარყოფა,0,0,0,0,0,1,0,0,0,0
უარყოფილი,0,0,0,0,0,1,0,1,0,0
დასახელება,0,0,0,0,0,0,0,0,0,0
კონფესიური,0,0,0,0,0,0,0,0,0,0
მნიშვნელი,0,0,0,0,0,0,0,0,0,0
აღნიშნავენ,0,0,0,0,0,0,0,0,0,0
დაგმო,1,0,1,0,0,1,0,0,0,0
მკვრივი,0,0,0,0,0,0,0,0,0,0
სიმჭიდროვე,0,0,0,0,0,0,0,0,0,0
დენტი,0,0,0,0,0,0,0,0,0,0
სტომატოლოგია,0,0,0,1,0,0,0,0,0,0
დენონსაცია,1,0,1,1,0,1,0,0,0,0
უარყოფენ,1,0,0,0,0,1,0,0,0,0
უარყოფს,0,1,0,0,0,1,0,0,0,0
დეზოდორანტი,0,0,0,0,0,0,0,0,0,0
გამგზავრება,0,1,0,0,0,0,0,1,0,0
გაემგზავრა,0,0,0,0,0,1,0,1,0,0
დეპარტამენტი,0,0,0,0,0,0,0,0,0,0
გამგზავრება,0,0,0,0,0,1,0,1,0,0
დამოკიდებული,0,1,0,0,0,0,0,0,0,1
დამოკიდებული,0,0,0,0,0,0,0,0,0,0
დამოკიდებულება,0,0,0,1,0,1,0,1,0,0
დამოკიდებულება,0,0,0,0,0,1,0,0,0,0
დამოკიდებული,0,0,0,0,0,1,1,0,0,1
ასახავს,0,0,0,0,0,0,0,0,0,0
ამსახველი,0,0,0,0,0,0,0,0,0,0
ამოწურვა,0,0,0,0,0,0,0,0,0,0
სავალალო,1,0,1,1,0,1,0,1,0,0
გმობს,1,0,1,0,0,1,0,1,0,0
განლაგება,0,0,0,0,0,0,0,0,0,0
დეპორტაცია,0,0,0,1,0,1,0,1,0,0
დეპორტაცია,1,0,0,1,0,1,0,1,0,0
ანაბარი,0,0,0,0,0,0,0,0,0,0
დეპოზიტარი,0,0,0,0,0,0,0,0,0,0
დეპონირება,0,0,0,0,0,0,0,0,0,0
დეპოზიტარი,0,0,0,0,0,0,0,0,0,1
დეპო,0,0,0,0,0,0,0,0,0,0
გარყვნილი,1,1,1,1,0,1,0,1,0,0
გარყვნილება,1,0,1,0,0,1,0,0,0,0
გაუფასურება,1,0,1,0,0,1,0,0,0,0
გაუფასურდა,1,0,1,1,0,1,0,1,0,0
ამორტიზაცია,0,0,0,1,0,1,0,0,0,0
დეპრესია,0,0,0,1,0,1,0,1,0,0
დეპრესიული,1,0,0,1,0,1,0,1,0,0
დამთრგუნველი,0,0,1,0,0,1,0,1,0,0
დეპრესია,0,0,0,0,0,1,0,1,0,0
დეპრესიული,0,0,0,0,0,1,0,1,0,0
ჩამორთმევა,1,0,1,1,0,1,0,1,0,0
სიღრმე,0,0,0,0,0,0,1,0,0,1
მოადგილე,0,0,0,0,0,0,0,0,0,1
რელსებიდან გადახვევა,0,0,0,0,0,0,0,0,0,0
შეშლილი,1,0,1,1,0,1,0,0,0,0
მიტოვებული,0,0,0,0,0,1,0,0,0,0
დაცინვა,1,0,1,0,0,1,0,0,0,0
წარმოშობა,0,0,0,0,0,0,0,0,0,0
წარმოებული,0,0,0,0,0,0,0,0,0,0
მომდინარეობს,0,0,0,0,0,0,0,0,0,0
დერმალური,0,0,0,0,0,0,0,0,0,0
დერმატოლოგი,0,0,0,0,0,0,0,0,0,1
დერმატოლოგია,0,0,0,0,0,0,0,0,0,0
დეროგაცია,1,0,1,1,0,1,0,1,0,0
დამამცირებელი,1,0,1,1,0,1,0,1,0,0
დაშვება,0,0,0,0,0,0,0,0,0,0
შთამომავალი,0,0,0,0,0,0,0,0,0,0
შთამომავალი,0,0,0,0,0,0,0,0,0,0
დაღმავალი,0,0,0,0,0,0,0,0,0,0
დაღმართი,0,0,0,1,0,0,0,1,0,0
აღწერე,0,0,0,0,0,0,0,0,0,0
აღწერა,0,0,0,0,0,0,0,0,0,0
აღწერითი,0,0,0,0,0,0,1,0,0,0
შეურაცხყოფა,1,0,1,1,0,1,0,1,0,0
უდაბნო,1,0,1,1,0,1,0,1,0,0
მიტოვებული,1,0,1,1,0,1,0,1,0,0
დეზერტირება,0,0,0,0,0,1,0,0,0,0
იმსახურებს,1,1,0,0,0,0,1,0,0,1
დაიმსახურა,0,0,0,0,0,0,1,0,0,0
დამსახურებული,0,0,0,0,0,0,0,0,0,0
დიზაინი,0,0,0,0,0,0,0,0,0,0
დანიშნოს,0,0,0,0,0,0,0,0,0,0
დანიშნულება,0,0,0,0,0,0,0,0,0,1
შექმნილია,0,0,0,0,0,0,0,0,0,0
დიზაინერი,0,0,0,0,0,0,1,0,0,0
პროექტირება,0,0,0,0,0,0,0,0,0,0
სასურველობა,0,0,0,0,0,0,0,0,0,0
სასურველია,0,0,0,0,0,0,1,0,0,0
მსურველი,0,0,0,0,0,0,1,0,0,0
მსურველი,0,0,0,0,0,0,1,0,0,0
შეწყვიტოს,1,0,1,0,0,1,0,0,0,0
მაგიდა,0,0,0,0,0,0,0,0,0,0
გაპარტახება,0,0,0,1,0,1,0,1,0,0
სასოწარკვეთა,1,0,1,1,0,1,0,1,0,0
სასოწარკვეთილი,0,0,0,1,0,1,0,1,0,0
გაგზავნა,0,0,0,0,0,0,0,0,0,0
სასოწარკვეთილი,0,0,0,0,0,1,0,0,0,0
სასოწარკვეთილება,0,0,0,0,0,0,0,0,0,0
საზიზღარი,1,0,1,0,0,1,0,0,0,0
ზიზღი,1,0,1,0,0,1,0,0,0,0
დესპოტური,0,0,0,1,0,1,0,0,0,0
დესპოტიზმი,1,0,1,1,0,1,0,1,0,0
დესერტი,0,0,0,0,0,0,0,0,0,0
დანიშნულების ადგილი,0,1,0,1,1,0,1,1,1,0
განზრახული,0,1,0,0,0,0,0,0,0,0
ბედისწერა,0,0,0,0,0,0,0,0,0,0
გაჭირვებული,0,0,0,1,0,1,0,1,0,0
განადგურდა,1,0,0,1,0,1,0,1,0,0
გამანადგურებელი,1,0,0,1,0,1,0,0,0,0
ანადგურებს,1,0,0,1,0,1,0,1,0,0
განადგურება,1,0,0,0,0,1,0,0,0,0
გამანადგურებელი,1,0,1,1,0,1,0,0,0,0
მოწყვეტა,0,0,0,0,0,0,0,0,0,0
მოწყვეტილი,0,0,0,0,0,0,0,0,0,0
რაზმი,0,0,0,0,0,1,0,0,0,0
დეტალი,0,0,0,0,0,0,0,0,0,0
დეტალები,0,0,0,0,0,0,0,0,0,0
დაკავება,0,0,0,0,0,1,0,0,0,0
დაკავებული,1,1,0,1,0,1,0,1,0,0
აღმოაჩინოს,0,0,0,0,0,0,1,0,0,0
შესამჩნევი,0,0,0,0,0,0,0,0,0,0
გამოვლენა,0,0,0,0,0,0,1,0,0,0
დეტექტივი,0,0,0,0,0,0,0,0,0,0
დეტექტორი,0,0,0,0,0,0,0,0,0,0
დაკავება,0,0,0,0,0,1,0,1,0,0
შეკავება,0,0,0,0,0,0,0,0,0,0
სარეცხი საშუალება,0,0,0,0,0,0,0,0,0,0
გაუარესდება,0,0,0,1,0,1,0,1,0,0
გაუარესდა,0,0,1,0,0,1,0,1,0,0
გაუარესება,1,0,1,1,0,1,0,1,0,0
განმსაზღვრელი,0,0,0,0,0,0,0,0,0,0
განსაზღვრავს,0,1,0,0,0,0,0,0,0,1
განსაზღვრა,0,0,0,0,0,0,1,0,0,1
განსაზღვრული,0,0,0,0,0,0,1,0,0,0
ზიზღი,1,0,1,0,0,1,0,0,0,0
აფეთქდეს,0,0,0,1,0,1,0,0,1,0
დეტონაცია,1,0,0,0,0,0,0,0,0,0
შემოვლითი გზა,0,0,0,0,0,0,0,0,0,0
აკნინებს,1,0,0,0,0,1,0,0,0,0
ზიანი,0,0,0,0,0,1,0,0,0,0
საზიანო,0,0,0,0,0,1,0,0,0,0
ნამსხვრევები,0,0,0,0,0,1,0,0,0,0
დეუზა,0,0,0,0,0,0,0,0,0,0
დამღუპველი,1,0,0,1,0,1,0,1,0,0
დამღუპველი,1,0,1,1,0,1,0,1,0,1
განადგურება,1,0,0,1,0,1,0,1,1,0
განავითაროს,0,1,0,0,0,0,1,0,0,0
განვითარებადი,0,0,0,0,0,0,0,0,0,0
განვითარება,0,0,0,0,0,0,0,0,0,0
გადაუხვევს,0,0,0,0,0,0,0,0,0,0
გადახრილი,0,0,0,0,0,0,0,0,0,0
გადახრა,0,0,0,0,0,0,0,1,0,0
მოწყობილობა,0,0,0,0,0,0,0,0,0,0
ეშმაკი,1,1,1,1,0,1,0,1,0,0
ეშმაკი,0,0,1,1,0,1,0,0,0,0
მზაკვრული,0,0,0,0,0,1,0,0,0,0
მოფიქრება,0,0,0,0,0,0,0,0,0,0
მოკლებული,0,0,0,0,0,0,0,0,0,0
დევოლუცია,0,0,0,0,0,1,0,0,0,0
გადაცემა,0,0,0,0,0,0,0,0,0,0
დაუთმობს,0,0,0,0,0,0,0,0,0,0
ერთგული,0,0,0,0,0,0,0,0,0,0
ერთგული,0,0,0,0,0,0,1,0,0,1
გადაყლაპავს,0,0,0,0,0,1,0,0,0,0
მორწმუნე,0,1,0,0,1,0,1,0,0,1
ნამი,0,0,0,0,0,0,0,0,0,0
დექსტერი,0,0,0,0,0,0,0,0,0,0
მოხერხებულობა,0,0,0,0,0,0,1,0,0,0
დექსტროზა,0,0,0,0,0,0,0,0,0,0
ეშმაკური,1,0,1,1,0,1,0,0,0,0
დიაგნოზი,0,1,0,1,0,1,0,0,0,1
დიაგნოსტიკური,0,0,0,0,0,0,0,0,0,0
დიაგნოსტიკა,0,0,0,0,0,0,0,0,0,0
დიაგრამა,0,0,0,0,0,0,0,0,0,0
აკრიფეთ,0,0,0,0,0,0,0,0,0,0
დიალექტი,0,0,0,0,0,0,0,0,0,0
დიალექტიკა,0,0,0,0,0,0,0,0,0,0
დიალოგი,0,0,0,0,0,0,0,0,0,0
დიამეტრი,0,0,0,0,0,0,0,0,0,0
ბრილიანტი,0,0,0,0,1,0,1,0,0,0
ბრილიანტები,0,0,0,0,0,0,0,0,0,0
საფენი,0,0,1,0,0,0,0,0,0,0
დიაფრაგმა,0,0,0,0,0,0,0,0,0,0
დიარეა,0,0,1,0,0,0,0,0,0,0
დღიური,0,0,0,0,1,0,1,0,0,1
დიატრიბი,1,0,1,0,0,1,0,0,0,0
კამათელი,0,0,0,0,0,0,0,0,0,0
დიქოტომიური,0,0,0,0,0,0,0,0,0,0
დიქოტომია,0,0,0,0,0,0,0,0,0,0
უკარნახოს,0,0,0,0,0,0,0,0,0,0
კარნახი,0,0,0,0,0,0,0,0,0,0
დიქტატორი,0,0,0,1,0,1,0,0,0,0
დიქტატორული,1,0,0,0,0,1,0,0,0,0
დიქტატურა,1,1,1,1,0,1,0,1,0,0
დიქცია,0,0,0,0,0,0,0,0,0,0
ლექსიკონი,0,0,0,0,0,0,1,0,0,1
დიქტატი,0,0,0,0,0,0,0,0,0,1
დიდაქტიკური,0,0,0,0,0,0,1,0,0,0
მოკვდეს,0,0,0,1,0,1,0,1,0,0
დიეტა,0,0,0,0,0,0,0,0,0,0
დიეტური,0,1,0,0,0,0,1,0,0,0
განსხვავდება,0,0,0,0,0,0,0,0,0,0
განსხვავება,0,0,0,0,0,0,0,0,0,0
განსხვავებები,0,0,0,0,0,0,0,0,0,0
დიფერენციალური,0,0,0,0,0,0,0,0,0,1
დიფერენციაცია,0,0,0,0,0,0,0,0,0,0
განსხვავებულად,0,0,0,0,0,0,0,0,1,0
განსხვავებული,0,0,0,0,0,0,0,0,0,0
რთული,0,0,0,1,0,0,0,0,0,0
სირთულეები,0,0,0,0,0,1,0,1,0,0
სირთულე,1,0,0,1,0,1,0,1,0,0
დიფუზური,0,0,0,0,0,0,0,0,0,0
დიფუზია,0,0,0,0,0,0,0,0,0,0
გათხრა,0,0,0,0,0,0,0,0,0,0
დაიჯესტი,0,0,0,0,0,0,0,0,0,0
საჭმლის მონელება,0,0,0,0,0,0,0,0,0,0
ციფრი,0,0,0,0,0,0,0,0,0,1
ღირსეული,0,0,0,0,0,0,1,0,0,0
ღირსება,0,0,0,0,0,0,1,0,0,1
გადახვევა,0,1,0,0,0,1,0,0,0,0
იჭრება,0,0,0,0,0,0,0,0,0,0
დიკი,0,0,0,1,0,0,0,0,0,0
დანგრეული,0,0,1,0,0,1,0,1,0,0
დილატაცია,0,0,0,0,0,0,0,0,0,0
გაფართოება,0,0,0,0,0,0,0,0,0,0
დილემა,0,0,0,0,0,0,0,0,0,0
შრომისმოყვარეობა,0,0,0,0,0,0,1,0,0,1
გულმოდგინე,0,0,0,0,0,0,0,0,0,0
გამხსნელი,0,0,0,0,0,0,0,0,0,0
განზავდეს,0,0,0,0,0,1,0,0,0,0
განზავებული,0,0,0,0,0,0,0,0,0,0
განზავება,0,0,0,0,0,0,0,0,0,0
დიმი,0,0,0,0,0,0,0,0,0,0
განზომილება,0,0,0,0,0,0,0,0,0,0
მცირდება,0,0,0,0,0,1,0,1,0,0
შემცირდა,0,0,0,0,0,1,0,0,0,0
შემცირება,0,0,0,0,0,0,0,0,0,0
დამამცირებელი,0,0,0,0,0,0,0,0,0,0
დინ,0,0,0,0,0,1,0,0,0,0
ივახშმე,0,0,0,0,0,0,0,0,0,0
სასადილო,0,0,0,0,0,0,0,0,0,0
ვახშამი,0,0,0,0,0,0,1,0,0,0
დინოზავრი,0,0,0,1,0,0,0,0,0,0
დინტ,0,0,0,0,0,0,0,0,0,0
ეპარქია,0,0,0,0,0,0,0,0,0,0
ეპარქია,0,0,0,0,0,0,0,0,0,0
დიორამა,0,0,0,0,0,0,0,0,0,0
ჩაძირვა,0,0,0,0,0,0,0,0,0,0
დიპლომი,0,0,0,0,0,0,0,0,0,0
დიპლომატია,0,1,0,0,0,0,1,0,0,1
დიპლომატი,0,0,0,0,0,0,0,0,0,0
დიპლომატიური,0,0,0,0,0,0,1,0,0,1
საშინელი,0,0,1,1,0,1,0,1,1,0
მიმართული,0,0,0,0,0,0,0,0,0,0
მიმართულება,0,0,0,0,0,0,0,0,0,0
პირდაპირ,0,0,0,0,0,0,0,0,0,0
დირექტორი,0,0,0,0,0,0,1,0,0,1
დირექტორია,0,0,0,0,0,0,0,0,0,0
ჭუჭყიანი,0,0,1,0,0,1,0,0,0,0
ბინძური,0,0,1,0,0,1,0,0,0,0
ინვალიდობა,0,0,0,0,0,1,0,1,0,0
გამორთვა,0,0,0,1,0,1,0,1,0,0
ინვალიდი,0,0,0,1,0,1,0,1,0,0
მინუსი,0,0,0,0,0,0,0,0,0,0
უკმაყოფილო,0,0,0,0,0,1,0,0,0,0
უარყოფა,1,0,0,0,0,1,0,0,0,0
შეუსაბამო,0,0,0,0,0,0,0,0,0,0
არ ეთანხმება,1,0,0,0,0,1,0,1,0,0
უთანხმოება,1,0,0,0,0,1,0,1,0,0
აკრძალვა,0,0,0,0,0,0,0,0,0,0
დაუშვებელია,1,0,1,1,0,1,0,1,0,0
გაქრება,0,0,0,1,0,0,0,0,0,0
გაუჩინარება,0,0,0,0,0,0,0,0,0,0
გაქრება,0,0,0,0,0,0,0,0,0,0
გაუცრუებ,1,0,1,0,0,1,0,1,0,0
იმედგაცრუებული,1,0,1,0,0,1,0,1,0,0
გულდასაწყვეტია,0,0,0,0,0,1,0,1,0,0
იმედგაცრუება,0,0,1,0,0,1,0,1,0,0
უარყოფა,0,0,0,0,0,1,0,1,0,0
უარყოფა,1,0,1,1,0,1,0,1,0,0
არ მოიწონა,1,0,0,0,0,1,0,1,0,0
უკმაყოფილო,1,0,1,0,0,1,0,1,0,0
განიარაღება,0,0,0,0,0,0,0,0,0,0
არეულობა,0,0,0,0,0,0,0,0,0,0
კატასტროფა,1,0,1,1,0,1,0,1,1,0
დამღუპველი,1,0,0,1,0,1,0,1,0,0
დაშლა,0,0,0,0,0,0,0,0,0,0
ურწმუნოება,0,0,0,0,0,0,0,0,0,0
დაუჯერო,0,0,0,0,0,1,0,0,0,0
დახარჯავს,0,0,0,0,0,0,0,0,0,0
გაცემა,0,0,0,0,0,0,0,0,0,0
დისკი,0,0,0,0,0,0,0,0,0,0
უგულვებელყოფილია,0,0,0,0,0,0,0,0,0,0
უგულებელყოფს,0,0,0,0,0,1,0,0,0,0
გარჩევა,0,0,0,0,0,0,0,0,0,0
შესამჩნევი,0,0,0,0,0,0,0,0,0,0
გამჭრიახი,0,0,0,0,0,0,0,0,0,0
გამჭრიახობა,0,0,0,0,0,0,0,0,0,0
გამონადენი,0,0,0,0,0,1,0,0,0,0
მოწაფე,0,0,0,0,0,0,0,0,0,1
დისციპლინა,0,0,0,1,0,1,0,0,0,0
უარის თქმა,1,0,1,0,0,1,0,0,0,1
პასუხისმგებლობის უარყოფა,0,0,0,0,0,0,0,0,0,0
გამჟღავნება,0,0,0,0,0,0,0,0,0,0
გამჟღავნებული,0,0,0,0,0,0,0,0,0,1
გამჟღავნება,0,0,0,0,0,0,0,0,0,0
გაუფერულება,0,0,1,0,0,1,0,0,0,0
გაუფერულდა,0,0,1,0,0,1,0,1,0,0
დისკომფორტი,0,0,0,0,0,1,0,1,0,0
გათიშვა,0,0,0,0,0,1,0,1,0,0
გათიშული,0,0,0,0,0,1,0,1,0,0
გათიშვა,0,0,0,0,0,1,0,0,0,0
უკმაყოფილება,1,0,1,1,0,1,0,1,0,0
შეწყვეტა,0,0,0,0,0,0,0,0,0,0
შეწყვიტოს,0,0,0,0,0,1,0,0,0,0
უწყვეტობა,0,0,1,1,0,1,0,1,0,0
უწყვეტი,0,0,0,0,0,0,0,0,0,0
უთანხმოება,1,0,1,0,0,1,0,0,0,0
ფასდაკლება,0,0,0,0,0,0,0,0,0,0
ფასდაკლებით,0,0,0,0,0,0,0,0,0,0
იმედგაცრუება,0,0,0,1,0,1,0,1,0,0
იმედგაცრუებული,0,0,0,0,0,0,0,0,0,0
იმედგაცრუება,0,0,0,0,0,1,0,0,0,0
დისკურსი,0,0,0,0,0,0,0,0,0,0
აღმოჩენა,0,0,0,0,0,0,0,0,0,0
აღმოჩენა,0,0,0,0,0,0,1,0,0,0
დისკრედიტაცია,0,0,0,0,0,1,0,0,0,0
თავდაჭერილი,0,1,0,0,0,0,1,0,0,0
შეუსაბამობა,0,0,0,0,0,0,0,0,0,0
დისკრეტული,0,0,0,0,0,0,0,0,0,0
შეხედულებისამებრ,0,1,0,0,0,0,1,0,0,1
დისკრეციული,0,0,0,0,0,0,1,0,0,0
დისკრიმინაცია,1,0,0,0,0,1,0,1,0,0
დისკრიმინაციული,0,0,1,0,0,1,0,0,0,0
დისკრიმინაცია,1,0,1,1,0,1,0,1,0,0
დისკუსია,0,0,0,0,0,0,0,0,0,0
დისკუსია,0,0,0,0,0,0,0,0,0,0
დისკუსია,0,0,0,0,0,0,1,0,0,0
ზიზღი,1,0,1,0,0,1,0,0,0,0
დაავადება,1,0,1,1,0,1,0,1,0,0
დაავადებული,0,0,1,1,0,1,0,1,0,0
უსხეულო,0,0,0,1,0,1,0,1,0,0
გათიშვა,0,0,0,0,0,0,0,0,0,0
გათიშვა,0,0,0,0,0,1,0,0,0,0
დამახინჯებული,1,0,1,1,0,1,0,1,0,0
შერცხვენა,1,0,1,0,0,1,0,1,0,0
შერცხვენილი,1,0,1,0,0,1,0,1,0,0
სამარცხვინო,1,0,1,0,0,1,0,0,0,0
უკმაყოფილო,1,0,1,0,0,1,0,1,0,0
შენიღბვას,0,0,0,0,0,0,0,0,0,0
შენიღბული,0,0,0,0,0,0,0,0,0,0
ზიზღი,1,0,1,1,0,1,0,1,0,0
ამაზრზენი,1,0,1,1,0,1,0,0,0,0
კერძი,0,0,0,0,0,0,0,0,0,0
იმედგაცრუებული,0,0,0,0,0,1,0,1,0,0
იმედგაცრუება,0,0,0,0,0,1,0,1,0,0
უპატიოსნო,1,0,1,0,0,1,0,1,0,0
უსინდისობა,0,0,1,0,0,1,0,0,0,0
შეურაცხყოფა,1,0,1,1,0,1,0,1,0,0
იმედგაცრუება,1,0,1,0,0,1,0,1,0,0
დეზინფექცია,0,0,0,0,0,0,0,0,0,0
სადეზინფექციო საშუალება,0,0,0,0,0,0,0,0,0,0
დეზინფექცია,0,0,0,0,0,0,1,0,0,0
დეზინფორმაცია,1,0,0,1,0,1,0,0,0,0
არაგულწრფელი,0,0,1,0,0,1,0,0,0,0
დაშლა,0,0,1,1,0,1,0,0,0,0
დაშლა,0,0,0,0,0,1,0,0,0,0
უინტერესო,0,0,0,0,0,1,0,0,0,0
დაშლილი,0,0,0,0,0,0,0,0,0,0
დაშლილი,0,0,0,0,0,0,0,0,0,0
განმანაწილებელი,0,0,0,0,0,0,0,0,0,0
დისკი,0,0,0,0,0,0,0,0,0,0
დისკეტი,0,0,0,0,0,0,0,0,0,0
არ მომწონს,1,0,1,0,0,1,0,0,0,0
არ მოეწონა,1,0,0,0,0,1,0,1,0,0
დისლოცირებული,1,0,1,1,0,1,0,1,0,0
დისლოკაცია,0,0,0,0,0,0,0,0,0,0
განდევნა,0,0,0,0,0,0,0,0,0,0
საზიზღარი,0,0,1,1,0,1,0,1,0,0
შეშფოთება,1,1,0,1,0,1,0,1,1,0
დანაწევრება,0,0,1,1,0,1,0,1,0,0
გათავისუფლება,0,0,0,0,0,0,0,0,0,0
სამსახურიდან გათავისუფლება,1,0,1,1,0,1,0,1,1,0
ჩამოხტება,0,0,0,0,0,0,0,0,0,0
დაუმორჩილებლობა,1,0,1,0,0,1,0,0,0,0
დაუმორჩილებელი,1,0,0,0,0,1,0,0,0,0
დაუმორჩილებლობა,1,0,1,0,0,1,0,0,0,0
განუკითხაობა,0,0,0,1,0,1,0,0,0,0
უწესრიგოდ,0,0,0,0,0,1,0,0,0,0
მოუწესრიგებელი,0,0,0,0,0,1,0,0,0,0
დამცირება,1,0,1,0,0,1,0,1,0,0
დამამცირებელი,1,0,1,0,0,1,0,1,0,0
განსხვავებული,0,0,0,0,0,0,0,0,0,0
უთანასწორობა,1,0,1,0,0,1,0,1,0,0
უპასუხისმგებლო,0,0,0,0,0,1,0,1,0,0
გაგზავნა,0,0,0,0,0,0,0,0,0,0
გაფანტავს,0,0,0,0,0,1,0,1,0,0
დარიგება,0,0,0,0,0,0,0,0,0,0
გაცემა,0,0,0,0,0,0,0,0,0,0
დაარბია,0,0,0,0,0,0,0,0,0,0
გაფანტული,0,0,0,0,0,0,0,0,0,0
დისპერსიას,0,0,0,0,0,1,0,0,0,0
გადაადგილება,0,0,0,0,0,1,0,0,0,0
გადაადგილებული,1,0,0,1,0,0,0,1,0,0
გადაადგილება,0,0,0,0,0,0,0,0,0,0
ჩვენება,0,0,0,0,0,0,0,0,0,0
უკმაყოფილო,1,0,1,1,0,1,0,1,0,0
უკმაყოფილება,0,0,1,0,0,1,0,0,0,0
განკარგვა,0,0,0,0,0,1,0,0,0,0
განკარგავს,0,0,1,0,0,0,0,0,0,0
განლაგებული,0,1,0,0,0,0,1,0,0,1
განწყობილება,0,0,0,0,0,0,0,0,0,0
უპატრონო,1,0,0,1,0,1,0,1,0,0
უარყოფა,0,0,0,0,0,0,0,0,0,0
დავა,1,0,0,0,0,1,0,0,0,0
დისკვალიფიკაცია,0,0,0,0,0,1,0,0,0,0
დისკვალიფიცირებული,1,0,1,0,0,1,0,1,0,0
დისკვალიფიკაცია,0,0,0,0,0,1,0,1,0,0
უგულვებელყოფით,0,0,0,0,0,1,0,0,0,0
უგულებელყოფილი,0,0,1,0,0,1,0,0,0,0
უპატივცემულო,1,0,1,1,0,1,0,0,0,0
უპატივცემულობა,0,0,0,0,0,0,0,0,0,0
უპატივცემულობა,1,0,0,0,0,1,0,0,0,0
უპატივცემულო,1,0,1,1,0,1,0,1,0,0
შეფერხება,1,0,0,1,0,1,0,0,1,0
უკმაყოფილება,0,0,0,0,0,1,0,0,0,0
უკმაყოფილო,0,0,0,0,0,0,0,0,0,0
გაკვეთა,0,0,0,0,0,0,0,0,0,0
დისექცია,0,0,1,0,0,0,0,0,0,0
გაავრცელებს,0,0,0,0,0,0,1,0,0,0
გავრცელება,0,0,0,0,0,0,0,0,0,0
უთანხმოება,1,0,0,0,0,1,0,0,0,0
განსხვავებული აზრი,0,0,0,0,0,0,0,0,0,0
განსხვავებული,0,0,0,0,0,1,0,0,0,0
დისერტაცია,0,0,0,0,0,0,0,0,0,0
უსარგებლობა,1,0,1,0,0,1,0,1,0,0
დისიდენტი,1,0,0,1,0,1,0,0,0,0
განსხვავებული,0,0,0,0,0,0,0,0,0,0
გაფანტავს,0,0,0,0,0,0,0,0,0,0
დაბნეული,0,0,0,0,0,0,0,0,0,0
დისოციაცია,0,0,0,0,0,0,0,0,0,0
დაშლა,1,0,0,1,0,1,0,1,1,0
დაითხოვოს,0,0,0,0,0,0,0,0,0,0
დისონანსი,1,0,0,0,0,1,0,0,0,0
დაარწმუნოს,0,0,0,0,0,0,0,0,0,0
დისტალური,0,0,0,0,0,0,0,0,0,0
მანძილი,0,0,0,0,0,0,0,0,0,0
შორეული,0,0,0,0,0,0,0,0,0,0
ზიზღი,0,0,1,0,0,1,0,0,0,0
უსიამოვნო,0,0,1,0,0,1,0,0,0,0
დისტილატი,0,0,0,0,0,0,0,0,0,0
დისტილაცია,0,0,0,0,0,0,1,0,0,0
განსხვავება,0,0,0,0,0,0,1,0,0,0
გამორჩეული,0,0,0,0,0,0,0,0,0,0
განასხვავებენ,0,0,0,0,0,0,0,0,0,0
გამორჩეული,0,0,0,0,0,0,0,0,0,0
გამორჩეული,0,0,0,0,0,0,0,0,0,0
განმასხვავებელი,0,0,0,0,0,0,0,0,0,0
დამახინჯებული,0,0,1,0,0,1,0,0,0,0
დამახინჯება,0,0,0,0,0,1,0,0,0,0
ყურადღების გადატანა,0,0,0,0,0,1,0,0,0,0
გაფანტა,1,0,0,0,0,1,0,0,0,0
ყურადღების გადატანის,1,1,0,0,0,1,0,0,0,0
ყურადღების გაფანტვა,0,0,0,0,0,1,0,0,0,0
შეწუხებული,0,0,0,0,0,1,0,1,0,0
გაჭირვება,1,0,1,1,0,1,0,1,1,0
შეწუხდა,0,0,0,1,0,1,0,0,0,0
აღმაშფოთებელი,1,0,0,1,0,1,0,0,0,0
გავრცელება,0,0,0,0,0,0,0,0,0,0
განაწილება,0,0,0,0,0,0,0,0,0,0
რაიონი,0,0,0,0,0,0,0,0,0,0
უნდობლობა,1,0,1,1,0,1,0,0,0,0
არეულობა,1,0,0,1,0,1,0,1,1,0
შეწუხებული,1,0,0,0,0,1,0,1,0,0
გამოუყენებლობა,0,0,0,0,0,1,0,0,0,0
გამოუყენებელი,1,0,0,0,0,1,0,0,0,0
თხრილი,0,0,0,0,0,0,0,0,0,0
ასე,0,0,0,0,0,0,0,0,0,0
ჭუჭყიანი,0,0,0,0,1,0,1,0,0,0
დღიური,0,0,0,0,0,0,0,0,0,0
დივანი,0,0,0,0,0,0,0,0,0,1
ჩაყვინთვის,0,0,0,0,0,0,0,0,0,0
მყვინთავი,0,0,0,0,0,0,0,0,0,0
განსხვავდებიან,0,0,0,0,0,0,0,0,0,0
დივერგენცია,0,0,0,0,0,0,0,0,0,0
განსხვავებული,0,0,0,0,0,1,0,0,1,0
განსხვავდებიან,0,0,0,0,0,0,0,0,0,0
მყვინთავები,0,0,0,0,0,0,0,0,0,0
მრავალფეროვანი,0,0,0,0,0,1,1,0,0,0
დივერსიფიცირებული,0,0,0,0,0,0,1,0,0,0
დივერსიფიკაცია,0,0,0,0,0,0,0,0,0,0
განრიდება,0,0,0,0,0,0,1,0,1,0
მრავალფეროვნება,0,0,0,0,0,0,0,0,0,0
გადამისამართება,0,0,0,0,0,0,0,0,0,0
გადამისამართება,0,0,0,0,0,0,0,0,0,0
გასხვისება,0,0,0,0,0,0,0,0,0,0
გასხვისებული,0,0,0,0,0,1,0,0,0,0
დივესტირება,0,0,0,0,0,1,0,0,0,0
გაყოფა,0,0,0,0,0,0,0,0,0,0
გაყოფილი,0,0,0,0,0,0,0,0,0,0
დივიდენდი,0,0,0,0,0,0,0,0,0,0
მკითხაობა,0,1,0,0,0,0,0,0,0,0
ღვთაებრივი,0,0,0,0,0,0,0,0,0,0
ღვთაებრიობა,0,0,0,0,0,0,1,0,0,0
გაყოფადი,0,0,0,0,0,0,0,0,0,0
დაყოფა,0,0,0,0,0,0,0,0,0,0
გამყოფი,0,0,0,0,0,0,0,0,0,0
განქორწინება,1,0,1,1,0,1,0,1,1,1
გაამჟღავნონ,0,0,0,0,0,0,0,0,0,0
თავბრუსხვევა,0,0,0,0,0,1,0,0,0,0
თავბრუსხვევა,0,0,0,0,0,1,0,0,0,0
დამჯერი,0,0,0,0,0,0,0,0,0,0
დოკ,0,0,0,0,0,0,0,0,0,0
დამაგრებული,0,0,0,0,0,1,0,0,0,0
დოკეტი,0,0,0,0,0,0,0,0,0,0
ექიმი,0,0,0,0,0,0,1,0,0,1
დოქტრინალური,0,0,0,0,0,0,0,0,0,0
დოქტრინა,0,0,0,0,0,0,0,0,0,1
დოკუმენტი,0,0,0,0,0,0,0,0,0,0
დოკუმენტური,0,0,0,0,0,0,0,0,0,0
ავუარე,0,0,0,0,0,0,0,0,0,0
ავუარე,0,0,0,0,0,0,0,0,0,0
თოჯინა,0,0,0,0,0,0,0,0,0,0
შემსრულებელი,0,0,0,0,0,0,1,0,0,0
ძაღლი,0,0,0,0,0,0,0,0,0,0
ჯიუტი,0,0,0,0,0,0,1,0,0,0
დოგმა,0,0,0,0,0,0,0,0,0,1
დოგმატური,0,0,0,0,0,0,0,0,0,0
აკეთებს,0,0,0,0,0,0,0,0,0,0
გააკეთე,0,0,0,0,0,1,0,0,0,0
სისულელეები,0,0,0,0,0,1,0,1,0,0
დოლი,0,0,0,0,0,1,0,1,0,0
თოჯინა,0,0,0,0,1,0,0,0,0,0
დოლარი,0,0,0,0,0,0,0,0,0,0
დოლორ,0,0,0,0,0,1,0,1,0,0
დელფინი,0,0,0,0,1,0,1,0,1,1
დომენი,0,0,0,0,0,0,0,0,0,0
გუმბათი,0,0,0,0,0,0,0,0,0,0
შინაური,0,0,0,0,0,0,0,0,0,0
შინაური,0,0,0,0,0,0,0,0,0,0
მოშინაურება,0,0,0,0,0,0,0,0,0,0
საცხოვრებელი ადგილი,0,0,0,0,0,0,0,0,0,0
დასახლებული,0,0,0,0,0,0,0,0,0,0
დომინირება,0,0,0,0,0,0,0,0,0,0
დომინანტური,0,0,0,1,0,1,0,0,0,0
დომინირებს,1,0,0,1,0,1,1,0,0,0
დომინირებს,0,0,0,0,0,0,0,0,0,0
ბატონობა,1,0,0,1,0,1,0,1,0,0
სამფლობელო,0,0,0,1,0,0,0,0,0,1
დომინოს,0,0,0,0,0,0,0,0,0,0
დონ,0,0,0,0,0,0,1,0,0,1
შემოწირულობა,0,0,0,0,0,0,1,0,0,0
ვირი,0,0,1,0,0,1,0,0,0,0
დონორი,0,0,0,0,0,0,0,0,0,0
დუდლი,0,0,0,0,0,1,0,0,0,0
განწირულობა,0,0,0,1,0,1,0,0,0,0
განწირული,0,0,0,1,0,1,0,1,0,0
განკითხვის დღე,1,1,1,1,0,1,0,1,0,0
კარი,0,0,0,0,0,0,0,0,0,0
კარის ზარი,0,0,0,0,0,0,0,0,0,0
კარიბჭე,0,0,0,0,0,0,0,0,0,0
მიძინებული,0,0,0,0,0,0,0,0,0,0
საერთო საცხოვრებელში,0,0,0,0,0,0,0,0,0,0
დორსალური,0,0,0,0,0,0,0,0,0,0
დოზა,0,0,0,0,0,0,0,0,0,0
წერტილი,0,0,0,0,0,0,0,0,0,0
ორმაგი,0,0,0,0,0,0,0,0,0,0
გაორმაგდა,0,0,0,0,0,0,0,0,0,0
დუბლი,0,0,0,0,0,0,0,0,0,0
გაორმაგება,0,0,0,0,0,0,0,0,0,0
ეჭვი,0,0,0,1,0,1,0,1,0,1
საეჭვო,0,0,0,0,0,1,0,0,0,0
ეჭვი ეპარება,0,0,0,0,0,1,0,0,0,0
უეჭველი,0,0,0,0,0,0,1,0,0,1
დუჟი,0,0,0,0,0,1,0,0,0,0
ცომი,0,0,0,0,0,0,0,0,0,0
დონატი,0,0,0,0,0,0,0,0,0,0
დური,0,0,0,0,0,1,0,0,0,0
მტრედი,0,1,0,0,1,0,1,0,0,1
ჩამოგდებული,0,0,0,0,0,0,0,0,0,0
დაცემა,0,0,0,1,0,1,0,1,0,0
დაღმართზე,0,0,0,0,0,0,0,0,0,0
წვიმა,0,0,0,0,0,0,0,0,0,0
პირდაპირ,0,0,0,0,0,0,0,0,0,1
ძირი,0,0,0,0,0,0,1,0,0,0
მზითვი,0,0,0,0,0,0,0,0,0,0
დაძინება,0,0,0,0,0,0,0,0,0,0
ათეული,0,0,0,0,0,0,0,0,0,0
წვრილმანი,0,0,0,0,0,1,0,1,0,0
პროექტი,0,1,0,0,0,0,0,0,0,0
გადაათრიეთ,0,0,0,0,0,0,0,0,0,0
დრაკონი,0,0,0,1,0,0,0,0,0,0
გადინება,0,0,0,0,0,0,0,0,0,0
დრენაჟი,0,0,0,0,0,1,0,0,0,0
გადაწურული,0,0,0,0,0,0,0,0,0,0
დრეიკი,0,0,0,0,0,0,0,0,0,0
დრამა,0,0,0,0,0,0,0,0,0,0
დრამატული,0,0,0,0,0,0,0,0,0,0
ფარდაგი,0,0,0,0,0,0,0,0,0,0
ფარდები,0,0,0,0,0,0,0,0,0,0
მკვეთრი,0,0,0,0,0,0,0,0,0,0
პროექტი,0,0,0,0,0,0,0,0,0,0
ხატვა,0,0,0,0,0,0,0,0,0,0
ნაკლი,0,0,0,0,0,1,0,0,0,0
უჯრა,0,0,0,0,0,0,0,0,0,0
უჯრები,0,0,0,0,0,0,0,0,0,0
ნახატი,0,0,0,0,0,0,0,0,0,0
შიში,0,1,0,1,0,1,0,0,0,0
საშინელი,1,1,1,1,0,1,0,1,0,0
საშინლად,0,0,1,1,0,1,0,1,1,0
ოცნება,0,0,0,0,0,0,0,0,0,0
მეოცნებე,0,0,0,0,0,0,0,0,0,0
ოცნებობს,0,0,0,0,0,0,0,0,0,0
მეოცნებე,0,0,0,0,0,0,0,0,0,0
მოსაწყენი,0,0,0,0,0,1,0,1,0,0
დრეჯი,0,0,0,0,0,0,0,0,0,0
გაჟღენთილი,0,0,0,0,0,0,0,0,0,0
კომოდი,0,0,0,0,0,0,0,0,0,0
დრიბლინგი,0,0,0,0,0,0,0,0,0,0
გამხმარი,0,0,0,0,0,0,0,0,0,0
უფრო საშრობი,0,0,0,0,0,0,0,0,0,0
დრიფტი,0,0,0,0,0,0,0,0,0,0
დრიფტი,0,0,0,0,0,0,0,0,0,0
საბურღი,0,0,0,0,0,0,0,0,0,0
სასმელი,0,0,0,0,0,0,0,0,0,0
სასმელი,0,0,0,0,0,1,0,0,0,0
წვეთოვანი,0,0,0,0,0,0,0,0,0,0
წვეთოვანი,0,0,0,0,0,0,0,0,0,0
მამოძრავებელი,0,0,1,0,0,1,0,0,0,0
მძღოლი,0,0,0,0,0,0,0,0,0,0
სავალი გზა,0,0,0,0,0,0,0,0,0,0
წვიმა,0,0,0,0,0,0,0,0,0,0
თრევა,0,0,0,0,0,0,0,0,0,0
დრონი,0,0,0,0,0,1,0,0,0,0
ნერწყვი,0,0,1,0,0,0,0,0,0,0
ჩავარდნილი,0,0,0,0,0,1,0,0,0,0
ჩამოაგდეს,0,0,0,0,0,0,0,0,0,0
წვეთი,0,0,0,0,0,0,0,0,0,0
გვალვა,0,0,0,0,0,1,0,0,0,0
მართავდა,0,0,0,0,0,0,0,0,0,0
დაიხრჩო,0,0,0,1,0,1,0,1,0,0
ძილიანობა,0,0,0,0,0,1,0,0,0,0
ძილიანი,0,0,0,0,0,0,0,0,0,0
შრომატევადი,0,0,0,0,0,1,0,0,0,0
ნარკოტიკი,0,0,0,0,0,0,0,0,0,0
ნარკოტიკული,0,0,0,0,0,0,0,1,0,0
აფთიაქი,0,0,0,0,0,0,0,0,0,0
დრუიდი,0,0,0,0,0,0,0,0,0,0
ბარაბანი,0,0,0,0,0,0,0,0,0,0
დრამერი,0,0,0,0,0,0,0,0,0,0
დარტყმა,0,0,0,0,0,0,0,0,0,0
მთვრალი,0,0,1,0,0,1,0,0,0,0
სიმთვრალე,0,0,0,0,0,1,0,0,0,0
მშრალი,0,0,0,0,0,0,0,0,0,0
სიმშრალე,0,0,0,0,0,0,0,0,0,0
ორმაგი,0,0,0,0,0,0,0,0,0,0
დუალიზმი,0,0,0,0,0,0,0,0,0,0
ორმაგობა,0,0,0,0,0,0,0,0,0,0
გახმოვანება,0,0,0,0,0,0,0,0,0,0
საეჭვო,0,0,0,1,0,1,0,0,0,1
იხვი,0,0,0,0,0,0,0,0,0,0
სადინარში,0,0,0,0,0,0,0,0,0,0
დრეკადი,0,0,0,0,0,0,0,0,0,0
დუდები,0,0,0,0,0,0,0,0,0,0
იმის გამო,0,0,0,0,0,0,0,0,0,0
დუელი,1,1,0,1,0,0,0,0,0,0
გადასახადები,0,0,0,0,0,0,0,0,0,0
დუეტი,0,0,0,0,0,0,1,0,0,0
დუგუტი,0,0,0,0,0,0,0,0,0,0
ჰერცოგი,0,0,0,0,0,0,1,0,0,0
მოსაწყენი,0,0,0,0,0,1,0,1,0,0
მუნჯი,0,0,0,0,0,1,0,0,0,0
მატყუარა,0,0,0,0,0,1,0,0,0,0
ნაგავსაყრელი,0,0,0,0,0,0,0,0,0,0
ნაგავსაყრელები,1,0,0,0,0,1,0,1,0,0
დუნ,0,0,0,0,0,1,0,0,0,0
დიუნი,0,0,0,0,0,0,0,0,0,0
ნაგავი,0,0,1,0,0,0,0,0,0,0
დუნდული,0,0,0,1,0,1,0,0,0,0
დუეტი,0,0,0,0,0,0,0,0,0,0
მოტყუება,1,0,0,0,0,1,0,0,0,0
დუპლექსი,0,0,0,0,0,0,0,0,0,0
დუბლიკატი,0,0,0,0,0,0,0,0,0,0
დუბლირება,0,0,0,0,0,0,0,0,0,0
ორპირობა,1,0,0,0,0,1,0,0,0,0
გამძლეობა,0,0,0,0,0,0,1,0,0,1
გამძლე,0,0,0,0,0,0,1,0,0,1
ხანგრძლივობა,0,0,0,0,0,0,0,0,0,0
იძულება,1,0,1,1,0,1,0,1,0,0
შებინდებისას,0,0,0,0,0,0,0,0,0,0
ბუნდოვანი,0,0,0,0,0,0,0,0,0,0
მტვერი,0,0,0,0,0,1,0,0,0,0
მტვერი,0,0,0,0,0,0,0,0,0,0
მტვრიანი,0,0,0,0,0,0,0,0,0,0
მორჩილი,0,1,0,0,0,0,1,0,0,1
ჯუჯა,0,0,0,0,0,0,0,0,0,0
ჯუჯა,0,0,0,1,0,1,0,1,0,0
დასახლება,0,0,0,0,0,0,0,0,0,0
ბინადარი,0,0,0,0,0,0,0,0,0,0
საცხოვრებელი,0,0,0,0,0,0,0,0,0,0
საღებავი,0,0,0,0,0,0,0,0,0,0
მომაკვდავი,1,0,1,1,0,1,0,1,0,0
დიკი,0,0,0,0,0,0,0,0,0,0
დინამიური,0,0,0,0,0,0,0,0,1,0
დინამიური,0,0,0,0,0,0,0,0,0,0
დინამიკა,0,0,0,0,0,0,0,0,0,0
დინამიტი,0,0,0,0,0,0,0,0,0,0
დინასტია,0,0,0,0,0,0,0,0,0,0
დიზენტერია,0,0,1,0,0,1,0,1,0,0
დისპეფსია,0,0,0,0,0,0,0,0,0,0
მონდომებული,0,1,0,0,1,0,1,0,1,1
მონდომება,0,1,0,0,1,0,1,0,0,1
არწივი,0,0,0,0,0,0,0,0,0,1
ყური,0,0,0,0,0,0,0,0,0,0
გრაფი,0,0,0,0,0,0,1,0,0,0
ადრე,0,0,0,0,0,0,0,0,0,0
ადრე,0,0,0,0,0,0,0,0,0,0
შოვნა,0,0,0,0,0,0,1,0,0,0
გულწრფელი,0,0,0,0,0,0,1,0,0,0
გულმოდგინედ,0,0,0,0,0,0,1,0,0,0
სერიოზულობა,0,0,0,0,0,0,1,0,0,0
მოგება,0,0,0,0,0,0,0,0,0,0
საყურე,0,0,0,0,0,0,0,0,0,0
ყურმილი,0,0,0,0,0,0,0,0,0,0
დედამიწა,0,0,0,0,0,0,0,0,0,0
თიხის ჭურჭელი,0,0,0,0,0,0,0,0,0,0
მიწიერი,0,0,0,0,0,0,0,0,0,0
მიწისძვრა,1,0,0,1,0,1,0,1,1,0
მიწიერი,0,0,0,0,0,0,0,0,0,0
განმუხტვის,0,0,0,0,0,0,1,0,0,0
დაზგური,0,0,0,0,0,0,0,0,0,0
სერვიტუტი,0,0,0,0,0,0,1,0,0,0
ადვილად,0,0,0,0,0,0,0,0,0,0
მარტივი,0,0,0,0,0,0,0,0,0,0
კომუნიკაბელური,0,0,0,0,0,0,1,0,0,0
ჭამე,0,0,0,0,0,0,1,0,0,0
ჭამა,0,0,0,0,0,0,0,0,0,0
მოსმენა,0,0,0,0,0,1,0,0,0,0
ჩაქრობა,0,0,0,0,0,0,0,0,0,0
აბონენტი,0,0,0,0,0,0,0,0,0,0
ექსცენტრიული,0,0,0,0,0,0,0,0,0,0
ექსცენტრიულობა,0,0,0,0,0,0,0,0,0,0
საეკლესიო,0,0,0,0,0,0,0,0,0,0
ექო,0,0,0,0,0,0,0,0,0,0
ეკლექტიკური,0,0,0,0,0,0,0,0,0,0
დაბნელება,0,0,0,0,0,0,0,0,0,0
ეკლიპტიკა,0,0,0,0,0,0,0,0,0,0
ეკონომიური,0,0,0,0,0,0,0,0,0,0
ეკონომიკა,0,0,0,0,0,0,0,0,0,0
ეკონომია,0,0,0,0,0,0,0,0,0,1
ექსტაზი,0,1,0,0,1,0,1,0,0,0
ენერგიული,0,1,0,0,1,0,1,0,1,0
ეკუმენური,0,0,0,0,0,0,0,0,0,0
ედი,0,0,0,0,0,0,0,0,0,0
ზღვარი,0,0,0,0,0,0,0,0,0,0
კიდეები,0,0,0,0,0,0,0,0,0,0
საკვები,0,0,0,0,0,0,0,0,0,0
განკარგულება,0,0,0,1,0,1,0,0,0,0
აღზრდის,0,1,0,0,1,0,1,0,0,1
ნაგებობა,0,0,0,0,0,0,0,0,0,0
რედაქტირება,0,0,0,0,0,0,0,0,0,0
გამოცემა,0,1,0,0,0,0,0,0,0,0
რედაქტორი,0,0,0,0,0,0,0,0,0,0
სარედაქციო,0,0,0,0,0,0,0,0,0,0
განათლება,0,0,0,0,0,0,1,0,0,0
განათლებული,0,0,0,0,0,0,1,0,0,0
განათლება,0,0,0,0,0,0,0,0,0,0
საგანმანათლებლო,0,0,0,0,0,0,1,0,0,1
გველთევზა,0,0,0,1,0,0,0,0,0,0
ეფექტი,0,0,0,0,0,0,0,0,0,0
ეფექტური,0,0,0,0,0,0,1,0,0,1
ეფექტები,0,0,0,0,0,0,0,0,0,0
ეფექტური,0,0,0,0,0,0,0,0,0,0
ეფექტურად,0,0,0,0,0,0,0,0,0,0
იმოქმედებს,0,0,0,0,0,0,0,0,0,0
ქალიშვილობა,0,0,0,0,0,1,0,0,0,0
ეფექტური,0,0,0,0,0,0,0,0,0,0
ეფექტურობა,0,0,0,0,0,0,1,0,0,0
ეფექტურობა,0,0,0,0,0,0,1,0,0,0
ეფექტური,0,1,0,0,0,0,1,0,0,1
ფიგურა,1,0,0,0,0,0,0,0,0,0
ძალისხმევა,0,0,0,0,0,0,1,0,0,0
გამონაყარი,0,0,0,0,0,0,0,0,0,0
კვერცხი,0,0,0,0,0,0,0,0,0,0
ეგო,0,0,0,0,0,0,0,0,0,0
ეგოისტური,0,0,1,0,0,1,0,0,0,0
ამაზრზენი,1,0,1,0,0,1,0,0,0,0
გამოსვლა,0,0,0,0,0,0,0,0,0,0
მერვე,0,0,0,0,0,0,0,0,0,0
ოთხმოცი,0,0,0,0,0,0,0,0,0,0
ეაკულაცია,0,0,0,0,0,0,0,0,0,0
ეაკულაცია,0,1,0,0,1,0,1,0,1,1
ამოგდება,0,0,0,0,0,1,0,0,0,0
განდევნა,0,0,0,0,0,1,0,0,0,0
დამუშავება,0,0,0,0,0,0,0,0,0,0
დამუშავება,0,0,0,0,0,0,1,0,0,0
ელან,0,0,0,0,0,0,0,0,0,0
გასვლა,0,0,0,0,0,0,0,0,0,0
გასული,0,0,0,0,0,0,0,0,0,0
ელასტიური,0,0,0,0,0,0,0,0,0,0
ელასტიურობას,0,0,0,0,0,0,0,0,0,0
აღფრთოვანებული,0,0,0,0,1,0,1,0,0,0
იდაყვი,1,0,0,0,0,0,0,0,0,0
ელდ,0,0,0,0,0,0,0,0,0,0
უფროსი,0,0,0,0,0,0,1,0,0,1
უფროსები,0,0,0,0,0,0,1,0,0,1
უფროსი,0,0,0,0,0,0,0,0,0,0
არჩეული,0,0,0,0,0,0,1,0,0,1
არჩევნები,0,0,0,0,0,0,0,0,0,0
ამომრჩეველი,0,0,0,0,0,0,0,0,0,0
ელექტორატი,0,0,0,0,0,0,0,0,0,1
ელექტრო,0,0,0,0,1,0,1,0,1,0
ელექტროობა,0,0,0,0,0,0,1,0,0,0
ელეგანტურობა,0,1,0,0,1,0,1,0,0,1
ელეგანტური,0,0,0,0,1,0,1,0,0,0
ელემენტი,0,0,0,0,0,0,0,0,0,0
ელემენტარული,0,0,0,0,0,0,0,0,0,0
ელემენტები,0,0,0,0,0,0,0,0,0,0
სპილო,0,0,0,0,0,0,0,0,0,0
ამაღლება,0,0,0,0,0,0,0,0,0,0
ამაღლება,0,1,0,1,1,0,1,0,0,1
ლიფტი,0,0,0,0,0,0,0,0,0,0
თერთმეტი,0,0,0,0,0,0,0,0,0,0
მეთერთმეტე,0,0,0,0,0,0,0,0,0,0
ელფი,1,0,1,1,0,0,0,0,0,0
გამოწვევა,0,0,0,0,0,0,0,0,0,0
უფლებამოსილი,0,0,0,0,0,0,1,0,0,0
აღმოფხვრა,1,0,1,1,0,1,0,1,0,0
ელიტა,0,1,0,0,1,0,1,0,0,1
ელკა,0,0,0,0,0,0,0,0,0,0
ელ,0,0,0,0,0,0,0,0,0,0
ელიფსი,0,0,0,0,0,0,0,0,0,0
ელიფსისი,0,0,0,0,0,0,0,0,0,0
ელიფსოიდი,0,0,0,0,0,0,0,0,0,0
ელიფსური,0,0,0,0,0,0,0,0,0,0
ელიფსური,0,0,0,0,0,0,0,0,0,0
წაგრძელებული,0,0,0,0,0,0,0,0,0,0
დრეკადობა,0,0,0,0,0,0,0,0,0,0
მჭევრმეტყველება,0,0,0,0,0,0,1,0,0,0
მჭევრმეტყველი,0,0,0,0,0,0,1,0,0,0
განმარტავს,0,0,0,0,0,0,1,0,0,1
გარკვევა,0,0,0,0,0,0,0,0,0,0
გაქცევა,0,0,0,0,0,0,0,0,0,0
მიუღწეველი,0,0,0,0,0,1,0,0,1,0
გაფითრებული,0,0,0,1,0,1,0,1,0,0
წარმოშობს,0,0,0,0,0,0,0,0,0,0
ემანსიპაცია,0,1,0,0,1,0,1,0,0,0
სანაპირო,0,0,0,0,0,0,0,0,0,0
ემბარგო,0,0,0,0,0,1,0,0,0,0
აბოძეთ,0,0,0,0,0,0,0,0,0,0
შერცხვენა,0,0,0,0,0,1,0,1,0,0
უხერხული,0,0,0,0,0,1,0,0,0,0
უხერხულობა,0,0,0,1,0,1,0,1,1,0
საელჩო,0,0,0,0,0,0,0,0,0,0
ჩანერგვა,0,0,0,0,0,0,0,0,0,0
დაამშვენებს,0,0,0,0,0,0,0,0,0,0
შემკულობა,0,0,0,0,0,0,0,0,0,0
ქარვა,0,0,0,0,0,0,0,0,0,0
მითვისება,0,0,0,0,0,1,0,0,0,0
ემბლემა,0,0,0,0,0,0,0,0,0,0
ემბლემატური,0,0,0,0,0,0,0,0,0,0
განსახიერება,0,0,0,0,0,0,0,0,0,0
ემბოლია,0,0,0,1,0,1,0,1,0,0
ჭედური,0,0,0,0,0,0,0,0,0,0
ჩახუტება,0,1,0,0,1,0,1,0,1,1
ნაქარგი,0,0,0,0,0,0,0,0,0,0
ნაქარგები,0,0,0,0,0,0,0,0,0,0
ჩახლართული,0,0,0,0,0,1,0,0,0,0
ემბრიონი,0,0,0,0,0,0,0,0,0,0
ემბრიონული,0,0,0,0,0,0,0,0,0,0
ზურმუხტი,0,0,0,0,0,0,0,0,0,0
აღმოცენდება,0,0,0,0,0,0,0,0,0,0
გაჩენა,0,0,0,0,0,0,0,0,0,0
სასწრაფო,0,0,0,1,0,1,0,1,1,0
დამსახურებული,0,0,0,0,0,0,1,0,0,0
ემიგრაციაში,0,0,0,0,0,0,0,0,0,0
ემიგრაცია,0,0,0,0,0,0,0,0,0,0
აღმატებულება,0,0,0,0,0,0,1,0,0,1
გამოჩენილი,0,0,0,0,0,0,1,0,0,0
გამორჩეულად,0,0,0,0,0,0,1,0,0,0
ემირი,0,0,0,0,0,0,1,0,0,0
ემისია,0,0,0,0,0,0,0,0,0,0
ასხივებენ,0,0,0,0,0,0,0,0,0,0
ემოცია,0,0,0,0,0,0,0,0,0,0
ემოციური,0,0,0,0,0,0,0,0,0,0
ემოციური,0,0,0,0,0,0,0,0,0,0
თანაგრძნობა,0,0,0,0,0,0,1,0,0,0
იმპერატორი,0,0,0,0,0,0,0,0,0,0
აქცენტი,0,0,0,0,0,0,0,0,0,0
ხაზი გავუსვა,0,0,0,0,0,0,0,0,0,1
ხაზგასმული,0,0,0,0,0,0,0,0,0,0
იმპერია,0,0,0,0,0,0,0,0,0,0
ემპირიული,0,0,0,0,0,0,0,0,0,0
ემპირიზმი,0,0,0,0,0,0,0,0,0,0
დასაქმება,0,0,0,0,0,0,0,0,0,1
დამსაქმებელი,0,0,0,0,0,0,0,0,0,0
დასაქმება,0,0,0,0,0,0,0,0,0,0
ემპორიუმი,0,0,0,0,0,0,0,0,0,0
გაძლიერება,0,0,0,0,0,0,1,0,0,0
იმპერატრიცა,0,0,0,0,0,0,0,0,0,0
სიცარიელე,0,0,0,0,0,0,0,1,0,0
განთავისუფლება,0,0,0,0,0,0,0,0,0,0
ცარიელი,0,0,0,0,0,0,0,0,0,0
მიბაძავს,0,0,0,0,0,0,1,0,0,0
ემულსია,0,0,0,0,0,0,0,0,0,0
ჩართვა,0,0,0,0,0,0,1,0,0,1
ჩართვა,0,0,0,0,0,0,1,0,0,1
ამოქმედდეს,0,0,0,0,0,0,0,0,0,0
ამოქმედება,0,0,0,0,0,0,0,0,0,0
მინანქარი,0,0,0,0,0,0,0,0,0,0
დაბანაკება,0,0,0,0,0,0,0,0,0,0
მოჯადოება,0,1,0,0,1,0,1,0,1,0
მოჯადოებული,0,0,0,0,1,0,1,0,0,1
მომაჯადოებელი,0,1,0,0,1,0,1,0,0,0
მოჯადოება,0,0,0,0,0,0,0,0,0,0
შემოხაზავს,0,0,0,0,0,0,0,0,0,0
გარშემორტყმული,0,0,0,0,0,0,0,0,0,0
ანკლავი,0,0,0,0,0,1,0,0,0,0
შემოერთო,0,0,0,0,0,0,0,0,0,0
კოდირება,0,0,0,0,0,0,0,0,0,0
მოიცავს,0,0,0,0,0,0,0,0,0,0
ბისი,0,0,0,0,0,0,1,0,0,0
ნაცნობობა,0,0,0,0,0,0,0,0,0,0
წაახალისოს,0,0,0,0,1,0,1,0,0,1
წახალისება,0,0,0,0,0,0,1,0,0,0
ხელყოფა,0,0,0,0,0,0,0,0,0,0
ხელყოფა,0,0,0,1,0,1,0,0,0,0
დაშიფვრა,0,0,0,0,0,0,0,0,0,0
ტვირთამწეობა,1,0,0,1,0,1,0,1,0,0
ენციკლოპედია,0,0,0,0,0,0,1,0,0,1
დასასრული,0,0,0,0,0,0,0,0,0,0
საფრთხე ემუქრება,0,1,0,1,0,1,0,0,0,0
საფრთხე ემუქრება,0,0,0,1,0,1,0,0,0,0
მცდელობა,0,1,0,0,0,0,1,0,0,0
დასრულდა,0,0,0,0,0,0,0,0,0,0
ენდემური,0,0,1,1,0,1,0,1,0,0
დამთავრებული,0,0,0,0,0,0,0,0,0,0
გაუთავებელი,1,0,0,1,1,1,1,1,0,1
ენდოკარდიტი,0,0,0,1,0,0,0,1,0,0
მოწონება,0,0,0,0,0,0,0,0,0,0
დაჯილდოება,0,0,0,0,0,0,1,0,0,1
დაჯილდოებული,0,0,0,0,0,0,1,0,0,0
დაჯილდოება,0,0,0,0,0,0,1,0,0,1
ბოლო ქაღალდები,0,0,0,0,0,0,0,0,0,0
საბოლოო წერტილი,0,0,0,0,0,0,0,0,0,0
გამძლეობა,0,0,0,0,0,0,1,0,0,0
გაუძლო,0,0,0,0,0,0,1,0,0,0
enema,0,0,1,0,0,0,0,0,0,0
მტერი,1,0,1,1,0,1,0,0,0,0
ენერგიული,0,0,0,0,0,0,1,0,0,0
ენერგია,0,0,0,0,0,0,0,0,0,0
აღასრულოს,1,0,0,1,0,1,1,0,0,0
აღსრულება,0,0,0,0,0,1,0,0,0,0
ჩაერთო,0,0,0,0,0,0,0,0,0,0
დაკავებული,0,1,0,0,1,0,1,0,0,1
ჩართულობა,0,0,0,0,0,0,0,0,0,0
ჩართვა,0,0,0,0,1,0,1,0,0,1
წარმოშობს,0,0,0,0,0,0,0,0,0,0
ძრავა,0,0,0,0,0,0,0,0,0,0
ინჟინერი,0,0,0,0,0,0,0,0,0,0
საინჟინრო,0,0,0,0,0,0,0,0,0,0
გრავირება,0,0,0,0,0,0,0,0,0,0
ამოტვიფრული,0,0,0,0,0,0,0,0,0,0
გრავიორი,0,0,0,0,0,0,0,0,0,0
გრავირება,0,0,0,0,0,0,0,0,0,0
ჩაფლული,0,0,0,0,0,0,0,0,0,0
ჩათრეული,0,0,0,0,0,0,0,0,0,0
შთანთქავს,0,1,0,0,0,0,0,0,0,0
გააძლიეროს,0,0,0,0,0,0,1,0,0,0
გამოცანა,0,0,0,0,0,0,0,0,0,0
იდუმალი,0,0,0,1,0,1,0,0,0,0
ავალდებულებს,0,0,0,0,0,0,0,0,0,0
ისიამოვნეთ,0,1,0,0,1,0,1,0,0,1
ტკბება,0,1,0,0,1,0,1,0,0,1
გადიდებული,0,0,0,0,0,0,0,0,0,0
გაფართოება,0,0,0,0,0,0,0,0,0,0
გაანათებენ,0,0,0,0,1,0,1,0,0,1
განმანათლებლობა,0,0,0,0,1,0,1,0,0,1
ჩარიცხვა,0,0,0,0,0,0,0,0,0,0
აცოცხლებს,0,0,0,0,1,0,1,0,1,1
მტრობა,1,0,0,1,0,1,0,1,0,0
უზარმაზარობა,0,0,0,0,0,0,0,0,0,0
უზარმაზარი,0,0,0,0,0,0,0,0,0,0
უზომოდ,0,0,0,0,0,0,0,0,0,0
გამდიდრება,0,0,0,0,0,0,1,0,0,0
ჩარიცხვა,0,1,0,0,0,0,0,0,0,1
ანსამბლი,0,0,0,0,0,0,1,0,0,1
პრაპორშჩიკი,0,0,0,0,0,0,1,0,0,0
დამონება,0,0,0,0,0,1,0,0,0,0
დამონებული,1,0,1,1,0,1,0,1,0,0
დამონება,0,0,0,0,0,1,0,0,0,0
მოჰყვება,0,0,0,0,0,0,0,0,0,0
უზრუნველყოს,0,0,0,0,0,0,0,0,0,0
იწვევს,0,0,0,0,0,0,0,0,0,0
ჩახლართული,1,0,1,1,0,1,0,1,0,0
ჩახლართვა,0,0,0,0,0,1,0,0,0,0
შედი,0,0,0,0,0,0,0,0,0,0
საწარმო,0,0,0,0,0,0,0,0,0,0
სამეწარმეო,0,0,0,0,0,0,1,0,0,0
გასართობად,0,0,0,0,1,0,1,0,0,0
გართობა,0,0,0,0,1,0,1,0,0,0
გასართობი,0,1,0,0,1,0,1,0,0,0
გასართობი,0,1,0,0,1,0,1,0,1,1
ენთუზიაზმი,0,1,0,0,1,0,1,0,1,0
ენთუზიასტი,0,1,0,0,1,0,1,0,1,0
მოზიდვა,0,0,0,0,0,0,0,0,0,0
მთელი,0,0,0,0,0,0,0,0,0,0
მთლიანობა,0,0,0,0,0,0,0,0,0,0
ანიჭებს,0,0,0,0,0,0,0,0,0,0
ერთეული,0,0,0,0,0,0,0,0,0,0
ენტომოლოგია,0,0,0,0,0,0,0,0,0,0
წიაღში,0,0,1,0,0,1,0,0,0,0
შესასვლელი,0,0,0,0,0,0,0,0,0,0
ვედრება,0,0,0,0,0,0,0,0,0,0
შესასვლელი,0,0,0,0,0,0,0,0,0,0
მეწარმე,0,0,0,0,0,0,0,0,0,0
მიანდო,0,0,0,0,0,0,0,0,0,1
შესვლა,0,0,0,0,0,0,0,0,0,0
ჩამოთვალეთ,0,0,0,0,0,0,0,0,0,0
ჩამონათვალი,0,0,0,0,0,0,0,0,0,0
კონვერტი,0,0,0,0,0,0,0,0,0,0
შურიანი,0,0,0,0,0,1,0,0,0,0
გარემო,0,0,0,0,0,0,1,0,0,0
გარემო,0,0,0,0,0,0,0,0,0,0
შემოგარენი,0,0,0,0,0,0,0,0,0,0
წარმოედგინა,0,0,0,0,0,0,0,0,0,0
დესპანი,0,0,0,0,0,0,0,0,0,0
ეფემერული,0,0,0,0,0,0,0,0,0,0
ეფემერები,0,0,0,0,0,0,1,0,0,0
ეპიკური,0,0,0,0,0,0,1,0,0,0
ეპიდემია,1,1,1,1,0,1,0,1,1,0
ეპიდერმისი,0,0,0,0,0,0,0,0,0,0
ეპილეფსია,0,0,0,0,0,1,0,0,0,0
ეპილოგი,0,0,0,0,0,0,0,0,0,0
საეპისკოპოსო,0,0,0,0,0,0,0,0,0,1
ეპიზოდი,0,0,0,0,0,0,0,0,0,0
ეპიზოდური,0,0,0,0,0,0,0,0,0,0
ეპისტოლე,0,0,0,0,0,0,0,0,0,0
ეპიტაფია,0,0,0,0,0,0,0,1,0,0
ეპითეტი,0,0,0,0,0,0,0,0,0,0
განსახიერება,0,0,0,0,0,0,1,0,0,0
ეპოქა,0,0,0,0,0,0,0,0,0,0
თანაბარი,0,0,0,0,0,0,0,0,0,0
თანასწორობა,0,0,0,0,1,0,1,0,0,1
გათანაბრება,0,0,0,0,0,0,0,0,0,0
გათანაბრება,0,0,0,0,0,0,0,0,0,0
თანაბრად,0,0,0,0,0,0,1,0,0,0
გათანაბრება,0,0,0,0,0,0,0,0,0,0
განტოლება,0,0,0,0,0,0,0,0,0,0
ეკვატორი,0,0,0,0,0,0,0,0,0,0
ეკვატორული,0,0,0,0,0,0,0,0,0,0
საცხენოსნო,0,0,0,0,0,0,0,0,0,0
თანაბარი მანძილი,0,0,0,0,0,0,0,0,0,0
წონასწორობა,0,0,0,0,0,0,0,0,0,0
წონასწორობა,0,0,0,0,0,0,1,0,0,0
აღჭურვა,0,0,0,0,0,0,0,0,0,0
აღჭურვილობა,0,0,0,0,0,0,0,0,0,0
სამართლიანი,0,0,0,0,0,0,0,0,0,0
კაპიტალი,0,0,0,0,0,0,1,0,0,0
ეკვივალენტობა,0,0,0,0,0,0,0,0,0,0
ექვივალენტი,0,0,0,0,0,0,0,0,0,0
ორაზროვანი,0,0,0,0,0,0,0,0,0,0
ეპოქა,0,0,0,0,0,0,0,0,0,0
აღმოფხვრა,1,0,0,0,0,1,0,0,0,0
აღმოფხვრა,1,0,1,1,0,1,0,0,0,0
წაშლა,0,0,0,1,0,1,0,0,0,0
წაშლა,0,0,0,0,0,0,0,0,0,0
ადრე,0,0,0,0,0,0,0,0,0,0
აღმართული,0,0,0,0,0,0,0,0,0,0
ერექცია,0,0,0,0,0,0,0,0,0,0
ასე,0,0,0,0,0,0,0,0,0,0
ეროზია,0,0,0,0,0,0,0,0,0,0
ეროზია,0,0,0,0,0,1,0,0,0,0
ეროტიკული,0,1,0,0,1,1,1,0,1,1
ცდება,0,0,0,0,0,1,0,0,0,0
დავალება,0,1,0,0,0,0,1,0,0,1
შემცდარი,0,0,0,0,0,1,0,0,0,0
არასტაბილური,0,0,0,0,0,1,0,0,1,0
შეცდომა,0,0,0,0,0,1,0,0,0,0
მცდარი,0,0,0,0,0,1,0,0,0,0
შეცდომა,0,0,0,0,0,1,0,1,0,0
ერსტ,0,0,0,0,0,0,0,0,0,0
ერუდიტი,0,0,0,0,0,0,1,0,0,0
ამოფრქვევა,1,0,0,0,0,1,0,0,1,0
ამოფრქვევა,1,0,0,1,0,1,0,0,1,0
ესკალადი,0,0,0,0,0,0,0,0,0,0
ესკალაცია,1,0,0,0,0,1,0,0,0,0
ესკალატორი,0,0,0,0,0,0,0,0,0,0
გაქცევა,0,1,0,1,0,1,1,0,0,0
გაიქცა,0,0,0,1,0,0,0,0,0,0
ესკარპაცია,0,0,0,0,0,0,0,0,0,0
მოერიდე,1,0,0,0,0,1,0,1,0,0
ესკორტი,0,0,0,0,0,0,0,0,0,1
ეზოთერული,0,0,0,0,0,0,0,0,0,0
განსაკუთრებული,0,0,0,0,0,0,0,0,0,0
ჯაშუშობა,0,0,0,0,0,1,0,0,0,0
დაიცავი,0,0,0,0,0,0,0,0,0,0
ესპრიტი,0,0,0,0,0,0,1,0,0,0
ესე,0,0,0,0,0,0,0,0,0,0
ესეისტი,0,0,0,0,0,0,0,0,0,0
არსი,0,0,0,0,0,0,0,0,0,0
არსებითი,0,0,0,0,0,0,1,0,0,0
არსებითად,0,0,0,0,0,0,0,0,0,0
დაამყარონ,0,0,0,0,0,0,0,0,0,1
შეიქმნა,0,0,0,0,1,0,1,0,0,0
დაარსება,0,0,0,0,0,0,0,0,0,0
მამული,0,0,0,0,0,0,0,0,0,0
პატივისცემა,0,0,0,0,1,0,1,1,0,1
ესთეტიკური,0,0,0,0,0,0,1,0,0,0
შეფასება,0,0,0,0,0,0,0,0,0,0
შეფასება,0,0,0,0,0,0,0,0,0,0
ესტოპელი,0,0,0,0,0,0,0,0,0,0
ჩამოშორებული,0,0,0,0,0,1,0,0,0,0
ესტროგენი,0,0,0,0,0,0,0,0,0,0
შესართავი,0,0,0,0,0,0,0,0,0,0
etch,0,0,0,0,0,0,0,0,0,0
გრავირება,0,0,0,0,0,0,0,0,0,0
მარადიული,0,0,0,0,0,0,0,0,0,0
მარადისობა,0,0,0,0,0,0,0,0,0,0
ეთანოლი,0,0,0,0,0,0,0,0,0,0
ეთერი,0,0,0,0,0,0,0,0,0,0
ეთერული,0,0,0,1,0,0,0,0,0,0
ეთიკური,0,0,0,0,0,0,1,0,0,0
ეთიკის,0,0,0,0,0,0,1,0,0,0
ეთნოგრაფია,0,0,0,0,0,0,0,0,0,0
ეტიოლოგია,0,0,0,0,0,0,0,0,0,0
ეტიკეტი,0,0,0,0,0,0,0,0,0,0
ეტიმოლოგია,0,0,0,0,0,0,0,0,0,0
ეუხრა,0,0,0,0,0,0,0,0,0,0
ევგენიკა,0,0,0,0,0,0,0,0,0,0
ელოგიკა,0,0,0,0,0,0,0,0,0,0
ევფემიზმი,0,0,0,0,0,0,0,0,0,0
ევთანაზია,0,0,0,1,0,1,0,1,0,0
ევაკუაცია,0,0,0,1,0,1,0,0,0,0
ევაკუაცია,0,0,0,0,0,1,0,0,0,0
მორიდება,1,0,1,1,0,1,0,0,0,0
შეაფასეთ,0,0,0,0,0,0,0,0,0,0
ევანესცენცია,0,0,0,0,0,0,0,1,1,0
ევანგელურ,0,0,0,0,0,0,0,0,0,0
მახარებელი,0,0,0,0,0,0,0,0,0,0
ევანგელისტური,0,0,0,0,0,0,0,0,0,0
აორთქლება,0,0,0,0,0,0,0,0,0,0
მორიდება,0,0,0,1,0,1,0,1,0,0
ევა,0,0,0,0,0,0,0,0,0,0
საღამო,0,0,0,0,0,0,0,0,0,0
ღონისძიება,0,0,0,0,0,0,0,0,0,0
მოვლენიანი,0,0,0,0,0,0,0,0,0,0
საბოლოო,0,1,0,0,0,0,0,0,0,0
შესაძლებლობას,0,1,0,1,0,0,0,0,0,0
მარადმწვანე,0,0,0,0,1,0,1,0,0,1
მარადიული,0,0,0,0,0,0,1,0,0,0
მარადის,0,0,0,0,0,0,0,0,0,0
ყოველ დღე,0,0,0,0,0,0,0,0,0,0
გამოსახლება,0,0,0,0,0,1,0,1,0,0
გამოსახლება,1,0,1,1,0,1,0,1,0,0
მტკიცებულება,0,0,0,0,0,0,0,0,0,0
აშკარა,0,0,0,0,0,0,1,0,0,1
ბოროტი,1,0,1,1,0,1,0,1,0,0
იწვევენ,0,0,0,0,0,0,0,0,0,0
ევოლუცია,0,0,0,0,0,0,1,0,0,0
განვითარება,0,0,0,0,0,0,0,0,0,0
ცხვრის,0,0,0,0,0,0,0,0,0,0
გამწვავდეს,0,0,0,0,0,1,0,0,0,0
გამწვავება,1,0,0,1,0,1,0,0,0,0
მომთხოვნი,0,0,0,0,0,1,0,0,0,0
გაზვიადება,1,0,0,0,0,1,0,0,0,0
გადაჭარბებული,0,0,0,0,0,1,0,0,0,0
გაზვიადება,0,0,0,0,0,0,0,0,0,0
ამაღლებს,0,1,0,0,1,0,1,0,0,1
ამაღლება,0,0,0,0,1,0,1,0,0,1
ამაღლებული,0,0,0,0,1,0,1,0,0,1
გამოცდა,0,0,0,0,0,0,0,0,0,0
ექსპერტიზა,0,0,0,1,0,1,0,0,1,0
გამოიკვლიოს,0,0,0,0,0,0,0,0,0,0
გამომცდელი,0,0,0,0,0,0,0,0,0,0
აღშფოთება,1,0,1,0,0,1,0,0,0,0
გათხრები,0,0,0,0,0,0,0,0,0,0
გათხრები,0,1,0,0,0,1,0,0,1,0
ექსკავატორი,0,0,0,0,0,0,0,0,0,0
გადააჭარბოს,0,1,0,0,1,0,1,0,0,0
აღემატება,0,0,0,0,0,0,0,0,0,0
excel,0,1,0,0,1,0,1,0,1,1
ბრწყინვალება,0,0,1,0,1,0,1,0,0,1
შესანიშნავი,0,0,0,0,1,0,1,0,0,1
გარდა,0,0,0,0,0,0,0,0,0,0
გამონაკლისი,0,0,0,0,0,0,0,0,0,0
ამონაწერი,0,0,0,0,0,0,0,0,0,0
ჭარბი,0,0,0,0,0,1,0,0,0,0
გადაჭარბებული,0,0,0,0,0,0,0,0,0,0
ზედმეტად,0,0,0,0,0,0,0,0,0,0
გაცვლა,0,0,0,0,0,0,1,0,0,1
აქციზი,0,0,0,0,0,1,0,0,0,0
ამოკვეთა,0,0,0,0,0,0,0,0,0,0
აგზნებადობა,0,0,0,0,0,0,0,0,0,0
ამაღელვებელი,0,0,0,0,0,0,1,0,0,0
აღგზნება,1,1,0,1,1,0,1,0,1,0
აღელვებს,1,1,0,1,1,0,1,0,1,0
აღელვებული,0,1,0,0,1,0,1,0,1,1
მღელვარება,0,1,0,0,1,0,1,0,1,0
ამაღელვებელი,0,1,0,0,1,0,1,0,1,0
წამოიძახე,0,0,0,0,0,0,0,0,1,0
გამორიცხული,0,0,1,0,0,1,0,1,0,0
გარდა,0,0,0,0,0,1,0,1,0,0
გამორიცხვა,0,0,1,1,0,1,0,1,0,0
ექსკრემენტი,0,0,1,0,0,1,0,0,0,0
გამოყოფა,0,0,1,0,0,0,0,0,0,0
მტანჯველი,0,0,0,1,0,1,0,0,0,0
ექსკურსია,0,0,0,0,0,0,0,0,0,0
საბაბი,0,0,0,0,0,1,0,0,0,0
შეასრულოს,0,0,0,0,0,0,0,0,0,0
აღსრულება,1,0,0,1,0,1,0,1,0,1
ჯალათი,1,0,0,1,0,1,0,1,0,0
აღმასრულებელი,0,0,0,0,0,0,0,0,0,0
შემსრულებელი,0,0,0,0,0,0,0,0,0,1
ეგზეგეტიკა,0,0,0,0,0,0,0,0,0,0
სამაგალითო,0,0,0,0,0,0,0,0,0,0
სამაგალითო,0,0,0,0,0,0,1,0,0,0
აჩვენე,0,0,0,0,0,0,0,0,0,0
გათავისუფლებული,0,0,0,0,0,0,0,0,0,0
გათავისუფლება,0,0,0,0,0,0,1,0,0,0
ვარჯიში,0,0,0,0,0,0,0,0,0,0
ვარჯიში,0,0,0,0,0,0,0,0,0,0
ვარჯიში,0,0,0,0,0,0,0,0,0,0
ამოსუნთქვა,0,0,0,0,0,0,0,0,0,0
გამონაბოლქვი,0,0,0,0,0,1,0,0,0,0
დაქანცული,0,0,0,0,0,1,0,1,0,0
დაღლილობა,0,1,0,0,0,1,0,1,0,0
ამომწურავი,0,0,0,0,0,0,0,0,0,1
გამოფენა,0,0,0,0,0,0,0,0,0,0
გამოფენა,0,0,0,0,0,0,0,0,0,0
აღფრთოვანება,0,0,0,0,1,0,1,0,1,0
შეგონება,0,0,0,0,0,0,1,0,0,0
შეგონება,0,0,0,0,0,0,1,0,0,0
საჭირო,0,1,1,1,0,1,0,0,1,0
გადასახლება,1,0,0,1,0,1,0,1,0,0
არსებობს,0,0,0,0,0,0,0,0,0,0
არსებობა,0,0,0,0,0,0,1,0,0,0
არსებული,0,0,0,0,0,0,0,0,0,0
არსებული,0,0,0,0,0,0,0,0,0,0
გასასვლელი,0,0,0,0,0,0,0,0,0,0
გამოსვლა,0,0,0,0,0,0,0,0,0,0
გადაჭარბებული,0,0,0,0,0,0,0,0,0,0
ეგზორციზმი,0,0,0,1,0,1,0,1,0,0
ეგზორცისტი,0,0,0,0,0,0,0,0,0,0
ეგზოტიკური,0,0,0,0,0,0,1,0,0,0
გაფართოება,0,0,0,0,0,0,0,0,0,0
გაფართოვდა,0,0,0,0,0,0,0,0,0,0
სივრცე,0,0,0,0,0,0,0,0,0,0
გაფართოება,0,0,0,0,0,0,0,0,0,0
ექსპანსიური,0,0,0,0,0,0,0,0,0,0
ემიგრაცია,0,0,0,0,0,1,0,0,0,0
ველით,0,1,0,0,0,0,1,0,1,1
მოლოდინი,0,1,0,0,0,0,0,0,0,0
მომლოდინე,0,1,0,0,0,0,0,0,0,0
მოლოდინი,0,1,0,0,0,0,1,0,0,0
მოსალოდნელია,0,1,0,0,0,0,0,0,0,0
ელოდება,0,1,0,0,0,0,0,0,0,0
მიზანშეწონილობა,0,0,0,0,0,0,0,0,0,0
მიზანშეწონილი,0,0,0,0,1,0,1,0,0,1
დააჩქაროს,0,0,0,0,0,0,0,0,0,0
ექსპედიცია,0,1,0,0,0,0,1,0,0,0
დაჩქარებული,0,0,0,0,0,0,0,0,0,0
განდევნა,1,0,1,1,0,1,0,1,0,0
ხარჯი,0,0,0,0,0,1,0,0,0,0
ხარჯი,0,0,0,0,0,0,0,0,0,0
ხარჯები,0,0,0,0,0,1,0,0,0,0
ძვირი,0,0,0,0,0,0,0,0,0,0
გამოცდილება,0,0,0,0,0,0,0,0,0,0
გამოცდილი,0,0,0,0,0,0,1,0,0,1
გამოცდილება,0,0,0,0,0,0,0,0,0,0
ექსპერიმენტი,0,1,0,0,0,0,0,0,1,0
ექსპერიმენტული,0,0,0,0,0,0,0,0,0,0
ექსპერიმენტატორი,0,0,0,0,0,0,0,0,0,0
ექსპერტი,0,0,0,0,0,0,1,0,0,1
ექსპერტიზა,0,0,0,0,0,0,1,0,0,1
ვადის გასვლა,0,0,0,0,0,0,0,0,0,0
ვადა გასდის,0,0,0,0,0,1,0,1,0,0
ვადაგასული,0,0,0,0,0,1,0,0,0,0
ვადის გასვლა,0,0,0,0,0,0,0,0,0,0
ახსნას,0,0,0,0,0,0,1,0,0,1
განმარტება,0,0,0,0,0,0,0,0,0,0
განმარტებითი,0,0,0,0,0,0,0,0,0,0
ექსპლექტიური,1,0,0,0,0,1,0,0,0,0
ახსნა,0,0,0,0,0,0,0,0,0,0
აფეთქდეს,1,0,0,1,0,1,0,1,1,0
ექსპლუატაცია,0,0,0,0,0,0,0,0,0,0
გამოკვლევა,0,1,0,0,0,0,0,0,0,0
მკვლევარი,0,0,0,0,0,0,0,0,0,0
აფეთქება,0,0,0,1,0,1,0,0,1,0
ასაფეთქებელი,1,1,0,1,0,1,0,0,1,0
ექსპონენტი,0,0,0,0,0,0,0,0,0,0
ექსპონენციალური,0,0,0,0,0,0,0,0,0,0
ექსპორტი,0,0,0,0,0,0,0,0,0,0
ექსპორტი,0,0,0,0,0,0,0,0,0,0
გამოამჟღავნონ,0,1,0,1,0,0,0,0,0,0
გამოაშკარავებული,0,0,0,0,0,1,0,0,0,0
ექსპოზიცია,0,0,0,0,0,0,0,0,0,0
ექსპოზიციური,0,0,0,0,0,0,0,0,0,0
კონტაქტი დაინფიცირების წყაროსთან,0,0,0,0,0,0,0,0,0,0
ახსნა,0,0,0,0,0,0,0,0,0,0
გამოხატოს,0,0,0,0,0,0,0,0,0,0
გამოხატულება,0,0,0,0,0,0,0,0,0,0
გამომხატველი,0,0,0,0,0,0,0,0,0,0
ექსპროპრიაცია,0,0,0,0,0,1,0,0,0,0
გაძევება,1,0,1,1,0,1,0,1,0,0
დახვეწილი,0,0,0,0,1,0,1,0,0,0
დახვეწილად,0,0,0,0,0,0,1,0,0,0
შემორჩენილი,0,0,0,0,0,0,0,0,0,0
გაფართოება,0,0,0,0,0,0,1,0,0,0
გაფართოებადი,0,0,0,0,0,0,0,0,0,0
გაფართოებული,0,0,0,0,0,0,0,0,0,0
გაფართოება,0,0,0,0,0,0,0,0,0,0
ვრცელი,0,0,0,0,0,0,1,0,0,0
"იმდენად, რამდენადაც",0,0,0,0,0,0,0,0,0,0
ექსტერიერი,0,0,0,0,0,0,0,0,0,0
მოსპობა,0,0,0,1,0,1,0,1,0,0
განადგურება,1,0,0,1,0,1,0,0,0,0
გარე,0,0,0,0,0,0,0,0,0,0
გარეგნულად,0,0,0,0,0,0,0,0,0,0
გადაშენებული,0,0,0,0,0,1,0,1,0,0
ჩაქრობა,1,0,0,0,0,1,0,0,0,0
ზედმეტი,0,0,0,0,0,0,1,0,0,0
ამონაწერი,0,0,0,0,0,0,0,0,0,0
მოპოვება,0,0,0,0,0,0,0,0,0,0
მოპოვება,0,0,0,0,0,0,0,0,0,0
ექსტრაქტორი,0,0,0,0,0,0,0,0,0,0
ექსტრადიცია,0,0,0,0,0,0,0,0,0,0
სასამართლოს გარეშე,0,0,0,1,0,1,0,0,0,0
ექსტრამორალური,0,0,0,0,0,0,0,0,0,0
უცხო,0,0,0,0,0,0,0,0,0,0
არაჩვეულებრივი,0,0,0,0,0,0,1,0,0,0
ექსტრავაგანზა,0,0,0,0,0,0,0,0,0,0
უკიდურესი,0,0,0,0,0,0,0,0,0,0
უკიდურესად,0,0,0,0,0,0,0,0,0,0
კიდური,0,0,0,0,0,1,0,0,0,0
ამოღება,0,1,0,0,0,0,1,0,0,0
გარეგანი,0,0,0,0,0,0,0,0,0,0
ექსტრუზია,0,0,0,0,0,0,0,0,0,0
სიჭარბე,0,0,0,0,1,0,1,0,0,0
აფრქვევს,0,0,0,0,0,0,0,0,0,0
თვალი,0,0,0,0,0,0,0,0,0,0
სათვალე,0,0,0,0,0,0,0,0,0,0
თვალის თვალი,0,0,0,0,0,0,0,0,0,0
ოკულარი,0,0,0,0,0,0,0,0,0,0
მხედველობა,0,0,0,0,0,0,0,0,0,0
თვითმხილველი,0,0,0,0,0,0,0,0,0,1
იგავი,0,0,0,0,0,0,0,0,0,0
ქსოვილი,0,0,0,0,0,0,0,0,0,0
ამზადებენ,0,0,0,0,0,1,0,0,0,0
შეთითხნილი,0,0,0,0,0,0,0,0,0,0
ფაბრიკაცია,0,0,0,0,0,1,0,0,0,1
ფასადი,0,0,0,0,0,0,0,0,0,0
სახე,0,0,0,0,0,0,0,0,0,0
ასპექტი,0,0,0,0,0,0,0,0,0,0
მოხერხებული,0,0,0,0,0,0,0,0,0,0
ხელი შეუწყოს,0,0,0,0,0,0,1,0,0,0
დაწესებულება,0,0,0,0,0,0,0,0,0,0
პირისპირ,0,0,0,0,0,0,0,0,0,0
ფაქსიმილე,0,0,0,0,0,0,0,0,0,0
ფაქტი,0,0,0,0,0,0,0,0,0,1
ფრაქცია,0,0,0,0,0,0,0,0,0,0
ფაქტორი,0,0,0,0,0,0,0,0,0,0
ქარხანა,0,0,0,0,0,0,0,0,0,0
ფაქტები,0,0,0,0,0,0,1,0,0,1
ფაკულტეტები,0,0,0,0,0,0,0,0,0,0
ფაკულტეტი,0,0,0,0,0,0,1,0,0,1
ახირება,0,0,0,0,0,0,0,0,0,0
ქრებოდა,0,0,0,0,0,1,0,0,0,0
გაცვეთილი,0,0,0,0,0,0,0,0,0,0
განავალი,0,0,1,0,0,1,0,0,0,0
წარუმატებელი,1,1,0,1,0,1,0,1,0,0
წარუმატებლობა,0,0,1,1,0,1,0,1,0,0
დაღლილობა,0,1,0,0,1,0,1,0,0,1
გაბრუება,0,0,0,1,0,1,0,1,1,0
სამართლიანი,0,0,0,0,0,0,1,0,0,0
საკმაოდ,0,0,0,0,0,0,1,0,0,1
ფარვეი,0,0,0,0,0,0,0,0,0,0
ფერია,0,0,0,0,0,0,0,0,0,0
რწმენა,0,1,0,0,1,0,1,0,0,1
ერთგული,0,0,0,0,0,0,1,0,0,1
ურწმუნო,0,0,0,0,0,1,0,1,0,0
ყალბი,0,0,0,0,0,1,0,0,0,0
შემოდგომა,0,0,0,0,0,1,0,1,0,0
მცდარი,1,0,0,0,0,1,0,0,0,0
სიცრუე,0,0,0,0,0,1,0,0,0,0
მცდარი,0,0,0,0,0,1,0,0,0,0
დაცემა,0,0,0,0,0,1,0,1,0,0
ნაკვეთი,0,0,0,0,0,1,0,0,0,0
სიცრუე,1,0,0,0,0,1,0,0,0,1
ყალბად,0,0,0,0,0,1,0,0,0,0
გაყალბება,1,0,0,0,0,1,0,0,0,0
გაყალბებული,0,0,0,0,0,0,0,0,0,0
გააყალბებს,0,0,1,0,0,1,0,0,0,0
სიყალბე,0,0,1,0,0,1,0,0,0,0
იკბინება,0,0,0,1,0,1,0,0,0,0
დიდება,0,0,0,0,0,0,1,0,0,0
განთქმული,0,0,0,0,0,0,0,0,0,0
ნაცნობი,0,0,0,0,0,0,1,0,0,1
გაცნობა,0,1,0,0,1,0,1,0,0,1
გაცნობა,0,0,0,0,0,0,0,0,0,0
შიმშილი,0,0,0,0,0,1,0,1,0,0
ცნობილი,0,0,0,0,0,0,1,0,0,0
ცნობილი,0,0,0,0,0,0,1,0,0,0
ფანი,0,0,0,0,0,0,0,0,0,0
ფანატიკოსი,0,0,0,0,0,1,0,0,0,0
ფანატიზმი,0,0,0,1,0,0,0,0,0,0
ფანტასტიური,0,0,0,0,0,0,0,0,0,0
ლამაზი,0,1,0,0,1,0,1,0,0,0
ფანდანგო,0,0,0,0,0,0,0,0,0,0
ფანფარი,0,1,0,0,1,0,1,0,1,0
ფანგი,0,0,0,1,0,0,0,0,0,0
კბილებს,0,0,0,1,0,0,0,0,0,0
ფანინგი,0,0,0,0,0,0,0,0,0,0
ფანტაზია,0,0,0,0,0,0,0,0,0,0
ფანტაზია,0,0,0,0,0,0,0,0,0,0
ფარსი,0,0,0,0,0,1,0,0,0,0
ფარსული,0,0,1,0,0,1,0,0,0,0
ტარიფი,0,0,0,0,0,0,0,0,0,0
დამშვიდობება,0,0,0,0,0,0,0,0,0,0
ფერმა,0,1,0,0,0,0,0,0,0,0
ფერმერი,0,0,0,0,0,0,0,0,0,0
ფერმა,0,0,0,0,0,0,0,0,0,0
მეურნეობა,0,0,0,0,0,0,0,0,0,0
ფარო,0,0,0,0,0,0,0,0,0,0
უფრო შორს,0,0,0,0,0,0,0,0,0,0
ფასცია,0,0,0,0,0,0,0,0,0,0
მომხიბლავი,0,0,0,0,0,0,1,0,0,0
მომხიბვლელობა,0,0,0,0,0,0,1,0,0,0
მოდა,0,0,0,0,0,0,0,0,0,0
მოდური,0,0,0,0,0,0,1,0,0,0
დამაგრება,0,0,0,0,0,0,0,0,0,0
შესაკრავი,0,0,0,0,0,0,0,0,0,0
დამაგრება,0,0,0,0,0,0,0,0,0,0
მარხვა,0,0,0,0,0,1,0,1,0,0
მსუქანი,0,0,1,0,0,1,0,1,0,0
ფატალური,1,0,0,1,0,1,0,1,0,0
ფატალური,0,0,0,1,0,1,0,1,0,0
ბედი,0,1,0,0,0,1,0,0,0,0
ბედისწერა,0,0,0,0,0,0,0,0,0,0
მამა,0,0,0,0,0,0,0,0,0,1
გააზრება,0,0,0,0,0,0,0,0,0,0
დაღლილობა,0,0,0,0,0,1,0,0,0,0
დაღლილი,0,0,0,0,0,1,0,1,0,0
ცხიმოვანი,0,0,1,0,0,1,0,1,0,0
ბრალია,0,0,0,0,0,1,0,1,0,0
უზადო,0,0,0,0,0,0,1,0,0,1
გაუმართავი,0,0,0,0,0,1,0,0,0,0
ფაუნა,0,0,0,0,0,0,0,0,0,0
კეთილგანწყობა,0,0,0,0,0,0,0,0,0,0
ხელსაყრელი,0,1,0,0,1,0,1,0,1,1
საყვარელი,0,0,0,0,1,0,1,0,0,1
ფავორიტიზმი,0,0,0,0,0,0,1,0,0,0
fawn,0,0,0,0,0,1,0,0,0,0
შიში,1,0,0,1,0,1,0,0,0,0
შეშინებული,0,0,0,1,0,1,0,1,0,0
შიშით,0,0,0,1,0,1,0,1,1,0
შიშით,0,0,0,1,0,1,0,0,0,0
უშიშარი,0,0,0,1,0,0,1,0,0,0
მიზანშეწონილობა,0,0,0,0,0,0,0,0,0,0
განხორციელებადი,0,0,0,0,0,0,0,0,0,0
feat,0,1,0,0,1,0,1,0,1,0
ბუმბული,0,0,0,0,0,0,0,0,0,0
თვისება,0,0,0,0,0,0,1,0,0,0
მახასიათებლები,0,0,0,0,0,0,0,0,0,0
ფებრილური,0,0,0,0,0,1,0,0,0,0
ფეკალური,0,0,1,0,0,1,0,0,0,0
განავალი,0,0,1,0,0,1,0,0,0,0
ნაყოფიერება,0,0,0,0,0,0,0,0,0,0
ფედერალური,0,0,0,0,0,0,0,0,0,0
ფედერაცია,0,0,0,0,0,0,0,0,0,0
საფასური,1,0,0,0,0,1,0,0,0,0
სუსტი,0,0,0,0,0,1,0,1,0,0
შესანახი,0,0,0,0,0,0,0,0,0,0
მიმწოდებელი,0,0,0,0,0,0,0,0,0,0
გრძნობენ,0,0,0,0,0,0,0,0,0,0
განცდა,1,1,1,1,1,1,1,1,1,1
ფეხები,0,0,0,0,0,0,0,0,0,0
მოჩვენებითი,0,0,0,0,0,1,0,0,0,0
ბედნიერება,0,0,0,0,1,0,1,0,0,0
კატის,0,0,0,0,0,0,0,0,0,0
დაეცა,0,0,0,0,0,1,0,1,0,0
თანამემამულე,0,0,0,0,0,0,1,0,0,1
ამხანაგობა,0,0,0,0,0,0,1,0,0,0
დამნაშავე,0,0,0,1,0,1,0,0,0,0
დანაშაული,0,0,0,0,0,1,0,0,0,0
იგრძნო,0,0,0,0,0,0,0,0,0,0
ქალური,0,0,0,0,0,0,0,0,0,0
ქალურობას,0,0,0,0,0,0,0,0,0,0
ფენ,0,0,0,0,0,0,0,0,0,0
ღობე,0,0,0,0,0,0,0,0,0,0
შემოღობილი,1,0,0,0,0,0,0,0,0,0
დაიცავი,0,0,0,0,0,0,0,0,0,0
ფანდერი,0,0,0,0,0,0,0,0,0,1
ცერეცოს,0,0,0,0,0,0,0,0,0,0
დუღილი,0,1,0,0,0,1,0,0,0,0
ფერმენტაცია,0,1,0,0,0,0,0,0,0,0
გვიმრა,0,0,0,0,0,0,0,0,0,0
მრისხანე,1,0,1,1,0,1,0,0,0,0
სისასტიკე,1,0,0,0,0,1,0,0,0,0
ბორანი,0,0,0,0,0,0,0,0,0,0
ნაყოფიერი,0,0,0,0,0,0,1,0,0,0
განაყოფიერება,0,0,0,0,0,0,0,0,0,0
მხურვალე,0,0,0,0,0,0,0,0,0,0
მხურვალება,1,0,0,0,1,0,1,0,0,0
ფესტივალი,0,1,0,0,1,0,1,0,1,0
სადღესასწაულო,0,0,0,0,1,0,1,0,0,0
მოტანა,0,0,0,0,0,0,0,0,0,0
ფეტი,0,1,0,0,1,0,1,0,1,0
ფეტიში,0,0,0,0,0,0,0,0,0,0
მტრობა,1,0,0,0,0,1,0,0,0,0
ფეოდალური,0,0,0,0,0,1,0,0,0,0
ფეოდალიზმი,1,0,0,0,0,1,0,1,0,0
ცხელება,0,0,0,1,0,0,0,0,0,0
ცხელება,0,0,0,0,0,1,0,0,0,0
საცოლე,0,0,0,0,0,0,0,0,0,0
ფიასკო,0,0,0,0,0,1,0,0,0,0
ფიატი,0,0,0,0,0,0,0,0,0,0
ფიბ,1,0,0,0,0,1,0,0,0,0
ბოჭკოვანი,0,0,0,0,0,0,0,0,0,0
ბოჭკოვანი,0,0,0,0,0,0,0,0,0,0
მერყევი,0,0,0,0,0,1,0,0,0,0
მხატვრული ლიტერატურა,0,0,0,0,0,0,0,0,0,0
ფიქტიური,0,0,0,0,0,1,0,0,0,0
ვიოლინო,0,0,0,0,0,0,0,0,0,0
მებოსტნე,0,0,0,0,0,0,0,0,0,0
ერთგულება,0,0,0,0,1,0,1,0,0,1
სანდო პირი,0,0,0,0,0,0,0,0,0,0
ველი,0,0,0,0,0,0,0,0,0,0
ბოროტმოქმედი,1,0,1,1,0,1,0,0,0,0
სასტიკი,1,0,1,1,0,1,0,0,0,0
ფიესტა,0,1,0,0,1,0,1,0,1,1
ბრძოლა,1,0,0,1,0,1,0,0,0,0
მებრძოლი,0,0,0,0,0,0,0,0,0,0
ბრძოლა,1,0,0,0,0,1,0,0,0,0
ნაყოფი,0,0,0,0,0,0,0,0,0,0
ფიგურალური,0,0,0,0,0,0,0,0,0,0
ფიგურა,0,0,0,0,0,0,0,0,0,0
ფიგურა,0,0,0,0,0,0,0,0,0,0
ძაფი,0,0,0,0,0,0,0,0,0,0
ძაფისებრი,0,0,0,0,0,0,0,0,0,0
ფაილი,0,0,0,0,0,0,0,0,0,0
ფილიბუსტერი,0,0,0,0,0,1,0,0,0,0
ფილიგრანი,0,0,0,0,0,0,0,0,0,0
შეტანა,0,0,0,0,0,0,0,0,0,0
ჩანაწერები,0,0,0,0,0,0,0,0,0,0
შევსება,0,0,0,0,0,0,0,0,0,1
ფილე,0,0,0,0,0,0,0,0,0,0
შევსება,0,0,0,0,0,0,0,0,0,0
სავსე,0,0,0,0,0,0,0,0,0,0
ფილმი,0,0,0,0,0,0,0,0,0,0
ფილმიანი,0,0,0,0,0,0,0,0,0,0
ფილტრი,0,0,0,0,0,0,0,0,0,0
სიბინძურე,0,0,1,0,0,1,0,0,0,0
ბინძური,0,0,1,0,0,1,0,0,0,0
ფარფლი,0,0,0,0,0,0,0,0,0,0
საბოლოო,0,0,0,0,0,0,0,0,0,0
ფინალი,0,0,0,0,0,0,0,0,0,0
საბოლოოობა,0,0,0,0,0,0,0,0,0,0
ბოლოს და ბოლოს,0,1,1,0,1,0,1,0,1,1
ფინანსები,0,0,0,0,0,0,0,0,0,0
ფინანსური,0,0,0,0,0,0,0,0,0,0
ფინანსისტი,0,0,0,0,0,0,0,0,0,0
ფინჩი,0,0,0,0,0,0,0,0,0,0
იპოვე,0,0,0,0,0,0,0,0,0,0
მოძიება,0,0,0,0,0,0,0,0,0,0
წვრილმანი,0,0,0,0,0,0,1,0,0,0
ფაქიზი,0,0,0,0,0,0,1,0,0,0
თითი,0,0,0,0,0,0,0,0,0,0
თითის ანაბეჭდი,0,0,0,0,0,0,0,0,0,0
დასრულება,0,0,0,0,0,0,0,0,0,0
სასრული,0,0,0,0,0,0,0,0,0,0
ფინკი,0,0,0,0,0,0,0,0,0,0
ცეცხლი,0,0,0,1,0,0,0,0,0,0
ცეცხლსასროლი იარაღი,1,0,0,1,0,1,0,0,0,0
ცეცხლოვანი ბურთი,0,0,0,0,0,0,1,0,0,0
ციცინათელა,0,0,0,0,0,0,0,0,0,0
მეხანძრე,0,0,0,0,0,0,0,0,0,1
ბუხარი,0,0,0,0,0,0,0,0,0,0
ცეცხლგამძლე,0,0,0,0,0,0,1,0,0,0
ცეცხლის მხარე,0,0,0,0,0,0,0,0,0,0
შეშა,0,0,0,0,0,0,0,0,0,0
ფეიერვერკი,0,0,0,0,0,0,0,0,0,0
სროლა,0,0,0,0,0,0,0,0,0,0
ფირმა,0,0,0,0,0,0,0,0,0,0
ფსკერი,0,0,0,0,0,0,0,0,0,0
მტკიცედ,0,0,0,0,0,0,0,0,0,0
სიმტკიცე,0,0,0,0,0,0,1,0,0,1
პირმშო,0,1,0,0,1,0,1,0,0,1
ფისკალური,0,0,0,0,0,0,0,0,0,0
თევზი,0,0,0,0,0,0,0,0,0,0
მეთევზე,0,0,0,0,0,0,0,0,0,0
მეთევზეობა,0,0,0,0,0,0,0,0,0,0
თევზაობა,0,0,0,0,0,0,0,0,0,0
თევზიანი,0,0,0,0,0,0,0,0,0,0
დაშლილი,0,0,0,0,0,0,0,0,0,0
გაყოფა,0,0,0,0,0,0,0,0,0,0
ნაპრალი,0,0,0,0,0,0,0,0,0,0
მუშტი,0,0,0,0,0,0,0,0,0,0
ფისტულა,0,0,0,0,0,0,0,0,0,0
ფიტნესი,0,0,0,0,0,0,0,0,0,0
შეესაბამება,1,0,0,0,0,1,0,0,0,0
მორგებული,0,0,0,0,0,0,0,0,0,0
მორგება,0,1,0,0,1,0,1,0,0,1
ფიტინგები,0,0,0,0,0,0,0,0,0,0
გაასწორონ,0,0,0,0,0,0,0,0,0,0
ფიქსაცია,0,0,0,0,0,0,0,0,0,0
დაფიქსირდა,0,0,0,0,0,0,0,0,0,1
არმატურა,0,0,0,0,0,0,1,0,0,0
მოწყობილობები,0,0,0,0,0,0,0,0,0,0
ფისუნია,0,0,0,0,0,0,0,0,0,0
ფლაბი,0,0,1,0,0,1,0,0,0,0
ფლაკონი,0,0,0,0,0,1,0,1,0,0
დროშის მოტანა,0,0,0,0,0,1,0,0,0,0
უხეში,1,0,1,0,0,1,0,0,0,0
ფლაგმანი,0,0,0,0,0,0,0,0,0,1
ფანტელი,0,0,0,0,0,1,0,0,0,0
ქერცლიანი,0,0,0,0,0,0,0,0,0,0
ალი,0,0,0,0,0,0,0,0,0,0
ცეცხლმოკიდებული,0,0,0,0,0,0,0,0,0,0
ფლანგა,0,0,0,0,0,0,0,0,0,1
ფლანგი,0,0,0,0,0,0,0,0,0,0
ფლანგიანი,0,0,0,0,0,0,0,0,0,0
ფლანგური,0,0,0,0,0,0,0,0,0,0
ფლანელი,0,0,0,0,0,0,0,0,0,0
ფლაპი,0,0,0,0,0,1,0,0,0,0
ფრიალებს,0,0,0,0,0,0,0,0,0,0
აფეთქება,0,0,0,0,0,0,0,0,0,0
აალდება,0,0,0,0,0,0,0,0,0,0
ფლეში,0,0,0,0,0,0,0,0,0,0
ფლეშბეკი,0,0,0,0,0,0,0,0,0,0
მოციმციმე,0,0,0,0,0,0,0,0,0,0
ფანარი,0,0,0,0,0,0,0,0,0,0
მოციმციმე,0,0,0,0,0,0,0,0,0,0
კოლბა,0,0,0,0,0,0,0,0,0,0
ბინა,0,0,0,0,0,0,0,0,0,0
სიბრტყე,0,0,0,0,0,0,0,0,0,0
გაბრტყელება,0,0,0,0,0,0,0,0,0,0
მაამებელი,0,0,0,0,1,0,1,0,0,0
მლიქვნელობა,0,0,0,0,0,0,0,0,0,0
მეტეორიზმი,0,0,1,0,0,1,0,0,0,0
ფრიალი,0,0,0,0,0,1,0,0,0,0
არომატი,0,0,0,0,0,0,0,0,0,0
ნაკლი,0,0,0,0,0,1,0,1,0,0
რწყილი,0,0,1,0,0,1,0,0,0,0
გაიქცა,0,0,0,1,0,0,0,0,0,0
გაქცევა,0,0,0,1,0,1,0,0,0,0
საწმისი,1,0,1,0,0,1,0,1,0,0
ფლოტი,0,0,0,0,0,0,1,0,0,0
წარმავალი,0,0,0,0,0,0,0,0,0,0
ხორცი,0,0,1,0,0,0,0,0,0,0
ხორციანი,0,0,0,0,0,1,0,0,0,0
მოქნილი,0,0,0,0,0,0,0,0,0,0
მოქნილობა,0,0,0,0,0,0,1,0,0,0
მოქნილი,0,0,0,0,0,0,0,0,0,0
მოქნილობა,0,0,0,0,0,0,0,0,0,0
ციმციმი,0,0,0,0,0,0,0,0,0,0
მბჟუტავი,0,0,0,0,0,0,0,0,0,0
ფლაერი,0,0,0,0,0,0,0,0,0,0
ფრენა,0,0,0,0,0,0,0,0,0,0
აკანკალება,0,1,1,1,0,1,0,1,1,0
ფრიალებს,0,0,0,0,0,0,0,0,0,0
კაჟი,0,0,0,0,0,0,0,0,0,0
ფლიპერი,0,0,0,0,0,0,0,0,0,0
ფლირტი,0,1,0,0,1,1,1,0,1,1
ფლირტი,0,0,0,0,0,0,0,0,0,0
ათწილადი,0,0,0,0,0,0,0,0,0,0
ფარა,0,0,0,0,0,0,0,0,0,0
შოლტი,1,0,1,1,0,1,0,1,0,0
წყალდიდობა,0,0,0,1,0,0,0,0,0,0
იატაკი,0,0,0,0,0,0,0,0,0,0
ფლოპი,0,0,1,0,0,1,0,1,0,0
ფლორა,0,0,0,0,0,0,0,0,0,0
ყვავილოვანი,0,0,0,0,0,0,1,0,0,0
მეყვავილე,0,0,0,0,0,0,0,0,0,0
ძაფი,0,0,0,0,0,0,0,0,0,0
ფლაკონი,0,0,0,1,0,1,0,1,0,0
ფქვილი,0,0,0,0,0,0,0,0,0,0
ნაკადი,0,0,0,0,0,0,1,0,0,0
ყვავილობა,0,0,0,0,0,0,0,0,0,0
ყვავილოვანი,0,0,0,0,0,0,1,0,0,0
გრიპი,0,0,0,1,0,1,0,0,0,0
მერყევი,0,0,0,0,0,0,0,0,0,0
მერყევი,0,0,0,0,0,0,0,0,0,0
რყევა,1,0,0,1,0,1,0,0,0,0
გრიპი,0,0,0,0,0,0,0,0,0,0
თავისუფლად ფლობა,0,0,0,0,0,0,0,0,0,0
ფუმფულა,0,0,0,0,0,0,0,0,0,0
ფუმფულა,0,0,0,0,0,0,0,0,0,0
სითხე,0,0,0,0,0,0,0,0,0,0
სითხე,0,0,0,0,0,0,0,0,0,0
ავარია,0,0,0,0,0,0,0,0,1,0
ფლუორესცენცია,0,0,0,0,0,0,0,0,0,0
ფლუორესცენტური,0,0,0,0,0,0,0,0,0,0
ფრიალებს,0,0,0,0,0,0,0,0,0,0
ჩარეცხვა,0,0,0,0,0,0,1,0,0,0
გაფითრებული,0,0,0,0,0,0,0,0,0,0
ფლეიტა,0,0,0,0,0,0,0,0,0,0
ფრიალებდა,0,0,0,0,0,0,0,0,0,0
მდინარის,0,0,0,0,0,0,0,0,0,0
ნაკადი,0,0,0,0,0,0,0,0,0,0
ფრენა,0,0,0,0,0,0,0,0,0,0
ფლაერი,0,0,0,0,0,0,0,0,0,0
მფრინავი,0,0,0,1,0,0,1,0,0,0
მფრინავი,0,0,0,0,0,0,0,0,0,0
ქამარი,0,0,0,0,0,0,0,0,0,0
ქაფი,0,0,0,0,0,0,0,0,0,0
ქაფიანი,0,0,0,0,0,0,0,0,0,0
ქაფიანი,0,0,0,0,0,0,0,0,0,0
ფობ,0,0,0,0,0,0,0,0,0,0
კეროვანი,0,0,0,0,0,0,0,0,0,0
ფოკუსირება,0,0,0,0,0,0,1,0,0,0
საკვები,0,0,0,0,0,0,0,0,0,0
მტერი,1,0,0,1,0,1,0,0,0,0
ნისლი,0,0,0,0,0,0,0,0,0,0
ნისლიანი,0,0,0,0,0,0,0,0,0,0
კილიტა,0,0,0,0,0,0,0,0,0,0
ჩაშალეს,0,0,0,0,0,1,0,0,0,0
ჩამოყაროს,0,0,0,0,0,0,0,0,0,0
დაკეცილი,0,0,0,0,0,0,0,0,0,0
ფოთლები,0,0,0,0,0,0,0,0,0,0
ფოლიო,0,0,0,0,0,0,0,0,0,0
ხალხური,0,0,0,0,0,0,0,0,0,0
ფოლკლორი,0,0,0,0,0,0,0,0,0,0
ფოლიკული,0,0,0,0,0,0,0,0,0,0
ფოლიკულური,0,0,0,0,0,0,0,0,0,0
გაყოლა,0,0,0,0,0,0,0,0,0,0
მიმდევარი,0,0,0,0,0,0,0,0,0,1
სისულელე,0,0,0,0,0,1,0,0,0,0
მოფერება,0,0,0,0,0,0,0,0,0,0
სიყვარული,0,0,0,0,1,0,1,0,0,0
შრიფტი,0,0,0,0,0,0,0,0,0,0
საკვები,0,0,0,0,1,0,1,0,0,1
სულელი,0,0,1,0,0,1,0,0,0,0
მოტყუება,0,0,0,0,0,0,0,0,0,0
სულელური,0,0,0,0,0,1,0,0,0,0
სისულელე,0,0,0,0,0,1,0,0,0,0
ფეხი,0,0,0,0,0,0,0,0,0,0
ფეხბურთი,0,1,0,0,1,0,1,0,0,0
საფეხმავლო ხიდი,0,0,0,0,0,0,0,0,0,0
საყრდენი,0,0,0,0,0,0,0,0,0,1
საფეხმავლო ბილიკი,0,0,0,0,0,0,0,0,0,0
კვალი,0,0,0,0,0,0,0,0,0,0
ფოპ,0,0,0,0,0,0,0,0,0,0
საკვები,0,0,0,0,0,1,0,0,0,0
შეტევა,1,0,0,0,0,1,0,0,0,0
შემწყნარებლობა,0,0,0,0,0,0,1,0,0,0
აკრძალოს,0,0,0,0,0,1,0,1,0,0
კრძალავს,1,0,0,1,0,1,0,0,0,0
ძალა,1,0,0,1,0,1,0,0,0,0
იძულებული,0,0,0,1,0,1,0,0,0,0
პინცეტი,0,0,0,0,0,0,0,0,0,0
ძალით,1,0,0,1,0,1,0,0,0,0
ფორდი,0,0,0,0,0,0,0,0,0,0
წინა პლანზე,0,0,0,0,0,0,1,0,0,0
წინამხარი,1,1,0,0,0,0,0,0,0,0
წინათგრძნობა,0,1,0,1,0,1,0,0,0,0
პროგნოზი,0,1,0,0,0,0,0,0,0,1
პროგნოზიტორი,0,0,0,0,0,0,0,0,0,0
ჩამორთმევა,0,0,0,1,0,1,0,1,0,0
წინაპრები,0,0,0,0,1,0,1,0,0,1
საჩვენებელი თითი,0,0,0,0,0,0,0,0,0,0
უარი თქვას,0,0,0,0,0,1,0,0,0,0
ზემოხსენებული,0,0,0,0,0,0,1,0,0,0
გაქრა,0,0,0,0,0,0,0,0,0,0
წინა პლანზე,0,0,0,0,0,0,0,0,0,0
შუბლი,0,0,0,0,0,0,0,0,0,0
უცხოური,0,0,0,0,0,1,0,0,0,0
უცხოელი,0,0,0,1,0,1,0,0,0,0
ოსტატი,0,0,0,0,0,0,1,0,0,0
სასამართლო ექსპერტიზა,0,0,0,0,0,0,0,0,0,0
წინამორბედი,0,0,0,0,0,0,1,0,0,0
განჭვრეტა,0,1,0,0,0,0,1,0,1,1
გათვალისწინებული,0,1,0,0,0,0,1,0,0,0
წინდახედულება,0,1,0,0,0,0,1,0,0,1
ტყე,0,0,0,0,0,0,0,0,0,0
წინდახედულება,0,0,0,0,0,0,0,0,0,0
წინასწარ გააფრთხილა,0,1,0,1,0,1,0,0,0,0
წინასიტყვაობა,0,0,0,0,0,0,0,0,0,0
დაკარგვის,1,0,0,0,0,1,0,1,0,0
წაგებული,0,0,0,0,0,1,0,0,0,0
კონფისკაცია,0,0,0,1,0,1,0,1,0,0
გაყალბება,0,0,0,0,0,0,1,0,0,0
გაყალბება,0,0,0,0,0,1,0,0,0,0
დავიწყება,0,0,0,0,0,1,0,0,0,0
დავიწყებული,0,0,0,0,0,0,0,0,0,0
დავიწყება,0,0,0,0,0,0,0,0,0,0
აპატიე,0,0,0,0,0,0,1,0,0,0
აპატიეს,0,0,0,0,0,0,1,0,0,0
მიმტევებელი,0,0,0,0,0,0,1,0,0,1
დავიწყებული,0,0,0,1,0,1,0,1,0,0
ჩანგალი,0,0,0,0,0,0,0,0,0,0
ჩანგალი,0,0,0,0,0,0,0,0,0,0
ჩანგალი,0,0,0,0,0,0,0,0,0,0
გაპარტახებული,0,0,0,0,0,1,0,1,0,0
ფორმა,0,0,0,0,0,0,0,0,0,0
ფორმალიზმი,0,0,0,0,0,0,0,0,0,0
ფორმალობა,0,0,0,0,0,0,0,0,0,1
ფორმირება,0,0,0,0,0,0,0,0,0,0
ფორმირებადი,0,0,0,0,0,0,1,0,0,1
ჩამოყალიბდა,0,0,0,0,0,0,0,0,0,0
შესანიშნავი,0,0,0,1,0,0,0,0,0,0
ფორმირება,0,1,0,0,0,0,0,0,0,0
უფორმო,0,0,0,0,0,1,0,0,0,0
ფორმულა,0,0,0,0,0,0,1,0,0,1
ფორმულირება,0,0,0,0,0,0,0,0,0,0
ჩამოაყალიბეთ,0,0,0,0,0,0,0,0,0,0
სიძვა,0,0,0,0,0,1,0,0,0,0
მიტოვება,0,0,0,0,0,1,0,1,0,0
მიტოვებული,1,0,0,0,0,1,0,1,0,0
მშვიდად,0,0,0,0,0,0,0,0,0,0
ციხესიმაგრე,0,0,0,0,0,0,0,0,0,1
ფორტე,0,0,0,0,0,0,1,0,0,0
მომავალი,0,0,0,0,0,0,1,0,0,0
სასწრაფოდ,0,0,0,0,0,0,0,0,0,0
გამაგრება,0,0,0,0,0,0,0,0,0,0
გამაგრება,0,0,0,0,0,0,1,0,0,0
სიმტკიცე,0,0,0,0,1,0,1,0,0,1
ორკვირიანი,0,0,0,0,0,0,0,0,0,0
ციხესიმაგრე,0,0,0,1,0,0,1,1,0,1
შემთხვევითი,0,0,0,0,0,0,0,0,0,0
იღბლიანი,0,0,0,0,0,0,1,0,0,0
ბედი,0,1,0,0,1,0,1,0,1,1
ორმოცი,0,0,0,0,0,0,0,0,0,0
ფორუმი,0,0,0,0,0,0,0,0,0,0
წინ,0,0,0,0,0,0,1,0,0,0
ნამარხი,0,0,0,0,0,0,0,0,0,0
ნამარხები,0,0,0,0,0,0,0,0,0,0
უხეში,1,0,1,1,0,1,0,0,0,0
ნაპოვნია,0,0,0,0,1,0,1,0,0,1
ფონდი,0,0,0,0,0,0,1,0,0,0
დამფუძნებელი,0,0,0,0,0,0,0,0,0,0
სამსხმელო,0,0,0,0,0,0,0,0,0,0
შადრევანი,0,0,0,0,0,0,0,0,0,0
ოთხმაგი,0,0,0,0,0,0,0,0,0,0
მეოთხე,0,0,0,0,0,0,0,0,0,0
ფრინველი,0,0,0,0,0,0,0,0,0,0
მელა,0,0,0,0,0,0,0,0,0,0
მელიანი,0,0,0,0,0,0,0,0,0,0
წილადი,0,0,0,0,0,0,0,0,0,0
წილადი,0,0,0,0,0,0,0,0,0,0
მოტეხილობა,0,0,0,0,0,1,0,0,0,0
მყიფე,0,0,0,1,0,1,0,1,0,0
სისუსტე,0,0,0,0,0,0,0,0,0,0
ფრაგმენტი,0,0,0,0,0,0,0,0,0,0
ფრაგმენტული,0,0,0,0,0,0,0,0,0,0
სურნელი,0,0,0,0,0,0,0,0,0,0
სურნელოვანი,0,0,0,0,0,0,1,0,0,0
სისუსტე,0,0,0,0,0,1,0,1,0,0
ჩარჩო,0,0,0,0,0,0,0,0,0,1
ფრენჩაიზია,0,0,0,0,0,0,0,0,0,0
გულწრფელი,0,0,0,0,0,0,1,0,0,1
გულწრფელობა,0,0,0,0,0,0,1,0,0,1
გაბრაზებული,0,1,1,1,0,1,0,0,1,0
ძმური,0,0,0,0,1,0,1,0,0,1
ძმობა,0,0,0,0,0,0,0,0,0,0
თაღლითობა,1,0,0,0,0,1,0,0,0,0
თაღლითური,1,0,1,0,0,1,0,0,0,0
სავსე,0,0,0,1,0,1,0,1,0,0
ფრეი,0,0,0,0,0,1,0,0,0,0
გაფუჭებული,0,0,0,0,0,1,0,1,0,0
ფრიკი,0,0,0,0,0,0,0,0,0,0
უაზრო,0,0,1,1,0,1,0,0,1,0
თავისუფლება,0,0,0,0,1,0,1,0,0,1
თავისუფალი საკუთრება,0,0,0,0,0,0,0,0,0,0
თავისუფალი,0,0,0,0,0,0,0,0,0,0
თავისუფლად,0,0,0,0,1,0,1,0,0,1
ავტომაგისტრალი,0,0,0,0,0,0,0,0,0,0
გაყინვას,0,0,0,0,0,0,0,0,0,0
საყინულე,0,0,0,0,0,0,0,0,0,0
გაყინვა,0,0,0,0,0,1,0,0,0,0
სატვირთო,0,0,0,0,0,0,0,0,0,0
გააფთრებული,1,0,0,1,0,1,0,0,1,0
გაცოფებული,1,0,0,1,0,1,0,0,0,0
Frenzy,0,0,0,0,0,1,0,0,0,0
სიხშირე,0,0,0,0,0,0,0,0,0,0
ხშირი,0,0,0,0,0,0,0,0,0,0
ხშირად,0,0,0,0,0,0,0,0,0,0
ფრესკა,0,0,0,0,0,0,0,0,0,0
პირველკურსელი,0,0,0,0,0,0,0,0,0,0
აღელვებს,0,0,0,1,0,1,0,0,0,0
ხახუნის,1,0,0,0,0,0,0,0,0,0
მეგობარი,0,0,0,0,1,0,1,0,0,1
კეთილგანწყობა,0,0,0,0,1,0,1,0,0,1
მეგობრული,0,1,0,0,1,0,1,0,0,1
მეგობრობა,0,0,0,0,1,0,1,0,0,1
ფრეგატი,0,0,0,1,0,0,0,0,0,0
შიში,0,0,0,1,0,1,0,0,1,0
შეაშინოს,0,0,0,1,0,1,0,1,1,0
შეშინებული,0,0,0,1,0,1,0,0,1,0
შემზარავი,1,0,0,1,0,1,0,1,0,0
ყინვაგამძლე,0,0,0,0,0,1,0,0,0,0
ფარდა,0,0,0,0,0,0,0,0,0,0
ფარდახრილი,0,0,0,0,0,0,0,0,0,0
ფრისკი,0,1,0,0,1,0,1,0,1,0
არასერიოზული,0,0,0,0,0,1,0,0,0,0
ფრაკი,0,0,0,0,0,0,0,0,0,0
ბაყაყი,0,0,0,0,0,0,0,0,0,0
მხიარულება,0,0,0,0,1,0,1,0,0,0
წინა,0,0,0,0,0,0,0,0,0,0
ფრონტი,0,0,0,0,0,0,0,0,0,0
ფრონტალური,0,0,0,0,0,0,0,0,0,0
საზღვარი,0,0,0,0,0,0,0,0,0,0
წინაპირობა,0,0,0,0,0,0,0,0,0,0
წინა ნაწილი,0,0,0,0,0,0,0,0,0,0
ყინვაგამძლე,0,0,0,0,0,0,0,0,0,0
მოყინვა,0,0,0,0,0,1,0,0,0,0
ყინვაგამძლე,0,0,0,0,0,0,0,0,0,0
ყინვაგამძლე,0,0,0,0,0,0,0,0,0,0
ქაფი,0,0,0,0,0,1,0,0,0,0
ქაფიანი,0,0,0,0,0,0,0,0,0,0
წარბის შეკვრა,0,0,0,0,0,1,0,1,0,0
წარბშეკრული,1,0,1,0,0,1,0,1,0,0
გაყინული,0,0,0,0,0,0,0,0,0,0
ეკონომიური,0,0,0,0,0,0,1,0,0,0
ხილი,0,0,0,0,0,0,0,0,0,0
ნაყოფიერი,0,0,0,0,0,0,1,0,0,0
ნაყოფიერება,0,0,0,0,0,0,0,0,0,0
უნაყოფო,0,0,0,0,0,1,0,1,0,0
იმედგაცრუება,1,0,1,0,0,1,0,1,0,0
იმედგაცრუებული,1,0,0,0,0,1,0,0,0,0
იმედგაცრუება,1,0,0,0,0,1,0,0,0,0
შემწვარი,0,0,0,0,0,0,0,0,0,0
ფაჯი,0,0,0,0,0,1,0,0,0,0
საწვავი,0,0,0,0,0,0,0,0,0,0
გაქცეული,1,0,1,1,0,1,0,1,0,1
საყრდენი წერტილი,0,0,0,0,0,0,0,0,0,0
შეასრულოს,0,0,0,0,1,0,1,0,0,0
შესრულება,0,1,0,0,1,0,1,0,0,1
სავსე,0,0,0,0,0,0,1,0,0,0
სისავსე,0,0,0,0,0,0,0,0,0,0
სრულად,0,0,0,0,0,0,1,0,0,1
ჭკუა,0,0,0,0,0,1,0,0,0,0
კვამლი,0,0,0,0,0,1,0,0,0,0
ფუმიგაცია,0,0,0,0,0,0,0,0,0,0
fuming,1,0,0,0,0,1,0,0,0,0
გართობა,0,1,0,0,1,0,1,0,0,0
ფუნქცია,0,0,0,0,0,0,0,0,0,0
ფუნქციონალური,0,0,0,0,0,0,0,0,0,0
ფონდი,0,0,0,0,0,0,0,0,0,0
ფუნდამენტური,0,0,0,0,0,0,1,0,0,1
ფუნდამენტურად,0,0,0,0,0,0,0,0,0,0
სახსრები,0,0,0,0,0,0,0,0,0,0
დაკრძალვა,0,0,0,0,0,0,0,1,0,0
სოკო,0,0,1,0,0,1,0,0,0,0
ფანკი,0,0,0,0,0,1,0,1,0,0
ძაბრი,0,0,0,0,0,0,0,0,0,0
ბეწვი,0,0,0,0,0,0,0,0,0,0
აღშფოთებული,1,0,1,0,0,1,0,0,0,0
გააფთრებით,1,0,0,0,0,0,0,0,0,0
შვებულება,0,0,0,0,0,0,0,0,0,0
ღუმელი,1,0,0,0,0,0,0,0,0,0
მოწოდება,0,0,0,0,0,0,0,0,0,0
ავეჯი,0,0,0,0,0,0,0,0,0,0
ფურორი,1,0,0,0,0,1,0,0,0,0
ბეწვი,0,0,0,0,0,0,0,1,0,0
შემდგომი,0,0,0,0,0,0,0,0,0,0
მრისხანება,1,0,0,1,0,1,0,1,0,0
დაუკრავენ,0,0,0,0,0,0,1,0,0,1
შერწყმა,0,0,0,0,0,0,1,0,0,0
აურზაური,1,0,0,0,0,1,0,1,0,0
ფუსფუსიანი,0,0,1,0,0,1,0,0,0,0
უშედეგო,0,0,0,0,0,1,0,1,0,0
უაზრობა,0,0,0,0,0,1,0,0,0,0
მომავალი,0,0,0,0,0,0,0,0,0,0
ფუზ,0,0,0,0,0,0,0,0,0,0
ბუნდოვანი,0,0,0,0,0,0,0,0,0,0
გაბი,0,0,1,0,0,1,0,0,0,0
გაგიჟება,0,0,1,0,0,1,0,0,0,0
გეიჯი,0,0,0,0,0,0,0,0,0,1
ღელვა,0,0,0,0,0,0,0,0,0,0
მოგება,0,1,0,0,1,0,1,0,0,0
მომგებიანი,0,0,0,0,0,0,0,0,0,0
მოპოვება,0,0,0,0,0,0,1,0,0,0
სიარული,0,0,0,0,0,0,0,0,0,0
გალა,0,0,0,0,0,0,0,0,0,0
გალაქტიკა,0,0,0,0,0,0,0,0,0,0
ქარიშხალი,0,0,0,0,0,0,0,0,0,0
ნაღველი,1,0,1,0,0,1,0,0,0,0
გალანტური,0,0,0,0,0,0,1,0,0,0
გალანტურობა,0,0,0,0,0,0,1,0,0,0
გალერეა,0,0,0,0,0,0,0,0,0,0
გალერეა,0,0,0,0,0,0,0,0,0,0
გალოპი,0,0,0,0,0,0,0,0,0,0
გალოპული,0,0,0,0,0,0,0,0,0,0
ღაწვები,1,0,0,1,0,1,0,1,0,0
უხვი,0,0,0,0,0,0,1,0,0,0
გალვანური,0,0,0,0,0,0,0,0,0,0
აზარტული თამაში,0,0,0,0,0,1,0,0,0,0
აზარტული მოთამაშე,0,1,0,0,0,1,0,0,1,0
აზარტული თამაშები,0,1,0,0,0,1,0,0,1,0
თამაში,0,0,0,0,0,0,0,0,0,0
თამაში,0,0,0,0,0,0,0,0,0,0
გამონა,0,0,0,0,0,0,0,0,0,0
გამა,0,0,0,0,0,0,0,0,0,0
ათვალიერებს,0,0,0,0,0,0,0,0,0,0
ბანდა,1,0,0,1,0,1,0,0,0,0
გალავანი,0,0,0,0,0,1,0,0,0,0
უფსკრული,0,0,0,0,0,1,0,0,0,0
ღიმილი,0,0,0,0,0,0,0,0,1,0
უფსკრული,0,0,0,0,0,0,0,0,0,0
ავტოფარეხი,0,0,0,0,0,0,0,0,0,0
სამოსი,0,0,0,0,0,0,0,0,0,0
ნაგავი,0,0,1,0,0,1,0,0,0,0
გაფუჭებული,0,0,0,0,0,0,0,0,0,0
ბაღი,0,0,0,0,1,0,1,0,0,0
მებაღე,0,0,0,0,0,0,0,0,0,0
მებაღეობის,0,0,0,0,0,0,0,0,0,0
გარუჯული,0,0,1,0,0,1,0,0,1,0
ნიორი,0,0,0,0,0,0,0,0,0,0
სამოსი,0,0,0,0,0,0,0,0,0,0
გარნერი,0,0,0,0,0,0,0,0,0,0
ბროწეული,0,0,0,0,0,0,1,0,0,0
გარნირი,0,0,0,0,0,1,0,0,0,0
გარნიზონი,0,0,0,0,0,0,1,0,0,1
გარტერი,0,0,0,0,0,0,0,0,0,0
გაზი,0,0,0,0,0,0,0,0,0,0
აირისებრი,0,0,0,0,0,0,0,0,0,0
გამონაყარი,0,0,0,1,0,1,0,0,0,0
გაზიფიკაცია,0,0,0,0,0,0,0,0,0,0
ბენზინი,0,0,0,0,0,0,0,0,0,0
სუნთქვა,0,0,0,0,0,0,0,0,1,0
სუნთქვაშეკრული,0,0,0,1,0,1,0,0,0,0
კუჭის,0,0,0,0,0,0,0,0,0,0
გასტრონომია,0,0,0,0,0,0,0,0,0,0
კარიბჭე,0,0,0,0,0,0,0,0,0,1
კარიბჭე,0,0,0,0,0,0,0,0,0,1
შეკრება,0,0,0,0,0,0,0,0,0,0
შემგროვებელი,0,0,0,0,0,0,0,0,0,0
შეკრება,0,0,0,0,0,0,0,0,0,0
გუში,0,0,0,0,0,1,0,0,0,0
ლიანდაგი,0,0,0,0,0,0,0,0,0,0
გაზომვა,0,0,0,0,0,0,0,0,0,1
დაღლილი,0,0,0,0,0,1,0,0,0,0
ხელთათმანი,0,0,0,0,0,0,0,0,0,0
gauze,0,0,0,0,0,0,0,0,0,0
გიჟი,0,0,0,0,0,0,0,0,0,0
gawk,0,0,0,0,0,0,0,0,1,0
მზერა,0,0,0,0,0,0,0,0,0,0
gazebo,0,0,0,0,0,0,0,0,0,0
გაზელი,0,0,0,0,0,0,0,0,0,0
გაზეთი,0,0,0,0,0,0,1,0,0,1
გაზეთი,0,0,0,0,0,0,0,0,0,0
მექანიზმი,0,0,0,0,0,0,1,0,0,0
ლარი,0,0,0,0,0,0,0,0,0,0
ჟელატინი,0,0,1,0,0,0,0,0,0,0
გელდებული,0,0,0,0,0,0,0,0,0,0
გელინგი,0,0,0,0,0,0,0,0,0,0
ძვირფასი ქვა,0,0,0,0,1,0,1,0,0,0
ტყუპები,0,0,0,0,0,0,0,0,0,0
სქესი,0,0,0,0,0,0,0,0,0,0
გენეალოგია,0,0,0,0,0,0,0,0,0,0
გენერალი,0,0,0,0,0,0,1,0,0,1
ზოგადობა,0,0,0,0,0,0,0,0,0,0
განზოგადება,0,0,0,0,0,0,0,0,0,0
ზოგადად,0,0,0,0,0,0,0,0,0,0
გენერირება,0,0,0,0,0,0,0,0,0,0
თაობა,0,0,0,0,0,0,0,0,0,0
გენერაციული,0,0,0,0,0,0,0,0,0,0
გენერატორი,0,0,0,0,0,0,0,0,0,0
ზოგადი,0,0,0,0,0,0,0,0,0,0
კეთილშობილება,0,1,0,0,1,0,1,0,1,1
გულუხვი,0,0,0,0,1,0,1,0,0,1
გენეზისი,0,0,0,0,0,0,0,0,0,0
გენეტიკური,0,0,0,0,0,0,0,0,0,0
გენეტიკა,0,0,0,0,0,0,0,0,0,0
გენიალური,0,0,0,0,1,0,1,0,0,0
გენიტალური,0,0,0,0,0,0,0,0,0,0
გენიალური,0,0,0,0,0,0,1,0,0,0
ჟანრი,0,0,0,0,0,0,0,0,0,0
ჯენტ,1,0,1,1,0,1,0,0,0,0
ნაზი,0,0,0,0,0,0,1,0,0,0
ჯენტლმენი,0,0,0,0,0,0,1,0,0,1
სინაზე,0,0,0,0,0,0,1,0,0,0
აზნაურობა,0,0,0,0,0,0,1,0,0,1
ნამდვილი,0,0,0,0,0,0,1,0,0,1
გვარი,0,0,0,0,0,0,0,0,0,0
გეოგრაფია,0,0,0,0,0,0,0,0,0,0
გეოლოგია,0,0,0,0,0,0,0,0,0,0
გეომეტრია,0,0,0,0,0,0,0,0,0,0
გერანიუმი,0,0,0,0,0,0,1,0,0,0
გერიატრიული,0,0,0,0,0,1,0,1,0,0
ჩანასახი,0,1,1,0,0,0,0,0,0,0
გერმანული,0,0,0,0,0,0,0,0,0,0
გერმანული,0,0,0,0,0,0,0,0,0,0
აღმოცენება,0,0,0,0,0,0,0,0,0,0
გაღივება,0,1,0,0,0,0,0,0,0,0
ორსულობა,0,0,0,0,0,0,0,0,0,0
ჟესტი,0,0,0,0,0,0,0,0,0,0
საზიზღარი,0,0,1,1,0,1,0,0,0,0
გეტო,0,0,1,1,0,1,0,1,0,0
მოჩვენება,0,0,0,1,0,0,0,0,0,0
მოჩვენებითი,0,0,0,1,0,1,0,0,0,0
გიგანტი,0,0,0,1,0,0,0,0,0,0
ჭკუა,1,0,0,0,0,1,0,0,0,0
საჩუქარი,0,1,0,0,1,0,1,0,1,0
ნაჩუქარი,0,0,0,0,0,0,1,0,0,0
კონცერტი,0,0,0,0,0,0,0,0,0,0
გიგანტური,0,0,0,0,0,0,1,0,0,0
კისკისი,0,0,0,0,1,0,1,0,0,0
ღრიალი,0,0,0,0,0,0,0,0,0,0
ღრძილები,0,0,0,0,0,0,0,0,0,0
მოოქროვილი,0,0,0,0,0,0,0,0,0,0
გიმპი,0,0,0,0,0,0,0,0,0,0
ჯინი,0,0,0,0,0,0,0,0,0,0
ჯანჯაფილი,0,0,0,0,0,0,0,0,0,0
ჯანჯაფილი,0,0,0,0,0,0,0,0,0,0
გულგრილად,0,0,0,0,0,0,0,0,0,0
ჟირაფი,0,0,0,0,0,0,0,0,0,0
სარტყელი,0,0,0,0,0,0,1,0,0,1
სარტყელი,0,0,0,0,0,0,0,0,0,0
გარსი,0,0,0,0,0,0,0,0,0,0
არსი,0,0,0,0,0,0,0,0,0,0
მიცემა,0,0,0,0,0,0,1,0,0,0
შიშველი,0,0,0,0,0,0,0,0,0,0
მყინვარული,0,0,0,0,0,1,0,0,0,0
მყინვარი,0,0,0,0,0,0,0,0,0,0
გახარებული,0,1,0,0,1,0,1,0,0,0
გალავანი,0,0,0,0,0,0,0,0,0,0
გლადიატორი,0,0,0,1,0,0,0,0,0,0
სიხარულს,0,0,0,0,1,0,1,0,0,0
მზერა,0,0,0,0,0,0,0,0,0,0
ნათება,1,0,0,1,0,1,0,0,0,0
თვალისმომჭრელი,1,0,0,0,0,1,0,0,0,0
მინა,0,0,0,0,0,0,0,0,0,0
სათვალეები,0,0,0,0,0,0,0,0,0,0
მინის ნაწარმი,0,0,0,0,0,0,0,0,0,0
მინანქარი,0,0,0,0,0,0,0,0,0,0
ბრწყინავს,0,0,0,0,0,0,0,0,0,0
მოკრიფეთ,0,0,0,0,0,0,0,0,0,0
გახარება,0,0,0,0,1,0,1,0,0,0
გლენი,0,0,0,0,0,0,0,0,0,0
გლიბი,0,0,0,0,0,1,0,0,0,0
სრიალი,0,1,0,0,1,0,1,0,0,0
ციმციმი,0,1,0,0,1,0,1,0,1,0
მზერა,0,0,0,0,0,0,0,0,0,0
ბრჭყვიალა,0,0,0,0,0,0,0,0,0,0
ბრჭყვიალა,0,0,1,0,1,0,0,0,0,0
ბრჭყვიალა,0,0,0,0,0,0,1,0,0,0
გლობუსი,0,0,0,0,0,0,0,0,0,0
გლობულური,0,0,0,0,0,0,0,0,0,0
წყვდიადში,0,0,0,0,0,1,0,1,0,0
პირქუში,0,0,0,0,0,1,0,1,0,0
განდიდება,0,0,0,0,1,0,1,0,0,0
განადიდეს,0,1,0,0,1,0,1,0,1,1
დიდება,0,1,0,0,1,0,1,0,0,1
პრიალა,0,0,0,0,0,0,1,0,0,0
ლექსიკონი,0,0,0,0,0,0,0,0,0,0
პრიალა,0,0,0,0,0,0,0,0,0,0
ხელთათმანი,0,0,0,0,0,0,0,0,0,0
ბზინვარება,0,1,0,0,1,0,1,0,0,1
ანათებს,0,0,0,0,0,0,1,0,0,0
გლუკოზა,0,0,0,0,0,0,0,0,0,0
წებო,0,0,0,0,0,0,0,0,0,0
გლუვი,0,0,0,0,0,1,0,1,0,0
სიჭარბე,0,0,1,0,0,1,0,0,0,0
წებოვანა,0,0,0,0,0,0,0,0,0,0
სიხარბე,0,0,1,0,0,1,0,0,0,0
გლიცერინი,0,0,0,0,0,0,0,0,0,0
ღრჭიალი,0,0,0,0,0,0,0,0,0,0
ჯუჯა,1,0,1,1,0,1,0,0,0,0
თხა,0,0,0,0,0,0,0,0,0,0
თხის ჯიში,0,0,0,0,0,0,0,0,0,0
გობ,0,0,1,0,0,0,0,0,0,0
ყლაპვა,0,0,0,0,0,0,0,0,0,0
თასი,0,0,0,0,0,0,0,0,0,0
გობლინი,0,0,1,1,0,1,0,0,0,0
ღმერთო,0,1,0,1,1,0,1,0,0,1
ქალღმერთი,0,0,0,0,0,0,0,0,0,0
ნათლია,0,0,0,0,0,0,0,0,0,0
უღვთო,1,0,0,0,0,1,0,0,0,0
ღვთისმოსავი,0,0,0,0,1,0,1,0,0,1
ღვთის ძღვენი,0,0,0,0,1,0,1,0,1,0
სათვალე,0,0,0,0,0,0,0,0,0,0
სათვალეები,0,0,0,0,0,0,0,0,0,0
ოქროს,0,0,0,0,0,0,1,0,0,0
ოქროსფერი,0,0,0,0,0,0,0,0,0,0
გოლფის,0,0,0,0,0,0,0,0,0,0
გონდოლა,0,0,0,0,0,0,0,0,0,0
გონგი,0,0,0,0,0,0,0,0,0,0
გონორეა,1,0,1,1,0,1,0,1,0,0
გოო,0,0,1,0,0,1,0,0,0,0
კარგი,0,1,0,0,1,0,1,0,1,1
ნახვამდის,0,0,0,0,0,0,0,0,0,0
კეთილად,0,0,0,0,0,0,1,0,0,0
სიკეთე,0,1,0,0,1,0,1,0,1,1
საქონელი,0,0,0,0,0,0,1,0,0,0
კეთილგანწყობა,0,0,0,0,0,0,1,0,0,0
კარგი,0,0,0,0,0,0,0,0,0,0
გოოი,0,0,0,0,0,0,0,0,0,0
ბატი,0,0,0,0,0,0,0,0,0,0
გოფერი,0,0,0,0,0,0,0,0,0,0
გორი,1,0,1,1,0,1,0,1,0,0
ხეობა,0,0,1,0,0,1,0,0,0,0
მშვენიერი,0,0,0,0,1,0,1,0,0,0
გორილა,0,0,0,0,0,1,0,0,0,0
მღელვარე,1,0,1,1,0,1,0,1,0,0
სახარება,0,0,0,0,0,0,1,0,0,1
ჭორაობა,0,0,0,0,0,1,0,0,0,0
გუგა,0,0,0,0,0,1,0,0,0,0
გურმანი,0,0,0,0,0,0,0,0,0,0
პოდაგრა,0,0,0,0,0,1,0,0,0,0
მართვა,0,0,0,0,0,0,1,0,0,1
გუბერნანტი,0,0,0,0,0,0,0,0,0,1
მმართველობა,0,0,0,0,0,0,0,0,0,0
მთავრობა,0,0,0,1,0,1,0,0,0,0
გუბერნატორი,0,0,0,0,0,0,0,0,0,1
კაბა,0,0,0,0,0,0,0,0,0,0
ხელში ჩაგდება,1,0,0,0,0,1,0,0,0,0
მადლი,0,0,0,0,0,0,1,0,0,0
მოხდენილი,0,0,0,0,0,0,1,0,0,0
მადლიანი,0,0,0,0,0,0,1,0,0,0
გულმოწყალებით,0,0,0,0,0,0,1,0,0,0
გრადაცია,0,0,0,0,0,0,0,0,0,0
შეფასება,0,0,0,0,0,0,0,0,0,0
გრეიდერი,0,0,0,0,0,0,0,0,0,0
გრადიენტი,0,0,0,0,0,0,0,0,0,0
თანდათანობით,0,1,0,0,0,0,0,0,0,0
თანდათანობით,0,0,0,0,0,0,0,0,0,0
დამთავრება,0,1,0,1,1,0,1,0,1,1
მარცვლეული,0,0,0,0,0,0,0,0,0,0
გრამი,0,0,0,0,0,0,0,0,0,0
გრამატიკა,0,0,0,0,0,0,0,0,0,1
გრანდიოზული,0,0,0,0,0,0,0,0,0,0
შვილიშვილები,0,1,0,0,1,0,1,0,0,1
სიდიადე,0,0,0,0,0,0,1,0,0,0
ბაბუა,0,0,0,0,0,0,0,0,0,1
გრანდიოზული,0,0,0,0,0,0,0,0,0,0
ბებია,0,0,0,0,0,0,1,0,0,0
გრანჟი,0,0,0,0,0,0,0,0,0,0
გრანიტი,0,0,0,0,0,0,0,0,0,0
გრანტი,0,1,0,0,1,0,1,0,0,1
მინიჭებული,0,0,0,0,0,0,1,0,0,0
გრანტის მიმღები,0,0,0,0,0,0,0,0,0,0
მიმღები,0,0,0,0,0,0,0,0,0,0
მარცვლოვანი,0,0,0,0,0,0,0,0,0,0
გრანული,0,0,0,0,0,0,0,0,0,0
ყურძენი,0,0,0,0,0,0,0,0,0,0
გრაფიკა,0,0,0,0,0,0,0,0,0,0
მებრძოლი,0,0,0,0,0,0,0,0,0,0
დაჯექი,0,0,0,0,0,0,0,0,0,0
დაჭერა,0,1,0,0,0,1,0,0,0,0
ბალახი,0,0,0,0,0,0,0,0,0,0
ბალახი,0,0,0,0,0,0,0,0,0,0
ბალახიანი,0,0,0,0,0,0,0,0,0,0
გახეხვა,0,0,0,0,0,1,0,0,0,0
გახეხილი,1,0,0,0,0,1,0,0,0,0
მადლიერი,0,0,0,0,0,0,1,0,0,0
გაახარებს,0,0,0,0,1,0,1,0,1,0
გახეხვა,1,0,1,0,0,1,0,0,0,0
უფასოდ,0,0,0,0,0,0,0,0,0,0
მადლიერება,0,0,0,0,1,0,1,0,0,0
უსასყიდლო,0,0,1,0,0,0,0,0,0,0
ანაზღაურება,0,0,0,0,0,0,0,0,0,0
საფლავი,0,0,0,1,0,1,0,1,0,0
ხრეში,0,0,0,0,0,0,0,0,0,0
საფლავი,0,0,0,0,0,0,0,0,0,0
გრავიტაცია,0,1,0,0,0,0,0,0,0,0
გრავიტაცია,0,0,0,0,0,0,0,0,0,0
გრავიტაცია,0,0,0,0,0,0,0,0,0,0
სოუსი,0,0,0,0,0,0,0,0,0,0
ნაცრისფერი,0,0,1,0,0,0,0,1,0,0
ძოვება,0,0,0,0,0,0,0,0,0,0
ცხიმი,0,0,0,0,0,0,0,0,0,0
ცხიმიანი,0,0,1,0,0,0,0,0,0,0
უფრო დიდი,0,0,0,0,0,0,1,0,0,0
უდიდესი,0,0,0,0,0,0,0,0,0,0
დიდად,0,0,0,0,0,0,0,0,0,0
სიდიადე,0,0,0,0,1,0,1,0,1,1
სიხარბე,1,0,1,0,0,1,0,0,0,0
გაუმაძღარი,0,0,1,0,0,1,0,0,0,0
მწვანე,0,0,0,0,1,0,1,0,0,1
სათბური,0,0,0,0,0,0,0,0,0,0
მომწვანო,0,0,0,0,0,0,0,0,0,0
გრინვუდი,0,0,0,0,0,0,0,0,0,0
მისალმება,0,0,0,0,0,0,0,0,0,0
მისალმება,0,0,0,0,0,0,1,0,1,0
ჯგუფური,0,0,0,0,0,0,1,0,0,0
ყუმბარა,0,0,0,1,0,1,0,0,0,0
ნაცრისფერი,0,0,0,0,0,0,0,0,0,0
გრეიჰაუნდი,0,0,0,0,0,0,0,0,0,0
გრიდირონს,0,0,0,0,0,0,0,0,0,0
მწუხარება,0,0,0,0,0,1,0,1,0,0
წყენა,1,0,1,0,0,1,0,1,0,0
მწუხარებას,0,0,0,1,0,1,0,1,0,0
მძიმე,1,0,0,1,0,1,0,1,0,0
გრიფინი,0,0,0,0,0,0,0,0,0,0
გრილი,0,0,0,0,0,0,0,0,0,0
ცხაური,0,0,0,0,0,0,0,0,0,0
მწარე,1,1,1,1,0,1,0,1,0,0
ჭუჭყიანი,0,0,1,0,0,1,0,0,0,0
დაბურული,0,0,1,0,0,1,0,0,0,0
ღიმილი,0,1,0,0,1,0,1,0,1,1
დაფქვა,0,0,0,0,0,0,0,0,0,0
საფქვავი,0,0,0,0,0,0,0,0,0,0
სახეხი,0,0,0,0,0,1,0,0,0,0
დაჭერა,0,0,0,0,0,0,0,0,0,0
შემზარავი,0,0,1,1,0,1,0,0,0,0
გრისტი,0,0,0,0,0,0,1,0,0,0
ხრეში,0,0,0,0,0,0,1,0,0,1
გრილიანი,0,0,0,0,0,0,0,0,0,0
გრიზლი,0,0,0,1,0,1,0,0,0,0
კვნესა,0,0,1,0,0,1,0,1,0,0
სასურსათო მაღაზია,0,0,0,0,0,0,0,0,0,0
სასურსათო პროდუქტები,0,0,0,0,0,0,0,0,0,0
სასურსათო,0,0,0,0,0,0,0,0,0,0
დაღლილი,0,0,0,0,0,0,0,0,0,0
საზარდულის,0,0,0,0,0,0,0,0,0,0
საქმრო,0,0,0,0,0,0,0,0,0,0
ღარი,0,0,0,0,0,0,0,0,0,0
ღრიალი,1,0,1,1,0,1,0,0,0,0
უხეში,0,0,1,0,0,1,0,0,0,0
გროტესკული,0,0,1,0,0,1,0,0,0,0
მღვიმე,0,0,0,0,0,0,0,0,0,0
ადგილზე,0,0,0,0,0,0,0,0,0,1
დასაბუთებული,0,0,0,1,0,1,0,1,0,0
უსაფუძვლო,0,0,0,0,0,1,0,0,0,0
საფუძველი,0,0,0,0,0,0,0,0,0,0
საფუძველი,0,0,0,0,0,0,1,0,0,0
ჯგუფი,0,0,0,0,0,0,0,0,0,0
დაჯგუფება,0,0,0,0,0,0,0,0,0,0
როჭო,0,0,0,0,0,0,0,0,0,0
გრუტი,0,0,0,0,0,0,0,0,0,0
კორომი,0,0,0,0,0,0,0,0,0,0
იზრდება,0,1,0,0,1,0,1,0,0,1
ღრიალი,1,0,0,1,0,1,0,0,0,0
ღრიალი,1,0,1,1,0,1,0,0,0,0
ზრდა,0,0,0,0,0,0,1,0,0,0
გრუბი,0,0,0,0,0,0,0,0,0,0
წყენა,1,0,0,0,0,1,0,0,0,0
უკმაყოფილოდ,0,0,0,0,0,1,0,0,0,0
შემზარავი,0,0,1,0,0,1,0,0,0,0
უხეში,1,0,1,0,0,1,0,0,0,0
წუწუნი,1,0,1,0,0,1,0,0,0,0
გაბუტული,1,0,1,0,0,1,0,1,0,0
წუწუნი,0,0,0,0,0,0,0,0,0,0
გარანტია,0,0,0,0,0,0,1,0,0,1
გარანტია,0,0,0,0,0,0,0,0,0,0
მცველი,0,0,0,1,0,0,1,0,0,1
იცავდა,0,0,0,0,0,0,0,0,0,1
მეურვე,0,0,0,0,0,0,1,0,0,1
მეურვეობა,0,0,0,0,0,0,1,0,0,1
მცველები,0,0,0,0,0,0,0,0,0,0
გუბერნატორული,0,0,0,0,0,0,1,0,0,1
პარტიზანული,0,0,0,1,0,1,0,0,0,0
გამოიცანი,0,0,0,0,0,0,0,0,1,0
გამოცნობა,0,0,0,0,0,0,0,0,0,0
სტუმარი,0,0,0,0,0,0,0,0,0,0
ხელმძღვანელობა,0,0,0,0,0,0,1,0,0,1
სახელმძღვანელო,0,0,0,0,0,0,1,0,0,1
სახელმძღვანელო,0,0,0,0,0,0,1,0,0,1
გილდია,0,0,0,0,0,0,0,0,0,0
მზაკვრობა,0,0,0,0,0,1,0,0,0,0
გილიოტინი,1,1,1,1,0,1,0,1,0,0
დანაშაული,0,0,1,0,0,1,0,1,0,0
დამნაშავე,1,0,0,0,0,1,0,1,0,0
გვინეა,0,0,0,0,0,0,0,0,0,0
ნიღაბი,0,0,0,0,0,1,0,0,0,0
გიტარა,0,0,0,0,0,0,0,0,0,0
გოლები,0,0,0,0,0,0,0,0,0,0
ყურე,0,0,0,0,0,0,0,0,0,0
თოლია,0,0,0,0,0,1,0,0,0,0
გულკეთილი,0,0,0,0,0,1,0,1,0,1
ხევი,0,0,0,0,0,0,0,0,0,0
ყელში,0,0,0,1,0,0,0,0,1,0
რეზინა,0,0,0,0,0,0,0,0,0,0
რეზინის,0,0,0,0,0,0,0,0,0,0
იარაღი,1,0,0,1,0,1,0,0,0,0
მსროლელი,0,0,0,0,0,0,0,0,0,0
დენთის,0,0,0,1,0,0,0,0,0,0
გურუ,0,0,0,0,0,0,1,0,0,1
ღვარძლიანი,0,0,1,0,1,1,0,0,0,0
გუსეტი,0,0,0,0,0,0,0,0,0,1
აფეთქება,0,0,0,0,0,0,0,0,0,0
ღვარძლიანი,0,0,0,0,0,0,0,0,0,0
ნაწლავი,0,0,1,0,0,0,0,0,0,0
გუნება,0,0,0,0,0,0,1,0,0,0
ღუმელი,0,0,1,0,0,0,0,0,0,0
ბიჭი,0,0,0,0,0,0,0,0,0,0
გუგუნი,0,0,0,0,0,1,0,0,0,0
გიმნაზია,0,0,0,0,0,0,0,0,0,0
ტანმოვარჯიშე,0,0,0,0,0,0,1,0,0,0
ტანვარჯიშის,0,0,0,0,0,0,0,0,0,0
ტანვარჯიში,0,0,0,0,0,0,0,0,0,0
გინეკოლოგია,0,0,0,0,0,0,0,0,0,0
ბოშა,0,0,0,0,0,1,0,0,0,0
გიროსკოპი,0,0,0,0,0,0,0,0,0,0
ჩვევა,0,0,0,0,0,0,0,0,0,0
ჰაბიტატი,0,0,0,0,0,0,1,0,0,0
საცხოვრებელი,0,0,0,0,0,0,0,0,0,0
ჩვეული,0,1,0,0,0,0,0,0,0,0
ჩვეულებრივად,0,0,0,0,0,0,0,0,0,0
ჰაციენდა,0,0,0,0,0,0,0,0,0,0
ჰაგი,0,0,1,1,0,1,0,0,0,0
დაღლილი,0,0,0,0,0,1,0,1,0,0
ვაჭრობა,0,0,0,0,0,0,0,0,0,0
სეტყვა,0,0,0,0,0,1,1,0,0,1
თმა,0,0,0,0,0,0,0,0,0,0
თმიანი,0,0,1,0,0,1,0,0,0,0
ჰალე,0,0,0,0,0,0,1,0,0,0
ნახევარი,0,0,0,0,0,0,0,0,0,0
შუა გზაზე,0,0,0,0,0,1,0,0,0,0
დარბაზი,0,0,0,0,0,0,0,0,0,0
წმიდა,0,0,0,0,0,0,0,0,0,0
ჰალუცინაცია,0,0,0,1,0,1,0,0,0,0
ჰალო,0,0,0,0,0,0,0,0,0,0
შეჩერება,0,0,0,0,0,0,0,0,0,0
ლაგამი,1,0,0,1,0,1,0,1,0,0
შეჩერება,0,0,0,1,0,1,0,1,0,0
განახევრება,0,0,0,0,0,0,0,0,0,0
განახევრება,0,0,0,0,0,0,0,0,0,0
ლორი,0,0,0,0,0,0,0,0,0,0
ჰამლეტი,0,0,0,0,0,0,0,0,0,0
ჩაქუჩი,0,0,0,0,0,0,0,0,0,0
ჩაქუჩით დარტყმა,0,0,0,0,0,0,0,0,0,0
ჰამაკი,0,0,0,0,0,0,0,0,0,0
შეფერხება,0,0,0,0,0,1,0,0,0,0
ბარძაყის ძვალი,1,0,0,0,0,1,0,1,0,0
ხელი,0,0,0,0,0,0,0,0,0,0
სახელმძღვანელო,0,0,0,0,0,0,0,0,0,1
მუჭა,0,0,0,0,0,0,0,0,0,0
ინვალიდობა,0,0,0,0,0,1,0,1,0,0
ხელსაქმე,0,0,0,0,0,0,0,0,0,0
ხელნაკეთი,0,0,0,0,0,0,0,0,0,0
ცხვირსახოცი,0,0,0,0,0,0,0,0,0,0
სახელური,0,0,0,0,0,0,0,0,0,0
სიმპათიური,0,0,0,0,0,0,0,0,0,0
ხელწერა,0,0,0,0,0,0,0,0,0,0
მოხერხებული,0,0,0,0,0,0,1,0,0,0
დაკიდება,0,0,0,0,0,0,0,0,0,0
ანგარი,0,0,0,0,0,0,0,0,0,0
ჩამოკიდებული,1,0,1,1,0,1,0,1,0,0
ფარდული,0,0,0,1,0,1,0,0,0,0
დროის გატარება,0,0,0,0,0,0,0,0,0,0
ჰანკი,0,0,0,0,0,0,0,0,0,0
მონდომება,0,1,0,0,0,0,0,0,0,0
ჰაპ,0,1,0,0,0,0,0,0,1,0
შემთხვევითი,0,0,0,0,0,0,0,0,0,0
მოხდეს,0,1,0,0,0,0,0,0,0,0
ხდება,0,0,0,0,0,0,0,0,0,0
ბედნიერად,0,0,0,0,1,0,1,0,0,0
ბედნიერება,0,1,0,0,1,0,1,0,0,0
ბედნიერი,0,1,0,0,1,0,1,0,0,1
შევიწროება,1,0,1,0,0,1,0,0,0,0
შევიწროება,1,0,0,0,0,0,0,0,0,0
წინამძღვარი,1,1,0,1,0,1,0,0,0,0
ნავსადგური,0,0,0,0,0,0,0,0,0,1
გამკვრივება,0,0,0,0,0,0,0,0,0,0
გამაგრებული,1,0,1,1,0,1,0,0,0,0
გამკვრივება,0,0,0,0,0,0,0,0,0,0
სიხისტე,0,0,0,0,0,1,0,0,0,0
გაჭირვება,0,0,0,0,0,1,0,1,0,0
აპარატურა,0,0,0,0,0,0,0,0,0,0
გამძლე,0,0,0,0,1,0,1,0,0,1
კურდღელი,0,0,0,0,0,0,0,0,0,0
ჰარემი,0,0,0,0,0,0,0,0,0,0
მეძავი,0,0,1,0,0,1,0,0,0,0
ზიანი,0,0,0,1,0,1,0,0,0,0
მავნე,1,0,1,1,0,1,0,1,0,0
ჰარმონიკა,0,0,0,0,0,0,0,0,0,0
ჰარმონიები,0,0,0,0,0,0,0,0,0,0
ჰარმონიულად,0,0,0,0,1,0,1,0,0,1
ჰარმონიზაცია,0,0,0,0,0,0,0,0,0,0
ჰარმონია,0,0,0,0,1,0,1,0,0,1
აღკაზმულობა,0,0,0,0,0,0,0,0,0,0
ჰარპერი,0,0,0,0,0,0,0,0,0,0
კლავესინი,0,0,0,0,0,0,0,0,0,0
შემზარავი,0,0,0,1,0,1,0,0,0,0
ჰარი,1,0,0,0,0,1,0,1,0,0
სიმკაცრე,1,0,0,1,0,1,0,0,0,0
ხახვი,0,0,0,0,0,0,0,0,0,0
მოსავალი,0,1,0,0,1,0,1,0,0,0
ჰაში,0,0,0,0,0,1,0,0,0,0
ჰაშიში,0,0,0,0,0,1,0,0,0,0
აჩქარება,0,1,0,0,0,0,0,0,0,0
აჩქარება,0,0,0,0,0,0,0,0,0,0
ნაჩქარევად,0,0,0,0,0,0,0,0,0,0
ნაჩქარევი,0,0,0,0,0,1,0,0,0,0
ქუდი,0,0,0,0,0,0,0,0,0,0
ლუქი,0,0,0,0,0,0,0,0,0,0
ლუქი,0,0,0,0,0,0,0,0,0,0
სიძულვილი,1,0,1,1,0,1,0,1,0,0
საძულველი,1,0,1,1,0,1,0,1,0,0
სიძულვილი,1,0,0,0,0,1,0,0,0,0
სიძულვილი,1,0,1,1,0,1,0,1,0,0
ქედმაღალი,1,0,0,0,0,1,0,0,0,0
ზიდვა,0,0,0,0,0,0,0,0,0,0
ტრანსპორტირება,0,0,0,0,0,0,0,0,0,0
ასვენებს,0,0,0,1,0,1,0,0,0,0
მოსვენებული,0,0,0,1,0,1,0,1,0,0
თავშესაფარი,0,0,0,0,0,0,1,0,0,1
განადგურება,1,0,0,1,0,1,0,0,0,0
ხო,0,0,0,0,0,0,0,0,0,0
ქორი,0,0,0,1,0,0,0,0,0,0
ჰოკინგი,0,0,0,0,0,0,0,0,0,0
საშიშროება,0,0,0,1,0,1,0,0,0,0
სახიფათო,0,0,0,1,0,1,0,0,0,0
ნისლი,0,0,0,1,0,1,0,0,0,0
დაბურული,0,0,0,0,0,0,0,0,0,0
ხელმძღვანელი,0,0,0,0,0,0,0,0,0,0
თავის ტკივილი,0,0,0,0,0,1,0,0,0,0
თავსაბურავი,0,0,0,0,0,0,0,0,0,0
სათაური,0,0,0,0,0,0,0,0,0,0
თავსაბურავი,0,0,0,0,0,0,0,0,0,0
სათაური,0,0,0,0,0,0,0,0,0,0
სათავე,0,0,0,0,0,0,0,0,0,0
ფარები,0,1,0,0,0,0,0,0,0,0
სათაური,0,0,0,0,0,0,0,0,0,0
თავჩაღუნული,0,0,0,0,0,0,0,0,0,0
სათაო ოფისი,0,0,0,0,0,0,0,0,0,0
საფლავის ქვა,0,0,0,0,0,0,0,0,0,0
წინსვლა,0,0,0,0,0,0,1,0,0,0
თავზარდამცემი,0,0,0,0,0,1,0,0,0,0
განკურნება,0,0,0,0,1,0,1,0,0,1
სამკურნალო,0,1,0,0,1,0,1,0,0,1
ჯანმრთელობა,0,0,0,0,0,0,0,0,0,0
ჯანსაღი,0,0,0,0,1,0,1,0,0,0
ჯანსაღი,0,0,0,0,0,0,1,0,0,0
გროვა,0,0,0,0,0,0,0,0,0,0
მოისმინე,0,0,0,0,0,0,0,0,0,0
მსმენელი,0,0,0,0,0,0,0,0,0,0
მოსმენა,0,0,0,1,0,1,0,0,0,0
ცნობები,0,0,0,0,0,1,0,0,0,0
ნემსი,0,0,0,1,0,1,0,1,0,0
გული,0,0,0,0,0,0,0,0,0,0
გულისტკივილი,0,0,0,0,0,1,0,1,0,0
გულძმარვა,0,0,0,0,0,1,0,0,0,0
გულწრფელი,0,0,0,0,1,0,1,1,0,1
ჯანმრთელობა,0,0,0,0,0,0,1,0,0,0
გულიანად,0,0,0,0,1,0,1,0,0,0
უგულო,0,0,0,0,0,1,0,1,0,0
გულები,0,0,0,0,0,0,0,0,0,0
გულის ჭია,0,0,1,0,0,0,0,0,0,0
სითბო,0,0,0,0,0,0,0,0,0,0
თბება,0,0,0,0,0,0,0,0,0,0
გამათბობელი,0,0,0,0,0,0,0,0,0,0
ჯოხი,0,0,0,0,0,0,0,0,0,0
წარმართი,0,0,0,1,0,1,0,0,0,0
ჰედერი,0,0,0,0,0,0,0,0,0,0
გათბობა,0,0,0,0,0,0,0,0,0,0
ამაღლება,0,0,0,0,0,0,0,0,0,0
ზეციური,0,1,0,0,1,0,1,0,0,1
სამოთხეები,0,0,0,0,1,0,1,0,0,1
მძიმედ,0,0,0,0,0,1,0,0,0,0
სიმძიმე,0,0,0,0,0,0,0,0,0,0
ამაღლება,0,0,0,0,0,0,0,0,0,0
ჰექტარი,0,0,0,0,0,0,0,0,0,0
მღელვარე,0,0,0,0,0,0,0,0,0,0
ჰეჯე,0,0,0,0,0,0,0,0,0,0
ზღარბი,0,0,0,0,0,0,0,0,0,0
ჰედონიზმი,0,0,0,0,1,1,1,0,0,0
გაითვალისწინე,0,0,0,0,0,0,0,0,0,0
ქუსლი,0,0,0,0,0,1,0,0,0,0
ქუსლები,0,0,0,0,0,0,0,0,0,0
წონა,0,1,0,1,0,0,1,0,0,0
ჰეგემონური,0,0,0,0,0,0,0,0,0,0
ძროხის,0,0,0,0,0,0,0,0,0,0
სიმაღლე,0,0,0,0,0,0,0,0,0,0
ამაღლება,0,0,0,1,0,1,0,0,0,0
ამაზრზენი,0,0,0,0,0,1,0,0,0,0
მემკვიდრე,0,0,0,0,0,0,0,0,0,0
მემკვიდრე,0,0,0,0,0,0,0,0,0,0
განძს,0,0,0,0,0,0,0,0,0,0
მემკვიდრეები,0,0,0,0,0,0,0,0,0,0
ხვეული,0,0,0,0,0,0,0,0,0,0
სპირალი,0,0,0,0,0,0,0,0,0,0
ჯოჯოხეთი,1,0,1,1,0,1,0,1,0,0
ჯოჯოხეთური,1,0,1,1,0,1,0,1,0,0
საჭე,0,0,0,0,0,0,0,0,0,0
ჩაფხუტი,0,0,0,1,0,0,1,0,0,0
დამხმარე,0,0,0,0,0,0,1,0,0,1
გამოსადეგი,0,0,0,0,1,0,1,0,0,1
უმწეო,0,0,0,1,0,1,0,1,0,0
უმწეობა,0,0,0,1,0,1,0,1,0,0
ჰემი,0,0,0,0,0,0,0,0,0,0
ჰემატიტი,0,0,0,0,0,0,0,0,0,0
ჰემი,0,0,0,0,0,0,0,0,0,0
ნახევარსფერო,0,0,0,0,0,0,0,0,0,0
ნახევარსფერული,0,0,0,0,0,0,0,0,0,0
ჰემლოკი,0,0,0,0,0,0,0,0,0,0
ჰემორაგია,0,0,1,1,0,1,0,1,0,0
ბუასილი,0,0,0,0,0,1,0,0,0,0
კანაფის,0,0,0,0,0,0,0,0,0,0
ქათამი,0,0,0,0,0,0,0,0,0,0
ამიერიდან,0,0,0,0,0,0,0,0,0,0
მაცნე,0,0,0,0,0,0,0,0,0,0
ჰერალდიკა,0,0,0,0,0,0,0,0,0,0
ბალახს,0,0,0,0,0,0,0,0,0,0
ბალახოვანი,0,0,0,0,0,0,0,0,0,0
მცენარეული,0,0,0,0,0,0,1,0,0,0
ჰერბარიუმი,0,0,0,0,0,0,0,0,0,0
ნახირი,0,0,0,0,0,0,0,0,0,0
მემკვიდრეობითი,0,0,0,0,0,0,0,0,0,0
მემკვიდრეობითობა,0,0,0,0,0,0,0,0,0,0
ერესი,0,0,0,0,0,1,0,0,0,0
ერეტიკოსი,0,0,1,0,0,1,0,0,0,0
ერეტიკული,0,0,0,0,0,0,0,0,0,0
აქამდე,0,0,0,0,0,0,0,0,0,0
აქამდე,0,0,0,0,0,0,0,0,0,0
ამით,0,0,0,0,0,0,0,0,0,0
მემკვიდრეობა,0,0,0,0,0,0,0,0,0,1
ჰერმაფროდიტი,0,0,0,0,0,1,0,0,1,0
ჰერმენევტიკა,0,0,0,0,0,0,0,0,0,0
მოღუშული,0,0,0,0,0,0,0,1,0,1
თიაქარი,0,0,0,0,0,0,0,0,0,0
გმირი,0,1,0,0,1,0,1,0,1,1
გმირული,0,0,0,0,1,0,1,0,1,1
გმირობა,0,0,0,0,0,0,1,0,0,0
ჰეროინი,0,0,0,0,0,1,0,0,0,0
ჰეროინი,0,0,0,0,0,0,1,0,0,1
გმირობა,0,1,0,0,1,0,1,0,1,1
ჰერპესი,0,0,1,0,0,1,0,0,0,0
ჰერპესვირუსი,0,0,1,0,0,1,0,0,0,0
ყოყმანობს,0,0,0,0,0,0,0,0,0,0
ყოყმანი,0,0,0,1,0,1,0,0,0,0
ჰეტეროგენულობა,0,0,0,0,0,0,0,0,0,0
ჰავ,0,0,0,0,0,0,0,0,0,0
ექვსკუთხედი,0,0,0,0,0,0,0,0,0,0
აყვავება,0,1,0,0,1,0,1,0,0,1
შესვენება,0,0,0,0,0,0,0,0,0,0
ზამთარი,0,0,0,0,0,0,0,0,0,0
ჰიბერნაცია,0,0,0,0,0,0,0,0,0,0
სლოკინი,0,0,0,0,0,0,0,0,0,0
დამალული,0,0,0,0,0,1,0,0,0,0
დამალვა,0,0,0,1,0,0,0,0,0,0
ამაზრზენი,0,0,1,1,0,1,0,1,0,0
იმალებოდა,0,0,0,1,0,0,0,0,0,0
იერარქიული,0,0,0,0,0,0,0,0,0,0
მაღალი,0,0,0,0,0,0,0,0,0,0
უფრო მაღალი,0,0,0,0,0,0,0,0,0,0
უმაღლესი,0,1,0,1,1,1,1,0,1,0
მაღალმთიანი,0,0,0,0,0,0,0,0,0,0
მაღალმთიანი,0,0,0,0,0,0,0,0,0,0
სიმაღლე,0,0,0,0,0,0,0,0,0,0
გზატკეცილი,0,0,0,0,0,0,0,0,0,0
ლაშქრობა,0,0,0,0,0,0,0,0,0,0
მხიარული,0,0,0,0,1,0,1,0,1,0
მხიარულება,0,0,0,0,1,0,1,0,0,0
გორაკი,0,0,0,0,0,0,0,0,0,0
მთიანი,0,0,0,0,0,0,0,0,0,0
ხელკეტი,0,0,0,0,0,0,0,0,0,0
უკანა,0,0,0,0,0,0,0,0,0,0
ხელს უშლის,0,0,0,0,0,1,0,1,0,0
დაბრკოლება,0,0,0,0,0,1,0,0,0,0
საკინძები,0,0,0,0,0,0,0,0,0,0
მინიშნება,0,0,0,0,0,0,0,0,0,0
შიდა მხარე,0,0,0,0,0,0,0,0,0,0
ბარძაყის,0,0,0,0,0,0,0,0,0,0
ჰიპი,0,0,0,0,0,1,0,0,0,0
დაქირავება,0,1,0,0,1,0,1,0,0,1
ჰირსუტი,0,0,0,0,0,0,0,0,0,0
ჩურჩული,1,0,0,1,0,1,0,0,0,0
ჩურჩული,0,0,0,0,0,1,0,0,0,0
ჰისტოლოგია,0,0,0,0,0,0,0,0,0,0
ისტორიკოსი,0,0,0,0,0,0,0,0,0,0
ისტორიული,0,0,0,0,0,0,0,0,0,0
ისტორიოგრაფია,0,0,0,0,0,0,0,0,0,0
ისტორია,0,0,0,0,0,0,0,0,0,0
მოხვდა,1,0,0,0,0,1,0,0,0,0
აქამდე,0,0,0,0,0,1,0,0,0,0
სკაია,0,0,0,0,0,1,0,0,0,0
განძი,0,0,0,0,0,0,0,0,0,0
ხმიანი,0,0,0,0,0,1,0,0,0,0
ხახიანი,0,0,0,0,0,1,0,1,0,0
ხუმრობა,1,0,1,0,0,1,0,1,1,0
კერძი,0,0,0,0,0,0,0,0,0,0
ჰობი,0,0,0,0,1,0,1,0,0,0
ჰობო,0,0,0,0,0,1,0,1,0,0
ჰოკეი,0,0,0,0,0,0,0,0,0,0
თოხი,0,0,0,0,0,0,0,0,0,0
ღორი,0,0,1,0,0,1,0,0,0,0
ამწე,0,0,0,0,0,0,0,0,0,0
გამართავს,0,0,0,0,0,0,0,0,0,0
მფლობელი,0,0,0,0,0,0,0,0,0,0
ჩატარების,0,0,0,0,0,0,0,0,0,0
ხვრელი,0,0,0,0,0,0,0,0,0,0
დღესასწაული,0,1,0,0,1,0,1,0,0,0
სიწმინდე,0,1,0,1,1,0,1,0,1,1
ღრუ,0,0,0,0,0,1,0,1,0,0
ჰოლოკოსტი,1,0,1,1,0,1,0,1,0,0
წმინდა,0,0,0,0,0,0,1,0,0,0
პატივისცემა,0,0,0,0,0,0,1,0,0,0
უსახლკარო,1,1,1,1,0,1,0,1,0,0
ჰომეოპათიური,0,0,0,0,0,0,0,0,0,0
ჰომეოპათია,0,0,0,0,0,0,0,0,0,0
მონატრებული,0,0,0,0,0,1,0,1,0,0
საკარმიდამო,0,0,0,0,0,0,0,0,0,0
საშინაო დავალება,0,0,0,1,0,0,0,0,0,0
მკვლელობის,1,0,0,1,0,1,0,0,0,0
მკვლელობა,1,0,1,1,0,1,0,1,0,0
ჰომილია,0,0,0,0,0,0,0,0,0,0
ერთგვაროვნება,0,0,0,0,0,0,0,0,0,0
ერთგვაროვანი,0,0,0,0,0,0,0,0,0,0
ჰომოლოგიური,0,0,0,0,0,0,0,0,0,0
ჰომოლოგი,0,0,0,0,0,0,0,0,0,0
ჰომოლოგია,0,0,0,0,0,0,1,0,0,0
აიფოტონ,0,0,0,0,0,0,0,0,0,0
პატიოსანი,1,0,1,1,1,0,1,1,0,1
პატიოსნება,0,0,0,0,0,0,1,0,0,1
თაფლი,0,0,0,0,0,0,1,0,0,0
თაფლი,0,0,0,0,0,0,0,0,0,0
თაფლობის თვე,0,1,0,0,1,0,1,0,1,1
ცხრატყავა,0,0,0,0,0,0,0,0,0,0
პატივი,0,0,0,0,0,0,1,0,0,1
საპატიო,0,0,0,0,0,0,1,0,0,1
ჰონორარი,0,0,0,0,0,0,0,0,0,0
კაპოტი,1,0,1,1,0,1,0,0,0,0
კაპიუშონიანი,0,0,0,1,0,0,0,0,0,0
ჩლიქი,0,0,0,0,0,0,0,0,0,0
კაკალი,0,0,0,0,0,0,0,0,0,0
ჩაეკიდა,0,0,0,0,0,1,0,0,0,0
ჰუკერი,0,0,0,0,0,0,0,0,0,0
ჰოოპ,0,0,0,0,0,0,0,0,0,0
ცახცახებს,1,0,1,0,0,1,0,0,0,0
ჰოპ,0,0,0,0,0,0,0,0,0,0
იმედი,0,1,0,0,1,0,1,0,1,1
იმედიანი,0,1,0,0,1,0,1,0,1,1
უიმედო,0,0,0,1,0,1,0,1,0,0
უიმედობა,1,0,1,1,0,1,0,1,0,0
იმედებს,0,0,0,0,0,0,0,0,0,0
იმედით,0,0,0,0,0,0,0,0,0,0
ბუნკერი,0,0,0,0,0,0,0,0,0,0
ურდო,0,0,0,0,0,1,0,0,1,0
ჰორიზონტი,0,1,0,0,0,0,1,0,0,0
ჰორიზონტალური,0,0,0,0,0,0,0,0,0,0
ჰორიზონტალურად,0,0,0,0,0,0,0,0,0,0
რქა,0,0,0,0,0,0,0,0,0,0
რქა,0,0,0,0,0,0,0,0,0,0
რქიანი,0,0,0,0,0,0,0,0,0,0
ჰოროსკოპი,0,1,0,0,0,0,0,0,0,0
საზარელი,1,0,1,1,0,1,0,0,0,0
საშინლად,0,0,0,0,0,1,0,0,0,0
საშინელი,1,0,1,1,0,1,0,1,0,0
შემზარავი,1,0,1,1,0,1,0,1,0,0
შეშინებული,0,0,0,1,0,1,0,0,0,0
შემზარავი,0,0,1,1,0,1,0,1,0,0
საშინელება,1,0,1,1,0,1,0,1,1,0
საშინელებები,0,0,0,1,0,1,0,1,0,0
ცხენი,0,0,0,0,0,0,0,0,0,1
მხედარი,0,0,0,0,0,0,0,0,0,0
ცხენოსანი,0,0,0,0,0,0,0,0,0,0
მებაღეობის,0,0,0,0,0,0,0,0,0,0
მებაღეობა,0,0,0,0,0,0,0,0,0,0
შლანგი,0,0,0,0,0,0,0,0,0,0
შპალერი,0,0,0,0,0,0,0,0,0,0
ჰოსპისი,0,0,0,0,0,0,0,1,0,0
საავადმყოფო,0,0,0,1,0,0,0,1,0,1
სტუმართმოყვარეობა,0,0,0,0,0,0,1,0,0,0
მძევალი,1,0,0,1,0,1,0,0,0,0
ჰოსტელი,0,0,0,0,0,0,0,0,0,0
მტრულად განწყობილი,1,0,1,1,0,1,0,0,0,0
საომარი მოქმედებები,1,0,0,1,0,1,0,0,0,0
მტრობა,1,0,1,0,0,1,0,0,0,0
ცხელი,1,0,0,0,0,0,0,0,0,0
ცხარე,0,0,0,0,0,0,0,0,0,0
სასტუმრო,0,0,0,0,0,0,0,0,0,0
საათი,0,0,0,0,0,0,0,0,0,0
ქვიშის საათი,0,0,0,0,0,0,0,0,0,0
საათობრივი,0,0,0,0,0,0,0,0,0,0
სახლი,0,0,0,0,0,0,0,0,0,0
საყოფაცხოვრებო,0,0,0,0,0,0,1,0,0,0
მეპატრონე,0,0,0,0,0,0,0,0,0,0
დიასახლისი,0,0,0,0,0,0,0,0,0,0
სახლის მოვლა,0,0,0,0,0,0,1,0,0,0
დიასახლისი,0,0,0,0,0,0,0,0,0,0
საცხოვრებელი,0,0,0,0,0,0,0,0,0,0
ჰოვერკრაფტი,0,0,0,0,0,0,0,0,0,0
ყმუილი,1,0,1,1,0,1,0,1,1,0
თუმცა,0,0,0,0,0,0,0,0,0,0
ჰოი,0,0,0,0,0,0,0,0,0,0
კერა,0,0,0,0,0,0,0,0,0,0
ჩახუტება,0,0,0,0,0,0,0,0,0,0
შეფერილობა,0,0,0,0,0,0,0,0,0,0
ხუფ,1,0,1,0,0,1,0,0,0,0
ჩახუტება,0,0,0,0,1,0,1,0,0,1
უზარმაზარი,0,0,0,0,0,0,0,0,0,0
ჰალკი,0,0,1,0,0,0,0,0,0,0
კორპუსი,0,0,0,0,0,0,0,0,0,0
გუგუნი,0,0,0,0,0,0,0,0,0,0
ადამიანის,0,0,0,0,0,0,0,0,0,0
ჰუმანური,0,0,0,0,0,0,1,0,0,0
ჰუმანიტარული,0,1,0,0,1,0,1,0,1,1
ჰუმანიტარული მეცნიერებები,0,0,0,0,0,0,0,0,0,0
კაცობრიობა,0,0,0,0,1,0,1,0,0,1
თავმდაბალი,0,0,1,0,0,1,1,1,0,0
დამდაბლებული,0,0,0,0,0,0,1,1,0,0
თავმდაბლად,0,0,0,0,0,0,1,0,0,0
თავმდაბალი,1,0,1,0,0,1,0,1,0,0
ტენიანი,0,0,0,0,0,0,0,0,0,0
ტენიანობა,0,0,0,0,0,0,0,0,0,0
დამცირება,1,0,0,0,0,1,0,1,0,0
დამამცირებელი,0,0,1,0,0,1,0,0,0,0
დამცირება,0,0,1,0,0,1,0,1,0,0
თავმდაბლობა,0,0,0,0,0,0,1,0,0,1
ჰამერი,0,0,0,0,0,0,0,0,0,0
კოლიბრი,0,0,0,0,0,0,0,0,0,0
ჰუმანური,0,0,0,0,0,0,0,0,0,0
იუმორისტი,0,0,0,0,0,0,1,0,0,0
იუმორისტული,0,0,0,0,1,0,1,0,0,0
კეხი,0,0,0,0,0,0,0,0,0,0
ხუჭუჭა,0,0,0,0,0,1,0,0,0,0
ასი,0,0,0,0,0,0,0,0,0,0
მეასედი,0,0,0,0,0,0,0,0,0,0
შიმშილი,0,0,0,0,0,0,0,0,0,0
მშიერი,0,1,0,0,0,1,0,0,0,0
ნაგლეჯი,0,0,0,0,0,0,0,0,0,0
ნანგრევები,0,0,0,0,0,0,0,0,0,0
ნადირობის,0,0,0,0,0,0,0,0,0,0
მონადირე,0,1,0,1,0,1,0,1,0,0
ნადირობა,1,1,0,1,0,1,0,0,0,0
სროლა,0,0,0,0,0,0,0,0,0,0
ჩქარა,0,0,0,0,1,0,1,0,0,0
ქარიშხალი,0,0,0,1,0,1,0,0,0,0
აჩქარდა,0,1,0,0,0,1,0,0,0,0
იჩქარეთ,0,1,0,0,0,0,0,0,0,0
დააზარალებს,1,0,0,1,0,1,0,1,0,0
მტკივნეული,1,0,1,1,0,1,0,1,0,0
მტკივა,1,0,0,1,0,1,0,1,0,0
მეცხოველეობა,0,0,0,0,0,0,1,0,0,1
გაჩუმდი,0,0,0,0,0,0,1,0,0,0
გაჩუმდა,0,0,0,0,0,0,0,0,0,0
ქერქი,0,0,0,0,0,0,0,0,0,0
ჰასკი,0,0,0,0,0,0,0,0,0,0
აურზაური,0,0,0,0,0,0,0,0,0,0
ჰასტლერი,0,0,0,0,0,1,0,0,0,0
ქოხი,0,0,0,0,0,0,1,1,0,0
ქოხი,0,0,0,0,0,0,0,0,0,0
ჰიაცინტი,0,0,0,0,0,0,0,0,0,0
ჰიბრიდული,0,0,0,0,0,0,0,0,0,0
ჰიდრა,0,0,0,1,0,1,0,0,0,0
ჰიდრავლიკა,0,0,0,0,0,0,0,0,0,0
ჰიდროცეფალია,0,0,1,1,0,1,0,1,0,0
ჰიდროდინამიკა,0,0,0,0,0,0,0,0,0,0
წყალბადის,0,0,0,0,0,0,0,0,0,0
ჰიდროგრაფიული,0,0,0,0,0,0,0,0,0,0
ჰიდროლოგია,0,0,0,0,0,0,0,0,0,0
ჰიგიენა,0,0,0,0,0,0,0,0,0,0
ჰიგიენური,0,0,0,0,0,0,1,0,0,0
ჰიმნი,0,1,0,0,1,0,1,1,0,1
აჟიოტაჟი,0,1,0,0,0,1,0,0,0,0
ჰიპერბოლა,0,0,0,0,0,1,0,0,0,0
ჰიპერტროფია,0,0,1,1,0,0,0,0,1,0
დეფისი,0,0,0,0,0,0,0,0,0,0
ჰიპნოტიკური,0,0,0,0,0,0,0,0,0,0
ჰიპნოზირებული,0,0,0,0,0,0,0,0,0,0
თვალთმაქცობა,0,0,0,0,0,1,0,0,0,0
თვალთმაქცო,0,0,1,0,0,1,0,0,0,0
თვალთმაქცური,0,0,1,0,0,1,0,0,0,0
ჰიპოთეზა,0,1,0,0,0,0,0,0,1,0
ჰიპოთეტური,0,0,0,0,0,0,0,0,0,0
ისტერია,0,0,0,1,0,1,0,0,0,0
ისტერიული,1,0,0,1,0,1,0,0,0,0
ყინული,0,0,0,0,0,0,0,0,0,0
აისბერგი,0,0,0,0,0,0,0,0,0,0
ხატი,0,0,0,0,0,0,0,0,0,0
ხატოვანი,0,0,0,0,0,0,0,0,0,0
იკონოგრაფია,0,0,0,0,0,0,0,0,0,0
ყინულოვანი,0,0,0,0,0,0,0,0,0,0
იდეა,0,0,0,0,0,0,0,0,0,0
იდეალიზმი,0,0,0,0,0,0,1,0,0,0
იდეალისტი,0,0,0,0,0,0,0,0,0,0
იდენტური,0,0,0,0,0,0,0,0,0,0
იდენტურად,0,0,0,0,0,0,0,0,0,0
იდენტიფიკაცია,0,0,0,0,0,0,0,0,0,0
იდენტიფიცირება,0,0,0,0,0,0,0,0,0,0
ვინაობა,0,0,0,0,0,0,0,0,0,0
იდეოლოგია,0,0,0,0,0,0,0,0,0,0
იდიოტიზმი,1,0,1,0,0,1,0,1,0,0
იდიომა,0,0,0,0,0,0,0,0,0,0
იდიომატური,0,0,0,0,0,0,0,0,0,0
იდიოტი,0,0,1,0,0,1,0,0,0,0
იდიოტი,1,0,1,0,0,1,0,0,0,0
უსაქმური,0,0,0,0,0,0,0,0,0,0
უსაქმურობა,0,0,0,0,0,0,0,0,0,0
უსაქმური,0,0,0,0,0,1,0,0,0,0
კერპი,0,0,0,0,0,0,1,0,0,0
კერპთაყვანისმცემლობა,0,0,1,1,0,1,0,0,0,0
იგლუ,0,0,0,0,0,0,0,0,0,0
ცეცხლოვანი,0,0,0,0,0,0,0,0,0,0
ანთება,0,0,0,0,0,0,0,0,0,0
ანთება,0,0,0,0,0,0,0,0,0,0
იგნორირება,0,0,0,0,0,1,0,0,0,0
უცოდინარი,0,0,1,0,0,1,0,0,0,0
იგნორირება,0,0,0,0,0,1,0,0,0,0
მსგავსი,0,0,0,0,0,0,0,0,0,0
ავადმყოფი,1,0,1,1,0,1,0,1,0,0
უკანონო,1,0,1,1,0,1,0,1,0,0
უკანონობა,1,0,1,1,0,1,0,0,0,0
უკანონოდ,0,0,0,0,0,0,0,0,0,0
გაუგებარი,0,0,0,0,0,1,0,0,0,0
არალეგიტიმური,1,0,1,1,0,1,0,1,1,0
უკანონო,1,0,1,1,0,1,0,0,0,0
გაუნათლებელი,0,0,1,0,0,1,0,0,0,0
დაავადება,0,0,0,1,0,1,0,1,0,0
ალოგიკური,0,0,0,0,0,1,0,0,0,0
ანათებს,0,1,0,0,1,0,1,0,1,0
განათება,0,0,0,0,1,0,1,0,1,1
გამნათებელი,0,0,0,0,0,0,0,0,0,0
ილუზია,0,0,0,0,0,1,0,0,1,0
ილუსტრირება,0,0,0,0,0,0,1,0,0,0
ილუსტრაცია,0,0,0,0,0,0,0,0,0,0
საილუსტრაციო,0,0,0,0,0,0,0,0,0,0
სახელოვანი,0,0,0,0,0,0,1,0,0,0
გამოსახულება,0,0,0,0,0,0,0,0,0,0
გამოსახულება,0,0,0,0,0,0,0,0,0,0
წარმოსახვითი,0,0,0,0,0,0,0,0,0,0
ფანტაზია,0,0,0,0,0,0,0,0,0,0
წარმოსახვითი,0,0,0,0,0,0,1,0,0,0
წარმოიდგინე,0,0,0,0,0,0,0,0,0,0
წარმოიდგინა,0,0,0,0,0,0,0,0,0,0
წარმოიდგენს,0,0,0,0,0,0,0,0,0,0
იმამი,0,0,0,0,0,0,0,0,0,0
ჩანერგილი,0,0,0,0,0,0,0,0,0,0
მიბაძავს,0,0,0,0,0,0,0,0,0,0
მიბაძავს,0,0,0,0,0,1,0,0,0,0
იმიტაცია,0,0,0,0,0,1,0,0,0,0
უმანკო,0,0,0,0,1,0,1,0,0,1
არამატერიალური,0,0,0,0,0,0,0,0,0,0
გაუაზრებელი,0,1,0,0,0,1,0,0,0,0
მოუმწიფებლობა,1,1,0,0,0,1,0,0,0,0
განუზომელი,0,0,0,0,0,0,0,0,0,0
განუზომლად,0,0,0,0,0,0,0,0,0,0
უშუალობა,0,0,0,0,0,0,0,0,1,0
მაშინვე,0,1,0,0,0,1,1,0,0,0
უხსოვარი,0,0,0,0,0,0,0,0,0,0
უზარმაზარი,0,0,0,0,0,0,1,0,0,0
ჩაეფლო,0,1,0,1,1,0,1,0,1,1
ჩაძირვა,0,0,0,0,0,0,0,0,0,0
იმიგრანტი,0,0,0,1,0,0,0,0,0,0
საიმიგრაციო,0,0,0,0,0,0,0,0,0,0
გარდაუვალი,0,1,0,1,0,0,0,0,0,0
ამორალური,1,0,1,1,0,1,0,1,0,0
უზნეობა,1,0,1,0,0,1,0,0,0,0
უკვდავი,0,0,0,0,0,0,1,0,0,0
უკვდავება,0,1,0,0,0,0,0,0,0,0
უძრავი,0,0,0,0,0,1,1,0,0,1
იმუნური,0,0,0,0,0,0,0,0,0,0
იმუნიტეტი,0,0,0,0,0,0,0,0,0,0
იმუნიზაცია,0,0,0,0,0,0,0,0,0,1
შეუცვლელი,0,0,0,0,0,0,0,0,0,0
imp,0,0,0,0,0,0,0,0,0,0
გავლენა,0,0,0,0,0,0,0,0,0,0
აზიანებს,0,0,0,0,0,1,0,0,0,0
გაუფასურება,0,0,0,0,0,1,0,0,0,0
გასცეს,0,0,0,0,0,0,1,0,0,1
მიუკერძოებელი,0,0,0,0,0,0,1,0,0,1
მიუკერძოებლობა,0,0,0,0,0,0,1,0,0,1
გაუვალი,0,0,0,0,0,1,0,0,0,0
ვნებიანი,0,0,0,0,0,0,0,0,0,0
მოუთმენლობა,0,0,0,0,0,1,0,0,0,0
მოუთმენელი,0,1,0,0,0,1,0,0,0,0
იმპიჩმენტი,0,0,1,1,0,1,0,0,0,0
იმპიჩმენტი,0,0,0,0,0,1,0,0,0,0
უზადო,0,0,0,0,0,0,1,0,0,1
ხელს უშლის,0,0,0,0,0,1,0,0,0,0
დაბრკოლება,0,0,0,0,0,0,0,0,0,0
იმპულსი,0,0,0,0,0,0,0,0,0,0
მოსალოდნელია,0,1,0,1,0,0,0,0,0,0
შეუღწევადი,0,0,0,0,0,0,0,0,0,1
იმპერატივი,0,0,0,0,0,0,0,0,0,0
შეუმჩნეველია,0,0,0,0,0,0,0,0,0,0
არასრულყოფილება,0,0,0,0,0,1,0,0,0,0
არასრულყოფილად,0,0,0,0,0,1,0,0,0,0
იმპერიული,0,0,0,0,0,0,0,0,0,0
წყალგაუმტარი,1,0,0,1,0,0,0,0,0,0
დაუშვებელია,0,0,0,0,0,0,0,0,0,0
უპიროვნო,0,0,0,0,0,0,0,0,0,0
განსახიერება,0,0,0,0,0,1,0,0,0,0
იმიტაცია,0,0,0,0,0,1,0,0,0,0
შეუღწევადი,0,0,0,0,0,0,1,0,0,0
იმპულსი,0,0,0,0,0,0,0,0,0,0
შეურიგებელი,0,0,0,0,0,1,0,0,0,0
იმპლანტი,0,0,0,0,0,0,0,0,0,0
იმპლანტაცია,0,0,0,0,0,0,0,0,0,0
იმპლანტირებული,0,0,0,0,0,0,0,0,0,0
განახორციელოს,0,0,0,0,0,0,0,0,0,0
გულისხმობს,1,0,0,0,0,1,0,0,0,0
ჩართული,0,0,0,0,0,0,0,0,0,0
იმპლიკამენტი,0,0,0,0,0,0,0,0,0,0
ნაგულისხმევი,0,0,0,0,0,0,0,0,0,0
ითხოვენ,0,0,0,0,0,0,0,0,0,0
აფეთქება,0,0,0,0,0,0,0,0,0,0
გულისხმობს,0,0,0,0,0,0,0,0,0,0
უზნეო,0,0,1,0,0,1,0,0,0,0
იმპორტი,0,0,0,0,0,0,0,0,0,0
მნიშვნელობა,0,1,0,0,0,0,1,0,0,0
მნიშვნელოვანი,0,0,0,0,0,0,1,0,0,1
იმპორტი,0,0,0,0,0,0,0,0,0,0
დააწესოს,0,0,0,0,0,0,0,0,0,0
დაკისრების,0,0,0,0,0,0,0,0,0,0
დაკისრება,0,0,0,0,0,1,0,0,0,0
შეუძლებლობა,0,0,0,0,0,0,0,0,0,0
შეუძლებელია,0,0,0,0,0,1,0,1,0,0
იმპოტენცია,1,0,0,1,0,1,0,1,0,0
იმპოტენტური,0,0,0,0,0,1,0,0,0,0
დაჭერა,0,0,0,0,0,1,0,0,0,0
განუხორციელებელია,0,0,0,0,0,1,0,0,0,0
შთაბეჭდილება მოახდინა,0,0,0,0,0,0,1,0,0,0
შთაბეჭდილება,0,0,0,0,0,0,1,0,0,0
შთამბეჭდავი,0,0,0,0,0,0,0,0,0,1
ანაბეჭდი,0,0,0,0,0,0,0,0,0,0
ციხეში,0,0,0,0,0,1,0,0,0,0
დააპატიმრეს,1,0,1,1,0,1,0,1,0,0
პატიმრობა,1,0,1,1,0,1,0,1,0,0
წარმოუდგენელი,0,0,0,0,0,0,0,0,0,0
ექსპრომტი,0,0,0,0,0,0,0,0,0,0
შეუსაბამობა,0,0,0,0,0,1,0,0,0,0
გაუმჯობესება,0,1,0,0,1,0,1,0,0,1
გაუმჯობესდა,0,0,0,0,0,0,1,0,0,0
გაუმჯობესება,0,0,0,0,1,0,1,0,0,1
გაუმჯობესება,0,0,0,0,0,0,1,0,0,0
იმპროვიზაცია,0,0,0,0,0,0,0,0,1,0
იმპროვიზაცია,0,1,0,0,0,0,1,0,1,0
იმპროვიზირებული,0,0,0,0,0,0,0,0,0,0
გაუფრთხილებელი,0,0,0,0,0,1,0,1,0,0
იმპულსი,0,0,0,0,0,0,0,0,0,0
დაუსჯელობა,0,0,0,0,0,0,0,0,0,0
უწმინდური,0,0,1,0,0,1,0,0,0,0
უწმინდურება,0,0,1,0,0,1,0,0,0,0
იმპუტაცია,0,0,0,0,0,1,0,0,0,0
უუნარობა,0,0,0,0,0,1,0,1,0,0
მიუწვდომელი,0,0,0,0,0,1,0,0,0,0
არაზუსტი,0,0,0,0,0,1,0,0,0,0
უმოქმედობა,0,0,0,0,0,1,0,0,0,0
ინაქტივირება,0,0,0,0,0,0,0,0,0,0
ინაქტივაცია,0,0,0,0,0,0,0,0,0,0
უმოქმედო,0,0,0,0,0,0,0,0,0,0
უმოქმედობა,0,0,0,0,0,1,0,0,0,0
არაადეკვატურობა,0,0,0,0,0,1,0,0,0,0
არაადეკვატური,0,0,0,0,0,1,0,1,0,0
დაუშვებელია,1,0,1,0,0,1,0,0,0,0
უნებლიე,0,0,0,0,0,0,0,0,0,0
უნებურად,0,0,0,0,0,0,0,0,0,0
განუყოფელი,0,0,0,0,0,0,1,0,0,0
უაზრო,0,0,0,0,0,1,0,0,0,0
უსულო,0,0,0,0,0,0,0,0,0,0
შეუსაბამო,0,0,0,0,0,1,0,0,0,0
შეუსაბამო,1,0,1,0,0,1,0,1,0,0
უყურადღებობა,1,0,0,0,0,1,0,0,0,0
გაუგონარი,0,0,0,0,0,1,0,0,0,0
საინაუგურაციო,0,1,0,0,0,0,0,0,0,0
ინაუგურაცია,0,0,0,0,0,0,0,0,0,0
ინაუგურაცია,0,1,0,0,1,0,1,0,0,1
თანდაყოლილი,0,0,0,0,0,0,0,0,0,0
შეჯვარებული,0,0,0,0,0,0,0,0,0,0
გაუთვლელი,0,0,0,0,0,1,0,0,0,0
ინკანდესენტური,0,0,0,0,0,0,0,0,0,0
ქმედუუნარო,0,0,0,0,0,0,0,0,0,0
ქმედუუნარობა,0,0,0,0,0,1,0,0,0,0
პატიმრობა,1,0,1,1,0,1,0,1,0,0
შემთხვევაში,1,0,1,1,0,1,0,1,0,0
ცეცხლგამჩენი,1,0,0,1,0,1,0,0,1,0
საკმეველი,1,0,0,0,0,1,0,0,0,0
სტიმული,0,0,0,0,0,0,0,0,0,0
დაწყების,0,0,0,0,0,0,0,0,0,0
განუწყვეტელი,0,0,0,0,0,1,0,0,0,0
განუწყვეტლივ,0,0,0,0,0,0,0,0,0,0
ინცესტი,1,0,1,1,0,1,0,1,0,0
ინცესტური,0,0,1,0,0,1,0,0,0,0
ინჩი,0,0,0,0,0,0,0,0,0,0
სიხშირე,0,0,0,0,0,0,0,0,0,0
ინციდენტი,0,0,0,0,0,0,0,0,1,0
შემთხვევით,0,0,0,0,0,0,0,0,0,0
დაწვა,0,0,0,0,0,1,0,0,0,0
დამწყები,0,0,0,0,0,0,0,0,0,0
ჭრილობა,0,0,0,0,0,0,0,0,0,0
ჩამჭრელი,0,0,0,0,0,0,1,0,0,0
წაქეზება,1,1,0,1,0,1,0,0,0,0
წაქეზება,0,0,0,0,0,0,0,0,0,0
უხერხულობა,0,0,0,0,0,1,0,0,0,0
მიდრეკილება,0,0,0,0,0,0,0,0,0,0
დახრილობა,0,0,0,0,0,0,0,0,0,1
მიდრეკილი,0,0,0,0,0,0,0,0,0,0
მოიცავს,0,0,0,0,0,0,1,0,0,0
შედის,0,0,0,0,0,0,1,0,0,0
მათ შორის,0,0,0,0,0,0,1,0,0,0
ჩართვა,0,0,0,0,0,0,0,0,0,1
ინკლუზიური,0,0,0,0,0,0,1,0,0,0
ინკოგნიტო,0,0,0,0,0,0,0,0,0,0
არათანმიმდევრული,0,0,0,0,0,1,0,0,0,0
შემოსავალი,0,1,0,0,1,1,1,1,0,1
შემომავალი,0,0,0,0,0,0,0,0,0,0
შეუთავსებელი,1,0,1,0,0,1,0,1,0,0
არაკომპეტენტურობა,0,0,0,0,0,1,0,0,0,0
არაკომპეტენტური,1,0,0,0,0,1,0,1,0,0
არასრულად,0,0,0,0,0,0,0,0,0,0
არასრულყოფილება,0,0,0,0,0,1,0,0,0,0
გაუგებარი,0,0,0,0,0,1,0,0,0,0
დაუზუსტებელი,0,0,0,0,0,0,0,0,0,0
შეუსაბამო,1,0,0,0,0,1,0,0,0,0
უაზრო,0,0,0,0,0,1,0,1,0,0
დაუფიქრებელი,1,0,1,0,0,1,0,1,0,0
შეუსაბამობა,0,0,0,0,0,1,0,0,0,0
შეუმჩნეველი,0,0,0,0,0,0,0,0,0,0
შეუკავებლობა,0,0,0,0,0,0,0,0,1,0
მოუხერხებელი,1,0,1,0,0,1,0,1,0,0
ჩართვა,0,0,0,0,0,0,0,0,0,0
ინკორპორაცია,0,0,0,0,0,0,0,0,0,0
არასწორი,0,0,0,0,0,1,0,0,0,0
მომატება,0,0,0,0,0,0,1,0,0,0
გაიზარდა,0,0,0,0,0,0,0,0,0,0
დაუჯერებელი,1,0,1,0,0,1,0,0,0,0
ნამატი,0,0,0,0,0,0,0,0,0,0
ინკრიმინაცია,0,0,0,1,0,1,0,1,0,0
ინკუბაცია,0,0,0,0,0,0,0,0,0,0
ინკუბუსი,0,0,1,1,0,1,0,0,0,0
წარმოეშვას,0,0,0,0,0,1,0,0,0,0
განუკურნებელი,1,0,1,1,0,1,0,1,0,0
შეჭრა,0,0,0,1,0,1,0,0,0,0
დავალიანება,0,0,0,0,0,0,0,0,0,0
უხამსობა,1,0,1,0,0,0,0,0,0,0
უხამსი,0,0,1,0,0,1,0,0,0,0
გაურკვევლობა,0,0,0,0,0,1,0,0,0,0
გადამწყვეტი,0,0,0,0,0,1,0,0,0,0
დაუცველი,0,0,0,1,0,1,0,0,0,0
წარუშლელი,0,0,0,0,0,0,1,0,0,1
ანაზღაურება,0,0,0,0,0,0,0,0,0,0
აანაზღაუროს,0,0,0,0,0,1,0,0,0,0
ანაზღაურება,0,0,0,0,0,0,1,0,0,1
შეწევა,0,0,0,0,0,0,0,0,0,1
ჩაღრმავება,0,0,0,0,0,0,0,0,0,0
კონტრაქტი,1,0,0,0,0,1,0,0,0,0
დამოუკიდებლობა,0,1,0,0,1,0,1,0,1,1
დამოუკიდებელი,0,0,0,0,0,0,0,0,0,0
აღუწერელი,0,0,0,0,0,0,0,0,0,0
ურღვევი,0,0,0,0,0,0,1,0,0,1
განუსაზღვრელი,0,0,0,0,0,1,0,0,0,0
ინდექსი,0,0,0,0,0,0,0,0,0,0
მიუთითებს,0,0,0,0,0,0,0,0,0,0
მითითება,0,0,0,0,0,0,0,0,0,0
საჩვენებელი,0,0,0,0,0,0,0,0,0,0
მაჩვენებელი,0,0,0,0,0,0,0,0,0,0
ინდექსი,0,0,0,0,0,0,0,0,0,0
საბრალდებო დასკვნა,1,0,0,1,0,1,0,0,0,0
საბრალდებო დასკვნა,0,0,0,1,0,1,0,0,0,0
გულგრილობა,1,0,1,1,0,1,0,1,0,0
ძირძველი,0,0,0,0,0,0,0,0,0,0
გაჭირვებული,0,0,0,0,0,1,0,1,0,0
საჭმლის მონელების დარღვევა,0,0,0,0,0,0,0,0,0,0
აღშფოთებული,1,0,0,0,0,1,0,0,0,0
აღშფოთება,1,0,1,0,0,1,0,0,0,0
ინდიგო,0,0,0,0,0,0,0,0,0,0
არაპირდაპირი,0,0,0,0,0,0,0,0,0,0
შეუცვლელი,0,0,0,0,0,0,0,0,0,0
გაურკვეველი,0,0,0,0,0,1,0,0,0,0
განურჩეველი,0,0,0,0,0,0,0,0,0,0
ინდივიდუალობა,0,0,0,0,0,0,1,0,0,0
განუყოფელი,0,0,0,0,0,0,0,0,0,1
ინდოქტრინაცია,1,0,0,1,0,1,0,0,0,0
უსაქმური,0,0,0,0,0,1,0,0,0,0
შეუპოვარი,0,0,0,1,0,0,1,0,0,0
შიდა,0,0,0,0,0,0,0,0,0,0
გამოიწვიოს,0,0,0,0,0,0,0,0,0,0
გამოწვეული,0,0,0,0,0,0,0,0,0,0
სტიმულირება,0,0,0,0,0,0,0,0,0,0
ინდუქცია,0,0,0,0,0,0,0,0,0,0
დანებება,0,0,0,0,0,0,0,0,0,0
ინდულგენცია,0,0,0,0,0,0,0,0,0,0
შემწყნარებელი,0,0,0,0,0,0,0,0,0,0
შრომისმოყვარე,0,0,0,0,0,0,0,0,0,0
ინდუსტრია,0,0,0,0,0,0,0,0,0,0
უთქმელი,0,0,0,0,0,0,1,0,0,0
არაეფექტური,0,0,0,0,0,1,0,0,0,0
არაეფექტური,0,0,1,0,0,1,0,0,0,0
არაეფექტურობა,0,0,1,0,0,1,0,1,0,0
არაეფექტური,0,0,0,0,0,1,0,1,0,0
არაელასტიური,0,0,0,0,0,0,0,0,0,0
შეუსაბამო,0,0,0,0,0,0,0,0,0,0
უვარგისი,1,0,1,0,0,1,0,0,0,0
უუნარობა,0,0,1,1,0,1,0,1,0,0
უთანასწორობა,1,0,0,1,0,1,0,1,0,0
უთანასწორო,0,0,0,0,0,1,0,0,0,0
ინერტული,0,0,0,0,0,1,0,0,0,0
ინერცია,0,0,0,0,0,0,0,0,0,0
გარდაუვალი,0,0,0,0,0,0,0,0,0,0
არაზუსტი,0,0,0,0,0,0,0,0,0,0
უპატიებელი,1,0,1,0,0,1,0,1,0,0
ამოუწურავი,0,0,0,0,0,0,0,0,0,0
იაფი,0,0,0,0,0,0,1,0,0,0
გამოუცდელობა,0,0,0,0,0,1,0,0,0,0
გამოუცდელი,0,0,0,0,0,1,0,0,0,0
აუხსნელი,0,0,0,0,0,1,0,0,1,0
უცდომელობას,0,0,0,0,0,0,0,0,0,1
უტყუარი,0,0,0,0,0,0,1,0,0,0
სამარცხვინო,1,0,1,1,0,1,0,0,0,0
სირცხვილი,0,0,0,0,0,1,0,1,0,0
ჩვილობის,0,0,0,0,0,0,0,0,0,0
ჩვილი,0,1,0,1,1,0,1,0,1,0
ჩვილების მოკვლა,1,1,1,1,0,1,0,1,0,0
ინფანტილური,1,0,1,0,0,1,0,0,0,0
ქვეითი,0,0,0,0,0,0,0,0,0,0
ინფარქტი,0,0,0,1,0,1,0,0,1,0
გატაცება,0,0,0,0,0,0,0,0,0,0
განუხორციელებელი,0,0,0,0,0,0,0,0,0,0
აინფიცირებს,0,0,1,0,0,1,0,0,0,0
ინფექცია,0,0,0,1,0,1,0,0,0,0
ინფექციური,0,0,1,1,0,1,0,1,0,0
დასკვნა,0,0,0,0,0,0,0,0,0,0
დასკვნა,0,0,0,0,0,0,0,0,0,0
დასკვნითი,0,0,0,0,0,0,0,0,0,0
დაქვეითებული,0,0,0,0,0,1,0,1,0,0
არასრულფასოვნებას,0,0,0,0,0,1,0,0,0,0
ჯოჯოხეთი,1,0,0,1,0,1,0,0,0,0
უნაყოფო,0,0,0,0,0,0,0,0,0,0
უშვილობა,0,0,0,0,0,1,0,1,0,0
ინვაზია,0,0,1,1,0,1,0,0,0,0
ურწმუნო,1,0,1,1,0,1,0,0,0,0
ღალატი,1,0,1,1,0,1,0,1,0,0
ინფილტრაცია,0,0,0,0,0,1,1,0,0,0
უსასრულო,0,0,0,0,0,0,1,0,0,0
უსასრულოდ,0,0,0,0,0,0,0,0,0,0
უსასრულოდ მცირე,0,0,0,0,0,0,0,0,0,0
უსასრულობა,0,1,0,0,1,0,1,0,0,1
უძლური,0,0,0,0,0,1,0,0,0,0
ლაზარეთი,0,0,0,0,0,0,0,0,0,0
უძლურება,0,0,0,1,0,1,0,0,0,0
ანთება,0,0,0,0,0,1,0,0,0,0
გაბერილი,0,0,0,0,0,1,0,0,0,0
ინფლაცია,0,0,0,1,0,1,0,0,0,0
მოღუნვა,0,0,0,0,0,0,0,0,0,0
მიაყენოს,1,0,0,1,0,1,0,1,0,0
მიყენება,0,0,0,1,0,1,0,1,0,0
inflorescence,0,0,0,0,0,0,0,0,0,0
გავლენა,0,0,0,0,0,1,1,0,0,0
გავლენიანი,0,0,0,0,0,0,1,0,0,1
გრიპი,0,0,0,0,0,1,0,0,0,0
შემოდინება,0,0,0,0,0,0,0,0,0,0
ინფორმირება,0,0,0,0,0,0,0,0,0,1
არაფორმალური,0,0,0,0,0,0,0,0,0,0
ინფორმატორი,0,0,0,0,0,0,0,0,0,0
ინფორმაცია,0,0,0,0,0,0,1,0,0,0
აცნობეს,0,0,0,0,0,0,0,0,0,0
ინფორმატორი,0,0,0,0,0,1,0,0,0,0
დარღვევა,1,0,0,0,0,1,0,0,0,0
იშვიათი,0,0,0,0,0,0,0,0,1,0
იშვიათად,0,0,0,0,0,1,0,0,0,0
დარღვევა,0,0,0,0,0,1,0,0,0,0
ჩაასხით,0,0,0,0,0,0,0,0,0,0
გაჟღენთილი,0,0,0,0,0,0,0,0,0,0
ინფუზია,0,0,0,0,0,0,0,0,0,0
გენიალური,0,0,0,0,0,0,1,0,0,0
გამომგონებლობა,0,0,0,0,0,0,0,0,0,0
ჩაყლაპავს,0,0,0,0,0,0,0,0,0,0
გადაყლაპვა,0,0,0,0,0,0,0,0,0,0
ინგოტი,0,0,0,0,0,0,0,0,0,0
ფესვგადგმული,0,0,0,0,0,0,0,0,0,0
ინგრედიენტი,0,0,0,0,0,0,0,0,0,0
შეღწევა,0,0,0,0,0,0,0,0,0,0
ბინადრობს,0,0,0,0,0,0,0,0,0,0
მობინადრე,0,0,0,0,0,0,0,0,0,0
დასახლებული,0,0,0,0,0,0,0,0,0,0
ბინადრობს,0,0,0,0,0,0,0,0,0,0
ინჰალაცია,0,0,0,0,0,0,0,0,0,0
ჩასუნთქვა,0,0,0,0,0,0,0,0,0,0
თანდაყოლილი,0,0,0,0,0,0,0,0,0,0
მემკვიდრეობით,0,0,0,0,0,0,0,0,0,0
მემკვიდრეობა,0,1,0,0,1,0,1,0,1,1
დათრგუნავს,1,0,1,0,0,1,0,1,0,0
დათრგუნვა,0,0,0,0,0,0,0,0,0,0
არასტუმართმოყვარე,0,0,0,0,0,1,0,1,0,0
არაადამიანური,1,0,1,1,0,1,0,1,0,0
არაადამიანურობა,0,0,0,0,0,1,0,1,0,0
მტრული,1,0,0,0,0,1,0,1,0,0
განუმეორებელი,0,0,0,0,0,0,1,0,0,1
ურჯულოება,0,0,1,0,0,1,0,0,0,0
საწყისი,0,0,0,0,0,0,0,0,0,0
წამოიწყოს,0,0,0,0,0,0,0,0,0,0
წამოიწყო,0,0,0,0,0,0,0,0,0,0
ინიციატივა,0,0,0,0,0,0,0,0,0,0
ინექცია,0,0,0,0,0,0,0,0,0,0
ინექცია,0,0,0,1,0,0,0,0,0,0
განკარგულება,0,0,0,0,0,1,0,0,0,0
დაშავება,1,0,0,1,0,1,0,1,0,0
დაშავებული,0,0,0,1,0,1,0,1,0,0
მავნე,1,0,0,1,0,1,0,1,0,0
ტრავმა,1,0,0,1,0,1,0,1,0,0
უსამართლობას,1,0,0,0,0,1,0,0,0,0
მელანი,0,0,0,0,0,0,0,0,0,0
მხედველობა,0,0,0,0,0,0,0,0,0,0
შიდა,0,0,0,0,0,0,0,0,0,0
ჩასმა,0,0,0,0,0,0,0,0,0,0
შესასვლელი,0,0,0,0,0,0,0,0,0,0
პატიმარი,0,0,1,1,0,1,0,0,0,0
სასტუმრო,0,0,0,0,0,0,0,0,0,0
თანდაყოლილი,0,0,0,0,0,0,0,0,0,0
შინაგანი,0,0,0,0,0,0,0,0,0,0
ინინგი,0,0,0,0,0,0,0,0,0,0
სასტუმროს მეპატრონე,0,0,0,0,0,0,0,0,0,0
უდანაშაულობა,0,0,0,0,0,0,1,0,0,0
უდანაშაულო,0,0,0,0,0,0,1,0,0,1
უდანაშაულოდ,0,0,0,0,0,0,1,0,0,0
უწყინარი,0,0,0,0,0,0,1,0,0,0
ინოვაცია,0,0,0,0,0,0,1,0,0,0
ინოვაცია,0,0,0,0,0,0,1,0,0,0
მინიშნება,0,0,0,0,0,0,0,0,0,0
ურიცხვი,0,0,0,0,0,0,0,0,0,0
ინოკულაცია,0,1,0,0,0,0,0,0,0,1
არაოპერაციული,1,0,0,0,0,1,0,0,0,0
უზომო,0,0,0,0,0,0,0,0,0,0
არაორგანული,0,0,0,0,0,0,0,0,0,0
გამოძიება,0,0,0,0,0,0,0,0,0,0
გამოკითხვა,0,0,0,0,0,0,0,0,0,0
გამომძიებელი,0,0,0,0,0,0,1,0,0,0
იკითხავს,0,0,0,0,0,0,0,0,0,0
გამოკითხვა,0,1,0,0,0,0,1,0,0,0
ცნობისმოყვარე,0,0,0,0,0,0,1,0,0,0
გიჟური,1,0,0,1,0,1,0,0,0,0
სიგიჟე,1,0,1,1,0,1,0,1,0,0
წარწერა,0,0,0,0,0,0,0,0,0,0
შეუცნობელი,0,0,0,0,0,0,0,0,0,0
მწერის,0,0,0,0,0,0,0,0,0,0
არასაიმედო,1,0,0,1,0,1,0,1,0,0
დაუცველობა,0,0,0,1,0,1,0,0,0,0
განუყოფელი,0,0,0,0,1,0,1,0,0,1
ჩასმა,0,0,0,0,0,0,0,0,0,0
ჩასმული,0,0,0,0,0,0,0,0,0,0
ჩასმა,0,0,0,0,0,0,0,0,0,0
შიგნით,0,0,0,0,0,0,0,0,0,0
მზაკვრული,1,0,1,1,0,1,0,0,0,0
გამჭრიახობა,0,0,0,0,0,0,0,0,0,0
ნიშნები,0,0,0,0,0,0,1,0,0,0
უმნიშვნელოობა,0,0,0,0,0,1,0,0,0,0
უმნიშვნელო,1,0,0,0,0,1,0,1,0,0
უსუსური,0,0,0,0,0,1,0,0,0,0
დაჟინებით,0,0,0,0,0,0,0,0,0,0
თავხედი,0,0,0,0,0,1,0,0,0,0
უხსნადი,0,0,0,0,0,0,0,0,0,0
გადახდისუუნარობა,0,0,0,1,0,1,0,1,1,0
გადახდისუუნარო,0,0,0,1,0,1,0,1,0,1
შეამოწმოს,0,0,0,0,0,0,0,0,0,0
ინსპექტორი,0,0,0,0,0,0,1,0,0,0
შთაგონების,0,1,0,0,1,0,1,0,0,0
შთააგონებს,0,1,0,0,1,0,1,0,0,1
შთაგონებული,0,0,0,0,1,0,1,0,1,1
არასტაბილურობა,0,0,1,1,0,1,0,0,0,0
დაინსტალირება,0,1,0,0,0,0,0,0,0,0
ინსტალაცია,0,0,0,0,0,0,0,0,0,0
განვადება,0,0,0,0,0,0,0,0,0,0
მაგალითად,0,0,0,0,0,0,0,0,0,0
მყისიერი,0,0,0,0,0,0,0,0,0,0
მყისიერი,0,0,0,0,0,0,0,0,0,0
მომენტალურად,0,0,0,0,0,0,0,0,0,0
აღძრას,0,0,0,0,0,1,0,0,0,0
წაქეზება,0,0,0,0,0,1,0,0,0,0
ჩანერგვა,0,0,0,0,0,0,0,0,0,0
ინსტიქტი,0,0,0,0,0,0,0,0,0,0
ინსტინქტური,1,0,1,1,0,0,1,0,0,0
ინსტიტუტი,0,0,0,0,0,0,0,0,0,1
დაწესებულება,0,0,0,0,0,0,0,0,0,0
ავალებს,0,0,0,0,0,0,1,0,0,1
დაავალა,0,0,0,0,0,0,0,0,0,0
ინსტრუქცია,0,0,0,0,0,0,1,0,0,1
სასწავლო,0,0,0,0,0,0,0,0,0,0
ინსტრუქციები,0,1,0,0,0,0,0,0,0,1
სასწავლო,0,0,0,0,0,0,0,0,0,0
ინსტრუქტორი,0,1,0,0,0,0,1,0,0,1
ინსტრუმენტი,0,0,0,0,0,0,0,0,0,0
ინსტრუმენტული,0,0,0,0,0,0,1,0,0,0
ინსტრუმენტალისტი,0,0,0,0,0,0,0,0,0,0
ინსტრუმენტალურობა,0,0,0,0,0,0,0,0,0,0
უკმარისობა,1,0,0,0,0,1,0,0,0,0
არასაკმარისი,0,0,0,0,0,1,0,0,0,0
არასაკმარისად,0,0,0,0,0,1,0,0,0,0
იზოლირებული,0,0,0,0,0,0,0,0,0,0
იზოლირება,0,0,0,0,0,0,0,0,0,0
იზოლაცია,0,0,0,0,0,0,0,0,0,1
შეურაცხყოფა,1,0,1,0,0,1,0,1,1,0
შეურაცხმყოფელი,1,0,1,1,0,1,0,1,0,0
დაზღვევა,0,0,0,0,0,0,0,0,0,0
დააზღვევს,0,0,0,0,0,0,1,0,0,1
მეამბოხე,0,0,0,0,0,1,0,0,0,0
დაუძლეველი,0,0,0,1,0,1,0,1,0,0
აჯანყება,1,0,0,0,0,1,0,0,0,0
ხელუხლებელი,0,0,0,0,0,0,1,0,0,1
არამატერიალური,0,0,0,0,0,0,0,0,0,0
მთელი რიცხვი,0,0,0,0,0,0,0,0,0,0
განუყოფელი,0,0,0,0,0,0,0,0,0,0
ინტეგრირება,0,0,0,0,0,0,0,0,0,0
ინტეგრაცია,0,0,0,0,0,0,0,0,0,0
მთლიანობას,0,0,0,0,0,0,1,0,0,1
ინტელექტი,0,0,0,0,0,0,1,0,0,0
ინტელექტუალური,0,0,0,0,0,0,1,0,0,0
ინტელექტი,0,0,0,1,1,0,1,0,0,1
ინტელექტუალური,0,0,0,0,0,0,1,0,0,1
გასაგებად,0,0,0,0,0,0,0,0,0,0
გასაგები,0,0,0,0,0,0,0,0,0,0
განიზრახავს,0,0,0,0,0,0,0,0,0,1
განკუთვნილი,0,1,0,0,0,0,1,0,0,0
განზრახული,0,0,0,0,0,0,0,0,0,0
ინტენსიური,1,0,1,1,1,1,1,0,1,1
ინტენსიურად,0,0,0,0,0,0,0,0,0,0
გააძლიეროს,0,0,0,0,0,0,0,0,0,0
ინტენსივობა,0,0,0,0,0,0,0,0,0,0
განზრახვა,0,0,0,0,0,0,0,0,0,0
განზრახვა,0,0,0,0,0,0,0,0,0,0
განზრახ,0,0,0,0,0,0,0,0,0,0
განზრახ,0,0,0,0,0,0,0,0,0,0
ინტერ,0,0,0,0,0,1,0,1,0,0
ურთიერთქმედება,0,0,0,0,0,0,0,0,0,0
შუამდგომლობს,0,0,0,1,0,0,0,1,0,0
ჩაჭრა,0,0,0,0,0,0,0,0,0,0
ჩაჭრა,0,0,0,0,0,0,0,0,0,0
შუამდგომლობა,0,0,0,0,0,0,0,0,0,1
გაცვლა,0,0,0,0,0,0,0,0,0,0
ურთიერთშემცვლელი,0,0,0,0,0,0,0,0,0,0
გაცვალეს,0,0,0,0,0,0,0,0,0,0
ინტერკომი,0,0,0,0,0,0,0,0,0,0
სქესობრივი კავშირი,0,0,0,0,0,0,1,0,0,0
ურთიერთდამოკიდებულება,0,0,0,0,0,0,0,0,0,0
ურთიერთდამოკიდებული,0,0,0,0,0,0,0,0,0,0
აკრძალვა,0,0,0,0,0,1,0,0,0,0
ინტერესი,0,0,0,0,0,0,1,0,0,0
დაინტერესებული,0,0,1,0,0,0,1,1,0,0
საინტერესო,0,0,0,0,0,0,1,0,0,0
ჩარევა,0,0,0,0,0,1,0,0,0,0
ინტერფერომეტრი,0,0,0,0,0,0,0,0,0,0
შუალედური,0,1,0,0,0,0,0,0,0,0
ინტერიერი,0,0,1,0,0,0,1,0,0,1
შუალედური,0,0,0,0,0,0,1,0,0,0
შუალედი,0,0,0,0,0,0,1,0,0,0
შუამავალი,0,0,0,0,0,0,0,0,0,0
შუალედური,0,0,0,0,0,0,0,0,0,0
დაკრძალვა,0,0,0,0,0,1,0,1,0,0
დაუსრულებელი,1,1,0,0,0,1,1,0,0,0
შუალედი,0,1,0,0,0,0,0,0,0,0
წყვეტილი,0,0,0,0,0,0,0,0,0,0
სტაჟიორი,0,0,0,0,0,0,0,0,0,0
შიდა,0,0,0,0,0,0,0,0,0,0
შინაგანად,0,0,0,0,0,0,0,0,0,0
საერთაშორისო,0,0,0,0,0,0,0,0,0,0
ინტერპოლაცია,0,0,0,0,0,0,0,0,0,0
ინტერპოლაცია,0,0,0,0,0,0,0,0,0,0
ინტერპრეტაცია,0,0,0,0,0,0,0,0,0,0
ინტერპრეტაცია,0,0,0,0,0,0,0,0,0,0
თარჯიმანი,0,0,0,0,0,0,0,0,0,0
ურთიერთდაკავშირებული,0,0,0,0,0,0,0,0,0,0
დაკითხვა,0,0,0,1,0,0,0,0,0,0
დაკითხვა,0,0,0,1,0,0,0,0,0,0
შეწყვეტა,1,0,0,0,0,1,0,0,1,0
შეაწყვეტინა,0,0,0,0,0,1,0,1,0,0
შეწყვეტა,0,0,0,0,0,0,0,0,0,0
იკვეთება,0,0,0,0,0,0,0,0,0,0
კვეთა,0,0,0,0,0,0,0,0,0,0
ინტერსტიციული,0,0,0,0,0,0,0,0,0,0
ინტერვალი,0,0,0,0,0,0,0,0,0,0
ერევა,0,0,0,0,0,0,0,0,0,0
ჩარევა,0,0,0,0,0,1,1,1,0,0
ინტერვიუ,0,0,0,0,0,0,0,0,0,0
ინტერვიუერი,0,0,0,1,0,0,0,0,0,0
ურთიერთდამუშავება,0,0,0,0,0,0,0,0,0,0
უმკვიდრო,0,0,0,0,0,1,0,0,0,0
ნაწლავური,0,0,1,0,0,0,0,0,0,0
ნაწლავი,0,0,0,0,0,0,0,0,0,0
ნაწლავები,0,0,0,0,0,0,0,0,0,0
ინტიმური ურთიერთობა,0,0,0,0,0,0,0,0,0,0
ინტიმური,0,1,0,0,1,0,1,0,0,1
ინტიმურად,0,1,0,1,1,0,0,0,0,0
ინტიმაცია,0,0,0,0,0,0,0,0,0,0
დააშინოს,0,0,0,1,0,1,0,0,0,0
დაშინება,1,0,0,1,0,1,0,0,0,0
აუტანელი,1,0,0,0,0,1,0,0,0,0
შეუწყნარებლობა,1,0,1,1,0,1,0,0,0,0
შეუწყნარებელი,1,0,1,1,0,1,0,1,0,0
ინტონაცია,0,0,0,0,0,0,1,0,0,0
ნასვამი,0,0,1,0,0,1,0,0,0,0
ინტოქსიკაცია,0,0,0,0,0,0,0,0,0,0
განუყრელი,1,0,0,0,0,1,0,0,0,0
ინტრამურული,0,0,0,0,0,0,0,0,0,0
გაუბედავი,0,0,0,0,0,0,1,0,0,0
ჩახლართული,0,0,0,0,0,0,0,0,0,0
ინტრიგა,0,1,0,1,0,1,0,0,1,0
დამაინტრიგებელი,0,0,0,0,0,0,0,0,0,0
დამახასიათებელი,0,0,0,0,0,0,0,0,0,0
შინაგანად,0,0,0,0,0,0,0,0,0,0
შესავალი,0,0,0,0,0,0,0,0,0,0
შესავალი,0,0,0,0,0,0,0,0,0,0
თვითანალიზი,0,0,0,0,0,0,0,0,0,0
ინტროსპექტიული,0,0,0,0,0,0,0,0,0,0
შემოჭრილი,1,0,0,1,0,1,0,0,1,0
შეჭრა,0,0,0,1,0,1,0,0,0,0
ინტრუზიული,1,0,1,1,0,1,0,0,1,0
ინტუიცია,0,0,0,0,0,0,1,0,0,1
ინტუიციური,0,0,0,0,0,0,1,0,0,0
ინტუიციურად,0,1,0,0,0,0,0,0,0,0
დატბორვა,0,0,0,0,0,0,0,0,0,0
შეჭრა,1,0,0,1,0,1,0,1,1,0
დამპყრობელი,1,0,0,1,0,1,0,1,0,0
არასწორი,0,0,0,0,0,0,0,1,0,0
გააუქმოს,0,0,0,0,0,1,0,0,0,0
ბათილობა,0,0,0,0,0,1,0,0,0,0
ინვალიდობა,0,0,0,0,0,1,0,0,0,0
ფასდაუდებელი,0,0,0,0,0,0,0,0,0,0
უცვლელად,0,0,0,0,0,0,1,0,0,0
შეჭრა,1,0,0,0,0,1,0,0,0,0
გამოგონება,0,0,0,0,0,0,0,0,0,0
გამოგონება,0,0,0,0,0,0,0,0,0,0
გამომგონებლური,0,0,0,0,0,0,1,0,0,0
გამომგონებელი,0,0,0,0,0,0,1,0,0,0
ინვენტარი,0,0,0,0,0,0,0,0,0,0
შებრუნებული,0,0,0,0,0,0,0,0,0,0
პირიქით,0,0,0,0,0,0,0,0,0,0
ინვერსია,0,0,0,0,0,0,0,0,0,0
შებრუნებული,0,0,0,0,0,0,0,0,0,0
შებრუნებული,0,0,0,0,0,0,0,0,0,0
გამოიძიოს,0,0,0,0,0,0,1,0,0,0
გამოძიება,0,1,0,0,0,0,0,0,0,0
გამომძიებელი,0,0,0,0,0,0,0,0,0,0
ინვესტორი,0,0,0,0,0,0,0,0,0,0
გაძლიერება,0,0,0,0,0,0,1,0,0,0
უძლეველი,0,0,0,0,0,0,0,0,0,0
უხილავობა,0,0,0,0,0,0,0,0,0,0
უხილავი,0,0,0,0,0,0,0,0,0,0
მოწვევა,0,1,0,0,0,0,1,0,0,0
მოიწვიე,0,1,0,0,1,0,1,0,1,1
მოწვევა,0,1,0,0,1,0,1,0,1,1
მოწოდება,0,1,0,0,0,0,0,0,0,1
ინვოისი,0,0,0,0,0,0,0,0,0,0
გამოძახება,0,1,0,0,0,0,0,0,0,0
უნებლიე,0,0,0,0,0,1,0,0,0,0
ინვოლუცია,1,0,0,0,0,1,0,0,0,0
ჩართულობა,1,0,0,0,0,0,0,0,0,0
შიგნით,0,0,0,0,0,0,0,0,0,0
იოტა,0,0,0,0,0,0,0,0,0,0
გაბრაზებული,1,0,0,0,0,1,0,0,0,0
გაბრაზება,1,0,0,0,0,1,0,0,0,0
მოლურჯო,0,0,0,0,0,0,0,0,0,0
ირისი,0,0,0,1,0,0,0,0,0,0
რკინის,0,0,0,0,0,0,1,0,0,1
ირონიული,0,0,0,0,0,0,0,0,0,0
უთოები,0,0,0,0,0,1,0,0,0,0
ირონია,0,0,0,0,0,0,0,0,0,0
დასხივება,0,0,0,0,0,0,0,0,0,0
ირაციონალური,0,0,1,1,0,1,0,0,0,0
ირაციონალურობა,0,0,0,0,0,1,0,0,0,0
შეურიგებელი,1,0,0,1,0,1,0,1,0,0
შეუმცირებელი,0,0,0,0,0,0,1,0,0,0
უდაო,0,0,0,0,0,0,1,0,0,1
არარეგულარული,0,0,0,0,0,1,0,0,0,0
უწესრიგობა,0,0,0,0,0,1,0,0,0,0
არარეგულარულად,0,0,0,0,0,0,0,0,0,0
შეუსაბამო,0,0,0,0,0,1,0,0,0,0
გამოუსწორებელი,0,0,0,1,0,1,0,1,0,0
შეუზღუდავი,0,0,0,0,0,0,0,0,0,0
დაუძლეველი,0,0,0,0,0,0,0,0,0,0
მიუხედავად იმისა,0,0,0,0,0,0,0,0,0,0
უპასუხისმგებლო,0,0,0,0,0,1,0,0,0,0
უპატივცემულო,0,0,0,0,0,1,0,0,0,0
შეუქცევადი,0,0,0,0,0,0,0,0,0,0
შეუქცევადი,0,0,0,0,0,1,0,0,0,0
მორწყვა,0,0,0,0,0,0,0,0,0,0
სარწყავი,0,0,0,0,0,0,0,0,0,0
გაღიზიანებადობა,1,0,0,0,0,1,0,0,0,0
გაღიზიანებული,1,0,0,0,0,1,0,0,0,0
გამაღიზიანებელი,1,0,1,0,0,1,0,0,0,0
გაღიზიანება,1,0,1,0,0,1,0,1,0,0
კუნძული,0,0,0,0,0,0,0,0,0,0
კუნძული,0,0,0,0,0,0,0,0,0,0
კუნძული,0,0,0,0,0,0,0,0,0,0
იზოლირება,0,0,0,0,0,0,0,1,0,0
იზოლირებული,0,0,0,1,0,1,0,1,0,0
იზოლაცია,0,0,0,0,0,1,0,1,0,0
იზომორფიზმი,0,0,0,0,0,0,0,0,0,0
იზოთერმული,0,0,0,0,0,0,0,0,0,0
პრობლემა,0,0,0,0,0,0,0,0,0,0
ქავილი,0,0,0,0,0,0,0,0,0,0
ქავილი,0,0,0,0,0,0,0,0,0,0
ნივთი,0,0,0,0,0,0,0,0,0,0
დეტალიზაცია,0,0,0,0,0,0,0,0,0,0
ნივთები,0,0,0,0,0,0,0,0,0,0
გამეორება,0,0,0,0,0,0,0,0,0,0
გამეორება,0,0,0,0,0,0,0,0,0,0
განმეორებადი,0,0,0,0,0,0,0,0,0,0
მოხეტიალე,0,0,0,0,0,0,0,0,0,0
მარშრუტი,0,0,0,0,0,0,0,0,0,0
სპილოს ძვალი,0,0,0,0,0,0,0,0,0,0
ჯაბი,1,0,0,0,0,0,0,0,0,0
ჯაბერი,0,0,0,0,0,1,0,0,0,0
ჯეკი,0,0,0,0,0,0,0,0,0,0
ჯაყოს,0,0,0,0,0,0,0,0,0,0
ჯეკპოტი,0,1,0,0,1,0,1,0,1,0
ჯეკები,0,0,0,0,0,0,0,0,0,0
ნეფრიტი,0,0,0,0,0,0,0,0,0,0
ჯაგ,0,0,0,0,0,0,0,0,0,0
დაკბილული,0,0,0,0,0,0,0,0,0,0
იაგუარი,0,0,0,0,0,0,0,0,0,0
ციხე,0,0,0,1,0,1,0,1,0,0
ჯემი,0,0,0,0,0,0,1,0,0,0
გაჭედილი,0,0,0,0,0,0,0,0,0,0
დამლაგებელი,0,0,1,0,0,0,0,0,0,0
იაპონია,0,0,0,0,0,0,0,0,0,0
ქილა,0,0,0,0,0,0,0,0,0,0
ჟარგონი,0,0,0,0,0,1,0,0,0,0
ჟრუანტელი,0,0,0,1,0,1,0,1,0,0
იასპი,0,0,0,0,0,0,0,0,0,0
სიყვითლე,0,0,0,1,0,1,0,0,0,0
სირბილი,0,0,0,0,0,0,0,0,0,0
ჯაველინი,0,0,0,0,0,0,0,0,0,0
ყბა,0,0,0,0,0,0,0,0,0,0
ყბები,0,0,0,1,0,0,0,0,0,0
ჯეი,0,0,0,0,0,0,0,0,0,0
ეჭვიანი,1,0,1,0,0,1,0,0,0,0
ეჭვიანობა,1,0,1,1,0,1,0,1,0,0
ჯინსი,0,0,0,0,0,0,0,0,0,0
ჯიპი,0,0,0,0,0,0,0,0,0,0
ჟელე,0,0,0,0,0,0,0,0,0,0
ჯენი,0,0,0,0,0,0,0,0,0,0
საფრთხეს უქმნის,1,0,0,1,0,1,0,0,0,0
საფრთხე,0,1,0,1,0,1,0,0,0,0
ჯოხი,1,0,0,0,0,0,0,0,1,0
მაისური,0,0,0,0,0,0,0,0,0,0
ხუმრობა,0,0,0,0,1,0,1,0,1,0
მასხარა,0,0,0,0,0,0,0,0,0,0
თვითმფრინავი,0,0,0,0,0,0,0,0,0,0
ნავსადგური,0,0,0,0,0,0,0,0,0,0
ძვირფასი ქვა,0,0,0,0,0,0,0,0,0,0
იუველირი,0,0,0,0,0,0,0,0,0,0
სამკაულები,0,0,0,0,0,0,0,0,0,0
ჯიბი,0,0,0,0,0,0,0,0,0,0
ჯიფი,0,0,0,0,0,0,0,0,0,0
ჯიმი,0,0,0,0,0,0,0,0,0,0
ჟინგლი,0,0,0,0,0,0,0,0,0,0
სამუშაო,0,0,0,0,0,0,1,0,0,0
ჯოკი,0,0,0,0,0,0,0,0,0,0
ჟოკეი,0,0,0,0,0,0,0,0,0,0
სირბილი,0,0,0,0,0,0,0,0,0,0
ჯონ,0,0,1,0,0,1,0,0,0,0
შეუერთდი,0,0,0,0,0,0,1,0,0,0
შეუერთდა,0,0,0,0,0,0,1,0,0,0
გაწევრიანების,0,0,0,0,0,0,0,0,0,0
ერთობლივი,0,0,0,0,0,0,0,0,0,0
ერთობლივად,0,0,0,0,0,0,0,0,0,0
ხუმრობა,0,0,0,0,0,1,0,0,0,0
ჯოკერი,0,0,0,0,1,0,1,0,1,0
ხუმრობს,0,0,0,0,0,0,1,0,0,0
შერყევა,0,0,0,0,0,0,0,0,1,0
ჟორნადა,0,0,0,0,0,1,0,0,0,0
ჯოტ,0,0,0,0,0,0,0,0,0,0
ჟურნალი,0,0,0,0,0,0,0,0,0,0
ჟურნალისტიკა,0,0,0,0,0,0,0,0,0,1
ჟურნალისტი,0,0,0,0,0,0,1,0,0,0
მოგზაურობა,0,1,0,1,1,0,1,0,0,0
მოგზაური,0,0,0,0,0,0,0,0,0,1
მხიარული,0,0,0,0,1,0,1,0,0,0
სიხარული,0,0,0,0,1,0,1,0,0,0
მხიარული,0,0,0,0,1,0,1,0,0,1
მხიარული,0,0,0,0,1,0,1,0,0,0
მხიარული,0,0,0,0,1,0,1,0,1,1
იუბილე,0,0,0,0,1,0,1,0,1,0
მოსამართლე,0,0,0,0,0,0,0,0,0,0
განსჯის,0,0,0,0,0,0,0,0,0,0
განაჩენი,0,0,0,0,0,0,0,0,1,0
სასამართლო,0,1,0,0,0,0,1,0,0,1
სასამართლო სისტემა,0,1,0,0,0,0,0,0,0,1
გონივრული,0,0,0,0,0,0,1,0,0,1
დოქი,0,0,0,0,0,0,0,0,0,0
ჟონგლირება,0,0,0,0,0,0,0,0,0,0
ჟონგლირება,0,0,0,0,0,0,0,0,0,0
წვენი,0,0,0,0,0,0,0,0,0,0
წვნიანი,0,0,0,0,0,0,0,0,0,0
შეჯვარება,0,0,0,0,0,1,0,0,0,0
აერია,0,0,0,0,0,0,0,0,0,0
ჯუმბო,0,0,0,0,0,0,0,0,0,0
ხტომა,0,0,0,0,1,0,1,0,0,0
შეერთება,0,0,0,0,0,0,0,0,0,0
გადაკვეთა,0,0,0,0,0,0,0,0,0,0
ჯუნგლები,0,0,0,1,0,0,0,0,0,0
უმცროსი,0,0,0,0,0,0,0,0,0,0
ნაგავი,0,0,0,0,0,1,0,0,0,0
ხუნტა,0,0,0,0,0,1,0,0,0,0
იურიდიული,0,0,0,0,0,0,0,0,0,0
იურისდიქცია,0,0,0,0,0,0,0,0,0,0
იურისპრუდენცია,0,0,0,0,0,0,0,1,0,0
იურისტი,0,0,0,0,0,0,0,0,0,1
ჟიურის,0,0,0,0,0,0,0,0,0,1
სამართლიანობა,0,0,0,0,0,0,1,0,0,1
გამართლებული,0,0,0,0,0,0,1,0,0,1
გამართლება,0,0,0,0,0,0,1,0,0,0
ამართლებს,0,0,0,0,0,0,0,0,0,0
ჯუთი,0,0,0,0,0,0,0,0,0,0
არასრულწლოვანი,0,0,0,0,0,1,0,0,0,0
შედარება,0,0,0,0,0,0,0,0,0,0
კაიზერი,0,0,0,0,0,0,0,0,0,0
კალეიდოსკოპი,0,0,0,0,0,0,0,0,0,0
კენგურუ,0,0,0,0,0,0,0,0,0,0
კანჯი,0,0,0,0,0,0,0,0,0,0
კარმა,0,0,0,0,0,0,0,0,0,0
კაიაკი,0,0,0,0,0,0,0,0,0,0
კილი,0,0,0,0,0,0,0,0,0,0
მეკარე,0,0,0,0,0,0,0,0,0,0
შენახვა,0,0,0,0,0,0,0,0,0,0
სამახსოვრო,0,0,0,0,0,0,1,0,0,0
კასრი,0,0,0,0,0,0,0,0,0,0
კენ,0,0,0,0,0,0,1,0,0,0
კვერნა,0,0,0,0,0,0,0,1,0,0
კერნი,0,0,0,0,0,1,0,0,0,0
ბირთვი,0,0,0,0,0,0,0,0,0,0
ნავთი,0,0,0,1,0,0,0,0,0,0
ქვაბი,0,0,0,0,0,0,0,0,0,0
გასაღები,0,0,0,0,0,0,0,0,0,0
გასაღების ხვრელი,0,0,0,0,0,0,0,0,0,0
მთავარი ნოტა,0,0,0,0,0,0,1,0,0,0
ქვაკუთხედი,0,0,0,0,0,0,1,0,0,0
ხაკი,0,0,0,0,0,0,0,0,0,0
ხანი,0,0,0,1,0,0,0,0,0,1
დარტყმა,1,0,0,0,0,1,0,0,0,0
წიხლებით,1,0,0,0,0,0,0,0,0,0
ბავშვი,0,0,0,0,0,0,0,0,0,0
ხუმრობს,0,0,0,0,0,0,0,0,0,0
გატაცება,1,0,0,1,0,1,0,1,1,0
მოკვლა,0,0,0,1,0,1,0,1,0,0
მოკვლა,1,0,0,1,0,1,0,1,0,0
ღუმელი,0,0,0,0,0,0,0,0,0,0
კილოგრამი,0,0,0,0,0,0,0,0,0,0
კილომეტრი,0,0,0,0,0,0,0,0,0,0
კილტი,0,0,0,0,0,0,0,0,0,0
კიმონო,0,0,0,0,0,0,0,0,0,0
ნათესავი,0,0,0,0,0,0,0,0,0,0
კეთილი,0,0,0,0,1,0,1,0,0,1
საბავშვო ბაღი,0,0,0,0,0,0,0,0,0,0
სიკეთე,0,0,0,0,0,0,1,0,0,0
ნათესაური,0,1,0,0,1,0,1,0,0,1
კინემატიკა,0,0,0,0,0,0,0,0,0,0
მეფე,0,0,0,0,0,0,1,0,0,0
სამეფო,0,0,0,0,0,0,0,0,0,0
კინკლაობა,0,0,0,0,0,0,0,0,0,0
კინკილი,0,0,0,0,0,0,0,0,0,0
კიოსკი,0,0,0,0,0,0,0,0,0,0
კირკი,0,0,0,0,0,0,0,0,0,0
კოცნა,0,1,0,0,1,0,1,0,1,0
ნაკრები,0,0,0,0,0,0,0,0,0,0
სამზარეულო,0,0,0,0,0,0,0,0,0,0
ფუტკარი,0,0,1,0,0,1,0,0,0,0
კნუტი,0,0,0,0,1,0,1,0,0,1
ნიჭი,0,0,0,0,0,0,1,0,0,0
ჩანთა,0,0,0,0,0,0,0,0,0,0
მოზილეთ,0,0,0,0,0,0,0,0,0,0
მუხლი,0,0,0,0,0,0,0,0,0,0
დაჩოქება,0,0,0,0,0,0,0,0,0,0
დაჩოქილი,0,0,0,0,0,0,0,0,0,0
დაჩოქება,0,0,0,1,0,1,0,1,0,0
ნიკერები,0,0,0,0,0,0,0,0,0,1
დანა,0,0,0,0,0,0,0,0,0,0
რაინდი,0,0,0,0,0,0,1,0,0,0
მოქსოვილი,0,0,0,0,0,0,0,0,0,0
ღილაკი,0,0,0,0,0,0,0,0,0,0
დაარტყა,0,0,0,0,0,0,0,0,0,0
დაარტყა,0,0,0,0,0,0,0,0,0,0
კვანძი,0,0,0,0,0,0,0,0,0,0
კვანძოვანი,0,0,0,0,0,1,0,0,0,0
იცის,0,0,0,0,0,0,1,0,0,0
შეგნებულად,0,0,0,0,0,0,0,0,0,0
ცოდნა,0,0,0,0,0,0,1,0,0,0
მუჭა,0,0,0,0,0,0,0,0,0,0
კოს,0,0,0,0,0,0,0,0,0,0
კრის,0,0,0,0,0,0,0,0,0,0
დიდება,0,0,0,0,1,0,1,0,0,0
ლაბორატორია,0,0,0,0,0,0,0,0,0,0
ეტიკეტი,0,0,0,0,0,0,0,0,0,1
შრომა,0,1,0,0,1,0,1,0,1,1
ლაბორატორია,0,0,0,0,0,0,0,0,0,0
შრომობდა,0,0,0,0,0,1,0,1,0,0
მუშა,0,0,0,0,0,0,0,0,0,0
მშრომელი,0,0,0,0,0,0,0,0,0,0
შრომატევადი,0,0,0,0,0,1,0,0,0,0
ლაბირინთი,0,1,0,0,0,1,0,0,0,0
ლაქი,0,0,0,0,0,0,0,0,0,0
მაქმანი,1,0,0,1,0,1,1,1,0,1
ნაკლებობა,0,0,0,0,0,1,0,0,0,0
აკლია,0,0,0,0,0,1,0,0,0,0
უნამუსო,0,0,0,0,0,1,0,0,0,0
ლაქი,0,0,0,0,0,0,0,0,0,0
ლაკროსი,0,0,0,0,0,0,0,0,0,0
ყმაწვილი,0,0,0,0,0,0,0,0,0,0
კიბე,0,0,0,0,0,0,0,0,0,0
დატვირთული,0,0,0,0,0,1,0,0,0,0
ტვირთამწეობა,0,0,0,0,0,0,0,0,0,0
კალთა,0,0,0,0,0,0,0,0,0,0
ქალბატონო,0,0,0,0,0,0,0,0,0,0
ჩამორჩენა,0,0,0,0,0,1,0,0,0,0
ჩამორჩენილი,1,1,1,0,0,1,0,1,0,0
ლაგუნა,0,0,0,0,0,0,0,0,0,0
ბუნაგი,0,0,0,0,0,1,0,0,0,0
საერო,0,0,0,0,0,0,0,0,0,0
ტბა,0,0,0,0,0,0,0,0,0,0
ლამის,0,0,0,0,0,0,0,0,0,0
ბატკნის,0,0,0,0,1,0,1,0,0,1
გოდება,0,0,1,1,0,1,0,1,0,0
გოდება,0,0,0,0,0,0,0,1,0,0
ლამინა,0,0,0,0,0,0,0,0,0,0
ლამინირებული,0,0,0,0,0,0,0,0,0,0
ნათურა,0,0,0,0,0,0,0,0,0,0
ლანსი,0,0,0,0,0,0,0,0,0,0
ლანსერი,0,0,0,0,0,0,0,0,0,0
მიწა,0,0,0,0,0,0,1,0,0,0
დაეშვა,0,0,0,0,0,0,1,0,0,0
სადესანტო,0,0,0,0,0,0,0,0,0,0
ზღვაზე გასასვლელი,0,0,0,0,0,0,0,0,0,0
მემამულე,0,0,0,0,0,0,0,0,0,0
ღირსშესანიშნაობა,0,0,0,0,0,0,0,0,0,1
მიწები,0,0,0,0,0,0,0,0,0,0
პეიზაჟი,0,0,0,0,0,0,0,0,0,0
გამწვანება,0,0,0,0,0,0,0,0,0,0
მეწყერი,0,0,0,1,0,1,0,1,0,0
შესახვევი,0,0,0,0,0,0,0,0,0,0
ენა,0,0,0,0,0,0,0,0,0,0
დაღლილი,0,0,0,0,0,1,0,0,0,0
იღუპება,0,0,0,0,0,1,0,0,0,0
იწურება,0,0,0,1,0,1,0,1,0,0
ლაჩარი,0,0,0,0,0,0,0,0,0,0
ფარანი,0,0,0,0,0,0,0,0,0,0
წრე,0,0,0,0,0,0,0,0,0,0
ლაფელი,0,0,0,0,0,0,0,0,0,0
ვადა,0,0,0,0,0,1,0,0,0,0
გაუქმდა,0,0,0,0,0,0,0,0,0,0
ქურდობა,0,0,1,0,0,1,0,0,0,0
ქონი,0,0,0,0,0,0,0,0,0,0
სალათი,0,0,0,0,0,0,0,0,0,0
დიდი,0,0,0,0,0,0,0,0,0,0
უფრო დიდი,0,0,1,0,0,0,0,0,1,1
ლარგო,0,0,0,0,0,0,0,0,0,0
ტოროლა,0,0,0,0,0,0,0,0,0,0
ლარვა,0,0,0,0,0,0,0,0,0,0
ხორხის,0,0,0,0,0,0,0,0,0,0
ლაზერული,0,0,0,0,0,0,1,0,0,1
წამწამი,1,0,0,1,0,1,0,0,0,0
ქალიშვილი,0,0,0,0,0,0,0,0,0,0
ლასო,0,0,0,0,0,0,0,0,0,0
ხანგრძლივი,0,0,0,0,0,0,0,0,0,0
ჩამკეტი,0,0,0,0,0,0,0,0,0,0
გვიან,0,0,0,0,0,1,0,1,0,0
დაგვიანება,0,0,0,0,0,1,0,0,0,0
ლატენტური,1,1,1,0,0,1,0,0,1,0
გვერდითი,0,0,0,0,0,0,0,0,0,0
ლატერალურად,0,0,0,0,0,0,0,0,0,0
ლატექსი,0,0,0,0,0,0,0,0,0,0
ხორხი,0,0,0,0,0,0,0,0,0,0
ქაფი,0,0,0,0,0,0,0,0,0,0
გრძედი,0,0,0,0,0,0,0,0,0,0
საპირფარეშოები,0,0,1,0,0,1,0,0,0,0
გისოსი,0,0,0,0,0,0,0,0,0,0
საქებარი,0,0,0,0,0,0,1,0,0,0
სიცილი,0,0,0,0,1,0,1,0,1,0
სასაცილო,0,0,1,0,0,1,0,0,0,0
იცინის,0,0,0,0,1,0,1,0,0,0
სიცილი,0,1,0,0,1,0,1,0,1,0
გაშვება,0,1,0,0,0,0,1,0,0,0
სამრეცხაო,0,0,0,0,0,0,0,0,0,0
ლაურეატი,0,0,0,0,0,0,1,0,0,1
დაფნა,0,0,0,0,0,0,1,0,0,0
დაფნები,0,0,0,0,1,0,1,0,0,0
ლავა,1,0,0,1,0,1,0,0,0,0
ამორეცხვა,0,0,0,0,0,0,0,0,0,0
ტუალეტი,0,0,1,0,0,0,0,0,0,0
ლავანდა,0,0,0,0,0,0,0,0,0,0
მდიდრული,0,0,0,0,0,0,1,0,0,0
კანონი,0,0,0,0,0,0,0,0,0,1
კანონიერი,0,0,0,0,0,0,1,0,0,1
უკანონობა,1,0,0,1,0,1,0,0,0,0
გაზონი,0,0,0,0,0,0,0,0,0,0
სარჩელი,1,0,1,1,0,1,0,1,1,0
ადვოკატი,1,0,1,1,0,1,0,0,0,0
მოდუნებული,0,0,0,0,0,1,0,1,0,0
საფაღარათო საშუალება,0,0,1,1,0,1,0,0,0,0
იწვა,0,0,0,0,0,0,0,0,0,0
ფენა,0,0,0,0,0,0,0,0,0,0
ფენიანი,0,0,0,0,0,0,0,0,0,0
ერისკაცი,0,0,0,0,0,0,0,0,0,0
ზარმაცი,0,0,0,0,0,1,0,0,0,0
ლეა,0,0,0,0,0,0,0,0,0,0
ტყვია,0,0,0,0,0,0,1,0,0,0
ლიდერი,0,0,0,0,0,0,1,0,0,1
წამყვანი,0,0,0,0,0,0,0,0,0,1
იწვევს,0,0,0,0,0,0,0,0,0,0
ფოთოლი,0,0,0,0,0,0,0,0,0,0
ფურცელი,0,0,0,0,0,0,0,0,0,0
ფოთლოვანი,0,0,0,0,0,0,0,0,0,0
ლიგა,0,0,0,0,0,0,1,0,0,0
გაჟონვა,0,0,0,0,0,1,0,0,0,0
გაჟონვა,0,0,0,0,0,1,0,0,0,0
გაჟონვის,0,0,0,0,0,1,0,0,0,0
მჭლე,0,0,0,0,0,0,0,0,0,0
დაიხარა,0,0,0,0,0,0,0,0,0,0
დახრილი,0,0,0,0,0,0,0,0,0,1
ნახტომი,0,0,0,0,0,0,0,0,0,0
ვისწავლოთ,0,0,0,0,0,0,1,0,0,0
ისწავლა,0,0,0,0,0,0,0,0,0,0
შემსწავლელი,0,0,0,0,0,0,0,0,0,0
სწავლა,0,0,0,0,0,0,1,0,0,0
იჯარა,0,0,0,0,0,0,0,0,0,0
ლელი,0,0,0,0,0,0,0,0,0,0
ტყავი,0,0,0,0,0,0,0,0,0,0
ტყავისებური,0,0,0,0,0,0,0,0,0,0
დატოვება,0,0,0,0,0,1,0,1,1,0
ლექცია,0,0,0,0,0,0,0,0,0,0
ლექტორი,0,0,0,0,0,0,1,0,0,0
რაფა,0,0,0,0,0,0,0,0,0,0
წიგნი,0,0,0,0,0,0,0,0,0,0
ლი,0,0,0,0,0,0,0,0,0,0
ლეჩი,0,0,0,0,0,1,0,0,0,0
წურბელები,0,0,1,1,0,1,0,0,0,0
ისწავლე,0,0,1,0,0,1,0,0,0,0
ცბიერი,0,0,0,0,0,0,0,0,1,0
ლუკმა,0,0,0,0,0,0,0,0,0,0
თავისუფლება,0,0,0,0,0,0,1,0,0,0
დატოვა,0,0,0,0,0,0,0,0,0,0
ფეხი,0,0,0,0,0,0,0,0,0,0
მემკვიდრეობა,0,0,0,0,0,0,0,0,0,0
ლეგალური,0,0,0,0,0,0,1,0,0,1
კანონიერება,0,0,0,0,0,0,0,0,0,0
ლეგალიზება,0,0,0,0,0,0,0,0,0,0
ლეგალიზებული,1,0,0,1,1,0,1,0,0,1
ლეგალურად,0,0,0,0,0,0,0,0,0,0
ლეგენდა,0,0,0,0,0,0,0,0,0,0
ლეგენდარული,0,0,0,0,0,0,1,0,0,0
კითხვისუნარიანობა,0,0,0,0,0,0,1,0,0,0
იკითხება,0,0,0,0,0,0,1,0,0,0
ლეგიონი,0,0,0,0,0,0,0,0,0,0
აკანონებს,0,0,0,0,0,0,0,0,0,0
კანონმდებლობა,0,0,0,0,0,0,0,0,0,0
საკანონმდებლო,0,0,0,0,0,0,0,0,0,0
კანონმდებელი,0,0,0,0,0,0,0,0,0,1
საკანონმდებლო ორგანო,0,0,0,0,0,0,0,0,0,1
ლეგიტიმურობა,0,0,0,0,0,0,0,0,0,1
ფეხები,0,0,0,0,0,0,0,0,0,0
პარკოსანი,0,0,0,0,0,0,0,0,0,0
დასვენება,0,1,0,0,1,0,1,0,1,1
თავისუფლად,0,0,0,0,0,0,1,0,0,0
ლემა,0,0,0,0,0,0,1,0,0,0
ლიმონი,0,0,1,0,0,1,0,0,0,0
სესხება,0,0,0,0,0,0,0,0,0,0
გამსესხებელი,0,0,0,0,0,0,0,0,0,1
დაკრედიტება,0,0,0,0,0,0,0,0,0,0
სიგრძე,0,0,0,0,0,0,0,0,0,0
გახანგრძლივება,0,0,0,0,0,0,0,0,0,0
გახანგრძლივდა,0,0,0,0,0,0,0,0,0,0
გახანგრძლივება,0,0,0,0,0,0,0,0,0,0
სიგრძეზე,0,0,0,0,0,0,0,0,0,0
გრძელი,0,0,0,0,0,0,0,0,0,0
შემწყნარებლობა,0,0,0,0,0,0,0,0,0,0
ლმობიერი,0,0,0,0,0,0,1,0,0,0
ობიექტივი,0,0,0,0,0,0,0,0,0,0
ლეოპარდი,0,0,0,0,0,0,0,0,0,0
კეთრი,0,0,1,1,0,1,0,1,0,0
მოიჯარე,0,0,0,0,0,0,0,0,0,0
შემცირდეს,0,1,0,0,0,1,0,0,0,0
შემცირება,0,0,0,0,0,0,0,0,0,0
ნაკლები,0,0,1,0,0,1,0,0,0,0
გაკვეთილი,0,1,0,0,0,0,1,0,0,1
გამქირავებელი,0,0,0,0,0,0,0,0,0,0
სასიკვდილო,0,0,1,1,0,1,0,1,0,0
ლეთარგიული,0,0,0,0,0,0,0,0,0,0
ლეთარგია,0,0,0,0,0,1,0,1,0,0
წერილი,0,1,0,0,0,0,0,0,0,0
ასოებით,0,1,0,0,0,0,1,0,0,1
წერილები,0,0,0,0,0,0,0,0,0,0
სალათა,0,0,0,0,0,0,0,0,0,0
ლეიკემია,1,0,0,1,0,1,0,1,0,0
ნაპირი,0,0,0,0,0,0,0,0,0,1
დონე,0,0,0,0,0,0,1,0,0,1
ბერკეტი,0,0,0,0,0,0,0,0,0,0
ბერკეტი,0,0,0,0,0,0,1,0,0,0
გადასახადი,0,0,0,0,0,1,0,0,0,0
უხამსი,0,0,1,0,0,1,0,0,0,0
ლექსიკა,0,0,0,0,0,0,0,0,0,0
ლეი,0,0,0,0,0,0,0,0,0,0
ვალდებულებები,0,0,0,0,0,0,0,0,0,0
პასუხისმგებლობა,0,0,0,0,0,0,0,0,0,0
მეკავშირე,0,0,0,0,0,1,0,0,0,0
მატყუარა,0,0,1,0,0,1,0,0,0,0
ცილისწამება,1,0,0,1,0,1,0,0,0,1
ცილისმწამებლური,0,0,0,0,0,0,0,0,0,0
ლიბერალური,0,0,0,0,0,1,1,0,0,0
ლიბერალიზმი,0,0,0,0,0,0,0,0,0,0
გაათავისუფლე,1,1,0,0,1,0,1,0,1,1
განთავისუფლება,0,1,0,0,1,0,1,0,1,0
თავისუფლება,0,1,0,0,1,0,1,0,1,1
ლიბიდო,0,0,0,0,0,0,0,0,0,0
ბიბლიოთეკარი,0,0,0,0,0,0,0,0,0,0
ბიბლიოთეკა,0,0,0,0,0,0,1,0,0,0
ლიბრეტო,0,0,0,0,0,0,0,0,0,0
ლიცენზია,0,0,0,0,0,0,0,0,0,0
ლიქენი,0,0,0,0,0,0,0,0,0,0
ლპობა,0,0,1,0,0,1,0,0,0,0
სახურავი,0,0,0,0,0,0,0,0,0,0
ტყუილი,1,0,1,0,0,1,0,1,0,0
ლიეჟი,0,0,0,0,0,0,0,0,0,0
გირავნობის უფლება,0,0,0,0,0,0,0,0,0,0
ნაცვლად,0,0,0,0,0,0,0,0,0,0
ლეიტენანტი,0,0,0,0,0,0,0,0,0,1
ცხოვრება,0,0,0,0,0,0,0,0,0,0
სიცოცხლის სისხლი,0,0,0,0,0,0,1,0,0,0
მაშველი ნავი,0,0,0,0,0,0,0,0,0,0
უსიცოცხლო,0,0,0,1,0,1,0,1,0,0
სიცოცხლისუნარიანი,0,0,0,0,0,0,0,0,0,0
სიცოცხლის მანძილზე,0,0,0,0,0,0,0,0,0,0
სიცოცხლის განმავლობაში,0,0,0,0,0,0,0,0,0,0
ლიფტი,0,0,0,0,0,0,0,0,0,0
ლიგატი,0,0,0,0,0,0,0,0,0,0
ლიგირება,0,0,0,0,0,0,0,0,0,0
მსუბუქი,0,0,0,0,0,0,0,0,0,0
შემსუბუქება,0,0,0,0,0,0,0,0,0,0
შუქურა,0,0,0,0,0,0,1,0,0,0
სიმსუბუქე,0,0,0,0,0,0,0,0,0,0
ელვა,1,0,0,1,0,0,0,0,1,0
ალბათობა,0,0,0,0,0,0,0,0,0,0
მსგავსება,0,0,0,0,0,0,0,0,0,0
ისევე,0,0,0,0,0,0,0,0,0,0
მოწონება,0,0,0,0,1,0,1,0,0,1
იასამნისფერი,0,0,0,0,0,0,0,0,0,0
ლილი,0,0,0,0,0,0,0,0,0,0
კიდური,0,0,0,0,0,0,0,0,0,0
გაურკვევლობა,0,0,0,0,0,0,0,0,0,0
ზღვარი,0,0,0,0,0,0,0,0,0,0
შეზღუდვა,0,0,0,0,0,0,0,0,0,0
შეზღუდული,1,0,0,0,0,1,0,1,0,0
უსაზღვრო,0,0,0,0,0,0,0,0,0,0
ლიმუზინი,0,0,0,0,0,0,0,0,0,0
კოჭლობით,0,0,0,0,0,1,0,0,0,0
ლინი,0,0,0,0,0,0,0,0,0,0
ხაზი,0,0,0,0,0,0,0,0,0,0
საგვარეულო,0,0,0,0,0,0,0,0,0,0
ხაზოვანი,0,0,0,0,0,0,0,0,0,0
ხაზოვანი,0,0,0,0,0,0,0,0,0,0
გაფორმებულია,0,0,0,0,0,0,0,0,0,0
თეთრეული,0,0,0,0,0,0,0,0,0,0
ლაინერი,0,0,0,0,0,0,0,0,0,0
ხაზები,0,0,0,1,0,0,0,0,0,0
გაჭიანურება,0,1,0,0,0,0,0,0,0,0
ლინგო,0,0,0,0,0,0,0,0,0,0
ენობრივი,0,0,0,0,0,0,0,0,0,0
ენათმეცნიერი,0,0,0,0,0,0,1,0,0,1
ლინგვისტური,0,0,0,0,0,0,0,0,0,0
ლინგვისტიკა,0,0,0,0,0,0,0,0,0,0
უგულებელყოფა,0,0,0,0,0,0,0,0,0,0
ბმული,0,0,0,0,0,0,0,0,0,0
ლინოლეუმი,0,0,0,0,0,0,0,0,0,0
ლინტი,0,0,0,0,0,1,0,0,0,0
ლომი,0,0,0,1,0,0,1,0,0,0
ტუჩის,0,0,0,0,0,0,0,0,0,0
პომადა,0,0,0,0,0,0,0,0,0,0
გათხევადება,0,0,0,0,0,0,0,0,0,0
გათხევადებული,0,0,0,0,0,0,0,0,0,0
ლიქიორი,0,0,0,0,0,0,0,0,0,0
თხევადი,0,0,0,0,0,0,0,0,0,0
ლიკვიდაცია,0,0,0,0,0,0,0,0,0,0
ლიკვიდაცია,0,0,0,0,0,0,0,0,0,0
ლიკვიდატორი,0,0,0,0,0,0,0,0,0,0
ლიკვიდურობა,0,0,0,0,0,0,0,0,0,0
ლიქიორით,1,0,0,0,1,1,0,1,0,0
ლისპი,0,0,0,0,0,0,0,0,0,0
სია,0,0,0,0,0,0,0,0,0,0
მოუსმინე,0,0,0,0,0,0,0,0,0,0
მსმენელი,0,0,0,0,0,0,0,0,0,0
ჩამონათვალი,0,0,0,0,0,0,0,0,0,0
მოუსვენარი,0,0,0,0,0,1,0,1,0,0
ლიტანია,0,0,0,0,0,0,0,0,0,0
ფაქტიურად,0,0,0,0,0,0,0,0,0,0
ლიტერატურული,0,0,0,0,0,0,0,0,0,0
ლიტერატურა,0,0,0,0,0,0,0,0,0,0
მოქნილი,0,0,0,0,0,0,1,0,0,0
ლითოგრაფია,0,0,0,0,0,0,0,0,0,0
ლითოგრაფია,0,0,0,0,0,0,0,0,0,0
ლითოლოგია,0,0,0,0,0,0,0,0,0,0
ლითოსფერო,0,0,0,0,0,0,0,0,0,0
სასამართლო მხარე,0,0,0,0,0,1,0,0,0,0
სასამართლოში,1,1,1,1,0,1,0,1,0,0
სამართალწარმოება,0,0,0,0,0,1,0,0,0,0
სასამართლო,1,0,1,0,0,1,0,0,0,0
ნაგავი,0,0,0,0,0,1,0,0,0,0
ზღვისპირა,0,0,0,0,0,0,0,0,0,0
ლიტურგია,0,0,0,0,0,0,0,0,0,0
საარსებო წყარო,0,0,0,0,0,0,0,0,0,0
ლაივერი,0,0,0,0,0,0,0,0,0,0
ცხარე,1,0,1,0,0,1,0,0,0,0
ცხოვრება,0,0,0,0,0,0,0,0,0,0
ლამის,0,0,0,0,0,0,0,0,0,0
დატვირთვა,0,0,0,0,0,0,0,0,0,0
პური,0,0,0,0,0,1,0,0,0,0
loafer,0,0,0,0,0,1,0,0,0,0
თიხნარი,0,0,0,0,0,0,0,0,0,0
სესხი,0,0,0,0,0,0,0,0,0,0
ზიზღი,1,0,0,0,0,1,0,0,0,0
ეზიზღება,1,0,1,0,0,1,0,0,0,0
ზიზღი,0,0,1,0,0,1,0,0,0,0
საზიზღარი,1,0,1,0,0,1,0,0,0,0
ლობი,0,0,0,0,0,0,0,0,0,0
ლობისტი,0,0,0,0,0,1,0,0,0,0
ლობი,0,0,0,0,0,0,0,0,0,0
ადგილობრივი,0,0,0,0,0,0,0,0,0,0
ლოკალი,0,0,0,0,0,0,0,0,0,0
ლოკაცია,0,0,0,0,0,0,0,0,0,0
ლოკალიზაცია,0,0,0,0,0,0,0,0,0,0
ლოკალიზება,0,1,0,0,0,0,0,0,0,0
განთავსება,0,0,0,0,0,0,0,0,0,0
მდებარეობა,0,0,0,0,0,0,0,0,0,0
ლოხი,0,0,0,0,0,0,0,0,0,0
ჩაკეტვა,0,0,0,0,0,0,0,0,0,0
მბრძანებელი,0,0,0,0,0,0,0,0,0,0
ზეინკალი,0,0,0,0,0,0,0,0,0,0
ჩაკეტვა,0,0,0,1,0,1,0,1,0,0
მოძრაობა,0,0,0,0,0,0,0,0,0,0
ლოკომოტივი,0,0,0,0,0,0,0,0,0,0
კალია,0,0,0,1,0,1,0,0,0,0
ლოჟა,0,0,0,0,0,0,0,0,0,0
ბინადარი,0,0,0,0,0,0,0,0,0,0
დაბინავება,0,0,0,0,0,0,0,0,0,1
ლოფტი,0,0,0,0,0,0,0,0,0,0
ამაღლებული,0,0,0,0,0,1,0,0,0,0
ჟურნალი,0,0,0,0,0,0,0,0,0,0
ლოგარითმი,0,0,0,0,0,0,0,0,0,0
ლოგარითმული,0,0,0,0,0,0,0,0,0,0
ლოგიკა,0,0,0,0,0,0,0,0,0,0
ლოგიკური,0,0,0,0,0,0,1,0,0,0
ლოჯისტიკა,0,0,0,0,0,0,0,0,0,0
ლოგოტიპი,0,0,0,0,0,0,0,0,0,0
წელის,0,0,0,0,0,0,0,0,0,0
ლოლიპოპი,0,0,0,0,0,0,0,0,0,0
მარტოხელა,0,0,0,0,0,0,0,1,0,0
მარტოობა,0,0,0,1,0,1,0,1,0,0
მარტოხელა,1,0,1,1,0,1,0,1,0,0
მარტოსული,0,0,0,0,0,1,0,1,0,0
გრძელი,0,1,0,0,0,0,0,0,0,0
დღეგრძელობა,0,0,0,0,0,0,1,0,0,0
ლტოლვა,0,1,0,0,0,0,0,1,0,0
გრძედი,0,0,0,0,0,0,0,0,0,0
გრძივი,0,0,0,0,0,0,0,0,0,0
გრძივი,0,0,0,0,0,0,0,0,0,0
ლოო,0,0,1,0,0,1,0,0,0,0
ფრთხილად,0,0,0,0,0,0,0,0,0,0
ზეწარი,0,1,0,1,0,1,0,0,0,0
მოსალოდნელია,0,0,0,0,0,0,0,0,0,0
ლოონი,0,0,1,0,0,1,0,0,0,0
ლონი,0,0,0,0,0,1,0,0,0,0
მარყუჟი,0,0,0,0,0,0,0,0,0,0
ხვრელი,0,0,0,0,0,0,0,0,0,0
გაფხვიერება,0,0,0,0,0,0,0,0,0,0
შესუსტება,0,0,0,0,0,0,0,0,0,0
ნაძარცვი,0,0,0,0,0,1,0,0,0,0
ლოპ,0,0,0,0,0,0,0,0,0,0
დახრილი,0,0,0,0,0,0,0,0,0,0
უფალო,0,0,1,0,0,1,1,0,0,1
ბატონები,0,0,0,0,0,0,0,0,0,0
ბატონობა,0,0,0,0,0,0,1,0,0,0
ცნობა,0,0,0,0,0,0,0,0,0,0
სატვირთო მანქანა,0,0,0,0,0,0,0,0,0,0
დაკარგავს,1,0,1,1,0,1,0,1,1,0
კარგავს,1,0,0,0,0,1,0,1,0,0
დაკარგვა,1,0,0,1,0,1,0,1,0,0
დაკარგული,0,0,0,0,0,1,0,1,0,0
ბევრი,0,0,0,0,0,0,0,0,0,0
ლოსიონი,0,0,0,0,0,0,0,0,0,0
ბევრი,0,0,0,0,0,0,0,0,0,0
ლატარია,0,1,0,0,0,0,0,0,0,0
ლოტო,0,0,0,0,0,0,0,0,0,0
ხმამაღალი,0,0,0,0,0,0,0,0,0,0
ხმამაღლა,0,0,0,0,0,0,0,0,0,0
ხმამაღალი,1,0,0,0,0,1,0,0,0,0
ლაუნჯი,0,0,0,0,0,1,0,0,0,0
ლოსი,0,0,1,0,0,1,0,0,0,0
საყვარელი,0,0,0,0,1,0,1,0,0,1
სიყვარული,0,0,0,0,1,0,1,0,0,0
საყვარელი,0,1,0,0,1,0,1,1,1,1
სიყვარულის კეთება,0,0,0,0,1,0,1,0,0,1
შეყვარებული,0,1,0,0,1,0,1,0,0,1
მოსიყვარულე,0,0,0,0,1,0,1,0,0,1
ქვედა,0,0,0,0,0,1,0,1,0,0
დაწევა,0,0,0,0,0,1,0,0,0,0
უმდაბლესი,0,0,0,0,0,1,0,1,0,0
დაბლობები,0,0,0,0,0,1,0,0,0,0
მდაბალი,0,0,0,0,0,1,0,1,0,0
ერთგული,0,0,0,1,1,0,1,0,1,1
ერთგულება,0,0,0,0,0,0,1,0,0,1
შეზეთვა,0,0,0,0,0,0,0,0,0,0
შეზეთვა,0,0,0,0,0,0,0,0,0,0
იღბალი,0,1,0,0,1,0,1,0,1,0
იღბლიანი,0,0,0,0,1,0,1,0,1,0
სასაცილო,0,0,0,0,0,1,0,0,0,0
ლულა,0,0,0,0,0,0,0,0,0,0
ბარგი,0,0,0,0,0,0,0,0,0,0
სიმშვიდე,0,1,0,0,0,0,0,0,0,0
იავნანა,0,0,0,0,0,0,0,0,0,0
წელის,0,0,0,0,0,0,0,0,0,0
ხე-ტყე,0,0,0,0,0,0,0,0,0,0
ხისტი,0,0,0,0,0,1,0,0,0,0
ლუმინესცენტური,0,0,0,0,0,0,0,0,0,0
მანათობელი,0,0,0,0,0,0,0,0,0,0
ერთიანად,0,0,0,0,0,1,0,0,0,0
ერთიანად,0,0,1,0,0,1,0,0,0,0
სიგიჟე,1,0,1,1,0,1,0,1,0,0
მთვარის,0,0,0,0,0,0,0,0,0,0
გიჟი,1,0,1,1,0,1,0,0,0,0
სადილი,0,0,0,0,0,0,0,0,0,0
სადილი,0,0,0,0,0,0,0,0,0,0
ლანგერი,0,0,0,0,0,0,0,0,1,0
ფილტვები,0,0,0,0,0,0,0,0,0,0
ლურჩი,0,0,0,0,0,1,0,0,0,0
მოტყუება,0,0,0,0,0,1,0,0,0,0
საზიზღარი,0,0,1,0,0,1,0,0,0,0
იმალება,0,0,0,0,0,1,0,0,0,0
იმალება,0,0,0,0,0,1,0,0,0,0
ტკბილი,0,1,0,0,1,0,1,0,0,0
აყვავებულ,0,0,1,0,0,1,0,1,0,0
ვნება,0,1,0,0,0,1,0,0,0,0
ბრწყინვალება,0,0,0,0,1,0,1,0,0,0
ვნებიანი,0,0,0,0,0,1,0,0,0,0
მბზინავი,0,0,0,0,0,0,1,0,0,0
მგზნებარე,0,0,1,0,0,0,0,0,0,0
ლუტი,0,0,0,0,0,0,0,0,0,0
მდიდრული,0,0,0,0,0,0,1,0,0,0
მდიდრული,0,0,0,0,1,0,1,0,0,0
ფუფუნება,0,0,0,0,1,0,1,0,0,0
იტყუება,1,0,1,0,0,1,0,0,0,0
ლიმფური,0,0,0,0,0,0,0,0,0,0
ლიმფური,0,0,0,0,0,0,0,0,0,0
ლინჩი,1,0,1,1,0,1,0,1,0,0
ფოცხვერი,0,0,0,0,0,0,0,0,0,0
ლირა,0,0,0,0,1,0,1,0,0,0
ტექსტი,0,0,0,0,0,0,0,0,0,0
ლირიკული,0,0,0,0,1,0,1,0,0,0
მაკე,0,0,0,1,0,1,0,0,0,0
მანქანა,0,0,0,0,0,0,0,0,0,1
მანქანები,0,0,0,0,0,0,0,0,0,0
მემანქანე,0,0,0,0,0,0,0,0,0,0
სკუმბრია,0,0,0,0,0,0,0,0,0,0
შეშლილი,1,0,1,1,0,1,0,1,0,0
ქალბატონი,0,0,0,0,0,0,0,0,0,0
ქალბატონო,0,0,0,0,0,0,0,0,0,0
შეშლილი,1,0,0,1,0,1,0,0,0,0
გიჟი,1,0,0,1,0,1,0,0,0,0
სიგიჟე,1,0,0,1,0,1,0,0,0,0
მაფია,0,0,0,1,0,1,0,0,0,0
ჟურნალი,0,0,0,0,0,0,0,0,0,0
მაგის,0,0,0,1,0,0,0,0,0,0
მაგენტა,0,0,0,0,0,0,0,0,0,0
ყაჩაღი,0,0,1,0,0,1,0,0,0,0
მაგია,0,0,0,0,0,0,0,0,0,0
ჯადოსნური,0,1,0,0,1,0,1,0,1,0
ჯადოქარი,0,0,0,0,0,0,0,0,1,0
მაგისტრატი,0,0,0,0,0,0,0,0,0,0
მაგმა,0,0,0,0,0,0,0,0,0,0
მაგნატი,0,0,0,0,0,0,0,0,0,0
მაგნიტი,0,0,0,0,0,0,1,0,0,1
მაგნეტიზმი,0,0,0,0,0,0,1,0,0,0
მაგნეტიტი,0,0,0,0,0,0,1,0,0,0
დიდებულება,0,1,0,0,1,0,1,0,0,1
დიდებული,0,1,0,0,1,0,1,0,1,1
გამადიდებელი,0,0,0,0,0,0,0,0,0,0
გადიდება,0,0,0,0,0,0,0,0,0,0
სიდიდე,0,0,0,0,0,0,0,0,0,0
კაჭკაჭი,0,0,0,0,0,0,0,0,0,0
მოახლე,0,0,0,0,0,0,0,0,0,0
ქალწული,0,0,0,0,0,0,1,0,0,0
ფოსტა,0,1,0,0,0,0,0,0,0,0
მთავარი,0,0,0,0,0,0,1,0,0,0
მატერიკზე,0,0,0,0,0,0,0,0,0,0
საყრდენი,0,0,0,0,0,0,1,0,0,1
მოვლა,0,0,0,0,0,0,0,0,0,1
დიდებული,0,1,0,0,1,0,1,0,1,1
დიდებულება,0,0,0,0,0,0,1,0,0,1
მაიორი,0,0,0,0,0,0,1,0,0,0
უმრავლესობა,0,0,0,0,1,0,1,0,0,1
გააკეთოს,0,0,0,0,0,0,0,0,0,0
შემქმნელი,0,0,0,0,0,0,0,0,0,0
იმპროვიზირებული,0,0,0,0,0,1,0,0,0,0
მაკიაჟი,0,0,0,0,0,0,0,0,0,0
ავად,0,0,0,0,0,1,0,0,0,0
სისუსტე,0,0,0,0,0,1,0,1,0,0
მალარია,0,0,1,1,0,1,0,1,0,0
ბოროტი,1,0,1,1,0,1,0,1,0,0
ბოროტმოქმედება,0,0,1,0,0,1,0,0,0,0
მალფორმაცია,0,0,0,0,0,1,0,0,0,0
ბოროტება,1,0,0,1,0,1,0,0,0,0
მავნე,1,0,1,1,0,1,0,1,0,0
ავთვისებიანი,1,0,1,0,0,1,0,0,0,0
ავთვისებიანი სიმსივნე,0,0,0,1,0,1,0,1,0,0
ავთვისებიანი,1,0,0,1,0,1,0,0,0,0
სავაჭრო ცენტრი,0,0,0,0,0,0,0,0,0,0
მოქნილი,0,0,0,0,0,0,0,0,0,0
ჩაქუჩი,0,0,0,0,0,0,0,0,0,0
არასწორი პრაქტიკა,1,0,0,0,0,1,0,0,0,0
დედა,0,0,0,0,0,0,0,0,0,1
ძუძუმწოვარი,0,0,0,0,0,0,0,0,0,0
მამონტი,0,0,0,0,0,0,0,0,0,0
მართვა,0,0,0,0,0,0,1,0,0,1
მენეჯმენტი,0,0,0,0,0,0,1,0,0,1
მენეჯერი,0,0,0,0,0,0,0,0,0,0
მანდამუსი,0,0,0,1,0,1,0,0,0,0
მანდარინი,0,0,0,0,0,0,1,0,0,1
მანდატი,0,0,0,0,0,0,0,0,0,0
ქვედა ყბის,0,0,0,0,0,0,0,0,0,0
მანდოლინა,0,0,0,0,0,0,0,0,0,0
მანდრილი,0,0,0,0,0,0,0,0,0,0
მანე,0,0,0,0,0,0,0,0,0,0
მანევრირება,0,0,0,0,0,0,0,0,0,0
მანევრირება,0,0,0,0,0,0,0,0,0,0
მანჟი,0,0,1,1,0,1,0,0,0,0
ბაგალი,0,0,0,0,0,0,0,0,0,0
მანგლელი,1,0,1,1,0,1,0,1,0,0
მანგო,0,0,0,0,0,0,0,0,0,0
მანგოსტინი,0,0,0,0,0,0,0,0,0,0
ვაჟკაცობა,0,0,0,0,0,0,1,0,0,0
მანია,0,0,0,0,0,1,0,0,0,0
მანიაკი,1,0,0,1,0,1,0,0,0,0
მანიაკალური,0,0,0,0,0,1,0,0,0,0
მანიკური,0,0,0,0,0,0,0,0,0,0
მანიფესტი,0,0,0,0,0,0,0,0,0,0
გამოვლინება,0,0,0,1,0,0,0,0,0,0
გამოვლინდა,0,0,0,0,0,0,1,0,0,0
აშკარად,0,0,0,0,0,0,0,0,0,0
მანიფესტი,0,0,0,0,0,0,0,0,0,0
მრავალმხრივი,0,0,0,0,0,0,0,0,0,0
მანიპულირება,0,0,0,0,0,1,0,0,0,0
მანიპულირება,1,0,0,1,0,1,0,0,0,0
კაცობრიობა,0,0,0,0,0,0,0,0,0,0
ვაჟკაცური,0,0,0,0,0,0,1,0,0,0
მანანა,0,0,0,0,0,0,1,0,0,0
მანერა,0,0,0,0,0,0,0,0,0,0
მოწესრიგებული,0,0,0,0,0,0,1,0,0,0
მანერები,0,0,0,0,0,0,1,0,0,0
მამული,0,0,0,0,0,0,0,0,0,0
სასახლე,0,0,0,0,0,0,0,0,0,0
გაუფრთხილებლობით მკვლელობა,1,0,1,1,0,1,0,1,1,0
მანტია,0,0,0,0,0,0,0,0,0,0
სახელმძღვანელო,0,0,0,0,0,0,0,0,0,1
წარმოება,0,0,0,0,0,0,0,0,0,0
მწარმოებელი,0,0,0,0,0,0,1,0,0,0
სასუქი,0,0,1,0,0,1,0,0,0,0
ხელნაწერი,0,0,0,0,0,0,0,0,0,0
რუკა,0,0,0,0,0,0,0,0,0,0
მარ,0,0,0,0,0,1,0,0,0,0
მარმარილო,0,0,0,0,0,0,0,0,0,0
მარმარილოთი,0,0,0,0,0,0,0,0,0,0
მარმარილოები,0,0,0,0,0,0,0,0,0,0
მარში,0,0,0,0,0,0,1,0,0,0
კვერნა,0,0,0,0,0,0,0,0,0,0
ზღვარი,0,0,0,0,0,1,0,1,0,0
მარგინალური,0,0,0,0,0,0,0,0,0,0
მარიხუანა,0,0,0,0,0,0,0,0,0,0
საზღვაო,0,0,0,0,0,0,0,0,0,1
მეზღვაური,0,0,0,0,0,0,0,0,0,0
საზღვაო,0,0,0,0,0,0,0,0,0,0
ნიშანი,0,0,0,0,0,0,0,0,0,0
მონიშნული,0,0,0,0,0,0,1,0,0,0
ბაზარი,0,0,0,0,0,0,0,0,0,0
საბაზრო,0,0,0,0,0,0,1,0,0,0
ბაზარი,0,0,0,0,0,0,0,0,0,0
ნიშნები,0,0,0,0,0,0,0,0,0,0
მერგელი,0,0,0,0,0,0,0,0,0,0
მარმელადი,0,0,0,0,0,0,0,0,0,0
შავგვრემანი,0,0,0,0,0,1,0,0,0,0
მარხილი,0,0,0,0,0,0,0,0,0,0
მარკიზს,0,0,0,0,0,0,1,0,0,0
ქორწინება,0,1,0,0,1,0,1,0,0,1
გათხოვილი,0,0,0,0,0,0,0,0,0,0
ტვინი,0,0,0,0,1,0,1,0,0,1
გათხოვება,0,1,0,1,1,0,1,0,1,1
ჭაობი,0,0,0,0,0,0,0,0,0,0
მარშალი,0,0,0,0,0,0,1,0,0,1
მარტი,0,0,0,0,0,0,0,0,0,0
საბრძოლო,1,0,0,0,0,0,0,0,0,0
მარტინგეილი,0,0,0,0,0,1,0,0,0,0
მოწამე,0,0,0,1,0,1,0,1,0,0
მოწამეობრივი,0,0,0,1,0,1,0,1,0,0
გაოცება,0,0,0,0,0,0,1,0,1,0
საოცარი,0,0,0,0,1,0,1,0,0,0
საოცრად,0,0,0,0,1,0,1,0,0,0
მამაკაცური,0,0,0,0,0,0,1,0,0,0
მამაკაცურობა,0,0,0,0,0,0,0,0,0,0
ბადაგი,0,0,0,0,0,0,0,0,0,0
ნიღაბი,0,0,0,0,0,0,0,0,0,0
მაზოხიზმი,1,0,1,1,0,1,0,0,0,0
მეისონი,0,0,0,0,0,0,0,0,0,0
მასკარადი,0,0,0,0,0,0,0,0,0,0
მასა,0,0,0,0,0,0,0,0,0,0
ხოცვა-ჟლეტა,1,0,1,1,0,1,0,1,0,0
მასაჟი,0,0,0,0,1,0,1,0,0,0
მასიური,0,0,0,0,0,0,0,0,0,0
ოსტატი,0,0,0,0,0,0,1,0,0,0
ოსტატი,0,0,0,0,0,0,0,0,0,0
ხელოვნების ნიმუში,0,0,0,0,1,0,1,0,0,0
ოსტატობა,1,0,0,0,1,0,1,0,0,1
მასტურბირება,0,0,0,0,0,0,0,0,0,0
მასტურბაცია,0,0,0,0,0,0,0,0,0,0
ხალიჩა,0,0,0,0,0,0,0,0,0,0
მატჩი,0,0,0,0,0,0,0,0,0,0
შესატყვისი,0,0,0,0,0,0,0,0,0,0
მაჭანკალი,0,1,0,0,0,0,0,0,0,0
მათე,0,0,0,0,0,0,1,0,0,1
მასალა,0,0,0,0,0,0,0,0,0,0
მატერიალიზმი,0,0,0,0,0,1,0,0,0,0
მატერიალისტი,0,0,1,0,0,1,0,0,0,0
მატერიალისტური,0,0,0,0,0,0,0,0,0,0
მატერიალურობა,0,0,0,0,0,0,0,0,0,0
მატერიალიზება,0,0,0,0,0,0,0,0,0,0
მატერიალურად,0,0,0,0,0,0,0,0,0,0
მასალები,0,0,0,0,0,0,0,0,0,0
მასალა,0,0,0,0,0,0,0,0,0,0
დედობრივი,0,1,0,0,0,1,1,0,0,0
სამშობიარო,0,0,0,0,0,0,0,0,0,0
მათემატიკური,0,0,0,0,0,0,0,0,0,1
მათემატიკოსი,0,0,0,0,0,0,0,0,0,0
მათემატიკა,0,0,0,0,0,0,0,0,0,0
მატრიკულაცია,0,0,0,0,0,0,0,0,0,0
ქორწინება,0,1,0,0,1,0,1,0,0,1
მატრიცა,0,0,0,0,0,0,0,0,0,0
მატრონა,0,0,0,0,0,0,1,0,0,1
მქრქალი,0,0,0,0,0,0,0,0,0,0
მატერია,0,0,0,0,0,0,0,0,0,0
მქრქალი,0,0,0,0,0,0,0,0,0,0
ლეიბი,0,0,0,0,0,0,0,0,0,0
მომწიფება,0,0,0,0,0,0,0,0,0,0
სიმწიფე,0,0,0,0,0,0,0,0,0,0
მავზოლეუმი,0,0,0,0,0,0,0,1,0,0
მეწამული,0,0,0,0,0,0,0,0,0,0
მაქსიმ,0,0,0,0,0,0,0,0,0,1
მაქსიმუმ,0,0,0,0,0,0,1,0,0,0
მერი,0,0,0,0,0,0,1,0,0,0
ლაბირინთში,0,0,0,0,0,0,0,0,0,0
მედი,0,0,0,0,0,0,0,0,0,0
მდელოს,0,0,0,0,0,0,1,0,0,0
კვება,0,0,0,0,0,0,0,0,0,0
მეანდრი,0,0,0,0,0,0,0,0,0,0
მეანდრირება,0,0,0,0,0,1,0,0,0,0
მნიშვნელობა,0,0,0,0,0,0,0,0,0,0
უაზრო,0,0,0,0,0,1,0,1,0,0
ნიშნავს,0,0,0,0,0,0,0,0,0,0
ამასობაში,0,0,0,0,0,0,0,0,0,0
წითელა,0,0,1,1,0,1,0,1,0,0
გაზომვადი,0,0,0,0,0,0,0,0,0,0
საზომი,0,0,0,0,0,0,0,0,0,1
მოზომილი,0,0,0,0,0,0,1,0,0,1
გაზომვა,0,0,0,0,0,0,0,0,0,0
საზომი,0,0,0,0,0,0,0,0,0,0
ხორცი,0,0,0,0,0,0,0,0,0,0
მექანიკოსი,0,0,0,0,0,0,0,0,0,0
მექანიკური,0,0,0,0,0,0,0,0,0,0
მექანიზმი,0,0,0,0,0,0,0,0,0,0
მედალი,0,1,0,0,1,0,1,0,1,1
მედალიონი,0,0,0,0,0,0,0,0,0,0
მედალოსანი,0,0,0,0,0,0,0,0,0,0
ჩარევა,1,0,0,0,0,1,0,0,0,0
ჩარევა,0,0,0,0,0,0,0,0,0,0
მედია,0,0,0,0,0,0,0,0,0,0
მედიალური,0,0,0,0,0,0,0,0,0,0
მედიანური,0,0,0,0,0,0,0,0,0,0
შუამავალი,0,1,0,0,0,0,1,0,0,1
მედიაცია,0,0,0,0,0,0,1,0,0,0
შუამავალი,0,1,0,0,0,0,1,0,0,1
სამედიცინო,0,1,0,1,0,0,1,0,0,1
სამკურნალო,0,0,0,0,0,0,0,0,0,0
წამალი,0,0,0,0,0,0,0,0,0,0
შუა საუკუნეების,0,0,0,0,0,0,0,0,0,0
უღიმღამო,0,0,0,0,0,1,0,0,0,0
მედიდურობა,0,0,0,0,0,1,0,0,0,0
მედიტაცია,0,1,0,0,1,0,1,0,0,1
მედიტაცია,0,0,0,0,0,0,0,0,0,0
მედიტაციური,0,0,0,0,0,0,0,0,0,0
ხმელთაშუა,0,0,0,0,0,0,1,0,0,0
საშუალო,0,0,0,0,0,0,0,0,0,0
შერეული,0,0,0,0,0,0,1,0,0,0
თვინიერი,0,0,0,0,0,0,0,1,0,0
შეხვედრა,0,0,0,0,0,0,0,0,0,0
შეხვედრა,0,0,0,0,0,0,0,0,0,0
მელანქოლიური,0,0,0,0,0,1,0,1,0,0
სევდა,0,0,0,0,0,1,0,1,0,0
melee,0,0,0,1,0,1,0,0,0,0
მელოდიური,0,0,0,0,0,0,0,0,0,0
მელოდრამა,1,0,0,0,0,1,0,1,0,0
მელოდრამატული,0,0,0,0,0,0,0,0,0,0
მელოდია,0,0,0,0,0,0,0,0,0,0
დნება,0,0,0,0,0,0,0,0,0,0
დადნობა,0,0,0,0,0,1,0,1,0,0
დნობის,0,0,0,0,0,0,0,0,0,0
წევრი,0,0,0,0,0,0,0,0,0,0
მემბრანა,0,0,0,0,0,0,0,0,0,0
სამახსოვრო,0,0,0,0,0,0,1,0,0,0
შენიშვნა,0,0,0,0,0,0,0,0,0,0
მოგონება,0,0,0,0,0,0,0,0,0,0
სამახსოვრო ნივთები,0,0,0,0,0,0,0,0,0,0
სამახსოვრო,0,0,0,0,1,0,1,0,1,1
მემორანდუმი,0,0,0,0,0,0,0,0,0,0
მემორიალი,0,0,0,0,0,0,0,0,0,0
მემორიალი,0,0,0,0,0,0,0,1,0,0
დაიმახსოვრე,0,0,0,0,0,0,0,0,0,0
მეხსიერება,0,0,0,0,0,0,0,0,0,0
მუქარა,1,0,0,1,0,1,0,0,0,0
მუქარის,1,0,0,1,0,1,0,0,0,0
მენეჯერია,0,0,0,0,0,0,0,0,0,0
გამოსწორება,0,0,0,0,0,0,0,0,0,0
გამოსწორება,0,0,0,0,0,0,1,0,0,0
მსახური,0,0,0,0,0,1,0,0,0,0
მენისკი,0,0,0,0,0,0,0,0,0,0
მენსტრუაცია,0,0,0,0,0,0,1,0,0,0
მენსტრუალური,0,0,0,0,0,0,0,0,0,0
გონებრივი,0,0,0,0,0,0,0,0,0,0
ხსენება,0,0,0,0,0,0,0,0,0,0
მენტორი,0,0,0,0,0,0,1,0,0,1
მენიუ,0,0,0,0,0,0,0,0,0,0
მიაუ,0,0,0,0,0,0,0,0,0,0
მერკანტილური,0,0,0,0,0,0,0,0,0,0
დაქირავებული,0,0,0,1,0,1,0,0,0,0
ნაკეთობა,0,0,0,0,0,0,0,0,0,0
ვაჭარი,0,0,0,0,0,0,0,0,0,1
მოწყალე,0,0,0,0,0,0,1,0,0,0
უმოწყალო,0,0,0,1,0,1,0,0,0,0
მერკურიული,0,0,0,0,0,0,0,0,0,0
წყალობა,0,0,0,0,0,0,1,0,0,0
უბრალო,0,0,0,0,0,0,0,0,0,0
შერწყმა,0,1,0,0,0,0,1,0,0,0
მერიდიანი,0,0,0,0,0,0,0,0,0,0
მერიდიალური,0,0,0,0,0,0,0,0,0,0
დამსახურება,0,0,0,0,0,0,1,0,0,1
დამსახურებული,0,0,0,0,1,0,1,0,0,1
ქალთევზა,0,0,0,0,0,0,0,0,0,0
მხიარულება,0,0,0,0,1,0,1,0,1,0
მხიარულ,0,0,0,0,1,0,1,0,0,0
მესა,0,0,0,0,0,0,0,0,0,0
ბადე,0,0,0,0,0,0,0,0,0,0
ბადეები,0,0,0,0,0,0,0,0,0,0
მოხიბლული,0,0,0,0,0,0,0,0,0,0
არეულობა,0,0,1,0,0,1,0,0,0,0
შეტყობინება,0,0,0,0,0,0,0,0,0,0
მესინჯერი,0,0,0,0,0,0,0,0,0,1
არეული,0,0,1,0,0,1,0,0,0,0
მეტაბოლიზმს,0,0,0,0,0,0,0,0,0,0
ლითონის,0,0,0,0,0,0,0,0,0,0
მეტალურგია,0,0,0,0,0,0,0,0,0,0
მეტამორფოზა,0,0,0,0,0,0,0,0,0,0
მეტაფორა,0,0,0,0,0,0,0,0,0,0
მეტაფორული,0,0,0,0,0,0,0,0,0,0
მეტაფიზიკური,0,0,0,0,0,0,0,0,0,0
მეტაფიზიკა,0,0,0,0,0,0,0,0,0,0
მეტასტაზი,0,0,0,0,0,1,0,0,0,0
მეტეორი,0,0,0,0,0,0,0,0,0,0
მეტეორიული,0,0,0,0,0,0,0,0,0,0
მეტეორიტი,0,0,0,0,0,0,0,0,0,0
მეტეოროლოგიური,0,0,0,0,0,0,0,0,0,0
მეტეოროლოგია,0,0,0,0,0,0,0,0,0,0
მეტრი,0,0,0,0,0,0,0,0,0,0
მეთანოლი,0,0,0,0,0,1,0,0,0,0
მეთოდი,0,0,0,0,0,0,0,0,0,0
მეთოდური,0,0,0,0,0,0,0,0,0,0
ზედმიწევნითი,0,0,0,0,0,0,0,0,0,0
მეტრიკა,0,0,0,0,0,0,0,0,0,0
მეტრული,0,0,0,0,0,0,0,0,0,0
მეტროლოგია,0,0,0,0,0,0,0,0,0,0
მეტროპოლია,0,0,0,0,0,0,0,0,0,0
მიტროპოლიტი,0,0,0,0,0,0,1,0,0,0
მეტელე,0,0,0,0,0,0,1,0,0,0
მევ,0,0,0,0,0,0,0,0,0,0
მიკა,0,0,0,0,0,0,0,0,0,0
მიკი,0,0,0,0,0,0,0,0,0,0
მიკრობი,0,0,0,0,0,0,0,0,0,0
მიკრობიოლოგია,0,0,0,0,0,0,0,0,0,0
მიკროსამყარო,0,0,0,0,0,0,0,0,0,0
მიკროგრამი,0,0,0,0,0,0,0,0,0,0
მიკრომეტრი,0,0,0,0,0,0,0,0,0,0
მიკრონი,0,0,0,0,0,0,0,0,0,0
მიკროფონი,0,0,0,0,0,0,0,0,0,0
მიკროსკოპი,0,0,0,0,0,0,0,0,0,1
მიკროსკოპული,0,0,0,0,0,0,0,0,0,0
მიკროსკოპულად,0,0,0,0,0,0,0,0,0,0
მიკროსკოპია,0,0,0,0,0,0,1,0,0,0
შუა,0,0,0,0,0,0,0,0,0,0
შუადღე,0,0,0,0,0,0,0,0,0,0
შუა,0,0,0,0,0,0,0,0,0,0
შუამავალი,0,0,0,0,0,0,0,0,0,0
მიდლენდი,0,0,0,0,0,0,0,0,0,0
შუაღამისას,0,0,0,0,0,0,0,0,0,0
შუაგულში,0,0,0,0,0,0,0,0,0,0
შუა ზაფხულში,0,0,0,0,0,0,0,0,0,0
შუა გზაზე,0,0,0,0,0,0,0,0,0,0
ბებიაქალი,0,1,0,0,1,1,1,0,0,1
მეანობა,0,0,0,0,0,0,1,0,0,0
მიენი,0,0,0,0,0,0,0,0,0,0
ძლიერი,1,0,0,1,1,0,1,0,0,1
მიგრაცია,0,0,0,0,0,0,0,0,0,0
მიგრაცია,0,0,0,0,0,0,0,0,0,0
გადამფრენი,0,0,0,0,0,0,0,0,0,0
მაიკი,0,0,0,0,0,0,0,0,0,0
ნაცხი,0,0,1,0,0,1,0,0,0,0
მილი,0,0,0,0,0,0,0,0,0,0
გარბენი,0,0,0,0,0,0,0,0,0,0
საეტაპო,0,0,0,0,0,0,0,0,0,0
მებრძოლი,0,0,0,0,0,0,0,0,0,0
სამხედრო,0,0,0,1,0,0,0,0,0,0
მილიცია,1,0,0,1,0,1,0,1,0,0
რძე,0,0,0,0,0,0,0,0,0,0
რძიანი,0,0,0,0,0,0,0,0,0,0
წისქვილზე,0,1,0,0,0,0,0,0,0,0
ათასწლეულის,0,0,0,0,0,0,0,0,0,0
მილიგრამი,0,0,0,0,0,0,0,0,0,0
მილიმეტრიანი,0,0,0,0,0,0,0,0,0,0
მილიონი,0,0,0,0,0,0,0,0,0,0
მილიონერი,0,0,0,0,0,0,0,0,0,0
მიმიკა,0,0,0,0,0,0,1,0,0,0
მიმიკა,0,0,0,0,0,0,0,0,0,0
მიბაძავს,0,0,0,0,0,0,0,0,0,0
მიმიკა,0,0,0,0,0,1,0,0,1,0
გონება,0,0,0,0,0,0,0,0,0,0
მოაზროვნე,0,0,0,0,0,0,0,0,0,0
გონებამახვილი,0,0,0,0,0,0,1,0,0,0
გონებამახვილობა,0,0,0,0,0,0,1,0,0,0
ჩემი,0,0,0,0,0,0,0,0,0,0
მაღაროელი,0,0,0,0,0,0,0,0,0,0
მინერალური,0,0,0,0,0,0,0,0,0,0
მინერალოგია,0,0,0,0,0,0,0,0,0,0
შერევა,0,0,0,0,0,0,0,0,0,0
შერეული,0,0,0,0,0,0,0,0,0,0
მინიატურული,0,0,0,0,0,0,0,0,0,0
მიკროავტობუსი,0,0,0,0,0,0,0,0,0,0
მინიმალური,0,0,0,0,0,0,0,0,0,0
მინიმუმამდე დაყვანა,0,0,0,0,0,1,0,0,0,0
მინიმალური,0,0,0,0,0,1,0,0,0,0
მინისტრი,0,0,0,0,0,0,0,0,0,0
მინისტერიალი,0,0,0,0,0,0,0,0,0,0
სამინისტრო,0,0,0,0,1,0,1,0,0,1
მინივენი,0,0,0,0,0,0,0,0,0,0
მინოუ,0,0,0,0,0,0,0,0,0,0
მცირეწლოვანი,0,0,0,0,0,0,0,0,0,0
უმცირესობა,0,0,0,0,0,1,0,0,0,0
მენისტრელი,0,0,0,0,0,0,0,0,0,0
პიტნის,0,0,0,0,0,0,0,0,0,0
მინუსკულური,0,0,0,0,0,0,0,0,0,0
წუთი,0,0,0,0,0,0,0,0,0,0
წვრილმანები,0,0,0,0,0,0,0,0,0,0
მირ,0,0,0,0,0,0,0,0,0,0
სასწაული,0,1,0,0,1,0,1,0,1,1
სასწაულმოქმედი,0,0,0,0,1,0,1,0,1,0
მირაჟი,0,0,0,0,0,0,0,0,0,0
ჭალა,0,0,1,0,0,1,0,0,0,0
სარკე,0,0,0,0,0,0,0,0,0,0
მხიარულება,0,0,0,0,1,0,1,0,0,0
მითვისება,0,0,0,0,0,0,0,0,0,0
არასწორი ქცევა,1,0,1,0,0,1,0,0,1,0
სპონტანური აბორტი,0,0,0,1,0,1,0,1,0,0
სხვადასხვა,0,0,0,0,0,0,0,0,0,0
სხვადასხვა,0,0,0,0,0,0,0,0,0,0
ბოროტმოქმედება,0,0,0,0,0,1,0,0,0,0
ცელქი,0,0,0,0,0,1,0,0,0,0
მცდარი წარმოდგენა,1,0,1,1,0,1,0,0,0,0
არასწორი ქცევა,0,0,1,0,0,1,0,0,0,0
გადაცდომა,0,0,0,0,0,0,0,0,0,0
საწყალი,1,0,1,0,0,1,0,1,0,0
საწყალი,0,0,0,0,0,1,0,1,0,0
უბედურება,1,0,1,1,0,1,0,1,0,0
უბედურება,0,0,0,1,0,1,0,1,0,0
არასწორი,0,0,1,0,0,1,0,0,0,0
უბედურება,0,0,1,1,0,1,0,1,1,0
დეზინფორმაცია,0,0,0,0,0,0,0,0,0,0
არასწორი ინტერპრეტაცია,0,0,0,0,0,1,0,0,0,0
შეცდომაში შეყვანა,1,0,0,1,0,1,0,0,0,1
შეცდომაში შემყვანი,1,0,1,0,0,1,0,0,0,0
არასწორი მართვა,0,0,0,0,0,1,0,0,0,0
შეუსაბამობა,0,0,0,0,0,1,0,0,0,0
შეუსაბამო,0,0,0,0,0,0,0,0,0,0
არასწორი სახელი,0,0,0,0,0,1,0,0,0,0
არასწორი ადგილი,1,0,1,0,0,1,0,0,0,0
უადგილო,0,0,0,0,0,1,0,0,0,0
არასწორი წარმოდგენა,0,0,0,0,0,1,0,0,0,0
არასწორი წარმოდგენა,0,0,0,0,0,1,0,1,0,0
არასწორად წარმოაჩინა,1,0,0,0,0,1,0,0,0,0
მის,0,0,0,0,0,0,0,0,0,0
რაკეტა,0,0,0,1,0,0,0,0,0,0
დაკარგული,0,0,0,1,0,1,0,1,0,0
მისია,0,0,0,0,0,0,0,0,0,0
მისიონერული,0,0,0,0,0,0,1,0,0,0
არასწორი განცხადება,1,0,1,0,0,1,0,0,0,0
ნისლი,0,0,0,0,0,0,0,0,0,0
შეცდომა,0,0,0,0,0,1,0,1,0,0
შეცდა,0,0,0,1,0,1,0,0,0,0
ბატონო,0,0,0,0,0,0,0,0,0,0
ბედია,1,0,1,0,0,1,0,0,0,0
უნდობლობა,0,0,1,1,0,1,0,0,0,0
დაბურული,0,0,0,0,0,0,0,0,0,0
გაუგებრობა,0,0,0,0,0,1,0,0,0,0
გაუგებრობა,1,0,0,0,0,1,0,1,0,0
ბოროტად გამოყენება,0,0,0,0,0,1,0,0,0,0
ტკიპა,0,0,1,0,0,1,0,0,0,0
მიტრა,0,0,0,0,0,0,0,0,0,0
შერბილება,0,0,0,0,0,0,0,0,0,0
აურიეთ,0,0,0,0,0,0,0,0,0,0
შერეული,0,0,0,0,0,0,0,0,0,0
ნარევი,0,0,0,0,0,0,0,0,0,0
კვნესა,0,0,0,1,0,0,0,1,0,0
თხრილი,0,0,0,0,0,0,0,0,0,1
ბრბო,1,0,0,1,0,1,0,0,0,0
მობილური,0,1,0,0,0,0,0,0,0,0
მობილურობა,0,0,0,0,0,0,0,0,0,0
მობილიზაცია,0,0,0,0,0,0,0,0,0,0
მობილიზება,0,0,0,0,0,0,0,0,0,0
დაცინვა,0,0,1,0,0,1,0,0,0,0
დამცინავი,1,0,1,0,0,1,0,1,0,0
მოდალური,0,0,0,0,0,0,0,0,0,0
მოდალობა,0,0,0,0,0,0,0,0,0,0
რეჟიმი,0,0,0,0,0,0,0,0,0,0
მოდელი,0,0,0,0,0,0,1,0,0,0
მოდელიერი,0,0,0,0,0,0,0,0,0,0
ზომიერი,0,0,0,0,0,0,1,0,0,0
ზომიერად,0,0,0,0,0,0,0,0,0,0
მოდერირება,0,0,0,0,0,0,0,0,0,0
ზომიერება,0,0,0,0,0,0,0,0,0,0
მოდერატორი,0,0,0,0,0,0,1,0,0,1
თანამედროვე,0,0,0,0,0,0,0,0,0,0
მოდერნიზმი,0,0,0,0,0,0,0,0,0,0
მოკრძალებული,0,0,0,0,0,0,1,0,0,1
მოკრძალება,0,0,0,0,0,0,1,0,0,0
მცირე,0,0,0,0,0,0,0,0,0,0
მოდიფიცირებადი,0,0,0,0,0,0,0,0,0,0
მოდიფიკაცია,0,0,0,0,0,0,0,0,0,0
განახლდა,0,0,0,0,0,0,0,0,0,0
მოდიფიცირება,0,0,0,0,0,0,0,0,1,0
მოდულირება,0,0,0,0,0,0,0,0,0,0
მოდულაცია,0,0,0,0,0,0,0,0,0,0
მოდული,0,0,0,0,0,0,0,0,0,0
მოდული,0,0,0,0,0,0,0,0,0,0
მაგნატი,0,0,0,0,0,0,0,0,0,0
ნაწილს,0,0,0,0,0,0,0,0,0,0
ტენიანი,0,0,0,0,0,0,0,0,0,0
ტენიანობა,0,0,0,0,0,0,0,0,0,0
მოლარული,0,0,0,0,0,0,0,0,0,0
მელასა,0,0,0,0,0,0,0,0,0,0
ყალიბი,0,0,0,0,0,0,0,0,0,0
ჩამოსხმული,0,0,0,0,0,0,0,0,0,0
ჩამოსხმა,0,0,0,0,0,0,0,0,0,0
ჩამოსხმული,0,0,0,0,0,0,0,0,0,0
მოლეკულური,0,0,0,0,0,0,0,0,0,0
მოლეკულა,0,0,0,0,0,0,0,0,0,0
შეურაცხყოფა,1,0,1,1,0,1,0,1,0,0
გამდნარი,0,0,0,0,0,0,0,0,0,0
მომენტი,0,0,0,0,0,0,0,0,0,0
წამიერი,0,0,0,0,0,0,0,0,0,0
მნიშვნელოვანი,0,0,0,0,0,0,0,0,0,0
იმპულსი,0,1,0,0,0,0,1,0,0,0
მონადა,0,0,0,0,0,0,0,0,0,0
მონარქი,0,0,0,0,0,0,0,0,0,0
მონარქია,0,0,0,0,0,0,0,0,0,0
მონასტერი,0,0,0,0,0,0,0,0,0,0
სამონასტრო,0,0,0,0,0,0,0,0,0,0
ფულადი,0,1,0,0,0,0,1,0,0,0
ფული,1,1,0,0,1,0,1,0,1,1
ბერი,0,0,0,0,0,0,1,0,0,1
მაიმუნი,0,0,0,0,0,0,0,0,0,0
მონოქრომული,0,0,1,0,0,1,0,0,0,0
მონოგამია,0,0,0,0,0,0,0,0,0,1
მონოგრამა,0,0,0,0,0,0,0,0,0,0
მონოგრაფია,0,0,0,0,0,0,0,0,0,0
ერთფენიანი,0,0,0,0,0,0,0,0,0,0
მონოლოგი,0,0,0,0,0,0,0,0,0,0
მონოპოლისტი,0,0,0,0,0,1,0,0,0,0
მონოპოლია,0,0,0,0,0,0,0,0,0,0
ერთფეროვნება,0,0,0,0,0,0,0,0,0,0
მუსონი,0,0,0,0,0,1,0,1,0,0
მონსტრი,0,0,0,1,0,1,0,0,0,0
ურჩხული,1,0,1,1,0,1,0,0,1,0
მონტე,0,0,0,0,0,0,0,0,0,0
თვე,0,0,0,0,0,0,0,0,0,0
ყოველთვიურად,0,0,0,0,0,0,0,0,0,0
ძეგლი,0,0,0,0,0,0,1,0,0,0
მონუმენტური,0,0,0,0,0,0,0,0,0,0
მუო,0,0,0,0,0,0,0,0,0,0
განწყობები,0,0,0,0,0,0,0,0,0,0
განწყობილი,1,0,0,0,0,1,0,1,0,0
მთვარე,0,0,0,0,0,0,0,0,0,0
მთვარის შუქი,0,0,0,0,0,0,0,0,0,0
შებორკილი,0,0,0,0,0,0,0,0,0,0
შემოსასვლელი,0,0,0,0,0,0,0,0,0,0
სამაგრები,0,0,0,0,0,0,0,0,0,1
ჭალა,0,0,0,0,0,0,0,0,0,0
ლოსი,0,0,0,0,0,0,0,0,0,0
იმიტირებული,0,0,0,0,0,1,0,0,0,0
მოტივირებული,0,0,0,0,0,0,0,0,0,0
mop,0,0,0,0,0,0,0,0,0,0
მორალური,1,0,0,0,0,0,1,0,0,1
მორალი,0,0,0,0,0,0,1,0,0,1
მორალი,1,1,1,0,1,0,1,0,1,1
ხალიჩა,0,0,0,0,0,0,0,0,0,0
მორატორიუმი,0,0,0,0,0,0,0,0,0,0
ავადმყოფური,0,0,0,0,0,1,0,1,0,0
ავადობა,1,0,1,1,0,1,0,1,0,0
მორგი,0,0,1,1,0,1,0,1,0,0
მომაკვდავი,0,0,0,0,0,1,0,1,0,0
დილა,0,1,0,0,0,0,0,0,0,0
დილით,0,0,0,0,0,0,0,0,0,0
ჭკუასუსტი,0,0,0,0,0,1,0,0,0,0
სულელური,0,0,0,0,0,1,0,0,0,0
მორფინი,0,0,0,0,0,0,0,0,0,0
მორფიზმი,0,0,0,0,0,0,0,0,0,0
მორფოლოგია,0,0,0,0,0,0,0,0,0,0
ხვალ,0,1,0,0,0,0,0,0,0,0
ნაჭერი,0,0,0,0,0,1,0,0,0,0
მოკვდავი,0,0,0,0,0,1,0,0,0,0
სიკვდილიანობა,1,0,0,1,0,1,0,1,0,0
ნაღმტყორცნები,0,0,0,0,0,0,1,0,0,0
იპოთეკა,0,0,0,1,0,0,0,0,0,0
იპოთეკარი,0,0,0,0,0,0,0,0,0,1
იპოთეკარი,0,0,0,1,0,0,0,0,0,0
მორტიფიკაცია,0,1,1,1,0,1,0,1,0,0
მოკვდავი,0,0,0,1,0,1,0,1,0,0
მოზაიკა,0,0,0,0,0,0,0,0,0,0
კოღო,1,0,1,0,0,1,0,0,0,0
ხავსი,0,0,0,0,0,0,0,0,0,0
ხავსიანი,0,0,0,0,0,0,0,0,0,0
მოტივი,0,0,0,0,0,0,0,0,0,0
ჩრჩილი,0,0,0,0,0,0,0,0,0,0
დედა,0,1,0,0,1,1,1,1,0,1
დედობა,0,0,0,0,1,0,1,0,0,1
მოძრაობა,0,1,0,0,0,0,0,0,0,0
უმოძრაო,0,0,0,0,0,0,0,0,0,0
მოტივი,0,0,0,0,0,0,1,0,0,0
ჭრელი,0,0,0,0,0,0,0,0,0,0
ძრავა,0,0,0,0,0,0,0,0,0,0
მოტოციკლი,0,0,0,0,0,0,0,0,0,0
მოტოციკლი,0,0,0,0,0,0,0,0,0,0
მოტივი,0,0,0,0,0,0,0,0,0,0
ჭრელი,0,0,0,0,0,0,0,0,0,0
დევიზი,0,0,0,0,0,0,0,0,0,0
ყალიბი,0,0,0,0,0,0,0,0,0,0
ბორცვი,0,0,0,0,0,0,0,0,0,0
მთაზე,0,0,0,0,0,0,0,0,0,0
მთა,0,1,0,0,0,0,0,0,0,0
მთამსვლელი,0,0,0,0,0,0,0,0,0,0
მთიანი,0,0,0,0,0,0,0,0,0,0
გლოვა,0,0,0,0,0,1,0,1,0,0
სამწუხარო,1,0,0,1,0,1,0,1,0,0
გლოვა,0,0,0,0,0,1,0,1,0,0
თაგვი,0,0,0,0,0,0,0,0,0,0
ულვაში,0,0,0,0,0,0,0,0,0,0
პირი,0,0,0,0,0,0,0,0,1,0
პირისპირ,0,0,1,0,0,0,0,0,0,0
რუპორი,0,0,0,0,0,0,0,0,0,0
მოძრავი,0,0,0,0,0,0,1,0,0,0
გადაადგილება,0,0,0,0,0,0,0,0,0,0
მოძრაობა,0,0,0,0,0,0,0,0,0,0
მოძრავი,0,0,0,0,0,0,1,0,0,0
ფილმი,0,0,0,0,0,0,0,0,0,0
მოძრავი,0,0,0,0,0,0,0,0,0,0
სათიბი,0,0,0,0,0,0,0,0,0,0
ნაღვლიანი,0,0,1,0,0,1,0,0,0,0
ლორწოვანი,0,0,1,0,0,0,0,0,0,0
ლორწოს,0,0,1,0,0,0,0,0,0,0
ტალახი,0,0,0,0,0,1,0,0,0,0
არეულობა,0,0,0,0,0,1,0,0,0,0
დაბნეული,0,0,0,0,0,1,0,0,0,0
ტალახიანი,0,0,1,0,0,1,0,0,0,0
მაფი,1,0,1,0,0,1,0,0,0,0
ჩახლეჩილი,0,0,0,0,0,0,0,0,0,0
მაყუჩი,0,0,0,0,0,0,0,0,0,0
ჭიქა,1,0,0,1,0,1,1,1,0,0
ჯორი,1,0,0,0,0,1,0,0,0,1
მრავალმხრივი,0,0,0,0,0,0,0,0,0,0
მრავალჯერადი,0,0,0,0,0,0,0,0,0,0
მულტიპლექსი,0,0,0,0,0,0,0,0,0,0
გამრავლება,0,0,0,0,0,0,0,0,0,0
სიმრავლე,0,0,0,0,0,0,0,0,0,0
გამრავლებული,0,0,0,0,0,0,0,0,0,0
მულტიპლიკატორი,0,0,0,0,0,0,0,0,0,0
გამრავლება,0,0,0,0,0,0,0,0,0,0
სიმრავლე,0,0,0,0,0,0,0,0,0,0
დედა,0,0,0,1,0,1,0,0,0,0
წუწუნი,0,0,0,0,0,1,0,0,0,0
მუმია,0,0,0,0,0,0,0,0,0,0
ყბაყურა,0,0,0,0,0,1,0,0,0,0
მუნჩ,0,0,0,0,0,0,0,0,0,0
ამქვეყნიური,0,0,0,0,0,0,0,0,0,0
მუნიციპალური,0,0,0,0,0,0,0,0,0,0
მუნიციპალიტეტის,0,0,0,0,0,0,0,0,0,0
ფრესკა,0,0,0,0,0,0,0,0,0,0
მკვლელობა,1,0,1,1,0,1,0,1,1,0
მკვლელი,1,0,1,1,0,1,0,1,0,0
მკვლელი,1,0,1,1,0,1,0,1,1,0
ბუნდოვანი,0,0,1,0,0,1,0,1,0,0
წუწუნი,0,0,0,0,0,0,0,0,0,0
კუნთი,0,0,0,0,0,0,0,0,0,0
კუნთოვანი,0,0,0,0,0,0,1,0,0,0
მუზა,0,0,0,0,0,0,0,0,0,0
მუზები,0,0,0,0,0,0,0,0,0,0
მუზეუმი,0,0,0,0,0,0,0,0,0,0
მუშ,0,0,0,0,0,0,0,0,0,0
სოკო,0,0,0,0,0,0,0,0,0,0
მუსიკა,0,0,0,0,1,0,1,1,0,0
მუსიკალური,1,1,0,0,1,0,1,1,1,1
მუსიკოსი,0,0,0,0,0,0,0,0,0,0
ფიქრი,0,0,0,0,0,0,0,0,0,0
მუშკი,0,0,0,0,0,0,0,0,0,0
მუშკეტი,0,0,0,1,0,0,0,0,0,0
მუსლინი,0,0,0,0,0,0,0,0,0,0
მუსუსი,0,0,0,0,0,1,0,0,0,0
მუსტანგი,0,0,0,0,0,0,0,0,0,0
მდოგვი,0,0,0,0,0,0,0,0,0,0
შეკრება,0,0,0,0,0,0,0,0,0,0
ჭუჭყიანი,0,0,1,0,0,1,0,0,0,0
ცვალებადი,0,1,0,0,0,0,1,0,0,0
მუტანტი,0,0,0,0,0,1,0,0,0,0
მუტაცია,0,0,0,0,0,0,0,0,0,0
დასახიჩრებული,0,0,1,0,0,1,0,0,0,0
დასახიჩრება,1,0,1,1,0,1,0,1,0,0
ამბოხი,1,0,1,1,0,1,0,0,1,0
ჩურჩულით,1,0,0,0,0,1,0,0,0,0
ცხვრის ხორცი,0,0,0,0,0,0,0,0,0,0
ორმხრივი,0,0,0,0,0,0,1,0,0,0
ორმხრივად,0,0,0,0,0,0,0,0,0,0
მუწუკი,0,0,0,1,0,1,0,0,0,0
მიოპია,1,0,0,0,0,1,0,1,0,0
მიოპიური,0,0,0,0,0,0,0,0,0,0
უამრავი,0,0,0,0,0,0,0,0,0,0
იდუმალი,0,1,0,1,0,0,0,0,1,0
საიდუმლო,0,1,0,0,0,0,0,0,1,0
მისტიკოსი,0,0,0,0,0,0,0,0,1,0
მისტიური,0,0,0,0,0,0,0,0,0,0
მისტიკა,0,0,0,0,0,0,0,0,0,0
მითი,0,0,0,0,0,0,0,0,0,0
მითიური,0,0,0,0,0,0,0,0,0,0
მითიური,0,0,0,0,0,0,0,0,0,0
მითოლოგიური,0,0,0,0,0,0,0,0,0,0
მითოლოგია,0,0,0,0,0,0,0,0,0,0
ნაბ,0,0,0,0,0,1,0,0,1,0
ნადირი,0,0,0,0,0,1,0,0,0,0
ნაგ,1,0,0,0,0,1,0,0,0,0
ლურსმანი,0,0,0,0,0,0,0,0,0,0
გულუბრყვილო,0,0,0,0,0,1,0,0,0,0
შიშველი,0,0,0,0,0,0,0,0,0,0
დაასახელა,0,0,0,0,0,0,0,0,0,0
უსახელო,0,0,1,0,0,1,0,0,0,0
სახელობის,0,0,0,0,0,0,0,0,0,0
დასახელება,0,0,0,0,0,0,0,0,0,0
ძიძა,0,0,0,0,0,0,0,0,0,0
ნანომეტრი,0,0,0,0,0,0,0,0,0,0
ძილი,0,0,0,0,1,0,1,0,0,0
nape,0,0,0,0,0,0,0,0,0,0
ხელსახოცი,0,0,0,0,0,0,0,1,0,0
ძილი,0,0,0,0,0,0,0,0,0,0
საფენი,0,0,1,0,0,1,0,0,0,0
ნარკოტიკული,0,0,0,0,0,1,0,0,0,0
მოთხრობა,0,0,0,0,0,0,0,0,0,0
თხრობა,0,0,0,0,0,0,0,0,0,0
თხრობითი,0,0,0,0,0,0,0,0,0,0
მთხრობელი,0,0,0,0,0,0,0,0,0,0
ვიწრო,0,0,0,0,0,0,0,0,0,0
შევიწროება,0,0,0,0,0,0,0,0,0,0
ახალშობილი,0,1,0,0,0,0,0,0,0,0
საზიზღარი,1,0,1,1,0,1,0,1,0,0
ნატალური,0,0,0,0,0,0,0,0,0,0
ერი,0,0,0,0,0,0,0,0,0,1
ეროვნული,0,0,0,0,0,0,0,0,0,0
ეროვნება,0,0,0,0,0,0,0,0,0,0
მშობლიური,0,0,0,0,0,0,0,0,0,0
შობა,0,0,0,0,0,0,0,0,0,0
ნატურალისტი,0,0,0,0,0,0,1,0,0,0
ნატურალიზაცია,0,0,0,0,0,0,0,0,0,0
ნატურალიზებული,0,0,0,0,0,0,0,0,0,0
ბუნებრივად,0,0,0,0,0,0,0,0,0,0
ბუნება,0,0,0,0,0,0,0,0,0,0
არაფერი,0,0,0,0,0,0,0,0,0,0
ცელქი,0,0,0,0,0,1,0,0,0,0
გულისრევა,0,0,1,0,0,1,0,0,0,0
გულისრევა,0,0,1,0,0,1,0,1,0,0
საზღვაო,0,0,0,0,0,0,0,0,0,0
საზღვაო,0,0,0,0,0,0,0,0,0,0
ნავი,0,0,0,0,0,0,0,0,0,0
ჭიპი,0,0,0,0,0,0,0,0,0,0
ნაოსნობადი,0,1,0,0,0,0,1,0,0,0
ნავიგაცია,0,0,0,0,0,0,0,0,0,0
ნავიგაცია,0,0,0,0,0,0,0,0,0,0
ნავიგატორი,0,1,0,0,0,0,0,0,0,1
საზღვაო,0,0,0,0,0,0,0,0,0,0
არა,0,0,0,0,0,1,0,0,0,0
აკურატულად,0,0,0,0,0,0,1,0,0,0
ნისლეული,0,0,0,0,0,0,0,0,0,0
ნისლეულები,0,0,0,0,0,0,0,0,0,0
ნებელობითი,0,0,0,0,0,0,0,0,0,0
აუცილებლად,0,0,0,0,0,0,0,0,0,0
საჭიროებს,0,0,0,0,0,0,0,0,0,0
საჭიროებები,0,0,0,0,0,0,0,0,0,0
აუცილებლობა,0,0,0,0,0,0,0,1,0,0
კისერი,0,0,0,0,0,0,0,0,0,0
ყელსაბამი,0,0,0,0,0,0,0,0,0,0
ნეკროზი,0,0,0,0,0,0,0,0,0,0
ნექტარი,0,0,0,0,0,0,1,0,0,0
საჭირო,0,0,0,0,0,1,0,0,0,0
ნემსი,0,0,0,0,0,0,1,0,0,0
უაზრო,0,0,0,0,0,0,0,0,0,0
გაჭირვებული,0,0,0,0,0,1,0,0,0,0
ბოროტი,0,0,1,1,0,1,0,1,1,0
უარყოფა,1,0,0,0,0,1,0,0,0,0
უარყოფითი,0,0,0,0,0,1,0,1,0,0
უგულებელყოფა,0,0,0,0,0,1,0,0,0,0
უგულებელყოფილი,1,0,1,0,0,1,0,1,0,0
უგულებელყოფა,0,0,0,0,0,1,0,0,0,0
დაუდევრობა,0,0,0,0,0,1,0,0,0,0
უყურადღებო,0,0,0,0,0,1,0,0,0,0
დაუდევრობით,0,0,0,0,0,1,0,0,0,0
უმნიშვნელო,0,0,0,0,0,0,0,0,0,0
მოლაპარაკება,0,0,0,0,0,0,1,0,0,1
მოლაპარაკება,0,0,0,0,0,0,0,0,0,0
მომლაპარაკებელი,0,0,0,0,0,0,1,0,0,0
ზანგი,0,0,0,0,0,1,0,1,0,0
მეზობლობა,0,0,0,0,0,0,0,0,0,0
მეზობელი,0,1,0,0,0,0,1,0,0,1
სამეზობლო,0,1,0,0,0,0,0,0,0,0
მეზობელი,0,0,0,0,0,0,0,0,0,0
ახალშობილი,0,0,0,0,0,0,0,0,0,0
ნეოფიტი,0,0,0,0,0,0,0,0,0,0
ნეოპრენი,0,0,0,0,0,0,0,0,0,0
ძმისშვილი,0,0,0,0,0,0,0,0,0,0
ნეპოტიზმი,1,0,1,0,0,1,0,1,0,0
ნერვი,0,0,0,0,0,0,1,0,0,0
ნერვული,0,1,0,1,0,1,0,0,0,0
ნერვიული,0,0,0,1,0,0,0,0,0,0
ness,0,0,0,0,0,0,0,0,0,0
ბუდე,0,0,0,0,0,0,0,0,0,1
ბუდე,0,0,0,0,0,0,1,0,0,1
მობუდარი,0,0,0,0,0,0,0,0,0,0
ბადე,0,0,0,0,0,0,0,0,0,0
არცერთი,1,0,0,1,0,1,0,1,0,0
ბადე,0,0,0,0,0,0,0,0,0,0
ჭინჭრის,1,0,1,0,0,1,0,0,0,0
ქსელი,0,1,0,0,0,0,0,0,0,0
ნევრალგია,0,0,0,1,0,1,0,1,0,0
ნევროლოგია,0,0,0,0,0,0,0,0,0,0
ნევროზი,0,0,0,1,0,1,0,1,0,0
ნევროზული,0,0,1,1,0,1,0,0,0,0
ნეიტრალური,0,0,0,0,0,0,0,0,0,0
ნეიტრალური,0,1,0,0,0,0,0,0,0,1
ნეიტრალიტეტი,0,0,0,0,0,0,0,0,0,1
განეიტრალება,0,0,0,0,0,0,0,0,0,0
ახალშობილი,0,0,0,0,0,0,0,0,0,0
ახალმოსული,0,0,0,1,0,0,0,0,1,0
ახლად,0,0,0,0,0,0,0,0,0,0
სიახლის,0,0,0,0,0,0,0,0,0,0
ახალი ამბები,0,0,0,0,0,0,0,0,0,0
გაზეთი,0,0,0,0,0,0,0,0,0,0
გაზეთების ჯიხური,0,0,0,0,0,0,0,0,0,0
ნიბი,0,0,0,0,0,0,0,0,0,0
წვება,0,0,0,0,0,0,0,0,0,0
ნიშა,0,0,0,0,0,0,0,0,0,0
ნიშები,0,0,0,0,0,0,0,0,0,0
ნიკა,0,0,0,0,0,0,0,0,0,0
ნიკელი,0,0,0,0,0,0,0,0,0,0
მეტსახელი,0,0,0,0,0,0,0,0,0,0
ნიკოტინი,0,0,1,0,0,1,0,0,0,0
დისშვილი,0,0,0,0,0,0,0,0,0,0
ახლოს,0,0,0,0,0,0,0,0,0,0
ღამე,0,0,0,0,0,0,0,0,0,0
დაღამება,0,0,0,0,0,0,0,0,0,0
ბულბული,0,0,0,0,0,0,0,0,0,0
კოშმარი,0,0,0,1,0,1,0,0,0,0
ნიჰილიზმი,0,0,0,0,0,1,0,0,0,0
ნული,0,0,0,0,0,0,0,0,0,0
მოხერხებული,0,0,0,0,0,0,0,0,0,0
ოთხმოცდაათი,0,0,0,0,0,0,0,0,0,0
მეცხრე,0,0,0,0,0,0,0,0,0,0
ნაპრალი,0,0,0,0,0,0,0,0,0,0
ძუძუს,0,0,0,0,0,0,0,0,0,0
ნიქსი,0,0,0,0,0,0,0,0,0,0
თავადაზნაურობა,0,1,0,0,0,0,1,0,0,1
კეთილშობილი,0,0,0,0,0,0,1,0,0,1
დიდგვაროვანი,0,0,0,0,0,0,1,0,0,1
ღამისთევა,0,0,0,0,0,0,0,0,0,0
თავი დაუქნია,0,0,0,0,0,0,0,0,0,0
თავი დაუქნია,0,0,0,0,0,0,0,0,0,0
კვანძი,0,0,0,0,0,0,0,0,0,0
კვანძოვანი,0,0,0,0,0,0,0,0,0,0
კვანძი,0,0,0,0,0,0,0,0,0,0
ხმაური,0,0,0,0,0,1,0,0,0,0
ხმაურიანი,1,0,0,0,0,1,0,0,0,0
მომთაბარე,0,0,0,0,0,0,0,0,0,0
მომთაბარე,0,0,0,0,0,0,0,0,0,0
ნომენკლატურა,0,0,0,0,0,0,0,0,0,0
ნომინალური,0,0,0,0,0,0,0,0,0,0
დაასახელეთ,0,0,0,0,0,0,0,0,0,0
ნომინაცია,0,0,0,0,0,0,1,0,0,0
კანდიდატი,0,0,0,0,0,0,0,0,0,0
არაერთხელ,0,0,0,0,0,0,0,0,0,0
შეუსაბამობა,1,1,0,1,0,1,0,1,0,0
არააღწერილი,0,0,0,0,0,0,0,0,0,0
არარსებული,0,0,0,0,0,0,0,0,0,0
გადაუხდელობის,0,0,0,0,0,0,0,0,0,0
არა რეზიდენტი,0,0,0,0,0,0,0,0,0,0
უაზრობა,0,0,0,0,0,1,0,0,0,0
უაზრო,0,0,0,0,0,1,0,1,0,0
ნუდლი,0,0,0,0,0,0,0,0,0,0
კუთხე,0,0,0,0,0,0,0,0,0,0
შუადღე,0,0,0,0,0,0,0,0,0,0
მარყუჟი,0,0,0,0,0,1,0,1,0,0
ნორმა,0,0,0,0,0,0,0,0,0,0
ნორმალური,0,0,0,0,0,0,0,0,0,0
ნორმალურობა,0,0,0,0,0,0,0,0,0,0
ნორმალურობა,0,0,0,0,0,0,1,0,0,0
ცხვირი,0,0,1,0,0,0,0,0,0,0
ნოსტალგია,0,0,0,0,0,0,0,0,0,0
ნესტო,0,0,0,0,0,0,0,0,0,0
აღსანიშნავია,0,0,0,0,1,0,1,0,0,1
გამორჩეულები,0,0,0,0,0,0,1,0,0,0
განსაკუთრებით,0,0,0,0,0,0,0,0,0,0
ნოტარიუსი,0,0,0,0,0,0,0,0,0,1
აღნიშვნა,0,0,0,0,0,0,0,0,0,0
ჭრილი,0,0,0,0,0,0,0,0,0,0
ჩაჭრილი,0,0,0,0,0,0,0,0,0,0
შენიშვნა,0,0,0,0,0,0,0,0,0,0
რვეული,0,0,0,0,0,0,0,0,0,0
აღნიშნა,0,0,0,0,0,0,1,0,0,0
საყურადღებო,0,0,0,0,0,0,0,0,0,0
არარაობა,0,0,0,0,0,1,0,1,0,0
შენიშვნა,0,0,0,0,0,0,0,0,0,0
შესამჩნევი,0,0,0,0,0,0,0,0,0,0
შეტყობინება,0,1,0,0,0,0,0,0,0,0
შეატყობინეთ,0,0,0,0,0,0,0,0,0,0
ცნება,0,0,0,0,0,0,1,0,0,0
გონივრული,0,0,0,0,0,0,0,0,0,0
ცნობადობა,1,0,1,1,0,1,1,0,0,0
მიუხედავად იმისა,0,0,0,0,0,0,0,0,0,0
არაფერი,0,0,0,0,0,0,0,0,0,0
არსებითი სახელი,0,0,0,0,0,0,0,0,0,0
საზრდოობს,0,0,0,0,0,0,0,0,0,0
საზრდო,0,0,0,0,0,0,1,0,0,0
ნუვო,0,0,0,0,0,0,0,0,0,0
სიახლე,0,0,0,0,0,0,0,0,0,0
ახალბედა,0,0,0,0,0,0,0,0,0,0
დღესდღეობით,0,0,0,0,0,0,0,0,0,0
მავნე,0,0,1,1,0,1,0,0,0,0
საქშენი,0,0,0,0,0,0,0,0,0,0
ნიუანსი,0,0,0,0,0,0,0,0,0,0
ნიუანსები,0,0,0,0,0,0,0,0,0,0
ბირთვი,0,0,0,0,0,0,0,0,0,0
შიშველი,0,0,0,0,0,0,0,0,0,0
უბიძგებს,0,0,0,0,0,0,0,0,0,0
სიშიშვლე,0,0,0,0,0,0,0,0,0,0
ნუგბარი,0,0,0,0,0,0,0,0,0,0
უსიამოვნება,1,0,0,0,0,1,0,0,0,0
nul,0,0,0,0,0,1,0,0,0,0
null,0,0,0,0,0,0,0,0,0,0
გაუქმება,0,0,0,0,0,1,0,0,1,0
დაბუჟებული,0,0,0,0,0,1,0,0,0,0
ნომერი,0,0,0,0,0,0,0,0,0,0
ნუმერაცია,0,0,0,0,0,0,0,0,0,0
ნომრები,0,0,0,0,0,0,1,0,0,0
დაბუჟება,0,0,0,0,0,1,0,1,0,0
რიცხვითი,0,0,0,0,0,0,0,0,0,0
მრიცხველი,0,0,0,0,0,0,0,0,0,0
რიცხვითი,0,0,0,0,0,0,0,0,0,0
რიცხობრივად,0,0,0,0,0,0,0,0,0,0
მრავალრიცხოვანი,0,0,0,0,0,0,0,0,0,0
მონაზონი,0,0,0,0,0,1,0,0,0,1
მედდა,0,0,0,0,0,0,1,0,0,1
ბაგა-ბაღი,0,0,0,0,1,0,1,0,0,1
აღზრდა,1,1,1,1,1,0,1,0,0,1
მუსკატის კაკალი,0,0,0,0,0,0,0,0,0,0
კვება,0,0,0,0,0,0,0,0,0,0
მკვებავი,0,0,0,0,0,0,1,1,0,0
მკვებავი,0,0,0,0,0,0,0,0,0,0
თხილი,0,0,0,0,0,0,0,0,0,0
ნიმფა,0,0,0,0,0,0,0,0,0,0
ოაფ,0,0,0,0,0,1,0,0,0,0
მუხა,0,0,0,0,0,0,1,0,0,0
ნიჩაბი,0,0,0,0,0,0,0,0,0,0
ოაზისი,0,1,0,0,1,0,1,0,0,1
ფიცი,0,0,0,0,0,0,1,0,0,1
შვრიის ფაფა,0,0,0,0,0,0,0,0,0,0
მორჩილება,0,0,0,0,0,0,1,0,0,1
მორჩილი,0,0,0,0,0,0,0,0,0,0
მორჩილად,0,0,0,0,0,0,0,0,0,0
ობელისკი,0,0,0,0,0,0,0,0,0,0
სიმსუქნე,0,0,1,0,0,1,0,0,0,0
სიმსუქნე,0,0,1,0,0,1,0,1,0,0
დამორჩილება,0,0,0,1,0,0,0,0,0,1
ობი,0,0,1,1,0,1,0,0,0,0
ობიტ,0,0,0,0,0,1,0,1,1,0
ნეკროლოგი,0,0,0,0,0,1,0,1,0,0
ობიექტი,0,0,0,0,0,0,0,0,0,0
წინააღმდეგობა,1,0,0,0,0,1,0,0,0,0
საკამათო,0,0,0,0,0,1,0,0,0,0
ობიექტური,0,1,0,0,0,0,1,0,0,1
ვალდებულება,0,0,0,0,0,0,0,0,0,0
სავალდებულო,0,0,0,0,0,0,0,0,0,0
ავალდებულებს,0,0,0,0,0,1,0,0,0,1
ვალდებულია,0,0,0,0,0,0,0,0,0,0
ავალდებულებს,1,1,1,1,1,0,1,0,1,1
ვალდებული,0,0,0,1,0,1,0,0,0,0
ირიბი,0,0,0,0,0,0,0,0,0,0
მოსპობა,1,0,0,1,0,1,0,1,0,0
წაშლილი,1,0,0,1,0,1,0,0,0,0
წაშლა,0,0,0,1,0,1,0,1,0,0
დავიწყება,1,0,0,1,0,1,0,0,0,0
დაუვიწყარი,0,0,0,0,0,0,0,0,0,0
წაგრძელებული,0,0,0,0,0,0,0,0,0,0
საზიზღარი,1,0,1,0,0,1,0,1,0,0
ჰობოე,0,0,0,0,0,0,0,0,0,0
უხამსი,0,0,1,0,0,1,0,0,0,0
უხამსობა,1,0,1,0,0,1,0,0,0,0
ბუნდოვანი,0,0,0,0,0,0,0,0,0,0
დაბნელებული,0,0,0,0,0,0,0,0,0,0
გაურკვევლობა,0,0,0,0,0,1,0,0,0,0
დაცვა,0,0,0,0,0,0,0,0,0,0
დაკვირვებული,0,0,0,0,0,0,1,0,0,0
დაკვირვება,0,0,0,0,0,0,0,0,0,0
ობსერვატორია,0,0,0,0,0,0,0,0,0,0
დააკვირდი,0,0,0,0,0,0,0,0,0,0
დამკვირვებელი,0,0,0,0,0,0,0,0,0,0
აკვირდება,0,0,0,0,0,0,0,0,0,0
აკვიატება,0,0,0,0,0,0,0,0,0,0
მოძველება,0,0,0,0,0,0,0,0,0,0
დაბრკოლება,1,0,0,1,0,1,0,1,0,0
მეანობა,0,0,0,0,0,0,0,0,0,1
მეანობა,0,0,0,0,0,0,0,0,0,0
ჯიუტი,0,0,0,0,0,1,0,0,0,0
დაბრკოლება,1,0,0,1,0,1,0,0,0,0
დაბრკოლება,0,0,0,0,0,1,0,0,0,0
ობსტრუქციული,1,0,0,0,0,1,0,0,0,0
მიღება,0,0,0,0,0,0,0,0,0,0
მიღებადი,0,0,0,0,1,0,1,0,0,0
ბლაგვი,0,0,0,0,0,1,0,0,0,0
ავერსი,0,0,0,0,0,0,0,0,0,0
აშკარა,0,0,0,0,0,0,1,0,0,1
ოკარინა,0,0,0,0,0,0,0,0,0,0
შემთხვევა,0,0,0,0,0,0,0,0,0,0
შემთხვევითი,0,0,0,0,0,0,0,0,1,0
ხანდახან,0,0,0,0,0,0,0,0,0,0
ოკლუზია,0,0,0,0,0,0,0,0,0,0
ოკულტური,0,0,1,1,0,1,0,0,0,0
დაკავება,0,0,0,0,0,0,0,0,0,0
ოკუპანტი,0,0,0,0,0,0,1,0,0,1
ოკუპაცია,0,0,0,0,0,0,1,0,0,0
ოკუპირებული,0,0,0,0,0,0,0,0,0,0
ოკუპანტი,0,0,0,0,0,0,0,0,0,0
დაიკავონ,0,0,0,0,0,0,1,0,0,0
საოკუპაციო,0,0,0,0,0,0,0,0,0,0
მოხდეს,0,0,0,0,0,0,0,0,0,0
შემთხვევა,0,0,0,0,0,0,0,0,0,0
ოკეანის,0,0,0,0,0,0,0,0,0,0
ოკეანეური,0,0,0,0,0,0,0,0,0,0
რვაკუთხედი,0,0,0,0,0,0,0,0,0,0
ოქტავა,0,0,0,0,0,0,0,0,0,0
რვაფეხა,0,0,1,0,0,0,0,0,0,0
თვალის,0,0,0,0,0,0,0,0,0,0
უცნაურობა,0,0,1,0,0,1,0,1,1,0
შანსები,0,0,0,0,0,0,0,0,0,0
ოდა,0,0,0,0,0,0,0,0,0,0
ოდიოზური,1,0,1,1,0,1,0,0,0,0
ოდომეტრი,0,0,0,0,0,0,0,0,0,0
სუნი,0,0,0,0,0,1,0,0,0,0
ესტროგენი,0,0,0,0,0,0,0,0,0,0
შემოქმედება,0,0,0,0,0,0,0,0,0,0
სუბპროდუქტები,0,0,0,0,0,0,0,0,0,0
შეურაცხყოფა,1,0,1,0,0,1,0,0,0,0
განაწყენებული,1,0,0,0,0,1,0,1,0,0
დამნაშავე,1,0,1,1,0,1,0,1,0,0
დანაშაული,1,0,1,1,0,1,0,1,0,0
შეურაცხმყოფელი,1,0,1,0,0,1,0,0,0,0
შეთავაზება,0,0,0,0,0,0,1,0,0,0
შესთავაზა,0,0,0,0,0,0,0,0,0,0
შეთავაზება,0,0,0,0,0,0,0,0,0,1
უაზრო,0,0,0,0,0,1,0,0,0,0
ოფისი,0,0,0,0,0,0,0,0,0,0
ოფიცერი,0,0,0,0,0,0,1,0,0,1
ოფისები,0,0,0,0,0,0,0,0,0,0
ოფიციალური,0,0,0,0,0,0,0,0,0,1
მოხელეთა,0,0,0,0,0,0,0,0,0,0
გამოტანა,0,0,0,0,0,1,0,0,0,0
გადმოტვირთვა,0,0,0,0,0,0,0,0,0,0
ოფსეტური,0,1,0,0,0,0,1,0,0,0
განშტოება,0,0,0,0,0,0,1,0,0,0
თამაშგარე,0,0,0,0,0,0,0,0,0,0
ხშირად,0,0,0,0,0,0,0,0,0,0
ხშირად,0,0,0,0,0,0,0,0,0,0
ოგრე,0,0,1,1,0,1,0,0,0,0
ზეთი,0,0,0,0,0,0,0,0,0,0
ზეთები,0,0,0,0,0,0,0,0,0,0
მალამო,0,0,0,0,0,0,0,0,0,0
ყნოსვითი,0,1,0,0,0,1,0,0,0,0
ოლიგარქია,0,0,0,0,0,1,0,0,0,0
ზეთისხილის,0,0,0,0,0,0,0,0,0,0
ომეგა,0,0,0,0,0,0,0,0,0,0
ომლეტი,0,0,0,0,0,0,0,0,0,0
ნიშანი,0,1,0,1,0,1,0,0,0,0
ავბედითი,0,1,0,1,0,1,0,0,0,0
გამოტოვება,0,0,0,0,0,0,0,0,0,0
გამოტოვება,0,0,0,0,0,1,0,0,0,0
გამოტოვებული,0,0,0,0,0,0,0,0,0,0
ომნიბუსი,0,0,0,0,0,0,0,0,0,0
ყოვლისშემძლეობა,0,0,0,1,0,1,1,0,0,0
ყოვლისშემძლე,0,0,0,0,0,0,0,0,0,0
ყველგანმყოფი,0,0,0,0,0,0,0,0,0,0
ყოვლისმცოდნე,0,0,0,0,0,0,1,0,0,1
ონკოლოგი,0,0,0,0,0,0,0,0,0,0
ერთიანობა,0,0,0,0,0,0,0,0,0,0
დამღლელი,1,0,0,0,0,1,0,1,0,0
საკუთარ თავს,0,0,0,0,0,0,0,0,0,0
მიმდინარე,0,1,0,0,0,0,0,0,0,0
ხახვი,0,0,0,0,0,0,0,0,0,0
დასაწყისი,0,1,0,0,0,0,0,0,0,0
თავდასხმა,0,0,0,0,0,0,0,0,0,0
ონტოლოგია,0,0,0,0,0,0,0,0,0,0
დაკისრებული,0,0,0,0,0,1,0,0,0,0
წინ,0,0,0,0,0,0,0,0,0,0
ონიქსი,0,0,0,0,0,0,0,0,0,0
ჟონავს,0,0,1,0,0,1,0,0,0,0
ჟონავს,0,0,0,0,0,0,0,0,0,0
გაუმჭვირვალობა,0,0,0,0,0,0,0,0,0,0
ოპალი,0,0,0,0,0,0,0,0,0,0
გაუმჭვირვალე,0,0,0,0,0,1,0,0,0,0
გახსნა,0,0,0,0,0,0,0,0,0,0
გახსნა,0,0,0,0,0,0,0,0,0,0
გამხსნელი,0,0,0,0,0,0,0,0,0,0
გახსნა,0,0,0,0,0,0,0,0,0,0
ღიად,0,0,0,0,0,0,0,0,0,0
გახსნილობა,0,0,0,0,0,0,1,0,0,0
ოპერა,1,1,0,1,1,0,1,1,1,1
საოპერო,0,0,0,0,0,1,0,0,0,0
ოპერაცია,0,0,0,1,0,0,0,0,0,1
ოპერაციები,0,0,0,0,0,0,0,0,0,0
ოპერატიული,0,0,0,0,0,0,0,0,0,0
ოპერატორი,0,0,0,0,0,0,0,0,0,0
ოფთალმოლოგიური,0,0,0,0,0,0,0,0,0,0
ოფთალმოლოგი,0,0,0,0,0,0,0,0,0,0
ოპიატი,0,0,0,0,0,1,0,0,0,0
აზრი,0,0,0,0,0,0,0,0,0,0
აზრიანი,1,0,0,0,0,1,0,0,0,0
ოპიუმი,1,0,1,1,0,1,0,1,0,0
მოწინააღმდეგე,1,1,1,1,0,1,0,0,0,0
ხელსაყრელი,0,0,0,0,1,0,1,0,0,0
ოპორტუნიზმი,0,0,0,0,0,0,0,0,0,0
შესაძლებლობა,0,1,0,0,0,0,1,0,0,0
ეწინააღმდეგება,0,0,0,0,0,1,0,0,0,0
ეწინააღმდეგებოდა,1,0,0,1,0,1,0,0,0,0
ეწინააღმდეგება,0,0,0,0,0,0,0,0,0,0
საწინააღმდეგო,0,0,0,0,0,0,0,0,0,0
საპირისპიროები,0,0,0,0,0,0,0,0,0,0
ოპოზიცია,1,0,0,0,0,1,0,0,0,0
დაჩაგრავენ,1,0,1,1,0,1,0,1,0,0
ჩაგვრა,1,0,1,1,0,1,0,1,0,0
მჩაგვრელი,1,0,1,1,0,1,0,1,0,0
მჩაგვრელი,1,0,0,1,0,1,0,1,0,0
ოპტიკა,0,0,0,0,0,0,0,0,0,0
ოპტიკური,0,0,0,0,0,0,0,0,0,0
ოპტიკა,0,0,0,0,0,0,0,0,0,0
ოპტიმიზმი,0,1,0,0,1,0,1,0,1,1
ოპტიმისტი,0,0,0,0,0,0,1,0,0,1
ვარიანტი,0,0,0,0,0,0,1,0,0,0
სურვილისამებრ,0,0,0,0,0,0,1,0,0,0
სურვილისამებრ,0,0,0,0,0,0,0,0,0,0
პარამეტრები,0,0,0,0,0,0,0,0,0,0
ოპტომეტრისტი,0,0,0,0,0,0,0,0,0,0
სიმდიდრე,0,0,0,0,0,0,0,0,0,0
მდიდრული,0,0,0,0,0,0,0,0,0,0
ოპუსი,0,0,0,0,0,0,0,0,0,0
ორაკული,0,1,0,0,0,0,1,0,0,1
ზეპირი,0,0,0,0,0,0,0,0,0,0
ფორთოხალი,0,0,0,0,0,0,0,0,0,0
გამოსვლა,0,0,0,0,0,0,1,0,0,0
ორატორი,0,0,0,0,0,0,0,0,0,0
ორატორული,0,0,0,0,0,0,0,0,0,0
ორბი,0,0,0,0,0,0,0,0,0,0
ორბიტა,0,0,0,0,0,0,0,0,0,0
ორბიტაზე,0,0,0,0,0,0,0,0,0,0
ორბებს,0,0,0,0,0,0,0,0,0,0
ორკი,1,0,1,1,0,1,0,0,0,0
ხეხილის ბაღი,0,0,0,0,0,0,0,0,0,0
ორკესტრი,1,0,0,0,1,0,1,1,0,1
ხელდასხმული,0,0,0,0,0,0,1,0,0,1
განსაცდელი,1,0,0,0,0,1,0,0,1,0
შეკვეთა,0,0,0,0,0,0,0,0,0,0
მოწესრიგებული,0,0,0,0,0,0,1,0,0,0
განკარგულება,0,0,0,0,0,0,0,0,0,1
ჩვეულებრივი,0,0,0,0,0,0,0,0,0,0
ხელდასხმა,0,1,0,0,1,0,1,0,0,1
საბრძოლო იარაღი,0,0,0,1,0,1,0,0,0,0
მადანი,0,0,0,0,0,0,0,0,0,0
ორეგანო,0,0,0,0,0,0,0,0,0,0
ორგანო,0,1,0,0,1,0,0,0,0,0
ორგანული,0,0,0,0,0,0,1,0,0,0
ორგანიზმი,0,0,0,0,0,0,0,0,0,0
ორგანისტი,0,0,0,0,0,0,0,0,0,0
ორგანიზაცია,0,1,0,0,1,0,1,0,1,1
ორგანიზება,0,0,0,0,0,0,1,0,0,0
ორგანიზებული,0,0,0,0,0,0,1,0,0,0
ორგაზმი,0,1,0,0,1,0,1,0,0,0
ორგიები,0,0,0,0,0,0,0,0,0,0
ორიენტირება,0,0,0,0,0,0,0,0,0,0
აღმოსავლური,0,0,0,0,0,0,0,0,0,0
ორიენტაცია,0,0,0,0,0,0,0,0,0,0
ხვრელი,0,0,0,0,0,0,0,0,0,0
წარმოშობა,0,0,0,0,0,0,0,0,0,0
ორიგინალურობა,0,0,0,0,0,0,1,0,1,0
წარმოშობს,0,0,0,0,0,0,0,0,0,0
წარმოშობა,0,0,0,0,0,0,0,0,0,0
შემქმნელი,0,0,0,0,0,0,0,0,0,0
ორნამენტი,0,0,0,0,0,0,0,0,0,0
ორნამენტული,0,0,0,0,0,0,0,0,0,0
ორნამენტი,0,0,0,0,0,0,0,0,0,0
ორნამენტირებული,0,0,0,0,0,0,1,0,0,0
მორთული,0,0,0,0,0,0,1,0,0,0
ობოლი,0,0,0,1,0,1,0,1,0,0
მართლმადიდებელი,0,0,0,0,0,0,0,0,0,0
მართლმადიდებლობა,0,0,0,0,0,0,0,0,0,1
ორთოგონალური,0,0,0,0,0,0,0,0,0,0
რხევა,0,0,0,0,0,0,0,0,0,0
რხევადი,0,0,0,0,0,0,0,0,0,0
რხევა,0,0,0,0,0,0,0,0,0,0
რხევადი,0,0,0,0,0,0,0,0,0,0
მოჩვენებითი,0,0,0,0,0,0,0,0,0,0
ვითომ,0,0,0,0,0,1,0,0,0,0
სირაქლემას,0,0,0,0,0,0,0,0,0,0
ოტო,0,0,0,0,0,0,0,0,0,0
ოსმალეთის,0,0,0,0,0,0,0,0,0,0
უნცია,0,0,0,0,0,0,0,0,0,0
განდევნა,1,0,0,0,0,1,0,1,0,0
ეპიდემიური აფეთქება,0,0,0,0,0,0,0,0,0,0
გამოხტომა,1,0,0,1,1,1,1,1,1,0
განდევნილი,0,0,1,1,0,1,0,1,0,0
შედეგი,0,0,0,0,0,0,1,0,0,0
შეძახილი,1,0,0,1,0,1,0,0,1,0
გაუსწრო,0,1,0,0,0,0,1,0,0,0
გარე,0,0,0,0,0,0,0,0,0,0
ეკიპირება,0,0,0,0,0,0,0,0,0,0
გაზრდის,0,0,0,0,0,0,0,0,0,0
გამონაზარდი,0,0,0,0,0,0,0,0,0,0
გარეთა სახლი,0,0,1,0,0,1,0,0,0,0
გასვლა,0,0,0,0,0,0,0,0,0,0
უცნაური,0,0,0,0,0,1,0,0,0,0
უგრძელდება,0,0,0,0,0,0,0,0,0,0
უკანონო,0,0,0,0,0,1,0,0,0,0
გამოსასვლელი,0,0,0,0,0,0,0,0,0,0
მოხაზულობა,0,0,0,0,0,0,0,0,0,0
კონტურები,0,0,0,0,0,0,0,0,0,0
მსოფლმხედველობა,0,0,0,0,0,0,0,0,0,0
დაშორებული,0,0,0,0,0,0,0,0,0,0
ჭარბობს,0,0,0,0,0,0,0,0,0,0
ფორპოსტი,0,0,0,1,0,0,0,0,0,0
გადმოსხმა,0,0,0,0,0,0,0,0,0,0
გამომავალი,0,0,0,0,0,0,0,0,0,0
აღშფოთება,1,0,1,0,0,1,0,0,0,0
აღმაშფოთებელი,0,0,0,0,0,0,0,0,1,0
პირდაპირ,0,0,0,0,0,0,0,0,0,0
გაუსწრო,0,0,0,0,0,0,0,0,0,0
თავიდანვე,0,0,0,0,0,0,0,0,0,0
აუტსაიდერი,0,0,0,1,0,0,0,0,0,0
გარეუბანში,0,0,0,0,0,0,0,0,0,0
გულახდილი,0,0,0,0,0,0,0,0,0,0
გამოჩენილი,0,0,0,0,1,1,1,0,0,0
გაშლილი,0,0,0,0,0,0,0,0,0,0
გარეგნული,0,0,0,0,0,0,1,0,0,0
გარეგნულად,0,0,0,0,0,0,0,0,0,0
გადაწონის,0,0,0,0,0,0,0,0,0,0
ოვალური,0,0,0,0,0,0,0,0,0,0
საკვერცხე,0,0,0,0,0,0,0,0,0,0
ოვალური,0,0,0,0,0,0,0,0,0,0
ოვაცია,0,0,0,0,0,1,0,1,0,0
ღუმელი,0,0,0,0,0,0,0,0,0,0
სპეცტანსაცმელი,0,0,0,0,0,0,0,0,0,0
ძლევამოსილი,1,0,0,0,0,1,0,0,0,0
გადატვირთვა,0,0,0,0,0,1,0,0,0,0
მოღრუბლული,0,0,0,0,0,1,0,0,0,0
გადატვირთული,0,0,0,0,0,0,0,0,0,0
ქურთუკი,0,0,0,0,0,0,0,0,0,0
გადამეტება,0,0,0,0,0,1,0,0,0,0
დოზის გადაჭარბება,0,0,0,0,0,1,0,0,0,0
ვადაგადაცილებული,0,1,0,0,0,1,0,1,1,0
გადაჭარბებული შეფასება,0,0,0,0,0,0,0,0,1,0
გადაჭარბებული შეფასება,0,0,0,0,0,1,0,0,0,0
გადინება,0,0,0,0,0,1,0,0,0,0
ადიდებული,0,0,0,0,0,0,0,0,0,0
გადაზრდილი,0,0,0,0,0,1,0,0,0,0
ჭარბი ზრდა,0,0,0,0,0,0,0,0,0,0
გადაკიდებული,0,0,0,0,0,0,0,0,0,0
კაპიტალური რემონტი,0,0,0,0,0,0,0,0,0,0
ზედნადები,0,0,0,0,0,0,0,0,0,0
გახარებული,0,0,0,0,1,0,1,0,0,0
გადაფარებული,0,0,0,0,0,0,0,0,0,0
გადახურვა,0,0,0,0,0,0,0,0,0,0
გადაფარვა,0,0,0,0,0,0,0,0,0,0
გადატვირთვა,0,0,0,0,0,1,0,1,0,0
გადაფარებული,0,0,0,0,0,0,0,0,0,0
ზედმეტად გადახდილი,0,0,0,0,0,1,0,0,0,0
ესტაკადა,0,0,0,0,0,0,0,0,0,0
ძლევამოსილება,0,0,0,0,0,1,0,0,0,0
ძლევამოსილი,1,0,0,1,0,1,0,0,0,0
ზედმეტად ფასიანი,1,0,1,0,0,1,0,1,0,0
გადააჭარბოს,0,0,0,0,0,0,0,0,0,0
გააუქმოს,0,0,0,0,0,0,0,0,0,0
ზედამხედველი,0,0,0,0,0,0,0,0,0,0
დაჩრდილავს,0,0,0,0,0,0,0,0,0,0
ზედამხედველობა,0,0,0,0,0,1,0,0,0,0
გადაჭარბებული,0,0,0,0,0,0,0,0,0,0
ჭარბი მარაგი,0,0,0,0,0,0,0,0,0,0
აშკარა,0,0,0,1,0,0,0,0,0,0
გასწრება,0,0,0,0,0,0,0,0,0,0
გაუსწრო,0,0,0,0,0,0,0,0,0,0
დამხობა,0,1,0,1,0,1,0,0,0,0
უვერტიურა,0,1,0,0,0,0,0,0,0,0
გადატრიალება,0,0,0,0,0,1,0,0,0,0
გადატვირთავს,0,0,0,0,0,1,0,0,0,0
გადატვირთული,0,0,0,0,0,1,0,1,0,0
აბსოლუტური,0,0,0,0,0,0,1,0,0,0
ზედმეტად გულმოდგინე,0,0,0,0,0,0,0,0,0,0
ვალი,0,0,0,0,0,0,0,0,0,0
დავალიანება,1,1,1,1,0,1,0,1,0,1
მფლობელი,0,0,0,0,0,0,0,0,0,0
საკუთრება,0,0,0,0,0,0,1,0,0,0
ხარი,0,0,0,0,0,0,0,0,0,0
დაჟანგვა,0,0,0,0,0,1,0,0,0,0
ჟანგბადი,0,0,0,0,0,0,0,0,0,0
ოქსიმორონი,0,0,0,0,0,0,0,0,0,0
ხელთაა,0,0,0,0,0,0,0,0,0,0
ტემპი,0,0,0,0,0,0,0,0,0,0
წყნარი ოკეანე,0,0,0,0,0,0,1,0,0,0
დამშვიდება,0,0,0,0,0,0,0,0,0,0
შეკვრა,0,0,0,0,0,0,0,0,0,0
პაკეტი,0,0,0,0,0,0,0,0,0,0
შემფუთავი,0,0,0,0,0,0,0,0,0,0
პაკეტი,0,0,0,0,0,0,0,0,0,0
პაქტი,0,0,0,0,0,0,0,0,0,1
pad,0,0,0,0,0,0,1,0,0,0
padding,0,0,0,0,0,0,1,0,0,0
ნიჩაბი,0,1,0,0,0,0,1,0,0,0
paddock,0,0,0,0,0,0,0,0,0,0
პედი,0,0,0,0,0,0,0,0,0,0
ბოქლომი,0,0,0,0,0,0,0,0,0,0
პადრე,0,0,0,0,0,0,0,0,0,0
წარმართული,0,0,0,0,0,0,0,0,0,0
წარმართობა,0,0,0,0,0,0,0,0,0,0
გვერდი,0,0,0,0,0,0,0,0,0,0
გამოფენა,0,0,0,0,0,0,0,0,0,0
პაგინაცია,0,0,0,0,0,0,0,0,0,0
პაგოდა,0,0,0,0,0,0,0,0,0,0
თაიგული,0,0,0,0,0,0,0,0,0,0
ტკივილი,0,0,0,1,0,1,0,1,0,0
მტკივნეული,0,0,0,1,0,1,0,1,0,0
მტკივნეული,1,0,1,1,0,1,0,1,0,0
მტკივნეულად,0,0,0,0,0,1,0,1,0,0
უმტკივნეულო,0,0,0,0,0,0,0,0,0,0
ტკივილები,0,0,0,0,0,1,0,0,0,0
მტკივნეული,0,0,0,0,0,0,0,0,0,0
საღებავი,0,0,0,0,0,0,0,0,0,0
მოხატული,0,0,0,0,0,0,0,0,0,0
მხატვარი,0,0,0,0,0,0,0,0,0,0
ფერწერა,0,0,0,0,0,0,0,0,0,0
წყვილი,0,0,0,0,0,0,0,0,0,0
პიჟამა,0,0,0,0,0,0,0,0,0,0
მეგობარი,0,0,0,0,0,0,0,0,0,0
სასახლე,0,0,0,0,0,0,0,0,0,0
გემრიელად,0,0,0,0,0,0,1,0,0,0
პალატა,0,0,0,0,0,0,0,0,0,0
პალეონტოლოგია,0,0,0,0,0,0,0,0,0,0
პალიტრა,0,0,0,0,0,0,0,0,0,0
ფერმკრთალი,0,0,0,0,0,0,0,0,0,0
პალადიუმი,0,0,0,0,0,0,0,0,0,0
პლატაზე,0,0,0,0,0,0,0,0,0,0
პალიატიური,0,0,0,0,0,0,1,0,0,0
პალმა,0,0,0,0,0,0,0,0,0,0
პალმერი,0,0,0,0,0,0,0,0,0,0
საგრძნობი,0,0,0,0,0,0,0,0,1,0
დამბლა,0,0,1,1,0,1,0,1,0,0
მწირი,0,0,0,0,0,0,0,0,0,0
განებივრება,0,0,0,0,0,0,0,0,0,0
ბროშურა,0,0,0,0,0,0,0,0,0,0
ტაფა,0,0,0,0,0,0,0,0,0,0
პანაცეა,0,0,0,0,0,0,1,0,0,0
პანაშე,0,0,0,0,0,0,1,0,0,0
ბლინი,0,0,0,0,0,0,0,0,0,0
პანდემია,0,0,0,1,0,1,0,1,0,0
პანელი,0,0,0,0,0,0,0,0,0,0
ტკივილი,0,0,0,0,0,1,0,0,1,0
პანიკა,0,0,0,1,0,1,0,0,0,0
პანერი,0,0,0,0,0,0,1,0,0,0
პანორამა,0,0,0,0,0,0,0,0,0,0
პანორამული,0,0,0,0,0,0,0,0,0,0
შარვალი,0,0,0,0,0,0,0,0,0,0
პანთეონი,0,0,0,0,0,0,0,0,0,0
პანტერა,0,0,0,0,0,0,0,0,0,0
ტრუსი,0,0,0,0,0,0,0,0,0,0
პანტომიმა,0,0,0,0,0,0,0,0,0,0
საკუჭნაო,0,0,0,0,0,0,0,0,0,0
შარვალი,0,0,0,0,0,0,0,0,0,0
პაპ,0,0,0,0,0,0,0,0,0,0
პაპობა,0,0,0,0,0,0,0,0,0,0
პაპის,0,0,0,0,0,0,0,0,0,0
ქაღალდი,0,0,0,0,0,0,0,0,0,0
პაპრიკა,0,0,0,0,0,0,1,0,0,0
პაპირუსი,0,0,0,0,0,0,0,0,0,0
პარ,0,0,0,0,0,0,0,0,0,0
იგავი,0,0,0,0,0,0,0,0,0,0
პარაბოლა,0,0,0,0,0,0,0,0,0,0
პარაბოლური,0,0,0,0,0,0,0,0,0,0
პარაშუტი,0,0,0,1,0,0,0,0,0,0
აღლუმი,0,1,0,1,1,1,1,0,1,0
პარადიგმა,0,0,0,0,0,0,0,0,0,0
პარადოქსი,0,0,0,0,0,0,0,0,0,0
პარადოქსული,0,0,0,0,0,0,0,0,0,0
პარაფინი,0,0,0,0,0,0,0,0,0,0
პარაგონი,0,1,0,0,1,0,1,0,0,1
აბზაცი,0,0,0,0,0,0,0,0,0,0
პარალაქსი,0,0,0,0,0,0,0,0,0,0
პარალელურად,0,0,0,0,0,0,0,0,0,0
პარალელიზმი,0,0,0,0,0,0,0,0,0,0
დამბლა,1,1,0,1,0,1,0,1,0,0
უმთავრესი,0,0,0,0,0,0,1,0,0,0
პარანოია,0,0,0,1,0,1,0,0,0,0
პარაპეტი,0,0,0,0,0,0,0,0,0,0
ატრიბუტი,0,0,0,0,0,0,0,0,0,0
პერიფრაზირება,0,0,0,0,0,1,1,0,0,0
პარაზიტი,0,0,1,1,0,1,0,0,0,0
ქოლგა,0,0,0,0,0,0,0,0,0,0
ამანათი,0,0,0,0,0,0,0,0,0,0
ამანათები,0,0,0,0,0,0,0,0,0,0
პერგამენტი,0,0,0,0,0,0,0,0,0,0
პატიება,0,0,0,0,0,0,1,0,0,0
გაპარვა,1,1,0,1,0,1,0,1,0,0
პარენქიმა,0,0,0,0,0,0,0,0,0,0
მშობელი,0,0,0,0,0,0,0,0,0,0
წარმოშობა,0,0,0,0,0,0,1,0,0,0
მშობელი,0,0,0,0,0,0,0,0,0,0
ფრჩხილები,0,0,0,0,0,0,0,0,0,0
ფრჩხილებში,0,0,0,0,0,0,0,0,0,0
პარიეტალური,0,0,0,0,0,0,1,0,0,1
პარინგი,0,0,0,0,0,0,0,0,0,0
მრევლი,0,0,0,0,0,0,0,0,0,1
პარიტეტი,0,0,0,0,0,0,0,0,0,0
პარკი,0,0,0,0,0,0,0,0,0,0
მეტყველება,0,0,0,0,0,0,0,0,0,0
პარლამენტი,0,0,0,0,0,0,0,0,0,1
საპარლამენტო,0,0,0,0,0,0,0,0,0,0
სალონი,0,0,0,0,0,0,0,0,0,0
პირობით გათავისუფლება,0,1,0,0,0,0,0,0,0,0
პარკეტი,0,0,0,0,0,0,0,0,0,0
თუთიყუში,0,0,1,0,0,1,0,0,0,0
გაპარვა,0,0,0,0,0,0,0,0,0,0
გაანალიზება,0,0,0,0,0,0,0,0,0,0
თავმდაბალი,0,0,0,0,0,1,0,0,0,0
თავმდაბლობა,0,0,0,0,0,0,0,0,0,0
ოხრახუში,0,0,0,0,0,0,0,0,0,0
მღვდელმთავარი,0,0,0,0,0,0,0,0,0,0
ნაწილი,0,0,0,0,0,0,0,0,0,0
მონაწილეობის მიღება,0,0,0,0,0,0,1,0,0,1
მიკერძოებულობა,0,0,0,0,0,0,0,0,0,0
ნაწილობრივ,0,0,0,0,0,0,0,0,0,0
მონაწილეობა,0,0,0,0,0,0,0,0,0,0
მონაწილეობა,0,0,0,0,0,0,1,0,0,0
ნაწილაკი,0,0,0,0,0,0,0,0,0,0
განსაკუთრებულობა,0,0,0,0,0,0,0,0,0,0
დეტალები,0,0,0,0,0,0,0,0,0,0
განშორება,0,0,0,0,0,0,0,1,0,0
პარტიზანი,0,0,0,0,0,1,0,0,0,0
პარტიულობა,0,0,0,0,0,0,0,0,0,0
დანაყოფი,0,0,0,0,0,0,0,0,0,0
ნაწილობრივ,0,0,0,0,0,0,0,0,0,0
პარტნიორი,0,0,0,0,0,0,1,0,0,0
პარტნიორობა,0,0,0,0,0,0,1,0,0,1
ნაწილები,0,0,0,0,0,0,0,0,0,0
წვეულება,0,0,0,0,0,0,0,0,0,0
პას,0,0,0,0,0,0,0,0,0,0
გაივლის,0,0,0,0,0,0,0,0,0,0
გამვლელი,0,0,0,0,0,0,0,0,0,0
გადასასვლელი,0,0,0,0,0,0,0,0,0,0
გადასასვლელი,0,0,0,0,0,0,0,0,0,0
გაივლის,0,0,0,0,0,1,0,0,0,0
მგზავრი,0,1,0,0,0,0,0,0,0,0
პასიმ,0,0,0,0,0,0,0,0,0,0
გავლის,0,0,0,0,0,0,0,0,0,0
ვნება,0,1,0,0,1,0,1,0,0,1
ვნებიანი,0,1,0,0,1,0,1,0,0,1
პასიური,0,0,0,0,0,1,0,0,0,0
პასიურობა,0,0,0,0,0,1,0,0,0,0
პასპორტი,0,0,0,0,0,0,0,0,0,0
წარსული,0,0,0,0,0,0,0,0,0,0
პასტა,0,0,0,0,0,0,0,0,0,0
პასტელი,0,0,0,0,0,0,0,0,0,0
გატარება,0,0,0,0,0,0,1,0,0,0
მოძღვარი,0,0,0,0,1,0,1,0,0,1
საკონდიტრო ნაწარმი,0,0,0,0,1,0,1,0,0,0
საძოვარი,0,0,0,0,0,0,1,0,0,0
პასტისებრი,0,0,0,0,0,0,0,0,0,0
პატ,0,0,0,0,0,0,0,0,0,0
პატჩი,0,0,0,0,0,1,0,0,0,0
პაჩვორკი,0,0,0,0,0,0,0,0,0,0
პაშტეტი,0,0,0,0,0,0,0,0,0,0
პატელა,0,0,0,0,0,0,0,0,0,0
პატენტი,0,0,0,0,0,0,1,0,0,0
მამობრივი,0,0,0,0,0,0,0,0,0,0
მამობა,0,0,0,0,0,0,0,0,0,0
გზა,0,0,0,0,0,0,0,0,0,0
პათეტიკური,0,0,1,0,0,1,0,1,0,0
პათოლოგია,0,0,0,0,0,0,0,0,0,0
პათოსი,0,0,0,0,0,0,0,0,0,0
ბილიკი,0,0,0,0,0,0,0,0,0,0
მოთმინება,0,1,0,0,0,0,1,0,0,1
პაციენტი,0,1,0,0,0,0,1,0,0,0
ეზო,0,0,0,0,0,0,0,0,0,0
პატრიარქი,0,0,0,0,0,0,0,0,0,0
პატრიარქალური,0,0,0,0,0,0,1,0,0,1
სამკვიდრო,0,0,0,0,0,0,0,0,0,0
პატრიოტი,0,0,0,0,0,0,0,0,0,0
პატრიოტული,0,0,0,0,0,0,0,0,0,0
პატრიოტიზმი,0,0,0,0,0,0,0,0,0,0
პატრული,0,0,0,0,0,0,0,0,0,1
პატრონი,0,0,0,0,0,0,1,0,0,1
მფარველობა,0,0,0,0,0,0,1,0,0,1
მფარველობს,0,0,0,0,0,0,0,0,0,0
მფარველობს,0,0,0,0,0,1,0,0,0,0
პატერ,1,0,0,0,0,1,0,0,0,0
ნიმუში,0,0,0,0,0,0,0,0,0,0
სიმცირე,1,0,1,0,0,1,0,1,0,0
გაჭირვებული,0,0,0,0,0,1,0,1,0,0
პაუზა,0,0,0,0,0,0,0,0,0,0
მოასფალტება,0,0,0,0,0,0,0,0,0,0
ტროტუარი,0,0,0,0,0,0,0,0,0,1
პავილიონი,0,0,0,0,0,0,0,0,0,0
დაგება,0,0,0,0,0,0,0,0,0,0
თათი,0,0,0,0,0,0,0,0,0,0
სალომბარდო,0,0,0,0,0,1,0,0,0,1
პაქსი,0,0,0,0,0,0,0,0,0,0
გადაიხადე,0,1,0,0,1,0,1,0,0,1
ანაზღაურება,1,0,0,0,0,1,0,0,0,0
გადამხდელი,0,0,0,0,0,0,0,0,0,0
გადახდა,0,0,0,0,0,1,0,0,0,0
ბარდა,0,0,0,0,0,0,0,0,0,0
მშვიდობა,0,1,0,0,1,0,1,0,0,1
მშვიდობიანი,0,0,0,0,0,0,1,0,0,0
მშვიდობიანი,0,1,0,0,1,0,1,0,1,1
ფარშევანგი,0,0,0,0,0,0,1,0,0,0
პიკი,0,0,0,0,0,0,0,0,0,0
პიკს მიაღწია,0,0,0,0,0,0,0,0,0,0
მარგალიტი,0,0,0,0,0,0,0,0,0,0
გლეხი,0,0,0,0,0,0,0,0,0,0
ტორფი,0,0,0,0,0,0,0,0,0,0
კენჭი,0,0,0,0,0,0,0,0,0,0
პეკი,0,0,0,0,0,0,1,0,0,0
თავისებური,0,0,0,0,0,0,0,0,0,0
თავისებურებები,0,0,0,0,0,1,0,0,0,0
თავისებურება,0,0,0,0,0,0,1,0,0,0
თავისებურად,0,0,0,0,0,0,0,0,0,0
ფულადი,0,0,0,0,0,0,0,0,0,0
პედალი,0,0,0,0,0,0,0,0,0,0
პედანტური,0,0,0,0,0,0,0,0,0,0
გაყიდვა,0,0,0,0,0,0,0,0,0,0
კვარცხლბეკი,0,0,0,0,0,0,0,0,0,0
ფეხით მოსიარულე,0,0,0,0,0,1,0,0,0,0
პედიატრია,0,0,0,0,0,0,0,0,0,0
პედიგრი,0,0,0,0,0,0,1,0,0,1
პედომეტრი,0,0,0,0,0,0,0,0,0,0
კანი,0,0,0,0,0,0,0,0,0,0
ყურება,0,0,0,0,0,0,0,0,0,0
თანატოლი,0,0,0,0,0,0,0,0,0,0
პეერინგი,0,0,0,0,0,0,0,0,0,0
შეუდარებელი,0,0,0,0,0,0,1,0,0,0
სამაგრი,0,0,0,0,0,0,0,0,0,0
კალმები,0,0,0,0,0,0,0,0,0,0
პელაგიური,0,0,0,0,0,0,0,0,0,0
გრანულები,0,0,0,0,0,0,0,0,0,0
კალამი,0,0,0,0,0,0,0,0,0,0
სასჯელი,0,0,0,1,0,1,0,1,0,0
ჯარიმა,1,0,0,1,0,1,0,1,0,0
მონანიება,0,0,0,1,0,0,0,1,0,0
მიდრეკილება,0,0,0,0,0,0,1,0,0,0
ფანქარი,0,0,0,0,0,0,0,0,0,0
გულსაკიდი,0,0,0,0,0,0,0,0,0,0
მომლოდინე,0,0,0,0,0,0,0,0,0,0
მოკიდებული,0,0,0,0,0,0,0,0,0,0
მომლოდინე,0,0,0,0,0,0,0,0,0,0
ქანქარა,0,0,0,0,0,0,0,0,0,0
შეაღწიონ,0,0,0,0,0,0,0,0,0,0
გამჭოლი,0,0,0,0,0,0,0,0,0,0
შეღწევა,1,0,0,1,0,1,0,0,0,0
ნახევარკუნძული,0,0,0,0,0,0,0,0,0,0
სასჯელაღსრულების,1,0,0,0,0,1,0,0,0,0
პენალტი,0,0,0,0,0,0,0,0,0,0
უფულო,0,0,0,0,0,0,0,0,0,0
პენი,0,0,0,0,0,0,0,0,0,0
პენსია,0,0,0,0,0,0,0,0,0,0
პენსიონერი,0,0,0,0,0,0,0,0,0,0
დაფიქრებული,0,0,0,0,0,0,0,1,0,0
ხუთკუთხედი,0,0,0,0,0,0,0,0,0,0
პენტჰაუსი,0,0,0,0,0,0,0,0,0,0
წინაბოლო,0,0,0,0,0,0,0,0,0,0
ხალხი,0,0,0,0,0,0,0,0,0,0
ხალხი,0,0,0,0,0,0,0,0,0,0
წიწაკა,0,0,0,0,0,0,0,0,0,0
პეპტიური,0,0,0,0,0,0,0,0,0,0
აღიქვამს,0,0,0,0,0,0,1,0,0,1
პროცენტი,0,0,0,0,0,0,0,0,0,0
აღქმადი,0,0,0,0,0,0,1,0,0,0
აღქმა,0,0,0,0,0,0,0,0,0,0
აღმქმელი,0,0,0,0,0,0,0,0,0,0
ქორჭილა,0,0,0,0,0,0,0,0,0,0
ალბათ,0,0,0,0,0,0,0,0,1,0
პერკოლაცია,0,0,0,0,0,0,0,0,0,0
პერკუსია,0,0,0,0,0,0,0,0,0,0
დაღუპვა,1,0,1,1,0,1,0,1,0,0
პერმანენტული,0,0,0,0,0,0,0,0,0,0
მრავალწლიანი,0,0,0,0,0,0,1,0,0,1
სრულყოფილი,0,1,0,0,1,0,1,0,0,1
სრულყოფილება,0,1,0,0,1,0,1,0,1,1
პერფორირებული,0,0,0,0,0,0,0,0,0,0
პერფორაცია,0,0,0,0,0,0,0,0,0,0
აღსრულება,0,0,0,0,0,0,0,0,0,0
შესრულება,0,0,0,0,0,0,0,0,0,0
შესრულება,0,0,0,0,0,0,0,0,0,0
შემსრულებელი,0,0,0,0,0,0,1,0,0,0
სუნამო,0,0,0,0,0,0,0,0,0,0
სურნელოვანი,0,0,0,0,0,0,0,0,0,0
პერი,0,0,0,0,0,0,0,0,1,0
პერიდოტი,0,0,0,0,0,0,0,0,0,0
საფრთხე,0,1,0,1,0,1,0,1,0,0
სახიფათო,0,1,0,1,0,1,0,1,0,0
პერიმეტრი,0,0,0,0,0,0,0,0,0,0
პერიოდი,0,0,0,0,0,0,0,0,0,0
პერიოდული,0,0,0,0,0,0,0,0,0,0
პერიოდული,0,0,0,0,0,0,0,0,0,0
პერიოდულად,0,0,0,0,0,0,0,0,0,0
პერიოდულობა,0,0,0,0,0,0,0,0,0,1
პერიფერია,0,0,0,0,0,0,0,0,0,0
დაიღუპება,0,0,0,1,0,1,0,1,0,0
მალფუჭებადი,0,0,0,0,0,1,0,0,0,0
დაიღუპა,0,0,0,0,0,1,0,1,0,0
კვდება,0,0,0,1,0,1,0,1,0,0
ცრუ ჩვენება,0,0,0,1,0,1,0,0,1,0
შეღავათი,0,0,0,0,0,0,1,0,0,0
მუდმივობა,0,0,0,0,0,0,0,0,0,0
გამტარი,0,0,0,0,0,0,0,0,0,0
გაჟღენთილი,0,0,0,0,0,0,0,0,0,0
შეღწევადობა,0,0,0,0,0,0,0,0,0,0
დასაშვები,0,0,0,0,0,0,0,0,0,0
ნებართვა,0,0,0,0,0,0,1,0,0,0
დასაშვები,0,0,0,0,0,0,0,0,0,0
ნებართვა,0,0,0,0,0,0,0,0,0,0
ნებადართული,0,0,0,0,0,0,0,0,0,0
ნებადართული,0,0,0,0,0,0,0,0,0,0
პერმუტაცია,0,0,0,0,0,0,0,0,0,0
დამღუპველი,1,0,0,1,0,1,0,1,0,0
პერპენდიკულარული,0,0,0,0,0,0,0,0,0,0
ჩადენილი,0,0,0,0,0,0,0,0,0,0
დამნაშავე,1,0,1,1,0,1,0,1,0,0
მარადიული,0,0,0,0,0,0,0,0,0,0
მუდმივად,0,0,0,0,0,0,0,0,0,0
გამუდმებით,0,1,0,0,0,0,0,0,0,0
მარადიულობა,0,0,0,0,0,1,0,0,0,0
მარადიულობა,0,1,0,0,0,0,1,0,0,1
დაბნეული,0,0,0,0,0,1,0,0,0,0
დაბნეული,0,0,0,0,0,0,0,0,0,0
დაბნეულობა,0,0,0,0,0,1,0,1,0,0
დევნა,1,0,0,1,0,1,0,0,0,0
დევნა,1,0,1,1,0,1,0,1,0,0
შეუპოვრობა,0,0,0,0,0,0,0,0,0,0
მოთმინება,0,0,0,0,0,0,0,0,0,0
გაგრძელდეს,0,0,0,0,0,0,0,0,0,0
გამძლეობა,0,0,0,0,0,0,1,0,0,0
მუდმივი,0,0,0,0,0,0,1,0,0,0
დაჟინებული,0,0,0,0,0,0,0,0,0,0
პირი,0,0,0,0,0,0,0,0,0,0
პერსონალური,0,0,0,0,0,0,1,0,0,0
პიროვნება,0,0,0,0,0,0,0,0,0,0
პირადი,0,0,0,0,0,0,0,0,0,1
პერსონიფიკაცია,0,0,0,0,0,0,0,0,0,0
პერსონალის,0,0,0,0,0,0,0,0,0,0
პირები,0,0,0,0,0,0,0,0,0,0
პერსპექტივა,0,0,0,0,0,0,0,0,0,0
ოფლიანობა,0,0,1,0,0,0,0,0,0,0
დაარწმუნოს,0,0,0,0,0,0,0,0,0,1
დარწმუნება,0,0,0,0,0,0,0,0,0,0
დამაჯერებელი,0,0,0,0,0,0,0,0,0,0
პერტ,0,0,0,0,0,0,0,0,0,0
შესაბამისი,0,0,0,0,0,0,1,0,0,1
არეულობა,0,0,0,1,0,1,0,0,0,0
ყივანახველას,0,0,0,0,0,1,0,0,0,0
გაცნობა,0,0,0,0,0,0,0,0,0,0
შესწავლა,0,0,0,0,0,0,0,0,0,0
გამსჭვალული,0,0,0,0,0,0,0,0,0,0
გარყვნილი,1,0,1,1,0,1,0,0,0,0
გარყვნილება,1,0,1,0,0,1,0,1,0,0
გარყვნილი,1,0,1,0,0,1,0,0,0,0
გარყვნილი,0,0,1,0,0,1,0,0,0,0
პესიმიზმი,1,0,0,1,0,1,0,1,0,0
პესიმისტი,0,0,0,1,0,1,0,1,0,0
მავნებელი,1,0,1,1,0,1,0,0,0,0
მავნებლობა,0,0,1,1,0,1,0,0,0,0
შინაური ცხოველი,0,0,0,0,0,1,0,0,0,0
შუამდგომლობა,0,0,0,0,0,0,0,0,0,0
მთხოვნელი,0,0,0,0,0,0,0,0,0,0
ბენზინი,0,0,0,0,0,0,0,0,0,0
ნავთობი,0,0,1,0,0,1,1,0,0,0
მოფერება,0,0,0,0,0,0,0,0,0,0
წვრილმანი,0,0,0,0,0,1,0,0,0,0
პიუ,0,0,0,0,0,0,0,0,0,0
პიუტერი,0,0,0,0,0,0,0,0,0,0
ფალანგა,0,0,0,1,0,0,0,0,0,1
მოჩვენება,0,0,0,1,0,1,0,0,0,0
ფარმაცევტული,0,0,0,0,0,0,1,0,0,0
ფარმაცევტი,0,0,0,0,0,0,0,0,0,0
ფარმაკოლოგია,0,0,0,0,0,0,0,0,0,0
აფთიაქი,0,0,0,0,0,0,0,0,0,0
ფაზა,0,0,0,0,0,0,0,0,0,0
ფენომენი,0,0,0,0,0,0,0,0,0,0
ქველმოქმედი,0,0,0,0,0,0,0,0,0,1
ქველმოქმედი,0,0,0,0,0,0,1,0,0,1
ფილანტროპია,0,0,0,0,0,0,1,0,0,0
ფილოსოფოსი,0,0,0,0,0,0,1,0,0,1
ფილოსოფიური,0,0,0,0,0,0,0,0,0,0
ფილოსოფიური,0,0,0,0,0,0,0,0,0,0
ფილოსოფია,0,0,0,0,0,0,0,0,0,0
ნახველი,0,0,1,0,0,1,0,0,0,0
ფენიქსი,0,0,0,0,0,0,1,0,0,0
ტელეფონი,0,0,0,0,0,0,0,0,0,0
ფონეტიკური,0,0,0,0,0,0,1,0,0,0
ფონეტიკა,0,0,0,0,0,0,0,0,0,0
ფონიკა,0,0,0,0,0,0,0,0,0,0
ფონოგრაფი,0,0,0,0,0,0,0,0,0,0
ფონოლოგია,0,0,0,0,0,0,0,0,0,0
ყალბი,1,0,1,0,0,1,0,0,0,0
ფოსფორი,0,0,0,0,0,0,0,0,0,0
ფოსფორი,0,0,0,0,0,0,0,0,0,0
ფოტო,0,0,0,0,0,0,0,0,0,0
ფოტოგენური,0,0,0,0,0,0,0,0,0,0
ფოტოსურათი,0,0,0,0,0,0,0,0,0,0
ფოტოგრაფი,0,0,0,0,0,0,0,0,0,0
ფოტოგრაფია,0,0,0,0,0,0,0,0,0,0
ფოტომეტრია,0,0,0,0,0,0,0,0,0,0
ფრაზა,0,0,0,0,0,0,0,0,0,0
ფრაზეოლოგია,0,0,0,0,0,0,0,0,0,0
ფილოგენია,0,0,0,0,0,0,0,0,0,0
ფიზიკური,0,0,0,0,0,0,0,0,0,0
ექიმი,0,0,0,0,0,0,1,0,0,1
ფიზიკოსი,0,0,0,0,0,0,0,0,0,1
ფიზიკა,0,0,0,0,0,0,1,0,0,0
ფიზიოლოგია,0,0,0,0,0,0,1,0,0,0
ფიზიკა,0,0,0,0,0,0,1,0,0,0
პიანისტი,0,0,0,0,0,0,0,0,0,0
ფორტეპიანო,0,0,0,0,0,0,0,0,0,0
პიაცა,0,0,0,0,0,0,0,0,0,0
პიკოლო,0,0,0,0,0,0,0,0,0,0
აირჩიე,0,0,0,0,0,0,1,0,0,0
ამოკრეფილი,0,0,0,0,0,0,0,0,0,0
პიკეტი,1,1,0,1,0,1,0,0,0,0
პიკეტირება,1,0,0,0,0,1,0,0,0,0
მწნილი,0,0,0,0,0,1,0,0,0,0
აღება,0,0,0,0,0,0,0,0,0,0
პიკნიკი,0,1,0,0,1,0,1,0,1,1
ფერწერული,0,0,0,0,0,0,0,0,0,0
სურათი,0,0,0,0,0,0,0,0,0,0
თვალწარმტაცი,0,0,0,0,1,0,1,0,0,0
ღვეზელი,0,0,0,0,0,0,0,0,0,0
ნაწილებად,0,0,0,0,0,0,0,0,0,0
ღვეზელი,0,0,0,0,0,0,0,0,0,0
ბურჯი,0,0,0,0,0,0,0,0,0,0
პირსი,0,0,0,0,0,0,0,0,0,0
ღვთისმოსაობა,0,0,0,0,0,0,1,0,0,0
ღორი,0,0,1,0,0,1,0,0,0,0
მტრედი,0,0,0,0,0,1,0,0,0,0
პიგმენტი,0,0,0,0,0,0,0,0,0,0
პიკი,0,0,0,0,0,0,0,0,0,0
წყობის,0,0,0,0,0,0,0,0,0,0
გროვა,0,0,1,0,0,1,0,0,0,0
მომლოცველი,0,0,0,0,0,0,0,0,0,0
სალოცავად სიარული,0,0,0,0,0,0,0,0,0,0
აბი,0,0,0,0,0,0,1,0,0,1
ძარცვა,1,0,1,1,0,1,0,0,0,0
სვეტი,0,0,0,0,0,0,0,0,0,0
ბალიში,0,0,0,0,0,0,1,0,0,0
ბალიშის კარავი,0,0,0,0,0,0,0,0,0,0
პილოტი,0,0,0,0,0,0,1,0,0,1
სუტენიორი,0,0,0,0,0,1,0,0,0,0
pimple,0,0,1,0,0,1,0,0,0,0
ქინძისთავი,0,0,0,0,0,0,0,0,0,0
ჩქმეტა,0,0,0,0,0,0,0,0,0,0
ჩხვლეტა,0,0,0,0,0,0,0,0,0,0
ფიჭვი,0,0,0,0,0,1,0,1,0,0
ანანასი,0,0,0,0,0,0,0,0,0,0
პინგი,0,0,0,0,0,0,0,0,0,0
pinhole,0,0,0,0,0,0,0,0,0,0
პინიონი,0,0,0,1,0,1,0,0,0,0
ვარდისფერი,0,0,0,0,0,0,0,0,0,0
მწვერვალი,0,0,0,0,0,0,1,0,0,0
პიონერი,0,0,0,0,0,0,1,0,0,0
ღვთისმოსავი,0,0,1,0,0,0,1,1,0,1
პიპ,0,0,0,0,0,0,0,0,0,0
მილი,0,0,0,0,0,0,0,0,0,0
მილებიანი,0,0,0,0,0,0,0,0,0,0
მილსადენი,0,0,0,0,0,0,0,0,0,0
პიპერი,0,0,0,0,0,0,0,0,0,0
პიპეტი,0,0,0,0,0,0,0,0,0,0
პიკე,1,0,0,0,0,1,0,0,0,0
მეკობრეობა,0,0,0,0,0,1,0,0,0,0
მეკობრე,1,0,0,0,0,1,0,0,0,0
პისკინა,0,0,0,0,0,0,0,0,0,0
პისტოლეტი,0,0,0,0,0,1,0,0,0,0
დგუში,0,0,0,0,0,0,0,0,0,0
ორმო,0,0,0,0,0,0,0,0,0,0
მოედანი,0,0,0,0,0,0,0,0,0,0
ქვევრი,0,0,0,0,0,0,0,0,0,0
ხაფანგში,1,0,1,1,0,1,0,1,1,0
ბუჩქი,0,0,0,0,0,0,1,0,0,1
წვრილმანი,0,0,0,0,0,0,0,0,0,0
ორმოიანი,0,0,0,0,0,0,0,0,0,0
სამწუხაროა,0,0,0,0,0,0,0,1,0,0
საყრდენი,0,0,0,0,0,0,1,0,0,1
პიქსი,0,0,0,0,0,0,0,0,0,0
პლაკატი,0,0,0,0,0,0,0,0,1,0
ადგილი,0,0,0,0,0,0,0,0,0,0
პლაცებო,0,0,0,0,0,0,0,0,0,0
მშვიდი,0,0,0,0,0,0,1,0,0,0
პლაკატი,0,0,0,0,0,0,0,0,0,0
პლაგიატი,0,0,1,0,0,1,0,0,0,0
ჭირი,0,0,1,1,0,1,0,1,0,0
პლედი,0,0,0,0,0,0,0,0,0,0
სადა,0,0,0,0,0,0,0,0,0,0
მოსარჩელე,0,0,0,0,0,1,0,0,0,0
საბრალო,0,0,0,0,0,0,0,1,0,0
გეგმა,0,1,0,0,0,0,0,0,0,0
თვითმფრინავი,0,0,0,0,0,0,0,0,0,0
პლანეტა,0,0,0,0,0,0,0,0,0,0
პლანეტარიუმი,0,0,0,0,0,0,0,0,0,0
პლანეტები,0,0,0,0,0,0,0,0,0,0
ფიცარი,0,0,0,0,0,0,0,0,0,0
დაგეგმილი,0,0,0,0,0,0,0,0,0,0
დაგეგმვა,0,1,0,0,0,0,1,0,0,1
მცენარე,0,0,0,0,0,0,0,0,0,0
პლანტაცია,0,0,0,0,0,0,0,0,0,0
პლანტატორი,0,0,0,0,0,0,0,0,0,0
დარგვა,0,0,0,0,0,0,0,0,0,0
პლაზმური,0,0,0,0,0,0,0,0,0,0
თაბაშირი,0,0,0,0,0,0,0,0,0,0
პლასტმასის,0,0,0,0,0,0,0,0,0,0
პლასტიურობა,0,0,0,0,0,0,0,0,0,0
პლატფორმა,0,0,0,0,0,0,0,0,0,0
ფირფიტა,0,0,0,0,0,0,0,0,0,0
პლატო,0,0,0,0,0,0,0,0,0,0
მოოქროვილი,0,0,0,0,0,1,0,0,0,0
პლატფორმა,0,0,0,0,0,0,0,0,0,0
მოოქროვილი,0,0,0,0,0,0,0,0,0,0
ოცეული,0,0,0,0,0,0,0,0,0,0
თეფში,0,0,0,0,0,0,0,0,0,0
დამაჯერებლობა,0,0,0,0,0,0,0,0,0,0
თამაში,0,0,0,0,0,0,0,0,0,0
პლეია,0,0,0,0,0,0,0,0,0,0
მოთამაშე,0,0,0,0,0,1,0,0,0,0
მხიარული,1,0,0,0,1,0,1,0,1,1
სათამაშო მოედანი,0,1,0,0,1,0,1,0,1,1
სათამაშო სახლი,0,0,0,0,1,0,1,0,0,0
თანათამაში,0,0,0,0,0,0,0,0,0,0
დრამატურგი,0,0,0,0,0,0,0,0,0,0
მოედანი,0,0,0,0,0,0,0,0,0,0
საპროცესო,0,1,0,1,0,1,0,1,0,0
სასიამოვნო,0,1,0,0,1,0,1,0,1,1
კმაყოფილი,0,0,0,0,1,0,1,0,0,0
სასიამოვნო,0,0,0,0,1,0,1,0,0,0
ნაკეცები,0,0,0,0,0,0,0,0,0,0
ნაკეცები,0,0,0,0,0,0,0,0,0,0
დაპირება,0,0,0,0,1,0,1,0,0,1
დაგირავებული,0,0,0,0,0,0,0,0,0,0
პლენარული,0,0,0,0,0,0,1,0,0,0
უხვი,0,0,0,0,0,0,1,0,0,0
უამრავი,0,0,0,0,0,0,0,0,0,0
პლენუმი,0,0,0,0,0,0,0,0,0,0
სიმრავლე,0,0,0,0,0,0,0,0,0,0
წნული,0,0,0,0,0,0,1,0,0,0
მოქნილი,0,0,0,0,0,0,0,0,0,0
განაცხადი,0,0,0,0,0,0,0,0,0,0
pliers,0,0,0,0,0,0,0,0,0,0
გაჭირვება,0,1,1,1,0,1,0,1,0,0
ცოკოლი,0,0,0,0,0,0,0,0,0,0
პლოდინგი,0,0,0,0,0,1,0,0,0,0
ნაკვეთი,0,0,0,0,0,0,0,0,0,0
გუთანი,0,0,0,0,0,0,0,0,0,0
გუთანი,0,0,0,0,0,0,0,0,0,0
აყვავებული,0,0,0,0,0,0,0,0,0,0
გუთანი,0,0,0,0,0,0,0,0,0,0
გუთანი,0,0,0,0,0,0,0,0,0,0
ხვნას,0,0,0,0,0,0,0,0,0,0
ამოგლეჯა,0,0,0,0,0,0,0,0,0,0
დანამატი,0,0,0,0,0,0,0,0,0,0
ქლიავი,0,0,0,0,0,0,1,0,0,0
ქლიავი,0,0,0,0,0,0,0,0,0,0
ქლიავი,0,0,0,0,0,0,1,0,0,0
ბუმბული,0,0,0,0,0,0,0,0,0,0
დაეცა,0,0,0,1,0,1,0,0,0,0
მსუქანი,0,1,0,0,0,0,0,0,0,0
მსუქანი,0,0,0,0,0,0,0,0,0,0
ძარცვა,1,0,1,1,0,1,0,1,1,0
ჩაძირვა,0,0,0,1,0,1,0,0,0,0
მრავლობითი,0,0,0,0,0,0,0,0,0,0
სიმრავლე,0,0,0,0,0,0,0,0,0,0
პლუშის,0,0,0,0,0,0,1,0,0,0
პლუტონიუმი,0,0,0,0,0,0,0,0,0,0
ფენა,0,0,0,0,0,0,1,0,0,0
პნევმონია,0,0,0,1,0,1,0,0,0,0
ბრაკონიერობა,1,0,1,1,0,1,0,1,0,0
ჯიბე,0,0,0,0,0,0,0,0,0,0
ჯიბის ბუკი,0,0,0,0,0,0,0,0,0,0
pod,0,0,0,0,0,0,0,0,0,0
ლექსი,0,0,0,0,0,0,0,0,0,0
პოეტი,0,0,0,0,0,0,0,0,0,0
პოეტური,0,0,0,0,0,0,0,0,0,0
პოეტური,0,0,0,0,0,0,0,0,0,0
პოეტიკა,0,0,0,0,0,0,0,0,0,0
პოეზია,0,0,0,0,0,0,0,0,0,0
მტკივნეული,0,0,0,0,0,0,0,0,0,0
წერტილი,0,0,0,0,0,0,0,0,0,0
ხაზგასმით,0,0,0,0,0,0,1,0,0,0
მაჩვენებელი,0,0,0,0,0,0,0,0,0,0
უაზრო,0,0,0,0,0,1,0,1,0,0
სიმშვიდე,0,0,0,0,0,0,0,0,0,0
შხამი,1,0,1,1,0,1,0,1,0,0
მოწამლული,1,0,1,1,0,1,0,1,0,0
მოწამვლა,0,0,1,0,0,1,0,0,0,0
შხამიანი,1,0,1,1,0,1,0,1,0,0
აკოცა,0,1,0,0,0,1,0,0,0,0
პოკერი,0,0,0,0,0,0,0,0,0,0
პოლარული,0,0,0,0,0,0,0,0,0,0
პოლარობა,0,0,0,0,0,0,0,0,1,0
ბოძი,0,0,0,0,0,0,0,0,0,0
პოლემიკა,1,0,1,0,0,1,0,0,0,0
პოლიცია,0,0,0,1,0,0,1,0,0,1
პოლიციელი,0,0,0,1,0,0,1,0,0,1
პოლიტიკა,0,0,0,0,0,0,0,0,0,1
პოლიომიელიტი,0,0,0,1,0,1,0,1,0,0
პოლონური,0,0,0,0,0,0,1,0,0,0
გაპრიალებული,0,0,0,0,0,0,1,0,0,0
თავაზიანი,0,0,0,0,0,0,1,0,0,0
ზრდილობა,0,0,0,0,0,0,1,0,0,0
პოლიტიკური,0,0,1,0,0,0,1,0,0,0
პოლიტიკოსი,0,0,0,0,0,0,0,0,0,0
პოლიტიკა,1,0,0,0,0,0,0,0,0,0
პოლიტიკოსობა,0,0,0,0,0,0,0,0,0,0
გამოკითხვა,0,0,0,0,0,0,0,0,0,1
აბინძურებს,0,0,1,0,0,1,0,0,0,0
დაბინძურება,0,0,1,0,0,1,0,0,0,0
პოლო,0,0,0,0,0,0,0,0,0,0
მრავალცოლიანობა,0,0,1,0,0,1,0,0,0,0
მრავალკუთხედი,0,0,0,0,0,0,0,0,0,0
მრავალკუთხა,0,0,0,0,0,0,0,0,0,0
პოლიმერი,0,0,0,0,0,0,0,0,0,0
პოლიმორფიზმი,0,0,0,0,0,0,0,0,0,0
პომპეზურობა,0,0,0,0,0,1,0,0,0,0
პომპეზური,0,0,1,0,0,1,0,0,0,0
პონჩო,0,0,0,0,0,0,0,0,0,0
აუზი,0,0,0,0,0,0,0,0,0,0
დაფიქრდით,0,0,0,0,0,0,0,0,0,0
მძიმე,0,0,0,0,0,1,0,0,0,0
პონტიფიკოსი,0,0,0,0,0,0,0,0,0,1
პონტიფიკატი,0,0,0,0,0,0,0,0,0,0
პონტონი,0,0,0,0,0,0,0,0,0,0
პონი,0,0,0,0,0,0,0,0,0,0
პუდელი,0,0,0,0,0,0,0,0,0,0
აუზი,0,0,0,0,0,0,1,0,0,0
განავალი,0,0,0,0,0,0,0,0,0,0
ცუდად,0,0,0,0,0,1,0,0,0,0
პოპ,0,0,0,0,0,1,0,0,1,0
პაპი,0,0,0,0,0,0,1,0,0,0
ყაყაჩო,0,0,0,0,0,0,0,0,0,0
პოპულარული,0,0,0,0,0,0,0,0,0,0
პოპულარობა,0,0,0,0,0,0,1,0,0,0
პოპულარული გახდა,0,0,0,0,0,0,1,0,0,0
მოსახლეობა,0,0,0,0,0,0,1,0,0,0
ხალხმრავალი,0,0,0,0,0,0,0,0,0,0
ფაიფური,0,0,0,0,0,0,0,0,0,0
ვერანდა,0,0,0,0,0,0,0,0,0,0
გოგრა,0,0,0,0,0,1,0,0,0,0
ფორა,0,0,0,0,0,0,0,0,0,0
ღორის ხორცი,0,0,0,0,0,0,0,0,0,0
პორნო,0,0,1,0,0,1,0,0,0,0
პორნო,0,0,0,0,0,1,0,0,0,0
პორნოგრაფიული,0,0,0,0,0,1,0,0,0,0
პორნოგრაფია,0,0,1,0,0,1,0,0,0,0
ფორიანობა,0,0,0,0,0,0,0,0,0,0
ფოროვანი,0,0,0,0,0,0,0,0,0,0
ფაფა,0,0,0,0,0,0,0,0,0,0
პორტი,0,0,0,0,0,0,0,0,0,0
პორტატული,0,0,0,0,0,0,1,0,0,0
პორტაჟი,0,0,0,0,0,0,0,0,0,0
პორტალი,0,0,0,0,0,0,0,0,0,0
პორტერი,0,0,0,0,0,0,0,0,0,0
პორტფოლიო,0,0,0,0,0,0,0,0,0,0
პორტიკი,0,0,0,0,0,0,0,0,0,0
ნაწილი,0,0,0,0,0,0,0,0,0,0
პორტრეტი,0,0,0,0,0,0,0,0,0,0
პორტრეტი,0,0,0,0,0,0,0,0,0,0
ასახავს,0,0,0,0,0,0,0,0,0,0
პოზას,0,0,0,0,0,1,0,0,0,0
პოზერი,0,0,0,0,0,0,0,0,0,0
დაყენებული,0,0,0,0,0,0,0,0,0,0
პოზიცია,0,0,0,0,0,0,0,0,0,0
ფლობენ,0,0,0,1,0,0,0,0,0,0
ფლობდეს,0,1,0,0,1,0,1,0,0,1
ფლობდა,1,0,1,1,0,1,0,0,0,0
ფლობს,0,0,0,0,0,0,0,0,0,0
ფლობა,1,0,1,1,0,1,0,0,0,0
მფლობელი,0,0,0,0,0,0,0,0,0,0
შესაძლებლობა,0,1,0,0,0,0,0,0,0,0
შესაძლოა,0,0,0,0,0,0,0,0,0,0
პოსტი,0,0,0,0,0,0,0,0,0,0
საფოსტო,0,0,0,0,0,0,0,0,0,0
პლაკატი,0,0,0,0,0,0,0,0,0,0
უკანა,0,0,0,0,0,0,0,0,0,0
შთამომავლობა,0,0,0,0,0,0,0,0,0,0
სიკვდილის შემდგომ,0,0,0,0,0,1,0,1,0,0
გადადება,0,0,0,0,0,0,0,0,0,0
გადაიდო,0,0,0,0,0,0,0,0,0,0
გადადება,0,0,0,0,0,1,0,0,1,0
პოსტსკრიპტი,0,0,0,0,0,0,0,0,0,0
პოსტულატი,0,0,0,0,0,0,0,0,0,0
პოზა,0,0,0,0,0,0,0,0,0,0
ქოთანი,0,0,0,0,0,0,0,0,0,0
სასმელი,0,0,0,0,0,0,1,0,0,0
პოტენცია,0,0,0,0,0,0,1,0,0,0
ძლიერი,0,0,0,0,0,0,0,0,0,0
პოტენციალი,0,0,0,0,0,0,0,0,0,0
წამალს,0,0,0,0,0,0,0,0,0,0
potluck,0,0,0,0,0,0,0,0,0,0
პოპური,0,0,0,0,0,0,0,0,0,0
პოტერი,0,0,0,0,0,0,0,0,0,0
ჭურჭელი,0,0,0,0,0,0,0,0,0,0
ჩანთა,0,0,0,0,0,0,0,0,0,0
ფრინველი,0,0,0,0,0,0,0,0,0,0
გირვანქა,1,0,0,0,0,1,0,0,0,0
დაასხით,0,0,0,0,0,0,0,0,0,0
სიღარიბე,1,0,1,1,0,1,0,1,0,0
პოუ,1,0,0,0,0,0,0,0,0,0
ფხვნილი,0,0,0,0,0,0,0,0,0,0
დაფხვნილი,0,0,0,0,0,0,0,0,0,0
პუდრისებრი,0,0,0,0,0,0,0,0,0,0
ძლიერი,1,1,1,1,1,0,1,0,0,1
ძლიერად,0,0,0,1,0,0,1,0,0,0
უძლური,1,0,1,1,0,1,0,1,0,0
ჩუტყვავილა,0,0,0,0,0,0,0,0,0,0
პრაქტიკული,0,0,0,0,0,0,0,0,0,0
პრაქტიკული,0,0,0,0,0,0,0,0,0,0
პრაქტიკულად,0,0,0,0,0,0,0,0,0,0
პრაქტიკა,0,0,0,0,0,0,1,0,0,0
ვარჯიშობდა,0,0,0,0,1,0,1,0,1,1
პრაქტიკა,0,1,0,0,0,0,1,0,0,0
პრაქტიკოსი,0,0,0,0,0,0,0,0,0,0
პრერია,0,0,0,0,0,0,0,0,0,0
დიდება,0,0,0,0,1,0,1,0,0,1
შეაქო,0,0,0,0,1,0,1,0,0,0
საქებარი,0,1,0,0,1,0,1,0,1,1
ხუმრობა,0,0,0,0,0,1,0,0,1,0
პრაქტიკა,0,0,0,0,0,0,0,0,0,0
ილოცე,0,1,0,1,1,0,1,0,1,1
ლოცვა,0,0,0,0,0,0,0,0,0,0
ქადაგება,0,0,0,0,0,0,0,0,0,0
მქადაგებელი,0,0,0,0,0,0,0,0,0,0
ქადაგება,0,0,0,0,0,0,0,0,0,0
პრეამბულა,0,0,0,0,0,0,0,0,0,0
საეჭვო,0,1,0,1,0,1,0,1,0,0
სიფრთხილე,0,0,0,0,0,0,1,0,0,0
პრევენციული,0,0,0,0,0,0,0,0,0,0
წინ უძღოდა,0,0,0,0,0,0,1,0,0,0
უპირატესობა,0,0,0,0,0,0,1,0,0,1
პრეცედენტი,0,0,0,0,0,0,0,0,0,0
წინამორბედი,0,0,0,0,0,0,0,0,0,0
მცნება,0,0,0,0,0,0,0,0,0,0
წინამძღვარი,0,0,0,0,0,0,0,0,0,0
პრეცესია,0,0,0,0,0,0,0,0,0,0
უბანი,0,0,0,0,0,1,0,0,0,0
უბნები,0,0,0,0,0,0,0,0,0,0
ძვირფასი,0,1,0,0,1,0,1,0,1,0
უფსკრული,0,0,0,1,0,0,0,0,0,0
დააჩქაროს,0,0,0,0,0,0,0,0,0,0
ნალექები,0,0,0,0,0,0,0,0,0,0
ნაჩქარევი,0,0,0,0,0,0,0,0,0,0
ზუსტი,0,0,0,0,0,0,1,0,0,0
ზუსტად,0,0,0,0,0,0,0,0,0,0
სიზუსტე,0,0,0,0,0,0,1,0,0,0
გამორიცხავს,1,0,0,0,0,0,0,0,0,0
ნაადრევი,0,0,0,0,0,0,0,0,0,0
წინამორბედი,0,1,0,0,0,0,0,0,0,0
მტაცებელი,0,0,0,0,0,1,0,0,0,0
წინამორბედი,0,0,0,0,0,0,0,0,0,0
გასაჭირი,0,0,0,1,0,1,0,0,0,0
პრედიკატი,0,0,0,0,0,0,0,0,0,0
იწინასწარმეტყველე,0,1,0,0,0,0,0,0,0,0
წინასწარმეტყველებს,0,0,0,0,0,0,0,0,0,0
წინასწარმეტყველება,0,1,0,0,0,0,0,0,0,0
პროგნოზირებადი,0,0,0,0,0,0,0,0,0,0
წინასწარმეტყველი,0,0,0,0,0,0,0,0,0,0
მიდრეკილება,0,1,0,0,0,0,1,0,0,0
წინასწარგანწყობა,0,1,0,0,0,0,0,0,0,0
მიდრეკილი,0,0,0,0,0,0,0,0,0,0
მიდრეკილება,0,0,0,0,0,0,0,0,0,0
გაბატონება,0,0,0,0,0,0,0,0,0,0
გაბატონებული,0,0,0,0,0,0,1,0,0,1
ჭარბობს,0,0,0,0,0,0,0,0,0,0
გამორჩეული,0,0,0,0,0,0,1,0,0,0
პრევენცია,0,0,0,0,0,0,0,0,0,0
წინასიტყვაობა,0,0,0,0,0,0,0,0,0,0
პრეფექტი,0,0,0,0,0,0,0,0,0,0
ურჩევნია,0,0,0,0,0,0,1,0,0,1
უპირატესობა,0,0,0,0,0,0,0,0,0,0
შეღავათიანი,0,0,0,0,0,0,0,0,0,0
პრეფიქსი,0,0,0,0,0,0,0,0,0,0
ორსულობა,0,0,1,0,0,1,0,0,0,0
პრეისტორიული,0,0,0,0,0,0,0,0,0,0
ცრურწმენა,1,0,0,0,0,1,0,0,0,0
წინასწარგანწყობილი,0,0,1,1,0,1,0,0,0,0
მავნე,1,0,0,0,0,1,0,0,0,0
წინასწარი,0,1,0,0,0,0,0,0,0,0
პრელუდია,0,0,0,0,0,0,0,0,0,0
ნაადრევი,0,0,0,0,0,0,0,0,1,0
ნაადრევად,0,0,0,0,0,0,0,0,0,0
წინასწარ განზრახული,0,0,0,1,0,1,0,0,0,0
პრემიერი,0,0,0,0,0,0,1,0,0,0
ნაგებობა,0,0,0,0,0,0,0,0,0,0
შენობა,0,0,0,0,0,0,1,0,0,0
პრემია,0,0,0,0,0,0,0,0,0,0
საზრუნავი,0,0,0,0,0,0,0,0,0,0
დაკავებული,0,0,0,0,0,0,0,0,0,0
მომზადება,0,1,0,0,0,0,0,0,0,0
მოსამზადებელი,0,1,0,0,0,0,0,0,0,0
მოამზადე,0,1,0,0,0,0,1,0,0,0
მომზადებული,0,1,0,0,0,0,1,0,0,1
მზადყოფნა,0,1,0,0,0,0,0,0,0,0
მოსამზადებელი,0,0,0,0,0,0,0,0,0,0
ემზადება,0,0,0,0,0,0,0,0,0,0
უპირატესობა,0,0,0,0,0,0,0,0,0,1
წინაპირობა,0,1,0,0,0,0,0,0,0,0
პრეროგატივა,0,0,0,0,0,0,0,0,0,0
წინასწარმეტყველი,0,1,0,0,0,0,1,0,0,0
დადგენილი,0,0,0,0,0,0,0,0,0,0
რეცეპტი,0,0,0,0,0,0,0,0,0,0
დანიშნულებითი,0,0,0,0,0,0,0,0,0,0
ყოფნა,0,0,0,0,0,0,1,0,0,0
აწმყო,0,1,0,0,1,0,1,0,1,1
პრეზენტაბელური,0,0,0,0,0,0,1,0,0,0
პრეზენტაცია,0,0,0,0,0,0,0,0,0,0
პრეზენტაცია,0,0,0,0,0,1,1,0,0,0
კონსერვაცია,0,0,0,0,0,0,0,0,0,0
კონსერვანტი,0,1,0,0,1,0,1,0,1,1
შენარჩუნება,0,0,0,0,0,0,1,0,0,0
შემონახული,0,0,0,0,0,0,0,0,0,0
შენახვა,0,0,0,0,0,0,0,0,0,0
თავმჯდომარეობს,0,0,0,0,0,0,0,0,0,0
პრეზიდენტობა,0,0,0,0,0,0,0,0,0,0
პრეზიდენტი,0,0,0,0,0,0,1,0,0,1
დაჭერა,0,0,0,0,0,0,0,0,0,0
დაჭერით,0,0,0,0,0,0,0,0,0,0
წნევა,0,0,0,0,0,1,0,0,0,0
პრესტიჟი,0,0,0,0,1,0,1,0,0,1
პრესტო,0,0,0,0,1,0,1,0,1,0
ვარაუდი,0,0,0,0,0,0,0,0,0,1
სავარაუდო,0,0,0,0,0,0,0,0,0,0
თავხედური,1,0,1,0,0,1,0,0,0,0
ვარაუდობენ,0,0,0,0,0,0,0,0,0,0
პრეტენზია,0,0,0,0,0,1,0,0,0,0
ვითომ,0,0,0,0,0,1,0,0,0,0
თავის მოჩვენება,1,0,0,0,0,1,0,0,0,0
პრეტენზია,0,0,0,0,0,1,0,0,0,0
პრეტენზიები,0,0,0,0,0,1,0,0,0,0
საბაბი,0,0,0,0,0,0,0,0,0,0
ლამაზი,0,1,0,0,1,0,1,0,0,1
ჭარბობს,0,1,0,0,1,0,1,0,0,0
გაბატონებული,0,0,0,0,0,0,0,0,0,0
გავრცელება,0,0,0,0,0,0,0,0,0,0
გავრცელებული,0,0,0,0,0,0,0,0,0,1
თავიდან აცილება,0,0,0,1,0,0,0,0,0,0
პრევენციული,0,0,0,0,0,0,0,0,0,0
პრევენცია,0,1,0,0,0,0,1,0,0,0
პრევენციული,0,0,0,0,0,1,0,0,0,0
წინა,0,0,0,0,0,0,0,0,0,0
ადრე,0,0,0,0,0,0,0,0,0,0
მტაცებელი,0,0,0,1,0,1,0,0,0,0
ფასი,0,0,0,0,0,0,0,0,0,0
ფასდაუდებელი,0,0,0,0,0,0,1,0,0,0
ჩხვლეტა,1,0,1,1,0,1,0,0,1,0
ეკლიანი,0,0,0,0,0,1,0,0,0,0
სიამაყე,0,0,0,0,1,0,1,0,0,0
მღვდელი,0,0,0,0,0,0,1,0,0,1
სამღვდელოება,0,1,0,0,1,0,1,1,0,1
სამღვდელო,0,0,0,0,0,0,1,0,0,0
პრიმი,0,0,0,0,0,0,0,0,0,0
პირველობა,0,0,0,0,0,0,1,0,0,0
პირველადი,0,0,0,0,0,0,1,0,0,0
პრიმატს,0,0,0,0,0,0,0,0,0,0
პრიმატები,0,0,0,0,0,0,0,0,0,0
პრემიერი,0,0,0,0,0,0,1,0,0,0
პრაიმირებული,0,0,0,0,0,0,0,0,0,0
პრაიმერი,0,0,0,0,0,0,1,0,0,1
პირველყოფილი,0,0,0,0,0,0,0,0,0,0
პრაიმინგი,0,0,0,0,0,0,0,0,0,0
პრიმიტიული,0,0,0,0,0,0,0,0,0,0
პირველყოფილი,0,0,0,0,0,0,0,0,0,0
პრინცი,0,0,0,0,0,0,1,0,0,0
საუფლისწულო,0,1,0,0,1,0,1,0,1,1
პრინცესა,0,0,0,0,0,0,1,0,0,0
მთავარი,0,0,0,0,0,0,1,0,0,1
პრინციპულად,0,0,0,0,0,0,0,0,0,0
პრინციპი,0,0,0,0,0,0,0,0,0,0
ბეჭდვა,0,0,0,0,0,0,0,0,0,0
პრინტერი,0,0,0,0,0,0,0,0,0,0
ბეჭდვა,0,0,0,0,0,0,0,0,0,0
ადრე,0,0,0,0,0,0,0,0,0,0
პრიორიტეტი,0,0,0,0,0,0,0,0,0,0
პრიორიტეტული,0,0,0,0,0,0,0,0,0,0
პრიზმა,0,0,0,0,0,0,0,0,0,0
პრიზმული,0,0,0,0,0,0,0,0,0,0
ციხე,1,0,0,1,0,1,0,1,0,0
პატიმარი,1,0,1,1,0,1,0,1,0,0
ხელუხლებელი,0,0,0,0,0,0,1,0,0,0
კონფიდენციალურობა,0,0,0,0,0,0,0,0,0,0
კერძო,0,0,0,0,0,0,0,0,0,0
პირადად,0,0,0,0,0,0,0,0,0,0
პრივილეგია,0,0,0,0,0,0,0,0,0,0
პრივილეგირებული,0,0,0,0,1,0,1,0,0,1
საიდუმლო,0,0,0,0,0,1,0,0,0,1
ალბათობა,0,1,0,0,0,0,0,0,0,0
სავარაუდო,0,0,0,0,0,0,0,0,0,0
გამოსაცდელი,0,1,0,1,0,0,0,1,0,0
გამოსაცდელი,0,0,0,0,0,0,0,0,0,0
დამამტკიცებელი,0,0,0,0,0,0,0,0,0,0
ზონდი,0,0,0,0,0,0,0,0,0,0
კეთილსინდისიერება,0,0,0,0,0,0,1,0,0,1
პრობლემა,0,0,0,1,0,1,0,1,0,0
პროცედურა,0,0,0,1,0,0,1,0,0,0
გააგრძელე,0,0,0,0,0,0,0,0,0,0
მიმდინარეობს,0,1,0,0,0,0,0,0,0,0
შემოსავალი,0,0,0,0,0,0,0,0,0,0
პროცესი,0,0,0,0,0,0,0,0,0,0
მსვლელობა,0,0,0,0,1,0,1,1,1,0
გამოაცხადეთ,0,0,0,0,0,0,0,0,0,0
გამოცხადება,0,0,0,0,0,0,0,0,0,0
გადადება,0,0,0,0,0,1,0,0,0,0
გაჭიანურება,0,0,0,0,0,1,0,0,0,0
გამრავლება,0,0,0,0,0,0,0,0,0,0
პროქტორი,0,0,0,0,0,0,1,0,0,1
შესყიდვა,0,0,0,0,0,0,1,0,0,0
შესყიდვა,0,0,0,0,0,0,0,0,0,0
პროდ,0,0,0,0,0,0,0,0,0,0
უძღები,0,0,0,0,0,1,1,0,0,0
საოცარი,0,0,0,0,0,0,1,0,0,0
საოცრება,0,0,0,0,0,0,1,0,0,0
აწარმოოს,0,0,0,0,0,0,0,0,0,0
წარმოებული,0,0,0,0,0,0,0,0,0,0
პროდიუსერი,0,0,0,0,0,0,1,0,0,0
მწარმოებელი,0,0,0,0,0,0,1,0,0,0
პროდუქტი,0,0,0,0,0,0,0,0,0,0
წარმოება,0,1,0,0,0,0,1,0,0,0
პროდუქტიული,0,0,0,0,0,0,1,0,0,0
პროდუქტიულობა,0,0,0,0,0,0,1,0,0,0
პროფანული,1,0,0,0,0,1,0,0,0,0
უხამსობა,1,0,0,0,0,1,0,0,0,0
პროფესია,0,0,0,0,0,0,0,0,0,0
პროფესია,0,0,0,0,0,0,1,0,0,0
პროფესიონალი,0,0,0,0,0,0,1,0,0,1
პროფესორი,0,0,0,0,0,0,1,0,0,1
პროფესორობა,0,0,0,0,0,0,0,0,0,1
ცოდნა,0,1,0,0,1,0,1,0,1,1
დახელოვნებული,0,0,0,0,0,0,1,0,0,1
პროფილი,0,0,0,0,0,0,0,0,0,0
მოგება,0,0,0,0,0,0,0,0,0,0
უხვი,0,0,0,0,0,0,1,0,0,0
სიჭარბე,0,0,0,0,0,1,0,0,0,0
პროგ,0,0,0,0,0,0,0,0,0,0
წინამორბედი,0,0,0,0,0,0,0,0,0,0
შთამომავლობა,0,0,0,0,0,0,0,0,0,0
პროგნოზი,0,1,0,1,0,0,0,0,0,0
პროგნოზული,0,1,0,0,0,0,0,0,0,0
პროგრამა,0,0,0,0,0,0,0,0,0,0
პროგრამა,0,0,0,0,0,0,0,0,0,0
პროგრამისტი,0,0,0,0,0,0,0,0,0,0
პროგრესი,0,1,0,0,1,0,1,0,0,0
პროგრესირება,0,1,0,0,1,0,1,1,0,1
პროგრესული,0,0,0,0,0,0,1,0,0,0
აკრძალოს,0,0,0,0,0,0,0,0,0,0
აკრძალული,1,0,1,1,0,1,0,0,0,0
აკრძალვა,0,0,0,0,0,1,0,0,0,0
ამკრძალავი,0,0,0,0,0,0,0,0,0,0
პროექტი,0,0,0,0,0,0,0,0,0,0
ჭურვი,0,0,0,1,0,0,0,0,0,0
ჭურვები,0,0,0,1,0,0,0,0,0,0
პროექტირება,0,0,0,0,0,0,0,0,0,0
პროექტირება,0,0,0,0,0,0,0,0,0,0
პროექტორი,0,0,0,0,0,0,0,0,0,0
პროლეტარი,0,0,0,0,0,0,0,0,0,0
პროლეტარიატი,0,0,0,0,0,0,0,0,0,0
ნაყოფიერი,0,0,0,0,0,0,1,0,0,0
პროლოგი,0,1,0,0,0,0,0,0,0,0
გაახანგრძლივოს,0,0,1,0,0,1,0,0,0,0
გახანგრძლივება,0,0,0,0,0,0,0,0,0,0
გახანგრძლივებული,0,0,0,0,0,0,0,0,0,0
გასეირნება,0,0,0,0,0,0,0,0,0,0
გამორჩეულობა,0,0,0,0,0,0,1,0,0,0
გამორჩეულად,0,0,0,0,0,0,1,0,0,0
გარყვნილი,0,0,0,0,0,1,0,0,0,0
დაპირება,0,0,0,0,1,0,1,0,0,1
პერსპექტიული,0,0,0,0,0,0,1,0,0,0
თამასუქი,0,0,0,0,0,0,0,0,0,0
კონცხი,0,0,0,0,0,0,0,0,0,0
ხელი შეუწყოს,0,0,0,0,0,0,0,0,0,0
პრომოუტერი,0,0,0,0,0,0,0,0,0,0
დაწინაურება,0,0,0,0,0,0,1,0,0,0
სწრაფი,0,0,0,0,0,0,0,0,0,0
განზრახვა,0,0,0,0,0,0,0,0,0,0
გამოაქვეყნოს,0,0,0,0,0,0,0,0,0,0
გამოცხადება,0,0,0,0,0,0,0,0,0,0
მიდრეკილი,0,0,0,0,0,0,0,0,0,0
საყრდენი,0,0,0,0,0,0,0,0,0,0
გამოთქმა,0,0,0,0,0,0,0,0,0,0
გამოხატული,0,0,0,0,0,0,0,0,0,0
გამოთქმა,0,0,0,0,0,0,0,0,0,0
გამოთქმა,0,0,0,0,0,0,0,0,0,0
მტკიცებულება,0,0,0,0,0,0,0,0,0,1
საყრდენი,0,0,0,0,0,0,1,0,0,0
პროპაგანდა,0,0,0,0,0,1,0,0,0,0
პროპაგანდა,0,0,0,0,0,0,0,0,0,0
გამრავლება,0,0,0,0,0,0,0,0,0,0
პროპანი,0,0,0,0,0,0,0,0,0,0
მოძრაობაში მოყვანა,0,0,0,0,0,0,0,0,0,0
ამოძრავებდა,0,0,0,0,0,0,0,0,0,0
პროპელერი,0,0,0,0,0,0,0,0,0,0
მამოძრავებელი,0,0,0,0,0,0,0,0,0,0
მიდრეკილება,0,0,0,0,0,0,0,0,0,0
სათანადო,0,0,0,0,0,0,1,0,0,0
ქონება,0,0,0,0,0,0,0,0,0,0
წინასწარმეტყველება,0,1,0,0,0,0,0,0,0,0
წინასწარმეტყველებენ,0,0,0,0,0,0,0,0,0,0
წინასწარმეტყველი,0,1,0,0,0,0,1,0,0,1
წინასწარმეტყველური,0,1,0,0,0,0,0,0,0,0
პროფილაქტიკური,0,1,0,0,0,0,1,0,0,1
პროფილაქტიკა,0,0,0,0,0,0,0,0,0,0
პროპორცია,0,0,0,0,0,0,0,0,0,0
პროპორციული,0,0,0,0,0,0,0,0,0,0
პროპორციული,0,0,0,0,0,0,0,0,0,0
პროპორციები,0,0,0,0,0,0,0,0,0,0
წინადადება,0,0,0,0,0,0,0,0,0,0
წინადადება,0,0,0,0,0,0,1,0,0,0
საკუთრების,0,0,0,0,0,0,0,0,0,0
მესაკუთრე,0,0,0,0,0,0,0,0,0,0
მესაკუთრეობა,0,0,0,0,0,0,0,0,0,0
წესიერება,0,0,0,0,0,0,0,0,0,0
ამძრავი,0,0,0,0,0,0,0,0,0,0
პროზა,0,0,0,0,0,0,0,0,0,0
დევნა,1,0,0,1,0,1,0,1,0,0
დევნა,0,0,1,0,0,1,0,0,0,0
პროკურორი,0,0,0,0,0,0,0,0,0,0
პერსპექტივა,0,0,0,0,0,0,1,0,0,0
პერსპექტიული,0,0,0,0,0,0,0,0,0,0
პერსპექტიულად,0,1,0,0,0,0,0,0,0,0
პროსპექტი,0,0,0,0,0,0,0,0,0,0
აყვავება,0,1,0,0,1,0,1,0,0,0
კეთილდღეობა,0,0,0,0,0,0,1,0,0,0
აყვავებული,0,0,0,0,1,0,1,0,0,0
მეძავი,0,0,1,0,0,1,0,0,0,0
პროსტიტუცია,0,0,1,0,0,1,0,1,0,0
დამხობილი,0,0,0,0,0,0,0,0,0,0
გმირი,0,0,0,0,0,0,0,0,0,0
დაცვა,0,0,0,0,0,0,1,0,0,0
დაცული,0,0,0,0,0,0,0,0,0,1
დაცვა,0,0,0,0,0,0,1,0,0,1
დაცვა,0,0,0,0,0,0,0,0,0,0
დამცავი,0,0,0,0,0,0,1,0,0,0
მფარველი,0,0,0,0,0,0,1,0,0,1
ცილის,0,0,0,0,0,0,0,0,0,0
პროტესტი,0,0,0,0,0,0,0,0,0,0
ოქმი,0,0,0,0,0,0,0,0,0,0
პროტოტიპი,0,0,0,0,0,0,0,0,0,0
პროტოზოები,0,0,0,0,0,0,0,0,0,0
გაჭიანურებული,0,0,0,0,0,0,0,0,0,0
გამოწეული,0,0,0,0,0,0,0,0,0,0
პროტრუზია,0,0,0,0,0,0,0,0,0,0
ამაყი,0,1,0,0,1,0,1,0,0,1
დაამტკიცოს,0,0,0,0,0,0,1,0,0,0
დადასტურებული,0,0,0,0,0,0,0,0,0,1
ანდაზა,0,0,0,0,0,0,0,0,0,0
ანდაზური,0,0,0,0,0,0,1,0,0,0
უზრუნველყოფა,0,0,0,0,0,0,1,0,0,1
გათვალისწინებული,0,0,0,0,0,0,0,0,0,0
განგებულება,0,0,0,0,0,0,0,0,0,0
უზრუნველყოფს,0,1,0,0,1,0,1,0,0,1
პროვინცია,0,0,0,0,0,0,0,0,0,0
პროვინციული,0,0,0,0,0,0,0,0,0,0
უზრუნველყოფა,0,0,0,0,0,0,0,0,0,0
დროებით,0,0,0,0,0,0,0,0,0,0
დებულებები,0,0,0,0,0,0,0,0,0,0
პირობით,0,0,0,0,0,0,0,0,0,1
პროვოკაცია,1,0,0,0,0,1,0,0,0,0
პროვოკაციული,0,0,0,0,0,0,0,0,0,0
პროვოცირებას,1,0,1,0,0,1,0,0,0,0
პროვოკაცია,0,0,0,0,0,0,0,0,0,0
ძლევამოსილება,0,0,0,0,0,0,0,0,0,0
ტრიალი,0,0,0,1,0,0,0,0,1,0
პროქსიმალური,0,0,0,0,0,0,0,0,0,0
ახლობელი,0,0,0,0,0,0,0,0,0,0
სიახლოვე,0,0,0,0,0,0,0,0,0,0
მარიონეტული,0,0,0,0,0,0,0,0,0,1
წინდახედულობა,0,0,0,0,0,0,1,0,0,0
წინდახედული,0,0,0,0,0,0,1,0,0,1
გახეხვა,0,0,0,0,0,0,0,0,0,0
ჩხუბი,1,1,0,0,0,1,0,0,0,1
ცნობისმოყვარე,0,0,0,0,0,1,0,0,0,0
ფსალმუნი,0,0,0,0,0,0,1,0,0,0
ფსევდო,0,0,0,0,0,0,0,0,0,0
ფსევდონიმი,0,0,0,0,0,0,0,0,0,0
ფსიქიკა,0,0,0,0,0,0,0,0,0,0
ფსიქიკური,0,0,0,0,0,0,0,0,0,0
ექსტრასენსები,0,0,0,0,0,0,0,0,0,0
ფსიქოლოგიური,0,0,0,0,0,0,0,0,0,0
ფსიქოლოგი,0,0,0,0,0,0,0,0,0,0
ფსიქოლოგია,0,0,0,0,0,0,0,0,0,0
ფსიქოზი,1,0,0,1,0,1,0,1,0,0
პაბი,0,0,0,0,0,0,0,0,0,0
სქესობრივი მომწიფება,0,0,0,0,0,0,0,0,0,0
პუბესცენტური,0,0,0,0,0,0,0,0,0,0
საჯარო,0,1,0,0,0,0,1,0,0,0
გამოცემა,0,0,0,0,0,0,0,0,0,0
პუბლიცისტი,0,0,0,0,0,1,0,0,0,0
საჯაროობა,0,0,0,0,0,0,0,0,0,0
საჯაროდ,0,0,0,0,0,0,0,0,0,0
გამოაქვეყნოს,0,0,0,0,0,0,0,0,0,0
გამოქვეყნდა,0,0,0,0,0,0,0,0,0,0
გამომცემელი,0,0,0,0,0,0,0,0,0,0
პუდინგი,0,0,0,0,0,0,0,0,0,0
გუბე,0,0,0,0,0,0,0,0,0,0
ფაფუკი,0,0,0,0,0,0,0,0,0,0
ფაფუკი,0,0,0,0,0,1,0,0,0,0
პაგერი,0,0,0,0,0,0,0,0,0,0
ფუსფუსი,0,0,1,0,0,0,0,0,0,0
გაიყვანეთ,0,0,0,0,0,0,1,0,0,0
ბორბალი,0,0,0,0,0,0,0,0,0,0
გადატანა,0,0,0,0,0,0,0,0,0,0
ფილტვისმიერი,0,0,0,0,0,0,0,0,0,0
რბილობი,0,0,0,0,0,0,0,0,0,0
ამბიონი,0,0,0,0,0,0,1,0,0,0
პულსაცია,0,0,0,0,0,0,0,0,0,0
პულსი,0,0,0,0,0,0,0,0,0,0
პუმა,0,0,0,1,0,0,0,0,1,0
ტუმბო,0,0,0,0,0,0,0,0,0,0
pun,0,0,0,0,0,0,0,0,0,0
დარტყმა,1,0,0,1,0,1,0,1,1,0
პუნქტუალური,0,1,0,0,0,0,1,0,0,1
პუნქტუალურობა,0,0,0,0,0,0,1,0,0,0
პუნქტუალურად,0,0,0,0,0,0,0,0,0,0
პუნქტუაციის,0,0,0,0,0,0,0,0,0,0
პუნქცია,0,0,0,0,0,0,0,0,0,0
ექსპერტი,0,0,0,0,0,0,0,0,0,0
მკვეთრი,0,0,1,0,0,1,0,0,0,0
დასაჯონ,0,0,0,1,0,1,0,0,0,0
დასჯილი,1,1,1,1,0,1,0,1,0,0
დამსჯელი,1,0,0,1,0,1,0,1,0,0
სასჯელი,1,0,1,1,0,1,0,0,0,0
დამსჯელი,1,0,0,1,0,1,0,1,0,0
პანკი,0,0,0,0,0,0,0,0,0,0
პუნქტი,0,1,0,0,0,0,0,0,0,0
წვრილმანი,0,0,0,0,0,0,0,0,0,0
ლეკვი,0,0,0,0,0,0,0,0,0,0
მოსწავლე,0,0,0,0,0,0,0,0,0,0
თოჯინა,0,0,0,0,0,0,0,0,0,0
ლეკვი,0,1,0,0,0,0,1,0,0,1
შესყიდვა,0,0,0,0,0,0,0,0,0,0
მყიდველი,0,0,0,0,0,0,0,0,0,0
შესყიდვა,0,0,0,0,0,0,0,0,0,0
პიურე,0,0,0,0,0,0,0,0,0,0
წმინდად,0,0,0,0,0,0,1,0,0,1
განსაწმენდელი,0,0,1,1,0,1,0,0,0,0
გაწმენდა,0,0,0,1,0,1,0,0,0,0
განწმენდა,0,0,0,0,0,0,1,0,0,1
განწმენდა,0,0,0,0,1,0,1,0,0,1
გამწმენდი,0,0,0,0,0,0,1,0,0,0
სიწმინდეს,0,0,0,0,0,0,1,0,1,0
მეწამული,0,0,0,0,0,0,0,0,0,0
პრეტენზია,0,0,0,0,0,0,0,0,0,0
დანიშნულება,0,0,0,0,0,0,0,0,0,0
განზრახ,0,0,0,0,0,0,0,0,0,0
ჩირქი,0,0,0,0,1,0,1,0,0,1
ჩანთა,0,0,0,0,0,0,0,0,0,0
დევნა,0,0,0,0,0,0,0,0,0,0
მისდევს,0,0,0,0,0,0,0,0,0,0
დევნა,0,0,0,0,0,0,0,0,0,0
მიმწოდებელი,0,0,0,0,0,0,0,0,0,0
უფლებამოსილება,0,0,0,0,0,0,0,0,0,0
ჩირქოვანი,0,0,1,0,0,1,0,0,0,0
ბიძგი,0,0,0,0,0,0,0,0,0,0
უბიძგებს,0,0,0,0,0,0,0,0,0,0
ჩირქი,0,0,0,0,0,0,0,0,0,0
წიწილა,0,0,0,0,0,0,0,0,0,0
წიწილა,0,0,0,0,0,0,0,0,0,0
დადება,0,0,0,0,0,0,0,0,0,0
სავარაუდო,0,0,0,0,0,0,0,0,0,1
აყენებს,0,0,0,0,0,0,0,0,0,0
წასახემსებელი,0,0,0,0,0,0,0,0,0,0
დაბნეული,0,0,0,0,0,0,0,0,0,0
თავსატეხი,0,0,0,0,0,0,0,0,0,0
პიგმის,0,0,0,0,0,0,0,0,0,0
პირამიდა,0,0,0,0,0,0,0,0,0,0
პირამიდული,0,0,0,0,0,0,0,0,0,0
პიროტექნიკა,0,0,0,0,0,0,0,0,0,0
ყაჩაღი,0,0,1,0,0,1,0,0,0,0
ოთხკუთხედი,0,0,0,0,0,0,0,0,0,0
ოთხკუთხედი,0,0,0,0,0,0,0,0,0,0
კვადრატი,0,0,0,0,0,0,0,0,0,0
კვადრატული,0,0,0,0,0,0,0,0,0,0
კვადრატურა,0,0,0,0,0,0,0,0,0,0
ოთხმაგი,0,0,0,0,0,0,0,0,0,0
ოთხპოლუსიანი,0,0,0,0,0,0,0,0,0,0
ჭაობი,0,0,1,0,0,1,0,0,0,0
მწყერი,0,0,0,1,0,1,0,0,0,0
უჩვეულო,0,0,0,0,1,0,1,0,0,1
მიწისძვრა,0,0,0,1,0,0,0,0,0,0
კვალიფიციური,0,0,0,0,0,0,1,0,0,1
კვალიფიკაცია,0,0,0,0,0,0,0,0,0,0
კვალიფიკაცია,0,0,0,0,0,0,1,0,0,0
თვისებები,0,0,0,0,0,0,0,0,0,0
ხარისხიანი,0,0,0,0,0,0,0,0,0,0
გაურკვევლობა,1,0,0,1,0,1,0,0,0,0
რაოდენობრივად,0,0,0,0,0,0,0,0,0,0
რაოდენობრივი,0,0,0,0,0,0,0,0,0,0
რაოდენობრივად,0,0,0,0,0,0,0,0,0,0
რაოდენობა,0,0,0,0,0,0,0,0,0,0
კვანტური,0,0,0,0,0,0,0,0,0,0
კარანტინი,0,0,0,1,0,0,0,0,0,0
წაჩხუბება,1,0,0,0,0,1,0,0,0,0
კარიერი,0,0,0,0,0,0,0,0,0,0
კვარტ,0,0,0,0,0,0,0,0,0,0
მეოთხედი,0,0,0,0,0,0,0,0,0,0
მეოთხედი,0,0,0,0,0,0,0,0,0,0
მეოთხედი,0,0,0,0,0,0,0,0,0,0
კვარტეტი,0,0,0,0,0,0,0,0,0,0
მეოთხედი,0,0,0,0,0,0,0,0,0,0
კვარტო,0,0,0,0,0,0,0,0,0,0
კვარცი,0,0,0,0,0,0,0,0,0,0
გაუქმება,0,0,0,1,0,1,0,0,0,0
კვაზი,0,0,0,0,0,0,0,0,0,0
მეოთხეული,0,0,0,0,0,0,0,0,0,0
სანაპირო,0,0,0,0,0,0,0,0,0,0
დედოფალი,0,0,0,0,0,0,0,0,0,0
ჩახშობა,0,0,0,0,0,1,0,0,0,0
ჩაქრობა,0,0,0,0,0,0,0,0,0,0
შეკითხვა,0,0,0,0,0,0,0,0,0,0
ქვესტი,0,1,0,0,0,0,1,0,0,0
კითხვა,0,0,0,0,0,0,1,0,0,0
საეჭვო,0,0,1,0,0,1,0,0,0,0
დაკითხვა,0,0,0,0,0,0,0,0,0,0
რიგში,0,0,0,0,0,0,0,0,0,0
აჩქარება,0,1,0,0,0,0,0,0,0,0
სწრაფად,0,0,0,0,0,0,0,0,0,0
სისწრაფე,0,0,0,0,0,0,1,0,1,0
ვერცხლისფერი,0,0,0,0,0,1,0,0,1,0
კვიდ,0,0,0,0,0,0,0,0,0,0
მშვიდი,0,0,0,0,0,0,1,0,0,0
მშვიდი,0,0,0,0,0,0,1,1,0,0
ჩუმად,0,0,0,0,0,0,0,0,0,0
კული,0,0,0,0,0,0,0,0,0,0
ქვილთი,0,0,0,0,0,0,0,0,0,0
ქინინი,0,0,0,0,0,0,1,0,0,0
დატოვა,0,0,0,0,0,1,0,0,0,0
ტოვებს,0,0,0,0,0,0,0,0,0,0
კანკალი,0,0,0,1,0,1,0,0,0,0
კანკალებდა,0,0,0,1,0,1,0,0,0,0
ვიქტორინა,0,0,0,0,0,1,0,0,0,0
კვორუმი,0,0,0,0,0,0,0,0,0,0
კვოტა,0,0,0,0,0,0,0,0,0,0
ციტატა,0,0,0,0,0,0,0,0,0,0
ციტატა,0,1,0,0,0,1,1,0,1,0
კოეფიციენტი,0,0,0,0,0,0,0,0,0,0
კურდღელი,0,0,0,0,0,0,0,0,0,0
რაბლა,1,0,0,1,0,1,0,0,0,0
გაცოფებული,1,1,1,1,0,1,0,1,0,0
ცოფი,0,0,0,0,0,1,0,0,0,0
რასის,0,0,0,0,0,0,0,0,0,0
სარბოლო ცხენი,0,0,0,0,0,0,0,0,0,0
მრბოლელი,0,0,0,0,0,0,0,0,0,0
თარო,0,0,0,0,0,1,0,1,0,0
რაკეტა,0,0,0,0,0,1,0,0,0,0
თაროები,0,0,0,0,0,0,0,0,0,0
რასის,0,0,0,0,0,0,0,0,0,0
რადარი,0,0,0,0,0,0,0,0,0,1
ბზინვარება,0,1,0,0,1,0,1,0,0,1
გასხივოსნებული,0,0,0,0,1,0,1,0,0,0
ასხივებენ,0,0,0,0,0,0,1,0,0,0
რადიაცია,0,0,0,1,0,1,0,0,0,0
რადიკალურად,0,0,0,0,0,0,0,0,0,0
რადიო,0,0,0,0,0,0,1,0,0,0
რადიოაქტიური,0,0,0,1,0,1,0,0,0,0
რადიოაქტიურობა,0,0,0,0,0,0,0,0,0,0
რენტგენოგრაფია,0,0,0,0,0,0,0,0,0,0
რადიოგრაფია,0,0,0,0,0,0,0,0,0,0
რადიოლოგია,0,0,0,0,0,0,0,0,0,0
რადიუმი,0,0,0,0,0,0,0,0,0,0
რადიუსი,0,0,0,0,0,0,0,0,0,0
რადონი,0,0,0,1,0,1,0,0,0,0
გათამაშება,0,1,0,0,0,0,0,0,1,0
ჯოხი,0,0,0,0,0,0,0,0,0,0
გაბრაზება,1,0,0,0,0,1,0,0,0,0
გახეხილი,0,0,0,0,0,0,0,0,0,0
მძვინვარებს,1,0,1,1,0,1,0,0,0,0
ნაწიბურები,0,0,1,0,0,1,0,0,0,0
დარბევა,1,0,0,1,0,1,0,0,1,0
სარკინიგზო,1,1,0,0,0,1,0,0,0,0
მოაჯირი,0,0,0,0,0,0,0,0,0,0
რკინიგზა,0,0,0,0,0,0,0,0,0,0
რკინიგზა,0,0,0,0,0,0,0,0,0,0
სამოსი,0,0,0,0,0,0,0,0,0,0
წვიმა,0,0,0,0,0,0,0,0,0,0
საწვიმარი,0,0,0,0,0,0,0,0,0,0
ნალექი,0,0,0,0,0,0,0,0,0,0
წვიმიანი,0,0,0,0,0,0,0,1,0,0
ამაღლება,0,0,0,0,0,0,0,0,0,0
გაზრდილი,0,0,0,0,0,0,0,0,0,0
ამაღლება,0,0,0,0,0,0,0,0,0,0
საკომისიო,0,0,0,0,0,0,0,0,0,0
აქცია,0,0,0,0,0,0,0,0,0,0
ვერძი,1,1,0,0,0,1,0,0,0,0
რბოლა,0,0,0,0,0,0,0,0,0,0
ლაყბობა,0,0,0,0,0,1,0,0,0,0
პანდუსი,0,0,0,0,0,0,0,0,0,0
მძვინვარება,1,0,0,1,0,1,0,0,0,0
რანჩო,0,0,0,0,0,0,0,0,0,0
გაფუჭებული,0,0,1,0,0,1,0,0,0,0
შემთხვევითად,0,0,0,0,0,0,0,0,1,0
შემთხვევითობა,0,0,0,0,0,0,0,0,0,0
რენდი,0,0,0,0,0,0,0,0,0,0
რეინჯერი,0,0,0,0,0,0,0,0,0,1
წოდება,0,0,0,0,0,0,0,0,0,0
გამოსყიდვა,1,0,0,1,0,1,0,0,0,0
ლანძღვა,0,0,0,0,0,0,0,0,0,0
რეპი,0,0,0,0,0,0,0,0,0,0
გაუპატიურება,1,0,1,1,0,1,0,1,0,0
სწრაფი,0,0,0,0,0,0,0,0,1,0
სისწრაფე,0,0,0,0,0,0,0,0,0,0
რეპიდები,0,0,0,0,0,0,0,0,0,0
რეპინგი,1,0,0,0,0,0,0,0,0,0
გატაცება,0,0,0,0,1,0,1,0,1,1
მტაცებლები,0,0,0,1,0,1,0,0,0,0
აღტაცება,0,1,0,0,1,0,1,0,0,0
იშვიათად,0,0,0,0,0,0,0,0,0,0
იშვიათობა,0,0,0,0,0,0,0,0,1,0
ჯიუტი,1,0,1,1,0,1,0,0,0,0
გამონაყარი,0,0,1,0,0,1,0,0,0,0
ვირთხა,0,0,1,1,0,1,0,0,0,0
ratchet,0,0,0,0,0,0,0,0,0,0
განაკვეთი,0,0,0,0,0,0,0,0,0,0
რატიფიკაცია,0,0,0,0,0,0,0,0,0,0
რატიფიცირება,0,0,0,0,0,0,0,0,0,1
რეიტინგი,1,0,0,1,0,1,0,1,0,0
თანაფარდობა,0,0,0,0,0,0,0,0,0,0
რაციონი,0,0,0,0,0,0,0,0,0,0
რაციონალური,0,0,0,0,0,0,1,0,0,1
დასაბუთება,0,0,0,0,0,0,0,0,0,0
რაციონალიზმი,0,0,0,0,0,0,0,0,0,0
რაციონალურობა,0,0,0,0,0,0,0,0,0,0
რატანი,0,0,0,0,0,0,0,0,0,0
ჭექა-ქუხილი,0,0,0,0,0,0,0,0,0,0
ჭყლეტის გველი,0,0,0,1,0,0,0,0,0,0
მღელვარე,0,0,0,0,0,1,0,0,0,0
რავი,1,0,1,0,1,1,1,0,1,1
ყორანი,0,0,0,0,0,0,0,0,0,0
მტაცებელი,1,0,0,1,0,1,0,1,0,0
ხევი,0,0,0,1,0,0,0,0,0,0
ბრაზი,1,1,0,1,1,1,0,0,1,0
ნედლი კანი,0,0,0,0,0,0,0,0,0,0
სხივი,0,0,0,0,0,0,0,0,0,0
საპარსი,0,0,0,1,0,0,0,0,0,0
მიღწევა,0,0,0,0,0,0,0,0,0,0
რეაგირება,1,0,0,1,0,0,0,0,0,0
რეაქციული,0,0,0,0,0,1,0,0,0,0
წაიკითხეთ,0,0,0,0,0,0,0,0,0,0
მკითხველი,0,0,0,0,0,0,1,0,0,0
მკითხველი,0,0,0,0,0,0,0,0,0,0
ადვილად,0,0,0,0,0,0,1,0,0,0
მზადყოფნა,0,1,0,0,1,0,1,0,0,1
კითხვა,0,0,0,0,0,0,1,0,0,0
ხელახალი კორექტირება,0,0,0,0,0,0,0,0,0,0
მზადაა,0,1,0,0,0,0,0,0,0,0
კიდევ ერთხელ დაადასტურა,0,0,0,0,0,0,1,0,0,0
რეაგენტი,0,0,0,0,0,0,0,0,0,0
რეალური,0,0,0,0,0,0,1,0,0,1
რეალიზმი,0,0,0,0,0,0,0,0,0,0
რეალისტური,0,0,0,0,0,0,0,0,0,0
რეალობა,0,0,0,0,0,0,0,0,0,0
სამეფო,0,0,0,0,0,0,0,0,0,0
უძრავი ქონება,0,0,0,0,0,0,0,0,0,0
რეამ,0,0,0,0,0,0,0,0,0,0
მოიმკის,0,0,0,0,0,0,0,0,0,0
ხელახლა გამოჩნდეს,0,0,0,0,0,0,0,0,1,0
უკანა,0,0,0,0,0,1,0,0,0,0
გადაწყობა,0,0,0,0,0,0,0,0,0,0
გადაწყობა,0,0,0,0,0,0,0,0,0,0
მიზეზი,0,0,0,0,0,0,1,0,0,0
გონივრულობა,0,0,0,0,0,0,0,0,0,0
მსჯელობა,0,0,0,0,0,0,0,0,0,0
მიზეზები,0,0,0,0,0,0,0,0,0,0
ხელახლა შეკრება,0,0,0,0,0,0,0,0,0,0
დარწმუნება,0,0,0,0,0,0,1,0,0,1
ამშვიდებს,0,0,0,0,0,0,1,0,0,1
დაარწმუნა,0,0,0,0,0,0,0,0,0,0
დამამშვიდებელი,0,0,0,0,0,0,0,0,0,0
ფასდაკლებით,0,0,0,0,0,0,1,0,0,0
მეამბოხე,1,0,0,1,0,1,0,0,0,0
აჯანყება,1,0,1,1,0,0,0,0,0,0
ხელახლა დაბადებული,0,0,0,0,0,0,0,0,0,0
მოხსნა,0,0,0,0,0,0,0,0,0,0
ხელახლა აშენება,0,0,0,0,0,0,0,0,0,0
საყვედური,0,0,0,0,0,1,0,0,0,0
უარყოფა,0,0,0,0,0,1,0,0,0,0
ურჩი,1,0,1,0,0,1,0,0,0,0
გახსენება,0,0,0,0,0,0,0,0,0,0
გადაკეთება,0,0,0,0,0,0,1,0,0,0
უკან დახევა,0,0,0,0,0,0,0,0,0,0
უკანდახევა,0,0,0,0,0,0,0,0,0,0
ქვითარი,0,0,0,0,0,0,0,0,0,0
ქვითრები,0,0,0,0,0,0,0,0,0,0
მიღებული,0,0,0,0,0,0,1,0,0,0
მიმღები,0,0,0,0,0,0,0,0,0,0
მიღება,0,1,0,0,1,0,1,0,1,0
ბოლო,0,0,0,0,0,0,0,0,0,0
კონტეინერი,0,0,0,0,0,0,0,0,0,0
მიღება,0,0,0,0,0,0,0,0,0,0
არდადეგები,0,0,0,0,0,0,0,0,0,0
ჩაღრმავებები,0,0,0,1,0,0,0,0,0,0
რეცესია,1,0,1,1,0,1,0,1,0,0
რეჩერჩე,0,0,0,0,0,0,1,0,0,0
რეციდივიზმი,1,0,1,0,0,1,0,1,0,0
რეცეპტი,0,0,0,0,0,0,0,0,0,0
მიმღები,0,1,0,0,0,0,0,0,0,0
ორმხრივი,0,0,0,0,0,0,0,0,0,0
საპასუხო,0,0,0,0,0,0,1,0,0,0
ორმხრივობა,0,0,0,0,0,0,0,0,0,0
რეციტალი,0,0,0,0,0,0,0,0,0,0
წაკითხვა,0,0,0,0,0,0,0,0,0,0
წაიკითხავენ,0,0,0,0,0,0,0,0,0,0
უგუნური,1,0,0,1,0,1,0,0,0,0
დაუფიქრებლობა,1,0,1,1,0,1,0,0,1,0
გაანგარიშება,0,0,0,0,0,0,0,0,0,0
მელიორაცია,0,0,0,0,0,0,1,0,0,0
დაწექი,0,0,0,0,0,0,1,0,0,1
განმარტოებული,0,0,0,0,0,0,0,0,0,0
აღიარება,0,0,0,0,0,0,0,0,0,0
ცნობადი,0,1,0,0,0,0,1,0,0,0
აღიარებული,0,0,0,0,0,0,0,0,0,0
უკუქცევა,0,0,0,0,0,0,0,0,0,0
გახსენება,0,0,0,0,0,0,0,0,0,0
გახსენება,0,0,0,0,0,0,0,0,0,0
რეკომბინანტული,0,0,0,0,0,0,0,0,0,0
რეკომბინაცია,0,1,0,0,0,0,0,0,0,0
გირჩევთ,0,0,0,0,0,0,1,0,0,1
რეკომენდაცია,0,0,0,0,0,0,0,0,0,0
ანაზღაურება,0,0,0,0,0,0,0,0,0,0
შერიგება,0,0,0,0,0,0,0,0,0,0
შერიგება,0,1,0,0,1,0,1,0,0,1
დაზვერვა,0,0,0,0,0,0,0,0,0,0
გადახედოს,0,0,0,0,0,0,0,0,0,0
გადახედვა,0,0,0,0,0,0,1,0,0,1
რეკონსტრუქცია,0,0,0,0,0,0,0,0,0,0
რეკონსტრუქცია,0,1,0,0,0,0,1,0,0,0
რეკონსტრუქცია,0,1,0,0,0,0,1,0,0,0
ჩანაწერი,0,0,0,0,0,0,0,0,0,0
ჩამწერი,0,0,0,0,0,0,1,0,0,0
ჩაწერა,0,0,0,0,0,0,0,0,0,0
გადათვლა,0,0,0,0,0,0,0,0,0,0
ანაზღაურება,0,0,0,0,0,0,1,0,0,0
რეკურსი,0,0,0,0,0,0,0,0,0,0
აღდგენითი,0,0,0,0,0,0,0,0,0,0
აღდგენა,0,0,0,0,0,0,1,0,0,0
დასვენება,0,1,0,0,1,0,1,0,0,0
რეკრეაციული,0,1,0,0,1,0,1,0,0,0
ახალწვეული,0,0,0,0,0,0,0,0,0,0
რეკრუტირება,0,0,0,0,0,0,0,0,0,0
ახალწვეულებს,0,0,0,0,0,0,0,0,0,1
მართკუთხედი,0,0,0,0,0,0,0,0,0,0
მართკუთხა,0,0,0,0,0,0,0,0,0,0
გასწორება,0,0,0,0,0,0,0,0,0,0
გაასწორონ,0,0,0,0,0,0,1,0,0,0
რექტორი,0,0,0,0,0,0,0,0,0,0
რექტორატი,0,0,0,0,0,0,0,0,0,0
დაწოლილი,0,0,0,0,0,0,0,0,0,0
გამოჯანმრთელება,0,0,0,0,0,0,0,0,0,0
განმეორდება,0,0,0,0,0,0,0,0,0,0
განმეორება,0,0,0,0,0,0,0,0,0,0
განმეორებადი,0,1,0,0,0,0,0,0,0,0
განმეორებადი,0,0,0,0,0,0,0,0,0,0
რეკურსიას,0,0,0,0,0,0,0,0,0,0
რეკურსიული,0,0,0,0,0,0,0,0,0,0
რეკურსიულად,0,0,0,0,0,0,0,0,0,0
წითელი,0,0,0,0,0,0,0,0,0,0
მოწითალო,0,0,0,0,0,0,0,0,0,0
გამოსყიდვა,0,0,0,0,0,0,1,0,0,0
სიწითლე,0,0,0,0,0,0,0,0,0,0
გამოსწორება,0,0,0,0,0,0,1,0,0,0
შემცირდა,0,0,0,0,0,0,0,0,0,0
შემცირება,0,0,0,0,0,0,0,0,0,0
ჭარბი რაოდენობა,0,0,0,0,0,0,0,0,0,0
ზედმეტი,0,0,0,0,0,1,0,0,0,0
ლერწამი,0,0,0,0,0,0,0,0,0,0
რიფი,0,0,0,0,0,0,0,0,0,0
რიფები,0,0,0,0,0,0,0,0,0,0
ბორბალი,0,0,0,0,0,0,0,0,0,0
აღადგინოს,0,0,0,0,0,0,0,0,0,0
მსაჯი,0,0,0,0,0,0,0,0,0,1
მითითება,0,0,0,0,0,0,0,0,0,0
რეფერენდუმი,0,0,0,0,0,0,0,0,0,0
დახვეწა,0,0,0,0,0,0,1,0,0,0
დახვეწა,0,0,0,0,0,0,1,0,0,0
გადამამუშავებელი ქარხანა,0,0,0,0,0,0,0,0,0,0
დახვეწა,0,0,0,0,0,0,0,0,0,0
გადაკეთება,0,0,0,0,0,0,0,0,0,0
ასახავს,0,0,0,0,0,0,0,0,0,0
ამსახველი,0,0,0,0,0,0,0,0,0,0
ანარეკლი,0,0,0,0,0,0,0,0,0,0
ამრეკლავი,0,0,0,0,0,0,0,0,0,0
რეფლექტორი,0,0,0,0,0,0,0,0,0,0
რეფლექსი,0,0,0,0,0,0,0,0,1,0
რეფლუქსი,0,0,1,0,0,1,0,0,0,0
რეფორმა,0,0,0,0,0,0,1,0,0,0
რეფორმაცია,0,0,0,0,0,0,1,0,0,0
რეფორმატორი,0,0,0,0,0,0,1,0,0,0
რეფრაქცია,0,0,0,0,0,0,0,0,0,0
რეფრაქტორი,0,0,0,0,0,0,0,0,0,0
ცეცხლგამძლე,0,0,0,0,0,1,0,0,0,0
თავი შეიკავოს,0,0,0,0,0,0,0,0,0,0
თავს იკავებს,0,0,0,0,0,0,0,0,0,0
გამაგრილებელი,0,0,0,0,0,0,1,0,0,0
მაცივარში,0,0,0,0,0,0,0,0,0,0
გაგრილება,0,0,0,0,0,0,0,0,0,0
მაცივარი,0,0,0,0,0,0,0,0,0,0
თავშესაფარი,0,0,0,0,0,0,0,0,0,0
ლტოლვილი,0,0,0,0,0,0,0,1,0,0
თანხის დაბრუნება,0,0,0,0,0,0,0,0,0,0
განაახლეთ,0,0,0,0,0,0,1,0,0,0
უარის თქმა,0,0,0,0,0,1,0,0,0,0
უარი თქვას,0,0,0,0,0,1,0,0,0,0
უარი თქვა,0,0,0,0,0,1,0,1,0,0
უარს ამბობს,0,0,0,0,0,0,0,0,0,0
უარყოფა,0,0,0,1,0,0,0,0,0,0
უარყოს,0,0,0,0,0,0,0,0,0,0
დაიბრუნოს,0,0,0,0,0,0,0,0,0,0
მეფური,0,0,0,0,0,0,1,0,0,1
რეგალია,0,0,0,0,0,0,0,0,0,0
რეგატა,0,1,0,0,0,0,0,0,0,0
რეგენტობა,0,0,0,0,0,0,0,0,0,0
რეგენერაცია,0,0,0,0,0,0,0,0,0,0
რეგენერაცია,0,0,0,0,0,0,0,0,0,0
რეგენტი,0,0,0,0,0,0,1,0,0,1
რეჟიმი,0,0,0,0,0,0,0,0,0,0
რეჟიმი,0,0,0,0,0,0,0,0,0,0
პოლკი,0,0,0,1,0,0,0,0,0,0
რეგიონი,0,0,0,0,0,0,0,0,0,0
რეგიონალური,0,0,0,0,0,0,0,0,0,0
რეგიონალიზმი,0,0,0,0,0,0,0,0,0,0
რეგისტრაცია,0,0,0,0,0,0,0,0,0,0
რეგისტრატორი,0,0,0,0,0,0,0,0,0,0
რეგისტრაცია,0,0,0,0,0,0,0,0,0,0
რეესტრი,0,0,0,0,0,0,0,0,0,1
რეგრესი,0,0,0,0,0,1,0,0,0,0
რეგრესია,0,0,0,0,0,1,0,0,0,0
რეგრესიული,0,0,0,0,0,1,1,0,0,0
სინანული,0,0,0,0,0,1,0,1,0,0
სამწუხარო,0,0,0,0,0,1,0,1,0,0
ნანობდა,0,0,0,0,0,1,0,1,0,0
სინანული,0,0,0,0,0,1,0,1,0,0
რეგულარული,0,0,0,0,0,0,0,0,0,0
კანონზომიერება,0,1,0,0,0,0,1,0,0,1
რეგულარული,0,0,0,0,0,0,0,0,0,0
არეგულირებს,0,0,0,0,0,0,1,0,0,0
რეგულირდება,0,0,0,0,0,0,0,0,0,0
რეგულირება,0,0,0,0,0,0,0,0,0,0
მარეგულირებელი,0,0,0,1,0,1,0,0,0,0
რეგურგიტაცია,0,0,1,0,0,0,0,0,0,0
რეაბილიტაცია,0,0,0,0,0,0,1,0,0,0
რეაბილიტაცია,0,1,0,0,0,0,1,0,0,0
რეპეტიცია,0,0,0,0,0,0,0,0,0,0
მეფობა,0,0,0,0,0,0,0,0,0,0
ანაზღაურება,0,0,0,0,0,0,1,0,0,0
ანაზღაურება,0,0,0,0,0,0,1,0,0,1
სადავეები,0,0,0,0,0,1,0,0,0,0
ირემი,0,0,0,0,0,0,0,0,0,0
გააძლიეროს,0,0,0,0,0,0,0,0,0,0
გამაგრება,0,0,0,0,0,0,1,0,0,1
გამაგრებები,0,0,0,0,0,0,0,0,0,1
სადავეები,0,0,0,0,0,0,0,0,0,0
ხელახლა დააინსტალირეთ,0,0,0,0,0,0,0,0,0,0
აღდგენა,0,0,0,0,0,0,1,0,0,0
აღდგენა,0,0,0,0,0,0,0,0,0,0
რეინვესტირება,0,0,0,0,0,0,0,0,0,0
რეინვესტიცია,0,0,0,0,0,0,0,0,0,0
გაიმეორეთ,0,0,0,0,0,0,0,0,0,0
უარყოს,1,0,0,1,0,1,0,1,0,0
უარყოფილი,0,0,0,0,0,1,0,0,0,0
უარყოფა,1,0,1,1,0,1,0,1,0,0
უარყოფს,1,0,0,1,0,1,0,1,0,0
გაიხარე,0,1,0,0,1,0,1,0,1,1
გახარებული,0,1,0,0,1,0,1,0,1,0
ხელახლა შეერთება,0,0,0,0,0,0,0,0,0,0
გაახალგაზრდავება,0,0,0,0,0,0,1,0,0,0
გაახალგაზრდავებული,0,0,0,0,0,0,1,0,0,0
აღორძინება,0,1,0,1,1,1,1,0,1,0
რეციდივი,0,0,0,1,0,1,0,1,0,0
ეხება,0,0,0,0,0,0,0,0,0,0
დაკავშირებული,0,0,0,0,0,0,0,0,0,1
ურთიერთობა,0,0,0,0,0,0,0,0,0,0
ურთიერთობა,0,0,0,0,0,0,0,0,0,0
ნათესავი,0,0,0,0,0,0,0,0,0,1
ფარდობითობა,0,0,0,0,0,0,0,0,0,0
დამამშვიდებელი,0,0,0,0,0,0,0,0,0,0
დასვენება,0,0,0,0,0,0,1,0,0,0
მოდუნებული,0,0,0,0,0,0,0,0,0,0
რელე,0,0,0,0,0,0,0,0,0,0
გათავისუფლება,0,0,0,0,0,0,0,0,0,0
გაათავისუფლეს,0,0,0,0,0,0,0,0,0,0
დაქვეითება,0,0,0,0,0,1,0,0,0,0
შესაბამისობა,0,0,0,0,0,0,0,0,0,0
შესაბამისი,0,0,0,0,0,0,1,0,0,1
საიმედოობა,0,0,0,0,0,0,1,0,0,1
საიმედო,0,0,0,0,0,0,1,0,0,1
ნდობა,0,0,0,0,0,0,1,0,0,1
რელიქვია,0,0,0,0,0,0,0,0,0,0
სიწმინდეები,0,0,0,0,0,0,0,1,0,0
რელიეფი,0,0,0,0,0,0,1,0,0,0
შემამსუბუქებელი,0,0,0,0,0,0,1,0,0,0
რელიგია,0,0,0,0,0,0,0,0,0,1
რელიგიური,0,0,0,0,0,0,0,0,0,0
დათმობა,0,0,0,0,0,1,0,0,0,0
სიამოვნება,0,0,0,0,0,0,0,0,0,0
უხალისობა,0,0,0,0,0,0,0,0,0,0
უხალისო,0,0,0,1,0,1,0,0,0,0
ნარჩენი,0,0,0,0,0,0,0,0,0,0
დარჩენილი,0,0,0,0,0,0,0,0,0,0
რჩება,0,0,1,1,0,1,1,0,0,1
გადაკეთება,0,0,0,0,0,0,1,0,0,0
პატიმრობა,1,0,0,0,0,1,0,0,0,0
შენიშვნა,0,0,0,0,0,0,0,0,0,0
აღსანიშნავია,0,0,0,0,1,0,1,0,1,1
საოცრად,0,0,0,0,0,0,1,0,0,0
გამოსასწორებელი,0,0,0,0,0,1,0,0,0,0
წამალია,0,1,0,0,1,0,1,0,0,1
გახსოვდეს,0,0,0,0,0,0,0,0,0,0
გაიხსენა,0,0,0,0,0,0,0,0,0,0
გახსენება,0,0,0,0,0,0,0,0,0,0
გახსენება,0,0,0,0,0,0,0,0,0,0
შეხსენება,0,0,0,0,0,0,0,0,0,0
შეხსენება,0,0,0,0,0,0,0,0,0,0
გამოტოვება,1,0,1,0,0,1,0,1,0,0
რემისია,0,0,0,0,0,0,1,0,0,0
გადაცემა,0,0,0,0,0,0,0,0,0,0
ფულადი გზავნილი,0,0,0,0,0,0,0,0,0,0
ნარჩენი,0,0,0,0,0,0,0,0,0,0
გადაკეთება,0,0,0,0,0,0,1,0,0,0
სინანული,0,0,0,0,0,1,0,1,0,0
დისტანციური,0,0,0,0,0,0,0,0,0,0
დაშორება,0,0,0,0,0,0,0,0,0,0
მოხსნა,0,0,0,0,0,1,0,0,0,0
ამოღება,1,0,0,1,0,1,0,1,0,0
ანაზღაურება,0,0,0,0,0,0,0,0,0,0
რენესანსი,0,0,0,0,0,0,1,0,0,0
დაქირავება,0,0,0,0,0,1,0,0,0,0
გაღება,0,0,0,0,0,1,0,0,0,0
გაწევა,0,0,0,0,0,0,1,0,0,0
გაწევა,0,0,0,0,0,0,0,0,0,0
პაემანი,0,0,0,0,0,0,0,0,0,0
გადმოცემა,0,0,0,0,0,0,0,0,0,0
რენეგატი,1,0,0,0,0,1,0,0,0,0
განახლება,0,0,0,0,0,0,1,0,0,0
უარი თქვას,1,0,0,0,0,1,0,0,0,0
გარემონტება,0,1,0,0,0,0,1,0,0,0
გარემონტებული,0,0,0,0,0,0,0,0,0,0
რემონტი,0,1,0,0,1,0,1,0,0,0
ცნობილი,0,0,0,0,0,0,1,0,0,0
ცნობილი,0,0,0,0,0,0,1,0,0,0
ქირავდება,0,0,0,0,0,0,0,0,0,0
გაქირავება,0,0,0,0,0,0,0,0,0,0
დამქირავებელი,0,0,0,0,0,0,0,0,0,0
უარის თქმა,0,0,0,0,0,1,0,0,0,0
რეორგანიზაცია,0,0,0,0,0,0,0,0,0,0
რეორგანიზაცია,0,0,0,0,0,0,1,0,0,0
შეკეთება,0,0,0,0,0,0,0,0,0,0
რეპარაცია,0,0,0,0,0,0,1,0,0,1
გადაიხადე,1,1,0,0,1,0,1,0,0,1
დაფარვა,0,0,0,0,0,0,0,0,0,0
გაუქმება,0,0,0,0,0,0,0,0,0,0
გაიმეორეთ,0,0,0,0,0,0,0,0,0,0
გაიმეორა,0,0,0,0,0,0,0,0,0,0
არაერთხელ,0,0,0,0,0,0,0,0,0,0
განმეორებითი,0,0,0,0,0,0,0,0,0,0
რეპელანტი,0,0,1,1,0,1,0,0,0,0
მომგერიებელი,1,0,1,1,0,1,0,0,0,0
მოგერიება,0,0,1,0,0,1,0,0,0,0
მოინანიე,0,0,0,1,0,0,1,0,0,0
მონანიება,0,0,0,0,0,0,0,0,0,0
რეპერტუარი,0,0,0,0,0,0,0,0,0,0
რეპერტუარი,0,0,0,0,0,0,0,0,0,0
გამეორება,0,0,0,0,0,0,0,0,0,0
ჩანაცვლება,0,0,0,0,0,0,0,0,0,0
ჩანაცვლება,0,0,0,0,0,0,0,0,0,0
შევსება,0,0,0,0,0,0,1,0,0,0
სავსე,0,0,0,0,0,0,1,0,0,0
რეპლიკაცია,0,0,0,0,0,0,0,0,0,0
პასუხი,0,0,0,0,0,0,0,0,0,0
ანგარიში,0,0,0,0,0,0,0,0,0,0
იტყობინება,0,0,0,0,0,0,0,0,0,0
რეპორტიორი,0,0,0,0,0,0,1,0,0,1
განსვენება,0,0,0,0,0,0,1,0,0,0
გადაადგილება,0,0,0,0,0,0,0,0,0,0
საცავი,0,0,0,0,0,0,0,0,0,0
წარმომადგენლობა,0,0,0,0,0,0,0,0,0,0
წარმომადგენელი,0,0,0,0,0,0,0,0,0,0
წარმოდგენილი,0,0,0,0,0,0,1,0,0,0
წარმოადგენს,0,1,0,0,0,0,0,0,0,0
რეპრესიები,0,0,0,0,0,1,0,1,0,0
რეპრესირებული,0,0,0,0,0,0,0,0,0,0
რეპრესიები,0,0,0,1,0,1,0,0,0,0
შესვენება,0,0,0,0,0,0,0,0,0,0
საყვედური,1,0,0,0,0,1,0,0,0,0
გადაბეჭდვა,0,0,0,0,0,1,0,0,0,0
შურისძიება,1,0,0,1,0,1,0,1,0,0
გამეორება,0,0,0,0,0,0,0,0,0,0
საყვედური,1,0,1,0,0,1,0,1,0,0
გამრავლება,0,0,0,0,0,0,0,0,0,0
რეპროდუქცია,0,0,0,0,0,0,0,0,0,0
რეპროდუქციული,0,0,0,0,1,0,1,0,0,0
ქვეწარმავალი,0,0,0,0,0,0,0,0,0,0
რესპუბლიკა,0,0,0,0,0,1,0,0,0,0
რესპუბლიკური,0,0,0,0,0,0,0,0,0,0
უარყოფა,1,0,1,0,0,1,0,0,0,0
მოგერიება,0,0,1,1,0,1,0,0,0,0
ხელახალი შესყიდვა,0,0,0,0,0,0,0,0,0,0
რეპუტაციის მქონე,0,0,0,0,0,0,1,0,0,1
რეპუტაცია,0,0,0,0,0,0,0,0,0,0
რეპუტაცია,0,0,0,0,0,0,0,0,0,0
მოთხოვნა,0,0,0,0,0,0,0,0,0,0
რეკვიემი,0,0,0,0,0,0,0,1,0,0
საჭირო,0,0,0,0,0,0,0,0,0,0
მოთხოვნა,0,0,0,0,0,0,0,0,0,0
რეკვიზიტი,0,0,0,0,0,0,0,0,0,0
რეკვიზიცია,0,0,0,0,0,0,0,0,0,0
გააუქმოს,0,0,0,0,0,1,0,0,0,0
შეწყვეტა,0,0,0,0,0,1,0,0,0,0
გადარჩენა,0,1,0,0,1,0,1,0,1,1
კვლევა,0,0,0,0,0,0,0,0,0,0
რეზექცია,0,0,0,1,0,0,0,0,0,0
მსგავსება,0,0,0,0,0,0,0,0,0,0
ემსგავსება,0,0,0,0,0,0,0,0,0,0
მსგავსება,0,0,0,0,0,0,0,0,0,0
განაწყენდა,1,0,0,0,0,1,0,0,0,0
განაწყენებული,1,0,0,0,0,1,0,0,0,0
წყენა,1,0,1,0,0,1,0,1,0,0
დაჯავშნა,0,0,0,0,0,0,0,0,0,0
რეზერვი,0,0,0,0,0,0,1,0,0,0
დაცულია,0,0,0,0,0,0,0,0,0,0
რეზერვები,0,0,0,0,0,0,0,0,0,0
წყალსაცავი,0,0,0,0,0,0,0,0,0,0
ცხოვრობენ,0,0,0,0,0,0,0,0,0,0
რეზიდენცია,0,0,0,0,0,0,0,0,0,0
რეზიდენციები,0,0,0,0,0,0,0,0,0,0
რეზიდენტი,0,0,0,0,0,0,1,0,0,0
ნარჩენი,0,0,0,0,0,0,0,0,0,0
ნარჩენი,0,0,0,0,0,0,0,0,0,0
გადადგეს,1,0,1,1,0,1,0,1,0,0
გადადგომა,0,0,0,0,0,1,0,1,1,0
გადადგა,0,0,0,0,0,1,0,1,0,0
გამძლეობა,0,0,0,0,0,0,0,0,0,0
მდგრადი,0,0,0,0,0,0,1,0,0,0
ფისი,0,0,0,0,0,0,0,0,0,0
წინააღმდეგობის გაწევა,0,0,0,0,0,1,0,0,0,0
წინააღმდეგობა,1,0,0,0,0,1,0,0,0,0
რეზისტენტული,0,0,0,1,0,1,0,0,0,0
წინააღმდეგობის გაწევა,1,0,0,1,0,1,0,1,0,0
რეზისტენტული,0,0,0,0,0,0,1,0,0,0
გადამწყვეტი,0,0,0,0,0,0,0,0,0,0
მტკიცედ,0,0,0,0,0,0,1,0,0,0
რეზოლუცია,0,0,0,0,0,0,0,0,0,0
გადაწყვეტა,0,0,0,0,0,0,0,0,0,0
გადაწყდა,0,0,0,0,0,0,0,0,0,0
რეზონანსი,0,0,0,0,0,0,0,0,0,0
რეზონანსული,0,0,0,0,0,0,0,0,0,0
რეზონანსი,0,0,0,0,0,0,0,0,0,0
რეზონატორი,0,0,0,0,0,0,0,0,0,0
კურორტი,0,0,0,0,0,0,0,0,0,0
ხმამაღალი,0,0,0,0,0,0,0,0,0,0
რესურსები,0,0,0,0,1,0,1,0,0,1
პატივისცემა,0,1,0,0,1,0,1,0,0,1
პატივმოყვარეობა,0,0,0,0,0,0,1,0,0,0
პატივცემული,0,0,0,0,0,0,1,0,0,1
პატივცემული,0,0,0,0,0,0,0,0,0,0
პატივმოყვარე,0,0,0,0,0,0,1,0,0,1
პატივისცემით,0,0,0,0,0,0,1,0,0,0
შესაბამისი,0,0,0,0,0,0,0,0,0,0
პატივს სცემს,0,0,0,0,0,0,1,0,0,1
სუნთქვა,0,0,0,0,0,0,0,0,0,0
რესპირატორი,0,0,0,0,0,0,0,0,0,0
შესვენება,0,0,0,0,1,0,1,0,0,1
ბრწყინვალე,0,0,0,0,1,0,1,0,0,0
რეაგირება,0,0,0,0,0,0,0,0,0,0
რესპონდენტი,0,0,0,0,0,0,0,0,0,0
პასუხი,0,0,0,0,0,0,0,0,0,0
პასუხისმგებლობა,0,0,0,0,0,0,0,0,0,0
პასუხისმგებელი,0,0,0,0,0,0,1,0,0,1
საპასუხო,0,1,0,0,0,0,1,0,0,1
დასვენება,0,0,0,0,0,0,1,0,0,0
რესტორანი,0,0,0,0,0,0,0,0,0,0
დამშვიდებული,0,0,0,0,0,0,1,0,0,0
რესტიტუცია,1,0,0,0,0,0,1,0,0,0
მოუსვენრობა,0,1,0,0,0,0,0,0,0,0
აღდგენა,0,0,0,0,0,0,0,0,0,0
აღდგენითი,0,1,0,0,1,0,1,0,0,1
აღადგინა,0,0,0,0,0,0,0,0,0,0
აღდგენა,0,0,0,0,0,0,1,0,0,0
შეკავება,1,0,0,1,0,1,0,0,0,0
თავშეკავებული,0,0,0,1,0,0,0,0,0,0
თავშეკავება,0,0,0,0,0,0,1,0,0,0
შეზღუდოს,0,0,0,0,0,1,0,1,0,0
შეზღუდული,0,0,0,0,0,0,0,0,0,0
შეზღუდვა,1,0,0,1,0,1,0,1,0,0
შემზღუდველი,0,0,0,0,0,1,0,0,0,0
შედეგი,0,1,0,0,0,0,0,0,0,0
შედეგიანი,0,1,0,0,0,0,0,0,0,0
განახლება,0,0,0,0,0,0,1,0,0,0
აღდგომა,0,0,0,0,0,0,0,0,0,0
რეანიმაცია,0,0,0,0,0,0,0,0,0,0
საცალო,0,0,0,0,0,0,0,0,0,0
საცალო ვაჭრობა,0,0,0,0,0,0,0,0,0,0
შენარჩუნება,0,0,0,0,0,0,0,0,0,1
შეკავება,0,0,0,0,0,0,0,0,0,0
ხელახლა მიღება,0,0,0,0,0,0,0,0,0,0
გასწორებოდნენ,1,0,0,0,0,1,0,0,0,0
შურისძიება,1,0,0,1,0,1,0,0,0,0
საპასუხო,1,0,0,0,0,1,0,0,0,0
ჩამორჩენილი,0,0,1,1,0,1,0,1,0,0
ჩამორჩენა,0,0,0,0,0,1,0,0,0,0
შეკავება,0,0,0,0,0,0,1,0,0,0
თავშეკავებული,0,0,0,0,0,0,0,0,0,0
თავშეკავებული,0,0,0,1,0,1,0,0,0,0
ბადურა,0,0,0,0,0,0,0,0,0,0
პენსიაზე გასული,0,0,0,0,0,0,0,0,0,0
საპენსიო,0,1,0,1,1,1,1,1,0,1
პენსიაზე გასვლა,0,0,0,0,0,0,0,0,0,0
გადაუყვა,0,0,0,0,0,0,0,0,0,0
საპასუხო,0,0,0,0,0,1,0,0,0,0
კვალი,0,0,0,0,0,0,0,0,0,0
უკან დახევა,1,0,0,0,0,1,0,0,0,0
უკანდახევა,0,0,0,0,0,1,0,0,0,0
შემცირება,0,0,0,1,0,1,0,0,0,0
ანგარიშსწორება,1,0,0,1,0,1,0,1,0,0
მოძიება,0,0,0,0,0,0,0,0,0,0
მოპოვება,0,0,0,0,0,0,0,0,0,0
რეტრივერი,0,0,0,0,0,0,0,0,0,0
რეტროაქტიული,0,0,0,0,0,0,0,0,0,0
რეტროგრადული,0,0,0,0,0,1,0,0,0,0
რეტროსპექტივა,0,0,0,0,0,0,0,0,0,0
რეტროსპექტიული,0,0,0,0,0,0,0,0,0,0
რეტროსპექტულად,0,0,0,0,0,0,0,0,0,0
დაბრუნების,0,0,0,0,0,0,0,0,0,0
გაერთიანება,0,1,0,0,0,0,1,0,0,1
გამოავლინოს,0,0,0,0,0,0,0,0,0,0
ქეიფი,0,0,0,0,1,0,1,0,0,0
გამოცხადება,0,0,0,0,0,0,0,0,0,0
იხარებს,0,0,0,0,1,0,1,0,0,0
შურისძიება,1,1,0,1,0,1,0,0,1,0
შემოსავალი,0,0,0,0,0,0,0,0,0,0
რევერბერაცია,0,0,0,0,0,0,0,0,0,0
პატივსაცემი,0,1,0,0,1,0,1,0,0,1
პატივმოყვარეობა,0,0,0,0,1,0,1,0,0,1
მეუფე,0,0,0,0,1,0,1,0,0,0
პატივმოყვარე,0,0,0,0,0,0,0,0,0,0
განცვიფრება,0,0,0,0,1,0,1,0,0,1
შეცვლა,1,0,1,0,0,1,0,0,1,0
საპირისპირო,0,0,0,0,0,0,0,0,0,0
რევერსია,0,0,0,0,0,0,0,0,0,0
უკან დაბრუნება,0,0,0,0,0,0,0,0,0,0
უბრუნდება,0,0,0,0,0,0,0,0,0,0
მიმოხილვა,0,0,0,0,0,0,0,0,0,0
რეცენზენტი,0,0,0,0,0,0,0,0,0,0
გადახედვა,0,0,0,0,0,0,1,0,0,0
გადახედვა,0,0,0,0,0,0,0,0,0,0
გადახედვა,0,0,0,0,0,0,0,0,0,0
აღორძინება,0,1,0,0,1,0,1,0,0,1
აღორძინება,0,1,0,0,0,1,1,0,0,0
გაუქმება,0,0,0,0,0,1,0,0,0,0
გაუქმება,1,0,1,1,0,1,0,1,0,0
აჯანყება,1,0,0,0,0,1,0,0,1,0
ამბოხებული,1,0,1,1,0,1,0,0,0,0
რევოლუცია,1,1,0,1,0,1,1,1,1,0
რევოლუციონერი,0,0,0,0,0,0,1,0,0,0
რევოლუცია მოახდინოს,0,0,0,0,0,0,0,0,0,0
ბრუნავს,0,0,0,0,0,0,0,0,0,0
რევოლვერი,1,0,0,1,0,1,0,1,0,0
ზიზღი,1,0,1,1,0,1,0,0,0,0
ჯილდო,0,1,0,0,1,0,1,0,1,1
რიტორიკა,0,0,0,0,0,0,0,0,0,0
რიტორიკული,0,0,0,0,0,0,0,0,0,0
რევმატიზმი,1,0,0,1,0,1,0,1,0,0
რითმა,0,0,0,0,0,0,0,0,0,0
რითმება,0,0,0,0,0,0,0,0,0,0
რიტმი,0,0,0,0,0,0,1,0,0,0
რიტმული,0,0,0,0,1,0,1,0,1,0
ნეკნი,0,0,0,0,0,0,0,0,0,0
ნეკნებიანი,0,0,0,0,0,0,0,0,0,0
ლენტი,1,1,0,0,1,0,1,0,0,0
ბრინჯი,0,0,0,0,0,0,0,0,0,0
სიმდიდრე,0,0,0,0,0,0,0,0,0,0
სიმდიდრე,0,0,0,0,0,0,1,0,0,0
რიკი,0,0,0,0,0,0,0,0,0,0
რაქიტი,0,0,0,0,0,1,0,0,0,0
გათავისუფლდეს,0,0,0,0,0,0,0,0,0,0
განთავისუფლება,0,0,0,0,0,0,0,0,0,0
გამოცანა,0,0,0,0,0,0,0,0,1,0
დაცლილი,0,0,0,0,0,1,0,0,0,0
გასეირნება,0,0,0,0,0,0,0,0,0,0
მხედარი,0,0,0,0,0,0,1,0,0,0
ქედი,0,0,0,0,0,0,0,0,0,0
დაცინვა,1,0,1,0,0,1,0,1,0,0
სასაცილოა,1,0,1,0,0,1,0,0,0,0
ცხენოსნობა,0,0,0,0,0,0,0,0,0,0
მდიდრული,0,0,0,0,0,1,0,0,0,0
თოფი,1,0,0,1,0,1,0,0,0,0
თოფები,0,0,0,0,0,0,0,0,0,0
განხეთქილება,0,0,0,0,0,1,0,0,0,0
გაყალბება,0,0,0,0,0,0,0,0,0,0
გაყალბება,0,0,0,0,0,0,0,0,0,0
მართალი,0,0,0,0,0,0,1,0,0,0
კანონიერი,0,0,0,0,0,0,1,0,0,0
სამართლიანად,0,0,0,0,0,0,1,0,0,0
ხისტი,0,0,0,0,0,1,0,0,0,0
სიმტკიცე,0,0,0,0,0,1,0,0,0,0
სიმკაცრე,0,0,1,1,0,1,0,0,0,0
მკაცრი,0,0,0,0,0,1,0,0,0,0
რგოლი,0,0,0,0,0,0,0,0,0,0
ქერქი,0,0,0,0,0,0,0,0,0,0
ბეჭედი,0,0,0,0,0,0,0,0,0,0
რინგერი,1,0,0,0,0,1,0,0,0,0
რეკავს,0,0,0,0,0,0,0,0,0,0
მოედანი,0,0,0,0,0,0,0,0,0,0
ჩამოიბანეთ,0,0,0,0,0,0,0,0,0,0
ბუნტი,1,0,0,1,0,1,0,0,0,0
მღელვარე,1,0,0,1,0,1,0,0,1,0
სანაპირო,0,0,0,0,0,0,0,0,0,0
მწიფე,0,0,0,0,0,0,1,0,0,0
მომწიფდეს,0,1,0,0,0,0,1,0,0,0
მომწიფება,0,0,0,0,0,0,0,0,0,0
ტალღოვანი,0,0,0,0,0,0,0,0,0,0
აწევა,0,0,0,0,0,0,0,0,0,0
იზრდება,0,1,0,0,1,0,1,0,0,0
რისკი,0,1,0,1,0,1,0,0,0,0
სარისკო,0,1,0,1,0,1,0,0,0,0
რიტუალი,0,0,0,0,0,0,0,0,0,0
რიტუალი,0,0,0,0,0,0,0,0,0,0
რიტუალისტური,0,0,0,0,0,0,0,0,0,0
მეტოქე,0,0,0,0,0,0,0,0,0,0
მეტოქეობა,1,0,0,0,0,1,0,0,0,0
მდინარე,0,0,0,0,0,0,0,0,0,0
მდინარის ნაპირი,0,0,0,0,0,0,0,0,0,0
მოქლონი,0,0,0,0,0,0,0,0,0,0
მოქლონებული,0,0,0,0,0,0,0,0,0,0
მოქნული,0,0,0,0,0,0,1,0,0,0
გზა,0,0,0,0,0,0,0,0,0,0
გზები,0,0,0,0,0,0,0,0,0,0
როდსტერი,0,0,0,0,1,0,1,0,0,1
გზის გზა,0,0,0,0,0,0,0,0,0,0
ტრიალებს,0,0,0,0,0,0,0,0,0,0
ღრიალი,0,0,0,0,0,0,0,0,0,0
შემწვარი,0,0,0,0,0,0,0,0,0,0
გაძარცვავენ,1,0,1,1,0,1,0,1,0,0
ყაჩაღი,0,0,1,1,0,1,0,0,0,0
ძარცვა,1,0,1,1,0,1,0,1,0,0
მოსასხამი,0,0,0,0,0,0,0,0,0,0
რობოტი,0,0,0,0,0,0,0,0,0,0
რობოტიკა,0,0,0,0,0,0,0,0,0,0
მტკიცე,0,0,0,0,0,0,1,0,0,0
როკ,0,0,0,0,0,0,0,0,0,0
კლდე,0,0,0,0,0,0,1,0,0,0
რაკეტა,1,0,0,0,0,0,0,0,0,0
კლდეები,0,0,0,0,0,0,0,0,0,0
ჯოხი,0,0,0,1,0,0,1,0,0,1
შველი,0,0,0,0,0,0,0,0,0,0
თაღლითი,0,0,1,0,0,1,0,0,0,0
როლი,0,0,0,0,0,0,0,0,0,0
რულეტი,0,0,0,0,0,0,0,0,0,0
როლიკერი,0,0,0,0,0,0,0,0,0,0
ლილვაკები,0,0,0,0,0,0,0,0,0,0
მოძრავი,0,0,0,0,1,0,1,0,0,0
ბრუნვა,0,0,0,0,0,0,0,0,0,0
რომანტიკა,0,1,0,1,1,0,1,1,1,1
რომანტიული,0,1,0,0,1,0,1,0,0,1
რომანტიზმი,0,0,0,0,1,0,1,0,0,0
რომპი,0,0,0,0,1,0,1,0,0,0
სახურავი,0,0,0,0,0,0,0,0,0,0
როკი,1,0,1,0,0,1,0,0,0,0
ოთახი,0,0,0,0,0,0,0,0,0,0
ფართო,0,0,0,0,0,0,0,0,0,0
ბუდე,0,0,0,0,0,0,0,0,0,0
მამალი,0,0,0,0,0,0,0,0,0,0
ფესვი,0,0,0,0,0,0,0,0,0,0
დაფესვიანებული,0,0,0,0,0,0,1,0,0,1
თოკი,0,0,0,0,0,0,0,0,0,0
როზარია,0,0,0,0,0,0,0,0,0,0
ვარდი,0,0,0,0,0,0,0,0,0,0
როზმარინი,0,0,0,0,0,0,0,0,0,0
როზეტი,0,0,0,0,0,0,0,0,0,0
სია,0,0,0,0,0,0,0,0,0,0
ვარდისფერი,0,0,0,0,0,0,1,0,0,0
ლპობა,0,0,1,1,0,1,0,1,0,0
როტა,0,0,0,0,0,0,1,0,0,1
მბრუნავი,0,0,0,0,0,0,0,0,0,0
როტაცია,0,0,0,0,0,0,0,0,0,0
როტაცია,0,0,0,0,0,0,0,0,0,0
როტე,0,0,0,0,0,0,0,0,0,0
როტორი,0,0,0,0,0,0,0,0,0,0
დამპალი,0,0,1,0,0,1,0,0,0,0
რუჟი,0,0,0,0,0,0,0,0,0,0
უხეში,0,0,0,0,0,0,0,0,0,0
უხეშად,0,0,0,0,0,0,0,0,0,0
უხეშობა,0,0,0,0,0,1,0,0,0,0
რულეტკა,0,1,0,0,0,0,0,0,0,0
მრგვალი,0,0,0,0,0,0,0,0,0,0
შემოვლითი გზა,0,0,0,0,0,0,0,0,0,0
მომრგვალებული,0,0,0,0,0,0,0,0,0,0
თავის მოყრა,0,0,0,0,0,0,0,0,0,0
გამოღვიძება,0,0,0,0,0,0,0,0,0,0
ამაღელვებელი,0,0,0,0,0,0,0,0,0,0
ამაღელვებელი,0,0,0,0,0,0,0,0,0,0
მარშრუტი,0,0,0,0,0,1,0,0,0,0
მარშრუტი,0,0,0,0,0,0,0,0,0,0
რუტინული,0,0,0,0,0,0,1,0,0,1
როვერი,0,0,0,0,0,0,0,0,0,0
მოძრავი,0,0,0,0,0,0,0,0,0,0
რიგი,1,0,0,0,0,1,0,0,0,0
ხმაურიანი,0,0,0,0,0,1,0,0,0,0
სამეფო,0,0,0,0,0,0,0,0,0,0
ჰონორარი,0,0,0,0,0,0,1,0,0,0
რუბლს შეადგენს,0,0,0,0,0,0,0,0,0,0
რეზინის,0,0,0,0,0,0,0,0,0,0
რეზინები,0,0,0,0,0,0,0,0,0,0
ხახუნი,0,0,0,0,0,0,0,0,0,0
ნაგავი,0,0,1,0,0,1,0,0,0,0
ნანგრევები,0,0,0,1,0,1,0,1,0,0
რუბრიკა,0,0,0,0,0,0,1,0,0,0
ლალი,0,0,0,0,0,0,0,0,0,0
საჭე,0,0,0,0,0,0,0,0,0,0
წითური,0,0,0,0,0,0,0,0,0,0
ელემენტარული,0,0,0,0,0,0,0,0,0,0
რუდიმენტები,0,0,0,0,0,0,0,0,0,0
rue,0,0,0,0,0,1,0,1,0,0
რუფი,0,0,0,0,0,0,0,0,0,0
რაფელი,0,0,0,0,0,1,0,0,0,0
ხალიჩა,0,0,0,0,0,0,0,0,0,0
უხეში,0,0,0,0,0,1,0,0,0,0
დანგრევა,0,0,0,1,0,1,0,1,0,0
დანგრეული,1,0,1,1,0,1,0,1,0,0
დამღუპველი,1,0,1,1,0,1,0,1,0,0
ნანგრევები,0,0,0,0,0,0,0,0,0,0
წესი,0,0,0,1,0,0,0,0,0,1
მმართველი,0,0,0,0,0,0,0,0,0,0
მმართველი,0,0,0,0,0,0,0,0,0,0
რომი,0,0,0,0,0,0,0,0,0,0
წუწუნი,0,0,0,0,0,0,0,0,0,0
ჩხუბი,0,0,0,0,0,0,0,0,0,0
ჭორი,0,0,0,0,0,1,0,1,0,0
ჭორები,0,0,0,0,0,0,0,0,0,0
კუპე,0,0,0,0,0,0,0,0,0,0
გაიქეცი,0,0,0,0,0,1,0,1,0,0
რუნები,0,0,0,0,0,0,0,0,0,0
რგოლი,0,0,0,0,0,0,0,0,0,0
მორბენალი,0,0,0,0,0,0,0,0,0,0
სირბილი,0,0,0,0,0,0,0,0,0,0
ასაფრენი ბილიკი,0,0,0,0,0,0,0,0,0,0
რღვევა,0,0,0,1,0,1,0,1,1,0
სოფლის,0,0,0,0,0,0,0,0,0,0
მზაკვრობა,0,0,0,0,0,1,0,0,0,0
ჩქარობს,0,0,0,0,0,0,0,0,0,0
ჟანგი,0,0,0,0,0,1,0,0,0,0
rustic,0,0,0,0,0,0,0,0,0,0
შრიალი,0,0,0,0,0,0,0,0,0,0
ჟანგიანი,0,0,0,0,0,1,0,0,0,0
rut,0,0,0,0,0,0,0,0,0,0
რუთი,0,0,0,0,0,0,1,0,0,0
დაუნდობელი,1,0,1,1,0,1,0,0,0,0
ჭვავის,0,0,0,0,0,0,0,0,0,0
საბერი,1,0,0,1,0,1,0,0,0,0
საბაბი,0,0,0,0,0,0,0,0,0,0
დივერსია,1,0,1,1,0,1,0,1,1,0
ტომარა,0,0,0,0,0,0,0,0,0,0
ტომარა,0,0,0,0,0,0,0,0,0,0
ზიარება,0,0,0,0,0,0,0,0,0,0
წმინდა,0,0,0,0,0,0,0,0,0,0
მსხვერპლს,0,0,1,1,0,1,0,1,0,0
უნაგირს,0,0,0,0,0,0,0,0,0,0
სამწუხაროდ,0,0,0,0,0,1,0,1,0,0
სევდა,0,0,0,0,0,1,0,1,0,1
უსაფრთხო,0,0,0,0,1,0,1,0,0,1
დაცვა,0,0,0,0,0,0,1,0,0,1
შენახვა,0,0,0,0,0,0,0,0,0,1
უსაფრთხოება,0,0,0,0,0,0,0,0,0,0
ზაფრანა,0,0,0,0,0,0,0,0,0,0
ცვივა,0,0,0,1,0,1,0,0,0,0
საგა,0,0,0,0,0,0,0,0,0,0
ბრძენი,0,0,0,0,0,0,1,0,0,1
აფრების,0,0,0,0,0,0,0,0,0,0
ნაოსნობა,0,0,0,0,0,0,0,0,0,0
მეზღვაური,0,0,0,0,0,0,0,0,0,0
წმინდანი,0,1,0,0,1,0,1,0,1,1
წმინდანად,0,1,0,0,1,0,1,0,1,1
სალათი,0,0,0,0,0,0,0,0,0,0
სალამანდრა,0,0,0,0,0,0,0,0,0,0
ხელფასი,0,1,0,0,1,0,1,0,0,1
გაყიდვა,0,0,0,0,0,0,0,0,0,0
გამყიდველი,0,0,0,0,0,0,0,0,0,0
გამორჩეული,0,0,0,0,0,0,1,0,0,0
მარილიანი,0,0,0,0,0,0,0,0,0,0
ნერწყვი,0,1,0,0,0,0,0,0,0,0
სალი,0,0,0,0,0,0,0,0,1,0
სალონი,0,0,0,0,0,0,0,0,0,0
სალონი,1,0,0,0,0,0,0,0,0,0
მარილი,0,0,0,0,0,0,0,0,0,0
მარილიანი,0,0,0,0,0,0,0,0,0,0
დამხმარე,0,0,0,0,1,0,1,0,0,1
მისალმება,0,0,0,0,0,0,0,0,0,0
მისალმება,0,0,0,0,1,0,1,0,0,0
გადარჩენა,0,0,0,0,0,0,0,0,0,0
ხსნა,0,1,0,0,1,0,1,0,0,1
ხსნარი,0,0,0,0,0,0,1,0,0,0
სამბა,0,0,0,0,0,0,0,0,0,0
ერთგვაროვნება,0,0,0,0,0,0,0,0,0,0
სამურაი,0,0,0,1,0,0,1,0,0,0
განწმენდა,0,0,0,0,1,0,1,0,0,1
განწმინდა,0,0,0,0,0,0,0,0,0,0
განწმენდა,0,1,0,0,1,0,1,1,1,1
სანქცია,0,0,0,0,0,0,0,0,0,0
სანქცირებული,0,0,0,0,0,0,0,0,0,0
სიწმინდე,0,0,0,0,0,0,0,0,0,0
საკურთხეველი,0,1,0,0,1,0,1,0,0,1
ქვიშა,0,0,0,0,0,0,0,0,0,0
სანდალი,0,0,0,0,0,0,0,0,0,0
საფქვავი,0,0,0,0,0,0,0,0,0,0
ქვიშები,0,0,0,0,0,0,0,0,0,0
ქვიშიანი,0,0,0,0,0,0,0,0,0,0
საღი აზრი,0,0,0,0,0,0,0,0,0,0
სანგვინი,0,0,0,0,0,0,1,0,0,0
სანიტარული,0,0,0,0,0,0,1,0,0,0
საღი აზრი,0,0,0,0,0,0,0,0,0,0
sans,0,0,0,0,0,0,0,0,0,0
წვენი,0,0,0,0,0,1,0,1,0,0
საფირონი,0,0,0,0,0,0,0,0,0,0
საფირმო,0,0,0,0,0,0,0,0,0,1
სარკაზმი,1,0,1,0,0,1,0,1,0,0
სარკომა,0,0,0,1,0,1,0,1,0,0
სარდონიული,0,0,0,0,0,1,0,0,0,0
სარტყელი,0,0,0,0,0,0,0,0,0,0
სატანური,1,0,0,0,0,1,0,0,0,0
ჩანთა,0,0,0,0,0,0,0,0,0,0
სატე,0,0,0,0,0,0,0,0,0,0
სატელიტი,0,0,0,0,0,0,0,0,0,0
ატლასის,0,0,0,0,0,0,1,0,0,0
სატირა,0,0,0,0,0,0,0,0,0,0
სატირული,0,0,0,0,0,0,0,0,0,0
კმაყოფილება,0,0,0,0,0,0,0,0,0,0
დამაკმაყოფილებლად,0,0,0,0,0,0,1,0,0,0
კმაყოფილი,0,0,0,0,1,0,1,0,0,0
გაჯერება,0,0,0,0,0,0,0,0,0,0
გაჯერებული,0,0,1,0,0,1,0,0,0,0
გაჯერება,0,0,0,0,0,0,0,0,0,0
სოუსი,0,0,0,0,0,0,0,0,0,0
ქვაბი,0,0,0,0,0,0,0,0,0,0
თეფში,0,0,0,0,0,0,0,0,0,0
თავხედური,0,0,0,0,0,0,0,0,0,0
მჟავე კომბოსტო,0,0,0,0,0,0,0,0,0,0
საუნა,0,0,0,0,0,0,0,0,0,0
ველური,1,0,0,1,0,1,0,0,0,0
ველურობა,1,0,0,1,0,1,0,0,0,0
სავანა,0,0,0,0,0,0,0,0,0,0
გადარჩენა,0,0,0,0,1,0,1,0,0,1
შენახვა,0,0,0,0,0,0,0,0,0,0
დანაზოგი,0,0,0,0,0,0,1,0,0,0
გემო,0,1,1,0,1,0,1,1,0,1
ქონდარი,0,0,0,0,0,0,1,0,0,0
საზრიანი,0,0,0,0,0,0,1,0,0,0
ნახერხი,0,0,0,0,0,0,0,0,0,0
საქს,0,0,0,0,0,0,0,0,0,0
საქსოფონი,0,0,0,0,0,0,0,0,0,0
სკაბი,0,0,0,0,0,1,0,0,0,0
სკაბი,0,0,0,0,0,0,0,0,0,0
ხარაჩო,0,0,0,1,0,1,0,0,0,0
ხარაჩოები,0,0,0,0,0,0,0,0,0,0
მასშტაბი,0,0,0,0,0,0,0,0,0,0
სასწორები,0,0,0,0,0,0,0,0,0,0
scallop,0,0,0,0,0,0,0,0,0,0
სკალპი,0,0,0,0,0,0,0,0,0,0
სკალპელი,0,0,0,1,0,1,0,0,0,0
ქერცლიანი,0,0,0,0,0,1,0,0,0,0
სკანირება,0,0,0,0,0,0,0,0,0,0
სკანდალი,0,0,0,1,0,1,0,0,0,0
სკანდალური,1,0,0,0,0,1,0,0,0,0
მწირი,0,0,0,0,0,1,0,0,0,0
გაქცევა,0,0,0,0,0,0,0,0,0,0
განტევების ვაცი,1,0,0,1,0,1,0,0,0,0
ნაწიბუროვანი,1,0,1,1,0,1,0,1,0,0
სკარაბი,0,0,0,0,0,0,0,0,0,0
მწირი,0,0,0,1,0,1,0,1,0,0
ძლივს,0,0,0,0,0,1,0,1,0,0
სიმცირე,1,0,0,1,0,1,0,1,0,0
შეშინება,1,1,0,1,0,1,0,0,1,0
საშინელება,0,0,0,1,0,1,1,0,0,0
შარფი,0,0,0,0,0,0,0,0,0,0
ალისფერი,0,0,0,0,0,0,0,0,0,0
გაფანტავს,0,0,0,0,0,0,0,0,0,0
გაფანტული,0,0,0,0,0,0,0,0,0,0
გაფანტვა,0,0,0,0,0,0,0,0,0,0
გამწმენდი,0,0,0,0,0,1,0,0,0,0
სცენა,0,0,0,0,0,0,0,0,0,0
პეიზაჟები,0,0,0,0,0,0,0,0,0,0
სცენური,0,0,0,0,0,0,0,0,0,0
სურნელი,0,0,0,0,0,0,0,0,0,0
სკეპტიკურად განწყობილი,0,0,0,0,0,0,0,0,0,1
სკეპტიციზმი,0,0,0,0,0,0,0,0,0,0
სქემატური,0,0,0,0,0,0,0,0,0,0
სქემა,0,0,0,0,0,1,0,0,0,0
განხეთქილება,1,0,0,0,0,1,0,0,0,0
შიზოფრენია,1,0,1,1,0,1,0,1,0,0
მეცნიერი,0,0,0,0,0,0,1,0,0,0
მეცნიერულად,0,0,0,0,0,0,0,0,0,0
სტიპენდია,0,0,0,0,1,0,1,0,0,0
სკოლა,0,0,0,0,0,0,0,0,0,1
სკოლის მოსწავლე,0,0,0,0,0,0,0,0,0,0
სასკოლო განათლება,0,0,0,0,0,0,0,0,0,0
სკოლის მასწავლებელი,0,0,0,0,0,0,0,0,0,0
შუნერი,0,0,0,0,0,0,0,0,0,0
რადიკულიტი,0,0,0,0,0,1,0,0,0,0
მეცნიერება,0,0,0,0,0,0,0,0,0,0
სამეცნიერო,0,0,0,0,0,0,1,0,0,1
მეცნიერი,0,1,0,0,0,0,1,0,0,1
სკინტილა,0,0,0,0,0,0,1,0,0,0
სცინტილაცია,0,0,0,0,0,0,0,0,0,0
სცინტილატორი,0,0,0,0,0,0,0,0,0,0
ნაბოძები,0,0,0,0,0,0,0,0,0,0
მაკრატელი,0,0,0,0,0,0,0,0,0,0
დაცინვა,1,0,1,0,0,1,0,0,0,0
გაკიცხვა,1,0,1,1,0,1,0,1,0,0
გაკიცხვა,1,0,0,0,0,1,0,0,0,0
სკუპი,0,0,0,0,0,0,0,0,0,0
ფარგლები,0,0,0,0,0,0,0,0,0,0
მცხუნვარე,1,0,0,0,0,1,0,0,0,0
ქულა,0,1,0,0,1,0,1,0,1,0
ქულები,0,0,0,0,0,0,0,0,0,0
ზიზღი,1,0,0,0,0,1,0,0,0,0
მორიელი,1,0,1,1,0,1,0,0,1,0
სკოჩი,0,0,0,0,0,1,0,0,0,0
ნაძირალა,1,0,1,1,0,1,0,0,0,1
დაფქვა,0,0,0,0,0,0,0,0,0,0
უბედურება,1,0,0,1,0,1,0,1,0,0
მზვერავი,0,0,0,0,0,0,0,0,0,0
scrabble,0,0,0,0,0,0,0,0,0,0
აჯანყება,0,0,0,0,0,0,0,0,0,0
ცელქი,0,0,0,0,0,1,0,0,0,0
გაფხეკი,0,0,0,0,0,0,0,0,0,0
სკრაპი,1,0,0,1,0,1,0,1,0,0
გამოფხეკება,0,0,0,0,0,0,0,0,0,0
ნაკაწრი,0,0,0,0,0,0,0,0,0,0
ყვირილი,1,0,1,1,0,1,0,0,1,0
ყვირილი,1,0,1,1,0,1,0,0,0,0
ყვირილი,0,0,0,1,0,1,0,0,1,0
ეკრანი,0,0,0,0,0,0,0,0,0,0
screwdriver,0,0,0,0,0,0,0,0,0,0
ხრახნიანი,1,0,0,0,0,1,0,0,0,0
ჩანაწერი,0,0,0,0,0,0,0,0,0,0
მწიგნობარი,0,0,0,0,0,0,1,0,0,0
შეჯახება,0,0,0,0,0,1,0,0,1,0
სკრიპტი,0,0,0,0,0,0,0,0,0,0
სკრიპტი,0,0,0,0,0,0,1,0,0,0
ბიბლიური,0,0,0,0,0,0,0,0,0,0
წმინდა წერილი,0,0,0,0,0,0,0,0,0,1
გადახვევა,0,0,0,0,0,0,0,0,0,0
სკრაბი,0,0,1,0,0,1,0,0,0,0
გემრიელი,0,0,0,0,0,0,1,0,0,0
სკრუპულოზური,0,0,0,0,0,0,0,0,0,0
დაკვირვება,0,1,0,0,0,1,0,0,0,0
შემოწმება,0,0,0,0,0,1,0,0,0,0
მოქანდაკე,0,0,0,0,0,0,0,0,0,0
ქანდაკება,0,0,0,0,0,0,1,0,0,0
გამოძერწილი,0,0,0,0,0,0,0,0,0,0
ნაძირალა,0,0,1,0,0,1,0,0,0,0
ზღვის,0,0,0,0,0,0,1,0,0,0
ზღვისპირა,0,0,0,0,0,0,0,0,0,0
ბეჭედი,0,0,0,0,0,0,1,0,0,1
ბეჭდები,0,0,0,0,0,0,0,0,0,1
ნაკერი,0,0,0,0,0,0,0,0,0,0
მეზღვაური,0,0,0,0,0,0,0,0,0,0
უწყვეტი,0,0,0,0,0,0,0,0,0,0
მკერავი,0,0,0,0,0,0,0,0,0,0
საზღვაო ნავსადგური,0,0,0,0,0,0,0,0,0,0
დაწვა,0,0,0,0,0,1,0,0,0,0
ძებნა,0,0,0,0,0,0,0,0,0,0
ეძებს,0,0,0,0,0,0,0,0,0,0
გამომწვარი,0,0,0,0,0,0,0,0,0,0
ზღვისპირა,0,0,0,0,0,0,0,0,0,0
სეზონი,0,0,0,0,0,0,0,0,0,0
სეზონური,0,0,0,0,0,0,1,0,0,0
სუნელი,0,0,0,0,0,0,0,0,0,0
სავარძელი,0,0,0,0,0,0,0,0,0,0
სეცესია,0,0,0,0,0,1,0,0,0,0
განმარტოებული,0,0,0,0,0,1,0,1,0,0
განმარტოება,0,0,0,1,0,1,1,0,0,0
მეორადი,0,0,0,0,0,0,0,0,0,0
მეორადი,0,0,0,0,0,1,0,0,0,0
საიდუმლოება,0,0,0,0,0,0,0,0,1,1
საიდუმლო,0,0,0,0,0,0,0,0,0,1
სამდივნო,0,0,0,0,0,0,1,0,0,0
მდივანი,0,0,0,0,0,0,0,0,0,0
გამოყოფენ,0,0,1,0,0,0,0,0,0,0
სეკრეცია,0,0,1,0,0,1,0,0,0,0
საიდუმლოებით მოცული,0,0,0,0,0,1,0,0,0,0
ფარულად,0,0,0,0,0,0,0,0,0,0
სექტა,0,0,0,0,0,0,0,0,0,0
სექტანტი,1,0,0,1,0,1,0,0,0,0
სექციური,0,0,0,0,0,0,0,0,0,0
სექტორი,0,0,0,0,0,0,0,0,0,0
საერო,0,1,0,0,0,0,0,0,0,0
სეკულარიზმი,0,0,0,0,0,0,0,0,0,0
ფასიანი ქაღალდები,0,0,0,0,0,0,0,0,0,1
უსაფრთხოება,0,0,0,0,0,0,0,0,0,0
სედანი,0,0,0,0,0,0,0,0,0,0
დამამშვიდებელი,0,0,0,0,0,0,0,0,0,0
დამამშვიდებელი,0,0,0,0,0,0,0,0,0,0
მჯდომარე,0,0,0,0,0,0,0,0,0,0
ცელქი,0,0,0,0,0,0,0,0,0,0
ნალექი,0,0,0,0,0,0,0,0,0,0
დანალექი,0,0,0,0,0,0,0,0,0,0
ამბოხება,1,0,0,0,0,1,0,1,0,0
აცდუნებს,0,0,0,0,0,1,0,0,0,0
მაცდუნებელი,0,0,0,0,0,0,0,0,0,0
მაცდუნება,0,0,0,0,0,1,0,0,0,0
მაცდუნებელი,0,1,0,0,0,0,0,0,0,0
თესლი,0,0,0,0,0,0,0,0,0,0
ნერგი,0,0,0,0,0,0,0,0,0,0
ეძიოს,0,1,0,0,0,0,0,0,0,0
მაძიებელი,0,0,0,0,0,0,0,0,0,0
როგორც ჩანს,0,0,0,0,0,0,0,0,0,0
მნახველი,0,0,0,0,0,0,0,0,0,0
ადუღება,0,0,0,0,0,0,0,0,0,0
სეგმენტი,0,0,0,0,0,0,0,0,0,0
გამოყოფა,1,0,1,0,0,1,0,1,0,0
სეგრეგირებული,0,0,0,0,0,1,0,0,0,0
სეგრეგაცია,0,0,0,0,0,0,0,0,0,0
წართმევა,0,0,0,1,0,1,0,0,0,0
კრუნჩხვა,0,0,0,1,0,0,0,0,0,0
იშვიათად,0,0,0,0,0,0,0,0,0,0
აირჩიეთ,0,0,0,0,0,0,0,0,0,0
შერჩევა,0,0,0,0,0,0,0,0,0,0
ეგოისტური,1,0,1,0,0,1,0,0,0,0
ეგოიზმი,0,0,0,0,0,1,0,0,0,0
გაყიდე,0,0,0,0,0,0,0,0,0,0
გამყიდველი,0,0,0,0,0,0,0,0,0,0
სემაფორი,0,0,0,0,0,0,0,0,0,0
გარეგნობა,0,0,0,0,0,0,0,0,0,0
სპერმა,0,0,0,0,0,0,0,0,0,0
მძიმით,0,0,0,0,0,0,0,0,0,0
სათესლე,0,0,0,0,0,0,0,0,0,0
სემინარი,0,0,0,0,0,0,0,0,0,0
სემინარია,0,0,0,0,0,0,0,0,0,0
სემიოტიკა,0,0,0,0,0,0,0,0,0,0
სენატი,0,0,0,0,0,0,0,0,0,1
სენატორი,0,0,0,0,0,0,0,0,0,0
გაგზავნა,0,0,0,0,0,0,0,0,0,0
სიბერე,0,0,0,0,0,0,0,0,0,0
მოხუცებული,0,0,0,1,0,1,0,1,0,0
უფროსი,0,0,0,0,0,0,0,0,0,0
ხანდაზმულობა,0,0,0,0,0,0,1,0,0,1
შეგრძნება,0,0,0,0,0,0,0,0,0,0
სენსაციური,0,0,0,0,1,0,1,0,0,0
გრძნობა,0,0,0,0,0,0,1,0,0,0
უაზრო,1,0,1,1,0,1,0,1,1,0
გრძნობს,0,0,0,0,0,0,0,0,0,0
მგრძნობელობა,0,0,0,0,0,0,1,0,0,0
გონივრულად,0,0,0,0,0,0,1,0,0,0
მგრძნობიარე,0,0,0,0,0,0,0,0,0,0
სენსორული,0,0,0,0,0,0,0,0,0,0
სენსუალური,0,1,0,0,1,1,1,0,1,1
სენსუალურობა,0,1,0,0,1,0,1,0,0,0
გრძნობადი,0,0,0,0,1,0,1,0,0,0
სასჯელი,1,1,1,1,0,1,0,1,0,0
მგრძნობიარე,0,0,0,0,0,0,0,0,0,0
გრძნობა,0,0,0,0,0,0,0,0,0,0
სენტიმენტალური,0,0,0,0,0,0,1,0,0,0
სენტიმენტალურობა,0,0,0,0,0,0,1,0,0,0
მცველი,0,0,0,0,0,0,1,0,0,1
სადარაჯოზე,0,0,0,0,0,0,0,0,0,1
განცალკევებადი,0,0,0,0,0,0,0,0,0,0
ცალკე,0,0,0,0,0,0,0,0,0,0
ცალკე,0,0,0,0,0,0,0,0,0,0
განშორება,0,0,0,0,0,0,0,0,0,0
სეპარატისტი,1,0,1,0,0,1,0,0,0,0
სეფია,0,0,0,0,0,0,0,0,0,0
სეფსისი,0,0,0,1,0,1,0,1,0,0
სექტემბერი,0,0,0,0,0,0,0,0,0,0
სეპტიური,0,0,1,0,0,1,0,0,0,0
ძგიდის,0,0,0,0,0,0,0,0,0,0
გაგრძელება,0,1,0,0,0,0,0,0,0,0
თანმიმდევრობა,0,0,0,0,0,0,0,0,0,0
თანმიმდევრობით,0,0,0,0,0,0,0,0,0,0
ჩამორთმეული,0,0,0,0,0,0,0,0,0,0
სეკვესტრი,0,0,0,0,0,1,0,1,0,0
მშვიდი,0,0,0,0,0,1,0,0,0,1
სიმშვიდე,0,1,0,0,1,0,1,0,0,1
სერჟანტი,0,0,0,0,0,0,0,0,0,0
სერიალი,0,1,0,0,0,0,0,0,0,0
სერია,0,0,0,0,0,0,0,0,0,1
სერიფი,0,0,0,0,0,0,0,0,0,0
სერიოზულობა,0,0,0,1,0,0,0,1,0,0
ქადაგება,0,0,0,0,0,0,1,0,0,1
გველი,0,0,1,1,0,1,0,0,0,0
სერპენტინი,0,0,0,0,0,0,0,0,0,0
დაკბილული,0,0,0,0,0,0,0,0,0,0
შრატი,0,0,0,0,0,0,1,0,0,0
მსახური,0,0,0,0,0,1,0,0,0,1
ემსახურება,0,0,0,0,0,1,0,0,0,1
სერვისი,0,0,0,0,0,0,0,0,0,0
მომსახურე,0,0,0,0,0,0,0,0,0,0
სერვილური,0,0,1,1,0,1,0,1,0,0
ყმობა,0,0,0,0,0,1,0,0,0,0
სესი,0,0,0,0,0,0,0,0,0,0
სესია,0,0,0,0,0,0,0,0,0,0
სესიები,0,0,0,0,0,0,0,0,0,0
კომპლექტი,0,0,0,0,0,0,0,0,0,0
უკანდახევა,0,0,0,0,0,1,0,1,0,0
კომპლექტი,0,0,0,0,0,0,0,0,0,0
სეტერი,0,0,0,0,0,0,0,0,0,0
მოაგვაროს,0,0,0,0,0,0,0,0,0,0
დასახლდა,0,0,0,0,0,0,0,0,0,0
დასახლებული,0,0,0,0,0,0,0,0,0,0
დასახლებული,0,0,0,1,0,0,1,0,0,0
მეშვიდე,0,0,0,0,0,0,0,0,0,0
სამოცდაათი,0,0,0,0,0,0,0,0,0,0
გამჭრიახი,0,0,0,0,0,1,0,0,0,0
გაწყვეტადი,0,0,0,0,0,0,0,0,0,0
ცალმხრივად,0,0,0,0,0,0,0,0,0,0
შეწყვეტა,0,0,0,0,0,0,0,1,0,0
სასტიკად,0,0,0,0,0,0,0,0,0,0
სიმძიმე,0,0,0,0,0,0,0,0,0,0
შეკერეთ,0,0,0,0,0,0,0,0,0,0
კანალიზაცია,0,0,1,0,0,1,0,0,0,0
კანალიზაცია,0,0,1,0,0,0,0,0,0,0
კანალიზაცია,0,0,1,0,0,1,0,0,0,0
სექსი,0,1,0,0,1,0,1,0,0,1
სექსუალობა,0,0,0,0,0,0,0,0,0,0
სექსუალური,0,0,0,0,0,0,0,0,0,0
გაფუჭებული,0,0,1,0,0,1,0,0,0,0
ქოხი,0,0,1,0,0,1,0,1,0,0
ბორკილი,1,1,1,1,0,1,0,1,0,0
ჩრდილი,0,0,0,0,0,0,0,0,0,0
ჩრდილები,0,0,0,0,0,0,0,0,0,0
დაჩრდილვა,0,0,0,0,0,0,0,0,0,0
ჩრდილი,0,0,0,0,0,0,0,0,0,0
ჩრდილოვანი,0,0,0,0,0,0,0,0,0,0
დაჩრდილული,0,0,0,1,0,1,0,0,0,0
ლილვი,0,0,0,0,0,0,0,0,0,0
შაგი,0,0,0,0,0,0,0,0,0,0
შაგი,0,0,0,0,0,0,0,0,0,0
შერყევა,0,0,0,0,0,0,0,0,0,0
შეირყა,0,0,0,0,0,0,0,0,0,0
რხევა,0,0,0,1,0,1,0,0,0,0
კანკალი,1,1,0,1,0,1,0,0,0,0
მოჩვენებითი,1,0,1,0,0,1,0,0,0,0
შამანი,0,0,0,0,0,0,0,0,0,0
შამბლები,0,0,0,0,0,1,0,0,0,0
სირცხვილი,0,0,1,1,0,1,0,1,0,0
სამარცხვინო,0,0,0,0,0,1,0,1,0,0
უსირცხვილო,0,0,1,0,0,1,0,0,0,0
შანხაი,0,0,1,1,0,1,0,0,0,0
კანკალი,0,0,0,1,0,0,0,0,0,0
შანთი,0,0,0,0,0,0,0,0,0,0
ფორმა,0,0,0,0,0,0,1,0,0,0
ფორმიანი,0,0,0,0,0,0,1,0,0,0
გაზიარება,0,1,0,0,1,0,1,0,0,1
აქციონერი,0,0,0,0,0,0,0,0,0,0
ზვიგენი,0,0,0,0,0,1,0,0,0,0
სიმკვეთრე,1,1,0,0,0,0,0,0,0,0
მახვილი,0,0,0,0,0,0,0,0,0,0
სათლელი,0,0,0,0,0,0,0,0,0,0
სიმკვეთრე,0,0,0,0,0,0,0,0,0,0
დამსხვრევა,1,0,0,1,0,1,0,1,1,0
დაიმსხვრა,0,0,0,0,0,1,0,1,0,0
გაპარსვა,0,0,0,0,0,0,0,0,0,0
გაპარსვა,0,0,0,0,0,0,0,0,0,0
შარვალი,0,0,0,0,0,0,0,0,0,0
გარსი,0,0,0,0,0,0,0,0,0,0
გაპარსვა,0,0,0,0,0,0,0,0,0,0
მაკრატელი,0,0,0,0,0,0,0,0,0,0
გარსი,0,0,0,0,0,0,0,0,0,0
გარსი,0,0,0,0,0,0,0,0,0,0
ფარდული,0,0,0,0,0,1,0,0,0,0
ბზინვარება,0,0,0,0,0,0,0,0,0,0
ცხვარი,0,0,0,0,0,0,0,0,0,0
მტკნარი,0,0,0,0,0,0,0,0,0,0
ფურცელი,0,0,0,0,0,0,0,0,0,0
თარო,0,0,0,0,0,0,0,0,0,0
ჭურვი,1,0,0,1,0,1,0,1,1,0
მოლუსკები,0,0,0,0,0,0,0,0,0,0
თავშესაფარი,0,0,0,0,0,0,1,0,0,1
თაროზე,0,0,0,0,0,1,0,0,0,0
მწყემსი,0,0,0,0,0,0,1,0,0,1
შერიფი,0,0,0,0,0,0,0,0,0,1
შერი,0,0,0,0,0,0,0,0,0,0
იცავს,0,0,0,0,0,0,0,0,0,0
ცვლა,0,0,0,0,0,0,0,0,0,0
ცვლის,0,0,0,0,0,0,0,0,0,0
შილინგი,0,0,0,0,0,0,0,0,0,0
მოციმციმე,0,0,0,0,0,0,0,0,0,0
წვივი,0,0,0,0,0,0,0,0,0,0
ბრწყინავს,0,0,0,0,0,0,1,0,0,0
შინგლი,0,0,0,0,0,0,0,0,0,0
ანათებს,0,1,0,0,1,0,1,0,0,0
მბზინავი,0,0,0,0,0,0,0,0,0,0
გემი,0,1,0,0,0,0,0,0,0,0
გადაზიდვა,0,0,0,0,0,0,0,0,0,0
ტრანსპორტირება,0,0,0,0,0,0,0,0,0,0
გემის ჩაძირვა,0,0,0,1,0,1,0,1,0,0
შაირი,0,0,0,0,0,0,0,0,0,0
პერანგი,0,0,0,0,0,0,0,0,0,0
სირცხვილი,1,0,1,0,0,1,0,0,0,0
კანკალი,1,1,0,1,0,1,0,1,0,0
კანკალი,0,0,0,0,0,0,0,0,0,0
ჯოხები,0,0,0,0,0,0,0,0,0,0
შოკი,1,0,0,1,0,1,0,0,1,0
შემაძრწუნებლად,0,0,0,0,0,0,0,0,1,0
უხარისხო,1,0,1,0,0,1,0,0,0,0
ფეხსაცმელი,0,0,0,0,0,0,0,0,0,0
ფეხსაცმლის მწარმოებელი,0,0,0,0,0,0,0,0,0,0
სროლა,1,0,0,1,0,1,0,0,0,0
მსროლელი,0,0,0,1,0,0,0,0,0,0
სროლა,1,0,0,1,0,1,0,0,0,0
მაღაზია,0,0,0,0,0,0,0,0,0,0
მაღაზიის მეპატრონე,0,0,0,0,0,0,0,0,0,1
მაღაზიის ქურდობა,1,0,1,0,0,1,0,0,0,0
შოპინგი,0,1,0,0,1,0,1,0,1,1
ნაპირი,0,0,0,0,0,0,0,0,0,0
გაპარსული,0,0,0,0,0,0,0,0,0,0
მოკლე,0,0,0,0,0,0,0,0,0,0
დეფიციტი,1,0,0,1,0,1,0,1,0,0
ნაკლოვანება,0,0,0,0,0,1,0,0,0,0
შემოკლება,0,0,0,0,0,0,0,0,0,0
დამოკლება,0,0,0,0,0,0,0,0,0,0
სტენოგრამა,0,0,0,0,0,0,0,0,0,0
ცოტა ხანში,0,1,0,0,0,0,0,0,0,0
სიმოკლე,0,0,0,0,0,0,0,0,0,0
შორტები,0,0,0,0,0,0,0,0,0,0
დახვრიტეს,1,0,0,1,0,1,0,1,1,0
თოფი,0,0,0,0,0,0,0,0,0,0
მხრის,0,0,0,0,0,0,1,0,0,1
ყვირილი,1,0,0,0,0,0,0,0,1,0
შოვა,1,0,0,0,0,1,0,0,0,0
ნიჩაბი,0,0,0,0,0,0,0,0,0,0
ნიჩბები,0,0,0,0,0,0,0,0,0,0
შოუ,0,0,0,0,0,0,0,0,0,1
შხაპი,0,0,0,0,0,0,0,0,0,0
აჩვენებს,0,0,0,0,0,0,0,0,0,0
საჩვენებელი,0,0,0,0,0,1,0,0,0,0
ნამსხვრევები,0,0,0,1,0,0,0,0,0,0
დაქუცმაცება,0,0,0,0,0,0,0,0,0,0
გამჭრიახი,0,0,0,0,0,0,1,0,0,0
ყვირილი,1,0,0,1,0,1,0,1,1,0
შრიალი,1,0,0,1,0,1,0,0,1,0
კრევეტები,0,0,0,0,0,0,0,0,0,0
სალოცავი,0,0,0,0,0,0,0,0,0,0
შეკუმშვა,0,0,0,1,0,1,0,1,0,0
მცირდება,0,0,0,0,0,0,0,0,0,0
სამოსელი,0,0,0,0,0,0,0,1,0,0
ბუჩქი,0,0,0,0,0,0,0,0,0,0
ბუჩქნარი,0,0,0,0,0,0,0,0,0,0
მხრები აიჩეჩა,0,0,0,0,0,0,0,0,0,0
შემცირდა,0,0,0,0,0,1,0,0,0,0
კანკალი,0,0,0,1,0,1,0,0,0,0
ჩარევა,0,0,0,0,0,0,0,0,0,0
ჩარევა,0,0,0,0,0,0,0,0,0,0
ერიდებიან,1,0,1,0,0,1,0,1,0,0
შუნტი,0,0,0,0,0,0,0,0,0,0
გაჩუმება,0,0,0,0,0,0,0,0,0,0
ჩამკეტი,0,0,0,0,0,0,0,0,0,0
შატლი,0,0,0,0,0,0,0,0,0,0
სიბ,0,0,0,0,0,0,0,0,0,1
sic,0,0,0,0,0,0,0,0,0,0
ავადმყოფი,0,0,1,0,0,1,0,1,0,0
ავადმყოფური,1,0,1,1,0,1,0,1,0,0
ნამგალი,0,0,0,0,0,0,0,0,0,0
ავადმყოფურად,0,0,1,0,0,1,0,1,0,0
ავადმყოფობა,0,0,1,1,0,1,0,1,0,0
მხარე,0,0,0,0,0,0,0,0,0,0
sideboard,0,0,0,0,0,0,0,0,0,0
გვერდიგვერდ,0,0,0,0,0,0,0,0,0,0
გვერდულად,0,0,0,0,0,0,0,0,0,0
ალყა,0,0,0,0,0,0,0,0,0,0
სიესტა,0,0,0,0,0,0,0,0,0,0
საცერი,0,0,0,0,0,0,0,0,0,0
sifting,0,0,0,0,0,0,0,0,0,0
შვებით,0,0,0,0,0,0,0,0,0,0
მხედველობა,0,0,0,0,0,0,0,0,0,0
ნიშანი,0,0,0,0,0,0,0,0,0,0
სიგნალი,0,0,0,0,0,0,0,0,0,0
ხელმოწერა,0,0,0,0,0,0,0,0,0,1
მნიშვნელობა,0,0,0,0,0,0,0,0,0,0
მნიშვნელოვანი,0,0,0,0,0,0,0,0,0,0
აღნიშვნა,0,0,0,0,0,0,0,0,0,0
ნიშნავს,0,1,0,0,0,0,0,0,0,0
საგზაო ნიშანი,0,0,0,0,0,0,0,0,0,0
ჩუმად,0,0,0,0,0,0,0,0,0,0
ჩუმად,0,0,0,0,0,0,0,0,0,0
სილუეტი,0,0,0,0,0,0,0,0,0,0
აბრეშუმი,0,0,0,0,0,0,1,0,0,0
აბრეშუმისებრი,0,0,0,0,0,0,0,0,0,0
აბრეშუმისებრი,0,0,0,0,0,0,0,0,0,0
რაფა,0,0,0,0,0,0,0,0,0,0
სისულელე,0,0,0,0,0,0,0,0,0,0
სულელური,0,0,0,0,1,1,0,0,0,0
სილა,0,0,0,0,0,0,0,0,0,0
ვერცხლი,0,0,0,0,0,0,0,0,0,0
ვერცხლისფერი,0,0,0,0,0,0,0,0,0,0
მსგავსი,0,0,0,0,0,0,0,0,0,0
მსგავსება,0,0,0,0,0,0,0,0,0,0
მსგავსება,0,0,0,0,0,0,0,0,0,0
ხარშეთ,1,1,0,0,0,0,0,0,0,0
შუშხუნა,0,1,0,0,0,0,0,0,0,0
მარტივი,0,0,0,0,0,0,0,0,0,0
მარტივი,0,0,0,0,0,0,0,0,0,0
გაამარტივებს,0,1,0,0,1,0,1,0,1,1
უბრალოდ,0,0,0,0,0,0,0,0,0,0
სიმულაცია,0,0,0,0,0,0,0,0,0,0
სიმულირებული,0,0,0,0,0,0,0,0,0,0
სიმულაცია,0,0,0,0,0,0,0,0,0,0
სიმულაცია,0,0,0,0,0,0,0,0,0,0
ერთდროული,0,0,0,0,0,0,0,0,0,0
ერთდროულად,0,0,0,0,0,0,0,0,0,0
ცოდვა,1,0,1,1,0,1,0,1,0,0
გულწრფელი,0,0,0,0,0,0,1,0,0,1
გულწრფელობა,0,0,0,0,0,0,1,0,0,0
ცოდვილი,1,0,1,1,0,1,0,1,0,0
იმღერე,0,1,0,0,1,0,1,1,0,1
მომღერალი,0,0,0,0,0,0,0,0,0,0
მარტოხელა,0,0,0,0,0,0,0,0,0,0
ცალკე,0,0,0,0,0,0,1,0,0,0
მხოლობითი,0,0,0,0,0,0,0,0,0,0
სინგულარობა,0,0,0,0,0,0,0,0,0,0
ცალსახად,0,0,0,0,0,0,0,0,1,0
ბოროტი,1,0,1,1,0,1,0,0,0,0
ჩაძირვა,0,0,0,0,0,0,0,0,0,0
ცოდვილი,1,0,1,1,0,1,0,1,0,0
ცოდვა,0,0,1,0,0,1,0,0,0,0
სინუსი,0,0,0,0,0,0,0,0,0,0
წრუპავს,0,0,0,0,0,0,0,0,0,0
სიფონი,0,0,0,0,0,0,0,0,0,0
ბატონო,0,0,0,0,0,0,1,0,0,1
ბატონო,0,0,0,0,0,0,0,0,0,0
სირენა,0,0,0,1,0,1,0,0,0,0
სისი,0,0,0,0,0,1,0,0,0,0
დას,0,0,0,0,0,0,0,0,0,0
და-ძმა,1,0,0,0,0,0,1,1,1,1
საიტი,0,0,0,0,0,0,0,0,0,0
sith,0,0,0,0,0,0,0,0,0,0
იჯდა,0,0,0,0,0,0,0,0,0,0
განთავსება,0,0,0,0,0,0,0,0,0,0
მდებარე,0,0,0,0,0,0,0,0,0,0
სიტუაცია,0,0,0,0,0,0,0,0,0,0
მეექვსე,0,0,0,0,0,0,0,0,0,0
სამოცი,0,0,0,0,0,0,0,0,0,0
ზომა,0,0,0,0,0,0,0,0,0,0
ჟრუანტელი,1,0,0,0,0,0,0,0,0,0
სრიალი,0,0,0,0,0,0,0,0,0,0
სრიალი,0,0,0,0,0,0,0,0,0,0
სკამი,0,0,0,0,0,0,0,0,0,0
ჩონჩხი,0,0,0,0,0,0,0,0,0,0
სკეპტიკოსი,0,0,0,0,0,0,0,0,0,0
სკეპტიკურად განწყობილი,0,0,0,0,0,1,0,0,0,0
სკეპტიციზმი,0,0,0,0,0,0,0,0,0,0
ჩანახატი,0,0,0,0,0,0,0,0,0,0
ესკიზური,0,0,0,0,0,1,0,0,0,0
დახრილი,1,1,0,0,0,1,0,0,0,0
შამფური,0,0,0,0,0,0,0,0,0,0
სათხილამურო,0,0,0,0,0,0,0,0,0,0
სრიალი,1,0,0,1,0,1,0,1,0,0
სკიფი,0,0,0,0,0,0,0,0,0,0
უნარი,0,0,0,0,0,0,0,0,0,0
დახელოვნებული,0,0,0,0,0,0,1,0,0,0
ტაფა,0,0,0,0,0,0,0,0,0,0
დახელოვნებული,0,0,0,0,0,0,1,0,0,1
ცქრიალა,0,0,0,0,0,0,0,0,0,0
კანი,0,0,0,0,0,0,0,0,0,0
გამხდარი,0,0,0,0,0,0,0,0,0,0
გამოტოვება,0,0,0,0,0,1,0,0,0,0
კაპიტანი,0,0,0,0,0,0,0,0,0,0
შეტაკება,1,0,0,0,0,1,0,0,0,0
ქვედაკაბა,0,0,0,0,0,0,0,0,0,0
კალთა,0,0,0,0,0,0,0,0,0,0
კალთები,0,0,0,0,0,0,0,0,0,0
სკიტი,0,0,0,0,0,0,0,0,0,0
თავის ქალა,0,0,0,0,0,0,0,0,0,0
სკუნკი,0,0,0,0,0,0,0,0,0,0
ცა,0,0,0,0,0,0,1,0,0,0
ცათამბჯენი,0,0,0,0,0,0,0,0,0,0
ფილა,0,0,0,0,0,0,0,0,0,0
მოდუნებული,0,0,0,0,0,1,0,0,0,0
წიდა,0,0,0,0,0,1,0,0,0,0
სლემი,1,0,0,1,0,1,0,0,1,0
ცილისწამება,1,0,1,0,0,1,0,0,0,0
ცილისმწამებლური,0,0,0,0,0,1,0,0,0,0
ჟარგონი,0,0,0,0,0,0,0,0,0,0
დახრილი,0,0,0,0,0,0,0,0,0,0
შლამი,1,0,0,0,0,1,0,0,1,0
დახრილი,1,0,0,0,0,0,0,0,0,0
დახრილები,0,0,0,0,0,0,0,0,0,0
ფიქალი,0,0,0,0,0,0,1,0,0,0
ფიქალები,0,0,0,0,0,0,0,0,0,0
დაკვლა,1,0,1,1,0,1,0,1,1,0
სასაკლაო,1,0,1,1,0,1,0,1,0,0
დაკვლა,1,0,1,1,0,1,0,1,1,0
მონა,1,0,0,1,0,1,0,1,0,0
მონობა,1,0,1,1,0,1,0,1,0,0
მოკვლა,1,0,0,0,0,1,0,0,0,0
მკვლელი,1,0,1,1,0,1,0,1,1,0
ციგა,0,0,0,0,0,0,0,0,0,0
გლუვი,0,0,0,0,0,0,1,0,0,0
ძილი,0,0,0,0,0,0,0,0,0,0
მძინარე,0,0,0,0,0,0,0,0,0,0
მძინარე,0,0,0,0,0,0,0,0,0,0
უძილობა,0,0,0,0,0,0,0,0,0,0
უძილო,0,0,0,0,0,0,0,0,0,0
წვიმა,0,0,0,0,0,1,0,0,0,0
ყდის,0,0,0,0,0,0,0,0,0,0
უმკლავო,0,0,0,0,0,0,0,0,0,0
ციგა,0,0,0,0,0,0,0,0,0,0
ცბიერება,0,0,0,0,0,0,0,0,0,0
სუსტი,0,0,0,0,0,0,1,0,0,0
სლეუტი,0,0,0,0,0,0,0,0,0,0
ნაჭერი,0,0,0,0,0,0,0,0,0,0
გლუვი,0,0,0,0,0,0,0,0,0,0
სლაიდი,0,0,0,0,0,0,0,0,0,0
სრიალი,0,0,0,0,0,0,0,0,0,0
უმნიშვნელო,0,0,0,0,0,0,0,0,0,0
ოდნავ,0,0,0,0,0,0,0,0,0,0
გამხდარი,0,0,0,0,0,0,1,0,0,0
ლორწო,0,0,1,0,0,0,0,0,0,0
ლორწოვანი,0,0,1,0,0,1,0,0,0,0
სლინგი,0,0,0,0,0,0,0,0,0,0
სლინკი,0,0,0,0,0,1,0,0,0,0
სრიალი,0,0,0,0,0,1,0,0,1,0
ჩუსტი,0,0,0,0,0,0,0,0,0,0
ჩუსტები,0,0,0,0,0,0,0,0,0,0
ჭრილი,0,0,0,0,0,0,0,0,0,0
ნატეხი,0,0,0,0,0,0,0,0,0,0
სლოგანი,0,0,0,0,0,0,0,0,0,0
sloop,0,0,0,0,0,0,0,0,0,0
ფერდობზე,0,0,1,0,0,1,0,0,0,0
ფერდობზე,0,0,0,0,0,0,0,0,0,0
დაუდევარი,0,0,1,0,0,1,0,0,0,0
სლოტი,0,0,0,0,0,0,0,0,0,0
ზარმაცობა,0,0,1,0,0,1,0,0,0,0
სლუკუნი,0,0,0,0,0,1,0,0,0,0
შლაპი,0,0,0,0,0,1,0,0,0,0
ნელი,0,0,0,0,0,0,0,0,0,0
ნელა,0,0,0,0,0,0,0,0,0,0
ნელი,0,0,0,0,0,1,0,0,0,0
შლამი,0,0,1,0,0,1,0,0,0,0
შლაპა,0,0,1,0,0,1,0,0,0,0
დუნე,0,0,0,0,0,1,0,1,0,0
სლუისი,0,0,0,0,0,0,0,0,0,0
ღარიბი,0,0,1,0,0,1,0,0,0,0
ძილი,0,0,0,0,0,0,0,0,0,0
ვარდნა,0,0,0,0,0,1,0,1,0,0
შეურაცხყოფა,1,0,1,0,0,1,0,1,0,0
სლუკუნი,0,0,1,0,0,1,0,0,1,0
სლუკუნი,1,0,1,0,0,1,0,0,0,0
მზაკვარი,1,0,1,1,0,1,0,0,0,0
Smack,1,0,0,0,0,1,0,0,0,0
პატარა,0,0,0,0,0,1,0,0,0,0
უფრო პატარა,0,0,0,0,0,0,0,0,0,0
ყველაზე პატარა,0,0,0,0,0,0,0,0,0,0
დამსხვრევა,1,0,0,1,0,1,0,0,0,0
გაანადგურა,0,0,0,0,0,1,0,0,0,0
მთვრალი,0,0,0,0,0,1,0,0,0,0
ნაცხი,0,0,0,0,0,0,0,0,0,0
სუნი,1,0,1,0,0,1,0,0,0,0
სუნი,0,0,1,0,0,1,0,0,0,0
სუნი,0,0,0,0,0,0,0,0,0,0
ღიმილი,0,0,0,0,1,0,1,0,1,1
იღიმება,0,0,0,0,1,0,1,0,0,0
ღიმილი,0,0,0,0,0,1,0,0,0,0
დარტყმა,1,0,0,1,0,1,0,1,0,0
სმიტი,0,0,0,0,0,0,0,0,0,1
დაჭყლეტილი,0,0,0,0,0,0,1,0,0,0
მწეველი,0,0,0,0,0,1,0,0,0,0
მწეველი,0,0,0,0,0,0,0,0,0,0
მოწევა,0,0,0,0,0,0,0,0,0,0
შებოლილი,0,0,0,0,0,0,0,0,0,0
დნებოდა,0,0,0,0,0,0,0,0,0,0
შეუფერხებლად,0,0,0,0,0,0,0,0,0,0
სიგლუვეს,0,0,0,0,0,0,1,0,0,0
ჩახშობა,1,0,0,0,0,1,0,0,0,0
დაბინძურება,0,0,0,0,0,1,0,0,0,0
თვითკმაყოფილი,0,0,0,0,0,1,0,0,0,0
კონტრაბანდა,0,0,0,1,0,1,0,0,0,0
კონტრაბანდისტი,1,0,1,1,0,1,0,0,0,0
კონტრაბანდა,0,0,0,0,0,1,0,0,0,0
ჭუჭყიანი,0,0,1,1,0,1,0,0,0,0
snack,0,0,0,0,0,0,0,0,0,0
საჭმლის,0,0,0,0,0,0,0,0,0,0
სნაგი,0,0,0,0,0,1,0,0,1,0
სნაგები,0,0,0,0,0,1,0,0,0,0
ლოკოკინა,0,0,0,0,0,0,0,0,0,0
გველი,0,0,1,1,0,1,0,0,0,0
ვადამდელი,0,0,0,0,0,0,0,0,0,0
კადრი,0,0,0,0,0,0,0,0,0,0
მახე,0,0,0,1,0,1,0,0,0,0
ღრიალი,1,0,1,0,0,1,0,0,0,0
ღრიალი,1,0,0,0,0,1,0,0,0,0
გატაცება,0,0,0,0,0,0,0,0,0,0
შეპარვა,1,0,0,1,0,1,0,0,1,0
sneakers,0,0,0,0,0,0,0,0,0,0
შეპარული,0,1,0,1,0,1,0,0,0,1
დამცინავი,1,0,1,0,0,1,0,0,0,0
ცემინება,0,0,1,0,0,1,0,0,1,0
ცემინება,0,0,0,0,0,0,0,0,0,0
სნიკერი,0,0,0,0,0,0,1,0,0,0
სნაიდი,0,0,0,0,0,1,0,0,0,0
ყნოსვა,0,0,0,0,0,0,0,0,0,0
სნაიპი,0,0,0,0,0,0,0,0,0,0
სნაიპი,0,0,0,0,0,0,0,0,0,0
ფრაგმენტი,0,0,0,0,0,0,0,0,0,0
სნობი,0,0,0,0,0,1,0,0,0,0
სნუპი,0,0,0,0,0,0,0,0,0,0
ჩაჩუმება,0,0,0,0,0,0,0,0,0,0
ხვრინვა,0,0,0,0,0,0,0,0,0,0
ხვრინვა,0,0,0,0,0,0,0,1,0,0
სნეული,0,0,0,0,0,0,0,0,0,0
თოვლი,0,0,0,0,0,0,0,0,0,0
თოვლის ბურთი,0,0,0,0,0,0,0,0,0,0
ფიფქია,0,0,0,0,0,0,0,0,0,0
თოვლიანი,0,0,0,0,0,0,0,0,0,0
სნუფი,0,0,0,0,0,0,0,0,0,0
გაჟღენთილი,0,0,0,0,0,1,0,0,0,0
გაჟღენთილი,0,0,0,0,0,0,0,0,0,0
საპონი,0,0,0,0,0,0,0,0,0,0
საპნიანი,0,0,0,0,0,0,0,0,0,0
აღმაფრენა,0,0,0,0,0,0,0,0,0,0
ტირილი,0,0,0,0,0,1,0,1,0,0
სიფხიზლე,0,0,0,0,0,0,1,0,0,1
სოც,0,0,0,0,0,0,0,0,0,0
ფეხბურთი,0,0,0,0,0,0,0,0,0,0
კომუნიკაბელური,0,0,0,0,0,0,1,0,0,0
სოციალური,0,0,0,0,0,0,0,0,0,0
სოციალიზმი,0,0,1,1,0,0,0,0,0,0
სოციალისტური,1,0,1,1,0,1,0,1,0,0
საზოგადოება,0,0,0,0,0,0,0,0,0,0
წინდა,0,0,0,0,0,0,0,0,0,0
სოკეტი,0,0,0,0,0,0,0,0,0,0
სოდ,0,0,0,0,0,0,0,0,0,0
დივანი,0,0,0,0,0,0,0,0,0,0
დარბილება,0,0,0,0,0,0,0,0,0,0
რბილობა,0,0,0,0,0,0,0,0,0,0
სველიანი,0,0,0,0,0,0,0,0,0,0
ნიადაგი,0,0,1,0,0,1,0,0,0,0
დაბინძურებული,0,0,1,0,0,1,0,0,0,0
ბინადრობს,0,0,0,0,0,0,0,0,0,0
ნუგეში,0,0,0,0,0,0,1,0,0,0
მზის,0,0,0,0,0,0,0,0,0,0
შედუღება,0,0,0,0,0,0,0,0,0,0
შედუღება,0,0,0,0,0,0,0,0,0,0
ჯარისკაცი,1,0,0,0,0,0,1,1,0,0
ერთადერთი,0,0,0,0,0,0,0,0,0,0
თხოვნა,0,0,0,0,0,0,0,0,0,0
შუამდგომლობა,0,0,0,0,0,0,0,0,0,0
ადვოკატი,0,0,0,0,0,0,0,0,0,0
მყარი,0,0,0,0,0,0,1,0,0,0
სოლიდარობა,0,0,0,0,0,0,0,0,0,1
გამაგრება,0,0,0,0,0,0,0,0,0,0
გამყარდა,0,0,0,0,0,0,0,0,0,0
გამყარება,0,0,0,0,0,0,0,0,0,0
სიმყარე,0,0,0,0,0,0,1,0,0,1
სოლიტერი,0,0,0,0,0,0,0,0,0,0
მარტოხელა,0,0,0,0,0,0,0,0,0,0
მარტოობა,0,0,0,0,0,0,0,0,0,0
სოლო,0,0,0,0,0,0,0,0,0,0
ხსნადობა,0,0,0,0,0,0,0,0,0,0
ხსნადი,0,0,0,0,0,0,0,0,0,0
გამოსავალი,0,0,0,0,0,0,1,0,0,0
გადაჭრა,0,0,0,0,0,0,0,0,0,0
გადახდისუნარიანობა,0,0,0,0,0,0,1,0,0,0
გამხსნელი,0,0,0,0,0,0,0,0,0,0
სომატური,0,0,0,0,0,1,0,0,1,0
ბნელი,0,0,0,0,0,1,0,1,0,0
შვილო,0,0,0,0,0,0,0,0,0,0
სონარი,0,1,0,0,0,0,1,0,0,0
სონატა,0,0,0,0,0,0,1,0,0,0
სიმღერა,0,0,0,0,0,0,0,0,0,0
სონეტი,0,0,0,0,1,0,1,1,0,0
ხმოვანი,0,0,0,0,1,0,1,0,0,0
ჭვარტლი,0,0,1,0,0,1,0,0,0,0
ამშვიდებს,0,0,0,0,0,0,1,0,0,0
დამამშვიდებელი,0,0,0,0,1,0,1,0,0,1
მეორე კურსი,0,0,0,0,0,0,0,0,0,0
სოპრანო,0,0,0,0,0,0,0,0,0,0
ჯადოქარი,0,0,0,0,0,0,0,0,0,0
ჯადოქრობა,0,1,0,1,0,1,0,0,1,0
საზიზღარი,1,0,1,1,0,1,0,1,0,0
მტკივნეული,1,0,0,0,0,1,0,1,0,0
მტკივნეულად,0,0,0,0,0,1,0,1,0,0
მტკივნეულობა,0,0,1,0,0,1,0,1,0,0
სორგო,0,0,0,0,0,0,0,0,0,0
სოროში,0,0,0,0,0,0,0,0,0,0
მწუხარება,0,0,0,1,0,1,0,1,0,0
სამწუხარო,0,0,0,0,0,1,0,1,0,0
დალაგება,0,0,0,0,0,0,0,0,0,0
დამლაგებელი,0,0,0,0,0,0,1,0,0,0
დაშვება,0,0,0,1,0,1,0,0,0,0
დახარისხება,0,0,0,0,0,0,0,0,0,0
სოუ,0,0,0,0,0,0,0,0,0,0
უსულო,0,0,1,1,0,1,0,1,0,0
სულის მეგობარი,0,0,0,1,0,1,0,0,0,0
ხმა,0,0,0,0,0,0,0,0,0,0
ჟღერადობა,0,0,0,0,0,0,0,0,0,0
სიმტკიცე,0,1,0,0,1,0,1,0,0,1
სუპი,0,0,0,0,0,0,1,0,0,0
მაწონი,0,0,1,0,0,1,0,0,0,0
წყარო,0,0,0,0,0,0,0,0,0,0
სუვენირი,0,0,0,0,0,0,0,0,0,0
სუვერენული,0,0,0,0,0,0,0,0,0,1
სუვერენიტეტს,0,0,0,0,0,0,0,0,0,0
დათესეს,0,0,0,0,0,0,0,0,0,0
სპა,0,1,0,0,1,0,1,0,1,1
სივრცე,0,0,0,0,0,0,0,0,0,0
ფართო,0,0,0,0,0,0,1,0,0,0
ყვავი,0,0,0,0,0,0,0,0,0,0
სპანი,0,0,0,0,0,0,0,0,0,0
სპანიელი,0,0,0,0,1,0,1,0,0,1
ტყაპუნი,1,0,0,1,0,1,0,1,0,0
დარტყმა,1,0,0,0,0,0,0,0,0,0
სპარ,0,0,0,0,0,0,0,0,0,0
სათადარიგო,0,0,0,0,0,0,0,0,0,0
ზომიერად,0,0,0,0,0,0,0,0,0,0
ნაპერწკალი,0,0,0,0,0,0,0,0,0,0
ნაპერწკალი,0,1,0,0,1,0,1,0,1,0
სპარინგი,0,0,0,0,0,0,0,0,0,0
იშვიათი,0,0,0,0,0,0,0,0,0,0
სპაზმი,0,0,0,1,0,1,0,0,0,0
აფურთხებდა,1,0,0,0,0,1,0,0,0,0
სპატულა,0,0,0,0,0,0,0,0,0,0
ქვირითი,0,0,0,0,0,0,0,0,0,0
სპიკერი,0,0,0,0,0,0,0,0,0,0
ლაპარაკი,0,0,0,0,0,0,0,0,0,0
შუბი,1,1,0,1,0,1,0,0,0,0
განსაკუთრებული,0,0,0,0,1,0,1,0,0,0
სპეციალისტი,0,0,0,0,0,0,0,0,0,1
სპეციალობა,0,0,0,0,0,0,0,0,0,0
სპეციალიზდება,0,0,0,0,0,0,0,0,0,1
სპეციალურად,0,0,0,0,0,0,0,0,0,0
სახეობა,0,0,0,0,0,0,1,0,0,0
სახეობა,0,0,0,0,0,0,0,0,0,0
კონკრეტული,0,0,0,0,0,0,0,0,0,0
სპეციფიკაცია,0,0,0,0,0,0,0,0,0,0
ნიმუში,0,0,0,0,0,0,0,0,0,0
ლაქა,0,0,1,0,0,1,0,0,0,0
ლაქებიანი,0,0,0,0,0,0,0,0,0,0
სპეციფიკაციები,0,0,0,0,0,0,0,0,0,0
სპექტაკლი,0,0,0,0,0,1,1,0,0,0
სათვალეები,0,0,0,0,0,0,0,0,0,0
სანახაობრივი,0,1,0,0,0,0,0,0,1,0
მაყურებელი,0,0,0,0,0,0,0,0,0,0
აჩრდილი,0,0,0,1,0,1,0,1,0,0
სპექტრალური,0,0,0,0,0,1,0,0,0,0
სპექტრომეტრი,0,0,0,0,0,0,0,0,0,0
სპექტროფოტომეტრი,0,0,0,0,0,0,0,0,0,0
სპექტროსკოპია,0,0,0,0,0,0,0,0,0,0
სპექტრი,0,0,0,0,0,0,0,0,0,0
სპეკულირება,0,0,0,0,0,0,0,0,0,0
სპეკულაცია,0,0,0,1,0,1,0,1,0,0
სპეკულაციური,0,1,0,0,0,0,0,0,0,0
სპეკულუმი,0,0,0,0,0,0,0,0,0,0
მეტყველება,0,0,0,0,0,0,1,0,0,0
უსიტყვოდ,0,0,0,0,0,0,0,0,0,0
სიჩქარე,0,0,0,0,0,0,0,0,0,0
სწრაფად,0,0,0,0,0,0,0,0,0,0
სპიდომეტრი,0,0,0,0,0,0,0,0,0,0
ჩქაროსნული გზა,0,0,0,0,0,0,0,0,0,0
სწრაფი,0,0,0,0,0,0,1,0,0,0
შელოცვილი,0,0,0,0,0,0,0,0,0,0
მართლწერა,0,0,0,0,0,0,1,0,0,0
სპენსერი,0,0,0,0,0,0,0,0,0,0
დახარჯვა,0,0,0,0,0,0,0,0,0,0
გაატარა,0,0,0,0,0,1,0,0,0,0
სპერმა,0,0,0,0,0,0,0,0,0,0
სროლა,0,0,1,0,0,0,0,0,0,0
სფერო,0,0,0,0,0,0,0,0,0,0
სფერული,0,0,0,0,0,0,0,0,0,0
სფინქსი,0,0,0,0,0,0,0,0,0,0
სანელებელი,0,0,0,0,0,0,1,0,0,0
ცხარე,0,0,0,0,0,0,0,0,0,0
ობობა,0,0,1,1,0,0,0,0,0,0
შპიგოტი,0,0,0,0,0,0,0,0,0,0
სპიკი,0,0,0,1,0,0,0,0,0,0
წვეტიანი,0,0,0,0,0,0,0,0,0,0
წვეტიანი,0,0,0,0,0,0,0,0,0,0
დაღვრას,0,0,0,0,0,0,0,0,0,0
დატრიალება,0,0,0,0,0,0,0,0,0,0
ზურგის,0,0,0,0,0,0,0,0,0,0
spindle,0,0,0,0,0,0,0,0,0,0
ხერხემალი,1,0,0,0,0,1,1,0,0,0
ტრიალებს,0,0,0,0,0,0,0,0,0,0
სპინსტერი,0,0,0,1,0,1,0,1,0,0
ეკლიანი,0,0,0,0,0,0,0,0,0,0
სპირალი,0,0,0,0,0,0,0,0,0,0
სპირი,0,0,0,0,0,0,0,0,0,0
სული,0,0,0,0,0,0,1,0,0,0
სულები,0,1,0,0,1,0,1,0,1,0
სულიერი,0,0,0,0,0,0,0,0,0,0
სულიერება,0,0,0,0,0,0,0,0,0,0
შამფურზე,0,0,1,0,0,0,0,0,0,0
მიუხედავად,1,0,0,0,0,1,0,0,0,0
საზიზღარი,1,0,0,0,0,1,0,0,0,0
შხეფება,0,0,0,0,0,0,0,0,1,0
ელენთა,0,0,0,0,0,0,0,0,0,0
დიდებული,0,0,0,0,1,0,1,0,1,0
ბრწყინვალება,0,1,0,0,1,0,1,0,1,0
შერწყმა,0,0,0,0,0,0,0,0,0,0
სლაინი,0,0,0,0,0,0,0,0,0,0
ნადები,0,0,0,0,0,0,0,0,0,0
ნატეხი,0,0,0,0,0,1,0,0,0,0
გაყოფა,0,0,0,0,0,1,0,0,0,0
გაყოფა,0,0,0,0,0,1,0,1,0,0
გაფუჭება,0,0,0,0,0,0,0,0,0,0
გააფუჭებს,0,0,1,0,0,1,0,0,0,0
სპოილერი,0,0,0,0,0,1,0,1,0,0
გაფუჭება,0,0,0,0,0,0,0,0,0,0
ისაუბრა,0,0,0,0,0,1,0,0,0,0
წარმოთქმული,0,0,0,0,0,0,0,0,0,0
სპიკერი,0,0,0,0,0,0,0,0,0,1
ღრუბელი,0,0,0,0,0,1,0,0,0,0
სპონგური,0,0,0,0,0,0,0,0,0,0
სპონსორი,0,0,0,0,0,0,1,0,0,1
სპონსორობა,0,0,0,0,0,0,0,0,0,0
თაღლითობა,0,0,0,0,0,0,0,0,0,0
საზრუნავი,0,0,0,1,0,1,0,0,0,0
კოვზი,0,0,0,0,0,0,0,0,0,0
კოვზიანი,0,0,0,0,0,0,0,0,0,0
სპორადული,0,0,0,0,0,0,0,0,0,0
სპორა,0,0,0,0,0,0,0,0,0,0
სპორტი,0,0,0,0,0,0,0,0,0,0
სპორტული,0,0,0,0,0,0,0,0,0,0
სპორტი,0,0,0,0,0,0,0,0,0,0
სპორტსმენი,0,0,0,0,0,0,0,0,0,0
ადგილზე,0,0,0,0,0,0,0,0,0,0
უნაკლო,0,0,0,0,0,0,1,0,0,1
მყივანი,0,0,0,0,0,0,0,0,0,0
ლაქებიანი,0,0,0,0,0,0,0,0,0,0
მეუღლე,0,0,0,0,0,0,0,0,0,0
მეუღლე,0,0,0,0,1,0,1,0,0,1
ნახველი,0,0,0,0,0,0,0,0,0,0
დაჭიმვა,0,0,0,0,0,1,0,1,0,0
გავრცელება,0,0,0,0,0,0,0,0,0,0
აეროზოლი,0,0,0,0,0,0,0,0,0,0
გავრცელება,0,0,0,0,0,0,0,0,0,0
გაფუჭება,0,0,0,0,0,1,0,0,0,0
შესხურება,0,0,0,0,0,0,0,0,0,0
სპრაიტი,0,0,0,1,0,1,0,0,0,0
ყლორტი,0,0,0,0,0,0,0,0,0,0
ნაძვი,0,0,0,0,0,0,1,0,0,0
სტიმულს,0,0,0,1,0,0,0,0,0,0
ყალბი,0,0,1,0,0,1,0,0,0,0
გაამხნევა,0,0,0,0,0,0,0,0,0,0
ამოფრქვევა,0,0,0,0,0,0,0,0,0,0
ჯაშუში,0,0,0,0,0,0,0,0,0,0
რაზმი,0,0,0,0,0,0,0,0,0,0
ესკადრილია,0,0,0,0,0,0,0,0,0,0
შხუილი,0,0,0,1,0,1,0,1,0,0
ბრტყელი,0,0,0,0,0,0,0,0,0,0
კვადრატი,0,0,0,0,0,0,0,0,0,0
ჩაჯდომა,0,0,0,0,0,0,0,0,0,0
სკუტატი,0,0,0,0,0,1,0,0,0,0
ჩხუბი,0,0,0,0,0,0,0,0,0,0
კვნესა,0,0,0,0,0,0,0,0,0,0
სქელი,0,0,1,1,0,1,0,0,0,0
გაწურეთ,0,0,0,0,0,0,0,0,0,0
შეკუმშვა,0,0,0,0,0,0,0,0,0,0
ჩახშობა,1,0,1,0,0,1,0,0,0,0
ჭკუა,0,0,0,0,0,0,0,0,0,0
სკივერი,0,0,0,0,0,0,0,0,0,0
ცახცახებს,0,0,1,0,0,1,0,0,0,0
ციყვი,0,0,0,0,0,0,0,0,0,0
შპრიცი,0,0,0,0,0,0,0,0,0,0
დარტყმა,1,0,0,1,0,1,0,1,1,0
სტაბილურობა,0,0,0,0,0,0,0,0,0,0
სტაბილური,0,0,0,0,0,0,1,0,0,1
სტაკატო,0,0,0,0,0,0,1,0,0,0
დასტის,0,0,0,0,0,0,0,0,0,0
პერსონალი,0,0,0,0,0,0,0,0,0,0
ირემი,0,0,0,0,0,0,0,0,0,0
ეტაპი,0,0,0,0,0,0,0,0,0,0
შეძრწუნება,0,0,0,0,0,0,0,0,1,0
შემაძრწუნებელი,0,0,0,0,0,1,0,0,0,0
სტაგნაცია,0,0,0,0,0,1,0,1,0,0
სტაგნაცია,0,0,0,0,0,0,0,0,0,0
გაჩერდა,0,0,0,0,0,0,0,0,0,0
ლაქა,0,0,1,0,0,1,0,0,0,0
უჟანგავი,0,0,0,0,0,0,1,0,0,0
საფეხური,0,0,0,0,0,0,0,0,0,0
კიბე,0,0,0,0,0,0,0,0,0,0
კიბე,0,0,0,0,0,0,0,0,0,0
ფსონი,0,0,0,0,0,0,0,0,0,0
შემორჩენილი,0,0,0,0,0,1,0,0,0,0
ჩიხში,1,0,1,0,0,0,0,0,0,0
ყუნწი,0,0,0,1,0,1,0,0,0,0
სადგომი,0,0,1,0,0,0,0,0,0,0
ცხენოსანი,0,0,0,0,0,0,1,0,0,0
სადგომები,0,0,0,0,0,0,0,0,0,0
მტკიცე,0,0,0,0,0,0,1,0,0,0
გამძლეობა,0,0,0,0,0,0,1,0,0,1
ბეჭედი,0,0,0,0,0,0,0,0,0,0
დგომა,0,0,0,0,0,0,0,0,0,0
სტანდარტული,0,0,0,0,0,0,0,0,0,0
სტანდარტიზაცია,0,0,0,0,0,0,0,0,0,0
იდგა,0,0,0,0,0,0,1,0,0,0
დგომა,1,0,0,1,0,1,0,0,0,0
თვალსაზრისი,0,0,0,0,0,0,0,0,0,0
გაჩერება,1,0,0,0,0,1,0,0,0,0
სტროფი,0,0,0,0,0,0,0,0,0,0
სამაგრი,0,0,0,0,0,0,0,0,0,0
ვარსკვლავი,0,1,0,0,1,0,1,0,0,1
მარჯვენა მხარეს,0,0,0,0,0,0,0,0,0,0
სახამებელი,0,0,0,0,0,0,0,0,0,0
მზერა,0,0,0,0,0,0,0,0,0,0
მზერა,0,0,0,0,0,1,0,0,0,0
მკვეთრი,0,0,0,0,0,1,0,0,0,1
ვარსკვლავის შუქი,0,0,0,0,0,0,1,0,0,0
ვარსკვლავიანი,0,1,0,0,1,0,1,0,0,0
ვარსკვლავები,0,0,0,0,0,0,0,0,0,0
დაწყება,0,1,0,0,0,0,0,0,0,0
გაოცება,0,0,0,1,0,1,0,0,1,0
გამაოგნებელი,0,0,0,0,0,0,0,0,1,0
შიმშილი,0,0,0,1,0,1,0,1,0,0
შიმშილობდა,0,0,0,0,0,1,0,0,0,0
მშიერი,0,0,0,0,0,1,0,0,0,0
სახელმწიფო,0,0,0,0,0,0,0,0,0,0
დიდებული,0,0,0,0,0,0,1,0,0,0
განცხადება,0,0,0,0,0,0,1,0,0,1
სათავსო,0,0,0,0,0,0,0,0,0,0
სახელმწიფო მოღვაწე,0,0,0,0,0,0,0,0,0,0
სტატიკური,0,0,0,0,0,0,0,0,0,0
სტატიკა,0,0,0,0,0,0,0,0,0,0
სადგური,0,0,0,0,0,0,0,0,0,0
სტაციონარული,0,0,0,0,0,1,0,0,0,0
საკანცელარიო ნივთები,0,0,0,0,0,0,0,0,0,0
სტატისტიკური,0,0,0,0,0,0,0,0,0,1
სტატისტიკოსი,0,0,0,0,0,0,0,0,0,0
სტატორი,0,0,0,0,0,0,0,0,0,0
ქანდაკება,0,0,0,0,0,0,0,0,0,0
ქანდაკება,0,0,0,0,0,0,1,0,0,0
ქანდაკება,0,0,0,0,0,0,0,0,0,0
აღნაგობა,0,0,0,0,0,0,0,0,0,0
სტატუსი,0,0,0,0,0,0,1,0,0,0
წესდება,0,0,0,0,0,0,0,0,0,0
ნორმატიული,0,0,0,0,0,0,0,0,0,0
მტკიცე,0,0,0,0,0,0,1,0,0,0
ჯოხი,0,0,0,0,0,1,0,0,0,0
დარჩენა,0,0,0,0,0,0,0,0,0,0
დარჩა,0,0,0,0,0,0,0,0,0,0
რჩება,0,0,0,0,0,0,0,0,0,0
ნაცვლად,0,0,0,0,0,0,0,0,0,0
ურყევი,0,0,0,0,0,0,1,0,0,1
სტაბილური,0,0,0,0,0,0,0,0,1,1
მოპარვა,1,0,0,1,0,1,0,1,0,0
ქურდობა,0,0,1,1,0,1,0,0,0,0
სტელსი,0,0,0,0,0,0,0,0,1,0
მალულად,0,0,0,0,0,0,0,0,1,0
მალულად,0,1,0,1,0,1,0,0,1,0
ორთქლის ნავი,0,0,0,0,0,0,0,0,0,0
გემი,0,0,0,0,0,0,0,0,0,0
ორთქლის როლიკერი,0,0,0,0,0,0,0,0,0,0
ორთქლის გემი,0,0,0,0,0,0,0,0,0,0
ორთქლიანი,0,0,0,0,0,0,0,0,0,0
ფოლადი,0,0,0,0,0,0,0,0,0,0
ციცაბო,0,0,0,0,0,0,0,0,0,0
ციცაბო,0,0,0,0,0,0,0,0,0,0
მართავდა,0,0,0,0,0,0,0,0,0,0
ვარსკვლავური,0,0,0,0,0,0,1,0,0,0
ღერო,0,0,0,0,0,0,0,0,0,0
სუნი,0,0,0,0,0,0,0,0,0,0
შაბლონი,0,0,0,0,0,0,0,0,0,0
ნაბიჯი,0,0,0,0,0,0,0,0,0,0
სტეპის,0,0,0,0,0,0,0,0,0,0
ნაბიჯები,0,0,0,0,0,0,0,0,0,0
სტერეოსკოპიული,0,0,0,0,0,0,0,0,0,0
სტერეოტიპი,0,0,0,0,0,1,0,0,0,0
სტერეოტიპული,0,0,0,0,0,1,0,0,0,0
სტერილური,0,0,0,0,0,1,0,1,0,0
სტერილობა,0,0,0,0,0,1,0,0,0,0
სტერლინგი,1,1,0,0,1,1,1,0,0,1
მკაცრი,0,0,0,0,0,1,0,0,0,0
სტეტოსკოპი,0,0,0,0,0,0,0,0,0,0
ჩაშუშული,0,0,0,0,0,0,0,0,0,0
სტიუარდი,0,0,0,0,0,0,1,0,0,1
მეურვეობა,0,0,0,0,0,0,0,0,0,0
ჯოხი,0,0,0,0,0,0,0,0,0,0
წებოვანი,0,0,0,0,0,0,0,0,0,0
წებოვანი,0,0,1,0,0,0,0,0,0,0
ხისტი,0,0,0,0,0,1,0,0,0,0
გამაგრება,0,0,0,0,0,0,0,0,0,0
სიმტკიცე,0,0,0,0,0,1,0,0,0,0
ახშობს,0,0,0,0,0,1,0,0,0,0
დაახრჩო,1,0,0,1,0,1,0,1,0,0
მახრჩობელა,0,0,0,0,0,0,0,0,0,0
სტიგმა,1,0,1,1,0,1,0,1,0,0
სტილე,0,0,0,0,0,0,0,0,0,0
სტილეტო,0,0,0,0,0,0,0,0,0,0
მკვდარი დაბადებული,0,0,0,0,0,1,0,1,0,0
სიმშვიდე,0,0,0,1,0,0,1,1,0,0
ჯოხები,0,0,0,0,0,0,0,0,0,0
მასტიმულირებელი,0,0,0,0,0,0,0,0,0,0
სტიმულაცია,0,0,0,0,0,0,0,0,0,0
სტიმული,0,0,0,0,0,0,0,0,0,0
ნაკბენი,1,0,0,1,0,1,0,0,0,0
ჩხვლეტა,0,0,0,0,0,1,0,0,0,0
ძუნწი,1,0,1,1,0,1,0,1,0,0
სუნი,0,0,1,0,0,1,0,0,0,0
სუნიანი,0,0,1,0,0,1,0,0,0,0
სტაჟირება,0,0,0,1,0,1,0,1,0,0
აწესებს,0,0,0,0,0,0,0,0,0,0
პირობა,0,0,0,0,0,0,0,0,0,0
აურიეთ,0,0,0,0,0,0,0,0,0,0
აღვივებს,0,0,0,0,0,0,0,0,0,0
ნაკერი,0,0,0,0,0,0,0,0,0,0
მარაგი,0,0,0,0,0,0,0,0,0,0
საფონდო ბროკერი,0,0,0,0,0,0,0,0,0,0
წინდები,0,0,0,0,0,0,0,0,0,0
აქციები,0,0,0,0,0,1,0,0,0,0
მოიპარა,0,0,0,0,0,0,0,0,0,0
მოპარული,1,0,0,0,0,1,0,0,0,0
კუჭის,0,0,1,0,0,0,0,0,0,0
ქვა,1,0,0,0,0,1,0,0,0,0
ჩაქოლეს,0,0,0,0,0,1,0,0,0,0
ქვის ნაწარმი,0,0,0,0,0,0,0,0,0,0
ქვიანი,0,0,0,0,0,0,0,0,0,0
სკამი,0,0,0,0,0,0,0,0,0,0
განავალი,0,0,1,0,0,1,0,0,0,0
დახრილი,0,0,0,0,0,0,0,0,0,0
გაჩერება,0,0,0,0,0,0,0,0,0,0
გაჩერება,0,0,0,0,0,1,0,0,0,0
საცობი,0,0,0,0,0,0,0,0,0,0
შეჩერება,0,0,0,0,0,0,0,0,0,0
წამზომი,0,0,0,0,0,0,0,0,0,0
შენახვა,0,0,0,0,0,0,0,0,0,0
მაღაზია,0,1,0,0,0,0,1,0,0,0
საწყობი,0,0,0,0,0,0,0,0,0,0
შენახვა,0,0,0,0,0,0,0,0,0,0
ქარიშხალი,1,0,0,0,0,1,0,0,0,0
შტურმით,1,0,0,0,0,0,0,0,0,0
ქარიშხლიანი,0,0,0,1,0,1,0,0,0,0
ამბავი,0,0,0,0,0,0,0,0,0,0
მსუქანი,0,0,0,0,0,0,0,0,0,0
ღუმელი,0,0,0,0,0,0,0,0,0,0
stow,0,0,0,0,0,0,0,0,0,0
straddle,0,0,0,0,0,0,0,0,0,0
გასწორება,0,0,0,0,0,0,0,0,0,0
პირდაპირი,0,0,0,0,0,0,1,0,0,1
მაშინვე,0,0,0,0,0,0,0,0,0,0
დაძაბული,1,0,0,0,0,1,0,0,0,0
სრუტე,0,0,0,0,0,0,0,0,0,0
სრუტეები,0,0,0,1,0,1,0,0,0,0
ძაფი,0,0,0,0,0,0,0,0,0,0
მიჯაჭვული,0,0,0,0,0,1,0,0,0,0
უცნობი,0,0,0,1,0,1,0,0,0,0
დაახრჩო,1,0,1,1,0,1,0,1,1,0
სამაჯური,0,0,0,0,0,0,0,0,0,0
strapping,0,0,0,0,0,0,0,0,0,0
ფენები,0,0,0,0,0,0,0,0,0,0
სტრატეგიული,0,0,0,0,0,0,1,0,0,0
სტრატეგი,0,1,0,0,0,0,1,0,0,1
სტრატეგია,0,0,0,0,0,0,0,0,0,0
სტრატიფიკაცია,0,0,0,0,0,0,0,0,0,0
ფენა,0,0,0,0,0,0,0,0,0,0
ფენა,0,0,0,0,0,0,0,0,0,0
ჩალის,0,0,0,0,0,0,0,0,0,0
მაწანწალა,0,0,0,0,0,1,0,0,0,0
სტრიქონი,0,0,0,0,0,0,0,0,0,0
ზოლიანი,0,0,0,0,0,0,0,0,0,0
ნაკადი,0,0,0,0,0,0,0,0,0,0
ნაკადი,0,0,0,0,0,0,0,0,0,0
ნაკადი,0,0,0,0,0,0,0,0,0,0
ქუჩა,0,0,0,0,0,0,0,0,0,0
ძალა,0,0,0,0,0,0,1,0,0,1
გამაგრება,0,0,0,0,0,0,1,0,0,0
გაძლიერება,0,0,0,0,1,0,1,0,0,1
დაძაბული,0,0,0,0,0,0,0,0,0,0
სტრესი,0,0,0,0,0,1,0,0,0,0
გაჭიმვა,0,0,0,0,0,0,0,0,0,0
საკაცე,0,0,0,1,0,0,0,1,0,0
დარტყმული,0,0,0,0,0,0,0,1,0,0
ნაბიჯი,0,0,0,0,0,0,0,0,0,0
ჩხუბი,1,0,0,0,0,1,0,0,0,0
გაფიცვა,1,0,0,0,0,1,0,0,0,0
გასაოცარი,0,0,0,0,0,0,1,0,0,0
გასაოცრად,0,0,0,0,0,0,1,0,0,0
სიმებიანი,0,0,0,0,0,0,0,0,0,0
სიმებიანი,0,0,0,0,0,0,0,0,0,0
ზოლები,0,0,0,0,0,1,0,1,0,0
ზოლი,0,0,0,0,0,1,0,0,0,0
გაშიშვლებული,1,1,1,1,0,1,0,1,0,0
ისწრაფოდეს,0,1,0,0,0,0,0,0,0,0
სტრობი,0,0,0,0,0,0,0,0,0,0
ინსულტი,0,0,0,1,0,1,0,1,0,0
გასეირნება,0,0,0,0,0,0,0,0,0,0
ციხესიმაგრე,0,0,0,0,0,0,0,0,0,0
ძლიერად,0,0,0,0,0,0,1,0,0,0
სტრუქტურული,0,0,0,0,0,0,0,0,0,1
სტრუქტურა,0,0,0,0,0,0,1,0,0,1
ბრძოლა,1,0,0,1,0,1,0,1,0,0
სტრატი,0,0,0,0,0,1,0,0,0,0
ნაღველი,0,0,0,0,0,0,0,0,0,0
სიჯიუტე,0,0,0,0,0,0,0,0,0,0
ჯიუტი,0,0,0,0,0,0,0,0,0,0
სტიქია,0,0,0,0,0,0,0,0,0,0
ჩარჩენილი,0,0,0,0,0,0,0,0,0,0
stud,0,0,0,0,0,0,1,0,0,0
შეჭედილი,0,0,0,0,0,0,0,0,0,0
სტუდენტი,0,0,0,0,0,0,0,0,0,0
შეისწავლა,0,0,0,0,0,0,0,0,0,0
სტუდია,0,0,0,0,0,0,0,0,0,0
სწავლა,0,0,0,0,0,0,1,0,0,0
ნივთები,0,0,0,0,0,0,0,0,0,0
ჩაყრა,0,0,0,0,0,0,0,0,0,0
ჩახლეჩილი,0,0,0,0,0,1,0,0,0,0
დაბრკოლება,0,0,0,0,0,1,0,0,0,0
ღერო,0,0,0,0,0,0,0,0,0,0
გაოგნებული,0,0,0,1,0,1,0,0,1,0
ტრიუკი,0,0,0,0,0,0,0,0,0,0
ჩამორჩენილი,0,0,0,0,0,1,0,0,0,0
საოცარი,0,0,0,0,0,0,0,0,0,0
სულელი,0,0,0,0,0,1,0,0,0,0
სისულელე,0,0,0,0,0,1,0,0,0,0
სისულელე,0,0,0,0,0,1,0,0,0,0
მტკიცე,0,0,0,0,0,0,1,0,0,0
ზუთხი,0,0,0,0,0,0,0,0,0,0
წუწუნი,0,0,0,0,0,0,0,0,0,0
სტიქია,0,0,1,0,0,1,0,0,0,0
სტილი,0,0,0,0,0,0,0,0,0,0
ელეგანტური,0,0,0,0,0,0,0,0,0,0
სუბატომიური,0,0,0,0,0,0,0,0,0,0
ქვეკომიტეტი,0,0,0,0,0,0,0,0,0,0
ქვეცნობიერი,0,0,0,0,0,0,0,0,0,0
კანქვეშა,0,0,0,0,0,0,0,0,0,0
დაყოფა,0,0,0,0,0,0,0,0,0,0
ქვედანაყოფი,0,0,0,0,0,0,0,0,0,0
სუბდუქცია,0,0,0,0,0,0,0,0,0,0
დამორჩილება,0,0,0,0,0,1,0,0,0,0
დაიმორჩილა,0,0,0,0,0,0,0,0,0,0
სუბიტო,0,0,0,0,0,0,0,0,1,0
საგანი,0,0,0,0,0,1,0,0,0,0
დაექვემდებარა,0,0,0,0,0,1,0,1,0,0
დამორჩილება,0,0,0,0,0,1,0,0,0,0
სუბიექტური,0,0,0,0,0,0,0,0,0,0
დამორჩილება,1,0,1,1,0,1,0,1,0,0
სუბლიმაცია,0,0,0,0,1,0,1,0,0,0
სუბლიმინალური,0,0,0,0,0,0,0,0,0,0
წყალქვეშა ნავი,0,0,0,0,0,0,0,0,0,0
ჩაძირული,0,0,0,0,0,0,0,0,0,0
წყალქვეშა,0,0,0,0,0,0,0,0,0,0
წარდგენა,0,0,0,0,0,0,0,0,0,0
წარადგინოს,0,1,0,0,0,0,0,0,0,0
დაქვემდებარებული,0,0,0,1,0,1,0,0,0,0
დაქვემდებარება,0,0,0,0,0,0,0,0,0,0
ქვენაკვეთი,0,0,0,0,0,0,0,0,0,0
გამოძახება,0,0,0,0,0,1,0,0,0,0
გამოწერა,0,1,0,0,0,0,0,0,0,0
გამოწერა,0,0,0,0,0,0,0,0,0,0
შემდგომი მიმდევრობა,0,0,0,0,0,0,0,0,0,0
შემდგომი,0,0,0,0,0,0,0,0,0,0
შემდგომში,0,0,0,0,0,0,0,0,0,0
ქვეჯგუფი,0,0,0,0,0,0,0,0,0,0
ჩაცხრება,0,0,0,0,0,0,0,0,0,0
ჩაძირვა,0,0,0,0,0,1,0,1,0,0
შვილობილი,0,0,0,0,0,0,0,0,0,0
სუბსიდირებას,0,0,0,0,0,0,0,0,0,0
სუბსიდირება,1,0,1,0,0,1,0,0,0,0
იარსებებს,0,0,0,0,0,1,0,0,0,0
საარსებო მინიმუმი,0,0,0,0,0,0,0,0,0,0
წიაღისეული,0,0,0,0,0,0,0,0,0,0
ნივთიერება,0,0,0,0,0,0,1,0,0,0
არსებითად,0,0,0,0,0,0,0,0,0,0
დასაბუთება,0,0,0,0,0,0,0,0,0,1
არსებითი,0,0,0,0,0,0,1,0,0,0
შემცვლელი,0,0,0,0,0,0,0,0,0,0
ჩანაცვლებული,0,0,0,0,0,0,0,0,0,0
ცვლილება,0,0,0,0,0,0,0,0,0,0
სუბსტრუქტურა,0,0,0,0,0,0,0,0,0,0
მიწისქვეშა,0,0,0,0,0,0,0,0,0,0
დახვეწილი,0,0,0,0,0,0,0,0,0,0
დახვეწილობა,0,0,0,0,0,0,0,0,0,0
გამოკლება,0,0,0,0,0,1,0,0,0,0
გამოკლება,0,0,0,0,0,0,0,0,0,0
ქვეტიპი,0,0,0,0,0,0,0,0,0,0
გარეუბანი,0,0,0,0,0,0,0,0,0,0
საგარეუბნო,0,0,0,0,0,0,0,0,0,0
გარეუბნები,0,0,0,0,0,0,0,0,0,0
დივერსია,1,0,0,1,0,1,0,0,0,0
დივერსიული,1,0,0,0,0,1,0,0,1,0
დაამხო,0,0,1,1,0,1,0,1,0,0
მეტრო,0,0,0,0,0,0,0,0,0,0
წარმატების მიღწევა,0,1,0,0,1,0,1,0,1,1
წარმატებული,0,1,0,0,1,0,1,0,0,1
წარმატება,0,1,0,0,1,0,1,0,0,0
წარმატებული,0,1,0,0,1,0,1,0,0,1
მემკვიდრეობა,0,0,0,0,0,0,0,0,0,0
თანმიმდევრული,0,0,0,0,0,0,0,0,0,0
მემკვიდრე,0,0,0,0,0,0,0,0,0,0
ლაკონური,0,0,0,0,0,0,1,0,0,0
წვნიანი,0,0,0,0,0,1,1,0,0,0
დანებდება,0,0,0,0,0,1,0,0,0,0
წოვს,0,0,0,0,0,1,0,0,0,0
მწოვარი,1,0,0,0,0,1,0,0,0,0
წოვას,0,0,0,0,0,0,0,0,0,0
ძუძუთი,0,0,0,0,0,0,0,0,0,0
შეწოვა,0,0,0,0,0,0,0,0,0,0
მოულოდნელი,0,0,0,0,0,0,0,0,1,0
მოულოდნელად,0,0,0,0,0,0,0,0,1,0
სარჩელი,1,0,0,0,0,1,0,1,0,0
განიცდიან,0,0,0,0,0,1,0,0,0,0
დაავადებული,0,0,0,1,0,1,0,1,0,0
ტანჯვა,0,0,1,1,0,1,0,1,0,0
საკმარისი,0,0,0,0,0,0,0,0,0,0
საკმარისობა,0,0,0,0,0,0,1,0,0,0
საკმარისი,0,0,0,0,0,0,0,0,0,0
საკმარისად,0,0,0,0,0,0,0,0,0,0
სუფიქსი,0,0,0,0,0,0,0,0,0,0
მახრჩობელა,0,0,1,1,0,1,0,1,0,0
დახრჩობა,1,0,0,1,0,1,0,0,0,0
შაქარი,0,0,0,0,0,0,1,0,0,0
ვარაუდობენ,0,0,0,0,0,0,0,0,0,1
წინადადება,0,0,0,0,0,0,0,0,0,0
დამაფიქრებელი,0,0,0,0,0,0,0,0,0,0
თვითმკვლელი,1,0,1,1,0,1,0,1,0,0
თვითმკვლელობა,1,0,0,1,0,1,0,1,0,0
კოსტიუმი,0,0,0,0,0,0,0,0,0,0
შესაფერისი,0,0,0,0,0,0,1,0,0,0
ლუქსი,0,0,0,0,0,0,0,0,0,0
მოსარჩელე,0,0,0,0,0,0,0,0,0,0
დაბნეული,1,0,0,0,0,1,0,1,0,0
გოგირდის,0,0,0,0,0,0,0,0,0,0
სულთანი,0,0,0,1,0,0,0,0,0,0
მწველი,0,0,0,0,0,0,1,0,0,0
ჯამი,0,0,0,0,0,0,0,0,0,0
მოკლედ,0,0,0,0,0,0,0,0,0,0
შეჯამება,0,0,0,0,0,0,0,0,0,0
შემაჯამებელი,0,0,0,0,0,0,0,0,0,0
შეჯამება,0,0,0,0,0,0,0,0,0,0
ზაფხულის,0,0,0,0,0,0,0,0,0,0
სამიტი,0,0,0,0,0,0,0,0,0,0
გამოძახება,0,0,0,0,0,0,0,0,0,0
გამოძახება,0,0,0,0,0,1,0,0,0,0
სუმოს,0,0,0,0,0,0,0,0,0,0
ნაგავსაყრელი,0,0,1,0,0,0,0,0,0,0
მდიდრული,0,0,0,0,0,0,0,0,0,0
მზე,0,1,0,0,1,0,1,0,1,1
მზის სხივი,0,0,0,0,0,0,0,0,0,0
მზის საათი,0,1,0,0,0,0,0,0,0,1
მზის ჩასვლა,0,0,0,0,0,0,0,0,0,0
სხვადასხვა,0,0,0,0,0,0,0,0,0,0
მზის სათვალე,0,0,0,0,0,0,0,0,0,0
სათვალე,0,0,0,0,0,0,0,0,0,0
ჩაიძირა,0,0,1,1,0,1,0,1,0,0
მზის გარეშე,0,0,0,0,0,0,0,0,0,0
მზის შუქი,0,0,0,0,0,0,0,0,0,0
მზიანი,0,1,0,0,1,0,1,0,1,0
მზის ამოსვლა,0,0,0,0,0,0,0,0,0,0
ჩასვლა,0,1,0,0,0,0,1,0,0,0
მზის შუქი,0,0,0,0,1,0,1,0,0,0
პენსია,0,0,0,0,0,0,0,0,0,0
შესანიშნავი,0,0,0,0,0,0,1,0,0,0
ზედაპირული,0,0,0,0,0,1,0,0,0,0
ზედმეტი,0,0,0,0,0,1,0,0,0,0
ზეადამიანური,0,0,0,0,0,0,1,0,0,0
ზედდადგმული,0,0,0,0,0,0,0,0,0,0
ზედამხედველი,0,0,0,0,0,0,0,0,0,0
უმაღლესი,0,0,0,0,0,0,1,0,0,0
უპირატესობა,0,0,0,0,0,0,1,0,0,0
უზენაესი,0,0,0,0,0,0,0,0,0,0
სუპერმენი,0,0,0,0,1,0,1,0,0,1
სუპერმარკეტი,0,0,0,0,0,0,0,0,0,0
სუპერნატანტი,0,0,0,0,0,0,0,0,0,0
ზებუნებრივი,0,0,0,0,0,0,0,0,0,0
სუპერპოზიცია,0,0,0,0,0,0,0,0,0,0
ანაცვლებს,0,0,0,0,0,0,0,0,0,0
სუპერვარსკვლავი,0,0,0,0,1,0,1,0,0,1
ცრურწმენა,0,0,0,1,0,1,1,0,0,0
ცრუმორწმუნე,0,1,0,1,0,1,0,0,0,0
ზედამხედველობა,0,0,0,0,0,0,0,0,0,0
ზედამხედველობა,0,0,0,0,0,0,0,0,0,0
ზედამხედველი,0,0,0,0,0,0,0,0,0,0
ვახშამი,0,0,0,0,0,0,0,0,0,0
ჩანაცვლება,0,0,0,0,0,0,0,0,0,0
ელასტიური,0,0,0,0,0,0,0,0,0,0
დანამატი,0,0,0,0,0,0,0,0,0,0
დამატებითი,0,0,0,0,0,0,0,0,0,0
დამატებითი,0,0,0,0,0,0,0,0,0,0
ვედრება,0,0,0,0,0,0,1,0,0,1
მარაგები,0,0,0,0,0,0,1,0,0,0
მიწოდება,0,0,0,0,0,0,1,0,0,0
მხარი დაუჭირა,0,0,0,0,0,0,1,0,0,0
მხარდამჭერი,0,0,0,0,1,0,1,0,0,1
მხარდამჭერები,0,0,0,0,0,0,0,0,0,0
მხარდამჭერი,0,0,0,0,0,0,1,0,0,1
დავუშვათ,0,0,0,0,0,0,0,0,0,0
ვარაუდით,0,0,0,0,0,0,0,0,0,0
ვარაუდი,0,0,0,0,0,0,0,0,0,0
ჩაახშო,1,0,0,1,0,1,0,1,0,0
ჩახშობა,1,0,1,1,0,1,0,0,0,0
უზენაესობა,1,1,0,1,1,1,1,0,1,1
უზენაესი,0,0,0,0,0,0,1,0,0,0
უზენაესად,0,0,0,0,0,0,1,0,0,0
დამატებითი გადასახადი,1,0,0,0,0,1,0,0,0,0
თავდებობა,0,0,0,0,0,0,1,0,0,1
სერფინგი,0,0,0,0,0,0,0,0,0,0
ზედაპირი,0,0,0,0,0,0,0,0,0,0
ტალღა,0,0,0,0,0,0,0,0,1,0
ქირურგი,0,0,0,0,0,0,0,0,0,0
ოპერაცია,0,0,0,1,0,0,0,1,0,0
საზიზღარი,1,0,1,0,0,1,0,0,0,0
ვარაუდი,0,0,0,0,0,0,1,0,0,0
გვარი,0,0,0,0,0,0,0,0,0,0
აღემატება,0,0,0,0,0,0,1,0,0,0
ჭარბი,0,0,0,0,0,0,0,0,0,0
გაოცება,0,0,0,1,1,0,1,0,1,0
გაკვირვებული,0,0,0,0,0,0,0,0,1,0
გასაკვირი,0,0,0,0,0,0,0,0,1,0
საოცრად,0,1,0,0,0,0,0,0,1,0
დანებება,0,0,0,1,0,1,0,1,0,0
დანებება,0,0,0,0,0,1,0,1,0,0
სუროგატი,0,0,0,0,0,0,0,0,0,1
გარშემორტყმული,0,1,0,0,0,1,1,0,0,0
მიმდებარე,0,0,0,0,0,0,0,0,0,0
შემოგარენი,0,0,0,0,0,0,0,0,0,0
მეთვალყურეობა,0,0,0,1,0,0,0,0,0,0
გამოკითხვა,0,0,0,0,0,0,0,0,0,0
გამოკითხვა,0,0,0,0,0,0,1,0,0,0
ამზომველი,0,0,0,0,0,0,0,0,0,0
გადარჩენა,0,0,0,0,0,0,0,0,0,0
გადარჩება,0,0,0,0,0,0,1,0,0,0
გადარჩენილი,0,0,0,0,0,0,0,0,0,0
მგრძნობელობა,0,0,0,0,0,0,0,0,0,0
მგრძნობიარე,0,0,0,0,0,1,0,0,0,0
ეჭვმიტანილი,0,0,0,1,0,1,0,0,0,0
ეჭვმიტანილი,0,0,0,0,0,0,0,0,0,0
შეაჩეროს,0,0,0,0,0,0,0,0,0,0
შეჩერებული,0,0,0,0,0,0,0,0,0,0
საკიდრები,0,0,0,0,0,0,0,0,0,0
შეჩერება,0,1,0,1,0,0,0,0,1,0
შეჩერება,0,0,0,1,0,1,0,0,0,0
ეჭვი,0,0,0,1,0,1,0,0,0,0
ეჭვები,0,0,0,0,0,0,0,0,0,0
საეჭვო,1,1,0,0,0,1,0,0,0,0
შენარჩუნებული,0,0,0,0,0,0,0,0,0,0
სარჩო,0,0,0,0,0,0,0,0,0,0
ნაკერი,0,0,0,0,0,0,0,0,0,0
ტამპონი,0,0,0,0,0,1,0,0,0,0
სვაგი,0,0,0,0,0,0,0,0,0,0
თაღლითობა,0,0,0,0,0,0,0,0,0,0
მერცხალი,0,0,0,0,0,0,0,0,0,0
ჭაობი,0,0,1,1,0,1,0,0,0,0
დაჭაობებული,0,0,0,0,0,0,0,0,0,0
ჭაობიანი,0,0,1,1,0,1,0,0,0,0
გედი,0,0,0,0,0,0,0,0,0,0
გაცვლა,0,0,0,0,0,0,0,0,0,0
ხროვა,0,0,1,0,0,0,0,0,0,0
ჟრუანტელი,0,0,0,0,0,0,0,0,0,0
სვასტიკა,1,0,0,1,0,1,0,0,0,0
რხევა,0,0,0,0,0,0,0,0,0,0
გეფიცები,0,0,0,0,0,0,1,0,0,1
გინება,0,0,0,0,0,0,0,0,0,0
ოფლი,0,0,0,1,0,0,0,0,0,0
სვიტერი,0,0,0,0,0,0,0,0,0,0
ოფლიანობა,0,0,0,0,0,0,0,0,0,0
წმენდა,0,0,0,0,0,0,0,0,0,0
სვირინგი,0,0,0,0,0,0,0,0,0,0
ტკბილი,0,1,0,0,1,0,1,0,1,1
დატკბება,0,0,0,0,0,0,0,0,0,0
ტკბილი,0,0,0,0,0,0,0,0,0,0
დამატკბობელი,0,0,0,0,0,0,0,0,0,0
საყვარელო,0,1,0,0,1,0,1,1,0,1
ტკბილო,0,0,0,0,0,0,1,0,0,0
სიტკბოს,0,0,0,0,0,0,1,0,0,0
ტკბილეული,0,1,0,0,1,0,1,0,0,0
შეშუპება,0,0,0,0,0,0,0,0,0,0
შეშუპება,0,0,0,1,0,1,0,0,0,0
გაწბილებული,0,0,0,0,0,0,0,0,0,0
გადახვევა,0,0,0,1,0,0,0,0,1,0
სწრაფი,0,0,0,0,0,0,1,0,0,0
სწრაფად,0,0,0,0,0,0,0,0,0,0
სვიგი,0,0,1,0,0,1,0,0,0,0
ცურვა,0,1,0,1,1,0,1,0,0,0
ცურვა,0,0,0,0,0,0,0,0,0,0
ღორი,0,0,1,0,0,1,0,0,0,0
საქანელა,0,0,0,0,0,0,0,0,0,0
რხევა,0,0,0,0,0,0,0,0,0,0
რხევა,0,0,0,0,0,0,0,0,0,0
შეცვლა,0,0,0,0,0,0,0,0,0,0
მბრუნავი,0,0,0,0,0,0,0,0,0,0
ადიდებულმა,0,0,0,0,0,1,0,0,0,0
ცვენა,0,0,0,0,0,0,0,0,0,0
swoop,0,0,0,0,0,0,0,0,0,0
ხმალი,0,0,0,0,0,0,0,0,0,0
მარცვალი,0,0,0,0,0,0,0,0,0,0
სასწავლო პროგრამა,0,0,0,0,0,0,0,0,0,0
სიმბოლო,0,0,0,0,0,0,0,0,0,0
სიმბოლური,0,0,0,0,0,0,1,0,0,0
სიმბოლურად,0,0,0,0,0,0,0,0,0,0
სიმბოლიკა,0,0,0,0,0,0,0,0,0,0
სიმბოლო,0,0,0,0,0,0,0,0,0,0
სიმეტრიული,0,0,0,0,0,0,0,0,0,0
სიმეტრიული,0,0,0,0,0,0,1,0,0,0
სიმეტრია,0,0,0,0,1,0,1,0,0,1
სიმპატიური,0,0,0,1,1,0,1,1,0,1
თანაუგრძნობს,0,0,0,0,0,0,0,1,0,0
თანაგრძნობა,0,0,0,0,0,0,1,1,0,0
სიმფონია,0,1,0,0,1,0,1,0,0,0
სიმპტომი,0,0,0,0,0,1,0,0,0,0
სიმპტომური,0,0,0,0,0,0,0,0,0,0
სინაგოგა,0,0,0,0,0,0,0,0,0,0
სინქრონიზაცია,0,1,0,0,1,0,1,0,1,1
სინქრონული,0,0,0,0,0,0,0,0,0,0
სინკოპე,0,0,0,1,0,1,0,1,1,0
სინდიკატი,0,0,0,0,0,0,0,0,0,0
სინერგიული,0,0,0,0,0,0,1,0,0,1
სინერგია,0,0,0,0,0,0,0,0,0,0
სინოდი,0,0,0,0,0,0,1,0,0,1
სინონიმი,0,0,0,0,0,0,0,0,0,0
სინონიმი,0,0,0,1,0,1,1,0,0,1
მოკლე შინაარსი,0,0,0,0,0,0,0,0,0,0
სინოპტიკური,0,0,0,0,0,0,0,0,0,0
სინტაქსი,0,0,0,0,0,0,0,0,0,0
სინთეზი,0,0,0,0,0,0,0,0,0,0
სინთეტიკური,0,0,0,0,0,0,0,0,0,0
შპრიცი,0,0,0,1,0,0,0,0,0,0
სიროფი,0,0,0,0,0,0,0,0,0,0
სისტემა,0,0,0,0,0,0,0,0,0,1
სისტემატური,0,0,0,0,0,0,0,0,0,0
სისტემატურად,0,0,0,0,0,0,0,0,0,0
ტაბი,0,0,0,0,0,0,0,0,0,0
კარავი,0,0,0,0,0,0,0,0,0,0
მაგიდა,0,0,0,0,0,0,0,0,0,0
ცხრილი,0,0,0,0,0,0,0,0,0,0
სუფრის კოვზი,0,0,0,0,0,0,0,0,0,0
ტაბლეტი,0,0,0,0,0,0,0,0,0,0
ჭურჭელი,0,0,0,0,0,0,0,0,0,0
ტაბუდადებული,0,0,1,1,0,1,0,0,0,0
ცხრილის,0,0,0,0,0,0,0,0,0,0
ცხრილი,0,1,0,0,0,0,0,0,0,0
ცხრილების შედგენა,0,0,0,0,0,0,0,0,0,0
ტაქომეტრი,0,0,0,0,0,0,0,0,0,0
ჩუმად,0,0,0,0,0,0,0,0,0,0
წებოვანი,0,0,0,0,0,0,0,0,0,0
დაძლევა,1,0,0,0,0,0,0,0,1,0
დაძლევა,0,0,0,0,0,0,0,0,0,0
წებოვანი,0,0,0,0,0,0,0,0,0,0
ტაქტიკა,0,0,0,0,0,0,1,0,0,0
ტაქტიკა,0,0,0,1,0,0,0,0,0,1
ტაქტილური,0,0,0,0,0,0,0,0,0,0
ტაფტა,0,0,0,0,0,0,0,0,0,0
ტაფი,0,0,0,0,0,0,0,0,0,0
ტეგი,0,0,0,0,0,0,0,0,0,0
კუდი,0,0,0,0,0,0,0,0,0,0
კუდიანი,0,0,0,0,0,0,0,0,0,0
ნარჩენები,0,0,0,0,0,0,0,0,0,0
მკერავი,0,0,0,0,0,0,0,0,0,0
სამკერვალო,0,0,0,0,0,0,0,0,0,0
დაბინძურება,0,0,0,0,0,1,0,1,0,0
მიმღები,0,0,0,0,0,0,0,0,0,0
ზღაპარი,0,0,0,0,0,0,1,0,0,0
ნიჭი,0,0,0,0,0,0,1,0,0,0
ნიჭიერი,0,0,0,0,0,0,0,0,0,0
ტალიმენი,0,0,0,0,0,0,1,0,0,0
საუბარი,0,0,0,0,0,0,1,0,0,0
ლაპარაკი,0,0,0,0,0,0,0,0,0,0
მოსაუბრე,0,0,0,0,0,0,0,0,0,0
მაღალი,0,0,0,0,0,0,0,0,0,0
ანგარიშები,0,0,0,0,0,0,0,0,0,0
ჭუჭყიანი,0,0,0,0,0,0,0,0,0,0
ანგარიში,0,0,0,0,0,0,0,0,0,0
ტალონები,1,0,0,1,0,1,0,0,0,0
ტამბური,0,0,0,0,0,0,0,0,0,0
მოთვინიერება,0,0,0,0,0,0,0,0,0,0
რუჯი,0,0,0,0,0,0,0,0,0,0
ტანდემი,0,0,0,0,0,0,0,0,0,1
ტანგი,0,0,0,0,0,0,0,0,0,0
ტანგენსი,0,0,0,0,0,0,0,0,0,0
ჩახლართული,0,0,0,0,0,0,0,0,0,0
ჩახლართული,0,0,0,0,0,1,0,0,0,0
ტანკი,0,0,0,0,0,0,0,0,0,0
გარუჯული,0,0,0,0,0,0,1,0,0,0
ტანჯული,0,1,0,0,1,1,1,0,1,0
ტოლფასი,0,0,0,0,0,0,0,0,0,1
ჩამოსასხმელი,0,0,0,0,0,0,0,0,0,0
ფირზე,0,0,0,0,0,0,0,0,0,0
კონუსური,0,0,0,0,0,0,0,0,0,0
შეკუმშვა,0,0,0,0,0,0,0,0,0,0
გობელენი,0,0,0,0,0,0,0,0,0,0
tar,0,0,0,0,0,0,0,0,0,0
დაგვიანება,0,0,0,0,0,1,0,0,0,0
დაგვიანებული,0,0,0,0,0,1,0,0,0,0
სამიზნე,0,0,0,0,0,0,0,0,0,0
ტარიფი,1,0,1,0,0,1,0,0,0,0
დაბინდვა,0,0,1,0,0,1,0,1,0,0
დაყოვნებული,0,0,0,0,0,1,0,0,0,0
ტორტი,0,0,0,0,0,0,0,0,0,0
ტარტანი,0,0,0,0,0,0,0,0,0,0
ტარტარი,0,0,0,0,0,0,0,0,0,0
დავალება,0,0,0,0,0,0,1,0,0,0
თასელი,0,0,0,0,0,0,0,0,0,0
გემო,0,0,0,0,0,0,0,0,0,0
გემოვნებიანი,0,0,0,0,0,0,1,0,0,0
უგემოვნო,0,0,1,0,0,1,0,0,0,0
დეგუსტაცია,0,0,0,0,0,0,0,0,0,0
გემრიელი,0,0,0,0,0,0,1,0,0,0
ტატ,0,0,0,0,0,0,0,0,0,0
ტატუ,0,0,0,0,0,0,0,0,0,0
ასწავლიდა,0,0,0,0,0,0,0,0,0,1
დაცინვა,1,0,0,1,0,1,0,1,0,0
დაძაბული,0,0,0,0,0,0,0,0,0,0
ტავერნა,0,0,0,0,0,0,0,0,0,0
ყავისფერი,0,0,1,0,0,0,0,0,0,0
გადასახადი,0,0,0,0,0,1,0,1,0,0
ტაქსი,0,0,0,0,0,0,0,0,0,0
ტაქსონომია,0,0,0,0,0,0,0,0,0,0
ჩაი,0,0,0,0,0,0,0,0,0,0
ასწავლე,0,0,0,0,1,0,1,0,1,1
მასწავლებელი,0,0,0,0,0,0,1,0,0,1
სწავლება,0,0,0,0,0,0,0,0,0,0
გუნდი,0,0,0,0,0,0,0,0,0,1
ცრემლიანი,0,0,1,1,0,0,0,1,0,0
ცელქი,1,1,0,0,0,1,0,1,0,0
თიზერი,0,0,0,0,0,0,0,0,0,0
ცელქი,1,0,0,1,0,1,0,0,0,0
ძუძუ,0,0,0,0,0,0,0,0,0,0
ტექნიკური,0,0,0,0,0,0,0,0,0,0
ტექნიკურობა,0,0,0,0,0,0,0,0,0,0
ტექნიკოსი,0,0,0,0,0,0,0,0,0,0
ტექნოლოგია,0,0,0,0,0,0,1,0,0,0
ტედ,0,0,0,0,0,0,0,0,0,0
დამღლელი,0,0,0,0,0,1,0,0,0,0
მობეზრებული,0,0,0,0,0,1,0,0,0,0
აყვავებული,0,0,1,0,0,0,0,0,0,0
თინეიჯერები,0,0,0,0,0,1,1,0,0,0
კბილები,0,0,0,0,0,0,0,0,0,0
ტეფლონი,0,0,0,0,0,0,0,0,0,0
დეპეშა,0,0,0,0,0,0,0,0,0,0
ტელეგრაფი,0,0,0,0,0,0,0,0,0,0
ტელეფონი,0,0,0,0,0,0,0,0,0,0
ტელესკოპი,0,0,0,0,0,0,0,0,0,0
ტელესკოპური,0,0,0,0,0,0,0,0,0,0
ტელევიზია,0,0,0,0,0,0,0,0,0,0
მთხრობელი,0,0,0,0,0,0,0,0,0,0
თქმა,0,0,0,0,0,0,0,0,0,0
ზღაპრის მოყოლა,0,0,0,0,0,0,0,0,0,0
ხასიათი,0,0,0,0,0,0,0,0,0,0
ტემპერა,0,0,0,0,0,0,0,0,0,0
ტემპერამენტი,0,0,0,0,0,0,0,0,0,0
ზომიერება,0,0,0,0,0,0,1,0,0,0
ზომიერი,0,0,0,0,0,0,0,0,0,1
ტემპერატურა,0,0,0,0,0,0,0,0,0,0
დათრგუნული,0,0,0,0,0,0,1,0,0,0
ქარიშხალი,1,1,0,1,0,1,0,1,1,0
ტაძარი,0,0,0,0,0,0,0,0,0,0
დროებითი,0,0,0,0,0,0,0,0,0,0
დროებით,0,0,0,0,0,0,0,0,0,0
დროებითი,0,0,0,0,0,0,0,0,0,0
ცდუნება,0,0,0,0,0,0,0,0,0,0
ცდუნება,0,0,0,0,0,1,0,0,0,0
მაცდური,0,0,0,0,0,0,0,0,0,0
ათი,0,0,0,0,0,0,0,0,0,0
გამძლე,0,0,0,0,0,0,1,0,0,0
დაჟინებული,0,0,0,0,0,0,1,0,0,0
გამძლეობა,0,0,0,0,0,0,1,0,0,0
ქირავნობა,0,0,0,0,0,0,1,0,0,0
მოიჯარე,0,0,0,0,0,0,1,0,0,0
ტენდენცია,0,0,0,0,0,0,0,0,0,0
სატენდერო,0,0,0,0,1,0,1,0,0,1
სინაზეს,0,0,0,0,1,0,1,0,0,0
მზრუნველობა,0,0,0,0,0,0,0,0,0,0
მყესის,0,0,0,0,0,0,0,0,0,0
ბინა,0,0,0,0,0,1,0,0,0,0
დოგმა,0,0,0,0,0,0,0,0,0,0
პრინციპები,0,0,0,0,0,0,0,0,0,0
ათჯერ,0,0,0,0,0,0,0,0,0,0
ჩოგბურთი,0,0,0,0,0,0,0,0,0,0
დაძაბული,0,0,0,0,0,0,0,0,0,0
დაძაბულობის,0,0,0,0,0,0,0,0,0,0
დაძაბულობა,1,0,0,0,0,0,0,0,0,0
კარავი,0,0,0,0,0,0,0,0,0,0
საცეცები,0,0,0,0,0,0,0,0,0,0
სავარაუდო,0,0,0,0,0,0,0,0,0,0
მეათე,0,0,0,0,0,0,0,0,0,0
მეათედი,0,0,0,0,0,0,0,0,0,0
სუსტი,0,0,0,0,0,0,0,0,0,0
ვადა,0,0,0,0,0,0,0,0,0,0
მდუღარე,0,0,0,0,0,0,0,0,0,0
ვადა,0,0,0,0,0,0,0,0,0,0
ტერმინალი,0,0,0,1,0,1,0,1,0,0
შეწყვიტოს,0,0,0,0,0,0,0,1,0,0
შეწყვეტა,0,0,0,0,0,1,0,1,0,0
ტერმინალი,0,0,0,0,0,0,0,0,0,0
ტერმიტი,0,0,1,0,0,1,0,0,0,0
ვადები,0,0,0,0,0,0,0,0,0,0
ტერნი,0,0,0,0,0,0,0,0,0,0
სამეული,0,0,0,0,0,0,0,0,0,0
ტერასა,0,0,0,0,0,0,0,0,0,0
ხმელეთის,0,0,0,0,0,0,0,0,0,0
საშინელი,1,0,1,1,0,1,0,1,0,0
საშინლად,0,0,0,0,0,0,0,1,0,0
ტერიერი,0,0,0,0,0,0,0,0,0,0
შესანიშნავი,0,0,0,0,0,0,0,1,0,0
ტერიტორიული,0,0,0,0,0,0,0,0,0,0
ტერიტორია,0,0,0,0,0,0,0,0,0,0
ტერორი,0,0,0,1,0,1,0,0,0,0
ტერორიზმი,1,0,1,1,0,1,0,1,0,0
ტერორისტი,1,0,1,1,0,1,0,1,1,0
ატერორებს,1,0,0,1,0,1,0,1,0,0
მოკლე,0,0,0,0,0,0,0,0,0,0
მესამეული,0,0,0,0,0,0,0,0,0,0
ტესტი,0,0,0,0,0,0,0,0,0,0
ანდერძი,0,1,0,0,0,0,0,0,0,1
ჩვენება,0,0,0,0,0,0,0,0,0,0
ჩვენება,0,0,0,0,0,0,0,0,0,0
ჩვენება,0,0,0,0,0,0,0,0,0,1
ტეტანუსი,0,0,1,0,0,1,0,0,0,0
შეერთება,0,0,0,0,0,1,0,0,0,0
მიჯაჭვული,0,0,0,0,0,0,0,0,0,0
ოთხკუთხედი,0,0,0,0,0,0,0,0,0,0
ტექსტი,0,0,0,0,0,0,0,0,0,0
სახელმძღვანელო,0,0,0,0,0,0,0,0,0,0
ტექსტილის,0,0,0,0,0,0,0,0,0,0
ტექსტურული,0,0,0,0,0,0,0,0,0,0
ტექსტურა,0,0,0,0,0,0,0,0,0,0
მადლობელი,0,0,0,0,1,0,1,0,0,0
მადლიერება,0,0,0,0,1,0,1,0,0,0
ჩიხა,0,0,0,0,0,0,0,0,0,0
დათბობა,0,0,0,0,0,0,0,0,0,0
თეატრი,0,0,0,0,0,0,0,0,0,0
თეატრალური,0,0,0,0,0,0,0,0,0,0
ქურდობა,1,0,1,1,0,1,0,1,0,0
თეიზმი,0,0,1,0,0,1,0,0,0,0
თეისტური,0,0,0,0,0,0,0,0,0,0
თემა,0,0,0,0,0,0,0,0,0,0
თეოკრატია,0,0,0,0,0,0,0,0,0,0
თეოკრატიული,1,0,0,1,0,1,0,1,0,1
ღვთისმეტყველი,0,0,0,0,0,0,0,0,0,0
საღვთისმეტყველო,0,0,0,0,0,0,0,0,0,1
თეოლოგია,0,1,0,0,0,0,0,0,0,0
თეორემა,0,0,0,0,0,0,0,0,0,1
თეორიული,0,0,0,0,0,0,1,0,0,0
თეორია,0,1,0,0,0,0,0,0,0,1
თერაპიული,0,0,0,0,1,0,1,0,0,1
თერაპიული საშუალებები,0,0,0,0,0,0,1,0,0,0
დაახლოებით,0,0,0,0,0,0,0,0,0,0
მისი,0,0,0,0,0,0,0,0,0,0
ამასთან,0,0,0,0,0,0,0,0,0,0
თერმული,0,0,0,0,0,0,0,0,0,0
თერმოწყვილი,0,1,0,0,0,0,0,0,0,0
თერმოდინამიკა,0,0,0,0,0,0,0,0,0,0
თერმომეტრი,0,0,0,0,0,0,0,0,0,1
თერმოსტატი,0,0,0,0,0,0,0,0,0,0
თეზაურუსი,0,0,0,0,0,0,0,0,0,0
დისერტაცია,0,0,0,0,0,0,0,0,0,0
სქელი,0,0,0,0,0,0,0,0,0,0
შესქელება,0,0,0,0,0,0,0,0,0,0
გასქელება,0,0,0,0,0,0,0,0,0,0
სქელი,0,0,0,0,0,0,0,0,0,0
სისქე,0,0,0,0,0,0,0,0,0,0
ქურდი,1,0,1,1,0,1,0,1,1,0
თითი,0,0,0,0,0,0,0,0,0,0
გამხდარი,0,0,0,0,0,0,0,0,0,0
ნივთი,0,0,0,0,0,0,0,0,0,0
რამ,0,0,0,0,0,0,0,0,0,0
მოაზროვნე,0,0,0,0,0,0,1,0,0,0
ფიქრი,0,0,0,0,0,0,0,0,0,0
მესამედი,0,0,0,0,0,0,0,0,0,0
წყურვილი,0,1,0,0,0,0,0,1,1,0
მწყურვალი,0,0,0,0,0,1,0,0,0,0
ცამეტი,0,0,0,0,0,0,0,0,0,0
მეცამეტე,0,0,0,1,0,0,0,0,0,0
ეკალი,0,0,0,0,0,0,0,0,0,0
იქ,0,0,0,0,0,0,0,0,0,0
ტანგა,0,0,0,0,0,0,0,0,0,0
ეკალი,0,0,0,0,0,1,0,0,0,0
ეკლიანი,0,0,0,1,0,1,0,0,0,0
ჭკვიანური,0,0,0,0,0,0,1,0,0,0
მაგისტრალი,0,0,0,0,0,0,0,0,0,0
ფიქრობდა,0,1,0,0,0,0,0,0,0,0
გააზრებული,0,0,0,0,0,0,1,0,0,1
გააზრებულობა,0,0,0,0,0,0,1,0,0,0
დაუფიქრებელი,1,0,1,0,0,1,0,0,0,0
ფიქრები,0,0,0,0,0,0,0,0,0,0
ათასი,0,0,0,0,0,0,0,0,0,0
თრეში,1,0,1,1,0,1,0,1,0,0
ძაფი,0,0,0,0,0,0,0,0,0,0
მუქარა,1,0,0,1,0,1,0,0,0,0
იმუქრებიან,1,1,0,1,0,1,0,0,0,0
მუქარა,1,0,1,1,0,1,0,0,0,0
სამმაგი,0,0,0,0,0,0,0,0,0,0
თლილი,1,0,0,1,0,1,0,1,0,0
ბარიერი,0,0,0,0,0,0,0,0,0,0
სამჯერ,0,0,0,0,0,0,0,0,0,0
მეურნეობა,0,0,1,0,0,0,1,0,0,1
ეკონომიური,0,0,0,0,0,0,0,0,0,0
მღელვარება,0,1,0,1,1,0,1,0,1,0
ამაღელვებელი,0,1,0,0,1,0,1,0,1,0
აყვავებული,0,1,0,0,1,0,1,0,0,0
ყელი,0,0,0,0,0,0,0,0,0,0
throb,0,0,0,1,0,1,0,1,0,0
თრთოლვა,0,0,0,0,0,0,0,0,0,0
ტახტი,0,0,0,0,0,0,1,0,0,1
სიმრავლე,0,0,0,0,0,0,0,0,0,0
დროსელი,1,0,0,0,0,1,0,0,0,0
ჩააგდოს,0,0,0,0,0,0,0,0,0,0
შაშვი,0,0,0,0,0,0,0,0,0,0
ნდობა,0,0,0,0,0,0,0,0,0,0
ხმაური,0,0,0,0,0,0,0,0,0,0
ყაჩაღი,1,0,1,1,0,1,0,0,0,0
ცერა თითი,0,0,0,0,0,0,0,0,0,0
დარტყმა,1,0,0,0,0,1,0,0,0,0
ურტყამს,0,0,0,1,0,0,0,0,0,0
ქუხილი,0,0,0,0,0,0,0,0,0,0
ჭექა-ქუხილი,0,0,0,0,0,0,0,0,0,0
ჭექა-ქუხილი,1,0,0,1,0,1,0,0,0,0
ჭექა-ქუხილი,0,0,0,0,0,0,0,0,0,0
ჩაშლა,0,0,0,0,0,1,0,0,1,0
თიამი,0,0,0,0,0,0,0,0,0,0
დიადემა,0,0,0,0,0,0,0,0,0,0
ტკიპა,0,0,0,0,0,0,0,0,0,0
ტიკერი,0,0,0,0,0,0,0,0,0,0
ბილეთი,0,0,0,0,0,0,0,0,0,0
ტიკტიკი,0,1,0,0,1,0,1,0,1,1
ტიკტიკი,0,0,0,0,0,0,0,0,0,0
მოქცევის,0,0,0,0,0,0,0,0,0,0
წვრილმანი,0,0,0,0,0,0,0,0,0,0
ტალღა,0,0,0,0,0,0,0,0,0,0
ამბები,0,0,0,0,0,0,0,0,0,0
ჰალსტუხი,0,0,0,0,0,0,0,0,0,0
იარუსი,0,0,0,0,0,0,0,0,0,0
ტიფი,1,0,0,0,0,1,0,0,0,0
ვეფხვი,0,0,0,0,0,0,0,0,0,0
გამკაცრდეს,1,0,0,0,0,0,0,0,0,0
შებოჭილობა,0,0,0,0,0,0,0,0,0,0
კოლგოტები,0,0,0,0,0,0,0,0,0,0
ტილდი,0,0,0,0,0,0,0,0,0,0
ფილა,0,0,0,0,0,0,0,0,0,0
კრამიტით მოპირკეთება,0,0,0,0,0,0,1,0,0,0
სანამ,0,0,0,0,0,0,0,0,0,0
ნიადაგის დამუშავება,0,0,0,0,0,0,0,0,0,0
დამმუშავებელი,0,0,0,0,0,0,0,0,0,0
დახრილობა,0,0,0,0,0,0,0,0,0,0
დახრილი,0,0,0,0,0,0,0,0,0,0
ხე-ტყე,0,0,0,0,0,0,0,0,0,0
ტიმბერლენდი,0,0,0,0,0,0,0,0,0,0
ტემბრი,0,0,0,0,0,0,0,0,0,0
დრო,0,1,0,0,0,0,0,0,0,0
დროულობა,0,0,0,0,0,0,0,0,0,0
დროული,0,0,0,0,0,0,1,0,0,0
საათი,0,0,0,0,0,0,0,0,0,0
მორცხვი,0,0,0,1,0,1,0,1,0,0
გაუბედაობა,0,1,0,1,0,1,0,0,0,0
ქილა,0,0,0,0,0,0,0,0,0,0
ნაყენი,0,0,0,0,0,0,0,0,0,0
ტინე,0,0,0,0,0,0,0,0,0,0
ელფერი,0,0,0,0,0,0,0,0,0,0
ჩხვლეტა,0,0,0,0,0,0,0,0,0,0
ჩხვლეტა,0,0,0,0,0,0,0,0,0,0
ტინკერი,0,0,0,0,0,0,0,0,0,0
დალაგება,0,0,0,0,0,0,0,0,0,0
ტინიტუსი,0,0,0,0,0,0,0,0,0,0
tinsel,0,0,0,0,1,0,1,0,0,0
ელფერით,0,0,0,0,0,0,0,0,0,0
პაწაწინა,0,0,0,0,0,0,0,0,0,0
წვერი,0,0,0,0,0,0,0,0,0,0
წვრილმანი,0,0,0,0,0,1,0,0,0,0
ტირადა,1,0,1,0,0,1,0,0,0,0
საბურავი,0,0,0,0,0,0,0,0,0,0
დაღლილი,0,0,0,0,0,1,0,0,0,0
დაღლილობა,0,0,0,0,0,1,0,0,0,0
დამღლელი,0,0,0,0,0,1,0,0,0,0
ქსოვილის,0,0,0,0,0,0,0,0,0,0
ტიტი,0,0,0,0,0,1,0,0,0,0
ტიტანური,0,0,0,0,0,0,0,0,0,0
მეათედი,0,0,0,0,0,0,0,0,0,0
სათაური,0,0,0,0,0,0,1,0,0,1
სახელწოდებით,0,0,0,0,0,0,0,0,0,0
ტიტი,0,0,0,0,0,0,0,0,0,0
ტიტულოვანი,0,0,0,0,0,0,0,0,0,0
გომბეშო,0,0,1,0,0,1,0,0,0,0
სადღეგრძელო,0,0,0,0,1,0,1,0,0,0
თამბაქო,0,0,0,0,0,1,0,0,0,0
ტობი,0,0,0,0,0,0,0,0,0,0
ტოდ,0,0,0,0,0,0,0,0,0,0
დღეს,0,0,0,0,0,0,0,0,0,0
თითი,0,0,0,0,0,0,0,0,0,0
ტოგა,0,0,0,0,0,0,0,0,0,0
შრომა,0,0,0,0,0,0,0,0,0,0
ტუალეტი,0,0,1,0,0,1,0,0,0,0
შრომას,0,0,0,0,0,1,0,0,0,0
ნიშანი,0,0,0,0,0,0,0,0,0,0
ტოლერანტობა,0,0,0,0,0,0,0,0,0,0
ტოლერანტული,0,0,0,0,0,0,1,0,0,0
მოითმენს,1,0,0,0,0,1,0,1,0,0
შემწყნარებლობა,0,0,0,0,0,0,1,0,0,0
ზარი,0,0,0,0,0,0,0,0,0,0
ტომაჰავკი,0,0,0,0,0,0,0,0,0,0
საფლავი,0,0,0,0,0,0,0,1,0,0
ტომარა,0,0,0,0,0,0,0,0,0,0
ტომი,0,0,0,0,0,0,0,0,0,0
ხვალ,0,1,0,0,0,0,0,0,0,0
ტონა,0,0,0,0,0,0,0,0,0,0
ტონი,0,0,0,0,0,0,0,0,0,0
ტონგი,0,0,0,0,0,0,0,0,0,0
მაშები,0,0,0,0,0,0,0,0,0,0
ენა,0,0,0,0,0,0,0,0,0,0
მატონიზირებელი,0,0,0,0,0,0,0,0,0,0
ტონაჟი,0,0,0,0,0,0,0,0,0,0
ტონზილები,0,0,0,0,0,0,0,0,0,0
ხელსაწყოები,0,0,0,0,0,0,0,0,0,0
კბილი,0,0,0,0,0,0,0,0,0,0
კბილის ტკივილი,0,0,0,1,0,1,0,0,0,0
დაკბილული,0,0,0,0,0,0,0,0,0,0
უკბილო,0,0,0,0,0,0,0,0,0,0
ზედა,0,1,0,0,0,0,1,0,0,1
ტოპაზი,0,0,0,0,0,0,0,0,0,0
თემა,0,0,0,0,0,0,0,0,0,0
აქტუალური,0,0,0,0,0,0,0,0,0,0
ტოპოგრაფიული,0,0,0,0,0,0,0,0,0,0
ტოპოგრაფიული,0,0,0,0,0,0,0,0,0,0
ტოპოგრაფია,0,0,0,0,0,0,0,0,0,0
დამხობა,0,0,0,0,0,0,0,0,1,0
ტორ,0,0,0,0,0,0,0,0,0,0
ჩირაღდანი,0,0,0,0,0,0,0,0,0,0
ტანჯვა,1,0,0,1,0,1,0,1,0,0
მოწყვეტილი,0,0,0,0,0,1,0,0,0,0
ტორნადო,0,0,0,1,0,0,0,0,0,0
ტორპედო,1,0,0,0,0,1,0,0,0,0
ტორენტი,0,0,0,1,0,0,0,0,0,0
მხურვალე,0,0,0,0,0,1,0,0,0,0
ტორსიონი,0,0,0,0,0,0,0,0,0,0
ტორსი,0,0,0,0,0,0,0,0,0,0
დელიქტი,0,0,0,0,0,1,0,0,0,0
დელიკატური,1,0,1,0,0,1,0,0,0,0
კუ,0,0,0,0,0,0,0,0,0,0
დამღუპველი,0,0,0,0,0,0,0,0,0,0
წამება,1,1,1,1,0,1,0,1,0,0
ჩააგდოს,0,0,0,0,0,0,0,0,0,0
სულ,0,0,0,0,0,0,0,0,0,0
მთლიანობა,0,0,0,0,0,0,0,0,0,0
მთლიანად,0,0,0,0,0,0,0,0,0,0
ტოტალიზატორი,0,0,0,0,0,0,0,0,0,0
ტოტემი,0,0,0,0,0,0,0,0,0,0
შეხება,0,0,0,0,0,0,0,0,0,0
შეეხო,0,0,0,0,0,1,0,0,0,0
შეხება,0,0,0,0,0,0,0,0,0,0
მგრძნობიარე,1,0,0,0,0,1,0,1,0,0
მკაცრი,0,0,0,0,0,1,0,1,0,0
სიმტკიცე,1,0,0,1,0,0,1,0,0,1
ტური,0,0,0,0,0,0,0,0,0,0
ტურისტი,0,0,0,0,0,0,0,0,0,0
ტურმალინი,0,0,0,0,0,0,0,0,0,0
ტურნირი,0,0,0,0,0,0,0,0,0,0
ტურნიკი,0,0,0,0,0,0,0,0,0,0
ტოუტ,0,0,0,0,0,0,0,0,0,0
ბუქსირება,0,0,0,0,0,0,0,0,0,0
პირსახოცი,0,0,0,0,0,0,0,0,0,0
კოშკი,0,0,0,0,0,0,1,0,0,0
კოშკიანი,0,1,0,1,0,0,1,0,0,0
ქალაქი,0,0,0,0,0,0,0,0,0,0
ქალაქის სახლი,0,0,0,0,0,0,0,0,0,0
ტოქსიკური,0,0,1,0,0,1,0,0,0,0
ტოქსიკოლოგია,0,0,0,0,0,0,0,0,0,0
ტოქსინი,0,0,0,1,0,1,0,0,0,0
სათამაშო,0,0,0,0,0,0,0,0,0,0
კვალი,0,0,0,0,0,0,0,0,0,0
კვალი,0,0,0,0,0,0,0,0,0,0
ტრაქეა,0,0,0,0,0,0,0,0,0,0
მიკვლევა,0,0,0,0,0,0,0,0,0,0
სიმღერა,0,1,0,0,0,0,0,0,0,0
ტრაქტატი,0,0,0,1,0,0,0,0,0,0
გადასატანი,0,0,0,0,0,0,0,0,0,0
წევა,0,0,0,0,0,0,0,0,0,0
ტრაქტორი,0,0,0,0,0,0,0,0,0,0
ვაჭრობა,0,0,0,0,0,0,0,0,0,1
მოვაჭრე,0,0,0,0,0,0,0,0,0,0
ვაჭარი,0,0,0,0,0,0,0,0,0,0
ვაჭრობა,0,0,0,0,0,0,0,0,0,0
ტრადიცია,0,0,0,0,0,0,0,0,0,0
ტრადიციული,0,0,0,0,0,0,1,0,0,0
მოძრაობა,0,0,0,0,0,0,0,0,0,0
ტრაგედია,0,0,0,1,0,1,0,1,0,0
ტრაგიკული,0,0,0,0,0,1,0,0,0,0
ბილიკი,0,0,0,0,0,0,0,0,0,0
მატარებელი,0,0,0,0,0,0,0,0,0,0
გაწვრთნილი,0,0,0,0,0,0,0,0,0,0
მწვრთნელი,0,0,0,0,0,0,0,0,0,1
ტრენინგი,0,0,0,0,0,0,0,0,0,0
თვისება,0,0,0,0,0,0,0,0,0,0
მოღალატე,1,0,1,1,0,1,0,1,0,0
ტრაექტორია,0,0,0,0,0,0,0,0,0,0
ტრამვაი,0,0,0,0,0,0,0,0,0,0
მაწანწალა,0,0,1,1,0,1,0,1,0,0
ტრამვაი,0,0,0,0,0,0,0,0,0,0
ტრანსი,0,0,0,0,0,1,0,0,0,0
მშვიდი,0,0,0,0,1,0,1,0,0,0
სიმშვიდე,0,0,0,0,1,0,1,0,0,1
გარიგება,0,0,0,0,0,0,0,0,0,0
გარიგება,0,0,0,0,0,0,0,0,0,1
ტრანსატლანტიკური,0,0,0,0,0,0,0,0,0,0
ტრანსცენდენცია,0,1,0,0,1,0,1,0,1,1
ტრანსცენდენტული,0,0,0,0,0,0,0,0,0,0
ტრანსცენდენტული,0,0,0,0,0,0,1,0,0,0
გადაწერა,0,0,0,0,0,0,0,0,0,0
გადამწერი,0,0,0,0,0,0,0,0,0,0
ტრანსკრიფცია,0,0,0,0,0,0,0,0,0,1
ტრანსკრიფცია,0,0,0,0,0,0,0,0,0,0
გადაცემა,0,0,0,0,0,0,0,0,0,0
გადაცემა,0,0,0,0,0,0,0,0,0,0
გადატანილი,0,0,0,0,0,0,0,0,0,0
გადაკრული,0,0,0,0,0,0,0,0,0,0
გარდაქმნას,0,0,0,0,0,0,0,0,0,0
ტრანსფორმაცია,0,0,0,0,0,0,0,0,0,0
გადასხმა,0,0,0,0,0,0,0,0,0,0
დანაშაული,0,0,0,0,0,1,0,0,0,0
გარდამავალი,0,0,0,0,0,0,0,0,0,0
ტრანზიტი,0,0,0,0,0,0,0,0,0,0
გარდამავალი,0,0,0,0,0,0,0,0,0,0
გარდამავალი,0,1,0,0,0,0,0,0,0,0
გარდამავალი,0,0,0,0,0,0,0,0,0,0
გარდამავალი,0,0,0,0,0,0,0,0,0,0
თარგმნა,0,0,0,0,0,0,0,0,0,0
თარგმანი,0,0,0,0,0,0,0,0,0,1
გადაადგილება,0,0,0,0,0,0,0,0,0,0
გამჭვირვალე,0,0,0,0,0,0,0,0,0,0
გადაცემა,0,0,0,0,0,0,0,0,0,0
გადასცემს,0,0,0,0,0,0,0,0,0,0
ტრანსმუტაცია,0,0,0,0,0,0,0,0,0,0
ტრანსომი,0,0,0,0,0,0,0,0,0,0
გამჭვირვალობა,0,0,0,0,0,0,0,0,0,0
გამჭვირვალე,0,0,0,0,0,0,0,0,0,0
გადანერგვა,0,0,0,0,0,0,0,0,0,0
გადანერგვა,0,0,0,0,0,0,0,0,0,0
ტრანსპორტი,0,0,0,0,0,0,0,0,0,0
ტრანსპორტირება,0,0,0,0,0,0,0,0,0,0
გადატანა,0,0,0,0,0,0,0,0,0,0
ტრანსპოზიცია,0,0,0,0,0,0,0,0,0,0
განივი,0,0,0,0,0,0,0,0,0,0
ხაფანგი,0,0,0,0,0,0,0,0,0,0
დაჭერა,0,0,0,0,0,0,0,0,0,0
ხაფანგები,0,0,0,0,0,1,0,0,0,0
ხაფანგები,0,0,0,0,0,1,0,0,0,0
ნაგავი,0,0,1,0,0,1,0,1,0,0
ნაგავი,0,0,1,0,0,1,0,0,0,0
ტრავმული,1,0,0,1,0,1,0,1,0,0
ტანჯვა,0,0,0,0,0,1,0,0,0,0
მოგზაურობა,0,0,0,0,0,0,0,0,0,0
მოგზაური,0,0,0,0,0,0,0,0,0,0
მოგზაურობა,0,0,0,0,0,0,1,0,0,0
ტრავერსი,0,0,0,0,0,0,0,0,0,0
ტრავესტია,0,0,1,1,0,1,0,1,0,0
ტრალი,0,0,0,0,0,0,0,0,0,0
ტრალერი,0,0,0,0,0,0,0,0,0,0
უჯრა,0,0,0,0,0,0,0,0,0,0
მოღალატე,1,0,1,1,0,1,0,0,0,0
ღალატი,1,0,0,1,0,1,0,1,1,0
სარბენი,0,0,0,0,0,0,0,0,0,0
სარბენი ბილიკი,0,1,0,0,0,0,0,0,0,0
ღალატი,1,0,1,1,0,1,0,0,1,0
საგანძური,0,1,0,0,1,0,1,0,0,1
ხაზინადარი,0,0,0,0,0,0,0,0,0,1
ხაზინა,0,0,0,0,0,0,0,0,0,0
მკურნალობა,1,1,1,1,1,1,1,1,1,1
ტრაქტატი,0,0,0,0,0,0,0,0,0,0
მკურნალობა,0,0,0,0,0,0,0,0,0,0
ხელშეკრულება,0,0,0,0,0,0,0,0,0,0
სამმაგი,0,0,0,0,0,0,0,0,0,0
ხე,1,1,1,0,1,0,1,0,1,1
ლაშქრობა,0,0,0,0,0,0,0,0,0,0
საბურველი,0,0,0,0,0,0,0,0,0,0
კანკალი,0,0,0,0,0,0,0,0,0,0
კანკალებდა,0,0,0,1,0,1,0,0,0,0
უზარმაზარი,0,0,0,0,0,0,0,0,0,0
საოცრად,0,0,0,0,0,0,1,0,0,0
თრთოლა,1,1,0,1,0,1,0,1,0,0
თხრილი,0,0,0,0,0,0,0,0,0,0
ტენდენცია,0,0,0,0,0,0,1,0,0,0
ტრენდული,0,0,0,0,0,0,0,0,0,0
მოდური,0,0,0,0,0,0,1,0,0,0
მოწიწება,0,1,0,1,0,1,0,0,1,0
ხელყოფა,1,0,0,0,0,1,0,0,0,0
ტრიადა,0,0,0,0,0,0,0,0,0,0
სამკუთხედი,0,0,0,0,0,0,0,0,0,0
სამკუთხა,0,0,0,0,0,0,0,0,0,0
ტომი,0,0,0,0,0,0,0,0,0,1
გასაჭირი,0,0,0,1,0,1,0,1,0,0
ტრიბუნალი,0,1,1,1,0,1,0,0,0,1
ტრიბუნა,0,0,0,0,0,0,0,0,0,1
შენაკადი,0,1,0,0,0,0,1,0,0,0
ხარკი,0,0,0,0,0,0,1,0,0,0
ხრიკი,0,0,0,0,0,1,0,0,1,0
მოტყუება,1,0,1,1,0,1,0,1,1,0
წვეთები,0,0,0,0,0,0,0,0,0,0
სახიფათო,0,0,0,0,0,0,0,0,0,0
ტრიციკლი,0,0,0,0,0,0,0,0,0,0
სამსამიანი,0,0,0,0,0,0,0,0,0,0
წვრილმანი,0,0,0,0,0,1,0,0,0,0
ტრიგ,0,0,0,0,0,0,1,0,0,0
გამომწვევი,0,0,0,0,0,0,0,0,0,0
ტრიგონომეტრია,0,0,0,0,0,0,0,0,0,0
ტრილიონი,0,0,0,0,0,0,0,0,0,0
მორთვა,0,0,0,0,0,0,0,0,0,0
ტრიმერი,0,0,0,0,0,0,0,0,0,0
მორთვა,0,0,0,0,0,0,0,0,0,0
ტრინი,0,0,0,0,0,0,0,0,0,0
სამება,0,0,0,0,0,0,0,0,0,0
სამეული,0,0,0,0,0,0,0,0,0,0
მოგზაურობა,0,0,0,0,0,0,0,0,1,0
სამმხრივი,0,0,0,0,0,0,0,0,0,0
სამმაგი,0,0,0,0,0,0,0,0,0,0
სამეული,0,0,0,0,0,0,0,0,0,0
სამმაგი,0,0,0,0,0,0,0,0,0,0
სამფეხა,0,0,0,0,0,0,0,0,0,0
ტრიალებდა,1,0,0,0,0,1,0,1,0,0
ბანალური,0,0,0,0,0,0,0,0,0,0
ტრიტიუმი,0,0,0,0,0,0,0,0,0,0
ტრიუმფი,0,1,0,0,1,0,1,0,0,0
ტრიუმფალური,0,1,0,0,1,0,1,0,0,1
ტროლი,1,0,0,1,0,1,0,0,0,0
ტროლეი,0,0,0,0,0,0,0,0,0,0
ტრომბონი,0,0,0,0,0,0,0,0,0,0
ჯარი,0,0,0,0,0,0,0,0,0,0
ჯარისკაცი,0,0,0,0,0,0,0,0,0,0
ჯარები,0,0,0,0,0,0,0,0,0,0
თასი,0,1,0,0,1,0,1,0,1,1
ტროპიკული,0,0,0,0,0,0,0,0,0,0
ტროტი,0,0,0,0,0,0,0,0,0,0
პრობლემური,1,0,0,1,0,1,0,0,0,0
ღარები,0,0,0,0,0,0,0,0,0,0
დასი,0,0,0,0,0,0,0,0,0,0
შარვალი,0,0,0,0,0,0,0,0,0,0
კალმახი,0,0,0,0,0,0,0,0,0,0
კალთა,0,0,0,0,0,0,0,0,0,0
ზავი,0,0,0,0,1,0,1,0,0,1
სატვირთო მანქანა,0,0,0,0,0,0,0,0,0,1
მართალი,0,0,0,0,1,0,1,0,0,1
ტრუიზმი,0,0,0,0,0,0,0,0,0,0
საყვირი,0,0,0,0,0,0,0,0,1,0
საყვირი,0,0,0,0,0,1,0,0,0,0
საყვირი,0,0,0,0,0,0,0,0,0,0
შეკვეცილი,0,0,0,0,0,0,0,0,0,0
შეკვეცილი,0,0,0,0,0,0,0,0,0,0
ტრონდლი,0,0,0,0,0,0,0,0,0,0
მაგისტრალური,0,0,0,0,0,0,0,0,0,0
ფერმა,0,0,0,0,0,0,0,0,0,1
ნდობა,0,0,0,0,0,0,0,0,0,1
რწმუნებული,0,0,0,0,0,0,0,0,0,1
სანდო,0,0,0,0,0,0,1,0,0,0
სიმართლე,0,0,0,0,0,0,1,0,0,1
მართალი,0,0,0,0,0,0,0,0,0,1
სიმართლე,0,0,0,0,0,0,1,0,0,1
სცადე,0,0,0,0,0,0,0,0,0,0
აბანო,0,0,0,0,0,0,0,0,0,0
მილის,0,0,0,0,0,0,0,0,0,0
მილისებური,0,0,0,0,0,0,0,0,0,0
მილაკი,0,0,0,0,0,0,0,0,0,0
ჩაკეტვა,0,0,0,0,0,0,0,0,0,0
ტაკერი,0,0,0,0,0,0,0,0,0,0
თეფშებიანი,0,0,0,0,0,0,0,0,0,0
ბუქსირება,0,0,0,0,0,0,0,0,0,0
სწავლის,0,0,0,0,0,0,0,0,0,0
ტიტების,0,0,0,0,0,0,0,0,0,0
ჭექა-ქუხილი,0,0,0,0,0,1,0,0,0,0
ტუმბლერი,0,0,0,0,0,0,0,0,0,0
სიმსივნე,0,0,0,1,0,1,0,0,0,0
სიმსივნე,0,0,0,1,0,1,0,1,0,0
აურზაური,1,0,0,1,0,1,0,0,1,0
მღელვარე,1,0,0,1,0,1,0,0,0,0
თუნი,0,0,0,0,0,0,0,0,0,0
ტუნა,0,0,0,0,0,0,0,0,0,0
რეგულირებადი,0,0,0,0,0,0,0,0,0,0
მელოდია,0,0,0,0,0,0,0,0,0,0
ტუნიკა,0,0,0,0,0,0,0,0,0,0
tuning,0,0,0,0,0,0,0,0,0,0
გვირაბი,0,0,0,0,0,0,0,0,0,0
ტურბანი,0,0,0,0,0,0,0,0,0,0
სიმღვრივე,0,0,0,0,0,0,0,0,0,0
ტურბინა,0,0,0,0,0,0,0,0,0,0
ტურბულენტობა,1,0,0,1,0,1,0,0,0,0
ტურბულენტური,0,0,0,1,0,1,0,0,0,0
ტურფა,0,0,0,0,0,0,0,0,0,0
კურკუმა,0,0,0,0,0,0,0,0,0,0
არეულობა,1,0,0,1,0,1,0,1,0,0
მობრუნება,0,0,0,0,0,0,0,0,0,0
შემობრუნება,0,0,0,0,0,0,0,0,0,0
ანაზრაურების,0,0,0,0,0,0,0,0,0,0
შემობრუნება,0,0,0,0,0,0,0,0,0,0
გრუნტი,0,0,0,0,0,0,0,0,0,0
ფირუზისფერი,0,0,0,0,0,0,0,0,0,0
კოშკი,0,0,0,0,0,0,0,0,0,0
კუსფერი,0,0,0,0,0,0,0,0,0,0
ჩხუბი,1,0,0,0,0,0,0,0,0,0
მეურვეობა,0,0,0,0,0,0,1,0,0,1
დამრიგებელი,0,0,0,0,0,0,1,0,0,0
შესწორება,0,0,0,0,0,0,0,0,0,0
მეთორმეტე,0,0,0,0,0,0,0,0,0,0
თორმეტი,0,0,0,0,0,0,0,0,0,0
მეოცე,0,0,0,0,0,0,0,0,0,0
ოცი,0,0,0,0,0,0,0,0,0,0
ყლორტი,0,0,0,0,0,0,0,0,0,0
ბინდი,0,0,0,0,0,0,0,0,0,0
ტილი,0,0,0,0,0,0,0,0,0,0
ტყუპი,0,0,0,0,0,0,1,0,0,0
ძაფები,0,0,0,0,0,0,0,0,0,0
მოციმციმე,0,1,0,0,1,0,1,0,0,0
ტყუპები,0,0,0,0,0,0,0,0,0,0
ირონია,0,0,0,0,0,0,0,0,0,0
გადაუგრიხეს,0,0,0,0,0,0,0,0,0,0
თრთოლვა,0,0,0,0,0,1,0,0,0,0
ორმაგი,0,0,0,0,0,0,0,0,0,0
მაგნატი,0,0,0,0,0,0,0,0,0,0
ტიპი,0,0,0,0,0,0,0,0,0,0
საბეჭდი მანქანა,0,0,0,0,0,0,0,0,0,0
ტაიფუნი,0,0,0,1,0,1,0,0,0,0
როგორც წესი,0,0,0,0,0,0,0,0,0,0
მბეჭდავი,0,0,0,0,0,0,0,0,0,0
ტიპოგრაფია,0,0,0,0,0,0,0,0,0,0
ტირანული,1,0,1,1,0,1,0,0,0,0
ტირანია,0,0,0,1,0,1,0,1,0,0
ტირანი,1,0,1,1,0,1,0,1,0,0
საბურავი,0,0,0,0,0,0,0,0,0,0
ყველგანმყოფი,0,0,0,0,0,0,0,0,0,0
საყოველთაო,0,0,0,0,0,0,0,0,0,0
სიმახინჯე,0,0,1,1,0,1,0,1,0,0
მახინჯი,0,0,1,0,0,1,0,0,0,0
წყლული,1,0,1,1,0,1,0,1,0,0
ფარული,0,0,0,0,0,1,0,0,0,0
საბოლოო,0,1,0,0,0,0,0,1,0,0
საბოლოო ჯამში,0,1,0,0,0,0,1,0,0,0
ულტიმატუმი,1,0,0,1,0,1,0,0,0,0
საბოლოო,0,0,0,0,0,0,0,0,0,0
ულტრაიისფერი,0,0,0,0,0,0,0,0,0,0
ჭიპისებრი,0,0,0,0,0,0,0,0,0,0
უმბრა,0,0,0,0,0,0,0,0,0,0
ქოლგა,0,0,0,0,0,0,0,0,0,0
მსაჯი,0,0,0,0,0,0,1,0,0,1
დაუოკებელი,0,0,0,0,0,0,0,0,0,0
შეუნელებელი,0,0,0,0,0,0,0,0,0,0
არ შეუძლია,0,0,0,0,0,1,0,1,0,0
მიუღებელი,0,0,0,0,0,1,0,1,0,0
თანმხლები,0,0,0,0,0,0,0,0,0,0
უანგარიშო,0,1,1,0,0,1,0,1,0,1
არაღიარებული,0,0,0,0,0,0,0,1,0,0
უნაკლო,0,0,0,0,0,0,0,0,0,0
დაუხმარებლად,0,0,0,0,0,0,0,0,0,0
შეუცვლელი,0,0,0,0,0,0,0,0,0,0
ცალსახა,0,0,0,0,0,0,0,0,0,0
ერთსულოვნება,0,0,0,0,0,0,1,0,0,0
ერთსულოვანი,0,0,0,0,0,0,1,0,0,0
ერთხმად,0,0,0,0,0,0,0,0,0,0
გაუთვალისწინებელი,0,0,0,0,0,0,0,0,1,0
დაუმტკიცებელი,0,0,0,0,0,1,0,0,0,0
უიარაღო,0,0,0,0,0,0,0,0,0,0
დაუხმარებლად,0,0,0,0,0,0,0,0,0,0
უღიმღამო,0,0,0,0,0,0,1,0,0,0
შეუერთებელი,0,0,0,0,0,1,0,0,0,0
მიუღწეველი,1,0,0,0,0,1,0,1,0,0
უპატრონო,0,0,0,0,0,0,0,0,0,0
არამიმზიდველი,0,0,1,0,0,1,0,1,0,0
უნებართვო,0,0,0,0,0,1,0,0,0,0
გარდაუვალი,0,0,0,0,0,1,0,0,0,0
არ იცის,0,0,0,0,0,1,0,0,0,0
გაუწონასწორებელი,0,0,0,0,0,0,0,0,0,0
აუტანელი,0,0,1,0,0,1,0,1,0,0
დაუმარცხებელი,0,1,0,0,1,1,1,1,1,0
ურწმუნოება,0,0,0,0,0,1,0,0,0,0
დაუჯერებელი,0,0,0,0,0,1,0,0,0,0
მიუკერძოებელი,0,0,0,0,0,0,1,0,0,0
დაუბადებელი,0,0,0,0,0,1,0,0,0,0
შეუზღუდავი,0,0,0,0,0,0,0,0,0,0
შეუზღუდავი,0,0,0,0,0,0,0,0,0,0
ურღვევი,0,0,0,0,0,0,1,0,0,0
აღვირახსნილი,1,1,0,1,0,1,1,0,1,0
გაუტეხავი,0,0,0,0,0,0,1,0,0,1
უჩვეულო,0,0,0,1,0,1,0,0,1,0
უყურადღებო,1,0,1,0,0,1,0,1,0,0
გაურკვეველი,1,0,1,1,0,1,0,0,1,0
გაურკვევლობა,0,0,0,0,0,0,0,0,0,0
დაუპირისპირებელი,0,0,0,0,0,0,0,0,0,0
შეუცვლელი,0,0,0,0,0,1,0,0,0,0
უცვლელი,0,0,0,0,0,0,0,0,0,0
გამოუცხადებელი,0,0,0,0,0,0,0,0,0,0
ბიძა,0,0,0,0,0,0,0,0,0,0
უწმინდური,0,0,1,0,0,1,0,0,0,0
არასასიამოვნო,0,0,0,0,0,1,0,0,0,0
იშვიათი,0,0,0,0,0,0,0,0,0,0
არაჩვეულებრივად,0,0,0,0,0,0,0,0,0,0
უკომპრომისო,0,0,0,0,0,0,0,0,0,0
უდარდელად,0,0,0,0,0,0,0,0,0,0
დაუდასტურებელი,0,0,0,0,0,0,0,0,0,0
შეუერთებელი,0,0,0,0,0,0,0,0,0,0
არაკეთილსინდისიერი,0,0,1,0,0,1,0,0,0,0
უგონო მდგომარეობაში,0,0,0,0,0,1,0,0,0,0
უგონო მდგომარეობა,0,0,0,0,0,0,0,0,0,0
არაკონსტიტუციური,0,0,0,0,0,1,0,0,0,0
შეუზღუდავი,0,0,0,0,1,0,1,0,0,0
უდავო,0,0,0,0,0,0,0,0,0,0
უკონტროლო,1,1,0,0,0,1,0,0,1,0
უკონტროლო,0,0,0,0,0,1,0,0,0,0
არა ტრადიციული,0,0,0,0,0,0,0,0,0,0
დაუჯერებელი,0,0,0,0,0,0,0,0,0,0
დაუმუშავებელი,0,0,0,0,0,0,0,0,0,0
არაკორელირებული,0,0,0,0,0,0,0,0,0,0
გამოაშკარავება,0,0,0,0,0,0,0,0,1,0
არაკრიტიკული,0,0,0,0,0,0,0,0,0,0
დაუჭრელი,0,0,0,0,0,0,0,0,0,0
გადაუწყვეტელი,0,1,0,1,0,1,0,0,0,0
განუსაზღვრელი,0,0,0,0,0,0,0,0,0,0
უდაო,0,0,0,0,0,0,0,0,0,0
ფარული,0,0,0,0,0,0,0,0,0,0
მიწისქვეშა დენი,0,0,0,0,0,0,0,0,0,0
დაუფასებელია,0,0,0,0,0,0,0,0,1,0
გაივლის,0,0,0,0,0,0,0,0,0,0
ბაკალავრიატი,0,0,0,0,0,0,0,0,0,0
მიწისქვეშა,0,0,0,0,0,0,0,0,0,0
უდევს საფუძვლად,0,0,0,0,0,0,0,0,0,0
ხაზი გაუსვით,0,0,0,0,0,0,1,0,0,0
შეარყია,0,0,0,0,0,1,0,0,0,0
ქვეშ,0,0,0,0,0,0,0,0,0,0
ნაკლებანაზღაურებადი,1,0,0,0,0,1,0,1,0,0
ქვედა შარვალი,0,0,0,0,0,0,0,0,0,0
ხაზგასმა,0,0,0,0,0,0,0,0,0,0
მცირე ზომის,0,0,0,0,0,1,0,0,0,0
გაგება,0,0,0,0,0,0,1,0,0,1
მიხვდა,0,0,0,0,0,0,0,0,0,0
აღება,0,0,0,0,0,0,0,0,0,0
მესაფლავე,0,0,0,0,0,0,0,1,0,0
წამოწყება,0,1,0,0,0,0,0,0,0,0
ქვეტყე,0,0,0,0,0,0,0,0,0,0
ანდერრატი,0,0,0,0,0,0,1,0,0,1
ანდერრაიტერი,0,0,0,0,0,0,0,0,0,0
დაუმსახურებელი,0,0,0,0,0,0,0,0,0,0
არასასურველი,1,0,1,1,0,1,0,1,0,0
არასასურველი,0,0,0,0,0,1,0,1,0,0
განუვითარებელი,0,0,0,0,0,0,0,0,0,0
არამიმართული,0,0,0,0,0,0,0,0,0,0
გაურკვეველი,0,1,0,0,0,0,0,0,0,0
აღმოუჩენელი,0,0,0,0,0,0,0,0,1,0
უდავო,0,0,0,0,0,0,0,0,0,0
შეუფერხებელი,0,0,0,0,0,0,0,0,0,0
განუყოფელი,0,0,0,0,0,0,1,0,0,0
გაუქმება,0,0,0,0,0,1,0,0,0,0
გაუქმება,0,0,0,0,0,0,0,0,0,0
უეჭველი,0,1,1,0,0,0,0,0,0,0
გაშიშვლება,0,0,0,0,0,0,0,0,0,0
გაშიშვლებული,0,0,0,0,0,0,0,0,0,0
არასათანადო,0,0,0,0,0,0,0,0,0,0
უკვდავი,0,1,0,0,1,0,1,1,0,1
გამოუმუშავებელი,0,0,0,0,0,0,0,0,0,0
ამოთხრა,0,0,0,0,0,0,0,0,0,0
უხერხულობა,0,1,0,0,0,1,0,1,0,0
უხერხული,0,0,1,1,0,1,0,0,0,0
გაუნათლებელი,0,0,0,0,0,1,0,1,0,0
უმუშევარი,0,0,0,1,0,1,0,1,0,0
დაუტვირთული,0,0,0,0,0,0,0,0,0,0
დაუსრულებელი,0,0,0,0,0,0,0,0,0,0
არათანაბარი,1,0,1,1,0,1,0,1,0,0
შეუდარებელი,0,0,0,0,0,0,0,0,0,0
ცალსახა,0,0,0,0,0,0,0,0,0,1
ცალსახად,0,0,0,0,0,0,1,0,0,0
არათანაბარი,0,0,0,0,0,1,0,0,0,0
უპრობლემოდ,0,0,0,0,0,0,0,0,0,0
მოულოდნელი,0,1,0,1,1,1,1,0,1,0
მოულოდნელად,0,0,0,0,0,0,0,0,1,0
აუხსნელი,0,1,0,0,0,1,0,1,0,0
შეუსწავლელი,0,0,0,0,0,0,0,0,0,0
შეუვალი,0,0,0,0,0,0,0,0,0,0
უსამართლო,1,0,1,0,0,1,0,1,0,0
უსამართლობას,1,0,0,0,0,1,0,1,0,0
მოღალატე,0,0,1,0,0,1,0,0,0,0
უცნობი,0,0,0,0,0,0,0,0,0,0
არახელსაყრელი,0,0,1,0,0,1,0,1,0,0
შეუზღუდავი,0,0,0,0,0,0,0,0,0,0
დაუმთავრებელი,0,0,0,0,0,1,0,0,0,0
ურყევი,0,0,0,0,0,0,0,0,0,0
გაშლა,0,1,0,0,0,0,1,0,0,0
გაუთვალისწინებელი,0,0,0,0,0,0,0,0,1,0
შეუბრალებელი,1,0,0,0,0,1,0,1,0,0
უბედური,0,0,0,0,0,1,0,1,0,0
არამეგობრული,1,0,1,1,0,1,0,1,0,0
შეუსრულებელი,1,1,0,0,0,1,0,1,1,0
უავეთოდ,0,0,0,0,0,1,0,0,0,0
უღმერთო,0,0,0,0,0,1,0,1,0,0
უმადური,1,0,1,0,0,1,0,0,0,0
დაუცველი,0,0,0,0,0,0,0,0,1,0
უბედურება,0,0,0,0,0,1,0,1,0,0
უბედური,1,0,1,0,0,1,0,1,0,0
უვნებელი,0,0,0,0,0,0,0,0,0,0
არაჯანსაღი,0,0,1,1,0,1,0,1,0,0
შეუფერხებლად,0,0,0,0,0,0,0,0,0,0
უწმინდური,0,0,0,1,0,1,0,0,0,0
unicorn,0,0,0,0,0,0,0,0,0,0
გაერთიანება,0,1,0,0,1,0,1,0,0,1
ერთიანი,0,0,0,0,0,0,0,0,0,0
ერთგვაროვნება,0,0,0,0,0,0,0,0,0,0
ერთიანად,0,0,0,0,0,0,1,0,0,0
წარმოუდგენელი,0,0,0,0,0,1,1,0,1,0
უმნიშვნელო,0,0,0,0,0,1,0,1,0,0
შთაბეჭდილების გარეშე,0,0,0,0,0,1,0,0,0,0
გაუუმჯობესებელი,0,0,0,0,0,1,0,0,0,0
არაინფიცირებული,0,0,0,0,0,0,1,0,0,0
არაინფორმირებული,0,0,0,0,0,1,0,0,0,0
დაუსახლებელი,0,0,0,0,0,0,0,0,0,0
შეუცნობელი,0,0,0,0,0,1,0,0,0,0
შთაგონებული,0,0,0,0,0,1,0,1,0,0
გაუგებარი,0,0,0,0,0,1,0,0,0,0
გაუთვალისწინებელი,0,0,0,0,0,0,0,0,1,0
უნებლიე,0,0,0,0,0,0,0,0,1,0
უნებურად,0,0,0,0,0,1,0,0,1,0
უინტერესო,0,0,0,0,0,1,0,1,0,0
უინტერესო,0,0,0,0,0,1,0,1,0,0
უწყვეტი,0,0,0,0,0,0,0,0,0,0
დაუპატიჟებელი,0,0,0,0,0,0,0,1,0,0
გაერთიანება,0,0,0,0,0,0,0,0,0,0
უნიკალური,0,0,0,0,0,0,1,0,1,0
უნისონი,0,0,0,0,0,0,1,0,0,0
ერთეული,0,0,0,0,0,0,0,0,0,0
უნიტარული,0,0,0,0,0,0,1,0,0,0
გაერთიანდნენ,0,0,0,0,0,0,0,0,0,0
გაერთიანებული,0,0,0,0,0,0,1,0,0,1
ერთიანობა,0,0,0,0,0,0,1,0,0,1
უნივერსალური,0,0,0,0,0,0,0,0,0,0
უნივერსალურობა,0,0,0,0,0,0,0,0,0,0
სამყარო,0,0,0,0,0,0,0,0,0,0
უნივერსიტეტი,0,1,0,0,0,0,1,0,0,0
უსამართლო,1,0,0,0,0,1,0,0,0,0
გაუმართლებელი,1,0,1,1,0,1,0,0,0,0
გაუმართლებელი,0,0,0,0,0,1,0,0,0,0
არაკეთილსინდისიერი,1,0,1,1,0,1,0,1,0,0
შეუცნობელი,0,0,0,0,0,0,0,0,0,0
უცნობი,0,1,0,1,0,1,0,0,0,0
უკანონო,1,0,1,1,0,1,0,1,0,0
გაჩაღება,0,0,0,0,0,0,0,0,0,0
არალიცენზირებული,0,0,0,0,0,1,0,0,0,0
განსხვავებით,0,0,0,0,0,0,0,0,0,0
შეუზღუდავი,0,0,0,0,0,0,1,0,0,0
განტვირთვა,0,0,0,0,0,0,0,0,0,0
გადმოტვირთა,0,0,0,0,0,0,0,0,0,0
განბლოკვა,0,0,0,0,0,0,0,0,0,0
უიღბლო,1,0,1,1,0,1,0,1,0,0
უმართავი,0,0,1,0,0,1,0,0,0,0
დაუსახელებელი,0,0,0,0,0,0,0,0,0,0
გაუთხოვარი,0,0,0,0,0,0,0,0,0,0
ნიღბის ამოღება,0,0,0,0,0,0,0,0,0,0
შეუდარებელი,0,0,0,0,0,0,0,0,0,0
უტყუარი,0,0,0,0,0,0,0,0,0,0
შეუმსუბუქებელი,0,0,0,0,0,0,0,0,0,0
უმოძრაო,0,0,0,0,0,0,0,0,0,0
უსახელო,0,0,0,0,0,0,0,0,0,0
არაბუნებრივი,0,0,1,1,0,1,0,0,0,0
არასაჭირო,0,0,0,0,0,0,0,0,0,0
არასაჭირო,0,0,0,0,0,0,0,0,0,0
შეუმჩნევლად,0,0,0,0,0,0,0,0,0,0
უნომრო,0,0,0,0,0,0,0,0,0,0
დაუკვირვებელი,0,0,0,0,0,0,0,0,0,0
შეუფერხებლად,0,0,0,0,0,0,0,0,0,0
შეუმჩნეველი,0,0,0,0,0,0,0,0,0,0
დაუკავებელი,0,0,0,0,0,0,0,0,0,0
არაოფიციალური,0,0,0,0,0,1,0,0,0,0
გაუხსნელი,0,0,0,0,0,0,0,0,0,0
დაუპირისპირებელი,0,0,0,0,0,0,0,0,0,0
მოუწესრიგებელი,0,0,0,0,0,0,0,0,0,0
არაორგანიზებული,0,0,0,0,0,0,0,0,0,0
არაორდინალური,0,0,0,0,0,0,0,0,0,0
ამოალაგე,0,0,0,0,0,0,0,0,0,0
გადაუხდელი,1,0,0,0,0,1,0,1,0,0
უსიამოვნო,0,0,1,0,0,1,0,1,0,0
არაპოპულარული,0,0,1,0,0,1,0,1,0,0
უპრეცედენტო,0,0,0,0,0,0,0,0,1,0
არაპროგნოზირებადი,0,0,0,0,0,1,0,0,1,0
მოუმზადებელი,0,0,0,0,0,1,0,0,0,0
უპრეტენზიო,0,0,0,0,0,0,1,0,0,0
არაპროდუქტიული,0,0,0,0,0,1,0,0,0,0
წამგებიანი,0,0,0,0,0,1,0,0,0,0
დაუცველი,0,0,0,0,0,1,0,0,0,0
დაუმტკიცებელი,0,0,0,0,0,0,0,0,0,0
გამოუქვეყნებელი,0,1,0,0,0,1,0,1,0,0
უდავო,0,0,0,0,0,0,1,0,0,1
უეჭველად,0,0,0,0,0,0,1,0,0,1
უეჭველი,0,0,0,0,0,0,1,0,0,1
წაუკითხავი,0,0,0,0,0,0,0,0,0,0
არარეალური,0,0,0,0,0,0,0,0,0,0
არარეალური,0,0,0,0,0,0,0,0,0,0
დაუწერელი,0,0,0,0,0,0,0,0,0,0
დაურეგისტრირებელი,0,0,0,0,0,0,0,0,0,0
დაურეგულირებელი,0,0,0,0,0,0,0,0,0,0
დაუკავშირებელი,0,0,0,0,0,0,0,0,0,0
შეუპოვარი,0,0,0,0,0,0,0,0,0,0
არასანდო,0,0,0,0,0,1,0,0,0,1
მოუნანიებელი,0,0,0,0,0,0,0,0,0,0
უპასუხო,0,0,0,0,0,1,0,1,0,0
გადაუჭრელი,0,1,0,0,0,0,0,0,0,0
არეულობა,0,0,0,1,0,0,0,1,0,0
შეუზღუდავი,0,0,0,0,0,0,0,0,0,0
შეუზღუდავი,0,0,0,0,0,0,0,0,0,0
უმართავი,1,0,1,1,0,1,0,0,0,0
სახიფათო,0,0,0,1,0,1,0,0,0,0
არადამაკმაყოფილებელი,0,0,1,0,0,1,0,0,0,0
უკმაყოფილო,0,0,1,0,0,1,0,1,0,0
არასასიამოვნო,0,0,0,0,0,1,0,0,0,0
უვნებელი,0,0,0,0,0,0,1,0,0,0
არამეცნიერული,0,0,0,0,0,0,0,0,0,0
არაკეთილსინდისიერი,0,0,0,0,0,1,0,0,0,0
დასაჯდომი,0,0,0,0,0,0,0,1,0,0
უხილავი,0,0,0,0,0,0,0,0,0,0
უანგარო,0,0,0,0,0,0,1,0,0,0
მოუწესრიგებელი,1,0,1,1,0,1,0,0,0,0
ულამაზესი,0,0,1,0,0,1,0,0,0,0
დახვეწილი,0,0,0,0,0,1,0,0,0,0
უთქმელი,0,0,0,1,0,1,0,0,0,0
დაუზუსტებელი,0,0,0,0,0,0,0,0,0,0
არასტაბილური,0,0,0,1,0,1,0,0,1,0
არასტაბილური,0,0,0,1,0,0,0,0,0,0
წარუმატებელი,0,0,0,0,0,1,0,1,0,0
შეუფერებელი,0,0,0,0,0,1,0,0,0,0
უმღერო,0,0,0,0,0,1,0,0,0,0
მხარდაუჭერელი,0,0,0,0,0,1,0,0,0,0
შეუდარებელი,0,1,0,1,1,0,1,0,0,1
უეჭველი,0,0,0,0,0,0,0,0,1,0
არამდგრადი,0,0,0,0,0,1,0,0,0,0
უშაქრო,0,0,0,0,0,0,0,0,0,0
არასიმპატიური,1,0,0,0,0,1,0,0,0,0
მოუთვინიერებელი,0,0,0,0,0,1,0,0,0,0
გაუსაძლისი,0,0,0,0,0,1,0,0,0,0
შეუმოწმებელი,0,0,0,0,0,0,0,0,0,0
წარმოუდგენელი,1,0,1,1,0,1,0,0,0,0
მოუწესრიგებელი,0,0,1,0,0,1,0,0,0,0
გაშალე,0,0,0,0,1,1,1,0,0,0
უდროო,0,0,0,0,0,1,0,0,0,0
უსათაურო,0,0,0,0,0,1,0,1,0,0
უთქმელი,0,1,0,0,0,1,0,0,0,0
ხელუხლებელი,0,0,0,0,0,0,0,0,0,0
უსიამოვნო,1,0,1,0,0,1,0,0,0,0
მოუმზადებელი,0,0,0,0,0,1,0,0,0,0
უთარგმნელი,0,0,0,0,0,0,0,0,0,0
უტყუარი,0,0,0,0,0,1,0,0,0,0
არასანდო,1,0,0,0,0,1,0,0,0,0
გამოუყენებელი,0,0,0,0,0,0,0,0,0,0
უჩვეულო,0,0,0,0,0,0,0,0,0,0
უჩვეულოდ,0,0,0,0,0,0,0,0,0,0
გამოაშკარავება,0,0,0,0,0,0,0,0,0,0
გამჟღავნება,0,0,0,0,0,0,0,0,0,0
გადაუმოწმებელი,0,1,0,0,0,0,0,0,0,0
დაუსაბუთებელი,0,0,0,0,0,1,0,0,0,0
გაუფრთხილებელი,0,0,0,0,0,0,0,0,0,0
დაუბანელი,0,0,1,0,0,1,0,0,0,0
ურყევი,0,0,0,0,0,0,1,0,0,1
არასასურველი,0,0,0,0,0,1,0,1,0,0
ცუდად,0,0,0,0,0,1,0,1,0,0
უნებლიე,0,0,0,0,0,0,0,0,0,0
უნებურად,0,0,0,0,0,0,0,0,0,0
უნებლიეობა,0,0,0,0,0,1,0,0,0,0
განტვირთვა,0,0,0,0,0,0,0,0,0,0
უგუნური,0,0,0,0,0,1,0,0,0,0
უნებლიე,0,0,0,0,0,1,0,0,0,0
უნებურად,0,0,0,0,0,0,0,0,0,0
უღირსი,0,0,1,0,0,1,0,0,0,0
დაუწერელი,0,0,0,0,0,0,0,0,0,0
შეუპოვარი,0,0,0,0,0,1,0,0,0,0
აჯანყება,1,0,0,1,0,1,0,1,0,0
აღმართზე,0,1,0,1,0,1,1,0,0,0
upholstery,0,0,0,0,0,0,0,0,0,0
ზეგანი,0,0,0,0,0,0,0,0,0,0
მაღლობები,0,0,0,0,0,0,0,0,0,0
ამაღლება,0,1,0,0,1,0,1,0,0,1
ზედა,0,0,0,0,0,0,0,0,0,0
თავდაყირა,0,0,0,0,0,0,1,0,0,1
აჯანყება,1,1,0,1,0,1,0,0,0,0
აჟიოტაჟი,0,0,0,0,0,1,0,0,0,0
ნაწყენი,1,0,0,0,0,1,0,1,0,0
შედეგი,0,0,0,0,0,0,0,0,0,0
ზევით,0,0,0,0,0,0,0,0,0,0
დაწყებული,0,0,0,0,0,0,0,0,0,0
ზევით,0,0,0,0,0,0,0,0,0,0
ურანი,0,0,0,0,0,0,0,0,0,0
ქალაქური,0,0,0,0,0,0,0,0,0,0
ჭინჭრის ციება,0,0,0,0,0,1,0,0,0,0
მოწოდება,0,0,0,0,0,0,0,0,0,0
სასწრაფოობა,0,1,0,1,0,0,0,0,1,0
სასწრაფო,0,1,0,1,0,1,0,0,1,0
შარდის ანალიზი,0,0,0,0,0,0,0,0,0,0
ურნა,0,0,0,0,0,0,0,1,0,0
გამოყენება,0,0,0,0,0,0,0,0,0,0
სასარგებლოდ,0,0,0,0,0,0,0,0,0,0
სარგებლიანობა,0,0,0,0,0,0,1,0,0,0
უსარგებლო,0,0,0,0,0,1,0,0,0,0
დამწყებ,0,0,0,0,0,0,1,0,0,1
ჩვეულებრივი,0,0,0,0,0,0,1,0,0,1
უზურპაცია,1,0,0,0,0,1,0,0,0,0
უზურპირებული,1,0,0,1,0,1,0,0,0,0
უზრდელობა,0,0,0,0,0,1,0,0,0,0
ჭურჭელი,0,0,0,0,0,0,0,0,0,0
უტილიტარული,0,0,0,0,0,0,0,0,0,0
სასარგებლო,0,0,0,0,0,0,1,0,0,0
უტილიზაცია,0,0,0,0,0,0,0,0,0,0
გამოიყენოს,0,0,0,0,0,0,0,0,0,0
მაქსიმალურად,0,0,0,0,0,0,0,0,0,0
უტოპიური,0,1,0,0,1,0,1,0,0,1
გამოთქმა,0,0,0,0,0,0,0,0,0,0
სრულიად,0,0,0,0,0,0,0,0,0,0
ვაკანსია,0,0,0,0,0,1,0,0,0,0
შვებულება,0,1,0,0,1,0,1,0,0,0
ვაქცინაცია,0,0,0,0,0,0,0,0,0,0
ვაქცინა,0,0,0,0,0,0,1,0,0,0
ვაკუოლარული,0,0,0,0,0,0,0,0,0,0
ვაკუოლი,0,0,0,0,0,0,0,0,0,0
ვაკუური,0,0,1,0,0,1,0,0,0,0
ვაკუუმი,0,0,0,0,0,0,0,0,0,0
ბუნდოვანი,0,0,0,0,0,1,0,0,0,0
გაურკვევლობა,0,0,0,0,0,1,0,0,0,0
ამაოდ,0,0,1,0,0,1,0,1,0,0
ვალანსი,0,0,0,0,0,0,0,0,0,0
ვალე,0,0,0,0,0,0,0,0,0,0
კამერდინერი,0,0,0,0,0,0,0,0,0,0
ვაჟკაცი,0,0,0,0,0,0,1,0,0,0
მოქმედების,0,0,0,1,0,0,0,0,0,0
ხეობა,0,0,0,0,0,0,0,0,0,0
ვაჟკაცობა,0,0,0,0,0,0,1,0,0,1
ღირებული,0,0,0,0,0,0,1,0,0,0
შეფასება,0,0,0,0,0,0,0,0,0,0
სარქველი,0,0,0,0,0,0,0,0,0,0
ვამპი,0,0,0,0,0,0,0,0,0,0
ვამპირი,1,0,1,1,0,1,0,0,0,0
ფურგონი,0,0,0,0,0,0,0,0,0,0
ფანქარი,0,0,0,0,0,0,0,0,0,0
ავანგარდი,0,0,0,0,0,0,1,0,0,0
ვანილი,0,0,0,0,0,0,0,0,0,0
გაქრება,0,0,0,0,0,0,0,0,1,0
გაქრა,0,0,0,1,0,1,0,1,1,0
ამაოება,0,0,0,0,0,1,0,0,0,0
დამარცხება,0,0,0,0,0,0,1,0,0,0
ორთქლი,0,0,0,0,0,0,0,0,0,0
ვარა,0,0,0,0,0,0,0,0,0,0
ცვლადი,0,0,0,0,0,0,0,0,1,0
დისპერსიას,0,0,0,0,0,0,0,0,0,0
ვარიაცია,0,0,0,0,0,0,0,0,0,0
ვარიაციები,0,0,0,0,0,0,0,0,0,0
ვარიცელა,0,0,1,1,0,1,0,1,0,0
ვარიკოზული,0,0,0,0,0,1,0,0,0,0
მრავალფეროვანი,0,0,0,0,0,0,0,0,0,0
ჭრელი,0,0,0,0,0,0,0,0,0,0
მრავალფეროვნება,0,0,0,0,0,0,0,0,0,0
განსხვავდება,0,0,0,0,0,0,0,0,0,0
სისხლძარღვოვანი,0,0,0,0,0,0,0,0,0,0
ვაზა,0,0,0,0,0,0,0,0,0,0
უზარმაზარი,0,0,0,0,0,0,0,0,0,0
კვ,0,0,0,0,0,0,0,0,0,0
ვოდევილი,0,0,0,0,0,0,0,0,0,0
სარდაფით,0,0,0,0,0,0,0,0,0,0
კამარიანი,0,0,0,0,0,0,0,0,0,0
სარდაფით,0,0,0,0,0,0,0,0,0,0
ხბოს ხორცი,0,0,0,0,0,0,0,1,0,1
ვექტორი,0,0,0,0,0,0,0,0,0,0
გადახვევა,0,0,0,1,0,0,0,0,1,0
ვეგა,0,0,0,0,0,0,0,0,0,0
ბოსტნეულის,0,0,0,0,0,0,0,0,0,0
ვეგეტარიანელი,0,0,0,0,0,0,0,0,0,0
ვეგეტარიანელობა,0,0,0,0,0,0,0,0,0,0
მცენარეულობა,0,0,0,0,0,0,0,0,0,0
მცენარეული,0,0,1,0,0,1,0,1,0,0
სასტიკი,1,0,0,1,0,1,0,0,0,0
მანქანა,0,0,0,0,0,0,0,0,0,0
ფარდა,0,0,0,0,0,0,0,0,0,0
შეფარებული,0,0,0,0,0,0,0,0,0,0
ვენა,0,0,0,0,0,0,0,0,0,0
ძარღვიანი,0,0,0,0,0,0,0,0,0,0
ტილო,0,0,0,0,0,0,0,0,0,0
სიჩქარე,0,0,0,0,0,0,0,0,0,0
ხავერდოვანი,0,0,0,0,0,0,0,0,0,0
ხავერდოვანი,0,0,0,0,0,0,1,0,0,0
ხავერდოვანი,0,0,0,0,0,0,1,0,0,0
ვენა,0,0,0,0,0,0,0,0,0,0
ვენდეტა,1,0,0,1,0,1,0,1,0,0
გამყიდველი,0,0,0,0,0,0,0,0,0,0
ვინირი,0,0,0,0,0,0,0,0,0,0
მხცოვანი,0,1,0,0,1,0,1,0,0,1
თაყვანისცემა,0,0,0,0,0,0,1,0,0,0
შურისძიება,1,0,0,0,0,1,0,0,0,0
შურისმაძიებელი,1,0,0,1,0,1,0,0,0,0
ძროხის ხორცი,0,0,0,0,0,0,0,0,0,0
შხამი,1,0,1,1,0,1,0,0,0,0
შხამიანი,1,0,1,1,0,1,0,0,0,0
ვენური,0,0,0,0,0,0,0,0,0,0
გამწოვი,1,0,0,0,0,0,0,0,0,0
ვენტილაცია,0,0,0,0,0,0,0,0,0,0
ვენტილატორი,0,0,0,0,0,0,0,0,0,0
პარკუჭის,0,0,0,0,0,0,0,0,0,0
პარკუჭოვანი,0,0,0,0,0,0,0,0,0,0
წამოწყება,0,0,0,0,0,0,0,0,0,0
ადგილი,0,0,0,0,0,0,0,0,0,0
სიმართლე,0,1,0,0,1,0,1,0,1,1
ვერანდა,0,0,0,0,0,0,0,0,0,0
სიტყვიერი,0,0,0,0,0,0,0,0,0,0
სიტყვასიტყვით,0,0,0,0,0,0,0,0,0,0
სიტყვიერება,0,0,0,0,0,0,0,0,0,0
სიტყვიერი,0,0,0,0,0,0,0,0,0,0
სიტყვიერება,0,0,0,0,0,1,0,0,0,0
მწვანე,0,0,0,0,0,0,1,0,0,0
განაჩენი,0,0,0,1,0,0,0,0,0,0
პირას,0,1,0,1,0,1,0,0,0,0
გადამოწმება,0,0,0,0,0,0,1,0,0,1
დამოწმებული,0,0,0,0,0,0,1,0,0,1
გადაამოწმეთ,0,0,0,0,0,0,0,0,0,0
ჭეშმარიტად,0,0,0,0,0,0,1,0,0,1
ნამდვილი,0,0,0,0,0,0,1,0,0,0
მავნებელი,1,0,1,1,0,1,0,0,0,0
ხალხური,0,0,0,0,0,0,0,0,0,0
გაზაფხულის,0,0,0,0,1,0,1,0,0,0
ვერონიკა,0,0,0,0,0,0,0,0,0,0
მრავალმხრივი,0,0,0,0,0,0,0,0,0,0
მრავალმხრივობა,0,0,0,0,0,0,0,0,0,0
ლექსი,0,0,0,0,0,0,0,0,0,0
ვერსია,0,0,0,0,0,0,0,0,0,0
წინააღმდეგ,1,0,0,0,0,1,0,0,0,0
ვერტ,0,0,0,0,0,0,0,0,0,0
ხერხემლის,0,0,0,0,0,0,0,0,0,0
ხერხემლიანი,0,0,0,0,0,0,0,0,0,0
წვერო,0,0,0,0,0,0,0,0,0,0
ვერტიკალური,0,0,0,0,0,0,0,0,0,0
ვერტიკალურად,0,0,0,0,0,0,0,0,0,0
თავბრუსხვევა,0,0,0,1,0,1,0,0,0,0
ვერცხლისწყალი,0,0,0,0,0,0,1,0,0,0
ვეზიკულა,0,0,0,0,0,0,0,0,0,0
ვეზიკულური,0,0,1,0,0,0,0,0,0,0
ჭურჭელი,0,0,0,0,0,0,0,0,0,0
ჟილეტი,0,0,0,0,0,0,0,0,0,0
ჟილეტიანი,0,0,0,0,0,0,0,0,0,0
ვესტიბიული,0,0,0,0,0,0,0,0,0,0
ნაშთი,0,0,0,0,0,0,0,0,0,0
ვეტერინარი,0,0,0,0,0,0,0,0,0,0
ვეტერანი,0,0,0,0,0,0,1,0,0,1
ვეტერინარი,0,0,0,0,0,0,0,0,0,0
ვეტო,1,0,0,0,0,1,0,0,0,0
სიცოცხლისუნარიანობა,0,0,0,0,0,0,0,0,0,0
სიცოცხლისუნარიანი,0,0,0,0,0,0,0,0,0,0
ვიადუკი,0,0,0,0,0,0,0,0,0,0
ფლაკონი,0,0,0,0,0,0,0,0,0,0
ვიბრაცია,0,0,0,0,0,0,0,0,0,0
ვიბრაცია,0,0,0,0,0,0,0,0,0,0
ვიბრაციული,0,0,0,0,0,0,0,0,0,0
მეუფე,0,0,0,0,0,0,1,0,0,1
მოადგილე,0,0,0,0,0,0,0,0,0,0
ვიცე,0,0,0,0,0,1,0,0,0,0
მიმდებარედ,0,0,0,0,0,0,0,0,0,0
მანკიერი,1,0,1,0,0,1,0,0,0,0
მსხვერპლი,1,0,0,1,0,1,0,1,0,0
მსხვერპლი გახდა,1,0,1,1,0,1,0,1,1,0
გამარჯვებული,0,0,0,0,1,0,1,0,0,0
ვიქტორია,0,0,0,0,0,0,0,0,0,0
გამარჯვებული,0,0,0,0,1,0,1,0,0,0
გამარჯვება,0,1,0,0,1,0,1,0,0,1
ვიდეოფირი,0,0,0,0,0,0,0,0,0,0
ვიე,0,0,0,0,0,0,0,0,0,0
ხედი,0,0,0,0,0,0,0,0,0,0
სიფხიზლე,0,1,0,0,0,0,0,0,0,0
სიფხიზლე,0,1,0,0,0,0,1,0,0,1
ფხიზლად,0,0,0,1,0,0,1,0,0,1
ვინეტი,0,0,0,0,0,0,0,0,0,0
ენერგიულობა,0,0,0,0,0,0,1,0,0,0
ენერგიული,0,0,0,0,0,0,1,0,0,1
ვიკინგები,0,0,0,0,0,0,0,0,0,0
ვილა,0,0,0,0,0,0,0,0,0,0
სოფელი,0,0,0,0,0,0,0,0,0,0
სოფლელი,0,0,0,0,0,0,1,0,0,1
ბოროტმოქმედი,0,0,0,1,0,1,0,0,0,0
ბოროტმოქმედი,1,0,1,1,0,1,0,0,0,0
ვინეგრეტი,0,0,0,0,0,0,0,0,0,0
გაამართლებს,1,0,0,0,0,0,0,0,0,0
გაამართლა,0,0,0,0,0,0,1,0,0,0
გამართლება,0,1,0,0,1,0,1,0,0,1
შურისმაძიებელი,1,0,1,0,0,1,0,0,0,0
ძმარი,0,0,0,0,0,0,0,0,0,0
ვენახი,0,0,0,0,0,0,0,0,0,0
ალტი,0,0,0,0,0,0,0,0,0,0
დარღვევა,1,0,0,1,0,1,0,1,1,0
ძალადობა,1,0,0,1,0,1,0,1,0,0
ძალადობრივი,1,0,1,1,0,1,0,0,1,0
უხეშად,1,0,1,1,0,1,0,1,0,0
იისფერი,0,0,0,0,0,0,0,0,0,0
ვიოლინო,0,0,0,0,0,0,0,0,0,0
მევიოლინე,0,0,0,0,0,0,0,0,0,0
გველგესლას,0,0,0,1,0,1,0,0,0,0
ქალწული,0,0,0,0,0,0,1,0,0,1
ქალწულობა,0,1,0,0,0,0,1,0,0,0
ვირუსოლოგია,0,0,0,0,0,0,0,0,0,0
ვირტუალური,0,0,0,0,0,0,0,0,0,0
ვირტუალურად,0,0,0,0,0,0,0,0,0,0
სათნოება,0,0,0,0,0,0,1,0,0,1
ვირტუოზი,0,0,0,0,0,0,0,0,0,0
სათნო,0,0,0,0,1,0,1,0,0,1
ვირულენტობა,1,0,0,1,0,1,0,0,0,0
ვირუსი,0,0,0,0,0,1,0,0,0,0
ვიზა,0,0,0,0,0,0,0,0,0,0
ვიზაჟი,0,0,0,0,0,0,0,0,0,0
სიბლანტე,0,0,0,0,0,0,0,0,0,0
ბლანტი,0,0,0,0,0,0,0,0,0,0
ვიზა,0,0,0,0,0,0,0,0,0,0
ხილვადობა,0,0,0,0,0,0,0,0,0,0
ხილული,0,0,0,0,0,0,0,0,0,0
ხილულად,0,0,0,0,0,0,0,0,0,0
ხედვა,0,1,0,0,0,0,1,0,0,0
მეოცნებე,0,1,0,0,1,0,1,0,0,1
ვიზიტი,0,0,0,0,0,0,1,0,0,0
ვიზიტი,0,0,0,0,0,1,0,0,0,0
სტუმრად,0,0,0,0,0,0,0,0,0,0
სტუმარი,0,1,0,0,1,0,1,0,0,0
ვიზორი,0,1,0,0,0,0,0,0,1,0
ხედვა,0,0,0,0,0,0,0,0,0,0
ვიზუალური,0,0,0,0,0,0,0,0,0,0
ვიზუალიზაცია,0,0,0,0,0,0,0,0,0,0
სასიცოცხლო,0,0,0,0,0,0,1,0,0,0
სიცოცხლისუნარიანობა,0,0,0,0,1,0,1,0,0,1
მინისებური,0,0,0,0,0,0,0,0,0,0
ცოცხალი,0,0,0,0,1,0,1,0,0,0
ცოცხალი,0,0,0,0,1,0,1,0,0,0
ვიქსენი,0,0,0,0,0,1,0,0,0,0
ლექსიკა,0,0,0,0,0,0,1,0,0,0
ვოკალური,0,0,0,0,0,0,0,0,0,0
ვოკალისტი,0,0,0,0,0,0,0,0,0,0
მოწოდება,0,0,0,0,0,0,0,0,0,0
მოდა,0,0,0,0,0,0,0,0,0,0
ხმა,0,0,0,0,0,0,0,0,0,0
უხმოდ,0,0,0,0,0,0,0,0,0,0
ბათილად,0,0,0,0,0,0,0,0,0,0
არასტაბილურობა,1,1,0,1,0,1,0,0,1,0
ვულკანური,0,0,0,0,0,0,0,0,0,0
ვულკანის,0,0,0,1,0,1,0,0,1,0
ნებისყოფა,0,0,0,0,0,0,0,0,0,0
ფრენბურთი,0,0,0,0,0,0,0,0,0,0
ვოლტმეტრი,0,0,0,0,0,0,0,0,0,0
მოცულობა,0,0,0,0,0,0,0,0,0,0
მოცულობითი,0,0,0,0,0,0,0,0,0,0
ნებაყოფლობით,0,0,0,0,0,0,0,0,0,0
ნებაყოფლობითი,0,0,0,0,0,0,0,0,0,0
მოხალისე,0,1,0,1,1,0,1,0,0,1
მოხალისეობა,0,0,0,0,0,0,0,0,0,0
მოხალისეები,0,0,0,0,0,0,0,0,0,1
ვნებამორეული,0,1,0,0,1,0,1,0,0,0
ღებინება,0,0,1,0,0,0,0,0,0,0
ღებინება,0,0,0,0,0,1,0,0,0,0
ვუდუ,0,0,0,0,0,1,0,0,0,0
მტაცებელი,0,0,0,0,0,0,0,0,0,0
მორევი,0,0,0,0,0,0,0,0,0,0
ხმის მიცემა,1,1,0,0,1,1,1,1,1,1
ხმის მიცემა,0,0,0,0,0,0,0,0,0,0
აღთქმა,0,0,0,0,0,0,0,0,0,1
გარანტია,0,0,0,0,0,0,1,0,0,1
ვაუჩერი,0,0,0,0,0,0,0,0,0,1
აღთქმა,0,1,0,0,1,0,1,0,0,1
ხმოვანი,0,0,0,0,0,0,0,0,0,0
ვოიაჟი,0,1,0,0,0,0,0,0,0,0
ვოიაჯერი,0,0,0,0,0,0,0,0,0,0
ვულგარული,0,0,1,0,0,1,0,0,0,0
ვულგარულობა,1,0,1,0,0,1,0,1,0,0
დაუცველობა,0,0,0,1,0,1,0,1,0,0
დაუცველი,0,0,0,0,0,0,0,0,0,0
ულვა,0,0,1,1,0,1,0,0,0,0
ვადი,0,0,0,0,0,0,0,0,0,0
უეიდი,0,0,0,0,0,0,0,0,0,0
ვაფლი,0,0,0,0,0,0,0,0,0,0
ვაფლი,1,0,0,0,0,1,0,1,0,0
რხევა,0,0,0,0,0,0,0,0,0,0
ფსონი,0,0,0,0,0,0,0,0,0,0
ხელფასები,0,0,0,0,1,0,1,0,0,0
ვაგონი,0,0,0,0,0,0,0,0,0,0
ტირილი,0,0,0,1,0,1,0,1,0,0
წელის,0,0,0,0,0,0,0,0,0,0
ჟილეტი,0,0,0,0,0,0,0,0,0,0
დაელოდე,0,1,0,0,0,1,0,0,0,0
მიმტანი,0,0,0,0,0,0,0,0,0,0
ელოდება,0,0,0,0,0,0,0,0,0,0
უარი თქვას,0,0,0,0,0,0,0,0,0,0
გაღვიძება,0,0,0,0,0,0,0,0,0,0
ფეხით,0,0,0,0,0,0,0,0,0,0
მოსიარულე,0,0,0,0,0,0,0,0,0,0
კედელი,0,0,0,0,0,0,0,0,0,0
საფულე,0,0,0,0,0,0,0,0,0,0
ღრიალი,0,0,1,0,0,1,0,1,0,0
კაკალი,0,0,0,0,0,0,0,0,0,0
ვალსი,0,0,0,0,0,0,0,0,0,0
მათ,0,0,0,1,0,1,0,1,0,0
კვერთხი,0,0,0,0,0,0,0,0,0,0
ხეტიალი,0,0,0,0,0,0,0,0,0,0
მოხეტიალე,0,0,0,0,0,0,0,0,0,0
მოხეტიალე,0,0,0,0,0,0,0,0,0,0
იკლებს,0,0,0,0,0,1,0,1,0,0
მცირდება,0,0,0,0,0,0,0,0,0,0
მსურველი,0,0,0,0,0,1,0,1,0,0
ომი,0,0,0,1,0,1,0,0,0,0
მეჭეჭი,0,0,0,0,0,0,0,0,0,0
პალატა,0,0,0,0,0,0,0,0,0,0
მცველი,1,0,0,1,0,1,0,0,0,1
გარდერობი,0,0,0,0,0,0,0,0,0,0
ნაკეთობა,0,0,0,1,0,1,0,0,0,0
საწყობი,0,0,0,0,0,0,0,0,0,0
ომი,1,0,0,1,0,1,0,1,0,0
მეომარი,1,0,0,1,0,1,0,0,0,0
მეომარი,0,0,0,1,0,0,0,0,0,0
დათბობა,0,0,0,0,0,0,0,0,0,0
გაფრთხილება,0,1,0,1,0,1,0,0,1,1
გაფრთხილებული,0,1,0,1,0,0,0,0,1,0
გაფრთხილება,0,0,0,1,0,0,0,0,0,0
დეფორმაცია,1,0,0,0,0,1,0,1,0,0
დახრილი,0,0,0,0,0,1,0,0,0,0
ორდერი,0,0,0,0,0,0,0,0,0,0
გარანტირებული,0,0,0,0,0,0,0,0,0,0
ორდერები,0,0,0,0,0,0,0,0,0,0
გარანტია,0,0,0,0,0,0,1,0,0,1
უორენი,0,0,0,0,0,0,0,0,0,0
მეომარი,1,0,0,1,0,0,1,0,0,0
მეჭეჭა,0,0,1,0,0,1,0,0,0,0
დამფრთხალი,0,0,0,1,0,0,0,0,0,0
სარეცხი,0,0,0,0,0,0,0,0,0,0
სარეცხი,0,0,0,0,0,0,0,0,0,0
გამორეცხვა,0,0,0,0,0,0,0,0,0,0
ვოსპი,0,0,0,0,0,0,0,0,0,0
დახარჯვა,0,0,1,0,0,1,0,0,0,0
გაფლანგა,1,0,1,0,0,1,0,0,0,0
მფლანგველი,1,0,1,0,0,1,0,1,0,0
გაფლანგვა,0,0,1,1,0,1,0,1,0,0
უყურებს,0,1,0,1,0,0,0,0,0,0
მცველი,0,0,0,0,0,0,1,0,0,1
ფხიზლად,0,0,0,0,0,0,1,0,0,1
დარაჯი,0,0,0,0,0,0,1,0,0,1
წყალი,0,0,0,0,0,0,0,0,0,0
წყლის ნაკადი,0,0,0,0,0,0,0,0,0,0
მორწყული,0,0,0,0,0,0,0,0,0,0
წყალგაუმტარი,0,0,0,0,0,0,1,0,0,0
წყალსადენის,0,0,0,0,0,0,0,0,0,0
წყლიანი,0,0,0,0,0,1,0,0,0,0
ტალღა,0,0,0,0,0,0,0,0,0,0
მერყევი,0,0,0,1,0,1,0,0,0,0
მერყევი,0,0,0,0,0,0,0,0,0,0
ტალღები,0,0,0,0,0,0,0,0,0,0
ტალღოვანი,0,0,0,0,0,0,0,0,0,0
ცვილი,0,0,0,0,0,0,0,0,0,0
ცვილისებრი,0,0,0,0,0,0,0,0,0,0
გზები,0,0,0,0,0,0,0,0,0,0
გზააბნეული,0,0,0,0,0,0,0,0,0,0
დასუსტებული,0,0,0,0,0,1,0,0,0,0
სუსტად,0,0,0,1,0,1,0,1,0,0
სისუსტე,0,0,0,0,0,1,0,0,0,0
სიმდიდრე,0,0,0,0,1,0,1,0,0,1
მდიდარი,0,0,0,0,0,0,0,0,0,0
იარაღი,0,0,0,0,0,0,0,0,0,0
აცვიათ,0,0,0,0,0,1,0,0,0,1
მობეზრებულად,0,0,0,0,0,1,0,1,0,0
დაღლილობა,0,0,0,0,0,1,0,1,0,0
ტარება,0,0,0,0,0,0,0,0,0,0
დაღლილი,0,0,0,0,0,1,0,1,0,0
ამინდი,0,0,0,0,0,0,0,0,0,0
გაფითრებული,0,0,0,0,0,0,0,0,0,0
ამინდის მდგრადი,0,0,0,0,0,0,1,0,0,0
ქსოვა,0,0,0,0,0,0,0,0,0,0
ვებ,0,0,0,0,0,0,0,0,0,0
ოთხ,0,0,0,0,0,0,0,0,0,0
დაქორწინდა,0,0,0,0,0,0,0,0,0,0
სოლი,0,0,0,0,0,0,0,0,0,0
ვაი,0,0,0,0,0,0,0,0,0,0
სარეველა,0,0,0,0,0,0,0,0,0,0
სარეველას მოცილება,0,0,0,0,0,0,0,0,0,0
სარეველა,0,0,0,0,0,1,0,1,0,0
სარეველა,0,0,0,0,0,0,0,0,0,0
კვირა,0,0,0,0,0,0,0,0,0,0
ყოველკვირეული,0,0,0,0,0,0,0,0,0,0
ტირილი,0,0,0,0,0,1,0,1,0,0
ტირილი,0,0,0,0,0,0,0,1,0,0
წონაში,0,1,0,0,0,0,0,0,0,1
წონით,0,0,0,0,0,0,0,0,0,0
წონა,0,1,1,1,1,1,1,1,1,1
უწონო,0,0,0,0,0,0,0,0,0,0
წონები,0,0,0,0,0,0,0,0,0,0
წონიანი,0,0,0,1,0,0,0,0,0,0
კაშხალი,0,0,0,0,0,0,0,0,0,0
უცნაური,0,0,1,0,0,1,0,0,0,0
უცნაური,0,0,0,1,0,1,0,0,0,0
მიესალმა,0,0,0,0,1,0,1,0,0,0
შედუღება,0,0,0,0,0,0,0,0,0,0
კეთილდღეობა,0,0,0,0,0,0,0,0,0,0
ჭაბურღილი,0,0,0,0,0,0,0,0,0,0
ველური,0,0,0,0,0,0,0,0,0,0
ვენ,0,0,0,0,0,1,0,0,0,0
ვენჩი,1,0,1,0,0,1,0,0,0,0
დასავლეთ,0,0,0,0,0,0,0,0,0,0
სველი,0,0,0,0,0,0,0,0,0,0
ტკაცუნი,0,0,0,0,0,1,0,0,0,0
ვეშაპი,0,0,0,0,0,0,0,0,0,0
ვჰამ,0,0,0,0,0,0,0,0,0,0
ნავსადგური,0,0,0,0,0,0,0,0,0,0
რაც არ უნდა იყოს,0,0,0,0,0,0,0,0,0,0
საჭე,0,0,0,0,0,0,0,0,0,0
დისკები,0,0,0,0,0,0,0,0,0,0
ადგილსამყოფელი,0,0,0,0,0,0,0,0,0,0
ამიტომ,0,0,0,0,0,0,0,0,0,0
რომლითაც,0,0,0,0,0,0,0,0,0,0
რითაც,0,0,0,0,0,0,0,0,0,0
ჭკნება,0,0,0,0,0,0,0,0,0,0
სუნთქვა,0,0,0,0,0,0,0,0,0,0
ხოლო,0,0,0,0,0,0,0,0,0,0
ახირება,0,1,0,0,1,1,0,0,1,0
კვნესა,0,0,0,1,0,0,0,1,0,0
ახირებული,0,0,0,0,1,0,0,0,0,0
ახირება,0,0,0,0,0,0,0,0,0,0
წუწუნი,0,0,1,0,0,1,0,1,0,0
მათრახი,1,0,0,0,0,1,0,0,0,0
მორევა,0,0,0,0,0,0,0,0,0,0
მორევი,0,0,0,1,0,0,0,0,0,0
მორევი,0,0,0,1,0,1,0,0,0,0
ათქვიფეთ,0,0,0,0,0,0,0,0,0,0
ულვაში,0,0,0,0,0,0,0,0,0,0
ვისკი,0,0,0,0,0,1,0,0,0,0
ჩურჩული,0,0,0,0,0,0,0,0,0,0
ჩაიჩურჩულა,0,0,0,0,0,0,0,0,0,0
სასტვენი,0,0,0,0,0,0,0,0,0,0
თეთრი,0,0,0,0,0,0,0,0,0,0
სითეთრე,0,0,0,0,1,0,1,0,0,0
მოთეთრო,0,0,0,0,0,0,0,0,0,0
ვიზი,0,0,0,0,0,0,0,0,0,0
ჯანსაღი,0,0,0,0,0,0,1,0,0,1
მთლიანად,0,0,0,0,0,0,0,0,0,0
უი,0,0,0,0,0,0,0,0,0,0
უზარმაზარი,0,0,0,0,0,0,0,0,0,0
მეძავი,0,0,1,0,0,1,0,0,0,0
ფითილი,0,0,0,0,0,0,0,0,0,0
ბოროტი,0,0,0,1,0,1,0,0,0,0
ბოროტება,0,0,1,0,0,1,0,0,0,0
წნული,0,0,0,0,0,0,0,0,0,0
ვიკეტი,0,0,0,0,0,0,1,0,0,0
ფართო,0,0,0,0,0,0,0,0,0,0
ფართოდ,0,0,0,0,0,0,0,0,0,0
გაფართოვდეს,0,0,0,0,0,0,0,0,0,0
ფართოდ გავრცელებული,0,0,0,0,0,0,1,0,0,0
ქვრივი,0,0,0,0,0,0,0,1,0,0
ქვრივი,0,0,0,0,0,0,0,1,0,0
სიგანე,0,0,0,0,0,0,0,0,0,0
მართავდნენ,0,0,0,0,0,0,0,0,0,0
ცოლი,0,0,0,0,0,0,0,0,0,0
პარიკი,0,0,0,0,0,0,0,0,0,0
წონა,0,0,0,0,0,0,0,0,0,0
ველური,0,0,0,0,0,1,0,0,1,0
ველური კატა,0,0,0,0,0,1,0,0,0,0
უდაბნო,0,1,0,1,0,0,0,1,0,0
ტყის ხანძარი,0,0,0,1,0,1,0,1,1,0
განზრახ,1,0,0,0,0,1,0,1,0,0
ნებით,0,0,0,0,0,0,1,0,0,0
სურვილი,0,0,0,0,0,0,1,0,0,0
ტირიფი,0,0,0,0,0,0,0,0,0,0
გაფითრებული,0,0,0,0,0,0,0,0,0,0
მზაკვრული,0,0,0,0,0,0,0,0,0,0
გაწბილება,0,0,1,1,0,1,0,0,0,0
დაღლილი,1,0,1,1,0,1,0,1,0,0
გაწბილება,1,0,1,1,0,1,0,1,0,0
ჯალამბარი,0,0,0,0,0,0,0,0,0,0
ქარი,0,0,0,0,0,0,0,0,0,0
მოულოდნელი,0,0,0,0,0,0,1,0,0,0
გრაგნილი,0,0,0,0,0,0,0,0,0,0
ქარის წისქვილი,0,0,0,0,0,0,0,0,0,0
ფანჯარა,0,0,0,0,0,0,0,0,0,0
ქარიანი,0,0,0,0,0,0,0,0,0,0
ღვინო,0,0,0,0,0,0,0,0,0,0
ფრთა,0,0,0,0,0,0,0,0,0,0
ფრთიანი,0,0,0,0,0,0,0,0,0,0
თვალის ჩაკვრა,0,0,0,0,0,0,0,0,0,0
გამარჯვებული,0,1,0,0,1,0,1,0,1,0
გამარჯვების,0,1,1,0,1,0,1,1,1,1
მოგება,0,1,0,0,1,0,1,0,0,0
ზამთარი,0,0,0,0,0,0,0,0,0,0
ზამთრის,0,0,0,0,0,0,0,0,0,0
წაშალეთ,0,0,0,0,0,0,0,0,0,0
მავთული,0,0,0,0,0,0,0,0,0,0
უკაბელო,1,1,0,0,0,0,1,0,1,0
ბრძენი,0,0,0,0,0,0,1,0,0,0
სიბრძნე,0,0,0,0,0,0,1,0,0,1
ბრძენი,0,0,0,0,0,0,1,0,0,0
სურვილისამებრ,0,1,0,0,0,0,0,0,0,0
მგზნებარე,0,0,0,0,0,0,0,0,0,0
ჭკუა,0,0,0,0,0,0,1,0,0,0
ჯადოქარი,1,0,1,1,0,1,0,0,0,0
ჯადოქრობა,1,0,0,1,0,1,0,1,0,0
ერთად,0,0,0,0,0,0,0,0,0,0
ამოღება,0,0,0,0,0,1,0,1,0,0
გაყვანა,0,0,0,0,0,0,0,0,0,0
გახმება,0,0,0,0,0,1,0,1,0,0
გამხმარი,0,0,1,0,0,1,0,0,0,0
გაუძლებს,0,1,0,1,0,0,1,0,0,0
მოწმე,0,0,0,0,0,0,0,0,0,1
ჭკუა,0,0,0,0,0,0,1,0,0,0
მახვილგონივრული,0,0,0,0,1,0,1,0,0,0
ოსტატი,0,1,0,0,0,0,1,0,1,0
ვაი,0,0,1,1,0,1,0,1,0,0
საწყალი,0,0,0,0,0,1,0,1,0,0
სავალალოდ,0,0,1,0,0,1,0,1,0,0
ქალურობა,0,0,0,0,0,0,0,0,0,0
ქალური,0,0,0,0,0,0,0,0,0,0
საშვილოსნო,0,0,0,0,0,0,1,0,0,0
მშვენიერი,0,0,0,0,1,0,1,0,1,1
საოცრად,0,0,0,0,1,0,1,0,1,0
საოცარი,0,0,0,0,0,0,1,0,0,0
არა,0,1,0,0,0,0,0,0,0,0
ვაუ,0,0,0,0,0,0,0,0,0,0
ტყე,0,0,0,0,0,0,0,0,0,0
ხის კვეთა,0,0,0,0,0,0,0,0,0,0
ხის,0,0,0,0,0,0,0,0,0,0
ტყეები,0,0,0,0,0,0,0,0,0,0
ვუდი,0,0,0,0,0,0,0,0,0,0
მოწონება,0,0,0,0,0,0,0,0,0,0
მატყლი,0,0,0,0,0,0,0,0,0,0
მატყლიანი,0,0,0,0,0,0,0,0,0,0
ვაფ,1,0,0,0,0,0,0,0,0,0
სიტყვა,0,0,0,0,0,0,1,0,0,1
ფორმულირება,0,0,0,0,0,0,0,0,0,0
სიტყვები,1,0,0,0,0,1,0,0,0,0
სიტყვიერი,0,0,0,0,0,0,0,0,0,0
მუშაობა,0,0,0,0,0,0,0,0,0,0
სამუშაო წიგნი,0,0,0,0,0,0,0,0,0,0
მუშაკი,0,0,0,0,0,0,0,0,0,0
სამუშაო,0,0,0,0,0,0,1,0,0,0
მუშაკი,0,0,0,0,0,0,0,0,0,0
შრომისმოყვარეობა,0,0,0,0,0,0,0,0,0,0
სამუშაო ადგილი,0,0,0,0,0,0,0,0,0,0
მუშაობს,0,0,0,0,0,0,0,0,0,0
სახელოსნო,0,0,0,0,0,0,0,0,0,0
მსოფლიო,0,0,0,0,0,0,0,0,0,0
ამქვეყნიური,0,0,0,0,0,0,0,0,0,0
მთელ მსოფლიოში,0,0,0,0,0,0,0,0,0,0
ჭია,0,1,0,0,0,1,0,0,1,0
ნახმარი,0,0,0,0,0,1,0,1,0,0
შეშფოთებული,0,0,0,0,0,1,0,1,0,0
შეშფოთება,0,1,0,1,0,1,0,1,0,0
შემაშფოთებელი,0,1,0,1,0,1,0,1,0,0
უარესი,0,0,0,1,0,1,0,1,0,0
გაუარესება,0,0,1,0,0,1,0,1,0,0
თაყვანისცემა,0,1,0,1,1,0,1,0,0,1
ღირს,0,0,0,0,0,0,1,0,0,0
უსარგებლო,1,0,1,0,0,1,0,1,0,0
ღირსეული,0,0,0,0,0,0,1,0,0,1
ვტ,0,0,0,0,0,0,1,0,0,1
ჭრილობა,1,0,0,1,0,1,0,1,0,0
მეჩხუბარი,0,0,0,0,0,0,0,0,0,0
ჩხუბი,1,0,1,1,0,1,0,1,0,0
გადახვევა,0,0,0,0,0,0,0,0,0,0
შეფუთვა,0,0,0,0,0,0,0,0,0,0
შეფუთვა,0,0,0,0,0,0,0,0,0,0
რისხვა,1,0,0,1,0,1,0,0,0,0
გაფუჭება,1,0,0,0,0,1,0,0,0,0
გვირგვინი,0,0,0,0,0,0,0,0,0,0
დანგრევა,1,0,1,1,0,1,0,1,1,0
დანგრეული,1,0,0,1,0,1,0,1,0,0
გასაღები,0,0,0,0,0,1,0,0,0,0
ჩაჭიდება,0,0,0,0,0,0,0,0,0,0
ჭიდაობა,0,0,0,0,0,0,0,0,0,0
მოჭიდავე,0,0,0,0,0,0,0,0,0,0
ჭიდაობა,0,0,0,0,0,1,0,0,0,0
საწყალი,1,0,1,0,0,1,0,1,0,0
უვარგისი,0,0,1,0,0,1,0,1,0,0
რაიტი,0,0,0,0,0,0,0,0,0,0
გაწურვა,1,0,0,0,0,0,0,0,0,0
ნაოჭი,0,0,0,0,0,0,0,0,0,0
ნაოჭებიანი,0,0,0,0,0,0,0,1,0,0
მაჯა,0,0,0,0,0,0,0,0,0,0
სამაჯური,0,0,0,0,0,0,0,0,0,0
მაჯის საათი,0,0,0,0,0,0,0,0,0,0
ჩაწერა,0,0,0,0,0,0,0,0,0,0
დაწერე,0,0,0,0,0,0,0,0,0,0
მწერალი,0,0,0,0,0,0,1,0,0,0
წერა,0,0,0,0,0,0,0,0,0,0
დაწერილი,0,0,0,0,0,0,0,0,0,0
არასწორი,0,0,0,0,0,1,0,0,0,0
არასწორი ქმედება,1,0,1,0,0,1,0,1,0,0
არასწორი,1,0,1,0,0,1,0,1,0,0
არასწორად,1,0,0,1,0,1,0,1,0,0
დამუშავებული,0,0,0,0,0,1,0,0,0,0
ბრაზიანი,0,0,0,0,0,1,0,0,0,0
ქსენოფობია,0,0,0,1,0,1,0,0,0,0
ქსეროქსი,0,0,0,0,0,0,0,0,0,0
იახტა,0,0,0,0,0,0,0,0,0,0
იახტინგი,0,0,0,0,0,0,0,0,0,0
იაკ,0,0,0,0,0,0,0,0,0,0
იამ,0,0,0,0,0,0,0,0,0,0
იანკი,0,0,0,0,0,0,0,0,0,0
ეზო,0,0,0,0,0,0,0,0,0,0
ნართი,0,0,0,0,0,0,0,0,0,0
უი,0,0,0,0,0,0,0,0,0,0
იღიმება,0,0,0,0,0,1,0,0,0,0
ხახუნა,0,0,0,0,0,1,0,0,0,0
დიახ,0,0,0,0,0,0,0,0,0,0
წელიწადი,0,0,0,0,0,0,0,0,0,0
წელიწდეული,0,0,0,0,0,0,0,0,0,0
წელში,0,0,0,0,0,0,0,0,0,0
ყოველწლიურად,0,0,0,0,0,0,0,0,0,0
ლტოლვა,0,0,0,0,0,0,0,0,0,0
ლტოლვა,0,1,0,0,1,1,1,0,0,1
წლები,0,0,0,0,0,0,0,0,0,0
საფუარი,0,0,0,0,0,0,0,0,0,0
ყვირილი,1,0,0,1,0,1,0,0,1,0
ყვითელი,0,0,0,0,0,0,0,0,0,0
ყვითლები,0,0,0,0,0,1,0,0,0,0
ყვირილი,1,0,0,1,0,1,0,0,1,0
იომანი,0,0,0,0,0,0,0,0,0,0
გუშინ,0,0,0,0,0,0,0,0,0,0
გუშინდელი,0,0,0,0,0,0,0,0,0,0
უღელი,0,0,0,0,0,0,0,0,0,0
მოსავლიანობა,0,0,0,0,0,0,0,0,0,0
მომცემი,0,0,0,0,0,0,0,0,0,0
იოგი,0,0,0,0,0,0,0,0,0,0
უღელი,0,0,0,0,0,0,0,0,0,0
გული,0,0,0,0,0,0,0,0,0,0
იონ,0,0,0,0,0,0,0,0,0,0
იქით,0,0,0,0,0,0,0,0,0,0
ახალგაზრდობა,1,1,0,1,1,0,1,0,1,0
ამაზრზენი,0,0,0,0,0,0,0,0,1,0
zap,0,0,0,0,0,0,0,0,0,0
გულმოდგინება,0,1,0,0,1,0,1,0,1,1
გულმოდგინე,0,0,0,0,0,0,0,0,0,0
გულმოდგინე,0,0,0,0,1,0,1,0,0,1
ზებრა,0,0,0,0,0,0,0,0,0,0
ზენიტი,0,0,0,0,0,0,0,0,0,0
ზეფირი,0,0,0,0,0,0,0,0,0,0
ზეპელინი,0,0,0,0,0,0,0,0,0,0
ბუდე,0,1,0,0,1,0,1,0,0,1
zip,0,0,0,0,0,1,0,0,0,0
ზოდიაქო,0,0,0,0,0,0,0,0,0,0
ზონა,0,0,0,0,0,0,0,0,0,0
ზოოპარკი,0,0,0,0,0,0,0,0,0,0
ზოოლოგიური,0,0,0,0,0,0,0,0,0,0
ზოოლოგია,0,0,0,0,0,0,0,0,0,0
მასშტაბირება,0,0,0,0,0,0,0,0,0,0
