Hebrew Word,anger,anticipation,disgust,fear,joy,negative,positive,sadness,surprise,trust
המום,0,0,0,0,0,0,0,0,0,0
אַבַּקוּס,0,0,0,0,0,0,0,0,0,1
לִנְטוֹשׁ,0,0,0,1,0,1,0,1,0,0
נָטוּשׁ,1,0,0,1,0,1,0,1,0,0
נְטִישָׁה,1,0,0,1,0,1,0,1,1,0
לְשַׁכֵּך,0,0,0,0,0,0,0,0,0,0
הַפחָתָה,0,0,0,0,0,0,0,0,0,0
אבא,0,0,0,0,0,0,1,0,0,0
רֹאשׁ מִנזָר,0,0,0,0,0,0,0,0,0,1
לְקַצֵר,0,0,0,0,0,0,0,0,0,0
נוֹטָרִיקוֹן,0,0,0,0,0,0,0,0,0,0
בֶּטֶן,0,0,0,0,0,0,0,0,0,0
בִּטנִי,0,0,0,0,0,0,0,0,0,0
חֲטִיפָה,0,0,0,1,0,1,0,1,1,0
סוֹטֶה,0,0,0,0,0,1,0,0,0,0
סְטִיָה,0,0,1,0,0,1,0,0,0,0
מבוי סתום,0,0,0,0,0,0,0,0,0,0
לְתַעֵב,1,0,1,1,0,1,0,0,0,0
שָׂנוּא,1,0,1,1,0,1,0,0,0,0
לעמוד,0,0,0,0,0,0,0,0,0,0
יְכוֹלֶת,0,0,0,0,0,0,1,0,0,0
בָּזוּי,0,0,1,0,0,1,0,0,0,0
כְּרִיתָה,0,0,0,0,0,0,0,0,0,0
בָּאֵשׁ,0,0,0,0,0,0,0,0,0,0
לֹא נוֹרמָלִי,0,0,1,0,0,1,0,0,0,0
חוץ לארץ,0,0,0,0,0,0,0,0,0,0
מָקוֹם,0,0,0,0,0,0,0,0,0,0
לְבַטֵל,1,0,0,0,0,1,0,0,0,0
ביטול,0,0,0,0,0,1,0,0,0,0
מְתוֹעָב,0,0,1,1,0,1,0,0,0,0
תוֹעֵבָה,1,0,1,1,0,1,0,0,0,0
קַדמוֹן,0,0,0,0,0,0,0,0,0,0
לְהַפִּיל,0,0,0,0,0,1,0,0,0,0
הפלה,0,0,1,1,0,1,0,1,0,0
כּוֹשֵׁל,0,0,0,0,0,1,0,1,0,0
בשפע,0,0,0,0,0,0,0,0,0,0
לְעֵיל,0,0,0,0,0,0,1,0,0,0
שְׁחִיקָה,0,0,0,0,0,1,0,0,0,0
מחוץ לארץ,0,0,0,0,0,0,0,0,0,0
לבטל,0,0,0,0,0,1,0,0,0,0
פִּתְאוֹמִי,0,0,0,0,0,0,0,0,1,0
פִּתְאוֹם,0,0,0,0,0,0,0,0,0,0
מוּרְסָה,0,0,0,0,0,1,0,1,0,0
הֶעְדֵר,0,0,0,1,0,1,0,1,0,0
נֶעדָר,0,0,0,0,0,1,0,1,0,0
נִפקָד,0,0,0,0,0,1,0,1,0,0
הֵעָדְרוּת,0,0,0,0,0,1,0,0,0,0
אַבְּסִינְתְ,0,0,0,0,0,0,0,0,0,0
מוּחלָט,0,0,0,0,0,0,1,0,0,0
מְחִילָה,0,0,0,0,1,0,1,0,0,1
ספג,0,0,0,0,0,0,1,0,0,0
סוֹפֵג,0,0,0,0,0,0,0,0,0,0
מְרַתֵק,0,0,0,0,0,0,0,0,0,0
קְלִיטָה,0,0,0,0,0,0,0,0,0,0
לְהִתְנַזֵר,0,0,0,0,0,0,0,0,0,0
הִתנַזְרוּת,0,0,0,0,0,0,0,0,0,0
פְּרִישׁוּת,0,0,0,0,0,0,0,0,0,0
תַקצִיר,0,0,0,0,0,0,0,0,0,0
הַפשָׁטָה,0,0,0,0,0,0,0,0,0,0
אַבּסוּרדִי,0,0,0,0,0,1,0,0,0,0
אַבּסוּרדִיוּת,0,0,0,0,0,1,0,0,0,0
שפע,0,1,1,0,1,1,1,0,0,1
שׁוֹפֵעַ,0,0,0,0,1,0,1,0,0,0
התעללות,1,0,1,1,0,1,0,1,0,0
סמוך,0,0,0,0,0,0,0,0,0,0
aby,0,0,0,0,0,0,0,0,0,0
תְהוֹמִי,0,0,0,0,0,1,0,1,0,0
תהום,0,0,0,1,0,1,0,1,0,0
אקדמי,0,0,0,0,0,0,1,0,0,1
אֲקָדֶמִיָה,0,0,0,0,0,0,1,0,0,0
לְהַסכִּים,0,0,0,0,0,0,0,0,0,0
להאיץ,0,1,0,0,0,0,0,0,0,0
תְאוּצָה,0,0,0,0,0,0,0,0,0,0
מִבטָא,0,0,0,0,0,0,0,0,0,0
לְהַדגִישׁ,0,0,0,0,0,0,0,0,0,0
לְקַבֵּל,0,0,0,0,0,0,0,0,0,0
קָבִיל,0,0,0,0,0,0,1,0,0,0
קַבָּלָה,0,0,0,0,0,0,1,0,0,0
גִישָׁה,0,0,0,0,0,0,0,0,0,0
נגיש,0,0,0,0,0,0,1,0,0,0
הִצטָרְפוּת,0,0,0,0,0,0,0,0,0,0
אבזר,0,0,0,0,0,0,0,0,0,0
תְאוּנָה,0,0,0,1,0,1,0,1,1,0
מִקרִי,0,0,0,1,0,1,0,0,1,0
בטעות,0,0,0,0,0,0,0,0,1,0
לשבח,0,1,0,0,1,0,1,0,1,1
להתאים,0,0,0,0,0,0,0,0,0,0
דִיוּר,0,0,0,0,0,0,1,0,0,0
לִוּוּי,0,1,0,0,1,0,1,0,0,1
ללוות,0,0,0,0,0,0,0,0,0,0
מתלווה,0,0,0,0,0,0,0,0,0,0
שׁוּתָף,0,0,0,0,0,0,0,0,0,0
לְהַשִׂיג,0,0,0,0,1,0,1,0,0,0
השיג,0,0,0,0,1,0,1,0,0,0
הישג,0,0,0,0,0,0,1,0,0,0
הֶסכֵּם,0,0,0,0,0,0,1,0,0,1
בהתאם,0,0,0,0,0,0,0,0,0,0
אַקוֹרדִיוֹן,0,0,0,0,0,0,0,0,0,0
חֶשְׁבּוֹן,0,0,0,0,0,0,0,0,0,1
אחריות,0,0,0,0,0,0,1,0,0,1
אַחֲרַאִי,0,0,0,0,0,0,1,0,0,1
רואת חשבון,0,0,0,0,0,0,0,0,0,1
ראיית חשבון,0,0,0,0,0,0,0,0,0,0
חשבונות,0,0,0,0,0,0,0,0,0,1
מוסמכת,0,0,0,0,0,0,1,0,0,1
הִצטַבְּרוּת,0,0,0,0,0,0,0,0,0,0
לצבור,0,0,0,0,0,0,0,0,0,0
accueil,0,0,0,0,0,0,1,0,0,0
לִצְבּוֹר,0,0,0,0,0,0,0,0,0,0
הצטברות,0,0,0,0,0,0,0,0,0,0
דיוק,0,0,0,0,0,0,0,0,0,0
מְדוּיָק,0,0,0,0,0,0,1,0,0,1
אָרוּר,1,0,0,1,0,1,0,1,0,0
הַאֲשָׁמָה,1,0,1,0,0,1,0,0,0,0
מאשים,0,0,0,0,0,1,0,0,0,0
מואשם,1,0,0,1,0,1,0,0,0,0
מַאֲשִׁים,1,0,0,1,0,1,0,0,0,0
מאשים,1,0,0,1,0,1,0,0,0,0
רָגִיל,0,0,0,0,0,0,0,0,0,0
אֵס,0,0,0,0,0,0,1,0,0,0
אצטית,0,0,0,0,0,0,0,0,0,0
כְּאֵב,0,0,0,0,0,1,0,1,0,0
לְהַשִׂיג,0,0,0,0,1,0,1,0,0,1
הֶשֵׂג,0,1,0,0,1,0,1,0,0,1
כּוֹאֵב,0,0,0,0,0,1,0,1,0,0
חוּמצָה,0,0,0,0,0,1,0,0,0,0
חוּמצִיוּת,0,0,0,0,0,0,0,0,0,0
לְהוֹדוֹת,0,0,0,0,0,0,0,0,0,0
הודה,0,0,0,0,0,0,0,0,0,0
הכרה,0,0,0,0,0,0,1,0,0,0
שִׂיא,0,0,0,0,0,0,0,0,0,0
אֲקוּסְטִי,0,0,0,0,0,0,0,0,0,0
אֲקוּסְטִיקָה,0,0,0,0,0,0,0,0,0,0
להכיר,0,0,0,0,0,0,0,0,0,0
הֶכֵּרוּת,0,0,0,0,0,0,0,0,0,0
להכיר,0,0,0,0,0,0,0,0,0,0
הסכמה,0,0,0,0,0,0,0,0,0,0
לִרְכּוֹשׁ,0,0,0,0,0,0,1,0,0,0
רוכש,0,1,0,0,0,0,1,0,0,0
רְכִישָׁה,0,0,0,0,0,0,0,0,0,0
רכישות,0,0,0,0,0,0,0,0,0,0
שטח,0,0,0,0,0,0,0,0,0,0
דונם,0,0,0,0,0,0,0,0,0,0
אַקרוֹבָּט,0,0,0,1,1,0,1,0,0,1
פעולה,0,0,0,0,0,0,0,0,0,0
משחק,0,0,0,0,0,0,0,0,0,0
פעולה,0,0,0,0,0,0,1,0,0,0
ניתן לפעולה,1,0,1,0,0,1,0,0,0,0
פָּעִיל,0,0,0,0,0,0,0,0,0,0
פעילות,0,0,0,0,0,0,0,0,0,0
שַׂחְקָן,0,0,0,0,0,0,0,0,0,0
מַמָשִׁי,0,0,0,0,0,0,1,0,0,0
מְצִיאוּת,0,0,0,0,0,0,0,0,0,0
אַקטוּאָר,0,0,0,0,0,0,0,0,0,0
חדות,0,0,0,0,0,0,1,0,0,0
חוכמה,0,0,0,0,0,0,1,0,0,0
אַקוּפּוּנקטוּרָה,0,0,0,0,0,0,0,0,0,0
למעשה,0,0,0,0,0,0,0,0,0,0
פִּתגָם,0,0,0,0,0,0,0,0,0,0
נחוש,0,0,0,0,0,0,0,0,0,0
לְהִסְתָגֵל,0,0,0,0,0,0,1,0,0,0
סָגִיל,0,0,0,0,0,0,1,0,0,0
לְהוֹסִיף,0,0,0,0,0,0,0,0,0,0
הוסיף,0,0,0,0,0,0,0,0,0,0
תוֹסֶפֶת,0,0,0,0,0,0,0,0,0,0
פֶּתֶן,1,0,1,1,0,1,0,1,0,0
הִתמַכְּרוּת,0,0,0,0,0,1,0,0,0,0
חיבור,0,0,0,0,0,0,0,0,0,0
נוֹסָף,0,0,0,0,0,0,0,0,0,0
תוסף,0,0,0,0,0,0,0,0,0,0
כתובת,0,0,0,0,0,0,0,0,0,0
נִמעָן,0,0,0,0,0,0,0,0,0,0
כתובות,0,1,0,0,0,0,1,0,0,0
מְיוּמָן,0,0,0,0,0,0,1,0,0,0
הלימות,0,0,0,0,0,0,1,0,0,0
נאות,0,0,0,0,0,0,0,0,0,0
לִדבּוֹק,0,0,0,0,0,0,0,0,0,0
דְבֵקוּת,0,0,0,0,0,0,0,0,0,0
חָסִיד,0,0,0,0,0,0,0,0,0,0
דבקות,0,0,0,0,0,0,0,0,0,1
הַדבָּקָה,0,0,0,0,0,0,0,0,0,0
דבק,0,0,0,0,0,0,0,0,0,0
adieu,0,0,0,0,0,0,0,0,0,0
שומני,0,0,0,0,0,1,0,0,0,0
סמיכות,0,0,0,0,0,0,0,0,0,0
סמוך,0,0,0,0,0,0,0,0,0,0
תוֹאַר,0,0,0,0,0,0,0,0,0,0
צמודים,0,0,0,0,0,0,0,0,0,0
לִדחוֹת,0,0,0,0,0,0,0,0,0,0
דְחִיָה,0,0,0,0,0,0,0,0,0,0
לִפְסוֹק,0,0,0,1,0,1,0,0,0,0
שְׁפִיטָה,0,0,0,0,0,0,0,0,0,0
תוספת,0,0,0,0,0,0,1,0,0,0
לְהַתְאִים,0,0,0,0,0,0,0,0,0,0
התאמה,0,0,0,0,0,0,0,0,0,0
אדג'ובנט,0,0,0,0,0,0,0,0,0,0
לְנַהֵל,0,0,0,0,0,0,0,0,0,0
מִנהָל,0,0,0,0,0,0,0,0,0,0
מנהלי,0,0,0,0,0,0,0,0,0,1
ראוי להערצה,0,0,0,0,1,0,1,0,0,1
אַדמִירָל,0,0,0,0,0,0,1,0,0,1
אדמירליות,0,0,0,0,0,0,0,0,0,0
הערצה,0,0,0,0,1,0,1,0,0,1
לְהִתְפַּעֵל,0,0,0,0,0,0,1,0,0,1
מַעֲרִיץ,0,0,0,0,0,0,1,0,0,0
קבילות,0,0,0,0,0,0,0,0,0,0
קָבִיל,0,0,0,0,0,0,1,0,0,1
הוֹדָאָה,0,0,0,0,0,0,0,0,0,0
להתוודות,0,0,0,0,0,0,0,0,0,0
קבלה,0,0,0,0,0,0,0,0,0,0
הודה,0,0,0,0,0,0,0,0,0,0
מודה,0,0,0,0,0,0,0,0,0,0
תַעֲרוֹבֶת,0,0,0,0,0,0,0,0,0,0
תוֹכֵחָה,0,0,0,1,0,1,0,0,0,0
מְהוּמָה,0,0,0,0,0,0,0,0,0,0
adobe,0,0,0,0,0,0,0,0,0,0
גיל ההתבגרות,0,0,0,0,0,0,0,0,0,0
מִתבַּגֵר,0,0,0,0,0,0,0,0,0,0
לְאַמֵץ,0,0,0,0,0,0,0,0,0,0
אימוץ,0,0,0,0,0,0,0,0,0,0
מקסים,0,0,0,0,1,0,1,0,0,0
הַעֲרָצָה,0,0,0,0,1,0,1,0,0,1
לְהַעֲרִיץ,0,1,0,0,1,0,1,0,0,1
לְקַשֵׁט,0,0,0,0,0,0,0,0,0,0
תַכשִׁיט,0,0,0,0,0,0,0,0,0,0
נִסחָף,0,1,0,1,0,1,0,1,0,0
מְבוּגָר,0,0,0,0,0,0,0,0,0,0
מָהוּל,0,0,0,0,0,1,0,0,0,0
ניאוף,0,0,1,0,0,1,0,1,0,0
לְקַדֵם,0,1,0,1,1,0,1,0,1,0
מִתקַדֵם,0,0,0,0,0,0,1,0,0,0
הִתקַדְמוּת,0,0,0,0,0,0,1,0,0,0
מתקדמים,0,0,0,0,0,0,0,0,0,0
יתרון,0,0,0,0,0,0,1,0,0,0
מוֹעִיל,0,0,0,0,0,0,1,0,0,0
הִתגַלוּת,0,1,0,0,1,0,1,0,0,1
הַרפַּתקָה,0,1,0,0,0,0,1,0,0,0
הַרפַּתקָן,0,0,0,0,0,0,0,0,0,0
הרפתקני,0,0,0,0,0,0,1,0,0,0
יָרִיב,1,0,0,0,0,1,0,0,0,0
שְׁלִילִי,1,0,1,1,0,1,0,1,0,0
מְצוּקָה,1,0,0,1,0,1,0,1,0,0
לְפַרְסֵם,0,0,0,0,0,0,0,0,0,0
פרסומת,0,0,0,0,0,0,0,0,0,0
עֵצָה,0,0,0,0,0,0,0,0,0,1
רצוי,0,0,0,0,0,0,1,0,0,1
לייעץ עצה,0,0,0,0,0,0,1,0,0,1
יעץ,0,0,0,0,0,0,0,0,0,1
ייעוץ,0,0,0,0,0,0,0,0,0,0
יוֹעֵץ,0,0,0,0,0,0,1,0,0,1
פְּרַקְלִיטוּת,1,1,0,0,1,0,1,0,0,1
עוֹרֵך דִין,0,0,0,0,0,0,0,0,0,1
אגיס,0,0,0,0,0,0,0,0,0,0
אִוְרוּר,0,0,0,0,0,0,0,0,0,0
אַנטֶנָה,0,0,0,0,0,0,0,0,0,0
שְׂדֵה תְעוּפָה,0,0,0,0,0,0,0,0,0,0
אֲוִירוֹדִינָמִיקָה,0,0,0,0,0,0,0,0,0,0
תוֹרַת הַתְעוּפָה,0,0,0,0,0,0,0,0,0,0
מטוס,0,0,0,0,0,0,0,0,0,0
אֶסתֵטִי,0,0,0,0,0,0,1,0,0,0
אֶסתֵטִיקָה,0,0,0,0,1,0,1,0,0,0
אטיולוגיה,0,0,0,0,0,0,0,0,0,0
רחוק,0,0,0,0,0,0,0,0,0,0
מַסבִּיר פָּנִים,0,0,0,0,0,0,1,0,0,0
פָּרָשָׁה,0,0,0,0,0,0,0,0,0,0
משפיע,0,0,0,0,0,0,0,0,0,0
אַהֲבָה,0,0,0,0,1,0,1,0,0,1
חיבה,0,0,0,0,0,0,0,0,0,0
תצהיר,0,0,0,0,0,0,0,0,0,0
תצהיר,0,0,0,0,0,0,0,0,0,0
מְסוּנָף,0,0,0,0,0,0,1,0,0,0
השתייכות,0,0,0,0,0,0,0,0,0,0
זִיקָה,0,0,0,0,0,0,0,0,0,0
לְאַשֵׁר,0,0,0,0,0,0,1,0,0,1
חִיוּב,0,0,0,0,0,0,1,0,0,0
חִיוּבִי,0,0,0,0,0,0,1,0,0,0
בחיוב,0,0,0,0,0,0,1,0,0,1
לְהַדבִּיק,0,0,0,0,0,0,0,0,0,0
לְיַסֵר,0,0,0,1,0,1,0,1,0,0
מְעוּנֶה,0,0,0,0,0,1,0,0,0,0
מֶמֶר,0,0,1,1,0,1,0,1,0,0
שֶׁפַע,0,0,0,0,1,0,1,0,0,0
אָמִיד,0,0,0,0,0,0,1,0,0,0
לְהַרְשׁוֹת לְעַצמוֹ,0,0,0,0,0,0,1,0,0,0
עֶלבּוֹן,1,0,1,1,0,1,0,1,1,0
רחוק,0,0,0,0,0,0,0,0,0,0
לפני כן,0,0,0,0,0,0,0,0,0,0
שהוזכר לעיל,0,0,0,0,0,0,0,0,0,0
לְעֵיל,0,0,0,0,0,0,0,0,0,0
חוֹשֵׁשׁ,0,0,0,1,0,1,0,0,0,0
מִחָדָשׁ,0,0,0,0,0,0,0,0,0,0
אחורי,0,0,0,0,0,0,0,0,0,0
תוצאות,1,0,1,1,0,1,0,1,0,0
אחרי הצהריים,0,0,0,0,0,0,0,0,0,0
טעם לוואי,0,0,0,0,0,1,0,0,0,0
מחשבה שלאחר מכן,0,0,0,0,0,0,0,0,0,0
aga,0,0,0,1,0,0,1,0,0,1
בַּרֶקֶת,0,0,0,0,0,0,0,0,0,0
גיל,0,0,0,0,0,0,0,0,0,0
זָקֵן,0,0,0,0,0,0,0,0,0,0
סוֹכְנוּת,0,0,0,0,0,0,0,0,0,0
סוֹכֵן,0,0,0,0,0,0,0,0,0,0
הִצטַבְּרוּת,0,0,0,0,0,0,0,0,0,0
מחמיר,1,0,0,0,0,1,0,0,0,0
מַרגִיז,1,0,0,0,0,1,0,1,0,0
הַחמָרָה,1,0,1,0,0,1,0,0,0,0
לְקַבֵּץ,0,0,0,0,0,0,0,0,0,0
צבירה,0,0,0,0,0,0,0,0,0,0
תוֹקפָּנוּת,1,0,0,1,0,1,0,0,0,0
תוֹקפָּנִי,1,0,0,1,0,1,0,0,0,0
תוֹקפָּן,1,0,0,1,0,1,0,0,0,0
מזועזעת,0,0,1,1,0,1,0,0,1,0
זָרִיז,0,0,0,0,0,0,1,0,0,0
זְרִיזוּת,0,0,0,0,0,0,1,0,0,0
נִסעָר,1,0,0,0,0,1,0,0,0,0
תסיסה,1,0,0,0,0,1,0,0,0,0
כּוֹפֵר,0,0,0,0,0,0,0,0,0,0
לִפנֵי,0,0,0,0,0,0,0,0,0,0
מייסר,0,0,0,1,0,1,0,0,0,0
יסורים,1,0,0,1,0,1,0,1,0,0
לְהַסכִּים,0,0,0,0,0,0,1,0,0,0
נָעִים,0,0,0,0,0,0,1,0,0,1
מוסכם,0,0,0,0,0,0,1,0,0,1
מסכים,0,0,0,0,0,0,1,0,0,1
הֶסכֵּם,0,0,0,0,0,0,1,0,0,1
חַקלָאִי,0,0,0,0,0,0,0,0,0,0
חַקלָאוּת,0,0,0,0,0,0,1,0,0,0
עַל שִׂרטוֹן,0,0,0,0,0,1,0,0,0,0
אגואה,0,0,0,0,0,0,0,0,0,0
קָדִימָה,0,0,0,0,0,0,1,0,0,0
סיוע,0,0,0,0,0,0,1,0,0,0
סיוע,0,0,0,0,0,0,1,0,0,0
ail,0,0,0,0,0,1,0,1,0,0
חוֹלָנִי,0,0,0,1,0,1,0,1,0,0
חוֹלִי,0,0,0,0,0,0,0,0,0,0
מַטָרָה,0,0,0,0,0,0,0,0,0,0
חֲסַר תַכְלִית,0,0,0,0,0,1,0,0,0,0
אוויר,0,0,0,0,0,0,0,0,0,0
כרית אוויר,0,0,0,0,0,0,0,0,0,0
רַכֶּבֶת אֲוִירִית,0,0,0,0,0,0,0,0,0,0
חֶברַת תְעוּפָה,0,0,0,0,0,0,0,0,0,0
איש אוויר,0,0,0,0,0,0,0,0,0,0
מטוס,0,0,0,0,0,0,0,0,0,0
שדה תעופה,0,1,0,0,0,0,0,0,0,0
עולה לאוויר,0,0,1,0,0,1,0,0,0,0
ספינת אוויר,0,0,0,0,0,0,0,0,0,0
מַעֲבָר,0,0,0,0,0,0,0,0,0,0
אייט,0,0,0,0,0,0,0,0,0,0
פָּתוּחַ בְּמִקצָת,0,0,0,0,0,0,0,0,0,0
דומה,0,0,0,0,0,0,0,0,0,1
בַּהַט,0,0,0,0,0,0,1,0,0,0
אזעקה,0,0,0,1,0,1,0,0,1,0
מדאיג,0,0,0,1,0,1,0,0,1,0
alb,0,0,0,0,0,0,0,0,0,1
אַלבּוֹם,0,0,0,0,0,0,0,0,0,0
אַלכִּימְיָה,0,0,0,0,0,0,0,0,0,0
כּוֹהֶל,0,0,0,0,0,0,0,0,0,0
כָּהֳלִיוּת,1,0,1,1,0,1,0,1,0,0
גוּמחָה,0,0,0,0,0,0,0,0,0,0
עֵרָנִי,0,0,0,0,0,0,0,0,0,0
עֵרָנוּת,0,1,0,1,0,0,1,0,1,0
התראות,0,1,0,1,0,0,0,0,1,0
אַספֶּסֶת,0,0,0,0,0,0,0,0,0,0
אַלגֶבּרָה,0,0,0,0,0,0,0,0,0,0
אַלגֶבּרִי,0,0,0,0,0,0,0,0,0,0
אַלגוֹרִיתְם,0,0,0,0,0,0,0,0,0,0
אַלִיבִּי,0,0,0,0,0,0,0,0,0,0
חייזר,0,0,1,1,0,1,0,0,0,0
לְהַרְחִיק,1,0,1,0,0,1,0,0,0,0
מנוכר,0,0,0,0,0,1,0,1,0,0
הִתנַכְּרוּת,1,0,1,1,0,1,0,1,0,0
מוּאָר,0,0,0,0,0,0,0,0,0,0
מיושר,0,0,0,0,0,0,0,0,0,0
יישור,0,0,0,0,0,0,0,0,0,0
דוֹמֶה,0,0,0,0,0,0,0,0,0,0
מזון,0,0,0,0,0,0,1,0,0,0
מְזוֹנוֹת,0,0,0,0,0,1,0,0,0,0
aliquot,0,0,0,0,0,0,0,0,0,0
בחיים,0,1,0,0,1,0,1,0,0,1
אַלקָלִי,0,0,0,0,0,0,0,0,0,0
אלקלואידים,0,0,0,0,0,0,0,0,0,0
לְהַרְגִיעַ,0,0,0,0,0,0,1,0,0,0
האשמה,1,0,0,0,0,1,0,0,0,0
לטעון,0,0,0,0,0,1,0,0,0,0
כִּביָכוֹל,0,0,0,0,0,0,0,0,0,0
אֱמוּנִים,0,0,0,0,0,0,1,0,0,1
אַלֵגוֹרִי,0,0,0,0,0,0,0,0,0,0
אַלֵגוֹרִיָה,0,0,0,0,0,0,0,0,0,0
אלגרו,0,0,0,0,0,0,1,0,0,0
להקל,0,0,0,0,0,0,1,0,0,0
הֲקָלָה,0,0,0,0,0,0,1,0,0,0
סִמטָה,0,0,0,0,0,0,0,0,0,0
בְּרִית,0,0,0,0,0,0,0,0,0,1
בעלות ברית,0,0,0,0,0,0,1,0,0,1
תַנִין,0,0,0,0,0,0,0,0,0,0
לְהַקְצוֹת,0,0,0,0,0,0,0,0,0,0
הַקצָאָה,0,0,0,0,0,0,0,0,0,0
להקצות,0,0,0,0,0,0,0,0,0,0
הַקצָאָה,0,0,0,0,0,0,0,0,0,0
מותר,0,0,0,0,0,0,1,0,0,0
קצבה,0,0,0,0,0,0,0,0,0,0
מוּתָר,0,0,0,0,0,0,0,0,0,0
סַגסוֹגֶת,0,0,0,0,0,0,0,0,0,0
קֶסֶם,0,1,0,0,1,0,1,0,1,0
מפתה,0,0,0,0,0,0,1,0,0,0
רֶמֶז,0,0,0,0,0,0,0,0,0,0
סחף,0,0,0,0,0,0,0,0,0,0
ברית,0,0,0,0,0,0,1,0,0,1
אַלְמָנָך,0,0,0,0,0,0,0,0,0,0
כל יכול,0,0,0,0,0,0,1,0,0,0
באוויר,0,0,0,0,0,0,0,0,0,0
שלום,0,1,0,0,1,0,1,0,0,0
בַּצַד,0,0,0,0,0,0,0,0,0,0
מרוחק,0,0,0,0,0,1,0,0,0,0
בְּקוֹל רָם,0,0,0,0,0,0,0,0,0,0
אלף בית,0,0,0,0,0,0,0,0,0,0
אָלֶף בֵּיתִי,0,0,0,0,0,0,0,0,0,0
מִזבֵּחַ,0,0,0,0,0,0,0,0,0,0
לשנות,0,0,0,0,0,0,0,0,0,0
שינוי,0,0,0,0,0,0,0,0,0,0
קְטָטָה,1,0,0,0,0,1,0,0,0,0
השתנה,0,0,0,0,0,0,0,0,0,0
לְהַחלִיף,0,0,0,0,0,0,0,0,0,0
חֲלוּפָה,0,0,0,0,0,0,0,0,0,0
גוֹבַה,0,0,0,0,0,0,0,0,0,0
אַלט,0,0,0,0,0,0,0,0,0,0
לְגַמרֵי,0,0,0,0,0,0,0,0,0,0
בּוֹגֵר,0,0,0,0,0,0,0,0,0,0
alveolar,0,0,0,0,0,0,0,0,0,0
אֲמַלְגַמָה,0,0,0,0,0,0,0,0,0,0
הִתמַזְגוּת,0,0,0,0,0,0,0,0,0,0
לִצְבּוֹר,0,0,0,0,0,0,0,0,0,0
חוֹבְבָן,0,0,0,0,0,0,0,0,0,0
לְהַדהִים,0,0,0,0,0,0,0,0,1,0
הִשׁתָאוּת,0,0,0,0,0,0,0,0,0,0
באופן מדהים,0,0,0,0,1,0,1,0,1,0
שַׁגְרִיר,0,0,0,0,0,0,1,0,0,1
עַנבָּר,0,0,0,0,0,0,0,0,0,0
סביבה,0,0,0,0,0,0,0,0,0,0
דו משמעות,0,0,0,0,0,0,0,0,0,0
דו - משמעי,0,0,0,0,0,1,0,0,0,0
תחום,0,0,0,0,0,0,0,0,0,0
שְׁאַפתָנוּת,0,1,0,0,1,0,1,0,0,1
שְׁאַפתָנִי,0,0,0,0,0,0,0,0,0,0
אַמבּוּלַנס,0,0,0,1,0,0,0,0,0,1
מארב,1,0,0,1,0,1,0,0,1,0
לְשַׁפֵּר,0,0,0,0,0,0,1,0,0,0
אָמֵן,0,0,0,0,1,0,1,0,0,1
נגיש,0,0,0,0,0,0,1,0,0,0
לְתַקֵן,0,0,0,0,0,0,1,0,0,0
תיקון,0,0,0,0,0,0,0,0,0,0
מתקן,0,0,0,0,0,0,1,0,0,0
נוֹחוּת,0,0,0,0,0,0,1,0,0,0
אַחלָמָה,0,0,0,0,0,0,0,0,0,0
יְדִידוּתִי,0,0,0,0,0,0,1,0,0,0
ידידותי,0,0,0,0,1,0,1,0,0,0
בְּתוֹך,0,0,0,0,0,0,0,0,0,0
בְּתוֹך,0,0,0,0,0,0,0,0,0,0
אַמוֹנִיָה,0,0,1,0,0,0,0,0,0,0
תַחְמוֹשֶׁת,0,0,0,0,0,0,0,0,0,0
שִׁכחָה,0,0,0,0,0,1,0,0,0,0
חֲנִינָה,0,0,0,0,1,0,1,0,0,0
גָלוּם,0,0,0,0,0,0,0,0,0,0
פְּחָת,0,0,0,0,0,0,0,0,0,1
כמות,0,0,0,0,0,0,0,0,0,0
אהבה,0,1,0,0,1,0,1,0,0,1
אמפרסנד,0,0,0,0,0,0,0,0,0,0
אמפטמינים,0,0,1,0,0,1,0,0,0,0
דוּחַי,0,0,0,0,0,0,0,0,0,0
אַמפִיבִּי,0,0,0,0,0,0,0,0,0,0
אַמְפִיתֵאַטרוֹן,0,0,0,0,0,0,0,0,0,0
הַגבָּרָה,0,0,0,0,0,0,0,0,0,0
להגביר,0,0,0,0,0,0,0,0,0,0
אמפליטודה,0,0,0,0,0,0,0,0,0,0
בשפע,0,0,0,0,0,0,0,0,0,0
קְטִיעָה,0,0,0,0,0,0,0,0,0,0
קָמִיעַ,0,0,0,0,0,0,0,0,0,0
לְשַׁעֲשֵׁעַ,0,0,0,0,1,0,1,0,0,0
משועשע,0,0,0,0,1,0,1,0,0,0
שַׁעֲשׁוּעַ,0,0,0,0,1,0,1,0,0,0
משעשע,0,0,0,0,1,0,1,0,0,0
אנה,0,0,0,0,0,0,0,0,0,0
אנקונדה,0,0,1,1,0,1,0,0,0,0
הַרדָמָה,0,0,0,0,0,0,0,0,0,0
חומר הרדמה,0,0,0,0,0,0,0,0,0,0
אנאלי,0,0,0,0,0,1,0,0,0,0
מְשַׁכֵּך כְּאֵבִים,0,0,0,0,0,0,0,0,0,0
מַקְבִּיל,0,0,0,0,0,0,0,0,0,0
אנלוגי,0,0,0,0,0,0,0,0,0,0
אֲנָלוֹגִיָה,0,0,0,0,0,0,0,0,0,0
אָנָלִיזָה,0,0,0,0,0,0,0,0,0,0
מְנַתֵחַ,0,1,0,0,0,0,1,0,0,1
אֲנַאלִיטִי,0,0,0,0,0,0,0,0,0,0
לְנַתֵחַ,0,0,0,0,0,0,0,0,0,0
מנתח,0,0,0,0,0,0,0,0,0,0
אנרכיזם,1,0,0,1,0,1,0,0,0,0
אֲנַרכִיסט,1,0,0,1,0,1,0,0,0,0
אֲנַרכִיָה,1,0,0,1,0,1,0,0,0,0
הַשָׁקָה,0,0,0,0,0,0,0,0,0,0
חֵרֶם,1,0,1,1,0,1,0,1,0,0
אנטומי,0,0,0,0,0,0,0,0,0,0
אֲנָטוֹמִיָה,0,0,0,0,0,0,0,0,0,0
אָב קַדמוֹן,0,0,0,0,0,0,0,0,0,0
אבותי,0,0,0,0,0,0,0,0,0,1
שׁוֹשֶׁלֶת,0,0,0,0,0,0,0,0,0,0
לְעַגֵן,0,0,0,0,0,0,1,0,0,0
מַעֲגָן,0,0,0,0,0,0,1,1,0,0
עָתִיק,0,0,0,0,0,1,0,0,0,0
נלווה,0,0,0,0,0,0,0,0,0,0
אנדרוגן,0,0,0,0,0,0,0,0,0,0
כַּלָנִית,0,0,0,0,0,0,0,0,0,0
מִחָדָשׁ,0,0,0,0,0,0,0,0,0,0
מַלְאָך,0,1,0,0,1,0,1,0,1,1
מַלאָכִי,0,0,0,0,1,0,1,0,0,1
כַּעַס,1,0,0,0,0,1,0,0,0,0
אַנגִינָה,0,0,0,1,0,1,0,0,0,0
אנגיוגרפיה,0,0,0,0,0,0,0,0,0,0
זָוִית,0,0,0,0,0,0,0,0,0,0
דייג,0,1,0,0,0,1,0,0,0,0
כּוֹעֵס,1,0,1,0,0,1,0,0,0,0
צַעַר,1,0,0,1,0,1,0,1,0,0
זוויתי,0,0,0,0,0,0,0,0,0,0
נְטוּל מַיִם,0,0,0,0,0,0,0,0,0,0
בעל חיים,0,0,0,0,0,0,0,0,0,0
לְהַנפִּישׁ,0,0,0,0,0,0,1,0,0,0
מונפש,0,0,0,0,1,0,1,0,0,0
אנימציה,0,0,0,0,0,0,0,0,0,0
אֵיבָה,1,0,1,1,0,1,0,1,0,0
עוֹיְנוּת,1,0,0,0,0,1,0,0,0,0
קרסול,0,0,0,0,0,0,0,0,0,0
קוֹרוֹת,0,0,0,0,0,0,0,0,0,0
לְסַפֵּחַ,0,0,0,0,0,0,0,0,0,0
סיפוח,0,0,0,0,0,0,0,0,0,0
נספח,0,0,0,0,0,0,0,0,0,0
לְהַשְׁמִיד,1,0,0,1,0,1,0,0,0,0
הושמד,1,0,0,1,0,1,0,1,0,0
הַשׁמָדָה,1,0,0,1,0,1,0,1,0,0
להעיר,0,0,0,0,0,0,0,0,0,0
ביאור,0,0,0,0,0,0,0,0,0,0
להכריז,0,0,0,0,0,0,0,0,0,0
הַכרָזָה,0,1,0,0,0,0,0,0,0,0
לְהַרְגִיז,1,0,1,0,0,1,0,0,0,0
מוֹרַת רוֹחַ,1,0,1,0,0,1,0,0,0,0
מְעַצבֵּן,1,0,0,0,0,1,0,0,0,0
אַנוֹנָה,0,0,0,0,0,0,0,0,0,0
לְבַטֵל,0,0,0,0,0,1,0,0,0,0
טַבַּעתִי,0,0,0,0,0,0,0,0,0,0
ביטול,0,0,0,0,0,1,0,1,0,0
הטבעת,0,0,0,0,0,0,0,0,0,0
מְשִׁיחָה,0,0,0,0,0,0,0,0,0,0
חָרִיג,0,0,0,0,0,0,0,0,0,0
אֲנוֹמַלִיָה,0,0,0,1,0,1,0,0,1,0
אנון,0,0,0,0,0,0,0,0,0,0
בעילום שם,0,0,0,0,0,1,0,0,0,0
תשובה,0,0,0,0,0,0,0,0,0,0
ניתן לענות,0,0,0,0,0,0,0,0,0,1
עונה,0,0,0,0,0,0,0,0,0,0
נְמָלָה,0,0,0,0,0,0,0,0,0,0
הִתנַגְדוּת,1,0,0,0,0,1,0,0,0,0
יָרִיב,1,0,0,0,0,1,0,0,0,0
אנטגוניסטי,1,0,1,0,0,1,0,0,0,0
אנטה,0,0,0,0,0,0,0,0,0,0
קדם,0,0,0,0,0,0,0,0,0,0
אַנְטִילוֹפָּה,0,0,0,0,0,0,0,0,0,0
אַנטֶנָה,0,0,0,0,0,0,0,0,0,0
קִדמִי,0,0,0,0,0,0,0,0,0,0
הִמנוֹן,0,0,0,0,0,0,0,0,0,0
אַנתוֹלוֹגִיָה,0,0,0,0,0,0,0,0,0,0
גַחֶלֶת,0,0,1,1,0,1,0,1,0,0
אַנתרוֹפּוֹלוֹגִיָה,0,0,0,0,0,0,0,0,0,0
אַנטִיבִּיוֹטִי,0,0,0,0,0,0,0,0,0,0
אַנְטִיבִּיוֹטִיקָה,0,0,0,0,0,0,1,0,0,0
אנטיכריסט,1,0,1,1,0,1,0,0,0,0
ציפייה,0,1,0,0,0,0,0,0,0,0
מַקדִים,0,1,0,0,0,0,0,0,0,0
תרופה נגד,0,1,0,0,0,0,1,0,0,1
אנטי פטרייתי,0,0,0,0,0,0,1,0,0,1
אַנטִימוֹן,0,0,0,0,0,0,0,0,0,0
סְלִידָה,1,0,1,0,0,1,0,0,0,0
סוֹחֵר עַתִיקוֹת,0,0,0,0,0,0,0,0,0,0
מְיוּשָׁן,0,0,0,0,0,1,0,0,0,0
עָתִיק,0,0,0,0,0,0,1,0,0,0
יָמֵי קֶדֶם,0,0,0,0,0,0,0,0,0,0
מְחַטֵא,0,0,0,0,0,0,1,0,0,1
אַנְטִי חֵבְרָתִי,1,0,1,1,0,1,0,1,0,0
אַנְטִיתֵזָה,1,0,0,0,0,1,0,0,0,0
אנטיתטי,0,0,0,0,0,0,0,0,0,0
אנטי ויראלי,0,0,0,0,0,0,0,0,0,0
קֶרֶן הַצְבִי,0,0,0,0,0,0,0,0,0,0
סַדָן,0,0,0,0,0,0,0,0,0,0
חֲרָדָה,1,1,0,1,0,1,0,1,0,0
חָרֵד,0,1,0,1,0,1,0,0,0,0
אבי העורקים,0,0,0,0,0,0,0,0,0,0
בִּמְהִירוּת,0,0,0,0,0,0,0,0,0,0
אפאצ'י,0,0,0,1,0,1,0,0,0,0
דִירָה,0,0,0,0,0,0,0,0,0,0
אָדִישׁ,0,0,0,0,0,1,0,1,0,0
אֲדִישׁוּת,0,0,0,0,0,1,0,1,0,0
קוֹף,0,0,0,0,0,0,0,0,0,0
צוֹהַר,0,0,0,0,0,0,0,0,0,0
שִׂיא,0,0,0,0,0,0,0,0,0,0
כְּנִימָה,0,0,1,0,0,1,0,0,0,0
חתיכה,0,0,0,0,0,0,0,0,0,0
בִּטָחוֹן עַצְמִי,0,0,0,0,0,0,1,0,0,0
אפוקליפטי,0,0,0,0,0,0,0,0,0,0
מִתנַצֵל,0,0,0,0,0,0,1,0,0,1
מתנצל,0,0,0,0,0,0,0,0,0,0
לְהִתְנַצֵל,0,0,0,0,0,0,1,1,0,1
הִתנַצְלוּת,0,0,0,0,0,0,1,0,0,0
כְּפִירָה,0,0,0,0,0,0,0,0,0,0
מְשׁוּמָד,0,0,0,0,0,0,0,0,0,0
שליח,0,0,0,0,0,0,1,0,0,1
שליח,0,0,0,0,0,0,0,0,0,1
גֵרֵשׁ,0,0,0,0,0,0,0,0,0,0
מַחרִיד,0,0,1,1,0,1,0,0,0,0
מַנגָנוֹן,0,0,0,0,0,0,0,0,0,0
לבוש,0,0,0,0,0,0,0,0,0,0
ככל הנראה,0,0,0,0,0,0,0,0,0,0
הוֹפָעָה,0,0,0,1,0,0,0,0,1,0
עִרעוּר,0,1,0,0,0,0,0,0,0,0
מראה חיצוני,0,0,0,0,0,0,0,0,0,0
לְרַצוֹת,0,0,0,0,0,0,0,0,0,0
עוֹרֵר,0,0,0,0,0,0,0,0,0,0
לְצַרֵף,0,0,0,0,0,0,0,0,0,0
תוֹסֶפֶת,0,0,0,0,0,0,0,0,0,0
דַלֶקֶת הַתוֹסֶפתָן,0,0,0,1,0,1,0,1,0,0
נִספָּח,0,0,0,0,0,0,0,0,0,0
תֵאָבוֹן,0,0,0,0,0,0,0,0,0,0
מתאבן,0,0,0,0,0,0,0,0,0,0
תְשׁוּאוֹת,0,0,0,0,1,0,1,0,1,1
תפוח עץ,0,0,0,0,0,0,0,0,0,0
מַכשִׁיר,0,0,0,0,0,0,0,0,0,0
מכשירים,0,0,0,0,0,0,0,0,0,0
יָשִׂימוּת,0,0,0,0,0,0,0,0,0,0
יָשִׂים,0,0,0,0,0,0,0,0,0,0
מְבַקֵשׁ,0,1,0,0,0,0,0,0,0,0
יישום,0,0,0,0,0,0,0,0,0,0
להגיש מועמדות,0,0,0,0,0,0,0,0,0,0
לְמַנוֹת,0,0,0,0,0,0,0,0,0,0
קביעת פגישה,0,0,0,0,0,0,0,0,0,0
פגישות,0,0,0,0,0,0,0,0,0,0
לְחַלֵק,0,0,0,0,0,0,0,0,0,0
חלוקה,0,0,0,0,0,0,0,0,0,0
לְהַעֲרִיך,0,0,0,0,0,0,0,0,0,0
ראוי להערכה,0,0,0,0,0,0,0,0,0,0
הוֹקָרָה,0,0,0,0,1,0,1,0,0,1
לַעֲצוֹר,0,0,0,1,0,0,0,0,0,0
חֲשָׁשׁ,0,0,0,1,0,1,0,0,0,0
חוֹשֵׁשׁ,0,1,0,1,0,1,0,0,0,0
שׁוּליִה,0,0,0,0,0,0,0,0,0,1
התמחות,0,0,0,0,0,0,0,0,0,0
גִישָׁה,0,0,0,0,0,0,0,0,0,0
מִתקַרֵב,0,1,0,0,0,0,0,0,0,0
הַסכָּמָה,0,0,0,0,0,0,1,0,0,1
לְקִיחָה,0,0,0,0,0,1,0,0,0,0
הסכמה,0,0,0,0,0,0,1,0,0,0
לְאַשֵׁר,0,0,0,0,1,0,1,0,0,1
מאשרים,0,0,0,0,0,0,1,0,0,0
לְהִתְקַרֵב,0,0,0,0,0,0,0,0,0,0
בְּעֵרֶך,0,0,0,0,0,0,0,0,0,0
מתקרב,0,0,0,0,0,0,0,0,0,0
אוּמדָן,0,0,0,0,0,0,0,0,0,0
אביזרים,0,0,0,0,0,0,0,0,0,0
סינר,0,0,0,0,0,0,0,0,0,0
מַתְאִים,0,0,0,0,0,0,1,0,0,0
כִּשָׁרוֹן,0,0,0,0,0,0,1,0,0,0
אקווה,0,0,0,0,0,0,0,0,0,0
תַרשִׁישׁ,0,0,0,0,0,0,0,0,0,0
אַקוַרִיוּם,0,0,0,0,0,0,0,0,0,0
מֵימִי,0,0,0,0,0,0,0,0,0,0
אַמַת מַיִם,0,0,0,0,0,0,0,0,0,0
מֵימִי,0,0,0,0,0,0,0,0,0,0
גידול,0,0,0,0,0,0,0,0,0,0
פּוֹסֵק,0,0,0,0,0,0,0,0,0,1
לְהַכרִיעַ,0,0,0,0,0,0,0,0,0,0
בוררות,0,1,0,0,0,0,0,0,0,0
בּוֹרֵר,0,0,0,0,0,0,0,0,0,1
סוכת,0,0,0,0,0,0,0,0,0,0
קֶשֶׁת,0,0,0,0,0,0,0,0,0,0
מִקמֶרֶת,0,0,0,0,0,0,0,0,0,0
קֶשֶׁת,0,0,0,0,0,0,0,0,0,0
ארכיאולוגי,0,0,0,0,0,0,0,0,0,0
אַרכֵיאוֹלוֹג,0,0,0,0,0,0,0,0,0,0
אַרכֵיאוֹלוֹגִיָה,0,1,0,0,0,0,1,0,0,0
אַרְכָאִי,0,0,0,0,0,1,0,0,0,0
אַרכִיבִּישׁוֹף,0,0,0,0,0,0,0,0,0,0
קָמוּר,0,0,0,0,0,0,0,0,0,0
קַשָׁת,0,0,0,0,0,0,0,0,0,0
קַשׁתוּת,0,0,0,0,0,0,0,0,0,0
אַב טִיפּוּס,0,0,0,0,0,0,0,0,0,0
אַרכִיפֵּלָג,0,0,0,0,0,0,0,0,0,0
אַדְרִיכָל,0,0,0,0,0,0,0,0,0,0
ארכיטקטורה,0,0,0,0,0,0,0,0,0,1
ארכיון,0,0,0,0,0,0,0,0,0,0
אַרקטִי,0,0,0,0,0,0,0,0,0,0
נִלהָב,0,1,0,0,1,0,1,0,0,0
לַהַט,0,0,0,0,0,0,1,0,0,0
כָּרוּך בְּמַאֲמָצִים,0,0,0,0,0,1,0,0,0,0
אֵזוֹר,0,0,0,0,0,0,0,0,0,0
זִירָה,0,0,0,0,0,0,0,0,0,0
ערולה,0,0,0,0,0,0,0,0,0,0
ארגנט,0,0,0,0,0,0,0,0,0,0
לִטעוֹן,1,0,0,0,0,1,0,0,0,0
טַעֲנָה,1,0,0,0,0,1,0,0,0,0
הַנמָקָה,1,0,0,0,0,0,0,0,0,0
טיעוני,0,0,0,0,0,1,0,0,0,0
טיעונים,1,0,0,0,0,0,0,0,0,0
צָחִיחַ,0,0,0,0,0,1,0,1,0,0
אֲצוּלָה,0,0,0,0,0,0,1,0,0,0
אֲרִיסטוֹקרָט,0,0,0,0,0,0,0,0,0,0
אריסטוקרטי,0,0,0,0,0,0,1,0,0,0
חֶשְׁבּוֹן,0,0,0,0,0,0,0,0,0,0
ארון קודש,0,0,0,0,0,0,0,0,0,0
זְרוֹעַ,0,0,0,0,0,0,0,0,0,0
ארמדה,0,0,0,0,0,0,0,0,0,0
הְתחַמְשׁוּת,1,0,0,1,0,0,0,0,0,0
חימוש,0,0,0,1,0,1,0,0,0,0
עוֹגֶן,0,0,0,0,0,0,0,0,0,0
חָמוּשׁ,1,0,0,1,0,1,1,0,0,0
שִׁריוֹן,0,0,0,1,0,0,1,0,0,1
משוריין,0,0,0,1,0,0,0,0,0,0
נִשׁקִיָה,0,0,0,0,0,0,0,0,0,1
נשק,0,0,0,0,0,0,0,0,0,0
צָבָא,0,0,0,0,0,0,0,0,0,0
אֲרוֹמָה,0,0,0,0,0,0,1,0,0,0
עִירוּר,0,0,0,0,0,0,0,0,0,0
לְעוֹרֵר,0,1,0,0,0,0,1,0,0,0
העמדה לדין,1,0,0,1,0,1,0,1,0,0
לְאַרגֵן,0,0,0,0,0,0,0,0,0,0
מְסוּדָר,0,0,0,0,0,0,0,0,0,0
הֶסדֵר,0,0,0,0,0,0,0,0,0,0
מַעֲרָך,0,0,0,0,0,0,1,0,0,0
פיגורים,0,0,0,0,0,1,0,0,0,0
מַעְצָר,0,0,0,0,0,1,0,0,0,0
הַגָעָה,0,1,0,0,0,0,0,0,0,0
לְהַגִיעַ,0,1,0,0,0,0,0,0,0,0
יְהִירוּת,0,0,0,0,0,1,0,0,0,0
יָהִיר,1,0,1,0,0,1,0,0,0,0
חֵץ,0,0,0,0,0,0,0,0,0,0
מַחסָן נֶשֶׁק,0,0,0,0,0,0,0,0,0,0
אַרסָן,0,0,1,1,0,1,0,1,0,0
הַצָתָה,1,0,0,1,0,1,0,0,0,0
אומנות,0,1,0,0,1,0,1,1,1,0
עוֹרֶק,0,0,0,0,0,0,0,0,0,0
עַרמוּמִי,0,0,0,0,0,0,0,0,0,0
פרוקי רגליים,0,0,0,0,0,0,0,0,0,0
אַרטִישׁוֹק,0,0,0,0,0,0,0,0,0,0
מאמר,0,0,0,0,0,0,0,0,0,0
מאמרים,0,0,0,0,0,0,0,0,0,0
לבטא,0,0,0,0,0,0,1,0,0,0
מִפרוּק,0,0,0,0,0,0,1,0,0,0
תַחְבּוּלָה,0,0,0,0,0,0,0,0,0,0
אָרְטִילֶרִיָה,0,0,0,1,0,1,0,0,0,0
אָמָן,0,0,0,0,0,0,1,0,0,0
אמן,0,0,0,0,0,0,0,0,0,0
אמן,0,0,0,0,0,0,1,0,0,0
אָמָנוּתִי,0,0,0,0,0,0,1,0,0,0
אמנים,0,0,0,0,0,0,0,0,0,0
לַעֲלוֹת,0,0,0,0,0,0,0,0,0,0
עלייה,0,0,0,0,0,0,1,0,0,0
התעלות,0,0,0,0,0,0,0,0,0,0
מַעֲלֶה,0,0,0,0,0,0,1,0,0,0
לְוַדֵא,0,0,0,0,0,0,0,0,0,0
התברר,0,0,0,0,0,0,0,0,0,0
סַגְפָן,0,0,0,0,0,0,0,0,0,0
אֵפֶר,0,0,0,0,0,1,0,0,0,0
מְבוּיָשׁ,0,0,1,0,0,1,0,1,0,0
אפר,0,0,0,0,0,1,0,1,0,0
יָשֵׁן,0,0,0,0,0,0,0,0,0,0
אֶפעֶה,0,0,0,1,0,0,0,0,0,0
אספרטיים,0,0,0,0,0,0,0,0,0,0
אספקט,0,0,0,0,0,0,0,0,0,0
היבטים,0,0,0,0,0,0,0,0,0,0
אַספַלט,0,0,0,0,0,0,0,0,0,0
שְׁאִיפָה,0,1,0,0,1,0,1,0,1,1
לִשְׁאוֹף,0,1,0,0,1,0,1,0,0,0
שואפת,0,1,0,0,1,0,1,0,0,1
תַחַת,0,0,0,0,0,1,0,0,0,0
לִתְקוֹף,1,0,0,1,0,1,0,0,1,0
תוקף,1,0,0,1,0,1,0,1,0,0
מִתנַקֵשׁ,1,0,0,1,0,1,0,1,0,0
להתנקש,1,0,0,1,0,1,0,0,0,0
רֶצַח,1,0,0,1,0,1,0,1,0,0
תקיפה,1,0,0,1,0,1,0,0,0,0
בדיקה,0,0,0,0,0,0,0,0,0,0
מכלול,0,0,0,0,0,0,0,0,0,0
להרכיב,0,0,0,0,0,0,0,0,0,0
התאספו,0,0,0,0,0,0,0,0,0,0
הַרכָּבָה,0,0,0,0,0,0,1,0,0,1
לְהַסכִּים,0,0,0,0,0,0,1,0,0,0
לִטעוֹן,0,0,0,0,0,0,0,0,0,0
טוען,0,0,0,0,0,0,1,0,0,1
טַעֲנָה,0,0,0,0,0,0,0,0,0,0
לְהַעֲרִיך,0,0,0,0,0,0,0,0,0,0
הערכה,0,0,0,0,0,0,0,0,1,1
שַׁמַאִי,0,0,0,0,0,0,0,0,0,1
נכסים,0,0,0,0,0,0,1,0,0,0
מְטוּמטָם,1,0,1,0,0,1,0,0,0,0
לְהַקְצוֹת,0,0,0,0,0,0,0,0,0,0
נאמן,0,0,0,0,0,0,0,0,0,1
מְשִׁימָה,0,0,0,0,0,0,0,0,0,0
להטמיע,0,0,0,0,0,0,0,0,0,0
הַטמָעָה,0,0,0,0,0,0,0,0,0,0
לסייע,0,0,0,0,0,0,1,0,0,1
סִיוּעַ,0,0,0,0,0,0,1,0,0,0
עוֹזֵר,0,0,0,0,0,0,0,0,0,0
חָבֵר,0,0,0,0,0,0,1,0,0,1
אִרגוּן,0,0,0,0,0,0,0,0,0,1
מְגוּוָן,0,0,0,0,0,0,0,0,0,0
מִבְחָר,0,0,0,0,0,0,0,0,0,0
לְשַׁכֵּך,0,0,0,0,0,0,1,0,0,0
הניח,0,0,0,0,0,0,0,0,0,0
בהנחה,0,0,0,0,0,0,0,0,0,0
הנחה,0,0,0,0,0,0,0,0,0,0
הַבטָחָה,0,0,0,0,0,0,1,0,0,1
לְהַבטִיחַ,0,0,0,0,0,0,0,0,0,1
בטוח,0,0,0,0,0,0,1,0,0,1
בוודאי,0,0,0,0,0,0,0,0,0,1
כּוֹכָבִית,0,0,0,0,0,0,0,0,0,0
אסטרואידים,0,0,0,0,0,0,0,0,0,0
אסטיגמציה,0,0,0,0,0,0,0,0,0,0
באופן מדהים,0,0,0,0,0,0,1,0,1,0
תַדְהֵמָה,0,0,0,0,1,0,1,0,1,0
כּוֹכָבִי,0,0,0,0,0,0,0,0,0,0
שולל,0,0,0,1,0,1,0,0,0,0
עפיצות,0,0,0,0,0,1,0,0,0,0
אַסטרוֹלוֹג,0,1,0,0,0,0,1,0,0,0
אַסטרוֹלוֹגִיָה,0,0,0,0,0,0,0,0,0,0
אַסטרוֹנָאוּט,0,0,0,0,0,0,1,0,0,0
אַסטרוֹנוֹם,0,1,0,0,0,0,1,0,0,0
אַסטרוֹנוֹמִיָה,0,0,0,0,0,0,0,0,0,0
עָרוּם,0,0,0,0,0,0,1,0,0,0
להתנתק,0,0,0,0,0,0,0,0,0,0
מקלט,0,0,0,1,0,1,0,0,0,0
אסימטרית,0,0,0,0,0,0,0,0,0,0
אָסִימֵטְרִיָה,0,0,1,0,0,0,0,0,0,0
אסימפטוטי,0,0,0,0,0,0,0,0,0,0
אטלייה,0,0,0,0,0,0,0,0,0,0
אתאיזם,0,0,0,0,0,1,0,0,0,0
אתאיסטית,0,0,0,0,0,0,0,0,0,0
טרשת עורקים,0,0,0,1,0,1,0,1,0,0
אַתלֵט,0,0,0,0,0,0,1,0,0,0
אַתלֵטִי,0,0,0,0,0,0,1,0,0,0
אתלטיות,0,0,0,0,0,0,0,0,0,0
אַתלֵטִיקָה,0,0,0,0,0,0,0,0,0,0
אַטְלָס,0,0,0,0,0,0,0,0,0,0
אַטמוֹספֵרָה,0,0,0,0,0,0,0,0,0,0
אטמוספרי,0,0,0,0,0,0,0,0,0,0
אָטוֹל,0,0,0,0,0,0,0,0,0,0
אָטוֹם,0,0,0,0,0,0,1,0,0,0
אָטוֹמִי,0,0,0,0,0,0,0,0,0,0
לְכַפֵּר,0,1,0,0,1,0,1,0,0,1
כַּפָּרָה,0,0,0,0,0,0,1,0,0,0
אטריום,0,0,0,0,0,0,0,0,0,0
מְתוֹעָב,1,0,1,0,0,1,0,0,0,0
זוועה,1,0,1,1,0,1,0,1,0,0
לְהִתְנַוֵן,0,0,1,1,0,1,0,1,0,0
לְצַרֵף,0,0,0,0,0,0,0,0,0,0
הִתקַשְׁרוּת,0,0,0,0,0,0,1,0,0,0
לִתְקוֹף,1,0,0,1,0,1,0,0,0,0
לתקוף,1,0,1,1,0,1,0,1,1,0
לְהַשִׂיג,0,0,0,0,0,0,0,0,0,0
בר השגה,0,1,0,0,0,0,1,0,0,0
הַשָׂגָה,0,0,0,0,0,0,1,0,0,0
לְנַסוֹת,0,1,0,0,0,0,0,0,0,0
נוֹכְחוּת,0,1,0,0,0,0,0,0,0,0
מְטַפֵּל,0,0,0,0,0,0,1,0,0,1
תשומת הלב,0,0,0,0,0,0,1,0,0,0
קַשׁוּב,0,0,0,0,0,0,1,0,0,1
לְהַחלִישׁ,0,0,0,0,0,0,0,0,0,0
מוחלש,0,0,0,0,0,1,0,0,0,0
הנחתה,0,0,0,0,0,1,0,1,0,0
לְהַעִיד,0,0,0,0,0,0,1,0,0,1
עֵדוּת,0,0,0,0,0,0,0,0,0,1
עֲלִיַת גַג,0,0,0,0,0,0,0,0,0,0
לבוש,0,0,0,0,0,0,0,0,0,0
יַחַס,0,0,0,0,0,0,0,0,0,0
עוד,1,0,0,1,0,0,1,0,0,1
מְשִׁיכָה,0,0,0,0,0,0,1,0,0,0
מְשִׁיכָה,0,0,0,0,0,0,1,0,0,0
ניתן לייחס,0,0,0,0,0,0,0,0,0,0
תְכוּנָה,0,0,0,0,0,0,0,0,0,0
שִׁיוּך,0,0,0,0,0,0,0,0,0,0
התשה,0,0,0,0,0,0,0,0,0,0
ערמוני,0,0,0,0,0,0,0,0,0,0
מכירה פומבית,0,1,0,0,0,0,0,0,0,0
מכרז,0,0,0,0,0,0,0,0,0,0
נוֹעָז,0,0,0,0,0,0,0,0,0,0
חוּצפָּה,0,0,0,0,0,1,0,0,0,0
נִשׁמָע,0,0,0,0,0,0,0,0,0,0
קהל,0,1,0,0,0,0,0,0,0,0
בְּדִיקָה,0,0,0,0,0,0,0,0,0,0
מבחן קבלה,0,0,0,0,0,0,0,0,0,0
מבקר,0,0,0,1,0,0,0,0,0,1
אוּלָם,0,0,0,0,0,0,0,0,0,0
שְׁמִיעָתִי,0,0,0,0,0,0,0,0,0,0
משהו,0,0,0,0,0,0,0,0,0,0
לְהַגדִיל,0,0,0,0,0,0,1,0,0,0
הגדלה,0,0,0,0,0,0,0,0,0,0
אוגוסט,0,0,0,0,0,0,1,0,0,0
דוֹדָה,0,0,0,0,0,0,1,0,0,1
הילה,0,0,0,0,0,0,1,0,0,0
זוֹהַר קוֹטבִי,0,0,0,0,0,0,0,0,0,0
חָסוּת,0,0,0,0,0,0,0,0,0,0
מבשר טוב,0,1,0,0,1,0,1,0,0,0
חָמוּר,0,0,0,1,0,1,0,1,0,0
צֶנַע,0,0,0,0,0,1,0,0,0,0
אוֹתֶנְטִי,0,0,0,0,1,0,1,0,0,1
לְאַמֵת,0,0,0,0,0,0,0,0,0,1
אימות,0,0,0,0,0,0,0,0,0,1
אוֹתֶנְטִיוּת,0,0,0,0,0,0,1,0,0,1
מְחַבֵּר,0,0,0,0,0,0,1,0,0,1
מוּסמָך,0,0,0,0,0,0,1,0,0,1
רָשׁוּת,0,0,0,0,0,0,1,0,0,1
הרשאה,0,0,0,0,0,0,1,0,0,1
לְאַשֵׁר,0,0,0,0,0,0,0,0,0,1
מורשה,0,0,0,0,0,0,1,0,0,0
מחבר,0,0,0,0,0,0,0,0,0,0
אוטומטי,0,0,0,0,0,0,0,0,0,0
אוֹטוֹבִּיוֹגְרָפִיָה,0,0,0,0,0,0,0,0,0,0
אוטוקרטית,0,0,0,0,0,1,0,0,0,0
חֲתִימָה,0,0,0,0,0,0,0,0,0,0
אוֹטוֹמָטִי,0,0,0,0,0,0,0,0,0,1
מְכוֹנִית,0,0,0,0,0,0,0,0,0,0
אוטונומיה,0,0,0,0,0,0,0,0,0,0
נתיחה,0,0,1,1,0,1,0,1,0,0
סתָיו,0,0,0,0,0,0,0,0,0,0
עזר,0,0,0,0,0,0,0,0,0,0
לְהוֹעִיל,0,0,0,0,0,0,0,0,0,0
מַפּוֹלֶת שְׁלָגִים,0,0,0,1,0,1,0,1,1,0
חַמדָנוּת,1,0,1,0,0,1,0,0,0,0
גִלגוּל,0,0,0,0,0,0,1,0,0,0
נוֹקֵם,1,0,0,0,0,1,0,0,0,0
שְׁדֵרָה,0,0,0,0,0,0,0,0,0,0
aver,0,0,0,0,0,0,0,0,0,0
מְמוּצָע,0,0,0,0,0,0,0,0,0,0
מִתנַגֵד,1,0,1,1,0,1,0,0,0,0
סְלִידָה,1,0,1,1,0,1,0,0,0,0
לִמְנוֹעַ,0,0,0,0,0,0,0,0,0,0
ציפורים,0,0,0,0,0,0,0,0,0,0
תְעוּפָה,0,0,0,0,0,0,0,0,0,0
טַיָס,0,0,0,0,0,0,0,0,0,0
לָהוּט,0,0,0,0,0,0,0,0,0,0
אבוקדו,0,0,0,0,0,0,0,0,0,0
לְהִמָנַע,0,0,0,1,0,1,0,0,0,0
הימנעות,0,0,0,1,0,1,0,0,0,0
הימנעות,0,0,0,1,0,0,0,0,0,0
לְהַמתִין,0,1,0,0,0,0,0,0,0,0
עֵר,0,0,0,0,0,0,0,0,0,0
לְהָעִיר,0,0,0,0,0,0,0,0,0,0
פרס,0,1,0,0,1,0,1,0,1,1
יראת כבוד,0,0,0,0,0,0,0,0,0,0
נורא,1,0,1,1,0,1,0,1,0,0
סִרבּוּל,0,0,1,0,0,1,0,0,0,0
סְכָכָה,0,0,0,0,0,0,0,0,0,0
משובש,0,0,0,0,0,1,0,0,0,0
צִירִי,0,0,0,0,0,0,0,0,0,0
אַקסִיוֹמָה,0,0,0,0,0,0,0,0,0,1
אַקסִיוֹמָתִי,0,0,0,0,0,0,0,0,0,1
צִיר,0,0,0,0,0,0,0,0,0,0
סֶרֶן,0,0,0,0,0,0,0,0,0,0
אה,0,0,0,0,0,0,1,0,0,0
כן,0,0,0,0,0,0,1,0,0,0
אַזִימוּט,0,0,0,0,0,0,0,0,0,0
צבע תכלת,0,0,0,0,0,0,0,0,0,0
פִּטפּוּט,0,0,0,0,0,1,0,0,0,0
מקשקש,0,0,0,0,0,1,0,0,0,0
בַּבּוּן,0,0,1,0,0,1,0,0,0,0
תִינוֹק,0,0,0,0,1,0,1,0,0,0
שְׁמַרטַף,0,0,0,0,0,0,0,0,0,1
בגרות,0,0,0,0,0,0,1,0,0,0
בקרה,0,0,0,0,0,0,0,0,0,0
בוגר תואר ראשון,0,0,0,0,0,0,0,0,0,0
חזור,0,0,0,0,0,0,0,0,0,0
עמוד שדרה,1,0,0,0,0,0,1,0,0,1
תוֹמֵך,0,0,0,0,0,0,0,0,0,1
אש לאחור,0,0,0,0,0,0,0,0,0,0
שֵׁשׁ בֵּשׁ,0,0,0,0,0,0,0,0,0,0
רקע כללי,0,0,0,0,0,0,0,0,0,0
מחפרון,0,0,0,0,0,0,0,0,0,0
תרמילאי,0,0,0,0,0,0,0,0,0,0
לַחֲזוֹר עַל עִקבוֹתָיו,0,0,0,0,0,0,0,0,0,0
לְאָחוֹר,0,0,0,0,0,1,0,0,0,0
אֲחוֹרָה,0,0,1,0,0,1,0,0,0,0
גבהים,0,0,0,0,0,1,0,1,0,0
בַּקטֶרִיָה,0,0,1,1,0,1,0,1,0,0
חיידק,0,0,1,1,0,1,0,0,0,0
רַע,1,0,1,1,0,1,0,1,0,0
תָג,0,0,0,0,0,0,0,0,0,1
גִירִית,1,0,0,0,0,1,0,0,0,0
בצורה גרועה,0,0,0,0,0,1,0,1,0,0
רוֹע,1,0,1,1,0,1,0,0,0,0
לִהַבִיך,0,0,0,0,0,0,0,0,0,0
תיק,0,0,0,0,0,0,0,0,0,0
כבודה,0,0,0,0,0,0,0,0,0,0
רחב,0,0,0,0,0,0,0,0,0,0
חלילים,0,0,0,0,0,0,0,0,0,0
עֲרֵבוּת,0,0,0,0,0,0,0,0,0,0
פְּקִיד הוֹצָאָה לְפוֹעָל,0,0,0,1,0,1,0,0,0,1
פְּתָיוֹן,0,0,0,1,0,1,0,0,0,1
לֶאֱפוֹת,0,0,0,0,0,0,0,0,0,0
מַאֲפִיָה,0,0,0,0,0,0,0,0,0,0
אֲפִיָה,0,0,0,0,0,0,0,0,0,0
bal,0,0,0,0,0,0,0,0,0,0
איזון,0,0,0,0,0,0,1,0,0,0
מְאוּזָן,0,0,0,0,0,0,1,0,0,0
מִרפֶּסֶת,0,0,0,0,0,0,0,0,0,0
קֵרֵחַ,0,0,0,0,0,0,0,0,0,0
חֲבִילָה,0,0,0,1,0,1,0,0,0,0
להתרחק,0,0,0,0,0,1,0,0,0,0
כַּדוּר,0,0,0,0,0,0,0,0,0,0
בַּלָדָה,0,0,0,0,0,0,1,0,0,0
נֵטֶל,0,0,0,0,0,0,0,0,0,0
בַּלֶט,0,0,0,0,0,0,1,0,0,0
בַּלוֹן,0,0,0,0,0,0,0,0,0,0
הצבעה,0,1,0,0,0,0,1,0,0,1
אולם אירועים,0,0,0,0,0,0,0,0,0,0
צֳרִי,0,1,0,0,1,1,1,0,0,0
נעים,0,0,0,0,0,0,0,0,0,0
בַּלסָם,0,0,0,0,0,0,1,0,0,0
בלסמי,0,0,0,0,0,0,0,0,0,0
לֶאֱסוֹר,0,0,0,0,0,1,0,0,0,0
בננה,0,0,0,0,0,0,0,0,0,0
לְהִתְאַגֵד,0,0,0,0,0,0,0,0,0,0
תַחְבּוֹשֶׁת,0,0,0,0,0,0,0,0,0,0
שׁוֹדֵד,0,0,0,0,0,1,0,0,0,0
מְכוֹנִית הַתִזְמוֹרֶת,0,0,0,0,0,0,0,0,0,0
bane,1,0,1,1,0,1,0,0,0,0
לִדפּוֹק,1,0,1,1,0,1,0,1,1,0
באנגר,1,1,0,1,0,1,0,0,1,0
לְגַרֵשׁ,1,0,1,1,0,1,0,1,0,0
גורש,1,0,0,1,0,1,0,1,0,0
הַגלָיָה,1,0,1,0,0,1,0,1,0,0
בַּנג'וֹ,0,0,0,0,0,0,0,0,0,0
בַּנק,0,0,0,0,0,0,0,0,0,1
בַּנקָאִי,0,0,0,0,0,0,0,0,0,1
פשיטת רגל,0,0,0,1,0,1,0,1,0,0
פְּשִׁיטַת רֶגֶל,1,0,1,1,0,1,0,1,0,0
דֶגֶל,0,0,0,0,0,0,0,0,0,0
סְעוּדָה,0,1,0,0,1,0,1,0,0,0
בנשי,1,0,1,1,0,1,0,1,0,0
לְהִתְלוֹצֵץ,0,0,0,0,0,0,0,0,0,0
טְבִילָה,0,0,0,0,0,0,1,0,0,0
טבילה,0,0,0,0,1,0,1,0,0,0
בָּר,0,0,0,0,0,0,0,0,0,0
עוֹקֶץ,1,0,0,0,0,1,0,0,0,0
בַּרבָּרִי,0,0,0,1,0,1,0,0,0,0
בַּרבָּרִי,1,0,1,1,0,1,0,0,0,0
בַּרבָּרִיוּת,0,0,0,0,0,1,0,0,0,0
על האש,0,0,0,0,0,0,0,0,0,0
דוֹקְרָנִי,0,0,0,0,0,0,0,0,0,0
מְשׁוֹרֵר,0,0,0,0,0,0,1,0,0,0
חשוף,0,0,0,0,0,0,0,0,0,0
יָחֵף,0,0,0,0,0,0,0,0,0,0
בקושי,0,0,0,0,0,0,0,0,0,0
בארף,0,0,1,0,0,0,0,0,0,0
לְהִתְמַקֵחַ,0,0,0,0,0,0,1,0,0,1
דוֹבְרָה,0,0,0,0,0,0,0,0,0,0
בָּרִיטוֹן,0,0,0,0,0,0,0,0,0,0
לִנְבּוּחַ,1,0,0,0,0,1,0,0,0,0
אֹסֶם,0,0,0,0,0,0,0,0,0,0
בארני,0,0,0,0,0,0,0,0,0,0
בָּרוֹמֶטֶר,0,0,0,0,0,0,0,0,0,0
בָּרוֹן,0,0,0,0,0,0,0,0,0,0
בָּארוֹק,0,0,0,0,0,0,0,0,0,0
צריף,0,0,0,0,0,0,0,0,0,0
אָסוּר,0,0,0,0,0,1,0,0,0,0
חָבִית,0,0,0,0,0,0,0,0,0,0
צחיח,0,0,0,0,0,1,0,1,0,0
מִתרָס,0,0,0,1,0,1,0,0,0,0
מַחסוֹם,1,0,0,0,0,1,0,0,0,0
חסימה,0,0,0,0,0,0,0,0,0,0
עוֹרֵך דִין,0,0,0,0,0,0,0,0,0,0
מְרִיצָה,0,0,1,0,0,0,0,0,0,0
מוֹזֵג,0,0,0,0,0,0,0,0,0,1
סַחַר חֲלִיפִין,0,0,0,0,0,0,0,0,0,1
בסיס,0,0,0,0,0,0,0,0,0,1
בייסבול,0,0,0,0,0,0,0,0,0,0
לוח בסיס,0,0,0,0,0,0,0,0,0,0
חסר בסיס,0,0,0,0,0,1,0,0,0,0
מרתף,0,0,0,0,0,0,0,0,0,0
בזיליקה,0,0,0,0,0,0,0,0,0,0
אַגָן,0,0,0,0,0,0,0,0,0,0
בָּסִיס,0,0,0,0,0,0,0,0,0,0
לְהִתְחַמֵם,0,0,0,0,0,0,0,0,0,0
סַל,0,0,0,0,0,0,0,0,0,0
כדורסל,0,1,0,0,1,0,1,0,0,0
בַּס,0,0,0,0,0,0,0,0,0,0
באסו,0,0,0,0,0,0,0,0,0,0
בַּסוֹן,0,0,0,0,0,0,0,0,0,0
ממזר,0,0,1,0,0,1,0,1,0,0
מִבצָר,1,0,0,0,0,0,1,0,0,0
עטלף,0,0,0,0,0,0,0,0,0,0
קבוצה,0,0,0,0,0,0,0,0,0,0
אצווה,0,0,0,0,0,0,0,0,0,0
בייט,0,0,0,0,0,0,0,0,0,0
מֶרחָץ,0,0,0,0,0,0,1,0,0,0
לִרְחוֹץ,0,0,0,0,0,0,0,0,0,0
חדר רחצה,0,0,0,0,0,0,0,0,0,0
בתימטריה,0,0,0,0,0,0,0,0,0,0
שַׁרבִּיט,0,0,0,0,0,0,0,0,0,0
גְדוּד,1,0,0,0,0,0,0,0,0,0
חמאה,1,0,0,1,0,1,0,0,0,0
מוכה,0,0,0,1,0,1,0,1,0,0
סוֹלְלָה,1,0,0,0,0,1,0,0,0,0
קרב,1,0,0,0,0,1,0,0,0,0
נלחם,1,0,0,1,0,1,0,1,0,0
שדה קרב,0,0,0,1,0,1,0,0,0,0
מטורלל,0,0,0,0,0,1,0,0,0,0
מִפרָץ,0,0,0,0,0,0,0,0,0,0
כִּידוֹן,1,0,0,1,0,1,0,0,0,0
bayou,0,0,0,0,0,0,0,0,0,0
שׁוּק,0,0,0,0,0,0,0,0,0,0
החוף,0,0,0,0,1,0,0,0,0,0
מִגדַלוֹר,0,0,0,0,0,0,0,0,0,0
חָרוּז,0,0,0,0,0,0,0,0,0,0
חרוזים,0,0,0,0,0,0,0,0,0,0
חרוזים,0,0,0,0,0,0,0,0,0,0
ביגל,0,0,0,0,0,0,0,0,0,0
מַקוֹר,0,0,0,0,0,0,0,0,0,0
כּוֹס,0,0,0,0,0,0,0,0,0,0
קֶרֶן,0,0,0,0,1,0,1,0,0,0
קורן,0,1,0,0,1,0,1,0,0,0
דוב,1,0,0,1,0,0,0,0,0,0
זָקָן,0,0,0,0,0,0,0,0,0,0
מזוקן,0,0,0,0,0,0,0,0,0,0
נוֹשֵׂא,0,0,0,0,0,1,0,0,0,0
מֵסַב,0,0,0,0,0,0,0,0,0,0
מיסבים,0,0,0,0,0,0,0,0,0,0
דוּבִּי,1,0,0,1,0,0,0,0,0,0
חַיָה,1,0,0,1,0,1,0,0,0,0
בַּהֲמִי,0,0,1,1,0,1,0,0,0,0
להיות ב,0,0,0,0,0,0,0,0,0,0
הַכָּאָה,1,0,0,1,0,1,0,1,0,0
מְחַזֵר,0,0,0,0,0,0,0,0,0,0
ייפוי,0,0,0,0,1,0,1,0,0,1
יפה,0,0,0,0,1,0,1,0,0,0
לְפַאֵר,0,0,0,0,1,0,1,0,0,0
יוֹפִי,0,0,0,0,1,0,1,0,0,0
בק,0,0,0,0,0,0,0,0,0,0
לְאוֹתֵת,0,0,0,0,0,0,0,0,0,0
מיטה,0,0,0,0,0,0,0,0,0,0
מצעים,0,0,0,0,0,0,0,0,0,0
סלע יסוד,0,0,0,0,0,0,1,0,0,1
חדר שינה,0,0,0,0,0,0,0,0,0,0
שעת השינה,0,0,0,0,0,0,0,0,0,0
דבורה,1,0,0,1,0,0,0,0,0,0
בשר בקר,0,0,0,0,0,0,0,0,0,0
כוורת דבורים,0,0,0,0,0,0,0,0,0,0
בירה,0,0,0,0,1,0,1,0,0,0
דוֹנַג,0,0,0,0,0,0,0,0,0,0
חיפושית,0,0,0,0,0,0,0,0,0,0
לִקְרוֹת,0,0,0,0,0,1,0,0,0,0
יָאֶה,0,0,0,0,0,0,1,0,0,0
לְהִתיַדֵד,0,0,0,0,1,0,1,0,0,1
לְהִתְחַנֵן,0,0,0,0,0,1,0,1,0,0
קַבְּצָן,0,0,0,0,0,1,0,1,0,0
פְּשִׁיטַת יָד,0,0,0,0,0,1,0,0,0,0
התחל,0,0,0,0,0,0,0,0,0,0
מַתחִיל,0,0,0,0,0,0,0,0,0,0
התחלה,0,0,0,0,0,0,0,0,0,0
התחילה,0,1,0,0,0,0,0,0,0,0
התנהגות,0,0,0,0,0,0,0,0,0,0
בהמות,0,0,0,1,0,1,0,0,0,0
פקודה,0,0,0,0,0,0,0,0,0,0
לְהַבִּיט,0,0,0,0,0,0,0,0,0,0
אֲסִיר תוֹדָה,0,0,0,0,0,1,0,0,0,0
מתבונן,0,0,0,0,0,0,0,0,0,0
מְאוּחָר,0,0,0,0,0,1,0,0,0,0
להסתיר,0,0,0,0,0,0,0,0,0,0
אמונה,0,0,0,0,0,0,0,0,0,0
האמין,0,0,0,0,0,0,0,0,0,1
מַאֲמִין,0,0,0,0,0,0,0,0,0,1
מאמין,0,0,0,0,0,0,1,0,0,1
לִזַלזֵל בְּעֵרכּוֹ,1,0,1,1,0,1,0,1,0,0
פַּעֲמוֹן,0,0,0,0,0,0,0,0,0,0
לוֹחְמָנִי,1,0,0,1,0,1,0,0,0,0
לִגעוֹת,0,0,0,0,0,0,0,0,0,0
מַפּוּחַ,1,0,0,0,0,0,0,0,0,0
בֶּטֶן,0,0,0,0,0,0,0,0,0,0
חפצים,0,0,0,0,0,0,0,0,0,0
חֲגוֹרָה,1,0,0,1,0,1,0,0,0,0
נָבוֹך,0,0,0,0,0,0,0,0,0,0
סַפְסָל,0,0,0,0,0,0,0,0,0,0
לְכּוֹפֵף,0,0,0,0,0,0,0,0,0,0
מכופף,0,0,0,0,0,1,0,0,0,0
הִתעַקְמוּת,0,0,0,0,0,0,0,0,0,0
תַחַת,0,0,0,0,0,0,0,0,0,0
נַדבָן,0,0,0,0,0,0,1,0,0,1
מוֹעִיל,0,0,0,0,0,0,1,0,0,0
מוּטָב,0,0,0,0,0,0,0,0,0,0
תועלת,0,0,0,0,0,0,1,0,0,0
חֶסֶד,0,0,0,0,1,0,1,0,0,1
שָׁפִיר,0,0,0,0,1,0,1,0,0,0
כפוף,0,0,0,0,0,0,0,0,0,0
בֶּנזִין,0,0,0,0,0,0,0,0,0,0
לְהַנחִיל,0,0,0,0,0,0,0,0,0,0
עִזָבוֹן,0,0,0,0,0,0,0,0,0,1
שַׁכּוּל,0,0,0,0,0,1,0,1,0,0
שִׁכּוּל,0,0,0,0,0,1,0,1,0,0
שַׁכּוּל,0,0,0,0,0,1,0,0,0,0
ברגמוט,0,0,0,0,0,0,0,0,0,0
ברלין,0,0,0,0,0,0,0,0,0,0
מטורף,1,0,0,0,0,1,0,0,0,0
דרגש,0,0,0,0,0,0,1,0,0,0
לְהַפְצִיר,0,0,0,0,0,0,0,0,0,0
מוטרד,0,0,0,0,0,0,0,0,0,0
חיה,0,0,1,1,0,1,0,0,0,0
לְהַעֲנִיק,0,0,0,0,0,0,0,0,0,0
לְהַמֵר,0,0,0,0,0,0,0,0,0,0
לבגוד,1,0,1,0,0,1,0,1,1,0
בְּגִידָה,1,0,1,0,0,1,0,1,0,0
אֲרוּסָה,0,1,0,0,1,0,1,0,0,1
שֶׁבַח,0,0,0,0,0,0,1,0,0,0
הִתעָרְבוּת,0,0,0,0,0,0,0,0,0,0
בטי,0,0,0,0,0,0,0,0,0,0
שִׁפּוּעַ,0,0,0,0,0,0,0,0,0,0
מַשׁקֶה,0,0,0,0,0,0,1,0,0,0
bevy,0,0,0,0,0,0,0,0,0,0
לְהִזָהֵר,0,1,0,1,0,1,0,0,0,0
נָבוֹך,0,0,0,1,0,1,0,0,1,0
מְבוּכָה,0,0,0,1,0,0,0,0,1,0
הֲטָיָה,1,0,0,0,0,1,0,0,0,0
מְשׁוּחָד,0,0,0,0,0,1,0,0,0,0
ביב,0,0,0,0,0,0,0,0,0,0
מִקרָאִי,0,0,0,0,0,0,1,0,0,0
בִּיבּלִיוֹגְרָפִיָה,0,0,0,0,0,0,0,0,0,0
ריב,1,0,1,0,0,1,0,0,0,0
דו-צבעוני,0,0,0,0,0,0,0,0,0,0
אופניים,0,0,0,0,0,0,0,0,0,0
הצעת מחיר,0,0,0,0,0,0,0,0,0,0
מציע,0,0,0,0,0,0,0,0,0,0
הצעת מחיר,0,0,0,0,0,0,0,0,0,0
דוּ שְׁנָתִי,0,1,0,0,0,0,0,0,0,0
באר,0,0,0,1,0,1,0,1,0,0
הִתפַּצְלוּת,0,0,0,0,0,0,0,0,0,0
גָדוֹל,0,0,0,0,0,0,0,0,0,0
קנאי,1,0,1,1,0,1,0,0,0,0
צר - אופקים,1,0,1,1,0,1,0,1,0,0
אופניים,0,0,0,0,0,0,0,0,0,0
דוּ צְדָדִי,0,0,0,0,0,0,0,0,0,0
דו-שכבתי,0,0,0,0,0,0,0,0,0,0
מָרָה,1,0,1,0,0,1,0,0,0,0
בילג,0,0,0,0,0,0,0,0,0,0
דוּ לְשׁוֹנִי,0,0,0,0,0,0,1,0,0,0
שטר כסף,0,0,0,0,0,0,0,0,0,0
בילט,0,0,0,0,0,0,0,0,0,0
בִּילְיַארד,0,0,0,0,0,0,0,0,0,0
מיליארד,0,0,0,0,0,0,0,0,0,0
בילי,0,0,0,0,0,0,0,0,0,0
דו חודשי,0,0,0,0,0,0,0,0,0,0
פַּח,0,0,0,0,0,0,0,0,0,0
בינארי,0,0,0,0,0,0,0,0,0,0
לִקְשׁוֹר,0,0,0,0,0,0,0,0,0,0
קלסר,0,0,0,0,0,0,0,0,0,0
כריכה,0,0,0,0,0,0,0,0,0,0
בינג,0,0,0,0,0,0,0,0,0,0
מִשׁקֶפֶת,0,0,0,0,0,0,0,0,0,0
מִשׁקֶפֶת,0,0,0,0,0,0,0,0,0,0
בינומי,0,0,0,0,0,0,0,0,0,0
ביוגנזה,0,0,0,0,0,0,0,0,0,0
ביוגרף,0,0,0,0,0,0,0,0,0,0
ביוגרפיה,0,0,0,0,0,0,0,0,0,0
ביולוגיה,0,0,0,0,0,0,0,0,0,0
בִּיוֹפְּסִיָה,0,0,0,1,0,1,0,0,0,0
ביוספירה,0,0,0,0,0,0,0,0,0,0
דו-צדדי,0,0,0,0,0,0,0,0,0,0
לִבנֶה,1,0,1,1,0,1,0,0,0,0
ציפור,0,0,0,0,0,0,0,0,0,0
הוּלֶדֶת,0,1,0,1,1,0,1,0,0,1
יום הולדת,0,1,0,0,1,0,1,0,1,0
מְקוֹם לֵידָה,1,0,0,0,0,1,0,0,0,0
בְּכוֹרָה,0,0,0,0,0,0,0,0,0,0
ביס,0,0,0,0,0,0,0,0,0,0
בִּישׁוֹף,0,0,0,0,0,0,0,0,0,0
בִּיזוֹן,0,0,0,0,0,0,0,0,0,0
קצת,0,0,0,0,0,0,0,0,0,0
כַּלבָּה,1,0,1,1,0,1,0,1,0,0
נְשִׁיכָה,0,0,0,0,0,1,0,0,0,0
במרירות,1,0,1,0,0,1,0,1,0,0
מְרִירוּת,1,0,1,0,0,1,0,1,0,0
בִּיטוּמֵן,0,0,0,0,0,0,0,0,0,0
דו - שבועי,0,0,0,0,0,0,0,0,0,0
מוּזָר,0,0,0,0,0,1,0,0,1,0
אוכמניות,0,0,0,0,0,0,0,0,0,0
לוח,0,0,0,0,0,0,0,0,0,0
בלאק ג'ק,0,0,0,0,0,1,0,0,0,0
לִסְחוֹט,1,0,0,1,0,1,0,0,0,0
שְׁחוֹר,0,0,0,1,0,1,0,1,0,0
נַפָּח,0,0,0,0,0,0,0,0,0,0
שַׁלפּוּחִית הַשֶׁתֶן,0,0,0,0,0,0,0,0,0,0
להב,0,0,0,0,0,0,0,0,0,0
אשמה,1,0,1,0,0,1,0,0,0,0
חַף מִפֶּשַׁע,0,0,0,0,0,0,1,0,0,0
תפל,0,0,0,0,0,1,0,0,0,0
רֵיק,0,0,0,0,0,0,0,0,0,0
שְׂמִיכָה,0,0,0,0,0,0,0,0,0,1
חילול השם,1,0,1,0,0,1,0,0,0,0
חִלוּל הַשֵׁם,1,0,0,0,0,1,0,0,0,0
פיצוץ,1,0,0,1,0,1,0,0,1,0
גַס,1,0,1,0,0,1,0,0,0,0
לְפַטְפֵט,0,0,0,0,0,1,0,0,0,0
לֶהָבָה,1,0,0,0,0,1,0,0,0,0
בוער,0,0,0,0,0,0,0,0,0,0
לְהַלבִּין,0,0,0,0,0,0,0,0,0,0
עָגוּם,0,0,0,0,0,1,0,1,0,0
מְדַמֵם,0,0,1,1,0,1,0,1,0,0
פְּגָם,1,0,1,1,0,1,0,1,0,0
תַעֲרוֹבֶת,0,0,0,0,0,0,0,0,0,0
הִתמַזְגוּת,0,0,0,0,0,0,0,0,0,0
לברך,0,1,0,0,1,0,1,0,0,1
בָּרוּך,0,0,0,0,1,0,1,0,0,0
ברכה,0,1,0,0,1,0,1,0,0,1
ברכות,0,1,0,0,1,0,1,0,1,1
כִּמשׁוֹן,0,0,1,1,0,1,0,1,0,0
מושחת,0,0,1,0,0,1,0,1,0,0
מסונוור,0,0,0,0,0,1,0,0,0,0
כיסוי עיניים,0,1,0,1,0,0,0,0,1,0
מכוסת עיניים,0,0,0,0,0,0,0,0,0,0
באופן עיוור,0,0,0,0,0,1,0,1,0,0
עיוורון,0,0,0,0,0,1,0,1,0,0
לְמַצְמֵץ,0,0,0,0,0,0,0,0,0,0
אושר,0,0,0,0,1,0,1,0,0,0
מְאוּשָׁר,0,0,0,0,1,0,1,0,0,0
שַׁלפּוּחִית,0,0,1,0,0,1,0,0,0,0
בליץ,0,0,0,0,0,0,0,0,1,0
סוּפַת שֶׁלֶג,0,0,0,0,0,0,0,0,0,0
נפוח,0,0,1,0,0,1,0,0,0,0
כֶּתֶם,0,0,1,1,0,1,0,0,0,0
לַחסוֹם,0,0,0,0,0,0,0,0,0,0
הֶסגֵר,1,0,0,1,0,1,0,1,0,0
בלונדיני,0,0,0,0,0,0,0,0,0,0
דָם,0,0,0,0,0,0,0,0,0,0
כלב דם,0,0,0,0,0,0,0,0,0,0
ללא דם,0,0,0,0,0,0,1,0,0,0
שפיכות דמים,1,0,1,1,0,1,0,1,1,0
צמא דם,1,0,1,1,0,1,0,0,0,0
אָרוּר,1,0,1,1,0,1,0,1,0,0
לִפְרוֹחַ,0,1,0,0,1,0,1,0,0,1
לִפְרוֹחַ,0,0,0,0,1,0,1,0,0,0
כֶּתֶם,0,0,0,0,0,1,0,0,0,0
חוּלצָה,0,0,0,0,0,0,0,0,0,0
מַפּוּחַ,0,0,0,0,0,1,0,0,0,0
מַשָׁב,0,0,0,0,0,0,0,0,0,0
מפוצץ,0,0,0,0,0,0,0,0,0,0
לנשוף החוצה,0,0,0,0,0,1,0,0,0,0
כָּחוֹל,0,0,0,0,0,0,0,1,0,0
בלוז,0,0,0,1,0,1,0,1,0,0
בְּלוֹף,0,0,0,0,0,1,0,0,0,0
כְּחַלחַל,0,0,0,0,0,0,0,0,0,0
לְפַשֵׁל,0,0,1,0,0,1,0,1,0,0
לְהַקְהוֹת,0,0,0,0,0,0,0,0,0,0
לְטַשׁטֵשׁ,0,0,0,0,0,1,0,0,0,0
מטושטש,0,0,0,0,0,1,0,0,0,0
לְהַסמִיק,0,0,0,0,0,1,0,0,0,0
הַסמָקָה,0,0,0,0,0,0,0,0,0,0
חַנָק,0,0,0,0,0,0,0,0,0,0
חזיר בר,0,0,0,0,0,0,0,0,0,0
גלשן,0,1,0,0,0,0,0,0,0,0
מִתאַכסֵן,0,0,0,0,0,0,0,0,0,0
עֲלִייָה לַמָטוֹס,0,0,0,0,0,0,0,0,0,0
לוחות,0,0,0,0,0,0,0,0,0,0
לְהִתְפַּאֵר,0,0,0,0,0,1,1,0,0,0
הִתפָּאֲרוּת,0,0,0,0,0,1,0,0,0,0
סִירָה,0,0,0,0,0,0,0,0,0,0
סִירָאוּת,0,0,0,0,0,0,0,0,0,0
סְלִיל,0,0,0,0,0,0,0,0,0,0
לְנָבֵּא,0,0,0,0,0,0,0,0,0,0
מָחוֹך,0,0,0,0,0,0,0,0,0,0
גופני,0,0,0,0,0,0,0,0,0,0
גוּף,0,0,0,0,0,0,0,0,0,0
שׁוֹמֵר רֹאשׁ,0,0,0,0,0,0,1,0,0,1
לִשְׁקוֹעַ,0,0,0,0,0,1,0,0,0,0
מְזוּיָף,1,0,1,0,0,1,0,0,0,0
רְתִיחָה,0,0,1,0,0,1,0,0,0,0
דוּד,0,0,0,0,0,0,0,0,0,0
לוחית דודים,0,0,0,0,0,1,0,0,0,0
רְתִיחָה,0,0,0,0,0,0,0,0,0,0
שׁוֹבָב,1,1,0,0,1,1,1,0,0,0
נוֹעָז,0,0,0,0,0,0,1,0,0,0
נוֹעָזוּת,0,0,0,0,0,0,1,0,0,0
לְחַזֵק,0,0,0,0,0,0,1,0,0,0
בְּרִיחַ,0,0,0,0,0,0,0,0,0,0
בולוס,0,0,0,0,0,0,0,0,0,0
פְּצָצָה,1,0,0,1,0,1,0,1,1,0
לְהַפְצִיץ,1,0,0,1,0,1,0,0,0,0
הַפצָצָה,1,0,0,1,0,1,0,0,0,0
מופצץ,0,0,1,0,0,1,0,0,0,0
מַפצִיץ,0,0,0,1,0,0,0,1,0,0
מִרבָּץ עָשִׁיר,0,0,0,0,1,0,1,0,0,0
אגרת חוב,0,0,0,0,0,0,0,0,0,0
שִׁעבּוּד,0,0,0,1,0,1,0,1,0,0
קשרים,0,0,0,0,0,1,0,0,0,0
עֶצֶם,0,0,0,0,0,0,0,0,0,0
משעמם,0,0,0,0,0,0,0,0,0,0
עצמות,0,0,0,0,0,0,0,0,0,0
מְדוּרָה,0,0,0,0,0,0,0,0,0,0
בון,0,0,0,0,0,0,1,0,0,0
מִצנֶפֶת,0,0,0,0,0,0,0,0,0,0
מַעֲנָק,0,1,0,0,1,0,1,0,1,0
גַרמִי,0,0,0,0,0,0,0,0,0,0
בוז,0,0,0,0,0,1,0,0,0,0
טֶמבֶּל,0,0,0,0,0,0,0,0,0,0
בובי,0,0,0,0,0,1,0,0,0,0
סֵפֶר,0,0,0,0,0,0,0,0,0,0
כּוֹנָנִית,0,0,0,0,0,0,0,0,0,0
הזמנה,0,0,0,0,0,0,0,0,0,0
לַמדָנִי,0,0,0,0,0,0,1,0,0,0
מְנַהֵל חֶשׁבּוֹנוֹת,0,0,0,0,0,0,0,0,0,0
הַנהָלַת חֶשְׁבּוֹנוֹת,0,0,0,0,0,0,0,0,0,0
חוֹבֶרֶת,0,0,0,0,0,0,0,0,0,0
ספרים,0,0,0,0,0,0,0,0,0,0
מוכר ספרים,0,0,0,0,0,0,0,0,0,0
חֲנוּת סְפָרִים,0,0,0,0,0,0,1,0,0,0
חֲנוּת סְפָרִים,0,0,0,0,0,0,0,0,0,0
מַקָק,0,0,0,0,0,1,1,0,0,0
בּוּמֵרַנְג,0,1,0,0,0,0,0,0,0,1
פורחת,0,0,0,0,0,0,0,0,0,0
בְּרָכָה,0,0,0,0,0,0,1,0,0,0
לְהַגבִּיר,0,0,0,0,0,0,0,0,0,0
מַגבֵּר,0,0,0,0,0,0,0,0,0,0
מַגָף,0,0,0,0,0,0,0,0,0,0
תָא,0,0,0,0,0,0,0,0,0,0
מגפיים,0,0,0,0,0,0,0,0,0,0
שָׁלָל,0,0,0,0,0,0,0,0,0,0
מַשׁקֶה חָרִיף,0,0,0,0,0,1,0,0,0,0
גבול,0,0,0,0,0,0,0,0,0,0
גובל,0,0,0,0,0,0,0,0,0,0
לְשַׁעֲמֵם,0,0,0,0,0,1,0,0,0,0
בוריאל,0,0,0,0,0,0,0,0,0,0
שעמום,0,0,0,0,0,1,0,1,0,0
מַקדֵחַ,0,0,0,0,0,0,0,0,0,0
מְשַׁעֲמֵם,0,0,0,0,0,1,0,0,0,0
קִריָה,0,0,0,0,0,0,0,0,0,0
לִלווֹת,0,0,0,0,0,0,0,0,0,0
לוֹוֶה,0,0,0,0,0,1,0,0,0,0
חֵיק,0,0,0,0,0,0,0,0,0,0
בּוֹס,0,0,0,0,0,0,0,0,0,0
בוסטון,0,0,0,0,0,0,0,0,0,0
בּוֹטָנִי,0,0,0,0,0,0,0,0,0,0
בּוֹטָנַאִי,0,0,0,0,0,0,0,0,0,0
בּוֹטָנִיקָה,0,0,0,0,0,0,0,0,0,0
לְהטרִיד,0,0,0,0,0,1,0,0,0,0
מטריד,1,0,0,0,0,1,0,1,0,0
בקבוק,0,0,0,0,0,0,0,0,0,0
תַחתִית,0,0,0,0,0,1,0,1,0,0
לְלֹא תַחתִית,0,0,0,1,0,0,0,0,0,0
סלע,0,0,0,0,0,0,0,0,0,0
להקפיץ,0,0,0,0,0,0,0,0,0,0
כָּרוּך,0,0,0,0,0,1,0,0,0,0
גְבוּל,0,0,0,0,0,0,0,0,0,0
לְלֹא גְבוּל,0,0,0,0,0,0,0,0,0,0
גבולות,0,0,0,0,0,0,0,0,0,0
שׁוֹפֵעַ,0,1,0,0,1,0,1,0,0,0
נְדִיבוּת,0,1,0,0,1,0,1,0,0,1
זר,0,0,0,0,1,0,1,0,0,1
בּוּרגָנִי,0,0,0,0,0,0,0,0,0,0
בּוּרגָנוּת,0,0,0,0,0,0,0,0,0,0
בורסה,0,0,0,0,0,0,0,0,0,0
הֶתקֵף,1,0,0,0,0,1,0,0,0,0
דְמוּי שׁוֹר,0,0,1,0,0,1,0,0,0,0
שָׁחוּחַ,0,0,0,0,0,0,0,0,0,0
מעיים,0,0,1,0,0,0,0,0,0,0
קְעָרָה,0,0,0,0,0,0,0,0,0,0
כַּדוֹרֶת,0,0,0,0,0,0,0,0,0,0
קופסא,0,0,0,0,0,0,0,0,0,0
מִתאַגרֵף,0,0,0,0,0,0,0,0,0,0
אִגרוּף,1,0,0,0,0,0,0,0,0,0
חֵרֶם,0,0,0,0,0,1,0,0,0,0
נְעוּרִים,0,0,0,0,0,0,0,0,0,0
נַעֲרִי,0,0,0,0,0,0,0,0,0,0
לְהַדֵק,0,0,0,0,0,0,0,0,0,0
צמיד,0,0,0,0,0,0,0,0,0,0
פלטה,0,0,0,0,0,0,0,0,0,0
זרוע,0,0,0,0,0,0,0,0,0,0
סוֹגֵר,0,0,0,0,0,0,0,0,0,0
סוֹגְרַיִם,0,0,0,0,0,0,0,0,0,0
מליחים,0,0,0,0,0,0,0,0,0,0
בראד,0,0,0,0,0,0,0,0,0,0
לְהִתְרַבְרֵב,0,0,0,0,0,1,0,0,0,0
לִקְלוֹעַ,0,0,0,0,0,0,0,0,0,0
מוֹחַ,0,0,0,0,0,0,0,0,0,0
מוֹחַ,0,0,0,0,0,0,1,0,0,0
רַעְיוֹן מַבְרִיק,0,0,0,0,0,0,0,0,0,0
בֶּלֶם,0,0,0,0,0,0,0,0,0,0
סוּבִּין,0,0,1,0,0,0,0,0,0,0
ענף,0,0,0,0,0,0,0,0,0,0
מִסעָף,0,0,0,0,0,0,0,0,0,0
ברנדי,0,0,0,0,0,1,0,0,0,0
פליז,0,0,0,0,0,0,0,0,0,0
פִּרחָח,0,0,0,0,0,0,0,0,0,0
הֶעָזָה,0,0,0,0,0,1,0,0,0,0
אומץ,0,0,0,0,0,0,1,0,0,0
קְטָטָה,1,0,1,1,0,1,0,0,0,0
חצופה,1,0,0,0,0,1,0,0,0,0
הֲפָרָה,0,0,0,0,0,1,0,0,0,0
לחם,0,0,0,0,0,0,0,0,0,0
רוֹחַב,0,0,0,0,0,0,0,0,0,0
לשבור,0,0,0,0,0,0,0,0,1,0
שָׁבִיר,0,0,0,0,0,0,0,0,0,0
התקלקל,0,0,0,0,0,1,0,0,0,0
נַחשׁוֹל,0,0,0,0,0,0,0,0,0,0
שוברים,0,0,0,0,0,0,0,0,0,0
ארוחת בוקר,0,0,0,0,0,0,1,0,0,0
מְהִירוּת מְסוּכֶּנֶת,0,0,0,0,0,1,0,0,0,0
להפרד,0,0,0,0,0,1,0,1,0,0
נְשִׁימָה,0,0,0,0,0,0,0,0,0,0
עַכּוּז,0,0,0,0,0,0,0,0,0,0
מִכְנָסַיִים,0,0,0,0,0,0,0,0,0,0
גֶזַע,0,0,0,0,0,0,0,0,0,0
מְגַדֵל,0,0,0,0,0,0,0,0,0,0
רבייה,0,0,0,0,0,0,0,0,0,0
רוּחַ,0,0,0,0,0,0,0,0,0,0
קליל,0,0,0,0,0,0,0,0,0,0
אַחִים לְדָת,0,0,0,0,0,0,0,0,0,0
breve,0,0,0,0,0,0,0,0,0,0
קוֹצֶר,0,0,0,0,0,0,0,0,0,0
לְהִתְבַּשֵׁל,0,0,0,0,0,0,0,0,0,0
מתבשל,0,0,0,0,0,0,0,0,0,0
שוחד,0,0,0,0,0,1,0,0,0,0
שׁוֹחַד,0,0,1,0,0,1,0,0,0,0
לְבֵנָה,0,0,0,0,0,0,0,0,0,0
שֶׁל כְּלוּלוֹת,0,1,0,0,1,0,1,0,0,1
כַּלָה,0,1,0,0,1,0,1,0,0,1
חָתָן,0,1,0,0,1,0,1,0,0,1
שׁוֹשְׁבִינַת הַכַּלָה,0,0,0,0,1,0,1,0,0,1
לְגַשֵׁר,0,0,0,0,0,0,0,0,0,0
רֶסֶן,0,0,0,0,0,0,0,0,0,0
בקצרה,0,0,0,0,0,0,0,0,0,0
בריג,0,0,0,0,0,0,0,0,0,0
חֲטִיבָה,0,0,0,1,0,1,0,0,0,0
לְהַאִיר,0,0,0,0,1,0,1,0,1,1
בְּהִירוּת,0,0,0,0,0,0,1,0,0,0
מַברִיק,0,1,0,0,1,0,1,0,0,1
שׁוּלַיִם,0,0,0,0,0,0,0,0,0,0
שופע,0,0,0,0,0,0,0,0,0,0
גופרית,1,0,0,1,0,1,0,0,0,0
מי מלח,0,0,0,0,0,0,0,0,0,0
לְהָבִיא,0,0,0,0,0,0,0,0,0,0
סַף,0,0,0,0,0,0,0,0,0,0
מְרַעֲנֵן,0,0,0,0,0,0,0,0,0,0
זִיף,0,0,0,0,0,1,0,0,0,0
שָׁבִיר,0,0,0,0,0,0,0,0,0,0
מִשׁדָר,0,0,0,0,0,0,0,0,0,0
הַתקָפָה מְרוּכֶּזֶת,0,1,0,0,0,1,0,0,0,0
ברוקד,0,0,0,0,0,0,1,0,0,0
חוֹבֶרֶת,0,0,0,0,0,0,0,0,0,0
לִצְלוֹת,1,0,0,0,0,1,0,0,0,0
חסר פרוטה,0,0,0,1,0,1,0,1,0,0
שָׁבוּר,1,0,0,1,0,1,0,1,0,0
סַרְסוּר,0,0,0,0,0,0,0,0,0,0
עֲמִילוּת,0,0,0,0,0,0,0,0,0,0
ברונקו,0,0,0,0,0,0,0,0,0,0
בְּרוֹנזָה,0,0,0,0,0,0,0,0,0,0
לִרְבּוֹץ,0,0,0,0,0,0,0,0,0,0
דְגִירָה,0,0,0,0,0,0,0,0,0,0
נַחַל,0,0,0,0,0,0,0,0,0,0
מְטַאטֵא,0,0,0,0,0,0,0,0,0,0
מרק בשר,0,0,0,0,0,0,0,0,0,0
בֵּית זוֹנוֹת,0,0,1,0,0,1,0,0,0,0
אָח,0,0,0,0,0,0,1,0,0,1
אחווה,0,0,0,0,0,0,1,0,0,1
אחים,0,1,0,0,1,0,1,0,0,1
מֵצַח,0,0,0,0,0,0,0,0,0,0
חום,0,0,0,0,0,0,0,0,0,0
חבורה,0,1,0,0,0,1,0,0,0,0
שְׁחַרחוֹרֶת,0,0,0,0,0,0,0,0,0,0
נֵטֶל,1,0,0,0,0,1,0,0,0,0
מִברֶשֶׁת,0,0,0,0,0,0,0,0,0,0
אַכְזָרִי,1,0,0,1,0,1,0,0,0,0
הִתעַלְלוּת,1,0,0,1,0,1,0,0,0,0
פְּרָאִי,1,0,0,1,0,1,0,1,0,0
בּוּעָה,0,0,0,0,0,0,0,0,0,0
פִּכפּוּך,0,0,0,0,0,0,0,0,0,0
דוֹלָר,0,0,0,1,0,1,1,0,1,0
דְלִי,0,0,0,0,0,0,0,0,0,0
אַבזָם,0,0,0,0,0,0,0,0,0,0
אבזם,0,0,0,0,0,0,0,0,0,0
לְהַנֵץ,0,0,0,0,0,0,0,0,0,0
חבר,0,1,0,0,1,0,1,0,0,1
לָזוּז,0,0,0,0,0,0,0,0,0,0
תַקצִיב,0,0,0,0,0,0,0,0,0,1
תְאוֹ,0,0,0,0,0,0,0,0,0,0
בַּלָם,0,0,0,0,0,0,0,0,0,0
בופה,1,0,0,0,0,1,0,0,0,0
חרק,0,0,1,1,0,1,0,0,0,0
bugaboo,1,0,0,1,0,1,0,1,0,0
מֶרְכָּבָה,0,0,0,0,0,0,0,0,0,0
חֲצוֹצְרָה,0,1,0,0,0,0,0,0,0,0
לִבנוֹת,0,0,0,0,0,0,1,0,0,0
בּוֹנֶה,0,0,0,0,0,0,0,0,0,0
בִּניָן,0,0,0,0,0,0,1,0,0,0
מבנים,0,0,0,0,0,0,0,0,0,0
נוּרָה,0,0,0,0,0,0,0,0,0,0
בולבוס,0,0,0,0,0,1,0,0,0,0
בְּלִיטָה,0,0,0,0,0,0,0,0,0,0
תִפזוֹרֶת,0,0,0,0,0,0,0,0,0,0
מחיצה,0,0,0,0,0,0,0,0,0,0
גַס,0,0,0,0,0,0,0,0,0,0
שׁוֹר,0,0,0,0,0,0,0,0,0,0
בּוּלדוֹג,0,0,0,0,0,0,1,0,0,0
דַחפּוֹר,0,0,0,0,0,0,0,0,0,0
כַּדוּר,0,0,0,0,0,0,0,0,0,0
עָלוֹן,0,0,0,0,0,0,0,0,0,0
חֲסִין קְלִיעִים,0,0,0,0,0,0,1,0,0,0
פַּר,0,0,0,0,0,0,0,0,0,0
בִּריוֹן,1,0,0,1,0,1,0,0,0,0
מעוז,0,0,0,0,0,0,0,0,0,0
בַּטלָן,0,0,1,0,0,1,0,1,0,0
באסה,1,0,1,0,0,1,0,0,0,0
מַכָּה,0,0,0,0,0,0,0,0,0,0
לַחמָנִיָה,0,0,0,0,0,0,0,0,0,0
צְרוֹר,0,0,0,0,0,0,0,0,0,0
חבילה,0,0,0,0,0,0,0,0,0,0
בּוּנגָלוֹ,0,0,0,0,0,0,0,0,0,0
דַרגָשׁ,0,0,0,0,0,0,0,0,0,0
בּוּנקֶר,0,0,0,1,0,0,0,0,0,0
לַחֲבוֹט קָלוֹת,0,0,0,0,0,0,0,0,0,0
מָצוֹף,0,0,0,0,0,0,1,0,0,0
צִיפָה,0,0,0,0,0,0,0,0,0,0
בר,0,0,0,0,0,0,0,0,0,0
נטל,0,0,0,0,0,0,0,0,0,0
כָּבֵד,0,0,0,1,0,1,0,1,0,0
לשכה,0,0,0,0,0,0,0,0,0,0
בִּירוֹקרַטִיָה,0,0,0,0,0,1,0,0,0,1
ביורוקרט,0,0,1,0,0,1,0,0,0,0
פּוֹרֵץ,0,0,1,1,0,1,0,0,0,0
פְּרִיצָה,0,0,0,0,0,1,0,0,0,0
קְבוּרָה,1,0,0,1,0,1,0,1,0,0
קבור,0,0,0,1,0,1,0,1,0,0
בורק,1,0,1,1,0,1,0,1,0,0
אֲרִיג יוּטָה,0,0,0,0,0,0,0,0,0,0
בּוּרלֶסקָה,0,0,0,0,0,0,0,0,1,0
מְגוּשָׁם,0,0,0,0,0,0,0,0,0,0
לשרוף,0,0,0,0,0,0,0,0,0,0
מַבעֵר,0,0,0,0,0,0,0,0,0,0
שריפה,0,0,0,0,0,0,0,0,0,0
מבריק,0,0,0,0,0,0,0,0,0,0
שְׁחִיקָה,0,0,0,0,0,0,0,0,0,0
שַׂרוּף,0,0,1,0,0,1,0,0,0,0
קְלִפָּה קַשָׁה,0,0,0,0,0,0,0,0,0,0
מְחִילָה,0,0,0,0,0,0,0,0,0,0
מַעֲנָק,0,0,0,0,0,0,0,0,0,1
לִקְבּוֹר,0,0,0,0,0,0,0,1,0,0
אוֹטוֹבּוּס,0,0,0,0,0,0,0,0,0,0
שיח,0,0,0,0,0,0,0,0,0,0
בושל,0,0,0,0,0,0,0,0,0,0
מְכוּסֶה שִׂיחִים,0,0,0,0,0,0,0,0,0,0
עֵסֶק,0,0,0,0,0,0,0,0,0,0
נְשִׁיקָה,0,0,0,0,1,0,1,0,0,0
חָזֶה,0,0,0,0,0,0,0,0,0,0
נשבר,1,0,0,1,0,1,0,0,0,0
לְהִתְרוֹצֵץ,0,0,0,0,0,0,0,0,0,0
הומה,0,0,0,0,0,0,0,0,0,0
עסוק,0,0,0,0,0,0,0,0,0,0
גָז בּוטָאן,0,0,0,0,0,0,0,0,0,0
קַצָב,1,0,1,1,0,1,0,0,0,0
משרת,0,0,0,0,0,0,1,0,0,1
קַת,0,0,0,0,0,1,0,0,0,0
חמאה,0,0,0,0,0,0,0,0,0,0
פַּרְפַּר,0,0,0,0,0,0,0,0,0,0
חמאתי,0,0,0,0,0,0,1,0,0,0
יַשׁבָן,0,0,0,0,0,0,0,0,0,0
לַחְצָן,0,0,0,0,0,0,0,0,0,0
לְחַזֵק,0,0,0,0,0,0,0,0,0,0
מופרך,0,0,0,0,0,0,1,0,0,0
לִקְנוֹת,0,0,0,0,0,0,0,0,0,0
קוֹנֶה,0,0,0,0,0,0,0,0,0,0
קְנִיָה,0,0,0,0,0,0,0,0,0,0
זִמזוּם,0,1,0,1,0,0,1,0,0,0
זמזם,0,0,0,0,0,1,0,0,0,0
זַמזָם,0,0,0,0,0,0,0,0,0,0
ביי,0,1,0,0,0,0,0,0,0,0
בעבר,0,0,0,0,0,0,0,0,0,0
חוֹק עֵזֶר,0,0,0,0,0,0,0,0,0,1
צופה מהצד,0,0,0,0,0,0,0,0,0,0
בייט,0,0,0,0,0,0,0,0,0,0
מונית,0,0,0,0,0,0,1,0,0,0
קְנוּנִיָה,0,0,0,1,0,1,0,0,0,0
כרוב,0,0,0,0,0,0,0,0,0,0
תָא,0,0,0,0,0,0,0,0,0,0
קבינט,0,0,0,0,0,0,1,0,0,1
כֶּבֶל,0,0,0,0,0,0,0,0,1,0
קבריולה,0,0,0,0,0,0,0,0,0,0
מטמון,0,0,0,0,0,0,0,0,0,0
קָקוֹפוֹניָה,1,0,1,0,0,1,0,0,0,0
cad,1,0,1,0,0,1,0,0,0,0
פֶּגֶר,0,0,1,1,0,1,0,1,1,0
נוֹשֵׂא כֵּלִים,0,0,0,0,0,0,0,0,0,0
קצב,0,0,0,0,0,0,0,0,0,0
צוֹעֵר,0,0,0,0,0,0,0,0,0,0
בֵּית קָפֶה,0,0,0,0,0,0,1,0,0,0
כְּלוּב,0,0,0,0,0,1,0,1,0,0
גַלעֵד,0,0,0,0,0,0,0,0,0,0
עוגה,0,0,0,0,0,0,0,0,0,0
אָסוֹן,0,0,0,0,0,0,0,1,0,0
גִירִי,0,0,0,0,0,0,0,0,0,0
לחשב,0,0,0,0,0,0,0,0,0,0
מְחוֹשָׁב,0,0,0,0,0,0,0,0,0,0
חישוב,0,0,0,0,0,1,0,0,0,0
תַחשִׁיב,0,1,0,0,0,0,0,0,0,0
מַחשְׁבוֹן,0,0,0,0,0,0,1,0,0,1
חֶשְׁבּוֹן,0,0,0,0,0,0,0,0,0,0
לוּחַ שָׁנָה,0,0,0,0,0,0,0,0,0,0
לוח שנה,0,0,0,0,0,0,0,0,0,0
עגל,0,0,0,0,1,0,1,0,0,1
קָלִיבֶּר,0,0,0,0,0,0,0,0,0,0
לְדַרֵג,0,0,0,0,0,0,0,0,0,0
calico,0,0,0,0,0,0,0,0,0,0
מְחוּגָה,0,0,0,0,0,0,0,0,0,0
שִׂיחָה,0,0,0,0,0,0,0,0,0,0
כְּתִיבָה יָפָה,0,0,0,0,0,0,0,0,0,0
יִעוּד,0,0,0,0,0,0,0,0,0,0
קָשׁוּחַ,1,0,1,0,0,1,0,0,0,0
שיחות,0,1,0,0,0,1,0,0,0,1
לְהַרְגִיעַ,0,0,0,0,0,0,1,0,0,0
רוֹגַע,0,0,0,0,0,0,0,0,0,0
קלוריות,0,0,0,0,0,0,0,0,0,0
קָלוֹרִיָה,0,0,0,0,0,0,0,0,0,0
קלורימטר,0,0,0,0,0,0,0,0,0,0
פִּקָה,0,0,0,0,0,0,0,0,0,0
קִמוּר,0,0,0,0,0,0,0,0,0,0
גָמָל,0,0,0,0,0,0,0,0,0,0
קָמִיעַ,0,0,0,0,0,0,0,0,0,0
צַלָם,0,0,0,0,0,0,0,0,0,0
חוּלצָה,0,0,0,0,0,0,0,0,0,0
לְהַסווֹת,0,0,0,0,0,0,0,0,1,0
מוסווה,0,0,0,0,0,0,0,0,1,0
מַחֲנֶה,0,0,0,0,0,0,0,0,0,0
קמפיין,0,0,0,0,0,0,0,0,0,0
קמפיינר,0,0,0,0,0,0,0,0,0,0
קמפיין,1,0,0,1,0,1,0,0,0,0
קַמפּוּס,0,0,0,0,0,0,0,0,0,0
תְעָלָה,0,0,0,0,0,0,0,0,0,0
כַּנָרִית,0,0,0,0,0,0,1,0,0,0
לְבַטֵל,0,0,0,0,0,1,0,1,0,0
ביטול,0,0,0,0,0,0,0,0,0,0
ביטול,0,0,0,0,0,0,0,0,0,0
סרטן,1,0,1,1,0,1,0,1,0,0
גָלוּי לֵב,0,1,0,0,1,0,1,0,1,1
מוּעֲמָדוּת,0,0,0,0,0,0,0,0,0,0
מוּעֲמָד,0,0,0,0,0,0,1,0,0,0
מְסוּכָּר,0,0,0,0,0,0,1,0,0,0
נר,0,0,0,0,0,0,0,0,0,0
אור נרות,0,0,0,0,0,0,0,0,0,0
פָּמוֹט,0,0,0,0,0,0,0,0,0,0
כֵּנוּת,0,0,0,0,0,0,0,0,0,0
ממתק,0,0,0,0,0,0,0,0,0,0
מקל,1,0,0,1,0,0,0,0,0,0
כַּלבִּי,0,0,0,0,0,0,0,0,0,0
קוּפסָה,0,0,0,0,0,0,0,0,0,0
כִּיב,1,0,1,0,0,1,0,0,0,0
קָנִיבָּל,0,0,1,1,0,1,0,0,0,0
קָנִיבָּלִיוּת,0,0,1,0,0,1,0,0,0,0
שימורים,0,0,0,0,0,0,0,0,0,0
תוֹתָח,1,0,0,1,0,1,0,0,0,0
קָנוֹ,0,0,0,0,0,0,0,0,0,0
קָנוֹן,0,0,0,0,0,0,0,0,0,0
קנוני,0,0,0,0,0,0,0,0,0,0
קנונים,0,0,0,0,0,0,0,0,0,1
חוּפָּה,0,0,0,0,0,0,0,0,0,0
מזנון,0,0,0,0,0,0,0,0,0,0
קנטרברי,0,0,0,0,0,0,0,0,0,0
שְׁלוּחָה,0,0,0,0,0,0,0,0,0,0
קָנטוֹ,0,0,0,0,0,0,0,0,0,0
קנטון,0,0,0,0,0,0,0,0,0,0
בַּד,0,0,0,0,0,0,0,0,0,0
בד,0,0,0,0,0,0,0,0,0,0
כובע,0,1,0,0,0,0,0,0,0,1
יכולת,0,0,0,0,0,0,0,0,0,0
בעל יכולת,0,0,0,0,0,0,0,0,0,0
קיבולת,0,0,0,0,0,0,0,0,0,0
כַּף,0,0,0,0,0,0,0,0,0,0
לְקַפֵּץ,0,0,0,0,0,0,0,0,0,0
נִימִי,0,0,0,0,0,0,0,0,0,0
עיר בירה,0,0,0,0,0,0,0,0,0,0
קָפִּיטָלִיסט,0,0,0,0,0,0,1,0,0,0
כותרות,0,0,0,0,0,0,0,0,0,0
קפיטציה,0,0,0,0,0,0,0,0,0,0
קפיטול,0,0,0,0,0,0,0,0,0,0
כְּנִיעָה,0,0,0,0,0,0,0,0,0,0
גַחְמָה,0,0,0,0,0,0,0,0,0,0
גַחְמָנִי,0,0,0,0,0,0,0,0,0,0
כובעים,0,0,0,0,0,0,0,0,0,0
כּמוּסָה,0,0,0,0,0,0,0,0,0,0
סֶרֶן,0,0,0,0,0,0,1,0,0,0
כּוֹתֶרֶת,0,0,0,0,0,0,0,0,0,0
לָצוּד,0,1,0,0,1,0,1,0,1,1
שׁוֹבֵה לֵב,0,0,0,0,0,0,1,0,0,0
שָׁבוּי,0,0,0,1,0,1,0,1,0,0
גָלוּת,0,0,0,0,0,1,0,1,0,0
שַׁבַּאי,0,0,0,1,0,1,0,0,0,0
לִלְכּוֹד,0,0,0,0,0,1,0,0,0,0
אוטו,0,0,0,0,0,0,0,0,0,0
קַרַמֵל,0,0,0,0,0,0,0,0,0,0
קָרָט,0,0,0,0,0,0,0,0,0,0
קָרוֹן,0,0,0,0,0,0,0,0,0,0
פַּחמָן,0,0,0,0,0,0,0,0,0,0
פֶּגֶר,0,0,1,1,0,1,0,1,0,0
סַרְטָן,0,0,0,1,0,1,0,1,0,0
כַּרְטִיס,0,0,0,0,0,0,0,0,0,0
אֲרִיג צֶמֶר,0,0,0,0,0,0,0,0,0,0
קַרדִינָל,0,0,0,0,0,0,0,0,0,0
קרדיומיופתיה,0,0,0,1,0,1,0,1,0,0
קלפים,0,0,0,0,0,0,0,0,0,0
לְטַפֵּל,0,0,0,0,0,0,0,0,0,0
קריירה,0,1,0,0,0,0,1,0,0,0
זָהִיר,0,0,0,0,0,0,1,0,0,0
בקפידה,0,0,0,0,0,0,1,0,0,0
חוסר זהירות,1,0,1,0,0,1,0,0,0,0
לְלַטֵף,0,0,0,0,0,0,1,0,0,0
קרט,0,0,0,0,0,0,0,0,0,0
מַשׁגִיחַ,0,0,0,0,0,0,1,0,0,1
מטען,0,0,0,0,0,0,0,0,0,0
קריבו,0,0,0,0,0,0,0,0,0,0
קָרִיקָטוּרָה,0,0,0,0,0,1,0,0,0,0
עַשֶׁשׁת,0,0,1,0,0,1,0,0,0,0
טֶבַח,1,0,1,1,0,1,0,1,1,0
חוּשָׁנִי,0,0,0,0,0,1,0,0,0,0
צִפּוֹרֶן,0,0,0,0,0,0,0,0,0,0
אוֹכֵל בָּשָׂר,0,0,0,1,0,1,0,0,0,0
הִמנוֹן,0,0,0,0,1,0,1,0,0,1
קרוסלה,0,0,0,0,0,0,0,0,0,0
נגר,0,0,0,0,0,0,0,0,0,0
עֲגָלָה,0,0,0,0,0,0,0,0,0,0
נשא,0,0,0,0,0,0,0,0,0,0
מוֹבִיל,0,0,0,0,0,0,0,0,0,0
לשאת,0,0,0,0,0,0,0,0,0,0
נְשִׂיאָה,0,0,0,0,0,0,0,0,0,0
עֲגָלָה,0,0,0,0,0,0,0,0,0,0
קַרטֵל,0,0,0,0,0,1,0,0,0,0
עֶגלוֹן,0,0,0,0,0,0,0,0,0,0
סָחוּס,0,0,0,0,0,0,0,0,0,0
קרטוגרפי,0,0,0,0,0,0,0,0,0,0
קַרטוֹגרָפִיָה,0,0,0,0,0,0,0,0,0,0
קָרִיקָטוּרָה,0,0,0,0,0,0,0,0,0,0
קרטוש,0,0,0,0,0,0,0,0,0,0
מַחסָנִית,0,0,0,1,0,0,0,0,0,0
לגלף,0,0,0,0,0,0,0,0,0,0
גַלָף,0,0,0,0,0,0,0,0,0,0
גִילוּף,0,0,0,0,0,0,0,0,0,0
אֶשֶׁד,0,0,0,0,0,0,1,0,0,0
מקרה,0,0,0,1,0,1,0,1,0,0
קזאין,0,0,0,0,0,0,0,0,0,0
כסף מזומן,1,1,0,1,1,0,1,0,0,1
קופאית,0,0,0,0,0,0,0,0,0,1
קשמיר,0,0,0,0,0,0,0,0,0,0
מַעֲטֶפֶת,0,0,0,0,0,0,0,0,0,0
קָזִינוֹ,0,0,0,0,0,0,0,0,0,0
חָבִית,0,0,0,0,0,0,0,0,0,0
אֲרוֹן מֵתִים,0,0,0,1,0,1,0,1,0,0
ללהק,0,0,0,0,0,0,0,0,0,0
מַעֲמָד,0,0,0,0,0,1,0,0,0,0
גַלגִלִית,0,0,0,0,0,0,0,0,0,0
טִירָה,0,0,0,0,0,0,0,0,0,0
בִּיבָר,0,0,0,0,0,0,0,0,0,0
אַגָבִי,0,0,0,0,0,0,0,0,0,0
כִּלְאַחַר יָד,0,0,0,0,0,0,0,0,0,0
נִפגָע,1,0,0,1,0,1,0,1,0,0
חתול,0,0,0,0,0,0,0,0,0,0
יְרִידַת חֳמָרִים,0,0,0,0,0,0,0,0,0,0
קָטָלוֹג,0,0,0,0,0,0,0,0,0,0
קָטָלוֹג,0,0,0,0,0,0,0,0,0,0
קָטָלִיזָה,0,0,0,0,0,0,0,0,0,0
מְזַרֵז,0,0,0,0,0,0,0,0,0,0
קטמרן,0,0,0,0,0,0,0,0,0,0
מָעוֹט,0,0,0,0,0,0,0,0,0,0
קָטָרַקט,0,1,0,1,0,1,0,1,0,0
קטסטרופה,1,0,1,1,0,1,0,1,1,0
לתפוס,0,0,0,0,0,0,0,0,1,0
מִדַבֵּק,0,0,0,0,0,0,0,0,0,0
קטכיזם,0,0,1,0,0,0,0,0,0,0
קָטֵגוֹרִי,0,0,0,0,0,0,1,0,0,0
קטגוריה,0,0,0,0,0,0,0,0,0,0
לְסַפֵּק,0,0,0,0,0,0,1,0,0,0
קייטרינג,0,0,0,0,0,0,0,0,0,0
זַחַל,0,0,0,0,0,0,0,0,0,0
cates,0,0,0,0,0,0,0,0,0,0
מְטַהֵר,0,0,0,0,0,0,1,0,0,0
קָתֶדרָלָה,0,0,0,0,1,0,1,0,0,1
קטטר,0,0,0,0,0,1,0,0,0,0
נפית החתולים,0,0,0,0,0,0,0,0,0,0
בקר,0,0,0,0,0,0,0,0,0,0
הקוקוס,0,0,0,0,0,0,0,0,0,0
זנב,0,0,0,0,0,0,0,0,0,0
לאטום,0,0,0,0,0,0,0,0,0,0
סיבתי,0,0,0,0,0,0,0,0,0,0
סִבָּתִיוּת,0,0,0,0,0,0,0,0,0,0
גְרִימָה,0,0,0,0,0,0,0,0,0,0
גרם ל,0,0,0,0,0,0,0,0,0,0
שְׁבִיל,0,0,0,0,0,0,0,0,0,0
זְהִירוּת,1,1,0,1,0,1,0,0,0,0
מַזהִיר,0,0,0,1,0,0,0,0,0,0
זָהִיר,0,1,0,1,0,0,1,0,0,1
בִּזְהִירוּת,0,0,0,1,0,0,1,0,0,0
חֵיל הַפָּרָשִׁים,0,0,0,0,0,0,0,0,0,0
מְעָרָה,0,0,0,0,0,0,0,0,0,0
אזהרה,0,0,0,0,0,0,0,0,0,0
מְעָרָה,0,0,0,0,0,0,0,0,0,0
מְחִלָתִי,0,0,0,0,0,0,0,0,0,0
חָלָל,0,0,0,0,0,0,0,0,0,0
פִּלפֶּלֶת,0,0,0,0,0,0,0,0,0,0
לחדול,0,0,0,0,0,0,0,0,0,0
ללא הפסקה,0,0,0,0,0,0,0,0,0,0
לְוַתֵר,0,0,0,0,0,1,0,0,0,0
תִקרָה,0,0,0,0,0,0,0,0,0,0
חוֹגֵג,0,0,0,0,0,0,0,0,0,0
מְפוּרסָם,0,1,0,0,1,0,1,0,0,0
חוגג,0,1,0,0,1,0,1,0,0,0
חֲגִיגָה,0,1,0,0,1,0,1,0,1,1
סלבריטאי,1,1,1,0,1,1,1,0,1,1
שְׁמֵימִי,0,1,0,0,1,0,1,0,0,0
פְּרִישׁוּת,0,0,0,0,0,0,0,0,0,0
תָא,0,0,0,0,0,0,0,0,0,0
מַרְתֵף,0,0,0,0,0,0,0,0,0,0
תָאִי,0,0,0,0,0,0,0,0,0,0
צִיבִית,0,0,0,0,0,0,0,0,0,0
בטון,0,1,0,0,0,0,0,0,0,1
מוצק,0,0,0,0,0,0,0,0,0,0
בֵּית קְבָרוֹת,0,0,0,1,0,1,0,1,0,0
צֶנזוֹר,1,0,1,1,0,1,0,0,0,1
לְגַנוֹת,0,0,0,0,0,1,0,0,0,0
מִפקָד,0,0,0,0,0,0,0,0,0,0
סֶנט,0,0,0,0,0,0,0,0,0,0
מאה שנה,0,0,0,0,0,0,0,0,0,0
מאה שנה,0,0,0,0,0,0,0,0,0,0
מֶרְכָּז,0,0,0,0,0,0,1,0,0,1
סַנטִימֶטֶר,0,0,0,0,0,0,0,0,0,0
מֶרכָּזִי,0,0,0,0,0,0,0,0,0,0
מֶרכָּזִיוּת,0,0,0,0,0,0,0,0,0,0
מִרכּוּז,0,0,0,0,0,0,0,0,0,0
לרכז,0,0,0,0,0,0,0,0,0,0
באופן מרכזי,0,0,0,0,0,0,0,0,0,0
צֶנטרִיפוּגָלִי,0,0,0,0,0,0,0,0,0,0
סַרכֶּזֶת,0,0,0,0,0,0,0,0,0,0
centurion,0,0,0,0,0,0,1,0,0,0
מֵאָה,0,0,0,0,0,0,0,0,0,0
קֵרָמִיקָה,0,0,0,0,0,0,0,0,0,0
דגני בוקר,0,0,0,0,0,0,0,0,0,0
דִגנֵי בּוֹקֶר,0,0,0,0,0,0,0,0,0,0
מוֹחִי,0,0,0,0,0,0,1,0,0,0
טִקסִי,0,0,0,0,0,0,0,0,0,0
טֶקֶס,0,0,0,0,1,0,1,0,1,0
וַדָאוּת,0,0,0,0,0,0,1,0,0,0
תְעוּדָה,0,0,0,0,0,0,0,0,0,0
לְאַשֵׁר,0,0,0,0,0,0,0,0,0,1
cess,0,0,1,0,0,1,0,0,0,0
הַפסָקָה,0,0,0,0,0,1,0,0,0,0
מוֹץ,1,0,0,1,0,1,0,0,0,0
שפשפת,0,0,0,0,0,1,0,0,0,0
דִכדוּך,0,0,1,0,0,1,0,1,0,0
שַׁרשֶׁרֶת,0,0,0,0,0,0,0,0,0,0
כִּסֵא,0,0,0,0,0,0,0,0,0,0
יור,0,0,0,0,0,0,1,0,0,1
יושב ראש,0,0,0,0,0,0,0,0,0,0
יושבת ראש,0,0,0,0,0,0,1,0,0,1
שזלונג,0,0,0,0,0,0,0,0,0,0
בקתה,0,0,0,0,0,0,0,0,0,0
גָבִיעַ,0,0,0,0,0,0,0,0,0,0
גִיר,0,0,0,0,0,0,0,0,0,0
אתגר,1,0,0,1,0,1,0,0,0,0
תָא,0,0,0,0,0,0,0,0,0,0
חדרים,0,0,0,0,0,0,0,0,0,0
זִקִית,0,0,0,0,0,0,0,0,0,0
שמפנייה,0,0,0,0,0,0,0,0,0,0
אַלוּף,0,1,0,0,1,0,1,0,0,1
הִזדַמְנוּת,0,0,0,0,0,0,0,0,1,0
נָגִיד,0,0,0,0,0,0,0,0,0,1
נִברֶשֶׁת,0,0,0,0,0,0,0,0,0,0
צ'נדלר,0,0,0,0,0,0,0,0,0,0
שינוי,0,0,0,1,0,0,0,0,0,0
מִשְׁתַנֶה,0,1,0,0,0,0,0,0,1,0
השתנה,0,0,0,0,0,0,0,0,0,0
מַחלֵף,0,0,0,0,0,0,0,0,0,0
מִשְׁתַנֶה,0,0,0,0,0,0,0,0,0,0
עָרוּץ,0,0,0,0,0,0,0,0,0,0
לָשִׁיר,1,1,0,0,1,0,1,0,1,0
אי סדר,1,0,0,1,0,1,0,1,0,0
תוהו ובוהו,1,0,0,0,0,1,0,0,0,0
בחור,0,0,0,0,0,0,0,0,0,0
קפלה,0,0,0,0,0,0,0,0,0,0
כּוֹמֶר,0,0,0,0,0,0,0,0,0,1
צ'פמן,0,0,0,0,0,0,0,0,0,0
בחורים,0,0,0,0,0,0,0,0,0,0
פֶּרֶק,0,0,0,0,0,0,0,0,0,0
לְהַשְׁחִיר,0,0,0,0,0,0,0,0,0,0
דמות,0,0,0,0,0,0,0,0,0,0
מאפיין,0,0,0,0,0,0,0,0,0,0
לאפיין,0,0,0,0,0,0,0,0,0,0
מצעד,0,0,0,0,0,1,0,0,0,0
פֶּחָם,0,0,0,0,0,0,0,0,0,0
לחייב,0,0,0,0,0,0,0,0,0,0
בתשלום,0,0,0,1,0,1,0,1,0,0
מַטעֵן,0,0,0,0,0,0,1,0,0,0
מֶרְכָּבָה,0,0,0,0,0,0,0,0,0,0
נדבני,0,1,0,0,1,0,1,0,0,1
צדקה,0,0,0,0,1,0,1,0,0,0
קסם,0,0,0,0,0,0,1,0,0,0
קָסוּם,0,0,0,0,1,1,1,0,0,0
קוֹסֵם,0,0,0,0,0,0,0,0,0,0
מַקסִים,0,0,0,0,0,0,1,0,0,0
תרשים,0,0,0,0,0,0,0,0,0,1
שֶׂכֶר,0,0,0,0,0,0,0,0,0,0
שכר,0,0,0,0,0,0,0,0,0,0
מִרדָף,0,0,0,0,0,1,0,0,0,0
תְהוֹם,0,0,0,1,0,0,0,0,0,0
תוֹכָחָה,0,0,0,0,0,1,0,0,0,0
צְנִיעוּת,0,1,0,0,0,0,1,0,0,1
לְשׂוֹחֵחַ,0,0,0,0,0,0,0,0,0,0
טִירָה,0,0,0,0,0,0,0,0,0,0
לְפַטְפֵט,0,0,0,0,0,0,0,0,0,0
מִלמוּל,0,0,0,0,0,0,1,0,0,0
פטפטן,0,0,0,0,0,1,0,0,0,0
נֶהָג,0,0,0,0,0,0,0,0,0,0
זוֹל,0,0,0,0,0,1,0,0,0,0
לְרַמוֹת,1,0,1,0,0,1,0,0,0,0
חשבון,0,0,0,0,0,0,0,0,0,0
בּוֹדֵק,0,0,0,0,0,0,0,0,0,0
מְשׁוּבָּץ,0,0,0,0,0,0,0,0,0,0
דַמקָה,0,0,0,0,0,0,0,0,0,0
צ'ק ליסט,0,0,0,0,0,0,1,0,0,1
לֶחִי,0,0,0,0,0,0,0,0,0,0
לחיים,0,0,0,0,0,0,0,0,0,0
לְצַיֵץ,0,0,0,0,0,0,0,0,0,0
לְעוֹדֵד,0,1,0,0,1,0,1,0,1,1
עַלִיז,0,0,0,0,1,0,1,0,1,0
עֲלִיזוּת,0,1,0,0,1,0,1,0,0,1
תְשׁוּאוֹת,0,0,0,0,1,0,1,0,0,0
עליז,0,1,0,0,1,0,1,0,0,0
עוגת גבינה,0,0,0,0,0,1,0,0,0,0
בַּרדְלָס,0,0,0,0,0,0,0,0,0,0
תַחתוֹנִית,0,0,0,0,0,0,0,0,0,0
כימאי,0,0,0,0,0,0,1,0,0,1
כִּימִיָה,0,0,0,0,0,0,0,0,0,0
חשבון,0,0,0,0,0,0,0,0,0,0
לְהוֹקִיר,0,1,0,0,1,0,1,0,1,1
דובדבן,0,0,0,0,0,0,1,0,0,0
שַׁחְמָט,0,0,0,0,0,0,0,0,0,0
חזה,0,0,0,0,0,0,0,0,0,0
עַרמוֹן,0,0,0,0,0,0,0,0,0,0
שברון,0,0,0,0,0,0,0,0,0,0
ללעוס,0,0,0,0,0,0,0,0,0,0
מְסוּגנָן,0,0,0,0,0,0,0,0,0,0
צ'יקן,0,1,0,0,0,1,0,0,1,1
עוף,0,0,0,1,0,0,0,0,0,0
רֹאשׁ,0,0,0,0,0,0,0,0,0,0
בעיקר,0,0,0,0,0,0,0,0,0,0
רֹאשׁ שֶׁבֶט,0,0,0,0,0,0,1,0,0,0
יֶלֶד,0,1,0,0,1,0,1,0,0,0
לֵדָה,0,0,0,0,0,0,0,0,0,0
יַלדוּת,0,0,0,0,1,0,1,0,0,0
יַלדוּתִי,0,0,0,0,0,1,0,0,0,0
לְצַנֵן,0,0,0,0,0,0,0,0,0,0
קָרִיר,0,0,0,0,0,1,0,0,0,0
צִלצוּל,0,0,0,0,0,0,0,0,0,0
חֲזוֹן תַעתוּעִים,0,0,0,1,0,0,0,0,1,0
פעמונים,0,0,0,0,0,0,0,0,0,0
אֲרוּבָּה,0,0,0,0,0,0,0,0,0,0
חרסינה,0,0,0,0,0,0,0,0,0,0
סין,0,0,0,0,0,0,0,0,0,0
צ'ינוק,0,0,0,0,0,0,0,0,0,0
שְׁבָב,0,0,0,0,0,0,0,0,0,0
שבבים,0,0,0,0,0,0,0,0,0,0
צִיוּץ,0,0,0,0,1,0,1,0,0,0
אִזְמֵל,0,0,0,0,0,0,1,0,0,0
פֶּתֶק,0,0,0,0,0,0,0,0,0,0
אַבִּירוּת,0,0,0,0,0,0,1,0,0,0
כְּלוֹרוֹפוֹרם,0,0,0,0,0,1,0,0,0,0
שוקולד,0,1,0,0,1,0,1,0,0,1
בְּחִירָה,0,0,0,0,0,0,1,0,0,0
מקהלה,0,0,0,0,1,0,1,0,0,1
לַחֲנוֹק,1,0,0,0,0,1,0,1,0,0
כּוֹלֵרָה,0,0,1,1,0,1,0,1,0,0
בחר,0,0,0,0,0,0,0,0,0,0
בְּחִירָה,0,0,0,0,0,0,0,0,0,0
לִקצוֹץ,0,0,0,0,0,1,0,0,0,0
קִצוּץ,0,0,0,0,0,0,0,0,0,0
צלעות,0,0,0,0,0,0,0,0,0,0
כּוֹרָל,0,0,0,0,1,0,1,0,0,0
אקורדים,0,0,0,0,0,0,0,0,0,0
עֲבוֹדָה שִׁגרָתִית,0,0,0,0,0,1,0,0,0,0
מקהלה,0,0,0,0,0,0,1,0,0,0
נִבחָר,0,0,0,0,0,0,1,0,0,0
חמין,0,0,0,0,0,0,1,0,0,0
הטבלה,0,0,0,0,0,0,0,0,0,0
אַכְרוֹמָטִי,0,0,0,0,0,0,0,0,0,0
כרומטוגרפיה,0,0,0,0,0,0,0,0,0,0
כרומוזום,0,0,0,0,0,0,0,0,0,0
כְּרוֹנִי,0,0,0,0,0,1,0,1,0,0
כְּרוֹנִיקָה,0,0,0,0,0,0,1,0,0,1
כרונוגרף,0,0,0,0,0,0,0,0,0,0
כּרוֹנוֹלוֹגִי,0,0,0,0,0,0,0,0,0,0
צ'אק,0,0,0,0,0,0,0,0,0,0
צחקוק,0,1,0,0,1,0,1,0,1,1
חתיכה,0,0,0,0,0,0,0,0,0,0
שמנמן,0,0,0,0,0,0,0,0,0,0
כְּנֵסִיָה,0,1,0,0,1,0,1,0,0,1
חצר כנסייה,0,0,0,0,0,0,0,0,0,0
מַחבֵּצָה,0,0,0,0,0,0,0,0,0,0
מִגלָשָׁה,0,0,0,0,0,0,0,0,0,0
צ'אטני,0,0,0,0,0,0,0,0,0,0
ciao,0,0,0,0,0,0,0,0,0,0
סיידר,0,0,0,0,0,0,1,0,0,0
סִיגָר,0,0,0,0,0,0,0,0,0,0
סִיגַרִיָה,0,0,0,0,0,1,0,0,0,0
סינץ',0,0,0,0,0,0,0,0,0,0
גַחֶלֶת,0,0,0,0,0,0,0,0,0,0
בית קולנוע,0,0,0,0,0,0,0,0,0,0
צלם קולנוע,0,0,0,0,0,0,0,0,0,0
צילום,0,0,0,0,0,0,0,0,0,0
קינמון,0,0,0,0,0,0,0,0,0,0
צוֹפֶן,0,0,0,0,0,0,0,0,0,0
מעגל,0,0,0,0,0,0,0,0,0,0
מעגלים,0,0,0,0,0,0,0,0,0,0
מעגל חשמלי,0,0,0,0,0,0,0,0,0,0
עָגוֹל,0,0,0,0,0,0,0,0,0,0
לְהָפִיץ,0,0,0,0,0,0,0,0,0,0
מחזור,0,0,0,0,0,0,0,0,0,0
ברית מילה,0,0,0,0,0,0,1,0,0,0
הֶקֵף,0,0,0,0,0,0,0,0,0,0
היקפי,0,0,0,0,0,0,0,0,0,0
מְתוּחָם,0,0,0,0,0,0,0,0,0,0
נסיבות,0,0,0,0,0,0,0,0,0,0
נסיבתי,0,0,0,0,0,0,0,0,0,0
עֲקִיפָה,0,0,0,0,0,1,1,0,0,0
קרקס,0,0,0,0,0,0,0,0,0,0
קְנוֹקֶנֶת,0,0,0,0,0,0,0,0,0,0
בּוֹר,0,0,0,0,0,0,0,0,0,0
מְצוּדָה,0,0,0,0,0,0,0,0,0,0
צִיטָטָה,0,0,0,0,0,0,0,0,0,0
אֶזרָח,0,0,0,0,0,0,1,0,0,0
סיטרין,0,0,0,0,0,0,0,0,0,0
עִיר,0,0,0,0,0,0,0,0,0,0
אֶזרָחִי,0,0,0,0,0,0,0,0,0,0
אֶזרָחִי,0,0,0,0,0,0,1,0,0,0
אֶזרָחִי,0,0,0,0,0,0,0,0,0,0
אדיבות,0,0,0,0,0,0,1,0,0,0
תַרְבּוּת,0,0,0,0,0,0,1,0,0,1
מְתוּרבָּת,0,0,0,0,1,0,1,0,0,1
לבוש,0,0,0,0,0,0,0,0,0,0
תְבִיעָה,0,0,0,0,0,0,0,0,0,0
תוֹבֵעַ,1,0,1,0,0,0,0,0,0,0
מַגִיד עֲתִידוֹת,0,0,0,0,0,0,1,0,0,0
צדפה,0,0,0,0,0,0,0,0,0,0
צְעָקָה,1,1,1,0,0,1,0,0,1,0
מַהְדֵק,0,0,0,0,0,0,0,0,0,0
שֶׁבֶט,0,0,0,0,0,0,0,0,0,1
חֲשָׁאִי,0,0,0,0,0,0,0,0,0,0
לִטפּוֹחַ,0,1,0,0,1,0,1,0,0,1
להבהיר,0,0,0,0,0,0,1,0,0,0
קלָרנִית,0,0,0,0,0,0,0,0,0,0
תְרוּעָה,0,0,0,0,0,0,0,0,0,0
בְּהִירוּת,0,0,0,0,0,0,0,0,0,0
הִתנַגְשׁוּת,1,0,0,0,0,1,0,0,0,0
מתנגשים,1,0,0,1,0,1,0,0,0,0
אַבזָם,0,0,0,0,0,0,0,0,0,0
מעמד,0,0,0,0,0,0,0,0,0,0
קלַאסִי,0,0,0,0,0,0,1,0,0,0
קלַאסִי,0,0,0,0,0,0,1,0,0,0
קלַאסִיקָה,0,0,0,0,1,0,1,0,0,0
מִיוּן,0,0,0,0,0,0,0,0,0,0
לסווג,0,0,0,0,0,0,1,0,0,0
חבר לכיתה,0,0,0,0,0,0,0,0,0,0
שִׁקשׁוּק,0,0,0,0,0,0,0,0,0,0
סָעִיף,0,0,0,0,0,0,0,0,0,0
סעיפים,0,0,0,0,0,0,0,0,0,0
טוֹפֶר,1,0,0,1,0,1,0,0,0,0
טפרים,0,0,0,0,0,0,0,0,0,0
חֶרֶס,0,0,0,0,0,0,0,0,0,0
לְנַקוֹת,0,0,0,0,1,0,1,0,0,1
ניקוי,0,0,0,0,0,0,1,0,0,0
נִקָיוֹן,0,0,0,0,0,0,1,0,0,0
לְמִשׁעִי,0,0,0,0,0,0,1,0,0,0
לְטַהֵר,0,0,0,0,0,0,1,0,0,0
ניקוי,0,0,0,0,0,0,1,0,0,0
מִרוָח,0,0,0,0,0,0,1,0,0,1
קָרְחַת יַעַר,0,0,0,0,0,0,0,0,0,0
בְּהִירוּת,0,0,0,0,0,0,1,0,0,0
מַחשׂוֹף,0,0,0,0,0,0,0,0,0,0
לִדבּוֹק,0,0,0,1,0,0,0,0,0,0
מַפְתֵחַ,0,0,0,0,0,0,0,0,0,0
שָׁסוּעַ,0,0,0,0,0,0,0,0,0,0
חֲנִינָה,0,0,0,0,0,0,0,0,0,0
כּמוּרָה,0,0,0,0,0,0,0,0,0,0
אִישׁ דַת,0,0,0,0,0,0,0,0,0,0
מִשׂרָדִי,0,0,0,0,0,0,1,0,0,1
פָּקִיד,0,0,0,0,0,0,0,0,0,0
לַבלָרוּת,0,0,0,0,0,0,0,0,0,0
נבון,0,0,0,0,0,0,1,0,0,0
פִּקְחוּת,0,0,0,0,0,0,1,0,0,0
נְקִישָׁה,0,0,0,0,0,0,0,0,0,0
לָקוּחַ,0,0,0,0,0,0,0,0,0,0
חוּג הַלְקוּחוֹת,0,0,0,0,0,0,0,0,0,0
צוּק,0,0,0,1,0,0,0,0,0,0
אַקלִים,0,0,0,0,0,0,0,0,0,0
אקלימטולוגיה,0,0,0,0,0,0,0,0,0,0
שיא,0,1,0,0,1,0,1,0,1,1
לְטַפֵּס,0,0,0,0,0,0,0,0,0,0
להיצמד,0,0,0,0,0,0,0,0,0,0
לְקַצֵץ,0,0,0,0,0,0,0,0,0,0
גוֹזֵז,0,0,0,0,0,0,0,0,0,0
גֶזֶר,0,0,0,0,0,0,0,0,0,0
קליקה,0,0,0,0,0,0,0,0,0,0
גְלִימָה,0,0,0,0,0,0,0,0,0,0
שָׁעוֹן,0,1,0,0,0,0,0,0,0,0
שעון,0,0,0,0,0,0,0,0,0,0
לִסְתוֹם,0,0,0,0,0,0,0,0,0,0
מִנזָר,0,0,0,0,0,1,0,0,0,0
סגור,0,0,0,0,0,0,0,0,0,0
סָגוּר,0,0,0,0,0,0,0,0,0,0
קִרבָה,0,0,0,0,1,0,1,0,0,1
אָרוֹן,0,0,0,0,0,0,0,0,0,0
סגירת מעגל,0,1,0,0,1,0,1,1,0,0
קְרִישׁ דָם,0,0,0,0,0,0,0,0,0,0
בַּד,0,0,0,0,0,0,0,0,0,0
לְהַלבִּישׁ,0,0,0,0,0,0,1,0,0,0
בגדים,0,0,0,0,0,0,0,0,0,0
חבל כביסה,0,0,0,0,0,0,0,0,0,0
הַלבָּשָׁה,0,0,0,0,0,0,0,0,0,0
ענן,0,0,0,0,0,0,0,0,0,0
מעונן,0,0,0,0,0,1,0,1,0,0
עֲנְנוּת,0,0,0,1,0,1,0,0,0,0
מְעוּנָן,0,0,0,0,0,0,0,1,0,0
תִלתָן,0,0,0,0,0,0,0,0,0,0
ציפורן,0,0,0,0,0,0,0,0,0,0
לֵיצָן,0,1,0,0,1,0,1,0,1,0
מוֹעֲדוֹן,0,0,0,0,0,0,0,0,0,0
מועדון,0,0,0,0,0,0,0,0,0,0
מועדונים,0,0,0,0,0,0,0,0,0,0
רֶמֶז,0,1,0,0,0,0,0,0,0,0
סְבַך,0,0,0,0,0,1,0,0,0,0
מגושם,0,0,1,0,0,1,0,0,0,0
אֶשׁכּוֹל,0,0,0,0,0,0,0,0,0,0
מַצְמֵד,0,0,0,0,0,0,0,0,0,0
מצמדים,0,0,0,0,0,0,0,0,0,0
עִרבּוּביָה,0,0,0,0,0,0,0,0,0,0
מְאַמֵן,0,0,0,0,0,0,0,0,0,1
קרישה,0,0,0,0,0,0,0,0,0,0
פֶּחָם,0,0,0,0,0,0,0,0,0,0
לְהִתְמַזֵג,0,0,0,0,0,0,0,0,0,1
קוֹאָלִיצִיָה,0,0,0,0,0,0,1,0,0,0
חוף,0,0,0,0,0,0,1,0,0,0
חוֹפִי,0,0,0,0,0,0,0,0,0,0
תחתית,0,0,0,0,0,0,0,0,0,0
מעיל,0,0,0,0,0,0,0,0,0,0
ציפוי,0,0,0,0,0,0,0,0,0,0
לְשַׁדֵל,0,0,0,0,0,0,0,0,0,1
קובלט,0,0,0,0,0,0,0,0,0,0
חַלוּק,0,0,0,0,0,0,0,0,0,0
סַנדְלָר,0,0,0,0,0,0,0,0,0,0
קוֹבּרָה,0,0,0,1,0,0,0,0,0,0
קוֹקָאִין,0,0,0,0,0,1,0,1,0,0
תַרְנְגוֹל,0,0,0,0,0,0,0,0,0,0
תא הטייס,0,0,0,0,0,0,0,0,0,0
קוקטייל,0,0,0,0,0,0,0,0,0,0
קקאו,0,0,0,0,0,0,0,0,0,0
גוֹלֶם,0,0,0,0,0,0,0,0,0,0
בַּקָלָה,0,0,0,0,0,0,0,0,0,0
קוד,0,0,0,0,0,0,0,0,0,0
קודקס,0,0,0,0,0,0,0,0,0,0
קודיפיקציה,0,0,0,0,0,0,0,0,0,0
לקוד,0,0,0,0,0,0,0,0,0,0
מְקַדֵם,0,0,0,0,0,0,0,0,0,0
לִכפּוֹת,1,0,1,1,0,1,0,0,0,0
כְּפִיָה,1,0,1,1,0,1,0,1,0,0
כפייה,0,0,0,0,0,0,0,0,0,0
לְהִתְקַיֵם יַחַד,0,0,0,0,0,0,1,0,0,1
דוּ קִיוּם,0,0,0,0,0,0,0,0,0,0
דו קיום,0,0,0,0,0,0,0,0,0,1
קפה,0,0,0,0,0,0,0,0,0,0
ארון קבורה,0,0,0,1,0,1,0,1,0,0
שֵׁן,0,0,0,0,0,0,0,0,0,0
מְשַׁכנֵעַ,0,0,0,0,0,0,1,0,0,1
מְאוֹתוֹ מָקוֹר,0,0,0,0,0,0,0,0,0,0
קוגניציה,0,0,0,0,0,0,0,0,0,0
קוגניטיבי,0,0,0,0,0,0,1,0,0,0
שְׁכִיבָה,0,0,0,0,0,0,0,0,0,0
לְכִידוּת,0,0,0,0,0,0,1,0,0,0
קוהרנטי,0,0,0,0,0,0,1,0,0,0
הִתלַכְּדוּת,0,0,0,0,0,0,0,0,0,1
מלוכדת,0,0,0,0,0,0,1,0,0,1
קבוצת אנשים,0,0,0,0,0,0,0,0,0,0
סליל,0,0,0,0,0,0,0,0,0,0
מפותל,0,0,0,0,0,0,0,0,0,0
מַטְבֵּעַ,0,0,0,0,0,0,0,0,0,0
שִׁיטַת הַמַטבֵּעַ,0,0,0,0,0,0,0,0,0,0
לַחפוֹף,0,0,0,0,0,0,0,0,0,0
יָד הַמִקרֶה,0,0,0,0,0,0,0,0,1,0
מקריות,0,0,0,0,0,0,0,0,0,0
חופפים,0,0,0,0,0,0,0,0,0,0
קוֹקָה קוֹלָה,0,0,0,0,0,0,0,0,0,0
קַר,0,0,0,0,0,1,0,0,0,0
בקרירות,0,0,0,0,0,1,0,0,0,0
קְרִירוּת,1,0,1,1,0,1,0,1,0,0
קוליק,0,0,0,0,0,1,0,0,0,0
מְשַׁתֵף פְּעוּלָה,0,0,0,0,0,0,0,0,0,1
הִתמוֹטְטוּת,0,0,1,1,0,1,0,1,0,0
קוֹלָר,0,0,0,0,0,0,0,0,0,0
לְהַשְׁווֹת,0,0,0,0,0,0,0,0,0,0
בטחונות,0,0,0,0,0,0,0,0,0,1
איסוף,0,0,0,0,0,0,0,0,0,0
שותף לעבודה,0,0,0,0,0,0,0,0,0,0
לאסוף,0,0,0,0,0,0,0,0,0,0
שנאספו,0,0,0,0,0,0,0,0,0,0
אוסף,0,0,0,0,0,0,0,0,0,0
קולקטיבי,0,0,0,0,0,0,0,0,0,0
יַחַד,0,0,0,0,0,0,1,0,0,1
אַסְפָן,0,0,0,0,0,0,0,0,0,0
מִכלָלָה,0,0,0,0,0,0,0,0,0,0
קולג',0,0,0,0,0,0,0,0,0,0
לְהִתְנַגֵשׁ,0,0,0,0,0,0,0,0,0,0
קולי,0,0,0,0,0,0,0,0,0,0
הִתנַגְשׁוּת,1,0,0,0,0,1,0,0,0,0
צֵרוּף נְסִבּוֹת,0,0,0,0,0,0,0,0,0,0
דִבּוּרִי,0,0,0,0,0,0,0,0,0,0
קְנוּנִיָה,1,0,1,1,0,1,0,1,0,0
המעי הגס,0,0,0,0,0,0,0,0,0,0
אלוף משנה,0,0,0,0,0,0,1,0,0,1
קוֹלוֹנִיאָלִי,0,0,0,0,0,0,0,0,0,0
מוֹשָׁבָה,0,0,0,0,0,0,0,0,0,0
קולופון,0,0,0,0,0,0,0,0,0,0
צֶבַע,0,0,0,0,0,0,0,0,0,0
צבעוניות,0,0,0,0,0,0,0,0,0,0
צבעוני,0,0,0,0,0,0,0,0,0,0
גִוּוּן,0,0,0,0,0,0,0,0,0,0
חֲסַר צֶבַע,0,0,0,0,0,0,0,0,0,0
צבעים,0,0,0,0,0,0,0,0,0,0
עֲנָקִי,0,0,0,0,0,0,1,0,0,0
סוּסוֹן,0,0,0,0,0,0,0,0,0,0
טור,0,0,0,0,0,0,0,0,0,0
עמודים,0,0,0,0,0,0,0,0,0,0
תרדמת,0,0,0,1,0,1,0,1,0,0
בתרדמת,0,0,0,1,0,1,0,1,0,0
מַסרֵק,0,0,0,0,0,0,0,0,0,0
לחימה,1,0,0,1,0,1,0,0,0,0
לוֹחֶם,1,0,0,1,0,1,0,0,0,0
קרבי,1,0,0,1,0,1,0,0,0,0
קוֹמבִּינַצִיָה,0,0,0,0,0,0,0,0,0,0
קומבינטורית,0,0,0,0,0,0,0,0,0,0
לְשַׁלֵב,0,0,0,0,0,0,0,0,0,0
מְשׁוּלָב,0,0,0,0,0,0,0,0,0,0
דָלִיק,0,0,0,0,0,0,0,0,0,0
שְׂרֵפָה,0,0,0,0,0,0,0,0,0,0
קוֹמֶדִיָה,0,0,0,0,0,0,0,0,0,0
כוכב שביט,0,0,0,0,0,0,0,0,0,0
נוחות,0,1,0,0,1,0,1,0,0,1
מַצָע,0,0,0,0,0,0,0,0,0,0
קוֹמִי,0,0,0,0,0,0,0,0,0,0
קוֹמִי,0,0,0,0,0,0,0,0,0,0
מגיע,0,1,0,0,0,0,0,0,0,0
פסיק,0,0,0,0,0,0,0,0,0,0
פקודה,0,0,0,0,0,0,0,0,0,0
מְפַקֵד,0,0,0,0,0,0,1,0,0,1
מְפַקֵד,0,0,0,0,0,0,0,0,0,0
פיקוד,0,0,0,0,0,0,1,0,0,1
לְהַזכִּיר,0,1,0,0,1,0,1,1,0,0
אַזכָּרָה,0,1,0,0,1,0,1,0,0,0
הנצחה,0,1,0,0,0,0,1,0,0,0
להתחיל,0,0,0,0,0,0,0,0,0,0
לְשַׁבֵּחַ,0,0,0,0,0,0,1,0,0,0
ראוי לשבח,0,0,0,0,1,0,1,0,0,1
בהתאם,0,0,0,0,0,0,0,0,0,0
תגובה,0,0,0,0,0,0,0,0,0,0
פַּרשָׁנוּת,0,0,0,0,0,0,0,0,0,0
פַּרשָׁן,0,0,0,0,0,0,1,0,0,0
מִסְחָר,0,0,0,0,0,0,0,0,0,1
מִסְחָרִי,0,0,0,0,0,0,0,0,0,0
קומיסרית,0,0,0,0,0,0,0,0,0,0
עמלה,0,0,0,0,0,0,0,0,0,1
נְצִיב,0,0,0,0,0,0,0,0,0,0
לְבַצֵעַ,0,0,0,0,0,0,0,0,0,0
מחויב,0,0,0,0,0,1,0,1,0,0
מְחוּיָב,0,0,0,0,0,0,1,0,0,1
וַעֲדָה,0,0,0,0,0,0,0,0,0,1
סְחוֹרָה,0,0,0,0,0,0,0,0,0,0
קוֹמוֹדוֹר,0,0,0,0,0,0,1,0,0,1
מְשׁוּתָף,0,0,0,0,0,0,0,0,0,0
בדרך כלל,0,0,0,0,0,0,0,0,0,0
דָבָר רָגִיל,0,1,0,0,0,0,0,0,0,1
נחלת הכלל,0,0,0,0,0,0,0,0,0,0
חֶבֶר הָעַמִים,0,0,0,0,0,0,1,0,0,1
רַחַשׁ,1,0,0,0,0,1,0,0,0,0
מָחוֹז מִנהָלִי,0,0,0,0,0,0,0,0,0,0
ניתן לתקשורת,0,0,0,0,0,0,0,0,0,0
לתקשר,0,0,0,0,0,0,1,0,0,1
תִקשׁוֹרֶת,0,0,0,0,0,0,0,0,0,1
תקשורתי,0,0,0,0,0,0,1,0,0,0
שִׁתוּף,0,0,0,0,1,0,1,0,0,1
קוֹמוּנִיזם,1,0,0,1,0,1,0,1,0,0
קוֹמוּנִיסט,0,0,0,0,0,1,0,0,0,0
קהילה,0,0,0,0,0,0,1,0,0,0
הַחלָפָה,0,0,0,0,0,0,1,0,0,0
חִלוּפִי,0,0,0,0,0,0,0,0,0,0
נסיעות,0,0,0,0,0,0,1,0,0,0
נוסעים,0,0,0,0,0,0,0,0,0,0
קוֹמפָּקטִי,0,0,0,0,0,0,0,0,0,1
דחיסה,0,0,0,0,0,0,0,0,0,0
צְפִיפוּת,0,0,0,0,0,0,0,0,0,0
לוויה,0,0,0,0,1,0,1,0,0,1
רֵעוּת,0,0,0,0,0,0,0,0,0,0
חֶברָה,0,0,0,0,0,0,0,0,0,0
בר השוואה,0,0,0,0,0,0,0,0,0,0
יַחֲסִי,0,0,0,0,0,0,0,0,0,0
יַחֲסִית,0,0,0,0,0,0,0,0,0,0
השוואה,0,0,0,0,0,0,0,0,0,0
תָא,0,0,0,0,0,0,0,0,0,0
מצפן,0,0,0,0,0,0,0,0,0,1
חֶמלָה,0,0,0,1,0,0,1,0,0,0
רַחוּם,0,0,0,0,0,0,1,0,0,0
תְאִימוּת,0,0,0,0,0,0,1,0,0,0
תוֹאֵם,0,0,0,0,0,0,1,0,0,0
לכפות,0,0,0,0,0,0,0,0,0,0
נאלץ,0,0,0,0,0,0,0,0,0,0
משכנע,0,0,0,0,0,0,1,0,0,0
קומנדיום,0,0,0,0,0,0,0,0,0,0
לפצות,0,1,0,0,1,0,1,0,1,1
פיצוי,0,0,0,0,0,0,0,0,0,0
מְפַצֶה,0,0,0,0,0,0,1,0,0,0
יְכוֹלֶת,0,0,0,0,0,0,1,0,0,1
כשירות,0,0,0,0,0,0,1,0,0,1
מוסמך,0,0,0,0,0,0,1,0,0,1
תַחֲרוּת,0,1,0,0,0,1,0,0,0,0
תַחֲרוּתִי,0,0,0,0,0,0,0,0,0,0
מתחרה,0,0,0,0,0,0,0,0,0,0
הַהדָרָה,0,0,0,0,0,0,0,0,0,0
לְלַקֵט,0,0,0,0,0,0,0,0,0,0
שאננות,0,0,0,0,0,0,1,0,0,0
שַׁאֲנָן,0,0,0,0,0,0,0,0,0,0
לְהִתְלוֹנֵן,1,0,0,0,0,1,0,1,0,0
תְלוּנָה,1,0,0,0,0,1,0,0,0,0
מַשׁלִים,0,1,0,0,1,0,1,0,1,1
מַשׁלִים,0,0,0,0,0,0,1,0,0,0
הושלם,0,0,0,0,0,0,0,0,0,0
לַחֲלוּטִין,0,0,0,0,0,0,1,0,0,0
שְׁלֵמוּת,0,0,0,0,0,0,1,0,0,0
מַשׁלִים,0,1,0,0,1,0,1,0,0,0
סִיוּם,0,1,0,0,1,0,1,0,0,0
מורכב,0,0,0,0,0,0,0,0,0,0
מורכבים,0,0,0,0,0,1,0,0,0,0
גָוֶן,0,0,0,0,0,0,0,0,0,0
מוּרכָּבוּת,0,0,0,0,0,1,0,0,0,0
הענות,0,0,0,0,0,0,1,0,0,1
תואם,0,0,0,0,0,0,1,0,0,0
לסבך,1,0,0,0,0,1,0,0,0,0
מורכב,0,0,0,0,0,1,0,0,0,0
תַסבִּיך,0,0,0,0,0,1,0,0,0,0
שותפות,0,0,0,0,0,1,1,0,0,0
מַחֲמָאָה,0,1,0,0,1,0,1,0,1,1
לְהֵעָנוֹת,0,0,0,0,0,0,0,0,0,0
מציית,0,0,0,0,0,0,0,0,0,0
compo,0,0,0,0,0,0,0,0,0,0
רְכִיב,0,0,0,0,0,0,0,0,0,0
לְהַלחִין,0,0,0,0,0,0,0,0,0,0
מוּרכָּב,0,0,0,0,0,0,1,0,0,0
מַלחִין,0,0,0,0,0,0,1,0,0,0
מרוכבים,0,0,0,0,0,0,0,0,0,0
הרכב,0,0,0,0,0,0,0,0,0,0
קוֹמפּוֹסט,0,0,1,0,0,1,0,0,0,0
קוֹר רוּחַ,0,0,0,0,0,0,1,0,0,0
מתחם,0,0,0,0,0,0,0,0,0,0
לִהַבִין,0,0,0,0,0,0,1,0,0,0
הֲבָנָה,0,0,0,0,0,0,0,0,0,0
מַקִיף,0,0,0,0,0,0,1,0,0,0
לִדחוֹס,1,0,0,0,0,0,0,0,0,0
דָחוּס,0,0,0,0,0,0,0,0,0,0
דָחִיס,0,0,0,0,0,0,0,0,0,0
דְחִיסָה,0,0,0,0,0,0,0,0,0,0
מהווה,0,0,0,0,0,0,0,0,0,0
פְּשָׁרָה,0,0,0,0,0,0,0,0,0,0
מְבַקֵר,0,0,0,0,0,0,0,0,0,1
כּוֹרַח,1,0,0,0,0,1,0,0,0,0
חובה,0,0,0,0,0,1,0,0,0,0
ניתן לחישוב,0,0,0,0,0,0,0,0,0,0
חישוב,0,0,0,0,0,0,0,0,0,0
לְחַשֵׁב,0,0,0,0,0,0,0,0,0,0
מַחשֵׁב,0,0,0,0,0,0,0,0,0,0
חָבֵר,0,0,0,0,0,0,1,0,0,1
קון,0,0,0,0,0,0,0,0,0,0
שִׁרשׁוּר,0,0,0,0,0,0,0,0,0,0
קָעוּר,0,0,0,0,0,0,0,0,0,0
לְהַסתִיר,0,0,0,0,0,1,0,1,0,0
הסתיר,0,1,0,1,0,1,0,0,1,0
הַסתָרָה,1,1,0,1,0,1,0,0,0,0
יְהִירוּת,0,0,0,0,0,1,0,0,0,0
יָהִיר,0,0,0,0,0,1,0,0,0,0
מִתקָבֵּל עַל הַדַעַת,0,0,0,0,0,0,0,0,0,0
לְהִתְרַכֵּז,0,0,0,0,0,0,0,0,0,0
ריכוז,0,0,0,0,0,0,0,0,0,0
קונצנטרי,0,0,0,0,0,0,1,0,0,0
תְפִישָׂה,0,0,0,0,0,0,0,0,0,0
דְאָגָה,0,0,0,0,0,0,0,0,0,0
מודאג,0,0,0,1,0,0,0,1,0,0
קוֹנצֶרט,0,0,0,0,0,0,0,0,0,0
זִכָּיוֹן,0,0,0,0,0,0,0,0,0,0
מוזלת,0,0,0,0,0,0,0,0,0,0
שוֹעֶר,0,0,0,0,0,0,0,0,0,0
פִּיוּס,0,0,0,0,1,0,1,0,0,1
תַמצִיתִי,0,0,0,0,0,0,0,0,0,0
יְשִׁיבָה סְגוּרָה,0,0,0,0,0,0,0,0,0,0
לְהַסִיק,0,0,0,0,0,0,0,0,0,0
מסכם,0,0,0,0,0,0,1,0,0,0
סיכום,0,0,0,0,0,0,0,0,0,0
הַמצָאָה,0,0,0,0,0,0,0,0,0,0
במקביל,0,0,0,0,0,0,0,0,0,0
הַרמוֹנִיָה,0,0,0,0,0,0,1,0,0,1
קונקורדנציה,0,0,0,0,0,0,1,0,0,1
קונקורס,0,0,0,0,0,0,0,0,0,0
הִתקַהֲלוּת,0,0,0,0,0,0,0,0,0,0
בֵּטוֹן,0,0,0,0,0,0,0,0,0,0
הַסכָּמָה,0,0,0,0,0,0,0,0,0,0
במקביל,0,0,0,0,0,0,0,0,0,0
מסכים,0,0,0,0,0,0,0,0,0,0
זַעֲזוּעַ,1,0,0,0,0,1,0,1,0,0
לְגַנוֹת,1,0,0,0,0,1,0,0,0,0
הוֹקָעָה,1,1,1,1,0,1,0,1,0,0
הִתְעַבּוּת,0,0,0,0,0,0,0,0,0,0
מְעוּבֶּה,0,0,0,0,0,0,0,0,0,0
מתנשא,0,0,0,0,0,1,0,0,0,0
התנשאות,1,0,1,0,0,1,0,1,0,0
תַבלִין,0,0,0,0,0,0,0,0,0,0
מַצָב,0,0,0,0,0,0,0,0,0,0
מותנה,0,0,0,0,0,0,0,0,0,0
באופן מותנה,0,0,0,0,0,0,0,0,0,0
מוּתנֶה,0,0,0,0,0,0,0,0,0,0
תנאים,0,0,0,0,0,0,0,0,0,0
תַנחוּמִים,0,0,0,0,0,0,1,1,0,0
לִסְלוֹחַ,0,0,0,0,0,0,1,0,0,0
מְסַיֵעַ,0,0,0,0,0,0,1,0,0,0
התנהגות,0,0,0,0,0,0,0,0,0,0
הוֹלָכָה חַשְׁמַלִית,0,0,0,0,0,0,0,0,0,0
מוֹלִיכוּת,0,0,0,0,0,0,1,0,0,0
מנצח,0,0,0,0,0,0,0,0,0,0
תְעָלָה,0,0,0,0,0,0,0,0,0,0
קוֹנוּס,0,0,0,0,0,0,0,0,0,0
בְּרִית,0,0,0,0,0,0,1,0,0,1
הִתאַחֲדוּת,0,0,0,0,0,0,0,0,0,0
להתיעץ,0,0,0,0,0,0,0,0,0,0
וְעִידָה,0,0,0,0,0,0,0,0,0,0
לְהוֹדוֹת,0,0,0,0,0,1,1,0,0,1
הוֹדָאָה,0,1,0,1,0,1,0,1,1,0
בית וידוי,0,0,0,1,0,0,0,0,0,1
וידויים,0,0,0,0,0,0,0,0,0,0
לִבטוֹחַ,0,0,0,0,0,0,0,0,0,1
אֵמוּן,0,0,0,1,1,0,1,0,0,1
בטוח,0,0,0,0,1,0,1,0,0,1
סוֹדִי,0,0,0,0,0,0,0,0,0,1
באופן סודי,0,0,0,0,0,0,0,0,0,1
תְצוּרָה,0,0,0,0,0,0,0,0,0,0
להגביל,1,0,0,1,0,1,0,1,0,0
מוּגבָּל,1,0,1,1,0,1,0,1,0,0
כליאה,1,0,0,1,0,1,0,1,0,0
גְבוּלוֹת,0,0,0,0,0,0,0,0,0,0
לְאַשֵׁר,0,0,0,0,0,0,0,0,0,0
אִשׁוּר,0,0,0,0,0,0,0,0,0,1
מאשרת,0,0,0,0,0,0,0,0,0,0
מְאוּשָׁר,0,0,0,0,0,0,1,0,0,1
לְהַחרִים,1,0,0,0,0,1,0,1,0,0
הַחרָמָה,0,0,0,0,0,1,0,0,0,0
תַבעֵרָה,1,0,0,1,0,1,0,0,0,0
סְתִירָה,1,0,0,1,0,1,0,1,0,0
סוֹתֵר,0,0,0,0,0,1,0,0,0,0
מִפגָשׁ,0,0,0,0,0,0,0,0,0,0
התאמה,0,0,0,0,0,0,1,0,0,0
קונפורמציה,0,0,0,0,0,0,0,0,0,0
תוֹאַמנוּת,0,0,0,0,0,0,0,0,0,1
לְבַלבֵּל,0,0,0,0,0,1,0,0,0,0
מבולבל,0,0,0,0,0,1,0,0,0,0
לְהִתְעַמֵת,1,0,0,0,0,0,0,0,0,0
לְבַלבֵּל,0,0,0,0,0,1,0,0,0,0
בִּלבּוּל,1,0,0,1,0,1,0,0,0,0
קָרוֹב בְּרוּחוֹ,0,0,0,0,0,0,1,0,0,0
מִלֵדָה,0,0,0,0,0,0,0,0,0,0
גוֹדֶשׁ,0,0,0,0,0,1,0,0,0,0
תַלקִיט,0,0,0,0,0,0,0,0,0,1
צְבִירָה,0,0,0,0,0,0,0,0,0,0
מברכת,0,0,0,0,1,0,1,0,0,0
לְהִתְאַסֵף,0,0,0,0,0,0,0,0,0,0
עֵדָה,0,0,0,0,0,0,1,0,0,1
קוֹנגרֶס,0,0,1,0,0,0,0,0,0,1
קונגרס,0,0,0,0,0,0,0,0,0,0
חבר קונגרס,0,0,0,0,0,0,0,0,0,1
חוֹפְפוּת,0,0,0,0,0,0,1,0,0,1
חֲרוּטִי,0,0,0,0,0,0,0,0,0,0
חֲרוּטִי,0,0,0,0,0,0,0,0,0,0
לְשַׁעֵר,0,1,0,0,0,0,0,0,0,0
זוגיות,0,0,0,0,0,0,0,0,0,0
לְהַטוֹת,0,0,0,0,0,0,0,0,0,0
נְטִיָה,0,0,0,0,0,0,0,0,0,0
צירוף,0,0,0,0,0,0,0,0,0,0
מְקַשֵׁר,0,0,0,0,0,0,0,0,0,0
לְהַעֲלוֹת,0,1,0,0,0,0,0,0,1,0
מעלה באוב,0,0,0,0,0,1,0,0,0,0
לְחַבֵּר,0,0,0,0,0,0,0,0,0,0
מְחוּבָּר,0,0,0,0,0,0,0,0,0,0
חיבור,0,0,0,0,0,0,0,0,0,0
חיבור,0,0,0,0,0,0,0,0,0,1
יַדעָן,0,0,0,0,1,0,1,0,0,1
לִכבּוֹשׁ,0,0,0,0,0,0,0,0,0,0
כּוֹבֵשׁ,0,0,0,0,0,0,0,0,0,0
כיבוש,1,0,0,1,0,1,0,0,0,0
מַצְפּוּן,0,0,0,0,0,0,1,0,0,1
בַּעַל מַצְפּוּן,0,0,0,0,0,0,1,0,0,1
תוֹדָעָה,0,0,0,0,0,0,1,0,0,0
גִיוּס חוֹבָה,0,0,0,0,0,0,0,0,0,0
הַקדָשָׁה,0,1,0,0,1,0,1,1,0,1
עוֹקֵב,0,0,0,0,0,0,0,0,0,0
הַסכָּמָה,0,0,0,0,0,0,0,0,0,0
הסכמה,0,0,0,0,0,0,0,0,0,0
תוֹצָאָה,0,0,0,0,0,0,0,0,0,0
עוֹקֵב,0,1,0,0,0,0,0,0,0,0
שימור,0,1,0,0,0,0,1,0,0,1
שַׁמְרָנוּת,0,0,0,0,0,0,0,0,0,0
שמרני,0,0,0,0,0,0,0,0,0,0
קוֹנסֶרבָטוֹרִיוֹן,0,0,0,0,0,0,0,0,0,0
לְשַׁמֵר,0,0,0,0,0,0,1,0,0,0
רַב,0,0,0,0,0,0,1,0,0,0
מִתחַשֵׁב,0,0,0,0,0,0,1,0,0,1
נמען,0,0,0,0,0,0,0,0,0,0
מִשׁגוֹר,0,0,0,0,0,0,0,0,0,0
עֲקֵבִיוּת,0,0,0,0,0,0,1,0,0,1
עִקבִי,0,0,0,0,0,0,0,0,0,0
נֶחָמָה,0,0,0,0,0,0,0,0,0,0
לְנַחֵם,0,0,0,0,0,0,1,1,0,0
לְגַבֵּשׁ,0,0,0,0,0,0,0,0,0,0
קונסולידציה,0,0,0,0,0,0,0,0,0,0
עיצור,0,0,0,0,0,0,1,0,0,0
בַּת זוּג,0,0,0,0,0,0,0,0,0,1
בּוֹלֵט לָעַיִן,0,0,0,0,0,0,0,0,0,0
קֶשֶׁר,0,0,0,1,0,0,0,0,0,0
קוֹשֵׁר,1,1,1,1,0,1,0,0,0,0
לִקְשׁוֹר קֶשֶׁר,0,0,0,1,0,1,0,0,0,0
שׁוֹטֵר,0,0,0,0,0,0,0,0,0,1
קְבִיעוּת,0,0,0,0,0,0,1,0,0,1
קָבוּעַ,0,0,0,0,0,0,1,0,0,1
תָמִיד,0,0,0,0,0,0,0,0,0,1
קבוצת כוכבים,0,0,0,0,0,0,0,0,0,0
תַדְהֵמָה,1,0,0,1,0,1,0,0,0,0
עצירות,0,0,1,0,0,1,0,0,0,0
מַרכִּיב,0,0,0,0,0,0,0,0,0,0
מרכיבים,0,0,0,0,0,0,0,0,0,0
לְהַווֹת,0,0,0,0,0,0,0,0,0,1
חוּקָה,0,0,0,0,0,0,0,0,0,0
חוּקָתִי,0,0,0,0,0,0,1,0,0,1
חוקתיות,0,0,0,0,0,0,0,0,0,0
לְהַכרִיחַ,0,0,0,1,0,1,0,0,0,0
מוגבל,0,0,0,0,0,1,0,0,0,0
אילוץ,1,0,0,1,0,1,0,1,0,0
לִבנוֹת,0,0,0,0,0,0,1,0,0,0
בְּנִיָה,0,0,0,0,0,0,0,0,0,0
לְפַרֵשׁ,0,0,0,0,0,0,0,0,0,0
קוֹנסוּל,0,0,0,0,0,0,0,0,0,1
לְהִתְיַעֵץ,0,0,0,0,0,0,0,0,0,1
יִעוּץ,0,0,0,0,0,0,0,0,0,0
לִצְרוֹך,0,0,0,0,0,0,0,0,0,0
צורכת,0,0,0,0,0,0,0,0,0,0
לְהַגשִׁים,0,0,0,0,0,0,1,0,0,0
הַגשָׁמָה,0,0,0,0,0,0,0,0,0,0
צְרִיכָה,0,0,0,0,0,0,0,0,0,0
איש קשר,0,0,0,0,0,0,1,0,0,0
הַדבָּקָה,0,1,1,1,0,1,0,0,0,0
מדבק,0,0,1,1,0,1,0,0,0,0
בלימה,0,0,0,0,0,0,0,0,0,0
לְזַהֵם,0,0,1,0,0,1,0,0,0,0
מְזוֹהָם,0,0,1,1,0,1,0,1,0,0
נְגִיעוּת,0,0,1,0,0,1,0,0,0,0
לְהַרהֵר,0,0,0,0,0,0,0,0,0,0
הִתבּוֹנְנוּת,0,0,0,0,0,0,1,0,0,0
שָׁקוּעַ בְּהִרהוּרִים,0,0,0,0,0,0,0,0,0,0
עכשווי,0,0,0,0,0,0,0,0,0,0
עַכשָׁוִי,0,0,0,0,0,0,0,0,0,0
בּוּז,1,0,1,1,0,1,0,0,0,0
בָּזוּי,1,0,1,0,0,1,0,0,0,0
מבזה,1,0,0,0,0,1,0,0,0,0
מתמודד,0,0,0,0,0,0,0,0,0,0
תוֹכֶן,0,0,0,0,1,0,1,0,0,1
מַחֲלוֹקֶת,0,0,0,0,0,0,0,0,0,0
שנוי במחלוקת,1,0,1,1,0,1,0,0,0,0
תוכן,0,0,0,0,0,0,0,0,0,0
הֶקשֵׁר,0,0,0,0,0,0,0,0,0,0
רציף,0,0,0,0,0,0,0,0,0,0
הִתאַפְּקוּת,0,0,0,0,0,0,0,0,0,0
יַבֶּשֶׁת,0,0,0,0,0,0,0,0,0,0
יַבַּשׁתִי,0,0,0,0,0,0,0,0,0,0
מגירה,0,0,0,0,0,0,0,0,0,0
מִשׁלַחַת,0,1,0,0,0,0,0,0,0,0
מִתמַשֵׁך,0,0,0,0,0,0,0,0,0,0
ללא הרף,0,0,0,0,0,0,0,0,0,0
הֶמְשֵׁך,0,0,0,0,0,0,0,0,0,0
הֶמְשֵׁך,0,1,0,0,0,0,0,0,0,0
לְהַמשִׁיך,0,1,0,0,0,0,1,0,0,1
נמשך,0,0,0,0,0,0,0,0,0,0
ממשיך,0,0,0,0,0,0,0,0,0,0
הֶמשֵׁכִיוּת,0,0,0,0,0,0,0,0,0,0
רָצִיף,0,0,0,0,0,0,0,0,0,0
באופן רציף,0,0,0,0,0,0,0,0,0,0
קווי המתאר,0,0,0,0,0,0,1,0,0,0
סחורה מוברחת,1,0,1,1,0,1,0,0,0,0
חוֹזֶה,0,0,0,0,0,0,0,0,0,0
מְכוּוָץ,0,0,0,0,0,1,0,0,0,0
כָּוִיץ,0,0,0,0,0,0,0,0,0,0
קַבְּלָנוּת,0,0,0,0,0,0,0,0,0,0
צִמצוּם,0,0,0,0,0,0,0,0,0,0
לִסְתוֹר,1,0,0,0,0,1,0,0,0,0
סְתִירָה,0,0,0,0,0,1,0,0,0,0
סוֹתֵר,0,0,0,0,0,1,0,0,0,0
להפך,0,0,0,0,0,1,0,0,0,0
בניגוד,0,0,0,0,0,0,0,0,0,0
בניגוד,0,0,0,0,0,1,0,0,0,0
לְהָפֵר,0,0,0,0,0,1,0,0,0,0
הֲפָרָה,0,0,0,0,0,1,0,0,0,0
לתרום,0,0,0,0,0,0,1,0,0,0
תוֹרֵם,0,0,0,0,0,0,1,0,0,1
מְבוּיָם,0,0,0,0,0,0,0,0,0,0
לִשְׁלוֹט,0,0,0,0,0,0,0,0,0,0
שנוי במחלוקת,1,0,0,0,0,1,0,0,0,0
מַחֲלוֹקֶת,0,0,0,0,0,1,0,0,0,0
חידה,0,0,0,0,0,0,0,0,0,0
מַחֲלִים,0,0,0,0,0,0,0,0,0,0
הולכת חום,0,0,0,0,0,0,0,0,0,0
לְכַנֵס,0,0,0,0,0,0,0,0,0,0
נוֹחוּת,0,0,0,0,0,0,1,0,0,0
נוחות,0,0,0,0,0,0,0,0,0,0
נוֹחַ,0,0,0,0,0,0,1,0,0,0
מִנזָר,0,0,0,0,0,0,1,0,0,1
אֲמָנָה,0,0,0,0,0,0,1,0,0,0
מוּסכָּם,0,0,0,0,0,0,0,0,0,0
לְהִתְכַּנֵס,0,0,0,0,0,0,0,0,0,0
הִתכַּנְסוּת,0,1,0,0,0,0,0,0,0,0
מִתכַּנֵס,0,0,0,0,0,0,0,0,0,0
בָּקִי,0,0,0,0,0,0,1,0,0,0
שִׂיחָה,0,0,0,0,0,0,0,0,0,0
שיחה,0,0,0,0,0,0,1,0,0,0
לְשׂוֹחֵחַ,0,0,0,0,0,0,0,0,0,0
משוחחים,0,0,0,0,0,0,0,0,0,0
הֲמָרָה,0,0,0,0,0,0,0,0,0,0
להמיר,0,0,0,0,0,0,1,0,0,0
הומר,0,0,0,0,0,0,0,0,0,0
מכונית עם גג פתוח,0,0,0,0,0,0,0,0,0,0
קָמוּר,0,0,0,0,0,0,0,0,0,0
קְמִירוּת,0,0,0,0,0,0,0,0,0,0
לְהַעֲבִיר,0,0,0,0,0,0,0,0,0,0
הַעֲבָרָה,0,0,0,0,0,0,0,0,0,0
שינוע,0,0,0,0,0,0,0,0,0,1
אָסִיר,1,0,1,1,0,1,0,1,0,0
הַרשָׁעָה,0,0,0,0,0,1,0,0,0,0
לְשַׁכְנֵעַ,0,1,0,0,0,0,1,0,0,1
מְשׁוּכנָע,0,0,0,0,0,0,0,0,0,1
משכנע,0,0,0,0,0,0,0,0,0,1
מִקרָא,0,0,0,0,0,0,0,0,0,0
מְפוּתָל,0,0,0,0,0,0,0,0,0,0
פיתול,0,0,0,0,0,0,0,0,0,0
שיירה,0,0,0,0,0,0,0,0,0,0
קו,0,0,0,0,0,0,0,0,0,0
לְבַשֵׁל,0,0,0,0,0,0,0,0,0,0
אָמָנוּת הַבִּשׁוּל,0,0,0,0,0,0,0,0,0,0
בישול,0,0,0,0,0,0,0,0,0,0
מגניב,0,0,0,0,0,0,1,0,0,0
מְצַנֵן,0,0,0,0,0,0,0,0,0,0
הִתקָרְרוּת,0,0,0,0,0,0,0,0,0,0
קְרִירוּת,0,0,0,0,0,0,1,0,0,0
לול,1,0,1,0,0,1,0,0,0,0
לְשַׁתֵף פְּעוּלָה,0,0,0,0,0,0,1,0,0,0
שיתוף פעולה,0,0,0,0,0,0,1,0,0,1
שיתוף פעולה,0,0,0,0,0,0,1,0,0,1
שיתופי,0,0,0,0,0,0,1,0,0,1
לְתַאֵם,0,0,0,0,0,0,0,0,0,0
שׁוֹטֵר,0,0,0,1,0,0,0,0,0,1
שׁוֹפֵעַ,0,0,0,0,0,0,0,0,0,0
נְחוֹשֶׁת,0,0,0,0,0,0,0,0,0,0
עותק,0,0,0,0,0,1,0,0,0,0
העתקה,1,0,1,0,0,1,0,0,0,0
הַעתָקָה,0,0,0,0,0,0,0,0,0,0
זכויות יוצרים,0,0,0,0,0,0,0,0,0,0
אלמוג,0,0,0,0,0,0,0,0,0,0
חוּט,0,0,0,0,0,0,0,0,0,0
שַׁרשֶׁרֶת,0,0,0,0,0,0,0,0,0,0
קוֹרדֶרוֹי,0,0,0,0,0,0,0,0,0,0
הליבה,0,0,0,0,0,0,1,0,0,0
פְּקָק,0,0,0,0,0,0,0,0,0,0
חוֹלֵץ,0,0,0,0,0,0,0,0,0,0
תירס,0,0,0,0,0,0,0,0,0,0
קַרנִית,0,0,0,0,0,0,0,0,0,0
פינה,0,0,0,0,0,0,0,0,0,0
קוֹרנִית,0,0,0,0,0,0,0,0,0,0
כרכוב,0,0,0,0,0,0,0,0,0,0
עמילן תירס,0,0,0,0,0,0,0,0,0,0
תוֹצָאָה יָשִׁירָה,0,0,0,0,0,0,0,0,0,0
עֲטָרָה,0,0,0,0,0,0,0,0,0,0
הַכתָרָה,0,0,0,0,1,0,1,0,0,1
חוקר מקרי המוות,0,0,0,0,0,1,0,0,0,0
רב טוראי,0,0,0,0,0,1,0,0,0,0
תאגיד,0,0,0,0,0,0,0,0,0,0
תַאֲגִיד,0,0,0,0,0,0,1,0,0,1
גַשׁמִי,0,0,0,0,0,0,1,0,0,0
חַיִל,0,0,0,0,0,0,0,0,0,0
גוּפָה,0,0,1,0,0,1,0,1,0,0
קורפוס,0,0,0,0,0,0,0,0,0,0
לִכלוֹא,0,0,0,0,0,0,0,0,0,0
תיקון,0,0,0,0,0,1,0,0,0,0
אֶמְצָעִי מְתַקֵן,0,0,0,0,0,0,1,0,0,0
נְכוֹנוּת,0,0,0,0,0,0,0,0,0,1
מתאם,0,0,0,0,0,0,0,0,0,0
גוֹמֵל,0,0,0,0,0,0,0,0,0,0
לְהִתְכַּתֵב,0,0,0,0,0,0,0,0,0,0
הִתכַּתְבוּת,0,1,0,0,0,0,1,0,0,0
כַתָב,0,0,0,0,0,0,0,0,0,0
פְּרוֹזדוֹר,0,0,0,0,0,0,0,0,0,0
לְאַמֵת,0,0,0,0,0,0,1,0,0,1
אישור,0,0,0,0,0,0,0,0,0,1
קורוזיה,0,0,0,0,0,1,0,0,0,0
מְאַכֵּל,0,0,0,1,0,1,0,0,0,0
מוּשׁחָת,0,0,0,0,0,1,0,0,0,0
משחית,1,0,1,1,0,1,0,1,0,0
שְׁחִיתוּת,0,0,1,0,0,1,0,0,0,0
corse,0,0,0,0,0,0,0,1,0,0
מָחוֹך,0,0,0,0,0,0,0,0,0,0
קליפת המוח,0,0,0,0,0,0,0,0,0,0
קליפת המוח,0,0,0,0,0,0,0,0,0,0
קורבט,0,0,0,0,0,0,0,0,0,0
קוֹסמֵטִי,0,0,0,0,0,0,0,0,0,0
קוסמטיקה,0,0,0,0,0,0,0,0,0,0
קוֹסמִי,0,0,0,0,0,0,0,0,0,0
קוסמולוגיה,0,0,0,0,0,0,0,0,0,0
קוסמופוליטי,0,0,0,0,0,0,1,0,0,1
קוֹסמוֹס,0,0,0,0,0,0,0,0,0,0
עֲלוּת,0,0,0,0,0,0,0,0,0,0
יקר,0,0,0,0,0,0,0,0,0,0
תחפושת,0,0,0,0,0,0,0,0,0,0
נוֹחַ,0,0,0,0,0,0,1,0,0,0
עריסה,0,0,0,0,0,0,0,0,0,0
cote,0,0,0,0,0,0,0,0,0,0
בקתה,0,0,0,0,0,0,0,0,0,0
כותנה,0,0,0,0,0,0,0,0,0,0
סַפָּה,0,0,0,0,0,0,0,1,0,0
פומה,0,0,0,0,0,0,0,0,0,0
לְהִשְׁתַעֵל,0,0,1,0,0,1,0,0,0,0
מועצה,0,1,0,0,0,0,1,0,0,1
עֵצָה,0,0,0,0,0,0,1,0,0,1
יועץ,1,0,0,1,0,1,0,0,0,1
יועץ,0,0,0,0,0,0,1,0,0,1
לספור,0,0,0,0,0,0,1,0,0,1
ספירה לאחור,0,1,0,0,0,0,0,0,0,0
אַרֶשֶׁת פָּנִים,0,0,0,0,0,0,0,0,0,0
דֶלְפֵּק,0,0,0,0,0,0,0,0,0,0
לְנַטְרֵל,0,0,0,0,0,0,0,0,0,0
איזון נגד,0,0,0,0,0,0,0,0,0,0
תביעה שכנגד,0,0,0,0,0,0,0,0,0,0
עָמִית,0,0,0,0,0,0,0,0,0,0
רוֹזֶנֶת,0,0,0,0,0,0,1,0,0,0
אינספור,0,0,0,0,0,0,0,0,0,0
מדינה,0,0,0,0,0,0,0,0,0,0
כפרי,0,0,0,0,0,0,0,0,0,1
נחשב,0,0,0,0,0,0,0,0,0,0
מָחוֹז,0,0,0,0,0,0,0,0,0,1
צַעַד מַפתִיעַ,1,0,0,0,0,0,0,0,1,0
זוּג,0,0,0,0,0,0,0,0,0,0
מְצוּמָד,0,0,0,0,0,0,0,0,0,0
קוּפּוֹן,0,0,0,0,0,0,0,0,0,0
אומץ,0,0,0,0,0,0,1,0,0,0
אַמִיץ,0,0,0,1,0,0,1,0,0,0
שָׁלִיחַ,0,0,0,0,0,0,0,0,0,1
קורסים,0,0,0,0,0,0,0,0,0,0
צַיִד אַרנָבוֹת,0,0,0,0,0,1,0,0,0,0
בית משפט,1,1,0,1,0,0,0,0,0,0
אָדִיב,0,0,0,0,0,0,1,0,0,0
דרך ארץ,0,0,0,0,0,0,1,0,0,0
בית המשפט,0,0,0,0,0,0,0,0,0,0
בתי משפט,0,0,0,0,0,0,0,0,0,0
חיזור,0,1,0,0,1,0,1,0,0,1
חָצֵר,0,0,0,0,0,0,0,0,0,0
מִפרָץ,0,1,1,1,1,0,1,0,0,0
ברית,0,0,0,0,0,0,1,0,0,1
כיסוי,0,0,0,0,0,0,0,0,0,1
סמוי,0,0,0,0,0,0,0,0,0,0
כיסוי,0,0,0,0,0,0,0,0,0,0
סָמוּי,0,0,0,0,0,0,0,0,0,0
לַחמוֹד,0,0,0,0,0,1,0,0,0,0
פָּרָה,0,0,0,0,0,0,0,0,0,0
פחדן,0,0,1,1,0,1,0,1,0,0
פַּחדָנוּת,0,0,0,1,0,1,0,0,0,0
פַּחדָנִי,0,0,0,1,0,1,0,0,0,0
בּוֹקֵר,0,0,0,0,0,0,0,0,0,0
עור פרה,0,0,0,0,0,0,0,0,0,0
בַּרדָס,0,0,0,0,0,0,0,0,0,0
עמית לעבודה,0,0,0,0,0,0,0,0,0,0
צָנוּעַ,0,0,0,1,0,0,0,0,0,0
זְאֵב עֲרָבוֹת,0,0,0,1,0,0,0,0,0,0
סרטן,0,0,0,0,0,0,0,0,0,0
מטורלל,1,0,0,0,0,1,0,0,0,0
סדק,0,0,0,0,0,1,0,0,0,0
סדוק,1,0,0,1,0,1,0,0,0,0
מַציָה,0,0,0,0,0,0,0,0,0,0
הִסָדְקוּת,0,0,0,0,0,1,0,0,0,0
לְהַשְׁמִיעַ קוֹל פִּצוּחַ,0,0,0,0,0,0,0,0,0,0
עֶרֶשׂ,0,1,0,0,1,0,1,0,0,1
מְלָאכָה,0,0,0,0,0,0,1,0,0,0
אוּמָן,0,0,0,0,0,0,1,0,0,0
עַרמוּמִי,0,0,0,0,0,0,0,0,0,0
קרייג,0,0,0,0,0,0,0,0,0,0
דחוסים,0,0,0,0,0,0,0,0,0,0
לְהַגבִּיל,0,1,0,0,0,1,0,0,0,0
מְכוּוָץ,0,0,0,0,0,1,0,0,0,0
מנוף,0,0,0,0,0,0,0,0,0,0
גוּלגוֹלֶת,0,0,0,0,0,0,0,0,0,0
כַּנֶנֶת,0,0,0,0,0,1,0,0,0,0
עצבני,1,0,0,0,0,1,0,0,0,0
שְׁטוּיוֹת,0,0,1,0,0,1,0,0,0,0
שטויות,0,1,0,0,0,0,0,0,0,0
לְהִתְרַסֵק,0,0,0,1,0,1,0,1,1,0
אַרְגָז,0,0,0,0,0,0,0,0,0,0
מַכְתֵשׁ,0,0,0,0,0,0,0,0,0,0
לְהִשְׁתוֹקֵק,0,1,0,0,0,0,0,0,0,0
השתוקקות,0,1,0,0,0,0,0,0,0,0
סַרטַן הַנַהֲרוֹת,0,0,0,0,0,0,0,0,0,0
לִזחוֹל,0,0,1,0,0,1,0,0,0,0
עפרונות צבעוניים,0,0,0,0,0,0,0,0,0,0
שיגעון,0,0,0,0,0,0,0,0,0,0
מוטרף,1,0,0,1,0,1,0,0,0,0
מְטוּרָף,1,0,0,1,0,1,0,1,0,0
חריקה,0,0,0,0,0,1,0,0,0,0
קרם,0,1,0,0,1,0,1,0,1,0
שמנת,0,0,0,0,0,0,0,0,0,0
מוּקרָם,0,0,0,0,0,0,0,0,0,0
קֶמֶט,0,0,0,0,0,0,0,0,0,0
לִיצוֹר,0,0,0,0,1,0,1,0,0,0
יצירה,0,0,0,0,0,0,0,0,0,0
יְצִירָתִי,0,0,0,0,0,0,1,0,0,0
בורא,0,0,0,0,0,0,0,0,0,0
יְצוּר,0,0,1,1,0,1,0,0,0,0
אמינות,0,0,0,0,0,0,1,0,0,1
תְעוּדָה,0,0,0,0,0,0,1,0,0,1
אישורים,0,0,0,0,0,0,0,0,0,0
אֲמִינוּת,0,0,0,0,0,0,1,0,0,1
מְהֵימָן,0,0,0,0,0,0,1,0,0,1
אַשׁרַאי,0,0,0,0,0,0,1,0,0,1
רָאוּי לְשֶׁבַח,0,0,0,0,0,0,1,0,0,1
זיכוי,0,0,0,0,0,0,1,0,0,0
זיכוי,0,0,0,0,0,0,0,0,0,0
נוֹשֶׁה,0,0,0,0,0,0,0,0,0,0
אֲנִי מַאֲמִין,0,0,0,0,0,0,0,0,0,0
הנחל,0,0,0,0,0,0,0,0,0,0
זחילה,0,0,0,0,0,1,0,0,0,0
זְחִילָה,0,1,0,0,0,0,0,0,0,0
מִשׂרָפָה,0,0,0,0,0,0,0,1,0,0
קריאולי,0,0,0,0,0,0,0,0,0,0
קרשנדו,0,1,0,0,1,0,1,0,1,1
חֲצִי סַהַר,0,0,0,0,0,0,0,0,0,0
בְּקִיעַ,0,0,0,0,0,0,0,0,0,0
צוות,0,0,0,0,0,0,0,0,0,1
עריסה,0,0,0,0,0,0,0,0,0,0
קרִיקֶט,0,0,0,0,0,0,0,0,0,0
פֶּשַׁע,1,0,0,0,0,1,0,0,0,0
פְּלִילִי,1,0,1,1,0,1,0,0,0,0
עבריינות,1,0,1,1,0,1,0,0,0,0
לחיצה,0,0,0,0,0,0,0,0,0,0
אַרגָמָן,0,0,0,0,0,0,0,0,0,0
לִזחוֹל,0,0,1,1,0,1,0,1,0,0
נָכֶה,0,0,0,1,0,1,0,1,0,0
נָכֶה,0,0,0,0,0,1,0,1,0,0
מַשׁבֵּר,0,0,0,0,0,1,0,0,0,0
פָּרִיך,0,0,0,0,0,1,0,0,0,1
קרִיטֶרִיוֹן,0,0,0,0,0,0,0,0,0,0
מְבַקֵר,0,0,0,0,0,1,0,0,0,0
ביקורת,1,0,0,0,0,1,0,1,0,0
לְבַקֵר,1,0,1,1,0,1,0,1,0,0
ביקורת,0,0,0,0,0,0,1,0,0,0
יצור,0,0,1,0,0,0,0,0,0,0
קִרקוּר,0,0,0,0,0,0,0,0,0,0
חֶרֶס,0,0,0,0,0,0,0,0,0,0
כְּלֵי חֶרֶס,0,0,0,0,0,0,0,0,0,0
תַנִין,0,0,0,1,0,0,0,0,0,0
חַוָה קְטָנָה,0,0,0,0,0,0,0,0,0,0
נוכל,0,0,0,0,0,1,0,0,0,0
יְבוּל,0,0,0,0,0,0,0,0,0,0
קרוֹקֶט,0,0,0,0,0,0,0,0,0,0
לַחֲצוֹת,1,0,0,1,0,1,0,1,0,0
קשת צולבת,0,0,0,0,0,0,0,0,0,0
חצה,0,0,0,0,0,0,0,0,0,0
מעבר,0,0,0,0,0,0,0,0,0,0
מִפשָׂעָה,0,0,0,0,0,0,0,0,0,0
לִכרוֹעַ,0,0,0,1,0,0,0,0,0,0
שָׁפוּף,0,0,0,0,0,0,0,0,0,0
שְׁפִיפָה,0,0,0,1,0,1,0,0,0,0
קוּפַּאִי,0,0,0,0,0,0,0,0,0,0
עורב,0,0,0,0,0,0,0,0,0,0
קָהָל,0,0,0,0,0,0,0,0,0,0
צָפוּף,0,0,0,0,0,0,0,0,0,0
כֶּתֶר,0,0,0,0,0,0,0,0,0,0
גוּלַת הַכּוֹתֶרֶת,0,1,0,0,1,0,1,0,1,1
מַכרִיעַ,0,0,0,0,0,0,1,0,0,1
לצלוב,0,0,0,0,0,1,0,0,0,0
צְלָב,0,0,0,0,0,0,0,0,0,0
צְלִיבָה,1,0,1,1,0,1,0,1,0,0
גס,0,0,1,0,0,1,0,0,0,0
אַכְזָרִי,1,0,1,1,0,1,0,1,0,0
באכזריות,1,0,0,1,0,1,0,0,0,0
אַכְזָרִיוּת,1,0,1,1,0,1,0,1,0,0
לְשַׁיֵט,0,0,0,0,0,0,0,0,0,0
סַיֶרֶת,0,0,0,0,0,0,0,0,0,0
פֵּרוּר,0,0,0,0,0,0,0,0,0,0
הִתפּוֹרְרוּת,0,0,0,0,0,1,0,1,0,0
לִכסוֹס,1,0,0,0,0,1,0,0,0,0
מַסָע צְלָב,1,0,0,1,0,1,0,0,0,0
לִמְחוֹץ,0,0,0,0,0,0,0,0,0,0
כָּתוּשׁ,1,0,1,1,0,1,0,1,0,0
גְרִיסָה,1,0,1,1,0,1,0,0,0,0
קרום,0,0,0,0,0,0,0,0,0,0
קְרוּמִי,0,0,1,0,0,1,0,0,0,0
קַב,0,0,0,0,0,0,0,0,0,0
נקודה מכרעת,0,0,0,0,0,0,0,0,0,0
בוכה,0,0,0,0,0,1,0,1,0,0
בְּכִי,0,0,0,0,0,1,0,1,0,0
כּוּך,0,0,0,1,0,1,0,1,0,0
נִסתָר,0,0,0,0,0,0,0,0,0,0
קריפטוגרפיה,0,0,0,0,0,0,0,0,0,0
גָבִישׁ,0,0,0,0,0,0,1,0,0,0
גְבִישִׁי,0,0,0,0,0,0,0,0,0,0
הִתגַבְּשׁוּת,0,0,0,0,0,0,0,0,0,0
גוּר,0,0,0,0,0,0,0,0,0,0
קוּבִּיָה,0,0,0,0,0,0,0,0,0,1
חַדרוֹן,0,0,0,0,0,0,0,0,0,0
קַרנָן,0,0,1,0,0,1,0,0,0,0
קוּקִיָה,0,0,0,0,0,1,0,0,0,0
לְהִתְרַפֵּק,0,0,0,0,1,0,1,0,0,1
רְמִיזָה,0,1,0,0,0,0,0,0,0,0
יָדָה,0,0,0,0,0,0,0,0,0,0
מִטְבָּח,0,0,0,0,0,0,0,0,0,0
שֶׁל הַמִטבָּח,0,0,0,0,0,0,1,0,0,1
לִברוֹר,0,0,0,0,0,1,0,0,0,0
להגיע לַפִּסגָה,0,0,0,0,0,0,0,0,0,0
פִּסגָה,0,0,0,0,0,0,1,0,0,0
אשמה,0,0,0,0,0,1,0,0,0,0
אָשֵׁם,0,0,0,0,0,1,0,0,0,0
עֲבַרְיָן,0,0,0,0,0,1,0,0,0,0
כת,0,0,0,1,0,1,0,0,0,0
לְטַפֵּחַ,0,1,0,0,0,0,1,0,0,1
מְתוּרבָּת,0,0,0,0,0,0,1,0,0,0
טיפוח,0,0,0,0,0,0,1,0,0,0
תַרְבּוּת,0,0,0,0,0,0,1,0,0,0
גִשׁרוֹן,0,0,0,0,0,0,0,0,0,0
מסורבל,0,0,0,0,0,1,0,1,0,0
תְלוּלִית,0,0,0,0,0,0,0,0,0,0
עַרמוּמִי,0,0,0,0,0,1,1,0,0,0
גָבִיעַ,0,0,0,0,0,0,0,0,0,0
אָרוֹן,0,0,0,0,0,0,0,0,0,0
הַקָזַת דָם,0,0,1,1,0,1,0,1,0,0
cur,1,0,1,1,0,1,0,0,0,0
בַּר רִפוּי,0,0,0,0,0,0,1,0,0,1
עוֹזֵר לְכּוֹמֶר,0,0,0,0,0,0,0,0,0,0
מְרַפֵּא,0,0,0,0,0,0,0,0,0,0
אוֹצֵר,0,0,0,0,0,0,0,0,0,0
לְרַסֵן,0,0,0,0,0,0,0,0,0,0
קָרִישׁ,0,0,0,0,0,0,0,0,0,0
עוצר,0,0,0,0,0,0,0,0,0,0
סַקרָנוּת,0,1,0,0,0,0,1,0,1,0
סִלְסוּל,0,0,0,0,0,0,1,0,0,0
סִלְסוּל,0,0,0,0,0,0,0,0,0,0
מַטְבֵּעַ,0,0,0,0,0,0,0,0,0,0
נוֹכְחִי,0,0,0,0,0,0,0,0,0,0
תוכנית לימודים,0,0,0,0,0,0,0,0,0,0
קָארִי,0,0,0,0,0,0,0,0,0,0
קללה,1,0,1,1,0,1,0,1,0,0
קילל את,1,0,0,1,0,1,0,1,0,0
קללות,1,0,1,0,0,1,0,0,0,0
שִׁטחִי,0,0,0,0,0,1,0,0,0,0
קָצָר,0,0,0,0,0,0,0,0,0,0
לְקַצֵר,0,0,0,0,0,0,0,0,0,0
הִתקַצְרוּת,0,0,0,0,0,0,0,0,0,0
וִילוֹן,0,0,0,0,0,0,0,0,0,0
עַקמוּמִיוּת,0,0,0,0,0,0,0,0,0,0
עֲקוּמָה,0,0,0,0,0,0,0,0,0,0
מְעוּקָל,0,0,0,0,0,0,0,0,0,0
עקום,0,0,0,0,0,0,0,0,0,0
כרית,0,0,0,0,0,0,1,0,0,0
נִיב,0,0,0,0,0,0,0,0,0,0
מקולל,1,0,0,0,0,0,0,0,0,0
אַפּוֹטרוֹפּוֹס,0,0,0,0,0,0,0,0,0,1
משמורת,0,0,0,0,0,0,0,0,0,1
המותאם אישית,0,0,0,0,0,0,0,0,0,0
נָהוּג,0,0,0,0,0,0,0,0,0,0
צרכן,0,0,0,0,0,0,1,0,0,0
גזירה,0,0,0,0,0,0,0,0,0,0
עורית,0,0,0,0,0,0,0,0,0,0
חָמוּד,0,0,0,0,0,0,1,0,0,0
לציפורן,0,0,0,0,0,0,0,0,0,0
סכום,0,0,0,0,0,0,0,0,0,0
מַחתֵך,0,0,0,1,0,1,0,0,0,0
מִספָּרַיִם,0,0,0,0,0,0,1,0,0,0
רַצחָנִי,1,0,0,1,0,1,0,0,0,0
גְזִירָה,1,0,1,1,0,1,0,1,0,0
ייחורים,0,0,0,0,0,0,0,0,0,0
cwt,0,0,0,0,0,0,0,0,0,0
צִיאָנִיד,0,0,0,1,0,1,0,0,0,0
מחזור,0,0,0,0,0,0,0,0,0,0
מחזורית,0,0,0,0,0,0,0,0,0,0
רוכב אופניים,0,0,0,0,0,0,0,0,0,0
צִיקלוֹן,0,0,0,1,0,1,0,0,1,0
צִילִינדֶר,0,0,0,0,0,0,0,0,0,0
גְלִילִי,0,0,0,0,0,0,0,0,0,0
מְצִלָה,0,0,0,0,0,0,0,0,0,0
צִינִיקָן,0,0,0,0,0,0,0,0,0,0
כִּיס,0,0,0,1,0,1,0,1,0,0
סיסטיק,0,0,1,0,0,0,0,0,0,0
ציטומגלווירוס,0,0,0,0,0,1,0,1,0,0
ציטופלזמה,0,0,0,0,0,0,0,0,0,0
צָאר,0,0,0,0,0,0,0,0,0,0
טְפִיחָה,0,0,0,0,0,0,0,0,0,0
לְהִשְׁתַכְשֵׁך,0,0,0,0,0,0,0,0,0,0
שִׁכשׁוּך,1,0,1,0,0,1,0,0,0,0
אַבָּא,0,0,0,0,0,0,0,0,0,0
דאדו,0,0,0,0,0,0,0,0,0,0
דמון,1,0,1,1,0,1,0,1,1,0
שׁוֹטֶה,0,0,1,0,0,1,0,0,0,0
פִּגיוֹן,0,0,0,1,0,1,0,0,0,0
יום יומי,0,1,0,0,0,0,0,0,0,0
מְעַדֵן,0,0,0,0,0,0,0,0,0,0
מַחלָבָה,0,0,0,0,0,0,0,0,0,0
דאק,0,0,0,0,0,0,0,0,0,0
דייל,0,0,0,0,0,0,0,0,0,0
סֶכֶר,0,0,0,0,0,0,0,0,0,0
נֵזֶק,1,0,1,0,0,1,0,1,0,0
נְזִיקִין,0,0,0,0,0,1,0,1,0,0
גְבֶרֶת,1,0,1,0,0,0,1,0,0,1
לעזאזל,1,0,1,0,0,1,0,0,0,0
קְלָלָה,1,0,0,1,0,1,0,1,0,0
אָרוּר,0,0,0,0,0,1,0,0,0,0
לח,0,0,0,0,0,0,0,0,0,0
רטוב,0,0,0,0,0,0,0,0,0,0
מַנחֵת,0,0,0,0,0,1,0,0,0,0
עַלמָה,0,0,0,0,0,0,0,0,0,0
לִרְקוֹד,0,0,0,0,1,0,1,0,0,1
רַקדָן,0,0,0,0,0,0,0,0,0,0
קַשׂקַשִׂים,0,0,0,0,0,1,0,0,0,0
גַנדְרָן,0,0,1,0,0,1,0,0,0,0
סַכָּנָה,0,0,0,1,0,1,0,1,0,0
מְסוּכָּן,0,0,0,1,0,1,0,0,0,0
לִהיוֹת תָלוּי וּמִתנַדנֵד,0,0,0,0,0,0,0,0,0,0
טָחוּב,0,0,1,0,0,0,0,0,0,0
נָאֶה,0,0,0,0,0,0,0,0,0,0
לְהַעֵז,0,1,0,0,0,0,0,0,0,1
נועז,0,0,0,0,0,0,1,0,0,0
אפל,0,0,0,0,0,0,0,1,0,0
לְהַכּהוֹת,0,0,0,1,0,1,0,1,0,0
חשוך,0,0,0,1,0,1,0,1,0,0
בחושך,0,0,0,0,0,0,0,0,0,0
חוֹשֶׁך,1,0,0,1,0,1,0,1,0,0
מוֹתֶק,0,0,0,0,1,0,1,0,0,1
לְתַקֵן,0,0,0,0,0,0,0,0,0,0
חץ,0,0,0,1,0,0,0,0,0,0
לזנק,0,0,0,0,0,0,0,0,0,0
לוּחַ מַחווָנִים,0,0,0,0,0,0,0,0,0,0
מקווקו,1,0,0,1,0,1,0,1,0,0
נִמרָץ,0,0,0,0,0,0,1,0,0,0
מגוחך,1,0,1,1,0,1,0,0,0,0
נתונים,0,0,0,0,0,0,0,0,0,0
מאגר מידע,0,0,0,0,0,0,0,0,0,0
תַאֲרִיך,0,0,0,0,0,0,0,0,0,0
בַּת,0,0,0,0,1,0,1,0,0,0
שַׁחַר,0,1,0,0,1,0,1,0,1,1
יְוֹם,0,0,0,0,0,0,0,0,0,0
אור יום,0,0,0,0,0,0,0,0,0,0
חלומות בהקיץ,0,0,0,0,0,0,0,0,0,0
מעורפל,0,0,0,0,0,0,0,0,0,0
מוּכֶּה תַדְהֵמָה,0,0,0,0,0,1,0,0,0,0
הִסתַנוְרוּת,0,0,0,0,0,0,0,0,0,0
כּוֹמֶר זוּטָר,0,0,0,0,0,0,0,0,0,1
להשבית,0,0,0,0,0,1,0,0,0,0
מָבוֹי סָתוּם,0,0,0,0,0,1,0,0,0,0
קטלני,1,0,1,1,0,1,0,1,0,0
מַחרִישׁ,0,0,0,0,0,0,0,0,0,0
חֵרשׁוּת,0,0,0,0,0,0,0,0,0,0
עִסקָה,0,1,0,0,1,0,1,0,1,1
סוֹחֵר,0,0,0,0,0,0,0,0,0,0
התמודדות,0,0,0,0,0,0,0,0,0,0
עסקאות,0,0,0,0,0,0,0,0,0,1
דֵיקָן,0,0,0,0,0,0,0,0,0,0
יָקָר,0,0,0,0,0,0,1,0,0,0
צִמצוּם,0,0,0,0,0,0,0,0,0,0
מוות,1,1,1,1,0,1,0,1,1,0
תקלה,0,0,0,1,0,1,0,1,0,0
שָׁנוּי בְּמַחֲלוֹקֶת,0,0,0,0,0,0,0,0,0,0
עימות,0,0,0,0,0,0,1,0,0,0
הוֹלֵלוּת,0,0,1,1,0,1,0,0,0,0
אִגֶרֶת חוֹב,0,1,0,0,0,0,0,0,0,0
חוֹבָה,0,0,0,0,0,0,0,0,0,0
מַפּוֹלֶת,0,0,1,0,0,1,0,0,0,0
חוֹב,0,0,0,0,0,1,0,1,0,0
בַּעַל חוֹב,0,0,0,0,0,1,0,0,0,0
הוֹפָעָה רִאשׁוֹנָה,0,0,0,0,0,0,0,0,0,0
עָשׂוֹר,0,0,0,0,0,0,0,0,0,0
בַּקבּוּק,0,0,0,0,0,0,0,0,0,0
ריקבון,0,0,0,1,0,1,0,1,0,0
רָקוּב,0,0,1,0,0,1,0,1,0,0
נפטר,0,0,0,0,0,1,0,1,0,0
תַרמִית,1,0,1,1,0,1,0,1,1,0
מְרַמֶה,0,0,1,0,0,1,0,1,0,0
להטעות,1,0,1,0,0,1,0,1,0,0
מְרוּמֶה,1,0,0,0,0,1,0,0,0,0
מרמה,0,0,0,0,0,1,0,0,0,1
הֲגִינוּת,0,0,0,0,0,0,1,0,0,0
הָגוּן,0,0,0,0,0,0,1,0,0,0
הונאה,0,0,0,0,0,1,0,0,0,0
מתעתע,0,0,0,0,0,1,0,0,0,0
בהחלט,0,0,0,0,0,0,0,0,0,0
נשירים,0,0,0,0,0,0,0,0,0,0
נקודה,0,0,0,0,0,0,0,0,0,0
לְפַעֲנֵחַ,0,0,0,0,0,0,0,0,0,0
הַחְלָטָה,0,0,0,0,0,0,0,0,0,0
מַכרִיעַ,0,0,0,0,0,0,0,0,0,0
סִיפּוּן,0,0,0,0,0,0,0,0,0,0
הַצהָרָה,0,0,0,0,0,0,0,0,0,0
הצהרתי,0,0,0,0,0,0,1,0,0,0
לְהַכרִיז,0,0,0,0,0,0,0,0,0,0
דחיה,0,0,0,0,0,1,0,0,0,0
יְרִידָה,0,0,0,0,0,1,0,0,0,0
בירידה,0,0,0,0,0,1,0,0,0,0
לְפַרֵק,0,0,1,0,0,0,0,0,0,0
מפורק,0,0,0,0,0,0,0,1,0,0
הִתפָּרְקוּת,0,0,1,1,0,1,0,1,0,0
לְקַשֵׁט,0,0,0,0,0,0,0,0,0,0
תַפאוּרָה,0,0,0,0,0,0,0,0,0,0
הֲגִינוּת,0,0,0,0,0,0,0,0,0,0
לִפתוֹת,0,0,0,0,0,0,0,0,1,0
לְהַקְטִין,0,0,0,0,0,1,0,0,0,0
ירד,0,0,0,0,0,0,0,0,0,0
פּוֹחֵת,0,0,0,0,0,0,0,0,0,0
צו,0,0,0,0,0,0,0,0,0,0
ירידה,0,0,0,0,0,1,0,0,0,0
תָשׁוּשׁ,0,0,0,0,0,1,0,0,0,0
לִזַלזֵל,1,0,0,0,0,1,0,0,0,0
הַקדָשָׁה,0,0,0,0,0,0,1,0,0,0
לְהַסִיק,0,0,0,0,0,0,0,0,0,0
לְנַכּוֹת,0,0,0,0,0,1,0,0,0,0
ניכוי,0,0,0,0,0,0,0,0,0,0
מעשה,0,0,0,0,0,0,0,0,0,1
לְהַעֲמִיק,0,0,0,0,0,0,0,0,0,0
צְבִי,0,0,0,0,0,0,0,0,0,0
השמצה,0,0,1,1,0,1,0,0,0,0
מַשׁמִיץ,1,0,0,0,0,1,0,0,0,0
בְּרִירַת מֶחדָל,0,0,1,1,0,1,0,1,0,0
לִהַבִיס,0,0,0,0,0,1,0,0,0,0
מוּבָס,0,0,0,0,0,1,0,1,0,0
פְּגָם,1,0,0,0,0,1,0,0,0,0
עָרִיקָה,0,0,0,1,0,1,0,0,0,0
פָּגוּם,0,0,1,0,0,1,0,0,0,0
לְהַגֵן,0,0,0,1,0,0,1,0,0,0
נֶאְשָׁם,1,0,0,1,0,0,0,1,0,0
מוּגָן,0,0,0,0,0,0,1,0,0,1
מָגֵן,0,0,0,0,0,0,1,0,0,1
מגן,0,0,0,0,0,0,1,0,0,0
הֲגָנָה,1,1,0,1,0,0,1,0,0,0
חסרי הגנה,0,0,0,1,0,1,0,1,0,0
ניתן להגנה,0,0,0,0,0,0,0,0,0,0
הֲגַנָתִי,0,0,0,0,0,0,0,0,0,0
לִדחוֹת,0,0,0,0,0,0,0,0,0,0
כָּבוֹד,0,0,0,0,0,0,1,0,0,1
דחייה,0,0,0,0,0,1,0,0,0,0
דחיית,0,0,0,0,0,0,0,0,0,0
הִתנַגְדוּת,1,0,1,1,0,1,0,0,0,0
מתריס,1,0,0,0,0,1,0,0,0,0
מחסור ב,0,0,0,0,0,1,0,0,0,0
גֵרָעוֹן,0,0,0,0,0,1,0,0,0,0
לְהַגדִיר,0,0,0,0,0,0,0,0,0,0
מוּגדָר,0,0,0,0,0,0,0,0,0,0
הַגדָרָה,0,0,0,0,0,0,0,0,0,0
סוֹפִי,0,0,0,0,0,0,1,0,0,1
לְהוֹצִיא אֲוִיר,1,0,0,0,0,1,0,1,0,0
דפלציה,0,0,0,1,0,1,0,0,0,0
לְהַסִיט,0,0,0,0,0,0,0,0,0,0
הֲטָיָה,0,0,0,0,0,0,0,0,0,0
דפלורציה,0,0,0,0,0,0,0,0,0,0
לְעַוֵת צוּרָה,0,0,1,0,0,1,0,0,0,0
מְעוּוָת,0,0,1,0,0,1,0,1,0,0
מוּם,0,0,1,1,0,1,0,1,0,0
לְהוֹנוֹת,1,0,1,0,0,1,0,0,0,0
לִפְרוֹעַ,0,0,0,0,0,0,0,0,0,0
זָרִיז,0,0,0,0,0,0,0,0,0,0
נִפטָר,0,0,0,0,0,1,0,1,0,0
לְהַתְרִיס,1,0,0,1,0,1,0,1,1,0
ניוון,1,0,1,0,0,1,0,1,0,0
דֵגֵנֵרָט,0,0,0,0,0,1,0,0,0,0
נִווּן,0,0,0,0,0,0,0,0,0,0
הַשׁפָּלָה,0,0,0,0,0,1,0,0,0,0
לְהַשְׁפִּיל,0,0,1,0,0,1,0,0,0,0
מַשׁפִּיל,0,0,1,1,0,1,0,1,0,0
תוֹאַר,0,0,0,0,0,0,1,0,0,0
מְיוֹבָּשׁ,0,0,0,0,0,0,0,0,0,0
לְעַכֵּב,1,0,1,1,0,1,0,1,0,0
מוּשׁהֶה,0,0,0,0,0,1,0,0,0,0
טָעִים,0,0,0,0,0,0,1,0,0,0
נָצִיג,0,0,0,0,0,0,1,0,0,1
מִשׁלַחַת,0,0,0,0,0,0,0,0,0,0
מזיק,1,0,1,1,0,1,0,0,0,0
מְחִיקָה,0,0,0,0,0,1,0,0,0,0
מְכוּוָן,0,0,0,0,0,0,1,0,0,0
דִיוּן,0,0,0,0,0,0,0,0,0,0
דיוני,0,0,0,0,0,0,0,0,0,0
מַעֲדָן,0,0,0,0,0,0,0,0,0,0
טָעִים מְאוֹד,0,0,0,0,1,0,1,0,0,0
תַעֲנוּג,0,1,0,0,1,0,1,0,0,0
שַׂמֵחַ,0,1,0,0,1,0,1,0,1,0
מְהַנֶה,0,1,0,0,1,0,1,0,0,1
לְהַתווֹת,0,0,0,0,0,0,0,0,0,0
תיחום,0,0,0,0,0,0,0,0,0,0
עבריינות,0,0,0,0,0,1,0,0,0,0
עבריין,1,0,1,0,0,1,0,0,0,0
הוזה,0,0,0,0,0,1,0,1,0,0
הֲזָיָה,0,0,1,0,0,1,0,1,0,0
יְשׁוּעָה,0,1,0,0,1,0,1,0,0,1
מְסִירָה,0,1,0,0,0,0,1,0,0,0
dell,0,0,0,0,0,0,0,0,0,0
דֶלתָא,0,0,0,0,0,0,0,0,0,0
מַבּוּל,0,0,0,1,0,1,0,1,1,0
אשליה,1,0,0,1,0,1,0,1,0,0
הוזה,1,0,0,1,0,1,0,0,0,0
לְהִתְעַמֵק,0,0,0,0,0,0,0,0,0,0
דרש,1,0,0,0,0,1,0,0,0,0
תוֹבְעָנִי,0,0,0,0,0,1,0,0,0,0
הִתְנַהֲגוּת,0,0,0,0,0,0,0,0,0,0
מְטוּרָף,0,0,0,1,0,1,0,0,0,0
דמנציה,0,0,0,1,0,1,0,1,0,0
פְּטִירָה,0,0,0,1,0,1,0,1,0,0
דֵמוֹקרָטִיָה,0,0,0,0,0,0,1,0,0,0
דֵמוֹקרָט,0,0,0,0,0,0,0,0,0,0
לַהֲרוֹס,1,0,0,0,0,1,0,1,0,0
הֲרִיסָה,0,0,0,0,0,1,0,0,0,0
שֵׁד,1,0,1,1,0,1,0,1,0,0
שֵׁדִי,1,0,1,1,0,1,0,1,0,0
נִתַן לְהוֹכָחָה,0,0,0,0,0,0,1,0,0,0
לְהַפְגִין,0,0,0,0,0,0,0,0,0,0
הפגינו,0,0,0,0,0,0,0,0,0,0
מפגין,0,0,0,0,0,0,0,0,0,0
הפגנה,0,0,0,0,0,0,0,0,0,0
הַפגָנָתִי,0,0,0,0,1,0,1,1,0,0
מַפגִין,0,0,0,0,0,0,0,0,0,0
מדוכדך,0,0,0,1,0,1,0,1,0,0
הדגמות,0,0,0,0,0,0,0,0,0,0
מְאוּרָה,0,0,0,0,0,0,0,0,0,0
הַכחָשָׁה,0,0,0,0,0,1,0,0,0,0
הוכחש,0,0,0,0,0,1,0,1,0,0
פלג דתי,0,0,0,0,0,0,0,0,0,0
דתי,0,0,0,0,0,0,0,0,0,0
מְכַנֶה,0,0,0,0,0,0,0,0,0,0
לציין,0,0,0,0,0,0,0,0,0,0
לְהוֹקִיעַ,1,0,1,0,0,1,0,0,0,0
צָפוּף,0,0,0,0,0,0,0,0,0,0
צְפִיפוּת,0,0,0,0,0,0,0,0,0,0
שֶׁקַע,0,0,0,0,0,0,0,0,0,0
רפואת שיניים,0,0,0,1,0,0,0,0,0,0
הוֹקָעָה,1,0,1,1,0,1,0,0,0,0
לְהַכּחִישׁ,1,0,0,0,0,1,0,0,0,0
מכחיש,0,1,0,0,0,1,0,0,0,0
דֶאוֹדוֹרַנט,0,0,0,0,0,0,0,0,0,0
לַעֲזוֹב,0,1,0,0,0,0,0,1,0,0
עזב,0,0,0,0,0,1,0,1,0,0
מַחלָקָה,0,0,0,0,0,0,0,0,0,0
יְצִיאָה,0,0,0,0,0,1,0,1,0,0
לִסְמוֹך,0,1,0,0,0,0,0,0,0,1
תלוי,0,0,0,0,0,0,0,0,0,0
תלות,0,0,0,1,0,1,0,1,0,0
תלות,0,0,0,0,0,1,0,0,0,0
תלוי,0,0,0,0,0,1,1,0,0,1
לתאר,0,0,0,0,0,0,0,0,0,0
מתאר,0,0,0,0,0,0,0,0,0,0
דִלדוּל,0,0,0,0,0,0,0,0,0,0
מְצַעֵר,1,0,1,1,0,1,0,1,0,0
לִבכּוֹת,1,0,1,0,0,1,0,1,0,0
לפרוס,0,0,0,0,0,0,0,0,0,0
לְגַרֵשׁ,0,0,0,1,0,1,0,1,0,0
גֵרוּשׁ,1,0,0,1,0,1,0,1,0,0
לְהַפְקִיד,0,0,0,0,0,0,0,0,0,0
פקיד פקדון,0,0,0,0,0,0,0,0,0,0
תַצהִיר,0,0,0,0,0,0,0,0,0,0
מאגר,0,0,0,0,0,0,0,0,0,1
מַחסָן,0,0,0,0,0,0,0,0,0,0
מושחת,1,1,1,1,0,1,0,1,0,0
שְׁחִיתוּת,1,0,1,0,0,1,0,0,0,0
לָרֶדֶת בְּעֵרכּוֹ,1,0,1,0,0,1,0,0,0,0
מופחת,1,0,1,1,0,1,0,1,0,0
פְּחָת,0,0,0,1,0,1,0,0,0,0
לְדַכֵּא,0,0,0,1,0,1,0,1,0,0
מְדוּכָּא,1,0,0,1,0,1,0,1,0,0
מְדַכֵּא,0,0,1,0,0,1,0,1,0,0
דִכָּאוֹן,0,0,0,0,0,1,0,1,0,0
דיכאוני,0,0,0,0,0,1,0,1,0,0
מַחְסוֹר,1,0,1,1,0,1,0,1,0,0
עוֹמֶק,0,0,0,0,0,0,1,0,0,1
סְגָן,0,0,0,0,0,0,0,0,0,1
לְהוֹרִיד מֵהַפָּסִים,0,0,0,0,0,0,0,0,0,0
מטורלל,1,0,1,1,0,1,0,0,0,0
נָטוּשׁ,0,0,0,0,0,1,0,0,0,0
לַעַג,1,0,1,0,0,1,0,0,0,0
גִזרָה,0,0,0,0,0,0,0,0,0,0
נגזר,0,0,0,0,0,0,0,0,0,0
לְהָפִיק,0,0,0,0,0,0,0,0,0,0
עוֹרִי,0,0,0,0,0,0,0,0,0,0
דֶרמָטוֹלוֹג,0,0,0,0,0,0,0,0,0,1
דֶרמָטוֹלוֹגִיָה,0,0,0,0,0,0,0,0,0,0
חריגה,1,0,1,1,0,1,0,1,0,0
פּוֹגֵעַ,1,0,1,1,0,1,0,1,0,0
לָרֶדֶת,0,0,0,0,0,0,0,0,0,0
צאֱצא,0,0,0,0,0,0,0,0,0,0
צאצא,0,0,0,0,0,0,0,0,0,0
יורד,0,0,0,0,0,0,0,0,0,0
מוֹצָא,0,0,0,1,0,0,0,1,0,0
לְתַאֵר,0,0,0,0,0,0,0,0,0,0
תיאור,0,0,0,0,0,0,0,0,0,0
תיאור,0,0,0,0,0,0,1,0,0,0
חילול קודש,1,0,1,1,0,1,0,1,0,0
מִדבָּר,1,0,1,1,0,1,0,1,0,0
נָטוּשׁ,1,0,1,1,0,1,0,1,0,0
עריקה,0,0,0,0,0,1,0,0,0,0
מגיע,1,1,0,0,0,0,1,0,0,1
ראוי,0,0,0,0,0,0,1,0,0,0
רָאוּי,0,0,0,0,0,0,0,0,0,0
לְעַצֵב,0,0,0,0,0,0,0,0,0,0
לייעד,0,0,0,0,0,0,0,0,0,0
יִעוּד,0,0,0,0,0,0,0,0,0,1
מְעוּצָב,0,0,0,0,0,0,0,0,0,0
מְעַצֵב,0,0,0,0,0,0,1,0,0,0
תִכנוּן,0,0,0,0,0,0,0,0,0,0
כְּדָאִיוּת,0,0,0,0,0,0,0,0,0,0
רצוי,0,0,0,0,0,0,1,0,0,0
הִתאַוּוּת,0,0,0,0,0,0,1,0,0,0
צָמֵא,0,0,0,0,0,0,1,0,0,0
לַחְדוֹל,1,0,1,0,0,1,0,0,0,0
שׁוּלְחָן כְּתִיבָה,0,0,0,0,0,0,0,0,0,0
שְׁמָמָה,0,0,0,1,0,1,0,1,0,0
יאוש,1,0,1,1,0,1,0,1,0,0
מיואש,0,0,0,1,0,1,0,1,0,0
לְשַׁגֵר,0,0,0,0,0,0,0,0,0,0
נוֹאָשׁ,0,0,0,0,0,1,0,0,0,0
יֵאוּשׁ,0,0,0,0,0,0,0,0,0,0
בזוי,1,0,1,0,0,1,0,0,0,0
לָבוּז,1,0,1,0,0,1,0,0,0,0
רוֹדָנִי,0,0,0,1,0,1,0,0,0,0
עָרִיצוּת,1,0,1,1,0,1,0,1,0,0
קינוח,0,0,0,0,0,0,0,0,0,0
יַעַד,0,1,0,1,1,0,1,1,1,0
מְיוּעָד,0,1,0,0,0,0,0,0,0,0
גוֹרָל,0,0,0,0,0,0,0,0,0,0
חֲסַר כֹּל,0,0,0,1,0,1,0,1,0,0
נהרס,1,0,0,1,0,1,0,1,0,0
מַשׁחֶתֶת,1,0,0,1,0,1,0,0,0,0
הורס,1,0,0,1,0,1,0,1,0,0
הֶרֶס,1,0,0,0,0,1,0,0,0,0
הַרסָנִי,1,0,1,1,0,1,0,0,0,0
לנתק,0,0,0,0,0,0,0,0,0,0
מְנוּתָק,0,0,0,0,0,0,0,0,0,0
תְלִישׁוּת,0,0,0,0,0,1,0,0,0,0
פרט,0,0,0,0,0,0,0,0,0,0
פרטים,0,0,0,0,0,0,0,0,0,0
לְעַכֵּב,0,0,0,0,0,1,0,0,0,0
עָצִיר,1,1,0,1,0,1,0,1,0,0
לזהות,0,0,0,0,0,0,1,0,0,0
ניתן לזיהוי,0,0,0,0,0,0,0,0,0,0
איתור,0,0,0,0,0,0,1,0,0,0
בַּלָשׁ,0,0,0,0,0,0,0,0,0,0
גַלַאִי,0,0,0,0,0,0,0,0,0,0
ריתוק,0,0,0,0,0,1,0,1,0,0
להרתיע,0,0,0,0,0,0,0,0,0,0
חומר ניקוי,0,0,0,0,0,0,0,0,0,0
לְהִתְדַרְדֵר,0,0,0,1,0,1,0,1,0,0
התדרדר,0,0,1,0,0,1,0,1,0,0
הְתדַרדְרוּת,1,0,1,1,0,1,0,1,0,0
ניתן לקבוע,0,0,0,0,0,0,0,0,0,0
לקבוע,0,1,0,0,0,0,0,0,0,1
נחישות,0,0,0,0,0,0,1,0,0,1
נחושה בדעתה,0,0,0,0,0,0,1,0,0,0
לְתַעֵב,1,0,1,0,0,1,0,0,0,0
לְפוֹצֵץ,0,0,0,1,0,1,0,0,1,0
הִתְפּוֹצְצוּת,1,0,0,0,0,0,0,0,0,0
מַעֲקָף,0,0,0,0,0,0,0,0,0,0
לִגרוֹעַ,1,0,0,0,0,1,0,0,0,0
לרעה,0,0,0,0,0,1,0,0,0,0
מזיק,0,0,0,0,0,1,0,0,0,0
בְּלִית,0,0,0,0,0,1,0,0,0,0
שְׁתַיִם,0,0,0,0,0,0,0,0,0,0
לְהַחרִיב,1,0,0,1,0,1,0,1,0,0
הרסני,1,0,1,1,0,1,0,1,0,1
חוּרבָּן,1,0,0,1,0,1,0,1,1,0
לְפַתֵחַ,0,1,0,0,0,0,1,0,0,0
מתפתח,0,0,0,0,0,0,0,0,0,0
התפתחות,0,0,0,0,0,0,0,0,0,0
לִסְטוֹת,0,0,0,0,0,0,0,0,0,0
סוטה,0,0,0,0,0,0,0,0,0,0
חֲרִיגָה,0,0,0,0,0,0,0,1,0,0
התקן,0,0,0,0,0,0,0,0,0,0
שָׂטָן,1,1,1,1,0,1,0,1,0,0
שְׂטָנִי,0,0,1,1,0,1,0,0,0,0
עַרמוּמִי,0,0,0,0,0,1,0,0,0,0
לִהַמצִיא,0,0,0,0,0,0,0,0,0,0
נָטוּל,0,0,0,0,0,0,0,0,0,0
אֲצִילָה,0,0,0,0,0,1,0,0,0,0
להפיץ,0,0,0,0,0,0,0,0,0,0
להקדיש,0,0,0,0,0,0,0,0,0,0
חָסִיד,0,0,0,0,0,0,0,0,0,0
מסור,0,0,0,0,0,0,1,0,0,1
לטרוף,0,0,0,0,0,1,0,0,0,0
אָדוּק,0,1,0,0,1,0,1,0,0,1
טַל,0,0,0,0,0,0,0,0,0,0
דקסטר,0,0,0,0,0,0,0,0,0,0
זריזות,0,0,0,0,0,0,1,0,0,0
דקסטרוז,0,0,0,0,0,0,0,0,0,0
שטני,1,0,1,1,0,1,0,0,0,0
אִבחוּן,0,1,0,1,0,1,0,0,0,1
אבחון,0,0,0,0,0,0,0,0,0,0
אבחון,0,0,0,0,0,0,0,0,0,0
תרשים,0,0,0,0,0,0,0,0,0,0
חוּגָה,0,0,0,0,0,0,0,0,0,0
נִיב,0,0,0,0,0,0,0,0,0,0
דיאלקטיקה,0,0,0,0,0,0,0,0,0,0
דו שיח,0,0,0,0,0,0,0,0,0,0
קוֹטֶר,0,0,0,0,0,0,0,0,0,0
יהלום,0,0,0,0,1,0,1,0,0,0
יהלומים,0,0,0,0,0,0,0,0,0,0
לְחַתֵל,0,0,1,0,0,0,0,0,0,0
דִיאָפרַגמָה,0,0,0,0,0,0,0,0,0,0
שִׁלשׁוּל,0,0,1,0,0,0,0,0,0,0
יְוֹמָן,0,0,0,0,1,0,1,0,0,1
הַתקָפָה חֲרִיפָה,1,0,1,0,0,1,0,0,0,0
קוביות,0,0,0,0,0,0,0,0,0,0
דיכוטומי,0,0,0,0,0,0,0,0,0,0
דיכוטומיה,0,0,0,0,0,0,0,0,0,0
לְהַכתִיב,0,0,0,0,0,0,0,0,0,0
הַכתָבָה,0,0,0,0,0,0,0,0,0,0
דִיקטָטוֹר,0,0,0,1,0,1,0,0,0,0
רוֹדָנִי,1,0,0,0,0,1,0,0,0,0
רוֹדָנוּת,1,1,1,1,0,1,0,1,0,0
דִיקצִיָה,0,0,0,0,0,0,0,0,0,0
מילון,0,0,0,0,0,0,1,0,0,1
מֵימרָה,0,0,0,0,0,0,0,0,0,1
דִידַקטִי,0,0,0,0,0,0,1,0,0,0
לָמוּת,0,0,0,1,0,1,0,1,0,0
דִיאֵטָה,0,0,0,0,0,0,0,0,0,0
שֶׁל דִיאֵטָה,0,1,0,0,0,0,1,0,0,0
לִהיוֹת שׁוֹנֶה,0,0,0,0,0,0,0,0,0,0
הֶבדֵל,0,0,0,0,0,0,0,0,0,0
הבדלים,0,0,0,0,0,0,0,0,0,0
דִיפֵרֶנציִאָלִי,0,0,0,0,0,0,0,0,0,1
בידול,0,0,0,0,0,0,0,0,0,0
באופן שונה,0,0,0,0,0,0,0,0,1,0
שונים,0,0,0,0,0,0,0,0,0,0
קָשֶׁה,0,0,0,1,0,0,0,0,0,0
קשיים,0,0,0,0,0,1,0,1,0,0
קושי,1,0,0,1,0,1,0,1,0,0
מְפוּזָר,0,0,0,0,0,0,0,0,0,0
ריכוך,0,0,0,0,0,0,0,0,0,0
לַחפּוֹר,0,0,0,0,0,0,0,0,0,0
לְעַכֵּל,0,0,0,0,0,0,0,0,0,0
אִכּוּל,0,0,0,0,0,0,0,0,0,0
סִפְרָה,0,0,0,0,0,0,0,0,0,1
מְכוּבָּד,0,0,0,0,0,0,1,0,0,0
כָּבוֹד,0,0,0,0,0,0,1,0,0,1
לִסְטוֹת,0,1,0,0,0,1,0,0,0,0
חפירות,0,0,0,0,0,0,0,0,0,0
סוֹלְלָה,0,0,0,1,0,0,0,0,0,0
רָעוּעַ,0,0,1,0,0,1,0,1,0,0
הִתרַחֲבוּת,0,0,0,0,0,0,0,0,0,0
הַרחָבָה,0,0,0,0,0,0,0,0,0,0
דִילֶמָה,0,0,0,0,0,0,0,0,0,0
חָרִיצוּת,0,0,0,0,0,0,1,0,0,1
חָרוּץ,0,0,0,0,0,0,0,0,0,0
מדלל,0,0,0,0,0,0,0,0,0,0
לְדַלֵל,0,0,0,0,0,1,0,0,0,0
דָלִיל,0,0,0,0,0,0,0,0,0,0
מְהִילָה,0,0,0,0,0,0,0,0,0,0
דַיִם,0,0,0,0,0,0,0,0,0,0
מֵמַד,0,0,0,0,0,0,0,0,0,0
לְהַפחִית,0,0,0,0,0,1,0,1,0,0
מְמוּעָט,0,0,0,0,0,1,0,0,0,0
הַפחָתָה,0,0,0,0,0,0,0,0,0,0
צוּרַת הַקטָנָה,0,0,0,0,0,0,0,0,0,0
רַעַשׁ,0,0,0,0,0,1,0,0,0,0
לִסעוֹד,0,0,0,0,0,0,0,0,0,0
מסעדה,0,0,0,0,0,0,0,0,0,0
אֲרוּחַת עֶרֶב,0,0,0,0,0,0,1,0,0,0
דינוזאור,0,0,0,1,0,0,0,0,0,0
דיט,0,0,0,0,0,0,0,0,0,0
דיוקזי,0,0,0,0,0,0,0,0,0,0
מָחוֹז הַבִּשׁוֹף,0,0,0,0,0,0,0,0,0,0
דיורמה,0,0,0,0,0,0,0,0,0,0
לִטבּוֹל,0,0,0,0,0,0,0,0,0,0
דיפלומה,0,0,0,0,0,0,0,0,0,0
דִיפּלוֹמָטִיָה,0,1,0,0,0,0,1,0,0,1
דִיפּלוֹמָט,0,0,0,0,0,0,0,0,0,0
דִיפּלוֹמָטִי,0,0,0,0,0,0,1,0,0,1
נוֹרָא,0,0,1,1,0,1,0,1,1,0
מְכוּוָן,0,0,0,0,0,0,0,0,0,0
כיוון,0,0,0,0,0,0,0,0,0,0
בצורה ישירה,0,0,0,0,0,0,0,0,0,0
מְנַהֵל,0,0,0,0,0,0,1,0,0,1
מַדרִיך,0,0,0,0,0,0,0,0,0,0
עפר,0,0,1,0,0,1,0,0,0,0
מְלוּכלָך,0,0,1,0,0,1,0,0,0,0
נָכוּת,0,0,0,0,0,1,0,1,0,0
להשבית,0,0,0,1,0,1,0,1,0,0
נָכֶה,0,0,0,1,0,1,0,1,0,0
חִסָרוֹן,0,0,0,0,0,0,0,0,0,0
לא מרוצה,0,0,0,0,0,1,0,0,0,0
לא מסכים,1,0,0,0,0,1,0,0,0,0
לֹא נָעִים,0,0,0,0,0,0,0,0,0,0
לא מסכים,1,0,0,0,0,1,0,1,0,0
מחלוקת,1,0,0,0,0,1,0,1,0,0
לא לאפשר,0,0,0,0,0,0,0,0,0,0
אסור,1,0,1,1,0,1,0,1,0,0
לְהֵעָלֵם,0,0,0,1,0,0,0,0,0,0
הֵעָלְמוּת,0,0,0,0,0,0,0,0,0,0
נעלם,0,0,0,0,0,0,0,0,0,0
לְאַכזֵב,1,0,1,0,0,1,0,1,0,0
מְאוּכזָב,1,0,1,0,0,1,0,1,0,0
מְאַכזֵב,0,0,0,0,0,1,0,1,0,0
אַכזָבָה,0,0,1,0,0,1,0,1,0,0
אי הסכמה,0,0,0,0,0,1,0,1,0,0
לא לאשר,1,0,1,1,0,1,0,1,0,0
לא אושרה,1,0,0,0,0,1,0,1,0,0
מסתייג,1,0,1,0,0,1,0,1,0,0
לפרוק מנשקו,0,0,0,0,0,0,0,0,0,0
אִי סֶדֵר,0,0,0,0,0,0,0,0,0,0
אסון,1,0,1,1,0,1,0,1,1,0
אסון,1,0,0,1,0,1,0,1,0,0
לְפַרֵק,0,0,0,0,0,0,0,0,0,0
חוֹסֶר אֵמוּן,0,0,0,0,0,0,0,0,0,0
לֹא לְהֶאֱמִין,0,0,0,0,0,1,0,0,0,0
לשלם,0,0,0,0,0,0,0,0,0,0
תַשְׁלוּם,0,0,0,0,0,0,0,0,0,0
דיסק,0,0,0,0,0,0,0,0,0,0
מוּשׁלָך,0,0,0,0,0,0,0,0,0,0
משליך,0,0,0,0,0,1,0,0,0,0
לְהַבחִין,0,0,0,0,0,0,0,0,0,0
ניתן להבחין,0,0,0,0,0,0,0,0,0,0
נָבוֹן,0,0,0,0,0,0,0,0,0,0
הַבחָנָה,0,0,0,0,0,0,0,0,0,0
פְּרִיקָה,0,0,0,0,0,1,0,0,0,0
תַלמִיד,0,0,0,0,0,0,0,0,0,1
משמעת,0,0,0,1,0,1,0,0,0,0
התנערות,1,0,1,0,0,1,0,0,0,1
כתב ויתור,0,0,0,0,0,0,0,0,0,0
לחשוף,0,0,0,0,0,0,0,0,0,0
נחשף,0,0,0,0,0,0,0,0,0,1
חשיפה,0,0,0,0,0,0,0,0,0,0
דִהוּי,0,0,1,0,0,1,0,0,0,0
דהוי,0,0,1,0,0,1,0,1,0,0
אִי נוֹחוּת,0,0,0,0,0,1,0,1,0,0
לְנַתֵק,0,0,0,0,0,1,0,1,0,0
מְנוּתָק,0,0,0,0,0,1,0,1,0,0
ניתוק,0,0,0,0,0,1,0,0,0,0
אִי שְׂבִיעוּת רָצוֹן,1,0,1,1,0,1,0,1,0,0
הפסקה,0,0,0,0,0,0,0,0,0,0
לְהַפְסִיק,0,0,0,0,0,1,0,0,0,0
אִי רְצִיפוּת,0,0,1,1,0,1,0,1,0,0
בלתי רציף,0,0,0,0,0,0,0,0,0,0
מַחֲלוֹקֶת,1,0,1,0,0,1,0,0,0,0
הנחה,0,0,0,0,0,0,0,0,0,0
בהנחה,0,0,0,0,0,0,0,0,0,0
לדכא,0,0,0,1,0,1,0,1,0,0
מיואש,0,0,0,0,0,0,0,0,0,0
רִפיוֹן רוּחַ,0,0,0,0,0,1,0,0,0,0
שִׂיחַ,0,0,0,0,0,0,0,0,0,0
לְגַלוֹת,0,0,0,0,0,0,0,0,0,0
תַגלִית,0,0,0,0,0,0,1,0,0,0
לִפְגוֹעַ בְּאֲמִינוּת,0,0,0,0,0,1,0,0,0,0
דִיסקרֶטִי,0,1,0,0,0,0,1,0,0,0
אִי הַתְאָמָה,0,0,0,0,0,0,0,0,0,0
נִבדָל,0,0,0,0,0,0,0,0,0,0
שיקול דעת,0,1,0,0,0,0,1,0,0,1
שיקול דעת,0,0,0,0,0,0,1,0,0,0
לְהָפלוֹת,1,0,0,0,0,1,0,1,0,0
מפלה,0,0,1,0,0,1,0,0,0,0
אַפלָיָה,1,0,1,1,0,1,0,1,0,0
דִיסקוּס,0,0,0,0,0,0,0,0,0,0
לָדוּן,0,0,0,0,0,0,0,0,0,0
דִיוּן,0,0,0,0,0,0,1,0,0,0
בּוּז,1,0,1,0,0,1,0,0,0,0
מַחֲלָה,1,0,1,1,0,1,0,1,0,0
נָגוּעַ,0,0,1,1,0,1,0,1,0,0
חֲסַר גוּף,0,0,0,1,0,1,0,1,0,0
לְנַתֵק,0,0,0,0,0,0,0,0,0,0
התנתקות,0,0,0,0,0,1,0,0,0,0
מעוות,1,0,1,1,0,1,0,1,0,0
חרפה,1,0,1,0,0,1,0,1,0,0
מבוזה,1,0,1,0,0,1,0,1,0,0
מַחְפִּיר,1,0,1,0,0,1,0,0,0,0
מְמוּרמָר,1,0,1,0,0,1,0,1,0,0
לְהַסווֹת,0,0,0,0,0,0,0,0,0,0
מְחוּפָּשׂ,0,0,0,0,0,0,0,0,0,0
גועל,1,0,1,1,0,1,0,1,0,0
מגעיל,1,0,1,1,0,1,0,0,0,0
צַלַחַת,0,0,0,0,0,0,0,0,0,0
מאוכזבים,0,0,0,0,0,1,0,1,0,0
מייאש,0,0,0,0,0,1,0,1,0,0
לֹא יָשָׁר,1,0,1,0,0,1,0,1,0,0
אִי יִוֹשֶׁר,0,0,1,0,0,1,0,0,0,0
חֶרפָּה,1,0,1,1,0,1,0,1,0,0
הִתפַּכְּחוּת,1,0,1,0,0,1,0,1,0,0
לְחַטֵא,0,0,0,0,0,0,0,0,0,0
מְחַטֵא,0,0,0,0,0,0,0,0,0,0
חיטוי,0,0,0,0,0,0,1,0,0,0
מֵידָע מַטעֶה,1,0,0,1,0,1,0,0,0,0
לא הגיוני,0,0,1,0,0,1,0,0,0,0
לְהִתְפּוֹרֵר,0,0,1,1,0,1,0,0,0,0
הִתפּוֹרְרוּת,0,0,0,0,0,1,0,0,0,0
חֲסַר עִניָן,0,0,0,0,0,1,0,0,0,0
מנותקים,0,0,0,0,0,0,0,0,0,0
קָטוּעַ,0,0,0,0,0,0,0,0,0,0
מַפרִיד,0,0,0,0,0,0,0,0,0,0
דִיסק,0,0,0,0,0,0,0,0,0,0
תַקלִיטוֹן,0,0,0,0,0,0,0,0,0,0
לִשְׂנוֹא,1,0,1,0,0,1,0,0,0,0
לא אהב,1,0,0,0,0,1,0,1,0,0
נקע,1,0,1,1,0,1,0,1,0,0
נקע,0,0,0,0,0,0,0,0,0,0
לְנַשֵׁל,0,0,0,0,0,0,0,0,0,0
עָגוּם,0,0,1,1,0,1,0,1,0,0
תַדְהֵמָה,1,1,0,1,0,1,0,1,1,0
פירוק,0,0,1,1,0,1,0,1,0,0
לשחרר,0,0,0,0,0,0,0,0,0,0
הֲדָחָה,1,0,1,1,0,1,0,1,1,0
לָרֶדֶת,0,0,0,0,0,0,0,0,0,0
אי ציות,1,0,1,0,0,1,0,0,0,0
סָרְבָנִי,1,0,0,0,0,1,0,0,0,0
לְהַמרוֹת,1,0,1,0,0,1,0,0,0,0
הפרעה,0,0,0,1,0,1,0,0,0,0
פָּרוּעַ,0,0,0,0,0,1,0,0,0,0
לא מאורגן,0,0,0,0,0,1,0,0,0,0
לִזַלזֵל,1,0,1,0,0,1,0,1,0,0
מזלזל,1,0,1,0,0,1,0,1,0,0
מְפוּרָד,0,0,0,0,0,0,0,0,0,0
פַּעַר,1,0,1,0,0,1,0,1,0,0
קַר רוּחַ,0,0,0,0,0,1,0,1,0,0
לְשַׁגֵר,0,0,0,0,0,0,0,0,0,0
לְפַזֵר,0,0,0,0,0,1,0,1,0,0
פטור,0,0,0,0,0,0,0,0,0,0
לְחַלֵק,0,0,0,0,0,0,0,0,0,0
לְפַזֵר,0,0,0,0,0,0,0,0,0,0
מְפוּזָר,0,0,0,0,0,0,0,0,0,0
פְּזִירָה,0,0,0,0,0,1,0,0,0,0
לַעֲקוֹר,0,0,0,0,0,1,0,0,0,0
עָקוּר,1,0,0,1,0,0,0,1,0,0
תְזוּזָה,0,0,0,0,0,0,0,0,0,0
לְהַצִיג,0,0,0,0,0,0,0,0,0,0
לא מרוצה,1,0,1,1,0,1,0,1,0,0
אִי שְׂבִיעוּת רָצוֹן,0,0,1,0,0,1,0,0,0,0
רְשׁוּת,0,0,0,0,0,1,0,0,0,0
להיפטר,0,0,1,0,0,0,0,0,0,0
נפטר,0,1,0,0,0,0,1,0,0,1
מֶזֶג,0,0,0,0,0,0,0,0,0,0
נושל,1,0,0,1,0,1,0,1,0,0
לְהַפְרִיך,0,0,0,0,0,0,0,0,0,0
מַחֲלוֹקֶת,1,0,0,0,0,1,0,0,0,0
פְּסִילָה,0,0,0,0,0,1,0,0,0,0
פָּסוּל,1,0,1,0,0,1,0,1,0,0
לִפְסוֹל,0,0,0,0,0,1,0,1,0,0
הִתעַלְמוּת,0,0,0,0,0,1,0,0,0,0
התעלמו,0,0,1,0,0,1,0,0,0,0
לֹא מְכוּבָּד,1,0,1,1,0,1,0,0,0,0
שֵׁם רַע,0,0,0,0,0,0,0,0,0,0
זִלזוּל,1,0,0,0,0,1,0,0,0,0
חסר כבוד,1,0,1,1,0,1,0,1,0,0
הפרעה,1,0,0,1,0,1,0,0,1,0
חוסר שביעות רצון,0,0,0,0,0,1,0,0,0,0
לא מרוצה,0,0,0,0,0,0,0,0,0,0
לְנַתֵחַ,0,0,0,0,0,0,0,0,0,0
דיסקציה,0,0,1,0,0,0,0,0,0,0
לְהָפִיץ,0,0,0,0,0,0,1,0,0,0
הֲפָצָה,0,0,0,0,0,0,0,0,0,0
מַחֲלוֹקֶת,1,0,0,0,0,1,0,0,0,0
התנגדות,0,0,0,0,0,0,0,0,0,0
מתנגדים,0,0,0,0,0,1,0,0,0,0
מַסָה,0,0,0,0,0,0,0,0,0,0
שֵׁרוּת דוֹב,1,0,1,0,0,1,0,1,0,0
פּוֹרֵשׁ,1,0,0,1,0,1,0,0,0,0
שׁוֹנֶה,0,0,0,0,0,0,0,0,0,0
לְפַזֵר,0,0,0,0,0,0,0,0,0,0
התפוגג,0,0,0,0,0,0,0,0,0,0
דיסוציאציה,0,0,0,0,0,0,0,0,0,0
התפרקות,1,0,0,1,0,1,0,1,1,0
לְהִתְמוֹסֵס,0,0,0,0,0,0,0,0,0,0
צרימה,1,0,0,0,0,1,0,0,0,0
לְהַנִיאַ,0,0,0,0,0,0,0,0,0,0
דיסטלי,0,0,0,0,0,0,0,0,0,0
מֶרְחָק,0,0,0,0,0,0,0,0,0,0
רָחוֹק,0,0,0,0,0,0,0,0,0,0
סְלִידָה,0,0,1,0,0,1,0,0,0,0
לֹא נָעִים,0,0,1,0,0,1,0,0,0,0
תַזקִיק,0,0,0,0,0,0,0,0,0,0
זִקוּק,0,0,0,0,0,0,1,0,0,0
הבחנה,0,0,0,0,0,0,1,0,0,0
מְיוּחָד,0,0,0,0,0,0,0,0,0,0
לְהַבחִין,0,0,0,0,0,0,0,0,0,0
ניתן להבחין,0,0,0,0,0,0,0,0,0,0
נִכבָּד,0,0,0,0,0,0,0,0,0,0
מַבדִיל,0,0,0,0,0,0,0,0,0,0
מְעוּוָת,0,0,1,0,0,1,0,0,0,0
עיוות,0,0,0,0,0,1,0,0,0,0
להסיח את הדעה,0,0,0,0,0,1,0,0,0,0
מְפוּזָר,1,0,0,0,0,1,0,0,0,0
מסיח דעת,1,1,0,0,0,1,0,0,0,0
הַסָחַת הַדַעַת,0,0,0,0,0,1,0,0,0,0
מְפוּזָר,0,0,0,0,0,1,0,1,0,0
מְצוּקָה,1,0,1,1,0,1,0,1,1,0
במצוקה,0,0,0,1,0,1,0,0,0,0
מְצַעֵר,1,0,0,1,0,1,0,0,0,0
לְהָפִיץ,0,0,0,0,0,0,0,0,0,0
הפצה,0,0,0,0,0,0,0,0,0,0
מָחוֹז,0,0,0,0,0,0,0,0,0,0
חוסר אמון,1,0,1,1,0,1,0,0,0,0
הפרעה,1,0,0,1,0,1,0,1,1,0
מוטרד,1,0,0,0,0,1,0,1,0,0
אִי שִׁמוּשׁ,0,0,0,0,0,1,0,0,0,0
לא בשימוש,1,0,0,0,0,1,0,0,0,0
לִנְטוֹשׁ,0,0,0,0,0,0,0,0,0,0
כנל,0,0,0,0,0,0,0,0,0,0
פִּזמוֹן,0,0,0,0,1,0,1,0,0,0
יוֹמִי,0,0,0,0,0,0,0,0,0,0
דַרגָשׁ,0,0,0,0,0,0,0,0,0,1
לִצְלוֹל,0,0,0,0,0,0,0,0,0,0
צוֹלְלָן,0,0,0,0,0,0,0,0,0,0
לִסְטוֹת,0,0,0,0,0,0,0,0,0,0
הִסתַעֲפוּת,0,0,0,0,0,0,0,0,0,0
מִסתַעֵף,0,0,0,0,0,1,0,0,1,0
מתפצלים,0,0,0,0,0,0,0,0,0,0
צוללנים,0,0,0,0,0,0,0,0,0,0
מְגוּוָן,0,0,0,0,0,1,1,0,0,0
מְגוּוָן,0,0,0,0,0,0,1,0,0,0
לְנַמֵר,0,0,0,0,0,0,0,0,0,0
הַסָחָה,0,0,0,0,0,0,1,0,1,0
מגוון,0,0,0,0,0,0,0,0,0,0
להפנות,0,0,0,0,0,0,0,0,0,0
מפנה,0,0,0,0,0,0,0,0,0,0
לְהוֹקִיעַ,0,0,0,0,0,0,0,0,0,0
נמכר,0,0,0,0,0,1,0,0,0,0
מימוש,0,0,0,0,0,1,0,0,0,0
לחלק,0,0,0,0,0,0,0,0,0,0
מחולק,0,0,0,0,0,0,0,0,0,0
דיבידנד,0,0,0,0,0,0,0,0,0,0
קֶסֶם,0,1,0,0,0,0,0,0,0,0
אלוהי,0,0,0,0,0,0,0,0,0,0
אֱלוֹהוּת,0,0,0,0,0,0,1,0,0,0
מִתחַלֵק,0,0,0,0,0,0,0,0,0,0
חֲלוּקָה,0,0,0,0,0,0,0,0,0,0
מְחַלֵק,0,0,0,0,0,0,0,0,0,0
לְהִתְגַרֵשׁ,1,0,1,1,0,1,0,1,1,1
לגלות סוד,0,0,0,0,0,0,0,0,0,0
סְחַרחוֹרֶת,0,0,0,0,0,1,0,0,0,0
סְחַרחַר,0,0,0,0,0,1,0,0,0,0
כָּנוּעַ,0,0,0,0,0,0,0,0,0,0
לַעֲגוֹן,0,0,0,0,0,0,0,0,0,0
עגנה,0,0,0,0,0,1,0,0,0,0
תָוִית,0,0,0,0,0,0,0,0,0,0
דוֹקטוֹר,0,0,0,0,0,0,1,0,0,1
דוקטרינרית,0,0,0,0,0,0,0,0,0,0
דוֹקטרִינָה,0,0,0,0,0,0,0,0,0,1
מסמך,0,0,0,0,0,0,0,0,0,0
תיעודי,0,0,0,0,0,0,0,0,0,0
להתחמק,0,0,0,0,0,0,0,0,0,0
חֲמִיקָה,0,0,0,0,0,0,0,0,0,0
צְבִיָה,0,0,0,0,0,0,0,0,0,0
רַמַאִי,0,0,0,0,0,0,1,0,0,0
כֶּלֶב,0,0,0,0,0,0,0,0,0,0
עיקש,0,0,0,0,0,0,1,0,0,0
דוֹגמָה,0,0,0,0,0,0,0,0,0,1
דוֹגמָטִי,0,0,0,0,0,0,0,0,0,0
עשייה,0,0,0,0,0,0,0,0,0,0
תעשה את זה,0,0,0,0,0,1,0,0,0,0
מַצַב רוּחַ עָגוּם,0,0,0,0,0,1,0,1,0,0
קִצבָּה,0,0,0,0,0,1,0,1,0,0
בּוּבָּה,0,0,0,0,1,0,0,0,0,0
דוֹלָר,0,0,0,0,0,0,0,0,0,0
dolor,0,0,0,0,0,1,0,1,0,0
דולפין,0,0,0,0,1,0,1,0,1,1
תְחוּם,0,0,0,0,0,0,0,0,0,0
כיפה,0,0,0,0,0,0,0,0,0,0
בֵּיתִי,0,0,0,0,0,0,0,0,0,0
מְבוּיָת,0,0,0,0,0,0,0,0,0,0
בִּיוּת,0,0,0,0,0,0,0,0,0,0
מָקוֹם מוֹשָׁב,0,0,0,0,0,0,0,0,0,0
מְשׁוּכָּן,0,0,0,0,0,0,0,0,0,0
שְׁלִיטָה,0,0,0,0,0,0,0,0,0,0
דוֹמִינָנטִי,0,0,0,1,0,1,0,0,0,0
לִשְׁלוֹט,1,0,0,1,0,1,1,0,0,0
שולט,0,0,0,0,0,0,0,0,0,0
שְׁלִיטָה,1,0,0,1,0,1,0,1,0,0
שליטה,0,0,0,1,0,0,0,0,0,1
דומינו,0,0,0,0,0,0,0,0,0,0
דוֹן,0,0,0,0,0,0,1,0,0,1
תרומה,0,0,0,0,0,0,1,0,0,0
חמור,0,0,1,0,0,1,0,0,0,0
תוֹרֵם,0,0,0,0,0,0,0,0,0,0
לְשַׁרבֵּט,0,0,0,0,0,1,0,0,0,0
אֲבַדוֹן,0,0,0,1,0,1,0,0,0,0
נידון,0,0,0,1,0,1,0,1,0,0
יום הדין,1,1,1,1,0,1,0,1,0,0
דלת,0,0,0,0,0,0,0,0,0,0
פעמון דלת,0,0,0,0,0,0,0,0,0,0
פֶּתַח,0,0,0,0,0,0,0,0,0,0
רָדוּם,0,0,0,0,0,0,0,0,0,0
פְּנִימִיָה,0,0,0,0,0,0,0,0,0,0
גב,0,0,0,0,0,0,0,0,0,0
מָנָה,0,0,0,0,0,0,0,0,0,0
נְקוּדָה,0,0,0,0,0,0,0,0,0,0
לְהַכפִּיל,0,0,0,0,0,0,0,0,0,0
מוּכפָּל,0,0,0,0,0,0,0,0,0,0
כָּפִיל,0,0,0,0,0,0,0,0,0,0
כְּפִילָה,0,0,0,0,0,0,0,0,0,0
ספק,0,0,0,1,0,1,0,1,0,1
מוטל בספק,0,0,0,0,0,1,0,0,0,0
מֵטִיל סָפֵק,0,0,0,0,0,1,0,0,0,0
בְּלִי סָפֵק,0,0,0,0,0,0,1,0,0,1
שְׁטִיפָה,0,0,0,0,0,1,0,0,0,0
בצק,0,0,0,0,0,0,0,0,0,0
סופגניה,0,0,0,0,0,0,0,0,0,0
קוֹדֵר,0,0,0,0,0,1,0,0,0,0
יוֹנָה,0,1,0,0,1,0,1,0,0,1
שָׁחוּחַ,0,0,0,0,0,0,0,0,0,0
נְפִילָה,0,0,0,1,0,1,0,1,0,0
בְּמִדרוֹן,0,0,0,0,0,0,0,0,0,0
מַבּוּל,0,0,0,0,0,0,0,0,0,0
לְגַמרֵי,0,0,0,0,0,0,0,0,0,1
פְּלוּמָתִי,0,0,0,0,0,0,1,0,0,0
נְדוּנִיָה,0,0,0,0,0,0,0,0,0,0
לְנַמְנֵם,0,0,0,0,0,0,0,0,0,0
תְרֵיסַר,0,0,0,0,0,0,0,0,0,0
מְשַׁעֲמֵם,0,0,0,0,0,1,0,1,0,0
טְיוּטָה,0,1,0,0,0,0,0,0,0,0
לִגרוֹר,0,0,0,0,0,0,0,0,0,0
דְרָקוֹן,0,0,0,1,0,0,0,0,0,0
ניקוז,0,0,0,0,0,0,0,0,0,0
תעלת ניקוז,0,0,0,0,0,1,0,0,0,0
סחוט,0,0,0,0,0,0,0,0,0,0
דרייק,0,0,0,0,0,0,0,0,0,0
דְרָמָה,0,0,0,0,0,0,0,0,0,0
דְרָמָטִי,0,0,0,0,0,0,0,0,0,0
וִילוֹן,0,0,0,0,0,0,0,0,0,0
וִילוֹנוֹת,0,0,0,0,0,0,0,0,0,0
דרסטי,0,0,0,0,0,0,0,0,0,0
טְיוּטָה,0,0,0,0,0,0,0,0,0,0
לצייר,0,0,0,0,0,0,0,0,0,0
חִסָרוֹן,0,0,0,0,0,1,0,0,0,0
מְגֵרָה,0,0,0,0,0,0,0,0,0,0
תַחתוֹנִים,0,0,0,0,0,0,0,0,0,0
צִיוּר,0,0,0,0,0,0,0,0,0,0
אֵימָה,0,1,0,1,0,1,0,0,0,0
אָיוֹם,1,1,1,1,0,1,0,1,0,0
בצורה נוראית,0,0,1,1,0,1,0,1,1,0
חולם,0,0,0,0,0,0,0,0,0,0
חוֹלֵם,0,0,0,0,0,0,0,0,0,0
חולם,0,0,0,0,0,0,0,0,0,0
חוֹלמָנִי,0,0,0,0,0,0,0,0,0,0
מַשׁמִים,0,0,0,0,0,1,0,1,0,0
מַחְפֵּר,0,0,0,0,0,0,0,0,0,0
ספוג,0,0,0,0,0,0,0,0,0,0
אָרוֹן בְּגָדִים,0,0,0,0,0,0,0,0,0,0
לְכַדְרֵר,0,0,0,0,0,0,0,0,0,0
מיובש,0,0,0,0,0,0,0,0,0,0
מְיַבֵּשׁ,0,0,0,0,0,0,0,0,0,0
סְחִיפָה,0,0,0,0,0,0,0,0,0,0
נסחף,0,0,0,0,0,0,0,0,0,0
תרגיל,0,0,0,0,0,0,0,0,0,0
לִשְׁתוֹת,0,0,0,0,0,0,0,0,0,0
שְׁתִיָה,0,0,0,0,0,1,0,0,0,0
טפטוף,0,0,0,0,0,0,0,0,0,0
טִפטוּף,0,0,0,0,0,0,0,0,0,0
שְׁטוּיוֹת,0,0,1,0,0,1,0,0,0,0
נהג,0,0,0,0,0,0,0,0,0,0
שביל גישה,0,0,0,0,0,0,0,0,0,0
טפטוף,0,0,0,0,0,0,0,0,0,0
מַצחִיק,0,0,0,0,0,0,0,0,0,0
מטוס זעיר ללא טייס,0,0,0,0,0,1,0,0,0,0
לְהַזִיל רִיר,0,0,1,0,0,0,0,0,0,0
נְבִילָה,0,0,0,0,0,1,0,0,0,0
יְרִידָה,0,0,0,0,0,0,0,0,0,0
אֵגֶל,0,0,0,0,0,0,0,0,0,0
בַּצוֹרֶת,0,0,0,0,0,1,0,0,0,0
נסע,0,0,0,0,0,0,0,0,0,0
לְהַטבִּיעַ,0,0,0,1,0,1,0,1,0,0
נוּמָה,0,0,0,0,0,1,0,0,0,0
מְנוּמנָם,0,0,0,0,0,0,0,0,0,0
עבודת פרך,0,0,0,0,0,1,0,0,0,0
תְרוּפָה,0,0,0,0,0,0,0,0,0,0
מְסוּמָם,0,0,0,0,0,0,0,1,0,0
בֵּית מִרקַחַת,0,0,0,0,0,0,0,0,0,0
דרואיד,0,0,0,0,0,0,0,0,0,0
תוֹף,0,0,0,0,0,0,0,0,0,0
מְתוֹפֵף,0,0,0,0,0,0,0,0,0,0
תיפוף,0,0,0,0,0,0,0,0,0,0
שיכור,0,0,1,0,0,1,0,0,0,0
שִׁכרוּת,0,0,0,0,0,1,0,0,0,0
יָבֵשׁ,0,0,0,0,0,0,0,0,0,0
יוֹבֶשׁ,0,0,0,0,0,0,0,0,0,0
כָּפוּל,0,0,0,0,0,0,0,0,0,0
שְׁנִיוּת,0,0,0,0,0,0,0,0,0,0
שְׁנִיוּת,0,0,0,0,0,0,0,0,0,0
לִטפּוֹחַ,0,0,0,0,0,0,0,0,0,0
מפוקפק,0,0,0,1,0,1,0,0,0,1
ברווזון,0,0,0,0,0,0,0,0,0,0
בִּיב,0,0,0,0,0,0,0,0,0,0
רָקִיעַ,0,0,0,0,0,0,0,0,0,0
מִטַלטְלִין,0,0,0,0,0,0,0,0,0,0
בשל,0,0,0,0,0,0,0,0,0,0
דוּ קְרָב,1,1,0,1,0,0,0,0,0,0
דְמֵי חָבֵר,0,0,0,0,0,0,0,0,0,0
דוּאֵט,0,0,0,0,0,0,1,0,0,0
שׁוּחָה,0,0,0,0,0,0,0,0,0,0
דוּכָּס,0,0,0,0,0,0,1,0,0,0
משעמם,0,0,0,0,0,1,0,1,0,0
מְטוּמטָם,0,0,0,0,0,1,0,0,0,0
דֶמֶה,0,0,0,0,0,1,0,0,0,0
מזבלה,0,0,0,0,0,0,0,0,0,0
מזבלות,1,0,0,0,0,1,0,1,0,0
dun,0,0,0,0,0,1,0,0,0,0
חוֹלִית,0,0,0,0,0,0,0,0,0,0
זֶבֶל,0,0,1,0,0,0,0,0,0,0
צִינוֹק,0,0,0,1,0,1,0,0,0,0
זוג,0,0,0,0,0,0,0,0,0,0
פֶּתִי,1,0,0,0,0,1,0,0,0,0
דופלקס,0,0,0,0,0,0,0,0,0,0
לְשַׁכְפֵּל,0,0,0,0,0,0,0,0,0,0
שִׁכפוּל,0,0,0,0,0,0,0,0,0,0
צְבִיעוּת,1,0,0,0,0,1,0,0,0,0
עֲמִידוּת,0,0,0,0,0,0,1,0,0,1
עָמִיד,0,0,0,0,0,0,1,0,0,1
מֶשֶׁך,0,0,0,0,0,0,0,0,0,0
לַחַץ,1,0,1,1,0,1,0,1,0,0
אַפְלוּלִית,0,0,0,0,0,0,0,0,0,0
כֵּהֶה,0,0,0,0,0,0,0,0,0,0
אָבָק,0,0,0,0,0,1,0,0,0,0
מַטלִית,0,0,0,0,0,0,0,0,0,0
מְאוּבָּק,0,0,0,0,0,0,0,0,0,0
צַיְתָן,0,1,0,0,0,0,1,0,0,1
ננס,0,0,0,0,0,0,0,0,0,0
מתגמד,0,0,0,1,0,1,0,1,0,0
לגור,0,0,0,0,0,0,0,0,0,0
תוֹשָׁב,0,0,0,0,0,0,0,0,0,0
דִירָה,0,0,0,0,0,0,0,0,0,0
צֶבַע,0,0,0,0,0,0,0,0,0,0
גְסִיסָה,1,0,1,1,0,1,0,1,0,0
דָיֵק,0,0,0,0,0,0,0,0,0,0
דִינָמִי,0,0,0,0,0,0,0,0,1,0
דינמי,0,0,0,0,0,0,0,0,0,0
דִינָמִיקָה,0,0,0,0,0,0,0,0,0,0
דִינָמִיט,0,0,0,0,0,0,0,0,0,0
שׁוֹשֶׁלֶת,0,0,0,0,0,0,0,0,0,0
דִיזֶנטֶריָה,0,0,1,0,0,1,0,1,0,0
בעיות בעיכול,0,0,0,0,0,0,0,0,0,0
לָהוּט,0,1,0,0,1,0,1,0,1,1
לְהִיטוּת,0,1,0,0,1,0,1,0,0,1
נשר,0,0,0,0,0,0,0,0,0,1
אֹזֶן,0,0,0,0,0,0,0,0,0,0
רוזן,0,0,0,0,0,0,1,0,0,0
מוקדם יותר,0,0,0,0,0,0,0,0,0,0
מוקדם,0,0,0,0,0,0,0,0,0,0
להרוויח,0,0,0,0,0,0,1,0,0,0
רְצִינִי,0,0,0,0,0,0,1,0,0,0
ברצינות,0,0,0,0,0,0,1,0,0,0
רְצִינוּת,0,0,0,0,0,0,1,0,0,0
רווחים,0,0,0,0,0,0,0,0,0,0
עָגִיל,0,0,0,0,0,0,0,0,0,0
טְוָח שְׁמִיעָה,0,0,0,0,0,0,0,0,0,0
כדור הארץ,0,0,0,0,0,0,0,0,0,0
כְּלֵי חֶרֶס,0,0,0,0,0,0,0,0,0,0
אַרְצִי,0,0,0,0,0,0,0,0,0,0
רעידת אדמה,1,0,0,1,0,1,0,1,1,0
עֲפָרִי,0,0,0,0,0,0,0,0,0,0
קַלוּת,0,0,0,0,0,0,1,0,0,0
כן ציור,0,0,0,0,0,0,0,0,0,0
הֲקָלָה,0,0,0,0,0,0,1,0,0,0
בְּקַלוּת,0,0,0,0,0,0,0,0,0,0
קַל,0,0,0,0,0,0,0,0,0,0
"קליל, זורם",0,0,0,0,0,0,1,0,0,0
לאכול,0,0,0,0,0,0,1,0,0,0
אֲכִילָה,0,0,0,0,0,0,0,0,0,0
צִתוּת,0,0,0,0,0,1,0,0,0,0
שֵׁפֶל,0,0,0,0,0,0,0,0,0,0
הָבְנֶה,0,0,0,0,0,0,0,0,0,0
תמהוני,0,0,0,0,0,0,0,0,0,0
תִמהוֹנִיוּת,0,0,0,0,0,0,0,0,0,0
כנסייתי,0,0,0,0,0,0,0,0,0,0
הֵד,0,0,0,0,0,0,0,0,0,0
אֶקְלֶקְטִי,0,0,0,0,0,0,0,0,0,0
ליקוי חמה,0,0,0,0,0,0,0,0,0,0
אקליפטיקה,0,0,0,0,0,0,0,0,0,0
חסכוני,0,0,0,0,0,0,0,0,0,0
כלכלה,0,0,0,0,0,0,0,0,0,0
כַּלְכָּלָה,0,0,0,0,0,0,0,0,0,1
אֶקסְטָזָה,0,1,0,0,1,0,1,0,0,0
משולהב,0,1,0,0,1,0,1,0,1,0
אֶקוּמֵנִי,0,0,0,0,0,0,0,0,0,0
מְעַרבּוֹלֶת,0,0,0,0,0,0,0,0,0,0
קָצֶה,0,0,0,0,0,0,0,0,0,0
שולי,0,0,0,0,0,0,0,0,0,0
אָכִיל,0,0,0,0,0,0,0,0,0,0
צַו,0,0,0,1,0,1,0,0,0,0
הַבהָרָה,0,1,0,0,1,0,1,0,0,1
בִּניָן,0,0,0,0,0,0,0,0,0,0
לַעֲרוֹך,0,0,0,0,0,0,0,0,0,0
מַהֲדוּרָה,0,1,0,0,0,0,0,0,0,0
עוֹרֵך,0,0,0,0,0,0,0,0,0,0
מאמר מערכת,0,0,0,0,0,0,0,0,0,0
לְחַנֵך,0,0,0,0,0,0,1,0,0,0
מְחוּנָך,0,0,0,0,0,0,1,0,0,0
חינוך,0,0,0,0,0,0,0,0,0,0
חינוכית,0,0,0,0,0,0,1,0,0,1
צְלוֹפָּח,0,0,0,1,0,0,0,0,0,0
השפעה,0,0,0,0,0,0,0,0,0,0
יָעִיל,0,0,0,0,0,0,1,0,0,1
אפקטים,0,0,0,0,0,0,0,0,0,0
יָעִיל,0,0,0,0,0,0,0,0,0,0
בצורה יעילה,0,0,0,0,0,0,0,0,0,0
להפעיל,0,0,0,0,0,0,0,0,0,0
נָשִׁי,0,0,0,0,0,1,0,0,0,0
יָעִיל,0,0,0,0,0,0,0,0,0,0
יעילות,0,0,0,0,0,0,1,0,0,0
יְעִילוּת,0,0,0,0,0,0,1,0,0,0
יָעִיל,0,1,0,0,0,0,1,0,0,1
דְמוּת,1,0,0,0,0,0,0,0,0,0
מַאֲמָץ,0,0,0,0,0,0,1,0,0,0
הִשׁתַפְּכוּת,0,0,0,0,0,0,0,0,0,0
ביצה,0,0,0,0,0,0,0,0,0,0
אֶגוֹ,0,0,0,0,0,0,0,0,0,0
אגואיסטי,0,0,1,0,0,1,0,0,0,0
בּוֹלֵט,1,0,1,0,0,1,0,0,0,0
יְצִיאָה,0,0,0,0,0,0,0,0,0,0
שמונה,0,0,0,0,0,0,0,0,0,0
שמונים,0,0,0,0,0,0,0,0,0,0
לְהִתְפַּרֵץ,0,0,0,0,0,0,0,0,0,0
הַפלָטָה,0,1,0,0,1,0,1,0,1,1
לִפְלוֹט,0,0,0,0,0,1,0,0,0,0
פְּלִיטָה,0,0,0,0,0,1,0,0,0,0
לְפַרֵט,0,0,0,0,0,0,0,0,0,0
שִׁכלוּל,0,0,0,0,0,0,1,0,0,0
הִתלַהֲבוּת,0,0,0,0,0,0,0,0,0,0
לַחֲלוֹף,0,0,0,0,0,0,0,0,0,0
חלף,0,0,0,0,0,0,0,0,0,0
אֵלַסטִי,0,0,0,0,0,0,0,0,0,0
גְמִישׁוּת,0,0,0,0,0,0,0,0,0,0
מתמוגג,0,0,0,0,1,0,1,0,0,0
מַרְפֵּק,1,0,0,0,0,0,0,0,0,0
eld,0,0,0,0,0,0,0,0,0,0
זָקֵן,0,0,0,0,0,0,1,0,0,1
זקנים,0,0,0,0,0,0,1,0,0,1
בְּכוֹר,0,0,0,0,0,0,0,0,0,0
לבחור,0,0,0,0,0,0,1,0,0,1
בְּחִירָה,0,0,0,0,0,0,0,0,0,0
מַצבִּיעַ,0,0,0,0,0,0,0,0,0,0
ציבור הבוחרים,0,0,0,0,0,0,0,0,0,1
חשמלי,0,0,0,0,1,0,1,0,1,0
חַשְׁמַל,0,0,0,0,0,0,1,0,0,0
אֵלֶגַנטִיוּת,0,1,0,0,1,0,1,0,0,1
אֵלֶגַנטִי,0,0,0,0,1,0,1,0,0,0
אֵלֵמֶנט,0,0,0,0,0,0,0,0,0,0
יְסוֹדִי,0,0,0,0,0,0,0,0,0,0
אלמנטים,0,0,0,0,0,0,0,0,0,0
פיל,0,0,0,0,0,0,0,0,0,0
לְהַעֲלוֹת,0,0,0,0,0,0,0,0,0,0
גוֹבַה,0,1,0,1,1,0,1,0,0,1
מַעֲלִית,0,0,0,0,0,0,0,0,0,0
אחד עשר,0,0,0,0,0,0,0,0,0,0
אַחַד עָשָׂר,0,0,0,0,0,0,0,0,0,0
שֵׁדוֹן,1,0,1,1,0,0,0,0,0,0
לְהָפִיק,0,0,0,0,0,0,0,0,0,0
זכאי,0,0,0,0,0,0,1,0,0,0
חיסול,1,0,1,1,0,1,0,1,0,0
עִלִית,0,1,0,0,1,0,1,0,0,1
דִישׁוֹן,0,0,0,0,0,0,0,0,0,0
ell,0,0,0,0,0,0,0,0,0,0
אֶלִיפְּסָה,0,0,0,0,0,0,0,0,0,0
הַשׁמָטָה,0,0,0,0,0,0,0,0,0,0
אליפסואיד,0,0,0,0,0,0,0,0,0,0
אֶלִיפְּטִי,0,0,0,0,0,0,0,0,0,0
סְגַלגַל,0,0,0,0,0,0,0,0,0,0
לְהַאֲרִיך,0,0,0,0,0,0,0,0,0,0
הַאֲרָכָה,0,0,0,0,0,0,0,0,0,0
צַחוּת לָשׁוֹן,0,0,0,0,0,0,1,0,0,0
אָמַן הַדִבּוּר,0,0,0,0,0,0,1,0,0,0
לְהַבהִיר,0,0,0,0,0,0,1,0,0,1
הבהרה,0,0,0,0,0,0,0,0,0,0
לְהִתְחַמֵק,0,0,0,0,0,0,0,0,0,0
חֲמַקמַק,0,0,0,0,0,1,0,0,1,0
כחוש,0,0,0,1,0,1,0,1,0,0
לִנְבּוּעַ,0,0,0,0,0,0,0,0,0,0
שִׁחרוּר,0,1,0,0,1,0,1,0,0,0
סוֹלְלָה,0,0,0,0,0,0,0,0,0,0
אֶמבַּרְגוֹ,0,0,0,0,0,1,0,0,0,0
לַעֲלוֹת לְאֳנִיָה,0,0,0,0,0,0,0,0,0,0
לִהַבִיך,0,0,0,0,0,1,0,1,0,0
מֵבִיך,0,0,0,0,0,1,0,0,0,0
מְבוּכָה,0,0,0,1,0,1,0,1,1,0
שגרירות,0,0,0,0,0,0,0,0,0,0
לְשַׁבֵּץ,0,0,0,0,0,0,0,0,0,0
לְעַטֵר,0,0,0,0,0,0,0,0,0,0
הַשׁבָּחָה,0,0,0,0,0,0,0,0,0,0
גחלים,0,0,0,0,0,0,0,0,0,0
מְעִילָה,0,0,0,0,0,1,0,0,0,0
סֵמֶל,0,0,0,0,0,0,0,0,0,0
סִמלִי,0,0,0,0,0,0,0,0,0,0
הִתגַלְמוּת,0,0,0,0,0,0,0,0,0,0
תַסחִיף,0,0,0,1,0,1,0,1,0,0
מובלט,0,0,0,0,0,0,0,0,0,0
לְחַבֵּק,0,1,0,0,1,0,1,0,1,1
רקומים,0,0,0,0,0,0,0,0,0,0
רִקמָה,0,0,0,0,0,0,0,0,0,0
סָבוּך,0,0,0,0,0,1,0,0,0,0
עוּבָּר,0,0,0,0,0,0,0,0,0,0
עוּבָּרִי,0,0,0,0,0,0,0,0,0,0
בַּרֶקֶת,0,0,0,0,0,0,0,0,0,0
לָצֵאת,0,0,0,0,0,0,0,0,0,0
הִתהַוּוּת,0,0,0,0,0,0,0,0,0,0
חרום,0,0,0,1,0,1,0,1,1,0
אמריטוס,0,0,0,0,0,0,1,0,0,0
לְהַגֵר,0,0,0,0,0,0,0,0,0,0
הֲגִירָה,0,0,0,0,0,0,0,0,0,0
מעמד גבוה,0,0,0,0,0,0,1,0,0,1
דָגוּל,0,0,0,0,0,0,1,0,0,0
בהחלט,0,0,0,0,0,0,1,0,0,0
אָמִיר,0,0,0,0,0,0,1,0,0,0
פְּלִיטָה,0,0,0,0,0,0,0,0,0,0
לִפְלוֹט,0,0,0,0,0,0,0,0,0,0
רֶגֶשׁ,0,0,0,0,0,0,0,0,0,0
רִגשִׁי,0,0,0,0,0,0,0,0,0,0
רִגוּשִׁי,0,0,0,0,0,0,0,0,0,0
אֶמפַּתִיָה,0,0,0,0,0,0,1,0,0,0
קֵיסָר,0,0,0,0,0,0,0,0,0,0
דָגֵשׁ,0,0,0,0,0,0,0,0,0,0
להדגיש,0,0,0,0,0,0,0,0,0,1
תַקִיף,0,0,0,0,0,0,0,0,0,0
אימפריה,0,0,0,0,0,0,0,0,0,0
אֶמפִּירִי,0,0,0,0,0,0,0,0,0,0
אֶמפִּירִיצִיזְם,0,0,0,0,0,0,0,0,0,0
לְהַעֲסִיק,0,0,0,0,0,0,0,0,0,1
מעסיק,0,0,0,0,0,0,0,0,0,0
תעסוקה,0,0,0,0,0,0,0,0,0,0
אמפוריום,0,0,0,0,0,0,0,0,0,0
להעצים,0,0,0,0,0,0,1,0,0,0
קֵיסָרִית,0,0,0,0,0,0,0,0,0,0
רֵיקָנוּת,0,0,0,0,0,0,0,1,0,0
ריקון,0,0,0,0,0,0,0,0,0,0
ריק,0,0,0,0,0,0,0,0,0,0
לחקות,0,0,0,0,0,0,1,0,0,0
אֵמוּלְסִיָה,0,0,0,0,0,0,0,0,0,0
לְאַפשֵׁר,0,0,0,0,0,0,1,0,0,1
הפעלה,0,0,0,0,0,0,1,0,0,1
לְחוֹקֵק,0,0,0,0,0,0,0,0,0,0
חקיקה,0,0,0,0,0,0,0,0,0,0
אֵימָל,0,0,0,0,0,0,0,0,0,0
מַאֲהָל,0,0,0,0,0,0,0,0,0,0
לְהַקְסִים,0,1,0,0,1,0,1,0,1,0
קָסוּם,0,0,0,0,1,0,1,0,0,1
מַקסִים,0,1,0,0,1,0,1,0,0,0
קֶסֶם,0,0,0,0,0,0,0,0,0,0
לְכַתֵר,0,0,0,0,0,0,0,0,0,0
מקיף,0,0,0,0,0,0,0,0,0,0
מובלעת,0,0,0,0,0,1,0,0,0,0
לְצַרֵף,0,0,0,0,0,0,0,0,0,0
לְהַצְפִּין,0,0,0,0,0,0,0,0,0,0
לכלול,0,0,0,0,0,0,0,0,0,0
הַדרָן,0,0,0,0,0,0,1,0,0,0
פְּגִישָׁה,0,0,0,0,0,0,0,0,0,0
לְעוֹדֵד,0,0,0,0,1,0,1,0,0,1
עידוד,0,0,0,0,0,0,1,0,0,0
לְהַסִיג גְבוּל,0,0,0,0,0,0,0,0,0,0
הַסָגַת גְבוּל,0,0,0,1,0,1,0,0,0,0
להצפין,0,0,0,0,0,0,0,0,0,0
מַעֲמָסָה,1,0,0,1,0,1,0,1,0,0
אֶנצִיקלוֹפֶּדִיָה,0,0,0,0,0,0,1,0,0,1
סוֹף,0,0,0,0,0,0,0,0,0,0
לְסַכֵּן,0,1,0,1,0,1,0,0,0,0
בסכנת הכחדה,0,0,0,1,0,1,0,0,0,0
מַאֲמָץ,0,1,0,0,0,0,1,0,0,0
הסתיים,0,0,0,0,0,0,0,0,0,0
אֶנדֵמִי,0,0,1,1,0,1,0,1,0,0
סִיוּם,0,0,0,0,0,0,0,0,0,0
אינסופי,1,0,0,1,1,1,1,1,0,1
דַלֶקֶת פְּנִים הַלֵב,0,0,0,1,0,0,0,1,0,0
הֲסָבָה,0,0,0,0,0,0,0,0,0,0
לְהַעֲנִיק,0,0,0,0,0,0,1,0,0,1
ניחן,0,0,0,0,0,0,1,0,0,0
תרומה,0,0,0,0,0,0,1,0,0,1
ניירות קצה,0,0,0,0,0,0,0,0,0,0
נקודת קצה,0,0,0,0,0,0,0,0,0,0
סיבולת,0,0,0,0,0,0,1,0,0,0
לסבול,0,0,0,0,0,0,1,0,0,0
חוֹקֶן,0,0,1,0,0,0,0,0,0,0
אוֹיֵב,1,0,1,1,0,1,0,0,0,0
נִמרָץ,0,0,0,0,0,0,1,0,0,0
אֵנֶרְגִיָה,0,0,0,0,0,0,0,0,0,0
לֶאֱכוֹף,1,0,0,1,0,1,1,0,0,0
אַכִיפָה,0,0,0,0,0,1,0,0,0,0
לחתור למגע,0,0,0,0,0,0,0,0,0,0
מאורס,0,1,0,0,1,0,1,0,0,1
אירוסין,0,0,0,0,0,0,0,0,0,0
מרתק,0,0,0,0,1,0,1,0,0,1
לְהוֹלִיד,0,0,0,0,0,0,0,0,0,0
מנוע,0,0,0,0,0,0,0,0,0,0
מהנדס,0,0,0,0,0,0,0,0,0,0
הַנדָסָה,0,0,0,0,0,0,0,0,0,0
לַחֲרוֹט,0,0,0,0,0,0,0,0,0,0
חָרוּט,0,0,0,0,0,0,0,0,0,0
חָרָט,0,0,0,0,0,0,0,0,0,0
חֲרִיטָה,0,0,0,0,0,0,0,0,0,0
שקועה,0,0,0,0,0,0,0,0,0,0
סוחף,0,0,0,0,0,0,0,0,0,0
לִבלוֹעַ,0,1,0,0,0,0,0,0,0,0
להגביר,0,0,0,0,0,0,1,0,0,0
חידה,0,0,0,0,0,0,0,0,0,0
תָמוּהַ,0,0,0,1,0,1,0,0,0,0
לְחַיֵב,0,0,0,0,0,0,0,0,0,0
תהנה,0,1,0,0,1,0,1,0,0,1
נהנה,0,1,0,0,1,0,1,0,0,1
מוּגדָל,0,0,0,0,0,0,0,0,0,0
הַגדָלָה,0,0,0,0,0,0,0,0,0,0
לְהַאִיר,0,0,0,0,1,0,1,0,0,1
הֶאָרָה,0,0,0,0,1,0,1,0,0,1
להתגייס,0,0,0,0,0,0,0,0,0,0
לְהַחִיוֹת,0,0,0,0,1,0,1,0,1,1
אֵיבָה,1,0,0,1,0,1,0,1,0,0
ענקיות,0,0,0,0,0,0,0,0,0,0
עֲנָקִי,0,0,0,0,0,0,0,0,0,0
מְאוֹד מְאוֹד,0,0,0,0,0,0,0,0,0,0
להעשיר,0,0,0,0,0,0,1,0,0,0
לְהִרָשֵׁם,0,1,0,0,0,0,0,0,0,1
מִכלוֹל,0,0,0,0,0,0,1,0,0,1
נֵס,0,0,0,0,0,0,1,0,0,0
לְשַׁעֲבֵּד,0,0,0,0,0,1,0,0,0,0
מְשׁוּעֲבָּד,1,0,1,1,0,1,0,1,0,0
שִׁעבּוּד,0,0,0,0,0,1,0,0,0,0
להופיע,0,0,0,0,0,0,0,0,0,0
לְהַבטִיחַ,0,0,0,0,0,0,0,0,0,0
כרוך,0,0,0,0,0,0,0,0,0,0
סָבוּך,1,0,1,1,0,1,0,1,0,0
הִסתַבְּכוּת,0,0,0,0,0,1,0,0,0,0
להיכנס,0,0,0,0,0,0,0,0,0,0
מִפְעָל,0,0,0,0,0,0,0,0,0,0
יוזמה,0,0,0,0,0,0,1,0,0,0
לְבַדֵר,0,0,0,0,1,0,1,0,0,0
מְבוּדָר,0,0,0,0,1,0,1,0,0,0
מְשַׁעַשֵׁעַ,0,1,0,0,1,0,1,0,0,0
בידור,0,1,0,0,1,0,1,0,1,1
הִתלַהֲבוּת,0,1,0,0,1,0,1,0,1,0
נִלהָב,0,1,0,0,1,0,1,0,1,0
לפתות,0,0,0,0,0,0,0,0,0,0
שלם,0,0,0,0,0,0,0,0,0,0
שְׁלֵמוּת,0,0,0,0,0,0,0,0,0,0
לְזַכּוֹת,0,0,0,0,0,0,0,0,0,0
יֵשׁוּת,0,0,0,0,0,0,0,0,0,0
אֶנטוֹמוֹלוֹגִיָה,0,0,0,0,0,0,0,0,0,0
קְרָבַיִם,0,0,1,0,0,1,0,0,0,0
כְּנִיסָה,0,0,0,0,0,0,0,0,0,0
לְהַפְצִיר,0,0,0,0,0,0,0,0,0,0
זְכוּת כְּנִיסָה,0,0,0,0,0,0,0,0,0,0
יזם,0,0,0,0,0,0,0,0,0,0
לְהַפְקִיד,0,0,0,0,0,0,0,0,0,1
כְּנִיסָה,0,0,0,0,0,0,0,0,0,0
לִמְנוֹת,0,0,0,0,0,0,0,0,0,0
ספירה,0,0,0,0,0,0,0,0,0,0
מַעֲטָפָה,0,0,0,0,0,0,0,0,0,0
מְקַנֵא,0,0,0,0,0,1,0,0,0,0
הסביבה,0,0,0,0,0,0,1,0,0,0
סביבה,0,0,0,0,0,0,0,0,0,0
פַּרוָרִים,0,0,0,0,0,0,0,0,0,0
לַחֲזוֹת,0,0,0,0,0,0,0,0,0,0
שַׁגְרִיר,0,0,0,0,0,0,0,0,0,0
חֲלוֹף,0,0,0,0,0,0,0,0,0,0
אפאמריס,0,0,0,0,0,0,1,0,0,0
אפוס,0,0,0,0,0,0,1,0,0,0
מגפה,1,1,1,1,0,1,0,1,1,0
עִלִית הָעוֹר,0,0,0,0,0,0,0,0,0,0
אֶפִּילֶפּסִיָה,0,0,0,0,0,1,0,0,0,0
אֶפִּילוֹג,0,0,0,0,0,0,0,0,0,0
הֶגמוֹנִי,0,0,0,0,0,0,0,0,0,1
פרק,0,0,0,0,0,0,0,0,0,0
אֶפִּיזוֹדִי,0,0,0,0,0,0,0,0,0,0
אִגֶרֶת,0,0,0,0,0,0,0,0,0,0
כתובה,0,0,0,0,0,0,0,1,0,0
תוֹאַר,0,0,0,0,0,0,0,0,0,0
תַמצִית,0,0,0,0,0,0,1,0,0,0
תְקוּפָה,0,0,0,0,0,0,0,0,0,0
שווה,0,0,0,0,0,0,0,0,0,0
שוויון,0,0,0,0,1,0,1,0,0,1
שוויון,0,0,0,0,0,0,0,0,0,0
לְהַשְׁווֹת,0,0,0,0,0,0,0,0,0,0
באופן שווה,0,0,0,0,0,0,1,0,0,0
להשוות,0,0,0,0,0,0,0,0,0,0
משוואה,0,0,0,0,0,0,0,0,0,0
אֶקְוָטוֹר,0,0,0,0,0,0,0,0,0,0
מַשׁוָנִי,0,0,0,0,0,0,0,0,0,0
פָּרָשִׁי,0,0,0,0,0,0,0,0,0,0
במרחק שווה,0,0,0,0,0,0,0,0,0,0
שיווי משקל,0,0,0,0,0,0,0,0,0,0
שִׁוּוּי מִשׁקָל,0,0,0,0,0,0,1,0,0,0
לצייד,0,0,0,0,0,0,0,0,0,0
צִיוּד,0,0,0,0,0,0,0,0,0,0
הוֹגֶן,0,0,0,0,0,0,0,0,0,0
הון עצמי,0,0,0,0,0,0,1,0,0,0
שְׁקִילוּת,0,0,0,0,0,0,0,0,0,0
שווה ערך,0,0,0,0,0,0,0,0,0,0
דוּ מַשְׁמָעִי,0,0,0,0,0,0,0,0,0,0
תְקוּפָה,0,0,0,0,0,0,0,0,0,0
לְבַעֵר,1,0,0,0,0,1,0,0,0,0
עֲקִירָה,1,0,1,1,0,1,0,0,0,0
לִמְחוֹק,0,0,0,1,0,1,0,0,0,0
מְחִיקָה,0,0,0,0,0,0,0,0,0,0
הנה,0,0,0,0,0,0,0,0,0,0
זקוף,0,0,0,0,0,0,0,0,0,0
זִקפָּה,0,0,0,0,0,0,0,0,0,0
ארגו,0,0,0,0,0,0,0,0,0,0
לשחוק,0,0,0,0,0,0,0,0,0,0
שְׁחִיקָה,0,0,0,0,0,1,0,0,0,0
אֵרוֹטִי,0,1,0,0,1,1,1,0,1,1
לִטְעוֹת,0,0,0,0,0,1,0,0,0,0
שְׁלִיחוּת,0,1,0,0,0,0,1,0,0,1
תוֹעֶה,0,0,0,0,0,1,0,0,0,0
בִּלתִי יָצִיב,0,0,0,0,0,1,0,0,1,0
שגיאה,0,0,0,0,0,1,0,0,0,0
שָׁגוּי,0,0,0,0,0,1,0,0,0,0
שְׁגִיאָה,0,0,0,0,0,1,0,1,0,0
קודם,0,0,0,0,0,0,0,0,0,0
מְלוּמָד,0,0,0,0,0,0,1,0,0,0
לְהִתְפַּרֵץ,1,0,0,0,0,1,0,0,1,0
הִתפָּרְצוּת,1,0,0,1,0,1,0,0,1,0
הסלמה,0,0,0,0,0,0,0,0,0,0
לְהַסלִים,1,0,0,0,0,1,0,0,0,0
דְרַגנוֹעַ,0,0,0,0,0,0,0,0,0,0
בריחה,0,1,0,1,0,1,1,0,0,0
נמלט,0,0,0,1,0,0,0,0,0,0
מַתלוּל,0,0,0,0,0,0,0,0,0,0
לְהִמָנַע,1,0,0,0,0,1,0,1,0,0
לְלַווֹת,0,0,0,0,0,0,0,0,0,1
אֵזוֹטֶרִי,0,0,0,0,0,0,0,0,0,0
מְיוּחָד,0,0,0,0,0,0,0,0,0,0
בִּיוּן,0,0,0,0,0,1,0,0,0,0
לְאַמֵץ,0,0,0,0,0,0,0,0,0,0
אספריט,0,0,0,0,0,0,1,0,0,0
מַסָה,0,0,0,0,0,0,0,0,0,0
מַסַאִי,0,0,0,0,0,0,0,0,0,0
מַהוּת,0,0,0,0,0,0,0,0,0,0
חִיוּנִי,0,0,0,0,0,0,1,0,0,0
בעצם,0,0,0,0,0,0,0,0,0,0
לְהַקִים,0,0,0,0,0,0,0,0,0,1
מְבוּסָס,0,0,0,0,1,0,1,0,0,0
מוֹסָד,0,0,0,0,0,0,0,0,0,0
נכס,0,0,0,0,0,0,0,0,0,0
הַעֲרָכָה,0,0,0,0,1,0,1,1,0,1
אסתטי,0,0,0,0,0,0,1,0,0,0
לְהַעֲרִיך,0,0,0,0,0,0,0,0,0,0
אוּמדָן,0,0,0,0,0,0,0,0,0,0
הֶשׁתֵק,0,0,0,0,0,0,0,0,0,0
מנוכר,0,0,0,0,0,1,0,0,0,0
אסטרוגן,0,0,0,0,0,0,0,0,0,0
שֶׁפֶך,0,0,0,0,0,0,0,0,0,0
לַחֲרוֹט,0,0,0,0,0,0,0,0,0,0
תַחרִיט,0,0,0,0,0,0,0,0,0,0
נִצחִי,0,0,0,0,0,0,0,0,0,0
נֵצַח,0,0,0,0,0,0,0,0,0,0
אתנול,0,0,0,0,0,0,0,0,0,0
אֶתֶר,0,0,0,0,0,0,0,0,0,0
שְׁמֵימִי,0,0,0,1,0,0,0,0,0,0
אֶתִי,0,0,0,0,0,0,1,0,0,0
אֶתִיקָה,0,0,0,0,0,0,1,0,0,0
אֶתנוֹגרַפִיָה,0,0,0,0,0,0,0,0,0,0
אֶטִיוֹלוֹגִיָה,0,0,0,0,0,0,0,0,0,0
כְּלָלֵי הִתְנַהֲגוּת,0,0,0,0,0,0,0,0,0,0
אֶטִימוֹלוֹגִיָה,0,0,0,0,0,0,0,0,0,0
euchre,0,0,0,0,0,0,0,0,0,0
אֶבגֵנִיקָה,0,0,0,0,0,0,0,0,0,0
הֶספֵּד,0,0,0,0,0,0,0,0,0,0
לָשׁוֹן נְקִיָה,0,0,0,0,0,0,0,0,0,0
המתת חסד,0,0,0,1,0,1,0,1,0,0
פינוי,0,0,0,1,0,1,0,0,0,0
פינוי,0,0,0,0,0,1,0,0,0,0
לְהִתְחַמֵק,1,0,1,1,0,1,0,0,0,0
להעריך,0,0,0,0,0,0,0,0,0,0
התעלמות,0,0,0,0,0,0,0,1,1,0
אֶוַנְגֶלִי,0,0,0,0,0,0,0,0,0,0
מַטִיף,0,0,0,0,0,0,0,0,0,0
אוונגליסטית,0,0,0,0,0,0,0,0,0,0
אידוי,0,0,0,0,0,0,0,0,0,0
הִתחַמְקוּת,0,0,0,1,0,1,0,1,0,0
עֶרֶב,0,0,0,0,0,0,0,0,0,0
עֶרֶב,0,0,0,0,0,0,0,0,0,0
מִקרֶה,0,0,0,0,0,0,0,0,0,0
עתיר אירועים,0,0,0,0,0,0,0,0,0,0
בסופו של דבר,0,1,0,0,0,0,0,0,0,0
אירוע,0,1,0,1,0,0,0,0,0,0
יָרוֹק עַד,0,0,0,0,1,0,1,0,0,1
נִצחִי,0,0,0,0,0,0,1,0,0,0
לָנֶצַח,0,0,0,0,0,0,0,0,0,0
כל יום,0,0,0,0,0,0,0,0,0,0
לְפַנוֹת,0,0,0,0,0,1,0,1,0,0
פינוי,1,0,1,1,0,1,0,1,0,0
עֵדוּת,0,0,0,0,0,0,0,0,0,0
בָּרוּר,0,0,0,0,0,0,1,0,0,1
רשע,1,0,1,1,0,1,0,1,0,0
לְהַעֲלוֹת זִכרוֹנוֹת,0,0,0,0,0,0,0,0,0,0
אבולוציה,0,0,0,0,0,0,1,0,0,0
לְהִתְפַּתֵחַ,0,0,0,0,0,0,0,0,0,0
כִּבשָׂה,0,0,0,0,0,0,0,0,0,0
לְהַחרִיף,0,0,0,0,0,1,0,0,0,0
הַחרָפָה,1,0,0,1,0,1,0,0,0,0
מַחמִיר,0,0,0,0,0,1,0,0,0,0
לְהַגזִים,1,0,0,0,0,1,0,0,0,0
מוּגזָם,0,0,0,0,0,1,0,0,0,0
הגזמה,0,0,0,0,0,0,0,0,0,0
לְרוֹמֵם,0,1,0,0,1,0,1,0,0,1
התרוממות רוח,0,0,0,0,1,0,1,0,0,1
נַעֲלֶה,0,0,0,0,1,0,1,0,0,1
מבחן,0,0,0,0,0,0,0,0,0,0
בְּדִיקָה,0,0,0,1,0,1,0,0,1,0
לִבחוֹן,0,0,0,0,0,0,0,0,0,0
בּוֹחֵן,0,0,0,0,0,0,0,0,0,0
רוֹגֶז,1,0,1,0,0,1,0,0,0,0
לַחפּוֹר,0,0,0,0,0,0,0,0,0,0
חֲפִירָה,0,1,0,0,0,1,0,0,1,0
מַחְפֵּר,0,0,0,0,0,0,0,0,0,0
עולה על,0,1,0,0,1,0,1,0,0,0
חורגים,0,0,0,0,0,0,0,0,0,0
לְהִצטַיֵן,0,1,0,0,1,0,1,0,1,1
מצוינות,0,0,1,0,1,0,1,0,0,1
מְעוּלֶה,0,0,0,0,1,0,1,0,0,1
למעט,0,0,0,0,0,0,0,0,0,0
יוצא מן הכלל,0,0,0,0,0,0,0,0,0,0
קטע,0,0,0,0,0,0,0,0,0,0
עודף,0,0,0,0,0,1,0,0,0,0
מוּפרָז,0,0,0,0,0,0,0,0,0,0
בצורה מוגזמת,0,0,0,0,0,0,0,0,0,0
לְהַחלִיף,0,0,0,0,0,0,1,0,0,1
בְּלוֹ,0,0,0,0,0,1,0,0,0,0
כְּרִיתָה,0,0,0,0,0,0,0,0,0,0
רְגִישׁוּת,0,0,0,0,0,0,0,0,0,0
רָגִישׁ,0,0,0,0,0,0,1,0,0,0
עִירוּר,1,1,0,1,1,0,1,0,1,0
לְרַגֵשׁ,1,1,0,1,1,0,1,0,1,0
נִרגָשׁ,0,1,0,0,1,0,1,0,1,1
התרגשות,0,1,0,0,1,0,1,0,1,0
מְרַגֵשׁ,0,1,0,0,1,0,1,0,1,0
לזעוק,0,0,0,0,0,0,0,0,1,0
לא נכלל,0,0,1,0,0,1,0,1,0,0
לְמַעֵט,0,0,0,0,0,1,0,1,0,0
הוֹצָאָה מִן הַכְלַל,0,0,1,1,0,1,0,1,0,0
צוֹאָה,0,0,1,0,0,1,0,0,0,0
הַפרָשָׁה,0,0,1,0,0,0,0,0,0,0
מייסר,0,0,0,1,0,1,0,0,0,0
טיול,0,0,0,0,0,0,0,0,0,0
סְלִיחָה,0,0,0,0,0,1,0,0,0,0
לבצע,0,0,0,0,0,0,0,0,0,0
ביצוע,1,0,0,1,0,1,0,1,0,1
תליין,1,0,0,1,0,1,0,1,0,0
מְנַהֵל,0,0,0,0,0,0,0,0,0,0
מוציא להורג,0,0,0,0,0,0,0,0,0,1
פֵּרוּשׁ,0,0,0,0,0,0,0,0,0,0
מוֹפֵת,0,0,0,0,0,0,0,0,0,0
מוֹפְתִי,0,0,0,0,0,0,1,0,0,0
לְהַדגִים,0,0,0,0,0,0,0,0,0,0
לִפְטוֹר,0,0,0,0,0,0,0,0,0,0
פְּטוֹר,0,0,0,0,0,0,1,0,0,0
תרגיל,0,0,0,0,0,0,0,0,0,0
לְהַפְעִיל,0,0,0,0,0,0,0,0,0,0
מַאֲמָץ,0,0,0,0,0,0,0,0,0,0
לִנְשׁוֹף,0,0,0,0,0,0,0,0,0,0
פְּלִיטָה,0,0,0,0,0,1,0,0,0,0
תָשׁוּשׁ,0,0,0,0,0,1,0,1,0,0
תְשִׁישׁוּת,0,1,0,0,0,1,0,1,0,0
ממצה,0,0,0,0,0,0,0,0,0,1
לְהַצִיג,0,0,0,0,0,0,0,0,0,0
תערוכה,0,0,0,0,0,0,0,0,0,0
שִׂמְחָה,0,0,0,0,1,0,1,0,1,0
לְהַטִיף,0,0,0,0,0,0,1,0,0,0
תוֹכֵחָה,0,0,0,0,0,0,1,0,0,0
תוֹבְעָנִי,0,1,1,1,0,1,0,0,1,0
גלות,1,0,0,1,0,1,0,1,0,0
קיימים,0,0,0,0,0,0,0,0,0,0
קִיוּם,0,0,0,0,0,0,1,0,0,0
קיים,0,0,0,0,0,0,0,0,0,0
קיים,0,0,0,0,0,0,0,0,0,0
יְצִיאָה,0,0,0,0,0,0,0,0,0,0
סֵפֶר שֵׁמוֹת,0,0,0,0,0,0,0,0,0,0
מוּפקָע,0,0,0,0,0,0,0,0,0,0
גירוש שדים,0,0,0,1,0,1,0,1,0,0
מְגַרֵשׁ שֵׁדִים,0,0,0,0,0,0,0,0,0,0
אקזוטי,0,0,0,0,0,0,1,0,0,0
לְהַרְחִיב,0,0,0,0,0,0,0,0,0,0
מוּרחָב,0,0,0,0,0,0,0,0,0,0
מֶרחָב,0,0,0,0,0,0,0,0,0,0
הַרחָבָה,0,0,0,0,0,0,0,0,0,0
נרחב,0,0,0,0,0,0,0,0,0,0
גוֹלֶה,0,0,0,0,0,1,0,0,0,0
לְצַפּוֹת,0,1,0,0,0,0,1,0,1,1
ציפייה,0,1,0,0,0,0,0,0,0,0
בְּהֵרָיוֹן,0,1,0,0,0,0,0,0,0,0
תוֹחֶלֶת,0,1,0,0,0,0,1,0,0,0
צָפוּי,0,1,0,0,0,0,0,0,0,0
מצפה,0,1,0,0,0,0,0,0,0,0
תוֹעַלתִיוּת,0,0,0,0,0,0,0,0,0,0
אֶמְצָעִי,0,0,0,0,1,0,1,0,0,1
לְזַרֵז,0,0,0,0,0,0,0,0,0,0
מִשׁלַחַת,0,1,0,0,0,0,1,0,0,0
זריז,0,0,0,0,0,0,0,0,0,0
לְגַרֵשׁ,1,0,1,1,0,1,0,1,0,0
הוצאה,0,0,0,0,0,1,0,0,0,0
הוֹצָאָה,0,0,0,0,0,0,0,0,0,0
הוצאות,0,0,0,0,0,1,0,0,0,0
יָקָר,0,0,0,0,0,0,0,0,0,0
ניסיון,0,0,0,0,0,0,0,0,0,0
מְנוּסֶה,0,0,0,0,0,0,1,0,0,1
חוויות,0,0,0,0,0,0,0,0,0,0
לְנַסוֹת,0,1,0,0,0,0,0,0,1,0
נִסיוֹנִי,0,0,0,0,0,0,0,0,0,0
נסיין,0,0,0,0,0,0,0,0,0,0
מוּמחֶה,0,0,0,0,0,0,1,0,0,1
מומחיות,0,0,0,0,0,0,1,0,0,1
תפוגה,0,0,0,0,0,0,0,0,0,0
לָפוּג,0,0,0,0,0,1,0,1,0,0
לא בתוקף,0,0,0,0,0,1,0,0,0,0
תְפוּגָה,0,0,0,0,0,0,0,0,0,0
להסביר,0,0,0,0,0,0,1,0,0,1
הֶסבֵּר,0,0,0,0,0,0,0,0,0,0
מַסבִּיר,0,0,0,0,0,0,0,0,0,0
נפרץ,1,0,0,0,0,1,0,0,0,0
הֶסבֵּר,0,0,0,0,0,0,0,0,0,0
לְהִתְפּוֹצֵץ,1,0,0,1,0,1,0,1,1,0
לְנַצֵל,0,0,0,0,0,0,0,0,0,0
לַחקוֹר,0,1,0,0,0,0,0,0,0,0
מגלה ארצות,0,0,0,0,0,0,0,0,0,0
הִתְפּוֹצְצוּת,0,0,0,1,0,1,0,0,1,0
חומר נפץ,1,1,0,1,0,1,0,0,1,0
מַעֲרִיך,0,0,0,0,0,0,0,0,0,0
אקספוננציאלי,0,0,0,0,0,0,0,0,0,0
יְצוּא,0,0,0,0,0,0,0,0,0,0
ייצוא,0,0,0,0,0,0,0,0,0,0
לַחשׂוֹף,0,1,0,1,0,0,0,0,0,0
חָשׂוּף,0,0,0,0,0,1,0,0,0,0
תַעֲרוּכָה,0,0,0,0,0,0,0,0,0,0
מַסבִּיר,0,0,0,0,0,0,0,0,0,0
חשיפה,0,0,0,0,0,0,0,0,0,0
לְבָאֵר,0,0,0,0,0,0,0,0,0,0
אֶקְסְפּרֶס,0,0,0,0,0,0,0,0,0,0
ביטוי,0,0,0,0,0,0,0,0,0,0
אֶקְסְפּרֶסִיבִי,0,0,0,0,0,0,0,0,0,0
הַפקָעָה,0,0,0,0,0,1,0,0,0,0
גֵרוּשׁ,1,0,1,1,0,1,0,1,0,0
מְעוּדָן,0,0,0,0,1,0,1,0,0,0
להפליא,0,0,0,0,0,0,1,0,0,0
קַיָם,0,0,0,0,0,0,0,0,0,0
לְהַאֲרִיך,0,0,0,0,0,0,1,0,0,0
ניתן להארכה,0,0,0,0,0,0,0,0,0,0
מורחב,0,0,0,0,0,0,0,0,0,0
סיומת,0,0,0,0,0,0,0,0,0,0
נִרחָב,0,0,0,0,0,0,1,0,0,0
היקף,0,0,0,0,0,0,0,0,0,0
חִיצוֹנִי,0,0,0,0,0,0,0,0,0,0
לְהַשְׁמִיד,0,0,0,1,0,1,0,1,0,0
הַשׁמָדָה,1,0,0,1,0,1,0,0,0,0
חיצוני,0,0,0,0,0,0,0,0,0,0
מבחינה חיצונית,0,0,0,0,0,0,0,0,0,0
נִכחָד,0,0,0,0,0,1,0,1,0,0
לְכַבּוֹת,1,0,0,0,0,1,0,0,0,0
תוֹסֶפֶת,0,0,0,0,0,0,1,0,0,0
לחלץ,0,0,0,0,0,0,0,0,0,0
חילוץ,0,0,0,0,0,0,0,0,0,0
הוֹצָאָה,0,0,0,0,0,0,0,0,0,0
חוֹלֵץ,0,0,0,0,0,0,0,0,0,0
הַסגָרָה,0,0,0,0,0,0,0,0,0,0
ללא משפט,0,0,0,1,0,1,0,0,0,0
חיצוני,0,0,0,0,0,0,0,0,0,0
חִיצוֹנִי,0,0,0,0,0,0,0,0,0,0
יוצא דופן,0,0,0,0,0,0,1,0,0,0
אקסטרווגנזה,0,0,0,0,0,0,0,0,0,0
קיצוני,0,0,0,0,0,0,0,0,0,0
מְאוֹד,0,0,0,0,0,0,0,0,0,0
קָצֶה,0,0,0,0,0,1,0,0,0,0
לְחַלֵץ,0,1,0,0,0,0,1,0,0,0
חִיצוֹנִי,0,0,0,0,0,0,0,0,0,0
שִׁחוּל,0,0,0,0,0,0,0,0,0,0
שֶׁפַע,0,0,0,0,1,0,1,0,0,0
לְהַפְרִישׁ,0,0,0,0,0,0,0,0,0,0
עַיִן,0,0,0,0,0,0,0,0,0,0
משקפיים,0,0,0,0,0,0,0,0,0,0
חָרִיר,0,0,0,0,0,0,0,0,0,0
עינית,0,0,0,0,0,0,0,0,0,0
רְאִיָה,0,0,0,0,0,0,0,0,0,0
עֵד רְאָיָה,0,0,0,0,0,0,0,0,0,1
מָשָׁל,0,0,0,0,0,0,0,0,0,0
בד,0,0,0,0,0,0,0,0,0,0
לְפַבְּרֵק,0,0,0,0,0,1,0,0,0,0
מזויף,0,0,0,0,0,0,0,0,0,0
זִיוּף,0,0,0,0,0,1,0,0,0,1
מראית עין,0,0,0,0,0,0,0,0,0,0
פָּנִים,0,0,0,0,0,0,0,0,0,0
פָּן,0,0,0,0,0,0,0,0,0,0
קלה,0,0,0,0,0,0,0,0,0,0
לסייע,0,0,0,0,0,0,1,0,0,0
מִתקָן,0,0,0,0,0,0,0,0,0,0
מוּל,0,0,0,0,0,0,0,0,0,0
פָקסִימִילִיָה,0,0,0,0,0,0,0,0,0,0
עוּבדָה,0,0,0,0,0,0,0,0,0,1
סִיעָה,0,0,0,0,0,0,0,0,0,0
גורם,0,0,0,0,0,0,0,0,0,0
מפעל,0,0,0,0,0,0,0,0,0,0
עובדות,0,0,0,0,0,0,1,0,0,1
פקולטות,0,0,0,0,0,0,0,0,0,0
סגל,0,0,0,0,0,0,1,0,0,1
תַחבִּיב,0,0,0,0,0,0,0,0,0,0
לִדעוֹך,0,0,0,0,0,1,0,0,0,0
דהה,0,0,0,0,0,0,0,0,0,0
צוֹאָה,0,0,1,0,0,1,0,0,0,0
כושל,1,1,0,1,0,1,0,1,0,0
כישלון,0,0,1,1,0,1,0,1,0,0
חלש,0,1,0,0,1,0,1,0,0,1
הִתעַלְפוּת,0,0,0,1,0,1,0,1,1,0
יריד,0,0,0,0,0,0,1,0,0,0
לְמַדַי,0,0,0,0,0,0,1,0,0,1
מַעֲבָר פָּתוּחַ,0,0,0,0,0,0,0,0,0,0
פיות,0,0,0,0,0,0,0,0,0,0
אֱמוּנָה,0,1,0,0,1,0,1,0,0,1
נאמן,0,0,0,0,0,0,1,0,0,1
חסרי אמונה,0,0,0,0,0,1,0,1,0,0
מְזוּיָף,0,0,0,0,0,1,0,0,0,0
נפילה,0,0,0,0,0,1,0,1,0,0
מוּטעֶה,1,0,0,0,0,1,0,0,0,0
כשל,0,0,0,0,0,1,0,0,0,0
עָלוּל לִטעוֹת,0,0,0,0,0,1,0,0,0,0
נופל,0,0,0,0,0,1,0,1,0,0
מוּבָר,0,0,0,0,0,1,0,0,0,0
שֶׁקֶר,1,0,0,0,0,1,0,0,0,1
באופן שקרי,0,0,0,0,0,1,0,0,0,0
זִיוּף,1,0,0,0,0,1,0,0,0,0
מזויף,0,0,0,0,0,0,0,0,0,0
לְסַלֵף,0,0,1,0,0,1,0,0,0,0
זִיוּף,0,0,1,0,0,1,0,0,0,0
לְהַסֵס,0,0,0,1,0,1,0,0,0,0
פִּרסוּם,0,0,0,0,0,0,1,0,0,0
מְפוּרסָם,0,0,0,0,0,0,0,0,0,0
מוּכָּר,0,0,0,0,0,0,1,0,0,1
בְּקִיאוּת,0,1,0,0,1,0,1,0,0,1
להכיר,0,0,0,0,0,0,0,0,0,0
רָעָב,0,0,0,0,0,1,0,1,0,0
מפורסם,0,0,0,0,0,0,1,0,0,0
מפורסם,0,0,0,0,0,0,1,0,0,0
אוהד,0,0,0,0,0,0,0,0,0,0
קַנַאִי,0,0,0,0,0,1,0,0,0,0
קַנָאוּת,0,0,0,1,0,0,0,0,0,0
דִמיוֹנִי,0,0,0,0,0,0,0,0,0,0
לְחַבֵּב,0,1,0,0,1,0,1,0,0,0
פנדנגו,0,0,0,0,0,0,0,0,0,0
תְרוּעַת חֲצוֹורוֹת,0,1,0,0,1,0,1,0,1,0
נִיב,0,0,0,1,0,0,0,0,0,0
ניבים,0,0,0,1,0,0,0,0,0,0
מניפה,0,0,0,0,0,0,0,0,0,0
פַנטָסִיָה,0,0,0,0,0,0,0,0,0,0
פנטזיה,0,0,0,0,0,0,0,0,0,0
מציאות מגוחכת במיוחד,0,0,0,0,0,1,0,0,0,0
מְגוּחָך,0,0,1,0,0,1,0,0,0,0
דמי נסיעה,0,0,0,0,0,0,0,0,0,0
פְּרִידָה,0,0,0,0,0,0,0,0,0,0
חווה חקלאית,0,1,0,0,0,0,0,0,0,0
חַקלאַי,0,0,0,0,0,0,0,0,0,0
בית חווה,0,0,0,0,0,0,0,0,0,0
חַקלָאוּת,0,0,0,0,0,0,0,0,0,0
פארו,0,0,0,0,0,0,0,0,0,0
רחוק יותר,0,0,0,0,0,0,0,0,0,0
fascia,0,0,0,0,0,0,0,0,0,0
מַקסִים,0,0,0,0,0,0,1,0,0,0
קֶסֶם,0,0,0,0,0,0,1,0,0,0
אופנה,0,0,0,0,0,0,0,0,0,0
אופנתי,0,0,0,0,0,0,1,0,0,0
לְהַדֵק,0,0,0,0,0,0,0,0,0,0
אֶטֶב,0,0,0,0,0,0,0,0,0,0
מַהְדֵק,0,0,0,0,0,0,0,0,0,0
תַעֲנִית,0,0,0,0,0,1,0,1,0,0
שמן,0,0,1,0,0,1,0,1,0,0
קָטלָנִי,1,0,0,1,0,1,0,1,0,0
מִקרֶה מָוֶת,0,0,0,1,0,1,0,1,0,0
גוֹרָל,0,1,0,0,0,1,0,0,0,0
נֶחְרַץ,0,0,0,0,0,0,0,0,0,0
אַבָּא,0,0,0,0,0,0,0,0,0,1
לַחדוֹר לְעוֹמֶק,0,0,0,0,0,0,0,0,0,0
עייפות,0,0,0,0,0,1,0,0,0,0
עָיֵף,0,0,0,0,0,1,0,1,0,0
שמן,0,0,1,0,0,1,0,1,0,0
אשמה,0,0,0,0,0,1,0,1,0,0
לְלֹא פְּגָם,0,0,0,0,0,0,1,0,0,1
פָּגוּם,0,0,0,0,0,1,0,0,0,0
עוֹלַם הָחַי,0,0,0,0,0,0,0,0,0,0
טוֹבָה,0,0,0,0,0,0,0,0,0,0
מועדף,0,1,0,0,1,0,1,0,1,1
אהוב,0,0,0,0,1,0,1,0,0,1
מַשׂוֹא פָּנִים,0,0,0,0,0,0,1,0,0,0
עופר,0,0,0,0,0,1,0,0,0,0
פַּחַד,1,0,0,1,0,1,0,0,0,0
חוֹשֵׁשׁ,0,0,0,1,0,1,0,1,0,0
בַּחֲשָׁשׁ,0,0,0,1,0,1,0,1,1,0
מפחד,0,0,0,1,0,1,0,0,0,0
חסר פחד,0,0,0,1,0,0,1,0,0,0
סְבִירוּת,0,0,0,0,0,0,0,0,0,0
אפשרי,0,0,0,0,0,0,0,0,0,0
מַעֲלָל,0,1,0,0,1,0,1,0,1,0
נוֹצָה,0,0,0,0,0,0,0,0,0,0
תכונה,0,0,0,0,0,0,1,0,0,0
תכונות,0,0,0,0,0,0,0,0,0,0
קַדַחתָנִי,0,0,0,0,0,1,0,0,0,0
צואה,0,0,1,0,0,1,0,0,0,0
צוֹאָה,0,0,1,0,0,1,0,0,0,0
פּוֹרִיוּת,0,0,0,0,0,0,0,0,0,0
פדרלי,0,0,0,0,0,0,0,0,0,0
פֵדֵרַצִיָה,0,0,0,0,0,0,0,0,0,0
תַשְׁלוּם,1,0,0,0,0,1,0,0,0,0
חָלוּשׁ,0,0,0,0,0,1,0,1,0,0
הזנה,0,0,0,0,0,0,0,0,0,0
מֵזִין,0,0,0,0,0,0,0,0,0,0
להרגיש,0,0,0,0,0,0,0,0,0,0
מַרגִישׁ,1,1,1,1,1,1,1,1,1,1
רגליים,0,0,0,0,0,0,0,0,0,0
מְדוּמֶה,0,0,0,0,0,1,0,0,0,0
שמחה,0,0,0,0,1,0,1,0,0,0
חֲתוּלִי,0,0,0,0,0,0,0,0,0,0
נפל,0,0,0,0,0,1,0,1,0,0
עָמִית,0,0,0,0,0,0,1,0,0,1
מַעֲנָק,0,0,0,0,0,0,1,0,0,0
פּוֹשֵׁעַ,0,0,0,1,0,1,0,0,0,0
פֶּשַׁע,0,0,0,0,0,1,0,0,0,0
הרגיש,0,0,0,0,0,0,0,0,0,0
נָשִׁי,0,0,0,0,0,0,0,0,0,0
נָשִׁיוּת,0,0,0,0,0,0,0,0,0,0
בִּצָה,0,0,0,0,0,0,0,0,0,0
גָדֵר,0,0,0,0,0,0,0,0,0,0
מְגוּדָר,1,0,0,0,0,0,0,0,0,0
לְהִתְגוֹנֵן,0,0,0,0,0,0,0,0,0,0
פָּגוֹשׁ,0,0,0,0,0,0,0,0,0,1
שׁוּמָר,0,0,0,0,0,0,0,0,0,0
תְסִיסָה,0,1,0,0,0,1,0,0,0,0
תְסִיסָה,0,1,0,0,0,0,0,0,0,0
שָׁרָך,0,0,0,0,0,0,0,0,0,0
פְּרָאִי,1,0,1,1,0,1,0,0,0,0
פִּראוּת,1,0,0,0,0,1,0,0,0,0
מַעבּוֹרֶת,0,0,0,0,0,0,0,0,0,0
פורה,0,0,0,0,0,0,1,0,0,0
לְדַשֵׁן,0,0,0,0,0,0,0,0,0,0
נִלהָב,0,0,0,0,0,0,0,0,0,0
לַהַט,1,0,0,0,1,0,1,0,0,0
פֶסטִיבָל,0,1,0,0,1,0,1,0,1,0
חֲגִיגִי,0,0,0,0,1,0,1,0,0,0
לְהָבִיא,0,0,0,0,0,0,0,0,0,0
חֲגִיגָה,0,1,0,0,1,0,1,0,1,0
פֵטִישׁ,0,0,0,0,0,0,0,0,0,0
סִכסוּך,1,0,0,0,0,1,0,0,0,0
פיאודלי,0,0,0,0,0,1,0,0,0,0
פֵאוֹדָלִיוּת,1,0,0,0,0,1,0,1,0,0
חום,0,0,0,1,0,0,0,0,0,0
קוֹדֵחַ,0,0,0,0,0,1,0,0,0,0
אֲרוּסָה,0,0,0,0,0,0,0,0,0,0
כִּשָׁלוֹן,0,0,0,0,0,1,0,0,0,0
פיאט,0,0,0,0,0,0,0,0,0,0
שֶׁקֶר,1,0,0,0,0,1,0,0,0,0
סִיב,0,0,0,0,0,0,0,0,0,0
סִיבִי,0,0,0,0,0,0,0,0,0,0
הֲפַכְפַּך,0,0,0,0,0,1,0,0,0,0
ספרות בדיונית,0,0,0,0,0,0,0,0,0,0
בָּדוּי,0,0,0,0,0,1,0,0,0,0
כינור,0,0,0,0,0,0,0,0,0,0
כַּנָר,0,0,0,0,0,0,0,0,0,0
נֶאֱמָנוּת,0,0,0,0,1,0,1,0,0,1
נאמנות,0,0,0,0,0,0,0,0,0,0
שדה,0,0,0,0,0,0,0,0,0,0
שָׂטָן,1,0,1,1,0,1,0,0,0,0
עַז,1,0,1,1,0,1,0,0,0,0
חגיגה,0,1,0,0,1,0,1,0,1,1
מַאֲבָק,1,0,0,1,0,1,0,0,0,0
לוֹחֶם,0,0,0,0,0,0,0,0,0,0
לְחִימָה,1,0,0,0,0,1,0,0,0,0
הַמצָאָה,0,0,0,0,0,0,0,0,0,0
צִיוּרִי,0,0,0,0,0,0,0,0,0,0
דמות,0,0,0,0,0,0,0,0,0,0
פִּסלוֹן,0,0,0,0,0,0,0,0,0,0
נִימָה,0,0,0,0,0,0,0,0,0,0
חוטי,0,0,0,0,0,0,0,0,0,0
קוֹבֶץ,0,0,0,0,0,0,0,0,0,0
פיליבסטר,0,0,0,0,0,1,0,0,0,0
פִילִיגרָן,0,0,0,0,0,0,0,0,0,0
הגשה,0,0,0,0,0,0,0,0,0,0
נְשׁוֹרֶת,0,0,0,0,0,0,0,0,0,0
למלא,0,0,0,0,0,0,0,0,0,1
פִילֶה,0,0,0,0,0,0,0,0,0,0
מילוי,0,0,0,0,0,0,0,0,0,0
סְיָחָה,0,0,0,0,0,0,0,0,0,0
סרט צילום,0,0,0,0,0,0,0,0,0,0
קְרוּמִי,0,0,0,0,0,0,0,0,0,0
לְסַנֵן,0,0,0,0,0,0,0,0,0,0
זוּהֲמָה,0,0,1,0,0,1,0,0,0,0
מלוכלך,0,0,1,0,0,1,0,0,0,0
סְנַפִּיר,0,0,0,0,0,0,0,0,0,0
סופי,0,0,0,0,0,0,0,0,0,0
סִיוּם,0,0,0,0,0,0,0,0,0,0
סוֹפִיוּת,0,0,0,0,0,0,0,0,0,0
סוף כל סוף,0,1,1,0,1,0,1,0,1,1
לְמַמֵן,0,0,0,0,0,0,0,0,0,0
כַּספִּי,0,0,0,0,0,0,0,0,0,0
איש כספים,0,0,0,0,0,0,0,0,0,0
פָּרוּשׁ,0,0,0,0,0,0,0,0,0,0
למצוא,0,0,0,0,0,0,0,0,0,0
מִמצָא,0,0,0,0,0,0,0,0,0,0
הִדוּר,0,0,0,0,0,0,1,0,0,0
עֲדִינוּת,0,0,0,0,0,0,1,0,0,0
אֶצבַּע,0,0,0,0,0,0,0,0,0,0
טביעת אצבע,0,0,0,0,0,0,0,0,0,0
סיים,0,0,0,0,0,0,0,0,0,0
סוֹפִי,0,0,0,0,0,0,0,0,0,0
מַלשִׁין,0,0,0,0,0,0,0,0,0,0
אֵשׁ,0,0,0,1,0,0,0,0,0,0
כלי נשק,1,0,0,1,0,1,0,0,0,0
כדור אש,0,0,0,0,0,0,1,0,0,0
גַחֲלִילִית,0,0,0,0,0,0,0,0,0,0
כַּבַּאי,0,0,0,0,0,0,0,0,0,1
אָח,0,0,0,0,0,0,0,0,0,0
חֲסִין אֵשׁ,0,0,0,0,0,0,1,0,0,0
ליד האש,0,0,0,0,0,0,0,0,0,0
עֵצֵי הַסָקָה,0,0,0,0,0,0,0,0,0,0
זִקוּקֵי דִי נוּר,0,0,0,0,0,0,0,0,0,0
ירי,0,0,0,0,0,0,0,0,0,0
מוּצָק,0,0,0,0,0,0,0,0,0,0
רָקִיעַ,0,0,0,0,0,0,0,0,0,0
בְּתוֹקֶף,0,0,0,0,0,0,0,0,0,0
תְקִיפוּת,0,0,0,0,0,0,1,0,0,1
בכור,0,1,0,0,1,0,1,0,0,1
פִיסקָלִי,0,0,0,0,0,0,0,0,0,0
דג,0,0,0,0,0,0,0,0,0,0
דַיָג,0,0,0,0,0,0,0,0,0,0
דַיִג,0,0,0,0,0,0,0,0,0,0
דיג,0,0,0,0,0,0,0,0,0,0
חָשׁוּד,0,0,0,0,0,0,0,0,0,0
בָּקִיעַ,0,0,0,0,0,0,0,0,0,0
ביקוע,0,0,0,0,0,0,0,0,0,0
בְּקִיעַ,0,0,0,0,0,0,0,0,0,0
אֶגְרוֹף,0,0,0,0,0,0,0,0,0,0
מוּרְסָה,0,0,0,0,0,0,0,0,0,0
כושר,0,0,0,0,0,0,0,0,0,0
מתאים,1,0,0,0,0,1,0,0,0,0
מְצוּיָד,0,0,0,0,0,0,0,0,0,0
הוֹלֵם,0,1,0,0,1,0,1,0,0,1
אביזרי,0,0,0,0,0,0,0,0,0,0
לתקן,0,0,0,0,0,0,0,0,0,0
קיבעון,0,0,0,0,0,0,0,0,0,0
תוקן,0,0,0,0,0,0,0,0,0,1
מִתקָן,0,0,0,0,0,0,1,0,0,0
מתקנים,0,0,0,0,0,0,0,0,0,0
קֶצֶף,0,0,0,0,0,0,0,0,0,0
רָפוּי,0,0,1,0,0,1,0,0,0,0
רָפֶה,0,0,0,0,0,1,0,1,0,0
דגל,0,0,0,0,0,1,0,0,0,0
מַחְפִּיר,1,0,1,0,0,1,0,0,0,0
ספינת דגל,0,0,0,0,0,0,0,0,0,1
לְהִתְקַלֵף,0,0,0,0,0,1,0,0,0,0
קַשׂקַשִׂי,0,0,0,0,0,0,0,0,0,0
לֶהָבָה,0,0,0,0,0,0,0,0,0,0
לוֹהֵט,0,0,0,0,0,0,0,0,0,0
אוֹגֶן,0,0,0,0,0,0,0,0,0,1
לְאַגֵף,0,0,0,0,0,0,0,0,0,0
מאגפים,0,0,0,0,0,0,0,0,0,0
אגף,0,0,0,0,0,0,0,0,0,0
פלָנֶל,0,0,0,0,0,0,0,0,0,0
מַדָף,0,0,0,0,0,1,0,0,0,0
מתנופפת,0,0,0,0,0,0,0,0,0,0
הַבהָקָה,0,0,0,0,0,0,0,0,0,0
מתלקח,0,0,0,0,0,0,0,0,0,0
הֶבזֵק,0,0,0,0,0,0,0,0,0,0
פלֶאשׁבֵּק,0,0,0,0,0,0,0,0,0,0
הַברָקָה,0,0,0,0,0,0,0,0,0,0
פנס,0,0,0,0,0,0,0,0,0,0
מִתהַדֵר,0,0,0,0,0,0,0,0,0,0
בקבוק,0,0,0,0,0,0,0,0,0,0
שָׁטוּחַ,0,0,0,0,0,0,0,0,0,0
שְׁטִיחוּת,0,0,0,0,0,0,0,0,0,0
לְשַׁטֵחַ,0,0,0,0,0,0,0,0,0,0
מַחמִיא,0,0,0,0,1,0,1,0,0,0
חֲנוּפָה,0,0,0,0,0,0,0,0,0,0
הֲפָחָה,0,0,1,0,0,1,0,0,0,0
לְהִתְהַדֵר,0,0,0,0,0,1,0,0,0,0
טעם,0,0,0,0,0,0,0,0,0,0
פְּגָם,0,0,0,0,0,1,0,1,0,0
פַּרעוֹשׁ,0,0,1,0,0,1,0,0,0,0
ברח,0,0,0,1,0,0,0,0,0,0
לברוח,0,0,0,1,0,1,0,0,0,0
צֶמֶר,1,0,1,0,0,1,0,1,0,0
צי,0,0,0,0,0,0,1,0,0,0
חוֹלֵף,0,0,0,0,0,0,0,0,0,0
בשר,0,0,1,0,0,0,0,0,0,0
בַּשׂרָנִי,0,0,0,0,0,1,0,0,0,0
לְהַגמִישׁ,0,0,0,0,0,0,0,0,0,0
גְמִישׁוּת,0,0,0,0,0,0,1,0,0,0
גָמִישׁ,0,0,0,0,0,0,0,0,0,0
כְּפִיפָה,0,0,0,0,0,0,0,0,0,0
לְהַבהֵב,0,0,0,0,0,0,0,0,0,0
הִבהוּב,0,0,0,0,0,0,0,0,0,0
טַיָס,0,0,0,0,0,0,0,0,0,0
טִיסָה,0,0,0,0,0,0,0,0,0,0
לְהֵרָתַע,0,1,1,1,0,1,0,1,1,0
לְהַשְׁלִיך,0,0,0,0,0,0,0,0,0,0
אבן צור,0,0,0,0,0,0,0,0,0,0
סְנַפִּיר,0,0,0,0,0,0,0,0,0,0
לְפַלרְטֵט,0,1,0,0,1,1,1,0,1,1
מפלרטטים,0,0,0,0,0,0,0,0,0,0
לָצוּף,0,0,0,0,0,0,0,0,0,0
עֵדֶר,0,0,0,0,0,0,0,0,0,0
לְהַלקוֹת,1,0,1,1,0,1,0,1,0,0
הצפה,0,0,0,1,0,0,0,0,0,0
קוֹמָה,0,0,0,0,0,0,0,0,0,0
כִּשָׁלוֹן,0,0,1,0,0,1,0,1,0,0
צוֹמֵחַ,0,0,0,0,0,0,0,0,0,0
פִּרחִי,0,0,0,0,0,0,1,0,0,0
מוֹכֵר פְּרָחִים,0,0,0,0,0,0,0,0,0,0
חוט דנטלי,0,0,0,0,0,0,0,0,0,0
סנדל,0,0,0,1,0,1,0,1,0,0
קמח,0,0,0,0,0,0,0,0,0,0
זְרִימָה,0,0,0,0,0,0,1,0,0,0
פְּרִיחָה,0,0,0,0,0,0,0,0,0,0
פִּרחוֹנִי,0,0,0,0,0,0,1,0,0,0
שַׁפַעַת,0,0,0,1,0,1,0,0,0,0
תנודות,0,0,0,0,0,0,0,0,0,0
תנודות,0,0,0,0,0,0,0,0,0,0
תְנוּדָה,1,0,0,1,0,1,0,0,0,0
אֲרוּבָּה,0,0,0,0,0,0,0,0,0,0
שֶׁטֶף,0,0,0,0,0,0,0,0,0,0
מוֹך,0,0,0,0,0,0,0,0,0,0
רך,0,0,0,0,0,0,0,0,0,0
נוֹזֵל,0,0,0,0,0,0,0,0,0,0
נְזִילוּת,0,0,0,0,0,0,0,0,0,0
מַזָל,0,0,0,0,0,0,0,0,1,0
פלוּאוֹרסצֵנצִיָה,0,0,0,0,0,0,0,0,0,0
ניאון,0,0,0,0,0,0,0,0,0,0
הִתרַגְשׁוּת,0,0,0,0,0,0,0,0,0,0
סומק,0,0,0,0,0,0,1,0,0,0
מבולבל,0,0,0,0,0,0,0,0,0,0
חליל,0,0,0,0,0,0,0,0,0,0
מְחוֹרָץ,0,0,0,0,0,0,0,0,0,0
נְהָרוֹת,0,0,0,0,0,0,0,0,0,0
שֶׁטֶף,0,0,0,0,0,0,0,0,0,0
"לטוס, זבוב",0,0,0,0,0,0,0,0,0,0
טַיָס,0,0,0,0,0,0,0,0,0,0
עַף,0,0,0,1,0,0,1,0,0,0
גַלגַל תְנוּפָה,0,0,0,0,0,0,0,0,0,0
סוּסוֹן,0,0,0,0,0,0,0,0,0,0
קֶצֶף,0,0,0,0,0,0,0,0,0,0
הַקצָפָה,0,0,0,0,0,0,0,0,0,0
מוּקצָף,0,0,0,0,0,0,0,0,0,0
לְרַמוֹת,0,0,0,0,0,0,0,0,0,0
מוֹקְדִי,0,0,0,0,0,0,0,0,0,0
מוֹקֵד,0,0,0,0,0,0,1,0,0,0
מִסְפּוֹא,0,0,0,0,0,0,0,0,0,0
אוֹיֵב,1,0,0,1,0,1,0,0,0,0
עֲרָפֶל,0,0,0,0,0,0,0,0,0,0
מעורפל,0,0,0,0,0,0,0,0,0,0
לְסַכֵּל,0,0,0,0,0,0,0,0,0,0
מסוכל,0,0,0,0,0,1,0,0,0,0
לְקַפֵּל,0,0,0,0,0,0,0,0,0,0
מְקוּפָּל,0,0,0,0,0,0,0,0,0,0
עָלִים,0,0,0,0,0,0,0,0,0,0
פוֹלִיוֹ,0,0,0,0,0,0,0,0,0,0
אֲנָשִׁים,0,0,0,0,0,0,0,0,0,0
פוּלקלוֹר,0,0,0,0,0,0,0,0,0,0
זָקִיק,0,0,0,0,0,0,0,0,0,0
זקיק,0,0,0,0,0,0,0,0,0,0
לעקוב אחר,0,0,0,0,0,0,0,0,0,0
חָסִיד,0,0,0,0,0,0,0,0,0,1
שׁטוּת,0,0,0,0,0,1,0,0,0,0
לַטפָנִי,0,0,0,0,0,0,0,0,0,0
חִבָּה,0,0,0,0,1,0,1,0,0,0
גוֹפָן,0,0,0,0,0,0,0,0,0,0
מזון,0,0,0,0,1,0,1,0,0,1
שׁוֹטֶה,0,0,1,0,0,1,0,0,0,0
שוטה,0,0,0,0,0,0,0,0,0,0
טִפּשִׁי,0,0,0,0,0,1,0,0,0,0
שׁטוּת,0,0,0,0,0,1,0,0,0,0
כף רגל,0,0,0,0,0,0,0,0,0,0
כדורגל,0,1,0,0,1,0,1,0,0,0
גֶשֶׁר לְהוֹלכֵי רֶגֶל,0,0,0,0,0,0,0,0,0,0
אֲחִיזָה,0,0,0,0,0,0,0,0,0,1
שְׁבִיל,0,0,0,0,0,0,0,0,0,0
עָקֵב,0,0,0,0,0,0,0,0,0,0
גַנדְרָן,0,0,0,0,0,0,0,0,0,0
מִסְפּוֹא,0,0,0,0,0,1,0,0,0,0
פְּשִׁיטָה,1,0,0,0,0,1,0,0,0,0
הַבלָגָה,0,0,0,0,0,0,1,0,0,0
לֶאֱסוֹר,0,0,0,0,0,1,0,1,0,0
מַפְחִיד,1,0,0,1,0,1,0,0,0,0
כּוֹחַ,1,0,0,1,0,1,0,0,0,0
כָּפוּי,0,0,0,1,0,1,0,0,0,0
מִצבָּטַיִם,0,0,0,0,0,0,0,0,0,0
בְּכֹחַ,1,0,0,1,0,1,0,0,0,0
לַחֲצוֹת,0,0,0,0,0,0,0,0,0,0
חֵלֶק קִדמִי,0,0,0,0,0,0,1,0,0,0
אַמָה,1,1,0,0,0,0,0,0,0,0
מבשר רעות,0,1,0,1,0,1,0,0,0,0
תַחֲזִית,0,1,0,0,0,0,0,0,0,1
חַזַאי,0,0,0,0,0,0,0,0,0,0
לְחַלֵט,0,0,0,1,0,1,0,1,0,0
אָבוֹת קַדמוֹנִים,0,0,0,0,1,0,1,0,0,1
אֶצבַּע,0,0,0,0,0,0,0,0,0,0
לְוַתֵר עַל,0,0,0,0,0,1,0,0,0,0
לעיל,0,0,0,0,0,0,1,0,0,0
מוותרים מראש,0,0,0,0,0,0,0,0,0,0
חֲזִית,0,0,0,0,0,0,0,0,0,0
מצח,0,0,0,0,0,0,0,0,0,0
זָר,0,0,0,0,0,1,0,0,0,0
זָר,0,0,0,1,0,1,0,0,0,0
מְנַהֵל עֲבוֹדָה,0,0,0,0,0,0,1,0,0,0
מִשׁפָּטִי,0,0,0,0,0,0,0,0,0,0
מְבַשֵׂר,0,0,0,0,0,0,1,0,0,0
לַחֲזוֹת,0,1,0,0,0,0,1,0,1,1
צָפוּי,0,1,0,0,0,0,1,0,0,0
חיזוי,0,1,0,0,0,0,1,0,0,1
יַעַר,0,0,0,0,0,0,0,0,0,0
מַחֲשָׁבָה תְחִילָה,0,0,0,0,0,0,0,0,0,0
הזהיר מראש,0,1,0,1,0,1,0,0,0,0
הַקדָמָה,0,0,0,0,0,0,0,0,0,0
לְחַלֵט,1,0,0,0,0,1,0,1,0,0
מעוקל,0,0,0,0,0,1,0,0,0,0
חילוט,0,0,0,1,0,1,0,1,0,0
חישול,0,0,0,0,0,0,1,0,0,0
זִיוּף,0,0,0,0,0,1,0,0,0,0
לשכוח,0,0,0,0,0,1,0,0,0,0
שַׁכְחָן,0,0,0,0,0,0,0,0,0,0
שִׁכחָה,0,0,0,0,0,0,0,0,0,0
לִסְלוֹחַ,0,0,0,0,0,0,1,0,0,0
נסלח,0,0,0,0,0,0,1,0,0,0
סַלחָנִי,0,0,0,0,0,0,1,0,0,1
ישכח,0,0,0,1,0,1,0,1,0,0
מזלג,0,0,0,0,0,0,0,0,0,0
מְפוּצָל,0,0,0,0,0,0,0,0,0,0
מזלג,0,0,0,0,0,0,0,0,0,0
גַלמוּד,0,0,0,0,0,1,0,1,0,0
טופס,0,0,0,0,0,0,0,0,0,0
טִקסִיוּת,0,0,0,0,0,0,0,0,0,0
רִשְׁמִיוּת,0,0,0,0,0,0,0,0,0,1
היווצרות,0,0,0,0,0,0,0,0,0,0
מְעַצֵב,0,0,0,0,0,0,1,0,0,1
נוצר,0,0,0,0,0,0,0,0,0,0
אדיר,0,0,0,1,0,0,0,0,0,0
יוצר,0,1,0,0,0,0,0,0,0,0
חסר צורה,0,0,0,0,0,1,0,0,0,0
נוּסחָה,0,0,0,0,0,0,1,0,0,1
נוסחא,0,0,0,0,0,0,0,0,0,0
לְנַסֵחַ,0,0,0,0,0,0,0,0,0,0
זְנוּת,0,0,0,0,0,1,0,0,0,0
לִזנוֹחַ,0,0,0,0,0,1,0,1,0,0
עָזוּב,1,0,0,0,0,1,0,1,0,0
בנחת,0,0,0,0,0,0,0,0,0,0
מִבצָר,0,0,0,0,0,0,0,0,0,1
פוֹרטֶה,0,0,0,0,0,0,1,0,0,0
הקרוב,0,0,0,0,0,0,1,0,0,0
מִיָד,0,0,0,0,0,0,0,0,0,0
הִתבַּצְרוּת,0,0,0,0,0,0,0,0,0,0
לְחַזֵק,0,0,0,0,0,0,1,0,0,0
כּוֹחַ מוּסָרִי,0,0,0,0,1,0,1,0,0,1
דוּ שְׁבוּעִי,0,0,0,0,0,0,0,0,0,0
מִבצָר,0,0,0,1,0,0,1,1,0,1
מִקרִי,0,0,0,0,0,0,0,0,0,0
בַּר מַזָל,0,0,0,0,0,0,1,0,0,0
הון עתק,0,1,0,0,1,0,1,0,1,1
ארבעים,0,0,0,0,0,0,0,0,0,0
פוֹרוּם,0,0,0,0,0,0,0,0,0,0
קָדִימָה,0,0,0,0,0,0,1,0,0,0
מְאוּבָּן,0,0,0,0,0,0,0,0,0,0
מאובנים,0,0,0,0,0,0,0,0,0,0
מְגוּנֶה,1,0,1,1,0,1,0,0,0,0
מצאתי,0,0,0,0,1,0,1,0,0,1
קרן,0,0,0,0,0,0,1,0,0,0
מייסד,0,0,0,0,0,0,0,0,0,0
בֵּית יְצִיקָה,0,0,0,0,0,0,0,0,0,0
מִזרָקָה,0,0,0,0,0,0,0,0,0,0
פִּי אַרבַּע,0,0,0,0,0,0,0,0,0,0
רביעי,0,0,0,0,0,0,0,0,0,0
עוֹף,0,0,0,0,0,0,0,0,0,0
שׁוּעָל,0,0,0,0,0,0,0,0,0,0
שׁוּעָלִי,0,0,0,0,0,0,0,0,0,0
שבריר,0,0,0,0,0,0,0,0,0,0
חֶלקִי,0,0,0,0,0,0,0,0,0,0
שֶׁבֶר,0,0,0,0,0,1,0,0,0,0
שָׁבִיר,0,0,0,1,0,1,0,1,0,0
שְׁבִירוּת,0,0,0,0,0,0,0,0,0,0
רסיס,0,0,0,0,0,0,0,0,0,0
מְקוּטָע,0,0,0,0,0,0,0,0,0,0
נִיחוֹחַ,0,0,0,0,0,0,0,0,0,0
רֵיחָנִי,0,0,0,0,0,0,1,0,0,0
חוּלשָׁה,0,0,0,0,0,1,0,1,0,0
מִסגֶרֶת,0,0,0,0,0,0,0,0,0,1
זִכָּיוֹן,0,0,0,0,0,0,0,0,0,0
גלוי לב,0,0,0,0,0,0,1,0,0,1
כֵּנוּת,0,0,0,0,0,0,1,0,0,1
נִרעָשׁ,0,1,1,1,0,1,0,0,1,0
אַחֲוָתִי,0,0,0,0,1,0,1,0,0,1
מִסדָר,0,0,0,0,0,0,0,0,0,0
הונאה,1,0,0,0,0,1,0,0,0,0
רַמַאִי,1,0,1,0,0,1,0,0,0,0
כָּרוּך,0,0,0,1,0,1,0,1,0,0
קְטָטָה,0,0,0,0,0,1,0,0,0,0
מרופט,0,0,0,0,0,1,0,1,0,0
מְשׁוּנֶה,0,0,0,0,0,0,0,0,0,0
מטורף,0,0,1,1,0,1,0,0,1,0
חוֹפֶשׁ,0,0,0,0,1,0,1,0,0,1
זְכוּת חֲכִּירָה,0,0,0,0,0,0,0,0,0,0
עצמאי,0,0,0,0,0,0,0,0,0,0
בְּחוֹפְשִׁיוּת,0,0,0,0,1,0,1,0,0,1
כְּבִישׁ מָהִיר,0,0,0,0,0,0,0,0,0,0
הַקפָּאָה,0,0,0,0,0,0,0,0,0,0
מַקפִּיא,0,0,0,0,0,0,0,0,0,0
קְפִיאָה,0,0,0,0,0,1,0,0,0,0
הוֹבָלָה,0,0,0,0,0,0,0,0,0,0
יוֹצֵא מִכֵּלָיו,1,0,0,1,0,1,0,0,1,0
מִשׁתוֹלֵל,1,0,0,1,0,1,0,0,0,0
הִשׁתוֹלְלוּת,0,0,0,0,0,1,0,0,0,0
תדירות,0,0,0,0,0,0,0,0,0,0
תָכוּף,0,0,0,0,0,0,0,0,0,0
בתדירות גבוהה,0,0,0,0,0,0,0,0,0,0
פרֶסקוֹ,0,0,0,0,0,0,0,0,0,0
סטודנט א',0,0,0,0,0,0,0,0,0,0
לִדאוֹג,0,0,0,1,0,1,0,0,0,0
חיכוך,1,0,0,0,0,0,0,0,0,0
חבר,0,0,0,0,1,0,1,0,0,1
יְדִידוּת,0,0,0,0,1,0,1,0,0,1
יְדִידוּתִי,0,1,0,0,1,0,1,0,0,1
חֲבֵרוּת,0,0,0,0,1,0,1,0,0,1
פְרִיגָטָה,0,0,0,1,0,0,0,0,0,0
פחד,0,0,0,1,0,1,0,0,1,0
להפחיד,0,0,0,1,0,1,0,1,1,0
מבוהל,0,0,0,1,0,1,0,0,1,0
מַפְחִיד,1,0,0,1,0,1,0,1,0,0
קָפוּא,0,0,0,0,0,1,0,0,0,0
עַיִט,0,0,0,0,0,0,0,0,0,0
מְצוּיָץ,0,0,0,0,0,0,0,0,0,0
עַלִיז,0,1,0,0,1,0,1,0,1,0
קַל דַעַת,0,0,0,0,0,1,0,0,0,0
שִׂמלָה,0,0,0,0,0,0,0,0,0,0
צְפַרְדֵעַ,0,0,0,0,0,0,0,0,0,0
לְהִשְׁתוֹבֵב,0,0,0,0,1,0,1,0,0,0
חֲזִית,0,0,0,0,0,0,0,0,0,0
חֲזִית,0,0,0,0,0,0,0,0,0,0
חֲזִיתִי,0,0,0,0,0,0,0,0,0,0
חזית,0,0,0,0,0,0,0,0,0,0
חזית,0,0,0,0,0,0,0,0,0,0
צִיוּר הַשַׁעַר,0,0,0,0,0,0,0,0,0,0
כְּפוֹר,0,0,0,0,0,0,0,0,0,0
כְּוִיַת קוֹר,0,0,0,0,0,1,0,0,0,0
מְזוֹגָג,0,0,0,0,0,0,0,0,0,0
צוֹנֵן,0,0,0,0,0,0,0,0,0,0
קֶצֶף,0,0,0,0,0,1,0,0,0,0
מוּקצָף,0,0,0,0,0,0,0,0,0,0
מַבָּט כּוֹעֵס,0,0,0,0,0,1,0,1,0,0
מזעיף פנים,1,0,1,0,0,1,0,1,0,0
קָפוּא,0,0,0,0,0,0,0,0,0,0
חסכני,0,0,0,0,0,0,1,0,0,0
פרי,0,0,0,0,0,0,0,0,0,0
פּוֹרֶה,0,0,0,0,0,0,1,0,0,0
הַגשָׁמָה,0,0,0,0,0,0,0,0,0,0
לְחִינָם,0,0,0,0,0,1,0,1,0,0
לְסַכֵּל,1,0,1,0,0,1,0,1,0,0
מְתוּסכָּל,1,0,0,0,0,1,0,0,0,0
תסכול,1,0,0,0,0,1,0,0,0,0
לטגן,0,0,0,0,0,0,0,0,0,0
מַמְתָק שׁוֹקוֹלָד,0,0,0,0,0,1,0,0,0,0
דלק,0,0,0,0,0,0,0,0,0,0
נִמלָט,1,0,1,1,0,1,0,1,0,1
נְקוּדַת מִשׁעָן,0,0,0,0,0,0,0,0,0,0
לְמַלֵא,0,0,0,0,1,0,1,0,0,0
הַגשָׁמָה,0,1,0,0,1,0,1,0,0,1
מלא,0,0,0,0,0,0,1,0,0,0
מְלוֹא,0,0,0,0,0,0,0,0,0,0
לְגַמרֵי,0,0,0,0,0,0,1,0,0,1
לְמַשֵׁשׁ,0,0,0,0,0,1,0,0,0,0
עָשָׁן,0,0,0,0,0,1,0,0,0,0
עִשׁוּן,0,0,0,0,0,0,0,0,0,0
מבעבע,1,0,0,0,0,1,0,0,0,0
כֵּיף,0,1,0,0,1,0,1,0,0,0
פוּנקצִיָה,0,0,0,0,0,0,0,0,0,0
פוּנקצִיוֹנָלִי,0,0,0,0,0,0,0,0,0,0
קֶרֶן,0,0,0,0,0,0,0,0,0,0
בסיסי,0,0,0,0,0,0,1,0,0,1
בִּיסוֹדוֹ,0,0,0,0,0,0,0,0,0,0
כְּסָפִים,0,0,0,0,0,0,0,0,0,0
הַלוָיָה,0,0,0,0,0,0,0,1,0,0
פִּטרִיָה,0,0,1,0,0,1,0,0,0,0
פַּחַד,0,0,0,0,0,1,0,1,0,0
מַשׁפֵּך,0,0,0,0,0,0,0,0,0,0
פרווה,0,0,0,0,0,0,0,0,0,0
זוֹעֵם,1,0,1,0,0,1,0,0,0,0
בזעם,1,0,0,0,0,0,0,0,0,0
חוּפשָׁה,0,0,0,0,0,0,0,0,0,0
תַנוּר,1,0,0,0,0,0,0,0,0,0
לרהט,0,0,0,0,0,0,0,0,0,0
רְהִיטִים,0,0,0,0,0,0,0,0,0,0
זעם,1,0,0,0,0,1,0,0,0,0
תֶלֶם,0,0,0,0,0,0,0,1,0,0
קידום,0,0,0,0,0,0,0,0,0,0
זעם,1,0,0,1,0,1,0,1,0,0
נתיך,0,0,0,0,0,0,1,0,0,1
היתוך,0,0,0,0,0,0,1,0,0,0
מהומה,1,0,0,0,0,1,0,1,0,0
מַקפִּיד בִּקְטָנוֹת,0,0,1,0,0,1,0,0,0,0
חֲסַר תוֹעֶלֶת,0,0,0,0,0,1,0,1,0,0
הֶבֶל,0,0,0,0,0,1,0,0,0,0
עתיד,0,0,0,0,0,0,0,0,0,0
fuzz,0,0,0,0,0,0,0,0,0,0
מְעוּרפָּל,0,0,0,0,0,0,0,0,0,0
גבי,0,0,1,0,0,1,0,0,0,0
בְּדִיחָה,0,0,1,0,0,1,0,0,0,0
מַד,0,0,0,0,0,0,0,0,0,1
לַהֲקָה,0,0,0,0,0,0,0,0,0,0
לְהַשִׂיג,0,1,0,0,1,0,1,0,0,0
מַכנִיס,0,0,0,0,0,0,0,0,0,0
זְכִיָה,0,0,0,0,0,0,1,0,0,0
הליכה,0,0,0,0,0,0,0,0,0,0
חֲגִיגָה,0,0,0,0,0,0,0,0,0,0
גָלַקסִיָה,0,0,0,0,0,0,0,0,0,0
סְעָרָה,0,0,0,0,0,0,0,0,0,0
חוּצפָּה,1,0,1,0,0,1,0,0,0,0
אַבִּירִי,0,0,0,0,0,0,1,0,0,0
גְבוּרָה,0,0,0,0,0,0,1,0,0,0
גלריה,0,0,0,0,0,0,0,0,0,0
הַגָהָה,0,0,0,0,0,0,0,0,0,0
לִדהוֹר,0,0,0,0,0,0,0,0,0,0
הַדהָרָה,0,0,0,0,0,0,0,0,0,0
גַרדוֹם,1,0,0,1,0,1,0,1,0,0
בִּשֶׁפַע,0,0,0,0,0,0,1,0,0,0
גלווני,0,0,0,0,0,0,0,0,0,0
לְהַמֵר,0,0,0,0,0,1,0,0,0,0
מְהַמֵר,0,1,0,0,0,1,0,0,1,0
הימורים,0,1,0,0,0,1,0,0,1,0
מִשְׂחָק,0,0,0,0,0,0,0,0,0,0
משחקים,0,0,0,0,0,0,0,0,0,0
גמון,0,0,0,0,0,0,0,0,0,0
סוּלָם,0,0,0,0,0,0,0,0,0,0
אַוָז,0,0,0,0,0,0,0,0,0,0
כְּנוּפִיָה,1,0,0,1,0,1,0,0,0,0
כֵּלֵא,0,0,0,0,0,1,0,0,0,0
פער,0,0,0,0,0,1,0,0,0,0
לִבהוֹת,0,0,0,0,0,0,0,0,1,0
פַּהֶקֶת,0,0,0,0,0,0,0,0,0,0
מוּסָך,0,0,0,0,0,0,0,0,0,0
לְבוּשׁ,0,0,0,0,0,0,0,0,0,0
אַשׁפָּה,0,0,1,0,0,1,0,0,0,0
מְסוּלָף,0,0,0,0,0,0,0,0,0,0
גן,0,0,0,0,1,0,1,0,0,0
גַנָן,0,0,0,0,0,0,0,0,0,0
גַנָנוּת,0,0,0,0,0,0,0,0,0,0
צַעֲקָנִי,0,0,1,0,0,1,0,0,1,0
שום,0,0,0,0,0,0,0,0,0,0
בגד,0,0,0,0,0,0,0,0,0,0
לגייס,0,0,0,0,0,0,0,0,0,0
נוֹפֶך,0,0,0,0,0,0,1,0,0,0
לְקַשֵׁט,0,0,0,0,0,1,0,0,0,0
חֵיל הַמַצָב,0,0,0,0,0,0,1,0,0,1
בִּירִית,0,0,0,0,0,0,0,0,0,0
גַז,0,0,0,0,0,0,0,0,0,0
גזי,0,0,0,0,0,0,0,0,0,0
חֲתָך עָמוֹק,0,0,0,1,0,1,0,0,0,0
גיזוז,0,0,0,0,0,0,0,0,0,0
בֶּנזִין,0,0,0,0,0,0,0,0,0,0
לְהִתְנַשֵׁף,0,0,0,0,0,0,0,0,1,0
מתנשף,0,0,0,1,0,1,0,0,0,0
קֵבָתִי,0,0,0,0,0,0,0,0,0,0
גַסטרוֹנוֹמִיָה,0,0,0,0,0,0,0,0,0,0
שַׁעַר,0,0,0,0,0,0,0,0,0,1
כְּנִיסָה,0,0,0,0,0,0,0,0,0,1
לאסוף,0,0,0,0,0,0,0,0,0,0
מלקט,0,0,0,0,0,0,0,0,0,0
כֶּנֶס,0,0,0,0,0,0,0,0,0,0
חֲסַר טַקט,0,0,0,0,0,1,0,0,0,0
מַד,0,0,0,0,0,0,0,0,0,0
מדידה,0,0,0,0,0,0,0,0,0,1
כָּחוּשׁ,0,0,0,0,0,1,0,0,0,0
כְּפָפַת שִׁריוֹן,0,0,0,0,0,0,0,0,0,0
גָזָה,0,0,0,0,0,0,0,0,0,0
פטיש,0,0,0,0,0,0,0,0,0,0
לִבהוֹת,0,0,0,0,0,0,0,0,1,0
מַבָּט,0,0,0,0,0,0,0,0,0,0
ביתן,0,0,0,0,0,0,0,0,0,0
צְבִי,0,0,0,0,0,0,0,0,0,0
עִתוֹן רֵשׁמִי,0,0,0,0,0,0,1,0,0,1
עיתון,0,0,0,0,0,0,0,0,0,0
גלגל שיניים,0,0,0,0,0,0,1,0,0,0
לְהַגלִיד,0,0,0,0,0,0,0,0,0,0
ג'לטין,0,0,1,0,0,0,0,0,0,0
לְסַרֵס,0,0,0,0,0,0,0,0,0,0
סוּס מְסוּרָס,0,0,0,0,0,0,0,0,0,0
פְּנִינָה,0,0,0,0,1,0,1,0,0,0
מַזַל תְאוּמִים,0,0,0,0,0,0,0,0,0,0
מִין,0,0,0,0,0,0,0,0,0,0
גֵנֵאָלוֹגיָה,0,0,0,0,0,0,0,0,0,0
כללי,0,0,0,0,0,0,1,0,0,1
כְּלָלִיוּת,0,0,0,0,0,0,0,0,0,0
הַכלָלָה,0,0,0,0,0,0,0,0,0,0
בדרך כלל,0,0,0,0,0,0,0,0,0,0
לִיצוֹר,0,0,0,0,0,0,0,0,0,0
דוֹר,0,0,0,0,0,0,0,0,0,0
מוֹלִיד,0,0,0,0,0,0,0,0,0,0
גֵנֵרָטוֹר,0,0,0,0,0,0,0,0,0,0
גנרית,0,0,0,0,0,0,0,0,0,0
נדיבות,0,1,0,0,1,0,1,0,1,1
נָדִיב,0,0,0,0,1,0,1,0,0,1
בראשית,0,0,0,0,0,0,0,0,0,0
גֵנֵטִי,0,0,0,0,0,0,0,0,0,0
גנטיקה,0,0,0,0,0,0,0,0,0,0
חָבִיב,0,0,0,0,1,0,1,0,0,0
שֶׁל אֵיבְרֵי הַמִין,0,0,0,0,0,0,0,0,0,0
גָאוֹן,0,0,0,0,0,0,1,0,0,0
ז'ָאנר,0,0,0,0,0,0,0,0,0,0
ג'ֶנטֶלמֶן,1,0,1,1,0,1,0,0,0,0
עדינה,0,0,0,0,0,0,1,0,0,0
ג'ֶנטֶלמֶן,0,0,0,0,0,0,1,0,0,1
עֲדִינוּת,0,0,0,0,0,0,1,0,0,0
מְיוּחָסִים,0,0,0,0,0,0,1,0,0,1
אמיתי,0,0,0,0,0,0,1,0,0,1
סוּג,0,0,0,0,0,0,0,0,0,0
גֵאוֹגרַפיָה,0,0,0,0,0,0,0,0,0,0
גֵאוֹלוֹגִיָה,0,0,0,0,0,0,0,0,0,0
גֵאוֹמֶטרִיָה,0,0,0,0,0,0,0,0,0,0
גרניום,0,0,0,0,0,0,1,0,0,0
גֵרִיאַטרִי,0,0,0,0,0,1,0,1,0,0
נֶבֶט,0,1,1,0,0,0,0,0,0,0
גֶרמָנִיָת,0,0,0,0,0,0,0,0,0,0
שַׁיָך,0,0,0,0,0,0,0,0,0,0
לִנְבּוּט,0,0,0,0,0,0,0,0,0,0
נִבִיטָה,0,1,0,0,0,0,0,0,0,0
הֵרָיוֹן,0,0,0,0,0,0,0,0,0,0
מחווה,0,0,0,0,0,0,0,0,0,0
נוֹרָא,0,0,1,1,0,1,0,0,0,0
גֶטוֹ,0,0,1,1,0,1,0,1,0,0
רוּחַ,0,0,0,1,0,0,0,0,0,0
כְּמוֹ רוּחַ רְפָאִים,0,0,0,1,0,1,0,0,0,0
עֲנָק,0,0,0,1,0,0,0,0,0,0
ג'יבריש,1,0,0,0,0,1,0,0,0,0
מתנה,0,1,0,0,1,0,1,0,1,0
מוּכשָׁר,0,0,0,0,0,0,1,0,0,0
חלטורה,0,0,0,0,0,0,0,0,0,0
עֲנָקִי,0,0,0,0,0,0,1,0,0,0
צִחקוּק,0,0,0,0,1,0,1,0,0,0
זים,0,0,0,0,0,0,0,0,0,0
זימים,0,0,0,0,0,0,0,0,0,0
מוּזהָב,0,0,0,0,0,0,0,0,0,0
gimp,0,0,0,0,0,0,0,0,0,0
ג'ין,0,0,0,0,0,0,0,0,0,0
ג'ינג'ר,0,0,0,0,0,0,0,0,0,0
עוּגיִוֹת זַנגבִיל,0,0,0,0,0,0,0,0,0,0
בִּזְהִירוּת,0,0,0,0,0,0,0,0,0,0
ג'ִירָפָה,0,0,0,0,0,0,0,0,0,0
קוֹרָה,0,0,0,0,0,0,1,0,0,1
חגורת בטן,0,0,0,0,0,0,0,0,0,0
חֲגוֹרָה,0,0,0,0,0,0,0,0,0,0
תַמצִית,0,0,0,0,0,0,0,0,0,0
מַתָן,0,0,0,0,0,0,1,0,0,0
זוהר,0,0,0,0,0,0,0,0,0,0
קַרחוֹנִי,0,0,0,0,0,1,0,0,0,0
קַרחוֹן,0,0,0,0,0,0,0,0,0,0
שַׂמֵחַ,0,1,0,0,1,0,1,0,0,0
קָרְחַת יַעַר,0,0,0,0,0,0,0,0,0,0
גלָדִיאָטוֹר,0,0,0,1,0,0,0,0,0,0
שִׂמְחָה,0,0,0,0,1,0,1,0,0,0
מַבָּט,0,0,0,0,0,0,0,0,0,0
מַבָּט נוֹקֵב,1,0,0,1,0,1,0,0,0,0
בּוֹלֵט בְּיוֹתֵר,1,0,0,0,0,1,0,0,0,0
זכוכית,0,0,0,0,0,0,0,0,0,0
משקפיים,0,0,0,0,0,0,0,0,0,0
כְּלֵי זְכוּכִית,0,0,0,0,0,0,0,0,0,0
קוֹנִיָה,0,0,0,0,0,0,0,0,0,0
נִצנוּץ,0,0,0,0,0,0,0,0,0,0
לְלַקֵט,0,0,0,0,0,0,0,0,0,0
שִׂמְחָה,0,0,0,0,1,0,1,0,0,0
גַיא,0,0,0,0,0,0,0,0,0,0
גליב,0,0,0,0,0,1,0,0,0,0
לִדאוֹת,0,1,0,0,1,0,1,0,0,0
נִצנוּץ,0,1,0,0,1,0,1,0,1,0
הֲצָצָה,0,0,0,0,0,0,0,0,0,0
נִצנוּץ,0,0,0,0,0,0,0,0,0,0
נִצנוּץ,0,0,1,0,1,0,0,0,0,0
הַברָקָה,0,0,0,0,0,0,1,0,0,0
גלוֹבּוּס,0,0,0,0,0,0,0,0,0,0
כַּדוּרִי,0,0,0,0,0,0,0,0,0,0
קַדרוּת,0,0,0,0,0,1,0,1,0,0
קודר,0,0,0,0,0,1,0,1,0,0
הַאֲמָרָה,0,0,0,0,1,0,1,0,0,0
לְפַאֵר,0,1,0,0,1,0,1,0,1,1
תִפאֶרֶת,0,1,0,0,1,0,1,0,0,1
בָּרָק,0,0,0,0,0,0,1,0,0,0
מילון מונחים,0,0,0,0,0,0,0,0,0,0
מבריק,0,0,0,0,0,0,0,0,0,0
כְּפָפָה,0,0,0,0,0,0,0,0,0,0
לַהַט,0,1,0,0,1,0,1,0,0,1
זוהר,0,0,0,0,0,0,1,0,0,0
גלוקוז,0,0,0,0,0,0,0,0,0,0
דֶבֶק,0,0,0,0,0,0,0,0,0,0
מְדוּכדָך,0,0,0,0,0,1,0,1,0,0
שֶׁפַע,0,0,1,0,0,1,0,0,0,0
גלוטן,0,0,0,0,0,0,0,0,0,0
גַרגְרָנוּת,0,0,1,0,0,1,0,0,0,0
גליצרין,0,0,0,0,0,0,0,0,0,0
יַתוּשׁ,0,0,0,0,0,0,0,0,0,0
גַמָד,1,0,1,1,0,1,0,0,0,0
עֵז,0,0,0,0,0,0,0,0,0,0
זָקָן הָתַיִשׁ,0,0,0,0,0,0,0,0,0,0
גוב,0,0,1,0,0,0,0,0,0,0
לִזלוֹל,0,0,0,0,0,0,0,0,0,0
גָבִיעַ,0,0,0,0,0,0,0,0,0,0
שֵׁדוֹן,0,0,1,1,0,1,0,0,0,0
אלוהים,0,1,0,1,1,0,1,0,0,1
אֵלָה,0,0,0,0,0,0,0,0,0,0
סַנדָק,0,0,0,0,0,0,0,0,0,0
כּוֹפֵר,1,0,0,0,0,1,0,0,0,0
אָדוּק,0,0,0,0,1,0,1,0,0,1
מתנת שמים,0,0,0,0,1,0,1,0,1,0
משקפיים,0,0,0,0,0,0,0,0,0,0
משקפיים,0,0,0,0,0,0,0,0,0,0
זהב,0,0,0,0,0,0,1,0,0,0
זָהוּב,0,0,0,0,0,0,0,0,0,0
גוֹלף,0,0,0,0,0,0,0,0,0,0
גונדולה,0,0,0,0,0,0,0,0,0,0
גוֹנג,0,0,0,0,0,0,0,0,0,0
זִיבָה,1,0,1,1,0,1,0,1,0,0
גו,0,0,1,0,0,1,0,0,0,0
טוֹב,0,1,0,0,1,0,1,0,1,1
הֱיה שלום,0,0,0,0,0,0,0,0,0,0
נִכָּר,0,0,0,0,0,0,1,0,0,0
טוּב לֵב,0,1,0,0,1,0,1,0,1,1
סְחוֹרוֹת,0,0,0,0,0,0,1,0,0,0
רצון טוב,0,0,0,0,0,0,1,0,0,0
סוּכָּרִיָה,0,0,0,0,0,0,0,0,0,0
דָבִיק,0,0,0,0,0,0,0,0,0,0
אווז,0,0,0,0,0,0,0,0,0,0
סְנָאִי הָעַרָבָה,0,0,0,0,0,0,0,0,0,0
לִנְגוֹחַ,1,0,1,1,0,1,0,1,0,0
עָרוּץ,0,0,1,0,0,1,0,0,0,0
מאוד יפה,0,0,0,0,1,0,1,0,0,0
גוֹרִילָה,0,0,0,0,0,1,0,0,0,0
מְכוּסֶה בָּדָם,1,0,1,1,0,1,0,1,0,0
בְּשׂוֹרָה,0,0,0,0,0,0,1,0,0,1
רְכִילוּת,0,0,0,0,0,1,0,0,0,0
לְנַקֵר,0,0,0,0,0,1,0,0,0,0
גורמה,0,0,0,0,0,0,0,0,0,0
שִׁגָדוֹן,0,0,0,0,0,1,0,0,0,0
לִמשְׁוֹל,0,0,0,0,0,0,1,0,0,1
אוֹמֶנֶת,0,0,0,0,0,0,0,0,0,1
שלטון,0,0,0,0,0,0,0,0,0,0
מֶמְשָׁלָה,0,0,0,1,0,1,0,0,0,0
מוֹשֵׁל,0,0,0,0,0,0,0,0,0,1
שִׂמלָה,0,0,0,0,0,0,0,0,0,0
לִתְפּוֹס,1,0,0,0,0,1,0,0,0,0
חן,0,0,0,0,0,0,1,0,0,0
מְעוּדָן,0,0,0,0,0,0,1,0,0,0
אָדִיב,0,0,0,0,0,0,1,0,0,0
באדיבות,0,0,0,0,0,0,1,0,0,0
הַדרָגָתִיוּת,0,0,0,0,0,0,0,0,0,0
כיתה,0,0,0,0,0,0,0,0,0,0
כיתה,0,0,0,0,0,0,0,0,0,0
מִדרוֹן,0,0,0,0,0,0,0,0,0,0
הַדרָגָתִי,0,1,0,0,0,0,0,0,0,0
באופן הדרגתי,0,0,0,0,0,0,0,0,0,0
סיום לימודים,0,1,0,1,1,0,1,0,1,1
תְבוּאָה,0,0,0,0,0,0,0,0,0,0
גְרַם,0,0,0,0,0,0,0,0,0,0
דקדוק,0,0,0,0,0,0,0,0,0,1
גָדוֹל,0,0,0,0,0,0,0,0,0,0
נכדים,0,1,0,0,1,0,1,0,0,1
פְּאֵר,0,0,0,0,0,0,1,0,0,0
סָבָּא,0,0,0,0,0,0,0,0,0,1
מְפוֹאָר,0,0,0,0,0,0,0,0,0,0
סַבתָא,0,0,0,0,0,0,1,0,0,0
גראנג',0,0,0,0,0,0,0,0,0,0
גרָנִיט,0,0,0,0,0,0,0,0,0,0
מענק,0,1,0,0,1,0,1,0,0,1
מוענק,0,0,0,0,0,0,1,0,0,0
מקבל מענק,0,0,0,0,0,0,0,0,0,0
מעניק,0,0,0,0,0,0,0,0,0,0
גַרגִירִי,0,0,0,0,0,0,0,0,0,0
גַרגִיר,0,0,0,0,0,0,0,0,0,0
ענבים,0,0,0,0,0,0,0,0,0,0
גרָפִיקָה,0,0,0,0,0,0,0,0,0,0
לְהִתְחַבֵּט,0,0,0,0,0,0,0,0,0,0
לִתְפּוֹס,0,0,0,0,0,0,0,0,0,0
תופס,0,1,0,0,0,1,0,0,0,0
דֶשֶׁא,0,0,0,0,0,0,0,0,0,0
חָגָב,0,0,0,0,0,0,0,0,0,0
דשא,0,0,0,0,0,0,0,0,0,0
לְגַרֵר,0,0,0,0,0,1,0,0,0,0
מְגוּרָד,1,0,0,0,0,1,0,0,0,0
אסיר תודה,0,0,0,0,0,0,1,0,0,0
לספק,0,0,0,0,1,0,1,0,1,0
סָרִיג,1,0,1,0,0,1,0,0,0,0
חִנָם,0,0,0,0,0,0,0,0,0,0
הכרת תודה,0,0,0,0,1,0,1,0,0,0
מְיוּתָר,0,0,1,0,0,0,0,0,0,0
מַעֲנָק,0,0,0,0,0,0,0,0,0,0
קבר,0,0,0,1,0,1,0,1,0,0
חָצָץ,0,0,0,0,0,0,0,0,0,0
חמור יותר,0,0,0,0,0,0,0,0,0,0
משיכה,0,1,0,0,0,0,0,0,0,0
כּוֹחַ הַכּוֹבֶד,0,0,0,0,0,0,0,0,0,0
כוח משיכה,0,0,0,0,0,0,0,0,0,0
רוֹטֶב,0,0,0,0,0,0,0,0,0,0
אפור,0,0,1,0,0,0,0,1,0,0
לִרְעוֹת,0,0,0,0,0,0,0,0,0,0
גריז,0,0,0,0,0,0,0,0,0,0
שמנוני,0,0,1,0,0,0,0,0,0,0
גדול יותר,0,0,0,0,0,0,1,0,0,0
הגדול ביותר,0,0,0,0,0,0,0,0,0,0
מְאוֹד,0,0,0,0,0,0,0,0,0,0
גְדוּלָה,0,0,0,0,1,0,1,0,1,1
חמדנות,1,0,1,0,0,1,0,0,0,0
רודף בצע,0,0,1,0,0,1,0,0,0,0
ירוק,0,0,0,0,1,0,1,0,0,1
חֲמָמָה,0,0,0,0,0,0,0,0,0,0
יְרַקרַק,0,0,0,0,0,0,0,0,0,0
עץ ירוק,0,0,0,0,0,0,0,0,0,0
לברך,0,0,0,0,0,0,0,0,0,0
בְּרָכָה,0,0,0,0,0,0,1,0,1,0
חַברוּתִי,0,0,0,0,0,0,1,0,0,0
רימון,0,0,0,1,0,1,0,0,0,0
אפור,0,0,0,0,0,0,0,0,0,0
גרייהאונד,0,0,0,0,0,0,0,0,0,0
אַסכָּלָה,0,0,0,0,0,0,0,0,0,0
צַעַר,0,0,0,0,0,1,0,1,0,0
תְלוּנָה,1,0,1,0,0,1,0,1,0,0
לְהִתְאַבֵּל,0,0,0,1,0,1,0,1,0,0
חָמוּר,1,0,0,1,0,1,0,1,0,0
גריפין,0,0,0,0,0,0,0,0,0,0
גְרִיל,0,0,0,0,0,0,0,0,0,0
סוֹרָג,0,0,0,0,0,0,0,0,0,0
זוֹעֵף,1,1,1,1,0,1,0,1,0,0
לְזַהֵם,0,0,1,0,0,1,0,0,0,0
מְלוּכלָך,0,0,1,0,0,1,0,0,0,0
לְגַחֵך,0,1,0,0,1,0,1,0,1,1
לִטחוֹן,0,0,0,0,0,0,0,0,0,0
מַלתָעָה,0,0,0,0,0,0,0,0,0,0
שְׁחִיקָה,0,0,0,0,0,1,0,0,0,0
אחיזה,0,0,0,0,0,0,0,0,0,0
מַחרִיד,0,0,1,1,0,1,0,0,0,0
גריסט,0,0,0,0,0,0,1,0,0,0
חצץ,0,0,0,0,0,0,1,0,0,1
גַרגִירִי,0,0,0,0,0,0,0,0,0,0
גריזלי,0,0,0,1,0,1,0,0,0,0
אֲנָקָה,0,0,1,0,0,1,0,1,0,0
בַּעַל מַכּוֹלֶת,0,0,0,0,0,0,0,0,0,0
מצרכים,0,0,0,0,0,0,0,0,0,0
מַכּוֹלֶת,0,0,0,0,0,0,0,0,0,0
מטומטם,0,0,0,0,0,0,0,0,0,0
מִפשָׂעָה,0,0,0,0,0,0,0,0,0,0
חָתָן,0,0,0,0,0,0,0,0,0,0
חָרִיץ,0,0,0,0,0,0,0,0,0,0
לְגַשֵׁשׁ,1,0,1,1,0,1,0,0,0,0
דוחה,0,0,1,0,0,1,0,0,0,0
גרוֹטֶסקִי,0,0,1,0,0,1,0,0,0,0
מְעָרָה,0,0,0,0,0,0,0,0,0,0
"קרקע, אדמה",0,0,0,0,0,0,0,0,0,1
מקורקע,0,0,0,1,0,1,0,1,0,0
חסר בסיס,0,0,0,0,0,1,0,0,0,0
עילה,0,0,0,0,0,0,0,0,0,0
עֲבוֹדַת הַכָנָה,0,0,0,0,0,0,1,0,0,0
קְבוּצָה,0,0,0,0,0,0,0,0,0,0
הַקבָּצָה,0,0,0,0,0,0,0,0,0,0
לִרְטוֹן,0,0,0,0,0,0,0,0,0,0
לְדַיֵס,0,0,0,0,0,0,0,0,0,0
חוּרשָׁה,0,0,0,0,0,0,0,0,0,0
לגדול,0,1,0,0,1,0,1,0,0,1
לִנְהוֹם,1,0,0,1,0,1,0,0,0,0
נַהַם,1,0,1,1,0,1,0,0,0,0
צְמִיחָה,0,0,0,0,0,0,1,0,0,0
לְחַטֵט,0,0,0,0,0,0,0,0,0,0
טִינָה,1,0,0,0,0,1,0,0,0,0
בְּלִי רָצוֹן,0,0,0,0,0,1,0,0,0,0
מַבעִית,0,0,1,0,0,1,0,0,0,0
צָרוּד,1,0,1,0,0,1,0,0,0,0
לִרְטוֹן,1,0,1,0,0,1,0,0,0,0
מְמוּרמָר,1,0,1,0,0,1,0,1,0,0
לִנְחוֹר,0,0,0,0,0,0,0,0,0,0
להבטיח,0,0,0,0,0,0,1,0,0,1
עֲרֵבוּת,0,0,0,0,0,0,0,0,0,0
שומר,0,0,0,1,0,0,1,0,0,1
שָׁמוּר,0,0,0,0,0,0,0,0,0,1
אַפּוֹטרוֹפּוֹס,0,0,0,0,0,0,1,0,0,1
פַּטרוֹנוּת,0,0,0,0,0,0,1,0,0,1
שומרים,0,0,0,0,0,0,0,0,0,0
מושל,0,0,0,0,0,0,1,0,0,1
גרילה,0,0,0,1,0,1,0,0,0,0
לְנַחֵשׁ,0,0,0,0,0,0,0,0,1,0
ניחושים,0,0,0,0,0,0,0,0,0,0
אוֹרֵחַ,0,0,0,0,0,0,0,0,0,0
הַדְרָכָה,0,0,0,0,0,0,1,0,0,1
להנחות,0,0,0,0,0,0,1,0,0,1
מַדרִיך,0,0,0,0,0,0,1,0,0,1
גִילדָה,0,0,0,0,0,0,0,0,0,0
עָרמָה,0,0,0,0,0,1,0,0,0,0
מַעֲרֶפֶת,1,1,1,1,0,1,0,1,0,0
אַשׁמָה,0,0,1,0,0,1,0,1,0,0
אָשֵׁם,1,0,0,0,0,1,0,1,0,0
גינאה,0,0,0,0,0,0,0,0,0,0
דְמוּת,0,0,0,0,0,1,0,0,0,0
גִיטָרָה,0,0,0,0,0,0,0,0,0,0
gules,0,0,0,0,0,0,0,0,0,0
מפרץ,0,0,0,0,0,0,0,0,0,0
שַׁחַף,0,0,0,0,0,1,0,0,0,0
פֶּתִי,0,0,0,0,0,1,0,1,0,1
עָרוּץ,0,0,0,0,0,0,0,0,0,0
לִבלוֹעַ,0,0,0,1,0,0,0,0,1,0
גומי לעיסה,0,0,0,0,0,0,0,0,0,0
דָבִיק,0,0,0,0,0,0,0,0,0,0
אֶקְדָח,1,0,0,1,0,1,0,0,0,0
תוֹתְחָן,0,0,0,0,0,0,0,0,0,0
אבקת שריפה,0,0,0,1,0,0,0,0,0,0
גורו,0,0,0,0,0,0,1,0,0,1
פֶּרֶץ,0,0,1,0,1,1,0,0,0,0
שקע,0,0,0,0,0,0,0,0,0,1
משב,0,0,0,0,0,0,0,0,0,0
סוֹעֵר,0,0,0,0,0,0,0,0,0,0
מְעִי,0,0,1,0,0,0,0,0,0,0
אומץ,0,0,0,0,0,0,1,0,0,0
מַרזֵב,0,0,1,0,0,0,0,0,0,0
בָּחוּר,0,0,0,0,0,0,0,0,0,0
זולל,0,0,0,0,0,1,0,0,0,0
גִימנַסִיָה,0,0,0,0,0,0,0,0,0,0
מִתְעַמֵל,0,0,0,0,0,0,1,0,0,0
התעמלות,0,0,0,0,0,0,0,0,0,0
התעמלות,0,0,0,0,0,0,0,0,0,0
גִינֵקוֹלוֹגִיָה,0,0,0,0,0,0,0,0,0,0
צועני,0,0,0,0,0,1,0,0,0,0
ג'ִירוֹסקוֹפּ,0,0,0,0,0,0,0,0,0,0
הֶרגֵל,0,0,0,0,0,0,0,0,0,0
בית גידול,0,0,0,0,0,0,1,0,0,0
מְגוּרִים,0,0,0,0,0,0,0,0,0,0
רָגִיל,0,1,0,0,0,0,0,0,0,0
כָּרָגִיל,0,0,0,0,0,0,0,0,0,0
hacienda,0,0,0,0,0,0,0,0,0,0
מְכַשֵׁפָה,0,0,1,1,0,1,0,0,0,0
כָּחוּשׁ,0,0,0,0,0,1,0,1,0,0
לְהִתְמַקֵחַ,0,0,0,0,0,0,0,0,0,0
בָּרָד,0,0,0,0,0,1,1,0,0,1
שיער,0,0,0,0,0,0,0,0,0,0
שָׂעִיר,0,0,1,0,0,1,0,0,0,0
בָּרִיא,0,0,0,0,0,0,1,0,0,0
חֲצִי,0,0,0,0,0,0,0,0,0,0
בְּחַצִי הַדֶרֶך,0,0,0,0,0,1,0,0,0,0
אולם,0,0,0,0,0,0,0,0,0,0
מְקוּדָשׁ,0,0,0,0,0,0,0,0,0,0
הֲזָיָה,0,0,0,1,0,1,0,0,0,0
הֵל,0,0,0,0,0,0,0,0,0,0
לַעֲצוֹר,0,0,0,0,0,0,0,0,0,0
לוּלָאַת תְלִיָה,1,0,0,1,0,1,0,1,0,0
צְלִיעָה,0,0,0,1,0,1,0,1,0,0
לחצות,0,0,0,0,0,0,0,0,0,0
חציה,0,0,0,0,0,0,0,0,0,0
חזיר,0,0,0,0,0,0,0,0,0,0
כְּפָר קָטָן,0,0,0,0,0,0,0,0,0,0
פטיש,0,0,0,0,0,0,0,0,0,0
פטיש,0,0,0,0,0,0,0,0,0,0
עַרסָל,0,0,0,0,0,0,0,0,0,0
סל,0,0,0,0,0,1,0,0,0,0
גִיד הַבֶּרֶך,1,0,0,0,0,1,0,1,0,0
יד,0,0,0,0,0,0,0,0,0,0
חוברת הדרכה,0,0,0,0,0,0,0,0,0,1
קוֹמֶץ,0,0,0,0,0,0,0,0,0,0
מִגבָּלָה,0,0,0,0,0,1,0,1,0,0
מְלֶאכֶת יָד,0,0,0,0,0,0,0,0,0,0
מְלֶאכֶת יָד,0,0,0,0,0,0,0,0,0,0
מִמחָטָה,0,0,0,0,0,0,0,0,0,0
ידית,0,0,0,0,0,0,0,0,0,0
נאה,0,0,0,0,0,0,0,0,0,0
כְּתַב יָד,0,0,0,0,0,0,0,0,0,0
שימושי,0,0,0,0,0,0,1,0,0,0
לִתְלוֹת,0,0,0,0,0,0,0,0,0,0
מוּסָך מְטוֹסִים,0,0,0,0,0,0,0,0,0,0
תְלִיָה,1,0,1,1,0,1,0,1,0,0
איש תלוי,0,0,0,1,0,1,0,0,0,0
לבלות,0,0,0,0,0,0,0,0,0,0
פְּקַעַת,0,0,0,0,0,0,0,0,0,0
עֲרִיגָה,0,1,0,0,0,0,0,0,0,0
האפ,0,1,0,0,0,0,0,0,1,0
אַקרַאִי,0,0,0,0,0,0,0,0,0,0
לִקְרוֹת,0,1,0,0,0,0,0,0,0,0
מתרחש,0,0,0,0,0,0,0,0,0,0
בשמחה,0,0,0,0,1,0,1,0,0,0
אושר,0,1,0,0,1,0,1,0,0,0
שַׂמֵחַ,0,1,0,0,1,0,1,0,0,1
לְהָצִיק,1,0,1,0,0,1,0,0,0,0
הַטרָדָה,1,0,0,0,0,0,0,0,0,0
מְבַשֵׂר,1,1,0,1,0,1,0,0,0,0
נמל,0,0,0,0,0,0,0,0,0,1
לְהַקְשִׁיחַ,0,0,0,0,0,0,0,0,0,0
מוּקשֶׁה,1,0,1,1,0,1,0,0,0,0
הִתקַשׁוּת,0,0,0,0,0,0,0,0,0,0
קַשִׁיוּת,0,0,0,0,0,1,0,0,0,0
מצוקה,0,0,0,0,0,1,0,1,0,0
חוּמרָה,0,0,0,0,0,0,0,0,0,0
עמיד,0,0,0,0,1,0,1,0,0,1
אַרנֶבֶת,0,0,0,0,0,0,0,0,0,0
הַרמוֹן,0,0,0,0,0,0,0,0,0,0
זוֹנָה,0,0,1,0,0,1,0,0,0,0
לפגוע,0,0,0,1,0,1,0,0,0,0
מַזִיק,1,0,1,1,0,1,0,1,0,0
מַפּוּחִית,0,0,0,0,0,0,0,0,0,0
תוֹרַת הַרמוֹנִיָה,0,0,0,0,0,0,0,0,0,0
באופן הרמוני,0,0,0,0,1,0,1,0,0,1
לְתַאֵם,0,0,0,0,0,0,0,0,0,0
הַרמוֹנִיָה,0,0,0,0,1,0,1,0,0,1
לִרְתוֹם,0,0,0,0,0,0,0,0,0,0
הארפר,0,0,0,0,0,0,0,0,0,0
צֶ'מבָּלוֹ,0,0,0,0,0,0,0,0,0,0
מצמרר,0,0,0,1,0,1,0,0,0,0
לְהָצִיק,1,0,0,0,0,1,0,1,0,0
גַסוּת,1,0,0,1,0,1,0,0,0,0
הארט,0,0,0,0,0,0,0,0,0,0
קְצִיר,0,1,0,0,1,0,1,0,0,0
בְּלִיל,0,0,0,0,0,1,0,0,0,0
חֲשִׁישׁ,0,0,0,0,0,1,0,0,0,0
מְהִירוּת,0,1,0,0,0,0,0,0,0,0
לזרז,0,0,0,0,0,0,0,0,0,0
בחיפזון,0,0,0,0,0,0,0,0,0,0
חפוז,0,0,0,0,0,1,0,0,0,0
כּוֹבַע,0,0,0,0,0,0,0,0,0,0
לִבקוֹעַ,0,0,0,0,0,0,0,0,0,0
גרזן,0,0,0,0,0,0,0,0,0,0
שִׂנאָה,1,0,1,1,0,1,0,1,0,0
נִתעָב,1,0,1,1,0,1,0,1,0,0
שׂוֹנֵא,1,0,0,0,0,1,0,0,0,0
שנאה,1,0,1,1,0,1,0,1,0,0
יָהִיר,1,0,0,0,0,1,0,0,0,0
לִגרוֹר,0,0,0,0,0,0,0,0,0,0
הוֹבָלָה,0,0,0,0,0,0,0,0,0,0
לִרְדוֹף,0,0,0,1,0,1,0,0,0,0
רָדוּף רוּחוֹת,0,0,0,1,0,1,0,1,0,0
מִקְלָט,0,0,0,0,0,0,1,0,0,1
הֶרֶס,1,0,0,1,0,1,0,0,0,0
הוו,0,0,0,0,0,0,0,0,0,0
נֵץ,0,0,0,1,0,0,0,0,0,0
רוֹכְלוּת,0,0,0,0,0,0,0,0,0,0
מִפגָע,0,0,0,1,0,1,0,0,0,0
מְסוּכָּן,0,0,0,1,0,1,0,0,0,0
עֲרָפֶל,0,0,0,1,0,1,0,0,0,0
מעורפל,0,0,0,0,0,0,0,0,0,0
רֹאשׁ,0,0,0,0,0,0,0,0,0,0
כְּאֵב רֹאשׁ,0,0,0,0,0,1,0,0,0,0
מצנפת,0,0,0,0,0,0,0,0,0,0
כּוֹתֶרֶת,0,0,0,0,0,0,0,0,0,0
כיסוי ראש,0,0,0,0,0,0,0,0,0,0
כּוֹתֶרֶת,0,0,0,0,0,0,0,0,0,0
כַּף,0,0,0,0,0,0,0,0,0,0
פָּנָס קִדמִי,0,1,0,0,0,0,0,0,0,0
כּוֹתֶרֶת,0,0,0,0,0,0,0,0,0,0
פָּזִיז,0,0,0,0,0,0,0,0,0,0
מַטֶה,0,0,0,0,0,0,0,0,0,0
מצבה,0,0,0,0,0,0,0,0,0,0
הִתקַדְמוּת,0,0,0,0,0,0,1,0,0,0
מְשַׁכֵּר,0,0,0,0,0,1,0,0,0,0
לְרַפֵּא,0,0,0,0,1,0,1,0,0,1
מַרפֵּא,0,1,0,0,1,0,1,0,0,1
בְּרִיאוּת,0,0,0,0,0,0,0,0,0,0
בריא,0,0,0,0,1,0,1,0,0,0
בָּרִיא,0,0,0,0,0,0,1,0,0,0
ערימה,0,0,0,0,0,0,0,0,0,0
לִשְׁמוֹעַ,0,0,0,0,0,0,0,0,0,0
שׁוֹמֵעַ,0,0,0,0,0,0,0,0,0,0
שמיעה,0,0,0,1,0,1,0,0,0,0
שְׁמוּעָה,0,0,0,0,0,1,0,0,0,0
קְרוֹן הַמֵת,0,0,0,1,0,1,0,1,0,0
לֵב,0,0,0,0,0,0,0,0,0,0
כְּאֵב לֵב,0,0,0,0,0,1,0,1,0,0
צַרֶבֶת,0,0,0,0,0,1,0,0,0,0
מקרב לב,0,0,0,0,1,0,1,1,0,1
מוֹקֵד,0,0,0,0,0,0,1,0,0,0
מִקֶרֶב לֵב,0,0,0,0,1,0,1,0,0,0
חֲסַר לֵב,0,0,0,0,0,1,0,1,0,0
לבבות,0,0,0,0,0,0,0,0,0,0
תולעת לב,0,0,1,0,0,0,0,0,0,0
חוֹם,0,0,0,0,0,0,0,0,0,0
מְחוּמָם,0,0,0,0,0,0,0,0,0,0
תנור חימום,0,0,0,0,0,0,0,0,0,0
עֲרָבָה,0,0,0,0,0,0,0,0,0,0
עוֹבֵד אֵלִילִים,0,0,0,1,0,1,0,0,0,0
אַברָשׁ,0,0,0,0,0,0,0,0,0,0
הַסָקָה,0,0,0,0,0,0,0,0,0,0
לְהַנִיף,0,0,0,0,0,0,0,0,0,0
שְׁמֵימִי,0,1,0,0,1,0,1,0,0,1
שמים,0,0,0,0,1,0,1,0,0,1
בִּכְבֵדוּת,0,0,0,0,0,1,0,0,0,0
כְּבֵדוּת,0,0,0,0,0,0,0,0,0,0
הִתרוֹמְמוּת,0,0,0,0,0,0,0,0,0,0
הקטרים,0,0,0,0,0,0,0,0,0,0
קדחתני,0,0,0,0,0,0,0,0,0,0
גָדֵר חַיָה,0,0,0,0,0,0,0,0,0,0
קִפּוֹד,0,0,0,0,0,0,0,0,0,0
הדוניזם,0,0,0,0,1,1,1,0,0,0
תְשׁוּמַת לֵב,0,0,0,0,0,0,0,0,0,0
עָקֵב,0,0,0,0,0,1,0,0,0,0
עקבים,0,0,0,0,0,0,0,0,0,0
משקל,0,1,0,1,0,0,1,0,0,0
הגמונית,0,0,0,0,0,0,0,0,0,0
עֶגלָה,0,0,0,0,0,0,0,0,0,0
גוֹבַה,0,0,0,0,0,0,0,0,0,0
לְהַגבִּיר,0,0,0,1,0,1,0,0,0,0
מְתוֹעָב,0,0,0,0,0,1,0,0,0,0
יורש,0,0,0,0,0,0,0,0,0,0
יוֹרֶשֶׁת,0,0,0,0,0,0,0,0,0,0
נֶכֶס מוּרָשׁ,0,0,0,0,0,0,0,0,0,0
יורשים,0,0,0,0,0,0,0,0,0,0
סליל,0,0,0,0,0,0,0,0,0,0
חֶלזוֹנִית,0,0,0,0,0,0,0,0,0,0
גֵיהִנוֹם,1,0,1,1,0,1,0,1,0,0
שְׂטָנִי,1,0,1,1,0,1,0,1,0,0
הֶגֶה,0,0,0,0,0,0,0,0,0,0
קַסדָה,0,0,0,1,0,0,1,0,0,0
עוֹזֵר,0,0,0,0,0,0,1,0,0,1
מוֹעִיל,0,0,0,0,1,0,1,0,0,1
חסר ישע,0,0,0,1,0,1,0,1,0,0
אָזְלַת יַד,0,0,0,1,0,1,0,1,0,0
מַכְפֶּלֶת,0,0,0,0,0,0,0,0,0,0
המטיט,0,0,0,0,0,0,0,0,0,0
חמי,0,0,0,0,0,0,0,0,0,0
המיספרה,0,0,0,0,0,0,0,0,0,0
חצי כדור,0,0,0,0,0,0,0,0,0,0
רוֹשׁ,0,0,0,0,0,0,0,0,0,0
שטף דם,0,0,1,1,0,1,0,1,0,0
טְחוֹרִים,0,0,0,0,0,1,0,0,0,0
קַנָבוֹס,0,0,0,0,0,0,0,0,0,0
תַרְנְגוֹלֶת,0,0,0,0,0,0,0,0,0,0
מֵעַתָה וְאֵילָך,0,0,0,0,0,0,0,0,0,0
לְבַשֵׂר,0,0,0,0,0,0,0,0,0,0
הרלדיקה,0,0,0,0,0,0,0,0,0,0
עֵשֶׂב,0,0,0,0,0,0,0,0,0,0
עשבוני,0,0,0,0,0,0,0,0,0,0
צמחים,0,0,0,0,0,0,1,0,0,0
עשבוני,0,0,0,0,0,0,0,0,0,0
עֵדֶר,0,0,0,0,0,0,0,0,0,0
תוֹרַשְׁתִי,0,0,0,0,0,0,0,0,0,0
תוֹרָשָׁה,0,0,0,0,0,0,0,0,0,0
כְּפִירָה,0,0,0,0,0,1,0,0,0,0
כּוֹפֵר,0,0,1,0,0,1,0,0,0,0
כפירה,0,0,0,0,0,0,0,0,0,0
עד כה,0,0,0,0,0,0,0,0,0,0
לכאן ולכאן,0,0,0,0,0,0,0,0,0,0
בָּזֶה,0,0,0,0,0,0,0,0,0,0
מוֹרֶשֶׁת,0,0,0,0,0,0,0,0,0,1
אַנְדְרוֹגִינוּס,0,0,0,0,0,1,0,0,1,0
פַּרשָׁנוּת,0,0,0,0,0,0,0,0,0,0
נָזִיר,0,0,0,0,0,0,0,1,0,1
בֶּקַע,0,0,0,0,0,0,0,0,0,0
גיבור,0,1,0,0,1,0,1,0,1,1
הֵרוֹאִי,0,0,0,0,1,0,1,0,1,1
גבורה,0,0,0,0,0,0,1,0,0,0
הֵרוֹאִין,0,0,0,0,0,1,0,0,0,0
אֲלִילָה,0,0,0,0,0,0,1,0,0,1
גְבוּרָה,0,1,0,0,1,0,1,0,1,1
הֶרפֵּס,0,0,1,0,0,1,0,0,0,0
וירוס הרפס,0,0,1,0,0,1,0,0,0,0
חוֹשֵׁשׁ,0,0,0,0,0,0,0,0,0,0
היסוס,0,0,0,1,0,1,0,0,0,0
ההטרוגניות,0,0,0,0,0,0,0,0,0,0
לַחְטוֹב,0,0,0,0,0,0,0,0,0,0
מְשׁוּשֶׁה,0,0,0,0,0,0,0,0,0,0
תְקוּפַת הַשִׂיא,0,1,0,0,1,0,1,0,0,1
הַפסָקָה זְמַנִית,0,0,0,0,0,0,0,0,0,0
למצב שינה,0,0,0,0,0,0,0,0,0,0
תַרְדֵמָה,0,0,0,0,0,0,0,0,0,0
לְשַׁהֵק,0,0,0,0,0,0,0,0,0,0
מוּסתָר,0,0,0,0,0,1,0,0,0,0
להתחבא,0,0,0,1,0,0,0,0,0,0
מְכוֹעָר,0,0,1,1,0,1,0,1,0,0
הַסתָרָה,0,0,0,1,0,0,0,0,0,0
היררכי,0,0,0,0,0,0,0,0,0,0
גָבוֹהַ,0,0,0,0,0,0,0,0,0,0
גבוה יותר,0,0,0,0,0,0,0,0,0,0
הֲכִי גָבוֹהַ,0,1,0,1,1,1,1,0,1,0
היילנד,0,0,0,0,0,0,0,0,0,0
רמות גבוהות,0,0,0,0,0,0,0,0,0,0
גובה,0,0,0,0,0,0,0,0,0,0
כביש מהיר,0,0,0,0,0,0,0,0,0,0
מְטַיֵל,0,0,0,0,0,0,0,0,0,0
מצחיק,0,0,0,0,1,0,1,0,1,0
צָהֳלָה,0,0,0,0,1,0,1,0,0,0
גִבעָה,0,0,0,0,0,0,0,0,0,0
הֲרָרִי,0,0,0,0,0,0,0,0,0,0
יָדִית,0,0,0,0,0,0,0,0,0,0
אֲחוֹרִי,0,0,0,0,0,0,0,0,0,0
מעכבים,0,0,0,0,0,1,0,1,0,0
מִכשׁוֹל,0,0,0,0,0,1,0,0,0,0
צִיר,0,0,0,0,0,0,0,0,0,0
רֶמֶז,0,0,0,0,0,0,0,0,0,0
עוֹרֶף,0,0,0,0,0,0,0,0,0,0
ירך,0,0,0,0,0,0,0,0,0,0
היפי,0,0,0,0,0,1,0,0,0,0
לִשְׂכּוֹר,0,1,0,0,1,0,1,0,0,1
שָׂעִיר,0,0,0,0,0,0,0,0,0,0
לִלְחוֹשׁ,1,0,0,1,0,1,0,0,0,0
שְׁרִיקוּת,0,0,0,0,0,1,0,0,0,0
היסטולוגיה,0,0,0,0,0,0,0,0,0,0
הִיסטוֹרִיוֹן,0,0,0,0,0,0,0,0,0,0
הִיסטוֹרִי,0,0,0,0,0,0,0,0,0,0
היסטוריוגרפיה,0,0,0,0,0,0,0,0,0,0
הִיסטוֹרִיָה,0,0,0,0,0,0,0,0,0,0
מכה,1,0,0,0,0,1,0,0,0,0
עַד כֹּה,0,0,0,0,0,1,0,0,0,0
כוורת,0,0,0,0,0,1,0,0,0,0
לֶאֱגוֹר,0,0,0,0,0,0,0,0,0,0
צָרוּד,0,0,0,0,0,1,0,0,0,0
צרורה,0,0,0,0,0,1,0,1,0,0
מתיחה,1,0,1,0,0,1,0,1,1,0
כיריים,0,0,0,0,0,0,0,0,0,0
תַחבִּיב,0,0,0,0,1,0,1,0,0,0
נַוָד,0,0,0,0,0,1,0,1,0,0
הוֹקֵי,0,0,0,0,0,0,0,0,0,0
מַעדֵר,0,0,0,0,0,0,0,0,0,0
חֲזִיר,0,0,1,0,0,1,0,0,0,0
לְהַנִיף,0,0,0,0,0,0,0,0,0,0
לְהַחזִיק,0,0,0,0,0,0,0,0,0,0
מַחְזִיק,0,0,0,0,0,0,0,0,0,0
הַחזָקָה,0,0,0,0,0,0,0,0,0,0
חור,0,0,0,0,0,0,0,0,0,0
חַג,0,1,0,0,1,0,1,0,0,0
קְדוּשָׁה,0,1,0,1,1,0,1,0,1,1
חָלוּל,0,0,0,0,0,1,0,1,0,0
שׁוֹאָה,1,0,1,1,0,1,0,1,0,0
קָדוֹשׁ,0,0,0,0,0,0,1,0,0,0
כָּבוֹד,0,0,0,0,0,0,1,0,0,0
חֲסַר בַּיִת,1,1,1,1,0,1,0,1,0,0
הומאופתי,0,0,0,0,0,0,0,0,0,0
הוֹמֵיאוֹפָּתִיָה,0,0,0,0,0,0,0,0,0,0
מִתגַעֲגֵעַ הַבַּיתָה,0,0,0,0,0,1,0,1,0,0
בית בית,0,0,0,0,0,0,0,0,0,0
שיעורי בית,0,0,0,1,0,0,0,0,0,0
רצחני,1,0,0,1,0,1,0,0,0,0
רצח,1,0,1,1,0,1,0,1,0,0
דְרָשָׁה,0,0,0,0,0,0,0,0,0,0
הוֹמוֹגֵנִיוּת,0,0,0,0,0,0,0,0,0,0
הוֹמוֹגֵנִי,0,0,0,0,0,0,0,0,0,0
הומולוגי,0,0,0,0,0,0,0,0,0,0
הומלוג,0,0,0,0,0,0,0,0,0,0
הומולוגיה,0,0,0,0,0,0,1,0,0,0
לְחַדֵד,0,0,0,0,0,0,0,0,0,0
יָשָׁר,1,0,1,1,1,0,1,1,0,1
יוֹשֶׁר,0,0,0,0,0,0,1,0,0,1
דבש,0,0,0,0,0,0,1,0,0,0
חַלַת דְבַשׁ,0,0,0,0,0,0,0,0,0,0
יָרֵחַ דְבַשׁ,0,1,0,0,1,0,1,0,1,1
יַעְרָה,0,0,0,0,0,0,0,0,0,0
כָּבוֹד,0,0,0,0,0,0,1,0,0,1
כָּבוּד,0,0,0,0,0,0,1,0,0,1
מַעֲנָק כָּבוֹד,0,0,0,0,0,0,0,0,0,0
בַּרדָס,1,0,1,1,0,1,0,0,0,0
מְכוּסֶה,0,0,0,1,0,0,0,0,0,0
פַּרסָה,0,0,0,0,0,0,0,0,0,0
וו,0,0,0,0,0,0,0,0,0,0
מָכוּר,0,0,0,0,0,1,0,0,0,0
זוֹנָה,0,0,0,0,0,0,0,0,0,0
חישוק,0,0,0,0,0,0,0,0,0,0
לִצְפּוֹר,1,0,1,0,0,1,0,0,0,0
לִקְפּוֹץ,0,0,0,0,0,0,0,0,0,0
לְקַווֹת,0,1,0,0,1,0,1,0,1,1
מלא תקווה,0,1,0,0,1,0,1,0,1,1
אָבוּד,0,0,0,1,0,1,0,1,0,0
חוסר תקווה,1,0,1,1,0,1,0,1,0,0
תקוות,0,0,0,0,0,0,0,0,0,0
מקווה,0,0,0,0,0,0,0,0,0,0
קוֹטֵף,0,0,0,0,0,0,0,0,0,0
עֵרֶב רַב,0,0,0,0,0,1,0,0,1,0
אופק,0,1,0,0,0,0,1,0,0,0
אופקי,0,0,0,0,0,0,0,0,0,0
אופקית,0,0,0,0,0,0,0,0,0,0
צופר,0,0,0,0,0,0,0,0,0,0
צִרעָה,0,0,0,0,0,0,0,0,0,0
מְיוֹבָּל,0,0,0,0,0,0,0,0,0,0
הוֹרוֹסקוֹפּ,0,1,0,0,0,0,0,0,0,0
מַחרִיד,1,0,1,1,0,1,0,0,0,0
בצורה נוראית,0,0,0,0,0,1,0,0,0,0
מַגְעִיל,1,0,1,1,0,1,0,1,0,0
מַחרִיד,1,0,1,1,0,1,0,1,0,0
מזועזע,0,0,0,1,0,1,0,0,0,0
מחריד,0,0,1,1,0,1,0,1,0,0
חֲרָדָה,1,0,1,1,0,1,0,1,1,0
זוועות,0,0,0,1,0,1,0,1,0,0
סוּס,0,0,0,0,0,0,0,0,0,1
פָּרָשׁ,0,0,0,0,0,0,0,0,0,0
פַּרסָה,0,0,0,0,0,0,0,0,0,0
גננות,0,0,0,0,0,0,0,0,0,0
גַנָנוּת,0,0,0,0,0,0,0,0,0,0
צינור,0,0,0,0,0,0,0,0,0,0
לְבָנִים,0,0,0,0,0,0,0,0,0,0
אַכְסַנִיָה,0,0,0,0,0,0,0,1,0,0
בית חולים,0,0,0,1,0,0,0,1,0,1
הכנסת אורחים,0,0,0,0,0,0,1,0,0,0
בת ערובה,1,0,0,1,0,1,0,0,0,0
הוסטל,0,0,0,0,0,0,0,0,0,0
עוין,1,0,1,1,0,1,0,0,0,0
פְּעוּלוֹת אֵיבָה,1,0,0,1,0,1,0,0,0,0
עוֹיְנוּת,1,0,1,0,0,1,0,0,0,0
חַם,1,0,0,0,0,0,0,0,0,0
חֲמָמָה,0,0,0,0,0,0,0,0,0,0
מלון,0,0,0,0,0,0,0,0,0,0
שָׁעָה,0,0,0,0,0,0,0,0,0,0
שָׁעוֹן חוֹל,0,0,0,0,0,0,0,0,0,0
מדי שעה,0,0,0,0,0,0,0,0,0,0
בַּיִת,0,0,0,0,0,0,0,0,0,0
בית,0,0,0,0,0,0,1,0,0,0
בַּעַל בַּיִת,0,0,0,0,0,0,0,0,0,0
אב בית,0,0,0,0,0,0,0,0,0,0
משק בית,0,0,0,0,0,0,1,0,0,0
עֲקֶרֶת הַבַּיִת,0,0,0,0,0,0,0,0,0,0
דיור,0,0,0,0,0,0,0,0,0,0
רַחֶפֶת,0,0,0,0,0,0,0,0,0,0
יְלָלָה,1,0,1,1,0,1,0,1,1,0
איך שלא יהיה,0,0,0,0,0,0,0,0,0,0
היי,0,0,0,0,0,0,0,0,0,0
רכזת,0,0,0,0,0,0,0,0,0,0
לְהִצְטוֹפֵף,0,0,0,0,0,0,0,0,0,0
צֶבַע,0,0,0,0,0,0,0,0,0,0
רוֹגֶז,1,0,1,0,0,1,0,0,0,0
לְחַבֵּק,0,0,0,0,1,0,1,0,0,1
עָצוּם,0,0,0,0,0,0,0,0,0,0
ענק,0,0,1,0,0,0,0,0,0,0
לְקַלֵף,0,0,0,0,0,0,0,0,0,0
זִמזוּם,0,0,0,0,0,0,0,0,0,0
בן אנוש,0,0,0,0,0,0,0,0,0,0
אֶנוֹשִׁי,0,0,0,0,0,0,1,0,0,0
הוּמָנִיטָרִי,0,1,0,0,1,0,1,0,1,1
מַדָעֵי הָרוּחַ,0,0,0,0,0,0,0,0,0,0
אֶנוֹשִׁיוּת,0,0,0,0,1,0,1,0,0,1
צנוע,0,0,1,0,0,1,1,1,0,0
נַעֲנֶה,0,0,0,0,0,0,1,1,0,0
בצניעות,0,0,0,0,0,0,1,0,0,0
רַמַאִי,1,0,1,0,0,1,0,1,0,0
לח,0,0,0,0,0,0,0,0,0,0
לחות,0,0,0,0,0,0,0,0,0,0
לְהַשְׁפִּיל,1,0,0,0,0,1,0,1,0,0
משפיל,0,0,1,0,0,1,0,0,0,0
הַשׁפָּלָה,0,0,1,0,0,1,0,1,0,0
עֲנָוָה,0,0,0,0,0,0,1,0,0,1
האמר,0,0,0,0,0,0,0,0,0,0
יונק דבש,0,0,0,0,0,0,0,0,0,0
ענק,0,0,0,0,0,0,0,0,0,0
הוּמוֹרִיסט,0,0,0,0,0,0,1,0,0,0
הומוריסטי,0,0,0,0,1,0,1,0,0,0
גַבנוּן,0,0,0,0,0,0,0,0,0,0
תְחוּשָׁה,0,0,0,0,0,1,0,0,0,0
מֵאָה,0,0,0,0,0,0,0,0,0,0
מֵאְית,0,0,0,0,0,0,0,0,0,0
רעב,0,0,0,0,0,0,0,0,0,0
רעב,0,1,0,0,0,1,0,0,0,0
חֲתִיך,0,0,0,0,0,0,0,0,0,0
חתיכים,0,0,0,0,0,0,0,0,0,0
לָצוּד,0,0,0,0,0,0,0,0,0,0
צַיָד,0,1,0,1,0,1,0,1,0,0
ציד,1,1,0,1,0,1,0,0,0,0
לְהַשְׁלִיך,0,0,0,0,0,0,0,0,0,0
מהירה,0,0,0,0,1,0,1,0,0,0
הוֹרִיקָן,0,0,0,1,0,1,0,0,0,0
מיהרתי,0,1,0,0,0,1,0,0,0,0
לְמַהֵר,0,1,0,0,0,0,0,0,0,0
כאב,1,0,0,1,0,1,0,1,0,0
פּוֹגֵעַ,1,0,1,1,0,1,0,1,0,0
כואב,1,0,0,1,0,1,0,1,0,0
חקלאות,0,0,0,0,0,0,1,0,0,1
לְהַשְׁתִיק,0,0,0,0,0,0,1,0,0,0
שקט,0,0,0,0,0,0,0,0,0,0
לְקַלֵף,0,0,0,0,0,0,0,0,0,0
צָרוּד,0,0,0,0,0,0,0,0,0,0
הֲמוּלָה,0,0,0,0,0,0,0,0,0,0
פְּעַלתָן,0,0,0,0,0,1,0,0,0,0
צְרִיף,0,0,0,0,0,0,1,1,0,0
לוּל,0,0,0,0,0,0,0,0,0,0
יַקִינתוֹן,0,0,0,0,0,0,0,0,0,0
היברידי,0,0,0,0,0,0,0,0,0,0
הידרה,0,0,0,1,0,1,0,0,0,0
הידראוליקה,0,0,0,0,0,0,0,0,0,0
הידרוצפלוס,0,0,1,1,0,1,0,1,0,0
הידרודינמיקה,0,0,0,0,0,0,0,0,0,0
מֵימָן,0,0,0,0,0,0,0,0,0,0
הידרוגרפי,0,0,0,0,0,0,0,0,0,0
הידרולוגיה,0,0,0,0,0,0,0,0,0,0
גֵהוּת,0,0,0,0,0,0,0,0,0,0
הִיגִיֵנִי,0,0,0,0,0,0,1,0,0,0
הִמנוֹן,0,1,0,0,1,0,1,1,0,1
התלהבות,0,1,0,0,0,1,0,0,0,0
הַגזָמָה,0,0,0,0,0,1,0,0,0,0
היפרטרופיה,0,0,1,1,0,0,0,0,1,0
מַקָף,0,0,0,0,0,0,0,0,0,0
הִיפּנוֹטִי,0,0,0,0,0,0,0,0,0,0
מהופנט,0,0,0,0,0,0,0,0,0,0
צְבִיעוּת,0,0,0,0,0,1,0,0,0,0
צָבוּעַ,0,0,1,0,0,1,0,0,0,0
צבוע,0,0,1,0,0,1,0,0,0,0
הַשׁעָרָה,0,1,0,0,0,0,0,0,1,0
הִיפּוֹתֵטִי,0,0,0,0,0,0,0,0,0,0
הִיסטֵרִיָה,0,0,0,1,0,1,0,0,0,0
הִיסטֵרִי,1,0,0,1,0,1,0,0,0,0
קרח,0,0,0,0,0,0,0,0,0,0
קַרחוֹן,0,0,0,0,0,0,0,0,0,0
סמל,0,0,0,0,0,0,0,0,0,0
איקוני,0,0,0,0,0,0,0,0,0,0
איקונוגרפיה,0,0,0,0,0,0,0,0,0,0
קרחי,0,0,0,0,0,0,0,0,0,0
רַעְיוֹן,0,0,0,0,0,0,0,0,0,0
אידיאליזם,0,0,0,0,0,0,1,0,0,0
אידיאליסט,0,0,0,0,0,0,0,0,0,0
זֵהֶה,0,0,0,0,0,0,0,0,0,0
זהה,0,0,0,0,0,0,0,0,0,0
זיהוי,0,0,0,0,0,0,0,0,0,0
לזהות,0,0,0,0,0,0,0,0,0,0
זהות,0,0,0,0,0,0,0,0,0,0
אִידֵאוֹלוֹגִיָה,0,0,0,0,0,0,0,0,0,0
טִמטוּם הַמוֹחַ,1,0,1,0,0,1,0,1,0,0
נִיב,0,0,0,0,0,0,0,0,0,0
אידיומטי,0,0,0,0,0,0,0,0,0,0
אִידיוֹט,0,0,1,0,0,1,0,0,0,0
אִידיוֹטִי,1,0,1,0,0,1,0,0,0,0
לְהִתְבַּטֵל,0,0,0,0,0,0,0,0,0,0
בַּטָלָה,0,0,0,0,0,0,0,0,0,0
בטלן,0,0,0,0,0,1,0,0,0,0
אֱלִיל,0,0,0,0,0,0,1,0,0,0
עבודת אלילים,0,0,1,1,0,1,0,0,0,0
אִיגְלוּ,0,0,0,0,0,0,0,0,0,0
דלקתיות,0,0,0,0,0,0,0,0,0,0
לְהַצִית,0,0,0,0,0,0,0,0,0,0
הַצָתָה,0,0,0,0,0,0,0,0,0,0
בּוּרוּת,0,0,0,0,0,1,0,0,0,0
בור ועם הארץ,0,0,1,0,0,1,0,0,0,0
להתעלם,0,0,0,0,0,1,0,0,0,0
דומים,0,0,0,0,0,0,0,0,0,0
חולה,1,0,1,1,0,1,0,1,0,0
בִּלתִי חוּקִי,1,0,1,1,0,1,0,1,0,0
אִי חוּקִיוּת,1,0,1,1,0,1,0,0,0,0
באופן לא חוקי,0,0,0,0,0,0,0,0,0,0
לֹא קָרִיא,0,0,0,0,0,1,0,0,0,0
לֹא חוּקִי,1,0,1,1,0,1,0,1,1,0
לֹא חוּקִי,1,0,1,1,0,1,0,0,0,0
בּוּר,0,0,1,0,0,1,0,0,0,0
מחלה,0,0,0,1,0,1,0,1,0,0
לֹא הֶגיוֹנִי,0,0,0,0,0,1,0,0,0,0
להאיר,0,1,0,0,1,0,1,0,1,0
תְאוּרָה,0,0,0,0,1,0,1,0,1,1
מאיר,0,0,0,0,0,0,0,0,0,0
אַשְׁלָיָה,0,0,0,0,0,1,0,0,1,0
להמחיש,0,0,0,0,0,0,1,0,0,0
אִיוּר,0,0,0,0,0,0,0,0,0,0
להמחשה,0,0,0,0,0,0,0,0,0,0
מְהוּלָל,0,0,0,0,0,0,1,0,0,0
תמונה,0,0,0,0,0,0,0,0,0,0
דימויים,0,0,0,0,0,0,0,0,0,0
דִמיוֹנִי,0,0,0,0,0,0,0,0,0,0
דִמיוֹן,0,0,0,0,0,0,0,0,0,0
דִמיוֹנִי,0,0,0,0,0,0,1,0,0,0
לדמיין,0,0,0,0,0,0,0,0,0,0
דמיינו,0,0,0,0,0,0,0,0,0,0
מדמיין,0,0,0,0,0,0,0,0,0,0
אימאם,0,0,0,0,0,0,0,0,0,0
מוטבע,0,0,0,0,0,0,0,0,0,0
לְחַקוֹת,0,0,0,0,0,0,0,0,0,0
חיקוי,0,0,0,0,0,1,0,0,0,0
חיקוי,0,0,0,0,0,1,0,0,0,0
לְלֹא רְבָב,0,0,0,0,1,0,1,0,0,1
לֹא מְשַׁנֵה,0,0,0,0,0,0,0,0,0,0
לֹא מְפוּתָח,0,1,0,0,0,1,0,0,0,0
חוֹסֶר בַּגרוּת,1,1,0,0,0,1,0,0,0,0
לְלֹא גְבוּל,0,0,0,0,0,0,0,0,0,0
לאין שיעור,0,0,0,0,0,0,0,0,0,0
דְחִיפוּת,0,0,0,0,0,0,0,0,1,0
מיד,0,1,0,0,0,1,1,0,0,0
קָדוּם,0,0,0,0,0,0,0,0,0,0
עצום,0,0,0,0,0,0,1,0,0,0
לִטבּוֹל,0,1,0,1,1,0,1,0,1,1
טְבִילָה,0,0,0,0,0,0,0,0,0,0
מְהַגֵר,0,0,0,1,0,0,0,0,0,0
עלייה,0,0,0,0,0,0,0,0,0,0
מְמַשׁמֵשׁ וּבָא,0,1,0,1,0,0,0,0,0,0
לֹא מוּסָרִי,1,0,1,1,0,1,0,1,0,0
אִי מוּסָרִיוּת,1,0,1,0,0,1,0,0,0,0
בן אלמוות,0,0,0,0,0,0,1,0,0,0
נֵצַח,0,1,0,0,0,0,0,0,0,0
בלתי ניתנת להזזה,0,0,0,0,0,1,1,0,0,1
חֲסִין,0,0,0,0,0,0,0,0,0,0
חֲסִינוּת,0,0,0,0,0,0,0,0,0,0
הִתחַסְנוּת,0,0,0,0,0,0,0,0,0,1
בלתי ניתן לשינוי,0,0,0,0,0,0,0,0,0,0
שֵׁד,0,0,0,0,0,0,0,0,0,0
פְּגִיעָה,0,0,0,0,0,0,0,0,0,0
לִפְגוֹם,0,0,0,0,0,1,0,0,0,0
ירידת ערך,0,0,0,0,0,1,0,0,0,0
לְהַקְנוֹת,0,0,0,0,0,0,1,0,0,1
אוֹבּיֶקְטִיבִי,0,0,0,0,0,0,1,0,0,1
חוסר משוא פנים,0,0,0,0,0,0,1,0,0,1
לֹא עָבִיר,0,0,0,0,0,1,0,0,0,0
נִלהָב,0,0,0,0,0,0,0,0,0,0
חוֹסֶר סַבְלָנוּת,0,0,0,0,0,1,0,0,0,0
חסר סבלנות,0,1,0,0,0,1,0,0,0,0
להדיח,0,0,1,1,0,1,0,0,0,0
הדחה,0,0,0,0,0,1,0,0,0,0
לְלֹא דוֹפִי,0,0,0,0,0,0,1,0,0,1
לְעַכֵּב,0,0,0,0,0,1,0,0,0,0
מְנִיעָה,0,0,0,0,0,0,0,0,0,0
דחף,0,0,0,0,0,0,0,0,0,0
מְמַשׁמֵשׁ וּבָא,0,1,0,1,0,0,0,0,0,0
אָטוּם,0,0,0,0,0,0,0,0,0,1
הֶכְרֵחִי,0,0,0,0,0,0,0,0,0,0
בלתי מורגש,0,0,0,0,0,0,0,0,0,0
פְּגָם,0,0,0,0,0,1,0,0,0,0
בצורה לא מושלמת,0,0,0,0,0,1,0,0,0,0
קֵיסָרִי,0,0,0,0,0,0,0,0,0,0
בִּלתִי חָדִיר,1,0,0,1,0,0,0,0,0,0
אסור,0,0,0,0,0,0,0,0,0,0
לֹא אִישִׁי,0,0,0,0,0,0,0,0,0,0
לְהִתְחַזוֹת,0,0,0,0,0,1,0,0,0,0
התחזות,0,0,0,0,0,1,0,0,0,0
אָטוּם,0,0,0,0,0,0,1,0,0,0
תְנוּפָה,0,0,0,0,0,0,0,0,0,0
ללא רחמים,0,0,0,0,0,1,0,0,0,0
לִשְׁתוֹל,0,0,0,0,0,0,0,0,0,0
הַשׁרָשָׁה,0,0,0,0,0,0,0,0,0,0
מושתל,0,0,0,0,0,0,0,0,0,0
ליישם,0,0,0,0,0,0,0,0,0,0
לְסַבֵּך,1,0,0,0,0,1,0,0,0,0
מעורב,0,0,0,0,0,0,0,0,0,0
מַשְׁמָעוּת,0,0,0,0,0,0,0,0,0,0
מְרוּמָז,0,0,0,0,0,0,0,0,0,0
לְהִתְחַנֵן,0,0,0,0,0,0,0,0,0,0
התפרצות,0,0,0,0,0,0,0,0,0,0
לִרְמוֹז,0,0,0,0,0,0,0,0,0,0
לא מנומס,0,0,1,0,0,1,0,0,0,0
יְבוּא,0,0,0,0,0,0,0,0,0,0
חֲשִׁיבוּת,0,1,0,0,0,0,1,0,0,0
חָשׁוּב,0,0,0,0,0,0,1,0,0,1
יְבוּא,0,0,0,0,0,0,0,0,0,0
לֶאֱכוֹף,0,0,0,0,0,0,0,0,0,0
מְפוֹאָר,0,0,0,0,0,0,0,0,0,0
הַטָלָה,0,0,0,0,0,1,0,0,0,0
אִי אֶפְשָׁרוּת,0,0,0,0,0,0,0,0,0,0
בלתי אפשרי,0,0,0,0,0,1,0,1,0,0
עֲקָרוּת,1,0,0,1,0,1,0,1,0,0
עָקָר,0,0,0,0,0,1,0,0,0,0
לְהַחרִים,0,0,0,0,0,1,0,0,0,0
לֹא מַעֲשִׂי,0,0,0,0,0,1,0,0,0,0
לְהַרְשִׁים,0,0,0,0,0,0,1,0,0,0
רוֹשֶׁם,0,0,0,0,0,0,1,0,0,0
ניתן להשפיע,0,0,0,0,0,0,0,0,0,1
חוֹתָם,0,0,0,0,0,0,0,0,0,0
לִכלוֹא,0,0,0,0,0,1,0,0,0,0
כָּלוּא,1,0,1,1,0,1,0,1,0,0
מַאֲסָר,1,0,1,1,0,1,0,1,0,0
לֹא סָבִיר,0,0,0,0,0,0,0,0,0,0
מְאוּלתָר,0,0,0,0,0,0,0,0,0,0
חוסר תקינות,0,0,0,0,0,1,0,0,0,0
לְשַׁפֵּר,0,1,0,0,1,0,1,0,0,1
מְשׁוּפָּר,0,0,0,0,0,0,1,0,0,0
הַשׁבָּחָה,0,0,0,0,1,0,1,0,0,1
משתפר,0,0,0,0,0,0,1,0,0,0
אִלתוּר,0,0,0,0,0,0,0,0,1,0
לְאַלתֵר,0,1,0,0,0,0,1,0,1,0
מְאוּלתָר,0,0,0,0,0,0,0,0,0,0
לֹא זָהִיר,0,0,0,0,0,1,0,1,0,0
דַחַף,0,0,0,0,0,0,0,0,0,0
פְּטוֹר מִעוֹנֶשׁ,0,0,0,0,0,0,0,0,0,0
טָמֵא,0,0,1,0,0,1,0,0,0,0
טוּמאָה,0,0,1,0,0,1,0,0,0,0
זקיפה,0,0,0,0,0,1,0,0,0,0
חוסר יכולת,0,0,0,0,0,1,0,1,0,0
לא נגיש,0,0,0,0,0,1,0,0,0,0
לֹא מְדוּיָק,0,0,0,0,0,1,0,0,0,0
אִי פֵּעוּלָה,0,0,0,0,0,1,0,0,0,0
לבטל,0,0,0,0,0,0,0,0,0,0
אִיוּן פְּעוּלָה,0,0,0,0,0,0,0,0,0,0
לֹא פָּעִיל,0,0,0,0,0,0,0,0,0,0
חוֹסֶר פְּעִילוּת,0,0,0,0,0,1,0,0,0,0
אי כשירות,0,0,0,0,0,1,0,0,0,0
לָקוּי,0,0,0,0,0,1,0,1,0,0
לֹא קָבִיל,1,0,1,0,0,1,0,0,0,0
בשוגג,0,0,0,0,0,0,0,0,0,0
מבלי משים,0,0,0,0,0,0,0,0,0,0
שֶׁאֵין לְהַעבִירוֹ,0,0,0,0,0,0,1,0,0,0
מְטוּפָּשׁ,0,0,0,0,0,1,0,0,0,0
דוֹמֵם,0,0,0,0,0,0,0,0,0,0
לֹא יָשִׂים,0,0,0,0,0,1,0,0,0,0
לא ראוי,1,0,1,0,0,1,0,1,0,0
אי הקשבה,1,0,0,0,0,1,0,0,0,0
בלתי נשמע,0,0,0,0,0,1,0,0,0,0
פתיחה,0,1,0,0,0,0,0,0,0,0
לַחֲנוֹך,0,0,0,0,0,0,0,0,0,0
חֲנוּכָּה,0,1,0,0,1,0,1,0,0,1
מוּטבָּע,0,0,0,0,0,0,0,0,0,0
מגזע,0,0,0,0,0,0,0,0,0,0
בלתי ניתן לחישוב,0,0,0,0,0,1,0,0,0,0
זוֹהֵר,0,0,0,0,0,0,0,0,0,0
לֹא מְסוּגָל,0,0,0,0,0,0,0,0,0,0
נָכוּת,0,0,0,0,0,1,0,0,0,0
כְּלִיאָה,1,0,1,1,0,1,0,1,0,0
במקרה,1,0,1,1,0,1,0,1,0,0
מַבעִיר,1,0,0,1,0,1,0,0,1,0
קְטוֹרֶת,1,0,0,0,0,1,0,0,0,0
תַמרִיץ,0,0,0,0,0,0,0,0,0,0
הַתחָלָה,0,0,0,0,0,0,0,0,0,0
תְמִידִי,0,0,0,0,0,1,0,0,0,0
ללא הרף,0,0,0,0,0,0,0,0,0,0
גילוי עריות,1,0,1,1,0,1,0,1,0,0
עריות,0,0,1,0,0,1,0,0,0,0
אִינְטשׁ,0,0,0,0,0,0,0,0,0,0
שכיחות,0,0,0,0,0,0,0,0,0,0
תַקרִית,0,0,0,0,0,0,0,0,1,0
אַגַב,0,0,0,0,0,0,0,0,0,0
שריפה,0,0,0,0,0,1,0,0,0,0
הֶתחֵלִי,0,0,0,0,0,0,0,0,0,0
חֲתָך,0,0,0,0,0,0,0,0,0,0
נוֹקֵב,0,0,0,0,0,0,1,0,0,0
לְהַסִית,1,1,0,1,0,1,0,0,0,0
הֲסָתָה,0,0,0,0,0,0,0,0,0,0
סַגרִירִי,0,0,0,0,0,1,0,0,0,0
יֵצֶר,0,0,0,0,0,0,0,0,0,0
לנטות,0,0,0,0,0,0,0,0,0,1
נוֹטֶה,0,0,0,0,0,0,0,0,0,0
לִכלוֹל,0,0,0,0,0,0,1,0,0,0
כלול,0,0,0,0,0,0,1,0,0,0
לְרַבּוֹת,0,0,0,0,0,0,1,0,0,0
הַכלָלָה,0,0,0,0,0,0,0,0,0,1
כָּלוּל,0,0,0,0,0,0,1,0,0,0
גלישה בסתר,0,0,0,0,0,0,0,0,0,0
מְבוּלבָּל,0,0,0,0,0,1,0,0,0,0
הַכנָסָה,0,1,0,0,1,1,1,1,0,1
נִכנָס,0,0,0,0,0,0,0,0,0,0
שאינו עולה בקנה אחד,1,0,1,0,0,1,0,1,0,0
חוֹסֶר כִּשָׁרוֹן,0,0,0,0,0,1,0,0,0,0
חֲסַר יְכוֹלֶת,1,0,0,0,0,1,0,1,0,0
באופן לא שלם,0,0,0,0,0,0,0,0,0,0
פְּגִימוּת,0,0,0,0,0,1,0,0,0,0
לא מובן,0,0,0,0,0,1,0,0,0,0
לא חד משמעי,0,0,0,0,0,0,0,0,0,0
לֹא מַתְאִים,1,0,0,0,0,1,0,0,0,0
חֲסַר חֲשִׁיבוּת,0,0,0,0,0,1,0,1,0,0
לֹא מִתְחַשֵׁב,1,0,1,0,0,1,0,1,0,0
חוסר עקביות,0,0,0,0,0,1,0,0,0,0
לֹא בּוֹלֵט,0,0,0,0,0,0,0,0,0,0
בריחת שתן,0,0,0,0,0,0,0,0,1,0
לֹא נוֹחַ,1,0,1,0,0,1,0,1,0,0
בעמ,0,0,0,0,0,0,0,0,0,0
הִתגַשְׁמוּת,0,0,0,0,0,0,0,0,0,0
לֹא נָכוֹן,0,0,0,0,0,1,0,0,0,0
להגביר,0,0,0,0,0,0,1,0,0,0
מוּגדָל,0,0,0,0,0,0,0,0,0,0
סַפקָנִי,1,0,1,0,0,1,0,0,0,0
תוֹסֶפֶת,0,0,0,0,0,0,0,0,0,0
הַפלָלָה,0,0,0,1,0,1,0,1,0,0
דְגִירָה,0,0,0,0,0,0,0,0,0,0
אינקובוס,0,0,1,1,0,1,0,0,0,0
לִיטוֹל עַל עַצמוֹ,0,0,0,0,0,1,0,0,0,0
חָשׁוּך מַרפֵּא,1,0,1,1,0,1,0,1,0,0
פְּלִישָׁה,0,0,0,1,0,1,0,0,0,0
אסיר תודה,0,0,0,0,0,0,0,0,0,0
מגונה,1,0,1,0,0,0,0,0,0,0
מְגוּנֶה,0,0,1,0,0,1,0,0,0,0
הַסְסָנוּת,0,0,0,0,0,1,0,0,0,0
הססני,0,0,0,0,0,1,0,0,0,0
בלתי ניתן להגנה,0,0,0,1,0,1,0,0,0,0
בלתי ניתן למחיקה,0,0,0,0,0,0,1,0,0,1
שיפוי,0,0,0,0,0,0,0,0,0,0
לְפַצוֹת,0,0,0,0,0,1,0,0,0,0
שִׁפּוּי,0,0,0,0,0,0,1,0,0,1
לְשַׁנֵן,0,0,0,0,0,0,0,0,0,1
הֲזָחָה,0,0,0,0,0,0,0,0,0,0
חתימה,1,0,0,0,0,1,0,0,0,0
עצמאות,0,1,0,0,1,0,1,0,1,1
עצמאי,0,0,0,0,0,0,0,0,0,0
לֹא יְתוּאָר,0,0,0,0,0,0,0,0,0,0
בלתי ניתן להריסה,0,0,0,0,0,0,1,0,0,1
לֹא קָבוּעַ,0,0,0,0,0,1,0,0,0,0
אינדקס,0,0,0,0,0,0,0,0,0,0
מציין,0,0,0,0,0,0,0,0,0,0
סִימָן,0,0,0,0,0,0,0,0,0,0
מְעִיד עַל,0,0,0,0,0,0,0,0,0,0
אינדיקטור,0,0,0,0,0,0,0,0,0,0
מדד,0,0,0,0,0,0,0,0,0,0
לְהַאֲשִׁים,1,0,0,1,0,1,0,0,0,0
כתב אישום,0,0,0,1,0,1,0,0,0,0
אֲדִישׁוּת,1,0,1,1,0,1,0,1,0,0
יְלִידִי,0,0,0,0,0,0,0,0,0,0
נִצרָך,0,0,0,0,0,1,0,1,0,0
קִלקוּל קֵבָה,0,0,0,0,0,0,0,0,0,0
מִתרַעֵם,1,0,0,0,0,1,0,0,0,0
כַּעַס,1,0,1,0,0,1,0,0,0,0
אִינדִיגוֹ,0,0,0,0,0,0,0,0,0,0
עקיף,0,0,0,0,0,0,0,0,0,0
חִיוּנִי,0,0,0,0,0,0,0,0,0,0
לֹא בָּרוּר,0,0,0,0,0,1,0,0,0,0
בלתי נבדל,0,0,0,0,0,0,0,0,0,0
אִינְדִיבִידוּאָלִיוּת,0,0,0,0,0,0,1,0,0,0
בלתי ניתן לחלוקה,0,0,0,0,0,0,0,0,0,1
אינדוקטרינציה,1,0,0,1,0,1,0,0,0,0
עָצֵל,0,0,0,0,0,1,0,0,0,0
לְלֹא חַת,0,0,0,1,0,0,1,0,0,0
בתוך הבית,0,0,0,0,0,0,0,0,0,0
לְהַשְׁרוֹת,0,0,0,0,0,0,0,0,0,0
מושרה,0,0,0,0,0,0,0,0,0,0
תמריץ,0,0,0,0,0,0,0,0,0,0
הַשׁרָאָה,0,0,0,0,0,0,0,0,0,0
לְפַנֵק,0,0,0,0,0,0,0,0,0,0
פינוק,0,0,0,0,0,0,0,0,0,0
וַתְרָנִי,0,0,0,0,0,0,0,0,0,0
חָרוּץ,0,0,0,0,0,0,0,0,0,0
תַעֲשִׂיָה,0,0,0,0,0,0,0,0,0,0
בַּל יְתוּאַר,0,0,0,0,0,0,1,0,0,0
לֹא יָעִיל,0,0,0,0,0,1,0,0,0,0
לֹא יָעִיל,0,0,1,0,0,1,0,0,0,0
אִי יְעִילוּת,0,0,1,0,0,1,0,1,0,0
לֹא יָעִיל,0,0,0,0,0,1,0,1,0,0
לא גמיש,0,0,0,0,0,0,0,0,0,0
לא זכאי ל,0,0,0,0,0,0,0,0,0,0
שׁטוּתִי,1,0,1,0,0,1,0,0,0,0
חוסר יכולת,0,0,1,1,0,1,0,1,0,0
אי שיוויון,1,0,0,1,0,1,0,1,0,0
חוסר שוויון,0,0,0,0,0,1,0,0,0,0
נרפה,0,0,0,0,0,1,0,0,0,0
אִינֶרצִיָה,0,0,0,0,0,0,0,0,0,0
בִּלתִי נִמנַע,0,0,0,0,0,0,0,0,0,0
לֹא מְדוּיָק,0,0,0,0,0,0,0,0,0,0
בלתי נסלח,1,0,1,0,0,1,0,1,0,0
לֹא אַכזָב,0,0,0,0,0,0,0,0,0,0
לא יקר,0,0,0,0,0,0,1,0,0,0
חוֹסֶר נִסָיוֹן,0,0,0,0,0,1,0,0,0,0
לֹא מְנוּסֶה,0,0,0,0,0,1,0,0,0,0
שֶׁאֵין לְהַסבִּירוֹ,0,0,0,0,0,1,0,0,1,0
חוסר תקלות,0,0,0,0,0,0,0,0,0,1
וַדָאִי,0,0,0,0,0,0,1,0,0,0
מְתוֹעָב,1,0,1,1,0,1,0,0,0,0
קָלוֹן,0,0,0,0,0,1,0,1,0,0
יַנקוּת,0,0,0,0,0,0,0,0,0,0
תִינוֹק,0,1,0,1,1,0,1,0,1,0
רצח תינוקות,1,1,1,1,0,1,0,1,0,0
יַלדוּתִי,1,0,1,0,0,1,0,0,0,0
חֵיל הַרַגלִים,0,0,0,0,0,0,0,0,0,0
אוטם,0,0,0,1,0,1,0,0,1,0
אַהֲבָה עִוֶרֶת,0,0,0,0,0,0,0,0,0,0
בלתי אפשרי,0,0,0,0,0,0,0,0,0,0
לְהַדבִּיק,0,0,1,0,0,1,0,0,0,0
הַדבָּקָה,0,0,0,1,0,1,0,0,0,0
מִדַבֵּק,0,0,1,1,0,1,0,1,0,0
לְהַסִיק,0,0,0,0,0,0,0,0,0,0
הסקה,0,0,0,0,0,0,0,0,0,0
מסקנות,0,0,0,0,0,0,0,0,0,0
נָחוּת,0,0,0,0,0,1,0,1,0,0
נְחִיתוּת,0,0,0,0,0,1,0,0,0,0
תוֹפֶת,1,0,0,1,0,1,0,0,0,0
עָקָר,0,0,0,0,0,0,0,0,0,0
אִי פּוּרִיוּת,0,0,0,0,0,1,0,1,0,0
שְׁרִיצָה,0,0,1,1,0,1,0,0,0,0
כּוֹפֵר,1,0,1,1,0,1,0,0,0,0
אי נאֱמנות,1,0,1,1,0,1,0,1,0,0
הִסתַנְנוּת,0,0,0,0,0,1,1,0,0,0
אֵינְסוֹף,0,0,0,0,0,0,1,0,0,0
אין סוף,0,0,0,0,0,0,0,0,0,0
זָעִיר מְאֹד,0,0,0,0,0,0,0,0,0,0
אינסוף,0,1,0,0,1,0,1,0,0,1
חוֹלֶה,0,0,0,0,0,1,0,0,0,0
מרפאה,0,0,0,0,0,0,0,0,0,0
חוּלשָׁה,0,0,0,1,0,1,0,0,0,0
דַלֶקֶת,0,0,0,0,0,1,0,0,0,0
מְנוּפָּח,0,0,0,0,0,1,0,0,0,0
אִינפלַצִיָה,0,0,0,1,0,1,0,0,0,0
נטיה,0,0,0,0,0,0,0,0,0,0
לִגרוֹם,1,0,0,1,0,1,0,1,0,0
גרימה,0,0,0,1,0,1,0,1,0,0
תִפרַחַת,0,0,0,0,0,0,0,0,0,0
לְהַשְׁפִּיעַ,0,0,0,0,0,1,1,0,0,0
בעל השפעה,0,0,0,0,0,0,1,0,0,1
שַׁפַעַת,0,0,0,0,0,1,0,0,0,0
זֶרֶם,0,0,0,0,0,0,0,0,0,0
לדווח,0,0,0,0,0,0,0,0,0,1
לא רשמי,0,0,0,0,0,0,0,0,0,0
מודיע,0,0,0,0,0,0,0,0,0,0
מֵידָע,0,0,0,0,0,0,1,0,0,0
מעודכן,0,0,0,0,0,0,0,0,0,0
מוֹדִיעַ,0,0,0,0,0,1,0,0,0,0
הפרה,1,0,0,0,0,1,0,0,0,0
נָדִיר,0,0,0,0,0,0,0,0,1,0
לְעִתִים רְחוֹקוֹת,0,0,0,0,0,1,0,0,0,0
הֲפָרָה,0,0,0,0,0,1,0,0,0,0
להחדיר,0,0,0,0,0,0,0,0,0,0
חדורים,0,0,0,0,0,0,0,0,0,0
אִינפוּזִיָה,0,0,0,0,0,0,0,0,0,0
מְחוּכָּם,0,0,0,0,0,0,1,0,0,0
שְׁנִינוּת,0,0,0,0,0,0,0,0,0,0
לְהֵבָּלַע,0,0,0,0,0,0,0,0,0,0
הַכנָסַת מָזוֹן,0,0,0,0,0,0,0,0,0,0
מְטִיל,0,0,0,0,0,0,0,0,0,0
עָמוֹק,0,0,0,0,0,0,0,0,0,0
מַרכִּיב,0,0,0,0,0,0,0,0,0,0
כניסה,0,0,0,0,0,0,0,0,0,0
לָגוּר,0,0,0,0,0,0,0,0,0,0
תוֹשָׁב,0,0,0,0,0,0,0,0,0,0
מְאוּכלָס,0,0,0,0,0,0,0,0,0,0
מאכלסים,0,0,0,0,0,0,0,0,0,0
שְׁאִיפָה,0,0,0,0,0,0,0,0,0,0
לִשְׁאוֹף,0,0,0,0,0,0,0,0,0,0
טבוע,0,0,0,0,0,0,0,0,0,0
לָרֶשֶׁת,0,0,0,0,0,0,0,0,0,0
יְרוּשָׁה,0,1,0,0,1,0,1,0,1,1
לעכב,1,0,1,0,0,1,0,1,0,0
עַכָּבָּה,0,0,0,0,0,0,0,0,0,0
בלתי מסביר פנים,0,0,0,0,0,1,0,1,0,0
לֹא אֶנוֹשִׁי,1,0,1,1,0,1,0,1,0,0
אַכְזָרִיוּת,0,0,0,0,0,1,0,1,0,0
עוֹיֵן,1,0,0,0,0,1,0,1,0,0
בלתי ניתן לחיקוי,0,0,0,0,0,0,1,0,0,1
עָווֹן,0,0,1,0,0,1,0,0,0,0
התחלתי,0,0,0,0,0,0,0,0,0,0
לִיזוֹם,0,0,0,0,0,0,0,0,0,0
יָזוּם,0,0,0,0,0,0,0,0,0,0
יוזמה,0,0,0,0,0,0,0,0,0,0
לְהַזרִיק,0,0,0,0,0,0,0,0,0,0
זריקה,0,0,0,1,0,0,0,0,0,0
צַו מְנִיעָה,0,0,0,0,0,1,0,0,0,0
לִפְגוֹעַ,1,0,0,1,0,1,0,1,0,0
נִפגָע,0,0,0,1,0,1,0,1,0,0
פּוֹגֵעַ,1,0,0,1,0,1,0,1,0,0
פציעה,1,0,0,1,0,1,0,1,0,0
אי צדק,1,0,0,0,0,1,0,0,0,0
דְיוֹ,0,0,0,0,0,0,0,0,0,0
רֶמֶז,0,0,0,0,0,0,0,0,0,0
פְּנִים הָאָרֶץ,0,0,0,0,0,0,0,0,0,0
שִׁבּוּץ,0,0,0,0,0,0,0,0,0,0
מִפרָצוֹן,0,0,0,0,0,0,0,0,0,0
אָסִיר,0,0,1,1,0,1,0,0,0,0
אכסניה,0,0,0,0,0,0,0,0,0,0
מוּטבָּע,0,0,0,0,0,0,0,0,0,0
הפנימי ביותר,0,0,0,0,0,0,0,0,0,0
סיבובים,0,0,0,0,0,0,0,0,0,0
פּוּנדְקַאִי,0,0,0,0,0,0,0,0,0,0
חפות מפשע,0,0,0,0,0,0,1,0,0,0
חף מפשע,0,0,0,0,0,0,1,0,0,1
בתמימות,0,0,0,0,0,0,1,0,0,0
לא מזיק,0,0,0,0,0,0,1,0,0,0
לְחַדֵשׁ,0,0,0,0,0,0,1,0,0,0
חדשנות,0,0,0,0,0,0,1,0,0,0
רְמִיזַת זִלזוּל,0,0,0,0,0,0,0,0,0,0
אין ספור,0,0,0,0,0,0,0,0,0,0
הַרכָּבָה,0,1,0,0,0,0,0,0,0,1
לֹא פּוֹעֵל,1,0,0,0,0,1,0,0,0,0
מוּפרָז,0,0,0,0,0,0,0,0,0,0
דוֹמֵם,0,0,0,0,0,0,0,0,0,0
חֲקִירָה,0,0,0,0,0,0,0,0,0,0
לשאול,0,0,0,0,0,0,0,0,0,0
שואל,0,0,0,0,0,0,1,0,0,0
שואל,0,0,0,0,0,0,0,0,0,0
חֲקִירָה,0,1,0,0,0,0,1,0,0,0
סקרן,0,0,0,0,0,0,1,0,0,0
מטורף,1,0,0,1,0,1,0,0,0,0
אי שפיות,1,0,1,1,0,1,0,1,0,0
כְּתוֹבֶת,0,0,0,0,0,0,0,0,0,0
בלתי ניתן לבירור,0,0,0,0,0,0,0,0,0,0
חֶרֶק,0,0,0,0,0,0,0,0,0,0
לֹא בָּטוּחַ,1,0,0,1,0,1,0,1,0,0
חוסר ביטחון,0,0,0,1,0,1,0,0,0,0
בלתי נפרד,0,0,0,0,1,0,1,0,0,1
לְהַכנִיס,0,0,0,0,0,0,0,0,0,0
מוּכנָס,0,0,0,0,0,0,0,0,0,0
הַכנָסָה,0,0,0,0,0,0,0,0,0,0
בְּתוֹך,0,0,0,0,0,0,0,0,0,0
ערמומי,1,0,1,1,0,1,0,0,0,0
תוֹבָנָה,0,0,0,0,0,0,0,0,0,0
סִימָנֵי דַרגָה,0,0,0,0,0,0,1,0,0,0
חוסר חשיבות,0,0,0,0,0,1,0,0,0,0
לֹא מַשְׁמָעוּתִי,1,0,0,0,0,1,0,1,0,0
תָפֵל,0,0,0,0,0,1,0,0,0,0
מתעקש,0,0,0,0,0,0,0,0,0,0
חָצוּף,0,0,0,0,0,1,0,0,0,0
לֹא מָסִיס,0,0,0,0,0,0,0,0,0,0
פְּשִׁיטַת רֶגֶל,0,0,0,1,0,1,0,1,1,0
פּוֹשֵׁט רֶגֶל,0,0,0,1,0,1,0,1,0,1
לִבדוֹק,0,0,0,0,0,0,0,0,0,0
מְפַקֵחַ,0,0,0,0,0,0,1,0,0,0
הַשׁרָאָה,0,1,0,0,1,0,1,0,0,0
השראה,0,1,0,0,1,0,1,0,0,1
בהשראת,0,0,0,0,1,0,1,0,1,1
חוסר יציבות,0,0,1,1,0,1,0,0,0,0
להתקין,0,1,0,0,0,0,0,0,0,0
הַתקָנָה,0,0,0,0,0,0,0,0,0,0
פֶּרֶק,0,0,0,0,0,0,0,0,0,0
למשל,0,0,0,0,0,0,0,0,0,0
רֶגַע,0,0,0,0,0,0,0,0,0,0
מִיָדִי,0,0,0,0,0,0,0,0,0,0
באופן מיידי,0,0,0,0,0,0,0,0,0,0
לְהַסִית,0,0,0,0,0,1,0,0,0,0
חִרחוּר,0,0,0,0,0,1,0,0,0,0
לְהַחדִיר,0,0,0,0,0,0,0,0,0,0
יֵצֶר,0,0,0,0,0,0,0,0,0,0
אינסטינקטיבית,1,0,1,1,0,0,1,0,0,0
מכון,0,0,0,0,0,0,0,0,0,1
מוֹסָד,0,0,0,0,0,0,0,0,0,0
לְהוֹרוֹת,0,0,0,0,0,0,1,0,0,1
הורה,0,0,0,0,0,0,0,0,0,0
הוראה,0,0,0,0,0,0,1,0,0,1
הדרכה,0,0,0,0,0,0,0,0,0,0
הוראות,0,1,0,0,0,0,0,0,0,1
מְאַלֵף,0,0,0,0,0,0,0,0,0,0
מַדְרִיך,0,1,0,0,0,0,1,0,0,1
כלי,0,0,0,0,0,0,0,0,0,0
מוֹעִיל,0,0,0,0,0,0,1,0,0,0
נַגָן,0,0,0,0,0,0,0,0,0,0
מַכשִׁירִיוּת,0,0,0,0,0,0,0,0,0,0
אִי סְפִיקָה,1,0,0,0,0,1,0,0,0,0
לא מספיק,0,0,0,0,0,1,0,0,0,0
לא מספיק,0,0,0,0,0,1,0,0,0,0
אינסולרי,0,0,0,0,0,0,0,0,0,0
לְבוּדֵד,0,0,0,0,0,0,0,0,0,0
בִּדוּד,0,0,0,0,0,0,0,0,0,1
לְהַעֲלִיב,1,0,1,0,0,1,0,1,1,0
מַעֲלִיב,1,0,1,1,0,1,0,1,0,0
ביטוח,0,0,0,0,0,0,0,0,0,0
לְהַבטִיחַ,0,0,0,0,0,0,1,0,0,1
מורד מתקומם,0,0,0,0,0,1,0,0,0,0
בלתי עביר,0,0,0,1,0,1,0,1,0,0
הִתקוֹמְמוּת,1,0,0,0,0,1,0,0,0,0
שָׁלֵם,0,0,0,0,0,0,1,0,0,1
בלתי מוחשי,0,0,0,0,0,0,0,0,0,0
מספר שלם,0,0,0,0,0,0,0,0,0,0
בלתי נפרד,0,0,0,0,0,0,0,0,0,0
לשלב,0,0,0,0,0,0,0,0,0,0
שילוב,0,0,0,0,0,0,0,0,0,0
יושרה,0,0,0,0,0,0,1,0,0,1
בִּינָה,0,0,0,0,0,0,1,0,0,0
אִינטֶלֶקְטוּאַלִי,0,0,0,0,0,0,1,0,0,0
אינטליגנציה,0,0,0,1,1,0,1,0,0,1
אִינְטֶלִיגֶנְטִי,0,0,0,0,0,0,1,0,0,1
מוּבָנוּת,0,0,0,0,0,0,0,0,0,0
מוּבָן,0,0,0,0,0,0,0,0,0,0
מתכוון,0,0,0,0,0,0,0,0,0,1
התכוון,0,1,0,0,0,0,1,0,0,0
מתכוון,0,0,0,0,0,0,0,0,0,0
אִינטֶנסִיבִי,1,0,1,1,1,1,1,0,1,1
באופן אינטנסיבי,0,0,0,0,0,0,0,0,0,0
לְהַגבִּיר,0,0,0,0,0,0,0,0,0,0
עָצמָה,0,0,0,0,0,0,0,0,0,0
כוונה,0,0,0,0,0,0,0,0,0,0
מַטָרָה,0,0,0,0,0,0,0,0,0,0
מְכוּוָן,0,0,0,0,0,0,0,0,0,0
בְּמֵזִיד,0,0,0,0,0,0,0,0,0,0
בֵּין,0,0,0,0,0,1,0,1,0,0
אינטראקציה,0,0,0,0,0,0,0,0,0,0
להתערב,0,0,0,1,0,0,0,1,0,0
לעכב,0,0,0,0,0,0,0,0,0,0
יירוט,0,0,0,0,0,0,0,0,0,0
שְׁתַדְלָנוּת,0,0,0,0,0,0,0,0,0,1
מֶחלָף,0,0,0,0,0,0,0,0,0,0
ניתן להחלפה,0,0,0,0,0,0,0,0,0,0
הוחלף,0,0,0,0,0,0,0,0,0,0
אינטרקום,0,0,0,0,0,0,0,0,0,0
יַחֲסֵי מִין,0,0,0,0,0,0,1,0,0,0
תלות הדדית,0,0,0,0,0,0,0,0,0,0
תלויים הדדיים,0,0,0,0,0,0,0,0,0,0
אַמְנָעָה,0,0,0,0,0,1,0,0,0,0
ריבית,0,0,0,0,0,0,1,0,0,0
מעוניין,0,0,1,0,0,0,1,1,0,0
מעניין,0,0,0,0,0,0,1,0,0,0
הַפרָעָה,0,0,0,0,0,1,0,0,0,0
אינטרפרומטר,0,0,0,0,0,0,0,0,0,0
זְמַנִי,0,1,0,0,0,0,0,0,0,0
פְּנִים,0,0,1,0,0,0,1,0,0,1
ביניים,0,0,0,0,0,0,1,0,0,0
הַפסָקָה,0,0,0,0,0,0,1,0,0,0
מתווך,0,0,0,0,0,0,0,0,0,0
ביניים,0,0,0,0,0,0,0,0,0,0
קְבוּרָה,0,0,0,0,0,1,0,1,0,0
נִמשָׁך לְלֹא סוֹף,1,1,0,0,0,1,1,0,0,0
הַפסָקָה,0,1,0,0,0,0,0,0,0,0
סֵרוּגִי,0,0,0,0,0,0,0,0,0,0
מתמחה,0,0,0,0,0,0,0,0,0,0
פְּנִימִי,0,0,0,0,0,0,0,0,0,0
כְּלַפֵּי פְּנִים,0,0,0,0,0,0,0,0,0,0
בינלאומי,0,0,0,0,0,0,0,0,0,0
אינטרפולציה,0,0,0,0,0,0,0,0,0,0
שִׁרבּוּב,0,0,0,0,0,0,0,0,0,0
לפרש,0,0,0,0,0,0,0,0,0,0
פרשנות,0,0,0,0,0,0,0,0,0,0
מְתוּרגְמָן,0,0,0,0,0,0,0,0,0,0
קשורים זה בזה,0,0,0,0,0,0,0,0,0,0
לַחקוֹר,0,0,0,1,0,0,0,0,0,0
חֲקִירָה,0,0,0,1,0,0,0,0,0,0
פסיקת,1,0,0,0,0,1,0,0,1,0
מוּפרָע,0,0,0,0,0,1,0,1,0,0
הַפרָעָה,0,0,0,0,0,0,0,0,0,0
לְהִצְטָלֵב,0,0,0,0,0,0,0,0,0,0
הִצטַלְבוּת,0,0,0,0,0,0,0,0,0,0
מודעת ביניים,0,0,0,0,0,0,0,0,0,0
הַפסָקָה,0,0,0,0,0,0,0,0,0,0
מתערבים,0,0,0,0,0,0,0,0,0,0
התערבות,0,0,0,0,0,1,1,1,0,0
רֵאָיוֹן,0,0,0,0,0,0,0,0,0,0
מראיין,0,0,0,1,0,0,0,0,0,0
עבודה הדדית,0,0,0,0,0,0,0,0,0,0
ערבית,0,0,0,0,0,1,0,0,0,0
פְּנִימִי,0,0,1,0,0,0,0,0,0,0
מְעִי,0,0,0,0,0,0,0,0,0,0
קְרָבַיִם,0,0,0,0,0,0,0,0,0,0
אִינטִימִיוּת,0,0,0,0,0,0,0,0,0,0
אִינטִימִי,0,1,0,0,1,0,1,0,0,1
באופן אינטימי,0,1,0,1,1,0,0,0,0,0
רֶמֶז,0,0,0,0,0,0,0,0,0,0
לְהָטִיל אֵימָה,0,0,0,1,0,1,0,0,0,0
הַפחָדָה,1,0,0,1,0,1,0,0,0,0
בִּלתִי נִסבָּל,1,0,0,0,0,1,0,0,0,0
חוסר סובלנות,1,0,1,1,0,1,0,0,0,0
לֹא סוֹבלָנִי,1,0,1,1,0,1,0,1,0,0
אינטונציה,0,0,0,0,0,0,1,0,0,0
שָׁתוּי,0,0,1,0,0,1,0,0,0,0
הַרעָלָה,0,0,0,0,0,0,0,0,0,0
סוֹרֵר,1,0,0,0,0,1,0,0,0,0
תוך-קירי,0,0,0,0,0,0,0,0,0,0
לְלֹא חַת,0,0,0,0,0,0,1,0,0,0
מוּרכָּב,0,0,0,0,0,0,0,0,0,0
תְכָכִים,0,1,0,1,0,1,0,0,1,0
מסקרן,0,0,0,0,0,0,0,0,0,0
פְּנִימִי,0,0,0,0,0,0,0,0,0,0
מהותית,0,0,0,0,0,0,0,0,0,0
מבוא,0,0,0,0,0,0,0,0,0,0
אֲקָדֵמַאִי,0,0,0,0,0,0,0,0,0,0
הִסתַכְּלוּת פְּנִימִית,0,0,0,0,0,0,0,0,0,0
מְכוּנָס בְּתוֹך עַצמוֹ,0,0,0,0,0,0,0,0,0,0
פּוֹלֵשׁ,1,0,0,1,0,1,0,0,1,0
הִתעָרְבוּת,0,0,0,1,0,1,0,0,0,0
פולשני,1,0,1,1,0,1,0,0,1,0
אינטואיציה,0,0,0,0,0,0,1,0,0,1
אינטואיטיבי,0,0,0,0,0,0,1,0,0,0
באופן אינטואיטיבי,0,1,0,0,0,0,0,0,0,0
הֲצָפָה,0,0,0,0,0,0,0,0,0,0
לִפְלוֹשׁ,1,0,0,1,0,1,0,1,1,0
פּוֹלֵשׁ,1,0,0,1,0,1,0,1,0,0
לא חוקי,0,0,0,0,0,0,0,1,0,0
לִפְסוֹל,0,0,0,0,0,1,0,0,0,0
פסילה,0,0,0,0,0,1,0,0,0,0
נָכוּת,0,0,0,0,0,1,0,0,0,0
לֹא יְסוּלֵא בְּפָּז,0,0,0,0,0,0,0,0,0,0
בִּקְבִיעוּת,0,0,0,0,0,0,1,0,0,0
פְּלִישָׁה,1,0,0,0,0,1,0,0,0,0
לִהַמצִיא,0,0,0,0,0,0,0,0,0,0
הַמצָאָה,0,0,0,0,0,0,0,0,0,0
תַחבְּלָנִי,0,0,0,0,0,0,1,0,0,0
מַמצִיא,0,0,0,0,0,0,1,0,0,0
מְלַאי,0,0,0,0,0,0,0,0,0,0
הפוך,0,0,0,0,0,0,0,0,0,0
בְּיַחַס הָפוּך,0,0,0,0,0,0,0,0,0,0
היפוך,0,0,0,0,0,0,0,0,0,0
לַהֲפוֹך,0,0,0,0,0,0,0,0,0,0
הָפוּך,0,0,0,0,0,0,0,0,0,0
לַחקוֹר,0,0,0,0,0,0,1,0,0,0
חֲקִירָה,0,1,0,0,0,0,0,0,0,0
חוֹקֵר,0,0,0,0,0,0,0,0,0,0
משקיע,0,0,0,0,0,0,0,0,0,0
לְרַעֲנֵן,0,0,0,0,0,0,1,0,0,0
בלתי מנוצח,0,0,0,0,0,0,0,0,0,0
אי נראות,0,0,0,0,0,0,0,0,0,0
בלתי נראה,0,0,0,0,0,0,0,0,0,0
הַזמָנָה,0,1,0,0,0,0,1,0,0,0
להזמין,0,1,0,0,1,0,1,0,1,1
מַזמִין,0,1,0,0,1,0,1,0,1,1
קְרִיאָה,0,1,0,0,0,0,0,0,0,1
חשבונית,0,0,0,0,0,0,0,0,0,0
לעורר,0,1,0,0,0,0,0,0,0,0
לֹא רְצוֹנִי,0,0,0,0,0,1,0,0,0,0
לִפּוּף,1,0,0,0,0,1,0,0,0,0
מְעוֹרָבוּת,1,0,0,0,0,0,0,0,0,0
פְּנִימָה,0,0,0,0,0,0,0,0,0,0
יוֹטָה,0,0,0,0,0,0,0,0,0,0
נִזעָם,1,0,0,0,0,1,0,0,0,0
כַּעַס,1,0,0,0,0,1,0,0,0,0
ססגוני,0,0,0,0,0,0,0,0,0,0
קַשׁתִית,0,0,0,1,0,0,0,0,0,0
בַּרזֶל,0,0,0,0,0,0,1,0,0,1
אִירוֹנִי,0,0,0,0,0,0,0,0,0,0
מגהצים,0,0,0,0,0,1,0,0,0,0
אִירוֹנִיָה,0,0,0,0,0,0,0,0,0,0
הַקרָנָה,0,0,0,0,0,0,0,0,0,0
לא הגיוני,0,0,1,1,0,1,0,0,0,0
חוסר הגיון,0,0,0,0,0,1,0,0,0,0
בִּלתִי מִתפַּשֵׁר,1,0,0,1,0,1,0,1,0,0
בלתי ניתן לצמצום,0,0,0,0,0,0,1,0,0,0
שֶׁאֵין לְהַפרִיכוֹ,0,0,0,0,0,0,1,0,0,1
לֹא סָדִיר,0,0,0,0,0,1,0,0,0,0
חֲרִיגָה,0,0,0,0,0,1,0,0,0,0
באופן לא סדיר,0,0,0,0,0,0,0,0,0,0
לא רלוונטי,0,0,0,0,0,1,0,0,0,0
בלתי ניתן לתיקון,0,0,0,1,0,1,0,1,0,0
בלתי ניתן לדיכוי,0,0,0,0,0,0,0,0,0,0
אין לעמוד בפניו,0,0,0,0,0,0,0,0,0,0
בלי קשר,0,0,0,0,0,0,0,0,0,0
לֹא אַחֲרַאִי,0,0,0,0,0,1,0,0,0,0
חסר כבוד,0,0,0,0,0,1,0,0,0,0
בלתי הפיך,0,0,0,0,0,0,0,0,0,0
לְלֹא תַקָנָה,0,0,0,0,0,1,0,0,0,0
לְהַשְׁקוֹת,0,0,0,0,0,0,0,0,0,0
השקיה,0,0,0,0,0,0,0,0,0,0
נִרגָנוּת,1,0,0,0,0,1,0,0,0,0
עַצבָּנִי,1,0,0,0,0,1,0,0,0,0
מְעַצבֵּן,1,0,1,0,0,1,0,0,0,0
הַקפָּדָה,1,0,1,0,0,1,0,1,0,0
אִי,0,0,0,0,0,0,0,0,0,0
אִי,0,0,0,0,0,0,0,0,0,0
אִיוֹן,0,0,0,0,0,0,0,0,0,0
לְבוּדֵד,0,0,0,0,0,0,0,1,0,0
מְבוּדָד,0,0,0,1,0,1,0,1,0,0
בידוד,0,0,0,0,0,1,0,1,0,0
איזומורפיזם,0,0,0,0,0,0,0,0,0,0
איזותרמית,0,0,0,0,0,0,0,0,0,0
נושא,0,0,0,0,0,0,0,0,0,0
גירוד,0,0,0,0,0,0,0,0,0,0
עִקצוּץ,0,0,0,0,0,0,0,0,0,0
פריט,0,0,0,0,0,0,0,0,0,0
לְפַרֵט,0,0,0,0,0,0,0,0,0,0
פריטים,0,0,0,0,0,0,0,0,0,0
לְחַזֵר,0,0,0,0,0,0,0,0,0,0
איטרציה,0,0,0,0,0,0,0,0,0,0
איטרטיבי,0,0,0,0,0,0,0,0,0,0
נוֹדֵד,0,0,0,0,0,0,0,0,0,0
מַסלוּל,0,0,0,0,0,0,0,0,0,0
שֶׁנהָב,0,0,0,0,0,0,0,0,0,0
דְקִירָה,1,0,0,0,0,0,0,0,0,0
לְקַשְׁקֵשׁ,0,0,0,0,0,1,0,0,0,0
ג'ֵק,0,0,0,0,0,0,0,0,0,0
חֲמוֹר,0,0,0,0,0,0,0,0,0,0
קוּפָּה,0,1,0,0,1,0,1,0,1,0
שקעים,0,0,0,0,0,0,0,0,0,0
יַרקָן,0,0,0,0,0,0,0,0,0,0
אנין,0,0,0,0,0,0,0,0,0,0
מְשׁוּנָן,0,0,0,0,0,0,0,0,0,0
יָגוּאָר,0,0,0,0,0,0,0,0,0,0
כלא,0,0,0,1,0,1,0,1,0,0
ריבה,0,0,0,0,0,0,1,0,0,0
נתקע,0,0,0,0,0,0,0,0,0,0
שָׁרָת,0,0,1,0,0,0,0,0,0,0
יפן,0,0,0,0,0,0,0,0,0,0
קַנקַן,0,0,0,0,0,0,0,0,0,0
ז'רגון,0,0,0,0,0,1,0,0,0,0
צוֹרֵם,0,0,0,1,0,1,0,1,0,0
יָשׁפֵה,0,0,0,0,0,0,0,0,0,0
צַהֶבֶת,0,0,0,1,0,1,0,0,0,0
טִיוּל קָצָר,0,0,0,0,0,0,0,0,0,0
כִּידוֹן,0,0,0,0,0,0,0,0,0,0
לֶסֶת,0,0,0,0,0,0,0,0,0,0
מלתעות,0,0,0,1,0,0,0,0,0,0
עוֹרְבָנִי,0,0,0,0,0,0,0,0,0,0
קַנָאִי,1,0,1,0,0,1,0,0,0,0
קנאה,1,0,1,1,0,1,0,1,0,0
גִ'ינס,0,0,0,0,0,0,0,0,0,0
ג'ִיפּ,0,0,0,0,0,0,0,0,0,0
ג'לי,0,0,0,0,0,0,0,0,0,0
ג'ני,0,0,0,0,0,0,0,0,0,0
לְסַכֵּן,1,0,0,1,0,1,0,0,0,0
סַכָּנָה,0,1,0,1,0,1,0,0,0,0
אִידיוֹט,1,0,0,0,0,0,0,0,1,0
ג'רזי,0,0,0,0,0,0,0,0,0,0
צְחוֹק,0,0,0,0,1,0,1,0,1,0
ליצן החצר,0,0,0,0,0,0,0,0,0,0
מטוס סילון,0,0,0,0,0,0,0,0,0,0
מֵזַח,0,0,0,0,0,0,0,0,0,0
תַכשִׁיט,0,0,0,0,0,0,0,0,0,0
תַכשִׁיטָן,0,0,0,0,0,0,0,0,0,0
תכשיט,0,0,0,0,0,0,0,0,0,0
חָלוּץ,0,0,0,0,0,0,0,0,0,0
קפיצה,0,0,0,0,0,0,0,0,0,0
ג'ימי,0,0,0,0,0,0,0,0,0,0
ג'ִינגֵל,0,0,0,0,0,0,0,0,0,0
עבודה,0,0,0,0,0,0,1,0,0,0
ג'וק,0,0,0,0,0,0,0,0,0,0
רוֹכֵב,0,0,0,0,0,0,0,0,0,0
לָרוּץ,0,0,0,0,0,0,0,0,0,0
ג'ון,0,0,1,0,0,1,0,0,0,0
לְהִצְטַרֵף,0,0,0,0,0,0,1,0,0,0
הצטרף,0,0,0,0,0,0,1,0,0,0
הִצטָרְפוּת,0,0,0,0,0,0,0,0,0,0
משותף,0,0,0,0,0,0,0,0,0,0
יַחַד,0,0,0,0,0,0,0,0,0,0
בדיחה,0,0,0,0,0,1,0,0,0,0
לֵץ,0,0,0,0,1,0,1,0,1,0
מתבדח,0,0,0,0,0,0,1,0,0,0
לְהַקְפִּיץ,0,0,0,0,0,0,0,0,1,0
יורנדה,0,0,0,0,0,1,0,0,0,0
יוֹד,0,0,0,0,0,0,0,0,0,0
כתב עת,0,0,0,0,0,0,0,0,0,0
עיתונות,0,0,0,0,0,0,0,0,0,1
עִתוֹנָאִי,0,0,0,0,0,0,1,0,0,0
מסע,0,1,0,1,1,0,1,0,0,0
אוּמָן שָׂכִיר,0,0,0,0,0,0,0,0,0,1
מִתרוֹנֵן,0,0,0,0,1,0,1,0,0,0
שִׂמְחָה,0,0,0,0,1,0,1,0,0,0
מלא שמחה,0,0,0,0,1,0,1,0,0,1
מְשַׂמֵחַ,0,0,0,0,1,0,1,0,0,0
צוֹהֵל,0,0,0,0,1,0,1,0,1,1
יוֹבֵל,0,0,0,0,1,0,1,0,1,0
לִשְׁפּוֹט,0,0,0,0,0,0,0,0,0,0
שיפוט,0,0,0,0,0,0,0,0,0,0
פְּסַק דִין,0,0,0,0,0,0,0,0,1,0
מִשׁפָּטִי,0,1,0,0,0,0,1,0,0,1
מַעֲרֶכֶת מִשׁפָּטִית,0,1,0,0,0,0,0,0,0,1
נָבוֹן,0,0,0,0,0,0,1,0,0,1
כד,0,0,0,0,0,0,0,0,0,0
ללהטט,0,0,0,0,0,0,0,0,0,0
לַהֲטוּטָנוּת,0,0,0,0,0,0,0,0,0,0
מיץ,0,0,0,0,0,0,0,0,0,0
עֲסִיסִי,0,0,0,0,0,0,0,0,0,0
עִרבּוּביָה,0,0,0,0,0,1,0,0,0,0
מְעוּרבָּב,0,0,0,0,0,0,0,0,0,0
עֲנָק,0,0,0,0,0,0,0,0,0,0
קְפִיצָה,0,0,0,0,1,0,1,0,0,0
צוֹמֶת,0,0,0,0,0,0,0,0,0,0
צומת,0,0,0,0,0,0,0,0,0,0
ג'וּנגֶל,0,0,0,1,0,0,0,0,0,0
זוּטָר,0,0,0,0,0,0,0,0,0,0
פְּסוֹלֶת,0,0,0,0,0,1,0,0,0,0
כַּת צְבָאִית,0,0,0,0,0,1,0,0,0,0
מִשׁפָּטִי,0,0,0,0,0,0,0,0,0,0
סמכות שיפוט,0,0,0,0,0,0,0,0,0,0
תוֹרַת הַמִשְׁפָּט,0,0,0,0,0,0,0,1,0,0
מִשׁפְּטָן,0,0,0,0,0,0,0,0,0,1
חֶבֶר מוּשׁבַּעִים,0,0,0,0,0,0,0,0,0,1
צֶדֶק,0,0,0,0,0,0,1,0,0,1
מוּצדָק,0,0,0,0,0,0,1,0,0,1
הַצדָקָה,0,0,0,0,0,0,1,0,0,0
לְהַצְדִיק,0,0,0,0,0,0,0,0,0,0
יוּטָה,0,0,0,0,0,0,0,0,0,0
צָעִיר,0,0,0,0,0,1,0,0,0,0
סְמִיכוּת,0,0,0,0,0,0,0,0,0,0
קֵיסָר,0,0,0,0,0,0,0,0,0,0
קָלֵידוֹסקוֹפּ,0,0,0,0,0,0,0,0,0,0
קנגרו,0,0,0,0,0,0,0,0,0,0
קאנג'י,0,0,0,0,0,0,0,0,0,0
קארמה,0,0,0,0,0,0,0,0,0,0
קָאִיָאק,0,0,0,0,0,0,0,0,0,0
שִׁדְרִית,0,0,0,0,0,0,0,0,0,0
שׁוֹמֵר,0,0,0,0,0,0,0,0,0,0
שְׁמִירָה,0,0,0,0,0,0,0,0,0,0
מַזכֶּרֶת,0,0,0,0,0,0,1,0,0,0
חָבִית קְטָנָה,0,0,0,0,0,0,0,0,0,0
קן,0,0,0,0,0,0,1,0,0,0
מְלוּנָה,0,0,0,0,0,0,0,1,0,0
kern,0,0,0,0,0,1,0,0,0,0
גַרעִין,0,0,0,0,0,0,0,0,0,0
נֵפט,0,0,0,1,0,0,0,0,0,0
קוּמקוּם,0,0,0,0,0,0,0,0,0,0
מַפְתֵחַ,0,0,0,0,0,0,0,0,0,0
חוֹר הַמַנעוּל,0,0,0,0,0,0,0,0,0,0
נאום מרכזי,0,0,0,0,0,0,1,0,0,0
אֶבֶן רֹאשָׁה,0,0,0,0,0,0,1,0,0,0
חָקִי,0,0,0,0,0,0,0,0,0,0
חַאן,0,0,0,1,0,0,0,0,0,1
בְּעִיטָה,1,0,0,0,0,1,0,0,0,0
בועט,1,0,0,0,0,0,0,0,0,0
יֶלֶד,0,0,0,0,0,0,0,0,0,0
צוחק,0,0,0,0,0,0,0,0,0,0
לַחטוֹף,1,0,0,1,0,1,0,1,1,0
לַהֲרוֹג,0,0,0,1,0,1,0,1,0,0
הֶרֶג,1,0,0,1,0,1,0,1,0,0
כִּבשָׁן,0,0,0,0,0,0,0,0,0,0
קִילוֹגרָם,0,0,0,0,0,0,0,0,0,0
קִילוֹמֶטֶר,0,0,0,0,0,0,0,0,0,0
חֲצָאִית סְקוֹטִית,0,0,0,0,0,0,0,0,0,0
קִימוֹנוֹ,0,0,0,0,0,0,0,0,0,0
משפחה,0,0,0,0,0,0,0,0,0,0
סוג,0,0,0,0,1,0,1,0,0,1
גן ילדים,0,0,0,0,0,0,0,0,0,0
חסד,0,0,0,0,0,0,1,0,0,0
קרובי משפחה,0,1,0,0,1,0,1,0,0,1
קינמטיקה,0,0,0,0,0,0,0,0,0,0
מלך,0,0,0,0,0,0,1,0,0,0
מַלְכוּת,0,0,0,0,0,0,0,0,0,0
קינק,0,0,0,0,0,0,0,0,0,0
מקורזל,0,0,0,0,0,0,0,0,0,0
קִיוֹסק,0,0,0,0,0,0,0,0,0,0
קירק,0,0,0,0,0,0,0,0,0,0
נְשִׁיקָה,0,1,0,0,1,0,1,0,1,0
קִיט,0,0,0,0,0,0,0,0,0,0
מִטְבָּח,0,0,0,0,0,0,0,0,0,0
עֲפִיפוֹן,0,0,1,0,0,1,0,0,0,0
גור חתולים,0,0,0,0,1,0,1,0,0,1
כִּשָׁרוֹן,0,0,0,0,0,0,1,0,0,0
תַרמִיל גַב,0,0,0,0,0,0,0,0,0,0
ללוש,0,0,0,0,0,0,0,0,0,0
הברך,0,0,0,0,0,0,0,0,0,0
לִכרוֹעַ בֶּרֶך,0,0,0,0,0,0,0,0,0,0
כְּרִיעָה,0,0,0,0,0,0,0,0,0,0
צִלצוּל,0,0,0,1,0,1,0,1,0,0
תחתונים,0,0,0,0,0,0,0,0,0,1
סַכִּין,0,0,0,0,0,0,0,0,0,0
אַבִּיר,0,0,0,0,0,0,1,0,0,0
לִסְרוֹג,0,0,0,0,0,0,0,0,0,0
כַּפתוֹר,0,0,0,0,0,0,0,0,0,0
נְקִישָׁה,0,0,0,0,0,0,0,0,0,0
גִבעָה,0,0,0,0,0,0,0,0,0,0
קשר,0,0,0,0,0,0,0,0,0,0
מְסוּקָס,0,0,0,0,0,1,0,0,0,0
יוֹדֵעַ,0,0,0,0,0,0,1,0,0,0
בְּיוֹדְעִין,0,0,0,0,0,0,0,0,0,0
יֶדַע,0,0,0,0,0,0,1,0,0,0
פֶּרֶק,0,0,0,0,0,0,0,0,0,0
kos,0,0,0,0,0,0,0,0,0,0
קריס,0,0,0,0,0,0,0,0,0,0
כָּבוֹד,0,0,0,0,1,0,1,0,0,0
מַעבָּדָה,0,0,0,0,0,0,0,0,0,0
תווית,0,0,0,0,0,0,0,0,0,1
עבודה,0,1,0,0,1,0,1,0,1,1
מַעבָּדָה,0,0,0,0,0,0,0,0,0,0
עמל,0,0,0,0,0,1,0,1,0,0
פּוֹעֵל,0,0,0,0,0,0,0,0,0,0
עמלים,0,0,0,0,0,0,0,0,0,0
חָרוּץ,0,0,0,0,0,1,0,0,0,0
מָבוֹך,0,1,0,0,0,1,0,0,0,0
lac,0,0,0,0,0,0,0,0,0,0
תַחרָה,1,0,0,1,0,1,1,1,0,1
חוֹסֶר,0,0,0,0,0,1,0,0,0,0
נָטוּל,0,0,0,0,0,1,0,0,0,0
חסר ברק,0,0,0,0,0,1,0,0,0,0
לַכָּה,0,0,0,0,0,0,0,0,0,0
לקרוס,0,0,0,0,0,0,0,0,0,0
בָּחוּר,0,0,0,0,0,0,0,0,0,0
סוּלָם,0,0,0,0,0,0,0,0,0,0
עָמוּס,0,0,0,0,0,1,0,0,0,0
מִטְעָן,0,0,0,0,0,0,0,0,0,0
מַצֶקֶת,0,0,0,0,0,0,0,0,0,0
גברת,0,0,0,0,0,0,0,0,0,0
לְפַגֵר,0,0,0,0,0,1,0,0,0,0
הַשׁהָיָה,1,1,1,0,0,1,0,1,0,0
לָגוּנָה,0,0,0,0,0,0,0,0,0,0
מִרבָּץ,0,0,0,0,0,1,0,0,0,0
הֶדיוֹטוּת,0,0,0,0,0,0,0,0,0,0
אֲגַם,0,0,0,0,0,0,0,0,0,0
לאמה,0,0,0,0,0,0,0,0,0,0
טלה,0,0,0,0,1,0,1,0,0,1
קִינָה,0,0,1,1,0,1,0,1,0,0
מקוננת,0,0,0,0,0,0,0,1,0,0
למינה,0,0,0,0,0,0,0,0,0,0
מְרוּבָּד,0,0,0,0,0,0,0,0,0,0
מנורה,0,0,0,0,0,0,0,0,0,0
חנית,0,0,0,0,0,0,0,0,0,0
נוֹשֵׂא רוֹמַח,0,0,0,0,0,0,0,0,0,0
ארץ,0,0,0,0,0,0,1,0,0,0
נחת,0,0,0,0,0,0,1,0,0,0
נְחִיתָה,0,0,0,0,0,0,0,0,0,0
מוּקָף יַבָּשָׁה,0,0,0,0,0,0,0,0,0,0
בעל בית,0,0,0,0,0,0,0,0,0,0
ציון דרך,0,0,0,0,0,0,0,0,0,1
אדמות,0,0,0,0,0,0,0,0,0,0
נוֹף,0,0,0,0,0,0,0,0,0,0
אדריכלות נוף,0,0,0,0,0,0,0,0,0,0
רוֹב מוֹחֵץ,0,0,0,1,0,1,0,1,0,0
נתיב,0,0,0,0,0,0,0,0,0,0
שפה,0,0,0,0,0,0,0,0,0,0
רָפֶה,0,0,0,0,0,1,0,0,0,0
לְהִתְמוֹגֵג,0,0,0,0,0,1,0,0,0,0
נמק,0,0,0,1,0,1,0,1,0,0
גָבוֹהַ וְרָזֵה,0,0,0,0,0,0,0,0,0,0
פָּנָס,0,0,0,0,0,0,0,0,0,0
הקפה,0,0,0,0,0,0,0,0,0,0
דַשׁ,0,0,0,0,0,0,0,0,0,0
לִשְׁגוֹת,0,0,0,0,0,1,0,0,0,0
פג,0,0,0,0,0,0,0,0,0,0
גְנֵבָה,0,0,1,0,0,1,0,0,0,0
שׁוּמָן,0,0,0,0,0,0,0,0,0,0
מזווה,0,0,0,0,0,0,0,0,0,0
גָדוֹל,0,0,0,0,0,0,0,0,0,0
יותר גדול,0,0,1,0,0,0,0,0,1,1
לארגו,0,0,0,0,0,0,0,0,0,0
לְהִשְׁתַעֲשֵׁעַ,0,0,0,0,0,0,0,0,0,0
זַחַל,0,0,0,0,0,0,0,0,0,0
גָרוֹן,0,0,0,0,0,0,0,0,0,0
לייזר,0,0,0,0,0,0,1,0,0,1
לְהַצְלִיף,1,0,0,1,0,1,0,0,0,0
בַּחוּרָה,0,0,0,0,0,0,0,0,0,0
פְּלָצוּר,0,0,0,0,0,0,0,0,0,0
מתמשך,0,0,0,0,0,0,0,0,0,0
בְּרִיחַ,0,0,0,0,0,0,0,0,0,0
מאוחר,0,0,0,0,0,1,0,1,0,0
איחור,0,0,0,0,0,1,0,0,0,0
חָבוּי,1,1,1,0,0,1,0,0,1,0
צְדָדִי,0,0,0,0,0,0,0,0,0,0
לרוחב,0,0,0,0,0,0,0,0,0,0
שרף גומי,0,0,0,0,0,0,0,0,0,0
מַחֲרָטָה,0,0,0,0,0,0,0,0,0,0
לְהַקְצִיף,0,0,0,0,0,0,0,0,0,0
קו רוחב,0,0,0,0,0,0,0,0,0,0
בתי שימוש,0,0,1,0,0,1,0,0,0,0
סָרִיג,0,0,0,0,0,0,0,0,0,0
רָאוּי לְשֶׁבַח,0,0,0,0,0,0,1,0,0,0
לִצְחוֹק,0,0,0,0,1,0,1,0,1,0
מַצחִיק,0,0,1,0,0,1,0,0,0,0
צוחק,0,0,0,0,1,0,1,0,0,0
צחוק,0,1,0,0,1,0,1,0,1,0
לְהַשִׁיק,0,1,0,0,0,0,1,0,0,0
כְּבִיסָה,0,0,0,0,0,0,0,0,0,0
חֲתַן פְּרָס,0,0,0,0,0,0,1,0,0,1
דַפנָה,0,0,0,0,0,0,1,0,0,0
זֵרֵי דַפנָה,0,0,0,0,1,0,1,0,0,0
לָבָה,1,0,0,1,0,1,0,0,0,0
שטיפה,0,0,0,0,0,0,0,0,0,0
שֵׁירוּתִים,0,0,1,0,0,0,0,0,0,0
אֲזוֹבִיוֹן,0,0,0,0,0,0,0,0,0,0
מפואר,0,0,0,0,0,0,1,0,0,0
חוֹק,0,0,0,0,0,0,0,0,0,1
חוּקִי,0,0,0,0,0,0,1,0,0,1
הֶפקֵרוּת,1,0,0,1,0,1,0,0,0,0
דֶשֶׁא,0,0,0,0,0,0,0,0,0,0
תביעה משפטית,1,0,1,1,0,1,0,1,1,0
עורך דין,1,0,1,1,0,1,0,0,0,0
רָפֶה,0,0,0,0,0,1,0,1,0,0
חומר משלשל,0,0,1,1,0,1,0,0,0,0
לְהַנִיחַ,0,0,0,0,0,0,0,0,0,0
שִׁכבָה,0,0,0,0,0,0,0,0,0,0
מְרוּבָּד,0,0,0,0,0,0,0,0,0,0
הֶדיוֹט,0,0,0,0,0,0,0,0,0,0
עָצֵל,0,0,0,0,0,1,0,0,0,0
ליאה,0,0,0,0,0,0,0,0,0,0
עוֹפֶרֶת,0,0,0,0,0,0,1,0,0,0
מַנהִיג,0,0,0,0,0,0,1,0,0,1
מוֹבִיל,0,0,0,0,0,0,0,0,0,1
מוביל,0,0,0,0,0,0,0,0,0,0
עלה,0,0,0,0,0,0,0,0,0,0
עָלוֹן,0,0,0,0,0,0,0,0,0,0
מְכוּסֶה עַלִים,0,0,0,0,0,0,0,0,0,0
לִיגָה,0,0,0,0,0,0,1,0,0,0
דְלִיפָה,0,0,0,0,0,1,0,0,0,0
דְלִיפָה,0,0,0,0,0,1,0,0,0,0
דולף,0,0,0,0,0,1,0,0,0,0
רָזֶה,0,0,0,0,0,0,0,0,0,0
נשען,0,0,0,0,0,0,0,0,0,0
נשען,0,0,0,0,0,0,0,0,0,1
לִקְפּוֹץ,0,0,0,0,0,0,0,0,0,0
לִלמוֹד,0,0,0,0,0,0,1,0,0,0
מְלוּמָד,0,0,0,0,0,0,0,0,0,0
לומד,0,0,0,0,0,0,0,0,0,0
לְמִידָה,0,0,0,0,0,0,1,0,0,0
חוזה שכירות,0,0,0,0,0,0,0,0,0,0
רצועה,0,0,0,0,0,0,0,0,0,0
עוֹר,0,0,0,0,0,0,0,0,0,0
עוֹרִי,0,0,0,0,0,0,0,0,0,0
לעזוב,0,0,0,0,0,1,0,1,1,0
הַרצָאָה,0,0,0,0,0,0,0,0,0,0
מַרצֶה,0,0,0,0,0,0,1,0,0,0
מַדָף,0,0,0,0,0,0,0,0,0,0
פִּנקָס,0,0,0,0,0,0,0,0,0,0
לי,0,0,0,0,0,0,0,0,0,0
עֲלוּקָה,0,0,0,0,0,1,0,0,0,0
עלוקות,0,0,1,1,0,1,0,0,0,0
לִרְאוֹת,0,0,1,0,0,1,0,0,0,0
עצבני,0,0,0,0,0,0,0,0,1,0
שְׁמָרִים,0,0,0,0,0,0,0,0,0,0
מֶרחַב תִמרוּן,0,0,0,0,0,0,1,0,0,0
שמאלה,0,0,0,0,0,0,0,0,0,0
רגל,0,0,0,0,0,0,0,0,0,0
מוֹרֶשֶׁת,0,0,0,0,0,0,0,0,0,0
משפטי,0,0,0,0,0,0,1,0,0,1
חוּקִיוּת,0,0,0,0,0,0,0,0,0,0
לְהַכשִׁיר,0,0,0,0,0,0,0,0,0,0
לגליזציה,1,0,0,1,1,0,1,0,0,1
מבחינה חוקית,0,0,0,0,0,0,0,0,0,0
אגדה,0,0,0,0,0,0,0,0,0,0
אגדי,0,0,0,0,0,0,1,0,0,0
קְרִיאוּת,0,0,0,0,0,0,1,0,0,0
קָרִיא,0,0,0,0,0,0,1,0,0,0
לִגִיוֹן,0,0,0,0,0,0,0,0,0,0
לְחוֹקֵק,0,0,0,0,0,0,0,0,0,0
חֲקִיקָה,0,0,0,0,0,0,0,0,0,0
חקיקה,0,0,0,0,0,0,0,0,0,0
מְחוֹקֵק,0,0,0,0,0,0,0,0,0,1
בֵּית מְחוֹקְקִים,0,0,0,0,0,0,0,0,0,1
לֵגִיטִימִיוּת,0,0,0,0,0,0,0,0,0,1
רגליים,0,0,0,0,0,0,0,0,0,0
קטניות,0,0,0,0,0,0,0,0,0,0
פְּנַאִי,0,1,0,0,1,0,1,0,1,1
בנחת,0,0,0,0,0,0,1,0,0,0
הלמה,0,0,0,0,0,0,1,0,0,0
לימון,0,0,1,0,0,1,0,0,0,0
לְהַלווֹת,0,0,0,0,0,0,0,0,0,0
מַשׁאִיל,0,0,0,0,0,0,0,0,0,1
הַשׁאָלָה,0,0,0,0,0,0,0,0,0,0
אורך,0,0,0,0,0,0,0,0,0,0
לְהַאֲרִיך,0,0,0,0,0,0,0,0,0,0
התארך,0,0,0,0,0,0,0,0,0,0
הִתאָרְכוּת,0,0,0,0,0,0,0,0,0,0
לְאוֹרֶך,0,0,0,0,0,0,0,0,0,0
אָרוֹך,0,0,0,0,0,0,0,0,0,0
יָד רָכָּה,0,0,0,0,0,0,0,0,0,0
וַתְרָן,0,0,0,0,0,0,1,0,0,0
עֲדָשָׁה,0,0,0,0,0,0,0,0,0,0
נָמֵר,0,0,0,0,0,0,0,0,0,0
צָרַעַת,0,0,1,1,0,1,0,1,0,0
שׂוֹכֵר,0,0,0,0,0,0,0,0,0,0
לְהַקְטִין,0,1,0,0,0,1,0,0,0,0
הִתמַעֲטוּת,0,0,0,0,0,0,0,0,0,0
קָטָן יוֹתֵר,0,0,1,0,0,1,0,0,0,0
שיעור,0,1,0,0,0,0,1,0,0,1
מַחכִּיר,0,0,0,0,0,0,0,0,0,0
קָטלָנִי,0,0,1,1,0,1,0,1,0,0
רָדוּם,0,0,0,0,0,0,0,0,0,0
תַרְדֵמָה,0,0,0,0,0,1,0,1,0,0
מִכְתָב,0,1,0,0,0,0,0,0,0,0
מְלוּמָד,0,1,0,0,0,0,1,0,0,1
אותיות,0,0,0,0,0,0,0,0,0,0
חסה,0,0,0,0,0,0,0,0,0,0
לוקמיה,1,0,0,1,0,1,0,1,0,0
קַבָּלַת פָּנִים רִשׁמִית,0,0,0,0,0,0,0,0,0,1
רָמָה,0,0,0,0,0,0,1,0,0,1
מָנוֹף,0,0,0,0,0,0,0,0,0,0
מינוף,0,0,0,0,0,0,1,0,0,0
לִגבּוֹת,0,0,0,0,0,1,0,0,0,0
זִמָתִי,0,0,1,0,0,1,0,0,0,0
לֵקסִיקוֹן,0,0,0,0,0,0,0,0,0,0
ley,0,0,0,0,0,0,0,0,0,0
התחייבויות,0,0,0,0,0,0,0,0,0,0
אחריות,0,0,0,0,0,0,0,0,0,0
קֶשֶׁר,0,0,0,0,0,1,0,0,0,0
שַׁקרָן,0,0,1,0,0,1,0,0,0,0
עֲלִילָה,1,0,0,1,0,1,0,0,0,1
מַשׁמִיץ,0,0,0,0,0,0,0,0,0,0
לִיבֵּרָלִי,0,0,0,0,0,1,1,0,0,0
לִיבֵּרָלִיוּת,0,0,0,0,0,0,0,0,0,0
לְשַׁחְרֵר,1,1,0,0,1,0,1,0,1,1
שִׁחרוּר,0,1,0,0,1,0,1,0,1,0
חוֹפֶשׁ,0,1,0,0,1,0,1,0,1,1
לִיבִּידוֹ,0,0,0,0,0,0,0,0,0,0
סַפרָן,0,0,0,0,0,0,0,0,0,0
סִפְרִיָה,0,0,0,0,0,0,1,0,0,0
לִיברִית,0,0,0,0,0,0,0,0,0,0
רישיון,0,0,0,0,0,0,0,0,0,0
חֲזָזִית,0,0,0,0,0,0,0,0,0,0
לְלַקֵק,0,0,1,0,0,1,0,0,0,0
מִכסֶה,0,0,0,0,0,0,0,0,0,0
שקר,1,0,1,0,0,1,0,1,0,0
ליאז',0,0,0,0,0,0,0,0,0,0
שִׁעבּוּד,0,0,0,0,0,0,0,0,0,0
במקום,0,0,0,0,0,0,0,0,0,0
סגן,0,0,0,0,0,0,0,0,0,1
חַיִים,0,0,0,0,0,0,0,0,0,0
דם חיים,0,0,0,0,0,0,1,0,0,0
סִירַת הַצָלָה,0,0,0,0,0,0,0,0,0,0
חֲסַר חַיִים,0,0,0,1,0,1,0,1,0,0
כְּמוֹ בַּחַיִים,0,0,0,0,0,0,0,0,0,0
מֶשֶׁך כֹּל הָחַיִים,0,0,0,0,0,0,0,0,0,0
לכל החיים,0,0,0,0,0,0,0,0,0,0
מעלית,0,0,0,0,0,0,0,0,0,0
רְצוּעָה,0,0,0,0,0,0,0,0,0,0
קשירה,0,0,0,0,0,0,0,0,0,0
אוֹר,0,0,0,0,0,0,0,0,0,0
לְהִתְבַּהֵר,0,0,0,0,0,0,0,0,0,0
מִגדַלוֹר,0,0,0,0,0,0,1,0,0,0
קְלִילוּת,0,0,0,0,0,0,0,0,0,0
בָּרָק,1,0,0,1,0,0,0,0,1,0
סְבִירוּת,0,0,0,0,0,0,0,0,0,0
דְמוּת,0,0,0,0,0,0,0,0,0,0
כְּמוֹ כֵן,0,0,0,0,0,0,0,0,0,0
טַעַם,0,0,0,0,1,0,1,0,0,1
לִילָך,0,0,0,0,0,0,0,0,0,0
שׁוֹשָׁן,0,0,0,0,0,0,0,0,0,0
אֵיבָר,0,0,0,0,0,0,0,0,0,0
נְשִׁיָה,0,0,0,0,0,0,0,0,0,0
לְהַגבִּיל,0,0,0,0,0,0,0,0,0,0
הַגבָּלָה,0,0,0,0,0,0,0,0,0,0
מוגבל,1,0,0,0,0,1,0,1,0,0
ללא גבולות,0,0,0,0,0,0,0,0,0,0
לִימוּזִינָה,0,0,0,0,0,0,0,0,0,0
לִצְלוֹעַ,0,0,0,0,0,1,0,0,0,0
לין,0,0,0,0,0,0,0,0,0,0
קַו,0,0,0,0,0,0,0,0,0,0
יוּחֲסִין,0,0,0,0,0,0,0,0,0,0
מְקוּוקַו,0,0,0,0,0,0,0,0,0,0
ליניארי,0,0,0,0,0,0,0,0,0,0
מרופד,0,0,0,0,0,0,0,0,0,0
מצעים,0,0,0,0,0,0,0,0,0,0
אֳנִיָה,0,0,0,0,0,0,0,0,0,0
שורות,0,0,0,1,0,0,0,0,0,0
לְהִשְׁתַהוֹת,0,1,0,0,0,0,0,0,0,0
לָשׁוֹן,0,0,0,0,0,0,0,0,0,0
לְשׁוֹנִי,0,0,0,0,0,0,0,0,0,0
בַּלשָׁן,0,0,0,0,0,0,1,0,0,1
לשוני,0,0,0,0,0,0,0,0,0,0
בַּלשָׁנוּת,0,0,0,0,0,0,0,0,0,0
בִּטנָה,0,0,0,0,0,0,0,0,0,0
קישור,0,0,0,0,0,0,0,0,0,0
לִינוֹלֵאוּם,0,0,0,0,0,0,0,0,0,0
מוֹך,0,0,0,0,0,1,0,0,0,0
אַריֵה,0,0,0,1,0,0,1,0,0,0
שָׂפָה,0,0,0,0,0,0,0,0,0,0
שְׂפָתוֹן,0,0,0,0,0,0,0,0,0,0
נזילות,0,0,0,0,0,0,0,0,0,0
נוזלי,0,0,0,0,0,0,0,0,0,0
לִיקֵר,0,0,0,0,0,0,0,0,0,0
נוזל,0,0,0,0,0,0,0,0,0,0
לְחַסֵל,0,0,0,0,0,0,0,0,0,0
חיסול,0,0,0,0,0,0,0,0,0,0
מְפָרֵק,0,0,0,0,0,0,0,0,0,0
נְזִילוּת,0,0,0,0,0,0,0,0,0,0
מַשׁקֶה חָרִיף,1,0,0,0,1,1,0,1,0,0
עִלְגוּת,0,0,0,0,0,0,0,0,0,0
רשימה,0,0,0,0,0,0,0,0,0,0
להקשיב,0,0,0,0,0,0,0,0,0,0
מַאֲזִין,0,0,0,0,0,0,0,0,0,0
רישום,0,0,0,0,0,0,0,0,0,0
אָדִישׁ,0,0,0,0,0,1,0,1,0,0
ליטניה,0,0,0,0,0,0,0,0,0,0
פשוטו כמשמעו,0,0,0,0,0,0,0,0,0,0
סִפְרוּתִי,0,0,0,0,0,0,0,0,0,0
סִפְרוּת,0,0,0,0,0,0,0,0,0,0
גָמִישׁ,0,0,0,0,0,0,1,0,0,0
דְפוּס אֶבֶן,0,0,0,0,0,0,0,0,0,0
לִיתוֹגְרָפִיָה,0,0,0,0,0,0,0,0,0,0
ליתולוגיה,0,0,0,0,0,0,0,0,0,0
ליתוספרה,0,0,0,0,0,0,0,0,0,0
בַּעַל דִין,0,0,0,0,0,1,0,0,0,0
להתדיין,1,1,1,1,0,1,0,1,0,0
ליטיגציה,0,0,0,0,0,1,0,0,0,0
מתדיינים,1,0,1,0,0,1,0,0,0,0
אַשׁפָּה,0,0,0,0,0,1,0,0,0,0
חוֹף הַיָם,0,0,0,0,0,0,0,0,0,0
פּוּלחָן,0,0,0,0,0,0,0,0,0,0
פַּרנָסָה,0,0,0,0,0,0,0,0,0,0
מַדִים,0,0,0,0,0,0,0,0,0,0
רותח מכעס,1,0,1,0,0,1,0,0,0,0
חַי,0,0,0,0,0,0,0,0,0,0
לָאמָה,0,0,0,0,0,0,0,0,0,0
לִטעוֹן,0,0,0,0,0,0,0,0,0,0
לְהִתְבַּטֵל,0,0,0,0,0,1,0,0,0,0
בַּטלָן,0,0,0,0,0,1,0,0,0,0
טִין,0,0,0,0,0,0,0,0,0,0
לְהַלווֹת,0,0,0,0,0,0,0,0,0,0
מְתַעֵב,1,0,0,0,0,1,0,0,0,0
לתעב,1,0,1,0,0,1,0,0,0,0
תיעוב,0,0,1,0,0,1,0,0,0,0
נִתעָב,1,0,1,0,0,1,0,0,0,0
לובי,0,0,0,0,0,0,0,0,0,0
שְׁתַדְלָן,0,0,0,0,0,1,0,0,0,0
אוּנָה,0,0,0,0,0,0,0,0,0,0
מְקוֹמִי,0,0,0,0,0,0,0,0,0,0
מקומי,0,0,0,0,0,0,0,0,0,0
מָקוֹם,0,0,0,0,0,0,0,0,0,0
לוקליזציה,0,0,0,0,0,0,0,0,0,0
לְמַקֵם,0,1,0,0,0,0,0,0,0,0
לְאַתֵר,0,0,0,0,0,0,0,0,0,0
מקום,0,0,0,0,0,0,0,0,0,0
לוך,0,0,0,0,0,0,0,0,0,0
לנעול,0,0,0,0,0,0,0,0,0,0
תָא,0,0,0,0,0,0,0,0,0,0
פורץ מנעולים,0,0,0,0,0,0,0,0,0,0
נעל,0,0,0,1,0,1,0,1,0,0
תְנוּעָה,0,0,0,0,0,0,0,0,0,0
קַטָר,0,0,0,0,0,0,0,0,0,0
אַרְבֶּה,0,0,0,1,0,1,0,0,0,0
לִשְׁכָּה,0,0,0,0,0,0,0,0,0,0
דייר,0,0,0,0,0,0,0,0,0,0
לִינָה,0,0,0,0,0,0,0,0,0,1
עֲלִיַת גַג,0,0,0,0,0,0,0,0,0,0
מתנשא,0,0,0,0,0,1,0,0,0,0
עֵץ,0,0,0,0,0,0,0,0,0,0
לוֹגָרִיתְם,0,0,0,0,0,0,0,0,0,0
לוגריתמי,0,0,0,0,0,0,0,0,0,0
הִגָיוֹן,0,0,0,0,0,0,0,0,0,0
הגיוני,0,0,0,0,0,0,1,0,0,0
לוֹגִיסטִיקָה,0,0,0,0,0,0,0,0,0,0
לוגו,0,0,0,0,0,0,0,0,0,0
יָרֵך,0,0,0,0,0,0,0,0,0,0
סוּכָּריָה עַל מַקֵל,0,0,0,0,0,0,0,0,0,0
בּוֹדֵד,0,0,0,0,0,0,0,1,0,0
בְּדִידוּת,0,0,0,1,0,1,0,1,0,0
בּוֹדֵד,1,0,1,1,0,1,0,1,0,0
גַלמוּד,0,0,0,0,0,1,0,1,0,0
ארוך,0,1,0,0,0,0,0,0,0,0
אֲרִיכוּת יָמִים,0,0,0,0,0,0,1,0,0,0
גַעגוּעִים,0,1,0,0,0,0,0,1,0,0
קו אורך,0,0,0,0,0,0,0,0,0,0
אֹרכִּי,0,0,0,0,0,0,0,0,0,0
לאורך,0,0,0,0,0,0,0,0,0,0
לוּ,0,0,1,0,0,1,0,0,0,0
תזהר,0,0,0,0,0,0,0,0,0,0
נוֹל,0,1,0,1,0,1,0,0,0,0
הַשׁחָלָה,0,0,0,0,0,0,0,0,0,0
טיפשי,0,0,1,0,0,1,0,0,0,0
מְשׁוּגָע,0,0,0,0,0,1,0,0,0,0
לוּלָאָה,0,0,0,0,0,0,0,0,0,0
פִּרְצָה,0,0,0,0,0,0,0,0,0,0
לְשַׁחְרֵר,0,0,0,0,0,0,0,0,0,0
הַתָרָה,0,0,0,0,0,0,0,0,0,0
לִבזוֹז,0,0,0,0,0,1,0,0,0,0
לִגדוֹעַ,0,0,0,0,0,0,0,0,0,0
סתומה,0,0,0,0,0,0,0,0,0,0
אָדוֹן,0,0,1,0,0,1,1,0,0,1
אדונים,0,0,0,0,0,0,0,0,0,0
אַדְנוּת,0,0,0,0,0,0,1,0,0,0
תוֹרָה,0,0,0,0,0,0,0,0,0,0
מַשָׂאִית,0,0,0,0,0,0,0,0,0,0
לאבד,1,0,1,1,0,1,0,1,1,0
לאבד,1,0,0,0,0,1,0,1,0,0
הֶפסֵד,1,0,0,1,0,1,0,1,0,0
אָבֵד,0,0,0,0,0,1,0,1,0,0
מִגרָשׁ,0,0,0,0,0,0,0,0,0,0
תַחלִיב,0,0,0,0,0,0,0,0,0,0
המון,0,0,0,0,0,0,0,0,0,0
הגרלה,0,1,0,0,0,0,0,0,0,0
לוֹטוֹ,0,0,0,0,0,0,0,0,0,0
בְּקוֹל רָם,0,0,0,0,0,0,0,0,0,0
בקולי קולות,0,0,0,0,0,0,0,0,0,0
קוֹלָנִיוּת,1,0,0,0,0,1,0,0,0,0
טְרַקלִין,0,0,0,0,0,1,0,0,0,0
כינה,0,0,1,0,0,1,0,0,0,0
חָבִיב,0,0,0,0,1,0,1,0,0,1
אהבה,0,0,0,0,1,0,1,0,0,0
חביב,0,1,0,0,1,0,1,1,1,1
התעלסות,0,0,0,0,1,0,1,0,0,1
מְאַהֵב,0,1,0,0,1,0,1,0,0,1
אוהב,0,0,0,0,1,0,1,0,0,1
נמוך יותר,0,0,0,0,0,1,0,1,0,0
הוֹרָדָה,0,0,0,0,0,1,0,0,0,0
הנמוך ביותר,0,0,0,0,0,1,0,1,0,0
השפלה,0,0,0,0,0,1,0,0,0,0
צָנוּעַ,0,0,0,0,0,1,0,1,0,0
נֶאֱמָן,0,0,0,1,1,0,1,0,1,1
נֶאֱמָנוּת,0,0,0,0,0,0,1,0,0,1
לָסוּך,0,0,0,0,0,0,0,0,0,0
סִיכָה,0,0,0,0,0,0,0,0,0,0
מַזָל,0,1,0,0,1,0,1,0,1,0
בַּר מַזָל,0,0,0,0,1,0,1,0,1,0
מְגוּחָך,0,0,0,0,0,1,0,0,0,0
לִסְחוֹב,0,0,0,0,0,0,0,0,0,0
מטען,0,0,0,0,0,0,0,0,0,0
לְהַרְגִיעַ,0,1,0,0,0,0,0,0,0,0
שיר ערש,0,0,0,0,0,0,0,0,0,0
מוֹתָנִי,0,0,0,0,0,0,0,0,0,0
עֵץ,0,0,0,0,0,0,0,0,0,0
עצים,0,0,0,0,0,1,0,0,0,0
זוֹרֵחַ,0,0,0,0,0,0,0,0,0,0
זוֹרֵחַ,0,0,0,0,0,0,0,0,0,0
גוש,0,0,0,0,0,1,0,0,0,0
מְסוּקָס,0,0,1,0,0,1,0,0,0,0
סַהֲרוּרִיוּת,1,0,1,1,0,1,0,1,0,0
יְרֵחִי,0,0,0,0,0,0,0,0,0,0
מְטוּרָף,1,0,1,1,0,1,0,0,0,0
ארוחת צהריים,0,0,0,0,0,0,0,0,0,0
ארוחת צהריים,0,0,0,0,0,0,0,0,0,0
נְגִיחָה,0,0,0,0,0,0,0,0,1,0
ריאות,0,0,0,0,0,0,0,0,0,0
תְנוּדָה,0,0,0,0,0,1,0,0,0,0
לִפתוֹת,0,0,0,0,0,1,0,0,0,0
זוועה,0,0,1,0,0,1,0,0,0,0
לְהִסְתָתֵר,0,0,0,0,0,1,0,0,0,0
אוֹרְבָנִי,0,0,0,0,0,1,0,0,0,0
טָעִים מְאוֹד,0,1,0,0,1,0,1,0,0,0
סומק,0,0,1,0,0,1,0,1,0,0
תְשׁוּקָה,0,1,0,0,0,1,0,0,0,0
בְּהִיקוּת,0,0,0,0,1,0,1,0,0,0
חֶמדָנִי,0,0,0,0,0,1,0,0,0,0
מַברִיק,0,0,0,0,0,0,1,0,0,0
בָּרִיא,0,0,1,0,0,0,0,0,0,0
לָאוּטָה,0,0,0,0,0,0,0,0,0,0
שופעת,0,0,0,0,0,0,1,0,0,0
מְפוֹאָר,0,0,0,0,1,0,1,0,0,0
מוּתָרוּת,0,0,0,0,1,0,1,0,0,0
שֶׁקֶר,1,0,1,0,0,1,0,0,0,0
לִימפָה,0,0,0,0,0,0,0,0,0,0
לִימפָתִי,0,0,0,0,0,0,0,0,0,0
לִינץ',1,0,1,1,0,1,0,1,0,0
לִינקס,0,0,0,0,0,0,0,0,0,0
נֶבֶל,0,0,0,0,1,0,1,0,0,0
לִירִיקָה,0,0,0,0,0,0,0,0,0,0
לִירִי,0,0,0,0,1,0,1,0,0,0
שַׁרבִּיט,0,0,0,1,0,1,0,0,0,0
מְכוֹנָה,0,0,0,0,0,0,0,0,0,1
מְכוֹנוֹת,0,0,0,0,0,0,0,0,0,0
מְכוֹנַאִי,0,0,0,0,0,0,0,0,0,0
מָקָרֶל,0,0,0,0,0,0,0,0,0,0
מְטוּרָף,1,0,1,1,0,1,0,1,0,0
גְבֶרֶת,0,0,0,0,0,0,0,0,0,0
גְבֶרֶת,0,0,0,0,0,0,0,0,0,0
לְשַׁגֵעַ,1,0,0,1,0,1,0,0,0,0
מְטוּרָף,1,0,0,1,0,1,0,0,0,0
שִׁגָעוֹן,1,0,0,1,0,1,0,0,0,0
מַפִיָה,0,0,0,1,0,1,0,0,0,0
מגזין,0,0,0,0,0,0,0,0,0,0
קוסם,0,0,0,1,0,0,0,0,0,0
מַגֶנטָה,0,0,0,0,0,0,0,0,0,0
תוֹלַעַת,0,0,1,0,0,1,0,0,0,0
קֶסֶם,0,0,0,0,0,0,0,0,0,0
קִסמִי,0,1,0,0,1,0,1,0,1,0
קוֹסֵם,0,0,0,0,0,0,0,0,1,0
שׁוֹפֵט שָׁלוֹם,0,0,0,0,0,0,0,0,0,0
מִקפָּה,0,0,0,0,0,0,0,0,0,0
אַיִל,0,0,0,0,0,0,0,0,0,0
מַגנֵט,0,0,0,0,0,0,1,0,0,1
מַגנֶטִיוּת,0,0,0,0,0,0,1,0,0,0
מגנטיט,0,0,0,0,0,0,1,0,0,0
פְּאֵר,0,1,0,0,1,0,1,0,0,1
מְפוֹאָר,0,1,0,0,1,0,1,0,1,1
זכוכית מגדלת,0,0,0,0,0,0,0,0,0,0
לְהַגדִיל,0,0,0,0,0,0,0,0,0,0
עוצמה,0,0,0,0,0,0,0,0,0,0
עוֹרֵב הַנְחָלִים,0,0,0,0,0,0,0,0,0,0
עוזרת,0,0,0,0,0,0,0,0,0,0
עַלמָה,0,0,0,0,0,0,1,0,0,0
דוֹאַר,0,1,0,0,0,0,0,0,0,0
רָאשִׁי,0,0,0,0,0,0,1,0,0,0
יַבֶּשֶׁת,0,0,0,0,0,0,0,0,0,0
מַשׁעֵן עִקָרִי,0,0,0,0,0,0,1,0,0,1
תחזוקה,0,0,0,0,0,0,0,0,0,1
מַלכּוּתִי,0,1,0,0,1,0,1,0,1,1
גָאוֹן,0,0,0,0,0,0,1,0,0,1
גדול,0,0,0,0,0,0,1,0,0,0
רוֹב,0,0,0,0,1,0,1,0,0,1
עשה,0,0,0,0,0,0,0,0,0,0
יַצרָן,0,0,0,0,0,0,0,0,0,0
תַחֲלִיף,0,0,0,0,0,1,0,0,0,0
תפצה,0,0,0,0,0,0,0,0,0,0
מַחֲלָה,0,0,0,0,0,1,0,0,0,0
מְבוּכָה,0,0,0,0,0,1,0,1,0,0
מָלַרִיָה,0,0,1,1,0,1,0,1,0,0
מְרוּשָׁע,1,0,1,1,0,1,0,1,0,0
התעללות,0,0,1,0,0,1,0,0,0,0
נִווּל,0,0,0,0,0,1,0,0,0,0
זָדוֹן,1,0,0,1,0,1,0,0,0,0
זְדוֹנִי,1,0,1,1,0,1,0,1,0,0
לְהַשְׁמִיץ,1,0,1,0,0,1,0,0,0,0
ממאירות,0,0,0,1,0,1,0,1,0,0
מַמְאִיר,1,0,0,1,0,1,0,0,0,0
קֶנִיוֹן,0,0,0,0,0,0,0,0,0,0
חָשִׁיל,0,0,0,0,0,0,0,0,0,0
מַקֶבֶת,0,0,0,0,0,0,0,0,0,0
הַזנָחָה פּוֹשַׁעַת,1,0,0,0,0,1,0,0,0,0
אִמָא,0,0,0,0,0,0,0,0,0,1
יונק,0,0,0,0,0,0,0,0,0,0
מַמוּתָה,0,0,0,0,0,0,0,0,0,0
לנהל,0,0,0,0,0,0,1,0,0,1
הַנהָלָה,0,0,0,0,0,0,1,0,0,1
מנהל,0,0,0,0,0,0,0,0,0,0
מנדמוס,0,0,0,1,0,1,0,0,0,0
מַנדָרִין,0,0,0,0,0,0,1,0,0,1
מַנדָט,0,0,0,0,0,0,0,0,0,0
הלסת התחתונה,0,0,0,0,0,0,0,0,0,0
מנדולינה,0,0,0,0,0,0,0,0,0,0
מנדרל,0,0,0,0,0,0,0,0,0,0
רַעמָה,0,0,0,0,0,0,0,0,0,0
לְתַמְרֵן,0,0,0,0,0,0,0,0,0,0
תמרון,0,0,0,0,0,0,0,0,0,0
שְׁחִין בְּהֵמוֹת,0,0,1,1,0,1,0,0,0,0
אֵבוּס,0,0,0,0,0,0,0,0,0,0
לְהַשְׁחִית,1,0,1,1,0,1,0,1,0,0
מנגו,0,0,0,0,0,0,0,0,0,0
מנגוסטן,0,0,0,0,0,0,0,0,0,0
גַברִיוּת,0,0,0,0,0,0,1,0,0,0
מַניָה,0,0,0,0,0,1,0,0,0,0
מְטוּרָף,1,0,0,1,0,1,0,0,0,0
מטורף,0,0,0,0,0,1,0,0,0,0
מָנִיקוּר,0,0,0,0,0,0,0,0,0,0
לְהַפְגִין,0,0,0,0,0,0,0,0,0,0
תוֹפָעָה,0,0,0,1,0,0,0,0,0,0
באה לידי ביטוי,0,0,0,0,0,0,1,0,0,0
באופן ברור,0,0,0,0,0,0,0,0,0,0
מָנִיפֶסט,0,0,0,0,0,0,0,0,0,0
סעפת,0,0,0,0,0,0,0,0,0,0
לְתַפְעֵל,0,0,0,0,0,1,0,0,0,0
מָנִיפּוּלָצִיָה,1,0,0,1,0,1,0,0,0,0
אָדָם,0,0,0,0,0,0,0,0,0,0
גַברִי,0,0,0,0,0,0,1,0,0,0
המן,0,0,0,0,0,0,1,0,0,0
דֶרֶך,0,0,0,0,0,0,0,0,0,0
מנומס,0,0,0,0,0,0,1,0,0,0
נימוסים,0,0,0,0,0,0,1,0,0,0
אֲחוּזָה,0,0,0,0,0,0,0,0,0,0
אחוזה,0,0,0,0,0,0,0,0,0,0
הריגה,1,0,1,1,0,1,0,1,1,0
מַעֲטֶה,0,0,0,0,0,0,0,0,0,0
מדריך ל,0,0,0,0,0,0,0,0,0,1
יִצוּר,0,0,0,0,0,0,0,0,0,0
יַצרָן,0,0,0,0,0,0,1,0,0,0
דשן,0,0,1,0,0,1,0,0,0,0
כְּתַב יָד,0,0,0,0,0,0,0,0,0,0
מַפָּה,0,0,0,0,0,0,0,0,0,0
לְקַלְקֵל,0,0,0,0,0,1,0,0,0,0
שַׁיִשׁ,0,0,0,0,0,0,0,0,0,0
משויש,0,0,0,0,0,0,0,0,0,0
גוּלוֹת,0,0,0,0,0,0,0,0,0,0
מרץ,0,0,0,0,0,0,1,0,0,0
סוּסָה,0,0,0,0,0,0,0,0,0,0
שולים,0,0,0,0,0,1,0,1,0,0
שׁוּלִי,0,0,0,0,0,0,0,0,0,0
מַרִיחוּאַנָה,0,0,0,0,0,0,0,0,0,0
ימי,0,0,0,0,0,0,0,0,0,1
סַפָּן,0,0,0,0,0,0,0,0,0,0
יַמִי,0,0,0,0,0,0,0,0,0,0
סימן,0,0,0,0,0,0,0,0,0,0
מסומן,0,0,0,0,0,0,1,0,0,0
שׁוּק,0,0,0,0,0,0,0,0,0,0
סחיר,0,0,0,0,0,0,1,0,0,0
זירת מסחר,0,0,0,0,0,0,0,0,0,0
סימנים,0,0,0,0,0,0,0,0,0,0
חוואר,0,0,0,0,0,0,0,0,0,0
מַרמֵלָדָה,0,0,0,0,0,0,0,0,0,0
חוּם עֲרמוֹנִי,0,0,0,0,0,1,0,0,0,0
אוֹהֶל גָדוֹל,0,0,0,0,0,0,0,0,0,0
מַרקִיז,0,0,0,0,0,0,1,0,0,0
נישואים,0,1,0,0,1,0,1,0,0,1
נָשׂוּי,0,0,0,0,0,0,0,0,0,0
מוֹחַ,0,0,0,0,1,0,1,0,0,1
לְהִתְחַתֵן,0,1,0,1,1,0,1,0,1,1
בִּצָה,0,0,0,0,0,0,0,0,0,0
מַרשַׁל,0,0,0,0,0,0,1,0,0,1
מארט,0,0,0,0,0,0,0,0,0,0
צְבָאִי,1,0,0,0,0,0,0,0,0,0
מרטינגל,0,0,0,0,0,1,0,0,0,0
קָדוֹשׁ מְעוּנֶה,0,0,0,1,0,1,0,1,0,0
מָוֶת הַקְדוֹשִׁים,0,0,0,1,0,1,0,1,0,0
פֶּלֶא,0,0,0,0,0,0,1,0,1,0
נִפלָא,0,0,0,0,1,0,1,0,0,0
בצורה מופלאה,0,0,0,0,1,0,1,0,0,0
גַברִי,0,0,0,0,0,0,1,0,0,0
גַברִיוּת,0,0,0,0,0,0,0,0,0,0
לִכתוֹשׁ,0,0,0,0,0,0,0,0,0,0
מסכה,0,0,0,0,0,0,0,0,0,0
מָזוֹכִיזם,1,0,1,1,0,1,0,0,0,0
בַּנַאִי,0,0,0,0,0,0,0,0,0,0
נֶשֶׁף מַסֵכוֹת,0,0,0,0,0,0,0,0,0,0
מסה,0,0,0,0,0,0,0,0,0,0
טֶבַח,1,0,1,1,0,1,0,1,0,0
לְעַסוֹת,0,0,0,0,1,0,1,0,0,0
מַסִיבִי,0,0,0,0,0,0,0,0,0,0
לִשְׁלוֹט,0,0,0,0,0,0,1,0,0,0
מוֹחַ,0,0,0,0,0,0,0,0,0,0
יצירת מופת,0,0,0,0,1,0,1,0,0,0
שליטה,1,0,0,0,1,0,1,0,0,1
לְאוֹנֵן,0,0,0,0,0,0,0,0,0,0
אוֹנָנוּת,0,0,0,0,0,0,0,0,0,0
מַחצֶלֶת,0,0,0,0,0,0,0,0,0,0
התאמה,0,0,0,0,0,0,0,0,0,0
תוֹאֵם,0,0,0,0,0,0,0,0,0,0
שַׁדְכָנִית,0,1,0,0,0,0,0,0,0,0
בן זוג,0,0,0,0,0,0,1,0,0,1
חוֹמֶר,0,0,0,0,0,0,0,0,0,0
חוֹמְרָנוּת,0,0,0,0,0,1,0,0,0,0
חוֹמְרָנִי,0,0,1,0,0,1,0,0,0,0
חוֹמְרָנִי,0,0,0,0,0,0,0,0,0,0
חומריות,0,0,0,0,0,0,0,0,0,0
לְהִתְגַשֵׁם,0,0,0,0,0,0,0,0,0,0
מבחינה חומרית,0,0,0,0,0,0,0,0,0,0
חומרים,0,0,0,0,0,0,0,0,0,0
חומר,0,0,0,0,0,0,0,0,0,0
אִמָהִי,0,1,0,0,0,1,1,0,0,0
אִמָהוּת,0,0,0,0,0,0,0,0,0,0
מָתֵימָטִי,0,0,0,0,0,0,0,0,0,1
מתמטיקאי,0,0,0,0,0,0,0,0,0,0
מָתֵימָטִיקָה,0,0,0,0,0,0,0,0,0,0
בַּגרוּת,0,0,0,0,0,0,0,0,0,0
נִשׂוּאִים,0,1,0,0,1,0,1,0,0,1
מַטרִיצָה,0,0,0,0,0,0,0,0,0,0
אֵם הַבַּיִת,0,0,0,0,0,0,1,0,0,1
דהוי,0,0,0,0,0,0,0,0,0,0
חוֹמֶר,0,0,0,0,0,0,0,0,0,0
מחצלת,0,0,0,0,0,0,0,0,0,0
מִזרָן,0,0,0,0,0,0,0,0,0,0
הַבשָׁלָה,0,0,0,0,0,0,0,0,0,0
בַּגרוּת,0,0,0,0,0,0,0,0,0,0
מַאוּזוֹלֵאוֹן,0,0,0,0,0,0,0,1,0,0
סְגַלגַל,0,0,0,0,0,0,0,0,0,0
פִּתגָם,0,0,0,0,0,0,0,0,0,1
מַקסִימוּם,0,0,0,0,0,0,1,0,0,0
ראש העיר,0,0,0,0,0,0,1,0,0,0
מבוך,0,0,0,0,0,0,0,0,0,0
תֶמֶד,0,0,0,0,0,0,0,0,0,0
אָחוּ,0,0,0,0,0,0,1,0,0,0
ארוחה,0,0,0,0,0,0,0,0,0,0
לְשׁוֹטֵט,0,0,0,0,0,0,0,0,0,0
מתפתל,0,0,0,0,0,1,0,0,0,0
מַשְׁמָעוּת,0,0,0,0,0,0,0,0,0,0
חֲסַר מַשְׁמָעוּת,0,0,0,0,0,1,0,1,0,0
אומר,0,0,0,0,0,0,0,0,0,0
בינתיים,0,0,0,0,0,0,0,0,0,0
חַצֶבֶת,0,0,1,1,0,1,0,1,0,0
מָדִיד,0,0,0,0,0,0,0,0,0,0
מידה,0,0,0,0,0,0,0,0,0,1
נמדד,0,0,0,0,0,0,1,0,0,1
מדידה,0,0,0,0,0,0,0,0,0,0
מדידה,0,0,0,0,0,0,0,0,0,0
בָּשָׂר,0,0,0,0,0,0,0,0,0,0
מְכוֹנַאִי,0,0,0,0,0,0,0,0,0,0
מֵכָנִי,0,0,0,0,0,0,0,0,0,0
מַנגָנוֹן,0,0,0,0,0,0,0,0,0,0
מֵדַלִיָה,0,1,0,0,1,0,1,0,1,1
מֵדַלִיוֹן,0,0,0,0,0,0,0,0,0,0
מדליסט,0,0,0,0,0,0,0,0,0,0
לְהִתְעַרֵב,1,0,0,0,0,1,0,0,0,0
התערבות,0,0,0,0,0,0,0,0,0,0
כְּלֵי תִקְשׁוֹרֶת,0,0,0,0,0,0,0,0,0,0
מדיאלי,0,0,0,0,0,0,0,0,0,0
חֲצִיוֹן,0,0,0,0,0,0,0,0,0,0
לפשר,0,1,0,0,0,0,1,0,0,1
גישור,0,0,0,0,0,0,1,0,0,0
מתווך,0,1,0,0,0,0,1,0,0,1
רְפוּאִי,0,1,0,1,0,0,1,0,0,1
תְרוּפָתִי,0,0,0,0,0,0,0,0,0,0
רפואה,0,0,0,0,0,0,0,0,0,0
ימי הביניים,0,0,0,0,0,0,0,0,0,0
בֵּינוֹנִי,0,0,0,0,0,1,0,0,0,0
בֵּינוֹנִיוּת,0,0,0,0,0,1,0,0,0,0
לְהַרהֵר,0,1,0,0,1,0,1,0,0,1
מֶדִיטָצִיָה,0,0,0,0,0,0,0,0,0,0
מְהוּרהָר,0,0,0,0,0,0,0,0,0,0
יָם תִיכוֹנִי,0,0,0,0,0,0,1,0,0,0
בינוני,0,0,0,0,0,0,0,0,0,0
מַחְרוֹזֶת,0,0,0,0,0,0,1,0,0,0
צָנוּעַ,0,0,0,0,0,0,0,1,0,0
לִפְגוֹשׁ,0,0,0,0,0,0,0,0,0,0
פְּגִישָׁה,0,0,0,0,0,0,0,0,0,0
בַּעַל מָרָה שְׁחוֹרָה,0,0,0,0,0,1,0,1,0,0
עֶצֶב,0,0,0,0,0,1,0,1,0,0
תִגרָה,0,0,0,1,0,1,0,0,0,0
מלודי,0,0,0,0,0,0,0,0,0,0
מֵלוֹדרָמָה,1,0,0,0,0,1,0,1,0,0
מלודרמטי,0,0,0,0,0,0,0,0,0,0
מַנגִינָה,0,0,0,0,0,0,0,0,0,0
להמיס,0,0,0,0,0,0,0,0,0,0
התמוטטות,0,0,0,0,0,1,0,1,0,0
הַתָכָה,0,0,0,0,0,0,0,0,0,0
חבר,0,0,0,0,0,0,0,0,0,0
קְרוּם,0,0,0,0,0,0,0,0,0,0
מַזכֶּרֶת,0,0,0,0,0,0,1,0,0,0
תַזכִּיר,0,0,0,0,0,0,0,0,0,0
ספר זיכרונות,0,0,0,0,0,0,0,0,0,0
מזכרות,0,0,0,0,0,0,0,0,0,0
בלתי נשכח,0,0,0,0,1,0,1,0,1,1
תַזכִּיר,0,0,0,0,0,0,0,0,0,0
זִכָּרוֹן,0,0,0,0,0,0,0,0,0,0
אנדרטאות,0,0,0,0,0,0,0,1,0,0
לְשַׁנֵן,0,0,0,0,0,0,0,0,0,0
זיכרון,0,0,0,0,0,0,0,0,0,0
אִיוּם,1,0,0,1,0,1,0,0,0,0
מאיים,1,0,0,1,0,1,0,0,0,0
בִּיבָר,0,0,0,0,0,0,0,0,0,0
לְתַקֵן,0,0,0,0,0,0,0,0,0,0
אִחוּי,0,0,0,0,0,0,1,0,0,0
בָּזוּי,0,0,0,0,0,1,0,0,0,0
סַהֲרוֹן,0,0,0,0,0,0,0,0,0,0
וֶסֶת,0,0,0,0,0,0,1,0,0,0
שֶׁל וֶסֶת,0,0,0,0,0,0,0,0,0,0
נַפשִׁי,0,0,0,0,0,0,0,0,0,0
אִזְכּוּר,0,0,0,0,0,0,0,0,0,0
מנטור,0,0,0,0,0,0,1,0,0,1
תַפרִיט,0,0,0,0,0,0,0,0,0,0
מיאו,0,0,0,0,0,0,0,0,0,0
מִסְחָרִי,0,0,0,0,0,0,0,0,0,0
שְׂכִיר חֶרֶב,0,0,0,1,0,1,0,0,0,0
סְחוֹרָה,0,0,0,0,0,0,0,0,0,0
סוֹחֵר,0,0,0,0,0,0,0,0,0,1
רַחוּם,0,0,0,0,0,0,1,0,0,0
חֲסַר רַחֲמִים,0,0,0,1,0,1,0,0,0,0
כַּספִּיתִי,0,0,0,0,0,0,0,0,0,0
רַחֲמִים,0,0,0,0,0,0,1,0,0,0
סְתָם,0,0,0,0,0,0,0,0,0,0
לְמַזֵג,0,1,0,0,0,0,1,0,0,0
מֵרִידִיאַן,0,0,0,0,0,0,0,0,0,0
meridional,0,0,0,0,0,0,0,0,0,0
לִזכּוֹת,0,0,0,0,0,0,1,0,0,1
רָאוּי לְשֶׁבַח,0,0,0,0,1,0,1,0,0,1
בתולת ים,0,0,0,0,0,0,0,0,0,0
עֲלִיצוּת,0,0,0,0,1,0,1,0,1,0
עליז,0,0,0,0,1,0,1,0,0,0
mesa,0,0,0,0,0,0,0,0,0,0
רֶשֶׁת,0,0,0,0,0,0,0,0,0,0
רשתות,0,0,0,0,0,0,0,0,0,0
מהופנט,0,0,0,0,0,0,0,0,0,0
אי סדר,0,0,1,0,0,1,0,0,0,0
הוֹדָעָה,0,0,0,0,0,0,0,0,0,0
שָׁלִיחַ,0,0,0,0,0,0,0,0,0,1
מבולגן,0,0,1,0,0,1,0,0,0,0
חילוף חומרים,0,0,0,0,0,0,0,0,0,0
מַתֶכֶת,0,0,0,0,0,0,0,0,0,0
מֵטַלוּרגִיָה,0,0,0,0,0,0,0,0,0,0
גִלגוּל,0,0,0,0,0,0,0,0,0,0
מֵטָפוֹרָה,0,0,0,0,0,0,0,0,0,0
מוּשׁאָל,0,0,0,0,0,0,0,0,0,0
מֵטָפִיסִי,0,0,0,0,0,0,0,0,0,0
מֵטָפִיסִיקָה,0,0,0,0,0,0,0,0,0,0
גרורות,0,0,0,0,0,1,0,0,0,0
מֵטֵאוֹר,0,0,0,0,0,0,0,0,0,0
מטאורית,0,0,0,0,0,0,0,0,0,0
מטאוריט,0,0,0,0,0,0,0,0,0,0
מטאורולוגי,0,0,0,0,0,0,0,0,0,0
מֵטֵאוֹרוֹלוֹגִיָה,0,0,0,0,0,0,0,0,0,0
מטר,0,0,0,0,0,0,0,0,0,0
מתנול,0,0,0,0,0,1,0,0,0,0
שיטה,0,0,0,0,0,0,0,0,0,0
שִׁיטָתִי,0,0,0,0,0,0,0,0,0,0
קַפְּדָנִי,0,0,0,0,0,0,0,0,0,0
מֶטרִי,0,0,0,0,0,0,0,0,0,0
מֶטרִי,0,0,0,0,0,0,0,0,0,0
מטרולוגיה,0,0,0,0,0,0,0,0,0,0
מֶטרוֹפּוֹלִין,0,0,0,0,0,0,0,0,0,0
עִירוֹנִי,0,0,0,0,0,0,1,0,0,0
כושר,0,0,0,0,0,0,1,0,0,0
מיילל,0,0,0,0,0,0,0,0,0,0
נָצִיץ,0,0,0,0,0,0,0,0,0,0
מיק,0,0,0,0,0,0,0,0,0,0
חַידַק,0,0,0,0,0,0,0,0,0,0
מִיקרוֹבִּיוֹלוֹגִיָה,0,0,0,0,0,0,0,0,0,0
מִיקרוֹקוֹסמוֹס,0,0,0,0,0,0,0,0,0,0
מיקרוגרם,0,0,0,0,0,0,0,0,0,0
מִיקרוֹמֶטֶר,0,0,0,0,0,0,0,0,0,0
מיקרון,0,0,0,0,0,0,0,0,0,0
מִיקרוֹפוֹן,0,0,0,0,0,0,0,0,0,0
מִיקרוֹסקוֹפּ,0,0,0,0,0,0,0,0,0,1
מִיקרוֹסקוֹפִּי,0,0,0,0,0,0,0,0,0,0
מיקרוסקופית,0,0,0,0,0,0,0,0,0,0
מיקרוסקופיה,0,0,0,0,0,0,1,0,0,0
בֵּינוֹנִי,0,0,0,0,0,0,0,0,0,0
צָהֳרַיִים,0,0,0,0,0,0,0,0,0,0
אֶמצַע,0,0,0,0,0,0,0,0,0,0
סַרְסוּר,0,0,0,0,0,0,0,0,0,0
מידלנד,0,0,0,0,0,0,0,0,0,0
חצות,0,0,0,0,0,0,0,0,0,0
אמצע,0,0,0,0,0,0,0,0,0,0
אֶמצַע הַקַיִץ,0,0,0,0,0,0,0,0,0,0
בְּחַצִי הַדֶרֶך,0,0,0,0,0,0,0,0,0,0
מְיַלֶדֶת,0,1,0,0,1,1,1,0,0,1
מְיַלְדוּת,0,0,0,0,0,0,1,0,0,0
הַבָּעַת פָּנִים,0,0,0,0,0,0,0,0,0,0
אדיר,1,0,0,1,1,0,1,0,0,1
להגר,0,0,0,0,0,0,0,0,0,0
הֲגִירָה,0,0,0,0,0,0,0,0,0,0
נוֹדֵד,0,0,0,0,0,0,0,0,0,0
מִיקרוֹפוֹן,0,0,0,0,0,0,0,0,0,0
טַחַב,0,0,1,0,0,1,0,0,0,0
מִיל,0,0,0,0,0,0,0,0,0,0
מִספָּר הַמַיִלִים,0,0,0,0,0,0,0,0,0,0
אבן דרך,0,0,0,0,0,0,0,0,0,0
לוֹחְמָנִי,0,0,0,0,0,0,0,0,0,0
צבאי,0,0,0,1,0,0,0,0,0,0
מִילִיצִיָה,1,0,0,1,0,1,0,1,0,0
חלב,0,0,0,0,0,0,0,0,0,0
חֲלָבִי,0,0,0,0,0,0,0,0,0,0
טחנה,0,1,0,0,0,0,0,0,0,0
אֶלֶף שָׁנָה,0,0,0,0,0,0,0,0,0,0
מִילִיגרָם,0,0,0,0,0,0,0,0,0,0
מִילִימֶטֶר,0,0,0,0,0,0,0,0,0,0
מִילִיוֹן,0,0,0,0,0,0,0,0,0,0
מִילִיוֹנֵר,0,0,0,0,0,0,0,0,0,0
לְחַקוֹת,0,0,0,0,0,0,1,0,0,0
לְחַקוֹת,0,0,0,0,0,0,0,0,0,0
חיקוי,0,0,0,0,0,0,0,0,0,0
מִימִיקָה,0,0,0,0,0,1,0,0,1,0
אכפת,0,0,0,0,0,0,0,0,0,0
אופקים,0,0,0,0,0,0,0,0,0,0
זָהִיר,0,0,0,0,0,0,1,0,0,0
מודעות,0,0,0,0,0,0,1,0,0,0
שלי,0,0,0,0,0,0,0,0,0,0
כּוֹרֶה,0,0,0,0,0,0,0,0,0,0
מִינֵרָלִי,0,0,0,0,0,0,0,0,0,0
מִינֵרָלוֹגִיָה,0,0,0,0,0,0,0,0,0,0
להתערבב,0,0,0,0,0,0,0,0,0,0
התערבבו,0,0,0,0,0,0,0,0,0,0
מִינִיאָטוּרָה,0,0,0,0,0,0,0,0,0,0
מיניבוס,0,0,0,0,0,0,0,0,0,0
מינימום,0,0,0,0,0,0,0,0,0,0
לְצַמְצֵם,0,0,0,0,0,1,0,0,0,0
מִינִימוּם,0,0,0,0,0,1,0,0,0,0
שר בממשלה,0,0,0,0,0,0,0,0,0,0
שר,0,0,0,0,0,0,0,0,0,0
מִשׂרָד,0,0,0,0,1,0,1,0,0,1
מיני וואן,0,0,0,0,0,0,0,0,0,0
דָגִיג,0,0,0,0,0,0,0,0,0,0
קַטִין,0,0,0,0,0,0,0,0,0,0
מיעוט,0,0,0,0,0,1,0,0,0,0
זַמָר,0,0,0,0,0,0,0,0,0,0
מנטה,0,0,0,0,0,0,0,0,0,0
זָעִיר,0,0,0,0,0,0,0,0,0,0
דַקָה,0,0,0,0,0,0,0,0,0,0
פרטים,0,0,0,0,0,0,0,0,0,0
מיר,0,0,0,0,0,0,0,0,0,0
נֵס,0,1,0,0,1,0,1,0,1,1
פִּלאִי,0,0,0,0,1,0,1,0,1,0
מִירָאז',0,0,0,0,0,0,0,0,0,0
בּוֹץ,0,0,1,0,0,1,0,0,0,0
מַרְאָה,0,0,0,0,0,0,0,0,0,0
עֲלִיצוּת,0,0,0,0,1,0,1,0,0,0
ניכוס פסולה,0,0,0,0,0,0,0,0,0,0
הִתְנַהֲגוּת פְּסוּלָה,1,0,1,0,0,1,0,0,1,0
הַפָּלָה,0,0,0,1,0,1,0,1,0,0
שונות,0,0,0,0,0,0,0,0,0,0
קוֹבֶץ מְעוּרָב,0,0,0,0,0,0,0,0,0,0
שׁוֹבְבוּת,0,0,0,0,0,1,0,0,0,0
שׁוֹבָב,0,0,0,0,0,1,0,0,0,0
תפיסה שגויה,1,0,1,1,0,1,0,0,0,0
הִתְנַהֲגוּת פְּסוּלָה,0,0,1,0,0,1,0,0,0,0
עָווֹן,0,0,0,0,0,0,0,0,0,0
אוּמלָל,1,0,1,0,0,1,0,1,0,0
אומללות,0,0,0,0,0,1,0,1,0,0
אומללות,1,0,1,1,0,1,0,1,0,0
צָרָה,0,0,0,1,0,1,0,1,0,0
מוטעה,0,0,1,0,0,1,0,0,0,0
תַקָלָה,0,0,1,1,0,1,0,1,1,0
מידע מוטעה,0,0,0,0,0,0,0,0,0,0
פֵּרוּשׁ מְסוּלָף,0,0,0,0,0,1,0,0,0,0
להוליך שולל,1,0,0,1,0,1,0,0,0,1
מַטעֶה,1,0,1,0,0,1,0,0,0,0
נִהוּל כּוֹשֵׁל,0,0,0,0,0,1,0,0,0,0
חוסר התאמה,0,0,0,0,0,1,0,0,0,0
לא תואם,0,0,0,0,0,0,0,0,0,0
שֵׁם מַטעֵה,0,0,0,0,0,1,0,0,0,0
לָשִׂים לֹא בְּמָקוֹם,1,0,1,0,0,1,0,0,0,0
לא במקום,0,0,0,0,0,1,0,0,0,0
לְסַלֵף,0,0,0,0,0,1,0,0,0,0
תֵאוּר מְסוּלָף,0,0,0,0,0,1,0,1,0,0
מצג שווא,1,0,0,0,0,1,0,0,0,0
עלמה,0,0,0,0,0,0,0,0,0,0
טִיל,0,0,0,1,0,0,0,0,0,0
חָסֵר,0,0,0,1,0,1,0,1,0,0
משימה,0,0,0,0,0,0,0,0,0,0
מִיסִיוֹנֶרִי,0,0,0,0,0,0,1,0,0,0
הצהרה מוטעית,1,0,1,0,0,1,0,0,0,0
עֲרָפֶל,0,0,0,0,0,0,0,0,0,0
טעות,0,0,0,0,0,1,0,1,0,0
טוֹעֶה,0,0,0,1,0,1,0,0,0,0
מַר,0,0,0,0,0,0,0,0,0,0
פִּילֶגֶשׁ,1,0,1,0,0,1,0,0,0,0
חוֹסֶר אֵמוּן,0,0,1,1,0,1,0,0,0,0
עַרְפִילִי,0,0,0,0,0,0,0,0,0,0
לא מבינים,0,0,0,0,0,1,0,0,0,0
אי הבנה,1,0,0,0,0,1,0,1,0,0
שימוש לרעה,0,0,0,0,0,1,0,0,0,0
שֶׁמֶץ,0,0,1,0,0,1,0,0,0,0
מִצנֶפֶת,0,0,0,0,0,0,0,0,0,0
הֲקָלָה,0,0,0,0,0,0,0,0,0,0
לְעַרְבֵּב,0,0,0,0,0,0,0,0,0,0
מעורב,0,0,0,0,0,0,0,0,0,0
תַעֲרוֹבֶת,0,0,0,0,0,0,0,0,0,0
לִגנוֹחַ,0,0,0,1,0,0,0,1,0,0
תְעָלַת מָגֵן,0,0,0,0,0,0,0,0,0,1
הָמוֹן,1,0,0,1,0,1,0,0,0,0
נייד,0,1,0,0,0,0,0,0,0,0
ניידות,0,0,0,0,0,0,0,0,0,0
גִיוּס,0,0,0,0,0,0,0,0,0,0
להתגייס,0,0,0,0,0,0,0,0,0,0
לַעַג,0,0,1,0,0,1,0,0,0,0
לַעֲגָנִי,1,0,1,0,0,1,0,1,0,0
מוֹדָלִי,0,0,0,0,0,0,0,0,0,0
אָפְנוּת,0,0,0,0,0,0,0,0,0,0
מצב,0,0,0,0,0,0,0,0,0,0
דֶגֶם,0,0,0,0,0,0,1,0,0,0
דוגמנית,0,0,0,0,0,0,0,0,0,0
לְמַתֵן,0,0,0,0,0,0,1,0,0,0
בִּמְתִינוּת,0,0,0,0,0,0,0,0,0,0
מנחה,0,0,0,0,0,0,0,0,0,0
מְתִינוּת,0,0,0,0,0,0,0,0,0,0
מַנחֶה,0,0,0,0,0,0,1,0,0,1
מוֹדֶרנִי,0,0,0,0,0,0,0,0,0,0
מוֹדֶרנִיוּת,0,0,0,0,0,0,0,0,0,0
צָנוּעַ,0,0,0,0,0,0,1,0,0,1
צניעות,0,0,0,0,0,0,1,0,0,0
קוּרטוֹב,0,0,0,0,0,0,0,0,0,0
ניתן לשינוי,0,0,0,0,0,0,0,0,0,0
שינוי,0,0,0,0,0,0,0,0,0,0
שונה,0,0,0,0,0,0,0,0,0,0
לְשַׁנוֹת,0,0,0,0,0,0,0,0,1,0
לְוַסֵת,0,0,0,0,0,0,0,0,0,0
וויסות,0,0,0,0,0,0,0,0,0,0
מודול,0,0,0,0,0,0,0,0,0,0
מודולוס,0,0,0,0,0,0,0,0,0,0
מוֹגוּל,0,0,0,0,0,0,0,0,0,0
מַחֲצִית,0,0,0,0,0,0,0,0,0,0
לַח,0,0,0,0,0,0,0,0,0,0
לַחוּת,0,0,0,0,0,0,0,0,0,0
טוֹחֶנֶת,0,0,0,0,0,0,0,0,0,0
דִבשָׁה,0,0,0,0,0,0,0,0,0,0
עובש,0,0,0,0,0,0,0,0,0,0
מְעוּצָב,0,0,0,0,0,0,0,0,0,0
דְפוּס,0,0,0,0,0,0,0,0,0,0
מְעוּפָּשׁ,0,0,0,0,0,0,0,0,0,0
מולקולרית,0,0,0,0,0,0,0,0,0,0
מולקולה,0,0,0,0,0,0,0,0,0,0
הַצָקָה,1,0,1,1,0,1,0,1,0,0
מוּתָך,0,0,0,0,0,0,0,0,0,0
רֶגַע,0,0,0,0,0,0,0,0,0,0
רִגעִי,0,0,0,0,0,0,0,0,0,0
רַב חֲשִׁיבוּת,0,0,0,0,0,0,0,0,0,0
תְנוּפָה,0,1,0,0,0,0,1,0,0,0
מונאדה,0,0,0,0,0,0,0,0,0,0
מֶלֶך,0,0,0,0,0,0,0,0,0,0
מוֹנַרכִיָה,0,0,0,0,0,0,0,0,0,0
מִנזָר,0,0,0,0,0,0,0,0,0,0
נְזִירִי,0,0,0,0,0,0,0,0,0,0
כַּספִּי,0,1,0,0,0,0,1,0,0,0
כֶּסֶף,1,1,0,0,1,0,1,0,1,1
נָזִיר,0,0,0,0,0,0,1,0,0,1
קוֹף,0,0,0,0,0,0,0,0,0,0
מונוכרום,0,0,1,0,0,1,0,0,0,0
מוֹנוֹגָמִיָה,0,0,0,0,0,0,0,0,0,1
מוֹנוֹגרָם,0,0,0,0,0,0,0,0,0,0
מוֹנוֹגרָפִיָה,0,0,0,0,0,0,0,0,0,0
חד-שכבתי,0,0,0,0,0,0,0,0,0,0
מוֹנוֹלוֹג,0,0,0,0,0,0,0,0,0,0
בעל מונופולין,0,0,0,0,0,1,0,0,0,0
מוֹנוֹפּוֹל,0,0,0,0,0,0,0,0,0,0
מוֹנוֹטוֹנִיוּת,0,0,0,0,0,0,0,0,0,0
מוּנסוֹן,0,0,0,0,0,1,0,1,0,0
מִפלֶצֶת,0,0,0,1,0,1,0,0,0,0
מִפלֶצֶת,1,0,1,1,0,1,0,0,1,0
מונטה,0,0,0,0,0,0,0,0,0,0
חוֹדֶשׁ,0,0,0,0,0,0,0,0,0,0
יַרחוֹן,0,0,0,0,0,0,0,0,0,0
אַנדַרטָה,0,0,0,0,0,0,1,0,0,0
מוֹנוּמֶנטָלִי,0,0,0,0,0,0,0,0,0,0
גְעִיָה,0,0,0,0,0,0,0,0,0,0
מצבי רוח,0,0,0,0,0,0,0,0,0,0
מְצוּבּרָח,1,0,0,0,0,1,0,1,0,0
ירח,0,0,0,0,0,0,0,0,0,0
אוֹר הַלְבָנָה,0,0,0,0,0,0,0,0,0,0
עגנה,0,0,0,0,0,0,0,0,0,0
עֲגִינָה,0,0,0,0,0,0,0,0,0,0
עגינות,0,0,0,0,0,0,0,0,0,1
אדמת מור,0,0,0,0,0,0,0,0,0,0
מוּז,0,0,0,0,0,0,0,0,0,0
שָׁנוּי בְּמַחֲלוֹקֶת,0,0,0,0,0,1,0,0,0,0
התעוררה,0,0,0,0,0,0,0,0,0,0
לְנַגֵב,0,0,0,0,0,0,0,0,0,0
מוסר השכל,1,0,0,0,0,0,1,0,0,1
מוּסָרִיוּת,0,0,0,0,0,0,1,0,0,1
מוֹרָל,1,1,1,0,1,0,1,0,1,1
בִּצָה,0,0,0,0,0,0,0,0,0,0
מוֹרָטוֹרִיוּם,0,0,0,0,0,0,0,0,0,0
חוֹלָנִי,0,0,0,0,0,1,0,1,0,0
תחלואה,1,0,1,1,0,1,0,1,0,0
חֲדַר מֵתִים,0,0,1,1,0,1,0,1,0,0
גוסס,0,0,0,0,0,1,0,1,0,0
בוקר,0,1,0,0,0,0,0,0,0,0
בוקר,0,0,0,0,0,0,0,0,0,0
טיפש,0,0,0,0,0,1,0,0,0,0
מוֹרוֹנִי,0,0,0,0,0,1,0,0,0,0
מוֹרפִין,0,0,0,0,0,0,0,0,0,0
מורפיזם,0,0,0,0,0,0,0,0,0,0
מוֹרפוֹלוֹגִיָה,0,0,0,0,0,0,0,0,0,0
מָחָר,0,1,0,0,0,0,0,0,0,0
פַּת,0,0,0,0,0,1,0,0,0,0
בֶּן תְמוּתָה,0,0,0,0,0,1,0,0,0,0
תמותה,1,0,0,1,0,1,0,1,0,0
מרגמה,0,0,0,0,0,0,1,0,0,0
משכנתא,0,0,0,1,0,0,0,0,0,0
בעל משכנתא,0,0,0,0,0,0,0,0,0,1
משכנתא,0,0,0,1,0,0,0,0,0,0
הַשׁפָּלָה,0,1,1,1,0,1,0,1,0,0
חֲדַר מֵתִים,0,0,0,1,0,1,0,1,0,0
פְּסִיפָס,0,0,0,0,0,0,0,0,0,0
יַתוּשׁ,1,0,1,0,0,1,0,0,0,0
אֵזוֹב,0,0,0,0,0,0,0,0,0,0
אֲזוֹבִי,0,0,0,0,0,0,0,0,0,0
חֶלְקִיק,0,0,0,0,0,0,0,0,0,0
עָשׁ,0,0,0,0,0,0,0,0,0,0
אִמָא,0,1,0,0,1,1,1,1,0,1
אִמָהוּת,0,0,0,0,1,0,1,0,0,1
תְנוּעָה,0,1,0,0,0,0,0,0,0,0
ללא תנועה,0,0,0,0,0,0,0,0,0,0
מֵנִיעַ,0,0,0,0,0,0,1,0,0,0
סַסגוֹנִי,0,0,0,0,0,0,0,0,0,0
מָנוֹעַ,0,0,0,0,0,0,0,0,0,0
אוֹפנוֹעַ,0,0,0,0,0,0,0,0,0,0
אופנוע,0,0,0,0,0,0,0,0,0,0
מוטה,0,0,0,0,0,0,0,0,0,0
מְנוּמָר,0,0,0,0,0,0,0,0,0,0
מוֹטוֹ,0,0,0,0,0,0,0,0,0,0
עובש,0,0,0,0,0,0,0,0,0,0
תֵל,0,0,0,0,0,0,0,0,0,0
הר,0,0,0,0,0,0,0,0,0,0
הַר,0,1,0,0,0,0,0,0,0,0
מְטַפֵּס הַרִים,0,0,0,0,0,0,0,0,0,0
הֲרָרִי,0,0,0,0,0,0,0,0,0,0
לְהִתְאַבֵּל,0,0,0,0,0,1,0,1,0,0
עָגוּם,1,0,0,1,0,1,0,1,0,0
אֵבֶל,0,0,0,0,0,1,0,1,0,0
עכבר,0,0,0,0,0,0,0,0,0,0
שפם,0,0,0,0,0,0,0,0,0,0
פֶּה,0,0,0,0,0,0,0,0,1,0
מְלוֹא הַפֶּה,0,0,1,0,0,0,0,0,0,0
פִּיָה,0,0,0,0,0,0,0,0,0,0
זָחִיחַ,0,0,0,0,0,0,1,0,0,0
מהלך \ לזוז \ לעבור,0,0,0,0,0,0,0,0,0,0
תְנוּעָה,0,0,0,0,0,0,0,0,0,0
מעביר,0,0,0,0,0,0,1,0,0,0
סרט,0,0,0,0,0,0,0,0,0,0
נע,0,0,0,0,0,0,0,0,0,0
מַתבֵּן,0,0,0,0,0,0,0,0,0,0
לְלַכְלֵך,0,0,1,0,0,1,0,0,0,0
רִירִי,0,0,1,0,0,0,0,0,0,0
רִיר,0,0,1,0,0,0,0,0,0,0
בּוֹץ,0,0,0,0,0,1,0,0,0,0
לְשַׁבֵּשׁ,0,0,0,0,0,1,0,0,0,0
מבולבל,0,0,0,0,0,1,0,0,0,0
בּוֹצִי,0,0,1,0,0,1,0,0,0,0
יְדוֹנִית,1,0,1,0,0,1,0,0,0,0
עמום,0,0,0,0,0,0,0,0,0,0
צָעִיף,0,0,0,0,0,0,0,0,0,0
ספל,1,0,0,1,0,1,1,1,0,0
פֶּרֶד,1,0,0,0,0,1,0,0,0,1
רַב צְדָדִי,0,0,0,0,0,0,0,0,0,0
מרובות,0,0,0,0,0,0,0,0,0,0
מרובה,0,0,0,0,0,0,0,0,0,0
כֶּפֶל,0,0,0,0,0,0,0,0,0,0
ריבוי,0,0,0,0,0,0,0,0,0,0
כָּפוּל,0,0,0,0,0,0,0,0,0,0
מַכפִּיל,0,0,0,0,0,0,0,0,0,0
לְהַכפִּיל,0,0,0,0,0,0,0,0,0,0
הָמוֹן,0,0,0,0,0,0,0,0,0,0
אמא,0,0,0,1,0,1,0,0,0,0
מִלמוּל,0,0,0,0,0,1,0,0,0,0
אִמָא,0,0,0,0,0,0,0,0,0,0
חַזֶרֶת,0,0,0,0,0,1,0,0,0,0
לִלְעוֹס,0,0,0,0,0,0,0,0,0,0
אַרְצִי,0,0,0,0,0,0,0,0,0,0
עִירוֹנִי,0,0,0,0,0,0,0,0,0,0
עִירִיָה,0,0,0,0,0,0,0,0,0,0
צִיוּר קִיר,0,0,0,0,0,0,0,0,0,0
רֶצַח,1,0,1,1,0,1,0,1,1,0
רוֹצֵחַ,1,0,1,1,0,1,0,1,0,0
רַצחָנִי,1,0,1,1,0,1,0,1,1,0
חָשׁוּך,0,0,1,0,0,1,0,1,0,0
רִשׁרוּשׁ,0,0,0,0,0,0,0,0,0,0
שְׁרִיר,0,0,0,0,0,0,0,0,0,0
שְׁרִירִי,0,0,0,0,0,0,1,0,0,0
מוּזָה,0,0,0,0,0,0,0,0,0,0
מוזות,0,0,0,0,0,0,0,0,0,0
מוּזֵיאוֹן,0,0,0,0,0,0,0,0,0,0
דַיסָה,0,0,0,0,0,0,0,0,0,0
פטרייה,0,0,0,0,0,0,0,0,0,0
מוּסִיקָה,0,0,0,0,1,0,1,1,0,0
מוּסִיקָלִי,1,1,0,0,1,0,1,1,1,1
מוּסִיקָאִי,0,0,0,0,0,0,0,0,0,0
מהרהר,0,0,0,0,0,0,0,0,0,0
מוּשָׁק,0,0,0,0,0,0,0,0,0,0
מוּסקֶט,0,0,0,1,0,0,0,0,0,0
מוּסלִין,0,0,0,0,0,0,0,0,0,0
לִפְרוֹעַ,0,0,0,0,0,1,0,0,0,0
מוּסטָנג,0,0,0,0,0,0,0,0,0,0
חרדל,0,0,0,0,0,0,0,0,0,0
לְקַבֵּץ,0,0,0,0,0,0,0,0,0,0
מְעוּפָּשׁ,0,0,1,0,0,1,0,0,0,0
מִשְׁתַנֶה,0,1,0,0,0,0,1,0,0,0
מוטציה,0,0,0,0,0,1,0,0,0,0
מוּטָצִיָה,0,0,0,0,0,0,0,0,0,0
מום,0,0,1,0,0,1,0,0,0,0
הַטָלַת מוּם,1,0,1,1,0,1,0,1,0,0
מֶרֶד,1,0,1,1,0,1,0,0,1,0
מִלמוּל,1,0,0,0,0,1,0,0,0,0
בְּשַׂר כֶּבֶשׂ,0,0,0,0,0,0,0,0,0,0
הֲדָדִי,0,0,0,0,0,0,1,0,0,0
הֲדָדִית,0,0,0,0,0,0,0,0,0,0
לוֹעַ,0,0,0,1,0,1,0,0,0,0
קוֹצֶר רְאִיָה,1,0,0,0,0,1,0,1,0,0
קְצַר רְאִיָה,0,0,0,0,0,0,0,0,0,0
מִספָּר עָצוּם,0,0,0,0,0,0,0,0,0,0
מסתורי,0,1,0,1,0,0,0,0,1,0
מִסתוֹרִין,0,1,0,0,0,0,0,0,1,0
מִיסטִי,0,0,0,0,0,0,0,0,1,0
מיסטי,0,0,0,0,0,0,0,0,0,0
תוֹרַת הַנִסתָר,0,0,0,0,0,0,0,0,0,0
מִיתוֹס,0,0,0,0,0,0,0,0,0,0
מיתי,0,0,0,0,0,0,0,0,0,0
אַגָדִי,0,0,0,0,0,0,0,0,0,0
מִיתוֹלוֹגִי,0,0,0,0,0,0,0,0,0,0
מִיתוֹלוֹגִיָה,0,0,0,0,0,0,0,0,0,0
נאב,0,0,0,0,0,1,0,0,1,0
נדיר,0,0,0,0,0,1,0,0,0,0
לְנַדְנֵד,1,0,0,0,0,1,0,0,0,0
מַסְמֵר,0,0,0,0,0,0,0,0,0,0
תמים,0,0,0,0,0,1,0,0,0,0
עֵירוֹם,0,0,0,0,0,0,0,0,0,0
בשם,0,0,0,0,0,0,0,0,0,0
אַלמוֹנִי,0,0,1,0,0,1,0,0,0,0
בעל שם,0,0,0,0,0,0,0,0,0,0
שִׁיוּם,0,0,0,0,0,0,0,0,0,0
מְטַפֶּלֶת,0,0,0,0,0,0,0,0,0,0
ננומטר,0,0,0,0,0,0,0,0,0,0
תְנוּמָה,0,0,0,0,1,0,1,0,0,0
עוֹרֶף,0,0,0,0,0,0,0,0,0,0
מַפִּית,0,0,0,0,0,0,0,1,0,0
מנמנם,0,0,0,0,0,0,0,0,0,0
חיתול,0,0,1,0,0,1,0,0,0,0
סַם,0,0,0,0,0,1,0,0,0,0
לְסַפֵּר,0,0,0,0,0,0,0,0,0,0
תִנוּי,0,0,0,0,0,0,0,0,0,0
נרטיב,0,0,0,0,0,0,0,0,0,0
מספר,0,0,0,0,0,0,0,0,0,0
לְצַמְצֵם,0,0,0,0,0,0,0,0,0,0
הֲצָרָה,0,0,0,0,0,0,0,0,0,0
בהתהוות,0,1,0,0,0,0,0,0,0,0
מַגְעִיל,1,0,1,1,0,1,0,1,0,0
לידה,0,0,0,0,0,0,0,0,0,0
אוּמָה,0,0,0,0,0,0,0,0,0,1
לאומי,0,0,0,0,0,0,0,0,0,0
לאום,0,0,0,0,0,0,0,0,0,0
יָלִיד,0,0,0,0,0,0,0,0,0,0
לֵדָה,0,0,0,0,0,0,0,0,0,0
חוֹקֵר טֶבַע,0,0,0,0,0,0,1,0,0,0
הִתאַזרְחוּת,0,0,0,0,0,0,0,0,0,0
התאזרח,0,0,0,0,0,0,0,0,0,0
באופן טבעי,0,0,0,0,0,0,0,0,0,0
טֶבַע,0,0,0,0,0,0,0,0,0,0
אֶפֶס,0,0,0,0,0,0,0,0,0,0
שובבה,0,0,0,0,0,1,0,0,0,0
בחילה,0,0,1,0,0,1,0,0,0,0
מַבְחִיל,0,0,1,0,0,1,0,1,0,0
נַוָטִי,0,0,0,0,0,0,0,0,0,0
שֶׁל הַצִי,0,0,0,0,0,0,0,0,0,0
ספינה,0,0,0,0,0,0,0,0,0,0
טַבּוּר,0,0,0,0,0,0,0,0,0,0
עָבִיר,0,1,0,0,0,0,1,0,0,0
לנווט,0,0,0,0,0,0,0,0,0,0
ניווט,0,0,0,0,0,0,0,0,0,0
נווט,0,1,0,0,0,0,0,0,0,1
חיל הים,0,0,0,0,0,0,0,0,0,0
לָאו,0,0,0,0,0,1,0,0,0,0
לְמִשׁעִי,0,0,0,0,0,0,1,0,0,0
עַרְפִּילִית,0,0,0,0,0,0,0,0,0,0
ערפיליות,0,0,0,0,0,0,0,0,0,0
מְעוּרפָּל,0,0,0,0,0,0,0,0,0,0
בהכרח,0,0,0,0,0,0,0,0,0,0
לְהַצְרִיך,0,0,0,0,0,0,0,0,0,0
צרכים,0,0,0,0,0,0,0,0,0,0
כּוֹרַח,0,0,0,0,0,0,0,1,0,0
צוואר,0,0,0,0,0,0,0,0,0,0
שַׁרשֶׁרֶת,0,0,0,0,0,0,0,0,0,0
נֶמֶק,0,0,0,0,0,0,0,0,0,0
צוּף,0,0,0,0,0,0,1,0,0,0
נָחוּץ,0,0,0,0,0,1,0,0,0,0
מַחַט,0,0,0,0,0,0,1,0,0,0
מְיוּתָר,0,0,0,0,0,0,0,0,0,0
נִזקָק,0,0,0,0,0,1,0,0,0,0
מְרוּשָׁע,0,0,1,1,0,1,0,1,1,0
שְׁלִילָה,1,0,0,0,0,1,0,0,0,0
שלילי,0,0,0,0,0,1,0,1,0,0
הַזנָחָה,0,0,0,0,0,1,0,0,0,0
מוזנח,1,0,1,0,0,1,0,1,0,0
הזנחה,0,0,0,0,0,1,0,0,0,0
רַשְׁלָנוּת,0,0,0,0,0,1,0,0,0,0
רַשְׁלָנִי,0,0,0,0,0,1,0,0,0,0
ברשלנות,0,0,0,0,0,1,0,0,0,0
זניח,0,0,0,0,0,0,0,0,0,0
לָשֵׂאת וְלָתֵת,0,0,0,0,0,0,1,0,0,1
מַשָׂא וּמַתָן,0,0,0,0,0,0,0,0,0,0
מנהל משא ומתן,0,0,0,0,0,0,1,0,0,0
כּוּשִׁי,0,0,0,0,0,1,0,1,0,0
לִצְהוֹל,0,0,0,0,0,0,0,0,0,0
שָׁכֵן,0,1,0,0,0,0,1,0,0,1
שְׁכוּנָה,0,1,0,0,0,0,0,0,0,0
שָׁכֵן,0,0,0,0,0,0,0,0,0,0
יילוד,0,0,0,0,0,0,0,0,0,0
טירון,0,0,0,0,0,0,0,0,0,0
ניאופרן,0,0,0,0,0,0,0,0,0,0
אחיין,0,0,0,0,0,0,0,0,0,0
פּרוֹטֶקצִיָה,1,0,1,0,0,1,0,1,0,0
עָצָב,0,0,0,0,0,0,1,0,0,0
עַצבָּנִי,0,1,0,1,0,1,0,0,0,0
עַצבָּנוּת,0,0,0,1,0,0,0,0,0,0
ness,0,0,0,0,0,0,0,0,0,0
קֵן,0,0,0,0,0,0,0,0,0,1
לְהִתְכַּרְבֵּל,0,0,0,0,0,0,1,0,0,1
גוֹזָל,0,0,0,0,0,0,0,0,0,0
נֶטוֹ,0,0,0,0,0,0,0,0,0,0
תַחתִי,1,0,0,1,0,1,0,1,0,0
רשת,0,0,0,0,0,0,0,0,0,0
סִרְפָּד,1,0,1,0,0,1,0,0,0,0
רֶשֶׁת,0,1,0,0,0,0,0,0,0,0
נוירלגיה,0,0,0,1,0,1,0,1,0,0
נוירולוגיה,0,0,0,0,0,0,0,0,0,0
מַחֲלַת עֲצַבִּים,0,0,0,1,0,1,0,1,0,0
נוירוטי,0,0,1,1,0,1,0,0,0,0
לְסַרֵס,0,0,0,0,0,0,0,0,0,0
ניטראלי,0,1,0,0,0,0,0,0,0,1
אֲדִישׁוּת,0,0,0,0,0,0,0,0,0,1
לְנַטְרֵל,0,0,0,0,0,0,0,0,0,0
יָלוּד,0,0,0,0,0,0,0,0,0,0
עוֹלֶה חָדָשׁ,0,0,0,1,0,0,0,0,1,0
חדש,0,0,0,0,0,0,0,0,0,0
טְרִיוּת,0,0,0,0,0,0,0,0,0,0
חֲדָשׁוֹת,0,0,0,0,0,0,0,0,0,0
עיתון,0,0,0,0,0,0,0,0,0,0
דוּכַן עִיתוֹנִים,0,0,0,0,0,0,0,0,0,0
חוֹד,0,0,0,0,0,0,0,0,0,0
לכרסם,0,0,0,0,0,0,0,0,0,0
גוּמחָה,0,0,0,0,0,0,0,0,0,0
nichts,0,0,0,0,0,0,0,0,0,0
ניק,0,0,0,0,0,0,0,0,0,0
ניקל,0,0,0,0,0,0,0,0,0,0
כינוי,0,0,0,0,0,0,0,0,0,0
נִיקוֹטִין,0,0,1,0,0,1,0,0,0,0
אחיינית,0,0,0,0,0,0,0,0,0,0
קָרוֹב,0,0,0,0,0,0,0,0,0,0
לַיְלָה,0,0,0,0,0,0,0,0,0,0
רֶדַת הַחֲשֵׁכָה,0,0,0,0,0,0,0,0,0,0
זָמִיר,0,0,0,0,0,0,0,0,0,0
סיוט,0,0,0,1,0,1,0,0,0,0
נִיהִילִיזם,0,0,0,0,0,1,0,0,0,0
אֶפֶס,0,0,0,0,0,0,0,0,0,0
זָרִיז,0,0,0,0,0,0,0,0,0,0
תִשׁעִים,0,0,0,0,0,0,0,0,0,0
ט,0,0,0,0,0,0,0,0,0,0
צביטה,0,0,0,0,0,0,0,0,0,0
פִּטמָה,0,0,0,0,0,0,0,0,0,0
nix,0,0,0,0,0,0,0,0,0,0
אֲצוּלָה,0,1,0,0,0,0,1,0,0,1
אֲצִילִי,0,0,0,0,0,0,1,0,0,1
אָצִיל,0,0,0,0,0,0,1,0,0,1
לֵילִי,0,0,0,0,0,0,0,0,0,0
מָנוֹד רֹאשׁ,0,0,0,0,0,0,0,0,0,0
מהנהן,0,0,0,0,0,0,0,0,0,0
צוֹמֶת,0,0,0,0,0,0,0,0,0,0
קִשׁרִי,0,0,0,0,0,0,0,0,0,0
גוּלָה,0,0,0,0,0,0,0,0,0,0
רַעַשׁ,0,0,0,0,0,1,0,0,0,0
רוֹעֵשׁ,1,0,0,0,0,1,0,0,0,0
נווד,0,0,0,0,0,0,0,0,0,0
נַוָד,0,0,0,0,0,0,0,0,0,0
מִנוּחַ,0,0,0,0,0,0,0,0,0,0
נָקוּב,0,0,0,0,0,0,0,0,0,0
לְמַנוֹת,0,0,0,0,0,0,0,0,0,0
הְתמַנוּת,0,0,0,0,0,0,1,0,0,0
מוּעֲמָד,0,0,0,0,0,0,0,0,0,0
לא,0,0,0,0,0,0,0,0,0,0
אי ציות,1,1,0,1,0,1,0,1,0,0
שֶׁקָשֶׁה לְתַאֲרוֹ,0,0,0,0,0,0,0,0,0,0
לא קיים,0,0,0,0,0,0,0,0,0,0
אי תשלום,0,0,0,0,0,0,0,0,0,0
לא תושב,0,0,0,0,0,0,0,0,0,0
שְׁטוּיוֹת,0,0,0,0,0,1,0,0,0,0
שׁטוּתִי,0,0,0,0,0,1,0,1,0,0
אִטְרִיָה,0,0,0,0,0,0,0,0,0,0
מַחֲבוֹא,0,0,0,0,0,0,0,0,0,0
צָהֳרַיִים,0,0,0,0,0,0,0,0,0,0
מוֹקֵשׁ,0,0,0,0,0,1,0,1,0,0
נוֹרמָה,0,0,0,0,0,0,0,0,0,0
נוֹרמָלִי,0,0,0,0,0,0,0,0,0,0
תְקִינוּת,0,0,0,0,0,0,0,0,0,0
תְקִינוּת,0,0,0,0,0,0,1,0,0,0
אף,0,0,1,0,0,0,0,0,0,0
נוֹסטָלגִיָה,0,0,0,0,0,0,0,0,0,0
נָחִיר,0,0,0,0,0,0,0,0,0,0
יַקִיר,0,0,0,0,1,0,1,0,0,1
בולטים,0,0,0,0,0,0,1,0,0,0
במיוחד,0,0,0,0,0,0,0,0,0,0
נוֹטָרִיוֹן,0,0,0,0,0,0,0,0,0,1
סִמוּן,0,0,0,0,0,0,0,0,0,0
לַחֲרוֹץ,0,0,0,0,0,0,0,0,0,0
פָּצוּר,0,0,0,0,0,0,0,0,0,0
הערה,0,0,0,0,0,0,0,0,0,0
מחברת,0,0,0,0,0,0,0,0,0,0
ציינתי,0,0,0,0,0,0,1,0,0,0
ראוי לציון,0,0,0,0,0,0,0,0,0,0
אַפסוּת,0,0,0,0,0,1,0,1,0,0
הודעה,0,0,0,0,0,0,0,0,0,0
בולט,0,0,0,0,0,0,0,0,0,0
הוֹדָעָה,0,1,0,0,0,0,0,0,0,0
לְהוֹדִיעַ,0,0,0,0,0,0,0,0,0,0
רעיון,0,0,0,0,0,0,1,0,0,0
עִיוּנִי,0,0,0,0,0,0,0,0,0,0
גְנַאִי,1,0,1,1,0,1,1,0,0,0
על אף,0,0,0,0,0,0,0,0,0,0
אֶפֶס,0,0,0,0,0,0,0,0,0,0
שֵׁם עֶצֶם,0,0,0,0,0,0,0,0,0,0
לְהַזִין,0,0,0,0,0,0,0,0,0,0
תְזוּנָה,0,0,0,0,0,0,1,0,0,0
נובו,0,0,0,0,0,0,0,0,0,0
טְרִיוּת,0,0,0,0,0,0,0,0,0,0
טִירוֹן,0,0,0,0,0,0,0,0,0,0
כַּיוֹם,0,0,0,0,0,0,0,0,0,0
מַזִיק,0,0,1,1,0,1,0,0,0,0
זרבובית,0,0,0,0,0,0,0,0,0,0
נִימָה,0,0,0,0,0,0,0,0,0,0
ניואנסים,0,0,0,0,0,0,0,0,0,0
גַרעִין,0,0,0,0,0,0,0,0,0,0
עָרוֹם,0,0,0,0,0,0,0,0,0,0
דְחִיפָה,0,0,0,0,0,0,0,0,0,0
עֵירוֹם,0,0,0,0,0,0,0,0,0,0
גוּשׁ זָהָב גָלמִי,0,0,0,0,0,0,0,0,0,0
מטרד,1,0,0,0,0,1,0,0,0,0
null,0,0,0,0,0,1,0,0,0,0
ריק,0,0,0,0,0,0,0,0,0,0
לְבַטֵל,0,0,0,0,0,1,0,0,1,0
חסר תחושה,0,0,0,0,0,1,0,0,0,0
מספר,0,0,0,0,0,0,0,0,0,0
סִפְרוּר,0,0,0,0,0,0,0,0,0,0
מספרים,0,0,0,0,0,0,1,0,0,0
חוֹסֶר תְחוּשָׁה,0,0,0,0,0,1,0,1,0,0
סִפְרָה,0,0,0,0,0,0,0,0,0,0
מוֹנֶה,0,0,0,0,0,0,0,0,0,0
מִספָּרִי,0,0,0,0,0,0,0,0,0,0
מבחינה מספרית,0,0,0,0,0,0,0,0,0,0
רַבִּים,0,0,0,0,0,0,0,0,0,0
נְזִירָה,0,0,0,0,0,1,0,0,0,1
אָחוֹת,0,0,0,0,0,0,1,0,0,1
מִשׁתָלָה,0,0,0,0,1,0,1,0,0,1
לְטַפֵּחַ,1,1,1,1,1,0,1,0,0,1
אגוז מוסקט,0,0,0,0,0,0,0,0,0,0
תְזוּנָה,0,0,0,0,0,0,0,0,0,0
מֵזִין,0,0,0,0,0,0,1,1,0,0
תְזוּנָתִי,0,0,0,0,0,0,0,0,0,0
אֱגוֹזִים,0,0,0,0,0,0,0,0,0,0
נִימפָה,0,0,0,0,0,0,0,0,0,0
גוֹלֶם,0,0,0,0,0,1,0,0,0,0
אַלוֹן,0,0,0,0,0,0,1,0,0,0
מָשׁוֹט,0,0,0,0,0,0,0,0,0,0
אואזיס,0,1,0,0,1,0,1,0,0,1
שְׁבוּעָה,0,0,0,0,0,0,1,0,0,1
קְוֵקֶר,0,0,0,0,0,0,0,0,0,0
צִיוּת,0,0,0,0,0,0,1,0,0,1
מְמוּשׁמָע,0,0,0,0,0,0,0,0,0,0
בצייתנות,0,0,0,0,0,0,0,0,0,0
אוֹבֶּלִיסק,0,0,0,0,0,0,0,0,0,0
שָׁמֵן מְאֹד,0,0,1,0,0,1,0,0,0,0
הַשׁמָנָה,0,0,1,0,0,1,0,1,0,0
לציית,0,0,0,1,0,0,0,0,0,1
אובי,0,0,1,1,0,1,0,0,0,0
אוביט,0,0,0,0,0,1,0,1,1,0
הוֹדָעָה עַל פְּטִירָה,0,0,0,0,0,1,0,1,0,0
לְהִתְנַגֵד,0,0,0,0,0,0,0,0,0,0
הִתנַגְדוּת,1,0,0,0,0,1,0,0,0,0
דוֹחֶה,0,0,0,0,0,1,0,0,0,0
מַטָרָה,0,1,0,0,0,0,1,0,0,1
חוֹבָה,0,0,0,0,0,0,0,0,0,0
הֶכְרֵחִי,0,0,0,0,0,0,0,0,0,0
לחייב,0,0,0,0,0,1,0,0,0,1
מְחוּיָב,0,0,0,0,0,0,0,0,0,0
אָדִיב,1,1,1,1,1,0,1,0,1,1
מחייב,0,0,0,1,0,1,0,0,0,0
אֲלַכסוֹנִי,0,0,0,0,0,0,0,0,0,0
לְהַשְׁמִיד,1,0,0,1,0,1,0,1,0,0
נמחק,1,0,0,1,0,1,0,0,0,0
הַכחָדָה,0,0,0,1,0,1,0,1,0,0
שִׁכחָה,1,0,0,1,0,1,0,0,0,0
מִתעַלֵם,0,0,0,0,0,0,0,0,0,0
מַלבֵּן,0,0,0,0,0,0,0,0,0,0
מְגוּנֶה,1,0,1,0,0,1,0,1,0,0
אַבּוּב,0,0,0,0,0,0,0,0,0,0
מְגוּנֶה,0,0,1,0,0,1,0,0,0,0
מַעֲשֶׂה מְגוּנֶה,1,0,1,0,0,1,0,0,0,0
מְעוּרפָּל,0,0,0,0,0,0,0,0,0,0
מעורפל,0,0,0,0,0,0,0,0,0,0
עִרפּוּל,0,0,0,0,0,1,0,0,0,0
שְׁמִירָה,0,0,0,0,0,0,0,0,0,0
שׁוֹמֵר מִצווֹת,0,0,0,0,0,0,1,0,0,0
תַצְפִּית,0,0,0,0,0,0,0,0,0,0
מִצפֵּה כּוֹכָבִים,0,0,0,0,0,0,0,0,0,0
לצפות,0,0,0,0,0,0,0,0,0,0
מַשׁקִיף,0,0,0,0,0,0,0,0,0,0
התבוננות,0,0,0,0,0,0,0,0,0,0
דִבּוּק,0,0,0,0,0,0,0,0,0,0
הִתיַשְׁנוּת,0,0,0,0,0,0,0,0,0,0
מִכשׁוֹל,1,0,0,1,0,1,0,1,0,0
מְיַלֶדֶת,0,0,0,0,0,0,0,0,0,1
מְיַלְדוּת,0,0,0,0,0,0,0,0,0,0
עַקשָׁן,0,0,0,0,0,1,0,0,0,0
לחסום,1,0,0,1,0,1,0,0,0,0
חֲסִימָה,0,0,0,0,0,1,0,0,0,0
סוֹתֵם,1,0,0,0,0,1,0,0,0,0
לְהַשִׂיג,0,0,0,0,0,0,0,0,0,0
ניתן להשיג,0,0,0,0,1,0,1,0,0,0
קֵהֶה,0,0,0,0,0,1,0,0,0,0
פְּנֵי הַמַטבֵּעַ,0,0,0,0,0,0,0,0,0,0
ברור,0,0,0,0,0,0,1,0,0,1
אוקרינה,0,0,0,0,0,0,0,0,0,0
הִזדַמְנוּת,0,0,0,0,0,0,0,0,0,0
מִקרִי,0,0,0,0,0,0,0,0,1,0
לִפְעָמִים,0,0,0,0,0,0,0,0,0,0
סְפִיגָה,0,0,0,0,0,0,0,0,0,0
נִסתָר,0,0,1,1,0,1,0,0,0,0
תפוסה,0,0,0,0,0,0,0,0,0,0
דייר,0,0,0,0,0,0,1,0,0,1
כיבוש,0,0,0,0,0,0,1,0,0,0
כָּבוּשׁ,0,0,0,0,0,0,0,0,0,0
כובש,0,0,0,0,0,0,0,0,0,0
לִכבּוֹשׁ,0,0,0,0,0,0,1,0,0,0
כובש,0,0,0,0,0,0,0,0,0,0
מתרחש,0,0,0,0,0,0,0,0,0,0
הִתרַחֲשׁוּת,0,0,0,0,0,0,0,0,0,0
אוקיינוס,0,0,0,0,0,0,0,0,0,0
אוֹקיָנוּסִי,0,0,0,0,0,0,0,0,0,0
מְתוּמָן,0,0,0,0,0,0,0,0,0,0
אוֹקְטָבָה,0,0,0,0,0,0,0,0,0,0
תמנון,0,0,1,0,0,0,0,0,0,0
שֶׁל הָעֵינַיִם,0,0,0,0,0,0,0,0,0,0
מוּזָרוּת,0,0,1,0,0,1,0,1,1,0
קְטָטָה,0,0,0,0,0,0,0,0,0,0
שיר הלל,0,0,0,0,0,0,0,0,0,0
נִתעָב,1,0,1,1,0,1,0,0,0,0
מַד מֶרְחָק,0,0,0,0,0,0,0,0,0,0
רֵיחַ,0,0,0,0,0,1,0,0,0,0
אסטרוגן,0,0,0,0,0,0,0,0,0,0
יצירה,0,0,0,0,0,0,0,0,0,0
פְּסוֹלֶת,0,0,0,0,0,0,0,0,0,0
לְהַעֲלִיב,1,0,1,0,0,1,0,0,0,0
פגוע,1,0,0,0,0,1,0,1,0,0
עבריין,1,0,1,1,0,1,0,1,0,0
עבירה,1,0,1,1,0,1,0,1,0,0
הֶתקֵפִי,1,0,1,0,0,1,0,0,0,0
הַצָעָה,0,0,0,0,0,0,1,0,0,0
מוּצָע,0,0,0,0,0,0,0,0,0,0
הַצָעָה,0,0,0,0,0,0,0,0,0,1
כִּלְאַחַר יָד,0,0,0,0,0,1,0,0,0,0
מִשׂרָד,0,0,0,0,0,0,0,0,0,0
קָצִין,0,0,0,0,0,0,1,0,0,1
משרדים,0,0,0,0,0,0,0,0,0,0
רשמי,0,0,0,0,0,0,0,0,0,1
לְכַהֵן,0,0,0,0,0,0,0,0,0,0
אֹפֶק הַיָם,0,0,0,0,0,1,0,0,0,0
להוריד,0,0,0,0,0,0,0,0,0,0
לְקַזֵז,0,1,0,0,0,0,1,0,0,0
שְׁלוּחָה,0,0,0,0,0,0,1,0,0,0
בְּנִבְדָל,0,0,0,0,0,0,0,0,0,0
לְעִתִים קְרוֹבוֹת,0,0,0,0,0,0,0,0,0,0
לְעִתִים קְרוֹבוֹת,0,0,0,0,0,0,0,0,0,0
מפלצת,0,0,1,1,0,1,0,0,0,0
שמן,0,0,0,0,0,0,0,0,0,0
שמנים,0,0,0,0,0,0,0,0,0,0
מִשְׁחָה,0,0,0,0,0,0,0,0,0,0
חוש הריח,0,1,0,0,0,1,0,0,0,0
אוֹלִיגַרכְיָה,0,0,0,0,0,1,0,0,0,0
זית,0,0,0,0,0,0,0,0,0,0
אוֹמֶגָה,0,0,0,0,0,0,0,0,0,0
חֲבִיתָה,0,0,0,0,0,0,0,0,0,0
אוֹת,0,1,0,1,0,1,0,0,0,0
מְאַיֵם,0,1,0,1,0,1,0,0,0,0
הַשׁמָטָה,0,0,0,0,0,0,0,0,0,0
לְהַשְׁמִיט,0,0,0,0,0,1,0,0,0,0
הושמט,0,0,0,0,0,0,0,0,0,0
כוללני,0,0,0,0,0,0,0,0,0,0
יְכוֹלֶת הַכֹּל,0,0,0,1,0,1,1,0,0,0
כֹּל יָכוֹל,0,0,0,0,0,0,0,0,0,0
נוכח בכל מקום,0,0,0,0,0,0,0,0,0,0
יוֹדֵעַ הַכֹּל,0,0,0,0,0,0,1,0,0,1
אונקולוג,0,0,0,0,0,0,0,0,0,0
אַחְדוּת,0,0,0,0,0,0,0,0,0,0
מַכבִּיד,1,0,0,0,0,1,0,1,0,0
עַצמוֹ,0,0,0,0,0,0,0,0,0,0
מתמשך,0,1,0,0,0,0,0,0,0,0
בצל,0,0,0,0,0,0,0,0,0,0
הַתקָפָה,0,1,0,0,0,0,0,0,0,0
הִסתָעֲרוּת,0,0,0,0,0,0,0,0,0,0
אונטולוגיה,0,0,0,0,0,0,0,0,0,0
אחריות,0,0,0,0,0,1,0,0,0,0
הָלְאָה,0,0,0,0,0,0,0,0,0,0
שׁוֹהַם,0,0,0,0,0,0,0,0,0,0
לְטַפטֵף,0,0,1,0,0,1,0,0,0,0
דְלִיפָה,0,0,0,0,0,0,0,0,0,0
אֲטִימוּת,0,0,0,0,0,0,0,0,0,0
אוֹפַּל,0,0,0,0,0,0,0,0,0,0
אָטוּם,0,0,0,0,0,1,0,0,0,0
אופ,0,0,0,0,0,0,0,0,0,0
לִפְתוֹחַ,0,0,0,0,0,0,0,0,0,0
פּוֹתחָן,0,0,0,0,0,0,0,0,0,0
פְּתִיחָה,0,0,0,0,0,0,0,0,0,0
בְּגָלוּי,0,0,0,0,0,0,0,0,0,0
פְּתִיחוּת,0,0,0,0,0,0,1,0,0,0
אוֹפֵּרָה,1,1,0,1,1,0,1,1,1,1
אופראי,0,0,0,0,0,1,0,0,0,0
פעולה,0,0,0,1,0,0,0,0,0,1
פעולות,0,0,0,0,0,0,0,0,0,0
פָּעִיל,0,0,0,0,0,0,0,0,0,0
מַפעִיל,0,0,0,0,0,0,0,0,0,0
עֵינִי,0,0,0,0,0,0,0,0,0,0
רוֹפֵא עֵינַיִם,0,0,0,0,0,0,0,0,0,0
מַרגִיעַ,0,0,0,0,0,1,0,0,0,0
דעה,0,0,0,0,0,0,0,0,0,0
דוֹגמָטִי,1,0,0,0,0,1,0,0,0,0
אוֹפִּיוּם,1,0,1,1,0,1,0,1,0,0
יָרִיב,1,1,1,1,0,1,0,0,0,0
מַתְאִים,0,0,0,0,1,0,1,0,0,0
סְתַגלָנוּת,0,0,0,0,0,0,0,0,0,0
הִזדַמְנוּת,0,1,0,0,0,0,1,0,0,0
לְהִתְנַגֵד,0,0,0,0,0,1,0,0,0,0
בניגוד,1,0,0,1,0,1,0,0,0,0
מתנגדים,0,0,0,0,0,0,0,0,0,0
מול,0,0,0,0,0,0,0,0,0,0
הפכים,0,0,0,0,0,0,0,0,0,0
הִתנַגְדוּת,1,0,0,0,0,1,0,0,0,0
לְדַכֵּא,1,0,1,1,0,1,0,1,0,0
עוֹשֶׁק,1,0,1,1,0,1,0,1,0,0
מֵעִיק,1,0,1,1,0,1,0,1,0,0
מְדַכֵּא,1,0,0,1,0,1,0,1,0,0
אופטי,0,0,0,0,0,0,0,0,0,0
אוֹפּטִי,0,0,0,0,0,0,0,0,0,0
אוֹפְּטִיקָה,0,0,0,0,0,0,0,0,0,0
אוֹפּטִימִיוּת,0,1,0,0,1,0,1,0,1,1
אוֹפְּטִימִיסְט,0,0,0,0,0,0,1,0,0,1
אוֹפְּצִיָה,0,0,0,0,0,0,1,0,0,0
אופציונאלי,0,0,0,0,0,0,1,0,0,0
באופן אופציונלי,0,0,0,0,0,0,0,0,0,0
אפשרויות,0,0,0,0,0,0,0,0,0,0
אופטומטריסט,0,0,0,0,0,0,0,0,0,0
עוֹשֶׁר,0,0,0,0,0,0,0,0,0,0
עָשִׁיר,0,0,0,0,0,0,0,0,0,0
אוֹפּוּס,0,0,0,0,0,0,0,0,0,0
נבואה,0,1,0,0,0,0,1,0,0,1
אוראלי,0,0,0,0,0,0,0,0,0,0
תפוז,0,0,0,0,0,0,0,0,0,0
נְאוּם,0,0,0,0,0,0,1,0,0,0
נוֹאֵם,0,0,0,0,0,0,0,0,0,0
דַבְּרָנוּת,0,0,0,0,0,0,0,0,0,0
גַלגַל הָעַיִן,0,0,0,0,0,0,0,0,0,0
מַסלוּל,0,0,0,0,0,0,0,0,0,0
במסלול,0,0,0,0,0,0,0,0,0,0
כדורים,0,0,0,0,0,0,0,0,0,0
אורק,1,0,1,1,0,1,0,0,0,0
פַּרדֵס,0,0,0,0,0,0,0,0,0,0
תִזמוֹרֶת,1,0,0,0,1,0,1,1,0,1
מוּסמָך,0,0,0,0,0,0,1,0,0,1
מִבְחָן,1,0,0,0,0,1,0,0,1,0
להזמין,0,0,0,0,0,0,0,0,0,0
מְסוּדָר,0,0,0,0,0,0,1,0,0,0
פְּקוּדָה,0,0,0,0,0,0,0,0,0,1
רגיל,0,0,0,0,0,0,0,0,0,0
הַסמָכָה,0,1,0,0,1,0,1,0,0,1
תוֹתָחִים,0,0,0,1,0,1,0,0,0,0
בֶּצֶר,0,0,0,0,0,0,0,0,0,0
אורגנו,0,0,0,0,0,0,0,0,0,0
אֵיבָר,0,1,0,0,1,0,0,0,0,0
אורגני,0,0,0,0,0,0,1,0,0,0
אורגניזם,0,0,0,0,0,0,0,0,0,0
נַגַן עוּגָב,0,0,0,0,0,0,0,0,0,0
אִרגוּן,0,1,0,0,1,0,1,0,1,1
לְאַרגֵן,0,0,0,0,0,0,1,0,0,0
מְאוּרגָן,0,0,0,0,0,0,1,0,0,0
אוֹרגַזמָה,0,1,0,0,1,0,1,0,0,0
אורגיות,0,0,0,0,0,0,0,0,0,0
מִזְרָח,0,0,0,0,0,0,0,0,0,0
מִזְרָחִי,0,0,0,0,0,0,0,0,0,0
נטייה,0,0,0,0,0,0,0,0,0,0
פֶּתַח,0,0,0,0,0,0,0,0,0,0
מָקוֹר,0,0,0,0,0,0,0,0,0,0
מְקוֹרִיוּת,0,0,0,0,0,0,1,0,1,0
לִנְבּוּעַ,0,0,0,0,0,0,0,0,0,0
מקור,0,0,0,0,0,0,0,0,0,0
יוֹזֵם,0,0,0,0,0,0,0,0,0,0
קישוט,0,0,0,0,0,0,0,0,0,0
נוי,0,0,0,0,0,0,0,0,0,0
קישוט,0,0,0,0,0,0,0,0,0,0
מְעוּטָר,0,0,0,0,0,0,1,0,0,0
מְקוּשָׁט,0,0,0,0,0,0,1,0,0,0
יָתוֹם,0,0,0,1,0,1,0,1,0,0
אוֹרתוֹדוֹקסִי,0,0,0,0,0,0,0,0,0,0
אוֹרתוֹדוֹקסִיָה,0,0,0,0,0,0,0,0,0,1
מְאוּנָך,0,0,0,0,0,0,0,0,0,0
לְהִתְנַדְנֵד,0,0,0,0,0,0,0,0,0,0
נִדנוּד,0,0,0,0,0,0,0,0,0,0
תְנוּדָה,0,0,0,0,0,0,0,0,0,0
מתנודד,0,0,0,0,0,0,0,0,0,0
לכאורה,0,0,0,0,0,0,0,0,0,0
לִכאוֹרָה,0,0,0,0,0,1,0,0,0,0
יען,0,0,0,0,0,0,0,0,0,0
אוטו,0,0,0,0,0,0,0,0,0,0
דַרגָשׁ,0,0,0,0,0,0,0,0,0,0
אוּנְקִיָה,0,0,0,0,0,0,0,0,0,0
לְגַרֵשׁ,1,0,0,0,0,1,0,1,0,0
התפרצות,0,0,0,0,0,0,0,0,0,0
הִתפָּרְצוּת,1,0,0,1,1,1,1,1,1,0
מְנוּדֶה,0,0,1,1,0,1,0,1,0,0
תוֹצָאָה,0,0,0,0,0,0,1,0,0,0
זְעָקָה,1,0,0,1,0,1,0,0,1,0
לַעֲלוֹת עַל,0,1,0,0,0,0,1,0,0,0
בָּחוּץ,0,0,0,0,0,0,0,0,0,0
תִלְבּוֹשֶׁת,0,0,0,0,0,0,0,0,0,0
לְהֵגָמֵל,0,0,0,0,0,0,0,0,0,0
פועל יוצא,0,0,0,0,0,0,0,0,0,0
בֵּית כִּסֵא,0,0,1,0,0,1,0,0,0,0
טִיוּל,0,0,0,0,0,0,0,0,0,0
תִמהוֹנִי,0,0,0,0,0,1,0,0,0,0
לִחיוֹת יוֹתֵר,0,0,0,0,0,0,0,0,0,0
מנודה,0,0,0,0,0,1,0,0,0,0
מוֹצָא,0,0,0,0,0,0,0,0,0,0
מתווה,0,0,0,0,0,0,0,0,0,0
קווי מתאר,0,0,0,0,0,0,0,0,0,0
הַשׁקָפָה,0,0,0,0,0,0,0,0,0,0
בחוץ,0,0,0,0,0,0,0,0,0,0
מספר גדול יותר,0,0,0,0,0,0,0,0,0,0
מאחז,0,0,0,1,0,0,0,0,0,0
הִשׁתַפְּכוּת,0,0,0,0,0,0,0,0,0,0
תְפוּקָה,0,0,0,0,0,0,0,0,0,0
שַׁעֲרוּרִיָה,1,0,1,0,0,1,0,0,0,0
מְזַעזֵעַ,0,0,0,0,0,0,0,0,1,0
מוּחלָט,0,0,0,0,0,0,0,0,0,0
לְהַשִׂיג בְּרִיצָה,0,0,0,0,0,0,0,0,0,0
רֵאשִׁית,0,0,0,0,0,0,0,0,0,0
זָר,0,0,0,1,0,0,0,0,0,0
פַּרבָּר,0,0,0,0,0,0,0,0,0,0
גָלוּי לֵב,0,0,0,0,0,0,0,0,0,0
יוצא מן הכלל,0,0,0,0,1,1,1,0,0,0
פרוש,0,0,0,0,0,0,0,0,0,0
הַחוּצָה,0,0,0,0,0,0,1,0,0,0
כלפי חוץ,0,0,0,0,0,0,0,0,0,0
לְהַכרִיעַ,0,0,0,0,0,0,0,0,0,0
סְגַלגַל,0,0,0,0,0,0,0,0,0,0
שַׁחֲלָה,0,0,0,0,0,0,0,0,0,0
ביצים,0,0,0,0,0,0,0,0,0,0
אוֹבָצִיָה,0,0,0,0,0,1,0,1,0,0
תנור,0,0,0,0,0,0,0,0,0,0
סרבל,0,0,0,0,0,0,0,0,0,0
שַׁחְצָן,1,0,0,0,0,1,0,0,0,0
עומס יתר,0,0,0,0,0,1,0,0,0,0
מְעוּנָן,0,0,0,0,0,1,0,0,0,0
טעון יתר על המידה,0,0,0,0,0,0,0,0,0,0
אַדֶרֶת,0,0,0,0,0,0,0,0,0,0
לְהַגזִים,0,0,0,0,0,1,0,0,0,0
מנת יתר,0,0,0,0,0,1,0,0,0,0
באיחור,0,1,0,0,0,1,0,1,1,0
הערכת יתר,0,0,0,0,0,0,0,0,1,0
מוערך יתר על המידה,0,0,0,0,0,1,0,0,0,0
הצפה,0,0,0,0,0,1,0,0,0,0
בֵּרוֹץ,0,0,0,0,0,0,0,0,0,0
מגודל,0,0,0,0,0,1,0,0,0,0
גידול יתר,0,0,0,0,0,0,0,0,0,0
תלויים,0,0,0,0,0,0,0,0,0,0
לְשַׁפֵּץ,0,0,0,0,0,0,0,0,0,0
מעל,0,0,0,0,0,0,0,0,0,0
מאושר יתר על המידה,0,0,0,0,1,0,1,0,0,0
מְעוּלָף,0,0,0,0,0,0,0,0,0,0
חֲפִיפָה,0,0,0,0,0,0,0,0,0,0
כיסוי,0,0,0,0,0,0,0,0,0,0
להעמיס יותר מדי,0,0,0,0,0,1,0,1,0,0
שוכב יתר על המידה,0,0,0,0,0,0,0,0,0,0
בתשלום יתר,0,0,0,0,0,1,0,0,0,0
צוֹמֶת עִילִי,0,0,0,0,0,0,0,0,0,0
לְהַכנִיעַ,0,0,0,0,0,1,0,0,0,0
מְהַמֵם,1,0,0,1,0,1,0,0,0,0
במחיר מופקע,1,0,1,0,0,1,0,1,0,0
לעקוף,0,0,0,0,0,0,0,0,0,0
להכריע,0,0,0,0,0,0,0,0,0,0
מַשׁגִיחַ,0,0,0,0,0,0,0,0,0,0
לְהַאֲפִּיל,0,0,0,0,0,0,0,0,0,0
מֶחדָל,0,0,0,0,0,1,0,0,0,0
לְהַפְרִיז,0,0,0,0,0,0,0,0,0,0
מלאי יתר,0,0,0,0,0,0,0,0,0,0
גָלוּי,0,0,0,1,0,0,0,0,0,0
לַעֲקוֹף,0,0,0,0,0,0,0,0,0,0
עקפו,0,0,0,0,0,0,0,0,0,0
לְהַפִּיל,0,1,0,1,0,1,0,0,0,0
פְּתִיחָה,0,1,0,0,0,0,0,0,0,0
לְהַפִּיל,0,0,0,0,0,1,0,0,0,0
לְהַצִיף,0,0,0,0,0,1,0,0,0,0
המום,0,0,0,0,0,1,0,1,0,0
מַכרִיעַ,0,0,0,0,0,0,1,0,0,0
להט יתר,0,0,0,0,0,0,0,0,0,0
חייב,0,0,0,0,0,0,0,0,0,0
בשל,1,1,1,1,0,1,0,1,0,1
בעלים,0,0,0,0,0,0,0,0,0,0
בַּעֲלוּת,0,0,0,0,0,0,1,0,0,0
שׁוֹר,0,0,0,0,0,0,0,0,0,0
חִמצוּן,0,0,0,0,0,1,0,0,0,0
חַמצָן,0,0,0,0,0,0,0,0,0,0
דבר והיפוכו,0,0,0,0,0,0,0,0,0,0
צִדפָּה,0,0,0,0,0,0,0,0,0,0
לִפְסוֹעַ,0,0,0,0,0,0,0,0,0,0
האוקיינוס השקט,0,0,0,0,0,0,1,0,0,0
לְהַרְגִיעַ,0,0,0,0,0,0,0,0,0,0
חבילה,0,0,0,0,0,0,0,0,0,0
חֲבִילָה,0,0,0,0,0,0,0,0,0,0
אוֹרֵז,0,0,0,0,0,0,0,0,0,0
חֲבִילָה,0,0,0,0,0,0,0,0,0,0
בְּרִית,0,0,0,0,0,0,0,0,0,1
כָּרִית,0,0,0,0,0,0,1,0,0,0
ריפוד,0,0,0,0,0,0,1,0,0,0
מָשׁוֹט,0,1,0,0,0,0,1,0,0,0
דִיר,0,0,0,0,0,0,0,0,0,0
אורז,0,0,0,0,0,0,0,0,0,0
מַנְעוּל,0,0,0,0,0,0,0,0,0,0
כּוֹמֶר,0,0,0,0,0,0,0,0,0,0
עוֹבֵד אֵלִילִים,0,0,0,0,0,0,0,0,0,0
עֲבוֹדַת אֵלִילִים,0,0,0,0,0,0,0,0,0,0
עמוד,0,0,0,0,0,0,0,0,0,0
תחרות,0,0,0,0,0,0,0,0,0,0
דִפּוּף,0,0,0,0,0,0,0,0,0,0
פָּגוֹדָה,0,0,0,0,0,0,0,0,0,0
דְלִי,0,0,0,0,0,0,0,0,0,0
כְּאֵב,0,0,0,1,0,1,0,1,0,0
כואב,0,0,0,1,0,1,0,1,0,0
כּוֹאֵב,1,0,1,1,0,1,0,1,0,0
בכאב,0,0,0,0,0,1,0,1,0,0
ללא כאבים,0,0,0,0,0,0,0,0,0,0
מַאֲמָצִים,0,0,0,0,0,1,0,0,0,0
מַקפִּיד,0,0,0,0,0,0,0,0,0,0
צֶבַע,0,0,0,0,0,0,0,0,0,0
צָבוּעַ,0,0,0,0,0,0,0,0,0,0
צייר,0,0,0,0,0,0,0,0,0,0
צִיוּר,0,0,0,0,0,0,0,0,0,0
זוג,0,0,0,0,0,0,0,0,0,0
פִּיגָ'מָה,0,0,0,0,0,0,0,0,0,0
יָדִיד,0,0,0,0,0,0,0,0,0,0
אַרְמוֹן,0,0,0,0,0,0,0,0,0,0
טָעִים,0,0,0,0,0,0,1,0,0,0
חֵך,0,0,0,0,0,0,0,0,0,0
פָּלֵאוֹנטוֹלוֹגִיָה,0,0,0,0,0,0,0,0,0,0
לוּחַ הַצְבָעִים,0,0,0,0,0,0,0,0,0,0
לְעַיֵף,0,0,0,0,0,0,0,0,0,0
פלדיום,0,0,0,0,0,0,0,0,0,0
משטח,0,0,0,0,0,0,0,0,0,0
מֵקֵל,0,0,0,0,0,0,1,0,0,0
כַּף הַיָד,0,0,0,0,0,0,0,0,0,0
פאלמר,0,0,0,0,0,0,0,0,0,0
מַמָשִׁי,0,0,0,0,0,0,0,0,1,0
שִׁתוּק,0,0,1,1,0,1,0,1,0,0
פָּעוּט,0,0,0,0,0,0,0,0,0,0
לְפַנֵק,0,0,0,0,0,0,0,0,0,0
קוּנטרֵס,0,0,0,0,0,0,0,0,0,0
מחבת,0,0,0,0,0,0,0,0,0,0
תְרוּפָה לָכוֹל,0,0,0,0,0,0,1,0,0,0
פאנשה,0,0,0,0,0,0,1,0,0,0
פָנקֵייק,0,0,0,0,0,0,0,0,0,0
מגפה,0,0,0,1,0,1,0,1,0,0
לוּחַ,0,0,0,0,0,0,0,0,0,0
כְּאֵב פִּתאוֹמִי,0,0,0,0,0,1,0,0,1,0
בהלה,0,0,0,1,0,1,0,0,0,0
פאנייר,0,0,0,0,0,0,1,0,0,0
פָּנוֹרָמָה,0,0,0,0,0,0,0,0,0,0
פנורמי,0,0,0,0,0,0,0,0,0,0
להתנשף,0,0,0,0,0,0,0,0,0,0
פנתיאון,0,0,0,0,0,0,0,0,0,0
פַּנתֵר,0,0,0,0,0,0,0,0,0,0
תחתונים,0,0,0,0,0,0,0,0,0,0
פָּנטוֹמִימָה,0,0,0,0,0,0,0,0,0,0
מְזָוֶה,0,0,0,0,0,0,0,0,0,0
מִכְנָסַיִים,0,0,0,0,0,0,0,0,0,0
רֶסֶק,0,0,0,0,0,0,0,0,0,0
אַפִּיפיוֹרוּת,0,0,0,0,0,0,0,0,0,0
אַפִּיפיוֹרִי,0,0,0,0,0,0,0,0,0,0
עיתון,0,0,0,0,0,0,0,0,0,0
פפריקה,0,0,0,0,0,0,1,0,0,0
פַּפִּירוּס,0,0,0,0,0,0,0,0,0,0
נָקוּב,0,0,0,0,0,0,0,0,0,0
מָשָׁל,0,0,0,0,0,0,0,0,0,0
פָּרַבּוֹלָה,0,0,0,0,0,0,0,0,0,0
פרבולי,0,0,0,0,0,0,0,0,0,0
מַצנֵחַ,0,0,0,1,0,0,0,0,0,0
מִצעָד,0,1,0,1,1,1,1,0,1,0
פרדיגמה,0,0,0,0,0,0,0,0,0,0
פָּרָדוֹקס,0,0,0,0,0,0,0,0,0,0
פָּרָדוֹקסָלִי,0,0,0,0,0,0,0,0,0,0
פָּרָפִין,0,0,0,0,0,0,0,0,0,0
דוּגמָה וְמוֹפֵת,0,1,0,0,1,0,1,0,0,1
פסקה,0,0,0,0,0,0,0,0,0,0
פרלקסה,0,0,0,0,0,0,0,0,0,0
מַקְבִּיל,0,0,0,0,0,0,0,0,0,0
מַקבִּילוּת,0,0,0,0,0,0,0,0,0,0
שיתוק,1,1,0,1,0,1,0,1,0,0
עליונה,0,0,0,0,0,0,1,0,0,0
פָּרָנוֹיָה,0,0,0,1,0,1,0,0,0,0
מַעֲקֶה,0,0,0,0,0,0,0,0,0,0
אביזרים,0,0,0,0,0,0,0,0,0,0
לשכתב,0,0,0,0,0,1,1,0,0,0
טַפִּיל,0,0,1,1,0,1,0,0,0,0
שִׁמשִׁיָה,0,0,0,0,0,0,0,0,0,0
חֲבִילָה,0,0,0,0,0,0,0,0,0,0
חבילות,0,0,0,0,0,0,0,0,0,0
קְלָף,0,0,0,0,0,0,0,0,0,0
חנינה,0,0,0,0,0,0,1,0,0,0
לְקַלֵף,1,1,0,1,0,1,0,1,0,0
פרנכימה,0,0,0,0,0,0,0,0,0,0
הוֹרֶה,0,0,0,0,0,0,0,0,0,0
הוֹרוּת,0,0,0,0,0,0,1,0,0,0
שֶׁל הַהוֹרִים,0,0,0,0,0,0,0,0,0,0
מַאֲמָר מוּסְגָר,0,0,0,0,0,0,0,0,0,0
מוּסגָר,0,0,0,0,0,0,0,0,0,0
קָדקֳדִי,0,0,0,0,0,0,1,0,0,1
חיתוך,0,0,0,0,0,0,0,0,0,0
קהילה,0,0,0,0,0,0,0,0,0,1
שִׁוּוּי,0,0,0,0,0,0,0,0,0,0
פָּארק,0,0,0,0,0,0,0,0,0,0
אֹפֶן הַדִבּוּר,0,0,0,0,0,0,0,0,0,0
פַּרלָמֶנט,0,0,0,0,0,0,0,0,0,1
פַּרלָמֶנטָרִי,0,0,0,0,0,0,0,0,0,0
טְרַקלִין,0,0,0,0,0,0,0,0,0,0
שחרור על תנאי,0,1,0,0,0,0,0,0,0,0
פַּרקֶט,0,0,0,0,0,0,0,0,0,0
תוּכִּי,0,0,1,0,0,1,0,0,0,0
לַהֲדוֹף,0,0,0,0,0,0,0,0,0,0
לְנַתֵחַ,0,0,0,0,0,0,0,0,0,0
קַמצָנִי,0,0,0,0,0,1,0,0,0,0
קַמצָנוּת,0,0,0,0,0,0,0,0,0,0
פטרוזיליה,0,0,0,0,0,0,0,0,0,0
כּוֹמֶר,0,0,0,0,0,0,0,0,0,0
חֵלֶק,0,0,0,0,0,0,0,0,0,0
לִיטוֹל חֵלֶק,0,0,0,0,0,0,1,0,0,1
מַשׂוֹא פָּנִים,0,0,0,0,0,0,0,0,0,0
חלקית,0,0,0,0,0,0,0,0,0,0
לְהִשְׂתַתֵף,0,0,0,0,0,0,0,0,0,0
הִשׁתַתְפוּת,0,0,0,0,0,0,1,0,0,0
חֶלְקִיק,0,0,0,0,0,0,0,0,0,0
מיוחדות,0,0,0,0,0,0,0,0,0,0
פרטים,0,0,0,0,0,0,0,0,0,0
פְּרִידָה,0,0,0,0,0,0,0,1,0,0
פָּרטִיזָן,0,0,0,0,0,1,0,0,0,0
מפלגתיות,0,0,0,0,0,0,0,0,0,0
חֲלוּקָה,0,0,0,0,0,0,0,0,0,0
חֶלקִית,0,0,0,0,0,0,0,0,0,0
בת זוג,0,0,0,0,0,0,1,0,0,0
שׁוּתָפוּת,0,0,0,0,0,0,1,0,0,1
חלקים,0,0,0,0,0,0,0,0,0,0
מפלגה,0,0,0,0,0,0,0,0,0,0
pas,0,0,0,0,0,0,0,0,0,0
לַעֲבוֹר,0,0,0,0,0,0,0,0,0,0
עָבִיר,0,0,0,0,0,0,0,0,0,0
מַעֲבָר,0,0,0,0,0,0,0,0,0,0
מִסדְרוֹן,0,0,0,0,0,0,0,0,0,0
מְיוּשָׁן,0,0,0,0,0,1,0,0,0,0
נוֹסֵעַ,0,1,0,0,0,0,0,0,0,0
פסים,0,0,0,0,0,0,0,0,0,0
חוֹלֵף,0,0,0,0,0,0,0,0,0,0
תשוקה,0,1,0,0,1,0,1,0,0,1
מלא רגש,0,1,0,0,1,0,1,0,0,1
פַּסִיבִי,0,0,0,0,0,1,0,0,0,0
פַּסִיבִיוּת,0,0,0,0,0,1,0,0,0,0
דַרכּוֹן,0,0,0,0,0,0,0,0,0,0
עבר,0,0,0,0,0,0,0,0,0,0
לְהַדבִּיק,0,0,0,0,0,0,0,0,0,0
פַּסטֵל,0,0,0,0,0,0,0,0,0,0
תחביב,0,0,0,0,0,0,1,0,0,0
כּוֹמֶר,0,0,0,0,1,0,1,0,0,1
מאפה,0,0,0,0,1,0,1,0,0,0
מִסְפּוֹא,0,0,0,0,0,0,1,0,0,0
דָבִיק,0,0,0,0,0,0,0,0,0,0
טְפִיחָה,0,0,0,0,0,0,0,0,0,0
תיקון,0,0,0,0,0,1,0,0,0,0
מַעֲשֵׂה טְלָאִים,0,0,0,0,0,0,0,0,0,0
פאטה,0,0,0,0,0,0,0,0,0,0
פִּיקַת הַבֶּרֶך,0,0,0,0,0,0,0,0,0,0
פָּטֶנט,0,0,0,0,0,0,1,0,0,0
אַבהִי,0,0,0,0,0,0,0,0,0,0
אַבהוּת,0,0,0,0,0,0,0,0,0,0
נָתִיב,0,0,0,0,0,0,0,0,0,0
מעורר רחמים,0,0,1,0,0,1,0,1,0,0
פָּתוֹלוֹגִיָה,0,0,0,0,0,0,0,0,0,0
פָּתוֹס,0,0,0,0,0,0,0,0,0,0
נָתִיב,0,0,0,0,0,0,0,0,0,0
סבלנות,0,1,0,0,0,0,1,0,0,1
סבלני,0,1,0,0,0,0,1,0,0,0
פטיו,0,0,0,0,0,0,0,0,0,0
פַּטרִיאַרך,0,0,0,0,0,0,0,0,0,0
פַּטרִיאַרכָלִי,0,0,0,0,0,0,1,0,0,1
נַחֲלַת אָבוֹת,0,0,0,0,0,0,0,0,0,0
פַּטרִיוֹט,0,0,0,0,0,0,0,0,0,0
פַּטרִיוֹטִי,0,0,0,0,0,0,0,0,0,0
אַהֲבַת הַמוֹלֶדֶת,0,0,0,0,0,0,0,0,0,0
פַּטרוֹל,0,0,0,0,0,0,0,0,0,1
פַּטרוֹן,0,0,0,0,0,0,1,0,0,1
חָסוּת,0,0,0,0,0,0,1,0,0,1
להתנשא,0,0,0,0,0,0,0,0,0,0
פטרונית,0,0,0,0,0,1,0,0,0,0
לַהַג,1,0,0,0,0,1,0,0,0,0
תבנית,0,0,0,0,0,0,0,0,0,0
מַחְסוֹר,1,0,1,0,0,1,0,1,0,0
עָנִי,0,0,0,0,0,1,0,1,0,0
הַפסָקָה,0,0,0,0,0,0,0,0,0,0
לִסְלוֹל,0,0,0,0,0,0,0,0,0,0
מִדרָכָה,0,0,0,0,0,0,0,0,0,1
בִּיתָן,0,0,0,0,0,0,0,0,0,0
סְלִילָה,0,0,0,0,0,0,0,0,0,0
רֶגֶל,0,0,0,0,0,0,0,0,0,0
לְמַשְׁכֵּן,0,0,0,0,0,1,0,0,0,1
pax,0,0,0,0,0,0,0,0,0,0
לְשַׁלֵם,0,1,0,0,1,0,1,0,0,1
החזר כספי,1,0,0,0,0,1,0,0,0,0
משלם,0,0,0,0,0,0,0,0,0,0
תַשְׁלוּם,0,0,0,0,0,1,0,0,0,0
אֲפוּנָה,0,0,0,0,0,0,0,0,0,0
שָׁלוֹם,0,1,0,0,1,0,1,0,0,1
רוֹדֵף שָׁלוֹם,0,0,0,0,0,0,1,0,0,0
שָׁקֶט,0,1,0,0,1,0,1,0,1,1
טַוָס,0,0,0,0,0,0,1,0,0,0
שִׂיא,0,0,0,0,0,0,0,0,0,0
הגיע לשיא,0,0,0,0,0,0,0,0,0,0
פְּנִינָה,0,0,0,0,0,0,0,0,0,0
אִכָּר,0,0,0,0,0,0,0,0,0,0
כָּבוּל,0,0,0,0,0,0,0,0,0,0
צַדֶפֶת,0,0,0,0,0,0,0,0,0,0
פֵּק,0,0,0,0,0,0,1,0,0,0
מוּזָר,0,0,0,0,0,0,0,0,0,0
מוזרויות,0,0,0,0,0,1,0,0,0,0
מוּזָרוּת,0,0,0,0,0,0,1,0,0,0
באופן מיוחד,0,0,0,0,0,0,0,0,0,0
כַּספִּי,0,0,0,0,0,0,0,0,0,0
פֵּדָל,0,0,0,0,0,0,0,0,0,0
קַפְּדָנִי,0,0,0,0,0,0,0,0,0,0
לִרְכּוֹל,0,0,0,0,0,0,0,0,0,0
אדן,0,0,0,0,0,0,0,0,0,0
הולכי רגל,0,0,0,0,0,1,0,0,0,0
רפואת ילדים,0,0,0,0,0,0,0,0,0,0
יוּחֲסִין,0,0,0,0,0,0,1,0,0,1
מד צעדים,0,0,0,0,0,0,0,0,0,0
לקלף,0,0,0,0,0,0,0,0,0,0
לְהָצִיץ,0,0,0,0,0,0,0,0,0,0
עמית,0,0,0,0,0,0,0,0,0,0
מציץ,0,0,0,0,0,0,0,0,0,0
חסרי אח ורע,0,0,0,0,0,0,1,0,0,0
יָתֵד,0,0,0,0,0,0,0,0,0,0
יתדות,0,0,0,0,0,0,0,0,0,0
פלגי,0,0,0,0,0,0,0,0,0,0
גְלוּלָה,0,0,0,0,0,0,0,0,0,0
עֵט,0,0,0,0,0,0,0,0,0,0
פְּלִילִי,0,0,0,1,0,1,0,1,0,0
עוֹנֶשׁ,1,0,0,1,0,1,0,1,0,0
תְשׁוּבָה,0,0,0,1,0,0,0,1,0,0
נְטִיָה,0,0,0,0,0,0,1,0,0,0
עִפָּרוֹן,0,0,0,0,0,0,0,0,0,0
תליון,0,0,0,0,0,0,0,0,0,0
תלות,0,0,0,0,0,0,0,0,0,0
תלוי,0,0,0,0,0,0,0,0,0,0
ממתין ל,0,0,0,0,0,0,0,0,0,0
מְטוּטֶלֶת,0,0,0,0,0,0,0,0,0,0
לַחדוֹר,0,0,0,0,0,0,0,0,0,0
חוֹדֵר,0,0,0,0,0,0,0,0,0,0
חֲדִירָה,1,0,0,1,0,1,0,0,0,0
חֲצִי אִי,0,0,0,0,0,0,0,0,0,0
כֵּלֵא,1,0,0,0,0,1,0,0,0,0
דֶגֶל,0,0,0,0,0,0,0,0,0,0
חֲסַר פְּרוּטָה,0,0,0,0,0,0,0,0,0,0
פֶּנִי,0,0,0,0,0,0,0,0,0,0
פֶּנסִיָה,0,0,0,0,0,0,0,0,0,0
פֶּנסִיוֹנֶר,0,0,0,0,0,0,0,0,0,0
מְהוּרהָר,0,0,0,0,0,0,0,1,0,0
מְחוּמָשׁ,0,0,0,0,0,0,0,0,0,0
פֶּנטהָאוּז,0,0,0,0,0,0,0,0,0,0
לִפנֵי אַחֲרוֹן,0,0,0,0,0,0,0,0,0,0
אֲנָשִׁים,0,0,0,0,0,0,0,0,0,0
מאוכלס,0,0,0,0,0,0,0,0,0,0
פלפל,0,0,0,0,0,0,0,0,0,0
פפטי,0,0,0,0,0,0,0,0,0,0
לִתְפּוֹס,0,0,0,0,0,0,1,0,0,1
אֲחוּזִים,0,0,0,0,0,0,0,0,0,0
מוּרְגָשׁ,0,0,0,0,0,0,1,0,0,0
תפיסה,0,0,0,0,0,0,0,0,0,0
מָהִיר תְפִיסָה,0,0,0,0,0,0,0,0,0,0
אוֹקוּנוֹס,0,0,0,0,0,0,0,0,0,0
בְּדֶרֶך מִקְרֵה,0,0,0,0,0,0,0,0,1,0
חִלחוּל,0,0,0,0,0,0,0,0,0,0
הַקָשָׁה,0,0,0,0,0,0,0,0,0,0
אֲבַדוֹן,1,0,1,1,0,1,0,1,0,0
תַקִיף,0,0,0,0,0,0,0,0,0,0
רַב שְׁנָתִי,0,0,0,0,0,0,1,0,0,1
מושלם,0,1,0,0,1,0,1,0,0,1
שְׁלֵמוּת,0,1,0,0,1,0,1,0,1,1
מְחוֹרָר,0,0,0,0,0,0,0,0,0,0
נִקוּב,0,0,0,0,0,0,0,0,0,0
בְּעַל כָּרחוֹ,0,0,0,0,0,0,0,0,0,0
לְבַצֵעַ,0,0,0,0,0,0,0,0,0,0
ביצועים,0,0,0,0,0,0,0,0,0,0
שַׂחְקָן,0,0,0,0,0,0,1,0,0,0
נִיחוֹחַ,0,0,0,0,0,0,0,0,0,0
מְבוּשָׂם,0,0,0,0,0,0,0,0,0,0
פרי,0,0,0,0,0,0,0,0,1,0
פרידוט,0,0,0,0,0,0,0,0,0,0
סַכָּנָה,0,1,0,1,0,1,0,1,0,0
מְסוּכָּן,0,1,0,1,0,1,0,1,0,0
היקף,0,0,0,0,0,0,0,0,0,0
פרק זמן,0,0,0,0,0,0,0,0,0,0
תְקוּפָתִי,0,0,0,0,0,0,0,0,0,0
תְקוּפָתִי,0,0,0,0,0,0,0,0,0,0
מעת לעת,0,0,0,0,0,0,0,0,0,0
תְקוּפָתִיוּת,0,0,0,0,0,0,0,0,0,1
פֵּרִיפֶריָה,0,0,0,0,0,0,0,0,0,0
לָמוּת,0,0,0,1,0,1,0,1,0,0
מִתקַלקֵל,0,0,0,0,0,1,0,0,0,0
נספה,0,0,0,0,0,1,0,1,0,0
נספים,0,0,0,1,0,1,0,1,0,0
שבועת שקר,0,0,0,1,0,1,0,0,1,0
הֲטָבָה,0,0,0,0,0,0,1,0,0,0
קְבִיעוּת,0,0,0,0,0,0,0,0,0,0
חָדִיר,0,0,0,0,0,0,0,0,0,0
לְפַעֲפֵּעַ,0,0,0,0,0,0,0,0,0,0
חלחול,0,0,0,0,0,0,0,0,0,0
מוּתָר,0,0,0,0,0,0,0,0,0,0
רְשׁוּת,0,0,0,0,0,0,1,0,0,0
מַתִיר,0,0,0,0,0,0,0,0,0,0
לְהַתִיר,0,0,0,0,0,0,0,0,0,0
מוּתָר,0,0,0,0,0,0,0,0,0,0
מַתִיר,0,0,0,0,0,0,0,0,0,0
תְמוּרָה,0,0,0,0,0,0,0,0,0,0
מַמְאִיר,1,0,0,1,0,1,0,1,0,0
אֲנָכִי,0,0,0,0,0,0,0,0,0,0
לְבַצֵעַ,0,0,0,0,0,0,0,0,0,0
עבריין,1,0,1,1,0,1,0,1,0,0
נִצחִי,0,0,0,0,0,0,0,0,0,0
לָנֶצַח,0,0,0,0,0,0,0,0,0,0
לְהַנצִיחַ,0,1,0,0,0,0,0,0,0,0
הַנצָחָה,0,0,0,0,0,1,0,0,0,0
נִצחִיוּת,0,1,0,0,0,0,1,0,0,1
נָבוֹך,0,0,0,0,0,1,0,0,0,0
מֵבִיך,0,0,0,0,0,0,0,0,0,0
מְבוּכָה,0,0,0,0,0,1,0,1,0,0
לִרְדוֹף,1,0,0,1,0,1,0,0,0,0
רְדִיפוּת,1,0,1,1,0,1,0,1,0,0
הַתמָדָה,0,0,0,0,0,0,0,0,0,0
להתמיד,0,0,0,0,0,0,0,0,0,0
להתמיד,0,0,0,0,0,0,0,0,0,0
הַתמָדָה,0,0,0,0,0,0,1,0,0,0
מַתְמִיד,0,0,0,0,0,0,1,0,0,0
מתמשך,0,0,0,0,0,0,0,0,0,0
אדם,0,0,0,0,0,0,0,0,0,0
נָאֶה,0,0,0,0,0,0,1,0,0,0
אִישִׁיוּת,0,0,0,0,0,0,0,0,0,0
אישי,0,0,0,0,0,0,0,0,0,1
הַאֲנָשָׁה,0,0,0,0,0,0,0,0,0,0
כוח אדם,0,0,0,0,0,0,0,0,0,0
אנשים,0,0,0,0,0,0,0,0,0,0
נקודת מבט,0,0,0,0,0,0,0,0,0,0
זֵעָה,0,0,1,0,0,0,0,0,0,0
לְשַׁכְנֵעַ,0,0,0,0,0,0,0,0,0,1
שִׁכנוּעַ,0,0,0,0,0,0,0,0,0,0
מְשַׁכנֵעַ,0,0,0,0,0,0,0,0,0,0
חָצוּף,0,0,0,0,0,0,0,0,0,0
רלוונטי,0,0,0,0,0,0,1,0,0,1
תְזָזִית,0,0,0,1,0,1,0,0,0,0
שעלת,0,0,0,0,0,1,0,0,0,0
עִיוּן,0,0,0,0,0,0,0,0,0,0
לִקְרוֹא בְּעִיוּן,0,0,0,0,0,0,0,0,0,0
חודר,0,0,0,0,0,0,0,0,0,0
סוֹטֶה,1,0,1,1,0,1,0,0,0,0
סְטִיָה,1,0,1,0,0,1,0,1,0,0
סוטה,1,0,1,0,0,1,0,0,0,0
מְסוּלָף,0,0,1,0,0,1,0,0,0,0
פֶּסִימִיוּת,1,0,0,1,0,1,0,1,0,0
פֶּסִימִיסט,0,0,0,1,0,1,0,1,0,0
טַרדָן,1,0,1,1,0,1,0,0,0,0
מַגֵפָה,0,0,1,1,0,1,0,0,0,0
חיית מחמד,0,0,0,0,0,1,0,0,0,0
לַעֲתוֹר,0,0,0,0,0,0,0,0,0,0
עוֹתֵר,0,0,0,0,0,0,0,0,0,0
בֶּנזִין,0,0,0,0,0,0,0,0,0,0
נֵפט,0,0,1,0,0,1,1,0,0,0
לְטִיפָה,0,0,0,0,0,0,0,0,0,0
קַטנוּנִי,0,0,0,0,0,1,0,0,0,0
מוֹשָׁב,0,0,0,0,0,0,0,0,0,0
נֶתֶך בְּדִיל וְעוֹפֶרֶת,0,0,0,0,0,0,0,0,0,0
פלנקס,0,0,0,1,0,0,0,0,0,1
דִמיוֹנִי,0,0,0,1,0,1,0,0,0,0
תרופות,0,0,0,0,0,0,1,0,0,0
רוֹקֵחַ,0,0,0,0,0,0,0,0,0,0
פַרמָקוֹלוֹגִיָה,0,0,0,0,0,0,0,0,0,0
בֵּית מִרקַחַת,0,0,0,0,0,0,0,0,0,0
שלב,0,0,0,0,0,0,0,0,0,0
תופעה,0,0,0,0,0,0,0,0,0,0
פילנתרופית,0,0,0,0,0,0,0,0,0,1
נַדבָן,0,0,0,0,0,0,1,0,0,1
פִילָנטרוֹפִּיָה,0,0,0,0,0,0,1,0,0,0
פִילוֹסוֹף,0,0,0,0,0,0,1,0,0,1
פילוסופית,0,0,0,0,0,0,0,0,0,0
פילוסופית,0,0,0,0,0,0,0,0,0,0
פִילוֹסוֹפִיָה,0,0,0,0,0,0,0,0,0,0
כִּיחַ,0,0,1,0,0,1,0,0,0,0
פניקס,0,0,0,0,0,0,1,0,0,0
טלפון,0,0,0,0,0,0,0,0,0,0
פוֹנֵטִי,0,0,0,0,0,0,1,0,0,0
פוֹנֵטִיקָה,0,0,0,0,0,0,0,0,0,0
פוניקה,0,0,0,0,0,0,0,0,0,0
פָּטֵיפוֹן,0,0,0,0,0,0,0,0,0,0
פוֹנוֹלוֹגִיָה,0,0,0,0,0,0,0,0,0,0
מְזוּיָף,1,0,1,0,0,1,0,0,0,0
זַרחָן,0,0,0,0,0,0,0,0,0,0
זַרחָן,0,0,0,0,0,0,0,0,0,0
תמונה,0,0,0,0,0,0,0,0,0,0
פוטוגנית,0,0,0,0,0,0,0,0,0,0
תַצלוּם,0,0,0,0,0,0,0,0,0,0
צַלָם,0,0,0,0,0,0,0,0,0,0
צילום,0,0,0,0,0,0,0,0,0,0
פוטומטריה,0,0,0,0,0,0,0,0,0,0
מִשׁפָּט,0,0,0,0,0,0,0,0,0,0
מְלִיצוּת,0,0,0,0,0,0,0,0,0,0
תוֹלְדוֹת הַגֶזַע,0,0,0,0,0,0,0,0,0,0
גוּפָנִי,0,0,0,0,0,0,0,0,0,0
רוֹפֵא,0,0,0,0,0,0,1,0,0,1
פִיסִיקַאִי,0,0,0,0,0,0,0,0,0,1
פיזיקה,0,0,0,0,0,0,1,0,0,0
פִיסִיוֹלוֹגִיָה,0,0,0,0,0,0,1,0,0,0
מִבנֶה גוּף,0,0,0,0,0,0,1,0,0,0
פְּסַנְתְרָן,0,0,0,0,0,0,0,0,0,0
פְּסַנְתֵר,0,0,0,0,0,0,0,0,0,0
פיאצה,0,0,0,0,0,0,0,0,0,0
פִּיקוֹלוֹ,0,0,0,0,0,0,0,0,0,0
לִבחוֹר,0,0,0,0,0,0,1,0,0,0
בחרו,0,0,0,0,0,0,0,0,0,0
כלונסאות,1,1,0,1,0,1,0,0,0,0
עִגוּן,1,0,0,0,0,1,0,0,0,0
מלפפון חמוץ,0,0,0,0,0,1,0,0,0,0
לאסוף,0,0,0,0,0,0,0,0,0,0
פִּיקנִיק,0,1,0,0,1,0,1,0,1,1
צִיוּרִי,0,0,0,0,0,0,0,0,0,0
תְמוּנָה,0,0,0,0,0,0,0,0,0,0
צִיוּרִי,0,0,0,0,1,0,1,0,0,0
פַּאִי,0,0,0,0,0,0,0,0,0,0
בחתיכות,0,0,0,0,0,0,0,0,0,0
ערמומי,0,0,0,0,0,0,0,0,0,0
מזח,0,0,0,0,0,0,0,0,0,0
לְנַקֵב,0,0,0,0,0,0,0,0,0,0
אֲדִיקוּת,0,0,0,0,0,0,1,0,0,0
חֲזִיר,0,0,1,0,0,1,0,0,0,0
יוֹנָה,0,0,0,0,0,1,0,0,0,0
פִּיגמֶנט,0,0,0,0,0,0,0,0,0,0
כִּידוֹן,0,0,0,0,0,0,0,0,0,0
עֲרֵמָה,0,0,0,0,0,0,0,0,0,0
טְחוֹרִים,0,0,1,0,0,1,0,0,0,0
עוֹלֶה רֶגֶל,0,0,0,0,0,0,0,0,0,0
עלייה לרגל,0,0,0,0,0,0,0,0,0,0
כַּדוּר,0,0,0,0,0,0,1,0,0,1
לִבזוֹז,1,0,1,1,0,1,0,0,0,0
עַמוּד,0,0,0,0,0,0,0,0,0,0
כרית,0,0,0,0,0,0,1,0,0,0
ציפית לכרית,0,0,0,0,0,0,0,0,0,0
טַיָס,0,0,0,0,0,0,1,0,0,1
סַרְסוּר,0,0,0,0,0,1,0,0,0,0
חָטָט,0,0,1,0,0,1,0,0,0,0
פִּין,0,0,0,0,0,0,0,0,0,0
קַמצוּץ,0,0,0,0,0,0,0,0,0,0
צְבִיטָה,0,0,0,0,0,0,0,0,0,0
אורן,0,0,0,0,0,1,0,1,0,0
אננס,0,0,0,0,0,0,0,0,0,0
פינג,0,0,0,0,0,0,0,0,0,0
חריר,0,0,0,0,0,0,0,0,0,0
אֶבְרָה,0,0,0,1,0,1,0,0,0,0
וָרוֹד,0,0,0,0,0,0,0,0,0,0
שִׂיא,0,0,0,0,0,0,1,0,0,0
חָלוּץ,0,0,0,0,0,0,1,0,0,0
אָדוּק,0,0,1,0,0,0,1,1,0,1
צִפצוּף,0,0,0,0,0,0,0,0,0,0
צינור,0,0,0,0,0,0,0,0,0,0
צינור,0,0,0,0,0,0,0,0,0,0
צנרת,0,0,0,0,0,0,0,0,0,0
חֲלִילָן,0,0,0,0,0,0,0,0,0,0
פִּיפֵּטָה,0,0,0,0,0,0,0,0,0,0
טִינָה,1,0,0,0,0,1,0,0,0,0
פיראטיות,0,0,0,0,0,1,0,0,0,0
שׁוֹדֵד יָם,1,0,0,0,0,1,0,0,0,0
פיסקינה,0,0,0,0,0,0,0,0,0,0
אֶקְדָח,0,0,0,0,0,1,0,0,0,0
בּוּכנָה,0,0,0,0,0,0,0,0,0,0
בּוֹר,0,0,0,0,0,0,0,0,0,0
גובה הצליל,0,0,0,0,0,0,0,0,0,0
כַּד,0,0,0,0,0,0,0,0,0,0
מִכשׁוֹל,1,0,1,1,0,1,0,1,1,0
פית,0,0,0,0,0,0,1,0,0,1
תַמצִיתִי,0,0,0,0,0,0,0,0,0,0
מְצוּלָק,0,0,0,0,0,0,0,0,0,0
רַחֲמִים,0,0,0,0,0,0,0,1,0,0
צִיר,0,0,0,0,0,0,1,0,0,1
פיקס,0,0,0,0,0,0,0,0,0,0
כְּרָזָה,0,0,0,0,0,0,0,0,1,0
מקום,0,0,0,0,0,0,0,0,0,0
תרופת דמה,0,0,0,0,0,0,0,0,0,0
רוֹגַע,0,0,0,0,0,0,1,0,0,0
כיסום,0,0,0,0,0,0,0,0,0,0
גְנֵבָה סִפרוּתִית,0,0,1,0,0,1,0,0,0,0
מַגֵפָה,0,0,1,1,0,1,0,1,0,0
אָרִיג מְשׁוּבַּץ,0,0,0,0,0,0,0,0,0,0
מישור,0,0,0,0,0,0,0,0,0,0
תוֹבֵעַ,0,0,0,0,0,1,0,0,0,0
מתלונן,0,0,0,0,0,0,0,1,0,0
לְתַכְנֵן,0,1,0,0,0,0,0,0,0,0
מָטוֹס,0,0,0,0,0,0,0,0,0,0
כוכב לכת,0,0,0,0,0,0,0,0,0,0
מִצפֵּה כּוֹכָבִים,0,0,0,0,0,0,0,0,0,0
כוכבי לכת,0,0,0,0,0,0,0,0,0,0
קֶרֶשׁ,0,0,0,0,0,0,0,0,0,0
מתוכנן,0,0,0,0,0,0,0,0,0,0
תִכנוּן,0,1,0,0,0,0,1,0,0,1
צמח,0,0,0,0,0,0,0,0,0,0
מַטָע,0,0,0,0,0,0,0,0,0,0
שׁוֹתֵל,0,0,0,0,0,0,0,0,0,0
שְׁתִילָה,0,0,0,0,0,0,0,0,0,0
פְּלַסמָה,0,0,0,0,0,0,0,0,0,0
טִיחַ,0,0,0,0,0,0,0,0,0,0
פלסטיק,0,0,0,0,0,0,0,0,0,0
פּלָסטִיוּת,0,0,0,0,0,0,0,0,0,0
חלקה,0,0,0,0,0,0,0,0,0,0
צַלַחַת,0,0,0,0,0,0,0,0,0,0
מִישׁוֹר,0,0,0,0,0,0,0,0,0,0
מְצוּפֶּה,0,0,0,0,0,1,0,0,0,0
פּלַטפוֹרמָה,0,0,0,0,0,0,0,0,0,0
ציפוי,0,0,0,0,0,0,0,0,0,0
מַחלָקָה,0,0,0,0,0,0,0,0,0,0
צַלַחַת,0,0,0,0,0,0,0,0,0,0
סבירות,0,0,0,0,0,0,0,0,0,0
לְשַׂחֵק,0,0,0,0,0,0,0,0,0,0
playa,0,0,0,0,0,0,0,0,0,0
שחקן,0,0,0,0,0,1,0,0,0,0
שובבה,1,0,0,0,1,0,1,0,1,1
גן שעשועים,0,1,0,0,1,0,1,0,1,1
תֵאַטרוֹן,0,0,0,0,1,0,1,0,0,0
חָבֵר לְמִשְׂחָק,0,0,0,0,0,0,0,0,0,0
מַחֲזַאִי,0,0,0,0,0,0,0,0,0,0
פְּלַזָה,0,0,0,0,0,0,0,0,0,0
טַעֲנָה,0,1,0,1,0,1,0,1,0,0
נעים,0,1,0,0,1,0,1,0,1,1
מְרוּצֶה,0,0,0,0,1,0,1,0,0,0
מְהַנֶה,0,0,0,0,1,0,1,0,0,0
קֵפֶל,0,0,0,0,0,0,0,0,0,0
קפלים,0,0,0,0,0,0,0,0,0,0
מַשׁכּוֹן,0,0,0,0,1,0,1,0,0,1
התחייבה,0,0,0,0,0,0,0,0,0,0
מליאה,0,0,0,0,0,0,1,0,0,0
שׁוֹפֵעַ,0,0,0,0,0,0,1,0,0,0
שפע,0,0,0,0,0,0,0,0,0,0
מְלִיאָה,0,0,0,0,0,0,0,0,0,0
שֶׁפַע,0,0,0,0,0,0,0,0,0,0
מִקלַעַת,0,0,0,0,0,0,1,0,0,0
גָמִישׁ,0,0,0,0,0,0,0,0,0,0
קִפּוּל,0,0,0,0,0,0,0,0,0,0
צְבָת,0,0,0,0,0,0,0,0,0,0
מַצָב,0,1,1,1,0,1,0,1,0,0
מַסָד,0,0,0,0,0,0,0,0,0,0
שוטטות,0,0,0,0,0,1,0,0,0,0
עלילה,0,0,0,0,0,0,0,0,0,0
לחרוש,0,0,0,0,0,0,0,0,0,0
חָרוּשׁ,0,0,0,0,0,0,0,0,0,0
חוֹפָמִי,0,0,0,0,0,0,0,0,0,0
לחרוש,0,0,0,0,0,0,0,0,0,0
חָרוּשׁ,0,0,0,0,0,0,0,0,0,0
חָרִישׁ,0,0,0,0,0,0,0,0,0,0
לִקְטוֹף,0,0,0,0,0,0,0,0,0,0
תֶקַע,0,0,0,0,0,0,0,0,0,0
שזיף,0,0,0,0,0,0,1,0,0,0
נוֹצוֹת הָעוֹף,0,0,0,0,0,0,0,0,0,0
אֲנָך,0,0,0,0,0,0,1,0,0,0
נוֹצָה,0,0,0,0,0,0,0,0,0,0
מְטוּטֶלֶת,0,0,0,1,0,1,0,0,0,0
שְׁמַנמַן,0,1,0,0,0,0,0,0,0,0
שמנמן יותר,0,0,0,0,0,0,0,0,0,0
בְּזִיזָה,1,0,1,1,0,1,0,1,1,0
צניחה,0,0,0,1,0,1,0,0,0,0
רַבִּים,0,0,0,0,0,0,0,0,0,0
רוֹב קוֹלוֹת,0,0,0,0,0,0,0,0,0,0
פְּלוּסִין,0,0,0,0,0,0,1,0,0,0
פּלוּטוֹנִיוּם,0,0,0,0,0,0,0,0,0,0
רובד,0,0,0,0,0,0,1,0,0,0
דלקת ריאות,0,0,0,1,0,1,0,0,0,0
ציד,1,0,1,1,0,1,0,1,0,0
כִּיס,0,0,0,0,0,0,0,0,0,0
כיס,0,0,0,0,0,0,0,0,0,0
תַרמִיל,0,0,0,0,0,0,0,0,0,0
שִׁיר,0,0,0,0,0,0,0,0,0,0
מְשׁוֹרֵר,0,0,0,0,0,0,0,0,0,0
פִּיוּטִי,0,0,0,0,0,0,0,0,0,0
פיוטי,0,0,0,0,0,0,0,0,0,0
פּוֹאֵטִיקָה,0,0,0,0,0,0,0,0,0,0
שִׁירָה,0,0,0,0,0,0,0,0,0,0
נוֹקֵב,0,0,0,0,0,0,0,0,0,0
נְקוּדָה,0,0,0,0,0,0,0,0,0,0
בצורה חדה,0,0,0,0,0,0,1,0,0,0
מַצבִּיעַ,0,0,0,0,0,0,0,0,0,0
חסר טעם,0,0,0,0,0,1,0,1,0,0
שִׁוּוּי מִשׁקָל,0,0,0,0,0,0,0,0,0,0
רַעַל,1,0,1,1,0,1,0,1,0,0
מוּרעָל,1,0,1,1,0,1,0,1,0,0
הַרעָלָה,0,0,1,0,0,1,0,0,0,0
רעיל,1,0,1,1,0,1,0,1,0,0
לִתְקוֹעַ,0,1,0,0,0,1,0,0,0,0
פּוֹקֶר,0,0,0,0,0,0,0,0,0,0
קוֹטבִי,0,0,0,0,0,0,0,0,0,0
קוטביות,0,0,0,0,0,0,0,0,1,0
מוֹט,0,0,0,0,0,0,0,0,0,0
פּוֹלמוֹסִי,1,0,1,0,0,1,0,0,0,0
מִשׁטָרָה,0,0,0,1,0,0,1,0,0,1
שׁוֹטֵר,0,0,0,1,0,0,1,0,0,1
מְדִינִיוּת,0,0,0,0,0,0,0,0,0,1
פּוֹלִיוֹ,0,0,0,1,0,1,0,1,0,0
פולני,0,0,0,0,0,0,1,0,0,0
מְלוּטָשׁ,0,0,0,0,0,0,1,0,0,0
מְנוּמָס,0,0,0,0,0,0,1,0,0,0
נִימוּס,0,0,0,0,0,0,1,0,0,0
מְחוּכָּם,0,0,1,0,0,0,1,0,0,0
פּוֹלִיטִיקָאִי,0,0,0,0,0,0,0,0,0,0
פּוֹלִיטִיקָה,1,0,0,0,0,0,0,0,0,0
מִשׁטָר,0,0,0,0,0,0,0,0,0,0
מִשׁאָל,0,0,0,0,0,0,0,0,0,1
לְזַהֵם,0,0,1,0,0,1,0,0,0,0
זיהום,0,0,1,0,0,1,0,0,0,0
פּוֹלוֹ,0,0,0,0,0,0,0,0,0,0
פוליגמיה,0,0,1,0,0,1,0,0,0,0
מְצוּלָע,0,0,0,0,0,0,0,0,0,0
מצולע,0,0,0,0,0,0,0,0,0,0
פּוֹלִימֵר,0,0,0,0,0,0,0,0,0,0
רב צורתיות,0,0,0,0,0,0,0,0,0,0
הוֹד,0,0,0,0,0,1,0,0,0,0
מנופח \ יהיר,0,0,1,0,0,1,0,0,0,0
פונצ'ו,0,0,0,0,0,0,0,0,0,0
אֲגַם,0,0,0,0,0,0,0,0,0,0
להרהר,0,0,0,0,0,0,0,0,0,0
כבד,0,0,0,0,0,1,0,0,0,0
אַפִּיפיוֹר,0,0,0,0,0,0,0,0,0,1
לִנְהוֹג בְּדוֹגְמָטִיוּת,0,0,0,0,0,0,0,0,0,0
פּוֹנטוֹן,0,0,0,0,0,0,0,0,0,0
פוני,0,0,0,0,0,0,0,0,0,0
פּוּדֵל,0,0,0,0,0,0,0,0,0,0
בריכה,0,0,0,0,0,0,1,0,0,0
קקי,0,0,0,0,0,0,0,0,0,0
בצורה גרועה,0,0,0,0,0,1,0,0,0,0
פּוֹפּ,0,0,0,0,0,1,0,0,1,0
אַפִּיפיוֹר,0,0,0,0,0,0,1,0,0,0
פָּרָג,0,0,0,0,0,0,0,0,0,0
פופולרי,0,0,0,0,0,0,0,0,0,0
פּוֹפּוּלָרִיוּת,0,0,0,0,0,0,1,0,0,0
פופולרי,0,0,0,0,0,0,1,0,0,0
אוּכְלוֹסִיָה,0,0,0,0,0,0,1,0,0,0
מְאוּכלָס בִּצְפִיפוּת,0,0,0,0,0,0,0,0,0,0
חַרְסִינָה,0,0,0,0,0,0,0,0,0,0
מִרפֶּסֶת,0,0,0,0,0,0,0,0,0,0
דָרְבָּן,0,0,0,0,0,1,0,0,0,0
נַקבּוּבִית,0,0,0,0,0,0,0,0,0,0
בשר חזיר,0,0,0,0,0,0,0,0,0,0
פורנו,0,0,1,0,0,1,0,0,0,0
פּוֹרנוֹגרַפִיָה,0,0,0,0,0,1,0,0,0,0
פּוֹרנוֹגרָפִי,0,0,0,0,0,1,0,0,0,0
פּוֹרנוֹגרַפִיָה,0,0,1,0,0,1,0,0,0,0
נַקבּוּבִיוּת,0,0,0,0,0,0,0,0,0,0
נַקבּוּבִי,0,0,0,0,0,0,0,0,0,0
דַיסָה,0,0,0,0,0,0,0,0,0,0
נמל,0,0,0,0,0,0,0,0,0,0
נייד,0,0,0,0,0,0,1,0,0,0
הובלה,0,0,0,0,0,0,0,0,0,0
שַׁעַר,0,0,0,0,0,0,0,0,0,0
פּוֹרטֶר,0,0,0,0,0,0,0,0,0,0
תיק עבודות,0,0,0,0,0,0,0,0,0,0
אֶכסֶדרָה,0,0,0,0,0,0,0,0,0,0
חֵלֶק,0,0,0,0,0,0,0,0,0,0
דְיוֹקָן,0,0,0,0,0,0,0,0,0,0
דְיוֹקָנָאוּת,0,0,0,0,0,0,0,0,0,0
לתאר,0,0,0,0,0,0,0,0,0,0
פּוֹזָה,0,0,0,0,0,1,0,0,0,0
קוּשׁיָה,0,0,0,0,0,0,0,0,0,0
הניח,0,0,0,0,0,0,0,0,0,0
עמדה,0,0,0,0,0,0,0,0,0,0
חבורה,0,0,0,1,0,0,0,0,0,0
לְהַחזִיק,0,1,0,0,1,0,1,0,0,1
דיבוק,1,0,1,1,0,1,0,0,0,0
בעלות,0,0,0,0,0,0,0,0,0,0
רְשׁוּת,1,0,1,1,0,1,0,0,0,0
בעל,0,0,0,0,0,0,0,0,0,0
אפשרות,0,1,0,0,0,0,0,0,0,0
יִתָכֵן,0,0,0,0,0,0,0,0,0,0
הודעה,0,0,0,0,0,0,0,0,0,0
דואר,0,0,0,0,0,0,0,0,0,0
פּוֹסטֵר,0,0,0,0,0,0,0,0,0,0
אֲחוֹרִי,0,0,0,0,0,0,0,0,0,0
הדורות הבאים,0,0,0,0,0,0,0,0,0,0
שֶׁלְאַחַר הַמָוֶת,0,0,0,0,0,1,0,1,0,0
לִדחוֹת,0,0,0,0,0,0,0,0,0,0
נִדחֶה,0,0,0,0,0,0,0,0,0,0
דְחִיָה,0,0,0,0,0,1,0,0,1,0
לאחר כתב,0,0,0,0,0,0,0,0,0,0
להניח,0,0,0,0,0,0,0,0,0,0
יְצִיבָה,0,0,0,0,0,0,0,0,0,0
סיר,0,0,0,0,0,0,0,0,0,0
רָאוּי לִשְׁתִיָה,0,0,0,0,0,0,1,0,0,0
פּוֹטֵנצִיָה,0,0,0,0,0,0,1,0,0,0
חָזָק,0,0,0,0,0,0,0,0,0,0
פוטנציאל,0,0,0,0,0,0,0,0,0,0
מַשׁקֶה,0,0,0,0,0,0,0,0,0,0
פוטלוק,0,0,0,0,0,0,0,0,0,0
מַחְרוֹזֶת,0,0,0,0,0,0,0,0,0,0
קַדָר,0,0,0,0,0,0,0,0,0,0
חרס,0,0,0,0,0,0,0,0,0,0
כִּיס,0,0,0,0,0,0,0,0,0,0
עוֹפוֹת,0,0,0,0,0,0,0,0,0,0
לִירָה,1,0,0,0,0,1,0,0,0,0
לִשְׁפּוֹך,0,0,0,0,0,0,0,0,0,0
עוני,1,0,1,1,0,1,0,1,0,0
פאו,1,0,0,0,0,0,0,0,0,0
אֲבָקָה,0,0,0,0,0,0,0,0,0,0
אבקת,0,0,0,0,0,0,0,0,0,0
אָבִיק,0,0,0,0,0,0,0,0,0,0
חָזָק,1,1,1,1,1,0,1,0,0,1
בעוצמה,0,0,0,1,0,0,1,0,0,0
חֲסַר אוֹנִים,1,0,1,1,0,1,0,1,0,0
אֲבַעבּוּעוֹת,0,0,0,0,0,0,0,0,0,0
מעשיים,0,0,0,0,0,0,0,0,0,0
מַעֲשִׂי,0,0,0,0,0,0,0,0,0,0
למעשה,0,0,0,0,0,0,0,0,0,0
תרגול,0,0,0,0,0,0,1,0,0,0
מְתוּרגָל,0,0,0,0,1,0,1,0,1,1
תרגול,0,1,0,0,0,0,1,0,0,0
עוֹסֵק,0,0,0,0,0,0,0,0,0,0
עֲרָבָה,0,0,0,0,0,0,0,0,0,0
שֶׁבַח,0,0,0,0,1,0,1,0,0,1
מְהוּלָל,0,0,0,0,1,0,1,0,0,0
רָאוּי לְשֶׁבַח,0,1,0,0,1,0,1,0,1,1
מתיחה,0,0,0,0,0,1,0,0,1,0
פרקטיקה,0,0,0,0,0,0,0,0,0,0
לְהִתְפַּלֵל,0,1,0,1,1,0,1,0,1,1
תְפִלָה,0,0,0,0,0,0,0,0,0,0
לְהַטִיף,0,0,0,0,0,0,0,0,0,0
מַטִיף,0,0,0,0,0,0,0,0,0,0
הַטָפָה,0,0,0,0,0,0,0,0,0,0
הַקדָמָה,0,0,0,0,0,0,0,0,0,0
מְסוּכָּן,0,1,0,1,0,1,0,1,0,0
אמצעי זהירות,0,0,0,0,0,0,1,0,0,0
אמצעי זהירות,0,0,0,0,0,0,0,0,0,0
לְהַקְדִים,0,0,0,0,0,0,1,0,0,0
עֲדִיפוּת,0,0,0,0,0,0,1,0,0,1
תקדים,0,0,0,0,0,0,0,0,0,0
קוֹדֵם,0,0,0,0,0,0,0,0,0,0
ציווי,0,0,0,0,0,0,0,0,0,0
מנחה,0,0,0,0,0,0,0,0,0,0
קדנציה,0,0,0,0,0,0,0,0,0,0
מתחם,0,0,0,0,0,1,0,0,0,0
מתחמים,0,0,0,0,0,0,0,0,0,0
יקר ערך,0,1,0,0,1,0,1,0,1,0
צוּק תָלוּל,0,0,0,1,0,0,0,0,0,0
לְזַרֵז,0,0,0,0,0,0,0,0,0,0
מִשׁקָע,0,0,0,0,0,0,0,0,0,0
תָלוּל,0,0,0,0,0,0,0,0,0,0
מְדוּיָק,0,0,0,0,0,0,1,0,0,0
בְּדִיוּק,0,0,0,0,0,0,0,0,0,0
דיוק,0,0,0,0,0,0,1,0,0,0
לִמְנוֹעַ,1,0,0,0,0,0,0,0,0,0
מוקדמת,0,0,0,0,0,0,0,0,0,0
מבשר,0,1,0,0,0,0,0,0,0,0
דורסני,0,0,0,0,0,1,0,0,0,0
קוֹדֵם,0,0,0,0,0,0,0,0,0,0
מַצָב קָשֶׁה,0,0,0,1,0,1,0,0,0,0
לְבַסֵס,0,0,0,0,0,0,0,0,0,0
לנבא,0,1,0,0,0,0,0,0,0,0
מנבא,0,0,0,0,0,0,0,0,0,0
נְבוּאָה,0,1,0,0,0,0,0,0,0,0
מְנַבֵּא,0,0,0,0,0,0,0,0,0,0
מְנַבֵּא,0,0,0,0,0,0,0,0,0,0
הַעֲדָפָה,0,1,0,0,0,0,1,0,0,0
לְהַטוֹת מְרֹאשׁ,0,1,0,0,0,0,0,0,0,0
נטייה,0,0,0,0,0,0,0,0,0,0
נְטִיָה קְדוּמָה,0,0,0,0,0,0,0,0,0,0
עֶליוֹנוּת,0,0,0,0,0,0,0,0,0,0
מִשׁתַלֵט,0,0,0,0,0,0,1,0,0,1
שולטים,0,0,0,0,0,0,0,0,0,0
דָגוּל,0,0,0,0,0,0,1,0,0,0
זְכוּת קְדִימָה,0,0,0,0,0,0,0,0,0,0
הַקדָמָה,0,0,0,0,0,0,0,0,0,0
מוֹשֵׁל מָחוֹז,0,0,0,0,0,0,0,0,0,0
לְהַעֲדִיף,0,0,0,0,0,0,1,0,0,1
הַעֲדָפָה,0,0,0,0,0,0,0,0,0,0
מועדף,0,0,0,0,0,0,0,0,0,0
קידומת,0,0,0,0,0,0,0,0,0,0
הֵרָיוֹן,0,0,1,0,0,1,0,0,0,0
פְּרֶהִיסטוֹרי,0,0,0,0,0,0,0,0,0,0
דעה קדומה,1,0,0,0,0,1,0,0,0,0
מְשׁוּחָד,0,0,1,1,0,1,0,0,0,0
פּוֹגֵעַ,1,0,0,0,0,1,0,0,0,0
מקדים,0,1,0,0,0,0,0,0,0,0
אַקדָם,0,0,0,0,0,0,0,0,0,0
מוקדם מדי,0,0,0,0,0,0,0,0,1,0
בטרם עת,0,0,0,0,0,0,0,0,0,0
מתוכנן מראש,0,0,0,1,0,1,0,0,0,0
רֹאשׁ הַמֶמשָׁלָה,0,0,0,0,0,0,1,0,0,0
הַנָחַת יְסוֹד,0,0,0,0,0,0,0,0,0,0
חֲצֵרִים,0,0,0,0,0,0,1,0,0,0
פּרֶמיָה,0,0,0,0,0,0,0,0,0,0
התעסקות,0,0,0,0,0,0,0,0,0,0
שָׁקוּעַ בְּמַחְשָׁבוֹת,0,0,0,0,0,0,0,0,0,0
הכנה,0,1,0,0,0,0,0,0,0,0
מֵכִין,0,1,0,0,0,0,0,0,0,0
הכן,0,1,0,0,0,0,1,0,0,0
מוּכָן,0,1,0,0,0,0,1,0,0,1
כּוֹנְנוּת,0,1,0,0,0,0,0,0,0,0
מכין,0,0,0,0,0,0,0,0,0,0
מכין,0,0,0,0,0,0,0,0,0,0
עֶליוֹנוּת,0,0,0,0,0,0,0,0,0,1
תְנַאִי מוּקדָם,0,1,0,0,0,0,0,0,0,0
זְכוּת,0,0,0,0,0,0,0,0,0,0
רוֹאֶה אֵת הַנוֹלָד,0,1,0,0,0,0,1,0,0,0
שנקבעו,0,0,0,0,0,0,0,0,0,0
מִרשָׁם,0,0,0,0,0,0,0,0,0,0
מרשם,0,0,0,0,0,0,0,0,0,0
נוכחות,0,0,0,0,0,0,1,0,0,0
מתנה,0,1,0,0,1,0,1,0,1,1
נָאֶה,0,0,0,0,0,0,1,0,0,0
הַצָגָה,0,0,0,0,0,0,0,0,0,0
מצגת,0,0,0,0,0,1,1,0,0,0
שְׁמִירָה,0,0,0,0,0,0,0,0,0,0
מְשַׁמֵר,0,1,0,0,1,0,1,0,1,1
לשמור,0,0,0,0,0,0,1,0,0,0
השתמר,0,0,0,0,0,0,0,0,0,0
מִשׁמֶרֶת,0,0,0,0,0,0,0,0,0,0
לשאת,0,0,0,0,0,0,0,0,0,0
נְשִׂיאוּת,0,0,0,0,0,0,0,0,0,0
נָשִׂיא,0,0,0,0,0,0,1,0,0,1
ללחוץ,0,0,0,0,0,0,0,0,0,0
לחיצה,0,0,0,0,0,0,0,0,0,0
לַחַץ,0,0,0,0,0,1,0,0,0,0
יוקרה,0,0,0,0,1,0,1,0,0,1
presto,0,0,0,0,1,0,1,0,1,0
חֲזָקָה,0,0,0,0,0,0,0,0,0,1
משוער,0,0,0,0,0,0,0,0,0,0
יָהִיר,1,0,1,0,0,1,0,0,0,0
לְהַנִיחַ מִרֹאשׁ,0,0,0,0,0,0,0,0,0,0
להעמיד פנים,0,0,0,0,0,1,0,0,0,0
העמידה פנים,0,0,0,0,0,1,0,0,0,0
מעמיד פנים,1,0,0,0,0,1,0,0,0,0
הַעֲמָדַת פָּנִים,0,0,0,0,0,1,0,0,0,0
יומרות,0,0,0,0,0,1,0,0,0,0
אֲמַתלָה,0,0,0,0,0,0,0,0,0,0
יפה,0,1,0,0,1,0,1,0,0,1
לִגבּוֹר,0,1,0,0,1,0,1,0,0,0
הִשׁתַלְטוּת,0,0,0,0,0,0,0,0,0,0
שְׁכִיחוּת,0,0,0,0,0,0,0,0,0,0
נָפוֹץ,0,0,0,0,0,0,0,0,0,1
לִמְנוֹעַ,0,0,0,1,0,0,0,0,0,0
מוֹנֵעַ,0,0,0,0,0,0,0,0,0,0
מְנִיעָה,0,1,0,0,0,0,1,0,0,0
מוֹנֵעַ,0,0,0,0,0,1,0,0,0,0
קודם,0,0,0,0,0,0,0,0,0,0
קוֹדֶם,0,0,0,0,0,0,0,0,0,0
טֶרֶף,0,0,0,1,0,1,0,0,0,0
מחיר,0,0,0,0,0,0,0,0,0,0
לֹא יְסוּלֵא בְּפָּז,0,0,0,0,0,0,1,0,0,0
לִדקוֹר,1,0,1,1,0,1,0,0,1,0
דוֹקְרָנִי,0,0,0,0,0,1,0,0,0,0
גאווה,0,0,0,0,1,0,1,0,0,0
כּוֹמֶר,0,0,0,0,0,0,1,0,0,1
כּמוּרָה,0,1,0,0,1,0,1,1,0,1
כּוֹהֲנִי,0,0,0,0,0,0,1,0,0,0
מִצטַנֵעַ,0,0,0,0,0,0,0,0,0,0
עֶליוֹנוּת,0,0,0,0,0,0,1,0,0,0
יְסוֹדִי,0,0,0,0,0,0,1,0,0,0
פּרִימַט,0,0,0,0,0,0,0,0,0,0
פרימטים,0,0,0,0,0,0,0,0,0,0
רִאשׁוֹנִי,0,0,0,0,0,0,1,0,0,0
דרוך,0,0,0,0,0,0,0,0,0,0
תֶחֶל,0,0,0,0,0,0,1,0,0,1
רֵאשִׁיתִי,0,0,0,0,0,0,0,0,0,0
תִחוּל,0,0,0,0,0,0,0,0,0,0
פְּרִימִיטִיבִי,0,0,0,0,0,0,0,0,0,0
רֵאשִׁיתִי,0,0,0,0,0,0,0,0,0,0
נסיך,0,0,0,0,0,0,1,0,0,0
נְסִיכִי,0,1,0,0,1,0,1,0,1,1
נסיכה,0,0,0,0,0,0,1,0,0,0
קֶרֶן,0,0,0,0,0,0,1,0,0,1
בְּעִקָר,0,0,0,0,0,0,0,0,0,0
עִקָרוֹן,0,0,0,0,0,0,0,0,0,0
הדפס,0,0,0,0,0,0,0,0,0,0
מדפסת,0,0,0,0,0,0,0,0,0,0
הַדפָּסָה,0,0,0,0,0,0,0,0,0,0
קוֹדֵם,0,0,0,0,0,0,0,0,0,0
עדיפות,0,0,0,0,0,0,0,0,0,0
מִנזָר,0,0,0,0,0,0,0,0,0,0
פּרִיזמָה,0,0,0,0,0,0,0,0,0,0
מִנסַרתִי,0,0,0,0,0,0,0,0,0,0
בית כלא,1,0,0,1,0,1,0,1,0,0
אָסִיר,1,0,1,1,0,1,0,1,0,0
טהור,0,0,0,0,0,0,1,0,0,0
פְּרָטִיוּת,0,0,0,0,0,0,0,0,0,0
פְּרָטִי,0,0,0,0,0,0,0,0,0,0
באופן פרטי,0,0,0,0,0,0,0,0,0,0
זְכוּת,0,0,0,0,0,0,0,0,0,0
חָסוּי,0,0,0,0,1,0,1,0,0,1
סודי,0,0,0,0,0,1,0,0,0,1
הִסתַבְּרוּת,0,1,0,0,0,0,0,0,0,0
מִסתַבֵּר,0,0,0,0,0,0,0,0,0,0
על תנאי,0,1,0,1,0,0,0,1,0,0
תקופת מבחן,0,0,0,0,0,0,0,0,0,0
מוכיח,0,0,0,0,0,0,0,0,0,0
בְּדִיקָה,0,0,0,0,0,0,0,0,0,0
יוֹשֶׁר,0,0,0,0,0,0,1,0,0,1
בְּעָיָה,0,0,0,1,0,1,0,1,0,0
תהליך,0,0,0,1,0,0,1,0,0,0
להמשיך,0,0,0,0,0,0,0,0,0,0
ממשיך,0,1,0,0,0,0,0,0,0,0
הַכנָסוֹת,0,0,0,0,0,0,0,0,0,0
תהליך,0,0,0,0,0,0,0,0,0,0
תַהֲלוּכָה,0,0,0,0,1,0,1,1,1,0
להכריז,0,0,0,0,0,0,0,0,0,0
הַכרָזָה,0,0,0,0,0,0,0,0,0,0
לְהִתְמַהֲמֵהַ,0,0,0,0,0,1,0,0,0,0
התמהמהות,0,0,0,0,0,1,0,0,0,0
הוֹלָדָה,0,0,0,0,0,0,0,0,0,0
פרוקטור,0,0,0,0,0,0,1,0,0,1
לְהַשִׂיג,0,0,0,0,0,0,1,0,0,0
רֶכֶשׁ,0,0,0,0,0,0,0,0,0,0
לְדַרבֵּן,0,0,0,0,0,0,0,0,0,0
אובד,0,0,0,0,0,1,1,0,0,0
מַפלִיא,0,0,0,0,0,0,1,0,0,0
פֶּלֶא,0,0,0,0,0,0,1,0,0,0
ליצר,0,0,0,0,0,0,0,0,0,0
מיוצר,0,0,0,0,0,0,0,0,0,0
יַצרָן,0,0,0,0,0,0,1,0,0,0
לייצר,0,0,0,0,0,0,1,0,0,0
מוצר,0,0,0,0,0,0,0,0,0,0
הפקה,0,1,0,0,0,0,1,0,0,0
פּרוּדוּקטִיבִי,0,0,0,0,0,0,1,0,0,0
פִּריוֹן,0,0,0,0,0,0,1,0,0,0
לְחַלֵל,1,0,0,0,0,1,0,0,0,0
ניבולי פה,1,0,0,0,0,1,0,0,0,0
לְהַכרִיז,0,0,0,0,0,0,0,0,0,0
מִקצוֹעַ,0,0,0,0,0,0,1,0,0,0
מקצועי,0,0,0,0,0,0,1,0,0,1
פּרוֹפֶסוֹר,0,0,0,0,0,0,1,0,0,1
פרופסורה,0,0,0,0,0,0,0,0,0,1
מְיוּמָנוּת,0,1,0,0,1,0,1,0,1,1
בקיא,0,0,0,0,0,0,1,0,0,1
פּרוֹפִיל,0,0,0,0,0,0,0,0,0,0
רווח,0,0,0,0,0,0,0,0,0,0
פַּזְרָנִי,0,0,0,0,0,0,1,0,0,0
שֶׁפַע,0,0,0,0,0,1,0,0,0,0
פרוג,0,0,0,0,0,0,0,0,0,0
אָב,0,0,0,0,0,0,0,0,0,0
צֶאֱצָאִים,0,0,0,0,0,0,0,0,0,0
פּרוֹגנוֹזָה,0,1,0,1,0,0,0,0,0,0
מְנַבֵּא,0,1,0,0,0,0,0,0,0,0
תכנית,0,0,0,0,0,0,0,0,0,0
תכנית,0,0,0,0,0,0,0,0,0,0
מְתַכנֵת,0,0,0,0,0,0,0,0,0,0
התקדמות,0,1,0,0,1,0,1,0,0,0
הִתקַדְמוּת,0,1,0,0,1,0,1,1,0,1
פּרוֹגרֵסִיבִי,0,0,0,0,0,0,1,0,0,0
לֶאֱסוֹר,0,0,0,0,0,0,0,0,0,0
אָסוּר,1,0,1,1,0,1,0,0,0,0
איסור,0,0,0,0,0,1,0,0,0,0
אוֹסְרָנִי,0,0,0,0,0,0,0,0,0,0
פּרוֹיֶקט,0,0,0,0,0,0,0,0,0,0
קֶלַע,0,0,0,1,0,0,0,0,0,0
קליעים,0,0,0,1,0,0,0,0,0,0
מקרין,0,0,0,0,0,0,0,0,0,0
הַקרָנָה,0,0,0,0,0,0,0,0,0,0
מַקרֵן,0,0,0,0,0,0,0,0,0,0
פרולטארי,0,0,0,0,0,0,0,0,0,0
מעמד הפועלים,0,0,0,0,0,0,0,0,0,0
פּוֹרֶה,0,0,0,0,0,0,1,0,0,0
פּרוֹלוֹג,0,1,0,0,0,0,0,0,0,0
להאריך,0,0,1,0,0,1,0,0,0,0
הַאֲרָכָה,0,0,0,0,0,0,0,0,0,0
מְמוּשָׁך,0,0,0,0,0,0,0,0,0,0
טיילת,0,0,0,0,0,0,0,0,0,0
בּוֹלְטוּת,0,0,0,0,0,0,1,0,0,0
בְּהַבלָטָה,0,0,0,0,0,0,1,0,0,0
מוּפקָר,0,0,0,0,0,1,0,0,0,0
הַבטָחָה,0,0,0,0,1,0,1,0,0,1
מַבְטִיחַ,0,0,0,0,0,0,1,0,0,0
חובה,0,0,0,0,0,0,0,0,0,0
כַּף,0,0,0,0,0,0,0,0,0,0
לקדם,0,0,0,0,0,0,0,0,0,0
מְקַדֵם,0,0,0,0,0,0,0,0,0,0
קידום,0,0,0,0,0,0,1,0,0,0
מיידי,0,0,0,0,0,0,0,0,0,0
הנחיה,0,0,0,0,0,0,0,0,0,0
לְהָפִיץ,0,0,0,0,0,0,0,0,0,0
פִּרסוּם,0,0,0,0,0,0,0,0,0,0
נוֹטֶה,0,0,0,0,0,0,0,0,0,0
שֵׁן,0,0,0,0,0,0,0,0,0,0
לְבַטֵא,0,0,0,0,0,0,0,0,0,0
מְבוּטָא,0,0,0,0,0,0,0,0,0,0
הַצהָרָה,0,0,0,0,0,0,0,0,0,0
מִבטָא,0,0,0,0,0,0,0,0,0,0
הוכחה,0,0,0,0,0,0,0,0,0,1
לִתְמוֹך,0,0,0,0,0,0,1,0,0,0
תַעֲמוּלָה,0,0,0,0,0,1,0,0,0,0
לְהָפִיץ,0,0,0,0,0,0,0,0,0,0
רְבִיָה,0,0,0,0,0,0,0,0,0,0
פרופאן,0,0,0,0,0,0,0,0,0,0
לְהַנִיעַ,0,0,0,0,0,0,0,0,0,0
הונע,0,0,0,0,0,0,0,0,0,0
מַדחֵף,0,0,0,0,0,0,0,0,0,0
הנעה,0,0,0,0,0,0,0,0,0,0
נְטִיָה,0,0,0,0,0,0,0,0,0,0
תָקִין,0,0,0,0,0,0,1,0,0,0
תכונה,0,0,0,0,0,0,0,0,0,0
נְבוּאָה,0,1,0,0,0,0,0,0,0,0
לְנָבֵּא,0,0,0,0,0,0,0,0,0,0
נָבִיא,0,1,0,0,0,0,1,0,0,1
נְבוּאִי,0,1,0,0,0,0,0,0,0,0
מוֹנֵעַ,0,1,0,0,0,0,1,0,0,1
מְנִיעָה,0,0,0,0,0,0,0,0,0,0
פּרוֹפּוֹרצִיָה,0,0,0,0,0,0,0,0,0,0
יַחֲסִי,0,0,0,0,0,0,0,0,0,0
פרופורציונלי,0,0,0,0,0,0,0,0,0,0
פרופורציות,0,0,0,0,0,0,0,0,0,0
הצעה,0,0,0,0,0,0,0,0,0,0
הצעה,0,0,0,0,0,0,1,0,0,0
קנייני,0,0,0,0,0,0,0,0,0,0
בְּעָלִים,0,0,0,0,0,0,0,0,0,0
בַּעֲלוּת,0,0,0,0,0,0,0,0,0,0
תְקִינוּת,0,0,0,0,0,0,0,0,0,0
הֲנָעָה,0,0,0,0,0,0,0,0,0,0
פּרוֹזָה,0,0,0,0,0,0,0,0,0,0
לְהַעֲמִיד לָדִין,1,0,0,1,0,1,0,1,0,0
תביעה,0,0,1,0,0,1,0,0,0,0
תוֹבֵעַ,0,0,0,0,0,0,0,0,0,0
פרוספקט,0,0,0,0,0,0,1,0,0,0
לְעַתִיד,0,0,0,0,0,0,0,0,0,0
באופן פרוספקטיבי,0,1,0,0,0,0,0,0,0,0
תַשׁקִיף,0,0,0,0,0,0,0,0,0,0
לְשַׂגְשֵׂג,0,1,0,0,1,0,1,0,0,0
שִׂגשׂוּג,0,0,0,0,0,0,1,0,0,0
מְשַׂגשֵׂג,0,0,0,0,1,0,1,0,0,0
זוֹנָה,0,0,1,0,0,1,0,0,0,0
זְנוּת,0,0,1,0,0,1,0,1,0,0
לְהִשְׁתַטֵחַ,0,0,0,0,0,0,0,0,0,0
דמות ראשית,0,0,0,0,0,0,0,0,0,0
לְהַגֵן,0,0,0,0,0,0,1,0,0,0
מוּגָן,0,0,0,0,0,0,0,0,0,1
מגן,0,0,0,0,0,0,1,0,0,1
הֲגָנָה,0,0,0,0,0,0,0,0,0,0
מָגֵן,0,0,0,0,0,0,1,0,0,0
מָגֵן,0,0,0,0,0,0,1,0,0,1
חֶלְבּוֹן,0,0,0,0,0,0,0,0,0,0
למחות,0,0,0,0,0,0,0,0,0,0
נוהל,0,0,0,0,0,0,0,0,0,0
אב טיפוס,0,0,0,0,0,0,0,0,0,0
פרוטוזואה,0,0,0,0,0,0,0,0,0,0
ממושך,0,0,0,0,0,0,0,0,0,0
לִבלוֹט,0,0,0,0,0,0,0,0,0,0
פרצה,0,0,0,0,0,0,0,0,0,0
גאה,0,1,0,0,1,0,1,0,0,1
לְהוֹכִיחַ,0,0,0,0,0,0,1,0,0,0
מוּכָח,0,0,0,0,0,0,0,0,0,1
פִּתגָם,0,0,0,0,0,0,0,0,0,0
פִּתגָמִי,0,0,0,0,0,0,1,0,0,0
לְסַפֵּק,0,0,0,0,0,0,1,0,0,1
מסופק,0,0,0,0,0,0,0,0,0,0
הַשׁגָחָה עֶליוֹנָה,0,0,0,0,0,0,0,0,0,0
מתן,0,1,0,0,1,0,1,0,0,1
מָחוֹז,0,0,0,0,0,0,0,0,0,0
מְחוֹזִי,0,0,0,0,0,0,0,0,0,0
אַספָּקָה,0,0,0,0,0,0,0,0,0,0
באופן זמני,0,0,0,0,0,0,0,0,0,0
הוראות,0,0,0,0,0,0,0,0,0,0
תְנַאִי,0,0,0,0,0,0,0,0,0,1
פּרוֹבוֹקָצִיָה,1,0,0,0,0,1,0,0,0,0
פּרוֹבוֹקָטִיבִי,0,0,0,0,0,0,0,0,0,0
מעורר,1,0,1,0,0,1,0,0,0,0
רֹאשׁ מִכלָלָה,0,0,0,0,0,0,0,0,0,0
תְעוּזָה,0,0,0,0,0,0,0,0,0,0
לְשׁוֹטֵט,0,0,0,1,0,0,0,0,1,0
מְקוֹרָב,0,0,0,0,0,0,0,0,0,0
סָמוּך,0,0,0,0,0,0,0,0,0,0
קִרבָה,0,0,0,0,0,0,0,0,0,0
פרוקסי,0,0,0,0,0,0,0,0,0,1
זְהִירוּת,0,0,0,0,0,0,1,0,0,0
זָהִיר,0,0,0,0,0,0,1,0,0,1
לִגזוֹם,0,0,0,0,0,0,0,0,0,0
לְחַטֵט,1,1,0,0,0,1,0,0,0,1
סַקרָנִי,0,0,0,0,0,1,0,0,0,0
מִזמוֹר,0,0,0,0,0,0,1,0,0,0
מדומה,0,0,0,0,0,0,0,0,0,0
שם בדוי,0,0,0,0,0,0,0,0,0,0
פּסִיכָה,0,0,0,0,0,0,0,0,0,0
נפשית,0,0,0,0,0,0,0,0,0,0
מדיומים,0,0,0,0,0,0,0,0,0,0
פְּסִיכוֹלוֹגִי,0,0,0,0,0,0,0,0,0,0
פְּסִיכוֹלוֹג,0,0,0,0,0,0,0,0,0,0
פְּסִיכוֹלוֹגִיָה,0,0,0,0,0,0,0,0,0,0
פְּסִיכוֹזָה,1,0,0,1,0,1,0,1,0,0
פָּאבּ,0,0,0,0,0,0,0,0,0,0
גיל ההתבגרות,0,0,0,0,0,0,0,0,0,0
מִתבַּגֵר,0,0,0,0,0,0,0,0,0,0
פּוּמְבֵּי,0,1,0,0,0,0,1,0,0,0
פרסום,0,0,0,0,0,0,0,0,0,0
פּוּבּלִיצִיסט,0,0,0,0,0,1,0,0,0,0
פִּרסוּם,0,0,0,0,0,0,0,0,0,0
בְּפוּמבֵּי,0,0,0,0,0,0,0,0,0,0
לְפַרְסֵם,0,0,0,0,0,0,0,0,0,0
יצא לאור,0,0,0,0,0,0,0,0,0,0
מוֹצִיא לָאוֹר,0,0,0,0,0,0,0,0,0,0
פודינג,0,0,0,0,0,0,0,0,0,0
שְׁלוּלִית,0,0,0,0,0,0,0,0,0,0
נשיפה,0,0,0,0,0,0,0,0,0,0
נָפוּחַ,0,0,0,0,0,1,0,0,0,0
סוֹלֵד,0,0,0,0,0,0,0,0,0,0
לְהַקִיא,0,0,1,0,0,0,0,0,0,0
מְשׁוֹך,0,0,0,0,0,0,1,0,0,0
גַלגֶלֶת,0,0,0,0,0,0,0,0,0,0
תעצור בצד,0,0,0,0,0,0,0,0,0,0
רֵאָתִי,0,0,0,0,0,0,0,0,0,0
מוֹך,0,0,0,0,0,0,0,0,0,0
דוּכָן,0,0,0,0,0,0,1,0,0,0
פְּעִימָה,0,0,0,0,0,0,0,0,0,0
דוֹפֶק,0,0,0,0,0,0,0,0,0,0
פּוּמָה,0,0,0,1,0,0,0,0,1,0
לִשְׁאוֹב,0,0,0,0,0,0,0,0,0,0
מִשְׂחָק מִלִים,0,0,0,0,0,0,0,0,0,0
פּוּנץ',1,0,0,1,0,1,0,1,1,0
דייקן,0,1,0,0,0,0,1,0,0,1
עמידה בזמנים,0,0,0,0,0,0,1,0,0,0
בדייקנות,0,0,0,0,0,0,0,0,0,0
סימני פיסוק,0,0,0,0,0,0,0,0,0,0
נֶקֶר,0,0,0,0,0,0,0,0,0,0
מְלוּמָד,0,0,0,0,0,0,0,0,0,0
חָרִיף,0,0,1,0,0,1,0,0,0,0
לְהַעֲנִישׁ,0,0,0,1,0,1,0,0,0,0
נענש,1,1,1,1,0,1,0,1,0,0
עֲנִישָׁה,1,0,0,1,0,1,0,1,0,0
עֲנִישָׁה,1,0,1,1,0,1,0,0,0,0
מַעֲנִישׁ,1,0,0,1,0,1,0,1,0,0
פָּאנק,0,0,0,0,0,0,0,0,0,0
סִירָה שְׁטוּחָה,0,1,0,0,0,0,0,0,0,0
עלוב,0,0,0,0,0,0,0,0,0,0
כַּלבּוֹן,0,0,0,0,0,0,0,0,0,0
תלמיד,0,0,0,0,0,0,0,0,0,0
בּוּבָּה,0,0,0,0,0,0,0,0,0,0
כלבלב,0,1,0,0,0,0,1,0,0,1
לִרְכּוֹשׁ,0,0,0,0,0,0,0,0,0,0
קוֹנֶה,0,0,0,0,0,0,0,0,0,0
רכישה,0,0,0,0,0,0,0,0,0,0
פִּירֶה,0,0,0,0,0,0,0,0,0,0
אַך וְרַק,0,0,0,0,0,0,1,0,0,1
גֵיהִנוֹם,0,0,1,1,0,1,0,0,0,0
לְטַהֵר,0,0,0,1,0,1,0,0,0,0
טָהֳרָה,0,0,0,0,0,0,1,0,0,1
לְטַהֵר,0,0,0,0,1,0,1,0,0,1
טַהֲרָן,0,0,0,0,0,0,1,0,0,0
טוֹהַר,0,0,0,0,0,0,1,0,1,0
סָגוֹל,0,0,0,0,0,0,0,0,0,0
כַּוָנָה,0,0,0,0,0,0,0,0,0,0
מַטָרָה,0,0,0,0,0,0,0,0,0,0
בכוונה,0,0,0,0,0,0,0,0,0,0
לְגַרגֵר,0,0,0,0,1,0,1,0,0,1
אַרְנָק,0,0,0,0,0,0,0,0,0,0
בִּצוּעַ,0,0,0,0,0,0,0,0,0,0
רודף,0,0,0,0,0,0,0,0,0,0
מִרדָף,0,0,0,0,0,0,0,0,0,0
ספק,0,0,0,0,0,0,0,0,0,0
תְחוּם הַפְּעוּלָה,0,0,0,0,0,0,0,0,0,0
מוּגלָה,0,0,1,0,0,1,0,0,0,0
לִדחוֹף,0,0,0,0,0,0,0,0,0,0
דוחף,0,0,0,0,0,0,0,0,0,0
חָתוּל,0,0,0,0,0,0,0,0,0,0
כוס,0,0,0,0,0,0,0,0,0,0
כוסית,0,0,0,0,0,0,0,0,0,0
לָשִׂים,0,0,0,0,0,0,0,0,0,0
מְשׁוֹעָר,0,0,0,0,0,0,0,0,0,1
מעמיד,0,0,0,0,0,0,0,0,0,0
מֶרֶק,0,0,0,0,0,0,0,0,0,0
תמה,0,0,0,0,0,0,0,0,0,0
תמוה,0,0,0,0,0,0,0,0,0,0
נַנָס,0,0,0,0,0,0,0,0,0,0
פִּירָמִידָה,0,0,0,0,0,0,0,0,0,0
פירמידלי,0,0,0,0,0,0,0,0,0,0
פִּירוֹטֶכנִיקָה,0,0,0,0,0,0,0,0,0,0
לְגַעגֵעַ,0,0,1,0,0,1,0,0,0,0
מְרוּבָּע,0,0,0,0,0,0,0,0,0,0
חָצֵר,0,0,0,0,0,0,0,0,0,0
רָבִיעַ,0,0,0,0,0,0,0,0,0,0
רִבּוּעִי,0,0,0,0,0,0,0,0,0,0
נִצָב,0,0,0,0,0,0,0,0,0,0
לְרַבֵּעַ,0,0,0,0,0,0,0,0,0,0
קוואדרופול,0,0,0,0,0,0,0,0,0,0
אַדמַת בּוֹץ טוֹבְעַנִית,0,0,1,0,0,1,0,0,0,0
שליו,0,0,0,1,0,1,0,0,0,0
מוּזָר,0,0,0,0,1,0,1,0,0,1
רְעִידַת אֲדָמָה,0,0,0,1,0,0,0,0,0,0
מוסמך,0,0,0,0,0,0,1,0,0,1
להעפיל,0,0,0,0,0,0,0,0,0,0
מוקדמות,0,0,0,0,0,0,1,0,0,0
איכויות,0,0,0,0,0,0,0,0,0,0
איכות,0,0,0,0,0,0,0,0,0,0
מְבוּכָה,1,0,0,1,0,1,0,0,0,0
לכמת,0,0,0,0,0,0,0,0,0,0
כמותי,0,0,0,0,0,0,0,0,0,0
מבחינה כמותית,0,0,0,0,0,0,0,0,0,0
כַּמוּת,0,0,0,0,0,0,0,0,0,0
קוונטי,0,0,0,0,0,0,0,0,0,0
בידוד,0,0,0,1,0,0,0,0,0,0
לָרִיב,1,0,0,0,0,1,0,0,0,0
מַחצָבָה,0,0,0,0,0,0,0,0,0,0
רבע גלון,0,0,0,0,0,0,0,0,0,0
רובע,0,0,0,0,0,0,0,0,0,0
מרובע,0,0,0,0,0,0,0,0,0,0
מְגוּרִים,0,0,0,0,0,0,0,0,0,0
רביעייה,0,0,0,0,0,0,0,0,0,0
רְבִיעוֹן,0,0,0,0,0,0,0,0,0,0
קווטו,0,0,0,0,0,0,0,0,0,0
קְוָרץ,0,0,0,0,0,0,0,0,0,0
לְבַטֵל פְּסַק דִין,0,0,0,1,0,1,0,0,0,0
מֵעֵין,0,0,0,0,0,0,0,0,0,0
רבעוני,0,0,0,0,0,0,0,0,0,0
רָצִיף,0,0,0,0,0,0,0,0,0,0
מַלכָּה,0,0,0,0,0,0,0,0,0,0
לְשַׁכֵּך,0,0,0,0,0,1,0,0,0,0
לְהַשׂבִּיעַ רָצוֹן,0,0,0,0,0,0,0,0,0,0
שאילתא,0,0,0,0,0,0,0,0,0,0
לַחקוֹר,0,1,0,0,0,0,1,0,0,0
שְׁאֵלָה,0,0,0,0,0,0,1,0,0,0
מְפוּקפָּק,0,0,1,0,0,1,0,0,0,0
תִשׁאוּל,0,0,0,0,0,0,0,0,0,0
תוֹר,0,0,0,0,0,0,0,0,0,0
לְזַרֵז,0,1,0,0,0,0,0,0,0,0
בִּמְהִירוּת,0,0,0,0,0,0,0,0,0,0
זְרִיזוּת,0,0,0,0,0,0,1,0,1,0
כַּספִּית,0,0,0,0,0,1,0,0,1,0
לִירָה,0,0,0,0,0,0,0,0,0,0
שֶׁקֶט,0,0,0,0,0,0,1,0,0,0
שֶׁקֶט,0,0,0,0,0,0,1,1,0,0
בְּשֶׁקֶט,0,0,0,0,0,0,0,0,0,0
נוֹצָה,0,0,0,0,0,0,0,0,0,0
שמיכה,0,0,0,0,0,0,0,0,0,0
כִּינִין,0,0,0,0,0,0,1,0,0,0
לְהַפְסִיק,0,0,0,0,0,1,0,0,0,0
מתפטר,0,0,0,0,0,0,0,0,0,0
רֶטֶט,0,0,0,1,0,1,0,0,0,0
רוטט,0,0,0,1,0,1,0,0,0,0
חִידוֹן,0,0,0,0,0,1,0,0,0,0
מִניָן,0,0,0,0,0,0,0,0,0,0
מִכסָה,0,0,0,0,0,0,0,0,0,0
ציטוט,0,0,0,0,0,0,0,0,0,0
ציטוט,0,1,0,0,0,1,1,0,1,0
מָנָה,0,0,0,0,0,0,0,0,0,0
ארנב,0,0,0,0,0,0,0,0,0,0
אֲסַפסוּף,1,0,0,1,0,1,0,0,0,0
קַנָאִי,1,1,1,1,0,1,0,1,0,0
רבנים,0,0,0,0,0,1,0,0,0,0
גזע,0,0,0,0,0,0,0,0,0,0
סוּס מֵרוֹץ,0,0,0,0,0,0,0,0,0,0
רייסר,0,0,0,0,0,0,0,0,0,0
דְפוּפָה,0,0,0,0,0,1,0,1,0,0
מחבט,0,0,0,0,0,1,0,0,0,0
מתלים,0,0,0,0,0,0,0,0,0,0
עֲסִיסִי,0,0,0,0,0,0,0,0,0,0
מכם,0,0,0,0,0,0,0,0,0,1
זוֹהַר,0,1,0,0,1,0,1,0,0,1
קוֹרֵן,0,0,0,0,1,0,1,0,0,0
לִקְרוֹן,0,0,0,0,0,0,1,0,0,0
קְרִינָה,0,0,0,1,0,1,0,0,0,0
באופן קיצוני,0,0,0,0,0,0,0,0,0,0
רָדִיוֹ,0,0,0,0,0,0,1,0,0,0
רַדִיוֹאַקטִיבִי,0,0,0,1,0,1,0,0,0,0
רדיואקטיבי,0,0,0,0,0,0,0,0,0,0
תַצלוּם רֶנטגֵן,0,0,0,0,0,0,0,0,0,0
רדיוגרפיה,0,0,0,0,0,0,0,0,0,0
רדיולוגיה,0,0,0,0,0,0,0,0,0,0
רַדִיוּם,0,0,0,0,0,0,0,0,0,0
רַדִיוּס,0,0,0,0,0,0,0,0,0,0
ראדון,0,0,0,1,0,1,0,0,0,0
הַגרָלָה,0,1,0,0,0,0,0,0,1,0
רַפסוֹדָה,0,0,0,0,0,0,0,0,0,0
זעם,1,0,0,0,0,1,0,0,0,0
מְרוּפָּט,0,0,0,0,0,0,0,0,0,0
סוֹעֵר,1,0,1,1,0,1,0,0,0,0
סְחָבוֹת,0,0,1,0,0,1,0,0,0,0
לִפְשׁוֹט,1,0,0,1,0,1,0,0,1,0
רכבת,1,1,0,0,0,1,0,0,0,0
מַעֲקֶה,0,0,0,0,0,0,0,0,0,0
מסילת ברזל,0,0,0,0,0,0,0,0,0,0
מסילת רכבת,0,0,0,0,0,0,0,0,0,0
כְּסוּת,0,0,0,0,0,0,0,0,0,0
גֶשֶׁם,0,0,0,0,0,0,0,0,0,0
מְעִיל גֶשֶׁם,0,0,0,0,0,0,0,0,0,0
יְרִידַת גְשָׁמִים,0,0,0,0,0,0,0,0,0,0
גָשׁוּם,0,0,0,0,0,0,0,1,0,0
הַעֲלָאָה,0,0,0,0,0,0,0,0,0,0
מוּרָם,0,0,0,0,0,0,0,0,0,0
הַעֲלָאָה,0,0,0,0,0,0,0,0,0,0
לִגרוֹף,0,0,0,0,0,0,0,0,0,0
לְלַכֵּד,0,0,0,0,0,0,0,0,0,0
RAM,1,1,0,0,0,1,0,0,0,0
לְשׁוֹטֵט,0,0,0,0,0,0,0,0,0,0
מְטַפֵּס,0,0,0,0,0,1,0,0,0,0
רמפה,0,0,0,0,0,0,0,0,0,0
הִשׁתוֹלְלוּת,1,0,0,1,0,1,0,0,0,0
חַוָה,0,0,0,0,0,0,0,0,0,0
מְעוּפָּשׁ,0,0,1,0,0,1,0,0,0,0
באופן אקראי,0,0,0,0,0,0,0,0,1,0
אקראיות,0,0,0,0,0,0,0,0,0,0
תַאַותָנִי,0,0,0,0,0,0,0,0,0,0
ריינג'ר,0,0,0,0,0,0,0,0,0,1
דַרגָה,0,0,0,0,0,0,0,0,0,0
כּוֹפֶר,1,0,0,1,0,1,0,0,0,0
לְדַבֵּר בְּטִרוּף,0,0,0,0,0,0,0,0,0,0
ראפ,0,0,0,0,0,0,0,0,0,0
לֶאֱנוֹס,1,0,1,1,0,1,0,1,0,0
מָהִיר,0,0,0,0,0,0,0,0,1,0
מְהִירוּת,0,0,0,0,0,0,0,0,0,0
אֶשֶׁד,0,0,0,0,0,0,0,0,0,0
ראפ,1,0,0,0,0,0,0,0,0,0
נלהב,0,0,0,0,1,0,1,0,1,1
דורסים,0,0,0,1,0,1,0,0,0,0
הִתלַהֲבוּת,0,1,0,0,1,0,1,0,0,0
לעתים רחוקות,0,0,0,0,0,0,0,0,0,0
נְדִירוּת,0,0,0,0,0,0,0,0,1,0
שׁוֹבָב,1,0,1,1,0,1,0,0,0,0
פריחה,0,0,1,0,0,1,0,0,0,0
עכברוש,0,0,1,1,0,1,0,0,0,0
מַחגֵר,0,0,0,0,0,0,0,0,0,0
ציון,0,0,0,0,0,0,0,0,0,0
אִשׁרוּר,0,0,0,0,0,0,0,0,0,0
לְאַשׁרֵר,0,0,0,0,0,0,0,0,0,1
דֵרוּג,1,0,0,1,0,1,0,1,0,0
יַחַס,0,0,0,0,0,0,0,0,0,0
מָנָה,0,0,0,0,0,0,0,0,0,0
רַצִיוֹנָלִי,0,0,0,0,0,0,1,0,0,1
רציונל,0,0,0,0,0,0,0,0,0,0
רַצִיוֹנָלִיזם,0,0,0,0,0,0,0,0,0,0
רַצִיוֹנָלִיוּת,0,0,0,0,0,0,0,0,0,0
קש,0,0,0,0,0,0,0,0,0,0
טִרטוּר,0,0,0,0,0,0,0,0,0,0
אֶפעֶה,0,0,0,1,0,0,0,0,0,0
צָרוּד,0,0,0,0,0,1,0,0,0,0
לְהִשְׁתוֹלֵל,1,0,1,0,1,1,1,0,1,1
עוֹרֵב,0,0,0,0,0,0,0,0,0,0
מוּרעָב,1,0,0,1,0,1,0,1,0,0
גַיא,0,0,0,1,0,0,0,0,0,0
מִשׁתוֹלֵל,1,1,0,1,1,1,0,0,1,0
עור גולמי,0,0,0,0,0,0,0,0,0,0
קֶרֶן,0,0,0,0,0,0,0,0,0,0
סכין גילוח,0,0,0,1,0,0,0,0,0,0
לְהַגִיעַ,0,0,0,0,0,0,0,0,0,0
לְהָגִיב,1,0,0,1,0,0,0,0,0,0
רֵיאַקצִיוֹנֶר,0,0,0,0,0,1,0,0,0,0
לקרוא,0,0,0,0,0,0,0,0,0,0
קוֹרֵא,0,0,0,0,0,0,1,0,0,0
קְהַל הַקוֹראִים,0,0,0,0,0,0,0,0,0,0
לְלֹא קוֹשִׁי,0,0,0,0,0,0,1,0,0,0
נְכוֹנוּת,0,1,0,0,1,0,1,0,0,1
קריאה,0,0,0,0,0,0,1,0,0,0
התאמה מחדש,0,0,0,0,0,0,0,0,0,0
מוּכָן,0,1,0,0,0,0,0,0,0,0
לַחֲזוֹר וְלְאַשֵׁר,0,0,0,0,0,0,1,0,0,0
מֵגִיב,0,0,0,0,0,0,0,0,0,0
אמיתי,0,0,0,0,0,0,1,0,0,1
רֵיאָלִיזם,0,0,0,0,0,0,0,0,0,0
מְצִיאוּתִי,0,0,0,0,0,0,0,0,0,0
מְצִיאוּת,0,0,0,0,0,0,0,0,0,0
תְחוּם,0,0,0,0,0,0,0,0,0,0
מְקַרקְעִין,0,0,0,0,0,0,0,0,0,0
לְקַדֵד,0,0,0,0,0,0,0,0,0,0
לִקצוֹר,0,0,0,0,0,0,0,0,0,0
להופיע שוב,0,0,0,0,0,0,0,0,1,0
חלק אחורי,0,0,0,0,0,1,0,0,0,0
לסדר מחדש,0,0,0,0,0,0,0,0,0,0
סידור מחדש,0,0,0,0,0,0,0,0,0,0
סיבה,0,0,0,0,0,0,1,0,0,0
סבירות,0,0,0,0,0,0,0,0,0,0
הַנמָקָה,0,0,0,0,0,0,0,0,0,0
סיבות,0,0,0,0,0,0,0,0,0,0
להרכיב מחדש,0,0,0,0,0,0,0,0,0,0
ביטחון,0,0,0,0,0,0,1,0,0,1
לְהַרְגִיעַ,0,0,0,0,0,0,1,0,0,1
הרגיע,0,0,0,0,0,0,0,0,0,0
מרגיע,0,0,0,0,0,0,0,0,0,0
הֲנָחָה,0,0,0,0,0,0,1,0,0,0
לִמְרוֹד,1,0,0,1,0,1,0,0,0,0
מֶרֶד,1,0,1,1,0,0,0,0,0,0
נולד מחדש,0,0,0,0,0,0,0,0,0,0
כדור חוזר,0,0,0,0,0,0,0,0,0,0
לִבנוֹת מִחָדָשׁ,0,0,0,0,0,0,0,0,0,0
לִנְזוֹף,0,0,0,0,0,1,0,0,0,0
לְהַפְרִיך,0,0,0,0,0,1,0,0,0,0
סָרְבָנִי,1,0,1,0,0,1,0,0,0,0
לִזכּוֹר,0,0,0,0,0,0,0,0,0,0
לִבנוֹת מִחָדָשׁ,0,0,0,0,0,0,1,0,0,0
לָסֶגֶת,0,0,0,0,0,0,0,0,0,0
נסוג,0,0,0,0,0,0,0,0,0,0
קַבָּלָה,0,0,0,0,0,0,0,0,0,0
קבלות,0,0,0,0,0,0,0,0,0,0
קיבלו,0,0,0,0,0,0,1,0,0,0
מַקְלֵט,0,0,0,0,0,0,0,0,0,0
קבלה,0,1,0,0,1,0,1,0,1,0
לאחרונה,0,0,0,0,0,0,0,0,0,0
כלי קיבול,0,0,0,0,0,0,0,0,0,0
קבלה,0,0,0,0,0,0,0,0,0,0
פגרה,0,0,0,0,0,0,0,0,0,0
שקעים,0,0,0,1,0,0,0,0,0,0
שֵׁפֶל,1,0,1,1,0,1,0,1,0,0
מְשׁוּכלָל וְנָדִיר,0,0,0,0,0,0,1,0,0,0
הִשָׁנוּת,1,0,1,0,0,1,0,1,0,0
מתכון,0,0,0,0,0,0,0,0,0,0
מקבל,0,1,0,0,0,0,0,0,0,0
הֲדָדִי,0,0,0,0,0,0,0,0,0,0
לִגמוֹל,0,0,0,0,0,0,1,0,0,0
הֲדָדִיוּת,0,0,0,0,0,0,0,0,0,0
קונצרט,0,0,0,0,0,0,0,0,0,0
דִקלוּם,0,0,0,0,0,0,0,0,0,0
לְדַקלֵם,0,0,0,0,0,0,0,0,0,0
לֹא זָהִיר,1,0,0,1,0,1,0,0,0,0
פזיזות,1,0,1,1,0,1,0,0,1,0
חשבון נפש,0,0,0,0,0,0,0,0,0,0
טִיוּב,0,0,0,0,0,0,1,0,0,0
לְהִשָׁעֵן,0,0,0,0,0,0,1,0,0,1
מִתבּוֹדֵד,0,0,0,0,0,0,0,0,0,0
הַכָּרָה,0,0,0,0,0,0,0,0,0,0
ניתן לזיהוי,0,1,0,0,0,0,1,0,0,0
מוּכָּר,0,0,0,0,0,0,0,0,0,0
רתע,0,0,0,0,0,0,0,0,0,0
לִזכּוֹר,0,0,0,0,0,0,0,0,0,0
זְכִירָה,0,0,0,0,0,0,0,0,0,0
רקומביננטי,0,0,0,0,0,0,0,0,0,0
ריקומבינציה,0,1,0,0,0,0,0,0,0,0
לְהַמלִיץ,0,0,0,0,0,0,1,0,0,1
המלצה,0,0,0,0,0,0,0,0,0,0
תַגמוּל,0,0,0,0,0,0,0,0,0,0
ליישב,0,0,0,0,0,0,0,0,0,0
פִּיוּס,0,1,0,0,1,0,1,0,0,1
סִיוּר,0,0,0,0,0,0,0,0,0,0
לִשְׁקוֹל שׁוּב,0,0,0,0,0,0,0,0,0,0
שיקול מחדש,0,0,0,0,0,0,1,0,0,1
בנייה מחדש,0,0,0,0,0,0,0,0,0,0
לְשַׁחְזֵר,0,1,0,0,0,0,1,0,0,0
שִׁחזוּר,0,1,0,0,0,0,1,0,0,0
תקליט,0,0,0,0,0,0,0,0,0,0
מַקלִיט,0,0,0,0,0,0,1,0,0,0
הקלטה,0,0,0,0,0,0,0,0,0,0
לְסַפֵּר,0,0,0,0,0,0,0,0,0,0
לְקַבֵּל בְּחַזָרָה,0,0,0,0,0,0,1,0,0,0
פְּנִיָה,0,0,0,0,0,0,0,0,0,0
ניתן לשחזר,0,0,0,0,0,0,0,0,0,0
התאוששות,0,0,0,0,0,0,1,0,0,0
נוֹפֶשׁ,0,1,0,0,1,0,1,0,0,0
פנאי,0,1,0,0,1,0,1,0,0,0
לגיס,0,0,0,0,0,0,0,0,0,0
גיוס עובדים,0,0,0,0,0,0,0,0,0,0
מתגייסים,0,0,0,0,0,0,0,0,0,1
מַלבֵּן,0,0,0,0,0,0,0,0,0,0
מַלבֵּנִי,0,0,0,0,0,0,0,0,0,0
יִשׁוּר,0,0,0,0,0,0,0,0,0,0
לְתַקֵן,0,0,0,0,0,0,1,0,0,0
רֶקטוֹר,0,0,0,0,0,0,0,0,0,0
כומר,0,0,0,0,0,0,0,0,0,0
שַׂרוּעַ,0,0,0,0,0,0,0,0,0,0
הַברָאָה,0,0,0,0,0,0,0,0,0,0
לְהִתְרַחֵשׁ שֵׁנִית,0,0,0,0,0,0,0,0,0,0
הִשָׁנוּת,0,0,0,0,0,0,0,0,0,0
חוזר ונשנה,0,1,0,0,0,0,0,0,0,0
מַחזוֹרִי,0,0,0,0,0,0,0,0,0,0
רקורסיה,0,0,0,0,0,0,0,0,0,0
רקורסיבי,0,0,0,0,0,0,0,0,0,0
באופן רקורסיבי,0,0,0,0,0,0,0,0,0,0
אָדוֹם,0,0,0,0,0,0,0,0,0,0
אֲדַמדַם,0,0,0,0,0,0,0,0,0,0
גְאוּלָה,0,0,0,0,0,0,1,0,0,0
אוֹדֶם,0,0,0,0,0,0,0,0,0,0
לְתַקֵן,0,0,0,0,0,0,1,0,0,0
מוּפחָת,0,0,0,0,0,0,0,0,0,0
צִמצוּם,0,0,0,0,0,0,0,0,0,0
יתירות,0,0,0,0,0,0,0,0,0,0
מיותר,0,0,0,0,0,1,0,0,0,0
קנה סוף,0,0,0,0,0,0,0,0,0,0
שׁוּנִית,0,0,0,0,0,0,0,0,0,0
שוניות,0,0,0,0,0,0,0,0,0,0
סְלִיל,0,0,0,0,0,0,0,0,0,0
לְהַקִים מִחָדָשׁ,0,0,0,0,0,0,0,0,0,0
שׁוֹפֵט,0,0,0,0,0,0,0,0,0,1
התייחסות,0,0,0,0,0,0,0,0,0,0
משאל עם,0,0,0,0,0,0,0,0,0,0
לעדן,0,0,0,0,0,0,1,0,0,0
עֲדִינוּת,0,0,0,0,0,0,1,0,0,0
בֵּית זִקוּק,0,0,0,0,0,0,0,0,0,0
זיקוק,0,0,0,0,0,0,0,0,0,0
לְשַׁפֵּץ,0,0,0,0,0,0,0,0,0,0
משקף,0,0,0,0,0,0,0,0,0,0
משקף,0,0,0,0,0,0,0,0,0,0
הִשׁתַקְפוּת,0,0,0,0,0,0,0,0,0,0
מחזיר אור,0,0,0,0,0,0,0,0,0,0
מַחֲזִירוֹר,0,0,0,0,0,0,0,0,0,0
רֶפלֶקס,0,0,0,0,0,0,0,0,1,0
ריפלוקס,0,0,1,0,0,1,0,0,0,0
רֵפוֹרמָה,0,0,0,0,0,0,1,0,0,0
רֵפוֹרמָצִיָה,0,0,0,0,0,0,1,0,0,0
מְתַקֵן,0,0,0,0,0,0,1,0,0,0
שבירה,0,0,0,0,0,0,0,0,0,0
רפרקטור,0,0,0,0,0,0,0,0,0,0
עַקשָׁן,0,0,0,0,0,1,0,0,0,0
לְהִמָנַע,0,0,0,0,0,0,0,0,0,0
הימנעות,0,0,0,0,0,0,0,0,0,0
מְרַעֲנֵן,0,0,0,0,0,0,1,0,0,0
לְקַרֵר,0,0,0,0,0,0,0,0,0,0
קֵרוּר,0,0,0,0,0,0,0,0,0,0
מְקָרֵר,0,0,0,0,0,0,0,0,0,0
מקלט,0,0,0,0,0,0,0,0,0,0
פָּלִיט,0,0,0,0,0,0,0,1,0,0
הֶחזֵר,0,0,0,0,0,0,0,0,0,0
לְחַדֵשׁ,0,0,0,0,0,0,1,0,0,0
סֵרוּב,0,0,0,0,0,1,0,0,0,0
מסרב,0,0,0,0,0,1,0,0,0,0
סירב,0,0,0,0,0,1,0,1,0,0
מְסַרֵב,0,0,0,0,0,0,0,0,0,0
הַפרָכָה,0,0,0,1,0,0,0,0,0,0
לְהַפְרִיך,0,0,0,0,0,0,0,0,0,0
לְקַבֵּל בְּחַזָרָה,0,0,0,0,0,0,0,0,0,0
מַלכּוּתִי,0,0,0,0,0,0,1,0,0,1
סִימָנֵי מָלכּוּת,0,0,0,0,0,0,0,0,0,0
תַחֲרוּת שַׂיִט,0,1,0,0,0,0,0,0,0,0
עוֹצְרוּת,0,0,0,0,0,0,0,0,0,0
לְהִתְחַדֵשׁ,0,0,0,0,0,0,0,0,0,0
הִתחַדְשׁוּת,0,0,0,0,0,0,0,0,0,0
יוֹרֵשׁ עֶצֶר,0,0,0,0,0,0,1,0,0,1
מִשׁטָר,0,0,0,0,0,0,0,0,0,0
מִשׁטָר,0,0,0,0,0,0,0,0,0,0
גְדוּד,0,0,0,1,0,0,0,0,0,0
אזור,0,0,0,0,0,0,0,0,0,0
אֵזוֹרִי,0,0,0,0,0,0,0,0,0,0
אזוריות,0,0,0,0,0,0,0,0,0,0
הירשם,0,0,0,0,0,0,0,0,0,0
רַשָׁם,0,0,0,0,0,0,0,0,0,0
הַרשָׁמָה,0,0,0,0,0,0,0,0,0,0
הרישום,0,0,0,0,0,0,0,0,0,1
לָסֶגֶת,0,0,0,0,0,1,0,0,0,0
נְסִיגָה,0,0,0,0,0,1,0,0,0,0
רָגרֶסִיבִי,0,0,0,0,0,1,1,0,0,0
חֲרָטָה,0,0,0,0,0,1,0,1,0,0
מְצַעֵר,0,0,0,0,0,1,0,1,0,0
התחרט,0,0,0,0,0,1,0,1,0,0
מתחרט,0,0,0,0,0,1,0,1,0,0
רגיל,0,0,0,0,0,0,0,0,0,0
סְדִירוּת,0,1,0,0,0,0,1,0,0,1
קבועים,0,0,0,0,0,0,0,0,0,0
לְהַסדִיר,0,0,0,0,0,0,1,0,0,0
מוסדר,0,0,0,0,0,0,0,0,0,0
תַקָנָה,0,0,0,0,0,0,0,0,0,0
רגולטורים,0,0,0,1,0,1,0,0,0,0
רגורגיטציה,0,0,1,0,0,0,0,0,0,0
לְשַׁקֵם,0,0,0,0,0,0,1,0,0,0
שיקום,0,1,0,0,0,0,1,0,0,0
חֲזָרָה,0,0,0,0,0,0,0,0,0,0
לִמְלוֹך,0,0,0,0,0,0,0,0,0,0
להחזיר,0,0,0,0,0,0,1,0,0,0
החזר,0,0,0,0,0,0,1,0,0,1
לְרַסֵן,0,0,0,0,0,1,0,0,0,0
אַיָל,0,0,0,0,0,0,0,0,0,0
לתגבר,0,0,0,0,0,0,0,0,0,0
תִגבּוֹרֶת,0,0,0,0,0,0,1,0,0,1
חיזוקים,0,0,0,0,0,0,0,0,0,1
מושכות,0,0,0,0,0,0,0,0,0,0
התקן מחדש,0,0,0,0,0,0,0,0,0,0
להחזיר,0,0,0,0,0,0,1,0,0,0
החזרה לתפקיד,0,0,0,0,0,0,0,0,0,0
להשקיע מחדש,0,0,0,0,0,0,0,0,0,0
השקעה מחדש,0,0,0,0,0,0,0,0,0,0
לחזור ולהדגיש,0,0,0,0,0,0,0,0,0,0
לִדחוֹת,1,0,0,1,0,1,0,1,0,0
נִדחֶה,0,0,0,0,0,1,0,0,0,0
דְחִיָה,1,0,1,1,0,1,0,1,0,0
דוחה,1,0,0,1,0,1,0,1,0,0
לִשְׂמוֹחַ,0,1,0,0,1,0,1,0,1,1
צָהֳלָה,0,1,0,0,1,0,1,0,1,0
לָשׁוּב וֵלְהִצְטַרֵף,0,0,0,0,0,0,0,0,0,0
לְהַצְעִיר,0,0,0,0,0,0,1,0,0,0
התחדשה,0,0,0,0,0,0,1,0,0,0
להצית מחדש,0,1,0,1,1,1,1,0,1,0
לְהָרֵע,0,0,0,1,0,1,0,1,0,0
לְסַפֵּר,0,0,0,0,0,0,0,0,0,0
קָשׁוּר,0,0,0,0,0,0,0,0,0,1
יַחַס,0,0,0,0,0,0,0,0,0,0
מערכת יחסים,0,0,0,0,0,0,0,0,0,0
קרוב משפחה,0,0,0,0,0,0,0,0,0,1
תוֹרַת הָיַחֲסוּת,0,0,0,0,0,0,0,0,0,0
מרגיע,0,0,0,0,0,0,0,0,0,0
הַרפָּיָה,0,0,0,0,0,0,1,0,0,0
רָגוּעַ,0,0,0,0,0,0,0,0,0,0
ממסר,0,0,0,0,0,0,0,0,0,0
לְשַׁחְרֵר,0,0,0,0,0,0,0,0,0,0
מְשׁוּחרָר,0,0,0,0,0,0,0,0,0,0
הוֹרָדָה בְּדַרגָה,0,0,0,0,0,1,0,0,0,0
רלוונטיות,0,0,0,0,0,0,0,0,0,0
רלוונטי,0,0,0,0,0,0,1,0,0,1
מהימנות,0,0,0,0,0,0,1,0,0,1
אָמִין,0,0,0,0,0,0,1,0,0,1
הסתמכות,0,0,0,0,0,0,1,0,0,1
שָׂרִיד מְקוּדָשׁ,0,0,0,0,0,0,0,0,0,0
שרידים,0,0,0,0,0,0,0,1,0,0
הֲקָלָה,0,0,0,0,0,0,1,0,0,0
מקלה,0,0,0,0,0,0,1,0,0,0
דָת,0,0,0,0,0,0,0,0,0,1
דָתִי,0,0,0,0,0,0,0,0,0,0
לִנְטוֹשׁ,0,0,0,0,0,1,0,0,0,0
הנאה,0,0,0,0,0,0,0,0,0,0
אִי רָצוֹן,0,0,0,0,0,0,0,0,0,0
מסרב,0,0,0,1,0,1,0,0,0,0
היתרה,0,0,0,0,0,0,0,0,0,0
נוֹתָר,0,0,0,0,0,0,0,0,0,0
שְׂרִידִים,0,0,1,1,0,1,1,0,0,1
מַהֲדוּרָה מְחוּדֶשֶׁת,0,0,0,0,0,0,1,0,0,0
הַאֲרָכַת מַעְצָר,1,0,0,0,0,1,0,0,0,0
הֶעָרָה,0,0,0,0,0,0,0,0,0,0
ראוי לציון,0,0,0,0,1,0,1,0,1,1
להפליא,0,0,0,0,0,0,1,0,0,0
מְרַפֵּא,0,0,0,0,0,1,0,0,0,0
תְרוּפָה,0,1,0,0,1,0,1,0,0,1
זכור,0,0,0,0,0,0,0,0,0,0
נזכר,0,0,0,0,0,0,0,0,0,0
לזכור,0,0,0,0,0,0,0,0,0,0
זֵכֶר,0,0,0,0,0,0,0,0,0,0
לְהַזכִּיר,0,0,0,0,0,0,0,0,0,0
תִזכּוֹרֶת,0,0,0,0,0,0,0,0,0,0
רַשְׁלָנִי,1,0,1,0,0,1,0,1,0,0
הֲפוּגָה,0,0,0,0,0,0,1,0,0,0
מטלה,0,0,0,0,0,0,0,0,0,0
מִשׁלוֹחַ,0,0,0,0,0,0,0,0,0,0
שָׂרִיד,0,0,0,0,0,0,0,0,0,0
לשפץ,0,0,0,0,0,0,1,0,0,0
חרטה,0,0,0,0,0,1,0,1,0,0
מְרוּחָק,0,0,0,0,0,0,0,0,0,0
ריחוק,0,0,0,0,0,0,0,0,0,0
הֲסָרָה,0,0,0,0,0,1,0,0,0,0
לְהַסִיר,1,0,0,1,0,1,0,1,0,0
שָׂכָר,0,0,0,0,0,0,0,0,0,0
רֵנֵסַנס,0,0,0,0,0,0,1,0,0,0
rencontre,0,0,0,0,0,1,0,0,0,0
לִקְרוֹעַ,0,0,0,0,0,1,0,0,0,0
לְדַקלֵם,0,0,0,0,0,0,1,0,0,0
טִיוּחַ,0,0,0,0,0,0,0,0,0,0
מִפגָשׁ,0,0,0,0,0,0,0,0,0,0
בִּצוּעַ,0,0,0,0,0,0,0,0,0,0
עָרִיק,1,0,0,0,0,1,0,0,0,0
הִתחַדְשׁוּת,0,0,0,0,0,0,1,0,0,0
לְהִתְכַּחֵשׁ,1,0,0,0,0,1,0,0,0,0
לְשַׁפֵּץ,0,1,0,0,0,0,1,0,0,0
מְחוּדָשׁ,0,0,0,0,0,0,0,0,0,0
שיפוץ,0,1,0,0,1,0,1,0,0,0
נודע,0,0,0,0,0,0,1,0,0,0
נודע,0,0,0,0,0,0,1,0,0,0
השכרה,0,0,0,0,0,0,0,0,0,0
השכרה,0,0,0,0,0,0,0,0,0,0
מַשׂכִּיר,0,0,0,0,0,0,0,0,0,0
הִתכַּחֲשׁוּת,0,0,0,0,0,1,0,0,0,0
אִרְגוּן מִחָדָשׁ,0,0,0,0,0,0,0,0,0,0
לְאַרגֵן מֵחָדָשׁ,0,0,0,0,0,0,1,0,0,0
לְתַקֵן,0,0,0,0,0,0,0,0,0,0
פיצוי,0,0,0,0,0,0,1,0,0,1
לְהַחזִיר,1,1,0,0,1,0,1,0,0,1
גְמוּל,0,0,0,0,0,0,0,0,0,0
לבטל,0,0,0,0,0,0,0,0,0,0
חזור,0,0,0,0,0,0,0,0,0,0
חוזר על עצמו,0,0,0,0,0,0,0,0,0,0
שוב ושוב,0,0,0,0,0,0,0,0,0,0
מַהְדֵר,0,0,0,0,0,0,0,0,0,0
דוחה,0,0,1,1,0,1,0,0,0,0
דוֹחֶה,1,0,1,1,0,1,0,0,0,0
דוחה,0,0,1,0,0,1,0,0,0,0
לְהִתְחַרֵט,0,0,0,1,0,0,1,0,0,0
חזרה בתשובה,0,0,0,0,0,0,0,0,0,0
רֶפֶּרטוּאָר,0,0,0,0,0,0,0,0,0,0
רפרטואר,0,0,0,0,0,0,0,0,0,0
חזרה,0,0,0,0,0,0,0,0,0,0
החלף,0,0,0,0,0,0,0,0,0,0
תַחֲלִיף,0,0,0,0,0,0,0,0,0,0
לְחַדֵשׁ מְלַאִי,0,0,0,0,0,0,1,0,0,0
גָדוּשׁ,0,0,0,0,0,0,1,0,0,0
שכפול,0,0,0,0,0,0,0,0,0,0
תשובה,0,0,0,0,0,0,0,0,0,0
להגיש תלונה,0,0,0,0,0,0,0,0,0,0
דיווח,0,0,0,0,0,0,0,0,0,0
כַתָב,0,0,0,0,0,0,1,0,0,1
מְנוֹחָה,0,0,0,0,0,0,1,0,0,0
מיקום מחדש,0,0,0,0,0,0,0,0,0,0
מאגר,0,0,0,0,0,0,0,0,0,0
יִצוּג,0,0,0,0,0,0,0,0,0,0
נציג,0,0,0,0,0,0,0,0,0,0
מיוצג,0,0,0,0,0,0,1,0,0,0
מייצגים,0,1,0,0,0,0,0,0,0,0
לְהַדחִיק,0,0,0,0,0,1,0,1,0,0
עָצוּר,0,0,0,0,0,0,0,0,0,0
הַדחָקָה,0,0,0,1,0,1,0,0,0,0
אַרכָּה,0,0,0,0,0,0,0,0,0,0
לִנְזוֹף,1,0,0,0,0,1,0,0,0,0
הֶדפֵּס,0,0,0,0,0,1,0,0,0,0
תַגמוּל,1,0,0,1,0,1,0,1,0,0
שְׁנַאי,0,0,0,0,0,0,0,0,0,0
תוֹכֵחָה,1,0,1,0,0,1,0,1,0,0
לְשַׁחְזֵר,0,0,0,0,0,0,0,0,0,0
שִׁעתוּק,0,0,0,0,0,0,0,0,0,0
שֶׁל הַרְבִיָה,0,0,0,0,1,0,1,0,0,0
זוֹחֵל,0,0,0,0,0,0,0,0,0,0
רפובליקה,0,0,0,0,0,1,0,0,0,0
רֶפּוּבּלִיקָנִי,0,0,0,0,0,0,0,0,0,0
דחייה,1,0,1,0,0,1,0,0,0,0
דְחִיָה,0,0,1,1,0,1,0,0,0,0
רכישה חוזרת,0,0,0,0,0,0,0,0,0,0
מהימן,0,0,0,0,0,0,1,0,0,1
תדמית,0,0,0,0,0,0,0,0,0,0
מוֹנֵיטִין,0,0,0,0,0,0,0,0,0,0
בַּקָשָׁה,0,0,0,0,0,0,0,0,0,0
אַשׁכָּבָה,0,0,0,0,0,0,0,1,0,0
נדרש,0,0,0,0,0,0,0,0,0,0
דְרִישָׁה,0,0,0,0,0,0,0,0,0,0
נָחוּץ,0,0,0,0,0,0,0,0,0,0
דְרִישָׁה,0,0,0,0,0,0,0,0,0,0
לבטל,0,0,0,0,0,1,0,0,0,0
ביטול,0,0,0,0,0,1,0,0,0,0
לְהַצִיל,0,1,0,0,1,0,1,0,1,1
מחקר,0,0,0,0,0,0,0,0,0,0
כְּרִיתָה,0,0,0,1,0,0,0,0,0,0
דִמיוֹן,0,0,0,0,0,0,0,0,0,0
לִדמוֹת,0,0,0,0,0,0,0,0,0,0
דוֹמֶה,0,0,0,0,0,0,0,0,0,0
לְהִתְרַעֵם,1,0,0,0,0,1,0,0,0,0
מִתרַעֵם,1,0,0,0,0,1,0,0,0,0
טינה,1,0,1,0,0,1,0,1,0,0
הזמנה,0,0,0,0,0,0,0,0,0,0
לְהַזמִין,0,0,0,0,0,0,1,0,0,0
שמורות,0,0,0,0,0,0,0,0,0,0
עתודות,0,0,0,0,0,0,0,0,0,0
מאגר,0,0,0,0,0,0,0,0,0,0
לִשְׁכּוֹן,0,0,0,0,0,0,0,0,0,0
מקום מגורים,0,0,0,0,0,0,0,0,0,0
מגורים,0,0,0,0,0,0,0,0,0,0
תוֹשָׁב,0,0,0,0,0,0,1,0,0,0
שְׂרִידִי,0,0,0,0,0,0,0,0,0,0
מִשׁקָע,0,0,0,0,0,0,0,0,0,0
לְהִתְפַּטֵר,1,0,1,1,0,1,0,1,0,0
התפטרות,0,0,0,0,0,1,0,1,1,0
התפטרתי,0,0,0,0,0,1,0,1,0,0
כּוֹשֵׁר הִתאוֹשְׁשׁוּת,0,0,0,0,0,0,0,0,0,0
מִתאוֹשֵׁשׁ מַהֵר,0,0,0,0,0,0,1,0,0,0
שְׂרָף,0,0,0,0,0,0,0,0,0,0
לְהִתְנַגֵד,0,0,0,0,0,1,0,0,0,0
הִתנַגְדוּת,1,0,0,0,0,1,0,0,0,0
עָמִיד בִּפְנֵי,0,0,0,1,0,1,0,0,0,0
מתנגדים,1,0,0,1,0,1,0,1,0,0
התנגדות,0,0,0,0,0,0,1,0,0,0
תַקִיף,0,0,0,0,0,0,0,0,0,0
בנחישות,0,0,0,0,0,0,1,0,0,0
פתרון הבעיה,0,0,0,0,0,0,0,0,0,0
לִפְתוֹר,0,0,0,0,0,0,0,0,0,0
נפתר,0,0,0,0,0,0,0,0,0,0
תְהוּדָה,0,0,0,0,0,0,0,0,0,0
מְהַדהֵד,0,0,0,0,0,0,0,0,0,0
לְהַדהֵד,0,0,0,0,0,0,0,0,0,0
מָהוֹד,0,0,0,0,0,0,0,0,0,0
אתר נופש,0,0,0,0,0,0,0,0,0,0
צַלצְלָנִי,0,0,0,0,0,0,0,0,0,0
אֶמְצָעִי,0,0,0,0,1,0,1,0,0,1
הערכה,0,1,0,0,1,0,1,0,0,1
הֲגִינוּת,0,0,0,0,0,0,1,0,0,0
מְכוּבָּד,0,0,0,0,0,0,1,0,0,1
נִכבָּד,0,0,0,0,0,0,0,0,0,0
רוֹחֵשׁ כָּבוֹד,0,0,0,0,0,0,1,0,0,1
מכבדים,0,0,0,0,0,0,1,0,0,0
בהתאמה,0,0,0,0,0,0,0,0,0,0
מכבדים,0,0,0,0,0,0,1,0,0,1
נשימה,0,0,0,0,0,0,0,0,0,0
מַנשִׁים,0,0,0,0,0,0,0,0,0,0
הֲפוּגָה,0,0,0,0,1,0,1,0,0,1
זוֹרֵחַ,0,0,0,0,1,0,1,0,0,0
לְהָגִיב,0,0,0,0,0,0,0,0,0,0
משיב,0,0,0,0,0,0,0,0,0,0
תְגוּבָה,0,0,0,0,0,0,0,0,0,0
אַחֲרָיוּת,0,0,0,0,0,0,0,0,0,0
אחראי,0,0,0,0,0,0,1,0,0,1
מגיב,0,1,0,0,0,0,1,0,0,1
מנוחה,0,0,0,0,0,0,1,0,0,0
מִסעָדָה,0,0,0,0,0,0,0,0,0,0
מַרגִיעַ,0,0,0,0,0,0,1,0,0,0
הַחזָרָה,1,0,0,0,0,0,1,0,0,0
אי שקט,0,1,0,0,0,0,0,0,0,0
שִׁחזוּר,0,0,0,0,0,0,0,0,0,0
מַברִיא,0,1,0,0,1,0,1,0,0,1
מְשׁוּחזָר,0,0,0,0,0,0,0,0,0,0
משחזר,0,0,0,0,0,0,1,0,0,0
לְרַסֵן,1,0,0,1,0,1,0,0,0,0
מרוסן,0,0,0,1,0,0,0,0,0,0
הַבלָגָה,0,0,0,0,0,0,1,0,0,0
לְהַגבִּיל,0,0,0,0,0,1,0,1,0,0
מוגבל,0,0,0,0,0,0,0,0,0,0
הַגבָּלָה,1,0,0,1,0,1,0,1,0,0
מַגְבִּיל,0,0,0,0,0,1,0,0,0,0
תוֹצָאָה,0,1,0,0,0,0,0,0,0,0
כתוצאה מכך,0,1,0,0,0,0,0,0,0,0
חידוש,0,0,0,0,0,0,1,0,0,0
תְקוּמָה,0,0,0,0,0,0,0,0,0,0
הַחיָאָה,0,0,0,0,0,0,0,0,0,0
קמעונאות,0,0,0,0,0,0,0,0,0,0
קִמעוֹנַאִי,0,0,0,0,0,0,0,0,0,0
לִשְׁמוֹר,0,0,0,0,0,0,0,0,0,1
שמירה,0,0,0,0,0,0,0,0,0,0
לְצַלֵם שׁוּב,0,0,0,0,0,0,0,0,0,0
לִנְקוֹם,1,0,0,0,0,1,0,0,0,0
נְקָמָה,1,0,0,1,0,1,0,0,0,0
תגמול,1,0,0,0,0,1,0,0,0,0
לְעַכֵּב,0,0,1,1,0,1,0,1,0,0
פיגור,0,0,0,0,0,1,0,0,0,0
הַחזָקָה,0,0,0,0,0,0,1,0,0,0
שומר,0,0,0,0,0,0,0,0,0,0
מְאוּפָּק,0,0,0,1,0,1,0,0,0,0
רִשׁתִית,0,0,0,0,0,0,0,0,0,0
פרש,0,0,0,0,0,0,0,0,0,0
פרישה לגמלאות,0,1,0,1,1,1,1,1,0,1
פורש לגמלאות,0,0,0,0,0,0,0,0,0,0
מסופר מחדש,0,0,0,0,0,0,0,0,0,0
אַבִּיק,0,0,0,0,0,1,0,0,0,0
לַחֲזוֹר עַל עִקבוֹתָיו,0,0,0,0,0,0,0,0,0,0
לָסֶגֶת,1,0,0,0,0,1,0,0,0,0
הִתכַּחֲשׁוּת,0,0,0,0,0,1,0,0,0,0
חַסְכָנוּת,0,0,0,1,0,1,0,0,0,0
גְמוּל,1,0,0,1,0,1,0,1,0,0
שְׁלִיפָה,0,0,0,0,0,0,0,0,0,0
להחזיר,0,0,0,0,0,0,0,0,0,0
מחזיר,0,0,0,0,0,0,0,0,0,0
רֶטרוֹאַקטִיבִי,0,0,0,0,0,0,0,0,0,0
מְדַרדֵר,0,0,0,0,0,1,0,0,0,0
בדיעבד,0,0,0,0,0,0,0,0,0,0
רֶטרוֹספֶּקטִיבִי,0,0,0,0,0,0,0,0,0,0
לְמַפרֵעַ,0,0,0,0,0,0,0,0,0,0
לַחֲזוֹר,0,0,0,0,0,0,0,0,0,0
איחוד,0,1,0,0,0,0,1,0,0,1
לְגַלוֹת,0,0,0,0,0,0,0,0,0,0
מַרזֵחַ,0,0,0,0,1,0,1,0,0,0
הִתגַלוּת,0,0,0,0,0,0,0,0,0,0
מתהוללים,0,0,0,0,1,0,1,0,0,0
נְקָמָה,1,1,0,1,0,1,0,0,1,0
הַכנָסָה,0,0,0,0,0,0,0,0,0,0
הִדהוּד,0,0,0,0,0,0,0,0,0,0
לְהַעֲרִיץ,0,1,0,0,1,0,1,0,0,1
יִראַת כָּבוֹד,0,0,0,0,1,0,1,0,0,1
כּוֹמֶר,0,0,0,0,1,0,1,0,0,0
יָרֵא שָׁמַיִם,0,0,0,0,0,0,0,0,0,0
חֲלוֹם בְּהָקִיץ,0,0,0,0,1,0,1,0,0,1
הִתְהַפְּכוּת,1,0,1,0,0,1,0,0,1,0
לַהֲפוֹך,0,0,0,0,0,0,0,0,0,0
חֲזָרָה,0,0,0,0,0,0,0,0,0,0
לַחֲזוֹר,0,0,0,0,0,0,0,0,0,0
חוזר,0,0,0,0,0,0,0,0,0,0
סקירה,0,0,0,0,0,0,0,0,0,0
סוקר,0,0,0,0,0,0,0,0,0,0
לְשַׁנוֹת,0,0,0,0,0,0,1,0,0,0
עדכון,0,0,0,0,0,0,0,0,0,0
לבקר מחדש,0,0,0,0,0,0,0,0,0,0
הִתחַדְשׁוּת,0,1,0,0,1,0,1,0,0,1
לְהַחִיוֹת,0,1,0,0,0,1,1,0,0,0
פסילה,0,0,0,0,0,1,0,0,0,0
לְבַטֵל,1,0,1,1,0,1,0,1,0,0
מֶרֶד,1,0,0,0,0,1,0,0,1,0
מַגְעִיל,1,0,1,1,0,1,0,0,0,0
מַהְפֵּכָה,1,1,0,1,0,1,1,1,1,0
מַהְפֵּכָנִי,0,0,0,0,0,0,1,0,0,0
לְחוֹלֵל מַהְפֵּכָה,0,0,0,0,0,0,0,0,0,0
סובב,0,0,0,0,0,0,0,0,0,0
אֶקדָח תוּפִּי,1,0,0,1,0,1,0,1,0,0
סְלִידָה,1,0,1,1,0,1,0,0,0,0
פרס,0,1,0,0,1,0,1,0,1,1
רֵטוֹרִיקָה,0,0,0,0,0,0,0,0,0,0
רֵטוֹרִי,0,0,0,0,0,0,0,0,0,0
שִׁגָרוֹן,1,0,0,1,0,1,0,1,0,0
חרוז,0,0,0,0,0,0,0,0,0,0
מתחרז,0,0,0,0,0,0,0,0,0,0
קֶצֶב,0,0,0,0,0,0,1,0,0,0
קָצוּב,0,0,0,0,1,0,1,0,1,0
צֵלָע,0,0,0,0,0,0,0,0,0,0
מְצוּלָע,0,0,0,0,0,0,0,0,0,0
סֶרֶט,1,1,0,0,1,0,1,0,0,0
אורז,0,0,0,0,0,0,0,0,0,0
עוֹשֶׁר,0,0,0,0,0,0,0,0,0,0
עוֹשֶׁר,0,0,0,0,0,0,1,0,0,0
ריק,0,0,0,0,0,0,0,0,0,0
רָעוּעַ,0,0,0,0,0,1,0,0,0,0
לְשַׁחְרֵר,0,0,0,0,0,0,0,0,0,0
הפרדה,0,0,0,0,0,0,0,0,0,0
חִידָה,0,0,0,0,0,0,0,0,1,0
חידות,0,0,0,0,0,1,0,0,0,0
נסיעה,0,0,0,0,0,0,0,0,0,0
רוכב,0,0,0,0,0,0,1,0,0,0
רֶכֶס,0,0,0,0,0,0,0,0,0,0
לַעַג,1,0,1,0,0,1,0,1,0,0
מְגוּחָך,1,0,1,0,0,1,0,0,0,0
רכיבה,0,0,0,0,0,0,0,0,0,0
שופעת,0,0,0,0,0,1,0,0,0,0
רובה,1,0,0,1,0,1,0,0,0,0
רובים,0,0,0,0,0,0,0,0,0,0
קֶרַע,0,0,0,0,0,1,0,0,0,0
לבוש,0,0,0,0,0,0,0,0,0,0
חִבלוּל,0,0,0,0,0,0,0,0,0,0
צַדִיק,0,0,0,0,0,0,1,0,0,0
צודק,0,0,0,0,0,0,1,0,0,0
בצדק,0,0,0,0,0,0,1,0,0,0
נוקשה,0,0,0,0,0,1,0,0,0,0
קְשִׁיחוּת,0,0,0,0,0,1,0,0,0,0
הַקפָּדָה,0,0,1,1,0,1,0,0,0,0
קַפְּדָנִי,0,0,0,0,0,1,0,0,0,0
שפה,0,0,0,0,0,0,0,0,0,0
קְרוּם,0,0,0,0,0,0,0,0,0,0
טַבַּעַת,0,0,0,0,0,0,0,0,0,0
מצלצל,1,0,0,0,0,1,0,0,0,0
צִלצוּל,0,0,0,0,0,0,0,0,0,0
משטח החלקה,0,0,0,0,0,0,0,0,0,0
לִשְׁטוֹף,0,0,0,0,0,0,0,0,0,0
הִתפָּרְעוּת,1,0,0,1,0,1,0,0,0,0
פָּרוּעַ,1,0,0,1,0,1,0,0,1,0
גדות,0,0,0,0,0,0,0,0,0,0
בָּשֵׁל,0,0,0,0,0,0,1,0,0,0
לְהַבשִׁיל,0,1,0,0,0,0,1,0,0,0
הַבשָׁלָה,0,0,0,0,0,0,0,0,0,0
אַדְוָה,0,0,0,0,0,0,0,0,0,0
לעלות,0,0,0,0,0,0,0,0,0,0
עוֹלֶה,0,1,0,0,1,0,1,0,0,0
לְהִסְתָכֵּן,0,1,0,1,0,1,0,0,0,0
מְסוּכָּן,0,1,0,1,0,1,0,0,0,0
טקס,0,0,0,0,0,0,0,0,0,0
פּוּלחָן,0,0,0,0,0,0,0,0,0,0
פולחני,0,0,0,0,0,0,0,0,0,0
לְהִתְחַרוֹת,0,0,0,0,0,0,0,0,0,0
יְרִיבוּת,1,0,0,0,0,1,0,0,0,0
נהר,0,0,0,0,0,0,0,0,0,0
גדת נהר,0,0,0,0,0,0,0,0,0,0
מְסַמֶרֶת,0,0,0,0,0,0,0,0,0,0
מְסוּמרָר,0,0,0,0,0,0,0,0,0,0
סִמרוּר,0,0,0,0,0,0,1,0,0,0
כְּבִישׁ,0,0,0,0,0,0,0,0,0,0
כבישים,0,0,0,0,0,0,0,0,0,0
מְכוֹנִית פְּתוּחָה,0,0,0,0,1,0,1,0,0,1
כביש,0,0,0,0,0,0,0,0,0,0
לִנְדוֹד,0,0,0,0,0,0,0,0,0,0
שְׁאָגָה,0,0,0,0,0,0,0,0,0,0
צָלִי,0,0,0,0,0,0,0,0,0,0
לִשְׁדוֹד,1,0,1,1,0,1,0,1,0,0
שׁוֹדֵד,0,0,1,1,0,1,0,0,0,0
שׁוֹד,1,0,1,1,0,1,0,1,0,0
חלוק,0,0,0,0,0,0,0,0,0,0
רוֹבּוֹט,0,0,0,0,0,0,0,0,0,0
רובוטיקה,0,0,0,0,0,0,0,0,0,0
חָסוֹן,0,0,0,0,0,0,1,0,0,0
roc,0,0,0,0,0,0,0,0,0,0
סלע,0,0,0,0,0,0,1,0,0,0
רָקֵטָה,1,0,0,0,0,0,0,0,0,0
סלעים,0,0,0,0,0,0,0,0,0,0
מוֹט,0,0,0,1,0,0,1,0,0,1
בֵּיצֵי דָגִים,0,0,0,0,0,0,0,0,0,0
נוכל,0,0,1,0,0,1,0,0,0,0
תַפְקִיד,0,0,0,0,0,0,0,0,0,0
גָלִיל,0,0,0,0,0,0,0,0,0,0
מַכבֵּשׁ,0,0,0,0,0,0,0,0,0,0
רולים,0,0,0,0,0,0,0,0,0,0
מתגלגל,0,0,0,0,1,0,1,0,0,0
גִלגוּל,0,0,0,0,0,0,0,0,0,0
רומנטיקה,0,1,0,1,1,0,1,1,1,1
רוֹמַנטִי,0,1,0,0,1,0,1,0,0,1
רוֹמַנטִיקָה,0,0,0,0,1,0,1,0,0,0
לְהִשְׁתוֹבֵב,0,0,0,0,1,0,1,0,0,0
גג,0,0,0,0,0,0,0,0,0,0
צָרִיחַ,1,0,1,0,0,1,0,0,0,0
חֶדֶר,0,0,0,0,0,0,0,0,0,0
מְרוּוָח,0,0,0,0,0,0,0,0,0,0
לוּל,0,0,0,0,0,0,0,0,0,0
תַרְנְגוֹל,0,0,0,0,0,0,0,0,0,0
שורש,0,0,0,0,0,0,0,0,0,0
מוּשׁרָשׁ,0,0,0,0,0,0,1,0,0,1
חֶבֶל,0,0,0,0,0,0,0,0,0,0
מַחְרוֹזֶת תְפִילָה,0,0,0,0,0,0,0,0,0,0
ורד,0,0,0,0,0,0,0,0,0,0
רוזמרין,0,0,0,0,0,0,0,0,0,0
שׁוֹשָׁן,0,0,0,0,0,0,0,0,0,0
לוּחַ תוֹרָנוּיוֹת,0,0,0,0,0,0,0,0,0,0
וָרוֹד,0,0,0,0,0,0,1,0,0,0
רָקָב,0,0,1,1,0,1,0,1,0,0
לוּחַ תוֹרָנוּיוֹת,0,0,0,0,0,0,1,0,0,1
מַחזוֹרִי,0,0,0,0,0,0,0,0,0,0
להתחלף,0,0,0,0,0,0,0,0,0,0
רוֹטַציָה,0,0,0,0,0,0,0,0,0,0
רוט,0,0,0,0,0,0,0,0,0,0
רוטור,0,0,0,0,0,0,0,0,0,0
נרקב,0,0,1,0,0,1,0,0,0,0
סוֹמֶק,0,0,0,0,0,0,0,0,0,0
מְחוּספָּס,0,0,0,0,0,0,0,0,0,0
בְּעֵרֶך,0,0,0,0,0,0,0,0,0,0
חִספּוּס,0,0,0,0,0,1,0,0,0,0
רוּלֶטָה,0,1,0,0,0,0,0,0,0,0
עָגוֹל,0,0,0,0,0,0,0,0,0,0
כיכר תנועה,0,0,0,0,0,0,0,0,0,0
מְעוּגָל,0,0,0,0,0,0,0,0,0,0
מתכנס,0,0,0,0,0,0,0,0,0,0
לְעוֹרֵר,0,0,0,0,0,0,0,0,0,0
עצבני,0,0,0,0,0,0,0,0,0,0
מַלהִיב,0,0,0,0,0,0,0,0,0,0
לִהַבִיס,0,0,0,0,0,1,0,0,0,0
מַסלוּל,0,0,0,0,0,0,0,0,0,0
שגרה,0,0,0,0,0,0,1,0,0,1
נוֹדֵד,0,0,0,0,0,0,0,0,0,0
נְדִידָה,0,0,0,0,0,0,0,0,0,0
שׁוּרָה,1,0,0,0,0,1,0,0,0,0
רַעֲשָׁנִי,0,0,0,0,0,1,0,0,0,0
מלכותי,0,0,0,0,0,0,0,0,0,0
תמלוגים,0,0,0,0,0,0,1,0,0,0
לשפשף,0,0,0,0,0,0,0,0,0,0
גוּמִי,0,0,0,0,0,0,0,0,0,0
גומיות,0,0,0,0,0,0,0,0,0,0
שִׁפשׁוּף,0,0,0,0,0,0,0,0,0,0
זבל,0,0,1,0,0,1,0,0,0,0
שִׁברֵי אָבָנִים,0,0,0,1,0,1,0,1,0,0
כּוֹתֶרֶת,0,0,0,0,0,0,1,0,0,0
אוֹדֶם,0,0,0,0,0,0,0,0,0,0
הֶגֶה,0,0,0,0,0,0,0,0,0,0
אֲדַמדַם,0,0,0,0,0,0,0,0,0,0
רִאשׁוֹנִי,0,0,0,0,0,0,0,0,0,0
יְסוֹדוֹת רִאשׁוֹנִים,0,0,0,0,0,0,0,0,0,0
להצטער,0,0,0,0,0,1,0,1,0,0
ruff,0,0,0,0,0,0,0,0,0,0
לִפְרוֹעַ,0,0,0,0,0,1,0,0,0,0
שָׁטִיחַ,0,0,0,0,0,0,0,0,0,0
מחוספס,0,0,0,0,0,1,0,0,0,0
לַהֲרוֹס,0,0,0,1,0,1,0,1,0,0
הָרוּס,1,0,1,1,0,1,0,1,0,0
הַרסָנִי,1,0,1,1,0,1,0,1,0,0
חורבות,0,0,0,0,0,0,0,0,0,0
כְּלָל,0,0,0,1,0,0,0,0,0,1
סרגל,0,0,0,0,0,0,0,0,0,0
פְּסַק דִין,0,0,0,0,0,0,0,0,0,0
רום,0,0,0,0,0,0,0,0,0,0
לְהַרְעִישׁ,0,0,0,0,0,0,0,0,0,0
לְחַטֵט,0,0,0,0,0,0,0,0,0,0
שְׁמוּעָה,0,0,0,0,0,1,0,1,0,0
שמועות,0,0,0,0,0,0,0,0,0,0
עַכּוּז,0,0,0,0,0,0,0,0,0,0
לברוח,0,0,0,0,0,1,0,1,0,0
רונים,0,0,0,0,0,0,0,0,0,0
שָׁלָב,0,0,0,0,0,0,0,0,0,0
רָץ,0,0,0,0,0,0,0,0,0,0
רץ,0,0,0,0,0,0,0,0,0,0
מסלול המראה,0,0,0,0,0,0,0,0,0,0
קֶרַע,0,0,0,1,0,1,0,1,1,0
כַּפרִי,0,0,0,0,0,0,0,0,0,0
תַחְבּוּלָה,0,0,0,0,0,1,0,0,0,0
לְמַהֵר,0,0,0,0,0,0,0,0,0,0
חֲלוּדָה,0,0,0,0,0,1,0,0,0,0
כַּפרִי,0,0,0,0,0,0,0,0,0,0
רִשׁרוּשׁ,0,0,0,0,0,0,0,0,0,0
חָלוּד,0,0,0,0,0,1,0,0,0,0
שִׁגרָה,0,0,0,0,0,0,0,0,0,0
רות,0,0,0,0,0,0,1,0,0,0
חֲסַר רַחֲמִים,1,0,1,1,0,1,0,0,0,0
שיפון,0,0,0,0,0,0,0,0,0,0
סַיִף,1,0,0,1,0,1,0,0,0,0
צוֹבֶל,0,0,0,0,0,0,0,0,0,0
חַבָּלָה,1,0,1,1,0,1,0,1,1,0
שַׁלפּוּחִית,0,0,0,0,0,0,0,0,0,0
שַׂק,0,0,0,0,0,0,0,0,0,0
טֶקֶס נוֹצרִי,0,0,0,0,0,0,0,0,0,0
קָדוֹשׁ,0,0,0,0,0,0,0,0,0,0
קורבנות,0,0,1,1,0,1,0,1,0,0
אוּכָּף,0,0,0,0,0,0,0,0,0,0
למרבה הצער,0,0,0,0,0,1,0,1,0,0
עֶצֶב,0,0,0,0,0,1,0,1,0,1
בטוח,0,0,0,0,1,0,1,0,0,1
לְהַגֵן,0,0,0,0,0,0,1,0,0,1
שמירה,0,0,0,0,0,0,0,0,0,1
בְּטִיחוּת,0,0,0,0,0,0,0,0,0,0
זעפרן,0,0,0,0,0,0,0,0,0,0
לִשְׁקוֹעַ,0,0,0,1,0,1,0,0,0,0
סָגָה,0,0,0,0,0,0,0,0,0,0
מרווה,0,0,0,0,0,0,1,0,0,1
מפרש,0,0,0,0,0,0,0,0,0,0
שַׁיִט,0,0,0,0,0,0,0,0,0,0
מלח,0,0,0,0,0,0,0,0,0,0
קָדוֹשׁ,0,1,0,0,1,0,1,0,1,1
קָדוֹשׁ,0,1,0,0,1,0,1,0,1,1
סלט,0,0,0,0,0,0,0,0,0,0
סַלָמַנדְרָה,0,0,0,0,0,0,0,0,0,0
שכר,0,1,0,0,1,0,1,0,0,1
מְכִירָה,0,0,0,0,0,0,0,0,0,0
איש מכירות,0,0,0,0,0,0,0,0,0,0
בּוֹלֵט,0,0,0,0,0,0,1,0,0,0
מִלְחִית,0,0,0,0,0,0,0,0,0,0
רוֹק,0,1,0,0,0,0,0,0,0,0
סאלי,0,0,0,0,0,0,0,0,1,0
סָלוֹן,0,0,0,0,0,0,0,0,0,0
מִסְבָּאָה,1,0,0,0,0,0,0,0,0,0
מלח,0,0,0,0,0,0,0,0,0,0
מָלוּחַ,0,0,0,0,0,0,0,0,0,0
מוֹעִיל,0,0,0,0,1,0,1,0,0,1
דִברֵי בְּרָכָה,0,0,0,0,0,0,0,0,0,0
הַצדָעָה,0,0,0,0,1,0,1,0,0,0
לְהַצִיל,0,0,0,0,0,0,0,0,0,0
ישועה,0,1,0,0,1,0,1,0,0,1
מִשְׁחָה,0,0,0,0,0,0,1,0,0,0
סמבה,0,0,0,0,0,0,0,0,0,0
זֶהוּת,0,0,0,0,0,0,0,0,0,0
סמוראי,0,0,0,1,0,0,1,0,0,0
הַקדָשָׁה,0,0,0,0,1,0,1,0,0,1
מְקוּדָשׁ,0,0,0,0,0,0,0,0,0,0
לְקַדֵשׁ,0,1,0,0,1,0,1,1,1,1
סַנקצִיָה,0,0,0,0,0,0,0,0,0,0
הסנקציות,0,0,0,0,0,0,0,0,0,0
קְדוּשָׁה,0,0,0,0,0,0,0,0,0,0
מִקְלָט,0,1,0,0,1,0,1,0,0,1
חוֹל,0,0,0,0,0,0,0,0,0,0
סַנְדָל,0,0,0,0,0,0,0,0,0,0
מַשׁחֵז,0,0,0,0,0,0,0,0,0,0
חולות,0,0,0,0,0,0,0,0,0,0
חוֹלִי,0,0,0,0,0,0,0,0,0,0
שָׁפוּי בְּדַעתוֹ,0,0,0,0,0,0,0,0,0,0
אַדְמוֹנִי,0,0,0,0,0,0,1,0,0,0
תַבְרוּאָתִי,0,0,0,0,0,0,1,0,0,0
שְׁפִיוּת,0,0,0,0,0,0,0,0,0,0
sans,0,0,0,0,0,0,0,0,0,0
לְהַתִישׁ,0,0,0,0,0,1,0,1,0,0
סַפִּיר,0,0,0,0,0,0,0,0,0,0
שׁוֹטֶה,0,0,0,0,0,0,0,0,0,1
סרקזם,1,0,1,0,0,1,0,1,0,0
סרקומה,0,0,0,1,0,1,0,1,0,0
צִינִי,0,0,0,0,0,1,0,0,0,0
אַבנֵט,0,0,0,0,0,0,0,0,0,0
שְׂטָנִי,1,0,0,0,0,1,0,0,0,0
תַרמִיל,0,0,0,0,0,0,0,0,0,0
לְהַשְׂבִיעַ,0,0,0,0,0,0,0,0,0,0
לוויין,0,0,0,0,0,0,0,0,0,0
מֶשִׁי,0,0,0,0,0,0,1,0,0,0
סָאטִירָה,0,0,0,0,0,0,0,0,0,0
סאטירי,0,0,0,0,0,0,0,0,0,0
שביעות רצון,0,0,0,0,0,0,0,0,0,0
באופן משביע רצון,0,0,0,0,0,0,1,0,0,0
שבע רצון,0,0,0,0,1,0,1,0,0,0
לְהַרְווֹת,0,0,0,0,0,0,0,0,0,0
רָווּי,0,0,1,0,0,1,0,0,0,0
רִוּוּי,0,0,0,0,0,0,0,0,0,0
רוטב,0,0,0,0,0,0,0,0,0,0
סִיר,0,0,0,0,0,0,0,0,0,0
צַלַחַת,0,0,0,0,0,0,0,0,0,0
חָצוּף,0,0,0,0,0,0,0,0,0,0
כְּרוּב כָּבוּשׁ,0,0,0,0,0,0,0,0,0,0
סָאוּנָה,0,0,0,0,0,0,0,0,0,0
פרא אדם,1,0,0,1,0,1,0,0,0,0
פִּראוּת,1,0,0,1,0,1,0,0,0,0
סוואנה,0,0,0,0,0,0,0,0,0,0
לשמור,0,0,0,0,1,0,1,0,0,1
חִסָכוֹן,0,0,0,0,0,0,0,0,0,0
חיסכון,0,0,0,0,0,0,1,0,0,0
טַעַם,0,1,1,0,1,0,1,1,0,1
מְתוּבָּל,0,0,0,0,0,0,1,0,0,0
הֲבָנָה,0,0,0,0,0,0,1,0,0,0
נְסוֹרֶת,0,0,0,0,0,0,0,0,0,0
סקסון,0,0,0,0,0,0,0,0,0,0
סַקסוֹפוֹן,0,0,0,0,0,0,0,0,0,0
גֶלֶד,0,0,0,0,0,1,0,0,0,0
נְדָן,0,0,0,0,0,0,0,0,0,0
גַרדוֹם,0,0,0,1,0,1,0,0,0,0
פיגומים,0,0,0,0,0,0,0,0,0,0
סוּלָם,0,0,0,0,0,0,0,0,0,0
מאזניים,0,0,0,0,0,0,0,0,0,0
צדפה,0,0,0,0,0,0,0,0,0,0
קַרקֶפֶת,0,0,0,0,0,0,0,0,0,0
אזמל,0,0,0,1,0,1,0,0,0,0
קַשׂקַשִׂי,0,0,0,0,0,1,0,0,0,0
לִסְרוֹק,0,0,0,0,0,0,0,0,0,0
סקנדל,0,0,0,1,0,1,0,0,0,0
שערורייתי,1,0,0,0,0,1,0,0,0,0
מוּעָט,0,0,0,0,0,1,0,0,0,0
scape,0,0,0,0,0,0,0,0,0,0
שָׂעִיר לַעֲזָאזֵל,1,0,0,1,0,1,0,0,0,0
צַלֶקֶת,1,0,1,1,0,1,0,1,0,0
חִפּוּשִׁית פַּרעֹה,0,0,0,0,0,0,0,0,0,0
נָדִיר,0,0,0,1,0,1,0,1,0,0
כִּמעַט שֶׁלֹא,0,0,0,0,0,1,0,1,0,0
מַחְסוֹר,1,0,0,1,0,1,0,1,0,0
לְהַפחִיד,1,1,0,1,0,1,0,0,1,0
דַחלִיל,0,0,0,1,0,1,1,0,0,0
צָעִיף,0,0,0,0,0,0,0,0,0,0
שני,0,0,0,0,0,0,0,0,0,0
לְפַזֵר,0,0,0,0,0,0,0,0,0,0
מְפוּזָר,0,0,0,0,0,0,0,0,0,0
פִּזוּר,0,0,0,0,0,0,0,0,0,0
זַבָּל,0,0,0,0,0,1,0,0,0,0
סְצֵינָה,0,0,0,0,0,0,0,0,0,0
נוף,0,0,0,0,0,0,0,0,0,0
נוֹפִי,0,0,0,0,0,0,0,0,0,0
רֵיחַ,0,0,0,0,0,0,0,0,0,0
סקֶפְּטִי,0,0,0,0,0,0,0,0,0,1
סַפקָנוּת,0,0,0,0,0,0,0,0,0,0
סכמטי,0,0,0,0,0,0,0,0,0,0
תָכְנִית,0,0,0,0,0,1,0,0,0,0
קֶרַע,1,0,0,0,0,1,0,0,0,0
סכִיזוֹפרֶנִיָה,1,0,1,1,0,1,0,1,0,0
מְלוּמָד,0,0,0,0,0,0,1,0,0,0
מְלוּמָד,0,0,0,0,0,0,0,0,0,0
מילגה,0,0,0,0,1,0,1,0,0,0
בית ספר,0,0,0,0,0,0,0,0,0,1
תלמיד,0,0,0,0,0,0,0,0,0,0
הַשׂכָּלָה,0,0,0,0,0,0,0,0,0,0
מוֹרֶה,0,0,0,0,0,0,0,0,0,0
מִפרָשִׂית,0,0,0,0,0,0,0,0,0,0
נָשִׁית,0,0,0,0,0,1,0,0,0,0
מַדָע,0,0,0,0,0,0,0,0,0,0
מַדָעִי,0,0,0,0,0,0,1,0,0,1
מַדְעָן,0,1,0,0,0,0,1,0,0,1
שְׁבִיב,0,0,0,0,0,0,1,0,0,0
נצנוץ,0,0,0,0,0,0,0,0,0,0
מנצנץ,0,0,0,0,0,0,0,0,0,0
חוֹטֶר,0,0,0,0,0,0,0,0,0,0
מספריים,0,0,0,0,0,0,0,0,0,0
לְלַגלֵג,1,0,1,0,0,1,0,0,0,0
לִנְזוֹף,1,0,1,1,0,1,0,1,0,0
נזיפה,1,0,0,0,0,1,0,0,0,0
סְקוּפּ,0,0,0,0,0,0,0,0,0,0
תְחוּם,0,0,0,0,0,0,0,0,0,0
הִבהוּב,1,0,0,0,0,1,0,0,0,0
ציון,0,1,0,0,1,0,1,0,1,0
ציונים,0,0,0,0,0,0,0,0,0,0
לַעַג,1,0,0,0,0,1,0,0,0,0
עַקרָב,1,0,1,1,0,1,0,0,1,0
סקוֹטשׁ,0,0,0,0,0,1,0,0,0,0
נָבָל,1,0,1,1,0,1,0,0,0,1
לִסְרוֹק,0,0,0,0,0,0,0,0,0,0
שׁוֹט,1,0,0,1,0,1,0,1,0,0
לְגַשֵׁשׁ,0,0,0,0,0,0,0,0,0,0
שבץ נא,0,0,0,0,0,0,0,0,0,0
לִטרוֹף,0,0,0,0,0,0,0,0,0,0
לטרוף,0,0,0,0,0,1,0,0,0,0
לְגַרֵד,0,0,0,0,0,0,0,0,0,0
סקרופי,1,0,0,1,0,1,0,1,0,0
גְרִידָה,0,0,0,0,0,0,0,0,0,0
שריטה,0,0,0,0,0,0,0,0,0,0
לִצְרוֹחַ,1,0,1,1,0,1,0,0,1,0
צורח,1,0,1,1,0,1,0,0,0,0
לִצווֹחַ,0,0,0,1,0,1,0,0,1,0
מָסָך,0,0,0,0,0,0,0,0,0,0
מברג,0,0,0,0,0,0,0,0,0,0
דָפוּק,1,0,0,0,0,1,0,0,0,0
לשרבט,0,0,0,0,0,0,0,0,0,0
סוֹפֵר,0,0,0,0,0,0,1,0,0,0
תִגרָה,0,0,0,0,0,1,0,0,1,0
תסריט,0,0,0,0,0,0,0,0,0,0
תַסרִיט,0,0,0,0,0,0,1,0,0,0
מִקרָאִי,0,0,0,0,0,0,0,0,0,0
כִּתבֵי הַקוֹדֶשׁ,0,0,0,0,0,0,0,0,0,1
גְלִילָה,0,0,0,0,0,0,0,0,0,0
לְשַׁפשֵׁף,0,0,1,0,0,1,0,0,0,0
טעים,0,0,0,0,0,0,1,0,0,0
מוּקפָּד,0,0,0,0,0,0,0,0,0,0
לִבחוֹן,0,1,0,0,0,1,0,0,0,0
בְּדִיקָה,0,0,0,0,0,1,0,0,0,0
פַּסָל,0,0,0,0,0,0,0,0,0,0
פֶּסֶל,0,0,0,0,0,0,1,0,0,0
מְפוּסָל,0,0,0,0,0,0,0,0,0,0
חֶלאַת אָדָם,0,0,1,0,0,1,0,0,0,0
יָם,0,0,0,0,0,0,1,0,0,0
חוֹף הַיָם,0,0,0,0,0,0,0,0,0,0
חותם,0,0,0,0,0,0,1,0,0,1
כלבי ים,0,0,0,0,0,0,0,0,0,1
תֶפֶר,0,0,0,0,0,0,0,0,0,0
יַמַאי,0,0,0,0,0,0,0,0,0,0
בצורה חלקה,0,0,0,0,0,0,0,0,0,0
תוֹפֶרֶת,0,0,0,0,0,0,0,0,0,0
נָמָל,0,0,0,0,0,0,0,0,0,0
לִצְרוֹב,0,0,0,0,0,1,0,0,0,0
לחפש,0,0,0,0,0,0,0,0,0,0
מחפש,0,0,0,0,0,0,0,0,0,0
צרוב,0,0,0,0,0,0,0,0,0,0
חוף ים,0,0,0,0,0,0,0,0,0,0
עונה,0,0,0,0,0,0,0,0,0,0
מְתוּבָּל,0,0,0,0,0,0,1,0,0,0
תבלין,0,0,0,0,0,0,0,0,0,0
מושב,0,0,0,0,0,0,0,0,0,0
פְּרִישָׁה,0,0,0,0,0,1,0,0,0,0
מְבוּדָד,0,0,0,0,0,1,0,1,0,0
מבודד,0,0,0,1,0,1,1,0,0,0
מִשׁנִי,0,0,0,0,0,0,0,0,0,0
יד שניה,0,0,0,0,0,1,0,0,0,0
סוֹדִיוּת,0,0,0,0,0,0,0,0,1,1
סוֹד,0,0,0,0,0,0,0,0,0,1
מַזכִּירוּת,0,0,0,0,0,0,1,0,0,0
מזכיר,0,0,0,0,0,0,0,0,0,0
לְהַפְרִישׁ,0,0,1,0,0,0,0,0,0,0
הַפרָשָׁה,0,0,1,0,0,1,0,0,0,0
סודי,0,0,0,0,0,1,0,0,0,0
בְּסֵתֶר,0,0,0,0,0,0,0,0,0,0
כַּת,0,0,0,0,0,0,0,0,0,0
כַּת,1,0,0,1,0,1,0,0,0,0
חתך,0,0,0,0,0,0,0,0,0,0
מִגזָר,0,0,0,0,0,0,0,0,0,0
חילוני,0,1,0,0,0,0,0,0,0,0
חילוניות,0,0,0,0,0,0,0,0,0,0
ניירות ערך,0,0,0,0,0,0,0,0,0,1
בִּטָחוֹן,0,0,0,0,0,0,0,0,0,0
מְכוֹנִית נוֹסעִים,0,0,0,0,0,0,0,0,0,0
שָׁקֵט וּרָגוּעַ,0,0,0,0,0,0,0,0,0,0
מַרגִיעַ,0,0,0,0,0,0,0,0,0,0
כָּרוּך בִּישִׁיבָה,0,0,0,0,0,0,0,0,0,0
זרע,0,0,0,0,0,0,0,0,0,0
מִשׁקָע,0,0,0,0,0,0,0,0,0,0
מִשׁקָעִי,0,0,0,0,0,0,0,0,0,0
הֲסָתָה,1,0,0,0,0,1,0,1,0,0
לְפָתוֹת,0,0,0,0,0,1,0,0,0,0
מפתה,0,0,0,0,0,0,0,0,0,0
הֲסָתָה,0,0,0,0,0,1,0,0,0,0
מְפַתֶה,0,1,0,0,0,0,0,0,0,0
זֶרַע,0,0,0,0,0,0,0,0,0,0
שְׁתִיל,0,0,0,0,0,0,0,0,0,0
לְחַפֵּשׂ,0,1,0,0,0,0,0,0,0,0
שוחר,0,0,0,0,0,0,0,0,0,0
לִכאוֹרָה,0,0,0,0,0,0,0,0,0,0
חוֹזֶה,0,0,0,0,0,0,0,0,0,0
מְפַעֲפֵּעַ,0,0,0,0,0,0,0,0,0,0
מִגזָר,0,0,0,0,0,0,0,0,0,0
לְבוּדֵד,1,0,1,0,0,1,0,1,0,0
מְנוּזָר,0,0,0,0,0,1,0,0,0,0
הַפרָדָה,0,0,0,0,0,0,0,0,0,0
לִתְפּוֹס,0,0,0,1,0,1,0,0,0,0
תְפִיסָה,0,0,0,1,0,0,0,0,0,0
לעתים רחוקות,0,0,0,0,0,0,0,0,0,0
בחר,0,0,0,0,0,0,0,0,0,0
בְּחִירָה,0,0,0,0,0,0,0,0,0,0
אָנוֹכִי,1,0,1,0,0,1,0,0,0,0
אָנוֹכִיוּת,0,0,0,0,0,1,0,0,0,0
מכירה,0,0,0,0,0,0,0,0,0,0
מוֹכֵר,0,0,0,0,0,0,0,0,0,0
סֵמָפוֹר,0,0,0,0,0,0,0,0,0,0
מַראִית עַיִן,0,0,0,0,0,0,0,0,0,0
זֶרַע,0,0,0,0,0,0,0,0,0,0
נְקוּדָה וּפְסִיק,0,0,0,0,0,0,0,0,0,0
רב - השפעה,0,0,0,0,0,0,0,0,0,0
סֵמִינָר,0,0,0,0,0,0,0,0,0,0
סֵמִינָר,0,0,0,0,0,0,0,0,0,0
סמיוטיקה,0,0,0,0,0,0,0,0,0,0
סֵנָט,0,0,0,0,0,0,0,0,0,1
סֵנָטוֹר,0,0,0,0,0,0,0,0,0,0
לִשְׁלוֹחַ,0,0,0,0,0,0,0,0,0,0
הְזדַקְנוּת,0,0,0,0,0,0,0,0,0,0
סֵנִילִי,0,0,0,1,0,1,0,1,0,0
בָּכִיר,0,0,0,0,0,0,0,0,0,0
וֶתֶק,0,0,0,0,0,0,1,0,0,1
תְחוּשָׁה,0,0,0,0,0,0,0,0,0,0
סֶנסַצִיוֹנִי,0,0,0,0,1,0,1,0,0,0
לָחוּשׁ,0,0,0,0,0,0,1,0,0,0
חֲסַר טַעַם,1,0,1,1,0,1,0,1,1,0
חושים,0,0,0,0,0,0,0,0,0,0
רְגִישׁוּת,0,0,0,0,0,0,1,0,0,0
בצורה הגיונית,0,0,0,0,0,0,1,0,0,0
רָגִישׁ,0,0,0,0,0,0,0,0,0,0
חוּשִׁי,0,0,0,0,0,0,0,0,0,0
חוּשָׁנִי,0,1,0,0,1,1,1,0,1,1
חוּשָׁנִיוּת,0,1,0,0,1,0,1,0,0,0
חוּשִׁי,0,0,0,0,1,0,1,0,0,0
משפט,1,1,1,1,0,1,0,1,0,0
רגיש,0,0,0,0,0,0,0,0,0,0
רֶגֶשׁ,0,0,0,0,0,0,0,0,0,0
סֵנטִימֵנטָלִי,0,0,0,0,0,0,1,0,0,0
רַגשָׁנוּת,0,0,0,0,0,0,1,0,0,0
זָקִיף,0,0,0,0,0,0,1,0,0,1
זָקִיף,0,0,0,0,0,0,0,0,0,1
נָתִיק,0,0,0,0,0,0,0,0,0,0
נפרד,0,0,0,0,0,0,0,0,0,0
לְחוּד,0,0,0,0,0,0,0,0,0,0
הַפרָדָה,0,0,0,0,0,0,0,0,0,0
בַּדְלָנִי,1,0,1,0,0,1,0,0,0,0
חוּם כֵּהֶה,0,0,0,0,0,0,0,0,0,0
אֶלַח הַדָם,0,0,0,1,0,1,0,1,0,0
ספטמבר,0,0,0,0,0,0,0,0,0,0
רָקוּב,0,0,1,0,0,1,0,0,0,0
מְחִצָה,0,0,0,0,0,0,0,0,0,0
סרט המשך,0,1,0,0,0,0,0,0,0,0
סדר פעולות,0,0,0,0,0,0,0,0,0,0
עוקב,0,0,0,0,0,0,0,0,0,0
מוּחרָם,0,0,0,0,0,0,0,0,0,0
הַפקָעָה,0,0,0,0,0,1,0,1,0,0
רָגוּעַ,0,0,0,0,0,1,0,0,0,1
רוֹגַע,0,1,0,0,1,0,1,0,0,1
סמל,0,0,0,0,0,0,0,0,0,0
סידורי,0,1,0,0,0,0,0,0,0,0
סִדרָה,0,0,0,0,0,0,0,0,0,1
תָג,0,0,0,0,0,0,0,0,0,0
רְצִינוּת,0,0,0,1,0,0,0,1,0,0
דְרָשָׁה,0,0,0,0,0,0,1,0,0,1
נָחָשׁ,0,0,1,1,0,1,0,0,0,0
מִתפַּתֵל,0,0,0,0,0,0,0,0,0,0
מְשׁוּנָן,0,0,0,0,0,0,0,0,0,0
נַסיוֹב,0,0,0,0,0,0,1,0,0,0
מְשָׁרֵת,0,0,0,0,0,1,0,0,0,1
לְשָׁרֵת,0,0,0,0,0,1,0,0,0,1
שֵׁרוּת,0,0,0,0,0,0,0,0,0,0
שָׁמִישׁ,0,0,0,0,0,0,0,0,0,0
מִתרַפֵּס,0,0,1,1,0,1,0,1,0,0
עַבדוּת,0,0,0,0,0,1,0,0,0,0
סס,0,0,0,0,0,0,0,0,0,0
מוֹשָׁב,0,0,0,0,0,0,0,0,0,0
הפעלות,0,0,0,0,0,0,0,0,0,0
מַעֲרֶכֶת,0,0,0,0,0,0,0,0,0,0
נְסִיגָה,0,0,0,0,0,1,0,1,0,0
set,0,0,0,0,0,0,0,0,0,0
קובע,0,0,0,0,0,0,0,0,0,0
לִשְׁקוֹעַ,0,0,0,0,0,0,0,0,0,0
מְיוּשָׁב,0,0,0,0,0,0,0,0,0,0
מִתנַחֵל,0,0,0,0,0,0,0,0,0,0
מתנחל,0,0,0,1,0,0,1,0,0,0
שְׁבִיעִית,0,0,0,0,0,0,0,0,0,0
שִׁבעִים,0,0,0,0,0,0,0,0,0,0
לְנַתֵק,0,0,0,0,0,1,0,0,0,0
ניתן להפרדה,0,0,0,0,0,0,0,0,0,0
לחוד,0,0,0,0,0,0,0,0,0,0
ניתוק,0,0,0,0,0,0,0,1,0,0
בצורה חמורה,0,0,0,0,0,0,0,0,0,0
חוּמרָה,0,0,0,0,0,0,0,0,0,0
לִתְפוֹר,0,0,0,0,0,0,0,0,0,0
שְׁפָכִים,0,0,1,0,0,1,0,0,0,0
בִּיב,0,0,1,0,0,0,0,0,0,0
בִּיוּב,0,0,1,0,0,1,0,0,0,0
מִין,0,1,0,0,1,0,1,0,0,1
מִינִיוּת,0,0,0,0,0,0,0,0,0,0
סֶקסִי,0,0,0,0,0,0,0,0,0,0
עָלוּב,0,0,1,0,0,1,0,0,0,0
צְרִיף,0,0,1,0,0,1,0,1,0,0
לִכבּוֹל,1,1,1,1,0,1,0,1,0,0
צֵל,0,0,0,0,0,0,0,0,0,0
מִשְׁקפֵי שֶׁמֶשׁ,0,0,0,0,0,0,0,0,0,0
הצללה,0,0,0,0,0,0,0,0,0,0
צֵל,0,0,0,0,0,0,0,0,0,0
צְלָלִי,0,0,0,0,0,0,0,0,0,0
מוצל,0,0,0,1,0,1,0,0,0,0
פיר,0,0,0,0,0,0,0,0,0,0
שאג,0,0,0,0,0,0,0,0,0,0
שָׂעִיר,0,0,0,0,0,0,0,0,0,0
לְנַעֵר,0,0,0,0,0,0,0,0,0,0
מְזוּעזָע,0,0,0,0,0,0,0,0,0,0
רְעִידָה,0,0,0,1,0,1,0,0,0,0
רָעוּעַ,1,1,0,1,0,1,0,0,0,0
בְּלוֹף,1,0,1,0,0,1,0,0,0,0
שמאן,0,0,0,0,0,0,0,0,0,0
בָּלָגָן,0,0,0,0,0,1,0,0,0,0
בושה,0,0,1,1,0,1,0,1,0,0
מֵבִּישׁ,0,0,0,0,0,1,0,1,0,0
חסרי בושה,0,0,1,0,0,1,0,0,0,0
שנחאי,0,0,1,1,0,1,0,0,0,0
שוק,0,0,0,1,0,0,0,0,0,0
בִּקתָה,0,0,0,0,0,0,0,0,0,0
צוּרָה,0,0,0,0,0,0,1,0,0,0
חָטוּב,0,0,0,0,0,0,1,0,0,0
לַחֲלוֹק,0,1,0,0,1,0,1,0,0,1
בעל מניות,0,0,0,0,0,0,0,0,0,0
כריש,0,0,0,0,0,1,0,0,0,0
לְחַדֵד,1,1,0,0,0,0,0,0,0,0
מוּשׁחָז,0,0,0,0,0,0,0,0,0,0
מחדד,0,0,0,0,0,0,0,0,0,0
חַדוּת,0,0,0,0,0,0,0,0,0,0
לְנַפֵּץ,1,0,0,1,0,1,0,1,1,0
התנפץ,0,0,0,0,0,1,0,1,0,0
לְגַלֵחַ,0,0,0,0,0,0,0,0,0,0
גילוח,0,0,0,0,0,0,0,0,0,0
צָעִיף,0,0,0,0,0,0,0,0,0,0
אֲלוּמָה,0,0,0,0,0,0,0,0,0,0
לִגזוֹז,0,0,0,0,0,0,0,0,0,0
מזמרה,0,0,0,0,0,0,0,0,0,0
נְדָן,0,0,0,0,0,0,0,0,0,0
נדן,0,0,0,0,0,0,0,0,0,0
לִשְׁפּוֹך,0,0,0,0,0,1,0,0,0,0
בָּרָק,0,0,0,0,0,0,0,0,0,0
כבשים,0,0,0,0,0,0,0,0,0,0
טָהוֹר,0,0,0,0,0,0,0,0,0,0
דַף,0,0,0,0,0,0,0,0,0,0
מַדָף,0,0,0,0,0,0,0,0,0,0
צדף,1,0,0,1,0,1,0,1,1,0
רכיכות,0,0,0,0,0,0,0,0,0,0
מקלט,0,0,0,0,0,0,1,0,0,1
מדפים,0,0,0,0,0,1,0,0,0,0
רועה,0,0,0,0,0,0,1,0,0,1
שֶׁרִיף,0,0,0,0,0,0,0,0,0,1
דובדבן,0,0,0,0,0,0,0,0,0,0
מָגֵן,0,0,0,0,0,0,0,0,0,0
מִשׁמֶרֶת,0,0,0,0,0,0,0,0,0,0
הסטה,0,0,0,0,0,0,0,0,0,0
שִׁילִינג,0,0,0,0,0,0,0,0,0,0
נִצנוּץ,0,0,0,0,0,0,0,0,0,0
שׁוּקָה,0,0,0,0,0,0,0,0,0,0
זוהר,0,0,0,0,0,0,1,0,0,0
חַלוּק,0,0,0,0,0,0,0,0,0,0
קוֹרֵן,0,1,0,0,1,0,1,0,0,0
מַברִיק,0,0,0,0,0,0,0,0,0,0
ספינה,0,1,0,0,0,0,0,0,0,0
מִשׁלוֹחַ,0,0,0,0,0,0,0,0,0,0
משלוח,0,0,0,0,0,0,0,0,0,0
לְנַפֵּץ,0,0,0,1,0,1,0,1,0,0
הפלך,0,0,0,0,0,0,0,0,0,0
חוּלצָה,0,0,0,0,0,0,0,0,0,0
לְחַרְבֵּן,1,0,1,0,0,1,0,0,0,0
לִרְעוֹד,1,1,0,1,0,1,0,1,0,0
רועד,0,0,0,0,0,0,0,0,0,0
להקות,0,0,0,0,0,0,0,0,0,0
הֶלֶם,1,0,0,1,0,1,0,0,1,0
באופן מזעזע,0,0,0,0,0,0,0,0,1,0
זוֹל,1,0,1,0,0,1,0,0,0,0
נַעַל,0,0,0,0,0,0,0,0,0,0
סַנדְלָר,0,0,0,0,0,0,0,0,0,0
לירות,1,0,0,1,0,1,0,0,0,0
יוֹרֶה,0,0,0,1,0,0,0,0,0,0
צילומים,1,0,0,1,0,1,0,0,0,0
לִקְנוֹת,0,0,0,0,0,0,0,0,0,0
מוכר בחנות,0,0,0,0,0,0,0,0,0,1
גְנֵבָה מִחֲנוּיוֹת,1,0,1,0,0,1,0,0,0,0
קניות,0,1,0,0,1,0,1,0,1,1
חוף,0,0,0,0,0,0,0,0,0,0
גָזוּז,0,0,0,0,0,0,0,0,0,0
קצר,0,0,0,0,0,0,0,0,0,0
מחסור,1,0,0,1,0,1,0,1,0,0
חִסָרוֹן,0,0,0,0,0,1,0,0,0,0
לְקַצֵר,0,0,0,0,0,0,0,0,0,0
הִתקַצְרוּת,0,0,0,0,0,0,0,0,0,0
קַצרָנוּת,0,0,0,0,0,0,0,0,0,0
בְּקָרוּב,0,1,0,0,0,0,0,0,0,0
קוֹצֶר,0,0,0,0,0,0,0,0,0,0
מִכְנָסַיִים קְצָרִים,0,0,0,0,0,0,0,0,0,0
בְּעִיטָה,1,0,0,1,0,1,0,1,1,0
רוֹבֵה צַיִד,0,0,0,0,0,0,0,0,0,0
כָּתֵף,0,0,0,0,0,0,1,0,0,1
צעקה,1,0,0,0,0,0,0,0,1,0
דְחִיפָה,1,0,0,0,0,1,0,0,0,0
את חפירה,0,0,0,0,0,0,0,0,0,0
חפירה,0,0,0,0,0,0,0,0,0,0
הופעה,0,0,0,0,0,0,0,0,0,1
מִקלַחַת,0,0,0,0,0,0,0,0,0,0
מראה,0,0,0,0,0,0,0,0,0,0
צַעֲקָנִי,0,0,0,0,0,1,0,0,0,0
רְסִיסִים,0,0,0,1,0,0,0,0,0,0
שמץ,0,0,0,0,0,0,0,0,0,0
מְמוּלָח,0,0,0,0,0,0,1,0,0,0
לִצְרוֹחַ,1,0,0,1,0,1,0,1,1,0
צַרחָנִי,1,0,0,1,0,1,0,0,1,0
שרימפ,0,0,0,0,0,0,0,0,0,0
מקדש,0,0,0,0,0,0,0,0,0,0
לצמק,0,0,0,1,0,1,0,1,0,0
הִתכַּוְצוּת,0,0,0,0,0,0,0,0,0,0
תַכרִיך,0,0,0,0,0,0,0,1,0,0
שִׂיחַ,0,0,0,0,0,0,0,0,0,0
שִׂיחִים,0,0,0,0,0,0,0,0,0,0
למשוך בכתף,0,0,0,0,0,0,0,0,0,0
התכווץ,0,0,0,0,0,1,0,0,0,0
רַעַד,0,0,0,1,0,1,0,0,0,0
לְעַרְבֵּב,0,0,0,0,0,0,0,0,0,0
דשדוש,0,0,0,0,0,0,0,0,0,0
לְהִתְרַחֵק,1,0,1,0,0,1,0,1,0,0
shunt,0,0,0,0,0,0,0,0,0,0
לִסְגוֹר,0,0,0,0,0,0,0,0,0,0
תְרִיס,0,0,0,0,0,0,0,0,0,0
מעבורת,0,0,0,0,0,0,0,0,0,0
אחותי,0,0,0,0,0,0,0,0,0,1
sic,0,0,0,0,0,0,0,0,0,0
חוֹלֶה,0,0,1,0,0,1,0,1,0,0
מַבְחִיל,1,0,1,1,0,1,0,1,0,0
מַגָל,0,0,0,0,0,0,0,0,0,0
חוֹלָנִי,0,0,1,0,0,1,0,1,0,0
מחלה,0,0,1,1,0,1,0,1,0,0
צַד,0,0,0,0,0,0,0,0,0,0
מִזנוֹן,0,0,0,0,0,0,0,0,0,0
לַעֲקוֹף,0,0,0,0,0,0,0,0,0,0
הַצִידָה,0,0,0,0,0,0,0,0,0,0
מָצוֹר,0,0,0,0,0,0,0,0,0,0
מנוחת צהריים,0,0,0,0,0,0,0,0,0,0
לְנַפּוֹת,0,0,0,0,0,0,0,0,0,0
סִנוּן,0,0,0,0,0,0,0,0,0,0
אֲנָחָה,0,0,0,0,0,0,0,0,0,0
מראה,0,0,0,0,0,0,0,0,0,0
סִימָן,0,0,0,0,0,0,0,0,0,0
אוֹת,0,0,0,0,0,0,0,0,0,0
חֲתִימָה,0,0,0,0,0,0,0,0,0,1
מַשְׁמָעוּת,0,0,0,0,0,0,0,0,0,0
משמעותי,0,0,0,0,0,0,0,0,0,0
מַשְׁמָעוּת,0,0,0,0,0,0,0,0,0,0
לְסַמֵן,0,1,0,0,0,0,0,0,0,0
תמרור,0,0,0,0,0,0,0,0,0,0
שקט,0,0,0,0,0,0,0,0,0,0
חֶרֶשׁ,0,0,0,0,0,0,0,0,0,0
צְלָלִית,0,0,0,0,0,0,0,0,0,0
משי,0,0,0,0,0,0,1,0,0,0
מִשׁיִי,0,0,0,0,0,0,0,0,0,0
מִשׁיִי,0,0,0,0,0,0,0,0,0,0
אדן החלון,0,0,0,0,0,0,0,0,0,0
טִפּשׁוּת,0,0,0,0,0,0,0,0,0,0
טִפּשִׁי,0,0,0,0,1,1,0,0,0,0
טִין,0,0,0,0,0,0,0,0,0,0
כסף,0,0,0,0,0,0,0,0,0,0
כסוף,0,0,0,0,0,0,0,0,0,0
דוֹמֶה,0,0,0,0,0,0,0,0,0,0
דִמיוֹן,0,0,0,0,0,0,0,0,0,0
דמיון,0,0,0,0,0,0,0,0,0,0
רְתִיחָה,1,1,0,0,0,0,0,0,0,0
מבעבע,0,1,0,0,0,0,0,0,0,0
פָּשׁוּט,0,0,0,0,0,0,0,0,0,0
פשוטים,0,0,0,0,0,0,0,0,0,0
לפשט,0,1,0,0,1,0,1,0,1,1
בפשטות,0,0,0,0,0,0,0,0,0,0
לְחַקוֹת,0,0,0,0,0,0,0,0,0,0
מדומה,0,0,0,0,0,0,0,0,0,0
מדמה,0,0,0,0,0,0,0,0,0,0
סימולציה,0,0,0,0,0,0,0,0,0,0
סִימוּלטָנִי,0,0,0,0,0,0,0,0,0,0
בּוֹ זְמַנִית,0,0,0,0,0,0,0,0,0,0
חטא,1,0,1,1,0,1,0,1,0,0
כן,0,0,0,0,0,0,1,0,0,1
כֵּנוּת,0,0,0,0,0,0,1,0,0,0
חוֹטֵא,1,0,1,1,0,1,0,1,0,0
לָשִׁיר,0,1,0,0,1,0,1,1,0,1
זמר,0,0,0,0,0,0,0,0,0,0
יחיד,0,0,0,0,0,0,0,0,0,0
בְּיִחִידוּת,0,0,0,0,0,0,1,0,0,0
יָחִיד,0,0,0,0,0,0,0,0,0,0
ייחוד,0,0,0,0,0,0,0,0,0,0
באופן יחידני,0,0,0,0,0,0,0,0,1,0
מְרוּשָׁע,1,0,1,1,0,1,0,0,0,0
כִּיוֹר,0,0,0,0,0,0,0,0,0,0
חוֹטֵא,1,0,1,1,0,1,0,1,0,0
חוטא,0,0,1,0,0,1,0,0,0,0
סִינוּס,0,0,0,0,0,0,0,0,0,0
לגימה,0,0,0,0,0,0,0,0,0,0
סִיפוֹן,0,0,0,0,0,0,0,0,0,0
אֲדוֹנִי,0,0,0,0,0,0,1,0,0,1
לְהוֹלִיד,0,0,0,0,0,0,0,0,0,0
סִירֶנָה,0,0,0,1,0,1,0,0,0,0
גֶבֶר נָשִׁי,0,0,0,0,0,1,0,0,0,0
אָחוֹת,0,0,0,0,0,0,0,0,0,0
אֲחָיוּת,1,0,0,0,0,0,1,1,1,1
אֲתַר,0,0,0,0,0,0,0,0,0,0
סית',0,0,0,0,0,0,0,0,0,0
יְשִׁיבָה,0,0,0,0,0,0,0,0,0,0
לְמַקֵם,0,0,0,0,0,0,0,0,0,0
ממוקם,0,0,0,0,0,0,0,0,0,0
מַצָב,0,0,0,0,0,0,0,0,0,0
שִׁשִׁית,0,0,0,0,0,0,0,0,0,0
שִׁשִׁים,0,0,0,0,0,0,0,0,0,0
גודל,0,0,0,0,0,0,0,0,0,0
לִרְחוֹשׁ,1,0,0,0,0,0,0,0,0,0
לְהַחלִיק עַל מִחלָקַיִם,0,0,0,0,0,0,0,0,0,0
החלקה,0,0,0,0,0,0,0,0,0,0
פְּקַעַת חוּטִים,0,0,0,0,0,0,0,0,0,0
שֶׁלֶד,0,0,0,0,0,0,0,0,0,0
סַפקָן,0,0,0,0,0,0,0,0,0,0
סקֶפְּטִי,0,0,0,0,0,1,0,0,0,0
סַפקָנוּת,0,0,0,0,0,0,0,0,0,0
סְקִיצָה,0,0,0,0,0,0,0,0,0,0
שטחי,0,0,0,0,0,1,0,0,0,0
מוטה,1,1,0,0,0,1,0,0,0,0
לְשַׁפֵּד,0,0,0,0,0,0,0,0,0,0
סקִי,0,0,0,0,0,0,0,0,0,0
הַחלָקָה,1,0,0,1,0,1,0,1,0,0
בּוּצִית,0,0,0,0,0,0,0,0,0,0
מְיוּמָנוּת,0,0,0,0,0,0,0,0,0,0
מְיוּמָן,0,0,0,0,0,0,1,0,0,0
מַחֲבַת,0,0,0,0,0,0,0,0,0,0
מיומן,0,0,0,0,0,0,1,0,0,1
לְרַחֵף,0,0,0,0,0,0,0,0,0,0
עור,0,0,0,0,0,0,0,0,0,0
רזה,0,0,0,0,0,0,0,0,0,0
לדלג,0,0,0,0,0,1,0,0,0,0
רב חובל,0,0,0,0,0,0,0,0,0,0
הִתנַגְשׁוּת,1,0,0,0,0,1,0,0,0,0
חצאית,0,0,0,0,0,0,0,0,0,0
עוקפת,0,0,0,0,0,0,0,0,0,0
חצאיות,0,0,0,0,0,0,0,0,0,0
פָּרוֹדִיָה,0,0,0,0,0,0,0,0,0,0
גולגולת,0,0,0,0,0,0,0,0,0,0
בּוּאֵשׁ,0,0,0,0,0,0,0,0,0,0
שָׁמַיִם,0,0,0,0,0,0,1,0,0,0
גורד שחקים,0,0,0,0,0,0,0,0,0,0
לוּחַ,0,0,0,0,0,0,0,0,0,0
רָפוּי,0,0,0,0,0,1,0,0,0,0
סִיג,0,0,0,0,0,1,0,0,0,0
לִטרוֹק,1,0,0,1,0,1,0,0,1,0
לָשׁוֹן הָרַע,1,0,1,0,0,1,0,0,0,0
מַשׁמִיץ,0,0,0,0,0,1,0,0,0,0
סְלֶנְג,0,0,0,0,0,0,0,0,0,0
אֲלַכסוֹן,0,0,0,0,0,0,0,0,0,0
סְטִירָה,1,0,0,0,0,1,0,0,1,0
קו נטוי,1,0,0,0,0,0,0,0,0,0
חתכים,0,0,0,0,0,0,0,0,0,0
צִפחָה,0,0,0,0,0,0,1,0,0,0
צפחים,0,0,0,0,0,0,0,0,0,0
לִשְׁחוֹט,1,0,1,1,0,1,0,1,1,0
מִטבָּחַיִם,1,0,1,1,0,1,0,1,0,0
שחיטה,1,0,1,1,0,1,0,1,1,0
עֶבֶד,1,0,0,1,0,1,0,1,0,0
עַבדוּת,1,0,1,1,0,1,0,1,0,0
לִקְטוֹל,1,0,0,0,0,1,0,0,0,0
קוטל,1,0,1,1,0,1,0,1,1,0
מִזחֶלֶת,0,0,0,0,0,0,0,0,0,0
לְהַחלִיק,0,0,0,0,0,0,1,0,0,0
לִישׁוֹן,0,0,0,0,0,0,0,0,0,0
אֶדֶן,0,0,0,0,0,0,0,0,0,0
יָשֵׁן,0,0,0,0,0,0,0,0,0,0
נֶדֶד,0,0,0,0,0,0,0,0,0,0
מְנוּמנָם,0,0,0,0,0,0,0,0,0,0
סבבה,0,0,0,0,0,1,0,0,0,0
שרוול,0,0,0,0,0,0,0,0,0,0
ללא שרוולים,0,0,0,0,0,0,0,0,0,0
מִזחֶלֶת,0,0,0,0,0,0,0,0,0,0
רזה,0,0,0,0,0,0,0,0,0,0
רָזֶה,0,0,0,0,0,0,1,0,0,0
בַּלָשׁ,0,0,0,0,0,0,0,0,0,0
פרוסה,0,0,0,0,0,0,0,0,0,0
חֲלַקְלַק,0,0,0,0,0,0,0,0,0,0
שקופית,0,0,0,0,0,0,0,0,0,0
הַחלָקָה,0,0,0,0,0,0,0,0,0,0
קָלוּשׁ,0,0,0,0,0,0,0,0,0,0
מְעַט,0,0,0,0,0,0,0,0,0,0
רָזֶה,0,0,0,0,0,0,1,0,0,0
סליים,0,0,1,0,0,0,0,0,0,0
חֲלַקְלַק,0,0,1,0,0,1,0,0,0,0
קֶלַע,0,0,0,0,0,0,0,0,0,0
לְהִתְגַנֵב,0,0,0,0,0,1,0,0,0,0
פליטת פה,0,0,0,0,0,1,0,0,1,0
נעל בית,0,0,0,0,0,0,0,0,0,0
נעלי בית,0,0,0,0,0,0,0,0,0,0
סֶדֶק,0,0,0,0,0,0,0,0,0,0
רְסִיס,0,0,0,0,0,0,0,0,0,0
סִיסמָה,0,0,0,0,0,0,0,0,0,0
ספינה,0,0,0,0,0,0,0,0,0,0
שיפוע,0,0,1,0,0,1,0,0,0,0
מִדרוֹן,0,0,0,0,0,0,0,0,0,0
מרושל,0,0,1,0,0,1,0,0,0,0
חָרִיץ,0,0,0,0,0,0,0,0,0,0
עַצלוּת,0,0,1,0,0,1,0,0,0,0
עוֹבֵד רַשׁלָן,0,0,0,0,0,1,0,0,0,0
לְהַשִׁיל,0,0,0,0,0,1,0,0,0,0
לְהַאֵט,0,0,0,0,0,0,0,0,0,0
לאט,0,0,0,0,0,0,0,0,0,0
אִטִיוּת,0,0,0,0,0,1,0,0,0,0
רֶפֶשׁ,0,0,1,0,0,1,0,0,0,0
שבלול,0,0,1,0,0,1,0,0,0,0
איטי,0,0,0,0,0,1,0,1,0,0
סֶכֶר,0,0,0,0,0,0,0,0,0,0
שְׁכוּנַת עוֹנִי,0,0,1,0,0,1,0,0,0,0
תְנוּמָה,0,0,0,0,0,0,0,0,0,0
לִצְנוֹחַ,0,0,0,0,0,1,0,1,0,0
הַשׁמָצָה,1,0,1,0,0,1,0,1,0,0
רפש,0,0,1,0,0,1,0,0,1,0
זוֹנָה,1,0,1,0,0,1,0,0,0,0
ערמומי,1,0,1,1,0,1,0,0,0,0
הֵרוֹאִין,1,0,0,0,0,1,0,0,0,0
קָטָן,0,0,0,0,0,1,0,0,0,0
קטן יותר,0,0,0,0,0,0,0,0,0,0
הכי קטן,0,0,0,0,0,0,0,0,0,0
לְרַסֵק,1,0,0,1,0,1,0,0,0,0
מרוסק,0,0,0,0,0,1,0,0,0,0
יְדִיעָה שִׁטחִית,0,0,0,0,0,1,0,0,0,0
מריחה,0,0,0,0,0,0,0,0,0,0
רֵיחַ,1,0,1,0,0,1,0,0,0,0
הֲרָחָה,0,0,1,0,0,1,0,0,0,0
להתיך,0,0,0,0,0,0,0,0,0,0
חיוך,0,0,0,0,1,0,1,0,1,1
מחייך,0,0,0,0,1,0,1,0,0,0
חִיוּך מְעוּשֶׂה,0,0,0,0,0,1,0,0,0,0
לְהַכּוֹת,1,0,0,1,0,1,0,1,0,0
נַפָּח,0,0,0,0,0,0,0,0,0,1
הָלוּם,0,0,0,0,0,0,1,0,0,0
מְעַשֵׁן,0,0,0,0,0,1,0,0,0,0
מעושן,0,0,0,0,0,0,0,0,0,0
לעשן,0,0,0,0,0,0,0,0,0,0
מָלֵא עָשָׁן,0,0,0,0,0,0,0,0,0,0
עשן,0,0,0,0,0,0,0,0,0,0
בצורה חלקה,0,0,0,0,0,0,0,0,0,0
חֲלָקוּת,0,0,0,0,0,0,1,0,0,0
לְהַחנִיק,1,0,0,0,0,1,0,0,0,0
כֶּתֶם,0,0,0,0,0,1,0,0,0,0
זחוח,0,0,0,0,0,1,0,0,0,0
לְהַברִיחַ,0,0,0,1,0,1,0,0,0,0
מַברִיחַ,1,0,1,1,0,1,0,0,0,0
הַברָחָה,0,0,0,0,0,1,0,0,0,0
טמבל,0,0,1,1,0,1,0,0,0,0
חָטִיף,0,0,0,0,0,0,0,0,0,0
חֲטִיפִים,0,0,0,0,0,0,0,0,0,0
קֶרַע,0,0,0,0,0,1,0,0,1,0
תקלות,0,0,0,0,0,1,0,0,0,0
שַׁבְּלוּל,0,0,0,0,0,0,0,0,0,0
נָחָשׁ,0,0,1,1,0,1,0,0,0,0
לְצַלֵם,0,0,0,0,0,0,0,0,0,0
תמונת מצב,0,0,0,0,0,0,0,0,0,0
מַלכּוֹדֶת,0,0,0,1,0,1,0,0,0,0
לִנְהוֹם,1,0,1,0,0,1,0,0,0,0
נוהם,1,0,0,0,0,1,0,0,0,0
לַחטוֹף,0,0,0,0,0,0,0,0,0,0
לְהִתְגַנֵב,1,0,0,1,0,1,0,0,1,0
נעלי ספורט,0,0,0,0,0,0,0,0,0,0
מתגנב,0,1,0,1,0,1,0,0,0,1
ללעוג,1,0,1,0,0,1,0,0,0,0
לְהִתְעַטֵשׁ,0,0,1,0,0,1,0,0,1,0
הִתעַטְשׁוּת,0,0,0,0,0,0,0,0,0,0
לְצַחְקֵק,0,0,0,0,0,0,1,0,0,0
מְזוּיָף,0,0,0,0,0,1,0,0,0,0
לְרַחְרֵח,0,0,0,0,0,0,0,0,0,0
לִגזוֹר,0,0,0,0,0,0,0,0,0,0
לִצְלוֹף,0,0,0,0,0,0,0,0,0,0
קטע,0,0,0,0,0,0,0,0,0,0
סְנוֹבּ,0,0,0,0,0,1,0,0,0,0
סנופי,0,0,0,0,0,0,0,0,0,0
נִמנוּם,0,0,0,0,0,0,0,0,0,0
לִנְחוֹר,0,0,0,0,0,0,0,0,0,0
נְחִירָה,0,0,0,0,0,0,0,1,0,0
חוֹטֶם,0,0,0,0,0,0,0,0,0,0
שֶׁלֶג,0,0,0,0,0,0,0,0,0,0
כַּדוּר שֶׁלֶג,0,0,0,0,0,0,0,0,0,0
פְּתִית שֶׁלֶג,0,0,0,0,0,0,0,0,0,0
מוּשׁלָג,0,0,0,0,0,0,0,0,0,0
טַבָּק הֲרָחָה,0,0,0,0,0,0,0,0,0,0
לְהַשְׁרוֹת,0,0,0,0,0,1,0,0,0,0
שְׁרִיָה,0,0,0,0,0,0,0,0,0,0
סַבּוֹן,0,0,0,0,0,0,0,0,0,0
סַבּוֹנִי,0,0,0,0,0,0,0,0,0,0
דְאִיָה,0,0,0,0,0,0,0,0,0,0
בֶּן כַּלבָּה,0,0,0,0,0,1,0,1,0,0
הִתפַּכְּחוּת,0,0,0,0,0,0,1,0,0,1
soc,0,0,0,0,0,0,0,0,0,0
כדורגל,0,0,0,0,0,0,0,0,0,0
חַברוּתִי,0,0,0,0,0,0,1,0,0,0
חֶברָתִי,0,0,0,0,0,0,0,0,0,0
סוֹצִיאָלִיזם,0,0,1,1,0,0,0,0,0,0
סוֹצִיאָלִיסט,1,0,1,1,0,1,0,1,0,0
חֶברָה,0,0,0,0,0,0,0,0,0,0
גֶרֶב,0,0,0,0,0,0,0,0,0,0
שֶׁקַע,0,0,0,0,0,0,0,0,0,0
טִפֵּשׁ,0,0,0,0,0,0,0,0,0,0
סַפָּה,0,0,0,0,0,0,0,0,0,0
הִתרַכְּכוּת,0,0,0,0,0,0,0,0,0,0
רוֹך,0,0,0,0,0,0,0,0,0,0
סָפוּג,0,0,0,0,0,0,0,0,0,0
קרקע,0,0,1,0,0,1,0,0,0,0
מְלוּכלָך,0,0,1,0,0,1,0,0,0,0
לָגוּר,0,0,0,0,0,0,0,0,0,0
נֶחָמָה,0,0,0,0,0,0,1,0,0,0
סוֹלָרִי,0,0,0,0,0,0,0,0,0,0
לְרַתֵך,0,0,0,0,0,0,0,0,0,0
הַלחָמָה,0,0,0,0,0,0,0,0,0,0
לוֹחֶם,1,0,0,0,0,0,1,1,0,0
בלעדי,0,0,0,0,0,0,0,0,0,0
לְבַקֵשׁ,0,0,0,0,0,0,0,0,0,0
שידול,0,0,0,0,0,0,0,0,0,0
עוֹרֵך דִין,0,0,0,0,0,0,0,0,0,0
מוצק,0,0,0,0,0,0,1,0,0,0
סוֹלִידָרִיוּת,0,0,0,0,0,0,0,0,0,1
התמצקות,0,0,0,0,0,0,0,0,0,0
התמצק,0,0,0,0,0,0,0,0,0,0
לְגַבֵּשׁ,0,0,0,0,0,0,0,0,0,0
מוּצָקוּת,0,0,0,0,0,0,1,0,0,1
סוליטר,0,0,0,0,0,0,0,0,0,0
בּוֹדֵד,0,0,0,0,0,0,0,0,0,0
בְּדִידוּת,0,0,0,0,0,0,0,0,0,0
סוֹלוֹ,0,0,0,0,0,0,0,0,0,0
מְסִיסוּת,0,0,0,0,0,0,0,0,0,0
מָסִיס,0,0,0,0,0,0,0,0,0,0
פִּתָרוֹן,0,0,0,0,0,0,1,0,0,0
לִפְתוֹר,0,0,0,0,0,0,0,0,0,0
כּוֹשֵׁר פֵּרָעוֹן,0,0,0,0,0,0,1,0,0,0
מֵמֵס,0,0,0,0,0,0,0,0,0,0
סומטי,0,0,0,0,0,1,0,0,1,0
קוֹדֵר,0,0,0,0,0,1,0,1,0,0
בֵּן,0,0,0,0,0,0,0,0,0,0
סוֹנָר,0,1,0,0,0,0,1,0,0,0
סונטה,0,0,0,0,0,0,1,0,0,0
שִׁיר,0,0,0,0,0,0,0,0,0,0
סוֹנֶטָה,0,0,0,0,1,0,1,1,0,0
מְצַלצֵל,0,0,0,0,1,0,1,0,0,0
פיח,0,0,1,0,0,1,0,0,0,0
לְהַרְגִיעַ,0,0,0,0,0,0,1,0,0,0
הַרגָעָה,0,0,0,0,1,0,1,0,0,1
כיתה ב',0,0,0,0,0,0,0,0,0,0
סוֹפּרָנוֹ,0,0,0,0,0,0,0,0,0,0
מְכַשֵׁף,0,0,0,0,0,0,0,0,0,0
כישוף,0,1,0,1,0,1,0,0,1,0
מוּשׁחָת,1,0,1,1,0,1,0,1,0,0
דַלֶקֶת,1,0,0,0,0,1,0,1,0,0
בכאב,0,0,0,0,0,1,0,1,0,0
כְּאֵב,0,0,1,0,0,1,0,1,0,0
דוּרָה,0,0,0,0,0,0,0,0,0,0
מוֹעֲדוֹן נָשִׁים,0,0,0,0,0,0,0,0,0,0
צַעַר,0,0,0,1,0,1,0,1,0,0
עָצוּב,0,0,0,0,0,1,0,1,0,0
סוג,0,0,0,0,0,0,0,0,0,0
מְמַיֵן,0,0,0,0,0,0,1,0,0,0
גִיחָה,0,0,0,1,0,1,0,0,0,0
מִיוּן,0,0,0,0,0,0,0,0,0,0
סו,0,0,0,0,0,0,0,0,0,0
חסר נשמה,0,0,1,1,0,1,0,1,0,0
נפש תאומה,0,0,0,1,0,1,0,0,0,0
נשמע,0,0,0,0,0,0,0,0,0,0
בְּדִיקַת עוֹמֶק,0,0,0,0,0,0,0,0,0,0
תְקֵפוּת,0,1,0,0,1,0,1,0,0,1
מרק,0,0,0,0,0,0,1,0,0,0
חָמוּץ,0,0,1,0,0,1,0,0,0,0
מָקוֹר,0,0,0,0,0,0,0,0,0,0
מַזכֶּרֶת,0,0,0,0,0,0,0,0,0,0
שָׁלִיט,0,0,0,0,0,0,0,0,0,1
ריבונות,0,0,0,0,0,0,0,0,0,0
לִזרוֹעַ,0,0,0,0,0,0,0,0,0,0
ספָּא,0,1,0,0,1,0,1,0,1,1
מֶרחָב,0,0,0,0,0,0,0,0,0,0
מְרוּוָח,0,0,0,0,0,0,1,0,0,0
כף,0,0,0,0,0,0,0,0,0,0
לְהַקִיף,0,0,0,0,0,0,0,0,0,0
ספנייל,0,0,0,0,1,0,1,0,0,1
סְטִירָה,1,0,0,1,0,1,0,1,0,0
זָרִיז,1,0,0,0,0,0,0,0,0,0
לְהִתְנַצֵחַ,0,0,0,0,0,0,0,0,0,0
נוֹסָף,0,0,0,0,0,0,0,0,0,0
במשורה,0,0,0,0,0,0,0,0,0,0
לְעוֹרֵר,0,0,0,0,0,0,0,0,0,0
נִצנוּץ,0,1,0,0,1,0,1,0,1,0
ספרינג,0,0,0,0,0,0,0,0,0,0
דליל,0,0,0,0,0,0,0,0,0,0
הֶתקֵף,0,0,0,1,0,1,0,0,0,0
ירק,1,0,0,0,0,1,0,0,0,0
מָרִית,0,0,0,0,0,0,0,0,0,0
לְהַשְׁרִיץ,0,0,0,0,0,0,0,0,0,0
רַמקוֹל,0,0,0,0,0,0,0,0,0,0
מדבר,0,0,0,0,0,0,0,0,0,0
חנית,1,1,0,1,0,1,0,0,0,0
מיוחד,0,0,0,0,1,0,1,0,0,0
מוּמחֶה,0,0,0,0,0,0,0,0,0,1
תחום התמחות,0,0,0,0,0,0,0,0,0,0
לְהִתְמַחוֹת,0,0,0,0,0,0,0,0,0,1
במיוחד,0,0,0,0,0,0,0,0,0,0
מְצַלצֵלִים,0,0,0,0,0,0,1,0,0,0
מִין,0,0,0,0,0,0,0,0,0,0
ספֵּצִיפִי,0,0,0,0,0,0,0,0,0,0
מִפרָט,0,0,0,0,0,0,0,0,0,0
דוּגמָה,0,0,0,0,0,0,0,0,0,0
נְקוּדָה,0,0,1,0,0,1,0,0,0,0
מְנוּמָר,0,0,0,0,0,0,0,0,0,0
מפרט,0,0,0,0,0,0,0,0,0,0
מַחֲזֶה,0,0,0,0,0,1,1,0,0,0
מִשׁקָפַיִם,0,0,0,0,0,0,0,0,0,0
מַרהִיב,0,1,0,0,0,0,0,0,1,0
צופה,0,0,0,0,0,0,0,0,0,0
רוּחַ,0,0,0,1,0,1,0,1,0,0
שֶׁל רוּחַ רְפָאִים,0,0,0,0,0,1,0,0,0,0
ספקטרומטר,0,0,0,0,0,0,0,0,0,0
ספקטרופוטומטר,0,0,0,0,0,0,0,0,0,0
ספקטרוסקופיה,0,0,0,0,0,0,0,0,0,0
ספֵּקטרוּם,0,0,0,0,0,0,0,0,0,0
לְסַפְסֵר,0,0,0,0,0,0,0,0,0,0
ספֵּקוּלָצִיָה,0,0,0,1,0,1,0,1,0,0
ספֵּקוּלָטִיבִי,0,1,0,0,0,0,0,0,0,0
ספקולום,0,0,0,0,0,0,0,0,0,0
נְאוּם,0,0,0,0,0,0,1,0,0,0
ללא מילים,0,0,0,0,0,0,0,0,0,0
מְהִירוּת,0,0,0,0,0,0,0,0,0,0
במהירות,0,0,0,0,0,0,0,0,0,0
מַד מְהִירוּת,0,0,0,0,0,0,0,0,0,0
כְּבִישׁ מָהִיר,0,0,0,0,0,0,0,0,0,0
מָהִיר,0,0,0,0,0,0,1,0,0,0
מְכוּשָׁף,0,0,0,0,0,0,0,0,0,0
אִיוּת,0,0,0,0,0,0,1,0,0,0
ספנסר,0,0,0,0,0,0,0,0,0,0
לְבַלוֹת,0,0,0,0,0,0,0,0,0,0
מוּתַשׁ,0,0,0,0,0,1,0,0,0,0
זֶרַע,0,0,0,0,0,0,0,0,0,0
לְהַקִיא,0,0,1,0,0,0,0,0,0,0
כַּדוּר,0,0,0,0,0,0,0,0,0,0
כַּדוּרִי,0,0,0,0,0,0,0,0,0,0
ספִינקס,0,0,0,0,0,0,0,0,0,0
לְתַבֵּל,0,0,0,0,0,0,1,0,0,0
חָרִיף,0,0,0,0,0,0,0,0,0,0
עַכָּבִישׁ,0,0,1,1,0,0,0,0,0,0
בֶּרֶז,0,0,0,0,0,0,0,0,0,0
דָרְבָּן,0,0,0,1,0,0,0,0,0,0
מְמוּסמָר,0,0,0,0,0,0,0,0,0,0
דוֹקְרָנִי,0,0,0,0,0,0,0,0,0,0
לשפוך,0,0,0,0,0,0,0,0,0,0
סיבוב,0,0,0,0,0,0,0,0,0,0
שֶׁל עַמוּד הַשִׁדרָה,0,0,0,0,0,0,0,0,0,0
נול,0,0,0,0,0,0,0,0,0,0
עַמוּד הַשִׁדרָה,1,0,0,0,0,1,1,0,0,0
מסתובב,0,0,0,0,0,0,0,0,0,0
סבבה,0,0,0,1,0,1,0,1,0,0
קוֹצָנִי,0,0,0,0,0,0,0,0,0,0
סְלִילִי,0,0,0,0,0,0,0,0,0,0
מִבנֶה חֲרוּטִי,0,0,0,0,0,0,0,0,0,0
רוּחַ,0,0,0,0,0,0,1,0,0,0
מַצַב רוּחַ,0,1,0,0,1,0,1,0,1,0
רוחני,0,0,0,0,0,0,0,0,0,0
רוּחָנִיוּת,0,0,0,0,0,0,0,0,0,0
לירוק,0,0,1,0,0,0,0,0,0,0
לְהַכעִיס,1,0,0,0,0,1,0,0,0,0
קַנטְרָנִי,1,0,0,0,0,1,0,0,0,0
סֶנסַצִיָה,0,0,0,0,0,0,0,0,1,0
טְחוֹל,0,0,0,0,0,0,0,0,0,0
נֶהְדָר,0,0,0,0,1,0,1,0,1,0
פְּאֵר,0,1,0,0,1,0,1,0,1,0
אִחוּי,0,0,0,0,0,0,0,0,0,0
שֶׁגֶם,0,0,0,0,0,0,0,0,0,0
סַד,0,0,0,0,0,0,0,0,0,0
קֵיסָם,0,0,0,0,0,1,0,0,0,0
לְפַצֵל,0,0,0,0,0,1,0,0,0,0
פְּצִיחָה,0,0,0,0,0,1,0,1,0,0
לַעֲשׂוֹת רוֹשֶׁם,0,0,0,0,0,0,0,0,0,0
לְקַלְקֵל,0,0,1,0,0,1,0,0,0,0
ספוילר,0,0,0,0,0,1,0,1,0,0
קִלקוּל,0,0,0,0,0,0,0,0,0,0
דיבר,0,0,0,0,0,1,0,0,0,0
נֱאֶמַר,0,0,0,0,0,0,0,0,0,0
דוֹבֵר,0,0,0,0,0,0,0,0,0,1
סְפוֹג,0,0,0,0,0,1,0,0,0,0
סְפוֹגִי,0,0,0,0,0,0,0,0,0,0
לָתֵת חָסוּת,0,0,0,0,0,0,1,0,0,1
חָסוּת,0,0,0,0,0,0,0,0,0,0
מְתִיחָה,0,0,0,0,0,0,0,0,0,0
מפחיד,0,0,0,1,0,1,0,0,0,0
כף,0,0,0,0,0,0,0,0,0,0
כף,0,0,0,0,0,0,0,0,0,0
לֹא סָדִיר,0,0,0,0,0,0,0,0,0,0
נֶבֶג,0,0,0,0,0,0,0,0,0,0
ספּוֹרט,0,0,0,0,0,0,0,0,0,0
ספּוֹרטִיבִי,0,0,0,0,0,0,0,0,0,0
ספורט,0,0,0,0,0,0,0,0,0,0
ספּוֹרטַאִי,0,0,0,0,0,0,0,0,0,0
לְזַהוֹת,0,0,0,0,0,0,0,0,0,0
לְלֹא רְבָב,0,0,0,0,0,0,1,0,0,1
מְנוּקָד,0,0,0,0,0,0,0,0,0,0
לֹא יַצִיב,0,0,0,0,0,0,0,0,0,0
בן זוג,0,0,0,0,0,0,0,0,0,0
בן זוג,0,0,0,0,1,0,1,0,0,1
זַרבּוּבִית,0,0,0,0,0,0,0,0,0,0
נֶקַע,0,0,0,0,0,1,0,1,0,0
לְהִשְׂתָרֵעַ,0,0,0,0,0,0,0,0,0,0
תַרסִיס,0,0,0,0,0,0,0,0,0,0
התפשטות,0,0,0,0,0,0,0,0,0,0
בּוּלמוּס,0,0,0,0,0,1,0,0,0,0
הַתָזָה,0,0,0,0,0,0,0,0,0,0
שֵׁדוֹן,0,0,0,1,0,1,0,0,0,0
להנביט,0,0,0,0,0,0,0,0,0,0
אַשׁוּחִית,0,0,0,0,0,0,1,0,0,0
שְׁלוּחָה,0,0,0,1,0,0,0,0,0,0
מְזוּיָף,0,0,1,0,0,1,0,0,0,0
דרבן,0,0,0,0,0,0,0,0,0,0
פֶּרֶץ,0,0,0,0,0,0,0,0,0,0
מרגל,0,0,0,0,0,0,0,0,0,0
חוּלִיָה,0,0,0,0,0,0,0,0,0,0
פְּלוּגָה,0,0,0,0,0,0,0,0,0,0
תְזָזִית,0,0,0,1,0,1,0,1,0,0
קשקשי,0,0,0,0,0,0,0,0,0,0
כיכר,0,0,0,0,0,0,0,0,0,0
שָׁפוּף,0,0,0,0,0,0,0,0,0,0
פּוֹלֵשׁ,0,0,0,0,0,1,0,0,0,0
חֲרִיקָה,0,0,0,0,0,0,0,0,0,0
לְהַלשִׁין,0,0,0,0,0,0,0,0,0,0
רָגִישׁ,0,0,1,1,0,1,0,0,0,0
למחוץ,0,0,0,0,0,0,0,0,0,0
סְחִיטָה,0,0,0,0,0,0,0,0,0,0
לְהַשְׁתִיק,1,0,1,0,0,1,0,0,0,0
פְּזִילָה,0,0,0,0,0,0,0,0,0,0
נושא כלים,0,0,0,0,0,0,0,0,0,0
לְהִתְפַּתֵל,0,0,1,0,0,1,0,0,0,0
סנאי,0,0,0,0,0,0,0,0,0,0
לְהַשְׁפּרִיץ,0,0,0,0,0,0,0,0,0,0
לִדקוֹר,1,0,0,1,0,1,0,1,1,0
יַצִיבוּת,0,0,0,0,0,0,0,0,0,0
יַצִיב,0,0,0,0,0,0,1,0,0,1
סטַקָטוֹ,0,0,0,0,0,0,1,0,0,0
לַעֲרוֹם,0,0,0,0,0,0,0,0,0,0
צוות,0,0,0,0,0,0,0,0,0,0
צְבִי,0,0,0,0,0,0,0,0,0,0
שלב,0,0,0,0,0,0,0,0,0,0
לְהִתְנוֹדֵד,0,0,0,0,0,0,0,0,1,0
מַדְהִים,0,0,0,0,0,1,0,0,0,0
אָדִישׁ,0,0,0,0,0,1,0,1,0,0
קִפּאוֹן,0,0,0,0,0,0,0,0,0,0
מָתוּן,0,0,0,0,0,0,0,0,0,0
כֶּתֶם,0,0,1,0,0,1,0,0,0,0
אל חלד,0,0,0,0,0,0,1,0,0,0
מדרגה,0,0,0,0,0,0,0,0,0,0
מדרגות,0,0,0,0,0,0,0,0,0,0
חדר מדרגות,0,0,0,0,0,0,0,0,0,0
לְהַמֵר,0,0,0,0,0,0,0,0,0,0
לֹא טָרִי,0,0,0,0,0,1,0,0,0,0
מָבוֹי סָתוּם,1,0,1,0,0,0,0,0,0,0
גִבעוֹל,0,0,0,1,0,1,0,0,0,0
דוּכָן,0,0,1,0,0,0,0,0,0,0
סוּס הַרבָּעָה,0,0,0,0,0,0,1,0,0,0
דוכנים,0,0,0,0,0,0,0,0,0,0
איתן,0,0,0,0,0,0,1,0,0,0
כּוֹשֵׁר עֲמִידָה,0,0,0,0,0,0,1,0,0,1
חותמת,0,0,0,0,0,0,0,0,0,0
לַעֲמוֹד,0,0,0,0,0,0,0,0,0,0
תֶקֶן,0,0,0,0,0,0,0,0,0,0
לְתַקְנֵן,0,0,0,0,0,0,0,0,0,0
עוֹמֵד,0,0,0,0,0,0,1,0,0,0
תֵיקוּ,1,0,0,1,0,1,0,0,0,0
בְּחִינָה,0,0,0,0,0,0,0,0,0,0
עמוד דום,1,0,0,0,0,1,0,0,0,0
חֲרוּזָה,0,0,0,0,0,0,0,0,0,0
מִצרָך,0,0,0,0,0,0,0,0,0,0
כוכב,0,1,0,0,1,0,1,0,0,1
ימינה,0,0,0,0,0,0,0,0,0,0
עֲמִילָן,0,0,0,0,0,0,0,0,0,0
לבהות,0,0,0,0,0,0,0,0,0,0
בוהה,0,0,0,0,0,1,0,0,0,0
מוּחלָט,0,0,0,0,0,1,0,0,0,1
אור כוכבים,0,0,0,0,0,0,1,0,0,0
זָרוּעַ כּוֹכָבִים,0,1,0,0,1,0,1,0,0,0
כוכבים,0,0,0,0,0,0,0,0,0,0
הַתחָלָה,0,1,0,0,0,0,0,0,0,0
לְהַבהִיל,0,0,0,1,0,1,0,0,1,0
מבהיל,0,0,0,0,0,0,0,0,1,0
רָעָב,0,0,0,1,0,1,0,1,0,0
מוּרעָב,0,0,0,0,0,1,0,0,0,0
רעב,0,0,0,0,0,1,0,0,0,0
מדינה,0,0,0,0,0,0,0,0,0,0
מַרשִׁים,0,0,0,0,0,0,1,0,0,0
הַצהָרָה,0,0,0,0,0,0,1,0,0,1
תָא,0,0,0,0,0,0,0,0,0,0
מְדִינָאִי,0,0,0,0,0,0,0,0,0,0
סטָטִי,0,0,0,0,0,0,0,0,0,0
סטטיסטיקות,0,0,0,0,0,0,0,0,0,0
תַחֲנָה,0,0,0,0,0,0,0,0,0,0
יַצִיב,0,0,0,0,0,1,0,0,0,0
מַכשִׁירֵי כְּתִיבָה,0,0,0,0,0,0,0,0,0,0
סטָטִיסטִי,0,0,0,0,0,0,0,0,0,1
סטָטִיסטִיקָן,0,0,0,0,0,0,0,0,0,0
גַלגַל מְכַוֵן,0,0,0,0,0,0,0,0,0,0
פֶּסֶל,0,0,0,0,0,0,0,0,0,0
פסל,0,0,0,0,0,0,1,0,0,0
פִּסלוֹן,0,0,0,0,0,0,0,0,0,0
קוֹמָה,0,0,0,0,0,0,0,0,0,0
סטָטוּס,0,0,0,0,0,0,1,0,0,0
חוֹק,0,0,0,0,0,0,0,0,0,0
מְעוּגָן בַּחוֹק,0,0,0,0,0,0,0,0,0,0
נֶאֱמָן,0,0,0,0,0,0,1,0,0,0
מִשׁעֶנֶת,0,0,0,0,0,1,0,0,0,0
שָׁהוּת,0,0,0,0,0,0,0,0,0,0
נשאר,0,0,0,0,0,0,0,0,0,0
נשאר,0,0,0,0,0,0,0,0,0,0
במקום,0,0,0,0,0,0,0,0,0,0
איתן,0,0,0,0,0,0,1,0,0,1
יַצִיב,0,0,0,0,0,0,0,0,1,1
לִגנוֹב,1,0,0,1,0,1,0,1,0,0
גניבה,0,0,1,1,0,1,0,0,0,0
הִתגַנְבוּת,0,0,0,0,0,0,0,0,1,0
בגניבה,0,0,0,0,0,0,0,0,1,0
חֲשָׁאִי,0,1,0,1,0,1,0,0,1,0
סירת מנוע,0,0,0,0,0,0,0,0,0,0
אֳנִיַת קִיטוֹר,0,0,0,0,0,0,0,0,0,0
גלגלת קיטור,0,0,0,0,0,0,0,0,0,0
אֳנִיַת קִיטוֹר,0,0,0,0,0,0,0,0,0,0
מְאוּדֶה,0,0,0,0,0,0,0,0,0,0
פְּלָדָה,0,0,0,0,0,0,0,0,0,0
תָלוּל,0,0,0,0,0,0,0,0,0,0
צָרִיחַ,0,0,0,0,0,0,0,0,0,0
לְהַטוֹת,0,0,0,0,0,0,0,0,0,0
כּוֹכָבִי,0,0,0,0,0,0,1,0,0,0
גֶזַע,0,0,0,0,0,0,0,0,0,0
צַחֲנָה,0,0,0,0,0,0,0,0,0,0
סטֶנסִיל,0,0,0,0,0,0,0,0,0,0
שלב,0,0,0,0,0,0,0,0,0,0
עֲרָבָה,0,0,0,0,0,0,0,0,0,0
צעדים,0,0,0,0,0,0,0,0,0,0
סטריאוסקופית,0,0,0,0,0,0,0,0,0,0
סטֵרֵאוֹטִיפּ,0,0,0,0,0,1,0,0,0,0
סטריאוטיפי,0,0,0,0,0,1,0,0,0,0
סטֵרִילִי,0,0,0,0,0,1,0,1,0,0
עֲקָרוּת,0,0,0,0,0,1,0,0,0,0
שׁטֶרלִינג,1,1,0,0,1,1,1,0,0,1
ירכתי ספינה,0,0,0,0,0,1,0,0,0,0
מַסכֵּת,0,0,0,0,0,0,0,0,0,0
נזיד,0,0,0,0,0,0,0,0,0,0
מֶלְצַר,0,0,0,0,0,0,1,0,0,1
סַדרָנוּת,0,0,0,0,0,0,0,0,0,0
מקל,0,0,0,0,0,0,0,0,0,0
דִבּוּק,0,0,0,0,0,0,0,0,0,0
דָבִיק,0,0,1,0,0,0,0,0,0,0
נוּקשֶׁה,0,0,0,0,0,1,0,0,0,0
לְהַקְשִׁיחַ,0,0,0,0,0,0,0,0,0,0
נוּקְשׁוּת,0,0,0,0,0,1,0,0,0,0
לְהַחנִיק,0,0,0,0,0,1,0,0,0,0
חָנוּק,1,0,0,1,0,1,0,1,0,0
מַחֲנִיק,0,0,0,0,0,0,0,0,0,0
סטִיגמָה,1,0,1,1,0,1,0,1,0,0
מַדרֵגוֹת,0,0,0,0,0,0,0,0,0,0
פִּגיוֹן,0,0,0,0,0,0,0,0,0,0
נוֹלָד מֵת,0,0,0,0,0,1,0,1,0,0
דוּמִיָה,0,0,0,1,0,0,1,1,0,0
קַבַּיִם,0,0,0,0,0,0,0,0,0,0
מַמרִיץ,0,0,0,0,0,0,0,0,0,0
גְרִיָה,0,0,0,0,0,0,0,0,0,0
גירוי,0,0,0,0,0,0,0,0,0,0
לַעֲקוֹץ,1,0,0,1,0,1,0,0,0,0
עוקץ,0,0,0,0,0,1,0,0,0,0
קַמצָן,1,0,1,1,0,1,0,1,0,0
לְהַסרִיחַ,0,0,1,0,0,1,0,0,0,0
מַסרִיחַ,0,0,1,0,0,1,0,0,0,0
לְקַמֵץ,0,0,0,1,0,1,0,1,0,0
לְהַתְנוֹת,0,0,0,0,0,0,0,0,0,0
תְנָיָה,0,0,0,0,0,0,0,0,0,0
לְרַגֵשׁ,0,0,0,0,0,0,0,0,0,0
בְּחִישָׁה,0,0,0,0,0,0,0,0,0,0
תפר,0,0,0,0,0,0,0,0,0,0
המניה,0,0,0,0,0,0,0,0,0,0
בְּרוֹקֶר,0,0,0,0,0,0,0,0,0,0
גֶרֶב,0,0,0,0,0,0,0,0,0,0
מניות,0,0,0,0,0,1,0,0,0,0
צָעִיף,0,0,0,0,0,0,0,0,0,0
גָנוּב,1,0,0,0,0,1,0,0,0,0
בֶּטֶן,0,0,1,0,0,0,0,0,0,0
אֶבֶן,1,0,0,0,0,1,0,0,0,0
מַסטוּל,0,0,0,0,0,1,0,0,0,0
כְּלֵי חֶרֶס,0,0,0,0,0,0,0,0,0,0
סַלעִי,0,0,0,0,0,0,0,0,0,0
שְׁרַפרַף,0,0,0,0,0,0,0,0,0,0
צואה,0,0,1,0,0,1,0,0,0,0
לְהִתְכּוֹפֵף,0,0,0,0,0,0,0,0,0,0
תפסיק,0,0,0,0,0,0,0,0,0,0
עֲצִירָה,0,0,0,0,0,1,0,0,0,0
פְּקָק,0,0,0,0,0,0,0,0,0,0
סְתִימָה,0,0,0,0,0,0,0,0,0,0
סטוֹפֶּר,0,0,0,0,0,0,0,0,0,0
אִחסוּן,0,0,0,0,0,0,0,0,0,0
חנות,0,1,0,0,0,0,1,0,0,0
מַחסָן,0,0,0,0,0,0,0,0,0,0
אחסון,0,0,0,0,0,0,0,0,0,0
סערה,1,0,0,0,0,1,0,0,0,0
גוֹעֵשׁ,1,0,0,0,0,0,0,0,0,0
סוֹעֵר,0,0,0,1,0,1,0,0,0,0
כַּתָבָה,0,0,0,0,0,0,0,0,0,0
סטָאוּט,0,0,0,0,0,0,0,0,0,0
תַנוּר,0,0,0,0,0,0,0,0,0,0
לְאַחסֵן,0,0,0,0,0,0,0,0,0,0
לְפַשֵׂק,0,0,0,0,0,0,0,0,0,0
לְסַדֵר,0,0,0,0,0,0,0,0,0,0
פָּשׁוּט,0,0,0,0,0,0,1,0,0,1
לְאַלתַר,0,0,0,0,0,0,0,0,0,0
מָתוּחַ,1,0,0,0,0,1,0,0,0,0
מֵצַר,0,0,0,0,0,0,0,0,0,0
מְצוּקָה,0,0,0,1,0,1,0,0,0,0
גָדִיל,0,0,0,0,0,0,0,0,0,0
נָטוּשׁ,0,0,0,0,0,1,0,0,0,0
זָר,0,0,0,1,0,1,0,0,0,0
לַחֲנוֹק,1,0,1,1,0,1,0,1,1,0
רצועה,0,0,0,0,0,0,0,0,0,0
חָסוּן וְגָבוֹהָ,0,0,0,0,0,0,0,0,0,0
רְבָדִים,0,0,0,0,0,0,0,0,0,0
אסטרטגי,0,0,0,0,0,0,1,0,0,0
תַכסִיסָן,0,1,0,0,0,0,1,0,0,1
אִסטרָטֶגִיָה,0,0,0,0,0,0,0,0,0,0
רִבּוּד,0,0,0,0,0,0,0,0,0,0
שִׁכבָה,0,0,0,0,0,0,0,0,0,0
שכבה,0,0,0,0,0,0,0,0,0,0
קש,0,0,0,0,0,0,0,0,0,0
לִסְטוֹת,0,0,0,0,0,1,0,0,0,0
פַּס,0,0,0,0,0,0,0,0,0,0
מפוספס,0,0,0,0,0,0,0,0,0,0
זרם,0,0,0,0,0,0,0,0,0,0
דִגלוֹן,0,0,0,0,0,0,0,0,0,0
נְהִירָה,0,0,0,0,0,0,0,0,0,0
רְחוֹב,0,0,0,0,0,0,0,0,0,0
כוח,0,0,0,0,0,0,1,0,0,1
לְחַזֵק,0,0,0,0,0,0,1,0,0,0
הִתחַזְקוּת,0,0,0,0,1,0,1,0,0,1
מְאוּמָץ,0,0,0,0,0,0,0,0,0,0
לחץ,0,0,0,0,0,1,0,0,0,0
לִמְתוֹחַ,0,0,0,0,0,0,0,0,0,0
אֲלוּנקָה,0,0,0,1,0,0,0,1,0,0
מוּכֶּה,0,0,0,0,0,0,0,1,0,0
לִצְעוֹד,0,0,0,0,0,0,0,0,0,0
מְרִיבָה,1,0,0,0,0,1,0,0,0,0
לְהַכּוֹת,1,0,0,0,0,1,0,0,0,0
מהמם,0,0,0,0,0,0,1,0,0,0
באופן מדהים,0,0,0,0,0,0,1,0,0,0
חוּט,0,0,0,0,0,0,0,0,0,0
חוּטִי,0,0,0,0,0,0,0,0,0,0
לְהִתְפַּשֵׁט,0,0,0,0,0,1,0,1,0,0
פס,0,0,0,0,0,1,0,0,0,0
חָשׂוּף,1,1,1,1,0,1,0,1,0,0
לִשְׁאוֹף,0,1,0,0,0,0,0,0,0,0
strobe,0,0,0,0,0,0,0,0,0,0
שבץ,0,0,0,1,0,1,0,1,0,0
לְהִתְהַלֵך,0,0,0,0,0,0,0,0,0,0
מָעוֹז,0,0,0,0,0,0,0,0,0,0
בְּתוֹקֶף,0,0,0,0,0,0,1,0,0,0
מִבנִי,0,0,0,0,0,0,0,0,0,1
מִבְנֶה,0,0,0,0,0,0,1,0,0,1
מַאֲבָק,1,0,0,1,0,1,0,1,0,0
יָתֵד,0,0,0,0,0,1,0,0,0,0
זִיפֵי זָקָן,0,0,0,0,0,0,0,0,0,0
עקשנות,0,0,0,0,0,0,0,0,0,0
קָצָר וְעָבֶה,0,0,0,0,0,0,0,0,0,0
טִיחַ הַתָזָה,0,0,0,0,0,0,0,0,0,0
תָקוּעַ,0,0,0,0,0,0,0,0,0,0
סוּס הַרבָּעָה,0,0,0,0,0,0,1,0,0,0
משובץ,0,0,0,0,0,0,0,0,0,0
סטוּדֶנט,0,0,0,0,0,0,0,0,0,0
מְחוֹשָׁב,0,0,0,0,0,0,0,0,0,0
סטוּדִיוֹ,0,0,0,0,0,0,0,0,0,0
לימוד,0,0,0,0,0,0,1,0,0,0
דברים,0,0,0,0,0,0,0,0,0,0
מְלִית,0,0,0,0,0,0,0,0,0,0
מַחֲנִיק,0,0,0,0,0,1,0,0,0,0
לִמְעוֹד,0,0,0,0,0,1,0,0,0,0
גֶדֶם,0,0,0,0,0,0,0,0,0,0
הָמוּם,0,0,0,1,0,1,0,0,1,0
לְעַכֵּב,0,0,0,0,0,0,0,0,0,0
נבדל,0,0,0,0,0,1,0,0,0,0
כַּבִּיר,0,0,0,0,0,0,0,0,0,0
מְטוּפָּשׁ,0,0,0,0,0,1,0,0,0,0
טִפּשׁוּת,0,0,0,0,0,1,0,0,0,0
קֵהוּת,0,0,0,0,0,1,0,0,0,0
חָסוֹן,0,0,0,0,0,0,1,0,0,0
חִדקָן,0,0,0,0,0,0,0,0,0,0
לְגַמגֵם,0,0,0,0,0,0,0,0,0,0
דִיר חֲזִירִים,0,0,1,0,0,1,0,0,0,0
סִגְנוֹן,0,0,0,0,0,0,0,0,0,0
מסוגנן,0,0,0,0,0,0,0,0,0,0
תת-אטומי,0,0,0,0,0,0,0,0,0,0
וַעֲדַת מִשׁנֶה,0,0,0,0,0,0,0,0,0,0
תַת הַכָּרָתִי,0,0,0,0,0,0,0,0,0,0
תַת עוֹרִי,0,0,0,0,0,0,0,0,0,0
לְסַעֵף,0,0,0,0,0,0,0,0,0,0
תַת מַחלָקָה,0,0,0,0,0,0,0,0,0,0
הנפה,0,0,0,0,0,0,0,0,0,0
לְהַכנִיעַ,0,0,0,0,0,1,0,0,0,0
מאופק,0,0,0,0,0,0,0,0,0,0
subito,0,0,0,0,0,0,0,0,1,0
נושא,0,0,0,0,0,1,0,0,0,0
נתון,0,0,0,0,0,1,0,1,0,0
הִשׁתַעבְּדוּת,0,0,0,0,0,1,0,0,0,0
סובייקטיבי,0,0,0,0,0,0,0,0,0,0
שִׁעבּוּד,1,0,1,1,0,1,0,1,0,0
הַאֲצָלָה,0,0,0,0,1,0,1,0,0,0
תַת הַכָּרָתִי,0,0,0,0,0,0,0,0,0,0
צוֹלֶלֶת,0,0,0,0,0,0,0,0,0,0
שָׁקוּעַ,0,0,0,0,0,0,0,0,0,0
צוללת,0,0,0,0,0,0,0,0,0,0
כניעה,0,0,0,0,0,0,0,0,0,0
שלח,0,1,0,0,0,0,0,0,0,0
כָּפוּף,0,0,0,1,0,1,0,0,0,0
כְּפִיפוּת,0,0,0,0,0,0,0,0,0,0
עלילת משנה,0,0,0,0,0,0,0,0,0,0
הַזמָנָה,0,0,0,0,0,1,0,0,0,0
להירשם,0,1,0,0,0,0,0,0,0,0
מִנוּי,0,0,0,0,0,0,0,0,0,0
המשך,0,0,0,0,0,0,0,0,0,0
לאחר מכן,0,0,0,0,0,0,0,0,0,0
כתוצאה מכך,0,0,0,0,0,0,0,0,0,0
תת-קבוצה,0,0,0,0,0,0,0,0,0,0
לִשְׁקוֹעַ,0,0,0,0,0,0,0,0,0,0
שְׁקִיעָה,0,0,0,0,0,1,0,1,0,0
חברה בת,0,0,0,0,0,0,0,0,0,0
לְסַבְּסֵד,0,0,0,0,0,0,0,0,0,0
סוּבּסִידִיָה,1,0,1,0,0,1,0,0,0,0
להתקיים,0,0,0,0,0,1,0,0,0,0
קִיוּם,0,0,0,0,0,0,0,0,0,0
תַשׁתִית,0,0,0,0,0,0,0,0,0,0
חומר,0,0,0,0,0,0,1,0,0,0
באופן מהותי,0,0,0,0,0,0,0,0,0,0
לְהוֹכִיחַ,0,0,0,0,0,0,0,0,0,1
מַמָשִׁי,0,0,0,0,0,0,1,0,0,0
תחליף,0,0,0,0,0,0,0,0,0,0
מוחלף,0,0,0,0,0,0,0,0,0,0
החלפה,0,0,0,0,0,0,0,0,0,0
מַסָד,0,0,0,0,0,0,0,0,0,0
תַת קַרקַעִי,0,0,0,0,0,0,0,0,0,0
עָדִין,0,0,0,0,0,0,0,0,0,0
עֲדִינוּת,0,0,0,0,0,0,0,0,0,0
להחסיר,0,0,0,0,0,1,0,0,0,0
חִסוּר,0,0,0,0,0,0,0,0,0,0
תת סוג,0,0,0,0,0,0,0,0,0,0
פרבר,0,0,0,0,0,0,0,0,0,0
פַּרבַרִי,0,0,0,0,0,0,0,0,0,0
פרברים,0,0,0,0,0,0,0,0,0,0
חַתרָנוּת,1,0,0,1,0,1,0,0,0,0
חַתרָנִי,1,0,0,0,0,1,0,0,1,0
לְעַרְעֵר,0,0,1,1,0,1,0,1,0,0
רכבת תחתית,0,0,0,0,0,0,0,0,0,0
מצליח,0,1,0,0,1,0,1,0,1,1
מצליחים,0,1,0,0,1,0,1,0,0,1
הַצלָחָה,0,1,0,0,1,0,1,0,0,0
מוּצלָח,0,1,0,0,1,0,1,0,0,1
יְרוּשָׁה,0,0,0,0,0,0,0,0,0,0
רצוף,0,0,0,0,0,0,0,0,0,0
יוֹרֵשׁ,0,0,0,0,0,0,0,0,0,0
תַמצִיתִי,0,0,0,0,0,0,1,0,0,0
עֲסִיסִי,0,0,0,0,0,1,1,0,0,0
לְהִכָּנֵעַ,0,0,0,0,0,1,0,0,0,0
לִמְצוֹץ,0,0,0,0,0,1,0,0,0,0
פֶּתִי,1,0,0,0,0,1,0,0,0,0
יְנִיקָה,0,0,0,0,0,0,0,0,0,0
יְנִיקָה,0,0,0,0,0,0,0,0,0,0
יְנִיקָה,0,0,0,0,0,0,0,0,0,0
פִּתְאוֹמִי,0,0,0,0,0,0,0,0,1,0
פִּתְאוֹם,0,0,0,0,0,0,0,0,1,0
לתבוע,1,0,0,0,0,1,0,1,0,0
סובל,0,0,0,0,0,1,0,0,0,0
סובל,0,0,0,1,0,1,0,1,0,0
סֵבֶל,0,0,1,1,0,1,0,1,0,0
לְהַספִּיק,0,0,0,0,0,0,0,0,0,0
הִסתַפְּקוּת,0,0,0,0,0,0,1,0,0,0
מַסְפִּיק,0,0,0,0,0,0,0,0,0,0
מספיק,0,0,0,0,0,0,0,0,0,0
סִיוֹמֶת,0,0,0,0,0,0,0,0,0,0
מחנק,0,0,1,1,0,1,0,1,0,0
חֶנֶק,1,0,0,1,0,1,0,0,0,0
סוכר,0,0,0,0,0,0,1,0,0,0
לְהַצִיעַ,0,0,0,0,0,0,0,0,0,1
הַצָעָה,0,0,0,0,0,0,0,0,0,0
מְרַמֵז,0,0,0,0,0,0,0,0,0,0
הִתאַבְּדוּתִי,1,0,1,1,0,1,0,1,0,0
הִתאַבְּדוּת,1,0,0,1,0,1,0,1,0,0
חליפה,0,0,0,0,0,0,0,0,0,0
מַתְאִים,0,0,0,0,0,0,1,0,0,0
סְוִיטָה,0,0,0,0,0,0,0,0,0,0
מְחַזֵר,0,0,0,0,0,0,0,0,0,0
קוֹדֵר,1,0,0,0,0,1,0,1,0,0
גוֹפרִית,0,0,0,0,0,0,0,0,0,0
סולטן,0,0,0,1,0,0,0,0,0,0
מַחֲנִיק,0,0,0,0,0,0,1,0,0,0
סְכוּם,0,0,0,0,0,0,0,0,0,0
לסיכום,0,0,0,0,0,0,0,0,0,0
לְסַכֵּם,0,0,0,0,0,0,0,0,0,0
סיכום,0,0,0,0,0,0,0,0,0,0
סיכום,0,0,0,0,0,0,0,0,0,0
קַיִץ,0,0,0,0,0,0,0,0,0,0
פִּסגָה,0,0,0,0,0,0,0,0,0,0
לְזַמֵן,0,0,0,0,0,0,0,0,0,0
הַזמָנָה,0,0,0,0,0,1,0,0,0,0
סומו,0,0,0,0,0,0,0,0,0,0
עוּקָה,0,0,1,0,0,0,0,0,0,0
מְפוֹאָר,0,0,0,0,0,0,0,0,0,0
שמש,0,1,0,0,1,0,1,0,1,1
קֶרֶן שֶׁמֶשׁ,0,0,0,0,0,0,0,0,0,0
שָׁעוֹן שֶׁמֶשׁ,0,1,0,0,0,0,0,0,0,1
שקיעה,0,0,0,0,0,0,0,0,0,0
שונות,0,0,0,0,0,0,0,0,0,0
משקפי שמש,0,0,0,0,0,0,0,0,0,0
מישקפי שמש,0,0,0,0,0,0,0,0,0,0
שקוע,0,0,1,1,0,1,0,1,0,0
ללא שמש,0,0,0,0,0,0,0,0,0,0
אוֹר שֶׁמֶשׁ,0,0,0,0,0,0,0,0,0,0
שִׁמשִׁי,0,1,0,0,1,0,1,0,1,0
זריחה,0,0,0,0,0,0,0,0,0,0
שקיעת השמש,0,1,0,0,0,0,1,0,0,0
אוֹר שֶׁמֶשׁ,0,0,0,0,1,0,1,0,0,0
פנסיה,0,0,0,0,0,0,0,0,0,0
מְצוּיָן,0,0,0,0,0,0,1,0,0,0
שטחי,0,0,0,0,0,1,0,0,0,0
מְיוּתָר,0,0,0,0,0,1,0,0,0,0
על אנושי,0,0,0,0,0,0,1,0,0,0
מוטל מעל,0,0,0,0,0,0,0,0,0,0
מְפַקֵחַ,0,0,0,0,0,0,0,0,0,0
עליון,0,0,0,0,0,0,1,0,0,0
עֶליוֹנוּת,0,0,0,0,0,0,1,0,0,0
מוּפלָג,0,0,0,0,0,0,0,0,0,0
סוּפֶּרמֶן,0,0,0,0,1,0,1,0,0,1
סוּפֶּרמַרקֶט,0,0,0,0,0,0,0,0,0,0
סופרנטנט,0,0,0,0,0,0,0,0,0,0
עַל טִבעִי,0,0,0,0,0,0,0,0,0,0
חֲפִיפָה,0,0,0,0,0,0,0,0,0,0
מחליף,0,0,0,0,0,0,0,0,0,0
כוכב על,0,0,0,0,1,0,1,0,0,1
אֱמוּנָה טְפֵלָה,0,0,0,1,0,1,1,0,0,0
אמונות טפלות,0,1,0,1,0,1,0,0,0,0
לְפַקֵחַ,0,0,0,0,0,0,0,0,0,0
הַשׁגָחָה,0,0,0,0,0,0,0,0,0,0
מְפַקֵחַ,0,0,0,0,0,0,0,0,0,0
אֲרוּחַת עֶרֶב,0,0,0,0,0,0,0,0,0,0
להחליף,0,0,0,0,0,0,0,0,0,0
גָמִישׁ,0,0,0,0,0,0,0,0,0,0
לְהַשְׁלִים,0,0,0,0,0,0,0,0,0,0
משלים,0,0,0,0,0,0,0,0,0,0
מַשׁלִים,0,0,0,0,0,0,0,0,0,0
תַחֲנוּן,0,0,0,0,0,0,1,0,0,1
אספקה,0,0,0,0,0,0,1,0,0,0
לְסַפֵּק,0,0,0,0,0,0,1,0,0,0
נתמך,0,0,0,0,0,0,1,0,0,0
תוֹמֵך,0,0,0,0,1,0,1,0,0,1
תומכים,0,0,0,0,0,0,0,0,0,0
תומך,0,0,0,0,0,0,1,0,0,1
לְהַנִיחַ,0,0,0,0,0,0,0,0,0,0
מניחה,0,0,0,0,0,0,0,0,0,0
הַנָחָה,0,0,0,0,0,0,0,0,0,0
לדכא,1,0,0,1,0,1,0,1,0,0
הַדחָקָה,1,0,1,1,0,1,0,0,0,0
עֶליוֹנוּת,1,1,0,1,1,1,1,0,1,1
עֶלִיוֹן,0,0,0,0,0,0,1,0,0,0
בצורה עילאית,0,0,0,0,0,0,1,0,0,0
תַשׁלוּם נוֹסָף,1,0,0,0,0,1,0,0,0,0
עֲרֵבוּת,0,0,0,0,0,0,1,0,0,1
לִגלוֹשׁ,0,0,0,0,0,0,0,0,0,0
משטח,0,0,0,0,0,0,0,0,0,0
לְהִתְנַחְשֵׁל,0,0,0,0,0,0,0,0,1,0
מְנַתֵחַ,0,0,0,0,0,0,0,0,0,0
כִּירוּרגִיָה,0,0,0,1,0,0,0,1,0,0
זָעוּף,1,0,1,0,0,1,0,0,0,0
לְשַׁעֵר,0,0,0,0,0,0,1,0,0,0
שֵׁם מִשׁפָּחָה,0,0,0,0,0,0,0,0,0,0
מְצוּיָן,0,0,0,0,0,0,1,0,0,0
עוֹדֵף,0,0,0,0,0,0,0,0,0,0
הַפתָעָה,0,0,0,1,1,0,1,0,1,0
מוּפתָע,0,0,0,0,0,0,0,0,1,0
מַפתִיעַ,0,0,0,0,0,0,0,0,1,0
למרבה ההפתעה,0,1,0,0,0,0,0,0,1,0
כְּנִיעָה,0,0,0,1,0,1,0,1,0,0
נכנע,0,0,0,0,0,1,0,1,0,0
תַחֲלִיף,0,0,0,0,0,0,0,0,0,1
לְהַקִיף,0,1,0,0,0,1,1,0,0,0
מַקִיף,0,0,0,0,0,0,0,0,0,0
הסביבה,0,0,0,0,0,0,0,0,0,0
הַשׁגָחָה,0,0,0,1,0,0,0,0,0,0
סֶקֶר,0,0,0,0,0,0,0,0,0,0
מדידות,0,0,0,0,0,0,1,0,0,0
מוֹדֵד,0,0,0,0,0,0,0,0,0,0
הישרדות,0,0,0,0,0,0,0,0,0,0
לִשְׂרוֹד,0,0,0,0,0,0,1,0,0,0
לשרוד,0,0,0,0,0,0,0,0,0,0
רְגִישׁוּת,0,0,0,0,0,0,0,0,0,0
רָגִישׁ,0,0,0,0,0,1,0,0,0,0
חָשׁוּד,0,0,0,1,0,1,0,0,0,0
חשוד,0,0,0,0,0,0,0,0,0,0
לְהַשְׁעוֹת,0,0,0,0,0,0,0,0,0,0
מוּשׁהֶה,0,0,0,0,0,0,0,0,0,0
בִּירִיוֹת,0,0,0,0,0,0,0,0,0,0
מֶתַח,0,1,0,1,0,0,0,0,1,0
הַשׁעָיָה,0,0,0,1,0,1,0,0,0,0
חֲשָׁד,0,0,0,1,0,1,0,0,0,0
חשדות,0,0,0,0,0,0,0,0,0,0
חָשׁוּד,1,1,0,0,0,1,0,0,0,0
ממושך,0,0,0,0,0,0,0,0,0,0
מִחיָה,0,0,0,0,0,0,0,0,0,0
תֶפֶר,0,0,0,0,0,0,0,0,0,0
סְפוֹגִית,0,0,0,0,0,1,0,0,0,0
הִתנוֹעֲעוּת,0,0,0,0,0,0,0,0,0,0
יְהִירוּת,0,0,0,0,0,0,0,0,0,0
לִבלוֹעַ,0,0,0,0,0,0,0,0,0,0
לְהַצִיף,0,0,1,1,0,1,0,0,0,0
מוצף,0,0,0,0,0,0,0,0,0,0
טוֹבְעָנִי,0,0,1,1,0,1,0,0,0,0
בַּרבּוּר,0,0,0,0,0,0,0,0,0,0
לְהַחלִיף,0,0,0,0,0,0,0,0,0,0
נָחִיל,0,0,1,0,0,0,0,0,0,0
נְהִירָה,0,0,0,0,0,0,0,0,0,0
צְלָב קֶרֶס,1,0,0,1,0,1,0,0,0,0
להתנדנד,0,0,0,0,0,0,0,0,0,0
לְקַלֵל,0,0,0,0,0,0,1,0,0,1
שְׁבוּעָה,0,0,0,0,0,0,0,0,0,0
לְהָזִיעַ,0,0,0,1,0,0,0,0,0,0
סווֶדֶר,0,0,0,0,0,0,0,0,0,0
מְיוֹזָע,0,0,0,0,0,0,0,0,0,0
לְטַאטֵא,0,0,0,0,0,0,0,0,0,0
סוֹחֵף,0,0,0,0,0,0,0,0,0,0
מתוק,0,1,0,0,1,0,1,0,1,1
לְהַמתִיק,0,0,0,0,0,0,0,0,0,0
מְמוּתָק,0,0,0,0,0,0,0,0,0,0
מַמתִיק,0,0,0,0,0,0,0,0,0,0
אהובה,0,1,0,0,1,0,1,1,0,1
מוֹתֶק,0,0,0,0,0,0,1,0,0,0
מְתִיקוּת,0,0,0,0,0,0,1,0,0,0
דִברֵי מְתִיקָה,0,1,0,0,1,0,1,0,0,0
לְהִתְנַפֵּחַ,0,0,0,0,0,0,0,0,0,0
נְפִיחוּת,0,0,0,1,0,1,0,0,0,0
מחלחל,0,0,0,0,0,0,0,0,0,0
לִסְטוֹת,0,0,0,1,0,0,0,0,1,0
מָהִיר,0,0,0,0,0,0,1,0,0,0
מַהֵר,0,0,0,0,0,0,0,0,0,0
לְגִימָה אֲרוּכָּה,0,0,1,0,0,1,0,0,0,0
לשחות,0,1,0,1,1,0,1,0,0,0
שחייה,0,0,0,0,0,0,0,0,0,0
חֲזִיר,0,0,1,0,0,1,0,0,0,0
נַדְנֵדָה,0,0,0,0,0,0,0,0,0,0
נִדנוּד,0,0,0,0,0,0,0,0,0,0
לְהַצְלִיף,0,0,0,0,0,0,0,0,0,0
החלף,0,0,0,0,0,0,0,0,0,0
לְהִסְתוֹבֵב,0,0,0,0,0,0,0,0,0,0
נפוח,0,0,0,0,0,1,0,0,0,0
לְהִתְעַלֵף,0,0,0,0,0,0,0,0,0,0
לָעוּט,0,0,0,0,0,0,0,0,0,0
חֶרֶב,0,0,0,0,0,0,0,0,0,0
הֲבָרָה,0,0,0,0,0,0,0,0,0,0
רשימת קריאה,0,0,0,0,0,0,0,0,0,0
סֵמֶל,0,0,0,0,0,0,0,0,0,0
סִמלִי,0,0,0,0,0,0,1,0,0,0
באופן סמלי,0,0,0,0,0,0,0,0,0,0
סִמלִיוּת,0,0,0,0,0,0,0,0,0,0
לְסַמֵל,0,0,0,0,0,0,0,0,0,0
סימטרי,0,0,0,0,0,0,0,0,0,0
סִימֶטרִי,0,0,0,0,0,0,1,0,0,0
סִימֶטרִיָה,0,0,0,0,1,0,1,0,0,1
אוֹהֵד,0,0,0,1,1,0,1,1,0,1
להזדהות,0,0,0,0,0,0,0,1,0,0
אַהֲדָה,0,0,0,0,0,0,1,1,0,0
סִימפוֹנִיָה,0,1,0,0,1,0,1,0,0,0
סימפטום,0,0,0,0,0,1,0,0,0,0
סימפטומטי,0,0,0,0,0,0,0,0,0,0
בית כנסת,0,0,0,0,0,0,0,0,0,0
לְסַנכְרֵן,0,1,0,0,1,0,1,0,1,1
סינכרוני,0,0,0,0,0,0,0,0,0,0
סִינקוֹפָּה,0,0,0,1,0,1,0,1,1,0
סִינדִיקָט,0,0,0,0,0,0,0,0,0,0
סינרגטי,0,0,0,0,0,0,1,0,0,1
סינרגיה,0,0,0,0,0,0,0,0,0,0
סינוד,0,0,0,0,0,0,1,0,0,1
שֵׁם נִרדָף,0,0,0,0,0,0,0,0,0,0
נִרדָף,0,0,0,1,0,1,1,0,0,1
תַקצִיר,0,0,0,0,0,0,0,0,0,0
תַמצִיתִי,0,0,0,0,0,0,0,0,0,0
תחביר,0,0,0,0,0,0,0,0,0,0
סִינתֶזָה,0,0,0,0,0,0,0,0,0,0
מְלָאכוּתִי,0,0,0,0,0,0,0,0,0,0
מַזרֵק,0,0,0,1,0,0,0,0,0,0
סירופ,0,0,0,0,0,0,0,0,0,0
מערכת,0,0,0,0,0,0,0,0,0,1
שִׁיטָתִי,0,0,0,0,0,0,0,0,0,0
באופן שיטתי,0,0,0,0,0,0,0,0,0,0
טאבי,0,0,0,0,0,0,0,0,0,0
מִשׁכָּן,0,0,0,0,0,0,0,0,0,0
שולחן,0,0,0,0,0,0,0,0,0,0
תְמוּנָה חַיָה,0,0,0,0,0,0,0,0,0,0
כַּף,0,0,0,0,0,0,0,0,0,0
לוּחַ,0,0,0,0,0,0,0,0,0,0
כלי שולחן,0,0,0,0,0,0,0,0,0,0
טאבו,0,0,1,1,0,1,0,0,0,0
לוּחִי,0,0,0,0,0,0,0,0,0,0
לְלַווֵחַ,0,1,0,0,0,0,0,0,0,0
לִוּוּחַ,0,0,0,0,0,0,0,0,0,0
מד טכומטר,0,0,0,0,0,0,0,0,0,0
שֶׁבִּשְׁתִיקָה,0,0,0,0,0,0,0,0,0,0
נַעַץ,0,0,0,0,0,0,0,0,0,0
לְהִתְמוֹדֵד,1,0,0,0,0,0,0,0,1,0
התמודדות,0,0,0,0,0,0,0,0,0,0
דָבִיק,0,0,0,0,0,0,0,0,0,0
טַקט,0,0,0,0,0,0,1,0,0,0
טַקטִיקָה,0,0,0,1,0,0,0,0,0,1
מִשׁוּשִׁי,0,0,0,0,0,0,0,0,0,0
טפטה,0,0,0,0,0,0,0,0,0,0
טפי,0,0,0,0,0,0,0,0,0,0
תָג,0,0,0,0,0,0,0,0,0,0
זָנָב,0,0,0,0,0,0,0,0,0,0
זנב,0,0,0,0,0,0,0,0,0,0
זנבות,0,0,0,0,0,0,0,0,0,0
לְהַתְאִים,0,0,0,0,0,0,0,0,0,0
חייטות,0,0,0,0,0,0,0,0,0,0
לְהַכתִים,0,0,0,0,0,1,0,1,0,0
לוקח,0,0,0,0,0,0,0,0,0,0
מַעֲשִׂיָה,0,0,0,0,0,0,1,0,0,0
כִּשָׁרוֹן,0,0,0,0,0,0,1,0,0,0
מוּכשָׁר,0,0,0,0,0,0,0,0,0,0
קָמִיעַ,0,0,0,0,0,0,1,0,0,0
דבר,0,0,0,0,0,0,1,0,0,0
פַּטפְּטָנִי,0,0,0,0,0,0,0,0,0,0
דַבְּרָן,0,0,0,0,0,0,0,0,0,0
גובה,0,0,0,0,0,0,0,0,0,0
מספרים,0,0,0,0,0,0,0,0,0,0
חֵלֶב,0,0,0,0,0,0,0,0,0,0
לִסְפּוֹר,0,0,0,0,0,0,0,0,0,0
טפרים,1,0,0,1,0,1,0,0,0,0
תוף מרים,0,0,0,0,0,0,0,0,0,0
אִלוּף,0,0,0,0,0,0,0,0,0,0
לְהִשְׁתַזֵף,0,0,0,0,0,0,0,0,0,0
טנדם,0,0,0,0,0,0,0,0,0,1
רֵיחַ חָרִיף,0,0,0,0,0,0,0,0,0,0
מַשִׁיק,0,0,0,0,0,0,0,0,0,0
סְבַך,0,0,0,0,0,0,0,0,0,0
מְסוּבָּך,0,0,0,0,0,1,0,0,0,0
טַנק,0,0,0,0,0,0,0,0,0,0
שָׁזוּף,0,0,0,0,0,0,1,0,0,0
מפתה,0,1,0,0,1,1,1,0,1,0
שווה ערך,0,0,0,0,0,0,0,0,0,1
בֶּרֶז,0,0,0,0,0,0,0,0,0,0
קלטת,0,0,0,0,0,0,0,0,0,0
לְהִתְחַדֵד,0,0,0,0,0,0,0,0,0,0
מתחדד,0,0,0,0,0,0,0,0,0,0
גוֹבּלֶן,0,0,0,0,0,0,0,0,0,0
זֶפֶת,0,0,0,0,0,0,0,0,0,0
אִחוּר,0,0,0,0,0,1,0,0,0,0
מְפַגֵר,0,0,0,0,0,1,0,0,0,0
יַעַד,0,0,0,0,0,0,0,0,0,0
תַעֲרִיף,1,0,1,0,0,1,0,0,0,0
לְהַכתִים,0,0,1,0,0,1,0,1,0,0
לְהִתְעַכֵּב,0,0,0,0,0,1,0,0,0,0
טארט,0,0,0,0,0,0,0,0,0,0
טרטן,0,0,0,0,0,0,0,0,0,0
אבנית,0,0,0,0,0,0,0,0,0,0
מְשִׁימָה,0,0,0,0,0,0,1,0,0,0
צִיצִית,0,0,0,0,0,0,0,0,0,0
טַעַם,0,0,0,0,0,0,0,0,0,0
טָעִים,0,0,0,0,0,0,1,0,0,0
חֲסַר טַעַם,0,0,1,0,0,1,0,0,0,0
טְעִימָה,0,0,0,0,0,0,0,0,0,0
טָעִים,0,0,0,0,0,0,1,0,0,0
לִרְקוֹם,0,0,0,0,0,0,0,0,0,0
לְקַעֲקֵעַ,0,0,0,0,0,0,0,0,0,0
לימד,0,0,0,0,0,0,0,0,0,1
לְהִתְגַרוֹת,1,0,0,1,0,1,0,1,0,0
מָתוּחַ,0,0,0,0,0,0,0,0,0,0
מִסְבָּאָה,0,0,0,0,0,0,0,0,0,0
חוּם צָהוֹב,0,0,1,0,0,0,0,0,0,0
מַס,0,0,0,0,0,1,0,1,0,0
מונית,0,0,0,0,0,0,0,0,0,0
טקסונומיה,0,0,0,0,0,0,0,0,0,0
תה,0,0,0,0,0,0,0,0,0,0
לְלַמֵד,0,0,0,0,1,0,1,0,1,1
מוֹרֶה,0,0,0,0,0,0,1,0,0,1
הוֹרָאָה,0,0,0,0,0,0,0,0,0,0
קְבוּצָה,0,0,0,0,0,0,0,0,0,1
דוֹמֵעַ,0,0,1,1,0,0,0,1,0,0
לְהַקְנִיט,1,1,0,0,0,1,0,1,0,0
טיזר,0,0,0,0,0,0,0,0,0,0
מתגרה,1,0,0,1,0,1,0,0,0,0
פִּטמָה,0,0,0,0,0,0,0,0,0,0
טֶכנִי,0,0,0,0,0,0,0,0,0,0
טכניות,0,0,0,0,0,0,0,0,0,0
טכנאי,0,0,0,0,0,0,0,0,0,0
טֶכנוֹלוֹגִיָה,0,0,0,0,0,0,1,0,0,0
טד,0,0,0,0,0,0,0,0,0,0
מְשַׁעֲמֵם,0,0,0,0,0,1,0,0,0,0
שִׁעֲמוּם,0,0,0,0,0,1,0,0,0,0
שׂוֹרֵץ,0,0,1,0,0,0,0,0,0,0
בני נוער,0,0,0,0,0,1,1,0,0,0
שיניים,0,0,0,0,0,0,0,0,0,0
טפלון,0,0,0,0,0,0,0,0,0,0
מִברָק,0,0,0,0,0,0,0,0,0,0
טֵלֶגרָף,0,0,0,0,0,0,0,0,0,0
טֵלֵפוֹן,0,0,0,0,0,0,0,0,0,0
טֵלֶסקוֹפּ,0,0,0,0,0,0,0,0,0,0
טֵלֶסקוֹפִּי,0,0,0,0,0,0,0,0,0,0
טֵלֶוִיזִיָה,0,0,0,0,0,0,0,0,0,0
כַּספָּר,0,0,0,0,0,0,0,0,0,0
מספרים,0,0,0,0,0,0,0,0,0,0
מַלשִׁין,0,0,0,0,0,0,0,0,0,0
מזג,0,0,0,0,0,0,0,0,0,0
טמפ',0,0,0,0,0,0,0,0,0,0
טֶמפֶּרָמֶנט,0,0,0,0,0,0,0,0,0,0
מְתִינוּת,0,0,0,0,0,0,1,0,0,0
מְמוּזָג,0,0,0,0,0,0,0,0,0,1
טֶמפֶּרָטוּרָה,0,0,0,0,0,0,0,0,0,0
מזג,0,0,0,0,0,0,1,0,0,0
סְעָרָה,1,1,0,1,0,1,0,1,1,0
בית המקדש,0,0,0,0,0,0,0,0,0,0
זְמַנִי,0,0,0,0,0,0,0,0,0,0
זְמַנִית,0,0,0,0,0,0,0,0,0,0
זמני,0,0,0,0,0,0,0,0,0,0
לפתות,0,0,0,0,0,0,0,0,0,0
פיתוי,0,0,0,0,0,1,0,0,0,0
מפתה,0,0,0,0,0,0,0,0,0,0
עשר,0,0,0,0,0,0,0,0,0,0
עמיד,0,0,0,0,0,0,1,0,0,0
מִתעַקֵשׁ,0,0,0,0,0,0,1,0,0,0
עַקשָׁנוּת,0,0,0,0,0,0,1,0,0,0
חֲכִירָה,0,0,0,0,0,0,1,0,0,0
שׂוֹכֵר,0,0,0,0,0,0,1,0,0,0
מְגַמָה,0,0,0,0,0,0,0,0,0,0
מִכרָז,0,0,0,0,1,0,1,0,0,1
רוֹך,0,0,0,0,1,0,1,0,0,0
טיפול,0,0,0,0,0,0,0,0,0,0
גִיד,0,0,0,0,0,0,0,0,0,0
בֵּית דִירוֹת,0,0,0,0,0,1,0,0,0,0
עִקָרוֹן,0,0,0,0,0,0,0,0,0,0
עקרונות,0,0,0,0,0,0,0,0,0,0
פִּי עֲשָׂרָה,0,0,0,0,0,0,0,0,0,0
טֶנִיס,0,0,0,0,0,0,0,0,0,0
מָתוּחַ,0,0,0,0,0,0,0,0,0,0
מתיחה,0,0,0,0,0,0,0,0,0,0
מתח,1,0,0,0,0,0,0,0,0,0
אוֹהֶל,0,0,0,0,0,0,0,0,0,0
זְרוֹעַ,0,0,0,0,0,0,0,0,0,0
זְמַנִי,0,0,0,0,0,0,0,0,0,0
עֲשִׂירִית,0,0,0,0,0,0,0,0,0,0
עשיריות,0,0,0,0,0,0,0,0,0,0
קָלוּשׁ,0,0,0,0,0,0,0,0,0,0
קְבִיעוּת,0,0,0,0,0,0,0,0,0,0
פּוֹשֵׁר,0,0,0,0,0,0,0,0,0,0
טווח,0,0,0,0,0,0,0,0,0,0
מָסוֹף,0,0,0,1,0,1,0,1,0,0
"לבטל, לסיים",0,0,0,0,0,0,0,1,0,0
סיום,0,0,0,0,0,1,0,1,0,0
מָסוּף,0,0,0,0,0,0,0,0,0,0
טֶרמִיט,0,0,1,0,0,1,0,0,0,0
תנאים,0,0,0,0,0,0,0,0,0,0
שַׁחֲפִית,0,0,0,0,0,0,0,0,0,0
מְשּוּלָשׁ,0,0,0,0,0,0,0,0,0,0
מִרפֶּסֶת,0,0,0,0,0,0,0,0,0,0
יַבַּשׁתִי,0,0,0,0,0,0,0,0,0,0
נורא,1,0,1,1,0,1,0,1,0,0
נוֹרָא,0,0,0,0,0,0,0,1,0,0
שַׁפלָן,0,0,0,0,0,0,0,0,0,0
מְצוּיָן,0,0,0,0,0,0,0,1,0,0
טֵרִיטוֹרִיָאלִי,0,0,0,0,0,0,0,0,0,0
שֶׁטַח,0,0,0,0,0,0,0,0,0,0
טֵרוֹר,0,0,0,1,0,1,0,0,0,0
טֵרוֹר,1,0,1,1,0,1,0,1,0,0
מְחַבֵּל,1,0,1,1,0,1,0,1,1,0
לְהַשְׁלִיט טֶרוֹר,1,0,0,1,0,1,0,1,0,0
תַמצִיתִי,0,0,0,0,0,0,0,0,0,0
שלישי,0,0,0,0,0,0,0,0,0,0
מִבְחָן,0,0,0,0,0,0,0,0,0,0
בְּרִית,0,1,0,0,0,0,0,0,0,1
לְהַעִיד,0,0,0,0,0,0,0,0,0,0
תְעוּדַת הוֹקָרָה,0,0,0,0,0,0,0,0,0,0
עֵד,0,0,0,0,0,0,0,0,0,1
טֶטָנוּס,0,0,1,0,0,1,0,0,0,0
לִקְשׁוֹר,0,0,0,0,0,1,0,0,0,0
קשורים,0,0,0,0,0,0,0,0,0,0
טטרהדרלית,0,0,0,0,0,0,0,0,0,0
טֶקסט,0,0,0,0,0,0,0,0,0,0
ספר לימוד,0,0,0,0,0,0,0,0,0,0
טֶקסטִיל,0,0,0,0,0,0,0,0,0,0
רִקמָתִי,0,0,0,0,0,0,0,0,0,0
מרקם,0,0,0,0,0,0,0,0,0,0
אֲסִיר תוֹדָה,0,0,0,0,1,0,1,0,0,0
חג ההודיה,0,0,0,0,1,0,1,0,0,0
סְכָך,0,0,0,0,0,0,0,0,0,0
לְהַפְשִׁיר,0,0,0,0,0,0,0,0,0,0
תיאטרון,0,0,0,0,0,0,0,0,0,0
תיאטרלי,0,0,0,0,0,0,0,0,0,0
גְנֵבָה,1,0,1,1,0,1,0,1,0,0
תֵאִיזם,0,0,1,0,0,1,0,0,0,0
תיאיסטית,0,0,0,0,0,0,0,0,0,0
נושא,0,0,0,0,0,0,0,0,0,0
תֵאוֹקרָטִיָה,0,0,0,0,0,0,0,0,0,0
תיאוקרטי,1,0,0,1,0,1,0,1,0,1
תֵאוֹלוֹג,0,0,0,0,0,0,0,0,0,0
תיאולוגי,0,0,0,0,0,0,0,0,0,1
תֵאוֹלוֹגִיָה,0,1,0,0,0,0,0,0,0,0
מִשׁפָּט,0,0,0,0,0,0,0,0,0,1
תֵאוֹרֵטִי,0,0,0,0,0,0,1,0,0,0
תֵאוֹרִיָה,0,1,0,0,0,0,0,0,0,1
רְפוּאִי,0,0,0,0,1,0,1,0,0,1
תוֹרַת הָרִפּוּי,0,0,0,0,0,0,1,0,0,0
בערך,0,0,0,0,0,0,0,0,0,0
מִזֶה,0,0,0,0,0,0,0,0,0,0
עם זה,0,0,0,0,0,0,0,0,0,0
תֶרמִי,0,0,0,0,0,0,0,0,0,0
צמד תרמי,0,1,0,0,0,0,0,0,0,0
תֶרמוֹדִינָמִיקָה,0,0,0,0,0,0,0,0,0,0
מד חום,0,0,0,0,0,0,0,0,0,1
תֶרמוֹסטָט,0,0,0,0,0,0,0,0,0,0
אוֹצָר מִילִים,0,0,0,0,0,0,0,0,0,0
תזה,0,0,0,0,0,0,0,0,0,0
עבה,0,0,0,0,0,0,0,0,0,0
לַעֲבוֹת,0,0,0,0,0,0,0,0,0,0
הִתְעַבּוּת,0,0,0,0,0,0,0,0,0,0
סְבַך,0,0,0,0,0,0,0,0,0,0
עוֹבִי,0,0,0,0,0,0,0,0,0,0
גַנָב,1,0,1,1,0,1,0,1,1,0
אֶצבָּעוֹן,0,0,0,0,0,0,0,0,0,0
רזה,0,0,0,0,0,0,0,0,0,0
דָבָר,0,0,0,0,0,0,0,0,0,0
דברים,0,0,0,0,0,0,0,0,0,0
הוגה,0,0,0,0,0,0,1,0,0,0
חושב,0,0,0,0,0,0,0,0,0,0
שליש,0,0,0,0,0,0,0,0,0,0
צָמָא,0,1,0,0,0,0,0,1,1,0
צמא,0,0,0,0,0,1,0,0,0,0
שְׁלוֹשׁ עֶשׂרֵה,0,0,0,0,0,0,0,0,0,0
שְׁלוֹשׁ עֶשׂרֵה,0,0,0,1,0,0,0,0,0,0
גְדִילָן,0,0,0,0,0,0,0,0,0,0
שָׁמָה,0,0,0,0,0,0,0,0,0,0
שְׂרוֹך,0,0,0,0,0,0,0,0,0,0
קוֹץ,0,0,0,0,0,1,0,0,0,0
קוֹצָנִי,0,0,0,1,0,1,0,0,0,0
גִזעִי,0,0,0,0,0,0,1,0,0,0
רְחוֹב,0,0,0,0,0,0,0,0,0,0
מַחֲשָׁבָה,0,1,0,0,0,0,0,0,0,0
מִתחַשֵׁב,0,0,0,0,0,0,1,0,0,1
הִתחַשְׁבוּת,0,0,0,0,0,0,1,0,0,0
חֲסַר מַחֲשָׁבָה,1,0,1,0,0,1,0,0,0,0
מחשבות,0,0,0,0,0,0,0,0,0,0
אלף,0,0,0,0,0,0,0,0,0,0
לַחֲבוֹט,1,0,1,1,0,1,0,1,0,0
פְּתִיל,0,0,0,0,0,0,0,0,0,0
אִיוּם,1,0,0,1,0,1,0,0,0,0
מאיים,1,1,0,1,0,1,0,0,0,0
מְאַיֵם,1,0,1,1,0,1,0,0,0,0
מְשּוּלָשׁ,0,0,0,0,0,0,0,0,0,0
לָדוּשׁ,1,0,0,1,0,1,0,1,0,0
מפתן,0,0,0,0,0,0,0,0,0,0
שָׁלוֹשׁ פַּעֲמִים,0,0,0,0,0,0,0,0,0,0
חִסָכוֹן,0,0,1,0,0,0,1,0,0,1
חסכן,0,0,0,0,0,0,0,0,0,0
רֶטֶט,0,1,0,1,1,0,1,0,1,0
מרגש,0,1,0,0,1,0,1,0,1,0
משגשג,0,1,0,0,1,0,1,0,0,0
גרון,0,0,0,0,0,0,0,0,0,0
פְּעִימָה,0,0,0,1,0,1,0,1,0,0
פְּעִימָה,0,0,0,0,0,0,0,0,0,0
כס מלכות,0,0,0,0,0,0,1,0,0,1
הָמוֹן,0,0,0,0,0,0,0,0,0,0
מַצעֶרֶת,1,0,0,0,0,1,0,0,0,0
לזרוק,0,0,0,0,0,0,0,0,0,0
קִיכלִי,0,0,0,0,0,0,0,0,0,0
דַחַף,0,0,0,0,0,0,0,0,0,0
קוֹל עָמוּם,0,0,0,0,0,0,0,0,0,0
בִּריוֹן,1,0,1,1,0,1,0,0,0,0
אֲגוּדָל,0,0,0,0,0,0,0,0,0,0
חֲבָטָה,1,0,0,0,0,1,0,0,0,0
חבטה,0,0,0,1,0,0,0,0,0,0
רַעַם,0,0,0,0,0,0,0,0,0,0
חֲזִיז,0,0,0,0,0,0,0,0,0,0
רוֹעֵם,1,0,0,1,0,1,0,0,0,0
סוּפַת רַעֲמִים,0,0,0,0,0,0,0,0,0,0
לְסַכֵּל,0,0,0,0,0,1,0,0,1,0
טימין,0,0,0,0,0,0,0,0,0,0
נֵזֶר,0,0,0,0,0,0,0,0,0,0
תִקתוּק,0,0,0,0,0,0,0,0,0,0
טֵלֵפּרִינטֶר,0,0,0,0,0,0,0,0,0,0
כַּרְטִיס,0,0,0,0,0,0,0,0,0,0
לְדַגדֵג,0,1,0,0,1,0,1,0,1,1
מתקתק,0,0,0,0,0,0,0,0,0,0
שֶׁל גֵאוּת וְשֵׁפֶל,0,0,0,0,0,0,0,0,0,0
יְדִיעָה,0,0,0,0,0,0,0,0,0,0
גאות,0,0,0,0,0,0,0,0,0,0
בְּשׂוֹרוֹת,0,0,0,0,0,0,0,0,0,0
עניבה,0,0,0,0,0,0,0,0,0,0
נִדבָּך,0,0,0,0,0,0,0,0,0,0
רִיב,1,0,0,0,0,1,0,0,0,0
נָמֵר,0,0,0,0,0,0,0,0,0,0
לְהַדֵק,1,0,0,0,0,0,0,0,0,0
אֲטִימוּת,0,0,0,0,0,0,0,0,0,0
טייץ צמוד,0,0,0,0,0,0,0,0,0,0
טילדה,0,0,0,0,0,0,0,0,0,0
אָרִיחַ,0,0,0,0,0,0,0,0,0,0
רִעוּף,0,0,0,0,0,0,1,0,0,0
עד,0,0,0,0,0,0,0,0,0,0
עִבּוּד הָאֲדָמָה,0,0,0,0,0,0,0,0,0,0
מוֹט הָהֶגֶה,0,0,0,0,0,0,0,0,0,0
לְהַטוֹת,0,0,0,0,0,0,0,0,0,0
הטיה,0,0,0,0,0,0,0,0,0,0
עֵץ,0,0,0,0,0,0,0,0,0,0
טימברלנד,0,0,0,0,0,0,0,0,0,0
גָוֶן,0,0,0,0,0,0,0,0,0,0
זְמַן,0,1,0,0,0,0,0,0,0,0
עמידה בזמנים,0,0,0,0,0,0,0,0,0,0
בזמן,0,0,0,0,0,0,1,0,0,0
שָׁעוֹן,0,0,0,0,0,0,0,0,0,0
נחבא אל הכלים,0,0,0,1,0,1,0,1,0,0
הַסְסָנוּת,0,1,0,1,0,1,0,0,0,0
פַּח,0,0,0,0,0,0,0,0,0,0
לִצְבּוֹעַ,0,0,0,0,0,0,0,0,0,0
שֵׁן,0,0,0,0,0,0,0,0,0,0
לִצְבּוֹעַ,0,0,0,0,0,0,0,0,0,0
לָחוּשׁ עִקצוּץ,0,0,0,0,0,0,0,0,0,0
עקצוץ,0,0,0,0,0,0,0,0,0,0
לְנַסוֹת לְתַקֵן,0,0,0,0,0,0,0,0,0,0
התעסקות,0,0,0,0,0,0,0,0,0,0
טינטון,0,0,0,0,0,0,0,0,0,0
חוּטֵי כֶּסֶף נוֹצֵצִים,0,0,0,0,1,0,1,0,0,0
לִצְבּוֹעַ,0,0,0,0,0,0,0,0,0,0
זָעִיר,0,0,0,0,0,0,0,0,0,0
עֵצָה,0,0,0,0,0,0,0,0,0,0
שׁתוּי,0,0,0,0,0,1,0,0,0,0
תוֹכָחָה,1,0,1,0,0,1,0,0,0,0
צמיג,0,0,0,0,0,0,0,0,0,0
עייף,0,0,0,0,0,1,0,0,0,0
עייפות,0,0,0,0,0,1,0,0,0,0
מְשַׁעֲמֵם,0,0,0,0,0,1,0,0,0,0
רִקמָה,0,0,0,0,0,0,0,0,0,0
פִּטמָה,0,0,0,0,0,1,0,0,0,0
כַּבִּיר,0,0,0,0,0,0,0,0,0,0
מַעֲשֵׂר,0,0,0,0,0,0,0,0,0,0
כותרת,0,0,0,0,0,0,1,0,0,1
בעל הכותרת,0,0,0,0,0,0,0,0,0,0
ציצי,0,0,0,0,0,0,0,0,0,0
תוֹאֳרִי,0,0,0,0,0,0,0,0,0,0
קַרפָּדָה,0,0,1,0,0,1,0,0,0,0
טוסט,0,0,0,0,1,0,1,0,0,0
טַבָּק,0,0,0,0,0,1,0,0,0,0
טובי,0,0,0,0,0,0,0,0,0,0
טוד,0,0,0,0,0,0,0,0,0,0
היום,0,0,0,0,0,0,0,0,0,0
אֶצבַּע,0,0,0,0,0,0,0,0,0,0
טוגה,0,0,0,0,0,0,0,0,0,0
עָמָל,0,0,0,0,0,0,0,0,0,0
שֵׁרוּתִים,0,0,1,0,0,1,0,0,0,0
עמלים,0,0,0,0,0,1,0,0,0,0
אֲסִימוֹן,0,0,0,0,0,0,0,0,0,0
סוֹבלָנוּת,0,0,0,0,0,0,0,0,0,0
סוֹבלָנִי,0,0,0,0,0,0,1,0,0,0
לִסְבּוֹל,1,0,0,0,0,1,0,1,0,0
סוֹבלָנוּת,0,0,0,0,0,0,1,0,0,0
אַגרָה,0,0,0,0,0,0,0,0,0,0
טומהוק,0,0,0,0,0,0,0,0,0,0
קֶבֶר,0,0,0,0,0,0,0,1,0,0
חתול חתול,0,0,0,0,0,0,0,0,0,0
לי,0,0,0,0,0,0,0,0,0,0
מָחָר,0,1,0,0,0,0,0,0,0,0
טוֹן,0,0,0,0,0,0,0,0,0,0
טוֹן,0,0,0,0,0,0,0,0,0,0
מלקחיים,0,0,0,0,0,0,0,0,0,0
יַתוּך,0,0,0,0,0,0,0,0,0,0
לָשׁוֹן,0,0,0,0,0,0,0,0,0,0
טוניק,0,0,0,0,0,0,0,0,0,0
תְפוּסָה,0,0,0,0,0,0,0,0,0,0
שקדים,0,0,0,0,0,0,0,0,0,0
כלי עבודה,0,0,0,0,0,0,0,0,0,0
שן,0,0,0,0,0,0,0,0,0,0
כְּאֵב שִׁנַיִם,0,0,0,1,0,1,0,0,0,0
מְשׁוּנָן,0,0,0,0,0,0,0,0,0,0
חסר שיניים,0,0,0,0,0,0,0,0,0,0
חלק עליון,0,1,0,0,0,0,1,0,0,1
טוֹפָּז,0,0,0,0,0,0,0,0,0,0
נוֹשֵׂא,0,0,0,0,0,0,0,0,0,0
אַקטוּאָלִי,0,0,0,0,0,0,0,0,0,0
טופוגרפי,0,0,0,0,0,0,0,0,0,0
טוֹפּוֹגרָפִי,0,0,0,0,0,0,0,0,0,0
טוֹפּוֹגרַפִיָה,0,0,0,0,0,0,0,0,0,0
לְהַפִּיל,0,0,0,0,0,0,0,0,1,0
טור,0,0,0,0,0,0,0,0,0,0
לפיד,0,0,0,0,0,0,0,0,0,0
לַעֲנוֹת,1,0,0,1,0,1,0,1,0,0
קָרוּעַ,0,0,0,0,0,1,0,0,0,0
טוֹרנָדוֹ,0,0,0,1,0,0,0,0,0,0
לְטַרפֵּד,1,0,0,0,0,1,0,0,0,0
מַבּוּל,0,0,0,1,0,0,0,0,0,0
לוֹהֵט,0,0,0,0,0,1,0,0,0,0
פִּתוּל,0,0,0,0,0,0,0,0,0,0
טוֹרסוֹ,0,0,0,0,0,0,0,0,0,0
עוולה,0,0,0,0,0,1,0,0,0,0
עוולות,1,0,1,0,0,1,0,0,0,0
צב,0,0,0,0,0,0,0,0,0,0
מְפוּתָל,0,0,0,0,0,0,0,0,0,0
לַעֲנוֹת,1,1,1,1,0,1,0,1,0,0
לִזרוֹק,0,0,0,0,0,0,0,0,0,0
סך הכל,0,0,0,0,0,0,0,0,0,0
מִכלוֹל,0,0,0,0,0,0,0,0,0,0
לְגַמרֵי,0,0,0,0,0,0,0,0,0,0
לָשֵׂאת,0,0,0,0,0,0,0,0,0,0
טוטם,0,0,0,0,0,0,0,0,0,0
לגעת,0,0,0,0,0,0,0,0,0,0
נגע,0,0,0,0,0,1,0,0,0,0
נוגע,0,0,0,0,0,0,0,0,0,0
רָגִישׁ,1,0,0,0,0,1,0,1,0,0
קָשֶׁה,0,0,0,0,0,1,0,1,0,0
קשיחות,1,0,0,1,0,0,1,0,0,1
סיור,0,0,0,0,0,0,0,0,0,0
תייר,0,0,0,0,0,0,0,0,0,0
טורמלין,0,0,0,0,0,0,0,0,0,0
טורניר,0,0,0,0,0,0,0,0,0,0
חוֹסֵם עוֹרְקִים,0,0,0,0,0,0,0,0,0,0
לְסַפְסֵר,0,0,0,0,0,0,0,0,0,0
לִגרוֹר,0,0,0,0,0,0,0,0,0,0
מַגֶבֶת,0,0,0,0,0,0,0,0,0,0
מִגדָל,0,0,0,0,0,0,1,0,0,0
מִתנַשֵׂא,0,1,0,1,0,0,1,0,0,0
העיר,0,0,0,0,0,0,0,0,0,0
בית עירוני,0,0,0,0,0,0,0,0,0,0
רַעִיל,0,0,1,0,0,1,0,0,0,0
טוקסיקולוגיה,0,0,0,0,0,0,0,0,0,0
רַעֲלָן,0,0,0,1,0,1,0,0,0,0
צַעֲצוּעַ,0,0,0,0,0,0,0,0,0,0
זֵכֶר,0,0,0,0,0,0,0,0,0,0
עקבות,0,0,0,0,0,0,0,0,0,0
קנה הנשימה,0,0,0,0,0,0,0,0,0,0
מַעֲקָב,0,0,0,0,0,0,0,0,0,0
מַסלוּל,0,1,0,0,0,0,0,0,0,0
מסכת,0,0,0,1,0,0,0,0,0,0
מְמוּשׁמָע,0,0,0,0,0,0,0,0,0,0
גרירה,0,0,0,0,0,0,0,0,0,0
טְרַקטוֹר,0,0,0,0,0,0,0,0,0,0
סַחַר,0,0,0,0,0,0,0,0,0,1
סוחר,0,0,0,0,0,0,0,0,0,0
סוֹחֵר,0,0,0,0,0,0,0,0,0,0
מִסְחָר,0,0,0,0,0,0,0,0,0,0
מָסוֹרֶת,0,0,0,0,0,0,0,0,0,0
מָסוֹרתִי,0,0,0,0,0,0,1,0,0,0
תְנוּעָה,0,0,0,0,0,0,0,0,0,0
טרגדיה,0,0,0,1,0,1,0,1,0,0
טְרָגִי,0,0,0,0,0,1,0,0,0,0
שביל,0,0,0,0,0,0,0,0,0,0
רכבת,0,0,0,0,0,0,0,0,0,0
מְאוּמָן,0,0,0,0,0,0,0,0,0,0
מְאַמֵן,0,0,0,0,0,0,0,0,0,1
הַדְרָכָה,0,0,0,0,0,0,0,0,0,0
תְכוּנָה,0,0,0,0,0,0,0,0,0,0
בּוֹגֵד,1,0,1,1,0,1,0,1,0,0
מַסלוּל,0,0,0,0,0,0,0,0,0,0
חַשְׁמַלִית,0,0,0,0,0,0,0,0,0,0
לִנְדוֹד,0,0,1,1,0,1,0,1,0,0
חשמלית,0,0,0,0,0,0,0,0,0,0
טְרַנס,0,0,0,0,0,1,0,0,0,0
שָׁקֶט,0,0,0,0,1,0,1,0,0,0
רוֹגַע,0,0,0,0,1,0,1,0,0,1
לבצע עסקה,0,0,0,0,0,0,0,0,0,0
עִסקָה,0,0,0,0,0,0,0,0,0,1
טרנס אטלנטי,0,0,0,0,0,0,0,0,0,0
נִשׂגָבוּת,0,1,0,0,1,0,1,0,1,1
טרנסצנדנטי,0,0,0,0,0,0,0,0,0,0
טרנסצנדנטלי,0,0,0,0,0,0,1,0,0,0
לְתַעֲתֵק,0,0,0,0,0,0,0,0,0,0
מתמלל,0,0,0,0,0,0,0,0,0,0
תמליל,0,0,0,0,0,0,0,0,0,1
תַעֲתוּק,0,0,0,0,0,0,0,0,0,0
לְהַעֲבִיר,0,0,0,0,0,0,0,0,0,0
הַעֲבָרָה,0,0,0,0,0,0,0,0,0,0
הועבר,0,0,0,0,0,0,0,0,0,0
מרותק,0,0,0,0,0,0,0,0,0,0
שינוי צורה,0,0,0,0,0,0,0,0,0,0
טרנספורמציה,0,0,0,0,0,0,0,0,0,0
עירוי,0,0,0,0,0,0,0,0,0,0
פֶּשַׁע,0,0,0,0,0,1,0,0,0,0
חולף,0,0,0,0,0,0,0,0,0,0
מַעֲבָר,0,0,0,0,0,0,0,0,0,0
מַעֲבָר,0,0,0,0,0,0,0,0,0,0
מָעֳבָר,0,1,0,0,0,0,0,0,0,0
טרנזיטיבי,0,0,0,0,0,0,0,0,0,0
חוֹלֵף,0,0,0,0,0,0,0,0,0,0
תרגם,0,0,0,0,0,0,0,0,0,0
תִרגוּם,0,0,0,0,0,0,0,0,0,1
מעבר - מקום,0,0,0,0,0,0,0,0,0,0
שָׁקוּף לְמֶחֱצָה,0,0,0,0,0,0,0,0,0,0
הפצה,0,0,0,0,0,0,0,0,0,0
לְהַעֲבִיר,0,0,0,0,0,0,0,0,0,0
שִׁנוּי,0,0,0,0,0,0,0,0,0,0
עָצֶה,0,0,0,0,0,0,0,0,0,0
שְׁקִיפוּת,0,0,0,0,0,0,0,0,0,0
שָׁקוּף,0,0,0,0,0,0,0,0,0,0
לְהַשְׁתִיל,0,0,0,0,0,0,0,0,0,0
הַשׁתָלָה,0,0,0,0,0,0,0,0,0,0
תַחְבּוּרָה,0,0,0,0,0,0,0,0,0,0
הוֹבָלָה,0,0,0,0,0,0,0,0,0,0
לְשַׁרבֵּב,0,0,0,0,0,0,0,0,0,0
טרַנספּוֹזִיצִיָה,0,0,0,0,0,0,0,0,0,0
רוחבי,0,0,0,0,0,0,0,0,0,0
מַלכּוֹדֶת,0,0,0,0,0,0,0,0,0,0
לְכִידָה,0,0,0,0,0,0,0,0,0,0
מלכודות,0,0,0,0,0,1,0,0,0,0
מלכודות,0,0,0,0,0,1,0,0,0,0
אַשׁפָּה,0,0,1,0,0,1,0,1,0,0
חֲסַר עֵרֶך,0,0,1,0,0,1,0,0,0,0
טְרַאוּמָטִי,1,0,0,1,0,1,0,1,0,0
לַעֲמוֹל,0,0,0,0,0,1,0,0,0,0
לִנְסוֹעַ,0,0,0,0,0,0,0,0,0,0
נוֹסֵעַ,0,0,0,0,0,0,0,0,0,0
נוסעים,0,0,0,0,0,0,1,0,0,0
לַחֲצוֹת,0,0,0,0,0,0,0,0,0,0
פָּרוֹדִיָה,0,0,1,1,0,1,0,1,0,0
מִכְמוֹרֶת,0,0,0,0,0,0,0,0,0,0
סְפִינַת דַיִג,0,0,0,0,0,0,0,0,0,0
מַגָשׁ,0,0,0,0,0,0,0,0,0,0
בּוֹגדָנִי,1,0,1,1,0,1,0,0,0,0
בּוֹגדָנוּת,1,0,0,1,0,1,0,1,1,0
לִדרוֹך,0,0,0,0,0,0,0,0,0,0
הליכון,0,1,0,0,0,0,0,0,0,0
בגידה,1,0,1,1,0,1,0,0,1,0
אוֹצָר,0,1,0,0,1,0,1,0,0,1
גִזבָּר,0,0,0,0,0,0,0,0,0,1
מִשׂרַד הַאוֹצָר,0,0,0,0,0,0,0,0,0,0
טיפול,1,1,1,1,1,1,1,1,1,1
מַסָה,0,0,0,0,0,0,0,0,0,0
יַחַס,0,0,0,0,0,0,0,0,0,0
אֲמָנָה,0,0,0,0,0,0,0,0,0,0
לְשַׁלֵשׁ,0,0,0,0,0,0,0,0,0,0
עֵץ,1,1,1,0,1,0,1,0,1,1
מַסָע,0,0,0,0,0,0,0,0,0,0
סוֹרָג,0,0,0,0,0,0,0,0,0,0
לרעוד,0,0,0,0,0,0,0,0,0,0
רַעַד,0,0,0,1,0,1,0,0,0,0
עָצוּם,0,0,0,0,0,0,0,0,0,0
בצורה אדירה,0,0,0,0,0,0,1,0,0,0
רַעַד,1,1,0,1,0,1,0,1,0,0
חֲפִירָה,0,0,0,0,0,0,0,0,0,0
מְגַמָה,0,0,0,0,0,0,1,0,0,0
מגמות,0,0,0,0,0,0,0,0,0,0
טרנדי,0,0,0,0,0,0,1,0,0,0
חֲרָדָה,0,1,0,1,0,1,0,0,1,0
הַסָגַת גְבוּל,1,0,0,0,0,1,0,0,0,0
שְׁלִישִׁיָה,0,0,0,0,0,0,0,0,0,0
משולש,0,0,0,0,0,0,0,0,0,0
מְשּוּלָשׁ,0,0,0,0,0,0,0,0,0,0
שֶׁבֶט,0,0,0,0,0,0,0,0,0,1
פּוּרעָנוּת,0,0,0,1,0,1,0,1,0,0
בֵּית דִין,0,1,1,1,0,1,0,0,0,1
טרִיבּוּן,0,0,0,0,0,0,0,0,0,1
יוּבַל,0,1,0,0,0,0,1,0,0,0
הוֹקָרָה,0,0,0,0,0,0,1,0,0,0
טריק,0,0,0,0,0,1,0,0,1,0
רַמָאוּת,1,0,1,1,0,1,0,1,1,0
לְטַפטֵף,0,0,0,0,0,0,0,0,0,0
ערמומי,0,0,0,0,0,0,0,0,0,0
תְלַת אוֹפַן,0,0,0,0,0,0,0,0,0,0
קִלשׁוֹן,0,0,0,0,0,0,0,0,0,0
קְצָת,0,0,0,0,0,1,0,0,0,0
טְרִיגוֹנוֹמֶטרִיָה,0,0,0,0,0,0,1,0,0,0
הדק,0,0,0,0,0,0,0,0,0,0
טְרִיגוֹנוֹמֶטרִיָה,0,0,0,0,0,0,0,0,0,0
טרִילִיוֹן,0,0,0,0,0,0,0,0,0,0
מְטוּפָּח,0,0,0,0,0,0,0,0,0,0
גוֹזֵם,0,0,0,0,0,0,0,0,0,0
זְמִירָה,0,0,0,0,0,0,0,0,0,0
טרין,0,0,0,0,0,0,0,0,0,0
שְׁלִישִׁיָה,0,0,0,0,0,0,0,0,0,0
שִׁלוּשׁ,0,0,0,0,0,0,0,0,0,0
טיול,0,0,0,0,0,0,0,0,1,0
משולש,0,0,0,0,0,0,0,0,0,0
לְשַׁלֵשׁ,0,0,0,0,0,0,0,0,0,0
שְׁלִישִׁיָה,0,0,0,0,0,0,0,0,0,0
עותקים שלושה,0,0,0,0,0,0,0,0,0,0
חֲצוּבָה,0,0,0,0,0,0,0,0,0,0
מעידה,1,0,0,0,0,1,0,1,0,0
נָדוֹשׁ,0,0,0,0,0,0,0,0,0,0
טריטיום,0,0,0,0,0,0,0,0,0,0
נצחון,0,1,0,0,1,0,1,0,0,0
מְנַצֵחַ,0,1,0,0,1,0,1,0,0,1
גַמָד,1,0,0,1,0,1,0,0,0,0
עֲגָלָה,0,0,0,0,0,0,0,0,0,0
טְרוֹמבּוֹן,0,0,0,0,0,0,0,0,0,0
גְדוּד,0,0,0,0,0,0,0,0,0,0
שׁוֹטֵר,0,0,0,0,0,0,0,0,0,0
חיילים,0,0,0,0,0,0,0,0,0,0
פְּרָס,0,1,0,0,1,0,1,0,1,1
טְרוֹפִּי,0,0,0,0,0,0,0,0,0,0
לָרוּץ,0,0,0,0,0,0,0,0,0,0
בעייתי,1,0,0,1,0,1,0,0,0,0
שׁוֹקֶת,0,0,0,0,0,0,0,0,0,0
לַהֲקָה,0,0,0,0,0,0,0,0,0,0
מכנסיים,0,0,0,0,0,0,0,0,0,0
פוֹרֶל,0,0,0,0,0,0,0,0,0,0
כַּף,0,0,0,0,0,0,0,0,0,0
הַפסָקַת אֵשׁ,0,0,0,0,1,0,1,0,0,1
מַשָׂאִית,0,0,0,0,0,0,0,0,0,1
נָכוֹן,0,0,0,0,1,0,1,0,0,1
אֲמִתָה,0,0,0,0,0,0,0,0,0,0
חֶברְמַן,0,0,0,0,0,0,0,0,1,0
חֲצוֹצְרָה,0,0,0,0,0,1,0,0,0,0
חֲצוֹצְרָן,0,0,0,0,0,0,0,0,0,0
לקטוע,0,0,0,0,0,0,0,0,0,0
קטוע,0,0,0,0,0,0,0,0,0,0
לְהִתְגַלְגֵל,0,0,0,0,0,0,0,0,0,0
חדק,0,0,0,0,0,0,0,0,0,0
מִסבָּך,0,0,0,0,0,0,0,0,0,1
אמון,0,0,0,0,0,0,0,0,0,1
נֶאֱמָן,0,0,0,0,0,0,0,0,0,1
מְהֵימָן,0,0,0,0,0,0,1,0,0,0
אֶמֶת,0,0,0,0,0,0,1,0,0,1
דוֹבֵר אֶמֶת,0,0,0,0,0,0,0,0,0,1
אמיתות,0,0,0,0,0,0,1,0,0,1
לנסות,0,0,0,0,0,0,0,0,0,0
אמבטיה,0,0,0,0,0,0,0,0,0,0
צינור,0,0,0,0,0,0,0,0,0,0
צִנוֹרִי,0,0,0,0,0,0,0,0,0,0
אַבּוּבִית,0,0,0,0,0,0,0,0,0,0
לִתְחוֹב,0,0,0,0,0,0,0,0,0,0
טאקר,0,0,0,0,0,0,0,0,0,0
מצוצת,0,0,0,0,0,0,0,0,0,0
גוֹרֶרֶת,0,0,0,0,0,0,0,0,0,0
הוֹרָאָה,0,0,0,0,0,0,0,0,0,0
צִבעוֹנִי,0,0,0,0,0,0,0,0,0,0
נפילה,0,0,0,0,0,1,0,0,0,0
כּוֹס,0,0,0,0,0,0,0,0,0,0
גידול סרטני,0,0,0,1,0,1,0,0,0,0
גידול סרטני,0,0,0,1,0,1,0,1,0,0
הֲמוּלָה,1,0,0,1,0,1,0,0,1,0
רוֹעֵשׁ,1,0,0,1,0,1,0,0,0,0
חָבִית גְדוֹלָה,0,0,0,0,0,0,0,0,0,0
טונה,0,0,0,0,0,0,0,0,0,0
מִתְכַּוְנֵן,0,0,0,0,0,0,0,0,0,0
מנגינה,0,0,0,0,0,0,0,0,0,0
חוּלצָה,0,0,0,0,0,0,0,0,0,0
כִּונוּן,0,0,0,0,0,0,0,0,0,0
מִנהָרָה,0,0,0,0,0,0,0,0,0,0
טוּרבָּן,0,0,0,0,0,0,0,0,0,0
עֲכִירוּת,0,0,0,0,0,0,0,0,0,0
טוּרבִּינָה,0,0,0,0,0,0,0,0,0,0
מְעַרבּוֹלֶת,1,0,0,1,0,1,0,0,0,0
נִסעָר,0,0,0,1,0,1,0,0,0,0
טוֹרף,0,0,0,0,0,0,0,0,0,0
כּוּרכּוּם,0,0,0,0,0,0,0,0,0,0
אַנְדְרָלָמוּסִיָה,1,0,0,1,0,1,0,1,0,0
תור,0,0,0,0,0,0,0,0,0,0
חֲרִיטָה,0,0,0,0,0,0,0,0,0,0
סוֹהֵר,0,0,0,0,0,0,0,0,0,0
כְּבִישׁ אַגרָה,0,0,0,0,0,0,0,0,0,0
פָּטֵיפוֹן,0,0,0,0,0,0,0,0,0,0
טורקיז,0,0,0,0,0,0,0,0,0,0
צָרִיחַ,0,0,0,0,0,0,0,0,0,0
גוֹלף,0,0,0,0,0,0,0,0,0,0
לְהִתְקוֹטֵט,1,0,0,0,0,0,0,0,0,0
חונכות,0,0,0,0,0,0,1,0,0,1
מורה,0,0,0,0,0,0,1,0,0,0
לִצבּוֹט,0,0,0,0,0,0,0,0,0,0
שְׁנֵים עָשָׂר,0,0,0,0,0,0,0,0,0,0
שתיים עשרה,0,0,0,0,0,0,0,0,0,0
עֶשְׂרִים,0,0,0,0,0,0,0,0,0,0
עשרים,0,0,0,0,0,0,0,0,0,0
זֶרֶד,0,0,0,0,0,0,0,0,0,0
דמדומים,0,0,0,0,0,0,0,0,0,0
אָרִיג,0,0,0,0,0,0,0,0,0,0
תְאוֹם,0,0,0,0,0,0,1,0,0,0
לִפתוֹל,0,0,0,0,0,0,0,0,0,0
נִצנוּץ,0,1,0,0,1,0,1,0,0,0
תְאוּמִים,0,0,0,0,0,0,0,0,0,0
לְהִתְפַּתֵל,0,0,0,0,0,0,0,0,0,0
מְפוּתָל,0,0,0,0,0,0,0,0,0,0
פִּרפּוּר,0,0,0,0,0,1,0,0,0,0
כָּפוּל,0,0,0,0,0,0,0,0,0,0
אֵיל הַהוֹן,0,0,0,0,0,0,0,0,0,0
סוּג,0,0,0,0,0,0,0,0,0,0
מְכוֹנַת כְּתִיבָה,0,0,0,0,0,0,0,0,0,0
טַיִפוּן,0,0,0,1,0,1,0,0,0,0
בדרך כלל,0,0,0,0,0,0,0,0,0,0
כַּתבָנִית,0,0,0,0,0,0,0,0,0,0
טיפוגרפיה,0,0,0,0,0,0,0,0,0,0
רוֹדָנִי,1,0,1,1,0,1,0,0,0,0
עָרִיצוּת,0,0,0,1,0,1,0,1,0,0
רוֹדָן,1,0,1,1,0,1,0,1,0,0
צמיג,0,0,0,0,0,0,0,0,0,0
נמצא בכל מקום,0,0,0,0,0,0,0,0,0,0
הִמָצְאוּת בְּכָל מָקוֹם,0,0,0,0,0,0,0,0,0,0
מְכוֹעָרוּת,0,0,1,1,0,1,0,1,0,0
מְכוֹעָר,0,0,1,0,0,1,0,0,0,0
כִּיב,1,0,1,1,0,1,0,1,0,0
כָּמוּס,0,0,0,0,0,1,0,0,0,0
סופי,0,1,0,0,0,0,0,1,0,0
בסופו של דבר,0,1,0,0,0,0,1,0,0,0
אוּלְטִימָטוּם,1,0,0,1,0,1,0,0,0,0
ultimo,0,0,0,0,0,0,0,0,0,0
אוּלְטרָה סָגוֹל,0,0,0,0,0,0,0,0,0,0
טָבּוּרִי,0,0,0,0,0,0,0,0,0,0
אומברה,0,0,0,0,0,0,0,0,0,0
מִטְרִיָה,0,0,0,0,0,0,0,0,0,0
שׁוֹפֵט,0,0,0,0,0,0,1,0,0,1
חֲסַר בּוּשָׁה,0,0,0,0,0,0,0,0,0,0
לְלֹא הֲפוּגָה,0,0,0,0,0,0,0,0,0,0
לא מסוגל,0,0,0,0,0,1,0,1,0,0
לא מקובל,0,0,0,0,0,1,0,1,0,0
בְּלִי לִיווּי,0,0,0,0,0,0,0,0,0,0
בלתי אחראי,0,1,1,0,0,1,0,1,0,1
ללא הכרה,0,0,0,0,0,0,0,1,0,0
טָהוֹר,0,0,0,0,0,0,0,0,0,0
ללא עזרה,0,0,0,0,0,0,0,0,0,0
ללא שינוי,0,0,0,0,0,0,0,0,0,0
חד משמעי,0,0,0,0,0,0,0,0,0,0
תְמִימוּת דֵעִים,0,0,0,0,0,0,1,0,0,0
פֶּה אֶחָד,0,0,0,0,0,0,1,0,0,0
פֶּה אֶחָד,0,0,0,0,0,0,0,0,0,0
בלתי צפוי,0,0,0,0,0,0,0,0,1,0
לא מאושר,0,0,0,0,0,1,0,0,0,0
לא חמוש,0,0,0,0,0,0,0,0,0,0
ללא סיוע,0,0,0,0,0,0,0,0,0,0
צָנוּעַ,0,0,0,0,0,0,1,0,0,0
פָּנוּי,0,0,0,0,0,1,0,0,0,0
בלתי ניתן להשגה,1,0,0,0,0,1,0,1,0,0
ללא השגחה,0,0,0,0,0,0,0,0,0,0
לא מושך,0,0,1,0,0,1,0,1,0,0
לא מורשה,0,0,0,0,0,1,0,0,0,0
בלתי נמנע,0,0,0,0,0,1,0,0,0,0
לא מודע,0,0,0,0,0,1,0,0,0,0
בִּלתִי מְאוּזָן,0,0,0,0,0,0,0,0,0,0
בִּלתִי נִסבָּל,0,0,1,0,0,1,0,1,0,0
בִּלתִי מְנוּצָח,0,1,0,0,1,1,1,1,1,0
כְּפִירָה,0,0,0,0,0,1,0,0,0,0
בלתי יאומן,0,0,0,0,0,1,0,0,0,0
בלתי משוחד,0,0,0,0,0,0,1,0,0,0
שטרם נולד,0,0,0,0,0,1,0,0,0,0
לא קשור,0,0,0,0,0,0,0,0,0,0
בִּלתִי מוּגבָּל,0,0,0,0,0,0,0,0,0,0
אינו ניתן לשבירה,0,0,0,0,0,0,1,0,0,0
לֹא מְרוּסָן,1,1,0,1,0,1,1,0,1,0
רָצוּף,0,0,0,0,0,0,1,0,0,1
מוזר,0,0,0,1,0,1,0,0,1,0
חסר אכפתיות,1,0,1,0,0,1,0,1,0,0
לֹא בָּטוּחַ,1,0,1,1,0,1,0,0,1,0
חוסר ודאות,0,0,0,0,0,0,0,0,0,0
ללא עוררין,0,0,0,0,0,0,0,0,0,0
בלתי ניתן לשינוי,0,0,0,0,0,1,0,0,0,0
ללא שינוי,0,0,0,0,0,0,0,0,0,0
ללא דרישה,0,0,0,0,0,0,0,0,0,0
דוֹד,0,0,0,0,0,0,0,0,0,0
טָמֵא,0,0,1,0,0,1,0,0,0,0
לא נוח,0,0,0,0,0,1,0,0,0,0
נָדִיר,0,0,0,0,0,0,0,0,0,0
באופן לא שכיח,0,0,0,0,0,0,0,0,0,0
ללא פשרות,0,0,0,0,0,0,0,0,0,0
אָדִישׁ,0,0,0,0,0,0,0,0,0,0
לא מאושר,0,0,0,0,0,0,0,0,0,0
לא מחובר,0,0,0,0,0,0,0,0,0,0
לֹא מוּסָרִי,0,0,1,0,0,1,0,0,0,0
חסר הכרה,0,0,0,0,0,1,0,0,0,0
אָבְדַן חוּשִׁים,0,0,0,0,0,0,0,0,0,0
בלתי חוקתי,0,0,0,0,0,1,0,0,0,0
בלתי מוגבל,0,0,0,0,1,0,1,0,0,0
ללא עוררין,0,0,0,0,0,0,0,0,0,0
בלתי נשלט,1,1,0,0,0,1,0,0,1,0
בלתי נשלט,0,0,0,0,0,1,0,0,0,0
לא שגרתי,0,0,0,0,0,0,0,0,0,0
לא משוכנע,0,0,0,0,0,0,0,0,0,0
לא מבושל,0,0,0,0,0,0,0,0,0,0
ללא קורלציה,0,0,0,0,0,0,0,0,0,0
לגלות,0,0,0,0,0,0,0,0,1,0
לא ביקורתית,0,0,0,0,0,0,0,0,0,0
לֹא מְלוּטָשׁ,0,0,0,0,0,0,0,0,0,0
לֹא הֶחלֵטִי,0,1,0,1,0,1,0,0,0,0
לא מוגדר,0,0,0,0,0,0,0,0,0,0
לֹא מוּטָל בְּסֶפֶק,0,0,0,0,0,0,0,0,0,0
חֲשָׁאִי,0,0,0,0,0,0,0,0,0,0
זֶרֶם תַחתִי,0,0,0,0,0,0,0,0,0,0
לְהַמעִיט בְּעֵרכּוֹ,0,0,0,0,0,0,0,0,1,0
לַעֲבוֹר,0,0,0,0,0,0,0,0,0,0
סטודנט לתואר ראשון,0,0,0,0,0,0,0,0,0,0
תת קרקעי,0,0,0,0,0,0,0,0,0,0
ביסוד,0,0,0,0,0,0,0,0,0,0
לָשִׂים דָגֵשׁ,0,0,0,0,0,0,1,0,0,0
התערער,0,0,0,0,0,1,0,0,0,0
מתחת,0,0,0,0,0,0,0,0,0,0
משתכר נמוך,1,0,0,0,0,1,0,1,0,0
תַחתוֹנִים,0,0,0,0,0,0,0,0,0,0
מדגיש,0,0,0,0,0,0,0,0,0,0
גוּץ,0,0,0,0,0,1,0,0,0,0
הֲבָנָה,0,0,0,0,0,0,1,0,0,1
הבין,0,0,0,0,0,0,0,0,0,0
לְהִתְחַיֵב,0,0,0,0,0,0,0,0,0,0
קַבְּלָן קְבוּרָה,0,0,0,0,0,0,0,1,0,0
מְשִׁימָה,0,1,0,0,0,0,0,0,0,0
תחת עץ,0,0,0,0,0,0,0,0,0,0
לחתום,0,0,0,0,0,0,1,0,0,1
חַתָם,0,0,0,0,0,0,0,0,0,0
לא ראוי,0,0,0,0,0,0,0,0,0,0
בִּלתִי רָצוּי,1,0,1,1,0,1,0,1,0,0
לא רצוי,0,0,0,0,0,1,0,1,0,0
לֹא מְפוּתָח,0,0,0,0,0,0,0,0,0,0
לא מכוון,0,0,0,0,0,0,0,0,0,0
לא נחשף,0,1,0,0,0,0,0,0,0,0
לא נתגלה,0,0,0,0,0,0,0,0,1,0
בלתי מעורער,0,0,0,0,0,0,0,0,0,0
ללא הפרעה,0,0,0,0,0,0,0,0,0,0
מְאוּחָד,0,0,0,0,0,0,1,0,0,0
לבטל,0,0,0,0,0,1,0,0,0,0
מבטל,0,0,0,0,0,0,0,0,0,0
ללא ספק,0,1,1,0,0,0,0,0,0,0
לְהִתְפַּשֵׁט,0,0,0,0,0,0,0,0,0,0
התפשט,0,0,0,0,0,0,0,0,0,0
מוּפרָז,0,0,0,0,0,0,0,0,0,0
נִצחִי,0,1,0,0,1,0,1,1,0,1
לא הרווח,0,0,0,0,0,0,0,0,0,0
לַחשׂוֹף,0,0,0,0,0,0,0,0,0,0
אי שקט,0,1,0,0,0,1,0,1,0,0
לֹא נוֹחַ,0,0,1,1,0,1,0,0,0,0
חֲסַר הַשְׂכָּלָה,0,0,0,0,0,1,0,1,0,0
מובטלים,0,0,0,1,0,1,0,1,0,0
לא משועבד,0,0,0,0,0,0,0,0,0,0
מִתמַשֵׁך,0,0,0,0,0,0,0,0,0,0
לא שוויוני,1,0,1,1,0,1,0,1,0,0
שאין כמותו,0,0,0,0,0,0,0,0,0,0
חד משמעי,0,0,0,0,0,0,0,0,0,1
חד משמעית,0,0,0,0,0,0,1,0,0,0
מְחוּספָּס,0,0,0,0,0,1,0,0,0,0
מְשַׁעֲמֵם,0,0,0,0,0,0,0,0,0,0
בלתי צפוי,0,1,0,1,1,1,1,0,1,0
באופן בלתי צפוי,0,0,0,0,0,0,0,0,1,0
בלתי מוסבר,0,1,0,0,0,1,0,1,0,0
שלא חקרו אותו,0,0,0,0,0,0,0,0,0,0
תְמִידִי,0,0,0,0,0,0,0,0,0,0
לֹא הוֹגֶן,1,0,1,0,0,1,0,1,0,0
חוסר הוגנות,1,0,0,0,0,1,0,1,0,0
בּוֹגֵד,0,0,1,0,0,1,0,0,0,0
זָר,0,0,0,0,0,0,0,0,0,0
שְׁלִילִי,0,0,1,0,0,1,0,1,0,0
בלתי מוגבל,0,0,0,0,0,0,0,0,0,0
לא גמור,0,0,0,0,0,1,0,0,0,0
בלתי נרתעת,0,0,0,0,0,0,0,0,0,0
לְהִתְפַּתֵחַ,0,1,0,0,0,0,1,0,0,0
בלתי צפוי,0,0,0,0,0,0,0,0,1,0
לא סלחן,1,0,0,0,0,1,0,1,0,0
חסר מזל,0,0,0,0,0,1,0,1,0,0
לֹא יְדִידוּתִי,1,0,1,1,0,1,0,1,0,0
לא ממומש,1,1,0,0,0,1,0,1,1,0
לא מרוהט,0,0,0,0,0,1,0,0,0,0
חסר אלוהים,0,0,0,0,0,1,0,1,0,0
כְּפוּי טוֹבָה,1,0,1,0,0,1,0,0,0,0
לֹא זָהִיר,0,0,0,0,0,0,0,0,1,0
אוּמלָלוּת,0,0,0,0,0,1,0,1,0,0
אוּמלָל,1,0,1,0,0,1,0,1,0,0
ללא פגע,0,0,0,0,0,0,0,0,0,0
חוֹלָנִי,0,0,1,1,0,1,0,1,0,0
ללא הפרעה,0,0,0,0,0,0,0,0,0,0
נוֹרָא,0,0,0,1,0,1,0,0,0,0
חַדקֶרֶן,0,0,0,0,0,0,0,0,0,0
הַאֲחָדָה,0,1,0,0,1,0,1,0,0,1
מדים,0,0,0,0,0,0,0,0,0,0
אֲחִידוּת,0,0,0,0,0,0,0,0,0,0
באופן אחיד,0,0,0,0,0,0,1,0,0,0
בלתי נתפס,0,0,0,0,0,1,1,0,1,0
לֹא חָשׁוּב,0,0,0,0,0,1,0,1,0,0
לא מתרשם,0,0,0,0,0,1,0,0,0,0
לא משופר,0,0,0,0,0,1,0,0,0,0
לא נגוע,0,0,0,0,0,0,1,0,0,0
לא מיודע,0,0,0,0,0,1,0,0,0,0
לא מיושב,0,0,0,0,0,0,0,0,0,0
לא יזום,0,0,0,0,0,1,0,0,0,0
לְלֹא הַשׁרָאָה,0,0,0,0,0,1,0,1,0,0
בלתי מובן,0,0,0,0,0,1,0,0,0,0
לא מכוון,0,0,0,0,0,0,0,0,1,0
לא בכוונה,0,0,0,0,0,0,0,0,1,0
שלא במתכוון,0,0,0,0,0,1,0,0,1,0
לא מעוניין,0,0,0,0,0,1,0,1,0,0
לא מעניין,0,0,0,0,0,1,0,1,0,0
רָצוּף,0,0,0,0,0,0,0,0,0,0
לא מוזמן,0,0,0,0,0,0,0,1,0,0
הִתאַחֲדוּת,0,0,0,0,0,0,0,0,0,0
ייחודי,0,0,0,0,0,0,1,0,1,0
יָד אַחַת,0,0,0,0,0,0,1,0,0,0
יחידה,0,0,0,0,0,0,0,0,0,0
יִחִידָתִי,0,0,0,0,0,0,1,0,0,0
להתאחד,0,0,0,0,0,0,0,0,0,0
מאוחד,0,0,0,0,0,0,1,0,0,1
אַחְדוּת,0,0,0,0,0,0,1,0,0,1
אוניברסלי,0,0,0,0,0,0,0,0,0,0
אוניברסליות,0,0,0,0,0,0,0,0,0,0
עוֹלָם,0,0,0,0,0,0,0,0,0,0
אוּנִיבֶרְסִיטָה,0,1,0,0,0,0,1,0,0,0
לֹא צוֹדֵק,1,0,0,0,0,1,0,0,0,0
בלתי מוצדק,1,0,1,1,0,1,0,0,0,0
בלתי מוצדק,0,0,0,0,0,1,0,0,0,0
לא נדיב,1,0,1,1,0,1,0,1,0,0
לא ידוע,0,0,0,0,0,0,0,0,0,0
לא ידוע,0,1,0,1,0,1,0,0,0,0
לֹא חוּקִי,1,0,1,1,0,1,0,1,0,0
לשחרר,0,0,0,0,0,0,0,0,0,0
ללא רשיון,0,0,0,0,0,1,0,0,0,0
בניגוד,0,0,0,0,0,0,0,0,0,0
ללא הגבלה,0,0,0,0,0,0,1,0,0,0
לִפְרוֹק,0,0,0,0,0,0,0,0,0,0
פָּרוּק,0,0,0,0,0,0,0,0,0,0
לבטל נעילה,0,0,0,0,0,0,0,0,0,0
חסר מזל,1,0,1,1,0,1,0,1,0,0
בלתי ניתן לניהול,0,0,1,0,0,1,0,0,0,0
לא מסומן,0,0,0,0,0,0,0,0,0,0
פְּנוּיָה,0,0,0,0,0,0,0,0,0,0
לַחשׂוֹף אֵת הָאֶמֶת,0,0,0,0,0,0,0,0,0,0
שֶׁאֵין כָּמוֹהוּ,0,0,0,0,0,0,0,0,0,0
שאין לטעות בו,0,0,0,0,0,0,0,0,0,0
ללא מענה,0,0,0,0,0,0,0,0,0,0
לא מתרגש,0,0,0,0,0,0,0,0,0,0
ללא שם,0,0,0,0,0,0,0,0,0,0
לֹא טִבעִי,0,0,1,1,0,1,0,0,0,0
מְיוּתָר,0,0,0,0,0,0,0,0,0,0
מיותר,0,0,0,0,0,0,0,0,0,0
בלי לשים לב,0,0,0,0,0,0,0,0,0,0
ללא מספר,0,0,0,0,0,0,0,0,0,0
לא נצפה,0,0,0,0,0,0,0,0,0,0
ללא הפרעה,0,0,0,0,0,0,0,0,0,0
לֹא מִתבַּלֵט,0,0,0,0,0,0,0,0,0,0
פָּנוּי,0,0,0,0,0,0,0,0,0,0
בִּלתִי רִשׁמִי,0,0,0,0,0,1,0,0,0,0
לא נפתח,0,0,0,0,0,0,0,0,0,0
ללא התנגדות,0,0,0,0,0,0,0,0,0,0
לא מסודר,0,0,0,0,0,0,0,0,0,0
לא מאורגן,0,0,0,0,0,0,0,0,0,0
לֹא שִׁגרָתִי,0,0,0,0,0,0,0,0,0,0
לִפְרוֹק,0,0,0,0,0,0,0,0,0,0
ללא תשלום,1,0,0,0,0,1,0,1,0,0
לא נעים,0,0,1,0,0,1,0,1,0,0
לא פופולרי,0,0,1,0,0,1,0,1,0,0
חֲסַר תַקְדִים,0,0,0,0,0,0,0,0,1,0
בלתי צפוי,0,0,0,0,0,1,0,0,1,0
לא מוכן,0,0,0,0,0,1,0,0,0,0
חסר יומרות,0,0,0,0,0,0,1,0,0,0
לא פרודוקטיבי,0,0,0,0,0,1,0,0,0,0
לא רווחי,0,0,0,0,0,1,0,0,0,0
לא מוגן,0,0,0,0,0,1,0,0,0,0
לא מוכח,0,0,0,0,0,0,0,0,0,0
לא פורסם,0,1,0,0,0,1,0,1,0,0
בלתי מעורער,0,0,0,0,0,0,1,0,0,1
ללא עוררין,0,0,0,0,0,0,1,0,0,1
ללא עוררין,0,0,0,0,0,0,1,0,0,1
לא נקרא,0,0,0,0,0,0,0,0,0,0
לא אמיתי,0,0,0,0,0,0,0,0,0,0
לא מציאותי,0,0,0,0,0,0,0,0,0,0
לא מוקלט,0,0,0,0,0,0,0,0,0,0
לא רשום,0,0,0,0,0,0,0,0,0,0
לא מוסדר,0,0,0,0,0,0,0,0,0,0
שאינו קשור,0,0,0,0,0,0,0,0,0,0
לֹא מַרפֶּה,0,0,0,0,0,0,0,0,0,0
לֹא מְהֵימָן,0,0,0,0,0,1,0,0,0,1
חסר תשובה,0,0,0,0,0,0,0,0,0,0
לא מוצדק,0,0,0,0,0,1,0,1,0,0
לא פתורה,0,1,0,0,0,0,0,0,0,0
אִי שָׁקֵט,0,0,0,1,0,0,0,1,0,0
לֹא מְרוּסָן,0,0,0,0,0,0,0,0,0,0
ללא הגבלה,0,0,0,0,0,0,0,0,0,0
פָּרוּעַ,1,0,1,1,0,1,0,0,0,0
מְסוּכָּן,0,0,0,1,0,1,0,0,0,0
לא מספק,0,0,1,0,0,1,0,0,0,0
לא מרוצה,0,0,1,0,0,1,0,1,0,0
דוֹחֶה,0,0,0,0,0,1,0,0,0,0
לְלֹא פֶּגַע,0,0,0,0,0,0,1,0,0,0
לא מדעי,0,0,0,0,0,0,0,0,0,0
חֲסַר מַצְפּוּן,0,0,0,0,0,1,0,0,0,0
להתיר את המושב,0,0,0,0,0,0,0,1,0,0
בלתי נראות,0,0,0,0,0,0,0,0,0,0
לא אנוכי,0,0,0,0,0,0,1,0,0,0
לֹא יַצִיב,1,0,1,1,0,1,0,0,0,0
מְכוֹעָר,0,0,1,0,0,1,0,0,0,0
לֹא מְתוּחכָּם,0,0,0,0,0,1,0,0,0,0
בלתי ניתן לתאר,0,0,0,1,0,1,0,0,0,0
לא מוגדר,0,0,0,0,0,0,0,0,0,0
לֹא יַצִיב,0,0,0,1,0,1,0,0,1,0
מִתנוֹדֵד,0,0,0,1,0,0,0,0,0,0
לא מוצלח,0,0,0,0,0,1,0,1,0,0
לא מתאים,0,0,0,0,0,1,0,0,0,0
לא מושר,0,0,0,0,0,1,0,0,0,0
אינו נתמך,0,0,0,0,0,1,0,0,0,0
ללא תחרות,0,1,0,1,1,0,1,0,0,1
לא חושד,0,0,0,0,0,0,0,0,1,0
לא בר קיימא,0,0,0,0,0,1,0,0,0,0
לא ממותק,0,0,0,0,0,0,0,0,0,0
לא סימפטי,1,0,0,0,0,1,0,0,0,0
לא מאולף,0,0,0,0,0,1,0,0,0,0
בלתי נסבל,0,0,0,0,0,1,0,0,0,0
לא נבחן,0,0,0,0,0,0,0,0,0,0
בלתי מתקבל על הדעת,1,0,1,1,0,1,0,0,0,0
לֹא מְסוּדָר,0,0,1,0,0,1,0,0,0,0
לְהַתִיר,0,0,0,0,1,1,1,0,0,0
בְּטֶרֶם עֵת,0,0,0,0,0,1,0,0,0,0
ללא כותרת,0,0,0,0,0,1,0,1,0,0
לא סופר,0,1,0,0,0,1,0,0,0,0
ללא נגיעה,0,0,0,0,0,0,0,0,0,0
סוֹרֵר,1,0,1,0,0,1,0,0,0,0
לא מאומן,0,0,0,0,0,1,0,0,0,0
לא מתורגם,0,0,0,0,0,0,0,0,0,0
כּוֹזֵב,0,0,0,0,0,1,0,0,0,0
לא מהימן,1,0,0,0,0,1,0,0,0,0
לא בשימוש,0,0,0,0,0,0,0,0,0,0
בלתי שגרתי,0,0,0,0,0,0,0,0,0,0
באופן חריג,0,0,0,0,0,0,0,0,0,0
לַחשׂוֹף,0,0,0,0,0,0,0,0,0,0
חשיפה,0,0,0,0,0,0,0,0,0,0
לא מאומת,0,1,0,0,0,0,0,0,0,0
לא מוצדק,0,0,0,0,0,1,0,0,0,0
לֹא זָהִיר,0,0,0,0,0,0,0,0,0,0
לא שטוף,0,0,1,0,0,1,0,0,0,0
בלתי מעורערת,0,0,0,0,0,0,1,0,0,1
לֹא רָצוּי,0,0,0,0,0,1,0,1,0,0
חוֹלֶה,0,0,0,0,0,1,0,1,0,0
מסרב,0,0,0,0,0,0,0,0,0,0
בחוסר רצון,0,0,0,0,0,0,0,0,0,0
אִי רָצוֹן,0,0,0,0,0,1,0,0,0,0
לְהִתְפַּרֵק,0,0,0,0,0,0,0,0,0,0
לֹא נָבוֹן,0,0,0,0,0,1,0,0,0,0
לֹא מְכוּוָן,0,0,0,0,0,1,0,0,0,0
בְּהֶסַח הַדַעַת,0,0,0,0,0,0,0,0,0,0
לא ראוי,0,0,1,0,0,1,0,0,0,0
לא כתוב,0,0,0,0,0,0,0,0,0,0
בלתי נכנע,0,0,0,0,0,1,0,0,0,0
מַהְפָּך,1,0,0,1,0,1,0,1,0,0
בְּמַעֲלֶה הַהַר,0,1,0,1,0,1,1,0,0,0
רַפָּדוּת,0,0,0,0,0,0,0,0,0,0
למעלה,0,0,0,0,0,0,0,0,0,0
עליות,0,0,0,0,0,0,0,0,0,0
הִתרוֹמְמוּת רוּחַ,0,1,0,0,1,0,1,0,0,1
עֶלִיוֹן,0,0,0,0,0,0,0,0,0,0
זָקוּף,0,0,0,0,0,0,1,0,0,1
מֶרֶד,1,1,0,1,0,1,0,0,0,0
הֲמוּלָה,0,0,0,0,0,1,0,0,0,0
עצבני,1,0,0,0,0,1,0,1,0,0
תוֹצָאָה,0,0,0,0,0,0,0,0,0,0
לְמַעלָה,0,0,0,0,0,0,0,0,0,0
מתחיל,0,0,0,0,0,0,0,0,0,0
כְּלַפֵּי מַעְלָה,0,0,0,0,0,0,0,0,0,0
אוּרָנִיוּם,0,0,0,0,0,0,0,0,0,0
עִירוֹנִי,0,0,0,0,0,0,0,0,0,0
פִּרחָח,0,0,0,0,0,1,0,0,0,0
דַחַף,0,0,0,0,0,0,0,0,0,0
דְחִיפוּת,0,1,0,1,0,0,0,0,1,0
דחוף,0,1,0,1,0,1,0,0,1,0
בדיקת שתן כללית,0,0,0,0,0,0,0,0,0,0
מֵיחָם,0,0,0,0,0,0,0,1,0,0
נוֹהָג,0,0,0,0,0,0,0,0,0,0
בצורה שימושית,0,0,0,0,0,0,0,0,0,0
תוֹעֶלֶת,0,0,0,0,0,0,1,0,0,0
חֲסַר תוֹעֶלֶת,0,0,0,0,0,1,0,0,0,0
סַדרָן,0,0,0,0,0,0,1,0,0,1
רָגִיל,0,0,0,0,0,0,1,0,0,1
לַחמוֹס,1,0,0,0,0,1,0,0,0,0
גזלו,1,0,0,1,0,1,0,0,0,0
נֶשֶׁך,0,0,0,0,0,1,0,0,0,0
תַשְׁמִישׁ,0,0,0,0,0,0,0,0,0,0
תוֹעַלתָנִי,0,0,0,0,0,0,0,0,0,0
תוֹעֶלֶת,0,0,0,0,0,0,1,0,0,0
שימוש,0,0,0,0,0,0,0,0,0,0
להפיק תועלת,0,0,0,0,0,0,0,0,0,0
מירבי,0,0,0,0,0,0,0,0,0,0
אוּטוֹפִּי,0,1,0,0,1,0,1,0,0,1
אמירה,0,0,0,0,0,0,0,0,0,0
לחלוטין,0,0,0,0,0,0,0,0,0,0
חֶדֶר פָּנוּי,0,0,0,0,0,1,0,0,0,0
חוּפשָׁה,0,1,0,0,1,0,1,0,0,0
חיסון,0,0,0,0,0,0,0,0,0,0
תַרכִּיב,0,0,0,0,0,0,1,0,0,0
ואקוולרי,0,0,0,0,0,0,0,0,0,0
vacuole,0,0,0,0,0,0,0,0,0,0
ריק,0,0,1,0,0,1,0,0,0,0
לִשְׁאוֹב,0,0,0,0,0,0,0,0,0,0
מְעוּרפָּל,0,0,0,0,0,1,0,0,0,0
עִרפּוּל,0,0,0,0,0,1,0,0,0,0
לָשָׁוא,0,0,1,0,0,1,0,1,0,0
וִילוֹנִית,0,0,0,0,0,0,0,0,0,0
עֶמֶק,0,0,0,0,0,0,0,0,0,0
חַדרָן,0,0,0,0,0,0,0,0,0,0
אַמִיץ,0,0,0,0,0,0,1,0,0,0
תוֹקֶף,0,0,0,1,0,0,0,0,0,0
עֶמֶק,0,0,0,0,0,0,0,0,0,0
חַיִל,0,0,0,0,0,0,1,0,0,1
בעל ערך,0,0,0,0,0,0,1,0,0,0
הַעֲרָכָה,0,0,0,0,0,0,0,0,0,0
שסתום,0,0,0,0,0,0,0,0,0,0
נַצלָנִית,0,0,0,0,0,0,0,0,0,0
עַרפָּד,1,0,1,1,0,1,0,0,0,0
ואן,0,0,0,0,0,0,0,0,0,0
שַׁבשֶׁבֶת,0,0,0,0,0,0,0,0,0,0
חֵיל הֶחָלוּץ,0,0,0,0,0,0,1,0,0,0
וניל,0,0,0,0,0,0,0,0,0,0
לְהֵעָלֵם,0,0,0,0,0,0,0,0,1,0
נעלם,0,0,0,1,0,1,0,1,1,0
הֶבֶל,0,0,0,0,0,1,0,0,0,0
לְנַצֵחַ,0,0,0,0,0,0,1,0,0,0
אדים,0,0,0,0,0,0,0,0,0,0
vara,0,0,0,0,0,0,0,0,0,0
מִשְׁתַנֶה,0,0,0,0,0,0,0,0,1,0
שׁוֹנוּת,0,0,0,0,0,0,0,0,0,0
וָרִיאַצִיָה,0,0,0,0,0,0,0,0,0,0
וריאציות,0,0,0,0,0,0,0,0,0,0
אֲבַעְבּוּעוֹת רוּחַ,0,0,1,1,0,1,0,1,0,0
דליות,0,0,0,0,0,1,0,0,0,0
מגוון,0,0,0,0,0,0,0,0,0,0
סַסגוֹנִי,0,0,0,0,0,0,0,0,0,0
מגוון,0,0,0,0,0,0,0,0,0,0
לְהִשְׁתַנוֹת,0,0,0,0,0,0,0,0,0,0
שֶׁל כְּלֵי הַדָם,0,0,0,0,0,0,0,0,0,0
אֲגַרטֵל,0,0,0,0,0,0,0,0,0,0
עָצוּם,0,0,0,0,0,0,0,0,0,0
מס ערך מוסף,0,0,0,0,0,0,0,0,0,0
וודוויל,0,0,0,0,0,0,0,0,0,0
כספת,0,0,0,0,0,0,0,0,0,0
מְקוּמָר,0,0,0,0,0,0,0,0,0,0
מְקוּמָר,0,0,0,0,0,0,0,0,0,0
עגל,0,0,0,0,0,0,0,1,0,1
וֶקטוֹר,0,0,0,0,0,0,0,0,0,0
לִסְטוֹת,0,0,0,1,0,0,0,0,1,0
vega,0,0,0,0,0,0,0,0,0,0
ירקות,0,0,0,0,0,0,0,0,0,0
צִמחוֹנִי,0,0,0,0,0,0,0,0,0,0
צִמחוֹנוּת,0,0,0,0,0,0,0,0,0,0
צִמחִיָה,0,0,0,0,0,0,0,0,0,0
וגטטיבי,0,0,1,0,0,1,0,1,0,0
תַקִיף,1,0,0,1,0,1,0,0,0,0
רכב,0,0,0,0,0,0,0,0,0,0
צָעִיף,0,0,0,0,0,0,0,0,0,0
מְצוּעָף,0,0,0,0,0,0,0,0,0,0
וָרִיד,0,0,0,0,0,0,0,0,0,0
מְגוּיָד,0,0,0,0,0,0,0,0,0,0
קלף,0,0,0,0,0,0,0,0,0,0
מְהִירוּת,0,0,0,0,0,0,0,0,0,0
קטיפה,0,0,0,0,0,0,0,0,0,0
קְטִיפָה,0,0,0,0,0,0,1,0,0,0
קְטִיפָתִי,0,0,0,0,0,0,1,0,0,0
וונה,0,0,0,0,0,0,0,0,0,0
נקמת דם,1,0,0,1,0,1,0,1,0,0
מוֹכֵר,0,0,0,0,0,0,0,0,0,0
עֵץ לִבּוּד,0,0,0,0,0,0,0,0,0,0
נִכבָּד,0,1,0,0,1,0,1,0,0,1
הַעֲרָצָה,0,0,0,0,0,0,1,0,0,0
נקמה,1,0,0,0,0,1,0,0,0,0
נַקמָנִי,1,0,0,1,0,1,0,0,0,0
צְבִי,0,0,0,0,0,0,0,0,0,0
אֶרֶס,1,0,1,1,0,1,0,0,0,0
אַרסִי,1,0,1,1,0,1,0,0,0,0
וְרִידִי,0,0,0,0,0,0,0,0,0,0
לפרוק,1,0,0,0,0,0,0,0,0,0
אוורור,0,0,0,0,0,0,0,0,0,0
מְאַוְרֵר,0,0,0,0,0,0,0,0,0,0
חֲדַר הַלֵב,0,0,0,0,0,0,0,0,0,0
חדרי,0,0,0,0,0,0,0,0,0,0
מיזם,0,0,0,0,0,0,0,0,0,0
מָקוֹם מִפגָשׁ,0,0,0,0,0,0,0,0,0,0
אֲמִתוּת,0,1,0,0,1,0,1,0,1,1
מרפסת,0,0,0,0,0,0,0,0,0,0
מילולי,0,0,0,0,0,0,0,0,0,0
מִלָה בְּמִלָה,0,0,0,0,0,0,0,0,0,0
גִבּוּב דְבָרִים,0,0,0,0,0,0,0,0,0,0
מִלוּלִי,0,0,0,0,0,0,0,0,0,0
מֶלֶל,0,0,0,0,0,1,0,0,0,0
יָרוֹק,0,0,0,0,0,0,1,0,0,0
פְּסַק דִין,0,0,0,1,0,0,0,0,0,0
לִגבּוֹל,0,1,0,1,0,1,0,0,0,0
אימות,0,0,0,0,0,0,1,0,0,1
מְאוּמָת,0,0,0,0,0,0,1,0,0,1
תאשר,0,0,0,0,0,0,0,0,0,0
באמת,0,0,0,0,0,0,1,0,0,1
מַמָשִׁי,0,0,0,0,0,0,1,0,0,0
שְׁרָצִים,1,0,1,1,0,1,0,0,0,0
דִבּוּרִי,0,0,0,0,0,0,0,0,0,0
ארצי,0,0,0,0,1,0,1,0,0,0
ורוניקה,0,0,0,0,0,0,0,0,0,0
מגוון,0,0,0,0,0,0,0,0,0,0
רבגוניות,0,0,0,0,0,0,0,0,0,0
פָּסוּק,0,0,0,0,0,0,0,0,0,0
גִרְסָה,0,0,0,0,0,0,0,0,0,0
נגד,1,0,0,0,0,1,0,0,0,0
vert,0,0,0,0,0,0,0,0,0,0
חוּלִיָה,0,0,0,0,0,0,0,0,0,0
חוּליָתִי,0,0,0,0,0,0,0,0,0,0
קָדקוֹד,0,0,0,0,0,0,0,0,0,0
אֲנָכִי,0,0,0,0,0,0,0,0,0,0
בֵּמְאוּנָך,0,0,0,0,0,0,0,0,0,0
סְחַרחוֹרֶת,0,0,0,1,0,1,0,0,0,0
הִתלַהֲבוּת,0,0,0,0,0,0,1,0,0,0
שַׁלפּוּחִית,0,0,0,0,0,0,0,0,0,0
שַׁלפּוּחִי,0,0,1,0,0,0,0,0,0,0
כְּלִי שַׁיִט,0,0,0,0,0,0,0,0,0,0
אֵפוֹד,0,0,0,0,0,0,0,0,0,0
מוּשׁקָע,0,0,0,0,0,0,0,0,0,0
פְּרוֹזדוֹר,0,0,0,0,0,0,0,0,0,0
שָׂרִיד,0,0,0,0,0,0,0,0,0,0
וטרינר,0,0,0,0,0,0,0,0,0,0
ותיק,0,0,0,0,0,0,1,0,0,1
וֵטֵרִינָר,0,0,0,0,0,0,0,0,0,0
וֵטוֹ,1,0,0,0,0,1,0,0,0,0
יכולת הקיום,0,0,0,0,0,0,0,0,0,0
בַּר חַיִים,0,0,0,0,0,0,0,0,0,0
מַעֲבָר מַיִם,0,0,0,0,0,0,0,0,0,0
צְלוֹחִית,0,0,0,0,0,0,0,0,0,0
לְנַדְנֵד,0,0,0,0,0,0,0,0,0,0
רֶטֶט,0,0,0,0,0,0,0,0,0,0
רטט,0,0,0,0,0,0,0,0,0,0
כּוֹמֶר,0,0,0,0,0,0,1,0,0,1
באמצעות הזולת,0,0,0,0,0,0,0,0,0,0
סְגָן,0,0,0,0,0,1,0,0,0,0
סְבִיבָה,0,0,0,0,0,0,0,0,0,0
מרושע,1,0,1,0,0,1,0,0,0,0
קורבן,1,0,0,1,0,1,0,1,0,0
קורבן,1,0,1,1,0,1,0,1,1,0
מְנַצֵחַ,0,0,0,0,1,0,1,0,0,0
ויקטוריה,0,0,0,0,0,0,0,0,0,0
מְנַצֵחַ,0,0,0,0,1,0,1,0,0,0
ניצחון,0,1,0,0,1,0,1,0,0,1
קַלֶטֶת וִידֵיאוֹ,0,0,0,0,0,0,0,0,0,0
לְהִתְחַרוֹת,0,0,0,0,0,0,0,0,0,0
נוף,0,0,0,0,0,0,0,0,0,0
עֵרוּת,0,1,0,0,0,0,0,0,0,0
עֵרָנוּת,0,1,0,0,0,0,1,0,0,1
דָרוּך,0,0,0,1,0,0,1,0,0,1
וינייטה,0,0,0,0,0,0,0,0,0,0
מֶרֶץ,0,0,0,0,0,0,1,0,0,0
נִמרָץ,0,0,0,0,0,0,1,0,0,1
וִיקִינג,0,0,0,0,0,0,0,0,0,0
וִילָה,0,0,0,0,0,0,0,0,0,0
כְּפָר,0,0,0,0,0,0,0,0,0,0
כַּפרִי,0,0,0,0,0,0,1,0,0,1
נָבָל,0,0,0,1,0,1,0,0,0,0
מְרוּשָׁע,1,0,1,1,0,1,0,0,0,0
רוֹטֶב,0,0,0,0,0,0,0,0,0,0
לְהַצְדִיק,1,0,0,0,0,0,0,0,0,0
מוּצדָק,0,0,0,0,0,0,1,0,0,0
הַצדָקָה,0,1,0,0,1,0,1,0,0,1
נַקמָנִי,1,0,1,0,0,1,0,0,0,0
חומץ,0,0,0,0,0,0,0,0,0,0
כֶּרֶם,0,0,0,0,0,0,0,0,0,0
וִיוֹלָה,0,0,0,0,0,0,0,0,0,0
הֲפָרָה,1,0,0,1,0,1,0,1,1,0
אַלִימוּת,1,0,0,1,0,1,0,1,0,0
אַלִים,1,0,1,1,0,1,0,0,1,0
באלימות,1,0,1,1,0,1,0,1,0,0
סָגוֹל,0,0,0,0,0,0,0,0,0,0
כינור,0,0,0,0,0,0,0,0,0,0
כַּנָר,0,0,0,0,0,0,0,0,0,0
צֶפַע,0,0,0,1,0,1,0,0,0,0
בתולה,0,0,0,0,0,0,1,0,0,1
בְּתוּלִים,0,1,0,0,0,0,1,0,0,0
וירולוגיה,0,0,0,0,0,0,0,0,0,0
וירטואלי,0,0,0,0,0,0,0,0,0,0
כִּמעַט,0,0,0,0,0,0,0,0,0,0
מַעֲלָה,0,0,0,0,0,0,1,0,0,1
וִירטוּאוֹז,0,0,0,0,0,0,0,0,0,0
מוּסָרִי,0,0,0,0,1,0,1,0,0,1
אַרסִיוּת,1,0,0,1,0,1,0,0,0,0
נגיף,0,0,0,0,0,1,0,0,0,0
וִיזָה,0,0,0,0,0,0,0,0,0,0
פַּרצוּף,0,0,0,0,0,0,0,0,0,0
צְמִיגוּת,0,0,0,0,0,0,0,0,0,0
צָמִיג,0,0,0,0,0,0,0,0,0,0
מֶלחָצַיִם,0,0,0,0,0,0,0,0,0,0
רְאוּת,0,0,0,0,0,0,0,0,0,0
גלוי,0,0,0,0,0,0,0,0,0,0
באופן גלוי,0,0,0,0,0,0,0,0,0,0
חָזוֹן,0,1,0,0,0,0,1,0,0,0
חוֹזֶה,0,1,0,0,1,0,1,0,0,1
לְבַקֵר,0,0,0,0,0,0,1,0,0,0
פּוּרעָנוּת,0,0,0,0,0,1,0,0,0,0
מבקר,0,0,0,0,0,0,0,0,0,0
אורח,0,1,0,0,1,0,1,0,0,0
מִצחִיָה,0,1,0,0,0,0,0,0,1,0
נוֹף,0,0,0,0,0,0,0,0,0,0
חָזוּתִי,0,0,0,0,0,0,0,0,0,0
לַחֲזוֹת,0,0,0,0,0,0,0,0,0,0
חִיוּנִי,0,0,0,0,0,0,1,0,0,0
חיוניות,0,0,0,0,1,0,1,0,0,1
זְגוּגִי,0,0,0,0,0,0,0,0,0,0
עֲסִיסִי,0,0,0,0,1,0,1,0,0,0
בָּהִיר,0,0,0,0,1,0,1,0,0,0
סוֹרֶרֶת,0,0,0,0,0,1,0,0,0,0
אוצר מילים,0,0,0,0,0,0,1,0,0,0
ווֹקָאלִי,0,0,0,0,0,0,0,0,0,0
זַמָר,0,0,0,0,0,0,0,0,0,0
שְׁלִיחוּת,0,0,0,0,0,0,0,0,0,0
אָפנָה,0,0,0,0,0,0,0,0,0,0
קוֹל,0,0,0,0,0,0,0,0,0,0
אִלֵם,0,0,0,0,0,0,0,0,0,0
בָּטֵל,0,0,0,0,0,0,0,0,0,0
תנודתיות,1,1,0,1,0,1,0,0,1,0
ווּלקָנִי,0,0,0,0,0,0,0,0,0,0
הַר גַעַשׁ,0,0,0,1,0,1,0,0,1,0
רָצוֹן,0,0,0,0,0,0,0,0,0,0
צְרוֹר,0,0,0,0,0,0,0,0,0,0
מד מתח,0,0,0,0,0,0,0,0,0,0
כרך,0,0,0,0,0,0,0,0,0,0
מְשׁוּפָּע,0,0,0,0,0,0,0,0,0,0
מרצון,0,0,0,0,0,0,0,0,0,0
מִרָצוֹן,0,0,0,0,0,0,0,0,0,0
לְהִתְנַדֵב,0,1,0,1,1,0,1,0,0,1
התנדבות,0,0,0,0,0,0,0,0,0,0
מתנדבים,0,0,0,0,0,0,0,0,0,1
חוּשָׁנִי,0,1,0,0,1,0,1,0,0,0
לְהַקִיא,0,0,1,0,0,0,0,0,0,0
הֲקָאָה,0,0,0,0,0,1,0,0,0,0
וודו,0,0,0,0,0,1,0,0,0,0
רַעַבתָנִי,0,0,0,0,0,0,0,0,0,0
מְעַרבּוֹלֶת,0,0,0,0,0,0,0,0,0,0
הַצבָּעָה,1,1,0,0,1,1,1,1,1,1
הַצבָּעָה,0,0,0,0,0,0,0,0,0,0
שֶׁל נֶדֶר,0,0,0,0,0,0,0,0,0,1
לַעֲרוֹב,0,0,0,0,0,0,1,0,0,1
שובר,0,0,0,0,0,0,0,0,0,1
נדר,0,1,0,0,1,0,1,0,0,1
תְנוּעָה,0,0,0,0,0,0,0,0,0,0
מַסָע,0,1,0,0,0,0,0,0,0,0
נוֹסֵעַ,0,0,0,0,0,0,0,0,0,0
ווּלגָרִי,0,0,1,0,0,1,0,0,0,0
ווּלגָרִיוּת,1,0,1,0,0,1,0,1,0,0
פגיעות,0,0,0,1,0,1,0,1,0,0
פָּגִיעַ,0,0,0,0,0,0,0,0,0,0
עיט,0,0,1,1,0,1,0,0,0,0
חֲבִילָה,0,0,0,0,0,0,0,0,0,0
לְהִשְׁתַכְשֵׁך,0,0,0,0,0,0,0,0,0,0
רָקִיק,0,0,0,0,0,0,0,0,0,0
וַפל,1,0,0,0,0,1,0,1,0,0
לְכַשְׁכֵּשׁ,0,0,0,0,0,0,0,0,0,0
לְהַמֵר,0,0,0,0,0,0,0,0,0,0
שכר,0,0,0,0,1,0,1,0,0,0
עֲגָלָה,0,0,0,0,0,0,0,0,0,0
לְקוֹנֵן,0,0,0,1,0,1,0,1,0,0
מוֹתֶן,0,0,0,0,0,0,0,0,0,0
חֲזִיָה,0,0,0,0,0,0,0,0,0,0
לַחֲכוֹת,0,1,0,0,0,1,0,0,0,0
מֶלְצַר,0,0,0,0,0,0,0,0,0,0
הַמתָנָה,0,0,0,0,0,0,0,0,0,0
לְוַתֵר עַל,0,0,0,0,0,0,0,0,0,0
לְהִתְעוֹרֵר,0,0,0,0,0,0,0,0,0,0
לָלֶכֶת,0,0,0,0,0,0,0,0,0,0
הֲלִיכוֹן,0,0,0,0,0,0,0,0,0,0
קִיר,0,0,0,0,0,0,0,0,0,0
ארנק,0,0,0,0,0,0,0,0,0,0
לְהִתְפַּלֵשׁ,0,0,1,0,0,1,0,1,0,0
אגוז מלך,0,0,0,0,0,0,0,0,0,0
וַלס,0,0,0,0,0,0,0,0,0,0
wan,0,0,0,1,0,1,0,1,0,0
שַׁרבִּיט,0,0,0,0,0,0,0,0,0,0
לשוטט,0,0,0,0,0,0,0,0,0,0
נָע וָנָד,0,0,0,0,0,0,0,0,0,0
נְדוּדִים,0,0,0,0,0,0,0,0,0,0
לִדעוֹך,0,0,0,0,0,1,0,1,0,0
פְּגִימָה,0,0,0,0,0,0,0,0,0,0
רוצה,0,0,0,0,0,1,0,1,0,0
מִלחָמָה,0,0,0,1,0,1,0,0,0,0
סִבְּכִי,0,0,0,0,0,0,0,0,0,0
מַחלָקָה,0,0,0,0,0,0,0,0,0,0
סוֹהֵר,1,0,0,1,0,1,0,0,0,1
אָרוֹן בְּגָדִים,0,0,0,0,0,0,0,0,0,0
כלי,0,0,0,1,0,1,0,0,0,0
מַחסָן,0,0,0,0,0,0,0,0,0,0
לוֹחָמָה,1,0,0,1,0,1,0,1,0,0
מִלחַמתִי,1,0,0,1,0,1,0,0,0,0
מְכַשֵׁף,0,0,0,1,0,0,0,0,0,0
הִתחַמְמוּת,0,0,0,0,0,0,0,0,0,0
לְהַזהִיר,0,1,0,1,0,1,0,0,1,1
הזהיר,0,1,0,1,0,0,0,0,1,0
אַזהָרָה,0,0,0,1,0,0,0,0,0,0
לְעַקֵם,1,0,0,0,0,1,0,1,0,0
מעוות,0,0,0,0,0,1,0,0,0,0
לְהַצְדִיק,0,0,0,0,0,0,0,0,0,0
מוצדקת,0,0,0,0,0,0,0,0,0,0
צווים,0,0,0,0,0,0,0,0,0,0
אַחֲרָיוּת,0,0,0,0,0,0,1,0,0,1
וורן,0,0,0,0,0,0,0,0,0,0
לוֹחֶם,1,0,0,1,0,0,1,0,0,0
יַבֶּלֶת,0,0,1,0,0,1,0,0,0,0
זָהִיר,0,0,0,1,0,0,0,0,0,0
לִשְׁטוֹף,0,0,0,0,0,0,0,0,0,0
כְּבָסִים,0,0,0,0,0,0,0,0,0,0
כִּשָׁלוֹן,0,0,0,0,0,0,0,0,0,0
צרעה,0,0,0,0,0,0,0,0,0,0
בזבוז,0,0,1,0,0,1,0,0,0,0
מבוזבז,1,0,1,0,0,1,0,0,0,0
בַּזבְּזָנִי,1,0,1,0,0,1,0,1,0,0
מְבַזבֵּז,0,0,1,1,0,1,0,1,0,0
שעון,0,1,0,1,0,0,0,0,0,0
כֶּלֶב שְׁמִירָה,0,0,0,0,0,0,1,0,0,1
עֵרָנִי,0,0,0,0,0,0,1,0,0,1
שׁוֹמֵר,0,0,0,0,0,0,1,0,0,1
מים,0,0,0,0,0,0,0,0,0,0
מסלול מים,0,0,0,0,0,0,0,0,0,0
מוּשׁקֶה,0,0,0,0,0,0,0,0,0,0
חסין מים,0,0,0,0,0,0,1,0,0,0
מִפְעָלֵי מַיִם,0,0,0,0,0,0,0,0,0,0
מֵימִי,0,0,0,0,0,1,0,0,0,0
גַל,0,0,0,0,0,0,0,0,0,0
לְהַסֵס,0,0,0,1,0,1,0,0,0,0
מְהַסֵס,0,0,0,0,0,0,0,0,0,0
גלים,0,0,0,0,0,0,0,0,0,0
גַלִי,0,0,0,0,0,0,0,0,0,0
דוֹנַג,0,0,0,0,0,0,0,0,0,0
דוֹנַגִי,0,0,0,0,0,0,0,0,0,0
דרכים,0,0,0,0,0,0,0,0,0,0
הֲפַכְפַּך,0,0,0,0,0,0,0,0,0,0
מוּחלָשׁ,0,0,0,0,0,1,0,0,0,0
חָלוּשׁ,0,0,0,1,0,1,0,1,0,0
חוּלשָׁה,0,0,0,0,0,1,0,0,0,0
עוֹשֶׁר,0,0,0,0,1,0,1,0,0,1
עָשִׁיר,0,0,0,0,0,0,0,0,0,0
נֶשֶׁק,0,0,0,0,0,0,0,0,0,0
לִלבּוֹשׁ,0,0,0,0,0,1,0,0,0,1
בעייפות,0,0,0,0,0,1,0,1,0,0
עָיֵפוּת,0,0,0,0,0,1,0,1,0,0
לובש,0,0,0,0,0,0,0,0,0,0
לְהַלאוֹת,0,0,0,0,0,1,0,1,0,0
מזג אוויר,0,0,0,0,0,0,0,0,0,0
בליה,0,0,0,0,0,0,0,0,0,0
עָמִיד,0,0,0,0,0,0,1,0,0,0
לֶאֱרוֹג,0,0,0,0,0,0,0,0,0,0
אינטרנט,0,0,0,0,0,0,0,0,0,0
היינו עושים,0,0,0,0,0,0,0,0,0,0
התחתן,0,0,0,0,0,0,0,0,0,0
טריז,0,0,0,0,0,0,0,0,0,0
פעוט,0,0,0,0,0,0,0,0,0,0
עֵשֶׂב,0,0,0,0,0,0,0,0,0,0
ניכוש עשבים,0,0,0,0,0,0,0,0,0,0
עשבים שוטים,0,0,0,0,0,1,0,1,0,0
עשבים,0,0,0,0,0,0,0,0,0,0
שָׁבוּעַ,0,0,0,0,0,0,0,0,0,0
שְׁבוּעִי,0,0,0,0,0,0,0,0,0,0
לִבכּוֹת,0,0,0,0,0,1,0,1,0,0
בְּכִי,0,0,0,0,0,0,0,1,0,0
לשקול,0,1,0,0,0,0,0,0,0,1
שְׁקִילָה,0,0,0,0,0,0,0,0,0,0
מִשׁקָל,0,1,1,1,1,1,1,1,1,1
חסר משקל,0,0,0,0,0,0,0,0,0,0
משקולות,0,0,0,0,0,0,0,0,0,0
כָּבֵד,0,0,0,1,0,0,0,0,0,0
סֶכֶר,0,0,0,0,0,0,0,0,0,0
מְשׁוּנֶה,0,0,1,0,0,1,0,0,0,0
תִמהוֹנִי,0,0,0,1,0,1,0,0,0,0
בברכה,0,0,0,0,1,0,1,0,0,0
לְרַתֵך,0,0,0,0,0,0,0,0,0,0
סעד,0,0,0,0,0,0,0,0,0,0
ראש באר,0,0,0,0,0,0,0,0,0,0
וולט,0,0,0,0,0,0,0,0,0,0
וון,0,0,0,0,0,1,0,0,0,0
בַּחוּרָה,1,0,1,0,0,1,0,0,0,0
מערבי,0,0,0,0,0,0,0,0,0,0
רָטוֹב,0,0,0,0,0,0,0,0,0,0
מַהֲלוּמָה,0,0,0,0,0,1,0,0,0,0
לוויתן,0,0,0,0,0,0,0,0,0,0
מהמם,0,0,0,0,0,0,0,0,0,0
רָצִיף,0,0,0,0,0,0,0,0,0,0
כָּלשֶׁהוּ,0,0,0,0,0,0,0,0,0,0
גַלגַל,0,0,0,0,0,0,0,0,0,0
גלגלים,0,0,0,0,0,0,0,0,0,0
מָקוֹם,0,0,0,0,0,0,0,0,0,0
לכן,0,0,0,0,0,0,0,0,0,0
בעזרתו,0,0,0,0,0,0,0,0,0,0
אֶמְצָעִים,0,0,0,0,0,0,0,0,0,0
לְגָרוֹת,0,0,0,0,0,0,0,0,0,0
רֵיחַ,0,0,0,0,0,0,0,0,0,0
תוך,0,0,0,0,0,0,0,0,0,0
גַחְמָה,0,1,0,0,1,1,0,0,1,0
יְבָבָה,0,0,0,1,0,0,0,1,0,0
גַחְמָנִי,0,0,0,0,1,0,0,0,0,0
הוּמוֹר מְשׁוּנֶה,0,0,0,0,0,0,0,0,0,0
יְלָלָה,0,0,1,0,0,1,0,1,0,0
שׁוֹט,1,0,0,0,0,1,0,0,0,0
לְהִסְתַחרֵר,0,0,0,0,0,0,0,0,0,0
מְעַרבּוֹלֶת,0,0,0,1,0,0,0,0,0,0
סוּפָה,0,0,0,1,0,1,0,0,0,0
לְהַקְצִיף,0,0,0,0,0,0,0,0,0,0
שפם,0,0,0,0,0,0,0,0,0,0
וויסקי,0,0,0,0,0,1,0,0,0,0
לַחַשׁ,0,0,0,0,0,0,0,0,0,0
לחש,0,0,0,0,0,0,0,0,0,0
לִשְׁרוֹק,0,0,0,0,0,0,0,0,0,0
שֶׁמֶץ,0,0,0,0,0,0,0,0,0,0
לוֹבֶן,0,0,0,0,1,0,1,0,0,0
לְבַנְבַן,0,0,0,0,0,0,0,0,0,0
גָאוֹן,0,0,0,0,0,0,0,0,0,0
בָּרִיא,0,0,0,0,0,0,1,0,0,1
לְגַמרֵי,0,0,0,0,0,0,0,0,0,0
אוף,0,0,0,0,0,0,0,0,0,0
עָצוּם,0,0,0,0,0,0,0,0,0,0
זוֹנָה,0,0,1,0,0,1,0,0,0,0
פְּתִילָה,0,0,0,0,0,0,0,0,0,0
רָשָׁע,0,0,0,1,0,1,0,0,0,0
רִשׁעוּת,0,0,1,0,0,1,0,0,0,0
זֶרֶד,0,0,0,0,0,0,0,0,0,0
פִּשׁפָּשׁ,0,0,0,0,0,0,1,0,0,0
רָחָב,0,0,0,0,0,0,0,0,0,0
במידה רבה,0,0,0,0,0,0,0,0,0,0
לְהַרְחִיב,0,0,0,0,0,0,0,0,0,0
נָפוֹץ,0,0,0,0,0,0,1,0,0,0
אַלמָנָה,0,0,0,0,0,0,0,1,0,0
אַלמָן,0,0,0,0,0,0,0,1,0,0
רוֹחַב,0,0,0,0,0,0,0,0,0,0
להחזיק,0,0,0,0,0,0,0,0,0,0
אשה,0,0,0,0,0,0,0,0,0,0
פֵּאָה,0,0,0,0,0,0,0,0,0,0
וייט,0,0,0,0,0,0,0,0,0,0
פְּרָאִי,0,0,0,0,0,1,0,0,1,0
חֲתוּל הַבָּר,0,0,0,0,0,1,0,0,0,0
מִדבָּר,0,1,0,1,0,0,0,1,0,0
אש בשדה קוצים,0,0,0,1,0,1,0,1,1,0
מֵזִיד,1,0,0,0,0,1,0,1,0,0
בחפץ לב,0,0,0,0,0,0,1,0,0,0
נְכוֹנוּת,0,0,0,0,0,0,1,0,0,0
עֲרָבָה,0,0,0,0,0,0,0,0,0,0
נבול,0,0,0,0,0,0,0,0,0,0
עַרמוּמִי,0,0,0,0,0,0,0,0,0,0
חֲלָשׁלוּשׁ,0,0,1,1,0,1,0,0,0,0
קשקש,1,0,1,1,0,1,0,1,0,0
להתכווץ,1,0,1,1,0,1,0,1,0,0
כַּנֶנֶת,0,0,0,0,0,0,0,0,0,0
רוּחַ,0,0,0,0,0,0,0,0,0,0
מְצִיאָה,0,0,0,0,0,0,1,0,0,0
מִתפַּתֵל,0,0,0,0,0,0,0,0,0,0
טַחֲנַת רוּחַ,0,0,0,0,0,0,0,0,0,0
חַלוֹן,0,0,0,0,0,0,0,0,0,0
סוער,0,0,0,0,0,0,0,0,0,0
יַיִן,0,0,0,0,0,0,0,0,0,0
אֲגַף,0,0,0,0,0,0,0,0,0,0
מכונף,0,0,0,0,0,0,0,0,0,0
קְרִיצָה,0,0,0,0,0,0,0,0,0,0
זוֹכֵה,0,1,0,0,1,0,1,0,1,0
לנצח,0,1,1,0,1,0,1,1,1,1
זכיות,0,1,0,0,1,0,1,0,0,0
חוֹרֶף,0,0,0,0,0,0,0,0,0,0
חוֹרפִי,0,0,0,0,0,0,0,0,0,0
לנגב,0,0,0,0,0,0,0,0,0,0
חוּט,0,0,0,0,0,0,0,0,0,0
אַלחוּט,1,1,0,0,0,0,1,0,1,0
וויס,0,0,0,0,0,0,1,0,0,0
חוכמה,0,0,0,0,0,0,1,0,0,1
חכם,0,0,0,0,0,0,1,0,0,0
מִשׁתוֹקֵק,0,1,0,0,0,0,0,0,0,0
עַגמוּמִי,0,0,0,0,0,0,0,0,0,0
שְׁנִינוּת,0,0,0,0,0,0,1,0,0,0
מְכַשֵׁפָה,1,0,1,1,0,1,0,0,0,0
כישוף,1,0,0,1,0,1,0,1,0,0
עם זאת,0,0,0,0,0,0,0,0,0,0
לָסֶגֶת,0,0,0,0,0,1,0,1,0,0
נְסִיגָה,0,0,0,0,0,0,0,0,0,0
לִקְמוֹל,0,0,0,0,0,1,0,1,0,0
קָמֵל,0,0,1,0,0,1,0,0,0,0
לעמוד,0,1,0,1,0,0,1,0,0,0
עֵד,0,0,0,0,0,0,0,0,0,1
שכל,0,0,0,0,0,0,1,0,0,0
שָׁנוּן,0,0,0,0,1,0,1,0,0,0
אַשָׁף,0,1,0,0,0,0,1,0,1,0
אוי,0,0,1,1,0,1,0,1,0,0
עָצוּב,0,0,0,0,0,1,0,1,0,0
בצער רב,0,0,1,0,0,1,0,1,0,0
נָשִׁיוּת,0,0,0,0,0,0,0,0,0,0
נָשִׁי,0,0,0,0,0,0,0,0,0,0
רֶחֶם,0,0,0,0,0,0,1,0,0,0
נִפלָא,0,0,0,0,1,0,1,0,1,1
בצורה נפלאה,0,0,0,0,1,0,1,0,1,0
נִפלָא,0,0,0,0,0,0,1,0,0,0
רָגִיל,0,1,0,0,0,0,0,0,0,0
לְחַזֵר אַחֲרֵי,0,0,0,0,0,0,0,0,0,0
עץ,0,0,0,0,0,0,0,0,0,0
חִתוּך עֵץ,0,0,0,0,0,0,0,0,0,0
עץ,0,0,0,0,0,0,0,0,0,0
יערות,0,0,0,0,0,0,0,0,0,0
עֵצִי,0,0,0,0,0,0,0,0,0,0
מחזר,0,0,0,0,0,0,0,0,0,0
צֶמֶר,0,0,0,0,0,0,0,0,0,0
צַמרִי,0,0,0,0,0,0,0,0,0,0
וואו,1,0,0,0,0,0,0,0,0,0
מִלָה,0,0,0,0,0,0,1,0,0,1
ניסוח,0,0,0,0,0,0,0,0,0,0
מילים,1,0,0,0,0,1,0,0,0,0
רַב מֶלֶל,0,0,0,0,0,0,0,0,0,0
עֲבוֹדָה,0,0,0,0,0,0,0,0,0,0
חוברת עבודה,0,0,0,0,0,0,0,0,0,0
עוֹבֵד,0,0,0,0,0,0,0,0,0,0
עובד,0,0,0,0,0,0,1,0,0,0
פּוֹעֵל,0,0,0,0,0,0,0,0,0,0
טִיב הַעֲבוֹדָה,0,0,0,0,0,0,0,0,0,0
מקום עבודה,0,0,0,0,0,0,0,0,0,0
עובד,0,0,0,0,0,0,0,0,0,0
סדנה,0,0,0,0,0,0,0,0,0,0
עוֹלָם,0,0,0,0,0,0,0,0,0,0
עוֹלָמִי,0,0,0,0,0,0,0,0,0,0
עוֹלָמִי,0,0,0,0,0,0,0,0,0,0
תוֹלַעַת,0,1,0,0,0,1,0,0,1,0
נלבש,0,0,0,0,0,1,0,1,0,0
מוּדְאָג,0,0,0,0,0,1,0,1,0,0
דאגה,0,1,0,1,0,1,0,1,0,0
מדאיג,0,1,0,1,0,1,0,1,0,0
רע יותר,0,0,0,1,0,1,0,1,0,0
הַחמָרָה,0,0,1,0,0,1,0,1,0,0
פולחן,0,1,0,1,1,0,1,0,0,1
שִׁוּוּי,0,0,0,0,0,0,1,0,0,0
חסר ערך,1,0,1,0,0,1,0,1,0,0
רָאוּי,0,0,0,0,0,0,1,0,0,1
ווט,0,0,0,0,0,0,1,0,0,1
פֶּצַע,1,0,0,1,0,1,0,1,0,0
רנגלר,0,0,0,0,0,0,0,0,0,0
התנצחות,1,0,1,1,0,1,0,1,0,0
לַעֲטוֹף,0,0,0,0,0,0,0,0,0,0
עֲטִיפָה,0,0,0,0,0,0,0,0,0,0
לְפָפָה,0,0,0,0,0,0,0,0,0,0
זעם,1,0,0,1,0,1,0,0,0,0
לִנְקוֹם,1,0,0,0,0,1,0,0,0,0
זֵר,0,0,0,0,0,0,0,0,0,0
לַהֲרוֹס,1,0,1,1,0,1,0,1,1,0
הרוס,1,0,0,1,0,1,0,1,0,0
מפתח ברגים,0,0,0,0,0,1,0,0,0,0
לַחטוֹף,0,0,0,0,0,0,0,0,0,0
לְהִתגוֹשֵׁשׁ,0,0,0,0,0,0,0,0,0,0
מִתאַבֵּק,0,0,0,0,0,0,0,0,0,0
הַאָבְקוּת,0,0,0,0,0,1,0,0,0,0
עלוב,1,0,1,0,0,1,0,1,0,0
אוּמלָל,0,0,1,0,0,1,0,1,0,0
רייט,0,0,0,0,0,0,0,0,0,0
לִסְחוֹט,1,0,0,0,0,0,0,0,0,0
קֶמֶט,0,0,0,0,0,0,0,0,0,0
מְקוּמָט,0,0,0,0,0,0,0,1,0,0
מפרק כף היד,0,0,0,0,0,0,0,0,0,0
צמיד,0,0,0,0,0,0,0,0,0,0
שָׁעוֹן יָד,0,0,0,0,0,0,0,0,0,0
צו,0,0,0,0,0,0,0,0,0,0
לִכתוֹב,0,0,0,0,0,0,0,0,0,0
סוֹפֵר,0,0,0,0,0,0,1,0,0,0
כְּתִיבָה,0,0,0,0,0,0,0,0,0,0
כתוב,0,0,0,0,0,0,0,0,0,0
שגוי,0,0,0,0,0,1,0,0,0,0
עוולה,1,0,1,0,0,1,0,1,0,0
לֹא צוֹדֵק,1,0,1,0,0,1,0,1,0,0
בטעות,1,0,0,1,0,1,0,1,0,0
מְחוֹשָׁל,0,0,0,0,0,1,0,0,0,0
עָקוֹם,0,0,0,0,0,1,0,0,0,0
שנאת זרים,0,0,0,1,0,1,0,0,0,0
xerox,0,0,0,0,0,0,0,0,0,0
יאכטה,0,0,0,0,0,0,0,0,0,0
שיט יאכטות,0,0,0,0,0,0,0,0,0,0
יאק,0,0,0,0,0,0,0,0,0,0
יאם,0,0,0,0,0,0,0,0,0,0
למשוך,0,0,0,0,0,0,0,0,0,0
חָצֵר,0,0,0,0,0,0,0,0,0,0
חוּט,0,0,0,0,0,0,0,0,0,0
לְסַבְּסֵב,0,0,0,0,0,0,0,0,0,0
לְפַהֵק,0,0,0,0,0,1,0,0,0,0
פַּהֶקֶת,0,0,0,0,0,1,0,0,0,0
כן,0,0,0,0,0,0,0,0,0,0
שָׁנָה,0,0,0,0,0,0,0,0,0,0
ספר מחזור,0,0,0,0,0,0,0,0,0,0
בֶּן שָׁנָה,0,0,0,0,0,0,0,0,0,0
שְׁנָתִי,0,0,0,0,0,0,0,0,0,0
לְהִתגַעגֵעַ,0,0,0,0,0,0,0,0,0,0
גַעגוּעִים,0,1,0,0,1,1,1,0,0,1
שנים,0,0,0,0,0,0,0,0,0,0
שמרים,0,0,0,0,0,0,0,0,0,0
לִצְעוֹק,1,0,0,1,0,1,0,0,1,0
צהוב,0,0,0,0,0,0,0,0,0,0
צהובים,0,0,0,0,0,1,0,0,0,0
לְיַלֵל,1,0,0,1,0,1,0,0,1,0
יאומן,0,0,0,0,0,0,0,0,0,0
אתמול,0,0,0,0,0,0,0,0,0,0
אתמול,0,0,0,0,0,0,0,0,0,0
טקסוס,0,0,0,0,0,0,0,0,0,0
תְשׁוּאָה,0,0,0,0,0,0,0,0,0,0
מניב,0,0,0,0,0,0,0,0,0,0
יוֹגִי,0,0,0,0,0,0,0,0,0,0
עוֹל,0,0,0,0,0,0,0,0,0,0
חֶלמוֹן,0,0,0,0,0,0,0,0,0,0
יון,0,0,0,0,0,0,0,0,0,0
שם,0,0,0,0,0,0,0,0,0,0
נוֹעַר,1,1,0,1,1,0,1,0,1,0
לֵיצָן,0,0,0,0,0,0,0,0,1,0
זאפ,0,0,0,0,0,0,0,0,0,0
התלהבות,0,1,0,0,1,0,1,0,1,1
קַנַאִי,0,0,0,0,0,0,0,0,0,0
קַנָאִי,0,0,0,0,1,0,1,0,0,1
זֶבּרָה,0,0,0,0,0,0,0,0,0,0
זֵנִית,0,0,0,0,0,0,0,0,0,0
צַפרִיר,0,0,0,0,0,0,0,0,0,0
צֶפֶּלִין,0,0,0,0,0,0,0,0,0,0
הִתלַהֲבוּת,0,1,0,0,1,0,1,0,0,1
רוכסן,0,0,0,0,0,1,0,0,0,0
גַלגַל הַמַזָלוֹת,0,0,0,0,0,0,0,0,0,0
אֵזוֹר,0,0,0,0,0,0,0,0,0,0
גַן חַיוֹת,0,0,0,0,0,0,0,0,0,0
זוֹאוֹלוֹגִי,0,0,0,0,0,0,0,0,0,0
זוֹאוֹלוֹגִיָה,0,0,0,0,0,0,0,0,0,0
תקריב,0,0,0,0,0,0,0,0,0,0
