Hebrew Word	 anger	 anticipation	 disgust	 fear	 joy	 negative	 positive	 sadness	 surprise	 trust	 Hebrew Word
ומ	 0	 0	 0	 0	 0	 0	 0	 0	 0	 0	 המום
אבקוס	 0	 0	 0	 0	 0	 0	 0	 0	 0	 1	 אַבַּקוּס
נטוש	 0	 0	 0	 1	 0	 1	 0	 1	 0	 0	 לִנְטוֹשׁ
נטוש	 1	 0	 0	 1	 0	 1	 0	 1	 0	 0	 נָטוּשׁ
נטישה	 1	 0	 0	 1	 0	 1	 0	 1	 1	 0	 נְטִישָׁה
ככ	 0	 0	 0	 0	 0	 0	 0	 0	 0	 0	 לְשַׁכֵּך
פחתה	 0	 0	 0	 0	 0	 0	 0	 0	 0	 0	 הַפחָתָה
אבא	 0	 0	 0	 0	 0	 0	 1	 0	 0	 0	 אבא
ראש מנזר	 0	 0	 0	 0	 0	 0	 0	 0	 0	 1	 רֹאשׁ מִנזָר
קצר	 0	 0	 0	 0	 0	 0	 0	 0	 0	 0	 לְקַצֵר
נוטריקונ	 0	 0	 0	 0	 0	 0	 0	 0	 0	 0	 נוֹטָרִיקוֹן
טנ	 0	 0	 0	 0	 0	 0	 0	 0	 0	 0	 בֶּטֶן
טני	 0	 0	 0	 0	 0	 0	 0	 0	 0	 0	 בִּטנִי
חטיפה	 0	 0	 0	 1	 0	 1	 0	 1	 1	 0	 חֲטִיפָה
סוטה	 0	 0	 0	 0	 0	 1	 0	 0	 0	 0	 סוֹטֶה
סטיה	 0	 0	 1	 0	 0	 1	 0	 0	 0	 0	 סְטִיָה
י סתומ	 0	 0	 0	 0	 0	 0	 0	 0	 0	 0	 מבוי סתום
תעב	 1	 0	 1	 1	 0	 1	 0	 0	 0	 0	 לְתַעֵב
נוא	 1	 0	 1	 1	 0	 1	 0	 0	 0	 0	 שָׂנוּא
עמוד	 0	 0	 0	 0	 0	 0	 0	 0	 0	 0	 לעמוד
יכולת	 0	 0	 0	 0	 0	 0	 1	 0	 0	 0	 יְכוֹלֶת
זוי	 0	 0	 1	 0	 0	 1	 0	 0	 0	 0	 בָּזוּי
ריתה	 0	 0	 0	 0	 0	 0	 0	 0	 0	 0	 כְּרִיתָה
אש	 0	 0	 0	 0	 0	 0	 0	 0	 0	 0	 בָּאֵשׁ
א נורמלי	 0	 0	 1	 0	 0	 1	 0	 0	 0	 0	 לֹא נוֹרמָלִי
חוצ לארצ	 0	 0	 0	 0	 0	 0	 0	 0	 0	 0	 חוץ לארץ
קומ	 0	 0	 0	 0	 0	 0	 0	 0	 0	 0	 מָקוֹם
טל	 1	 0	 0	 0	 0	 1	 0	 0	 0	 0	 לְבַטֵל
יטול	 0	 0	 0	 0	 0	 1	 0	 0	 0	 0	 ביטול
תועב	 0	 0	 1	 1	 0	 1	 0	 0	 0	 0	 מְתוֹעָב
תועבה	 1	 0	 1	 1	 0	 1	 0	 0	 0	 0	 תוֹעֵבָה
קדמונ	 0	 0	 0	 0	 0	 0	 0	 0	 0	 0	 קַדמוֹן
פיל	 0	 0	 0	 0	 0	 1	 0	 0	 0	 0	 לְהַפִּיל
פלה	 0	 0	 1	 1	 0	 1	 0	 1	 0	 0	 הפלה
של	 0	 0	 0	 0	 0	 1	 0	 1	 0	 0	 כּוֹשֵׁל
פע	 0	 0	 0	 0	 0	 0	 0	 0	 0	 0	 בשפע
עיל	 0	 0	 0	 0	 0	 0	 1	 0	 0	 0	 לְעֵיל
חיקה	 0	 0	 0	 0	 0	 1	 0	 0	 0	 0	 שְׁחִיקָה
חוצ לארצ	 0	 0	 0	 0	 0	 0	 0	 0	 0	 0	 מחוץ לארץ
טל	 0	 0	 0	 0	 0	 1	 0	 0	 0	 0	 לבטל
פתאומי	 0	 0	 0	 0	 0	 0	 0	 0	 1	 0	 פִּתְאוֹמִי
פתאומ	 0	 0	 0	 0	 0	 0	 0	 0	 0	 0	 פִּתְאוֹם
רסה	 0	 0	 0	 0	 0	 1	 0	 1	 0	 0	 מוּרְסָה
עדר	 0	 0	 0	 1	 0	 1	 0	 1	 0	 0	 הֶעְדֵר
נעדר	 0	 0	 0	 0	 0	 1	 0	 1	 0	 0	 נֶעדָר
נפקד	 0	 0	 0	 0	 0	 1	 0	 1	 0	 0	 נִפקָד
עדרות	 0	 0	 0	 0	 0	 1	 0	 0	 0	 0	 הֵעָדְרוּת
אבסינת	 0	 0	 0	 0	 0	 0	 0	 0	 0	 0	 אַבְּסִינְתְ
חלט	 0	 0	 0	 0	 0	 0	 1	 0	 0	 0	 מוּחלָט
חילה	 0	 0	 0	 0	 1	 0	 1	 0	 0	 1	 מְחִילָה
ספג	 0	 0	 0	 0	 0	 0	 1	 0	 0	 0	 ספג
סופג	 0	 0	 0	 0	 0	 0	 0	 0	 0	 0	 סוֹפֵג
רתק	 0	 0	 0	 0	 0	 0	 0	 0	 0	 0	 מְרַתֵק
קליטה	 0	 0	 0	 0	 0	 0	 0	 0	 0	 0	 קְלִיטָה
תנזר	 0	 0	 0	 0	 0	 0	 0	 0	 0	 0	 לְהִתְנַזֵר
תנזרות	 0	 0	 0	 0	 0	 0	 0	 0	 0	 0	 הִתנַזְרוּת
פרישות	 0	 0	 0	 0	 0	 0	 0	 0	 0	 0	 פְּרִישׁוּת
תקציר	 0	 0	 0	 0	 0	 0	 0	 0	 0	 0	 תַקצִיר
פשטה	 0	 0	 0	 0	 0	 0	 0	 0	 0	 0	 הַפשָׁטָה
אבסורדי	 0	 0	 0	 0	 0	 1	 0	 0	 0	 0	 אַבּסוּרדִי
אבסורדיות	 0	 0	 0	 0	 0	 1	 0	 0	 0	 0	 אַבּסוּרדִיוּת
פע	 0	 1	 1	 0	 1	 1	 1	 0	 0	 1	 שפע
פע	 0	 0	 0	 0	 1	 0	 1	 0	 0	 0	 שׁוֹפֵעַ
תעללות	 1	 0	 1	 1	 0	 1	 0	 1	 0	 0	 התעללות
סמוכ	 0	 0	 0	 0	 0	 0	 0	 0	 0	 0	 סמוך
תהומי	 0	 0	 0	 0	 0	 0	 0	 0	 0	 0	 aby
תהומ	 0	 0	 0	 0	 0	 1	 0	 1	 0	 0	 תְהוֹמִי
אקדמי	 0	 0	 0	 1	 0	 1	 0	 1	 0	 0	 תהום
אקדמיה	 0	 0	 0	 0	 0	 0	 1	 0	 0	 1	 אקדמי
סכימ	 0	 0	 0	 0	 0	 0	 1	 0	 0	 0	 אֲקָדֶמִיָה
איצ	 0	 0	 0	 0	 0	 0	 0	 0	 0	 0	 לְהַסכִּים
תאוצה	 0	 1	 0	 0	 0	 0	 0	 0	 0	 0	 להאיץ
טא	 0	 0	 0	 0	 0	 0	 0	 0	 0	 0	 תְאוּצָה
דגיש	 0	 0	 0	 0	 0	 0	 0	 0	 0	 0	 מִבטָא
קבל	 0	 0	 0	 0	 0	 0	 0	 0	 0	 0	 לְהַדגִישׁ
קביל	 0	 0	 0	 0	 0	 0	 0	 0	 0	 0	 לְקַבֵּל
קבלה	 0	 0	 0	 0	 0	 0	 1	 0	 0	 0	 קָבִיל
גישה	 0	 0	 0	 0	 0	 0	 1	 0	 0	 0	 קַבָּלָה
נגיש	 0	 0	 0	 0	 0	 0	 0	 0	 0	 0	 גִישָׁה
צטרפות	 0	 0	 0	 0	 0	 0	 1	 0	 0	 0	 נגיש
אבזר	 0	 0	 0	 0	 0	 0	 0	 0	 0	 0	 הִצטָרְפוּת
תאונה	 0	 0	 0	 0	 0	 0	 0	 0	 0	 0	 אבזר
קרי	 0	 0	 0	 1	 0	 1	 0	 1	 1	 0	 תְאוּנָה
טעות	 0	 0	 0	 1	 0	 1	 0	 0	 1	 0	 מִקרִי
בח	 0	 0	 0	 0	 0	 0	 0	 0	 1	 0	 בטעות
תאימ	 0	 1	 0	 0	 1	 0	 1	 0	 1	 1	 לשבח
דיור	 0	 0	 0	 0	 0	 0	 0	 0	 0	 0	 להתאים
וי	 0	 0	 0	 0	 0	 0	 1	 0	 0	 0	 דִיוּר
ות	 0	 1	 0	 0	 1	 0	 1	 0	 0	 1	 לִוּוּי
תלווה	 0	 0	 0	 0	 0	 0	 0	 0	 0	 0	 ללוות
תפ	 0	 0	 0	 0	 0	 0	 0	 0	 0	 0	 מתלווה
יג	 0	 0	 0	 0	 0	 0	 0	 0	 0	 0	 שׁוּתָף
יג	 0	 0	 0	 0	 1	 0	 1	 0	 0	 0	 לְהַשִׂיג
ישג	 0	 0	 0	 0	 1	 0	 1	 0	 0	 0	 השיג
סכמ	 0	 0	 0	 0	 0	 0	 1	 0	 0	 0	 הישג
תאמ	 0	 0	 0	 0	 0	 0	 1	 0	 0	 1	 הֶסכֵּם
אקורדיונ	 0	 0	 0	 0	 0	 0	 0	 0	 0	 0	 בהתאם
חשבונ	 0	 0	 0	 0	 0	 0	 0	 0	 0	 0	 אַקוֹרדִיוֹן
אחריות	 0	 0	 0	 0	 0	 0	 0	 0	 0	 1	 חֶשְׁבּוֹן
אחראי	 0	 0	 0	 0	 0	 0	 1	 0	 0	 1	 אחריות
רואת חשבונ	 0	 0	 0	 0	 0	 0	 1	 0	 0	 1	 אַחֲרַאִי
ראיית חשבונ	 0	 0	 0	 0	 0	 0	 0	 0	 0	 1	 רואת חשבון
חשבונות	 0	 0	 0	 0	 0	 0	 0	 0	 0	 0	 ראיית חשבון
סמכת	 0	 0	 0	 0	 0	 0	 0	 0	 0	 1	 חשבונות
צטברות	 0	 0	 0	 0	 0	 0	 1	 0	 0	 1	 מוסמכת
צבור	 0	 0	 0	 0	 0	 0	 0	 0	 0	 0	 הִצטַבְּרוּת
צבור	 0	 0	 0	 0	 0	 0	 0	 0	 0	 0	 לצבור
צטברות	 0	 0	 0	 0	 0	 0	 1	 0	 0	 0	 accueil
דיוק	 0	 0	 0	 0	 0	 0	 0	 0	 0	 0	 לִצְבּוֹר
דויק	 0	 0	 0	 0	 0	 0	 0	 0	 0	 0	 הצטברות
ארור	 0	 0	 0	 0	 0	 0	 0	 0	 0	 0	 דיוק
אשמה	 0	 0	 0	 0	 0	 0	 1	 0	 0	 1	 מְדוּיָק
אשימ	 1	 0	 0	 1	 0	 1	 0	 1	 0	 0	 אָרוּר
אשמ	 1	 0	 1	 0	 0	 1	 0	 0	 0	 0	 הַאֲשָׁמָה
אשימ	 0	 0	 0	 0	 0	 1	 0	 0	 0	 0	 מאשים
אשימ	 1	 0	 0	 1	 0	 1	 0	 0	 0	 0	 מואשם
רגיל	 1	 0	 0	 1	 0	 1	 0	 0	 0	 0	 מַאֲשִׁים
אס	 1	 0	 0	 1	 0	 1	 0	 0	 0	 0	 מאשים
אצטית	 0	 0	 0	 0	 0	 0	 0	 0	 0	 0	 רָגִיל
אב	 0	 0	 0	 0	 0	 0	 1	 0	 0	 0	 אֵס
יג	 0	 0	 0	 0	 0	 0	 0	 0	 0	 0	 אצטית
שג	 0	 0	 0	 0	 0	 1	 0	 1	 0	 0	 כְּאֵב
אב	 0	 0	 0	 0	 1	 0	 1	 0	 0	 1	 לְהַשִׂיג
חומצה	 0	 1	 0	 0	 1	 0	 1	 0	 0	 1	 הֶשֵׂג
חומציות	 0	 0	 0	 0	 0	 1	 0	 1	 0	 0	 כּוֹאֵב
דות	 0	 0	 0	 0	 0	 1	 0	 0	 0	 0	 חוּמצָה
דה	 0	 0	 0	 0	 0	 0	 0	 0	 0	 0	 חוּמצִיוּת
רה	 0	 0	 0	 0	 0	 0	 0	 0	 0	 0	 לְהוֹדוֹת
יא	 0	 0	 0	 0	 0	 0	 0	 0	 0	 0	 הודה
אקוסטי	 0	 0	 0	 0	 0	 0	 1	 0	 0	 0	 הכרה
אקוסטיקה	 0	 0	 0	 0	 0	 0	 0	 0	 0	 0	 שִׂיא
יר	 0	 0	 0	 0	 0	 0	 0	 0	 0	 0	 אֲקוּסְטִי
רות	 0	 0	 0	 0	 0	 0	 0	 0	 0	 0	 אֲקוּסְטִיקָה
יר	 0	 0	 0	 0	 0	 0	 0	 0	 0	 0	 להכיר
סכמה	 0	 0	 0	 0	 0	 0	 0	 0	 0	 0	 הֶכֵּרוּת
רכוש	 0	 0	 0	 0	 0	 0	 0	 0	 0	 0	 להכיר
רוכש	 0	 0	 0	 0	 0	 0	 0	 0	 0	 0	 הסכמה
רכישה	 0	 0	 0	 0	 0	 0	 1	 0	 0	 0	 לִרְכּוֹשׁ
רכישות	 0	 1	 0	 0	 0	 0	 1	 0	 0	 0	 רוכש
טח	 0	 0	 0	 0	 0	 0	 0	 0	 0	 0	 רְכִישָׁה
דונמ	 0	 0	 0	 0	 0	 0	 0	 0	 0	 0	 רכישות
אקרובט	 0	 0	 0	 0	 0	 0	 0	 0	 0	 0	 שטח
פעולה	 0	 0	 0	 0	 0	 0	 0	 0	 0	 0	 דונם
חק	 0	 0	 0	 1	 1	 0	 1	 0	 0	 1	 אַקרוֹבָּט
פעולה	 0	 0	 0	 0	 0	 0	 0	 0	 0	 0	 פעולה
ניתנ לפעולה	 0	 0	 0	 0	 0	 0	 0	 0	 0	 0	 משחק
פעיל	 0	 0	 0	 0	 0	 0	 1	 0	 0	 0	 פעולה
פעילות	 1	 0	 1	 0	 0	 1	 0	 0	 0	 0	 ניתן לפעולה
חקנ	 0	 0	 0	 0	 0	 0	 0	 0	 0	 0	 פָּעִיל
שי	 0	 0	 0	 0	 0	 0	 0	 0	 0	 0	 פעילות
ציאות	 0	 0	 0	 0	 0	 0	 0	 0	 0	 0	 שַׂחְקָן
אקטואר	 0	 0	 0	 0	 0	 0	 1	 0	 0	 0	 מַמָשִׁי
חדות	 0	 0	 0	 0	 0	 0	 0	 0	 0	 0	 מְצִיאוּת
חוכמה	 0	 0	 0	 0	 0	 0	 0	 0	 0	 0	 אַקטוּאָר
אקופונקטורה	 0	 0	 0	 0	 0	 0	 1	 0	 0	 0	 חדות
עשה	 0	 0	 0	 0	 0	 0	 1	 0	 0	 0	 חוכמה
פתגמ	 0	 0	 0	 0	 0	 0	 0	 0	 0	 0	 אַקוּפּוּנקטוּרָה
נחוש	 0	 0	 0	 0	 0	 0	 0	 0	 0	 0	 למעשה
סתגל	 0	 0	 0	 0	 0	 0	 0	 0	 0	 0	 פִּתגָם
סגיל	 0	 0	 0	 0	 0	 0	 0	 0	 0	 0	 נחוש
סיפ	 0	 0	 0	 0	 0	 0	 1	 0	 0	 0	 לְהִסְתָגֵל
סיפ	 0	 0	 0	 0	 0	 0	 1	 0	 0	 0	 סָגִיל
תוספת	 0	 0	 0	 0	 0	 0	 0	 0	 0	 0	 לְהוֹסִיף
פתנ	 0	 0	 0	 0	 0	 0	 0	 0	 0	 0	 הוסיף
תמכרות	 0	 0	 0	 0	 0	 0	 0	 0	 0	 0	 תוֹסֶפֶת
חיבור	 1	 0	 1	 1	 0	 1	 0	 1	 0	 0	 פֶּתֶן
נוספ	 0	 0	 0	 0	 0	 1	 0	 0	 0	 0	 הִתמַכְּרוּת
תוספ	 0	 0	 0	 0	 0	 0	 0	 0	 0	 0	 חיבור
תובת	 0	 0	 0	 0	 0	 0	 0	 0	 0	 0	 נוֹסָף
נמענ	 0	 0	 0	 0	 0	 0	 0	 0	 0	 0	 תוסף
תובות	 0	 0	 0	 0	 0	 0	 0	 0	 0	 0	 כתובת
יומנ	 0	 0	 0	 0	 0	 0	 0	 0	 0	 0	 נִמעָן
ימות	 0	 1	 0	 0	 0	 0	 1	 0	 0	 0	 כתובות
נאות	 0	 0	 0	 0	 0	 0	 1	 0	 0	 0	 מְיוּמָן
דבוק	 0	 0	 0	 0	 0	 0	 1	 0	 0	 0	 הלימות
דבקות	 0	 0	 0	 0	 0	 0	 0	 0	 0	 0	 נאות
חסיד	 0	 0	 0	 0	 0	 0	 0	 0	 0	 0	 לִדבּוֹק
דבקות	 0	 0	 0	 0	 0	 0	 0	 0	 0	 0	 דְבֵקוּת
דבקה	 0	 0	 0	 0	 0	 0	 0	 0	 0	 0	 חָסִיד
דבק	 0	 0	 0	 0	 0	 0	 0	 0	 0	 1	 דבקות
ני	 0	 0	 0	 0	 0	 0	 0	 0	 0	 0	 הַדבָּקָה
סמיכות	 0	 0	 0	 0	 0	 0	 0	 0	 0	 0	 דבק
סמוכ	 0	 0	 0	 0	 0	 0	 0	 0	 0	 0	 adieu
תואר	 0	 0	 0	 0	 0	 1	 0	 0	 0	 0	 שומני
צמודימ	 0	 0	 0	 0	 0	 0	 0	 0	 0	 0	 סמיכות
דחות	 0	 0	 0	 0	 0	 0	 0	 0	 0	 0	 סמוך
דחיה	 0	 0	 0	 0	 0	 0	 0	 0	 0	 0	 תוֹאַר
פסוק	 0	 0	 0	 0	 0	 0	 0	 0	 0	 0	 צמודים
פיטה	 0	 0	 0	 0	 0	 0	 0	 0	 0	 0	 לִדחוֹת
תוספת	 0	 0	 0	 0	 0	 0	 0	 0	 0	 0	 דְחִיָה
תאימ	 0	 0	 0	 1	 0	 1	 0	 0	 0	 0	 לִפְסוֹק
תאמה	 0	 0	 0	 0	 0	 0	 0	 0	 0	 0	 שְׁפִיטָה
אדגובנט	 0	 0	 0	 0	 0	 0	 1	 0	 0	 0	 תוספת
נהל	 0	 0	 0	 0	 0	 0	 0	 0	 0	 0	 לְהַתְאִים
נהל	 0	 0	 0	 0	 0	 0	 0	 0	 0	 0	 התאמה
נהלי	 0	 0	 0	 0	 0	 0	 0	 0	 0	 0	 אדג'ובנט
ראוי להערצה	 0	 0	 0	 0	 0	 0	 0	 0	 0	 0	 לְנַהֵל
אדמירל	 0	 0	 0	 0	 0	 0	 0	 0	 0	 0	 מִנהָל
אדמירליות	 0	 0	 0	 0	 0	 0	 0	 0	 0	 1	 מנהלי
ערצה	 0	 0	 0	 0	 1	 0	 1	 0	 0	 1	 ראוי להערצה
תפעל	 0	 0	 0	 0	 0	 0	 1	 0	 0	 1	 אַדמִירָל
עריצ	 0	 0	 0	 0	 0	 0	 0	 0	 0	 0	 אדמירליות
קבילות	 0	 0	 0	 0	 1	 0	 1	 0	 0	 1	 הערצה
קביל	 0	 0	 0	 0	 0	 0	 1	 0	 0	 1	 לְהִתְפַּעֵל
דאה	 0	 0	 0	 0	 0	 0	 1	 0	 0	 0	 מַעֲרִיץ
תוודות	 0	 0	 0	 0	 0	 0	 0	 0	 0	 0	 קבילות
קבלה	 0	 0	 0	 0	 0	 0	 1	 0	 0	 1	 קָבִיל
דה	 0	 0	 0	 0	 0	 0	 0	 0	 0	 0	 הוֹדָאָה
דה	 0	 0	 0	 0	 0	 0	 0	 0	 0	 0	 להתוודות
תערובת	 0	 0	 0	 0	 0	 0	 0	 0	 0	 0	 קבלה
תוכחה	 0	 0	 0	 0	 0	 0	 0	 0	 0	 0	 הודה
מה	 0	 0	 0	 0	 0	 0	 0	 0	 0	 0	 מודה
גיל ההתבגרות	 0	 0	 0	 0	 0	 0	 0	 0	 0	 0	 תַעֲרוֹבֶת
תבגר	 0	 0	 0	 1	 0	 1	 0	 0	 0	 0	 תוֹכֵחָה
אמצ	 0	 0	 0	 0	 0	 0	 0	 0	 0	 0	 מְהוּמָה
אימוצ	 0	 0	 0	 0	 0	 0	 0	 0	 0	 0	 adobe
קסימ	 0	 0	 0	 0	 0	 0	 0	 0	 0	 0	 גיל ההתבגרות
ערצה	 0	 0	 0	 0	 0	 0	 0	 0	 0	 0	 מִתבַּגֵר
עריצ	 0	 0	 0	 0	 0	 0	 0	 0	 0	 0	 לְאַמֵץ
קשט	 0	 0	 0	 0	 0	 0	 0	 0	 0	 0	 אימוץ
תכשיט	 0	 0	 0	 0	 1	 0	 1	 0	 0	 0	 מקסים
נסחפ	 0	 0	 0	 0	 1	 0	 1	 0	 0	 1	 הַעֲרָצָה
גר	 0	 1	 0	 0	 1	 0	 1	 0	 0	 1	 לְהַעֲרִיץ
ול	 0	 0	 0	 0	 0	 0	 0	 0	 0	 0	 לְקַשֵׁט
ניאופ	 0	 0	 0	 0	 0	 0	 0	 0	 0	 0	 תַכשִׁיט
קדמ	 0	 1	 0	 1	 0	 1	 0	 1	 0	 0	 נִסחָף
תקדמ	 0	 0	 0	 0	 0	 0	 0	 0	 0	 0	 מְבוּגָר
תקדמות	 0	 0	 0	 0	 0	 1	 0	 0	 0	 0	 מָהוּל
תקדמימ	 0	 0	 1	 0	 0	 1	 0	 1	 0	 0	 ניאוף
יתרונ	 0	 1	 0	 1	 1	 0	 1	 0	 1	 0	 לְקַדֵם
עיל	 0	 0	 0	 0	 0	 0	 1	 0	 0	 0	 מִתקַדֵם
תגלות	 0	 0	 0	 0	 0	 0	 1	 0	 0	 0	 הִתקַדְמוּת
רפתקה	 0	 0	 0	 0	 0	 0	 0	 0	 0	 0	 מתקדמים
רפתקנ	 0	 0	 0	 0	 0	 0	 1	 0	 0	 0	 יתרון
רפתקני	 0	 0	 0	 0	 0	 0	 1	 0	 0	 0	 מוֹעִיל
יריב	 0	 1	 0	 0	 1	 0	 1	 0	 0	 1	 הִתגַלוּת
ילי	 0	 1	 0	 0	 0	 0	 1	 0	 0	 0	 הַרפַּתקָה
צוקה	 0	 0	 0	 0	 0	 0	 0	 0	 0	 0	 הַרפַּתקָן
פרסמ	 0	 0	 0	 0	 0	 0	 1	 0	 0	 0	 הרפתקני
פרסומת	 1	 0	 0	 0	 0	 1	 0	 0	 0	 0	 יָרִיב
עצה	 1	 0	 1	 1	 0	 1	 0	 1	 0	 0	 שְׁלִילִי
רצוי	 1	 0	 0	 1	 0	 1	 0	 1	 0	 0	 מְצוּקָה
ייעצ עצה	 0	 0	 0	 0	 0	 0	 0	 0	 0	 0	 לְפַרְסֵם
יעצ	 0	 0	 0	 0	 0	 0	 0	 0	 0	 0	 פרסומת
ייעוצ	 0	 0	 0	 0	 0	 0	 0	 0	 0	 1	 עֵצָה
יועצ	 0	 0	 0	 0	 0	 0	 1	 0	 0	 1	 רצוי
פרקליטות	 0	 0	 0	 0	 0	 0	 1	 0	 0	 1	 לייעץ עצה
עורכ דינ	 0	 0	 0	 0	 0	 0	 0	 0	 0	 1	 יעץ
אגיס	 0	 0	 0	 0	 0	 0	 0	 0	 0	 0	 ייעוץ
אורור	 0	 0	 0	 0	 0	 0	 1	 0	 0	 1	 יוֹעֵץ
אנטנה	 1	 1	 0	 0	 1	 0	 1	 0	 0	 1	 פְּרַקְלִיטוּת
דה תעופה	 0	 0	 0	 0	 0	 0	 0	 0	 0	 1	 עוֹרֵך דִין
אוירודינמיקה	 0	 0	 0	 0	 0	 0	 0	 0	 0	 0	 אגיס
תורת התעופה	 0	 0	 0	 0	 0	 0	 0	 0	 0	 0	 אִוְרוּר
טוס	 0	 0	 0	 0	 0	 0	 0	 0	 0	 0	 אַנטֶנָה
אסתטי	 0	 0	 0	 0	 0	 0	 0	 0	 0	 0	 שְׂדֵה תְעוּפָה
אסתטיקה	 0	 0	 0	 0	 0	 0	 0	 0	 0	 0	 אֲוִירוֹדִינָמִיקָה
אטיולוגיה	 0	 0	 0	 0	 0	 0	 0	 0	 0	 0	 תוֹרַת הַתְעוּפָה
רחוק	 0	 0	 0	 0	 0	 0	 0	 0	 0	 0	 מטוס
סביר פנימ	 0	 0	 0	 0	 0	 0	 1	 0	 0	 0	 אֶסתֵטִי
פרשה	 0	 0	 0	 0	 1	 0	 1	 0	 0	 0	 אֶסתֵטִיקָה
פיע	 0	 0	 0	 0	 0	 0	 0	 0	 0	 0	 אטיולוגיה
אהבה	 0	 0	 0	 0	 0	 0	 0	 0	 0	 0	 רחוק
חיבה	 0	 0	 0	 0	 0	 0	 1	 0	 0	 0	 מַסבִּיר פָּנִים
תצהיר	 0	 0	 0	 0	 0	 0	 0	 0	 0	 0	 פָּרָשָׁה
תצהיר	 0	 0	 0	 0	 0	 0	 0	 0	 0	 0	 משפיע
סונפ	 0	 0	 0	 0	 1	 0	 1	 0	 0	 1	 אַהֲבָה
תייכות	 0	 0	 0	 0	 0	 0	 0	 0	 0	 0	 חיבה
זיקה	 0	 0	 0	 0	 0	 0	 0	 0	 0	 0	 תצהיר
אשר	 0	 0	 0	 0	 0	 0	 0	 0	 0	 0	 תצהיר
חיוב	 0	 0	 0	 0	 0	 0	 1	 0	 0	 0	 מְסוּנָף
חיובי	 0	 0	 0	 0	 0	 0	 0	 0	 0	 0	 השתייכות
חיוב	 0	 0	 0	 0	 0	 0	 0	 0	 0	 0	 זִיקָה
דביק	 0	 0	 0	 0	 0	 0	 1	 0	 0	 1	 לְאַשֵׁר
יסר	 0	 0	 0	 0	 0	 0	 1	 0	 0	 0	 חִיוּב
עונה	 0	 0	 0	 0	 0	 0	 1	 0	 0	 0	 חִיוּבִי
מר	 0	 0	 0	 0	 0	 0	 1	 0	 0	 1	 בחיוב
פע	 0	 0	 0	 0	 0	 0	 0	 0	 0	 0	 לְהַדבִּיק
אמיד	 0	 0	 0	 1	 0	 1	 0	 1	 0	 0	 לְיַסֵר
רשות לעצמו	 0	 0	 0	 0	 0	 1	 0	 0	 0	 0	 מְעוּנֶה
עלבונ	 0	 0	 1	 1	 0	 1	 0	 1	 0	 0	 מֶמֶר
רחוק	 0	 0	 0	 0	 1	 0	 1	 0	 0	 0	 שֶׁפַע
פני כנ	 0	 0	 0	 0	 0	 0	 1	 0	 0	 0	 אָמִיד
זכר לעיל	 0	 0	 0	 0	 0	 0	 1	 0	 0	 0	 לְהַרְשׁוֹת לְעַצמוֹ
עיל	 1	 0	 1	 1	 0	 1	 0	 1	 1	 0	 עֶלבּוֹן
חושש	 0	 0	 0	 0	 0	 0	 0	 0	 0	 0	 רחוק
חדש	 0	 0	 0	 0	 0	 0	 0	 0	 0	 0	 לפני כן
אחורי	 0	 0	 0	 0	 0	 0	 0	 0	 0	 0	 שהוזכר לעיל
תוצאות	 0	 0	 0	 0	 0	 0	 0	 0	 0	 0	 לְעֵיל
אחרי הצהריימ	 0	 0	 0	 1	 0	 1	 0	 0	 0	 0	 חוֹשֵׁשׁ
טעמ לוואי	 0	 0	 0	 0	 0	 0	 0	 0	 0	 0	 מִחָדָשׁ
חשבה שלאחר מכנ	 0	 0	 0	 0	 0	 0	 0	 0	 0	 0	 אחורי
רקת	 1	 0	 1	 1	 0	 1	 0	 1	 0	 0	 תוצאות
גיל	 0	 0	 0	 0	 0	 0	 0	 0	 0	 0	 אחרי הצהריים
זקנ	 0	 0	 0	 0	 0	 1	 0	 0	 0	 0	 טעם לוואי
סוכנות	 0	 0	 0	 0	 0	 0	 0	 0	 0	 0	 מחשבה שלאחר מכן
סוכנ	 0	 0	 0	 1	 0	 0	 1	 0	 0	 1	 aga
צטברות	 0	 0	 0	 0	 0	 0	 0	 0	 0	 0	 בַּרֶקֶת
חמיר	 0	 0	 0	 0	 0	 0	 0	 0	 0	 0	 גיל
רגיז	 0	 0	 0	 0	 0	 0	 0	 0	 0	 0	 זָקֵן
חמרה	 0	 0	 0	 0	 0	 0	 0	 0	 0	 0	 סוֹכְנוּת
קבצ	 0	 0	 0	 0	 0	 0	 0	 0	 0	 0	 סוֹכֵן
צבירה	 0	 0	 0	 0	 0	 0	 0	 0	 0	 0	 הִצטַבְּרוּת
תוקפנות	 1	 0	 0	 0	 0	 1	 0	 0	 0	 0	 מחמיר
תוקפני	 1	 0	 0	 0	 0	 1	 0	 1	 0	 0	 מַרגִיז
תוקפנ	 1	 0	 1	 0	 0	 1	 0	 0	 0	 0	 הַחמָרָה
זועזעת	 0	 0	 0	 0	 0	 0	 0	 0	 0	 0	 לְקַבֵּץ
זריז	 0	 0	 0	 0	 0	 0	 0	 0	 0	 0	 צבירה
זריזות	 1	 0	 0	 1	 0	 1	 0	 0	 0	 0	 תוֹקפָּנוּת
נסער	 1	 0	 0	 1	 0	 1	 0	 0	 0	 0	 תוֹקפָּנִי
תסיסה	 1	 0	 0	 1	 0	 1	 0	 0	 0	 0	 תוֹקפָּן
פר	 0	 0	 1	 1	 0	 1	 0	 0	 1	 0	 מזועזעת
פני	 0	 0	 0	 0	 0	 0	 1	 0	 0	 0	 זָרִיז
ייסר	 0	 0	 0	 0	 0	 0	 1	 0	 0	 0	 זְרִיזוּת
יסורימ	 1	 0	 0	 0	 0	 1	 0	 0	 0	 0	 נִסעָר
סכימ	 1	 0	 0	 0	 0	 1	 0	 0	 0	 0	 תסיסה
נעימ	 0	 0	 0	 0	 0	 0	 0	 0	 0	 0	 כּוֹפֵר
סכמ	 0	 0	 0	 0	 0	 0	 0	 0	 0	 0	 לִפנֵי
סכימ	 0	 0	 0	 1	 0	 1	 0	 0	 0	 0	 מייסר
סכמ	 1	 0	 0	 1	 0	 1	 0	 1	 0	 0	 יסורים
חקלאי	 0	 0	 0	 0	 0	 0	 1	 0	 0	 0	 לְהַסכִּים
חקלאות	 0	 0	 0	 0	 0	 0	 1	 0	 0	 1	 נָעִים
על שרטונ	 0	 0	 0	 0	 0	 0	 1	 0	 0	 1	 מוסכם
אגואה	 0	 0	 0	 0	 0	 0	 1	 0	 0	 1	 מסכים
קדימה	 0	 0	 0	 0	 0	 0	 1	 0	 0	 1	 הֶסכֵּם
סיוע	 0	 0	 0	 0	 0	 0	 0	 0	 0	 0	 חַקלָאִי
סיוע	 0	 0	 0	 0	 0	 0	 1	 0	 0	 0	 חַקלָאוּת
חולני	 0	 0	 0	 0	 0	 1	 0	 0	 0	 0	 עַל שִׂרטוֹן
חולי	 0	 0	 0	 0	 0	 0	 0	 0	 0	 0	 אגואה
טרה	 0	 0	 0	 0	 0	 0	 1	 0	 0	 0	 קָדִימָה
חסר תכלית	 0	 0	 0	 0	 0	 0	 1	 0	 0	 0	 סיוע
אוויר	 0	 0	 0	 0	 0	 0	 1	 0	 0	 0	 סיוע
רית אוויר	 0	 0	 0	 0	 0	 1	 0	 1	 0	 0	 ail
רכבת אוירית	 0	 0	 0	 1	 0	 1	 0	 1	 0	 0	 חוֹלָנִי
חברת תעופה	 0	 0	 0	 0	 0	 0	 0	 0	 0	 0	 חוֹלִי
איש אוויר	 0	 0	 0	 0	 0	 0	 0	 0	 0	 0	 מַטָרָה
טוס	 0	 0	 0	 0	 0	 1	 0	 0	 0	 0	 חֲסַר תַכְלִית
דה תעופה	 0	 0	 0	 0	 0	 0	 0	 0	 0	 0	 אוויר
עולה לאוויר	 0	 0	 0	 0	 0	 0	 0	 0	 0	 0	 כרית אוויר
ספינת אוויר	 0	 0	 0	 0	 0	 0	 0	 0	 0	 0	 רַכֶּבֶת אֲוִירִית
עבר	 0	 0	 0	 0	 0	 0	 0	 0	 0	 0	 חֶברַת תְעוּפָה
אייט	 0	 0	 0	 0	 0	 0	 0	 0	 0	 0	 איש אוויר
פתוח במקצת	 0	 0	 0	 0	 0	 0	 0	 0	 0	 0	 מטוס
דומה	 0	 1	 0	 0	 0	 0	 0	 0	 0	 0	 שדה תעופה
הט	 0	 0	 1	 0	 0	 1	 0	 0	 0	 0	 עולה לאוויר
אזעקה	 0	 0	 0	 0	 0	 0	 0	 0	 0	 0	 ספינת אוויר
דאיג	 0	 0	 0	 0	 0	 0	 0	 0	 0	 0	 מַעֲבָר
אלבומ	 0	 0	 0	 0	 0	 0	 0	 0	 0	 0	 אייט
אלכימיה	 0	 0	 0	 0	 0	 0	 0	 0	 0	 0	 פָּתוּחַ בְּמִקצָת
הל	 0	 0	 0	 0	 0	 0	 0	 0	 0	 1	 דומה
יות	 0	 0	 0	 0	 0	 0	 1	 0	 0	 0	 בַּהַט
גומחה	 0	 0	 0	 1	 0	 1	 0	 0	 1	 0	 אזעקה
ערני	 0	 0	 0	 1	 0	 1	 0	 0	 1	 0	 מדאיג
ערנות	 0	 0	 0	 0	 0	 0	 0	 0	 0	 1	 alb
תראות	 0	 0	 0	 0	 0	 0	 0	 0	 0	 0	 אַלבּוֹם
אספסת	 0	 0	 0	 0	 0	 0	 0	 0	 0	 0	 אַלכִּימְיָה
אלגברה	 0	 0	 0	 0	 0	 0	 0	 0	 0	 0	 כּוֹהֶל
אלגברי	 1	 0	 1	 1	 0	 1	 0	 1	 0	 0	 כָּהֳלִיוּת
אלגוריתמ	 0	 0	 0	 0	 0	 0	 0	 0	 0	 0	 גוּמחָה
אליבי	 0	 0	 0	 0	 0	 0	 0	 0	 0	 0	 עֵרָנִי
חייזר	 0	 1	 0	 1	 0	 0	 1	 0	 1	 0	 עֵרָנוּת
רחיק	 0	 1	 0	 1	 0	 0	 0	 0	 1	 0	 התראות
נוכר	 0	 0	 0	 0	 0	 0	 0	 0	 0	 0	 אַספֶּסֶת
תנכרות	 0	 0	 0	 0	 0	 0	 0	 0	 0	 0	 אַלגֶבּרָה
אר	 0	 0	 0	 0	 0	 0	 0	 0	 0	 0	 אַלגֶבּרִי
יושר	 0	 0	 0	 0	 0	 0	 0	 0	 0	 0	 אַלגוֹרִיתְם
יישור	 0	 0	 0	 0	 0	 0	 0	 0	 0	 0	 אַלִיבִּי
דומה	 0	 0	 1	 1	 0	 1	 0	 0	 0	 0	 חייזר
זונ	 1	 0	 1	 0	 0	 1	 0	 0	 0	 0	 לְהַרְחִיק
זונות	 0	 0	 0	 0	 0	 1	 0	 1	 0	 0	 מנוכר
חיימ	 1	 0	 1	 1	 0	 1	 0	 1	 0	 0	 הִתנַכְּרוּת
אלקלי	 0	 0	 0	 0	 0	 0	 0	 0	 0	 0	 מוּאָר
אלקלואידימ	 0	 0	 0	 0	 0	 0	 0	 0	 0	 0	 מיושר
רגיע	 0	 0	 0	 0	 0	 0	 0	 0	 0	 0	 יישור
אשמה	 0	 0	 0	 0	 0	 0	 0	 0	 0	 0	 דוֹמֶה
טעונ	 0	 0	 0	 0	 0	 0	 1	 0	 0	 0	 מזון
יכול	 0	 0	 0	 0	 0	 1	 0	 0	 0	 0	 מְזוֹנוֹת
אמונימ	 0	 0	 0	 0	 0	 0	 0	 0	 0	 0	 aliquot
אלגורי	 0	 1	 0	 0	 1	 0	 1	 0	 0	 1	 בחיים
אלגוריה	 0	 0	 0	 0	 0	 0	 0	 0	 0	 0	 אַלקָלִי
אלגרו	 0	 0	 0	 0	 0	 0	 0	 0	 0	 0	 אלקלואידים
קל	 0	 0	 0	 0	 0	 0	 1	 0	 0	 0	 לְהַרְגִיעַ
קלה	 1	 0	 0	 0	 0	 1	 0	 0	 0	 0	 האשמה
סמטה	 0	 0	 0	 0	 0	 1	 0	 0	 0	 0	 לטעון
רית	 0	 0	 0	 0	 0	 0	 0	 0	 0	 0	 כִּביָכוֹל
עלות ברית	 0	 0	 0	 0	 0	 0	 1	 0	 0	 1	 אֱמוּנִים
תנינ	 0	 0	 0	 0	 0	 0	 0	 0	 0	 0	 אַלֵגוֹרִי
קצות	 0	 0	 0	 0	 0	 0	 0	 0	 0	 0	 אַלֵגוֹרִיָה
קצאה	 0	 0	 0	 0	 0	 0	 1	 0	 0	 0	 אלגרו
קצות	 0	 0	 0	 0	 0	 0	 1	 0	 0	 0	 להקל
קצאה	 0	 0	 0	 0	 0	 0	 1	 0	 0	 0	 הֲקָלָה
תר	 0	 0	 0	 0	 0	 0	 0	 0	 0	 0	 סִמטָה
קצבה	 0	 0	 0	 0	 0	 0	 0	 0	 0	 1	 בְּרִית
תר	 0	 0	 0	 0	 0	 0	 1	 0	 0	 1	 בעלות ברית
סגסוגת	 0	 0	 0	 0	 0	 0	 0	 0	 0	 0	 תַנִין
קסמ	 0	 0	 0	 0	 0	 0	 0	 0	 0	 0	 לְהַקְצוֹת
פתה	 0	 0	 0	 0	 0	 0	 0	 0	 0	 0	 הַקצָאָה
רמז	 0	 0	 0	 0	 0	 0	 0	 0	 0	 0	 להקצות
סחפ	 0	 0	 0	 0	 0	 0	 0	 0	 0	 0	 הַקצָאָה
רית	 0	 0	 0	 0	 0	 0	 1	 0	 0	 0	 מותר
אלמנכ	 0	 0	 0	 0	 0	 0	 0	 0	 0	 0	 קצבה
 יכול	 0	 0	 0	 0	 0	 0	 0	 0	 0	 0	 מוּתָר
אוויר	 0	 0	 0	 0	 0	 0	 0	 0	 0	 0	 סַגסוֹגֶת
ומ	 0	 1	 0	 0	 1	 0	 1	 0	 1	 0	 קֶסֶם
צד	 0	 0	 0	 0	 0	 0	 1	 0	 0	 0	 מפתה
רוחק	 0	 0	 0	 0	 0	 0	 0	 0	 0	 0	 רֶמֶז
קול רמ	 0	 0	 0	 0	 0	 0	 0	 0	 0	 0	 סחף
אלפ בית	 0	 0	 0	 0	 0	 0	 1	 0	 0	 1	 ברית
אלפ ביתי	 0	 0	 0	 0	 0	 0	 0	 0	 0	 0	 אַלְמָנָך
זבח	 0	 0	 0	 0	 0	 0	 1	 0	 0	 0	 כל יכול
נות	 0	 0	 0	 0	 0	 0	 0	 0	 0	 0	 באוויר
ינוי	 0	 1	 0	 0	 1	 0	 1	 0	 0	 0	 שלום
קטטה	 0	 0	 0	 0	 0	 0	 0	 0	 0	 0	 בַּצַד
תנה	 0	 0	 0	 0	 0	 1	 0	 0	 0	 0	 מרוחק
חליפ	 0	 0	 0	 0	 0	 0	 0	 0	 0	 0	 בְּקוֹל רָם
חלופה	 0	 0	 0	 0	 0	 0	 0	 0	 0	 0	 אלף בית
גובה	 0	 0	 0	 0	 0	 0	 0	 0	 0	 0	 אָלֶף בֵּיתִי
אלט	 0	 0	 0	 0	 0	 0	 0	 0	 0	 0	 מִזבֵּחַ
גמרי	 0	 0	 0	 0	 0	 0	 0	 0	 0	 0	 לשנות
גר	 0	 0	 0	 0	 0	 0	 0	 0	 0	 0	 שינוי
אמלגמה	 1	 0	 0	 0	 0	 1	 0	 0	 0	 0	 קְטָטָה
תמזגות	 0	 0	 0	 0	 0	 0	 0	 0	 0	 0	 השתנה
צבור	 0	 0	 0	 0	 0	 0	 0	 0	 0	 0	 לְהַחלִיף
חובבנ	 0	 0	 0	 0	 0	 0	 0	 0	 0	 0	 חֲלוּפָה
דהימ	 0	 0	 0	 0	 0	 0	 0	 0	 0	 0	 גוֹבַה
תאות	 0	 0	 0	 0	 0	 0	 0	 0	 0	 0	 אַלט
אופנ מדהימ	 0	 0	 0	 0	 0	 0	 0	 0	 0	 0	 לְגַמרֵי
גריר	 0	 0	 0	 0	 0	 0	 0	 0	 0	 0	 בּוֹגֵר
ענבר	 0	 0	 0	 0	 0	 0	 0	 0	 0	 0	 alveolar
סביבה	 0	 0	 0	 0	 0	 0	 0	 0	 0	 0	 אֲמַלְגַמָה
דו משמעות	 0	 0	 0	 0	 0	 0	 0	 0	 0	 0	 הִתמַזְגוּת
דו  משמעי	 0	 0	 0	 0	 0	 0	 0	 0	 0	 0	 לִצְבּוֹר
תחומ	 0	 0	 0	 0	 0	 0	 0	 0	 0	 0	 חוֹבְבָן
אפתנות	 0	 0	 0	 0	 0	 0	 0	 0	 1	 0	 לְהַדהִים
אפתני	 0	 0	 0	 0	 0	 0	 0	 0	 0	 0	 הִשׁתָאוּת
אמבולנס	 0	 0	 0	 0	 1	 0	 1	 0	 1	 0	 באופן מדהים
ארב	 0	 0	 0	 0	 0	 0	 1	 0	 0	 1	 שַׁגְרִיר
פר	 0	 0	 0	 0	 0	 0	 0	 0	 0	 0	 עַנבָּר
אמנ	 0	 0	 0	 0	 0	 0	 0	 0	 0	 0	 סביבה
נגיש	 0	 0	 0	 0	 0	 0	 0	 0	 0	 0	 דו משמעות
תקנ	 0	 0	 0	 0	 0	 1	 0	 0	 0	 0	 דו - משמעי
תיקונ	 0	 0	 0	 0	 0	 0	 0	 0	 0	 0	 תחום
תקנ	 0	 1	 0	 0	 1	 0	 1	 0	 0	 1	 שְׁאַפתָנוּת
נוחות	 0	 0	 0	 0	 0	 0	 0	 0	 0	 0	 שְׁאַפתָנִי
אחלמה	 0	 0	 0	 1	 0	 0	 0	 0	 0	 1	 אַמבּוּלַנס
ידידותי	 1	 0	 0	 1	 0	 1	 0	 0	 1	 0	 מארב
ידידותי	 0	 0	 0	 0	 0	 0	 1	 0	 0	 0	 לְשַׁפֵּר
תוכ	 0	 0	 0	 0	 1	 0	 1	 0	 0	 1	 אָמֵן
תוכ	 0	 0	 0	 0	 0	 0	 1	 0	 0	 0	 נגיש
אמוניה	 0	 0	 0	 0	 0	 0	 1	 0	 0	 0	 לְתַקֵן
תחמושת	 0	 0	 0	 0	 0	 0	 0	 0	 0	 0	 תיקון
חה	 0	 0	 0	 0	 0	 0	 1	 0	 0	 0	 מתקן
חנינה	 0	 0	 0	 0	 0	 0	 1	 0	 0	 0	 נוֹחוּת
גלומ	 0	 0	 0	 0	 0	 0	 0	 0	 0	 0	 אַחלָמָה
פחת	 0	 0	 0	 0	 0	 0	 1	 0	 0	 0	 יְדִידוּתִי
ות	 0	 0	 0	 0	 1	 0	 1	 0	 0	 0	 ידידותי
אהבה	 0	 0	 0	 0	 0	 0	 0	 0	 0	 0	 בְּתוֹך
אמפרסנד	 0	 0	 0	 0	 0	 0	 0	 0	 0	 0	 בְּתוֹך
אמפטמינימ	 0	 0	 1	 0	 0	 0	 0	 0	 0	 0	 אַמוֹנִיָה
דוחי	 0	 0	 0	 0	 0	 0	 0	 0	 0	 0	 תַחְמוֹשֶׁת
אמפיבי	 0	 0	 0	 0	 0	 1	 0	 0	 0	 0	 שִׁכחָה
אמפיתאטרונ	 0	 0	 0	 0	 1	 0	 1	 0	 0	 0	 חֲנִינָה
גברה	 0	 0	 0	 0	 0	 0	 0	 0	 0	 0	 גָלוּם
גביר	 0	 0	 0	 0	 0	 0	 0	 0	 0	 1	 פְּחָת
אמפליטודה	 0	 0	 0	 0	 0	 0	 0	 0	 0	 0	 כמות
פע	 0	 1	 0	 0	 1	 0	 1	 0	 0	 1	 אהבה
קטיעה	 0	 0	 0	 0	 0	 0	 0	 0	 0	 0	 אמפרסנד
קמיע	 0	 0	 1	 0	 0	 1	 0	 0	 0	 0	 אמפטמינים
עשע	 0	 0	 0	 0	 0	 0	 0	 0	 0	 0	 דוּחַי
עשע	 0	 0	 0	 0	 0	 0	 0	 0	 0	 0	 אַמפִיבִּי
עשוע	 0	 0	 0	 0	 0	 0	 0	 0	 0	 0	 אַמְפִיתֵאַטרוֹן
עשע	 0	 0	 0	 0	 0	 0	 0	 0	 0	 0	 הַגבָּרָה
אנה	 0	 0	 0	 0	 0	 0	 0	 0	 0	 0	 להגביר
אנקונדה	 0	 0	 0	 0	 0	 0	 0	 0	 0	 0	 אמפליטודה
רדמה	 0	 0	 0	 0	 0	 0	 0	 0	 0	 0	 בשפע
חומר הרדמה	 0	 0	 0	 0	 0	 0	 0	 0	 0	 0	 קְטִיעָה
אנאלי	 0	 0	 0	 0	 0	 0	 0	 0	 0	 0	 קָמִיעַ
 כאבימ	 0	 0	 0	 0	 1	 0	 1	 0	 0	 0	 לְשַׁעֲשֵׁעַ
קביל	 0	 0	 0	 0	 1	 0	 1	 0	 0	 0	 משועשע
אנלוגי	 0	 0	 0	 0	 1	 0	 1	 0	 0	 0	 שַׁעֲשׁוּעַ
אנלוגיה	 0	 0	 0	 0	 1	 0	 1	 0	 0	 0	 משעשע
אנליזה	 0	 0	 0	 0	 0	 0	 0	 0	 0	 0	 אנה
נתח	 0	 0	 1	 1	 0	 1	 0	 0	 0	 0	 אנקונדה
אנאליטי	 0	 0	 0	 0	 0	 0	 0	 0	 0	 0	 הַרדָמָה
נתח	 0	 0	 0	 0	 0	 0	 0	 0	 0	 0	 חומר הרדמה
נתח	 0	 0	 0	 0	 0	 1	 0	 0	 0	 0	 אנאלי
אנרכיזמ	 0	 0	 0	 0	 0	 0	 0	 0	 0	 0	 מְשַׁכֵּך כְּאֵבִים
אנרכיסט	 0	 0	 0	 0	 0	 0	 0	 0	 0	 0	 מַקְבִּיל
אנרכיה	 0	 0	 0	 0	 0	 0	 0	 0	 0	 0	 אנלוגי
קה	 0	 0	 0	 0	 0	 0	 0	 0	 0	 0	 אֲנָלוֹגִיָה
חרמ	 0	 0	 0	 0	 0	 0	 0	 0	 0	 0	 אָנָלִיזָה
אנטומי	 0	 1	 0	 0	 0	 0	 1	 0	 0	 1	 מְנַתֵחַ
אנטומיה	 0	 0	 0	 0	 0	 0	 0	 0	 0	 0	 אֲנַאלִיטִי
אב קדמונ	 0	 0	 0	 0	 0	 0	 0	 0	 0	 0	 לְנַתֵחַ
אבותי	 0	 0	 0	 0	 0	 0	 0	 0	 0	 0	 מנתח
לת	 1	 0	 0	 1	 0	 1	 0	 0	 0	 0	 אנרכיזם
עגנ	 1	 0	 0	 1	 0	 1	 0	 0	 0	 0	 אֲנַרכִיסט
עגנ	 1	 0	 0	 1	 0	 1	 0	 0	 0	 0	 אֲנַרכִיָה
עתיק	 0	 0	 0	 0	 0	 0	 0	 0	 0	 0	 הַשָׁקָה
נלווה	 1	 0	 1	 1	 0	 1	 0	 1	 0	 0	 חֵרֶם
אנדרוגנ	 0	 0	 0	 0	 0	 0	 0	 0	 0	 0	 אנטומי
נית	 0	 0	 0	 0	 0	 0	 0	 0	 0	 0	 אֲנָטוֹמִיָה
חדש	 0	 0	 0	 0	 0	 0	 0	 0	 0	 0	 אָב קַדמוֹן
אכ	 0	 0	 0	 0	 0	 0	 0	 0	 0	 1	 אבותי
אכי	 0	 0	 0	 0	 0	 0	 0	 0	 0	 0	 שׁוֹשֶׁלֶת
עס	 0	 0	 0	 0	 0	 0	 1	 0	 0	 0	 לְעַגֵן
אנגינה	 0	 0	 0	 0	 0	 0	 1	 1	 0	 0	 מַעֲגָן
אנגיוגרפיה	 0	 0	 0	 0	 0	 1	 0	 0	 0	 0	 עָתִיק
זוית	 0	 0	 0	 0	 0	 0	 0	 0	 0	 0	 נלווה
דייג	 0	 0	 0	 0	 0	 0	 0	 0	 0	 0	 אנדרוגן
עס	 0	 0	 0	 0	 0	 0	 0	 0	 0	 0	 כַּלָנִית
צער	 0	 0	 0	 0	 0	 0	 0	 0	 0	 0	 מִחָדָשׁ
זוויתי	 0	 1	 0	 0	 1	 0	 1	 0	 1	 1	 מַלְאָך
נטול מימ	 0	 0	 0	 0	 1	 0	 1	 0	 0	 1	 מַלאָכִי
על חיימ	 1	 0	 0	 0	 0	 1	 0	 0	 0	 0	 כַּעַס
נפיש	 0	 0	 0	 1	 0	 1	 0	 0	 0	 0	 אַנגִינָה
נפש	 0	 0	 0	 0	 0	 0	 0	 0	 0	 0	 אנגיוגרפיה
אנימציה	 0	 0	 0	 0	 0	 0	 0	 0	 0	 0	 זָוִית
איבה	 0	 1	 0	 0	 0	 1	 0	 0	 0	 0	 דייג
עוינות	 1	 0	 1	 0	 0	 1	 0	 0	 0	 0	 כּוֹעֵס
קרסול	 1	 0	 0	 1	 0	 1	 0	 1	 0	 0	 צַעַר
קורות	 0	 0	 0	 0	 0	 0	 0	 0	 0	 0	 זוויתי
ספח	 0	 0	 0	 0	 0	 0	 0	 0	 0	 0	 נְטוּל מַיִם
סיפוח	 0	 0	 0	 0	 0	 0	 0	 0	 0	 0	 בעל חיים
נספח	 0	 0	 0	 0	 0	 0	 1	 0	 0	 0	 לְהַנפִּישׁ
יד	 0	 0	 0	 0	 1	 0	 1	 0	 0	 0	 מונפש
מד	 0	 0	 0	 0	 0	 0	 0	 0	 0	 0	 אנימציה
דה	 1	 0	 1	 1	 0	 1	 0	 1	 0	 0	 אֵיבָה
עיר	 1	 0	 0	 0	 0	 1	 0	 0	 0	 0	 עוֹיְנוּת
יאור	 0	 0	 0	 0	 0	 0	 0	 0	 0	 0	 קרסול
ריז	 0	 0	 0	 0	 0	 0	 0	 0	 0	 0	 קוֹרוֹת
רזה	 0	 0	 0	 0	 0	 0	 0	 0	 0	 0	 לְסַפֵּחַ
רגיז	 0	 0	 0	 0	 0	 0	 0	 0	 0	 0	 סיפוח
רת רוח	 0	 0	 0	 0	 0	 0	 0	 0	 0	 0	 נספח
עצבנ	 1	 0	 0	 1	 0	 1	 0	 0	 0	 0	 לְהַשְׁמִיד
אנונה	 1	 0	 0	 1	 0	 1	 0	 1	 0	 0	 הושמד
טל	 1	 0	 0	 1	 0	 1	 0	 1	 0	 0	 הַשׁמָדָה
טבעתי	 0	 0	 0	 0	 0	 0	 0	 0	 0	 0	 להעיר
יטול	 0	 0	 0	 0	 0	 0	 0	 0	 0	 0	 ביאור
טבעת	 0	 0	 0	 0	 0	 0	 0	 0	 0	 0	 להכריז
יחה	 0	 1	 0	 0	 0	 0	 0	 0	 0	 0	 הַכרָזָה
חריג	 1	 0	 1	 0	 0	 1	 0	 0	 0	 0	 לְהַרְגִיז
אנומליה	 1	 0	 1	 0	 0	 1	 0	 0	 0	 0	 מוֹרַת רוֹחַ
אנונ	 1	 0	 0	 0	 0	 1	 0	 0	 0	 0	 מְעַצבֵּן
עילומ שמ	 0	 0	 0	 0	 0	 0	 0	 0	 0	 0	 אַנוֹנָה
תשובה	 0	 0	 0	 0	 0	 1	 0	 0	 0	 0	 לְבַטֵל
ניתנ לענות	 0	 0	 0	 0	 0	 0	 0	 0	 0	 0	 טַבַּעתִי
עונה	 0	 0	 0	 0	 0	 1	 0	 1	 0	 0	 ביטול
נמלה	 0	 0	 0	 0	 0	 0	 0	 0	 0	 0	 הטבעת
תנגדות	 0	 0	 0	 0	 0	 0	 0	 0	 0	 0	 מְשִׁיחָה
יריב	 0	 0	 0	 0	 0	 0	 0	 0	 0	 0	 חָרִיג
אנטגוניסטי	 0	 0	 0	 1	 0	 1	 0	 0	 1	 0	 אֲנוֹמַלִיָה
אנטה	 0	 0	 0	 0	 0	 0	 0	 0	 0	 0	 אנון
קדמ	 0	 0	 0	 0	 0	 1	 0	 0	 0	 0	 בעילום שם
אנטילופה	 0	 0	 0	 0	 0	 0	 0	 0	 0	 0	 תשובה
אנטנה	 0	 0	 0	 0	 0	 0	 0	 0	 0	 1	 ניתן לענות
קדמי	 0	 0	 0	 0	 0	 0	 0	 0	 0	 0	 עונה
נונ	 0	 0	 0	 0	 0	 0	 0	 0	 0	 0	 נְמָלָה
אנתולוגיה	 1	 0	 0	 0	 0	 1	 0	 0	 0	 0	 הִתנַגְדוּת
גחלת	 1	 0	 0	 0	 0	 1	 0	 0	 0	 0	 יָרִיב
אנתרופולוגיה	 1	 0	 1	 0	 0	 1	 0	 0	 0	 0	 אנטגוניסטי
אנטיביוטי	 0	 0	 0	 0	 0	 0	 0	 0	 0	 0	 אנטה
אנטיביוטיקה	 0	 0	 0	 0	 0	 0	 0	 0	 0	 0	 קדם
אנטיכריסט	 0	 0	 0	 0	 0	 0	 0	 0	 0	 0	 אַנְטִילוֹפָּה
ציפייה	 0	 0	 0	 0	 0	 0	 0	 0	 0	 0	 אַנטֶנָה
קדימ	 0	 0	 0	 0	 0	 0	 0	 0	 0	 0	 קִדמִי
תרופה נגד	 0	 0	 0	 0	 0	 0	 0	 0	 0	 0	 הִמנוֹן
אנטי פטרייתי	 0	 0	 0	 0	 0	 0	 0	 0	 0	 0	 אַנתוֹלוֹגִיָה
אנטימונ	 0	 0	 1	 1	 0	 1	 0	 1	 0	 0	 גַחֶלֶת
סלידה	 0	 0	 0	 0	 0	 0	 0	 0	 0	 0	 אַנתרוֹפּוֹלוֹגִיָה
סוחר עתיקות	 0	 0	 0	 0	 0	 0	 0	 0	 0	 0	 אַנטִיבִּיוֹטִי
יושנ	 0	 0	 0	 0	 0	 0	 1	 0	 0	 0	 אַנְטִיבִּיוֹטִיקָה
עתיק	 1	 0	 1	 1	 0	 1	 0	 0	 0	 0	 אנטיכריסט
ימי קדמ	 0	 1	 0	 0	 0	 0	 0	 0	 0	 0	 ציפייה
חטא	 0	 1	 0	 0	 0	 0	 0	 0	 0	 0	 מַקדִים
אנטי חברתי	 0	 1	 0	 0	 0	 0	 1	 0	 0	 1	 תרופה נגד
אנטיתזה	 0	 0	 0	 0	 0	 0	 1	 0	 0	 1	 אנטי פטרייתי
אנטיתטי	 0	 0	 0	 0	 0	 0	 0	 0	 0	 0	 אַנטִימוֹן
אנטי ויראלי	 1	 0	 1	 0	 0	 1	 0	 0	 0	 0	 סְלִידָה
קרנ הצבי	 0	 0	 0	 0	 0	 0	 0	 0	 0	 0	 סוֹחֵר עַתִיקוֹת
סדנ	 0	 0	 0	 0	 0	 1	 0	 0	 0	 0	 מְיוּשָׁן
חרדה	 0	 0	 0	 0	 0	 0	 1	 0	 0	 0	 עָתִיק
חרד	 0	 0	 0	 0	 0	 0	 0	 0	 0	 0	 יָמֵי קֶדֶם
אבי העורקימ	 0	 0	 0	 0	 0	 0	 1	 0	 0	 1	 מְחַטֵא
ירות	 1	 0	 1	 1	 0	 1	 0	 1	 0	 0	 אַנְטִי חֵבְרָתִי
אפאצי	 1	 0	 0	 0	 0	 1	 0	 0	 0	 0	 אַנְטִיתֵזָה
דירה	 0	 0	 0	 0	 0	 0	 0	 0	 0	 0	 אנטיתטי
אדיש	 0	 0	 0	 0	 0	 0	 0	 0	 0	 0	 אנטי ויראלי
אדישות	 0	 0	 0	 0	 0	 0	 0	 0	 0	 0	 קֶרֶן הַצְבִי
קופ	 0	 0	 0	 0	 0	 0	 0	 0	 0	 0	 סַדָן
צוהר	 1	 1	 0	 1	 0	 1	 0	 1	 0	 0	 חֲרָדָה
יא	 0	 1	 0	 1	 0	 1	 0	 0	 0	 0	 חָרֵד
נימה	 0	 0	 0	 0	 0	 0	 0	 0	 0	 0	 אבי העורקים
חתיכה	 0	 0	 0	 0	 0	 0	 0	 0	 0	 0	 בִּמְהִירוּת
טחונ עצמי	 0	 0	 0	 1	 0	 1	 0	 0	 0	 0	 אפאצ'י
אפוקליפטי	 0	 0	 0	 0	 0	 0	 0	 0	 0	 0	 דִירָה
תנצל	 0	 0	 0	 0	 0	 1	 0	 1	 0	 0	 אָדִישׁ
תנצל	 0	 0	 0	 0	 0	 1	 0	 1	 0	 0	 אֲדִישׁוּת
תנצל	 0	 0	 0	 0	 0	 0	 0	 0	 0	 0	 קוֹף
תנצלות	 0	 0	 0	 0	 0	 0	 0	 0	 0	 0	 צוֹהַר
פירה	 0	 0	 0	 0	 0	 0	 0	 0	 0	 0	 שִׂיא
מד	 0	 0	 1	 0	 0	 1	 0	 0	 0	 0	 כְּנִימָה
יח	 0	 0	 0	 0	 0	 0	 0	 0	 0	 0	 חתיכה
יח	 0	 0	 0	 0	 0	 0	 1	 0	 0	 0	 בִּטָחוֹן עַצְמִי
גרש	 0	 0	 0	 0	 0	 0	 0	 0	 0	 0	 אפוקליפטי
חריד	 0	 0	 0	 0	 0	 0	 1	 0	 0	 1	 מִתנַצֵל
נגנונ	 0	 0	 0	 0	 0	 0	 0	 0	 0	 0	 מתנצל
וש	 0	 0	 0	 0	 0	 0	 1	 1	 0	 1	 לְהִתְנַצֵל
 הנראה	 0	 0	 0	 0	 0	 0	 1	 0	 0	 0	 הִתנַצְלוּת
פעה	 0	 0	 0	 0	 0	 0	 0	 0	 0	 0	 כְּפִירָה
ערעור	 0	 0	 0	 0	 0	 0	 0	 0	 0	 0	 מְשׁוּמָד
ראה חיצוני	 0	 0	 0	 0	 0	 0	 1	 0	 0	 1	 שליח
רצות	 0	 0	 0	 0	 0	 0	 0	 0	 0	 1	 שליח
עורר	 0	 0	 0	 0	 0	 0	 0	 0	 0	 0	 גֵרֵשׁ
צרפ	 0	 0	 1	 1	 0	 1	 0	 0	 0	 0	 מַחרִיד
תוספת	 0	 0	 0	 0	 0	 0	 0	 0	 0	 0	 מַנגָנוֹן
דלקת התוספתנ	 0	 0	 0	 0	 0	 0	 0	 0	 0	 0	 לבוש
נספח	 0	 0	 0	 0	 0	 0	 0	 0	 0	 0	 ככל הנראה
תאבונ	 0	 0	 0	 1	 0	 0	 0	 0	 1	 0	 הוֹפָעָה
תאבנ	 0	 1	 0	 0	 0	 0	 0	 0	 0	 0	 עִרעוּר
תשואות	 0	 0	 0	 0	 0	 0	 0	 0	 0	 0	 מראה חיצוני
תפוח עצ	 0	 0	 0	 0	 0	 0	 0	 0	 0	 0	 לְרַצוֹת
יר	 0	 0	 0	 0	 0	 0	 0	 0	 0	 0	 עוֹרֵר
ירימ	 0	 0	 0	 0	 0	 0	 0	 0	 0	 0	 לְצַרֵף
ישימות	 0	 0	 0	 0	 0	 0	 0	 0	 0	 0	 תוֹסֶפֶת
ישימ	 0	 0	 0	 1	 0	 1	 0	 1	 0	 0	 דַלֶקֶת הַתוֹסֶפתָן
קש	 0	 0	 0	 0	 0	 0	 0	 0	 0	 0	 נִספָּח
יישומ	 0	 0	 0	 0	 0	 0	 0	 0	 0	 0	 תֵאָבוֹן
גיש מועמדות	 0	 0	 0	 0	 0	 0	 0	 0	 0	 0	 מתאבן
נות	 0	 0	 0	 0	 1	 0	 1	 0	 1	 1	 תְשׁוּאוֹת
קביעת פגישה	 0	 0	 0	 0	 0	 0	 0	 0	 0	 0	 תפוח עץ
פגישות	 0	 0	 0	 0	 0	 0	 0	 0	 0	 0	 מַכשִׁיר
חלק	 0	 0	 0	 0	 0	 0	 0	 0	 0	 0	 מכשירים
חלוקה	 0	 0	 0	 0	 0	 0	 0	 0	 0	 0	 יָשִׂימוּת
עריכ	 0	 0	 0	 0	 0	 0	 0	 0	 0	 0	 יָשִׂים
ראוי להערכה	 0	 1	 0	 0	 0	 0	 0	 0	 0	 0	 מְבַקֵשׁ
קרה	 0	 0	 0	 0	 0	 0	 0	 0	 0	 0	 יישום
עצור	 0	 0	 0	 0	 0	 0	 0	 0	 0	 0	 להגיש מועמדות
חשש	 0	 0	 0	 0	 0	 0	 0	 0	 0	 0	 לְמַנוֹת
חושש	 0	 0	 0	 0	 0	 0	 0	 0	 0	 0	 קביעת פגישה
יה	 0	 0	 0	 0	 0	 0	 0	 0	 0	 0	 פגישות
תמחות	 0	 0	 0	 0	 0	 0	 0	 0	 0	 0	 לְחַלֵק
גישה	 0	 0	 0	 0	 0	 0	 0	 0	 0	 0	 חלוקה
תקרב	 0	 0	 0	 0	 0	 0	 0	 0	 0	 0	 לְהַעֲרִיך
סכמה	 0	 0	 0	 0	 0	 0	 0	 0	 0	 0	 ראוי להערכה
קיחה	 0	 0	 0	 0	 1	 0	 1	 0	 0	 1	 הוֹקָרָה
סכמה	 0	 0	 0	 1	 0	 0	 0	 0	 0	 0	 לַעֲצוֹר
אשר	 0	 0	 0	 1	 0	 1	 0	 0	 0	 0	 חֲשָׁשׁ
אשרימ	 0	 1	 0	 1	 0	 1	 0	 0	 0	 0	 חוֹשֵׁשׁ
תקרב	 0	 0	 0	 0	 0	 0	 0	 0	 0	 1	 שׁוּליִה
ערכ	 0	 0	 0	 0	 0	 0	 0	 0	 0	 0	 התמחות
תקרב	 0	 0	 0	 0	 0	 0	 0	 0	 0	 0	 גִישָׁה
אומדנ	 0	 1	 0	 0	 0	 0	 0	 0	 0	 0	 מִתקַרֵב
אביזרימ	 0	 0	 0	 0	 0	 0	 1	 0	 0	 1	 הַסכָּמָה
סינר	 0	 0	 0	 0	 0	 1	 0	 0	 0	 0	 לְקִיחָה
תאימ	 0	 0	 0	 0	 0	 0	 1	 0	 0	 0	 הסכמה
רונ	 0	 0	 0	 0	 1	 0	 1	 0	 0	 1	 לְאַשֵׁר
אקווה	 0	 0	 0	 0	 0	 0	 1	 0	 0	 0	 מאשרים
תרשיש	 0	 0	 0	 0	 0	 0	 0	 0	 0	 0	 לְהִתְקַרֵב
אקוריומ	 0	 0	 0	 0	 0	 0	 0	 0	 0	 0	 בְּעֵרֶך
ימי	 0	 0	 0	 0	 0	 0	 0	 0	 0	 0	 מתקרב
אמת מימ	 0	 0	 0	 0	 0	 0	 0	 0	 0	 0	 אוּמדָן
ימי	 0	 0	 0	 0	 0	 0	 0	 0	 0	 0	 אביזרים
גידול	 0	 0	 0	 0	 0	 0	 0	 0	 0	 0	 סינר
פוסק	 0	 0	 0	 0	 0	 0	 1	 0	 0	 0	 מַתְאִים
ריע	 0	 0	 0	 0	 0	 0	 1	 0	 0	 0	 כִּשָׁרוֹן
ררות	 0	 0	 0	 0	 0	 0	 0	 0	 0	 0	 אקווה
רר	 0	 0	 0	 0	 0	 0	 0	 0	 0	 0	 תַרשִׁישׁ
סוכת	 0	 0	 0	 0	 0	 0	 0	 0	 0	 0	 אַקוַרִיוּם
קשת	 0	 0	 0	 0	 0	 0	 0	 0	 0	 0	 מֵימִי
קמרת	 0	 0	 0	 0	 0	 0	 0	 0	 0	 0	 אַמַת מַיִם
קשת	 0	 0	 0	 0	 0	 0	 0	 0	 0	 0	 מֵימִי
ארכיאולוגי	 0	 0	 0	 0	 0	 0	 0	 0	 0	 0	 גידול
ארכיאולוג	 0	 0	 0	 0	 0	 0	 0	 0	 0	 1	 פּוֹסֵק
ארכיאולוגיה	 0	 0	 0	 0	 0	 0	 0	 0	 0	 0	 לְהַכרִיעַ
ארכאי	 0	 1	 0	 0	 0	 0	 0	 0	 0	 0	 בוררות
ארכיבישופ	 0	 0	 0	 0	 0	 0	 0	 0	 0	 1	 בּוֹרֵר
קמור	 0	 0	 0	 0	 0	 0	 0	 0	 0	 0	 סוכת
קשת	 0	 0	 0	 0	 0	 0	 0	 0	 0	 0	 קֶשֶׁת
קשתות	 0	 0	 0	 0	 0	 0	 0	 0	 0	 0	 מִקמֶרֶת
אב טיפוס	 0	 0	 0	 0	 0	 0	 0	 0	 0	 0	 קֶשֶׁת
ארכיפלג	 0	 0	 0	 0	 0	 0	 0	 0	 0	 0	 ארכיאולוגי
אדריכל	 0	 0	 0	 0	 0	 0	 0	 0	 0	 0	 אַרכֵיאוֹלוֹג
ארכיטקטורה	 0	 1	 0	 0	 0	 0	 1	 0	 0	 0	 אַרכֵיאוֹלוֹגִיָה
ארכיונ	 0	 0	 0	 0	 0	 1	 0	 0	 0	 0	 אַרְכָאִי
ארקטי	 0	 0	 0	 0	 0	 0	 0	 0	 0	 0	 אַרכִיבִּישׁוֹף
נלהב	 0	 0	 0	 0	 0	 0	 0	 0	 0	 0	 קָמוּר
הט	 0	 0	 0	 0	 0	 0	 0	 0	 0	 0	 קַשָׁת
רוכ במאמצימ	 0	 0	 0	 0	 0	 0	 0	 0	 0	 0	 קַשׁתוּת
אזור	 0	 0	 0	 0	 0	 0	 0	 0	 0	 0	 אַב טִיפּוּס
זירה	 0	 0	 0	 0	 0	 0	 0	 0	 0	 0	 אַרכִיפֵּלָג
ערולה	 0	 0	 0	 0	 0	 0	 0	 0	 0	 0	 אַדְרִיכָל
ארגנט	 0	 0	 0	 0	 0	 0	 0	 0	 0	 1	 ארכיטקטורה
טעונ	 0	 0	 0	 0	 0	 0	 0	 0	 0	 0	 ארכיון
טענה	 0	 0	 0	 0	 0	 0	 0	 0	 0	 0	 אַרקטִי
נמקה	 0	 1	 0	 0	 1	 0	 1	 0	 0	 0	 נִלהָב
טיעוני	 0	 0	 0	 0	 0	 0	 1	 0	 0	 0	 לַהַט
טיעונימ	 0	 0	 0	 0	 0	 1	 0	 0	 0	 0	 כָּרוּך בְּמַאֲמָצִים
צחיח	 0	 0	 0	 0	 0	 0	 0	 0	 0	 0	 אֵזוֹר
אצולה	 0	 0	 0	 0	 0	 0	 0	 0	 0	 0	 זִירָה
אריסטוקרט	 0	 0	 0	 0	 0	 0	 0	 0	 0	 0	 ערולה
אריסטוקרטי	 0	 0	 0	 0	 0	 0	 0	 0	 0	 0	 ארגנט
חשבונ	 1	 0	 0	 0	 0	 1	 0	 0	 0	 0	 לִטעוֹן
ארונ קודש	 1	 0	 0	 0	 0	 1	 0	 0	 0	 0	 טַעֲנָה
זרוע	 1	 0	 0	 0	 0	 0	 0	 0	 0	 0	 הַנמָקָה
ארמדה	 0	 0	 0	 0	 0	 1	 0	 0	 0	 0	 טיעוני
תחמשות	 1	 0	 0	 0	 0	 0	 0	 0	 0	 0	 טיעונים
חימוש	 0	 0	 0	 0	 0	 1	 0	 1	 0	 0	 צָחִיחַ
עוגנ	 0	 0	 0	 0	 0	 0	 1	 0	 0	 0	 אֲצוּלָה
חמוש	 0	 0	 0	 0	 0	 0	 0	 0	 0	 0	 אֲרִיסטוֹקרָט
ריונ	 0	 0	 0	 0	 0	 0	 1	 0	 0	 0	 אריסטוקרטי
ריינ	 0	 0	 0	 0	 0	 0	 0	 0	 0	 0	 חֶשְׁבּוֹן
נשקיה	 0	 0	 0	 0	 0	 0	 0	 0	 0	 0	 ארון קודש
נשק	 0	 0	 0	 0	 0	 0	 0	 0	 0	 0	 זְרוֹעַ
צבא	 0	 0	 0	 0	 0	 0	 0	 0	 0	 0	 ארמדה
ארומה	 1	 0	 0	 1	 0	 0	 0	 0	 0	 0	 הְתחַמְשׁוּת
עירור	 0	 0	 0	 1	 0	 1	 0	 0	 0	 0	 חימוש
עורר	 0	 0	 0	 0	 0	 0	 0	 0	 0	 0	 עוֹגֶן
עמדה לדינ	 1	 0	 0	 1	 0	 1	 1	 0	 0	 0	 חָמוּשׁ
ארגנ	 0	 0	 0	 1	 0	 0	 1	 0	 0	 1	 שִׁריוֹן
סודר	 0	 0	 0	 1	 0	 0	 0	 0	 0	 0	 משוריין
סדר	 0	 0	 0	 0	 0	 0	 0	 0	 0	 1	 נִשׁקִיָה
ערכ	 0	 0	 0	 0	 0	 0	 0	 0	 0	 0	 נשק
פיגורימ	 0	 0	 0	 0	 0	 0	 0	 0	 0	 0	 צָבָא
עצר	 0	 0	 0	 0	 0	 0	 1	 0	 0	 0	 אֲרוֹמָה
געה	 0	 0	 0	 0	 0	 0	 0	 0	 0	 0	 עִירוּר
גיע	 0	 1	 0	 0	 0	 0	 1	 0	 0	 0	 לְעוֹרֵר
יהירות	 1	 0	 0	 1	 0	 1	 0	 1	 0	 0	 העמדה לדין
יהיר	 0	 0	 0	 0	 0	 0	 0	 0	 0	 0	 לְאַרגֵן
חצ	 0	 0	 0	 0	 0	 0	 0	 0	 0	 0	 מְסוּדָר
חסנ נשק	 0	 0	 0	 0	 0	 0	 0	 0	 0	 0	 הֶסדֵר
ארסנ	 0	 0	 0	 0	 0	 0	 1	 0	 0	 0	 מַעֲרָך
צתה	 0	 0	 0	 0	 0	 1	 0	 0	 0	 0	 פיגורים
אומנות	 0	 0	 0	 0	 0	 1	 0	 0	 0	 0	 מַעְצָר
עורק	 0	 1	 0	 0	 0	 0	 0	 0	 0	 0	 הַגָעָה
ערמומי	 0	 1	 0	 0	 0	 0	 0	 0	 0	 0	 לְהַגִיעַ
פרוקי רגליימ	 0	 0	 0	 0	 0	 1	 0	 0	 0	 0	 יְהִירוּת
ארטישוק	 1	 0	 1	 0	 0	 1	 0	 0	 0	 0	 יָהִיר
אמר	 0	 0	 0	 0	 0	 0	 0	 0	 0	 0	 חֵץ
אמרימ	 0	 0	 0	 0	 0	 0	 0	 0	 0	 0	 מַחסָן נֶשֶׁק
טא	 0	 0	 1	 1	 0	 1	 0	 1	 0	 0	 אַרסָן
פרוק	 1	 0	 0	 1	 0	 1	 0	 0	 0	 0	 הַצָתָה
תחבולה	 0	 1	 0	 0	 1	 0	 1	 1	 1	 0	 אומנות
ארטילריה	 0	 0	 0	 0	 0	 0	 0	 0	 0	 0	 עוֹרֶק
אמנ	 0	 0	 0	 0	 0	 0	 0	 0	 0	 0	 עַרמוּמִי
אמנ	 0	 0	 0	 0	 0	 0	 0	 0	 0	 0	 פרוקי רגליים
אמנ	 0	 0	 0	 0	 0	 0	 0	 0	 0	 0	 אַרטִישׁוֹק
אמנותי	 0	 0	 0	 0	 0	 0	 0	 0	 0	 0	 מאמר
אמנימ	 0	 0	 0	 0	 0	 0	 0	 0	 0	 0	 מאמרים
עלות	 0	 0	 0	 0	 0	 0	 1	 0	 0	 0	 לבטא
עלייה	 0	 0	 0	 0	 0	 0	 1	 0	 0	 0	 מִפרוּק
תעלות	 0	 0	 0	 0	 0	 0	 0	 0	 0	 0	 תַחְבּוּלָה
עלה	 0	 0	 0	 1	 0	 1	 0	 0	 0	 0	 אָרְטִילֶרִיָה
דא	 0	 0	 0	 0	 0	 0	 1	 0	 0	 0	 אָמָן
תברר	 0	 0	 0	 0	 0	 0	 0	 0	 0	 0	 אמן
סגפנ	 0	 0	 0	 0	 0	 0	 1	 0	 0	 0	 אמן
אפר	 0	 0	 0	 0	 0	 0	 1	 0	 0	 0	 אָמָנוּתִי
יש	 0	 0	 0	 0	 0	 0	 0	 0	 0	 0	 אמנים
אפר	 0	 0	 0	 0	 0	 0	 0	 0	 0	 0	 לַעֲלוֹת
ישנ	 0	 0	 0	 0	 0	 0	 1	 0	 0	 0	 עלייה
אפעה	 0	 0	 0	 0	 0	 0	 0	 0	 0	 0	 התעלות
אספרטיימ	 0	 0	 0	 0	 0	 0	 1	 0	 0	 0	 מַעֲלֶה
אספקט	 0	 0	 0	 0	 0	 0	 0	 0	 0	 0	 לְוַדֵא
יבטימ	 0	 0	 0	 0	 0	 0	 0	 0	 0	 0	 התברר
אספלט	 0	 0	 0	 0	 0	 0	 0	 0	 0	 0	 סַגְפָן
איפה	 0	 0	 0	 0	 0	 1	 0	 0	 0	 0	 אֵפֶר
אופ	 0	 0	 1	 0	 0	 1	 0	 1	 0	 0	 מְבוּיָשׁ
אפת	 0	 0	 0	 0	 0	 1	 0	 1	 0	 0	 אפר
תחת	 0	 0	 0	 0	 0	 0	 0	 0	 0	 0	 יָשֵׁן
תקופ	 0	 0	 0	 1	 0	 0	 0	 0	 0	 0	 אֶפעֶה
תוקפ	 0	 0	 0	 0	 0	 0	 0	 0	 0	 0	 אספרטיים
תנקש	 0	 0	 0	 0	 0	 0	 0	 0	 0	 0	 אספקט
תנקש	 0	 0	 0	 0	 0	 0	 0	 0	 0	 0	 היבטים
רצח	 0	 0	 0	 0	 0	 0	 0	 0	 0	 0	 אַספַלט
תקיפה	 0	 1	 0	 0	 1	 0	 1	 0	 1	 1	 שְׁאִיפָה
דיקה	 0	 1	 0	 0	 1	 0	 1	 0	 0	 0	 לִשְׁאוֹף
ול	 0	 1	 0	 0	 1	 0	 1	 0	 0	 1	 שואפת
רכיב	 0	 0	 0	 0	 0	 1	 0	 0	 0	 0	 תַחַת
תאספו	 1	 0	 0	 1	 0	 1	 0	 0	 1	 0	 לִתְקוֹף
רכבה	 1	 0	 0	 1	 0	 1	 0	 1	 0	 0	 תוקף
סכימ	 1	 0	 0	 1	 0	 1	 0	 1	 0	 0	 מִתנַקֵשׁ
טעונ	 1	 0	 0	 1	 0	 1	 0	 0	 0	 0	 להתנקש
טוענ	 1	 0	 0	 1	 0	 1	 0	 1	 0	 0	 רֶצַח
טענה	 1	 0	 0	 1	 0	 1	 0	 0	 0	 0	 תקיפה
עריכ	 0	 0	 0	 0	 0	 0	 0	 0	 0	 0	 בדיקה
ערכה	 0	 0	 0	 0	 0	 0	 0	 0	 0	 0	 מכלול
אי	 0	 0	 0	 0	 0	 0	 0	 0	 0	 0	 להרכיב
נכסימ	 0	 0	 0	 0	 0	 0	 0	 0	 0	 0	 התאספו
טומטמ	 0	 0	 0	 0	 0	 0	 1	 0	 0	 1	 הַרכָּבָה
קצות	 0	 0	 0	 0	 0	 0	 1	 0	 0	 0	 לְהַסכִּים
נאמנ	 0	 0	 0	 0	 0	 0	 0	 0	 0	 0	 לִטעוֹן
ימה	 0	 0	 0	 0	 0	 0	 1	 0	 0	 1	 טוען
טמיע	 0	 0	 0	 0	 0	 0	 0	 0	 0	 0	 טַעֲנָה
טמעה	 0	 0	 0	 0	 0	 0	 0	 0	 0	 0	 לְהַעֲרִיך
סייע	 0	 0	 0	 0	 0	 0	 0	 0	 1	 1	 הערכה
סיוע	 0	 0	 0	 0	 0	 0	 0	 0	 0	 1	 שַׁמַאִי
עוזר	 0	 0	 0	 0	 0	 0	 1	 0	 0	 0	 נכסים
חבר	 1	 0	 1	 0	 0	 1	 0	 0	 0	 0	 מְטוּמטָם
ארגונ	 0	 0	 0	 0	 0	 0	 0	 0	 0	 0	 לְהַקְצוֹת
גוונ	 0	 0	 0	 0	 0	 0	 0	 0	 0	 1	 נאמן
חר	 0	 0	 0	 0	 0	 0	 0	 0	 0	 0	 מְשִׁימָה
ככ	 0	 0	 0	 0	 0	 0	 0	 0	 0	 0	 להטמיע
ניח	 0	 0	 0	 0	 0	 0	 0	 0	 0	 0	 הַטמָעָה
נחה	 0	 0	 0	 0	 0	 0	 1	 0	 0	 1	 לסייע
נחה	 0	 0	 0	 0	 0	 0	 1	 0	 0	 0	 סִיוּעַ
טחה	 0	 0	 0	 0	 0	 0	 0	 0	 0	 0	 עוֹזֵר
טיח	 0	 0	 0	 0	 0	 0	 1	 0	 0	 1	 חָבֵר
טוח	 0	 0	 0	 0	 0	 0	 0	 0	 0	 1	 אִרגוּן
דאי	 0	 0	 0	 0	 0	 0	 0	 0	 0	 0	 מְגוּוָן
ית	 0	 0	 0	 0	 0	 0	 0	 0	 0	 0	 מִבְחָר
אסטרואידימ	 0	 0	 0	 0	 0	 0	 1	 0	 0	 0	 לְשַׁכֵּך
אסטיגמציה	 0	 0	 0	 0	 0	 0	 0	 0	 0	 0	 הניח
אופנ מדהימ	 0	 0	 0	 0	 0	 0	 0	 0	 0	 0	 בהנחה
תדהמה	 0	 0	 0	 0	 0	 0	 0	 0	 0	 0	 הנחה
בי	 0	 0	 0	 0	 0	 0	 1	 0	 0	 1	 הַבטָחָה
לל	 0	 0	 0	 0	 0	 0	 0	 0	 0	 1	 לְהַבטִיחַ
עפיצות	 0	 0	 0	 0	 0	 0	 1	 0	 0	 1	 בטוח
אסטרולוג	 0	 0	 0	 0	 0	 0	 0	 0	 0	 1	 בוודאי
אסטרולוגיה	 0	 0	 0	 0	 0	 0	 0	 0	 0	 0	 כּוֹכָבִית
אסטרונאוט	 0	 0	 0	 0	 0	 0	 0	 0	 0	 0	 אסטרואידים
אסטרונומ	 0	 0	 0	 0	 0	 0	 0	 0	 0	 0	 אסטיגמציה
אסטרונומיה	 0	 0	 0	 0	 0	 0	 1	 0	 1	 0	 באופן מדהים
ערומ	 0	 0	 0	 0	 1	 0	 1	 0	 1	 0	 תַדְהֵמָה
תנתק	 0	 0	 0	 0	 0	 0	 0	 0	 0	 0	 כּוֹכָבִי
קלט	 0	 0	 0	 1	 0	 1	 0	 0	 0	 0	 שולל
אסימטרית	 0	 0	 0	 0	 0	 1	 0	 0	 0	 0	 עפיצות
אסימטריה	 0	 1	 0	 0	 0	 0	 1	 0	 0	 0	 אַסטרוֹלוֹג
אסימפטוטי	 0	 0	 0	 0	 0	 0	 0	 0	 0	 0	 אַסטרוֹלוֹגִיָה
אטלייה	 0	 0	 0	 0	 0	 0	 1	 0	 0	 0	 אַסטרוֹנָאוּט
אתאיזמ	 0	 1	 0	 0	 0	 0	 1	 0	 0	 0	 אַסטרוֹנוֹם
אתאיסטית	 0	 0	 0	 0	 0	 0	 0	 0	 0	 0	 אַסטרוֹנוֹמִיָה
טרשת עורקימ	 0	 0	 0	 0	 0	 0	 1	 0	 0	 0	 עָרוּם
אתלט	 0	 0	 0	 0	 0	 0	 0	 0	 0	 0	 להתנתק
אתלטי	 0	 0	 0	 1	 0	 1	 0	 0	 0	 0	 מקלט
אתלטיות	 0	 0	 0	 0	 0	 0	 0	 0	 0	 0	 אסימטרית
אתלטיקה	 0	 0	 1	 0	 0	 0	 0	 0	 0	 0	 אָסִימֵטְרִיָה
אטלס	 0	 0	 0	 0	 0	 0	 0	 0	 0	 0	 אסימפטוטי
אטמוספרה	 0	 0	 0	 0	 0	 0	 0	 0	 0	 0	 אטלייה
אטמוספרי	 0	 0	 0	 0	 0	 1	 0	 0	 0	 0	 אתאיזם
אטול	 0	 0	 0	 0	 0	 0	 0	 0	 0	 0	 אתאיסטית
אטומ	 0	 0	 0	 1	 0	 1	 0	 1	 0	 0	 טרשת עורקים
אטומי	 0	 0	 0	 0	 0	 0	 1	 0	 0	 0	 אַתלֵט
פר	 0	 0	 0	 0	 0	 0	 1	 0	 0	 0	 אַתלֵטִי
פרה	 0	 0	 0	 0	 0	 0	 0	 0	 0	 0	 אתלטיות
אטריומ	 0	 0	 0	 0	 0	 0	 0	 0	 0	 0	 אַתלֵטִיקָה
תועב	 0	 0	 0	 0	 0	 0	 0	 0	 0	 0	 אַטְלָס
זוועה	 0	 0	 0	 0	 0	 0	 0	 0	 0	 0	 אַטמוֹספֵרָה
תנונ	 0	 0	 0	 0	 0	 0	 0	 0	 0	 0	 אטמוספרי
צרפ	 0	 0	 0	 0	 0	 0	 0	 0	 0	 0	 אָטוֹל
תקשרות	 0	 0	 0	 0	 0	 0	 1	 0	 0	 0	 אָטוֹם
תקופ	 0	 0	 0	 0	 0	 0	 0	 0	 0	 0	 אָטוֹמִי
תקופ	 0	 1	 0	 0	 1	 0	 1	 0	 0	 1	 לְכַפֵּר
יג	 0	 0	 0	 0	 0	 0	 1	 0	 0	 0	 כַּפָּרָה
ר השגה	 0	 0	 0	 0	 0	 0	 0	 0	 0	 0	 אטריום
גה	 1	 0	 1	 0	 0	 1	 0	 0	 0	 0	 מְתוֹעָב
נסות	 1	 0	 1	 1	 0	 1	 0	 1	 0	 0	 זוועה
נוכחות	 0	 0	 1	 1	 0	 1	 0	 1	 0	 0	 לְהִתְנַוֵן
טפל	 0	 0	 0	 0	 0	 0	 0	 0	 0	 0	 לְצַרֵף
תשומת הלב	 0	 0	 0	 0	 0	 0	 1	 0	 0	 0	 הִתקַשְׁרוּת
קשוב	 1	 0	 0	 1	 0	 1	 0	 0	 0	 0	 לִתְקוֹף
חליש	 1	 0	 1	 1	 0	 1	 0	 1	 1	 0	 לתקוף
חלש	 0	 0	 0	 0	 0	 0	 0	 0	 0	 0	 לְהַשִׂיג
נחתה	 0	 1	 0	 0	 0	 0	 1	 0	 0	 0	 בר השגה
עיד	 0	 0	 0	 0	 0	 0	 1	 0	 0	 0	 הַשָׂגָה
עדות	 0	 1	 0	 0	 0	 0	 0	 0	 0	 0	 לְנַסוֹת
עלית גג	 0	 1	 0	 0	 0	 0	 0	 0	 0	 0	 נוֹכְחוּת
וש	 0	 0	 0	 0	 0	 0	 1	 0	 0	 1	 מְטַפֵּל
יחס	 0	 0	 0	 0	 0	 0	 1	 0	 0	 0	 תשומת הלב
עוד	 0	 0	 0	 0	 0	 0	 1	 0	 0	 1	 קַשׁוּב
יכה	 0	 0	 0	 0	 0	 0	 0	 0	 0	 0	 לְהַחלִישׁ
יכה	 0	 0	 0	 0	 0	 1	 0	 0	 0	 0	 מוחלש
ניתנ לייחס	 0	 0	 0	 0	 0	 1	 0	 1	 0	 0	 הנחתה
תכונה	 0	 0	 0	 0	 0	 0	 1	 0	 0	 1	 לְהַעִיד
יוכ	 0	 0	 0	 0	 0	 0	 0	 0	 0	 1	 עֵדוּת
תשה	 0	 0	 0	 0	 0	 0	 0	 0	 0	 0	 עֲלִיַת גַג
ערמוני	 0	 0	 0	 0	 0	 0	 0	 0	 0	 0	 לבוש
ירה פומבית	 0	 0	 0	 0	 0	 0	 0	 0	 0	 0	 יַחַס
רז	 1	 0	 0	 1	 0	 0	 1	 0	 0	 1	 עוד
נועז	 0	 0	 0	 0	 0	 0	 1	 0	 0	 0	 מְשִׁיכָה
חוצפה	 0	 0	 0	 0	 0	 0	 1	 0	 0	 0	 מְשִׁיכָה
נשמע	 0	 0	 0	 0	 0	 0	 0	 0	 0	 0	 ניתן לייחס
קהל	 0	 0	 0	 0	 0	 0	 0	 0	 0	 0	 תְכוּנָה
דיקה	 0	 0	 0	 0	 0	 0	 0	 0	 0	 0	 שִׁיוּך
חנ קבלה	 0	 0	 0	 0	 0	 0	 0	 0	 0	 0	 התשה
קר	 0	 0	 0	 0	 0	 0	 0	 0	 0	 0	 ערמוני
אולמ	 0	 1	 0	 0	 0	 0	 0	 0	 0	 0	 מכירה פומבית
יעתי	 0	 0	 0	 0	 0	 0	 0	 0	 0	 0	 מכרז
הו	 0	 0	 0	 0	 0	 0	 0	 0	 0	 0	 נוֹעָז
גדיל	 0	 0	 0	 0	 0	 1	 0	 0	 0	 0	 חוּצפָּה
גדלה	 0	 0	 0	 0	 0	 0	 0	 0	 0	 0	 נִשׁמָע
אוגוסט	 0	 1	 0	 0	 0	 0	 0	 0	 0	 0	 קהל
דודה	 0	 0	 0	 0	 0	 0	 0	 0	 0	 0	 בְּדִיקָה
ילה	 0	 0	 0	 0	 0	 0	 0	 0	 0	 0	 מבחן קבלה
זוהר קוטבי	 0	 0	 0	 1	 0	 0	 0	 0	 0	 1	 מבקר
חסות	 0	 0	 0	 0	 0	 0	 0	 0	 0	 0	 אוּלָם
ר טוב	 0	 0	 0	 0	 0	 0	 0	 0	 0	 0	 שְׁמִיעָתִי
חמור	 0	 0	 0	 0	 0	 0	 0	 0	 0	 0	 משהו
צנע	 0	 0	 0	 0	 0	 0	 1	 0	 0	 0	 לְהַגדִיל
אותנטי	 0	 0	 0	 0	 0	 0	 0	 0	 0	 0	 הגדלה
אמת	 0	 0	 0	 0	 0	 0	 1	 0	 0	 0	 אוגוסט
אימות	 0	 0	 0	 0	 0	 0	 1	 0	 0	 1	 דוֹדָה
אותנטיות	 0	 0	 0	 0	 0	 0	 1	 0	 0	 0	 הילה
חבר	 0	 0	 0	 0	 0	 0	 0	 0	 0	 0	 זוֹהַר קוֹטבִי
סמכ	 0	 0	 0	 0	 0	 0	 0	 0	 0	 0	 חָסוּת
רשות	 0	 1	 0	 0	 1	 0	 1	 0	 0	 0	 מבשר טוב
רשאה	 0	 0	 0	 1	 0	 1	 0	 1	 0	 0	 חָמוּר
אשר	 0	 0	 0	 0	 0	 1	 0	 0	 0	 0	 צֶנַע
רשה	 0	 0	 0	 0	 1	 0	 1	 0	 0	 1	 אוֹתֶנְטִי
חבר	 0	 0	 0	 0	 0	 0	 0	 0	 0	 1	 לְאַמֵת
אוטומטי	 0	 0	 0	 0	 0	 0	 0	 0	 0	 1	 אימות
אוטוביוגרפיה	 0	 0	 0	 0	 0	 0	 1	 0	 0	 1	 אוֹתֶנְטִיוּת
אוטוקרטית	 0	 0	 0	 0	 0	 0	 1	 0	 0	 1	 מְחַבֵּר
חתימה	 0	 0	 0	 0	 0	 0	 1	 0	 0	 1	 מוּסמָך
אוטומטי	 0	 0	 0	 0	 0	 0	 1	 0	 0	 1	 רָשׁוּת
נית	 0	 0	 0	 0	 0	 0	 1	 0	 0	 1	 הרשאה
אוטונומיה	 0	 0	 0	 0	 0	 0	 0	 0	 0	 1	 לְאַשֵׁר
נתיחה	 0	 0	 0	 0	 0	 0	 1	 0	 0	 0	 מורשה
סתיו	 0	 0	 0	 0	 0	 0	 0	 0	 0	 0	 מחבר
עזר	 0	 0	 0	 0	 0	 0	 0	 0	 0	 0	 אוטומטי
עיל	 0	 0	 0	 0	 0	 0	 0	 0	 0	 0	 אוֹטוֹבִּיוֹגְרָפִיָה
פולת שלגימ	 0	 0	 0	 0	 0	 1	 0	 0	 0	 0	 אוטוקרטית
חמדנות	 0	 0	 0	 0	 0	 0	 0	 0	 0	 0	 חֲתִימָה
גלגול	 0	 0	 0	 0	 0	 0	 0	 0	 0	 1	 אוֹטוֹמָטִי
נוקמ	 0	 0	 0	 0	 0	 0	 0	 0	 0	 0	 מְכוֹנִית
דרה	 0	 0	 0	 0	 0	 0	 0	 0	 0	 0	 אוטונומיה
צע	 0	 0	 1	 1	 0	 1	 0	 1	 0	 0	 נתיחה
תנגד	 0	 0	 0	 0	 0	 0	 0	 0	 0	 0	 סתָיו
סלידה	 0	 0	 0	 0	 0	 0	 0	 0	 0	 0	 עזר
נוע	 0	 0	 0	 0	 0	 0	 0	 0	 0	 0	 לְהוֹעִיל
ציפורימ	 0	 0	 0	 1	 0	 1	 0	 1	 1	 0	 מַפּוֹלֶת שְׁלָגִים
תעופה	 1	 0	 1	 0	 0	 1	 0	 0	 0	 0	 חַמדָנוּת
טיס	 0	 0	 0	 0	 0	 0	 1	 0	 0	 0	 גִלגוּל
וט	 1	 0	 0	 0	 0	 1	 0	 0	 0	 0	 נוֹקֵם
אבוקדו	 0	 0	 0	 0	 0	 0	 0	 0	 0	 0	 שְׁדֵרָה
נע	 0	 0	 0	 0	 0	 0	 0	 0	 0	 0	 aver
ימנעות	 0	 0	 0	 0	 0	 0	 0	 0	 0	 0	 מְמוּצָע
ימנעות	 1	 0	 1	 1	 0	 1	 0	 0	 0	 0	 מִתנַגֵד
תינ	 1	 0	 1	 1	 0	 1	 0	 0	 0	 0	 סְלִידָה
ער	 0	 0	 0	 0	 0	 0	 0	 0	 0	 0	 לִמְנוֹעַ
עיר	 0	 0	 0	 0	 0	 0	 0	 0	 0	 0	 ציפורים
פרס	 0	 0	 0	 0	 0	 0	 0	 0	 0	 0	 תְעוּפָה
יראת כבוד	 0	 0	 0	 0	 0	 0	 0	 0	 0	 0	 טַיָס
נורא	 0	 0	 0	 0	 0	 0	 0	 0	 0	 0	 לָהוּט
סרבול	 0	 0	 0	 0	 0	 0	 0	 0	 0	 0	 אבוקדו
סככה	 0	 0	 0	 1	 0	 1	 0	 0	 0	 0	 לְהִמָנַע
בש	 0	 0	 0	 1	 0	 1	 0	 0	 0	 0	 הימנעות
צירי	 0	 0	 0	 1	 0	 0	 0	 0	 0	 0	 הימנעות
אקסיומה	 0	 1	 0	 0	 0	 0	 0	 0	 0	 0	 לְהַמתִין
אקסיומתי	 0	 0	 0	 0	 0	 0	 0	 0	 0	 0	 עֵר
ציר	 0	 0	 0	 0	 0	 0	 0	 0	 0	 0	 לְהָעִיר
סרנ	 0	 1	 0	 0	 1	 0	 1	 0	 1	 1	 פרס
אה	 0	 0	 0	 0	 0	 0	 0	 0	 0	 0	 יראת כבוד
כנ	 1	 0	 1	 1	 0	 1	 0	 1	 0	 0	 נורא
אזימוט	 0	 0	 1	 0	 0	 1	 0	 0	 0	 0	 סִרבּוּל
צבע תכלת	 0	 0	 0	 0	 0	 0	 0	 0	 0	 0	 סְכָכָה
פטפוט	 0	 0	 0	 0	 0	 1	 0	 0	 0	 0	 משובש
קשקש	 0	 0	 0	 0	 0	 0	 0	 0	 0	 0	 צִירִי
ונ	 0	 0	 0	 0	 0	 0	 0	 0	 0	 1	 אַקסִיוֹמָה
תינוק	 0	 0	 0	 0	 0	 0	 0	 0	 0	 1	 אַקסִיוֹמָתִי
רטפ	 0	 0	 0	 0	 0	 0	 0	 0	 0	 0	 צִיר
גרות	 0	 0	 0	 0	 0	 0	 0	 0	 0	 0	 סֶרֶן
קרה	 0	 0	 0	 0	 0	 0	 1	 0	 0	 0	 אה
גר תואר ראשונ	 0	 0	 0	 0	 0	 0	 1	 0	 0	 0	 כן
חזור	 0	 0	 0	 0	 0	 0	 0	 0	 0	 0	 אַזִימוּט
עמוד שדרה	 0	 0	 0	 0	 0	 0	 0	 0	 0	 0	 צבע תכלת
תומכ	 0	 0	 0	 0	 0	 1	 0	 0	 0	 0	 פִּטפּוּט
אש לאחור	 0	 0	 0	 0	 0	 1	 0	 0	 0	 0	 מקשקש
 בש	 0	 0	 1	 0	 0	 1	 0	 0	 0	 0	 בַּבּוּן
רקע כללי	 0	 0	 0	 0	 1	 0	 1	 0	 0	 0	 תִינוֹק
חפרונ	 0	 0	 0	 0	 0	 0	 0	 0	 0	 1	 שְׁמַרטַף
תרמילאי	 0	 0	 0	 0	 0	 0	 1	 0	 0	 0	 בגרות
חזור על עקבותיו	 0	 0	 0	 0	 0	 0	 0	 0	 0	 0	 בקרה
אחור	 0	 0	 0	 0	 0	 0	 0	 0	 0	 0	 בוגר תואר ראשון
אחורה	 0	 0	 0	 0	 0	 0	 0	 0	 0	 0	 חזור
גבהימ	 1	 0	 0	 0	 0	 0	 1	 0	 0	 1	 עמוד שדרה
קטריה	 0	 0	 0	 0	 0	 0	 0	 0	 0	 1	 תוֹמֵך
חיידק	 0	 0	 0	 0	 0	 0	 0	 0	 0	 0	 אש לאחור
רע	 0	 0	 0	 0	 0	 0	 0	 0	 0	 0	 שֵׁשׁ בֵּשׁ
תג	 0	 0	 0	 0	 0	 0	 0	 0	 0	 0	 רקע כללי
גירית	 0	 0	 0	 0	 0	 0	 0	 0	 0	 0	 מחפרון
צורה גרועה	 0	 0	 0	 0	 0	 0	 0	 0	 0	 0	 תרמילאי
רוע	 0	 0	 0	 0	 0	 0	 0	 0	 0	 0	 לַחֲזוֹר עַל עִקבוֹתָיו
יכ	 0	 0	 0	 0	 0	 1	 0	 0	 0	 0	 לְאָחוֹר
תיק	 0	 0	 1	 0	 0	 1	 0	 0	 0	 0	 אֲחוֹרָה
דה	 0	 0	 0	 0	 0	 1	 0	 1	 0	 0	 גבהים
רחב	 0	 0	 1	 1	 0	 1	 0	 1	 0	 0	 בַּקטֶרִיָה
חלילימ	 0	 0	 1	 1	 0	 1	 0	 0	 0	 0	 חיידק
ערבות	 1	 0	 1	 1	 0	 1	 0	 1	 0	 0	 רַע
פקיד הוצאה לפועל	 0	 0	 0	 0	 0	 0	 0	 0	 0	 1	 תָג
פתיונ	 1	 0	 0	 0	 0	 1	 0	 0	 0	 0	 גִירִית
אפות	 0	 0	 0	 0	 0	 1	 0	 1	 0	 0	 בצורה גרועה
אפיה	 1	 0	 1	 1	 0	 1	 0	 0	 0	 0	 רוֹע
אפיה	 0	 0	 0	 0	 0	 0	 0	 0	 0	 0	 לִהַבִיך
איזונ	 0	 0	 0	 0	 0	 0	 0	 0	 0	 0	 תיק
אוזנ	 0	 0	 0	 0	 0	 0	 0	 0	 0	 0	 כבודה
רפסת	 0	 0	 0	 0	 0	 0	 0	 0	 0	 0	 רחב
קרח	 0	 0	 0	 0	 0	 0	 0	 0	 0	 0	 חלילים
חבילה	 0	 0	 0	 0	 0	 0	 0	 0	 0	 0	 עֲרֵבוּת
תרחק	 0	 0	 0	 1	 0	 1	 0	 0	 0	 1	 פְּקִיד הוֹצָאָה לְפוֹעָל
דור	 0	 0	 0	 1	 0	 1	 0	 0	 0	 1	 פְּתָיוֹן
דה	 0	 0	 0	 0	 0	 0	 0	 0	 0	 0	 לֶאֱפוֹת
נטל	 0	 0	 0	 0	 0	 0	 0	 0	 0	 0	 מַאֲפִיָה
לט	 0	 0	 0	 0	 0	 0	 0	 0	 0	 0	 אֲפִיָה
ונ	 0	 0	 0	 0	 0	 0	 0	 0	 0	 0	 bal
צבעה	 0	 0	 0	 0	 0	 0	 1	 0	 0	 0	 איזון
אולמ אירועימ	 0	 0	 0	 0	 0	 0	 1	 0	 0	 0	 מְאוּזָן
צרי	 0	 0	 0	 0	 0	 0	 0	 0	 0	 0	 מִרפֶּסֶת
נעימ	 0	 0	 0	 0	 0	 0	 0	 0	 0	 0	 קֵרֵחַ
סמ	 0	 0	 0	 1	 0	 1	 0	 0	 0	 0	 חֲבִילָה
סמי	 0	 0	 0	 0	 0	 1	 0	 0	 0	 0	 להתרחק
אסור	 0	 0	 0	 0	 0	 0	 0	 0	 0	 0	 כַּדוּר
ננה	 0	 0	 0	 0	 0	 0	 1	 0	 0	 0	 בַּלָדָה
תאגד	 0	 0	 0	 0	 0	 0	 0	 0	 0	 0	 נֵטֶל
תחבושת	 0	 0	 0	 0	 0	 0	 1	 0	 0	 0	 בַּלֶט
דד	 0	 0	 0	 0	 0	 0	 0	 0	 0	 0	 בַּלוֹן
נית התזמורת	 0	 1	 0	 0	 0	 0	 1	 0	 0	 1	 הצבעה
דפוק	 0	 0	 0	 0	 0	 0	 0	 0	 0	 0	 אולם אירועים
אנגר	 0	 1	 0	 0	 1	 1	 1	 0	 0	 0	 צֳרִי
גרש	 0	 0	 0	 0	 0	 0	 0	 0	 0	 0	 נעים
גורש	 0	 0	 0	 0	 0	 0	 1	 0	 0	 0	 בַּלסָם
גליה	 0	 0	 0	 0	 0	 0	 0	 0	 0	 0	 בלסמי
נגו	 0	 0	 0	 0	 0	 1	 0	 0	 0	 0	 לֶאֱסוֹר
נק	 0	 0	 0	 0	 0	 0	 0	 0	 0	 0	 בננה
נקאי	 0	 0	 0	 0	 0	 0	 0	 0	 0	 0	 לְהִתְאַגֵד
פשיטת רגל	 0	 0	 0	 0	 0	 0	 0	 0	 0	 0	 תַחְבּוֹשֶׁת
פשיטת רגל	 0	 0	 0	 0	 0	 1	 0	 0	 0	 0	 שׁוֹדֵד
דגל	 0	 0	 0	 0	 0	 0	 0	 0	 0	 0	 מְכוֹנִית הַתִזְמוֹרֶת
סעודה	 1	 0	 1	 1	 0	 1	 0	 0	 0	 0	 bane
נשי	 1	 0	 1	 1	 0	 1	 0	 1	 1	 0	 לִדפּוֹק
תלוצצ	 1	 1	 0	 1	 0	 1	 0	 0	 1	 0	 באנגר
טבילה	 1	 0	 1	 1	 0	 1	 0	 1	 0	 0	 לְגַרֵשׁ
טבילה	 1	 0	 0	 1	 0	 1	 0	 1	 0	 0	 גורש
בר	 1	 0	 1	 0	 0	 1	 0	 1	 0	 0	 הַגלָיָה
עוקצ	 0	 0	 0	 0	 0	 0	 0	 0	 0	 0	 בַּנג'וֹ
רברי	 0	 0	 0	 0	 0	 0	 0	 0	 0	 1	 בַּנק
רברי	 0	 0	 0	 0	 0	 0	 0	 0	 0	 1	 בַּנקָאִי
רבריות	 0	 0	 0	 1	 0	 1	 0	 1	 0	 0	 פשיטת רגל
על האש	 1	 0	 1	 1	 0	 1	 0	 1	 0	 0	 פְּשִׁיטַת רֶגֶל
דוקרני	 0	 0	 0	 0	 0	 0	 0	 0	 0	 0	 דֶגֶל
רר	 0	 1	 0	 0	 1	 0	 1	 0	 0	 0	 סְעוּדָה
חשופ	 1	 0	 1	 1	 0	 1	 0	 1	 0	 0	 בנשי
יחפ	 0	 0	 0	 0	 0	 0	 0	 0	 0	 0	 לְהִתְלוֹצֵץ
קושי	 0	 0	 0	 0	 0	 0	 1	 0	 0	 0	 טְבִילָה
ארפ	 0	 0	 0	 0	 1	 0	 1	 0	 0	 0	 טבילה
תמקח	 0	 0	 0	 0	 0	 0	 0	 0	 0	 0	 בָּר
דוברה	 1	 0	 0	 0	 0	 1	 0	 0	 0	 0	 עוֹקֶץ
ריטונ	 0	 0	 0	 1	 0	 1	 0	 0	 0	 0	 בַּרבָּרִי
נבוח	 1	 0	 1	 1	 0	 1	 0	 0	 0	 0	 בַּרבָּרִי
אסמ	 0	 0	 0	 0	 0	 1	 0	 0	 0	 0	 בַּרבָּרִיוּת
ארני	 0	 0	 0	 0	 0	 0	 0	 0	 0	 0	 על האש
רומטר	 0	 0	 0	 0	 0	 0	 0	 0	 0	 0	 דוֹקְרָנִי
רונ	 0	 0	 0	 0	 0	 0	 1	 0	 0	 0	 מְשׁוֹרֵר
ארוק	 0	 0	 0	 0	 0	 0	 0	 0	 0	 0	 חשוף
צריפ	 0	 0	 0	 0	 0	 0	 0	 0	 0	 0	 יָחֵף
אסור	 0	 0	 0	 0	 0	 0	 0	 0	 0	 0	 בקושי
חבית	 0	 0	 1	 0	 0	 0	 0	 0	 0	 0	 בארף
צחיח	 0	 0	 0	 0	 0	 0	 1	 0	 0	 1	 לְהִתְמַקֵחַ
תרס	 0	 0	 0	 0	 0	 0	 0	 0	 0	 0	 דוֹבְרָה
חסומ	 0	 0	 0	 0	 0	 0	 0	 0	 0	 0	 בָּרִיטוֹן
חסימה	 1	 0	 0	 0	 0	 1	 0	 0	 0	 0	 לִנְבּוּחַ
עורכ דינ	 0	 0	 0	 0	 0	 0	 0	 0	 0	 0	 אֹסֶם
ריצה	 0	 0	 0	 0	 0	 0	 0	 0	 0	 0	 בארני
זג	 0	 0	 0	 0	 0	 0	 0	 0	 0	 0	 בָּרוֹמֶטֶר
סחר חליפינ	 0	 0	 0	 0	 0	 0	 0	 0	 0	 0	 בָּרוֹן
סיס	 0	 0	 0	 0	 0	 0	 0	 0	 0	 0	 בָּארוֹק
ייסבול	 0	 0	 0	 0	 0	 0	 0	 0	 0	 0	 צריף
ח בסיס	 0	 0	 0	 0	 0	 1	 0	 0	 0	 0	 אָסוּר
חסר בסיס	 0	 0	 0	 0	 0	 0	 0	 0	 0	 0	 חָבִית
רתפ	 0	 0	 0	 0	 0	 1	 0	 1	 0	 0	 צחיח
זיליקה	 0	 0	 0	 1	 0	 1	 0	 0	 0	 0	 מִתרָס
אגנ	 1	 0	 0	 0	 0	 1	 0	 0	 0	 0	 מַחסוֹם
סיס	 0	 0	 0	 0	 0	 0	 0	 0	 0	 0	 חסימה
תחממ	 0	 0	 0	 0	 0	 0	 0	 0	 0	 0	 עוֹרֵך דִין
סל	 0	 0	 1	 0	 0	 0	 0	 0	 0	 0	 מְרִיצָה
דורסל	 0	 0	 0	 0	 0	 0	 0	 0	 0	 1	 מוֹזֵג
בס	 0	 0	 0	 0	 0	 0	 0	 0	 0	 1	 סַחַר חֲלִיפִין
אסו	 0	 0	 0	 0	 0	 0	 0	 0	 0	 1	 בסיס
סונ	 0	 0	 0	 0	 0	 0	 0	 0	 0	 0	 בייסבול
זר	 0	 0	 0	 0	 0	 0	 0	 0	 0	 0	 לוח בסיס
צר	 0	 0	 0	 0	 0	 1	 0	 0	 0	 0	 חסר בסיס
עטלפ	 0	 0	 0	 0	 0	 0	 0	 0	 0	 0	 מרתף
קבוצה	 0	 0	 0	 0	 0	 0	 0	 0	 0	 0	 בזיליקה
אצווה	 0	 0	 0	 0	 0	 0	 0	 0	 0	 0	 אַגָן
ייט	 0	 0	 0	 0	 0	 0	 0	 0	 0	 0	 בָּסִיס
רחצ	 0	 0	 0	 0	 0	 0	 0	 0	 0	 0	 לְהִתְחַמֵם
רחוצ	 0	 0	 0	 0	 0	 0	 0	 0	 0	 0	 סַל
חדר רחצה	 0	 1	 0	 0	 1	 0	 1	 0	 0	 0	 כדורסל
תימטריה	 0	 0	 0	 0	 0	 0	 0	 0	 0	 0	 בַּס
רביט	 0	 0	 0	 0	 0	 0	 0	 0	 0	 0	 באסו
גדוד	 0	 0	 0	 0	 0	 0	 0	 0	 0	 0	 בַּסוֹן
חמאה	 0	 0	 1	 0	 0	 1	 0	 1	 0	 0	 ממזר
כה	 1	 0	 0	 0	 0	 0	 1	 0	 0	 0	 מִבצָר
סוללה	 0	 0	 0	 0	 0	 0	 0	 0	 0	 0	 עטלף
קרב	 0	 0	 0	 0	 0	 0	 0	 0	 0	 0	 קבוצה
נלחמ	 0	 0	 0	 0	 0	 0	 0	 0	 0	 0	 אצווה
דה קרב	 0	 0	 0	 0	 0	 0	 0	 0	 0	 0	 בייט
טורלל	 0	 0	 0	 0	 0	 0	 1	 0	 0	 0	 מֶרחָץ
פרצ	 0	 0	 0	 0	 0	 0	 0	 0	 0	 0	 לִרְחוֹץ
ידונ	 0	 0	 0	 0	 0	 0	 0	 0	 0	 0	 חדר רחצה
וק	 0	 0	 0	 0	 0	 0	 0	 0	 0	 0	 בתימטריה
חופ	 0	 0	 0	 0	 0	 0	 0	 0	 0	 0	 שַׁרבִּיט
גדלור	 1	 0	 0	 0	 0	 0	 0	 0	 0	 0	 גְדוּד
חרוז	 1	 0	 0	 1	 0	 1	 0	 0	 0	 0	 חמאה
חרוזימ	 0	 0	 0	 1	 0	 1	 0	 1	 0	 0	 מוכה
חרוזימ	 1	 0	 0	 0	 0	 1	 0	 0	 0	 0	 סוֹלְלָה
יגל	 1	 0	 0	 0	 0	 1	 0	 0	 0	 0	 קרב
קור	 1	 0	 0	 1	 0	 1	 0	 1	 0	 0	 נלחם
וס	 0	 0	 0	 1	 0	 1	 0	 0	 0	 0	 שדה קרב
קרנ	 0	 0	 0	 0	 0	 1	 0	 0	 0	 0	 מטורלל
קורנ	 0	 0	 0	 0	 0	 0	 0	 0	 0	 0	 מִפרָץ
דוב	 1	 0	 0	 1	 0	 1	 0	 0	 0	 0	 כִּידוֹן
זקנ	 0	 0	 0	 0	 0	 0	 0	 0	 0	 0	 bayou
זוקנ	 0	 0	 0	 0	 0	 0	 0	 0	 0	 0	 שׁוּק
נושא	 0	 0	 0	 0	 1	 0	 0	 0	 0	 0	 החוף
סב	 0	 0	 0	 0	 0	 0	 0	 0	 0	 0	 מִגדַלוֹר
יסבימ	 0	 0	 0	 0	 0	 0	 0	 0	 0	 0	 חָרוּז
דובי	 0	 0	 0	 0	 0	 0	 0	 0	 0	 0	 חרוזים
חיה	 0	 0	 0	 0	 0	 0	 0	 0	 0	 0	 חרוזים
מי	 0	 0	 0	 0	 0	 0	 0	 0	 0	 0	 ביגל
יות ב	 0	 0	 0	 0	 0	 0	 0	 0	 0	 0	 מַקוֹר
אה	 0	 0	 0	 0	 0	 0	 0	 0	 0	 0	 כּוֹס
חזר	 0	 0	 0	 0	 1	 0	 1	 0	 0	 0	 קֶרֶן
ייפוי	 0	 1	 0	 0	 1	 0	 1	 0	 0	 0	 קורן
יפה	 1	 0	 0	 1	 0	 0	 0	 0	 0	 0	 דוב
פאר	 0	 0	 0	 0	 0	 0	 0	 0	 0	 0	 זָקָן
יופי	 0	 0	 0	 0	 0	 0	 0	 0	 0	 0	 מזוקן
בק	 0	 0	 0	 0	 0	 1	 0	 0	 0	 0	 נוֹשֵׂא
אותת	 0	 0	 0	 0	 0	 0	 0	 0	 0	 0	 מֵסַב
יטה	 0	 0	 0	 0	 0	 0	 0	 0	 0	 0	 מיסבים
צעימ	 1	 0	 0	 1	 0	 0	 0	 0	 0	 0	 דוּבִּי
סלע יסוד	 1	 0	 0	 1	 0	 1	 0	 0	 0	 0	 חַיָה
חדר שינה	 0	 0	 1	 1	 0	 1	 0	 0	 0	 0	 בַּהֲמִי
עת השינה	 0	 0	 0	 0	 0	 0	 0	 0	 0	 0	 להיות ב
דבורה	 1	 0	 0	 1	 0	 1	 0	 1	 0	 0	 הַכָּאָה
ר בקר	 0	 0	 0	 0	 0	 0	 0	 0	 0	 0	 מְחַזֵר
רת דבורימ	 0	 0	 0	 0	 1	 0	 1	 0	 0	 1	 ייפוי
ירה	 0	 0	 0	 0	 1	 0	 1	 0	 0	 0	 יפה
דונג	 0	 0	 0	 0	 1	 0	 1	 0	 0	 0	 לְפַאֵר
חיפושית	 0	 0	 0	 0	 1	 0	 1	 0	 0	 0	 יוֹפִי
קרות	 0	 0	 0	 0	 0	 0	 0	 0	 0	 0	 בק
יאה	 0	 0	 0	 0	 0	 0	 0	 0	 0	 0	 לְאוֹתֵת
תידד	 0	 0	 0	 0	 0	 0	 0	 0	 0	 0	 מיטה
תחננ	 0	 0	 0	 0	 0	 0	 0	 0	 0	 0	 מצעים
קבצנ	 0	 0	 0	 0	 0	 0	 1	 0	 0	 1	 סלע יסוד
פשיטת יד	 0	 0	 0	 0	 0	 0	 0	 0	 0	 0	 חדר שינה
תחל	 0	 0	 0	 0	 0	 0	 0	 0	 0	 0	 שעת השינה
תחיל	 1	 0	 0	 1	 0	 0	 0	 0	 0	 0	 דבורה
תחלה	 0	 0	 0	 0	 0	 0	 0	 0	 0	 0	 בשר בקר
תחילה	 0	 0	 0	 0	 0	 0	 0	 0	 0	 0	 כוורת דבורים
תנהגות	 0	 0	 0	 0	 1	 0	 1	 0	 0	 0	 בירה
ות	 0	 0	 0	 0	 0	 0	 0	 0	 0	 0	 דוֹנַג
פקודה	 0	 0	 0	 0	 0	 0	 0	 0	 0	 0	 חיפושית
יט	 0	 0	 0	 0	 0	 1	 0	 0	 0	 0	 לִקְרוֹת
אסיר תודה	 0	 0	 0	 0	 0	 0	 1	 0	 0	 0	 יָאֶה
תבוננ	 0	 0	 0	 0	 1	 0	 1	 0	 0	 1	 לְהִתיַדֵד
אוחר	 0	 0	 0	 0	 0	 1	 0	 1	 0	 0	 לְהִתְחַנֵן
סתיר	 0	 0	 0	 0	 0	 1	 0	 1	 0	 0	 קַבְּצָן
אמונה	 0	 0	 0	 0	 0	 1	 0	 0	 0	 0	 פְּשִׁיטַת יָד
אמינ	 0	 0	 0	 0	 0	 0	 0	 0	 0	 0	 התחל
אמינ	 0	 0	 0	 0	 0	 0	 0	 0	 0	 0	 מַתחִיל
אמינ	 0	 0	 0	 0	 0	 0	 0	 0	 0	 0	 התחלה
זלזל בערכו	 0	 1	 0	 0	 0	 0	 0	 0	 0	 0	 התחילה
פעמונ	 0	 0	 0	 0	 0	 0	 0	 0	 0	 0	 התנהגות
חמני	 0	 0	 0	 1	 0	 1	 0	 0	 0	 0	 בהמות
געות	 0	 0	 0	 0	 0	 0	 0	 0	 0	 0	 פקודה
פוח	 0	 0	 0	 0	 0	 0	 0	 0	 0	 0	 לְהַבִּיט
טנ	 0	 0	 0	 0	 0	 1	 0	 0	 0	 0	 אֲסִיר תוֹדָה
חפצימ	 0	 0	 0	 0	 0	 0	 0	 0	 0	 0	 מתבונן
חגורה	 0	 0	 0	 0	 0	 1	 0	 0	 0	 0	 מְאוּחָר
נבוכ	 0	 0	 0	 0	 0	 0	 0	 0	 0	 0	 להסתיר
ספסל	 0	 0	 0	 0	 0	 0	 0	 0	 0	 0	 אמונה
פפ	 0	 0	 0	 0	 0	 0	 0	 0	 0	 1	 האמין
פפ	 0	 0	 0	 0	 0	 0	 0	 0	 0	 1	 מַאֲמִין
תעקמות	 0	 0	 0	 0	 0	 0	 1	 0	 0	 1	 מאמין
תחת	 1	 0	 1	 1	 0	 1	 0	 1	 0	 0	 לִזַלזֵל בְּעֵרכּוֹ
נדבנ	 0	 0	 0	 0	 0	 0	 0	 0	 0	 0	 פַּעֲמוֹן
עיל	 1	 0	 0	 1	 0	 1	 0	 0	 0	 0	 לוֹחְמָנִי
טב	 0	 0	 0	 0	 0	 0	 0	 0	 0	 0	 לִגעוֹת
תועלת	 1	 0	 0	 0	 0	 0	 0	 0	 0	 0	 מַפּוּחַ
חסד	 0	 0	 0	 0	 0	 0	 0	 0	 0	 0	 בֶּטֶן
פיר	 0	 0	 0	 0	 0	 0	 0	 0	 0	 0	 חפצים
פופ	 1	 0	 0	 1	 0	 1	 0	 0	 0	 0	 חֲגוֹרָה
נזינ	 0	 0	 0	 0	 0	 0	 0	 0	 0	 0	 נָבוֹך
נחיל	 0	 0	 0	 0	 0	 0	 0	 0	 0	 0	 סַפְסָל
עזבונ	 0	 0	 0	 0	 0	 0	 0	 0	 0	 0	 לְכּוֹפֵף
ול	 0	 0	 0	 0	 0	 1	 0	 0	 0	 0	 מכופף
ול	 0	 0	 0	 0	 0	 0	 0	 0	 0	 0	 הִתעַקְמוּת
ול	 0	 0	 0	 0	 0	 0	 0	 0	 0	 0	 תַחַת
רגמוט	 0	 0	 0	 0	 0	 0	 1	 0	 0	 1	 נַדבָן
רלינ	 0	 0	 0	 0	 0	 0	 1	 0	 0	 0	 מוֹעִיל
טורפ	 0	 0	 0	 0	 0	 0	 0	 0	 0	 0	 מוּטָב
דרגש	 0	 0	 0	 0	 0	 0	 1	 0	 0	 0	 תועלת
פציר	 0	 0	 0	 0	 1	 0	 1	 0	 0	 1	 חֶסֶד
טרד	 0	 0	 0	 0	 1	 0	 1	 0	 0	 0	 שָׁפִיר
חיה	 0	 0	 0	 0	 0	 0	 0	 0	 0	 0	 כפוף
עניק	 0	 0	 0	 0	 0	 0	 0	 0	 0	 0	 בֶּנזִין
מר	 0	 0	 0	 0	 0	 0	 0	 0	 0	 0	 לְהַנחִיל
גוד	 0	 0	 0	 0	 0	 0	 0	 0	 0	 1	 עִזָבוֹן
גידה	 0	 0	 0	 0	 0	 1	 0	 1	 0	 0	 שַׁכּוּל
ארוסה	 0	 0	 0	 0	 0	 1	 0	 1	 0	 0	 שִׁכּוּל
בח	 0	 0	 0	 0	 0	 1	 0	 0	 0	 0	 שַׁכּוּל
תערבות	 0	 0	 0	 0	 0	 0	 0	 0	 0	 0	 ברגמוט
טי	 0	 0	 0	 0	 0	 0	 0	 0	 0	 0	 ברלין
פוע	 1	 0	 0	 0	 0	 1	 0	 0	 0	 0	 מטורף
קה	 0	 0	 0	 0	 0	 0	 1	 0	 0	 0	 דרגש
זהר	 0	 0	 0	 0	 0	 0	 0	 0	 0	 0	 לְהַפְצִיר
נבוכ	 0	 0	 0	 0	 0	 0	 0	 0	 0	 0	 מוטרד
כה	 0	 0	 1	 1	 0	 1	 0	 0	 0	 0	 חיה
טיה	 0	 0	 0	 0	 0	 0	 0	 0	 0	 0	 לְהַעֲנִיק
חד	 0	 0	 0	 0	 0	 0	 0	 0	 0	 0	 לְהַמֵר
יב	 1	 0	 1	 0	 0	 1	 0	 1	 1	 0	 לבגוד
קראי	 1	 0	 1	 0	 0	 1	 0	 1	 0	 0	 בְּגִידָה
יבליוגרפיה	 0	 1	 0	 0	 1	 0	 1	 0	 0	 1	 אֲרוּסָה
ריב	 0	 0	 0	 0	 0	 0	 1	 0	 0	 0	 שֶׁבַח
דוצבעוני	 0	 0	 0	 0	 0	 0	 0	 0	 0	 0	 הִתעָרְבוּת
אופניימ	 0	 0	 0	 0	 0	 0	 0	 0	 0	 0	 בטי
צעת מחיר	 0	 0	 0	 0	 0	 0	 0	 0	 0	 0	 שִׁפּוּעַ
ציע	 0	 0	 0	 0	 0	 0	 1	 0	 0	 0	 מַשׁקֶה
צעת מחיר	 0	 0	 0	 0	 0	 0	 0	 0	 0	 0	 bevy
דו שנתי	 0	 1	 0	 1	 0	 1	 0	 0	 0	 0	 לְהִזָהֵר
אר	 0	 0	 0	 1	 0	 1	 0	 0	 1	 0	 נָבוֹך
תפצלות	 0	 0	 0	 1	 0	 0	 0	 0	 1	 0	 מְבוּכָה
גדול	 1	 0	 0	 0	 0	 1	 0	 0	 0	 0	 הֲטָיָה
קנאי	 0	 0	 0	 0	 0	 1	 0	 0	 0	 0	 מְשׁוּחָד
צר  אופקימ	 0	 0	 0	 0	 0	 0	 0	 0	 0	 0	 ביב
אופניימ	 0	 0	 0	 0	 0	 0	 1	 0	 0	 0	 מִקרָאִי
דו צדדי	 0	 0	 0	 0	 0	 0	 0	 0	 0	 0	 בִּיבּלִיוֹגְרָפִיָה
דושכבתי	 1	 0	 1	 0	 0	 1	 0	 0	 0	 0	 ריב
רה	 0	 0	 0	 0	 0	 0	 0	 0	 0	 0	 דו-צבעוני
ילג	 0	 0	 0	 0	 0	 0	 0	 0	 0	 0	 אופניים
דו לשוני	 0	 0	 0	 0	 0	 0	 0	 0	 0	 0	 הצעת מחיר
טר כספ	 0	 0	 0	 0	 0	 0	 0	 0	 0	 0	 מציע
ילט	 0	 0	 0	 0	 0	 0	 0	 0	 0	 0	 הצעת מחיר
יליארד	 0	 1	 0	 0	 0	 0	 0	 0	 0	 0	 דוּ שְׁנָתִי
יליארד	 0	 0	 0	 1	 0	 1	 0	 1	 0	 0	 באר
ילי	 0	 0	 0	 0	 0	 0	 0	 0	 0	 0	 הִתפַּצְלוּת
דו חודשי	 0	 0	 0	 0	 0	 0	 0	 0	 0	 0	 גָדוֹל
פח	 1	 0	 1	 1	 0	 1	 0	 0	 0	 0	 קנאי
ינארי	 1	 0	 1	 1	 0	 1	 0	 1	 0	 0	 צר - אופקים
קשור	 0	 0	 0	 0	 0	 0	 0	 0	 0	 0	 אופניים
קלסר	 0	 0	 0	 0	 0	 0	 0	 0	 0	 0	 דוּ צְדָדִי
ריכה	 0	 0	 0	 0	 0	 0	 0	 0	 0	 0	 דו-שכבתי
ינג	 1	 0	 1	 0	 0	 1	 0	 0	 0	 0	 מָרָה
קפת	 0	 0	 0	 0	 0	 0	 0	 0	 0	 0	 בילג
קפת	 0	 0	 0	 0	 0	 0	 1	 0	 0	 0	 דוּ לְשׁוֹנִי
ינומי	 0	 0	 0	 0	 0	 0	 0	 0	 0	 0	 שטר כסף
יוגנזה	 0	 0	 0	 0	 0	 0	 0	 0	 0	 0	 בילט
יוגרפ	 0	 0	 0	 0	 0	 0	 0	 0	 0	 0	 בִּילְיַארד
יוגרפיה	 0	 0	 0	 0	 0	 0	 0	 0	 0	 0	 מיליארד
יולוגיה	 0	 0	 0	 0	 0	 0	 0	 0	 0	 0	 בילי
יופסיה	 0	 0	 0	 0	 0	 0	 0	 0	 0	 0	 דו חודשי
יוספירה	 0	 0	 0	 0	 0	 0	 0	 0	 0	 0	 פַּח
דוצדדי	 0	 0	 0	 0	 0	 0	 0	 0	 0	 0	 בינארי
נה	 0	 0	 0	 0	 0	 0	 0	 0	 0	 0	 לִקְשׁוֹר
ציפור	 0	 0	 0	 0	 0	 0	 0	 0	 0	 0	 קלסר
דת	 0	 0	 0	 0	 0	 0	 0	 0	 0	 0	 כריכה
יומ הולדת	 0	 0	 0	 0	 0	 0	 0	 0	 0	 0	 בינג
קומ לידה	 0	 0	 0	 0	 0	 0	 0	 0	 0	 0	 מִשׁקֶפֶת
רה	 0	 0	 0	 0	 0	 0	 0	 0	 0	 0	 מִשׁקֶפֶת
יס	 0	 0	 0	 0	 0	 0	 0	 0	 0	 0	 בינומי
ישופ	 0	 0	 0	 0	 0	 0	 0	 0	 0	 0	 ביוגנזה
יזונ	 0	 0	 0	 0	 0	 0	 0	 0	 0	 0	 ביוגרף
קצת	 0	 0	 0	 0	 0	 0	 0	 0	 0	 0	 ביוגרפיה
בה	 0	 0	 0	 0	 0	 0	 0	 0	 0	 0	 ביולוגיה
נשיכה	 0	 0	 0	 1	 0	 1	 0	 0	 0	 0	 בִּיוֹפְּסִיָה
רירות	 0	 0	 0	 0	 0	 0	 0	 0	 0	 0	 ביוספירה
רירות	 0	 0	 0	 0	 0	 0	 0	 0	 0	 0	 דו-צדדי
יטומנ	 1	 0	 1	 1	 0	 1	 0	 0	 0	 0	 לִבנֶה
דו  שבועי	 0	 0	 0	 0	 0	 0	 0	 0	 0	 0	 ציפור
זר	 0	 1	 0	 1	 1	 0	 1	 0	 0	 1	 הוּלֶדֶת
אוכמניות	 0	 1	 0	 0	 1	 0	 1	 0	 1	 0	 יום הולדת
וח	 1	 0	 0	 0	 0	 1	 0	 0	 0	 0	 מְקוֹם לֵידָה
אק גק	 0	 0	 0	 0	 0	 0	 0	 0	 0	 0	 בְּכוֹרָה
סחוט	 0	 0	 0	 0	 0	 0	 0	 0	 0	 0	 ביס
חור	 0	 0	 0	 0	 0	 0	 0	 0	 0	 0	 בִּישׁוֹף
נפח	 0	 0	 0	 0	 0	 0	 0	 0	 0	 0	 בִּיזוֹן
פוחית השתנ	 0	 0	 0	 0	 0	 0	 0	 0	 0	 0	 קצת
הב	 1	 0	 1	 1	 0	 1	 0	 1	 0	 0	 כַּלבָּה
אשמה	 0	 0	 0	 0	 0	 1	 0	 0	 0	 0	 נְשִׁיכָה
חפ מפשע	 1	 0	 1	 0	 0	 1	 0	 1	 0	 0	 במרירות
תפל	 1	 0	 1	 0	 0	 1	 0	 1	 0	 0	 מְרִירוּת
ריק	 0	 0	 0	 0	 0	 0	 0	 0	 0	 0	 בִּיטוּמֵן
יכה	 0	 0	 0	 0	 0	 0	 0	 0	 0	 0	 דו - שבועי
חילול השמ	 0	 0	 0	 0	 0	 1	 0	 0	 1	 0	 מוּזָר
חלול השמ	 0	 0	 0	 0	 0	 0	 0	 0	 0	 0	 אוכמניות
פיצוצ	 0	 0	 0	 0	 0	 0	 0	 0	 0	 0	 לוח
גס	 0	 0	 0	 0	 0	 1	 0	 0	 0	 0	 בלאק ג'ק
פטפט	 1	 0	 0	 1	 0	 1	 0	 0	 0	 0	 לִסְחוֹט
בה	 0	 0	 0	 1	 0	 1	 0	 1	 0	 0	 שְׁחוֹר
ער	 0	 0	 0	 0	 0	 0	 0	 0	 0	 0	 נַפָּח
ינ	 0	 0	 0	 0	 0	 0	 0	 0	 0	 0	 שַׁלפּוּחִית הַשֶׁתֶן
עגומ	 0	 0	 0	 0	 0	 0	 0	 0	 0	 0	 להב
דממ	 1	 0	 1	 0	 0	 1	 0	 0	 0	 0	 אשמה
פגמ	 0	 0	 0	 0	 0	 0	 1	 0	 0	 0	 חַף מִפֶּשַׁע
תערובת	 0	 0	 0	 0	 0	 1	 0	 0	 0	 0	 תפל
תמזגות	 0	 0	 0	 0	 0	 0	 0	 0	 0	 0	 רֵיק
רכ	 0	 0	 0	 0	 0	 0	 0	 0	 0	 1	 שְׂמִיכָה
רוכ	 1	 0	 1	 0	 0	 1	 0	 0	 0	 0	 חילול השם
רכה	 1	 0	 0	 0	 0	 1	 0	 0	 0	 0	 חִלוּל הַשֵׁם
רכות	 1	 0	 0	 1	 0	 1	 0	 0	 1	 0	 פיצוץ
ונ	 1	 0	 1	 0	 0	 1	 0	 0	 0	 0	 גַס
חת	 0	 0	 0	 0	 0	 1	 0	 0	 0	 0	 לְפַטְפֵט
סונוור	 1	 0	 0	 0	 0	 1	 0	 0	 0	 0	 לֶהָבָה
יסוי עיניימ	 0	 0	 0	 0	 0	 0	 0	 0	 0	 0	 בוער
סת עיניימ	 0	 0	 0	 0	 0	 0	 0	 0	 0	 0	 לְהַלבִּין
אופנ עיוור	 0	 0	 0	 0	 0	 1	 0	 1	 0	 0	 עָגוּם
עיוורונ	 0	 0	 1	 1	 0	 1	 0	 1	 0	 0	 מְדַמֵם
צמצ	 1	 0	 1	 1	 0	 1	 0	 1	 0	 0	 פְּגָם
אושר	 0	 0	 0	 0	 0	 0	 0	 0	 0	 0	 תַעֲרוֹבֶת
אושר	 0	 0	 0	 0	 0	 0	 0	 0	 0	 0	 הִתמַזְגוּת
פוחית	 0	 1	 0	 0	 1	 0	 1	 0	 0	 1	 לברך
יצ	 0	 0	 0	 0	 1	 0	 1	 0	 0	 0	 בָּרוּך
סופת שלג	 0	 1	 0	 0	 1	 0	 1	 0	 0	 1	 ברכה
נפוח	 0	 1	 0	 0	 1	 0	 1	 0	 1	 1	 ברכות
תמ	 0	 0	 1	 1	 0	 1	 0	 1	 0	 0	 כִּמשׁוֹן
חסומ	 0	 0	 1	 0	 0	 1	 0	 1	 0	 0	 מושחת
סגר	 0	 0	 0	 0	 0	 1	 0	 0	 0	 0	 מסונוור
נדיני	 0	 1	 0	 1	 0	 0	 0	 0	 1	 0	 כיסוי עיניים
דמ	 0	 0	 0	 0	 0	 0	 0	 0	 0	 0	 מכוסת עיניים
 דמ	 0	 0	 0	 0	 0	 1	 0	 1	 0	 0	 באופן עיוור
א דמ	 0	 0	 0	 0	 0	 1	 0	 1	 0	 0	 עיוורון
פיכות דמימ	 0	 0	 0	 0	 0	 0	 0	 0	 0	 0	 לְמַצְמֵץ
צמא דמ	 0	 0	 0	 0	 1	 0	 1	 0	 0	 0	 אושר
ארור	 0	 0	 0	 0	 1	 0	 1	 0	 0	 0	 מְאוּשָׁר
פרוח	 0	 0	 1	 0	 0	 1	 0	 0	 0	 0	 שַׁלפּוּחִית
פרוח	 0	 0	 0	 0	 0	 0	 0	 0	 1	 0	 בליץ
תמ	 0	 0	 0	 0	 0	 0	 0	 0	 0	 0	 סוּפַת שֶׁלֶג
חולצה	 0	 0	 1	 0	 0	 1	 0	 0	 0	 0	 נפוח
פוח	 0	 0	 1	 1	 0	 1	 0	 0	 0	 0	 כֶּתֶם
שב	 0	 0	 0	 0	 0	 0	 0	 0	 0	 0	 לַחסוֹם
פוצצ	 1	 0	 0	 1	 0	 1	 0	 1	 0	 0	 הֶסגֵר
נשופ החוצה	 0	 0	 0	 0	 0	 0	 0	 0	 0	 0	 בלונדיני
חול	 0	 0	 0	 0	 0	 0	 0	 0	 0	 0	 דָם
וז	 0	 0	 0	 0	 0	 0	 0	 0	 0	 0	 כלב דם
ופ	 0	 0	 0	 0	 0	 0	 1	 0	 0	 0	 ללא דם
חלחל	 1	 0	 1	 1	 0	 1	 0	 1	 1	 0	 שפיכות דמים
פשל	 1	 0	 1	 1	 0	 1	 0	 0	 0	 0	 צמא דם
קהות	 1	 0	 1	 1	 0	 1	 0	 1	 0	 0	 אָרוּר
טשטש	 0	 1	 0	 0	 1	 0	 1	 0	 0	 1	 לִפְרוֹחַ
טושטש	 0	 0	 0	 0	 1	 0	 1	 0	 0	 0	 לִפְרוֹחַ
סמיק	 0	 0	 0	 0	 0	 1	 0	 0	 0	 0	 כֶּתֶם
סמקה	 0	 0	 0	 0	 0	 0	 0	 0	 0	 0	 חוּלצָה
חנק	 0	 0	 0	 0	 0	 1	 0	 0	 0	 0	 מַפּוּחַ
חזיר בר	 0	 0	 0	 0	 0	 0	 0	 0	 0	 0	 מַשָׁב
גלשנ	 0	 0	 0	 0	 0	 0	 0	 0	 0	 0	 מפוצץ
תאכסנ	 0	 0	 0	 0	 0	 1	 0	 0	 0	 0	 לנשוף החוצה
עלייה למטוס	 0	 0	 0	 0	 0	 0	 0	 1	 0	 0	 כָּחוֹל
חות	 0	 0	 0	 1	 0	 1	 0	 1	 0	 0	 בלוז
תפאר	 0	 0	 0	 0	 0	 1	 0	 0	 0	 0	 בְּלוֹף
תפארות	 0	 0	 0	 0	 0	 0	 0	 0	 0	 0	 כְּחַלחַל
סירה	 0	 0	 1	 0	 0	 1	 0	 1	 0	 0	 לְפַשֵׁל
סיראות	 0	 0	 0	 0	 0	 0	 0	 0	 0	 0	 לְהַקְהוֹת
סליל	 0	 0	 0	 0	 0	 1	 0	 0	 0	 0	 לְטַשׁטֵשׁ
נבא	 0	 0	 0	 0	 0	 1	 0	 0	 0	 0	 מטושטש
חוכ	 0	 0	 0	 0	 0	 1	 0	 0	 0	 0	 לְהַסמִיק
גופני	 0	 0	 0	 0	 0	 0	 0	 0	 0	 0	 הַסמָקָה
גופ	 0	 0	 0	 0	 0	 0	 0	 0	 0	 0	 חַנָק
ר ראש	 0	 0	 0	 0	 0	 0	 0	 0	 0	 0	 חזיר בר
קוע	 0	 1	 0	 0	 0	 0	 0	 0	 0	 0	 גלשן
זויפ	 0	 0	 0	 0	 0	 0	 0	 0	 0	 0	 מִתאַכסֵן
רתיחה	 0	 0	 0	 0	 0	 0	 0	 0	 0	 0	 עֲלִייָה לַמָטוֹס
דוד	 0	 0	 0	 0	 0	 0	 0	 0	 0	 0	 לוחות
חית דודימ	 0	 0	 0	 0	 0	 1	 1	 0	 0	 0	 לְהִתְפַּאֵר
רתיחה	 0	 0	 0	 0	 0	 1	 0	 0	 0	 0	 הִתפָּאֲרוּת
בב	 0	 0	 0	 0	 0	 0	 0	 0	 0	 0	 סִירָה
נועז	 0	 0	 0	 0	 0	 0	 0	 0	 0	 0	 סִירָאוּת
נועזות	 0	 0	 0	 0	 0	 0	 0	 0	 0	 0	 סְלִיל
חזק	 0	 0	 0	 0	 0	 0	 0	 0	 0	 0	 לְנָבֵּא
ריח	 0	 0	 0	 0	 0	 0	 0	 0	 0	 0	 מָחוֹך
וס	 0	 0	 0	 0	 0	 0	 0	 0	 0	 0	 גופני
פצצה	 0	 0	 0	 0	 0	 0	 0	 0	 0	 0	 גוּף
פציצ	 0	 0	 0	 0	 0	 0	 1	 0	 0	 1	 שׁוֹמֵר רֹאשׁ
פצצה	 0	 0	 0	 0	 0	 1	 0	 0	 0	 0	 לִשְׁקוֹעַ
פצצ	 1	 0	 1	 0	 0	 1	 0	 0	 0	 0	 מְזוּיָף
פציצ	 0	 0	 1	 0	 0	 1	 0	 0	 0	 0	 רְתִיחָה
רבצ עשיר	 0	 0	 0	 0	 0	 0	 0	 0	 0	 0	 דוּד
אגרת חוב	 0	 0	 0	 0	 0	 1	 0	 0	 0	 0	 לוחית דודים
עבוד	 0	 0	 0	 0	 0	 0	 0	 0	 0	 0	 רְתִיחָה
קשרימ	 1	 1	 0	 0	 1	 1	 1	 0	 0	 0	 שׁוֹבָב
עצמ	 0	 0	 0	 0	 0	 0	 1	 0	 0	 0	 נוֹעָז
עממ	 0	 0	 0	 0	 0	 0	 1	 0	 0	 0	 נוֹעָזוּת
עצמות	 0	 0	 0	 0	 0	 0	 1	 0	 0	 0	 לְחַזֵק
דורה	 0	 0	 0	 0	 0	 0	 0	 0	 0	 0	 בְּרִיחַ
ונ	 0	 0	 0	 0	 0	 0	 0	 0	 0	 0	 בולוס
צנפת	 1	 0	 0	 1	 0	 1	 0	 1	 1	 0	 פְּצָצָה
ענק	 1	 0	 0	 1	 0	 1	 0	 0	 0	 0	 לְהַפְצִיץ
גרמי	 1	 0	 0	 1	 0	 1	 0	 0	 0	 0	 הַפצָצָה
וז	 0	 0	 1	 0	 0	 1	 0	 0	 0	 0	 מופצץ
טמבל	 0	 0	 0	 1	 0	 0	 0	 1	 0	 0	 מַפצִיץ
בי	 0	 0	 0	 0	 1	 0	 1	 0	 0	 0	 מִרבָּץ עָשִׁיר
ספר	 0	 0	 0	 0	 0	 0	 0	 0	 0	 0	 אגרת חוב
ננית	 0	 0	 0	 1	 0	 1	 0	 1	 0	 0	 שִׁעבּוּד
זמנה	 0	 0	 0	 0	 0	 1	 0	 0	 0	 0	 קשרים
דני	 0	 0	 0	 0	 0	 0	 0	 0	 0	 0	 עֶצֶם
נהל חשבונות	 0	 0	 0	 0	 0	 0	 0	 0	 0	 0	 משעמם
נהלת חשבונות	 0	 0	 0	 0	 0	 0	 0	 0	 0	 0	 עצמות
חוברת	 0	 0	 0	 0	 0	 0	 0	 0	 0	 0	 מְדוּרָה
ספרימ	 0	 0	 0	 0	 0	 0	 1	 0	 0	 0	 בון
ר ספרימ	 0	 0	 0	 0	 0	 0	 0	 0	 0	 0	 מִצנֶפֶת
חנות ספרימ	 0	 1	 0	 0	 1	 0	 1	 0	 1	 0	 מַעֲנָק
חנות ספרימ	 0	 0	 0	 0	 0	 0	 0	 0	 0	 0	 גַרמִי
קק	 0	 0	 0	 0	 0	 1	 0	 0	 0	 0	 בוז
רנג	 0	 0	 0	 0	 0	 0	 0	 0	 0	 0	 טֶמבֶּל
פורחת	 0	 0	 0	 0	 0	 1	 0	 0	 0	 0	 בובי
רכה	 0	 0	 0	 0	 0	 0	 0	 0	 0	 0	 סֵפֶר
גביר	 0	 0	 0	 0	 0	 0	 0	 0	 0	 0	 כּוֹנָנִית
גבר	 0	 0	 0	 0	 0	 0	 0	 0	 0	 0	 הזמנה
גפ	 0	 0	 0	 0	 0	 0	 1	 0	 0	 0	 לַמדָנִי
תא	 0	 0	 0	 0	 0	 0	 0	 0	 0	 0	 מְנַהֵל חֶשׁבּוֹנוֹת
גפיימ	 0	 0	 0	 0	 0	 0	 0	 0	 0	 0	 הַנהָלַת חֶשְׁבּוֹנוֹת
לל	 0	 0	 0	 0	 0	 0	 0	 0	 0	 0	 חוֹבֶרֶת
קה חריפ	 0	 0	 0	 0	 0	 0	 0	 0	 0	 0	 ספרים
גבול	 0	 0	 0	 0	 0	 0	 0	 0	 0	 0	 מוכר ספרים
גובל	 0	 0	 0	 0	 0	 0	 1	 0	 0	 0	 חֲנוּת סְפָרִים
עממ	 0	 0	 0	 0	 0	 0	 0	 0	 0	 0	 חֲנוּת סְפָרִים
ריאל	 0	 0	 0	 0	 0	 1	 1	 0	 0	 0	 מַקָק
עמומ	 0	 1	 0	 0	 0	 0	 0	 0	 0	 1	 בּוּמֵרַנְג
קדח	 0	 0	 0	 0	 0	 0	 0	 0	 0	 0	 פורחת
עממ	 0	 0	 0	 0	 0	 0	 1	 0	 0	 0	 בְּרָכָה
קריה	 0	 0	 0	 0	 0	 0	 0	 0	 0	 0	 לְהַגבִּיר
ות	 0	 0	 0	 0	 0	 0	 0	 0	 0	 0	 מַגבֵּר
וה	 0	 0	 0	 0	 0	 0	 0	 0	 0	 0	 מַגָף
חיק	 0	 0	 0	 0	 0	 0	 0	 0	 0	 0	 תָא
וס	 0	 0	 0	 0	 0	 0	 0	 0	 0	 0	 מגפיים
סטונ	 0	 0	 0	 0	 0	 0	 0	 0	 0	 0	 שָׁלָל
טני	 0	 0	 0	 0	 0	 1	 0	 0	 0	 0	 מַשׁקֶה חָרִיף
טנאי	 0	 0	 0	 0	 0	 0	 0	 0	 0	 0	 גבול
טניקה	 0	 0	 0	 0	 0	 0	 0	 0	 0	 0	 גובל
טריד	 0	 0	 0	 0	 0	 1	 0	 0	 0	 0	 לְשַׁעֲמֵם
טריד	 0	 0	 0	 0	 0	 0	 0	 0	 0	 0	 בוריאל
קבוק	 0	 0	 0	 0	 0	 1	 0	 1	 0	 0	 שעמום
תחתית	 0	 0	 0	 0	 0	 0	 0	 0	 0	 0	 מַקדֵחַ
א תחתית	 0	 0	 0	 0	 0	 1	 0	 0	 0	 0	 מְשַׁעֲמֵם
סלע	 0	 0	 0	 0	 0	 0	 0	 0	 0	 0	 קִריָה
קפיצ	 0	 0	 0	 0	 0	 0	 0	 0	 0	 0	 לִלווֹת
רוכ	 0	 0	 0	 0	 0	 1	 0	 0	 0	 0	 לוֹוֶה
גבול	 0	 0	 0	 0	 0	 0	 0	 0	 0	 0	 חֵיק
א גבול	 0	 0	 0	 0	 0	 0	 0	 0	 0	 0	 בּוֹס
גבולות	 0	 0	 0	 0	 0	 0	 0	 0	 0	 0	 בוסטון
פע	 0	 0	 0	 0	 0	 0	 0	 0	 0	 0	 בּוֹטָנִי
נדיבות	 0	 0	 0	 0	 0	 0	 0	 0	 0	 0	 בּוֹטָנַאִי
זר	 0	 0	 0	 0	 0	 0	 0	 0	 0	 0	 בּוֹטָנִיקָה
רגני	 0	 0	 0	 0	 0	 1	 0	 0	 0	 0	 לְהטרִיד
רגנות	 1	 0	 0	 0	 0	 1	 0	 1	 0	 0	 מטריד
רסה	 0	 0	 0	 0	 0	 0	 0	 0	 0	 0	 בקבוק
תקפ	 0	 0	 0	 0	 0	 1	 0	 1	 0	 0	 תַחתִית
דמוי שור	 0	 0	 0	 1	 0	 0	 0	 0	 0	 0	 לְלֹא תַחתִית
חוח	 0	 0	 0	 0	 0	 0	 0	 0	 0	 0	 סלע
עיימ	 0	 0	 0	 0	 0	 0	 0	 0	 0	 0	 להקפיץ
קערה	 0	 0	 0	 0	 0	 1	 0	 0	 0	 0	 כָּרוּך
דורת	 0	 0	 0	 0	 0	 0	 0	 0	 0	 0	 גְבוּל
קופסא	 0	 0	 0	 0	 0	 0	 0	 0	 0	 0	 לְלֹא גְבוּל
תאגרפ	 0	 0	 0	 0	 0	 0	 0	 0	 0	 0	 גבולות
אגרופ	 0	 1	 0	 0	 1	 0	 1	 0	 0	 0	 שׁוֹפֵעַ
חרמ	 0	 1	 0	 0	 1	 0	 1	 0	 0	 1	 נְדִיבוּת
נעורימ	 0	 0	 0	 0	 1	 0	 1	 0	 0	 1	 זר
נערי	 0	 0	 0	 0	 0	 0	 0	 0	 0	 0	 בּוּרגָנִי
דק	 0	 0	 0	 0	 0	 0	 0	 0	 0	 0	 בּוּרגָנוּת
צמיד	 0	 0	 0	 0	 0	 0	 0	 0	 0	 0	 בורסה
פלטה	 1	 0	 0	 0	 0	 1	 0	 0	 0	 0	 הֶתקֵף
זרוע	 0	 0	 1	 0	 0	 1	 0	 0	 0	 0	 דְמוּי שׁוֹר
סוגר	 0	 0	 0	 0	 0	 0	 0	 0	 0	 0	 שָׁחוּחַ
סוגרימ	 0	 0	 1	 0	 0	 0	 0	 0	 0	 0	 מעיים
יחימ	 0	 0	 0	 0	 0	 0	 0	 0	 0	 0	 קְעָרָה
ראד	 0	 0	 0	 0	 0	 0	 0	 0	 0	 0	 כַּדוֹרֶת
תרברב	 0	 0	 0	 0	 0	 0	 0	 0	 0	 0	 קופסא
קלוע	 0	 0	 0	 0	 0	 0	 0	 0	 0	 0	 מִתאַגרֵף
וח	 1	 0	 0	 0	 0	 0	 0	 0	 0	 0	 אִגרוּף
וח	 0	 0	 0	 0	 0	 1	 0	 0	 0	 0	 חֵרֶם
רעיונ מבריק	 0	 0	 0	 0	 0	 0	 0	 0	 0	 0	 נְעוּרִים
למ	 0	 0	 0	 0	 0	 0	 0	 0	 0	 0	 נַעֲרִי
סובינ	 0	 0	 0	 0	 0	 0	 0	 0	 0	 0	 לְהַדֵק
ענפ	 0	 0	 0	 0	 0	 0	 0	 0	 0	 0	 צמיד
סעפ	 0	 0	 0	 0	 0	 0	 0	 0	 0	 0	 פלטה
רנדי	 0	 0	 0	 0	 0	 0	 0	 0	 0	 0	 זרוע
פליז	 0	 0	 0	 0	 0	 0	 0	 0	 0	 0	 סוֹגֵר
פרחח	 0	 0	 0	 0	 0	 0	 0	 0	 0	 0	 סוֹגְרַיִם
עזה	 0	 0	 0	 0	 0	 0	 0	 0	 0	 0	 מליחים
אומצ	 0	 0	 0	 0	 0	 0	 0	 0	 0	 0	 בראד
קטטה	 0	 0	 0	 0	 0	 1	 0	 0	 0	 0	 לְהִתְרַבְרֵב
חצופה	 0	 0	 0	 0	 0	 0	 0	 0	 0	 0	 לִקְלוֹעַ
פרה	 0	 0	 0	 0	 0	 0	 0	 0	 0	 0	 מוֹחַ
חמ	 0	 0	 0	 0	 0	 0	 1	 0	 0	 0	 מוֹחַ
רוחב	 0	 0	 0	 0	 0	 0	 0	 0	 0	 0	 רַעְיוֹן מַבְרִיק
ור	 0	 0	 0	 0	 0	 0	 0	 0	 0	 0	 בֶּלֶם
יר	 0	 0	 1	 0	 0	 0	 0	 0	 0	 0	 סוּבִּין
תקלקל	 0	 0	 0	 0	 0	 0	 0	 0	 0	 0	 ענף
נחשול	 0	 0	 0	 0	 0	 0	 0	 0	 0	 0	 מִסעָף
רימ	 0	 0	 0	 0	 0	 1	 0	 0	 0	 0	 ברנדי
ארוחת בוקר	 0	 0	 0	 0	 0	 0	 0	 0	 0	 0	 פליז
ירות מסוכנת	 0	 0	 0	 0	 0	 0	 0	 0	 0	 0	 פִּרחָח
פרד	 0	 0	 0	 0	 0	 1	 0	 0	 0	 0	 הֶעָזָה
נשימה	 0	 0	 0	 0	 0	 0	 1	 0	 0	 0	 אומץ
עכוז	 1	 0	 1	 1	 0	 1	 0	 0	 0	 0	 קְטָטָה
נסיימ	 1	 0	 0	 0	 0	 1	 0	 0	 0	 0	 חצופה
גזע	 0	 0	 0	 0	 0	 1	 0	 0	 0	 0	 הֲפָרָה
גדל	 0	 0	 0	 0	 0	 0	 0	 0	 0	 0	 לחם
רבייה	 0	 0	 0	 0	 0	 0	 0	 0	 0	 0	 רוֹחַב
רוח	 0	 0	 0	 0	 0	 0	 0	 0	 1	 0	 לשבור
קליל	 0	 0	 0	 0	 0	 0	 0	 0	 0	 0	 שָׁבִיר
אחימ לדת	 0	 0	 0	 0	 0	 1	 0	 0	 0	 0	 התקלקל
קוצר	 0	 0	 0	 0	 0	 0	 0	 0	 0	 0	 נַחשׁוֹל
תבשל	 0	 0	 0	 0	 0	 0	 0	 0	 0	 0	 שוברים
תבשל	 0	 0	 0	 0	 0	 0	 1	 0	 0	 0	 ארוחת בוקר
חד	 0	 0	 0	 0	 0	 1	 0	 0	 0	 0	 מְהִירוּת מְסוּכֶּנֶת
חד	 0	 0	 0	 0	 0	 1	 0	 1	 0	 0	 להפרד
נה	 0	 0	 0	 0	 0	 0	 0	 0	 0	 0	 נְשִׁימָה
 כלולות	 0	 0	 0	 0	 0	 0	 0	 0	 0	 0	 עַכּוּז
לה	 0	 0	 0	 0	 0	 0	 0	 0	 0	 0	 מִכְנָסַיִים
חתנ	 0	 0	 0	 0	 0	 0	 0	 0	 0	 0	 גֶזַע
ינת הכלה	 0	 0	 0	 0	 0	 0	 0	 0	 0	 0	 מְגַדֵל
גשר	 0	 0	 0	 0	 0	 0	 0	 0	 0	 0	 רבייה
רסנ	 0	 0	 0	 0	 0	 0	 0	 0	 0	 0	 רוּחַ
קצרה	 0	 0	 0	 0	 0	 0	 0	 0	 0	 0	 קליל
ריג	 0	 0	 0	 0	 0	 0	 0	 0	 0	 0	 אַחִים לְדָת
חטיבה	 0	 0	 0	 0	 0	 0	 0	 0	 0	 0	 breve
איר	 0	 0	 0	 0	 0	 0	 0	 0	 0	 0	 קוֹצֶר
ירות	 0	 0	 0	 0	 0	 0	 0	 0	 0	 0	 לְהִתְבַּשֵׁל
ריק	 0	 0	 0	 0	 0	 0	 0	 0	 0	 0	 מתבשל
ימ	 0	 0	 0	 0	 0	 1	 0	 0	 0	 0	 שוחד
פע	 0	 0	 1	 0	 0	 1	 0	 0	 0	 0	 שׁוֹחַד
גופרית	 0	 0	 0	 0	 0	 0	 0	 0	 0	 0	 לְבֵנָה
י מלח	 0	 1	 0	 0	 1	 0	 1	 0	 0	 1	 שֶׁל כְּלוּלוֹת
יא	 0	 1	 0	 0	 1	 0	 1	 0	 0	 1	 כַּלָה
ספ	 0	 1	 0	 0	 1	 0	 1	 0	 0	 1	 חָתָן
רעננ	 0	 0	 0	 0	 1	 0	 1	 0	 0	 1	 שׁוֹשְׁבִינַת הַכַּלָה
זיפ	 0	 0	 0	 0	 0	 0	 0	 0	 0	 0	 לְגַשֵׁר
יר	 0	 0	 0	 0	 0	 0	 0	 0	 0	 0	 רֶסֶן
דר	 0	 0	 0	 0	 0	 0	 0	 0	 0	 0	 בקצרה
תקפה מרוכזת	 0	 0	 0	 0	 0	 0	 0	 0	 0	 0	 בריג
רוקד	 0	 0	 0	 1	 0	 1	 0	 0	 0	 0	 חֲטִיבָה
חוברת	 0	 0	 0	 0	 1	 0	 1	 0	 1	 1	 לְהַאִיר
צלות	 0	 0	 0	 0	 0	 0	 1	 0	 0	 0	 בְּהִירוּת
חסר פרוטה	 0	 1	 0	 0	 1	 0	 1	 0	 0	 1	 מַברִיק
ור	 0	 0	 0	 0	 0	 0	 0	 0	 0	 0	 שׁוּלַיִם
סרסור	 0	 0	 0	 0	 0	 0	 0	 0	 0	 0	 שופע
עמילות	 1	 0	 0	 1	 0	 1	 0	 0	 0	 0	 גופרית
רונקו	 0	 0	 0	 0	 0	 0	 0	 0	 0	 0	 מי מלח
רונזה	 0	 0	 0	 0	 0	 0	 0	 0	 0	 0	 לְהָבִיא
רבוצ	 0	 0	 0	 0	 0	 0	 0	 0	 0	 0	 סַף
דגירה	 0	 0	 0	 0	 0	 0	 0	 0	 0	 0	 מְרַעֲנֵן
נחל	 0	 0	 0	 0	 0	 1	 0	 0	 0	 0	 זִיף
טאטא	 0	 0	 0	 0	 0	 0	 0	 0	 0	 0	 שָׁבִיר
רק בשר	 0	 0	 0	 0	 0	 0	 0	 0	 0	 0	 מִשׁדָר
ית זונות	 0	 1	 0	 0	 0	 1	 0	 0	 0	 0	 הַתקָפָה מְרוּכֶּזֶת
אח	 0	 0	 0	 0	 0	 0	 1	 0	 0	 0	 ברוקד
אחווה	 0	 0	 0	 0	 0	 0	 0	 0	 0	 0	 חוֹבֶרֶת
אחימ	 1	 0	 0	 0	 0	 1	 0	 0	 0	 0	 לִצְלוֹת
צח	 0	 0	 0	 1	 0	 1	 0	 1	 0	 0	 חסר פרוטה
חומ	 1	 0	 0	 1	 0	 1	 0	 1	 0	 0	 שָׁבוּר
חבורה	 0	 0	 0	 0	 0	 0	 0	 0	 0	 0	 סַרְסוּר
חרחורת	 0	 0	 0	 0	 0	 0	 0	 0	 0	 0	 עֲמִילוּת
נטל	 0	 0	 0	 0	 0	 0	 0	 0	 0	 0	 ברונקו
רשת	 0	 0	 0	 0	 0	 0	 0	 0	 0	 0	 בְּרוֹנזָה
אכזרי	 0	 0	 0	 0	 0	 0	 0	 0	 0	 0	 לִרְבּוֹץ
תעללות	 0	 0	 0	 0	 0	 0	 0	 0	 0	 0	 דְגִירָה
פראי	 0	 0	 0	 0	 0	 0	 0	 0	 0	 0	 נַחַל
עה	 0	 0	 0	 0	 0	 0	 0	 0	 0	 0	 מְטַאטֵא
פכפוכ	 0	 0	 0	 0	 0	 0	 0	 0	 0	 0	 מרק בשר
דולר	 0	 0	 1	 0	 0	 1	 0	 0	 0	 0	 בֵּית זוֹנוֹת
דלי	 0	 0	 0	 0	 0	 0	 1	 0	 0	 1	 אָח
אבזמ	 0	 0	 0	 0	 0	 0	 1	 0	 0	 1	 אחווה
אבזמ	 0	 1	 0	 0	 1	 0	 1	 0	 0	 1	 אחים
נצ	 0	 0	 0	 0	 0	 0	 0	 0	 0	 0	 מֵצַח
חבר	 0	 0	 0	 0	 0	 0	 0	 0	 0	 0	 חום
זוז	 0	 1	 0	 0	 0	 1	 0	 0	 0	 0	 חבורה
תקציב	 0	 0	 0	 0	 0	 0	 0	 0	 0	 0	 שְׁחַרחוֹרֶת
תאו	 1	 0	 0	 0	 0	 1	 0	 0	 0	 0	 נֵטֶל
למ	 0	 0	 0	 0	 0	 0	 0	 0	 0	 0	 מִברֶשֶׁת
פה	 1	 0	 0	 1	 0	 1	 0	 0	 0	 0	 אַכְזָרִי
חרק	 1	 0	 0	 1	 0	 1	 0	 0	 0	 0	 הִתעַלְלוּת
רכבה	 1	 0	 0	 1	 0	 1	 0	 1	 0	 0	 פְּרָאִי
חצוצרה	 0	 0	 0	 0	 0	 0	 0	 0	 0	 0	 בּוּעָה
נות	 0	 0	 0	 0	 0	 0	 0	 0	 0	 0	 פִּכפּוּך
נה	 0	 0	 0	 1	 0	 1	 1	 0	 1	 0	 דוֹלָר
נינ	 0	 0	 0	 0	 0	 0	 0	 0	 0	 0	 דְלִי
נימ	 0	 0	 0	 0	 0	 0	 0	 0	 0	 0	 אַבזָם
נורה	 0	 0	 0	 0	 0	 0	 0	 0	 0	 0	 אבזם
וס	 0	 0	 0	 0	 0	 0	 0	 0	 0	 0	 לְהַנֵץ
יטה	 0	 1	 0	 0	 1	 0	 1	 0	 0	 1	 חבר
תפזורת	 0	 0	 0	 0	 0	 0	 0	 0	 0	 0	 לָזוּז
חיצה	 0	 0	 0	 0	 0	 0	 0	 0	 0	 1	 תַקצִיב
גס	 0	 0	 0	 0	 0	 0	 0	 0	 0	 0	 תְאוֹ
ור	 0	 0	 0	 0	 0	 0	 0	 0	 0	 0	 בַּלָם
דוג	 1	 0	 0	 0	 0	 1	 0	 0	 0	 0	 בופה
דחפור	 0	 0	 1	 1	 0	 1	 0	 0	 0	 0	 חרק
דור	 1	 0	 0	 1	 0	 1	 0	 1	 0	 0	 bugaboo
עלונ	 0	 0	 0	 0	 0	 0	 0	 0	 0	 0	 מֶרְכָּבָה
חסינ קליעימ	 0	 1	 0	 0	 0	 0	 0	 0	 0	 0	 חֲצוֹצְרָה
פר	 0	 0	 0	 0	 0	 0	 1	 0	 0	 0	 לִבנוֹת
ריונ	 0	 0	 0	 0	 0	 0	 0	 0	 0	 0	 בּוֹנֶה
עוז	 0	 0	 0	 0	 0	 0	 1	 0	 0	 0	 בִּניָן
טלנ	 0	 0	 0	 0	 0	 0	 0	 0	 0	 0	 מבנים
אסה	 0	 0	 0	 0	 0	 0	 0	 0	 0	 0	 נוּרָה
כה	 0	 0	 0	 0	 0	 1	 0	 0	 0	 0	 בולבוס
חמניה	 0	 0	 0	 0	 0	 0	 0	 0	 0	 0	 בְּלִיטָה
צרור	 0	 0	 0	 0	 0	 0	 0	 0	 0	 0	 תִפזוֹרֶת
חבילה	 0	 0	 0	 0	 0	 0	 0	 0	 0	 0	 מחיצה
נגלו	 0	 0	 0	 0	 0	 0	 0	 0	 0	 0	 גַס
דרגש	 0	 0	 0	 0	 0	 0	 0	 0	 0	 0	 שׁוֹר
נקר	 0	 0	 0	 0	 0	 0	 1	 0	 0	 0	 בּוּלדוֹג
חבוט קלות	 0	 0	 0	 0	 0	 0	 0	 0	 0	 0	 דַחפּוֹר
צופ	 0	 0	 0	 0	 0	 0	 0	 0	 0	 0	 כַּדוּר
ציפה	 0	 0	 0	 0	 0	 0	 0	 0	 0	 0	 עָלוֹן
בר	 0	 0	 0	 0	 0	 0	 1	 0	 0	 0	 חֲסִין קְלִיעִים
נטל	 0	 0	 0	 0	 0	 0	 0	 0	 0	 0	 פַּר
בד	 1	 0	 0	 1	 0	 1	 0	 0	 0	 0	 בִּריוֹן
כה	 0	 0	 0	 0	 0	 0	 0	 0	 0	 0	 מעוז
ירוקרטיה	 0	 0	 1	 0	 0	 1	 0	 1	 0	 0	 בַּטלָן
יורוקרט	 1	 0	 1	 0	 0	 1	 0	 0	 0	 0	 באסה
פורצ	 0	 0	 0	 0	 0	 0	 0	 0	 0	 0	 מַכָּה
פריצה	 0	 0	 0	 0	 0	 0	 0	 0	 0	 0	 לַחמָנִיָה
קבורה	 0	 0	 0	 0	 0	 0	 0	 0	 0	 0	 צְרוֹר
קבור	 0	 0	 0	 0	 0	 0	 0	 0	 0	 0	 חבילה
רק	 0	 0	 0	 0	 0	 0	 0	 0	 0	 0	 בּוּנגָלוֹ
אריג יוטה	 0	 0	 0	 0	 0	 0	 0	 0	 0	 0	 דַרגָשׁ
רלסקה	 0	 0	 0	 1	 0	 0	 0	 0	 0	 0	 בּוּנקֶר
גושמ	 0	 0	 0	 0	 0	 0	 0	 0	 0	 0	 לַחֲבוֹט קָלוֹת
רופ	 0	 0	 0	 0	 0	 0	 1	 0	 0	 0	 מָצוֹף
ער	 0	 0	 0	 0	 0	 0	 0	 0	 0	 0	 צִיפָה
ריפה	 0	 0	 0	 0	 0	 0	 0	 0	 0	 0	 בר
ריק	 0	 0	 0	 0	 0	 0	 0	 0	 0	 0	 נטל
חיקה	 0	 0	 0	 1	 0	 1	 0	 1	 0	 0	 כָּבֵד
רופ	 0	 0	 0	 0	 0	 0	 0	 0	 0	 0	 לשכה
קלפה קשה	 0	 0	 0	 0	 0	 1	 0	 0	 0	 1	 בִּירוֹקרַטִיָה
חילה	 0	 0	 1	 0	 0	 1	 0	 0	 0	 0	 ביורוקרט
ענק	 0	 0	 1	 1	 0	 1	 0	 0	 0	 0	 פּוֹרֵץ
קבור	 0	 0	 0	 0	 0	 1	 0	 0	 0	 0	 פְּרִיצָה
אוטובוס	 1	 0	 0	 1	 0	 1	 0	 1	 0	 0	 קְבוּרָה
יח	 0	 0	 0	 1	 0	 1	 0	 1	 0	 0	 קבור
של	 1	 0	 1	 1	 0	 1	 0	 1	 0	 0	 בורק
סה שיחימ	 0	 0	 0	 0	 0	 0	 0	 0	 0	 0	 אֲרִיג יוּטָה
עסק	 0	 0	 0	 0	 0	 0	 0	 0	 1	 0	 בּוּרלֶסקָה
נשיקה	 0	 0	 0	 0	 0	 0	 0	 0	 0	 0	 מְגוּשָׁם
חזה	 0	 0	 0	 0	 0	 0	 0	 0	 0	 0	 לשרוף
נשבר	 0	 0	 0	 0	 0	 0	 0	 0	 0	 0	 מַבעֵר
תרוצצ	 0	 0	 0	 0	 0	 0	 0	 0	 0	 0	 שריפה
מה	 0	 0	 0	 0	 0	 0	 0	 0	 0	 0	 מבריק
עסוק	 0	 0	 0	 0	 0	 0	 0	 0	 0	 0	 שְׁחִיקָה
גז בוטאנ	 0	 0	 1	 0	 0	 1	 0	 0	 0	 0	 שַׂרוּף
קצב	 0	 0	 0	 0	 0	 0	 0	 0	 0	 0	 קְלִפָּה קַשָׁה
רת	 0	 0	 0	 0	 0	 0	 0	 0	 0	 0	 מְחִילָה
קת	 0	 0	 0	 0	 0	 0	 0	 0	 0	 1	 מַעֲנָק
חמאה	 0	 0	 0	 0	 0	 0	 0	 1	 0	 0	 לִקְבּוֹר
פרפר	 0	 0	 0	 0	 0	 0	 0	 0	 0	 0	 אוֹטוֹבּוּס
חמאתי	 0	 0	 0	 0	 0	 0	 0	 0	 0	 0	 שיח
ישבנ	 0	 0	 0	 0	 0	 0	 0	 0	 0	 0	 בושל
חצנ	 0	 0	 0	 0	 0	 0	 0	 0	 0	 0	 מְכוּסֶה שִׂיחִים
חזק	 0	 0	 0	 0	 0	 0	 0	 0	 0	 0	 עֵסֶק
פרכ	 0	 0	 0	 0	 1	 0	 1	 0	 0	 0	 נְשִׁיקָה
קנות	 0	 0	 0	 0	 0	 0	 0	 0	 0	 0	 חָזֶה
קונה	 1	 0	 0	 1	 0	 1	 0	 0	 0	 0	 נשבר
קניה	 0	 0	 0	 0	 0	 0	 0	 0	 0	 0	 לְהִתְרוֹצֵץ
זמזומ	 0	 0	 0	 0	 0	 0	 0	 0	 0	 0	 הומה
זמזמ	 0	 0	 0	 0	 0	 0	 0	 0	 0	 0	 עסוק
זמזמ	 0	 0	 0	 0	 0	 0	 0	 0	 0	 0	 גָז בּוטָאן
יי	 1	 0	 1	 1	 0	 1	 0	 0	 0	 0	 קַצָב
עבר	 0	 0	 0	 0	 0	 0	 1	 0	 0	 1	 משרת
חוק עזר	 0	 0	 0	 0	 0	 1	 0	 0	 0	 0	 קַת
צופה מהצד	 0	 0	 0	 0	 0	 0	 0	 0	 0	 0	 חמאה
ייט	 0	 0	 0	 0	 0	 0	 0	 0	 0	 0	 פַּרְפַּר
נית	 0	 0	 0	 0	 0	 0	 1	 0	 0	 0	 חמאתי
קנוניה	 0	 0	 0	 0	 0	 0	 0	 0	 0	 0	 יַשׁבָן
רוב	 0	 0	 0	 0	 0	 0	 0	 0	 0	 0	 לַחְצָן
תא	 0	 0	 0	 0	 0	 0	 0	 0	 0	 0	 לְחַזֵק
קבינט	 0	 0	 0	 0	 0	 0	 1	 0	 0	 0	 מופרך
בל	 0	 0	 0	 0	 0	 0	 0	 0	 0	 0	 לִקְנוֹת
קבריולה	 0	 0	 0	 0	 0	 0	 0	 0	 0	 0	 קוֹנֶה
טמונ	 0	 0	 0	 0	 0	 0	 0	 0	 0	 0	 קְנִיָה
קקופוניה	 0	 1	 0	 1	 0	 0	 1	 0	 0	 0	 זִמזוּם
פגר	 0	 0	 0	 0	 0	 1	 0	 0	 0	 0	 זמזם
נושא כלימ	 0	 0	 0	 0	 0	 0	 0	 0	 0	 0	 זַמזָם
קצב	 0	 1	 0	 0	 0	 0	 0	 0	 0	 0	 ביי
צוער	 0	 0	 0	 0	 0	 0	 0	 0	 0	 0	 בעבר
ית קפה	 0	 0	 0	 0	 0	 0	 0	 0	 0	 1	 חוֹק עֵזֶר
וב	 0	 0	 0	 0	 0	 0	 0	 0	 0	 0	 צופה מהצד
גלעד	 0	 0	 0	 0	 0	 0	 0	 0	 0	 0	 בייט
עוגה	 0	 0	 0	 0	 0	 0	 1	 0	 0	 0	 מונית
אסונ	 0	 0	 0	 1	 0	 1	 0	 0	 0	 0	 קְנוּנִיָה
גירי	 0	 0	 0	 0	 0	 0	 0	 0	 0	 0	 כרוב
חשב	 0	 0	 0	 0	 0	 0	 0	 0	 0	 0	 תָא
חושב	 0	 0	 0	 0	 0	 0	 1	 0	 0	 1	 קבינט
חישוב	 0	 0	 0	 0	 0	 0	 0	 0	 1	 0	 כֶּבֶל
תחשיב	 0	 0	 0	 0	 0	 0	 0	 0	 0	 0	 קבריולה
חשבונ	 0	 0	 0	 0	 0	 0	 0	 0	 0	 0	 מטמון
חשבונ	 1	 0	 1	 0	 0	 1	 0	 0	 0	 0	 קָקוֹפוֹניָה
ח שנה	 1	 0	 1	 0	 0	 1	 0	 0	 0	 0	 cad
ח שנה	 0	 0	 1	 1	 0	 1	 0	 1	 1	 0	 פֶּגֶר
עגל	 0	 0	 0	 0	 0	 0	 0	 0	 0	 0	 נוֹשֵׂא כֵּלִים
קליבר	 0	 0	 0	 0	 0	 0	 0	 0	 0	 0	 קצב
דרג	 0	 0	 0	 0	 0	 0	 0	 0	 0	 0	 צוֹעֵר
חוגה	 0	 0	 0	 0	 0	 0	 1	 0	 0	 0	 בֵּית קָפֶה
יחה	 0	 0	 0	 0	 0	 1	 0	 1	 0	 0	 כְּלוּב
תיבה יפה	 0	 0	 0	 0	 0	 0	 0	 0	 0	 0	 גַלעֵד
יעוד	 0	 0	 0	 0	 0	 0	 0	 0	 0	 0	 עוגה
קשוח	 0	 0	 0	 0	 0	 0	 0	 1	 0	 0	 אָסוֹן
יחות	 0	 0	 0	 0	 0	 0	 0	 0	 0	 0	 גִירִי
רגיע	 0	 0	 0	 0	 0	 0	 0	 0	 0	 0	 לחשב
רוגע	 0	 0	 0	 0	 0	 0	 0	 0	 0	 0	 מְחוֹשָׁב
קלוריות	 0	 0	 0	 0	 0	 1	 0	 0	 0	 0	 חישוב
קלוריה	 0	 1	 0	 0	 0	 0	 0	 0	 0	 0	 תַחשִׁיב
קלורימטר	 0	 0	 0	 0	 0	 0	 1	 0	 0	 1	 מַחשְׁבוֹן
פקה	 0	 0	 0	 0	 0	 0	 0	 0	 0	 0	 חֶשְׁבּוֹן
קמור	 0	 0	 0	 0	 0	 0	 0	 0	 0	 0	 לוּחַ שָׁנָה
גמל	 0	 0	 0	 0	 0	 0	 0	 0	 0	 0	 לוח שנה
קמיע	 0	 0	 0	 0	 1	 0	 1	 0	 0	 1	 עגל
צלמ	 0	 0	 0	 0	 0	 0	 0	 0	 0	 0	 קָלִיבֶּר
חולצה	 0	 0	 0	 0	 0	 0	 0	 0	 0	 0	 לְדַרֵג
סוות	 0	 0	 0	 0	 0	 0	 0	 0	 0	 0	 calico
סווה	 0	 0	 0	 0	 0	 0	 0	 0	 0	 0	 מְחוּגָה
חנה	 0	 0	 0	 0	 0	 0	 0	 0	 0	 0	 שִׂיחָה
קמפיינ	 0	 0	 0	 0	 0	 0	 0	 0	 0	 0	 כְּתִיבָה יָפָה
קמפיינר	 0	 0	 0	 0	 0	 0	 0	 0	 0	 0	 יִעוּד
קמפיינ	 1	 0	 1	 0	 0	 1	 0	 0	 0	 0	 קָשׁוּחַ
קמפוס	 0	 1	 0	 0	 0	 1	 0	 0	 0	 1	 שיחות
תעלה	 0	 0	 0	 0	 0	 0	 1	 0	 0	 0	 לְהַרְגִיעַ
נרית	 0	 0	 0	 0	 0	 0	 0	 0	 0	 0	 רוֹגַע
טל	 0	 0	 0	 0	 0	 0	 0	 0	 0	 0	 קלוריות
יטול	 0	 0	 0	 0	 0	 0	 0	 0	 0	 0	 קָלוֹרִיָה
יטול	 0	 0	 0	 0	 0	 0	 0	 0	 0	 0	 קלורימטר
סרטנ	 0	 0	 0	 0	 0	 0	 0	 0	 0	 0	 פִּקָה
גלוי לב	 0	 0	 0	 0	 0	 0	 0	 0	 0	 0	 קִמוּר
עמדות	 0	 0	 0	 0	 0	 0	 0	 0	 0	 0	 גָמָל
עמד	 0	 0	 0	 0	 0	 0	 0	 0	 0	 0	 קָמִיעַ
סוכר	 0	 0	 0	 0	 0	 0	 0	 0	 0	 0	 צַלָם
נר	 0	 0	 0	 0	 0	 0	 0	 0	 0	 0	 חוּלצָה
אור נרות	 0	 0	 0	 0	 0	 0	 0	 0	 1	 0	 לְהַסווֹת
פמוט	 0	 0	 0	 0	 0	 0	 0	 0	 1	 0	 מוסווה
נות	 0	 0	 0	 0	 0	 0	 0	 0	 0	 0	 מַחֲנֶה
תק	 0	 0	 0	 0	 0	 0	 0	 0	 0	 0	 קמפיין
קל	 0	 0	 0	 0	 0	 0	 0	 0	 0	 0	 קמפיינר
בי	 1	 0	 0	 1	 0	 1	 0	 0	 0	 0	 קמפיין
קופסה	 0	 0	 0	 0	 0	 0	 0	 0	 0	 0	 קַמפּוּס
יב	 0	 0	 0	 0	 0	 0	 0	 0	 0	 0	 תְעָלָה
קניבל	 0	 0	 0	 0	 0	 0	 1	 0	 0	 0	 כַּנָרִית
קניבליות	 0	 0	 0	 0	 0	 1	 0	 1	 0	 0	 לְבַטֵל
ימורימ	 0	 0	 0	 0	 0	 0	 0	 0	 0	 0	 ביטול
תותח	 0	 0	 0	 0	 0	 0	 0	 0	 0	 0	 ביטול
קנו	 1	 0	 1	 1	 0	 1	 0	 1	 0	 0	 סרטן
קנונ	 0	 1	 0	 0	 1	 0	 1	 0	 1	 1	 גָלוּי לֵב
קנוני	 0	 0	 0	 0	 0	 0	 0	 0	 0	 0	 מוּעֲמָדוּת
קנונימ	 0	 0	 0	 0	 0	 0	 1	 0	 0	 0	 מוּעֲמָד
חופה	 0	 0	 0	 0	 0	 0	 1	 0	 0	 0	 מְסוּכָּר
זנונ	 0	 0	 0	 0	 0	 0	 0	 0	 0	 0	 נר
קנטרברי	 0	 0	 0	 0	 0	 0	 0	 0	 0	 0	 אור נרות
חה	 0	 0	 0	 0	 0	 0	 0	 0	 0	 0	 פָּמוֹט
קנטו	 0	 0	 0	 0	 0	 0	 0	 0	 0	 0	 כֵּנוּת
קנטונ	 0	 0	 0	 0	 0	 0	 0	 0	 0	 0	 ממתק
בד	 1	 0	 0	 1	 0	 0	 0	 0	 0	 0	 מקל
בד	 0	 0	 0	 0	 0	 0	 0	 0	 0	 0	 כַּלבִּי
בע	 0	 0	 0	 0	 0	 0	 0	 0	 0	 0	 קוּפסָה
יכולת	 1	 0	 1	 0	 0	 1	 0	 0	 0	 0	 כִּיב
על יכולת	 0	 0	 1	 1	 0	 1	 0	 0	 0	 0	 קָנִיבָּל
קיבולת	 0	 0	 1	 0	 0	 1	 0	 0	 0	 0	 קָנִיבָּלִיוּת
כפ	 0	 0	 0	 0	 0	 0	 0	 0	 0	 0	 שימורים
קפצ	 1	 0	 0	 1	 0	 1	 0	 0	 0	 0	 תוֹתָח
נימי	 0	 0	 0	 0	 0	 0	 0	 0	 0	 0	 קָנוֹ
עיר בירה	 0	 0	 0	 0	 0	 0	 0	 0	 0	 0	 קָנוֹן
קפיטליסט	 0	 0	 0	 0	 0	 0	 0	 0	 0	 0	 קנוני
תרות	 0	 0	 0	 0	 0	 0	 0	 0	 0	 1	 קנונים
קפיטציה	 0	 0	 0	 0	 0	 0	 0	 0	 0	 0	 חוּפָּה
קפיטול	 0	 0	 0	 0	 0	 0	 0	 0	 0	 0	 מזנון
ניעה	 0	 0	 0	 0	 0	 0	 0	 0	 0	 0	 קנטרברי
גחמה	 0	 0	 0	 0	 0	 0	 0	 0	 0	 0	 שְׁלוּחָה
גחמני	 0	 0	 0	 0	 0	 0	 0	 0	 0	 0	 קָנטוֹ
עימ	 0	 0	 0	 0	 0	 0	 0	 0	 0	 0	 קנטון
סה	 0	 0	 0	 0	 0	 0	 0	 0	 0	 0	 בַּד
סרנ	 0	 0	 0	 0	 0	 0	 0	 0	 0	 0	 בד
תרת	 0	 1	 0	 0	 0	 0	 0	 0	 0	 1	 כובע
צוד	 0	 0	 0	 0	 0	 0	 0	 0	 0	 0	 יכולת
 לב	 0	 0	 0	 0	 0	 0	 0	 0	 0	 0	 בעל יכולת
וי	 0	 0	 0	 0	 0	 0	 0	 0	 0	 0	 קיבולת
גלות	 0	 0	 0	 0	 0	 0	 0	 0	 0	 0	 כַּף
אי	 0	 0	 0	 0	 0	 0	 0	 0	 0	 0	 לְקַפֵּץ
וד	 0	 0	 0	 0	 0	 0	 0	 0	 0	 0	 נִימִי
אוטו	 0	 0	 0	 0	 0	 0	 0	 0	 0	 0	 עיר בירה
קרמל	 0	 0	 0	 0	 0	 0	 1	 0	 0	 0	 קָפִּיטָלִיסט
קרט	 0	 0	 0	 0	 0	 0	 0	 0	 0	 0	 כותרות
קרונ	 0	 0	 0	 0	 0	 0	 0	 0	 0	 0	 קפיטציה
פחמנ	 0	 0	 0	 0	 0	 0	 0	 0	 0	 0	 קפיטול
פגר	 0	 0	 0	 0	 0	 0	 0	 0	 0	 0	 כְּנִיעָה
סרטנ	 0	 0	 0	 0	 0	 0	 0	 0	 0	 0	 גַחְמָה
רטיס	 0	 0	 0	 0	 0	 0	 0	 0	 0	 0	 גַחְמָנִי
אריג צמר	 0	 0	 0	 0	 0	 0	 0	 0	 0	 0	 כובעים
קרדינל	 0	 0	 0	 0	 0	 0	 0	 0	 0	 0	 כּמוּסָה
קרדיומיופתיה	 0	 0	 0	 0	 0	 0	 1	 0	 0	 0	 סֶרֶן
קלפימ	 0	 0	 0	 0	 0	 0	 0	 0	 0	 0	 כּוֹתֶרֶת
טפל	 0	 1	 0	 0	 1	 0	 1	 0	 1	 1	 לָצוּד
קריירה	 0	 0	 0	 0	 0	 0	 1	 0	 0	 0	 שׁוֹבֵה לֵב
זהיר	 0	 0	 0	 1	 0	 1	 0	 1	 0	 0	 שָׁבוּי
קפידה	 0	 0	 0	 0	 0	 1	 0	 1	 0	 0	 גָלוּת
חוסר זהירות	 0	 0	 0	 1	 0	 1	 0	 0	 0	 0	 שַׁבַּאי
טפ	 0	 0	 0	 0	 0	 1	 0	 0	 0	 0	 לִלְכּוֹד
קרט	 0	 0	 0	 0	 0	 0	 0	 0	 0	 0	 אוטו
גיח	 0	 0	 0	 0	 0	 0	 0	 0	 0	 0	 קַרַמֵל
טענ	 0	 0	 0	 0	 0	 0	 0	 0	 0	 0	 קָרָט
קריבו	 0	 0	 0	 0	 0	 0	 0	 0	 0	 0	 קָרוֹן
קריקטורה	 0	 0	 0	 0	 0	 0	 0	 0	 0	 0	 פַּחמָן
עששת	 0	 0	 1	 1	 0	 1	 0	 1	 0	 0	 פֶּגֶר
טבח	 0	 0	 0	 1	 0	 1	 0	 1	 0	 0	 סַרְטָן
חושני	 0	 0	 0	 0	 0	 0	 0	 0	 0	 0	 כַּרְטִיס
צפורנ	 0	 0	 0	 0	 0	 0	 0	 0	 0	 0	 אֲרִיג צֶמֶר
אוכל בשר	 0	 0	 0	 0	 0	 0	 0	 0	 0	 0	 קַרדִינָל
נונ	 0	 0	 0	 1	 0	 1	 0	 1	 0	 0	 קרדיומיופתיה
קרוסלה	 0	 0	 0	 0	 0	 0	 0	 0	 0	 0	 קלפים
נגר	 0	 0	 0	 0	 0	 0	 0	 0	 0	 0	 לְטַפֵּל
עגלה	 0	 1	 0	 0	 0	 0	 1	 0	 0	 0	 קריירה
נשא	 0	 0	 0	 0	 0	 0	 1	 0	 0	 0	 זָהִיר
יל	 0	 0	 0	 0	 0	 0	 1	 0	 0	 0	 בקפידה
את	 1	 0	 1	 0	 0	 1	 0	 0	 0	 0	 חוסר זהירות
נשיאה	 0	 0	 0	 0	 0	 0	 1	 0	 0	 0	 לְלַטֵף
עגלה	 0	 0	 0	 0	 0	 0	 0	 0	 0	 0	 קרט
קרטל	 0	 0	 0	 0	 0	 0	 1	 0	 0	 1	 מַשׁגִיחַ
עגלונ	 0	 0	 0	 0	 0	 0	 0	 0	 0	 0	 מטען
סחוס	 0	 0	 0	 0	 0	 0	 0	 0	 0	 0	 קריבו
קרטוגרפי	 0	 0	 0	 0	 0	 1	 0	 0	 0	 0	 קָרִיקָטוּרָה
קרטוגרפיה	 0	 0	 1	 0	 0	 1	 0	 0	 0	 0	 עַשֶׁשׁת
קריקטורה	 1	 0	 1	 1	 0	 1	 0	 1	 1	 0	 טֶבַח
קרטוש	 0	 0	 0	 0	 0	 1	 0	 0	 0	 0	 חוּשָׁנִי
חסנית	 0	 0	 0	 0	 0	 0	 0	 0	 0	 0	 צִפּוֹרֶן
גלפ	 0	 0	 0	 1	 0	 1	 0	 0	 0	 0	 אוֹכֵל בָּשָׂר
גלפ	 0	 0	 0	 0	 1	 0	 1	 0	 0	 1	 הִמנוֹן
גילופ	 0	 0	 0	 0	 0	 0	 0	 0	 0	 0	 קרוסלה
אשד	 0	 0	 0	 0	 0	 0	 0	 0	 0	 0	 נגר
קרה	 0	 0	 0	 0	 0	 0	 0	 0	 0	 0	 עֲגָלָה
קזאינ	 0	 0	 0	 0	 0	 0	 0	 0	 0	 0	 נשא
ספ מזומנ	 0	 0	 0	 0	 0	 0	 0	 0	 0	 0	 מוֹבִיל
קופאית	 0	 0	 0	 0	 0	 0	 0	 0	 0	 0	 לשאת
קשמיר	 0	 0	 0	 0	 0	 0	 0	 0	 0	 0	 נְשִׂיאָה
עטפת	 0	 0	 0	 0	 0	 0	 0	 0	 0	 0	 עֲגָלָה
קזינו	 0	 0	 0	 0	 0	 1	 0	 0	 0	 0	 קַרטֵל
חבית	 0	 0	 0	 0	 0	 0	 0	 0	 0	 0	 עֶגלוֹן
ארונ מתימ	 0	 0	 0	 0	 0	 0	 0	 0	 0	 0	 סָחוּס
הק	 0	 0	 0	 0	 0	 0	 0	 0	 0	 0	 קרטוגרפי
עמד	 0	 0	 0	 0	 0	 0	 0	 0	 0	 0	 קַרטוֹגרָפִיָה
גלגלית	 0	 0	 0	 0	 0	 0	 0	 0	 0	 0	 קָרִיקָטוּרָה
טירה	 0	 0	 0	 0	 0	 0	 0	 0	 0	 0	 קרטוש
יבר	 0	 0	 0	 1	 0	 0	 0	 0	 0	 0	 מַחסָנִית
אגבי	 0	 0	 0	 0	 0	 0	 0	 0	 0	 0	 לגלף
אחר יד	 0	 0	 0	 0	 0	 0	 0	 0	 0	 0	 גַלָף
נפגע	 0	 0	 0	 0	 0	 0	 0	 0	 0	 0	 גִילוּף
חתול	 0	 0	 0	 0	 0	 0	 1	 0	 0	 0	 אֶשֶׁד
ירידת חמרימ	 0	 0	 0	 1	 0	 1	 0	 1	 0	 0	 מקרה
קטלוג	 0	 0	 0	 0	 0	 0	 0	 0	 0	 0	 קזאין
קטלוג	 1	 1	 0	 1	 1	 0	 1	 0	 0	 1	 כסף מזומן
קטליזה	 0	 0	 0	 0	 0	 0	 0	 0	 0	 1	 קופאית
זרז	 0	 0	 0	 0	 0	 0	 0	 0	 0	 0	 קשמיר
קטמרנ	 0	 0	 0	 0	 0	 0	 0	 0	 0	 0	 מַעֲטֶפֶת
עוט	 0	 0	 0	 0	 0	 0	 0	 0	 0	 0	 קָזִינוֹ
קטרקט	 0	 0	 0	 0	 0	 0	 0	 0	 0	 0	 חָבִית
קטסטרופה	 0	 0	 0	 1	 0	 1	 0	 1	 0	 0	 אֲרוֹן מֵתִים
תפוס	 0	 0	 0	 0	 0	 0	 0	 0	 0	 0	 ללהק
דבק	 0	 0	 0	 0	 0	 1	 0	 0	 0	 0	 מַעֲמָד
קטכיזמ	 0	 0	 0	 0	 0	 0	 0	 0	 0	 0	 גַלגִלִית
קטגורי	 0	 0	 0	 0	 0	 0	 0	 0	 0	 0	 טִירָה
קטגוריה	 0	 0	 0	 0	 0	 0	 0	 0	 0	 0	 בִּיבָר
ספק	 0	 0	 0	 0	 0	 0	 0	 0	 0	 0	 אַגָבִי
קייטרינג	 0	 0	 0	 0	 0	 0	 0	 0	 0	 0	 כִּלְאַחַר יָד
זחל	 1	 0	 0	 1	 0	 1	 0	 1	 0	 0	 נִפגָע
טהר	 0	 0	 0	 0	 0	 0	 0	 0	 0	 0	 חתול
קתדרלה	 0	 0	 0	 0	 0	 0	 0	 0	 0	 0	 יְרִידַת חֳמָרִים
קטטר	 0	 0	 0	 0	 0	 0	 0	 0	 0	 0	 קָטָלוֹג
נפית החתולימ	 0	 0	 0	 0	 0	 0	 0	 0	 0	 0	 קָטָלוֹג
קר	 0	 0	 0	 0	 0	 0	 0	 0	 0	 0	 קָטָלִיזָה
קוקוס	 0	 0	 0	 0	 0	 0	 0	 0	 0	 0	 מְזַרֵז
זנב	 0	 0	 0	 0	 0	 0	 0	 0	 0	 0	 קטמרן
אטומ	 0	 0	 0	 0	 0	 0	 0	 0	 0	 0	 מָעוֹט
סיבתי	 0	 1	 0	 1	 0	 1	 0	 1	 0	 0	 קָטָרַקט
סבתיות	 1	 0	 1	 1	 0	 1	 0	 1	 1	 0	 קטסטרופה
גרימה	 0	 0	 0	 0	 0	 0	 0	 0	 1	 0	 לתפוס
גרמ ל	 0	 0	 0	 0	 0	 0	 0	 0	 0	 0	 מִדַבֵּק
יל	 0	 0	 1	 0	 0	 0	 0	 0	 0	 0	 קטכיזם
זהירות	 0	 0	 0	 0	 0	 0	 1	 0	 0	 0	 קָטֵגוֹרִי
זהיר	 0	 0	 0	 0	 0	 0	 0	 0	 0	 0	 קטגוריה
זהיר	 0	 0	 0	 0	 0	 0	 1	 0	 0	 0	 לְסַפֵּק
זהירות	 0	 0	 0	 0	 0	 0	 0	 0	 0	 0	 קייטרינג
חיל הפרשימ	 0	 0	 0	 0	 0	 0	 0	 0	 0	 0	 זַחַל
ערה	 0	 0	 0	 0	 0	 0	 0	 0	 0	 0	 cates
אזהרה	 0	 0	 0	 0	 0	 0	 1	 0	 0	 0	 מְטַהֵר
ערה	 0	 0	 0	 0	 1	 0	 1	 0	 0	 1	 קָתֶדרָלָה
חלתי	 0	 0	 0	 0	 0	 1	 0	 0	 0	 0	 קטטר
חלל	 0	 0	 0	 0	 0	 0	 0	 0	 0	 0	 נפית החתולים
פלפלת	 0	 0	 0	 0	 0	 0	 0	 0	 0	 0	 בקר
חדול	 0	 0	 0	 0	 0	 0	 0	 0	 0	 0	 הקוקוס
א הפסקה	 0	 0	 0	 0	 0	 0	 0	 0	 0	 0	 זנב
תר	 0	 0	 0	 0	 0	 0	 0	 0	 0	 0	 לאטום
תקרה	 0	 0	 0	 0	 0	 0	 0	 0	 0	 0	 סיבתי
חוגג	 0	 0	 0	 0	 0	 0	 0	 0	 0	 0	 סִבָּתִיוּת
פורסמ	 0	 0	 0	 0	 0	 0	 0	 0	 0	 0	 גְרִימָה
חוגג	 0	 0	 0	 0	 0	 0	 0	 0	 0	 0	 גרם ל
חגיגה	 0	 0	 0	 0	 0	 0	 0	 0	 0	 0	 שְׁבִיל
סלבריטאי	 1	 1	 0	 1	 0	 1	 0	 0	 0	 0	 זְהִירוּת
ימי	 0	 0	 0	 1	 0	 0	 0	 0	 0	 0	 מַזהִיר
פרישות	 0	 1	 0	 1	 0	 0	 1	 0	 0	 1	 זָהִיר
תא	 0	 0	 0	 1	 0	 0	 1	 0	 0	 0	 בִּזְהִירוּת
רתפ	 0	 0	 0	 0	 0	 0	 0	 0	 0	 0	 חֵיל הַפָּרָשִׁים
תאי	 0	 0	 0	 0	 0	 0	 0	 0	 0	 0	 מְעָרָה
ציבית	 0	 0	 0	 0	 0	 0	 0	 0	 0	 0	 אזהרה
טונ	 0	 0	 0	 0	 0	 0	 0	 0	 0	 0	 מְעָרָה
צק	 0	 0	 0	 0	 0	 0	 0	 0	 0	 0	 מְחִלָתִי
ית קברות	 0	 0	 0	 0	 0	 0	 0	 0	 0	 0	 חָלָל
צנזור	 0	 0	 0	 0	 0	 0	 0	 0	 0	 0	 פִּלפֶּלֶת
גנות	 0	 0	 0	 0	 0	 0	 0	 0	 0	 0	 לחדול
פקד	 0	 0	 0	 0	 0	 0	 0	 0	 0	 0	 ללא הפסקה
סנט	 0	 0	 0	 0	 0	 1	 0	 0	 0	 0	 לְוַתֵר
אה שנה	 0	 0	 0	 0	 0	 0	 0	 0	 0	 0	 תִקרָה
אה שנה	 0	 0	 0	 0	 0	 0	 0	 0	 0	 0	 חוֹגֵג
רכז	 0	 1	 0	 0	 1	 0	 1	 0	 0	 0	 מְפוּרסָם
סנטימטר	 0	 1	 0	 0	 1	 0	 1	 0	 0	 0	 חוגג
רכזי	 0	 1	 0	 0	 1	 0	 1	 0	 1	 1	 חֲגִיגָה
רכזיות	 1	 1	 1	 0	 1	 1	 1	 0	 1	 1	 סלבריטאי
רכוז	 0	 1	 0	 0	 1	 0	 1	 0	 0	 0	 שְׁמֵימִי
רכז	 0	 0	 0	 0	 0	 0	 0	 0	 0	 0	 פְּרִישׁוּת
אופנ מרכזי	 0	 0	 0	 0	 0	 0	 0	 0	 0	 0	 תָא
צנטריפוגלי	 0	 0	 0	 0	 0	 0	 0	 0	 0	 0	 מַרְתֵף
סרכזת	 0	 0	 0	 0	 0	 0	 0	 0	 0	 0	 תָאִי
אה	 0	 0	 0	 0	 0	 0	 0	 0	 0	 0	 צִיבִית
קרמיקה	 0	 1	 0	 0	 0	 0	 0	 0	 0	 1	 בטון
דגני בוקר	 0	 0	 0	 0	 0	 0	 0	 0	 0	 0	 מוצק
דגני בוקר	 0	 0	 0	 1	 0	 1	 0	 1	 0	 0	 בֵּית קְבָרוֹת
חי	 1	 0	 1	 1	 0	 1	 0	 0	 0	 1	 צֶנזוֹר
טקסי	 0	 0	 0	 0	 0	 1	 0	 0	 0	 0	 לְגַנוֹת
טקס	 0	 0	 0	 0	 0	 0	 0	 0	 0	 0	 מִפקָד
דאות	 0	 0	 0	 0	 0	 0	 0	 0	 0	 0	 סֶנט
תעודה	 0	 0	 0	 0	 0	 0	 0	 0	 0	 0	 מאה שנה
אשר	 0	 0	 0	 0	 0	 0	 0	 0	 0	 0	 מאה שנה
פסקה	 0	 0	 0	 0	 0	 0	 1	 0	 0	 1	 מֶרְכָּז
וצ	 0	 0	 0	 0	 0	 0	 0	 0	 0	 0	 סַנטִימֶטֶר
פשפת	 0	 0	 0	 0	 0	 0	 0	 0	 0	 0	 מֶרכָּזִי
דכדוכ	 0	 0	 0	 0	 0	 0	 0	 0	 0	 0	 מֶרכָּזִיוּת
רשרת	 0	 0	 0	 0	 0	 0	 0	 0	 0	 0	 מִרכּוּז
סא	 0	 0	 0	 0	 0	 0	 0	 0	 0	 0	 לרכז
יור	 0	 0	 0	 0	 0	 0	 0	 0	 0	 0	 באופן מרכזי
יושב ראש	 0	 0	 0	 0	 0	 0	 0	 0	 0	 0	 צֶנטרִיפוּגָלִי
יושבת ראש	 0	 0	 0	 0	 0	 0	 0	 0	 0	 0	 סַרכֶּזֶת
זלונג	 0	 0	 0	 0	 0	 0	 1	 0	 0	 0	 centurion
קתה	 0	 0	 0	 0	 0	 0	 0	 0	 0	 0	 מֵאָה
גביע	 0	 0	 0	 0	 0	 0	 0	 0	 0	 0	 קֵרָמִיקָה
גיר	 0	 0	 0	 0	 0	 0	 0	 0	 0	 0	 דגני בוקר
אתגר	 0	 0	 0	 0	 0	 0	 0	 0	 0	 0	 דִגנֵי בּוֹקֶר
תא	 0	 0	 0	 0	 0	 0	 1	 0	 0	 0	 מוֹחִי
חדרימ	 0	 0	 0	 0	 0	 0	 0	 0	 0	 0	 טִקסִי
זקית	 0	 0	 0	 0	 1	 0	 1	 0	 1	 0	 טֶקֶס
פנייה	 0	 0	 0	 0	 0	 0	 1	 0	 0	 0	 וַדָאוּת
אלופ	 0	 0	 0	 0	 0	 0	 0	 0	 0	 0	 תְעוּדָה
זדמנות	 0	 0	 0	 0	 0	 0	 0	 0	 0	 1	 לְאַשֵׁר
נגיד	 0	 0	 1	 0	 0	 1	 0	 0	 0	 0	 cess
נברשת	 0	 0	 0	 0	 0	 1	 0	 0	 0	 0	 הַפסָקָה
צנדלר	 1	 0	 0	 1	 0	 1	 0	 0	 0	 0	 מוֹץ
ינוי	 0	 0	 0	 0	 0	 1	 0	 0	 0	 0	 שפשפת
תנה	 0	 0	 1	 0	 0	 1	 0	 1	 0	 0	 דִכדוּך
תנה	 0	 0	 0	 0	 0	 0	 0	 0	 0	 0	 שַׁרשֶׁרֶת
חלפ	 0	 0	 0	 0	 0	 0	 0	 0	 0	 0	 כִּסֵא
תנה	 0	 0	 0	 0	 0	 0	 1	 0	 0	 1	 יור
ערוצ	 0	 0	 0	 0	 0	 0	 0	 0	 0	 0	 יושב ראש
יר	 0	 0	 0	 0	 0	 0	 1	 0	 0	 1	 יושבת ראש
אי סדר	 0	 0	 0	 0	 0	 0	 0	 0	 0	 0	 שזלונג
תוהו ובוהו	 0	 0	 0	 0	 0	 0	 0	 0	 0	 0	 בקתה
חור	 0	 0	 0	 0	 0	 0	 0	 0	 0	 0	 גָבִיעַ
קפלה	 0	 0	 0	 0	 0	 0	 0	 0	 0	 0	 גִיר
מר	 1	 0	 0	 1	 0	 1	 0	 0	 0	 0	 אתגר
צפמנ	 0	 0	 0	 0	 0	 0	 0	 0	 0	 0	 תָא
חורימ	 0	 0	 0	 0	 0	 0	 0	 0	 0	 0	 חדרים
פרק	 0	 0	 0	 0	 0	 0	 0	 0	 0	 0	 זִקִית
חיר	 0	 0	 0	 0	 0	 0	 0	 0	 0	 0	 שמפנייה
דמות	 0	 1	 0	 0	 1	 0	 1	 0	 0	 1	 אַלוּף
אפיינ	 0	 0	 0	 0	 0	 0	 0	 0	 1	 0	 הִזדַמְנוּת
אפיינ	 0	 0	 0	 0	 0	 0	 0	 0	 0	 1	 נָגִיד
צעד	 0	 0	 0	 0	 0	 0	 0	 0	 0	 0	 נִברֶשֶׁת
פחמ	 0	 0	 0	 0	 0	 0	 0	 0	 0	 0	 צ'נדלר
חייב	 0	 0	 0	 1	 0	 0	 0	 0	 0	 0	 שינוי
תשלומ	 0	 1	 0	 0	 0	 0	 0	 0	 1	 0	 מִשְׁתַנֶה
טענ	 0	 0	 0	 0	 0	 0	 0	 0	 0	 0	 השתנה
רכבה	 0	 0	 0	 0	 0	 0	 0	 0	 0	 0	 מַחלֵף
נדבני	 0	 0	 0	 0	 0	 0	 0	 0	 0	 0	 מִשְׁתַנֶה
צדקה	 0	 0	 0	 0	 0	 0	 0	 0	 0	 0	 עָרוּץ
קסמ	 1	 1	 0	 0	 1	 0	 1	 0	 1	 0	 לָשִׁיר
קסומ	 1	 0	 0	 1	 0	 1	 0	 1	 0	 0	 אי סדר
קוסמ	 1	 0	 0	 0	 0	 1	 0	 0	 0	 0	 תוהו ובוהו
קסימ	 0	 0	 0	 0	 0	 0	 0	 0	 0	 0	 בחור
תרשימ	 0	 0	 0	 0	 0	 0	 0	 0	 0	 0	 קפלה
כר	 0	 0	 0	 0	 0	 0	 0	 0	 0	 1	 כּוֹמֶר
כר	 0	 0	 0	 0	 0	 0	 0	 0	 0	 0	 צ'פמן
רדפ	 0	 0	 0	 0	 0	 0	 0	 0	 0	 0	 בחורים
תהומ	 0	 0	 0	 0	 0	 0	 0	 0	 0	 0	 פֶּרֶק
תוכחה	 0	 0	 0	 0	 0	 0	 0	 0	 0	 0	 לְהַשְׁחִיר
צניעות	 0	 0	 0	 0	 0	 0	 0	 0	 0	 0	 דמות
חח	 0	 0	 0	 0	 0	 0	 0	 0	 0	 0	 מאפיין
טירה	 0	 0	 0	 0	 0	 0	 0	 0	 0	 0	 לאפיין
פטפט	 0	 0	 0	 0	 0	 1	 0	 0	 0	 0	 מצעד
ול	 0	 0	 0	 0	 0	 0	 0	 0	 0	 0	 פֶּחָם
פטפטנ	 0	 0	 0	 0	 0	 0	 0	 0	 0	 0	 לחייב
נהג	 0	 0	 0	 1	 0	 1	 0	 1	 0	 0	 בתשלום
זול	 0	 0	 0	 0	 0	 0	 1	 0	 0	 0	 מַטעֵן
רמות	 0	 0	 0	 0	 0	 0	 0	 0	 0	 0	 מֶרְכָּבָה
חשבונ	 0	 1	 0	 0	 1	 0	 1	 0	 0	 1	 נדבני
דק	 0	 0	 0	 0	 1	 0	 1	 0	 0	 0	 צדקה
בצ	 0	 0	 0	 0	 0	 0	 1	 0	 0	 0	 קסם
דמקה	 0	 0	 0	 0	 1	 1	 1	 0	 0	 0	 קָסוּם
צק ליסט	 0	 0	 0	 0	 0	 0	 0	 0	 0	 0	 קוֹסֵם
חי	 0	 0	 0	 0	 0	 0	 1	 0	 0	 0	 מַקסִים
חיימ	 0	 0	 0	 0	 0	 0	 0	 0	 0	 1	 תרשים
ציצ	 0	 0	 0	 0	 0	 0	 0	 0	 0	 0	 שֶׂכֶר
עודד	 0	 0	 0	 0	 0	 0	 0	 0	 0	 0	 שכר
עליז	 0	 0	 0	 0	 0	 1	 0	 0	 0	 0	 מִרדָף
עליזות	 0	 0	 0	 1	 0	 0	 0	 0	 0	 0	 תְהוֹם
תשואות	 0	 0	 0	 0	 0	 1	 0	 0	 0	 0	 תוֹכָחָה
עליז	 0	 1	 0	 0	 0	 0	 1	 0	 0	 1	 צְנִיעוּת
עוגת גבינה	 0	 0	 0	 0	 0	 0	 0	 0	 0	 0	 לְשׂוֹחֵחַ
רדלס	 0	 0	 0	 0	 0	 0	 0	 0	 0	 0	 טִירָה
תחתונית	 0	 0	 0	 0	 0	 0	 0	 0	 0	 0	 לְפַטְפֵט
ימאי	 0	 0	 0	 0	 0	 0	 1	 0	 0	 0	 מִלמוּל
ימיה	 0	 0	 0	 0	 0	 1	 0	 0	 0	 0	 פטפטן
חשבונ	 0	 0	 0	 0	 0	 0	 0	 0	 0	 0	 נֶהָג
קיר	 0	 0	 0	 0	 0	 1	 0	 0	 0	 0	 זוֹל
דובדבנ	 1	 0	 1	 0	 0	 1	 0	 0	 0	 0	 לְרַמוֹת
חמט	 0	 0	 0	 0	 0	 0	 0	 0	 0	 0	 חשבון
חזה	 0	 0	 0	 0	 0	 0	 0	 0	 0	 0	 בּוֹדֵק
ערמונ	 0	 0	 0	 0	 0	 0	 0	 0	 0	 0	 מְשׁוּבָּץ
רונ	 0	 0	 0	 0	 0	 0	 0	 0	 0	 0	 דַמקָה
עוס	 0	 0	 0	 0	 0	 0	 1	 0	 0	 1	 צ'ק ליסט
סוגננ	 0	 0	 0	 0	 0	 0	 0	 0	 0	 0	 לֶחִי
ציקנ	 0	 0	 0	 0	 0	 0	 0	 0	 0	 0	 לחיים
עופ	 0	 0	 0	 0	 0	 0	 0	 0	 0	 0	 לְצַיֵץ
ראש	 0	 1	 0	 0	 1	 0	 1	 0	 1	 1	 לְעוֹדֵד
עיקר	 0	 0	 0	 0	 1	 0	 1	 0	 1	 0	 עַלִיז
ראש שבט	 0	 1	 0	 0	 1	 0	 1	 0	 0	 1	 עֲלִיזוּת
ילד	 0	 0	 0	 0	 1	 0	 1	 0	 0	 0	 תְשׁוּאוֹת
דה	 0	 1	 0	 0	 1	 0	 1	 0	 0	 0	 עליז
ילדות	 0	 0	 0	 0	 0	 1	 0	 0	 0	 0	 עוגת גבינה
ילדותי	 0	 0	 0	 0	 0	 0	 0	 0	 0	 0	 בַּרדְלָס
צננ	 0	 0	 0	 0	 0	 0	 0	 0	 0	 0	 תַחתוֹנִית
קריר	 0	 0	 0	 0	 0	 0	 1	 0	 0	 1	 כימאי
צלצול	 0	 0	 0	 0	 0	 0	 0	 0	 0	 0	 כִּימִיָה
חזונ תעתועימ	 0	 0	 0	 0	 0	 0	 0	 0	 0	 0	 חשבון
פעמונימ	 0	 1	 0	 0	 1	 0	 1	 0	 1	 1	 לְהוֹקִיר
ארובה	 0	 0	 0	 0	 0	 0	 1	 0	 0	 0	 דובדבן
חרסינה	 0	 0	 0	 0	 0	 0	 0	 0	 0	 0	 שַׁחְמָט
סינ	 0	 0	 0	 0	 0	 0	 0	 0	 0	 0	 חזה
צינוק	 0	 0	 0	 0	 0	 0	 0	 0	 0	 0	 עַרמוֹן
בב	 0	 0	 0	 0	 0	 0	 0	 0	 0	 0	 שברון
ימ	 0	 0	 0	 0	 0	 0	 0	 0	 0	 0	 ללעוס
ציוצ	 0	 0	 0	 0	 0	 0	 0	 0	 0	 0	 מְסוּגנָן
אזמל	 0	 1	 0	 0	 0	 1	 0	 0	 1	 1	 צ'יקן
פתק	 0	 0	 0	 1	 0	 0	 0	 0	 0	 0	 עוף
אבירות	 0	 0	 0	 0	 0	 0	 0	 0	 0	 0	 רֹאשׁ
רופורמ	 0	 0	 0	 0	 0	 0	 0	 0	 0	 0	 בעיקר
קולד	 0	 0	 0	 0	 0	 0	 1	 0	 0	 0	 רֹאשׁ שֶׁבֶט
חירה	 0	 1	 0	 0	 1	 0	 1	 0	 0	 0	 יֶלֶד
קהלה	 0	 0	 0	 0	 0	 0	 0	 0	 0	 0	 לֵדָה
חנוק	 0	 0	 0	 0	 1	 0	 1	 0	 0	 0	 יַלדוּת
רה	 0	 0	 0	 0	 0	 1	 0	 0	 0	 0	 יַלדוּתִי
חר	 0	 0	 0	 0	 0	 0	 0	 0	 0	 0	 לְצַנֵן
חירה	 0	 0	 0	 0	 0	 1	 0	 0	 0	 0	 קָרִיר
קצוצ	 0	 0	 0	 0	 0	 0	 0	 0	 0	 0	 צִלצוּל
קצוצ	 0	 0	 0	 1	 0	 0	 0	 0	 1	 0	 חֲזוֹן תַעתוּעִים
צלעות	 0	 0	 0	 0	 0	 0	 0	 0	 0	 0	 פעמונים
רל	 0	 0	 0	 0	 0	 0	 0	 0	 0	 0	 אֲרוּבָּה
אקורדימ	 0	 0	 0	 0	 0	 0	 0	 0	 0	 0	 חרסינה
עבודה שגרתית	 0	 0	 0	 0	 0	 0	 0	 0	 0	 0	 סין
קהלה	 0	 0	 0	 0	 0	 0	 0	 0	 0	 0	 צ'ינוק
נבחר	 0	 0	 0	 0	 0	 0	 0	 0	 0	 0	 שְׁבָב
חמינ	 0	 0	 0	 0	 0	 0	 0	 0	 0	 0	 שבבים
טבלה	 0	 0	 0	 0	 1	 0	 1	 0	 0	 0	 צִיוּץ
אכרומטי	 0	 0	 0	 0	 0	 0	 1	 0	 0	 0	 אִזְמֵל
רומטוגרפיה	 0	 0	 0	 0	 0	 0	 0	 0	 0	 0	 פֶּתֶק
רומוזומ	 0	 0	 0	 0	 0	 0	 1	 0	 0	 0	 אַבִּירוּת
רוני	 0	 0	 0	 0	 0	 1	 0	 0	 0	 0	 כְּלוֹרוֹפוֹרם
רוניקה	 0	 1	 0	 0	 1	 0	 1	 0	 0	 1	 שוקולד
רונוגרפ	 0	 0	 0	 0	 0	 0	 1	 0	 0	 0	 בְּחִירָה
רונולוגי	 0	 0	 0	 0	 1	 0	 1	 0	 0	 1	 מקהלה
צאק	 1	 0	 0	 0	 0	 1	 0	 1	 0	 0	 לַחֲנוֹק
צחקוק	 0	 0	 1	 1	 0	 1	 0	 1	 0	 0	 כּוֹלֵרָה
חתיכה	 0	 0	 0	 0	 0	 0	 0	 0	 0	 0	 בחר
נמנ	 0	 0	 0	 0	 0	 0	 0	 0	 0	 0	 בְּחִירָה
נסיה	 0	 0	 0	 0	 0	 1	 0	 0	 0	 0	 לִקצוֹץ
חצר כנסייה	 0	 0	 0	 0	 0	 0	 0	 0	 0	 0	 קִצוּץ
חבצה	 0	 0	 0	 0	 0	 0	 0	 0	 0	 0	 צלעות
גלשה	 0	 0	 0	 0	 1	 0	 1	 0	 0	 0	 כּוֹרָל
צאטני	 0	 0	 0	 0	 0	 0	 0	 0	 0	 0	 אקורדים
סיידר	 0	 0	 0	 0	 0	 1	 0	 0	 0	 0	 עֲבוֹדָה שִׁגרָתִית
סיגר	 0	 0	 0	 0	 0	 0	 1	 0	 0	 0	 מקהלה
סיגריה	 0	 0	 0	 0	 0	 0	 1	 0	 0	 0	 נִבחָר
סינצ	 0	 0	 0	 0	 0	 0	 1	 0	 0	 0	 חמין
גחלת	 0	 0	 0	 0	 0	 0	 0	 0	 0	 0	 הטבלה
ית קולנוע	 0	 0	 0	 0	 0	 0	 0	 0	 0	 0	 אַכְרוֹמָטִי
צלמ קולנוע	 0	 0	 0	 0	 0	 0	 0	 0	 0	 0	 כרומטוגרפיה
צילומ	 0	 0	 0	 0	 0	 0	 0	 0	 0	 0	 כרומוזום
קינמונ	 0	 0	 0	 0	 0	 1	 0	 1	 0	 0	 כְּרוֹנִי
צופנ	 0	 0	 0	 0	 0	 0	 1	 0	 0	 1	 כְּרוֹנִיקָה
עגל	 0	 0	 0	 0	 0	 0	 0	 0	 0	 0	 כרונוגרף
עגלימ	 0	 0	 0	 0	 0	 0	 0	 0	 0	 0	 כּרוֹנוֹלוֹגִי
עגל חשמלי	 0	 0	 0	 0	 0	 0	 0	 0	 0	 0	 צ'אק
עגול	 0	 1	 0	 0	 1	 0	 1	 0	 1	 1	 צחקוק
פיצ	 0	 0	 0	 0	 0	 0	 0	 0	 0	 0	 חתיכה
חזור	 0	 0	 0	 0	 0	 0	 0	 0	 0	 0	 שמנמן
רית מילה	 0	 1	 0	 0	 1	 0	 1	 0	 0	 1	 כְּנֵסִיָה
קפ	 0	 0	 0	 0	 0	 0	 0	 0	 0	 0	 חצר כנסייה
יקפי	 0	 0	 0	 0	 0	 0	 0	 0	 0	 0	 מַחבֵּצָה
תוחמ	 0	 0	 0	 0	 0	 0	 0	 0	 0	 0	 מִגלָשָׁה
נסיבות	 0	 0	 0	 0	 0	 0	 0	 0	 0	 0	 צ'אטני
נסיבתי	 0	 0	 0	 0	 0	 0	 0	 0	 0	 0	 ciao
עקיפה	 0	 0	 0	 0	 0	 0	 1	 0	 0	 0	 סיידר
קרקס	 0	 0	 0	 0	 0	 0	 0	 0	 0	 0	 סִיגָר
קנוקנת	 0	 0	 0	 0	 0	 1	 0	 0	 0	 0	 סִיגַרִיָה
ור	 0	 0	 0	 0	 0	 0	 0	 0	 0	 0	 סינץ'
צודה	 0	 0	 0	 0	 0	 0	 0	 0	 0	 0	 גַחֶלֶת
ציטטה	 0	 0	 0	 0	 0	 0	 0	 0	 0	 0	 בית קולנוע
אזרח	 0	 0	 0	 0	 0	 0	 0	 0	 0	 0	 צלם קולנוע
סיטרינ	 0	 0	 0	 0	 0	 0	 0	 0	 0	 0	 צילום
עיר	 0	 0	 0	 0	 0	 0	 0	 0	 0	 0	 קינמון
אזרחי	 0	 0	 0	 0	 0	 0	 0	 0	 0	 0	 צוֹפֶן
אזרחי	 0	 0	 0	 0	 0	 0	 0	 0	 0	 0	 מעגל
אזרחי	 0	 0	 0	 0	 0	 0	 0	 0	 0	 0	 מעגלים
אדיבות	 0	 0	 0	 0	 0	 0	 0	 0	 0	 0	 מעגל חשמלי
תרבות	 0	 0	 0	 0	 0	 0	 0	 0	 0	 0	 עָגוֹל
תורבת	 0	 0	 0	 0	 0	 0	 0	 0	 0	 0	 לְהָפִיץ
וש	 0	 0	 0	 0	 0	 0	 0	 0	 0	 0	 מחזור
תביעה	 0	 0	 0	 0	 0	 0	 1	 0	 0	 0	 ברית מילה
תובע	 0	 0	 0	 0	 0	 0	 0	 0	 0	 0	 הֶקֵף
גיד עתידות	 0	 0	 0	 0	 0	 0	 0	 0	 0	 0	 היקפי
צדפה	 0	 0	 0	 0	 0	 0	 0	 0	 0	 0	 מְתוּחָם
צעקה	 0	 0	 0	 0	 0	 0	 0	 0	 0	 0	 נסיבות
דק	 0	 0	 0	 0	 0	 0	 0	 0	 0	 0	 נסיבתי
בט	 0	 0	 0	 0	 0	 1	 1	 0	 0	 0	 עֲקִיפָה
חשאי	 0	 0	 0	 0	 0	 0	 0	 0	 0	 0	 קרקס
טפוח	 0	 0	 0	 0	 0	 0	 0	 0	 0	 0	 קְנוֹקֶנֶת
יר	 0	 0	 0	 0	 0	 0	 0	 0	 0	 0	 בּוֹר
קלרנית	 0	 0	 0	 0	 0	 0	 0	 0	 0	 0	 מְצוּדָה
תרועה	 0	 0	 0	 0	 0	 0	 0	 0	 0	 0	 צִיטָטָה
ירות	 0	 0	 0	 0	 0	 0	 1	 0	 0	 0	 אֶזרָח
תנגשות	 0	 0	 0	 0	 0	 0	 0	 0	 0	 0	 סיטרין
תנגשימ	 0	 0	 0	 0	 0	 0	 0	 0	 0	 0	 עִיר
אבזמ	 0	 0	 0	 0	 0	 0	 0	 0	 0	 0	 אֶזרָחִי
עמד	 0	 0	 0	 0	 0	 0	 1	 0	 0	 0	 אֶזרָחִי
קלאסי	 0	 0	 0	 0	 0	 0	 0	 0	 0	 0	 אֶזרָחִי
קלאסי	 0	 0	 0	 0	 0	 0	 1	 0	 0	 0	 אדיבות
קלאסיקה	 0	 0	 0	 0	 0	 0	 1	 0	 0	 1	 תַרְבּוּת
יונ	 0	 0	 0	 0	 1	 0	 1	 0	 0	 1	 מְתוּרבָּת
סווג	 0	 0	 0	 0	 0	 0	 0	 0	 0	 0	 לבוש
חבר לכיתה	 0	 0	 0	 0	 0	 0	 0	 0	 0	 0	 תְבִיעָה
קשוק	 1	 0	 1	 0	 0	 0	 0	 0	 0	 0	 תוֹבֵעַ
סעיפ	 0	 0	 0	 0	 0	 0	 1	 0	 0	 0	 מַגִיד עֲתִידוֹת
סעיפימ	 0	 0	 0	 0	 0	 0	 0	 0	 0	 0	 צדפה
טופר	 1	 1	 1	 0	 0	 1	 0	 0	 1	 0	 צְעָקָה
טפרימ	 0	 0	 0	 0	 0	 0	 0	 0	 0	 0	 מַהְדֵק
חרס	 0	 0	 0	 0	 0	 0	 0	 0	 0	 1	 שֶׁבֶט
נקות	 0	 0	 0	 0	 0	 0	 0	 0	 0	 0	 חֲשָׁאִי
ניקוי	 0	 1	 0	 0	 1	 0	 1	 0	 0	 1	 לִטפּוֹחַ
נקיונ	 0	 0	 0	 0	 0	 0	 1	 0	 0	 0	 להבהיר
עי	 0	 0	 0	 0	 0	 0	 0	 0	 0	 0	 קלָרנִית
טהר	 0	 0	 0	 0	 0	 0	 0	 0	 0	 0	 תְרוּעָה
ניקוי	 0	 0	 0	 0	 0	 0	 0	 0	 0	 0	 בְּהִירוּת
רוח	 1	 0	 0	 0	 0	 1	 0	 0	 0	 0	 הִתנַגְשׁוּת
קרחת יער	 1	 0	 0	 1	 0	 1	 0	 0	 0	 0	 מתנגשים
ירות	 0	 0	 0	 0	 0	 0	 0	 0	 0	 0	 אַבזָם
חשופ	 0	 0	 0	 0	 0	 0	 0	 0	 0	 0	 מעמד
דבוק	 0	 0	 0	 0	 0	 0	 1	 0	 0	 0	 קלַאסִי
פתח	 0	 0	 0	 0	 0	 0	 1	 0	 0	 0	 קלַאסִי
סוע	 0	 0	 0	 0	 1	 0	 1	 0	 0	 0	 קלַאסִיקָה
חנינה	 0	 0	 0	 0	 0	 0	 0	 0	 0	 0	 מִיוּן
רה	 0	 0	 0	 0	 0	 0	 1	 0	 0	 0	 לסווג
איש דת	 0	 0	 0	 0	 0	 0	 0	 0	 0	 0	 חבר לכיתה
רדי	 0	 0	 0	 0	 0	 0	 0	 0	 0	 0	 שִׁקשׁוּק
פקיד	 0	 0	 0	 0	 0	 0	 0	 0	 0	 0	 סָעִיף
רות	 0	 0	 0	 0	 0	 0	 0	 0	 0	 0	 סעיפים
נבונ	 1	 0	 0	 1	 0	 1	 0	 0	 0	 0	 טוֹפֶר
פקחות	 0	 0	 0	 0	 0	 0	 0	 0	 0	 0	 טפרים
נקישה	 0	 0	 0	 0	 0	 0	 0	 0	 0	 0	 חֶרֶס
קוח	 0	 0	 0	 0	 1	 0	 1	 0	 0	 1	 לְנַקוֹת
חוג הלקוחות	 0	 0	 0	 0	 0	 0	 1	 0	 0	 0	 ניקוי
צוק	 0	 0	 0	 0	 0	 0	 1	 0	 0	 0	 נִקָיוֹן
אקלימ	 0	 0	 0	 0	 0	 0	 1	 0	 0	 0	 לְמִשׁעִי
אקלימטולוגיה	 0	 0	 0	 0	 0	 0	 1	 0	 0	 0	 לְטַהֵר
יא	 0	 0	 0	 0	 0	 0	 1	 0	 0	 0	 ניקוי
טפס	 0	 0	 0	 0	 0	 0	 1	 0	 0	 1	 מִרוָח
יצמד	 0	 0	 0	 0	 0	 0	 0	 0	 0	 0	 קָרְחַת יַעַר
קצצ	 0	 0	 0	 0	 0	 0	 1	 0	 0	 0	 בְּהִירוּת
גוזז	 0	 0	 0	 0	 0	 0	 0	 0	 0	 0	 מַחשׂוֹף
גזר	 0	 0	 0	 1	 0	 0	 0	 0	 0	 0	 לִדבּוֹק
קליקה	 0	 0	 0	 0	 0	 0	 0	 0	 0	 0	 מַפְתֵחַ
גלימה	 0	 0	 0	 0	 0	 0	 0	 0	 0	 0	 שָׁסוּעַ
עונ	 0	 0	 0	 0	 0	 0	 0	 0	 0	 0	 חֲנִינָה
עונ	 0	 0	 0	 0	 0	 0	 0	 0	 0	 0	 כּמוּרָה
סתומ	 0	 0	 0	 0	 0	 0	 0	 0	 0	 0	 אִישׁ דַת
נזר	 0	 0	 0	 0	 0	 0	 1	 0	 0	 1	 מִשׂרָדִי
סגור	 0	 0	 0	 0	 0	 0	 0	 0	 0	 0	 פָּקִיד
סגור	 0	 0	 0	 0	 0	 0	 0	 0	 0	 0	 לַבלָרוּת
קרבה	 0	 0	 0	 0	 0	 0	 1	 0	 0	 0	 נבון
ארונ	 0	 0	 0	 0	 0	 0	 1	 0	 0	 0	 פִּקְחוּת
סגירת מעגל	 0	 0	 0	 0	 0	 0	 0	 0	 0	 0	 נְקִישָׁה
קריש דמ	 0	 0	 0	 0	 0	 0	 0	 0	 0	 0	 לָקוּחַ
בד	 0	 0	 0	 0	 0	 0	 0	 0	 0	 0	 חוּג הַלְקוּחוֹת
יש	 0	 0	 0	 1	 0	 0	 0	 0	 0	 0	 צוּק
גדימ	 0	 0	 0	 0	 0	 0	 0	 0	 0	 0	 אַקלִים
חבל כביסה	 0	 0	 0	 0	 0	 0	 0	 0	 0	 0	 אקלימטולוגיה
שה	 0	 1	 0	 0	 1	 0	 1	 0	 1	 1	 שיא
עננ	 0	 0	 0	 0	 0	 0	 0	 0	 0	 0	 לְטַפֵּס
עוננ	 0	 0	 0	 0	 0	 0	 0	 0	 0	 0	 להיצמד
עננות	 0	 0	 0	 0	 0	 0	 0	 0	 0	 0	 לְקַצֵץ
עוננ	 0	 0	 0	 0	 0	 0	 0	 0	 0	 0	 גוֹזֵז
תלתנ	 0	 0	 0	 0	 0	 0	 0	 0	 0	 0	 גֶזֶר
ציפורנ	 0	 0	 0	 0	 0	 0	 0	 0	 0	 0	 קליקה
יצנ	 0	 0	 0	 0	 0	 0	 0	 0	 0	 0	 גְלִימָה
עדונ	 0	 1	 0	 0	 0	 0	 0	 0	 0	 0	 שָׁעוֹן
עדונ	 0	 0	 0	 0	 0	 0	 0	 0	 0	 0	 שעון
עדונימ	 0	 0	 0	 0	 0	 0	 0	 0	 0	 0	 לִסְתוֹם
רמז	 0	 0	 0	 0	 0	 1	 0	 0	 0	 0	 מִנזָר
סבכ	 0	 0	 0	 0	 0	 0	 0	 0	 0	 0	 סגור
גושמ	 0	 0	 0	 0	 0	 0	 0	 0	 0	 0	 סָגוּר
אשכול	 0	 0	 0	 0	 1	 0	 1	 0	 0	 1	 קִרבָה
צמד	 0	 0	 0	 0	 0	 0	 0	 0	 0	 0	 אָרוֹן
צמדימ	 0	 1	 0	 0	 1	 0	 1	 1	 0	 0	 סגירת מעגל
ערבוביה	 0	 0	 0	 0	 0	 0	 0	 0	 0	 0	 קְרִישׁ דָם
אמנ	 0	 0	 0	 0	 0	 0	 0	 0	 0	 0	 בַּד
קרישה	 0	 0	 0	 0	 0	 0	 1	 0	 0	 0	 לְהַלבִּישׁ
פחמ	 0	 0	 0	 0	 0	 0	 0	 0	 0	 0	 בגדים
תמזג	 0	 0	 0	 0	 0	 0	 0	 0	 0	 0	 חבל כביסה
קואליציה	 0	 0	 0	 0	 0	 0	 0	 0	 0	 0	 הַלבָּשָׁה
חופ	 0	 0	 0	 0	 0	 0	 0	 0	 0	 0	 ענן
חופי	 0	 0	 0	 0	 0	 1	 0	 1	 0	 0	 מעונן
תחתית	 0	 0	 0	 1	 0	 1	 0	 0	 0	 0	 עֲנְנוּת
עיל	 0	 0	 0	 0	 0	 0	 0	 1	 0	 0	 מְעוּנָן
ציפוי	 0	 0	 0	 0	 0	 0	 0	 0	 0	 0	 תִלתָן
דל	 0	 0	 0	 0	 0	 0	 0	 0	 0	 0	 ציפורן
קובלט	 0	 1	 0	 0	 1	 0	 1	 0	 1	 0	 לֵיצָן
חלוק	 0	 0	 0	 0	 0	 0	 0	 0	 0	 0	 מוֹעֲדוֹן
סנדלר	 0	 0	 0	 0	 0	 0	 0	 0	 0	 0	 מועדון
קוברה	 0	 0	 0	 0	 0	 0	 0	 0	 0	 0	 מועדונים
קוקאינ	 0	 1	 0	 0	 0	 0	 0	 0	 0	 0	 רֶמֶז
תרנגול	 0	 0	 0	 0	 0	 1	 0	 0	 0	 0	 סְבַך
תא הטייס	 0	 0	 1	 0	 0	 1	 0	 0	 0	 0	 מגושם
קוקטייל	 0	 0	 0	 0	 0	 0	 0	 0	 0	 0	 אֶשׁכּוֹל
קקאו	 0	 0	 0	 0	 0	 0	 0	 0	 0	 0	 מַצְמֵד
גולמ	 0	 0	 0	 0	 0	 0	 0	 0	 0	 0	 מצמדים
קלה	 0	 0	 0	 0	 0	 0	 0	 0	 0	 0	 עִרבּוּביָה
קוד	 0	 0	 0	 0	 0	 0	 0	 0	 0	 1	 מְאַמֵן
קודקס	 0	 0	 0	 0	 0	 0	 0	 0	 0	 0	 קרישה
קודיפיקציה	 0	 0	 0	 0	 0	 0	 0	 0	 0	 0	 פֶּחָם
קוד	 0	 0	 0	 0	 0	 0	 0	 0	 0	 1	 לְהִתְמַזֵג
קדמ	 0	 0	 0	 0	 0	 0	 1	 0	 0	 0	 קוֹאָלִיצִיָה
פות	 0	 0	 0	 0	 0	 0	 1	 0	 0	 0	 חוף
פיה	 0	 0	 0	 0	 0	 0	 0	 0	 0	 0	 חוֹפִי
פייה	 0	 0	 0	 0	 0	 0	 0	 0	 0	 0	 תחתית
תקימ יחד	 0	 0	 0	 0	 0	 0	 0	 0	 0	 0	 מעיל
דו קיומ	 0	 0	 0	 0	 0	 0	 0	 0	 0	 0	 ציפוי
דו קיומ	 0	 0	 0	 0	 0	 0	 0	 0	 0	 1	 לְשַׁדֵל
קפה	 0	 0	 0	 0	 0	 0	 0	 0	 0	 0	 קובלט
ארונ קבורה	 0	 0	 0	 0	 0	 0	 0	 0	 0	 0	 חַלוּק
שנ	 0	 0	 0	 0	 0	 0	 0	 0	 0	 0	 סַנדְלָר
נע	 0	 0	 0	 1	 0	 0	 0	 0	 0	 0	 קוֹבּרָה
אותו מקור	 0	 0	 0	 0	 0	 1	 0	 1	 0	 0	 קוֹקָאִין
קוגניציה	 0	 0	 0	 0	 0	 0	 0	 0	 0	 0	 תַרְנְגוֹל
קוגניטיבי	 0	 0	 0	 0	 0	 0	 0	 0	 0	 0	 תא הטייס
יבה	 0	 0	 0	 0	 0	 0	 0	 0	 0	 0	 קוקטייל
ידות	 0	 0	 0	 0	 0	 0	 0	 0	 0	 0	 קקאו
קוהרנטי	 0	 0	 0	 0	 0	 0	 0	 0	 0	 0	 גוֹלֶם
תלכדות	 0	 0	 0	 0	 0	 0	 0	 0	 0	 0	 בַּקָלָה
דת	 0	 0	 0	 0	 0	 0	 0	 0	 0	 0	 קוד
קבוצת אנשימ	 0	 0	 0	 0	 0	 0	 0	 0	 0	 0	 קודקס
סליל	 0	 0	 0	 0	 0	 0	 0	 0	 0	 0	 קודיפיקציה
פותל	 0	 0	 0	 0	 0	 0	 0	 0	 0	 0	 לקוד
טבע	 0	 0	 0	 0	 0	 0	 0	 0	 0	 0	 מְקַדֵם
יטת המטבע	 1	 0	 1	 1	 0	 1	 0	 0	 0	 0	 לִכפּוֹת
חפופ	 1	 0	 1	 1	 0	 1	 0	 1	 0	 0	 כְּפִיָה
יד המקרה	 0	 0	 0	 0	 0	 0	 0	 0	 0	 0	 כפייה
קריות	 0	 0	 0	 0	 0	 0	 1	 0	 0	 1	 לְהִתְקַיֵם יַחַד
חופפימ	 0	 0	 0	 0	 0	 0	 0	 0	 0	 0	 דוּ קִיוּם
קוקה קולה	 0	 0	 0	 0	 0	 0	 0	 0	 0	 1	 דו קיום
קר	 0	 0	 0	 0	 0	 0	 0	 0	 0	 0	 קפה
קרירות	 0	 0	 0	 1	 0	 1	 0	 1	 0	 0	 ארון קבורה
קרירות	 0	 0	 0	 0	 0	 0	 0	 0	 0	 0	 שֵׁן
קוליק	 0	 0	 0	 0	 0	 0	 1	 0	 0	 1	 מְשַׁכנֵעַ
תפ פעולה	 0	 0	 0	 0	 0	 0	 0	 0	 0	 0	 מְאוֹתוֹ מָקוֹר
תמוטטות	 0	 0	 0	 0	 0	 0	 0	 0	 0	 0	 קוגניציה
קולר	 0	 0	 0	 0	 0	 0	 1	 0	 0	 0	 קוגניטיבי
ות	 0	 0	 0	 0	 0	 0	 0	 0	 0	 0	 שְׁכִיבָה
טחונות	 0	 0	 0	 0	 0	 0	 1	 0	 0	 0	 לְכִידוּת
איסופ	 0	 0	 0	 0	 0	 0	 1	 0	 0	 0	 קוהרנטי
תפ לעבודה	 0	 0	 0	 0	 0	 0	 0	 0	 0	 1	 הִתלַכְּדוּת
אסופ	 0	 0	 0	 0	 0	 0	 1	 0	 0	 1	 מלוכדת
נאספו	 0	 0	 0	 0	 0	 0	 0	 0	 0	 0	 קבוצת אנשים
אוספ	 0	 0	 0	 0	 0	 0	 0	 0	 0	 0	 סליל
קולקטיבי	 0	 0	 0	 0	 0	 0	 0	 0	 0	 0	 מפותל
יחד	 0	 0	 0	 0	 0	 0	 0	 0	 0	 0	 מַטְבֵּעַ
אספנ	 0	 0	 0	 0	 0	 0	 0	 0	 0	 0	 שִׁיטַת הַמַטבֵּעַ
לה	 0	 0	 0	 0	 0	 0	 0	 0	 0	 0	 לַחפוֹף
קולג	 0	 0	 0	 0	 0	 0	 0	 0	 1	 0	 יָד הַמִקרֶה
תנגש	 0	 0	 0	 0	 0	 0	 0	 0	 0	 0	 מקריות
קולי	 0	 0	 0	 0	 0	 0	 0	 0	 0	 0	 חופפים
תנגשות	 0	 0	 0	 0	 0	 0	 0	 0	 0	 0	 קוֹקָה קוֹלָה
צרופ נסבות	 0	 0	 0	 0	 0	 1	 0	 0	 0	 0	 קַר
דבורי	 0	 0	 0	 0	 0	 1	 0	 0	 0	 0	 בקרירות
קנוניה	 1	 0	 1	 1	 0	 1	 0	 1	 0	 0	 קְרִירוּת
עי הגס	 0	 0	 0	 0	 0	 1	 0	 0	 0	 0	 קוליק
אלופ משנה	 0	 0	 0	 0	 0	 0	 0	 0	 0	 1	 מְשַׁתֵף פְּעוּלָה
קולוניאלי	 0	 0	 1	 1	 0	 1	 0	 1	 0	 0	 הִתמוֹטְטוּת
בה	 0	 0	 0	 0	 0	 0	 0	 0	 0	 0	 קוֹלָר
קולופונ	 0	 0	 0	 0	 0	 0	 0	 0	 0	 0	 לְהַשְׁווֹת
צבע	 0	 0	 0	 0	 0	 0	 0	 0	 0	 1	 בטחונות
צבעוניות	 0	 0	 0	 0	 0	 0	 0	 0	 0	 0	 איסוף
צבעוני	 0	 0	 0	 0	 0	 0	 0	 0	 0	 0	 שותף לעבודה
גוונ	 0	 0	 0	 0	 0	 0	 0	 0	 0	 0	 לאסוף
חסר צבע	 0	 0	 0	 0	 0	 0	 0	 0	 0	 0	 שנאספו
צבעימ	 0	 0	 0	 0	 0	 0	 0	 0	 0	 0	 אוסף
ענקי	 0	 0	 0	 0	 0	 0	 0	 0	 0	 0	 קולקטיבי
סוסונ	 0	 0	 0	 0	 0	 0	 1	 0	 0	 1	 יַחַד
טור	 0	 0	 0	 0	 0	 0	 0	 0	 0	 0	 אַסְפָן
עמודימ	 0	 0	 0	 0	 0	 0	 0	 0	 0	 0	 מִכלָלָה
תרדמת	 0	 0	 0	 0	 0	 0	 0	 0	 0	 0	 קולג'
תרדמת	 0	 0	 0	 0	 0	 0	 0	 0	 0	 0	 לְהִתְנַגֵשׁ
סרק	 0	 0	 0	 0	 0	 0	 0	 0	 0	 0	 קולי
חימה	 1	 0	 0	 0	 0	 1	 0	 0	 0	 0	 הִתנַגְשׁוּת
חמ	 0	 0	 0	 0	 0	 0	 0	 0	 0	 0	 צֵרוּף נְסִבּוֹת
קרבי	 0	 0	 0	 0	 0	 0	 0	 0	 0	 0	 דִבּוּרִי
קומבינציה	 1	 0	 1	 1	 0	 1	 0	 1	 0	 0	 קְנוּנִיָה
קומבינטורית	 0	 0	 0	 0	 0	 0	 0	 0	 0	 0	 המעי הגס
לב	 0	 0	 0	 0	 0	 0	 1	 0	 0	 1	 אלוף משנה
לב	 0	 0	 0	 0	 0	 0	 0	 0	 0	 0	 קוֹלוֹנִיאָלִי
דליק	 0	 0	 0	 0	 0	 0	 0	 0	 0	 0	 מוֹשָׁבָה
רפה	 0	 0	 0	 0	 0	 0	 0	 0	 0	 0	 קולופון
קומדיה	 0	 0	 0	 0	 0	 0	 0	 0	 0	 0	 צֶבַע
 שביט	 0	 0	 0	 0	 0	 0	 0	 0	 0	 0	 צבעוניות
נוחות	 0	 0	 0	 0	 0	 0	 0	 0	 0	 0	 צבעוני
צע	 0	 0	 0	 0	 0	 0	 0	 0	 0	 0	 גִוּוּן
קומי	 0	 0	 0	 0	 0	 0	 0	 0	 0	 0	 חֲסַר צֶבַע
קומי	 0	 0	 0	 0	 0	 0	 0	 0	 0	 0	 צבעים
גיע	 0	 0	 0	 0	 0	 0	 1	 0	 0	 0	 עֲנָקִי
פסיק	 0	 0	 0	 0	 0	 0	 0	 0	 0	 0	 סוּסוֹן
פקודה	 0	 0	 0	 0	 0	 0	 0	 0	 0	 0	 טור
פקד	 0	 0	 0	 0	 0	 0	 0	 0	 0	 0	 עמודים
פקד	 0	 0	 0	 1	 0	 1	 0	 1	 0	 0	 תרדמת
פיקוד	 0	 0	 0	 1	 0	 1	 0	 1	 0	 0	 בתרדמת
זכיר	 0	 0	 0	 0	 0	 0	 0	 0	 0	 0	 מַסרֵק
אזכרה	 1	 0	 0	 1	 0	 1	 0	 0	 0	 0	 לחימה
נצחה	 1	 0	 0	 1	 0	 1	 0	 0	 0	 0	 לוֹחֶם
תחיל	 1	 0	 0	 1	 0	 1	 0	 0	 0	 0	 קרבי
בח	 0	 0	 0	 0	 0	 0	 0	 0	 0	 0	 קוֹמבִּינַצִיָה
ראוי לשבח	 0	 0	 0	 0	 0	 0	 0	 0	 0	 0	 קומבינטורית
תאמ	 0	 0	 0	 0	 0	 0	 0	 0	 0	 0	 לְשַׁלֵב
תגובה	 0	 0	 0	 0	 0	 0	 0	 0	 0	 0	 מְשׁוּלָב
פרשנות	 0	 0	 0	 0	 0	 0	 0	 0	 0	 0	 דָלִיק
פרשנ	 0	 0	 0	 0	 0	 0	 0	 0	 0	 0	 שְׂרֵפָה
סחר	 0	 0	 0	 0	 0	 0	 0	 0	 0	 0	 קוֹמֶדִיָה
סחרי	 0	 0	 0	 0	 0	 0	 0	 0	 0	 0	 כוכב שביט
קומיסרית	 0	 1	 0	 0	 1	 0	 1	 0	 0	 1	 נוחות
עמלה	 0	 0	 0	 0	 0	 0	 0	 0	 0	 0	 מַצָע
נציב	 0	 0	 0	 0	 0	 0	 0	 0	 0	 0	 קוֹמִי
צע	 0	 0	 0	 0	 0	 0	 0	 0	 0	 0	 קוֹמִי
חויב	 0	 1	 0	 0	 0	 0	 0	 0	 0	 0	 מגיע
חויב	 0	 0	 0	 0	 0	 0	 0	 0	 0	 0	 פסיק
עדה	 0	 0	 0	 0	 0	 0	 0	 0	 0	 0	 פקודה
סחורה	 0	 0	 0	 0	 0	 0	 1	 0	 0	 1	 מְפַקֵד
קומודור	 0	 0	 0	 0	 0	 0	 0	 0	 0	 0	 מְפַקֵד
תפ	 0	 0	 0	 0	 0	 0	 1	 0	 0	 1	 פיקוד
דרכ כלל	 0	 1	 0	 0	 1	 0	 1	 1	 0	 0	 לְהַזכִּיר
דבר רגיל	 0	 1	 0	 0	 1	 0	 1	 0	 0	 0	 אַזכָּרָה
נחלת הכלל	 0	 1	 0	 0	 0	 0	 1	 0	 0	 0	 הנצחה
חבר העמימ	 0	 0	 0	 0	 0	 0	 0	 0	 0	 0	 להתחיל
רחש	 0	 0	 0	 0	 0	 0	 1	 0	 0	 0	 לְשַׁבֵּחַ
חוז מנהלי	 0	 0	 0	 0	 1	 0	 1	 0	 0	 1	 ראוי לשבח
ניתנ לתקשורת	 0	 0	 0	 0	 0	 0	 0	 0	 0	 0	 בהתאם
תקשר	 0	 0	 0	 0	 0	 0	 0	 0	 0	 0	 תגובה
תקשורת	 0	 0	 0	 0	 0	 0	 0	 0	 0	 0	 פַּרשָׁנוּת
תקשורתי	 0	 0	 0	 0	 0	 0	 1	 0	 0	 0	 פַּרשָׁן
תופ	 0	 0	 0	 0	 0	 0	 0	 0	 0	 1	 מִסְחָר
קומוניזמ	 0	 0	 0	 0	 0	 0	 0	 0	 0	 0	 מִסְחָרִי
קומוניסט	 0	 0	 0	 0	 0	 0	 0	 0	 0	 0	 קומיסרית
קהילה	 0	 0	 0	 0	 0	 0	 0	 0	 0	 1	 עמלה
חלפה	 0	 0	 0	 0	 0	 0	 0	 0	 0	 0	 נְצִיב
חלופי	 0	 0	 0	 0	 0	 0	 0	 0	 0	 0	 לְבַצֵעַ
נסיעות	 0	 0	 0	 0	 0	 1	 0	 1	 0	 0	 מחויב
נוסעימ	 0	 0	 0	 0	 0	 0	 1	 0	 0	 1	 מְחוּיָב
קומפקטי	 0	 0	 0	 0	 0	 0	 0	 0	 0	 1	 וַעֲדָה
דחיסה	 0	 0	 0	 0	 0	 0	 0	 0	 0	 0	 סְחוֹרָה
צפיפות	 0	 0	 0	 0	 0	 0	 1	 0	 0	 1	 קוֹמוֹדוֹר
יה	 0	 0	 0	 0	 0	 0	 0	 0	 0	 0	 מְשׁוּתָף
רעות	 0	 0	 0	 0	 0	 0	 0	 0	 0	 0	 בדרך כלל
חברה	 0	 1	 0	 0	 0	 0	 0	 0	 0	 1	 דָבָר רָגִיל
ר השוואה	 0	 0	 0	 0	 0	 0	 0	 0	 0	 0	 נחלת הכלל
יחסי	 0	 0	 0	 0	 0	 0	 1	 0	 0	 1	 חֶבֶר הָעַמִים
יחסית	 1	 0	 0	 0	 0	 1	 0	 0	 0	 0	 רַחַשׁ
אה	 0	 0	 0	 0	 0	 0	 0	 0	 0	 0	 מָחוֹז מִנהָלִי
תא	 0	 0	 0	 0	 0	 0	 0	 0	 0	 0	 ניתן לתקשורת
צפנ	 0	 0	 0	 0	 0	 0	 1	 0	 0	 1	 לתקשר
חמלה	 0	 0	 0	 0	 0	 0	 0	 0	 0	 1	 תִקשׁוֹרֶת
רחומ	 0	 0	 0	 0	 0	 0	 1	 0	 0	 0	 תקשורתי
תאימות	 0	 0	 0	 0	 1	 0	 1	 0	 0	 1	 שִׁתוּף
תואמ	 1	 0	 0	 1	 0	 1	 0	 1	 0	 0	 קוֹמוּנִיזם
פות	 0	 0	 0	 0	 0	 1	 0	 0	 0	 0	 קוֹמוּנִיסט
נאלצ	 0	 0	 0	 0	 0	 0	 1	 0	 0	 0	 קהילה
נע	 0	 0	 0	 0	 0	 0	 1	 0	 0	 0	 הַחלָפָה
קומנדיומ	 0	 0	 0	 0	 0	 0	 0	 0	 0	 0	 חִלוּפִי
פצות	 0	 0	 0	 0	 0	 0	 1	 0	 0	 0	 נסיעות
פיצוי	 0	 0	 0	 0	 0	 0	 0	 0	 0	 0	 נוסעים
פצה	 0	 0	 0	 0	 0	 0	 0	 0	 0	 1	 קוֹמפָּקטִי
יכולת	 0	 0	 0	 0	 0	 0	 0	 0	 0	 0	 דחיסה
ירות	 0	 0	 0	 0	 0	 0	 0	 0	 0	 0	 צְפִיפוּת
סמכ	 0	 0	 0	 0	 1	 0	 1	 0	 0	 1	 לוויה
תחרות	 0	 0	 0	 0	 0	 0	 0	 0	 0	 0	 רֵעוּת
תחרותי	 0	 0	 0	 0	 0	 0	 0	 0	 0	 0	 חֶברָה
תחרה	 0	 0	 0	 0	 0	 0	 0	 0	 0	 0	 בר השוואה
דרה	 0	 0	 0	 0	 0	 0	 0	 0	 0	 0	 יַחֲסִי
קט	 0	 0	 0	 0	 0	 0	 0	 0	 0	 0	 יַחֲסִית
אננות	 0	 0	 0	 0	 0	 0	 0	 0	 0	 0	 השוואה
אננ	 0	 0	 0	 0	 0	 0	 0	 0	 0	 0	 תָא
תלוננ	 0	 0	 0	 0	 0	 0	 0	 0	 0	 1	 מצפן
תלונה	 0	 0	 0	 1	 0	 0	 1	 0	 0	 0	 חֶמלָה
ימ	 0	 0	 0	 0	 0	 0	 1	 0	 0	 0	 רַחוּם
ימ	 0	 0	 0	 0	 0	 0	 1	 0	 0	 0	 תְאִימוּת
למ	 0	 0	 0	 0	 0	 0	 1	 0	 0	 0	 תוֹאֵם
חלוטינ	 0	 0	 0	 0	 0	 0	 0	 0	 0	 0	 לכפות
ות	 0	 0	 0	 0	 0	 0	 0	 0	 0	 0	 נאלץ
ימ	 0	 0	 0	 0	 0	 0	 1	 0	 0	 0	 משכנע
סיומ	 0	 0	 0	 0	 0	 0	 0	 0	 0	 0	 קומנדיום
רכב	 0	 1	 0	 0	 1	 0	 1	 0	 1	 1	 לפצות
רכבימ	 0	 0	 0	 0	 0	 0	 0	 0	 0	 0	 פיצוי
גונ	 0	 0	 0	 0	 0	 0	 1	 0	 0	 0	 מְפַצֶה
רכבות	 0	 0	 0	 0	 0	 0	 1	 0	 0	 1	 יְכוֹלֶת
ענות	 0	 0	 0	 0	 0	 0	 1	 0	 0	 1	 כשירות
תואמ	 0	 0	 0	 0	 0	 0	 1	 0	 0	 1	 מוסמך
סבכ	 0	 1	 0	 0	 0	 1	 0	 0	 0	 0	 תַחֲרוּת
רכב	 0	 0	 0	 0	 0	 0	 0	 0	 0	 0	 תַחֲרוּתִי
תסביכ	 0	 0	 0	 0	 0	 0	 0	 0	 0	 0	 מתחרה
תפות	 0	 0	 0	 0	 0	 0	 0	 0	 0	 0	 הַהדָרָה
חמאה	 0	 0	 0	 0	 0	 0	 0	 0	 0	 0	 לְלַקֵט
ענות	 0	 0	 0	 0	 0	 0	 1	 0	 0	 0	 שאננות
ציית	 0	 0	 0	 0	 0	 0	 0	 0	 0	 0	 שַׁאֲנָן
רכיב	 1	 0	 0	 0	 0	 1	 0	 1	 0	 0	 לְהִתְלוֹנֵן
חינ	 1	 0	 0	 0	 0	 1	 0	 0	 0	 0	 תְלוּנָה
רכב	 0	 1	 0	 0	 1	 0	 1	 0	 1	 1	 מַשׁלִים
חינ	 0	 0	 0	 0	 0	 0	 1	 0	 0	 0	 מַשׁלִים
רוכבימ	 0	 0	 0	 0	 0	 0	 0	 0	 0	 0	 הושלם
רכב	 0	 0	 0	 0	 0	 0	 1	 0	 0	 0	 לַחֲלוּטִין
קומפוסט	 0	 0	 0	 0	 0	 0	 1	 0	 0	 0	 שְׁלֵמוּת
קור רוח	 0	 1	 0	 0	 1	 0	 1	 0	 0	 0	 מַשׁלִים
תחמ	 0	 1	 0	 0	 1	 0	 1	 0	 0	 0	 סִיוּם
ינ	 0	 0	 0	 0	 0	 0	 0	 0	 0	 0	 מורכב
נה	 0	 0	 0	 0	 0	 1	 0	 0	 0	 0	 מורכבים
קיפ	 0	 0	 0	 0	 0	 0	 0	 0	 0	 0	 גָוֶן
דחוס	 0	 0	 0	 0	 0	 1	 0	 0	 0	 0	 מוּרכָּבוּת
דחוס	 0	 0	 0	 0	 0	 0	 1	 0	 0	 1	 הענות
דחיס	 0	 0	 0	 0	 0	 0	 1	 0	 0	 0	 תואם
דחיסה	 1	 0	 0	 0	 0	 1	 0	 0	 0	 0	 לסבך
וה	 0	 0	 0	 0	 0	 1	 0	 0	 0	 0	 מורכב
פשרה	 0	 0	 0	 0	 0	 1	 0	 0	 0	 0	 תַסבִּיך
קר	 0	 0	 0	 0	 0	 1	 1	 0	 0	 0	 שותפות
רח	 0	 1	 0	 0	 1	 0	 1	 0	 1	 1	 מַחֲמָאָה
חובה	 0	 0	 0	 0	 0	 0	 0	 0	 0	 0	 לְהֵעָנוֹת
ניתנ לחישוב	 0	 0	 0	 0	 0	 0	 0	 0	 0	 0	 מציית
חישוב	 0	 0	 0	 0	 0	 0	 0	 0	 0	 0	 compo
חשב	 0	 0	 0	 0	 0	 0	 0	 0	 0	 0	 רְכִיב
חשב	 0	 0	 0	 0	 0	 0	 0	 0	 0	 0	 לְהַלחִין
חבר	 0	 0	 0	 0	 0	 0	 1	 0	 0	 0	 מוּרכָּב
קונ	 0	 0	 0	 0	 0	 0	 1	 0	 0	 0	 מַלחִין
רשור	 0	 0	 0	 0	 0	 0	 0	 0	 0	 0	 מרוכבים
קעור	 0	 0	 0	 0	 0	 0	 0	 0	 0	 0	 הרכב
סתיר	 0	 0	 1	 0	 0	 1	 0	 0	 0	 0	 קוֹמפּוֹסט
סתיר	 0	 0	 0	 0	 0	 0	 1	 0	 0	 0	 קוֹר רוּחַ
סתרה	 0	 0	 0	 0	 0	 0	 0	 0	 0	 0	 מתחם
יהירות	 0	 0	 0	 0	 0	 0	 1	 0	 0	 0	 לִהַבִין
יהיר	 0	 0	 0	 0	 0	 0	 0	 0	 0	 0	 הֲבָנָה
תקבל על הדעת	 0	 0	 0	 0	 0	 0	 1	 0	 0	 0	 מַקִיף
תרכז	 1	 0	 0	 0	 0	 0	 0	 0	 0	 0	 לִדחוֹס
ריכוז	 0	 0	 0	 0	 0	 0	 0	 0	 0	 0	 דָחוּס
קונצנטרי	 0	 0	 0	 0	 0	 0	 0	 0	 0	 0	 דָחִיס
תפישה	 0	 0	 0	 0	 0	 0	 0	 0	 0	 0	 דְחִיסָה
דאגה	 0	 0	 0	 0	 0	 0	 0	 0	 0	 0	 מהווה
דאג	 0	 0	 0	 0	 0	 0	 0	 0	 0	 0	 פְּשָׁרָה
קונצרט	 0	 0	 0	 0	 0	 0	 0	 0	 0	 1	 מְבַקֵר
זכיונ	 1	 0	 0	 0	 0	 1	 0	 0	 0	 0	 כּוֹרַח
זלת	 0	 0	 0	 0	 0	 1	 0	 0	 0	 0	 חובה
ער	 0	 0	 0	 0	 0	 0	 0	 0	 0	 0	 ניתן לחישוב
פיוס	 0	 0	 0	 0	 0	 0	 0	 0	 0	 0	 חישוב
תמציתי	 0	 0	 0	 0	 0	 0	 0	 0	 0	 0	 לְחַשֵׁב
ישיבה סגורה	 0	 0	 0	 0	 0	 0	 0	 0	 0	 0	 מַחשֵׁב
סיק	 0	 0	 0	 0	 0	 0	 1	 0	 0	 1	 חָבֵר
סכמ	 0	 0	 0	 0	 0	 0	 0	 0	 0	 0	 קון
סיכומ	 0	 0	 0	 0	 0	 0	 0	 0	 0	 0	 שִׁרשׁוּר
צאה	 0	 0	 0	 0	 0	 0	 0	 0	 0	 0	 קָעוּר
קביל	 0	 0	 0	 0	 0	 1	 0	 1	 0	 0	 לְהַסתִיר
רמוניה	 0	 1	 0	 1	 0	 1	 0	 0	 1	 0	 הסתיר
קונקורדנציה	 1	 1	 0	 1	 0	 1	 0	 0	 0	 0	 הַסתָרָה
קונקורס	 0	 0	 0	 0	 0	 1	 0	 0	 0	 0	 יְהִירוּת
תקהלות	 0	 0	 0	 0	 0	 1	 0	 0	 0	 0	 יָהִיר
טונ	 0	 0	 0	 0	 0	 0	 0	 0	 0	 0	 מִתקָבֵּל עַל הַדַעַת
סכמה	 0	 0	 0	 0	 0	 0	 0	 0	 0	 0	 לְהִתְרַכֵּז
קביל	 0	 0	 0	 0	 0	 0	 0	 0	 0	 0	 ריכוז
סכימ	 0	 0	 0	 0	 0	 0	 1	 0	 0	 0	 קונצנטרי
זעזוע	 0	 0	 0	 0	 0	 0	 0	 0	 0	 0	 תְפִישָׂה
גנות	 0	 0	 0	 0	 0	 0	 0	 0	 0	 0	 דְאָגָה
קעה	 0	 0	 0	 1	 0	 0	 0	 1	 0	 0	 מודאג
תעבות	 0	 0	 0	 0	 0	 0	 0	 0	 0	 0	 קוֹנצֶרט
עובה	 0	 0	 0	 0	 0	 0	 0	 0	 0	 0	 זִכָּיוֹן
תנשא	 0	 0	 0	 0	 0	 0	 0	 0	 0	 0	 מוזלת
תנשאות	 0	 0	 0	 0	 0	 0	 0	 0	 0	 0	 שוֹעֶר
תבלינ	 0	 0	 0	 0	 1	 0	 1	 0	 0	 1	 פִּיוּס
צב	 0	 0	 0	 0	 0	 0	 0	 0	 0	 0	 תַמצִיתִי
תנה	 0	 0	 0	 0	 0	 0	 0	 0	 0	 0	 יְשִׁיבָה סְגוּרָה
אופנ מותנה	 0	 0	 0	 0	 0	 0	 0	 0	 0	 0	 לְהַסִיק
תנה	 0	 0	 0	 0	 0	 0	 1	 0	 0	 0	 מסכם
תנאימ	 0	 0	 0	 0	 0	 0	 0	 0	 0	 0	 סיכום
תנחומימ	 0	 0	 0	 0	 0	 0	 0	 0	 0	 0	 הַמצָאָה
סלוח	 0	 0	 0	 0	 0	 0	 0	 0	 0	 0	 במקביל
סיע	 0	 0	 0	 0	 0	 0	 1	 0	 0	 1	 הַרמוֹנִיָה
תנהגות	 0	 0	 0	 0	 0	 0	 1	 0	 0	 1	 קונקורדנציה
 חשמלית	 0	 0	 0	 0	 0	 0	 0	 0	 0	 0	 קונקורס
יכות	 0	 0	 0	 0	 0	 0	 0	 0	 0	 0	 הִתקַהֲלוּת
נצח	 0	 0	 0	 0	 0	 0	 0	 0	 0	 0	 בֵּטוֹן
תעלה	 0	 0	 0	 0	 0	 0	 0	 0	 0	 0	 הַסכָּמָה
קונוס	 0	 0	 0	 0	 0	 0	 0	 0	 0	 0	 במקביל
רית	 0	 0	 0	 0	 0	 0	 0	 0	 0	 0	 מסכים
תאחדות	 1	 0	 0	 0	 0	 1	 0	 1	 0	 0	 זַעֲזוּעַ
תיעצ	 1	 0	 0	 0	 0	 1	 0	 0	 0	 0	 לְגַנוֹת
עידה	 1	 1	 1	 1	 0	 1	 0	 1	 0	 0	 הוֹקָעָה
דות	 0	 0	 0	 0	 0	 0	 0	 0	 0	 0	 הִתְעַבּוּת
דאה	 0	 0	 0	 0	 0	 0	 0	 0	 0	 0	 מְעוּבֶּה
ית וידוי	 0	 0	 0	 0	 0	 1	 0	 0	 0	 0	 מתנשא
ידויימ	 1	 0	 1	 0	 0	 1	 0	 1	 0	 0	 התנשאות
טוח	 0	 0	 0	 0	 0	 0	 0	 0	 0	 0	 תַבלִין
אמונ	 0	 0	 0	 0	 0	 0	 0	 0	 0	 0	 מַצָב
טוח	 0	 0	 0	 0	 0	 0	 0	 0	 0	 0	 מותנה
סודי	 0	 0	 0	 0	 0	 0	 0	 0	 0	 0	 באופן מותנה
אופנ סודי	 0	 0	 0	 0	 0	 0	 0	 0	 0	 0	 מוּתנֶה
תצורה	 0	 0	 0	 0	 0	 0	 0	 0	 0	 0	 תנאים
גביל	 0	 0	 0	 0	 0	 0	 1	 1	 0	 0	 תַנחוּמִים
גבל	 0	 0	 0	 0	 0	 0	 1	 0	 0	 0	 לִסְלוֹחַ
יאה	 0	 0	 0	 0	 0	 0	 1	 0	 0	 0	 מְסַיֵעַ
גבולות	 0	 0	 0	 0	 0	 0	 0	 0	 0	 0	 התנהגות
אשר	 0	 0	 0	 0	 0	 0	 0	 0	 0	 0	 הוֹלָכָה חַשְׁמַלִית
אשור	 0	 0	 0	 0	 0	 0	 1	 0	 0	 0	 מוֹלִיכוּת
אשרת	 0	 0	 0	 0	 0	 0	 0	 0	 0	 0	 מנצח
אושר	 0	 0	 0	 0	 0	 0	 0	 0	 0	 0	 תְעָלָה
חרימ	 0	 0	 0	 0	 0	 0	 0	 0	 0	 0	 קוֹנוּס
חרמה	 0	 0	 0	 0	 0	 0	 1	 0	 0	 1	 בְּרִית
תבערה	 0	 0	 0	 0	 0	 0	 0	 0	 0	 0	 הִתאַחֲדוּת
סתירה	 0	 0	 0	 0	 0	 0	 0	 0	 0	 0	 להתיעץ
סותר	 0	 0	 0	 0	 0	 0	 0	 0	 0	 0	 וְעִידָה
פגש	 0	 0	 0	 0	 0	 1	 1	 0	 0	 1	 לְהוֹדוֹת
תאמה	 0	 1	 0	 1	 0	 1	 0	 1	 1	 0	 הוֹדָאָה
קונפורמציה	 0	 0	 0	 1	 0	 0	 0	 0	 0	 1	 בית וידוי
תואמנות	 0	 0	 0	 0	 0	 0	 0	 0	 0	 0	 וידויים
בל	 0	 0	 0	 0	 0	 0	 0	 0	 0	 1	 לִבטוֹחַ
בל	 0	 0	 0	 1	 1	 0	 1	 0	 0	 1	 אֵמוּן
תעמת	 0	 0	 0	 0	 1	 0	 1	 0	 0	 1	 בטוח
בל	 0	 0	 0	 0	 0	 0	 0	 0	 0	 1	 סוֹדִי
ול	 0	 0	 0	 0	 0	 0	 0	 0	 0	 1	 באופן סודי
קרוב ברוחו	 0	 0	 0	 0	 0	 0	 0	 0	 0	 0	 תְצוּרָה
דה	 1	 0	 0	 1	 0	 1	 0	 1	 0	 0	 להגביל
גודש	 1	 0	 1	 1	 0	 1	 0	 1	 0	 0	 מוּגבָּל
תלקיט	 1	 0	 0	 1	 0	 1	 0	 1	 0	 0	 כליאה
צבירה	 0	 0	 0	 0	 0	 0	 0	 0	 0	 0	 גְבוּלוֹת
רכת	 0	 0	 0	 0	 0	 0	 0	 0	 0	 0	 לְאַשֵׁר
תאספ	 0	 0	 0	 0	 0	 0	 0	 0	 0	 1	 אִשׁוּר
עדה	 0	 0	 0	 0	 0	 0	 0	 0	 0	 0	 מאשרת
קונגרס	 0	 0	 0	 0	 0	 0	 1	 0	 0	 1	 מְאוּשָׁר
קונגרס	 1	 0	 0	 0	 0	 1	 0	 1	 0	 0	 לְהַחרִים
חבר קונגרס	 0	 0	 0	 0	 0	 1	 0	 0	 0	 0	 הַחרָמָה
חופפות	 1	 0	 0	 1	 0	 1	 0	 0	 0	 0	 תַבעֵרָה
חרוטי	 1	 0	 0	 1	 0	 1	 0	 1	 0	 0	 סְתִירָה
חרוטי	 0	 0	 0	 0	 0	 1	 0	 0	 0	 0	 סוֹתֵר
ער	 0	 0	 0	 0	 0	 0	 0	 0	 0	 0	 מִפגָשׁ
זוגיות	 0	 0	 0	 0	 0	 0	 1	 0	 0	 0	 התאמה
טות	 0	 0	 0	 0	 0	 0	 0	 0	 0	 0	 קונפורמציה
נטיה	 0	 0	 0	 0	 0	 0	 0	 0	 0	 1	 תוֹאַמנוּת
צירופ	 0	 0	 0	 0	 0	 1	 0	 0	 0	 0	 לְבַלבֵּל
קשר	 0	 0	 0	 0	 0	 1	 0	 0	 0	 0	 מבולבל
עלות	 1	 0	 0	 0	 0	 0	 0	 0	 0	 0	 לְהִתְעַמֵת
עלה באוב	 0	 0	 0	 0	 0	 1	 0	 0	 0	 0	 לְבַלבֵּל
חבר	 1	 0	 0	 1	 0	 1	 0	 0	 0	 0	 בִּלבּוּל
חובר	 0	 0	 0	 0	 0	 0	 1	 0	 0	 0	 קָרוֹב בְּרוּחוֹ
חיבור	 0	 0	 0	 0	 0	 0	 0	 0	 0	 0	 מִלֵדָה
חיבור	 0	 0	 0	 0	 0	 1	 0	 0	 0	 0	 גוֹדֶשׁ
ידענ	 0	 0	 0	 0	 0	 0	 0	 0	 0	 1	 תַלקִיט
וש	 0	 0	 0	 0	 0	 0	 0	 0	 0	 0	 צְבִירָה
בש	 0	 0	 0	 0	 1	 0	 1	 0	 0	 0	 מברכת
יבוש	 0	 0	 0	 0	 0	 0	 0	 0	 0	 0	 לְהִתְאַסֵף
צפונ	 0	 0	 0	 0	 0	 0	 1	 0	 0	 1	 עֵדָה
על מצפונ	 0	 0	 1	 0	 0	 0	 0	 0	 0	 1	 קוֹנגרֶס
תודעה	 0	 0	 0	 0	 0	 0	 0	 0	 0	 0	 קונגרס
גיוס חובה	 0	 0	 0	 0	 0	 0	 0	 0	 0	 1	 חבר קונגרס
קדשה	 0	 0	 0	 0	 0	 0	 1	 0	 0	 1	 חוֹפְפוּת
עוקב	 0	 0	 0	 0	 0	 0	 0	 0	 0	 0	 חֲרוּטִי
סכמה	 0	 0	 0	 0	 0	 0	 0	 0	 0	 0	 חֲרוּטִי
סכמה	 0	 1	 0	 0	 0	 0	 0	 0	 0	 0	 לְשַׁעֵר
תוצאה	 0	 0	 0	 0	 0	 0	 0	 0	 0	 0	 זוגיות
עוקב	 0	 0	 0	 0	 0	 0	 0	 0	 0	 0	 לְהַטוֹת
ימור	 0	 0	 0	 0	 0	 0	 0	 0	 0	 0	 נְטִיָה
רנות	 0	 0	 0	 0	 0	 0	 0	 0	 0	 0	 צירוף
רני	 0	 0	 0	 0	 0	 0	 0	 0	 0	 0	 מְקַשֵׁר
קונסרבטוריונ	 0	 1	 0	 0	 0	 0	 0	 0	 1	 0	 לְהַעֲלוֹת
מר	 0	 0	 0	 0	 0	 1	 0	 0	 0	 0	 מעלה באוב
רב	 0	 0	 0	 0	 0	 0	 0	 0	 0	 0	 לְחַבֵּר
תחשב	 0	 0	 0	 0	 0	 0	 0	 0	 0	 0	 מְחוּבָּר
נמענ	 0	 0	 0	 0	 0	 0	 0	 0	 0	 0	 חיבור
גור	 0	 0	 0	 0	 0	 0	 0	 0	 0	 1	 חיבור
עקביות	 0	 0	 0	 0	 1	 0	 1	 0	 0	 1	 יַדעָן
עקבי	 0	 0	 0	 0	 0	 0	 0	 0	 0	 0	 לִכבּוֹשׁ
נחמה	 0	 0	 0	 0	 0	 0	 0	 0	 0	 0	 כּוֹבֵשׁ
נחמ	 1	 0	 0	 1	 0	 1	 0	 0	 0	 0	 כיבוש
גבש	 0	 0	 0	 0	 0	 0	 1	 0	 0	 1	 מַצְפּוּן
קונסולידציה	 0	 0	 0	 0	 0	 0	 1	 0	 0	 1	 בַּעַל מַצְפּוּן
עיצור	 0	 0	 0	 0	 0	 0	 1	 0	 0	 0	 תוֹדָעָה
ת זוג	 0	 0	 0	 0	 0	 0	 0	 0	 0	 0	 גִיוּס חוֹבָה
ט לעינ	 0	 1	 0	 0	 1	 0	 1	 1	 0	 1	 הַקדָשָׁה
קשר	 0	 0	 0	 0	 0	 0	 0	 0	 0	 0	 עוֹקֵב
קושר	 0	 0	 0	 0	 0	 0	 0	 0	 0	 0	 הַסכָּמָה
קשור קשר	 0	 0	 0	 0	 0	 0	 0	 0	 0	 0	 הסכמה
טר	 0	 0	 0	 0	 0	 0	 0	 0	 0	 0	 תוֹצָאָה
קביעות	 0	 1	 0	 0	 0	 0	 0	 0	 0	 0	 עוֹקֵב
קבוע	 0	 1	 0	 0	 0	 0	 1	 0	 0	 1	 שימור
תמיד	 0	 0	 0	 0	 0	 0	 0	 0	 0	 0	 שַׁמְרָנוּת
קבוצת כוכבימ	 0	 0	 0	 0	 0	 0	 0	 0	 0	 0	 שמרני
תדהמה	 0	 0	 0	 0	 0	 0	 0	 0	 0	 0	 קוֹנסֶרבָטוֹרִיוֹן
עצירות	 0	 0	 0	 0	 0	 0	 1	 0	 0	 0	 לְשַׁמֵר
רכיב	 0	 0	 0	 0	 0	 0	 1	 0	 0	 0	 רַב
רכיבימ	 0	 0	 0	 0	 0	 0	 1	 0	 0	 1	 מִתחַשֵׁב
ות	 0	 0	 0	 0	 0	 0	 0	 0	 0	 0	 נמען
חוקה	 0	 0	 0	 0	 0	 0	 0	 0	 0	 0	 מִשׁגוֹר
חוקתי	 0	 0	 0	 0	 0	 0	 1	 0	 0	 1	 עֲקֵבִיוּת
חוקתיות	 0	 0	 0	 0	 0	 0	 0	 0	 0	 0	 עִקבִי
ריח	 0	 0	 0	 0	 0	 0	 0	 0	 0	 0	 נֶחָמָה
גבל	 0	 0	 0	 0	 0	 0	 1	 1	 0	 0	 לְנַחֵם
אילוצ	 0	 0	 0	 0	 0	 0	 0	 0	 0	 0	 לְגַבֵּשׁ
נות	 0	 0	 0	 0	 0	 0	 0	 0	 0	 0	 קונסולידציה
ניה	 0	 0	 0	 0	 0	 0	 1	 0	 0	 0	 עיצור
פרש	 0	 0	 0	 0	 0	 0	 0	 0	 0	 1	 בַּת זוּג
קונסול	 0	 0	 0	 0	 0	 0	 0	 0	 0	 0	 בּוֹלֵט לָעַיִן
תיעצ	 0	 0	 0	 1	 0	 0	 0	 0	 0	 0	 קֶשֶׁר
יעוצ	 1	 1	 1	 1	 0	 1	 0	 0	 0	 0	 קוֹשֵׁר
צרוכ	 0	 0	 0	 1	 0	 1	 0	 0	 0	 0	 לִקְשׁוֹר קֶשֶׁר
צורכת	 0	 0	 0	 0	 0	 0	 0	 0	 0	 1	 שׁוֹטֵר
גשימ	 0	 0	 0	 0	 0	 0	 1	 0	 0	 1	 קְבִיעוּת
גשמה	 0	 0	 0	 0	 0	 0	 1	 0	 0	 1	 קָבוּעַ
צריכה	 0	 0	 0	 0	 0	 0	 0	 0	 0	 1	 תָמִיד
איש קשר	 0	 0	 0	 0	 0	 0	 0	 0	 0	 0	 קבוצת כוכבים
דבקה	 1	 0	 0	 1	 0	 1	 0	 0	 0	 0	 תַדְהֵמָה
דבק	 0	 0	 1	 0	 0	 1	 0	 0	 0	 0	 עצירות
ימה	 0	 0	 0	 0	 0	 0	 0	 0	 0	 0	 מַרכִּיב
זהמ	 0	 0	 0	 0	 0	 0	 0	 0	 0	 0	 מרכיבים
זוהמ	 0	 0	 0	 0	 0	 0	 0	 0	 0	 1	 לְהַווֹת
נגיעות	 0	 0	 0	 0	 0	 0	 0	 0	 0	 0	 חוּקָה
רהר	 0	 0	 0	 0	 0	 0	 1	 0	 0	 1	 חוּקָתִי
תבוננות	 0	 0	 0	 0	 0	 0	 0	 0	 0	 0	 חוקתיות
קוע בהרהורימ	 0	 0	 0	 1	 0	 1	 0	 0	 0	 0	 לְהַכרִיחַ
עכשווי	 0	 0	 0	 0	 0	 1	 0	 0	 0	 0	 מוגבל
עכשוי	 1	 0	 0	 1	 0	 1	 0	 1	 0	 0	 אילוץ
וז	 0	 0	 0	 0	 0	 0	 1	 0	 0	 0	 לִבנוֹת
זוי	 0	 0	 0	 0	 0	 0	 0	 0	 0	 0	 בְּנִיָה
זה	 0	 0	 0	 0	 0	 0	 0	 0	 0	 0	 לְפַרֵשׁ
תמודד	 0	 0	 0	 0	 0	 0	 0	 0	 0	 1	 קוֹנסוּל
תוכנ	 0	 0	 0	 0	 0	 0	 0	 0	 0	 1	 לְהִתְיַעֵץ
חלוקת	 0	 0	 0	 0	 0	 0	 0	 0	 0	 0	 יִעוּץ
נוי במחלוקת	 0	 0	 0	 0	 0	 0	 0	 0	 0	 0	 לִצְרוֹך
תוכנ	 0	 0	 0	 0	 0	 0	 0	 0	 0	 0	 צורכת
קשר	 0	 0	 0	 0	 0	 0	 1	 0	 0	 0	 לְהַגשִׁים
רציפ	 0	 0	 0	 0	 0	 0	 0	 0	 0	 0	 הַגשָׁמָה
תאפקות	 0	 0	 0	 0	 0	 0	 0	 0	 0	 0	 צְרִיכָה
יבשת	 0	 0	 0	 0	 0	 0	 1	 0	 0	 0	 איש קשר
יבשתי	 0	 1	 1	 1	 0	 1	 0	 0	 0	 0	 הַדבָּקָה
גירה	 0	 0	 1	 1	 0	 1	 0	 0	 0	 0	 מדבק
חת	 0	 0	 0	 0	 0	 0	 0	 0	 0	 0	 בלימה
תמשכ	 0	 0	 1	 0	 0	 1	 0	 0	 0	 0	 לְזַהֵם
א הרפ	 0	 0	 1	 1	 0	 1	 0	 1	 0	 0	 מְזוֹהָם
שכ	 0	 0	 1	 0	 0	 1	 0	 0	 0	 0	 נְגִיעוּת
שכ	 0	 0	 0	 0	 0	 0	 0	 0	 0	 0	 לְהַרהֵר
יכ	 0	 0	 0	 0	 0	 0	 1	 0	 0	 0	 הִתבּוֹנְנוּת
נמשכ	 0	 0	 0	 0	 0	 0	 0	 0	 0	 0	 שָׁקוּעַ בְּהִרהוּרִים
יכ	 0	 0	 0	 0	 0	 0	 0	 0	 0	 0	 עכשווי
יות	 0	 0	 0	 0	 0	 0	 0	 0	 0	 0	 עַכשָׁוִי
רציפ	 1	 0	 1	 1	 0	 1	 0	 0	 0	 0	 בּוּז
אופנ רציפ	 1	 0	 1	 0	 0	 1	 0	 0	 0	 0	 בָּזוּי
קווי המתאר	 1	 0	 0	 0	 0	 1	 0	 0	 0	 0	 מבזה
סחורה מוברחת	 0	 0	 0	 0	 0	 0	 0	 0	 0	 0	 מתמודד
חוזה	 0	 0	 0	 0	 1	 0	 1	 0	 0	 1	 תוֹכֶן
וצ	 0	 0	 0	 0	 0	 0	 0	 0	 0	 0	 מַחֲלוֹקֶת
יצ	 1	 0	 1	 1	 0	 1	 0	 0	 0	 0	 שנוי במחלוקת
קבלנות	 0	 0	 0	 0	 0	 0	 0	 0	 0	 0	 תוכן
צמצומ	 0	 0	 0	 0	 0	 0	 0	 0	 0	 0	 הֶקשֵׁר
סתור	 0	 0	 0	 0	 0	 0	 0	 0	 0	 0	 רציף
סתירה	 0	 0	 0	 0	 0	 0	 0	 0	 0	 0	 הִתאַפְּקוּת
סותר	 0	 0	 0	 0	 0	 0	 0	 0	 0	 0	 יַבֶּשֶׁת
פכ	 0	 0	 0	 0	 0	 0	 0	 0	 0	 0	 יַבַּשׁתִי
ניגוד	 0	 0	 0	 0	 0	 0	 0	 0	 0	 0	 מגירה
ניגוד	 0	 1	 0	 0	 0	 0	 0	 0	 0	 0	 מִשׁלַחַת
פר	 0	 0	 0	 0	 0	 0	 0	 0	 0	 0	 מִתמַשֵׁך
פרה	 0	 0	 0	 0	 0	 0	 0	 0	 0	 0	 ללא הרף
תרומ	 0	 0	 0	 0	 0	 0	 0	 0	 0	 0	 הֶמְשֵׁך
תורמ	 0	 1	 0	 0	 0	 0	 0	 0	 0	 0	 הֶמְשֵׁך
ימ	 0	 1	 0	 0	 0	 0	 1	 0	 0	 1	 לְהַמשִׁיך
וט	 0	 0	 0	 0	 0	 0	 0	 0	 0	 0	 נמשך
נוי במחלוקת	 0	 0	 0	 0	 0	 0	 0	 0	 0	 0	 ממשיך
חלוקת	 0	 0	 0	 0	 0	 0	 0	 0	 0	 0	 הֶמשֵׁכִיוּת
חידה	 0	 0	 0	 0	 0	 0	 0	 0	 0	 0	 רָצִיף
חלימ	 0	 0	 0	 0	 0	 0	 0	 0	 0	 0	 באופן רציף
ת חומ	 0	 0	 0	 0	 0	 0	 1	 0	 0	 0	 קווי המתאר
נס	 1	 0	 1	 1	 0	 1	 0	 0	 0	 0	 סחורה מוברחת
נוחות	 0	 0	 0	 0	 0	 0	 0	 0	 0	 0	 חוֹזֶה
נוחות	 0	 0	 0	 0	 0	 1	 0	 0	 0	 0	 מְכוּוָץ
נוח	 0	 0	 0	 0	 0	 0	 0	 0	 0	 0	 כָּוִיץ
נזר	 0	 0	 0	 0	 0	 0	 0	 0	 0	 0	 קַבְּלָנוּת
אמנה	 0	 0	 0	 0	 0	 0	 0	 0	 0	 0	 צִמצוּם
סכמ	 1	 0	 0	 0	 0	 1	 0	 0	 0	 0	 לִסְתוֹר
תכנס	 0	 0	 0	 0	 0	 1	 0	 0	 0	 0	 סְתִירָה
תכנסות	 0	 0	 0	 0	 0	 1	 0	 0	 0	 0	 סוֹתֵר
תכנס	 0	 0	 0	 0	 0	 1	 0	 0	 0	 0	 להפך
קי	 0	 0	 0	 0	 0	 0	 0	 0	 0	 0	 בניגוד
יחה	 0	 0	 0	 0	 0	 1	 0	 0	 0	 0	 בניגוד
יחה	 0	 0	 0	 0	 0	 1	 0	 0	 0	 0	 לְהָפֵר
חח	 0	 0	 0	 0	 0	 1	 0	 0	 0	 0	 הֲפָרָה
חחימ	 0	 0	 0	 0	 0	 0	 1	 0	 0	 0	 לתרום
רה	 0	 0	 0	 0	 0	 0	 1	 0	 0	 1	 תוֹרֵם
יר	 0	 0	 0	 0	 0	 0	 0	 0	 0	 0	 מְבוּיָם
מר	 0	 0	 0	 0	 0	 0	 0	 0	 0	 0	 לִשְׁלוֹט
נית עמ גג פתוח	 1	 0	 0	 0	 0	 1	 0	 0	 0	 0	 שנוי במחלוקת
קמור	 0	 0	 0	 0	 0	 1	 0	 0	 0	 0	 מַחֲלוֹקֶת
קמירות	 0	 0	 0	 0	 0	 0	 0	 0	 0	 0	 חידה
עביר	 0	 0	 0	 0	 0	 0	 0	 0	 0	 0	 מַחֲלִים
עברה	 0	 0	 0	 0	 0	 0	 0	 0	 0	 0	 הולכת חום
ינוע	 0	 0	 0	 0	 0	 0	 0	 0	 0	 0	 לְכַנֵס
אסיר	 0	 0	 0	 0	 0	 0	 1	 0	 0	 0	 נוֹחוּת
רשעה	 0	 0	 0	 0	 0	 0	 0	 0	 0	 0	 נוחות
נע	 0	 0	 0	 0	 0	 0	 1	 0	 0	 0	 נוֹחַ
נע	 0	 0	 0	 0	 0	 0	 1	 0	 0	 1	 מִנזָר
נע	 0	 0	 0	 0	 0	 0	 1	 0	 0	 0	 אֲמָנָה
קרא	 0	 0	 0	 0	 0	 0	 0	 0	 0	 0	 מוּסכָּם
פותל	 0	 0	 0	 0	 0	 0	 0	 0	 0	 0	 לְהִתְכַּנֵס
פיתול	 0	 1	 0	 0	 0	 0	 0	 0	 0	 0	 הִתכַּנְסוּת
יירה	 0	 0	 0	 0	 0	 0	 0	 0	 0	 0	 מִתכַּנֵס
קו	 0	 0	 0	 0	 0	 0	 1	 0	 0	 0	 בָּקִי
של	 0	 0	 0	 0	 0	 0	 0	 0	 0	 0	 שִׂיחָה
אמנות הבשול	 0	 0	 0	 0	 0	 0	 1	 0	 0	 0	 שיחה
ישול	 0	 0	 0	 0	 0	 0	 0	 0	 0	 0	 לְשׂוֹחֵחַ
גניב	 0	 0	 0	 0	 0	 0	 0	 0	 0	 0	 משוחחים
צננ	 0	 0	 0	 0	 0	 0	 0	 0	 0	 0	 הֲמָרָה
תקררות	 0	 0	 0	 0	 0	 0	 1	 0	 0	 0	 להמיר
קרירות	 0	 0	 0	 0	 0	 0	 0	 0	 0	 0	 הומר
ול	 0	 0	 0	 0	 0	 0	 0	 0	 0	 0	 מכונית עם גג פתוח
תפ פעולה	 0	 0	 0	 0	 0	 0	 0	 0	 0	 0	 קָמוּר
יתופ פעולה	 0	 0	 0	 0	 0	 0	 0	 0	 0	 0	 קְמִירוּת
יתופ פעולה	 0	 0	 0	 0	 0	 0	 0	 0	 0	 0	 לְהַעֲבִיר
יתופי	 0	 0	 0	 0	 0	 0	 0	 0	 0	 0	 הַעֲבָרָה
תאמ	 0	 0	 0	 0	 0	 0	 0	 0	 0	 1	 שינוע
טר	 1	 0	 1	 1	 0	 1	 0	 1	 0	 0	 אָסִיר
פע	 0	 0	 0	 0	 0	 1	 0	 0	 0	 0	 הַרשָׁעָה
נחושת	 0	 1	 0	 0	 0	 0	 1	 0	 0	 1	 לְשַׁכְנֵעַ
עותק	 0	 0	 0	 0	 0	 0	 0	 0	 0	 1	 מְשׁוּכנָע
עתקה	 0	 0	 0	 0	 0	 0	 0	 0	 0	 1	 משכנע
עתקה	 0	 0	 0	 0	 0	 0	 0	 0	 0	 0	 מִקרָא
זכויות יוצרימ	 0	 0	 0	 0	 0	 0	 0	 0	 0	 0	 מְפוּתָל
אלמוג	 0	 0	 0	 0	 0	 0	 0	 0	 0	 0	 פיתול
חוט	 0	 0	 0	 0	 0	 0	 0	 0	 0	 0	 שיירה
רשרת	 0	 0	 0	 0	 0	 0	 0	 0	 0	 0	 קו
קורדרוי	 0	 0	 0	 0	 0	 0	 0	 0	 0	 0	 לְבַשֵׁל
יבה	 0	 0	 0	 0	 0	 0	 0	 0	 0	 0	 אָמָנוּת הַבִּשׁוּל
פקק	 0	 0	 0	 0	 0	 0	 0	 0	 0	 0	 בישול
חולצ	 0	 0	 0	 0	 0	 0	 1	 0	 0	 0	 מגניב
תירס	 0	 0	 0	 0	 0	 0	 0	 0	 0	 0	 מְצַנֵן
קרנית	 0	 0	 0	 0	 0	 0	 0	 0	 0	 0	 הִתקָרְרוּת
פינה	 0	 0	 0	 0	 0	 0	 1	 0	 0	 0	 קְרִירוּת
קורנית	 1	 0	 1	 0	 0	 1	 0	 0	 0	 0	 לול
רכוב	 0	 0	 0	 0	 0	 0	 1	 0	 0	 0	 לְשַׁתֵף פְּעוּלָה
עמילנ תירס	 0	 0	 0	 0	 0	 0	 1	 0	 0	 1	 שיתוף פעולה
תוצאה ישירה	 0	 0	 0	 0	 0	 0	 1	 0	 0	 1	 שיתוף פעולה
עטרה	 0	 0	 0	 0	 0	 0	 1	 0	 0	 1	 שיתופי
תרה	 0	 0	 0	 0	 0	 0	 0	 0	 0	 0	 לְתַאֵם
חוקר מקרי המוות	 0	 0	 0	 1	 0	 0	 0	 0	 0	 1	 שׁוֹטֵר
רב טוראי	 0	 0	 0	 0	 0	 0	 0	 0	 0	 0	 שׁוֹפֵעַ
תאגיד	 0	 0	 0	 0	 0	 0	 0	 0	 0	 0	 נְחוֹשֶׁת
תאגיד	 0	 0	 0	 0	 0	 1	 0	 0	 0	 0	 עותק
גשמי	 1	 0	 1	 0	 0	 1	 0	 0	 0	 0	 העתקה
חיל	 0	 0	 0	 0	 0	 0	 0	 0	 0	 0	 הַעתָקָה
גופה	 0	 0	 0	 0	 0	 0	 0	 0	 0	 0	 זכויות יוצרים
קורפוס	 0	 0	 0	 0	 0	 0	 0	 0	 0	 0	 אלמוג
וא	 0	 0	 0	 0	 0	 0	 0	 0	 0	 0	 חוּט
תיקונ	 0	 0	 0	 0	 0	 0	 0	 0	 0	 0	 שַׁרשֶׁרֶת
אמצעי מתקנ	 0	 0	 0	 0	 0	 0	 0	 0	 0	 0	 קוֹרדֶרוֹי
נכונות	 0	 0	 0	 0	 0	 0	 1	 0	 0	 0	 הליבה
תאמ	 0	 0	 0	 0	 0	 0	 0	 0	 0	 0	 פְּקָק
גומל	 0	 0	 0	 0	 0	 0	 0	 0	 0	 0	 חוֹלֵץ
תכתב	 0	 0	 0	 0	 0	 0	 0	 0	 0	 0	 תירס
תכתבות	 0	 0	 0	 0	 0	 0	 0	 0	 0	 0	 קַרנִית
תב	 0	 0	 0	 0	 0	 0	 0	 0	 0	 0	 פינה
פרוזדור	 0	 0	 0	 0	 0	 0	 0	 0	 0	 0	 קוֹרנִית
אמת	 0	 0	 0	 0	 0	 0	 0	 0	 0	 0	 כרכוב
אישור	 0	 0	 0	 0	 0	 0	 0	 0	 0	 0	 עמילן תירס
קורוזיה	 0	 0	 0	 0	 0	 0	 0	 0	 0	 0	 תוֹצָאָה יָשִׁירָה
אכל	 0	 0	 0	 0	 0	 0	 0	 0	 0	 0	 עֲטָרָה
חת	 0	 0	 0	 0	 1	 0	 1	 0	 0	 1	 הַכתָרָה
חית	 0	 0	 0	 0	 0	 1	 0	 0	 0	 0	 חוקר מקרי המוות
חיתות	 0	 0	 0	 0	 0	 1	 0	 0	 0	 0	 רב טוראי
חוכ	 0	 0	 0	 0	 0	 0	 0	 0	 0	 0	 תאגיד
קליפת המוח	 0	 0	 0	 0	 0	 0	 1	 0	 0	 1	 תַאֲגִיד
קליפת המוח	 0	 0	 0	 0	 0	 0	 1	 0	 0	 0	 גַשׁמִי
קורבט	 0	 0	 0	 0	 0	 0	 0	 0	 0	 0	 חַיִל
קוסמטי	 0	 0	 1	 0	 0	 1	 0	 1	 0	 0	 גוּפָה
קוסמטיקה	 0	 0	 0	 0	 0	 0	 0	 0	 0	 0	 קורפוס
קוסמי	 0	 0	 0	 0	 0	 0	 0	 0	 0	 0	 לִכלוֹא
קוסמולוגיה	 0	 0	 0	 0	 0	 1	 0	 0	 0	 0	 תיקון
קוסמופוליטי	 0	 0	 0	 0	 0	 0	 1	 0	 0	 0	 אֶמְצָעִי מְתַקֵן
קוסמוס	 0	 0	 0	 0	 0	 0	 0	 0	 0	 1	 נְכוֹנוּת
עלות	 0	 0	 0	 0	 0	 0	 0	 0	 0	 0	 מתאם
יקר	 0	 0	 0	 0	 0	 0	 0	 0	 0	 0	 גוֹמֵל
תחפושת	 0	 0	 0	 0	 0	 0	 0	 0	 0	 0	 לְהִתְכַּתֵב
נוח	 0	 1	 0	 0	 0	 0	 1	 0	 0	 0	 הִתכַּתְבוּת
עריסה	 0	 0	 0	 0	 0	 0	 0	 0	 0	 0	 כַתָב
קתה	 0	 0	 0	 0	 0	 0	 0	 0	 0	 0	 פְּרוֹזדוֹר
תנה	 0	 0	 0	 0	 0	 0	 1	 0	 0	 1	 לְאַמֵת
ספה	 0	 0	 0	 0	 0	 0	 0	 0	 0	 1	 אישור
פומה	 0	 0	 0	 0	 0	 1	 0	 0	 0	 0	 קורוזיה
תעל	 0	 0	 0	 1	 0	 1	 0	 0	 0	 0	 מְאַכֵּל
עצה	 0	 0	 0	 0	 0	 1	 0	 0	 0	 0	 מוּשׁחָת
עצה	 1	 0	 1	 1	 0	 1	 0	 1	 0	 0	 משחית
יועצ	 0	 0	 1	 0	 0	 1	 0	 0	 0	 0	 שְׁחִיתוּת
יועצ	 0	 0	 0	 0	 0	 0	 0	 1	 0	 0	 corse
ספור	 0	 0	 0	 0	 0	 0	 0	 0	 0	 0	 מָחוֹך
ספירה לאחור	 0	 0	 0	 0	 0	 0	 0	 0	 0	 0	 קליפת המוח
ארשת פנימ	 0	 0	 0	 0	 0	 0	 0	 0	 0	 0	 קליפת המוח
דלפק	 0	 0	 0	 0	 0	 0	 0	 0	 0	 0	 קורבט
נטרל	 0	 0	 0	 0	 0	 0	 0	 0	 0	 0	 קוֹסמֵטִי
איזונ נגד	 0	 0	 0	 0	 0	 0	 0	 0	 0	 0	 קוסמטיקה
תביעה שכנגד	 0	 0	 0	 0	 0	 0	 0	 0	 0	 0	 קוֹסמִי
עמית	 0	 0	 0	 0	 0	 0	 0	 0	 0	 0	 קוסמולוגיה
רוזנת	 0	 0	 0	 0	 0	 0	 1	 0	 0	 1	 קוסמופוליטי
אינספור	 0	 0	 0	 0	 0	 0	 0	 0	 0	 0	 קוֹסמוֹס
דינה	 0	 0	 0	 0	 0	 0	 0	 0	 0	 0	 עֲלוּת
פרי	 0	 0	 0	 0	 0	 0	 0	 0	 0	 0	 יקר
נחשב	 0	 0	 0	 0	 0	 0	 0	 0	 0	 0	 תחפושת
חוז	 0	 0	 0	 0	 0	 0	 1	 0	 0	 0	 נוֹחַ
צעד מפתיע	 0	 0	 0	 0	 0	 0	 0	 0	 0	 0	 עריסה
זוג	 0	 0	 0	 0	 0	 0	 0	 0	 0	 0	 cote
צומד	 0	 0	 0	 0	 0	 0	 0	 0	 0	 0	 בקתה
קופונ	 0	 0	 0	 0	 0	 0	 0	 0	 0	 0	 כותנה
אומצ	 0	 0	 0	 0	 0	 0	 0	 1	 0	 0	 סַפָּה
אמיצ	 0	 0	 0	 0	 0	 0	 0	 0	 0	 0	 פומה
יח	 0	 0	 1	 0	 0	 1	 0	 0	 0	 0	 לְהִשְׁתַעֵל
קורסימ	 0	 1	 0	 0	 0	 0	 1	 0	 0	 1	 מועצה
ציד ארנבות	 0	 0	 0	 0	 0	 0	 1	 0	 0	 1	 עֵצָה
ית משפט	 1	 0	 0	 1	 0	 1	 0	 0	 0	 1	 יועץ
אדיב	 0	 0	 0	 0	 0	 0	 1	 0	 0	 1	 יועץ
דרכ ארצ	 0	 0	 0	 0	 0	 0	 1	 0	 0	 1	 לספור
ית המשפט	 0	 1	 0	 0	 0	 0	 0	 0	 0	 0	 ספירה לאחור
תי משפט	 0	 0	 0	 0	 0	 0	 0	 0	 0	 0	 אַרֶשֶׁת פָּנִים
חיזור	 0	 0	 0	 0	 0	 0	 0	 0	 0	 0	 דֶלְפֵּק
חצר	 0	 0	 0	 0	 0	 0	 0	 0	 0	 0	 לְנַטְרֵל
פרצ	 0	 0	 0	 0	 0	 0	 0	 0	 0	 0	 איזון נגד
רית	 0	 0	 0	 0	 0	 0	 0	 0	 0	 0	 תביעה שכנגד
יסוי	 0	 0	 0	 0	 0	 0	 0	 0	 0	 0	 עָמִית
סמוי	 0	 0	 0	 0	 0	 0	 1	 0	 0	 0	 רוֹזֶנֶת
יסוי	 0	 0	 0	 0	 0	 0	 0	 0	 0	 0	 אינספור
סמוי	 0	 0	 0	 0	 0	 0	 0	 0	 0	 0	 מדינה
חמוד	 0	 0	 0	 0	 0	 0	 0	 0	 0	 1	 כפרי
פרה	 0	 0	 0	 0	 0	 0	 0	 0	 0	 0	 נחשב
פחדנ	 0	 0	 0	 0	 0	 0	 0	 0	 0	 1	 מָחוֹז
פחדנות	 1	 0	 0	 0	 0	 0	 0	 0	 1	 0	 צַעַד מַפתִיעַ
פחדני	 0	 0	 0	 0	 0	 0	 0	 0	 0	 0	 זוּג
קר	 0	 0	 0	 0	 0	 0	 0	 0	 0	 0	 מְצוּמָד
עור פרה	 0	 0	 0	 0	 0	 0	 0	 0	 0	 0	 קוּפּוֹן
רדס	 0	 0	 0	 0	 0	 0	 1	 0	 0	 0	 אומץ
עמית לעבודה	 0	 0	 0	 1	 0	 0	 1	 0	 0	 0	 אַמִיץ
צנוע	 0	 0	 0	 0	 0	 0	 0	 0	 0	 1	 שָׁלִיחַ
זאב ערבות	 0	 0	 0	 0	 0	 0	 0	 0	 0	 0	 קורסים
סרטנ	 0	 0	 0	 0	 0	 1	 0	 0	 0	 0	 צַיִד אַרנָבוֹת
טורלל	 1	 1	 0	 1	 0	 0	 0	 0	 0	 0	 בית משפט
סדק	 0	 0	 0	 0	 0	 0	 1	 0	 0	 0	 אָדִיב
סדוק	 0	 0	 0	 0	 0	 0	 1	 0	 0	 0	 דרך ארץ
ציה	 0	 0	 0	 0	 0	 0	 0	 0	 0	 0	 בית המשפט
סדקות	 0	 0	 0	 0	 0	 0	 0	 0	 0	 0	 בתי משפט
יע קול פצוח	 0	 1	 0	 0	 1	 0	 1	 0	 0	 1	 חיזור
ערש	 0	 0	 0	 0	 0	 0	 0	 0	 0	 0	 חָצֵר
אכה	 0	 1	 1	 1	 1	 0	 1	 0	 0	 0	 מִפרָץ
אומנ	 0	 0	 0	 0	 0	 0	 1	 0	 0	 1	 ברית
ערמומי	 0	 0	 0	 0	 0	 0	 0	 0	 0	 1	 כיסוי
קרייג	 0	 0	 0	 0	 0	 0	 0	 0	 0	 0	 סמוי
דחוסימ	 0	 0	 0	 0	 0	 0	 0	 0	 0	 0	 כיסוי
גביל	 0	 0	 0	 0	 0	 0	 0	 0	 0	 0	 סָמוּי
וצ	 0	 0	 0	 0	 0	 1	 0	 0	 0	 0	 לַחמוֹד
נופ	 0	 0	 0	 0	 0	 0	 0	 0	 0	 0	 פָּרָה
גולגולת	 0	 0	 1	 1	 0	 1	 0	 1	 0	 0	 פחדן
ננת	 0	 0	 0	 1	 0	 1	 0	 0	 0	 0	 פַּחדָנוּת
עצבני	 0	 0	 0	 1	 0	 1	 0	 0	 0	 0	 פַּחדָנִי
טויות	 0	 0	 0	 0	 0	 0	 0	 0	 0	 0	 בּוֹקֵר
טויות	 0	 0	 0	 0	 0	 0	 0	 0	 0	 0	 עור פרה
תרסק	 0	 0	 0	 0	 0	 0	 0	 0	 0	 0	 בַּרדָס
ארגז	 0	 0	 0	 0	 0	 0	 0	 0	 0	 0	 עמית לעבודה
תש	 0	 0	 0	 1	 0	 0	 0	 0	 0	 0	 צָנוּעַ
תוקק	 0	 0	 0	 1	 0	 0	 0	 0	 0	 0	 זְאֵב עֲרָבוֹת
תוקקות	 0	 0	 0	 0	 0	 0	 0	 0	 0	 0	 סרטן
סרטנ הנהרות	 1	 0	 0	 0	 0	 1	 0	 0	 0	 0	 מטורלל
זחול	 0	 0	 0	 0	 0	 1	 0	 0	 0	 0	 סדק
עפרונות צבעוניימ	 1	 0	 0	 1	 0	 1	 0	 0	 0	 0	 סדוק
יגעונ	 0	 0	 0	 0	 0	 0	 0	 0	 0	 0	 מַציָה
טרפ	 0	 0	 0	 0	 0	 1	 0	 0	 0	 0	 הִסָדְקוּת
טורפ	 0	 0	 0	 0	 0	 0	 0	 0	 0	 0	 לְהַשְׁמִיעַ קוֹל פִּצוּחַ
חריקה	 0	 1	 0	 0	 1	 0	 1	 0	 0	 1	 עֶרֶשׂ
קרמ	 0	 0	 0	 0	 0	 0	 1	 0	 0	 0	 מְלָאכָה
נת	 0	 0	 0	 0	 0	 0	 1	 0	 0	 0	 אוּמָן
קרמ	 0	 0	 0	 0	 0	 0	 0	 0	 0	 0	 עַרמוּמִי
קמט	 0	 0	 0	 0	 0	 0	 0	 0	 0	 0	 קרייג
יצור	 0	 0	 0	 0	 0	 0	 0	 0	 0	 0	 דחוסים
יצירה	 0	 1	 0	 0	 0	 1	 0	 0	 0	 0	 לְהַגבִּיל
יצירתי	 0	 0	 0	 0	 0	 1	 0	 0	 0	 0	 מְכוּוָץ
רא	 0	 0	 0	 0	 0	 0	 0	 0	 0	 0	 מנוף
יצור	 0	 0	 0	 0	 0	 0	 0	 0	 0	 0	 גוּלגוֹלֶת
אמינות	 0	 0	 0	 0	 0	 1	 0	 0	 0	 0	 כַּנֶנֶת
תעודה	 1	 0	 0	 0	 0	 1	 0	 0	 0	 0	 עצבני
אישורימ	 0	 0	 1	 0	 0	 1	 0	 0	 0	 0	 שְׁטוּיוֹת
אמינות	 0	 1	 0	 0	 0	 0	 0	 0	 0	 0	 שטויות
ימנ	 0	 0	 0	 1	 0	 1	 0	 1	 1	 0	 לְהִתְרַסֵק
אשראי	 0	 0	 0	 0	 0	 0	 0	 0	 0	 0	 אַרְגָז
ראוי לשבח	 0	 0	 0	 0	 0	 0	 0	 0	 0	 0	 מַכְתֵשׁ
זיכוי	 0	 1	 0	 0	 0	 0	 0	 0	 0	 0	 לְהִשְׁתוֹקֵק
זיכוי	 0	 1	 0	 0	 0	 0	 0	 0	 0	 0	 השתוקקות
נושה	 0	 0	 0	 0	 0	 0	 0	 0	 0	 0	 סַרטַן הַנַהֲרוֹת
אני מאמינ	 0	 0	 1	 0	 0	 1	 0	 0	 0	 0	 לִזחוֹל
נחל	 0	 0	 0	 0	 0	 0	 0	 0	 0	 0	 עפרונות צבעוניים
זחילה	 0	 0	 0	 0	 0	 0	 0	 0	 0	 0	 שיגעון
זחילה	 1	 0	 0	 1	 0	 1	 0	 0	 0	 0	 מוטרף
רפה	 1	 0	 0	 1	 0	 1	 0	 1	 0	 0	 מְטוּרָף
קריאולי	 0	 0	 0	 0	 0	 1	 0	 0	 0	 0	 חריקה
קרשנדו	 0	 1	 0	 0	 1	 0	 1	 0	 1	 0	 קרם
חצי סהר	 0	 0	 0	 0	 0	 0	 0	 0	 0	 0	 שמנת
קיע	 0	 0	 0	 0	 0	 0	 0	 0	 0	 0	 מוּקרָם
צוות	 0	 0	 0	 0	 0	 0	 0	 0	 0	 0	 קֶמֶט
עריסה	 0	 0	 0	 0	 1	 0	 1	 0	 0	 0	 לִיצוֹר
קריקט	 0	 0	 0	 0	 0	 0	 0	 0	 0	 0	 יצירה
פשע	 0	 0	 0	 0	 0	 0	 1	 0	 0	 0	 יְצִירָתִי
פלילי	 0	 0	 0	 0	 0	 0	 0	 0	 0	 0	 בורא
עבריינות	 0	 0	 1	 1	 0	 1	 0	 0	 0	 0	 יְצוּר
חיצה	 0	 0	 0	 0	 0	 0	 1	 0	 0	 1	 אמינות
ארגמנ	 0	 0	 0	 0	 0	 0	 1	 0	 0	 1	 תְעוּדָה
זחול	 0	 0	 0	 0	 0	 0	 0	 0	 0	 0	 אישורים
נכה	 0	 0	 0	 0	 0	 0	 1	 0	 0	 1	 אֲמִינוּת
נכה	 0	 0	 0	 0	 0	 0	 1	 0	 0	 1	 מְהֵימָן
בר	 0	 0	 0	 0	 0	 0	 1	 0	 0	 1	 אַשׁרַאי
פריכ	 0	 0	 0	 0	 0	 0	 1	 0	 0	 1	 רָאוּי לְשֶׁבַח
קריטריונ	 0	 0	 0	 0	 0	 0	 1	 0	 0	 0	 זיכוי
קר	 0	 0	 0	 0	 0	 0	 0	 0	 0	 0	 זיכוי
יקורת	 0	 0	 0	 0	 0	 0	 0	 0	 0	 0	 נוֹשֶׁה
קר	 0	 0	 0	 0	 0	 0	 0	 0	 0	 0	 אֲנִי מַאֲמִין
יקורת	 0	 0	 0	 0	 0	 0	 0	 0	 0	 0	 הנחל
יצור	 0	 0	 0	 0	 0	 1	 0	 0	 0	 0	 זחילה
קרקור	 0	 1	 0	 0	 0	 0	 0	 0	 0	 0	 זְחִילָה
חרס	 0	 0	 0	 0	 0	 0	 0	 1	 0	 0	 מִשׂרָפָה
י חרס	 0	 0	 0	 0	 0	 0	 0	 0	 0	 0	 קריאולי
תנינ	 0	 1	 0	 0	 1	 0	 1	 0	 1	 1	 קרשנדו
חוה קטנה	 0	 0	 0	 0	 0	 0	 0	 0	 0	 0	 חֲצִי סַהַר
נוכל	 0	 0	 0	 0	 0	 0	 0	 0	 0	 0	 בְּקִיעַ
יבול	 0	 0	 0	 0	 0	 0	 0	 0	 0	 1	 צוות
קרוקט	 0	 0	 0	 0	 0	 0	 0	 0	 0	 0	 עריסה
חצות	 0	 0	 0	 0	 0	 0	 0	 0	 0	 0	 קרִיקֶט
קשת צולבת	 1	 0	 0	 0	 0	 1	 0	 0	 0	 0	 פֶּשַׁע
חצה	 1	 0	 1	 1	 0	 1	 0	 0	 0	 0	 פְּלִילִי
עבר	 1	 0	 1	 1	 0	 1	 0	 0	 0	 0	 עבריינות
פשעה	 0	 0	 0	 0	 0	 0	 0	 0	 0	 0	 לחיצה
רוע	 0	 0	 0	 0	 0	 0	 0	 0	 0	 0	 אַרגָמָן
פופ	 0	 0	 1	 1	 0	 1	 0	 1	 0	 0	 לִזחוֹל
פיפה	 0	 0	 0	 1	 0	 1	 0	 1	 0	 0	 נָכֶה
קופאי	 0	 0	 0	 0	 0	 1	 0	 1	 0	 0	 נָכֶה
עורב	 0	 0	 0	 0	 0	 1	 0	 0	 0	 0	 מַשׁבֵּר
קהל	 0	 0	 0	 0	 0	 1	 0	 0	 0	 1	 פָּרִיך
צפופ	 0	 0	 0	 0	 0	 0	 0	 0	 0	 0	 קרִיטֶרִיוֹן
תר	 0	 0	 0	 0	 0	 1	 0	 0	 0	 0	 מְבַקֵר
גולת הכותרת	 1	 0	 0	 0	 0	 1	 0	 1	 0	 0	 ביקורת
ריע	 1	 0	 1	 1	 0	 1	 0	 1	 0	 0	 לְבַקֵר
צלוב	 0	 0	 0	 0	 0	 0	 1	 0	 0	 0	 ביקורת
צלב	 0	 0	 1	 0	 0	 0	 0	 0	 0	 0	 יצור
צליבה	 0	 0	 0	 0	 0	 0	 0	 0	 0	 0	 קִרקוּר
גס	 0	 0	 0	 0	 0	 0	 0	 0	 0	 0	 חֶרֶס
אכזרי	 0	 0	 0	 0	 0	 0	 0	 0	 0	 0	 כְּלֵי חֶרֶס
אכזריות	 0	 0	 0	 1	 0	 0	 0	 0	 0	 0	 תַנִין
אכזריות	 0	 0	 0	 0	 0	 0	 0	 0	 0	 0	 חַוָה קְטָנָה
יט	 0	 0	 0	 0	 0	 1	 0	 0	 0	 0	 נוכל
סירת	 0	 0	 0	 0	 0	 0	 0	 0	 0	 0	 יְבוּל
פרור	 0	 0	 0	 0	 0	 0	 0	 0	 0	 0	 קרוֹקֶט
תפוררות	 1	 0	 0	 1	 0	 1	 0	 1	 0	 0	 לַחֲצוֹת
סוס	 0	 0	 0	 0	 0	 0	 0	 0	 0	 0	 קשת צולבת
סע צלב	 0	 0	 0	 0	 0	 0	 0	 0	 0	 0	 חצה
חוצ	 0	 0	 0	 0	 0	 0	 0	 0	 0	 0	 מעבר
תוש	 0	 0	 0	 0	 0	 0	 0	 0	 0	 0	 מִפשָׂעָה
גריסה	 0	 0	 0	 1	 0	 0	 0	 0	 0	 0	 לִכרוֹעַ
קרומ	 0	 0	 0	 0	 0	 0	 0	 0	 0	 0	 שָׁפוּף
קרומי	 0	 0	 0	 1	 0	 1	 0	 0	 0	 0	 שְׁפִיפָה
קב	 0	 0	 0	 0	 0	 0	 0	 0	 0	 0	 קוּפַּאִי
נקודה מכרעת	 0	 0	 0	 0	 0	 0	 0	 0	 0	 0	 עורב
כה	 0	 0	 0	 0	 0	 0	 0	 0	 0	 0	 קָהָל
כי	 0	 0	 0	 0	 0	 0	 0	 0	 0	 0	 צָפוּף
וכ	 0	 0	 0	 0	 0	 0	 0	 0	 0	 0	 כֶּתֶר
נסתר	 0	 1	 0	 0	 1	 0	 1	 0	 1	 1	 גוּלַת הַכּוֹתֶרֶת
קריפטוגרפיה	 0	 0	 0	 0	 0	 0	 1	 0	 0	 1	 מַכרִיעַ
גביש	 0	 0	 0	 0	 0	 1	 0	 0	 0	 0	 לצלוב
גבישי	 0	 0	 0	 0	 0	 0	 0	 0	 0	 0	 צְלָב
תגבשות	 1	 0	 1	 1	 0	 1	 0	 1	 0	 0	 צְלִיבָה
גור	 0	 0	 1	 0	 0	 1	 0	 0	 0	 0	 גס
קוביה	 1	 0	 1	 1	 0	 1	 0	 1	 0	 0	 אַכְזָרִי
חדרונ	 1	 0	 0	 1	 0	 1	 0	 0	 0	 0	 באכזריות
קרננ	 1	 0	 1	 1	 0	 1	 0	 1	 0	 0	 אַכְזָרִיוּת
קוקיה	 0	 0	 0	 0	 0	 0	 0	 0	 0	 0	 לְשַׁיֵט
תרפק	 0	 0	 0	 0	 0	 0	 0	 0	 0	 0	 סַיֶרֶת
רמיזה	 0	 0	 0	 0	 0	 0	 0	 0	 0	 0	 פֵּרוּר
ידה	 0	 0	 0	 0	 0	 1	 0	 1	 0	 0	 הִתפּוֹרְרוּת
טבח	 1	 0	 0	 0	 0	 1	 0	 0	 0	 0	 לִכסוֹס
 המטבח	 1	 0	 0	 1	 0	 1	 0	 0	 0	 0	 מַסָע צְלָב
רור	 0	 0	 0	 0	 0	 0	 0	 0	 0	 0	 לִמְחוֹץ
גיע לפסגה	 1	 0	 1	 1	 0	 1	 0	 1	 0	 0	 כָּתוּשׁ
פסגה	 1	 0	 1	 1	 0	 1	 0	 0	 0	 0	 גְרִיסָה
אשמה	 0	 0	 0	 0	 0	 0	 0	 0	 0	 0	 קרום
אשמ	 0	 0	 1	 0	 0	 1	 0	 0	 0	 0	 קְרוּמִי
עברינ	 0	 0	 0	 0	 0	 0	 0	 0	 0	 0	 קַב
כת	 0	 0	 0	 0	 0	 0	 0	 0	 0	 0	 נקודה מכרעת
טפח	 0	 0	 0	 0	 0	 1	 0	 1	 0	 0	 בוכה
תורבת	 0	 0	 0	 0	 0	 1	 0	 1	 0	 0	 בְּכִי
טיפוח	 0	 0	 0	 1	 0	 1	 0	 1	 0	 0	 כּוּך
תרבות	 0	 0	 0	 0	 0	 0	 0	 0	 0	 0	 נִסתָר
גשרונ	 0	 0	 0	 0	 0	 0	 0	 0	 0	 0	 קריפטוגרפיה
סורבל	 0	 0	 0	 0	 0	 0	 1	 0	 0	 0	 גָבִישׁ
תלולית	 0	 0	 0	 0	 0	 0	 0	 0	 0	 0	 גְבִישִׁי
ערמומי	 0	 0	 0	 0	 0	 0	 0	 0	 0	 0	 הִתגַבְּשׁוּת
גביע	 0	 0	 0	 0	 0	 0	 0	 0	 0	 0	 גוּר
ארונ	 0	 0	 0	 0	 0	 0	 0	 0	 0	 1	 קוּבִּיָה
קזת דמ	 0	 0	 0	 0	 0	 0	 0	 0	 0	 0	 חַדרוֹן
ר רפוי	 0	 0	 1	 0	 0	 1	 0	 0	 0	 0	 קַרנָן
עוזר לכומר	 0	 0	 0	 0	 0	 1	 0	 0	 0	 0	 קוּקִיָה
רפא	 0	 0	 0	 0	 1	 0	 1	 0	 0	 1	 לְהִתְרַפֵּק
אוצר	 0	 1	 0	 0	 0	 0	 0	 0	 0	 0	 רְמִיזָה
רסנ	 0	 0	 0	 0	 0	 0	 0	 0	 0	 0	 יָדָה
קריש	 0	 0	 0	 0	 0	 0	 0	 0	 0	 0	 מִטְבָּח
עוצר	 0	 0	 0	 0	 0	 0	 1	 0	 0	 1	 שֶׁל הַמִטבָּח
סקרנות	 0	 0	 0	 0	 0	 1	 0	 0	 0	 0	 לִברוֹר
סלסול	 0	 0	 0	 0	 0	 0	 0	 0	 0	 0	 להגיע לַפִּסגָה
סלסול	 0	 0	 0	 0	 0	 0	 1	 0	 0	 0	 פִּסגָה
טבע	 0	 0	 0	 0	 0	 1	 0	 0	 0	 0	 אשמה
נוכחי	 0	 0	 0	 0	 0	 1	 0	 0	 0	 0	 אָשֵׁם
תוכנית לימודימ	 0	 0	 0	 0	 0	 1	 0	 0	 0	 0	 עֲבַרְיָן
קארי	 0	 0	 0	 1	 0	 1	 0	 0	 0	 0	 כת
קללה	 0	 1	 0	 0	 0	 0	 1	 0	 0	 1	 לְטַפֵּחַ
קילל את	 0	 0	 0	 0	 0	 0	 1	 0	 0	 0	 מְתוּרבָּת
קללות	 0	 0	 0	 0	 0	 0	 1	 0	 0	 0	 טיפוח
טחי	 0	 0	 0	 0	 0	 0	 1	 0	 0	 0	 תַרְבּוּת
קצר	 0	 0	 0	 0	 0	 0	 0	 0	 0	 0	 גִשׁרוֹן
קצר	 0	 0	 0	 0	 0	 1	 0	 1	 0	 0	 מסורבל
תקצרות	 0	 0	 0	 0	 0	 0	 0	 0	 0	 0	 תְלוּלִית
ילונ	 0	 0	 0	 0	 0	 1	 1	 0	 0	 0	 עַרמוּמִי
עקמומיות	 0	 0	 0	 0	 0	 0	 0	 0	 0	 0	 גָבִיעַ
עקומה	 0	 0	 0	 0	 0	 0	 0	 0	 0	 0	 אָרוֹן
עוקל	 0	 0	 1	 1	 0	 1	 0	 1	 0	 0	 הַקָזַת דָם
עקומ	 1	 0	 1	 1	 0	 1	 0	 0	 0	 0	 cur
רית	 0	 0	 0	 0	 0	 0	 1	 0	 0	 1	 בַּר רִפוּי
ניב	 0	 0	 0	 0	 0	 0	 0	 0	 0	 0	 עוֹזֵר לְכּוֹמֶר
קולל	 0	 0	 0	 0	 0	 0	 0	 0	 0	 0	 מְרַפֵּא
אפוטרופוס	 0	 0	 0	 0	 0	 0	 0	 0	 0	 0	 אוֹצֵר
רת	 0	 0	 0	 0	 0	 0	 0	 0	 0	 0	 לְרַסֵן
תאמ אישית	 0	 0	 0	 0	 0	 0	 0	 0	 0	 0	 קָרִישׁ
נהוג	 0	 0	 0	 0	 0	 0	 0	 0	 0	 0	 עוצר
צרכנ	 0	 1	 0	 0	 0	 0	 1	 0	 1	 0	 סַקרָנוּת
גזירה	 0	 0	 0	 0	 0	 0	 1	 0	 0	 0	 סִלְסוּל
עורית	 0	 0	 0	 0	 0	 0	 0	 0	 0	 0	 סִלְסוּל
חמוד	 0	 0	 0	 0	 0	 0	 0	 0	 0	 0	 מַטְבֵּעַ
ציפורנ	 0	 0	 0	 0	 0	 0	 0	 0	 0	 0	 נוֹכְחִי
סכומ	 0	 0	 0	 0	 0	 0	 0	 0	 0	 0	 תוכנית לימודים
חתכ	 0	 0	 0	 0	 0	 0	 0	 0	 0	 0	 קָארִי
ספרימ	 1	 0	 1	 1	 0	 1	 0	 1	 0	 0	 קללה
רצחני	 1	 0	 0	 1	 0	 1	 0	 1	 0	 0	 קילל את
גזירה	 1	 0	 1	 0	 0	 1	 0	 0	 0	 0	 קללות
ייחורימ	 0	 0	 0	 0	 0	 1	 0	 0	 0	 0	 שִׁטחִי
ציאניד	 0	 0	 0	 0	 0	 0	 0	 0	 0	 0	 קָצָר
חזור	 0	 0	 0	 0	 0	 0	 0	 0	 0	 0	 לְקַצֵר
חזורית	 0	 0	 0	 0	 0	 0	 0	 0	 0	 0	 הִתקַצְרוּת
רוכב אופניימ	 0	 0	 0	 0	 0	 0	 0	 0	 0	 0	 וִילוֹן
ציקלונ	 0	 0	 0	 0	 0	 0	 0	 0	 0	 0	 עַקמוּמִיוּת
צילינדר	 0	 0	 0	 0	 0	 0	 0	 0	 0	 0	 עֲקוּמָה
גלילי	 0	 0	 0	 0	 0	 0	 0	 0	 0	 0	 מְעוּקָל
צלה	 0	 0	 0	 0	 0	 0	 0	 0	 0	 0	 עקום
ציניקנ	 0	 0	 0	 0	 0	 0	 1	 0	 0	 0	 כרית
יס	 0	 0	 0	 0	 0	 0	 0	 0	 0	 0	 נִיב
סיסטיק	 1	 0	 0	 0	 0	 0	 0	 0	 0	 0	 מקולל
ציטומגלווירוס	 0	 0	 0	 0	 0	 0	 0	 0	 0	 1	 אַפּוֹטרוֹפּוֹס
ציטופלזמה	 0	 0	 0	 0	 0	 0	 0	 0	 0	 1	 משמורת
צאר	 0	 0	 0	 0	 0	 0	 0	 0	 0	 0	 המותאם אישית
טפיחה	 0	 0	 0	 0	 0	 0	 0	 0	 0	 0	 נָהוּג
תכשכ	 0	 0	 0	 0	 0	 0	 1	 0	 0	 0	 צרכן
וכ	 0	 0	 0	 0	 0	 0	 0	 0	 0	 0	 גזירה
אבא	 0	 0	 0	 0	 0	 0	 0	 0	 0	 0	 עורית
דאדו	 0	 0	 0	 0	 0	 0	 1	 0	 0	 0	 חָמוּד
דמונ	 0	 0	 0	 0	 0	 0	 0	 0	 0	 0	 לציפורן
טה	 0	 0	 0	 0	 0	 0	 0	 0	 0	 0	 סכום
פגיונ	 0	 0	 0	 1	 0	 1	 0	 0	 0	 0	 מַחתֵך
יומ יומי	 0	 0	 0	 0	 0	 0	 1	 0	 0	 0	 מִספָּרַיִם
עדנ	 1	 0	 0	 1	 0	 1	 0	 0	 0	 0	 רַצחָנִי
חלבה	 1	 0	 1	 1	 0	 1	 0	 1	 0	 0	 גְזִירָה
דאק	 0	 0	 0	 0	 0	 0	 0	 0	 0	 0	 ייחורים
דייל	 0	 0	 0	 0	 0	 0	 0	 0	 0	 0	 cwt
סכר	 0	 0	 0	 1	 0	 1	 0	 0	 0	 0	 צִיאָנִיד
נזק	 0	 0	 0	 0	 0	 0	 0	 0	 0	 0	 מחזור
נזיקינ	 0	 0	 0	 0	 0	 0	 0	 0	 0	 0	 מחזורית
גברת	 0	 0	 0	 0	 0	 0	 0	 0	 0	 0	 רוכב אופניים
עזאזל	 0	 0	 0	 1	 0	 1	 0	 0	 1	 0	 צִיקלוֹן
קללה	 0	 0	 0	 0	 0	 0	 0	 0	 0	 0	 צִילִינדֶר
ארור	 0	 0	 0	 0	 0	 0	 0	 0	 0	 0	 גְלִילִי
לח	 0	 0	 0	 0	 0	 0	 0	 0	 0	 0	 מְצִלָה
רטוב	 0	 0	 0	 0	 0	 0	 0	 0	 0	 0	 צִינִיקָן
נחת	 0	 0	 0	 1	 0	 1	 0	 1	 0	 0	 כִּיס
עלמה	 0	 0	 1	 0	 0	 0	 0	 0	 0	 0	 סיסטיק
רקוד	 0	 0	 0	 0	 0	 1	 0	 1	 0	 0	 ציטומגלווירוס
רקדנ	 0	 0	 0	 0	 0	 0	 0	 0	 0	 0	 ציטופלזמה
קשקשימ	 0	 0	 0	 0	 0	 0	 0	 0	 0	 0	 צָאר
גנדרנ	 0	 0	 0	 0	 0	 0	 0	 0	 0	 0	 טְפִיחָה
סכנה	 0	 0	 0	 0	 0	 0	 0	 0	 0	 0	 לְהִשְׁתַכְשֵׁך
סוכנ	 1	 0	 1	 0	 0	 1	 0	 0	 0	 0	 שִׁכשׁוּך
יות תלוי ומתנדנד	 0	 0	 0	 0	 0	 0	 0	 0	 0	 0	 אַבָּא
טחוב	 0	 0	 0	 0	 0	 0	 0	 0	 0	 0	 דאדו
נאה	 1	 0	 1	 1	 0	 1	 0	 1	 1	 0	 דמון
עז	 0	 0	 1	 0	 0	 1	 0	 0	 0	 0	 שׁוֹטֶה
נועז	 0	 0	 0	 1	 0	 1	 0	 0	 0	 0	 פִּגיוֹן
אפל	 0	 1	 0	 0	 0	 0	 0	 0	 0	 0	 יום יומי
ות	 0	 0	 0	 0	 0	 0	 0	 0	 0	 0	 מְעַדֵן
חשוכ	 0	 0	 0	 0	 0	 0	 0	 0	 0	 0	 מַחלָבָה
חושכ	 0	 0	 0	 0	 0	 0	 0	 0	 0	 0	 דאק
חושכ	 0	 0	 0	 0	 0	 0	 0	 0	 0	 0	 דייל
תק	 0	 0	 0	 0	 0	 0	 0	 0	 0	 0	 סֶכֶר
תקנ	 1	 0	 1	 0	 0	 1	 0	 1	 0	 0	 נֵזֶק
חצ	 0	 0	 0	 0	 0	 1	 0	 1	 0	 0	 נְזִיקִין
זנק	 1	 0	 1	 0	 0	 0	 1	 0	 0	 1	 גְבֶרֶת
ח מחוונימ	 1	 0	 1	 0	 0	 1	 0	 0	 0	 0	 לעזאזל
קווקו	 1	 0	 0	 1	 0	 1	 0	 1	 0	 0	 קְלָלָה
נמרצ	 0	 0	 0	 0	 0	 1	 0	 0	 0	 0	 אָרוּר
גוחכ	 0	 0	 0	 0	 0	 0	 0	 0	 0	 0	 לח
נתונימ	 0	 0	 0	 0	 0	 0	 0	 0	 0	 0	 רטוב
אגר מידע	 0	 0	 0	 0	 0	 1	 0	 0	 0	 0	 מַנחֵת
תאריכ	 0	 0	 0	 0	 0	 0	 0	 0	 0	 0	 עַלמָה
בת	 0	 0	 0	 0	 1	 0	 1	 0	 0	 1	 לִרְקוֹד
חר	 0	 0	 0	 0	 0	 0	 0	 0	 0	 0	 רַקדָן
יומ	 0	 0	 0	 0	 0	 1	 0	 0	 0	 0	 קַשׂקַשִׂים
אור יומ	 0	 0	 1	 0	 0	 1	 0	 0	 0	 0	 גַנדְרָן
חלומות בהקיצ	 0	 0	 0	 1	 0	 1	 0	 1	 0	 0	 סַכָּנָה
עורפל	 0	 0	 0	 1	 0	 1	 0	 0	 0	 0	 מְסוּכָּן
 תדהמה	 0	 0	 0	 0	 0	 0	 0	 0	 0	 0	 לִהיוֹת תָלוּי וּמִתנַדנֵד
סתנורות	 0	 0	 1	 0	 0	 0	 0	 0	 0	 0	 טָחוּב
ר זוטר	 0	 0	 0	 0	 0	 0	 0	 0	 0	 0	 נָאֶה
ית	 0	 1	 0	 0	 0	 0	 0	 0	 0	 1	 לְהַעֵז
י סתומ	 0	 0	 0	 0	 0	 0	 1	 0	 0	 0	 נועז
קטלני	 0	 0	 0	 0	 0	 0	 0	 1	 0	 0	 אפל
חריש	 0	 0	 0	 1	 0	 1	 0	 1	 0	 0	 לְהַכּהוֹת
חרשות	 0	 0	 0	 1	 0	 1	 0	 1	 0	 0	 חשוך
עסקה	 0	 0	 0	 0	 0	 0	 0	 0	 0	 0	 בחושך
סוחר	 1	 0	 0	 1	 0	 1	 0	 1	 0	 0	 חוֹשֶׁך
תמודדות	 0	 0	 0	 0	 1	 0	 1	 0	 0	 1	 מוֹתֶק
עסקאות	 0	 0	 0	 0	 0	 0	 0	 0	 0	 0	 לְתַקֵן
דיקנ	 0	 0	 0	 1	 0	 0	 0	 0	 0	 0	 חץ
יקר	 0	 0	 0	 0	 0	 0	 0	 0	 0	 0	 לזנק
צמצומ	 0	 0	 0	 0	 0	 0	 0	 0	 0	 0	 לוּחַ מַחווָנִים
ות	 1	 0	 0	 1	 0	 1	 0	 1	 0	 0	 מקווקו
תקלה	 0	 0	 0	 0	 0	 0	 1	 0	 0	 0	 נִמרָץ
נוי במחלוקת	 1	 0	 1	 1	 0	 1	 0	 0	 0	 0	 מגוחך
עימות	 0	 0	 0	 0	 0	 0	 0	 0	 0	 0	 נתונים
ות	 0	 0	 0	 0	 0	 0	 0	 0	 0	 0	 מאגר מידע
אגרת חוב	 0	 0	 0	 0	 0	 0	 0	 0	 0	 0	 תַאֲרִיך
חובה	 0	 0	 0	 0	 1	 0	 1	 0	 0	 0	 בַּת
פולת	 0	 1	 0	 0	 1	 0	 1	 0	 1	 1	 שַׁחַר
חוב	 0	 0	 0	 0	 0	 0	 0	 0	 0	 0	 יְוֹם
על חוב	 0	 0	 0	 0	 0	 0	 0	 0	 0	 0	 אור יום
פעה ראשונה	 0	 0	 0	 0	 0	 0	 0	 0	 0	 0	 חלומות בהקיץ
עשור	 0	 0	 0	 0	 0	 0	 0	 0	 0	 0	 מעורפל
קבוק	 0	 0	 0	 0	 0	 1	 0	 0	 0	 0	 מוּכֶּה תַדְהֵמָה
ריקבונ	 0	 0	 0	 0	 0	 0	 0	 0	 0	 0	 הִסתַנוְרוּת
רקוב	 0	 0	 0	 0	 0	 0	 0	 0	 0	 1	 כּוֹמֶר זוּטָר
נפטר	 0	 0	 0	 0	 0	 1	 0	 0	 0	 0	 להשבית
תרמית	 0	 0	 0	 0	 0	 1	 0	 0	 0	 0	 מָבוֹי סָתוּם
רמה	 1	 0	 1	 1	 0	 1	 0	 1	 0	 0	 קטלני
טעות	 0	 0	 0	 0	 0	 0	 0	 0	 0	 0	 מַחרִישׁ
רומה	 0	 0	 0	 0	 0	 0	 0	 0	 0	 0	 חֵרשׁוּת
רמה	 0	 1	 0	 0	 1	 0	 1	 0	 1	 1	 עִסקָה
גינות	 0	 0	 0	 0	 0	 0	 0	 0	 0	 0	 סוֹחֵר
גונ	 0	 0	 0	 0	 0	 0	 0	 0	 0	 0	 התמודדות
נאה	 0	 0	 0	 0	 0	 0	 0	 0	 0	 1	 עסקאות
תעתע	 0	 0	 0	 0	 0	 0	 0	 0	 0	 0	 דֵיקָן
חלט	 0	 0	 0	 0	 0	 0	 1	 0	 0	 0	 יָקָר
נשירימ	 0	 0	 0	 0	 0	 0	 0	 0	 0	 0	 צִמצוּם
נקודה	 1	 1	 1	 1	 0	 1	 0	 1	 1	 0	 מוות
פענח	 0	 0	 0	 1	 0	 1	 0	 1	 0	 0	 תקלה
חלטה	 0	 0	 0	 0	 0	 0	 0	 0	 0	 0	 שָׁנוּי בְּמַחֲלוֹקֶת
ריע	 0	 0	 0	 0	 0	 0	 1	 0	 0	 0	 עימות
סיפונ	 0	 0	 1	 1	 0	 1	 0	 0	 0	 0	 הוֹלֵלוּת
צהרה	 0	 1	 0	 0	 0	 0	 0	 0	 0	 0	 אִגֶרֶת חוֹב
צהרתי	 0	 0	 0	 0	 0	 0	 0	 0	 0	 0	 חוֹבָה
ריז	 0	 0	 1	 0	 0	 1	 0	 0	 0	 0	 מַפּוֹלֶת
דחיה	 0	 0	 0	 0	 0	 1	 0	 1	 0	 0	 חוֹב
ירידה	 0	 0	 0	 0	 0	 1	 0	 0	 0	 0	 בַּעַל חוֹב
ירידה	 0	 0	 0	 0	 0	 0	 0	 0	 0	 0	 הוֹפָעָה רִאשׁוֹנָה
פרק	 0	 0	 0	 0	 0	 0	 0	 0	 0	 0	 עָשׂוֹר
פורק	 0	 0	 0	 0	 0	 0	 0	 0	 0	 0	 בַּקבּוּק
תפרקות	 0	 0	 0	 1	 0	 1	 0	 1	 0	 0	 ריקבון
קשט	 0	 0	 1	 0	 0	 1	 0	 1	 0	 0	 רָקוּב
תפאורה	 0	 0	 0	 0	 0	 1	 0	 1	 0	 0	 נפטר
גינות	 1	 0	 1	 1	 0	 1	 0	 1	 1	 0	 תַרמִית
פתות	 0	 0	 1	 0	 0	 1	 0	 1	 0	 0	 מְרַמֶה
קטינ	 1	 0	 1	 0	 0	 1	 0	 1	 0	 0	 להטעות
ירד	 1	 0	 0	 0	 0	 1	 0	 0	 0	 0	 מְרוּמֶה
פוחת	 0	 0	 0	 0	 0	 1	 0	 0	 0	 1	 מרמה
צו	 0	 0	 0	 0	 0	 0	 1	 0	 0	 0	 הֲגִינוּת
ירידה	 0	 0	 0	 0	 0	 0	 1	 0	 0	 0	 הָגוּן
תשוש	 0	 0	 0	 0	 0	 1	 0	 0	 0	 0	 הונאה
זלזל	 0	 0	 0	 0	 0	 1	 0	 0	 0	 0	 מתעתע
קדשה	 0	 0	 0	 0	 0	 0	 0	 0	 0	 0	 בהחלט
סיק	 0	 0	 0	 0	 0	 0	 0	 0	 0	 0	 נשירים
נכות	 0	 0	 0	 0	 0	 0	 0	 0	 0	 0	 נקודה
ניכוי	 0	 0	 0	 0	 0	 0	 0	 0	 0	 0	 לְפַעֲנֵחַ
עשה	 0	 0	 0	 0	 0	 0	 0	 0	 0	 0	 הַחְלָטָה
עמיק	 0	 0	 0	 0	 0	 0	 0	 0	 0	 0	 מַכרִיעַ
צבי	 0	 0	 0	 0	 0	 0	 0	 0	 0	 0	 סִיפּוּן
צה	 0	 0	 0	 0	 0	 0	 0	 0	 0	 0	 הַצהָרָה
יצ	 0	 0	 0	 0	 0	 0	 1	 0	 0	 0	 הצהרתי
רירת מחדל	 0	 0	 0	 0	 0	 0	 0	 0	 0	 0	 לְהַכרִיז
יס	 0	 0	 0	 0	 0	 1	 0	 0	 0	 0	 דחיה
בס	 0	 0	 0	 0	 0	 1	 0	 0	 0	 0	 יְרִידָה
פגמ	 0	 0	 0	 0	 0	 1	 0	 0	 0	 0	 בירידה
עריקה	 0	 0	 1	 0	 0	 0	 0	 0	 0	 0	 לְפַרֵק
פגומ	 0	 0	 0	 0	 0	 0	 0	 1	 0	 0	 מפורק
גנ	 0	 0	 1	 1	 0	 1	 0	 1	 0	 0	 הִתפָּרְקוּת
נאשמ	 0	 0	 0	 0	 0	 0	 0	 0	 0	 0	 לְקַשֵׁט
גנ	 0	 0	 0	 0	 0	 0	 0	 0	 0	 0	 תַפאוּרָה
גנ	 0	 0	 0	 0	 0	 0	 0	 0	 0	 0	 הֲגִינוּת
גנ	 0	 0	 0	 0	 0	 0	 0	 0	 1	 0	 לִפתוֹת
גנה	 0	 0	 0	 0	 0	 1	 0	 0	 0	 0	 לְהַקְטִין
חסרי הגנה	 0	 0	 0	 0	 0	 0	 0	 0	 0	 0	 ירד
ניתנ להגנה	 0	 0	 0	 0	 0	 0	 0	 0	 0	 0	 פּוֹחֵת
גנתי	 0	 0	 0	 0	 0	 0	 0	 0	 0	 0	 צו
דחות	 0	 0	 0	 0	 0	 1	 0	 0	 0	 0	 ירידה
וד	 0	 0	 0	 0	 0	 1	 0	 0	 0	 0	 תָשׁוּשׁ
דחייה	 1	 0	 0	 0	 0	 1	 0	 0	 0	 0	 לִזַלזֵל
דחיית	 0	 0	 0	 0	 0	 0	 1	 0	 0	 0	 הַקדָשָׁה
תנגדות	 0	 0	 0	 0	 0	 0	 0	 0	 0	 0	 לְהַסִיק
תריס	 0	 0	 0	 0	 0	 1	 0	 0	 0	 0	 לְנַכּוֹת
חסור ב	 0	 0	 0	 0	 0	 0	 0	 0	 0	 0	 ניכוי
גרעונ	 0	 0	 0	 0	 0	 0	 0	 0	 0	 1	 מעשה
גדיר	 0	 0	 0	 0	 0	 0	 0	 0	 0	 0	 לְהַעֲמִיק
גדר	 0	 0	 0	 0	 0	 0	 0	 0	 0	 0	 צְבִי
גדרה	 0	 0	 1	 1	 0	 1	 0	 0	 0	 0	 השמצה
סופי	 1	 0	 0	 0	 0	 1	 0	 0	 0	 0	 מַשׁמִיץ
ציא אויר	 0	 0	 1	 1	 0	 1	 0	 1	 0	 0	 בְּרִירַת מֶחדָל
דפלציה	 0	 0	 0	 0	 0	 1	 0	 0	 0	 0	 לִהַבִיס
סיט	 0	 0	 0	 0	 0	 1	 0	 1	 0	 0	 מוּבָס
טיה	 1	 0	 0	 0	 0	 1	 0	 0	 0	 0	 פְּגָם
דפלורציה	 0	 0	 0	 1	 0	 1	 0	 0	 0	 0	 עָרִיקָה
עות צורה	 0	 0	 1	 0	 0	 1	 0	 0	 0	 0	 פָּגוּם
עוות	 0	 0	 0	 1	 0	 0	 1	 0	 0	 0	 לְהַגֵן
ומ	 1	 0	 0	 1	 0	 0	 0	 1	 0	 0	 נֶאְשָׁם
נות	 0	 0	 0	 0	 0	 0	 1	 0	 0	 1	 מוּגָן
פרוע	 0	 0	 0	 0	 0	 0	 1	 0	 0	 1	 מָגֵן
זריז	 0	 0	 0	 0	 0	 0	 1	 0	 0	 0	 מגן
נפטר	 1	 1	 0	 1	 0	 0	 1	 0	 0	 0	 הֲגָנָה
תריס	 0	 0	 0	 1	 0	 1	 0	 1	 0	 0	 חסרי הגנה
ניוונ	 0	 0	 0	 0	 0	 0	 0	 0	 0	 0	 ניתן להגנה
דגנרט	 0	 0	 0	 0	 0	 0	 0	 0	 0	 0	 הֲגַנָתִי
נוונ	 0	 0	 0	 0	 0	 0	 0	 0	 0	 0	 לִדחוֹת
פלה	 0	 0	 0	 0	 0	 0	 1	 0	 0	 1	 כָּבוֹד
פיל	 0	 0	 0	 0	 0	 1	 0	 0	 0	 0	 דחייה
פיל	 0	 0	 0	 0	 0	 0	 0	 0	 0	 0	 דחיית
תואר	 1	 0	 1	 1	 0	 1	 0	 0	 0	 0	 הִתנַגְדוּת
יובש	 1	 0	 0	 0	 0	 1	 0	 0	 0	 0	 מתריס
עכב	 0	 0	 0	 0	 0	 1	 0	 0	 0	 0	 מחסור ב
הה	 0	 0	 0	 0	 0	 1	 0	 0	 0	 0	 גֵרָעוֹן
טעימ	 0	 0	 0	 0	 0	 0	 0	 0	 0	 0	 לְהַגדִיר
נציג	 0	 0	 0	 0	 0	 0	 0	 0	 0	 0	 מוּגדָר
חת	 0	 0	 0	 0	 0	 0	 0	 0	 0	 0	 הַגדָרָה
זיק	 0	 0	 0	 0	 0	 0	 1	 0	 0	 1	 סוֹפִי
חיקה	 1	 0	 0	 0	 0	 1	 0	 1	 0	 0	 לְהוֹצִיא אֲוִיר
ונ	 0	 0	 0	 1	 0	 1	 0	 0	 0	 0	 דפלציה
דיונ	 0	 0	 0	 0	 0	 0	 0	 0	 0	 0	 לְהַסִיט
דיוני	 0	 0	 0	 0	 0	 0	 0	 0	 0	 0	 הֲטָיָה
עדנ	 0	 0	 0	 0	 0	 0	 0	 0	 0	 0	 דפלורציה
טעימ מאוד	 0	 0	 1	 0	 0	 1	 0	 0	 0	 0	 לְעַוֵת צוּרָה
תענוג	 0	 0	 1	 0	 0	 1	 0	 1	 0	 0	 מְעוּוָת
מח	 0	 0	 1	 1	 0	 1	 0	 1	 0	 0	 מוּם
נה	 1	 0	 1	 0	 0	 1	 0	 0	 0	 0	 לְהוֹנוֹת
תוות	 0	 0	 0	 0	 0	 0	 0	 0	 0	 0	 לִפְרוֹעַ
תיחומ	 0	 0	 0	 0	 0	 0	 0	 0	 0	 0	 זָרִיז
עבריינות	 0	 0	 0	 0	 0	 1	 0	 1	 0	 0	 נִפטָר
עבריינ	 1	 0	 0	 1	 0	 1	 0	 1	 1	 0	 לְהַתְרִיס
זה	 1	 0	 1	 0	 0	 1	 0	 1	 0	 0	 ניוון
זיה	 0	 0	 0	 0	 0	 1	 0	 0	 0	 0	 דֵגֵנֵרָט
ישועה	 0	 0	 0	 0	 0	 0	 0	 0	 0	 0	 נִווּן
סירה	 0	 0	 0	 0	 0	 1	 0	 0	 0	 0	 הַשׁפָּלָה
דלתא	 0	 0	 1	 0	 0	 1	 0	 0	 0	 0	 לְהַשְׁפִּיל
ול	 0	 0	 1	 1	 0	 1	 0	 1	 0	 0	 מַשׁפִּיל
אשליה	 0	 0	 0	 0	 0	 0	 1	 0	 0	 0	 תוֹאַר
זה	 0	 0	 0	 0	 0	 0	 0	 0	 0	 0	 מְיוֹבָּשׁ
תעמק	 1	 0	 1	 1	 0	 1	 0	 1	 0	 0	 לְעַכֵּב
דרש	 0	 0	 0	 0	 0	 1	 0	 0	 0	 0	 מוּשׁהֶה
תובעני	 0	 0	 0	 0	 0	 0	 1	 0	 0	 0	 טָעִים
תנהגות	 0	 0	 0	 0	 0	 0	 1	 0	 0	 1	 נָצִיג
טורפ	 0	 0	 0	 0	 0	 0	 0	 0	 0	 0	 מִשׁלַחַת
דמנציה	 1	 0	 1	 1	 0	 1	 0	 0	 0	 0	 מזיק
פטירה	 0	 0	 0	 0	 0	 1	 0	 0	 0	 0	 מְחִיקָה
דמוקרטיה	 0	 0	 0	 0	 0	 0	 1	 0	 0	 0	 מְכוּוָן
דמוקרט	 0	 0	 0	 0	 0	 0	 0	 0	 0	 0	 דִיוּן
רוס	 0	 0	 0	 0	 0	 0	 0	 0	 0	 0	 דיוני
ריסה	 0	 0	 0	 0	 0	 0	 0	 0	 0	 0	 מַעֲדָן
שד	 0	 0	 0	 0	 1	 0	 1	 0	 0	 0	 טָעִים מְאוֹד
די	 0	 1	 0	 0	 1	 0	 1	 0	 0	 0	 תַעֲנוּג
נתנ להוכחה	 0	 1	 0	 0	 1	 0	 1	 0	 1	 0	 שַׂמֵחַ
פגינ	 0	 1	 0	 0	 1	 0	 1	 0	 0	 1	 מְהַנֶה
פגינו	 0	 0	 0	 0	 0	 0	 0	 0	 0	 0	 לְהַתווֹת
פגינ	 0	 0	 0	 0	 0	 0	 0	 0	 0	 0	 תיחום
פגנה	 0	 0	 0	 0	 0	 1	 0	 0	 0	 0	 עבריינות
פגנתי	 1	 0	 1	 0	 0	 1	 0	 0	 0	 0	 עבריין
פגינ	 0	 0	 0	 0	 0	 1	 0	 1	 0	 0	 הוזה
דוכדכ	 0	 0	 1	 0	 0	 1	 0	 1	 0	 0	 הֲזָיָה
דגמות	 0	 1	 0	 0	 1	 0	 1	 0	 0	 1	 יְשׁוּעָה
אורה	 0	 1	 0	 0	 0	 0	 1	 0	 0	 0	 מְסִירָה
חשה	 0	 0	 0	 0	 0	 0	 0	 0	 0	 0	 dell
חש	 0	 0	 0	 0	 0	 0	 0	 0	 0	 0	 דֶלתָא
פלג דתי	 0	 0	 0	 1	 0	 1	 0	 1	 1	 0	 מַבּוּל
דתי	 1	 0	 0	 1	 0	 1	 0	 1	 0	 0	 אשליה
נה	 1	 0	 0	 1	 0	 1	 0	 0	 0	 0	 הוזה
ציינ	 0	 0	 0	 0	 0	 0	 0	 0	 0	 0	 לְהִתְעַמֵק
קיע	 1	 0	 0	 0	 0	 1	 0	 0	 0	 0	 דרש
צפופ	 0	 0	 0	 0	 0	 1	 0	 0	 0	 0	 תוֹבְעָנִי
צפיפות	 0	 0	 0	 0	 0	 0	 0	 0	 0	 0	 הִתְנַהֲגוּת
קע	 0	 0	 0	 1	 0	 1	 0	 0	 0	 0	 מְטוּרָף
רפואת שיניימ	 0	 0	 0	 1	 0	 1	 0	 1	 0	 0	 דמנציה
קעה	 0	 0	 0	 1	 0	 1	 0	 1	 0	 0	 פְּטִירָה
חיש	 0	 0	 0	 0	 0	 0	 1	 0	 0	 0	 דֵמוֹקרָטִיָה
חיש	 0	 0	 0	 0	 0	 0	 0	 0	 0	 0	 דֵמוֹקרָט
דאודורנט	 1	 0	 0	 0	 0	 1	 0	 1	 0	 0	 לַהֲרוֹס
עזוב	 0	 0	 0	 0	 0	 1	 0	 0	 0	 0	 הֲרִיסָה
עזב	 1	 0	 1	 1	 0	 1	 0	 1	 0	 0	 שֵׁד
חלקה	 1	 0	 1	 1	 0	 1	 0	 1	 0	 0	 שֵׁדִי
יציאה	 0	 0	 0	 0	 0	 0	 1	 0	 0	 0	 נִתַן לְהוֹכָחָה
סמוכ	 0	 0	 0	 0	 0	 0	 0	 0	 0	 0	 לְהַפְגִין
תלוי	 0	 0	 0	 0	 0	 0	 0	 0	 0	 0	 הפגינו
תלות	 0	 0	 0	 0	 0	 0	 0	 0	 0	 0	 מפגין
תלות	 0	 0	 0	 0	 0	 0	 0	 0	 0	 0	 הפגנה
תלוי	 0	 0	 0	 0	 1	 0	 1	 1	 0	 0	 הַפגָנָתִי
תאר	 0	 0	 0	 0	 0	 0	 0	 0	 0	 0	 מַפגִין
תאר	 0	 0	 0	 1	 0	 1	 0	 1	 0	 0	 מדוכדך
דלדול	 0	 0	 0	 0	 0	 0	 0	 0	 0	 0	 הדגמות
צער	 0	 0	 0	 0	 0	 0	 0	 0	 0	 0	 מְאוּרָה
ות	 0	 0	 0	 0	 0	 1	 0	 0	 0	 0	 הַכחָשָׁה
פרוס	 0	 0	 0	 0	 0	 1	 0	 1	 0	 0	 הוכחש
גרש	 0	 0	 0	 0	 0	 0	 0	 0	 0	 0	 פלג דתי
גרוש	 0	 0	 0	 0	 0	 0	 0	 0	 0	 0	 דתי
פקיד	 0	 0	 0	 0	 0	 0	 0	 0	 0	 0	 מְכַנֶה
פקיד פקדונ	 0	 0	 0	 0	 0	 0	 0	 0	 0	 0	 לציין
תצהיר	 1	 0	 1	 0	 0	 1	 0	 0	 0	 0	 לְהוֹקִיעַ
אגר	 0	 0	 0	 0	 0	 0	 0	 0	 0	 0	 צָפוּף
חסנ	 0	 0	 0	 0	 0	 0	 0	 0	 0	 0	 צְפִיפוּת
חת	 0	 0	 0	 0	 0	 0	 0	 0	 0	 0	 שֶׁקַע
חיתות	 0	 0	 0	 1	 0	 0	 0	 0	 0	 0	 רפואת שיניים
רדת בערכו	 1	 0	 1	 1	 0	 1	 0	 0	 0	 0	 הוֹקָעָה
פחת	 1	 0	 0	 0	 0	 1	 0	 0	 0	 0	 לְהַכּחִישׁ
פחת	 0	 1	 0	 0	 0	 1	 0	 0	 0	 0	 מכחיש
דכא	 0	 0	 0	 0	 0	 0	 0	 0	 0	 0	 דֶאוֹדוֹרַנט
דוכא	 0	 1	 0	 0	 0	 0	 0	 1	 0	 0	 לַעֲזוֹב
דכא	 0	 0	 0	 0	 0	 1	 0	 1	 0	 0	 עזב
דכאונ	 0	 0	 0	 0	 0	 0	 0	 0	 0	 0	 מַחלָקָה
דיכאוני	 0	 0	 0	 0	 0	 1	 0	 1	 0	 0	 יְצִיאָה
חסור	 0	 1	 0	 0	 0	 0	 0	 0	 0	 1	 לִסְמוֹך
עומק	 0	 0	 0	 0	 0	 0	 0	 0	 0	 0	 תלוי
סגנ	 0	 0	 0	 1	 0	 1	 0	 1	 0	 0	 תלות
ריד מהפסימ	 0	 0	 0	 0	 0	 1	 0	 0	 0	 0	 תלות
טורלל	 0	 0	 0	 0	 0	 1	 1	 0	 0	 1	 תלוי
נטוש	 0	 0	 0	 0	 0	 0	 0	 0	 0	 0	 לתאר
עג	 0	 0	 0	 0	 0	 0	 0	 0	 0	 0	 מתאר
גזרה	 0	 0	 0	 0	 0	 0	 0	 0	 0	 0	 דִלדוּל
נגזר	 1	 0	 1	 1	 0	 1	 0	 1	 0	 0	 מְצַעֵר
פיק	 1	 0	 1	 0	 0	 1	 0	 1	 0	 0	 לִבכּוֹת
עורי	 0	 0	 0	 0	 0	 0	 0	 0	 0	 0	 לפרוס
דרמטולוג	 0	 0	 0	 1	 0	 1	 0	 1	 0	 0	 לְגַרֵשׁ
דרמטולוגיה	 1	 0	 0	 1	 0	 1	 0	 1	 0	 0	 גֵרוּשׁ
חריגה	 0	 0	 0	 0	 0	 0	 0	 0	 0	 0	 לְהַפְקִיד
פוגע	 0	 0	 0	 0	 0	 0	 0	 0	 0	 0	 פקיד פקדון
רדת	 0	 0	 0	 0	 0	 0	 0	 0	 0	 0	 תַצהִיר
צאצא	 0	 0	 0	 0	 0	 0	 0	 0	 0	 1	 מאגר
צאצא	 0	 0	 0	 0	 0	 0	 0	 0	 0	 0	 מַחסָן
יורד	 1	 1	 1	 1	 0	 1	 0	 1	 0	 0	 מושחת
צא	 1	 0	 1	 0	 0	 1	 0	 0	 0	 0	 שְׁחִיתוּת
תאר	 1	 0	 1	 0	 0	 1	 0	 0	 0	 0	 לָרֶדֶת בְּעֵרכּוֹ
תיאור	 1	 0	 1	 1	 0	 1	 0	 1	 0	 0	 מופחת
תיאור	 0	 0	 0	 1	 0	 1	 0	 0	 0	 0	 פְּחָת
חילול קודש	 0	 0	 0	 1	 0	 1	 0	 1	 0	 0	 לְדַכֵּא
דבר	 1	 0	 0	 1	 0	 1	 0	 1	 0	 0	 מְדוּכָּא
נטוש	 0	 0	 1	 0	 0	 1	 0	 1	 0	 0	 מְדַכֵּא
עריקה	 0	 0	 0	 0	 0	 1	 0	 1	 0	 0	 דִכָּאוֹן
גיע	 0	 0	 0	 0	 0	 1	 0	 1	 0	 0	 דיכאוני
ראוי	 1	 0	 1	 1	 0	 1	 0	 1	 0	 0	 מַחְסוֹר
ראוי	 0	 0	 0	 0	 0	 0	 1	 0	 0	 1	 עוֹמֶק
עצב	 0	 0	 0	 0	 0	 0	 0	 0	 0	 1	 סְגָן
ייעד	 0	 0	 0	 0	 0	 0	 0	 0	 0	 0	 לְהוֹרִיד מֵהַפָּסִים
יעוד	 1	 0	 1	 1	 0	 1	 0	 0	 0	 0	 מטורלל
עוצב	 0	 0	 0	 0	 0	 1	 0	 0	 0	 0	 נָטוּשׁ
עצב	 1	 0	 1	 0	 0	 1	 0	 0	 0	 0	 לַעַג
תכנונ	 0	 0	 0	 0	 0	 0	 0	 0	 0	 0	 גִזרָה
דאיות	 0	 0	 0	 0	 0	 0	 0	 0	 0	 0	 נגזר
רצוי	 0	 0	 0	 0	 0	 0	 0	 0	 0	 0	 לְהָפִיק
תאוות	 0	 0	 0	 0	 0	 0	 0	 0	 0	 0	 עוֹרִי
צמא	 0	 0	 0	 0	 0	 0	 0	 0	 0	 1	 דֶרמָטוֹלוֹג
חדול	 0	 0	 0	 0	 0	 0	 0	 0	 0	 0	 דֶרמָטוֹלוֹגִיָה
חנ כתיבה	 1	 0	 1	 1	 0	 1	 0	 1	 0	 0	 חריגה
מה	 1	 0	 1	 1	 0	 1	 0	 1	 0	 0	 פּוֹגֵעַ
יאוש	 0	 0	 0	 0	 0	 0	 0	 0	 0	 0	 לָרֶדֶת
יואש	 0	 0	 0	 0	 0	 0	 0	 0	 0	 0	 צאֱצא
גר	 0	 0	 0	 0	 0	 0	 0	 0	 0	 0	 צאצא
נואש	 0	 0	 0	 0	 0	 0	 0	 0	 0	 0	 יורד
יאוש	 0	 0	 0	 1	 0	 0	 0	 1	 0	 0	 מוֹצָא
זוי	 0	 0	 0	 0	 0	 0	 0	 0	 0	 0	 לְתַאֵר
וז	 0	 0	 0	 0	 0	 0	 0	 0	 0	 0	 תיאור
רודני	 0	 0	 0	 0	 0	 0	 1	 0	 0	 0	 תיאור
עריצות	 1	 0	 1	 1	 0	 1	 0	 1	 0	 0	 חילול קודש
קינוח	 1	 0	 1	 1	 0	 1	 0	 1	 0	 0	 מִדבָּר
יעד	 1	 0	 1	 1	 0	 1	 0	 1	 0	 0	 נָטוּשׁ
יועד	 0	 0	 0	 0	 0	 1	 0	 0	 0	 0	 עריקה
גורל	 1	 1	 0	 0	 0	 0	 1	 0	 0	 1	 מגיע
חסר כל	 0	 0	 0	 0	 0	 0	 1	 0	 0	 0	 ראוי
נהרס	 0	 0	 0	 0	 0	 0	 0	 0	 0	 0	 רָאוּי
חתת	 0	 0	 0	 0	 0	 0	 0	 0	 0	 0	 לְעַצֵב
רס	 0	 0	 0	 0	 0	 0	 0	 0	 0	 0	 לייעד
רס	 0	 0	 0	 0	 0	 0	 0	 0	 0	 1	 יִעוּד
רסני	 0	 0	 0	 0	 0	 0	 0	 0	 0	 0	 מְעוּצָב
נתק	 0	 0	 0	 0	 0	 0	 1	 0	 0	 0	 מְעַצֵב
נותק	 0	 0	 0	 0	 0	 0	 0	 0	 0	 0	 תִכנוּן
תלישות	 0	 0	 0	 0	 0	 0	 0	 0	 0	 0	 כְּדָאִיוּת
פרט	 0	 0	 0	 0	 0	 0	 1	 0	 0	 0	 רצוי
פרטימ	 0	 0	 0	 0	 0	 0	 1	 0	 0	 0	 הִתאַוּוּת
עכב	 0	 0	 0	 0	 0	 0	 1	 0	 0	 0	 צָמֵא
עציר	 1	 0	 1	 0	 0	 1	 0	 0	 0	 0	 לַחְדוֹל
זהות	 0	 0	 0	 0	 0	 0	 0	 0	 0	 0	 שׁוּלְחָן כְּתִיבָה
ניתנ לזיהוי	 0	 0	 0	 1	 0	 1	 0	 1	 0	 0	 שְׁמָמָה
איתור	 1	 0	 1	 1	 0	 1	 0	 1	 0	 0	 יאוש
לש	 0	 0	 0	 1	 0	 1	 0	 1	 0	 0	 מיואש
גלאי	 0	 0	 0	 0	 0	 0	 0	 0	 0	 0	 לְשַׁגֵר
ריתוק	 0	 0	 0	 0	 0	 1	 0	 0	 0	 0	 נוֹאָשׁ
רתיע	 0	 0	 0	 0	 0	 0	 0	 0	 0	 0	 יֵאוּשׁ
חומר ניקוי	 1	 0	 1	 0	 0	 1	 0	 0	 0	 0	 בזוי
תדרדר	 1	 0	 1	 0	 0	 1	 0	 0	 0	 0	 לָבוּז
תדרדר	 0	 0	 0	 1	 0	 1	 0	 0	 0	 0	 רוֹדָנִי
תדרדרות	 1	 0	 1	 1	 0	 1	 0	 1	 0	 0	 עָרִיצוּת
ניתנ לקבוע	 0	 0	 0	 0	 0	 0	 0	 0	 0	 0	 קינוח
קבוע	 0	 1	 0	 1	 1	 0	 1	 1	 1	 0	 יַעַד
נחישות	 0	 1	 0	 0	 0	 0	 0	 0	 0	 0	 מְיוּעָד
נחושה בדעתה	 0	 0	 0	 0	 0	 0	 0	 0	 0	 0	 גוֹרָל
תעב	 0	 0	 0	 1	 0	 1	 0	 1	 0	 0	 חֲסַר כֹּל
פוצצ	 1	 0	 0	 1	 0	 1	 0	 1	 0	 0	 נהרס
תפוצצות	 1	 0	 0	 1	 0	 1	 0	 0	 0	 0	 מַשׁחֶתֶת
עקפ	 1	 0	 0	 1	 0	 1	 0	 1	 0	 0	 הורס
גרוע	 1	 0	 0	 0	 0	 1	 0	 0	 0	 0	 הֶרֶס
רעה	 1	 0	 1	 1	 0	 1	 0	 0	 0	 0	 הַרסָנִי
זיק	 0	 0	 0	 0	 0	 0	 0	 0	 0	 0	 לנתק
ית	 0	 0	 0	 0	 0	 0	 0	 0	 0	 0	 מְנוּתָק
תימ	 0	 0	 0	 0	 0	 1	 0	 0	 0	 0	 תְלִישׁוּת
חריב	 0	 0	 0	 0	 0	 0	 0	 0	 0	 0	 פרט
רסני	 0	 0	 0	 0	 0	 0	 0	 0	 0	 0	 פרטים
חורבנ	 0	 0	 0	 0	 0	 1	 0	 0	 0	 0	 לְעַכֵּב
פתח	 1	 1	 0	 1	 0	 1	 0	 1	 0	 0	 עָצִיר
תפתח	 0	 0	 0	 0	 0	 0	 1	 0	 0	 0	 לזהות
תפתחות	 0	 0	 0	 0	 0	 0	 0	 0	 0	 0	 ניתן לזיהוי
סטות	 0	 0	 0	 0	 0	 0	 1	 0	 0	 0	 איתור
סוטה	 0	 0	 0	 0	 0	 0	 0	 0	 0	 0	 בַּלָשׁ
חריגה	 0	 0	 0	 0	 0	 0	 0	 0	 0	 0	 גַלַאִי
תקנ	 0	 0	 0	 0	 0	 1	 0	 1	 0	 0	 ריתוק
טנ	 0	 0	 0	 0	 0	 0	 0	 0	 0	 0	 להרתיע
טני	 0	 0	 0	 0	 0	 0	 0	 0	 0	 0	 חומר ניקוי
ערמומי	 0	 0	 0	 1	 0	 1	 0	 1	 0	 0	 לְהִתְדַרְדֵר
ציא	 0	 0	 1	 0	 0	 1	 0	 1	 0	 0	 התדרדר
נטול	 1	 0	 1	 1	 0	 1	 0	 1	 0	 0	 הְתדַרדְרוּת
אצילה	 0	 0	 0	 0	 0	 0	 0	 0	 0	 0	 ניתן לקבוע
פיצ	 0	 1	 0	 0	 0	 0	 0	 0	 0	 1	 לקבוע
קדיש	 0	 0	 0	 0	 0	 0	 1	 0	 0	 1	 נחישות
חסיד	 0	 0	 0	 0	 0	 0	 1	 0	 0	 0	 נחושה בדעתה
סור	 1	 0	 1	 0	 0	 1	 0	 0	 0	 0	 לְתַעֵב
טרופ	 0	 0	 0	 1	 0	 1	 0	 0	 1	 0	 לְפוֹצֵץ
אדוק	 1	 0	 0	 0	 0	 0	 0	 0	 0	 0	 הִתְפּוֹצְצוּת
טל	 0	 0	 0	 0	 0	 0	 0	 0	 0	 0	 מַעֲקָף
דקסטר	 1	 0	 0	 0	 0	 1	 0	 0	 0	 0	 לִגרוֹעַ
זריזות	 0	 0	 0	 0	 0	 1	 0	 0	 0	 0	 לרעה
דקסטרוז	 0	 0	 0	 0	 0	 1	 0	 0	 0	 0	 מזיק
טני	 0	 0	 0	 0	 0	 1	 0	 0	 0	 0	 בְּלִית
אבחונ	 0	 0	 0	 0	 0	 0	 0	 0	 0	 0	 שְׁתַיִם
אבחונ	 1	 0	 0	 1	 0	 1	 0	 1	 0	 0	 לְהַחרִיב
אבחונ	 1	 0	 1	 1	 0	 1	 0	 1	 0	 1	 הרסני
תרשימ	 1	 0	 0	 1	 0	 1	 0	 1	 1	 0	 חוּרבָּן
חוגה	 0	 1	 0	 0	 0	 0	 1	 0	 0	 0	 לְפַתֵחַ
ניב	 0	 0	 0	 0	 0	 0	 0	 0	 0	 0	 מתפתח
דיאלקטיקה	 0	 0	 0	 0	 0	 0	 0	 0	 0	 0	 התפתחות
דו שיח	 0	 0	 0	 0	 0	 0	 0	 0	 0	 0	 לִסְטוֹת
קוטר	 0	 0	 0	 0	 0	 0	 0	 0	 0	 0	 סוטה
יהלומ	 0	 0	 0	 0	 0	 0	 0	 1	 0	 0	 חֲרִיגָה
יהלומימ	 0	 0	 0	 0	 0	 0	 0	 0	 0	 0	 התקן
חתל	 1	 1	 1	 1	 0	 1	 0	 1	 0	 0	 שָׂטָן
דיאפרגמה	 0	 0	 1	 1	 0	 1	 0	 0	 0	 0	 שְׂטָנִי
ול	 0	 0	 0	 0	 0	 1	 0	 0	 0	 0	 עַרמוּמִי
יומנ	 0	 0	 0	 0	 0	 0	 0	 0	 0	 0	 לִהַמצִיא
תקפה חריפה	 0	 0	 0	 0	 0	 0	 0	 0	 0	 0	 נָטוּל
קוביות	 0	 0	 0	 0	 0	 1	 0	 0	 0	 0	 אֲצִילָה
דיכוטומי	 0	 0	 0	 0	 0	 0	 0	 0	 0	 0	 להפיץ
דיכוטומיה	 0	 0	 0	 0	 0	 0	 0	 0	 0	 0	 להקדיש
תיב	 0	 0	 0	 0	 0	 0	 0	 0	 0	 0	 חָסִיד
תבה	 0	 0	 0	 0	 0	 0	 1	 0	 0	 1	 מסור
דיקטטור	 0	 0	 0	 0	 0	 1	 0	 0	 0	 0	 לטרוף
רודני	 0	 1	 0	 0	 1	 0	 1	 0	 0	 1	 אָדוּק
רודנות	 0	 0	 0	 0	 0	 0	 0	 0	 0	 0	 טַל
דיקציה	 0	 0	 0	 0	 0	 0	 0	 0	 0	 0	 דקסטר
ילונ	 0	 0	 0	 0	 0	 0	 1	 0	 0	 0	 זריזות
ימרה	 0	 0	 0	 0	 0	 0	 0	 0	 0	 0	 דקסטרוז
דידקטי	 1	 0	 1	 1	 0	 1	 0	 0	 0	 0	 שטני
ות	 0	 1	 0	 1	 0	 1	 0	 0	 0	 1	 אִבחוּן
דיאטה	 0	 0	 0	 0	 0	 0	 0	 0	 0	 0	 אבחון
 דיאטה	 0	 0	 0	 0	 0	 0	 0	 0	 0	 0	 אבחון
יות שונה	 0	 0	 0	 0	 0	 0	 0	 0	 0	 0	 תרשים
דל	 0	 0	 0	 0	 0	 0	 0	 0	 0	 0	 חוּגָה
דלימ	 0	 0	 0	 0	 0	 0	 0	 0	 0	 0	 נִיב
דיפרנציאלי	 0	 0	 0	 0	 0	 0	 0	 0	 0	 0	 דיאלקטיקה
ידול	 0	 0	 0	 0	 0	 0	 0	 0	 0	 0	 דו שיח
אופנ שונה	 0	 0	 0	 0	 0	 0	 0	 0	 0	 0	 קוֹטֶר
נימ	 0	 0	 0	 0	 1	 0	 1	 0	 0	 0	 יהלום
קשה	 0	 0	 0	 0	 0	 0	 0	 0	 0	 0	 יהלומים
קשיימ	 0	 0	 1	 0	 0	 0	 0	 0	 0	 0	 לְחַתֵל
קושי	 0	 0	 0	 0	 0	 0	 0	 0	 0	 0	 דִיאָפרַגמָה
פוזר	 0	 0	 1	 0	 0	 0	 0	 0	 0	 0	 שִׁלשׁוּל
ריכוכ	 0	 0	 0	 0	 1	 0	 1	 0	 0	 1	 יְוֹמָן
חפור	 1	 0	 1	 0	 0	 1	 0	 0	 0	 0	 הַתקָפָה חֲרִיפָה
עכל	 0	 0	 0	 0	 0	 0	 0	 0	 0	 0	 קוביות
אכול	 0	 0	 0	 0	 0	 0	 0	 0	 0	 0	 דיכוטומי
ספרה	 0	 0	 0	 0	 0	 0	 0	 0	 0	 0	 דיכוטומיה
בד	 0	 0	 0	 0	 0	 0	 0	 0	 0	 0	 לְהַכתִיב
וד	 0	 0	 0	 0	 0	 0	 0	 0	 0	 0	 הַכתָבָה
סטות	 0	 0	 0	 1	 0	 1	 0	 0	 0	 0	 דִיקטָטוֹר
חפירות	 1	 0	 0	 0	 0	 1	 0	 0	 0	 0	 רוֹדָנִי
סוללה	 1	 1	 1	 1	 0	 1	 0	 1	 0	 0	 רוֹדָנוּת
רעוע	 0	 0	 0	 0	 0	 0	 0	 0	 0	 0	 דִיקצִיָה
תרחבות	 0	 0	 0	 0	 0	 0	 1	 0	 0	 1	 מילון
רחבה	 0	 0	 0	 0	 0	 0	 0	 0	 0	 1	 מֵימרָה
דילמה	 0	 0	 0	 0	 0	 0	 1	 0	 0	 0	 דִידַקטִי
חריצות	 0	 0	 0	 1	 0	 1	 0	 1	 0	 0	 לָמוּת
חרוצ	 0	 0	 0	 0	 0	 0	 0	 0	 0	 0	 דִיאֵטָה
דלל	 0	 1	 0	 0	 0	 0	 1	 0	 0	 0	 שֶׁל דִיאֵטָה
דלל	 0	 0	 0	 0	 0	 0	 0	 0	 0	 0	 לִהיוֹת שׁוֹנֶה
דליל	 0	 0	 0	 0	 0	 0	 0	 0	 0	 0	 הֶבדֵל
ילה	 0	 0	 0	 0	 0	 0	 0	 0	 0	 0	 הבדלים
דימ	 0	 0	 0	 0	 0	 0	 0	 0	 0	 1	 דִיפֵרֶנציִאָלִי
מד	 0	 0	 0	 0	 0	 0	 0	 0	 0	 0	 בידול
פחית	 0	 0	 0	 0	 0	 0	 0	 0	 1	 0	 באופן שונה
עט	 0	 0	 0	 0	 0	 0	 0	 0	 0	 0	 שונים
פחתה	 0	 0	 0	 1	 0	 0	 0	 0	 0	 0	 קָשֶׁה
צורת הקטנה	 0	 0	 0	 0	 0	 1	 0	 1	 0	 0	 קשיים
רעש	 1	 0	 0	 1	 0	 1	 0	 1	 0	 0	 קושי
סעוד	 0	 0	 0	 0	 0	 0	 0	 0	 0	 0	 מְפוּזָר
סעדה	 0	 0	 0	 0	 0	 0	 0	 0	 0	 0	 ריכוך
ארוחת ערב	 0	 0	 0	 0	 0	 0	 0	 0	 0	 0	 לַחפּוֹר
דינוזאור	 0	 0	 0	 0	 0	 0	 0	 0	 0	 0	 לְעַכֵּל
דיט	 0	 0	 0	 0	 0	 0	 0	 0	 0	 0	 אִכּוּל
דיוקזי	 0	 0	 0	 0	 0	 0	 0	 0	 0	 1	 סִפְרָה
חוז הבשופ	 0	 0	 0	 0	 0	 0	 1	 0	 0	 0	 מְכוּבָּד
דיורמה	 0	 0	 0	 0	 0	 0	 1	 0	 0	 1	 כָּבוֹד
טבול	 0	 1	 0	 0	 0	 1	 0	 0	 0	 0	 לִסְטוֹת
דיפלומה	 0	 0	 0	 0	 0	 0	 0	 0	 0	 0	 חפירות
דיפלומטיה	 0	 0	 0	 1	 0	 0	 0	 0	 0	 0	 סוֹלְלָה
דיפלומט	 0	 0	 1	 0	 0	 1	 0	 1	 0	 0	 רָעוּעַ
דיפלומטי	 0	 0	 0	 0	 0	 0	 0	 0	 0	 0	 הִתרַחֲבוּת
נורא	 0	 0	 0	 0	 0	 0	 0	 0	 0	 0	 הַרחָבָה
ונ	 0	 0	 0	 0	 0	 0	 0	 0	 0	 0	 דִילֶמָה
יוונ	 0	 0	 0	 0	 0	 0	 1	 0	 0	 1	 חָרִיצוּת
צורה ישירה	 0	 0	 0	 0	 0	 0	 0	 0	 0	 0	 חָרוּץ
נהל	 0	 0	 0	 0	 0	 0	 0	 0	 0	 0	 מדלל
דריכ	 0	 0	 0	 0	 0	 1	 0	 0	 0	 0	 לְדַלֵל
עפר	 0	 0	 0	 0	 0	 0	 0	 0	 0	 0	 דָלִיל
לכ	 0	 0	 0	 0	 0	 0	 0	 0	 0	 0	 מְהִילָה
נכות	 0	 0	 0	 0	 0	 0	 0	 0	 0	 0	 דַיִם
ית	 0	 0	 0	 0	 0	 0	 0	 0	 0	 0	 מֵמַד
נכה	 0	 0	 0	 0	 0	 1	 0	 1	 0	 0	 לְהַפחִית
חסרונ	 0	 0	 0	 0	 0	 1	 0	 0	 0	 0	 מְמוּעָט
א מרוצה	 0	 0	 0	 0	 0	 0	 0	 0	 0	 0	 הַפחָתָה
א מסכימ	 0	 0	 0	 0	 0	 0	 0	 0	 0	 0	 צוּרַת הַקטָנָה
א נעימ	 0	 0	 0	 0	 0	 1	 0	 0	 0	 0	 רַעַשׁ
א מסכימ	 0	 0	 0	 0	 0	 0	 0	 0	 0	 0	 לִסעוֹד
חלוקת	 0	 0	 0	 0	 0	 0	 0	 0	 0	 0	 מסעדה
א לאפשר	 0	 0	 0	 0	 0	 0	 1	 0	 0	 0	 אֲרוּחַת עֶרֶב
אסור	 0	 0	 0	 1	 0	 0	 0	 0	 0	 0	 דינוזאור
עלמ	 0	 0	 0	 0	 0	 0	 0	 0	 0	 0	 דיט
עלמות	 0	 0	 0	 0	 0	 0	 0	 0	 0	 0	 דיוקזי
נעלמ	 0	 0	 0	 0	 0	 0	 0	 0	 0	 0	 מָחוֹז הַבִּשׁוֹף
אכזב	 0	 0	 0	 0	 0	 0	 0	 0	 0	 0	 דיורמה
אוכזב	 0	 0	 0	 0	 0	 0	 0	 0	 0	 0	 לִטבּוֹל
אכזב	 0	 0	 0	 0	 0	 0	 0	 0	 0	 0	 דיפלומה
אכזבה	 0	 1	 0	 0	 0	 0	 1	 0	 0	 1	 דִיפּלוֹמָטִיָה
אי הסכמה	 0	 0	 0	 0	 0	 0	 0	 0	 0	 0	 דִיפּלוֹמָט
א לאשר	 0	 0	 0	 0	 0	 0	 1	 0	 0	 1	 דִיפּלוֹמָטִי
א אושרה	 0	 0	 1	 1	 0	 1	 0	 1	 1	 0	 נוֹרָא
סתייג	 0	 0	 0	 0	 0	 0	 0	 0	 0	 0	 מְכוּוָן
פרוק מנשקו	 0	 0	 0	 0	 0	 0	 0	 0	 0	 0	 כיוון
אי סדר	 0	 0	 0	 0	 0	 0	 0	 0	 0	 0	 בצורה ישירה
אסונ	 0	 0	 0	 0	 0	 0	 1	 0	 0	 1	 מְנַהֵל
אסונ	 0	 0	 0	 0	 0	 0	 0	 0	 0	 0	 מַדרִיך
פרק	 0	 0	 1	 0	 0	 1	 0	 0	 0	 0	 עפר
חוסר אמונ	 0	 0	 1	 0	 0	 1	 0	 0	 0	 0	 מְלוּכלָך
א להאמינ	 0	 0	 0	 0	 0	 1	 0	 1	 0	 0	 נָכוּת
למ	 0	 0	 0	 1	 0	 1	 0	 1	 0	 0	 להשבית
תשלומ	 0	 0	 0	 1	 0	 1	 0	 1	 0	 0	 נָכֶה
דיסק	 0	 0	 0	 0	 0	 0	 0	 0	 0	 0	 חִסָרוֹן
לכ	 0	 0	 0	 0	 0	 1	 0	 0	 0	 0	 לא מרוצה
יכ	 1	 0	 0	 0	 0	 1	 0	 0	 0	 0	 לא מסכים
חינ	 0	 0	 0	 0	 0	 0	 0	 0	 0	 0	 לֹא נָעִים
ניתנ להבחינ	 1	 0	 0	 0	 0	 1	 0	 1	 0	 0	 לא מסכים
נבונ	 1	 0	 0	 0	 0	 1	 0	 1	 0	 0	 מחלוקת
חנה	 0	 0	 0	 0	 0	 0	 0	 0	 0	 0	 לא לאפשר
פריקה	 1	 0	 1	 1	 0	 1	 0	 1	 0	 0	 אסור
תלמיד	 0	 0	 0	 1	 0	 0	 0	 0	 0	 0	 לְהֵעָלֵם
עת	 0	 0	 0	 0	 0	 0	 0	 0	 0	 0	 הֵעָלְמוּת
תנערות	 0	 0	 0	 0	 0	 0	 0	 0	 0	 0	 נעלם
תב ויתור	 1	 0	 1	 0	 0	 1	 0	 1	 0	 0	 לְאַכזֵב
חשופ	 1	 0	 1	 0	 0	 1	 0	 1	 0	 0	 מְאוּכזָב
נחשפ	 0	 0	 0	 0	 0	 1	 0	 1	 0	 0	 מְאַכזֵב
חשיפה	 0	 0	 1	 0	 0	 1	 0	 1	 0	 0	 אַכזָבָה
דהוי	 0	 0	 0	 0	 0	 1	 0	 1	 0	 0	 אי הסכמה
דהוי	 1	 0	 1	 1	 0	 1	 0	 1	 0	 0	 לא לאשר
אי נוחות	 1	 0	 0	 0	 0	 1	 0	 1	 0	 0	 לא אושרה
נתק	 1	 0	 1	 0	 0	 1	 0	 1	 0	 0	 מסתייג
נותק	 0	 0	 0	 0	 0	 0	 0	 0	 0	 0	 לפרוק מנשקו
ניתוק	 0	 0	 0	 0	 0	 0	 0	 0	 0	 0	 אִי סֶדֵר
אי שביעות רצונ	 1	 0	 1	 1	 0	 1	 0	 1	 1	 0	 אסון
פסקה	 1	 0	 0	 1	 0	 1	 0	 1	 0	 0	 אסון
פסיק	 0	 0	 0	 0	 0	 0	 0	 0	 0	 0	 לְפַרֵק
אי רציפות	 0	 0	 0	 0	 0	 0	 0	 0	 0	 0	 חוֹסֶר אֵמוּן
תי רציפ	 0	 0	 0	 0	 0	 1	 0	 0	 0	 0	 לֹא לְהֶאֱמִין
חלוקת	 0	 0	 0	 0	 0	 0	 0	 0	 0	 0	 לשלם
נחה	 0	 0	 0	 0	 0	 0	 0	 0	 0	 0	 תַשְׁלוּם
נחה	 0	 0	 0	 0	 0	 0	 0	 0	 0	 0	 דיסק
דכא	 0	 0	 0	 0	 0	 0	 0	 0	 0	 0	 מוּשׁלָך
יואש	 0	 0	 0	 0	 0	 1	 0	 0	 0	 0	 משליך
רפיונ רוח	 0	 0	 0	 0	 0	 0	 0	 0	 0	 0	 לְהַבחִין
יח	 0	 0	 0	 0	 0	 0	 0	 0	 0	 0	 ניתן להבחין
גלות	 0	 0	 0	 0	 0	 0	 0	 0	 0	 0	 נָבוֹן
תגלית	 0	 0	 0	 0	 0	 0	 0	 0	 0	 0	 הַבחָנָה
פגוע באמינות	 0	 0	 0	 0	 0	 1	 0	 0	 0	 0	 פְּרִיקָה
דיסקרטי	 0	 0	 0	 0	 0	 0	 0	 0	 0	 1	 תַלמִיד
אי התאמה	 0	 0	 0	 1	 0	 1	 0	 0	 0	 0	 משמעת
נבדל	 1	 0	 1	 0	 0	 1	 0	 0	 0	 1	 התנערות
יקול דעת	 0	 0	 0	 0	 0	 0	 0	 0	 0	 0	 כתב ויתור
יקול דעת	 0	 0	 0	 0	 0	 0	 0	 0	 0	 0	 לחשוף
פלות	 0	 0	 0	 0	 0	 0	 0	 0	 0	 1	 נחשף
פלה	 0	 0	 0	 0	 0	 0	 0	 0	 0	 0	 חשיפה
אפליה	 0	 0	 1	 0	 0	 1	 0	 0	 0	 0	 דִהוּי
דיסקוס	 0	 0	 1	 0	 0	 1	 0	 1	 0	 0	 דהוי
דונ	 0	 0	 0	 0	 0	 1	 0	 1	 0	 0	 אִי נוֹחוּת
דיונ	 0	 0	 0	 0	 0	 1	 0	 1	 0	 0	 לְנַתֵק
וז	 0	 0	 0	 0	 0	 1	 0	 1	 0	 0	 מְנוּתָק
חלה	 0	 0	 0	 0	 0	 1	 0	 0	 0	 0	 ניתוק
נגוע	 1	 0	 1	 1	 0	 1	 0	 1	 0	 0	 אִי שְׂבִיעוּת רָצוֹן
חסר גופ	 0	 0	 0	 0	 0	 0	 0	 0	 0	 0	 הפסקה
נתק	 0	 0	 0	 0	 0	 1	 0	 0	 0	 0	 לְהַפְסִיק
תנתקות	 0	 0	 1	 1	 0	 1	 0	 1	 0	 0	 אִי רְצִיפוּת
עוות	 0	 0	 0	 0	 0	 0	 0	 0	 0	 0	 בלתי רציף
חרפה	 1	 0	 1	 0	 0	 1	 0	 0	 0	 0	 מַחֲלוֹקֶת
זה	 0	 0	 0	 0	 0	 0	 0	 0	 0	 0	 הנחה
חפיר	 0	 0	 0	 0	 0	 0	 0	 0	 0	 0	 בהנחה
רמר	 0	 0	 0	 1	 0	 1	 0	 1	 0	 0	 לדכא
סוות	 0	 0	 0	 0	 0	 0	 0	 0	 0	 0	 מיואש
חופש	 0	 0	 0	 0	 0	 1	 0	 0	 0	 0	 רִפיוֹן רוּחַ
גועל	 0	 0	 0	 0	 0	 0	 0	 0	 0	 0	 שִׂיחַ
געיל	 0	 0	 0	 0	 0	 0	 0	 0	 0	 0	 לְגַלוֹת
צלחת	 0	 0	 0	 0	 0	 0	 1	 0	 0	 0	 תַגלִית
אוכזבימ	 0	 0	 0	 0	 0	 1	 0	 0	 0	 0	 לִפְגוֹעַ בְּאֲמִינוּת
ייאש	 0	 1	 0	 0	 0	 0	 1	 0	 0	 0	 דִיסקרֶטִי
א ישר	 0	 0	 0	 0	 0	 0	 0	 0	 0	 0	 אִי הַתְאָמָה
אי יושר	 0	 0	 0	 0	 0	 0	 0	 0	 0	 0	 נִבדָל
חרפה	 0	 1	 0	 0	 0	 0	 1	 0	 0	 1	 שיקול דעת
תפכחות	 0	 0	 0	 0	 0	 0	 1	 0	 0	 0	 שיקול דעת
חטא	 1	 0	 0	 0	 0	 1	 0	 1	 0	 0	 לְהָפלוֹת
חטא	 0	 0	 1	 0	 0	 1	 0	 0	 0	 0	 מפלה
חיטוי	 1	 0	 1	 1	 0	 1	 0	 1	 0	 0	 אַפלָיָה
ידע מטעה	 0	 0	 0	 0	 0	 0	 0	 0	 0	 0	 דִיסקוּס
א הגיוני	 0	 0	 0	 0	 0	 0	 0	 0	 0	 0	 לָדוּן
תפורר	 0	 0	 0	 0	 0	 0	 1	 0	 0	 0	 דִיוּן
תפוררות	 1	 0	 1	 0	 0	 1	 0	 0	 0	 0	 בּוּז
חסר ענינ	 1	 0	 1	 1	 0	 1	 0	 1	 0	 0	 מַחֲלָה
נותקימ	 0	 0	 1	 1	 0	 1	 0	 1	 0	 0	 נָגוּעַ
קטוע	 0	 0	 0	 1	 0	 1	 0	 1	 0	 0	 חֲסַר גוּף
פריד	 0	 0	 0	 0	 0	 0	 0	 0	 0	 0	 לְנַתֵק
דיסק	 0	 0	 0	 0	 0	 1	 0	 0	 0	 0	 התנתקות
תקליטונ	 1	 0	 1	 1	 0	 1	 0	 1	 0	 0	 מעוות
נוא	 1	 0	 1	 0	 0	 1	 0	 1	 0	 0	 חרפה
א אהב	 1	 0	 1	 0	 0	 1	 0	 1	 0	 0	 מבוזה
נקע	 1	 0	 1	 0	 0	 1	 0	 0	 0	 0	 מַחְפִּיר
נקע	 1	 0	 1	 0	 0	 1	 0	 1	 0	 0	 מְמוּרמָר
נשל	 0	 0	 0	 0	 0	 0	 0	 0	 0	 0	 לְהַסווֹת
עגומ	 0	 0	 0	 0	 0	 0	 0	 0	 0	 0	 מְחוּפָּשׂ
תדהמה	 1	 0	 1	 1	 0	 1	 0	 1	 0	 0	 גועל
פירוק	 1	 0	 1	 1	 0	 1	 0	 0	 0	 0	 מגעיל
חרר	 0	 0	 0	 0	 0	 0	 0	 0	 0	 0	 צַלַחַת
דחה	 0	 0	 0	 0	 0	 1	 0	 1	 0	 0	 מאוכזבים
רדת	 0	 0	 0	 0	 0	 1	 0	 1	 0	 0	 מייאש
אי ציות	 1	 0	 1	 0	 0	 1	 0	 1	 0	 0	 לֹא יָשָׁר
סרבני	 0	 0	 1	 0	 0	 1	 0	 0	 0	 0	 אִי יִוֹשֶׁר
רות	 1	 0	 1	 1	 0	 1	 0	 1	 0	 0	 חֶרפָּה
פרעה	 1	 0	 1	 0	 0	 1	 0	 1	 0	 0	 הִתפַּכְּחוּת
פרוע	 0	 0	 0	 0	 0	 0	 0	 0	 0	 0	 לְחַטֵא
א מאורגנ	 0	 0	 0	 0	 0	 0	 0	 0	 0	 0	 מְחַטֵא
זלזל	 0	 0	 0	 0	 0	 0	 1	 0	 0	 0	 חיטוי
זלזל	 1	 0	 0	 1	 0	 1	 0	 0	 0	 0	 מֵידָע מַטעֶה
פורד	 0	 0	 1	 0	 0	 1	 0	 0	 0	 0	 לא הגיוני
פער	 0	 0	 1	 1	 0	 1	 0	 0	 0	 0	 לְהִתְפּוֹרֵר
קר רוח	 0	 0	 0	 0	 0	 1	 0	 0	 0	 0	 הִתפּוֹרְרוּת
גר	 0	 0	 0	 0	 0	 1	 0	 0	 0	 0	 חֲסַר עִניָן
פזר	 0	 0	 0	 0	 0	 0	 0	 0	 0	 0	 מנותקים
פטור	 0	 0	 0	 0	 0	 0	 0	 0	 0	 0	 קָטוּעַ
חלק	 0	 0	 0	 0	 0	 0	 0	 0	 0	 0	 מַפרִיד
פזר	 0	 0	 0	 0	 0	 0	 0	 0	 0	 0	 דִיסק
פוזר	 0	 0	 0	 0	 0	 0	 0	 0	 0	 0	 תַקלִיטוֹן
פזירה	 1	 0	 1	 0	 0	 1	 0	 0	 0	 0	 לִשְׂנוֹא
עקור	 1	 0	 0	 0	 0	 1	 0	 1	 0	 0	 לא אהב
עקור	 1	 0	 1	 1	 0	 1	 0	 1	 0	 0	 נקע
תזוזה	 0	 0	 0	 0	 0	 0	 0	 0	 0	 0	 נקע
ציג	 0	 0	 0	 0	 0	 0	 0	 0	 0	 0	 לְנַשֵׁל
א מרוצה	 0	 0	 1	 1	 0	 1	 0	 1	 0	 0	 עָגוּם
אי שביעות רצונ	 1	 1	 0	 1	 0	 1	 0	 1	 1	 0	 תַדְהֵמָה
רשות	 0	 0	 1	 1	 0	 1	 0	 1	 0	 0	 פירוק
יפטר	 0	 0	 0	 0	 0	 0	 0	 0	 0	 0	 לשחרר
נפטר	 1	 0	 1	 1	 0	 1	 0	 1	 1	 0	 הֲדָחָה
זג	 0	 0	 0	 0	 0	 0	 0	 0	 0	 0	 לָרֶדֶת
נושל	 1	 0	 1	 0	 0	 1	 0	 0	 0	 0	 אי ציות
פריכ	 1	 0	 0	 0	 0	 1	 0	 0	 0	 0	 סָרְבָנִי
חלוקת	 1	 0	 1	 0	 0	 1	 0	 0	 0	 0	 לְהַמרוֹת
פסילה	 0	 0	 0	 1	 0	 1	 0	 0	 0	 0	 הפרעה
פסול	 0	 0	 0	 0	 0	 1	 0	 0	 0	 0	 פָּרוּעַ
פסול	 0	 0	 0	 0	 0	 1	 0	 0	 0	 0	 לא מאורגן
תעלמות	 1	 0	 1	 0	 0	 1	 0	 1	 0	 0	 לִזַלזֵל
תעלמו	 1	 0	 1	 0	 0	 1	 0	 1	 0	 0	 מזלזל
א מכובד	 0	 0	 0	 0	 0	 0	 0	 0	 0	 0	 מְפוּרָד
 רע	 1	 0	 1	 0	 0	 1	 0	 1	 0	 0	 פַּעַר
זלזול	 0	 0	 0	 0	 0	 1	 0	 1	 0	 0	 קַר רוּחַ
חסר כבוד	 0	 0	 0	 0	 0	 0	 0	 0	 0	 0	 לְשַׁגֵר
פרעה	 0	 0	 0	 0	 0	 1	 0	 1	 0	 0	 לְפַזֵר
חוסר שביעות רצונ	 0	 0	 0	 0	 0	 0	 0	 0	 0	 0	 פטור
א מרוצה	 0	 0	 0	 0	 0	 0	 0	 0	 0	 0	 לְחַלֵק
נתח	 0	 0	 0	 0	 0	 0	 0	 0	 0	 0	 לְפַזֵר
דיסקציה	 0	 0	 0	 0	 0	 0	 0	 0	 0	 0	 מְפוּזָר
פיצ	 0	 0	 0	 0	 0	 1	 0	 0	 0	 0	 פְּזִירָה
פצה	 0	 0	 0	 0	 0	 1	 0	 0	 0	 0	 לַעֲקוֹר
חלוקת	 1	 0	 0	 1	 0	 0	 0	 1	 0	 0	 עָקוּר
תנגדות	 0	 0	 0	 0	 0	 0	 0	 0	 0	 0	 תְזוּזָה
תנגדימ	 0	 0	 0	 0	 0	 0	 0	 0	 0	 0	 לְהַצִיג
סה	 1	 0	 1	 1	 0	 1	 0	 1	 0	 0	 לא מרוצה
רות דוב	 0	 0	 1	 0	 0	 1	 0	 0	 0	 0	 אִי שְׂבִיעוּת רָצוֹן
פורש	 0	 0	 0	 0	 0	 1	 0	 0	 0	 0	 רְשׁוּת
נה	 0	 0	 1	 0	 0	 0	 0	 0	 0	 0	 להיפטר
פזר	 0	 1	 0	 0	 0	 0	 1	 0	 0	 1	 נפטר
תפוגג	 0	 0	 0	 0	 0	 0	 0	 0	 0	 0	 מֶזֶג
דיסוציאציה	 1	 0	 0	 1	 0	 1	 0	 1	 0	 0	 נושל
תפרקות	 0	 0	 0	 0	 0	 0	 0	 0	 0	 0	 לְהַפְרִיך
תמוסס	 1	 0	 0	 0	 0	 1	 0	 0	 0	 0	 מַחֲלוֹקֶת
צרימה	 0	 0	 0	 0	 0	 1	 0	 0	 0	 0	 פְּסִילָה
ניא	 1	 0	 1	 0	 0	 1	 0	 1	 0	 0	 פָּסוּל
דיסטלי	 0	 0	 0	 0	 0	 1	 0	 1	 0	 0	 לִפְסוֹל
רחק	 0	 0	 0	 0	 0	 1	 0	 0	 0	 0	 הִתעַלְמוּת
רחוק	 0	 0	 1	 0	 0	 1	 0	 0	 0	 0	 התעלמו
סלידה	 1	 0	 1	 1	 0	 1	 0	 0	 0	 0	 לֹא מְכוּבָּד
א נעימ	 0	 0	 0	 0	 0	 0	 0	 0	 0	 0	 שֵׁם רַע
תזקיק	 1	 0	 0	 0	 0	 1	 0	 0	 0	 0	 זִלזוּל
זקוק	 1	 0	 1	 1	 0	 1	 0	 1	 0	 0	 חסר כבוד
חנה	 1	 0	 0	 1	 0	 1	 0	 0	 1	 0	 הפרעה
יוחד	 0	 0	 0	 0	 0	 1	 0	 0	 0	 0	 חוסר שביעות רצון
חינ	 0	 0	 0	 0	 0	 0	 0	 0	 0	 0	 לא מרוצה
ניתנ להבחינ	 0	 0	 0	 0	 0	 0	 0	 0	 0	 0	 לְנַתֵחַ
נכבד	 0	 0	 1	 0	 0	 0	 0	 0	 0	 0	 דיסקציה
דיל	 0	 0	 0	 0	 0	 0	 1	 0	 0	 0	 לְהָפִיץ
עוות	 0	 0	 0	 0	 0	 0	 0	 0	 0	 0	 הֲפָצָה
עיוות	 1	 0	 0	 0	 0	 1	 0	 0	 0	 0	 מַחֲלוֹקֶת
סיח את הדעה	 0	 0	 0	 0	 0	 0	 0	 0	 0	 0	 התנגדות
פוזר	 0	 0	 0	 0	 0	 1	 0	 0	 0	 0	 מתנגדים
סיח דעת	 0	 0	 0	 0	 0	 0	 0	 0	 0	 0	 מַסָה
סחת הדעת	 1	 0	 1	 0	 0	 1	 0	 1	 0	 0	 שֵׁרוּת דוֹב
פוזר	 1	 0	 0	 1	 0	 1	 0	 0	 0	 0	 פּוֹרֵשׁ
צוקה	 0	 0	 0	 0	 0	 0	 0	 0	 0	 0	 שׁוֹנֶה
צוקה	 0	 0	 0	 0	 0	 0	 0	 0	 0	 0	 לְפַזֵר
צער	 0	 0	 0	 0	 0	 0	 0	 0	 0	 0	 התפוגג
פיצ	 0	 0	 0	 0	 0	 0	 0	 0	 0	 0	 דיסוציאציה
פצה	 1	 0	 0	 1	 0	 1	 0	 1	 1	 0	 התפרקות
חוז	 0	 0	 0	 0	 0	 0	 0	 0	 0	 0	 לְהִתְמוֹסֵס
חוסר אמונ	 1	 0	 0	 0	 0	 1	 0	 0	 0	 0	 צרימה
פרעה	 0	 0	 0	 0	 0	 0	 0	 0	 0	 0	 לְהַנִיאַ
טרד	 0	 0	 0	 0	 0	 0	 0	 0	 0	 0	 דיסטלי
אי שמוש	 0	 0	 0	 0	 0	 0	 0	 0	 0	 0	 מֶרְחָק
א בשימוש	 0	 0	 0	 0	 0	 0	 0	 0	 0	 0	 רָחוֹק
נטוש	 0	 0	 1	 0	 0	 1	 0	 0	 0	 0	 סְלִידָה
נל	 0	 0	 1	 0	 0	 1	 0	 0	 0	 0	 לֹא נָעִים
פזמונ	 0	 0	 0	 0	 0	 0	 0	 0	 0	 0	 תַזקִיק
יומי	 0	 0	 0	 0	 0	 0	 1	 0	 0	 0	 זִקוּק
דרגש	 0	 0	 0	 0	 0	 0	 1	 0	 0	 0	 הבחנה
צלול	 0	 0	 0	 0	 0	 0	 0	 0	 0	 0	 מְיוּחָד
צוללנ	 0	 0	 0	 0	 0	 0	 0	 0	 0	 0	 לְהַבחִין
סטות	 0	 0	 0	 0	 0	 0	 0	 0	 0	 0	 ניתן להבחין
סתעפות	 0	 0	 0	 0	 0	 0	 0	 0	 0	 0	 נִכבָּד
סתעפ	 0	 0	 0	 0	 0	 0	 0	 0	 0	 0	 מַבדִיל
תפצלימ	 0	 0	 1	 0	 0	 1	 0	 0	 0	 0	 מְעוּוָת
צוללנימ	 0	 0	 0	 0	 0	 1	 0	 0	 0	 0	 עיוות
גוונ	 0	 0	 0	 0	 0	 1	 0	 0	 0	 0	 להסיח את הדעה
גוונ	 1	 0	 0	 0	 0	 1	 0	 0	 0	 0	 מְפוּזָר
נמר	 1	 1	 0	 0	 0	 1	 0	 0	 0	 0	 מסיח דעת
סחה	 0	 0	 0	 0	 0	 1	 0	 0	 0	 0	 הַסָחַת הַדַעַת
גוונ	 0	 0	 0	 0	 0	 1	 0	 1	 0	 0	 מְפוּזָר
פנות	 1	 0	 1	 1	 0	 1	 0	 1	 1	 0	 מְצוּקָה
פנה	 0	 0	 0	 1	 0	 1	 0	 0	 0	 0	 במצוקה
קיע	 1	 0	 0	 1	 0	 1	 0	 0	 0	 0	 מְצַעֵר
נמכר	 0	 0	 0	 0	 0	 0	 0	 0	 0	 0	 לְהָפִיץ
ימוש	 0	 0	 0	 0	 0	 0	 0	 0	 0	 0	 הפצה
חלק	 0	 0	 0	 0	 0	 0	 0	 0	 0	 0	 מָחוֹז
חולק	 1	 0	 1	 1	 0	 1	 0	 0	 0	 0	 חוסר אמון
דיבידנד	 1	 0	 0	 1	 0	 1	 0	 1	 1	 0	 הפרעה
קסמ	 1	 0	 0	 0	 0	 1	 0	 1	 0	 0	 מוטרד
אלוהי	 0	 0	 0	 0	 0	 1	 0	 0	 0	 0	 אִי שִׁמוּשׁ
אלוהות	 1	 0	 0	 0	 0	 1	 0	 0	 0	 0	 לא בשימוש
תחלק	 0	 0	 0	 0	 0	 0	 0	 0	 0	 0	 לִנְטוֹשׁ
חלוקה	 0	 0	 0	 0	 0	 0	 0	 0	 0	 0	 כנל
חלק	 0	 0	 0	 0	 1	 0	 1	 0	 0	 0	 פִּזמוֹן
תגרש	 0	 0	 0	 0	 0	 0	 0	 0	 0	 0	 יוֹמִי
גלות סוד	 0	 0	 0	 0	 0	 0	 0	 0	 0	 1	 דַרגָשׁ
סחרחורת	 0	 0	 0	 0	 0	 0	 0	 0	 0	 0	 לִצְלוֹל
סחרחר	 0	 0	 0	 0	 0	 0	 0	 0	 0	 0	 צוֹלְלָן
נוע	 0	 0	 0	 0	 0	 0	 0	 0	 0	 0	 לִסְטוֹת
עגונ	 0	 0	 0	 0	 0	 0	 0	 0	 0	 0	 הִסתַעֲפוּת
עגנה	 0	 0	 0	 0	 0	 1	 0	 0	 1	 0	 מִסתַעֵף
תוית	 0	 0	 0	 0	 0	 0	 0	 0	 0	 0	 מתפצלים
דוקטור	 0	 0	 0	 0	 0	 0	 0	 0	 0	 0	 צוללנים
דוקטרינרית	 0	 0	 0	 0	 0	 1	 1	 0	 0	 0	 מְגוּוָן
דוקטרינה	 0	 0	 0	 0	 0	 0	 1	 0	 0	 0	 מְגוּוָן
סמכ	 0	 0	 0	 0	 0	 0	 0	 0	 0	 0	 לְנַמֵר
תיעודי	 0	 0	 0	 0	 0	 0	 1	 0	 1	 0	 הַסָחָה
תחמק	 0	 0	 0	 0	 0	 0	 0	 0	 0	 0	 מגוון
חמיקה	 0	 0	 0	 0	 0	 0	 0	 0	 0	 0	 להפנות
צביה	 0	 0	 0	 0	 0	 0	 0	 0	 0	 0	 מפנה
רמאי	 0	 0	 0	 0	 0	 0	 0	 0	 0	 0	 לְהוֹקִיעַ
לב	 0	 0	 0	 0	 0	 1	 0	 0	 0	 0	 נמכר
עיקש	 0	 0	 0	 0	 0	 1	 0	 0	 0	 0	 מימוש
דוגמה	 0	 0	 0	 0	 0	 0	 0	 0	 0	 0	 לחלק
דוגמטי	 0	 0	 0	 0	 0	 0	 0	 0	 0	 0	 מחולק
עשייה	 0	 0	 0	 0	 0	 0	 0	 0	 0	 0	 דיבידנד
תעשה את זה	 0	 1	 0	 0	 0	 0	 0	 0	 0	 0	 קֶסֶם
צב רוח עגומ	 0	 0	 0	 0	 0	 0	 0	 0	 0	 0	 אלוהי
קצבה	 0	 0	 0	 0	 0	 0	 1	 0	 0	 0	 אֱלוֹהוּת
בה	 0	 0	 0	 0	 0	 0	 0	 0	 0	 0	 מִתחַלֵק
דולר	 0	 0	 0	 0	 0	 0	 0	 0	 0	 0	 חֲלוּקָה
דולפינ	 0	 0	 0	 0	 0	 0	 0	 0	 0	 0	 מְחַלֵק
תחומ	 1	 0	 1	 1	 0	 1	 0	 1	 1	 1	 לְהִתְגַרֵשׁ
יפה	 0	 0	 0	 0	 0	 0	 0	 0	 0	 0	 לגלות סוד
יתי	 0	 0	 0	 0	 0	 1	 0	 0	 0	 0	 סְחַרחוֹרֶת
ית	 0	 0	 0	 0	 0	 1	 0	 0	 0	 0	 סְחַרחַר
יות	 0	 0	 0	 0	 0	 0	 0	 0	 0	 0	 כָּנוּעַ
קומ מושב	 0	 0	 0	 0	 0	 0	 0	 0	 0	 0	 לַעֲגוֹן
כנ	 0	 0	 0	 0	 0	 1	 0	 0	 0	 0	 עגנה
יטה	 0	 0	 0	 0	 0	 0	 0	 0	 0	 0	 תָוִית
דומיננטי	 0	 0	 0	 0	 0	 0	 1	 0	 0	 1	 דוֹקטוֹר
וט	 0	 0	 0	 0	 0	 0	 0	 0	 0	 0	 דוקטרינרית
לט	 0	 0	 0	 0	 0	 0	 0	 0	 0	 1	 דוֹקטרִינָה
יטה	 0	 0	 0	 0	 0	 0	 0	 0	 0	 0	 מסמך
יטה	 0	 0	 0	 0	 0	 0	 0	 0	 0	 0	 תיעודי
דומינו	 0	 0	 0	 0	 0	 0	 0	 0	 0	 0	 להתחמק
דונ	 0	 0	 0	 0	 0	 0	 0	 0	 0	 0	 חֲמִיקָה
תרומה	 0	 0	 0	 0	 0	 0	 0	 0	 0	 0	 צְבִיָה
חמור	 0	 0	 0	 0	 0	 0	 1	 0	 0	 0	 רַמַאִי
תורמ	 0	 0	 0	 0	 0	 0	 0	 0	 0	 0	 כֶּלֶב
רבט	 0	 0	 0	 0	 0	 0	 1	 0	 0	 0	 עיקש
אבדונ	 0	 0	 0	 0	 0	 0	 0	 0	 0	 1	 דוֹגמָה
נידונ	 0	 0	 0	 0	 0	 0	 0	 0	 0	 0	 דוֹגמָטִי
יומ הדינ	 0	 0	 0	 0	 0	 0	 0	 0	 0	 0	 עשייה
דלת	 0	 0	 0	 0	 0	 1	 0	 0	 0	 0	 תעשה את זה
פעמונ דלת	 0	 0	 0	 0	 0	 1	 0	 1	 0	 0	 מַצַב רוּחַ עָגוּם
פתח	 0	 0	 0	 0	 0	 1	 0	 1	 0	 0	 קִצבָּה
רדומ	 0	 0	 0	 0	 1	 0	 0	 0	 0	 0	 בּוּבָּה
פנימיה	 0	 0	 0	 0	 0	 0	 0	 0	 0	 0	 דוֹלָר
גב	 0	 0	 0	 0	 0	 1	 0	 1	 0	 0	 dolor
נה	 0	 0	 0	 0	 1	 0	 1	 0	 1	 1	 דולפין
נקודה	 0	 0	 0	 0	 0	 0	 0	 0	 0	 0	 תְחוּם
פיל	 0	 0	 0	 0	 0	 0	 0	 0	 0	 0	 כיפה
פל	 0	 0	 0	 0	 0	 0	 0	 0	 0	 0	 בֵּיתִי
פיל	 0	 0	 0	 0	 0	 0	 0	 0	 0	 0	 מְבוּיָת
פילה	 0	 0	 0	 0	 0	 0	 0	 0	 0	 0	 בִּיוּת
ספק	 0	 0	 0	 0	 0	 0	 0	 0	 0	 0	 מָקוֹם מוֹשָׁב
טל בספק	 0	 0	 0	 0	 0	 0	 0	 0	 0	 0	 מְשׁוּכָּן
טיל ספק	 0	 0	 0	 0	 0	 0	 0	 0	 0	 0	 שְׁלִיטָה
י ספק	 0	 0	 0	 1	 0	 1	 0	 0	 0	 0	 דוֹמִינָנטִי
טיפה	 1	 0	 0	 1	 0	 1	 1	 0	 0	 0	 לִשְׁלוֹט
צק	 0	 0	 0	 0	 0	 0	 0	 0	 0	 0	 שולט
סופגניה	 1	 0	 0	 1	 0	 1	 0	 1	 0	 0	 שְׁלִיטָה
קודר	 0	 0	 0	 1	 0	 0	 0	 0	 0	 1	 שליטה
יונה	 0	 0	 0	 0	 0	 0	 0	 0	 0	 0	 דומינו
חוח	 0	 0	 0	 0	 0	 0	 1	 0	 0	 1	 דוֹן
נפילה	 0	 0	 0	 0	 0	 0	 1	 0	 0	 0	 תרומה
דרונ	 0	 0	 1	 0	 0	 1	 0	 0	 0	 0	 חמור
ול	 0	 0	 0	 0	 0	 0	 0	 0	 0	 0	 תוֹרֵם
גמרי	 0	 0	 0	 0	 0	 1	 0	 0	 0	 0	 לְשַׁרבֵּט
פלומתי	 0	 0	 0	 1	 0	 1	 0	 0	 0	 0	 אֲבַדוֹן
נדוניה	 0	 0	 0	 1	 0	 1	 0	 1	 0	 0	 נידון
נמנמ	 1	 1	 1	 1	 0	 1	 0	 1	 0	 0	 יום הדין
תריסר	 0	 0	 0	 0	 0	 0	 0	 0	 0	 0	 דלת
עממ	 0	 0	 0	 0	 0	 0	 0	 0	 0	 0	 פעמון דלת
טיוטה	 0	 0	 0	 0	 0	 0	 0	 0	 0	 0	 פֶּתַח
גרור	 0	 0	 0	 0	 0	 0	 0	 0	 0	 0	 רָדוּם
דרקונ	 0	 0	 0	 0	 0	 0	 0	 0	 0	 0	 פְּנִימִיָה
ניקוז	 0	 0	 0	 0	 0	 0	 0	 0	 0	 0	 גב
תעלת ניקוז	 0	 0	 0	 0	 0	 0	 0	 0	 0	 0	 מָנָה
סחוט	 0	 0	 0	 0	 0	 0	 0	 0	 0	 0	 נְקוּדָה
דרייק	 0	 0	 0	 0	 0	 0	 0	 0	 0	 0	 לְהַכפִּיל
דרמה	 0	 0	 0	 0	 0	 0	 0	 0	 0	 0	 מוּכפָּל
דרמטי	 0	 0	 0	 0	 0	 0	 0	 0	 0	 0	 כָּפִיל
ילונ	 0	 0	 0	 0	 0	 0	 0	 0	 0	 0	 כְּפִילָה
ילונות	 0	 0	 0	 1	 0	 1	 0	 1	 0	 1	 ספק
דרסטי	 0	 0	 0	 0	 0	 1	 0	 0	 0	 0	 מוטל בספק
טיוטה	 0	 0	 0	 0	 0	 1	 0	 0	 0	 0	 מֵטִיל סָפֵק
צייר	 0	 0	 0	 0	 0	 0	 1	 0	 0	 1	 בְּלִי סָפֵק
חסרונ	 0	 0	 0	 0	 0	 1	 0	 0	 0	 0	 שְׁטִיפָה
גרה	 0	 0	 0	 0	 0	 0	 0	 0	 0	 0	 בצק
תחתונימ	 0	 0	 0	 0	 0	 0	 0	 0	 0	 0	 סופגניה
ציור	 0	 0	 0	 0	 0	 1	 0	 0	 0	 0	 קוֹדֵר
אימה	 0	 1	 0	 0	 1	 0	 1	 0	 0	 1	 יוֹנָה
איומ	 0	 0	 0	 0	 0	 0	 0	 0	 0	 0	 שָׁחוּחַ
צורה נוראית	 0	 0	 0	 1	 0	 1	 0	 1	 0	 0	 נְפִילָה
חולמ	 0	 0	 0	 0	 0	 0	 0	 0	 0	 0	 בְּמִדרוֹן
חולמ	 0	 0	 0	 0	 0	 0	 0	 0	 0	 0	 מַבּוּל
חולמ	 0	 0	 0	 0	 0	 0	 0	 0	 0	 1	 לְגַמרֵי
חולמני	 0	 0	 0	 0	 0	 0	 1	 0	 0	 0	 פְּלוּמָתִי
ימ	 0	 0	 0	 0	 0	 0	 0	 0	 0	 0	 נְדוּנִיָה
חפר	 0	 0	 0	 0	 0	 0	 0	 0	 0	 0	 לְנַמְנֵם
ספוג	 0	 0	 0	 0	 0	 0	 0	 0	 0	 0	 תְרֵיסַר
ארונ בגדימ	 0	 0	 0	 0	 0	 1	 0	 1	 0	 0	 מְשַׁעֲמֵם
דרר	 0	 1	 0	 0	 0	 0	 0	 0	 0	 0	 טְיוּטָה
יובש	 0	 0	 0	 0	 0	 0	 0	 0	 0	 0	 לִגרוֹר
יבש	 0	 0	 0	 1	 0	 0	 0	 0	 0	 0	 דְרָקוֹן
סחיפה	 0	 0	 0	 0	 0	 0	 0	 0	 0	 0	 ניקוז
נסחפ	 0	 0	 0	 0	 0	 1	 0	 0	 0	 0	 תעלת ניקוז
תרגיל	 0	 0	 0	 0	 0	 0	 0	 0	 0	 0	 סחוט
תות	 0	 0	 0	 0	 0	 0	 0	 0	 0	 0	 דרייק
תיה	 0	 0	 0	 0	 0	 0	 0	 0	 0	 0	 דְרָמָה
טפטופ	 0	 0	 0	 0	 0	 0	 0	 0	 0	 0	 דְרָמָטִי
טפטופ	 0	 0	 0	 0	 0	 0	 0	 0	 0	 0	 וִילוֹן
טויות	 0	 0	 0	 0	 0	 0	 0	 0	 0	 0	 וִילוֹנוֹת
נהג	 0	 0	 0	 0	 0	 0	 0	 0	 0	 0	 דרסטי
יל גישה	 0	 0	 0	 0	 0	 0	 0	 0	 0	 0	 טְיוּטָה
טפטופ	 0	 0	 0	 0	 0	 0	 0	 0	 0	 0	 לצייר
צחיק	 0	 0	 0	 0	 0	 1	 0	 0	 0	 0	 חִסָרוֹן
טוס זעיר ללא טייס	 0	 0	 0	 0	 0	 0	 0	 0	 0	 0	 מְגֵרָה
זיל ריר	 0	 0	 0	 0	 0	 0	 0	 0	 0	 0	 תַחתוֹנִים
נבילה	 0	 0	 0	 0	 0	 0	 0	 0	 0	 0	 צִיוּר
ירידה	 0	 1	 0	 1	 0	 1	 0	 0	 0	 0	 אֵימָה
אגל	 1	 1	 1	 1	 0	 1	 0	 1	 0	 0	 אָיוֹם
צורת	 0	 0	 1	 1	 0	 1	 0	 1	 1	 0	 בצורה נוראית
נסע	 0	 0	 0	 0	 0	 0	 0	 0	 0	 0	 חולם
טביע	 0	 0	 0	 0	 0	 0	 0	 0	 0	 0	 חוֹלֵם
נומה	 0	 0	 0	 0	 0	 0	 0	 0	 0	 0	 חולם
נומנמ	 0	 0	 0	 0	 0	 0	 0	 0	 0	 0	 חוֹלמָנִי
עבודת פרכ	 0	 0	 0	 0	 0	 1	 0	 1	 0	 0	 מַשׁמִים
תרופה	 0	 0	 0	 0	 0	 0	 0	 0	 0	 0	 מַחְפֵּר
סוממ	 0	 0	 0	 0	 0	 0	 0	 0	 0	 0	 ספוג
ית מרקחת	 0	 0	 0	 0	 0	 0	 0	 0	 0	 0	 אָרוֹן בְּגָדִים
דרואיד	 0	 0	 0	 0	 0	 0	 0	 0	 0	 0	 לְכַדְרֵר
תופ	 0	 0	 0	 0	 0	 0	 0	 0	 0	 0	 מיובש
תופפ	 0	 0	 0	 0	 0	 0	 0	 0	 0	 0	 מְיַבֵּשׁ
תיפופ	 0	 0	 0	 0	 0	 0	 0	 0	 0	 0	 סְחִיפָה
יכור	 0	 0	 0	 0	 0	 0	 0	 0	 0	 0	 נסחף
רות	 0	 0	 0	 0	 0	 0	 0	 0	 0	 0	 תרגיל
יבש	 0	 0	 0	 0	 0	 0	 0	 0	 0	 0	 לִשְׁתוֹת
יובש	 0	 0	 0	 0	 0	 1	 0	 0	 0	 0	 שְׁתִיָה
פול	 0	 0	 0	 0	 0	 0	 0	 0	 0	 0	 טפטוף
ניות	 0	 0	 0	 0	 0	 0	 0	 0	 0	 0	 טִפטוּף
ניות	 0	 0	 1	 0	 0	 1	 0	 0	 0	 0	 שְׁטוּיוֹת
טפוח	 0	 0	 0	 0	 0	 0	 0	 0	 0	 0	 נהג
פוקפק	 0	 0	 0	 0	 0	 0	 0	 0	 0	 0	 שביל גישה
רווזונ	 0	 0	 0	 0	 0	 0	 0	 0	 0	 0	 טפטוף
יב	 0	 0	 0	 0	 0	 0	 0	 0	 0	 0	 מַצחִיק
רקיע	 0	 0	 0	 0	 0	 1	 0	 0	 0	 0	 מטוס זעיר ללא טייס
טלטלינ	 0	 0	 1	 0	 0	 0	 0	 0	 0	 0	 לְהַזִיל רִיר
של	 0	 0	 0	 0	 0	 1	 0	 0	 0	 0	 נְבִילָה
דו קרב	 0	 0	 0	 0	 0	 0	 0	 0	 0	 0	 יְרִידָה
דמי חבר	 0	 0	 0	 0	 0	 0	 0	 0	 0	 0	 אֵגֶל
דואט	 0	 0	 0	 0	 0	 1	 0	 0	 0	 0	 בַּצוֹרֶת
חה	 0	 0	 0	 0	 0	 0	 0	 0	 0	 0	 נסע
דוכס	 0	 0	 0	 1	 0	 1	 0	 1	 0	 0	 לְהַטבִּיעַ
עממ	 0	 0	 0	 0	 0	 1	 0	 0	 0	 0	 נוּמָה
טומטמ	 0	 0	 0	 0	 0	 0	 0	 0	 0	 0	 מְנוּמנָם
דמה	 0	 0	 0	 0	 0	 1	 0	 0	 0	 0	 עבודת פרך
זבלה	 0	 0	 0	 0	 0	 0	 0	 0	 0	 0	 תְרוּפָה
זבלות	 0	 0	 0	 0	 0	 0	 0	 1	 0	 0	 מְסוּמָם
חולית	 0	 0	 0	 0	 0	 0	 0	 0	 0	 0	 בֵּית מִרקַחַת
זבל	 0	 0	 0	 0	 0	 0	 0	 0	 0	 0	 דרואיד
צינוק	 0	 0	 0	 0	 0	 0	 0	 0	 0	 0	 תוֹף
זוג	 0	 0	 0	 0	 0	 0	 0	 0	 0	 0	 מְתוֹפֵף
פתי	 0	 0	 0	 0	 0	 0	 0	 0	 0	 0	 תיפוף
דופלקס	 0	 0	 1	 0	 0	 1	 0	 0	 0	 0	 שיכור
פל	 0	 0	 0	 0	 0	 1	 0	 0	 0	 0	 שִׁכרוּת
פול	 0	 0	 0	 0	 0	 0	 0	 0	 0	 0	 יָבֵשׁ
צביעות	 0	 0	 0	 0	 0	 0	 0	 0	 0	 0	 יוֹבֶשׁ
עמידות	 0	 0	 0	 0	 0	 0	 0	 0	 0	 0	 כָּפוּל
עמיד	 0	 0	 0	 0	 0	 0	 0	 0	 0	 0	 שְׁנִיוּת
שכ	 0	 0	 0	 0	 0	 0	 0	 0	 0	 0	 שְׁנִיוּת
חצ	 0	 0	 0	 0	 0	 0	 0	 0	 0	 0	 לִטפּוֹחַ
אפלולית	 0	 0	 0	 1	 0	 1	 0	 0	 0	 1	 מפוקפק
הה	 0	 0	 0	 0	 0	 0	 0	 0	 0	 0	 ברווזון
אבק	 0	 0	 0	 0	 0	 0	 0	 0	 0	 0	 בִּיב
טלית	 0	 0	 0	 0	 0	 0	 0	 0	 0	 0	 רָקִיעַ
אובק	 0	 0	 0	 0	 0	 0	 0	 0	 0	 0	 מִטַלטְלִין
ציתנ	 0	 0	 0	 0	 0	 0	 0	 0	 0	 0	 בשל
ננס	 1	 1	 0	 1	 0	 0	 0	 0	 0	 0	 דוּ קְרָב
תגמד	 0	 0	 0	 0	 0	 0	 0	 0	 0	 0	 דְמֵי חָבֵר
גור	 0	 0	 0	 0	 0	 0	 1	 0	 0	 0	 דוּאֵט
תושב	 0	 0	 0	 0	 0	 0	 0	 0	 0	 0	 שׁוּחָה
דירה	 0	 0	 0	 0	 0	 0	 1	 0	 0	 0	 דוּכָּס
צבע	 0	 0	 0	 0	 0	 1	 0	 1	 0	 0	 משעמם
גסיסה	 0	 0	 0	 0	 0	 1	 0	 0	 0	 0	 מְטוּמטָם
דיק	 0	 0	 0	 0	 0	 1	 0	 0	 0	 0	 דֶמֶה
דינמי	 0	 0	 0	 0	 0	 0	 0	 0	 0	 0	 מזבלה
דינמי	 1	 0	 0	 0	 0	 1	 0	 1	 0	 0	 מזבלות
דינמיקה	 0	 0	 0	 0	 0	 1	 0	 0	 0	 0	 dun
דינמיט	 0	 0	 0	 0	 0	 0	 0	 0	 0	 0	 חוֹלִית
לת	 0	 0	 1	 0	 0	 0	 0	 0	 0	 0	 זֶבֶל
דיזנטריה	 0	 0	 0	 1	 0	 1	 0	 0	 0	 0	 צִינוֹק
עיות בעיכול	 0	 0	 0	 0	 0	 0	 0	 0	 0	 0	 זוג
וט	 1	 0	 0	 0	 0	 1	 0	 0	 0	 0	 פֶּתִי
יטות	 0	 0	 0	 0	 0	 0	 0	 0	 0	 0	 דופלקס
נשר	 0	 0	 0	 0	 0	 0	 0	 0	 0	 0	 לְשַׁכְפֵּל
אזנ	 0	 0	 0	 0	 0	 0	 0	 0	 0	 0	 שִׁכפוּל
רוזנ	 1	 0	 0	 0	 0	 1	 0	 0	 0	 0	 צְבִיעוּת
קדמ יותר	 0	 0	 0	 0	 0	 0	 1	 0	 0	 1	 עֲמִידוּת
קדמ	 0	 0	 0	 0	 0	 0	 1	 0	 0	 1	 עָמִיד
רוויח	 0	 0	 0	 0	 0	 0	 0	 0	 0	 0	 מֶשֶׁך
רציני	 1	 0	 1	 1	 0	 1	 0	 1	 0	 0	 לַחַץ
רצינות	 0	 0	 0	 0	 0	 0	 0	 0	 0	 0	 אַפְלוּלִית
רצינות	 0	 0	 0	 0	 0	 0	 0	 0	 0	 0	 כֵּהֶה
רווחימ	 0	 0	 0	 0	 0	 1	 0	 0	 0	 0	 אָבָק
עגיל	 0	 0	 0	 0	 0	 0	 0	 0	 0	 0	 מַטלִית
טוח שמיעה	 0	 0	 0	 0	 0	 0	 0	 0	 0	 0	 מְאוּבָּק
דור הארצ	 0	 1	 0	 0	 0	 0	 1	 0	 0	 1	 צַיְתָן
י חרס	 0	 0	 0	 0	 0	 0	 0	 0	 0	 0	 ננס
ארצי	 0	 0	 0	 1	 0	 1	 0	 1	 0	 0	 מתגמד
רעידת אדמה	 0	 0	 0	 0	 0	 0	 0	 0	 0	 0	 לגור
עפרי	 0	 0	 0	 0	 0	 0	 0	 0	 0	 0	 תוֹשָׁב
קלות	 0	 0	 0	 0	 0	 0	 0	 0	 0	 0	 דִירָה
נ ציור	 0	 0	 0	 0	 0	 0	 0	 0	 0	 0	 צֶבַע
קלה	 1	 0	 1	 1	 0	 1	 0	 1	 0	 0	 גְסִיסָה
קלות	 0	 0	 0	 0	 0	 0	 0	 0	 0	 0	 דָיֵק
קל	 0	 0	 0	 0	 0	 0	 0	 0	 1	 0	 דִינָמִי
קליל זורמ	 0	 0	 0	 0	 0	 0	 0	 0	 0	 0	 דינמי
אכול	 0	 0	 0	 0	 0	 0	 0	 0	 0	 0	 דִינָמִיקָה
אכילה	 0	 0	 0	 0	 0	 0	 0	 0	 0	 0	 דִינָמִיט
צתות	 0	 0	 0	 0	 0	 0	 0	 0	 0	 0	 שׁוֹשֶׁלֶת
פל	 0	 0	 1	 0	 0	 1	 0	 1	 0	 0	 דִיזֶנטֶריָה
נה	 0	 0	 0	 0	 0	 0	 0	 0	 0	 0	 בעיות בעיכול
תמהוני	 0	 1	 0	 0	 1	 0	 1	 0	 1	 1	 לָהוּט
תמהוניות	 0	 1	 0	 0	 1	 0	 1	 0	 0	 1	 לְהִיטוּת
נסייתי	 0	 0	 0	 0	 0	 0	 0	 0	 0	 1	 נשר
הד	 0	 0	 0	 0	 0	 0	 0	 0	 0	 0	 אֹזֶן
אקלקטי	 0	 0	 0	 0	 0	 0	 1	 0	 0	 0	 רוזן
יקוי חמה	 0	 0	 0	 0	 0	 0	 0	 0	 0	 0	 מוקדם יותר
אקליפטיקה	 0	 0	 0	 0	 0	 0	 0	 0	 0	 0	 מוקדם
חסכוני	 0	 0	 0	 0	 0	 0	 1	 0	 0	 0	 להרוויח
לה	 0	 0	 0	 0	 0	 0	 1	 0	 0	 0	 רְצִינִי
לה	 0	 0	 0	 0	 0	 0	 1	 0	 0	 0	 ברצינות
אקסטזה	 0	 0	 0	 0	 0	 0	 1	 0	 0	 0	 רְצִינוּת
הב	 0	 0	 0	 0	 0	 0	 0	 0	 0	 0	 רווחים
אקומני	 0	 0	 0	 0	 0	 0	 0	 0	 0	 0	 עָגִיל
ערבולת	 0	 0	 0	 0	 0	 0	 0	 0	 0	 0	 טְוָח שְׁמִיעָה
קצה	 0	 0	 0	 0	 0	 0	 0	 0	 0	 0	 כדור הארץ
לי	 0	 0	 0	 0	 0	 0	 0	 0	 0	 0	 כְּלֵי חֶרֶס
אכיל	 0	 0	 0	 0	 0	 0	 0	 0	 0	 0	 אַרְצִי
צו	 1	 0	 0	 1	 0	 1	 0	 1	 1	 0	 רעידת אדמה
רה	 0	 0	 0	 0	 0	 0	 0	 0	 0	 0	 עֲפָרִי
נינ	 0	 0	 0	 0	 0	 0	 1	 0	 0	 0	 קַלוּת
ערוכ	 0	 0	 0	 0	 0	 0	 0	 0	 0	 0	 כן ציור
דורה	 0	 0	 0	 0	 0	 0	 1	 0	 0	 0	 הֲקָלָה
עורכ	 0	 0	 0	 0	 0	 0	 0	 0	 0	 0	 בְּקַלוּת
אמר מערכת	 0	 0	 0	 0	 0	 0	 0	 0	 0	 0	 קַל
חנכ	 0	 0	 0	 0	 0	 0	 1	 0	 0	 0	 קליל, זורם
חונכ	 0	 0	 0	 0	 0	 0	 1	 0	 0	 0	 לאכול
חינוכ	 0	 0	 0	 0	 0	 0	 0	 0	 0	 0	 אֲכִילָה
חינוכית	 0	 0	 0	 0	 0	 1	 0	 0	 0	 0	 צִתוּת
צלופח	 0	 0	 0	 0	 0	 0	 0	 0	 0	 0	 שֵׁפֶל
פעה	 0	 0	 0	 0	 0	 0	 0	 0	 0	 0	 הָבְנֶה
יעיל	 0	 0	 0	 0	 0	 0	 0	 0	 0	 0	 תמהוני
אפקטימ	 0	 0	 0	 0	 0	 0	 0	 0	 0	 0	 תִמהוֹנִיוּת
יעיל	 0	 0	 0	 0	 0	 0	 0	 0	 0	 0	 כנסייתי
צורה יעילה	 0	 0	 0	 0	 0	 0	 0	 0	 0	 0	 הֵד
פעיל	 0	 0	 0	 0	 0	 0	 0	 0	 0	 0	 אֶקְלֶקְטִי
נשי	 0	 0	 0	 0	 0	 0	 0	 0	 0	 0	 ליקוי חמה
יעיל	 0	 0	 0	 0	 0	 0	 0	 0	 0	 0	 אקליפטיקה
יעילות	 0	 0	 0	 0	 0	 0	 0	 0	 0	 0	 חסכוני
יעילות	 0	 0	 0	 0	 0	 0	 0	 0	 0	 0	 כלכלה
יעיל	 0	 0	 0	 0	 0	 0	 0	 0	 0	 1	 כַּלְכָּלָה
דמות	 0	 1	 0	 0	 1	 0	 1	 0	 0	 0	 אֶקסְטָזָה
אמצ	 0	 1	 0	 0	 1	 0	 1	 0	 1	 0	 משולהב
תפכות	 0	 0	 0	 0	 0	 0	 0	 0	 0	 0	 אֶקוּמֵנִי
יצה	 0	 0	 0	 0	 0	 0	 0	 0	 0	 0	 מְעַרבּוֹלֶת
אגו	 0	 0	 0	 0	 0	 0	 0	 0	 0	 0	 קָצֶה
אגואיסטי	 0	 0	 0	 0	 0	 0	 0	 0	 0	 0	 שולי
לט	 0	 0	 0	 0	 0	 0	 0	 0	 0	 0	 אָכִיל
יציאה	 0	 0	 0	 1	 0	 1	 0	 0	 0	 0	 צַו
נה	 0	 1	 0	 0	 1	 0	 1	 0	 0	 1	 הַבהָרָה
נימ	 0	 0	 0	 0	 0	 0	 0	 0	 0	 0	 בִּניָן
תפרצ	 0	 0	 0	 0	 0	 0	 0	 0	 0	 0	 לַעֲרוֹך
פלטה	 0	 1	 0	 0	 0	 0	 0	 0	 0	 0	 מַהֲדוּרָה
פלוט	 0	 0	 0	 0	 0	 0	 0	 0	 0	 0	 עוֹרֵך
פליטה	 0	 0	 0	 0	 0	 0	 0	 0	 0	 0	 מאמר מערכת
פרט	 0	 0	 0	 0	 0	 0	 1	 0	 0	 0	 לְחַנֵך
ול	 0	 0	 0	 0	 0	 0	 1	 0	 0	 0	 מְחוּנָך
תלהבות	 0	 0	 0	 0	 0	 0	 0	 0	 0	 0	 חינוך
חלופ	 0	 0	 0	 0	 0	 0	 1	 0	 0	 1	 חינוכית
חלפ	 0	 0	 0	 1	 0	 0	 0	 0	 0	 0	 צְלוֹפָּח
אלסטי	 0	 0	 0	 0	 0	 0	 0	 0	 0	 0	 השפעה
גמישות	 0	 0	 0	 0	 0	 0	 1	 0	 0	 1	 יָעִיל
תמוגג	 0	 0	 0	 0	 0	 0	 0	 0	 0	 0	 אפקטים
רפק	 0	 0	 0	 0	 0	 0	 0	 0	 0	 0	 יָעִיל
זקנ	 0	 0	 0	 0	 0	 0	 0	 0	 0	 0	 בצורה יעילה
זקנימ	 0	 0	 0	 0	 0	 0	 0	 0	 0	 0	 להפעיל
ור	 0	 0	 0	 0	 0	 1	 0	 0	 0	 0	 נָשִׁי
חור	 0	 0	 0	 0	 0	 0	 0	 0	 0	 0	 יָעִיל
חירה	 0	 0	 0	 0	 0	 0	 1	 0	 0	 0	 יעילות
צביע	 0	 0	 0	 0	 0	 0	 1	 0	 0	 0	 יְעִילוּת
ציבור הבוחרימ	 0	 1	 0	 0	 0	 0	 1	 0	 0	 1	 יָעִיל
חשמלי	 1	 0	 0	 0	 0	 0	 0	 0	 0	 0	 דְמוּת
חשמל	 0	 0	 0	 0	 0	 0	 1	 0	 0	 0	 מַאֲמָץ
אלגנטיות	 0	 0	 0	 0	 0	 0	 0	 0	 0	 0	 הִשׁתַפְּכוּת
אלגנטי	 0	 0	 0	 0	 0	 0	 0	 0	 0	 0	 ביצה
אלמנט	 0	 0	 0	 0	 0	 0	 0	 0	 0	 0	 אֶגוֹ
יסודי	 0	 0	 1	 0	 0	 1	 0	 0	 0	 0	 אגואיסטי
אלמנטימ	 1	 0	 1	 0	 0	 1	 0	 0	 0	 0	 בּוֹלֵט
פיל	 0	 0	 0	 0	 0	 0	 0	 0	 0	 0	 יְצִיאָה
עלות	 0	 0	 0	 0	 0	 0	 0	 0	 0	 0	 שמונה
גובה	 0	 0	 0	 0	 0	 0	 0	 0	 0	 0	 שמונים
עלית	 0	 0	 0	 0	 0	 0	 0	 0	 0	 0	 לְהִתְפַּרֵץ
אחד עשר	 0	 1	 0	 0	 1	 0	 1	 0	 1	 1	 הַפלָטָה
אחד עשר	 0	 0	 0	 0	 0	 1	 0	 0	 0	 0	 לִפְלוֹט
דונ	 0	 0	 0	 0	 0	 1	 0	 0	 0	 0	 פְּלִיטָה
פיק	 0	 0	 0	 0	 0	 0	 0	 0	 0	 0	 לְפַרֵט
זכאי	 0	 0	 0	 0	 0	 0	 1	 0	 0	 0	 שִׁכלוּל
חיסול	 0	 0	 0	 0	 0	 0	 0	 0	 0	 0	 הִתלַהֲבוּת
עלית	 0	 0	 0	 0	 0	 0	 0	 0	 0	 0	 לַחֲלוֹף
דישונ	 0	 0	 0	 0	 0	 0	 0	 0	 0	 0	 חלף
אליפסה	 0	 0	 0	 0	 0	 0	 0	 0	 0	 0	 אֵלַסטִי
טה	 0	 0	 0	 0	 0	 0	 0	 0	 0	 0	 גְמִישׁוּת
אליפסואיד	 0	 0	 0	 0	 1	 0	 1	 0	 0	 0	 מתמוגג
אליפטי	 1	 0	 0	 0	 0	 0	 0	 0	 0	 0	 מַרְפֵּק
סגלגל	 0	 0	 0	 0	 0	 0	 0	 0	 0	 0	 eld
אריכ	 0	 0	 0	 0	 0	 0	 1	 0	 0	 1	 זָקֵן
ארכה	 0	 0	 0	 0	 0	 0	 1	 0	 0	 1	 זקנים
צחות לשונ	 0	 0	 0	 0	 0	 0	 0	 0	 0	 0	 בְּכוֹר
אמנ הדבור	 0	 0	 0	 0	 0	 0	 1	 0	 0	 1	 לבחור
יר	 0	 0	 0	 0	 0	 0	 0	 0	 0	 0	 בְּחִירָה
רה	 0	 0	 0	 0	 0	 0	 0	 0	 0	 0	 מַצבִּיעַ
תחמק	 0	 0	 0	 0	 0	 0	 0	 0	 0	 1	 ציבור הבוחרים
חמקמק	 0	 0	 0	 0	 1	 0	 1	 0	 1	 0	 חשמלי
חוש	 0	 0	 0	 0	 0	 0	 1	 0	 0	 0	 חַשְׁמַל
נבוע	 0	 1	 0	 0	 1	 0	 1	 0	 0	 1	 אֵלֶגַנטִיוּת
חרור	 0	 0	 0	 0	 1	 0	 1	 0	 0	 0	 אֵלֶגַנטִי
סוללה	 0	 0	 0	 0	 0	 0	 0	 0	 0	 0	 אֵלֵמֶנט
אמברגו	 0	 0	 0	 0	 0	 0	 0	 0	 0	 0	 יְסוֹדִי
עלות לאניה	 0	 0	 0	 0	 0	 0	 0	 0	 0	 0	 אלמנטים
יכ	 0	 0	 0	 0	 0	 0	 0	 0	 0	 0	 פיל
יכ	 0	 0	 0	 0	 0	 0	 0	 0	 0	 0	 לְהַעֲלוֹת
כה	 0	 1	 0	 1	 1	 0	 1	 0	 0	 1	 גוֹבַה
גרירות	 0	 0	 0	 0	 0	 0	 0	 0	 0	 0	 מַעֲלִית
בצ	 0	 0	 0	 0	 0	 0	 0	 0	 0	 0	 אחד עשר
עטר	 0	 0	 0	 0	 0	 0	 0	 0	 0	 0	 אַחַד עָשָׂר
חה	 1	 0	 1	 1	 0	 0	 0	 0	 0	 0	 שֵׁדוֹן
גחלימ	 0	 0	 0	 0	 0	 0	 0	 0	 0	 0	 לְהָפִיק
עילה	 0	 0	 0	 0	 0	 0	 1	 0	 0	 0	 זכאי
סמל	 1	 0	 1	 1	 0	 1	 0	 1	 0	 0	 חיסול
סמלי	 0	 1	 0	 0	 1	 0	 1	 0	 0	 1	 עִלִית
תגלמות	 0	 0	 0	 0	 0	 0	 0	 0	 0	 0	 דִישׁוֹן
תסחיפ	 0	 0	 0	 0	 0	 0	 0	 0	 0	 0	 ell
לט	 0	 0	 0	 0	 0	 0	 0	 0	 0	 0	 אֶלִיפְּסָה
חבק	 0	 0	 0	 0	 0	 0	 0	 0	 0	 0	 הַשׁמָטָה
רקומימ	 0	 0	 0	 0	 0	 0	 0	 0	 0	 0	 אליפסואיד
רקמה	 0	 0	 0	 0	 0	 0	 0	 0	 0	 0	 אֶלִיפְּטִי
סבוכ	 0	 0	 0	 0	 0	 0	 0	 0	 0	 0	 סְגַלגַל
עובר	 0	 0	 0	 0	 0	 0	 0	 0	 0	 0	 לְהַאֲרִיך
עוברי	 0	 0	 0	 0	 0	 0	 0	 0	 0	 0	 הַאֲרָכָה
רקת	 0	 0	 0	 0	 0	 0	 1	 0	 0	 0	 צַחוּת לָשׁוֹן
צאת	 0	 0	 0	 0	 0	 0	 1	 0	 0	 0	 אָמַן הַדִבּוּר
תהוות	 0	 0	 0	 0	 0	 0	 1	 0	 0	 1	 לְהַבהִיר
חרומ	 0	 0	 0	 0	 0	 0	 0	 0	 0	 0	 הבהרה
אמריטוס	 0	 0	 0	 0	 0	 0	 0	 0	 0	 0	 לְהִתְחַמֵק
גר	 0	 0	 0	 0	 0	 1	 0	 0	 1	 0	 חֲמַקמַק
גירה	 0	 0	 0	 1	 0	 1	 0	 1	 0	 0	 כחוש
עמד גבוה	 0	 0	 0	 0	 0	 0	 0	 0	 0	 0	 לִנְבּוּעַ
דגול	 0	 1	 0	 0	 1	 0	 1	 0	 0	 0	 שִׁחרוּר
חלט	 0	 0	 0	 0	 0	 0	 0	 0	 0	 0	 סוֹלְלָה
אמיר	 0	 0	 0	 0	 0	 1	 0	 0	 0	 0	 אֶמבַּרְגוֹ
פליטה	 0	 0	 0	 0	 0	 0	 0	 0	 0	 0	 לַעֲלוֹת לְאֳנִיָה
פלוט	 0	 0	 0	 0	 0	 1	 0	 1	 0	 0	 לִהַבִיך
רגש	 0	 0	 0	 0	 0	 1	 0	 0	 0	 0	 מֵבִיך
רגשי	 0	 0	 0	 1	 0	 1	 0	 1	 1	 0	 מְבוּכָה
רגושי	 0	 0	 0	 0	 0	 0	 0	 0	 0	 0	 שגרירות
אמפתיה	 0	 0	 0	 0	 0	 0	 0	 0	 0	 0	 לְשַׁבֵּץ
קיסר	 0	 0	 0	 0	 0	 0	 0	 0	 0	 0	 לְעַטֵר
דגש	 0	 0	 0	 0	 0	 0	 0	 0	 0	 0	 הַשׁבָּחָה
דגיש	 0	 0	 0	 0	 0	 0	 0	 0	 0	 0	 גחלים
תקיפ	 0	 0	 0	 0	 0	 1	 0	 0	 0	 0	 מְעִילָה
אימפריה	 0	 0	 0	 0	 0	 0	 0	 0	 0	 0	 סֵמֶל
אמפירי	 0	 0	 0	 0	 0	 0	 0	 0	 0	 0	 סִמלִי
אמפיריציזמ	 0	 0	 0	 0	 0	 0	 0	 0	 0	 0	 הִתגַלְמוּת
עסיק	 0	 0	 0	 1	 0	 1	 0	 1	 0	 0	 תַסחִיף
עסיק	 0	 0	 0	 0	 0	 0	 0	 0	 0	 0	 מובלט
תעסוקה	 0	 1	 0	 0	 1	 0	 1	 0	 1	 1	 לְחַבֵּק
אמפוריומ	 0	 0	 0	 0	 0	 0	 0	 0	 0	 0	 רקומים
עצימ	 0	 0	 0	 0	 0	 0	 0	 0	 0	 0	 רִקמָה
קיסרית	 0	 0	 0	 0	 0	 1	 0	 0	 0	 0	 סָבוּך
ריקנות	 0	 0	 0	 0	 0	 0	 0	 0	 0	 0	 עוּבָּר
ריקונ	 0	 0	 0	 0	 0	 0	 0	 0	 0	 0	 עוּבָּרִי
ריק	 0	 0	 0	 0	 0	 0	 0	 0	 0	 0	 בַּרֶקֶת
חקות	 0	 0	 0	 0	 0	 0	 0	 0	 0	 0	 לָצֵאת
אמולסיה	 0	 0	 0	 0	 0	 0	 0	 0	 0	 0	 הִתהַוּוּת
אפשר	 0	 0	 0	 1	 0	 1	 0	 1	 1	 0	 חרום
פעלה	 0	 0	 0	 0	 0	 0	 1	 0	 0	 0	 אמריטוס
חוקק	 0	 0	 0	 0	 0	 0	 0	 0	 0	 0	 לְהַגֵר
חקיקה	 0	 0	 0	 0	 0	 0	 0	 0	 0	 0	 הֲגִירָה
אימל	 0	 0	 0	 0	 0	 0	 1	 0	 0	 1	 מעמד גבוה
אהל	 0	 0	 0	 0	 0	 0	 1	 0	 0	 0	 דָגוּל
קסימ	 0	 0	 0	 0	 0	 0	 1	 0	 0	 0	 בהחלט
קסומ	 0	 0	 0	 0	 0	 0	 1	 0	 0	 0	 אָמִיר
קסימ	 0	 0	 0	 0	 0	 0	 0	 0	 0	 0	 פְּלִיטָה
קסמ	 0	 0	 0	 0	 0	 0	 0	 0	 0	 0	 לִפְלוֹט
תר	 0	 0	 0	 0	 0	 0	 0	 0	 0	 0	 רֶגֶשׁ
קיפ	 0	 0	 0	 0	 0	 0	 0	 0	 0	 0	 רִגשִׁי
עת	 0	 0	 0	 0	 0	 0	 0	 0	 0	 0	 רִגוּשִׁי
צרפ	 0	 0	 0	 0	 0	 0	 1	 0	 0	 0	 אֶמפַּתִיָה
צפינ	 0	 0	 0	 0	 0	 0	 0	 0	 0	 0	 קֵיסָר
ול	 0	 0	 0	 0	 0	 0	 0	 0	 0	 0	 דָגֵשׁ
דרנ	 0	 0	 0	 0	 0	 0	 0	 0	 0	 1	 להדגיש
פגישה	 0	 0	 0	 0	 0	 0	 0	 0	 0	 0	 תַקִיף
עודד	 0	 0	 0	 0	 0	 0	 0	 0	 0	 0	 אימפריה
עידוד	 0	 0	 0	 0	 0	 0	 0	 0	 0	 0	 אֶמפִּירִי
סיג גבול	 0	 0	 0	 0	 0	 0	 0	 0	 0	 0	 אֶמפִּירִיצִיזְם
סגת גבול	 0	 0	 0	 0	 0	 0	 0	 0	 0	 1	 לְהַעֲסִיק
צפינ	 0	 0	 0	 0	 0	 0	 0	 0	 0	 0	 מעסיק
עמסה	 0	 0	 0	 0	 0	 0	 0	 0	 0	 0	 תעסוקה
אנציקלופדיה	 0	 0	 0	 0	 0	 0	 0	 0	 0	 0	 אמפוריום
סופ	 0	 0	 0	 0	 0	 0	 1	 0	 0	 0	 להעצים
סכנ	 0	 0	 0	 0	 0	 0	 0	 0	 0	 0	 קֵיסָרִית
סכנת הכחדה	 0	 0	 0	 0	 0	 0	 0	 1	 0	 0	 רֵיקָנוּת
אמצ	 0	 0	 0	 0	 0	 0	 0	 0	 0	 0	 ריקון
סתיימ	 0	 0	 0	 0	 0	 0	 0	 0	 0	 0	 ריק
אנדמי	 0	 0	 0	 0	 0	 0	 1	 0	 0	 0	 לחקות
סיומ	 0	 0	 0	 0	 0	 0	 0	 0	 0	 0	 אֵמוּלְסִיָה
אינסופי	 0	 0	 0	 0	 0	 0	 1	 0	 0	 1	 לְאַפשֵׁר
דלקת פנימ הלב	 0	 0	 0	 0	 0	 0	 1	 0	 0	 1	 הפעלה
סבה	 0	 0	 0	 0	 0	 0	 0	 0	 0	 0	 לְחוֹקֵק
עניק	 0	 0	 0	 0	 0	 0	 0	 0	 0	 0	 חקיקה
ניחנ	 0	 0	 0	 0	 0	 0	 0	 0	 0	 0	 אֵימָל
תרומה	 0	 0	 0	 0	 0	 0	 0	 0	 0	 0	 מַאֲהָל
ניירות קצה	 0	 1	 0	 0	 1	 0	 1	 0	 1	 0	 לְהַקְסִים
נקודת קצה	 0	 0	 0	 0	 1	 0	 1	 0	 0	 1	 קָסוּם
סיבולת	 0	 1	 0	 0	 1	 0	 1	 0	 0	 0	 מַקסִים
סבול	 0	 0	 0	 0	 0	 0	 0	 0	 0	 0	 קֶסֶם
חוקנ	 0	 0	 0	 0	 0	 0	 0	 0	 0	 0	 לְכַתֵר
אויב	 0	 0	 0	 0	 0	 0	 0	 0	 0	 0	 מקיף
נמרצ	 0	 0	 0	 0	 0	 1	 0	 0	 0	 0	 מובלעת
אנרגיה	 0	 0	 0	 0	 0	 0	 0	 0	 0	 0	 לְצַרֵף
אכופ	 0	 0	 0	 0	 0	 0	 0	 0	 0	 0	 לְהַצְפִּין
אכיפה	 0	 0	 0	 0	 0	 0	 0	 0	 0	 0	 לכלול
חתור למגע	 0	 0	 0	 0	 0	 0	 1	 0	 0	 0	 הַדרָן
אורס	 0	 0	 0	 0	 0	 0	 0	 0	 0	 0	 פְּגִישָׁה
אירוסינ	 0	 0	 0	 0	 1	 0	 1	 0	 0	 1	 לְעוֹדֵד
רתק	 0	 0	 0	 0	 0	 0	 1	 0	 0	 0	 עידוד
יד	 0	 0	 0	 0	 0	 0	 0	 0	 0	 0	 לְהַסִיג גְבוּל
נוע	 0	 0	 0	 1	 0	 1	 0	 0	 0	 0	 הַסָגַת גְבוּל
נדס	 0	 0	 0	 0	 0	 0	 0	 0	 0	 0	 להצפין
נדסה	 1	 0	 0	 1	 0	 1	 0	 1	 0	 0	 מַעֲמָסָה
חרוט	 0	 0	 0	 0	 0	 0	 1	 0	 0	 1	 אֶנצִיקלוֹפֶּדִיָה
חרוט	 0	 0	 0	 0	 0	 0	 0	 0	 0	 0	 סוֹף
חרט	 0	 1	 0	 1	 0	 1	 0	 0	 0	 0	 לְסַכֵּן
חריטה	 0	 0	 0	 1	 0	 1	 0	 0	 0	 0	 בסכנת הכחדה
קועה	 0	 1	 0	 0	 0	 0	 1	 0	 0	 0	 מַאֲמָץ
סוחפ	 0	 0	 0	 0	 0	 0	 0	 0	 0	 0	 הסתיים
וע	 0	 0	 1	 1	 0	 1	 0	 1	 0	 0	 אֶנדֵמִי
גביר	 0	 0	 0	 0	 0	 0	 0	 0	 0	 0	 סִיוּם
חידה	 1	 0	 0	 1	 1	 1	 1	 1	 0	 1	 אינסופי
תמוה	 0	 0	 0	 1	 0	 0	 0	 1	 0	 0	 דַלֶקֶת פְּנִים הַלֵב
חיב	 0	 0	 0	 0	 0	 0	 0	 0	 0	 0	 הֲסָבָה
תהנה	 0	 0	 0	 0	 0	 0	 1	 0	 0	 1	 לְהַעֲנִיק
נהנה	 0	 0	 0	 0	 0	 0	 1	 0	 0	 0	 ניחן
גדל	 0	 0	 0	 0	 0	 0	 1	 0	 0	 1	 תרומה
גדלה	 0	 0	 0	 0	 0	 0	 0	 0	 0	 0	 ניירות קצה
איר	 0	 0	 0	 0	 0	 0	 0	 0	 0	 0	 נקודת קצה
ארה	 0	 0	 0	 0	 0	 0	 1	 0	 0	 0	 סיבולת
תגייס	 0	 0	 0	 0	 0	 0	 1	 0	 0	 0	 לסבול
חיות	 0	 0	 1	 0	 0	 0	 0	 0	 0	 0	 חוֹקֶן
איבה	 1	 0	 1	 1	 0	 1	 0	 0	 0	 0	 אוֹיֵב
ענקיות	 0	 0	 0	 0	 0	 0	 1	 0	 0	 0	 נִמרָץ
ענקי	 0	 0	 0	 0	 0	 0	 0	 0	 0	 0	 אֵנֶרְגִיָה
אוד מאוד	 1	 0	 0	 1	 0	 1	 1	 0	 0	 0	 לֶאֱכוֹף
עשיר	 0	 0	 0	 0	 0	 1	 0	 0	 0	 0	 אַכִיפָה
רשמ	 0	 0	 0	 0	 0	 0	 0	 0	 0	 0	 לחתור למגע
ול	 0	 1	 0	 0	 1	 0	 1	 0	 0	 1	 מאורס
נס	 0	 0	 0	 0	 0	 0	 0	 0	 0	 0	 אירוסין
עבד	 0	 0	 0	 0	 1	 0	 1	 0	 0	 1	 מרתק
עבד	 0	 0	 0	 0	 0	 0	 0	 0	 0	 0	 לְהוֹלִיד
עבוד	 0	 0	 0	 0	 0	 0	 0	 0	 0	 0	 מנוע
פיע	 0	 0	 0	 0	 0	 0	 0	 0	 0	 0	 מהנדס
טיח	 0	 0	 0	 0	 0	 0	 0	 0	 0	 0	 הַנדָסָה
רוכ	 0	 0	 0	 0	 0	 0	 0	 0	 0	 0	 לַחֲרוֹט
סבוכ	 0	 0	 0	 0	 0	 0	 0	 0	 0	 0	 חָרוּט
סתבכות	 0	 0	 0	 0	 0	 0	 0	 0	 0	 0	 חָרָט
יכנס	 0	 0	 0	 0	 0	 0	 0	 0	 0	 0	 חֲרִיטָה
פעל	 0	 0	 0	 0	 0	 0	 0	 0	 0	 0	 שקועה
יוזמה	 0	 0	 0	 0	 0	 0	 0	 0	 0	 0	 סוחף
דר	 0	 1	 0	 0	 0	 0	 0	 0	 0	 0	 לִבלוֹעַ
דר	 0	 0	 0	 0	 0	 0	 1	 0	 0	 0	 להגביר
עשע	 0	 0	 0	 0	 0	 0	 0	 0	 0	 0	 חידה
ידור	 0	 0	 0	 1	 0	 1	 0	 0	 0	 0	 תָמוּהַ
תלהבות	 0	 0	 0	 0	 0	 0	 0	 0	 0	 0	 לְחַיֵב
נלהב	 0	 1	 0	 0	 1	 0	 1	 0	 0	 1	 תהנה
פתות	 0	 1	 0	 0	 1	 0	 1	 0	 0	 1	 נהנה
למ	 0	 0	 0	 0	 0	 0	 0	 0	 0	 0	 מוּגדָל
ות	 0	 0	 0	 0	 0	 0	 0	 0	 0	 0	 הַגדָלָה
זכות	 0	 0	 0	 0	 1	 0	 1	 0	 0	 1	 לְהַאִיר
ישות	 0	 0	 0	 0	 1	 0	 1	 0	 0	 1	 הֶאָרָה
אנטומולוגיה	 0	 0	 0	 0	 0	 0	 0	 0	 0	 0	 להתגייס
קרבימ	 0	 0	 0	 0	 1	 0	 1	 0	 1	 1	 לְהַחִיוֹת
ניסה	 1	 0	 0	 1	 0	 1	 0	 1	 0	 0	 אֵיבָה
פציר	 0	 0	 0	 0	 0	 0	 0	 0	 0	 0	 ענקיות
זכות כניסה	 0	 0	 0	 0	 0	 0	 0	 0	 0	 0	 עֲנָקִי
יזמ	 0	 0	 0	 0	 0	 0	 0	 0	 0	 0	 מְאוֹד מְאוֹד
פקיד	 0	 0	 0	 0	 0	 0	 1	 0	 0	 0	 להעשיר
ניסה	 0	 1	 0	 0	 0	 0	 0	 0	 0	 1	 לְהִרָשֵׁם
נות	 0	 0	 0	 0	 0	 0	 1	 0	 0	 1	 מִכלוֹל
ספירה	 0	 0	 0	 0	 0	 0	 1	 0	 0	 0	 נֵס
עטפה	 0	 0	 0	 0	 0	 1	 0	 0	 0	 0	 לְשַׁעֲבֵּד
קנא	 1	 0	 1	 1	 0	 1	 0	 1	 0	 0	 מְשׁוּעֲבָּד
סביבה	 0	 0	 0	 0	 0	 1	 0	 0	 0	 0	 שִׁעבּוּד
סביבה	 0	 0	 0	 0	 0	 0	 0	 0	 0	 0	 להופיע
פרורימ	 0	 0	 0	 0	 0	 0	 0	 0	 0	 0	 לְהַבטִיחַ
חזות	 0	 0	 0	 0	 0	 0	 0	 0	 0	 0	 כרוך
גריר	 1	 0	 1	 1	 0	 1	 0	 1	 0	 0	 סָבוּך
חלופ	 0	 0	 0	 0	 0	 1	 0	 0	 0	 0	 הִסתַבְּכוּת
אפאמריס	 0	 0	 0	 0	 0	 0	 0	 0	 0	 0	 להיכנס
אפוס	 0	 0	 0	 0	 0	 0	 0	 0	 0	 0	 מִפְעָל
גפה	 0	 0	 0	 0	 0	 0	 1	 0	 0	 0	 יוזמה
עלית העור	 0	 0	 0	 0	 1	 0	 1	 0	 0	 0	 לְבַדֵר
אפילפסיה	 0	 0	 0	 0	 1	 0	 1	 0	 0	 0	 מְבוּדָר
אפילוג	 0	 1	 0	 0	 1	 0	 1	 0	 0	 0	 מְשַׁעַשֵׁעַ
גמוני	 0	 1	 0	 0	 1	 0	 1	 0	 1	 1	 בידור
פרק	 0	 1	 0	 0	 1	 0	 1	 0	 1	 0	 הִתלַהֲבוּת
אפיזודי	 0	 1	 0	 0	 1	 0	 1	 0	 1	 0	 נִלהָב
אגרת	 0	 0	 0	 0	 0	 0	 0	 0	 0	 0	 לפתות
תובה	 0	 0	 0	 0	 0	 0	 0	 0	 0	 0	 שלם
תואר	 0	 0	 0	 0	 0	 0	 0	 0	 0	 0	 שְׁלֵמוּת
תמצית	 0	 0	 0	 0	 0	 0	 0	 0	 0	 0	 לְזַכּוֹת
תקופה	 0	 0	 0	 0	 0	 0	 0	 0	 0	 0	 יֵשׁוּת
וה	 0	 0	 0	 0	 0	 0	 0	 0	 0	 0	 אֶנטוֹמוֹלוֹגִיָה
יונ	 0	 0	 1	 0	 0	 1	 0	 0	 0	 0	 קְרָבַיִם
יונ	 0	 0	 0	 0	 0	 0	 0	 0	 0	 0	 כְּנִיסָה
ות	 0	 0	 0	 0	 0	 0	 0	 0	 0	 0	 לְהַפְצִיר
אופנ שווה	 0	 0	 0	 0	 0	 0	 0	 0	 0	 0	 זְכוּת כְּנִיסָה
ות	 0	 0	 0	 0	 0	 0	 0	 0	 0	 0	 יזם
אה	 0	 0	 0	 0	 0	 0	 0	 0	 0	 1	 לְהַפְקִיד
אקוטור	 0	 0	 0	 0	 0	 0	 0	 0	 0	 0	 כְּנִיסָה
ני	 0	 0	 0	 0	 0	 0	 0	 0	 0	 0	 לִמְנוֹת
פרשי	 0	 0	 0	 0	 0	 0	 0	 0	 0	 0	 ספירה
רחק שווה	 0	 0	 0	 0	 0	 0	 0	 0	 0	 0	 מַעֲטָפָה
יווי משקל	 0	 0	 0	 0	 0	 1	 0	 0	 0	 0	 מְקַנֵא
י משקל	 0	 0	 0	 0	 0	 0	 1	 0	 0	 0	 הסביבה
צייד	 0	 0	 0	 0	 0	 0	 0	 0	 0	 0	 סביבה
ציוד	 0	 0	 0	 0	 0	 0	 0	 0	 0	 0	 פַּרוָרִים
גנ	 0	 0	 0	 0	 0	 0	 0	 0	 0	 0	 לַחֲזוֹת
נ עצמי	 0	 0	 0	 0	 0	 0	 0	 0	 0	 0	 שַׁגְרִיר
קילות	 0	 0	 0	 0	 0	 0	 0	 0	 0	 0	 חֲלוֹף
 ערכ	 0	 0	 0	 0	 0	 0	 1	 0	 0	 0	 אפאמריס
דו משמעי	 0	 0	 0	 0	 0	 0	 1	 0	 0	 0	 אפוס
תקופה	 1	 1	 1	 1	 0	 1	 0	 1	 1	 0	 מגפה
ער	 0	 0	 0	 0	 0	 0	 0	 0	 0	 0	 עִלִית הָעוֹר
עקירה	 0	 0	 0	 0	 0	 1	 0	 0	 0	 0	 אֶפִּילֶפּסִיָה
חוק	 0	 0	 0	 0	 0	 0	 0	 0	 0	 0	 אֶפִּילוֹג
חיקה	 0	 0	 0	 0	 0	 0	 0	 0	 0	 1	 הֶגמוֹנִי
נה	 0	 0	 0	 0	 0	 0	 0	 0	 0	 0	 פרק
זקופ	 0	 0	 0	 0	 0	 0	 0	 0	 0	 0	 אֶפִּיזוֹדִי
זקפה	 0	 0	 0	 0	 0	 0	 0	 0	 0	 0	 אִגֶרֶת
ארגו	 0	 0	 0	 0	 0	 0	 0	 1	 0	 0	 כתובה
חוק	 0	 0	 0	 0	 0	 0	 0	 0	 0	 0	 תוֹאַר
חיקה	 0	 0	 0	 0	 0	 0	 1	 0	 0	 0	 תַמצִית
ארוטי	 0	 0	 0	 0	 0	 0	 0	 0	 0	 0	 תְקוּפָה
טעות	 0	 0	 0	 0	 0	 0	 0	 0	 0	 0	 שווה
יחות	 0	 0	 0	 0	 1	 0	 1	 0	 0	 1	 שוויון
תועה	 0	 0	 0	 0	 0	 0	 0	 0	 0	 0	 שוויון
תי יציב	 0	 0	 0	 0	 0	 0	 0	 0	 0	 0	 לְהַשְׁווֹת
גיאה	 0	 0	 0	 0	 0	 0	 1	 0	 0	 0	 באופן שווה
גוי	 0	 0	 0	 0	 0	 0	 0	 0	 0	 0	 להשוות
גיאה	 0	 0	 0	 0	 0	 0	 0	 0	 0	 0	 משוואה
קודמ	 0	 0	 0	 0	 0	 0	 0	 0	 0	 0	 אֶקְוָטוֹר
מד	 0	 0	 0	 0	 0	 0	 0	 0	 0	 0	 מַשׁוָנִי
תפרצ	 0	 0	 0	 0	 0	 0	 0	 0	 0	 0	 פָּרָשִׁי
תפרצות	 0	 0	 0	 0	 0	 0	 0	 0	 0	 0	 במרחק שווה
סלמה	 0	 0	 0	 0	 0	 0	 0	 0	 0	 0	 שיווי משקל
סלימ	 0	 0	 0	 0	 0	 0	 1	 0	 0	 0	 שִׁוּוּי מִשׁקָל
דרגנוע	 0	 0	 0	 0	 0	 0	 0	 0	 0	 0	 לצייד
ריחה	 0	 0	 0	 0	 0	 0	 0	 0	 0	 0	 צִיוּד
נמלט	 0	 0	 0	 0	 0	 0	 0	 0	 0	 0	 הוֹגֶן
תלול	 0	 0	 0	 0	 0	 0	 1	 0	 0	 0	 הון עצמי
נע	 0	 0	 0	 0	 0	 0	 0	 0	 0	 0	 שְׁקִילוּת
ות	 0	 0	 0	 0	 0	 0	 0	 0	 0	 0	 שווה ערך
אזוטרי	 0	 0	 0	 0	 0	 0	 0	 0	 0	 0	 דוּ מַשְׁמָעִי
יוחד	 0	 0	 0	 0	 0	 0	 0	 0	 0	 0	 תְקוּפָה
יונ	 1	 0	 0	 0	 0	 1	 0	 0	 0	 0	 לְבַעֵר
אמצ	 1	 0	 1	 1	 0	 1	 0	 0	 0	 0	 עֲקִירָה
אספריט	 0	 0	 0	 1	 0	 1	 0	 0	 0	 0	 לִמְחוֹק
סה	 0	 0	 0	 0	 0	 0	 0	 0	 0	 0	 מְחִיקָה
סאי	 0	 0	 0	 0	 0	 0	 0	 0	 0	 0	 הנה
ות	 0	 0	 0	 0	 0	 0	 0	 0	 0	 0	 זקוף
חיוני	 0	 0	 0	 0	 0	 0	 0	 0	 0	 0	 זִקפָּה
עצמ	 0	 0	 0	 0	 0	 0	 0	 0	 0	 0	 ארגו
קימ	 0	 0	 0	 0	 0	 0	 0	 0	 0	 0	 לשחוק
סס	 0	 0	 0	 0	 0	 1	 0	 0	 0	 0	 שְׁחִיקָה
סד	 0	 1	 0	 0	 1	 1	 1	 0	 1	 1	 אֵרוֹטִי
נכס	 0	 0	 0	 0	 0	 1	 0	 0	 0	 0	 לִטְעוֹת
ערכה	 0	 1	 0	 0	 0	 0	 1	 0	 0	 1	 שְׁלִיחוּת
אסתטי	 0	 0	 0	 0	 0	 1	 0	 0	 0	 0	 תוֹעֶה
עריכ	 0	 0	 0	 0	 0	 1	 0	 0	 1	 0	 בִּלתִי יָצִיב
אומדנ	 0	 0	 0	 0	 0	 1	 0	 0	 0	 0	 שגיאה
תק	 0	 0	 0	 0	 0	 1	 0	 0	 0	 0	 שָׁגוּי
נוכר	 0	 0	 0	 0	 0	 1	 0	 1	 0	 0	 שְׁגִיאָה
אסטרוגנ	 0	 0	 0	 0	 0	 0	 0	 0	 0	 0	 קודם
פכ	 0	 0	 0	 0	 0	 0	 1	 0	 0	 0	 מְלוּמָד
חרוט	 1	 0	 0	 0	 0	 1	 0	 0	 1	 0	 לְהִתְפַּרֵץ
תחריט	 1	 0	 0	 1	 0	 1	 0	 0	 1	 0	 הִתפָּרְצוּת
נצחי	 0	 0	 0	 0	 0	 0	 0	 0	 0	 0	 הסלמה
נצח	 1	 0	 0	 0	 0	 1	 0	 0	 0	 0	 לְהַסלִים
אתנול	 0	 0	 0	 0	 0	 0	 0	 0	 0	 0	 דְרַגנוֹעַ
אתר	 0	 1	 0	 1	 0	 1	 1	 0	 0	 0	 בריחה
ימי	 0	 0	 0	 1	 0	 0	 0	 0	 0	 0	 נמלט
אתי	 0	 0	 0	 0	 0	 0	 0	 0	 0	 0	 מַתלוּל
אתיקה	 1	 0	 0	 0	 0	 1	 0	 1	 0	 0	 לְהִמָנַע
אתנוגרפיה	 0	 0	 0	 0	 0	 0	 0	 0	 0	 1	 לְלַווֹת
אטיולוגיה	 0	 0	 0	 0	 0	 0	 0	 0	 0	 0	 אֵזוֹטֶרִי
י התנהגות	 0	 0	 0	 0	 0	 0	 0	 0	 0	 0	 מְיוּחָד
אטימולוגיה	 0	 0	 0	 0	 0	 1	 0	 0	 0	 0	 בִּיוּן
אבגניקה	 0	 0	 0	 0	 0	 0	 0	 0	 0	 0	 לְאַמֵץ
ספד	 0	 0	 0	 0	 0	 0	 1	 0	 0	 0	 אספריט
נ נקיה	 0	 0	 0	 0	 0	 0	 0	 0	 0	 0	 מַסָה
תת חסד	 0	 0	 0	 0	 0	 0	 0	 0	 0	 0	 מַסַאִי
פינוי	 0	 0	 0	 0	 0	 0	 0	 0	 0	 0	 מַהוּת
פינוי	 0	 0	 0	 0	 0	 0	 1	 0	 0	 0	 חִיוּנִי
תחמק	 0	 0	 0	 0	 0	 0	 0	 0	 0	 0	 בעצם
עריכ	 0	 0	 0	 0	 0	 0	 0	 0	 0	 1	 לְהַקִים
תעלמות	 0	 0	 0	 0	 1	 0	 1	 0	 0	 0	 מְבוּסָס
אונגלי	 0	 0	 0	 0	 0	 0	 0	 0	 0	 0	 מוֹסָד
טיפ	 0	 0	 0	 0	 0	 0	 0	 0	 0	 0	 נכס
אוונגליסטית	 0	 0	 0	 0	 1	 0	 1	 1	 0	 1	 הַעֲרָכָה
אידוי	 0	 0	 0	 0	 0	 0	 1	 0	 0	 0	 אסתטי
תחמקות	 0	 0	 0	 0	 0	 0	 0	 0	 0	 0	 לְהַעֲרִיך
ערב	 0	 0	 0	 0	 0	 0	 0	 0	 0	 0	 אוּמדָן
ערב	 0	 0	 0	 0	 0	 0	 0	 0	 0	 0	 הֶשׁתֵק
קרה	 0	 0	 0	 0	 0	 1	 0	 0	 0	 0	 מנוכר
עתיר אירועימ	 0	 0	 0	 0	 0	 0	 0	 0	 0	 0	 אסטרוגן
סופו של דבר	 0	 0	 0	 0	 0	 0	 0	 0	 0	 0	 שֶׁפֶך
אירוע	 0	 0	 0	 0	 0	 0	 0	 0	 0	 0	 לַחֲרוֹט
ירוק עד	 0	 0	 0	 0	 0	 0	 0	 0	 0	 0	 תַחרִיט
נצחי	 0	 0	 0	 0	 0	 0	 0	 0	 0	 0	 נִצחִי
נצח	 0	 0	 0	 0	 0	 0	 0	 0	 0	 0	 נֵצַח
 יומ	 0	 0	 0	 0	 0	 0	 0	 0	 0	 0	 אתנול
פנות	 0	 0	 0	 0	 0	 0	 0	 0	 0	 0	 אֶתֶר
פינוי	 0	 0	 0	 1	 0	 0	 0	 0	 0	 0	 שְׁמֵימִי
עדות	 0	 0	 0	 0	 0	 0	 1	 0	 0	 0	 אֶתִי
רור	 0	 0	 0	 0	 0	 0	 1	 0	 0	 0	 אֶתִיקָה
רשע	 0	 0	 0	 0	 0	 0	 0	 0	 0	 0	 אֶתנוֹגרַפִיָה
עלות זכרונות	 0	 0	 0	 0	 0	 0	 0	 0	 0	 0	 אֶטִיוֹלוֹגִיָה
אבולוציה	 0	 0	 0	 0	 0	 0	 0	 0	 0	 0	 כְּלָלֵי הִתְנַהֲגוּת
תפתח	 0	 0	 0	 0	 0	 0	 0	 0	 0	 0	 אֶטִימוֹלוֹגִיָה
שה	 0	 0	 0	 0	 0	 0	 0	 0	 0	 0	 euchre
חריפ	 0	 0	 0	 0	 0	 0	 0	 0	 0	 0	 אֶבגֵנִיקָה
חרפה	 0	 0	 0	 0	 0	 0	 0	 0	 0	 0	 הֶספֵּד
חמיר	 0	 0	 0	 0	 0	 0	 0	 0	 0	 0	 לָשׁוֹן נְקִיָה
גזימ	 0	 0	 0	 1	 0	 1	 0	 1	 0	 0	 המתת חסד
גזמ	 0	 0	 0	 1	 0	 1	 0	 0	 0	 0	 פינוי
גזמה	 0	 0	 0	 0	 0	 1	 0	 0	 0	 0	 פינוי
רוממ	 1	 0	 1	 1	 0	 1	 0	 0	 0	 0	 לְהִתְחַמֵק
תרוממות רוח	 0	 0	 0	 0	 0	 0	 0	 0	 0	 0	 להעריך
נעלה	 0	 0	 0	 0	 0	 0	 0	 1	 1	 0	 התעלמות
חנ	 0	 0	 0	 0	 0	 0	 0	 0	 0	 0	 אֶוַנְגֶלִי
דיקה	 0	 0	 0	 0	 0	 0	 0	 0	 0	 0	 מַטִיף
חונ	 0	 0	 0	 0	 0	 0	 0	 0	 0	 0	 אוונגליסטית
חנ	 0	 0	 0	 0	 0	 0	 0	 0	 0	 0	 אידוי
רוגז	 0	 0	 0	 1	 0	 1	 0	 1	 0	 0	 הִתחַמְקוּת
חפור	 0	 0	 0	 0	 0	 0	 0	 0	 0	 0	 עֶרֶב
חפירה	 0	 0	 0	 0	 0	 0	 0	 0	 0	 0	 עֶרֶב
חפר	 0	 0	 0	 0	 0	 0	 0	 0	 0	 0	 מִקרֶה
עולה על	 0	 0	 0	 0	 0	 0	 0	 0	 0	 0	 עתיר אירועים
חורגימ	 0	 1	 0	 0	 0	 0	 0	 0	 0	 0	 בסופו של דבר
צטינ	 0	 1	 0	 1	 0	 0	 0	 0	 0	 0	 אירוע
צוינות	 0	 0	 0	 0	 1	 0	 1	 0	 0	 1	 יָרוֹק עַד
עולה	 0	 0	 0	 0	 0	 0	 1	 0	 0	 0	 נִצחִי
עט	 0	 0	 0	 0	 0	 0	 0	 0	 0	 0	 לָנֶצַח
יוצא מנ הכלל	 0	 0	 0	 0	 0	 0	 0	 0	 0	 0	 כל יום
קטע	 0	 0	 0	 0	 0	 1	 0	 1	 0	 0	 לְפַנוֹת
עודפ	 1	 0	 1	 1	 0	 1	 0	 1	 0	 0	 פינוי
פרז	 0	 0	 0	 0	 0	 0	 0	 0	 0	 0	 עֵדוּת
צורה מוגזמת	 0	 0	 0	 0	 0	 0	 1	 0	 0	 1	 בָּרוּר
חליפ	 1	 0	 1	 1	 0	 1	 0	 1	 0	 0	 רשע
לו	 0	 0	 0	 0	 0	 0	 0	 0	 0	 0	 לְהַעֲלוֹת זִכרוֹנוֹת
ריתה	 0	 0	 0	 0	 0	 0	 1	 0	 0	 0	 אבולוציה
רגישות	 0	 0	 0	 0	 0	 0	 0	 0	 0	 0	 לְהִתְפַּתֵחַ
רגיש	 0	 0	 0	 0	 0	 0	 0	 0	 0	 0	 כִּבשָׂה
עירור	 0	 0	 0	 0	 0	 1	 0	 0	 0	 0	 לְהַחרִיף
רגש	 1	 0	 0	 1	 0	 1	 0	 0	 0	 0	 הַחרָפָה
נרגש	 0	 0	 0	 0	 0	 1	 0	 0	 0	 0	 מַחמִיר
תרגשות	 1	 0	 0	 0	 0	 1	 0	 0	 0	 0	 לְהַגזִים
רגש	 0	 0	 0	 0	 0	 1	 0	 0	 0	 0	 מוּגזָם
זעוק	 0	 0	 0	 0	 0	 0	 0	 0	 0	 0	 הגזמה
א נכלל	 0	 1	 0	 0	 1	 0	 1	 0	 0	 1	 לְרוֹמֵם
עט	 0	 0	 0	 0	 1	 0	 1	 0	 0	 1	 התרוממות רוח
צאה מנ הכלל	 0	 0	 0	 0	 1	 0	 1	 0	 0	 1	 נַעֲלֶה
צואה	 0	 0	 0	 0	 0	 0	 0	 0	 0	 0	 מבחן
פרשה	 0	 0	 0	 1	 0	 1	 0	 0	 1	 0	 בְּדִיקָה
ייסר	 0	 0	 0	 0	 0	 0	 0	 0	 0	 0	 לִבחוֹן
טיול	 0	 0	 0	 0	 0	 0	 0	 0	 0	 0	 בּוֹחֵן
סליחה	 1	 0	 1	 0	 0	 1	 0	 0	 0	 0	 רוֹגֶז
צע	 0	 0	 0	 0	 0	 0	 0	 0	 0	 0	 לַחפּוֹר
יצוע	 0	 1	 0	 0	 0	 1	 0	 0	 1	 0	 חֲפִירָה
תליינ	 0	 0	 0	 0	 0	 0	 0	 0	 0	 0	 מַחְפֵּר
נהל	 0	 1	 0	 0	 1	 0	 1	 0	 0	 0	 עולה על
ציא להורג	 0	 0	 0	 0	 0	 0	 0	 0	 0	 0	 חורגים
פרוש	 0	 1	 0	 0	 1	 0	 1	 0	 1	 1	 לְהִצטַיֵן
פת	 0	 0	 1	 0	 1	 0	 1	 0	 0	 1	 מצוינות
פתי	 0	 0	 0	 0	 1	 0	 1	 0	 0	 1	 מְעוּלֶה
דגימ	 0	 0	 0	 0	 0	 0	 0	 0	 0	 0	 למעט
פטור	 0	 0	 0	 0	 0	 0	 0	 0	 0	 0	 יוצא מן הכלל
פטור	 0	 0	 0	 0	 0	 0	 0	 0	 0	 0	 קטע
תרגיל	 0	 0	 0	 0	 0	 1	 0	 0	 0	 0	 עודף
פעיל	 0	 0	 0	 0	 0	 0	 0	 0	 0	 0	 מוּפרָז
אמצ	 0	 0	 0	 0	 0	 0	 0	 0	 0	 0	 בצורה מוגזמת
נשופ	 0	 0	 0	 0	 0	 0	 1	 0	 0	 1	 לְהַחלִיף
פליטה	 0	 0	 0	 0	 0	 1	 0	 0	 0	 0	 בְּלוֹ
תשוש	 0	 0	 0	 0	 0	 0	 0	 0	 0	 0	 כְּרִיתָה
תשישות	 0	 0	 0	 0	 0	 0	 0	 0	 0	 0	 רְגִישׁוּת
צה	 0	 0	 0	 0	 0	 0	 1	 0	 0	 0	 רָגִישׁ
ציג	 1	 1	 0	 1	 1	 0	 1	 0	 1	 0	 עִירוּר
תערוכה	 1	 1	 0	 1	 1	 0	 1	 0	 1	 0	 לְרַגֵשׁ
חה	 0	 1	 0	 0	 1	 0	 1	 0	 1	 1	 נִרגָשׁ
טיפ	 0	 1	 0	 0	 1	 0	 1	 0	 1	 0	 התרגשות
תוכחה	 0	 1	 0	 0	 1	 0	 1	 0	 1	 0	 מְרַגֵשׁ
תובעני	 0	 0	 0	 0	 0	 0	 0	 0	 1	 0	 לזעוק
גלות	 0	 0	 1	 0	 0	 1	 0	 1	 0	 0	 לא נכלל
קיימימ	 0	 0	 0	 0	 0	 1	 0	 1	 0	 0	 לְמַעֵט
קיומ	 0	 0	 1	 1	 0	 1	 0	 1	 0	 0	 הוֹצָאָה מִן הַכְלַל
קיימ	 0	 0	 1	 0	 0	 1	 0	 0	 0	 0	 צוֹאָה
קיימ	 0	 0	 1	 0	 0	 0	 0	 0	 0	 0	 הַפרָשָׁה
יציאה	 0	 0	 0	 1	 0	 1	 0	 0	 0	 0	 מייסר
ספר שמות	 0	 0	 0	 0	 0	 0	 0	 0	 0	 0	 טיול
פקע	 0	 0	 0	 0	 0	 1	 0	 0	 0	 0	 סְלִיחָה
גירוש שדימ	 0	 0	 0	 0	 0	 0	 0	 0	 0	 0	 לבצע
גרש שדימ	 1	 0	 0	 1	 0	 1	 0	 1	 0	 1	 ביצוע
אקזוטי	 1	 0	 0	 1	 0	 1	 0	 1	 0	 0	 תליין
רחיב	 0	 0	 0	 0	 0	 0	 0	 0	 0	 0	 מְנַהֵל
רחב	 0	 0	 0	 0	 0	 0	 0	 0	 0	 1	 מוציא להורג
רחב	 0	 0	 0	 0	 0	 0	 0	 0	 0	 0	 פֵּרוּשׁ
רחבה	 0	 0	 0	 0	 0	 0	 0	 0	 0	 0	 מוֹפֵת
נרחב	 0	 0	 0	 0	 0	 0	 1	 0	 0	 0	 מוֹפְתִי
גולה	 0	 0	 0	 0	 0	 0	 0	 0	 0	 0	 לְהַדגִים
צפות	 0	 0	 0	 0	 0	 0	 0	 0	 0	 0	 לִפְטוֹר
ציפייה	 0	 0	 0	 0	 0	 0	 1	 0	 0	 0	 פְּטוֹר
ריונ	 0	 0	 0	 0	 0	 0	 0	 0	 0	 0	 תרגיל
תוחלת	 0	 0	 0	 0	 0	 0	 0	 0	 0	 0	 לְהַפְעִיל
צפוי	 0	 0	 0	 0	 0	 0	 0	 0	 0	 0	 מַאֲמָץ
צפה	 0	 0	 0	 0	 0	 0	 0	 0	 0	 0	 לִנְשׁוֹף
תועלתיות	 0	 0	 0	 0	 0	 1	 0	 0	 0	 0	 פְּלִיטָה
אמצעי	 0	 0	 0	 0	 0	 1	 0	 1	 0	 0	 תָשׁוּשׁ
זרז	 0	 1	 0	 0	 0	 1	 0	 1	 0	 0	 תְשִׁישׁוּת
חת	 0	 0	 0	 0	 0	 0	 0	 0	 0	 1	 ממצה
זריז	 0	 0	 0	 0	 0	 0	 0	 0	 0	 0	 לְהַצִיג
גרש	 0	 0	 0	 0	 0	 0	 0	 0	 0	 0	 תערוכה
צאה	 0	 0	 0	 0	 1	 0	 1	 0	 1	 0	 שִׂמְחָה
צאה	 0	 0	 0	 0	 0	 0	 1	 0	 0	 0	 לְהַטִיף
צאות	 0	 0	 0	 0	 0	 0	 1	 0	 0	 0	 תוֹכֵחָה
יקר	 0	 1	 1	 1	 0	 1	 0	 0	 1	 0	 תוֹבְעָנִי
ניסיונ	 1	 0	 0	 1	 0	 1	 0	 1	 0	 0	 גלות
נוסה	 0	 0	 0	 0	 0	 0	 0	 0	 0	 0	 קיימים
חוויות	 0	 0	 0	 0	 0	 0	 1	 0	 0	 0	 קִיוּם
נסות	 0	 0	 0	 0	 0	 0	 0	 0	 0	 0	 קיים
נסיוני	 0	 0	 0	 0	 0	 0	 0	 0	 0	 0	 קיים
נסיינ	 0	 0	 0	 0	 0	 0	 0	 0	 0	 0	 יְצִיאָה
חה	 0	 0	 0	 0	 0	 0	 0	 0	 0	 0	 סֵפֶר שֵׁמוֹת
חיות	 0	 0	 0	 0	 0	 0	 0	 0	 0	 0	 מוּפקָע
תפוגה	 0	 0	 0	 1	 0	 1	 0	 1	 0	 0	 גירוש שדים
פוג	 0	 0	 0	 0	 0	 0	 0	 0	 0	 0	 מְגַרֵשׁ שֵׁדִים
א בתוקפ	 0	 0	 0	 0	 0	 0	 1	 0	 0	 0	 אקזוטי
תפוגה	 0	 0	 0	 0	 0	 0	 0	 0	 0	 0	 לְהַרְחִיב
סביר	 0	 0	 0	 0	 0	 0	 0	 0	 0	 0	 מוּרחָב
סבר	 0	 0	 0	 0	 0	 0	 0	 0	 0	 0	 מֶרחָב
סביר	 0	 0	 0	 0	 0	 0	 0	 0	 0	 0	 הַרחָבָה
נפרצ	 0	 0	 0	 0	 0	 0	 0	 0	 0	 0	 נרחב
סבר	 0	 0	 0	 0	 0	 1	 0	 0	 0	 0	 גוֹלֶה
תפוצצ	 0	 1	 0	 0	 0	 0	 1	 0	 1	 1	 לְצַפּוֹת
נצל	 0	 1	 0	 0	 0	 0	 0	 0	 0	 0	 ציפייה
חקור	 0	 1	 0	 0	 0	 0	 0	 0	 0	 0	 בְּהֵרָיוֹן
גלה ארצות	 0	 1	 0	 0	 0	 0	 1	 0	 0	 0	 תוֹחֶלֶת
תפוצצות	 0	 1	 0	 0	 0	 0	 0	 0	 0	 0	 צָפוּי
חומר נפצ	 0	 1	 0	 0	 0	 0	 0	 0	 0	 0	 מצפה
עריכ	 0	 0	 0	 0	 0	 0	 0	 0	 0	 0	 תוֹעַלתִיוּת
אקספוננציאלי	 0	 0	 0	 0	 1	 0	 1	 0	 0	 1	 אֶמְצָעִי
יצוא	 0	 0	 0	 0	 0	 0	 0	 0	 0	 0	 לְזַרֵז
ייצוא	 0	 1	 0	 0	 0	 0	 1	 0	 0	 0	 מִשׁלַחַת
חשופ	 0	 0	 0	 0	 0	 0	 0	 0	 0	 0	 זריז
חשופ	 1	 0	 1	 1	 0	 1	 0	 1	 0	 0	 לְגַרֵשׁ
תערוכה	 0	 0	 0	 0	 0	 1	 0	 0	 0	 0	 הוצאה
סביר	 0	 0	 0	 0	 0	 0	 0	 0	 0	 0	 הוֹצָאָה
חשיפה	 0	 0	 0	 0	 0	 1	 0	 0	 0	 0	 הוצאות
אר	 0	 0	 0	 0	 0	 0	 0	 0	 0	 0	 יָקָר
אקספרס	 0	 0	 0	 0	 0	 0	 0	 0	 0	 0	 ניסיון
יטוי	 0	 0	 0	 0	 0	 0	 1	 0	 0	 1	 מְנוּסֶה
אקספרסיבי	 0	 0	 0	 0	 0	 0	 0	 0	 0	 0	 חוויות
פקעה	 0	 1	 0	 0	 0	 0	 0	 0	 1	 0	 לְנַסוֹת
גרוש	 0	 0	 0	 0	 0	 0	 0	 0	 0	 0	 נִסיוֹנִי
עודנ	 0	 0	 0	 0	 0	 0	 0	 0	 0	 0	 נסיין
פליא	 0	 0	 0	 0	 0	 0	 1	 0	 0	 1	 מוּמחֶה
קימ	 0	 0	 0	 0	 0	 0	 1	 0	 0	 1	 מומחיות
אריכ	 0	 0	 0	 0	 0	 0	 0	 0	 0	 0	 תפוגה
ניתנ להארכה	 0	 0	 0	 0	 0	 1	 0	 1	 0	 0	 לָפוּג
רחב	 0	 0	 0	 0	 0	 1	 0	 0	 0	 0	 לא בתוקף
סיומת	 0	 0	 0	 0	 0	 0	 0	 0	 0	 0	 תְפוּגָה
נרחב	 0	 0	 0	 0	 0	 0	 1	 0	 0	 1	 להסביר
יקפ	 0	 0	 0	 0	 0	 0	 0	 0	 0	 0	 הֶסבֵּר
חיצוני	 0	 0	 0	 0	 0	 0	 0	 0	 0	 0	 מַסבִּיר
יד	 1	 0	 0	 0	 0	 1	 0	 0	 0	 0	 נפרץ
דה	 0	 0	 0	 0	 0	 0	 0	 0	 0	 0	 הֶסבֵּר
חיצוני	 1	 0	 0	 1	 0	 1	 0	 1	 1	 0	 לְהִתְפּוֹצֵץ
חינה חיצונית	 0	 0	 0	 0	 0	 0	 0	 0	 0	 0	 לְנַצֵל
נכחד	 0	 1	 0	 0	 0	 0	 0	 0	 0	 0	 לַחקוֹר
ות	 0	 0	 0	 0	 0	 0	 0	 0	 0	 0	 מגלה ארצות
תוספת	 0	 0	 0	 1	 0	 1	 0	 0	 1	 0	 הִתְפּוֹצְצוּת
חלצ	 1	 1	 0	 1	 0	 1	 0	 0	 1	 0	 חומר נפץ
חילוצ	 0	 0	 0	 0	 0	 0	 0	 0	 0	 0	 מַעֲרִיך
צאה	 0	 0	 0	 0	 0	 0	 0	 0	 0	 0	 אקספוננציאלי
חולצ	 0	 0	 0	 0	 0	 0	 0	 0	 0	 0	 יְצוּא
סגרה	 0	 0	 0	 0	 0	 0	 0	 0	 0	 0	 ייצוא
א משפט	 0	 1	 0	 1	 0	 0	 0	 0	 0	 0	 לַחשׂוֹף
חיצוני	 0	 0	 0	 0	 0	 1	 0	 0	 0	 0	 חָשׂוּף
חיצוני	 0	 0	 0	 0	 0	 0	 0	 0	 0	 0	 תַעֲרוּכָה
יוצא דופנ	 0	 0	 0	 0	 0	 0	 0	 0	 0	 0	 מַסבִּיר
אקסטרווגנזה	 0	 0	 0	 0	 0	 0	 0	 0	 0	 0	 חשיפה
קיצוני	 0	 0	 0	 0	 0	 0	 0	 0	 0	 0	 לְבָאֵר
אוד	 0	 0	 0	 0	 0	 0	 0	 0	 0	 0	 אֶקְסְפּרֶס
קצה	 0	 0	 0	 0	 0	 0	 0	 0	 0	 0	 ביטוי
חלצ	 0	 0	 0	 0	 0	 0	 0	 0	 0	 0	 אֶקְסְפּרֶסִיבִי
חיצוני	 0	 0	 0	 0	 0	 1	 0	 0	 0	 0	 הַפקָעָה
חול	 1	 0	 1	 1	 0	 1	 0	 1	 0	 0	 גֵרוּשׁ
פע	 0	 0	 0	 0	 1	 0	 1	 0	 0	 0	 מְעוּדָן
פריש	 0	 0	 0	 0	 0	 0	 1	 0	 0	 0	 להפליא
עינ	 0	 0	 0	 0	 0	 0	 0	 0	 0	 0	 קַיָם
קפיימ	 0	 0	 0	 0	 0	 0	 1	 0	 0	 0	 לְהַאֲרִיך
חריר	 0	 0	 0	 0	 0	 0	 0	 0	 0	 0	 ניתן להארכה
עינית	 0	 0	 0	 0	 0	 0	 0	 0	 0	 0	 מורחב
ראיה	 0	 0	 0	 0	 0	 0	 0	 0	 0	 0	 סיומת
עד ראיה	 0	 0	 0	 0	 0	 0	 1	 0	 0	 0	 נִרחָב
של	 0	 0	 0	 0	 0	 0	 0	 0	 0	 0	 היקף
בד	 0	 0	 0	 0	 0	 0	 0	 0	 0	 0	 חִיצוֹנִי
פברק	 0	 0	 0	 1	 0	 1	 0	 1	 0	 0	 לְהַשְׁמִיד
זויפ	 1	 0	 0	 1	 0	 1	 0	 0	 0	 0	 הַשׁמָדָה
זיופ	 0	 0	 0	 0	 0	 0	 0	 0	 0	 0	 חיצוני
ראית עינ	 0	 0	 0	 0	 0	 0	 0	 0	 0	 0	 מבחינה חיצונית
פנימ	 0	 0	 0	 0	 0	 1	 0	 1	 0	 0	 נִכחָד
פנ	 1	 0	 0	 0	 0	 1	 0	 0	 0	 0	 לְכַבּוֹת
קלה	 0	 0	 0	 0	 0	 0	 1	 0	 0	 0	 תוֹסֶפֶת
סייע	 0	 0	 0	 0	 0	 0	 0	 0	 0	 0	 לחלץ
תקנ	 0	 0	 0	 0	 0	 0	 0	 0	 0	 0	 חילוץ
ול	 0	 0	 0	 0	 0	 0	 0	 0	 0	 0	 הוֹצָאָה
פקסימיליה	 0	 0	 0	 0	 0	 0	 0	 0	 0	 0	 חוֹלֵץ
עובדה	 0	 0	 0	 0	 0	 0	 0	 0	 0	 0	 הַסגָרָה
סיעה	 0	 0	 0	 1	 0	 1	 0	 0	 0	 0	 ללא משפט
גורמ	 0	 0	 0	 0	 0	 0	 0	 0	 0	 0	 חיצוני
פעל	 0	 0	 0	 0	 0	 0	 0	 0	 0	 0	 חִיצוֹנִי
עובדות	 0	 0	 0	 0	 0	 0	 1	 0	 0	 0	 יוצא דופן
פקולטות	 0	 0	 0	 0	 0	 0	 0	 0	 0	 0	 אקסטרווגנזה
סגל	 0	 0	 0	 0	 0	 0	 0	 0	 0	 0	 קיצוני
תחביב	 0	 0	 0	 0	 0	 0	 0	 0	 0	 0	 מְאוֹד
דעוכ	 0	 0	 0	 0	 0	 1	 0	 0	 0	 0	 קָצֶה
דהה	 0	 1	 0	 0	 0	 0	 1	 0	 0	 0	 לְחַלֵץ
צואה	 0	 0	 0	 0	 0	 0	 0	 0	 0	 0	 חִיצוֹנִי
של	 0	 0	 0	 0	 0	 0	 0	 0	 0	 0	 שִׁחוּל
ישלונ	 0	 0	 0	 0	 1	 0	 1	 0	 0	 0	 שֶׁפַע
חלש	 0	 0	 0	 0	 0	 0	 0	 0	 0	 0	 לְהַפְרִישׁ
תעלפות	 0	 0	 0	 0	 0	 0	 0	 0	 0	 0	 עַיִן
יריד	 0	 0	 0	 0	 0	 0	 0	 0	 0	 0	 משקפיים
די	 0	 0	 0	 0	 0	 0	 0	 0	 0	 0	 חָרִיר
עבר פתוח	 0	 0	 0	 0	 0	 0	 0	 0	 0	 0	 עינית
פיות	 0	 0	 0	 0	 0	 0	 0	 0	 0	 0	 רְאִיָה
אמונה	 0	 0	 0	 0	 0	 0	 0	 0	 0	 1	 עֵד רְאָיָה
נאמנ	 0	 0	 0	 0	 0	 0	 0	 0	 0	 0	 מָשָׁל
חסרי אמונה	 0	 0	 0	 0	 0	 0	 0	 0	 0	 0	 בד
זויפ	 0	 0	 0	 0	 0	 1	 0	 0	 0	 0	 לְפַבְּרֵק
נפילה	 0	 0	 0	 0	 0	 0	 0	 0	 0	 0	 מזויף
טעה	 0	 0	 0	 0	 0	 1	 0	 0	 0	 1	 זִיוּף
של	 0	 0	 0	 0	 0	 0	 0	 0	 0	 0	 מראית עין
עלול לטעות	 0	 0	 0	 0	 0	 0	 0	 0	 0	 0	 פָּנִים
נופל	 0	 0	 0	 0	 0	 0	 0	 0	 0	 0	 פָּן
בר	 0	 0	 0	 0	 0	 0	 0	 0	 0	 0	 קלה
קר	 0	 0	 0	 0	 0	 0	 1	 0	 0	 0	 לסייע
אופנ שקרי	 0	 0	 0	 0	 0	 0	 0	 0	 0	 0	 מִתקָן
זיופ	 0	 0	 0	 0	 0	 0	 0	 0	 0	 0	 מוּל
זויפ	 0	 0	 0	 0	 0	 0	 0	 0	 0	 0	 פָקסִימִילִיָה
סלפ	 0	 0	 0	 0	 0	 0	 0	 0	 0	 1	 עוּבדָה
זיופ	 0	 0	 0	 0	 0	 0	 0	 0	 0	 0	 סִיעָה
סס	 0	 0	 0	 0	 0	 0	 0	 0	 0	 0	 גורם
פרסומ	 0	 0	 0	 0	 0	 0	 0	 0	 0	 0	 מפעל
פורסמ	 0	 0	 0	 0	 0	 0	 1	 0	 0	 1	 עובדות
כר	 0	 0	 0	 0	 0	 0	 0	 0	 0	 0	 פקולטות
קיאות	 0	 0	 0	 0	 0	 0	 1	 0	 0	 1	 סגל
יר	 0	 0	 0	 0	 0	 0	 0	 0	 0	 0	 תַחבִּיב
רעב	 0	 0	 0	 0	 0	 1	 0	 0	 0	 0	 לִדעוֹך
פורסמ	 0	 0	 0	 0	 0	 0	 0	 0	 0	 0	 דהה
פורסמ	 0	 0	 1	 0	 0	 1	 0	 0	 0	 0	 צוֹאָה
אוהד	 1	 1	 0	 1	 0	 1	 0	 1	 0	 0	 כושל
קנאי	 0	 0	 1	 1	 0	 1	 0	 1	 0	 0	 כישלון
קנאות	 0	 1	 0	 0	 1	 0	 1	 0	 0	 1	 חלש
דמיוני	 0	 0	 0	 1	 0	 1	 0	 1	 1	 0	 הִתעַלְפוּת
חבב	 0	 0	 0	 0	 0	 0	 1	 0	 0	 0	 יריד
פנדנגו	 0	 0	 0	 0	 0	 0	 1	 0	 0	 1	 לְמַדַי
תרועת חצוורות	 0	 0	 0	 0	 0	 0	 0	 0	 0	 0	 מַעֲבָר פָּתוּחַ
ניב	 0	 0	 0	 0	 0	 0	 0	 0	 0	 0	 פיות
ניבימ	 0	 1	 0	 0	 1	 0	 1	 0	 0	 1	 אֱמוּנָה
ניפה	 0	 0	 0	 0	 0	 0	 1	 0	 0	 1	 נאמן
פנטסיה	 0	 0	 0	 0	 0	 1	 0	 1	 0	 0	 חסרי אמונה
פנטזיה	 0	 0	 0	 0	 0	 1	 0	 0	 0	 0	 מְזוּיָף
ציאות מגוחכת במיוחד	 0	 0	 0	 0	 0	 1	 0	 1	 0	 0	 נפילה
גוחכ	 1	 0	 0	 0	 0	 1	 0	 0	 0	 0	 מוּטעֶה
דמי נסיעה	 0	 0	 0	 0	 0	 1	 0	 0	 0	 0	 כשל
פרידה	 0	 0	 0	 0	 0	 1	 0	 0	 0	 0	 עָלוּל לִטעוֹת
חווה חקלאית	 0	 0	 0	 0	 0	 1	 0	 1	 0	 0	 נופל
חקלאי	 0	 0	 0	 0	 0	 1	 0	 0	 0	 0	 מוּבָר
ית חווה	 1	 0	 0	 0	 0	 1	 0	 0	 0	 1	 שֶׁקֶר
חקלאות	 0	 0	 0	 0	 0	 1	 0	 0	 0	 0	 באופן שקרי
פארו	 1	 0	 0	 0	 0	 1	 0	 0	 0	 0	 זִיוּף
רחוק יותר	 0	 0	 0	 0	 0	 0	 0	 0	 0	 0	 מזויף
קסימ	 0	 0	 1	 0	 0	 1	 0	 0	 0	 0	 לְסַלֵף
קסמ	 0	 0	 1	 0	 0	 1	 0	 0	 0	 0	 זִיוּף
אופנה	 0	 0	 0	 1	 0	 1	 0	 0	 0	 0	 לְהַסֵס
אופנתי	 0	 0	 0	 0	 0	 0	 1	 0	 0	 0	 פִּרסוּם
דק	 0	 0	 0	 0	 0	 0	 0	 0	 0	 0	 מְפוּרסָם
אטב	 0	 0	 0	 0	 0	 0	 1	 0	 0	 1	 מוּכָּר
דק	 0	 1	 0	 0	 1	 0	 1	 0	 0	 1	 בְּקִיאוּת
תענית	 0	 0	 0	 0	 0	 0	 0	 0	 0	 0	 להכיר
מנ	 0	 0	 0	 0	 0	 1	 0	 1	 0	 0	 רָעָב
קטלני	 0	 0	 0	 0	 0	 0	 1	 0	 0	 0	 מפורסם
קרה מות	 0	 0	 0	 0	 0	 0	 1	 0	 0	 0	 מפורסם
גורל	 0	 0	 0	 0	 0	 0	 0	 0	 0	 0	 אוהד
נחרצ	 0	 0	 0	 0	 0	 1	 0	 0	 0	 0	 קַנַאִי
אבא	 0	 0	 0	 1	 0	 0	 0	 0	 0	 0	 קַנָאוּת
חדור לעומק	 0	 0	 0	 0	 0	 0	 0	 0	 0	 0	 דִמיוֹנִי
עייפות	 0	 1	 0	 0	 1	 0	 1	 0	 0	 0	 לְחַבֵּב
עיפ	 0	 0	 0	 0	 0	 0	 0	 0	 0	 0	 פנדנגו
מנ	 0	 1	 0	 0	 1	 0	 1	 0	 1	 0	 תְרוּעַת חֲצוֹורוֹת
אשמה	 0	 0	 0	 1	 0	 0	 0	 0	 0	 0	 נִיב
א פגמ	 0	 0	 0	 1	 0	 0	 0	 0	 0	 0	 ניבים
פגומ	 0	 0	 0	 0	 0	 0	 0	 0	 0	 0	 מניפה
עולמ החי	 0	 0	 0	 0	 0	 0	 0	 0	 0	 0	 פַנטָסִיָה
טובה	 0	 0	 0	 0	 0	 0	 0	 0	 0	 0	 פנטזיה
עדפ	 0	 0	 0	 0	 0	 1	 0	 0	 0	 0	 מציאות מגוחכת במיוחד
אהוב	 0	 0	 1	 0	 0	 1	 0	 0	 0	 0	 מְגוּחָך
א פנימ	 0	 0	 0	 0	 0	 0	 0	 0	 0	 0	 דמי נסיעה
עופר	 0	 0	 0	 0	 0	 0	 0	 0	 0	 0	 פְּרִידָה
פחד	 0	 1	 0	 0	 0	 0	 0	 0	 0	 0	 חווה חקלאית
חושש	 0	 0	 0	 0	 0	 0	 0	 0	 0	 0	 חַקלאַי
חשש	 0	 0	 0	 0	 0	 0	 0	 0	 0	 0	 בית חווה
פחד	 0	 0	 0	 0	 0	 0	 0	 0	 0	 0	 חַקלָאוּת
חסר פחד	 0	 0	 0	 0	 0	 0	 0	 0	 0	 0	 פארו
סבירות	 0	 0	 0	 0	 0	 0	 0	 0	 0	 0	 רחוק יותר
אפשרי	 0	 0	 0	 0	 0	 0	 0	 0	 0	 0	 fascia
עלל	 0	 0	 0	 0	 0	 0	 1	 0	 0	 0	 מַקסִים
נוצה	 0	 0	 0	 0	 0	 0	 1	 0	 0	 0	 קֶסֶם
תכונה	 0	 0	 0	 0	 0	 0	 0	 0	 0	 0	 אופנה
תכונות	 0	 0	 0	 0	 0	 0	 1	 0	 0	 0	 אופנתי
קדחתני	 0	 0	 0	 0	 0	 0	 0	 0	 0	 0	 לְהַדֵק
צואה	 0	 0	 0	 0	 0	 0	 0	 0	 0	 0	 אֶטֶב
צואה	 0	 0	 0	 0	 0	 0	 0	 0	 0	 0	 מַהְדֵק
פוריות	 0	 0	 0	 0	 0	 1	 0	 1	 0	 0	 תַעֲנִית
פדרלי	 0	 0	 1	 0	 0	 1	 0	 1	 0	 0	 שמן
פדרציה	 1	 0	 0	 1	 0	 1	 0	 1	 0	 0	 קָטלָנִי
תשלומ	 0	 0	 0	 1	 0	 1	 0	 1	 0	 0	 מִקרֶה מָוֶת
חלוש	 0	 1	 0	 0	 0	 1	 0	 0	 0	 0	 גוֹרָל
זנה	 0	 0	 0	 0	 0	 0	 0	 0	 0	 0	 נֶחְרַץ
זינ	 0	 0	 0	 0	 0	 0	 0	 0	 0	 1	 אַבָּא
רגיש	 0	 0	 0	 0	 0	 0	 0	 0	 0	 0	 לַחדוֹר לְעוֹמֶק
רגיש	 0	 0	 0	 0	 0	 1	 0	 0	 0	 0	 עייפות
רגליימ	 0	 0	 0	 0	 0	 1	 0	 1	 0	 0	 עָיֵף
דומה	 0	 0	 1	 0	 0	 1	 0	 1	 0	 0	 שמן
חה	 0	 0	 0	 0	 0	 1	 0	 1	 0	 0	 אשמה
חתולי	 0	 0	 0	 0	 0	 0	 1	 0	 0	 1	 לְלֹא פְּגָם
נפל	 0	 0	 0	 0	 0	 1	 0	 0	 0	 0	 פָּגוּם
עמית	 0	 0	 0	 0	 0	 0	 0	 0	 0	 0	 עוֹלַם הָחַי
ענק	 0	 0	 0	 0	 0	 0	 0	 0	 0	 0	 טוֹבָה
פושע	 0	 1	 0	 0	 1	 0	 1	 0	 1	 1	 מועדף
פשע	 0	 0	 0	 0	 1	 0	 1	 0	 0	 1	 אהוב
רגיש	 0	 0	 0	 0	 0	 0	 1	 0	 0	 0	 מַשׂוֹא פָּנִים
נשי	 0	 0	 0	 0	 0	 1	 0	 0	 0	 0	 עופר
נשיות	 1	 0	 0	 1	 0	 1	 0	 0	 0	 0	 פַּחַד
צה	 0	 0	 0	 1	 0	 1	 0	 1	 0	 0	 חוֹשֵׁשׁ
גדר	 0	 0	 0	 1	 0	 1	 0	 1	 1	 0	 בַּחֲשָׁשׁ
גודר	 0	 0	 0	 1	 0	 1	 0	 0	 0	 0	 מפחד
תגוננ	 0	 0	 0	 1	 0	 0	 1	 0	 0	 0	 חסר פחד
פגוש	 0	 0	 0	 0	 0	 0	 0	 0	 0	 0	 סְבִירוּת
מר	 0	 0	 0	 0	 0	 0	 0	 0	 0	 0	 אפשרי
תסיסה	 0	 1	 0	 0	 1	 0	 1	 0	 1	 0	 מַעֲלָל
תסיסה	 0	 0	 0	 0	 0	 0	 0	 0	 0	 0	 נוֹצָה
רכ	 0	 0	 0	 0	 0	 0	 1	 0	 0	 0	 תכונה
פראי	 0	 0	 0	 0	 0	 0	 0	 0	 0	 0	 תכונות
פראות	 0	 0	 0	 0	 0	 1	 0	 0	 0	 0	 קַדַחתָנִי
עבורת	 0	 0	 1	 0	 0	 1	 0	 0	 0	 0	 צואה
פורה	 0	 0	 1	 0	 0	 1	 0	 0	 0	 0	 צוֹאָה
דשנ	 0	 0	 0	 0	 0	 0	 0	 0	 0	 0	 פּוֹרִיוּת
נלהב	 0	 0	 0	 0	 0	 0	 0	 0	 0	 0	 פדרלי
הט	 0	 0	 0	 0	 0	 0	 0	 0	 0	 0	 פֵדֵרַצִיָה
פסטיבל	 1	 0	 0	 0	 0	 1	 0	 0	 0	 0	 תַשְׁלוּם
חגיגי	 0	 0	 0	 0	 0	 1	 0	 1	 0	 0	 חָלוּשׁ
יא	 0	 0	 0	 0	 0	 0	 0	 0	 0	 0	 הזנה
חגיגה	 0	 0	 0	 0	 0	 0	 0	 0	 0	 0	 מֵזִין
פטיש	 0	 0	 0	 0	 0	 0	 0	 0	 0	 0	 להרגיש
סכסוכ	 1	 1	 1	 1	 1	 1	 1	 1	 1	 1	 מַרגִישׁ
פיאודלי	 0	 0	 0	 0	 0	 0	 0	 0	 0	 0	 רגליים
פאודליות	 0	 0	 0	 0	 0	 1	 0	 0	 0	 0	 מְדוּמֶה
חומ	 0	 0	 0	 0	 1	 0	 1	 0	 0	 0	 שמחה
קודח	 0	 0	 0	 0	 0	 0	 0	 0	 0	 0	 חֲתוּלִי
ארוסה	 0	 0	 0	 0	 0	 1	 0	 1	 0	 0	 נפל
ונ	 0	 0	 0	 0	 0	 0	 1	 0	 0	 1	 עָמִית
פיאט	 0	 0	 0	 0	 0	 0	 1	 0	 0	 0	 מַעֲנָק
קר	 0	 0	 0	 1	 0	 1	 0	 0	 0	 0	 פּוֹשֵׁעַ
סיב	 0	 0	 0	 0	 0	 1	 0	 0	 0	 0	 פֶּשַׁע
סיבי	 0	 0	 0	 0	 0	 0	 0	 0	 0	 0	 הרגיש
פכפכ	 0	 0	 0	 0	 0	 0	 0	 0	 0	 0	 נָשִׁי
ספרות בדיונית	 0	 0	 0	 0	 0	 0	 0	 0	 0	 0	 נָשִׁיוּת
דוי	 0	 0	 0	 0	 0	 0	 0	 0	 0	 0	 בִּצָה
ינור	 0	 0	 0	 0	 0	 0	 0	 0	 0	 0	 גָדֵר
נר	 1	 0	 0	 0	 0	 0	 0	 0	 0	 0	 מְגוּדָר
נאמנות	 0	 0	 0	 0	 0	 0	 0	 0	 0	 0	 לְהִתְגוֹנֵן
נאמנות	 0	 0	 0	 0	 0	 0	 0	 0	 0	 1	 פָּגוֹשׁ
דה	 0	 0	 0	 0	 0	 0	 0	 0	 0	 0	 שׁוּמָר
טנ	 0	 1	 0	 0	 0	 1	 0	 0	 0	 0	 תְסִיסָה
עז	 0	 1	 0	 0	 0	 0	 0	 0	 0	 0	 תְסִיסָה
חגיגה	 0	 0	 0	 0	 0	 0	 0	 0	 0	 0	 שָׁרָך
אבק	 1	 0	 1	 1	 0	 1	 0	 0	 0	 0	 פְּרָאִי
חמ	 1	 0	 0	 0	 0	 1	 0	 0	 0	 0	 פִּראוּת
חימה	 0	 0	 0	 0	 0	 0	 0	 0	 0	 0	 מַעבּוֹרֶת
צאה	 0	 0	 0	 0	 0	 0	 1	 0	 0	 0	 פורה
ציורי	 0	 0	 0	 0	 0	 0	 0	 0	 0	 0	 לְדַשֵׁן
דמות	 0	 0	 0	 0	 0	 0	 0	 0	 0	 0	 נִלהָב
פסלונ	 1	 0	 0	 0	 1	 0	 1	 0	 0	 0	 לַהַט
נימה	 0	 1	 0	 0	 1	 0	 1	 0	 1	 0	 פֶסטִיבָל
חוטי	 0	 0	 0	 0	 1	 0	 1	 0	 0	 0	 חֲגִיגִי
קובצ	 0	 0	 0	 0	 0	 0	 0	 0	 0	 0	 לְהָבִיא
פיליבסטר	 0	 1	 0	 0	 1	 0	 1	 0	 1	 0	 חֲגִיגָה
פיליגרנ	 0	 0	 0	 0	 0	 0	 0	 0	 0	 0	 פֵטִישׁ
גשה	 1	 0	 0	 0	 0	 1	 0	 0	 0	 0	 סִכסוּך
נשורת	 0	 0	 0	 0	 0	 1	 0	 0	 0	 0	 פיאודלי
לא	 1	 0	 0	 0	 0	 1	 0	 1	 0	 0	 פֵאוֹדָלִיוּת
פילה	 0	 0	 0	 1	 0	 0	 0	 0	 0	 0	 חום
ילוי	 0	 0	 0	 0	 0	 1	 0	 0	 0	 0	 קוֹדֵחַ
סיחה	 0	 0	 0	 0	 0	 0	 0	 0	 0	 0	 אֲרוּסָה
סרט צילומ	 0	 0	 0	 0	 0	 1	 0	 0	 0	 0	 כִּשָׁלוֹן
קרומי	 0	 0	 0	 0	 0	 0	 0	 0	 0	 0	 פיאט
סננ	 1	 0	 0	 0	 0	 1	 0	 0	 0	 0	 שֶׁקֶר
זוהמה	 0	 0	 0	 0	 0	 0	 0	 0	 0	 0	 סִיב
לכ	 0	 0	 0	 0	 0	 0	 0	 0	 0	 0	 סִיבִי
סנפיר	 0	 0	 0	 0	 0	 1	 0	 0	 0	 0	 הֲפַכְפַּך
סופי	 0	 0	 0	 0	 0	 0	 0	 0	 0	 0	 ספרות בדיונית
סיומ	 0	 0	 0	 0	 0	 1	 0	 0	 0	 0	 בָּדוּי
סופיות	 0	 0	 0	 0	 0	 0	 0	 0	 0	 0	 כינור
סופ כל סופ	 0	 0	 0	 0	 0	 0	 0	 0	 0	 0	 כַּנָר
מנ	 0	 0	 0	 0	 1	 0	 1	 0	 0	 1	 נֶאֱמָנוּת
ספי	 0	 0	 0	 0	 0	 0	 0	 0	 0	 0	 נאמנות
איש כספימ	 0	 0	 0	 0	 0	 0	 0	 0	 0	 0	 שדה
פרוש	 1	 0	 1	 1	 0	 1	 0	 0	 0	 0	 שָׂטָן
צוא	 1	 0	 1	 1	 0	 1	 0	 0	 0	 0	 עַז
צא	 0	 1	 0	 0	 1	 0	 1	 0	 1	 1	 חגיגה
דור	 1	 0	 0	 1	 0	 1	 0	 0	 0	 0	 מַאֲבָק
עדינות	 0	 0	 0	 0	 0	 0	 0	 0	 0	 0	 לוֹחֶם
אצבע	 1	 0	 0	 0	 0	 1	 0	 0	 0	 0	 לְחִימָה
טביעת אצבע	 0	 0	 0	 0	 0	 0	 0	 0	 0	 0	 הַמצָאָה
סיימ	 0	 0	 0	 0	 0	 0	 0	 0	 0	 0	 צִיוּרִי
סופי	 0	 0	 0	 0	 0	 0	 0	 0	 0	 0	 דמות
ינ	 0	 0	 0	 0	 0	 0	 0	 0	 0	 0	 פִּסלוֹן
אש	 0	 0	 0	 0	 0	 0	 0	 0	 0	 0	 נִימָה
י נשק	 0	 0	 0	 0	 0	 0	 0	 0	 0	 0	 חוטי
דור אש	 0	 0	 0	 0	 0	 0	 0	 0	 0	 0	 קוֹבֶץ
גחלילית	 0	 0	 0	 0	 0	 1	 0	 0	 0	 0	 פיליבסטר
אי	 0	 0	 0	 0	 0	 0	 0	 0	 0	 0	 פִילִיגרָן
אח	 0	 0	 0	 0	 0	 0	 0	 0	 0	 0	 הגשה
חסינ אש	 0	 0	 0	 0	 0	 0	 0	 0	 0	 0	 נְשׁוֹרֶת
יד האש	 0	 0	 0	 0	 0	 0	 0	 0	 0	 1	 למלא
עצי הסקה	 0	 0	 0	 0	 0	 0	 0	 0	 0	 0	 פִילֶה
זקוקי די נור	 0	 0	 0	 0	 0	 0	 0	 0	 0	 0	 מילוי
ירי	 0	 0	 0	 0	 0	 0	 0	 0	 0	 0	 סְיָחָה
צק	 0	 0	 0	 0	 0	 0	 0	 0	 0	 0	 סרט צילום
רקיע	 0	 0	 0	 0	 0	 0	 0	 0	 0	 0	 קְרוּמִי
תוקפ	 0	 0	 0	 0	 0	 0	 0	 0	 0	 0	 לְסַנֵן
תקיפות	 0	 0	 1	 0	 0	 1	 0	 0	 0	 0	 זוּהֲמָה
ור	 0	 0	 1	 0	 0	 1	 0	 0	 0	 0	 מלוכלך
פיסקלי	 0	 0	 0	 0	 0	 0	 0	 0	 0	 0	 סְנַפִּיר
דג	 0	 0	 0	 0	 0	 0	 0	 0	 0	 0	 סופי
דיג	 0	 0	 0	 0	 0	 0	 0	 0	 0	 0	 סִיוּם
דיג	 0	 0	 0	 0	 0	 0	 0	 0	 0	 0	 סוֹפִיוּת
דיג	 0	 1	 1	 0	 1	 0	 1	 0	 1	 1	 סוף כל סוף
חשוד	 0	 0	 0	 0	 0	 0	 0	 0	 0	 0	 לְמַמֵן
קיע	 0	 0	 0	 0	 0	 0	 0	 0	 0	 0	 כַּספִּי
יקוע	 0	 0	 0	 0	 0	 0	 0	 0	 0	 0	 איש כספים
קיע	 0	 0	 0	 0	 0	 0	 0	 0	 0	 0	 פָּרוּשׁ
אגרופ	 0	 0	 0	 0	 0	 0	 0	 0	 0	 0	 למצוא
רסה	 0	 0	 0	 0	 0	 0	 0	 0	 0	 0	 מִמצָא
שר	 0	 0	 0	 0	 0	 0	 1	 0	 0	 0	 הִדוּר
תאימ	 0	 0	 0	 0	 0	 0	 1	 0	 0	 0	 עֲדִינוּת
צויד	 0	 0	 0	 0	 0	 0	 0	 0	 0	 0	 אֶצבַּע
למ	 0	 0	 0	 0	 0	 0	 0	 0	 0	 0	 טביעת אצבע
אביזרי	 0	 0	 0	 0	 0	 0	 0	 0	 0	 0	 סיים
תקנ	 0	 0	 0	 0	 0	 0	 0	 0	 0	 0	 סוֹפִי
קיבעונ	 0	 0	 0	 0	 0	 0	 0	 0	 0	 0	 מַלשִׁין
תוקנ	 0	 0	 0	 1	 0	 0	 0	 0	 0	 0	 אֵשׁ
תקנ	 1	 0	 0	 1	 0	 1	 0	 0	 0	 0	 כלי נשק
תקנימ	 0	 0	 0	 0	 0	 0	 1	 0	 0	 0	 כדור אש
קצפ	 0	 0	 0	 0	 0	 0	 0	 0	 0	 0	 גַחֲלִילִית
רפוי	 0	 0	 0	 0	 0	 0	 0	 0	 0	 1	 כַּבַּאי
רפה	 0	 0	 0	 0	 0	 0	 0	 0	 0	 0	 אָח
דגל	 0	 0	 0	 0	 0	 0	 1	 0	 0	 0	 חֲסִין אֵשׁ
חפיר	 0	 0	 0	 0	 0	 0	 0	 0	 0	 0	 ליד האש
ספינת דגל	 0	 0	 0	 0	 0	 0	 0	 0	 0	 0	 עֵצֵי הַסָקָה
תקלפ	 0	 0	 0	 0	 0	 0	 0	 0	 0	 0	 זִקוּקֵי דִי נוּר
קשקשי	 0	 0	 0	 0	 0	 0	 0	 0	 0	 0	 ירי
בה	 0	 0	 0	 0	 0	 0	 0	 0	 0	 0	 מוּצָק
הט	 0	 0	 0	 0	 0	 0	 0	 0	 0	 0	 רָקִיעַ
אוגנ	 0	 0	 0	 0	 0	 0	 0	 0	 0	 0	 בְּתוֹקֶף
אגפ	 0	 0	 0	 0	 0	 0	 1	 0	 0	 1	 תְקִיפוּת
אגפימ	 0	 1	 0	 0	 1	 0	 1	 0	 0	 1	 בכור
אגפ	 0	 0	 0	 0	 0	 0	 0	 0	 0	 0	 פִיסקָלִי
פלנל	 0	 0	 0	 0	 0	 0	 0	 0	 0	 0	 דג
דפ	 0	 0	 0	 0	 0	 0	 0	 0	 0	 0	 דַיָג
תנופפת	 0	 0	 0	 0	 0	 0	 0	 0	 0	 0	 דַיִג
קה	 0	 0	 0	 0	 0	 0	 0	 0	 0	 0	 דיג
תלקח	 0	 0	 0	 0	 0	 0	 0	 0	 0	 0	 חָשׁוּד
זק	 0	 0	 0	 0	 0	 0	 0	 0	 0	 0	 בָּקִיעַ
פלאשבק	 0	 0	 0	 0	 0	 0	 0	 0	 0	 0	 ביקוע
רקה	 0	 0	 0	 0	 0	 0	 0	 0	 0	 0	 בְּקִיעַ
פנס	 0	 0	 0	 0	 0	 0	 0	 0	 0	 0	 אֶגְרוֹף
תהדר	 0	 0	 0	 0	 0	 0	 0	 0	 0	 0	 מוּרְסָה
קבוק	 0	 0	 0	 0	 0	 0	 0	 0	 0	 0	 כושר
טוח	 1	 0	 0	 0	 0	 1	 0	 0	 0	 0	 מתאים
טיחות	 0	 0	 0	 0	 0	 0	 0	 0	 0	 0	 מְצוּיָד
טח	 0	 1	 0	 0	 1	 0	 1	 0	 0	 1	 הוֹלֵם
חמיא	 0	 0	 0	 0	 0	 0	 0	 0	 0	 0	 אביזרי
חנופה	 0	 0	 0	 0	 0	 0	 0	 0	 0	 0	 לתקן
פחה	 0	 0	 0	 0	 0	 0	 0	 0	 0	 0	 קיבעון
תהדר	 0	 0	 0	 0	 0	 0	 0	 0	 0	 1	 תוקן
טעמ	 0	 0	 0	 0	 0	 0	 1	 0	 0	 0	 מִתקָן
פגמ	 0	 0	 0	 0	 0	 0	 0	 0	 0	 0	 מתקנים
פרעוש	 0	 0	 0	 0	 0	 0	 0	 0	 0	 0	 קֶצֶף
רח	 0	 0	 1	 0	 0	 1	 0	 0	 0	 0	 רָפוּי
רוח	 0	 0	 0	 0	 0	 1	 0	 1	 0	 0	 רָפֶה
צמר	 0	 0	 0	 0	 0	 1	 0	 0	 0	 0	 דגל
צי	 1	 0	 1	 0	 0	 1	 0	 0	 0	 0	 מַחְפִּיר
חולפ	 0	 0	 0	 0	 0	 0	 0	 0	 0	 1	 ספינת דגל
שר	 0	 0	 0	 0	 0	 1	 0	 0	 0	 0	 לְהִתְקַלֵף
רני	 0	 0	 0	 0	 0	 0	 0	 0	 0	 0	 קַשׂקַשִׂי
גמיש	 0	 0	 0	 0	 0	 0	 0	 0	 0	 0	 לֶהָבָה
גמישות	 0	 0	 0	 0	 0	 0	 0	 0	 0	 0	 לוֹהֵט
גמיש	 0	 0	 0	 0	 0	 0	 0	 0	 0	 1	 אוֹגֶן
פיפה	 0	 0	 0	 0	 0	 0	 0	 0	 0	 0	 לְאַגֵף
הב	 0	 0	 0	 0	 0	 0	 0	 0	 0	 0	 מאגפים
וב	 0	 0	 0	 0	 0	 0	 0	 0	 0	 0	 אגף
טיס	 0	 0	 0	 0	 0	 0	 0	 0	 0	 0	 פלָנֶל
טיסה	 0	 0	 0	 0	 0	 1	 0	 0	 0	 0	 מַדָף
רתע	 0	 0	 0	 0	 0	 0	 0	 0	 0	 0	 מתנופפת
יכ	 0	 0	 0	 0	 0	 0	 0	 0	 0	 0	 הַבהָקָה
אבנ צור	 0	 0	 0	 0	 0	 0	 0	 0	 0	 0	 מתלקח
סנפיר	 0	 0	 0	 0	 0	 0	 0	 0	 0	 0	 הֶבזֵק
פלרטט	 0	 0	 0	 0	 0	 0	 0	 0	 0	 0	 פלֶאשׁבֵּק
פלרטטימ	 0	 0	 0	 0	 0	 0	 0	 0	 0	 0	 הַברָקָה
צופ	 0	 0	 0	 0	 0	 0	 0	 0	 0	 0	 פנס
עדר	 0	 0	 0	 0	 0	 0	 0	 0	 0	 0	 מִתהַדֵר
קות	 0	 0	 0	 0	 0	 0	 0	 0	 0	 0	 בקבוק
צפה	 0	 0	 0	 0	 0	 0	 0	 0	 0	 0	 שָׁטוּחַ
קומה	 0	 0	 0	 0	 0	 0	 0	 0	 0	 0	 שְׁטִיחוּת
ונ	 0	 0	 0	 0	 0	 0	 0	 0	 0	 0	 לְשַׁטֵחַ
צומח	 0	 0	 0	 0	 1	 0	 1	 0	 0	 0	 מַחמִיא
פרחי	 0	 0	 0	 0	 0	 0	 0	 0	 0	 0	 חֲנוּפָה
ר פרחימ	 0	 0	 1	 0	 0	 1	 0	 0	 0	 0	 הֲפָחָה
חוט דנטלי	 0	 0	 0	 0	 0	 1	 0	 0	 0	 0	 לְהִתְהַדֵר
סנדל	 0	 0	 0	 0	 0	 0	 0	 0	 0	 0	 טעם
קמח	 0	 0	 0	 0	 0	 1	 0	 1	 0	 0	 פְּגָם
זרימה	 0	 0	 1	 0	 0	 1	 0	 0	 0	 0	 פַּרעוֹשׁ
פריחה	 0	 0	 0	 1	 0	 0	 0	 0	 0	 0	 ברח
פרחוני	 0	 0	 0	 1	 0	 1	 0	 0	 0	 0	 לברוח
פעת	 1	 0	 1	 0	 0	 1	 0	 1	 0	 0	 צֶמֶר
תנודות	 0	 0	 0	 0	 0	 0	 1	 0	 0	 0	 צי
תנודות	 0	 0	 0	 0	 0	 0	 0	 0	 0	 0	 חוֹלֵף
תנודה	 0	 0	 1	 0	 0	 0	 0	 0	 0	 0	 בשר
ארובה	 0	 0	 0	 0	 0	 1	 0	 0	 0	 0	 בַּשׂרָנִי
טפ	 0	 0	 0	 0	 0	 0	 0	 0	 0	 0	 לְהַגמִישׁ
וכ	 0	 0	 0	 0	 0	 0	 1	 0	 0	 0	 גְמִישׁוּת
רכ	 0	 0	 0	 0	 0	 0	 0	 0	 0	 0	 גָמִישׁ
נוזל	 0	 0	 0	 0	 0	 0	 0	 0	 0	 0	 כְּפִיפָה
נזילות	 0	 0	 0	 0	 0	 0	 0	 0	 0	 0	 לְהַבהֵב
זל	 0	 0	 0	 0	 0	 0	 0	 0	 0	 0	 הִבהוּב
פלואורסצנציה	 0	 0	 0	 0	 0	 0	 0	 0	 0	 0	 טַיָס
ניאונ	 0	 0	 0	 0	 0	 0	 0	 0	 0	 0	 טִיסָה
תרגשות	 0	 1	 1	 1	 0	 1	 0	 1	 1	 0	 לְהֵרָתַע
סומק	 0	 0	 0	 0	 0	 0	 0	 0	 0	 0	 לְהַשְׁלִיך
בל	 0	 0	 0	 0	 0	 0	 0	 0	 0	 0	 אבן צור
חליל	 0	 0	 0	 0	 0	 0	 0	 0	 0	 0	 סְנַפִּיר
חורצ	 0	 1	 0	 0	 1	 1	 1	 0	 1	 1	 לְפַלרְטֵט
נהרות	 0	 0	 0	 0	 0	 0	 0	 0	 0	 0	 מפלרטטים
טפ	 0	 0	 0	 0	 0	 0	 0	 0	 0	 0	 לָצוּף
טוס זבוב	 0	 0	 0	 0	 0	 0	 0	 0	 0	 0	 עֵדֶר
טיס	 1	 0	 1	 1	 0	 1	 0	 1	 0	 0	 לְהַלקוֹת
עפ	 0	 0	 0	 1	 0	 0	 0	 0	 0	 0	 הצפה
גלגל תנופה	 0	 0	 0	 0	 0	 0	 0	 0	 0	 0	 קוֹמָה
סוסונ	 0	 0	 1	 0	 0	 1	 0	 1	 0	 0	 כִּשָׁלוֹן
קצפ	 0	 0	 0	 0	 0	 0	 0	 0	 0	 0	 צוֹמֵחַ
קצפה	 0	 0	 0	 0	 0	 0	 1	 0	 0	 0	 פִּרחִי
קצפ	 0	 0	 0	 0	 0	 0	 0	 0	 0	 0	 מוֹכֵר פְּרָחִים
רמות	 0	 0	 0	 0	 0	 0	 0	 0	 0	 0	 חוט דנטלי
קדי	 0	 0	 0	 1	 0	 1	 0	 1	 0	 0	 סנדל
קד	 0	 0	 0	 0	 0	 0	 0	 0	 0	 0	 קמח
ספוא	 0	 0	 0	 0	 0	 0	 1	 0	 0	 0	 זְרִימָה
אויב	 0	 0	 0	 0	 0	 0	 0	 0	 0	 0	 פְּרִיחָה
ערפל	 0	 0	 0	 0	 0	 0	 1	 0	 0	 0	 פִּרחוֹנִי
עורפל	 0	 0	 0	 1	 0	 1	 0	 0	 0	 0	 שַׁפַעַת
סכל	 0	 0	 0	 0	 0	 0	 0	 0	 0	 0	 תנודות
סוכל	 0	 0	 0	 0	 0	 0	 0	 0	 0	 0	 תנודות
קפל	 1	 0	 0	 1	 0	 1	 0	 0	 0	 0	 תְנוּדָה
קופל	 0	 0	 0	 0	 0	 0	 0	 0	 0	 0	 אֲרוּבָּה
עלימ	 0	 0	 0	 0	 0	 0	 0	 0	 0	 0	 שֶׁטֶף
פוליו	 0	 0	 0	 0	 0	 0	 0	 0	 0	 0	 מוֹך
אנשימ	 0	 0	 0	 0	 0	 0	 0	 0	 0	 0	 רך
פולקלור	 0	 0	 0	 0	 0	 0	 0	 0	 0	 0	 נוֹזֵל
זקיק	 0	 0	 0	 0	 0	 0	 0	 0	 0	 0	 נְזִילוּת
זקיק	 0	 0	 0	 0	 0	 0	 0	 0	 1	 0	 מַזָל
עקוב אחר	 0	 0	 0	 0	 0	 0	 0	 0	 0	 0	 פלוּאוֹרסצֵנצִיָה
חסיד	 0	 0	 0	 0	 0	 0	 0	 0	 0	 0	 ניאון
טות	 0	 0	 0	 0	 0	 0	 0	 0	 0	 0	 הִתרַגְשׁוּת
טפני	 0	 0	 0	 0	 0	 0	 1	 0	 0	 0	 סומק
חבה	 0	 0	 0	 0	 0	 0	 0	 0	 0	 0	 מבולבל
גופנ	 0	 0	 0	 0	 0	 0	 0	 0	 0	 0	 חליל
זונ	 0	 0	 0	 0	 0	 0	 0	 0	 0	 0	 מְחוֹרָץ
טה	 0	 0	 0	 0	 0	 0	 0	 0	 0	 0	 נְהָרוֹת
טה	 0	 0	 0	 0	 0	 0	 0	 0	 0	 0	 שֶׁטֶף
טפשי	 0	 0	 0	 0	 0	 0	 0	 0	 0	 0	 לטוס, זבוב
טות	 0	 0	 0	 0	 0	 0	 0	 0	 0	 0	 טַיָס
פ רגל	 0	 0	 0	 1	 0	 0	 1	 0	 0	 0	 עַף
דורגל	 0	 0	 0	 0	 0	 0	 0	 0	 0	 0	 גַלגַל תְנוּפָה
גשר להולכי רגל	 0	 0	 0	 0	 0	 0	 0	 0	 0	 0	 סוּסוֹן
אחיזה	 0	 0	 0	 0	 0	 0	 0	 0	 0	 0	 קֶצֶף
יל	 0	 0	 0	 0	 0	 0	 0	 0	 0	 0	 הַקצָפָה
עקב	 0	 0	 0	 0	 0	 0	 0	 0	 0	 0	 מוּקצָף
גנדרנ	 0	 0	 0	 0	 0	 0	 0	 0	 0	 0	 לְרַמוֹת
ספוא	 0	 0	 0	 0	 0	 0	 0	 0	 0	 0	 מוֹקְדִי
פשיטה	 0	 0	 0	 0	 0	 0	 1	 0	 0	 0	 מוֹקֵד
גה	 0	 0	 0	 0	 0	 0	 0	 0	 0	 0	 מִסְפּוֹא
אסור	 1	 0	 0	 1	 0	 1	 0	 0	 0	 0	 אוֹיֵב
פחיד	 0	 0	 0	 0	 0	 0	 0	 0	 0	 0	 עֲרָפֶל
וח	 0	 0	 0	 0	 0	 0	 0	 0	 0	 0	 מעורפל
פוי	 0	 0	 0	 0	 0	 0	 0	 0	 0	 0	 לְסַכֵּל
צבטימ	 0	 0	 0	 0	 0	 1	 0	 0	 0	 0	 מסוכל
כח	 0	 0	 0	 0	 0	 0	 0	 0	 0	 0	 לְקַפֵּל
חצות	 0	 0	 0	 0	 0	 0	 0	 0	 0	 0	 מְקוּפָּל
חלק קדמי	 0	 0	 0	 0	 0	 0	 0	 0	 0	 0	 עָלִים
אמה	 0	 0	 0	 0	 0	 0	 0	 0	 0	 0	 פוֹלִיוֹ
ר רעות	 0	 0	 0	 0	 0	 0	 0	 0	 0	 0	 אֲנָשִׁים
תחזית	 0	 0	 0	 0	 0	 0	 0	 0	 0	 0	 פוּלקלוֹר
חזאי	 0	 0	 0	 0	 0	 0	 0	 0	 0	 0	 זָקִיק
חלט	 0	 0	 0	 0	 0	 0	 0	 0	 0	 0	 זקיק
אבות קדמונימ	 0	 0	 0	 0	 0	 0	 0	 0	 0	 0	 לעקוב אחר
אצבע	 0	 0	 0	 0	 0	 0	 0	 0	 0	 1	 חָסִיד
תר על	 0	 0	 0	 0	 0	 1	 0	 0	 0	 0	 שׁטוּת
עיל	 0	 0	 0	 0	 0	 0	 0	 0	 0	 0	 לַטפָנִי
תרימ מראש	 0	 0	 0	 0	 1	 0	 1	 0	 0	 0	 חִבָּה
חזית	 0	 0	 0	 0	 0	 0	 0	 0	 0	 0	 גוֹפָן
צח	 0	 0	 0	 0	 1	 0	 1	 0	 0	 1	 מזון
זר	 0	 0	 1	 0	 0	 1	 0	 0	 0	 0	 שׁוֹטֶה
זר	 0	 0	 0	 0	 0	 0	 0	 0	 0	 0	 שוטה
נהל עבודה	 0	 0	 0	 0	 0	 1	 0	 0	 0	 0	 טִפּשִׁי
פטי	 0	 0	 0	 0	 0	 1	 0	 0	 0	 0	 שׁטוּת
שר	 0	 0	 0	 0	 0	 0	 0	 0	 0	 0	 כף רגל
חזות	 0	 1	 0	 0	 1	 0	 1	 0	 0	 0	 כדורגל
צפוי	 0	 0	 0	 0	 0	 0	 0	 0	 0	 0	 גֶשֶׁר לְהוֹלכֵי רֶגֶל
חיזוי	 0	 0	 0	 0	 0	 0	 0	 0	 0	 1	 אֲחִיזָה
יער	 0	 0	 0	 0	 0	 0	 0	 0	 0	 0	 שְׁבִיל
חשבה תחילה	 0	 0	 0	 0	 0	 0	 0	 0	 0	 0	 עָקֵב
זהיר מראש	 0	 0	 0	 0	 0	 0	 0	 0	 0	 0	 גַנדְרָן
קדמה	 0	 0	 0	 0	 0	 1	 0	 0	 0	 0	 מִסְפּוֹא
חלט	 1	 0	 0	 0	 0	 1	 0	 0	 0	 0	 פְּשִׁיטָה
עוקל	 0	 0	 0	 0	 0	 0	 1	 0	 0	 0	 הַבלָגָה
חילוט	 0	 0	 0	 0	 0	 1	 0	 1	 0	 0	 לֶאֱסוֹר
חישול	 1	 0	 0	 1	 0	 1	 0	 0	 0	 0	 מַפְחִיד
זיופ	 1	 0	 0	 1	 0	 1	 0	 0	 0	 0	 כּוֹחַ
וח	 0	 0	 0	 1	 0	 1	 0	 0	 0	 0	 כָּפוּי
חנ	 0	 0	 0	 0	 0	 0	 0	 0	 0	 0	 מִצבָּטַיִם
חה	 1	 0	 0	 1	 0	 1	 0	 0	 0	 0	 בְּכֹחַ
סלוח	 0	 0	 0	 0	 0	 0	 0	 0	 0	 0	 לַחֲצוֹת
נסלח	 0	 0	 0	 0	 0	 0	 1	 0	 0	 0	 חֵלֶק קִדמִי
סלחני	 1	 1	 0	 0	 0	 0	 0	 0	 0	 0	 אַמָה
ישכח	 0	 1	 0	 1	 0	 1	 0	 0	 0	 0	 מבשר רעות
זלג	 0	 1	 0	 0	 0	 0	 0	 0	 0	 1	 תַחֲזִית
פוצל	 0	 0	 0	 0	 0	 0	 0	 0	 0	 0	 חַזַאי
זלג	 0	 0	 0	 1	 0	 1	 0	 1	 0	 0	 לְחַלֵט
גלמוד	 0	 0	 0	 0	 1	 0	 1	 0	 0	 1	 אָבוֹת קַדמוֹנִים
טופס	 0	 0	 0	 0	 0	 0	 0	 0	 0	 0	 אֶצבַּע
טקסיות	 0	 0	 0	 0	 0	 1	 0	 0	 0	 0	 לְוַתֵר עַל
רשמיות	 0	 0	 0	 0	 0	 0	 1	 0	 0	 0	 לעיל
יווצרות	 0	 0	 0	 0	 0	 0	 0	 0	 0	 0	 מוותרים מראש
עצב	 0	 0	 0	 0	 0	 0	 0	 0	 0	 0	 חֲזִית
נוצר	 0	 0	 0	 0	 0	 0	 0	 0	 0	 0	 מצח
אדיר	 0	 0	 0	 0	 0	 1	 0	 0	 0	 0	 זָר
יוצר	 0	 0	 0	 1	 0	 1	 0	 0	 0	 0	 זָר
חסר צורה	 0	 0	 0	 0	 0	 0	 1	 0	 0	 0	 מְנַהֵל עֲבוֹדָה
נוסחה	 0	 0	 0	 0	 0	 0	 0	 0	 0	 0	 מִשׁפָּטִי
נוסחא	 0	 0	 0	 0	 0	 0	 1	 0	 0	 0	 מְבַשֵׂר
נסח	 0	 1	 0	 0	 0	 0	 1	 0	 1	 1	 לַחֲזוֹת
זנות	 0	 1	 0	 0	 0	 0	 1	 0	 0	 0	 צָפוּי
זנוח	 0	 1	 0	 0	 0	 0	 1	 0	 0	 1	 חיזוי
עזוב	 0	 0	 0	 0	 0	 0	 0	 0	 0	 0	 יַעַר
נחת	 0	 0	 0	 0	 0	 0	 0	 0	 0	 0	 מַחֲשָׁבָה תְחִילָה
צר	 0	 1	 0	 1	 0	 1	 0	 0	 0	 0	 הזהיר מראש
פורטה	 0	 0	 0	 0	 0	 0	 0	 0	 0	 0	 הַקדָמָה
קרוב	 1	 0	 0	 0	 0	 1	 0	 1	 0	 0	 לְחַלֵט
יד	 0	 0	 0	 0	 0	 1	 0	 0	 0	 0	 מעוקל
תבצרות	 0	 0	 0	 1	 0	 1	 0	 1	 0	 0	 חילוט
חזק	 0	 0	 0	 0	 0	 0	 1	 0	 0	 0	 חישול
ח מוסרי	 0	 0	 0	 0	 0	 1	 0	 0	 0	 0	 זִיוּף
דו שבועי	 0	 0	 0	 0	 0	 1	 0	 0	 0	 0	 לשכוח
צר	 0	 0	 0	 0	 0	 0	 0	 0	 0	 0	 שַׁכְחָן
קרי	 0	 0	 0	 0	 0	 0	 0	 0	 0	 0	 שִׁכחָה
ר מזל	 0	 0	 0	 0	 0	 0	 1	 0	 0	 0	 לִסְלוֹחַ
נ עתק	 0	 0	 0	 0	 0	 0	 1	 0	 0	 0	 נסלח
ארבעימ	 0	 0	 0	 0	 0	 0	 1	 0	 0	 1	 סַלחָנִי
פורומ	 0	 0	 0	 1	 0	 1	 0	 1	 0	 0	 ישכח
קדימה	 0	 0	 0	 0	 0	 0	 0	 0	 0	 0	 מזלג
אובנ	 0	 0	 0	 0	 0	 0	 0	 0	 0	 0	 מְפוּצָל
אובנימ	 0	 0	 0	 0	 0	 0	 0	 0	 0	 0	 מזלג
גונה	 0	 0	 0	 0	 0	 1	 0	 1	 0	 0	 גַלמוּד
צאתי	 0	 0	 0	 0	 0	 0	 0	 0	 0	 0	 טופס
קרנ	 0	 0	 0	 0	 0	 0	 0	 0	 0	 0	 טִקסִיוּת
ייסד	 0	 0	 0	 0	 0	 0	 0	 0	 0	 1	 רִשְׁמִיוּת
ית יציקה	 0	 0	 0	 0	 0	 0	 0	 0	 0	 0	 היווצרות
זרקה	 0	 0	 0	 0	 0	 0	 1	 0	 0	 1	 מְעַצֵב
פי ארבע	 0	 0	 0	 0	 0	 0	 0	 0	 0	 0	 נוצר
רביעי	 0	 0	 0	 1	 0	 0	 0	 0	 0	 0	 אדיר
עופ	 0	 1	 0	 0	 0	 0	 0	 0	 0	 0	 יוצר
על	 0	 0	 0	 0	 0	 1	 0	 0	 0	 0	 חסר צורה
עלי	 0	 0	 0	 0	 0	 0	 1	 0	 0	 1	 נוּסחָה
ריר	 0	 0	 0	 0	 0	 0	 0	 0	 0	 0	 נוסחא
חלקי	 0	 0	 0	 0	 0	 0	 0	 0	 0	 0	 לְנַסֵחַ
בר	 0	 0	 0	 0	 0	 1	 0	 0	 0	 0	 זְנוּת
יר	 0	 0	 0	 0	 0	 1	 0	 1	 0	 0	 לִזנוֹחַ
ירות	 1	 0	 0	 0	 0	 1	 0	 1	 0	 0	 עָזוּב
רסיס	 0	 0	 0	 0	 0	 0	 0	 0	 0	 0	 בנחת
קוטע	 0	 0	 0	 0	 0	 0	 0	 0	 0	 1	 מִבצָר
ניחוח	 0	 0	 0	 0	 0	 0	 1	 0	 0	 0	 פוֹרטֶה
ריחני	 0	 0	 0	 0	 0	 0	 1	 0	 0	 0	 הקרוב
חולשה	 0	 0	 0	 0	 0	 0	 0	 0	 0	 0	 מִיָד
סגרת	 0	 0	 0	 0	 0	 0	 0	 0	 0	 0	 הִתבַּצְרוּת
זכיונ	 0	 0	 0	 0	 0	 0	 1	 0	 0	 0	 לְחַזֵק
גלוי לב	 0	 0	 0	 0	 1	 0	 1	 0	 0	 1	 כּוֹחַ מוּסָרִי
נות	 0	 0	 0	 0	 0	 0	 0	 0	 0	 0	 דוּ שְׁבוּעִי
נרעש	 0	 0	 0	 1	 0	 0	 1	 1	 0	 1	 מִבצָר
אחותי	 0	 0	 0	 0	 0	 0	 0	 0	 0	 0	 מִקרִי
סדר	 0	 0	 0	 0	 0	 0	 1	 0	 0	 0	 בַּר מַזָל
נאה	 0	 1	 0	 0	 1	 0	 1	 0	 1	 1	 הון עתק
רמאי	 0	 0	 0	 0	 0	 0	 0	 0	 0	 0	 ארבעים
רוכ	 0	 0	 0	 0	 0	 0	 0	 0	 0	 0	 פוֹרוּם
קטטה	 0	 0	 0	 0	 0	 0	 1	 0	 0	 0	 קָדִימָה
רופט	 0	 0	 0	 0	 0	 0	 0	 0	 0	 0	 מְאוּבָּן
נה	 0	 0	 0	 0	 0	 0	 0	 0	 0	 0	 מאובנים
טורפ	 1	 0	 1	 1	 0	 1	 0	 0	 0	 0	 מְגוּנֶה
חופש	 0	 0	 0	 0	 1	 0	 1	 0	 0	 1	 מצאתי
זכות חכירה	 0	 0	 0	 0	 0	 0	 1	 0	 0	 0	 קרן
עצמאי	 0	 0	 0	 0	 0	 0	 0	 0	 0	 0	 מייסד
חופשיות	 0	 0	 0	 0	 0	 0	 0	 0	 0	 0	 בֵּית יְצִיקָה
יש מהיר	 0	 0	 0	 0	 0	 0	 0	 0	 0	 0	 מִזרָקָה
קפאה	 0	 0	 0	 0	 0	 0	 0	 0	 0	 0	 פִּי אַרבַּע
קפיא	 0	 0	 0	 0	 0	 0	 0	 0	 0	 0	 רביעי
קפיאה	 0	 0	 0	 0	 0	 0	 0	 0	 0	 0	 עוֹף
לה	 0	 0	 0	 0	 0	 0	 0	 0	 0	 0	 שׁוּעָל
יוצא מכליו	 0	 0	 0	 0	 0	 0	 0	 0	 0	 0	 שׁוּעָלִי
תולל	 0	 0	 0	 0	 0	 0	 0	 0	 0	 0	 שבריר
תוללות	 0	 0	 0	 0	 0	 0	 0	 0	 0	 0	 חֶלקִי
תדירות	 0	 0	 0	 0	 0	 1	 0	 0	 0	 0	 שֶׁבֶר
תכופ	 0	 0	 0	 1	 0	 1	 0	 1	 0	 0	 שָׁבִיר
תדירות גבוהה	 0	 0	 0	 0	 0	 0	 0	 0	 0	 0	 שְׁבִירוּת
פרסקו	 0	 0	 0	 0	 0	 0	 0	 0	 0	 0	 רסיס
סטודנט א	 0	 0	 0	 0	 0	 0	 0	 0	 0	 0	 מְקוּטָע
דאוג	 0	 0	 0	 0	 0	 0	 0	 0	 0	 0	 נִיחוֹחַ
חיכוכ	 0	 0	 0	 0	 0	 0	 1	 0	 0	 0	 רֵיחָנִי
חבר	 0	 0	 0	 0	 0	 1	 0	 1	 0	 0	 חוּלשָׁה
ידידות	 0	 0	 0	 0	 0	 0	 0	 0	 0	 1	 מִסגֶרֶת
ידידותי	 0	 0	 0	 0	 0	 0	 0	 0	 0	 0	 זִכָּיוֹן
חברות	 0	 0	 0	 0	 0	 0	 1	 0	 0	 1	 גלוי לב
פריגטה	 0	 0	 0	 0	 0	 0	 1	 0	 0	 1	 כֵּנוּת
פחד	 0	 1	 1	 1	 0	 1	 0	 0	 1	 0	 נִרעָשׁ
פחיד	 0	 0	 0	 0	 1	 0	 1	 0	 0	 1	 אַחֲוָתִי
הל	 0	 0	 0	 0	 0	 0	 0	 0	 0	 0	 מִסדָר
פחיד	 1	 0	 0	 0	 0	 1	 0	 0	 0	 0	 הונאה
קפוא	 1	 0	 1	 0	 0	 1	 0	 0	 0	 0	 רַמַאִי
עיט	 0	 0	 0	 1	 0	 1	 0	 1	 0	 0	 כָּרוּך
צויצ	 0	 0	 0	 0	 0	 1	 0	 0	 0	 0	 קְטָטָה
עליז	 0	 0	 0	 0	 0	 1	 0	 1	 0	 0	 מרופט
קל דעת	 0	 0	 0	 0	 0	 0	 0	 0	 0	 0	 מְשׁוּנֶה
לה	 0	 0	 1	 1	 0	 1	 0	 0	 1	 0	 מטורף
צפרדע	 0	 0	 0	 0	 1	 0	 1	 0	 0	 1	 חוֹפֶשׁ
תובב	 0	 0	 0	 0	 0	 0	 0	 0	 0	 0	 זְכוּת חֲכִּירָה
חזית	 0	 0	 0	 0	 0	 0	 0	 0	 0	 0	 עצמאי
חזית	 0	 0	 0	 0	 1	 0	 1	 0	 0	 1	 בְּחוֹפְשִׁיוּת
חזיתי	 0	 0	 0	 0	 0	 0	 0	 0	 0	 0	 כְּבִישׁ מָהִיר
חזית	 0	 0	 0	 0	 0	 0	 0	 0	 0	 0	 הַקפָּאָה
חזית	 0	 0	 0	 0	 0	 0	 0	 0	 0	 0	 מַקפִּיא
ציור השער	 0	 0	 0	 0	 0	 1	 0	 0	 0	 0	 קְפִיאָה
פור	 0	 0	 0	 0	 0	 0	 0	 0	 0	 0	 הוֹבָלָה
ית קור	 1	 0	 0	 1	 0	 1	 0	 0	 1	 0	 יוֹצֵא מִכֵּלָיו
זוגג	 1	 0	 0	 1	 0	 1	 0	 0	 0	 0	 מִשׁתוֹלֵל
צוננ	 0	 0	 0	 0	 0	 1	 0	 0	 0	 0	 הִשׁתוֹלְלוּת
קצפ	 0	 0	 0	 0	 0	 0	 0	 0	 0	 0	 תדירות
קצפ	 0	 0	 0	 0	 0	 0	 0	 0	 0	 0	 תָכוּף
ט כועס	 0	 0	 0	 0	 0	 0	 0	 0	 0	 0	 בתדירות גבוהה
זעיפ פנימ	 0	 0	 0	 0	 0	 0	 0	 0	 0	 0	 פרֶסקוֹ
קפוא	 0	 0	 0	 0	 0	 0	 0	 0	 0	 0	 סטודנט א'
חסכני	 0	 0	 0	 1	 0	 1	 0	 0	 0	 0	 לִדאוֹג
פרי	 1	 0	 0	 0	 0	 0	 0	 0	 0	 0	 חיכוך
פורה	 0	 0	 0	 0	 1	 0	 1	 0	 0	 1	 חבר
גשמה	 0	 0	 0	 0	 1	 0	 1	 0	 0	 1	 יְדִידוּת
חינמ	 0	 1	 0	 0	 1	 0	 1	 0	 0	 1	 יְדִידוּתִי
סכל	 0	 0	 0	 0	 1	 0	 1	 0	 0	 1	 חֲבֵרוּת
תוסכל	 0	 0	 0	 1	 0	 0	 0	 0	 0	 0	 פְרִיגָטָה
תסכול	 0	 0	 0	 1	 0	 1	 0	 0	 1	 0	 פחד
טגנ	 0	 0	 0	 1	 0	 1	 0	 1	 1	 0	 להפחיד
תק שוקולד	 0	 0	 0	 1	 0	 1	 0	 0	 1	 0	 מבוהל
דלק	 1	 0	 0	 1	 0	 1	 0	 1	 0	 0	 מַפְחִיד
נמלט	 0	 0	 0	 0	 0	 1	 0	 0	 0	 0	 קָפוּא
נקודת משענ	 0	 0	 0	 0	 0	 0	 0	 0	 0	 0	 עַיִט
לא	 0	 0	 0	 0	 0	 0	 0	 0	 0	 0	 מְצוּיָץ
גשמה	 0	 1	 0	 0	 1	 0	 1	 0	 1	 0	 עַלִיז
לא	 0	 0	 0	 0	 0	 1	 0	 0	 0	 0	 קַל דַעַת
וא	 0	 0	 0	 0	 0	 0	 0	 0	 0	 0	 שִׂמלָה
גמרי	 0	 0	 0	 0	 0	 0	 0	 0	 0	 0	 צְפַרְדֵעַ
שש	 0	 0	 0	 0	 1	 0	 1	 0	 0	 0	 לְהִשְׁתוֹבֵב
עשנ	 0	 0	 0	 0	 0	 0	 0	 0	 0	 0	 חֲזִית
עשונ	 0	 0	 0	 0	 0	 0	 0	 0	 0	 0	 חֲזִית
עבע	 0	 0	 0	 0	 0	 0	 0	 0	 0	 0	 חֲזִיתִי
יפ	 0	 0	 0	 0	 0	 0	 0	 0	 0	 0	 חזית
פונקציה	 0	 0	 0	 0	 0	 0	 0	 0	 0	 0	 חזית
פונקציונלי	 0	 0	 0	 0	 0	 0	 0	 0	 0	 0	 צִיוּר הַשַׁעַר
קרנ	 0	 0	 0	 0	 0	 0	 0	 0	 0	 0	 כְּפוֹר
סיסי	 0	 0	 0	 0	 0	 1	 0	 0	 0	 0	 כְּוִיַת קוֹר
יסודו	 0	 0	 0	 0	 0	 0	 0	 0	 0	 0	 מְזוֹגָג
ספימ	 0	 0	 0	 0	 0	 0	 0	 0	 0	 0	 צוֹנֵן
יה	 0	 0	 0	 0	 0	 1	 0	 0	 0	 0	 קֶצֶף
פטריה	 0	 0	 0	 0	 0	 0	 0	 0	 0	 0	 מוּקצָף
פחד	 0	 0	 0	 0	 0	 1	 0	 1	 0	 0	 מַבָּט כּוֹעֵס
פכ	 1	 0	 1	 0	 0	 1	 0	 1	 0	 0	 מזעיף פנים
פרווה	 0	 0	 0	 0	 0	 0	 0	 0	 0	 0	 קָפוּא
זועמ	 0	 0	 0	 0	 0	 0	 1	 0	 0	 0	 חסכני
זעמ	 0	 0	 0	 0	 0	 0	 0	 0	 0	 0	 פרי
חופשה	 0	 0	 0	 0	 0	 0	 1	 0	 0	 0	 פּוֹרֶה
תנור	 0	 0	 0	 0	 0	 0	 0	 0	 0	 0	 הַגשָׁמָה
רהט	 0	 0	 0	 0	 0	 1	 0	 1	 0	 0	 לְחִינָם
רהיטימ	 1	 0	 1	 0	 0	 1	 0	 1	 0	 0	 לְסַכֵּל
זעמ	 1	 0	 0	 0	 0	 1	 0	 0	 0	 0	 מְתוּסכָּל
תלמ	 1	 0	 0	 0	 0	 1	 0	 0	 0	 0	 תסכול
קידומ	 0	 0	 0	 0	 0	 0	 0	 0	 0	 0	 לטגן
זעמ	 0	 0	 0	 0	 0	 1	 0	 0	 0	 0	 מַמְתָק שׁוֹקוֹלָד
נתיכ	 0	 0	 0	 0	 0	 0	 0	 0	 0	 0	 דלק
יתוכ	 1	 0	 1	 1	 0	 1	 0	 1	 0	 1	 נִמלָט
מה	 0	 0	 0	 0	 0	 0	 0	 0	 0	 0	 נְקוּדַת מִשׁעָן
קפיד בקטנות	 0	 0	 0	 0	 1	 0	 1	 0	 0	 0	 לְמַלֵא
חסר תועלת	 0	 1	 0	 0	 1	 0	 1	 0	 0	 1	 הַגשָׁמָה
בל	 0	 0	 0	 0	 0	 0	 1	 0	 0	 0	 מלא
עתיד	 0	 0	 0	 0	 0	 0	 0	 0	 0	 0	 מְלוֹא
עורפל	 0	 0	 0	 0	 0	 0	 1	 0	 0	 1	 לְגַמרֵי
גבי	 0	 0	 0	 0	 0	 1	 0	 0	 0	 0	 לְמַשֵׁשׁ
דיחה	 0	 0	 0	 0	 0	 1	 0	 0	 0	 0	 עָשָׁן
מד	 0	 0	 0	 0	 0	 0	 0	 0	 0	 0	 עִשׁוּן
קה	 1	 0	 0	 0	 0	 1	 0	 0	 0	 0	 מבעבע
יג	 0	 1	 0	 0	 1	 0	 1	 0	 0	 0	 כֵּיף
ניס	 0	 0	 0	 0	 0	 0	 0	 0	 0	 0	 פוּנקצִיָה
זכיה	 0	 0	 0	 0	 0	 0	 0	 0	 0	 0	 פוּנקצִיוֹנָלִי
יכה	 0	 0	 0	 0	 0	 0	 0	 0	 0	 0	 קֶרֶן
חגיגה	 0	 0	 0	 0	 0	 0	 1	 0	 0	 1	 בסיסי
גלקסיה	 0	 0	 0	 0	 0	 0	 0	 0	 0	 0	 בִּיסוֹדוֹ
סערה	 0	 0	 0	 0	 0	 0	 0	 0	 0	 0	 כְּסָפִים
חוצפה	 0	 0	 0	 0	 0	 0	 0	 1	 0	 0	 הַלוָיָה
אבירי	 0	 0	 1	 0	 0	 1	 0	 0	 0	 0	 פִּטרִיָה
גבורה	 0	 0	 0	 0	 0	 1	 0	 1	 0	 0	 פַּחַד
גלריה	 0	 0	 0	 0	 0	 0	 0	 0	 0	 0	 מַשׁפֵּך
גהה	 0	 0	 0	 0	 0	 0	 0	 0	 0	 0	 פרווה
דהור	 1	 0	 1	 0	 0	 1	 0	 0	 0	 0	 זוֹעֵם
דהרה	 1	 0	 0	 0	 0	 0	 0	 0	 0	 0	 בזעם
גרדומ	 0	 0	 0	 0	 0	 0	 0	 0	 0	 0	 חוּפשָׁה
פע	 1	 0	 0	 0	 0	 0	 0	 0	 0	 0	 תַנוּר
גלווני	 0	 0	 0	 0	 0	 0	 0	 0	 0	 0	 לרהט
מר	 0	 0	 0	 0	 0	 0	 0	 0	 0	 0	 רְהִיטִים
מר	 1	 0	 0	 0	 0	 1	 0	 0	 0	 0	 זעם
ימורימ	 0	 0	 0	 0	 0	 0	 0	 1	 0	 0	 תֶלֶם
חק	 0	 0	 0	 0	 0	 0	 0	 0	 0	 0	 קידום
חקימ	 1	 0	 0	 1	 0	 1	 0	 1	 0	 0	 זעם
גמונ	 0	 0	 0	 0	 0	 0	 1	 0	 0	 1	 נתיך
סולמ	 0	 0	 0	 0	 0	 0	 1	 0	 0	 0	 היתוך
אוז	 1	 0	 0	 0	 0	 1	 0	 1	 0	 0	 מהומה
נופיה	 0	 0	 1	 0	 0	 1	 0	 0	 0	 0	 מַקפִּיד בִּקְטָנוֹת
לא	 0	 0	 0	 0	 0	 1	 0	 1	 0	 0	 חֲסַר תוֹעֶלֶת
פער	 0	 0	 0	 0	 0	 1	 0	 0	 0	 0	 הֶבֶל
ות	 0	 0	 0	 0	 0	 0	 0	 0	 0	 0	 עתיד
פהקת	 0	 0	 0	 0	 0	 0	 0	 0	 0	 0	 fuzz
סכ	 0	 0	 0	 0	 0	 0	 0	 0	 0	 0	 מְעוּרפָּל
וש	 0	 0	 1	 0	 0	 1	 0	 0	 0	 0	 גבי
אשפה	 0	 0	 1	 0	 0	 1	 0	 0	 0	 0	 בְּדִיחָה
סולפ	 0	 0	 0	 0	 0	 0	 0	 0	 0	 1	 מַד
גנ	 0	 0	 0	 0	 0	 0	 0	 0	 0	 0	 לַהֲקָה
גננ	 0	 1	 0	 0	 1	 0	 1	 0	 0	 0	 לְהַשִׂיג
גננות	 0	 0	 0	 0	 0	 0	 0	 0	 0	 0	 מַכנִיס
צעקני	 0	 0	 0	 0	 0	 0	 1	 0	 0	 0	 זְכִיָה
ומ	 0	 0	 0	 0	 0	 0	 0	 0	 0	 0	 הליכה
גד	 0	 0	 0	 0	 0	 0	 0	 0	 0	 0	 חֲגִיגָה
גייס	 0	 0	 0	 0	 0	 0	 0	 0	 0	 0	 גָלַקסִיָה
נופכ	 0	 0	 0	 0	 0	 0	 0	 0	 0	 0	 סְעָרָה
קשט	 1	 0	 1	 0	 0	 1	 0	 0	 0	 0	 חוּצפָּה
חיל המצב	 0	 0	 0	 0	 0	 0	 1	 0	 0	 0	 אַבִּירִי
ירית	 0	 0	 0	 0	 0	 0	 1	 0	 0	 0	 גְבוּרָה
גז	 0	 0	 0	 0	 0	 0	 0	 0	 0	 0	 גלריה
גזי	 0	 0	 0	 0	 0	 0	 0	 0	 0	 0	 הַגָהָה
חתכ עמוק	 0	 0	 0	 0	 0	 0	 0	 0	 0	 0	 לִדהוֹר
גיזוז	 0	 0	 0	 0	 0	 0	 0	 0	 0	 0	 הַדהָרָה
נזינ	 1	 0	 0	 1	 0	 1	 0	 1	 0	 0	 גַרדוֹם
תנשפ	 0	 0	 0	 0	 0	 0	 1	 0	 0	 0	 בִּשֶׁפַע
תנשפ	 0	 0	 0	 0	 0	 0	 0	 0	 0	 0	 גלווני
קבתי	 0	 0	 0	 0	 0	 1	 0	 0	 0	 0	 לְהַמֵר
גסטרונומיה	 0	 1	 0	 0	 0	 1	 0	 0	 1	 0	 מְהַמֵר
ער	 0	 1	 0	 0	 0	 1	 0	 0	 1	 0	 הימורים
ניסה	 0	 0	 0	 0	 0	 0	 0	 0	 0	 0	 מִשְׂחָק
אסופ	 0	 0	 0	 0	 0	 0	 0	 0	 0	 0	 משחקים
קט	 0	 0	 0	 0	 0	 0	 0	 0	 0	 0	 גמון
נס	 0	 0	 0	 0	 0	 0	 0	 0	 0	 0	 סוּלָם
חסר טקט	 0	 0	 0	 0	 0	 0	 0	 0	 0	 0	 אַוָז
מד	 1	 0	 0	 1	 0	 1	 0	 0	 0	 0	 כְּנוּפִיָה
דידה	 0	 0	 0	 0	 0	 1	 0	 0	 0	 0	 כֵּלֵא
חוש	 0	 0	 0	 0	 0	 1	 0	 0	 0	 0	 פער
פפת שריונ	 0	 0	 0	 0	 0	 0	 0	 0	 1	 0	 לִבהוֹת
גזה	 0	 0	 0	 0	 0	 0	 0	 0	 0	 0	 פַּהֶקֶת
פטיש	 0	 0	 0	 0	 0	 0	 0	 0	 0	 0	 מוּסָך
ות	 0	 0	 0	 0	 0	 0	 0	 0	 0	 0	 לְבוּשׁ
בט	 0	 0	 1	 0	 0	 1	 0	 0	 0	 0	 אַשׁפָּה
יתנ	 0	 0	 0	 0	 0	 0	 0	 0	 0	 0	 מְסוּלָף
צבי	 0	 0	 0	 0	 1	 0	 1	 0	 0	 0	 גן
עתונ רשמי	 0	 0	 0	 0	 0	 0	 0	 0	 0	 0	 גַנָן
עיתונ	 0	 0	 0	 0	 0	 0	 0	 0	 0	 0	 גַנָנוּת
גלגל שיניימ	 0	 0	 1	 0	 0	 1	 0	 0	 1	 0	 צַעֲקָנִי
גליד	 0	 0	 0	 0	 0	 0	 0	 0	 0	 0	 שום
גלטינ	 0	 0	 0	 0	 0	 0	 0	 0	 0	 0	 בגד
סרס	 0	 0	 0	 0	 0	 0	 0	 0	 0	 0	 לגייס
סוס מסורס	 0	 0	 0	 0	 0	 0	 1	 0	 0	 0	 נוֹפֶך
פנינה	 0	 0	 0	 0	 0	 1	 0	 0	 0	 0	 לְקַשֵׁט
זל תאומימ	 0	 0	 0	 0	 0	 0	 1	 0	 0	 1	 חֵיל הַמַצָב
ינ	 0	 0	 0	 0	 0	 0	 0	 0	 0	 0	 בִּירִית
גנאלוגיה	 0	 0	 0	 0	 0	 0	 0	 0	 0	 0	 גַז
לי	 0	 0	 0	 0	 0	 0	 0	 0	 0	 0	 גזי
יות	 0	 0	 0	 1	 0	 1	 0	 0	 0	 0	 חֲתָך עָמוֹק
לה	 0	 0	 0	 0	 0	 0	 0	 0	 0	 0	 גיזוז
דרכ כלל	 0	 0	 0	 0	 0	 0	 0	 0	 0	 0	 בֶּנזִין
יצור	 0	 0	 0	 0	 0	 0	 0	 0	 1	 0	 לְהִתְנַשֵׁף
דור	 0	 0	 0	 1	 0	 1	 0	 0	 0	 0	 מתנשף
יד	 0	 0	 0	 0	 0	 0	 0	 0	 0	 0	 קֵבָתִי
גנרטור	 0	 0	 0	 0	 0	 0	 0	 0	 0	 0	 גַסטרוֹנוֹמִיָה
גנרית	 0	 0	 0	 0	 0	 0	 0	 0	 0	 1	 שַׁעַר
נדיבות	 0	 0	 0	 0	 0	 0	 0	 0	 0	 1	 כְּנִיסָה
נדיב	 0	 0	 0	 0	 0	 0	 0	 0	 0	 0	 לאסוף
ראשית	 0	 0	 0	 0	 0	 0	 0	 0	 0	 0	 מלקט
גנטי	 0	 0	 0	 0	 0	 0	 0	 0	 0	 0	 כֶּנֶס
גנטיקה	 0	 0	 0	 0	 0	 1	 0	 0	 0	 0	 חֲסַר טַקט
חביב	 0	 0	 0	 0	 0	 0	 0	 0	 0	 0	 מַד
 איברי המינ	 0	 0	 0	 0	 0	 0	 0	 0	 0	 1	 מדידה
גאונ	 0	 0	 0	 0	 0	 1	 0	 0	 0	 0	 כָּחוּשׁ
זאנר	 0	 0	 0	 0	 0	 0	 0	 0	 0	 0	 כְּפָפַת שִׁריוֹן
גנטלמנ	 0	 0	 0	 0	 0	 0	 0	 0	 0	 0	 גָזָה
עדינה	 0	 0	 0	 0	 0	 0	 0	 0	 0	 0	 פטיש
גנטלמנ	 0	 0	 0	 0	 0	 0	 0	 0	 1	 0	 לִבהוֹת
עדינות	 0	 0	 0	 0	 0	 0	 0	 0	 0	 0	 מַבָּט
יוחסימ	 0	 0	 0	 0	 0	 0	 0	 0	 0	 0	 ביתן
אמיתי	 0	 0	 0	 0	 0	 0	 0	 0	 0	 0	 צְבִי
סוג	 0	 0	 0	 0	 0	 0	 1	 0	 0	 1	 עִתוֹן רֵשׁמִי
גאוגרפיה	 0	 0	 0	 0	 0	 0	 0	 0	 0	 0	 עיתון
גאולוגיה	 0	 0	 0	 0	 0	 0	 1	 0	 0	 0	 גלגל שיניים
גאומטריה	 0	 0	 0	 0	 0	 0	 0	 0	 0	 0	 לְהַגלִיד
גרניומ	 0	 0	 1	 0	 0	 0	 0	 0	 0	 0	 ג'לטין
גריאטרי	 0	 0	 0	 0	 0	 0	 0	 0	 0	 0	 לְסַרֵס
נבט	 0	 0	 0	 0	 0	 0	 0	 0	 0	 0	 סוּס מְסוּרָס
גרמנית	 0	 0	 0	 0	 1	 0	 1	 0	 0	 0	 פְּנִינָה
יכ	 0	 0	 0	 0	 0	 0	 0	 0	 0	 0	 מַזַל תְאוּמִים
נבוט	 0	 0	 0	 0	 0	 0	 0	 0	 0	 0	 מִין
נביטה	 0	 0	 0	 0	 0	 0	 0	 0	 0	 0	 גֵנֵאָלוֹגיָה
ריונ	 0	 0	 0	 0	 0	 0	 1	 0	 0	 1	 כללי
חווה	 0	 0	 0	 0	 0	 0	 0	 0	 0	 0	 כְּלָלִיוּת
נורא	 0	 0	 0	 0	 0	 0	 0	 0	 0	 0	 הַכלָלָה
גטו	 0	 0	 0	 0	 0	 0	 0	 0	 0	 0	 בדרך כלל
רוח	 0	 0	 0	 0	 0	 0	 0	 0	 0	 0	 לִיצוֹר
 רוח רפאימ	 0	 0	 0	 0	 0	 0	 0	 0	 0	 0	 דוֹר
ענק	 0	 0	 0	 0	 0	 0	 0	 0	 0	 0	 מוֹלִיד
גיבריש	 0	 0	 0	 0	 0	 0	 0	 0	 0	 0	 גֵנֵרָטוֹר
תנה	 0	 0	 0	 0	 0	 0	 0	 0	 0	 0	 גנרית
שר	 0	 1	 0	 0	 1	 0	 1	 0	 1	 1	 נדיבות
חלטורה	 0	 0	 0	 0	 1	 0	 1	 0	 0	 1	 נָדִיב
ענקי	 0	 0	 0	 0	 0	 0	 0	 0	 0	 0	 בראשית
צחקוק	 0	 0	 0	 0	 0	 0	 0	 0	 0	 0	 גֵנֵטִי
זימ	 0	 0	 0	 0	 0	 0	 0	 0	 0	 0	 גנטיקה
זימימ	 0	 0	 0	 0	 1	 0	 1	 0	 0	 0	 חָבִיב
זהב	 0	 0	 0	 0	 0	 0	 0	 0	 0	 0	 שֶׁל אֵיבְרֵי הַמִין
גינ	 0	 0	 0	 0	 0	 0	 1	 0	 0	 0	 גָאוֹן
גינגר	 0	 0	 0	 0	 0	 0	 0	 0	 0	 0	 ז'ָאנר
עוגיות זנגביל	 1	 0	 1	 1	 0	 1	 0	 0	 0	 0	 ג'ֶנטֶלמֶן
זהירות	 0	 0	 0	 0	 0	 0	 1	 0	 0	 0	 עדינה
גירפה	 0	 0	 0	 0	 0	 0	 1	 0	 0	 1	 ג'ֶנטֶלמֶן
קורה	 0	 0	 0	 0	 0	 0	 1	 0	 0	 0	 עֲדִינוּת
חגורת בטנ	 0	 0	 0	 0	 0	 0	 1	 0	 0	 1	 מְיוּחָסִים
חגורה	 0	 0	 0	 0	 0	 0	 1	 0	 0	 1	 אמיתי
תמצית	 0	 0	 0	 0	 0	 0	 0	 0	 0	 0	 סוּג
תנ	 0	 0	 0	 0	 0	 0	 0	 0	 0	 0	 גֵאוֹגרַפיָה
זוהר	 0	 0	 0	 0	 0	 0	 0	 0	 0	 0	 גֵאוֹלוֹגִיָה
קרחוני	 0	 0	 0	 0	 0	 0	 0	 0	 0	 0	 גֵאוֹמֶטרִיָה
קרחונ	 0	 0	 0	 0	 0	 0	 1	 0	 0	 0	 גרניום
מח	 0	 0	 0	 0	 0	 1	 0	 1	 0	 0	 גֵרִיאַטרִי
קרחת יער	 0	 1	 1	 0	 0	 0	 0	 0	 0	 0	 נֶבֶט
גלדיאטור	 0	 0	 0	 0	 0	 0	 0	 0	 0	 0	 גֶרמָנִיָת
חה	 0	 0	 0	 0	 0	 0	 0	 0	 0	 0	 שַׁיָך
בט	 0	 0	 0	 0	 0	 0	 0	 0	 0	 0	 לִנְבּוּט
ט נוקב	 0	 1	 0	 0	 0	 0	 0	 0	 0	 0	 נִבִיטָה
ט ביותר	 0	 0	 0	 0	 0	 0	 0	 0	 0	 0	 הֵרָיוֹן
זכוכית	 0	 0	 0	 0	 0	 0	 0	 0	 0	 0	 מחווה
קפיימ	 0	 0	 1	 1	 0	 1	 0	 0	 0	 0	 נוֹרָא
י זכוכית	 0	 0	 1	 1	 0	 1	 0	 1	 0	 0	 גֶטוֹ
קוניה	 0	 0	 0	 1	 0	 0	 0	 0	 0	 0	 רוּחַ
נצנוצ	 0	 0	 0	 1	 0	 1	 0	 0	 0	 0	 כְּמוֹ רוּחַ רְפָאִים
קט	 0	 0	 0	 1	 0	 0	 0	 0	 0	 0	 עֲנָק
חה	 1	 0	 0	 0	 0	 1	 0	 0	 0	 0	 ג'יבריש
גיא	 0	 1	 0	 0	 1	 0	 1	 0	 1	 0	 מתנה
גליב	 0	 0	 0	 0	 0	 0	 1	 0	 0	 0	 מוּכשָׁר
דאות	 0	 0	 0	 0	 0	 0	 0	 0	 0	 0	 חלטורה
נצנוצ	 0	 0	 0	 0	 0	 0	 1	 0	 0	 0	 עֲנָקִי
צצה	 0	 0	 0	 0	 1	 0	 1	 0	 0	 0	 צִחקוּק
נצנוצ	 0	 0	 0	 0	 0	 0	 0	 0	 0	 0	 זים
נצנוצ	 0	 0	 0	 0	 0	 0	 0	 0	 0	 0	 זימים
רקה	 0	 0	 0	 0	 0	 0	 0	 0	 0	 0	 מוּזהָב
גלובוס	 0	 0	 0	 0	 0	 0	 0	 0	 0	 0	 gimp
דורי	 0	 0	 0	 0	 0	 0	 0	 0	 0	 0	 ג'ין
קדרות	 0	 0	 0	 0	 0	 0	 0	 0	 0	 0	 ג'ינג'ר
קודר	 0	 0	 0	 0	 0	 0	 0	 0	 0	 0	 עוּגיִוֹת זַנגבִיל
אמרה	 0	 0	 0	 0	 0	 0	 0	 0	 0	 0	 בִּזְהִירוּת
פאר	 0	 0	 0	 0	 0	 0	 0	 0	 0	 0	 ג'ִירָפָה
תפארת	 0	 0	 0	 0	 0	 0	 1	 0	 0	 1	 קוֹרָה
רק	 0	 0	 0	 0	 0	 0	 0	 0	 0	 0	 חגורת בטן
ילונ מונחימ	 0	 0	 0	 0	 0	 0	 0	 0	 0	 0	 חֲגוֹרָה
ריק	 0	 0	 0	 0	 0	 0	 0	 0	 0	 0	 תַמצִית
פפה	 0	 0	 0	 0	 0	 0	 1	 0	 0	 0	 מַתָן
הט	 0	 0	 0	 0	 0	 0	 0	 0	 0	 0	 זוהר
זוהר	 0	 0	 0	 0	 0	 1	 0	 0	 0	 0	 קַרחוֹנִי
גלוקוז	 0	 0	 0	 0	 0	 0	 0	 0	 0	 0	 קַרחוֹן
דבק	 0	 1	 0	 0	 1	 0	 1	 0	 0	 0	 שַׂמֵחַ
דוכדכ	 0	 0	 0	 0	 0	 0	 0	 0	 0	 0	 קָרְחַת יַעַר
פע	 0	 0	 0	 1	 0	 0	 0	 0	 0	 0	 גלָדִיאָטוֹר
גלוטנ	 0	 0	 0	 0	 1	 0	 1	 0	 0	 0	 שִׂמְחָה
גרגרנות	 0	 0	 0	 0	 0	 0	 0	 0	 0	 0	 מַבָּט
גליצרינ	 1	 0	 0	 1	 0	 1	 0	 0	 0	 0	 מַבָּט נוֹקֵב
יתוש	 1	 0	 0	 0	 0	 1	 0	 0	 0	 0	 בּוֹלֵט בְּיוֹתֵר
גמד	 0	 0	 0	 0	 0	 0	 0	 0	 0	 0	 זכוכית
עז	 0	 0	 0	 0	 0	 0	 0	 0	 0	 0	 משקפיים
זקנ התיש	 0	 0	 0	 0	 0	 0	 0	 0	 0	 0	 כְּלֵי זְכוּכִית
גוב	 0	 0	 0	 0	 0	 0	 0	 0	 0	 0	 קוֹנִיָה
זלול	 0	 0	 0	 0	 0	 0	 0	 0	 0	 0	 נִצנוּץ
גביע	 0	 0	 0	 0	 0	 0	 0	 0	 0	 0	 לְלַקֵט
דונ	 0	 0	 0	 0	 1	 0	 1	 0	 0	 0	 שִׂמְחָה
אלוהימ	 0	 0	 0	 0	 0	 0	 0	 0	 0	 0	 גַיא
אלה	 0	 0	 0	 0	 0	 1	 0	 0	 0	 0	 גליב
סנדק	 0	 1	 0	 0	 1	 0	 1	 0	 0	 0	 לִדאוֹת
פר	 0	 1	 0	 0	 1	 0	 1	 0	 1	 0	 נִצנוּץ
אדוק	 0	 0	 0	 0	 0	 0	 0	 0	 0	 0	 הֲצָצָה
תנת שמימ	 0	 0	 0	 0	 0	 0	 0	 0	 0	 0	 נִצנוּץ
קפיימ	 0	 0	 1	 0	 1	 0	 0	 0	 0	 0	 נִצנוּץ
קפיימ	 0	 0	 0	 0	 0	 0	 1	 0	 0	 0	 הַברָקָה
זהב	 0	 0	 0	 0	 0	 0	 0	 0	 0	 0	 גלוֹבּוּס
זהוב	 0	 0	 0	 0	 0	 0	 0	 0	 0	 0	 כַּדוּרִי
גולפ	 0	 0	 0	 0	 0	 1	 0	 1	 0	 0	 קַדרוּת
גונדולה	 0	 0	 0	 0	 0	 1	 0	 1	 0	 0	 קודר
גונג	 0	 0	 0	 0	 1	 0	 1	 0	 0	 0	 הַאֲמָרָה
זיבה	 0	 1	 0	 0	 1	 0	 1	 0	 1	 1	 לְפַאֵר
גו	 0	 1	 0	 0	 1	 0	 1	 0	 0	 1	 תִפאֶרֶת
טוב	 0	 0	 0	 0	 0	 0	 1	 0	 0	 0	 בָּרָק
יה שלומ	 0	 0	 0	 0	 0	 0	 0	 0	 0	 0	 מילון מונחים
נכר	 0	 0	 0	 0	 0	 0	 0	 0	 0	 0	 מבריק
טוב לב	 0	 0	 0	 0	 0	 0	 0	 0	 0	 0	 כְּפָפָה
סחורות	 0	 1	 0	 0	 1	 0	 1	 0	 0	 1	 לַהַט
רצונ טוב	 0	 0	 0	 0	 0	 0	 1	 0	 0	 0	 זוהר
סוכריה	 0	 0	 0	 0	 0	 0	 0	 0	 0	 0	 גלוקוז
דביק	 0	 0	 0	 0	 0	 0	 0	 0	 0	 0	 דֶבֶק
אווז	 0	 0	 0	 0	 0	 1	 0	 1	 0	 0	 מְדוּכדָך
סנאי הערבה	 0	 0	 1	 0	 0	 1	 0	 0	 0	 0	 שֶׁפַע
נגוח	 0	 0	 0	 0	 0	 0	 0	 0	 0	 0	 גלוטן
ערוצ	 0	 0	 1	 0	 0	 1	 0	 0	 0	 0	 גַרגְרָנוּת
אוד יפה	 0	 0	 0	 0	 0	 0	 0	 0	 0	 0	 גליצרין
גורילה	 0	 0	 0	 0	 0	 0	 0	 0	 0	 0	 יַתוּשׁ
סה בדמ	 1	 0	 1	 1	 0	 1	 0	 0	 0	 0	 גַמָד
רה	 0	 0	 0	 0	 0	 0	 0	 0	 0	 0	 עֵז
רכילות	 0	 0	 0	 0	 0	 0	 0	 0	 0	 0	 זָקָן הָתַיִשׁ
נקר	 0	 0	 1	 0	 0	 0	 0	 0	 0	 0	 גוב
גורמה	 0	 0	 0	 0	 0	 0	 0	 0	 0	 0	 לִזלוֹל
גדונ	 0	 0	 0	 0	 0	 0	 0	 0	 0	 0	 גָבִיעַ
ול	 0	 0	 1	 1	 0	 1	 0	 0	 0	 0	 שֵׁדוֹן
אומנת	 0	 1	 0	 1	 1	 0	 1	 0	 0	 1	 אלוהים
טונ	 0	 0	 0	 0	 0	 0	 0	 0	 0	 0	 אֵלָה
לה	 0	 0	 0	 0	 0	 0	 0	 0	 0	 0	 סַנדָק
של	 1	 0	 0	 0	 0	 1	 0	 0	 0	 0	 כּוֹפֵר
לה	 0	 0	 0	 0	 1	 0	 1	 0	 0	 1	 אָדוּק
תפוס	 0	 0	 0	 0	 1	 0	 1	 0	 1	 0	 מתנת שמים
חנ	 0	 0	 0	 0	 0	 0	 0	 0	 0	 0	 משקפיים
עודנ	 0	 0	 0	 0	 0	 0	 0	 0	 0	 0	 משקפיים
אדיב	 0	 0	 0	 0	 0	 0	 1	 0	 0	 0	 זהב
אדיבות	 0	 0	 0	 0	 0	 0	 0	 0	 0	 0	 זָהוּב
דרגתיות	 0	 0	 0	 0	 0	 0	 0	 0	 0	 0	 גוֹלף
יתה	 0	 0	 0	 0	 0	 0	 0	 0	 0	 0	 גונדולה
יתה	 0	 0	 0	 0	 0	 0	 0	 0	 0	 0	 גוֹנג
דרונ	 1	 0	 1	 1	 0	 1	 0	 1	 0	 0	 זִיבָה
דרגתי	 0	 0	 1	 0	 0	 1	 0	 0	 0	 0	 גו
אופנ הדרגתי	 0	 1	 0	 0	 1	 0	 1	 0	 1	 1	 טוֹב
סיומ לימודימ	 0	 0	 0	 0	 0	 0	 0	 0	 0	 0	 הֱיה שלום
תבואה	 0	 0	 0	 0	 0	 0	 1	 0	 0	 0	 נִכָּר
גרמ	 0	 1	 0	 0	 1	 0	 1	 0	 1	 1	 טוּב לֵב
דקדוק	 0	 0	 0	 0	 0	 0	 1	 0	 0	 0	 סְחוֹרוֹת
גדול	 0	 0	 0	 0	 0	 0	 1	 0	 0	 0	 רצון טוב
נכדימ	 0	 0	 0	 0	 0	 0	 0	 0	 0	 0	 סוּכָּרִיָה
פאר	 0	 0	 0	 0	 0	 0	 0	 0	 0	 0	 דָבִיק
סבא	 0	 0	 0	 0	 0	 0	 0	 0	 0	 0	 אווז
פואר	 0	 0	 0	 0	 0	 0	 0	 0	 0	 0	 סְנָאִי הָעַרָבָה
סבתא	 1	 0	 1	 1	 0	 1	 0	 1	 0	 0	 לִנְגוֹחַ
גראנג	 0	 0	 1	 0	 0	 1	 0	 0	 0	 0	 עָרוּץ
גרניט	 0	 0	 0	 0	 1	 0	 1	 0	 0	 0	 מאוד יפה
ענק	 0	 0	 0	 0	 0	 1	 0	 0	 0	 0	 גוֹרִילָה
ענק	 1	 0	 1	 1	 0	 1	 0	 1	 0	 0	 מְכוּסֶה בָּדָם
קבל מענק	 0	 0	 0	 0	 0	 0	 1	 0	 0	 1	 בְּשׂוֹרָה
עניק	 0	 0	 0	 0	 0	 1	 0	 0	 0	 0	 רְכִילוּת
גרגירי	 0	 0	 0	 0	 0	 1	 0	 0	 0	 0	 לְנַקֵר
גרגיר	 0	 0	 0	 0	 0	 0	 0	 0	 0	 0	 גורמה
ענבימ	 0	 0	 0	 0	 0	 1	 0	 0	 0	 0	 שִׁגָדוֹן
גרפיקה	 0	 0	 0	 0	 0	 0	 1	 0	 0	 1	 לִמשְׁוֹל
תחבט	 0	 0	 0	 0	 0	 0	 0	 0	 0	 1	 אוֹמֶנֶת
תפוס	 0	 0	 0	 0	 0	 0	 0	 0	 0	 0	 שלטון
תופס	 0	 0	 0	 1	 0	 1	 0	 0	 0	 0	 מֶמְשָׁלָה
דשא	 0	 0	 0	 0	 0	 0	 0	 0	 0	 1	 מוֹשֵׁל
חגב	 0	 0	 0	 0	 0	 0	 0	 0	 0	 0	 שִׂמלָה
דשא	 1	 0	 0	 0	 0	 1	 0	 0	 0	 0	 לִתְפּוֹס
גרר	 0	 0	 0	 0	 0	 0	 1	 0	 0	 0	 חן
גורד	 0	 0	 0	 0	 0	 0	 1	 0	 0	 0	 מְעוּדָן
אסיר תודה	 0	 0	 0	 0	 0	 0	 1	 0	 0	 0	 אָדִיב
ספק	 0	 0	 0	 0	 0	 0	 1	 0	 0	 0	 באדיבות
סריג	 0	 0	 0	 0	 0	 0	 0	 0	 0	 0	 הַדרָגָתִיוּת
חנמ	 0	 0	 0	 0	 0	 0	 0	 0	 0	 0	 כיתה
רת תודה	 0	 0	 0	 0	 0	 0	 0	 0	 0	 0	 כיתה
יותר	 0	 0	 0	 0	 0	 0	 0	 0	 0	 0	 מִדרוֹן
ענק	 0	 1	 0	 0	 0	 0	 0	 0	 0	 0	 הַדרָגָתִי
קבר	 0	 0	 0	 0	 0	 0	 0	 0	 0	 0	 באופן הדרגתי
חצצ	 0	 1	 0	 1	 1	 0	 1	 0	 1	 1	 סיום לימודים
חמור יותר	 0	 0	 0	 0	 0	 0	 0	 0	 0	 0	 תְבוּאָה
יכה	 0	 0	 0	 0	 0	 0	 0	 0	 0	 0	 גְרַם
ח הכובד	 0	 0	 0	 0	 0	 0	 0	 0	 0	 1	 דקדוק
ח משיכה	 0	 0	 0	 0	 0	 0	 0	 0	 0	 0	 גָדוֹל
רוטב	 0	 1	 0	 0	 1	 0	 1	 0	 0	 1	 נכדים
אפור	 0	 0	 0	 0	 0	 0	 1	 0	 0	 0	 פְּאֵר
רעות	 0	 0	 0	 0	 0	 0	 0	 0	 0	 1	 סָבָּא
גריז	 0	 0	 0	 0	 0	 0	 0	 0	 0	 0	 מְפוֹאָר
נוני	 0	 0	 0	 0	 0	 0	 1	 0	 0	 0	 סַבתָא
גדול יותר	 0	 0	 0	 0	 0	 0	 0	 0	 0	 0	 גראנג'
גדול ביותר	 0	 0	 0	 0	 0	 0	 0	 0	 0	 0	 גרָנִיט
אוד	 0	 1	 0	 0	 1	 0	 1	 0	 0	 1	 מענק
גדולה	 0	 0	 0	 0	 0	 0	 1	 0	 0	 0	 מוענק
חמדנות	 0	 0	 0	 0	 0	 0	 0	 0	 0	 0	 מקבל מענק
רודפ בצע	 0	 0	 0	 0	 0	 0	 0	 0	 0	 0	 מעניק
ירוק	 0	 0	 0	 0	 0	 0	 0	 0	 0	 0	 גַרגִירִי
חממה	 0	 0	 0	 0	 0	 0	 0	 0	 0	 0	 גַרגִיר
ירקרק	 0	 0	 0	 0	 0	 0	 0	 0	 0	 0	 ענבים
עצ ירוק	 0	 0	 0	 0	 0	 0	 0	 0	 0	 0	 גרָפִיקָה
רכ	 0	 0	 0	 0	 0	 0	 0	 0	 0	 0	 לְהִתְחַבֵּט
רכה	 0	 0	 0	 0	 0	 0	 0	 0	 0	 0	 לִתְפּוֹס
חברותי	 0	 1	 0	 0	 0	 1	 0	 0	 0	 0	 תופס
רימונ	 0	 0	 0	 0	 0	 0	 0	 0	 0	 0	 דֶשֶׁא
אפור	 0	 0	 0	 0	 0	 0	 0	 0	 0	 0	 חָגָב
גרייהאונד	 0	 0	 0	 0	 0	 0	 0	 0	 0	 0	 דשא
אסכלה	 0	 0	 0	 0	 0	 1	 0	 0	 0	 0	 לְגַרֵר
צער	 1	 0	 0	 0	 0	 1	 0	 0	 0	 0	 מְגוּרָד
תלונה	 0	 0	 0	 0	 0	 0	 1	 0	 0	 0	 אסיר תודה
תאבל	 0	 0	 0	 0	 1	 0	 1	 0	 1	 0	 לספק
חמור	 1	 0	 1	 0	 0	 1	 0	 0	 0	 0	 סָרִיג
גריפינ	 0	 0	 0	 0	 0	 0	 0	 0	 0	 0	 חִנָם
גריל	 0	 0	 0	 0	 1	 0	 1	 0	 0	 0	 הכרת תודה
סורג	 0	 0	 1	 0	 0	 0	 0	 0	 0	 0	 מְיוּתָר
זועפ	 0	 0	 0	 0	 0	 0	 0	 0	 0	 0	 מַעֲנָק
זהמ	 0	 0	 0	 1	 0	 1	 0	 1	 0	 0	 קבר
לכ	 0	 0	 0	 0	 0	 0	 0	 0	 0	 0	 חָצָץ
גחכ	 0	 0	 0	 0	 0	 0	 0	 0	 0	 0	 חמור יותר
טחונ	 0	 1	 0	 0	 0	 0	 0	 0	 0	 0	 משיכה
תעה	 0	 0	 0	 0	 0	 0	 0	 0	 0	 0	 כּוֹחַ הַכּוֹבֶד
חיקה	 0	 0	 0	 0	 0	 0	 0	 0	 0	 0	 כוח משיכה
אחיזה	 0	 0	 0	 0	 0	 0	 0	 0	 0	 0	 רוֹטֶב
חריד	 0	 0	 1	 0	 0	 0	 0	 1	 0	 0	 אפור
גריסט	 0	 0	 0	 0	 0	 0	 0	 0	 0	 0	 לִרְעוֹת
חצצ	 0	 0	 0	 0	 0	 0	 0	 0	 0	 0	 גריז
גרגירי	 0	 0	 1	 0	 0	 0	 0	 0	 0	 0	 שמנוני
גריזלי	 0	 0	 0	 0	 0	 0	 1	 0	 0	 0	 גדול יותר
אנקה	 0	 0	 0	 0	 0	 0	 0	 0	 0	 0	 הגדול ביותר
על מכולת	 0	 0	 0	 0	 0	 0	 0	 0	 0	 0	 מְאוֹד
צרכימ	 0	 0	 0	 0	 1	 0	 1	 0	 1	 1	 גְדוּלָה
לת	 1	 0	 1	 0	 0	 1	 0	 0	 0	 0	 חמדנות
טומטמ	 0	 0	 1	 0	 0	 1	 0	 0	 0	 0	 רודף בצע
פשעה	 0	 0	 0	 0	 1	 0	 1	 0	 0	 1	 ירוק
חתנ	 0	 0	 0	 0	 0	 0	 0	 0	 0	 0	 חֲמָמָה
חריצ	 0	 0	 0	 0	 0	 0	 0	 0	 0	 0	 יְרַקרַק
גשש	 0	 0	 0	 0	 0	 0	 0	 0	 0	 0	 עץ ירוק
דוחה	 0	 0	 0	 0	 0	 0	 0	 0	 0	 0	 לברך
גרוטסקי	 0	 0	 0	 0	 0	 0	 1	 0	 1	 0	 בְּרָכָה
ערה	 0	 0	 0	 0	 0	 0	 1	 0	 0	 0	 חַברוּתִי
קרקע אדמה	 0	 0	 0	 1	 0	 1	 0	 0	 0	 0	 רימון
קורקע	 0	 0	 0	 0	 0	 0	 0	 0	 0	 0	 אפור
חסר בסיס	 0	 0	 0	 0	 0	 0	 0	 0	 0	 0	 גרייהאונד
עילה	 0	 0	 0	 0	 0	 0	 0	 0	 0	 0	 אַסכָּלָה
עבודת הכנה	 0	 0	 0	 0	 0	 1	 0	 1	 0	 0	 צַעַר
קבוצה	 1	 0	 1	 0	 0	 1	 0	 1	 0	 0	 תְלוּנָה
קבצה	 0	 0	 0	 1	 0	 1	 0	 1	 0	 0	 לְהִתְאַבֵּל
רטונ	 1	 0	 0	 1	 0	 1	 0	 1	 0	 0	 חָמוּר
דיס	 0	 0	 0	 0	 0	 0	 0	 0	 0	 0	 גריפין
חורשה	 0	 0	 0	 0	 0	 0	 0	 0	 0	 0	 גְרִיל
גדול	 0	 0	 0	 0	 0	 0	 0	 0	 0	 0	 סוֹרָג
נהומ	 1	 1	 1	 1	 0	 1	 0	 1	 0	 0	 זוֹעֵף
נהמ	 0	 0	 1	 0	 0	 1	 0	 0	 0	 0	 לְזַהֵם
צמיחה	 0	 0	 1	 0	 0	 1	 0	 0	 0	 0	 מְלוּכלָך
חטט	 0	 1	 0	 0	 1	 0	 1	 0	 1	 1	 לְגַחֵך
טינה	 0	 0	 0	 0	 0	 0	 0	 0	 0	 0	 לִטחוֹן
י רצונ	 0	 0	 0	 0	 0	 0	 0	 0	 0	 0	 מַלתָעָה
עית	 0	 0	 0	 0	 0	 1	 0	 0	 0	 0	 שְׁחִיקָה
צרוד	 0	 0	 0	 0	 0	 0	 0	 0	 0	 0	 אחיזה
רטונ	 0	 0	 1	 1	 0	 1	 0	 0	 0	 0	 מַחרִיד
רמר	 0	 0	 0	 0	 0	 0	 1	 0	 0	 0	 גריסט
נחור	 0	 0	 0	 0	 0	 0	 1	 0	 0	 1	 חצץ
טיח	 0	 0	 0	 0	 0	 0	 0	 0	 0	 0	 גַרגִירִי
ערבות	 0	 0	 0	 1	 0	 1	 0	 0	 0	 0	 גריזלי
מר	 0	 0	 1	 0	 0	 1	 0	 1	 0	 0	 אֲנָקָה
ור	 0	 0	 0	 0	 0	 0	 0	 0	 0	 0	 בַּעַל מַכּוֹלֶת
אפוטרופוס	 0	 0	 0	 0	 0	 0	 0	 0	 0	 0	 מצרכים
פטרונות	 0	 0	 0	 0	 0	 0	 0	 0	 0	 0	 מַכּוֹלֶת
רימ	 0	 0	 0	 0	 0	 0	 0	 0	 0	 0	 מטומטם
של	 0	 0	 0	 0	 0	 0	 0	 0	 0	 0	 מִפשָׂעָה
גרילה	 0	 0	 0	 0	 0	 0	 0	 0	 0	 0	 חָתָן
נחש	 0	 0	 0	 0	 0	 0	 0	 0	 0	 0	 חָרִיץ
ניחושימ	 1	 0	 1	 1	 0	 1	 0	 0	 0	 0	 לְגַשֵׁשׁ
אורח	 0	 0	 1	 0	 0	 1	 0	 0	 0	 0	 דוחה
דרכה	 0	 0	 1	 0	 0	 1	 0	 0	 0	 0	 גרוֹטֶסקִי
נחות	 0	 0	 0	 0	 0	 0	 0	 0	 0	 0	 מְעָרָה
דריכ	 0	 0	 0	 0	 0	 0	 0	 0	 0	 1	 קרקע, אדמה
גילדה	 0	 0	 0	 1	 0	 1	 0	 1	 0	 0	 מקורקע
ערמה	 0	 0	 0	 0	 0	 1	 0	 0	 0	 0	 חסר בסיס
ערפת	 0	 0	 0	 0	 0	 0	 0	 0	 0	 0	 עילה
אשמה	 0	 0	 0	 0	 0	 0	 1	 0	 0	 0	 עֲבוֹדַת הַכָנָה
אשמ	 0	 0	 0	 0	 0	 0	 0	 0	 0	 0	 קְבוּצָה
גינאה	 0	 0	 0	 0	 0	 0	 0	 0	 0	 0	 הַקבָּצָה
דמות	 0	 0	 0	 0	 0	 0	 0	 0	 0	 0	 לִרְטוֹן
גיטרה	 0	 0	 0	 0	 0	 0	 0	 0	 0	 0	 לְדַיֵס
פרצ	 0	 0	 0	 0	 0	 0	 0	 0	 0	 0	 חוּרשָׁה
חפ	 0	 1	 0	 0	 1	 0	 1	 0	 0	 1	 לגדול
פתי	 1	 0	 0	 1	 0	 1	 0	 0	 0	 0	 לִנְהוֹם
ערוצ	 1	 0	 1	 1	 0	 1	 0	 0	 0	 0	 נַהַם
וע	 0	 0	 0	 0	 0	 0	 1	 0	 0	 0	 צְמִיחָה
גומי לעיסה	 0	 0	 0	 0	 0	 0	 0	 0	 0	 0	 לְחַטֵט
דביק	 1	 0	 0	 0	 0	 1	 0	 0	 0	 0	 טִינָה
אקדח	 0	 0	 0	 0	 0	 1	 0	 0	 0	 0	 בְּלִי רָצוֹן
תותחנ	 0	 0	 1	 0	 0	 1	 0	 0	 0	 0	 מַבעִית
אבקת שריפה	 1	 0	 1	 0	 0	 1	 0	 0	 0	 0	 צָרוּד
גורו	 1	 0	 1	 0	 0	 1	 0	 0	 0	 0	 לִרְטוֹן
פרצ	 1	 0	 1	 0	 0	 1	 0	 1	 0	 0	 מְמוּרמָר
קע	 0	 0	 0	 0	 0	 0	 0	 0	 0	 0	 לִנְחוֹר
שב	 0	 0	 0	 0	 0	 0	 1	 0	 0	 1	 להבטיח
סוער	 0	 0	 0	 0	 0	 0	 0	 0	 0	 0	 עֲרֵבוּת
עי	 0	 0	 0	 1	 0	 0	 1	 0	 0	 1	 שומר
אומצ	 0	 0	 0	 0	 0	 0	 0	 0	 0	 1	 שָׁמוּר
רזב	 0	 0	 0	 0	 0	 0	 1	 0	 0	 1	 אַפּוֹטרוֹפּוֹס
חור	 0	 0	 0	 0	 0	 0	 1	 0	 0	 1	 פַּטרוֹנוּת
זולל	 0	 0	 0	 0	 0	 0	 0	 0	 0	 0	 שומרים
גימנסיה	 0	 0	 0	 0	 0	 0	 1	 0	 0	 1	 מושל
תעמל	 0	 0	 0	 1	 0	 1	 0	 0	 0	 0	 גרילה
תעמלות	 0	 0	 0	 0	 0	 0	 0	 0	 1	 0	 לְנַחֵשׁ
תעמלות	 0	 0	 0	 0	 0	 0	 0	 0	 0	 0	 ניחושים
גינקולוגיה	 0	 0	 0	 0	 0	 0	 0	 0	 0	 0	 אוֹרֵחַ
צועני	 0	 0	 0	 0	 0	 0	 1	 0	 0	 1	 הַדְרָכָה
גירוסקופ	 0	 0	 0	 0	 0	 0	 1	 0	 0	 1	 להנחות
רגל	 0	 0	 0	 0	 0	 0	 1	 0	 0	 1	 מַדרִיך
ית גידול	 0	 0	 0	 0	 0	 0	 0	 0	 0	 0	 גִילדָה
גורימ	 0	 0	 0	 0	 0	 1	 0	 0	 0	 0	 עָרמָה
רגיל	 1	 1	 1	 1	 0	 1	 0	 1	 0	 0	 מַעֲרֶפֶת
רגיל	 0	 0	 1	 0	 0	 1	 0	 1	 0	 0	 אַשׁמָה
פה	 1	 0	 0	 0	 0	 1	 0	 1	 0	 0	 אָשֵׁם
חוש	 0	 0	 0	 0	 0	 0	 0	 0	 0	 0	 גינאה
תמקח	 0	 0	 0	 0	 0	 1	 0	 0	 0	 0	 דְמוּת
רד	 0	 0	 0	 0	 0	 0	 0	 0	 0	 0	 גִיטָרָה
יער	 0	 0	 0	 0	 0	 0	 0	 0	 0	 0	 gules
עיר	 0	 0	 0	 0	 0	 0	 0	 0	 0	 0	 מפרץ
ריא	 0	 0	 0	 0	 0	 1	 0	 0	 0	 0	 שַׁחַף
חצי	 0	 0	 0	 0	 0	 1	 0	 1	 0	 1	 פֶּתִי
חצי הדרכ	 0	 0	 0	 0	 0	 0	 0	 0	 0	 0	 עָרוּץ
אולמ	 0	 0	 0	 1	 0	 0	 0	 0	 1	 0	 לִבלוֹעַ
קודש	 0	 0	 0	 0	 0	 0	 0	 0	 0	 0	 גומי לעיסה
זיה	 0	 0	 0	 0	 0	 0	 0	 0	 0	 0	 דָבִיק
הל	 1	 0	 0	 1	 0	 1	 0	 0	 0	 0	 אֶקְדָח
עצור	 0	 0	 0	 0	 0	 0	 0	 0	 0	 0	 תוֹתְחָן
את תליה	 0	 0	 0	 1	 0	 0	 0	 0	 0	 0	 אבקת שריפה
צליעה	 0	 0	 0	 0	 0	 0	 1	 0	 0	 1	 גורו
חצות	 0	 0	 1	 0	 1	 1	 0	 0	 0	 0	 פֶּרֶץ
חציה	 0	 0	 0	 0	 0	 0	 0	 0	 0	 1	 שקע
חזיר	 0	 0	 0	 0	 0	 0	 0	 0	 0	 0	 משב
פר קטנ	 0	 0	 0	 0	 0	 0	 0	 0	 0	 0	 סוֹעֵר
פטיש	 0	 0	 1	 0	 0	 0	 0	 0	 0	 0	 מְעִי
פטיש	 0	 0	 0	 0	 0	 0	 1	 0	 0	 0	 אומץ
ערסל	 0	 0	 1	 0	 0	 0	 0	 0	 0	 0	 מַרזֵב
סל	 0	 0	 0	 0	 0	 0	 0	 0	 0	 0	 בָּחוּר
גיד הברכ	 0	 0	 0	 0	 0	 1	 0	 0	 0	 0	 זולל
יד	 0	 0	 0	 0	 0	 0	 0	 0	 0	 0	 גִימנַסִיָה
חוברת הדרכה	 0	 0	 0	 0	 0	 0	 1	 0	 0	 0	 מִתְעַמֵל
קומצ	 0	 0	 0	 0	 0	 0	 0	 0	 0	 0	 התעמלות
גבלה	 0	 0	 0	 0	 0	 0	 0	 0	 0	 0	 התעמלות
אכת יד	 0	 0	 0	 0	 0	 0	 0	 0	 0	 0	 גִינֵקוֹלוֹגִיָה
אכת יד	 0	 0	 0	 0	 0	 1	 0	 0	 0	 0	 צועני
חטה	 0	 0	 0	 0	 0	 0	 0	 0	 0	 0	 ג'ִירוֹסקוֹפּ
ידית	 0	 0	 0	 0	 0	 0	 0	 0	 0	 0	 הֶרגֵל
נאה	 0	 0	 0	 0	 0	 0	 1	 0	 0	 0	 בית גידול
תב יד	 0	 0	 0	 0	 0	 0	 0	 0	 0	 0	 מְגוּרִים
ימושי	 0	 1	 0	 0	 0	 0	 0	 0	 0	 0	 רָגִיל
תלות	 0	 0	 0	 0	 0	 0	 0	 0	 0	 0	 כָּרָגִיל
סכ מטוסימ	 0	 0	 0	 0	 0	 0	 0	 0	 0	 0	 hacienda
תליה	 0	 0	 1	 1	 0	 1	 0	 0	 0	 0	 מְכַשֵׁפָה
איש תלוי	 0	 0	 0	 0	 0	 1	 0	 1	 0	 0	 כָּחוּשׁ
ות	 0	 0	 0	 0	 0	 0	 0	 0	 0	 0	 לְהִתְמַקֵחַ
פקעת	 0	 0	 0	 0	 0	 1	 1	 0	 0	 1	 בָּרָד
עריגה	 0	 0	 0	 0	 0	 0	 0	 0	 0	 0	 שיער
אפ	 0	 0	 1	 0	 0	 1	 0	 0	 0	 0	 שָׂעִיר
אקראי	 0	 0	 0	 0	 0	 0	 1	 0	 0	 0	 בָּרִיא
קרות	 0	 0	 0	 0	 0	 0	 0	 0	 0	 0	 חֲצִי
תרחש	 0	 0	 0	 0	 0	 1	 0	 0	 0	 0	 בְּחַצִי הַדֶרֶך
חה	 0	 0	 0	 0	 0	 0	 0	 0	 0	 0	 אולם
אושר	 0	 0	 0	 0	 0	 0	 0	 0	 0	 0	 מְקוּדָשׁ
מח	 0	 0	 0	 1	 0	 1	 0	 0	 0	 0	 הֲזָיָה
ציק	 0	 0	 0	 0	 0	 0	 0	 0	 0	 0	 הֵל
טרדה	 0	 0	 0	 0	 0	 0	 0	 0	 0	 0	 לַעֲצוֹר
שר	 1	 0	 0	 1	 0	 1	 0	 1	 0	 0	 לוּלָאַת תְלִיָה
נמל	 0	 0	 0	 1	 0	 1	 0	 1	 0	 0	 צְלִיעָה
קשיח	 0	 0	 0	 0	 0	 0	 0	 0	 0	 0	 לחצות
קשה	 0	 0	 0	 0	 0	 0	 0	 0	 0	 0	 חציה
תקשות	 0	 0	 0	 0	 0	 0	 0	 0	 0	 0	 חזיר
קשיות	 0	 0	 0	 0	 0	 0	 0	 0	 0	 0	 כְּפָר קָטָן
צוקה	 0	 0	 0	 0	 0	 0	 0	 0	 0	 0	 פטיש
חומרה	 0	 0	 0	 0	 0	 0	 0	 0	 0	 0	 פטיש
עמיד	 0	 0	 0	 0	 0	 0	 0	 0	 0	 0	 עַרסָל
ארנבת	 0	 0	 0	 0	 0	 1	 0	 0	 0	 0	 סל
רמונ	 1	 0	 0	 0	 0	 1	 0	 1	 0	 0	 גִיד הַבֶּרֶך
זונה	 0	 0	 0	 0	 0	 0	 0	 0	 0	 0	 יד
פגוע	 0	 0	 0	 0	 0	 0	 0	 0	 0	 1	 חוברת הדרכה
זיק	 0	 0	 0	 0	 0	 0	 0	 0	 0	 0	 קוֹמֶץ
פוחית	 0	 0	 0	 0	 0	 1	 0	 1	 0	 0	 מִגבָּלָה
תורת הרמוניה	 0	 0	 0	 0	 0	 0	 0	 0	 0	 0	 מְלֶאכֶת יָד
אופנ הרמוני	 0	 0	 0	 0	 0	 0	 0	 0	 0	 0	 מְלֶאכֶת יָד
תאמ	 0	 0	 0	 0	 0	 0	 0	 0	 0	 0	 מִמחָטָה
רמוניה	 0	 0	 0	 0	 0	 0	 0	 0	 0	 0	 ידית
רתומ	 0	 0	 0	 0	 0	 0	 0	 0	 0	 0	 נאה
ארפר	 0	 0	 0	 0	 0	 0	 0	 0	 0	 0	 כְּתַב יָד
צמבלו	 0	 0	 0	 0	 0	 0	 1	 0	 0	 0	 שימושי
צמרר	 0	 0	 0	 0	 0	 0	 0	 0	 0	 0	 לִתְלוֹת
ציק	 0	 0	 0	 0	 0	 0	 0	 0	 0	 0	 מוּסָך מְטוֹסִים
גסות	 1	 0	 1	 1	 0	 1	 0	 1	 0	 0	 תְלִיָה
ארט	 0	 0	 0	 1	 0	 1	 0	 0	 0	 0	 איש תלוי
קציר	 0	 0	 0	 0	 0	 0	 0	 0	 0	 0	 לבלות
יל	 0	 0	 0	 0	 0	 0	 0	 0	 0	 0	 פְּקַעַת
חשיש	 0	 1	 0	 0	 0	 0	 0	 0	 0	 0	 עֲרִיגָה
ירות	 0	 1	 0	 0	 0	 0	 0	 0	 1	 0	 האפ
זרז	 0	 0	 0	 0	 0	 0	 0	 0	 0	 0	 אַקרַאִי
חיפזונ	 0	 1	 0	 0	 0	 0	 0	 0	 0	 0	 לִקְרוֹת
חפוז	 0	 0	 0	 0	 0	 0	 0	 0	 0	 0	 מתרחש
בע	 0	 0	 0	 0	 1	 0	 1	 0	 0	 0	 בשמחה
קוע	 0	 1	 0	 0	 1	 0	 1	 0	 0	 0	 אושר
גרזנ	 0	 1	 0	 0	 1	 0	 1	 0	 0	 1	 שַׂמֵחַ
נאה	 1	 0	 1	 0	 0	 1	 0	 0	 0	 0	 לְהָצִיק
נתעב	 1	 0	 0	 0	 0	 0	 0	 0	 0	 0	 הַטרָדָה
נא	 1	 1	 0	 1	 0	 1	 0	 0	 0	 0	 מְבַשֵׂר
נאה	 0	 0	 0	 0	 0	 0	 0	 0	 0	 1	 נמל
יהיר	 0	 0	 0	 0	 0	 0	 0	 0	 0	 0	 לְהַקְשִׁיחַ
גרור	 1	 0	 1	 1	 0	 1	 0	 0	 0	 0	 מוּקשֶׁה
לה	 0	 0	 0	 0	 0	 0	 0	 0	 0	 0	 הִתקַשׁוּת
רדופ	 0	 0	 0	 0	 0	 1	 0	 0	 0	 0	 קַשִׁיוּת
רדופ רוחות	 0	 0	 0	 0	 0	 1	 0	 1	 0	 0	 מצוקה
קלט	 0	 0	 0	 0	 0	 0	 0	 0	 0	 0	 חוּמרָה
רס	 0	 0	 0	 0	 1	 0	 1	 0	 0	 1	 עמיד
וו	 0	 0	 0	 0	 0	 0	 0	 0	 0	 0	 אַרנֶבֶת
נצ	 0	 0	 0	 0	 0	 0	 0	 0	 0	 0	 הַרמוֹן
רוכלות	 0	 0	 1	 0	 0	 1	 0	 0	 0	 0	 זוֹנָה
פגע	 0	 0	 0	 1	 0	 1	 0	 0	 0	 0	 לפגוע
סוכנ	 1	 0	 1	 1	 0	 1	 0	 1	 0	 0	 מַזִיק
ערפל	 0	 0	 0	 0	 0	 0	 0	 0	 0	 0	 מַפּוּחִית
עורפל	 0	 0	 0	 0	 0	 0	 0	 0	 0	 0	 תוֹרַת הַרמוֹנִיָה
ראש	 0	 0	 0	 0	 1	 0	 1	 0	 0	 1	 באופן הרמוני
אב ראש	 0	 0	 0	 0	 0	 0	 0	 0	 0	 0	 לְתַאֵם
צנפת	 0	 0	 0	 0	 1	 0	 1	 0	 0	 1	 הַרמוֹנִיָה
תרת	 0	 0	 0	 0	 0	 0	 0	 0	 0	 0	 לִרְתוֹם
יסוי ראש	 0	 0	 0	 0	 0	 0	 0	 0	 0	 0	 הארפר
תרת	 0	 0	 0	 0	 0	 0	 0	 0	 0	 0	 צֶ'מבָּלוֹ
כפ	 0	 0	 0	 1	 0	 1	 0	 0	 0	 0	 מצמרר
פנס קדמי	 1	 0	 0	 0	 0	 1	 0	 1	 0	 0	 לְהָצִיק
תרת	 1	 0	 0	 1	 0	 1	 0	 0	 0	 0	 גַסוּת
פזיז	 0	 0	 0	 0	 0	 0	 0	 0	 0	 0	 הארט
טה	 0	 1	 0	 0	 1	 0	 1	 0	 0	 0	 קְצִיר
צבה	 0	 0	 0	 0	 0	 1	 0	 0	 0	 0	 בְּלִיל
תקדמות	 0	 0	 0	 0	 0	 1	 0	 0	 0	 0	 חֲשִׁישׁ
כר	 0	 1	 0	 0	 0	 0	 0	 0	 0	 0	 מְהִירוּת
רפא	 0	 0	 0	 0	 0	 0	 0	 0	 0	 0	 לזרז
רפא	 0	 0	 0	 0	 0	 0	 0	 0	 0	 0	 בחיפזון
ריאות	 0	 0	 0	 0	 0	 1	 0	 0	 0	 0	 חפוז
ריא	 0	 0	 0	 0	 0	 0	 0	 0	 0	 0	 כּוֹבַע
ריא	 0	 0	 0	 0	 0	 0	 0	 0	 0	 0	 לִבקוֹעַ
ערימה	 0	 0	 0	 0	 0	 0	 0	 0	 0	 0	 גרזן
וע	 1	 0	 1	 1	 0	 1	 0	 1	 0	 0	 שִׂנאָה
מע	 1	 0	 1	 1	 0	 1	 0	 1	 0	 0	 נִתעָב
יעה	 1	 0	 0	 0	 0	 1	 0	 0	 0	 0	 שׂוֹנֵא
עה	 1	 0	 1	 1	 0	 1	 0	 1	 0	 0	 שנאה
קרונ המת	 1	 0	 0	 0	 0	 1	 0	 0	 0	 0	 יָהִיר
לב	 0	 0	 0	 0	 0	 0	 0	 0	 0	 0	 לִגרוֹר
אב לב	 0	 0	 0	 0	 0	 0	 0	 0	 0	 0	 הוֹבָלָה
צרבת	 0	 0	 0	 1	 0	 1	 0	 0	 0	 0	 לִרְדוֹף
קרב לב	 0	 0	 0	 1	 0	 1	 0	 1	 0	 0	 רָדוּף רוּחוֹת
קד	 0	 0	 0	 0	 0	 0	 1	 0	 0	 1	 מִקְלָט
קרב לב	 1	 0	 0	 1	 0	 1	 0	 0	 0	 0	 הֶרֶס
חסר לב	 0	 0	 0	 0	 0	 0	 0	 0	 0	 0	 הוו
ות	 0	 0	 0	 1	 0	 0	 0	 0	 0	 0	 נֵץ
תולעת לב	 0	 0	 0	 0	 0	 0	 0	 0	 0	 0	 רוֹכְלוּת
חומ	 0	 0	 0	 1	 0	 1	 0	 0	 0	 0	 מִפגָע
חוממ	 0	 0	 0	 1	 0	 1	 0	 0	 0	 0	 מְסוּכָּן
תנור חימומ	 0	 0	 0	 1	 0	 1	 0	 0	 0	 0	 עֲרָפֶל
ערבה	 0	 0	 0	 0	 0	 0	 0	 0	 0	 0	 מעורפל
עובד אלילימ	 0	 0	 0	 0	 0	 0	 0	 0	 0	 0	 רֹאשׁ
אברש	 0	 0	 0	 0	 0	 1	 0	 0	 0	 0	 כְּאֵב רֹאשׁ
סקה	 0	 0	 0	 0	 0	 0	 0	 0	 0	 0	 מצנפת
ניפ	 0	 0	 0	 0	 0	 0	 0	 0	 0	 0	 כּוֹתֶרֶת
ימי	 0	 0	 0	 0	 0	 0	 0	 0	 0	 0	 כיסוי ראש
ימ	 0	 0	 0	 0	 0	 0	 0	 0	 0	 0	 כּוֹתֶרֶת
דות	 0	 0	 0	 0	 0	 0	 0	 0	 0	 0	 כַּף
דות	 0	 1	 0	 0	 0	 0	 0	 0	 0	 0	 פָּנָס קִדמִי
תרוממות	 0	 0	 0	 0	 0	 0	 0	 0	 0	 0	 כּוֹתֶרֶת
קטרימ	 0	 0	 0	 0	 0	 0	 0	 0	 0	 0	 פָּזִיז
קדחתני	 0	 0	 0	 0	 0	 0	 0	 0	 0	 0	 מַטֶה
גדר חיה	 0	 0	 0	 0	 0	 0	 0	 0	 0	 0	 מצבה
קפוד	 0	 0	 0	 0	 0	 0	 1	 0	 0	 0	 הִתקַדְמוּת
דוניזמ	 0	 0	 0	 0	 0	 1	 0	 0	 0	 0	 מְשַׁכֵּר
תשומת לב	 0	 0	 0	 0	 1	 0	 1	 0	 0	 1	 לְרַפֵּא
עקב	 0	 1	 0	 0	 1	 0	 1	 0	 0	 1	 מַרפֵּא
עקבימ	 0	 0	 0	 0	 0	 0	 0	 0	 0	 0	 בְּרִיאוּת
קל	 0	 0	 0	 0	 1	 0	 1	 0	 0	 0	 בריא
גמונית	 0	 0	 0	 0	 0	 0	 1	 0	 0	 0	 בָּרִיא
עגלה	 0	 0	 0	 0	 0	 0	 0	 0	 0	 0	 ערימה
גובה	 0	 0	 0	 0	 0	 0	 0	 0	 0	 0	 לִשְׁמוֹעַ
גביר	 0	 0	 0	 0	 0	 0	 0	 0	 0	 0	 שׁוֹמֵעַ
תועב	 0	 0	 0	 1	 0	 1	 0	 0	 0	 0	 שמיעה
יורש	 0	 0	 0	 0	 0	 1	 0	 0	 0	 0	 שְׁמוּעָה
יורשת	 0	 0	 0	 1	 0	 1	 0	 1	 0	 0	 קְרוֹן הַמֵת
נכס מורש	 0	 0	 0	 0	 0	 0	 0	 0	 0	 0	 לֵב
יורשימ	 0	 0	 0	 0	 0	 1	 0	 1	 0	 0	 כְּאֵב לֵב
סליל	 0	 0	 0	 0	 0	 1	 0	 0	 0	 0	 צַרֶבֶת
חלזונית	 0	 0	 0	 0	 1	 0	 1	 1	 0	 1	 מקרב לב
גיהנומ	 0	 0	 0	 0	 0	 0	 1	 0	 0	 0	 מוֹקֵד
טני	 0	 0	 0	 0	 1	 0	 1	 0	 0	 0	 מִקֶרֶב לֵב
גה	 0	 0	 0	 0	 0	 1	 0	 1	 0	 0	 חֲסַר לֵב
קסדה	 0	 0	 0	 0	 0	 0	 0	 0	 0	 0	 לבבות
עוזר	 0	 0	 1	 0	 0	 0	 0	 0	 0	 0	 תולעת לב
עיל	 0	 0	 0	 0	 0	 0	 0	 0	 0	 0	 חוֹם
חסר ישע	 0	 0	 0	 0	 0	 0	 0	 0	 0	 0	 מְחוּמָם
אזלת יד	 0	 0	 0	 0	 0	 0	 0	 0	 0	 0	 תנור חימום
פלת	 0	 0	 0	 0	 0	 0	 0	 0	 0	 0	 עֲרָבָה
טיט	 0	 0	 0	 1	 0	 1	 0	 0	 0	 0	 עוֹבֵד אֵלִילִים
חמי	 0	 0	 0	 0	 0	 0	 0	 0	 0	 0	 אַברָשׁ
יספרה	 0	 0	 0	 0	 0	 0	 0	 0	 0	 0	 הַסָקָה
חצי כדור	 0	 0	 0	 0	 0	 0	 0	 0	 0	 0	 לְהַנִיף
רוש	 0	 1	 0	 0	 1	 0	 1	 0	 0	 1	 שְׁמֵימִי
טפ דמ	 0	 0	 0	 0	 1	 0	 1	 0	 0	 1	 שמים
טחורימ	 0	 0	 0	 0	 0	 1	 0	 0	 0	 0	 בִּכְבֵדוּת
קנבוס	 0	 0	 0	 0	 0	 0	 0	 0	 0	 0	 כְּבֵדוּת
תרנגולת	 0	 0	 0	 0	 0	 0	 0	 0	 0	 0	 הִתרוֹמְמוּת
עתה ואילכ	 0	 0	 0	 0	 0	 0	 0	 0	 0	 0	 הקטרים
שר	 0	 0	 0	 0	 0	 0	 0	 0	 0	 0	 קדחתני
רלדיקה	 0	 0	 0	 0	 0	 0	 0	 0	 0	 0	 גָדֵר חַיָה
עשב	 0	 0	 0	 0	 0	 0	 0	 0	 0	 0	 קִפּוֹד
עשבוני	 0	 0	 0	 0	 1	 1	 1	 0	 0	 0	 הדוניזם
צמחימ	 0	 0	 0	 0	 0	 0	 0	 0	 0	 0	 תְשׁוּמַת לֵב
עשבוני	 0	 0	 0	 0	 0	 1	 0	 0	 0	 0	 עָקֵב
עדר	 0	 0	 0	 0	 0	 0	 0	 0	 0	 0	 עקבים
תורשתי	 0	 1	 0	 1	 0	 0	 1	 0	 0	 0	 משקל
תורשה	 0	 0	 0	 0	 0	 0	 0	 0	 0	 0	 הגמונית
פירה	 0	 0	 0	 0	 0	 0	 0	 0	 0	 0	 עֶגלָה
פר	 0	 0	 0	 0	 0	 0	 0	 0	 0	 0	 גוֹבַה
פירה	 0	 0	 0	 1	 0	 1	 0	 0	 0	 0	 לְהַגבִּיר
עד כה	 0	 0	 0	 0	 0	 1	 0	 0	 0	 0	 מְתוֹעָב
אנ ולכאנ	 0	 0	 0	 0	 0	 0	 0	 0	 0	 0	 יורש
זה	 0	 0	 0	 0	 0	 0	 0	 0	 0	 0	 יוֹרֶשֶׁת
רשת	 0	 0	 0	 0	 0	 0	 0	 0	 0	 0	 נֶכֶס מוּרָשׁ
אנדרוגינוס	 0	 0	 0	 0	 0	 0	 0	 0	 0	 0	 יורשים
פרשנות	 0	 0	 0	 0	 0	 0	 0	 0	 0	 0	 סליל
נזיר	 0	 0	 0	 0	 0	 0	 0	 0	 0	 0	 חֶלזוֹנִית
קע	 1	 0	 1	 1	 0	 1	 0	 1	 0	 0	 גֵיהִנוֹם
גיבור	 1	 0	 1	 1	 0	 1	 0	 1	 0	 0	 שְׂטָנִי
רואי	 0	 0	 0	 0	 0	 0	 0	 0	 0	 0	 הֶגֶה
גבורה	 0	 0	 0	 1	 0	 0	 1	 0	 0	 0	 קַסדָה
רואינ	 0	 0	 0	 0	 0	 0	 1	 0	 0	 1	 עוֹזֵר
אלילה	 0	 0	 0	 0	 1	 0	 1	 0	 0	 1	 מוֹעִיל
גבורה	 0	 0	 0	 1	 0	 1	 0	 1	 0	 0	 חסר ישע
רפס	 0	 0	 0	 1	 0	 1	 0	 1	 0	 0	 אָזְלַת יַד
ירוס הרפס	 0	 0	 0	 0	 0	 0	 0	 0	 0	 0	 מַכְפֶּלֶת
חושש	 0	 0	 0	 0	 0	 0	 0	 0	 0	 0	 המטיט
יסוס	 0	 0	 0	 0	 0	 0	 0	 0	 0	 0	 חמי
טרוגניות	 0	 0	 0	 0	 0	 0	 0	 0	 0	 0	 המיספרה
חטוב	 0	 0	 0	 0	 0	 0	 0	 0	 0	 0	 חצי כדור
שה	 0	 0	 0	 0	 0	 0	 0	 0	 0	 0	 רוֹשׁ
תקופת השיא	 0	 0	 1	 1	 0	 1	 0	 1	 0	 0	 שטף דם
פסקה זמנית	 0	 0	 0	 0	 0	 1	 0	 0	 0	 0	 טְחוֹרִים
צב שינה	 0	 0	 0	 0	 0	 0	 0	 0	 0	 0	 קַנָבוֹס
תרדמה	 0	 0	 0	 0	 0	 0	 0	 0	 0	 0	 תַרְנְגוֹלֶת
הק	 0	 0	 0	 0	 0	 0	 0	 0	 0	 0	 מֵעַתָה וְאֵילָך
סתר	 0	 0	 0	 0	 0	 0	 0	 0	 0	 0	 לְבַשֵׂר
תחבא	 0	 0	 0	 0	 0	 0	 0	 0	 0	 0	 הרלדיקה
ער	 0	 0	 0	 0	 0	 0	 0	 0	 0	 0	 עֵשֶׂב
סתרה	 0	 0	 0	 0	 0	 0	 0	 0	 0	 0	 עשבוני
יררכי	 0	 0	 0	 0	 0	 0	 1	 0	 0	 0	 צמחים
גבוה	 0	 0	 0	 0	 0	 0	 0	 0	 0	 0	 עשבוני
גבוה יותר	 0	 0	 0	 0	 0	 0	 0	 0	 0	 0	 עֵדֶר
י גבוה	 0	 0	 0	 0	 0	 0	 0	 0	 0	 0	 תוֹרַשְׁתִי
יילנד	 0	 0	 0	 0	 0	 0	 0	 0	 0	 0	 תוֹרָשָׁה
רמות גבוהות	 0	 0	 0	 0	 0	 1	 0	 0	 0	 0	 כְּפִירָה
גובה	 0	 0	 1	 0	 0	 1	 0	 0	 0	 0	 כּוֹפֵר
יש מהיר	 0	 0	 0	 0	 0	 0	 0	 0	 0	 0	 כפירה
טיל	 0	 0	 0	 0	 0	 0	 0	 0	 0	 0	 עד כה
צחיק	 0	 0	 0	 0	 0	 0	 0	 0	 0	 0	 לכאן ולכאן
צהלה	 0	 0	 0	 0	 0	 0	 0	 0	 0	 0	 בָּזֶה
גבעה	 0	 0	 0	 0	 0	 0	 0	 0	 0	 1	 מוֹרֶשֶׁת
ררי	 0	 0	 0	 0	 0	 1	 0	 0	 1	 0	 אַנְדְרוֹגִינוּס
ידית	 0	 0	 0	 0	 0	 0	 0	 0	 0	 0	 פַּרשָׁנוּת
אחורי	 0	 0	 0	 0	 0	 0	 0	 1	 0	 1	 נָזִיר
עכבימ	 0	 0	 0	 0	 0	 0	 0	 0	 0	 0	 בֶּקַע
ול	 0	 1	 0	 0	 1	 0	 1	 0	 1	 1	 גיבור
ציר	 0	 0	 0	 0	 1	 0	 1	 0	 1	 1	 הֵרוֹאִי
רמז	 0	 0	 0	 0	 0	 0	 1	 0	 0	 0	 גבורה
עורפ	 0	 0	 0	 0	 0	 1	 0	 0	 0	 0	 הֵרוֹאִין
ירכ	 0	 0	 0	 0	 0	 0	 1	 0	 0	 1	 אֲלִילָה
יפי	 0	 1	 0	 0	 1	 0	 1	 0	 1	 1	 גְבוּרָה
ור	 0	 0	 1	 0	 0	 1	 0	 0	 0	 0	 הֶרפֵּס
עיר	 0	 0	 1	 0	 0	 1	 0	 0	 0	 0	 וירוס הרפס
חוש	 0	 0	 0	 0	 0	 0	 0	 0	 0	 0	 חוֹשֵׁשׁ
ריקות	 0	 0	 0	 1	 0	 1	 0	 0	 0	 0	 היסוס
יסטולוגיה	 0	 0	 0	 0	 0	 0	 0	 0	 0	 0	 ההטרוגניות
יסטוריונ	 0	 0	 0	 0	 0	 0	 0	 0	 0	 0	 לַחְטוֹב
יסטורי	 0	 0	 0	 0	 0	 0	 0	 0	 0	 0	 מְשׁוּשֶׁה
יסטוריוגרפיה	 0	 1	 0	 0	 1	 0	 1	 0	 0	 1	 תְקוּפַת הַשִׂיא
יסטוריה	 0	 0	 0	 0	 0	 0	 0	 0	 0	 0	 הַפסָקָה זְמַנִית
כה	 0	 0	 0	 0	 0	 0	 0	 0	 0	 0	 למצב שינה
עד כה	 0	 0	 0	 0	 0	 0	 0	 0	 0	 0	 תַרְדֵמָה
רת	 0	 0	 0	 0	 0	 0	 0	 0	 0	 0	 לְשַׁהֵק
אגור	 0	 0	 0	 0	 0	 1	 0	 0	 0	 0	 מוּסתָר
צרוד	 0	 0	 0	 1	 0	 0	 0	 0	 0	 0	 להתחבא
צרורה	 0	 0	 1	 1	 0	 1	 0	 1	 0	 0	 מְכוֹעָר
תיחה	 0	 0	 0	 1	 0	 0	 0	 0	 0	 0	 הַסתָרָה
יריימ	 0	 0	 0	 0	 0	 0	 0	 0	 0	 0	 היררכי
תחביב	 0	 0	 0	 0	 0	 0	 0	 0	 0	 0	 גָבוֹהַ
נוד	 0	 0	 0	 0	 0	 0	 0	 0	 0	 0	 גבוה יותר
קי	 0	 1	 0	 1	 1	 1	 1	 0	 1	 0	 הֲכִי גָבוֹהַ
עדר	 0	 0	 0	 0	 0	 0	 0	 0	 0	 0	 היילנד
חזיר	 0	 0	 0	 0	 0	 0	 0	 0	 0	 0	 רמות גבוהות
ניפ	 0	 0	 0	 0	 0	 0	 0	 0	 0	 0	 גובה
חזיק	 0	 0	 0	 0	 0	 0	 0	 0	 0	 0	 כביש מהיר
חזיק	 0	 0	 0	 0	 0	 0	 0	 0	 0	 0	 מְטַיֵל
חזקה	 0	 0	 0	 0	 1	 0	 1	 0	 1	 0	 מצחיק
חור	 0	 0	 0	 0	 1	 0	 1	 0	 0	 0	 צָהֳלָה
חג	 0	 0	 0	 0	 0	 0	 0	 0	 0	 0	 גִבעָה
קדושה	 0	 0	 0	 0	 0	 0	 0	 0	 0	 0	 הֲרָרִי
חלול	 0	 0	 0	 0	 0	 0	 0	 0	 0	 0	 יָדִית
אה	 0	 0	 0	 0	 0	 0	 0	 0	 0	 0	 אֲחוֹרִי
קדוש	 0	 0	 0	 0	 0	 1	 0	 1	 0	 0	 מעכבים
וד	 0	 0	 0	 0	 0	 1	 0	 0	 0	 0	 מִכשׁוֹל
חסר בית	 0	 0	 0	 0	 0	 0	 0	 0	 0	 0	 צִיר
אופתי	 0	 0	 0	 0	 0	 0	 0	 0	 0	 0	 רֶמֶז
יאופתיה	 0	 0	 0	 0	 0	 0	 0	 0	 0	 0	 עוֹרֶף
תגעגע הביתה	 0	 0	 0	 0	 0	 0	 0	 0	 0	 0	 ירך
ית בית	 0	 0	 0	 0	 0	 1	 0	 0	 0	 0	 היפי
יעורי בית	 0	 1	 0	 0	 1	 0	 1	 0	 0	 1	 לִשְׂכּוֹר
רצחני	 0	 0	 0	 0	 0	 0	 0	 0	 0	 0	 שָׂעִיר
רצח	 1	 0	 0	 1	 0	 1	 0	 0	 0	 0	 לִלְחוֹשׁ
דרשה	 0	 0	 0	 0	 0	 1	 0	 0	 0	 0	 שְׁרִיקוּת
גניות	 0	 0	 0	 0	 0	 0	 0	 0	 0	 0	 היסטולוגיה
גני	 0	 0	 0	 0	 0	 0	 0	 0	 0	 0	 הִיסטוֹרִיוֹן
גי	 0	 0	 0	 0	 0	 0	 0	 0	 0	 0	 הִיסטוֹרִי
וג	 0	 0	 0	 0	 0	 0	 0	 0	 0	 0	 היסטוריוגרפיה
גיה	 0	 0	 0	 0	 0	 0	 0	 0	 0	 0	 הִיסטוֹרִיָה
חדד	 1	 0	 0	 0	 0	 1	 0	 0	 0	 0	 מכה
ישר	 0	 0	 0	 0	 0	 1	 0	 0	 0	 0	 עַד כֹּה
יושר	 0	 0	 0	 0	 0	 1	 0	 0	 0	 0	 כוורת
דבש	 0	 0	 0	 0	 0	 0	 0	 0	 0	 0	 לֶאֱגוֹר
חלת דבש	 0	 0	 0	 0	 0	 1	 0	 0	 0	 0	 צָרוּד
ירח דבש	 0	 0	 0	 0	 0	 1	 0	 1	 0	 0	 צרורה
יערה	 1	 0	 1	 0	 0	 1	 0	 1	 1	 0	 מתיחה
וד	 0	 0	 0	 0	 0	 0	 0	 0	 0	 0	 כיריים
וד	 0	 0	 0	 0	 1	 0	 1	 0	 0	 0	 תַחבִּיב
ענק כבוד	 0	 0	 0	 0	 0	 1	 0	 1	 0	 0	 נַוָד
רדס	 0	 0	 0	 0	 0	 0	 0	 0	 0	 0	 הוֹקֵי
סה	 0	 0	 0	 0	 0	 0	 0	 0	 0	 0	 מַעדֵר
פרסה	 0	 0	 1	 0	 0	 1	 0	 0	 0	 0	 חֲזִיר
וו	 0	 0	 0	 0	 0	 0	 0	 0	 0	 0	 לְהַנִיף
ור	 0	 0	 0	 0	 0	 0	 0	 0	 0	 0	 לְהַחזִיק
זונה	 0	 0	 0	 0	 0	 0	 0	 0	 0	 0	 מַחְזִיק
חישוק	 0	 0	 0	 0	 0	 0	 0	 0	 0	 0	 הַחזָקָה
צפור	 0	 0	 0	 0	 0	 0	 0	 0	 0	 0	 חור
קפוצ	 0	 1	 0	 0	 1	 0	 1	 0	 0	 0	 חַג
קוות	 0	 1	 0	 1	 1	 0	 1	 0	 1	 1	 קְדוּשָׁה
א תקווה	 0	 0	 0	 0	 0	 1	 0	 1	 0	 0	 חָלוּל
אבוד	 1	 0	 1	 1	 0	 1	 0	 1	 0	 0	 שׁוֹאָה
חוסר תקווה	 0	 0	 0	 0	 0	 0	 1	 0	 0	 0	 קָדוֹשׁ
תקוות	 0	 0	 0	 0	 0	 0	 1	 0	 0	 0	 כָּבוֹד
קווה	 1	 1	 1	 1	 0	 1	 0	 1	 0	 0	 חֲסַר בַּיִת
קוטפ	 0	 0	 0	 0	 0	 0	 0	 0	 0	 0	 הומאופתי
ערב רב	 0	 0	 0	 0	 0	 0	 0	 0	 0	 0	 הוֹמֵיאוֹפָּתִיָה
אופק	 0	 0	 0	 0	 0	 1	 0	 1	 0	 0	 מִתגַעֲגֵעַ הַבַּיתָה
אופקי	 0	 0	 0	 0	 0	 0	 0	 0	 0	 0	 בית בית
אופקית	 0	 0	 0	 1	 0	 0	 0	 0	 0	 0	 שיעורי בית
צופר	 1	 0	 0	 1	 0	 1	 0	 0	 0	 0	 רצחני
צרעה	 1	 0	 1	 1	 0	 1	 0	 1	 0	 0	 רצח
יובל	 0	 0	 0	 0	 0	 0	 0	 0	 0	 0	 דְרָשָׁה
רוסקופ	 0	 0	 0	 0	 0	 0	 0	 0	 0	 0	 הוֹמוֹגֵנִיוּת
חריד	 0	 0	 0	 0	 0	 0	 0	 0	 0	 0	 הוֹמוֹגֵנִי
צורה נוראית	 0	 0	 0	 0	 0	 0	 0	 0	 0	 0	 הומולוגי
געיל	 0	 0	 0	 0	 0	 0	 0	 0	 0	 0	 הומלוג
חריד	 0	 0	 0	 0	 0	 0	 1	 0	 0	 0	 הומולוגיה
זועזע	 0	 0	 0	 0	 0	 0	 0	 0	 0	 0	 לְחַדֵד
חריד	 1	 0	 1	 1	 1	 0	 1	 1	 0	 1	 יָשָׁר
חרדה	 0	 0	 0	 0	 0	 0	 1	 0	 0	 1	 יוֹשֶׁר
זוועות	 0	 0	 0	 0	 0	 0	 1	 0	 0	 0	 דבש
סוס	 0	 0	 0	 0	 0	 0	 0	 0	 0	 0	 חַלַת דְבַשׁ
פרש	 0	 1	 0	 0	 1	 0	 1	 0	 1	 1	 יָרֵחַ דְבַשׁ
פרסה	 0	 0	 0	 0	 0	 0	 0	 0	 0	 0	 יַעְרָה
גננות	 0	 0	 0	 0	 0	 0	 1	 0	 0	 1	 כָּבוֹד
גננות	 0	 0	 0	 0	 0	 0	 1	 0	 0	 1	 כָּבוּד
צינור	 0	 0	 0	 0	 0	 0	 0	 0	 0	 0	 מַעֲנָק כָּבוֹד
נימ	 1	 0	 1	 1	 0	 1	 0	 0	 0	 0	 בַּרדָס
אכסניה	 0	 0	 0	 1	 0	 0	 0	 0	 0	 0	 מְכוּסֶה
ית חולימ	 0	 0	 0	 0	 0	 0	 0	 0	 0	 0	 פַּרסָה
נסת אורחימ	 0	 0	 0	 0	 0	 0	 0	 0	 0	 0	 וו
ת ערובה	 0	 0	 0	 0	 0	 1	 0	 0	 0	 0	 מָכוּר
סטל	 0	 0	 0	 0	 0	 0	 0	 0	 0	 0	 זוֹנָה
עוינ	 0	 0	 0	 0	 0	 0	 0	 0	 0	 0	 חישוק
פעולות איבה	 1	 0	 1	 0	 0	 1	 0	 0	 0	 0	 לִצְפּוֹר
עוינות	 0	 0	 0	 0	 0	 0	 0	 0	 0	 0	 לִקְפּוֹץ
חמ	 0	 1	 0	 0	 1	 0	 1	 0	 1	 1	 לְקַווֹת
חממה	 0	 1	 0	 0	 1	 0	 1	 0	 1	 1	 מלא תקווה
ונ	 0	 0	 0	 1	 0	 1	 0	 1	 0	 0	 אָבוּד
עה	 1	 0	 1	 1	 0	 1	 0	 1	 0	 0	 חוסר תקווה
עונ חול	 0	 0	 0	 0	 0	 0	 0	 0	 0	 0	 תקוות
די שעה	 0	 0	 0	 0	 0	 0	 0	 0	 0	 0	 מקווה
ית	 0	 0	 0	 0	 0	 0	 0	 0	 0	 0	 קוֹטֵף
ית	 0	 0	 0	 0	 0	 1	 0	 0	 1	 0	 עֵרֶב רַב
על בית	 0	 1	 0	 0	 0	 0	 1	 0	 0	 0	 אופק
אב בית	 0	 0	 0	 0	 0	 0	 0	 0	 0	 0	 אופקי
ק בית	 0	 0	 0	 0	 0	 0	 0	 0	 0	 0	 אופקית
עקרת הבית	 0	 0	 0	 0	 0	 0	 0	 0	 0	 0	 צופר
דיור	 0	 0	 0	 0	 0	 0	 0	 0	 0	 0	 צִרעָה
רחפת	 0	 0	 0	 0	 0	 0	 0	 0	 0	 0	 מְיוֹבָּל
יללה	 0	 1	 0	 0	 0	 0	 0	 0	 0	 0	 הוֹרוֹסקוֹפּ
איכ שלא יהיה	 1	 0	 1	 1	 0	 1	 0	 0	 0	 0	 מַחרִיד
יי	 0	 0	 0	 0	 0	 1	 0	 0	 0	 0	 בצורה נוראית
רכזת	 1	 0	 1	 1	 0	 1	 0	 1	 0	 0	 מַגְעִיל
צטופפ	 1	 0	 1	 1	 0	 1	 0	 1	 0	 0	 מַחרִיד
צבע	 0	 0	 0	 1	 0	 1	 0	 0	 0	 0	 מזועזע
רוגז	 0	 0	 1	 1	 0	 1	 0	 1	 0	 0	 מחריד
חבק	 1	 0	 1	 1	 0	 1	 0	 1	 1	 0	 חֲרָדָה
עצומ	 0	 0	 0	 1	 0	 1	 0	 1	 0	 0	 זוועות
ענק	 0	 0	 0	 0	 0	 0	 0	 0	 0	 1	 סוּס
קלפ	 0	 0	 0	 0	 0	 0	 0	 0	 0	 0	 פָּרָשׁ
זמזומ	 0	 0	 0	 0	 0	 0	 0	 0	 0	 0	 פַּרסָה
נ אנוש	 0	 0	 0	 0	 0	 0	 0	 0	 0	 0	 גננות
אנושי	 0	 0	 0	 0	 0	 0	 0	 0	 0	 0	 גַנָנוּת
ניטרי	 0	 0	 0	 0	 0	 0	 0	 0	 0	 0	 צינור
דעי הרוח	 0	 0	 0	 0	 0	 0	 0	 0	 0	 0	 לְבָנִים
אנושיות	 0	 0	 0	 0	 0	 0	 0	 1	 0	 0	 אַכְסַנִיָה
צנוע	 0	 0	 0	 1	 0	 0	 0	 1	 0	 1	 בית חולים
נענה	 0	 0	 0	 0	 0	 0	 1	 0	 0	 0	 הכנסת אורחים
צניעות	 1	 0	 0	 1	 0	 1	 0	 0	 0	 0	 בת ערובה
רמאי	 0	 0	 0	 0	 0	 0	 0	 0	 0	 0	 הוסטל
לח	 1	 0	 1	 1	 0	 1	 0	 0	 0	 0	 עוין
חות	 1	 0	 0	 1	 0	 1	 0	 0	 0	 0	 פְּעוּלוֹת אֵיבָה
פיל	 1	 0	 1	 0	 0	 1	 0	 0	 0	 0	 עוֹיְנוּת
פיל	 1	 0	 0	 0	 0	 0	 0	 0	 0	 0	 חַם
פלה	 0	 0	 0	 0	 0	 0	 0	 0	 0	 0	 חֲמָמָה
ענוה	 0	 0	 0	 0	 0	 0	 0	 0	 0	 0	 מלון
אמר	 0	 0	 0	 0	 0	 0	 0	 0	 0	 0	 שָׁעָה
יונק דבש	 0	 0	 0	 0	 0	 0	 0	 0	 0	 0	 שָׁעוֹן חוֹל
ענק	 0	 0	 0	 0	 0	 0	 0	 0	 0	 0	 מדי שעה
ריסט	 0	 0	 0	 0	 0	 0	 0	 0	 0	 0	 בַּיִת
ריסטי	 0	 0	 0	 0	 0	 0	 1	 0	 0	 0	 בית
גבנונ	 0	 0	 0	 0	 0	 0	 0	 0	 0	 0	 בַּעַל בַּיִת
תחושה	 0	 0	 0	 0	 0	 0	 0	 0	 0	 0	 אב בית
אה	 0	 0	 0	 0	 0	 0	 1	 0	 0	 0	 משק בית
אית	 0	 0	 0	 0	 0	 0	 0	 0	 0	 0	 עֲקֶרֶת הַבַּיִת
רעב	 0	 0	 0	 0	 0	 0	 0	 0	 0	 0	 דיור
רעב	 0	 0	 0	 0	 0	 0	 0	 0	 0	 0	 רַחֶפֶת
חתיכ	 1	 0	 1	 1	 0	 1	 0	 1	 1	 0	 יְלָלָה
חתיכימ	 0	 0	 0	 0	 0	 0	 0	 0	 0	 0	 איך שלא יהיה
צוד	 0	 0	 0	 0	 0	 0	 0	 0	 0	 0	 היי
ציד	 0	 0	 0	 0	 0	 0	 0	 0	 0	 0	 רכזת
ציד	 0	 0	 0	 0	 0	 0	 0	 0	 0	 0	 לְהִצְטוֹפֵף
יכ	 0	 0	 0	 0	 0	 0	 0	 0	 0	 0	 צֶבַע
ירה	 1	 0	 1	 0	 0	 1	 0	 0	 0	 0	 רוֹגֶז
ריקנ	 0	 0	 0	 0	 1	 0	 1	 0	 0	 1	 לְחַבֵּק
יהרתי	 0	 0	 0	 0	 0	 0	 0	 0	 0	 0	 עָצוּם
הר	 0	 0	 1	 0	 0	 0	 0	 0	 0	 0	 ענק
אב	 0	 0	 0	 0	 0	 0	 0	 0	 0	 0	 לְקַלֵף
פוגע	 0	 0	 0	 0	 0	 0	 0	 0	 0	 0	 זִמזוּם
אב	 0	 0	 0	 0	 0	 0	 0	 0	 0	 0	 בן אנוש
חקלאות	 0	 0	 0	 0	 0	 0	 1	 0	 0	 0	 אֶנוֹשִׁי
תיק	 0	 1	 0	 0	 1	 0	 1	 0	 1	 1	 הוּמָנִיטָרִי
קט	 0	 0	 0	 0	 0	 0	 0	 0	 0	 0	 מַדָעֵי הָרוּחַ
קלפ	 0	 0	 0	 0	 1	 0	 1	 0	 0	 1	 אֶנוֹשִׁיוּת
צרוד	 0	 0	 1	 0	 0	 1	 1	 1	 0	 0	 צנוע
לה	 0	 0	 0	 0	 0	 0	 1	 1	 0	 0	 נַעֲנֶה
פעלתנ	 0	 0	 0	 0	 0	 0	 1	 0	 0	 0	 בצניעות
צריפ	 1	 0	 1	 0	 0	 1	 0	 1	 0	 0	 רַמַאִי
ול	 0	 0	 0	 0	 0	 0	 0	 0	 0	 0	 לח
יקינתונ	 0	 0	 0	 0	 0	 0	 0	 0	 0	 0	 לחות
יברידי	 1	 0	 0	 0	 0	 1	 0	 1	 0	 0	 לְהַשְׁפִּיל
ידרה	 0	 0	 1	 0	 0	 1	 0	 0	 0	 0	 משפיל
ידראוליקה	 0	 0	 1	 0	 0	 1	 0	 1	 0	 0	 הַשׁפָּלָה
ידרוצפלוס	 0	 0	 0	 0	 0	 0	 1	 0	 0	 1	 עֲנָוָה
ידרודינמיקה	 0	 0	 0	 0	 0	 0	 0	 0	 0	 0	 האמר
ימנ	 0	 0	 0	 0	 0	 0	 0	 0	 0	 0	 יונק דבש
ידרוגרפי	 0	 0	 0	 0	 0	 0	 0	 0	 0	 0	 ענק
ידרולוגיה	 0	 0	 0	 0	 0	 0	 1	 0	 0	 0	 הוּמוֹרִיסט
גהות	 0	 0	 0	 0	 1	 0	 1	 0	 0	 0	 הומוריסטי
יגיני	 0	 0	 0	 0	 0	 0	 0	 0	 0	 0	 גַבנוּן
נונ	 0	 0	 0	 0	 0	 1	 0	 0	 0	 0	 תְחוּשָׁה
תלהבות	 0	 0	 0	 0	 0	 0	 0	 0	 0	 0	 מֵאָה
גזמה	 0	 0	 0	 0	 0	 0	 0	 0	 0	 0	 מֵאְית
יפרטרופיה	 0	 0	 0	 0	 0	 0	 0	 0	 0	 0	 רעב
קפ	 0	 1	 0	 0	 0	 1	 0	 0	 0	 0	 רעב
יפנוטי	 0	 0	 0	 0	 0	 0	 0	 0	 0	 0	 חֲתִיך
פנט	 0	 0	 0	 0	 0	 0	 0	 0	 0	 0	 חתיכים
צביעות	 0	 0	 0	 0	 0	 0	 0	 0	 0	 0	 לָצוּד
צבוע	 0	 1	 0	 1	 0	 1	 0	 1	 0	 0	 צַיָד
צבוע	 1	 1	 0	 1	 0	 1	 0	 0	 0	 0	 ציד
ערה	 0	 0	 0	 0	 0	 0	 0	 0	 0	 0	 לְהַשְׁלִיך
יפותטי	 0	 0	 0	 0	 1	 0	 1	 0	 0	 0	 מהירה
יסטריה	 0	 0	 0	 1	 0	 1	 0	 0	 0	 0	 הוֹרִיקָן
יסטרי	 0	 1	 0	 0	 0	 1	 0	 0	 0	 0	 מיהרתי
קרח	 0	 1	 0	 0	 0	 0	 0	 0	 0	 0	 לְמַהֵר
קרחונ	 1	 0	 0	 1	 0	 1	 0	 1	 0	 0	 כאב
סמל	 1	 0	 1	 1	 0	 1	 0	 1	 0	 0	 פּוֹגֵעַ
איקוני	 1	 0	 0	 1	 0	 1	 0	 1	 0	 0	 כואב
איקונוגרפיה	 0	 0	 0	 0	 0	 0	 1	 0	 0	 1	 חקלאות
קרחי	 0	 0	 0	 0	 0	 0	 1	 0	 0	 0	 לְהַשְׁתִיק
רעיונ	 0	 0	 0	 0	 0	 0	 0	 0	 0	 0	 שקט
אידיאליזמ	 0	 0	 0	 0	 0	 0	 0	 0	 0	 0	 לְקַלֵף
אידיאליסט	 0	 0	 0	 0	 0	 0	 0	 0	 0	 0	 צָרוּד
זהה	 0	 0	 0	 0	 0	 0	 0	 0	 0	 0	 הֲמוּלָה
זהה	 0	 0	 0	 0	 0	 1	 0	 0	 0	 0	 פְּעַלתָן
זיהוי	 0	 0	 0	 0	 0	 0	 1	 1	 0	 0	 צְרִיף
זהות	 0	 0	 0	 0	 0	 0	 0	 0	 0	 0	 לוּל
זהות	 0	 0	 0	 0	 0	 0	 0	 0	 0	 0	 יַקִינתוֹן
אידאולוגיה	 0	 0	 0	 0	 0	 0	 0	 0	 0	 0	 היברידי
טמטומ המוח	 0	 0	 0	 1	 0	 1	 0	 0	 0	 0	 הידרה
ניב	 0	 0	 0	 0	 0	 0	 0	 0	 0	 0	 הידראוליקה
אידיומטי	 0	 0	 1	 1	 0	 1	 0	 1	 0	 0	 הידרוצפלוס
אידיוט	 0	 0	 0	 0	 0	 0	 0	 0	 0	 0	 הידרודינמיקה
אידיוטי	 0	 0	 0	 0	 0	 0	 0	 0	 0	 0	 מֵימָן
תבטל	 0	 0	 0	 0	 0	 0	 0	 0	 0	 0	 הידרוגרפי
טלה	 0	 0	 0	 0	 0	 0	 0	 0	 0	 0	 הידרולוגיה
טלנ	 0	 0	 0	 0	 0	 0	 0	 0	 0	 0	 גֵהוּת
אליל	 0	 0	 0	 0	 0	 0	 1	 0	 0	 0	 הִיגִיֵנִי
עבודת אלילימ	 0	 1	 0	 0	 1	 0	 1	 1	 0	 1	 הִמנוֹן
איגלו	 0	 1	 0	 0	 0	 1	 0	 0	 0	 0	 התלהבות
דלקתיות	 0	 0	 0	 0	 0	 1	 0	 0	 0	 0	 הַגזָמָה
צית	 0	 0	 1	 1	 0	 0	 0	 0	 1	 0	 היפרטרופיה
צתה	 0	 0	 0	 0	 0	 0	 0	 0	 0	 0	 מַקָף
רות	 0	 0	 0	 0	 0	 0	 0	 0	 0	 0	 הִיפּנוֹטִי
ר ועמ הארצ	 0	 0	 0	 0	 0	 0	 0	 0	 0	 0	 מהופנט
תעלמ	 0	 0	 0	 0	 0	 1	 0	 0	 0	 0	 צְבִיעוּת
דומימ	 0	 0	 1	 0	 0	 1	 0	 0	 0	 0	 צָבוּעַ
חולה	 0	 0	 1	 0	 0	 1	 0	 0	 0	 0	 צבוע
תי חוקי	 0	 1	 0	 0	 0	 0	 0	 0	 1	 0	 הַשׁעָרָה
אי חוקיות	 0	 0	 0	 0	 0	 0	 0	 0	 0	 0	 הִיפּוֹתֵטִי
אופנ לא חוקי	 0	 0	 0	 1	 0	 1	 0	 0	 0	 0	 הִיסטֵרִיָה
א קריא	 1	 0	 0	 1	 0	 1	 0	 0	 0	 0	 הִיסטֵרִי
א חוקי	 0	 0	 0	 0	 0	 0	 0	 0	 0	 0	 קרח
א חוקי	 0	 0	 0	 0	 0	 0	 0	 0	 0	 0	 קַרחוֹן
ור	 0	 0	 0	 0	 0	 0	 0	 0	 0	 0	 סמל
חלה	 0	 0	 0	 0	 0	 0	 0	 0	 0	 0	 איקוני
א הגיוני	 0	 0	 0	 0	 0	 0	 0	 0	 0	 0	 איקונוגרפיה
איר	 0	 0	 0	 0	 0	 0	 0	 0	 0	 0	 קרחי
תאורה	 0	 0	 0	 0	 0	 0	 0	 0	 0	 0	 רַעְיוֹן
איר	 0	 0	 0	 0	 0	 0	 1	 0	 0	 0	 אידיאליזם
אשליה	 0	 0	 0	 0	 0	 0	 0	 0	 0	 0	 אידיאליסט
חיש	 0	 0	 0	 0	 0	 0	 0	 0	 0	 0	 זֵהֶה
איור	 0	 0	 0	 0	 0	 0	 0	 0	 0	 0	 זהה
חשה	 0	 0	 0	 0	 0	 0	 0	 0	 0	 0	 זיהוי
לל	 0	 0	 0	 0	 0	 0	 0	 0	 0	 0	 לזהות
תמונה	 0	 0	 0	 0	 0	 0	 0	 0	 0	 0	 זהות
דימויימ	 0	 0	 0	 0	 0	 0	 0	 0	 0	 0	 אִידֵאוֹלוֹגִיָה
דמיוני	 1	 0	 1	 0	 0	 1	 0	 1	 0	 0	 טִמטוּם הַמוֹחַ
דמיונ	 0	 0	 0	 0	 0	 0	 0	 0	 0	 0	 נִיב
דמיוני	 0	 0	 0	 0	 0	 0	 0	 0	 0	 0	 אידיומטי
דמיינ	 0	 0	 1	 0	 0	 1	 0	 0	 0	 0	 אִידיוֹט
דמיינו	 1	 0	 1	 0	 0	 1	 0	 0	 0	 0	 אִידיוֹטִי
דמיינ	 0	 0	 0	 0	 0	 0	 0	 0	 0	 0	 לְהִתְבַּטֵל
אימאמ	 0	 0	 0	 0	 0	 0	 0	 0	 0	 0	 בַּטָלָה
טבע	 0	 0	 0	 0	 0	 1	 0	 0	 0	 0	 בטלן
חקות	 0	 0	 0	 0	 0	 0	 1	 0	 0	 0	 אֱלִיל
חיקוי	 0	 0	 1	 1	 0	 1	 0	 0	 0	 0	 עבודת אלילים
חיקוי	 0	 0	 0	 0	 0	 0	 0	 0	 0	 0	 אִיגְלוּ
א רבב	 0	 0	 0	 0	 0	 0	 0	 0	 0	 0	 דלקתיות
א משנה	 0	 0	 0	 0	 0	 0	 0	 0	 0	 0	 לְהַצִית
א מפותח	 0	 0	 0	 0	 0	 0	 0	 0	 0	 0	 הַצָתָה
חוסר בגרות	 0	 0	 0	 0	 0	 1	 0	 0	 0	 0	 בּוּרוּת
א גבול	 0	 0	 1	 0	 0	 1	 0	 0	 0	 0	 בור ועם הארץ
אינ שיעור	 0	 0	 0	 0	 0	 1	 0	 0	 0	 0	 להתעלם
דחיפות	 0	 0	 0	 0	 0	 0	 0	 0	 0	 0	 דומים
יד	 1	 0	 1	 1	 0	 1	 0	 1	 0	 0	 חולה
קדומ	 1	 0	 1	 1	 0	 1	 0	 1	 0	 0	 בִּלתִי חוּקִי
עצומ	 1	 0	 1	 1	 0	 1	 0	 0	 0	 0	 אִי חוּקִיוּת
טבול	 0	 0	 0	 0	 0	 0	 0	 0	 0	 0	 באופן לא חוקי
טבילה	 0	 0	 0	 0	 0	 1	 0	 0	 0	 0	 לֹא קָרִיא
גר	 1	 0	 1	 1	 0	 1	 0	 1	 1	 0	 לֹא חוּקִי
עלייה	 1	 0	 1	 1	 0	 1	 0	 0	 0	 0	 לֹא חוּקִי
 ובא	 0	 0	 1	 0	 0	 1	 0	 0	 0	 0	 בּוּר
א מוסרי	 0	 0	 0	 1	 0	 1	 0	 1	 0	 0	 מחלה
אי מוסריות	 0	 0	 0	 0	 0	 1	 0	 0	 0	 0	 לֹא הֶגיוֹנִי
נ אלמוות	 0	 1	 0	 0	 1	 0	 1	 0	 1	 0	 להאיר
נצח	 0	 0	 0	 0	 1	 0	 1	 0	 1	 1	 תְאוּרָה
תי ניתנת להזזה	 0	 0	 0	 0	 0	 0	 0	 0	 0	 0	 מאיר
חסינ	 0	 0	 0	 0	 0	 1	 0	 0	 1	 0	 אַשְׁלָיָה
חסינות	 0	 0	 0	 0	 0	 0	 1	 0	 0	 0	 להמחיש
תחסנות	 0	 0	 0	 0	 0	 0	 0	 0	 0	 0	 אִיוּר
תי ניתנ לשינוי	 0	 0	 0	 0	 0	 0	 0	 0	 0	 0	 להמחשה
שד	 0	 0	 0	 0	 0	 0	 1	 0	 0	 0	 מְהוּלָל
פגיעה	 0	 0	 0	 0	 0	 0	 0	 0	 0	 0	 תמונה
פגומ	 0	 0	 0	 0	 0	 0	 0	 0	 0	 0	 דימויים
ירידת ערכ	 0	 0	 0	 0	 0	 0	 0	 0	 0	 0	 דִמיוֹנִי
קנות	 0	 0	 0	 0	 0	 0	 0	 0	 0	 0	 דִמיוֹן
אוביקטיבי	 0	 0	 0	 0	 0	 0	 1	 0	 0	 0	 דִמיוֹנִי
חוסר משוא פנימ	 0	 0	 0	 0	 0	 0	 0	 0	 0	 0	 לדמיין
א עביר	 0	 0	 0	 0	 0	 0	 0	 0	 0	 0	 דמיינו
נלהב	 0	 0	 0	 0	 0	 0	 0	 0	 0	 0	 מדמיין
חוסר סבלנות	 0	 0	 0	 0	 0	 0	 0	 0	 0	 0	 אימאם
חסר סבלנות	 0	 0	 0	 0	 0	 0	 0	 0	 0	 0	 מוטבע
דיח	 0	 0	 0	 0	 0	 0	 0	 0	 0	 0	 לְחַקוֹת
דחה	 0	 0	 0	 0	 0	 1	 0	 0	 0	 0	 חיקוי
א דופי	 0	 0	 0	 0	 0	 1	 0	 0	 0	 0	 חיקוי
עכב	 0	 0	 0	 0	 1	 0	 1	 0	 0	 1	 לְלֹא רְבָב
ניעה	 0	 0	 0	 0	 0	 0	 0	 0	 0	 0	 לֹא מְשַׁנֵה
דחפ	 0	 1	 0	 0	 0	 1	 0	 0	 0	 0	 לֹא מְפוּתָח
 ובא	 1	 1	 0	 0	 0	 1	 0	 0	 0	 0	 חוֹסֶר בַּגרוּת
אטומ	 0	 0	 0	 0	 0	 0	 0	 0	 0	 0	 לְלֹא גְבוּל
רחי	 0	 0	 0	 0	 0	 0	 0	 0	 0	 0	 לאין שיעור
תי מורגש	 0	 0	 0	 0	 0	 0	 0	 0	 1	 0	 דְחִיפוּת
פגמ	 0	 1	 0	 0	 0	 1	 1	 0	 0	 0	 מיד
צורה לא מושלמת	 0	 0	 0	 0	 0	 0	 0	 0	 0	 0	 קָדוּם
קיסרי	 0	 0	 0	 0	 0	 0	 1	 0	 0	 0	 עצום
תי חדיר	 0	 1	 0	 1	 1	 0	 1	 0	 1	 1	 לִטבּוֹל
אסור	 0	 0	 0	 0	 0	 0	 0	 0	 0	 0	 טְבִילָה
א אישי	 0	 0	 0	 1	 0	 0	 0	 0	 0	 0	 מְהַגֵר
תחזות	 0	 0	 0	 0	 0	 0	 0	 0	 0	 0	 עלייה
תחזות	 0	 1	 0	 1	 0	 0	 0	 0	 0	 0	 מְמַשׁמֵשׁ וּבָא
אטומ	 1	 0	 1	 1	 0	 1	 0	 1	 0	 0	 לֹא מוּסָרִי
תנופה	 1	 0	 1	 0	 0	 1	 0	 0	 0	 0	 אִי מוּסָרִיוּת
א רחמימ	 0	 0	 0	 0	 0	 0	 1	 0	 0	 0	 בן אלמוות
תול	 0	 1	 0	 0	 0	 0	 0	 0	 0	 0	 נֵצַח
רשה	 0	 0	 0	 0	 0	 1	 1	 0	 0	 1	 בלתי ניתנת להזזה
תל	 0	 0	 0	 0	 0	 0	 0	 0	 0	 0	 חֲסִין
יישמ	 0	 0	 0	 0	 0	 0	 0	 0	 0	 0	 חֲסִינוּת
סבכ	 0	 0	 0	 0	 0	 0	 0	 0	 0	 1	 הִתחַסְנוּת
עורב	 0	 0	 0	 0	 0	 0	 0	 0	 0	 0	 בלתי ניתן לשינוי
עות	 0	 0	 0	 0	 0	 0	 0	 0	 0	 0	 שֵׁד
רומז	 0	 0	 0	 0	 0	 0	 0	 0	 0	 0	 פְּגִיעָה
תחננ	 0	 0	 0	 0	 0	 1	 0	 0	 0	 0	 לִפְגוֹם
תפרצות	 0	 0	 0	 0	 0	 1	 0	 0	 0	 0	 ירידת ערך
רמוז	 0	 0	 0	 0	 0	 0	 1	 0	 0	 1	 לְהַקְנוֹת
א מנומס	 0	 0	 0	 0	 0	 0	 1	 0	 0	 1	 אוֹבּיֶקְטִיבִי
יבוא	 0	 0	 0	 0	 0	 0	 1	 0	 0	 1	 חוסר משוא פנים
חשיבות	 0	 0	 0	 0	 0	 1	 0	 0	 0	 0	 לֹא עָבִיר
חשוב	 0	 0	 0	 0	 0	 0	 0	 0	 0	 0	 נִלהָב
יבוא	 0	 0	 0	 0	 0	 1	 0	 0	 0	 0	 חוֹסֶר סַבְלָנוּת
אכופ	 0	 1	 0	 0	 0	 1	 0	 0	 0	 0	 חסר סבלנות
פואר	 0	 0	 1	 1	 0	 1	 0	 0	 0	 0	 להדיח
טלה	 0	 0	 0	 0	 0	 1	 0	 0	 0	 0	 הדחה
אי אפשרות	 0	 0	 0	 0	 0	 0	 1	 0	 0	 1	 לְלֹא דוֹפִי
תי אפשרי	 0	 0	 0	 0	 0	 1	 0	 0	 0	 0	 לְעַכֵּב
עקרות	 0	 0	 0	 0	 0	 0	 0	 0	 0	 0	 מְנִיעָה
עקר	 0	 0	 0	 0	 0	 0	 0	 0	 0	 0	 דחף
חרימ	 0	 1	 0	 1	 0	 0	 0	 0	 0	 0	 מְמַשׁמֵשׁ וּבָא
א מעשי	 0	 0	 0	 0	 0	 0	 0	 0	 0	 1	 אָטוּם
רשימ	 0	 0	 0	 0	 0	 0	 0	 0	 0	 0	 הֶכְרֵחִי
רושמ	 0	 0	 0	 0	 0	 0	 0	 0	 0	 0	 בלתי מורגש
ניתנ להשפיע	 0	 0	 0	 0	 0	 1	 0	 0	 0	 0	 פְּגָם
חותמ	 0	 0	 0	 0	 0	 1	 0	 0	 0	 0	 בצורה לא מושלמת
וא	 0	 0	 0	 0	 0	 0	 0	 0	 0	 0	 קֵיסָרִי
וא	 1	 0	 0	 1	 0	 0	 0	 0	 0	 0	 בִּלתִי חָדִיר
אסר	 0	 0	 0	 0	 0	 0	 0	 0	 0	 0	 אסור
א סביר	 0	 0	 0	 0	 0	 0	 0	 0	 0	 0	 לֹא אִישִׁי
אולתר	 0	 0	 0	 0	 0	 1	 0	 0	 0	 0	 לְהִתְחַזוֹת
חוסר תקינות	 0	 0	 0	 0	 0	 1	 0	 0	 0	 0	 התחזות
פר	 0	 0	 0	 0	 0	 0	 1	 0	 0	 0	 אָטוּם
פר	 0	 0	 0	 0	 0	 0	 0	 0	 0	 0	 תְנוּפָה
חה	 0	 0	 0	 0	 0	 1	 0	 0	 0	 0	 ללא רחמים
תפר	 0	 0	 0	 0	 0	 0	 0	 0	 0	 0	 לִשְׁתוֹל
אלתור	 0	 0	 0	 0	 0	 0	 0	 0	 0	 0	 הַשׁרָשָׁה
אלתר	 0	 0	 0	 0	 0	 0	 0	 0	 0	 0	 מושתל
אולתר	 0	 0	 0	 0	 0	 0	 0	 0	 0	 0	 ליישם
א זהיר	 1	 0	 0	 0	 0	 1	 0	 0	 0	 0	 לְסַבֵּך
דחפ	 0	 0	 0	 0	 0	 0	 0	 0	 0	 0	 מעורב
פטור מעונש	 0	 0	 0	 0	 0	 0	 0	 0	 0	 0	 מַשְׁמָעוּת
טמא	 0	 0	 0	 0	 0	 0	 0	 0	 0	 0	 מְרוּמָז
טומאה	 0	 0	 0	 0	 0	 0	 0	 0	 0	 0	 לְהִתְחַנֵן
זקיפה	 0	 0	 0	 0	 0	 0	 0	 0	 0	 0	 התפרצות
חוסר יכולת	 0	 0	 0	 0	 0	 0	 0	 0	 0	 0	 לִרְמוֹז
א נגיש	 0	 0	 1	 0	 0	 1	 0	 0	 0	 0	 לא מנומס
א מדויק	 0	 0	 0	 0	 0	 0	 0	 0	 0	 0	 יְבוּא
אי פעולה	 0	 1	 0	 0	 0	 0	 1	 0	 0	 0	 חֲשִׁיבוּת
טל	 0	 0	 0	 0	 0	 0	 1	 0	 0	 1	 חָשׁוּב
איונ פעולה	 0	 0	 0	 0	 0	 0	 0	 0	 0	 0	 יְבוּא
א פעיל	 0	 0	 0	 0	 0	 0	 0	 0	 0	 0	 לֶאֱכוֹף
חוסר פעילות	 0	 0	 0	 0	 0	 0	 0	 0	 0	 0	 מְפוֹאָר
אי כשירות	 0	 0	 0	 0	 0	 1	 0	 0	 0	 0	 הַטָלָה
קוי	 0	 0	 0	 0	 0	 0	 0	 0	 0	 0	 אִי אֶפְשָׁרוּת
א קביל	 0	 0	 0	 0	 0	 1	 0	 1	 0	 0	 בלתי אפשרי
גג	 1	 0	 0	 1	 0	 1	 0	 1	 0	 0	 עֲקָרוּת
י משימ	 0	 0	 0	 0	 0	 1	 0	 0	 0	 0	 עָקָר
אינ להעבירו	 0	 0	 0	 0	 0	 1	 0	 0	 0	 0	 לְהַחרִים
טופש	 0	 0	 0	 0	 0	 1	 0	 0	 0	 0	 לֹא מַעֲשִׂי
דוממ	 0	 0	 0	 0	 0	 0	 1	 0	 0	 0	 לְהַרְשִׁים
א ישימ	 0	 0	 0	 0	 0	 0	 1	 0	 0	 0	 רוֹשֶׁם
א ראוי	 0	 0	 0	 0	 0	 0	 0	 0	 0	 1	 ניתן להשפיע
אי הקשבה	 0	 0	 0	 0	 0	 0	 0	 0	 0	 0	 חוֹתָם
תי נשמע	 0	 0	 0	 0	 0	 1	 0	 0	 0	 0	 לִכלוֹא
פתיחה	 1	 0	 1	 1	 0	 1	 0	 1	 0	 0	 כָּלוּא
חנוכ	 1	 0	 1	 1	 0	 1	 0	 1	 0	 0	 מַאֲסָר
חנוכה	 0	 0	 0	 0	 0	 0	 0	 0	 0	 0	 לֹא סָבִיר
טבע	 0	 0	 0	 0	 0	 0	 0	 0	 0	 0	 מְאוּלתָר
גזע	 0	 0	 0	 0	 0	 1	 0	 0	 0	 0	 חוסר תקינות
תי ניתנ לחישוב	 0	 1	 0	 0	 1	 0	 1	 0	 0	 1	 לְשַׁפֵּר
זוהר	 0	 0	 0	 0	 0	 0	 1	 0	 0	 0	 מְשׁוּפָּר
א מסוגל	 0	 0	 0	 0	 1	 0	 1	 0	 0	 1	 הַשׁבָּחָה
נכות	 0	 0	 0	 0	 0	 0	 1	 0	 0	 0	 משתפר
יאה	 0	 0	 0	 0	 0	 0	 0	 0	 1	 0	 אִלתוּר
קרה	 0	 1	 0	 0	 0	 0	 1	 0	 1	 0	 לְאַלתֵר
עיר	 0	 0	 0	 0	 0	 0	 0	 0	 0	 0	 מְאוּלתָר
קטורת	 0	 0	 0	 0	 0	 1	 0	 1	 0	 0	 לֹא זָהִיר
תמריצ	 0	 0	 0	 0	 0	 0	 0	 0	 0	 0	 דַחַף
תחלה	 0	 0	 0	 0	 0	 0	 0	 0	 0	 0	 פְּטוֹר מִעוֹנֶשׁ
תמידי	 0	 0	 1	 0	 0	 1	 0	 0	 0	 0	 טָמֵא
א הרפ	 0	 0	 1	 0	 0	 1	 0	 0	 0	 0	 טוּמאָה
גילוי עריות	 0	 0	 0	 0	 0	 1	 0	 0	 0	 0	 זקיפה
עריות	 0	 0	 0	 0	 0	 1	 0	 1	 0	 0	 חוסר יכולת
אינטש	 0	 0	 0	 0	 0	 1	 0	 0	 0	 0	 לא נגיש
יחות	 0	 0	 0	 0	 0	 1	 0	 0	 0	 0	 לֹא מְדוּיָק
תקרית	 0	 0	 0	 0	 0	 1	 0	 0	 0	 0	 אִי פֵּעוּלָה
אגב	 0	 0	 0	 0	 0	 0	 0	 0	 0	 0	 לבטל
ריפה	 0	 0	 0	 0	 0	 0	 0	 0	 0	 0	 אִיוּן פְּעוּלָה
תחלי	 0	 0	 0	 0	 0	 0	 0	 0	 0	 0	 לֹא פָּעִיל
חתכ	 0	 0	 0	 0	 0	 1	 0	 0	 0	 0	 חוֹסֶר פְּעִילוּת
נוקב	 0	 0	 0	 0	 0	 1	 0	 0	 0	 0	 אי כשירות
סית	 0	 0	 0	 0	 0	 1	 0	 1	 0	 0	 לָקוּי
סתה	 1	 0	 1	 0	 0	 1	 0	 0	 0	 0	 לֹא קָבִיל
סגרירי	 0	 0	 0	 0	 0	 0	 0	 0	 0	 0	 בשוגג
יצר	 0	 0	 0	 0	 0	 0	 0	 0	 0	 0	 מבלי משים
נטות	 0	 0	 0	 0	 0	 0	 1	 0	 0	 0	 שֶׁאֵין לְהַעבִירוֹ
נוטה	 0	 0	 0	 0	 0	 1	 0	 0	 0	 0	 מְטוּפָּשׁ
ול	 0	 0	 0	 0	 0	 0	 0	 0	 0	 0	 דוֹמֵם
ול	 0	 0	 0	 0	 0	 1	 0	 0	 0	 0	 לֹא יָשִׂים
רבות	 1	 0	 1	 0	 0	 1	 0	 1	 0	 0	 לא ראוי
לה	 1	 0	 0	 0	 0	 1	 0	 0	 0	 0	 אי הקשבה
ול	 0	 0	 0	 0	 0	 1	 0	 0	 0	 0	 בלתי נשמע
גלישה בסתר	 0	 1	 0	 0	 0	 0	 0	 0	 0	 0	 פתיחה
בל	 0	 0	 0	 0	 0	 0	 0	 0	 0	 0	 לַחֲנוֹך
נסה	 0	 1	 0	 0	 1	 0	 1	 0	 0	 1	 חֲנוּכָּה
נכנס	 0	 0	 0	 0	 0	 0	 0	 0	 0	 0	 מוּטבָּע
אינו עולה בקנה אחד	 0	 0	 0	 0	 0	 0	 0	 0	 0	 0	 מגזע
חוסר כשרונ	 0	 0	 0	 0	 0	 1	 0	 0	 0	 0	 בלתי ניתן לחישוב
חסר יכולת	 0	 0	 0	 0	 0	 0	 0	 0	 0	 0	 זוֹהֵר
אופנ לא שלמ	 0	 0	 0	 0	 0	 0	 0	 0	 0	 0	 לֹא מְסוּגָל
פגימות	 0	 0	 0	 0	 0	 1	 0	 0	 0	 0	 נָכוּת
א מובנ	 1	 0	 1	 1	 0	 1	 0	 1	 0	 0	 כְּלִיאָה
א חד משמעי	 1	 0	 1	 1	 0	 1	 0	 1	 0	 0	 במקרה
א מתאימ	 1	 0	 0	 1	 0	 1	 0	 0	 1	 0	 מַבעִיר
חסר חשיבות	 1	 0	 0	 0	 0	 1	 0	 0	 0	 0	 קְטוֹרֶת
א מתחשב	 0	 0	 0	 0	 0	 0	 0	 0	 0	 0	 תַמרִיץ
חוסר עקביות	 0	 0	 0	 0	 0	 0	 0	 0	 0	 0	 הַתחָלָה
א בולט	 0	 0	 0	 0	 0	 1	 0	 0	 0	 0	 תְמִידִי
ריחת שתנ	 0	 0	 0	 0	 0	 0	 0	 0	 0	 0	 ללא הרף
א נוח	 1	 0	 1	 1	 0	 1	 0	 1	 0	 0	 גילוי עריות
עמ	 0	 0	 1	 0	 0	 1	 0	 0	 0	 0	 עריות
תגשמות	 0	 0	 0	 0	 0	 0	 0	 0	 0	 0	 אִינְטשׁ
א נכונ	 0	 0	 0	 0	 0	 0	 0	 0	 0	 0	 שכיחות
גביר	 0	 0	 0	 0	 0	 0	 0	 0	 1	 0	 תַקרִית
גדל	 0	 0	 0	 0	 0	 0	 0	 0	 0	 0	 אַגַב
ספקני	 0	 0	 0	 0	 0	 1	 0	 0	 0	 0	 שריפה
תוספת	 0	 0	 0	 0	 0	 0	 0	 0	 0	 0	 הֶתחֵלִי
פללה	 0	 0	 0	 0	 0	 0	 0	 0	 0	 0	 חֲתָך
דגירה	 0	 0	 0	 0	 0	 0	 1	 0	 0	 0	 נוֹקֵב
אינקובוס	 1	 1	 0	 1	 0	 1	 0	 0	 0	 0	 לְהַסִית
יטול על עצמו	 0	 0	 0	 0	 0	 0	 0	 0	 0	 0	 הֲסָתָה
חשוכ מרפא	 0	 0	 0	 0	 0	 1	 0	 0	 0	 0	 סַגרִירִי
פלישה	 0	 0	 0	 0	 0	 0	 0	 0	 0	 0	 יֵצֶר
אסיר תודה	 0	 0	 0	 0	 0	 0	 0	 0	 0	 1	 לנטות
גונה	 0	 0	 0	 0	 0	 0	 0	 0	 0	 0	 נוֹטֶה
גונה	 0	 0	 0	 0	 0	 0	 1	 0	 0	 0	 לִכלוֹל
ססנות	 0	 0	 0	 0	 0	 0	 1	 0	 0	 0	 כלול
ססני	 0	 0	 0	 0	 0	 0	 1	 0	 0	 0	 לְרַבּוֹת
תי ניתנ להגנה	 0	 0	 0	 0	 0	 0	 0	 0	 0	 1	 הַכלָלָה
תי ניתנ למחיקה	 0	 0	 0	 0	 0	 0	 1	 0	 0	 0	 כָּלוּל
יפוי	 0	 0	 0	 0	 0	 0	 0	 0	 0	 0	 גלישה בסתר
פצות	 0	 0	 0	 0	 0	 1	 0	 0	 0	 0	 מְבוּלבָּל
פוי	 0	 1	 0	 0	 1	 1	 1	 1	 0	 1	 הַכנָסָה
ננ	 0	 0	 0	 0	 0	 0	 0	 0	 0	 0	 נִכנָס
זחה	 1	 0	 1	 0	 0	 1	 0	 1	 0	 0	 שאינו עולה בקנה אחד
חתימה	 0	 0	 0	 0	 0	 1	 0	 0	 0	 0	 חוֹסֶר כִּשָׁרוֹן
עצמאות	 1	 0	 0	 0	 0	 1	 0	 1	 0	 0	 חֲסַר יְכוֹלֶת
עצמאי	 0	 0	 0	 0	 0	 0	 0	 0	 0	 0	 באופן לא שלם
א יתואר	 0	 0	 0	 0	 0	 1	 0	 0	 0	 0	 פְּגִימוּת
תי ניתנ להריסה	 0	 0	 0	 0	 0	 1	 0	 0	 0	 0	 לא מובן
א קבוע	 0	 0	 0	 0	 0	 0	 0	 0	 0	 0	 לא חד משמעי
אינדקס	 1	 0	 0	 0	 0	 1	 0	 0	 0	 0	 לֹא מַתְאִים
ציינ	 0	 0	 0	 0	 0	 1	 0	 1	 0	 0	 חֲסַר חֲשִׁיבוּת
סימנ	 1	 0	 1	 0	 0	 1	 0	 1	 0	 0	 לֹא מִתְחַשֵׁב
עיד על	 0	 0	 0	 0	 0	 1	 0	 0	 0	 0	 חוסר עקביות
אינדיקטור	 0	 0	 0	 0	 0	 0	 0	 0	 0	 0	 לֹא בּוֹלֵט
דד	 0	 0	 0	 0	 0	 0	 0	 0	 1	 0	 בריחת שתן
אשימ	 1	 0	 1	 0	 0	 1	 0	 1	 0	 0	 לֹא נוֹחַ
תב אישומ	 0	 0	 0	 0	 0	 0	 0	 0	 0	 0	 בעמ
אדישות	 0	 0	 0	 0	 0	 0	 0	 0	 0	 0	 הִתגַשְׁמוּת
ילידי	 0	 0	 0	 0	 0	 1	 0	 0	 0	 0	 לֹא נָכוֹן
נצרכ	 0	 0	 0	 0	 0	 0	 1	 0	 0	 0	 להגביר
קלקול קבה	 0	 0	 0	 0	 0	 0	 0	 0	 0	 0	 מוּגדָל
תרעמ	 1	 0	 1	 0	 0	 1	 0	 0	 0	 0	 סַפקָנִי
עס	 0	 0	 0	 0	 0	 0	 0	 0	 0	 0	 תוֹסֶפֶת
אינדיגו	 0	 0	 0	 1	 0	 1	 0	 1	 0	 0	 הַפלָלָה
עקיפ	 0	 0	 0	 0	 0	 0	 0	 0	 0	 0	 דְגִירָה
חיוני	 0	 0	 1	 1	 0	 1	 0	 0	 0	 0	 אינקובוס
א ברור	 0	 0	 0	 0	 0	 1	 0	 0	 0	 0	 לִיטוֹל עַל עַצמוֹ
תי נבדל	 1	 0	 1	 1	 0	 1	 0	 1	 0	 0	 חָשׁוּך מַרפֵּא
אינדיבידואליות	 0	 0	 0	 1	 0	 1	 0	 0	 0	 0	 פְּלִישָׁה
תי ניתנ לחלוקה	 0	 0	 0	 0	 0	 0	 0	 0	 0	 0	 אסיר תודה
אינדוקטרינציה	 1	 0	 1	 0	 0	 0	 0	 0	 0	 0	 מגונה
עצל	 0	 0	 1	 0	 0	 1	 0	 0	 0	 0	 מְגוּנֶה
א חת	 0	 0	 0	 0	 0	 1	 0	 0	 0	 0	 הַסְסָנוּת
תוכ הבית	 0	 0	 0	 0	 0	 1	 0	 0	 0	 0	 הססני
רות	 0	 0	 0	 1	 0	 1	 0	 0	 0	 0	 בלתי ניתן להגנה
רה	 0	 0	 0	 0	 0	 0	 1	 0	 0	 1	 בלתי ניתן למחיקה
תמריצ	 0	 0	 0	 0	 0	 0	 0	 0	 0	 0	 שיפוי
ראה	 0	 0	 0	 0	 0	 1	 0	 0	 0	 0	 לְפַצוֹת
פנק	 0	 0	 0	 0	 0	 0	 1	 0	 0	 1	 שִׁפּוּי
פינוק	 0	 0	 0	 0	 0	 0	 0	 0	 0	 1	 לְשַׁנֵן
תרני	 0	 0	 0	 0	 0	 0	 0	 0	 0	 0	 הֲזָחָה
חרוצ	 1	 0	 0	 0	 0	 1	 0	 0	 0	 0	 חתימה
תעשיה	 0	 1	 0	 0	 1	 0	 1	 0	 1	 1	 עצמאות
 יתואר	 0	 0	 0	 0	 0	 0	 0	 0	 0	 0	 עצמאי
א יעיל	 0	 0	 0	 0	 0	 0	 0	 0	 0	 0	 לֹא יְתוּאָר
א יעיל	 0	 0	 0	 0	 0	 0	 1	 0	 0	 1	 בלתי ניתן להריסה
אי יעילות	 0	 0	 0	 0	 0	 1	 0	 0	 0	 0	 לֹא קָבוּעַ
א יעיל	 0	 0	 0	 0	 0	 0	 0	 0	 0	 0	 אינדקס
א גמיש	 0	 0	 0	 0	 0	 0	 0	 0	 0	 0	 מציין
א זכאי ל	 0	 0	 0	 0	 0	 0	 0	 0	 0	 0	 סִימָן
טותי	 0	 0	 0	 0	 0	 0	 0	 0	 0	 0	 מְעִיד עַל
חוסר יכולת	 0	 0	 0	 0	 0	 0	 0	 0	 0	 0	 אינדיקטור
אי שיוויונ	 0	 0	 0	 0	 0	 0	 0	 0	 0	 0	 מדד
חוסר שוויונ	 1	 0	 0	 1	 0	 1	 0	 0	 0	 0	 לְהַאֲשִׁים
נרפה	 0	 0	 0	 1	 0	 1	 0	 0	 0	 0	 כתב אישום
אינרציה	 1	 0	 1	 1	 0	 1	 0	 1	 0	 0	 אֲדִישׁוּת
תי נמנע	 0	 0	 0	 0	 0	 0	 0	 0	 0	 0	 יְלִידִי
א מדויק	 0	 0	 0	 0	 0	 1	 0	 1	 0	 0	 נִצרָך
תי נסלח	 0	 0	 0	 0	 0	 0	 0	 0	 0	 0	 קִלקוּל קֵבָה
א אכזב	 1	 0	 0	 0	 0	 1	 0	 0	 0	 0	 מִתרַעֵם
א יקר	 1	 0	 1	 0	 0	 1	 0	 0	 0	 0	 כַּעַס
חוסר נסיונ	 0	 0	 0	 0	 0	 0	 0	 0	 0	 0	 אִינדִיגוֹ
א מנוסה	 0	 0	 0	 0	 0	 0	 0	 0	 0	 0	 עקיף
אינ להסבירו	 0	 0	 0	 0	 0	 0	 0	 0	 0	 0	 חִיוּנִי
חוסר תקלות	 0	 0	 0	 0	 0	 1	 0	 0	 0	 0	 לֹא בָּרוּר
דאי	 0	 0	 0	 0	 0	 0	 0	 0	 0	 0	 בלתי נבדל
תועב	 0	 0	 0	 0	 0	 0	 1	 0	 0	 0	 אִינְדִיבִידוּאָלִיוּת
קלונ	 0	 0	 0	 0	 0	 0	 0	 0	 0	 1	 בלתי ניתן לחלוקה
ינקות	 1	 0	 0	 1	 0	 1	 0	 0	 0	 0	 אינדוקטרינציה
תינוק	 0	 0	 0	 0	 0	 1	 0	 0	 0	 0	 עָצֵל
רצח תינוקות	 0	 0	 0	 1	 0	 0	 1	 0	 0	 0	 לְלֹא חַת
ילדותי	 0	 0	 0	 0	 0	 0	 0	 0	 0	 0	 בתוך הבית
חיל הרגלימ	 0	 0	 0	 0	 0	 0	 0	 0	 0	 0	 לְהַשְׁרוֹת
אוטמ	 0	 0	 0	 0	 0	 0	 0	 0	 0	 0	 מושרה
אהבה עורת	 0	 0	 0	 0	 0	 0	 0	 0	 0	 0	 תמריץ
תי אפשרי	 0	 0	 0	 0	 0	 0	 0	 0	 0	 0	 הַשׁרָאָה
דביק	 0	 0	 0	 0	 0	 0	 0	 0	 0	 0	 לְפַנֵק
דבקה	 0	 0	 0	 0	 0	 0	 0	 0	 0	 0	 פינוק
דבק	 0	 0	 0	 0	 0	 0	 0	 0	 0	 0	 וַתְרָנִי
סיק	 0	 0	 0	 0	 0	 0	 0	 0	 0	 0	 חָרוּץ
סקה	 0	 0	 0	 0	 0	 0	 0	 0	 0	 0	 תַעֲשִׂיָה
סקנות	 0	 0	 0	 0	 0	 0	 1	 0	 0	 0	 בַּל יְתוּאַר
נחות	 0	 0	 0	 0	 0	 1	 0	 0	 0	 0	 לֹא יָעִיל
נחיתות	 0	 0	 1	 0	 0	 1	 0	 0	 0	 0	 לֹא יָעִיל
תופת	 0	 0	 1	 0	 0	 1	 0	 1	 0	 0	 אִי יְעִילוּת
עקר	 0	 0	 0	 0	 0	 1	 0	 1	 0	 0	 לֹא יָעִיל
אי פוריות	 0	 0	 0	 0	 0	 0	 0	 0	 0	 0	 לא גמיש
ריצה	 0	 0	 0	 0	 0	 0	 0	 0	 0	 0	 לא זכאי ל
פר	 1	 0	 1	 0	 0	 1	 0	 0	 0	 0	 שׁטוּתִי
אי נאמנות	 0	 0	 1	 1	 0	 1	 0	 1	 0	 0	 חוסר יכולת
סתננות	 1	 0	 0	 1	 0	 1	 0	 1	 0	 0	 אי שיוויון
אינסופ	 0	 0	 0	 0	 0	 1	 0	 0	 0	 0	 חוסר שוויון
אינ סופ	 0	 0	 0	 0	 0	 1	 0	 0	 0	 0	 נרפה
זעיר מאד	 0	 0	 0	 0	 0	 0	 0	 0	 0	 0	 אִינֶרצִיָה
אינסופ	 0	 0	 0	 0	 0	 0	 0	 0	 0	 0	 בִּלתִי נִמנַע
חולה	 0	 0	 0	 0	 0	 0	 0	 0	 0	 0	 לֹא מְדוּיָק
רפאה	 1	 0	 1	 0	 0	 1	 0	 1	 0	 0	 בלתי נסלח
חולשה	 0	 0	 0	 0	 0	 0	 0	 0	 0	 0	 לֹא אַכזָב
דלקת	 0	 0	 0	 0	 0	 0	 1	 0	 0	 0	 לא יקר
נופח	 0	 0	 0	 0	 0	 1	 0	 0	 0	 0	 חוֹסֶר נִסָיוֹן
אינפלציה	 0	 0	 0	 0	 0	 1	 0	 0	 0	 0	 לֹא מְנוּסֶה
נטיה	 0	 0	 0	 0	 0	 1	 0	 0	 1	 0	 שֶׁאֵין לְהַסבִּירוֹ
גרומ	 0	 0	 0	 0	 0	 0	 0	 0	 0	 1	 חוסר תקלות
גרימה	 0	 0	 0	 0	 0	 0	 1	 0	 0	 0	 וַדָאִי
תפרחת	 1	 0	 1	 1	 0	 1	 0	 0	 0	 0	 מְתוֹעָב
פיע	 0	 0	 0	 0	 0	 1	 0	 1	 0	 0	 קָלוֹן
על השפעה	 0	 0	 0	 0	 0	 0	 0	 0	 0	 0	 יַנקוּת
פעת	 0	 1	 0	 1	 1	 0	 1	 0	 1	 0	 תִינוֹק
זרמ	 1	 1	 1	 1	 0	 1	 0	 1	 0	 0	 רצח תינוקות
דווח	 1	 0	 1	 0	 0	 1	 0	 0	 0	 0	 יַלדוּתִי
א רשמי	 0	 0	 0	 0	 0	 0	 0	 0	 0	 0	 חֵיל הַרַגלִים
דיע	 0	 0	 0	 1	 0	 1	 0	 0	 1	 0	 אוטם
ידע	 0	 0	 0	 0	 0	 0	 0	 0	 0	 0	 אַהֲבָה עִוֶרֶת
עודכנ	 0	 0	 0	 0	 0	 0	 0	 0	 0	 0	 בלתי אפשרי
דיע	 0	 0	 1	 0	 0	 1	 0	 0	 0	 0	 לְהַדבִּיק
פרה	 0	 0	 0	 1	 0	 1	 0	 0	 0	 0	 הַדבָּקָה
נדיר	 0	 0	 1	 1	 0	 1	 0	 1	 0	 0	 מִדַבֵּק
עתימ רחוקות	 0	 0	 0	 0	 0	 0	 0	 0	 0	 0	 לְהַסִיק
פרה	 0	 0	 0	 0	 0	 0	 0	 0	 0	 0	 הסקה
חדיר	 0	 0	 0	 0	 0	 0	 0	 0	 0	 0	 מסקנות
חדורימ	 0	 0	 0	 0	 0	 1	 0	 1	 0	 0	 נָחוּת
אינפוזיה	 0	 0	 0	 0	 0	 1	 0	 0	 0	 0	 נְחִיתוּת
חוכמ	 1	 0	 0	 1	 0	 1	 0	 0	 0	 0	 תוֹפֶת
נינות	 0	 0	 0	 0	 0	 0	 0	 0	 0	 0	 עָקָר
לע	 0	 0	 0	 0	 0	 1	 0	 1	 0	 0	 אִי פּוּרִיוּת
נסת מזונ	 0	 0	 1	 1	 0	 1	 0	 0	 0	 0	 שְׁרִיצָה
טיל	 1	 0	 1	 1	 0	 1	 0	 0	 0	 0	 כּוֹפֵר
עמוק	 1	 0	 1	 1	 0	 1	 0	 1	 0	 0	 אי נאֱמנות
רכיב	 0	 0	 0	 0	 0	 1	 1	 0	 0	 0	 הִסתַנְנוּת
ניסה	 0	 0	 0	 0	 0	 0	 1	 0	 0	 0	 אֵינְסוֹף
גור	 0	 0	 0	 0	 0	 0	 0	 0	 0	 0	 אין סוף
תושב	 0	 0	 0	 0	 0	 0	 0	 0	 0	 0	 זָעִיר מְאֹד
אוכלס	 0	 1	 0	 0	 1	 0	 1	 0	 0	 1	 אינסוף
אכלסימ	 0	 0	 0	 0	 0	 1	 0	 0	 0	 0	 חוֹלֶה
איפה	 0	 0	 0	 0	 0	 0	 0	 0	 0	 0	 מרפאה
אופ	 0	 0	 0	 1	 0	 1	 0	 0	 0	 0	 חוּלשָׁה
טבוע	 0	 0	 0	 0	 0	 1	 0	 0	 0	 0	 דַלֶקֶת
רשת	 0	 0	 0	 0	 0	 1	 0	 0	 0	 0	 מְנוּפָּח
ירושה	 0	 0	 0	 1	 0	 1	 0	 0	 0	 0	 אִינפלַצִיָה
עכב	 0	 0	 0	 0	 0	 0	 0	 0	 0	 0	 נטיה
עכבה	 1	 0	 0	 1	 0	 1	 0	 1	 0	 0	 לִגרוֹם
תי מסביר פנימ	 0	 0	 0	 1	 0	 1	 0	 1	 0	 0	 גרימה
א אנושי	 0	 0	 0	 0	 0	 0	 0	 0	 0	 0	 תִפרַחַת
אכזריות	 0	 0	 0	 0	 0	 1	 1	 0	 0	 0	 לְהַשְׁפִּיעַ
עוינ	 0	 0	 0	 0	 0	 0	 1	 0	 0	 1	 בעל השפעה
תי ניתנ לחיקוי	 0	 0	 0	 0	 0	 1	 0	 0	 0	 0	 שַׁפַעַת
עוונ	 0	 0	 0	 0	 0	 0	 0	 0	 0	 0	 זֶרֶם
תחלתי	 0	 0	 0	 0	 0	 0	 0	 0	 0	 1	 לדווח
יזומ	 0	 0	 0	 0	 0	 0	 0	 0	 0	 0	 לא רשמי
יזומ	 0	 0	 0	 0	 0	 0	 0	 0	 0	 0	 מודיע
יוזמה	 0	 0	 0	 0	 0	 0	 1	 0	 0	 0	 מֵידָע
זריק	 0	 0	 0	 0	 0	 0	 0	 0	 0	 0	 מעודכן
זריקה	 0	 0	 0	 0	 0	 1	 0	 0	 0	 0	 מוֹדִיעַ
צו מניעה	 1	 0	 0	 0	 0	 1	 0	 0	 0	 0	 הפרה
פגוע	 0	 0	 0	 0	 0	 0	 0	 0	 1	 0	 נָדִיר
נפגע	 0	 0	 0	 0	 0	 1	 0	 0	 0	 0	 לְעִתִים רְחוֹקוֹת
פוגע	 0	 0	 0	 0	 0	 1	 0	 0	 0	 0	 הֲפָרָה
פציעה	 0	 0	 0	 0	 0	 0	 0	 0	 0	 0	 להחדיר
אי צדק	 0	 0	 0	 0	 0	 0	 0	 0	 0	 0	 חדורים
דיו	 0	 0	 0	 0	 0	 0	 0	 0	 0	 0	 אִינפוּזִיָה
רמז	 0	 0	 0	 0	 0	 0	 1	 0	 0	 0	 מְחוּכָּם
פנימ הארצ	 0	 0	 0	 0	 0	 0	 0	 0	 0	 0	 שְׁנִינוּת
וצ	 0	 0	 0	 0	 0	 0	 0	 0	 0	 0	 לְהֵבָּלַע
פרצונ	 0	 0	 0	 0	 0	 0	 0	 0	 0	 0	 הַכנָסַת מָזוֹן
אסיר	 0	 0	 0	 0	 0	 0	 0	 0	 0	 0	 מְטִיל
אכסניה	 0	 0	 0	 0	 0	 0	 0	 0	 0	 0	 עָמוֹק
טבע	 0	 0	 0	 0	 0	 0	 0	 0	 0	 0	 מַרכִּיב
פנימי ביותר	 0	 0	 0	 0	 0	 0	 0	 0	 0	 0	 כניסה
סיבובימ	 0	 0	 0	 0	 0	 0	 0	 0	 0	 0	 לָגוּר
פונדקאי	 0	 0	 0	 0	 0	 0	 0	 0	 0	 0	 תוֹשָׁב
חפות מפשע	 0	 0	 0	 0	 0	 0	 0	 0	 0	 0	 מְאוּכלָס
חפ מפשע	 0	 0	 0	 0	 0	 0	 0	 0	 0	 0	 מאכלסים
תמימות	 0	 0	 0	 0	 0	 0	 0	 0	 0	 0	 שְׁאִיפָה
א מזיק	 0	 0	 0	 0	 0	 0	 0	 0	 0	 0	 לִשְׁאוֹף
חדש	 0	 0	 0	 0	 0	 0	 0	 0	 0	 0	 טבוע
חדשנות	 0	 0	 0	 0	 0	 0	 0	 0	 0	 0	 לָרֶשֶׁת
רמיזת זלזול	 0	 1	 0	 0	 1	 0	 1	 0	 1	 1	 יְרוּשָׁה
אינ ספור	 1	 0	 1	 0	 0	 1	 0	 1	 0	 0	 לעכב
רכבה	 0	 0	 0	 0	 0	 0	 0	 0	 0	 0	 עַכָּבָּה
א פועל	 0	 0	 0	 0	 0	 1	 0	 1	 0	 0	 בלתי מסביר פנים
פרז	 1	 0	 1	 1	 0	 1	 0	 1	 0	 0	 לֹא אֶנוֹשִׁי
דוממ	 0	 0	 0	 0	 0	 1	 0	 1	 0	 0	 אַכְזָרִיוּת
חקירה	 1	 0	 0	 0	 0	 1	 0	 1	 0	 0	 עוֹיֵן
אול	 0	 0	 0	 0	 0	 0	 1	 0	 0	 1	 בלתי ניתן לחיקוי
אל	 0	 0	 1	 0	 0	 1	 0	 0	 0	 0	 עָווֹן
אל	 0	 0	 0	 0	 0	 0	 0	 0	 0	 0	 התחלתי
חקירה	 0	 0	 0	 0	 0	 0	 0	 0	 0	 0	 לִיזוֹם
סקרנ	 0	 0	 0	 0	 0	 0	 0	 0	 0	 0	 יָזוּם
טורפ	 0	 0	 0	 0	 0	 0	 0	 0	 0	 0	 יוזמה
אי שפיות	 0	 0	 0	 0	 0	 0	 0	 0	 0	 0	 לְהַזרִיק
תובת	 0	 0	 0	 1	 0	 0	 0	 0	 0	 0	 זריקה
תי ניתנ לבירור	 0	 0	 0	 0	 0	 1	 0	 0	 0	 0	 צַו מְנִיעָה
חרק	 1	 0	 0	 1	 0	 1	 0	 1	 0	 0	 לִפְגוֹעַ
א בטוח	 0	 0	 0	 1	 0	 1	 0	 1	 0	 0	 נִפגָע
חוסר ביטחונ	 1	 0	 0	 1	 0	 1	 0	 1	 0	 0	 פּוֹגֵעַ
תי נפרד	 1	 0	 0	 1	 0	 1	 0	 1	 0	 0	 פציעה
ניס	 1	 0	 0	 0	 0	 1	 0	 0	 0	 0	 אי צדק
נס	 0	 0	 0	 0	 0	 0	 0	 0	 0	 0	 דְיוֹ
נסה	 0	 0	 0	 0	 0	 0	 0	 0	 0	 0	 רֶמֶז
תוכ	 0	 0	 0	 0	 0	 0	 0	 0	 0	 0	 פְּנִים הָאָרֶץ
ערמומי	 0	 0	 0	 0	 0	 0	 0	 0	 0	 0	 שִׁבּוּץ
תובנה	 0	 0	 0	 0	 0	 0	 0	 0	 0	 0	 מִפרָצוֹן
סימני דרגה	 0	 0	 1	 1	 0	 1	 0	 0	 0	 0	 אָסִיר
חוסר חשיבות	 0	 0	 0	 0	 0	 0	 0	 0	 0	 0	 אכסניה
א משמעותי	 0	 0	 0	 0	 0	 0	 0	 0	 0	 0	 מוּטבָּע
תפל	 0	 0	 0	 0	 0	 0	 0	 0	 0	 0	 הפנימי ביותר
תעקש	 0	 0	 0	 0	 0	 0	 0	 0	 0	 0	 סיבובים
חצופ	 0	 0	 0	 0	 0	 0	 0	 0	 0	 0	 פּוּנדְקַאִי
א מסיס	 0	 0	 0	 0	 0	 0	 1	 0	 0	 0	 חפות מפשע
פשיטת רגל	 0	 0	 0	 0	 0	 0	 1	 0	 0	 1	 חף מפשע
פושט רגל	 0	 0	 0	 0	 0	 0	 1	 0	 0	 0	 בתמימות
דוק	 0	 0	 0	 0	 0	 0	 1	 0	 0	 0	 לא מזיק
פקח	 0	 0	 0	 0	 0	 0	 1	 0	 0	 0	 לְחַדֵשׁ
ראה	 0	 0	 0	 0	 0	 0	 1	 0	 0	 0	 חדשנות
ראה	 0	 0	 0	 0	 0	 0	 0	 0	 0	 0	 רְמִיזַת זִלזוּל
ראת	 0	 0	 0	 0	 0	 0	 0	 0	 0	 0	 אין ספור
חוסר יציבות	 0	 1	 0	 0	 0	 0	 0	 0	 0	 1	 הַרכָּבָה
תקינ	 1	 0	 0	 0	 0	 1	 0	 0	 0	 0	 לֹא פּוֹעֵל
תקנה	 0	 0	 0	 0	 0	 0	 0	 0	 0	 0	 מוּפרָז
פרק	 0	 0	 0	 0	 0	 0	 0	 0	 0	 0	 דוֹמֵם
של	 0	 0	 0	 0	 0	 0	 0	 0	 0	 0	 חֲקִירָה
רגע	 0	 0	 0	 0	 0	 0	 0	 0	 0	 0	 לשאול
ידי	 0	 0	 0	 0	 0	 0	 1	 0	 0	 0	 שואל
אופנ מיידי	 0	 0	 0	 0	 0	 0	 0	 0	 0	 0	 שואל
סית	 0	 1	 0	 0	 0	 0	 1	 0	 0	 0	 חֲקִירָה
חרחור	 0	 0	 0	 0	 0	 0	 1	 0	 0	 0	 סקרן
חדיר	 1	 0	 0	 1	 0	 1	 0	 0	 0	 0	 מטורף
יצר	 1	 0	 1	 1	 0	 1	 0	 1	 0	 0	 אי שפיות
אינסטינקטיבית	 0	 0	 0	 0	 0	 0	 0	 0	 0	 0	 כְּתוֹבֶת
ונ	 0	 0	 0	 0	 0	 0	 0	 0	 0	 0	 בלתי ניתן לבירור
סד	 0	 0	 0	 0	 0	 0	 0	 0	 0	 0	 חֶרֶק
רות	 1	 0	 0	 1	 0	 1	 0	 1	 0	 0	 לֹא בָּטוּחַ
רה	 0	 0	 0	 1	 0	 1	 0	 0	 0	 0	 חוסר ביטחון
ראה	 0	 0	 0	 0	 1	 0	 1	 0	 0	 1	 בלתי נפרד
דרכה	 0	 0	 0	 0	 0	 0	 0	 0	 0	 0	 לְהַכנִיס
ראות	 0	 0	 0	 0	 0	 0	 0	 0	 0	 0	 מוּכנָס
אלפ	 0	 0	 0	 0	 0	 0	 0	 0	 0	 0	 הַכנָסָה
דריכ	 0	 0	 0	 0	 0	 0	 0	 0	 0	 0	 בְּתוֹך
לי	 1	 0	 1	 1	 0	 1	 0	 0	 0	 0	 ערמומי
עיל	 0	 0	 0	 0	 0	 0	 0	 0	 0	 0	 תוֹבָנָה
נגנ	 0	 0	 0	 0	 0	 0	 1	 0	 0	 0	 סִימָנֵי דַרגָה
יריות	 0	 0	 0	 0	 0	 1	 0	 0	 0	 0	 חוסר חשיבות
אי ספיקה	 1	 0	 0	 0	 0	 1	 0	 1	 0	 0	 לֹא מַשְׁמָעוּתִי
א מספיק	 0	 0	 0	 0	 0	 1	 0	 0	 0	 0	 תָפֵל
א מספיק	 0	 0	 0	 0	 0	 0	 0	 0	 0	 0	 מתעקש
אינסולרי	 0	 0	 0	 0	 0	 1	 0	 0	 0	 0	 חָצוּף
דד	 0	 0	 0	 0	 0	 0	 0	 0	 0	 0	 לֹא מָסִיס
דוד	 0	 0	 0	 1	 0	 1	 0	 1	 1	 0	 פְּשִׁיטַת רֶגֶל
עליב	 0	 0	 0	 1	 0	 1	 0	 1	 0	 1	 פּוֹשֵׁט רֶגֶל
עליב	 0	 0	 0	 0	 0	 0	 0	 0	 0	 0	 לִבדוֹק
יטוח	 0	 0	 0	 0	 0	 0	 1	 0	 0	 0	 מְפַקֵחַ
טיח	 0	 1	 0	 0	 1	 0	 1	 0	 0	 0	 הַשׁרָאָה
רד מתקוממ	 0	 1	 0	 0	 1	 0	 1	 0	 0	 1	 השראה
תי עביר	 0	 0	 0	 0	 1	 0	 1	 0	 1	 1	 בהשראת
תקוממות	 0	 0	 1	 1	 0	 1	 0	 0	 0	 0	 חוסר יציבות
למ	 0	 1	 0	 0	 0	 0	 0	 0	 0	 0	 להתקין
תי מוחשי	 0	 0	 0	 0	 0	 0	 0	 0	 0	 0	 הַתקָנָה
ספר שלמ	 0	 0	 0	 0	 0	 0	 0	 0	 0	 0	 פֶּרֶק
תי נפרד	 0	 0	 0	 0	 0	 0	 0	 0	 0	 0	 למשל
לב	 0	 0	 0	 0	 0	 0	 0	 0	 0	 0	 רֶגַע
ילוב	 0	 0	 0	 0	 0	 0	 0	 0	 0	 0	 מִיָדִי
יושרה	 0	 0	 0	 0	 0	 0	 0	 0	 0	 0	 באופן מיידי
ינה	 0	 0	 0	 0	 0	 1	 0	 0	 0	 0	 לְהַסִית
אינטלקטואלי	 0	 0	 0	 0	 0	 1	 0	 0	 0	 0	 חִרחוּר
אינטליגנציה	 0	 0	 0	 0	 0	 0	 0	 0	 0	 0	 לְהַחדִיר
אינטליגנטי	 0	 0	 0	 0	 0	 0	 0	 0	 0	 0	 יֵצֶר
נות	 1	 0	 1	 1	 0	 0	 1	 0	 0	 0	 אינסטינקטיבית
בנ	 0	 0	 0	 0	 0	 0	 0	 0	 0	 1	 מכון
תכוונ	 0	 0	 0	 0	 0	 0	 0	 0	 0	 0	 מוֹסָד
תכוונ	 0	 0	 0	 0	 0	 0	 1	 0	 0	 1	 לְהוֹרוֹת
תכוונ	 0	 0	 0	 0	 0	 0	 0	 0	 0	 0	 הורה
אינטנסיבי	 0	 0	 0	 0	 0	 0	 1	 0	 0	 1	 הוראה
אופנ אינטנסיבי	 0	 0	 0	 0	 0	 0	 0	 0	 0	 0	 הדרכה
גביר	 0	 1	 0	 0	 0	 0	 0	 0	 0	 1	 הוראות
עצמה	 0	 0	 0	 0	 0	 0	 0	 0	 0	 0	 מְאַלֵף
נה	 0	 1	 0	 0	 0	 0	 1	 0	 0	 1	 מַדְרִיך
טרה	 0	 0	 0	 0	 0	 0	 0	 0	 0	 0	 כלי
ונ	 0	 0	 0	 0	 0	 0	 1	 0	 0	 0	 מוֹעִיל
זיד	 0	 0	 0	 0	 0	 0	 0	 0	 0	 0	 נַגָן
ינ	 0	 0	 0	 0	 0	 0	 0	 0	 0	 0	 מַכשִׁירִיוּת
אינטראקציה	 1	 0	 0	 0	 0	 1	 0	 0	 0	 0	 אִי סְפִיקָה
תערב	 0	 0	 0	 0	 0	 1	 0	 0	 0	 0	 לא מספיק
עכב	 0	 0	 0	 0	 0	 1	 0	 0	 0	 0	 לא מספיק
יירוט	 0	 0	 0	 0	 0	 0	 0	 0	 0	 0	 אינסולרי
תדלנות	 0	 0	 0	 0	 0	 0	 0	 0	 0	 0	 לְבוּדֵד
חלפ	 0	 0	 0	 0	 0	 0	 0	 0	 0	 1	 בִּדוּד
ניתנ להחלפה	 1	 0	 1	 0	 0	 1	 0	 1	 1	 0	 לְהַעֲלִיב
חלפ	 1	 0	 1	 1	 0	 1	 0	 1	 0	 0	 מַעֲלִיב
אינטרקומ	 0	 0	 0	 0	 0	 0	 0	 0	 0	 0	 ביטוח
יחסי מינ	 0	 0	 0	 0	 0	 0	 1	 0	 0	 1	 לְהַבטִיחַ
תלות הדדית	 0	 0	 0	 0	 0	 1	 0	 0	 0	 0	 מורד מתקומם
תלויימ הדדיימ	 0	 0	 0	 1	 0	 1	 0	 1	 0	 0	 בלתי עביר
אמנעה	 1	 0	 0	 0	 0	 1	 0	 0	 0	 0	 הִתקוֹמְמוּת
ריבית	 0	 0	 0	 0	 0	 0	 1	 0	 0	 1	 שָׁלֵם
עוניינ	 0	 0	 0	 0	 0	 0	 0	 0	 0	 0	 בלתי מוחשי
עניינ	 0	 0	 0	 0	 0	 0	 0	 0	 0	 0	 מספר שלם
פרעה	 0	 0	 0	 0	 0	 0	 0	 0	 0	 0	 בלתי נפרד
אינטרפרומטר	 0	 0	 0	 0	 0	 0	 0	 0	 0	 0	 לשלב
זמני	 0	 0	 0	 0	 0	 0	 0	 0	 0	 0	 שילוב
פנימ	 0	 0	 0	 0	 0	 0	 1	 0	 0	 1	 יושרה
יניימ	 0	 0	 0	 0	 0	 0	 1	 0	 0	 0	 בִּינָה
פסקה	 0	 0	 0	 0	 0	 0	 1	 0	 0	 0	 אִינטֶלֶקְטוּאַלִי
תווכ	 0	 0	 0	 1	 1	 0	 1	 0	 0	 1	 אינטליגנציה
יניימ	 0	 0	 0	 0	 0	 0	 1	 0	 0	 1	 אִינְטֶלִיגֶנְטִי
קבורה	 0	 0	 0	 0	 0	 0	 0	 0	 0	 0	 מוּבָנוּת
נמשכ ללא סופ	 0	 0	 0	 0	 0	 0	 0	 0	 0	 0	 מוּבָן
פסקה	 0	 0	 0	 0	 0	 0	 0	 0	 0	 1	 מתכוון
סרוגי	 0	 1	 0	 0	 0	 0	 1	 0	 0	 0	 התכוון
תמחה	 0	 0	 0	 0	 0	 0	 0	 0	 0	 0	 מתכוון
פנימי	 1	 0	 1	 1	 1	 1	 1	 0	 1	 1	 אִינטֶנסִיבִי
פי פנימ	 0	 0	 0	 0	 0	 0	 0	 0	 0	 0	 באופן אינטנסיבי
ינלאומי	 0	 0	 0	 0	 0	 0	 0	 0	 0	 0	 לְהַגבִּיר
אינטרפולציה	 0	 0	 0	 0	 0	 0	 0	 0	 0	 0	 עָצמָה
רבוב	 0	 0	 0	 0	 0	 0	 0	 0	 0	 0	 כוונה
פרש	 0	 0	 0	 0	 0	 0	 0	 0	 0	 0	 מַטָרָה
פרשנות	 0	 0	 0	 0	 0	 0	 0	 0	 0	 0	 מְכוּוָן
תורגמנ	 0	 0	 0	 0	 0	 0	 0	 0	 0	 0	 בְּמֵזִיד
קשורימ זה בזה	 0	 0	 0	 0	 0	 1	 0	 1	 0	 0	 בֵּין
חקור	 0	 0	 0	 0	 0	 0	 0	 0	 0	 0	 אינטראקציה
חקירה	 0	 0	 0	 1	 0	 0	 0	 1	 0	 0	 להתערב
פסיקת	 0	 0	 0	 0	 0	 0	 0	 0	 0	 0	 לעכב
פרע	 0	 0	 0	 0	 0	 0	 0	 0	 0	 0	 יירוט
פרעה	 0	 0	 0	 0	 0	 0	 0	 0	 0	 1	 שְׁתַדְלָנוּת
צטלב	 0	 0	 0	 0	 0	 0	 0	 0	 0	 0	 מֶחלָף
צטלבות	 0	 0	 0	 0	 0	 0	 0	 0	 0	 0	 ניתן להחלפה
דעת ביניימ	 0	 0	 0	 0	 0	 0	 0	 0	 0	 0	 הוחלף
פסקה	 0	 0	 0	 0	 0	 0	 0	 0	 0	 0	 אינטרקום
תערבימ	 0	 0	 0	 0	 0	 0	 1	 0	 0	 0	 יַחֲסֵי מִין
תערבות	 0	 0	 0	 0	 0	 0	 0	 0	 0	 0	 תלות הדדית
ראיונ	 0	 0	 0	 0	 0	 0	 0	 0	 0	 0	 תלויים הדדיים
ראיינ	 0	 0	 0	 0	 0	 1	 0	 0	 0	 0	 אַמְנָעָה
עבודה הדדית	 0	 0	 0	 0	 0	 0	 1	 0	 0	 0	 ריבית
ערבית	 0	 0	 1	 0	 0	 0	 1	 1	 0	 0	 מעוניין
פנימי	 0	 0	 0	 0	 0	 0	 1	 0	 0	 0	 מעניין
עי	 0	 0	 0	 0	 0	 1	 0	 0	 0	 0	 הַפרָעָה
קרבימ	 0	 0	 0	 0	 0	 0	 0	 0	 0	 0	 אינטרפרומטר
אינטימיות	 0	 1	 0	 0	 0	 0	 0	 0	 0	 0	 זְמַנִי
אינטימי	 0	 0	 1	 0	 0	 0	 1	 0	 0	 1	 פְּנִים
אופנ אינטימי	 0	 0	 0	 0	 0	 0	 1	 0	 0	 0	 ביניים
רמז	 0	 0	 0	 0	 0	 0	 1	 0	 0	 0	 הַפסָקָה
טיל אימה	 0	 0	 0	 0	 0	 0	 0	 0	 0	 0	 מתווך
פחדה	 0	 0	 0	 0	 0	 0	 0	 0	 0	 0	 ביניים
תי נסבל	 0	 0	 0	 0	 0	 1	 0	 1	 0	 0	 קְבוּרָה
חוסר סובלנות	 1	 1	 0	 0	 0	 1	 1	 0	 0	 0	 נִמשָׁך לְלֹא סוֹף
א סובלני	 0	 1	 0	 0	 0	 0	 0	 0	 0	 0	 הַפסָקָה
אינטונציה	 0	 0	 0	 0	 0	 0	 0	 0	 0	 0	 סֵרוּגִי
תוי	 0	 0	 0	 0	 0	 0	 0	 0	 0	 0	 מתמחה
רעלה	 0	 0	 0	 0	 0	 0	 0	 0	 0	 0	 פְּנִימִי
סורר	 0	 0	 0	 0	 0	 0	 0	 0	 0	 0	 כְּלַפֵּי פְּנִים
תוכקירי	 0	 0	 0	 0	 0	 0	 0	 0	 0	 0	 בינלאומי
א חת	 0	 0	 0	 0	 0	 0	 0	 0	 0	 0	 אינטרפולציה
רכב	 0	 0	 0	 0	 0	 0	 0	 0	 0	 0	 שִׁרבּוּב
תככימ	 0	 0	 0	 0	 0	 0	 0	 0	 0	 0	 לפרש
סקרנ	 0	 0	 0	 0	 0	 0	 0	 0	 0	 0	 פרשנות
פנימי	 0	 0	 0	 0	 0	 0	 0	 0	 0	 0	 מְתוּרגְמָן
תית	 0	 0	 0	 0	 0	 0	 0	 0	 0	 0	 קשורים זה בזה
וא	 0	 0	 0	 1	 0	 0	 0	 0	 0	 0	 לַחקוֹר
אקדמאי	 0	 0	 0	 1	 0	 0	 0	 0	 0	 0	 חֲקִירָה
סתכלות פנימית	 1	 0	 0	 0	 0	 1	 0	 0	 1	 0	 פסיקת
נס בתוכ עצמו	 0	 0	 0	 0	 0	 1	 0	 1	 0	 0	 מוּפרָע
פולש	 0	 0	 0	 0	 0	 0	 0	 0	 0	 0	 הַפרָעָה
תערבות	 0	 0	 0	 0	 0	 0	 0	 0	 0	 0	 לְהִצְטָלֵב
פולשני	 0	 0	 0	 0	 0	 0	 0	 0	 0	 0	 הִצטַלְבוּת
אינטואיציה	 0	 0	 0	 0	 0	 0	 0	 0	 0	 0	 מודעת ביניים
אינטואיטיבי	 0	 0	 0	 0	 0	 0	 0	 0	 0	 0	 הַפסָקָה
אופנ אינטואיטיבי	 0	 0	 0	 0	 0	 0	 0	 0	 0	 0	 מתערבים
צפה	 0	 0	 0	 0	 0	 1	 1	 1	 0	 0	 התערבות
פלוש	 0	 0	 0	 0	 0	 0	 0	 0	 0	 0	 רֵאָיוֹן
פולש	 0	 0	 0	 1	 0	 0	 0	 0	 0	 0	 מראיין
א חוקי	 0	 0	 0	 0	 0	 0	 0	 0	 0	 0	 עבודה הדדית
פסול	 0	 0	 0	 0	 0	 1	 0	 0	 0	 0	 ערבית
פסילה	 0	 0	 1	 0	 0	 0	 0	 0	 0	 0	 פְּנִימִי
נכות	 0	 0	 0	 0	 0	 0	 0	 0	 0	 0	 מְעִי
א יסולא בפז	 0	 0	 0	 0	 0	 0	 0	 0	 0	 0	 קְרָבַיִם
קביעות	 0	 0	 0	 0	 0	 0	 0	 0	 0	 0	 אִינטִימִיוּת
פלישה	 0	 1	 0	 0	 1	 0	 1	 0	 0	 1	 אִינטִימִי
ציא	 0	 1	 0	 1	 1	 0	 0	 0	 0	 0	 באופן אינטימי
צאה	 0	 0	 0	 0	 0	 0	 0	 0	 0	 0	 רֶמֶז
תחבלני	 0	 0	 0	 1	 0	 1	 0	 0	 0	 0	 לְהָטִיל אֵימָה
ציא	 1	 0	 0	 1	 0	 1	 0	 0	 0	 0	 הַפחָדָה
אי	 1	 0	 0	 0	 0	 1	 0	 0	 0	 0	 בִּלתִי נִסבָּל
פוכ	 1	 0	 1	 1	 0	 1	 0	 0	 0	 0	 חוסר סובלנות
יחס הפוכ	 1	 0	 1	 1	 0	 1	 0	 1	 0	 0	 לֹא סוֹבלָנִי
יפוכ	 0	 0	 0	 0	 0	 0	 1	 0	 0	 0	 אינטונציה
פוכ	 0	 0	 1	 0	 0	 1	 0	 0	 0	 0	 שָׁתוּי
פוכ	 0	 0	 0	 0	 0	 0	 0	 0	 0	 0	 הַרעָלָה
חקור	 1	 0	 0	 0	 0	 1	 0	 0	 0	 0	 סוֹרֵר
חקירה	 0	 0	 0	 0	 0	 0	 0	 0	 0	 0	 תוך-קירי
חוקר	 0	 0	 0	 0	 0	 0	 1	 0	 0	 0	 לְלֹא חַת
קיע	 0	 0	 0	 0	 0	 0	 0	 0	 0	 0	 מוּרכָּב
רעננ	 0	 1	 0	 1	 0	 1	 0	 0	 1	 0	 תְכָכִים
תי מנוצח	 0	 0	 0	 0	 0	 0	 0	 0	 0	 0	 מסקרן
אי נראות	 0	 0	 0	 0	 0	 0	 0	 0	 0	 0	 פְּנִימִי
תי נראה	 0	 0	 0	 0	 0	 0	 0	 0	 0	 0	 מהותית
זמנה	 0	 0	 0	 0	 0	 0	 0	 0	 0	 0	 מבוא
זמינ	 0	 0	 0	 0	 0	 0	 0	 0	 0	 0	 אֲקָדֵמַאִי
זמינ	 0	 0	 0	 0	 0	 0	 0	 0	 0	 0	 הִסתַכְּלוּת פְּנִימִית
קריאה	 0	 0	 0	 0	 0	 0	 0	 0	 0	 0	 מְכוּנָס בְּתוֹך עַצמוֹ
חשבונית	 1	 0	 0	 1	 0	 1	 0	 0	 1	 0	 פּוֹלֵשׁ
עורר	 0	 0	 0	 1	 0	 1	 0	 0	 0	 0	 הִתעָרְבוּת
א רצוני	 1	 0	 1	 1	 0	 1	 0	 0	 1	 0	 פולשני
פופ	 0	 0	 0	 0	 0	 0	 1	 0	 0	 1	 אינטואיציה
עורבות	 0	 0	 0	 0	 0	 0	 1	 0	 0	 0	 אינטואיטיבי
פנימה	 0	 1	 0	 0	 0	 0	 0	 0	 0	 0	 באופן אינטואיטיבי
יוטה	 0	 0	 0	 0	 0	 0	 0	 0	 0	 0	 הֲצָפָה
נזעמ	 1	 0	 0	 1	 0	 1	 0	 1	 1	 0	 לִפְלוֹשׁ
עס	 1	 0	 0	 1	 0	 1	 0	 1	 0	 0	 פּוֹלֵשׁ
ססגוני	 0	 0	 0	 0	 0	 0	 0	 1	 0	 0	 לא חוקי
קשתית	 0	 0	 0	 0	 0	 1	 0	 0	 0	 0	 לִפְסוֹל
רזל	 0	 0	 0	 0	 0	 1	 0	 0	 0	 0	 פסילה
אירוני	 0	 0	 0	 0	 0	 1	 0	 0	 0	 0	 נָכוּת
גהצימ	 0	 0	 0	 0	 0	 0	 0	 0	 0	 0	 לֹא יְסוּלֵא בְּפָּז
אירוניה	 0	 0	 0	 0	 0	 0	 1	 0	 0	 0	 בִּקְבִיעוּת
קרנה	 1	 0	 0	 0	 0	 1	 0	 0	 0	 0	 פְּלִישָׁה
א הגיוני	 0	 0	 0	 0	 0	 0	 0	 0	 0	 0	 לִהַמצִיא
חוסר הגיונ	 0	 0	 0	 0	 0	 0	 0	 0	 0	 0	 הַמצָאָה
תי מתפשר	 0	 0	 0	 0	 0	 0	 1	 0	 0	 0	 תַחבְּלָנִי
תי ניתנ לצמצומ	 0	 0	 0	 0	 0	 0	 1	 0	 0	 0	 מַמצִיא
אינ להפריכו	 0	 0	 0	 0	 0	 0	 0	 0	 0	 0	 מְלַאי
א סדיר	 0	 0	 0	 0	 0	 0	 0	 0	 0	 0	 הפוך
חריגה	 0	 0	 0	 0	 0	 0	 0	 0	 0	 0	 בְּיַחַס הָפוּך
אופנ לא סדיר	 0	 0	 0	 0	 0	 0	 0	 0	 0	 0	 היפוך
א רלוונטי	 0	 0	 0	 0	 0	 0	 0	 0	 0	 0	 לַהֲפוֹך
תי ניתנ לתיקונ	 0	 0	 0	 0	 0	 0	 0	 0	 0	 0	 הָפוּך
תי ניתנ לדיכוי	 0	 0	 0	 0	 0	 0	 1	 0	 0	 0	 לַחקוֹר
אינ לעמוד בפניו	 0	 1	 0	 0	 0	 0	 0	 0	 0	 0	 חֲקִירָה
י קשר	 0	 0	 0	 0	 0	 0	 0	 0	 0	 0	 חוֹקֵר
א אחראי	 0	 0	 0	 0	 0	 0	 0	 0	 0	 0	 משקיע
חסר כבוד	 0	 0	 0	 0	 0	 0	 1	 0	 0	 0	 לְרַעֲנֵן
תי הפיכ	 0	 0	 0	 0	 0	 0	 0	 0	 0	 0	 בלתי מנוצח
א תקנה	 0	 0	 0	 0	 0	 0	 0	 0	 0	 0	 אי נראות
קות	 0	 0	 0	 0	 0	 0	 0	 0	 0	 0	 בלתי נראה
קיה	 0	 1	 0	 0	 0	 0	 1	 0	 0	 0	 הַזמָנָה
נרגנות	 0	 1	 0	 0	 1	 0	 1	 0	 1	 1	 להזמין
עצבני	 0	 1	 0	 0	 1	 0	 1	 0	 1	 1	 מַזמִין
עצבנ	 0	 1	 0	 0	 0	 0	 0	 0	 0	 1	 קְרִיאָה
קפדה	 0	 0	 0	 0	 0	 0	 0	 0	 0	 0	 חשבונית
אי	 0	 1	 0	 0	 0	 0	 0	 0	 0	 0	 לעורר
אי	 0	 0	 0	 0	 0	 1	 0	 0	 0	 0	 לֹא רְצוֹנִי
איונ	 1	 0	 0	 0	 0	 1	 0	 0	 0	 0	 לִפּוּף
דד	 1	 0	 0	 0	 0	 0	 0	 0	 0	 0	 מְעוֹרָבוּת
דד	 0	 0	 0	 0	 0	 0	 0	 0	 0	 0	 פְּנִימָה
ידוד	 0	 0	 0	 0	 0	 0	 0	 0	 0	 0	 יוֹטָה
איזומורפיזמ	 1	 0	 0	 0	 0	 1	 0	 0	 0	 0	 נִזעָם
איזותרמית	 1	 0	 0	 0	 0	 1	 0	 0	 0	 0	 כַּעַס
נושא	 0	 0	 0	 0	 0	 0	 0	 0	 0	 0	 ססגוני
גירוד	 0	 0	 0	 1	 0	 0	 0	 0	 0	 0	 קַשׁתִית
עקצוצ	 0	 0	 0	 0	 0	 0	 1	 0	 0	 1	 בַּרזֶל
פריט	 0	 0	 0	 0	 0	 0	 0	 0	 0	 0	 אִירוֹנִי
פרט	 0	 0	 0	 0	 0	 1	 0	 0	 0	 0	 מגהצים
פריטימ	 0	 0	 0	 0	 0	 0	 0	 0	 0	 0	 אִירוֹנִיָה
חזר	 0	 0	 0	 0	 0	 0	 0	 0	 0	 0	 הַקרָנָה
איטרציה	 0	 0	 1	 1	 0	 1	 0	 0	 0	 0	 לא הגיוני
איטרטיבי	 0	 0	 0	 0	 0	 1	 0	 0	 0	 0	 חוסר הגיון
נודד	 1	 0	 0	 1	 0	 1	 0	 1	 0	 0	 בִּלתִי מִתפַּשֵׁר
סלול	 0	 0	 0	 0	 0	 0	 1	 0	 0	 0	 בלתי ניתן לצמצום
נהב	 0	 0	 0	 0	 0	 0	 1	 0	 0	 1	 שֶׁאֵין לְהַפרִיכוֹ
דקירה	 0	 0	 0	 0	 0	 1	 0	 0	 0	 0	 לֹא סָדִיר
קשקש	 0	 0	 0	 0	 0	 1	 0	 0	 0	 0	 חֲרִיגָה
גק	 0	 0	 0	 0	 0	 0	 0	 0	 0	 0	 באופן לא סדיר
חמור	 0	 0	 0	 0	 0	 1	 0	 0	 0	 0	 לא רלוונטי
קופה	 0	 0	 0	 1	 0	 1	 0	 1	 0	 0	 בלתי ניתן לתיקון
קעימ	 0	 0	 0	 0	 0	 0	 0	 0	 0	 0	 בלתי ניתן לדיכוי
ירקנ	 0	 0	 0	 0	 0	 0	 0	 0	 0	 0	 אין לעמוד בפניו
אנינ	 0	 0	 0	 0	 0	 0	 0	 0	 0	 0	 בלי קשר
ננ	 0	 0	 0	 0	 0	 1	 0	 0	 0	 0	 לֹא אַחֲרַאִי
יגואר	 0	 0	 0	 0	 0	 1	 0	 0	 0	 0	 חסר כבוד
לא	 0	 0	 0	 0	 0	 0	 0	 0	 0	 0	 בלתי הפיך
ריבה	 0	 0	 0	 0	 0	 1	 0	 0	 0	 0	 לְלֹא תַקָנָה
נתקע	 0	 0	 0	 0	 0	 0	 0	 0	 0	 0	 לְהַשְׁקוֹת
רת	 0	 0	 0	 0	 0	 0	 0	 0	 0	 0	 השקיה
יפנ	 1	 0	 0	 0	 0	 1	 0	 0	 0	 0	 נִרגָנוּת
קנקנ	 1	 0	 0	 0	 0	 1	 0	 0	 0	 0	 עַצבָּנִי
זרגונ	 1	 0	 1	 0	 0	 1	 0	 0	 0	 0	 מְעַצבֵּן
צורמ	 1	 0	 1	 0	 0	 1	 0	 1	 0	 0	 הַקפָּדָה
ישפה	 0	 0	 0	 0	 0	 0	 0	 0	 0	 0	 אִי
צהבת	 0	 0	 0	 0	 0	 0	 0	 0	 0	 0	 אִי
טיול קצר	 0	 0	 0	 0	 0	 0	 0	 0	 0	 0	 אִיוֹן
ידונ	 0	 0	 0	 0	 0	 0	 0	 1	 0	 0	 לְבוּדֵד
סת	 0	 0	 0	 1	 0	 1	 0	 1	 0	 0	 מְבוּדָד
תעות	 0	 0	 0	 0	 0	 1	 0	 1	 0	 0	 בידוד
עורבני	 0	 0	 0	 0	 0	 0	 0	 0	 0	 0	 איזומורפיזם
קנאי	 0	 0	 0	 0	 0	 0	 0	 0	 0	 0	 איזותרמית
קנאה	 0	 0	 0	 0	 0	 0	 0	 0	 0	 0	 נושא
גינס	 0	 0	 0	 0	 0	 0	 0	 0	 0	 0	 גירוד
גיפ	 0	 0	 0	 0	 0	 0	 0	 0	 0	 0	 עִקצוּץ
גלי	 0	 0	 0	 0	 0	 0	 0	 0	 0	 0	 פריט
גני	 0	 0	 0	 0	 0	 0	 0	 0	 0	 0	 לְפַרֵט
סכנ	 0	 0	 0	 0	 0	 0	 0	 0	 0	 0	 פריטים
סכנה	 0	 0	 0	 0	 0	 0	 0	 0	 0	 0	 לְחַזֵר
אידיוט	 0	 0	 0	 0	 0	 0	 0	 0	 0	 0	 איטרציה
גרזי	 0	 0	 0	 0	 0	 0	 0	 0	 0	 0	 איטרטיבי
צחוק	 0	 0	 0	 0	 0	 0	 0	 0	 0	 0	 נוֹדֵד
יצנ החצר	 0	 0	 0	 0	 0	 0	 0	 0	 0	 0	 מַסלוּל
טוס סילונ	 0	 0	 0	 0	 0	 0	 0	 0	 0	 0	 שֶׁנהָב
זח	 1	 0	 0	 0	 0	 0	 0	 0	 0	 0	 דְקִירָה
תכשיט	 0	 0	 0	 0	 0	 1	 0	 0	 0	 0	 לְקַשְׁקֵשׁ
תכשיטנ	 0	 0	 0	 0	 0	 0	 0	 0	 0	 0	 ג'ֵק
תכשיט	 0	 0	 0	 0	 0	 0	 0	 0	 0	 0	 חֲמוֹר
חלוצ	 0	 1	 0	 0	 1	 0	 1	 0	 1	 0	 קוּפָּה
קפיצה	 0	 0	 0	 0	 0	 0	 0	 0	 0	 0	 שקעים
גימי	 0	 0	 0	 0	 0	 0	 0	 0	 0	 0	 יַרקָן
גינגל	 0	 0	 0	 0	 0	 0	 0	 0	 0	 0	 אנין
עבודה	 0	 0	 0	 0	 0	 0	 0	 0	 0	 0	 מְשׁוּנָן
גוק	 0	 0	 0	 0	 0	 0	 0	 0	 0	 0	 יָגוּאָר
רוכב	 0	 0	 0	 1	 0	 1	 0	 1	 0	 0	 כלא
רוצ	 0	 0	 0	 0	 0	 0	 1	 0	 0	 0	 ריבה
גונ	 0	 0	 0	 0	 0	 0	 0	 0	 0	 0	 נתקע
צטרפ	 0	 0	 1	 0	 0	 0	 0	 0	 0	 0	 שָׁרָת
צטרפ	 0	 0	 0	 0	 0	 0	 0	 0	 0	 0	 יפן
צטרפות	 0	 0	 0	 0	 0	 0	 0	 0	 0	 0	 קַנקַן
תפ	 0	 0	 0	 0	 0	 1	 0	 0	 0	 0	 ז'רגון
יחד	 0	 0	 0	 1	 0	 1	 0	 1	 0	 0	 צוֹרֵם
דיחה	 0	 0	 0	 0	 0	 0	 0	 0	 0	 0	 יָשׁפֵה
לצ	 0	 0	 0	 1	 0	 1	 0	 0	 0	 0	 צַהֶבֶת
תבדח	 0	 0	 0	 0	 0	 0	 0	 0	 0	 0	 טִיוּל קָצָר
קפיצ	 0	 0	 0	 0	 0	 0	 0	 0	 0	 0	 כִּידוֹן
יורנדה	 0	 0	 0	 0	 0	 0	 0	 0	 0	 0	 לֶסֶת
יוד	 0	 0	 0	 1	 0	 0	 0	 0	 0	 0	 מלתעות
תב עת	 0	 0	 0	 0	 0	 0	 0	 0	 0	 0	 עוֹרְבָנִי
עיתונות	 1	 0	 1	 0	 0	 1	 0	 0	 0	 0	 קַנָאִי
עתונאי	 1	 0	 1	 1	 0	 1	 0	 1	 0	 0	 קנאה
סע	 0	 0	 0	 0	 0	 0	 0	 0	 0	 0	 גִ'ינס
אומנ שכיר	 0	 0	 0	 0	 0	 0	 0	 0	 0	 0	 ג'ִיפּ
תרוננ	 0	 0	 0	 0	 0	 0	 0	 0	 0	 0	 ג'לי
חה	 0	 0	 0	 0	 0	 0	 0	 0	 0	 0	 ג'ני
א שמחה	 1	 0	 0	 1	 0	 1	 0	 0	 0	 0	 לְסַכֵּן
מח	 0	 1	 0	 1	 0	 1	 0	 0	 0	 0	 סַכָּנָה
צוהל	 1	 0	 0	 0	 0	 0	 0	 0	 1	 0	 אִידיוֹט
יובל	 0	 0	 0	 0	 0	 0	 0	 0	 0	 0	 ג'רזי
פוט	 0	 0	 0	 0	 1	 0	 1	 0	 1	 0	 צְחוֹק
יפוט	 0	 0	 0	 0	 0	 0	 0	 0	 0	 0	 ליצן החצר
פסק דינ	 0	 0	 0	 0	 0	 0	 0	 0	 0	 0	 מטוס סילון
פטי	 0	 0	 0	 0	 0	 0	 0	 0	 0	 0	 מֵזַח
ערכת משפטית	 0	 0	 0	 0	 0	 0	 0	 0	 0	 0	 תַכשִׁיט
נבונ	 0	 0	 0	 0	 0	 0	 0	 0	 0	 0	 תַכשִׁיטָן
כד	 0	 0	 0	 0	 0	 0	 0	 0	 0	 0	 תכשיט
טט	 0	 0	 0	 0	 0	 0	 0	 0	 0	 0	 חָלוּץ
טוטנות	 0	 0	 0	 0	 0	 0	 0	 0	 0	 0	 קפיצה
יצ	 0	 0	 0	 0	 0	 0	 0	 0	 0	 0	 ג'ימי
עסיסי	 0	 0	 0	 0	 0	 0	 0	 0	 0	 0	 ג'ִינגֵל
ערבוביה	 0	 0	 0	 0	 0	 0	 1	 0	 0	 0	 עבודה
עורבב	 0	 0	 0	 0	 0	 0	 0	 0	 0	 0	 ג'וק
ענק	 0	 0	 0	 0	 0	 0	 0	 0	 0	 0	 רוֹכֵב
קפיצה	 0	 0	 0	 0	 0	 0	 0	 0	 0	 0	 לָרוּץ
צומת	 0	 0	 1	 0	 0	 1	 0	 0	 0	 0	 ג'ון
צומת	 0	 0	 0	 0	 0	 0	 1	 0	 0	 0	 לְהִצְטַרֵף
גונגל	 0	 0	 0	 0	 0	 0	 1	 0	 0	 0	 הצטרף
זוטר	 0	 0	 0	 0	 0	 0	 0	 0	 0	 0	 הִצטָרְפוּת
פסולת	 0	 0	 0	 0	 0	 0	 0	 0	 0	 0	 משותף
ת צבאית	 0	 0	 0	 0	 0	 0	 0	 0	 0	 0	 יַחַד
פטי	 0	 0	 0	 0	 0	 1	 0	 0	 0	 0	 בדיחה
סמכות שיפוט	 0	 0	 0	 0	 1	 0	 1	 0	 1	 0	 לֵץ
תורת המשפט	 0	 0	 0	 0	 0	 0	 1	 0	 0	 0	 מתבדח
פטנ	 0	 0	 0	 0	 0	 0	 0	 0	 1	 0	 לְהַקְפִּיץ
חבר מושבעימ	 0	 0	 0	 0	 0	 1	 0	 0	 0	 0	 יורנדה
צדק	 0	 0	 0	 0	 0	 0	 0	 0	 0	 0	 יוֹד
צדק	 0	 0	 0	 0	 0	 0	 0	 0	 0	 0	 כתב עת
צדקה	 0	 0	 0	 0	 0	 0	 0	 0	 0	 1	 עיתונות
צדיק	 0	 0	 0	 0	 0	 0	 1	 0	 0	 0	 עִתוֹנָאִי
יוטה	 0	 1	 0	 1	 1	 0	 1	 0	 0	 0	 מסע
צעיר	 0	 0	 0	 0	 0	 0	 0	 0	 0	 1	 אוּמָן שָׂכִיר
סמיכות	 0	 0	 0	 0	 1	 0	 1	 0	 0	 0	 מִתרוֹנֵן
קיסר	 0	 0	 0	 0	 1	 0	 1	 0	 0	 0	 שִׂמְחָה
קלידוסקופ	 0	 0	 0	 0	 1	 0	 1	 0	 0	 1	 מלא שמחה
קנגרו	 0	 0	 0	 0	 1	 0	 1	 0	 0	 0	 מְשַׂמֵחַ
קאנגי	 0	 0	 0	 0	 1	 0	 1	 0	 1	 1	 צוֹהֵל
קארמה	 0	 0	 0	 0	 1	 0	 1	 0	 1	 0	 יוֹבֵל
קאיאק	 0	 0	 0	 0	 0	 0	 0	 0	 0	 0	 לִשְׁפּוֹט
דרית	 0	 0	 0	 0	 0	 0	 0	 0	 0	 0	 שיפוט
מר	 0	 0	 0	 0	 0	 0	 0	 0	 1	 0	 פְּסַק דִין
ירה	 0	 1	 0	 0	 0	 0	 1	 0	 0	 1	 מִשׁפָּטִי
זכרת	 0	 1	 0	 0	 0	 0	 0	 0	 0	 1	 מַעֲרֶכֶת מִשׁפָּטִית
חבית קטנה	 0	 0	 0	 0	 0	 0	 1	 0	 0	 1	 נָבוֹן
קנ	 0	 0	 0	 0	 0	 0	 0	 0	 0	 0	 כד
נה	 0	 0	 0	 0	 0	 0	 0	 0	 0	 0	 ללהטט
גרעינ	 0	 0	 0	 0	 0	 0	 0	 0	 0	 0	 לַהֲטוּטָנוּת
נפט	 0	 0	 0	 0	 0	 0	 0	 0	 0	 0	 מיץ
קומקומ	 0	 0	 0	 0	 0	 0	 0	 0	 0	 0	 עֲסִיסִי
פתח	 0	 0	 0	 0	 0	 1	 0	 0	 0	 0	 עִרבּוּביָה
חור המנעול	 0	 0	 0	 0	 0	 0	 0	 0	 0	 0	 מְעוּרבָּב
נאומ מרכזי	 0	 0	 0	 0	 0	 0	 0	 0	 0	 0	 עֲנָק
אבנ ראשה	 0	 0	 0	 0	 1	 0	 1	 0	 0	 0	 קְפִיצָה
חקי	 0	 0	 0	 0	 0	 0	 0	 0	 0	 0	 צוֹמֶת
חאנ	 0	 0	 0	 0	 0	 0	 0	 0	 0	 0	 צומת
עיטה	 0	 0	 0	 1	 0	 0	 0	 0	 0	 0	 ג'וּנגֶל
עט	 0	 0	 0	 0	 0	 0	 0	 0	 0	 0	 זוּטָר
ילד	 0	 0	 0	 0	 0	 1	 0	 0	 0	 0	 פְּסוֹלֶת
צוחק	 0	 0	 0	 0	 0	 1	 0	 0	 0	 0	 כַּת צְבָאִית
חטופ	 0	 0	 0	 0	 0	 0	 0	 0	 0	 0	 מִשׁפָּטִי
רוג	 0	 0	 0	 0	 0	 0	 0	 0	 0	 0	 סמכות שיפוט
רג	 0	 0	 0	 0	 0	 0	 0	 1	 0	 0	 תוֹרַת הַמִשְׁפָּט
שנ	 0	 0	 0	 0	 0	 0	 0	 0	 0	 1	 מִשׁפְּטָן
קילוגרמ	 0	 0	 0	 0	 0	 0	 0	 0	 0	 1	 חֶבֶר מוּשׁבַּעִים
קילומטר	 0	 0	 0	 0	 0	 0	 1	 0	 0	 1	 צֶדֶק
חצאית סקוטית	 0	 0	 0	 0	 0	 0	 1	 0	 0	 1	 מוּצדָק
קימונו	 0	 0	 0	 0	 0	 0	 1	 0	 0	 0	 הַצדָקָה
פחה	 0	 0	 0	 0	 0	 0	 0	 0	 0	 0	 לְהַצְדִיק
סוג	 0	 0	 0	 0	 0	 0	 0	 0	 0	 0	 יוּטָה
גנ ילדימ	 0	 0	 0	 0	 0	 1	 0	 0	 0	 0	 צָעִיר
חסד	 0	 0	 0	 0	 0	 0	 0	 0	 0	 0	 סְמִיכוּת
קרובי משפחה	 0	 0	 0	 0	 0	 0	 0	 0	 0	 0	 קֵיסָר
קינמטיקה	 0	 0	 0	 0	 0	 0	 0	 0	 0	 0	 קָלֵידוֹסקוֹפּ
לכ	 0	 0	 0	 0	 0	 0	 0	 0	 0	 0	 קנגרו
ות	 0	 0	 0	 0	 0	 0	 0	 0	 0	 0	 קאנג'י
קינק	 0	 0	 0	 0	 0	 0	 0	 0	 0	 0	 קארמה
קורזל	 0	 0	 0	 0	 0	 0	 0	 0	 0	 0	 קָאִיָאק
קיוסק	 0	 0	 0	 0	 0	 0	 0	 0	 0	 0	 שִׁדְרִית
קירק	 0	 0	 0	 0	 0	 0	 0	 0	 0	 0	 שׁוֹמֵר
נשיקה	 0	 0	 0	 0	 0	 0	 0	 0	 0	 0	 שְׁמִירָה
קיט	 0	 0	 0	 0	 0	 0	 1	 0	 0	 0	 מַזכֶּרֶת
טבח	 0	 0	 0	 0	 0	 0	 0	 0	 0	 0	 חָבִית קְטָנָה
עפיפונ	 0	 0	 0	 0	 0	 0	 1	 0	 0	 0	 קן
גור חתולימ	 0	 0	 0	 0	 0	 0	 0	 1	 0	 0	 מְלוּנָה
רונ	 0	 0	 0	 0	 0	 1	 0	 0	 0	 0	 kern
תרמיל גב	 0	 0	 0	 0	 0	 0	 0	 0	 0	 0	 גַרעִין
וש	 0	 0	 0	 1	 0	 0	 0	 0	 0	 0	 נֵפט
רכ	 0	 0	 0	 0	 0	 0	 0	 0	 0	 0	 קוּמקוּם
רוע ברכ	 0	 0	 0	 0	 0	 0	 0	 0	 0	 0	 מַפְתֵחַ
ריעה	 0	 0	 0	 0	 0	 0	 0	 0	 0	 0	 חוֹר הַמַנעוּל
צלצול	 0	 0	 0	 0	 0	 0	 1	 0	 0	 0	 נאום מרכזי
תחתונימ	 0	 0	 0	 0	 0	 0	 1	 0	 0	 0	 אֶבֶן רֹאשָׁה
סכינ	 0	 0	 0	 0	 0	 0	 0	 0	 0	 0	 חָקִי
אביר	 0	 0	 0	 1	 0	 0	 0	 0	 0	 1	 חַאן
סרוג	 1	 0	 0	 0	 0	 1	 0	 0	 0	 0	 בְּעִיטָה
פתור	 1	 0	 0	 0	 0	 0	 0	 0	 0	 0	 בועט
נקישה	 0	 0	 0	 0	 0	 0	 0	 0	 0	 0	 יֶלֶד
גבעה	 0	 0	 0	 0	 0	 0	 0	 0	 0	 0	 צוחק
קשר	 1	 0	 0	 1	 0	 1	 0	 1	 1	 0	 לַחטוֹף
סוקס	 0	 0	 0	 1	 0	 1	 0	 1	 0	 0	 לַהֲרוֹג
יודע	 1	 0	 0	 1	 0	 1	 0	 1	 0	 0	 הֶרֶג
יודעינ	 0	 0	 0	 0	 0	 0	 0	 0	 0	 0	 כִּבשָׁן
ידע	 0	 0	 0	 0	 0	 0	 0	 0	 0	 0	 קִילוֹגרָם
פרק	 0	 0	 0	 0	 0	 0	 0	 0	 0	 0	 קִילוֹמֶטֶר
קריס	 0	 0	 0	 0	 0	 0	 0	 0	 0	 0	 חֲצָאִית סְקוֹטִית
וד	 0	 0	 0	 0	 0	 0	 0	 0	 0	 0	 קִימוֹנוֹ
עבדה	 0	 0	 0	 0	 0	 0	 0	 0	 0	 0	 משפחה
תווית	 0	 0	 0	 0	 1	 0	 1	 0	 0	 1	 סוג
עבודה	 0	 0	 0	 0	 0	 0	 0	 0	 0	 0	 גן ילדים
עבדה	 0	 0	 0	 0	 0	 0	 1	 0	 0	 0	 חסד
עמל	 0	 1	 0	 0	 1	 0	 1	 0	 0	 1	 קרובי משפחה
פועל	 0	 0	 0	 0	 0	 0	 0	 0	 0	 0	 קינמטיקה
עמלימ	 0	 0	 0	 0	 0	 0	 1	 0	 0	 0	 מלך
חרוצ	 0	 0	 0	 0	 0	 0	 0	 0	 0	 0	 מַלְכוּת
וכ	 0	 0	 0	 0	 0	 0	 0	 0	 0	 0	 קינק
תחרה	 0	 0	 0	 0	 0	 0	 0	 0	 0	 0	 מקורזל
חוסר	 0	 0	 0	 0	 0	 0	 0	 0	 0	 0	 קִיוֹסק
נטול	 0	 0	 0	 0	 0	 0	 0	 0	 0	 0	 קירק
חסר ברק	 0	 1	 0	 0	 1	 0	 1	 0	 1	 0	 נְשִׁיקָה
כה	 0	 0	 0	 0	 0	 0	 0	 0	 0	 0	 קִיט
קרוס	 0	 0	 0	 0	 0	 0	 0	 0	 0	 0	 מִטְבָּח
חור	 0	 0	 1	 0	 0	 1	 0	 0	 0	 0	 עֲפִיפוֹן
סולמ	 0	 0	 0	 0	 1	 0	 1	 0	 0	 1	 גור חתולים
עמוס	 0	 0	 0	 0	 0	 0	 1	 0	 0	 0	 כִּשָׁרוֹן
טענ	 0	 0	 0	 0	 0	 0	 0	 0	 0	 0	 תַרמִיל גַב
צקת	 0	 0	 0	 0	 0	 0	 0	 0	 0	 0	 ללוש
גברת	 0	 0	 0	 0	 0	 0	 0	 0	 0	 0	 הברך
פגר	 0	 0	 0	 0	 0	 0	 0	 0	 0	 0	 לִכרוֹעַ בֶּרֶך
יה	 0	 0	 0	 0	 0	 0	 0	 0	 0	 0	 כְּרִיעָה
גונה	 0	 0	 0	 1	 0	 1	 0	 1	 0	 0	 צִלצוּל
רבצ	 0	 0	 0	 0	 0	 0	 0	 0	 0	 1	 תחתונים
דיוטות	 0	 0	 0	 0	 0	 0	 0	 0	 0	 0	 סַכִּין
אגמ	 0	 0	 0	 0	 0	 0	 1	 0	 0	 0	 אַבִּיר
אמה	 0	 0	 0	 0	 0	 0	 0	 0	 0	 0	 לִסְרוֹג
טלה	 0	 0	 0	 0	 0	 0	 0	 0	 0	 0	 כַּפתוֹר
קינה	 0	 0	 0	 0	 0	 0	 0	 0	 0	 0	 נְקִישָׁה
קוננת	 0	 0	 0	 0	 0	 0	 0	 0	 0	 0	 גִבעָה
ינה	 0	 0	 0	 0	 0	 0	 0	 0	 0	 0	 קשר
רובד	 0	 0	 0	 0	 0	 1	 0	 0	 0	 0	 מְסוּקָס
נורה	 0	 0	 0	 0	 0	 0	 1	 0	 0	 0	 יוֹדֵעַ
חנית	 0	 0	 0	 0	 0	 0	 0	 0	 0	 0	 בְּיוֹדְעִין
נושא רומח	 0	 0	 0	 0	 0	 0	 1	 0	 0	 0	 יֶדַע
ארצ	 0	 0	 0	 0	 0	 0	 0	 0	 0	 0	 פֶּרֶק
נחת	 0	 0	 0	 0	 0	 0	 0	 0	 0	 0	 kos
נחיתה	 0	 0	 0	 0	 0	 0	 0	 0	 0	 0	 קריס
קפ יבשה	 0	 0	 0	 0	 1	 0	 1	 0	 0	 0	 כָּבוֹד
על בית	 0	 0	 0	 0	 0	 0	 0	 0	 0	 0	 מַעבָּדָה
ציונ דרכ	 0	 0	 0	 0	 0	 0	 0	 0	 0	 1	 תווית
אדמות	 0	 1	 0	 0	 1	 0	 1	 0	 1	 1	 עבודה
נופ	 0	 0	 0	 0	 0	 0	 0	 0	 0	 0	 מַעבָּדָה
אדריכלות נופ	 0	 0	 0	 0	 0	 1	 0	 1	 0	 0	 עמל
רוב מוחצ	 0	 0	 0	 0	 0	 0	 0	 0	 0	 0	 פּוֹעֵל
נתיב	 0	 0	 0	 0	 0	 0	 0	 0	 0	 0	 עמלים
פה	 0	 0	 0	 0	 0	 1	 0	 0	 0	 0	 חָרוּץ
רפה	 0	 1	 0	 0	 0	 1	 0	 0	 0	 0	 מָבוֹך
תמוגג	 0	 0	 0	 0	 0	 0	 0	 0	 0	 0	 lac
נמק	 1	 0	 0	 1	 0	 1	 1	 1	 0	 1	 תַחרָה
גבוה ורזה	 0	 0	 0	 0	 0	 1	 0	 0	 0	 0	 חוֹסֶר
פנס	 0	 0	 0	 0	 0	 1	 0	 0	 0	 0	 נָטוּל
קפה	 0	 0	 0	 0	 0	 1	 0	 0	 0	 0	 חסר ברק
דש	 0	 0	 0	 0	 0	 0	 0	 0	 0	 0	 לַכָּה
גות	 0	 0	 0	 0	 0	 0	 0	 0	 0	 0	 לקרוס
פג	 0	 0	 0	 0	 0	 0	 0	 0	 0	 0	 בָּחוּר
גנבה	 0	 0	 0	 0	 0	 0	 0	 0	 0	 0	 סוּלָם
מנ	 0	 0	 0	 0	 0	 1	 0	 0	 0	 0	 עָמוּס
זווה	 0	 0	 0	 0	 0	 0	 0	 0	 0	 0	 מִטְעָן
גדול	 0	 0	 0	 0	 0	 0	 0	 0	 0	 0	 מַצֶקֶת
יותר גדול	 0	 0	 0	 0	 0	 0	 0	 0	 0	 0	 גברת
ארגו	 0	 0	 0	 0	 0	 1	 0	 0	 0	 0	 לְפַגֵר
תעשע	 1	 1	 1	 0	 0	 1	 0	 1	 0	 0	 הַשׁהָיָה
זחל	 0	 0	 0	 0	 0	 0	 0	 0	 0	 0	 לָגוּנָה
גרונ	 0	 0	 0	 0	 0	 1	 0	 0	 0	 0	 מִרבָּץ
ייזר	 0	 0	 0	 0	 0	 0	 0	 0	 0	 0	 הֶדיוֹטוּת
צליפ	 0	 0	 0	 0	 0	 0	 0	 0	 0	 0	 אֲגַם
חורה	 0	 0	 0	 0	 0	 0	 0	 0	 0	 0	 לאמה
פלצור	 0	 0	 0	 0	 1	 0	 1	 0	 0	 1	 טלה
תמשכ	 0	 0	 1	 1	 0	 1	 0	 1	 0	 0	 קִינָה
ריח	 0	 0	 0	 0	 0	 0	 0	 1	 0	 0	 מקוננת
אוחר	 0	 0	 0	 0	 0	 0	 0	 0	 0	 0	 למינה
איחור	 0	 0	 0	 0	 0	 0	 0	 0	 0	 0	 מְרוּבָּד
חבוי	 0	 0	 0	 0	 0	 0	 0	 0	 0	 0	 מנורה
צדדי	 0	 0	 0	 0	 0	 0	 0	 0	 0	 0	 חנית
רוחב	 0	 0	 0	 0	 0	 0	 0	 0	 0	 0	 נוֹשֵׂא רוֹמַח
רפ גומי	 0	 0	 0	 0	 0	 0	 1	 0	 0	 0	 ארץ
חרטה	 0	 0	 0	 0	 0	 0	 1	 0	 0	 0	 נחת
קציפ	 0	 0	 0	 0	 0	 0	 0	 0	 0	 0	 נְחִיתָה
קו רוחב	 0	 0	 0	 0	 0	 0	 0	 0	 0	 0	 מוּקָף יַבָּשָׁה
תי שימוש	 0	 0	 0	 0	 0	 0	 0	 0	 0	 0	 בעל בית
סריג	 0	 0	 0	 0	 0	 0	 0	 0	 0	 1	 ציון דרך
ראוי לשבח	 0	 0	 0	 0	 0	 0	 0	 0	 0	 0	 אדמות
צחוק	 0	 0	 0	 0	 0	 0	 0	 0	 0	 0	 נוֹף
צחיק	 0	 0	 0	 0	 0	 0	 0	 0	 0	 0	 אדריכלות נוף
צוחק	 0	 0	 0	 1	 0	 1	 0	 1	 0	 0	 רוֹב מוֹחֵץ
צחוק	 0	 0	 0	 0	 0	 0	 0	 0	 0	 0	 נתיב
יק	 0	 0	 0	 0	 0	 0	 0	 0	 0	 0	 שפה
יסה	 0	 0	 0	 0	 0	 1	 0	 0	 0	 0	 רָפֶה
חתנ פרס	 0	 0	 0	 0	 0	 1	 0	 0	 0	 0	 לְהִתְמוֹגֵג
דפנה	 0	 0	 0	 1	 0	 1	 0	 1	 0	 0	 נמק
זרי דפנה	 0	 0	 0	 0	 0	 0	 0	 0	 0	 0	 גָבוֹהַ וְרָזֵה
בה	 0	 0	 0	 0	 0	 0	 0	 0	 0	 0	 פָּנָס
טיפה	 0	 0	 0	 0	 0	 0	 0	 0	 0	 0	 הקפה
ירותימ	 0	 0	 0	 0	 0	 0	 0	 0	 0	 0	 דַשׁ
אזוביונ	 0	 0	 0	 0	 0	 1	 0	 0	 0	 0	 לִשְׁגוֹת
פואר	 0	 0	 0	 0	 0	 0	 0	 0	 0	 0	 פג
חוק	 0	 0	 1	 0	 0	 1	 0	 0	 0	 0	 גְנֵבָה
חוקי	 0	 0	 0	 0	 0	 0	 0	 0	 0	 0	 שׁוּמָן
פקרות	 0	 0	 0	 0	 0	 0	 0	 0	 0	 0	 מזווה
דשא	 0	 0	 0	 0	 0	 0	 0	 0	 0	 0	 גָדוֹל
תביעה משפטית	 0	 0	 1	 0	 0	 0	 0	 0	 1	 1	 יותר גדול
עורכ דינ	 0	 0	 0	 0	 0	 0	 0	 0	 0	 0	 לארגו
רפה	 0	 0	 0	 0	 0	 0	 0	 0	 0	 0	 לְהִשְׁתַעֲשֵׁעַ
חומר משלשל	 0	 0	 0	 0	 0	 0	 0	 0	 0	 0	 זַחַל
ניח	 0	 0	 0	 0	 0	 0	 0	 0	 0	 0	 גָרוֹן
בה	 0	 0	 0	 0	 0	 0	 1	 0	 0	 1	 לייזר
רובד	 1	 0	 0	 1	 0	 1	 0	 0	 0	 0	 לְהַצְלִיף
דיוט	 0	 0	 0	 0	 0	 0	 0	 0	 0	 0	 בַּחוּרָה
עצל	 0	 0	 0	 0	 0	 0	 0	 0	 0	 0	 פְּלָצוּר
יאה	 0	 0	 0	 0	 0	 0	 0	 0	 0	 0	 מתמשך
עופרת	 0	 0	 0	 0	 0	 0	 0	 0	 0	 0	 בְּרִיחַ
נהיג	 0	 0	 0	 0	 0	 1	 0	 1	 0	 0	 מאוחר
יל	 0	 0	 0	 0	 0	 1	 0	 0	 0	 0	 איחור
יל	 1	 1	 1	 0	 0	 1	 0	 0	 1	 0	 חָבוּי
עלה	 0	 0	 0	 0	 0	 0	 0	 0	 0	 0	 צְדָדִי
עלונ	 0	 0	 0	 0	 0	 0	 0	 0	 0	 0	 לרוחב
סה עלימ	 0	 0	 0	 0	 0	 0	 0	 0	 0	 0	 שרף גומי
יגה	 0	 0	 0	 0	 0	 0	 0	 0	 0	 0	 מַחֲרָטָה
דליפה	 0	 0	 0	 0	 0	 0	 0	 0	 0	 0	 לְהַקְצִיף
דליפה	 0	 0	 0	 0	 0	 0	 0	 0	 0	 0	 קו רוחב
דולפ	 0	 0	 1	 0	 0	 1	 0	 0	 0	 0	 בתי שימוש
רזה	 0	 0	 0	 0	 0	 0	 0	 0	 0	 0	 סָרִיג
נשענ	 0	 0	 0	 0	 0	 0	 1	 0	 0	 0	 רָאוּי לְשֶׁבַח
נשענ	 0	 0	 0	 0	 1	 0	 1	 0	 1	 0	 לִצְחוֹק
קפוצ	 0	 0	 1	 0	 0	 1	 0	 0	 0	 0	 מַצחִיק
וד	 0	 0	 0	 0	 1	 0	 1	 0	 0	 0	 צוחק
מד	 0	 1	 0	 0	 1	 0	 1	 0	 1	 0	 צחוק
מד	 0	 1	 0	 0	 0	 0	 1	 0	 0	 0	 לְהַשִׁיק
ידה	 0	 0	 0	 0	 0	 0	 0	 0	 0	 0	 כְּבִיסָה
חוזה שכירות	 0	 0	 0	 0	 0	 0	 1	 0	 0	 1	 חֲתַן פְּרָס
רצועה	 0	 0	 0	 0	 0	 0	 1	 0	 0	 0	 דַפנָה
עור	 0	 0	 0	 0	 1	 0	 1	 0	 0	 0	 זֵרֵי דַפנָה
עורי	 1	 0	 0	 1	 0	 1	 0	 0	 0	 0	 לָבָה
עזוב	 0	 0	 0	 0	 0	 0	 0	 0	 0	 0	 שטיפה
רצאה	 0	 0	 1	 0	 0	 0	 0	 0	 0	 0	 שֵׁירוּתִים
רצה	 0	 0	 0	 0	 0	 0	 0	 0	 0	 0	 אֲזוֹבִיוֹן
דפ	 0	 0	 0	 0	 0	 0	 1	 0	 0	 0	 מפואר
פנקס	 0	 0	 0	 0	 0	 0	 0	 0	 0	 1	 חוֹק
לי	 0	 0	 0	 0	 0	 0	 1	 0	 0	 1	 חוּקִי
עלוקה	 1	 0	 0	 1	 0	 1	 0	 0	 0	 0	 הֶפקֵרוּת
עלוקות	 0	 0	 0	 0	 0	 0	 0	 0	 0	 0	 דֶשֶׁא
ראות	 1	 0	 1	 1	 0	 1	 0	 1	 1	 0	 תביעה משפטית
עצבני	 1	 0	 1	 1	 0	 1	 0	 0	 0	 0	 עורך דין
רימ	 0	 0	 0	 0	 0	 1	 0	 1	 0	 0	 רָפֶה
רחב תמרונ	 0	 0	 1	 1	 0	 1	 0	 0	 0	 0	 חומר משלשל
אלה	 0	 0	 0	 0	 0	 0	 0	 0	 0	 0	 לְהַנִיחַ
רגל	 0	 0	 0	 0	 0	 0	 0	 0	 0	 0	 שִׁכבָה
רשת	 0	 0	 0	 0	 0	 0	 0	 0	 0	 0	 מְרוּבָּד
פטי	 0	 0	 0	 0	 0	 0	 0	 0	 0	 0	 הֶדיוֹט
חוקיות	 0	 0	 0	 0	 0	 1	 0	 0	 0	 0	 עָצֵל
יר	 0	 0	 0	 0	 0	 0	 0	 0	 0	 0	 ליאה
גליזציה	 0	 0	 0	 0	 0	 0	 1	 0	 0	 0	 עוֹפֶרֶת
חינה חוקית	 0	 0	 0	 0	 0	 0	 1	 0	 0	 1	 מַנהִיג
אגדה	 0	 0	 0	 0	 0	 0	 0	 0	 0	 1	 מוֹבִיל
אגדי	 0	 0	 0	 0	 0	 0	 0	 0	 0	 0	 מוביל
קריאות	 0	 0	 0	 0	 0	 0	 0	 0	 0	 0	 עלה
קריא	 0	 0	 0	 0	 0	 0	 0	 0	 0	 0	 עָלוֹן
גיונ	 0	 0	 0	 0	 0	 0	 0	 0	 0	 0	 מְכוּסֶה עַלִים
חוקק	 0	 0	 0	 0	 0	 0	 1	 0	 0	 0	 לִיגָה
חקיקה	 0	 0	 0	 0	 0	 1	 0	 0	 0	 0	 דְלִיפָה
חקיקה	 0	 0	 0	 0	 0	 1	 0	 0	 0	 0	 דְלִיפָה
חוקק	 0	 0	 0	 0	 0	 1	 0	 0	 0	 0	 דולף
ית מחוקקימ	 0	 0	 0	 0	 0	 0	 0	 0	 0	 0	 רָזֶה
גיטימיות	 0	 0	 0	 0	 0	 0	 0	 0	 0	 0	 נשען
רגליימ	 0	 0	 0	 0	 0	 0	 0	 0	 0	 1	 נשען
קטניות	 0	 0	 0	 0	 0	 0	 0	 0	 0	 0	 לִקְפּוֹץ
פנאי	 0	 0	 0	 0	 0	 0	 1	 0	 0	 0	 לִלמוֹד
נחת	 0	 0	 0	 0	 0	 0	 0	 0	 0	 0	 מְלוּמָד
מה	 0	 0	 0	 0	 0	 0	 0	 0	 0	 0	 לומד
ימונ	 0	 0	 0	 0	 0	 0	 1	 0	 0	 0	 לְמִידָה
ות	 0	 0	 0	 0	 0	 0	 0	 0	 0	 0	 חוזה שכירות
איל	 0	 0	 0	 0	 0	 0	 0	 0	 0	 0	 רצועה
אלה	 0	 0	 0	 0	 0	 0	 0	 0	 0	 0	 עוֹר
אורכ	 0	 0	 0	 0	 0	 0	 0	 0	 0	 0	 עוֹרִי
אריכ	 0	 0	 0	 0	 0	 1	 0	 1	 1	 0	 לעזוב
תארכ	 0	 0	 0	 0	 0	 0	 0	 0	 0	 0	 הַרצָאָה
תארכות	 0	 0	 0	 0	 0	 0	 1	 0	 0	 0	 מַרצֶה
אורכ	 0	 0	 0	 0	 0	 0	 0	 0	 0	 0	 מַדָף
ארוכ	 0	 0	 0	 0	 0	 0	 0	 0	 0	 0	 פִּנקָס
יד רכה	 0	 0	 0	 0	 0	 0	 0	 0	 0	 0	 לי
תרנ	 0	 0	 0	 0	 0	 1	 0	 0	 0	 0	 עֲלוּקָה
עדשה	 0	 0	 1	 1	 0	 1	 0	 0	 0	 0	 עלוקות
נמר	 0	 0	 1	 0	 0	 1	 0	 0	 0	 0	 לִרְאוֹת
צרעת	 0	 0	 0	 0	 0	 0	 0	 0	 1	 0	 עצבני
כר	 0	 0	 0	 0	 0	 0	 0	 0	 0	 0	 שְׁמָרִים
קטינ	 0	 0	 0	 0	 0	 0	 1	 0	 0	 0	 מֶרחַב תִמרוּן
תמעטות	 0	 0	 0	 0	 0	 0	 0	 0	 0	 0	 שמאלה
קטנ יותר	 0	 0	 0	 0	 0	 0	 0	 0	 0	 0	 רגל
יעור	 0	 0	 0	 0	 0	 0	 0	 0	 0	 0	 מוֹרֶשֶׁת
חכיר	 0	 0	 0	 0	 0	 0	 1	 0	 0	 1	 משפטי
קטלני	 0	 0	 0	 0	 0	 0	 0	 0	 0	 0	 חוּקִיוּת
רדומ	 0	 0	 0	 0	 0	 0	 0	 0	 0	 0	 לְהַכשִׁיר
תרדמה	 1	 0	 0	 1	 1	 0	 1	 0	 0	 1	 לגליזציה
תב	 0	 0	 0	 0	 0	 0	 0	 0	 0	 0	 מבחינה חוקית
מד	 0	 0	 0	 0	 0	 0	 0	 0	 0	 0	 אגדה
אותיות	 0	 0	 0	 0	 0	 0	 1	 0	 0	 0	 אגדי
חסה	 0	 0	 0	 0	 0	 0	 1	 0	 0	 0	 קְרִיאוּת
קמיה	 0	 0	 0	 0	 0	 0	 1	 0	 0	 0	 קָרִיא
קבלת פנימ רשמית	 0	 0	 0	 0	 0	 0	 0	 0	 0	 0	 לִגִיוֹן
רמה	 0	 0	 0	 0	 0	 0	 0	 0	 0	 0	 לְחוֹקֵק
נופ	 0	 0	 0	 0	 0	 0	 0	 0	 0	 0	 חֲקִיקָה
ינופ	 0	 0	 0	 0	 0	 0	 0	 0	 0	 0	 חקיקה
גבות	 0	 0	 0	 0	 0	 0	 0	 0	 0	 1	 מְחוֹקֵק
זמתי	 0	 0	 0	 0	 0	 0	 0	 0	 0	 1	 בֵּית מְחוֹקְקִים
קסיקונ	 0	 0	 0	 0	 0	 0	 0	 0	 0	 1	 לֵגִיטִימִיוּת
תחייבויות	 0	 0	 0	 0	 0	 0	 0	 0	 0	 0	 רגליים
אחריות	 0	 0	 0	 0	 0	 0	 0	 0	 0	 0	 קטניות
קשר	 0	 1	 0	 0	 1	 0	 1	 0	 1	 1	 פְּנַאִי
קרנ	 0	 0	 0	 0	 0	 0	 1	 0	 0	 0	 בנחת
עלילה	 0	 0	 0	 0	 0	 0	 1	 0	 0	 0	 הלמה
יצ	 0	 0	 1	 0	 0	 1	 0	 0	 0	 0	 לימון
יברלי	 0	 0	 0	 0	 0	 0	 0	 0	 0	 0	 לְהַלווֹת
יברליות	 0	 0	 0	 0	 0	 0	 0	 0	 0	 1	 מַשׁאִיל
חרר	 0	 0	 0	 0	 0	 0	 0	 0	 0	 0	 הַשׁאָלָה
חרור	 0	 0	 0	 0	 0	 0	 0	 0	 0	 0	 אורך
חופש	 0	 0	 0	 0	 0	 0	 0	 0	 0	 0	 לְהַאֲרִיך
יבידו	 0	 0	 0	 0	 0	 0	 0	 0	 0	 0	 התארך
ספרנ	 0	 0	 0	 0	 0	 0	 0	 0	 0	 0	 הִתאָרְכוּת
ספריה	 0	 0	 0	 0	 0	 0	 0	 0	 0	 0	 לְאוֹרֶך
יברית	 0	 0	 0	 0	 0	 0	 0	 0	 0	 0	 אָרוֹך
רישיונ	 0	 0	 0	 0	 0	 0	 0	 0	 0	 0	 יָד רָכָּה
חזזית	 0	 0	 0	 0	 0	 0	 1	 0	 0	 0	 וַתְרָן
קק	 0	 0	 0	 0	 0	 0	 0	 0	 0	 0	 עֲדָשָׁה
סה	 0	 0	 0	 0	 0	 0	 0	 0	 0	 0	 נָמֵר
קר	 0	 0	 1	 1	 0	 1	 0	 1	 0	 0	 צָרַעַת
יאז	 0	 0	 0	 0	 0	 0	 0	 0	 0	 0	 שׂוֹכֵר
עבוד	 0	 1	 0	 0	 0	 1	 0	 0	 0	 0	 לְהַקְטִין
קומ	 0	 0	 0	 0	 0	 0	 0	 0	 0	 0	 הִתמַעֲטוּת
סגנ	 0	 0	 1	 0	 0	 1	 0	 0	 0	 0	 קָטָן יוֹתֵר
חיימ	 0	 1	 0	 0	 0	 0	 1	 0	 0	 1	 שיעור
דמ חיימ	 0	 0	 0	 0	 0	 0	 0	 0	 0	 0	 מַחכִּיר
סירת הצלה	 0	 0	 1	 1	 0	 1	 0	 1	 0	 0	 קָטלָנִי
חסר חיימ	 0	 0	 0	 0	 0	 0	 0	 0	 0	 0	 רָדוּם
 בחיימ	 0	 0	 0	 0	 0	 1	 0	 1	 0	 0	 תַרְדֵמָה
 כל החיימ	 0	 1	 0	 0	 0	 0	 0	 0	 0	 0	 מִכְתָב
 החיימ	 0	 1	 0	 0	 0	 0	 1	 0	 0	 1	 מְלוּמָד
עלית	 0	 0	 0	 0	 0	 0	 0	 0	 0	 0	 אותיות
רצועה	 0	 0	 0	 0	 0	 0	 0	 0	 0	 0	 חסה
קשירה	 1	 0	 0	 1	 0	 1	 0	 1	 0	 0	 לוקמיה
אור	 0	 0	 0	 0	 0	 0	 0	 0	 0	 1	 קַבָּלַת פָּנִים רִשׁמִית
תבהר	 0	 0	 0	 0	 0	 0	 1	 0	 0	 1	 רָמָה
גדלור	 0	 0	 0	 0	 0	 0	 0	 0	 0	 0	 מָנוֹף
קלילות	 0	 0	 0	 0	 0	 0	 1	 0	 0	 0	 מינוף
רק	 0	 0	 0	 0	 0	 1	 0	 0	 0	 0	 לִגבּוֹת
סבירות	 0	 0	 1	 0	 0	 1	 0	 0	 0	 0	 זִמָתִי
דמות	 0	 0	 0	 0	 0	 0	 0	 0	 0	 0	 לֵקסִיקוֹן
 כנ	 0	 0	 0	 0	 0	 0	 0	 0	 0	 0	 ley
טעמ	 0	 0	 0	 0	 0	 0	 0	 0	 0	 0	 התחייבויות
ילכ	 0	 0	 0	 0	 0	 0	 0	 0	 0	 0	 אחריות
שנ	 0	 0	 0	 0	 0	 1	 0	 0	 0	 0	 קֶשֶׁר
איבר	 0	 0	 1	 0	 0	 1	 0	 0	 0	 0	 שַׁקרָן
נשיה	 1	 0	 0	 1	 0	 1	 0	 0	 0	 1	 עֲלִילָה
גביל	 0	 0	 0	 0	 0	 0	 0	 0	 0	 0	 מַשׁמִיץ
גבלה	 0	 0	 0	 0	 0	 1	 1	 0	 0	 0	 לִיבֵּרָלִי
גבל	 0	 0	 0	 0	 0	 0	 0	 0	 0	 0	 לִיבֵּרָלִיוּת
א גבולות	 1	 1	 0	 0	 1	 0	 1	 0	 1	 1	 לְשַׁחְרֵר
ימוזינה	 0	 1	 0	 0	 1	 0	 1	 0	 1	 0	 שִׁחרוּר
צלוע	 0	 1	 0	 0	 1	 0	 1	 0	 1	 1	 חוֹפֶשׁ
ינ	 0	 0	 0	 0	 0	 0	 0	 0	 0	 0	 לִיבִּידוֹ
קו	 0	 0	 0	 0	 0	 0	 0	 0	 0	 0	 סַפרָן
יוחסינ	 0	 0	 0	 0	 0	 0	 1	 0	 0	 0	 סִפְרִיָה
קווקו	 0	 0	 0	 0	 0	 0	 0	 0	 0	 0	 לִיברִית
יניארי	 0	 0	 0	 0	 0	 0	 0	 0	 0	 0	 רישיון
רופד	 0	 0	 0	 0	 0	 0	 0	 0	 0	 0	 חֲזָזִית
צעימ	 0	 0	 1	 0	 0	 1	 0	 0	 0	 0	 לְלַקֵק
אניה	 0	 0	 0	 0	 0	 0	 0	 0	 0	 0	 מִכסֶה
רות	 1	 0	 1	 0	 0	 1	 0	 1	 0	 0	 שקר
תהות	 0	 0	 0	 0	 0	 0	 0	 0	 0	 0	 ליאז'
ונ	 0	 0	 0	 0	 0	 0	 0	 0	 0	 0	 שִׁעבּוּד
ני	 0	 0	 0	 0	 0	 0	 0	 0	 0	 0	 במקום
שנ	 0	 0	 0	 0	 0	 0	 0	 0	 0	 1	 סגן
ני	 0	 0	 0	 0	 0	 0	 0	 0	 0	 0	 חַיִים
נות	 0	 0	 0	 0	 0	 0	 1	 0	 0	 0	 דם חיים
טנה	 0	 0	 0	 0	 0	 0	 0	 0	 0	 0	 סִירַת הַצָלָה
קישור	 0	 0	 0	 1	 0	 1	 0	 1	 0	 0	 חֲסַר חַיִים
ינולאומ	 0	 0	 0	 0	 0	 0	 0	 0	 0	 0	 כְּמוֹ בַּחַיִים
וכ	 0	 0	 0	 0	 0	 0	 0	 0	 0	 0	 מֶשֶׁך כֹּל הָחַיִים
אריה	 0	 0	 0	 0	 0	 0	 0	 0	 0	 0	 לכל החיים
פה	 0	 0	 0	 0	 0	 0	 0	 0	 0	 0	 מעלית
פתונ	 0	 0	 0	 0	 0	 0	 0	 0	 0	 0	 רְצוּעָה
נזילות	 0	 0	 0	 0	 0	 0	 0	 0	 0	 0	 קשירה
נוזלי	 0	 0	 0	 0	 0	 0	 0	 0	 0	 0	 אוֹר
יקר	 0	 0	 0	 0	 0	 0	 0	 0	 0	 0	 לְהִתְבַּהֵר
נוזל	 0	 0	 0	 0	 0	 0	 1	 0	 0	 0	 מִגדַלוֹר
חסל	 0	 0	 0	 0	 0	 0	 0	 0	 0	 0	 קְלִילוּת
חיסול	 1	 0	 0	 1	 0	 0	 0	 0	 1	 0	 בָּרָק
פרק	 0	 0	 0	 0	 0	 0	 0	 0	 0	 0	 סְבִירוּת
נזילות	 0	 0	 0	 0	 0	 0	 0	 0	 0	 0	 דְמוּת
קה חריפ	 0	 0	 0	 0	 0	 0	 0	 0	 0	 0	 כְּמוֹ כֵן
עלגות	 0	 0	 0	 0	 1	 0	 1	 0	 0	 1	 טַעַם
רשימה	 0	 0	 0	 0	 0	 0	 0	 0	 0	 0	 לִילָך
קשיב	 0	 0	 0	 0	 0	 0	 0	 0	 0	 0	 שׁוֹשָׁן
אזינ	 0	 0	 0	 0	 0	 0	 0	 0	 0	 0	 אֵיבָר
רישומ	 0	 0	 0	 0	 0	 0	 0	 0	 0	 0	 נְשִׁיָה
אדיש	 0	 0	 0	 0	 0	 0	 0	 0	 0	 0	 לְהַגבִּיל
יטניה	 0	 0	 0	 0	 0	 0	 0	 0	 0	 0	 הַגבָּלָה
פשוטו כמשמעו	 1	 0	 0	 0	 0	 1	 0	 1	 0	 0	 מוגבל
ספרותי	 0	 0	 0	 0	 0	 0	 0	 0	 0	 0	 ללא גבולות
ספרות	 0	 0	 0	 0	 0	 0	 0	 0	 0	 0	 לִימוּזִינָה
גמיש	 0	 0	 0	 0	 0	 1	 0	 0	 0	 0	 לִצְלוֹעַ
דפוס אבנ	 0	 0	 0	 0	 0	 0	 0	 0	 0	 0	 לין
יתוגרפיה	 0	 0	 0	 0	 0	 0	 0	 0	 0	 0	 קַו
יתולוגיה	 0	 0	 0	 0	 0	 0	 0	 0	 0	 0	 יוּחֲסִין
יתוספרה	 0	 0	 0	 0	 0	 0	 0	 0	 0	 0	 מְקוּוקַו
על דינ	 0	 0	 0	 0	 0	 0	 0	 0	 0	 0	 ליניארי
תדיינ	 0	 0	 0	 0	 0	 0	 0	 0	 0	 0	 מרופד
יטיגציה	 0	 0	 0	 0	 0	 0	 0	 0	 0	 0	 מצעים
תדיינימ	 0	 0	 0	 0	 0	 0	 0	 0	 0	 0	 אֳנִיָה
אשפה	 0	 0	 0	 1	 0	 0	 0	 0	 0	 0	 שורות
חופ הימ	 0	 1	 0	 0	 0	 0	 0	 0	 0	 0	 לְהִשְׁתַהוֹת
פולחנ	 0	 0	 0	 0	 0	 0	 0	 0	 0	 0	 לָשׁוֹן
פרנסה	 0	 0	 0	 0	 0	 0	 0	 0	 0	 0	 לְשׁוֹנִי
דימ	 0	 0	 0	 0	 0	 0	 1	 0	 0	 1	 בַּלשָׁן
רותח מכעס	 0	 0	 0	 0	 0	 0	 0	 0	 0	 0	 לשוני
חי	 0	 0	 0	 0	 0	 0	 0	 0	 0	 0	 בַּלשָׁנוּת
אמה	 0	 0	 0	 0	 0	 0	 0	 0	 0	 0	 בִּטנָה
טעונ	 0	 0	 0	 0	 0	 0	 0	 0	 0	 0	 קישור
תבטל	 0	 0	 0	 0	 0	 0	 0	 0	 0	 0	 לִינוֹלֵאוּם
טלנ	 0	 0	 0	 0	 0	 1	 0	 0	 0	 0	 מוֹך
טינ	 0	 0	 0	 1	 0	 0	 1	 0	 0	 0	 אַריֵה
ות	 0	 0	 0	 0	 0	 0	 0	 0	 0	 0	 שָׂפָה
תעב	 0	 0	 0	 0	 0	 0	 0	 0	 0	 0	 שְׂפָתוֹן
תעב	 0	 0	 0	 0	 0	 0	 0	 0	 0	 0	 נזילות
תיעוב	 0	 0	 0	 0	 0	 0	 0	 0	 0	 0	 נוזלי
נתעב	 0	 0	 0	 0	 0	 0	 0	 0	 0	 0	 לִיקֵר
בי	 0	 0	 0	 0	 0	 0	 0	 0	 0	 0	 נוזל
תדלנ	 0	 0	 0	 0	 0	 0	 0	 0	 0	 0	 לְחַסֵל
אונה	 0	 0	 0	 0	 0	 0	 0	 0	 0	 0	 חיסול
קומי	 0	 0	 0	 0	 0	 0	 0	 0	 0	 0	 מְפָרֵק
קומי	 0	 0	 0	 0	 0	 0	 0	 0	 0	 0	 נְזִילוּת
קומ	 1	 0	 0	 0	 1	 1	 0	 1	 0	 0	 מַשׁקֶה חָרִיף
קליזציה	 0	 0	 0	 0	 0	 0	 0	 0	 0	 0	 עִלְגוּת
קמ	 0	 0	 0	 0	 0	 0	 0	 0	 0	 0	 רשימה
אתר	 0	 0	 0	 0	 0	 0	 0	 0	 0	 0	 להקשיב
קומ	 0	 0	 0	 0	 0	 0	 0	 0	 0	 0	 מַאֲזִין
וכ	 0	 0	 0	 0	 0	 0	 0	 0	 0	 0	 רישום
נעול	 0	 0	 0	 0	 0	 1	 0	 1	 0	 0	 אָדִישׁ
תא	 0	 0	 0	 0	 0	 0	 0	 0	 0	 0	 ליטניה
פורצ מנעולימ	 0	 0	 0	 0	 0	 0	 0	 0	 0	 0	 פשוטו כמשמעו
נעל	 0	 0	 0	 0	 0	 0	 0	 0	 0	 0	 סִפְרוּתִי
תנועה	 0	 0	 0	 0	 0	 0	 0	 0	 0	 0	 סִפְרוּת
קטר	 0	 0	 0	 0	 0	 0	 1	 0	 0	 0	 גָמִישׁ
ארבה	 0	 0	 0	 0	 0	 0	 0	 0	 0	 0	 דְפוּס אֶבֶן
כה	 0	 0	 0	 0	 0	 0	 0	 0	 0	 0	 לִיתוֹגְרָפִיָה
דייר	 0	 0	 0	 0	 0	 0	 0	 0	 0	 0	 ליתולוגיה
ינה	 0	 0	 0	 0	 0	 0	 0	 0	 0	 0	 ליתוספרה
עלית גג	 0	 0	 0	 0	 0	 1	 0	 0	 0	 0	 בַּעַל דִין
תנשא	 1	 1	 1	 1	 0	 1	 0	 1	 0	 0	 להתדיין
עצ	 0	 0	 0	 0	 0	 1	 0	 0	 0	 0	 ליטיגציה
גריתמ	 1	 0	 1	 0	 0	 1	 0	 0	 0	 0	 מתדיינים
גריתמי	 0	 0	 0	 0	 0	 1	 0	 0	 0	 0	 אַשׁפָּה
גיונ	 0	 0	 0	 0	 0	 0	 0	 0	 0	 0	 חוֹף הַיָם
גיוני	 0	 0	 0	 0	 0	 0	 0	 0	 0	 0	 פּוּלחָן
גיסטיקה	 0	 0	 0	 0	 0	 0	 0	 0	 0	 0	 פַּרנָסָה
גו	 0	 0	 0	 0	 0	 0	 0	 0	 0	 0	 מַדִים
ירכ	 1	 0	 1	 0	 0	 1	 0	 0	 0	 0	 רותח מכעס
סוכריה על מקל	 0	 0	 0	 0	 0	 0	 0	 0	 0	 0	 חַי
דד	 0	 0	 0	 0	 0	 0	 0	 0	 0	 0	 לָאמָה
דידות	 0	 0	 0	 0	 0	 0	 0	 0	 0	 0	 לִטעוֹן
דד	 0	 0	 0	 0	 0	 1	 0	 0	 0	 0	 לְהִתְבַּטֵל
גלמוד	 0	 0	 0	 0	 0	 1	 0	 0	 0	 0	 בַּטלָן
ארוכ	 0	 0	 0	 0	 0	 0	 0	 0	 0	 0	 טִין
אריכות ימימ	 0	 0	 0	 0	 0	 0	 0	 0	 0	 0	 לְהַלווֹת
געגועימ	 1	 0	 0	 0	 0	 1	 0	 0	 0	 0	 מְתַעֵב
קו אורכ	 1	 0	 1	 0	 0	 1	 0	 0	 0	 0	 לתעב
ארכי	 0	 0	 1	 0	 0	 1	 0	 0	 0	 0	 תיעוב
אורכ	 1	 0	 1	 0	 0	 1	 0	 0	 0	 0	 נִתעָב
לו	 0	 0	 0	 0	 0	 0	 0	 0	 0	 0	 לובי
תזהר	 0	 0	 0	 0	 0	 1	 0	 0	 0	 0	 שְׁתַדְלָן
נול	 0	 0	 0	 0	 0	 0	 0	 0	 0	 0	 אוּנָה
חלה	 0	 0	 0	 0	 0	 0	 0	 0	 0	 0	 מְקוֹמִי
טיפשי	 0	 0	 0	 0	 0	 0	 0	 0	 0	 0	 מקומי
גע	 0	 0	 0	 0	 0	 0	 0	 0	 0	 0	 מָקוֹם
אה	 0	 0	 0	 0	 0	 0	 0	 0	 0	 0	 לוקליזציה
פרצה	 0	 1	 0	 0	 0	 0	 0	 0	 0	 0	 לְמַקֵם
חרר	 0	 0	 0	 0	 0	 0	 0	 0	 0	 0	 לְאַתֵר
תרה	 0	 0	 0	 0	 0	 0	 0	 0	 0	 0	 מקום
זוז	 0	 0	 0	 0	 0	 0	 0	 0	 0	 0	 לוך
גדוע	 0	 0	 0	 0	 0	 0	 0	 0	 0	 0	 לנעול
סתומה	 0	 0	 0	 0	 0	 0	 0	 0	 0	 0	 תָא
אדונ	 0	 0	 0	 0	 0	 0	 0	 0	 0	 0	 פורץ מנעולים
אדונימ	 0	 0	 0	 1	 0	 1	 0	 1	 0	 0	 נעל
אדנות	 0	 0	 0	 0	 0	 0	 0	 0	 0	 0	 תְנוּעָה
תורה	 0	 0	 0	 0	 0	 0	 0	 0	 0	 0	 קַטָר
אית	 0	 0	 0	 1	 0	 1	 0	 0	 0	 0	 אַרְבֶּה
אבד	 0	 0	 0	 0	 0	 0	 0	 0	 0	 0	 לִשְׁכָּה
אבד	 0	 0	 0	 0	 0	 0	 0	 0	 0	 0	 דייר
פסד	 0	 0	 0	 0	 0	 0	 0	 0	 0	 1	 לִינָה
אבד	 0	 0	 0	 0	 0	 0	 0	 0	 0	 0	 עֲלִיַת גַג
גרש	 0	 0	 0	 0	 0	 1	 0	 0	 0	 0	 מתנשא
תחליב	 0	 0	 0	 0	 0	 0	 0	 0	 0	 0	 עֵץ
ונ	 0	 0	 0	 0	 0	 0	 0	 0	 0	 0	 לוֹגָרִיתְם
גרלה	 0	 0	 0	 0	 0	 0	 0	 0	 0	 0	 לוגריתמי
טו	 0	 0	 0	 0	 0	 0	 0	 0	 0	 0	 הִגָיוֹן
קול רמ	 0	 0	 0	 0	 0	 0	 1	 0	 0	 0	 הגיוני
קולי קולות	 0	 0	 0	 0	 0	 0	 0	 0	 0	 0	 לוֹגִיסטִיקָה
קולניות	 0	 0	 0	 0	 0	 0	 0	 0	 0	 0	 לוגו
טרקלינ	 0	 0	 0	 0	 0	 0	 0	 0	 0	 0	 יָרֵך
ינה	 0	 0	 0	 0	 0	 0	 0	 0	 0	 0	 סוּכָּריָה עַל מַקֵל
חביב	 0	 0	 0	 0	 0	 0	 0	 1	 0	 0	 בּוֹדֵד
אהבה	 0	 0	 0	 1	 0	 1	 0	 1	 0	 0	 בְּדִידוּת
חביב	 1	 0	 1	 1	 0	 1	 0	 1	 0	 0	 בּוֹדֵד
תעלסות	 0	 0	 0	 0	 0	 1	 0	 1	 0	 0	 גַלמוּד
אהב	 0	 1	 0	 0	 0	 0	 0	 0	 0	 0	 ארוך
אוהב	 0	 0	 0	 0	 0	 0	 1	 0	 0	 0	 אֲרִיכוּת יָמִים
נמוכ יותר	 0	 1	 0	 0	 0	 0	 0	 1	 0	 0	 גַעגוּעִים
רדה	 0	 0	 0	 0	 0	 0	 0	 0	 0	 0	 קו אורך
נמוכ ביותר	 0	 0	 0	 0	 0	 0	 0	 0	 0	 0	 אֹרכִּי
פלה	 0	 0	 0	 0	 0	 0	 0	 0	 0	 0	 לאורך
צנוע	 0	 0	 1	 0	 0	 1	 0	 0	 0	 0	 לוּ
נאמנ	 0	 0	 0	 0	 0	 0	 0	 0	 0	 0	 תזהר
נאמנות	 0	 1	 0	 1	 0	 1	 0	 0	 0	 0	 נוֹל
סוכ	 0	 0	 0	 0	 0	 0	 0	 0	 0	 0	 הַשׁחָלָה
סיכה	 0	 0	 1	 0	 0	 1	 0	 0	 0	 0	 טיפשי
זל	 0	 0	 0	 0	 0	 1	 0	 0	 0	 0	 מְשׁוּגָע
ר מזל	 0	 0	 0	 0	 0	 0	 0	 0	 0	 0	 לוּלָאָה
גוחכ	 0	 0	 0	 0	 0	 0	 0	 0	 0	 0	 פִּרְצָה
סחוב	 0	 0	 0	 0	 0	 0	 0	 0	 0	 0	 לְשַׁחְרֵר
טענ	 0	 0	 0	 0	 0	 0	 0	 0	 0	 0	 הַתָרָה
רגיע	 0	 0	 0	 0	 0	 1	 0	 0	 0	 0	 לִבזוֹז
יר ערש	 0	 0	 0	 0	 0	 0	 0	 0	 0	 0	 לִגדוֹעַ
תני	 0	 0	 0	 0	 0	 0	 0	 0	 0	 0	 סתומה
עצ	 0	 0	 1	 0	 0	 1	 1	 0	 0	 1	 אָדוֹן
עצימ	 0	 0	 0	 0	 0	 0	 0	 0	 0	 0	 אדונים
זורח	 0	 0	 0	 0	 0	 0	 1	 0	 0	 0	 אַדְנוּת
זורח	 0	 0	 0	 0	 0	 0	 0	 0	 0	 0	 תוֹרָה
גוש	 0	 0	 0	 0	 0	 0	 0	 0	 0	 0	 מַשָׂאִית
סוקס	 1	 0	 1	 1	 0	 1	 0	 1	 1	 0	 לאבד
סהרוריות	 1	 0	 0	 0	 0	 1	 0	 1	 0	 0	 לאבד
ירחי	 1	 0	 0	 1	 0	 1	 0	 1	 0	 0	 הֶפסֵד
טורפ	 0	 0	 0	 0	 0	 1	 0	 1	 0	 0	 אָבֵד
ארוחת צהריימ	 0	 0	 0	 0	 0	 0	 0	 0	 0	 0	 מִגרָשׁ
ארוחת צהריימ	 0	 0	 0	 0	 0	 0	 0	 0	 0	 0	 תַחלִיב
נגיחה	 0	 0	 0	 0	 0	 0	 0	 0	 0	 0	 המון
ריאות	 0	 1	 0	 0	 0	 0	 0	 0	 0	 0	 הגרלה
תנודה	 0	 0	 0	 0	 0	 0	 0	 0	 0	 0	 לוֹטוֹ
פתות	 0	 0	 0	 0	 0	 0	 0	 0	 0	 0	 בְּקוֹל רָם
זוועה	 0	 0	 0	 0	 0	 0	 0	 0	 0	 0	 בקולי קולות
סתתר	 1	 0	 0	 0	 0	 1	 0	 0	 0	 0	 קוֹלָנִיוּת
אורבני	 0	 0	 0	 0	 0	 1	 0	 0	 0	 0	 טְרַקלִין
טעימ מאוד	 0	 0	 1	 0	 0	 1	 0	 0	 0	 0	 כינה
סומק	 0	 0	 0	 0	 1	 0	 1	 0	 0	 1	 חָבִיב
תשוקה	 0	 0	 0	 0	 1	 0	 1	 0	 0	 0	 אהבה
יקות	 0	 1	 0	 0	 1	 0	 1	 1	 1	 1	 חביב
חמדני	 0	 0	 0	 0	 1	 0	 1	 0	 0	 1	 התעלסות
ריק	 0	 1	 0	 0	 1	 0	 1	 0	 0	 1	 מְאַהֵב
ריא	 0	 0	 0	 0	 1	 0	 1	 0	 0	 1	 אוהב
אוטה	 0	 0	 0	 0	 0	 1	 0	 1	 0	 0	 נמוך יותר
פעת	 0	 0	 0	 0	 0	 1	 0	 0	 0	 0	 הוֹרָדָה
פואר	 0	 0	 0	 0	 0	 1	 0	 1	 0	 0	 הנמוך ביותר
תרות	 0	 0	 0	 0	 0	 1	 0	 0	 0	 0	 השפלה
קר	 0	 0	 0	 0	 0	 1	 0	 1	 0	 0	 צָנוּעַ
ימפה	 0	 0	 0	 1	 1	 0	 1	 0	 1	 1	 נֶאֱמָן
ימפתי	 0	 0	 0	 0	 0	 0	 1	 0	 0	 1	 נֶאֱמָנוּת
ינצ	 0	 0	 0	 0	 0	 0	 0	 0	 0	 0	 לָסוּך
ינקס	 0	 0	 0	 0	 0	 0	 0	 0	 0	 0	 סִיכָה
נבל	 0	 1	 0	 0	 1	 0	 1	 0	 1	 0	 מַזָל
יריקה	 0	 0	 0	 0	 1	 0	 1	 0	 1	 0	 בַּר מַזָל
ירי	 0	 0	 0	 0	 0	 1	 0	 0	 0	 0	 מְגוּחָך
רביט	 0	 0	 0	 0	 0	 0	 0	 0	 0	 0	 לִסְחוֹב
נה	 0	 0	 0	 0	 0	 0	 0	 0	 0	 0	 מטען
נות	 0	 1	 0	 0	 0	 0	 0	 0	 0	 0	 לְהַרְגִיעַ
נאי	 0	 0	 0	 0	 0	 0	 0	 0	 0	 0	 שיר ערש
קרל	 0	 0	 0	 0	 0	 0	 0	 0	 0	 0	 מוֹתָנִי
טורפ	 0	 0	 0	 0	 0	 0	 0	 0	 0	 0	 עֵץ
גברת	 0	 0	 0	 0	 0	 1	 0	 0	 0	 0	 עצים
גברת	 0	 0	 0	 0	 0	 0	 0	 0	 0	 0	 זוֹרֵחַ
גע	 0	 0	 0	 0	 0	 0	 0	 0	 0	 0	 זוֹרֵחַ
טורפ	 0	 0	 0	 0	 0	 1	 0	 0	 0	 0	 גוש
געונ	 0	 0	 1	 0	 0	 1	 0	 0	 0	 0	 מְסוּקָס
פיה	 1	 0	 1	 1	 0	 1	 0	 1	 0	 0	 סַהֲרוּרִיוּת
גזינ	 0	 0	 0	 0	 0	 0	 0	 0	 0	 0	 יְרֵחִי
קוסמ	 1	 0	 1	 1	 0	 1	 0	 0	 0	 0	 מְטוּרָף
גנטה	 0	 0	 0	 0	 0	 0	 0	 0	 0	 0	 ארוחת צהריים
תולעת	 0	 0	 0	 0	 0	 0	 0	 0	 0	 0	 ארוחת צהריים
קסמ	 0	 0	 0	 0	 0	 0	 0	 0	 1	 0	 נְגִיחָה
קסמי	 0	 0	 0	 0	 0	 0	 0	 0	 0	 0	 ריאות
קוסמ	 0	 0	 0	 0	 0	 1	 0	 0	 0	 0	 תְנוּדָה
פט שלומ	 0	 0	 0	 0	 0	 1	 0	 0	 0	 0	 לִפתוֹת
קפה	 0	 0	 1	 0	 0	 1	 0	 0	 0	 0	 זוועה
איל	 0	 0	 0	 0	 0	 1	 0	 0	 0	 0	 לְהִסְתָתֵר
גנט	 0	 0	 0	 0	 0	 1	 0	 0	 0	 0	 אוֹרְבָנִי
גנטיות	 0	 1	 0	 0	 1	 0	 1	 0	 0	 0	 טָעִים מְאוֹד
גנטיט	 0	 0	 1	 0	 0	 1	 0	 1	 0	 0	 סומק
פאר	 0	 1	 0	 0	 0	 1	 0	 0	 0	 0	 תְשׁוּקָה
פואר	 0	 0	 0	 0	 1	 0	 1	 0	 0	 0	 בְּהִיקוּת
זכוכית מגדלת	 0	 0	 0	 0	 0	 1	 0	 0	 0	 0	 חֶמדָנִי
גדיל	 0	 0	 0	 0	 0	 0	 1	 0	 0	 0	 מַברִיק
עוצמה	 0	 0	 1	 0	 0	 0	 0	 0	 0	 0	 בָּרִיא
עורב הנחלימ	 0	 0	 0	 0	 0	 0	 0	 0	 0	 0	 לָאוּטָה
עוזרת	 0	 0	 0	 0	 0	 0	 1	 0	 0	 0	 שופעת
עלמה	 0	 0	 0	 0	 1	 0	 1	 0	 0	 0	 מְפוֹאָר
דואר	 0	 0	 0	 0	 1	 0	 1	 0	 0	 0	 מוּתָרוּת
ראשי	 1	 0	 1	 0	 0	 1	 0	 0	 0	 0	 שֶׁקֶר
יבשת	 0	 0	 0	 0	 0	 0	 0	 0	 0	 0	 לִימפָה
ענ עקרי	 0	 0	 0	 0	 0	 0	 0	 0	 0	 0	 לִימפָתִי
תחזוקה	 1	 0	 1	 1	 0	 1	 0	 1	 0	 0	 לִינץ'
תי	 0	 0	 0	 0	 0	 0	 0	 0	 0	 0	 לִינקס
גאונ	 0	 0	 0	 0	 1	 0	 1	 0	 0	 0	 נֶבֶל
גדול	 0	 0	 0	 0	 0	 0	 0	 0	 0	 0	 לִירִיקָה
רוב	 0	 0	 0	 0	 1	 0	 1	 0	 0	 0	 לִירִי
עשה	 0	 0	 0	 1	 0	 1	 0	 0	 0	 0	 שַׁרבִּיט
יצרנ	 0	 0	 0	 0	 0	 0	 0	 0	 0	 1	 מְכוֹנָה
תחליפ	 0	 0	 0	 0	 0	 0	 0	 0	 0	 0	 מְכוֹנוֹת
תפצה	 0	 0	 0	 0	 0	 0	 0	 0	 0	 0	 מְכוֹנַאִי
חלה	 0	 0	 0	 0	 0	 0	 0	 0	 0	 0	 מָקָרֶל
כה	 1	 0	 1	 1	 0	 1	 0	 1	 0	 0	 מְטוּרָף
ריה	 0	 0	 0	 0	 0	 0	 0	 0	 0	 0	 גְבֶרֶת
רושע	 0	 0	 0	 0	 0	 0	 0	 0	 0	 0	 גְבֶרֶת
תעללות	 1	 0	 0	 1	 0	 1	 0	 0	 0	 0	 לְשַׁגֵעַ
נוול	 1	 0	 0	 1	 0	 1	 0	 0	 0	 0	 מְטוּרָף
זדונ	 1	 0	 0	 1	 0	 1	 0	 0	 0	 0	 שִׁגָעוֹן
זדוני	 0	 0	 0	 1	 0	 1	 0	 0	 0	 0	 מַפִיָה
יצ	 0	 0	 0	 0	 0	 0	 0	 0	 0	 0	 מגזין
אירות	 0	 0	 0	 1	 0	 0	 0	 0	 0	 0	 קוסם
איר	 0	 0	 0	 0	 0	 0	 0	 0	 0	 0	 מַגֶנטָה
קניונ	 0	 0	 1	 0	 0	 1	 0	 0	 0	 0	 תוֹלַעַת
חשיל	 0	 0	 0	 0	 0	 0	 0	 0	 0	 0	 קֶסֶם
קבת	 0	 1	 0	 0	 1	 0	 1	 0	 1	 0	 קִסמִי
זנחה פושעת	 0	 0	 0	 0	 0	 0	 0	 0	 1	 0	 קוֹסֵם
אמא	 0	 0	 0	 0	 0	 0	 0	 0	 0	 0	 שׁוֹפֵט שָׁלוֹם
יונק	 0	 0	 0	 0	 0	 0	 0	 0	 0	 0	 מִקפָּה
תה	 0	 0	 0	 0	 0	 0	 0	 0	 0	 0	 אַיִל
נהל	 0	 0	 0	 0	 0	 0	 1	 0	 0	 1	 מַגנֵט
נהלה	 0	 0	 0	 0	 0	 0	 1	 0	 0	 0	 מַגנֶטִיוּת
נהל	 0	 0	 0	 0	 0	 0	 1	 0	 0	 0	 מגנטיט
נדמוס	 0	 1	 0	 0	 1	 0	 1	 0	 0	 1	 פְּאֵר
נדרינ	 0	 1	 0	 0	 1	 0	 1	 0	 1	 1	 מְפוֹאָר
נדט	 0	 0	 0	 0	 0	 0	 0	 0	 0	 0	 זכוכית מגדלת
סת התחתונה	 0	 0	 0	 0	 0	 0	 0	 0	 0	 0	 לְהַגדִיל
נדולינה	 0	 0	 0	 0	 0	 0	 0	 0	 0	 0	 עוצמה
נדרל	 0	 0	 0	 0	 0	 0	 0	 0	 0	 0	 עוֹרֵב הַנְחָלִים
רעמה	 0	 0	 0	 0	 0	 0	 0	 0	 0	 0	 עוזרת
תמרנ	 0	 0	 0	 0	 0	 0	 1	 0	 0	 0	 עַלמָה
תמרונ	 0	 1	 0	 0	 0	 0	 0	 0	 0	 0	 דוֹאַר
חינ בהמות	 0	 0	 0	 0	 0	 0	 1	 0	 0	 0	 רָאשִׁי
אבוס	 0	 0	 0	 0	 0	 0	 0	 0	 0	 0	 יַבֶּשֶׁת
חית	 0	 0	 0	 0	 0	 0	 1	 0	 0	 1	 מַשׁעֵן עִקָרִי
נגו	 0	 0	 0	 0	 0	 0	 0	 0	 0	 1	 תחזוקה
נגוסטנ	 0	 1	 0	 0	 1	 0	 1	 0	 1	 1	 מַלכּוּתִי
גבריות	 0	 0	 0	 0	 0	 0	 1	 0	 0	 1	 גָאוֹן
ניה	 0	 0	 0	 0	 0	 0	 1	 0	 0	 0	 גדול
טורפ	 0	 0	 0	 0	 1	 0	 1	 0	 0	 1	 רוֹב
טורפ	 0	 0	 0	 0	 0	 0	 0	 0	 0	 0	 עשה
ניקור	 0	 0	 0	 0	 0	 0	 0	 0	 0	 0	 יַצרָן
פגינ	 0	 0	 0	 0	 0	 1	 0	 0	 0	 0	 תַחֲלִיף
תופעה	 0	 0	 0	 0	 0	 0	 0	 0	 0	 0	 תפצה
אה לידי ביטוי	 0	 0	 0	 0	 0	 1	 0	 0	 0	 0	 מַחֲלָה
אופנ ברור	 0	 0	 0	 0	 0	 1	 0	 1	 0	 0	 מְבוּכָה
ניפסט	 0	 0	 1	 1	 0	 1	 0	 1	 0	 0	 מָלַרִיָה
סעפת	 1	 0	 1	 1	 0	 1	 0	 1	 0	 0	 מְרוּשָׁע
תפעל	 0	 0	 1	 0	 0	 1	 0	 0	 0	 0	 התעללות
ניפולציה	 0	 0	 0	 0	 0	 1	 0	 0	 0	 0	 נִווּל
אדמ	 1	 0	 0	 1	 0	 1	 0	 0	 0	 0	 זָדוֹן
גברי	 1	 0	 1	 1	 0	 1	 0	 1	 0	 0	 זְדוֹנִי
מנ	 1	 0	 1	 0	 0	 1	 0	 0	 0	 0	 לְהַשְׁמִיץ
דרכ	 0	 0	 0	 1	 0	 1	 0	 1	 0	 0	 ממאירות
נומס	 1	 0	 0	 1	 0	 1	 0	 0	 0	 0	 מַמְאִיר
נימוסימ	 0	 0	 0	 0	 0	 0	 0	 0	 0	 0	 קֶנִיוֹן
אחוזה	 0	 0	 0	 0	 0	 0	 0	 0	 0	 0	 חָשִׁיל
אחוזה	 0	 0	 0	 0	 0	 0	 0	 0	 0	 0	 מַקֶבֶת
ריגה	 1	 0	 0	 0	 0	 1	 0	 0	 0	 0	 הַזנָחָה פּוֹשַׁעַת
עטה	 0	 0	 0	 0	 0	 0	 0	 0	 0	 1	 אִמָא
דריכ ל	 0	 0	 0	 0	 0	 0	 0	 0	 0	 0	 יונק
יצור	 0	 0	 0	 0	 0	 0	 0	 0	 0	 0	 מַמוּתָה
יצרנ	 0	 0	 0	 0	 0	 0	 1	 0	 0	 1	 לנהל
דשנ	 0	 0	 0	 0	 0	 0	 1	 0	 0	 1	 הַנהָלָה
תב יד	 0	 0	 0	 0	 0	 0	 0	 0	 0	 0	 מנהל
פה	 0	 0	 0	 1	 0	 1	 0	 0	 0	 0	 מנדמוס
קלקל	 0	 0	 0	 0	 0	 0	 1	 0	 0	 1	 מַנדָרִין
יש	 0	 0	 0	 0	 0	 0	 0	 0	 0	 0	 מַנדָט
יש	 0	 0	 0	 0	 0	 0	 0	 0	 0	 0	 הלסת התחתונה
גולות	 0	 0	 0	 0	 0	 0	 0	 0	 0	 0	 מנדולינה
רצ	 0	 0	 0	 0	 0	 0	 0	 0	 0	 0	 מנדרל
סוסה	 0	 0	 0	 0	 0	 0	 0	 0	 0	 0	 רַעמָה
ימ	 0	 0	 0	 0	 0	 0	 0	 0	 0	 0	 לְתַמְרֵן
לי	 0	 0	 0	 0	 0	 0	 0	 0	 0	 0	 תמרון
ריחואנה	 0	 0	 1	 1	 0	 1	 0	 0	 0	 0	 שְׁחִין בְּהֵמוֹת
ימי	 0	 0	 0	 0	 0	 0	 0	 0	 0	 0	 אֵבוּס
ספנ	 1	 0	 1	 1	 0	 1	 0	 1	 0	 0	 לְהַשְׁחִית
ימי	 0	 0	 0	 0	 0	 0	 0	 0	 0	 0	 מנגו
סימנ	 0	 0	 0	 0	 0	 0	 0	 0	 0	 0	 מנגוסטן
סומנ	 0	 0	 0	 0	 0	 0	 1	 0	 0	 0	 גַברִיוּת
וק	 0	 0	 0	 0	 0	 1	 0	 0	 0	 0	 מַניָה
סחיר	 1	 0	 0	 1	 0	 1	 0	 0	 0	 0	 מְטוּרָף
זירת מסחר	 0	 0	 0	 0	 0	 1	 0	 0	 0	 0	 מטורף
סימנימ	 0	 0	 0	 0	 0	 0	 0	 0	 0	 0	 מָנִיקוּר
חוואר	 0	 0	 0	 0	 0	 0	 0	 0	 0	 0	 לְהַפְגִין
רמלדה	 0	 0	 0	 1	 0	 0	 0	 0	 0	 0	 תוֹפָעָה
חומ ערמוני	 0	 0	 0	 0	 0	 0	 1	 0	 0	 0	 באה לידי ביטוי
אוהל גדול	 0	 0	 0	 0	 0	 0	 0	 0	 0	 0	 באופן ברור
רקיז	 0	 0	 0	 0	 0	 0	 0	 0	 0	 0	 מָנִיפֶסט
נישואימ	 0	 0	 0	 0	 0	 0	 0	 0	 0	 0	 סעפת
נשוי	 0	 0	 0	 0	 0	 1	 0	 0	 0	 0	 לְתַפְעֵל
וח	 1	 0	 0	 1	 0	 1	 0	 0	 0	 0	 מָנִיפּוּלָצִיָה
תחתנ	 0	 0	 0	 0	 0	 0	 0	 0	 0	 0	 אָדָם
צה	 0	 0	 0	 0	 0	 0	 1	 0	 0	 0	 גַברִי
רשל	 0	 0	 0	 0	 0	 0	 1	 0	 0	 0	 המן
ארט	 0	 0	 0	 0	 0	 0	 0	 0	 0	 0	 דֶרֶך
צבאי	 0	 0	 0	 0	 0	 0	 1	 0	 0	 0	 מנומס
רטינגל	 0	 0	 0	 0	 0	 0	 1	 0	 0	 0	 נימוסים
קדוש מעונה	 0	 0	 0	 0	 0	 0	 0	 0	 0	 0	 אֲחוּזָה
ת הקדושימ	 0	 0	 0	 0	 0	 0	 0	 0	 0	 0	 אחוזה
פלא	 1	 0	 1	 1	 0	 1	 0	 1	 1	 0	 הריגה
נפלא	 0	 0	 0	 0	 0	 0	 0	 0	 0	 0	 מַעֲטֶה
צורה מופלאה	 0	 0	 0	 0	 0	 0	 0	 0	 0	 1	 מדריך ל
גברי	 0	 0	 0	 0	 0	 0	 0	 0	 0	 0	 יִצוּר
גבריות	 0	 0	 0	 0	 0	 0	 1	 0	 0	 0	 יַצרָן
תוש	 0	 0	 1	 0	 0	 1	 0	 0	 0	 0	 דשן
סכה	 0	 0	 0	 0	 0	 0	 0	 0	 0	 0	 כְּתַב יָד
זוכיזמ	 0	 0	 0	 0	 0	 0	 0	 0	 0	 0	 מַפָּה
נאי	 0	 0	 0	 0	 0	 1	 0	 0	 0	 0	 לְקַלְקֵל
נשפ מסכות	 0	 0	 0	 0	 0	 0	 0	 0	 0	 0	 שַׁיִשׁ
סה	 0	 0	 0	 0	 0	 0	 0	 0	 0	 0	 משויש
טבח	 0	 0	 0	 0	 0	 0	 0	 0	 0	 0	 גוּלוֹת
עסות	 0	 0	 0	 0	 0	 0	 1	 0	 0	 0	 מרץ
סיבי	 0	 0	 0	 0	 0	 0	 0	 0	 0	 0	 סוּסָה
וט	 0	 0	 0	 0	 0	 1	 0	 1	 0	 0	 שולים
וח	 0	 0	 0	 0	 0	 0	 0	 0	 0	 0	 שׁוּלִי
יצירת מופת	 0	 0	 0	 0	 0	 0	 0	 0	 0	 0	 מַרִיחוּאַנָה
יטה	 0	 0	 0	 0	 0	 0	 0	 0	 0	 1	 ימי
אוננ	 0	 0	 0	 0	 0	 0	 0	 0	 0	 0	 סַפָּן
אוננות	 0	 0	 0	 0	 0	 0	 0	 0	 0	 0	 יַמִי
חצלת	 0	 0	 0	 0	 0	 0	 0	 0	 0	 0	 סימן
תאמה	 0	 0	 0	 0	 0	 0	 1	 0	 0	 0	 מסומן
תואמ	 0	 0	 0	 0	 0	 0	 0	 0	 0	 0	 שׁוּק
דכנית	 0	 0	 0	 0	 0	 0	 1	 0	 0	 0	 סחיר
נ זוג	 0	 0	 0	 0	 0	 0	 0	 0	 0	 0	 זירת מסחר
חומר	 0	 0	 0	 0	 0	 0	 0	 0	 0	 0	 סימנים
חומרנות	 0	 0	 0	 0	 0	 0	 0	 0	 0	 0	 חוואר
חומרני	 0	 0	 0	 0	 0	 0	 0	 0	 0	 0	 מַרמֵלָדָה
חומרני	 0	 0	 0	 0	 0	 1	 0	 0	 0	 0	 חוּם עֲרמוֹנִי
חומריות	 0	 0	 0	 0	 0	 0	 0	 0	 0	 0	 אוֹהֶל גָדוֹל
תגשמ	 0	 0	 0	 0	 0	 0	 1	 0	 0	 0	 מַרקִיז
חינה חומרית	 0	 1	 0	 0	 1	 0	 1	 0	 0	 1	 נישואים
חומרימ	 0	 0	 0	 0	 0	 0	 0	 0	 0	 0	 נָשׂוּי
חומר	 0	 0	 0	 0	 1	 0	 1	 0	 0	 1	 מוֹחַ
אמהי	 0	 1	 0	 1	 1	 0	 1	 0	 1	 1	 לְהִתְחַתֵן
אמהות	 0	 0	 0	 0	 0	 0	 0	 0	 0	 0	 בִּצָה
תימטי	 0	 0	 0	 0	 0	 0	 1	 0	 0	 1	 מַרשַׁל
תמטיקאי	 0	 0	 0	 0	 0	 0	 0	 0	 0	 0	 מארט
תימטיקה	 1	 0	 0	 0	 0	 0	 0	 0	 0	 0	 צְבָאִי
גרות	 0	 0	 0	 0	 0	 1	 0	 0	 0	 0	 מרטינגל
נשואימ	 0	 0	 0	 1	 0	 1	 0	 1	 0	 0	 קָדוֹשׁ מְעוּנֶה
טריצה	 0	 0	 0	 1	 0	 1	 0	 1	 0	 0	 מָוֶת הַקְדוֹשִׁים
אמ הבית	 0	 0	 0	 0	 0	 0	 1	 0	 1	 0	 פֶּלֶא
דהוי	 0	 0	 0	 0	 1	 0	 1	 0	 0	 0	 נִפלָא
חומר	 0	 0	 0	 0	 1	 0	 1	 0	 0	 0	 בצורה מופלאה
חצלת	 0	 0	 0	 0	 0	 0	 1	 0	 0	 0	 גַברִי
זרנ	 0	 0	 0	 0	 0	 0	 0	 0	 0	 0	 גַברִיוּת
לה	 0	 0	 0	 0	 0	 0	 0	 0	 0	 0	 לִכתוֹשׁ
גרות	 0	 0	 0	 0	 0	 0	 0	 0	 0	 0	 מסכה
אוזולאונ	 1	 0	 1	 1	 0	 1	 0	 0	 0	 0	 מָזוֹכִיזם
סגלגל	 0	 0	 0	 0	 0	 0	 0	 0	 0	 0	 בַּנַאִי
פתגמ	 0	 0	 0	 0	 0	 0	 0	 0	 0	 0	 נֶשֶׁף מַסֵכוֹת
קסימומ	 0	 0	 0	 0	 0	 0	 0	 0	 0	 0	 מסה
ראש העיר	 1	 0	 1	 1	 0	 1	 0	 1	 0	 0	 טֶבַח
וכ	 0	 0	 0	 0	 1	 0	 1	 0	 0	 0	 לְעַסוֹת
תמד	 0	 0	 0	 0	 0	 0	 0	 0	 0	 0	 מַסִיבִי
אחו	 0	 0	 0	 0	 0	 0	 1	 0	 0	 0	 לִשְׁלוֹט
ארוחה	 0	 0	 0	 0	 0	 0	 0	 0	 0	 0	 מוֹחַ
טט	 0	 0	 0	 0	 1	 0	 1	 0	 0	 0	 יצירת מופת
תפתל	 1	 0	 0	 0	 1	 0	 1	 0	 0	 1	 שליטה
עות	 0	 0	 0	 0	 0	 0	 0	 0	 0	 0	 לְאוֹנֵן
חסר משמעות	 0	 0	 0	 0	 0	 0	 0	 0	 0	 0	 אוֹנָנוּת
אומר	 0	 0	 0	 0	 0	 0	 0	 0	 0	 0	 מַחצֶלֶת
ינתיימ	 0	 0	 0	 0	 0	 0	 0	 0	 0	 0	 התאמה
חצבת	 0	 0	 0	 0	 0	 0	 0	 0	 0	 0	 תוֹאֵם
דיד	 0	 1	 0	 0	 0	 0	 0	 0	 0	 0	 שַׁדְכָנִית
ידה	 0	 0	 0	 0	 0	 0	 1	 0	 0	 1	 בן זוג
נמדד	 0	 0	 0	 0	 0	 0	 0	 0	 0	 0	 חוֹמֶר
דידה	 0	 0	 0	 0	 0	 1	 0	 0	 0	 0	 חוֹמְרָנוּת
דידה	 0	 0	 1	 0	 0	 1	 0	 0	 0	 0	 חוֹמְרָנִי
שר	 0	 0	 0	 0	 0	 0	 0	 0	 0	 0	 חוֹמְרָנִי
נאי	 0	 0	 0	 0	 0	 0	 0	 0	 0	 0	 חומריות
ני	 0	 0	 0	 0	 0	 0	 0	 0	 0	 0	 לְהִתְגַשֵׁם
נגנונ	 0	 0	 0	 0	 0	 0	 0	 0	 0	 0	 מבחינה חומרית
דליה	 0	 0	 0	 0	 0	 0	 0	 0	 0	 0	 חומרים
דליונ	 0	 0	 0	 0	 0	 0	 0	 0	 0	 0	 חומר
דליסט	 0	 1	 0	 0	 0	 1	 1	 0	 0	 0	 אִמָהִי
תערב	 0	 0	 0	 0	 0	 0	 0	 0	 0	 0	 אִמָהוּת
תערבות	 0	 0	 0	 0	 0	 0	 0	 0	 0	 1	 מָתֵימָטִי
י תקשורת	 0	 0	 0	 0	 0	 0	 0	 0	 0	 0	 מתמטיקאי
דיאלי	 0	 0	 0	 0	 0	 0	 0	 0	 0	 0	 מָתֵימָטִיקָה
חציונ	 0	 0	 0	 0	 0	 0	 0	 0	 0	 0	 בַּגרוּת
פשר	 0	 1	 0	 0	 1	 0	 1	 0	 0	 1	 נִשׂוּאִים
גישור	 0	 0	 0	 0	 0	 0	 0	 0	 0	 0	 מַטרִיצָה
תווכ	 0	 0	 0	 0	 0	 0	 1	 0	 0	 1	 אֵם הַבַּיִת
רפואי	 0	 0	 0	 0	 0	 0	 0	 0	 0	 0	 דהוי
תרופתי	 0	 0	 0	 0	 0	 0	 0	 0	 0	 0	 חוֹמֶר
רפואה	 0	 0	 0	 0	 0	 0	 0	 0	 0	 0	 מחצלת
ימי הביניימ	 0	 0	 0	 0	 0	 0	 0	 0	 0	 0	 מִזרָן
ינוני	 0	 0	 0	 0	 0	 0	 0	 0	 0	 0	 הַבשָׁלָה
ינוניות	 0	 0	 0	 0	 0	 0	 0	 0	 0	 0	 בַּגרוּת
רהר	 0	 0	 0	 0	 0	 0	 0	 1	 0	 0	 מַאוּזוֹלֵאוֹן
דיטציה	 0	 0	 0	 0	 0	 0	 0	 0	 0	 0	 סְגַלגַל
רהר	 0	 0	 0	 0	 0	 0	 0	 0	 0	 1	 פִּתגָם
ימ תיכוני	 0	 0	 0	 0	 0	 0	 1	 0	 0	 0	 מַקסִימוּם
ינוני	 0	 0	 0	 0	 0	 0	 1	 0	 0	 0	 ראש העיר
חרוזת	 0	 0	 0	 0	 0	 0	 0	 0	 0	 0	 מבוך
צנוע	 0	 0	 0	 0	 0	 0	 0	 0	 0	 0	 תֶמֶד
פגוש	 0	 0	 0	 0	 0	 0	 1	 0	 0	 0	 אָחוּ
פגישה	 0	 0	 0	 0	 0	 0	 0	 0	 0	 0	 ארוחה
על מרה שחורה	 0	 0	 0	 0	 0	 0	 0	 0	 0	 0	 לְשׁוֹטֵט
עצב	 0	 0	 0	 0	 0	 1	 0	 0	 0	 0	 מתפתל
תגרה	 0	 0	 0	 0	 0	 0	 0	 0	 0	 0	 מַשְׁמָעוּת
די	 0	 0	 0	 0	 0	 1	 0	 1	 0	 0	 חֲסַר מַשְׁמָעוּת
דרמה	 0	 0	 0	 0	 0	 0	 0	 0	 0	 0	 אומר
דרמטי	 0	 0	 0	 0	 0	 0	 0	 0	 0	 0	 בינתיים
נגינה	 0	 0	 1	 1	 0	 1	 0	 1	 0	 0	 חַצֶבֶת
יס	 0	 0	 0	 0	 0	 0	 0	 0	 0	 0	 מָדִיד
תמוטטות	 0	 0	 0	 0	 0	 0	 0	 0	 0	 1	 מידה
תכה	 0	 0	 0	 0	 0	 0	 1	 0	 0	 1	 נמדד
חבר	 0	 0	 0	 0	 0	 0	 0	 0	 0	 0	 מדידה
קרומ	 0	 0	 0	 0	 0	 0	 0	 0	 0	 0	 מדידה
זכרת	 0	 0	 0	 0	 0	 0	 0	 0	 0	 0	 בָּשָׂר
תזכיר	 0	 0	 0	 0	 0	 0	 0	 0	 0	 0	 מְכוֹנַאִי
ספר זיכרונות	 0	 0	 0	 0	 0	 0	 0	 0	 0	 0	 מֵכָנִי
זכרות	 0	 0	 0	 0	 0	 0	 0	 0	 0	 0	 מַנגָנוֹן
תי נשכח	 0	 1	 0	 0	 1	 0	 1	 0	 1	 1	 מֵדַלִיָה
תזכיר	 0	 0	 0	 0	 0	 0	 0	 0	 0	 0	 מֵדַלִיוֹן
זכרונ	 0	 0	 0	 0	 0	 0	 0	 0	 0	 0	 מדליסט
אנדרטאות	 1	 0	 0	 0	 0	 1	 0	 0	 0	 0	 לְהִתְעַרֵב
ננ	 0	 0	 0	 0	 0	 0	 0	 0	 0	 0	 התערבות
זיכרונ	 0	 0	 0	 0	 0	 0	 0	 0	 0	 0	 כְּלֵי תִקְשׁוֹרֶת
איומ	 0	 0	 0	 0	 0	 0	 0	 0	 0	 0	 מדיאלי
איימ	 0	 0	 0	 0	 0	 0	 0	 0	 0	 0	 חֲצִיוֹן
יבר	 0	 1	 0	 0	 0	 0	 1	 0	 0	 1	 לפשר
תקנ	 0	 0	 0	 0	 0	 0	 1	 0	 0	 0	 גישור
אחוי	 0	 1	 0	 0	 0	 0	 1	 0	 0	 1	 מתווך
זוי	 0	 1	 0	 1	 0	 0	 1	 0	 0	 1	 רְפוּאִי
סהרונ	 0	 0	 0	 0	 0	 0	 0	 0	 0	 0	 תְרוּפָתִי
סת	 0	 0	 0	 0	 0	 0	 0	 0	 0	 0	 רפואה
 וסת	 0	 0	 0	 0	 0	 0	 0	 0	 0	 0	 ימי הביניים
נפשי	 0	 0	 0	 0	 0	 1	 0	 0	 0	 0	 בֵּינוֹנִי
אזכור	 0	 0	 0	 0	 0	 1	 0	 0	 0	 0	 בֵּינוֹנִיוּת
נטור	 0	 1	 0	 0	 1	 0	 1	 0	 0	 1	 לְהַרהֵר
תפריט	 0	 0	 0	 0	 0	 0	 0	 0	 0	 0	 מֶדִיטָצִיָה
יאו	 0	 0	 0	 0	 0	 0	 0	 0	 0	 0	 מְהוּרהָר
סחרי	 0	 0	 0	 0	 0	 0	 1	 0	 0	 0	 יָם תִיכוֹנִי
יר חרב	 0	 0	 0	 0	 0	 0	 0	 0	 0	 0	 בינוני
סחורה	 0	 0	 0	 0	 0	 0	 1	 0	 0	 0	 מַחְרוֹזֶת
סוחר	 0	 0	 0	 0	 0	 0	 0	 1	 0	 0	 צָנוּעַ
רחומ	 0	 0	 0	 0	 0	 0	 0	 0	 0	 0	 לִפְגוֹשׁ
חסר רחמימ	 0	 0	 0	 0	 0	 0	 0	 0	 0	 0	 פְּגִישָׁה
ספיתי	 0	 0	 0	 0	 0	 1	 0	 1	 0	 0	 בַּעַל מָרָה שְׁחוֹרָה
רחמימ	 0	 0	 0	 0	 0	 1	 0	 1	 0	 0	 עֶצֶב
סתמ	 0	 0	 0	 1	 0	 1	 0	 0	 0	 0	 תִגרָה
זג	 0	 0	 0	 0	 0	 0	 0	 0	 0	 0	 מלודי
רידיאנ	 1	 0	 0	 0	 0	 1	 0	 1	 0	 0	 מֵלוֹדרָמָה
זכות	 0	 0	 0	 0	 0	 0	 0	 0	 0	 0	 מלודרמטי
ראוי לשבח	 0	 0	 0	 0	 0	 0	 0	 0	 0	 0	 מַנגִינָה
תולת ימ	 0	 0	 0	 0	 0	 0	 0	 0	 0	 0	 להמיס
עליצות	 0	 0	 0	 0	 0	 1	 0	 1	 0	 0	 התמוטטות
עליז	 0	 0	 0	 0	 0	 0	 0	 0	 0	 0	 הַתָכָה
רשת	 0	 0	 0	 0	 0	 0	 0	 0	 0	 0	 חבר
רשתות	 0	 0	 0	 0	 0	 0	 0	 0	 0	 0	 קְרוּם
פנט	 0	 0	 0	 0	 0	 0	 1	 0	 0	 0	 מַזכֶּרֶת
אי סדר	 0	 0	 0	 0	 0	 0	 0	 0	 0	 0	 תַזכִּיר
דעה	 0	 0	 0	 0	 0	 0	 0	 0	 0	 0	 ספר זיכרונות
יח	 0	 0	 0	 0	 0	 0	 0	 0	 0	 0	 מזכרות
גנ	 0	 0	 0	 0	 1	 0	 1	 0	 1	 1	 בלתי נשכח
חילופ חומרימ	 0	 0	 0	 0	 0	 0	 0	 0	 0	 0	 תַזכִּיר
תכת	 0	 0	 0	 0	 0	 0	 0	 0	 0	 0	 זִכָּרוֹן
טלורגיה	 0	 0	 0	 0	 0	 0	 0	 1	 0	 0	 אנדרטאות
גלגול	 0	 0	 0	 0	 0	 0	 0	 0	 0	 0	 לְשַׁנֵן
טפורה	 0	 0	 0	 0	 0	 0	 0	 0	 0	 0	 זיכרון
אל	 1	 0	 0	 1	 0	 1	 0	 0	 0	 0	 אִיוּם
טפיסי	 1	 0	 0	 1	 0	 1	 0	 0	 0	 0	 מאיים
טפיסיקה	 0	 0	 0	 0	 0	 0	 0	 0	 0	 0	 בִּיבָר
גרורות	 0	 0	 0	 0	 0	 0	 0	 0	 0	 0	 לְתַקֵן
טאור	 0	 0	 0	 0	 0	 0	 1	 0	 0	 0	 אִחוּי
טאורית	 0	 0	 0	 0	 0	 1	 0	 0	 0	 0	 בָּזוּי
טאוריט	 0	 0	 0	 0	 0	 0	 0	 0	 0	 0	 סַהֲרוֹן
טאורולוגי	 0	 0	 0	 0	 0	 0	 1	 0	 0	 0	 וֶסֶת
טאורולוגיה	 0	 0	 0	 0	 0	 0	 0	 0	 0	 0	 שֶׁל וֶסֶת
טר	 0	 0	 0	 0	 0	 0	 0	 0	 0	 0	 נַפשִׁי
תנול	 0	 0	 0	 0	 0	 0	 0	 0	 0	 0	 אִזְכּוּר
יטה	 0	 0	 0	 0	 0	 0	 1	 0	 0	 1	 מנטור
יטתי	 0	 0	 0	 0	 0	 0	 0	 0	 0	 0	 תַפרִיט
קפדני	 0	 0	 0	 0	 0	 0	 0	 0	 0	 0	 מיאו
טרי	 0	 0	 0	 0	 0	 0	 0	 0	 0	 0	 מִסְחָרִי
טרי	 0	 0	 0	 1	 0	 1	 0	 0	 0	 0	 שְׂכִיר חֶרֶב
טרולוגיה	 0	 0	 0	 0	 0	 0	 0	 0	 0	 0	 סְחוֹרָה
טרופולינ	 0	 0	 0	 0	 0	 0	 0	 0	 0	 1	 סוֹחֵר
עירוני	 0	 0	 0	 0	 0	 0	 1	 0	 0	 0	 רַחוּם
שר	 0	 0	 0	 1	 0	 1	 0	 0	 0	 0	 חֲסַר רַחֲמִים
יילל	 0	 0	 0	 0	 0	 0	 0	 0	 0	 0	 כַּספִּיתִי
נציצ	 0	 0	 0	 0	 0	 0	 1	 0	 0	 0	 רַחֲמִים
יק	 0	 0	 0	 0	 0	 0	 0	 0	 0	 0	 סְתָם
חידק	 0	 1	 0	 0	 0	 0	 1	 0	 0	 0	 לְמַזֵג
יקרוביולוגיה	 0	 0	 0	 0	 0	 0	 0	 0	 0	 0	 מֵרִידִיאַן
יקרוקוסמוס	 0	 0	 0	 0	 0	 0	 0	 0	 0	 0	 meridional
יקרוגרמ	 0	 0	 0	 0	 0	 0	 1	 0	 0	 1	 לִזכּוֹת
יקרומטר	 0	 0	 0	 0	 1	 0	 1	 0	 0	 1	 רָאוּי לְשֶׁבַח
יקרונ	 0	 0	 0	 0	 0	 0	 0	 0	 0	 0	 בתולת ים
יקרופונ	 0	 0	 0	 0	 1	 0	 1	 0	 1	 0	 עֲלִיצוּת
יקרוסקופ	 0	 0	 0	 0	 1	 0	 1	 0	 0	 0	 עליז
יקרוסקופי	 0	 0	 0	 0	 0	 0	 0	 0	 0	 0	 mesa
יקרוסקופית	 0	 0	 0	 0	 0	 0	 0	 0	 0	 0	 רֶשֶׁת
יקרוסקופיה	 0	 0	 0	 0	 0	 0	 0	 0	 0	 0	 רשתות
ינוני	 0	 0	 0	 0	 0	 0	 0	 0	 0	 0	 מהופנט
צהריימ	 0	 0	 1	 0	 0	 1	 0	 0	 0	 0	 אי סדר
אמצע	 0	 0	 0	 0	 0	 0	 0	 0	 0	 0	 הוֹדָעָה
סרסור	 0	 0	 0	 0	 0	 0	 0	 0	 0	 1	 שָׁלִיחַ
ידלנד	 0	 0	 1	 0	 0	 1	 0	 0	 0	 0	 מבולגן
חצות	 0	 0	 0	 0	 0	 0	 0	 0	 0	 0	 חילוף חומרים
אמצע	 0	 0	 0	 0	 0	 0	 0	 0	 0	 0	 מַתֶכֶת
אמצע הקיצ	 0	 0	 0	 0	 0	 0	 0	 0	 0	 0	 מֵטַלוּרגִיָה
חצי הדרכ	 0	 0	 0	 0	 0	 0	 0	 0	 0	 0	 גִלגוּל
ילדת	 0	 0	 0	 0	 0	 0	 0	 0	 0	 0	 מֵטָפוֹרָה
ילדות	 0	 0	 0	 0	 0	 0	 0	 0	 0	 0	 מוּשׁאָל
עת פנימ	 0	 0	 0	 0	 0	 0	 0	 0	 0	 0	 מֵטָפִיסִי
אדיר	 0	 0	 0	 0	 0	 0	 0	 0	 0	 0	 מֵטָפִיסִיקָה
גר	 0	 0	 0	 0	 0	 1	 0	 0	 0	 0	 גרורות
גירה	 0	 0	 0	 0	 0	 0	 0	 0	 0	 0	 מֵטֵאוֹר
נודד	 0	 0	 0	 0	 0	 0	 0	 0	 0	 0	 מטאורית
יקרופונ	 0	 0	 0	 0	 0	 0	 0	 0	 0	 0	 מטאוריט
טחב	 0	 0	 0	 0	 0	 0	 0	 0	 0	 0	 מטאורולוגי
יל	 0	 0	 0	 0	 0	 0	 0	 0	 0	 0	 מֵטֵאוֹרוֹלוֹגִיָה
ספר המילימ	 0	 0	 0	 0	 0	 0	 0	 0	 0	 0	 מטר
אבנ דרכ	 0	 0	 0	 0	 0	 1	 0	 0	 0	 0	 מתנול
חמני	 0	 0	 0	 0	 0	 0	 0	 0	 0	 0	 שיטה
צבאי	 0	 0	 0	 0	 0	 0	 0	 0	 0	 0	 שִׁיטָתִי
יליציה	 0	 0	 0	 0	 0	 0	 0	 0	 0	 0	 קַפְּדָנִי
חלב	 0	 0	 0	 0	 0	 0	 0	 0	 0	 0	 מֶטרִי
חלבי	 0	 0	 0	 0	 0	 0	 0	 0	 0	 0	 מֶטרִי
טחנה	 0	 0	 0	 0	 0	 0	 0	 0	 0	 0	 מטרולוגיה
אלפ שנה	 0	 0	 0	 0	 0	 0	 0	 0	 0	 0	 מֶטרוֹפּוֹלִין
יליגרמ	 0	 0	 0	 0	 0	 0	 1	 0	 0	 0	 עִירוֹנִי
ילימטר	 0	 0	 0	 0	 0	 0	 1	 0	 0	 0	 כושר
יליונ	 0	 0	 0	 0	 0	 0	 0	 0	 0	 0	 מיילל
יליונר	 0	 0	 0	 0	 0	 0	 0	 0	 0	 0	 נָצִיץ
חקות	 0	 0	 0	 0	 0	 0	 0	 0	 0	 0	 מיק
חקות	 0	 0	 0	 0	 0	 0	 0	 0	 0	 0	 חַידַק
חיקוי	 0	 0	 0	 0	 0	 0	 0	 0	 0	 0	 מִיקרוֹבִּיוֹלוֹגִיָה
ימיקה	 0	 0	 0	 0	 0	 0	 0	 0	 0	 0	 מִיקרוֹקוֹסמוֹס
אכפת	 0	 0	 0	 0	 0	 0	 0	 0	 0	 0	 מיקרוגרם
אופקימ	 0	 0	 0	 0	 0	 0	 0	 0	 0	 0	 מִיקרוֹמֶטֶר
זהיר	 0	 0	 0	 0	 0	 0	 0	 0	 0	 0	 מיקרון
דעות	 0	 0	 0	 0	 0	 0	 0	 0	 0	 0	 מִיקרוֹפוֹן
לי	 0	 0	 0	 0	 0	 0	 0	 0	 0	 1	 מִיקרוֹסקוֹפּ
רה	 0	 0	 0	 0	 0	 0	 0	 0	 0	 0	 מִיקרוֹסקוֹפִּי
ינרלי	 0	 0	 0	 0	 0	 0	 0	 0	 0	 0	 מיקרוסקופית
ינרלוגיה	 0	 0	 0	 0	 0	 0	 1	 0	 0	 0	 מיקרוסקופיה
תערבב	 0	 0	 0	 0	 0	 0	 0	 0	 0	 0	 בֵּינוֹנִי
תערבבו	 0	 0	 0	 0	 0	 0	 0	 0	 0	 0	 צָהֳרַיִים
יניאטורה	 0	 0	 0	 0	 0	 0	 0	 0	 0	 0	 אֶמצַע
יניבוס	 0	 0	 0	 0	 0	 0	 0	 0	 0	 0	 סַרְסוּר
ינימומ	 0	 0	 0	 0	 0	 0	 0	 0	 0	 0	 מידלנד
צמצמ	 0	 0	 0	 0	 0	 0	 0	 0	 0	 0	 חצות
ינימומ	 0	 0	 0	 0	 0	 0	 0	 0	 0	 0	 אמצע
ר בממשלה	 0	 0	 0	 0	 0	 0	 0	 0	 0	 0	 אֶמצַע הַקַיִץ
שר	 0	 0	 0	 0	 0	 0	 0	 0	 0	 0	 בְּחַצִי הַדֶרֶך
רד	 0	 1	 0	 0	 1	 1	 1	 0	 0	 1	 מְיַלֶדֶת
יני וואנ	 0	 0	 0	 0	 0	 0	 1	 0	 0	 0	 מְיַלְדוּת
דגיג	 0	 0	 0	 0	 0	 0	 0	 0	 0	 0	 הַבָּעַת פָּנִים
קטינ	 1	 0	 0	 1	 1	 0	 1	 0	 0	 1	 אדיר
יעוט	 0	 0	 0	 0	 0	 0	 0	 0	 0	 0	 להגר
זמר	 0	 0	 0	 0	 0	 0	 0	 0	 0	 0	 הֲגִירָה
נטה	 0	 0	 0	 0	 0	 0	 0	 0	 0	 0	 נוֹדֵד
זעיר	 0	 0	 0	 0	 0	 0	 0	 0	 0	 0	 מִיקרוֹפוֹן
דקה	 0	 0	 1	 0	 0	 1	 0	 0	 0	 0	 טַחַב
פרטימ	 0	 0	 0	 0	 0	 0	 0	 0	 0	 0	 מִיל
יר	 0	 0	 0	 0	 0	 0	 0	 0	 0	 0	 מִספָּר הַמַיִלִים
נס	 0	 0	 0	 0	 0	 0	 0	 0	 0	 0	 אבן דרך
פלאי	 0	 0	 0	 0	 0	 0	 0	 0	 0	 0	 לוֹחְמָנִי
יראז	 0	 0	 0	 1	 0	 0	 0	 0	 0	 0	 צבאי
וצ	 1	 0	 0	 1	 0	 1	 0	 1	 0	 0	 מִילִיצִיָה
ראה	 0	 0	 0	 0	 0	 0	 0	 0	 0	 0	 חלב
עליצות	 0	 0	 0	 0	 0	 0	 0	 0	 0	 0	 חֲלָבִי
ניכוס פסולה	 0	 1	 0	 0	 0	 0	 0	 0	 0	 0	 טחנה
תנהגות פסולה	 0	 0	 0	 0	 0	 0	 0	 0	 0	 0	 אֶלֶף שָׁנָה
פלה	 0	 0	 0	 0	 0	 0	 0	 0	 0	 0	 מִילִיגרָם
נות	 0	 0	 0	 0	 0	 0	 0	 0	 0	 0	 מִילִימֶטֶר
קובצ מעורב	 0	 0	 0	 0	 0	 0	 0	 0	 0	 0	 מִילִיוֹן
ות	 0	 0	 0	 0	 0	 0	 0	 0	 0	 0	 מִילִיוֹנֵר
בב	 0	 0	 0	 0	 0	 0	 1	 0	 0	 0	 לְחַקוֹת
תפיסה שגויה	 0	 0	 0	 0	 0	 0	 0	 0	 0	 0	 לְחַקוֹת
תנהגות פסולה	 0	 0	 0	 0	 0	 0	 0	 0	 0	 0	 חיקוי
עוונ	 0	 0	 0	 0	 0	 1	 0	 0	 1	 0	 מִימִיקָה
אומלל	 0	 0	 0	 0	 0	 0	 0	 0	 0	 0	 אכפת
אומללות	 0	 0	 0	 0	 0	 0	 0	 0	 0	 0	 אופקים
אומללות	 0	 0	 0	 0	 0	 0	 1	 0	 0	 0	 זָהִיר
צרה	 0	 0	 0	 0	 0	 0	 1	 0	 0	 0	 מודעות
טעה	 0	 0	 0	 0	 0	 0	 0	 0	 0	 0	 שלי
תקלה	 0	 0	 0	 0	 0	 0	 0	 0	 0	 0	 כּוֹרֶה
ידע מוטעה	 0	 0	 0	 0	 0	 0	 0	 0	 0	 0	 מִינֵרָלִי
פרוש מסולפ	 0	 0	 0	 0	 0	 0	 0	 0	 0	 0	 מִינֵרָלוֹגִיָה
יכ שולל	 0	 0	 0	 0	 0	 0	 0	 0	 0	 0	 להתערבב
טעה	 0	 0	 0	 0	 0	 0	 0	 0	 0	 0	 התערבבו
נהול כושל	 0	 0	 0	 0	 0	 0	 0	 0	 0	 0	 מִינִיאָטוּרָה
חוסר התאמה	 0	 0	 0	 0	 0	 0	 0	 0	 0	 0	 מיניבוס
א תואמ	 0	 0	 0	 0	 0	 0	 0	 0	 0	 0	 מינימום
 מטעה	 0	 0	 0	 0	 0	 1	 0	 0	 0	 0	 לְצַמְצֵם
ימ לא במקומ	 0	 0	 0	 0	 0	 1	 0	 0	 0	 0	 מִינִימוּם
א במקומ	 0	 0	 0	 0	 0	 0	 0	 0	 0	 0	 שר בממשלה
סלפ	 0	 0	 0	 0	 0	 0	 0	 0	 0	 0	 שר
תאור מסולפ	 0	 0	 0	 0	 1	 0	 1	 0	 0	 1	 מִשׂרָד
צג שווא	 0	 0	 0	 0	 0	 0	 0	 0	 0	 0	 מיני וואן
עלמה	 0	 0	 0	 0	 0	 0	 0	 0	 0	 0	 דָגִיג
טיל	 0	 0	 0	 0	 0	 0	 0	 0	 0	 0	 קַטִין
חסר	 0	 0	 0	 0	 0	 1	 0	 0	 0	 0	 מיעוט
ימה	 0	 0	 0	 0	 0	 0	 0	 0	 0	 0	 זַמָר
יסיונרי	 0	 0	 0	 0	 0	 0	 0	 0	 0	 0	 מנטה
צהרה מוטעית	 0	 0	 0	 0	 0	 0	 0	 0	 0	 0	 זָעִיר
ערפל	 0	 0	 0	 0	 0	 0	 0	 0	 0	 0	 דַקָה
טעות	 0	 0	 0	 0	 0	 0	 0	 0	 0	 0	 פרטים
טועה	 0	 0	 0	 0	 0	 0	 0	 0	 0	 0	 מיר
מר	 0	 1	 0	 0	 1	 0	 1	 0	 1	 1	 נֵס
פילגש	 0	 0	 0	 0	 1	 0	 1	 0	 1	 0	 פִּלאִי
חוסר אמונ	 0	 0	 0	 0	 0	 0	 0	 0	 0	 0	 מִירָאז'
ערפילי	 0	 0	 1	 0	 0	 1	 0	 0	 0	 0	 בּוֹץ
א מבינימ	 0	 0	 0	 0	 0	 0	 0	 0	 0	 0	 מַרְאָה
אי הבנה	 0	 0	 0	 0	 1	 0	 1	 0	 0	 0	 עֲלִיצוּת
ימוש לרעה	 0	 0	 0	 0	 0	 0	 0	 0	 0	 0	 ניכוס פסולה
מצ	 1	 0	 1	 0	 0	 1	 0	 0	 1	 0	 הִתְנַהֲגוּת פְּסוּלָה
צנפת	 0	 0	 0	 1	 0	 1	 0	 1	 0	 0	 הַפָּלָה
קלה	 0	 0	 0	 0	 0	 0	 0	 0	 0	 0	 שונות
ערבב	 0	 0	 0	 0	 0	 0	 0	 0	 0	 0	 קוֹבֶץ מְעוּרָב
עורב	 0	 0	 0	 0	 0	 1	 0	 0	 0	 0	 שׁוֹבְבוּת
תערובת	 0	 0	 0	 0	 0	 1	 0	 0	 0	 0	 שׁוֹבָב
גנוח	 1	 0	 1	 1	 0	 1	 0	 0	 0	 0	 תפיסה שגויה
תעלת מגנ	 0	 0	 1	 0	 0	 1	 0	 0	 0	 0	 הִתְנַהֲגוּת פְּסוּלָה
ונ	 0	 0	 0	 0	 0	 0	 0	 0	 0	 0	 עָווֹן
נייד	 1	 0	 1	 0	 0	 1	 0	 1	 0	 0	 אוּמלָל
ניידות	 0	 0	 0	 0	 0	 1	 0	 1	 0	 0	 אומללות
גיוס	 1	 0	 1	 1	 0	 1	 0	 1	 0	 0	 אומללות
תגייס	 0	 0	 0	 1	 0	 1	 0	 1	 0	 0	 צָרָה
עג	 0	 0	 1	 0	 0	 1	 0	 0	 0	 0	 מוטעה
עגני	 0	 0	 1	 1	 0	 1	 0	 1	 1	 0	 תַקָלָה
דלי	 0	 0	 0	 0	 0	 0	 0	 0	 0	 0	 מידע מוטעה
אפנות	 0	 0	 0	 0	 0	 1	 0	 0	 0	 0	 פֵּרוּשׁ מְסוּלָף
צב	 1	 0	 0	 1	 0	 1	 0	 0	 0	 1	 להוליך שולל
דגמ	 1	 0	 1	 0	 0	 1	 0	 0	 0	 0	 מַטעֶה
דוגמנית	 0	 0	 0	 0	 0	 1	 0	 0	 0	 0	 נִהוּל כּוֹשֵׁל
תנ	 0	 0	 0	 0	 0	 1	 0	 0	 0	 0	 חוסר התאמה
תינות	 0	 0	 0	 0	 0	 0	 0	 0	 0	 0	 לא תואם
נחה	 0	 0	 0	 0	 0	 1	 0	 0	 0	 0	 שֵׁם מַטעֵה
תינות	 1	 0	 1	 0	 0	 1	 0	 0	 0	 0	 לָשִׂים לֹא בְּמָקוֹם
נחה	 0	 0	 0	 0	 0	 1	 0	 0	 0	 0	 לא במקום
דרני	 0	 0	 0	 0	 0	 1	 0	 0	 0	 0	 לְסַלֵף
דרניות	 0	 0	 0	 0	 0	 1	 0	 1	 0	 0	 תֵאוּר מְסוּלָף
צנוע	 1	 0	 0	 0	 0	 1	 0	 0	 0	 0	 מצג שווא
צניעות	 0	 0	 0	 0	 0	 0	 0	 0	 0	 0	 עלמה
קורטוב	 0	 0	 0	 1	 0	 0	 0	 0	 0	 0	 טִיל
ניתנ לשינוי	 0	 0	 0	 1	 0	 1	 0	 1	 0	 0	 חָסֵר
ינוי	 0	 0	 0	 0	 0	 0	 0	 0	 0	 0	 משימה
נה	 0	 0	 0	 0	 0	 0	 1	 0	 0	 0	 מִיסִיוֹנֶרִי
נות	 1	 0	 1	 0	 0	 1	 0	 0	 0	 0	 הצהרה מוטעית
סת	 0	 0	 0	 0	 0	 0	 0	 0	 0	 0	 עֲרָפֶל
יסות	 0	 0	 0	 0	 0	 1	 0	 1	 0	 0	 טעות
דול	 0	 0	 0	 1	 0	 1	 0	 0	 0	 0	 טוֹעֶה
דולוס	 0	 0	 0	 0	 0	 0	 0	 0	 0	 0	 מַר
גול	 1	 0	 1	 0	 0	 1	 0	 0	 0	 0	 פִּילֶגֶשׁ
חצית	 0	 0	 1	 1	 0	 1	 0	 0	 0	 0	 חוֹסֶר אֵמוּן
לח	 0	 0	 0	 0	 0	 0	 0	 0	 0	 0	 עַרְפִילִי
חות	 0	 0	 0	 0	 0	 1	 0	 0	 0	 0	 לא מבינים
טוחנת	 1	 0	 0	 0	 0	 1	 0	 1	 0	 0	 אי הבנה
דבשה	 0	 0	 0	 0	 0	 1	 0	 0	 0	 0	 שימוש לרעה
עובש	 0	 0	 1	 0	 0	 1	 0	 0	 0	 0	 שֶׁמֶץ
עוצב	 0	 0	 0	 0	 0	 0	 0	 0	 0	 0	 מִצנֶפֶת
דפוס	 0	 0	 0	 0	 0	 0	 0	 0	 0	 0	 הֲקָלָה
עופש	 0	 0	 0	 0	 0	 0	 0	 0	 0	 0	 לְעַרְבֵּב
קולרית	 0	 0	 0	 0	 0	 0	 0	 0	 0	 0	 מעורב
קולה	 0	 0	 0	 0	 0	 0	 0	 0	 0	 0	 תַעֲרוֹבֶת
צקה	 0	 0	 0	 1	 0	 0	 0	 1	 0	 0	 לִגנוֹחַ
תכ	 0	 0	 0	 0	 0	 0	 0	 0	 0	 1	 תְעָלַת מָגֵן
רגע	 1	 0	 0	 1	 0	 1	 0	 0	 0	 0	 הָמוֹן
רגעי	 0	 1	 0	 0	 0	 0	 0	 0	 0	 0	 נייד
רב חשיבות	 0	 0	 0	 0	 0	 0	 0	 0	 0	 0	 ניידות
תנופה	 0	 0	 0	 0	 0	 0	 0	 0	 0	 0	 גִיוּס
נאדה	 0	 0	 0	 0	 0	 0	 0	 0	 0	 0	 להתגייס
לכ	 0	 0	 1	 0	 0	 1	 0	 0	 0	 0	 לַעַג
נרכיה	 1	 0	 1	 0	 0	 1	 0	 1	 0	 0	 לַעֲגָנִי
נזר	 0	 0	 0	 0	 0	 0	 0	 0	 0	 0	 מוֹדָלִי
נזירי	 0	 0	 0	 0	 0	 0	 0	 0	 0	 0	 אָפְנוּת
ספי	 0	 0	 0	 0	 0	 0	 0	 0	 0	 0	 מצב
ספ	 0	 0	 0	 0	 0	 0	 1	 0	 0	 0	 דֶגֶם
נזיר	 0	 0	 0	 0	 0	 0	 0	 0	 0	 0	 דוגמנית
קופ	 0	 0	 0	 0	 0	 0	 1	 0	 0	 0	 לְמַתֵן
נוכרומ	 0	 0	 0	 0	 0	 0	 0	 0	 0	 0	 בִּמְתִינוּת
נוגמיה	 0	 0	 0	 0	 0	 0	 0	 0	 0	 0	 מנחה
נוגרמ	 0	 0	 0	 0	 0	 0	 0	 0	 0	 0	 מְתִינוּת
נוגרפיה	 0	 0	 0	 0	 0	 0	 1	 0	 0	 1	 מַנחֶה
חדשכבתי	 0	 0	 0	 0	 0	 0	 0	 0	 0	 0	 מוֹדֶרנִי
נולוג	 0	 0	 0	 0	 0	 0	 0	 0	 0	 0	 מוֹדֶרנִיוּת
על מונופולינ	 0	 0	 0	 0	 0	 0	 1	 0	 0	 1	 צָנוּעַ
נופול	 0	 0	 0	 0	 0	 0	 1	 0	 0	 0	 צניעות
נוטוניות	 0	 0	 0	 0	 0	 0	 0	 0	 0	 0	 קוּרטוֹב
נסונ	 0	 0	 0	 0	 0	 0	 0	 0	 0	 0	 ניתן לשינוי
פלצת	 0	 0	 0	 0	 0	 0	 0	 0	 0	 0	 שינוי
פלצת	 0	 0	 0	 0	 0	 0	 0	 0	 0	 0	 שונה
נטה	 0	 0	 0	 0	 0	 0	 0	 0	 1	 0	 לְשַׁנוֹת
חודש	 0	 0	 0	 0	 0	 0	 0	 0	 0	 0	 לְוַסֵת
ירחונ	 0	 0	 0	 0	 0	 0	 0	 0	 0	 0	 וויסות
אנדרטה	 0	 0	 0	 0	 0	 0	 0	 0	 0	 0	 מודול
נומנטלי	 0	 0	 0	 0	 0	 0	 0	 0	 0	 0	 מודולוס
געיה	 0	 0	 0	 0	 0	 0	 0	 0	 0	 0	 מוֹגוּל
צבי רוח	 0	 0	 0	 0	 0	 0	 0	 0	 0	 0	 מַחֲצִית
צוברח	 0	 0	 0	 0	 0	 0	 0	 0	 0	 0	 לַח
ירח	 0	 0	 0	 0	 0	 0	 0	 0	 0	 0	 לַחוּת
אור הלבנה	 0	 0	 0	 0	 0	 0	 0	 0	 0	 0	 טוֹחֶנֶת
עגנה	 0	 0	 0	 0	 0	 0	 0	 0	 0	 0	 דִבשָׁה
עגינה	 0	 0	 0	 0	 0	 0	 0	 0	 0	 0	 עובש
עגינות	 0	 0	 0	 0	 0	 0	 0	 0	 0	 0	 מְעוּצָב
אדמת מור	 0	 0	 0	 0	 0	 0	 0	 0	 0	 0	 דְפוּס
וז	 0	 0	 0	 0	 0	 0	 0	 0	 0	 0	 מְעוּפָּשׁ
נוי במחלוקת	 0	 0	 0	 0	 0	 0	 0	 0	 0	 0	 מולקולרית
תעוררה	 0	 0	 0	 0	 0	 0	 0	 0	 0	 0	 מולקולה
נגב	 1	 0	 1	 1	 0	 1	 0	 1	 0	 0	 הַצָקָה
סר השכל	 0	 0	 0	 0	 0	 0	 0	 0	 0	 0	 מוּתָך
סריות	 0	 0	 0	 0	 0	 0	 0	 0	 0	 0	 רֶגַע
רל	 0	 0	 0	 0	 0	 0	 0	 0	 0	 0	 רִגעִי
צה	 0	 0	 0	 0	 0	 0	 0	 0	 0	 0	 רַב חֲשִׁיבוּת
רטוריומ	 0	 1	 0	 0	 0	 0	 1	 0	 0	 0	 תְנוּפָה
חולני	 0	 0	 0	 0	 0	 0	 0	 0	 0	 0	 מונאדה
תחלואה	 0	 0	 0	 0	 0	 0	 0	 0	 0	 0	 מֶלֶך
חדר מתימ	 0	 0	 0	 0	 0	 0	 0	 0	 0	 0	 מוֹנַרכִיָה
גוסס	 0	 0	 0	 0	 0	 0	 0	 0	 0	 0	 מִנזָר
קר	 0	 0	 0	 0	 0	 0	 0	 0	 0	 0	 נְזִירִי
קר	 0	 1	 0	 0	 0	 0	 1	 0	 0	 0	 כַּספִּי
טיפש	 1	 1	 0	 0	 1	 0	 1	 0	 1	 1	 כֶּסֶף
רוני	 0	 0	 0	 0	 0	 0	 1	 0	 0	 1	 נָזִיר
רפינ	 0	 0	 0	 0	 0	 0	 0	 0	 0	 0	 קוֹף
רפיזמ	 0	 0	 1	 0	 0	 1	 0	 0	 0	 0	 מונוכרום
רפולוגיה	 0	 0	 0	 0	 0	 0	 0	 0	 0	 1	 מוֹנוֹגָמִיָה
חר	 0	 0	 0	 0	 0	 0	 0	 0	 0	 0	 מוֹנוֹגרָם
פת	 0	 0	 0	 0	 0	 0	 0	 0	 0	 0	 מוֹנוֹגרָפִיָה
נ תמותה	 0	 0	 0	 0	 0	 0	 0	 0	 0	 0	 חד-שכבתי
תמותה	 0	 0	 0	 0	 0	 0	 0	 0	 0	 0	 מוֹנוֹלוֹג
רגמה	 0	 0	 0	 0	 0	 1	 0	 0	 0	 0	 בעל מונופולין
נתא	 0	 0	 0	 0	 0	 0	 0	 0	 0	 0	 מוֹנוֹפּוֹל
על משכנתא	 0	 0	 0	 0	 0	 0	 0	 0	 0	 0	 מוֹנוֹטוֹנִיוּת
נתא	 0	 0	 0	 0	 0	 1	 0	 1	 0	 0	 מוּנסוֹן
פלה	 0	 0	 0	 1	 0	 1	 0	 0	 0	 0	 מִפלֶצֶת
חדר מתימ	 1	 0	 1	 1	 0	 1	 0	 0	 1	 0	 מִפלֶצֶת
פסיפס	 0	 0	 0	 0	 0	 0	 0	 0	 0	 0	 מונטה
יתוש	 0	 0	 0	 0	 0	 0	 0	 0	 0	 0	 חוֹדֶשׁ
אזוב	 0	 0	 0	 0	 0	 0	 0	 0	 0	 0	 יַרחוֹן
אזובי	 0	 0	 0	 0	 0	 0	 1	 0	 0	 0	 אַנדַרטָה
חלקיק	 0	 0	 0	 0	 0	 0	 0	 0	 0	 0	 מוֹנוּמֶנטָלִי
עש	 0	 0	 0	 0	 0	 0	 0	 0	 0	 0	 גְעִיָה
אמא	 0	 0	 0	 0	 0	 0	 0	 0	 0	 0	 מצבי רוח
אמהות	 1	 0	 0	 0	 0	 1	 0	 1	 0	 0	 מְצוּבּרָח
תנועה	 0	 0	 0	 0	 0	 0	 0	 0	 0	 0	 ירח
א תנועה	 0	 0	 0	 0	 0	 0	 0	 0	 0	 0	 אוֹר הַלְבָנָה
ניע	 0	 0	 0	 0	 0	 0	 0	 0	 0	 0	 עגנה
ססגוני	 0	 0	 0	 0	 0	 0	 0	 0	 0	 0	 עֲגִינָה
נוע	 0	 0	 0	 0	 0	 0	 0	 0	 0	 1	 עגינות
אופנוע	 0	 0	 0	 0	 0	 0	 0	 0	 0	 0	 אדמת מור
אופנוע	 0	 0	 0	 0	 0	 0	 0	 0	 0	 0	 מוּז
טה	 0	 0	 0	 0	 0	 1	 0	 0	 0	 0	 שָׁנוּי בְּמַחֲלוֹקֶת
נומר	 0	 0	 0	 0	 0	 0	 0	 0	 0	 0	 התעוררה
טו	 0	 0	 0	 0	 0	 0	 0	 0	 0	 0	 לְנַגֵב
עובש	 1	 0	 0	 0	 0	 0	 1	 0	 0	 1	 מוסר השכל
תל	 0	 0	 0	 0	 0	 0	 1	 0	 0	 1	 מוּסָרִיוּת
הר	 1	 1	 1	 0	 1	 0	 1	 0	 1	 1	 מוֹרָל
הר	 0	 0	 0	 0	 0	 0	 0	 0	 0	 0	 בִּצָה
טפס הרימ	 0	 0	 0	 0	 0	 0	 0	 0	 0	 0	 מוֹרָטוֹרִיוּם
ררי	 0	 0	 0	 0	 0	 1	 0	 1	 0	 0	 חוֹלָנִי
תאבל	 1	 0	 1	 1	 0	 1	 0	 1	 0	 0	 תחלואה
עגומ	 0	 0	 1	 1	 0	 1	 0	 1	 0	 0	 חֲדַר מֵתִים
אבל	 0	 0	 0	 0	 0	 1	 0	 1	 0	 0	 גוסס
עכבר	 0	 1	 0	 0	 0	 0	 0	 0	 0	 0	 בוקר
פמ	 0	 0	 0	 0	 0	 0	 0	 0	 0	 0	 בוקר
פה	 0	 0	 0	 0	 0	 1	 0	 0	 0	 0	 טיפש
א הפה	 0	 0	 0	 0	 0	 1	 0	 0	 0	 0	 מוֹרוֹנִי
פיה	 0	 0	 0	 0	 0	 0	 0	 0	 0	 0	 מוֹרפִין
זחיח	 0	 0	 0	 0	 0	 0	 0	 0	 0	 0	 מורפיזם
  לזוז  לעבור	 0	 0	 0	 0	 0	 0	 0	 0	 0	 0	 מוֹרפוֹלוֹגִיָה
תנועה	 0	 1	 0	 0	 0	 0	 0	 0	 0	 0	 מָחָר
עביר	 0	 0	 0	 0	 0	 1	 0	 0	 0	 0	 פַּת
סרט	 0	 0	 0	 0	 0	 1	 0	 0	 0	 0	 בֶּן תְמוּתָה
נע	 1	 0	 0	 1	 0	 1	 0	 1	 0	 0	 תמותה
תבנ	 0	 0	 0	 0	 0	 0	 1	 0	 0	 0	 מרגמה
לכ	 0	 0	 0	 1	 0	 0	 0	 0	 0	 0	 משכנתא
רירי	 0	 0	 0	 0	 0	 0	 0	 0	 0	 1	 בעל משכנתא
ריר	 0	 0	 0	 1	 0	 0	 0	 0	 0	 0	 משכנתא
וצ	 0	 1	 1	 1	 0	 1	 0	 1	 0	 0	 הַשׁפָּלָה
בש	 0	 0	 0	 1	 0	 1	 0	 1	 0	 0	 חֲדַר מֵתִים
בל	 0	 0	 0	 0	 0	 0	 0	 0	 0	 0	 פְּסִיפָס
צי	 1	 0	 1	 0	 0	 1	 0	 0	 0	 0	 יַתוּשׁ
ידונית	 0	 0	 0	 0	 0	 0	 0	 0	 0	 0	 אֵזוֹב
עמומ	 0	 0	 0	 0	 0	 0	 0	 0	 0	 0	 אֲזוֹבִי
צעיפ	 0	 0	 0	 0	 0	 0	 0	 0	 0	 0	 חֶלְקִיק
ספל	 0	 0	 0	 0	 0	 0	 0	 0	 0	 0	 עָשׁ
פרד	 0	 1	 0	 0	 1	 1	 1	 1	 0	 1	 אִמָא
רב צדדי	 0	 0	 0	 0	 1	 0	 1	 0	 0	 1	 אִמָהוּת
רובות	 0	 1	 0	 0	 0	 0	 0	 0	 0	 0	 תְנוּעָה
רובה	 0	 0	 0	 0	 0	 0	 0	 0	 0	 0	 ללא תנועה
פל	 0	 0	 0	 0	 0	 0	 1	 0	 0	 0	 מֵנִיעַ
ריבוי	 0	 0	 0	 0	 0	 0	 0	 0	 0	 0	 סַסגוֹנִי
פול	 0	 0	 0	 0	 0	 0	 0	 0	 0	 0	 מָנוֹעַ
פיל	 0	 0	 0	 0	 0	 0	 0	 0	 0	 0	 אוֹפנוֹעַ
פיל	 0	 0	 0	 0	 0	 0	 0	 0	 0	 0	 אופנוע
ונ	 0	 0	 0	 0	 0	 0	 0	 0	 0	 0	 מוטה
אמא	 0	 0	 0	 0	 0	 0	 0	 0	 0	 0	 מְנוּמָר
ול	 0	 0	 0	 0	 0	 0	 0	 0	 0	 0	 מוֹטוֹ
אמא	 0	 0	 0	 0	 0	 0	 0	 0	 0	 0	 עובש
חזרת	 0	 0	 0	 0	 0	 0	 0	 0	 0	 0	 תֵל
עוס	 0	 0	 0	 0	 0	 0	 0	 0	 0	 0	 הר
ארצי	 0	 1	 0	 0	 0	 0	 0	 0	 0	 0	 הַר
עירוני	 0	 0	 0	 0	 0	 0	 0	 0	 0	 0	 מְטַפֵּס הַרִים
עיריה	 0	 0	 0	 0	 0	 0	 0	 0	 0	 0	 הֲרָרִי
ציור קיר	 0	 0	 0	 0	 0	 1	 0	 1	 0	 0	 לְהִתְאַבֵּל
רצח	 1	 0	 0	 1	 0	 1	 0	 1	 0	 0	 עָגוּם
רוצח	 0	 0	 0	 0	 0	 1	 0	 1	 0	 0	 אֵבֶל
רצחני	 0	 0	 0	 0	 0	 0	 0	 0	 0	 0	 עכבר
חשוכ	 0	 0	 0	 0	 0	 0	 0	 0	 0	 0	 שפם
רשרוש	 0	 0	 0	 0	 0	 0	 0	 0	 1	 0	 פֶּה
ריר	 0	 0	 1	 0	 0	 0	 0	 0	 0	 0	 מְלוֹא הַפֶּה
רירי	 0	 0	 0	 0	 0	 0	 0	 0	 0	 0	 פִּיָה
זה	 0	 0	 0	 0	 0	 0	 1	 0	 0	 0	 זָחִיחַ
זות	 0	 0	 0	 0	 0	 0	 0	 0	 0	 0	 מהלך \ לזוז \ לעבור
זיאונ	 0	 0	 0	 0	 0	 0	 0	 0	 0	 0	 תְנוּעָה
דיסה	 0	 0	 0	 0	 0	 0	 1	 0	 0	 0	 מעביר
פטרייה	 0	 0	 0	 0	 0	 0	 0	 0	 0	 0	 סרט
סיקה	 0	 0	 0	 0	 0	 0	 0	 0	 0	 0	 נע
סיקלי	 0	 0	 0	 0	 0	 0	 0	 0	 0	 0	 מַתבֵּן
סיקאי	 0	 0	 1	 0	 0	 1	 0	 0	 0	 0	 לְלַכְלֵך
רהר	 0	 0	 1	 0	 0	 0	 0	 0	 0	 0	 רִירִי
שק	 0	 0	 1	 0	 0	 0	 0	 0	 0	 0	 רִיר
סקט	 0	 0	 0	 0	 0	 1	 0	 0	 0	 0	 בּוֹץ
סלינ	 0	 0	 0	 0	 0	 1	 0	 0	 0	 0	 לְשַׁבֵּשׁ
פרוע	 0	 0	 0	 0	 0	 1	 0	 0	 0	 0	 מבולבל
סטנג	 0	 0	 1	 0	 0	 1	 0	 0	 0	 0	 בּוֹצִי
חרדל	 1	 0	 1	 0	 0	 1	 0	 0	 0	 0	 יְדוֹנִית
קבצ	 0	 0	 0	 0	 0	 0	 0	 0	 0	 0	 עמום
עופש	 0	 0	 0	 0	 0	 0	 0	 0	 0	 0	 צָעִיף
תנה	 1	 0	 0	 1	 0	 1	 1	 1	 0	 0	 ספל
טציה	 1	 0	 0	 0	 0	 1	 0	 0	 0	 1	 פֶּרֶד
טציה	 0	 0	 0	 0	 0	 0	 0	 0	 0	 0	 רַב צְדָדִי
ומ	 0	 0	 0	 0	 0	 0	 0	 0	 0	 0	 מרובות
טלת מומ	 0	 0	 0	 0	 0	 0	 0	 0	 0	 0	 מרובה
רד	 0	 0	 0	 0	 0	 0	 0	 0	 0	 0	 כֶּפֶל
ול	 0	 0	 0	 0	 0	 0	 0	 0	 0	 0	 ריבוי
ר כבש	 0	 0	 0	 0	 0	 0	 0	 0	 0	 0	 כָּפוּל
דדי	 0	 0	 0	 0	 0	 0	 0	 0	 0	 0	 מַכפִּיל
דדית	 0	 0	 0	 0	 0	 0	 0	 0	 0	 0	 לְהַכפִּיל
וע	 0	 0	 0	 0	 0	 0	 0	 0	 0	 0	 הָמוֹן
קוצר ראיה	 0	 0	 0	 1	 0	 1	 0	 0	 0	 0	 אמא
קצר ראיה	 0	 0	 0	 0	 0	 1	 0	 0	 0	 0	 מִלמוּל
ספר עצומ	 0	 0	 0	 0	 0	 0	 0	 0	 0	 0	 אִמָא
סתורי	 0	 0	 0	 0	 0	 1	 0	 0	 0	 0	 חַזֶרֶת
סתורינ	 0	 0	 0	 0	 0	 0	 0	 0	 0	 0	 לִלְעוֹס
יסטי	 0	 0	 0	 0	 0	 0	 0	 0	 0	 0	 אַרְצִי
יסטי	 0	 0	 0	 0	 0	 0	 0	 0	 0	 0	 עִירוֹנִי
תורת הנסתר	 0	 0	 0	 0	 0	 0	 0	 0	 0	 0	 עִירִיָה
יתוס	 0	 0	 0	 0	 0	 0	 0	 0	 0	 0	 צִיוּר קִיר
יתי	 1	 0	 1	 1	 0	 1	 0	 1	 1	 0	 רֶצַח
אגדי	 1	 0	 1	 1	 0	 1	 0	 1	 0	 0	 רוֹצֵחַ
יתולוגי	 1	 0	 1	 1	 0	 1	 0	 1	 1	 0	 רַצחָנִי
יתולוגיה	 0	 0	 1	 0	 0	 1	 0	 1	 0	 0	 חָשׁוּך
נאב	 0	 0	 0	 0	 0	 0	 0	 0	 0	 0	 רִשׁרוּשׁ
נדיר	 0	 0	 0	 0	 0	 0	 0	 0	 0	 0	 שְׁרִיר
נדנד	 0	 0	 0	 0	 0	 0	 1	 0	 0	 0	 שְׁרִירִי
סמר	 0	 0	 0	 0	 0	 0	 0	 0	 0	 0	 מוּזָה
תמימ	 0	 0	 0	 0	 0	 0	 0	 0	 0	 0	 מוזות
עירומ	 0	 0	 0	 0	 0	 0	 0	 0	 0	 0	 מוּזֵיאוֹן
שמ	 0	 0	 0	 0	 0	 0	 0	 0	 0	 0	 דַיסָה
אלמוני	 0	 0	 0	 0	 0	 0	 0	 0	 0	 0	 פטרייה
על שמ	 0	 0	 0	 0	 1	 0	 1	 1	 0	 0	 מוּסִיקָה
יומ	 1	 1	 0	 0	 1	 0	 1	 1	 1	 1	 מוּסִיקָלִי
טפלת	 0	 0	 0	 0	 0	 0	 0	 0	 0	 0	 מוּסִיקָאִי
ננומטר	 0	 0	 0	 0	 0	 0	 0	 0	 0	 0	 מהרהר
תנומה	 0	 0	 0	 0	 0	 0	 0	 0	 0	 0	 מוּשָׁק
עורפ	 0	 0	 0	 1	 0	 0	 0	 0	 0	 0	 מוּסקֶט
פית	 0	 0	 0	 0	 0	 0	 0	 0	 0	 0	 מוּסלִין
נמנמ	 0	 0	 0	 0	 0	 1	 0	 0	 0	 0	 לִפְרוֹעַ
חיתול	 0	 0	 0	 0	 0	 0	 0	 0	 0	 0	 מוּסטָנג
סמ	 0	 0	 0	 0	 0	 0	 0	 0	 0	 0	 חרדל
ספר	 0	 0	 0	 0	 0	 0	 0	 0	 0	 0	 לְקַבֵּץ
תנוי	 0	 0	 1	 0	 0	 1	 0	 0	 0	 0	 מְעוּפָּשׁ
נרטיב	 0	 1	 0	 0	 0	 0	 1	 0	 0	 0	 מִשְׁתַנֶה
ספר	 0	 0	 0	 0	 0	 1	 0	 0	 0	 0	 מוטציה
צמצמ	 0	 0	 0	 0	 0	 0	 0	 0	 0	 0	 מוּטָצִיָה
צרה	 0	 0	 1	 0	 0	 1	 0	 0	 0	 0	 מום
תהוות	 1	 0	 1	 1	 0	 1	 0	 1	 0	 0	 הַטָלַת מוּם
געיל	 1	 0	 1	 1	 0	 1	 0	 0	 1	 0	 מֶרֶד
ידה	 1	 0	 0	 0	 0	 1	 0	 0	 0	 0	 מִלמוּל
אומה	 0	 0	 0	 0	 0	 0	 0	 0	 0	 0	 בְּשַׂר כֶּבֶשׂ
אומי	 0	 0	 0	 0	 0	 0	 1	 0	 0	 0	 הֲדָדִי
אומ	 0	 0	 0	 0	 0	 0	 0	 0	 0	 0	 הֲדָדִית
יליד	 0	 0	 0	 1	 0	 1	 0	 0	 0	 0	 לוֹעַ
דה	 1	 0	 0	 0	 0	 1	 0	 1	 0	 0	 קוֹצֶר רְאִיָה
חוקר טבע	 0	 0	 0	 0	 0	 0	 0	 0	 0	 0	 קְצַר רְאִיָה
תאזרחות	 0	 0	 0	 0	 0	 0	 0	 0	 0	 0	 מִספָּר עָצוּם
תאזרח	 0	 1	 0	 1	 0	 0	 0	 0	 1	 0	 מסתורי
אופנ טבעי	 0	 1	 0	 0	 0	 0	 0	 0	 1	 0	 מִסתוֹרִין
טבע	 0	 0	 0	 0	 0	 0	 0	 0	 1	 0	 מִיסטִי
אפס	 0	 0	 0	 0	 0	 0	 0	 0	 0	 0	 מיסטי
בה	 0	 0	 0	 0	 0	 0	 0	 0	 0	 0	 תוֹרַת הַנִסתָר
חילה	 0	 0	 0	 0	 0	 0	 0	 0	 0	 0	 מִיתוֹס
חיל	 0	 0	 0	 0	 0	 0	 0	 0	 0	 0	 מיתי
נוטי	 0	 0	 0	 0	 0	 0	 0	 0	 0	 0	 אַגָדִי
 הצי	 0	 0	 0	 0	 0	 0	 0	 0	 0	 0	 מִיתוֹלוֹגִי
ספינה	 0	 0	 0	 0	 0	 0	 0	 0	 0	 0	 מִיתוֹלוֹגִיָה
טבור	 0	 0	 0	 0	 0	 1	 0	 0	 1	 0	 נאב
עביר	 0	 0	 0	 0	 0	 1	 0	 0	 0	 0	 נדיר
נווט	 1	 0	 0	 0	 0	 1	 0	 0	 0	 0	 לְנַדְנֵד
ניווט	 0	 0	 0	 0	 0	 0	 0	 0	 0	 0	 מַסְמֵר
נווט	 0	 0	 0	 0	 0	 1	 0	 0	 0	 0	 תמים
חיל הימ	 0	 0	 0	 0	 0	 0	 0	 0	 0	 0	 עֵירוֹם
או	 0	 0	 0	 0	 0	 0	 0	 0	 0	 0	 בשם
עי	 0	 0	 1	 0	 0	 1	 0	 0	 0	 0	 אַלמוֹנִי
ערפילית	 0	 0	 0	 0	 0	 0	 0	 0	 0	 0	 בעל שם
ערפיליות	 0	 0	 0	 0	 0	 0	 0	 0	 0	 0	 שִׁיוּם
עורפל	 0	 0	 0	 0	 0	 0	 0	 0	 0	 0	 מְטַפֶּלֶת
רח	 0	 0	 0	 0	 0	 0	 0	 0	 0	 0	 ננומטר
צריכ	 0	 0	 0	 0	 1	 0	 1	 0	 0	 0	 תְנוּמָה
צרכימ	 0	 0	 0	 0	 0	 0	 0	 0	 0	 0	 עוֹרֶף
רח	 0	 0	 0	 0	 0	 0	 0	 1	 0	 0	 מַפִּית
צוואר	 0	 0	 0	 0	 0	 0	 0	 0	 0	 0	 מנמנם
רשרת	 0	 0	 1	 0	 0	 1	 0	 0	 0	 0	 חיתול
נמק	 0	 0	 0	 0	 0	 1	 0	 0	 0	 0	 סַם
צופ	 0	 0	 0	 0	 0	 0	 0	 0	 0	 0	 לְסַפֵּר
נחוצ	 0	 0	 0	 0	 0	 0	 0	 0	 0	 0	 תִנוּי
חט	 0	 0	 0	 0	 0	 0	 0	 0	 0	 0	 נרטיב
יותר	 0	 0	 0	 0	 0	 0	 0	 0	 0	 0	 מספר
נזקק	 0	 0	 0	 0	 0	 0	 0	 0	 0	 0	 לְצַמְצֵם
רושע	 0	 0	 0	 0	 0	 0	 0	 0	 0	 0	 הֲצָרָה
ילה	 0	 1	 0	 0	 0	 0	 0	 0	 0	 0	 בהתהוות
ילי	 1	 0	 1	 1	 0	 1	 0	 1	 0	 0	 מַגְעִיל
זנחה	 0	 0	 0	 0	 0	 0	 0	 0	 0	 0	 לידה
זנח	 0	 0	 0	 0	 0	 0	 0	 0	 0	 1	 אוּמָה
זנחה	 0	 0	 0	 0	 0	 0	 0	 0	 0	 0	 לאומי
רשלנות	 0	 0	 0	 0	 0	 0	 0	 0	 0	 0	 לאום
רשלני	 0	 0	 0	 0	 0	 0	 0	 0	 0	 0	 יָלִיד
רשלנות	 0	 0	 0	 0	 0	 0	 0	 0	 0	 0	 לֵדָה
זניח	 0	 0	 0	 0	 0	 0	 1	 0	 0	 0	 חוֹקֵר טֶבַע
את ולתת	 0	 0	 0	 0	 0	 0	 0	 0	 0	 0	 הִתאַזרְחוּת
א ומתנ	 0	 0	 0	 0	 0	 0	 0	 0	 0	 0	 התאזרח
נהל משא ומתנ	 0	 0	 0	 0	 0	 0	 0	 0	 0	 0	 באופן טבעי
שי	 0	 0	 0	 0	 0	 0	 0	 0	 0	 0	 טֶבַע
צהול	 0	 0	 0	 0	 0	 0	 0	 0	 0	 0	 אֶפֶס
כנ	 0	 0	 0	 0	 0	 1	 0	 0	 0	 0	 שובבה
נה	 0	 0	 1	 0	 0	 1	 0	 0	 0	 0	 בחילה
כנ	 0	 0	 1	 0	 0	 1	 0	 1	 0	 0	 מַבְחִיל
יילוד	 0	 0	 0	 0	 0	 0	 0	 0	 0	 0	 נַוָטִי
טירונ	 0	 0	 0	 0	 0	 0	 0	 0	 0	 0	 שֶׁל הַצִי
ניאופרנ	 0	 0	 0	 0	 0	 0	 0	 0	 0	 0	 ספינה
אחיינ	 0	 0	 0	 0	 0	 0	 0	 0	 0	 0	 טַבּוּר
פרוטקציה	 0	 1	 0	 0	 0	 0	 1	 0	 0	 0	 עָבִיר
עצב	 0	 0	 0	 0	 0	 0	 0	 0	 0	 0	 לנווט
עצבני	 0	 0	 0	 0	 0	 0	 0	 0	 0	 0	 ניווט
עצבנות	 0	 1	 0	 0	 0	 0	 0	 0	 0	 1	 נווט
קנ	 0	 0	 0	 0	 0	 0	 0	 0	 0	 0	 חיל הים
תכרבל	 0	 0	 0	 0	 0	 1	 0	 0	 0	 0	 לָאו
גוזל	 0	 0	 0	 0	 0	 0	 1	 0	 0	 0	 לְמִשׁעִי
נטו	 0	 0	 0	 0	 0	 0	 0	 0	 0	 0	 עַרְפִּילִית
תחתי	 0	 0	 0	 0	 0	 0	 0	 0	 0	 0	 ערפיליות
רשת	 0	 0	 0	 0	 0	 0	 0	 0	 0	 0	 מְעוּרפָּל
סרפד	 0	 0	 0	 0	 0	 0	 0	 0	 0	 0	 בהכרח
רשת	 0	 0	 0	 0	 0	 0	 0	 0	 0	 0	 לְהַצְרִיך
נוירלגיה	 0	 0	 0	 0	 0	 0	 0	 0	 0	 0	 צרכים
נוירולוגיה	 0	 0	 0	 0	 0	 0	 0	 1	 0	 0	 כּוֹרַח
חלת עצבימ	 0	 0	 0	 0	 0	 0	 0	 0	 0	 0	 צוואר
נוירוטי	 0	 0	 0	 0	 0	 0	 0	 0	 0	 0	 שַׁרשֶׁרֶת
סרס	 0	 0	 0	 0	 0	 0	 0	 0	 0	 0	 נֶמֶק
ניטראלי	 0	 0	 0	 0	 0	 0	 1	 0	 0	 0	 צוּף
אדישות	 0	 0	 0	 0	 0	 1	 0	 0	 0	 0	 נָחוּץ
נטרל	 0	 0	 0	 0	 0	 0	 1	 0	 0	 0	 מַחַט
ילוד	 0	 0	 0	 0	 0	 0	 0	 0	 0	 0	 מְיוּתָר
עולה חדש	 0	 0	 0	 0	 0	 1	 0	 0	 0	 0	 נִזקָק
חדש	 0	 0	 1	 1	 0	 1	 0	 1	 1	 0	 מְרוּשָׁע
טריות	 1	 0	 0	 0	 0	 1	 0	 0	 0	 0	 שְׁלִילָה
חדשות	 0	 0	 0	 0	 0	 1	 0	 1	 0	 0	 שלילי
עיתונ	 0	 0	 0	 0	 0	 1	 0	 0	 0	 0	 הַזנָחָה
דוכנ עיתונימ	 1	 0	 1	 0	 0	 1	 0	 1	 0	 0	 מוזנח
חוד	 0	 0	 0	 0	 0	 1	 0	 0	 0	 0	 הזנחה
רסמ	 0	 0	 0	 0	 0	 1	 0	 0	 0	 0	 רַשְׁלָנוּת
גומחה	 0	 0	 0	 0	 0	 1	 0	 0	 0	 0	 רַשְׁלָנִי
ניק	 0	 0	 0	 0	 0	 1	 0	 0	 0	 0	 ברשלנות
ניקל	 0	 0	 0	 0	 0	 0	 0	 0	 0	 0	 זניח
ינוי	 0	 0	 0	 0	 0	 0	 1	 0	 0	 1	 לָשֵׂאת וְלָתֵת
ניקוטינ	 0	 0	 0	 0	 0	 0	 0	 0	 0	 0	 מַשָׂא וּמַתָן
אחיינית	 0	 0	 0	 0	 0	 0	 1	 0	 0	 0	 מנהל משא ומתן
קרוב	 0	 0	 0	 0	 0	 1	 0	 1	 0	 0	 כּוּשִׁי
ילה	 0	 0	 0	 0	 0	 0	 0	 0	 0	 0	 לִצְהוֹל
רדת החשכה	 0	 1	 0	 0	 0	 0	 1	 0	 0	 1	 שָׁכֵן
זמיר	 0	 1	 0	 0	 0	 0	 0	 0	 0	 0	 שְׁכוּנָה
סיוט	 0	 0	 0	 0	 0	 0	 0	 0	 0	 0	 שָׁכֵן
ניהיליזמ	 0	 0	 0	 0	 0	 0	 0	 0	 0	 0	 יילוד
אפס	 0	 0	 0	 0	 0	 0	 0	 0	 0	 0	 טירון
זריז	 0	 0	 0	 0	 0	 0	 0	 0	 0	 0	 ניאופרן
תשעימ	 0	 0	 0	 0	 0	 0	 0	 0	 0	 0	 אחיין
ט	 1	 0	 1	 0	 0	 1	 0	 1	 0	 0	 פּרוֹטֶקצִיָה
צביטה	 0	 0	 0	 0	 0	 0	 1	 0	 0	 0	 עָצָב
פטמה	 0	 1	 0	 1	 0	 1	 0	 0	 0	 0	 עַצבָּנִי
אצולה	 0	 0	 0	 1	 0	 0	 0	 0	 0	 0	 עַצבָּנוּת
אצילי	 0	 0	 0	 0	 0	 0	 0	 0	 0	 0	 ness
אציל	 0	 0	 0	 0	 0	 0	 0	 0	 0	 1	 קֵן
ילי	 0	 0	 0	 0	 0	 0	 1	 0	 0	 1	 לְהִתְכַּרְבֵּל
נוד ראש	 0	 0	 0	 0	 0	 0	 0	 0	 0	 0	 גוֹזָל
נהנ	 0	 0	 0	 0	 0	 0	 0	 0	 0	 0	 נֶטוֹ
צומת	 1	 0	 0	 1	 0	 1	 0	 1	 0	 0	 תַחתִי
קשרי	 0	 0	 0	 0	 0	 0	 0	 0	 0	 0	 רשת
גולה	 1	 0	 1	 0	 0	 1	 0	 0	 0	 0	 סִרְפָּד
רעש	 0	 1	 0	 0	 0	 0	 0	 0	 0	 0	 רֶשֶׁת
רועש	 0	 0	 0	 1	 0	 1	 0	 1	 0	 0	 נוירלגיה
נווד	 0	 0	 0	 0	 0	 0	 0	 0	 0	 0	 נוירולוגיה
נוד	 0	 0	 0	 1	 0	 1	 0	 1	 0	 0	 מַחֲלַת עֲצַבִּים
נוח	 0	 0	 1	 1	 0	 1	 0	 0	 0	 0	 נוירוטי
נקוב	 0	 0	 0	 0	 0	 0	 0	 0	 0	 0	 לְסַרֵס
נות	 0	 1	 0	 0	 0	 0	 0	 0	 0	 1	 ניטראלי
תמנות	 0	 0	 0	 0	 0	 0	 0	 0	 0	 1	 אֲדִישׁוּת
עמד	 0	 0	 0	 0	 0	 0	 0	 0	 0	 0	 לְנַטְרֵל
לא	 0	 0	 0	 0	 0	 0	 0	 0	 0	 0	 יָלוּד
אי ציות	 0	 0	 0	 1	 0	 0	 0	 0	 1	 0	 עוֹלֶה חָדָשׁ
קשה לתארו	 0	 0	 0	 0	 0	 0	 0	 0	 0	 0	 חדש
א קיימ	 0	 0	 0	 0	 0	 0	 0	 0	 0	 0	 טְרִיוּת
אי תשלומ	 0	 0	 0	 0	 0	 0	 0	 0	 0	 0	 חֲדָשׁוֹת
א תושב	 0	 0	 0	 0	 0	 0	 0	 0	 0	 0	 עיתון
טויות	 0	 0	 0	 0	 0	 0	 0	 0	 0	 0	 דוּכַן עִיתוֹנִים
טותי	 0	 0	 0	 0	 0	 0	 0	 0	 0	 0	 חוֹד
אטריה	 0	 0	 0	 0	 0	 0	 0	 0	 0	 0	 לכרסם
חבוא	 0	 0	 0	 0	 0	 0	 0	 0	 0	 0	 גוּמחָה
צהריימ	 0	 0	 0	 0	 0	 0	 0	 0	 0	 0	 nichts
קש	 0	 0	 0	 0	 0	 0	 0	 0	 0	 0	 ניק
נורמה	 0	 0	 0	 0	 0	 0	 0	 0	 0	 0	 ניקל
נורמלי	 0	 0	 0	 0	 0	 0	 0	 0	 0	 0	 כינוי
תקינות	 0	 0	 1	 0	 0	 1	 0	 0	 0	 0	 נִיקוֹטִין
תקינות	 0	 0	 0	 0	 0	 0	 0	 0	 0	 0	 אחיינית
אפ	 0	 0	 0	 0	 0	 0	 0	 0	 0	 0	 קָרוֹב
נוסטלגיה	 0	 0	 0	 0	 0	 0	 0	 0	 0	 0	 לַיְלָה
נחיר	 0	 0	 0	 0	 0	 0	 0	 0	 0	 0	 רֶדַת הַחֲשֵׁכָה
יקיר	 0	 0	 0	 0	 0	 0	 0	 0	 0	 0	 זָמִיר
טימ	 0	 0	 0	 1	 0	 1	 0	 0	 0	 0	 סיוט
יוחד	 0	 0	 0	 0	 0	 1	 0	 0	 0	 0	 נִיהִילִיזם
נוטריונ	 0	 0	 0	 0	 0	 0	 0	 0	 0	 0	 אֶפֶס
סמונ	 0	 0	 0	 0	 0	 0	 0	 0	 0	 0	 זָרִיז
חרוצ	 0	 0	 0	 0	 0	 0	 0	 0	 0	 0	 תִשׁעִים
פצור	 0	 0	 0	 0	 0	 0	 0	 0	 0	 0	 ט
ערה	 0	 0	 0	 0	 0	 0	 0	 0	 0	 0	 צביטה
חברת	 0	 0	 0	 0	 0	 0	 0	 0	 0	 0	 פִּטמָה
ציינתי	 0	 0	 0	 0	 0	 0	 0	 0	 0	 0	 nix
ראוי לציונ	 0	 1	 0	 0	 0	 0	 1	 0	 0	 1	 אֲצוּלָה
אפסות	 0	 0	 0	 0	 0	 0	 1	 0	 0	 1	 אֲצִילִי
דעה	 0	 0	 0	 0	 0	 0	 1	 0	 0	 1	 אָצִיל
לט	 0	 0	 0	 0	 0	 0	 0	 0	 0	 0	 לֵילִי
דעה	 0	 0	 0	 0	 0	 0	 0	 0	 0	 0	 מָנוֹד רֹאשׁ
דיע	 0	 0	 0	 0	 0	 0	 0	 0	 0	 0	 מהנהן
רעיונ	 0	 0	 0	 0	 0	 0	 0	 0	 0	 0	 צוֹמֶת
עיוני	 0	 0	 0	 0	 0	 0	 0	 0	 0	 0	 קִשׁרִי
גנאי	 0	 0	 0	 0	 0	 0	 0	 0	 0	 0	 גוּלָה
על אפ	 0	 0	 0	 0	 0	 1	 0	 0	 0	 0	 רַעַשׁ
אפס	 1	 0	 0	 0	 0	 1	 0	 0	 0	 0	 רוֹעֵשׁ
 עצמ	 0	 0	 0	 0	 0	 0	 0	 0	 0	 0	 נווד
זינ	 0	 0	 0	 0	 0	 0	 0	 0	 0	 0	 נַוָד
תזונה	 0	 0	 0	 0	 0	 0	 0	 0	 0	 0	 מִנוּחַ
נובו	 0	 0	 0	 0	 0	 0	 0	 0	 0	 0	 נָקוּב
טריות	 0	 0	 0	 0	 0	 0	 0	 0	 0	 0	 לְמַנוֹת
טירונ	 0	 0	 0	 0	 0	 0	 1	 0	 0	 0	 הְתמַנוּת
יומ	 0	 0	 0	 0	 0	 0	 0	 0	 0	 0	 מוּעֲמָד
זיק	 0	 0	 0	 0	 0	 0	 0	 0	 0	 0	 לא
זרבובית	 1	 1	 0	 1	 0	 1	 0	 1	 0	 0	 אי ציות
נימה	 0	 0	 0	 0	 0	 0	 0	 0	 0	 0	 שֶׁקָשֶׁה לְתַאֲרוֹ
ניואנסימ	 0	 0	 0	 0	 0	 0	 0	 0	 0	 0	 לא קיים
גרעינ	 0	 0	 0	 0	 0	 0	 0	 0	 0	 0	 אי תשלום
ערומ	 0	 0	 0	 0	 0	 0	 0	 0	 0	 0	 לא תושב
דחיפה	 0	 0	 0	 0	 0	 1	 0	 0	 0	 0	 שְׁטוּיוֹת
עירומ	 0	 0	 0	 0	 0	 1	 0	 1	 0	 0	 שׁטוּתִי
גוש זהב גלמי	 0	 0	 0	 0	 0	 0	 0	 0	 0	 0	 אִטְרִיָה
טרד	 0	 0	 0	 0	 0	 0	 0	 0	 0	 0	 מַחֲבוֹא
ריק	 0	 0	 0	 0	 0	 0	 0	 0	 0	 0	 צָהֳרַיִים
טל	 0	 0	 0	 0	 0	 1	 0	 1	 0	 0	 מוֹקֵשׁ
חסר תחושה	 0	 0	 0	 0	 0	 0	 0	 0	 0	 0	 נוֹרמָה
ספר	 0	 0	 0	 0	 0	 0	 0	 0	 0	 0	 נוֹרמָלִי
ספרור	 0	 0	 0	 0	 0	 0	 0	 0	 0	 0	 תְקִינוּת
ספרימ	 0	 0	 0	 0	 0	 0	 1	 0	 0	 0	 תְקִינוּת
חוסר תחושה	 0	 0	 1	 0	 0	 0	 0	 0	 0	 0	 אף
ספרה	 0	 0	 0	 0	 0	 0	 0	 0	 0	 0	 נוֹסטָלגִיָה
נה	 0	 0	 0	 0	 0	 0	 0	 0	 0	 0	 נָחִיר
ספרי	 0	 0	 0	 0	 1	 0	 1	 0	 0	 1	 יַקִיר
חינה מספרית	 0	 0	 0	 0	 0	 0	 1	 0	 0	 0	 בולטים
רבימ	 0	 0	 0	 0	 0	 0	 0	 0	 0	 0	 במיוחד
נזירה	 0	 0	 0	 0	 0	 0	 0	 0	 0	 1	 נוֹטָרִיוֹן
אחות	 0	 0	 0	 0	 0	 0	 0	 0	 0	 0	 סִמוּן
תלה	 0	 0	 0	 0	 0	 0	 0	 0	 0	 0	 לַחֲרוֹץ
טפח	 0	 0	 0	 0	 0	 0	 0	 0	 0	 0	 פָּצוּר
אגוז מוסקט	 0	 0	 0	 0	 0	 0	 0	 0	 0	 0	 הערה
תזונה	 0	 0	 0	 0	 0	 0	 0	 0	 0	 0	 מחברת
זינ	 0	 0	 0	 0	 0	 0	 1	 0	 0	 0	 ציינתי
תזונתי	 0	 0	 0	 0	 0	 0	 0	 0	 0	 0	 ראוי לציון
אגוזימ	 0	 0	 0	 0	 0	 1	 0	 1	 0	 0	 אַפסוּת
נימפה	 0	 0	 0	 0	 0	 0	 0	 0	 0	 0	 הודעה
גולמ	 0	 0	 0	 0	 0	 0	 0	 0	 0	 0	 בולט
אלונ	 0	 1	 0	 0	 0	 0	 0	 0	 0	 0	 הוֹדָעָה
וט	 0	 0	 0	 0	 0	 0	 0	 0	 0	 0	 לְהוֹדִיעַ
אואזיס	 0	 0	 0	 0	 0	 0	 1	 0	 0	 0	 רעיון
עה	 0	 0	 0	 0	 0	 0	 0	 0	 0	 0	 עִיוּנִי
קוקר	 1	 0	 1	 1	 0	 1	 1	 0	 0	 0	 גְנַאִי
ציות	 0	 0	 0	 0	 0	 0	 0	 0	 0	 0	 על אף
מע	 0	 0	 0	 0	 0	 0	 0	 0	 0	 0	 אֶפֶס
צייתנות	 0	 0	 0	 0	 0	 0	 0	 0	 0	 0	 שֵׁם עֶצֶם
אובליסק	 0	 0	 0	 0	 0	 0	 0	 0	 0	 0	 לְהַזִין
נ מאד	 0	 0	 0	 0	 0	 0	 1	 0	 0	 0	 תְזוּנָה
נה	 0	 0	 0	 0	 0	 0	 0	 0	 0	 0	 נובו
ציית	 0	 0	 0	 0	 0	 0	 0	 0	 0	 0	 טְרִיוּת
אובי	 0	 0	 0	 0	 0	 0	 0	 0	 0	 0	 טִירוֹן
אוביט	 0	 0	 0	 0	 0	 0	 0	 0	 0	 0	 כַּיוֹם
דעה על פטירה	 0	 0	 1	 1	 0	 1	 0	 0	 0	 0	 מַזִיק
תנגד	 0	 0	 0	 0	 0	 0	 0	 0	 0	 0	 זרבובית
תנגדות	 0	 0	 0	 0	 0	 0	 0	 0	 0	 0	 נִימָה
דוחה	 0	 0	 0	 0	 0	 0	 0	 0	 0	 0	 ניואנסים
טרה	 0	 0	 0	 0	 0	 0	 0	 0	 0	 0	 גַרעִין
חובה	 0	 0	 0	 0	 0	 0	 0	 0	 0	 0	 עָרוֹם
רחי	 0	 0	 0	 0	 0	 0	 0	 0	 0	 0	 דְחִיפָה
חייב	 0	 0	 0	 0	 0	 0	 0	 0	 0	 0	 עֵירוֹם
חויב	 0	 0	 0	 0	 0	 0	 0	 0	 0	 0	 גוּשׁ זָהָב גָלמִי
אדיב	 1	 0	 0	 0	 0	 1	 0	 0	 0	 0	 מטרד
חייב	 0	 0	 0	 0	 0	 1	 0	 0	 0	 0	 null
אלכסוני	 0	 0	 0	 0	 0	 0	 0	 0	 0	 0	 ריק
יד	 0	 0	 0	 0	 0	 1	 0	 0	 1	 0	 לְבַטֵל
נמחק	 0	 0	 0	 0	 0	 1	 0	 0	 0	 0	 חסר תחושה
חדה	 0	 0	 0	 0	 0	 0	 0	 0	 0	 0	 מספר
חה	 0	 0	 0	 0	 0	 0	 0	 0	 0	 0	 סִפְרוּר
תעלמ	 0	 0	 0	 0	 0	 0	 1	 0	 0	 0	 מספרים
בנ	 0	 0	 0	 0	 0	 1	 0	 1	 0	 0	 חוֹסֶר תְחוּשָׁה
גונה	 0	 0	 0	 0	 0	 0	 0	 0	 0	 0	 סִפְרָה
אבוב	 0	 0	 0	 0	 0	 0	 0	 0	 0	 0	 מוֹנֶה
גונה	 0	 0	 0	 0	 0	 0	 0	 0	 0	 0	 מִספָּרִי
עשה מגונה	 0	 0	 0	 0	 0	 0	 0	 0	 0	 0	 מבחינה מספרית
עורפל	 0	 0	 0	 0	 0	 0	 0	 0	 0	 0	 רַבִּים
עורפל	 0	 0	 0	 0	 0	 1	 0	 0	 0	 1	 נְזִירָה
ערפול	 0	 0	 0	 0	 0	 0	 1	 0	 0	 1	 אָחוֹת
ירה	 0	 0	 0	 0	 1	 0	 1	 0	 0	 1	 מִשׁתָלָה
ר מצוות	 1	 1	 1	 1	 1	 0	 1	 0	 0	 1	 לְטַפֵּחַ
תצפית	 0	 0	 0	 0	 0	 0	 0	 0	 0	 0	 אגוז מוסקט
צפה כוכבימ	 0	 0	 0	 0	 0	 0	 0	 0	 0	 0	 תְזוּנָה
צפות	 0	 0	 0	 0	 0	 0	 1	 1	 0	 0	 מֵזִין
קיפ	 0	 0	 0	 0	 0	 0	 0	 0	 0	 0	 תְזוּנָתִי
תבוננות	 0	 0	 0	 0	 0	 0	 0	 0	 0	 0	 אֱגוֹזִים
דבוק	 0	 0	 0	 0	 0	 0	 0	 0	 0	 0	 נִימפָה
תישנות	 0	 0	 0	 0	 0	 1	 0	 0	 0	 0	 גוֹלֶם
ול	 0	 0	 0	 0	 0	 0	 1	 0	 0	 0	 אַלוֹן
ילדת	 0	 0	 0	 0	 0	 0	 0	 0	 0	 0	 מָשׁוֹט
ילדות	 0	 1	 0	 0	 1	 0	 1	 0	 0	 1	 אואזיס
עקשנ	 0	 0	 0	 0	 0	 0	 1	 0	 0	 1	 שְׁבוּעָה
חסומ	 0	 0	 0	 0	 0	 0	 0	 0	 0	 0	 קְוֵקֶר
חסימה	 0	 0	 0	 0	 0	 0	 1	 0	 0	 1	 צִיוּת
סותמ	 0	 0	 0	 0	 0	 0	 0	 0	 0	 0	 מְמוּשׁמָע
יג	 0	 0	 0	 0	 0	 0	 0	 0	 0	 0	 בצייתנות
ניתנ להשיג	 0	 0	 0	 0	 0	 0	 0	 0	 0	 0	 אוֹבֶּלִיסק
קהה	 0	 0	 1	 0	 0	 1	 0	 0	 0	 0	 שָׁמֵן מְאֹד
פני המטבע	 0	 0	 1	 0	 0	 1	 0	 1	 0	 0	 הַשׁמָנָה
רור	 0	 0	 0	 1	 0	 0	 0	 0	 0	 1	 לציית
אוקרינה	 0	 0	 1	 1	 0	 1	 0	 0	 0	 0	 אובי
זדמנות	 0	 0	 0	 0	 0	 1	 0	 1	 1	 0	 אוביט
קרי	 0	 0	 0	 0	 0	 1	 0	 1	 0	 0	 הוֹדָעָה עַל פְּטִירָה
פעמימ	 0	 0	 0	 0	 0	 0	 0	 0	 0	 0	 לְהִתְנַגֵד
ספיגה	 1	 0	 0	 0	 0	 1	 0	 0	 0	 0	 הִתנַגְדוּת
נסתר	 0	 0	 0	 0	 0	 1	 0	 0	 0	 0	 דוֹחֶה
תפוסה	 0	 1	 0	 0	 0	 0	 1	 0	 0	 1	 מַטָרָה
דייר	 0	 0	 0	 0	 0	 0	 0	 0	 0	 0	 חוֹבָה
יבוש	 0	 0	 0	 0	 0	 0	 0	 0	 0	 0	 הֶכְרֵחִי
וש	 0	 0	 0	 0	 0	 1	 0	 0	 0	 1	 לחייב
בש	 0	 0	 0	 0	 0	 0	 0	 0	 0	 0	 מְחוּיָב
וש	 1	 1	 1	 1	 1	 0	 1	 0	 1	 1	 אָדִיב
בש	 0	 0	 0	 1	 0	 1	 0	 0	 0	 0	 מחייב
תרחש	 0	 0	 0	 0	 0	 0	 0	 0	 0	 0	 אֲלַכסוֹנִי
תרחשות	 1	 0	 0	 1	 0	 1	 0	 1	 0	 0	 לְהַשְׁמִיד
אוקיינוס	 1	 0	 0	 1	 0	 1	 0	 0	 0	 0	 נמחק
אוקינוסי	 0	 0	 0	 1	 0	 1	 0	 1	 0	 0	 הַכחָדָה
תומנ	 1	 0	 0	 1	 0	 1	 0	 0	 0	 0	 שִׁכחָה
אוקטבה	 0	 0	 0	 0	 0	 0	 0	 0	 0	 0	 מִתעַלֵם
תמנונ	 0	 0	 0	 0	 0	 0	 0	 0	 0	 0	 מַלבֵּן
 העינימ	 1	 0	 1	 0	 0	 1	 0	 1	 0	 0	 מְגוּנֶה
זרות	 0	 0	 0	 0	 0	 0	 0	 0	 0	 0	 אַבּוּב
קטטה	 0	 0	 1	 0	 0	 1	 0	 0	 0	 0	 מְגוּנֶה
יר הלל	 1	 0	 1	 0	 0	 1	 0	 0	 0	 0	 מַעֲשֶׂה מְגוּנֶה
נתעב	 0	 0	 0	 0	 0	 0	 0	 0	 0	 0	 מְעוּרפָּל
ד מרחק	 0	 0	 0	 0	 0	 0	 0	 0	 0	 0	 מעורפל
ריח	 0	 0	 0	 0	 0	 1	 0	 0	 0	 0	 עִרפּוּל
אסטרוגנ	 0	 0	 0	 0	 0	 0	 0	 0	 0	 0	 שְׁמִירָה
יצירה	 0	 0	 0	 0	 0	 0	 1	 0	 0	 0	 שׁוֹמֵר מִצווֹת
פסולת	 0	 0	 0	 0	 0	 0	 0	 0	 0	 0	 תַצְפִּית
עליב	 0	 0	 0	 0	 0	 0	 0	 0	 0	 0	 מִצפֵּה כּוֹכָבִים
פגוע	 0	 0	 0	 0	 0	 0	 0	 0	 0	 0	 לצפות
עבריינ	 0	 0	 0	 0	 0	 0	 0	 0	 0	 0	 מַשׁקִיף
עבירה	 0	 0	 0	 0	 0	 0	 0	 0	 0	 0	 התבוננות
תקפי	 0	 0	 0	 0	 0	 0	 0	 0	 0	 0	 דִבּוּק
צעה	 0	 0	 0	 0	 0	 0	 0	 0	 0	 0	 הִתיַשְׁנוּת
צע	 1	 0	 0	 1	 0	 1	 0	 1	 0	 0	 מִכשׁוֹל
צעה	 0	 0	 0	 0	 0	 0	 0	 0	 0	 1	 מְיַלֶדֶת
אחר יד	 0	 0	 0	 0	 0	 0	 0	 0	 0	 0	 מְיַלְדוּת
רד	 0	 0	 0	 0	 0	 1	 0	 0	 0	 0	 עַקשָׁן
קצינ	 1	 0	 0	 1	 0	 1	 0	 0	 0	 0	 לחסום
רדימ	 0	 0	 0	 0	 0	 1	 0	 0	 0	 0	 חֲסִימָה
רשמי	 1	 0	 0	 0	 0	 1	 0	 0	 0	 0	 סוֹתֵם
הנ	 0	 0	 0	 0	 0	 0	 0	 0	 0	 0	 לְהַשִׂיג
אפק הימ	 0	 0	 0	 0	 1	 0	 1	 0	 0	 0	 ניתן להשיג
ריד	 0	 0	 0	 0	 0	 1	 0	 0	 0	 0	 קֵהֶה
קזז	 0	 0	 0	 0	 0	 0	 0	 0	 0	 0	 פְּנֵי הַמַטבֵּעַ
חה	 0	 0	 0	 0	 0	 0	 1	 0	 0	 1	 ברור
נבדל	 0	 0	 0	 0	 0	 0	 0	 0	 0	 0	 אוקרינה
עתימ קרובות	 0	 0	 0	 0	 0	 0	 0	 0	 0	 0	 הִזדַמְנוּת
עתימ קרובות	 0	 0	 0	 0	 0	 0	 0	 0	 1	 0	 מִקרִי
פלצת	 0	 0	 0	 0	 0	 0	 0	 0	 0	 0	 לִפְעָמִים
מנ	 0	 0	 0	 0	 0	 0	 0	 0	 0	 0	 סְפִיגָה
נימ	 0	 0	 1	 1	 0	 1	 0	 0	 0	 0	 נִסתָר
חה	 0	 0	 0	 0	 0	 0	 0	 0	 0	 0	 תפוסה
חוש הריח	 0	 0	 0	 0	 0	 0	 1	 0	 0	 1	 דייר
אוליגרכיה	 0	 0	 0	 0	 0	 0	 1	 0	 0	 0	 כיבוש
זית	 0	 0	 0	 0	 0	 0	 0	 0	 0	 0	 כָּבוּשׁ
אומגה	 0	 0	 0	 0	 0	 0	 0	 0	 0	 0	 כובש
חביתה	 0	 0	 0	 0	 0	 0	 1	 0	 0	 0	 לִכבּוֹשׁ
אות	 0	 0	 0	 0	 0	 0	 0	 0	 0	 0	 כובש
אימ	 0	 0	 0	 0	 0	 0	 0	 0	 0	 0	 מתרחש
טה	 0	 0	 0	 0	 0	 0	 0	 0	 0	 0	 הִתרַחֲשׁוּת
יט	 0	 0	 0	 0	 0	 0	 0	 0	 0	 0	 אוקיינוס
מט	 0	 0	 0	 0	 0	 0	 0	 0	 0	 0	 אוֹקיָנוּסִי
ני	 0	 0	 0	 0	 0	 0	 0	 0	 0	 0	 מְתוּמָן
יכולת הכל	 0	 0	 0	 0	 0	 0	 0	 0	 0	 0	 אוֹקְטָבָה
 יכול	 0	 0	 1	 0	 0	 0	 0	 0	 0	 0	 תמנון
נוכח בכל מקומ	 0	 0	 0	 0	 0	 0	 0	 0	 0	 0	 שֶׁל הָעֵינַיִם
יודע הכל	 0	 0	 1	 0	 0	 1	 0	 1	 1	 0	 מוּזָרוּת
אונקולוג	 0	 0	 0	 0	 0	 0	 0	 0	 0	 0	 קְטָטָה
אחדות	 0	 0	 0	 0	 0	 0	 0	 0	 0	 0	 שיר הלל
יד	 1	 0	 1	 1	 0	 1	 0	 0	 0	 0	 נִתעָב
עצמו	 0	 0	 0	 0	 0	 0	 0	 0	 0	 0	 מַד מֶרְחָק
תמשכ	 0	 0	 0	 0	 0	 1	 0	 0	 0	 0	 רֵיחַ
צל	 0	 0	 0	 0	 0	 0	 0	 0	 0	 0	 אסטרוגן
תקפה	 0	 0	 0	 0	 0	 0	 0	 0	 0	 0	 יצירה
סתערות	 0	 0	 0	 0	 0	 0	 0	 0	 0	 0	 פְּסוֹלֶת
אונטולוגיה	 1	 0	 1	 0	 0	 1	 0	 0	 0	 0	 לְהַעֲלִיב
אחריות	 1	 0	 0	 0	 0	 1	 0	 1	 0	 0	 פגוע
אה	 1	 0	 1	 1	 0	 1	 0	 1	 0	 0	 עבריין
המ	 1	 0	 1	 1	 0	 1	 0	 1	 0	 0	 עבירה
טפטפ	 1	 0	 1	 0	 0	 1	 0	 0	 0	 0	 הֶתקֵפִי
דליפה	 0	 0	 0	 0	 0	 0	 1	 0	 0	 0	 הַצָעָה
אטימות	 0	 0	 0	 0	 0	 0	 0	 0	 0	 0	 מוּצָע
אופל	 0	 0	 0	 0	 0	 0	 0	 0	 0	 1	 הַצָעָה
אטומ	 0	 0	 0	 0	 0	 1	 0	 0	 0	 0	 כִּלְאַחַר יָד
אופ	 0	 0	 0	 0	 0	 0	 0	 0	 0	 0	 מִשׂרָד
פתוח	 0	 0	 0	 0	 0	 0	 1	 0	 0	 1	 קָצִין
פותחנ	 0	 0	 0	 0	 0	 0	 0	 0	 0	 0	 משרדים
פתיחה	 0	 0	 0	 0	 0	 0	 0	 0	 0	 1	 רשמי
גלוי	 0	 0	 0	 0	 0	 0	 0	 0	 0	 0	 לְכַהֵן
פתיחות	 0	 0	 0	 0	 0	 1	 0	 0	 0	 0	 אֹפֶק הַיָם
אופרה	 0	 0	 0	 0	 0	 0	 0	 0	 0	 0	 להוריד
אופראי	 0	 1	 0	 0	 0	 0	 1	 0	 0	 0	 לְקַזֵז
פעולה	 0	 0	 0	 0	 0	 0	 1	 0	 0	 0	 שְׁלוּחָה
פעולות	 0	 0	 0	 0	 0	 0	 0	 0	 0	 0	 בְּנִבְדָל
פעיל	 0	 0	 0	 0	 0	 0	 0	 0	 0	 0	 לְעִתִים קְרוֹבוֹת
פעיל	 0	 0	 0	 0	 0	 0	 0	 0	 0	 0	 לְעִתִים קְרוֹבוֹת
עיני	 0	 0	 1	 1	 0	 1	 0	 0	 0	 0	 מפלצת
רופא עינימ	 0	 0	 0	 0	 0	 0	 0	 0	 0	 0	 שמן
רגיע	 0	 0	 0	 0	 0	 0	 0	 0	 0	 0	 שמנים
דעה	 0	 0	 0	 0	 0	 0	 0	 0	 0	 0	 מִשְׁחָה
דוגמטי	 0	 1	 0	 0	 0	 1	 0	 0	 0	 0	 חוש הריח
אופיומ	 0	 0	 0	 0	 0	 1	 0	 0	 0	 0	 אוֹלִיגַרכְיָה
יריב	 0	 0	 0	 0	 0	 0	 0	 0	 0	 0	 זית
תאימ	 0	 0	 0	 0	 0	 0	 0	 0	 0	 0	 אוֹמֶגָה
סתגלנות	 0	 0	 0	 0	 0	 0	 0	 0	 0	 0	 חֲבִיתָה
זדמנות	 0	 1	 0	 1	 0	 1	 0	 0	 0	 0	 אוֹת
תנגד	 0	 1	 0	 1	 0	 1	 0	 0	 0	 0	 מְאַיֵם
ניגוד	 0	 0	 0	 0	 0	 0	 0	 0	 0	 0	 הַשׁמָטָה
תנגדימ	 0	 0	 0	 0	 0	 1	 0	 0	 0	 0	 לְהַשְׁמִיט
ול	 0	 0	 0	 0	 0	 0	 0	 0	 0	 0	 הושמט
פכימ	 0	 0	 0	 0	 0	 0	 0	 0	 0	 0	 כוללני
תנגדות	 0	 0	 0	 1	 0	 1	 1	 0	 0	 0	 יְכוֹלֶת הַכֹּל
דכא	 0	 0	 0	 0	 0	 0	 0	 0	 0	 0	 כֹּל יָכוֹל
עושק	 0	 0	 0	 0	 0	 0	 0	 0	 0	 0	 נוכח בכל מקום
עיק	 0	 0	 0	 0	 0	 0	 1	 0	 0	 1	 יוֹדֵעַ הַכֹּל
דכא	 0	 0	 0	 0	 0	 0	 0	 0	 0	 0	 אונקולוג
אופטי	 0	 0	 0	 0	 0	 0	 0	 0	 0	 0	 אַחְדוּת
אופטי	 1	 0	 0	 0	 0	 1	 0	 1	 0	 0	 מַכבִּיד
אופטיקה	 0	 0	 0	 0	 0	 0	 0	 0	 0	 0	 עַצמוֹ
אופטימיות	 0	 1	 0	 0	 0	 0	 0	 0	 0	 0	 מתמשך
אופטימיסט	 0	 0	 0	 0	 0	 0	 0	 0	 0	 0	 בצל
אופציה	 0	 1	 0	 0	 0	 0	 0	 0	 0	 0	 הַתקָפָה
אופציונאלי	 0	 0	 0	 0	 0	 0	 0	 0	 0	 0	 הִסתָעֲרוּת
אופנ אופציונלי	 0	 0	 0	 0	 0	 0	 0	 0	 0	 0	 אונטולוגיה
אפשרויות	 0	 0	 0	 0	 0	 1	 0	 0	 0	 0	 אחריות
אופטומטריסט	 0	 0	 0	 0	 0	 0	 0	 0	 0	 0	 הָלְאָה
עושר	 0	 0	 0	 0	 0	 0	 0	 0	 0	 0	 שׁוֹהַם
עשיר	 0	 0	 1	 0	 0	 1	 0	 0	 0	 0	 לְטַפטֵף
אופוס	 0	 0	 0	 0	 0	 0	 0	 0	 0	 0	 דְלִיפָה
נבואה	 0	 0	 0	 0	 0	 0	 0	 0	 0	 0	 אֲטִימוּת
אוראלי	 0	 0	 0	 0	 0	 0	 0	 0	 0	 0	 אוֹפַּל
תפוז	 0	 0	 0	 0	 0	 1	 0	 0	 0	 0	 אָטוּם
נאומ	 0	 0	 0	 0	 0	 0	 0	 0	 0	 0	 אופ
נואמ	 0	 0	 0	 0	 0	 0	 0	 0	 0	 0	 לִפְתוֹחַ
דברנות	 0	 0	 0	 0	 0	 0	 0	 0	 0	 0	 פּוֹתחָן
גלגל העינ	 0	 0	 0	 0	 0	 0	 0	 0	 0	 0	 פְּתִיחָה
סלול	 0	 0	 0	 0	 0	 0	 0	 0	 0	 0	 בְּגָלוּי
סלול	 0	 0	 0	 0	 0	 0	 1	 0	 0	 0	 פְּתִיחוּת
דורימ	 1	 1	 0	 1	 1	 0	 1	 1	 1	 1	 אוֹפֵּרָה
אורק	 0	 0	 0	 0	 0	 1	 0	 0	 0	 0	 אופראי
פרדס	 0	 0	 0	 1	 0	 0	 0	 0	 0	 1	 פעולה
תזמורת	 0	 0	 0	 0	 0	 0	 0	 0	 0	 0	 פעולות
סמכ	 0	 0	 0	 0	 0	 0	 0	 0	 0	 0	 פָּעִיל
חנ	 0	 0	 0	 0	 0	 0	 0	 0	 0	 0	 מַפעִיל
זמינ	 0	 0	 0	 0	 0	 0	 0	 0	 0	 0	 עֵינִי
סודר	 0	 0	 0	 0	 0	 0	 0	 0	 0	 0	 רוֹפֵא עֵינַיִם
פקודה	 0	 0	 0	 0	 0	 1	 0	 0	 0	 0	 מַרגִיעַ
רגיל	 0	 0	 0	 0	 0	 0	 0	 0	 0	 0	 דעה
סמכה	 1	 0	 0	 0	 0	 1	 0	 0	 0	 0	 דוֹגמָטִי
תותחימ	 1	 0	 1	 1	 0	 1	 0	 1	 0	 0	 אוֹפִּיוּם
צר	 1	 1	 1	 1	 0	 1	 0	 0	 0	 0	 יָרִיב
אורגנו	 0	 0	 0	 0	 1	 0	 1	 0	 0	 0	 מַתְאִים
איבר	 0	 0	 0	 0	 0	 0	 0	 0	 0	 0	 סְתַגלָנוּת
אורגני	 0	 1	 0	 0	 0	 0	 1	 0	 0	 0	 הִזדַמְנוּת
אורגניזמ	 0	 0	 0	 0	 0	 1	 0	 0	 0	 0	 לְהִתְנַגֵד
נגנ עוגב	 1	 0	 0	 1	 0	 1	 0	 0	 0	 0	 בניגוד
ארגונ	 0	 0	 0	 0	 0	 0	 0	 0	 0	 0	 מתנגדים
ארגנ	 0	 0	 0	 0	 0	 0	 0	 0	 0	 0	 מול
אורגנ	 0	 0	 0	 0	 0	 0	 0	 0	 0	 0	 הפכים
אורגזמה	 1	 0	 0	 0	 0	 1	 0	 0	 0	 0	 הִתנַגְדוּת
אורגיות	 1	 0	 1	 1	 0	 1	 0	 1	 0	 0	 לְדַכֵּא
זרח	 1	 0	 1	 1	 0	 1	 0	 1	 0	 0	 עוֹשֶׁק
זרחי	 1	 0	 1	 1	 0	 1	 0	 1	 0	 0	 מֵעִיק
נטייה	 1	 0	 0	 1	 0	 1	 0	 1	 0	 0	 מְדַכֵּא
פתח	 0	 0	 0	 0	 0	 0	 0	 0	 0	 0	 אופטי
קור	 0	 0	 0	 0	 0	 0	 0	 0	 0	 0	 אוֹפּטִי
קוריות	 0	 0	 0	 0	 0	 0	 0	 0	 0	 0	 אוֹפְּטִיקָה
נבוע	 0	 1	 0	 0	 1	 0	 1	 0	 1	 1	 אוֹפּטִימִיוּת
קור	 0	 0	 0	 0	 0	 0	 1	 0	 0	 1	 אוֹפְּטִימִיסְט
יוזמ	 0	 0	 0	 0	 0	 0	 1	 0	 0	 0	 אוֹפְּצִיָה
קישוט	 0	 0	 0	 0	 0	 0	 1	 0	 0	 0	 אופציונאלי
נוי	 0	 0	 0	 0	 0	 0	 0	 0	 0	 0	 באופן אופציונלי
קישוט	 0	 0	 0	 0	 0	 0	 0	 0	 0	 0	 אפשרויות
עוטר	 0	 0	 0	 0	 0	 0	 0	 0	 0	 0	 אופטומטריסט
קושט	 0	 0	 0	 0	 0	 0	 0	 0	 0	 0	 עוֹשֶׁר
יתומ	 0	 0	 0	 0	 0	 0	 0	 0	 0	 0	 עָשִׁיר
אורתודוקסי	 0	 0	 0	 0	 0	 0	 0	 0	 0	 0	 אוֹפּוּס
אורתודוקסיה	 0	 1	 0	 0	 0	 0	 1	 0	 0	 1	 נבואה
אונכ	 0	 0	 0	 0	 0	 0	 0	 0	 0	 0	 אוראלי
תנדנד	 0	 0	 0	 0	 0	 0	 0	 0	 0	 0	 תפוז
נדנוד	 0	 0	 0	 0	 0	 0	 1	 0	 0	 0	 נְאוּם
תנודה	 0	 0	 0	 0	 0	 0	 0	 0	 0	 0	 נוֹאֵם
תנודד	 0	 0	 0	 0	 0	 0	 0	 0	 0	 0	 דַבְּרָנוּת
אורה	 0	 0	 0	 0	 0	 0	 0	 0	 0	 0	 גַלגַל הָעַיִן
אורה	 0	 0	 0	 0	 0	 0	 0	 0	 0	 0	 מַסלוּל
יענ	 0	 0	 0	 0	 0	 0	 0	 0	 0	 0	 במסלול
אוטו	 0	 0	 0	 0	 0	 0	 0	 0	 0	 0	 כדורים
דרגש	 1	 0	 1	 1	 0	 1	 0	 0	 0	 0	 אורק
אונקיה	 0	 0	 0	 0	 0	 0	 0	 0	 0	 0	 פַּרדֵס
גרש	 1	 0	 0	 0	 1	 0	 1	 1	 0	 1	 תִזמוֹרֶת
תפרצות	 0	 0	 0	 0	 0	 0	 1	 0	 0	 1	 מוּסמָך
תפרצות	 1	 0	 0	 0	 0	 1	 0	 0	 1	 0	 מִבְחָן
נודה	 0	 0	 0	 0	 0	 0	 0	 0	 0	 0	 להזמין
תוצאה	 0	 0	 0	 0	 0	 0	 1	 0	 0	 0	 מְסוּדָר
זעקה	 0	 0	 0	 0	 0	 0	 0	 0	 0	 1	 פְּקוּדָה
עלות על	 0	 0	 0	 0	 0	 0	 0	 0	 0	 0	 רגיל
חוצ	 0	 1	 0	 0	 1	 0	 1	 0	 0	 1	 הַסמָכָה
תלבושת	 0	 0	 0	 1	 0	 1	 0	 0	 0	 0	 תוֹתָחִים
גמל	 0	 0	 0	 0	 0	 0	 0	 0	 0	 0	 בֶּצֶר
פועל יוצא	 0	 0	 0	 0	 0	 0	 0	 0	 0	 0	 אורגנו
ית כסא	 0	 1	 0	 0	 1	 0	 0	 0	 0	 0	 אֵיבָר
טיול	 0	 0	 0	 0	 0	 0	 1	 0	 0	 0	 אורגני
תמהוני	 0	 0	 0	 0	 0	 0	 0	 0	 0	 0	 אורגניזם
חיות יותר	 0	 0	 0	 0	 0	 0	 0	 0	 0	 0	 נַגַן עוּגָב
נודה	 0	 1	 0	 0	 1	 0	 1	 0	 1	 1	 אִרגוּן
צא	 0	 0	 0	 0	 0	 0	 1	 0	 0	 0	 לְאַרגֵן
תווה	 0	 0	 0	 0	 0	 0	 1	 0	 0	 0	 מְאוּרגָן
קווי מתאר	 0	 1	 0	 0	 1	 0	 1	 0	 0	 0	 אוֹרגַזמָה
קפה	 0	 0	 0	 0	 0	 0	 0	 0	 0	 0	 אורגיות
חוצ	 0	 0	 0	 0	 0	 0	 0	 0	 0	 0	 מִזְרָח
ספר גדול יותר	 0	 0	 0	 0	 0	 0	 0	 0	 0	 0	 מִזְרָחִי
אחז	 0	 0	 0	 0	 0	 0	 0	 0	 0	 0	 נטייה
תפכות	 0	 0	 0	 0	 0	 0	 0	 0	 0	 0	 פֶּתַח
תפוקה	 0	 0	 0	 0	 0	 0	 0	 0	 0	 0	 מָקוֹר
ערוריה	 0	 0	 0	 0	 0	 0	 1	 0	 1	 0	 מְקוֹרִיוּת
זעזע	 0	 0	 0	 0	 0	 0	 0	 0	 0	 0	 לִנְבּוּעַ
חלט	 0	 0	 0	 0	 0	 0	 0	 0	 0	 0	 מקור
יג בריצה	 0	 0	 0	 0	 0	 0	 0	 0	 0	 0	 יוֹזֵם
ראשית	 0	 0	 0	 0	 0	 0	 0	 0	 0	 0	 קישוט
זר	 0	 0	 0	 0	 0	 0	 0	 0	 0	 0	 נוי
פרבר	 0	 0	 0	 0	 0	 0	 0	 0	 0	 0	 קישוט
גלוי לב	 0	 0	 0	 0	 0	 0	 1	 0	 0	 0	 מְעוּטָר
יוצא מנ הכלל	 0	 0	 0	 0	 0	 0	 1	 0	 0	 0	 מְקוּשָׁט
פרוש	 0	 0	 0	 1	 0	 1	 0	 1	 0	 0	 יָתוֹם
חוצה	 0	 0	 0	 0	 0	 0	 0	 0	 0	 0	 אוֹרתוֹדוֹקסִי
פי חוצ	 0	 0	 0	 0	 0	 0	 0	 0	 0	 1	 אוֹרתוֹדוֹקסִיָה
ריע	 0	 0	 0	 0	 0	 0	 0	 0	 0	 0	 מְאוּנָך
סגלגל	 0	 0	 0	 0	 0	 0	 0	 0	 0	 0	 לְהִתְנַדְנֵד
חלה	 0	 0	 0	 0	 0	 0	 0	 0	 0	 0	 נִדנוּד
יצימ	 0	 0	 0	 0	 0	 0	 0	 0	 0	 0	 תְנוּדָה
אובציה	 0	 0	 0	 0	 0	 0	 0	 0	 0	 0	 מתנודד
תנור	 0	 0	 0	 0	 0	 0	 0	 0	 0	 0	 לכאורה
סרבל	 0	 0	 0	 0	 0	 1	 0	 0	 0	 0	 לִכאוֹרָה
חצנ	 0	 0	 0	 0	 0	 0	 0	 0	 0	 0	 יען
עומס יתר	 0	 0	 0	 0	 0	 0	 0	 0	 0	 0	 אוטו
עוננ	 0	 0	 0	 0	 0	 0	 0	 0	 0	 0	 דַרגָשׁ
טעונ יתר על המידה	 0	 0	 0	 0	 0	 0	 0	 0	 0	 0	 אוּנְקִיָה
אדרת	 1	 0	 0	 0	 0	 1	 0	 1	 0	 0	 לְגַרֵשׁ
גזימ	 0	 0	 0	 0	 0	 0	 0	 0	 0	 0	 התפרצות
נת יתר	 1	 0	 0	 1	 1	 1	 1	 1	 1	 0	 הִתפָּרְצוּת
איחור	 0	 0	 1	 1	 0	 1	 0	 1	 0	 0	 מְנוּדֶה
ערכת יתר	 0	 0	 0	 0	 0	 0	 1	 0	 0	 0	 תוֹצָאָה
ערכ יתר על המידה	 1	 0	 0	 1	 0	 1	 0	 0	 1	 0	 זְעָקָה
צפה	 0	 1	 0	 0	 0	 0	 1	 0	 0	 0	 לַעֲלוֹת עַל
רוצ	 0	 0	 0	 0	 0	 0	 0	 0	 0	 0	 בָּחוּץ
גודל	 0	 0	 0	 0	 0	 0	 0	 0	 0	 0	 תִלְבּוֹשֶׁת
גידול יתר	 0	 0	 0	 0	 0	 0	 0	 0	 0	 0	 לְהֵגָמֵל
תלויימ	 0	 0	 0	 0	 0	 0	 0	 0	 0	 0	 פועל יוצא
פצ	 0	 0	 1	 0	 0	 1	 0	 0	 0	 0	 בֵּית כִּסֵא
על	 0	 0	 0	 0	 0	 0	 0	 0	 0	 0	 טִיוּל
אושר יתר על המידה	 0	 0	 0	 0	 0	 1	 0	 0	 0	 0	 תִמהוֹנִי
עולפ	 0	 0	 0	 0	 0	 0	 0	 0	 0	 0	 לִחיוֹת יוֹתֵר
חפיפה	 0	 0	 0	 0	 0	 1	 0	 0	 0	 0	 מנודה
יסוי	 0	 0	 0	 0	 0	 0	 0	 0	 0	 0	 מוֹצָא
עמיס יותר מדי	 0	 0	 0	 0	 0	 0	 0	 0	 0	 0	 מתווה
 יתר על המידה	 0	 0	 0	 0	 0	 0	 0	 0	 0	 0	 קווי מתאר
תשלומ יתר	 0	 0	 0	 0	 0	 0	 0	 0	 0	 0	 הַשׁקָפָה
צומת עילי	 0	 0	 0	 0	 0	 0	 0	 0	 0	 0	 בחוץ
ניע	 0	 0	 0	 0	 0	 0	 0	 0	 0	 0	 מספר גדול יותר
ממ	 0	 0	 0	 1	 0	 0	 0	 0	 0	 0	 מאחז
חיר מופקע	 0	 0	 0	 0	 0	 0	 0	 0	 0	 0	 הִשׁתַפְּכוּת
עקופ	 0	 0	 0	 0	 0	 0	 0	 0	 0	 0	 תְפוּקָה
ריע	 1	 0	 1	 0	 0	 1	 0	 0	 0	 0	 שַׁעֲרוּרִיָה
גיח	 0	 0	 0	 0	 0	 0	 0	 0	 1	 0	 מְזַעזֵעַ
אפיל	 0	 0	 0	 0	 0	 0	 0	 0	 0	 0	 מוּחלָט
חדל	 0	 0	 0	 0	 0	 0	 0	 0	 0	 0	 לְהַשִׂיג בְּרִיצָה
פריז	 0	 0	 0	 0	 0	 0	 0	 0	 0	 0	 רֵאשִׁית
אי יתר	 0	 0	 0	 1	 0	 0	 0	 0	 0	 0	 זָר
גלוי	 0	 0	 0	 0	 0	 0	 0	 0	 0	 0	 פַּרבָּר
עקופ	 0	 0	 0	 0	 0	 0	 0	 0	 0	 0	 גָלוּי לֵב
עקפו	 0	 0	 0	 0	 1	 1	 1	 0	 0	 0	 יוצא מן הכלל
פיל	 0	 0	 0	 0	 0	 0	 0	 0	 0	 0	 פרוש
פתיחה	 0	 0	 0	 0	 0	 0	 1	 0	 0	 0	 הַחוּצָה
פיל	 0	 0	 0	 0	 0	 0	 0	 0	 0	 0	 כלפי חוץ
ציפ	 0	 0	 0	 0	 0	 0	 0	 0	 0	 0	 לְהַכרִיעַ
ומ	 0	 0	 0	 0	 0	 0	 0	 0	 0	 0	 סְגַלגַל
ריע	 0	 0	 0	 0	 0	 0	 0	 0	 0	 0	 שַׁחֲלָה
ט יתר	 0	 0	 0	 0	 0	 0	 0	 0	 0	 0	 ביצים
חייב	 0	 0	 0	 0	 0	 1	 0	 1	 0	 0	 אוֹבָצִיָה
של	 0	 0	 0	 0	 0	 0	 0	 0	 0	 0	 תנור
עלימ	 0	 0	 0	 0	 0	 0	 0	 0	 0	 0	 סרבל
עלות	 1	 0	 0	 0	 0	 1	 0	 0	 0	 0	 שַׁחְצָן
ור	 0	 0	 0	 0	 0	 1	 0	 0	 0	 0	 עומס יתר
חמצונ	 0	 0	 0	 0	 0	 1	 0	 0	 0	 0	 מְעוּנָן
חמצנ	 0	 0	 0	 0	 0	 0	 0	 0	 0	 0	 טעון יתר על המידה
דבר והיפוכו	 0	 0	 0	 0	 0	 0	 0	 0	 0	 0	 אַדֶרֶת
צדפה	 0	 0	 0	 0	 0	 1	 0	 0	 0	 0	 לְהַגזִים
פסוע	 0	 0	 0	 0	 0	 1	 0	 0	 0	 0	 מנת יתר
אוקיינוס השקט	 0	 1	 0	 0	 0	 1	 0	 1	 1	 0	 באיחור
רגיע	 0	 0	 0	 0	 0	 0	 0	 0	 1	 0	 הערכת יתר
חבילה	 0	 0	 0	 0	 0	 1	 0	 0	 0	 0	 מוערך יתר על המידה
חבילה	 0	 0	 0	 0	 0	 1	 0	 0	 0	 0	 הצפה
אורז	 0	 0	 0	 0	 0	 0	 0	 0	 0	 0	 בֵּרוֹץ
חבילה	 0	 0	 0	 0	 0	 1	 0	 0	 0	 0	 מגודל
רית	 0	 0	 0	 0	 0	 0	 0	 0	 0	 0	 גידול יתר
רית	 0	 0	 0	 0	 0	 0	 0	 0	 0	 0	 תלויים
ריפוד	 0	 0	 0	 0	 0	 0	 0	 0	 0	 0	 לְשַׁפֵּץ
וט	 0	 0	 0	 0	 0	 0	 0	 0	 0	 0	 מעל
דיר	 0	 0	 0	 0	 1	 0	 1	 0	 0	 0	 מאושר יתר על המידה
אורז	 0	 0	 0	 0	 0	 0	 0	 0	 0	 0	 מְעוּלָף
נעול	 0	 0	 0	 0	 0	 0	 0	 0	 0	 0	 חֲפִיפָה
מר	 0	 0	 0	 0	 0	 0	 0	 0	 0	 0	 כיסוי
עובד אלילימ	 0	 0	 0	 0	 0	 1	 0	 1	 0	 0	 להעמיס יותר מדי
עבודת אלילימ	 0	 0	 0	 0	 0	 0	 0	 0	 0	 0	 שוכב יתר על המידה
עמוד	 0	 0	 0	 0	 0	 1	 0	 0	 0	 0	 בתשלום יתר
תחרות	 0	 0	 0	 0	 0	 0	 0	 0	 0	 0	 צוֹמֶת עִילִי
דפופ	 0	 0	 0	 0	 0	 1	 0	 0	 0	 0	 לְהַכנִיעַ
פגודה	 1	 0	 0	 1	 0	 1	 0	 0	 0	 0	 מְהַמֵם
דלי	 1	 0	 1	 0	 0	 1	 0	 1	 0	 0	 במחיר מופקע
אב	 0	 0	 0	 0	 0	 0	 0	 0	 0	 0	 לעקוף
אב	 0	 0	 0	 0	 0	 0	 0	 0	 0	 0	 להכריע
אב	 0	 0	 0	 0	 0	 0	 0	 0	 0	 0	 מַשׁגִיחַ
אב	 0	 0	 0	 0	 0	 0	 0	 0	 0	 0	 לְהַאֲפִּיל
א כאבימ	 0	 0	 0	 0	 0	 1	 0	 0	 0	 0	 מֶחדָל
אמצימ	 0	 0	 0	 0	 0	 0	 0	 0	 0	 0	 לְהַפְרִיז
קפיד	 0	 0	 0	 0	 0	 0	 0	 0	 0	 0	 מלאי יתר
צבע	 0	 0	 0	 1	 0	 0	 0	 0	 0	 0	 גָלוּי
צבוע	 0	 0	 0	 0	 0	 0	 0	 0	 0	 0	 לַעֲקוֹף
צייר	 0	 0	 0	 0	 0	 0	 0	 0	 0	 0	 עקפו
ציור	 0	 1	 0	 1	 0	 1	 0	 0	 0	 0	 לְהַפִּיל
זוג	 0	 1	 0	 0	 0	 0	 0	 0	 0	 0	 פְּתִיחָה
פיגמה	 0	 0	 0	 0	 0	 1	 0	 0	 0	 0	 לְהַפִּיל
ידיד	 0	 0	 0	 0	 0	 1	 0	 0	 0	 0	 לְהַצִיף
ארמונ	 0	 0	 0	 0	 0	 1	 0	 1	 0	 0	 המום
טעימ	 0	 0	 0	 0	 0	 0	 1	 0	 0	 0	 מַכרִיעַ
חכ	 0	 0	 0	 0	 0	 0	 0	 0	 0	 0	 להט יתר
פלאונטולוגיה	 0	 0	 0	 0	 0	 0	 0	 0	 0	 0	 חייב
ח הצבעימ	 1	 1	 1	 1	 0	 1	 0	 1	 0	 1	 בשל
עיפ	 0	 0	 0	 0	 0	 0	 0	 0	 0	 0	 בעלים
פלדיומ	 0	 0	 0	 0	 0	 0	 1	 0	 0	 0	 בַּעֲלוּת
טח	 0	 0	 0	 0	 0	 0	 0	 0	 0	 0	 שׁוֹר
קל	 0	 0	 0	 0	 0	 1	 0	 0	 0	 0	 חִמצוּן
פ היד	 0	 0	 0	 0	 0	 0	 0	 0	 0	 0	 חַמצָן
פאלמר	 0	 0	 0	 0	 0	 0	 0	 0	 0	 0	 דבר והיפוכו
שי	 0	 0	 0	 0	 0	 0	 0	 0	 0	 0	 צִדפָּה
תוק	 0	 0	 0	 0	 0	 0	 0	 0	 0	 0	 לִפְסוֹעַ
פעוט	 0	 0	 0	 0	 0	 0	 1	 0	 0	 0	 האוקיינוס השקט
פנק	 0	 0	 0	 0	 0	 0	 0	 0	 0	 0	 לְהַרְגִיעַ
קונטרס	 0	 0	 0	 0	 0	 0	 0	 0	 0	 0	 חבילה
חבת	 0	 0	 0	 0	 0	 0	 0	 0	 0	 0	 חֲבִילָה
תרופה לכול	 0	 0	 0	 0	 0	 0	 0	 0	 0	 0	 אוֹרֵז
פאנשה	 0	 0	 0	 0	 0	 0	 0	 0	 0	 0	 חֲבִילָה
פנקייק	 0	 0	 0	 0	 0	 0	 0	 0	 0	 1	 בְּרִית
גפה	 0	 0	 0	 0	 0	 0	 1	 0	 0	 0	 כָּרִית
וח	 0	 0	 0	 0	 0	 0	 1	 0	 0	 0	 ריפוד
אב פתאומי	 0	 1	 0	 0	 0	 0	 1	 0	 0	 0	 מָשׁוֹט
לה	 0	 0	 0	 0	 0	 0	 0	 0	 0	 0	 דִיר
פאנייר	 0	 0	 0	 0	 0	 0	 0	 0	 0	 0	 אורז
פנורמה	 0	 0	 0	 0	 0	 0	 0	 0	 0	 0	 מַנְעוּל
פנורמי	 0	 0	 0	 0	 0	 0	 0	 0	 0	 0	 כּוֹמֶר
תנשפ	 0	 0	 0	 0	 0	 0	 0	 0	 0	 0	 עוֹבֵד אֵלִילִים
פנתיאונ	 0	 0	 0	 0	 0	 0	 0	 0	 0	 0	 עֲבוֹדַת אֵלִילִים
פנתר	 0	 0	 0	 0	 0	 0	 0	 0	 0	 0	 עמוד
תחתונימ	 0	 0	 0	 0	 0	 0	 0	 0	 0	 0	 תחרות
פנטומימה	 0	 0	 0	 0	 0	 0	 0	 0	 0	 0	 דִפּוּף
זוה	 0	 0	 0	 0	 0	 0	 0	 0	 0	 0	 פָּגוֹדָה
נסיימ	 0	 0	 0	 0	 0	 0	 0	 0	 0	 0	 דְלִי
רסק	 0	 0	 0	 1	 0	 1	 0	 1	 0	 0	 כְּאֵב
אפיפיורות	 0	 0	 0	 1	 0	 1	 0	 1	 0	 0	 כואב
אפיפיורי	 1	 0	 1	 1	 0	 1	 0	 1	 0	 0	 כּוֹאֵב
עיתונ	 0	 0	 0	 0	 0	 1	 0	 1	 0	 0	 בכאב
פפריקה	 0	 0	 0	 0	 0	 0	 0	 0	 0	 0	 ללא כאבים
פפירוס	 0	 0	 0	 0	 0	 1	 0	 0	 0	 0	 מַאֲמָצִים
נקוב	 0	 0	 0	 0	 0	 0	 0	 0	 0	 0	 מַקפִּיד
של	 0	 0	 0	 0	 0	 0	 0	 0	 0	 0	 צֶבַע
פרבולה	 0	 0	 0	 0	 0	 0	 0	 0	 0	 0	 צָבוּעַ
פרבולי	 0	 0	 0	 0	 0	 0	 0	 0	 0	 0	 צייר
צנח	 0	 0	 0	 0	 0	 0	 0	 0	 0	 0	 צִיוּר
צעד	 0	 0	 0	 0	 0	 0	 0	 0	 0	 0	 זוג
פרדיגמה	 0	 0	 0	 0	 0	 0	 0	 0	 0	 0	 פִּיגָ'מָה
פרדוקס	 0	 0	 0	 0	 0	 0	 0	 0	 0	 0	 יָדִיד
פרדוקסלי	 0	 0	 0	 0	 0	 0	 0	 0	 0	 0	 אַרְמוֹן
פרפינ	 0	 0	 0	 0	 0	 0	 1	 0	 0	 0	 טָעִים
דוגמה ומופת	 0	 0	 0	 0	 0	 0	 0	 0	 0	 0	 חֵך
פסקה	 0	 0	 0	 0	 0	 0	 0	 0	 0	 0	 פָּלֵאוֹנטוֹלוֹגִיָה
פרלקסה	 0	 0	 0	 0	 0	 0	 0	 0	 0	 0	 לוּחַ הַצְבָעִים
קביל	 0	 0	 0	 0	 0	 0	 0	 0	 0	 0	 לְעַיֵף
קבילות	 0	 0	 0	 0	 0	 0	 0	 0	 0	 0	 פלדיום
יתוק	 0	 0	 0	 0	 0	 0	 0	 0	 0	 0	 משטח
עליונה	 0	 0	 0	 0	 0	 0	 1	 0	 0	 0	 מֵקֵל
פרנויה	 0	 0	 0	 0	 0	 0	 0	 0	 0	 0	 כַּף הַיָד
עקה	 0	 0	 0	 0	 0	 0	 0	 0	 0	 0	 פאלמר
אביזרימ	 0	 0	 0	 0	 0	 0	 0	 0	 1	 0	 מַמָשִׁי
תב	 0	 0	 1	 1	 0	 1	 0	 1	 0	 0	 שִׁתוּק
טפיל	 0	 0	 0	 0	 0	 0	 0	 0	 0	 0	 פָּעוּט
יה	 0	 0	 0	 0	 0	 0	 0	 0	 0	 0	 לְפַנֵק
חבילה	 0	 0	 0	 0	 0	 0	 0	 0	 0	 0	 קוּנטרֵס
חבילות	 0	 0	 0	 0	 0	 0	 0	 0	 0	 0	 מחבת
קלפ	 0	 0	 0	 0	 0	 0	 1	 0	 0	 0	 תְרוּפָה לָכוֹל
חנינה	 0	 0	 0	 0	 0	 0	 1	 0	 0	 0	 פאנשה
קלפ	 0	 0	 0	 0	 0	 0	 0	 0	 0	 0	 פָנקֵייק
פרנכימה	 0	 0	 0	 1	 0	 1	 0	 1	 0	 0	 מגפה
רה	 0	 0	 0	 0	 0	 0	 0	 0	 0	 0	 לוּחַ
רות	 0	 0	 0	 0	 0	 1	 0	 0	 1	 0	 כְּאֵב פִּתאוֹמִי
 ההורימ	 0	 0	 0	 1	 0	 1	 0	 0	 0	 0	 בהלה
אמר מוסגר	 0	 0	 0	 0	 0	 0	 1	 0	 0	 0	 פאנייר
סגר	 0	 0	 0	 0	 0	 0	 0	 0	 0	 0	 פָּנוֹרָמָה
קדקדי	 0	 0	 0	 0	 0	 0	 0	 0	 0	 0	 פנורמי
חיתוכ	 0	 0	 0	 0	 0	 0	 0	 0	 0	 0	 להתנשף
קהילה	 0	 0	 0	 0	 0	 0	 0	 0	 0	 0	 פנתיאון
וי	 0	 0	 0	 0	 0	 0	 0	 0	 0	 0	 פַּנתֵר
פארק	 0	 0	 0	 0	 0	 0	 0	 0	 0	 0	 תחתונים
אפנ הדבור	 0	 0	 0	 0	 0	 0	 0	 0	 0	 0	 פָּנטוֹמִימָה
פרלמנט	 0	 0	 0	 0	 0	 0	 0	 0	 0	 0	 מְזָוֶה
פרלמנטרי	 0	 0	 0	 0	 0	 0	 0	 0	 0	 0	 מִכְנָסַיִים
טרקלינ	 0	 0	 0	 0	 0	 0	 0	 0	 0	 0	 רֶסֶק
חרור על תנאי	 0	 0	 0	 0	 0	 0	 0	 0	 0	 0	 אַפִּיפיוֹרוּת
פרקט	 0	 0	 0	 0	 0	 0	 0	 0	 0	 0	 אַפִּיפיוֹרִי
תוכי	 0	 0	 0	 0	 0	 0	 0	 0	 0	 0	 עיתון
דופ	 0	 0	 0	 0	 0	 0	 1	 0	 0	 0	 פפריקה
נתח	 0	 0	 0	 0	 0	 0	 0	 0	 0	 0	 פַּפִּירוּס
קמצני	 0	 0	 0	 0	 0	 0	 0	 0	 0	 0	 נָקוּב
קמצנות	 0	 0	 0	 0	 0	 0	 0	 0	 0	 0	 מָשָׁל
פטרוזיליה	 0	 0	 0	 0	 0	 0	 0	 0	 0	 0	 פָּרַבּוֹלָה
מר	 0	 0	 0	 0	 0	 0	 0	 0	 0	 0	 פרבולי
חלק	 0	 0	 0	 1	 0	 0	 0	 0	 0	 0	 מַצנֵחַ
יטול חלק	 0	 1	 0	 1	 1	 1	 1	 0	 1	 0	 מִצעָד
א פנימ	 0	 0	 0	 0	 0	 0	 0	 0	 0	 0	 פרדיגמה
חלקית	 0	 0	 0	 0	 0	 0	 0	 0	 0	 0	 פָּרָדוֹקס
תתפ	 0	 0	 0	 0	 0	 0	 0	 0	 0	 0	 פָּרָדוֹקסָלִי
תתפות	 0	 0	 0	 0	 0	 0	 0	 0	 0	 0	 פָּרָפִין
חלקיק	 0	 1	 0	 0	 1	 0	 1	 0	 0	 1	 דוּגמָה וְמוֹפֵת
יוחדות	 0	 0	 0	 0	 0	 0	 0	 0	 0	 0	 פסקה
פרטימ	 0	 0	 0	 0	 0	 0	 0	 0	 0	 0	 פרלקסה
פרידה	 0	 0	 0	 0	 0	 0	 0	 0	 0	 0	 מַקְבִּיל
פרטיזנ	 0	 0	 0	 0	 0	 0	 0	 0	 0	 0	 מַקבִּילוּת
פלגתיות	 1	 1	 0	 1	 0	 1	 0	 1	 0	 0	 שיתוק
חלוקה	 0	 0	 0	 0	 0	 0	 1	 0	 0	 0	 עליונה
חלקית	 0	 0	 0	 1	 0	 1	 0	 0	 0	 0	 פָּרָנוֹיָה
ת זוג	 0	 0	 0	 0	 0	 0	 0	 0	 0	 0	 מַעֲקֶה
תפות	 0	 0	 0	 0	 0	 0	 0	 0	 0	 0	 אביזרים
חלקימ	 0	 0	 0	 0	 0	 1	 1	 0	 0	 0	 לשכתב
פלגה	 0	 0	 1	 1	 0	 1	 0	 0	 0	 0	 טַפִּיל
עבור	 0	 0	 0	 0	 0	 0	 0	 0	 0	 0	 שִׁמשִׁיָה
עביר	 0	 0	 0	 0	 0	 0	 0	 0	 0	 0	 חֲבִילָה
עבר	 0	 0	 0	 0	 0	 0	 0	 0	 0	 0	 חבילות
סדרונ	 0	 0	 0	 0	 0	 0	 0	 0	 0	 0	 קְלָף
יושנ	 0	 0	 0	 0	 0	 0	 1	 0	 0	 0	 חנינה
נוסע	 1	 1	 0	 1	 0	 1	 0	 1	 0	 0	 לְקַלֵף
פסימ	 0	 0	 0	 0	 0	 0	 0	 0	 0	 0	 פרנכימה
חולפ	 0	 0	 0	 0	 0	 0	 0	 0	 0	 0	 הוֹרֶה
תשוקה	 0	 0	 0	 0	 0	 0	 1	 0	 0	 0	 הוֹרוּת
א רגש	 0	 0	 0	 0	 0	 0	 0	 0	 0	 0	 שֶׁל הַהוֹרִים
פסיבי	 0	 0	 0	 0	 0	 0	 0	 0	 0	 0	 מַאֲמָר מוּסְגָר
פסיביות	 0	 0	 0	 0	 0	 0	 0	 0	 0	 0	 מוּסגָר
דרכונ	 0	 0	 0	 0	 0	 0	 1	 0	 0	 1	 קָדקֳדִי
עבר	 0	 0	 0	 0	 0	 0	 0	 0	 0	 0	 חיתוך
דביק	 0	 0	 0	 0	 0	 0	 0	 0	 0	 1	 קהילה
פסטל	 0	 0	 0	 0	 0	 0	 0	 0	 0	 0	 שִׁוּוּי
תחביב	 0	 0	 0	 0	 0	 0	 0	 0	 0	 0	 פָּארק
מר	 0	 0	 0	 0	 0	 0	 0	 0	 0	 0	 אֹפֶן הַדִבּוּר
אפה	 0	 0	 0	 0	 0	 0	 0	 0	 0	 1	 פַּרלָמֶנט
ספוא	 0	 0	 0	 0	 0	 0	 0	 0	 0	 0	 פַּרלָמֶנטָרִי
דביק	 0	 0	 0	 0	 0	 0	 0	 0	 0	 0	 טְרַקלִין
טפיחה	 0	 1	 0	 0	 0	 0	 0	 0	 0	 0	 שחרור על תנאי
תיקונ	 0	 0	 0	 0	 0	 0	 0	 0	 0	 0	 פַּרקֶט
עשה טלאימ	 0	 0	 1	 0	 0	 1	 0	 0	 0	 0	 תוּכִּי
פאטה	 0	 0	 0	 0	 0	 0	 0	 0	 0	 0	 לַהֲדוֹף
פיקת הברכ	 0	 0	 0	 0	 0	 0	 0	 0	 0	 0	 לְנַתֵחַ
פטנט	 0	 0	 0	 0	 0	 1	 0	 0	 0	 0	 קַמצָנִי
אבהי	 0	 0	 0	 0	 0	 0	 0	 0	 0	 0	 קַמצָנוּת
אבהות	 0	 0	 0	 0	 0	 0	 0	 0	 0	 0	 פטרוזיליה
נתיב	 0	 0	 0	 0	 0	 0	 0	 0	 0	 0	 כּוֹמֶר
עורר רחמימ	 0	 0	 0	 0	 0	 0	 0	 0	 0	 0	 חֵלֶק
פתולוגיה	 0	 0	 0	 0	 0	 0	 1	 0	 0	 1	 לִיטוֹל חֵלֶק
פתוס	 0	 0	 0	 0	 0	 0	 0	 0	 0	 0	 מַשׂוֹא פָּנִים
נתיב	 0	 0	 0	 0	 0	 0	 0	 0	 0	 0	 חלקית
סבלנות	 0	 0	 0	 0	 0	 0	 0	 0	 0	 0	 לְהִשְׂתַתֵף
סבלני	 0	 0	 0	 0	 0	 0	 1	 0	 0	 0	 הִשׁתַתְפוּת
פטיו	 0	 0	 0	 0	 0	 0	 0	 0	 0	 0	 חֶלְקִיק
פטריארכ	 0	 0	 0	 0	 0	 0	 0	 0	 0	 0	 מיוחדות
פטריארכלי	 0	 0	 0	 0	 0	 0	 0	 0	 0	 0	 פרטים
נחלת אבות	 0	 0	 0	 0	 0	 0	 0	 1	 0	 0	 פְּרִידָה
פטריוט	 0	 0	 0	 0	 0	 1	 0	 0	 0	 0	 פָּרטִיזָן
פטריוטי	 0	 0	 0	 0	 0	 0	 0	 0	 0	 0	 מפלגתיות
אהבת המולדת	 0	 0	 0	 0	 0	 0	 0	 0	 0	 0	 חֲלוּקָה
פטרול	 0	 0	 0	 0	 0	 0	 0	 0	 0	 0	 חֶלקִית
פטרונ	 0	 0	 0	 0	 0	 0	 1	 0	 0	 0	 בת זוג
חסות	 0	 0	 0	 0	 0	 0	 1	 0	 0	 1	 שׁוּתָפוּת
תנשא	 0	 0	 0	 0	 0	 0	 0	 0	 0	 0	 חלקים
פטרונית	 0	 0	 0	 0	 0	 0	 0	 0	 0	 0	 מפלגה
הג	 0	 0	 0	 0	 0	 0	 0	 0	 0	 0	 pas
תבנית	 0	 0	 0	 0	 0	 0	 0	 0	 0	 0	 לַעֲבוֹר
חסור	 0	 0	 0	 0	 0	 0	 0	 0	 0	 0	 עָבִיר
עני	 0	 0	 0	 0	 0	 0	 0	 0	 0	 0	 מַעֲבָר
פסקה	 0	 0	 0	 0	 0	 0	 0	 0	 0	 0	 מִסדְרוֹן
סלול	 0	 0	 0	 0	 0	 1	 0	 0	 0	 0	 מְיוּשָׁן
דרכה	 0	 1	 0	 0	 0	 0	 0	 0	 0	 0	 נוֹסֵעַ
יתנ	 0	 0	 0	 0	 0	 0	 0	 0	 0	 0	 פסים
סלילה	 0	 0	 0	 0	 0	 0	 0	 0	 0	 0	 חוֹלֵף
רגל	 0	 1	 0	 0	 1	 0	 1	 0	 0	 1	 תשוקה
כנ	 0	 1	 0	 0	 1	 0	 1	 0	 0	 1	 מלא רגש
למ	 0	 0	 0	 0	 0	 1	 0	 0	 0	 0	 פַּסִיבִי
חזר כספי	 0	 0	 0	 0	 0	 1	 0	 0	 0	 0	 פַּסִיבִיוּת
למ	 0	 0	 0	 0	 0	 0	 0	 0	 0	 0	 דַרכּוֹן
תשלומ	 0	 0	 0	 0	 0	 0	 0	 0	 0	 0	 עבר
אפונה	 0	 0	 0	 0	 0	 0	 0	 0	 0	 0	 לְהַדבִּיק
ומ	 0	 0	 0	 0	 0	 0	 0	 0	 0	 0	 פַּסטֵל
רודפ שלומ	 0	 0	 0	 0	 0	 0	 1	 0	 0	 0	 תחביב
קט	 0	 0	 0	 0	 1	 0	 1	 0	 0	 1	 כּוֹמֶר
טוס	 0	 0	 0	 0	 1	 0	 1	 0	 0	 0	 מאפה
יא	 0	 0	 0	 0	 0	 0	 1	 0	 0	 0	 מִסְפּוֹא
גיע לשיא	 0	 0	 0	 0	 0	 0	 0	 0	 0	 0	 דָבִיק
פנינה	 0	 0	 0	 0	 0	 0	 0	 0	 0	 0	 טְפִיחָה
אכר	 0	 0	 0	 0	 0	 1	 0	 0	 0	 0	 תיקון
ול	 0	 0	 0	 0	 0	 0	 0	 0	 0	 0	 מַעֲשֵׂה טְלָאִים
צדפת	 0	 0	 0	 0	 0	 0	 0	 0	 0	 0	 פאטה
פק	 0	 0	 0	 0	 0	 0	 0	 0	 0	 0	 פִּיקַת הַבֶּרֶך
זר	 0	 0	 0	 0	 0	 0	 1	 0	 0	 0	 פָּטֶנט
זרויות	 0	 0	 0	 0	 0	 0	 0	 0	 0	 0	 אַבהִי
זרות	 0	 0	 0	 0	 0	 0	 0	 0	 0	 0	 אַבהוּת
אופנ מיוחד	 0	 0	 0	 0	 0	 0	 0	 0	 0	 0	 נָתִיב
ספי	 0	 0	 1	 0	 0	 1	 0	 1	 0	 0	 מעורר רחמים
פדל	 0	 0	 0	 0	 0	 0	 0	 0	 0	 0	 פָּתוֹלוֹגִיָה
קפדני	 0	 0	 0	 0	 0	 0	 0	 0	 0	 0	 פָּתוֹס
רכול	 0	 0	 0	 0	 0	 0	 0	 0	 0	 0	 נָתִיב
אדנ	 0	 1	 0	 0	 0	 0	 1	 0	 0	 1	 סבלנות
י רגל	 0	 1	 0	 0	 0	 0	 1	 0	 0	 0	 סבלני
רפואת ילדימ	 0	 0	 0	 0	 0	 0	 0	 0	 0	 0	 פטיו
יוחסינ	 0	 0	 0	 0	 0	 0	 0	 0	 0	 0	 פַּטרִיאַרך
ד צעדימ	 0	 0	 0	 0	 0	 0	 1	 0	 0	 1	 פַּטרִיאַרכָלִי
קלפ	 0	 0	 0	 0	 0	 0	 0	 0	 0	 0	 נַחֲלַת אָבוֹת
ציצ	 0	 0	 0	 0	 0	 0	 0	 0	 0	 0	 פַּטרִיוֹט
עמית	 0	 0	 0	 0	 0	 0	 0	 0	 0	 0	 פַּטרִיוֹטִי
ציצ	 0	 0	 0	 0	 0	 0	 0	 0	 0	 0	 אַהֲבַת הַמוֹלֶדֶת
חסרי אח ורע	 0	 0	 0	 0	 0	 0	 0	 0	 0	 1	 פַּטרוֹל
יתד	 0	 0	 0	 0	 0	 0	 1	 0	 0	 1	 פַּטרוֹן
יתדות	 0	 0	 0	 0	 0	 0	 1	 0	 0	 1	 חָסוּת
פלגי	 0	 0	 0	 0	 0	 0	 0	 0	 0	 0	 להתנשא
גלולה	 0	 0	 0	 0	 0	 1	 0	 0	 0	 0	 פטרונית
עט	 1	 0	 0	 0	 0	 1	 0	 0	 0	 0	 לַהַג
פלילי	 0	 0	 0	 0	 0	 0	 0	 0	 0	 0	 תבנית
עונש	 1	 0	 1	 0	 0	 1	 0	 1	 0	 0	 מַחְסוֹר
תשובה	 0	 0	 0	 0	 0	 1	 0	 1	 0	 0	 עָנִי
נטיה	 0	 0	 0	 0	 0	 0	 0	 0	 0	 0	 הַפסָקָה
עפרונ	 0	 0	 0	 0	 0	 0	 0	 0	 0	 0	 לִסְלוֹל
תליונ	 0	 0	 0	 0	 0	 0	 0	 0	 0	 1	 מִדרָכָה
תלות	 0	 0	 0	 0	 0	 0	 0	 0	 0	 0	 בִּיתָן
תלוי	 0	 0	 0	 0	 0	 0	 0	 0	 0	 0	 סְלִילָה
תינ ל	 0	 0	 0	 0	 0	 0	 0	 0	 0	 0	 רֶגֶל
טוטלת	 0	 0	 0	 0	 0	 1	 0	 0	 0	 1	 לְמַשְׁכֵּן
חדור	 0	 0	 0	 0	 0	 0	 0	 0	 0	 0	 pax
חודר	 0	 1	 0	 0	 1	 0	 1	 0	 0	 1	 לְשַׁלֵם
חדירה	 1	 0	 0	 0	 0	 1	 0	 0	 0	 0	 החזר כספי
חצי אי	 0	 0	 0	 0	 0	 0	 0	 0	 0	 0	 משלם
לא	 0	 0	 0	 0	 0	 1	 0	 0	 0	 0	 תַשְׁלוּם
דגל	 0	 0	 0	 0	 0	 0	 0	 0	 0	 0	 אֲפוּנָה
חסר פרוטה	 0	 1	 0	 0	 1	 0	 1	 0	 0	 1	 שָׁלוֹם
פני	 0	 0	 0	 0	 0	 0	 1	 0	 0	 0	 רוֹדֵף שָׁלוֹם
פנסיה	 0	 1	 0	 0	 1	 0	 1	 0	 1	 1	 שָׁקֶט
פנסיונר	 0	 0	 0	 0	 0	 0	 1	 0	 0	 0	 טַוָס
רהר	 0	 0	 0	 0	 0	 0	 0	 0	 0	 0	 שִׂיא
חומש	 0	 0	 0	 0	 0	 0	 0	 0	 0	 0	 הגיע לשיא
פנטהאוז	 0	 0	 0	 0	 0	 0	 0	 0	 0	 0	 פְּנִינָה
פני אחרונ	 0	 0	 0	 0	 0	 0	 0	 0	 0	 0	 אִכָּר
אנשימ	 0	 0	 0	 0	 0	 0	 0	 0	 0	 0	 כָּבוּל
אוכלס	 0	 0	 0	 0	 0	 0	 0	 0	 0	 0	 צַדֶפֶת
פלפל	 0	 0	 0	 0	 0	 0	 1	 0	 0	 0	 פֵּק
פפטי	 0	 0	 0	 0	 0	 0	 0	 0	 0	 0	 מוּזָר
תפוס	 0	 0	 0	 0	 0	 1	 0	 0	 0	 0	 מוזרויות
אחוזימ	 0	 0	 0	 0	 0	 0	 1	 0	 0	 0	 מוּזָרוּת
רגש	 0	 0	 0	 0	 0	 0	 0	 0	 0	 0	 באופן מיוחד
תפיסה	 0	 0	 0	 0	 0	 0	 0	 0	 0	 0	 כַּספִּי
יר תפיסה	 0	 0	 0	 0	 0	 0	 0	 0	 0	 0	 פֵּדָל
אוקונוס	 0	 0	 0	 0	 0	 0	 0	 0	 0	 0	 קַפְּדָנִי
דרכ מקרה	 0	 0	 0	 0	 0	 0	 0	 0	 0	 0	 לִרְכּוֹל
חלחול	 0	 0	 0	 0	 0	 0	 0	 0	 0	 0	 אדן
קשה	 0	 0	 0	 0	 0	 1	 0	 0	 0	 0	 הולכי רגל
אבדונ	 0	 0	 0	 0	 0	 0	 0	 0	 0	 0	 רפואת ילדים
תקיפ	 0	 0	 0	 0	 0	 0	 1	 0	 0	 1	 יוּחֲסִין
רב שנתי	 0	 0	 0	 0	 0	 0	 0	 0	 0	 0	 מד צעדים
למ	 0	 0	 0	 0	 0	 0	 0	 0	 0	 0	 לקלף
ות	 0	 0	 0	 0	 0	 0	 0	 0	 0	 0	 לְהָצִיץ
חורר	 0	 0	 0	 0	 0	 0	 0	 0	 0	 0	 עמית
נקוב	 0	 0	 0	 0	 0	 0	 0	 0	 0	 0	 מציץ
על כרחו	 0	 0	 0	 0	 0	 0	 1	 0	 0	 0	 חסרי אח ורע
צע	 0	 0	 0	 0	 0	 0	 0	 0	 0	 0	 יָתֵד
יצועימ	 0	 0	 0	 0	 0	 0	 0	 0	 0	 0	 יתדות
חקנ	 0	 0	 0	 0	 0	 0	 0	 0	 0	 0	 פלגי
ניחוח	 0	 0	 0	 0	 0	 0	 0	 0	 0	 0	 גְלוּלָה
שמ	 0	 0	 0	 0	 0	 0	 0	 0	 0	 0	 עֵט
פרי	 0	 0	 0	 1	 0	 1	 0	 1	 0	 0	 פְּלִילִי
פרידוט	 1	 0	 0	 1	 0	 1	 0	 1	 0	 0	 עוֹנֶשׁ
סכנה	 0	 0	 0	 1	 0	 0	 0	 1	 0	 0	 תְשׁוּבָה
סוכנ	 0	 0	 0	 0	 0	 0	 1	 0	 0	 0	 נְטִיָה
יקפ	 0	 0	 0	 0	 0	 0	 0	 0	 0	 0	 עִפָּרוֹן
פרק זמנ	 0	 0	 0	 0	 0	 0	 0	 0	 0	 0	 תליון
תקופתי	 0	 0	 0	 0	 0	 0	 0	 0	 0	 0	 תלות
תקופתי	 0	 0	 0	 0	 0	 0	 0	 0	 0	 0	 תלוי
עת לעת	 0	 0	 0	 0	 0	 0	 0	 0	 0	 0	 ממתין ל
תקופתיות	 0	 0	 0	 0	 0	 0	 0	 0	 0	 0	 מְטוּטֶלֶת
פריפריה	 0	 0	 0	 0	 0	 0	 0	 0	 0	 0	 לַחדוֹר
ות	 0	 0	 0	 0	 0	 0	 0	 0	 0	 0	 חוֹדֵר
תקלקל	 1	 0	 0	 1	 0	 1	 0	 0	 0	 0	 חֲדִירָה
נספה	 0	 0	 0	 0	 0	 0	 0	 0	 0	 0	 חֲצִי אִי
נספימ	 1	 0	 0	 0	 0	 1	 0	 0	 0	 0	 כֵּלֵא
עת שקר	 0	 0	 0	 0	 0	 0	 0	 0	 0	 0	 דֶגֶל
טבה	 0	 0	 0	 0	 0	 0	 0	 0	 0	 0	 חֲסַר פְּרוּטָה
קביעות	 0	 0	 0	 0	 0	 0	 0	 0	 0	 0	 פֶּנִי
חדיר	 0	 0	 0	 0	 0	 0	 0	 0	 0	 0	 פֶּנסִיָה
פעפע	 0	 0	 0	 0	 0	 0	 0	 0	 0	 0	 פֶּנסִיוֹנֶר
חלחול	 0	 0	 0	 0	 0	 0	 0	 1	 0	 0	 מְהוּרהָר
תר	 0	 0	 0	 0	 0	 0	 0	 0	 0	 0	 מְחוּמָשׁ
רשות	 0	 0	 0	 0	 0	 0	 0	 0	 0	 0	 פֶּנטהָאוּז
תיר	 0	 0	 0	 0	 0	 0	 0	 0	 0	 0	 לִפנֵי אַחֲרוֹן
תיר	 0	 0	 0	 0	 0	 0	 0	 0	 0	 0	 אֲנָשִׁים
תר	 0	 0	 0	 0	 0	 0	 0	 0	 0	 0	 מאוכלס
תיר	 0	 0	 0	 0	 0	 0	 0	 0	 0	 0	 פלפל
תמורה	 0	 0	 0	 0	 0	 0	 0	 0	 0	 0	 פפטי
איר	 0	 0	 0	 0	 0	 0	 1	 0	 0	 1	 לִתְפּוֹס
אנכי	 0	 0	 0	 0	 0	 0	 0	 0	 0	 0	 אֲחוּזִים
צע	 0	 0	 0	 0	 0	 0	 1	 0	 0	 0	 מוּרְגָשׁ
עבריינ	 0	 0	 0	 0	 0	 0	 0	 0	 0	 0	 תפיסה
נצחי	 0	 0	 0	 0	 0	 0	 0	 0	 0	 0	 מָהִיר תְפִיסָה
נצח	 0	 0	 0	 0	 0	 0	 0	 0	 0	 0	 אוֹקוּנוֹס
נציח	 0	 0	 0	 0	 0	 0	 0	 0	 1	 0	 בְּדֶרֶך מִקְרֵה
נצחה	 0	 0	 0	 0	 0	 0	 0	 0	 0	 0	 חִלחוּל
נצחיות	 0	 0	 0	 0	 0	 0	 0	 0	 0	 0	 הַקָשָׁה
נבוכ	 1	 0	 1	 1	 0	 1	 0	 1	 0	 0	 אֲבַדוֹן
יכ	 0	 0	 0	 0	 0	 0	 0	 0	 0	 0	 תַקִיף
כה	 0	 0	 0	 0	 0	 0	 1	 0	 0	 1	 רַב שְׁנָתִי
רדופ	 0	 1	 0	 0	 1	 0	 1	 0	 0	 1	 מושלם
רדיפות	 0	 1	 0	 0	 1	 0	 1	 0	 1	 1	 שְׁלֵמוּת
תמדה	 0	 0	 0	 0	 0	 0	 0	 0	 0	 0	 מְחוֹרָר
תמיד	 0	 0	 0	 0	 0	 0	 0	 0	 0	 0	 נִקוּב
תמיד	 0	 0	 0	 0	 0	 0	 0	 0	 0	 0	 בְּעַל כָּרחוֹ
תמדה	 0	 0	 0	 0	 0	 0	 0	 0	 0	 0	 לְבַצֵעַ
תמיד	 0	 0	 0	 0	 0	 0	 0	 0	 0	 0	 ביצועים
תמשכ	 0	 0	 0	 0	 0	 0	 1	 0	 0	 0	 שַׂחְקָן
אדמ	 0	 0	 0	 0	 0	 0	 0	 0	 0	 0	 נִיחוֹחַ
נאה	 0	 0	 0	 0	 0	 0	 0	 0	 0	 0	 מְבוּשָׂם
אישיות	 0	 0	 0	 0	 0	 0	 0	 0	 1	 0	 פרי
אישי	 0	 0	 0	 0	 0	 0	 0	 0	 0	 0	 פרידוט
אנשה	 0	 1	 0	 1	 0	 1	 0	 1	 0	 0	 סַכָּנָה
ח אדמ	 0	 1	 0	 1	 0	 1	 0	 1	 0	 0	 מְסוּכָּן
אנשימ	 0	 0	 0	 0	 0	 0	 0	 0	 0	 0	 היקף
נקודת מבט	 0	 0	 0	 0	 0	 0	 0	 0	 0	 0	 פרק זמן
זעה	 0	 0	 0	 0	 0	 0	 0	 0	 0	 0	 תְקוּפָתִי
נע	 0	 0	 0	 0	 0	 0	 0	 0	 0	 0	 תְקוּפָתִי
נוע	 0	 0	 0	 0	 0	 0	 0	 0	 0	 0	 מעת לעת
נע	 0	 0	 0	 0	 0	 0	 0	 0	 0	 1	 תְקוּפָתִיוּת
חצופ	 0	 0	 0	 0	 0	 0	 0	 0	 0	 0	 פֵּרִיפֶריָה
רלוונטי	 0	 0	 0	 1	 0	 1	 0	 1	 0	 0	 לָמוּת
תזזית	 0	 0	 0	 0	 0	 1	 0	 0	 0	 0	 מִתקַלקֵל
עלת	 0	 0	 0	 0	 0	 1	 0	 1	 0	 0	 נספה
עיונ	 0	 0	 0	 1	 0	 1	 0	 1	 0	 0	 נספים
קרוא בעיונ	 0	 0	 0	 1	 0	 1	 0	 0	 1	 0	 שבועת שקר
חודר	 0	 0	 0	 0	 0	 0	 1	 0	 0	 0	 הֲטָבָה
סוטה	 0	 0	 0	 0	 0	 0	 0	 0	 0	 0	 קְבִיעוּת
סטיה	 0	 0	 0	 0	 0	 0	 0	 0	 0	 0	 חָדִיר
סוטה	 0	 0	 0	 0	 0	 0	 0	 0	 0	 0	 לְפַעֲפֵּעַ
סולפ	 0	 0	 0	 0	 0	 0	 0	 0	 0	 0	 חלחול
פסימיות	 0	 0	 0	 0	 0	 0	 0	 0	 0	 0	 מוּתָר
פסימיסט	 0	 0	 0	 0	 0	 0	 1	 0	 0	 0	 רְשׁוּת
טרדנ	 0	 0	 0	 0	 0	 0	 0	 0	 0	 0	 מַתִיר
גפה	 0	 0	 0	 0	 0	 0	 0	 0	 0	 0	 לְהַתִיר
חיית מחמד	 0	 0	 0	 0	 0	 0	 0	 0	 0	 0	 מוּתָר
עתור	 0	 0	 0	 0	 0	 0	 0	 0	 0	 0	 מַתִיר
עותר	 0	 0	 0	 0	 0	 0	 0	 0	 0	 0	 תְמוּרָה
נזינ	 1	 0	 0	 1	 0	 1	 0	 1	 0	 0	 מַמְאִיר
נפט	 0	 0	 0	 0	 0	 0	 0	 0	 0	 0	 אֲנָכִי
טיפה	 0	 0	 0	 0	 0	 0	 0	 0	 0	 0	 לְבַצֵעַ
קטנוני	 1	 0	 1	 1	 0	 1	 0	 1	 0	 0	 עבריין
שב	 0	 0	 0	 0	 0	 0	 0	 0	 0	 0	 נִצחִי
נתכ בדיל ועופרת	 0	 0	 0	 0	 0	 0	 0	 0	 0	 0	 לָנֶצַח
פלנקס	 0	 1	 0	 0	 0	 0	 0	 0	 0	 0	 לְהַנצִיחַ
דמיוני	 0	 0	 0	 0	 0	 1	 0	 0	 0	 0	 הַנצָחָה
תרופות	 0	 1	 0	 0	 0	 0	 1	 0	 0	 1	 נִצחִיוּת
רוקח	 0	 0	 0	 0	 0	 1	 0	 0	 0	 0	 נָבוֹך
פרמקולוגיה	 0	 0	 0	 0	 0	 0	 0	 0	 0	 0	 מֵבִיך
ית מרקחת	 0	 0	 0	 0	 0	 1	 0	 1	 0	 0	 מְבוּכָה
לב	 1	 0	 0	 1	 0	 1	 0	 0	 0	 0	 לִרְדוֹף
תופעה	 1	 0	 1	 1	 0	 1	 0	 1	 0	 0	 רְדִיפוּת
פילנתרופית	 0	 0	 0	 0	 0	 0	 0	 0	 0	 0	 הַתמָדָה
נדבנ	 0	 0	 0	 0	 0	 0	 0	 0	 0	 0	 להתמיד
פילנטרופיה	 0	 0	 0	 0	 0	 0	 0	 0	 0	 0	 להתמיד
פילוסופ	 0	 0	 0	 0	 0	 0	 1	 0	 0	 0	 הַתמָדָה
פילוסופית	 0	 0	 0	 0	 0	 0	 1	 0	 0	 0	 מַתְמִיד
פילוסופית	 0	 0	 0	 0	 0	 0	 0	 0	 0	 0	 מתמשך
פילוסופיה	 0	 0	 0	 0	 0	 0	 0	 0	 0	 0	 אדם
יח	 0	 0	 0	 0	 0	 0	 1	 0	 0	 0	 נָאֶה
פניקס	 0	 0	 0	 0	 0	 0	 0	 0	 0	 0	 אִישִׁיוּת
טלפונ	 0	 0	 0	 0	 0	 0	 0	 0	 0	 1	 אישי
פונטי	 0	 0	 0	 0	 0	 0	 0	 0	 0	 0	 הַאֲנָשָׁה
פונטיקה	 0	 0	 0	 0	 0	 0	 0	 0	 0	 0	 כוח אדם
פוניקה	 0	 0	 0	 0	 0	 0	 0	 0	 0	 0	 אנשים
פטיפונ	 0	 0	 0	 0	 0	 0	 0	 0	 0	 0	 נקודת מבט
פונולוגיה	 0	 0	 1	 0	 0	 0	 0	 0	 0	 0	 זֵעָה
זויפ	 0	 0	 0	 0	 0	 0	 0	 0	 0	 1	 לְשַׁכְנֵעַ
זרחנ	 0	 0	 0	 0	 0	 0	 0	 0	 0	 0	 שִׁכנוּעַ
זרחנ	 0	 0	 0	 0	 0	 0	 0	 0	 0	 0	 מְשַׁכנֵעַ
תמונה	 0	 0	 0	 0	 0	 0	 0	 0	 0	 0	 חָצוּף
פוטוגנית	 0	 0	 0	 0	 0	 0	 1	 0	 0	 1	 רלוונטי
תצלומ	 0	 0	 0	 1	 0	 1	 0	 0	 0	 0	 תְזָזִית
צלמ	 0	 0	 0	 0	 0	 1	 0	 0	 0	 0	 שעלת
צילומ	 0	 0	 0	 0	 0	 0	 0	 0	 0	 0	 עִיוּן
פוטומטריה	 0	 0	 0	 0	 0	 0	 0	 0	 0	 0	 לִקְרוֹא בְּעִיוּן
פט	 0	 0	 0	 0	 0	 0	 0	 0	 0	 0	 חודר
יצות	 1	 0	 1	 1	 0	 1	 0	 0	 0	 0	 סוֹטֶה
תולדות הגזע	 1	 0	 1	 0	 0	 1	 0	 1	 0	 0	 סְטִיָה
גופני	 1	 0	 1	 0	 0	 1	 0	 0	 0	 0	 סוטה
רופא	 0	 0	 1	 0	 0	 1	 0	 0	 0	 0	 מְסוּלָף
פיסיקאי	 1	 0	 0	 1	 0	 1	 0	 1	 0	 0	 פֶּסִימִיוּת
פיזיקה	 0	 0	 0	 1	 0	 1	 0	 1	 0	 0	 פֶּסִימִיסט
פיסיולוגיה	 1	 0	 1	 1	 0	 1	 0	 0	 0	 0	 טַרדָן
נה גופ	 0	 0	 1	 1	 0	 1	 0	 0	 0	 0	 מַגֵפָה
פסנתרנ	 0	 0	 0	 0	 0	 1	 0	 0	 0	 0	 חיית מחמד
פסנתר	 0	 0	 0	 0	 0	 0	 0	 0	 0	 0	 לַעֲתוֹר
פיאצה	 0	 0	 0	 0	 0	 0	 0	 0	 0	 0	 עוֹתֵר
פיקולו	 0	 0	 0	 0	 0	 0	 0	 0	 0	 0	 בֶּנזִין
חור	 0	 0	 1	 0	 0	 1	 1	 0	 0	 0	 נֵפט
חרו	 0	 0	 0	 0	 0	 0	 0	 0	 0	 0	 לְטִיפָה
נסאות	 0	 0	 0	 0	 0	 1	 0	 0	 0	 0	 קַטנוּנִי
עגונ	 0	 0	 0	 0	 0	 0	 0	 0	 0	 0	 מוֹשָׁב
פפונ חמוצ	 0	 0	 0	 0	 0	 0	 0	 0	 0	 0	 נֶתֶך בְּדִיל וְעוֹפֶרֶת
אסופ	 0	 0	 0	 1	 0	 0	 0	 0	 0	 1	 פלנקס
פיקניק	 0	 0	 0	 1	 0	 1	 0	 0	 0	 0	 דִמיוֹנִי
ציורי	 0	 0	 0	 0	 0	 0	 1	 0	 0	 0	 תרופות
תמונה	 0	 0	 0	 0	 0	 0	 0	 0	 0	 0	 רוֹקֵחַ
ציורי	 0	 0	 0	 0	 0	 0	 0	 0	 0	 0	 פַרמָקוֹלוֹגִיָה
פאי	 0	 0	 0	 0	 0	 0	 0	 0	 0	 0	 בֵּית מִרקַחַת
חתיכות	 0	 0	 0	 0	 0	 0	 0	 0	 0	 0	 שלב
ערמומי	 0	 0	 0	 0	 0	 0	 0	 0	 0	 0	 תופעה
זח	 0	 0	 0	 0	 0	 0	 0	 0	 0	 1	 פילנתרופית
נקב	 0	 0	 0	 0	 0	 0	 1	 0	 0	 1	 נַדבָן
אדיקות	 0	 0	 0	 0	 0	 0	 1	 0	 0	 0	 פִילָנטרוֹפִּיָה
חזיר	 0	 0	 0	 0	 0	 0	 1	 0	 0	 1	 פִילוֹסוֹף
יונה	 0	 0	 0	 0	 0	 0	 0	 0	 0	 0	 פילוסופית
פיגמנט	 0	 0	 0	 0	 0	 0	 0	 0	 0	 0	 פילוסופית
ידונ	 0	 0	 0	 0	 0	 0	 0	 0	 0	 0	 פִילוֹסוֹפִיָה
ערמה	 0	 0	 1	 0	 0	 1	 0	 0	 0	 0	 כִּיחַ
טחורימ	 0	 0	 0	 0	 0	 0	 1	 0	 0	 0	 פניקס
עולה רגל	 0	 0	 0	 0	 0	 0	 0	 0	 0	 0	 טלפון
עלייה לרגל	 0	 0	 0	 0	 0	 0	 1	 0	 0	 0	 פוֹנֵטִי
דור	 0	 0	 0	 0	 0	 0	 0	 0	 0	 0	 פוֹנֵטִיקָה
זוז	 0	 0	 0	 0	 0	 0	 0	 0	 0	 0	 פוניקה
עמוד	 0	 0	 0	 0	 0	 0	 0	 0	 0	 0	 פָּטֵיפוֹן
רית	 0	 0	 0	 0	 0	 0	 0	 0	 0	 0	 פוֹנוֹלוֹגִיָה
ציפית לכרית	 1	 0	 1	 0	 0	 1	 0	 0	 0	 0	 מְזוּיָף
טיס	 0	 0	 0	 0	 0	 0	 0	 0	 0	 0	 זַרחָן
סרסור	 0	 0	 0	 0	 0	 0	 0	 0	 0	 0	 זַרחָן
חטט	 0	 0	 0	 0	 0	 0	 0	 0	 0	 0	 תמונה
פינ	 0	 0	 0	 0	 0	 0	 0	 0	 0	 0	 פוטוגנית
קמצוצ	 0	 0	 0	 0	 0	 0	 0	 0	 0	 0	 תַצלוּם
צביטה	 0	 0	 0	 0	 0	 0	 0	 0	 0	 0	 צַלָם
אורנ	 0	 0	 0	 0	 0	 0	 0	 0	 0	 0	 צילום
אננס	 0	 0	 0	 0	 0	 0	 0	 0	 0	 0	 פוטומטריה
פינג	 0	 0	 0	 0	 0	 0	 0	 0	 0	 0	 מִשׁפָּט
חריר	 0	 0	 0	 0	 0	 0	 0	 0	 0	 0	 מְלִיצוּת
אברה	 0	 0	 0	 0	 0	 0	 0	 0	 0	 0	 תוֹלְדוֹת הַגֶזַע
רוד	 0	 0	 0	 0	 0	 0	 0	 0	 0	 0	 גוּפָנִי
יא	 0	 0	 0	 0	 0	 0	 1	 0	 0	 1	 רוֹפֵא
חלוצ	 0	 0	 0	 0	 0	 0	 0	 0	 0	 1	 פִיסִיקַאִי
אדוק	 0	 0	 0	 0	 0	 0	 1	 0	 0	 0	 פיזיקה
צפצופ	 0	 0	 0	 0	 0	 0	 1	 0	 0	 0	 פִיסִיוֹלוֹגִיָה
צינור	 0	 0	 0	 0	 0	 0	 1	 0	 0	 0	 מִבנֶה גוּף
צינור	 0	 0	 0	 0	 0	 0	 0	 0	 0	 0	 פְּסַנְתְרָן
צנרת	 0	 0	 0	 0	 0	 0	 0	 0	 0	 0	 פְּסַנְתֵר
חלילנ	 0	 0	 0	 0	 0	 0	 0	 0	 0	 0	 פיאצה
פיפטה	 0	 0	 0	 0	 0	 0	 0	 0	 0	 0	 פִּיקוֹלוֹ
טינה	 0	 0	 0	 0	 0	 0	 1	 0	 0	 0	 לִבחוֹר
פיראטיות	 0	 0	 0	 0	 0	 0	 0	 0	 0	 0	 בחרו
דד ימ	 1	 1	 0	 1	 0	 1	 0	 0	 0	 0	 כלונסאות
פיסקינה	 1	 0	 0	 0	 0	 1	 0	 0	 0	 0	 עִגוּן
אקדח	 0	 0	 0	 0	 0	 1	 0	 0	 0	 0	 מלפפון חמוץ
נה	 0	 0	 0	 0	 0	 0	 0	 0	 0	 0	 לאסוף
ור	 0	 1	 0	 0	 1	 0	 1	 0	 1	 1	 פִּיקנִיק
גובה הצליל	 0	 0	 0	 0	 0	 0	 0	 0	 0	 0	 צִיוּרִי
כד	 0	 0	 0	 0	 0	 0	 0	 0	 0	 0	 תְמוּנָה
ול	 0	 0	 0	 0	 1	 0	 1	 0	 0	 0	 צִיוּרִי
פית	 0	 0	 0	 0	 0	 0	 0	 0	 0	 0	 פַּאִי
תמציתי	 0	 0	 0	 0	 0	 0	 0	 0	 0	 0	 בחתיכות
צולק	 0	 0	 0	 0	 0	 0	 0	 0	 0	 0	 ערמומי
רחמימ	 0	 0	 0	 0	 0	 0	 0	 0	 0	 0	 מזח
ציר	 0	 0	 0	 0	 0	 0	 0	 0	 0	 0	 לְנַקֵב
פיקס	 0	 0	 0	 0	 0	 0	 1	 0	 0	 0	 אֲדִיקוּת
רזה	 0	 0	 1	 0	 0	 1	 0	 0	 0	 0	 חֲזִיר
קומ	 0	 0	 0	 0	 0	 1	 0	 0	 0	 0	 יוֹנָה
תרופת דמה	 0	 0	 0	 0	 0	 0	 0	 0	 0	 0	 פִּיגמֶנט
רוגע	 0	 0	 0	 0	 0	 0	 0	 0	 0	 0	 כִּידוֹן
יסומ	 0	 0	 0	 0	 0	 0	 0	 0	 0	 0	 עֲרֵמָה
גנבה ספרותית	 0	 0	 1	 0	 0	 1	 0	 0	 0	 0	 טְחוֹרִים
גפה	 0	 0	 0	 0	 0	 0	 0	 0	 0	 0	 עוֹלֶה רֶגֶל
אריג משובצ	 0	 0	 0	 0	 0	 0	 0	 0	 0	 0	 עלייה לרגל
ישור	 0	 0	 0	 0	 0	 0	 1	 0	 0	 1	 כַּדוּר
תובע	 1	 0	 1	 1	 0	 1	 0	 0	 0	 0	 לִבזוֹז
תלוננ	 0	 0	 0	 0	 0	 0	 0	 0	 0	 0	 עַמוּד
תכננ	 0	 0	 0	 0	 0	 0	 1	 0	 0	 0	 כרית
טוס	 0	 0	 0	 0	 0	 0	 0	 0	 0	 0	 ציפית לכרית
 לכת	 0	 0	 0	 0	 0	 0	 1	 0	 0	 1	 טַיָס
צפה כוכבימ	 0	 0	 0	 0	 0	 1	 0	 0	 0	 0	 סַרְסוּר
י לכת	 0	 0	 1	 0	 0	 1	 0	 0	 0	 0	 חָטָט
קרש	 0	 0	 0	 0	 0	 0	 0	 0	 0	 0	 פִּין
תוכננ	 0	 0	 0	 0	 0	 0	 0	 0	 0	 0	 קַמצוּץ
תכנונ	 0	 0	 0	 0	 0	 0	 0	 0	 0	 0	 צְבִיטָה
צמח	 0	 0	 0	 0	 0	 1	 0	 1	 0	 0	 אורן
טע	 0	 0	 0	 0	 0	 0	 0	 0	 0	 0	 אננס
תל	 0	 0	 0	 0	 0	 0	 0	 0	 0	 0	 פינג
תילה	 0	 0	 0	 0	 0	 0	 0	 0	 0	 0	 חריר
פלסמה	 0	 0	 0	 1	 0	 1	 0	 0	 0	 0	 אֶבְרָה
טיח	 0	 0	 0	 0	 0	 0	 0	 0	 0	 0	 וָרוֹד
פלסטיק	 0	 0	 0	 0	 0	 0	 1	 0	 0	 0	 שִׂיא
פלסטיות	 0	 0	 0	 0	 0	 0	 1	 0	 0	 0	 חָלוּץ
חלקה	 0	 0	 1	 0	 0	 0	 1	 1	 0	 1	 אָדוּק
צלחת	 0	 0	 0	 0	 0	 0	 0	 0	 0	 0	 צִפצוּף
ישור	 0	 0	 0	 0	 0	 0	 0	 0	 0	 0	 צינור
צופה	 0	 0	 0	 0	 0	 0	 0	 0	 0	 0	 צינור
פלטפורמה	 0	 0	 0	 0	 0	 0	 0	 0	 0	 0	 צנרת
ציפוי	 0	 0	 0	 0	 0	 0	 0	 0	 0	 0	 חֲלִילָן
חלקה	 0	 0	 0	 0	 0	 0	 0	 0	 0	 0	 פִּיפֵּטָה
צלחת	 1	 0	 0	 0	 0	 1	 0	 0	 0	 0	 טִינָה
סבירות	 0	 0	 0	 0	 0	 1	 0	 0	 0	 0	 פיראטיות
חק	 1	 0	 0	 0	 0	 1	 0	 0	 0	 0	 שׁוֹדֵד יָם
חקנ	 0	 0	 0	 0	 0	 0	 0	 0	 0	 0	 פיסקינה
בה	 0	 0	 0	 0	 0	 1	 0	 0	 0	 0	 אֶקְדָח
גנ שעשועימ	 0	 0	 0	 0	 0	 0	 0	 0	 0	 0	 בּוּכנָה
תאטרונ	 0	 0	 0	 0	 0	 0	 0	 0	 0	 0	 בּוֹר
חבר למשחק	 0	 0	 0	 0	 0	 0	 0	 0	 0	 0	 גובה הצליל
חזאי	 0	 0	 0	 0	 0	 0	 0	 0	 0	 0	 כַּד
פלזה	 1	 0	 1	 1	 0	 1	 0	 1	 1	 0	 מִכשׁוֹל
טענה	 0	 0	 0	 0	 0	 0	 1	 0	 0	 1	 פית
נעימ	 0	 0	 0	 0	 0	 0	 0	 0	 0	 0	 תַמצִיתִי
רוצה	 0	 0	 0	 0	 0	 0	 0	 0	 0	 0	 מְצוּלָק
נה	 0	 0	 0	 0	 0	 0	 0	 1	 0	 0	 רַחֲמִים
קפל	 0	 0	 0	 0	 0	 0	 1	 0	 0	 1	 צִיר
קפלימ	 0	 0	 0	 0	 0	 0	 0	 0	 0	 0	 פיקס
ונ	 0	 0	 0	 0	 0	 0	 0	 0	 1	 0	 כְּרָזָה
תחייבה	 0	 0	 0	 0	 0	 0	 0	 0	 0	 0	 מקום
יאה	 0	 0	 0	 0	 0	 0	 0	 0	 0	 0	 תרופת דמה
פע	 0	 0	 0	 0	 0	 0	 1	 0	 0	 0	 רוֹגַע
פע	 0	 0	 0	 0	 0	 0	 0	 0	 0	 0	 כיסום
יאה	 0	 0	 1	 0	 0	 1	 0	 0	 0	 0	 גְנֵבָה סִפרוּתִית
פע	 0	 0	 1	 1	 0	 1	 0	 1	 0	 0	 מַגֵפָה
קלעת	 0	 0	 0	 0	 0	 0	 0	 0	 0	 0	 אָרִיג מְשׁוּבַּץ
גמיש	 0	 0	 0	 0	 0	 0	 0	 0	 0	 0	 מישור
קפול	 0	 0	 0	 0	 0	 1	 0	 0	 0	 0	 תוֹבֵעַ
צבת	 0	 0	 0	 0	 0	 0	 0	 1	 0	 0	 מתלונן
צב	 0	 1	 0	 0	 0	 0	 0	 0	 0	 0	 לְתַכְנֵן
סד	 0	 0	 0	 0	 0	 0	 0	 0	 0	 0	 מָטוֹס
טטות	 0	 0	 0	 0	 0	 0	 0	 0	 0	 0	 כוכב לכת
עלילה	 0	 0	 0	 0	 0	 0	 0	 0	 0	 0	 מִצפֵּה כּוֹכָבִים
חרוש	 0	 0	 0	 0	 0	 0	 0	 0	 0	 0	 כוכבי לכת
חרוש	 0	 0	 0	 0	 0	 0	 0	 0	 0	 0	 קֶרֶשׁ
חופמי	 0	 0	 0	 0	 0	 0	 0	 0	 0	 0	 מתוכנן
חרוש	 0	 1	 0	 0	 0	 0	 1	 0	 0	 1	 תִכנוּן
חרוש	 0	 0	 0	 0	 0	 0	 0	 0	 0	 0	 צמח
חריש	 0	 0	 0	 0	 0	 0	 0	 0	 0	 0	 מַטָע
קטופ	 0	 0	 0	 0	 0	 0	 0	 0	 0	 0	 שׁוֹתֵל
תקע	 0	 0	 0	 0	 0	 0	 0	 0	 0	 0	 שְׁתִילָה
זיפ	 0	 0	 0	 0	 0	 0	 0	 0	 0	 0	 פְּלַסמָה
נוצות העופ	 0	 0	 0	 0	 0	 0	 0	 0	 0	 0	 טִיחַ
אנכ	 0	 0	 0	 0	 0	 0	 0	 0	 0	 0	 פלסטיק
נוצה	 0	 0	 0	 0	 0	 0	 0	 0	 0	 0	 פּלָסטִיוּת
טוטלת	 0	 0	 0	 0	 0	 0	 0	 0	 0	 0	 חלקה
נמנ	 0	 0	 0	 0	 0	 0	 0	 0	 0	 0	 צַלַחַת
נמנ יותר	 0	 0	 0	 0	 0	 0	 0	 0	 0	 0	 מִישׁוֹר
זיזה	 0	 0	 0	 0	 0	 1	 0	 0	 0	 0	 מְצוּפֶּה
צניחה	 0	 0	 0	 0	 0	 0	 0	 0	 0	 0	 פּלַטפוֹרמָה
רבימ	 0	 0	 0	 0	 0	 0	 0	 0	 0	 0	 ציפוי
רוב קולות	 0	 0	 0	 0	 0	 0	 0	 0	 0	 0	 מַחלָקָה
פלוסינ	 0	 0	 0	 0	 0	 0	 0	 0	 0	 0	 צַלַחַת
פלוטוניומ	 0	 0	 0	 0	 0	 0	 0	 0	 0	 0	 סבירות
רובד	 0	 0	 0	 0	 0	 0	 0	 0	 0	 0	 לְשַׂחֵק
דלקת ריאות	 0	 0	 0	 0	 0	 0	 0	 0	 0	 0	 playa
ציד	 0	 0	 0	 0	 0	 1	 0	 0	 0	 0	 שחקן
יס	 1	 0	 0	 0	 1	 0	 1	 0	 1	 1	 שובבה
יס	 0	 1	 0	 0	 1	 0	 1	 0	 1	 1	 גן שעשועים
תרמיל	 0	 0	 0	 0	 1	 0	 1	 0	 0	 0	 תֵאַטרוֹן
יר	 0	 0	 0	 0	 0	 0	 0	 0	 0	 0	 חָבֵר לְמִשְׂחָק
רר	 0	 0	 0	 0	 0	 0	 0	 0	 0	 0	 מַחֲזַאִי
פיוטי	 0	 0	 0	 0	 0	 0	 0	 0	 0	 0	 פְּלַזָה
פיוטי	 0	 1	 0	 1	 0	 1	 0	 1	 0	 0	 טַעֲנָה
פואטיקה	 0	 1	 0	 0	 1	 0	 1	 0	 1	 1	 נעים
ירה	 0	 0	 0	 0	 1	 0	 1	 0	 0	 0	 מְרוּצֶה
נוקב	 0	 0	 0	 0	 1	 0	 1	 0	 0	 0	 מְהַנֶה
נקודה	 0	 0	 0	 0	 0	 0	 0	 0	 0	 0	 קֵפֶל
צורה חדה	 0	 0	 0	 0	 0	 0	 0	 0	 0	 0	 קפלים
צביע	 0	 0	 0	 0	 1	 0	 1	 0	 0	 1	 מַשׁכּוֹן
חסר טעמ	 0	 0	 0	 0	 0	 0	 0	 0	 0	 0	 התחייבה
י משקל	 0	 0	 0	 0	 0	 0	 1	 0	 0	 0	 מליאה
רעל	 0	 0	 0	 0	 0	 0	 1	 0	 0	 0	 שׁוֹפֵעַ
רעל	 0	 0	 0	 0	 0	 0	 0	 0	 0	 0	 שפע
רעלה	 0	 0	 0	 0	 0	 0	 0	 0	 0	 0	 מְלִיאָה
רעיל	 0	 0	 0	 0	 0	 0	 0	 0	 0	 0	 שֶׁפַע
תקוע	 0	 0	 0	 0	 0	 0	 1	 0	 0	 0	 מִקלַעַת
פוקר	 0	 0	 0	 0	 0	 0	 0	 0	 0	 0	 גָמִישׁ
קוטבי	 0	 0	 0	 0	 0	 0	 0	 0	 0	 0	 קִפּוּל
קוטביות	 0	 0	 0	 0	 0	 0	 0	 0	 0	 0	 צְבָת
וט	 0	 1	 1	 1	 0	 1	 0	 1	 0	 0	 מַצָב
פולמוסי	 0	 0	 0	 0	 0	 0	 0	 0	 0	 0	 מַסָד
טרה	 0	 0	 0	 0	 0	 1	 0	 0	 0	 0	 שוטטות
טר	 0	 0	 0	 0	 0	 0	 0	 0	 0	 0	 עלילה
דיניות	 0	 0	 0	 0	 0	 0	 0	 0	 0	 0	 לחרוש
פוליו	 0	 0	 0	 0	 0	 0	 0	 0	 0	 0	 חָרוּשׁ
פולני	 0	 0	 0	 0	 0	 0	 0	 0	 0	 0	 חוֹפָמִי
טש	 0	 0	 0	 0	 0	 0	 0	 0	 0	 0	 לחרוש
נומס	 0	 0	 0	 0	 0	 0	 0	 0	 0	 0	 חָרוּשׁ
נימוס	 0	 0	 0	 0	 0	 0	 0	 0	 0	 0	 חָרִישׁ
חוכמ	 0	 0	 0	 0	 0	 0	 0	 0	 0	 0	 לִקְטוֹף
פוליטיקאי	 0	 0	 0	 0	 0	 0	 0	 0	 0	 0	 תֶקַע
פוליטיקה	 0	 0	 0	 0	 0	 0	 1	 0	 0	 0	 שזיף
טר	 0	 0	 0	 0	 0	 0	 0	 0	 0	 0	 נוֹצוֹת הָעוֹף
אל	 0	 0	 0	 0	 0	 0	 1	 0	 0	 0	 אֲנָך
זהמ	 0	 0	 0	 0	 0	 0	 0	 0	 0	 0	 נוֹצָה
זיהומ	 0	 0	 0	 1	 0	 1	 0	 0	 0	 0	 מְטוּטֶלֶת
פולו	 0	 1	 0	 0	 0	 0	 0	 0	 0	 0	 שְׁמַנמַן
פוליגמיה	 0	 0	 0	 0	 0	 0	 0	 0	 0	 0	 שמנמן יותר
צולע	 1	 0	 1	 1	 0	 1	 0	 1	 1	 0	 בְּזִיזָה
צולע	 0	 0	 0	 1	 0	 1	 0	 0	 0	 0	 צניחה
פולימר	 0	 0	 0	 0	 0	 0	 0	 0	 0	 0	 רַבִּים
רב צורתיות	 0	 0	 0	 0	 0	 0	 0	 0	 0	 0	 רוֹב קוֹלוֹת
וד	 0	 0	 0	 0	 0	 0	 1	 0	 0	 0	 פְּלוּסִין
נופח  יהיר	 0	 0	 0	 0	 0	 0	 0	 0	 0	 0	 פּלוּטוֹנִיוּם
פונצו	 0	 0	 0	 0	 0	 0	 1	 0	 0	 0	 רובד
אגמ	 0	 0	 0	 1	 0	 1	 0	 0	 0	 0	 דלקת ריאות
רהר	 1	 0	 1	 1	 0	 1	 0	 1	 0	 0	 ציד
בד	 0	 0	 0	 0	 0	 0	 0	 0	 0	 0	 כִּיס
אפיפיור	 0	 0	 0	 0	 0	 0	 0	 0	 0	 0	 כיס
נהוג בדוגמטיות	 0	 0	 0	 0	 0	 0	 0	 0	 0	 0	 תַרמִיל
פונטונ	 0	 0	 0	 0	 0	 0	 0	 0	 0	 0	 שִׁיר
פוני	 0	 0	 0	 0	 0	 0	 0	 0	 0	 0	 מְשׁוֹרֵר
פודל	 0	 0	 0	 0	 0	 0	 0	 0	 0	 0	 פִּיוּטִי
ריכה	 0	 0	 0	 0	 0	 0	 0	 0	 0	 0	 פיוטי
קקי	 0	 0	 0	 0	 0	 0	 0	 0	 0	 0	 פּוֹאֵטִיקָה
צורה גרועה	 0	 0	 0	 0	 0	 0	 0	 0	 0	 0	 שִׁירָה
פופ	 0	 0	 0	 0	 0	 0	 0	 0	 0	 0	 נוֹקֵב
אפיפיור	 0	 0	 0	 0	 0	 0	 0	 0	 0	 0	 נְקוּדָה
פרג	 0	 0	 0	 0	 0	 0	 1	 0	 0	 0	 בצורה חדה
פופולרי	 0	 0	 0	 0	 0	 0	 0	 0	 0	 0	 מַצבִּיעַ
פופולריות	 0	 0	 0	 0	 0	 1	 0	 1	 0	 0	 חסר טעם
פופולרי	 0	 0	 0	 0	 0	 0	 0	 0	 0	 0	 שִׁוּוּי מִשׁקָל
אוכלוסיה	 1	 0	 1	 1	 0	 1	 0	 1	 0	 0	 רַעַל
אוכלס בצפיפות	 1	 0	 1	 1	 0	 1	 0	 1	 0	 0	 מוּרעָל
חרסינה	 0	 0	 1	 0	 0	 1	 0	 0	 0	 0	 הַרעָלָה
רפסת	 1	 0	 1	 1	 0	 1	 0	 1	 0	 0	 רעיל
דרבנ	 0	 1	 0	 0	 0	 1	 0	 0	 0	 0	 לִתְקוֹעַ
נקבובית	 0	 0	 0	 0	 0	 0	 0	 0	 0	 0	 פּוֹקֶר
ר חזיר	 0	 0	 0	 0	 0	 0	 0	 0	 0	 0	 קוֹטבִי
פורנו	 0	 0	 0	 0	 0	 0	 0	 0	 1	 0	 קוטביות
פורנוגרפיה	 0	 0	 0	 0	 0	 0	 0	 0	 0	 0	 מוֹט
פורנוגרפי	 1	 0	 1	 0	 0	 1	 0	 0	 0	 0	 פּוֹלמוֹסִי
פורנוגרפיה	 0	 0	 0	 1	 0	 0	 1	 0	 0	 1	 מִשׁטָרָה
נקבוביות	 0	 0	 0	 1	 0	 0	 1	 0	 0	 1	 שׁוֹטֵר
נקבובי	 0	 0	 0	 0	 0	 0	 0	 0	 0	 1	 מְדִינִיוּת
דיסה	 0	 0	 0	 1	 0	 1	 0	 1	 0	 0	 פּוֹלִיוֹ
נמל	 0	 0	 0	 0	 0	 0	 1	 0	 0	 0	 פולני
נייד	 0	 0	 0	 0	 0	 0	 1	 0	 0	 0	 מְלוּטָשׁ
לה	 0	 0	 0	 0	 0	 0	 1	 0	 0	 0	 מְנוּמָס
ער	 0	 0	 0	 0	 0	 0	 1	 0	 0	 0	 נִימוּס
פורטר	 0	 0	 1	 0	 0	 0	 1	 0	 0	 0	 מְחוּכָּם
תיק עבודות	 0	 0	 0	 0	 0	 0	 0	 0	 0	 0	 פּוֹלִיטִיקָאִי
אכסדרה	 1	 0	 0	 0	 0	 0	 0	 0	 0	 0	 פּוֹלִיטִיקָה
חלק	 0	 0	 0	 0	 0	 0	 0	 0	 0	 0	 מִשׁטָר
דיוקנ	 0	 0	 0	 0	 0	 0	 0	 0	 0	 1	 מִשׁאָל
דיוקנאות	 0	 0	 1	 0	 0	 1	 0	 0	 0	 0	 לְזַהֵם
תאר	 0	 0	 1	 0	 0	 1	 0	 0	 0	 0	 זיהום
פוזה	 0	 0	 0	 0	 0	 0	 0	 0	 0	 0	 פּוֹלוֹ
קושיה	 0	 0	 1	 0	 0	 1	 0	 0	 0	 0	 פוליגמיה
ניח	 0	 0	 0	 0	 0	 0	 0	 0	 0	 0	 מְצוּלָע
עמדה	 0	 0	 0	 0	 0	 0	 0	 0	 0	 0	 מצולע
חבורה	 0	 0	 0	 0	 0	 0	 0	 0	 0	 0	 פּוֹלִימֵר
חזיק	 0	 0	 0	 0	 0	 0	 0	 0	 0	 0	 רב צורתיות
דיבוק	 0	 0	 0	 0	 0	 1	 0	 0	 0	 0	 הוֹד
עלות	 0	 0	 1	 0	 0	 1	 0	 0	 0	 0	 מנופח \ יהיר
רשות	 0	 0	 0	 0	 0	 0	 0	 0	 0	 0	 פונצ'ו
על	 0	 0	 0	 0	 0	 0	 0	 0	 0	 0	 אֲגַם
אפשרות	 0	 0	 0	 0	 0	 0	 0	 0	 0	 0	 להרהר
יתכנ	 0	 0	 0	 0	 0	 1	 0	 0	 0	 0	 כבד
דעה	 0	 0	 0	 0	 0	 0	 0	 0	 0	 1	 אַפִּיפיוֹר
דואר	 0	 0	 0	 0	 0	 0	 0	 0	 0	 0	 לִנְהוֹג בְּדוֹגְמָטִיוּת
פוסטר	 0	 0	 0	 0	 0	 0	 0	 0	 0	 0	 פּוֹנטוֹן
אחורי	 0	 0	 0	 0	 0	 0	 0	 0	 0	 0	 פוני
דורות הבאימ	 0	 0	 0	 0	 0	 0	 0	 0	 0	 0	 פּוּדֵל
אחר המות	 0	 0	 0	 0	 0	 0	 1	 0	 0	 0	 בריכה
דחות	 0	 0	 0	 0	 0	 0	 0	 0	 0	 0	 קקי
נדחה	 0	 0	 0	 0	 0	 1	 0	 0	 0	 0	 בצורה גרועה
דחיה	 0	 0	 0	 0	 0	 1	 0	 0	 1	 0	 פּוֹפּ
אחר כתב	 0	 0	 0	 0	 0	 0	 1	 0	 0	 0	 אַפִּיפיוֹר
ניח	 0	 0	 0	 0	 0	 0	 0	 0	 0	 0	 פָּרָג
יציבה	 0	 0	 0	 0	 0	 0	 0	 0	 0	 0	 פופולרי
סיר	 0	 0	 0	 0	 0	 0	 1	 0	 0	 0	 פּוֹפּוּלָרִיוּת
ראוי לשתיה	 0	 0	 0	 0	 0	 0	 1	 0	 0	 0	 פופולרי
פוטנציה	 0	 0	 0	 0	 0	 0	 1	 0	 0	 0	 אוּכְלוֹסִיָה
חזק	 0	 0	 0	 0	 0	 0	 0	 0	 0	 0	 מְאוּכלָס בִּצְפִיפוּת
פוטנציאל	 0	 0	 0	 0	 0	 0	 0	 0	 0	 0	 חַרְסִינָה
קה	 0	 0	 0	 0	 0	 0	 0	 0	 0	 0	 מִרפֶּסֶת
פוטלוק	 0	 0	 0	 0	 0	 1	 0	 0	 0	 0	 דָרְבָּן
חרוזת	 0	 0	 0	 0	 0	 0	 0	 0	 0	 0	 נַקבּוּבִית
קדר	 0	 0	 0	 0	 0	 0	 0	 0	 0	 0	 בשר חזיר
חרס	 0	 0	 1	 0	 0	 1	 0	 0	 0	 0	 פורנו
יס	 0	 0	 0	 0	 0	 1	 0	 0	 0	 0	 פּוֹרנוֹגרַפִיָה
עופות	 0	 0	 0	 0	 0	 1	 0	 0	 0	 0	 פּוֹרנוֹגרָפִי
ירה	 0	 0	 1	 0	 0	 1	 0	 0	 0	 0	 פּוֹרנוֹגרַפִיָה
פוכ	 0	 0	 0	 0	 0	 0	 0	 0	 0	 0	 נַקבּוּבִיוּת
עוני	 0	 0	 0	 0	 0	 0	 0	 0	 0	 0	 נַקבּוּבִי
פאו	 0	 0	 0	 0	 0	 0	 0	 0	 0	 0	 דַיסָה
אבקה	 0	 0	 0	 0	 0	 0	 0	 0	 0	 0	 נמל
אבקת	 0	 0	 0	 0	 0	 0	 1	 0	 0	 0	 נייד
אביק	 0	 0	 0	 0	 0	 0	 0	 0	 0	 0	 הובלה
חזק	 0	 0	 0	 0	 0	 0	 0	 0	 0	 0	 שַׁעַר
עוצמה	 0	 0	 0	 0	 0	 0	 0	 0	 0	 0	 פּוֹרטֶר
חסר אונימ	 0	 0	 0	 0	 0	 0	 0	 0	 0	 0	 תיק עבודות
אבעבועות	 0	 0	 0	 0	 0	 0	 0	 0	 0	 0	 אֶכסֶדרָה
עשיימ	 0	 0	 0	 0	 0	 0	 0	 0	 0	 0	 חֵלֶק
עשי	 0	 0	 0	 0	 0	 0	 0	 0	 0	 0	 דְיוֹקָן
עשה	 0	 0	 0	 0	 0	 0	 0	 0	 0	 0	 דְיוֹקָנָאוּת
תרגול	 0	 0	 0	 0	 0	 0	 0	 0	 0	 0	 לתאר
תורגל	 0	 0	 0	 0	 0	 1	 0	 0	 0	 0	 פּוֹזָה
תרגול	 0	 0	 0	 0	 0	 0	 0	 0	 0	 0	 קוּשׁיָה
עוסק	 0	 0	 0	 0	 0	 0	 0	 0	 0	 0	 הניח
ערבה	 0	 0	 0	 0	 0	 0	 0	 0	 0	 0	 עמדה
בח	 0	 0	 0	 1	 0	 0	 0	 0	 0	 0	 חבורה
לל	 0	 1	 0	 0	 1	 0	 1	 0	 0	 1	 לְהַחזִיק
ראוי לשבח	 1	 0	 1	 1	 0	 1	 0	 0	 0	 0	 דיבוק
תיחה	 0	 0	 0	 0	 0	 0	 0	 0	 0	 0	 בעלות
פרקטיקה	 1	 0	 1	 1	 0	 1	 0	 0	 0	 0	 רְשׁוּת
תפלל	 0	 0	 0	 0	 0	 0	 0	 0	 0	 0	 בעל
תפלה	 0	 1	 0	 0	 0	 0	 0	 0	 0	 0	 אפשרות
טיפ	 0	 0	 0	 0	 0	 0	 0	 0	 0	 0	 יִתָכֵן
טיפ	 0	 0	 0	 0	 0	 0	 0	 0	 0	 0	 הודעה
טפה	 0	 0	 0	 0	 0	 0	 0	 0	 0	 0	 דואר
קדמה	 0	 0	 0	 0	 0	 0	 0	 0	 0	 0	 פּוֹסטֵר
סוכנ	 0	 0	 0	 0	 0	 0	 0	 0	 0	 0	 אֲחוֹרִי
אמצעי זהירות	 0	 0	 0	 0	 0	 0	 0	 0	 0	 0	 הדורות הבאים
אמצעי זהירות	 0	 0	 0	 0	 0	 1	 0	 1	 0	 0	 שֶׁלְאַחַר הַמָוֶת
קדימ	 0	 0	 0	 0	 0	 0	 0	 0	 0	 0	 לִדחוֹת
עדיפות	 0	 0	 0	 0	 0	 0	 0	 0	 0	 0	 נִדחֶה
תקדימ	 0	 0	 0	 0	 0	 1	 0	 0	 1	 0	 דְחִיָה
קודמ	 0	 0	 0	 0	 0	 0	 0	 0	 0	 0	 לאחר כתב
ציווי	 0	 0	 0	 0	 0	 0	 0	 0	 0	 0	 להניח
נחה	 0	 0	 0	 0	 0	 0	 0	 0	 0	 0	 יְצִיבָה
קדנציה	 0	 0	 0	 0	 0	 0	 0	 0	 0	 0	 סיר
תחמ	 0	 0	 0	 0	 0	 0	 1	 0	 0	 0	 רָאוּי לִשְׁתִיָה
תחמימ	 0	 0	 0	 0	 0	 0	 1	 0	 0	 0	 פּוֹטֵנצִיָה
יקר ערכ	 0	 0	 0	 0	 0	 0	 0	 0	 0	 0	 חָזָק
צוק תלול	 0	 0	 0	 0	 0	 0	 0	 0	 0	 0	 פוטנציאל
זרז	 0	 0	 0	 0	 0	 0	 0	 0	 0	 0	 מַשׁקֶה
קע	 0	 0	 0	 0	 0	 0	 0	 0	 0	 0	 פוטלוק
תלול	 0	 0	 0	 0	 0	 0	 0	 0	 0	 0	 מַחְרוֹזֶת
דויק	 0	 0	 0	 0	 0	 0	 0	 0	 0	 0	 קַדָר
דיוק	 0	 0	 0	 0	 0	 0	 0	 0	 0	 0	 חרס
דיוק	 0	 0	 0	 0	 0	 0	 0	 0	 0	 0	 כִּיס
נוע	 0	 0	 0	 0	 0	 0	 0	 0	 0	 0	 עוֹפוֹת
קדמת	 1	 0	 0	 0	 0	 1	 0	 0	 0	 0	 לִירָה
שר	 0	 0	 0	 0	 0	 0	 0	 0	 0	 0	 לִשְׁפּוֹך
דורסני	 1	 0	 1	 1	 0	 1	 0	 1	 0	 0	 עוני
קודמ	 1	 0	 0	 0	 0	 0	 0	 0	 0	 0	 פאו
צב קשה	 0	 0	 0	 0	 0	 0	 0	 0	 0	 0	 אֲבָקָה
סס	 0	 0	 0	 0	 0	 0	 0	 0	 0	 0	 אבקת
נבא	 0	 0	 0	 0	 0	 0	 0	 0	 0	 0	 אָבִיק
נבא	 1	 1	 1	 1	 1	 0	 1	 0	 0	 1	 חָזָק
נבואה	 0	 0	 0	 1	 0	 0	 1	 0	 0	 0	 בעוצמה
נבא	 1	 0	 1	 1	 0	 1	 0	 1	 0	 0	 חֲסַר אוֹנִים
נבא	 0	 0	 0	 0	 0	 0	 0	 0	 0	 0	 אֲבַעבּוּעוֹת
עדפה	 0	 0	 0	 0	 0	 0	 0	 0	 0	 0	 מעשיים
טות מראש	 0	 0	 0	 0	 0	 0	 0	 0	 0	 0	 מַעֲשִׂי
נטייה	 0	 0	 0	 0	 0	 0	 0	 0	 0	 0	 למעשה
נטיה קדומה	 0	 0	 0	 0	 0	 0	 1	 0	 0	 0	 תרגול
עליונות	 0	 0	 0	 0	 1	 0	 1	 0	 1	 1	 מְתוּרגָל
תלט	 0	 1	 0	 0	 0	 0	 1	 0	 0	 0	 תרגול
טימ	 0	 0	 0	 0	 0	 0	 0	 0	 0	 0	 עוֹסֵק
דגול	 0	 0	 0	 0	 0	 0	 0	 0	 0	 0	 עֲרָבָה
זכות קדימה	 0	 0	 0	 0	 1	 0	 1	 0	 0	 1	 שֶׁבַח
קדמה	 0	 0	 0	 0	 1	 0	 1	 0	 0	 0	 מְהוּלָל
 מחוז	 0	 1	 0	 0	 1	 0	 1	 0	 1	 1	 רָאוּי לְשֶׁבַח
עדיפ	 0	 0	 0	 0	 0	 1	 0	 0	 1	 0	 מתיחה
עדפה	 0	 0	 0	 0	 0	 0	 0	 0	 0	 0	 פרקטיקה
עדפ	 0	 1	 0	 1	 1	 0	 1	 0	 1	 1	 לְהִתְפַּלֵל
קידומת	 0	 0	 0	 0	 0	 0	 0	 0	 0	 0	 תְפִלָה
ריונ	 0	 0	 0	 0	 0	 0	 0	 0	 0	 0	 לְהַטִיף
פרהיסטורי	 0	 0	 0	 0	 0	 0	 0	 0	 0	 0	 מַטִיף
דעה קדומה	 0	 0	 0	 0	 0	 0	 0	 0	 0	 0	 הַטָפָה
חד	 0	 0	 0	 0	 0	 0	 0	 0	 0	 0	 הַקדָמָה
פוגע	 0	 1	 0	 1	 0	 1	 0	 1	 0	 0	 מְסוּכָּן
קדימ	 0	 0	 0	 0	 0	 0	 1	 0	 0	 0	 אמצעי זהירות
אקדמ	 0	 0	 0	 0	 0	 0	 0	 0	 0	 0	 אמצעי זהירות
קדמ מדי	 0	 0	 0	 0	 0	 0	 1	 0	 0	 0	 לְהַקְדִים
טרמ עת	 0	 0	 0	 0	 0	 0	 1	 0	 0	 1	 עֲדִיפוּת
תוכננ מראש	 0	 0	 0	 0	 0	 0	 0	 0	 0	 0	 תקדים
ראש הממשלה	 0	 0	 0	 0	 0	 0	 0	 0	 0	 0	 קוֹדֵם
נחת יסוד	 0	 0	 0	 0	 0	 0	 0	 0	 0	 0	 ציווי
חצרימ	 0	 0	 0	 0	 0	 0	 0	 0	 0	 0	 מנחה
פרמיה	 0	 0	 0	 0	 0	 0	 0	 0	 0	 0	 קדנציה
תעסקות	 0	 0	 0	 0	 0	 1	 0	 0	 0	 0	 מתחם
קוע במחשבות	 0	 0	 0	 0	 0	 0	 0	 0	 0	 0	 מתחמים
נה	 0	 1	 0	 0	 1	 0	 1	 0	 1	 0	 יקר ערך
ינ	 0	 0	 0	 1	 0	 0	 0	 0	 0	 0	 צוּק תָלוּל
כנ	 0	 0	 0	 0	 0	 0	 0	 0	 0	 0	 לְזַרֵז
כנ	 0	 0	 0	 0	 0	 0	 0	 0	 0	 0	 מִשׁקָע
ננות	 0	 0	 0	 0	 0	 0	 0	 0	 0	 0	 תָלוּל
ינ	 0	 0	 0	 0	 0	 0	 1	 0	 0	 0	 מְדוּיָק
ינ	 0	 0	 0	 0	 0	 0	 0	 0	 0	 0	 בְּדִיוּק
עליונות	 0	 0	 0	 0	 0	 0	 1	 0	 0	 0	 דיוק
תנאי מוקדמ	 1	 0	 0	 0	 0	 0	 0	 0	 0	 0	 לִמְנוֹעַ
זכות	 0	 0	 0	 0	 0	 0	 0	 0	 0	 0	 מוקדמת
רואה את הנולד	 0	 1	 0	 0	 0	 0	 0	 0	 0	 0	 מבשר
נקבעו	 0	 0	 0	 0	 0	 1	 0	 0	 0	 0	 דורסני
רשמ	 0	 0	 0	 0	 0	 0	 0	 0	 0	 0	 קוֹדֵם
רשמ	 0	 0	 0	 1	 0	 1	 0	 0	 0	 0	 מַצָב קָשֶׁה
נוכחות	 0	 0	 0	 0	 0	 0	 0	 0	 0	 0	 לְבַסֵס
תנה	 0	 1	 0	 0	 0	 0	 0	 0	 0	 0	 לנבא
נאה	 0	 0	 0	 0	 0	 0	 0	 0	 0	 0	 מנבא
צגה	 0	 1	 0	 0	 0	 0	 0	 0	 0	 0	 נְבוּאָה
צגת	 0	 0	 0	 0	 0	 0	 0	 0	 0	 0	 מְנַבֵּא
ירה	 0	 0	 0	 0	 0	 0	 0	 0	 0	 0	 מְנַבֵּא
מר	 0	 1	 0	 0	 0	 0	 1	 0	 0	 0	 הַעֲדָפָה
ור	 0	 1	 0	 0	 0	 0	 0	 0	 0	 0	 לְהַטוֹת מְרֹאשׁ
תמר	 0	 0	 0	 0	 0	 0	 0	 0	 0	 0	 נטייה
רת	 0	 0	 0	 0	 0	 0	 0	 0	 0	 0	 נְטִיָה קְדוּמָה
את	 0	 0	 0	 0	 0	 0	 0	 0	 0	 0	 עֶליוֹנוּת
נשיאות	 0	 0	 0	 0	 0	 0	 1	 0	 0	 1	 מִשׁתַלֵט
נשיא	 0	 0	 0	 0	 0	 0	 0	 0	 0	 0	 שולטים
חוצ	 0	 0	 0	 0	 0	 0	 1	 0	 0	 0	 דָגוּל
חיצה	 0	 0	 0	 0	 0	 0	 0	 0	 0	 0	 זְכוּת קְדִימָה
חצ	 0	 0	 0	 0	 0	 0	 0	 0	 0	 0	 הַקדָמָה
יוקרה	 0	 0	 0	 0	 0	 0	 0	 0	 0	 0	 מוֹשֵׁל מָחוֹז
חזקה	 0	 0	 0	 0	 0	 0	 1	 0	 0	 1	 לְהַעֲדִיף
ער	 0	 0	 0	 0	 0	 0	 0	 0	 0	 0	 הַעֲדָפָה
יהיר	 0	 0	 0	 0	 0	 0	 0	 0	 0	 0	 מועדף
ניח מראש	 0	 0	 0	 0	 0	 0	 0	 0	 0	 0	 קידומת
עמיד פנימ	 0	 0	 1	 0	 0	 1	 0	 0	 0	 0	 הֵרָיוֹן
עמידה פנימ	 0	 0	 0	 0	 0	 0	 0	 0	 0	 0	 פְּרֶהִיסטוֹרי
עמיד פנימ	 1	 0	 0	 0	 0	 1	 0	 0	 0	 0	 דעה קדומה
עמדת פנימ	 0	 0	 1	 1	 0	 1	 0	 0	 0	 0	 מְשׁוּחָד
יומרות	 1	 0	 0	 0	 0	 1	 0	 0	 0	 0	 פּוֹגֵעַ
אמתלה	 0	 1	 0	 0	 0	 0	 0	 0	 0	 0	 מקדים
יפה	 0	 0	 0	 0	 0	 0	 0	 0	 0	 0	 אַקדָם
גבור	 0	 0	 0	 0	 0	 0	 0	 0	 1	 0	 מוקדם מדי
תלטות	 0	 0	 0	 0	 0	 0	 0	 0	 0	 0	 בטרם עת
יחות	 0	 0	 0	 1	 0	 1	 0	 0	 0	 0	 מתוכנן מראש
נפוצ	 0	 0	 0	 0	 0	 0	 1	 0	 0	 0	 רֹאשׁ הַמֶמשָׁלָה
נוע	 0	 0	 0	 0	 0	 0	 0	 0	 0	 0	 הַנָחַת יְסוֹד
נע	 0	 0	 0	 0	 0	 0	 1	 0	 0	 0	 חֲצֵרִים
ניעה	 0	 0	 0	 0	 0	 0	 0	 0	 0	 0	 פּרֶמיָה
נע	 0	 0	 0	 0	 0	 0	 0	 0	 0	 0	 התעסקות
קודמ	 0	 0	 0	 0	 0	 0	 0	 0	 0	 0	 שָׁקוּעַ בְּמַחְשָׁבוֹת
קודמ	 0	 1	 0	 0	 0	 0	 0	 0	 0	 0	 הכנה
טרפ	 0	 1	 0	 0	 0	 0	 0	 0	 0	 0	 מֵכִין
חיר	 0	 1	 0	 0	 0	 0	 1	 0	 0	 0	 הכן
א יסולא בפז	 0	 1	 0	 0	 0	 0	 1	 0	 0	 1	 מוּכָן
דקור	 0	 1	 0	 0	 0	 0	 0	 0	 0	 0	 כּוֹנְנוּת
דוקרני	 0	 0	 0	 0	 0	 0	 0	 0	 0	 0	 מכין
גאווה	 0	 0	 0	 0	 0	 0	 0	 0	 0	 0	 מכין
מר	 0	 0	 0	 0	 0	 0	 0	 0	 0	 1	 עֶליוֹנוּת
רה	 0	 1	 0	 0	 0	 0	 0	 0	 0	 0	 תְנַאִי מוּקדָם
ני	 0	 0	 0	 0	 0	 0	 0	 0	 0	 0	 זְכוּת
צטנע	 0	 1	 0	 0	 0	 0	 1	 0	 0	 0	 רוֹאֶה אֵת הַנוֹלָד
עליונות	 0	 0	 0	 0	 0	 0	 0	 0	 0	 0	 שנקבעו
יסודי	 0	 0	 0	 0	 0	 0	 0	 0	 0	 0	 מִרשָׁם
פרימט	 0	 0	 0	 0	 0	 0	 0	 0	 0	 0	 מרשם
פרימטימ	 0	 0	 0	 0	 0	 0	 1	 0	 0	 0	 נוכחות
ראשוני	 0	 1	 0	 0	 1	 0	 1	 0	 1	 1	 מתנה
דרוכ	 0	 0	 0	 0	 0	 0	 1	 0	 0	 0	 נָאֶה
תחל	 0	 0	 0	 0	 0	 0	 0	 0	 0	 0	 הַצָגָה
ראשיתי	 0	 0	 0	 0	 0	 1	 1	 0	 0	 0	 מצגת
תחול	 0	 0	 0	 0	 0	 0	 0	 0	 0	 0	 שְׁמִירָה
פרימיטיבי	 0	 1	 0	 0	 1	 0	 1	 0	 1	 1	 מְשַׁמֵר
ראשיתי	 0	 0	 0	 0	 0	 0	 1	 0	 0	 0	 לשמור
נסיכ	 0	 0	 0	 0	 0	 0	 0	 0	 0	 0	 השתמר
נסיכי	 0	 0	 0	 0	 0	 0	 0	 0	 0	 0	 מִשׁמֶרֶת
נסיכה	 0	 0	 0	 0	 0	 0	 0	 0	 0	 0	 לשאת
קרנ	 0	 0	 0	 0	 0	 0	 0	 0	 0	 0	 נְשִׂיאוּת
עקר	 0	 0	 0	 0	 0	 0	 1	 0	 0	 1	 נָשִׂיא
עקרונ	 0	 0	 0	 0	 0	 0	 0	 0	 0	 0	 ללחוץ
דפס	 0	 0	 0	 0	 0	 0	 0	 0	 0	 0	 לחיצה
דפסת	 0	 0	 0	 0	 0	 1	 0	 0	 0	 0	 לַחַץ
דפסה	 0	 0	 0	 0	 1	 0	 1	 0	 0	 1	 יוקרה
קודמ	 0	 0	 0	 0	 1	 0	 1	 0	 1	 0	 presto
עדיפות	 0	 0	 0	 0	 0	 0	 0	 0	 0	 1	 חֲזָקָה
נזר	 0	 0	 0	 0	 0	 0	 0	 0	 0	 0	 משוער
פריזמה	 1	 0	 1	 0	 0	 1	 0	 0	 0	 0	 יָהִיר
נסרתי	 0	 0	 0	 0	 0	 0	 0	 0	 0	 0	 לְהַנִיחַ מִרֹאשׁ
ית כלא	 0	 0	 0	 0	 0	 1	 0	 0	 0	 0	 להעמיד פנים
אסיר	 0	 0	 0	 0	 0	 1	 0	 0	 0	 0	 העמידה פנים
טהור	 1	 0	 0	 0	 0	 1	 0	 0	 0	 0	 מעמיד פנים
פרטיות	 0	 0	 0	 0	 0	 1	 0	 0	 0	 0	 הַעֲמָדַת פָּנִים
פרטי	 0	 0	 0	 0	 0	 1	 0	 0	 0	 0	 יומרות
אופנ פרטי	 0	 0	 0	 0	 0	 0	 0	 0	 0	 0	 אֲמַתלָה
זכות	 0	 1	 0	 0	 1	 0	 1	 0	 0	 1	 יפה
חסוי	 0	 1	 0	 0	 1	 0	 1	 0	 0	 0	 לִגבּוֹר
סודי	 0	 0	 0	 0	 0	 0	 0	 0	 0	 0	 הִשׁתַלְטוּת
סתברות	 0	 0	 0	 0	 0	 0	 0	 0	 0	 0	 שְׁכִיחוּת
סתבר	 0	 0	 0	 0	 0	 0	 0	 0	 0	 1	 נָפוֹץ
על תנאי	 0	 0	 0	 1	 0	 0	 0	 0	 0	 0	 לִמְנוֹעַ
תקופת מבחנ	 0	 0	 0	 0	 0	 0	 0	 0	 0	 0	 מוֹנֵעַ
יח	 0	 1	 0	 0	 0	 0	 1	 0	 0	 0	 מְנִיעָה
דיקה	 0	 0	 0	 0	 0	 1	 0	 0	 0	 0	 מוֹנֵעַ
יושר	 0	 0	 0	 0	 0	 0	 0	 0	 0	 0	 קודם
עיה	 0	 0	 0	 0	 0	 0	 0	 0	 0	 0	 קוֹדֶם
תהליכ	 0	 0	 0	 1	 0	 1	 0	 0	 0	 0	 טֶרֶף
יכ	 0	 0	 0	 0	 0	 0	 0	 0	 0	 0	 מחיר
יכ	 0	 0	 0	 0	 0	 0	 1	 0	 0	 0	 לֹא יְסוּלֵא בְּפָּז
נסות	 1	 0	 1	 1	 0	 1	 0	 0	 1	 0	 לִדקוֹר
תהליכ	 0	 0	 0	 0	 0	 1	 0	 0	 0	 0	 דוֹקְרָנִי
תהלוכה	 0	 0	 0	 0	 1	 0	 1	 0	 0	 0	 גאווה
ריז	 0	 0	 0	 0	 0	 0	 1	 0	 0	 1	 כּוֹמֶר
רזה	 0	 1	 0	 0	 1	 0	 1	 1	 0	 1	 כּמוּרָה
תמהמה	 0	 0	 0	 0	 0	 0	 1	 0	 0	 0	 כּוֹהֲנִי
תמהמהות	 0	 0	 0	 0	 0	 0	 0	 0	 0	 0	 מִצטַנֵעַ
דה	 0	 0	 0	 0	 0	 0	 1	 0	 0	 0	 עֶליוֹנוּת
פרוקטור	 0	 0	 0	 0	 0	 0	 1	 0	 0	 0	 יְסוֹדִי
יג	 0	 0	 0	 0	 0	 0	 0	 0	 0	 0	 פּרִימַט
רכש	 0	 0	 0	 0	 0	 0	 0	 0	 0	 0	 פרימטים
דרבנ	 0	 0	 0	 0	 0	 0	 1	 0	 0	 0	 רִאשׁוֹנִי
אובד	 0	 0	 0	 0	 0	 0	 0	 0	 0	 0	 דרוך
פליא	 0	 0	 0	 0	 0	 0	 1	 0	 0	 1	 תֶחֶל
פלא	 0	 0	 0	 0	 0	 0	 0	 0	 0	 0	 רֵאשִׁיתִי
יצר	 0	 0	 0	 0	 0	 0	 0	 0	 0	 0	 תִחוּל
יוצר	 0	 0	 0	 0	 0	 0	 0	 0	 0	 0	 פְּרִימִיטִיבִי
יצרנ	 0	 0	 0	 0	 0	 0	 0	 0	 0	 0	 רֵאשִׁיתִי
ייצר	 0	 0	 0	 0	 0	 0	 1	 0	 0	 0	 נסיך
צר	 0	 1	 0	 0	 1	 0	 1	 0	 1	 1	 נְסִיכִי
פקה	 0	 0	 0	 0	 0	 0	 1	 0	 0	 0	 נסיכה
פרודוקטיבי	 0	 0	 0	 0	 0	 0	 1	 0	 0	 1	 קֶרֶן
פריונ	 0	 0	 0	 0	 0	 0	 0	 0	 0	 0	 בְּעִקָר
חלל	 0	 0	 0	 0	 0	 0	 0	 0	 0	 0	 עִקָרוֹן
ניבולי פה	 0	 0	 0	 0	 0	 0	 0	 0	 0	 0	 הדפס
ריז	 0	 0	 0	 0	 0	 0	 0	 0	 0	 0	 מדפסת
קצוע	 0	 0	 0	 0	 0	 0	 0	 0	 0	 0	 הַדפָּסָה
קצועי	 0	 0	 0	 0	 0	 0	 0	 0	 0	 0	 קוֹדֵם
פרופסור	 0	 0	 0	 0	 0	 0	 0	 0	 0	 0	 עדיפות
פרופסורה	 0	 0	 0	 0	 0	 0	 0	 0	 0	 0	 מִנזָר
יומנות	 0	 0	 0	 0	 0	 0	 0	 0	 0	 0	 פּרִיזמָה
קיא	 0	 0	 0	 0	 0	 0	 0	 0	 0	 0	 מִנסַרתִי
פרופיל	 1	 0	 0	 1	 0	 1	 0	 1	 0	 0	 בית כלא
רווח	 1	 0	 1	 1	 0	 1	 0	 1	 0	 0	 אָסִיר
פזרני	 0	 0	 0	 0	 0	 0	 1	 0	 0	 0	 טהור
פע	 0	 0	 0	 0	 0	 0	 0	 0	 0	 0	 פְּרָטִיוּת
פרוג	 0	 0	 0	 0	 0	 0	 0	 0	 0	 0	 פְּרָטִי
אב	 0	 0	 0	 0	 0	 0	 0	 0	 0	 0	 באופן פרטי
צאצאימ	 0	 0	 0	 0	 0	 0	 0	 0	 0	 0	 זְכוּת
פרוגנוזה	 0	 0	 0	 0	 1	 0	 1	 0	 0	 1	 חָסוּי
נבא	 0	 0	 0	 0	 0	 1	 0	 0	 0	 1	 סודי
תכנית	 0	 1	 0	 0	 0	 0	 0	 0	 0	 0	 הִסתַבְּרוּת
תכנית	 0	 0	 0	 0	 0	 0	 0	 0	 0	 0	 מִסתַבֵּר
תכנת	 0	 1	 0	 1	 0	 0	 0	 1	 0	 0	 על תנאי
תקדמות	 0	 0	 0	 0	 0	 0	 0	 0	 0	 0	 תקופת מבחן
תקדמות	 0	 0	 0	 0	 0	 0	 0	 0	 0	 0	 מוכיח
פרוגרסיבי	 0	 0	 0	 0	 0	 0	 0	 0	 0	 0	 בְּדִיקָה
אסור	 0	 0	 0	 0	 0	 0	 1	 0	 0	 1	 יוֹשֶׁר
אסור	 0	 0	 0	 1	 0	 1	 0	 1	 0	 0	 בְּעָיָה
איסור	 0	 0	 0	 1	 0	 0	 1	 0	 0	 0	 תהליך
אוסרני	 0	 0	 0	 0	 0	 0	 0	 0	 0	 0	 להמשיך
פרויקט	 0	 1	 0	 0	 0	 0	 0	 0	 0	 0	 ממשיך
קלע	 0	 0	 0	 0	 0	 0	 0	 0	 0	 0	 הַכנָסוֹת
קליעימ	 0	 0	 0	 0	 0	 0	 0	 0	 0	 0	 תהליך
קרינ	 0	 0	 0	 0	 1	 0	 1	 1	 1	 0	 תַהֲלוּכָה
קרנה	 0	 0	 0	 0	 0	 0	 0	 0	 0	 0	 להכריז
קרנ	 0	 0	 0	 0	 0	 0	 0	 0	 0	 0	 הַכרָזָה
פרולטארי	 0	 0	 0	 0	 0	 1	 0	 0	 0	 0	 לְהִתְמַהֲמֵהַ
עמד הפועלימ	 0	 0	 0	 0	 0	 1	 0	 0	 0	 0	 התמהמהות
פורה	 0	 0	 0	 0	 0	 0	 0	 0	 0	 0	 הוֹלָדָה
פרולוג	 0	 0	 0	 0	 0	 0	 1	 0	 0	 1	 פרוקטור
אריכ	 0	 0	 0	 0	 0	 0	 1	 0	 0	 0	 לְהַשִׂיג
ארכה	 0	 0	 0	 0	 0	 0	 0	 0	 0	 0	 רֶכֶשׁ
שכ	 0	 0	 0	 0	 0	 0	 0	 0	 0	 0	 לְדַרבֵּן
טיילת	 0	 0	 0	 0	 0	 1	 1	 0	 0	 0	 אובד
טות	 0	 0	 0	 0	 0	 0	 1	 0	 0	 0	 מַפלִיא
טה	 0	 0	 0	 0	 0	 0	 1	 0	 0	 0	 פֶּלֶא
פקר	 0	 0	 0	 0	 0	 0	 0	 0	 0	 0	 ליצר
טחה	 0	 0	 0	 0	 0	 0	 0	 0	 0	 0	 מיוצר
טיח	 0	 0	 0	 0	 0	 0	 1	 0	 0	 0	 יַצרָן
חובה	 0	 0	 0	 0	 0	 0	 1	 0	 0	 0	 לייצר
כפ	 0	 0	 0	 0	 0	 0	 0	 0	 0	 0	 מוצר
קדמ	 0	 1	 0	 0	 0	 0	 1	 0	 0	 0	 הפקה
קדמ	 0	 0	 0	 0	 0	 0	 1	 0	 0	 0	 פּרוּדוּקטִיבִי
קידומ	 0	 0	 0	 0	 0	 0	 1	 0	 0	 0	 פִּריוֹן
יידי	 1	 0	 0	 0	 0	 1	 0	 0	 0	 0	 לְחַלֵל
נחיה	 1	 0	 0	 0	 0	 1	 0	 0	 0	 0	 ניבולי פה
פיצ	 0	 0	 0	 0	 0	 0	 0	 0	 0	 0	 לְהַכרִיז
פרסומ	 0	 0	 0	 0	 0	 0	 1	 0	 0	 0	 מִקצוֹעַ
נוטה	 0	 0	 0	 0	 0	 0	 1	 0	 0	 1	 מקצועי
שנ	 0	 0	 0	 0	 0	 0	 1	 0	 0	 1	 פּרוֹפֶסוֹר
טא	 0	 0	 0	 0	 0	 0	 0	 0	 0	 1	 פרופסורה
טא	 0	 1	 0	 0	 1	 0	 1	 0	 1	 1	 מְיוּמָנוּת
צהרה	 0	 0	 0	 0	 0	 0	 1	 0	 0	 1	 בקיא
טא	 0	 0	 0	 0	 0	 0	 0	 0	 0	 0	 פּרוֹפִיל
חה	 0	 0	 0	 0	 0	 0	 0	 0	 0	 0	 רווח
תמוכ	 0	 0	 0	 0	 0	 0	 1	 0	 0	 0	 פַּזְרָנִי
תעמולה	 0	 0	 0	 0	 0	 1	 0	 0	 0	 0	 שֶׁפַע
פיצ	 0	 0	 0	 0	 0	 0	 0	 0	 0	 0	 פרוג
רביה	 0	 0	 0	 0	 0	 0	 0	 0	 0	 0	 אָב
פרופאנ	 0	 0	 0	 0	 0	 0	 0	 0	 0	 0	 צֶאֱצָאִים
ניע	 0	 1	 0	 1	 0	 0	 0	 0	 0	 0	 פּרוֹגנוֹזָה
נע	 0	 1	 0	 0	 0	 0	 0	 0	 0	 0	 מְנַבֵּא
דחפ	 0	 0	 0	 0	 0	 0	 0	 0	 0	 0	 תכנית
נעה	 0	 0	 0	 0	 0	 0	 0	 0	 0	 0	 תכנית
נטיה	 0	 0	 0	 0	 0	 0	 0	 0	 0	 0	 מְתַכנֵת
תקינ	 0	 1	 0	 0	 1	 0	 1	 0	 0	 0	 התקדמות
תכונה	 0	 1	 0	 0	 1	 0	 1	 1	 0	 1	 הִתקַדְמוּת
נבואה	 0	 0	 0	 0	 0	 0	 1	 0	 0	 0	 פּרוֹגרֵסִיבִי
נבא	 0	 0	 0	 0	 0	 0	 0	 0	 0	 0	 לֶאֱסוֹר
נביא	 1	 0	 1	 1	 0	 1	 0	 0	 0	 0	 אָסוּר
נבואי	 0	 0	 0	 0	 0	 1	 0	 0	 0	 0	 איסור
נע	 0	 0	 0	 0	 0	 0	 0	 0	 0	 0	 אוֹסְרָנִי
ניעה	 0	 0	 0	 0	 0	 0	 0	 0	 0	 0	 פּרוֹיֶקט
פרופורציה	 0	 0	 0	 1	 0	 0	 0	 0	 0	 0	 קֶלַע
יחסי	 0	 0	 0	 1	 0	 0	 0	 0	 0	 0	 קליעים
פרופורציונלי	 0	 0	 0	 0	 0	 0	 0	 0	 0	 0	 מקרין
פרופורציות	 0	 0	 0	 0	 0	 0	 0	 0	 0	 0	 הַקרָנָה
צעה	 0	 0	 0	 0	 0	 0	 0	 0	 0	 0	 מַקרֵן
צעה	 0	 0	 0	 0	 0	 0	 0	 0	 0	 0	 פרולטארי
קנייני	 0	 0	 0	 0	 0	 0	 0	 0	 0	 0	 מעמד הפועלים
עלימ	 0	 0	 0	 0	 0	 0	 1	 0	 0	 0	 פּוֹרֶה
עלות	 0	 1	 0	 0	 0	 0	 0	 0	 0	 0	 פּרוֹלוֹג
תקינות	 0	 0	 1	 0	 0	 1	 0	 0	 0	 0	 להאריך
נעה	 0	 0	 0	 0	 0	 0	 0	 0	 0	 0	 הַאֲרָכָה
פרוזה	 0	 0	 0	 0	 0	 0	 0	 0	 0	 0	 מְמוּשָׁך
עמיד לדינ	 0	 0	 0	 0	 0	 0	 0	 0	 0	 0	 טיילת
תביעה	 0	 0	 0	 0	 0	 0	 1	 0	 0	 0	 בּוֹלְטוּת
תובע	 0	 0	 0	 0	 0	 0	 1	 0	 0	 0	 בְּהַבלָטָה
פרוספקט	 0	 0	 0	 0	 0	 1	 0	 0	 0	 0	 מוּפקָר
עתיד	 0	 0	 0	 0	 1	 0	 1	 0	 0	 1	 הַבטָחָה
אופנ פרוספקטיבי	 0	 0	 0	 0	 0	 0	 1	 0	 0	 0	 מַבְטִיחַ
תשקיפ	 0	 0	 0	 0	 0	 0	 0	 0	 0	 0	 חובה
גשג	 0	 0	 0	 0	 0	 0	 0	 0	 0	 0	 כַּף
גשוג	 0	 0	 0	 0	 0	 0	 0	 0	 0	 0	 לקדם
גשג	 0	 0	 0	 0	 0	 0	 0	 0	 0	 0	 מְקַדֵם
זונה	 0	 0	 0	 0	 0	 0	 1	 0	 0	 0	 קידום
זנות	 0	 0	 0	 0	 0	 0	 0	 0	 0	 0	 מיידי
תטח	 0	 0	 0	 0	 0	 0	 0	 0	 0	 0	 הנחיה
דמות ראשית	 0	 0	 0	 0	 0	 0	 0	 0	 0	 0	 לְהָפִיץ
גנ	 0	 0	 0	 0	 0	 0	 0	 0	 0	 0	 פִּרסוּם
גנ	 0	 0	 0	 0	 0	 0	 0	 0	 0	 0	 נוֹטֶה
גנ	 0	 0	 0	 0	 0	 0	 0	 0	 0	 0	 שֵׁן
גנה	 0	 0	 0	 0	 0	 0	 0	 0	 0	 0	 לְבַטֵא
גנ	 0	 0	 0	 0	 0	 0	 0	 0	 0	 0	 מְבוּטָא
גנ	 0	 0	 0	 0	 0	 0	 0	 0	 0	 0	 הַצהָרָה
חלבונ	 0	 0	 0	 0	 0	 0	 0	 0	 0	 0	 מִבטָא
חות	 0	 0	 0	 0	 0	 0	 0	 0	 0	 1	 הוכחה
נוהל	 0	 0	 0	 0	 0	 0	 1	 0	 0	 0	 לִתְמוֹך
אב טיפוס	 0	 0	 0	 0	 0	 1	 0	 0	 0	 0	 תַעֲמוּלָה
פרוטוזואה	 0	 0	 0	 0	 0	 0	 0	 0	 0	 0	 לְהָפִיץ
שכ	 0	 0	 0	 0	 0	 0	 0	 0	 0	 0	 רְבִיָה
וט	 0	 0	 0	 0	 0	 0	 0	 0	 0	 0	 פרופאן
פרצה	 0	 0	 0	 0	 0	 0	 0	 0	 0	 0	 לְהַנִיעַ
גאה	 0	 0	 0	 0	 0	 0	 0	 0	 0	 0	 הונע
יח	 0	 0	 0	 0	 0	 0	 0	 0	 0	 0	 מַדחֵף
כח	 0	 0	 0	 0	 0	 0	 0	 0	 0	 0	 הנעה
פתגמ	 0	 0	 0	 0	 0	 0	 0	 0	 0	 0	 נְטִיָה
פתגמי	 0	 0	 0	 0	 0	 0	 1	 0	 0	 0	 תָקִין
ספק	 0	 0	 0	 0	 0	 0	 0	 0	 0	 0	 תכונה
סופק	 0	 1	 0	 0	 0	 0	 0	 0	 0	 0	 נְבוּאָה
גחה עליונה	 0	 0	 0	 0	 0	 0	 0	 0	 0	 0	 לְנָבֵּא
תנ	 0	 1	 0	 0	 0	 0	 1	 0	 0	 1	 נָבִיא
חוז	 0	 1	 0	 0	 0	 0	 0	 0	 0	 0	 נְבוּאִי
חוזי	 0	 1	 0	 0	 0	 0	 1	 0	 0	 1	 מוֹנֵעַ
אספקה	 0	 0	 0	 0	 0	 0	 0	 0	 0	 0	 מְנִיעָה
אופנ זמני	 0	 0	 0	 0	 0	 0	 0	 0	 0	 0	 פּרוֹפּוֹרצִיָה
ראות	 0	 0	 0	 0	 0	 0	 0	 0	 0	 0	 יַחֲסִי
תנאי	 0	 0	 0	 0	 0	 0	 0	 0	 0	 0	 פרופורציונלי
פרובוקציה	 0	 0	 0	 0	 0	 0	 0	 0	 0	 0	 פרופורציות
פרובוקטיבי	 0	 0	 0	 0	 0	 0	 0	 0	 0	 0	 הצעה
עורר	 0	 0	 0	 0	 0	 0	 1	 0	 0	 0	 הצעה
ראש מכללה	 0	 0	 0	 0	 0	 0	 0	 0	 0	 0	 קנייני
תעוזה	 0	 0	 0	 0	 0	 0	 0	 0	 0	 0	 בְּעָלִים
טט	 0	 0	 0	 0	 0	 0	 0	 0	 0	 0	 בַּעֲלוּת
קורב	 0	 0	 0	 0	 0	 0	 0	 0	 0	 0	 תְקִינוּת
סמוכ	 0	 0	 0	 0	 0	 0	 0	 0	 0	 0	 הֲנָעָה
קרבה	 0	 0	 0	 0	 0	 0	 0	 0	 0	 0	 פּרוֹזָה
פרוקסי	 1	 0	 0	 1	 0	 1	 0	 1	 0	 0	 לְהַעֲמִיד לָדִין
זהירות	 0	 0	 1	 0	 0	 1	 0	 0	 0	 0	 תביעה
זהיר	 0	 0	 0	 0	 0	 0	 0	 0	 0	 0	 תוֹבֵעַ
גזומ	 0	 0	 0	 0	 0	 0	 1	 0	 0	 0	 פרוספקט
חטט	 0	 0	 0	 0	 0	 0	 0	 0	 0	 0	 לְעַתִיד
סקרני	 0	 1	 0	 0	 0	 0	 0	 0	 0	 0	 באופן פרוספקטיבי
זמור	 0	 0	 0	 0	 0	 0	 0	 0	 0	 0	 תַשׁקִיף
דומה	 0	 1	 0	 0	 1	 0	 1	 0	 0	 0	 לְשַׂגְשֵׂג
 בדוי	 0	 0	 0	 0	 0	 0	 1	 0	 0	 0	 שִׂגשׂוּג
פסיכה	 0	 0	 0	 0	 1	 0	 1	 0	 0	 0	 מְשַׂגשֵׂג
נפשית	 0	 0	 1	 0	 0	 1	 0	 0	 0	 0	 זוֹנָה
דיומימ	 0	 0	 1	 0	 0	 1	 0	 1	 0	 0	 זְנוּת
פסיכולוגי	 0	 0	 0	 0	 0	 0	 0	 0	 0	 0	 לְהִשְׁתַטֵחַ
פסיכולוג	 0	 0	 0	 0	 0	 0	 0	 0	 0	 0	 דמות ראשית
פסיכולוגיה	 0	 0	 0	 0	 0	 0	 1	 0	 0	 0	 לְהַגֵן
פסיכוזה	 0	 0	 0	 0	 0	 0	 0	 0	 0	 1	 מוּגָן
פאב	 0	 0	 0	 0	 0	 0	 1	 0	 0	 1	 מגן
גיל ההתבגרות	 0	 0	 0	 0	 0	 0	 0	 0	 0	 0	 הֲגָנָה
תבגר	 0	 0	 0	 0	 0	 0	 1	 0	 0	 0	 מָגֵן
פומבי	 0	 0	 0	 0	 0	 0	 1	 0	 0	 1	 מָגֵן
פרסומ	 0	 0	 0	 0	 0	 0	 0	 0	 0	 0	 חֶלְבּוֹן
פובליציסט	 0	 0	 0	 0	 0	 0	 0	 0	 0	 0	 למחות
פרסומ	 0	 0	 0	 0	 0	 0	 0	 0	 0	 0	 נוהל
פומבי	 0	 0	 0	 0	 0	 0	 0	 0	 0	 0	 אב טיפוס
פרסמ	 0	 0	 0	 0	 0	 0	 0	 0	 0	 0	 פרוטוזואה
יצא לאור	 0	 0	 0	 0	 0	 0	 0	 0	 0	 0	 ממושך
ציא לאור	 0	 0	 0	 0	 0	 0	 0	 0	 0	 0	 לִבלוֹט
פודינג	 0	 0	 0	 0	 0	 0	 0	 0	 0	 0	 פרצה
ית	 0	 1	 0	 0	 1	 0	 1	 0	 0	 1	 גאה
נשיפה	 0	 0	 0	 0	 0	 0	 1	 0	 0	 0	 לְהוֹכִיחַ
נפוח	 0	 0	 0	 0	 0	 0	 0	 0	 0	 1	 מוּכָח
סולד	 0	 0	 0	 0	 0	 0	 0	 0	 0	 0	 פִּתגָם
קיא	 0	 0	 0	 0	 0	 0	 1	 0	 0	 0	 פִּתגָמִי
וכ	 0	 0	 0	 0	 0	 0	 1	 0	 0	 1	 לְסַפֵּק
גלגלת	 0	 0	 0	 0	 0	 0	 0	 0	 0	 0	 מסופק
תעצור בצד	 0	 0	 0	 0	 0	 0	 0	 0	 0	 0	 הַשׁגָחָה עֶליוֹנָה
ראתי	 0	 1	 0	 0	 1	 0	 1	 0	 0	 1	 מתן
וכ	 0	 0	 0	 0	 0	 0	 0	 0	 0	 0	 מָחוֹז
דוכנ	 0	 0	 0	 0	 0	 0	 0	 0	 0	 0	 מְחוֹזִי
פעימה	 0	 0	 0	 0	 0	 0	 0	 0	 0	 0	 אַספָּקָה
דופק	 0	 0	 0	 0	 0	 0	 0	 0	 0	 0	 באופן זמני
פומה	 0	 0	 0	 0	 0	 0	 0	 0	 0	 0	 הוראות
אוב	 0	 0	 0	 0	 0	 0	 0	 0	 0	 1	 תְנַאִי
חק מלימ	 1	 0	 0	 0	 0	 1	 0	 0	 0	 0	 פּרוֹבוֹקָצִיָה
פונצ	 0	 0	 0	 0	 0	 0	 0	 0	 0	 0	 פּרוֹבוֹקָטִיבִי
דייקנ	 1	 0	 1	 0	 0	 1	 0	 0	 0	 0	 מעורר
עמידה בזמנימ	 0	 0	 0	 0	 0	 0	 0	 0	 0	 0	 רֹאשׁ מִכלָלָה
דייקנות	 0	 0	 0	 0	 0	 0	 0	 0	 0	 0	 תְעוּזָה
סימני פיסוק	 0	 0	 0	 1	 0	 0	 0	 0	 1	 0	 לְשׁוֹטֵט
נקר	 0	 0	 0	 0	 0	 0	 0	 0	 0	 0	 מְקוֹרָב
מד	 0	 0	 0	 0	 0	 0	 0	 0	 0	 0	 סָמוּך
חריפ	 0	 0	 0	 0	 0	 0	 0	 0	 0	 0	 קִרבָה
עניש	 0	 0	 0	 0	 0	 0	 0	 0	 0	 1	 פרוקסי
נענש	 0	 0	 0	 0	 0	 0	 1	 0	 0	 0	 זְהִירוּת
ענישה	 0	 0	 0	 0	 0	 0	 1	 0	 0	 1	 זָהִיר
ענישה	 0	 0	 0	 0	 0	 0	 0	 0	 0	 0	 לִגזוֹם
עניש	 1	 1	 0	 0	 0	 1	 0	 0	 0	 1	 לְחַטֵט
פאנק	 0	 0	 0	 0	 0	 1	 0	 0	 0	 0	 סַקרָנִי
סירה שטוחה	 0	 0	 0	 0	 0	 0	 1	 0	 0	 0	 מִזמוֹר
עלוב	 0	 0	 0	 0	 0	 0	 0	 0	 0	 0	 מדומה
ונ	 0	 0	 0	 0	 0	 0	 0	 0	 0	 0	 שם בדוי
תלמיד	 0	 0	 0	 0	 0	 0	 0	 0	 0	 0	 פּסִיכָה
בה	 0	 0	 0	 0	 0	 0	 0	 0	 0	 0	 נפשית
לב	 0	 0	 0	 0	 0	 0	 0	 0	 0	 0	 מדיומים
רכוש	 0	 0	 0	 0	 0	 0	 0	 0	 0	 0	 פְּסִיכוֹלוֹגִי
קונה	 0	 0	 0	 0	 0	 0	 0	 0	 0	 0	 פְּסִיכוֹלוֹג
רכישה	 0	 0	 0	 0	 0	 0	 0	 0	 0	 0	 פְּסִיכוֹלוֹגִיָה
פירה	 1	 0	 0	 1	 0	 1	 0	 1	 0	 0	 פְּסִיכוֹזָה
אכ ורק	 0	 0	 0	 0	 0	 0	 0	 0	 0	 0	 פָּאבּ
גיהנומ	 0	 0	 0	 0	 0	 0	 0	 0	 0	 0	 גיל ההתבגרות
טהר	 0	 0	 0	 0	 0	 0	 0	 0	 0	 0	 מִתבַּגֵר
טהרה	 0	 1	 0	 0	 0	 0	 1	 0	 0	 0	 פּוּמְבֵּי
טהר	 0	 0	 0	 0	 0	 0	 0	 0	 0	 0	 פרסום
טהרנ	 0	 0	 0	 0	 0	 1	 0	 0	 0	 0	 פּוּבּלִיצִיסט
טוהר	 0	 0	 0	 0	 0	 0	 0	 0	 0	 0	 פִּרסוּם
סגול	 0	 0	 0	 0	 0	 0	 0	 0	 0	 0	 בְּפוּמבֵּי
נה	 0	 0	 0	 0	 0	 0	 0	 0	 0	 0	 לְפַרְסֵם
טרה	 0	 0	 0	 0	 0	 0	 0	 0	 0	 0	 יצא לאור
נה	 0	 0	 0	 0	 0	 0	 0	 0	 0	 0	 מוֹצִיא לָאוֹר
גרגר	 0	 0	 0	 0	 0	 0	 0	 0	 0	 0	 פודינג
ארנק	 0	 0	 0	 0	 0	 0	 0	 0	 0	 0	 שְׁלוּלִית
צוע	 0	 0	 0	 0	 0	 0	 0	 0	 0	 0	 נשיפה
רודפ	 0	 0	 0	 0	 0	 1	 0	 0	 0	 0	 נָפוּחַ
רדפ	 0	 0	 0	 0	 0	 0	 0	 0	 0	 0	 סוֹלֵד
ספק	 0	 0	 1	 0	 0	 0	 0	 0	 0	 0	 לְהַקִיא
תחומ הפעולה	 0	 0	 0	 0	 0	 0	 1	 0	 0	 0	 מְשׁוֹך
גלה	 0	 0	 0	 0	 0	 0	 0	 0	 0	 0	 גַלגֶלֶת
דחופ	 0	 0	 0	 0	 0	 0	 0	 0	 0	 0	 תעצור בצד
דוחפ	 0	 0	 0	 0	 0	 0	 0	 0	 0	 0	 רֵאָתִי
חתול	 0	 0	 0	 0	 0	 0	 0	 0	 0	 0	 מוֹך
וס	 0	 0	 0	 0	 0	 0	 1	 0	 0	 0	 דוּכָן
סית	 0	 0	 0	 0	 0	 0	 0	 0	 0	 0	 פְּעִימָה
ימ	 0	 0	 0	 0	 0	 0	 0	 0	 0	 0	 דוֹפֶק
ער	 0	 0	 0	 1	 0	 0	 0	 0	 1	 0	 פּוּמָה
עמיד	 0	 0	 0	 0	 0	 0	 0	 0	 0	 0	 לִשְׁאוֹב
רק	 0	 0	 0	 0	 0	 0	 0	 0	 0	 0	 מִשְׂחָק מִלִים
תמה	 1	 0	 0	 1	 0	 1	 0	 1	 1	 0	 פּוּנץ'
תמוה	 0	 1	 0	 0	 0	 0	 1	 0	 0	 1	 דייקן
ננס	 0	 0	 0	 0	 0	 0	 1	 0	 0	 0	 עמידה בזמנים
פירמידה	 0	 0	 0	 0	 0	 0	 0	 0	 0	 0	 בדייקנות
פירמידלי	 0	 0	 0	 0	 0	 0	 0	 0	 0	 0	 סימני פיסוק
פירוטכניקה	 0	 0	 0	 0	 0	 0	 0	 0	 0	 0	 נֶקֶר
געגע	 0	 0	 0	 0	 0	 0	 0	 0	 0	 0	 מְלוּמָד
רובע	 0	 0	 1	 0	 0	 1	 0	 0	 0	 0	 חָרִיף
חצר	 0	 0	 0	 1	 0	 1	 0	 0	 0	 0	 לְהַעֲנִישׁ
רביע	 1	 1	 1	 1	 0	 1	 0	 1	 0	 0	 נענש
רבועי	 1	 0	 0	 1	 0	 1	 0	 1	 0	 0	 עֲנִישָׁה
נצב	 1	 0	 1	 1	 0	 1	 0	 0	 0	 0	 עֲנִישָׁה
רבע	 1	 0	 0	 1	 0	 1	 0	 1	 0	 0	 מַעֲנִישׁ
קוואדרופול	 0	 0	 0	 0	 0	 0	 0	 0	 0	 0	 פָּאנק
אדמת בוצ טובענית	 0	 1	 0	 0	 0	 0	 0	 0	 0	 0	 סִירָה שְׁטוּחָה
יו	 0	 0	 0	 0	 0	 0	 0	 0	 0	 0	 עלוב
זר	 0	 0	 0	 0	 0	 0	 0	 0	 0	 0	 כַּלבּוֹן
רעידת אדמה	 0	 0	 0	 0	 0	 0	 0	 0	 0	 0	 תלמיד
סמכ	 0	 0	 0	 0	 0	 0	 0	 0	 0	 0	 בּוּבָּה
עפיל	 0	 1	 0	 0	 0	 0	 1	 0	 0	 1	 כלבלב
קדמות	 0	 0	 0	 0	 0	 0	 0	 0	 0	 0	 לִרְכּוֹשׁ
איכויות	 0	 0	 0	 0	 0	 0	 0	 0	 0	 0	 קוֹנֶה
איכות	 0	 0	 0	 0	 0	 0	 0	 0	 0	 0	 רכישה
כה	 0	 0	 0	 0	 0	 0	 0	 0	 0	 0	 פִּירֶה
מת	 0	 0	 0	 0	 0	 0	 1	 0	 0	 1	 אַך וְרַק
תי	 0	 0	 1	 1	 0	 1	 0	 0	 0	 0	 גֵיהִנוֹם
חינה כמותית	 0	 0	 0	 1	 0	 1	 0	 0	 0	 0	 לְטַהֵר
ות	 0	 0	 0	 0	 0	 0	 1	 0	 0	 1	 טָהֳרָה
קוונטי	 0	 0	 0	 0	 1	 0	 1	 0	 0	 1	 לְטַהֵר
ידוד	 0	 0	 0	 0	 0	 0	 1	 0	 0	 0	 טַהֲרָן
ריב	 0	 0	 0	 0	 0	 0	 1	 0	 1	 0	 טוֹהַר
חצבה	 0	 0	 0	 0	 0	 0	 0	 0	 0	 0	 סָגוֹל
רבע גלונ	 0	 0	 0	 0	 0	 0	 0	 0	 0	 0	 כַּוָנָה
רובע	 0	 0	 0	 0	 0	 0	 0	 0	 0	 0	 מַטָרָה
רובע	 0	 0	 0	 0	 0	 0	 0	 0	 0	 0	 בכוונה
גורימ	 0	 0	 0	 0	 1	 0	 1	 0	 0	 1	 לְגַרגֵר
רביעייה	 0	 0	 0	 0	 0	 0	 0	 0	 0	 0	 אַרְנָק
רביעונ	 0	 0	 0	 0	 0	 0	 0	 0	 0	 0	 בִּצוּעַ
קווטו	 0	 0	 0	 0	 0	 0	 0	 0	 0	 0	 רודף
קורצ	 0	 0	 0	 0	 0	 0	 0	 0	 0	 0	 מִרדָף
טל פסק דינ	 0	 0	 0	 0	 0	 0	 0	 0	 0	 0	 ספק
עינ	 0	 0	 0	 0	 0	 0	 0	 0	 0	 0	 תְחוּם הַפְּעוּלָה
רבעוני	 0	 0	 1	 0	 0	 1	 0	 0	 0	 0	 מוּגלָה
רציפ	 0	 0	 0	 0	 0	 0	 0	 0	 0	 0	 לִדחוֹף
כה	 0	 0	 0	 0	 0	 0	 0	 0	 0	 0	 דוחף
ככ	 0	 0	 0	 0	 0	 0	 0	 0	 0	 0	 חָתוּל
יע רצונ	 0	 0	 0	 0	 0	 0	 0	 0	 0	 0	 כוס
אילתא	 0	 0	 0	 0	 0	 0	 0	 0	 0	 0	 כוסית
חקור	 0	 0	 0	 0	 0	 0	 0	 0	 0	 0	 לָשִׂים
אלה	 0	 0	 0	 0	 0	 0	 0	 0	 0	 1	 מְשׁוֹעָר
פוקפק	 0	 0	 0	 0	 0	 0	 0	 0	 0	 0	 מעמיד
תשאול	 0	 0	 0	 0	 0	 0	 0	 0	 0	 0	 מֶרֶק
תור	 0	 0	 0	 0	 0	 0	 0	 0	 0	 0	 תמה
זרז	 0	 0	 0	 0	 0	 0	 0	 0	 0	 0	 תמוה
ירות	 0	 0	 0	 0	 0	 0	 0	 0	 0	 0	 נַנָס
זריזות	 0	 0	 0	 0	 0	 0	 0	 0	 0	 0	 פִּירָמִידָה
ספית	 0	 0	 0	 0	 0	 0	 0	 0	 0	 0	 פירמידלי
ירה	 0	 0	 0	 0	 0	 0	 0	 0	 0	 0	 פִּירוֹטֶכנִיקָה
קט	 0	 0	 1	 0	 0	 1	 0	 0	 0	 0	 לְגַעגֵעַ
קט	 0	 0	 0	 0	 0	 0	 0	 0	 0	 0	 מְרוּבָּע
קט	 0	 0	 0	 0	 0	 0	 0	 0	 0	 0	 חָצֵר
נוצה	 0	 0	 0	 0	 0	 0	 0	 0	 0	 0	 רָבִיעַ
יכה	 0	 0	 0	 0	 0	 0	 0	 0	 0	 0	 רִבּוּעִי
ינינ	 0	 0	 0	 0	 0	 0	 0	 0	 0	 0	 נִצָב
פסיק	 0	 0	 0	 0	 0	 0	 0	 0	 0	 0	 לְרַבֵּעַ
תפטר	 0	 0	 0	 0	 0	 0	 0	 0	 0	 0	 קוואדרופול
רטט	 0	 0	 1	 0	 0	 1	 0	 0	 0	 0	 אַדמַת בּוֹץ טוֹבְעַנִית
רוטט	 0	 0	 0	 1	 0	 1	 0	 0	 0	 0	 שליו
חידונ	 0	 0	 0	 0	 1	 0	 1	 0	 0	 1	 מוּזָר
נינ	 0	 0	 0	 1	 0	 0	 0	 0	 0	 0	 רְעִידַת אֲדָמָה
סה	 0	 0	 0	 0	 0	 0	 1	 0	 0	 1	 מוסמך
ציטוט	 0	 0	 0	 0	 0	 0	 0	 0	 0	 0	 להעפיל
ציטוט	 0	 0	 0	 0	 0	 0	 1	 0	 0	 0	 מוקדמות
נה	 0	 0	 0	 0	 0	 0	 0	 0	 0	 0	 איכויות
ארנב	 0	 0	 0	 0	 0	 0	 0	 0	 0	 0	 איכות
אספסופ	 1	 0	 0	 1	 0	 1	 0	 0	 0	 0	 מְבוּכָה
קנאי	 0	 0	 0	 0	 0	 0	 0	 0	 0	 0	 לכמת
רבנימ	 0	 0	 0	 0	 0	 0	 0	 0	 0	 0	 כמותי
גזע	 0	 0	 0	 0	 0	 0	 0	 0	 0	 0	 מבחינה כמותית
סוס מרוצ	 0	 0	 0	 0	 0	 0	 0	 0	 0	 0	 כַּמוּת
רייסר	 0	 0	 0	 0	 0	 0	 0	 0	 0	 0	 קוונטי
דפופה	 0	 0	 0	 1	 0	 0	 0	 0	 0	 0	 בידוד
חבט	 1	 0	 0	 0	 0	 1	 0	 0	 0	 0	 לָרִיב
תלימ	 0	 0	 0	 0	 0	 0	 0	 0	 0	 0	 מַחצָבָה
עסיסי	 0	 0	 0	 0	 0	 0	 0	 0	 0	 0	 רבע גלון
כמ	 0	 0	 0	 0	 0	 0	 0	 0	 0	 0	 רובע
זוהר	 0	 0	 0	 0	 0	 0	 0	 0	 0	 0	 מרובע
קורנ	 0	 0	 0	 0	 0	 0	 0	 0	 0	 0	 מְגוּרִים
קרונ	 0	 0	 0	 0	 0	 0	 0	 0	 0	 0	 רביעייה
קרינה	 0	 0	 0	 0	 0	 0	 0	 0	 0	 0	 רְבִיעוֹן
אופנ קיצוני	 0	 0	 0	 0	 0	 0	 0	 0	 0	 0	 קווטו
רדיו	 0	 0	 0	 0	 0	 0	 0	 0	 0	 0	 קְוָרץ
רדיואקטיבי	 0	 0	 0	 1	 0	 1	 0	 0	 0	 0	 לְבַטֵל פְּסַק דִין
רדיואקטיבי	 0	 0	 0	 0	 0	 0	 0	 0	 0	 0	 מֵעֵין
תצלומ רנטגנ	 0	 0	 0	 0	 0	 0	 0	 0	 0	 0	 רבעוני
רדיוגרפיה	 0	 0	 0	 0	 0	 0	 0	 0	 0	 0	 רָצִיף
רדיולוגיה	 0	 0	 0	 0	 0	 0	 0	 0	 0	 0	 מַלכָּה
רדיומ	 0	 0	 0	 0	 0	 1	 0	 0	 0	 0	 לְשַׁכֵּך
רדיוס	 0	 0	 0	 0	 0	 0	 0	 0	 0	 0	 לְהַשׂבִּיעַ רָצוֹן
ראדונ	 0	 0	 0	 0	 0	 0	 0	 0	 0	 0	 שאילתא
גרלה	 0	 1	 0	 0	 0	 0	 1	 0	 0	 0	 לַחקוֹר
רפסודה	 0	 0	 0	 0	 0	 0	 1	 0	 0	 0	 שְׁאֵלָה
זעמ	 0	 0	 1	 0	 0	 1	 0	 0	 0	 0	 מְפוּקפָּק
רופט	 0	 0	 0	 0	 0	 0	 0	 0	 0	 0	 תִשׁאוּל
סוער	 0	 0	 0	 0	 0	 0	 0	 0	 0	 0	 תוֹר
סחבות	 0	 1	 0	 0	 0	 0	 0	 0	 0	 0	 לְזַרֵז
פשוט	 0	 0	 0	 0	 0	 0	 0	 0	 0	 0	 בִּמְהִירוּת
רכבת	 0	 0	 0	 0	 0	 0	 1	 0	 1	 0	 זְרִיזוּת
עקה	 0	 0	 0	 0	 0	 1	 0	 0	 1	 0	 כַּספִּית
סילת ברזל	 0	 0	 0	 0	 0	 0	 0	 0	 0	 0	 לִירָה
סילת רכבת	 0	 0	 0	 0	 0	 0	 1	 0	 0	 0	 שֶׁקֶט
סות	 0	 0	 0	 0	 0	 0	 1	 1	 0	 0	 שֶׁקֶט
גשמ	 0	 0	 0	 0	 0	 0	 0	 0	 0	 0	 בְּשֶׁקֶט
עיל גשמ	 0	 0	 0	 0	 0	 0	 0	 0	 0	 0	 נוֹצָה
ירידת גשמימ	 0	 0	 0	 0	 0	 0	 0	 0	 0	 0	 שמיכה
גשומ	 0	 0	 0	 0	 0	 0	 1	 0	 0	 0	 כִּינִין
עלאה	 0	 0	 0	 0	 0	 1	 0	 0	 0	 0	 לְהַפְסִיק
רמ	 0	 0	 0	 0	 0	 0	 0	 0	 0	 0	 מתפטר
עלאה	 0	 0	 0	 1	 0	 1	 0	 0	 0	 0	 רֶטֶט
גרופ	 0	 0	 0	 1	 0	 1	 0	 0	 0	 0	 רוטט
כד	 0	 0	 0	 0	 0	 1	 0	 0	 0	 0	 חִידוֹן
טט	 0	 0	 0	 0	 0	 0	 0	 0	 0	 0	 מִניָן
טפס	 0	 0	 0	 0	 0	 0	 0	 0	 0	 0	 מִכסָה
רמפה	 0	 0	 0	 0	 0	 0	 0	 0	 0	 0	 ציטוט
תוללות	 0	 1	 0	 0	 0	 1	 1	 0	 1	 0	 ציטוט
חוה	 0	 0	 0	 0	 0	 0	 0	 0	 0	 0	 מָנָה
עופש	 0	 0	 0	 0	 0	 0	 0	 0	 0	 0	 ארנב
אופנ אקראי	 1	 0	 0	 1	 0	 1	 0	 0	 0	 0	 אֲסַפסוּף
אקראיות	 1	 1	 1	 1	 0	 1	 0	 1	 0	 0	 קַנָאִי
תאותני	 0	 0	 0	 0	 0	 1	 0	 0	 0	 0	 רבנים
ריינגר	 0	 0	 0	 0	 0	 0	 0	 0	 0	 0	 גזע
דרגה	 0	 0	 0	 0	 0	 0	 0	 0	 0	 0	 סוּס מֵרוֹץ
פר	 0	 0	 0	 0	 0	 0	 0	 0	 0	 0	 רייסר
דבר בטרופ	 0	 0	 0	 0	 0	 1	 0	 1	 0	 0	 דְפוּפָה
ראפ	 0	 0	 0	 0	 0	 1	 0	 0	 0	 0	 מחבט
אנוס	 0	 0	 0	 0	 0	 0	 0	 0	 0	 0	 מתלים
יר	 0	 0	 0	 0	 0	 0	 0	 0	 0	 0	 עֲסִיסִי
ירות	 0	 0	 0	 0	 0	 0	 0	 0	 0	 1	 מכם
אשד	 0	 1	 0	 0	 1	 0	 1	 0	 0	 1	 זוֹהַר
ראפ	 0	 0	 0	 0	 1	 0	 1	 0	 0	 0	 קוֹרֵן
נלהב	 0	 0	 0	 0	 0	 0	 1	 0	 0	 0	 לִקְרוֹן
דורסימ	 0	 0	 0	 1	 0	 1	 0	 0	 0	 0	 קְרִינָה
תלהבות	 0	 0	 0	 0	 0	 0	 0	 0	 0	 0	 באופן קיצוני
עתימ רחוקות	 0	 0	 0	 0	 0	 0	 1	 0	 0	 0	 רָדִיוֹ
נדירות	 0	 0	 0	 1	 0	 1	 0	 0	 0	 0	 רַדִיוֹאַקטִיבִי
בב	 0	 0	 0	 0	 0	 0	 0	 0	 0	 0	 רדיואקטיבי
פריחה	 0	 0	 0	 0	 0	 0	 0	 0	 0	 0	 תַצלוּם רֶנטגֵן
עכברוש	 0	 0	 0	 0	 0	 0	 0	 0	 0	 0	 רדיוגרפיה
חגר	 0	 0	 0	 0	 0	 0	 0	 0	 0	 0	 רדיולוגיה
ציונ	 0	 0	 0	 0	 0	 0	 0	 0	 0	 0	 רַדִיוּם
אשרור	 0	 0	 0	 0	 0	 0	 0	 0	 0	 0	 רַדִיוּס
אשרר	 0	 0	 0	 1	 0	 1	 0	 0	 0	 0	 ראדון
דרוג	 0	 1	 0	 0	 0	 0	 0	 0	 1	 0	 הַגרָלָה
יחס	 0	 0	 0	 0	 0	 0	 0	 0	 0	 0	 רַפסוֹדָה
נה	 1	 0	 0	 0	 0	 1	 0	 0	 0	 0	 זעם
רציונלי	 0	 0	 0	 0	 0	 0	 0	 0	 0	 0	 מְרוּפָּט
רציונל	 1	 0	 1	 1	 0	 1	 0	 0	 0	 0	 סוֹעֵר
רציונליזמ	 0	 0	 1	 0	 0	 1	 0	 0	 0	 0	 סְחָבוֹת
רציונליות	 1	 0	 0	 1	 0	 1	 0	 0	 1	 0	 לִפְשׁוֹט
קש	 1	 1	 0	 0	 0	 1	 0	 0	 0	 0	 רכבת
טרטור	 0	 0	 0	 0	 0	 0	 0	 0	 0	 0	 מַעֲקֶה
אפעה	 0	 0	 0	 0	 0	 0	 0	 0	 0	 0	 מסילת ברזל
צרוד	 0	 0	 0	 0	 0	 0	 0	 0	 0	 0	 מסילת רכבת
תולל	 0	 0	 0	 0	 0	 0	 0	 0	 0	 0	 כְּסוּת
עורב	 0	 0	 0	 0	 0	 0	 0	 0	 0	 0	 גֶשֶׁם
רעב	 0	 0	 0	 0	 0	 0	 0	 0	 0	 0	 מְעִיל גֶשֶׁם
גיא	 0	 0	 0	 0	 0	 0	 0	 0	 0	 0	 יְרִידַת גְשָׁמִים
תולל	 0	 0	 0	 0	 0	 0	 0	 1	 0	 0	 גָשׁוּם
עור גולמי	 0	 0	 0	 0	 0	 0	 0	 0	 0	 0	 הַעֲלָאָה
קרנ	 0	 0	 0	 0	 0	 0	 0	 0	 0	 0	 מוּרָם
סכינ גילוח	 0	 0	 0	 0	 0	 0	 0	 0	 0	 0	 הַעֲלָאָה
גיע	 0	 0	 0	 0	 0	 0	 0	 0	 0	 0	 לִגרוֹף
גיב	 0	 0	 0	 0	 0	 0	 0	 0	 0	 0	 לְלַכֵּד
ריאקציונר	 1	 1	 0	 0	 0	 1	 0	 0	 0	 0	 RAM
קרוא	 0	 0	 0	 0	 0	 0	 0	 0	 0	 0	 לְשׁוֹטֵט
קורא	 0	 0	 0	 0	 0	 1	 0	 0	 0	 0	 מְטַפֵּס
קהל הקוראימ	 0	 0	 0	 0	 0	 0	 0	 0	 0	 0	 רמפה
א קושי	 1	 0	 0	 1	 0	 1	 0	 0	 0	 0	 הִשׁתוֹלְלוּת
נכונות	 0	 0	 0	 0	 0	 0	 0	 0	 0	 0	 חַוָה
קריאה	 0	 0	 1	 0	 0	 1	 0	 0	 0	 0	 מְעוּפָּשׁ
תאמה מחדש	 0	 0	 0	 0	 0	 0	 0	 0	 1	 0	 באופן אקראי
כנ	 0	 0	 0	 0	 0	 0	 0	 0	 0	 0	 אקראיות
חזור ולאשר	 0	 0	 0	 0	 0	 0	 0	 0	 0	 0	 תַאַותָנִי
גיב	 0	 0	 0	 0	 0	 0	 0	 0	 0	 1	 ריינג'ר
אמיתי	 0	 0	 0	 0	 0	 0	 0	 0	 0	 0	 דַרגָה
ריאליזמ	 1	 0	 0	 1	 0	 1	 0	 0	 0	 0	 כּוֹפֶר
ציאותי	 0	 0	 0	 0	 0	 0	 0	 0	 0	 0	 לְדַבֵּר בְּטִרוּף
ציאות	 0	 0	 0	 0	 0	 0	 0	 0	 0	 0	 ראפ
תחומ	 1	 0	 1	 1	 0	 1	 0	 1	 0	 0	 לֶאֱנוֹס
קרקעינ	 0	 0	 0	 0	 0	 0	 0	 0	 1	 0	 מָהִיר
קדד	 0	 0	 0	 0	 0	 0	 0	 0	 0	 0	 מְהִירוּת
קצור	 0	 0	 0	 0	 0	 0	 0	 0	 0	 0	 אֶשֶׁד
פיע שוב	 1	 0	 0	 0	 0	 0	 0	 0	 0	 0	 ראפ
חלק אחורי	 0	 0	 0	 0	 1	 0	 1	 0	 1	 1	 נלהב
סדר מחדש	 0	 0	 0	 1	 0	 1	 0	 0	 0	 0	 דורסים
סידור מחדש	 0	 1	 0	 0	 1	 0	 1	 0	 0	 0	 הִתלַהֲבוּת
סיבה	 0	 0	 0	 0	 0	 0	 0	 0	 0	 0	 לעתים רחוקות
סבירות	 0	 0	 0	 0	 0	 0	 0	 0	 1	 0	 נְדִירוּת
נמקה	 1	 0	 1	 1	 0	 1	 0	 0	 0	 0	 שׁוֹבָב
סיבות	 0	 0	 1	 0	 0	 1	 0	 0	 0	 0	 פריחה
רכיב מחדש	 0	 0	 1	 1	 0	 1	 0	 0	 0	 0	 עכברוש
יטחונ	 0	 0	 0	 0	 0	 0	 0	 0	 0	 0	 מַחגֵר
רגיע	 0	 0	 0	 0	 0	 0	 0	 0	 0	 0	 ציון
רגיע	 0	 0	 0	 0	 0	 0	 0	 0	 0	 0	 אִשׁרוּר
רגיע	 0	 0	 0	 0	 0	 0	 0	 0	 0	 1	 לְאַשׁרֵר
נחה	 1	 0	 0	 1	 0	 1	 0	 1	 0	 0	 דֵרוּג
רוד	 0	 0	 0	 0	 0	 0	 0	 0	 0	 0	 יַחַס
רד	 0	 0	 0	 0	 0	 0	 0	 0	 0	 0	 מָנָה
נולד מחדש	 0	 0	 0	 0	 0	 0	 1	 0	 0	 1	 רַצִיוֹנָלִי
דור חוזר	 0	 0	 0	 0	 0	 0	 0	 0	 0	 0	 רציונל
נות מחדש	 0	 0	 0	 0	 0	 0	 0	 0	 0	 0	 רַצִיוֹנָלִיזם
נזופ	 0	 0	 0	 0	 0	 0	 0	 0	 0	 0	 רַצִיוֹנָלִיוּת
פריכ	 0	 0	 0	 0	 0	 0	 0	 0	 0	 0	 קש
סרבני	 0	 0	 0	 0	 0	 0	 0	 0	 0	 0	 טִרטוּר
זכור	 0	 0	 0	 1	 0	 0	 0	 0	 0	 0	 אֶפעֶה
נות מחדש	 0	 0	 0	 0	 0	 1	 0	 0	 0	 0	 צָרוּד
סגת	 1	 0	 1	 0	 1	 1	 1	 0	 1	 1	 לְהִשְׁתוֹלֵל
נסוג	 0	 0	 0	 0	 0	 0	 0	 0	 0	 0	 עוֹרֵב
קבלה	 1	 0	 0	 1	 0	 1	 0	 1	 0	 0	 מוּרעָב
קבלות	 0	 0	 0	 1	 0	 0	 0	 0	 0	 0	 גַיא
קיבלו	 1	 1	 0	 1	 1	 1	 0	 0	 1	 0	 מִשׁתוֹלֵל
קלט	 0	 0	 0	 0	 0	 0	 0	 0	 0	 0	 עור גולמי
קבלה	 0	 0	 0	 0	 0	 0	 0	 0	 0	 0	 קֶרֶן
אחרונה	 0	 0	 0	 1	 0	 0	 0	 0	 0	 0	 סכין גילוח
י קיבול	 0	 0	 0	 0	 0	 0	 0	 0	 0	 0	 לְהַגִיעַ
קבלה	 1	 0	 0	 1	 0	 0	 0	 0	 0	 0	 לְהָגִיב
פגרה	 0	 0	 0	 0	 0	 1	 0	 0	 0	 0	 רֵיאַקצִיוֹנֶר
קעימ	 0	 0	 0	 0	 0	 0	 0	 0	 0	 0	 לקרוא
פל	 0	 0	 0	 0	 0	 0	 1	 0	 0	 0	 קוֹרֵא
 ונדיר	 0	 0	 0	 0	 0	 0	 0	 0	 0	 0	 קְהַל הַקוֹראִים
נות	 0	 0	 0	 0	 0	 0	 1	 0	 0	 0	 לְלֹא קוֹשִׁי
תכונ	 0	 1	 0	 0	 1	 0	 1	 0	 0	 1	 נְכוֹנוּת
קבל	 0	 0	 0	 0	 0	 0	 1	 0	 0	 0	 קריאה
דדי	 0	 0	 0	 0	 0	 0	 0	 0	 0	 0	 התאמה מחדש
גמול	 0	 1	 0	 0	 0	 0	 0	 0	 0	 0	 מוּכָן
דדיות	 0	 0	 0	 0	 0	 0	 1	 0	 0	 0	 לַחֲזוֹר וְלְאַשֵׁר
קונצרט	 0	 0	 0	 0	 0	 0	 0	 0	 0	 0	 מֵגִיב
דקלומ	 0	 0	 0	 0	 0	 0	 1	 0	 0	 1	 אמיתי
דקלמ	 0	 0	 0	 0	 0	 0	 0	 0	 0	 0	 רֵיאָלִיזם
א זהיר	 0	 0	 0	 0	 0	 0	 0	 0	 0	 0	 מְצִיאוּתִי
פזיזות	 0	 0	 0	 0	 0	 0	 0	 0	 0	 0	 מְצִיאוּת
חשבונ נפש	 0	 0	 0	 0	 0	 0	 0	 0	 0	 0	 תְחוּם
טיוב	 0	 0	 0	 0	 0	 0	 0	 0	 0	 0	 מְקַרקְעִין
ענ	 0	 0	 0	 0	 0	 0	 0	 0	 0	 0	 לְקַדֵד
תבודד	 0	 0	 0	 0	 0	 0	 0	 0	 0	 0	 לִקצוֹר
רה	 0	 0	 0	 0	 0	 0	 0	 0	 1	 0	 להופיע שוב
ניתנ לזיהוי	 0	 0	 0	 0	 0	 1	 0	 0	 0	 0	 חלק אחורי
כר	 0	 0	 0	 0	 0	 0	 0	 0	 0	 0	 לסדר מחדש
רתע	 0	 0	 0	 0	 0	 0	 0	 0	 0	 0	 סידור מחדש
זכור	 0	 0	 0	 0	 0	 0	 1	 0	 0	 0	 סיבה
זכירה	 0	 0	 0	 0	 0	 0	 0	 0	 0	 0	 סבירות
רקומביננטי	 0	 0	 0	 0	 0	 0	 0	 0	 0	 0	 הַנמָקָה
ריקומבינציה	 0	 0	 0	 0	 0	 0	 0	 0	 0	 0	 סיבות
יצ	 0	 0	 0	 0	 0	 0	 0	 0	 0	 0	 להרכיב מחדש
צה	 0	 0	 0	 0	 0	 0	 1	 0	 0	 1	 ביטחון
תגמול	 0	 0	 0	 0	 0	 0	 1	 0	 0	 1	 לְהַרְגִיעַ
יישב	 0	 0	 0	 0	 0	 0	 0	 0	 0	 0	 הרגיע
פיוס	 0	 0	 0	 0	 0	 0	 0	 0	 0	 0	 מרגיע
סיור	 0	 0	 0	 0	 0	 0	 1	 0	 0	 0	 הֲנָחָה
קול שוב	 1	 0	 0	 1	 0	 1	 0	 0	 0	 0	 לִמְרוֹד
יקול מחדש	 1	 0	 1	 1	 0	 0	 0	 0	 0	 0	 מֶרֶד
נייה מחדש	 0	 0	 0	 0	 0	 0	 0	 0	 0	 0	 נולד מחדש
חזר	 0	 0	 0	 0	 0	 0	 0	 0	 0	 0	 כדור חוזר
חזור	 0	 0	 0	 0	 0	 0	 0	 0	 0	 0	 לִבנוֹת מִחָדָשׁ
תקליט	 0	 0	 0	 0	 0	 1	 0	 0	 0	 0	 לִנְזוֹף
קליט	 0	 0	 0	 0	 0	 1	 0	 0	 0	 0	 לְהַפְרִיך
קלטה	 1	 0	 1	 0	 0	 1	 0	 0	 0	 0	 סָרְבָנִי
ספר	 0	 0	 0	 0	 0	 0	 0	 0	 0	 0	 לִזכּוֹר
קבל בחזרה	 0	 0	 0	 0	 0	 0	 1	 0	 0	 0	 לִבנוֹת מִחָדָשׁ
פניה	 0	 0	 0	 0	 0	 0	 0	 0	 0	 0	 לָסֶגֶת
ניתנ לשחזר	 0	 0	 0	 0	 0	 0	 0	 0	 0	 0	 נסוג
תאוששות	 0	 0	 0	 0	 0	 0	 0	 0	 0	 0	 קַבָּלָה
נופש	 0	 0	 0	 0	 0	 0	 0	 0	 0	 0	 קבלות
פנאי	 0	 0	 0	 0	 0	 0	 1	 0	 0	 0	 קיבלו
גיס	 0	 0	 0	 0	 0	 0	 0	 0	 0	 0	 מַקְלֵט
גיוס עובדימ	 0	 1	 0	 0	 1	 0	 1	 0	 1	 0	 קבלה
תגייסימ	 0	 0	 0	 0	 0	 0	 0	 0	 0	 0	 לאחרונה
בנ	 0	 0	 0	 0	 0	 0	 0	 0	 0	 0	 כלי קיבול
ני	 0	 0	 0	 0	 0	 0	 0	 0	 0	 0	 קבלה
ישור	 0	 0	 0	 0	 0	 0	 0	 0	 0	 0	 פגרה
תקנ	 0	 0	 0	 1	 0	 0	 0	 0	 0	 0	 שקעים
רקטור	 1	 0	 1	 1	 0	 1	 0	 1	 0	 0	 שֵׁפֶל
מר	 0	 0	 0	 0	 0	 0	 1	 0	 0	 0	 מְשׁוּכלָל וְנָדִיר
רוע	 1	 0	 1	 0	 0	 1	 0	 1	 0	 0	 הִשָׁנוּת
ראה	 0	 0	 0	 0	 0	 0	 0	 0	 0	 0	 מתכון
תרחש שנית	 0	 1	 0	 0	 0	 0	 0	 0	 0	 0	 מקבל
נות	 0	 0	 0	 0	 0	 0	 0	 0	 0	 0	 הֲדָדִי
חוזר ונשנה	 0	 0	 0	 0	 0	 0	 1	 0	 0	 0	 לִגמוֹל
חזורי	 0	 0	 0	 0	 0	 0	 0	 0	 0	 0	 הֲדָדִיוּת
רקורסיה	 0	 0	 0	 0	 0	 0	 0	 0	 0	 0	 קונצרט
רקורסיבי	 0	 0	 0	 0	 0	 0	 0	 0	 0	 0	 דִקלוּם
אופנ רקורסיבי	 0	 0	 0	 0	 0	 0	 0	 0	 0	 0	 לְדַקלֵם
אדומ	 1	 0	 0	 1	 0	 1	 0	 0	 0	 0	 לֹא זָהִיר
אדמדמ	 1	 0	 1	 1	 0	 1	 0	 0	 1	 0	 פזיזות
גאולה	 0	 0	 0	 0	 0	 0	 0	 0	 0	 0	 חשבון נפש
אודמ	 0	 0	 0	 0	 0	 0	 1	 0	 0	 0	 טִיוּב
תקנ	 0	 0	 0	 0	 0	 0	 1	 0	 0	 1	 לְהִשָׁעֵן
פחת	 0	 0	 0	 0	 0	 0	 0	 0	 0	 0	 מִתבּוֹדֵד
צמצומ	 0	 0	 0	 0	 0	 0	 0	 0	 0	 0	 הַכָּרָה
יתירות	 0	 1	 0	 0	 0	 0	 1	 0	 0	 0	 ניתן לזיהוי
יותר	 0	 0	 0	 0	 0	 0	 0	 0	 0	 0	 מוּכָּר
קנה סופ	 0	 0	 0	 0	 0	 0	 0	 0	 0	 0	 רתע
נית	 0	 0	 0	 0	 0	 0	 0	 0	 0	 0	 לִזכּוֹר
ניות	 0	 0	 0	 0	 0	 0	 0	 0	 0	 0	 זְכִירָה
סליל	 0	 0	 0	 0	 0	 0	 0	 0	 0	 0	 רקומביננטי
קימ מחדש	 0	 1	 0	 0	 0	 0	 0	 0	 0	 0	 ריקומבינציה
פט	 0	 0	 0	 0	 0	 0	 1	 0	 0	 1	 לְהַמלִיץ
תייחסות	 0	 0	 0	 0	 0	 0	 0	 0	 0	 0	 המלצה
אל עמ	 0	 0	 0	 0	 0	 0	 0	 0	 0	 0	 תַגמוּל
עדנ	 0	 0	 0	 0	 0	 0	 0	 0	 0	 0	 ליישב
עדינות	 0	 1	 0	 0	 1	 0	 1	 0	 0	 1	 פִּיוּס
ית זקוק	 0	 0	 0	 0	 0	 0	 0	 0	 0	 0	 סִיוּר
זיקוק	 0	 0	 0	 0	 0	 0	 0	 0	 0	 0	 לִשְׁקוֹל שׁוּב
פצ	 0	 0	 0	 0	 0	 0	 1	 0	 0	 1	 שיקול מחדש
קפ	 0	 0	 0	 0	 0	 0	 0	 0	 0	 0	 בנייה מחדש
קפ	 0	 1	 0	 0	 0	 0	 1	 0	 0	 0	 לְשַׁחְזֵר
תקפות	 0	 1	 0	 0	 0	 0	 1	 0	 0	 0	 שִׁחזוּר
חזיר אור	 0	 0	 0	 0	 0	 0	 0	 0	 0	 0	 תקליט
חזירור	 0	 0	 0	 0	 0	 0	 1	 0	 0	 0	 מַקלִיט
רפלקס	 0	 0	 0	 0	 0	 0	 0	 0	 0	 0	 הקלטה
ריפלוקס	 0	 0	 0	 0	 0	 0	 0	 0	 0	 0	 לְסַפֵּר
רפורמה	 0	 0	 0	 0	 0	 0	 1	 0	 0	 0	 לְקַבֵּל בְּחַזָרָה
רפורמציה	 0	 0	 0	 0	 0	 0	 0	 0	 0	 0	 פְּנִיָה
תקנ	 0	 0	 0	 0	 0	 0	 0	 0	 0	 0	 ניתן לשחזר
ירה	 0	 0	 0	 0	 0	 0	 1	 0	 0	 0	 התאוששות
רפרקטור	 0	 1	 0	 0	 1	 0	 1	 0	 0	 0	 נוֹפֶשׁ
עקשנ	 0	 1	 0	 0	 1	 0	 1	 0	 0	 0	 פנאי
נע	 0	 0	 0	 0	 0	 0	 0	 0	 0	 0	 לגיס
ימנעות	 0	 0	 0	 0	 0	 0	 0	 0	 0	 0	 גיוס עובדים
רעננ	 0	 0	 0	 0	 0	 0	 0	 0	 0	 1	 מתגייסים
קרר	 0	 0	 0	 0	 0	 0	 0	 0	 0	 0	 מַלבֵּן
קרור	 0	 0	 0	 0	 0	 0	 0	 0	 0	 0	 מַלבֵּנִי
קרר	 0	 0	 0	 0	 0	 0	 0	 0	 0	 0	 יִשׁוּר
קלט	 0	 0	 0	 0	 0	 0	 1	 0	 0	 0	 לְתַקֵן
פליט	 0	 0	 0	 0	 0	 0	 0	 0	 0	 0	 רֶקטוֹר
חזר	 0	 0	 0	 0	 0	 0	 0	 0	 0	 0	 כומר
חדש	 0	 0	 0	 0	 0	 0	 0	 0	 0	 0	 שַׂרוּעַ
סרוב	 0	 0	 0	 0	 0	 0	 0	 0	 0	 0	 הַברָאָה
סרב	 0	 0	 0	 0	 0	 0	 0	 0	 0	 0	 לְהִתְרַחֵשׁ שֵׁנִית
סירב	 0	 0	 0	 0	 0	 0	 0	 0	 0	 0	 הִשָׁנוּת
סרב	 0	 1	 0	 0	 0	 0	 0	 0	 0	 0	 חוזר ונשנה
פרכה	 0	 0	 0	 0	 0	 0	 0	 0	 0	 0	 מַחזוֹרִי
פריכ	 0	 0	 0	 0	 0	 0	 0	 0	 0	 0	 רקורסיה
קבל בחזרה	 0	 0	 0	 0	 0	 0	 0	 0	 0	 0	 רקורסיבי
תי	 0	 0	 0	 0	 0	 0	 0	 0	 0	 0	 באופן רקורסיבי
סימני מלכות	 0	 0	 0	 0	 0	 0	 0	 0	 0	 0	 אָדוֹם
תחרות שיט	 0	 0	 0	 0	 0	 0	 0	 0	 0	 0	 אֲדַמדַם
עוצרות	 0	 0	 0	 0	 0	 0	 1	 0	 0	 0	 גְאוּלָה
תחדש	 0	 0	 0	 0	 0	 0	 0	 0	 0	 0	 אוֹדֶם
תחדשות	 0	 0	 0	 0	 0	 0	 1	 0	 0	 0	 לְתַקֵן
יורש עצר	 0	 0	 0	 0	 0	 0	 0	 0	 0	 0	 מוּפחָת
טר	 0	 0	 0	 0	 0	 0	 0	 0	 0	 0	 צִמצוּם
טר	 0	 0	 0	 0	 0	 0	 0	 0	 0	 0	 יתירות
גדוד	 0	 0	 0	 0	 0	 1	 0	 0	 0	 0	 מיותר
אזור	 0	 0	 0	 0	 0	 0	 0	 0	 0	 0	 קנה סוף
אזורי	 0	 0	 0	 0	 0	 0	 0	 0	 0	 0	 שׁוּנִית
אזוריות	 0	 0	 0	 0	 0	 0	 0	 0	 0	 0	 שוניות
ירשמ	 0	 0	 0	 0	 0	 0	 0	 0	 0	 0	 סְלִיל
רשמ	 0	 0	 0	 0	 0	 0	 0	 0	 0	 0	 לְהַקִים מִחָדָשׁ
רשמה	 0	 0	 0	 0	 0	 0	 0	 0	 0	 1	 שׁוֹפֵט
רישומ	 0	 0	 0	 0	 0	 0	 0	 0	 0	 0	 התייחסות
סגת	 0	 0	 0	 0	 0	 0	 0	 0	 0	 0	 משאל עם
נסיגה	 0	 0	 0	 0	 0	 0	 1	 0	 0	 0	 לעדן
רגרסיבי	 0	 0	 0	 0	 0	 0	 1	 0	 0	 0	 עֲדִינוּת
חרטה	 0	 0	 0	 0	 0	 0	 0	 0	 0	 0	 בֵּית זִקוּק
צער	 0	 0	 0	 0	 0	 0	 0	 0	 0	 0	 זיקוק
תחרט	 0	 0	 0	 0	 0	 0	 0	 0	 0	 0	 לְשַׁפֵּץ
תחרט	 0	 0	 0	 0	 0	 0	 0	 0	 0	 0	 משקף
רגיל	 0	 0	 0	 0	 0	 0	 0	 0	 0	 0	 משקף
סדירות	 0	 0	 0	 0	 0	 0	 0	 0	 0	 0	 הִשׁתַקְפוּת
קבועימ	 0	 0	 0	 0	 0	 0	 0	 0	 0	 0	 מחזיר אור
סדיר	 0	 0	 0	 0	 0	 0	 0	 0	 0	 0	 מַחֲזִירוֹר
סדר	 0	 0	 0	 0	 0	 0	 0	 0	 1	 0	 רֶפלֶקס
תקנה	 0	 0	 1	 0	 0	 1	 0	 0	 0	 0	 ריפלוקס
רגולטורימ	 0	 0	 0	 0	 0	 0	 1	 0	 0	 0	 רֵפוֹרמָה
רגורגיטציה	 0	 0	 0	 0	 0	 0	 1	 0	 0	 0	 רֵפוֹרמָצִיָה
קמ	 0	 0	 0	 0	 0	 0	 1	 0	 0	 0	 מְתַקֵן
יקומ	 0	 0	 0	 0	 0	 0	 0	 0	 0	 0	 שבירה
חזרה	 0	 0	 0	 0	 0	 0	 0	 0	 0	 0	 רפרקטור
וכ	 0	 0	 0	 0	 0	 1	 0	 0	 0	 0	 עַקשָׁן
חזיר	 0	 0	 0	 0	 0	 0	 0	 0	 0	 0	 לְהִמָנַע
חזר	 0	 0	 0	 0	 0	 0	 0	 0	 0	 0	 הימנעות
רסנ	 0	 0	 0	 0	 0	 0	 1	 0	 0	 0	 מְרַעֲנֵן
איל	 0	 0	 0	 0	 0	 0	 0	 0	 0	 0	 לְקַרֵר
תגבר	 0	 0	 0	 0	 0	 0	 0	 0	 0	 0	 קֵרוּר
תגבורת	 0	 0	 0	 0	 0	 0	 0	 0	 0	 0	 מְקָרֵר
חיזוקימ	 0	 0	 0	 0	 0	 0	 0	 0	 0	 0	 מקלט
ות	 0	 0	 0	 0	 0	 0	 0	 1	 0	 0	 פָּלִיט
תקנ מחדש	 0	 0	 0	 0	 0	 0	 0	 0	 0	 0	 הֶחזֵר
חזיר	 0	 0	 0	 0	 0	 0	 1	 0	 0	 0	 לְחַדֵשׁ
חזרה לתפקיד	 0	 0	 0	 0	 0	 1	 0	 0	 0	 0	 סֵרוּב
קיע מחדש	 0	 0	 0	 0	 0	 1	 0	 0	 0	 0	 מסרב
קעה מחדש	 0	 0	 0	 0	 0	 1	 0	 1	 0	 0	 סירב
חזור ולהדגיש	 0	 0	 0	 0	 0	 0	 0	 0	 0	 0	 מְסַרֵב
דחות	 0	 0	 0	 1	 0	 0	 0	 0	 0	 0	 הַפרָכָה
נדחה	 0	 0	 0	 0	 0	 0	 0	 0	 0	 0	 לְהַפְרִיך
דחיה	 0	 0	 0	 0	 0	 0	 0	 0	 0	 0	 לְקַבֵּל בְּחַזָרָה
דוחה	 0	 0	 0	 0	 0	 0	 1	 0	 0	 1	 מַלכּוּתִי
וח	 0	 0	 0	 0	 0	 0	 0	 0	 0	 0	 סִימָנֵי מָלכּוּת
צהלה	 0	 1	 0	 0	 0	 0	 0	 0	 0	 0	 תַחֲרוּת שַׂיִט
 ולהצטרפ	 0	 0	 0	 0	 0	 0	 0	 0	 0	 0	 עוֹצְרוּת
צעיר	 0	 0	 0	 0	 0	 0	 0	 0	 0	 0	 לְהִתְחַדֵשׁ
תחדשה	 0	 0	 0	 0	 0	 0	 0	 0	 0	 0	 הִתחַדְשׁוּת
צית מחדש	 0	 0	 0	 0	 0	 0	 1	 0	 0	 1	 יוֹרֵשׁ עֶצֶר
רע	 0	 0	 0	 0	 0	 0	 0	 0	 0	 0	 מִשׁטָר
ספר	 0	 0	 0	 0	 0	 0	 0	 0	 0	 0	 מִשׁטָר
קשור	 0	 0	 0	 1	 0	 0	 0	 0	 0	 0	 גְדוּד
יחס	 0	 0	 0	 0	 0	 0	 0	 0	 0	 0	 אזור
ערכת יחסימ	 0	 0	 0	 0	 0	 0	 0	 0	 0	 0	 אֵזוֹרִי
קרוב משפחה	 0	 0	 0	 0	 0	 0	 0	 0	 0	 0	 אזוריות
תורת היחסות	 0	 0	 0	 0	 0	 0	 0	 0	 0	 0	 הירשם
רגיע	 0	 0	 0	 0	 0	 0	 0	 0	 0	 0	 רַשָׁם
רפיה	 0	 0	 0	 0	 0	 0	 0	 0	 0	 0	 הַרשָׁמָה
רגוע	 0	 0	 0	 0	 0	 0	 0	 0	 0	 1	 הרישום
סר	 0	 0	 0	 0	 0	 1	 0	 0	 0	 0	 לָסֶגֶת
חרר	 0	 0	 0	 0	 0	 1	 0	 0	 0	 0	 נְסִיגָה
חרר	 0	 0	 0	 0	 0	 1	 1	 0	 0	 0	 רָגרֶסִיבִי
רדה בדרגה	 0	 0	 0	 0	 0	 1	 0	 1	 0	 0	 חֲרָטָה
רלוונטיות	 0	 0	 0	 0	 0	 1	 0	 1	 0	 0	 מְצַעֵר
רלוונטי	 0	 0	 0	 0	 0	 1	 0	 1	 0	 0	 התחרט
ימנות	 0	 0	 0	 0	 0	 1	 0	 1	 0	 0	 מתחרט
אמינ	 0	 0	 0	 0	 0	 0	 0	 0	 0	 0	 רגיל
סתמכות	 0	 1	 0	 0	 0	 0	 1	 0	 0	 1	 סְדִירוּת
ריד מקודש	 0	 0	 0	 0	 0	 0	 0	 0	 0	 0	 קבועים
רידימ	 0	 0	 0	 0	 0	 0	 1	 0	 0	 0	 לְהַסדִיר
קלה	 0	 0	 0	 0	 0	 0	 0	 0	 0	 0	 מוסדר
קלה	 0	 0	 0	 0	 0	 0	 0	 0	 0	 0	 תַקָנָה
דת	 0	 0	 0	 1	 0	 1	 0	 0	 0	 0	 רגולטורים
דתי	 0	 0	 1	 0	 0	 0	 0	 0	 0	 0	 רגורגיטציה
נטוש	 0	 0	 0	 0	 0	 0	 1	 0	 0	 0	 לְשַׁקֵם
נאה	 0	 1	 0	 0	 0	 0	 1	 0	 0	 0	 שיקום
אי רצונ	 0	 0	 0	 0	 0	 0	 0	 0	 0	 0	 חֲזָרָה
סרב	 0	 0	 0	 0	 0	 0	 0	 0	 0	 0	 לִמְלוֹך
יתרה	 0	 0	 0	 0	 0	 0	 1	 0	 0	 0	 להחזיר
נותר	 0	 0	 0	 0	 0	 0	 1	 0	 0	 1	 החזר
רידימ	 0	 0	 0	 0	 0	 1	 0	 0	 0	 0	 לְרַסֵן
דורה מחודשת	 0	 0	 0	 0	 0	 0	 0	 0	 0	 0	 אַיָל
ארכת מעצר	 0	 0	 0	 0	 0	 0	 0	 0	 0	 0	 לתגבר
ערה	 0	 0	 0	 0	 0	 0	 1	 0	 0	 1	 תִגבּוֹרֶת
ראוי לציונ	 0	 0	 0	 0	 0	 0	 0	 0	 0	 1	 חיזוקים
פליא	 0	 0	 0	 0	 0	 0	 0	 0	 0	 0	 מושכות
רפא	 0	 0	 0	 0	 0	 0	 0	 0	 0	 0	 התקן מחדש
תרופה	 0	 0	 0	 0	 0	 0	 1	 0	 0	 0	 להחזיר
זכור	 0	 0	 0	 0	 0	 0	 0	 0	 0	 0	 החזרה לתפקיד
נזכר	 0	 0	 0	 0	 0	 0	 0	 0	 0	 0	 להשקיע מחדש
זכור	 0	 0	 0	 0	 0	 0	 0	 0	 0	 0	 השקעה מחדש
זכר	 0	 0	 0	 0	 0	 0	 0	 0	 0	 0	 לחזור ולהדגיש
זכיר	 1	 0	 0	 1	 0	 1	 0	 1	 0	 0	 לִדחוֹת
תזכורת	 0	 0	 0	 0	 0	 1	 0	 0	 0	 0	 נִדחֶה
רשלני	 1	 0	 1	 1	 0	 1	 0	 1	 0	 0	 דְחִיָה
פוגה	 1	 0	 0	 1	 0	 1	 0	 1	 0	 0	 דוחה
טלה	 0	 1	 0	 0	 1	 0	 1	 0	 1	 1	 לִשְׂמוֹחַ
וח	 0	 1	 0	 0	 1	 0	 1	 0	 1	 0	 צָהֳלָה
ריד	 0	 0	 0	 0	 0	 0	 0	 0	 0	 0	 לָשׁוּב וֵלְהִצְטַרֵף
פצ	 0	 0	 0	 0	 0	 0	 1	 0	 0	 0	 לְהַצְעִיר
חרטה	 0	 0	 0	 0	 0	 0	 1	 0	 0	 0	 התחדשה
רוחק	 0	 1	 0	 1	 1	 1	 1	 0	 1	 0	 להצית מחדש
ריחוק	 0	 0	 0	 1	 0	 1	 0	 1	 0	 0	 לְהָרֵע
סרה	 0	 0	 0	 0	 0	 0	 0	 0	 0	 0	 לְסַפֵּר
סיר	 0	 0	 0	 0	 0	 0	 0	 0	 0	 1	 קָשׁוּר
כר	 0	 0	 0	 0	 0	 0	 0	 0	 0	 0	 יַחַס
רנסנס	 0	 0	 0	 0	 0	 0	 0	 0	 0	 0	 מערכת יחסים
קרוע	 0	 0	 0	 0	 0	 0	 0	 0	 0	 1	 קרוב משפחה
דקלמ	 0	 0	 0	 0	 0	 0	 0	 0	 0	 0	 תוֹרַת הָיַחֲסוּת
טיוח	 0	 0	 0	 0	 0	 0	 0	 0	 0	 0	 מרגיע
פגש	 0	 0	 0	 0	 0	 0	 1	 0	 0	 0	 הַרפָּיָה
צוע	 0	 0	 0	 0	 0	 0	 0	 0	 0	 0	 רָגוּעַ
עריק	 0	 0	 0	 0	 0	 0	 0	 0	 0	 0	 ממסר
תחדשות	 0	 0	 0	 0	 0	 0	 0	 0	 0	 0	 לְשַׁחְרֵר
תכחש	 0	 0	 0	 0	 0	 0	 0	 0	 0	 0	 מְשׁוּחרָר
פצ	 0	 0	 0	 0	 0	 1	 0	 0	 0	 0	 הוֹרָדָה בְּדַרגָה
חודש	 0	 0	 0	 0	 0	 0	 0	 0	 0	 0	 רלוונטיות
יפוצ	 0	 0	 0	 0	 0	 0	 1	 0	 0	 1	 רלוונטי
נודע	 0	 0	 0	 0	 0	 0	 1	 0	 0	 1	 מהימנות
נודע	 0	 0	 0	 0	 0	 0	 1	 0	 0	 1	 אָמִין
רה	 0	 0	 0	 0	 0	 0	 1	 0	 0	 1	 הסתמכות
רה	 0	 0	 0	 0	 0	 0	 0	 0	 0	 0	 שָׂרִיד מְקוּדָשׁ
יר	 0	 0	 0	 0	 0	 0	 0	 1	 0	 0	 שרידים
תכחשות	 0	 0	 0	 0	 0	 0	 1	 0	 0	 0	 הֲקָלָה
ארגונ מחדש	 0	 0	 0	 0	 0	 0	 1	 0	 0	 0	 מקלה
ארגנ מחדש	 0	 0	 0	 0	 0	 0	 0	 0	 0	 1	 דָת
תקנ	 0	 0	 0	 0	 0	 0	 0	 0	 0	 0	 דָתִי
פיצוי	 0	 0	 0	 0	 0	 1	 0	 0	 0	 0	 לִנְטוֹשׁ
חזיר	 0	 0	 0	 0	 0	 0	 0	 0	 0	 0	 הנאה
גמול	 0	 0	 0	 0	 0	 0	 0	 0	 0	 0	 אִי רָצוֹן
טל	 0	 0	 0	 1	 0	 1	 0	 0	 0	 0	 מסרב
חזור	 0	 0	 0	 0	 0	 0	 0	 0	 0	 0	 היתרה
חוזר על עצמו	 0	 0	 0	 0	 0	 0	 0	 0	 0	 0	 נוֹתָר
 ושוב	 0	 0	 1	 1	 0	 1	 1	 0	 0	 1	 שְׂרִידִים
דר	 0	 0	 0	 0	 0	 0	 1	 0	 0	 0	 מַהֲדוּרָה מְחוּדֶשֶׁת
דוחה	 1	 0	 0	 0	 0	 1	 0	 0	 0	 0	 הַאֲרָכַת מַעְצָר
דוחה	 0	 0	 0	 0	 0	 0	 0	 0	 0	 0	 הֶעָרָה
דוחה	 0	 0	 0	 0	 1	 0	 1	 0	 1	 1	 ראוי לציון
תחרט	 0	 0	 0	 0	 0	 0	 1	 0	 0	 0	 להפליא
חזרה בתשובה	 0	 0	 0	 0	 0	 1	 0	 0	 0	 0	 מְרַפֵּא
רפרטואר	 0	 1	 0	 0	 1	 0	 1	 0	 0	 1	 תְרוּפָה
רפרטואר	 0	 0	 0	 0	 0	 0	 0	 0	 0	 0	 זכור
חזרה	 0	 0	 0	 0	 0	 0	 0	 0	 0	 0	 נזכר
חלפ	 0	 0	 0	 0	 0	 0	 0	 0	 0	 0	 לזכור
תחליפ	 0	 0	 0	 0	 0	 0	 0	 0	 0	 0	 זֵכֶר
חדש מלאי	 0	 0	 0	 0	 0	 0	 0	 0	 0	 0	 לְהַזכִּיר
גדוש	 0	 0	 0	 0	 0	 0	 0	 0	 0	 0	 תִזכּוֹרֶת
פול	 1	 0	 1	 0	 0	 1	 0	 1	 0	 0	 רַשְׁלָנִי
תשובה	 0	 0	 0	 0	 0	 0	 1	 0	 0	 0	 הֲפוּגָה
גיש תלונה	 0	 0	 0	 0	 0	 0	 0	 0	 0	 0	 מטלה
דיווח	 0	 0	 0	 0	 0	 0	 0	 0	 0	 0	 מִשׁלוֹחַ
תב	 0	 0	 0	 0	 0	 0	 0	 0	 0	 0	 שָׂרִיד
נוחה	 0	 0	 0	 0	 0	 0	 1	 0	 0	 0	 לשפץ
יקומ מחדש	 0	 0	 0	 0	 0	 1	 0	 1	 0	 0	 חרטה
אגר	 0	 0	 0	 0	 0	 0	 0	 0	 0	 0	 מְרוּחָק
יצוג	 0	 0	 0	 0	 0	 0	 0	 0	 0	 0	 ריחוק
נציג	 0	 0	 0	 0	 0	 1	 0	 0	 0	 0	 הֲסָרָה
יוצג	 1	 0	 0	 1	 0	 1	 0	 1	 0	 0	 לְהַסִיר
ייצגימ	 0	 0	 0	 0	 0	 0	 0	 0	 0	 0	 שָׂכָר
דחיק	 0	 0	 0	 0	 0	 0	 1	 0	 0	 0	 רֵנֵסַנס
עצור	 0	 0	 0	 0	 0	 1	 0	 0	 0	 0	 rencontre
דחקה	 0	 0	 0	 0	 0	 1	 0	 0	 0	 0	 לִקְרוֹעַ
ארכה	 0	 0	 0	 0	 0	 0	 1	 0	 0	 0	 לְדַקלֵם
נזופ	 0	 0	 0	 0	 0	 0	 0	 0	 0	 0	 טִיוּחַ
דפס	 0	 0	 0	 0	 0	 0	 0	 0	 0	 0	 מִפגָשׁ
תגמול	 0	 0	 0	 0	 0	 0	 0	 0	 0	 0	 בִּצוּעַ
נאי	 1	 0	 0	 0	 0	 1	 0	 0	 0	 0	 עָרִיק
תוכחה	 0	 0	 0	 0	 0	 0	 1	 0	 0	 0	 הִתחַדְשׁוּת
חזר	 1	 0	 0	 0	 0	 1	 0	 0	 0	 0	 לְהִתְכַּחֵשׁ
עתוק	 0	 1	 0	 0	 0	 0	 1	 0	 0	 0	 לְשַׁפֵּץ
 הרביה	 0	 0	 0	 0	 0	 0	 0	 0	 0	 0	 מְחוּדָשׁ
זוחל	 0	 1	 0	 0	 1	 0	 1	 0	 0	 0	 שיפוץ
רפובליקה	 0	 0	 0	 0	 0	 0	 1	 0	 0	 0	 נודע
רפובליקני	 0	 0	 0	 0	 0	 0	 1	 0	 0	 0	 נודע
דחייה	 0	 0	 0	 0	 0	 0	 0	 0	 0	 0	 השכרה
דחיה	 0	 0	 0	 0	 0	 0	 0	 0	 0	 0	 השכרה
רכישה חוזרת	 0	 0	 0	 0	 0	 0	 0	 0	 0	 0	 מַשׂכִּיר
ימנ	 0	 0	 0	 0	 0	 1	 0	 0	 0	 0	 הִתכַּחֲשׁוּת
תדמית	 0	 0	 0	 0	 0	 0	 0	 0	 0	 0	 אִרְגוּן מִחָדָשׁ
ניטינ	 0	 0	 0	 0	 0	 0	 1	 0	 0	 0	 לְאַרגֵן מֵחָדָשׁ
קשה	 0	 0	 0	 0	 0	 0	 0	 0	 0	 0	 לְתַקֵן
אשכבה	 0	 0	 0	 0	 0	 0	 1	 0	 0	 1	 פיצוי
נדרש	 1	 1	 0	 0	 1	 0	 1	 0	 0	 1	 לְהַחזִיר
דרישה	 0	 0	 0	 0	 0	 0	 0	 0	 0	 0	 גְמוּל
נחוצ	 0	 0	 0	 0	 0	 0	 0	 0	 0	 0	 לבטל
דרישה	 0	 0	 0	 0	 0	 0	 0	 0	 0	 0	 חזור
טל	 0	 0	 0	 0	 0	 0	 0	 0	 0	 0	 חוזר על עצמו
יטול	 0	 0	 0	 0	 0	 0	 0	 0	 0	 0	 שוב ושוב
ציל	 0	 0	 0	 0	 0	 0	 0	 0	 0	 0	 מַהְדֵר
חקר	 0	 0	 1	 1	 0	 1	 0	 0	 0	 0	 דוחה
ריתה	 1	 0	 1	 1	 0	 1	 0	 0	 0	 0	 דוֹחֶה
דמיונ	 0	 0	 1	 0	 0	 1	 0	 0	 0	 0	 דוחה
דמות	 0	 0	 0	 1	 0	 0	 1	 0	 0	 0	 לְהִתְחַרֵט
דומה	 0	 0	 0	 0	 0	 0	 0	 0	 0	 0	 חזרה בתשובה
תרעמ	 0	 0	 0	 0	 0	 0	 0	 0	 0	 0	 רֶפֶּרטוּאָר
תרעמ	 0	 0	 0	 0	 0	 0	 0	 0	 0	 0	 רפרטואר
טינה	 0	 0	 0	 0	 0	 0	 0	 0	 0	 0	 חזרה
זמנה	 0	 0	 0	 0	 0	 0	 0	 0	 0	 0	 החלף
זמינ	 0	 0	 0	 0	 0	 0	 0	 0	 0	 0	 תַחֲלִיף
רות	 0	 0	 0	 0	 0	 0	 1	 0	 0	 0	 לְחַדֵשׁ מְלַאִי
עתודות	 0	 0	 0	 0	 0	 0	 1	 0	 0	 0	 גָדוּשׁ
אגר	 0	 0	 0	 0	 0	 0	 0	 0	 0	 0	 שכפול
ונ	 0	 0	 0	 0	 0	 0	 0	 0	 0	 0	 תשובה
קומ מגורימ	 0	 0	 0	 0	 0	 0	 0	 0	 0	 0	 להגיש תלונה
גורימ	 0	 0	 0	 0	 0	 0	 0	 0	 0	 0	 דיווח
תושב	 0	 0	 0	 0	 0	 0	 1	 0	 0	 1	 כַתָב
רידי	 0	 0	 0	 0	 0	 0	 1	 0	 0	 0	 מְנוֹחָה
קע	 0	 0	 0	 0	 0	 0	 0	 0	 0	 0	 מיקום מחדש
תפטר	 0	 0	 0	 0	 0	 0	 0	 0	 0	 0	 מאגר
תפטרות	 0	 0	 0	 0	 0	 0	 0	 0	 0	 0	 יִצוּג
תפטרתי	 0	 0	 0	 0	 0	 0	 0	 0	 0	 0	 נציג
ר התאוששות	 0	 0	 0	 0	 0	 0	 1	 0	 0	 0	 מיוצג
תאושש מהר	 0	 1	 0	 0	 0	 0	 0	 0	 0	 0	 מייצגים
רפ	 0	 0	 0	 0	 0	 1	 0	 1	 0	 0	 לְהַדחִיק
תנגד	 0	 0	 0	 0	 0	 0	 0	 0	 0	 0	 עָצוּר
תנגדות	 0	 0	 0	 1	 0	 1	 0	 0	 0	 0	 הַדחָקָה
עמיד בפני	 0	 0	 0	 0	 0	 0	 0	 0	 0	 0	 אַרכָּה
תנגדימ	 1	 0	 0	 0	 0	 1	 0	 0	 0	 0	 לִנְזוֹף
תנגדות	 0	 0	 0	 0	 0	 1	 0	 0	 0	 0	 הֶדפֵּס
תקיפ	 1	 0	 0	 1	 0	 1	 0	 1	 0	 0	 תַגמוּל
נחישות	 0	 0	 0	 0	 0	 0	 0	 0	 0	 0	 שְׁנַאי
פתרונ הבעיה	 1	 0	 1	 0	 0	 1	 0	 1	 0	 0	 תוֹכֵחָה
פתור	 0	 0	 0	 0	 0	 0	 0	 0	 0	 0	 לְשַׁחְזֵר
נפתר	 0	 0	 0	 0	 0	 0	 0	 0	 0	 0	 שִׁעתוּק
תהודה	 0	 0	 0	 0	 1	 0	 1	 0	 0	 0	 שֶׁל הַרְבִיָה
דהד	 0	 0	 0	 0	 0	 0	 0	 0	 0	 0	 זוֹחֵל
דהד	 0	 0	 0	 0	 0	 1	 0	 0	 0	 0	 רפובליקה
וד	 0	 0	 0	 0	 0	 0	 0	 0	 0	 0	 רֶפּוּבּלִיקָנִי
אתר נופש	 1	 0	 1	 0	 0	 1	 0	 0	 0	 0	 דחייה
צלצלני	 0	 0	 1	 1	 0	 1	 0	 0	 0	 0	 דְחִיָה
אמצעי	 0	 0	 0	 0	 0	 0	 0	 0	 0	 0	 רכישה חוזרת
ערכה	 0	 0	 0	 0	 0	 0	 1	 0	 0	 1	 מהימן
גינות	 0	 0	 0	 0	 0	 0	 0	 0	 0	 0	 תדמית
בד	 0	 0	 0	 0	 0	 0	 0	 0	 0	 0	 מוֹנֵיטִין
נכבד	 0	 0	 0	 0	 0	 0	 0	 0	 0	 0	 בַּקָשָׁה
רוחש כבוד	 0	 0	 0	 0	 0	 0	 0	 1	 0	 0	 אַשׁכָּבָה
דימ	 0	 0	 0	 0	 0	 0	 0	 0	 0	 0	 נדרש
תאמה	 0	 0	 0	 0	 0	 0	 0	 0	 0	 0	 דְרִישָׁה
דימ	 0	 0	 0	 0	 0	 0	 0	 0	 0	 0	 נָחוּץ
נשימה	 0	 0	 0	 0	 0	 0	 0	 0	 0	 0	 דְרִישָׁה
נשימ	 0	 0	 0	 0	 0	 1	 0	 0	 0	 0	 לבטל
פוגה	 0	 0	 0	 0	 0	 1	 0	 0	 0	 0	 ביטול
זורח	 0	 1	 0	 0	 1	 0	 1	 0	 1	 1	 לְהַצִיל
גיב	 0	 0	 0	 0	 0	 0	 0	 0	 0	 0	 מחקר
יב	 0	 0	 0	 1	 0	 0	 0	 0	 0	 0	 כְּרִיתָה
תגובה	 0	 0	 0	 0	 0	 0	 0	 0	 0	 0	 דִמיוֹן
אחריות	 0	 0	 0	 0	 0	 0	 0	 0	 0	 0	 לִדמוֹת
אחראי	 0	 0	 0	 0	 0	 0	 0	 0	 0	 0	 דוֹמֶה
גיב	 1	 0	 0	 0	 0	 1	 0	 0	 0	 0	 לְהִתְרַעֵם
נוחה	 1	 0	 0	 0	 0	 1	 0	 0	 0	 0	 מִתרַעֵם
סעדה	 1	 0	 1	 0	 0	 1	 0	 1	 0	 0	 טינה
רגיע	 0	 0	 0	 0	 0	 0	 0	 0	 0	 0	 הזמנה
חזרה	 0	 0	 0	 0	 0	 0	 1	 0	 0	 0	 לְהַזמִין
אי שקט	 0	 0	 0	 0	 0	 0	 0	 0	 0	 0	 שמורות
חזור	 0	 0	 0	 0	 0	 0	 0	 0	 0	 0	 עתודות
ריא	 0	 0	 0	 0	 0	 0	 0	 0	 0	 0	 מאגר
חזר	 0	 0	 0	 0	 0	 0	 0	 0	 0	 0	 לִשְׁכּוֹן
חזר	 0	 0	 0	 0	 0	 0	 0	 0	 0	 0	 מקום מגורים
רסנ	 0	 0	 0	 0	 0	 0	 0	 0	 0	 0	 מגורים
רוסנ	 0	 0	 0	 0	 0	 0	 1	 0	 0	 0	 תוֹשָׁב
גה	 0	 0	 0	 0	 0	 0	 0	 0	 0	 0	 שְׂרִידִי
גביל	 0	 0	 0	 0	 0	 0	 0	 0	 0	 0	 מִשׁקָע
גבל	 1	 0	 1	 1	 0	 1	 0	 1	 0	 0	 לְהִתְפַּטֵר
גבלה	 0	 0	 0	 0	 0	 1	 0	 1	 1	 0	 התפטרות
גביל	 0	 0	 0	 0	 0	 1	 0	 1	 0	 0	 התפטרתי
תוצאה	 0	 0	 0	 0	 0	 0	 0	 0	 0	 0	 כּוֹשֵׁר הִתאוֹשְׁשׁוּת
תוצאה מככ	 0	 0	 0	 0	 0	 0	 1	 0	 0	 0	 מִתאוֹשֵׁשׁ מַהֵר
חידוש	 0	 0	 0	 0	 0	 0	 0	 0	 0	 0	 שְׂרָף
תקומה	 0	 0	 0	 0	 0	 1	 0	 0	 0	 0	 לְהִתְנַגֵד
חיאה	 1	 0	 0	 0	 0	 1	 0	 0	 0	 0	 הִתנַגְדוּת
קמעונאות	 0	 0	 0	 1	 0	 1	 0	 0	 0	 0	 עָמִיד בִּפְנֵי
קמעונאי	 1	 0	 0	 1	 0	 1	 0	 1	 0	 0	 מתנגדים
ור	 0	 0	 0	 0	 0	 0	 1	 0	 0	 0	 התנגדות
ירה	 0	 0	 0	 0	 0	 0	 0	 0	 0	 0	 תַקִיף
צלמ שוב	 0	 0	 0	 0	 0	 0	 1	 0	 0	 0	 בנחישות
נקומ	 0	 0	 0	 0	 0	 0	 0	 0	 0	 0	 פתרון הבעיה
נקמה	 0	 0	 0	 0	 0	 0	 0	 0	 0	 0	 לִפְתוֹר
תגמול	 0	 0	 0	 0	 0	 0	 0	 0	 0	 0	 נפתר
עכב	 0	 0	 0	 0	 0	 0	 0	 0	 0	 0	 תְהוּדָה
פיגור	 0	 0	 0	 0	 0	 0	 0	 0	 0	 0	 מְהַדהֵד
חזקה	 0	 0	 0	 0	 0	 0	 0	 0	 0	 0	 לְהַדהֵד
מר	 0	 0	 0	 0	 0	 0	 0	 0	 0	 0	 מָהוֹד
אופק	 0	 0	 0	 0	 0	 0	 0	 0	 0	 0	 אתר נופש
רשתית	 0	 0	 0	 0	 0	 0	 0	 0	 0	 0	 צַלצְלָנִי
פרש	 0	 0	 0	 0	 1	 0	 1	 0	 0	 1	 אֶמְצָעִי
פרישה לגמלאות	 0	 1	 0	 0	 1	 0	 1	 0	 0	 1	 הערכה
פורש לגמלאות	 0	 0	 0	 0	 0	 0	 1	 0	 0	 0	 הֲגִינוּת
סופר מחדש	 0	 0	 0	 0	 0	 0	 1	 0	 0	 1	 מְכוּבָּד
אביק	 0	 0	 0	 0	 0	 0	 0	 0	 0	 0	 נִכבָּד
חזור על עקבותיו	 0	 0	 0	 0	 0	 0	 1	 0	 0	 1	 רוֹחֵשׁ כָּבוֹד
סגת	 0	 0	 0	 0	 0	 0	 1	 0	 0	 0	 מכבדים
תכחשות	 0	 0	 0	 0	 0	 0	 0	 0	 0	 0	 בהתאמה
חסכנות	 0	 0	 0	 0	 0	 0	 1	 0	 0	 1	 מכבדים
גמול	 0	 0	 0	 0	 0	 0	 0	 0	 0	 0	 נשימה
יפה	 0	 0	 0	 0	 0	 0	 0	 0	 0	 0	 מַנשִׁים
חזיר	 0	 0	 0	 0	 1	 0	 1	 0	 0	 1	 הֲפוּגָה
חזיר	 0	 0	 0	 0	 1	 0	 1	 0	 0	 0	 זוֹרֵחַ
רטרואקטיבי	 0	 0	 0	 0	 0	 0	 0	 0	 0	 0	 לְהָגִיב
דרדר	 0	 0	 0	 0	 0	 0	 0	 0	 0	 0	 משיב
דיעבד	 0	 0	 0	 0	 0	 0	 0	 0	 0	 0	 תְגוּבָה
רטרוספקטיבי	 0	 0	 0	 0	 0	 0	 0	 0	 0	 0	 אַחֲרָיוּת
פרע	 0	 0	 0	 0	 0	 0	 1	 0	 0	 1	 אחראי
חזור	 0	 1	 0	 0	 0	 0	 1	 0	 0	 1	 מגיב
איחוד	 0	 0	 0	 0	 0	 0	 1	 0	 0	 0	 מנוחה
גלות	 0	 0	 0	 0	 0	 0	 0	 0	 0	 0	 מִסעָדָה
רזח	 0	 0	 0	 0	 0	 0	 1	 0	 0	 0	 מַרגִיעַ
תגלות	 1	 0	 0	 0	 0	 0	 1	 0	 0	 0	 הַחזָרָה
תהוללימ	 0	 1	 0	 0	 0	 0	 0	 0	 0	 0	 אי שקט
נקמה	 0	 0	 0	 0	 0	 0	 0	 0	 0	 0	 שִׁחזוּר
נסה	 0	 1	 0	 0	 1	 0	 1	 0	 0	 1	 מַברִיא
דהוד	 0	 0	 0	 0	 0	 0	 0	 0	 0	 0	 מְשׁוּחזָר
עריצ	 0	 0	 0	 0	 0	 0	 1	 0	 0	 0	 משחזר
יראת כבוד	 1	 0	 0	 1	 0	 1	 0	 0	 0	 0	 לְרַסֵן
מר	 0	 0	 0	 1	 0	 0	 0	 0	 0	 0	 מרוסן
ירא שמימ	 0	 0	 0	 0	 0	 0	 1	 0	 0	 0	 הַבלָגָה
חלומ בהקיצ	 0	 0	 0	 0	 0	 1	 0	 1	 0	 0	 לְהַגבִּיל
תהפכות	 0	 0	 0	 0	 0	 0	 0	 0	 0	 0	 מוגבל
פוכ	 1	 0	 0	 1	 0	 1	 0	 1	 0	 0	 הַגבָּלָה
חזרה	 0	 0	 0	 0	 0	 1	 0	 0	 0	 0	 מַגְבִּיל
חזור	 0	 1	 0	 0	 0	 0	 0	 0	 0	 0	 תוֹצָאָה
חוזר	 0	 1	 0	 0	 0	 0	 0	 0	 0	 0	 כתוצאה מכך
סקירה	 0	 0	 0	 0	 0	 0	 1	 0	 0	 0	 חידוש
סוקר	 0	 0	 0	 0	 0	 0	 0	 0	 0	 0	 תְקוּמָה
נות	 0	 0	 0	 0	 0	 0	 0	 0	 0	 0	 הַחיָאָה
עדכונ	 0	 0	 0	 0	 0	 0	 0	 0	 0	 0	 קמעונאות
קר מחדש	 0	 0	 0	 0	 0	 0	 0	 0	 0	 0	 קִמעוֹנַאִי
תחדשות	 0	 0	 0	 0	 0	 0	 0	 0	 0	 1	 לִשְׁמוֹר
חיות	 0	 0	 0	 0	 0	 0	 0	 0	 0	 0	 שמירה
פסילה	 0	 0	 0	 0	 0	 0	 0	 0	 0	 0	 לְצַלֵם שׁוּב
טל	 1	 0	 0	 0	 0	 1	 0	 0	 0	 0	 לִנְקוֹם
רד	 1	 0	 0	 1	 0	 1	 0	 0	 0	 0	 נְקָמָה
געיל	 1	 0	 0	 0	 0	 1	 0	 0	 0	 0	 תגמול
פכה	 0	 0	 1	 1	 0	 1	 0	 1	 0	 0	 לְעַכֵּב
פכני	 0	 0	 0	 0	 0	 1	 0	 0	 0	 0	 פיגור
חולל מהפכה	 0	 0	 0	 0	 0	 0	 1	 0	 0	 0	 הַחזָקָה
סובב	 0	 0	 0	 0	 0	 0	 0	 0	 0	 0	 שומר
אקדח תופי	 0	 0	 0	 1	 0	 1	 0	 0	 0	 0	 מְאוּפָּק
סלידה	 0	 0	 0	 0	 0	 0	 0	 0	 0	 0	 רִשׁתִית
פרס	 0	 0	 0	 0	 0	 0	 0	 0	 0	 0	 פרש
רטוריקה	 0	 1	 0	 1	 1	 1	 1	 1	 0	 1	 פרישה לגמלאות
רטורי	 0	 0	 0	 0	 0	 0	 0	 0	 0	 0	 פורש לגמלאות
גרונ	 0	 0	 0	 0	 0	 0	 0	 0	 0	 0	 מסופר מחדש
חרוז	 0	 0	 0	 0	 0	 1	 0	 0	 0	 0	 אַבִּיק
תחרז	 0	 0	 0	 0	 0	 0	 0	 0	 0	 0	 לַחֲזוֹר עַל עִקבוֹתָיו
קצב	 1	 0	 0	 0	 0	 1	 0	 0	 0	 0	 לָסֶגֶת
קצוב	 0	 0	 0	 0	 0	 1	 0	 0	 0	 0	 הִתכַּחֲשׁוּת
צלע	 0	 0	 0	 1	 0	 1	 0	 0	 0	 0	 חַסְכָנוּת
צולע	 1	 0	 0	 1	 0	 1	 0	 1	 0	 0	 גְמוּל
סרט	 0	 0	 0	 0	 0	 0	 0	 0	 0	 0	 שְׁלִיפָה
אורז	 0	 0	 0	 0	 0	 0	 0	 0	 0	 0	 להחזיר
עושר	 0	 0	 0	 0	 0	 0	 0	 0	 0	 0	 מחזיר
עושר	 0	 0	 0	 0	 0	 0	 0	 0	 0	 0	 רֶטרוֹאַקטִיבִי
ריק	 0	 0	 0	 0	 0	 1	 0	 0	 0	 0	 מְדַרדֵר
רעוע	 0	 0	 0	 0	 0	 0	 0	 0	 0	 0	 בדיעבד
חרר	 0	 0	 0	 0	 0	 0	 0	 0	 0	 0	 רֶטרוֹספֶּקטִיבִי
פרדה	 0	 0	 0	 0	 0	 0	 0	 0	 0	 0	 לְמַפרֵעַ
חידה	 0	 0	 0	 0	 0	 0	 0	 0	 0	 0	 לַחֲזוֹר
חידות	 0	 1	 0	 0	 0	 0	 1	 0	 0	 1	 איחוד
נסיעה	 0	 0	 0	 0	 0	 0	 0	 0	 0	 0	 לְגַלוֹת
רוכב	 0	 0	 0	 0	 1	 0	 1	 0	 0	 0	 מַרזֵחַ
רכס	 0	 0	 0	 0	 0	 0	 0	 0	 0	 0	 הִתגַלוּת
עג	 0	 0	 0	 0	 1	 0	 1	 0	 0	 0	 מתהוללים
גוחכ	 1	 1	 0	 1	 0	 1	 0	 0	 1	 0	 נְקָמָה
רכיבה	 0	 0	 0	 0	 0	 0	 0	 0	 0	 0	 הַכנָסָה
פעת	 0	 0	 0	 0	 0	 0	 0	 0	 0	 0	 הִדהוּד
רובה	 0	 1	 0	 0	 1	 0	 1	 0	 0	 1	 לְהַעֲרִיץ
רובימ	 0	 0	 0	 0	 1	 0	 1	 0	 0	 1	 יִראַת כָּבוֹד
קרע	 0	 0	 0	 0	 1	 0	 1	 0	 0	 0	 כּוֹמֶר
וש	 0	 0	 0	 0	 0	 0	 0	 0	 0	 0	 יָרֵא שָׁמַיִם
חבלול	 0	 0	 0	 0	 1	 0	 1	 0	 0	 1	 חֲלוֹם בְּהָקִיץ
צדיק	 1	 0	 1	 0	 0	 1	 0	 0	 1	 0	 הִתְהַפְּכוּת
צודק	 0	 0	 0	 0	 0	 0	 0	 0	 0	 0	 לַהֲפוֹך
צדק	 0	 0	 0	 0	 0	 0	 0	 0	 0	 0	 חֲזָרָה
נוקשה	 0	 0	 0	 0	 0	 0	 0	 0	 0	 0	 לַחֲזוֹר
קשיחות	 0	 0	 0	 0	 0	 0	 0	 0	 0	 0	 חוזר
קפדה	 0	 0	 0	 0	 0	 0	 0	 0	 0	 0	 סקירה
קפדני	 0	 0	 0	 0	 0	 0	 0	 0	 0	 0	 סוקר
פה	 0	 0	 0	 0	 0	 0	 1	 0	 0	 0	 לְשַׁנוֹת
קרומ	 0	 0	 0	 0	 0	 0	 0	 0	 0	 0	 עדכון
טבעת	 0	 0	 0	 0	 0	 0	 0	 0	 0	 0	 לבקר מחדש
צלצל	 0	 1	 0	 0	 1	 0	 1	 0	 0	 1	 הִתחַדְשׁוּת
צלצול	 0	 1	 0	 0	 0	 1	 1	 0	 0	 0	 לְהַחִיוֹת
טח החלקה	 0	 0	 0	 0	 0	 1	 0	 0	 0	 0	 פסילה
טופ	 1	 0	 1	 1	 0	 1	 0	 1	 0	 0	 לְבַטֵל
תפרעות	 1	 0	 0	 0	 0	 1	 0	 0	 1	 0	 מֶרֶד
פרוע	 1	 0	 1	 1	 0	 1	 0	 0	 0	 0	 מַגְעִיל
גדות	 1	 1	 0	 1	 0	 1	 1	 1	 1	 0	 מַהְפֵּכָה
של	 0	 0	 0	 0	 0	 0	 1	 0	 0	 0	 מַהְפֵּכָנִי
יל	 0	 0	 0	 0	 0	 0	 0	 0	 0	 0	 לְחוֹלֵל מַהְפֵּכָה
לה	 0	 0	 0	 0	 0	 0	 0	 0	 0	 0	 סובב
אדוה	 1	 0	 0	 1	 0	 1	 0	 1	 0	 0	 אֶקדָח תוּפִּי
עלות	 1	 0	 1	 1	 0	 1	 0	 0	 0	 0	 סְלִידָה
עולה	 0	 1	 0	 0	 1	 0	 1	 0	 1	 1	 פרס
סתכנ	 0	 0	 0	 0	 0	 0	 0	 0	 0	 0	 רֵטוֹרִיקָה
סוכנ	 0	 0	 0	 0	 0	 0	 0	 0	 0	 0	 רֵטוֹרִי
טקס	 1	 0	 0	 1	 0	 1	 0	 1	 0	 0	 שִׁגָרוֹן
פולחנ	 0	 0	 0	 0	 0	 0	 0	 0	 0	 0	 חרוז
פולחני	 0	 0	 0	 0	 0	 0	 0	 0	 0	 0	 מתחרז
תחרות	 0	 0	 0	 0	 0	 0	 1	 0	 0	 0	 קֶצֶב
יריבות	 0	 0	 0	 0	 1	 0	 1	 0	 1	 0	 קָצוּב
נהר	 0	 0	 0	 0	 0	 0	 0	 0	 0	 0	 צֵלָע
גדת נהר	 0	 0	 0	 0	 0	 0	 0	 0	 0	 0	 מְצוּלָע
סמרת	 1	 1	 0	 0	 1	 0	 1	 0	 0	 0	 סֶרֶט
סומרר	 0	 0	 0	 0	 0	 0	 0	 0	 0	 0	 אורז
סמרור	 0	 0	 0	 0	 0	 0	 0	 0	 0	 0	 עוֹשֶׁר
יש	 0	 0	 0	 0	 0	 0	 1	 0	 0	 0	 עוֹשֶׁר
ישימ	 0	 0	 0	 0	 0	 0	 0	 0	 0	 0	 ריק
נית פתוחה	 0	 0	 0	 0	 0	 1	 0	 0	 0	 0	 רָעוּעַ
יש	 0	 0	 0	 0	 0	 0	 0	 0	 0	 0	 לְשַׁחְרֵר
נדוד	 0	 0	 0	 0	 0	 0	 0	 0	 0	 0	 הפרדה
אגה	 0	 0	 0	 0	 0	 0	 0	 0	 1	 0	 חִידָה
צלי	 0	 0	 0	 0	 0	 1	 0	 0	 0	 0	 חידות
דוד	 0	 0	 0	 0	 0	 0	 0	 0	 0	 0	 נסיעה
דד	 0	 0	 0	 0	 0	 0	 1	 0	 0	 0	 רוכב
וד	 0	 0	 0	 0	 0	 0	 0	 0	 0	 0	 רֶכֶס
חלוק	 1	 0	 1	 0	 0	 1	 0	 1	 0	 0	 לַעַג
רובוט	 1	 0	 1	 0	 0	 1	 0	 0	 0	 0	 מְגוּחָך
רובוטיקה	 0	 0	 0	 0	 0	 0	 0	 0	 0	 0	 רכיבה
חסונ	 0	 0	 0	 0	 0	 1	 0	 0	 0	 0	 שופעת
סלע	 1	 0	 0	 1	 0	 1	 0	 0	 0	 0	 רובה
רקטה	 0	 0	 0	 0	 0	 0	 0	 0	 0	 0	 רובים
סלעימ	 0	 0	 0	 0	 0	 1	 0	 0	 0	 0	 קֶרַע
וט	 0	 0	 0	 0	 0	 0	 0	 0	 0	 0	 לבוש
יצי דגימ	 0	 0	 0	 0	 0	 0	 0	 0	 0	 0	 חִבלוּל
נוכל	 0	 0	 0	 0	 0	 0	 1	 0	 0	 0	 צַדִיק
תפקיד	 0	 0	 0	 0	 0	 0	 1	 0	 0	 0	 צודק
גליל	 0	 0	 0	 0	 0	 0	 1	 0	 0	 0	 בצדק
בש	 0	 0	 0	 0	 0	 1	 0	 0	 0	 0	 נוקשה
רולימ	 0	 0	 0	 0	 0	 1	 0	 0	 0	 0	 קְשִׁיחוּת
תגלגל	 0	 0	 1	 1	 0	 1	 0	 0	 0	 0	 הַקפָּדָה
גלגול	 0	 0	 0	 0	 0	 1	 0	 0	 0	 0	 קַפְּדָנִי
רומנטיקה	 0	 0	 0	 0	 0	 0	 0	 0	 0	 0	 שפה
רומנטי	 0	 0	 0	 0	 0	 0	 0	 0	 0	 0	 קְרוּם
רומנטיקה	 0	 0	 0	 0	 0	 0	 0	 0	 0	 0	 טַבַּעַת
תובב	 1	 0	 0	 0	 0	 1	 0	 0	 0	 0	 מצלצל
גג	 0	 0	 0	 0	 0	 0	 0	 0	 0	 0	 צִלצוּל
צריח	 0	 0	 0	 0	 0	 0	 0	 0	 0	 0	 משטח החלקה
חדר	 0	 0	 0	 0	 0	 0	 0	 0	 0	 0	 לִשְׁטוֹף
רווח	 1	 0	 0	 1	 0	 1	 0	 0	 0	 0	 הִתפָּרְעוּת
ול	 1	 0	 0	 1	 0	 1	 0	 0	 1	 0	 פָּרוּעַ
תרנגול	 0	 0	 0	 0	 0	 0	 0	 0	 0	 0	 גדות
רש	 0	 0	 0	 0	 0	 0	 1	 0	 0	 0	 בָּשֵׁל
רש	 0	 1	 0	 0	 0	 0	 1	 0	 0	 0	 לְהַבשִׁיל
חבל	 0	 0	 0	 0	 0	 0	 0	 0	 0	 0	 הַבשָׁלָה
חרוזת תפילה	 0	 0	 0	 0	 0	 0	 0	 0	 0	 0	 אַדְוָה
רד	 0	 0	 0	 0	 0	 0	 0	 0	 0	 0	 לעלות
רוזמרינ	 0	 1	 0	 0	 1	 0	 1	 0	 0	 0	 עוֹלֶה
שנ	 0	 1	 0	 1	 0	 1	 0	 0	 0	 0	 לְהִסְתָכֵּן
ח תורנויות	 0	 1	 0	 1	 0	 1	 0	 0	 0	 0	 מְסוּכָּן
רוד	 0	 0	 0	 0	 0	 0	 0	 0	 0	 0	 טקס
רקב	 0	 0	 0	 0	 0	 0	 0	 0	 0	 0	 פּוּלחָן
ח תורנויות	 0	 0	 0	 0	 0	 0	 0	 0	 0	 0	 פולחני
חזורי	 0	 0	 0	 0	 0	 0	 0	 0	 0	 0	 לְהִתְחַרוֹת
תחלפ	 1	 0	 0	 0	 0	 1	 0	 0	 0	 0	 יְרִיבוּת
רוטציה	 0	 0	 0	 0	 0	 0	 0	 0	 0	 0	 נהר
רוט	 0	 0	 0	 0	 0	 0	 0	 0	 0	 0	 גדת נהר
רוטור	 0	 0	 0	 0	 0	 0	 0	 0	 0	 0	 מְסַמֶרֶת
נרקב	 0	 0	 0	 0	 0	 0	 0	 0	 0	 0	 מְסוּמרָר
סומק	 0	 0	 0	 0	 0	 0	 1	 0	 0	 0	 סִמרוּר
חוספס	 0	 0	 0	 0	 0	 0	 0	 0	 0	 0	 כְּבִישׁ
ערכ	 0	 0	 0	 0	 0	 0	 0	 0	 0	 0	 כבישים
חספוס	 0	 0	 0	 0	 1	 0	 1	 0	 0	 1	 מְכוֹנִית פְּתוּחָה
רולטה	 0	 0	 0	 0	 0	 0	 0	 0	 0	 0	 כביש
עגול	 0	 0	 0	 0	 0	 0	 0	 0	 0	 0	 לִנְדוֹד
יכר תנועה	 0	 0	 0	 0	 0	 0	 0	 0	 0	 0	 שְׁאָגָה
עוגל	 0	 0	 0	 0	 0	 0	 0	 0	 0	 0	 צָלִי
תכנס	 1	 0	 1	 1	 0	 1	 0	 1	 0	 0	 לִשְׁדוֹד
עורר	 0	 0	 1	 1	 0	 1	 0	 0	 0	 0	 שׁוֹדֵד
עצבני	 1	 0	 1	 1	 0	 1	 0	 1	 0	 0	 שׁוֹד
יב	 0	 0	 0	 0	 0	 0	 0	 0	 0	 0	 חלוק
יס	 0	 0	 0	 0	 0	 0	 0	 0	 0	 0	 רוֹבּוֹט
סלול	 0	 0	 0	 0	 0	 0	 0	 0	 0	 0	 רובוטיקה
גרה	 0	 0	 0	 0	 0	 0	 1	 0	 0	 0	 חָסוֹן
נודד	 0	 0	 0	 0	 0	 0	 0	 0	 0	 0	 roc
נדידה	 0	 0	 0	 0	 0	 0	 1	 0	 0	 0	 סלע
רה	 1	 0	 0	 0	 0	 0	 0	 0	 0	 0	 רָקֵטָה
רעשני	 0	 0	 0	 0	 0	 0	 0	 0	 0	 0	 סלעים
תי	 0	 0	 0	 1	 0	 0	 1	 0	 0	 1	 מוֹט
תמלוגימ	 0	 0	 0	 0	 0	 0	 0	 0	 0	 0	 בֵּיצֵי דָגִים
פשפ	 0	 0	 1	 0	 0	 1	 0	 0	 0	 0	 נוכל
גומי	 0	 0	 0	 0	 0	 0	 0	 0	 0	 0	 תַפְקִיד
גומיות	 0	 0	 0	 0	 0	 0	 0	 0	 0	 0	 גָלִיל
פשופ	 0	 0	 0	 0	 0	 0	 0	 0	 0	 0	 מַכבֵּשׁ
זבל	 0	 0	 0	 0	 0	 0	 0	 0	 0	 0	 רולים
רי אבנימ	 0	 0	 0	 0	 1	 0	 1	 0	 0	 0	 מתגלגל
תרת	 0	 0	 0	 0	 0	 0	 0	 0	 0	 0	 גִלגוּל
אודמ	 0	 1	 0	 1	 1	 0	 1	 1	 1	 1	 רומנטיקה
גה	 0	 1	 0	 0	 1	 0	 1	 0	 0	 1	 רוֹמַנטִי
אדמדמ	 0	 0	 0	 0	 1	 0	 1	 0	 0	 0	 רוֹמַנטִיקָה
ראשוני	 0	 0	 0	 0	 1	 0	 1	 0	 0	 0	 לְהִשְׁתוֹבֵב
יסודות ראשונימ	 0	 0	 0	 0	 0	 0	 0	 0	 0	 0	 גג
צטער	 1	 0	 1	 0	 0	 1	 0	 0	 0	 0	 צָרִיחַ
פרוע	 0	 0	 0	 0	 0	 0	 0	 0	 0	 0	 חֶדֶר
טיח	 0	 0	 0	 0	 0	 0	 0	 0	 0	 0	 מְרוּוָח
חוספס	 0	 0	 0	 0	 0	 0	 0	 0	 0	 0	 לוּל
רוס	 0	 0	 0	 0	 0	 0	 0	 0	 0	 0	 תַרְנְגוֹל
רוס	 0	 0	 0	 0	 0	 0	 0	 0	 0	 0	 שורש
רסני	 0	 0	 0	 0	 0	 0	 1	 0	 0	 1	 מוּשׁרָשׁ
חורבות	 0	 0	 0	 0	 0	 0	 0	 0	 0	 0	 חֶבֶל
לל	 0	 0	 0	 0	 0	 0	 0	 0	 0	 0	 מַחְרוֹזֶת תְפִילָה
סרגל	 0	 0	 0	 0	 0	 0	 0	 0	 0	 0	 ורד
פסק דינ	 0	 0	 0	 0	 0	 0	 0	 0	 0	 0	 רוזמרין
רומ	 0	 0	 0	 0	 0	 0	 0	 0	 0	 0	 שׁוֹשָׁן
רעיש	 0	 0	 0	 0	 0	 0	 0	 0	 0	 0	 לוּחַ תוֹרָנוּיוֹת
חטט	 0	 0	 0	 0	 0	 0	 1	 0	 0	 0	 וָרוֹד
עה	 0	 0	 1	 1	 0	 1	 0	 1	 0	 0	 רָקָב
עות	 0	 0	 0	 0	 0	 0	 1	 0	 0	 1	 לוּחַ תוֹרָנוּיוֹת
עכוז	 0	 0	 0	 0	 0	 0	 0	 0	 0	 0	 מַחזוֹרִי
רוח	 0	 0	 0	 0	 0	 0	 0	 0	 0	 0	 להתחלף
רונימ	 0	 0	 0	 0	 0	 0	 0	 0	 0	 0	 רוֹטַציָה
לב	 0	 0	 0	 0	 0	 0	 0	 0	 0	 0	 רוט
רצ	 0	 0	 0	 0	 0	 0	 0	 0	 0	 0	 רוטור
רצ	 0	 0	 1	 0	 0	 1	 0	 0	 0	 0	 נרקב
סלול המראה	 0	 0	 0	 0	 0	 0	 0	 0	 0	 0	 סוֹמֶק
קרע	 0	 0	 0	 0	 0	 0	 0	 0	 0	 0	 מְחוּספָּס
פרי	 0	 0	 0	 0	 0	 0	 0	 0	 0	 0	 בְּעֵרֶך
תחבולה	 0	 0	 0	 0	 0	 1	 0	 0	 0	 0	 חִספּוּס
הר	 0	 1	 0	 0	 0	 0	 0	 0	 0	 0	 רוּלֶטָה
חלודה	 0	 0	 0	 0	 0	 0	 0	 0	 0	 0	 עָגוֹל
פרי	 0	 0	 0	 0	 0	 0	 0	 0	 0	 0	 כיכר תנועה
רשרוש	 0	 0	 0	 0	 0	 0	 0	 0	 0	 0	 מְעוּגָל
חלוד	 0	 0	 0	 0	 0	 0	 0	 0	 0	 0	 מתכנס
גרה	 0	 0	 0	 0	 0	 0	 0	 0	 0	 0	 לְעוֹרֵר
רות	 0	 0	 0	 0	 0	 0	 0	 0	 0	 0	 עצבני
חסר רחמימ	 0	 0	 0	 0	 0	 0	 0	 0	 0	 0	 מַלהִיב
יפונ	 0	 0	 0	 0	 0	 1	 0	 0	 0	 0	 לִהַבִיס
סיפ	 0	 0	 0	 0	 0	 0	 0	 0	 0	 0	 מַסלוּל
צובל	 0	 0	 0	 0	 0	 0	 1	 0	 0	 1	 שגרה
חבלה	 0	 0	 0	 0	 0	 0	 0	 0	 0	 0	 נוֹדֵד
פוחית	 0	 0	 0	 0	 0	 0	 0	 0	 0	 0	 נְדִידָה
שק	 1	 0	 0	 0	 0	 1	 0	 0	 0	 0	 שׁוּרָה
טקס נוצרי	 0	 0	 0	 0	 0	 1	 0	 0	 0	 0	 רַעֲשָׁנִי
קדוש	 0	 0	 0	 0	 0	 0	 0	 0	 0	 0	 מלכותי
קורבנות	 0	 0	 0	 0	 0	 0	 1	 0	 0	 0	 תמלוגים
אוכפ	 0	 0	 0	 0	 0	 0	 0	 0	 0	 0	 לשפשף
רבה הצער	 0	 0	 0	 0	 0	 0	 0	 0	 0	 0	 גוּמִי
עצב	 0	 0	 0	 0	 0	 0	 0	 0	 0	 0	 גומיות
טוח	 0	 0	 0	 0	 0	 0	 0	 0	 0	 0	 שִׁפשׁוּף
גנ	 0	 0	 1	 0	 0	 1	 0	 0	 0	 0	 זבל
ירה	 0	 0	 0	 1	 0	 1	 0	 1	 0	 0	 שִׁברֵי אָבָנִים
טיחות	 0	 0	 0	 0	 0	 0	 1	 0	 0	 0	 כּוֹתֶרֶת
זעפרנ	 0	 0	 0	 0	 0	 0	 0	 0	 0	 0	 אוֹדֶם
קוע	 0	 0	 0	 0	 0	 0	 0	 0	 0	 0	 הֶגֶה
סגה	 0	 0	 0	 0	 0	 0	 0	 0	 0	 0	 אֲדַמדַם
רווה	 0	 0	 0	 0	 0	 0	 0	 0	 0	 0	 רִאשׁוֹנִי
פרש	 0	 0	 0	 0	 0	 0	 0	 0	 0	 0	 יְסוֹדוֹת רִאשׁוֹנִים
יט	 0	 0	 0	 0	 0	 1	 0	 1	 0	 0	 להצטער
לח	 0	 0	 0	 0	 0	 0	 0	 0	 0	 0	 ruff
קדוש	 0	 0	 0	 0	 0	 1	 0	 0	 0	 0	 לִפְרוֹעַ
קדוש	 0	 0	 0	 0	 0	 0	 0	 0	 0	 0	 שָׁטִיחַ
סלט	 0	 0	 0	 0	 0	 1	 0	 0	 0	 0	 מחוספס
סלמנדרה	 0	 0	 0	 1	 0	 1	 0	 1	 0	 0	 לַהֲרוֹס
כר	 1	 0	 1	 1	 0	 1	 0	 1	 0	 0	 הָרוּס
ירה	 1	 0	 1	 1	 0	 1	 0	 1	 0	 0	 הַרסָנִי
איש מכירות	 0	 0	 0	 0	 0	 0	 0	 0	 0	 0	 חורבות
לט	 0	 0	 0	 1	 0	 0	 0	 0	 0	 1	 כְּלָל
חית	 0	 0	 0	 0	 0	 0	 0	 0	 0	 0	 סרגל
רוק	 0	 0	 0	 0	 0	 0	 0	 0	 0	 0	 פְּסַק דִין
סאלי	 0	 0	 0	 0	 0	 0	 0	 0	 0	 0	 רום
סלונ	 0	 0	 0	 0	 0	 0	 0	 0	 0	 0	 לְהַרְעִישׁ
סבאה	 0	 0	 0	 0	 0	 0	 0	 0	 0	 0	 לְחַטֵט
לח	 0	 0	 0	 0	 0	 1	 0	 1	 0	 0	 שְׁמוּעָה
וח	 0	 0	 0	 0	 0	 0	 0	 0	 0	 0	 שמועות
עיל	 0	 0	 0	 0	 0	 0	 0	 0	 0	 0	 עַכּוּז
דברי ברכה	 0	 0	 0	 0	 0	 1	 0	 1	 0	 0	 לברוח
צדעה	 0	 0	 0	 0	 0	 0	 0	 0	 0	 0	 רונים
ציל	 0	 0	 0	 0	 0	 0	 0	 0	 0	 0	 שָׁלָב
ישועה	 0	 0	 0	 0	 0	 0	 0	 0	 0	 0	 רָץ
חה	 0	 0	 0	 0	 0	 0	 0	 0	 0	 0	 רץ
סמבה	 0	 0	 0	 0	 0	 0	 0	 0	 0	 0	 מסלול המראה
זהות	 0	 0	 0	 1	 0	 1	 0	 1	 1	 0	 קֶרַע
סמוראי	 0	 0	 0	 0	 0	 0	 0	 0	 0	 0	 כַּפרִי
קדשה	 0	 0	 0	 0	 0	 1	 0	 0	 0	 0	 תַחְבּוּלָה
קודש	 0	 0	 0	 0	 0	 0	 0	 0	 0	 0	 לְמַהֵר
קדש	 0	 0	 0	 0	 0	 1	 0	 0	 0	 0	 חֲלוּדָה
סנקציה	 0	 0	 0	 0	 0	 0	 0	 0	 0	 0	 כַּפרִי
סנקציות	 0	 0	 0	 0	 0	 0	 0	 0	 0	 0	 רִשׁרוּשׁ
קדושה	 0	 0	 0	 0	 0	 1	 0	 0	 0	 0	 חָלוּד
קלט	 0	 0	 0	 0	 0	 0	 0	 0	 0	 0	 שִׁגרָה
חול	 0	 0	 0	 0	 0	 0	 1	 0	 0	 0	 רות
סנדל	 1	 0	 1	 1	 0	 1	 0	 0	 0	 0	 חֲסַר רַחֲמִים
חז	 0	 0	 0	 0	 0	 0	 0	 0	 0	 0	 שיפון
חולות	 1	 0	 0	 1	 0	 1	 0	 0	 0	 0	 סַיִף
חולי	 0	 0	 0	 0	 0	 0	 0	 0	 0	 0	 צוֹבֶל
פוי בדעתו	 1	 0	 1	 1	 0	 1	 0	 1	 1	 0	 חַבָּלָה
אדמוני	 0	 0	 0	 0	 0	 0	 0	 0	 0	 0	 שַׁלפּוּחִית
תברואתי	 0	 0	 0	 0	 0	 0	 0	 0	 0	 0	 שַׂק
פיות	 0	 0	 0	 0	 0	 0	 0	 0	 0	 0	 טֶקֶס נוֹצרִי
תיש	 0	 0	 0	 0	 0	 0	 0	 0	 0	 0	 קָדוֹשׁ
ספיר	 0	 0	 1	 1	 0	 1	 0	 1	 0	 0	 קורבנות
טה	 0	 0	 0	 0	 0	 0	 0	 0	 0	 0	 אוּכָּף
סרקזמ	 0	 0	 0	 0	 0	 1	 0	 1	 0	 0	 למרבה הצער
סרקומה	 0	 0	 0	 0	 0	 1	 0	 1	 0	 1	 עֶצֶב
ציני	 0	 0	 0	 0	 1	 0	 1	 0	 0	 1	 בטוח
אבנט	 0	 0	 0	 0	 0	 0	 1	 0	 0	 1	 לְהַגֵן
טני	 0	 0	 0	 0	 0	 0	 0	 0	 0	 1	 שמירה
תרמיל	 0	 0	 0	 0	 0	 0	 0	 0	 0	 0	 בְּטִיחוּת
יע	 0	 0	 0	 0	 0	 0	 0	 0	 0	 0	 זעפרן
יינ	 0	 0	 0	 1	 0	 1	 0	 0	 0	 0	 לִשְׁקוֹעַ
שי	 0	 0	 0	 0	 0	 0	 0	 0	 0	 0	 סָגָה
סאטירה	 0	 0	 0	 0	 0	 0	 1	 0	 0	 1	 מרווה
סאטירי	 0	 0	 0	 0	 0	 0	 0	 0	 0	 0	 מפרש
יעות רצונ	 0	 0	 0	 0	 0	 0	 0	 0	 0	 0	 שַׁיִט
אופנ משביע רצונ	 0	 0	 0	 0	 0	 0	 0	 0	 0	 0	 מלח
ע רצונ	 0	 1	 0	 0	 1	 0	 1	 0	 1	 1	 קָדוֹשׁ
רוות	 0	 1	 0	 0	 1	 0	 1	 0	 1	 1	 קָדוֹשׁ
רווי	 0	 0	 0	 0	 0	 0	 0	 0	 0	 0	 סלט
רווי	 0	 0	 0	 0	 0	 0	 0	 0	 0	 0	 סַלָמַנדְרָה
רוטב	 0	 1	 0	 0	 1	 0	 1	 0	 0	 1	 שכר
סיר	 0	 0	 0	 0	 0	 0	 0	 0	 0	 0	 מְכִירָה
צלחת	 0	 0	 0	 0	 0	 0	 0	 0	 0	 0	 איש מכירות
חצופ	 0	 0	 0	 0	 0	 0	 1	 0	 0	 0	 בּוֹלֵט
רוב כבוש	 0	 0	 0	 0	 0	 0	 0	 0	 0	 0	 מִלְחִית
סאונה	 0	 1	 0	 0	 0	 0	 0	 0	 0	 0	 רוֹק
פרא אדמ	 0	 0	 0	 0	 0	 0	 0	 0	 1	 0	 סאלי
פראות	 0	 0	 0	 0	 0	 0	 0	 0	 0	 0	 סָלוֹן
סוואנה	 1	 0	 0	 0	 0	 0	 0	 0	 0	 0	 מִסְבָּאָה
ור	 0	 0	 0	 0	 0	 0	 0	 0	 0	 0	 מלח
חסכונ	 0	 0	 0	 0	 0	 0	 0	 0	 0	 0	 מָלוּחַ
חיסכונ	 0	 0	 0	 0	 1	 0	 1	 0	 0	 1	 מוֹעִיל
טעמ	 0	 0	 0	 0	 0	 0	 0	 0	 0	 0	 דִברֵי בְּרָכָה
תובל	 0	 0	 0	 0	 1	 0	 1	 0	 0	 0	 הַצדָעָה
נה	 0	 0	 0	 0	 0	 0	 0	 0	 0	 0	 לְהַצִיל
נסורת	 0	 1	 0	 0	 1	 0	 1	 0	 0	 1	 ישועה
סקסונ	 0	 0	 0	 0	 0	 0	 1	 0	 0	 0	 מִשְׁחָה
סקסופונ	 0	 0	 0	 0	 0	 0	 0	 0	 0	 0	 סמבה
גלד	 0	 0	 0	 0	 0	 0	 0	 0	 0	 0	 זֶהוּת
נדנ	 0	 0	 0	 1	 0	 0	 1	 0	 0	 0	 סמוראי
גרדומ	 0	 0	 0	 0	 1	 0	 1	 0	 0	 1	 הַקדָשָׁה
פיגומימ	 0	 0	 0	 0	 0	 0	 0	 0	 0	 0	 מְקוּדָשׁ
סולמ	 0	 1	 0	 0	 1	 0	 1	 1	 1	 1	 לְקַדֵשׁ
אזניימ	 0	 0	 0	 0	 0	 0	 0	 0	 0	 0	 סַנקצִיָה
צדפה	 0	 0	 0	 0	 0	 0	 0	 0	 0	 0	 הסנקציות
קרקפת	 0	 0	 0	 0	 0	 0	 0	 0	 0	 0	 קְדוּשָׁה
אזמל	 0	 1	 0	 0	 1	 0	 1	 0	 0	 1	 מִקְלָט
קשקשי	 0	 0	 0	 0	 0	 0	 0	 0	 0	 0	 חוֹל
סרוק	 0	 0	 0	 0	 0	 0	 0	 0	 0	 0	 סַנְדָל
סקנדל	 0	 0	 0	 0	 0	 0	 0	 0	 0	 0	 מַשׁחֵז
ערורייתי	 0	 0	 0	 0	 0	 0	 0	 0	 0	 0	 חולות
עט	 0	 0	 0	 0	 0	 0	 0	 0	 0	 0	 חוֹלִי
עיר לעזאזל	 0	 0	 0	 0	 0	 0	 0	 0	 0	 0	 שָׁפוּי בְּדַעתוֹ
צלקת	 0	 0	 0	 0	 0	 0	 1	 0	 0	 0	 אַדְמוֹנִי
חפושית פרעה	 0	 0	 0	 0	 0	 0	 1	 0	 0	 0	 תַבְרוּאָתִי
נדיר	 0	 0	 0	 0	 0	 0	 0	 0	 0	 0	 שְׁפִיוּת
עט שלא	 0	 0	 0	 0	 0	 0	 0	 0	 0	 0	 sans
חסור	 0	 0	 0	 0	 0	 1	 0	 1	 0	 0	 לְהַתִישׁ
פחיד	 0	 0	 0	 0	 0	 0	 0	 0	 0	 0	 סַפִּיר
דחליל	 0	 0	 0	 0	 0	 0	 0	 0	 0	 1	 שׁוֹטֶה
צעיפ	 1	 0	 1	 0	 0	 1	 0	 1	 0	 0	 סרקזם
ני	 0	 0	 0	 1	 0	 1	 0	 1	 0	 0	 סרקומה
פזר	 0	 0	 0	 0	 0	 1	 0	 0	 0	 0	 צִינִי
פוזר	 0	 0	 0	 0	 0	 0	 0	 0	 0	 0	 אַבנֵט
פזור	 1	 0	 0	 0	 0	 1	 0	 0	 0	 0	 שְׂטָנִי
זבל	 0	 0	 0	 0	 0	 0	 0	 0	 0	 0	 תַרמִיל
סצינה	 0	 0	 0	 0	 0	 0	 0	 0	 0	 0	 לְהַשְׂבִיעַ
נופ	 0	 0	 0	 0	 0	 0	 0	 0	 0	 0	 לוויין
נופי	 0	 0	 0	 0	 0	 0	 1	 0	 0	 0	 מֶשִׁי
ריח	 0	 0	 0	 0	 0	 0	 0	 0	 0	 0	 סָאטִירָה
סקפטי	 0	 0	 0	 0	 0	 0	 0	 0	 0	 0	 סאטירי
ספקנות	 0	 0	 0	 0	 0	 0	 0	 0	 0	 0	 שביעות רצון
סכמטי	 0	 0	 0	 0	 0	 0	 1	 0	 0	 0	 באופן משביע רצון
תכנית	 0	 0	 0	 0	 1	 0	 1	 0	 0	 0	 שבע רצון
קרע	 0	 0	 0	 0	 0	 0	 0	 0	 0	 0	 לְהַרְווֹת
סכיזופרניה	 0	 0	 1	 0	 0	 1	 0	 0	 0	 0	 רָווּי
מד	 0	 0	 0	 0	 0	 0	 0	 0	 0	 0	 רִוּוּי
מד	 0	 0	 0	 0	 0	 0	 0	 0	 0	 0	 רוטב
ילגה	 0	 0	 0	 0	 0	 0	 0	 0	 0	 0	 סִיר
ית ספר	 0	 0	 0	 0	 0	 0	 0	 0	 0	 0	 צַלַחַת
תלמיד	 0	 0	 0	 0	 0	 0	 0	 0	 0	 0	 חָצוּף
לה	 0	 0	 0	 0	 0	 0	 0	 0	 0	 0	 כְּרוּב כָּבוּשׁ
רה	 0	 0	 0	 0	 0	 0	 0	 0	 0	 0	 סָאוּנָה
פרשית	 1	 0	 0	 1	 0	 1	 0	 0	 0	 0	 פרא אדם
נשית	 1	 0	 0	 1	 0	 1	 0	 0	 0	 0	 פִּראוּת
דע	 0	 0	 0	 0	 0	 0	 0	 0	 0	 0	 סוואנה
דעי	 0	 0	 0	 0	 1	 0	 1	 0	 0	 1	 לשמור
דענ	 0	 0	 0	 0	 0	 0	 0	 0	 0	 0	 חִסָכוֹן
יב	 0	 0	 0	 0	 0	 0	 1	 0	 0	 0	 חיסכון
נצנוצ	 0	 1	 1	 0	 1	 0	 1	 1	 0	 1	 טַעַם
נצנצ	 0	 0	 0	 0	 0	 0	 1	 0	 0	 0	 מְתוּבָּל
חוטר	 0	 0	 0	 0	 0	 0	 1	 0	 0	 0	 הֲבָנָה
ספריימ	 0	 0	 0	 0	 0	 0	 0	 0	 0	 0	 נְסוֹרֶת
גלג	 0	 0	 0	 0	 0	 0	 0	 0	 0	 0	 סקסון
נזופ	 0	 0	 0	 0	 0	 0	 0	 0	 0	 0	 סַקסוֹפוֹן
נזיפה	 0	 0	 0	 0	 0	 1	 0	 0	 0	 0	 גֶלֶד
סקופ	 0	 0	 0	 0	 0	 0	 0	 0	 0	 0	 נְדָן
תחומ	 0	 0	 0	 1	 0	 1	 0	 0	 0	 0	 גַרדוֹם
וב	 0	 0	 0	 0	 0	 0	 0	 0	 0	 0	 פיגומים
ציונ	 0	 0	 0	 0	 0	 0	 0	 0	 0	 0	 סוּלָם
ציונימ	 0	 0	 0	 0	 0	 0	 0	 0	 0	 0	 מאזניים
עג	 0	 0	 0	 0	 0	 0	 0	 0	 0	 0	 צדפה
עקרב	 0	 0	 0	 0	 0	 0	 0	 0	 0	 0	 קַרקֶפֶת
סקוטש	 0	 0	 0	 1	 0	 1	 0	 0	 0	 0	 אזמל
נבל	 0	 0	 0	 0	 0	 1	 0	 0	 0	 0	 קַשׂקַשִׂי
סרוק	 0	 0	 0	 0	 0	 0	 0	 0	 0	 0	 לִסְרוֹק
וט	 0	 0	 0	 1	 0	 1	 0	 0	 0	 0	 סקנדל
גשש	 1	 0	 0	 0	 0	 1	 0	 0	 0	 0	 שערורייתי
צ נא	 0	 0	 0	 0	 0	 1	 0	 0	 0	 0	 מוּעָט
טרופ	 0	 0	 0	 0	 0	 0	 0	 0	 0	 0	 scape
טרופ	 1	 0	 0	 1	 0	 1	 0	 0	 0	 0	 שָׂעִיר לַעֲזָאזֵל
גרד	 1	 0	 1	 1	 0	 1	 0	 1	 0	 0	 צַלֶקֶת
סקרופי	 0	 0	 0	 0	 0	 0	 0	 0	 0	 0	 חִפּוּשִׁית פַּרעֹה
גרידה	 0	 0	 0	 1	 0	 1	 0	 1	 0	 0	 נָדִיר
ריטה	 0	 0	 0	 0	 0	 1	 0	 1	 0	 0	 כִּמעַט שֶׁלֹא
צרוח	 1	 0	 0	 1	 0	 1	 0	 1	 0	 0	 מַחְסוֹר
צורח	 1	 1	 0	 1	 0	 1	 0	 0	 1	 0	 לְהַפחִיד
צווח	 0	 0	 0	 1	 0	 1	 1	 0	 0	 0	 דַחלִיל
סכ	 0	 0	 0	 0	 0	 0	 0	 0	 0	 0	 צָעִיף
רג	 0	 0	 0	 0	 0	 0	 0	 0	 0	 0	 שני
דפוק	 0	 0	 0	 0	 0	 0	 0	 0	 0	 0	 לְפַזֵר
רבט	 0	 0	 0	 0	 0	 0	 0	 0	 0	 0	 מְפוּזָר
סופר	 0	 0	 0	 0	 0	 0	 0	 0	 0	 0	 פִּזוּר
תגרה	 0	 0	 0	 0	 0	 1	 0	 0	 0	 0	 זַבָּל
תסריט	 0	 0	 0	 0	 0	 0	 0	 0	 0	 0	 סְצֵינָה
תסריט	 0	 0	 0	 0	 0	 0	 0	 0	 0	 0	 נוף
קראי	 0	 0	 0	 0	 0	 0	 0	 0	 0	 0	 נוֹפִי
תבי הקודש	 0	 0	 0	 0	 0	 0	 0	 0	 0	 0	 רֵיחַ
גלילה	 0	 0	 0	 0	 0	 0	 0	 0	 0	 1	 סקֶפְּטִי
פשפ	 0	 0	 0	 0	 0	 0	 0	 0	 0	 0	 סַפקָנוּת
טעימ	 0	 0	 0	 0	 0	 0	 0	 0	 0	 0	 סכמטי
קפד	 0	 0	 0	 0	 0	 1	 0	 0	 0	 0	 תָכְנִית
חונ	 1	 0	 0	 0	 0	 1	 0	 0	 0	 0	 קֶרַע
דיקה	 1	 0	 1	 1	 0	 1	 0	 1	 0	 0	 סכִיזוֹפרֶנִיָה
פסל	 0	 0	 0	 0	 0	 0	 1	 0	 0	 0	 מְלוּמָד
פסל	 0	 0	 0	 0	 0	 0	 0	 0	 0	 0	 מְלוּמָד
פוסל	 0	 0	 0	 0	 1	 0	 1	 0	 0	 0	 מילגה
חלאת אדמ	 0	 0	 0	 0	 0	 0	 0	 0	 0	 1	 בית ספר
ימ	 0	 0	 0	 0	 0	 0	 0	 0	 0	 0	 תלמיד
חופ הימ	 0	 0	 0	 0	 0	 0	 0	 0	 0	 0	 הַשׂכָּלָה
חותמ	 0	 0	 0	 0	 0	 0	 0	 0	 0	 0	 מוֹרֶה
י ימ	 0	 0	 0	 0	 0	 0	 0	 0	 0	 0	 מִפרָשִׂית
תפר	 0	 0	 0	 0	 0	 1	 0	 0	 0	 0	 נָשִׁית
ימאי	 0	 0	 0	 0	 0	 0	 0	 0	 0	 0	 מַדָע
צורה חלקה	 0	 0	 0	 0	 0	 0	 1	 0	 0	 1	 מַדָעִי
תופרת	 0	 1	 0	 0	 0	 0	 1	 0	 0	 1	 מַדְעָן
נמל	 0	 0	 0	 0	 0	 0	 1	 0	 0	 0	 שְׁבִיב
צרוב	 0	 0	 0	 0	 0	 0	 0	 0	 0	 0	 נצנוץ
חפש	 0	 0	 0	 0	 0	 0	 0	 0	 0	 0	 מנצנץ
חפש	 0	 0	 0	 0	 0	 0	 0	 0	 0	 0	 חוֹטֶר
צרוב	 0	 0	 0	 0	 0	 0	 0	 0	 0	 0	 מספריים
חופ ימ	 1	 0	 1	 0	 0	 1	 0	 0	 0	 0	 לְלַגלֵג
עונה	 1	 0	 1	 1	 0	 1	 0	 1	 0	 0	 לִנְזוֹף
תובל	 1	 0	 0	 0	 0	 1	 0	 0	 0	 0	 נזיפה
תבלינ	 0	 0	 0	 0	 0	 0	 0	 0	 0	 0	 סְקוּפּ
שב	 0	 0	 0	 0	 0	 0	 0	 0	 0	 0	 תְחוּם
פרישה	 1	 0	 0	 0	 0	 1	 0	 0	 0	 0	 הִבהוּב
דד	 0	 1	 0	 0	 1	 0	 1	 0	 1	 0	 ציון
דד	 0	 0	 0	 0	 0	 0	 0	 0	 0	 0	 ציונים
ני	 1	 0	 0	 0	 0	 1	 0	 0	 0	 0	 לַעַג
יד שניה	 1	 0	 1	 1	 0	 1	 0	 0	 1	 0	 עַקרָב
סודיות	 0	 0	 0	 0	 0	 1	 0	 0	 0	 0	 סקוֹטשׁ
סוד	 1	 0	 1	 1	 0	 1	 0	 0	 0	 1	 נָבָל
זכירות	 0	 0	 0	 0	 0	 0	 0	 0	 0	 0	 לִסְרוֹק
זכיר	 1	 0	 0	 1	 0	 1	 0	 1	 0	 0	 שׁוֹט
פריש	 0	 0	 0	 0	 0	 0	 0	 0	 0	 0	 לְגַשֵׁשׁ
פרשה	 0	 0	 0	 0	 0	 0	 0	 0	 0	 0	 שבץ נא
סודי	 0	 0	 0	 0	 0	 0	 0	 0	 0	 0	 לִטרוֹף
סתר	 0	 0	 0	 0	 0	 1	 0	 0	 0	 0	 לטרוף
כת	 0	 0	 0	 0	 0	 0	 0	 0	 0	 0	 לְגַרֵד
כת	 1	 0	 0	 1	 0	 1	 0	 1	 0	 0	 סקרופי
חתכ	 0	 0	 0	 0	 0	 0	 0	 0	 0	 0	 גְרִידָה
גזר	 0	 0	 0	 0	 0	 0	 0	 0	 0	 0	 שריטה
חילוני	 1	 0	 1	 1	 0	 1	 0	 0	 1	 0	 לִצְרוֹחַ
חילוניות	 1	 0	 1	 1	 0	 1	 0	 0	 0	 0	 צורח
ניירות ערכ	 0	 0	 0	 1	 0	 1	 0	 0	 1	 0	 לִצווֹחַ
טחונ	 0	 0	 0	 0	 0	 0	 0	 0	 0	 0	 מָסָך
נית נוסעימ	 0	 0	 0	 0	 0	 0	 0	 0	 0	 0	 מברג
קט ורגוע	 1	 0	 0	 0	 0	 1	 0	 0	 0	 0	 דָפוּק
רגיע	 0	 0	 0	 0	 0	 0	 0	 0	 0	 0	 לשרבט
רוכ בישיבה	 0	 0	 0	 0	 0	 0	 1	 0	 0	 0	 סוֹפֵר
זרע	 0	 0	 0	 0	 0	 1	 0	 0	 1	 0	 תִגרָה
קע	 0	 0	 0	 0	 0	 0	 0	 0	 0	 0	 תסריט
קעי	 0	 0	 0	 0	 0	 0	 1	 0	 0	 0	 תַסרִיט
סתה	 0	 0	 0	 0	 0	 0	 0	 0	 0	 0	 מִקרָאִי
פתות	 0	 0	 0	 0	 0	 0	 0	 0	 0	 1	 כִּתבֵי הַקוֹדֶשׁ
פתה	 0	 0	 0	 0	 0	 0	 0	 0	 0	 0	 גְלִילָה
סתה	 0	 0	 1	 0	 0	 1	 0	 0	 0	 0	 לְשַׁפשֵׁף
פתה	 0	 0	 0	 0	 0	 0	 1	 0	 0	 0	 טעים
זרע	 0	 0	 0	 0	 0	 0	 0	 0	 0	 0	 מוּקפָּד
תיל	 0	 1	 0	 0	 0	 1	 0	 0	 0	 0	 לִבחוֹן
חפש	 0	 0	 0	 0	 0	 1	 0	 0	 0	 0	 בְּדִיקָה
חר	 0	 0	 0	 0	 0	 0	 0	 0	 0	 0	 פַּסָל
אורה	 0	 0	 0	 0	 0	 0	 1	 0	 0	 0	 פֶּסֶל
חוזה	 0	 0	 0	 0	 0	 0	 0	 0	 0	 0	 מְפוּסָל
פעפע	 0	 0	 1	 0	 0	 1	 0	 0	 0	 0	 חֶלאַת אָדָם
גזר	 0	 0	 0	 0	 0	 0	 1	 0	 0	 0	 יָם
דד	 0	 0	 0	 0	 0	 0	 0	 0	 0	 0	 חוֹף הַיָם
נוזר	 0	 0	 0	 0	 0	 0	 1	 0	 0	 1	 חותם
פרדה	 0	 0	 0	 0	 0	 0	 0	 0	 0	 1	 כלבי ים
תפוס	 0	 0	 0	 0	 0	 0	 0	 0	 0	 0	 תֶפֶר
תפיסה	 0	 0	 0	 0	 0	 0	 0	 0	 0	 0	 יַמַאי
עתימ רחוקות	 0	 0	 0	 0	 0	 0	 0	 0	 0	 0	 בצורה חלקה
חר	 0	 0	 0	 0	 0	 0	 0	 0	 0	 0	 תוֹפֶרֶת
חירה	 0	 0	 0	 0	 0	 0	 0	 0	 0	 0	 נָמָל
אנוכי	 0	 0	 0	 0	 0	 1	 0	 0	 0	 0	 לִצְרוֹב
אנוכיות	 0	 0	 0	 0	 0	 0	 0	 0	 0	 0	 לחפש
ירה	 0	 0	 0	 0	 0	 0	 0	 0	 0	 0	 מחפש
כר	 0	 0	 0	 0	 0	 0	 0	 0	 0	 0	 צרוב
סמפור	 0	 0	 0	 0	 0	 0	 0	 0	 0	 0	 חוף ים
ראית עינ	 0	 0	 0	 0	 0	 0	 0	 0	 0	 0	 עונה
זרע	 0	 0	 0	 0	 0	 0	 1	 0	 0	 0	 מְתוּבָּל
נקודה ופסיק	 0	 0	 0	 0	 0	 0	 0	 0	 0	 0	 תבלין
רב  השפעה	 0	 0	 0	 0	 0	 0	 0	 0	 0	 0	 מושב
סמינר	 0	 0	 0	 0	 0	 1	 0	 0	 0	 0	 פְּרִישָׁה
סמינר	 0	 0	 0	 0	 0	 1	 0	 1	 0	 0	 מְבוּדָד
סמיוטיקה	 0	 0	 0	 1	 0	 1	 1	 0	 0	 0	 מבודד
סנט	 0	 0	 0	 0	 0	 0	 0	 0	 0	 0	 מִשׁנִי
סנטור	 0	 0	 0	 0	 0	 1	 0	 0	 0	 0	 יד שניה
וח	 0	 0	 0	 0	 0	 0	 0	 0	 1	 1	 סוֹדִיוּת
זדקנות	 0	 0	 0	 0	 0	 0	 0	 0	 0	 1	 סוֹד
סנילי	 0	 0	 0	 0	 0	 0	 1	 0	 0	 0	 מַזכִּירוּת
יר	 0	 0	 0	 0	 0	 0	 0	 0	 0	 0	 מזכיר
תק	 0	 0	 1	 0	 0	 0	 0	 0	 0	 0	 לְהַפְרִישׁ
תחושה	 0	 0	 1	 0	 0	 1	 0	 0	 0	 0	 הַפרָשָׁה
סנסציוני	 0	 0	 0	 0	 0	 1	 0	 0	 0	 0	 סודי
חוש	 0	 0	 0	 0	 0	 0	 0	 0	 0	 0	 בְּסֵתֶר
חסר טעמ	 0	 0	 0	 0	 0	 0	 0	 0	 0	 0	 כַּת
חושימ	 1	 0	 0	 1	 0	 1	 0	 0	 0	 0	 כַּת
רגישות	 0	 0	 0	 0	 0	 0	 0	 0	 0	 0	 חתך
צורה הגיונית	 0	 0	 0	 0	 0	 0	 0	 0	 0	 0	 מִגזָר
רגיש	 0	 1	 0	 0	 0	 0	 0	 0	 0	 0	 חילוני
חושי	 0	 0	 0	 0	 0	 0	 0	 0	 0	 0	 חילוניות
חושני	 0	 0	 0	 0	 0	 0	 0	 0	 0	 1	 ניירות ערך
חושניות	 0	 0	 0	 0	 0	 0	 0	 0	 0	 0	 בִּטָחוֹן
חושי	 0	 0	 0	 0	 0	 0	 0	 0	 0	 0	 מְכוֹנִית נוֹסעִים
פט	 0	 0	 0	 0	 0	 0	 0	 0	 0	 0	 שָׁקֵט וּרָגוּעַ
רגיש	 0	 0	 0	 0	 0	 0	 0	 0	 0	 0	 מַרגִיעַ
רגש	 0	 0	 0	 0	 0	 0	 0	 0	 0	 0	 כָּרוּך בִּישִׁיבָה
סנטימנטלי	 0	 0	 0	 0	 0	 0	 0	 0	 0	 0	 זרע
רגשנות	 0	 0	 0	 0	 0	 0	 0	 0	 0	 0	 מִשׁקָע
זקיפ	 0	 0	 0	 0	 0	 0	 0	 0	 0	 0	 מִשׁקָעִי
זקיפ	 1	 0	 0	 0	 0	 1	 0	 1	 0	 0	 הֲסָתָה
נתיק	 0	 0	 0	 0	 0	 1	 0	 0	 0	 0	 לְפָתוֹת
נפרד	 0	 0	 0	 0	 0	 0	 0	 0	 0	 0	 מפתה
חוד	 0	 0	 0	 0	 0	 1	 0	 0	 0	 0	 הֲסָתָה
פרדה	 0	 1	 0	 0	 0	 0	 0	 0	 0	 0	 מְפַתֶה
דלני	 0	 0	 0	 0	 0	 0	 0	 0	 0	 0	 זֶרַע
חומ כהה	 0	 0	 0	 0	 0	 0	 0	 0	 0	 0	 שְׁתִיל
אלח הדמ	 0	 1	 0	 0	 0	 0	 0	 0	 0	 0	 לְחַפֵּשׂ
ספטמבר	 0	 0	 0	 0	 0	 0	 0	 0	 0	 0	 שוחר
רקוב	 0	 0	 0	 0	 0	 0	 0	 0	 0	 0	 לִכאוֹרָה
חצה	 0	 0	 0	 0	 0	 0	 0	 0	 0	 0	 חוֹזֶה
סרט המשכ	 0	 0	 0	 0	 0	 0	 0	 0	 0	 0	 מְפַעֲפֵּעַ
סדר פעולות	 0	 0	 0	 0	 0	 0	 0	 0	 0	 0	 מִגזָר
עוקב	 1	 0	 1	 0	 0	 1	 0	 1	 0	 0	 לְבוּדֵד
חרמ	 0	 0	 0	 0	 0	 1	 0	 0	 0	 0	 מְנוּזָר
פקעה	 0	 0	 0	 0	 0	 0	 0	 0	 0	 0	 הַפרָדָה
רגוע	 0	 0	 0	 1	 0	 1	 0	 0	 0	 0	 לִתְפּוֹס
רוגע	 0	 0	 0	 1	 0	 0	 0	 0	 0	 0	 תְפִיסָה
סמל	 0	 0	 0	 0	 0	 0	 0	 0	 0	 0	 לעתים רחוקות
סידורי	 0	 0	 0	 0	 0	 0	 0	 0	 0	 0	 בחר
סדרה	 0	 0	 0	 0	 0	 0	 0	 0	 0	 0	 בְּחִירָה
תג	 1	 0	 1	 0	 0	 1	 0	 0	 0	 0	 אָנוֹכִי
רצינות	 0	 0	 0	 0	 0	 1	 0	 0	 0	 0	 אָנוֹכִיוּת
דרשה	 0	 0	 0	 0	 0	 0	 0	 0	 0	 0	 מכירה
נחש	 0	 0	 0	 0	 0	 0	 0	 0	 0	 0	 מוֹכֵר
תפתל	 0	 0	 0	 0	 0	 0	 0	 0	 0	 0	 סֵמָפוֹר
ננ	 0	 0	 0	 0	 0	 0	 0	 0	 0	 0	 מַראִית עַיִן
נסיוב	 0	 0	 0	 0	 0	 0	 0	 0	 0	 0	 זֶרַע
רת	 0	 0	 0	 0	 0	 0	 0	 0	 0	 0	 נְקוּדָה וּפְסִיק
רת	 0	 0	 0	 0	 0	 0	 0	 0	 0	 0	 רב - השפעה
רות	 0	 0	 0	 0	 0	 0	 0	 0	 0	 0	 סֵמִינָר
יש	 0	 0	 0	 0	 0	 0	 0	 0	 0	 0	 סֵמִינָר
תרפס	 0	 0	 0	 0	 0	 0	 0	 0	 0	 0	 סמיוטיקה
עבדות	 0	 0	 0	 0	 0	 0	 0	 0	 0	 1	 סֵנָט
סס	 0	 0	 0	 0	 0	 0	 0	 0	 0	 0	 סֵנָטוֹר
שב	 0	 0	 0	 0	 0	 0	 0	 0	 0	 0	 לִשְׁלוֹחַ
פעלות	 0	 0	 0	 0	 0	 0	 0	 0	 0	 0	 הְזדַקְנוּת
ערכת	 0	 0	 0	 1	 0	 1	 0	 1	 0	 0	 סֵנִילִי
נסיגה	 0	 0	 0	 0	 0	 0	 0	 0	 0	 0	 בָּכִיר
קובע	 0	 0	 0	 0	 0	 0	 1	 0	 0	 1	 וֶתֶק
קוע	 0	 0	 0	 0	 0	 0	 0	 0	 0	 0	 תְחוּשָׁה
יושב	 0	 0	 0	 0	 1	 0	 1	 0	 0	 0	 סֶנסַצִיוֹנִי
תנחל	 0	 0	 0	 0	 0	 0	 1	 0	 0	 0	 לָחוּשׁ
תנחל	 1	 0	 1	 1	 0	 1	 0	 1	 1	 0	 חֲסַר טַעַם
יעית	 0	 0	 0	 0	 0	 0	 0	 0	 0	 0	 חושים
עימ	 0	 0	 0	 0	 0	 0	 1	 0	 0	 0	 רְגִישׁוּת
נתק	 0	 0	 0	 0	 0	 0	 1	 0	 0	 0	 בצורה הגיונית
ניתנ להפרדה	 0	 0	 0	 0	 0	 0	 0	 0	 0	 0	 רָגִישׁ
חוד	 0	 0	 0	 0	 0	 0	 0	 0	 0	 0	 חוּשִׁי
ניתוק	 0	 1	 0	 0	 1	 1	 1	 0	 1	 1	 חוּשָׁנִי
צורה חמורה	 0	 1	 0	 0	 1	 0	 1	 0	 0	 0	 חוּשָׁנִיוּת
חומרה	 0	 0	 0	 0	 1	 0	 1	 0	 0	 0	 חוּשִׁי
תפור	 1	 1	 1	 1	 0	 1	 0	 1	 0	 0	 משפט
פכימ	 0	 0	 0	 0	 0	 0	 0	 0	 0	 0	 רגיש
יב	 0	 0	 0	 0	 0	 0	 0	 0	 0	 0	 רֶגֶשׁ
יוב	 0	 0	 0	 0	 0	 0	 1	 0	 0	 0	 סֵנטִימֵנטָלִי
ינ	 0	 0	 0	 0	 0	 0	 1	 0	 0	 0	 רַגשָׁנוּת
יניות	 0	 0	 0	 0	 0	 0	 1	 0	 0	 1	 זָקִיף
סקסי	 0	 0	 0	 0	 0	 0	 0	 0	 0	 1	 זָקִיף
עלוב	 0	 0	 0	 0	 0	 0	 0	 0	 0	 0	 נָתִיק
צריפ	 0	 0	 0	 0	 0	 0	 0	 0	 0	 0	 נפרד
ול	 0	 0	 0	 0	 0	 0	 0	 0	 0	 0	 לְחוּד
צל	 0	 0	 0	 0	 0	 0	 0	 0	 0	 0	 הַפרָדָה
קפי שמש	 1	 0	 1	 0	 0	 1	 0	 0	 0	 0	 בַּדְלָנִי
צללה	 0	 0	 0	 0	 0	 0	 0	 0	 0	 0	 חוּם כֵּהֶה
צל	 0	 0	 0	 1	 0	 1	 0	 1	 0	 0	 אֶלַח הַדָם
צללי	 0	 0	 0	 0	 0	 0	 0	 0	 0	 0	 ספטמבר
צל	 0	 0	 1	 0	 0	 1	 0	 0	 0	 0	 רָקוּב
פיר	 0	 0	 0	 0	 0	 0	 0	 0	 0	 0	 מְחִצָה
אג	 0	 1	 0	 0	 0	 0	 0	 0	 0	 0	 סרט המשך
עיר	 0	 0	 0	 0	 0	 0	 0	 0	 0	 0	 סדר פעולות
נער	 0	 0	 0	 0	 0	 0	 0	 0	 0	 0	 עוקב
זועזע	 0	 0	 0	 0	 0	 0	 0	 0	 0	 0	 מוּחרָם
רעידה	 0	 0	 0	 0	 0	 1	 0	 1	 0	 0	 הַפקָעָה
רעוע	 0	 0	 0	 0	 0	 1	 0	 0	 0	 1	 רָגוּעַ
ופ	 0	 1	 0	 0	 1	 0	 1	 0	 0	 1	 רוֹגַע
אנ	 0	 0	 0	 0	 0	 0	 0	 0	 0	 0	 סמל
גנ	 0	 1	 0	 0	 0	 0	 0	 0	 0	 0	 סידורי
שה	 0	 0	 0	 0	 0	 0	 0	 0	 0	 1	 סִדרָה
יש	 0	 0	 0	 0	 0	 0	 0	 0	 0	 0	 תָג
חסרי בושה	 0	 0	 0	 1	 0	 0	 0	 1	 0	 0	 רְצִינוּת
נחאי	 0	 0	 0	 0	 0	 0	 1	 0	 0	 1	 דְרָשָׁה
וק	 0	 0	 1	 1	 0	 1	 0	 0	 0	 0	 נָחָשׁ
קתה	 0	 0	 0	 0	 0	 0	 0	 0	 0	 0	 מִתפַּתֵל
צורה	 0	 0	 0	 0	 0	 0	 0	 0	 0	 0	 מְשׁוּנָן
חטוב	 0	 0	 0	 0	 0	 0	 1	 0	 0	 0	 נַסיוֹב
חלוק	 0	 0	 0	 0	 0	 1	 0	 0	 0	 1	 מְשָׁרֵת
על מניות	 0	 0	 0	 0	 0	 1	 0	 0	 0	 1	 לְשָׁרֵת
ריש	 0	 0	 0	 0	 0	 0	 0	 0	 0	 0	 שֵׁרוּת
חדד	 0	 0	 0	 0	 0	 0	 0	 0	 0	 0	 שָׁמִישׁ
חז	 0	 0	 1	 1	 0	 1	 0	 1	 0	 0	 מִתרַפֵּס
חדד	 0	 0	 0	 0	 0	 1	 0	 0	 0	 0	 עַבדוּת
חדות	 0	 0	 0	 0	 0	 0	 0	 0	 0	 0	 סס
נפצ	 0	 0	 0	 0	 0	 0	 0	 0	 0	 0	 מוֹשָׁב
תנפצ	 0	 0	 0	 0	 0	 0	 0	 0	 0	 0	 הפעלות
גלח	 0	 0	 0	 0	 0	 0	 0	 0	 0	 0	 מַעֲרֶכֶת
גילוח	 0	 0	 0	 0	 0	 1	 0	 1	 0	 0	 נְסִיגָה
צעיפ	 0	 0	 0	 0	 0	 0	 0	 0	 0	 0	 set
אלומה	 0	 0	 0	 0	 0	 0	 0	 0	 0	 0	 קובע
גזוז	 0	 0	 0	 0	 0	 0	 0	 0	 0	 0	 לִשְׁקוֹעַ
זמרה	 0	 0	 0	 0	 0	 0	 0	 0	 0	 0	 מְיוּשָׁב
נדנ	 0	 0	 0	 0	 0	 0	 0	 0	 0	 0	 מִתנַחֵל
נדנ	 0	 0	 0	 1	 0	 0	 1	 0	 0	 0	 מתנחל
פוכ	 0	 0	 0	 0	 0	 0	 0	 0	 0	 0	 שְׁבִיעִית
רק	 0	 0	 0	 0	 0	 0	 0	 0	 0	 0	 שִׁבעִים
ימ	 0	 0	 0	 0	 0	 1	 0	 0	 0	 0	 לְנַתֵק
טהור	 0	 0	 0	 0	 0	 0	 0	 0	 0	 0	 ניתן להפרדה
דפ	 0	 0	 0	 0	 0	 0	 0	 0	 0	 0	 לחוד
דפ	 0	 0	 0	 0	 0	 0	 0	 1	 0	 0	 ניתוק
צדפ	 0	 0	 0	 0	 0	 0	 0	 0	 0	 0	 בצורה חמורה
רכיכות	 0	 0	 0	 0	 0	 0	 0	 0	 0	 0	 חוּמרָה
קלט	 0	 0	 0	 0	 0	 0	 0	 0	 0	 0	 לִתְפוֹר
דפימ	 0	 0	 1	 0	 0	 1	 0	 0	 0	 0	 שְׁפָכִים
רועה	 0	 0	 1	 0	 0	 0	 0	 0	 0	 0	 בִּיב
ריפ	 0	 0	 1	 0	 0	 1	 0	 0	 0	 0	 בִּיוּב
דובדבנ	 0	 1	 0	 0	 1	 0	 1	 0	 0	 1	 מִין
גנ	 0	 0	 0	 0	 0	 0	 0	 0	 0	 0	 מִינִיוּת
רת	 0	 0	 0	 0	 0	 0	 0	 0	 0	 0	 סֶקסִי
סטה	 0	 0	 1	 0	 0	 1	 0	 0	 0	 0	 עָלוּב
ילינג	 0	 0	 1	 0	 0	 1	 0	 1	 0	 0	 צְרִיף
נצנוצ	 1	 1	 1	 1	 0	 1	 0	 1	 0	 0	 לִכבּוֹל
קה	 0	 0	 0	 0	 0	 0	 0	 0	 0	 0	 צֵל
זוהר	 0	 0	 0	 0	 0	 0	 0	 0	 0	 0	 מִשְׁקפֵי שֶׁמֶשׁ
חלוק	 0	 0	 0	 0	 0	 0	 0	 0	 0	 0	 הצללה
קורנ	 0	 0	 0	 0	 0	 0	 0	 0	 0	 0	 צֵל
ריק	 0	 0	 0	 0	 0	 0	 0	 0	 0	 0	 צְלָלִי
ספינה	 0	 0	 0	 1	 0	 1	 0	 0	 0	 0	 מוצל
וח	 0	 0	 0	 0	 0	 0	 0	 0	 0	 0	 פיר
וח	 0	 0	 0	 0	 0	 0	 0	 0	 0	 0	 שאג
נפצ	 0	 0	 0	 0	 0	 0	 0	 0	 0	 0	 שָׂעִיר
פלכ	 0	 0	 0	 0	 0	 0	 0	 0	 0	 0	 לְנַעֵר
חולצה	 0	 0	 0	 0	 0	 0	 0	 0	 0	 0	 מְזוּעזָע
חרבנ	 0	 0	 0	 1	 0	 1	 0	 0	 0	 0	 רְעִידָה
רעוד	 1	 1	 0	 1	 0	 1	 0	 0	 0	 0	 רָעוּעַ
רועד	 1	 0	 1	 0	 0	 1	 0	 0	 0	 0	 בְּלוֹף
קות	 0	 0	 0	 0	 0	 0	 0	 0	 0	 0	 שמאן
למ	 0	 0	 0	 0	 0	 1	 0	 0	 0	 0	 בָּלָגָן
אופנ מזעזע	 0	 0	 1	 1	 0	 1	 0	 1	 0	 0	 בושה
זול	 0	 0	 0	 0	 0	 1	 0	 1	 0	 0	 מֵבִּישׁ
נעל	 0	 0	 1	 0	 0	 1	 0	 0	 0	 0	 חסרי בושה
סנדלר	 0	 0	 1	 1	 0	 1	 0	 0	 0	 0	 שנחאי
ירות	 0	 0	 0	 1	 0	 0	 0	 0	 0	 0	 שוק
יורה	 0	 0	 0	 0	 0	 0	 0	 0	 0	 0	 בִּקתָה
צילומימ	 0	 0	 0	 0	 0	 0	 1	 0	 0	 0	 צוּרָה
קנות	 0	 0	 0	 0	 0	 0	 1	 0	 0	 0	 חָטוּב
ר בחנות	 0	 1	 0	 0	 1	 0	 1	 0	 0	 1	 לַחֲלוֹק
גנבה מחנויות	 0	 0	 0	 0	 0	 0	 0	 0	 0	 0	 בעל מניות
קניות	 0	 0	 0	 0	 0	 1	 0	 0	 0	 0	 כריש
חופ	 1	 1	 0	 0	 0	 0	 0	 0	 0	 0	 לְחַדֵד
גזוז	 0	 0	 0	 0	 0	 0	 0	 0	 0	 0	 מוּשׁחָז
קצר	 0	 0	 0	 0	 0	 0	 0	 0	 0	 0	 מחדד
חסור	 0	 0	 0	 0	 0	 0	 0	 0	 0	 0	 חַדוּת
חסרונ	 1	 0	 0	 1	 0	 1	 0	 1	 1	 0	 לְנַפֵּץ
קצר	 0	 0	 0	 0	 0	 1	 0	 1	 0	 0	 התנפץ
תקצרות	 0	 0	 0	 0	 0	 0	 0	 0	 0	 0	 לְגַלֵחַ
קצרנות	 0	 0	 0	 0	 0	 0	 0	 0	 0	 0	 גילוח
קרוב	 0	 0	 0	 0	 0	 0	 0	 0	 0	 0	 צָעִיף
קוצר	 0	 0	 0	 0	 0	 0	 0	 0	 0	 0	 אֲלוּמָה
נסיימ קצרימ	 0	 0	 0	 0	 0	 0	 0	 0	 0	 0	 לִגזוֹז
עיטה	 0	 0	 0	 0	 0	 0	 0	 0	 0	 0	 מזמרה
רובה ציד	 0	 0	 0	 0	 0	 0	 0	 0	 0	 0	 נְדָן
תפ	 0	 0	 0	 0	 0	 0	 0	 0	 0	 0	 נדן
צעקה	 0	 0	 0	 0	 0	 1	 0	 0	 0	 0	 לִשְׁפּוֹך
דחיפה	 0	 0	 0	 0	 0	 0	 0	 0	 0	 0	 בָּרָק
את חפירה	 0	 0	 0	 0	 0	 0	 0	 0	 0	 0	 כבשים
חפירה	 0	 0	 0	 0	 0	 0	 0	 0	 0	 0	 טָהוֹר
פעה	 0	 0	 0	 0	 0	 0	 0	 0	 0	 0	 דַף
קלחת	 0	 0	 0	 0	 0	 0	 0	 0	 0	 0	 מַדָף
ראה	 1	 0	 0	 1	 0	 1	 0	 1	 1	 0	 צדף
צעקני	 0	 0	 0	 0	 0	 0	 0	 0	 0	 0	 רכיכות
רסיסימ	 0	 0	 0	 0	 0	 0	 1	 0	 0	 1	 מקלט
מצ	 0	 0	 0	 0	 0	 1	 0	 0	 0	 0	 מדפים
לח	 0	 0	 0	 0	 0	 0	 1	 0	 0	 1	 רועה
צרוח	 0	 0	 0	 0	 0	 0	 0	 0	 0	 1	 שֶׁרִיף
צרחני	 0	 0	 0	 0	 0	 0	 0	 0	 0	 0	 דובדבן
רימפ	 0	 0	 0	 0	 0	 0	 0	 0	 0	 0	 מָגֵן
קדש	 0	 0	 0	 0	 0	 0	 0	 0	 0	 0	 מִשׁמֶרֶת
צמק	 0	 0	 0	 0	 0	 0	 0	 0	 0	 0	 הסטה
תכוצות	 0	 0	 0	 0	 0	 0	 0	 0	 0	 0	 שִׁילִינג
תכריכ	 0	 0	 0	 0	 0	 0	 0	 0	 0	 0	 נִצנוּץ
יח	 0	 0	 0	 0	 0	 0	 0	 0	 0	 0	 שׁוּקָה
יחימ	 0	 0	 0	 0	 0	 0	 1	 0	 0	 0	 זוהר
 בכתפ	 0	 0	 0	 0	 0	 0	 0	 0	 0	 0	 חַלוּק
תכווצ	 0	 1	 0	 0	 1	 0	 1	 0	 0	 0	 קוֹרֵן
רעד	 0	 0	 0	 0	 0	 0	 0	 0	 0	 0	 מַברִיק
ערבב	 0	 1	 0	 0	 0	 0	 0	 0	 0	 0	 ספינה
דשדוש	 0	 0	 0	 0	 0	 0	 0	 0	 0	 0	 מִשׁלוֹחַ
תרחק	 0	 0	 0	 0	 0	 0	 0	 0	 0	 0	 משלוח
סגור	 0	 0	 0	 1	 0	 1	 0	 1	 0	 0	 לְנַפֵּץ
תריס	 0	 0	 0	 0	 0	 0	 0	 0	 0	 0	 הפלך
עבורת	 0	 0	 0	 0	 0	 0	 0	 0	 0	 0	 חוּלצָה
אחותי	 1	 0	 1	 0	 0	 1	 0	 0	 0	 0	 לְחַרְבֵּן
חולה	 1	 1	 0	 1	 0	 1	 0	 1	 0	 0	 לִרְעוֹד
חיל	 0	 0	 0	 0	 0	 0	 0	 0	 0	 0	 רועד
גל	 0	 0	 0	 0	 0	 0	 0	 0	 0	 0	 להקות
חולני	 1	 0	 0	 1	 0	 1	 0	 0	 1	 0	 הֶלֶם
חלה	 0	 0	 0	 0	 0	 0	 0	 0	 1	 0	 באופן מזעזע
צד	 1	 0	 1	 0	 0	 1	 0	 0	 0	 0	 זוֹל
זנונ	 0	 0	 0	 0	 0	 0	 0	 0	 0	 0	 נַעַל
עקופ	 0	 0	 0	 0	 0	 0	 0	 0	 0	 0	 סַנדְלָר
צידה	 1	 0	 0	 1	 0	 1	 0	 0	 0	 0	 לירות
צור	 0	 0	 0	 1	 0	 0	 0	 0	 0	 0	 יוֹרֶה
נוחת צהריימ	 1	 0	 0	 1	 0	 1	 0	 0	 0	 0	 צילומים
נפות	 0	 0	 0	 0	 0	 0	 0	 0	 0	 0	 לִקְנוֹת
סנונ	 0	 0	 0	 0	 0	 0	 0	 0	 0	 1	 מוכר בחנות
אנחה	 1	 0	 1	 0	 0	 1	 0	 0	 0	 0	 גְנֵבָה מִחֲנוּיוֹת
ראה	 0	 1	 0	 0	 1	 0	 1	 0	 1	 1	 קניות
סימנ	 0	 0	 0	 0	 0	 0	 0	 0	 0	 0	 חוף
אות	 0	 0	 0	 0	 0	 0	 0	 0	 0	 0	 גָזוּז
חתימה	 0	 0	 0	 0	 0	 0	 0	 0	 0	 0	 קצר
עות	 1	 0	 0	 1	 0	 1	 0	 1	 0	 0	 מחסור
עותי	 0	 0	 0	 0	 0	 1	 0	 0	 0	 0	 חִסָרוֹן
עות	 0	 0	 0	 0	 0	 0	 0	 0	 0	 0	 לְקַצֵר
סמנ	 0	 0	 0	 0	 0	 0	 0	 0	 0	 0	 הִתקַצְרוּת
תמרור	 0	 0	 0	 0	 0	 0	 0	 0	 0	 0	 קַצרָנוּת
קט	 0	 1	 0	 0	 0	 0	 0	 0	 0	 0	 בְּקָרוּב
חרש	 0	 0	 0	 0	 0	 0	 0	 0	 0	 0	 קוֹצֶר
צללית	 0	 0	 0	 0	 0	 0	 0	 0	 0	 0	 מִכְנָסַיִים קְצָרִים
שי	 1	 0	 0	 1	 0	 1	 0	 1	 1	 0	 בְּעִיטָה
יי	 0	 0	 0	 0	 0	 0	 0	 0	 0	 0	 רוֹבֵה צַיִד
יי	 0	 0	 0	 0	 0	 0	 1	 0	 0	 1	 כָּתֵף
אדנ החלונ	 1	 0	 0	 0	 0	 0	 0	 0	 1	 0	 צעקה
טפשות	 1	 0	 0	 0	 0	 1	 0	 0	 0	 0	 דְחִיפָה
טפשי	 0	 0	 0	 0	 0	 0	 0	 0	 0	 0	 את חפירה
טינ	 0	 0	 0	 0	 0	 0	 0	 0	 0	 0	 חפירה
ספ	 0	 0	 0	 0	 0	 0	 0	 0	 0	 1	 הופעה
סופ	 0	 0	 0	 0	 0	 0	 0	 0	 0	 0	 מִקלַחַת
דומה	 0	 0	 0	 0	 0	 0	 0	 0	 0	 0	 מראה
דמיונ	 0	 0	 0	 0	 0	 1	 0	 0	 0	 0	 צַעֲקָנִי
דמיונ	 0	 0	 0	 1	 0	 0	 0	 0	 0	 0	 רְסִיסִים
רתיחה	 0	 0	 0	 0	 0	 0	 0	 0	 0	 0	 שמץ
עבע	 0	 0	 0	 0	 0	 0	 1	 0	 0	 0	 מְמוּלָח
פשוט	 1	 0	 0	 1	 0	 1	 0	 1	 1	 0	 לִצְרוֹחַ
פשוטימ	 1	 0	 0	 1	 0	 1	 0	 0	 1	 0	 צַרחָנִי
פשט	 0	 0	 0	 0	 0	 0	 0	 0	 0	 0	 שרימפ
פשטות	 0	 0	 0	 0	 0	 0	 0	 0	 0	 0	 מקדש
חקות	 0	 0	 0	 1	 0	 1	 0	 1	 0	 0	 לצמק
דומה	 0	 0	 0	 0	 0	 0	 0	 0	 0	 0	 הִתכַּוְצוּת
דמה	 0	 0	 0	 0	 0	 0	 0	 1	 0	 0	 תַכרִיך
סימולציה	 0	 0	 0	 0	 0	 0	 0	 0	 0	 0	 שִׂיחַ
סימולטני	 0	 0	 0	 0	 0	 0	 0	 0	 0	 0	 שִׂיחִים
 זמנית	 0	 0	 0	 0	 0	 0	 0	 0	 0	 0	 למשוך בכתף
חטא	 0	 0	 0	 0	 0	 1	 0	 0	 0	 0	 התכווץ
כנ	 0	 0	 0	 1	 0	 1	 0	 0	 0	 0	 רַעַד
נות	 0	 0	 0	 0	 0	 0	 0	 0	 0	 0	 לְעַרְבֵּב
חוטא	 0	 0	 0	 0	 0	 0	 0	 0	 0	 0	 דשדוש
יר	 1	 0	 1	 0	 0	 1	 0	 1	 0	 0	 לְהִתְרַחֵק
זמר	 0	 0	 0	 0	 0	 0	 0	 0	 0	 0	 shunt
יחיד	 0	 0	 0	 0	 0	 0	 0	 0	 0	 0	 לִסְגוֹר
יחידות	 0	 0	 0	 0	 0	 0	 0	 0	 0	 0	 תְרִיס
יחיד	 0	 0	 0	 0	 0	 0	 0	 0	 0	 0	 מעבורת
ייחוד	 0	 0	 0	 0	 0	 0	 0	 0	 0	 1	 אחותי
אופנ יחידני	 0	 0	 0	 0	 0	 0	 0	 0	 0	 0	 sic
רושע	 0	 0	 1	 0	 0	 1	 0	 1	 0	 0	 חוֹלֶה
יור	 1	 0	 1	 1	 0	 1	 0	 1	 0	 0	 מַבְחִיל
חוטא	 0	 0	 0	 0	 0	 0	 0	 0	 0	 0	 מַגָל
חוטא	 0	 0	 1	 0	 0	 1	 0	 1	 0	 0	 חוֹלָנִי
סינוס	 0	 0	 1	 1	 0	 1	 0	 1	 0	 0	 מחלה
גימה	 0	 0	 0	 0	 0	 0	 0	 0	 0	 0	 צַד
סיפונ	 0	 0	 0	 0	 0	 0	 0	 0	 0	 0	 מִזנוֹן
אדוני	 0	 0	 0	 0	 0	 0	 0	 0	 0	 0	 לַעֲקוֹף
יד	 0	 0	 0	 0	 0	 0	 0	 0	 0	 0	 הַצִידָה
סירנה	 0	 0	 0	 0	 0	 0	 0	 0	 0	 0	 מָצוֹר
גבר נשי	 0	 0	 0	 0	 0	 0	 0	 0	 0	 0	 מנוחת צהריים
אחות	 0	 0	 0	 0	 0	 0	 0	 0	 0	 0	 לְנַפּוֹת
אחיות	 0	 0	 0	 0	 0	 0	 0	 0	 0	 0	 סִנוּן
אתר	 0	 0	 0	 0	 0	 0	 0	 0	 0	 0	 אֲנָחָה
סית	 0	 0	 0	 0	 0	 0	 0	 0	 0	 0	 מראה
ישיבה	 0	 0	 0	 0	 0	 0	 0	 0	 0	 0	 סִימָן
קמ	 0	 0	 0	 0	 0	 0	 0	 0	 0	 0	 אוֹת
קמ	 0	 0	 0	 0	 0	 0	 0	 0	 0	 1	 חֲתִימָה
צב	 0	 0	 0	 0	 0	 0	 0	 0	 0	 0	 מַשְׁמָעוּת
ית	 0	 0	 0	 0	 0	 0	 0	 0	 0	 0	 משמעותי
ימ	 0	 0	 0	 0	 0	 0	 0	 0	 0	 0	 מַשְׁמָעוּת
גודל	 0	 1	 0	 0	 0	 0	 0	 0	 0	 0	 לְסַמֵן
רחוש	 0	 0	 0	 0	 0	 0	 0	 0	 0	 0	 תמרור
חליק על מחלקימ	 0	 0	 0	 0	 0	 0	 0	 0	 0	 0	 שקט
חלקה	 0	 0	 0	 0	 0	 0	 0	 0	 0	 0	 חֶרֶשׁ
פקעת חוטימ	 0	 0	 0	 0	 0	 0	 0	 0	 0	 0	 צְלָלִית
לד	 0	 0	 0	 0	 0	 0	 1	 0	 0	 0	 משי
ספקנ	 0	 0	 0	 0	 0	 0	 0	 0	 0	 0	 מִשׁיִי
סקפטי	 0	 0	 0	 0	 0	 0	 0	 0	 0	 0	 מִשׁיִי
ספקנות	 0	 0	 0	 0	 0	 0	 0	 0	 0	 0	 אדן החלון
סקיצה	 0	 0	 0	 0	 0	 0	 0	 0	 0	 0	 טִפּשׁוּת
טחי	 0	 0	 0	 0	 1	 1	 0	 0	 0	 0	 טִפּשִׁי
טה	 0	 0	 0	 0	 0	 0	 0	 0	 0	 0	 טִין
פד	 0	 0	 0	 0	 0	 0	 0	 0	 0	 0	 כסף
סקי	 0	 0	 0	 0	 0	 0	 0	 0	 0	 0	 כסוף
חלקה	 0	 0	 0	 0	 0	 0	 0	 0	 0	 0	 דוֹמֶה
צית	 0	 0	 0	 0	 0	 0	 0	 0	 0	 0	 דִמיוֹן
יומנות	 0	 0	 0	 0	 0	 0	 0	 0	 0	 0	 דמיון
יומנ	 1	 1	 0	 0	 0	 0	 0	 0	 0	 0	 רְתִיחָה
חבת	 0	 1	 0	 0	 0	 0	 0	 0	 0	 0	 מבעבע
יומנ	 0	 0	 0	 0	 0	 0	 0	 0	 0	 0	 פָּשׁוּט
רחפ	 0	 0	 0	 0	 0	 0	 0	 0	 0	 0	 פשוטים
עור	 0	 1	 0	 0	 1	 0	 1	 0	 1	 1	 לפשט
רזה	 0	 0	 0	 0	 0	 0	 0	 0	 0	 0	 בפשטות
דלג	 0	 0	 0	 0	 0	 0	 0	 0	 0	 0	 לְחַקוֹת
רב חובל	 0	 0	 0	 0	 0	 0	 0	 0	 0	 0	 מדומה
תנגשות	 0	 0	 0	 0	 0	 0	 0	 0	 0	 0	 מדמה
חצאית	 0	 0	 0	 0	 0	 0	 0	 0	 0	 0	 סימולציה
עוקפת	 0	 0	 0	 0	 0	 0	 0	 0	 0	 0	 סִימוּלטָנִי
חצאיות	 0	 0	 0	 0	 0	 0	 0	 0	 0	 0	 בּוֹ זְמַנִית
פרודיה	 1	 0	 1	 1	 0	 1	 0	 1	 0	 0	 חטא
גולגולת	 0	 0	 0	 0	 0	 0	 1	 0	 0	 1	 כן
אש	 0	 0	 0	 0	 0	 0	 1	 0	 0	 0	 כֵּנוּת
ימ	 1	 0	 1	 1	 0	 1	 0	 1	 0	 0	 חוֹטֵא
גורד שחקימ	 0	 1	 0	 0	 1	 0	 1	 1	 0	 1	 לָשִׁיר
וח	 0	 0	 0	 0	 0	 0	 0	 0	 0	 0	 זמר
רפוי	 0	 0	 0	 0	 0	 0	 0	 0	 0	 0	 יחיד
סיג	 0	 0	 0	 0	 0	 0	 1	 0	 0	 0	 בְּיִחִידוּת
טרוק	 0	 0	 0	 0	 0	 0	 0	 0	 0	 0	 יָחִיד
נ הרע	 0	 0	 0	 0	 0	 0	 0	 0	 0	 0	 ייחוד
יצ	 0	 0	 0	 0	 0	 0	 0	 0	 1	 0	 באופן יחידני
סלנג	 1	 0	 1	 1	 0	 1	 0	 0	 0	 0	 מְרוּשָׁע
אלכסונ	 0	 0	 0	 0	 0	 0	 0	 0	 0	 0	 כִּיוֹר
סטירה	 1	 0	 1	 1	 0	 1	 0	 1	 0	 0	 חוֹטֵא
קו נטוי	 0	 0	 1	 0	 0	 1	 0	 0	 0	 0	 חוטא
חתכימ	 0	 0	 0	 0	 0	 0	 0	 0	 0	 0	 סִינוּס
צפחה	 0	 0	 0	 0	 0	 0	 0	 0	 0	 0	 לגימה
צפחימ	 0	 0	 0	 0	 0	 0	 0	 0	 0	 0	 סִיפוֹן
חוט	 0	 0	 0	 0	 0	 0	 1	 0	 0	 1	 אֲדוֹנִי
טבחימ	 0	 0	 0	 0	 0	 0	 0	 0	 0	 0	 לְהוֹלִיד
חיטה	 0	 0	 0	 1	 0	 1	 0	 0	 0	 0	 סִירֶנָה
עבד	 0	 0	 0	 0	 0	 1	 0	 0	 0	 0	 גֶבֶר נָשִׁי
עבדות	 0	 0	 0	 0	 0	 0	 0	 0	 0	 0	 אָחוֹת
קטול	 1	 0	 0	 0	 0	 0	 1	 1	 1	 1	 אֲחָיוּת
קוטל	 0	 0	 0	 0	 0	 0	 0	 0	 0	 0	 אֲתַר
זחלת	 0	 0	 0	 0	 0	 0	 0	 0	 0	 0	 סית'
חליק	 0	 0	 0	 0	 0	 0	 0	 0	 0	 0	 יְשִׁיבָה
ישונ	 0	 0	 0	 0	 0	 0	 0	 0	 0	 0	 לְמַקֵם
אדנ	 0	 0	 0	 0	 0	 0	 0	 0	 0	 0	 ממוקם
ישנ	 0	 0	 0	 0	 0	 0	 0	 0	 0	 0	 מַצָב
נדד	 0	 0	 0	 0	 0	 0	 0	 0	 0	 0	 שִׁשִׁית
נומנמ	 0	 0	 0	 0	 0	 0	 0	 0	 0	 0	 שִׁשִׁים
סבבה	 0	 0	 0	 0	 0	 0	 0	 0	 0	 0	 גודל
רוול	 1	 0	 0	 0	 0	 0	 0	 0	 0	 0	 לִרְחוֹשׁ
א שרוולימ	 0	 0	 0	 0	 0	 0	 0	 0	 0	 0	 לְהַחלִיק עַל מִחלָקַיִם
זחלת	 0	 0	 0	 0	 0	 0	 0	 0	 0	 0	 החלקה
רזה	 0	 0	 0	 0	 0	 0	 0	 0	 0	 0	 פְּקַעַת חוּטִים
רזה	 0	 0	 0	 0	 0	 0	 0	 0	 0	 0	 שֶׁלֶד
לש	 0	 0	 0	 0	 0	 0	 0	 0	 0	 0	 סַפקָן
פרוסה	 0	 0	 0	 0	 0	 1	 0	 0	 0	 0	 סקֶפְּטִי
חלקלק	 0	 0	 0	 0	 0	 0	 0	 0	 0	 0	 סַפקָנוּת
קופית	 0	 0	 0	 0	 0	 0	 0	 0	 0	 0	 סְקִיצָה
חלקה	 0	 0	 0	 0	 0	 1	 0	 0	 0	 0	 שטחי
קלוש	 1	 1	 0	 0	 0	 1	 0	 0	 0	 0	 מוטה
עט	 0	 0	 0	 0	 0	 0	 0	 0	 0	 0	 לְשַׁפֵּד
רזה	 0	 0	 0	 0	 0	 0	 0	 0	 0	 0	 סקִי
סליימ	 1	 0	 0	 1	 0	 1	 0	 1	 0	 0	 הַחלָקָה
חלקלק	 0	 0	 0	 0	 0	 0	 0	 0	 0	 0	 בּוּצִית
קלע	 0	 0	 0	 0	 0	 0	 0	 0	 0	 0	 מְיוּמָנוּת
תגנב	 0	 0	 0	 0	 0	 0	 1	 0	 0	 0	 מְיוּמָן
פליטת פה	 0	 0	 0	 0	 0	 0	 0	 0	 0	 0	 מַחֲבַת
נעל בית	 0	 0	 0	 0	 0	 0	 1	 0	 0	 1	 מיומן
נעלי בית	 0	 0	 0	 0	 0	 0	 0	 0	 0	 0	 לְרַחֵף
סדק	 0	 0	 0	 0	 0	 0	 0	 0	 0	 0	 עור
רסיס	 0	 0	 0	 0	 0	 0	 0	 0	 0	 0	 רזה
סיסמה	 0	 0	 0	 0	 0	 1	 0	 0	 0	 0	 לדלג
ספינה	 0	 0	 0	 0	 0	 0	 0	 0	 0	 0	 רב חובל
יפוע	 1	 0	 0	 0	 0	 1	 0	 0	 0	 0	 הִתנַגְשׁוּת
דרונ	 0	 0	 0	 0	 0	 0	 0	 0	 0	 0	 חצאית
רושל	 0	 0	 0	 0	 0	 0	 0	 0	 0	 0	 עוקפת
חריצ	 0	 0	 0	 0	 0	 0	 0	 0	 0	 0	 חצאיות
עצלות	 0	 0	 0	 0	 0	 0	 0	 0	 0	 0	 פָּרוֹדִיָה
עובד רשלנ	 0	 0	 0	 0	 0	 0	 0	 0	 0	 0	 גולגולת
יל	 0	 0	 0	 0	 0	 0	 0	 0	 0	 0	 בּוּאֵשׁ
אט	 0	 0	 0	 0	 0	 0	 1	 0	 0	 0	 שָׁמַיִם
אט	 0	 0	 0	 0	 0	 0	 0	 0	 0	 0	 גורד שחקים
אטיות	 0	 0	 0	 0	 0	 0	 0	 0	 0	 0	 לוּחַ
רפש	 0	 0	 0	 0	 0	 1	 0	 0	 0	 0	 רָפוּי
ול	 0	 0	 0	 0	 0	 1	 0	 0	 0	 0	 סִיג
איטי	 1	 0	 0	 1	 0	 1	 0	 0	 1	 0	 לִטרוֹק
סכר	 1	 0	 1	 0	 0	 1	 0	 0	 0	 0	 לָשׁוֹן הָרַע
נת עוני	 0	 0	 0	 0	 0	 1	 0	 0	 0	 0	 מַשׁמִיץ
תנומה	 0	 0	 0	 0	 0	 0	 0	 0	 0	 0	 סְלֶנְג
צנוח	 0	 0	 0	 0	 0	 0	 0	 0	 0	 0	 אֲלַכסוֹן
צה	 1	 0	 0	 0	 0	 1	 0	 0	 1	 0	 סְטִירָה
רפש	 1	 0	 0	 0	 0	 0	 0	 0	 0	 0	 קו נטוי
זונה	 0	 0	 0	 0	 0	 0	 0	 0	 0	 0	 חתכים
ערמומי	 0	 0	 0	 0	 0	 0	 1	 0	 0	 0	 צִפחָה
רואינ	 0	 0	 0	 0	 0	 0	 0	 0	 0	 0	 צפחים
קטנ	 1	 0	 1	 1	 0	 1	 0	 1	 1	 0	 לִשְׁחוֹט
קטנ יותר	 1	 0	 1	 1	 0	 1	 0	 1	 0	 0	 מִטבָּחַיִם
י קטנ	 1	 0	 1	 1	 0	 1	 0	 1	 1	 0	 שחיטה
רסק	 1	 0	 0	 1	 0	 1	 0	 1	 0	 0	 עֶבֶד
רוסק	 1	 0	 1	 1	 0	 1	 0	 1	 0	 0	 עַבדוּת
ידיעה שטחית	 1	 0	 0	 0	 0	 1	 0	 0	 0	 0	 לִקְטוֹל
ריחה	 1	 0	 1	 1	 0	 1	 0	 1	 1	 0	 קוטל
ריח	 0	 0	 0	 0	 0	 0	 0	 0	 0	 0	 מִזחֶלֶת
רחה	 0	 0	 0	 0	 0	 0	 1	 0	 0	 0	 לְהַחלִיק
תיכ	 0	 0	 0	 0	 0	 0	 0	 0	 0	 0	 לִישׁוֹן
חיוכ	 0	 0	 0	 0	 0	 0	 0	 0	 0	 0	 אֶדֶן
חייכ	 0	 0	 0	 0	 0	 0	 0	 0	 0	 0	 יָשֵׁן
חיוכ מעושה	 0	 0	 0	 0	 0	 0	 0	 0	 0	 0	 נֶדֶד
ות	 0	 0	 0	 0	 0	 0	 0	 0	 0	 0	 מְנוּמנָם
נפח	 0	 0	 0	 0	 0	 1	 0	 0	 0	 0	 סבבה
ומ	 0	 0	 0	 0	 0	 0	 0	 0	 0	 0	 שרוול
עשנ	 0	 0	 0	 0	 0	 0	 0	 0	 0	 0	 ללא שרוולים
עושנ	 0	 0	 0	 0	 0	 0	 0	 0	 0	 0	 מִזחֶלֶת
עשנ	 0	 0	 0	 0	 0	 0	 0	 0	 0	 0	 רזה
א עשנ	 0	 0	 0	 0	 0	 0	 1	 0	 0	 0	 רָזֶה
עשנ	 0	 0	 0	 0	 0	 0	 0	 0	 0	 0	 בַּלָשׁ
צורה חלקה	 0	 0	 0	 0	 0	 0	 0	 0	 0	 0	 פרוסה
חלקות	 0	 0	 0	 0	 0	 0	 0	 0	 0	 0	 חֲלַקְלַק
חניק	 0	 0	 0	 0	 0	 0	 0	 0	 0	 0	 שקופית
תמ	 0	 0	 0	 0	 0	 0	 0	 0	 0	 0	 הַחלָקָה
זחוח	 0	 0	 0	 0	 0	 0	 0	 0	 0	 0	 קָלוּשׁ
ריח	 0	 0	 0	 0	 0	 0	 0	 0	 0	 0	 מְעַט
ריח	 0	 0	 0	 0	 0	 0	 1	 0	 0	 0	 רָזֶה
רחה	 0	 0	 1	 0	 0	 0	 0	 0	 0	 0	 סליים
טמבל	 0	 0	 1	 0	 0	 1	 0	 0	 0	 0	 חֲלַקְלַק
חטיפ	 0	 0	 0	 0	 0	 0	 0	 0	 0	 0	 קֶלַע
חטיפימ	 0	 0	 0	 0	 0	 1	 0	 0	 0	 0	 לְהִתְגַנֵב
קרע	 0	 0	 0	 0	 0	 1	 0	 0	 1	 0	 פליטת פה
תקלות	 0	 0	 0	 0	 0	 0	 0	 0	 0	 0	 נעל בית
ול	 0	 0	 0	 0	 0	 0	 0	 0	 0	 0	 נעלי בית
נחש	 0	 0	 0	 0	 0	 0	 0	 0	 0	 0	 סֶדֶק
צלמ	 0	 0	 0	 0	 0	 0	 0	 0	 0	 0	 רְסִיס
תמונת מצב	 0	 0	 0	 0	 0	 0	 0	 0	 0	 0	 סִיסמָה
דת	 0	 0	 0	 0	 0	 0	 0	 0	 0	 0	 ספינה
נהומ	 0	 0	 1	 0	 0	 1	 0	 0	 0	 0	 שיפוע
נוהמ	 0	 0	 0	 0	 0	 0	 0	 0	 0	 0	 מִדרוֹן
חטופ	 0	 0	 1	 0	 0	 1	 0	 0	 0	 0	 מרושל
תגנב	 0	 0	 0	 0	 0	 0	 0	 0	 0	 0	 חָרִיץ
נעלי ספורט	 0	 0	 1	 0	 0	 1	 0	 0	 0	 0	 עַצלוּת
תגנב	 0	 0	 0	 0	 0	 1	 0	 0	 0	 0	 עוֹבֵד רַשׁלָן
עוג	 0	 0	 0	 0	 0	 1	 0	 0	 0	 0	 לְהַשִׁיל
תעטש	 0	 0	 0	 0	 0	 0	 0	 0	 0	 0	 לְהַאֵט
תעטשות	 0	 0	 0	 0	 0	 0	 0	 0	 0	 0	 לאט
צחקק	 0	 0	 0	 0	 0	 1	 0	 0	 0	 0	 אִטִיוּת
זויפ	 0	 0	 1	 0	 0	 1	 0	 0	 0	 0	 רֶפֶשׁ
רחרח	 0	 0	 1	 0	 0	 1	 0	 0	 0	 0	 שבלול
גזור	 0	 0	 0	 0	 0	 1	 0	 1	 0	 0	 איטי
צלופ	 0	 0	 0	 0	 0	 0	 0	 0	 0	 0	 סֶכֶר
קטע	 0	 0	 1	 0	 0	 1	 0	 0	 0	 0	 שְׁכוּנַת עוֹנִי
סנוב	 0	 0	 0	 0	 0	 0	 0	 0	 0	 0	 תְנוּמָה
סנופי	 0	 0	 0	 0	 0	 1	 0	 1	 0	 0	 לִצְנוֹחַ
נמנומ	 1	 0	 1	 0	 0	 1	 0	 1	 0	 0	 הַשׁמָצָה
נחור	 0	 0	 1	 0	 0	 1	 0	 0	 1	 0	 רפש
נחירה	 1	 0	 1	 0	 0	 1	 0	 0	 0	 0	 זוֹנָה
חוטמ	 1	 0	 1	 1	 0	 1	 0	 0	 0	 0	 ערמומי
לג	 1	 0	 0	 0	 0	 1	 0	 0	 0	 0	 הֵרוֹאִין
דור שלג	 0	 0	 0	 0	 0	 1	 0	 0	 0	 0	 קָטָן
פתית שלג	 0	 0	 0	 0	 0	 0	 0	 0	 0	 0	 קטן יותר
לג	 0	 0	 0	 0	 0	 0	 0	 0	 0	 0	 הכי קטן
טבק הרחה	 1	 0	 0	 1	 0	 1	 0	 0	 0	 0	 לְרַסֵק
רות	 0	 0	 0	 0	 0	 1	 0	 0	 0	 0	 מרוסק
ריה	 0	 0	 0	 0	 0	 1	 0	 0	 0	 0	 יְדִיעָה שִׁטחִית
סבונ	 0	 0	 0	 0	 0	 0	 0	 0	 0	 0	 מריחה
סבוני	 1	 0	 1	 0	 0	 1	 0	 0	 0	 0	 רֵיחַ
דאיה	 0	 0	 1	 0	 0	 1	 0	 0	 0	 0	 הֲרָחָה
נ כלבה	 0	 0	 0	 0	 0	 0	 0	 0	 0	 0	 להתיך
תפכחות	 0	 0	 0	 0	 1	 0	 1	 0	 1	 1	 חיוך
דורגל	 0	 0	 0	 0	 1	 0	 1	 0	 0	 0	 מחייך
חברותי	 0	 0	 0	 0	 0	 1	 0	 0	 0	 0	 חִיוּך מְעוּשֶׂה
חברתי	 1	 0	 0	 1	 0	 1	 0	 1	 0	 0	 לְהַכּוֹת
סוציאליזמ	 0	 0	 0	 0	 0	 0	 0	 0	 0	 1	 נַפָּח
סוציאליסט	 0	 0	 0	 0	 0	 0	 1	 0	 0	 0	 הָלוּם
חברה	 0	 0	 0	 0	 0	 1	 0	 0	 0	 0	 מְעַשֵׁן
גרב	 0	 0	 0	 0	 0	 0	 0	 0	 0	 0	 מעושן
קע	 0	 0	 0	 0	 0	 0	 0	 0	 0	 0	 לעשן
טפש	 0	 0	 0	 0	 0	 0	 0	 0	 0	 0	 מָלֵא עָשָׁן
ספה	 0	 0	 0	 0	 0	 0	 0	 0	 0	 0	 עשן
תרככות	 0	 0	 0	 0	 0	 0	 0	 0	 0	 0	 בצורה חלקה
רוכ	 0	 0	 0	 0	 0	 0	 1	 0	 0	 0	 חֲלָקוּת
ספוג	 1	 0	 0	 0	 0	 1	 0	 0	 0	 0	 לְהַחנִיק
קרקע	 0	 0	 0	 0	 0	 1	 0	 0	 0	 0	 כֶּתֶם
לכ	 0	 0	 0	 0	 0	 1	 0	 0	 0	 0	 זחוח
גור	 0	 0	 0	 1	 0	 1	 0	 0	 0	 0	 לְהַברִיחַ
נחמה	 1	 0	 1	 1	 0	 1	 0	 0	 0	 0	 מַברִיחַ
סולרי	 0	 0	 0	 0	 0	 1	 0	 0	 0	 0	 הַברָחָה
רתכ	 0	 0	 1	 1	 0	 1	 0	 0	 0	 0	 טמבל
חמה	 0	 0	 0	 0	 0	 0	 0	 0	 0	 0	 חָטִיף
חמ	 0	 0	 0	 0	 0	 0	 0	 0	 0	 0	 חֲטִיפִים
עדי	 0	 0	 0	 0	 0	 1	 0	 0	 1	 0	 קֶרַע
קש	 0	 0	 0	 0	 0	 1	 0	 0	 0	 0	 תקלות
ידול	 0	 0	 0	 0	 0	 0	 0	 0	 0	 0	 שַׁבְּלוּל
עורכ דינ	 0	 0	 1	 1	 0	 1	 0	 0	 0	 0	 נָחָשׁ
צק	 0	 0	 0	 0	 0	 0	 0	 0	 0	 0	 לְצַלֵם
סולידריות	 0	 0	 0	 0	 0	 0	 0	 0	 0	 0	 תמונת מצב
תמצקות	 0	 0	 0	 1	 0	 1	 0	 0	 0	 0	 מַלכּוֹדֶת
תמצק	 1	 0	 1	 0	 0	 1	 0	 0	 0	 0	 לִנְהוֹם
גבש	 1	 0	 0	 0	 0	 1	 0	 0	 0	 0	 נוהם
צקות	 0	 0	 0	 0	 0	 0	 0	 0	 0	 0	 לַחטוֹף
סוליטר	 1	 0	 0	 1	 0	 1	 0	 0	 1	 0	 לְהִתְגַנֵב
דד	 0	 0	 0	 0	 0	 0	 0	 0	 0	 0	 נעלי ספורט
דידות	 0	 1	 0	 1	 0	 1	 0	 0	 0	 1	 מתגנב
סולו	 1	 0	 1	 0	 0	 1	 0	 0	 0	 0	 ללעוג
סיסות	 0	 0	 1	 0	 0	 1	 0	 0	 1	 0	 לְהִתְעַטֵשׁ
סיס	 0	 0	 0	 0	 0	 0	 0	 0	 0	 0	 הִתעַטְשׁוּת
פתרונ	 0	 0	 0	 0	 0	 0	 1	 0	 0	 0	 לְצַחְקֵק
פתור	 0	 0	 0	 0	 0	 1	 0	 0	 0	 0	 מְזוּיָף
ר פרעונ	 0	 0	 0	 0	 0	 0	 0	 0	 0	 0	 לְרַחְרֵח
מס	 0	 0	 0	 0	 0	 0	 0	 0	 0	 0	 לִגזוֹר
סומטי	 0	 0	 0	 0	 0	 0	 0	 0	 0	 0	 לִצְלוֹף
קודר	 0	 0	 0	 0	 0	 0	 0	 0	 0	 0	 קטע
בנ	 0	 0	 0	 0	 0	 1	 0	 0	 0	 0	 סְנוֹבּ
סונר	 0	 0	 0	 0	 0	 0	 0	 0	 0	 0	 סנופי
סונטה	 0	 0	 0	 0	 0	 0	 0	 0	 0	 0	 נִמנוּם
יר	 0	 0	 0	 0	 0	 0	 0	 0	 0	 0	 לִנְחוֹר
סונטה	 0	 0	 0	 0	 0	 0	 0	 1	 0	 0	 נְחִירָה
צלצל	 0	 0	 0	 0	 0	 0	 0	 0	 0	 0	 חוֹטֶם
פיח	 0	 0	 0	 0	 0	 0	 0	 0	 0	 0	 שֶׁלֶג
רגיע	 0	 0	 0	 0	 0	 0	 0	 0	 0	 0	 כַּדוּר שֶׁלֶג
רגעה	 0	 0	 0	 0	 0	 0	 0	 0	 0	 0	 פְּתִית שֶׁלֶג
יתה ב	 0	 0	 0	 0	 0	 0	 0	 0	 0	 0	 מוּשׁלָג
סופרנו	 0	 0	 0	 0	 0	 0	 0	 0	 0	 0	 טַבָּק הֲרָחָה
שפ	 0	 0	 0	 0	 0	 1	 0	 0	 0	 0	 לְהַשְׁרוֹת
ישופ	 0	 0	 0	 0	 0	 0	 0	 0	 0	 0	 שְׁרִיָה
חת	 0	 0	 0	 0	 0	 0	 0	 0	 0	 0	 סַבּוֹן
דלקת	 0	 0	 0	 0	 0	 0	 0	 0	 0	 0	 סַבּוֹנִי
אב	 0	 0	 0	 0	 0	 0	 0	 0	 0	 0	 דְאִיָה
אב	 0	 0	 0	 0	 0	 1	 0	 1	 0	 0	 בֶּן כַּלבָּה
דורה	 0	 0	 0	 0	 0	 0	 1	 0	 0	 1	 הִתפַּכְּחוּת
עדונ נשימ	 0	 0	 0	 0	 0	 0	 0	 0	 0	 0	 soc
צער	 0	 0	 0	 0	 0	 0	 0	 0	 0	 0	 כדורגל
עצוב	 0	 0	 0	 0	 0	 0	 1	 0	 0	 0	 חַברוּתִי
סוג	 0	 0	 0	 0	 0	 0	 0	 0	 0	 0	 חֶברָתִי
ינ	 0	 0	 1	 1	 0	 0	 0	 0	 0	 0	 סוֹצִיאָלִיזם
גיחה	 1	 0	 1	 1	 0	 1	 0	 1	 0	 0	 סוֹצִיאָלִיסט
יונ	 0	 0	 0	 0	 0	 0	 0	 0	 0	 0	 חֶברָה
סו	 0	 0	 0	 0	 0	 0	 0	 0	 0	 0	 גֶרֶב
חסר נשמה	 0	 0	 0	 0	 0	 0	 0	 0	 0	 0	 שֶׁקַע
נפש תאומה	 0	 0	 0	 0	 0	 0	 0	 0	 0	 0	 טִפֵּשׁ
נשמע	 0	 0	 0	 0	 0	 0	 0	 0	 0	 0	 סַפָּה
דיקת עומק	 0	 0	 0	 0	 0	 0	 0	 0	 0	 0	 הִתרַכְּכוּת
תקפות	 0	 0	 0	 0	 0	 0	 0	 0	 0	 0	 רוֹך
רק	 0	 0	 0	 0	 0	 0	 0	 0	 0	 0	 סָפוּג
חמוצ	 0	 0	 1	 0	 0	 1	 0	 0	 0	 0	 קרקע
קור	 0	 0	 1	 0	 0	 1	 0	 0	 0	 0	 מְלוּכלָך
זכרת	 0	 0	 0	 0	 0	 0	 0	 0	 0	 0	 לָגוּר
יט	 0	 0	 0	 0	 0	 0	 1	 0	 0	 0	 נֶחָמָה
ריבונות	 0	 0	 0	 0	 0	 0	 0	 0	 0	 0	 סוֹלָרִי
זרוע	 0	 0	 0	 0	 0	 0	 0	 0	 0	 0	 לְרַתֵך
ספא	 0	 0	 0	 0	 0	 0	 0	 0	 0	 0	 הַלחָמָה
רחב	 1	 0	 0	 0	 0	 0	 1	 1	 0	 0	 לוֹחֶם
רווח	 0	 0	 0	 0	 0	 0	 0	 0	 0	 0	 בלעדי
כפ	 0	 0	 0	 0	 0	 0	 0	 0	 0	 0	 לְבַקֵשׁ
קיפ	 0	 0	 0	 0	 0	 0	 0	 0	 0	 0	 שידול
ספנייל	 0	 0	 0	 0	 0	 0	 0	 0	 0	 0	 עוֹרֵך דִין
סטירה	 0	 0	 0	 0	 0	 0	 1	 0	 0	 0	 מוצק
זריז	 0	 0	 0	 0	 0	 0	 0	 0	 0	 1	 סוֹלִידָרִיוּת
תנצח	 0	 0	 0	 0	 0	 0	 0	 0	 0	 0	 התמצקות
נוספ	 0	 0	 0	 0	 0	 0	 0	 0	 0	 0	 התמצק
רה	 0	 0	 0	 0	 0	 0	 0	 0	 0	 0	 לְגַבֵּשׁ
עורר	 0	 0	 0	 0	 0	 0	 1	 0	 0	 1	 מוּצָקוּת
נצנוצ	 0	 0	 0	 0	 0	 0	 0	 0	 0	 0	 סוליטר
ספרינג	 0	 0	 0	 0	 0	 0	 0	 0	 0	 0	 בּוֹדֵד
דליל	 0	 0	 0	 0	 0	 0	 0	 0	 0	 0	 בְּדִידוּת
תקפ	 0	 0	 0	 0	 0	 0	 0	 0	 0	 0	 סוֹלוֹ
ירק	 0	 0	 0	 0	 0	 0	 0	 0	 0	 0	 מְסִיסוּת
רית	 0	 0	 0	 0	 0	 0	 0	 0	 0	 0	 מָסִיס
ריצ	 0	 0	 0	 0	 0	 0	 1	 0	 0	 0	 פִּתָרוֹן
רמקול	 0	 0	 0	 0	 0	 0	 0	 0	 0	 0	 לִפְתוֹר
דבר	 0	 0	 0	 0	 0	 0	 1	 0	 0	 0	 כּוֹשֵׁר פֵּרָעוֹן
חנית	 0	 0	 0	 0	 0	 0	 0	 0	 0	 0	 מֵמֵס
יוחד	 0	 0	 0	 0	 0	 1	 0	 0	 1	 0	 סומטי
חה	 0	 0	 0	 0	 0	 1	 0	 1	 0	 0	 קוֹדֵר
תחומ התמחות	 0	 0	 0	 0	 0	 0	 0	 0	 0	 0	 בֵּן
תמחות	 0	 1	 0	 0	 0	 0	 1	 0	 0	 0	 סוֹנָר
יוחד	 0	 0	 0	 0	 0	 0	 1	 0	 0	 0	 סונטה
צלצלימ	 0	 0	 0	 0	 0	 0	 0	 0	 0	 0	 שִׁיר
ינ	 0	 0	 0	 0	 1	 0	 1	 1	 0	 0	 סוֹנֶטָה
ספציפי	 0	 0	 0	 0	 1	 0	 1	 0	 0	 0	 מְצַלצֵל
פרט	 0	 0	 1	 0	 0	 1	 0	 0	 0	 0	 פיח
דוגמה	 0	 0	 0	 0	 0	 0	 1	 0	 0	 0	 לְהַרְגִיעַ
נקודה	 0	 0	 0	 0	 1	 0	 1	 0	 0	 1	 הַרגָעָה
נומר	 0	 0	 0	 0	 0	 0	 0	 0	 0	 0	 כיתה ב'
פרט	 0	 0	 0	 0	 0	 0	 0	 0	 0	 0	 סוֹפּרָנוֹ
חזה	 0	 0	 0	 0	 0	 0	 0	 0	 0	 0	 מְכַשֵׁף
קפימ	 0	 1	 0	 1	 0	 1	 0	 0	 1	 0	 כישוף
רהיב	 1	 0	 1	 1	 0	 1	 0	 1	 0	 0	 מוּשׁחָת
צופה	 1	 0	 0	 0	 0	 1	 0	 1	 0	 0	 דַלֶקֶת
רוח	 0	 0	 0	 0	 0	 1	 0	 1	 0	 0	 בכאב
 רוח רפאימ	 0	 0	 1	 0	 0	 1	 0	 1	 0	 0	 כְּאֵב
ספקטרומטר	 0	 0	 0	 0	 0	 0	 0	 0	 0	 0	 דוּרָה
ספקטרופוטומטר	 0	 0	 0	 0	 0	 0	 0	 0	 0	 0	 מוֹעֲדוֹן נָשִׁים
ספקטרוסקופיה	 0	 0	 0	 1	 0	 1	 0	 1	 0	 0	 צַעַר
ספקטרומ	 0	 0	 0	 0	 0	 1	 0	 1	 0	 0	 עָצוּב
ספסר	 0	 0	 0	 0	 0	 0	 0	 0	 0	 0	 סוג
ספקולציה	 0	 0	 0	 0	 0	 0	 1	 0	 0	 0	 מְמַיֵן
ספקולטיבי	 0	 0	 0	 1	 0	 1	 0	 0	 0	 0	 גִיחָה
ספקולומ	 0	 0	 0	 0	 0	 0	 0	 0	 0	 0	 מִיוּן
נאומ	 0	 0	 0	 0	 0	 0	 0	 0	 0	 0	 סו
א מילימ	 0	 0	 1	 1	 0	 1	 0	 1	 0	 0	 חסר נשמה
ירות	 0	 0	 0	 1	 0	 1	 0	 0	 0	 0	 נפש תאומה
ירות	 0	 0	 0	 0	 0	 0	 0	 0	 0	 0	 נשמע
ד מהירות	 0	 0	 0	 0	 0	 0	 0	 0	 0	 0	 בְּדִיקַת עוֹמֶק
יש מהיר	 0	 1	 0	 0	 1	 0	 1	 0	 0	 1	 תְקֵפוּת
יר	 0	 0	 0	 0	 0	 0	 1	 0	 0	 0	 מרק
שפ	 0	 0	 1	 0	 0	 1	 0	 0	 0	 0	 חָמוּץ
איות	 0	 0	 0	 0	 0	 0	 0	 0	 0	 0	 מָקוֹר
ספנסר	 0	 0	 0	 0	 0	 0	 0	 0	 0	 0	 מַזכֶּרֶת
ות	 0	 0	 0	 0	 0	 0	 0	 0	 0	 1	 שָׁלִיט
תש	 0	 0	 0	 0	 0	 0	 0	 0	 0	 0	 ריבונות
זרע	 0	 0	 0	 0	 0	 0	 0	 0	 0	 0	 לִזרוֹעַ
קיא	 0	 1	 0	 0	 1	 0	 1	 0	 1	 1	 ספָּא
דור	 0	 0	 0	 0	 0	 0	 0	 0	 0	 0	 מֶרחָב
דורי	 0	 0	 0	 0	 0	 0	 1	 0	 0	 0	 מְרוּוָח
ספינקס	 0	 0	 0	 0	 0	 0	 0	 0	 0	 0	 כף
תבל	 0	 0	 0	 0	 0	 0	 0	 0	 0	 0	 לְהַקִיף
חריפ	 0	 0	 0	 0	 1	 0	 1	 0	 0	 1	 ספנייל
עכביש	 1	 0	 0	 1	 0	 1	 0	 1	 0	 0	 סְטִירָה
רז	 1	 0	 0	 0	 0	 0	 0	 0	 0	 0	 זָרִיז
דרבנ	 0	 0	 0	 0	 0	 0	 0	 0	 0	 0	 לְהִתְנַצֵחַ
סמר	 0	 0	 0	 0	 0	 0	 0	 0	 0	 0	 נוֹסָף
דוקרני	 0	 0	 0	 0	 0	 0	 0	 0	 0	 0	 במשורה
פוכ	 0	 0	 0	 0	 0	 0	 0	 0	 0	 0	 לְעוֹרֵר
סיבוב	 0	 1	 0	 0	 1	 0	 1	 0	 1	 0	 נִצנוּץ
 עמוד השדרה	 0	 0	 0	 0	 0	 0	 0	 0	 0	 0	 ספרינג
נול	 0	 0	 0	 0	 0	 0	 0	 0	 0	 0	 דליל
עמוד השדרה	 0	 0	 0	 1	 0	 1	 0	 0	 0	 0	 הֶתקֵף
סתובב	 1	 0	 0	 0	 0	 1	 0	 0	 0	 0	 ירק
סבבה	 0	 0	 0	 0	 0	 0	 0	 0	 0	 0	 מָרִית
קוצני	 0	 0	 0	 0	 0	 0	 0	 0	 0	 0	 לְהַשְׁרִיץ
סלילי	 0	 0	 0	 0	 0	 0	 0	 0	 0	 0	 רַמקוֹל
נה חרוטי	 0	 0	 0	 0	 0	 0	 0	 0	 0	 0	 מדבר
רוח	 1	 1	 0	 1	 0	 1	 0	 0	 0	 0	 חנית
צב רוח	 0	 0	 0	 0	 1	 0	 1	 0	 0	 0	 מיוחד
רוחני	 0	 0	 0	 0	 0	 0	 0	 0	 0	 1	 מוּמחֶה
רוחניות	 0	 0	 0	 0	 0	 0	 0	 0	 0	 0	 תחום התמחות
ירוק	 0	 0	 0	 0	 0	 0	 0	 0	 0	 1	 לְהִתְמַחוֹת
עיס	 0	 0	 0	 0	 0	 0	 0	 0	 0	 0	 במיוחד
קנטרני	 0	 0	 0	 0	 0	 0	 1	 0	 0	 0	 מְצַלצֵלִים
סנסציה	 0	 0	 0	 0	 0	 0	 0	 0	 0	 0	 מִין
טחול	 0	 0	 0	 0	 0	 0	 0	 0	 0	 0	 ספֵּצִיפִי
נהדר	 0	 0	 0	 0	 0	 0	 0	 0	 0	 0	 מִפרָט
פאר	 0	 0	 0	 0	 0	 0	 0	 0	 0	 0	 דוּגמָה
אחוי	 0	 0	 1	 0	 0	 1	 0	 0	 0	 0	 נְקוּדָה
גמ	 0	 0	 0	 0	 0	 0	 0	 0	 0	 0	 מְנוּמָר
סד	 0	 0	 0	 0	 0	 0	 0	 0	 0	 0	 מפרט
קיסמ	 0	 0	 0	 0	 0	 1	 1	 0	 0	 0	 מַחֲזֶה
פצל	 0	 0	 0	 0	 0	 0	 0	 0	 0	 0	 מִשׁקָפַיִם
פציחה	 0	 1	 0	 0	 0	 0	 0	 0	 1	 0	 מַרהִיב
עשות רושמ	 0	 0	 0	 0	 0	 0	 0	 0	 0	 0	 צופה
קלקל	 0	 0	 0	 1	 0	 1	 0	 1	 0	 0	 רוּחַ
ספוילר	 0	 0	 0	 0	 0	 1	 0	 0	 0	 0	 שֶׁל רוּחַ רְפָאִים
קלקול	 0	 0	 0	 0	 0	 0	 0	 0	 0	 0	 ספקטרומטר
דיבר	 0	 0	 0	 0	 0	 0	 0	 0	 0	 0	 ספקטרופוטומטר
נאמר	 0	 0	 0	 0	 0	 0	 0	 0	 0	 0	 ספקטרוסקופיה
דובר	 0	 0	 0	 0	 0	 0	 0	 0	 0	 0	 ספֵּקטרוּם
ספוג	 0	 0	 0	 0	 0	 0	 0	 0	 0	 0	 לְסַפְסֵר
ספוגי	 0	 0	 0	 1	 0	 1	 0	 1	 0	 0	 ספֵּקוּלָצִיָה
תת חסות	 0	 1	 0	 0	 0	 0	 0	 0	 0	 0	 ספֵּקוּלָטִיבִי
חסות	 0	 0	 0	 0	 0	 0	 0	 0	 0	 0	 ספקולום
תיחה	 0	 0	 0	 0	 0	 0	 1	 0	 0	 0	 נְאוּם
פחיד	 0	 0	 0	 0	 0	 0	 0	 0	 0	 0	 ללא מילים
כפ	 0	 0	 0	 0	 0	 0	 0	 0	 0	 0	 מְהִירוּת
כפ	 0	 0	 0	 0	 0	 0	 0	 0	 0	 0	 במהירות
א סדיר	 0	 0	 0	 0	 0	 0	 0	 0	 0	 0	 מַד מְהִירוּת
נבג	 0	 0	 0	 0	 0	 0	 0	 0	 0	 0	 כְּבִישׁ מָהִיר
ספורט	 0	 0	 0	 0	 0	 0	 1	 0	 0	 0	 מָהִיר
ספורטיבי	 0	 0	 0	 0	 0	 0	 0	 0	 0	 0	 מְכוּשָׁף
ספורט	 0	 0	 0	 0	 0	 0	 1	 0	 0	 0	 אִיוּת
ספורטאי	 0	 0	 0	 0	 0	 0	 0	 0	 0	 0	 ספנסר
זהות	 0	 0	 0	 0	 0	 0	 0	 0	 0	 0	 לְבַלוֹת
א רבב	 0	 0	 0	 0	 0	 1	 0	 0	 0	 0	 מוּתַשׁ
נוקד	 0	 0	 0	 0	 0	 0	 0	 0	 0	 0	 זֶרַע
א יציב	 0	 0	 1	 0	 0	 0	 0	 0	 0	 0	 לְהַקִיא
נ זוג	 0	 0	 0	 0	 0	 0	 0	 0	 0	 0	 כַּדוּר
נ זוג	 0	 0	 0	 0	 0	 0	 0	 0	 0	 0	 כַּדוּרִי
זרבובית	 0	 0	 0	 0	 0	 0	 0	 0	 0	 0	 ספִינקס
נקע	 0	 0	 0	 0	 0	 0	 1	 0	 0	 0	 לְתַבֵּל
תרע	 0	 0	 0	 0	 0	 0	 0	 0	 0	 0	 חָרִיף
תרסיס	 0	 0	 1	 1	 0	 0	 0	 0	 0	 0	 עַכָּבִישׁ
תפשטות	 0	 0	 0	 0	 0	 0	 0	 0	 0	 0	 בֶּרֶז
וס	 0	 0	 0	 1	 0	 0	 0	 0	 0	 0	 דָרְבָּן
תזה	 0	 0	 0	 0	 0	 0	 0	 0	 0	 0	 מְמוּסמָר
דונ	 0	 0	 0	 0	 0	 0	 0	 0	 0	 0	 דוֹקְרָנִי
נביט	 0	 0	 0	 0	 0	 0	 0	 0	 0	 0	 לשפוך
אשוחית	 0	 0	 0	 0	 0	 0	 0	 0	 0	 0	 סיבוב
חה	 0	 0	 0	 0	 0	 0	 0	 0	 0	 0	 שֶׁל עַמוּד הַשִׁדרָה
זויפ	 0	 0	 0	 0	 0	 0	 0	 0	 0	 0	 נול
דרבנ	 1	 0	 0	 0	 0	 1	 1	 0	 0	 0	 עַמוּד הַשִׁדרָה
פרצ	 0	 0	 0	 0	 0	 0	 0	 0	 0	 0	 מסתובב
רגל	 0	 0	 0	 1	 0	 1	 0	 1	 0	 0	 סבבה
חוליה	 0	 0	 0	 0	 0	 0	 0	 0	 0	 0	 קוֹצָנִי
פלוגה	 0	 0	 0	 0	 0	 0	 0	 0	 0	 0	 סְלִילִי
תזזית	 0	 0	 0	 0	 0	 0	 0	 0	 0	 0	 מִבנֶה חֲרוּטִי
קשקשי	 0	 0	 0	 0	 0	 0	 1	 0	 0	 0	 רוּחַ
יכר	 0	 1	 0	 0	 1	 0	 1	 0	 1	 0	 מַצַב רוּחַ
פופ	 0	 0	 0	 0	 0	 0	 0	 0	 0	 0	 רוחני
פולש	 0	 0	 0	 0	 0	 0	 0	 0	 0	 0	 רוּחָנִיוּת
חריקה	 0	 0	 1	 0	 0	 0	 0	 0	 0	 0	 לירוק
ינ	 1	 0	 0	 0	 0	 1	 0	 0	 0	 0	 לְהַכעִיס
רגיש	 1	 0	 0	 0	 0	 1	 0	 0	 0	 0	 קַנטְרָנִי
חוצ	 0	 0	 0	 0	 0	 0	 0	 0	 1	 0	 סֶנסַצִיָה
סחיטה	 0	 0	 0	 0	 0	 0	 0	 0	 0	 0	 טְחוֹל
תיק	 0	 0	 0	 0	 1	 0	 1	 0	 1	 0	 נֶהְדָר
פזילה	 0	 1	 0	 0	 1	 0	 1	 0	 1	 0	 פְּאֵר
נושא כלימ	 0	 0	 0	 0	 0	 0	 0	 0	 0	 0	 אִחוּי
תפתל	 0	 0	 0	 0	 0	 0	 0	 0	 0	 0	 שֶׁגֶם
סנאי	 0	 0	 0	 0	 0	 0	 0	 0	 0	 0	 סַד
פריצ	 0	 0	 0	 0	 0	 1	 0	 0	 0	 0	 קֵיסָם
דקור	 0	 0	 0	 0	 0	 1	 0	 0	 0	 0	 לְפַצֵל
יציבות	 0	 0	 0	 0	 0	 1	 0	 1	 0	 0	 פְּצִיחָה
יציב	 0	 0	 0	 0	 0	 0	 0	 0	 0	 0	 לַעֲשׂוֹת רוֹשֶׁם
סטקטו	 0	 0	 1	 0	 0	 1	 0	 0	 0	 0	 לְקַלְקֵל
ערומ	 0	 0	 0	 0	 0	 1	 0	 1	 0	 0	 ספוילר
צוות	 0	 0	 0	 0	 0	 0	 0	 0	 0	 0	 קִלקוּל
צבי	 0	 0	 0	 0	 0	 1	 0	 0	 0	 0	 דיבר
לב	 0	 0	 0	 0	 0	 0	 0	 0	 0	 0	 נֱאֶמַר
תנודד	 0	 0	 0	 0	 0	 0	 0	 0	 0	 1	 דוֹבֵר
דהימ	 0	 0	 0	 0	 0	 1	 0	 0	 0	 0	 סְפוֹג
אדיש	 0	 0	 0	 0	 0	 0	 0	 0	 0	 0	 סְפוֹגִי
קפאונ	 0	 0	 0	 0	 0	 0	 1	 0	 0	 1	 לָתֵת חָסוּת
תונ	 0	 0	 0	 0	 0	 0	 0	 0	 0	 0	 חָסוּת
תמ	 0	 0	 0	 0	 0	 0	 0	 0	 0	 0	 מְתִיחָה
אל חלד	 0	 0	 0	 1	 0	 1	 0	 0	 0	 0	 מפחיד
דרגה	 0	 0	 0	 0	 0	 0	 0	 0	 0	 0	 כף
דרגות	 0	 0	 0	 0	 0	 0	 0	 0	 0	 0	 כף
חדר מדרגות	 0	 0	 0	 0	 0	 0	 0	 0	 0	 0	 לֹא סָדִיר
מר	 0	 0	 0	 0	 0	 0	 0	 0	 0	 0	 נֶבֶג
א טרי	 0	 0	 0	 0	 0	 0	 0	 0	 0	 0	 ספּוֹרט
י סתומ	 0	 0	 0	 0	 0	 0	 0	 0	 0	 0	 ספּוֹרטִיבִי
גבעול	 0	 0	 0	 0	 0	 0	 0	 0	 0	 0	 ספורט
דוכנ	 0	 0	 0	 0	 0	 0	 0	 0	 0	 0	 ספּוֹרטַאִי
סוס הרבעה	 0	 0	 0	 0	 0	 0	 0	 0	 0	 0	 לְזַהוֹת
דוכנימ	 0	 0	 0	 0	 0	 0	 1	 0	 0	 1	 לְלֹא רְבָב
איתנ	 0	 0	 0	 0	 0	 0	 0	 0	 0	 0	 מְנוּקָד
ר עמידה	 0	 0	 0	 0	 0	 0	 0	 0	 0	 0	 לֹא יַצִיב
חותמת	 0	 0	 0	 0	 0	 0	 0	 0	 0	 0	 בן זוג
עמוד	 0	 0	 0	 0	 1	 0	 1	 0	 0	 1	 בן זוג
תקנ	 0	 0	 0	 0	 0	 0	 0	 0	 0	 0	 זַרבּוּבִית
תקננ	 0	 0	 0	 0	 0	 1	 0	 1	 0	 0	 נֶקַע
עומד	 0	 0	 0	 0	 0	 0	 0	 0	 0	 0	 לְהִשְׂתָרֵעַ
תיקו	 0	 0	 0	 0	 0	 0	 0	 0	 0	 0	 תַרסִיס
חינה	 0	 0	 0	 0	 0	 0	 0	 0	 0	 0	 התפשטות
עמוד דומ	 0	 0	 0	 0	 0	 1	 0	 0	 0	 0	 בּוּלמוּס
חרוזה	 0	 0	 0	 0	 0	 0	 0	 0	 0	 0	 הַתָזָה
צרכ	 0	 0	 0	 1	 0	 1	 0	 0	 0	 0	 שֵׁדוֹן
כב	 0	 0	 0	 0	 0	 0	 0	 0	 0	 0	 להנביט
ימינה	 0	 0	 0	 0	 0	 0	 1	 0	 0	 0	 אַשׁוּחִית
עמילנ	 0	 0	 0	 1	 0	 0	 0	 0	 0	 0	 שְׁלוּחָה
ות	 0	 0	 1	 0	 0	 1	 0	 0	 0	 0	 מְזוּיָף
הה	 0	 0	 0	 0	 0	 0	 0	 0	 0	 0	 דרבן
חלט	 0	 0	 0	 0	 0	 0	 0	 0	 0	 0	 פֶּרֶץ
אור כוכבימ	 0	 0	 0	 0	 0	 0	 0	 0	 0	 0	 מרגל
זרוע כוכבימ	 0	 0	 0	 0	 0	 0	 0	 0	 0	 0	 חוּלִיָה
ימ	 0	 0	 0	 0	 0	 0	 0	 0	 0	 0	 פְּלוּגָה
תחלה	 0	 0	 0	 1	 0	 1	 0	 1	 0	 0	 תְזָזִית
יל	 0	 0	 0	 0	 0	 0	 0	 0	 0	 0	 קשקשי
יל	 0	 0	 0	 0	 0	 0	 0	 0	 0	 0	 כיכר
רעב	 0	 0	 0	 0	 0	 0	 0	 0	 0	 0	 שָׁפוּף
רעב	 0	 0	 0	 0	 0	 1	 0	 0	 0	 0	 פּוֹלֵשׁ
רעב	 0	 0	 0	 0	 0	 0	 0	 0	 0	 0	 חֲרִיקָה
דינה	 0	 0	 0	 0	 0	 0	 0	 0	 0	 0	 לְהַלשִׁין
רשימ	 0	 0	 1	 1	 0	 1	 0	 0	 0	 0	 רָגִישׁ
צהרה	 0	 0	 0	 0	 0	 0	 0	 0	 0	 0	 למחוץ
תא	 0	 0	 0	 0	 0	 0	 0	 0	 0	 0	 סְחִיטָה
דינאי	 1	 0	 1	 0	 0	 1	 0	 0	 0	 0	 לְהַשְׁתִיק
סטטי	 0	 0	 0	 0	 0	 0	 0	 0	 0	 0	 פְּזִילָה
סטטיסטיקות	 0	 0	 0	 0	 0	 0	 0	 0	 0	 0	 נושא כלים
תחנה	 0	 0	 1	 0	 0	 1	 0	 0	 0	 0	 לְהִתְפַּתֵל
יציב	 0	 0	 0	 0	 0	 0	 0	 0	 0	 0	 סנאי
ירי כתיבה	 0	 0	 0	 0	 0	 0	 0	 0	 0	 0	 לְהַשְׁפּרִיץ
סטטיסטי	 1	 0	 0	 1	 0	 1	 0	 1	 1	 0	 לִדקוֹר
סטטיסטיקנ	 0	 0	 0	 0	 0	 0	 0	 0	 0	 0	 יַצִיבוּת
גלגל מכונ	 0	 0	 0	 0	 0	 0	 1	 0	 0	 1	 יַצִיב
פסל	 0	 0	 0	 0	 0	 0	 1	 0	 0	 0	 סטַקָטוֹ
פסל	 0	 0	 0	 0	 0	 0	 0	 0	 0	 0	 לַעֲרוֹם
פסלונ	 0	 0	 0	 0	 0	 0	 0	 0	 0	 0	 צוות
קומה	 0	 0	 0	 0	 0	 0	 0	 0	 0	 0	 צְבִי
סטטוס	 0	 0	 0	 0	 0	 0	 0	 0	 0	 0	 שלב
חוק	 0	 0	 0	 0	 0	 0	 0	 0	 1	 0	 לְהִתְנוֹדֵד
עוגנ בחוק	 0	 0	 0	 0	 0	 1	 0	 0	 0	 0	 מַדְהִים
נאמנ	 0	 0	 0	 0	 0	 1	 0	 1	 0	 0	 אָדִישׁ
ענת	 0	 0	 0	 0	 0	 0	 0	 0	 0	 0	 קִפּאוֹן
ות	 0	 0	 0	 0	 0	 0	 0	 0	 0	 0	 מָתוּן
נשאר	 0	 0	 1	 0	 0	 1	 0	 0	 0	 0	 כֶּתֶם
נשאר	 0	 0	 0	 0	 0	 0	 1	 0	 0	 0	 אל חלד
קומ	 0	 0	 0	 0	 0	 0	 0	 0	 0	 0	 מדרגה
איתנ	 0	 0	 0	 0	 0	 0	 0	 0	 0	 0	 מדרגות
יציב	 0	 0	 0	 0	 0	 0	 0	 0	 0	 0	 חדר מדרגות
גנוב	 0	 0	 0	 0	 0	 0	 0	 0	 0	 0	 לְהַמֵר
גניבה	 0	 0	 0	 0	 0	 1	 0	 0	 0	 0	 לֹא טָרִי
תגנבות	 1	 0	 1	 0	 0	 0	 0	 0	 0	 0	 מָבוֹי סָתוּם
גניבה	 0	 0	 0	 1	 0	 1	 0	 0	 0	 0	 גִבעוֹל
חשאי	 0	 0	 1	 0	 0	 0	 0	 0	 0	 0	 דוּכָן
סירת מנוע	 0	 0	 0	 0	 0	 0	 1	 0	 0	 0	 סוּס הַרבָּעָה
אנית קיטור	 0	 0	 0	 0	 0	 0	 0	 0	 0	 0	 דוכנים
גלגלת קיטור	 0	 0	 0	 0	 0	 0	 1	 0	 0	 0	 איתן
אנית קיטור	 0	 0	 0	 0	 0	 0	 1	 0	 0	 1	 כּוֹשֵׁר עֲמִידָה
אודה	 0	 0	 0	 0	 0	 0	 0	 0	 0	 0	 חותמת
פלדה	 0	 0	 0	 0	 0	 0	 0	 0	 0	 0	 לַעֲמוֹד
תלול	 0	 0	 0	 0	 0	 0	 0	 0	 0	 0	 תֶקֶן
צריח	 0	 0	 0	 0	 0	 0	 0	 0	 0	 0	 לְתַקְנֵן
טות	 0	 0	 0	 0	 0	 0	 1	 0	 0	 0	 עוֹמֵד
בי	 1	 0	 0	 1	 0	 1	 0	 0	 0	 0	 תֵיקוּ
גזע	 0	 0	 0	 0	 0	 0	 0	 0	 0	 0	 בְּחִינָה
צחנה	 1	 0	 0	 0	 0	 1	 0	 0	 0	 0	 עמוד דום
סטנסיל	 0	 0	 0	 0	 0	 0	 0	 0	 0	 0	 חֲרוּזָה
לב	 0	 0	 0	 0	 0	 0	 0	 0	 0	 0	 מִצרָך
ערבה	 0	 1	 0	 0	 1	 0	 1	 0	 0	 1	 כוכב
צעדימ	 0	 0	 0	 0	 0	 0	 0	 0	 0	 0	 ימינה
סטריאוסקופית	 0	 0	 0	 0	 0	 0	 0	 0	 0	 0	 עֲמִילָן
סטראוטיפ	 0	 0	 0	 0	 0	 0	 0	 0	 0	 0	 לבהות
סטריאוטיפי	 0	 0	 0	 0	 0	 1	 0	 0	 0	 0	 בוהה
סטרילי	 0	 0	 0	 0	 0	 1	 0	 0	 0	 1	 מוּחלָט
עקרות	 0	 0	 0	 0	 0	 0	 1	 0	 0	 0	 אור כוכבים
טרלינג	 0	 1	 0	 0	 1	 0	 1	 0	 0	 0	 זָרוּעַ כּוֹכָבִים
ירכתי ספינה	 0	 0	 0	 0	 0	 0	 0	 0	 0	 0	 כוכבים
סכת	 0	 1	 0	 0	 0	 0	 0	 0	 0	 0	 הַתחָלָה
נזיד	 0	 0	 0	 1	 0	 1	 0	 0	 1	 0	 לְהַבהִיל
צר	 0	 0	 0	 0	 0	 0	 0	 0	 1	 0	 מבהיל
סדרנות	 0	 0	 0	 1	 0	 1	 0	 1	 0	 0	 רָעָב
קל	 0	 0	 0	 0	 0	 1	 0	 0	 0	 0	 מוּרעָב
דבוק	 0	 0	 0	 0	 0	 1	 0	 0	 0	 0	 רעב
דביק	 0	 0	 0	 0	 0	 0	 0	 0	 0	 0	 מדינה
נוקשה	 0	 0	 0	 0	 0	 0	 1	 0	 0	 0	 מַרשִׁים
קשיח	 0	 0	 0	 0	 0	 0	 1	 0	 0	 1	 הַצהָרָה
נוקשות	 0	 0	 0	 0	 0	 0	 0	 0	 0	 0	 תָא
חניק	 0	 0	 0	 0	 0	 0	 0	 0	 0	 0	 מְדִינָאִי
חנוק	 0	 0	 0	 0	 0	 0	 0	 0	 0	 0	 סטָטִי
חניק	 0	 0	 0	 0	 0	 0	 0	 0	 0	 0	 סטטיסטיקות
סטיגמה	 0	 0	 0	 0	 0	 0	 0	 0	 0	 0	 תַחֲנָה
דרגות	 0	 0	 0	 0	 0	 1	 0	 0	 0	 0	 יַצִיב
פגיונ	 0	 0	 0	 0	 0	 0	 0	 0	 0	 0	 מַכשִׁירֵי כְּתִיבָה
נולד מת	 0	 0	 0	 0	 0	 0	 0	 0	 0	 1	 סטָטִיסטִי
דומיה	 0	 0	 0	 0	 0	 0	 0	 0	 0	 0	 סטָטִיסטִיקָן
קבימ	 0	 0	 0	 0	 0	 0	 0	 0	 0	 0	 גַלגַל מְכַוֵן
ריצ	 0	 0	 0	 0	 0	 0	 0	 0	 0	 0	 פֶּסֶל
גריה	 0	 0	 0	 0	 0	 0	 1	 0	 0	 0	 פסל
גירוי	 0	 0	 0	 0	 0	 0	 0	 0	 0	 0	 פִּסלוֹן
עקוצ	 0	 0	 0	 0	 0	 0	 0	 0	 0	 0	 קוֹמָה
עוקצ	 0	 0	 0	 0	 0	 0	 1	 0	 0	 0	 סטָטוּס
קמצנ	 0	 0	 0	 0	 0	 0	 0	 0	 0	 0	 חוֹק
סריח	 0	 0	 0	 0	 0	 0	 0	 0	 0	 0	 מְעוּגָן בַּחוֹק
סריח	 0	 0	 0	 0	 0	 0	 1	 0	 0	 0	 נֶאֱמָן
קמצ	 0	 0	 0	 0	 0	 1	 0	 0	 0	 0	 מִשׁעֶנֶת
תנות	 0	 0	 0	 0	 0	 0	 0	 0	 0	 0	 שָׁהוּת
תניה	 0	 0	 0	 0	 0	 0	 0	 0	 0	 0	 נשאר
רגש	 0	 0	 0	 0	 0	 0	 0	 0	 0	 0	 נשאר
חישה	 0	 0	 0	 0	 0	 0	 0	 0	 0	 0	 במקום
תפר	 0	 0	 0	 0	 0	 0	 1	 0	 0	 1	 איתן
ניה	 0	 0	 0	 0	 0	 0	 0	 0	 1	 1	 יַצִיב
רוקר	 1	 0	 0	 1	 0	 1	 0	 1	 0	 0	 לִגנוֹב
גרב	 0	 0	 1	 1	 0	 1	 0	 0	 0	 0	 גניבה
ניות	 0	 0	 0	 0	 0	 0	 0	 0	 1	 0	 הִתגַנְבוּת
צעיפ	 0	 0	 0	 0	 0	 0	 0	 0	 1	 0	 בגניבה
גנוב	 0	 1	 0	 1	 0	 1	 0	 0	 1	 0	 חֲשָׁאִי
טנ	 0	 0	 0	 0	 0	 0	 0	 0	 0	 0	 סירת מנוע
אבנ	 0	 0	 0	 0	 0	 0	 0	 0	 0	 0	 אֳנִיַת קִיטוֹר
סטול	 0	 0	 0	 0	 0	 0	 0	 0	 0	 0	 גלגלת קיטור
י חרס	 0	 0	 0	 0	 0	 0	 0	 0	 0	 0	 אֳנִיַת קִיטוֹר
סלעי	 0	 0	 0	 0	 0	 0	 0	 0	 0	 0	 מְאוּדֶה
רפרפ	 0	 0	 0	 0	 0	 0	 0	 0	 0	 0	 פְּלָדָה
צואה	 0	 0	 0	 0	 0	 0	 0	 0	 0	 0	 תָלוּל
תכופפ	 0	 0	 0	 0	 0	 0	 0	 0	 0	 0	 צָרִיחַ
תפסיק	 0	 0	 0	 0	 0	 0	 0	 0	 0	 0	 לְהַטוֹת
עצירה	 0	 0	 0	 0	 0	 0	 1	 0	 0	 0	 כּוֹכָבִי
פקק	 0	 0	 0	 0	 0	 0	 0	 0	 0	 0	 גֶזַע
סתימה	 0	 0	 0	 0	 0	 0	 0	 0	 0	 0	 צַחֲנָה
סטופר	 0	 0	 0	 0	 0	 0	 0	 0	 0	 0	 סטֶנסִיל
אחסונ	 0	 0	 0	 0	 0	 0	 0	 0	 0	 0	 שלב
חנות	 0	 0	 0	 0	 0	 0	 0	 0	 0	 0	 עֲרָבָה
חסנ	 0	 0	 0	 0	 0	 0	 0	 0	 0	 0	 צעדים
אחסונ	 0	 0	 0	 0	 0	 0	 0	 0	 0	 0	 סטריאוסקופית
סערה	 0	 0	 0	 0	 0	 1	 0	 0	 0	 0	 סטֵרֵאוֹטִיפּ
גועש	 0	 0	 0	 0	 0	 1	 0	 0	 0	 0	 סטריאוטיפי
סוער	 0	 0	 0	 0	 0	 1	 0	 1	 0	 0	 סטֵרִילִי
תבה	 0	 0	 0	 0	 0	 1	 0	 0	 0	 0	 עֲקָרוּת
סטאוט	 1	 1	 0	 0	 1	 1	 1	 0	 0	 1	 שׁטֶרלִינג
תנור	 0	 0	 0	 0	 0	 1	 0	 0	 0	 0	 ירכתי ספינה
אחסנ	 0	 0	 0	 0	 0	 0	 0	 0	 0	 0	 מַסכֵּת
פשק	 0	 0	 0	 0	 0	 0	 0	 0	 0	 0	 נזיד
סדר	 0	 0	 0	 0	 0	 0	 1	 0	 0	 1	 מֶלְצַר
פשוט	 0	 0	 0	 0	 0	 0	 0	 0	 0	 0	 סַדרָנוּת
אלתר	 0	 0	 0	 0	 0	 0	 0	 0	 0	 0	 מקל
תוח	 0	 0	 0	 0	 0	 0	 0	 0	 0	 0	 דִבּוּק
צר	 0	 0	 1	 0	 0	 0	 0	 0	 0	 0	 דָבִיק
צוקה	 0	 0	 0	 0	 0	 1	 0	 0	 0	 0	 נוּקשֶׁה
גדיל	 0	 0	 0	 0	 0	 0	 0	 0	 0	 0	 לְהַקְשִׁיחַ
נטוש	 0	 0	 0	 0	 0	 1	 0	 0	 0	 0	 נוּקְשׁוּת
זר	 0	 0	 0	 0	 0	 1	 0	 0	 0	 0	 לְהַחנִיק
חנוק	 1	 0	 0	 1	 0	 1	 0	 1	 0	 0	 חָנוּק
רצועה	 0	 0	 0	 0	 0	 0	 0	 0	 0	 0	 מַחֲנִיק
חסונ וגבוה	 1	 0	 1	 1	 0	 1	 0	 1	 0	 0	 סטִיגמָה
רבדימ	 0	 0	 0	 0	 0	 0	 0	 0	 0	 0	 מַדרֵגוֹת
אסטרטגי	 0	 0	 0	 0	 0	 0	 0	 0	 0	 0	 פִּגיוֹן
תכסיסנ	 0	 0	 0	 0	 0	 1	 0	 1	 0	 0	 נוֹלָד מֵת
אסטרטגיה	 0	 0	 0	 1	 0	 0	 1	 1	 0	 0	 דוּמִיָה
רבוד	 0	 0	 0	 0	 0	 0	 0	 0	 0	 0	 קַבַּיִם
בה	 0	 0	 0	 0	 0	 0	 0	 0	 0	 0	 מַמרִיץ
בה	 0	 0	 0	 0	 0	 0	 0	 0	 0	 0	 גְרִיָה
קש	 0	 0	 0	 0	 0	 0	 0	 0	 0	 0	 גירוי
סטות	 1	 0	 0	 1	 0	 1	 0	 0	 0	 0	 לַעֲקוֹץ
פס	 0	 0	 0	 0	 0	 1	 0	 0	 0	 0	 עוקץ
פוספס	 1	 0	 1	 1	 0	 1	 0	 1	 0	 0	 קַמצָן
זרמ	 0	 0	 1	 0	 0	 1	 0	 0	 0	 0	 לְהַסרִיחַ
דגלונ	 0	 0	 1	 0	 0	 1	 0	 0	 0	 0	 מַסרִיחַ
נהירה	 0	 0	 0	 1	 0	 1	 0	 1	 0	 0	 לְקַמֵץ
רחוב	 0	 0	 0	 0	 0	 0	 0	 0	 0	 0	 לְהַתְנוֹת
וח	 0	 0	 0	 0	 0	 0	 0	 0	 0	 0	 תְנָיָה
חזק	 0	 0	 0	 0	 0	 0	 0	 0	 0	 0	 לְרַגֵשׁ
תחזקות	 0	 0	 0	 0	 0	 0	 0	 0	 0	 0	 בְּחִישָׁה
אומצ	 0	 0	 0	 0	 0	 0	 0	 0	 0	 0	 תפר
חצ	 0	 0	 0	 0	 0	 0	 0	 0	 0	 0	 המניה
תוח	 0	 0	 0	 0	 0	 0	 0	 0	 0	 0	 בְּרוֹקֶר
אלונקה	 0	 0	 0	 0	 0	 0	 0	 0	 0	 0	 גֶרֶב
כה	 0	 0	 0	 0	 0	 1	 0	 0	 0	 0	 מניות
צעוד	 0	 0	 0	 0	 0	 0	 0	 0	 0	 0	 צָעִיף
ריבה	 1	 0	 0	 0	 0	 1	 0	 0	 0	 0	 גָנוּב
ות	 0	 0	 1	 0	 0	 0	 0	 0	 0	 0	 בֶּטֶן
ממ	 1	 0	 0	 0	 0	 1	 0	 0	 0	 0	 אֶבֶן
אופנ מדהימ	 0	 0	 0	 0	 0	 1	 0	 0	 0	 0	 מַסטוּל
חוט	 0	 0	 0	 0	 0	 0	 0	 0	 0	 0	 כְּלֵי חֶרֶס
חוטי	 0	 0	 0	 0	 0	 0	 0	 0	 0	 0	 סַלעִי
תפשט	 0	 0	 0	 0	 0	 0	 0	 0	 0	 0	 שְׁרַפרַף
פס	 0	 0	 1	 0	 0	 1	 0	 0	 0	 0	 צואה
חשופ	 0	 0	 0	 0	 0	 0	 0	 0	 0	 0	 לְהִתְכּוֹפֵף
אופ	 0	 0	 0	 0	 0	 0	 0	 0	 0	 0	 תפסיק
בצ	 0	 0	 0	 0	 0	 1	 0	 0	 0	 0	 עֲצִירָה
תהלכ	 0	 0	 0	 0	 0	 0	 0	 0	 0	 0	 פְּקָק
עוז	 0	 0	 0	 0	 0	 0	 0	 0	 0	 0	 סְתִימָה
תוקפ	 0	 0	 0	 0	 0	 0	 0	 0	 0	 0	 סטוֹפֶּר
ני	 0	 0	 0	 0	 0	 0	 0	 0	 0	 0	 אִחסוּן
נה	 0	 1	 0	 0	 0	 0	 1	 0	 0	 0	 חנות
אבק	 0	 0	 0	 0	 0	 0	 0	 0	 0	 0	 מַחסָן
יתד	 0	 0	 0	 0	 0	 0	 0	 0	 0	 0	 אחסון
זיפי זקנ	 1	 0	 0	 0	 0	 1	 0	 0	 0	 0	 סערה
עקשנות	 1	 0	 0	 0	 0	 0	 0	 0	 0	 0	 גוֹעֵשׁ
קצר ועבה	 0	 0	 0	 1	 0	 1	 0	 0	 0	 0	 סוֹעֵר
טיח התזה	 0	 0	 0	 0	 0	 0	 0	 0	 0	 0	 כַּתָבָה
תקוע	 0	 0	 0	 0	 0	 0	 0	 0	 0	 0	 סטָאוּט
סוס הרבעה	 0	 0	 0	 0	 0	 0	 0	 0	 0	 0	 תַנוּר
בצ	 0	 0	 0	 0	 0	 0	 0	 0	 0	 0	 לְאַחסֵן
סטודנט	 0	 0	 0	 0	 0	 0	 0	 0	 0	 0	 לְפַשֵׂק
חושב	 0	 0	 0	 0	 0	 0	 0	 0	 0	 0	 לְסַדֵר
סטודיו	 0	 0	 0	 0	 0	 0	 1	 0	 0	 1	 פָּשׁוּט
ימוד	 0	 0	 0	 0	 0	 0	 0	 0	 0	 0	 לְאַלתַר
דברימ	 1	 0	 0	 0	 0	 1	 0	 0	 0	 0	 מָתוּחַ
ית	 0	 0	 0	 0	 0	 0	 0	 0	 0	 0	 מֵצַר
חניק	 0	 0	 0	 1	 0	 1	 0	 0	 0	 0	 מְצוּקָה
עוד	 0	 0	 0	 0	 0	 0	 0	 0	 0	 0	 גָדִיל
גדמ	 0	 0	 0	 0	 0	 1	 0	 0	 0	 0	 נָטוּשׁ
ומ	 0	 0	 0	 1	 0	 1	 0	 0	 0	 0	 זָר
עכב	 1	 0	 1	 1	 0	 1	 0	 1	 1	 0	 לַחֲנוֹק
נבדל	 0	 0	 0	 0	 0	 0	 0	 0	 0	 0	 רצועה
יר	 0	 0	 0	 0	 0	 0	 0	 0	 0	 0	 חָסוּן וְגָבוֹהָ
טופש	 0	 0	 0	 0	 0	 0	 0	 0	 0	 0	 רְבָדִים
טפשות	 0	 0	 0	 0	 0	 0	 1	 0	 0	 0	 אסטרטגי
קהות	 0	 1	 0	 0	 0	 0	 1	 0	 0	 1	 תַכסִיסָן
חסונ	 0	 0	 0	 0	 0	 0	 0	 0	 0	 0	 אִסטרָטֶגִיָה
חדקנ	 0	 0	 0	 0	 0	 0	 0	 0	 0	 0	 רִבּוּד
גמגמ	 0	 0	 0	 0	 0	 0	 0	 0	 0	 0	 שִׁכבָה
דיר חזירימ	 0	 0	 0	 0	 0	 0	 0	 0	 0	 0	 שכבה
סגנונ	 0	 0	 0	 0	 0	 0	 0	 0	 0	 0	 קש
סוגננ	 0	 0	 0	 0	 0	 1	 0	 0	 0	 0	 לִסְטוֹת
תתאטומי	 0	 0	 0	 0	 0	 0	 0	 0	 0	 0	 פַּס
עדת משנה	 0	 0	 0	 0	 0	 0	 0	 0	 0	 0	 מפוספס
תת הכרתי	 0	 0	 0	 0	 0	 0	 0	 0	 0	 0	 זרם
תת עורי	 0	 0	 0	 0	 0	 0	 0	 0	 0	 0	 דִגלוֹן
סעפ	 0	 0	 0	 0	 0	 0	 0	 0	 0	 0	 נְהִירָה
תת מחלקה	 0	 0	 0	 0	 0	 0	 0	 0	 0	 0	 רְחוֹב
נפה	 0	 0	 0	 0	 0	 0	 1	 0	 0	 1	 כוח
ניע	 0	 0	 0	 0	 0	 0	 1	 0	 0	 0	 לְחַזֵק
אופק	 0	 0	 0	 0	 1	 0	 1	 0	 0	 1	 הִתחַזְקוּת
נושא	 0	 0	 0	 0	 0	 0	 0	 0	 0	 0	 מְאוּמָץ
נתונ	 0	 0	 0	 0	 0	 1	 0	 0	 0	 0	 לחץ
תעבדות	 0	 0	 0	 0	 0	 0	 0	 0	 0	 0	 לִמְתוֹחַ
סובייקטיבי	 0	 0	 0	 1	 0	 0	 0	 1	 0	 0	 אֲלוּנקָה
עבוד	 0	 0	 0	 0	 0	 0	 0	 1	 0	 0	 מוּכֶּה
אצלה	 0	 0	 0	 0	 0	 0	 0	 0	 0	 0	 לִצְעוֹד
תת הכרתי	 1	 0	 0	 0	 0	 1	 0	 0	 0	 0	 מְרִיבָה
צוללת	 1	 0	 0	 0	 0	 1	 0	 0	 0	 0	 לְהַכּוֹת
קוע	 0	 0	 0	 0	 0	 0	 1	 0	 0	 0	 מהמם
צוללת	 0	 0	 0	 0	 0	 0	 1	 0	 0	 0	 באופן מדהים
ניעה	 0	 0	 0	 0	 0	 0	 0	 0	 0	 0	 חוּט
לח	 0	 0	 0	 0	 0	 0	 0	 0	 0	 0	 חוּטִי
פופ	 0	 0	 0	 0	 0	 1	 0	 1	 0	 0	 לְהִתְפַּשֵׁט
פיפות	 0	 0	 0	 0	 0	 1	 0	 0	 0	 0	 פס
עלילת משנה	 1	 1	 1	 1	 0	 1	 0	 1	 0	 0	 חָשׂוּף
זמנה	 0	 1	 0	 0	 0	 0	 0	 0	 0	 0	 לִשְׁאוֹף
ירשמ	 0	 0	 0	 0	 0	 0	 0	 0	 0	 0	 strobe
נוי	 0	 0	 0	 1	 0	 1	 0	 1	 0	 0	 שבץ
שכ	 0	 0	 0	 0	 0	 0	 0	 0	 0	 0	 לְהִתְהַלֵך
אחר מכנ	 0	 0	 0	 0	 0	 0	 0	 0	 0	 0	 מָעוֹז
תוצאה מככ	 0	 0	 0	 0	 0	 0	 1	 0	 0	 0	 בְּתוֹקֶף
תתקבוצה	 0	 0	 0	 0	 0	 0	 0	 0	 0	 1	 מִבנִי
קוע	 0	 0	 0	 0	 0	 0	 1	 0	 0	 1	 מִבְנֶה
קיעה	 1	 0	 0	 1	 0	 1	 0	 1	 0	 0	 מַאֲבָק
חברה בת	 0	 0	 0	 0	 0	 1	 0	 0	 0	 0	 יָתֵד
סבסד	 0	 0	 0	 0	 0	 0	 0	 0	 0	 0	 זִיפֵי זָקָן
סובסידיה	 0	 0	 0	 0	 0	 0	 0	 0	 0	 0	 עקשנות
תקיימ	 0	 0	 0	 0	 0	 0	 0	 0	 0	 0	 קָצָר וְעָבֶה
קיומ	 0	 0	 0	 0	 0	 0	 0	 0	 0	 0	 טִיחַ הַתָזָה
תשתית	 0	 0	 0	 0	 0	 0	 0	 0	 0	 0	 תָקוּעַ
חומר	 0	 0	 0	 0	 0	 0	 1	 0	 0	 0	 סוּס הַרבָּעָה
אופנ מהותי	 0	 0	 0	 0	 0	 0	 0	 0	 0	 0	 משובץ
יח	 0	 0	 0	 0	 0	 0	 0	 0	 0	 0	 סטוּדֶנט
שי	 0	 0	 0	 0	 0	 0	 0	 0	 0	 0	 מְחוֹשָׁב
תחליפ	 0	 0	 0	 0	 0	 0	 0	 0	 0	 0	 סטוּדִיוֹ
חלפ	 0	 0	 0	 0	 0	 0	 1	 0	 0	 0	 לימוד
חלפה	 0	 0	 0	 0	 0	 0	 0	 0	 0	 0	 דברים
סד	 0	 0	 0	 0	 0	 0	 0	 0	 0	 0	 מְלִית
תת קרקעי	 0	 0	 0	 0	 0	 1	 0	 0	 0	 0	 מַחֲנִיק
עדינ	 0	 0	 0	 0	 0	 1	 0	 0	 0	 0	 לִמְעוֹד
עדינות	 0	 0	 0	 0	 0	 0	 0	 0	 0	 0	 גֶדֶם
חסיר	 0	 0	 0	 1	 0	 1	 0	 0	 1	 0	 הָמוּם
חסור	 0	 0	 0	 0	 0	 0	 0	 0	 0	 0	 לְעַכֵּב
תת סוג	 0	 0	 0	 0	 0	 1	 0	 0	 0	 0	 נבדל
פרבר	 0	 0	 0	 0	 0	 0	 0	 0	 0	 0	 כַּבִּיר
פרברי	 0	 0	 0	 0	 0	 1	 0	 0	 0	 0	 מְטוּפָּשׁ
פרברימ	 0	 0	 0	 0	 0	 1	 0	 0	 0	 0	 טִפּשׁוּת
חתרנות	 0	 0	 0	 0	 0	 1	 0	 0	 0	 0	 קֵהוּת
חתרני	 0	 0	 0	 0	 0	 0	 1	 0	 0	 0	 חָסוֹן
ערער	 0	 0	 0	 0	 0	 0	 0	 0	 0	 0	 חִדקָן
רכבת תחתית	 0	 0	 0	 0	 0	 0	 0	 0	 0	 0	 לְגַמגֵם
צליח	 0	 0	 1	 0	 0	 1	 0	 0	 0	 0	 דִיר חֲזִירִים
צליחימ	 0	 0	 0	 0	 0	 0	 0	 0	 0	 0	 סִגְנוֹן
צלחה	 0	 0	 0	 0	 0	 0	 0	 0	 0	 0	 מסוגנן
צלח	 0	 0	 0	 0	 0	 0	 0	 0	 0	 0	 תת-אטומי
ירושה	 0	 0	 0	 0	 0	 0	 0	 0	 0	 0	 וַעֲדַת מִשׁנֶה
רצופ	 0	 0	 0	 0	 0	 0	 0	 0	 0	 0	 תַת הַכָּרָתִי
יורש	 0	 0	 0	 0	 0	 0	 0	 0	 0	 0	 תַת עוֹרִי
תמציתי	 0	 0	 0	 0	 0	 0	 0	 0	 0	 0	 לְסַעֵף
עסיסי	 0	 0	 0	 0	 0	 0	 0	 0	 0	 0	 תַת מַחלָקָה
נע	 0	 0	 0	 0	 0	 0	 0	 0	 0	 0	 הנפה
צוצ	 0	 0	 0	 0	 0	 1	 0	 0	 0	 0	 לְהַכנִיעַ
פתי	 0	 0	 0	 0	 0	 0	 0	 0	 0	 0	 מאופק
יניקה	 0	 0	 0	 0	 0	 0	 0	 0	 1	 0	 subito
יניקה	 0	 0	 0	 0	 0	 1	 0	 0	 0	 0	 נושא
יניקה	 0	 0	 0	 0	 0	 1	 0	 1	 0	 0	 נתון
פתאומי	 0	 0	 0	 0	 0	 1	 0	 0	 0	 0	 הִשׁתַעבְּדוּת
פתאומ	 0	 0	 0	 0	 0	 0	 0	 0	 0	 0	 סובייקטיבי
תבוע	 1	 0	 1	 1	 0	 1	 0	 1	 0	 0	 שִׁעבּוּד
סובל	 0	 0	 0	 0	 1	 0	 1	 0	 0	 0	 הַאֲצָלָה
סובל	 0	 0	 0	 0	 0	 0	 0	 0	 0	 0	 תַת הַכָּרָתִי
סבל	 0	 0	 0	 0	 0	 0	 0	 0	 0	 0	 צוֹלֶלֶת
ספיק	 0	 0	 0	 0	 0	 0	 0	 0	 0	 0	 שָׁקוּעַ
סתפקות	 0	 0	 0	 0	 0	 0	 0	 0	 0	 0	 צוללת
ספיק	 0	 0	 0	 0	 0	 0	 0	 0	 0	 0	 כניעה
ספיק	 0	 1	 0	 0	 0	 0	 0	 0	 0	 0	 שלח
סיומת	 0	 0	 0	 1	 0	 1	 0	 0	 0	 0	 כָּפוּף
חנק	 0	 0	 0	 0	 0	 0	 0	 0	 0	 0	 כְּפִיפוּת
חנק	 0	 0	 0	 0	 0	 0	 0	 0	 0	 0	 עלילת משנה
סוכר	 0	 0	 0	 0	 0	 1	 0	 0	 0	 0	 הַזמָנָה
ציע	 0	 1	 0	 0	 0	 0	 0	 0	 0	 0	 להירשם
צעה	 0	 0	 0	 0	 0	 0	 0	 0	 0	 0	 מִנוּי
רמז	 0	 0	 0	 0	 0	 0	 0	 0	 0	 0	 המשך
תאבדותי	 0	 0	 0	 0	 0	 0	 0	 0	 0	 0	 לאחר מכן
תאבדות	 0	 0	 0	 0	 0	 0	 0	 0	 0	 0	 כתוצאה מכך
חליפה	 0	 0	 0	 0	 0	 0	 0	 0	 0	 0	 תת-קבוצה
תאימ	 0	 0	 0	 0	 0	 0	 0	 0	 0	 0	 לִשְׁקוֹעַ
סויטה	 0	 0	 0	 0	 0	 1	 0	 1	 0	 0	 שְׁקִיעָה
חזר	 0	 0	 0	 0	 0	 0	 0	 0	 0	 0	 חברה בת
קודר	 0	 0	 0	 0	 0	 0	 0	 0	 0	 0	 לְסַבְּסֵד
גופרית	 1	 0	 1	 0	 0	 1	 0	 0	 0	 0	 סוּבּסִידִיָה
סולטנ	 0	 0	 0	 0	 0	 1	 0	 0	 0	 0	 להתקיים
חניק	 0	 0	 0	 0	 0	 0	 0	 0	 0	 0	 קִיוּם
סכומ	 0	 0	 0	 0	 0	 0	 0	 0	 0	 0	 תַשׁתִית
סיכומ	 0	 0	 0	 0	 0	 0	 1	 0	 0	 0	 חומר
סכמ	 0	 0	 0	 0	 0	 0	 0	 0	 0	 0	 באופן מהותי
סיכומ	 0	 0	 0	 0	 0	 0	 0	 0	 0	 1	 לְהוֹכִיחַ
סיכומ	 0	 0	 0	 0	 0	 0	 1	 0	 0	 0	 מַמָשִׁי
קיצ	 0	 0	 0	 0	 0	 0	 0	 0	 0	 0	 תחליף
פסגה	 0	 0	 0	 0	 0	 0	 0	 0	 0	 0	 מוחלף
זמנ	 0	 0	 0	 0	 0	 0	 0	 0	 0	 0	 החלפה
זמנה	 0	 0	 0	 0	 0	 0	 0	 0	 0	 0	 מַסָד
סומו	 0	 0	 0	 0	 0	 0	 0	 0	 0	 0	 תַת קַרקַעִי
עוקה	 0	 0	 0	 0	 0	 0	 0	 0	 0	 0	 עָדִין
פואר	 0	 0	 0	 0	 0	 0	 0	 0	 0	 0	 עֲדִינוּת
מש	 0	 0	 0	 0	 0	 1	 0	 0	 0	 0	 להחסיר
קרנ שמש	 0	 0	 0	 0	 0	 0	 0	 0	 0	 0	 חִסוּר
עונ שמש	 0	 0	 0	 0	 0	 0	 0	 0	 0	 0	 תת סוג
קיעה	 0	 0	 0	 0	 0	 0	 0	 0	 0	 0	 פרבר
נות	 0	 0	 0	 0	 0	 0	 0	 0	 0	 0	 פַּרבַרִי
קפי שמש	 0	 0	 0	 0	 0	 0	 0	 0	 0	 0	 פרברים
ישקפי שמש	 1	 0	 0	 1	 0	 1	 0	 0	 0	 0	 חַתרָנוּת
קוע	 1	 0	 0	 0	 0	 1	 0	 0	 1	 0	 חַתרָנִי
א שמש	 0	 0	 1	 1	 0	 1	 0	 1	 0	 0	 לְעַרְעֵר
אור שמש	 0	 0	 0	 0	 0	 0	 0	 0	 0	 0	 רכבת תחתית
שי	 0	 1	 0	 0	 1	 0	 1	 0	 1	 1	 מצליח
זריחה	 0	 1	 0	 0	 1	 0	 1	 0	 0	 1	 מצליחים
קיעת השמש	 0	 1	 0	 0	 1	 0	 1	 0	 0	 0	 הַצלָחָה
אור שמש	 0	 1	 0	 0	 1	 0	 1	 0	 0	 1	 מוּצלָח
פנסיה	 0	 0	 0	 0	 0	 0	 0	 0	 0	 0	 יְרוּשָׁה
צוינ	 0	 0	 0	 0	 0	 0	 0	 0	 0	 0	 רצוף
טחי	 0	 0	 0	 0	 0	 0	 0	 0	 0	 0	 יוֹרֵשׁ
יותר	 0	 0	 0	 0	 0	 0	 1	 0	 0	 0	 תַמצִיתִי
על אנושי	 0	 0	 0	 0	 0	 1	 1	 0	 0	 0	 עֲסִיסִי
טל מעל	 0	 0	 0	 0	 0	 1	 0	 0	 0	 0	 לְהִכָּנֵעַ
פקח	 0	 0	 0	 0	 0	 1	 0	 0	 0	 0	 לִמְצוֹץ
עליונ	 1	 0	 0	 0	 0	 1	 0	 0	 0	 0	 פֶּתִי
עליונות	 0	 0	 0	 0	 0	 0	 0	 0	 0	 0	 יְנִיקָה
פלג	 0	 0	 0	 0	 0	 0	 0	 0	 0	 0	 יְנִיקָה
סופרמנ	 0	 0	 0	 0	 0	 0	 0	 0	 0	 0	 יְנִיקָה
סופרמרקט	 0	 0	 0	 0	 0	 0	 0	 0	 1	 0	 פִּתְאוֹמִי
סופרנטנט	 0	 0	 0	 0	 0	 0	 0	 0	 1	 0	 פִּתְאוֹם
על טבעי	 1	 0	 0	 0	 0	 1	 0	 1	 0	 0	 לתבוע
חפיפה	 0	 0	 0	 0	 0	 1	 0	 0	 0	 0	 סובל
חליפ	 0	 0	 0	 1	 0	 1	 0	 1	 0	 0	 סובל
 על	 0	 0	 1	 1	 0	 1	 0	 1	 0	 0	 סֵבֶל
אמונה טפלה	 0	 0	 0	 0	 0	 0	 0	 0	 0	 0	 לְהַספִּיק
אמונות טפלות	 0	 0	 0	 0	 0	 0	 1	 0	 0	 0	 הִסתַפְּקוּת
פקח	 0	 0	 0	 0	 0	 0	 0	 0	 0	 0	 מַסְפִּיק
גחה	 0	 0	 0	 0	 0	 0	 0	 0	 0	 0	 מספיק
פקח	 0	 0	 0	 0	 0	 0	 0	 0	 0	 0	 סִיוֹמֶת
ארוחת ערב	 0	 0	 1	 1	 0	 1	 0	 1	 0	 0	 מחנק
חליפ	 1	 0	 0	 1	 0	 1	 0	 0	 0	 0	 חֶנֶק
גמיש	 0	 0	 0	 0	 0	 0	 1	 0	 0	 0	 סוכר
ימ	 0	 0	 0	 0	 0	 0	 0	 0	 0	 1	 לְהַצִיעַ
ימ	 0	 0	 0	 0	 0	 0	 0	 0	 0	 0	 הַצָעָה
ימ	 0	 0	 0	 0	 0	 0	 0	 0	 0	 0	 מְרַמֵז
תחנונ	 1	 0	 1	 1	 0	 1	 0	 1	 0	 0	 הִתאַבְּדוּתִי
אספקה	 1	 0	 0	 1	 0	 1	 0	 1	 0	 0	 הִתאַבְּדוּת
ספק	 0	 0	 0	 0	 0	 0	 0	 0	 0	 0	 חליפה
נתמכ	 0	 0	 0	 0	 0	 0	 1	 0	 0	 0	 מַתְאִים
תומכ	 0	 0	 0	 0	 0	 0	 0	 0	 0	 0	 סְוִיטָה
תומכימ	 0	 0	 0	 0	 0	 0	 0	 0	 0	 0	 מְחַזֵר
תומכ	 1	 0	 0	 0	 0	 1	 0	 1	 0	 0	 קוֹדֵר
ניח	 0	 0	 0	 0	 0	 0	 0	 0	 0	 0	 גוֹפרִית
ניחה	 0	 0	 0	 1	 0	 0	 0	 0	 0	 0	 סולטן
נחה	 0	 0	 0	 0	 0	 0	 1	 0	 0	 0	 מַחֲנִיק
דכא	 0	 0	 0	 0	 0	 0	 0	 0	 0	 0	 סְכוּם
דחקה	 0	 0	 0	 0	 0	 0	 0	 0	 0	 0	 לסיכום
עליונות	 0	 0	 0	 0	 0	 0	 0	 0	 0	 0	 לְסַכֵּם
עליונ	 0	 0	 0	 0	 0	 0	 0	 0	 0	 0	 סיכום
צורה עילאית	 0	 0	 0	 0	 0	 0	 0	 0	 0	 0	 סיכום
תשלומ נוספ	 0	 0	 0	 0	 0	 0	 0	 0	 0	 0	 קַיִץ
ערבות	 0	 0	 0	 0	 0	 0	 0	 0	 0	 0	 פִּסגָה
גלוש	 0	 0	 0	 0	 0	 0	 0	 0	 0	 0	 לְזַמֵן
טח	 0	 0	 0	 0	 0	 1	 0	 0	 0	 0	 הַזמָנָה
תנחשל	 0	 0	 0	 0	 0	 0	 0	 0	 0	 0	 סומו
נתח	 0	 0	 1	 0	 0	 0	 0	 0	 0	 0	 עוּקָה
ירורגיה	 0	 0	 0	 0	 0	 0	 0	 0	 0	 0	 מְפוֹאָר
זעופ	 0	 1	 0	 0	 1	 0	 1	 0	 1	 1	 שמש
ער	 0	 0	 0	 0	 0	 0	 0	 0	 0	 0	 קֶרֶן שֶׁמֶשׁ
 משפחה	 0	 1	 0	 0	 0	 0	 0	 0	 0	 1	 שָׁעוֹן שֶׁמֶשׁ
צוינ	 0	 0	 0	 0	 0	 0	 0	 0	 0	 0	 שקיעה
עודפ	 0	 0	 0	 0	 0	 0	 0	 0	 0	 0	 שונות
פתעה	 0	 0	 0	 0	 0	 0	 0	 0	 0	 0	 משקפי שמש
פתע	 0	 0	 0	 0	 0	 0	 0	 0	 0	 0	 מישקפי שמש
פתיע	 0	 0	 1	 1	 0	 1	 0	 1	 0	 0	 שקוע
רבה ההפתעה	 0	 0	 0	 0	 0	 0	 0	 0	 0	 0	 ללא שמש
ניעה	 0	 0	 0	 0	 0	 0	 0	 0	 0	 0	 אוֹר שֶׁמֶשׁ
נכנע	 0	 1	 0	 0	 1	 0	 1	 0	 1	 0	 שִׁמשִׁי
תחליפ	 0	 0	 0	 0	 0	 0	 0	 0	 0	 0	 זריחה
קיפ	 0	 1	 0	 0	 0	 0	 1	 0	 0	 0	 שקיעת השמש
קיפ	 0	 0	 0	 0	 1	 0	 1	 0	 0	 0	 אוֹר שֶׁמֶשׁ
סביבה	 0	 0	 0	 0	 0	 0	 0	 0	 0	 0	 פנסיה
גחה	 0	 0	 0	 0	 0	 0	 1	 0	 0	 0	 מְצוּיָן
סקר	 0	 0	 0	 0	 0	 1	 0	 0	 0	 0	 שטחי
דידות	 0	 0	 0	 0	 0	 1	 0	 0	 0	 0	 מְיוּתָר
דד	 0	 0	 0	 0	 0	 0	 1	 0	 0	 0	 על אנושי
ישרדות	 0	 0	 0	 0	 0	 0	 0	 0	 0	 0	 מוטל מעל
רוד	 0	 0	 0	 0	 0	 0	 0	 0	 0	 0	 מְפַקֵחַ
רוד	 0	 0	 0	 0	 0	 0	 1	 0	 0	 0	 עליון
רגישות	 0	 0	 0	 0	 0	 0	 1	 0	 0	 0	 עֶליוֹנוּת
רגיש	 0	 0	 0	 0	 0	 0	 0	 0	 0	 0	 מוּפלָג
חשוד	 0	 0	 0	 0	 1	 0	 1	 0	 0	 1	 סוּפֶּרמֶן
חשוד	 0	 0	 0	 0	 0	 0	 0	 0	 0	 0	 סוּפֶּרמַרקֶט
עות	 0	 0	 0	 0	 0	 0	 0	 0	 0	 0	 סופרנטנט
הה	 0	 0	 0	 0	 0	 0	 0	 0	 0	 0	 עַל טִבעִי
יריות	 0	 0	 0	 0	 0	 0	 0	 0	 0	 0	 חֲפִיפָה
תח	 0	 0	 0	 0	 0	 0	 0	 0	 0	 0	 מחליף
עיה	 0	 0	 0	 0	 1	 0	 1	 0	 0	 1	 כוכב על
חשד	 0	 0	 0	 1	 0	 1	 1	 0	 0	 0	 אֱמוּנָה טְפֵלָה
חשדות	 0	 1	 0	 1	 0	 1	 0	 0	 0	 0	 אמונות טפלות
חשוד	 0	 0	 0	 0	 0	 0	 0	 0	 0	 0	 לְפַקֵחַ
שכ	 0	 0	 0	 0	 0	 0	 0	 0	 0	 0	 הַשׁגָחָה
חיה	 0	 0	 0	 0	 0	 0	 0	 0	 0	 0	 מְפַקֵחַ
תפר	 0	 0	 0	 0	 0	 0	 0	 0	 0	 0	 אֲרוּחַת עֶרֶב
ספוגית	 0	 0	 0	 0	 0	 0	 0	 0	 0	 0	 להחליף
תנועעות	 0	 0	 0	 0	 0	 0	 0	 0	 0	 0	 גָמִישׁ
יהירות	 0	 0	 0	 0	 0	 0	 0	 0	 0	 0	 לְהַשְׁלִים
וע	 0	 0	 0	 0	 0	 0	 0	 0	 0	 0	 משלים
ציפ	 0	 0	 0	 0	 0	 0	 0	 0	 0	 0	 מַשׁלִים
צפ	 0	 0	 0	 0	 0	 0	 1	 0	 0	 1	 תַחֲנוּן
טובעני	 0	 0	 0	 0	 0	 0	 1	 0	 0	 0	 אספקה
רבור	 0	 0	 0	 0	 0	 0	 1	 0	 0	 0	 לְסַפֵּק
חליפ	 0	 0	 0	 0	 0	 0	 1	 0	 0	 0	 נתמך
נחיל	 0	 0	 0	 0	 1	 0	 1	 0	 0	 1	 תוֹמֵך
נהירה	 0	 0	 0	 0	 0	 0	 0	 0	 0	 0	 תומכים
צלב קרס	 0	 0	 0	 0	 0	 0	 1	 0	 0	 1	 תומך
תנדנד	 0	 0	 0	 0	 0	 0	 0	 0	 0	 0	 לְהַנִיחַ
קלל	 0	 0	 0	 0	 0	 0	 0	 0	 0	 0	 מניחה
עה	 0	 0	 0	 0	 0	 0	 0	 0	 0	 0	 הַנָחָה
זיע	 1	 0	 0	 1	 0	 1	 0	 1	 0	 0	 לדכא
סוודר	 1	 0	 1	 1	 0	 1	 0	 0	 0	 0	 הַדחָקָה
יוזע	 1	 1	 0	 1	 1	 1	 1	 0	 1	 1	 עֶליוֹנוּת
טאטא	 0	 0	 0	 0	 0	 0	 1	 0	 0	 0	 עֶלִיוֹן
סוחפ	 0	 0	 0	 0	 0	 0	 1	 0	 0	 0	 בצורה עילאית
תוק	 1	 0	 0	 0	 0	 1	 0	 0	 0	 0	 תַשׁלוּם נוֹסָף
תיק	 0	 0	 0	 0	 0	 0	 1	 0	 0	 1	 עֲרֵבוּת
תק	 0	 0	 0	 0	 0	 0	 0	 0	 0	 0	 לִגלוֹשׁ
תיק	 0	 0	 0	 0	 0	 0	 0	 0	 0	 0	 משטח
אהובה	 0	 0	 0	 0	 0	 0	 0	 0	 1	 0	 לְהִתְנַחְשֵׁל
תק	 0	 0	 0	 0	 0	 0	 0	 0	 0	 0	 מְנַתֵחַ
תיקות	 0	 0	 0	 1	 0	 0	 0	 1	 0	 0	 כִּירוּרגִיָה
דברי מתיקה	 1	 0	 1	 0	 0	 1	 0	 0	 0	 0	 זָעוּף
תנפח	 0	 0	 0	 0	 0	 0	 1	 0	 0	 0	 לְשַׁעֵר
נפיחות	 0	 0	 0	 0	 0	 0	 0	 0	 0	 0	 שֵׁם מִשׁפָּחָה
חלחל	 0	 0	 0	 0	 0	 0	 1	 0	 0	 0	 מְצוּיָן
סטות	 0	 0	 0	 0	 0	 0	 0	 0	 0	 0	 עוֹדֵף
יר	 0	 0	 0	 1	 1	 0	 1	 0	 1	 0	 הַפתָעָה
הר	 0	 0	 0	 0	 0	 0	 0	 0	 1	 0	 מוּפתָע
גימה ארוכה	 0	 0	 0	 0	 0	 0	 0	 0	 1	 0	 מַפתִיעַ
חות	 0	 1	 0	 0	 0	 0	 0	 0	 1	 0	 למרבה ההפתעה
חייה	 0	 0	 0	 1	 0	 1	 0	 1	 0	 0	 כְּנִיעָה
חזיר	 0	 0	 0	 0	 0	 1	 0	 1	 0	 0	 נכנע
נדנדה	 0	 0	 0	 0	 0	 0	 0	 0	 0	 1	 תַחֲלִיף
נדנוד	 0	 1	 0	 0	 0	 1	 1	 0	 0	 0	 לְהַקִיף
צליפ	 0	 0	 0	 0	 0	 0	 0	 0	 0	 0	 מַקִיף
חלפ	 0	 0	 0	 0	 0	 0	 0	 0	 0	 0	 הסביבה
סתובב	 0	 0	 0	 1	 0	 0	 0	 0	 0	 0	 הַשׁגָחָה
נפוח	 0	 0	 0	 0	 0	 0	 0	 0	 0	 0	 סֶקֶר
תעלפ	 0	 0	 0	 0	 0	 0	 1	 0	 0	 0	 מדידות
עוט	 0	 0	 0	 0	 0	 0	 0	 0	 0	 0	 מוֹדֵד
חרב	 0	 0	 0	 0	 0	 0	 0	 0	 0	 0	 הישרדות
רה	 0	 0	 0	 0	 0	 0	 1	 0	 0	 0	 לִשְׂרוֹד
רשימת קריאה	 0	 0	 0	 0	 0	 0	 0	 0	 0	 0	 לשרוד
סמל	 0	 0	 0	 0	 0	 0	 0	 0	 0	 0	 רְגִישׁוּת
סמלי	 0	 0	 0	 0	 0	 1	 0	 0	 0	 0	 רָגִישׁ
אופנ סמלי	 0	 0	 0	 1	 0	 1	 0	 0	 0	 0	 חָשׁוּד
סמליות	 0	 0	 0	 0	 0	 0	 0	 0	 0	 0	 חשוד
סמל	 0	 0	 0	 0	 0	 0	 0	 0	 0	 0	 לְהַשְׁעוֹת
סימטרי	 0	 0	 0	 0	 0	 0	 0	 0	 0	 0	 מוּשׁהֶה
סימטרי	 0	 0	 0	 0	 0	 0	 0	 0	 0	 0	 בִּירִיוֹת
סימטריה	 0	 1	 0	 1	 0	 0	 0	 0	 1	 0	 מֶתַח
אוהד	 0	 0	 0	 1	 0	 1	 0	 0	 0	 0	 הַשׁעָיָה
זדהות	 0	 0	 0	 1	 0	 1	 0	 0	 0	 0	 חֲשָׁד
אהדה	 0	 0	 0	 0	 0	 0	 0	 0	 0	 0	 חשדות
סימפוניה	 1	 1	 0	 0	 0	 1	 0	 0	 0	 0	 חָשׁוּד
סימפטומ	 0	 0	 0	 0	 0	 0	 0	 0	 0	 0	 ממושך
סימפטומטי	 0	 0	 0	 0	 0	 0	 0	 0	 0	 0	 מִחיָה
ית כנסת	 0	 0	 0	 0	 0	 0	 0	 0	 0	 0	 תֶפֶר
סנכרנ	 0	 0	 0	 0	 0	 1	 0	 0	 0	 0	 סְפוֹגִית
סינכרוני	 0	 0	 0	 0	 0	 0	 0	 0	 0	 0	 הִתנוֹעֲעוּת
סינקופה	 0	 0	 0	 0	 0	 0	 0	 0	 0	 0	 יְהִירוּת
סינדיקט	 0	 0	 0	 0	 0	 0	 0	 0	 0	 0	 לִבלוֹעַ
סינרגטי	 0	 0	 1	 1	 0	 1	 0	 0	 0	 0	 לְהַצִיף
סינרגיה	 0	 0	 0	 0	 0	 0	 0	 0	 0	 0	 מוצף
סינוד	 0	 0	 1	 1	 0	 1	 0	 0	 0	 0	 טוֹבְעָנִי
 נרדפ	 0	 0	 0	 0	 0	 0	 0	 0	 0	 0	 בַּרבּוּר
נרדפ	 0	 0	 0	 0	 0	 0	 0	 0	 0	 0	 לְהַחלִיף
תקציר	 0	 0	 1	 0	 0	 0	 0	 0	 0	 0	 נָחִיל
תמציתי	 0	 0	 0	 0	 0	 0	 0	 0	 0	 0	 נְהִירָה
תחביר	 1	 0	 0	 1	 0	 1	 0	 0	 0	 0	 צְלָב קֶרֶס
סינתזה	 0	 0	 0	 0	 0	 0	 0	 0	 0	 0	 להתנדנד
אכותי	 0	 0	 0	 0	 0	 0	 1	 0	 0	 1	 לְקַלֵל
זרק	 0	 0	 0	 0	 0	 0	 0	 0	 0	 0	 שְׁבוּעָה
סירופ	 0	 0	 0	 1	 0	 0	 0	 0	 0	 0	 לְהָזִיעַ
ערכת	 0	 0	 0	 0	 0	 0	 0	 0	 0	 0	 סווֶדֶר
יטתי	 0	 0	 0	 0	 0	 0	 0	 0	 0	 0	 מְיוֹזָע
אופנ שיטתי	 0	 0	 0	 0	 0	 0	 0	 0	 0	 0	 לְטַאטֵא
טאבי	 0	 0	 0	 0	 0	 0	 0	 0	 0	 0	 סוֹחֵף
כנ	 0	 1	 0	 0	 1	 0	 1	 0	 1	 1	 מתוק
חנ	 0	 0	 0	 0	 0	 0	 0	 0	 0	 0	 לְהַמתִיק
תמונה חיה	 0	 0	 0	 0	 0	 0	 0	 0	 0	 0	 מְמוּתָק
כפ	 0	 0	 0	 0	 0	 0	 0	 0	 0	 0	 מַמתִיק
וח	 0	 1	 0	 0	 1	 0	 1	 1	 0	 1	 אהובה
י שולחנ	 0	 0	 0	 0	 0	 0	 1	 0	 0	 0	 מוֹתֶק
טאבו	 0	 0	 0	 0	 0	 0	 1	 0	 0	 0	 מְתִיקוּת
חי	 0	 1	 0	 0	 1	 0	 1	 0	 0	 0	 דִברֵי מְתִיקָה
וח	 0	 0	 0	 0	 0	 0	 0	 0	 0	 0	 לְהִתְנַפֵּחַ
וח	 0	 0	 0	 1	 0	 1	 0	 0	 0	 0	 נְפִיחוּת
ד טכומטר	 0	 0	 0	 0	 0	 0	 0	 0	 0	 0	 מחלחל
תיקה	 0	 0	 0	 1	 0	 0	 0	 0	 1	 0	 לִסְטוֹת
נעצ	 0	 0	 0	 0	 0	 0	 1	 0	 0	 0	 מָהִיר
תמודד	 0	 0	 0	 0	 0	 0	 0	 0	 0	 0	 מַהֵר
תמודדות	 0	 0	 1	 0	 0	 1	 0	 0	 0	 0	 לְגִימָה אֲרוּכָּה
דביק	 0	 1	 0	 1	 1	 0	 1	 0	 0	 0	 לשחות
טקט	 0	 0	 0	 0	 0	 0	 0	 0	 0	 0	 שחייה
טקטיקה	 0	 0	 1	 0	 0	 1	 0	 0	 0	 0	 חֲזִיר
שי	 0	 0	 0	 0	 0	 0	 0	 0	 0	 0	 נַדְנֵדָה
טפטה	 0	 0	 0	 0	 0	 0	 0	 0	 0	 0	 נִדנוּד
טפי	 0	 0	 0	 0	 0	 0	 0	 0	 0	 0	 לְהַצְלִיף
תג	 0	 0	 0	 0	 0	 0	 0	 0	 0	 0	 החלף
זנב	 0	 0	 0	 0	 0	 0	 0	 0	 0	 0	 לְהִסְתוֹבֵב
זנב	 0	 0	 0	 0	 0	 1	 0	 0	 0	 0	 נפוח
זנבות	 0	 0	 0	 0	 0	 0	 0	 0	 0	 0	 לְהִתְעַלֵף
תאימ	 0	 0	 0	 0	 0	 0	 0	 0	 0	 0	 לָעוּט
חייטות	 0	 0	 0	 0	 0	 0	 0	 0	 0	 0	 חֶרֶב
תימ	 0	 0	 0	 0	 0	 0	 0	 0	 0	 0	 הֲבָרָה
קח	 0	 0	 0	 0	 0	 0	 0	 0	 0	 0	 רשימת קריאה
עשיה	 0	 0	 0	 0	 0	 0	 0	 0	 0	 0	 סֵמֶל
רונ	 0	 0	 0	 0	 0	 0	 1	 0	 0	 0	 סִמלִי
שר	 0	 0	 0	 0	 0	 0	 0	 0	 0	 0	 באופן סמלי
קמיע	 0	 0	 0	 0	 0	 0	 0	 0	 0	 0	 סִמלִיוּת
דבר	 0	 0	 0	 0	 0	 0	 0	 0	 0	 0	 לְסַמֵל
פטפטני	 0	 0	 0	 0	 0	 0	 0	 0	 0	 0	 סימטרי
דברנ	 0	 0	 0	 0	 0	 0	 1	 0	 0	 0	 סִימֶטרִי
גובה	 0	 0	 0	 0	 1	 0	 1	 0	 0	 1	 סִימֶטרִיָה
ספרימ	 0	 0	 0	 1	 1	 0	 1	 1	 0	 1	 אוֹהֵד
חלב	 0	 0	 0	 0	 0	 0	 0	 1	 0	 0	 להזדהות
ספור	 0	 0	 0	 0	 0	 0	 1	 1	 0	 0	 אַהֲדָה
טפרימ	 0	 1	 0	 0	 1	 0	 1	 0	 0	 0	 סִימפוֹנִיָה
תופ מרימ	 0	 0	 0	 0	 0	 1	 0	 0	 0	 0	 סימפטום
אלופ	 0	 0	 0	 0	 0	 0	 0	 0	 0	 0	 סימפטומטי
תזפ	 0	 0	 0	 0	 0	 0	 0	 0	 0	 0	 בית כנסת
טנדמ	 0	 1	 0	 0	 1	 0	 1	 0	 1	 1	 לְסַנכְרֵן
ריח חריפ	 0	 0	 0	 0	 0	 0	 0	 0	 0	 0	 סינכרוני
יק	 0	 0	 0	 1	 0	 1	 0	 1	 1	 0	 סִינקוֹפָּה
סבכ	 0	 0	 0	 0	 0	 0	 0	 0	 0	 0	 סִינדִיקָט
סובכ	 0	 0	 0	 0	 0	 0	 1	 0	 0	 1	 סינרגטי
טנק	 0	 0	 0	 0	 0	 0	 0	 0	 0	 0	 סינרגיה
זופ	 0	 0	 0	 0	 0	 0	 1	 0	 0	 1	 סינוד
פתה	 0	 0	 0	 0	 0	 0	 0	 0	 0	 0	 שֵׁם נִרדָף
 ערכ	 0	 0	 0	 1	 0	 1	 1	 0	 0	 1	 נִרדָף
רז	 0	 0	 0	 0	 0	 0	 0	 0	 0	 0	 תַקצִיר
קלטת	 0	 0	 0	 0	 0	 0	 0	 0	 0	 0	 תַמצִיתִי
תחדד	 0	 0	 0	 0	 0	 0	 0	 0	 0	 0	 תחביר
תחדד	 0	 0	 0	 0	 0	 0	 0	 0	 0	 0	 סִינתֶזָה
גובלנ	 0	 0	 0	 0	 0	 0	 0	 0	 0	 0	 מְלָאכוּתִי
זפת	 0	 0	 0	 1	 0	 0	 0	 0	 0	 0	 מַזרֵק
אחור	 0	 0	 0	 0	 0	 0	 0	 0	 0	 0	 סירופ
פגר	 0	 0	 0	 0	 0	 0	 0	 0	 0	 1	 מערכת
יעד	 0	 0	 0	 0	 0	 0	 0	 0	 0	 0	 שִׁיטָתִי
תעריפ	 0	 0	 0	 0	 0	 0	 0	 0	 0	 0	 באופן שיטתי
תימ	 0	 0	 0	 0	 0	 0	 0	 0	 0	 0	 טאבי
תעכב	 0	 0	 0	 0	 0	 0	 0	 0	 0	 0	 מִשׁכָּן
טארט	 0	 0	 0	 0	 0	 0	 0	 0	 0	 0	 שולחן
טרטנ	 0	 0	 0	 0	 0	 0	 0	 0	 0	 0	 תְמוּנָה חַיָה
אבנית	 0	 0	 0	 0	 0	 0	 0	 0	 0	 0	 כַּף
ימה	 0	 0	 0	 0	 0	 0	 0	 0	 0	 0	 לוּחַ
ציצית	 0	 0	 0	 0	 0	 0	 0	 0	 0	 0	 כלי שולחן
טעמ	 0	 0	 1	 1	 0	 1	 0	 0	 0	 0	 טאבו
טעימ	 0	 0	 0	 0	 0	 0	 0	 0	 0	 0	 לוּחִי
חסר טעמ	 0	 1	 0	 0	 0	 0	 0	 0	 0	 0	 לְלַווֵחַ
טעימה	 0	 0	 0	 0	 0	 0	 0	 0	 0	 0	 לִוּוּחַ
טעימ	 0	 0	 0	 0	 0	 0	 0	 0	 0	 0	 מד טכומטר
רקומ	 0	 0	 0	 0	 0	 0	 0	 0	 0	 0	 שֶׁבִּשְׁתִיקָה
קעקע	 0	 0	 0	 0	 0	 0	 0	 0	 0	 0	 נַעַץ
ימד	 1	 0	 0	 0	 0	 0	 0	 0	 1	 0	 לְהִתְמוֹדֵד
תגרות	 0	 0	 0	 0	 0	 0	 0	 0	 0	 0	 התמודדות
תוח	 0	 0	 0	 0	 0	 0	 0	 0	 0	 0	 דָבִיק
סבאה	 0	 0	 0	 0	 0	 0	 1	 0	 0	 0	 טַקט
חומ צהוב	 0	 0	 0	 1	 0	 0	 0	 0	 0	 1	 טַקטִיקָה
מס	 0	 0	 0	 0	 0	 0	 0	 0	 0	 0	 מִשׁוּשִׁי
נית	 0	 0	 0	 0	 0	 0	 0	 0	 0	 0	 טפטה
טקסונומיה	 0	 0	 0	 0	 0	 0	 0	 0	 0	 0	 טפי
תה	 0	 0	 0	 0	 0	 0	 0	 0	 0	 0	 תָג
מד	 0	 0	 0	 0	 0	 0	 0	 0	 0	 0	 זָנָב
רה	 0	 0	 0	 0	 0	 0	 0	 0	 0	 0	 זנב
ראה	 0	 0	 0	 0	 0	 0	 0	 0	 0	 0	 זנבות
קבוצה	 0	 0	 0	 0	 0	 0	 0	 0	 0	 0	 לְהַתְאִים
דומע	 0	 0	 0	 0	 0	 0	 0	 0	 0	 0	 חייטות
קניט	 0	 0	 0	 0	 0	 1	 0	 1	 0	 0	 לְהַכתִים
טיזר	 0	 0	 0	 0	 0	 0	 0	 0	 0	 0	 לוקח
תגרה	 0	 0	 0	 0	 0	 0	 1	 0	 0	 0	 מַעֲשִׂיָה
פטמה	 0	 0	 0	 0	 0	 0	 1	 0	 0	 0	 כִּשָׁרוֹן
טכני	 0	 0	 0	 0	 0	 0	 0	 0	 0	 0	 מוּכשָׁר
טכניות	 0	 0	 0	 0	 0	 0	 1	 0	 0	 0	 קָמִיעַ
טכנאי	 0	 0	 0	 0	 0	 0	 1	 0	 0	 0	 דבר
טכנולוגיה	 0	 0	 0	 0	 0	 0	 0	 0	 0	 0	 פַּטפְּטָנִי
טד	 0	 0	 0	 0	 0	 0	 0	 0	 0	 0	 דַבְּרָן
עממ	 0	 0	 0	 0	 0	 0	 0	 0	 0	 0	 גובה
עמומ	 0	 0	 0	 0	 0	 0	 0	 0	 0	 0	 מספרים
רצ	 0	 0	 0	 0	 0	 0	 0	 0	 0	 0	 חֵלֶב
ני נוער	 0	 0	 0	 0	 0	 0	 0	 0	 0	 0	 לִסְפּוֹר
יניימ	 1	 0	 0	 1	 0	 1	 0	 0	 0	 0	 טפרים
טפלונ	 0	 0	 0	 0	 0	 0	 0	 0	 0	 0	 תוף מרים
רק	 0	 0	 0	 0	 0	 0	 0	 0	 0	 0	 אִלוּף
טלגרפ	 0	 0	 0	 0	 0	 0	 0	 0	 0	 0	 לְהִשְׁתַזֵף
טלפונ	 0	 0	 0	 0	 0	 0	 0	 0	 0	 1	 טנדם
טלסקופ	 0	 0	 0	 0	 0	 0	 0	 0	 0	 0	 רֵיחַ חָרִיף
טלסקופי	 0	 0	 0	 0	 0	 0	 0	 0	 0	 0	 מַשִׁיק
טלויזיה	 0	 0	 0	 0	 0	 0	 0	 0	 0	 0	 סְבַך
ספר	 0	 0	 0	 0	 0	 1	 0	 0	 0	 0	 מְסוּבָּך
ספרימ	 0	 0	 0	 0	 0	 0	 0	 0	 0	 0	 טַנק
ינ	 0	 0	 0	 0	 0	 0	 1	 0	 0	 0	 שָׁזוּף
זג	 0	 1	 0	 0	 1	 1	 1	 0	 1	 0	 מפתה
טמפ	 0	 0	 0	 0	 0	 0	 0	 0	 0	 1	 שווה ערך
טמפרמנט	 0	 0	 0	 0	 0	 0	 0	 0	 0	 0	 בֶּרֶז
תינות	 0	 0	 0	 0	 0	 0	 0	 0	 0	 0	 קלטת
זג	 0	 0	 0	 0	 0	 0	 0	 0	 0	 0	 לְהִתְחַדֵד
טמפרטורה	 0	 0	 0	 0	 0	 0	 0	 0	 0	 0	 מתחדד
זג	 0	 0	 0	 0	 0	 0	 0	 0	 0	 0	 גוֹבּלֶן
סערה	 0	 0	 0	 0	 0	 0	 0	 0	 0	 0	 זֶפֶת
ית המקדש	 0	 0	 0	 0	 0	 1	 0	 0	 0	 0	 אִחוּר
זמני	 0	 0	 0	 0	 0	 1	 0	 0	 0	 0	 מְפַגֵר
זמנית	 0	 0	 0	 0	 0	 0	 0	 0	 0	 0	 יַעַד
זמני	 1	 0	 1	 0	 0	 1	 0	 0	 0	 0	 תַעֲרִיף
פתות	 0	 0	 1	 0	 0	 1	 0	 1	 0	 0	 לְהַכתִים
פיתוי	 0	 0	 0	 0	 0	 1	 0	 0	 0	 0	 לְהִתְעַכֵּב
פתה	 0	 0	 0	 0	 0	 0	 0	 0	 0	 0	 טארט
עשר	 0	 0	 0	 0	 0	 0	 0	 0	 0	 0	 טרטן
עמיד	 0	 0	 0	 0	 0	 0	 0	 0	 0	 0	 אבנית
תעקש	 0	 0	 0	 0	 0	 0	 1	 0	 0	 0	 מְשִׁימָה
עקשנות	 0	 0	 0	 0	 0	 0	 0	 0	 0	 0	 צִיצִית
חכירה	 0	 0	 0	 0	 0	 0	 0	 0	 0	 0	 טַעַם
כר	 0	 0	 0	 0	 0	 0	 1	 0	 0	 0	 טָעִים
גמה	 0	 0	 1	 0	 0	 1	 0	 0	 0	 0	 חֲסַר טַעַם
רז	 0	 0	 0	 0	 0	 0	 0	 0	 0	 0	 טְעִימָה
רוכ	 0	 0	 0	 0	 0	 0	 1	 0	 0	 0	 טָעִים
טיפול	 0	 0	 0	 0	 0	 0	 0	 0	 0	 0	 לִרְקוֹם
גיד	 0	 0	 0	 0	 0	 0	 0	 0	 0	 0	 לְקַעֲקֵעַ
ית דירות	 0	 0	 0	 0	 0	 0	 0	 0	 0	 1	 לימד
עקרונ	 1	 0	 0	 1	 0	 1	 0	 1	 0	 0	 לְהִתְגַרוֹת
עקרונות	 0	 0	 0	 0	 0	 0	 0	 0	 0	 0	 מָתוּחַ
פי עשרה	 0	 0	 0	 0	 0	 0	 0	 0	 0	 0	 מִסְבָּאָה
טניס	 0	 0	 1	 0	 0	 0	 0	 0	 0	 0	 חוּם צָהוֹב
תוח	 0	 0	 0	 0	 0	 1	 0	 1	 0	 0	 מַס
תיחה	 0	 0	 0	 0	 0	 0	 0	 0	 0	 0	 מונית
תח	 0	 0	 0	 0	 0	 0	 0	 0	 0	 0	 טקסונומיה
אוהל	 0	 0	 0	 0	 0	 0	 0	 0	 0	 0	 תה
זרוע	 0	 0	 0	 0	 1	 0	 1	 0	 1	 1	 לְלַמֵד
זמני	 0	 0	 0	 0	 0	 0	 1	 0	 0	 1	 מוֹרֶה
עשירית	 0	 0	 0	 0	 0	 0	 0	 0	 0	 0	 הוֹרָאָה
עשיריות	 0	 0	 0	 0	 0	 0	 0	 0	 0	 1	 קְבוּצָה
קלוש	 0	 0	 1	 1	 0	 0	 0	 1	 0	 0	 דוֹמֵעַ
קביעות	 1	 1	 0	 0	 0	 1	 0	 1	 0	 0	 לְהַקְנִיט
פושר	 0	 0	 0	 0	 0	 0	 0	 0	 0	 0	 טיזר
טווח	 1	 0	 0	 1	 0	 1	 0	 0	 0	 0	 מתגרה
סופ	 0	 0	 0	 0	 0	 0	 0	 0	 0	 0	 פִּטמָה
טל לסיימ	 0	 0	 0	 0	 0	 0	 0	 0	 0	 0	 טֶכנִי
סיומ	 0	 0	 0	 0	 0	 0	 0	 0	 0	 0	 טכניות
סופ	 0	 0	 0	 0	 0	 0	 0	 0	 0	 0	 טכנאי
טרמיט	 0	 0	 0	 0	 0	 0	 1	 0	 0	 0	 טֶכנוֹלוֹגִיָה
תנאימ	 0	 0	 0	 0	 0	 0	 0	 0	 0	 0	 טד
חפית	 0	 0	 0	 0	 0	 1	 0	 0	 0	 0	 מְשַׁעֲמֵם
לש	 0	 0	 0	 0	 0	 1	 0	 0	 0	 0	 שִׁעֲמוּם
רפסת	 0	 0	 1	 0	 0	 0	 0	 0	 0	 0	 שׂוֹרֵץ
יבשתי	 0	 0	 0	 0	 0	 1	 1	 0	 0	 0	 בני נוער
נורא	 0	 0	 0	 0	 0	 0	 0	 0	 0	 0	 שיניים
נורא	 0	 0	 0	 0	 0	 0	 0	 0	 0	 0	 טפלון
פלנ	 0	 0	 0	 0	 0	 0	 0	 0	 0	 0	 מִברָק
צוינ	 0	 0	 0	 0	 0	 0	 0	 0	 0	 0	 טֵלֶגרָף
טריטוריאלי	 0	 0	 0	 0	 0	 0	 0	 0	 0	 0	 טֵלֵפוֹן
טח	 0	 0	 0	 0	 0	 0	 0	 0	 0	 0	 טֵלֶסקוֹפּ
טרור	 0	 0	 0	 0	 0	 0	 0	 0	 0	 0	 טֵלֶסקוֹפִּי
טרור	 0	 0	 0	 0	 0	 0	 0	 0	 0	 0	 טֵלֶוִיזִיָה
חבל	 0	 0	 0	 0	 0	 0	 0	 0	 0	 0	 כַּספָּר
יט טרור	 0	 0	 0	 0	 0	 0	 0	 0	 0	 0	 מספרים
תמציתי	 0	 0	 0	 0	 0	 0	 0	 0	 0	 0	 מַלשִׁין
ישי	 0	 0	 0	 0	 0	 0	 0	 0	 0	 0	 מזג
חנ	 0	 0	 0	 0	 0	 0	 0	 0	 0	 0	 טמפ'
רית	 0	 0	 0	 0	 0	 0	 0	 0	 0	 0	 טֶמפֶּרָמֶנט
עיד	 0	 0	 0	 0	 0	 0	 1	 0	 0	 0	 מְתִינוּת
תעודת הוקרה	 0	 0	 0	 0	 0	 0	 0	 0	 0	 1	 מְמוּזָג
עד	 0	 0	 0	 0	 0	 0	 0	 0	 0	 0	 טֶמפֶּרָטוּרָה
טטנוס	 0	 0	 0	 0	 0	 0	 1	 0	 0	 0	 מזג
קשור	 1	 1	 0	 1	 0	 1	 0	 1	 1	 0	 סְעָרָה
קשורימ	 0	 0	 0	 0	 0	 0	 0	 0	 0	 0	 בית המקדש
טטרהדרלית	 0	 0	 0	 0	 0	 0	 0	 0	 0	 0	 זְמַנִי
טקסט	 0	 0	 0	 0	 0	 0	 0	 0	 0	 0	 זְמַנִית
ספר לימוד	 0	 0	 0	 0	 0	 0	 0	 0	 0	 0	 זמני
טקסטיל	 0	 0	 0	 0	 0	 0	 0	 0	 0	 0	 לפתות
רקמתי	 0	 0	 0	 0	 0	 1	 0	 0	 0	 0	 פיתוי
רקמ	 0	 0	 0	 0	 0	 0	 0	 0	 0	 0	 מפתה
אסיר תודה	 0	 0	 0	 0	 0	 0	 0	 0	 0	 0	 עשר
חג ההודיה	 0	 0	 0	 0	 0	 0	 1	 0	 0	 0	 עמיד
סככ	 0	 0	 0	 0	 0	 0	 1	 0	 0	 0	 מִתעַקֵשׁ
פשיר	 0	 0	 0	 0	 0	 0	 1	 0	 0	 0	 עַקשָׁנוּת
תיאטרונ	 0	 0	 0	 0	 0	 0	 1	 0	 0	 0	 חֲכִירָה
תיאטרלי	 0	 0	 0	 0	 0	 0	 1	 0	 0	 0	 שׂוֹכֵר
גנבה	 0	 0	 0	 0	 0	 0	 0	 0	 0	 0	 מְגַמָה
תאיזמ	 0	 0	 0	 0	 1	 0	 1	 0	 0	 1	 מִכרָז
תיאיסטית	 0	 0	 0	 0	 1	 0	 1	 0	 0	 0	 רוֹך
נושא	 0	 0	 0	 0	 0	 0	 0	 0	 0	 0	 טיפול
תאוקרטיה	 0	 0	 0	 0	 0	 0	 0	 0	 0	 0	 גִיד
תיאוקרטי	 0	 0	 0	 0	 0	 1	 0	 0	 0	 0	 בֵּית דִירוֹת
תאולוג	 0	 0	 0	 0	 0	 0	 0	 0	 0	 0	 עִקָרוֹן
תיאולוגי	 0	 0	 0	 0	 0	 0	 0	 0	 0	 0	 עקרונות
תאולוגיה	 0	 0	 0	 0	 0	 0	 0	 0	 0	 0	 פִּי עֲשָׂרָה
פט	 0	 0	 0	 0	 0	 0	 0	 0	 0	 0	 טֶנִיס
תאורטי	 0	 0	 0	 0	 0	 0	 0	 0	 0	 0	 מָתוּחַ
תאוריה	 0	 0	 0	 0	 0	 0	 0	 0	 0	 0	 מתיחה
רפואי	 1	 0	 0	 0	 0	 0	 0	 0	 0	 0	 מתח
תורת הרפוי	 0	 0	 0	 0	 0	 0	 0	 0	 0	 0	 אוֹהֶל
ערכ	 0	 0	 0	 0	 0	 0	 0	 0	 0	 0	 זְרוֹעַ
זה	 0	 0	 0	 0	 0	 0	 0	 0	 0	 0	 זְמַנִי
עמ זה	 0	 0	 0	 0	 0	 0	 0	 0	 0	 0	 עֲשִׂירִית
תרמי	 0	 0	 0	 0	 0	 0	 0	 0	 0	 0	 עשיריות
צמד תרמי	 0	 0	 0	 0	 0	 0	 0	 0	 0	 0	 קָלוּשׁ
תרמודינמיקה	 0	 0	 0	 0	 0	 0	 0	 0	 0	 0	 קְבִיעוּת
ד חומ	 0	 0	 0	 0	 0	 0	 0	 0	 0	 0	 פּוֹשֵׁר
תרמוסטט	 0	 0	 0	 0	 0	 0	 0	 0	 0	 0	 טווח
אוצר מילימ	 0	 0	 0	 1	 0	 1	 0	 1	 0	 0	 מָסוֹף
תזה	 0	 0	 0	 0	 0	 0	 0	 1	 0	 0	 לבטל, לסיים
עבה	 0	 0	 0	 0	 0	 1	 0	 1	 0	 0	 סיום
עבות	 0	 0	 0	 0	 0	 0	 0	 0	 0	 0	 מָסוּף
תעבות	 0	 0	 1	 0	 0	 1	 0	 0	 0	 0	 טֶרמִיט
סבכ	 0	 0	 0	 0	 0	 0	 0	 0	 0	 0	 תנאים
עובי	 0	 0	 0	 0	 0	 0	 0	 0	 0	 0	 שַׁחֲפִית
גנב	 0	 0	 0	 0	 0	 0	 0	 0	 0	 0	 מְשּוּלָשׁ
אצבעונ	 0	 0	 0	 0	 0	 0	 0	 0	 0	 0	 מִרפֶּסֶת
רזה	 0	 0	 0	 0	 0	 0	 0	 0	 0	 0	 יַבַּשׁתִי
דבר	 1	 0	 1	 1	 0	 1	 0	 1	 0	 0	 נורא
דברימ	 0	 0	 0	 0	 0	 0	 0	 1	 0	 0	 נוֹרָא
גה	 0	 0	 0	 0	 0	 0	 0	 0	 0	 0	 שַׁפלָן
חושב	 0	 0	 0	 0	 0	 0	 0	 1	 0	 0	 מְצוּיָן
יש	 0	 0	 0	 0	 0	 0	 0	 0	 0	 0	 טֵרִיטוֹרִיָאלִי
צמא	 0	 0	 0	 0	 0	 0	 0	 0	 0	 0	 שֶׁטַח
צמא	 0	 0	 0	 1	 0	 1	 0	 0	 0	 0	 טֵרוֹר
 עשרה	 1	 0	 1	 1	 0	 1	 0	 1	 0	 0	 טֵרוֹר
 עשרה	 1	 0	 1	 1	 0	 1	 0	 1	 1	 0	 מְחַבֵּל
גדילנ	 1	 0	 0	 1	 0	 1	 0	 1	 0	 0	 לְהַשְׁלִיט טֶרוֹר
מה	 0	 0	 0	 0	 0	 0	 0	 0	 0	 0	 תַמצִיתִי
רוכ	 0	 0	 0	 0	 0	 0	 0	 0	 0	 0	 שלישי
קוצ	 0	 0	 0	 0	 0	 0	 0	 0	 0	 0	 מִבְחָן
קוצני	 0	 1	 0	 0	 0	 0	 0	 0	 0	 1	 בְּרִית
גזעי	 0	 0	 0	 0	 0	 0	 0	 0	 0	 0	 לְהַעִיד
רחוב	 0	 0	 0	 0	 0	 0	 0	 0	 0	 0	 תְעוּדַת הוֹקָרָה
חשבה	 0	 0	 0	 0	 0	 0	 0	 0	 0	 1	 עֵד
תחשב	 0	 0	 1	 0	 0	 1	 0	 0	 0	 0	 טֶטָנוּס
תחשבות	 0	 0	 0	 0	 0	 1	 0	 0	 0	 0	 לִקְשׁוֹר
חסר מחשבה	 0	 0	 0	 0	 0	 0	 0	 0	 0	 0	 קשורים
חשבות	 0	 0	 0	 0	 0	 0	 0	 0	 0	 0	 טטרהדרלית
אלפ	 0	 0	 0	 0	 0	 0	 0	 0	 0	 0	 טֶקסט
חבוט	 0	 0	 0	 0	 0	 0	 0	 0	 0	 0	 ספר לימוד
פתיל	 0	 0	 0	 0	 0	 0	 0	 0	 0	 0	 טֶקסטִיל
איומ	 0	 0	 0	 0	 0	 0	 0	 0	 0	 0	 רִקמָתִי
איימ	 0	 0	 0	 0	 0	 0	 0	 0	 0	 0	 מרקם
אימ	 0	 0	 0	 0	 1	 0	 1	 0	 0	 0	 אֲסִיר תוֹדָה
לש	 0	 0	 0	 0	 1	 0	 1	 0	 0	 0	 חג ההודיה
דוש	 0	 0	 0	 0	 0	 0	 0	 0	 0	 0	 סְכָך
פתנ	 0	 0	 0	 0	 0	 0	 0	 0	 0	 0	 לְהַפְשִׁיר
 פעמימ	 0	 0	 0	 0	 0	 0	 0	 0	 0	 0	 תיאטרון
חסכונ	 0	 0	 0	 0	 0	 0	 0	 0	 0	 0	 תיאטרלי
חסכנ	 1	 0	 1	 1	 0	 1	 0	 1	 0	 0	 גְנֵבָה
רטט	 0	 0	 1	 0	 0	 1	 0	 0	 0	 0	 תֵאִיזם
רגש	 0	 0	 0	 0	 0	 0	 0	 0	 0	 0	 תיאיסטית
גשג	 0	 0	 0	 0	 0	 0	 0	 0	 0	 0	 נושא
גרונ	 0	 0	 0	 0	 0	 0	 0	 0	 0	 0	 תֵאוֹקרָטִיָה
פעימה	 1	 0	 0	 1	 0	 1	 0	 1	 0	 1	 תיאוקרטי
פעימה	 0	 0	 0	 0	 0	 0	 0	 0	 0	 0	 תֵאוֹלוֹג
ס מלכות	 0	 0	 0	 0	 0	 0	 0	 0	 0	 1	 תיאולוגי
ונ	 0	 1	 0	 0	 0	 0	 0	 0	 0	 0	 תֵאוֹלוֹגִיָה
צערת	 0	 0	 0	 0	 0	 0	 0	 0	 0	 1	 מִשׁפָּט
זרוק	 0	 0	 0	 0	 0	 0	 1	 0	 0	 0	 תֵאוֹרֵטִי
קיכלי	 0	 1	 0	 0	 0	 0	 0	 0	 0	 1	 תֵאוֹרִיָה
דחפ	 0	 0	 0	 0	 1	 0	 1	 0	 0	 1	 רְפוּאִי
קול עמומ	 0	 0	 0	 0	 0	 0	 1	 0	 0	 0	 תוֹרַת הָרִפּוּי
ריונ	 0	 0	 0	 0	 0	 0	 0	 0	 0	 0	 בערך
אגודל	 0	 0	 0	 0	 0	 0	 0	 0	 0	 0	 מִזֶה
חבטה	 0	 0	 0	 0	 0	 0	 0	 0	 0	 0	 עם זה
חבטה	 0	 0	 0	 0	 0	 0	 0	 0	 0	 0	 תֶרמִי
רעמ	 0	 1	 0	 0	 0	 0	 0	 0	 0	 0	 צמד תרמי
חזיז	 0	 0	 0	 0	 0	 0	 0	 0	 0	 0	 תֶרמוֹדִינָמִיקָה
רועמ	 0	 0	 0	 0	 0	 0	 0	 0	 0	 1	 מד חום
סופת רעמימ	 0	 0	 0	 0	 0	 0	 0	 0	 0	 0	 תֶרמוֹסטָט
סכל	 0	 0	 0	 0	 0	 0	 0	 0	 0	 0	 אוֹצָר מִילִים
טימינ	 0	 0	 0	 0	 0	 0	 0	 0	 0	 0	 תזה
נזר	 0	 0	 0	 0	 0	 0	 0	 0	 0	 0	 עבה
תקתוק	 0	 0	 0	 0	 0	 0	 0	 0	 0	 0	 לַעֲבוֹת
טלפרינטר	 0	 0	 0	 0	 0	 0	 0	 0	 0	 0	 הִתְעַבּוּת
רטיס	 0	 0	 0	 0	 0	 0	 0	 0	 0	 0	 סְבַך
דגדג	 0	 0	 0	 0	 0	 0	 0	 0	 0	 0	 עוֹבִי
תקתק	 1	 0	 1	 1	 0	 1	 0	 1	 1	 0	 גַנָב
 גאות ושפל	 0	 0	 0	 0	 0	 0	 0	 0	 0	 0	 אֶצבָּעוֹן
ידיעה	 0	 0	 0	 0	 0	 0	 0	 0	 0	 0	 רזה
גאות	 0	 0	 0	 0	 0	 0	 0	 0	 0	 0	 דָבָר
רות	 0	 0	 0	 0	 0	 0	 0	 0	 0	 0	 דברים
עניבה	 0	 0	 0	 0	 0	 0	 1	 0	 0	 0	 הוגה
נדבכ	 0	 0	 0	 0	 0	 0	 0	 0	 0	 0	 חושב
ריב	 0	 0	 0	 0	 0	 0	 0	 0	 0	 0	 שליש
נמר	 0	 1	 0	 0	 0	 0	 0	 1	 1	 0	 צָמָא
דק	 0	 0	 0	 0	 0	 1	 0	 0	 0	 0	 צמא
אטימות	 0	 0	 0	 0	 0	 0	 0	 0	 0	 0	 שְׁלוֹשׁ עֶשׂרֵה
טייצ צמוד	 0	 0	 0	 1	 0	 0	 0	 0	 0	 0	 שְׁלוֹשׁ עֶשׂרֵה
טילדה	 0	 0	 0	 0	 0	 0	 0	 0	 0	 0	 גְדִילָן
אריח	 0	 0	 0	 0	 0	 0	 0	 0	 0	 0	 שָׁמָה
רעופ	 0	 0	 0	 0	 0	 0	 0	 0	 0	 0	 שְׂרוֹך
עד	 0	 0	 0	 0	 0	 1	 0	 0	 0	 0	 קוֹץ
עבוד האדמה	 0	 0	 0	 1	 0	 1	 0	 0	 0	 0	 קוֹצָנִי
ט ההגה	 0	 0	 0	 0	 0	 0	 1	 0	 0	 0	 גִזעִי
טות	 0	 0	 0	 0	 0	 0	 0	 0	 0	 0	 רְחוֹב
טיה	 0	 1	 0	 0	 0	 0	 0	 0	 0	 0	 מַחֲשָׁבָה
עצ	 0	 0	 0	 0	 0	 0	 1	 0	 0	 1	 מִתחַשֵׁב
טימברלנד	 0	 0	 0	 0	 0	 0	 1	 0	 0	 0	 הִתחַשְׁבוּת
גונ	 1	 0	 1	 0	 0	 1	 0	 0	 0	 0	 חֲסַר מַחֲשָׁבָה
זמנ	 0	 0	 0	 0	 0	 0	 0	 0	 0	 0	 מחשבות
עמידה בזמנימ	 0	 0	 0	 0	 0	 0	 0	 0	 0	 0	 אלף
זמנ	 1	 0	 1	 1	 0	 1	 0	 1	 0	 0	 לַחֲבוֹט
עונ	 0	 0	 0	 0	 0	 0	 0	 0	 0	 0	 פְּתִיל
נחבא אל הכלימ	 1	 0	 0	 1	 0	 1	 0	 0	 0	 0	 אִיוּם
ססנות	 1	 1	 0	 1	 0	 1	 0	 0	 0	 0	 מאיים
פח	 1	 0	 1	 1	 0	 1	 0	 0	 0	 0	 מְאַיֵם
צבוע	 0	 0	 0	 0	 0	 0	 0	 0	 0	 0	 מְשּוּלָשׁ
שנ	 1	 0	 0	 1	 0	 1	 0	 1	 0	 0	 לָדוּשׁ
צבוע	 0	 0	 0	 0	 0	 0	 0	 0	 0	 0	 מפתן
חוש עקצוצ	 0	 0	 0	 0	 0	 0	 0	 0	 0	 0	 שָׁלוֹשׁ פַּעֲמִים
עקצוצ	 0	 0	 1	 0	 0	 0	 1	 0	 0	 1	 חִסָכוֹן
נסות לתקנ	 0	 0	 0	 0	 0	 0	 0	 0	 0	 0	 חסכן
תעסקות	 0	 1	 0	 1	 1	 0	 1	 0	 1	 0	 רֶטֶט
טינטונ	 0	 1	 0	 0	 1	 0	 1	 0	 1	 0	 מרגש
חוטי כספ נוצצימ	 0	 1	 0	 0	 1	 0	 1	 0	 0	 0	 משגשג
צבוע	 0	 0	 0	 0	 0	 0	 0	 0	 0	 0	 גרון
זעיר	 0	 0	 0	 1	 0	 1	 0	 1	 0	 0	 פְּעִימָה
עצה	 0	 0	 0	 0	 0	 0	 0	 0	 0	 0	 פְּעִימָה
תוי	 0	 0	 0	 0	 0	 0	 1	 0	 0	 1	 כס מלכות
תוכחה	 0	 0	 0	 0	 0	 0	 0	 0	 0	 0	 הָמוֹן
צמיג	 1	 0	 0	 0	 0	 1	 0	 0	 0	 0	 מַצעֶרֶת
עייפ	 0	 0	 0	 0	 0	 0	 0	 0	 0	 0	 לזרוק
עייפות	 0	 0	 0	 0	 0	 0	 0	 0	 0	 0	 קִיכלִי
עממ	 0	 0	 0	 0	 0	 0	 0	 0	 0	 0	 דַחַף
רקמה	 0	 0	 0	 0	 0	 0	 0	 0	 0	 0	 קוֹל עָמוּם
פטמה	 1	 0	 1	 1	 0	 1	 0	 0	 0	 0	 בִּריוֹן
יר	 0	 0	 0	 0	 0	 0	 0	 0	 0	 0	 אֲגוּדָל
עשר	 1	 0	 0	 0	 0	 1	 0	 0	 0	 0	 חֲבָטָה
תרת	 0	 0	 0	 1	 0	 0	 0	 0	 0	 0	 חבטה
על הכותרת	 0	 0	 0	 0	 0	 0	 0	 0	 0	 0	 רַעַם
ציצי	 0	 0	 0	 0	 0	 0	 0	 0	 0	 0	 חֲזִיז
תוארי	 1	 0	 0	 1	 0	 1	 0	 0	 0	 0	 רוֹעֵם
קרפדה	 0	 0	 0	 0	 0	 0	 0	 0	 0	 0	 סוּפַת רַעֲמִים
טוסט	 0	 0	 0	 0	 0	 1	 0	 0	 1	 0	 לְסַכֵּל
טבק	 0	 0	 0	 0	 0	 0	 0	 0	 0	 0	 טימין
טובי	 0	 0	 0	 0	 0	 0	 0	 0	 0	 0	 נֵזֶר
טוד	 0	 0	 0	 0	 0	 0	 0	 0	 0	 0	 תִקתוּק
יומ	 0	 0	 0	 0	 0	 0	 0	 0	 0	 0	 טֵלֵפּרִינטֶר
אצבע	 0	 0	 0	 0	 0	 0	 0	 0	 0	 0	 כַּרְטִיס
טוגה	 0	 1	 0	 0	 1	 0	 1	 0	 1	 1	 לְדַגדֵג
עמל	 0	 0	 0	 0	 0	 0	 0	 0	 0	 0	 מתקתק
רותימ	 0	 0	 0	 0	 0	 0	 0	 0	 0	 0	 שֶׁל גֵאוּת וְשֵׁפֶל
עמלימ	 0	 0	 0	 0	 0	 0	 0	 0	 0	 0	 יְדִיעָה
אסימונ	 0	 0	 0	 0	 0	 0	 0	 0	 0	 0	 גאות
סובלנות	 0	 0	 0	 0	 0	 0	 0	 0	 0	 0	 בְּשׂוֹרוֹת
סובלני	 0	 0	 0	 0	 0	 0	 0	 0	 0	 0	 עניבה
סבול	 0	 0	 0	 0	 0	 0	 0	 0	 0	 0	 נִדבָּך
סובלנות	 1	 0	 0	 0	 0	 1	 0	 0	 0	 0	 רִיב
אגרה	 0	 0	 0	 0	 0	 0	 0	 0	 0	 0	 נָמֵר
טומהוק	 1	 0	 0	 0	 0	 0	 0	 0	 0	 0	 לְהַדֵק
קבר	 0	 0	 0	 0	 0	 0	 0	 0	 0	 0	 אֲטִימוּת
חתול חתול	 0	 0	 0	 0	 0	 0	 0	 0	 0	 0	 טייץ צמוד
לי	 0	 0	 0	 0	 0	 0	 0	 0	 0	 0	 טילדה
חר	 0	 0	 0	 0	 0	 0	 0	 0	 0	 0	 אָרִיחַ
טונ	 0	 0	 0	 0	 0	 0	 1	 0	 0	 0	 רִעוּף
טונ	 0	 0	 0	 0	 0	 0	 0	 0	 0	 0	 עד
קחיימ	 0	 0	 0	 0	 0	 0	 0	 0	 0	 0	 עִבּוּד הָאֲדָמָה
יתוכ	 0	 0	 0	 0	 0	 0	 0	 0	 0	 0	 מוֹט הָהֶגֶה
ונ	 0	 0	 0	 0	 0	 0	 0	 0	 0	 0	 לְהַטוֹת
טוניק	 0	 0	 0	 0	 0	 0	 0	 0	 0	 0	 הטיה
תפוסה	 0	 0	 0	 0	 0	 0	 0	 0	 0	 0	 עֵץ
קדימ	 0	 0	 0	 0	 0	 0	 0	 0	 0	 0	 טימברלנד
י עבודה	 0	 0	 0	 0	 0	 0	 0	 0	 0	 0	 גָוֶן
שנ	 0	 1	 0	 0	 0	 0	 0	 0	 0	 0	 זְמַן
אב שנימ	 0	 0	 0	 0	 0	 0	 0	 0	 0	 0	 עמידה בזמנים
ננ	 0	 0	 0	 0	 0	 0	 1	 0	 0	 0	 בזמן
חסר שיניימ	 0	 0	 0	 0	 0	 0	 0	 0	 0	 0	 שָׁעוֹן
חלק עליונ	 0	 0	 0	 1	 0	 1	 0	 1	 0	 0	 נחבא אל הכלים
טופז	 0	 1	 0	 1	 0	 1	 0	 0	 0	 0	 הַסְסָנוּת
נושא	 0	 0	 0	 0	 0	 0	 0	 0	 0	 0	 פַּח
אקטואלי	 0	 0	 0	 0	 0	 0	 0	 0	 0	 0	 לִצְבּוֹעַ
טופוגרפי	 0	 0	 0	 0	 0	 0	 0	 0	 0	 0	 שֵׁן
טופוגרפי	 0	 0	 0	 0	 0	 0	 0	 0	 0	 0	 לִצְבּוֹעַ
טופוגרפיה	 0	 0	 0	 0	 0	 0	 0	 0	 0	 0	 לָחוּשׁ עִקצוּץ
פיל	 0	 0	 0	 0	 0	 0	 0	 0	 0	 0	 עקצוץ
טור	 0	 0	 0	 0	 0	 0	 0	 0	 0	 0	 לְנַסוֹת לְתַקֵן
פיד	 0	 0	 0	 0	 0	 0	 0	 0	 0	 0	 התעסקות
ענות	 0	 0	 0	 0	 0	 0	 0	 0	 0	 0	 טינטון
קרוע	 0	 0	 0	 0	 1	 0	 1	 0	 0	 0	 חוּטֵי כֶּסֶף נוֹצֵצִים
טורנדו	 0	 0	 0	 0	 0	 0	 0	 0	 0	 0	 לִצְבּוֹעַ
טרפד	 0	 0	 0	 0	 0	 0	 0	 0	 0	 0	 זָעִיר
ול	 0	 0	 0	 0	 0	 0	 0	 0	 0	 0	 עֵצָה
הט	 0	 0	 0	 0	 0	 1	 0	 0	 0	 0	 שׁתוּי
פתול	 1	 0	 1	 0	 0	 1	 0	 0	 0	 0	 תוֹכָחָה
טורסו	 0	 0	 0	 0	 0	 0	 0	 0	 0	 0	 צמיג
עוולה	 0	 0	 0	 0	 0	 1	 0	 0	 0	 0	 עייף
עוולות	 0	 0	 0	 0	 0	 1	 0	 0	 0	 0	 עייפות
צב	 0	 0	 0	 0	 0	 1	 0	 0	 0	 0	 מְשַׁעֲמֵם
פותל	 0	 0	 0	 0	 0	 0	 0	 0	 0	 0	 רִקמָה
ענות	 0	 0	 0	 0	 0	 1	 0	 0	 0	 0	 פִּטמָה
זרוק	 0	 0	 0	 0	 0	 0	 0	 0	 0	 0	 כַּבִּיר
סכ הכל	 0	 0	 0	 0	 0	 0	 0	 0	 0	 0	 מַעֲשֵׂר
ול	 0	 0	 0	 0	 0	 0	 1	 0	 0	 1	 כותרת
גמרי	 0	 0	 0	 0	 0	 0	 0	 0	 0	 0	 בעל הכותרת
את	 0	 0	 0	 0	 0	 0	 0	 0	 0	 0	 ציצי
טוטמ	 0	 0	 0	 0	 0	 0	 0	 0	 0	 0	 תוֹאֳרִי
געת	 0	 0	 1	 0	 0	 1	 0	 0	 0	 0	 קַרפָּדָה
נגע	 0	 0	 0	 0	 1	 0	 1	 0	 0	 0	 טוסט
נוגע	 0	 0	 0	 0	 0	 1	 0	 0	 0	 0	 טַבָּק
רגיש	 0	 0	 0	 0	 0	 0	 0	 0	 0	 0	 טובי
קשה	 0	 0	 0	 0	 0	 0	 0	 0	 0	 0	 טוד
קשיחות	 0	 0	 0	 0	 0	 0	 0	 0	 0	 0	 היום
סיור	 0	 0	 0	 0	 0	 0	 0	 0	 0	 0	 אֶצבַּע
תייר	 0	 0	 0	 0	 0	 0	 0	 0	 0	 0	 טוגה
טורמלינ	 0	 0	 0	 0	 0	 0	 0	 0	 0	 0	 עָמָל
טורניר	 0	 0	 1	 0	 0	 1	 0	 0	 0	 0	 שֵׁרוּתִים
חוסמ עורקימ	 0	 0	 0	 0	 0	 1	 0	 0	 0	 0	 עמלים
ספסר	 0	 0	 0	 0	 0	 0	 0	 0	 0	 0	 אֲסִימוֹן
גרור	 0	 0	 0	 0	 0	 0	 0	 0	 0	 0	 סוֹבלָנוּת
גבת	 0	 0	 0	 0	 0	 0	 1	 0	 0	 0	 סוֹבלָנִי
גדל	 1	 0	 0	 0	 0	 1	 0	 1	 0	 0	 לִסְבּוֹל
תנשא	 0	 0	 0	 0	 0	 0	 1	 0	 0	 0	 סוֹבלָנוּת
עיר	 0	 0	 0	 0	 0	 0	 0	 0	 0	 0	 אַגרָה
ית עירוני	 0	 0	 0	 0	 0	 0	 0	 0	 0	 0	 טומהוק
רעיל	 0	 0	 0	 0	 0	 0	 0	 1	 0	 0	 קֶבֶר
טוקסיקולוגיה	 0	 0	 0	 0	 0	 0	 0	 0	 0	 0	 חתול חתול
רעלנ	 0	 0	 0	 0	 0	 0	 0	 0	 0	 0	 לי
צעצוע	 0	 1	 0	 0	 0	 0	 0	 0	 0	 0	 מָחָר
זכר	 0	 0	 0	 0	 0	 0	 0	 0	 0	 0	 טוֹן
עקבות	 0	 0	 0	 0	 0	 0	 0	 0	 0	 0	 טוֹן
קנה הנשימה	 0	 0	 0	 0	 0	 0	 0	 0	 0	 0	 מלקחיים
עקב	 0	 0	 0	 0	 0	 0	 0	 0	 0	 0	 יַתוּך
סלול	 0	 0	 0	 0	 0	 0	 0	 0	 0	 0	 לָשׁוֹן
סכת	 0	 0	 0	 0	 0	 0	 0	 0	 0	 0	 טוניק
מע	 0	 0	 0	 0	 0	 0	 0	 0	 0	 0	 תְפוּסָה
גרירה	 0	 0	 0	 0	 0	 0	 0	 0	 0	 0	 שקדים
טרקטור	 0	 0	 0	 0	 0	 0	 0	 0	 0	 0	 כלי עבודה
סחר	 0	 0	 0	 0	 0	 0	 0	 0	 0	 0	 שן
סוחר	 0	 0	 0	 1	 0	 1	 0	 0	 0	 0	 כְּאֵב שִׁנַיִם
סוחר	 0	 0	 0	 0	 0	 0	 0	 0	 0	 0	 מְשׁוּנָן
סחר	 0	 0	 0	 0	 0	 0	 0	 0	 0	 0	 חסר שיניים
סורת	 0	 1	 0	 0	 0	 0	 1	 0	 0	 1	 חלק עליון
סורתי	 0	 0	 0	 0	 0	 0	 0	 0	 0	 0	 טוֹפָּז
תנועה	 0	 0	 0	 0	 0	 0	 0	 0	 0	 0	 נוֹשֵׂא
טרגדיה	 0	 0	 0	 0	 0	 0	 0	 0	 0	 0	 אַקטוּאָלִי
טרגי	 0	 0	 0	 0	 0	 0	 0	 0	 0	 0	 טופוגרפי
יל	 0	 0	 0	 0	 0	 0	 0	 0	 0	 0	 טוֹפּוֹגרָפִי
רכבת	 0	 0	 0	 0	 0	 0	 0	 0	 0	 0	 טוֹפּוֹגרַפִיָה
אומנ	 0	 0	 0	 0	 0	 0	 0	 0	 1	 0	 לְהַפִּיל
אמנ	 0	 0	 0	 0	 0	 0	 0	 0	 0	 0	 טור
דרכה	 0	 0	 0	 0	 0	 0	 0	 0	 0	 0	 לפיד
תכונה	 1	 0	 0	 1	 0	 1	 0	 1	 0	 0	 לַעֲנוֹת
גד	 0	 0	 0	 0	 0	 1	 0	 0	 0	 0	 קָרוּעַ
סלול	 0	 0	 0	 1	 0	 0	 0	 0	 0	 0	 טוֹרנָדוֹ
חשמלית	 1	 0	 0	 0	 0	 1	 0	 0	 0	 0	 לְטַרפֵּד
נדוד	 0	 0	 0	 1	 0	 0	 0	 0	 0	 0	 מַבּוּל
חשמלית	 0	 0	 0	 0	 0	 1	 0	 0	 0	 0	 לוֹהֵט
טרנס	 0	 0	 0	 0	 0	 0	 0	 0	 0	 0	 פִּתוּל
קט	 0	 0	 0	 0	 0	 0	 0	 0	 0	 0	 טוֹרסוֹ
רוגע	 0	 0	 0	 0	 0	 1	 0	 0	 0	 0	 עוולה
צע עסקה	 1	 0	 1	 0	 0	 1	 0	 0	 0	 0	 עוולות
עסקה	 0	 0	 0	 0	 0	 0	 0	 0	 0	 0	 צב
טרנס אטלנטי	 0	 0	 0	 0	 0	 0	 0	 0	 0	 0	 מְפוּתָל
נשגבות	 1	 1	 1	 1	 0	 1	 0	 1	 0	 0	 לַעֲנוֹת
טרנסצנדנטי	 0	 0	 0	 0	 0	 0	 0	 0	 0	 0	 לִזרוֹק
טרנסצנדנטלי	 0	 0	 0	 0	 0	 0	 0	 0	 0	 0	 סך הכל
תעתק	 0	 0	 0	 0	 0	 0	 0	 0	 0	 0	 מִכלוֹל
תמלל	 0	 0	 0	 0	 0	 0	 0	 0	 0	 0	 לְגַמרֵי
תמליל	 0	 0	 0	 0	 0	 0	 0	 0	 0	 0	 לָשֵׂאת
תעתוק	 0	 0	 0	 0	 0	 0	 0	 0	 0	 0	 טוטם
עביר	 0	 0	 0	 0	 0	 0	 0	 0	 0	 0	 לגעת
עברה	 0	 0	 0	 0	 0	 1	 0	 0	 0	 0	 נגע
עבר	 0	 0	 0	 0	 0	 0	 0	 0	 0	 0	 נוגע
רותק	 1	 0	 0	 0	 0	 1	 0	 1	 0	 0	 רָגִישׁ
ינוי צורה	 0	 0	 0	 0	 0	 1	 0	 1	 0	 0	 קָשֶׁה
טרנספורמציה	 1	 0	 0	 1	 0	 0	 1	 0	 0	 1	 קשיחות
עירוי	 0	 0	 0	 0	 0	 0	 0	 0	 0	 0	 סיור
פשע	 0	 0	 0	 0	 0	 0	 0	 0	 0	 0	 תייר
חולפ	 0	 0	 0	 0	 0	 0	 0	 0	 0	 0	 טורמלין
עבר	 0	 0	 0	 0	 0	 0	 0	 0	 0	 0	 טורניר
עבר	 0	 0	 0	 0	 0	 0	 0	 0	 0	 0	 חוֹסֵם עוֹרְקִים
עבר	 0	 0	 0	 0	 0	 0	 0	 0	 0	 0	 לְסַפְסֵר
טרנזיטיבי	 0	 0	 0	 0	 0	 0	 0	 0	 0	 0	 לִגרוֹר
חולפ	 0	 0	 0	 0	 0	 0	 0	 0	 0	 0	 מַגֶבֶת
תרגמ	 0	 0	 0	 0	 0	 0	 1	 0	 0	 0	 מִגדָל
תרגומ	 0	 1	 0	 1	 0	 0	 1	 0	 0	 0	 מִתנַשֵׂא
עבר  מקומ	 0	 0	 0	 0	 0	 0	 0	 0	 0	 0	 העיר
קופ למחצה	 0	 0	 0	 0	 0	 0	 0	 0	 0	 0	 בית עירוני
פצה	 0	 0	 1	 0	 0	 1	 0	 0	 0	 0	 רַעִיל
עביר	 0	 0	 0	 0	 0	 0	 0	 0	 0	 0	 טוקסיקולוגיה
נוי	 0	 0	 0	 1	 0	 1	 0	 0	 0	 0	 רַעֲלָן
עצה	 0	 0	 0	 0	 0	 0	 0	 0	 0	 0	 צַעֲצוּעַ
קיפות	 0	 0	 0	 0	 0	 0	 0	 0	 0	 0	 זֵכֶר
קופ	 0	 0	 0	 0	 0	 0	 0	 0	 0	 0	 עקבות
תיל	 0	 0	 0	 0	 0	 0	 0	 0	 0	 0	 קנה הנשימה
תלה	 0	 0	 0	 0	 0	 0	 0	 0	 0	 0	 מַעֲקָב
תחבורה	 0	 1	 0	 0	 0	 0	 0	 0	 0	 0	 מַסלוּל
לה	 0	 0	 0	 1	 0	 0	 0	 0	 0	 0	 מסכת
רבב	 0	 0	 0	 0	 0	 0	 0	 0	 0	 0	 מְמוּשׁמָע
טרנספוזיציה	 0	 0	 0	 0	 0	 0	 0	 0	 0	 0	 גרירה
רוחבי	 0	 0	 0	 0	 0	 0	 0	 0	 0	 0	 טְרַקטוֹר
דת	 0	 0	 0	 0	 0	 0	 0	 0	 0	 1	 סַחַר
ידה	 0	 0	 0	 0	 0	 0	 0	 0	 0	 0	 סוחר
דות	 0	 0	 0	 0	 0	 0	 0	 0	 0	 0	 סוֹחֵר
דות	 0	 0	 0	 0	 0	 0	 0	 0	 0	 0	 מִסְחָר
אשפה	 0	 0	 0	 0	 0	 0	 0	 0	 0	 0	 מָסוֹרֶת
חסר ערכ	 0	 0	 0	 0	 0	 0	 1	 0	 0	 0	 מָסוֹרתִי
טראומטי	 0	 0	 0	 0	 0	 0	 0	 0	 0	 0	 תְנוּעָה
עמול	 0	 0	 0	 1	 0	 1	 0	 1	 0	 0	 טרגדיה
נסוע	 0	 0	 0	 0	 0	 1	 0	 0	 0	 0	 טְרָגִי
נוסע	 0	 0	 0	 0	 0	 0	 0	 0	 0	 0	 שביל
נוסעימ	 0	 0	 0	 0	 0	 0	 0	 0	 0	 0	 רכבת
חצות	 0	 0	 0	 0	 0	 0	 0	 0	 0	 0	 מְאוּמָן
פרודיה	 0	 0	 0	 0	 0	 0	 0	 0	 0	 1	 מְאַמֵן
רת	 0	 0	 0	 0	 0	 0	 0	 0	 0	 0	 הַדְרָכָה
ספינת דיג	 0	 0	 0	 0	 0	 0	 0	 0	 0	 0	 תְכוּנָה
גש	 1	 0	 1	 1	 0	 1	 0	 1	 0	 0	 בּוֹגֵד
גדני	 0	 0	 0	 0	 0	 0	 0	 0	 0	 0	 מַסלוּל
גדנות	 0	 0	 0	 0	 0	 0	 0	 0	 0	 0	 חַשְׁמַלִית
דרוכ	 0	 0	 1	 1	 0	 1	 0	 1	 0	 0	 לִנְדוֹד
יכונ	 0	 0	 0	 0	 0	 0	 0	 0	 0	 0	 חשמלית
גידה	 0	 0	 0	 0	 0	 1	 0	 0	 0	 0	 טְרַנס
אוצר	 0	 0	 0	 0	 1	 0	 1	 0	 0	 0	 שָׁקֶט
גזבר	 0	 0	 0	 0	 1	 0	 1	 0	 0	 1	 רוֹגַע
רד האוצר	 0	 0	 0	 0	 0	 0	 0	 0	 0	 0	 לבצע עסקה
טיפול	 0	 0	 0	 0	 0	 0	 0	 0	 0	 1	 עִסקָה
סה	 0	 0	 0	 0	 0	 0	 0	 0	 0	 0	 טרנס אטלנטי
יחס	 0	 1	 0	 0	 1	 0	 1	 0	 1	 1	 נִשׂגָבוּת
אמנה	 0	 0	 0	 0	 0	 0	 0	 0	 0	 0	 טרנסצנדנטי
לש	 0	 0	 0	 0	 0	 0	 1	 0	 0	 0	 טרנסצנדנטלי
עצ	 0	 0	 0	 0	 0	 0	 0	 0	 0	 0	 לְתַעֲתֵק
סע	 0	 0	 0	 0	 0	 0	 0	 0	 0	 0	 מתמלל
סורג	 0	 0	 0	 0	 0	 0	 0	 0	 0	 1	 תמליל
רעוד	 0	 0	 0	 0	 0	 0	 0	 0	 0	 0	 תַעֲתוּק
רעד	 0	 0	 0	 0	 0	 0	 0	 0	 0	 0	 לְהַעֲבִיר
עצומ	 0	 0	 0	 0	 0	 0	 0	 0	 0	 0	 הַעֲבָרָה
צורה אדירה	 0	 0	 0	 0	 0	 0	 0	 0	 0	 0	 הועבר
רעד	 0	 0	 0	 0	 0	 0	 0	 0	 0	 0	 מרותק
חפירה	 0	 0	 0	 0	 0	 0	 0	 0	 0	 0	 שינוי צורה
גמה	 0	 0	 0	 0	 0	 0	 0	 0	 0	 0	 טרנספורמציה
גמות	 0	 0	 0	 0	 0	 0	 0	 0	 0	 0	 עירוי
טרנדי	 0	 0	 0	 0	 0	 1	 0	 0	 0	 0	 פֶּשַׁע
חרדה	 0	 0	 0	 0	 0	 0	 0	 0	 0	 0	 חולף
סגת גבול	 0	 0	 0	 0	 0	 0	 0	 0	 0	 0	 מַעֲבָר
ישיה	 0	 0	 0	 0	 0	 0	 0	 0	 0	 0	 מַעֲבָר
לש	 0	 1	 0	 0	 0	 0	 0	 0	 0	 0	 מָעֳבָר
לש	 0	 0	 0	 0	 0	 0	 0	 0	 0	 0	 טרנזיטיבי
בט	 0	 0	 0	 0	 0	 0	 0	 0	 0	 0	 חוֹלֵף
פורענות	 0	 0	 0	 0	 0	 0	 0	 0	 0	 0	 תרגם
ית דינ	 0	 0	 0	 0	 0	 0	 0	 0	 0	 1	 תִרגוּם
טריבונ	 0	 0	 0	 0	 0	 0	 0	 0	 0	 0	 מעבר - מקום
יובל	 0	 0	 0	 0	 0	 0	 0	 0	 0	 0	 שָׁקוּף לְמֶחֱצָה
קרה	 0	 0	 0	 0	 0	 0	 0	 0	 0	 0	 הפצה
טריק	 0	 0	 0	 0	 0	 0	 0	 0	 0	 0	 לְהַעֲבִיר
רמאות	 0	 0	 0	 0	 0	 0	 0	 0	 0	 0	 שִׁנוּי
טפטפ	 0	 0	 0	 0	 0	 0	 0	 0	 0	 0	 עָצֶה
ערמומי	 0	 0	 0	 0	 0	 0	 0	 0	 0	 0	 שְׁקִיפוּת
תלת אופנ	 0	 0	 0	 0	 0	 0	 0	 0	 0	 0	 שָׁקוּף
קלשונ	 0	 0	 0	 0	 0	 0	 0	 0	 0	 0	 לְהַשְׁתִיל
קצת	 0	 0	 0	 0	 0	 0	 0	 0	 0	 0	 הַשׁתָלָה
טריגונומטריה	 0	 0	 0	 0	 0	 0	 0	 0	 0	 0	 תַחְבּוּרָה
דק	 0	 0	 0	 0	 0	 0	 0	 0	 0	 0	 הוֹבָלָה
טריגונומטריה	 0	 0	 0	 0	 0	 0	 0	 0	 0	 0	 לְשַׁרבֵּב
טריליונ	 0	 0	 0	 0	 0	 0	 0	 0	 0	 0	 טרַנספּוֹזִיצִיָה
טופח	 0	 0	 0	 0	 0	 0	 0	 0	 0	 0	 רוחבי
גוזמ	 0	 0	 0	 0	 0	 0	 0	 0	 0	 0	 מַלכּוֹדֶת
זמירה	 0	 0	 0	 0	 0	 0	 0	 0	 0	 0	 לְכִידָה
טרינ	 0	 0	 0	 0	 0	 1	 0	 0	 0	 0	 מלכודות
ישיה	 0	 0	 0	 0	 0	 1	 0	 0	 0	 0	 מלכודות
וש	 0	 0	 1	 0	 0	 1	 0	 1	 0	 0	 אַשׁפָּה
טיול	 0	 0	 1	 0	 0	 1	 0	 0	 0	 0	 חֲסַר עֵרֶך
לש	 1	 0	 0	 1	 0	 1	 0	 1	 0	 0	 טְרַאוּמָטִי
לש	 0	 0	 0	 0	 0	 1	 0	 0	 0	 0	 לַעֲמוֹל
ישיה	 0	 0	 0	 0	 0	 0	 0	 0	 0	 0	 לִנְסוֹעַ
עותקימ שלושה	 0	 0	 0	 0	 0	 0	 0	 0	 0	 0	 נוֹסֵעַ
חצובה	 0	 0	 0	 0	 0	 0	 1	 0	 0	 0	 נוסעים
עידה	 0	 0	 0	 0	 0	 0	 0	 0	 0	 0	 לַחֲצוֹת
נדוש	 0	 0	 1	 1	 0	 1	 0	 1	 0	 0	 פָּרוֹדִיָה
טריטיומ	 0	 0	 0	 0	 0	 0	 0	 0	 0	 0	 מִכְמוֹרֶת
נצחונ	 0	 0	 0	 0	 0	 0	 0	 0	 0	 0	 סְפִינַת דַיִג
נצח	 0	 0	 0	 0	 0	 0	 0	 0	 0	 0	 מַגָשׁ
גמד	 1	 0	 1	 1	 0	 1	 0	 0	 0	 0	 בּוֹגדָנִי
עגלה	 1	 0	 0	 1	 0	 1	 0	 1	 1	 0	 בּוֹגדָנוּת
טרומבונ	 0	 0	 0	 0	 0	 0	 0	 0	 0	 0	 לִדרוֹך
גדוד	 0	 1	 0	 0	 0	 0	 0	 0	 0	 0	 הליכון
טר	 1	 0	 1	 1	 0	 1	 0	 0	 1	 0	 בגידה
חיילימ	 0	 1	 0	 0	 1	 0	 1	 0	 0	 1	 אוֹצָר
פרס	 0	 0	 0	 0	 0	 0	 0	 0	 0	 1	 גִזבָּר
טרופי	 0	 0	 0	 0	 0	 0	 0	 0	 0	 0	 מִשׂרַד הַאוֹצָר
רוצ	 1	 1	 1	 1	 1	 1	 1	 1	 1	 1	 טיפול
עייתי	 0	 0	 0	 0	 0	 0	 0	 0	 0	 0	 מַסָה
קת	 0	 0	 0	 0	 0	 0	 0	 0	 0	 0	 יַחַס
קה	 0	 0	 0	 0	 0	 0	 0	 0	 0	 0	 אֲמָנָה
נסיימ	 0	 0	 0	 0	 0	 0	 0	 0	 0	 0	 לְשַׁלֵשׁ
פורל	 1	 1	 1	 0	 1	 0	 1	 0	 1	 1	 עֵץ
כפ	 0	 0	 0	 0	 0	 0	 0	 0	 0	 0	 מַסָע
פסקת אש	 0	 0	 0	 0	 0	 0	 0	 0	 0	 0	 סוֹרָג
אית	 0	 0	 0	 0	 0	 0	 0	 0	 0	 0	 לרעוד
נכונ	 0	 0	 0	 1	 0	 1	 0	 0	 0	 0	 רַעַד
אמתה	 0	 0	 0	 0	 0	 0	 0	 0	 0	 0	 עָצוּם
חברמנ	 0	 0	 0	 0	 0	 0	 1	 0	 0	 0	 בצורה אדירה
חצוצרה	 1	 1	 0	 1	 0	 1	 0	 1	 0	 0	 רַעַד
חצוצרנ	 0	 0	 0	 0	 0	 0	 0	 0	 0	 0	 חֲפִירָה
קטוע	 0	 0	 0	 0	 0	 0	 1	 0	 0	 0	 מְגַמָה
קטוע	 0	 0	 0	 0	 0	 0	 0	 0	 0	 0	 מגמות
תגלגל	 0	 0	 0	 0	 0	 0	 1	 0	 0	 0	 טרנדי
חדק	 0	 1	 0	 1	 0	 1	 0	 0	 1	 0	 חֲרָדָה
סבכ	 1	 0	 0	 0	 0	 1	 0	 0	 0	 0	 הַסָגַת גְבוּל
אמונ	 0	 0	 0	 0	 0	 0	 0	 0	 0	 0	 שְׁלִישִׁיָה
נאמנ	 0	 0	 0	 0	 0	 0	 0	 0	 0	 0	 משולש
ימנ	 0	 0	 0	 0	 0	 0	 0	 0	 0	 0	 מְשּוּלָשׁ
אמת	 0	 0	 0	 0	 0	 0	 0	 0	 0	 1	 שֶׁבֶט
דובר אמת	 0	 0	 0	 1	 0	 1	 0	 1	 0	 0	 פּוּרעָנוּת
אמיתות	 0	 1	 1	 1	 0	 1	 0	 0	 0	 1	 בֵּית דִין
נסות	 0	 0	 0	 0	 0	 0	 0	 0	 0	 1	 טרִיבּוּן
אמבטיה	 0	 1	 0	 0	 0	 0	 1	 0	 0	 0	 יוּבַל
צינור	 0	 0	 0	 0	 0	 0	 1	 0	 0	 0	 הוֹקָרָה
צנורי	 0	 0	 0	 0	 0	 1	 0	 0	 1	 0	 טריק
אבובית	 1	 0	 1	 1	 0	 1	 0	 1	 1	 0	 רַמָאוּת
תחוב	 0	 0	 0	 0	 0	 0	 0	 0	 0	 0	 לְטַפטֵף
טאקר	 0	 0	 0	 0	 0	 0	 0	 0	 0	 0	 ערמומי
צוצת	 0	 0	 0	 0	 0	 0	 0	 0	 0	 0	 תְלַת אוֹפַן
גוררת	 0	 0	 0	 0	 0	 0	 0	 0	 0	 0	 קִלשׁוֹן
ראה	 0	 0	 0	 0	 0	 1	 0	 0	 0	 0	 קְצָת
צבעוני	 0	 0	 0	 0	 0	 0	 1	 0	 0	 0	 טְרִיגוֹנוֹמֶטרִיָה
נפילה	 0	 0	 0	 0	 0	 0	 0	 0	 0	 0	 הדק
וס	 0	 0	 0	 0	 0	 0	 0	 0	 0	 0	 טְרִיגוֹנוֹמֶטרִיָה
גידול סרטני	 0	 0	 0	 0	 0	 0	 0	 0	 0	 0	 טרִילִיוֹן
גידול סרטני	 0	 0	 0	 0	 0	 0	 0	 0	 0	 0	 מְטוּפָּח
לה	 0	 0	 0	 0	 0	 0	 0	 0	 0	 0	 גוֹזֵם
רועש	 0	 0	 0	 0	 0	 0	 0	 0	 0	 0	 זְמִירָה
חבית גדולה	 0	 0	 0	 0	 0	 0	 0	 0	 0	 0	 טרין
טונה	 0	 0	 0	 0	 0	 0	 0	 0	 0	 0	 שְׁלִישִׁיָה
תכוננ	 0	 0	 0	 0	 0	 0	 0	 0	 0	 0	 שִׁלוּשׁ
נגינה	 0	 0	 0	 0	 0	 0	 0	 0	 1	 0	 טיול
חולצה	 0	 0	 0	 0	 0	 0	 0	 0	 0	 0	 משולש
נונ	 0	 0	 0	 0	 0	 0	 0	 0	 0	 0	 לְשַׁלֵשׁ
נהרה	 0	 0	 0	 0	 0	 0	 0	 0	 0	 0	 שְׁלִישִׁיָה
טורבנ	 0	 0	 0	 0	 0	 0	 0	 0	 0	 0	 עותקים שלושה
עכירות	 0	 0	 0	 0	 0	 0	 0	 0	 0	 0	 חֲצוּבָה
טורבינה	 1	 0	 0	 0	 0	 1	 0	 1	 0	 0	 מעידה
ערבולת	 0	 0	 0	 0	 0	 0	 0	 0	 0	 0	 נָדוֹשׁ
נסער	 0	 0	 0	 0	 0	 0	 0	 0	 0	 0	 טריטיום
טורפ	 0	 1	 0	 0	 1	 0	 1	 0	 0	 0	 נצחון
רכומ	 0	 1	 0	 0	 1	 0	 1	 0	 0	 1	 מְנַצֵחַ
אנדרלמוסיה	 1	 0	 0	 1	 0	 1	 0	 0	 0	 0	 גַמָד
תור	 0	 0	 0	 0	 0	 0	 0	 0	 0	 0	 עֲגָלָה
חריטה	 0	 0	 0	 0	 0	 0	 0	 0	 0	 0	 טְרוֹמבּוֹן
סוהר	 0	 0	 0	 0	 0	 0	 0	 0	 0	 0	 גְדוּד
יש אגרה	 0	 0	 0	 0	 0	 0	 0	 0	 0	 0	 שׁוֹטֵר
פטיפונ	 0	 0	 0	 0	 0	 0	 0	 0	 0	 0	 חיילים
טורקיז	 0	 1	 0	 0	 1	 0	 1	 0	 1	 1	 פְּרָס
צריח	 0	 0	 0	 0	 0	 0	 0	 0	 0	 0	 טְרוֹפִּי
גולפ	 0	 0	 0	 0	 0	 0	 0	 0	 0	 0	 לָרוּץ
תקוטט	 1	 0	 0	 1	 0	 1	 0	 0	 0	 0	 בעייתי
חונכות	 0	 0	 0	 0	 0	 0	 0	 0	 0	 0	 שׁוֹקֶת
רה	 0	 0	 0	 0	 0	 0	 0	 0	 0	 0	 לַהֲקָה
צבוט	 0	 0	 0	 0	 0	 0	 0	 0	 0	 0	 מכנסיים
נימ עשר	 0	 0	 0	 0	 0	 0	 0	 0	 0	 0	 פוֹרֶל
תיימ עשרה	 0	 0	 0	 0	 0	 0	 0	 0	 0	 0	 כַּף
עשרימ	 0	 0	 0	 0	 1	 0	 1	 0	 0	 1	 הַפסָקַת אֵשׁ
עשרימ	 0	 0	 0	 0	 0	 0	 0	 0	 0	 1	 מַשָׂאִית
זרד	 0	 0	 0	 0	 1	 0	 1	 0	 0	 1	 נָכוֹן
דמדומימ	 0	 0	 0	 0	 0	 0	 0	 0	 0	 0	 אֲמִתָה
אריג	 0	 0	 0	 0	 0	 0	 0	 0	 1	 0	 חֶברְמַן
תאומ	 0	 0	 0	 0	 0	 1	 0	 0	 0	 0	 חֲצוֹצְרָה
פתול	 0	 0	 0	 0	 0	 0	 0	 0	 0	 0	 חֲצוֹצְרָן
נצנוצ	 0	 0	 0	 0	 0	 0	 0	 0	 0	 0	 לקטוע
תאומימ	 0	 0	 0	 0	 0	 0	 0	 0	 0	 0	 קטוע
תפתל	 0	 0	 0	 0	 0	 0	 0	 0	 0	 0	 לְהִתְגַלְגֵל
פותל	 0	 0	 0	 0	 0	 0	 0	 0	 0	 0	 חדק
פרפור	 0	 0	 0	 0	 0	 0	 0	 0	 0	 1	 מִסבָּך
פול	 0	 0	 0	 0	 0	 0	 0	 0	 0	 1	 אמון
איל ההונ	 0	 0	 0	 0	 0	 0	 0	 0	 0	 1	 נֶאֱמָן
סוג	 0	 0	 0	 0	 0	 0	 1	 0	 0	 0	 מְהֵימָן
נת כתיבה	 0	 0	 0	 0	 0	 0	 1	 0	 0	 1	 אֶמֶת
טיפונ	 0	 0	 0	 0	 0	 0	 0	 0	 0	 1	 דוֹבֵר אֶמֶת
דרכ כלל	 0	 0	 0	 0	 0	 0	 1	 0	 0	 1	 אמיתות
תבנית	 0	 0	 0	 0	 0	 0	 0	 0	 0	 0	 לנסות
טיפוגרפיה	 0	 0	 0	 0	 0	 0	 0	 0	 0	 0	 אמבטיה
רודני	 0	 0	 0	 0	 0	 0	 0	 0	 0	 0	 צינור
עריצות	 0	 0	 0	 0	 0	 0	 0	 0	 0	 0	 צִנוֹרִי
רודנ	 0	 0	 0	 0	 0	 0	 0	 0	 0	 0	 אַבּוּבִית
צמיג	 0	 0	 0	 0	 0	 0	 0	 0	 0	 0	 לִתְחוֹב
נמצא בכל מקומ	 0	 0	 0	 0	 0	 0	 0	 0	 0	 0	 טאקר
צאות בכל מקומ	 0	 0	 0	 0	 0	 0	 0	 0	 0	 0	 מצוצת
ערות	 0	 0	 0	 0	 0	 0	 0	 0	 0	 0	 גוֹרֶרֶת
ער	 0	 0	 0	 0	 0	 0	 0	 0	 0	 0	 הוֹרָאָה
יב	 0	 0	 0	 0	 0	 0	 0	 0	 0	 0	 צִבעוֹנִי
וס	 0	 0	 0	 0	 0	 1	 0	 0	 0	 0	 נפילה
סופי	 0	 0	 0	 0	 0	 0	 0	 0	 0	 0	 כּוֹס
סופו של דבר	 0	 0	 0	 1	 0	 1	 0	 0	 0	 0	 גידול סרטני
אולטימטומ	 0	 0	 0	 1	 0	 1	 0	 1	 0	 0	 גידול סרטני
אולטרה סגול	 1	 0	 0	 1	 0	 1	 0	 0	 1	 0	 הֲמוּלָה
טבורי	 1	 0	 0	 1	 0	 1	 0	 0	 0	 0	 רוֹעֵשׁ
אומברה	 0	 0	 0	 0	 0	 0	 0	 0	 0	 0	 חָבִית גְדוֹלָה
טריה	 0	 0	 0	 0	 0	 0	 0	 0	 0	 0	 טונה
פט	 0	 0	 0	 0	 0	 0	 0	 0	 0	 0	 מִתְכַּוְנֵן
חסר בושה	 0	 0	 0	 0	 0	 0	 0	 0	 0	 0	 מנגינה
א הפוגה	 0	 0	 0	 0	 0	 0	 0	 0	 0	 0	 חוּלצָה
א מסוגל	 0	 0	 0	 0	 0	 0	 0	 0	 0	 0	 כִּונוּן
א מקובל	 0	 0	 0	 0	 0	 0	 0	 0	 0	 0	 מִנהָרָה
י ליווי	 0	 0	 0	 0	 0	 0	 0	 0	 0	 0	 טוּרבָּן
תי אחראי	 0	 0	 0	 0	 0	 0	 0	 0	 0	 0	 עֲכִירוּת
א הכרה	 0	 0	 0	 0	 0	 0	 0	 0	 0	 0	 טוּרבִּינָה
טהור	 1	 0	 0	 1	 0	 1	 0	 0	 0	 0	 מְעַרבּוֹלֶת
א עזרה	 0	 0	 0	 1	 0	 1	 0	 0	 0	 0	 נִסעָר
א שינוי	 0	 0	 0	 0	 0	 0	 0	 0	 0	 0	 טוֹרף
חד משמעי	 0	 0	 0	 0	 0	 0	 0	 0	 0	 0	 כּוּרכּוּם
תמימות דעימ	 1	 0	 0	 1	 0	 1	 0	 1	 0	 0	 אַנְדְרָלָמוּסִיָה
פה אחד	 0	 0	 0	 0	 0	 0	 0	 0	 0	 0	 תור
פה אחד	 0	 0	 0	 0	 0	 0	 0	 0	 0	 0	 חֲרִיטָה
תי צפוי	 0	 0	 0	 0	 0	 0	 0	 0	 0	 0	 סוֹהֵר
א מאושר	 0	 0	 0	 0	 0	 0	 0	 0	 0	 0	 כְּבִישׁ אַגרָה
א חמוש	 0	 0	 0	 0	 0	 0	 0	 0	 0	 0	 פָּטֵיפוֹן
א סיוע	 0	 0	 0	 0	 0	 0	 0	 0	 0	 0	 טורקיז
צנוע	 0	 0	 0	 0	 0	 0	 0	 0	 0	 0	 צָרִיחַ
פנוי	 0	 0	 0	 0	 0	 0	 0	 0	 0	 0	 גוֹלף
תי ניתנ להשגה	 1	 0	 0	 0	 0	 0	 0	 0	 0	 0	 לְהִתְקוֹטֵט
א השגחה	 0	 0	 0	 0	 0	 0	 1	 0	 0	 1	 חונכות
א מושכ	 0	 0	 0	 0	 0	 0	 1	 0	 0	 0	 מורה
א מורשה	 0	 0	 0	 0	 0	 0	 0	 0	 0	 0	 לִצבּוֹט
תי נמנע	 0	 0	 0	 0	 0	 0	 0	 0	 0	 0	 שְׁנֵים עָשָׂר
א מודע	 0	 0	 0	 0	 0	 0	 0	 0	 0	 0	 שתיים עשרה
תי מאוזנ	 0	 0	 0	 0	 0	 0	 0	 0	 0	 0	 עֶשְׂרִים
תי נסבל	 0	 0	 0	 0	 0	 0	 0	 0	 0	 0	 עשרים
תי מנוצח	 0	 0	 0	 0	 0	 0	 0	 0	 0	 0	 זֶרֶד
פירה	 0	 0	 0	 0	 0	 0	 0	 0	 0	 0	 דמדומים
תי יאומנ	 0	 0	 0	 0	 0	 0	 0	 0	 0	 0	 אָרִיג
תי משוחד	 0	 0	 0	 0	 0	 0	 1	 0	 0	 0	 תְאוֹם
טרמ נולד	 0	 0	 0	 0	 0	 0	 0	 0	 0	 0	 לִפתוֹל
א קשור	 0	 1	 0	 0	 1	 0	 1	 0	 0	 0	 נִצנוּץ
תי מוגבל	 0	 0	 0	 0	 0	 0	 0	 0	 0	 0	 תְאוּמִים
אינו ניתנ לשבירה	 0	 0	 0	 0	 0	 0	 0	 0	 0	 0	 לְהִתְפַּתֵל
א מרוסנ	 0	 0	 0	 0	 0	 0	 0	 0	 0	 0	 מְפוּתָל
רצופ	 0	 0	 0	 0	 0	 1	 0	 0	 0	 0	 פִּרפּוּר
זר	 0	 0	 0	 0	 0	 0	 0	 0	 0	 0	 כָּפוּל
חסר אכפתיות	 0	 0	 0	 0	 0	 0	 0	 0	 0	 0	 אֵיל הַהוֹן
א בטוח	 0	 0	 0	 0	 0	 0	 0	 0	 0	 0	 סוּג
חוסר ודאות	 0	 0	 0	 0	 0	 0	 0	 0	 0	 0	 מְכוֹנַת כְּתִיבָה
א עוררינ	 0	 0	 0	 1	 0	 1	 0	 0	 0	 0	 טַיִפוּן
תי ניתנ לשינוי	 0	 0	 0	 0	 0	 0	 0	 0	 0	 0	 בדרך כלל
א שינוי	 0	 0	 0	 0	 0	 0	 0	 0	 0	 0	 כַּתבָנִית
א דרישה	 0	 0	 0	 0	 0	 0	 0	 0	 0	 0	 טיפוגרפיה
דוד	 1	 0	 1	 1	 0	 1	 0	 0	 0	 0	 רוֹדָנִי
טמא	 0	 0	 0	 1	 0	 1	 0	 1	 0	 0	 עָרִיצוּת
א נוח	 1	 0	 1	 1	 0	 1	 0	 1	 0	 0	 רוֹדָן
נדיר	 0	 0	 0	 0	 0	 0	 0	 0	 0	 0	 צמיג
אופנ לא שכיח	 0	 0	 0	 0	 0	 0	 0	 0	 0	 0	 נמצא בכל מקום
א פשרות	 0	 0	 0	 0	 0	 0	 0	 0	 0	 0	 הִמָצְאוּת בְּכָל מָקוֹם
אדיש	 0	 0	 1	 1	 0	 1	 0	 1	 0	 0	 מְכוֹעָרוּת
א מאושר	 0	 0	 1	 0	 0	 1	 0	 0	 0	 0	 מְכוֹעָר
א מחובר	 1	 0	 1	 1	 0	 1	 0	 1	 0	 0	 כִּיב
א מוסרי	 0	 0	 0	 0	 0	 1	 0	 0	 0	 0	 כָּמוּס
חסר הכרה	 0	 1	 0	 0	 0	 0	 0	 1	 0	 0	 סופי
אבדנ חושימ	 0	 1	 0	 0	 0	 0	 1	 0	 0	 0	 בסופו של דבר
תי חוקתי	 1	 0	 0	 1	 0	 1	 0	 0	 0	 0	 אוּלְטִימָטוּם
תי מוגבל	 0	 0	 0	 0	 0	 0	 0	 0	 0	 0	 ultimo
א עוררינ	 0	 0	 0	 0	 0	 0	 0	 0	 0	 0	 אוּלְטרָה סָגוֹל
תי נשלט	 0	 0	 0	 0	 0	 0	 0	 0	 0	 0	 טָבּוּרִי
תי נשלט	 0	 0	 0	 0	 0	 0	 0	 0	 0	 0	 אומברה
א שגרתי	 0	 0	 0	 0	 0	 0	 0	 0	 0	 0	 מִטְרִיָה
א משוכנע	 0	 0	 0	 0	 0	 0	 1	 0	 0	 1	 שׁוֹפֵט
א מבושל	 0	 0	 0	 0	 0	 0	 0	 0	 0	 0	 חֲסַר בּוּשָׁה
א קורלציה	 0	 0	 0	 0	 0	 0	 0	 0	 0	 0	 לְלֹא הֲפוּגָה
גלות	 0	 0	 0	 0	 0	 1	 0	 1	 0	 0	 לא מסוגל
א ביקורתית	 0	 0	 0	 0	 0	 1	 0	 1	 0	 0	 לא מקובל
א מלוטש	 0	 0	 0	 0	 0	 0	 0	 0	 0	 0	 בְּלִי לִיווּי
א החלטי	 0	 1	 1	 0	 0	 1	 0	 1	 0	 1	 בלתי אחראי
א מוגדר	 0	 0	 0	 0	 0	 0	 0	 1	 0	 0	 ללא הכרה
א מוטל בספק	 0	 0	 0	 0	 0	 0	 0	 0	 0	 0	 טָהוֹר
חשאי	 0	 0	 0	 0	 0	 0	 0	 0	 0	 0	 ללא עזרה
זרמ תחתי	 0	 0	 0	 0	 0	 0	 0	 0	 0	 0	 ללא שינוי
עיט בערכו	 0	 0	 0	 0	 0	 0	 0	 0	 0	 0	 חד משמעי
עבור	 0	 0	 0	 0	 0	 0	 1	 0	 0	 0	 תְמִימוּת דֵעִים
סטודנט לתואר ראשונ	 0	 0	 0	 0	 0	 0	 1	 0	 0	 0	 פֶּה אֶחָד
תת קרקעי	 0	 0	 0	 0	 0	 0	 0	 0	 0	 0	 פֶּה אֶחָד
יסוד	 0	 0	 0	 0	 0	 0	 0	 0	 1	 0	 בלתי צפוי
ימ דגש	 0	 0	 0	 0	 0	 1	 0	 0	 0	 0	 לא מאושר
תערער	 0	 0	 0	 0	 0	 0	 0	 0	 0	 0	 לא חמוש
תחת	 0	 0	 0	 0	 0	 0	 0	 0	 0	 0	 ללא סיוע
תכר נמוכ	 0	 0	 0	 0	 0	 0	 1	 0	 0	 0	 צָנוּעַ
תחתונימ	 0	 0	 0	 0	 0	 1	 0	 0	 0	 0	 פָּנוּי
דגיש	 1	 0	 0	 0	 0	 1	 0	 1	 0	 0	 בלתי ניתן להשגה
גוצ	 0	 0	 0	 0	 0	 0	 0	 0	 0	 0	 ללא השגחה
נה	 0	 0	 1	 0	 0	 1	 0	 1	 0	 0	 לא מושך
ינ	 0	 0	 0	 0	 0	 1	 0	 0	 0	 0	 לא מורשה
תחיב	 0	 0	 0	 0	 0	 1	 0	 0	 0	 0	 בלתי נמנע
קבלנ קבורה	 0	 0	 0	 0	 0	 1	 0	 0	 0	 0	 לא מודע
ימה	 0	 0	 0	 0	 0	 0	 0	 0	 0	 0	 בִּלתִי מְאוּזָן
תחת עצ	 0	 0	 1	 0	 0	 1	 0	 1	 0	 0	 בִּלתִי נִסבָּל
חתומ	 0	 1	 0	 0	 1	 1	 1	 1	 1	 0	 בִּלתִי מְנוּצָח
חתמ	 0	 0	 0	 0	 0	 1	 0	 0	 0	 0	 כְּפִירָה
א ראוי	 0	 0	 0	 0	 0	 1	 0	 0	 0	 0	 בלתי יאומן
תי רצוי	 0	 0	 0	 0	 0	 0	 1	 0	 0	 0	 בלתי משוחד
א רצוי	 0	 0	 0	 0	 0	 1	 0	 0	 0	 0	 שטרם נולד
א מפותח	 0	 0	 0	 0	 0	 0	 0	 0	 0	 0	 לא קשור
א מכוונ	 0	 0	 0	 0	 0	 0	 0	 0	 0	 0	 בִּלתִי מוּגבָּל
א נחשפ	 0	 0	 0	 0	 0	 0	 1	 0	 0	 0	 אינו ניתן לשבירה
א נתגלה	 1	 1	 0	 1	 0	 1	 1	 0	 1	 0	 לֹא מְרוּסָן
תי מעורער	 0	 0	 0	 0	 0	 0	 1	 0	 0	 1	 רָצוּף
א הפרעה	 0	 0	 0	 1	 0	 1	 0	 0	 1	 0	 מוזר
אוחד	 1	 0	 1	 0	 0	 1	 0	 1	 0	 0	 חסר אכפתיות
טל	 1	 0	 1	 1	 0	 1	 0	 0	 1	 0	 לֹא בָּטוּחַ
טל	 0	 0	 0	 0	 0	 0	 0	 0	 0	 0	 חוסר ודאות
א ספק	 0	 0	 0	 0	 0	 0	 0	 0	 0	 0	 ללא עוררין
תפשט	 0	 0	 0	 0	 0	 1	 0	 0	 0	 0	 בלתי ניתן לשינוי
תפשט	 0	 0	 0	 0	 0	 0	 0	 0	 0	 0	 ללא שינוי
פרז	 0	 0	 0	 0	 0	 0	 0	 0	 0	 0	 ללא דרישה
נצחי	 0	 0	 0	 0	 0	 0	 0	 0	 0	 0	 דוֹד
א הרווח	 0	 0	 1	 0	 0	 1	 0	 0	 0	 0	 טָמֵא
חשופ	 0	 0	 0	 0	 0	 1	 0	 0	 0	 0	 לא נוח
אי שקט	 0	 0	 0	 0	 0	 0	 0	 0	 0	 0	 נָדִיר
א נוח	 0	 0	 0	 0	 0	 0	 0	 0	 0	 0	 באופן לא שכיח
חסר השכלה	 0	 0	 0	 0	 0	 0	 0	 0	 0	 0	 ללא פשרות
טלימ	 0	 0	 0	 0	 0	 0	 0	 0	 0	 0	 אָדִישׁ
א משועבד	 0	 0	 0	 0	 0	 0	 0	 0	 0	 0	 לא מאושר
תמשכ	 0	 0	 0	 0	 0	 0	 0	 0	 0	 0	 לא מחובר
א שוויוני	 0	 0	 1	 0	 0	 1	 0	 0	 0	 0	 לֹא מוּסָרִי
אינ כמותו	 0	 0	 0	 0	 0	 1	 0	 0	 0	 0	 חסר הכרה
חד משמעי	 0	 0	 0	 0	 0	 0	 0	 0	 0	 0	 אָבְדַן חוּשִׁים
חד משמעית	 0	 0	 0	 0	 0	 1	 0	 0	 0	 0	 בלתי חוקתי
חוספס	 0	 0	 0	 0	 1	 0	 1	 0	 0	 0	 בלתי מוגבל
עממ	 0	 0	 0	 0	 0	 0	 0	 0	 0	 0	 ללא עוררין
תי צפוי	 1	 1	 0	 0	 0	 1	 0	 0	 1	 0	 בלתי נשלט
אופנ בלתי צפוי	 0	 0	 0	 0	 0	 1	 0	 0	 0	 0	 בלתי נשלט
תי מוסבר	 0	 0	 0	 0	 0	 0	 0	 0	 0	 0	 לא שגרתי
א חקרו אותו	 0	 0	 0	 0	 0	 0	 0	 0	 0	 0	 לא משוכנע
תמידי	 0	 0	 0	 0	 0	 0	 0	 0	 0	 0	 לא מבושל
א הוגנ	 0	 0	 0	 0	 0	 0	 0	 0	 0	 0	 ללא קורלציה
חוסר הוגנות	 0	 0	 0	 0	 0	 0	 0	 0	 1	 0	 לגלות
גד	 0	 0	 0	 0	 0	 0	 0	 0	 0	 0	 לא ביקורתית
זר	 0	 0	 0	 0	 0	 0	 0	 0	 0	 0	 לֹא מְלוּטָשׁ
ילי	 0	 1	 0	 1	 0	 1	 0	 0	 0	 0	 לֹא הֶחלֵטִי
תי מוגבל	 0	 0	 0	 0	 0	 0	 0	 0	 0	 0	 לא מוגדר
א גמור	 0	 0	 0	 0	 0	 0	 0	 0	 0	 0	 לֹא מוּטָל בְּסֶפֶק
תי נרתעת	 0	 0	 0	 0	 0	 0	 0	 0	 0	 0	 חֲשָׁאִי
תפתח	 0	 0	 0	 0	 0	 0	 0	 0	 0	 0	 זֶרֶם תַחתִי
תי צפוי	 0	 0	 0	 0	 0	 0	 0	 0	 1	 0	 לְהַמעִיט בְּעֵרכּוֹ
א סלחנ	 0	 0	 0	 0	 0	 0	 0	 0	 0	 0	 לַעֲבוֹר
חסר מזל	 0	 0	 0	 0	 0	 0	 0	 0	 0	 0	 סטודנט לתואר ראשון
א ידידותי	 0	 0	 0	 0	 0	 0	 0	 0	 0	 0	 תת קרקעי
א ממומש	 0	 0	 0	 0	 0	 0	 0	 0	 0	 0	 ביסוד
א מרוהט	 0	 0	 0	 0	 0	 0	 1	 0	 0	 0	 לָשִׂים דָגֵשׁ
חסר אלוהימ	 0	 0	 0	 0	 0	 1	 0	 0	 0	 0	 התערער
פוי טובה	 0	 0	 0	 0	 0	 0	 0	 0	 0	 0	 מתחת
א זהיר	 1	 0	 0	 0	 0	 1	 0	 1	 0	 0	 משתכר נמוך
אומללות	 0	 0	 0	 0	 0	 0	 0	 0	 0	 0	 תַחתוֹנִים
אומלל	 0	 0	 0	 0	 0	 0	 0	 0	 0	 0	 מדגיש
א פגע	 0	 0	 0	 0	 0	 1	 0	 0	 0	 0	 גוּץ
חולני	 0	 0	 0	 0	 0	 0	 1	 0	 0	 1	 הֲבָנָה
א הפרעה	 0	 0	 0	 0	 0	 0	 0	 0	 0	 0	 הבין
נורא	 0	 0	 0	 0	 0	 0	 0	 0	 0	 0	 לְהִתְחַיֵב
חדקרנ	 0	 0	 0	 0	 0	 0	 0	 1	 0	 0	 קַבְּלָן קְבוּרָה
אחדה	 0	 1	 0	 0	 0	 0	 0	 0	 0	 0	 מְשִׁימָה
דימ	 0	 0	 0	 0	 0	 0	 0	 0	 0	 0	 תחת עץ
אחידות	 0	 0	 0	 0	 0	 0	 1	 0	 0	 1	 לחתום
אופנ אחיד	 0	 0	 0	 0	 0	 0	 0	 0	 0	 0	 חַתָם
תי נתפס	 0	 0	 0	 0	 0	 0	 0	 0	 0	 0	 לא ראוי
א חשוב	 1	 0	 1	 1	 0	 1	 0	 1	 0	 0	 בִּלתִי רָצוּי
א מתרשמ	 0	 0	 0	 0	 0	 1	 0	 1	 0	 0	 לא רצוי
א משופר	 0	 0	 0	 0	 0	 0	 0	 0	 0	 0	 לֹא מְפוּתָח
א נגוע	 0	 0	 0	 0	 0	 0	 0	 0	 0	 0	 לא מכוון
א מיודע	 0	 1	 0	 0	 0	 0	 0	 0	 0	 0	 לא נחשף
א מיושב	 0	 0	 0	 0	 0	 0	 0	 0	 1	 0	 לא נתגלה
א יזומ	 0	 0	 0	 0	 0	 0	 0	 0	 0	 0	 בלתי מעורער
א השראה	 0	 0	 0	 0	 0	 0	 0	 0	 0	 0	 ללא הפרעה
תי מובנ	 0	 0	 0	 0	 0	 0	 1	 0	 0	 0	 מְאוּחָד
א מכוונ	 0	 0	 0	 0	 0	 1	 0	 0	 0	 0	 לבטל
א בכוונה	 0	 0	 0	 0	 0	 0	 0	 0	 0	 0	 מבטל
א במתכוונ	 0	 1	 1	 0	 0	 0	 0	 0	 0	 0	 ללא ספק
א מעוניינ	 0	 0	 0	 0	 0	 0	 0	 0	 0	 0	 לְהִתְפַּשֵׁט
א מעניינ	 0	 0	 0	 0	 0	 0	 0	 0	 0	 0	 התפשט
רצופ	 0	 0	 0	 0	 0	 0	 0	 0	 0	 0	 מוּפרָז
א מוזמנ	 0	 1	 0	 0	 1	 0	 1	 1	 0	 1	 נִצחִי
תאחדות	 0	 0	 0	 0	 0	 0	 0	 0	 0	 0	 לא הרווח
ייחודי	 0	 0	 0	 0	 0	 0	 0	 0	 0	 0	 לַחשׂוֹף
יד אחת	 0	 1	 0	 0	 0	 1	 0	 1	 0	 0	 אי שקט
יחידה	 0	 0	 1	 1	 0	 1	 0	 0	 0	 0	 לֹא נוֹחַ
יחידתי	 0	 0	 0	 0	 0	 1	 0	 1	 0	 0	 חֲסַר הַשְׂכָּלָה
תאחד	 0	 0	 0	 1	 0	 1	 0	 1	 0	 0	 מובטלים
אוחד	 0	 0	 0	 0	 0	 0	 0	 0	 0	 0	 לא משועבד
אחדות	 0	 0	 0	 0	 0	 0	 0	 0	 0	 0	 מִתמַשֵׁך
אוניברסלי	 1	 0	 1	 1	 0	 1	 0	 1	 0	 0	 לא שוויוני
אוניברסליות	 0	 0	 0	 0	 0	 0	 0	 0	 0	 0	 שאין כמותו
עולמ	 0	 0	 0	 0	 0	 0	 0	 0	 0	 1	 חד משמעי
אוניברסיטה	 0	 0	 0	 0	 0	 0	 1	 0	 0	 0	 חד משמעית
א צודק	 0	 0	 0	 0	 0	 1	 0	 0	 0	 0	 מְחוּספָּס
תי מוצדק	 0	 0	 0	 0	 0	 0	 0	 0	 0	 0	 מְשַׁעֲמֵם
תי מוצדק	 0	 1	 0	 1	 1	 1	 1	 0	 1	 0	 בלתי צפוי
א נדיב	 0	 0	 0	 0	 0	 0	 0	 0	 1	 0	 באופן בלתי צפוי
א ידוע	 0	 1	 0	 0	 0	 1	 0	 1	 0	 0	 בלתי מוסבר
א ידוע	 0	 0	 0	 0	 0	 0	 0	 0	 0	 0	 שלא חקרו אותו
א חוקי	 0	 0	 0	 0	 0	 0	 0	 0	 0	 0	 תְמִידִי
חרר	 1	 0	 1	 0	 0	 1	 0	 1	 0	 0	 לֹא הוֹגֶן
א רשיונ	 1	 0	 0	 0	 0	 1	 0	 1	 0	 0	 חוסר הוגנות
ניגוד	 0	 0	 1	 0	 0	 1	 0	 0	 0	 0	 בּוֹגֵד
א הגבלה	 0	 0	 0	 0	 0	 0	 0	 0	 0	 0	 זָר
פרוק	 0	 0	 1	 0	 0	 1	 0	 1	 0	 0	 שְׁלִילִי
פרוק	 0	 0	 0	 0	 0	 0	 0	 0	 0	 0	 בלתי מוגבל
טל נעילה	 0	 0	 0	 0	 0	 1	 0	 0	 0	 0	 לא גמור
חסר מזל	 0	 0	 0	 0	 0	 0	 0	 0	 0	 0	 בלתי נרתעת
תי ניתנ לניהול	 0	 1	 0	 0	 0	 0	 1	 0	 0	 0	 לְהִתְפַּתֵחַ
א מסומנ	 0	 0	 0	 0	 0	 0	 0	 0	 1	 0	 בלתי צפוי
פנויה	 1	 0	 0	 0	 0	 1	 0	 1	 0	 0	 לא סלחן
חשופ את האמת	 0	 0	 0	 0	 0	 1	 0	 1	 0	 0	 חסר מזל
אינ כמוהו	 1	 0	 1	 1	 0	 1	 0	 1	 0	 0	 לֹא יְדִידוּתִי
אינ לטעות בו	 1	 1	 0	 0	 0	 1	 0	 1	 1	 0	 לא ממומש
א מענה	 0	 0	 0	 0	 0	 1	 0	 0	 0	 0	 לא מרוהט
א מתרגש	 0	 0	 0	 0	 0	 1	 0	 1	 0	 0	 חסר אלוהים
א שמ	 1	 0	 1	 0	 0	 1	 0	 0	 0	 0	 כְּפוּי טוֹבָה
א טבעי	 0	 0	 0	 0	 0	 0	 0	 0	 1	 0	 לֹא זָהִיר
יותר	 0	 0	 0	 0	 0	 1	 0	 1	 0	 0	 אוּמלָלוּת
יותר	 1	 0	 1	 0	 0	 1	 0	 1	 0	 0	 אוּמלָל
י לשימ לב	 0	 0	 0	 0	 0	 0	 0	 0	 0	 0	 ללא פגע
א מספר	 0	 0	 1	 1	 0	 1	 0	 1	 0	 0	 חוֹלָנִי
א נצפה	 0	 0	 0	 0	 0	 0	 0	 0	 0	 0	 ללא הפרעה
א הפרעה	 0	 0	 0	 1	 0	 1	 0	 0	 0	 0	 נוֹרָא
א מתבלט	 0	 0	 0	 0	 0	 0	 0	 0	 0	 0	 חַדקֶרֶן
פנוי	 0	 1	 0	 0	 1	 0	 1	 0	 0	 1	 הַאֲחָדָה
תי רשמי	 0	 0	 0	 0	 0	 0	 0	 0	 0	 0	 מדים
א נפתח	 0	 0	 0	 0	 0	 0	 0	 0	 0	 0	 אֲחִידוּת
א התנגדות	 0	 0	 0	 0	 0	 0	 1	 0	 0	 0	 באופן אחיד
א מסודר	 0	 0	 0	 0	 0	 1	 1	 0	 1	 0	 בלתי נתפס
א מאורגנ	 0	 0	 0	 0	 0	 1	 0	 1	 0	 0	 לֹא חָשׁוּב
א שגרתי	 0	 0	 0	 0	 0	 1	 0	 0	 0	 0	 לא מתרשם
פרוק	 0	 0	 0	 0	 0	 1	 0	 0	 0	 0	 לא משופר
א תשלומ	 0	 0	 0	 0	 0	 0	 1	 0	 0	 0	 לא נגוע
א נעימ	 0	 0	 0	 0	 0	 1	 0	 0	 0	 0	 לא מיודע
א פופולרי	 0	 0	 0	 0	 0	 0	 0	 0	 0	 0	 לא מיושב
חסר תקדימ	 0	 0	 0	 0	 0	 1	 0	 0	 0	 0	 לא יזום
תי צפוי	 0	 0	 0	 0	 0	 1	 0	 1	 0	 0	 לְלֹא הַשׁרָאָה
א מוכנ	 0	 0	 0	 0	 0	 1	 0	 0	 0	 0	 בלתי מובן
חסר יומרות	 0	 0	 0	 0	 0	 0	 0	 0	 1	 0	 לא מכוון
א פרודוקטיבי	 0	 0	 0	 0	 0	 0	 0	 0	 1	 0	 לא בכוונה
א רווחי	 0	 0	 0	 0	 0	 1	 0	 0	 1	 0	 שלא במתכוון
א מוגנ	 0	 0	 0	 0	 0	 1	 0	 1	 0	 0	 לא מעוניין
א מוכח	 0	 0	 0	 0	 0	 1	 0	 1	 0	 0	 לא מעניין
א פורסמ	 0	 0	 0	 0	 0	 0	 0	 0	 0	 0	 רָצוּף
תי מעורער	 0	 0	 0	 0	 0	 0	 0	 1	 0	 0	 לא מוזמן
א עוררינ	 0	 0	 0	 0	 0	 0	 0	 0	 0	 0	 הִתאַחֲדוּת
א עוררינ	 0	 0	 0	 0	 0	 0	 1	 0	 1	 0	 ייחודי
א נקרא	 0	 0	 0	 0	 0	 0	 1	 0	 0	 0	 יָד אַחַת
א אמיתי	 0	 0	 0	 0	 0	 0	 0	 0	 0	 0	 יחידה
א מציאותי	 0	 0	 0	 0	 0	 0	 1	 0	 0	 0	 יִחִידָתִי
א מוקלט	 0	 0	 0	 0	 0	 0	 0	 0	 0	 0	 להתאחד
א רשומ	 0	 0	 0	 0	 0	 0	 1	 0	 0	 1	 מאוחד
א מוסדר	 0	 0	 0	 0	 0	 0	 1	 0	 0	 1	 אַחְדוּת
אינו קשור	 0	 0	 0	 0	 0	 0	 0	 0	 0	 0	 אוניברסלי
א מרפה	 0	 0	 0	 0	 0	 0	 0	 0	 0	 0	 אוניברסליות
א מהימנ	 0	 0	 0	 0	 0	 0	 0	 0	 0	 0	 עוֹלָם
חסר תשובה	 0	 1	 0	 0	 0	 0	 1	 0	 0	 0	 אוּנִיבֶרְסִיטָה
א מוצדק	 1	 0	 0	 0	 0	 1	 0	 0	 0	 0	 לֹא צוֹדֵק
א פתורה	 1	 0	 1	 1	 0	 1	 0	 0	 0	 0	 בלתי מוצדק
אי שקט	 0	 0	 0	 0	 0	 1	 0	 0	 0	 0	 בלתי מוצדק
א מרוסנ	 1	 0	 1	 1	 0	 1	 0	 1	 0	 0	 לא נדיב
א הגבלה	 0	 0	 0	 0	 0	 0	 0	 0	 0	 0	 לא ידוע
פרוע	 0	 1	 0	 1	 0	 1	 0	 0	 0	 0	 לא ידוע
סוכנ	 1	 0	 1	 1	 0	 1	 0	 1	 0	 0	 לֹא חוּקִי
א מספק	 0	 0	 0	 0	 0	 0	 0	 0	 0	 0	 לשחרר
א מרוצה	 0	 0	 0	 0	 0	 1	 0	 0	 0	 0	 ללא רשיון
דוחה	 0	 0	 0	 0	 0	 0	 0	 0	 0	 0	 בניגוד
א פגע	 0	 0	 0	 0	 0	 0	 1	 0	 0	 0	 ללא הגבלה
א מדעי	 0	 0	 0	 0	 0	 0	 0	 0	 0	 0	 לִפְרוֹק
חסר מצפונ	 0	 0	 0	 0	 0	 0	 0	 0	 0	 0	 פָּרוּק
תיר את המושב	 0	 0	 0	 0	 0	 0	 0	 0	 0	 0	 לבטל נעילה
תי נראות	 1	 0	 1	 1	 0	 1	 0	 1	 0	 0	 חסר מזל
א אנוכי	 0	 0	 1	 0	 0	 1	 0	 0	 0	 0	 בלתי ניתן לניהול
א יציב	 0	 0	 0	 0	 0	 0	 0	 0	 0	 0	 לא מסומן
ער	 0	 0	 0	 0	 0	 0	 0	 0	 0	 0	 פְּנוּיָה
א מתוחכמ	 0	 0	 0	 0	 0	 0	 0	 0	 0	 0	 לַחשׂוֹף אֵת הָאֶמֶת
תי ניתנ לתאר	 0	 0	 0	 0	 0	 0	 0	 0	 0	 0	 שֶׁאֵין כָּמוֹהוּ
א מוגדר	 0	 0	 0	 0	 0	 0	 0	 0	 0	 0	 שאין לטעות בו
א יציב	 0	 0	 0	 0	 0	 0	 0	 0	 0	 0	 ללא מענה
תנודד	 0	 0	 0	 0	 0	 0	 0	 0	 0	 0	 לא מתרגש
א מוצלח	 0	 0	 0	 0	 0	 0	 0	 0	 0	 0	 ללא שם
א מתאימ	 0	 0	 1	 1	 0	 1	 0	 0	 0	 0	 לֹא טִבעִי
א מושר	 0	 0	 0	 0	 0	 0	 0	 0	 0	 0	 מְיוּתָר
אינו נתמכ	 0	 0	 0	 0	 0	 0	 0	 0	 0	 0	 מיותר
א תחרות	 0	 0	 0	 0	 0	 0	 0	 0	 0	 0	 בלי לשים לב
א חושד	 0	 0	 0	 0	 0	 0	 0	 0	 0	 0	 ללא מספר
א בר קיימא	 0	 0	 0	 0	 0	 0	 0	 0	 0	 0	 לא נצפה
א ממותק	 0	 0	 0	 0	 0	 0	 0	 0	 0	 0	 ללא הפרעה
א סימפטי	 0	 0	 0	 0	 0	 0	 0	 0	 0	 0	 לֹא מִתבַּלֵט
א מאולפ	 0	 0	 0	 0	 0	 0	 0	 0	 0	 0	 פָּנוּי
תי נסבל	 0	 0	 0	 0	 0	 1	 0	 0	 0	 0	 בִּלתִי רִשׁמִי
א נבחנ	 0	 0	 0	 0	 0	 0	 0	 0	 0	 0	 לא נפתח
תי מתקבל על הדעת	 0	 0	 0	 0	 0	 0	 0	 0	 0	 0	 ללא התנגדות
א מסודר	 0	 0	 0	 0	 0	 0	 0	 0	 0	 0	 לא מסודר
תיר	 0	 0	 0	 0	 0	 0	 0	 0	 0	 0	 לא מאורגן
טרמ עת	 0	 0	 0	 0	 0	 0	 0	 0	 0	 0	 לֹא שִׁגרָתִי
א כותרת	 0	 0	 0	 0	 0	 0	 0	 0	 0	 0	 לִפְרוֹק
א סופר	 1	 0	 0	 0	 0	 1	 0	 1	 0	 0	 ללא תשלום
א נגיעה	 0	 0	 1	 0	 0	 1	 0	 1	 0	 0	 לא נעים
סורר	 0	 0	 1	 0	 0	 1	 0	 1	 0	 0	 לא פופולרי
א מאומנ	 0	 0	 0	 0	 0	 0	 0	 0	 1	 0	 חֲסַר תַקְדִים
א מתורגמ	 0	 0	 0	 0	 0	 1	 0	 0	 1	 0	 בלתי צפוי
זב	 0	 0	 0	 0	 0	 1	 0	 0	 0	 0	 לא מוכן
א מהימנ	 0	 0	 0	 0	 0	 0	 1	 0	 0	 0	 חסר יומרות
א בשימוש	 0	 0	 0	 0	 0	 1	 0	 0	 0	 0	 לא פרודוקטיבי
תי שגרתי	 0	 0	 0	 0	 0	 1	 0	 0	 0	 0	 לא רווחי
אופנ חריג	 0	 0	 0	 0	 0	 1	 0	 0	 0	 0	 לא מוגן
חשופ	 0	 0	 0	 0	 0	 0	 0	 0	 0	 0	 לא מוכח
חשיפה	 0	 1	 0	 0	 0	 1	 0	 1	 0	 0	 לא פורסם
א מאומת	 0	 0	 0	 0	 0	 0	 1	 0	 0	 1	 בלתי מעורער
א מוצדק	 0	 0	 0	 0	 0	 0	 1	 0	 0	 1	 ללא עוררין
א זהיר	 0	 0	 0	 0	 0	 0	 1	 0	 0	 1	 ללא עוררין
א שטופ	 0	 0	 0	 0	 0	 0	 0	 0	 0	 0	 לא נקרא
תי מעורערת	 0	 0	 0	 0	 0	 0	 0	 0	 0	 0	 לא אמיתי
א רצוי	 0	 0	 0	 0	 0	 0	 0	 0	 0	 0	 לא מציאותי
חולה	 0	 0	 0	 0	 0	 0	 0	 0	 0	 0	 לא מוקלט
סרב	 0	 0	 0	 0	 0	 0	 0	 0	 0	 0	 לא רשום
חוסר רצונ	 0	 0	 0	 0	 0	 0	 0	 0	 0	 0	 לא מוסדר
אי רצונ	 0	 0	 0	 0	 0	 0	 0	 0	 0	 0	 שאינו קשור
תפרק	 0	 0	 0	 0	 0	 0	 0	 0	 0	 0	 לֹא מַרפֶּה
א נבונ	 0	 0	 0	 0	 0	 1	 0	 0	 0	 1	 לֹא מְהֵימָן
א מכוונ	 0	 0	 0	 0	 0	 0	 0	 0	 0	 0	 חסר תשובה
סח הדעת	 0	 0	 0	 0	 0	 1	 0	 1	 0	 0	 לא מוצדק
א ראוי	 0	 1	 0	 0	 0	 0	 0	 0	 0	 0	 לא פתורה
א כתוב	 0	 0	 0	 1	 0	 0	 0	 1	 0	 0	 אִי שָׁקֵט
תי נכנע	 0	 0	 0	 0	 0	 0	 0	 0	 0	 0	 לֹא מְרוּסָן
פכ	 0	 0	 0	 0	 0	 0	 0	 0	 0	 0	 ללא הגבלה
עלה ההר	 1	 0	 1	 1	 0	 1	 0	 0	 0	 0	 פָּרוּעַ
רפדות	 0	 0	 0	 1	 0	 1	 0	 0	 0	 0	 מְסוּכָּן
עלה	 0	 0	 1	 0	 0	 1	 0	 0	 0	 0	 לא מספק
עליות	 0	 0	 1	 0	 0	 1	 0	 1	 0	 0	 לא מרוצה
תרוממות רוח	 0	 0	 0	 0	 0	 1	 0	 0	 0	 0	 דוֹחֶה
עליונ	 0	 0	 0	 0	 0	 0	 1	 0	 0	 0	 לְלֹא פֶּגַע
זקופ	 0	 0	 0	 0	 0	 0	 0	 0	 0	 0	 לא מדעי
רד	 0	 0	 0	 0	 0	 1	 0	 0	 0	 0	 חֲסַר מַצְפּוּן
לה	 0	 0	 0	 0	 0	 0	 0	 1	 0	 0	 להתיר את המושב
עצבני	 0	 0	 0	 0	 0	 0	 0	 0	 0	 0	 בלתי נראות
תוצאה	 0	 0	 0	 0	 0	 0	 1	 0	 0	 0	 לא אנוכי
עלה	 1	 0	 1	 1	 0	 1	 0	 0	 0	 0	 לֹא יַצִיב
תחיל	 0	 0	 1	 0	 0	 1	 0	 0	 0	 0	 מְכוֹעָר
פי מעלה	 0	 0	 0	 0	 0	 1	 0	 0	 0	 0	 לֹא מְתוּחכָּם
אורניומ	 0	 0	 0	 1	 0	 1	 0	 0	 0	 0	 בלתי ניתן לתאר
עירוני	 0	 0	 0	 0	 0	 0	 0	 0	 0	 0	 לא מוגדר
פרחח	 0	 0	 0	 1	 0	 1	 0	 0	 1	 0	 לֹא יַצִיב
דחפ	 0	 0	 0	 1	 0	 0	 0	 0	 0	 0	 מִתנוֹדֵד
דחיפות	 0	 0	 0	 0	 0	 1	 0	 1	 0	 0	 לא מוצלח
דחופ	 0	 0	 0	 0	 0	 1	 0	 0	 0	 0	 לא מתאים
דיקת שתנ כללית	 0	 0	 0	 0	 0	 1	 0	 0	 0	 0	 לא מושר
יחמ	 0	 0	 0	 0	 0	 1	 0	 0	 0	 0	 אינו נתמך
נוהג	 0	 1	 0	 1	 1	 0	 1	 0	 0	 1	 ללא תחרות
צורה שימושית	 0	 0	 0	 0	 0	 0	 0	 0	 1	 0	 לא חושד
תועלת	 0	 0	 0	 0	 0	 1	 0	 0	 0	 0	 לא בר קיימא
חסר תועלת	 0	 0	 0	 0	 0	 0	 0	 0	 0	 0	 לא ממותק
סדרנ	 1	 0	 0	 0	 0	 1	 0	 0	 0	 0	 לא סימפטי
רגיל	 0	 0	 0	 0	 0	 1	 0	 0	 0	 0	 לא מאולף
חמוס	 0	 0	 0	 0	 0	 1	 0	 0	 0	 0	 בלתי נסבל
גזלו	 0	 0	 0	 0	 0	 0	 0	 0	 0	 0	 לא נבחן
נשכ	 1	 0	 1	 1	 0	 1	 0	 0	 0	 0	 בלתי מתקבל על הדעת
תשמיש	 0	 0	 1	 0	 0	 1	 0	 0	 0	 0	 לֹא מְסוּדָר
תועלתני	 0	 0	 0	 0	 1	 1	 1	 0	 0	 0	 לְהַתִיר
תועלת	 0	 0	 0	 0	 0	 1	 0	 0	 0	 0	 בְּטֶרֶם עֵת
ימוש	 0	 0	 0	 0	 0	 1	 0	 1	 0	 0	 ללא כותרת
פיק תועלת	 0	 1	 0	 0	 0	 1	 0	 0	 0	 0	 לא סופר
ירבי	 0	 0	 0	 0	 0	 0	 0	 0	 0	 0	 ללא נגיעה
אוטופי	 1	 0	 1	 0	 0	 1	 0	 0	 0	 0	 סוֹרֵר
אמירה	 0	 0	 0	 0	 0	 1	 0	 0	 0	 0	 לא מאומן
חלוטינ	 0	 0	 0	 0	 0	 0	 0	 0	 0	 0	 לא מתורגם
חדר פנוי	 0	 0	 0	 0	 0	 1	 0	 0	 0	 0	 כּוֹזֵב
חופשה	 1	 0	 0	 0	 0	 1	 0	 0	 0	 0	 לא מהימן
חיסונ	 0	 0	 0	 0	 0	 0	 0	 0	 0	 0	 לא בשימוש
תרכיב	 0	 0	 0	 0	 0	 0	 0	 0	 0	 0	 בלתי שגרתי
אקוולרי	 0	 0	 0	 0	 0	 0	 0	 0	 0	 0	 באופן חריג
ריק	 0	 0	 0	 0	 0	 0	 0	 0	 0	 0	 לַחשׂוֹף
אוב	 0	 0	 0	 0	 0	 0	 0	 0	 0	 0	 חשיפה
עורפל	 0	 1	 0	 0	 0	 0	 0	 0	 0	 0	 לא מאומת
ערפול	 0	 0	 0	 0	 0	 1	 0	 0	 0	 0	 לא מוצדק
וא	 0	 0	 0	 0	 0	 0	 0	 0	 0	 0	 לֹא זָהִיר
ילונית	 0	 0	 1	 0	 0	 1	 0	 0	 0	 0	 לא שטוף
עמק	 0	 0	 0	 0	 0	 0	 1	 0	 0	 1	 בלתי מעורערת
חדרנ	 0	 0	 0	 0	 0	 1	 0	 1	 0	 0	 לֹא רָצוּי
אמיצ	 0	 0	 0	 0	 0	 1	 0	 1	 0	 0	 חוֹלֶה
תוקפ	 0	 0	 0	 0	 0	 0	 0	 0	 0	 0	 מסרב
עמק	 0	 0	 0	 0	 0	 0	 0	 0	 0	 0	 בחוסר רצון
חיל	 0	 0	 0	 0	 0	 1	 0	 0	 0	 0	 אִי רָצוֹן
על ערכ	 0	 0	 0	 0	 0	 0	 0	 0	 0	 0	 לְהִתְפַּרֵק
ערכה	 0	 0	 0	 0	 0	 1	 0	 0	 0	 0	 לֹא נָבוֹן
סתומ	 0	 0	 0	 0	 0	 1	 0	 0	 0	 0	 לֹא מְכוּוָן
נצלנית	 0	 0	 0	 0	 0	 0	 0	 0	 0	 0	 בְּהֶסַח הַדַעַת
ערפד	 0	 0	 1	 0	 0	 1	 0	 0	 0	 0	 לא ראוי
אנ	 0	 0	 0	 0	 0	 0	 0	 0	 0	 0	 לא כתוב
בת	 0	 0	 0	 0	 0	 1	 0	 0	 0	 0	 בלתי נכנע
חיל החלוצ	 1	 0	 0	 1	 0	 1	 0	 1	 0	 0	 מַהְפָּך
ניל	 0	 1	 0	 1	 0	 1	 1	 0	 0	 0	 בְּמַעֲלֶה הַהַר
עלמ	 0	 0	 0	 0	 0	 0	 0	 0	 0	 0	 רַפָּדוּת
נעלמ	 0	 0	 0	 0	 0	 0	 0	 0	 0	 0	 למעלה
בל	 0	 0	 0	 0	 0	 0	 0	 0	 0	 0	 עליות
נצח	 0	 1	 0	 0	 1	 0	 1	 0	 0	 1	 הִתרוֹמְמוּת רוּחַ
אדימ	 0	 0	 0	 0	 0	 0	 0	 0	 0	 0	 עֶלִיוֹן
תנה	 0	 0	 0	 0	 0	 0	 1	 0	 0	 1	 זָקוּף
נות	 1	 1	 0	 1	 0	 1	 0	 0	 0	 0	 מֶרֶד
ריאציה	 0	 0	 0	 0	 0	 1	 0	 0	 0	 0	 הֲמוּלָה
ריאציות	 1	 0	 0	 0	 0	 1	 0	 1	 0	 0	 עצבני
אבעבועות רוח	 0	 0	 0	 0	 0	 0	 0	 0	 0	 0	 תוֹצָאָה
דליות	 0	 0	 0	 0	 0	 0	 0	 0	 0	 0	 לְמַעלָה
גוונ	 0	 0	 0	 0	 0	 0	 0	 0	 0	 0	 מתחיל
ססגוני	 0	 0	 0	 0	 0	 0	 0	 0	 0	 0	 כְּלַפֵּי מַעְלָה
גוונ	 0	 0	 0	 0	 0	 0	 0	 0	 0	 0	 אוּרָנִיוּם
תנות	 0	 0	 0	 0	 0	 0	 0	 0	 0	 0	 עִירוֹנִי
 כלי הדמ	 0	 0	 0	 0	 0	 1	 0	 0	 0	 0	 פִּרחָח
אגרטל	 0	 0	 0	 0	 0	 0	 0	 0	 0	 0	 דַחַף
עצומ	 0	 1	 0	 1	 0	 0	 0	 0	 1	 0	 דְחִיפוּת
ס ערכ מוספ	 0	 1	 0	 1	 0	 1	 0	 0	 1	 0	 דחוף
דוויל	 0	 0	 0	 0	 0	 0	 0	 0	 0	 0	 בדיקת שתן כללית
ספת	 0	 0	 0	 0	 0	 0	 0	 1	 0	 0	 מֵיחָם
קומר	 0	 0	 0	 0	 0	 0	 0	 0	 0	 0	 נוֹהָג
קומר	 0	 0	 0	 0	 0	 0	 0	 0	 0	 0	 בצורה שימושית
עגל	 0	 0	 0	 0	 0	 0	 1	 0	 0	 0	 תוֹעֶלֶת
קטור	 0	 0	 0	 0	 0	 1	 0	 0	 0	 0	 חֲסַר תוֹעֶלֶת
סטות	 0	 0	 0	 0	 0	 0	 1	 0	 0	 1	 סַדרָן
ירקות	 0	 0	 0	 0	 0	 0	 1	 0	 0	 1	 רָגִיל
צמחוני	 1	 0	 0	 0	 0	 1	 0	 0	 0	 0	 לַחמוֹס
צמחונות	 1	 0	 0	 1	 0	 1	 0	 0	 0	 0	 גזלו
צמחיה	 0	 0	 0	 0	 0	 1	 0	 0	 0	 0	 נֶשֶׁך
גטטיבי	 0	 0	 0	 0	 0	 0	 0	 0	 0	 0	 תַשְׁמִישׁ
תקיפ	 0	 0	 0	 0	 0	 0	 0	 0	 0	 0	 תוֹעַלתָנִי
רכב	 0	 0	 0	 0	 0	 0	 1	 0	 0	 0	 תוֹעֶלֶת
צעיפ	 0	 0	 0	 0	 0	 0	 0	 0	 0	 0	 שימוש
צועפ	 0	 0	 0	 0	 0	 0	 0	 0	 0	 0	 להפיק תועלת
ריד	 0	 0	 0	 0	 0	 0	 0	 0	 0	 0	 מירבי
גויד	 0	 1	 0	 0	 1	 0	 1	 0	 0	 1	 אוּטוֹפִּי
קלפ	 0	 0	 0	 0	 0	 0	 0	 0	 0	 0	 אמירה
ירות	 0	 0	 0	 0	 0	 0	 0	 0	 0	 0	 לחלוטין
קטיפה	 0	 0	 0	 0	 0	 1	 0	 0	 0	 0	 חֶדֶר פָּנוּי
קטיפה	 0	 1	 0	 0	 1	 0	 1	 0	 0	 0	 חוּפשָׁה
קטיפתי	 0	 0	 0	 0	 0	 0	 0	 0	 0	 0	 חיסון
נה	 0	 0	 0	 0	 0	 0	 1	 0	 0	 0	 תַרכִּיב
נקמת דמ	 0	 0	 0	 0	 0	 0	 0	 0	 0	 0	 ואקוולרי
כר	 0	 0	 0	 0	 0	 0	 0	 0	 0	 0	 vacuole
עצ לבוד	 0	 0	 1	 0	 0	 1	 0	 0	 0	 0	 ריק
נכבד	 0	 0	 0	 0	 0	 0	 0	 0	 0	 0	 לִשְׁאוֹב
ערצה	 0	 0	 0	 0	 0	 1	 0	 0	 0	 0	 מְעוּרפָּל
נקמה	 0	 0	 0	 0	 0	 1	 0	 0	 0	 0	 עִרפּוּל
נקמני	 0	 0	 1	 0	 0	 1	 0	 1	 0	 0	 לָשָׁוא
צבי	 0	 0	 0	 0	 0	 0	 0	 0	 0	 0	 וִילוֹנִית
ארס	 0	 0	 0	 0	 0	 0	 0	 0	 0	 0	 עֶמֶק
ארסי	 0	 0	 0	 0	 0	 0	 0	 0	 0	 0	 חַדרָן
רידי	 0	 0	 0	 0	 0	 0	 1	 0	 0	 0	 אַמִיץ
פרוק	 0	 0	 0	 1	 0	 0	 0	 0	 0	 0	 תוֹקֶף
אוורור	 0	 0	 0	 0	 0	 0	 0	 0	 0	 0	 עֶמֶק
אורר	 0	 0	 0	 0	 0	 0	 1	 0	 0	 1	 חַיִל
חדר הלב	 0	 0	 0	 0	 0	 0	 1	 0	 0	 0	 בעל ערך
חדרי	 0	 0	 0	 0	 0	 0	 0	 0	 0	 0	 הַעֲרָכָה
יזמ	 0	 0	 0	 0	 0	 0	 0	 0	 0	 0	 שסתום
קומ מפגש	 0	 0	 0	 0	 0	 0	 0	 0	 0	 0	 נַצלָנִית
אמתות	 1	 0	 1	 1	 0	 1	 0	 0	 0	 0	 עַרפָּד
רפסת	 0	 0	 0	 0	 0	 0	 0	 0	 0	 0	 ואן
ילולי	 0	 0	 0	 0	 0	 0	 0	 0	 0	 0	 שַׁבשֶׁבֶת
 במלה	 0	 0	 0	 0	 0	 0	 1	 0	 0	 0	 חֵיל הֶחָלוּץ
גבוב דברימ	 0	 0	 0	 0	 0	 0	 0	 0	 0	 0	 וניל
לי	 0	 0	 0	 0	 0	 0	 0	 0	 1	 0	 לְהֵעָלֵם
לל	 0	 0	 0	 1	 0	 1	 0	 1	 1	 0	 נעלם
ירוק	 0	 0	 0	 0	 0	 1	 0	 0	 0	 0	 הֶבֶל
פסק דינ	 0	 0	 0	 0	 0	 0	 1	 0	 0	 0	 לְנַצֵחַ
גבול	 0	 0	 0	 0	 0	 0	 0	 0	 0	 0	 אדים
אימות	 0	 0	 0	 0	 0	 0	 0	 0	 0	 0	 vara
אומת	 0	 0	 0	 0	 0	 0	 0	 0	 1	 0	 מִשְׁתַנֶה
תאשר	 0	 0	 0	 0	 0	 0	 0	 0	 0	 0	 שׁוֹנוּת
אמת	 0	 0	 0	 0	 0	 0	 0	 0	 0	 0	 וָרִיאַצִיָה
שי	 0	 0	 0	 0	 0	 0	 0	 0	 0	 0	 וריאציות
רצימ	 0	 0	 1	 1	 0	 1	 0	 1	 0	 0	 אֲבַעְבּוּעוֹת רוּחַ
דבורי	 0	 0	 0	 0	 0	 1	 0	 0	 0	 0	 דליות
ארצי	 0	 0	 0	 0	 0	 0	 0	 0	 0	 0	 מגוון
רוניקה	 0	 0	 0	 0	 0	 0	 0	 0	 0	 0	 סַסגוֹנִי
גוונ	 0	 0	 0	 0	 0	 0	 0	 0	 0	 0	 מגוון
רבגוניות	 0	 0	 0	 0	 0	 0	 0	 0	 0	 0	 לְהִשְׁתַנוֹת
פסוק	 0	 0	 0	 0	 0	 0	 0	 0	 0	 0	 שֶׁל כְּלֵי הַדָם
גרסה	 0	 0	 0	 0	 0	 0	 0	 0	 0	 0	 אֲגַרטֵל
נגד	 0	 0	 0	 0	 0	 0	 0	 0	 0	 0	 עָצוּם
חוליה	 0	 0	 0	 0	 0	 0	 0	 0	 0	 0	 מס ערך מוסף
חוליתי	 0	 0	 0	 0	 0	 0	 0	 0	 0	 0	 וודוויל
קדקוד	 0	 0	 0	 0	 0	 0	 0	 0	 0	 0	 כספת
אנכי	 0	 0	 0	 0	 0	 0	 0	 0	 0	 0	 מְקוּמָר
אונכ	 0	 0	 0	 0	 0	 0	 0	 0	 0	 0	 מְקוּמָר
סחרחורת	 0	 0	 0	 0	 0	 0	 0	 1	 0	 1	 עגל
תלהבות	 0	 0	 0	 0	 0	 0	 0	 0	 0	 0	 וֶקטוֹר
פוחית	 0	 0	 0	 1	 0	 0	 0	 0	 1	 0	 לִסְטוֹת
פוחי	 0	 0	 0	 0	 0	 0	 0	 0	 0	 0	 vega
י שיט	 0	 0	 0	 0	 0	 0	 0	 0	 0	 0	 ירקות
אפוד	 0	 0	 0	 0	 0	 0	 0	 0	 0	 0	 צִמחוֹנִי
קע	 0	 0	 0	 0	 0	 0	 0	 0	 0	 0	 צִמחוֹנוּת
פרוזדור	 0	 0	 0	 0	 0	 0	 0	 0	 0	 0	 צִמחִיָה
ריד	 0	 0	 1	 0	 0	 1	 0	 1	 0	 0	 וגטטיבי
טרינר	 1	 0	 0	 1	 0	 1	 0	 0	 0	 0	 תַקִיף
תיק	 0	 0	 0	 0	 0	 0	 0	 0	 0	 0	 רכב
טרינר	 0	 0	 0	 0	 0	 0	 0	 0	 0	 0	 צָעִיף
טו	 0	 0	 0	 0	 0	 0	 0	 0	 0	 0	 מְצוּעָף
יכולת הקיומ	 0	 0	 0	 0	 0	 0	 0	 0	 0	 0	 וָרִיד
ר חיימ	 0	 0	 0	 0	 0	 0	 0	 0	 0	 0	 מְגוּיָד
עבר מימ	 0	 0	 0	 0	 0	 0	 0	 0	 0	 0	 קלף
צלוחית	 0	 0	 0	 0	 0	 0	 0	 0	 0	 0	 מְהִירוּת
נדנד	 0	 0	 0	 0	 0	 0	 0	 0	 0	 0	 קטיפה
רטט	 0	 0	 0	 0	 0	 0	 1	 0	 0	 0	 קְטִיפָה
רטט	 0	 0	 0	 0	 0	 0	 1	 0	 0	 0	 קְטִיפָתִי
מר	 0	 0	 0	 0	 0	 0	 0	 0	 0	 0	 וונה
אמצעות הזולת	 1	 0	 0	 1	 0	 1	 0	 1	 0	 0	 נקמת דם
סגנ	 0	 0	 0	 0	 0	 0	 0	 0	 0	 0	 מוֹכֵר
סביבה	 0	 0	 0	 0	 0	 0	 0	 0	 0	 0	 עֵץ לִבּוּד
רושע	 0	 1	 0	 0	 1	 0	 1	 0	 0	 1	 נִכבָּד
קורבנ	 0	 0	 0	 0	 0	 0	 1	 0	 0	 0	 הַעֲרָצָה
קורבנ	 1	 0	 0	 0	 0	 1	 0	 0	 0	 0	 נקמה
נצח	 1	 0	 0	 1	 0	 1	 0	 0	 0	 0	 נַקמָנִי
יקטוריה	 0	 0	 0	 0	 0	 0	 0	 0	 0	 0	 צְבִי
נצח	 1	 0	 1	 1	 0	 1	 0	 0	 0	 0	 אֶרֶס
ניצחונ	 1	 0	 1	 1	 0	 1	 0	 0	 0	 0	 אַרסִי
קלטת וידיאו	 0	 0	 0	 0	 0	 0	 0	 0	 0	 0	 וְרִידִי
תחרות	 1	 0	 0	 0	 0	 0	 0	 0	 0	 0	 לפרוק
נופ	 0	 0	 0	 0	 0	 0	 0	 0	 0	 0	 אוורור
ערות	 0	 0	 0	 0	 0	 0	 0	 0	 0	 0	 מְאַוְרֵר
ערנות	 0	 0	 0	 0	 0	 0	 0	 0	 0	 0	 חֲדַר הַלֵב
דרוכ	 0	 0	 0	 0	 0	 0	 0	 0	 0	 0	 חדרי
ינייטה	 0	 0	 0	 0	 0	 0	 0	 0	 0	 0	 מיזם
רצ	 0	 0	 0	 0	 0	 0	 0	 0	 0	 0	 מָקוֹם מִפגָשׁ
נמרצ	 0	 1	 0	 0	 1	 0	 1	 0	 1	 1	 אֲמִתוּת
יקינג	 0	 0	 0	 0	 0	 0	 0	 0	 0	 0	 מרפסת
ילה	 0	 0	 0	 0	 0	 0	 0	 0	 0	 0	 מילולי
פר	 0	 0	 0	 0	 0	 0	 0	 0	 0	 0	 מִלָה בְּמִלָה
פרי	 0	 0	 0	 0	 0	 0	 0	 0	 0	 0	 גִבּוּב דְבָרִים
נבל	 0	 0	 0	 0	 0	 0	 0	 0	 0	 0	 מִלוּלִי
רושע	 0	 0	 0	 0	 0	 1	 0	 0	 0	 0	 מֶלֶל
רוטב	 0	 0	 0	 0	 0	 0	 1	 0	 0	 0	 יָרוֹק
צדיק	 0	 0	 0	 1	 0	 0	 0	 0	 0	 0	 פְּסַק דִין
צדק	 0	 1	 0	 1	 0	 1	 0	 0	 0	 0	 לִגבּוֹל
צדקה	 0	 0	 0	 0	 0	 0	 1	 0	 0	 1	 אימות
נקמני	 0	 0	 0	 0	 0	 0	 1	 0	 0	 1	 מְאוּמָת
חומצ	 0	 0	 0	 0	 0	 0	 0	 0	 0	 0	 תאשר
רמ	 0	 0	 0	 0	 0	 0	 1	 0	 0	 1	 באמת
יולה	 0	 0	 0	 0	 0	 0	 1	 0	 0	 0	 מַמָשִׁי
פרה	 1	 0	 1	 1	 0	 1	 0	 0	 0	 0	 שְׁרָצִים
אלימות	 0	 0	 0	 0	 0	 0	 0	 0	 0	 0	 דִבּוּרִי
אלימ	 0	 0	 0	 0	 1	 0	 1	 0	 0	 0	 ארצי
אלימות	 0	 0	 0	 0	 0	 0	 0	 0	 0	 0	 ורוניקה
סגול	 0	 0	 0	 0	 0	 0	 0	 0	 0	 0	 מגוון
ינור	 0	 0	 0	 0	 0	 0	 0	 0	 0	 0	 רבגוניות
נר	 0	 0	 0	 0	 0	 0	 0	 0	 0	 0	 פָּסוּק
צפע	 0	 0	 0	 0	 0	 0	 0	 0	 0	 0	 גִרְסָה
תולה	 1	 0	 0	 0	 0	 1	 0	 0	 0	 0	 נגד
תולימ	 0	 0	 0	 0	 0	 0	 0	 0	 0	 0	 vert
ירולוגיה	 0	 0	 0	 0	 0	 0	 0	 0	 0	 0	 חוּלִיָה
ירטואלי	 0	 0	 0	 0	 0	 0	 0	 0	 0	 0	 חוּליָתִי
עט	 0	 0	 0	 0	 0	 0	 0	 0	 0	 0	 קָדקוֹד
עלה	 0	 0	 0	 0	 0	 0	 0	 0	 0	 0	 אֲנָכִי
ירטואוז	 0	 0	 0	 0	 0	 0	 0	 0	 0	 0	 בֵּמְאוּנָך
סרי	 0	 0	 0	 1	 0	 1	 0	 0	 0	 0	 סְחַרחוֹרֶת
ארסיות	 0	 0	 0	 0	 0	 0	 1	 0	 0	 0	 הִתלַהֲבוּת
נגיפ	 0	 0	 0	 0	 0	 0	 0	 0	 0	 0	 שַׁלפּוּחִית
יזה	 0	 0	 1	 0	 0	 0	 0	 0	 0	 0	 שַׁלפּוּחִי
פרצופ	 0	 0	 0	 0	 0	 0	 0	 0	 0	 0	 כְּלִי שַׁיִט
צמיגות	 0	 0	 0	 0	 0	 0	 0	 0	 0	 0	 אֵפוֹד
צמיג	 0	 0	 0	 0	 0	 0	 0	 0	 0	 0	 מוּשׁקָע
חצימ	 0	 0	 0	 0	 0	 0	 0	 0	 0	 0	 פְּרוֹזדוֹר
ראות	 0	 0	 0	 0	 0	 0	 0	 0	 0	 0	 שָׂרִיד
גלוי	 0	 0	 0	 0	 0	 0	 0	 0	 0	 0	 וטרינר
אופנ גלוי	 0	 0	 0	 0	 0	 0	 1	 0	 0	 1	 ותיק
חזונ	 0	 0	 0	 0	 0	 0	 0	 0	 0	 0	 וֵטֵרִינָר
חוזה	 1	 0	 0	 0	 0	 1	 0	 0	 0	 0	 וֵטוֹ
קר	 0	 0	 0	 0	 0	 0	 0	 0	 0	 0	 יכולת הקיום
פורענות	 0	 0	 0	 0	 0	 0	 0	 0	 0	 0	 בַּר חַיִים
קר	 0	 0	 0	 0	 0	 0	 0	 0	 0	 0	 מַעֲבָר מַיִם
אורח	 0	 0	 0	 0	 0	 0	 0	 0	 0	 0	 צְלוֹחִית
צחיה	 0	 0	 0	 0	 0	 0	 0	 0	 0	 0	 לְנַדְנֵד
נופ	 0	 0	 0	 0	 0	 0	 0	 0	 0	 0	 רֶטֶט
חזותי	 0	 0	 0	 0	 0	 0	 0	 0	 0	 0	 רטט
חזות	 0	 0	 0	 0	 0	 0	 1	 0	 0	 1	 כּוֹמֶר
חיוני	 0	 0	 0	 0	 0	 0	 0	 0	 0	 0	 באמצעות הזולת
חיוניות	 0	 0	 0	 0	 0	 1	 0	 0	 0	 0	 סְגָן
זגוגי	 0	 0	 0	 0	 0	 0	 0	 0	 0	 0	 סְבִיבָה
עסיסי	 1	 0	 1	 0	 0	 1	 0	 0	 0	 0	 מרושע
יר	 1	 0	 0	 1	 0	 1	 0	 1	 0	 0	 קורבן
סוררת	 1	 0	 1	 1	 0	 1	 0	 1	 1	 0	 קורבן
אוצר מילימ	 0	 0	 0	 0	 1	 0	 1	 0	 0	 0	 מְנַצֵחַ
קאלי	 0	 0	 0	 0	 0	 0	 0	 0	 0	 0	 ויקטוריה
זמר	 0	 0	 0	 0	 1	 0	 1	 0	 0	 0	 מְנַצֵחַ
יחות	 0	 1	 0	 0	 1	 0	 1	 0	 0	 1	 ניצחון
אפנה	 0	 0	 0	 0	 0	 0	 0	 0	 0	 0	 קַלֶטֶת וִידֵיאוֹ
קול	 0	 0	 0	 0	 0	 0	 0	 0	 0	 0	 לְהִתְחַרוֹת
אלמ	 0	 0	 0	 0	 0	 0	 0	 0	 0	 0	 נוף
טל	 0	 1	 0	 0	 0	 0	 0	 0	 0	 0	 עֵרוּת
תנודתיות	 0	 1	 0	 0	 0	 0	 1	 0	 0	 1	 עֵרָנוּת
קני	 0	 0	 0	 1	 0	 0	 1	 0	 0	 1	 דָרוּך
ר געש	 0	 0	 0	 0	 0	 0	 0	 0	 0	 0	 וינייטה
רצונ	 0	 0	 0	 0	 0	 0	 1	 0	 0	 0	 מֶרֶץ
צרור	 0	 0	 0	 0	 0	 0	 1	 0	 0	 1	 נִמרָץ
ד מתח	 0	 0	 0	 0	 0	 0	 0	 0	 0	 0	 וִיקִינג
רכ	 0	 0	 0	 0	 0	 0	 0	 0	 0	 0	 וִילָה
פע	 0	 0	 0	 0	 0	 0	 0	 0	 0	 0	 כְּפָר
רצונ	 0	 0	 0	 0	 0	 0	 1	 0	 0	 1	 כַּפרִי
רצונ	 0	 0	 0	 1	 0	 1	 0	 0	 0	 0	 נָבָל
תנדב	 1	 0	 1	 1	 0	 1	 0	 0	 0	 0	 מְרוּשָׁע
תנדבות	 0	 0	 0	 0	 0	 0	 0	 0	 0	 0	 רוֹטֶב
תנדבימ	 1	 0	 0	 0	 0	 0	 0	 0	 0	 0	 לְהַצְדִיק
חושני	 0	 0	 0	 0	 0	 0	 1	 0	 0	 0	 מוּצדָק
קיא	 0	 1	 0	 0	 1	 0	 1	 0	 0	 1	 הַצדָקָה
קאה	 1	 0	 1	 0	 0	 1	 0	 0	 0	 0	 נַקמָנִי
דו	 0	 0	 0	 0	 0	 0	 0	 0	 0	 0	 חומץ
רעבתני	 0	 0	 0	 0	 0	 0	 0	 0	 0	 0	 כֶּרֶם
ערבולת	 0	 0	 0	 0	 0	 0	 0	 0	 0	 0	 וִיוֹלָה
צבעה	 1	 0	 0	 1	 0	 1	 0	 1	 1	 0	 הֲפָרָה
צבעה	 1	 0	 0	 1	 0	 1	 0	 1	 0	 0	 אַלִימוּת
 נדר	 1	 0	 1	 1	 0	 1	 0	 0	 1	 0	 אַלִים
ערוב	 1	 0	 1	 1	 0	 1	 0	 1	 0	 0	 באלימות
בר	 0	 0	 0	 0	 0	 0	 0	 0	 0	 0	 סָגוֹל
נדר	 0	 0	 0	 0	 0	 0	 0	 0	 0	 0	 כינור
תנועה	 0	 0	 0	 0	 0	 0	 0	 0	 0	 0	 כַּנָר
סע	 0	 0	 0	 1	 0	 1	 0	 0	 0	 0	 צֶפַע
נוסע	 0	 0	 0	 0	 0	 0	 1	 0	 0	 1	 בתולה
גרי	 0	 1	 0	 0	 0	 0	 1	 0	 0	 0	 בְּתוּלִים
גריות	 0	 0	 0	 0	 0	 0	 0	 0	 0	 0	 וירולוגיה
פגיעות	 0	 0	 0	 0	 0	 0	 0	 0	 0	 0	 וירטואלי
פגיע	 0	 0	 0	 0	 0	 0	 0	 0	 0	 0	 כִּמעַט
עיט	 0	 0	 0	 0	 0	 0	 1	 0	 0	 1	 מַעֲלָה
חבילה	 0	 0	 0	 0	 0	 0	 0	 0	 0	 0	 וִירטוּאוֹז
תכשכ	 0	 0	 0	 0	 1	 0	 1	 0	 0	 1	 מוּסָרִי
רקיק	 1	 0	 0	 1	 0	 1	 0	 0	 0	 0	 אַרסִיוּת
פל	 0	 0	 0	 0	 0	 1	 0	 0	 0	 0	 נגיף
כש	 0	 0	 0	 0	 0	 0	 0	 0	 0	 0	 וִיזָה
מר	 0	 0	 0	 0	 0	 0	 0	 0	 0	 0	 פַּרצוּף
כר	 0	 0	 0	 0	 0	 0	 0	 0	 0	 0	 צְמִיגוּת
עגלה	 0	 0	 0	 0	 0	 0	 0	 0	 0	 0	 צָמִיג
קוננ	 0	 0	 0	 0	 0	 0	 0	 0	 0	 0	 מֶלחָצַיִם
תנ	 0	 0	 0	 0	 0	 0	 0	 0	 0	 0	 רְאוּת
חזיה	 0	 0	 0	 0	 0	 0	 0	 0	 0	 0	 גלוי
חכות	 0	 0	 0	 0	 0	 0	 0	 0	 0	 0	 באופן גלוי
צר	 0	 1	 0	 0	 0	 0	 1	 0	 0	 0	 חָזוֹן
תנה	 0	 1	 0	 0	 1	 0	 1	 0	 0	 1	 חוֹזֶה
תר על	 0	 0	 0	 0	 0	 0	 1	 0	 0	 0	 לְבַקֵר
תעורר	 0	 0	 0	 0	 0	 1	 0	 0	 0	 0	 פּוּרעָנוּת
כת	 0	 0	 0	 0	 0	 0	 0	 0	 0	 0	 מבקר
יכונ	 0	 1	 0	 0	 1	 0	 1	 0	 0	 0	 אורח
קיר	 0	 1	 0	 0	 0	 0	 0	 0	 1	 0	 מִצחִיָה
ארנק	 0	 0	 0	 0	 0	 0	 0	 0	 0	 0	 נוֹף
תפלש	 0	 0	 0	 0	 0	 0	 0	 0	 0	 0	 חָזוּתִי
אגוז מלכ	 0	 0	 0	 0	 0	 0	 0	 0	 0	 0	 לַחֲזוֹת
לס	 0	 0	 0	 0	 0	 0	 1	 0	 0	 0	 חִיוּנִי
רביט	 0	 0	 0	 0	 1	 0	 1	 0	 0	 1	 חיוניות
טט	 0	 0	 0	 0	 0	 0	 0	 0	 0	 0	 זְגוּגִי
נע ונד	 0	 0	 0	 0	 1	 0	 1	 0	 0	 0	 עֲסִיסִי
נדודימ	 0	 0	 0	 0	 1	 0	 1	 0	 0	 0	 בָּהִיר
דעוכ	 0	 0	 0	 0	 0	 1	 0	 0	 0	 0	 סוֹרֶרֶת
פגימה	 0	 0	 0	 0	 0	 0	 1	 0	 0	 0	 אוצר מילים
רוצה	 0	 0	 0	 0	 0	 0	 0	 0	 0	 0	 ווֹקָאלִי
חמה	 0	 0	 0	 0	 0	 0	 0	 0	 0	 0	 זַמָר
סבכי	 0	 0	 0	 0	 0	 0	 0	 0	 0	 0	 שְׁלִיחוּת
חלקה	 0	 0	 0	 0	 0	 0	 0	 0	 0	 0	 אָפנָה
סוהר	 0	 0	 0	 0	 0	 0	 0	 0	 0	 0	 קוֹל
ארונ בגדימ	 0	 0	 0	 0	 0	 0	 0	 0	 0	 0	 אִלֵם
לי	 0	 0	 0	 0	 0	 0	 0	 0	 0	 0	 בָּטֵל
חסנ	 1	 1	 0	 1	 0	 1	 0	 0	 1	 0	 תנודתיות
חמה	 0	 0	 0	 0	 0	 0	 0	 0	 0	 0	 ווּלקָנִי
חמתי	 0	 0	 0	 1	 0	 1	 0	 0	 1	 0	 הַר גַעַשׁ
שפ	 0	 0	 0	 0	 0	 0	 0	 0	 0	 0	 רָצוֹן
תחממות	 0	 0	 0	 0	 0	 0	 0	 0	 0	 0	 צְרוֹר
זהיר	 0	 0	 0	 0	 0	 0	 0	 0	 0	 0	 מד מתח
זהיר	 0	 0	 0	 0	 0	 0	 0	 0	 0	 0	 כרך
אזהרה	 0	 0	 0	 0	 0	 0	 0	 0	 0	 0	 מְשׁוּפָּע
עקמ	 0	 0	 0	 0	 0	 0	 0	 0	 0	 0	 מרצון
עוות	 0	 0	 0	 0	 0	 0	 0	 0	 0	 0	 מִרָצוֹן
צדיק	 0	 1	 0	 1	 1	 0	 1	 0	 0	 1	 לְהִתְנַדֵב
צדקת	 0	 0	 0	 0	 0	 0	 0	 0	 0	 0	 התנדבות
צווימ	 0	 0	 0	 0	 0	 0	 0	 0	 0	 1	 מתנדבים
אחריות	 0	 1	 0	 0	 1	 0	 1	 0	 0	 0	 חוּשָׁנִי
רנ	 0	 0	 1	 0	 0	 0	 0	 0	 0	 0	 לְהַקִיא
חמ	 0	 0	 0	 0	 0	 1	 0	 0	 0	 0	 הֲקָאָה
יבלת	 0	 0	 0	 0	 0	 1	 0	 0	 0	 0	 וודו
זהיר	 0	 0	 0	 0	 0	 0	 0	 0	 0	 0	 רַעַבתָנִי
טופ	 0	 0	 0	 0	 0	 0	 0	 0	 0	 0	 מְעַרבּוֹלֶת
סימ	 1	 1	 0	 0	 1	 1	 1	 1	 1	 1	 הַצבָּעָה
ונ	 0	 0	 0	 0	 0	 0	 0	 0	 0	 0	 הַצבָּעָה
צרעה	 0	 0	 0	 0	 0	 0	 0	 0	 0	 1	 שֶׁל נֶדֶר
זבוז	 0	 0	 0	 0	 0	 0	 1	 0	 0	 1	 לַעֲרוֹב
זבז	 0	 0	 0	 0	 0	 0	 0	 0	 0	 1	 שובר
זבזני	 0	 1	 0	 0	 1	 0	 1	 0	 0	 1	 נדר
זבז	 0	 0	 0	 0	 0	 0	 0	 0	 0	 0	 תְנוּעָה
עונ	 0	 1	 0	 0	 0	 0	 0	 0	 0	 0	 מַסָע
 שמירה	 0	 0	 0	 0	 0	 0	 0	 0	 0	 0	 נוֹסֵעַ
ערני	 0	 0	 1	 0	 0	 1	 0	 0	 0	 0	 ווּלגָרִי
מר	 1	 0	 1	 0	 0	 1	 0	 1	 0	 0	 ווּלגָרִיוּת
ימ	 0	 0	 0	 1	 0	 1	 0	 1	 0	 0	 פגיעות
סלול מימ	 0	 0	 0	 0	 0	 0	 0	 0	 0	 0	 פָּגִיעַ
קה	 0	 0	 1	 1	 0	 1	 0	 0	 0	 0	 עיט
חסינ מימ	 0	 0	 0	 0	 0	 0	 0	 0	 0	 0	 חֲבִילָה
פעלי מימ	 0	 0	 0	 0	 0	 0	 0	 0	 0	 0	 לְהִשְׁתַכְשֵׁך
ימי	 0	 0	 0	 0	 0	 0	 0	 0	 0	 0	 רָקִיק
גל	 1	 0	 0	 0	 0	 1	 0	 1	 0	 0	 וַפל
סס	 0	 0	 0	 0	 0	 0	 0	 0	 0	 0	 לְכַשְׁכֵּשׁ
סס	 0	 0	 0	 0	 0	 0	 0	 0	 0	 0	 לְהַמֵר
גלימ	 0	 0	 0	 0	 1	 0	 1	 0	 0	 0	 שכר
גלי	 0	 0	 0	 0	 0	 0	 0	 0	 0	 0	 עֲגָלָה
דונג	 0	 0	 0	 1	 0	 1	 0	 1	 0	 0	 לְקוֹנֵן
דונגי	 0	 0	 0	 0	 0	 0	 0	 0	 0	 0	 מוֹתֶן
דרכימ	 0	 0	 0	 0	 0	 0	 0	 0	 0	 0	 חֲזִיָה
פכפכ	 0	 1	 0	 0	 0	 1	 0	 0	 0	 0	 לַחֲכוֹת
חלש	 0	 0	 0	 0	 0	 0	 0	 0	 0	 0	 מֶלְצַר
חלוש	 0	 0	 0	 0	 0	 0	 0	 0	 0	 0	 הַמתָנָה
חולשה	 0	 0	 0	 0	 0	 0	 0	 0	 0	 0	 לְוַתֵר עַל
עושר	 0	 0	 0	 0	 0	 0	 0	 0	 0	 0	 לְהִתְעוֹרֵר
עשיר	 0	 0	 0	 0	 0	 0	 0	 0	 0	 0	 לָלֶכֶת
נשק	 0	 0	 0	 0	 0	 0	 0	 0	 0	 0	 הֲלִיכוֹן
וש	 0	 0	 0	 0	 0	 0	 0	 0	 0	 0	 קִיר
עייפות	 0	 0	 0	 0	 0	 0	 0	 0	 0	 0	 ארנק
עיפות	 0	 0	 1	 0	 0	 1	 0	 1	 0	 0	 לְהִתְפַּלֵשׁ
בש	 0	 0	 0	 0	 0	 0	 0	 0	 0	 0	 אגוז מלך
אות	 0	 0	 0	 0	 0	 0	 0	 0	 0	 0	 וַלס
זג אוויר	 0	 0	 0	 1	 0	 1	 0	 1	 0	 0	 wan
יה	 0	 0	 0	 0	 0	 0	 0	 0	 0	 0	 שַׁרבִּיט
עמיד	 0	 0	 0	 0	 0	 0	 0	 0	 0	 0	 לשוטט
ארוג	 0	 0	 0	 0	 0	 0	 0	 0	 0	 0	 נָע וָנָד
אינטרנט	 0	 0	 0	 0	 0	 0	 0	 0	 0	 0	 נְדוּדִים
יינו עושימ	 0	 0	 0	 0	 0	 1	 0	 1	 0	 0	 לִדעוֹך
תחתנ	 0	 0	 0	 0	 0	 0	 0	 0	 0	 0	 פְּגִימָה
טריז	 0	 0	 0	 0	 0	 1	 0	 1	 0	 0	 רוצה
פעוט	 0	 0	 0	 1	 0	 1	 0	 0	 0	 0	 מִלחָמָה
עשב	 0	 0	 0	 0	 0	 0	 0	 0	 0	 0	 סִבְּכִי
ניכוש עשבימ	 0	 0	 0	 0	 0	 0	 0	 0	 0	 0	 מַחלָקָה
עשבימ שוטימ	 1	 0	 0	 1	 0	 1	 0	 0	 0	 1	 סוֹהֵר
עשבימ	 0	 0	 0	 0	 0	 0	 0	 0	 0	 0	 אָרוֹן בְּגָדִים
וע	 0	 0	 0	 1	 0	 1	 0	 0	 0	 0	 כלי
עי	 0	 0	 0	 0	 0	 0	 0	 0	 0	 0	 מַחסָן
ות	 1	 0	 0	 1	 0	 1	 0	 1	 0	 0	 לוֹחָמָה
כי	 1	 0	 0	 1	 0	 1	 0	 0	 0	 0	 מִלחַמתִי
קול	 0	 0	 0	 1	 0	 0	 0	 0	 0	 0	 מְכַשֵׁף
קילה	 0	 0	 0	 0	 0	 0	 0	 0	 0	 0	 הִתחַמְמוּת
קל	 0	 1	 0	 1	 0	 1	 0	 0	 1	 1	 לְהַזהִיר
חסר משקל	 0	 1	 0	 1	 0	 0	 0	 0	 1	 0	 הזהיר
קולות	 0	 0	 0	 1	 0	 0	 0	 0	 0	 0	 אַזהָרָה
בד	 1	 0	 0	 0	 0	 1	 0	 1	 0	 0	 לְעַקֵם
סכר	 0	 0	 0	 0	 0	 1	 0	 0	 0	 0	 מעוות
נה	 0	 0	 0	 0	 0	 0	 0	 0	 0	 0	 לְהַצְדִיק
תמהוני	 0	 0	 0	 0	 0	 0	 0	 0	 0	 0	 מוצדקת
רכה	 0	 0	 0	 0	 0	 0	 0	 0	 0	 0	 צווים
רתכ	 0	 0	 0	 0	 0	 0	 1	 0	 0	 1	 אַחֲרָיוּת
סעד	 0	 0	 0	 0	 0	 0	 0	 0	 0	 0	 וורן
ראש באר	 1	 0	 0	 1	 0	 0	 1	 0	 0	 0	 לוֹחֶם
לט	 0	 0	 1	 0	 0	 1	 0	 0	 0	 0	 יַבֶּלֶת
ונ	 0	 0	 0	 1	 0	 0	 0	 0	 0	 0	 זָהִיר
חורה	 0	 0	 0	 0	 0	 0	 0	 0	 0	 0	 לִשְׁטוֹף
ערבי	 0	 0	 0	 0	 0	 0	 0	 0	 0	 0	 כְּבָסִים
רטוב	 0	 0	 0	 0	 0	 0	 0	 0	 0	 0	 כִּשָׁלוֹן
מה	 0	 0	 0	 0	 0	 0	 0	 0	 0	 0	 צרעה
יתנ	 0	 0	 1	 0	 0	 1	 0	 0	 0	 0	 בזבוז
ממ	 1	 0	 1	 0	 0	 1	 0	 0	 0	 0	 מבוזבז
רציפ	 1	 0	 1	 0	 0	 1	 0	 1	 0	 0	 בַּזבְּזָנִי
הו	 0	 0	 1	 1	 0	 1	 0	 1	 0	 0	 מְבַזבֵּז
גלגל	 0	 1	 0	 1	 0	 0	 0	 0	 0	 0	 שעון
גלגלימ	 0	 0	 0	 0	 0	 0	 1	 0	 0	 1	 כֶּלֶב שְׁמִירָה
קומ	 0	 0	 0	 0	 0	 0	 1	 0	 0	 1	 עֵרָנִי
כנ	 0	 0	 0	 0	 0	 0	 1	 0	 0	 1	 שׁוֹמֵר
עזרתו	 0	 0	 0	 0	 0	 0	 0	 0	 0	 0	 מים
אמצעימ	 0	 0	 0	 0	 0	 0	 0	 0	 0	 0	 מסלול מים
גרות	 0	 0	 0	 0	 0	 0	 0	 0	 0	 0	 מוּשׁקֶה
ריח	 0	 0	 0	 0	 0	 0	 1	 0	 0	 0	 חסין מים
תוכ	 0	 0	 0	 0	 0	 0	 0	 0	 0	 0	 מִפְעָלֵי מַיִם
גחמה	 0	 0	 0	 0	 0	 1	 0	 0	 0	 0	 מֵימִי
יבבה	 0	 0	 0	 0	 0	 0	 0	 0	 0	 0	 גַל
גחמני	 0	 0	 0	 1	 0	 1	 0	 0	 0	 0	 לְהַסֵס
ר משונה	 0	 0	 0	 0	 0	 0	 0	 0	 0	 0	 מְהַסֵס
יללה	 0	 0	 0	 0	 0	 0	 0	 0	 0	 0	 גלים
וט	 0	 0	 0	 0	 0	 0	 0	 0	 0	 0	 גַלִי
סתחרר	 0	 0	 0	 0	 0	 0	 0	 0	 0	 0	 דוֹנַג
ערבולת	 0	 0	 0	 0	 0	 0	 0	 0	 0	 0	 דוֹנַגִי
סופה	 0	 0	 0	 0	 0	 0	 0	 0	 0	 0	 דרכים
קציפ	 0	 0	 0	 0	 0	 0	 0	 0	 0	 0	 הֲפַכְפַּך
פמ	 0	 0	 0	 0	 0	 1	 0	 0	 0	 0	 מוּחלָשׁ
יסקי	 0	 0	 0	 1	 0	 1	 0	 1	 0	 0	 חָלוּשׁ
חש	 0	 0	 0	 0	 0	 1	 0	 0	 0	 0	 חוּלשָׁה
חש	 0	 0	 0	 0	 1	 0	 1	 0	 0	 1	 עוֹשֶׁר
רוק	 0	 0	 0	 0	 0	 0	 0	 0	 0	 0	 עָשִׁיר
מצ	 0	 0	 0	 0	 0	 0	 0	 0	 0	 0	 נֶשֶׁק
בנ	 0	 0	 0	 0	 0	 1	 0	 0	 0	 1	 לִלבּוֹשׁ
נבנ	 0	 0	 0	 0	 0	 1	 0	 1	 0	 0	 בעייפות
גאונ	 0	 0	 0	 0	 0	 1	 0	 1	 0	 0	 עָיֵפוּת
ריא	 0	 0	 0	 0	 0	 0	 0	 0	 0	 0	 לובש
גמרי	 0	 0	 0	 0	 0	 1	 0	 1	 0	 0	 לְהַלאוֹת
אופ	 0	 0	 0	 0	 0	 0	 0	 0	 0	 0	 מזג אוויר
עצומ	 0	 0	 0	 0	 0	 0	 0	 0	 0	 0	 בליה
זונה	 0	 0	 0	 0	 0	 0	 1	 0	 0	 0	 עָמִיד
פתילה	 0	 0	 0	 0	 0	 0	 0	 0	 0	 0	 לֶאֱרוֹג
רשע	 0	 0	 0	 0	 0	 0	 0	 0	 0	 0	 אינטרנט
רשעות	 0	 0	 0	 0	 0	 0	 0	 0	 0	 0	 היינו עושים
זרד	 0	 0	 0	 0	 0	 0	 0	 0	 0	 0	 התחתן
פשפש	 0	 0	 0	 0	 0	 0	 0	 0	 0	 0	 טריז
רחב	 0	 0	 0	 0	 0	 0	 0	 0	 0	 0	 פעוט
ידה רבה	 0	 0	 0	 0	 0	 0	 0	 0	 0	 0	 עֵשֶׂב
רחיב	 0	 0	 0	 0	 0	 0	 0	 0	 0	 0	 ניכוש עשבים
נפוצ	 0	 0	 0	 0	 0	 1	 0	 1	 0	 0	 עשבים שוטים
אלמנה	 0	 0	 0	 0	 0	 0	 0	 0	 0	 0	 עשבים
אלמנ	 0	 0	 0	 0	 0	 0	 0	 0	 0	 0	 שָׁבוּעַ
רוחב	 0	 0	 0	 0	 0	 0	 0	 0	 0	 0	 שְׁבוּעִי
חזיק	 0	 0	 0	 0	 0	 1	 0	 1	 0	 0	 לִבכּוֹת
אשה	 0	 0	 0	 0	 0	 0	 0	 1	 0	 0	 בְּכִי
פאה	 0	 1	 0	 0	 0	 0	 0	 0	 0	 1	 לשקול
ייט	 0	 0	 0	 0	 0	 0	 0	 0	 0	 0	 שְׁקִילָה
פראי	 0	 1	 1	 1	 1	 1	 1	 1	 1	 1	 מִשׁקָל
חתול הבר	 0	 0	 0	 0	 0	 0	 0	 0	 0	 0	 חסר משקל
דבר	 0	 0	 0	 0	 0	 0	 0	 0	 0	 0	 משקולות
אש בשדה קוצימ	 0	 0	 0	 1	 0	 0	 0	 0	 0	 0	 כָּבֵד
זיד	 0	 0	 0	 0	 0	 0	 0	 0	 0	 0	 סֶכֶר
חפצ לב	 0	 0	 1	 0	 0	 1	 0	 0	 0	 0	 מְשׁוּנֶה
נכונות	 0	 0	 0	 1	 0	 1	 0	 0	 0	 0	 תִמהוֹנִי
ערבה	 0	 0	 0	 0	 1	 0	 1	 0	 0	 0	 בברכה
נבול	 0	 0	 0	 0	 0	 0	 0	 0	 0	 0	 לְרַתֵך
ערמומי	 0	 0	 0	 0	 0	 0	 0	 0	 0	 0	 סעד
חלשלוש	 0	 0	 0	 0	 0	 0	 0	 0	 0	 0	 ראש באר
קשקש	 0	 0	 0	 0	 0	 0	 0	 0	 0	 0	 וולט
תכווצ	 0	 0	 0	 0	 0	 1	 0	 0	 0	 0	 וון
ננת	 1	 0	 1	 0	 0	 1	 0	 0	 0	 0	 בַּחוּרָה
רוח	 0	 0	 0	 0	 0	 0	 0	 0	 0	 0	 מערבי
ציאה	 0	 0	 0	 0	 0	 0	 0	 0	 0	 0	 רָטוֹב
תפתל	 0	 0	 0	 0	 0	 1	 0	 0	 0	 0	 מַהֲלוּמָה
טחנת רוח	 0	 0	 0	 0	 0	 0	 0	 0	 0	 0	 לוויתן
חלונ	 0	 0	 0	 0	 0	 0	 0	 0	 0	 0	 מהמם
סוער	 0	 0	 0	 0	 0	 0	 0	 0	 0	 0	 רָצִיף
יינ	 0	 0	 0	 0	 0	 0	 0	 0	 0	 0	 כָּלשֶׁהוּ
אגפ	 0	 0	 0	 0	 0	 0	 0	 0	 0	 0	 גַלגַל
נפ	 0	 0	 0	 0	 0	 0	 0	 0	 0	 0	 גלגלים
קריצה	 0	 0	 0	 0	 0	 0	 0	 0	 0	 0	 מָקוֹם
זוכה	 0	 0	 0	 0	 0	 0	 0	 0	 0	 0	 לכן
נצח	 0	 0	 0	 0	 0	 0	 0	 0	 0	 0	 בעזרתו
זכיות	 0	 0	 0	 0	 0	 0	 0	 0	 0	 0	 אֶמְצָעִים
חורפ	 0	 0	 0	 0	 0	 0	 0	 0	 0	 0	 לְגָרוֹת
חורפי	 0	 0	 0	 0	 0	 0	 0	 0	 0	 0	 רֵיחַ
נגב	 0	 0	 0	 0	 0	 0	 0	 0	 0	 0	 תוך
חוט	 0	 1	 0	 0	 1	 1	 0	 0	 1	 0	 גַחְמָה
אלחוט	 0	 0	 0	 1	 0	 0	 0	 1	 0	 0	 יְבָבָה
יס	 0	 0	 0	 0	 1	 0	 0	 0	 0	 0	 גַחְמָנִי
חוכמה	 0	 0	 0	 0	 0	 0	 0	 0	 0	 0	 הוּמוֹר מְשׁוּנֶה
חכמ	 0	 0	 1	 0	 0	 1	 0	 1	 0	 0	 יְלָלָה
תוקק	 1	 0	 0	 0	 0	 1	 0	 0	 0	 0	 שׁוֹט
עגמומי	 0	 0	 0	 0	 0	 0	 0	 0	 0	 0	 לְהִסְתַחרֵר
נינות	 0	 0	 0	 1	 0	 0	 0	 0	 0	 0	 מְעַרבּוֹלֶת
פה	 0	 0	 0	 1	 0	 1	 0	 0	 0	 0	 סוּפָה
ישופ	 0	 0	 0	 0	 0	 0	 0	 0	 0	 0	 לְהַקְצִיף
עמ זאת	 0	 0	 0	 0	 0	 0	 0	 0	 0	 0	 שפם
סגת	 0	 0	 0	 0	 0	 1	 0	 0	 0	 0	 וויסקי
נסיגה	 0	 0	 0	 0	 0	 0	 0	 0	 0	 0	 לַחַשׁ
קמול	 0	 0	 0	 0	 0	 0	 0	 0	 0	 0	 לחש
קמל	 0	 0	 0	 0	 0	 0	 0	 0	 0	 0	 לִשְׁרוֹק
עמוד	 0	 0	 0	 0	 0	 0	 0	 0	 0	 0	 שֶׁמֶץ
עד	 0	 0	 0	 0	 1	 0	 1	 0	 0	 0	 לוֹבֶן
כל	 0	 0	 0	 0	 0	 0	 0	 0	 0	 0	 לְבַנְבַן
נונ	 0	 0	 0	 0	 0	 0	 0	 0	 0	 0	 גָאוֹן
אשפ	 0	 0	 0	 0	 0	 0	 1	 0	 0	 1	 בָּרִיא
אוי	 0	 0	 0	 0	 0	 0	 0	 0	 0	 0	 לְגַמרֵי
עצוב	 0	 0	 0	 0	 0	 0	 0	 0	 0	 0	 אוף
צער רב	 0	 0	 0	 0	 0	 0	 0	 0	 0	 0	 עָצוּם
נשיות	 0	 0	 1	 0	 0	 1	 0	 0	 0	 0	 זוֹנָה
נשי	 0	 0	 0	 0	 0	 0	 0	 0	 0	 0	 פְּתִילָה
רחמ	 0	 0	 0	 1	 0	 1	 0	 0	 0	 0	 רָשָׁע
נפלא	 0	 0	 1	 0	 0	 1	 0	 0	 0	 0	 רִשׁעוּת
צורה נפלאה	 0	 0	 0	 0	 0	 0	 0	 0	 0	 0	 זֶרֶד
נפלא	 0	 0	 0	 0	 0	 0	 1	 0	 0	 0	 פִּשׁפָּשׁ
רגיל	 0	 0	 0	 0	 0	 0	 0	 0	 0	 0	 רָחָב
חזר אחרי	 0	 0	 0	 0	 0	 0	 0	 0	 0	 0	 במידה רבה
עצ	 0	 0	 0	 0	 0	 0	 0	 0	 0	 0	 לְהַרְחִיב
חתוכ עצ	 0	 0	 0	 0	 0	 0	 1	 0	 0	 0	 נָפוֹץ
עצ	 0	 0	 0	 0	 0	 0	 0	 1	 0	 0	 אַלמָנָה
יערות	 0	 0	 0	 0	 0	 0	 0	 1	 0	 0	 אַלמָן
עצי	 0	 0	 0	 0	 0	 0	 0	 0	 0	 0	 רוֹחַב
חזר	 0	 0	 0	 0	 0	 0	 0	 0	 0	 0	 להחזיק
צמר	 0	 0	 0	 0	 0	 0	 0	 0	 0	 0	 אשה
צמרי	 0	 0	 0	 0	 0	 0	 0	 0	 0	 0	 פֵּאָה
או	 0	 0	 0	 0	 0	 0	 0	 0	 0	 0	 וייט
לה	 0	 0	 0	 0	 0	 1	 0	 0	 1	 0	 פְּרָאִי
ניסוח	 0	 0	 0	 0	 0	 1	 0	 0	 0	 0	 חֲתוּל הַבָּר
ילימ	 0	 1	 0	 1	 0	 0	 0	 1	 0	 0	 מִדבָּר
רב מלל	 0	 0	 0	 1	 0	 1	 0	 1	 1	 0	 אש בשדה קוצים
עבודה	 1	 0	 0	 0	 0	 1	 0	 1	 0	 0	 מֵזִיד
חוברת עבודה	 0	 0	 0	 0	 0	 0	 1	 0	 0	 0	 בחפץ לב
עובד	 0	 0	 0	 0	 0	 0	 1	 0	 0	 0	 נְכוֹנוּת
עובד	 0	 0	 0	 0	 0	 0	 0	 0	 0	 0	 עֲרָבָה
פועל	 0	 0	 0	 0	 0	 0	 0	 0	 0	 0	 נבול
טיב העבודה	 0	 0	 0	 0	 0	 0	 0	 0	 0	 0	 עַרמוּמִי
קומ עבודה	 0	 0	 1	 1	 0	 1	 0	 0	 0	 0	 חֲלָשׁלוּשׁ
עובד	 1	 0	 1	 1	 0	 1	 0	 1	 0	 0	 קשקש
סדנה	 1	 0	 1	 1	 0	 1	 0	 1	 0	 0	 להתכווץ
עולמ	 0	 0	 0	 0	 0	 0	 0	 0	 0	 0	 כַּנֶנֶת
עולמי	 0	 0	 0	 0	 0	 0	 0	 0	 0	 0	 רוּחַ
עולמי	 0	 0	 0	 0	 0	 0	 1	 0	 0	 0	 מְצִיאָה
תולעת	 0	 0	 0	 0	 0	 0	 0	 0	 0	 0	 מִתפַּתֵל
נלבש	 0	 0	 0	 0	 0	 0	 0	 0	 0	 0	 טַחֲנַת רוּחַ
דאג	 0	 0	 0	 0	 0	 0	 0	 0	 0	 0	 חַלוֹן
דאגה	 0	 0	 0	 0	 0	 0	 0	 0	 0	 0	 סוער
דאיג	 0	 0	 0	 0	 0	 0	 0	 0	 0	 0	 יַיִן
רע יותר	 0	 0	 0	 0	 0	 0	 0	 0	 0	 0	 אֲגַף
חמרה	 0	 0	 0	 0	 0	 0	 0	 0	 0	 0	 מכונף
פולחנ	 0	 0	 0	 0	 0	 0	 0	 0	 0	 0	 קְרִיצָה
וי	 0	 1	 0	 0	 1	 0	 1	 0	 1	 0	 זוֹכֵה
חסר ערכ	 0	 1	 1	 0	 1	 0	 1	 1	 1	 1	 לנצח
ראוי	 0	 1	 0	 0	 1	 0	 1	 0	 0	 0	 זכיות
וט	 0	 0	 0	 0	 0	 0	 0	 0	 0	 0	 חוֹרֶף
פצע	 0	 0	 0	 0	 0	 0	 0	 0	 0	 0	 חוֹרפִי
רנגלר	 0	 0	 0	 0	 0	 0	 0	 0	 0	 0	 לנגב
תנצחות	 0	 0	 0	 0	 0	 0	 0	 0	 0	 0	 חוּט
עטופ	 1	 1	 0	 0	 0	 0	 1	 0	 1	 0	 אַלחוּט
עטיפה	 0	 0	 0	 0	 0	 0	 1	 0	 0	 0	 וויס
פפה	 0	 0	 0	 0	 0	 0	 1	 0	 0	 1	 חוכמה
זעמ	 0	 0	 0	 0	 0	 0	 1	 0	 0	 0	 חכם
נקומ	 0	 1	 0	 0	 0	 0	 0	 0	 0	 0	 מִשׁתוֹקֵק
זר	 0	 0	 0	 0	 0	 0	 0	 0	 0	 0	 עַגמוּמִי
רוס	 0	 0	 0	 0	 0	 0	 1	 0	 0	 0	 שְׁנִינוּת
רוס	 1	 0	 1	 1	 0	 1	 0	 0	 0	 0	 מְכַשֵׁפָה
פתח ברגימ	 1	 0	 0	 1	 0	 1	 0	 1	 0	 0	 כישוף
חטופ	 0	 0	 0	 0	 0	 0	 0	 0	 0	 0	 עם זאת
תגושש	 0	 0	 0	 0	 0	 1	 0	 1	 0	 0	 לָסֶגֶת
תאבק	 0	 0	 0	 0	 0	 0	 0	 0	 0	 0	 נְסִיגָה
אבקות	 0	 0	 0	 0	 0	 1	 0	 1	 0	 0	 לִקְמוֹל
עלוב	 0	 0	 1	 0	 0	 1	 0	 0	 0	 0	 קָמֵל
אומלל	 0	 1	 0	 1	 0	 0	 1	 0	 0	 0	 לעמוד
רייט	 0	 0	 0	 0	 0	 0	 0	 0	 0	 1	 עֵד
סחוט	 0	 0	 0	 0	 0	 0	 1	 0	 0	 0	 שכל
קמט	 0	 0	 0	 0	 1	 0	 1	 0	 0	 0	 שָׁנוּן
קומט	 0	 1	 0	 0	 0	 0	 1	 0	 1	 0	 אַשָׁף
פרק כפ היד	 0	 0	 1	 1	 0	 1	 0	 1	 0	 0	 אוי
צמיד	 0	 0	 0	 0	 0	 1	 0	 1	 0	 0	 עָצוּב
עונ יד	 0	 0	 1	 0	 0	 1	 0	 1	 0	 0	 בצער רב
צו	 0	 0	 0	 0	 0	 0	 0	 0	 0	 0	 נָשִׁיוּת
תוב	 0	 0	 0	 0	 0	 0	 0	 0	 0	 0	 נָשִׁי
סופר	 0	 0	 0	 0	 0	 0	 1	 0	 0	 0	 רֶחֶם
תיבה	 0	 0	 0	 0	 1	 0	 1	 0	 1	 1	 נִפלָא
תוב	 0	 0	 0	 0	 1	 0	 1	 0	 1	 0	 בצורה נפלאה
גוי	 0	 0	 0	 0	 0	 0	 1	 0	 0	 0	 נִפלָא
עוולה	 0	 1	 0	 0	 0	 0	 0	 0	 0	 0	 רָגִיל
א צודק	 0	 0	 0	 0	 0	 0	 0	 0	 0	 0	 לְחַזֵר אַחֲרֵי
טעות	 0	 0	 0	 0	 0	 0	 0	 0	 0	 0	 עץ
חושל	 0	 0	 0	 0	 0	 0	 0	 0	 0	 0	 חִתוּך עֵץ
עקומ	 0	 0	 0	 0	 0	 0	 0	 0	 0	 0	 עץ
נאת זרימ	 0	 0	 0	 0	 0	 0	 0	 0	 0	 0	 יערות
יאכטה	 0	 0	 0	 0	 0	 0	 0	 0	 0	 0	 עֵצִי
יט יאכטות	 0	 0	 0	 0	 0	 0	 0	 0	 0	 0	 מחזר
יאק	 0	 0	 0	 0	 0	 0	 0	 0	 0	 0	 צֶמֶר
יאמ	 0	 0	 0	 0	 0	 0	 0	 0	 0	 0	 צַמרִי
וכ	 1	 0	 0	 0	 0	 0	 0	 0	 0	 0	 וואו
חצר	 0	 0	 0	 0	 0	 0	 1	 0	 0	 1	 מִלָה
חוט	 0	 0	 0	 0	 0	 0	 0	 0	 0	 0	 ניסוח
סבסב	 1	 0	 0	 0	 0	 1	 0	 0	 0	 0	 מילים
פהק	 0	 0	 0	 0	 0	 0	 0	 0	 0	 0	 רַב מֶלֶל
פהקת	 0	 0	 0	 0	 0	 0	 0	 0	 0	 0	 עֲבוֹדָה
כנ	 0	 0	 0	 0	 0	 0	 0	 0	 0	 0	 חוברת עבודה
נה	 0	 0	 0	 0	 0	 0	 0	 0	 0	 0	 עוֹבֵד
ספר מחזור	 0	 0	 0	 0	 0	 0	 1	 0	 0	 0	 עובד
נ שנה	 0	 0	 0	 0	 0	 0	 0	 0	 0	 0	 פּוֹעֵל
נתי	 0	 0	 0	 0	 0	 0	 0	 0	 0	 0	 טִיב הַעֲבוֹדָה
תגעגע	 0	 0	 0	 0	 0	 0	 0	 0	 0	 0	 מקום עבודה
געגועימ	 0	 0	 0	 0	 0	 0	 0	 0	 0	 0	 עובד
נימ	 0	 0	 0	 0	 0	 0	 0	 0	 0	 0	 סדנה
רימ	 0	 0	 0	 0	 0	 0	 0	 0	 0	 0	 עוֹלָם
צעוק	 0	 0	 0	 0	 0	 0	 0	 0	 0	 0	 עוֹלָמִי
צהוב	 0	 0	 0	 0	 0	 0	 0	 0	 0	 0	 עוֹלָמִי
צהובימ	 0	 1	 0	 0	 0	 1	 0	 0	 1	 0	 תוֹלַעַת
ילל	 0	 0	 0	 0	 0	 1	 0	 1	 0	 0	 נלבש
יאומנ	 0	 0	 0	 0	 0	 1	 0	 1	 0	 0	 מוּדְאָג
אתמול	 0	 1	 0	 1	 0	 1	 0	 1	 0	 0	 דאגה
אתמול	 0	 1	 0	 1	 0	 1	 0	 1	 0	 0	 מדאיג
טקסוס	 0	 0	 0	 1	 0	 1	 0	 1	 0	 0	 רע יותר
תשואה	 0	 0	 1	 0	 0	 1	 0	 1	 0	 0	 הַחמָרָה
ניב	 0	 1	 0	 1	 1	 0	 1	 0	 0	 1	 פולחן
יוגי	 0	 0	 0	 0	 0	 0	 1	 0	 0	 0	 שִׁוּוּי
עול	 1	 0	 1	 0	 0	 1	 0	 1	 0	 0	 חסר ערך
חלמונ	 0	 0	 0	 0	 0	 0	 1	 0	 0	 1	 רָאוּי
יונ	 0	 0	 0	 0	 0	 0	 1	 0	 0	 1	 ווט
שמ	 1	 0	 0	 1	 0	 1	 0	 1	 0	 0	 פֶּצַע
נוער	 0	 0	 0	 0	 0	 0	 0	 0	 0	 0	 רנגלר
יצנ	 1	 0	 1	 1	 0	 1	 0	 1	 0	 0	 התנצחות
זאפ	 0	 0	 0	 0	 0	 0	 0	 0	 0	 0	 לַעֲטוֹף
תלהבות	 0	 0	 0	 0	 0	 0	 0	 0	 0	 0	 עֲטִיפָה
קנאי	 0	 0	 0	 0	 0	 0	 0	 0	 0	 0	 לְפָפָה
קנאי	 1	 0	 0	 1	 0	 1	 0	 0	 0	 0	 זעם
זברה	 1	 0	 0	 0	 0	 1	 0	 0	 0	 0	 לִנְקוֹם
זנית	 0	 0	 0	 0	 0	 0	 0	 0	 0	 0	 זֵר
צפריר	 1	 0	 1	 1	 0	 1	 0	 1	 1	 0	 לַהֲרוֹס
צפלינ	 1	 0	 0	 1	 0	 1	 0	 1	 0	 0	 הרוס
תלהבות	 0	 0	 0	 0	 0	 1	 0	 0	 0	 0	 מפתח ברגים
רוכסנ	 0	 0	 0	 0	 0	 0	 0	 0	 0	 0	 לַחטוֹף
גלגל המזלות	 0	 0	 0	 0	 0	 0	 0	 0	 0	 0	 לְהִתגוֹשֵׁשׁ
אזור	 0	 0	 0	 0	 0	 0	 0	 0	 0	 0	 מִתאַבֵּק
גנ חיות	 0	 0	 0	 0	 0	 1	 0	 0	 0	 0	 הַאָבְקוּת
זואולוגי	 1	 0	 1	 0	 0	 1	 0	 1	 0	 0	 עלוב
זואולוגיה	 0	 0	 1	 0	 0	 1	 0	 1	 0	 0	 אוּמלָל
תקריב	 0	 0	 0	 0	 0	 0	 0	 0	 0	 0	 רייט
	 1	 0	 0	 0	 0	 0	 0	 0	 0	 0	 לִסְחוֹט
	 0	 0	 0	 0	 0	 0	 0	 0	 0	 0	 קֶמֶט
	 0	 0	 0	 0	 0	 0	 0	 1	 0	 0	 מְקוּמָט
	 0	 0	 0	 0	 0	 0	 0	 0	 0	 0	 מפרק כף היד
	 0	 0	 0	 0	 0	 0	 0	 0	 0	 0	 צמיד
	 0	 0	 0	 0	 0	 0	 0	 0	 0	 0	 שָׁעוֹן יָד
	 0	 0	 0	 0	 0	 0	 0	 0	 0	 0	 צו
	 0	 0	 0	 0	 0	 0	 0	 0	 0	 0	 לִכתוֹב
	 0	 0	 0	 0	 0	 0	 1	 0	 0	 0	 סוֹפֵר
	 0	 0	 0	 0	 0	 0	 0	 0	 0	 0	 כְּתִיבָה
	 0	 0	 0	 0	 0	 0	 0	 0	 0	 0	 כתוב
	 0	 0	 0	 0	 0	 1	 0	 0	 0	 0	 שגוי
	 1	 0	 1	 0	 0	 1	 0	 1	 0	 0	 עוולה
	 1	 0	 1	 0	 0	 1	 0	 1	 0	 0	 לֹא צוֹדֵק
	 1	 0	 0	 1	 0	 1	 0	 1	 0	 0	 בטעות
	 0	 0	 0	 0	 0	 1	 0	 0	 0	 0	 מְחוֹשָׁל
	 0	 0	 0	 0	 0	 1	 0	 0	 0	 0	 עָקוֹם
	 0	 0	 0	 1	 0	 1	 0	 0	 0	 0	 שנאת זרים
	 0	 0	 0	 0	 0	 0	 0	 0	 0	 0	 xerox
	 0	 0	 0	 0	 0	 0	 0	 0	 0	 0	 יאכטה
	 0	 0	 0	 0	 0	 0	 0	 0	 0	 0	 שיט יאכטות
	 0	 0	 0	 0	 0	 0	 0	 0	 0	 0	 יאק
	 0	 0	 0	 0	 0	 0	 0	 0	 0	 0	 יאם
	 0	 0	 0	 0	 0	 0	 0	 0	 0	 0	 למשוך
	 0	 0	 0	 0	 0	 0	 0	 0	 0	 0	 חָצֵר
	 0	 0	 0	 0	 0	 0	 0	 0	 0	 0	 חוּט
	 0	 0	 0	 0	 0	 0	 0	 0	 0	 0	 לְסַבְּסֵב
	 0	 0	 0	 0	 0	 1	 0	 0	 0	 0	 לְפַהֵק
	 0	 0	 0	 0	 0	 1	 0	 0	 0	 0	 פַּהֶקֶת
	 0	 0	 0	 0	 0	 0	 0	 0	 0	 0	 כן
	 0	 0	 0	 0	 0	 0	 0	 0	 0	 0	 שָׁנָה
	 0	 0	 0	 0	 0	 0	 0	 0	 0	 0	 ספר מחזור
	 0	 0	 0	 0	 0	 0	 0	 0	 0	 0	 בֶּן שָׁנָה
	 0	 0	 0	 0	 0	 0	 0	 0	 0	 0	 שְׁנָתִי
	 0	 0	 0	 0	 0	 0	 0	 0	 0	 0	 לְהִתגַעגֵעַ
	 0	 1	 0	 0	 1	 1	 1	 0	 0	 1	 גַעגוּעִים
	 0	 0	 0	 0	 0	 0	 0	 0	 0	 0	 שנים
	 0	 0	 0	 0	 0	 0	 0	 0	 0	 0	 שמרים
	 1	 0	 0	 1	 0	 1	 0	 0	 1	 0	 לִצְעוֹק
	 0	 0	 0	 0	 0	 0	 0	 0	 0	 0	 צהוב
	 0	 0	 0	 0	 0	 1	 0	 0	 0	 0	 צהובים
	 1	 0	 0	 1	 0	 1	 0	 0	 1	 0	 לְיַלֵל
	 0	 0	 0	 0	 0	 0	 0	 0	 0	 0	 יאומן
	 0	 0	 0	 0	 0	 0	 0	 0	 0	 0	 אתמול
	 0	 0	 0	 0	 0	 0	 0	 0	 0	 0	 אתמול
	 0	 0	 0	 0	 0	 0	 0	 0	 0	 0	 טקסוס
	 0	 0	 0	 0	 0	 0	 0	 0	 0	 0	 תְשׁוּאָה
	 0	 0	 0	 0	 0	 0	 0	 0	 0	 0	 מניב
	 0	 0	 0	 0	 0	 0	 0	 0	 0	 0	 יוֹגִי
	 0	 0	 0	 0	 0	 0	 0	 0	 0	 0	 עוֹל
	 0	 0	 0	 0	 0	 0	 0	 0	 0	 0	 חֶלמוֹן
	 0	 0	 0	 0	 0	 0	 0	 0	 0	 0	 יון
	 0	 0	 0	 0	 0	 0	 0	 0	 0	 0	 שם
	 1	 1	 0	 1	 1	 0	 1	 0	 1	 0	 נוֹעַר
	 0	 0	 0	 0	 0	 0	 0	 0	 1	 0	 לֵיצָן
	 0	 0	 0	 0	 0	 0	 0	 0	 0	 0	 זאפ
	 0	 1	 0	 0	 1	 0	 1	 0	 1	 1	 התלהבות
	 0	 0	 0	 0	 0	 0	 0	 0	 0	 0	 קַנַאִי
	 0	 0	 0	 0	 1	 0	 1	 0	 0	 1	 קַנָאִי
	 0	 0	 0	 0	 0	 0	 0	 0	 0	 0	 זֶבּרָה
	 0	 0	 0	 0	 0	 0	 0	 0	 0	 0	 זֵנִית
	 0	 0	 0	 0	 0	 0	 0	 0	 0	 0	 צַפרִיר
	 0	 0	 0	 0	 0	 0	 0	 0	 0	 0	 צֶפֶּלִין
	 0	 1	 0	 0	 1	 0	 1	 0	 0	 1	 הִתלַהֲבוּת
	 0	 0	 0	 0	 0	 1	 0	 0	 0	 0	 רוכסן
	 0	 0	 0	 0	 0	 0	 0	 0	 0	 0	 גַלגַל הַמַזָלוֹת
	 0	 0	 0	 0	 0	 0	 0	 0	 0	 0	 אֵזוֹר
	 0	 0	 0	 0	 0	 0	 0	 0	 0	 0	 גַן חַיוֹת
	 0	 0	 0	 0	 0	 0	 0	 0	 0	 0	 זוֹאוֹלוֹגִי
	 0	 0	 0	 0	 0	 0	 0	 0	 0	 0	 זוֹאוֹלוֹגִיָה
	 0	 0	 0	 0	 0	 0	 0	 0	 0	 0	 תקריב
