Russian Word,anger,anticipation,disgust,fear,joy,negative,positive,sadness,surprise,trust
ошеломленный,0,0,0,0,0,0,0,0,0,0
счеты,0,0,0,0,0,0,0,0,0,1
покидать,0,0,0,1,0,1,0,1,0,0
заброшенный,1,0,0,1,0,1,0,1,0,0
оставление,1,0,0,1,0,1,0,1,1,0
уменьшаться,0,0,0,0,0,0,0,0,0,0
сокращение,0,0,0,0,0,0,0,0,0,0
абба,0,0,0,0,0,0,1,0,0,0
аббат,0,0,0,0,0,0,0,0,0,1
сокращать,0,0,0,0,0,0,0,0,0,0
Сокращенное название,0,0,0,0,0,0,0,0,0,0
живот,0,0,0,0,0,0,0,0,0,0
брюшной,0,0,0,0,0,0,0,0,0,0
похищение,0,0,0,1,0,1,0,1,1,0
аномальный,0,0,0,0,0,1,0,0,0,0
аберрация,0,0,1,0,0,1,0,0,0,0
отсрочка,0,0,0,0,0,0,0,0,0,0
ненавидеть,1,0,1,1,0,1,0,0,0,0
отвратительный,1,0,1,1,0,1,0,0,0,0
соблюдать,0,0,0,0,0,0,0,0,0,0
способность,0,0,0,0,0,0,1,0,0,0
презренный,0,0,1,0,0,1,0,0,0,0
абляция,0,0,0,0,0,0,0,0,0,0
пылающий,0,0,0,0,0,0,0,0,0,0
аномальный,0,0,1,0,0,1,0,0,0,0
на борту,0,0,0,0,0,0,0,0,0,0
обитель,0,0,0,0,0,0,0,0,0,0
отменять,1,0,0,0,0,1,0,0,0,0
отмена,0,0,0,0,0,1,0,0,0,0
отвратительный,0,0,1,1,0,1,0,0,0,0
мерзость,1,0,1,1,0,1,0,0,0,0
абориген,0,0,0,0,0,0,0,0,0,0
прервать,0,0,0,0,0,1,0,0,0,0
аборт,0,0,1,1,0,1,0,1,0,0
неудачный,0,0,0,0,0,1,0,1,0,0
изобиловать,0,0,0,0,0,0,0,0,0,0
вышеупомянутый,0,0,0,0,0,0,1,0,0,0
истирание,0,0,0,0,0,1,0,0,0,0
за рубежом,0,0,0,0,0,0,0,0,0,0
отменить,0,0,0,0,0,1,0,0,0,0
резкий,0,0,0,0,0,0,0,0,1,0
резко,0,0,0,0,0,0,0,0,0,0
абсцесс,0,0,0,0,0,1,0,1,0,0
отсутствие,0,0,0,1,0,1,0,1,0,0
отсутствующий,0,0,0,0,0,1,0,1,0,0
отсутствующий,0,0,0,0,0,1,0,1,0,0
невыход на работу,0,0,0,0,0,1,0,0,0,0
абсент,0,0,0,0,0,0,0,0,0,0
абсолютный,0,0,0,0,0,0,1,0,0,0
отпущение грехов,0,0,0,0,1,0,1,0,0,1
поглощен,0,0,0,0,0,0,1,0,0,0
абсорбент,0,0,0,0,0,0,0,0,0,0
поглощающий,0,0,0,0,0,0,0,0,0,0
поглощение,0,0,0,0,0,0,0,0,0,0
воздерживаться,0,0,0,0,0,0,0,0,0,0
воздержание,0,0,0,0,0,0,0,0,0,0
воздержание,0,0,0,0,0,0,0,0,0,0
Аннотация,0,0,0,0,0,0,0,0,0,0
абстракция,0,0,0,0,0,0,0,0,0,0
абсурдный,0,0,0,0,0,1,0,0,0,0
абсурд,0,0,0,0,0,1,0,0,0,0
избыток,0,1,1,0,1,1,1,0,0,1
обильный,0,0,0,0,1,0,1,0,0,0
злоупотреблять,1,0,1,1,0,1,0,1,0,0
абатмент,0,0,0,0,0,0,0,0,0,0
абы,0,0,0,0,0,0,0,0,0,0
бездонный,0,0,0,0,0,1,0,1,0,0
бездна,0,0,0,1,0,1,0,1,0,0
академический,0,0,0,0,0,0,1,0,0,1
академия,0,0,0,0,0,0,1,0,0,0
присоединиться,0,0,0,0,0,0,0,0,0,0
ускорить,0,1,0,0,0,0,0,0,0,0
ускорение,0,0,0,0,0,0,0,0,0,0
акцент,0,0,0,0,0,0,0,0,0,0
подчеркивать,0,0,0,0,0,0,0,0,0,0
принимать,0,0,0,0,0,0,0,0,0,0
приемлемый,0,0,0,0,0,0,1,0,0,0
принятие,0,0,0,0,0,0,1,0,0,0
доступ,0,0,0,0,0,0,0,0,0,0
доступный,0,0,0,0,0,0,1,0,0,0
присоединение,0,0,0,0,0,0,0,0,0,0
аксессуар,0,0,0,0,0,0,0,0,0,0
несчастный случай,0,0,0,1,0,1,0,1,1,0
случайный,0,0,0,1,0,1,0,0,1,0
случайно,0,0,0,0,0,0,0,0,1,0
похвалить,0,1,0,0,1,0,1,0,1,1
разместить,0,0,0,0,0,0,0,0,0,0
проживание,0,0,0,0,0,0,1,0,0,0
сопровождение,0,1,0,0,1,0,1,0,0,1
сопровождать,0,0,0,0,0,0,0,0,0,0
сопровождающий,0,0,0,0,0,0,0,0,0,0
сообщник,0,0,0,0,0,0,0,0,0,0
выполнить,0,0,0,0,1,0,1,0,0,0
удавшийся,0,0,0,0,1,0,1,0,0,0
достижение,0,0,0,0,0,0,1,0,0,0
согласие,0,0,0,0,0,0,1,0,0,1
соответствие,0,0,0,0,0,0,0,0,0,0
аккордеон,0,0,0,0,0,0,0,0,0,0
учетная запись,0,0,0,0,0,0,0,0,0,1
подотчетность,0,0,0,0,0,0,1,0,0,1
ответственный,0,0,0,0,0,0,1,0,0,1
бухгалтер,0,0,0,0,0,0,0,0,0,1
бухгалтерский учет,0,0,0,0,0,0,0,0,0,0
учетные записи,0,0,0,0,0,0,0,0,0,1
аккредитованный,0,0,0,0,0,0,1,0,0,1
аккреция,0,0,0,0,0,0,0,0,0,0
накапливаться,0,0,0,0,0,0,0,0,0,0
accueil,0,0,0,0,0,0,1,0,0,0
накапливать,0,0,0,0,0,0,0,0,0,0
накопление,0,0,0,0,0,0,0,0,0,0
точность,0,0,0,0,0,0,0,0,0,0
точный,0,0,0,0,0,0,1,0,0,1
проклятый,1,0,0,1,0,1,0,1,0,0
обвинение,1,0,1,0,0,1,0,0,0,0
винительный,0,0,0,0,0,1,0,0,0,0
обвиняемый,1,0,0,1,0,1,0,0,0,0
обвинитель,1,0,0,1,0,1,0,0,0,0
обвинение,1,0,0,1,0,1,0,0,0,0
привыкший,0,0,0,0,0,0,0,0,0,0
туз,0,0,0,0,0,0,1,0,0,0
уксусный,0,0,0,0,0,0,0,0,0,0
боль,0,0,0,0,0,1,0,1,0,0
достигать,0,0,0,0,1,0,1,0,0,1
достижение,0,1,0,0,1,0,1,0,0,1
ноющий,0,0,0,0,0,1,0,1,0,0
кислота,0,0,0,0,0,1,0,0,0,0
кислотность,0,0,0,0,0,0,0,0,0,0
сознавать,0,0,0,0,0,0,0,0,0,0
признанный,0,0,0,0,0,0,0,0,0,0
подтверждение,0,0,0,0,0,0,1,0,0,0
акме,0,0,0,0,0,0,0,0,0,0
акустический,0,0,0,0,0,0,0,0,0,0
акустика,0,0,0,0,0,0,0,0,0,0
знакомить,0,0,0,0,0,0,0,0,0,0
знакомство,0,0,0,0,0,0,0,0,0,0
знакомый,0,0,0,0,0,0,0,0,0,0
уступчивость,0,0,0,0,0,0,0,0,0,0
приобретать,0,0,0,0,0,0,1,0,0,0
приобретение,0,1,0,0,0,0,1,0,0,0
приобретение,0,0,0,0,0,0,0,0,0,0
приобретения,0,0,0,0,0,0,0,0,0,0
площадь,0,0,0,0,0,0,0,0,0,0
акры,0,0,0,0,0,0,0,0,0,0
акробат,0,0,0,1,1,0,1,0,0,1
действовать,0,0,0,0,0,0,0,0,0,0
действующий,0,0,0,0,0,0,0,0,0,0
действие,0,0,0,0,0,0,1,0,0,0
действенный,1,0,1,0,0,1,0,0,0,0
активный,0,0,0,0,0,0,0,0,0,0
Мероприятия,0,0,0,0,0,0,0,0,0,0
актер,0,0,0,0,0,0,0,0,0,0
действительный,0,0,0,0,0,0,1,0,0,0
актуальность,0,0,0,0,0,0,0,0,0,0
актуарий,0,0,0,0,0,0,0,0,0,0
острота,0,0,0,0,0,0,1,0,0,0
проницательность,0,0,0,0,0,0,1,0,0,0
иглоукалывание,0,0,0,0,0,0,0,0,0,0
остро,0,0,0,0,0,0,0,0,0,0
поговорка,0,0,0,0,0,0,0,0,0,0
непреклонный,0,0,0,0,0,0,0,0,0,0
адаптировать,0,0,0,0,0,0,1,0,0,0
адаптируемый,0,0,0,0,0,0,1,0,0,0
добавлять,0,0,0,0,0,0,0,0,0,0
добавлен,0,0,0,0,0,0,0,0,0,0
дополнение,0,0,0,0,0,0,0,0,0,0
сумматор,1,0,1,1,0,1,0,1,0,0
зависимость,0,0,0,0,0,1,0,0,0,0
добавление,0,0,0,0,0,0,0,0,0,0
дополнительный,0,0,0,0,0,0,0,0,0,0
добавка,0,0,0,0,0,0,0,0,0,0
адрес,0,0,0,0,0,0,0,0,0,0
адресат,0,0,0,0,0,0,0,0,0,0
адреса,0,1,0,0,0,0,1,0,0,0
адепт,0,0,0,0,0,0,1,0,0,0
достаточность,0,0,0,0,0,0,1,0,0,0
адекватный,0,0,0,0,0,0,0,0,0,0
придерживаться,0,0,0,0,0,0,0,0,0,0
приверженность,0,0,0,0,0,0,0,0,0,0
приверженец,0,0,0,0,0,0,0,0,0,0
придерживаясь,0,0,0,0,0,0,0,0,0,1
адгезия,0,0,0,0,0,0,0,0,0,0
клей,0,0,0,0,0,0,0,0,0,0
прощай,0,0,0,0,0,0,0,0,0,0
жировой,0,0,0,0,0,1,0,0,0,0
соседство,0,0,0,0,0,0,0,0,0,0
соседний,0,0,0,0,0,0,0,0,0,0
имя прилагательное,0,0,0,0,0,0,0,0,0,0
примыкающий,0,0,0,0,0,0,0,0,0,0
отложить,0,0,0,0,0,0,0,0,0,0
отсрочка,0,0,0,0,0,0,0,0,0,0
судить,0,0,0,1,0,1,0,0,0,0
судебное решение,0,0,0,0,0,0,0,0,0,0
дополнение,0,0,0,0,0,0,1,0,0,0
регулировать,0,0,0,0,0,0,0,0,0,0
корректирование,0,0,0,0,0,0,0,0,0,0
адъювант,0,0,0,0,0,0,0,0,0,0
управлять,0,0,0,0,0,0,0,0,0,0
администрация,0,0,0,0,0,0,0,0,0,0
административный,0,0,0,0,0,0,0,0,0,1
замечательный,0,0,0,0,1,0,1,0,0,1
адмирал,0,0,0,0,0,0,1,0,0,1
адмиралтейство,0,0,0,0,0,0,0,0,0,0
восхищение,0,0,0,0,1,0,1,0,0,1
восхищаться,0,0,0,0,0,0,1,0,0,1
поклонник,0,0,0,0,0,0,1,0,0,0
приемлемость,0,0,0,0,0,0,0,0,0,0
допустимый,0,0,0,0,0,0,1,0,0,1
допуск,0,0,0,0,0,0,0,0,0,0
признавать,0,0,0,0,0,0,0,0,0,0
допуск,0,0,0,0,0,0,0,0,0,0
допущенный,0,0,0,0,0,0,0,0,0,0
признавая,0,0,0,0,0,0,0,0,0,0
примесь,0,0,0,0,0,0,0,0,0,0
замечание,0,0,0,1,0,1,0,0,0,0
суета,0,0,0,0,0,0,0,0,0,0
саман,0,0,0,0,0,0,0,0,0,0
подростковый возраст,0,0,0,0,0,0,0,0,0,0
подросток,0,0,0,0,0,0,0,0,0,0
усыновить,0,0,0,0,0,0,0,0,0,0
принятие,0,0,0,0,0,0,0,0,0,0
восхитительный,0,0,0,0,1,0,1,0,0,0
обожание,0,0,0,0,1,0,1,0,0,1
обожать,0,1,0,0,1,0,1,0,0,1
украшать,0,0,0,0,0,0,0,0,0,0
украшение,0,0,0,0,0,0,0,0,0,0
дрейфовать по течению,0,1,0,1,0,1,0,1,0,0
взрослый,0,0,0,0,0,0,0,0,0,0
фальсифицированный,0,0,0,0,0,1,0,0,0,0
прелюбодеяние,0,0,1,0,0,1,0,1,0,0
продвигать,0,1,0,1,1,0,1,0,1,0
передовой,0,0,0,0,0,0,1,0,0,0
продвижение,0,0,0,0,0,0,1,0,0,0
продвижение,0,0,0,0,0,0,0,0,0,0
преимущество,0,0,0,0,0,0,1,0,0,0
выгодный,0,0,0,0,0,0,1,0,0,0
пришествие,0,1,0,0,1,0,1,0,0,1
приключение,0,1,0,0,0,0,1,0,0,0
авантюрист,0,0,0,0,0,0,0,0,0,0
предприимчивый,0,0,0,0,0,0,1,0,0,0
противник,1,0,0,0,0,1,0,0,0,0
неблагоприятный,1,0,1,1,0,1,0,1,0,0
несчастье,1,0,0,1,0,1,0,1,0,0
рекламировать,0,0,0,0,0,0,0,0,0,0
рекламное объявление,0,0,0,0,0,0,0,0,0,0
совет,0,0,0,0,0,0,0,0,0,1
желательно,0,0,0,0,0,0,1,0,0,1
советовать,0,0,0,0,0,0,1,0,0,1
посоветовал,0,0,0,0,0,0,0,0,0,1
совет,0,0,0,0,0,0,0,0,0,0
советник,0,0,0,0,0,0,1,0,0,1
защита,1,1,0,0,1,0,1,0,0,1
адвокат,0,0,0,0,0,0,0,0,0,1
эгида,0,0,0,0,0,0,0,0,0,0
аэрация,0,0,0,0,0,0,0,0,0,0
антенна,0,0,0,0,0,0,0,0,0,0
аэродром,0,0,0,0,0,0,0,0,0,0
аэродинамика,0,0,0,0,0,0,0,0,0,0
воздухоплавание,0,0,0,0,0,0,0,0,0,0
самолет,0,0,0,0,0,0,0,0,0,0
эстетический,0,0,0,0,0,0,1,0,0,0
эстетика,0,0,0,0,1,0,1,0,0,0
этиология,0,0,0,0,0,0,0,0,0,0
издалека,0,0,0,0,0,0,0,0,0,0
приветливый,0,0,0,0,0,0,1,0,0,0
роман,0,0,0,0,0,0,0,0,0,0
воздействующий,0,0,0,0,0,0,0,0,0,0
привязанность,0,0,0,0,1,0,1,0,0,1
привязанности,0,0,0,0,0,0,0,0,0,0
афиш,0,0,0,0,0,0,0,0,0,0
аффидевит,0,0,0,0,0,0,0,0,0,0
аффилированный,0,0,0,0,0,0,1,0,0,0
принадлежность,0,0,0,0,0,0,0,0,0,0
близость,0,0,0,0,0,0,0,0,0,0
подтверждать,0,0,0,0,0,0,1,0,0,1
подтверждение,0,0,0,0,0,0,1,0,0,0
утвердительный,0,0,0,0,0,0,1,0,0,0
утвердительно,0,0,0,0,0,0,1,0,0,1
прикреплять,0,0,0,0,0,0,0,0,0,0
поражать,0,0,0,1,0,1,0,1,0,0
страдающий,0,0,0,0,0,1,0,0,0,0
несчастье,0,0,1,1,0,1,0,1,0,0
изобилие,0,0,0,0,1,0,1,0,0,0
богатый,0,0,0,0,0,0,1,0,0,0
предоставлять,0,0,0,0,0,0,1,0,0,0
оскорблять,1,0,1,1,0,1,0,1,1,0
вдали,0,0,0,0,0,0,0,0,0,0
прежде,0,0,0,0,0,0,0,0,0,0
вышеупомянутый,0,0,0,0,0,0,0,0,0,0
вышеупомянутый,0,0,0,0,0,0,0,0,0,0
боюсь,0,0,0,1,0,1,0,0,0,0
заново,0,0,0,0,0,0,0,0,0,0
корма,0,0,0,0,0,0,0,0,0,0
последствия,1,0,1,1,0,1,0,1,0,0
после полудня,0,0,0,0,0,0,0,0,0,0
послевкусие,0,0,0,0,0,1,0,0,0,0
запоздалая мысль,0,0,0,0,0,0,0,0,0,0
ага,0,0,0,1,0,0,1,0,0,1
агат,0,0,0,0,0,0,0,0,0,0
возраст,0,0,0,0,0,0,0,0,0,0
в возрасте,0,0,0,0,0,0,0,0,0,0
агентство,0,0,0,0,0,0,0,0,0,0
агент,0,0,0,0,0,0,0,0,0,0
агломерация,0,0,0,0,0,0,0,0,0,0
усугубленный,1,0,0,0,0,1,0,0,0,0
отягчающий,1,0,0,0,0,1,0,1,0,0
обострение,1,0,1,0,0,1,0,0,0,0
агрегат,0,0,0,0,0,0,0,0,0,0
агрегация,0,0,0,0,0,0,0,0,0,0
агрессия,1,0,0,1,0,1,0,0,0,0
агрессивный,1,0,0,1,0,1,0,0,0,0
агрессор,1,0,0,1,0,1,0,0,0,0
ошеломленный,0,0,1,1,0,1,0,0,1,0
гибкий,0,0,0,0,0,0,1,0,0,0
ловкость,0,0,0,0,0,0,1,0,0,0
взволнованный,1,0,0,0,0,1,0,0,0,0
волнение,1,0,0,0,0,1,0,0,0,0
агностик,0,0,0,0,0,0,0,0,0,0
назад,0,0,0,0,0,0,0,0,0,0
мучительный,0,0,0,1,0,1,0,0,0,0
агония,1,0,0,1,0,1,0,1,0,0
соглашаться,0,0,0,0,0,0,1,0,0,0
приятный,0,0,0,0,0,0,1,0,0,1
согласовано,0,0,0,0,0,0,1,0,0,1
согласие,0,0,0,0,0,0,1,0,0,1
соглашение,0,0,0,0,0,0,1,0,0,1
сельскохозяйственный,0,0,0,0,0,0,0,0,0,0
сельское хозяйство,0,0,0,0,0,0,1,0,0,0
на мели,0,0,0,0,0,1,0,0,0,0
вода,0,0,0,0,0,0,0,0,0,0
предстоящий,0,0,0,0,0,0,1,0,0,0
помогать,0,0,0,0,0,0,1,0,0,0
помощь,0,0,0,0,0,0,1,0,0,0
больной,0,0,0,0,0,1,0,1,0,0
больной,0,0,0,1,0,1,0,1,0,0
болезнь,0,0,0,0,0,0,0,0,0,0
цель,0,0,0,0,0,0,0,0,0,0
бесцельный,0,0,0,0,0,1,0,0,0,0
воздуха,0,0,0,0,0,0,0,0,0,0
воздушная подушка,0,0,0,0,0,0,0,0,0,0
воздушный транспорт,0,0,0,0,0,0,0,0,0,0
авиакомпания,0,0,0,0,0,0,0,0,0,0
летчик,0,0,0,0,0,0,0,0,0,0
самолет,0,0,0,0,0,0,0,0,0,0
аэропорт,0,1,0,0,0,0,0,0,0,0
воздух,0,0,1,0,0,1,0,0,0,0
дирижабль,0,0,0,0,0,0,0,0,0,0
ряд,0,0,0,0,0,0,0,0,0,0
эт,0,0,0,0,0,0,0,0,0,0
приоткрытый,0,0,0,0,0,0,0,0,0,0
похожий,0,0,0,0,0,0,0,0,0,1
алебастр,0,0,0,0,0,0,1,0,0,0
тревога,0,0,0,1,0,1,0,0,1,0
тревожный,0,0,0,1,0,1,0,0,1,0
Альб,0,0,0,0,0,0,0,0,0,1
альбом,0,0,0,0,0,0,0,0,0,0
алхимия,0,0,0,0,0,0,0,0,0,0
алкоголь,0,0,0,0,0,0,0,0,0,0
алкоголизм,1,0,1,1,0,1,0,1,0,0
ниша,0,0,0,0,0,0,0,0,0,0
тревога,0,0,0,0,0,0,0,0,0,0
бдительность,0,1,0,1,0,0,1,0,1,0
оповещения,0,1,0,1,0,0,0,0,1,0
люцерна,0,0,0,0,0,0,0,0,0,0
алгебра,0,0,0,0,0,0,0,0,0,0
алгебраический,0,0,0,0,0,0,0,0,0,0
алгоритм,0,0,0,0,0,0,0,0,0,0
алиби,0,0,0,0,0,0,0,0,0,0
инопланетянин,0,0,1,1,0,1,0,0,0,0
отчуждать,1,0,1,0,0,1,0,0,0,0
отчужденный,0,0,0,0,0,1,0,1,0,0
отчуждение,1,0,1,1,0,1,0,1,0,0
сойти,0,0,0,0,0,0,0,0,0,0
выровнены,0,0,0,0,0,0,0,0,0,0
выравнивание,0,0,0,0,0,0,0,0,0,0
одинаковый,0,0,0,0,0,0,0,0,0,0
питание,0,0,0,0,0,0,1,0,0,0
алименты,0,0,0,0,0,1,0,0,0,0
аликвота,0,0,0,0,0,0,0,0,0,0
в живых,0,1,0,0,1,0,1,0,0,1
щелочь,0,0,0,0,0,0,0,0,0,0
алкалоиды,0,0,0,0,0,0,0,0,0,0
успокаивать,0,0,0,0,0,0,1,0,0,0
обвинение,1,0,0,0,0,1,0,0,0,0
утверждать,0,0,0,0,0,1,0,0,0,0
предполагаемый,0,0,0,0,0,0,0,0,0,0
преданность,0,0,0,0,0,0,1,0,0,1
аллегорический,0,0,0,0,0,0,0,0,0,0
аллегория,0,0,0,0,0,0,0,0,0,0
аллегро,0,0,0,0,0,0,1,0,0,0
облегчить,0,0,0,0,0,0,1,0,0,0
облегчение,0,0,0,0,0,0,1,0,0,0
переулок,0,0,0,0,0,0,0,0,0,0
альянс,0,0,0,0,0,0,0,0,0,1
союзный,0,0,0,0,0,0,1,0,0,1
аллигатор,0,0,0,0,0,0,0,0,0,0
выделять,0,0,0,0,0,0,0,0,0,0
распределение,0,0,0,0,0,0,0,0,0,0
выделять,0,0,0,0,0,0,0,0,0,0
надел,0,0,0,0,0,0,0,0,0,0
допустимый,0,0,0,0,0,0,1,0,0,0
разрешение,0,0,0,0,0,0,0,0,0,0
допустимый,0,0,0,0,0,0,0,0,0,0
сплав,0,0,0,0,0,0,0,0,0,0
очарование,0,1,0,0,1,0,1,0,1,0
соблазнительный,0,0,0,0,0,0,1,0,0,0
намек,0,0,0,0,0,0,0,0,0,0
аллювиальный,0,0,0,0,0,0,0,0,0,0
союзник,0,0,0,0,0,0,1,0,0,1
альманах,0,0,0,0,0,0,0,0,0,0
всемогущий,0,0,0,0,0,0,1,0,0,0
наверху,0,0,0,0,0,0,0,0,0,0
алоха,0,1,0,0,1,0,1,0,0,0
рядом,0,0,0,0,0,0,0,0,0,0
в стороне,0,0,0,0,0,1,0,0,0,0
вслух,0,0,0,0,0,0,0,0,0,0
алфавит,0,0,0,0,0,0,0,0,0,0
алфавитный,0,0,0,0,0,0,0,0,0,0
алтарь,0,0,0,0,0,0,0,0,0,0
изменить,0,0,0,0,0,0,0,0,0,0
изменение,0,0,0,0,0,0,0,0,0,0
ссора,1,0,0,0,0,1,0,0,0,0
измененный,0,0,0,0,0,0,0,0,0,0
чередовать,0,0,0,0,0,0,0,0,0,0
альтернатива,0,0,0,0,0,0,0,0,0,0
высота,0,0,0,0,0,0,0,0,0,0
альт,0,0,0,0,0,0,0,0,0,0
вообще,0,0,0,0,0,0,0,0,0,0
выпускник,0,0,0,0,0,0,0,0,0,0
альвеолярный,0,0,0,0,0,0,0,0,0,0
амальгама,0,0,0,0,0,0,0,0,0,0
слияние,0,0,0,0,0,0,0,0,0,0
накапливать,0,0,0,0,0,0,0,0,0,0
любитель,0,0,0,0,0,0,0,0,0,0
удивлять,0,0,0,0,0,0,0,0,1,0
изумление,0,0,0,0,0,0,0,0,0,0
удивительно,0,0,0,0,1,0,1,0,1,0
посол,0,0,0,0,0,0,1,0,0,1
янтарь,0,0,0,0,0,0,0,0,0,0
окружающий,0,0,0,0,0,0,0,0,0,0
двусмысленность,0,0,0,0,0,0,0,0,0,0
двусмысленный,0,0,0,0,0,1,0,0,0,0
область,0,0,0,0,0,0,0,0,0,0
амбиция,0,1,0,0,1,0,1,0,0,1
честолюбивый,0,0,0,0,0,0,0,0,0,0
скорая помощь,0,0,0,1,0,0,0,0,0,1
засада,1,0,0,1,0,1,0,0,1,0
улучшать,0,0,0,0,0,0,1,0,0,0
аминь,0,0,0,0,1,0,1,0,0,1
податливый,0,0,0,0,0,0,1,0,0,0
исправлять,0,0,0,0,0,0,1,0,0,0
поправка,0,0,0,0,0,0,0,0,0,0
исправляет,0,0,0,0,0,0,1,0,0,0
удобства,0,0,0,0,0,0,1,0,0,0
аметист,0,0,0,0,0,0,0,0,0,0
любезный,0,0,0,0,0,0,1,0,0,0
дружелюбный,0,0,0,0,1,0,1,0,0,0
среди,0,0,0,0,0,0,0,0,0,0
среди,0,0,0,0,0,0,0,0,0,0
аммиак,0,0,1,0,0,0,0,0,0,0
боеприпасы,0,0,0,0,0,0,0,0,0,0
амнезия,0,0,0,0,0,1,0,0,0,0
амнистия,0,0,0,0,1,0,1,0,0,0
аморфный,0,0,0,0,0,0,0,0,0,0
амортизация,0,0,0,0,0,0,0,0,0,1
количество,0,0,0,0,0,0,0,0,0,0
любовь,0,1,0,0,1,0,1,0,0,1
амперсанд,0,0,0,0,0,0,0,0,0,0
амфетамины,0,0,1,0,0,1,0,0,0,0
амфибия,0,0,0,0,0,0,0,0,0,0
амфибия,0,0,0,0,0,0,0,0,0,0
амфитеатр,0,0,0,0,0,0,0,0,0,0
усиление,0,0,0,0,0,0,0,0,0,0
усиливать,0,0,0,0,0,0,0,0,0,0
амплитуда,0,0,0,0,0,0,0,0,0,0
обильно,0,0,0,0,0,0,0,0,0,0
ампутация,0,0,0,0,0,0,0,0,0,0
амулет,0,0,0,0,0,0,0,0,0,0
развлекать,0,0,0,0,1,0,1,0,0,0
изумленный,0,0,0,0,1,0,1,0,0,0
развлечение,0,0,0,0,1,0,1,0,0,0
занимательный,0,0,0,0,1,0,1,0,0,0
ана,0,0,0,0,0,0,0,0,0,0
анаконда,0,0,1,1,0,1,0,0,0,0
анестезия,0,0,0,0,0,0,0,0,0,0
анестетик,0,0,0,0,0,0,0,0,0,0
анальный,0,0,0,0,0,1,0,0,0,0
обезболивающее,0,0,0,0,0,0,0,0,0,0
аналогичный,0,0,0,0,0,0,0,0,0,0
аналог,0,0,0,0,0,0,0,0,0,0
аналогия,0,0,0,0,0,0,0,0,0,0
анализ,0,0,0,0,0,0,0,0,0,0
аналитик,0,1,0,0,0,0,1,0,0,1
аналитический,0,0,0,0,0,0,0,0,0,0
анализировать,0,0,0,0,0,0,0,0,0,0
анализатор,0,0,0,0,0,0,0,0,0,0
анархизм,1,0,0,1,0,1,0,0,0,0
анархист,1,0,0,1,0,1,0,0,0,0
анархия,1,0,0,1,0,1,0,0,0,0
анастомоз,0,0,0,0,0,0,0,0,0,0
анафема,1,0,1,1,0,1,0,1,0,0
анатомический,0,0,0,0,0,0,0,0,0,0
анатомия,0,0,0,0,0,0,0,0,0,0
предок,0,0,0,0,0,0,0,0,0,0
родовой,0,0,0,0,0,0,0,0,0,1
родословная,0,0,0,0,0,0,0,0,0,0
якорь,0,0,0,0,0,0,1,0,0,0
якорная стоянка,0,0,0,0,0,0,1,1,0,0
древний,0,0,0,0,0,1,0,0,0,0
вспомогательный,0,0,0,0,0,0,0,0,0,0
андроген,0,0,0,0,0,0,0,0,0,0
анемон,0,0,0,0,0,0,0,0,0,0
заново,0,0,0,0,0,0,0,0,0,0
ангел,0,1,0,0,1,0,1,0,1,1
ангельский,0,0,0,0,1,0,1,0,0,1
злость,1,0,0,0,0,1,0,0,0,0
стенокардия,0,0,0,1,0,1,0,0,0,0
ангиография,0,0,0,0,0,0,0,0,0,0
угол,0,0,0,0,0,0,0,0,0,0
рыбалка,0,1,0,0,0,1,0,0,0,0
злой,1,0,1,0,0,1,0,0,0,0
тоска,1,0,0,1,0,1,0,1,0,0
угловатый,0,0,0,0,0,0,0,0,0,0
безводный,0,0,0,0,0,0,0,0,0,0
животное,0,0,0,0,0,0,0,0,0,0
оживлять,0,0,0,0,0,0,1,0,0,0
анимированный,0,0,0,0,1,0,1,0,0,0
анимация,0,0,0,0,0,0,0,0,0,0
враждебность,1,0,1,1,0,1,0,1,0,0
враждебность,1,0,0,0,0,1,0,0,0,0
лодыжка,0,0,0,0,0,0,0,0,0,0
анналы,0,0,0,0,0,0,0,0,0,0
приложение,0,0,0,0,0,0,0,0,0,0
аннексия,0,0,0,0,0,0,0,0,0,0
пристройка,0,0,0,0,0,0,0,0,0,0
уничтожить,1,0,0,1,0,1,0,0,0,0
уничтожен,1,0,0,1,0,1,0,1,0,0
уничтожение,1,0,0,1,0,1,0,1,0,0
комментировать,0,0,0,0,0,0,0,0,0,0
аннотация,0,0,0,0,0,0,0,0,0,0
объявить,0,0,0,0,0,0,0,0,0,0
объявление,0,1,0,0,0,0,0,0,0,0
раздражать,1,0,1,0,0,1,0,0,0,0
раздражение,1,0,1,0,0,1,0,0,0,0
раздражающий,1,0,0,0,0,1,0,0,0,0
аннуитет,0,0,0,0,0,0,0,0,0,0
аннулировать,0,0,0,0,0,1,0,0,0,0
кольцевой,0,0,0,0,0,0,0,0,0,0
аннулирование,0,0,0,0,0,1,0,1,0,0
кольцо,0,0,0,0,0,0,0,0,0,0
помазание,0,0,0,0,0,0,0,0,0,0
аномальный,0,0,0,0,0,0,0,0,0,0
аномалия,0,0,0,1,0,1,0,0,1,0
скоро,0,0,0,0,0,0,0,0,0,0
анонимный,0,0,0,0,0,1,0,0,0,0
отвечать,0,0,0,0,0,0,0,0,0,0
ответственный,0,0,0,0,0,0,0,0,0,1
отвечая,0,0,0,0,0,0,0,0,0,0
муравей,0,0,0,0,0,0,0,0,0,0
антагонизм,1,0,0,0,0,1,0,0,0,0
антагонист,1,0,0,0,0,1,0,0,0,0
антагонистический,1,0,1,0,0,1,0,0,0,0
анте,0,0,0,0,0,0,0,0,0,0
предшествующий,0,0,0,0,0,0,0,0,0,0
антилопа,0,0,0,0,0,0,0,0,0,0
антенна,0,0,0,0,0,0,0,0,0,0
передний,0,0,0,0,0,0,0,0,0,0
гимн,0,0,0,0,0,0,0,0,0,0
антология,0,0,0,0,0,0,0,0,0,0
сибирская язва,0,0,1,1,0,1,0,1,0,0
антропология,0,0,0,0,0,0,0,0,0,0
антибиотик,0,0,0,0,0,0,0,0,0,0
антибиотики,0,0,0,0,0,0,1,0,0,0
антихрист,1,0,1,1,0,1,0,0,0,0
ожидание,0,1,0,0,0,0,0,0,0,0
упреждающий,0,1,0,0,0,0,0,0,0,0
противоядие,0,1,0,0,0,0,1,0,0,1
противогрибковый,0,0,0,0,0,0,1,0,0,1
сурьма,0,0,0,0,0,0,0,0,0,0
антипатия,1,0,1,0,0,1,0,0,0,0
антиквар,0,0,0,0,0,0,0,0,0,0
устаревший,0,0,0,0,0,1,0,0,0,0
античный,0,0,0,0,0,0,1,0,0,0
древность,0,0,0,0,0,0,0,0,0,0
антисептик,0,0,0,0,0,0,1,0,0,1
антиобщественный,1,0,1,1,0,1,0,1,0,0
антитеза,1,0,0,0,0,1,0,0,0,0
противоположный,0,0,0,0,0,0,0,0,0,0
противовирусное средство,0,0,0,0,0,0,0,0,0,0
рога,0,0,0,0,0,0,0,0,0,0
наковальня,0,0,0,0,0,0,0,0,0,0
беспокойство,1,1,0,1,0,1,0,1,0,0
тревожный,0,1,0,1,0,1,0,0,0,0
аорта,0,0,0,0,0,0,0,0,0,0
быстро,0,0,0,0,0,0,0,0,0,0
апач,0,0,0,1,0,1,0,0,0,0
квартира,0,0,0,0,0,0,0,0,0,0
апатичный,0,0,0,0,0,1,0,1,0,0
апатия,0,0,0,0,0,1,0,1,0,0
обезьяна,0,0,0,0,0,0,0,0,0,0
отверстие,0,0,0,0,0,0,0,0,0,0
вершина,0,0,0,0,0,0,0,0,0,0
тля,0,0,1,0,0,1,0,0,0,0
кусочек,0,0,0,0,0,0,0,0,0,0
апломб,0,0,0,0,0,0,1,0,0,0
апокалиптический,0,0,0,0,0,0,0,0,0,0
извиняющийся,0,0,0,0,0,0,1,0,0,1
апологет,0,0,0,0,0,0,0,0,0,0
принести извинения,0,0,0,0,0,0,1,1,0,1
извинение,0,0,0,0,0,0,1,0,0,0
отступничество,0,0,0,0,0,0,0,0,0,0
отступник,0,0,0,0,0,0,0,0,0,0
апостол,0,0,0,0,0,0,1,0,0,1
апостольский,0,0,0,0,0,0,0,0,0,1
апостроф,0,0,0,0,0,0,0,0,0,0
ужасный,0,0,1,1,0,1,0,0,0,0
аппарат,0,0,0,0,0,0,0,0,0,0
одежда,0,0,0,0,0,0,0,0,0,0
по всей видимости,0,0,0,0,0,0,0,0,0,0
явление,0,0,0,1,0,0,0,0,1,0
обращаться,0,1,0,0,0,0,0,0,0,0
внешность,0,0,0,0,0,0,0,0,0,0
успокоить,0,0,0,0,0,0,0,0,0,0
заявитель,0,0,0,0,0,0,0,0,0,0
добавить,0,0,0,0,0,0,0,0,0,0
придаток,0,0,0,0,0,0,0,0,0,0
аппендицит,0,0,0,1,0,1,0,1,0,0
приложение,0,0,0,0,0,0,0,0,0,0
аппетит,0,0,0,0,0,0,0,0,0,0
закуска,0,0,0,0,0,0,0,0,0,0
аплодисменты,0,0,0,0,1,0,1,0,1,1
яблоко,0,0,0,0,0,0,0,0,0,0
прибор,0,0,0,0,0,0,0,0,0,0
Техника,0,0,0,0,0,0,0,0,0,0
применимость,0,0,0,0,0,0,0,0,0,0
применимый,0,0,0,0,0,0,0,0,0,0
заявитель,0,1,0,0,0,0,0,0,0,0
заявление,0,0,0,0,0,0,0,0,0,0
подать заявление,0,0,0,0,0,0,0,0,0,0
назначать,0,0,0,0,0,0,0,0,0,0
"деловое свидание, встреча",0,0,0,0,0,0,0,0,0,0
встречи,0,0,0,0,0,0,0,0,0,0
распределять,0,0,0,0,0,0,0,0,0,0
распределение,0,0,0,0,0,0,0,0,0,0
оценить,0,0,0,0,0,0,0,0,0,0
заметный,0,0,0,0,0,0,0,0,0,0
признательность,0,0,0,0,1,0,1,0,0,1
задерживать,0,0,0,1,0,0,0,0,0,0
опасение,0,0,0,1,0,1,0,0,0,0
опасающийся,0,1,0,1,0,1,0,0,0,0
ученик,0,0,0,0,0,0,0,0,0,1
ученичество,0,0,0,0,0,0,0,0,0,0
подход,0,0,0,0,0,0,0,0,0,0
приближается,0,1,0,0,0,0,0,0,0,0
одобрение,0,0,0,0,0,0,1,0,0,1
присвоение,0,0,0,0,0,1,0,0,0,0
одобрение,0,0,0,0,0,0,1,0,0,0
одобрить,0,0,0,0,1,0,1,0,0,1
одобряющий,0,0,0,0,0,0,1,0,0,0
приблизительный,0,0,0,0,0,0,0,0,0,0
примерно,0,0,0,0,0,0,0,0,0,0
приближающийся,0,0,0,0,0,0,0,0,0,0
приближение,0,0,0,0,0,0,0,0,0,0
принадлежности,0,0,0,0,0,0,0,0,0,0
фартук,0,0,0,0,0,0,0,0,0,0
подходящий,0,0,0,0,0,0,1,0,0,0
способность,0,0,0,0,0,0,1,0,0,0
цвет морской волны,0,0,0,0,0,0,0,0,0,0
Аквамарин,0,0,0,0,0,0,0,0,0,0
аквариум,0,0,0,0,0,0,0,0,0,0
водный,0,0,0,0,0,0,0,0,0,0
акведук,0,0,0,0,0,0,0,0,0,0
водный,0,0,0,0,0,0,0,0,0,0
пахотный,0,0,0,0,0,0,0,0,0,0
арбитр,0,0,0,0,0,0,0,0,0,1
арбитраж,0,0,0,0,0,0,0,0,0,0
арбитраж,0,1,0,0,0,0,0,0,0,0
арбитр,0,0,0,0,0,0,0,0,0,1
беседка,0,0,0,0,0,0,0,0,0,0
дуга,0,0,0,0,0,0,0,0,0,0
аркада,0,0,0,0,0,0,0,0,0,0
арка,0,0,0,0,0,0,0,0,0,0
археологический,0,0,0,0,0,0,0,0,0,0
археолог,0,0,0,0,0,0,0,0,0,0
археология,0,1,0,0,0,0,1,0,0,0
архаичный,0,0,0,0,0,1,0,0,0,0
архиепископ,0,0,0,0,0,0,0,0,0,0
арочный,0,0,0,0,0,0,0,0,0,0
лучник,0,0,0,0,0,0,0,0,0,0
стрельба из лука,0,0,0,0,0,0,0,0,0,0
архетип,0,0,0,0,0,0,0,0,0,0
архипелаг,0,0,0,0,0,0,0,0,0,0
архитектор,0,0,0,0,0,0,0,0,0,0
архитектура,0,0,0,0,0,0,0,0,0,1
архив,0,0,0,0,0,0,0,0,0,0
Арктический,0,0,0,0,0,0,0,0,0,0
пылкий,0,1,0,0,1,0,1,0,0,0
пыл,0,0,0,0,0,0,1,0,0,0
трудный,0,0,0,0,0,1,0,0,0,0
область,0,0,0,0,0,0,0,0,0,0
арена,0,0,0,0,0,0,0,0,0,0
ареола,0,0,0,0,0,0,0,0,0,0
серебристый,0,0,0,0,0,0,0,0,0,0
спорить,1,0,0,0,0,1,0,0,0,0
аргумент,1,0,0,0,0,1,0,0,0,0
аргументация,1,0,0,0,0,0,0,0,0,0
спорный,0,0,0,0,0,1,0,0,0,0
аргументы,1,0,0,0,0,0,0,0,0,0
засушливый,0,0,0,0,0,1,0,1,0,0
аристократия,0,0,0,0,0,0,1,0,0,0
аристократ,0,0,0,0,0,0,0,0,0,0
аристократический,0,0,0,0,0,0,1,0,0,0
арифметика,0,0,0,0,0,0,0,0,0,0
ковчег,0,0,0,0,0,0,0,0,0,0
рука,0,0,0,0,0,0,0,0,0,0
армада,0,0,0,0,0,0,0,0,0,0
вооружение,1,0,0,1,0,0,0,0,0,0
вооружение,0,0,0,1,0,1,0,0,0,0
арматура,0,0,0,0,0,0,0,0,0,0
вооруженный,1,0,0,1,0,1,1,0,0,0
броня,0,0,0,1,0,0,1,0,0,1
бронированный,0,0,0,1,0,0,0,0,0,0
арсенал,0,0,0,0,0,0,0,0,0,1
руки,0,0,0,0,0,0,0,0,0,0
армия,0,0,0,0,0,0,0,0,0,0
аромат,0,0,0,0,0,0,1,0,0,0
возбуждение,0,0,0,0,0,0,0,0,0,0
пробуждать,0,1,0,0,0,0,1,0,0,0
предъявление обвинения,1,0,0,1,0,1,0,1,0,0
договариваться,0,0,0,0,0,0,0,0,0,0
согласованный,0,0,0,0,0,0,0,0,0,0
договоренность,0,0,0,0,0,0,0,0,0,0
множество,0,0,0,0,0,0,1,0,0,0
задолженность,0,0,0,0,0,1,0,0,0,0
арестовывать,0,0,0,0,0,1,0,0,0,0
прибытие,0,1,0,0,0,0,0,0,0,0
прибыть,0,1,0,0,0,0,0,0,0,0
высокомерие,0,0,0,0,0,1,0,0,0,0
высокомерный,1,0,1,0,0,1,0,0,0,0
стрелка,0,0,0,0,0,0,0,0,0,0
арсенал,0,0,0,0,0,0,0,0,0,0
мышьяк,0,0,1,1,0,1,0,1,0,0
поджог,1,0,0,1,0,1,0,0,0,0
искусство,0,1,0,0,1,0,1,1,1,0
артерия,0,0,0,0,0,0,0,0,0,0
хитрый,0,0,0,0,0,0,0,0,0,0
членистоногое,0,0,0,0,0,0,0,0,0,0
Артишок,0,0,0,0,0,0,0,0,0,0
статья,0,0,0,0,0,0,0,0,0,0
статьи,0,0,0,0,0,0,0,0,0,0
артикулировать,0,0,0,0,0,0,1,0,0,0
артикуляция,0,0,0,0,0,0,1,0,0,0
хитрость,0,0,0,0,0,0,0,0,0,0
артиллерия,0,0,0,1,0,1,0,0,0,0
ремесленник,0,0,0,0,0,0,1,0,0,0
художник,0,0,0,0,0,0,0,0,0,0
артист,0,0,0,0,0,0,1,0,0,0
художественный,0,0,0,0,0,0,1,0,0,0
художники,0,0,0,0,0,0,0,0,0,0
подниматься,0,0,0,0,0,0,0,0,0,0
господство,0,0,0,0,0,0,1,0,0,0
восхождение,0,0,0,0,0,0,0,0,0,0
восхождение,0,0,0,0,0,0,1,0,0,0
установить,0,0,0,0,0,0,0,0,0,0
установлено,0,0,0,0,0,0,0,0,0,0
аскет,0,0,0,0,0,0,0,0,0,0
пепел,0,0,0,0,0,1,0,0,0,0
стыдящийся,0,0,1,0,0,1,0,1,0,0
пепел,0,0,0,0,0,1,0,1,0,0
спящий,0,0,0,0,0,0,0,0,0,0
жерех,0,0,0,1,0,0,0,0,0,0
аспартам,0,0,0,0,0,0,0,0,0,0
аспект,0,0,0,0,0,0,0,0,0,0
аспекты,0,0,0,0,0,0,0,0,0,0
асфальт,0,0,0,0,0,0,0,0,0,0
стремление,0,1,0,0,1,0,1,0,1,1
стремиться,0,1,0,0,1,0,1,0,0,0
стремящийся,0,1,0,0,1,0,1,0,0,1
жопа,0,0,0,0,0,1,0,0,0,0
нападать,1,0,0,1,0,1,0,0,1,0
нападавший,1,0,0,1,0,1,0,1,0,0
убийца,1,0,0,1,0,1,0,1,0,0
убить,1,0,0,1,0,1,0,0,0,0
убийство,1,0,0,1,0,1,0,1,0,0
атаковать,1,0,0,1,0,1,0,0,0,0
анализ,0,0,0,0,0,0,0,0,0,0
собрание,0,0,0,0,0,0,0,0,0,0
собрать,0,0,0,0,0,0,0,0,0,0
собранный,0,0,0,0,0,0,0,0,0,0
сборка,0,0,0,0,0,0,1,0,0,1
согласие,0,0,0,0,0,0,1,0,0,0
утверждать,0,0,0,0,0,0,0,0,0,0
утверждение,0,0,0,0,0,0,1,0,0,1
утверждение,0,0,0,0,0,0,0,0,0,0
оценивать,0,0,0,0,0,0,0,0,0,0
оценка,0,0,0,0,0,0,0,0,1,1
оценщик,0,0,0,0,0,0,0,0,0,1
ресурсы,0,0,0,0,0,0,1,0,0,0
Мудак,1,0,1,0,0,1,0,0,0,0
назначать,0,0,0,0,0,0,0,0,0,0
правопреемник,0,0,0,0,0,0,0,0,0,1
назначение,0,0,0,0,0,0,0,0,0,0
ассимилировать,0,0,0,0,0,0,0,0,0,0
ассимиляция,0,0,0,0,0,0,0,0,0,0
помогать,0,0,0,0,0,0,1,0,0,1
помощь,0,0,0,0,0,0,1,0,0,0
помощник,0,0,0,0,0,0,0,0,0,0
ассоциированный,0,0,0,0,0,0,1,0,0,1
ассоциация,0,0,0,0,0,0,0,0,0,1
Ассорти,0,0,0,0,0,0,0,0,0,0
ассортимент,0,0,0,0,0,0,0,0,0,0
успокаивать,0,0,0,0,0,0,1,0,0,0
предполагаемый,0,0,0,0,0,0,0,0,0,0
предполагая,0,0,0,0,0,0,0,0,0,0
предположение,0,0,0,0,0,0,0,0,0,0
гарантия,0,0,0,0,0,0,1,0,0,1
гарантировать,0,0,0,0,0,0,0,0,0,1
заверенный,0,0,0,0,0,0,1,0,0,1
конечно,0,0,0,0,0,0,0,0,0,1
звездочка,0,0,0,0,0,0,0,0,0,0
астероиды,0,0,0,0,0,0,0,0,0,0
астигматизм,0,0,0,0,0,0,0,0,0,0
удивительно,0,0,0,0,0,0,1,0,1,0
удивление,0,0,0,0,1,0,1,0,1,0
астральный,0,0,0,0,0,0,0,0,0,0
заблудший,0,0,0,1,0,1,0,0,0,0
вяжущий,0,0,0,0,0,1,0,0,0,0
астролог,0,1,0,0,0,0,1,0,0,0
астрология,0,0,0,0,0,0,0,0,0,0
космонавт,0,0,0,0,0,0,1,0,0,0
астроном,0,1,0,0,0,0,1,0,0,0
астрономия,0,0,0,0,0,0,0,0,0,0
проницательный,0,0,0,0,0,0,1,0,0,0
на части,0,0,0,0,0,0,0,0,0,0
убежище,0,0,0,1,0,1,0,0,0,0
асимметричный,0,0,0,0,0,0,0,0,0,0
асимметрия,0,0,1,0,0,0,0,0,0,0
асимптотический,0,0,0,0,0,0,0,0,0,0
ателье,0,0,0,0,0,0,0,0,0,0
атеизм,0,0,0,0,0,1,0,0,0,0
атеистический,0,0,0,0,0,0,0,0,0,0
атеросклероз,0,0,0,1,0,1,0,1,0,0
спортсмен,0,0,0,0,0,0,1,0,0,0
Спортивное,0,0,0,0,0,0,1,0,0,0
атлетизм,0,0,0,0,0,0,0,0,0,0
легкая атлетика,0,0,0,0,0,0,0,0,0,0
атлас,0,0,0,0,0,0,0,0,0,0
атмосфера,0,0,0,0,0,0,0,0,0,0
атмосферный,0,0,0,0,0,0,0,0,0,0
атолл,0,0,0,0,0,0,0,0,0,0
атом,0,0,0,0,0,0,1,0,0,0
атомный,0,0,0,0,0,0,0,0,0,0
искупить,0,1,0,0,1,0,1,0,0,1
искупление,0,0,0,0,0,0,1,0,0,0
Атриум,0,0,0,0,0,0,0,0,0,0
зверский,1,0,1,0,0,1,0,0,0,0
зверство,1,0,1,1,0,1,0,1,0,0
атрофия,0,0,1,1,0,1,0,1,0,0
прикреплять,0,0,0,0,0,0,0,0,0,0
вложение,0,0,0,0,0,0,1,0,0,0
атака,1,0,0,1,0,1,0,0,0,0
атакующий,1,0,1,1,0,1,0,1,1,0
достичь,0,0,0,0,0,0,0,0,0,0
достижимый,0,1,0,0,0,0,1,0,0,0
достижение,0,0,0,0,0,0,1,0,0,0
пытаться,0,1,0,0,0,0,0,0,0,0
посещаемость,0,1,0,0,0,0,0,0,0,0
дежурный,0,0,0,0,0,0,1,0,0,1
внимание,0,0,0,0,0,0,1,0,0,0
внимательный,0,0,0,0,0,0,1,0,0,1
ослабить,0,0,0,0,0,0,0,0,0,0
ослабленный,0,0,0,0,0,1,0,0,0,0
затухание,0,0,0,0,0,1,0,1,0,0
свидетельствовать,0,0,0,0,0,0,1,0,0,1
аттестация,0,0,0,0,0,0,0,0,0,1
чердак,0,0,0,0,0,0,0,0,0,0
наряд,0,0,0,0,0,0,0,0,0,0
отношение,0,0,0,0,0,0,0,0,0,0
адвокат,1,0,0,1,0,0,1,0,0,1
Привлечение,0,0,0,0,0,0,1,0,0,0
привлекательность,0,0,0,0,0,0,1,0,0,0
относимый,0,0,0,0,0,0,0,0,0,0
атрибут,0,0,0,0,0,0,0,0,0,0
атрибуция,0,0,0,0,0,0,0,0,0,0
потертость,0,0,0,0,0,0,0,0,0,0
темно-рыжий,0,0,0,0,0,0,0,0,0,0
аукцион,0,1,0,0,0,0,0,0,0,0
аукционист,0,0,0,0,0,0,0,0,0,0
дерзкий,0,0,0,0,0,0,0,0,0,0
мужество,0,0,0,0,0,1,0,0,0,0
слышимый,0,0,0,0,0,0,0,0,0,0
аудитория,0,1,0,0,0,0,0,0,0,0
аудит,0,0,0,0,0,0,0,0,0,0
прослушивание,0,0,0,0,0,0,0,0,0,0
аудитор,0,0,0,1,0,0,0,0,0,1
актовый зал,0,0,0,0,0,0,0,0,0,0
слуховой,0,0,0,0,0,0,0,0,0,0
ничего,0,0,0,0,0,0,0,0,0,0
увеличить,0,0,0,0,0,0,1,0,0,0
увеличение,0,0,0,0,0,0,0,0,0,0
август,0,0,0,0,0,0,1,0,0,0
тетя,0,0,0,0,0,0,1,0,0,1
аура,0,0,0,0,0,0,1,0,0,0
северное сияние,0,0,0,0,0,0,0,0,0,0
покровительство,0,0,0,0,0,0,0,0,0,0
благоприятный,0,1,0,0,1,0,1,0,0,0
строгий,0,0,0,1,0,1,0,1,0,0
строгость,0,0,0,0,0,1,0,0,0,0
аутентичный,0,0,0,0,1,0,1,0,0,1
аутентифицировать,0,0,0,0,0,0,0,0,0,1
аутентификация,0,0,0,0,0,0,0,0,0,1
подлинность,0,0,0,0,0,0,1,0,0,1
автор,0,0,0,0,0,0,1,0,0,1
авторитетный,0,0,0,0,0,0,1,0,0,1
орган власти,0,0,0,0,0,0,1,0,0,1
авторизация,0,0,0,0,0,0,1,0,0,1
разрешать,0,0,0,0,0,0,0,0,0,1
уполномоченный,0,0,0,0,0,0,1,0,0,0
авторство,0,0,0,0,0,0,0,0,0,0
авто,0,0,0,0,0,0,0,0,0,0
автобиография,0,0,0,0,0,0,0,0,0,0
автократический,0,0,0,0,0,1,0,0,0,0
автограф,0,0,0,0,0,0,0,0,0,0
автоматический,0,0,0,0,0,0,0,0,0,1
автомобиль,0,0,0,0,0,0,0,0,0,0
автономия,0,0,0,0,0,0,0,0,0,0
вскрытие,0,0,1,1,0,1,0,1,0,0
осень,0,0,0,0,0,0,0,0,0,0
вспомогательный,0,0,0,0,0,0,0,0,0,0
воспользоваться,0,0,0,0,0,0,0,0,0,0
лавина,0,0,0,1,0,1,0,1,1,0
жадность,1,0,1,0,0,1,0,0,0,0
аватар,0,0,0,0,0,0,1,0,0,0
мститель,1,0,0,0,0,1,0,0,0,0
проспект,0,0,0,0,0,0,0,0,0,0
средний,0,0,0,0,0,0,0,0,0,0
средний,0,0,0,0,0,0,0,0,0,0
отвращение,1,0,1,1,0,1,0,0,0,0
отвращение,1,0,1,1,0,1,0,0,0,0
предотвратить,0,0,0,0,0,0,0,0,0,0
вольер,0,0,0,0,0,0,0,0,0,0
авиация,0,0,0,0,0,0,0,0,0,0
летчик,0,0,0,0,0,0,0,0,0,0
заядлый,0,0,0,0,0,0,0,0,0,0
авокадо,0,0,0,0,0,0,0,0,0,0
избегать,0,0,0,1,0,1,0,0,0,0
избегание,0,0,0,1,0,1,0,0,0,0
избегать,0,0,0,1,0,0,0,0,0,0
Ждите,0,1,0,0,0,0,0,0,0,0
бодрствующий,0,0,0,0,0,0,0,0,0,0
пробуждать,0,0,0,0,0,0,0,0,0,0
награда,0,1,0,0,1,0,1,0,1,1
трепет,0,0,0,0,0,0,0,0,0,0
ужасный,1,0,1,1,0,1,0,1,0,0
неловкость,0,0,1,0,0,1,0,0,0,0
тент,0,0,0,0,0,0,0,0,0,0
криво,0,0,0,0,0,1,0,0,0,0
осевой,0,0,0,0,0,0,0,0,0,0
аксиома,0,0,0,0,0,0,0,0,0,1
аксиоматический,0,0,0,0,0,0,0,0,0,1
ось,0,0,0,0,0,0,0,0,0,0
ось,0,0,0,0,0,0,0,0,0,0
да,0,0,0,0,0,0,1,0,0,0
да,0,0,0,0,0,0,1,0,0,0
азимут,0,0,0,0,0,0,0,0,0,0
лазурь,0,0,0,0,0,0,0,0,0,0
болтовня,0,0,0,0,0,1,0,0,0,0
бормотание,0,0,0,0,0,1,0,0,0,0
бабуин,0,0,1,0,0,1,0,0,0,0
малыш,0,0,0,0,1,0,1,0,0,0
няня,0,0,0,0,0,0,0,0,0,1
степень бакалавра,0,0,0,0,0,0,1,0,0,0
баккара,0,0,0,0,0,0,0,0,0,0
Холостяк,0,0,0,0,0,0,0,0,0,0
назад,0,0,0,0,0,0,0,0,0,0
хребет,1,0,0,0,0,0,1,0,0,1
покровитель,0,0,0,0,0,0,0,0,0,1
обратный эффект,0,0,0,0,0,0,0,0,0,0
нарды,0,0,0,0,0,0,0,0,0,0
фон,0,0,0,0,0,0,0,0,0,0
экскаватор,0,0,0,0,0,0,0,0,0,0
турист,0,0,0,0,0,0,0,0,0,0
отступать,0,0,0,0,0,0,0,0,0,0
назад,0,0,0,0,0,1,0,0,0,0
назад,0,0,1,0,0,1,0,0,0,0
заводь,0,0,0,0,0,1,0,1,0,0
бактерии,0,0,1,1,0,1,0,1,0,0
бактерия,0,0,1,1,0,1,0,0,0,0
Плохо,1,0,1,1,0,1,0,1,0,0
значок,0,0,0,0,0,0,0,0,0,1
барсук,1,0,0,0,0,1,0,0,0,0
плохо,0,0,0,0,0,1,0,1,0,0
злость,1,0,1,1,0,1,0,0,0,0
дефлектор,0,0,0,0,0,0,0,0,0,0
сумка,0,0,0,0,0,0,0,0,0,0
Багаж,0,0,0,0,0,0,0,0,0,0
мешковатый,0,0,0,0,0,0,0,0,0,0
волынка,0,0,0,0,0,0,0,0,0,0
залог,0,0,0,0,0,0,0,0,0,0
судебный пристав,0,0,0,1,0,1,0,0,0,1
приманка,0,0,0,1,0,1,0,0,0,1
выпекать,0,0,0,0,0,0,0,0,0,0
пекарня,0,0,0,0,0,0,0,0,0,0
выпечка,0,0,0,0,0,0,0,0,0,0
бал,0,0,0,0,0,0,0,0,0,0
остаток средств,0,0,0,0,0,0,1,0,0,0
сбалансированный,0,0,0,0,0,0,1,0,0,0
балкон,0,0,0,0,0,0,0,0,0,0
лысый,0,0,0,0,0,0,0,0,0,0
тюк,0,0,0,1,0,1,0,0,0,0
блокировать,0,0,0,0,0,1,0,0,0,0
мяч,0,0,0,0,0,0,0,0,0,0
баллада,0,0,0,0,0,0,1,0,0,0
балласт,0,0,0,0,0,0,0,0,0,0
балет,0,0,0,0,0,0,1,0,0,0
воздушный шар,0,0,0,0,0,0,0,0,0,0
голосование,0,1,0,0,0,0,1,0,0,1
бальный зал,0,0,0,0,0,0,0,0,0,0
бальзам,0,1,0,0,1,1,1,0,0,0
ароматный,0,0,0,0,0,0,0,0,0,0
бальзам,0,0,0,0,0,0,1,0,0,0
бальзамический,0,0,0,0,0,0,0,0,0,0
запрет,0,0,0,0,0,1,0,0,0,0
банан,0,0,0,0,0,0,0,0,0,0
группа,0,0,0,0,0,0,0,0,0,0
повязка,0,0,0,0,0,0,0,0,0,0
бандит,0,0,0,0,0,1,0,0,0,0
подножка,0,0,0,0,0,0,0,0,0,0
проклятие,1,0,1,1,0,1,0,0,0,0
хлопнуть,1,0,1,1,0,1,0,1,1,0
фейерверк,1,1,0,1,0,1,0,0,1,0
изгнать,1,0,1,1,0,1,0,1,0,0
изгнан,1,0,0,1,0,1,0,1,0,0
изгнание,1,0,1,0,0,1,0,1,0,0
банджо,0,0,0,0,0,0,0,0,0,0
банк,0,0,0,0,0,0,0,0,0,1
банкир,0,0,0,0,0,0,0,0,0,1
банкрот,0,0,0,1,0,1,0,1,0,0
банкротство,1,0,1,1,0,1,0,1,0,0
баннер,0,0,0,0,0,0,0,0,0,0
банкет,0,1,0,0,1,0,1,0,0,0
банши,1,0,1,1,0,1,0,1,0,0
подшучивание,0,0,0,0,0,0,0,0,0,0
крещение,0,0,0,0,0,0,1,0,0,0
крестильный,0,0,0,0,1,0,1,0,0,0
бар,0,0,0,0,0,0,0,0,0,0
колючка,1,0,0,0,0,1,0,0,0,0
варвар,0,0,0,1,0,1,0,0,0,0
варварский,1,0,1,1,0,1,0,0,0,0
варварство,0,0,0,0,0,1,0,0,0,0
барбекю,0,0,0,0,0,0,0,0,0,0
колючий,0,0,0,0,0,0,0,0,0,0
бард,0,0,0,0,0,0,1,0,0,0
без седла,0,0,0,0,0,0,0,0,0,0
босиком,0,0,0,0,0,0,0,0,0,0
едва,0,0,0,0,0,0,0,0,0,0
рвота,0,0,1,0,0,0,0,0,0,0
торговаться,0,0,0,0,0,0,1,0,0,1
баржа,0,0,0,0,0,0,0,0,0,0
баритон,0,0,0,0,0,0,0,0,0,0
лаять,1,0,0,0,0,1,0,0,0,0
сарай,0,0,0,0,0,0,0,0,0,0
Барни,0,0,0,0,0,0,0,0,0,0
барометр,0,0,0,0,0,0,0,0,0,0
барон,0,0,0,0,0,0,0,0,0,0
барокко,0,0,0,0,0,0,0,0,0,0
барак,0,0,0,0,0,0,0,0,0,0
запрещен,0,0,0,0,0,1,0,0,0,0
бочка,0,0,0,0,0,0,0,0,0,0
бесплодный,0,0,0,0,0,1,0,1,0,0
баррикада,0,0,0,1,0,1,0,0,0,0
барьер,1,0,0,0,0,1,0,0,0,0
запрет,0,0,0,0,0,0,0,0,0,0
адвокат,0,0,0,0,0,0,0,0,0,0
курган,0,0,1,0,0,0,0,0,0,0
бармен,0,0,0,0,0,0,0,0,0,1
бартер,0,0,0,0,0,0,0,0,0,1
база,0,0,0,0,0,0,0,0,0,1
бейсбол,0,0,0,0,0,0,0,0,0,0
плинтус,0,0,0,0,0,0,0,0,0,0
необоснованный,0,0,0,0,0,1,0,0,0,0
подвал,0,0,0,0,0,0,0,0,0,0
базилика,0,0,0,0,0,0,0,0,0,0
бассейн,0,0,0,0,0,0,0,0,0,0
основа,0,0,0,0,0,0,0,0,0,0
греться,0,0,0,0,0,0,0,0,0,0
корзина,0,0,0,0,0,0,0,0,0,0
баскетбол,0,1,0,0,1,0,1,0,0,0
бас,0,0,0,0,0,0,0,0,0,0
бас,0,0,0,0,0,0,0,0,0,0
фагот,0,0,0,0,0,0,0,0,0,0
сволочь,0,0,1,0,0,1,0,1,0,0
бастион,1,0,0,0,0,0,1,0,0,0
летучая мышь,0,0,0,0,0,0,0,0,0,0
партия,0,0,0,0,0,0,0,0,0,0
дозирование,0,0,0,0,0,0,0,0,0,0
бейт,0,0,0,0,0,0,0,0,0,0
ванна,0,0,0,0,0,0,1,0,0,0
купаться,0,0,0,0,0,0,0,0,0,0
ванная комната,0,0,0,0,0,0,0,0,0,0
батиметрия,0,0,0,0,0,0,0,0,0,0
дубинка,0,0,0,0,0,0,0,0,0,0
батальон,1,0,0,0,0,0,0,0,0,0
тесто,1,0,0,1,0,1,0,0,0,0
потрепанный,0,0,0,1,0,1,0,1,0,0
батарея,1,0,0,0,0,1,0,0,0,0
боевой,1,0,0,0,0,1,0,0,0,0
сражался,1,0,0,1,0,1,0,1,0,0
поле битвы,0,0,0,1,0,1,0,0,0,0
непристойный,0,0,0,0,0,1,0,0,0,0
залив,0,0,0,0,0,0,0,0,0,0
штык,1,0,0,1,0,1,0,0,0,0
залив,0,0,0,0,0,0,0,0,0,0
базар,0,0,0,0,0,0,0,0,0,0
пляж,0,0,0,0,1,0,0,0,0,0
маяк,0,0,0,0,0,0,0,0,0,0
шарик,0,0,0,0,0,0,0,0,0,0
бисер,0,0,0,0,0,0,0,0,0,0
бусы,0,0,0,0,0,0,0,0,0,0
бигль,0,0,0,0,0,0,0,0,0,0
клюв,0,0,0,0,0,0,0,0,0,0
стакан,0,0,0,0,0,0,0,0,0,0
луч,0,0,0,0,1,0,1,0,0,0
сияющий,0,1,0,0,1,0,1,0,0,0
медведь,1,0,0,1,0,0,0,0,0,0
борода,0,0,0,0,0,0,0,0,0,0
бородатый,0,0,0,0,0,0,0,0,0,0
предъявитель,0,0,0,0,0,1,0,0,0,0
несущий,0,0,0,0,0,0,0,0,0,0
подшипники,0,0,0,0,0,0,0,0,0,0
медвежий,1,0,0,1,0,0,0,0,0,0
зверь,1,0,0,1,0,1,0,0,0,0
чудовищный,0,0,1,1,0,1,0,0,0,0
бить,0,0,0,0,0,0,0,0,0,0
избиение,1,0,0,1,0,1,0,1,0,0
кавалер,0,0,0,0,0,0,0,0,0,0
благоустройство,0,0,0,0,1,0,1,0,0,1
красивая,0,0,0,0,1,0,1,0,0,0
украшать,0,0,0,0,1,0,1,0,0,0
красота,0,0,0,0,1,0,1,0,0,0
бек,0,0,0,0,0,0,0,0,0,0
манить,0,0,0,0,0,0,0,0,0,0
кровать,0,0,0,0,0,0,0,0,0,0
постельные принадлежности,0,0,0,0,0,0,0,0,0,0
коренная порода,0,0,0,0,0,0,1,0,0,1
Спальня,0,0,0,0,0,0,0,0,0,0
перед сном,0,0,0,0,0,0,0,0,0,0
пчела,1,0,0,1,0,0,0,0,0,0
говядина,0,0,0,0,0,0,0,0,0,0
улей,0,0,0,0,0,0,0,0,0,0
пиво,0,0,0,0,1,0,1,0,0,0
пчелиный воск,0,0,0,0,0,0,0,0,0,0
жук,0,0,0,0,0,0,0,0,0,0
постичь,0,0,0,0,0,1,0,0,0,0
подходящий,0,0,0,0,0,0,1,0,0,0
подружиться,0,0,0,0,1,0,1,0,0,1
просить,0,0,0,0,0,1,0,1,0,0
нищий,0,0,0,0,0,1,0,1,0,0
попрошайничество,0,0,0,0,0,1,0,0,0,0
начинать,0,0,0,0,0,0,0,0,0,0
новичок,0,0,0,0,0,0,0,0,0,0
начало,0,0,0,0,0,0,0,0,0,0
началось,0,1,0,0,0,0,0,0,0,0
поведение,0,0,0,0,0,0,0,0,0,0
бегемот,0,0,0,1,0,1,0,0,0,0
завет,0,0,0,0,0,0,0,0,0,0
вот,0,0,0,0,0,0,0,0,0,0
обязанный,0,0,0,0,0,1,0,0,0,0
смотрящий,0,0,0,0,0,0,0,0,0,0
запоздалый,0,0,0,0,0,1,0,0,0,0
страховка,0,0,0,0,0,0,0,0,0,0
вера,0,0,0,0,0,0,0,0,0,0
верил,0,0,0,0,0,0,0,0,0,1
верующий,0,0,0,0,0,0,0,0,0,1
веря,0,0,0,0,0,0,1,0,0,1
принижать,1,0,1,1,0,1,0,1,0,0
колокол,0,0,0,0,0,0,0,0,0,0
воинственный,1,0,0,1,0,1,0,0,0,0
рев,0,0,0,0,0,0,0,0,0,0
мехи,1,0,0,0,0,0,0,0,0,0
живот,0,0,0,0,0,0,0,0,0,0
имущество,0,0,0,0,0,0,0,0,0,0
пояс,1,0,0,1,0,1,0,0,0,0
ошеломленный,0,0,0,0,0,0,0,0,0,0
скамья,0,0,0,0,0,0,0,0,0,0
сгибать,0,0,0,0,0,0,0,0,0,0
Бендер,0,0,0,0,0,1,0,0,0,0
изгиб,0,0,0,0,0,0,0,0,0,0
под,0,0,0,0,0,0,0,0,0,0
благодетель,0,0,0,0,0,0,1,0,0,1
выгодный,0,0,0,0,0,0,1,0,0,0
бенефициар,0,0,0,0,0,0,0,0,0,0
выгода,0,0,0,0,0,0,1,0,0,0
доброжелательность,0,0,0,0,1,0,1,0,0,1
доброкачественный,0,0,0,0,1,0,1,0,0,0
согнутый,0,0,0,0,0,0,0,0,0,0
бензол,0,0,0,0,0,0,0,0,0,0
завещать,0,0,0,0,0,0,0,0,0,0
завещание,0,0,0,0,0,0,0,0,0,1
скорбящий,0,0,0,0,0,1,0,1,0,0
тяжелая утрата,0,0,0,0,0,1,0,1,0,0
лишенный,0,0,0,0,0,1,0,0,0,0
бергамот,0,0,0,0,0,0,0,0,0,0
Берлин,0,0,0,0,0,0,0,0,0,0
берсерк,1,0,0,0,0,1,0,0,0,0
причал,0,0,0,0,0,0,1,0,0,0
умолять,0,0,0,0,0,0,0,0,0,0
окружать,0,0,0,0,0,0,0,0,0,0
звериный,0,0,1,1,0,1,0,0,0,0
даровать,0,0,0,0,0,0,0,0,0,0
держать пари,0,0,0,0,0,0,0,0,0,0
предавать,1,0,1,0,0,1,0,1,1,0
предательство,1,0,1,0,0,1,0,1,0,0
невеста,0,1,0,0,1,0,1,0,0,1
улучшение,0,0,0,0,0,0,1,0,0,0
делать ставки,0,0,0,0,0,0,0,0,0,0
Бетти,0,0,0,0,0,0,0,0,0,0
скос,0,0,0,0,0,0,0,0,0,0
напиток,0,0,0,0,0,0,1,0,0,0
сборище,0,0,0,0,0,0,0,0,0,0
остерегаться,0,1,0,1,0,1,0,0,0,0
сбитый с толку,0,0,0,1,0,1,0,0,1,0
недоумение,0,0,0,1,0,0,0,0,1,0
предвзятость,1,0,0,0,0,1,0,0,0,0
пристрастный,0,0,0,0,0,1,0,0,0,0
нагрудник,0,0,0,0,0,0,0,0,0,0
библейский,0,0,0,0,0,0,1,0,0,0
Библиография,0,0,0,0,0,0,0,0,0,0
ссора,1,0,1,0,0,1,0,0,0,0
двухцветный,0,0,0,0,0,0,0,0,0,0
велосипед,0,0,0,0,0,0,0,0,0,0
делать ставку,0,0,0,0,0,0,0,0,0,0
участник торгов,0,0,0,0,0,0,0,0,0,0
торги,0,0,0,0,0,0,0,0,0,0
раз в два года,0,1,0,0,0,0,0,0,0,0
катафалк,0,0,0,1,0,1,0,1,0,0
бифуркация,0,0,0,0,0,0,0,0,0,0
большой,0,0,0,0,0,0,0,0,0,0
фанатик,1,0,1,1,0,1,0,0,0,0
фанатичный,1,0,1,1,0,1,0,1,0,0
велосипед,0,0,0,0,0,0,0,0,0,0
двусторонний,0,0,0,0,0,0,0,0,0,0
двухслойный,0,0,0,0,0,0,0,0,0,0
желчь,1,0,1,0,0,1,0,0,0,0
трюм,0,0,0,0,0,0,0,0,0,0
двуязычный,0,0,0,0,0,0,1,0,0,0
законопроект,0,0,0,0,0,0,0,0,0,0
заготовка,0,0,0,0,0,0,0,0,0,0
бильярд,0,0,0,0,0,0,0,0,0,0
миллиард,0,0,0,0,0,0,0,0,0,0
Билли,0,0,0,0,0,0,0,0,0,0
раз в два месяца,0,0,0,0,0,0,0,0,0,0
мусорное ведро,0,0,0,0,0,0,0,0,0,0
бинарный,0,0,0,0,0,0,0,0,0,0
связывать,0,0,0,0,0,0,0,0,0,0
переплетная мастерская,0,0,0,0,0,0,0,0,0,0
связывание,0,0,0,0,0,0,0,0,0,0
бинг,0,0,0,0,0,0,0,0,0,0
бинокль,0,0,0,0,0,0,0,0,0,0
бинокль,0,0,0,0,0,0,0,0,0,0
биномиальный,0,0,0,0,0,0,0,0,0,0
биогенез,0,0,0,0,0,0,0,0,0,0
биограф,0,0,0,0,0,0,0,0,0,0
биография,0,0,0,0,0,0,0,0,0,0
биология,0,0,0,0,0,0,0,0,0,0
биопсия,0,0,0,1,0,1,0,0,0,0
биосфера,0,0,0,0,0,0,0,0,0,0
двусторонний,0,0,0,0,0,0,0,0,0,0
береза,1,0,1,1,0,1,0,0,0,0
птица,0,0,0,0,0,0,0,0,0,0
рождение,0,1,0,1,1,0,1,0,0,1
день рождения,0,1,0,0,1,0,1,0,1,0
место рождения,1,0,0,0,0,1,0,0,0,0
право первородства,0,0,0,0,0,0,0,0,0,0
бис,0,0,0,0,0,0,0,0,0,0
епископ,0,0,0,0,0,0,0,0,0,0
бизон,0,0,0,0,0,0,0,0,0,0
кусочек,0,0,0,0,0,0,0,0,0,0
сука,1,0,1,1,0,1,0,1,0,0
кусать,0,0,0,0,0,1,0,0,0,0
горько,1,0,1,0,0,1,0,1,0,0
горечь,1,0,1,0,0,1,0,1,0,0
битум,0,0,0,0,0,0,0,0,0,0
раз в две недели,0,0,0,0,0,0,0,0,0,0
странный,0,0,0,0,0,1,0,0,1,0
ежевика,0,0,0,0,0,0,0,0,0,0
доска,0,0,0,0,0,0,0,0,0,0
Блэк Джек,0,0,0,0,0,1,0,0,0,0
шантажировать,1,0,0,1,0,1,0,0,0,0
чернота,0,0,0,1,0,1,0,1,0,0
кузнец,0,0,0,0,0,0,0,0,0,0
мочевой пузырь,0,0,0,0,0,0,0,0,0,0
лезвие,0,0,0,0,0,0,0,0,0,0
обвинять,1,0,1,0,0,1,0,0,0,0
безупречный,0,0,0,0,0,0,1,0,0,0
мягкий,0,0,0,0,0,1,0,0,0,0
пустой,0,0,0,0,0,0,0,0,0,0
одеяло,0,0,0,0,0,0,0,0,0,1
богохульный,1,0,1,0,0,1,0,0,0,0
богохульство,1,0,0,0,0,1,0,0,0,0
взрыв,1,0,0,1,0,1,0,0,1,0
вопиющий,1,0,1,0,0,1,0,0,0,0
болтать,0,0,0,0,0,1,0,0,0,0
пылать,1,0,0,0,0,1,0,0,0,0
пылающий,0,0,0,0,0,0,0,0,0,0
отбеливать,0,0,0,0,0,0,0,0,0,0
мрачный,0,0,0,0,0,1,0,1,0,0
кровотечение,0,0,1,1,0,1,0,1,0,0
порок,1,0,1,1,0,1,0,1,0,0
смешивать,0,0,0,0,0,0,0,0,0,0
смешение,0,0,0,0,0,0,0,0,0,0
благословить,0,1,0,0,1,0,1,0,0,1
благословенный,0,0,0,0,1,0,1,0,0,0
благословение,0,1,0,0,1,0,1,0,0,1
благословения,0,1,0,0,1,0,1,0,1,1
упадок,0,0,1,1,0,1,0,1,0,0
испорченный,0,0,1,0,0,1,0,1,0,0
ослепленный,0,0,0,0,0,1,0,0,0,0
повязка на глаза,0,1,0,1,0,0,0,0,1,0
с завязанными глазами,0,0,0,0,0,0,0,0,0,0
слепо,0,0,0,0,0,1,0,1,0,0
слепота,0,0,0,0,0,1,0,1,0,0
мигать,0,0,0,0,0,0,0,0,0,0
блаженство,0,0,0,0,1,0,1,0,0,0
блаженный,0,0,0,0,1,0,1,0,0,0
волдырь,0,0,1,0,0,1,0,0,0,0
блиц,0,0,0,0,0,0,0,0,1,0
Снежная буря,0,0,0,0,0,0,0,0,0,0
раздутый,0,0,1,0,0,1,0,0,0,0
капля,0,0,1,1,0,1,0,0,0,0
блокировать,0,0,0,0,0,0,0,0,0,0
блокада,1,0,0,1,0,1,0,1,0,0
блондин,0,0,0,0,0,0,0,0,0,0
кровь,0,0,0,0,0,0,0,0,0,0
ищейка,0,0,0,0,0,0,0,0,0,0
бескровный,0,0,0,0,0,0,1,0,0,0
кровопролитие,1,0,1,1,0,1,0,1,1,0
кровожадный,1,0,1,1,0,1,0,0,0,0
кровавый,1,0,1,1,0,1,0,1,0,0
цвести,0,1,0,0,1,0,1,0,0,1
цвести,0,0,0,0,1,0,1,0,0,0
пятно,0,0,0,0,0,1,0,0,0,0
блузка,0,0,0,0,0,0,0,0,0,0
воздуходувка,0,0,0,0,0,1,0,0,0,0
дует,0,0,0,0,0,0,0,0,0,0
взорван,0,0,0,0,0,0,0,0,0,0
задуть,0,0,0,0,0,1,0,0,0,0
синий,0,0,0,0,0,0,0,1,0,0
блюз,0,0,0,1,0,1,0,1,0,0
блефовать,0,0,0,0,0,1,0,0,0,0
голубоватый,0,0,0,0,0,0,0,0,0,0
ошибка,0,0,1,0,0,1,0,1,0,0
тупой,0,0,0,0,0,0,0,0,0,0
размытие,0,0,0,0,0,1,0,0,0,0
размытый,0,0,0,0,0,1,0,0,0,0
краснеть,0,0,0,0,0,1,0,0,0,0
краснея,0,0,0,0,0,0,0,0,0,0
удав,0,0,0,0,0,0,0,0,0,0
кабан,0,0,0,0,0,0,0,0,0,0
доска,0,1,0,0,0,0,0,0,0,0
пансионер,0,0,0,0,0,0,0,0,0,0
интернат,0,0,0,0,0,0,0,0,0,0
доски,0,0,0,0,0,0,0,0,0,0
хвастаться,0,0,0,0,0,1,1,0,0,0
хвастовство,0,0,0,0,0,1,0,0,0,0
лодка,0,0,0,0,0,0,0,0,0,0
катание на лодках,0,0,0,0,0,0,0,0,0,0
шпулька,0,0,0,0,0,0,0,0,0,0
сулит,0,0,0,0,0,0,0,0,0,0
лиф,0,0,0,0,0,0,0,0,0,0
телесный,0,0,0,0,0,0,0,0,0,0
тело,0,0,0,0,0,0,0,0,0,0
телохранитель,0,0,0,0,0,0,1,0,0,1
болото,0,0,0,0,0,1,0,0,0,0
подделка,1,0,1,0,0,1,0,0,0,0
кипятить,0,0,1,0,0,1,0,0,0,0
паровой котел,0,0,0,0,0,0,0,0,0,0
шаблонный,0,0,0,0,0,1,0,0,0,0
кипячение,0,0,0,0,0,0,0,0,0,0
шумный,1,1,0,0,1,1,1,0,0,0
смелый,0,0,0,0,0,0,1,0,0,0
смелость,0,0,0,0,0,0,1,0,0,0
поддерживать,0,0,0,0,0,0,1,0,0,0
болт,0,0,0,0,0,0,0,0,0,0
болюс,0,0,0,0,0,0,0,0,0,0
бомбить,1,0,0,1,0,1,0,1,1,0
бомбардировать,1,0,0,1,0,1,0,0,0,0
бомбардировка,1,0,0,1,0,1,0,0,0,0
бомбили,0,0,1,0,0,1,0,0,0,0
бомбардировщик,0,0,0,1,0,0,0,1,0,0
золотое дно,0,0,0,0,1,0,1,0,0,0
связь,0,0,0,0,0,0,0,0,0,0
бондаж,0,0,0,1,0,1,0,1,0,0
облигации,0,0,0,0,0,1,0,0,0,0
кость,0,0,0,0,0,0,0,0,0,0
стояк,0,0,0,0,0,0,0,0,0,0
кости,0,0,0,0,0,0,0,0,0,0
костер,0,0,0,0,0,0,0,0,0,0
Бонн,0,0,0,0,0,0,1,0,0,0
капот,0,0,0,0,0,0,0,0,0,0
бонус,0,1,0,0,1,0,1,0,1,0
костлявый,0,0,0,0,0,0,0,0,0,0
бу,0,0,0,0,0,1,0,0,0,0
грудь,0,0,0,0,0,0,0,0,0,0
олух,0,0,0,0,0,1,0,0,0,0
книга,0,0,0,0,0,0,0,0,0,0
книжный шкаф,0,0,0,0,0,0,0,0,0,0
бронирование,0,0,0,0,0,0,0,0,0,0
книжный,0,0,0,0,0,0,1,0,0,0
бухгалтер,0,0,0,0,0,0,0,0,0,0
бухгалтерия,0,0,0,0,0,0,0,0,0,0
буклет,0,0,0,0,0,0,0,0,0,0
книги,0,0,0,0,0,0,0,0,0,0
книготорговец,0,0,0,0,0,0,0,0,0,0
книжный магазин,0,0,0,0,0,0,1,0,0,0
книжный магазин,0,0,0,0,0,0,0,0,0,0
книжный червь,0,0,0,0,0,1,1,0,0,0
бумеранг,0,1,0,0,0,0,0,0,0,1
бум,0,0,0,0,0,0,0,0,0,0
благо,0,0,0,0,0,0,1,0,0,0
способствовать росту,0,0,0,0,0,0,0,0,0,0
ракета-носитель,0,0,0,0,0,0,0,0,0,0
ботинок,0,0,0,0,0,0,0,0,0,0
стенд,0,0,0,0,0,0,0,0,0,0
сапоги,0,0,0,0,0,0,0,0,0,0
добыча,0,0,0,0,0,0,0,0,0,0
выпивка,0,0,0,0,0,1,0,0,0,0
граница,0,0,0,0,0,0,0,0,0,0
граничащий,0,0,0,0,0,0,0,0,0,0
бурить,0,0,0,0,0,1,0,0,0,0
бореальный,0,0,0,0,0,0,0,0,0,0
скука,0,0,0,0,0,1,0,1,0,0
бурильщик,0,0,0,0,0,0,0,0,0,0
скучный,0,0,0,0,0,1,0,0,0,0
район,0,0,0,0,0,0,0,0,0,0
занимать,0,0,0,0,0,0,0,0,0,0
заемщик,0,0,0,0,0,1,0,0,0,0
грудь,0,0,0,0,0,0,0,0,0,0
босс,0,0,0,0,0,0,0,0,0,0
бостон,0,0,0,0,0,0,0,0,0,0
ботанический,0,0,0,0,0,0,0,0,0,0
ботаник,0,0,0,0,0,0,0,0,0,0
ботаника,0,0,0,0,0,0,0,0,0,0
беспокоить,0,0,0,0,0,1,0,0,0,0
надоедает,1,0,0,0,0,1,0,1,0,0
бутылка,0,0,0,0,0,0,0,0,0,0
нижний,0,0,0,0,0,1,0,1,0,0
бездонный,0,0,0,1,0,0,0,0,0,0
валун,0,0,0,0,0,0,0,0,0,0
подпрыгивать,0,0,0,0,0,0,0,0,0,0
граница,0,0,0,0,0,1,0,0,0,0
граница,0,0,0,0,0,0,0,0,0,0
безграничный,0,0,0,0,0,0,0,0,0,0
границы,0,0,0,0,0,0,0,0,0,0
обильный,0,1,0,0,1,0,1,0,0,0
награда,0,1,0,0,1,0,1,0,0,1
букет,0,0,0,0,1,0,1,0,0,1
буржуа,0,0,0,0,0,0,0,0,0,0
буржуазия,0,0,0,0,0,0,0,0,0,0
биржа,0,0,0,0,0,0,0,0,0,0
бой,1,0,0,0,0,1,0,0,0,0
бычий,0,0,1,0,0,1,0,0,0,0
поклонился,0,0,0,0,0,0,0,0,0,0
кишки,0,0,1,0,0,0,0,0,0,0
чаша,0,0,0,0,0,0,0,0,0,0
чаши,0,0,0,0,0,0,0,0,0,0
коробка,0,0,0,0,0,0,0,0,0,0
боксер,0,0,0,0,0,0,0,0,0,0
заниматься боксом,1,0,0,0,0,0,0,0,0,0
бойкотировать,0,0,0,0,0,1,0,0,0,0
детство,0,0,0,0,0,0,0,0,0,0
мальчишеский,0,0,0,0,0,0,0,0,0,0
скобка,0,0,0,0,0,0,0,0,0,0
браслет,0,0,0,0,0,0,0,0,0,0
брекеты,0,0,0,0,0,0,0,0,0,0
плечевой,0,0,0,0,0,0,0,0,0,0
скобка,0,0,0,0,0,0,0,0,0,0
скобки,0,0,0,0,0,0,0,0,0,0
солоноватый,0,0,0,0,0,0,0,0,0,0
Брэд,0,0,0,0,0,0,0,0,0,0
хвастаться,0,0,0,0,0,1,0,0,0,0
коса,0,0,0,0,0,0,0,0,0,0
мозг,0,0,0,0,0,0,0,0,0,0
мозги,0,0,0,0,0,0,1,0,0,0
мозговой штурм,0,0,0,0,0,0,0,0,0,0
тормоз,0,0,0,0,0,0,0,0,0,0
отруби,0,0,1,0,0,0,0,0,0,0
ответвляться,0,0,0,0,0,0,0,0,0,0
разветвление,0,0,0,0,0,0,0,0,0,0
бренди,0,0,0,0,0,1,0,0,0,0
латунь,0,0,0,0,0,0,0,0,0,0
паршивец,0,0,0,0,0,0,0,0,0,0
бравада,0,0,0,0,0,1,0,0,0,0
храбрость,0,0,0,0,0,0,1,0,0,0
драка,1,0,1,1,0,1,0,0,0,0
наглый,1,0,0,0,0,1,0,0,0,0
нарушение,0,0,0,0,0,1,0,0,0,0
хлеб,0,0,0,0,0,0,0,0,0,0
широта,0,0,0,0,0,0,0,0,0,0
ломать,0,0,0,0,0,0,0,0,1,0
хрупкий,0,0,0,0,0,0,0,0,0,0
авария,0,0,0,0,0,1,0,0,0,0
выключатель,0,0,0,0,0,0,0,0,0,0
выключатели,0,0,0,0,0,0,0,0,0,0
завтрак,0,0,0,0,0,0,1,0,0,0
головокружительный,0,0,0,0,0,1,0,0,0,0
расставаться,0,0,0,0,0,1,0,1,0,0
дыхание,0,0,0,0,0,0,0,0,0,0
казенная часть,0,0,0,0,0,0,0,0,0,0
бриджи,0,0,0,0,0,0,0,0,0,0
порода,0,0,0,0,0,0,0,0,0,0
заводчик,0,0,0,0,0,0,0,0,0,0
разведение,0,0,0,0,0,0,0,0,0,0
ветер,0,0,0,0,0,0,0,0,0,0
свежий,0,0,0,0,0,0,0,0,0,0
братья,0,0,0,0,0,0,0,0,0,0
краткий,0,0,0,0,0,0,0,0,0,0
краткость,0,0,0,0,0,0,0,0,0,0
заваривать,0,0,0,0,0,0,0,0,0,0
пивоварение,0,0,0,0,0,0,0,0,0,0
взятка,0,0,0,0,0,1,0,0,0,0
взяточничество,0,0,1,0,0,1,0,0,0,0
кирпич,0,0,0,0,0,0,0,0,0,0
свадебный,0,1,0,0,1,0,1,0,0,1
невеста,0,1,0,0,1,0,1,0,0,1
жених,0,1,0,0,1,0,1,0,0,1
подружка невесты,0,0,0,0,1,0,1,0,0,1
мост,0,0,0,0,0,0,0,0,0,0
уздечка,0,0,0,0,0,0,0,0,0,0
кратко,0,0,0,0,0,0,0,0,0,0
бриг,0,0,0,0,0,0,0,0,0,0
бригада,0,0,0,1,0,1,0,0,0,0
осветлить,0,0,0,0,1,0,1,0,1,1
яркость,0,0,0,0,0,0,1,0,0,0
блестящий,0,1,0,0,1,0,1,0,0,1
край,0,0,0,0,0,0,0,0,0,0
переполненный,0,0,0,0,0,0,0,0,0,0
сера,1,0,0,1,0,1,0,0,0,0
рассол,0,0,0,0,0,0,0,0,0,0
приносить,0,0,0,0,0,0,0,0,0,0
грань,0,0,0,0,0,0,0,0,0,0
бойкий,0,0,0,0,0,0,0,0,0,0
щетина,0,0,0,0,0,1,0,0,0,0
хрупкий,0,0,0,0,0,0,0,0,0,0
транслировать,0,0,0,0,0,0,0,0,0,0
бортовой,0,1,0,0,0,1,0,0,0,0
парча,0,0,0,0,0,0,1,0,0,0
брошюра,0,0,0,0,0,0,0,0,0,0
жарить,1,0,0,0,0,1,0,0,0,0
сломанный,0,0,0,1,0,1,0,1,0,0
сломанный,1,0,0,1,0,1,0,1,0,0
маклер,0,0,0,0,0,0,0,0,0,0
посредничество,0,0,0,0,0,0,0,0,0,0
бронко,0,0,0,0,0,0,0,0,0,0
бронза,0,0,0,0,0,0,0,0,0,0
выводок,0,0,0,0,0,0,0,0,0,0
задумчивый,0,0,0,0,0,0,0,0,0,0
ручей,0,0,0,0,0,0,0,0,0,0
метла,0,0,0,0,0,0,0,0,0,0
бульон,0,0,0,0,0,0,0,0,0,0
бордель,0,0,1,0,0,1,0,0,0,0
брат,0,0,0,0,0,0,1,0,0,1
братство,0,0,0,0,0,0,1,0,0,1
братский,0,1,0,0,1,0,1,0,0,1
бровь,0,0,0,0,0,0,0,0,0,0
коричневый,0,0,0,0,0,0,0,0,0,0
синяк,0,1,0,0,0,1,0,0,0,0
брюнетка,0,0,0,0,0,0,0,0,0,0
главный удар,1,0,0,0,0,1,0,0,0,0
щетка,0,0,0,0,0,0,0,0,0,0
жестокий,1,0,0,1,0,1,0,0,0,0
жестокость,1,0,0,1,0,1,0,0,0,0
грубый,1,0,0,1,0,1,0,1,0,0
пузырь,0,0,0,0,0,0,0,0,0,0
бурлящий,0,0,0,0,0,0,0,0,0,0
доллар,0,0,0,1,0,1,1,0,1,0
ведро,0,0,0,0,0,0,0,0,0,0
пряжка,0,0,0,0,0,0,0,0,0,0
пристегнутый,0,0,0,0,0,0,0,0,0,0
бутон,0,0,0,0,0,0,0,0,0,0
приятель,0,1,0,0,1,0,1,0,0,1
сдвинуться с места,0,0,0,0,0,0,0,0,0,0
бюджет,0,0,0,0,0,0,0,0,0,1
буйвол,0,0,0,0,0,0,0,0,0,0
буфер,0,0,0,0,0,0,0,0,0,0
буфет,1,0,0,0,0,1,0,0,0,0
ошибка,0,0,1,1,0,1,0,0,0,0
пугало,1,0,0,1,0,1,0,1,0,0
багги,0,0,0,0,0,0,0,0,0,0
рожок,0,1,0,0,0,0,0,0,0,0
строить,0,0,0,0,0,0,1,0,0,0
строитель,0,0,0,0,0,0,0,0,0,0
строительство,0,0,0,0,0,0,1,0,0,0
здания,0,0,0,0,0,0,0,0,0,0
лампочка,0,0,0,0,0,0,0,0,0,0
выпуклый,0,0,0,0,0,1,0,0,0,0
выпуклость,0,0,0,0,0,0,0,0,0,0
масса,0,0,0,0,0,0,0,0,0,0
переборка,0,0,0,0,0,0,0,0,0,0
громоздкий,0,0,0,0,0,0,0,0,0,0
бык,0,0,0,0,0,0,0,0,0,0
бульдог,0,0,0,0,0,0,1,0,0,0
бульдозер,0,0,0,0,0,0,0,0,0,0
пуля,0,0,0,0,0,0,0,0,0,0
бюллетень,0,0,0,0,0,0,0,0,0,0
пуленепробиваемый,0,0,0,0,0,0,1,0,0,0
бык,0,0,0,0,0,0,0,0,0,0
терроризировать,1,0,0,1,0,1,0,0,0,0
бастион,0,0,0,0,0,0,0,0,0,0
бездельничать,0,0,1,0,0,1,0,1,0,0
облом,1,0,1,0,0,1,0,0,0,0
удар,0,0,0,0,0,0,0,0,0,0
булочка,0,0,0,0,0,0,0,0,0,0
связка,0,0,0,0,0,0,0,0,0,0
пучок,0,0,0,0,0,0,0,0,0,0
бунгало,0,0,0,0,0,0,0,0,0,0
койка,0,0,0,0,0,0,0,0,0,0
бункер,0,0,0,1,0,0,0,0,0,0
головня,0,0,0,0,0,0,0,0,0,0
буй,0,0,0,0,0,0,1,0,0,0
плавучесть,0,0,0,0,0,0,0,0,0,0
бур,0,0,0,0,0,0,0,0,0,0
груз,0,0,0,0,0,0,0,0,0,0
обременительный,0,0,0,1,0,1,0,1,0,0
бюро,0,0,0,0,0,0,0,0,0,0
бюрократия,0,0,0,0,0,1,0,0,0,1
бюрократ,0,0,1,0,0,1,0,0,0,0
грабитель,0,0,1,1,0,1,0,0,0,0
кража со взломом,0,0,0,0,0,1,0,0,0,0
захоронение,1,0,0,1,0,1,0,1,0,0
похороненный,0,0,0,1,0,1,0,1,0,0
Берк,1,0,1,1,0,1,0,1,0,0
мешковина,0,0,0,0,0,0,0,0,0,0
бурлеск,0,0,0,0,0,0,0,0,1,0
крепкий,0,0,0,0,0,0,0,0,0,0
гореть,0,0,0,0,0,0,0,0,0,0
горелка,0,0,0,0,0,0,0,0,0,0
сжигание,0,0,0,0,0,0,0,0,0,0
полированный,0,0,0,0,0,0,0,0,0,0
Выгореть,0,0,0,0,0,0,0,0,0,0
сожженный,0,0,1,0,0,1,0,0,0,0
картавость,0,0,0,0,0,0,0,0,0,0
рыть нору,0,0,0,0,0,0,0,0,0,0
стипендия,0,0,0,0,0,0,0,0,0,1
хоронить,0,0,0,0,0,0,0,1,0,0
автобус,0,0,0,0,0,0,0,0,0,0
куст,0,0,0,0,0,0,0,0,0,0
бушель,0,0,0,0,0,0,0,0,0,0
пушистый,0,0,0,0,0,0,0,0,0,0
бизнес,0,0,0,0,0,0,0,0,0,0
автобус,0,0,0,0,1,0,1,0,0,0
бюст,0,0,0,0,0,0,0,0,0,0
разоренный,1,0,0,1,0,1,0,0,0,0
суета,0,0,0,0,0,0,0,0,0,0
шумный,0,0,0,0,0,0,0,0,0,0
занятый,0,0,0,0,0,0,0,0,0,0
бутан,0,0,0,0,0,0,0,0,0,0
мясник,1,0,1,1,0,1,0,0,0,0
дворецкий,0,0,0,0,0,0,1,0,0,1
задница,0,0,0,0,0,1,0,0,0,0
масло,0,0,0,0,0,0,0,0,0,0
бабочка,0,0,0,0,0,0,0,0,0,0
маслянистый,0,0,0,0,0,0,1,0,0,0
ягодица,0,0,0,0,0,0,0,0,0,0
кнопка,0,0,0,0,0,0,0,0,0,0
контрфорс,0,0,0,0,0,0,0,0,0,0
грудастая,0,0,0,0,0,0,1,0,0,0
купить,0,0,0,0,0,0,0,0,0,0
покупатель,0,0,0,0,0,0,0,0,0,0
покупка,0,0,0,0,0,0,0,0,0,0
гул,0,1,0,1,0,0,1,0,0,0
гудел,0,0,0,0,0,1,0,0,0,0
зуммер,0,0,0,0,0,0,0,0,0,0
до свидания,0,1,0,0,0,0,0,0,0,0
прошлое,0,0,0,0,0,0,0,0,0,0
в соответствии с законом,0,0,0,0,0,0,0,0,0,1
сторонний наблюдатель,0,0,0,0,0,0,0,0,0,0
байт,0,0,0,0,0,0,0,0,0,0
такси,0,0,0,0,0,0,1,0,0,0
клика,0,0,0,1,0,1,0,0,0,0
капуста,0,0,0,0,0,0,0,0,0,0
кабина,0,0,0,0,0,0,0,0,0,0
кабинет,0,0,0,0,0,0,1,0,0,1
кабель,0,0,0,0,0,0,0,0,1,0
кабриолет,0,0,0,0,0,0,0,0,0,0
тайник,0,0,0,0,0,0,0,0,0,0
какофония,1,0,1,0,0,1,0,0,0,0
хам,1,0,1,0,0,1,0,0,0,0
труп,0,0,1,1,0,1,0,1,1,0
кэдди,0,0,0,0,0,0,0,0,0,0
ритм,0,0,0,0,0,0,0,0,0,0
курсант,0,0,0,0,0,0,0,0,0,0
кафе,0,0,0,0,0,0,1,0,0,0
клетка,0,0,0,0,0,1,0,1,0,0
пирамида из камней,0,0,0,0,0,0,0,0,0,0
кекс,0,0,0,0,0,0,0,0,0,0
бедствие,0,0,0,0,0,0,0,1,0,0
известковый,0,0,0,0,0,0,0,0,0,0
рассчитать,0,0,0,0,0,0,0,0,0,0
рассчитанный,0,0,0,0,0,0,0,0,0,0
расчет,0,0,0,0,0,1,0,0,0,0
расчет,0,1,0,0,0,0,0,0,0,0
калькулятор,0,0,0,0,0,0,1,0,0,1
исчисление,0,0,0,0,0,0,0,0,0,0
календарь,0,0,0,0,0,0,0,0,0,0
календарь,0,0,0,0,0,0,0,0,0,0
Телец,0,0,0,0,1,0,1,0,0,1
калибр,0,0,0,0,0,0,0,0,0,0
калибровать,0,0,0,0,0,0,0,0,0,0
бязь,0,0,0,0,0,0,0,0,0,0
штангенциркуль,0,0,0,0,0,0,0,0,0,0
вызов,0,0,0,0,0,0,0,0,0,0
каллиграфия,0,0,0,0,0,0,0,0,0,0
вызов,0,0,0,0,0,0,0,0,0,0
черствый,1,0,1,0,0,1,0,0,0,0
звонки,0,1,0,0,0,1,0,0,0,1
спокойствие,0,0,0,0,0,0,1,0,0,0
спокойствие,0,0,0,0,0,0,0,0,0,0
калорийный,0,0,0,0,0,0,0,0,0,0
калория,0,0,0,0,0,0,0,0,0,0
калориметр,0,0,0,0,0,0,0,0,0,0
камера,0,0,0,0,0,0,0,0,0,0
изгиб,0,0,0,0,0,0,0,0,0,0
верблюд,0,0,0,0,0,0,0,0,0,0
камея,0,0,0,0,0,0,0,0,0,0
оператор,0,0,0,0,0,0,0,0,0,0
камзол,0,0,0,0,0,0,0,0,0,0
камуфляж,0,0,0,0,0,0,0,0,1,0
замаскированный,0,0,0,0,0,0,0,0,1,0
лагерь,0,0,0,0,0,0,0,0,0,0
кампания,0,0,0,0,0,0,0,0,0,0
активист,0,0,0,0,0,0,0,0,0,0
кампания,1,0,0,1,0,1,0,0,0,0
кампус,0,0,0,0,0,0,0,0,0,0
канал,0,0,0,0,0,0,0,0,0,0
канарейка,0,0,0,0,0,0,1,0,0,0
отменить,0,0,0,0,0,1,0,1,0,0
отмена,0,0,0,0,0,0,0,0,0,0
отмена,0,0,0,0,0,0,0,0,0,0
рак,1,0,1,1,0,1,0,1,0,0
искренний,0,1,0,0,1,0,1,0,1,1
кандидатура,0,0,0,0,0,0,0,0,0,0
кандидат,0,0,0,0,0,0,1,0,0,0
засахаренный,0,0,0,0,0,0,1,0,0,0
свеча,0,0,0,0,0,0,0,0,0,0
свечи,0,0,0,0,0,0,0,0,0,0
подсвечник,0,0,0,0,0,0,0,0,0,0
искренность,0,0,0,0,0,0,0,0,0,0
конфеты,0,0,0,0,0,0,0,0,0,0
трость,1,0,0,1,0,0,0,0,0,0
собачий,0,0,0,0,0,0,0,0,0,0
канистра,0,0,0,0,0,0,0,0,0,0
язва,1,0,1,0,0,1,0,0,0,0
каннибал,0,0,1,1,0,1,0,0,0,0
каннибализм,0,0,1,0,0,1,0,0,0,0
консервирование,0,0,0,0,0,0,0,0,0,0
пушка,1,0,0,1,0,1,0,0,0,0
каноэ,0,0,0,0,0,0,0,0,0,0
канон,0,0,0,0,0,0,0,0,0,0
канонический,0,0,0,0,0,0,0,0,0,0
каноны,0,0,0,0,0,0,0,0,0,1
навес,0,0,0,0,0,0,0,0,0,0
столовая,0,0,0,0,0,0,0,0,0,0
Кентербери,0,0,0,0,0,0,0,0,0,0
консольный,0,0,0,0,0,0,0,0,0,0
песня,0,0,0,0,0,0,0,0,0,0
кантон,0,0,0,0,0,0,0,0,0,0
холст,0,0,0,0,0,0,0,0,0,0
холст,0,0,0,0,0,0,0,0,0,0
крышка,0,1,0,0,0,0,0,0,0,1
способность,0,0,0,0,0,0,0,0,0,0
способный,0,0,0,0,0,0,0,0,0,0
вместимость,0,0,0,0,0,0,0,0,0,0
мыс,0,0,0,0,0,0,0,0,0,0
каперсы,0,0,0,0,0,0,0,0,0,0
капилляр,0,0,0,0,0,0,0,0,0,0
столица,0,0,0,0,0,0,0,0,0,0
капиталист,0,0,0,0,0,0,1,0,0,0
столицы,0,0,0,0,0,0,0,0,0,0
подушевой,0,0,0,0,0,0,0,0,0,0
Капитолий,0,0,0,0,0,0,0,0,0,0
капитуляция,0,0,0,0,0,0,0,0,0,0
каприз,0,0,0,0,0,0,0,0,0,0
капризный,0,0,0,0,0,0,0,0,0,0
шапки,0,0,0,0,0,0,0,0,0,0
капсула,0,0,0,0,0,0,0,0,0,0
капитан,0,0,0,0,0,0,1,0,0,0
подпись,0,0,0,0,0,0,0,0,0,0
пленять,0,1,0,0,1,0,1,0,1,1
очаровательный,0,0,0,0,0,0,1,0,0,0
пленник,0,0,0,1,0,1,0,1,0,0
плен,0,0,0,0,0,1,0,1,0,0
похититель,0,0,0,1,0,1,0,0,0,0
захватывать,0,0,0,0,0,1,0,0,0,0
автомобиль,0,0,0,0,0,0,0,0,0,0
карамель,0,0,0,0,0,0,0,0,0,0
карат,0,0,0,0,0,0,0,0,0,0
караван,0,0,0,0,0,0,0,0,0,0
углерод,0,0,0,0,0,0,0,0,0,0
туша,0,0,1,1,0,1,0,1,0,0
карцинома,0,0,0,1,0,1,0,1,0,0
открытка,0,0,0,0,0,0,0,0,0,0
кардиган,0,0,0,0,0,0,0,0,0,0
кардинал,0,0,0,0,0,0,0,0,0,0
кардиомиопатия,0,0,0,1,0,1,0,1,0,0
карты,0,0,0,0,0,0,0,0,0,0
забота,0,0,0,0,0,0,0,0,0,0
карьера,0,1,0,0,0,0,1,0,0,0
осторожный,0,0,0,0,0,0,1,0,0,0
осторожно,0,0,0,0,0,0,1,0,0,0
небрежность,1,0,1,0,0,1,0,0,0,0
ласкать,0,0,0,0,0,0,1,0,0,0
каре,0,0,0,0,0,0,0,0,0,0
смотритель,0,0,0,0,0,0,1,0,0,1
груз,0,0,0,0,0,0,0,0,0,0
карибу,0,0,0,0,0,0,0,0,0,0
карикатура,0,0,0,0,0,1,0,0,0,0
кариес,0,0,1,0,0,1,0,0,0,0
резня,1,0,1,1,0,1,0,1,1,0
плотский,0,0,0,0,0,1,0,0,0,0
гвоздика,0,0,0,0,0,0,0,0,0,0
плотоядный,0,0,0,1,0,1,0,0,0,0
Кэрол,0,0,0,0,1,0,1,0,0,1
карусель,0,0,0,0,0,0,0,0,0,0
плотник,0,0,0,0,0,0,0,0,0,0
перевозка,0,0,0,0,0,0,0,0,0,0
унесенный,0,0,0,0,0,0,0,0,0,0
перевозчик,0,0,0,0,0,0,0,0,0,0
нести,0,0,0,0,0,0,0,0,0,0
несущий,0,0,0,0,0,0,0,0,0,0
тележка,0,0,0,0,0,0,0,0,0,0
картель,0,0,0,0,0,1,0,0,0,0
Картер,0,0,0,0,0,0,0,0,0,0
хрящ,0,0,0,0,0,0,0,0,0,0
картографический,0,0,0,0,0,0,0,0,0,0
картография,0,0,0,0,0,0,0,0,0,0
мультфильм,0,0,0,0,0,0,0,0,0,0
картуш,0,0,0,0,0,0,0,0,0,0
картридж,0,0,0,1,0,0,0,0,0,0
вырезать,0,0,0,0,0,0,0,0,0,0
резчик,0,0,0,0,0,0,0,0,0,0
резьба,0,0,0,0,0,0,0,0,0,0
каскад,0,0,0,0,0,0,1,0,0,0
кейс,0,0,0,1,0,1,0,1,0,0
казеин,0,0,0,0,0,0,0,0,0,0
наличные,1,1,0,1,1,0,1,0,0,1
касса,0,0,0,0,0,0,0,0,0,1
кашемир,0,0,0,0,0,0,0,0,0,0
кожух,0,0,0,0,0,0,0,0,0,0
казино,0,0,0,0,0,0,0,0,0,0
бочка,0,0,0,0,0,0,0,0,0,0
шкатулка,0,0,0,1,0,1,0,1,0,0
В ролях,0,0,0,0,0,0,0,0,0,0
каста,0,0,0,0,0,1,0,0,0,0
заклинатель,0,0,0,0,0,0,0,0,0,0
замок,0,0,0,0,0,0,0,0,0,0
кастор,0,0,0,0,0,0,0,0,0,0
повседневный,0,0,0,0,0,0,0,0,0,0
небрежно,0,0,0,0,0,0,0,0,0,0
пострадавший,1,0,0,1,0,1,0,1,0,0
кошка,0,0,0,0,0,0,0,0,0,0
катаболизм,0,0,0,0,0,0,0,0,0,0
каталог,0,0,0,0,0,0,0,0,0,0
каталог,0,0,0,0,0,0,0,0,0,0
катализ,0,0,0,0,0,0,0,0,0,0
каталитический,0,0,0,0,0,0,0,0,0,0
катамаран,0,0,0,0,0,0,0,0,0,0
катапульта,0,0,0,0,0,0,0,0,0,0
катаракта,0,1,0,1,0,1,0,1,0,0
катастрофа,1,0,1,1,0,1,0,1,1,0
ловить,0,0,0,0,0,0,0,0,1,0
ловить,0,0,0,0,0,0,0,0,0,0
катехизис,0,0,1,0,0,0,0,0,0,0
категоричный,0,0,0,0,0,0,1,0,0,0
категория,0,0,0,0,0,0,0,0,0,0
обслуживать,0,0,0,0,0,0,1,0,0,0
провизор,0,0,0,0,0,0,0,0,0,0
гусеница,0,0,0,0,0,0,0,0,0,0
коты,0,0,0,0,0,0,0,0,0,0
очищающий,0,0,0,0,0,0,1,0,0,0
кафедральный собор,0,0,0,0,1,0,1,0,0,1
катетер,0,0,0,0,0,1,0,0,0,0
кошачья мята,0,0,0,0,0,0,0,0,0,0
крупный рогатый скот,0,0,0,0,0,0,0,0,0,0
закрытое собрание,0,0,0,0,0,0,0,0,0,0
каудальный,0,0,0,0,0,0,0,0,0,0
конопатить,0,0,0,0,0,0,0,0,0,0
причинный,0,0,0,0,0,0,0,0,0,0
причинность,0,0,0,0,0,0,0,0,0,0
причинность,0,0,0,0,0,0,0,0,0,0
вызванный,0,0,0,0,0,0,0,0,0,0
дамба,0,0,0,0,0,0,0,0,0,0
осторожность,1,1,0,1,0,1,0,0,0,0
предостерегающий,0,0,0,1,0,0,0,0,0,0
осторожный,0,1,0,1,0,0,1,0,0,1
осторожно,0,0,0,1,0,0,1,0,0,0
кавалерия,0,0,0,0,0,0,0,0,0,0
пещера,0,0,0,0,0,0,0,0,0,0
предостережение,0,0,0,0,0,0,0,0,0,0
пещера,0,0,0,0,0,0,0,0,0,0
пещеристый,0,0,0,0,0,0,0,0,0,0
полость,0,0,0,0,0,0,0,0,0,0
кайенский перец,0,0,0,0,0,0,0,0,0,0
прекратить,0,0,0,0,0,0,0,0,0,0
непрекращающийся,0,0,0,0,0,0,0,0,0,0
уступать,0,0,0,0,0,1,0,0,0,0
потолок,0,0,0,0,0,0,0,0,0,0
празднующий,0,0,0,0,0,0,0,0,0,0
праздновали,0,1,0,0,1,0,1,0,0,0
празднование,0,1,0,0,1,0,1,0,0,0
праздник,0,1,0,0,1,0,1,0,1,1
знаменитость,1,1,1,0,1,1,1,0,1,1
небесный,0,1,0,0,1,0,1,0,0,0
безбрачие,0,0,0,0,0,0,0,0,0,0
клетка,0,0,0,0,0,0,0,0,0,0
подвал,0,0,0,0,0,0,0,0,0,0
сотовый,0,0,0,0,0,0,0,0,0,0
целлулоид,0,0,0,0,0,0,0,0,0,0
цемент,0,1,0,0,0,0,0,0,0,1
зацементированный,0,0,0,0,0,0,0,0,0,0
кладбище,0,0,0,1,0,1,0,1,0,0
цензор,1,0,1,1,0,1,0,0,0,1
порицание,0,0,0,0,0,1,0,0,0,0
перепись,0,0,0,0,0,0,0,0,0,0
цент,0,0,0,0,0,0,0,0,0,0
столетие,0,0,0,0,0,0,0,0,0,0
столетие,0,0,0,0,0,0,0,0,0,0
центр,0,0,0,0,0,0,1,0,0,1
сантиметр,0,0,0,0,0,0,0,0,0,0
центральный,0,0,0,0,0,0,0,0,0,0
центральность,0,0,0,0,0,0,0,0,0,0
централизация,0,0,0,0,0,0,0,0,0,0
централизовать,0,0,0,0,0,0,0,0,0,0
центрально,0,0,0,0,0,0,0,0,0,0
центробежный,0,0,0,0,0,0,0,0,0,0
центрифуга,0,0,0,0,0,0,0,0,0,0
центурион,0,0,0,0,0,0,1,0,0,0
век,0,0,0,0,0,0,0,0,0,0
керамика,0,0,0,0,0,0,0,0,0,0
зерновой,0,0,0,0,0,0,0,0,0,0
хлопья,0,0,0,0,0,0,0,0,0,0
церебральный,0,0,0,0,0,0,1,0,0,0
церемониальный,0,0,0,0,0,0,0,0,0,0
церемония,0,0,0,0,1,0,1,0,1,0
уверенность,0,0,0,0,0,0,1,0,0,0
сертификат,0,0,0,0,0,0,0,0,0,0
удостоверять,0,0,0,0,0,0,0,0,0,1
прекращение,0,0,1,0,0,1,0,0,0,0
прекращение,0,0,0,0,0,1,0,0,0,0
мякина,1,0,0,1,0,1,0,0,0,0
натирание,0,0,0,0,0,1,0,0,0,0
огорчение,0,0,1,0,0,1,0,1,0,0
цепь,0,0,0,0,0,0,0,0,0,0
стул,0,0,0,0,0,0,0,0,0,0
председатель,0,0,0,0,0,0,1,0,0,1
председатель,0,0,0,0,0,0,0,0,0,0
председатель,0,0,0,0,0,0,1,0,0,1
шезлонг,0,0,0,0,0,0,0,0,0,0
шале,0,0,0,0,0,0,0,0,0,0
чаша,0,0,0,0,0,0,0,0,0,0
мел,0,0,0,0,0,0,0,0,0,0
вызов,1,0,0,1,0,1,0,0,0,0
камера,0,0,0,0,0,0,0,0,0,0
камеры,0,0,0,0,0,0,0,0,0,0
хамелеон,0,0,0,0,0,0,0,0,0,0
шампанское,0,0,0,0,0,0,0,0,0,0
чемпион,0,1,0,0,1,0,1,0,0,1
шанс,0,0,0,0,0,0,0,0,1,0
канцлер,0,0,0,0,0,0,0,0,0,1
люстра,0,0,0,0,0,0,0,0,0,0
Чендлер,0,0,0,0,0,0,0,0,0,0
сдача,0,0,0,1,0,0,0,0,0,0
Сменный,0,1,0,0,0,0,0,0,1,0
измененный,0,0,0,0,0,0,0,0,0,0
чейнджер,0,0,0,0,0,0,0,0,0,0
изменение,0,0,0,0,0,0,0,0,0,0
канал,0,0,0,0,0,0,0,0,0,0
воспевать,1,1,0,0,1,0,1,0,1,0
хаос,1,0,0,1,0,1,0,1,0,0
хаотичный,1,0,0,0,0,1,0,0,0,0
глава,0,0,0,0,0,0,0,0,0,0
часовня,0,0,0,0,0,0,0,0,0,0
капеллан,0,0,0,0,0,0,0,0,0,1
чепмен,0,0,0,0,0,0,0,0,0,0
парни,0,0,0,0,0,0,0,0,0,0
глава,0,0,0,0,0,0,0,0,0,0
уголь,0,0,0,0,0,0,0,0,0,0
персонаж,0,0,0,0,0,0,0,0,0,0
характеристика,0,0,0,0,0,0,0,0,0,0
охарактеризовать,0,0,0,0,0,0,0,0,0,0
шарада,0,0,0,0,0,1,0,0,0,0
древесный уголь,0,0,0,0,0,0,0,0,0,0
обвинение,0,0,0,0,0,0,0,0,0,0
платный,0,0,0,1,0,1,0,1,0,0
зарядное устройство,0,0,0,0,0,0,1,0,0,0
колесница,0,0,0,0,0,0,0,0,0,0
благотворительный,0,1,0,0,1,0,1,0,0,1
благотворительная деятельность,0,0,0,0,1,0,1,0,0,0
очарование,0,0,0,0,0,0,1,0,0,0
Зачарованные,0,0,0,0,1,1,1,0,0,0
заклинатель,0,0,0,0,0,0,0,0,0,0
очаровательный,0,0,0,0,0,0,1,0,0,0
диаграмма,0,0,0,0,0,0,0,0,0,1
устав,0,0,0,0,0,0,0,0,0,0
зафрахтован,0,0,0,0,0,0,0,0,0,0
гнаться,0,0,0,0,0,1,0,0,0,0
пропасть,0,0,0,1,0,0,0,0,0,0
наказание,0,0,0,0,0,1,0,0,0,0
целомудрие,0,1,0,0,0,0,1,0,0,1
чат,0,0,0,0,0,0,0,0,0,0
замок,0,0,0,0,0,0,0,0,0,0
болтовня,0,0,0,0,0,0,0,0,0,0
болтовня,0,0,0,0,0,0,1,0,0,0
болтливый,0,0,0,0,0,1,0,0,0,0
шофер,0,0,0,0,0,0,0,0,0,0
дешевый,0,0,0,0,0,1,0,0,0,0
изменять,1,0,1,0,0,1,0,0,0,0
Проверьте,0,0,0,0,0,0,0,0,0,0
шашка,0,0,0,0,0,0,0,0,0,0
клетчатый,0,0,0,0,0,0,0,0,0,0
шашки,0,0,0,0,0,0,0,0,0,0
контрольный список,0,0,0,0,0,0,1,0,0,1
щека,0,0,0,0,0,0,0,0,0,0
щеки,0,0,0,0,0,0,0,0,0,0
писк,0,0,0,0,0,0,0,0,0,0
радость,0,1,0,0,1,0,1,0,1,1
веселый,0,0,0,0,1,0,1,0,1,0
бодрость,0,1,0,0,1,0,1,0,0,1
аплодисменты,0,0,0,0,1,0,1,0,0,0
радостный,0,1,0,0,1,0,1,0,0,0
чизкейк,0,0,0,0,0,1,0,0,0,0
гепард,0,0,0,0,0,0,0,0,0,0
сорочка,0,0,0,0,0,0,0,0,0,0
химик,0,0,0,0,0,0,1,0,0,1
химия,0,0,0,0,0,0,0,0,0,0
Проверьте,0,0,0,0,0,0,0,0,0,0
ценить,0,1,0,0,1,0,1,0,1,1
вишня,0,0,0,0,0,0,1,0,0,0
шахматы,0,0,0,0,0,0,0,0,0,0
грудь,0,0,0,0,0,0,0,0,0,0
каштан,0,0,0,0,0,0,0,0,0,0
шеврон,0,0,0,0,0,0,0,0,0,0
жевать,0,0,0,0,0,0,0,0,0,0
шикарный,0,0,0,0,0,0,0,0,0,0
шикана,0,1,0,0,0,1,0,0,1,1
курица,0,0,0,1,0,0,0,0,0,0
главный,0,0,0,0,0,0,0,0,0,0
главным образом,0,0,0,0,0,0,0,0,0,0
вождь,0,0,0,0,0,0,1,0,0,0
ребенок,0,1,0,0,1,0,1,0,0,0
роды,0,0,0,0,0,0,0,0,0,0
детство,0,0,0,0,1,0,1,0,0,0
детский,0,0,0,0,0,1,0,0,0,0
холод,0,0,0,0,0,0,0,0,0,0
холодно,0,0,0,0,0,1,0,0,0,0
перезвон,0,0,0,0,0,0,0,0,0,0
химера,0,0,0,1,0,0,0,0,1,0
куранты,0,0,0,0,0,0,0,0,0,0
дымовая труба,0,0,0,0,0,0,0,0,0,0
Китай,0,0,0,0,0,0,0,0,0,0
китай,0,0,0,0,0,0,0,0,0,0
чавыча,0,0,0,0,0,0,0,0,0,0
чип,0,0,0,0,0,0,0,0,0,0
скалывание,0,0,0,0,0,0,0,0,0,0
чирикать,0,0,0,0,1,0,1,0,0,0
долото,0,0,0,0,0,0,1,0,0,0
чит,0,0,0,0,0,0,0,0,0,0
рыцарство,0,0,0,0,0,0,1,0,0,0
хлороформ,0,0,0,0,0,1,0,0,0,0
шоколад,0,1,0,0,1,0,1,0,0,1
выбор,0,0,0,0,0,0,1,0,0,0
хор,0,0,0,0,1,0,1,0,0,1
удушение,1,0,0,0,0,1,0,1,0,0
холера,0,0,1,1,0,1,0,1,0,0
выбирать,0,0,0,0,0,0,0,0,0,0
выбор,0,0,0,0,0,0,0,0,0,0
нарезать,0,0,0,0,0,1,0,0,0,0
измельчение,0,0,0,0,0,0,0,0,0,0
отбивные,0,0,0,0,0,0,0,0,0,0
хоровой,0,0,0,0,1,0,1,0,0,0
аккорды,0,0,0,0,0,0,0,0,0,0
работа по дому,0,0,0,0,0,1,0,0,0,0
хор,0,0,0,0,0,0,1,0,0,0
выбранный,0,0,0,0,0,0,1,0,0,0
суп,0,0,0,0,0,0,1,0,0,0
крещение,0,0,0,0,0,0,0,0,0,0
хроматический,0,0,0,0,0,0,0,0,0,0
хроматография,0,0,0,0,0,0,0,0,0,0
хромосома,0,0,0,0,0,0,0,0,0,0
хронический,0,0,0,0,0,1,0,1,0,0
хроника,0,0,0,0,0,0,1,0,0,1
хронограф,0,0,0,0,0,0,0,0,0,0
хронологический,0,0,0,0,0,0,0,0,0,0
патрон,0,0,0,0,0,0,0,0,0,0
посмеиваться,0,1,0,0,1,0,1,0,1,1
кусок,0,0,0,0,0,0,0,0,0,0
коренастый,0,0,0,0,0,0,0,0,0,0
церковь,0,1,0,0,1,0,1,0,0,1
погост,0,0,0,0,0,0,0,0,0,0
взбалтывать,0,0,0,0,0,0,0,0,0,0
парашют,0,0,0,0,0,0,0,0,0,0
чатни,0,0,0,0,0,0,0,0,0,0
Чао,0,0,0,0,0,0,0,0,0,0
сидр,0,0,0,0,0,0,1,0,0,0
сигара,0,0,0,0,0,0,0,0,0,0
сигарета,0,0,0,0,0,1,0,0,0,0
подпруга,0,0,0,0,0,0,0,0,0,0
пепел,0,0,0,0,0,0,0,0,0,0
кино,0,0,0,0,0,0,0,0,0,0
кинематографист,0,0,0,0,0,0,0,0,0,0
кинематография,0,0,0,0,0,0,0,0,0,0
корица,0,0,0,0,0,0,0,0,0,0
шифр,0,0,0,0,0,0,0,0,0,0
круг,0,0,0,0,0,0,0,0,0,0
кружение,0,0,0,0,0,0,0,0,0,0
схема,0,0,0,0,0,0,0,0,0,0
круговой,0,0,0,0,0,0,0,0,0,0
распространять,0,0,0,0,0,0,0,0,0,0
обращение,0,0,0,0,0,0,0,0,0,0
обрезание,0,0,0,0,0,0,1,0,0,0
длина окружности,0,0,0,0,0,0,0,0,0,0
круговой,0,0,0,0,0,0,0,0,0,0
ограниченный,0,0,0,0,0,0,0,0,0,0
обстоятельство,0,0,0,0,0,0,0,0,0,0
косвенный,0,0,0,0,0,0,0,0,0,0
обход,0,0,0,0,0,1,1,0,0,0
цирк,0,0,0,0,0,0,0,0,0,0
перистые,0,0,0,0,0,0,0,0,0,0
сливной бачок,0,0,0,0,0,0,0,0,0,0
цитадель,0,0,0,0,0,0,0,0,0,0
цитата,0,0,0,0,0,0,0,0,0,0
гражданин,0,0,0,0,0,0,1,0,0,0
цитрин,0,0,0,0,0,0,0,0,0,0
город,0,0,0,0,0,0,0,0,0,0
гражданский,0,0,0,0,0,0,0,0,0,0
гражданский,0,0,0,0,0,0,1,0,0,0
гражданский,0,0,0,0,0,0,0,0,0,0
вежливость,0,0,0,0,0,0,1,0,0,0
цивилизация,0,0,0,0,0,0,1,0,0,1
цивилизованный,0,0,0,0,1,0,1,0,0,1
одетый,0,0,0,0,0,0,0,0,0,0
требовать,0,0,0,0,0,0,0,0,0,0
истец,1,0,1,0,0,0,0,0,0,0
ясновидящий,0,0,0,0,0,0,1,0,0,0
моллюск,0,0,0,0,0,0,0,0,0,0
шум,1,1,1,0,0,1,0,0,1,0
зажим,0,0,0,0,0,0,0,0,0,0
клан,0,0,0,0,0,0,0,0,0,1
тайный,0,0,0,0,0,0,0,0,0,0
хлопок,0,1,0,0,1,0,1,0,0,1
объяснить,0,0,0,0,0,0,1,0,0,0
кларнет,0,0,0,0,0,0,0,0,0,0
горн,0,0,0,0,0,0,0,0,0,0
ясность,0,0,0,0,0,0,0,0,0,0
столкновение,1,0,0,0,0,1,0,0,0,0
столкновение,1,0,0,1,0,1,0,0,0,0
застежка,0,0,0,0,0,0,0,0,0,0
учебный класс,0,0,0,0,0,0,0,0,0,0
классический,0,0,0,0,0,0,1,0,0,0
классический,0,0,0,0,0,0,1,0,0,0
классика,0,0,0,0,1,0,1,0,0,0
классификация,0,0,0,0,0,0,0,0,0,0
классифицировать,0,0,0,0,0,0,1,0,0,0
одноклассник,0,0,0,0,0,0,0,0,0,0
грохот,0,0,0,0,0,0,0,0,0,0
пункт,0,0,0,0,0,0,0,0,0,0
статьи,0,0,0,0,0,0,0,0,0,0
коготь,1,0,0,1,0,1,0,0,0,0
когти,0,0,0,0,0,0,0,0,0,0
глина,0,0,0,0,0,0,0,0,0,0
чистый,0,0,0,0,1,0,1,0,0,1
уборка,0,0,0,0,0,0,1,0,0,0
чистота,0,0,0,0,0,0,1,0,0,0
чисто,0,0,0,0,0,0,1,0,0,0
очистить,0,0,0,0,0,0,1,0,0,0
очищение,0,0,0,0,0,0,1,0,0,0
оформление,0,0,0,0,0,0,1,0,0,1
расчистка,0,0,0,0,0,0,0,0,0,0
ясность,0,0,0,0,0,0,1,0,0,0
расщепление,0,0,0,0,0,0,0,0,0,0
расколоть,0,0,0,1,0,0,0,0,0,0
ключ,0,0,0,0,0,0,0,0,0,0
расщелина,0,0,0,0,0,0,0,0,0,0
помилование,0,0,0,0,0,0,0,0,0,0
духовенство,0,0,0,0,0,0,0,0,0,0
священник,0,0,0,0,0,0,0,0,0,0
канцелярский,0,0,0,0,0,0,1,0,0,1
клерк,0,0,0,0,0,0,0,0,0,0
должность клерка,0,0,0,0,0,0,0,0,0,0
умный,0,0,0,0,0,0,1,0,0,0
сообразительность,0,0,0,0,0,0,1,0,0,0
нажмите,0,0,0,0,0,0,0,0,0,0
клиент,0,0,0,0,0,0,0,0,0,0
клиентура,0,0,0,0,0,0,0,0,0,0
утес,0,0,0,1,0,0,0,0,0,0
климат,0,0,0,0,0,0,0,0,0,0
климатология,0,0,0,0,0,0,0,0,0,0
кульминация,0,1,0,0,1,0,1,0,1,1
взбираться,0,0,0,0,0,0,0,0,0,0
цепляться,0,0,0,0,0,0,0,0,0,0
клип,0,0,0,0,0,0,0,0,0,0
машинка для стрижки,0,0,0,0,0,0,0,0,0,0
вырезка,0,0,0,0,0,0,0,0,0,0
клика,0,0,0,0,0,0,0,0,0,0
плащ,0,0,0,0,0,0,0,0,0,0
Часы,0,1,0,0,0,0,0,0,0,0
часовой механизм,0,0,0,0,0,0,0,0,0,0
засорять,0,0,0,0,0,0,0,0,0,0
монастырь,0,0,0,0,0,1,0,0,0,0
Закрыть,0,0,0,0,0,0,0,0,0,0
закрыто,0,0,0,0,0,0,0,0,0,0
близость,0,0,0,0,1,0,1,0,0,1
шкаф,0,0,0,0,0,0,0,0,0,0
закрытие,0,1,0,0,1,0,1,1,0,0
сгусток,0,0,0,0,0,0,0,0,0,0
ткань,0,0,0,0,0,0,0,0,0,0
одевать,0,0,0,0,0,0,1,0,0,0
одежда,0,0,0,0,0,0,0,0,0,0
бельевая веревка,0,0,0,0,0,0,0,0,0,0
одежда,0,0,0,0,0,0,0,0,0,0
облако,0,0,0,0,0,0,0,0,0,0
затуманенный,0,0,0,0,0,1,0,1,0,0
облачность,0,0,0,1,0,1,0,0,0,0
облачно,0,0,0,0,0,0,0,1,0,0
клевер,0,0,0,0,0,0,0,0,0,0
гвоздика,0,0,0,0,0,0,0,0,0,0
клоун,0,1,0,0,1,0,1,0,1,0
клуб,0,0,0,0,0,0,0,0,0,0
клуб,0,0,0,0,0,0,0,0,0,0
клубы,0,0,0,0,0,0,0,0,0,0
Подсказка,0,1,0,0,0,0,0,0,0,0
комок,0,0,0,0,0,1,0,0,0,0
неуклюжий,0,0,1,0,0,1,0,0,0,0
кластер,0,0,0,0,0,0,0,0,0,0
схватить,0,0,0,0,0,0,0,0,0,0
сцепления,0,0,0,0,0,0,0,0,0,0
беспорядок,0,0,0,0,0,0,0,0,0,0
тренер,0,0,0,0,0,0,0,0,0,1
коагуляция,0,0,0,0,0,0,0,0,0,0
каменный уголь,0,0,0,0,0,0,0,0,0,0
сливаться,0,0,0,0,0,0,0,0,0,1
коалиция,0,0,0,0,0,0,1,0,0,0
морской берег,0,0,0,0,0,0,1,0,0,0
прибрежный,0,0,0,0,0,0,0,0,0,0
каботажное судно,0,0,0,0,0,0,0,0,0,0
Пальто,0,0,0,0,0,0,0,0,0,0
покрытие,0,0,0,0,0,0,0,0,0,0
уговорить,0,0,0,0,0,0,0,0,0,1
кобальт,0,0,0,0,0,0,0,0,0,0
булыжник,0,0,0,0,0,0,0,0,0,0
сапожник,0,0,0,0,0,0,0,0,0,0
кобра,0,0,0,1,0,0,0,0,0,0
кокаин,0,0,0,0,0,1,0,1,0,0
петух,0,0,0,0,0,0,0,0,0,0
кокпит,0,0,0,0,0,0,0,0,0,0
коктейль,0,0,0,0,0,0,0,0,0,0
какао,0,0,0,0,0,0,0,0,0,0
кокон,0,0,0,0,0,0,0,0,0,0
треска,0,0,0,0,0,0,0,0,0,0
код,0,0,0,0,0,0,0,0,0,0
кодекс,0,0,0,0,0,0,0,0,0,0
кодификация,0,0,0,0,0,0,0,0,0,0
кодифицировать,0,0,0,0,0,0,0,0,0,0
коэффициент,0,0,0,0,0,0,0,0,0,0
принуждать,1,0,1,1,0,1,0,0,0,0
принуждение,1,0,1,1,0,1,0,1,0,0
принудительный,0,0,0,0,0,0,0,0,0,0
сосуществовать,0,0,0,0,0,0,1,0,0,1
сосуществование,0,0,0,0,0,0,0,0,0,0
сосуществование,0,0,0,0,0,0,0,0,0,1
кофе,0,0,0,0,0,0,0,0,0,0
гроб,0,0,0,1,0,1,0,1,0,0
винтик,0,0,0,0,0,0,0,0,0,0
убедительный,0,0,0,0,0,0,1,0,0,1
родственный,0,0,0,0,0,0,0,0,0,0
познание,0,0,0,0,0,0,0,0,0,0
познавательный,0,0,0,0,0,0,1,0,0,0
Сожительство,0,0,0,0,0,0,0,0,0,0
когерентность,0,0,0,0,0,0,1,0,0,0
последовательный,0,0,0,0,0,0,1,0,0,0
сплоченность,0,0,0,0,0,0,0,0,0,1
сплоченный,0,0,0,0,0,0,1,0,0,1
когорта,0,0,0,0,0,0,0,0,0,0
катушка,0,0,0,0,0,0,0,0,0,0
свернутый,0,0,0,0,0,0,0,0,0,0
монета,0,0,0,0,0,0,0,0,0,0
чеканка,0,0,0,0,0,0,0,0,0,0
совпадают,0,0,0,0,0,0,0,0,0,0
стечение обстоятельств,0,0,0,0,0,0,0,0,1,0
совпадение,0,0,0,0,0,0,0,0,0,0
совпадающий,0,0,0,0,0,0,0,0,0,0
кокс,0,0,0,0,0,0,0,0,0,0
холодно,0,0,0,0,0,1,0,0,0,0
холодно,0,0,0,0,0,1,0,0,0,0
холодность,1,0,1,1,0,1,0,1,0,0
колики,0,0,0,0,0,1,0,0,0,0
сотрудник,0,0,0,0,0,0,0,0,0,1
крах,0,0,1,1,0,1,0,1,0,0
воротник,0,0,0,0,0,0,0,0,0,0
сопоставлять,0,0,0,0,0,0,0,0,0,0
залог,0,0,0,0,0,0,0,0,0,1
сопоставление,0,0,0,0,0,0,0,0,0,0
коллега,0,0,0,0,0,0,0,0,0,0
собирать,0,0,0,0,0,0,0,0,0,0
собрал,0,0,0,0,0,0,0,0,0,0
коллекция,0,0,0,0,0,0,0,0,0,0
коллектив,0,0,0,0,0,0,0,0,0,0
коллективно,0,0,0,0,0,0,1,0,0,1
коллекционер,0,0,0,0,0,0,0,0,0,0
колледж,0,0,0,0,0,0,0,0,0,0
коллегиальный,0,0,0,0,0,0,0,0,0,0
столкнуться,0,0,0,0,0,0,0,0,0,0
колли,0,0,0,0,0,0,0,0,0,0
столкновение,1,0,0,0,0,1,0,0,0,0
словосочетание,0,0,0,0,0,0,0,0,0,0
разговорный,0,0,0,0,0,0,0,0,0,0
сговор,1,0,1,1,0,1,0,1,0,0
двоеточие,0,0,0,0,0,0,0,0,0,0
полковник,0,0,0,0,0,0,1,0,0,1
колониальный,0,0,0,0,0,0,0,0,0,0
колония,0,0,0,0,0,0,0,0,0,0
колофон,0,0,0,0,0,0,0,0,0,0
цвет,0,0,0,0,0,0,0,0,0,0
окраска,0,0,0,0,0,0,0,0,0,0
цветной,0,0,0,0,0,0,0,0,0,0
окраска,0,0,0,0,0,0,0,0,0,0
бесцветный,0,0,0,0,0,0,0,0,0,0
цвета,0,0,0,0,0,0,0,0,0,0
колоссальный,0,0,0,0,0,0,1,0,0,0
жеребенок,0,0,0,0,0,0,0,0,0,0
столбец,0,0,0,0,0,0,0,0,0,0
столбчатый,0,0,0,0,0,0,0,0,0,0
кома,0,0,0,1,0,1,0,1,0,0
коматозный,0,0,0,1,0,1,0,1,0,0
гребень,0,0,0,0,0,0,0,0,0,0
бой,1,0,0,1,0,1,0,0,0,0
комбатант,1,0,0,1,0,1,0,0,0,0
боевой,1,0,0,1,0,1,0,0,0,0
комбинация,0,0,0,0,0,0,0,0,0,0
комбинаторный,0,0,0,0,0,0,0,0,0,0
комбинировать,0,0,0,0,0,0,0,0,0,0
комбинированный,0,0,0,0,0,0,0,0,0,0
горючий,0,0,0,0,0,0,0,0,0,0
горение,0,0,0,0,0,0,0,0,0,0
комедия,0,0,0,0,0,0,0,0,0,0
комета,0,0,0,0,0,0,0,0,0,0
комфорт,0,1,0,0,1,0,1,0,0,1
одеяло,0,0,0,0,0,0,0,0,0,0
комикс,0,0,0,0,0,0,0,0,0,0
смешной,0,0,0,0,0,0,0,0,0,0
приходящий,0,1,0,0,0,0,0,0,0,0
запятая,0,0,0,0,0,0,0,0,0,0
команда,0,0,0,0,0,0,0,0,0,0
комендант,0,0,0,0,0,0,1,0,0,1
командир,0,0,0,0,0,0,0,0,0,0
командующий,0,0,0,0,0,0,1,0,0,1
почтить память,0,1,0,0,1,0,1,1,0,0
поминовение,0,1,0,0,1,0,1,0,0,0
памятный,0,1,0,0,0,0,1,0,0,0
начинать,0,0,0,0,0,0,0,0,0,0
хвалить,0,0,0,0,0,0,1,0,0,0
похвально,0,0,0,0,1,0,1,0,0,1
соразмерный,0,0,0,0,0,0,0,0,0,0
комментарий,0,0,0,0,0,0,0,0,0,0
комментарий,0,0,0,0,0,0,0,0,0,0
комментатор,0,0,0,0,0,0,1,0,0,0
коммерция,0,0,0,0,0,0,0,0,0,1
коммерческий,0,0,0,0,0,0,0,0,0,0
магазин,0,0,0,0,0,0,0,0,0,0
комиссия,0,0,0,0,0,0,0,0,0,1
комиссар,0,0,0,0,0,0,0,0,0,0
совершить,0,0,0,0,0,0,0,0,0,0
обязательство,0,0,0,0,0,1,0,1,0,0
преданный идее,0,0,0,0,0,0,1,0,0,1
комитет,0,0,0,0,0,0,0,0,0,1
товар,0,0,0,0,0,0,0,0,0,0
коммодор,0,0,0,0,0,0,1,0,0,1
общий,0,0,0,0,0,0,0,0,0,0
обычно,0,0,0,0,0,0,0,0,0,0
обыденность,0,1,0,0,0,0,0,0,0,1
общины,0,0,0,0,0,0,0,0,0,0
содружество,0,0,0,0,0,0,1,0,0,1
волнение,1,0,0,0,0,1,0,0,0,0
коммуна,0,0,0,0,0,0,0,0,0,0
коммуникабельный,0,0,0,0,0,0,0,0,0,0
общаться,0,0,0,0,0,0,1,0,0,1
коммуникация,0,0,0,0,0,0,0,0,0,1
общительный,0,0,0,0,0,0,1,0,0,0
причастие,0,0,0,0,1,0,1,0,0,1
коммунизм,1,0,0,1,0,1,0,1,0,0
коммунист,0,0,0,0,0,1,0,0,0,0
сообщество,0,0,0,0,0,0,1,0,0,0
коммутация,0,0,0,0,0,0,1,0,0,0
коммутативный,0,0,0,0,0,0,0,0,0,0
ездить,0,0,0,0,0,0,1,0,0,0
пассажир,0,0,0,0,0,0,0,0,0,0
компактный,0,0,0,0,0,0,0,0,0,1
уплотнение,0,0,0,0,0,0,0,0,0,0
компактность,0,0,0,0,0,0,0,0,0,0
компаньон,0,0,0,0,1,0,1,0,0,1
общение,0,0,0,0,0,0,0,0,0,0
Компания,0,0,0,0,0,0,0,0,0,0
сопоставимый,0,0,0,0,0,0,0,0,0,0
Сравнительная степень,0,0,0,0,0,0,0,0,0,0
сравнительно,0,0,0,0,0,0,0,0,0,0
сравнение,0,0,0,0,0,0,0,0,0,0
купе,0,0,0,0,0,0,0,0,0,0
компас,0,0,0,0,0,0,0,0,0,1
сострадание,0,0,0,1,0,0,1,0,0,0
сострадательный,0,0,0,0,0,0,1,0,0,0
совместимость,0,0,0,0,0,0,1,0,0,0
совместимый,0,0,0,0,0,0,1,0,0,0
принуждать,0,0,0,0,0,0,0,0,0,0
вынужденный,0,0,0,0,0,0,0,0,0,0
неотразимый,0,0,0,0,0,0,1,0,0,0
сборник,0,0,0,0,0,0,0,0,0,0
компенсировать,0,1,0,0,1,0,1,0,1,1
компенсация,0,0,0,0,0,0,0,0,0,0
компенсаторный,0,0,0,0,0,0,1,0,0,0
компетентность,0,0,0,0,0,0,1,0,0,1
компетентность,0,0,0,0,0,0,1,0,0,1
компетентный,0,0,0,0,0,0,1,0,0,1
конкуренция,0,1,0,0,0,1,0,0,0,0
конкурентоспособный,0,0,0,0,0,0,0,0,0,0
конкурент,0,0,0,0,0,0,0,0,0,0
компиляция,0,0,0,0,0,0,0,0,0,0
компилировать,0,0,0,0,0,0,0,0,0,0
самодовольство,0,0,0,0,0,0,1,0,0,0
самодовольный,0,0,0,0,0,0,0,0,0,0
жаловаться,1,0,0,0,0,1,0,1,0,0
жалоба,1,0,0,0,0,1,0,0,0,0
дополнять,0,1,0,0,1,0,1,0,1,1
дополнительный,0,0,0,0,0,0,1,0,0,0
завершенный,0,0,0,0,0,0,0,0,0,0
полностью,0,0,0,0,0,0,1,0,0,0
полнота,0,0,0,0,0,0,1,0,0,0
завершение,0,1,0,0,1,0,1,0,0,0
завершение,0,1,0,0,1,0,1,0,0,0
сложный,0,0,0,0,0,0,0,0,0,0
сложный,0,0,0,0,0,1,0,0,0,0
цвет лица,0,0,0,0,0,0,0,0,0,0
сложность,0,0,0,0,0,1,0,0,0,0
согласие,0,0,0,0,0,0,1,0,0,1
совместимый,0,0,0,0,0,0,1,0,0,0
усложнять,1,0,0,0,0,1,0,0,0,0
сложный,0,0,0,0,0,1,0,0,0,0
осложнение,0,0,0,0,0,1,0,0,0,0
соучастие,0,0,0,0,0,1,1,0,0,0
комплимент,0,1,0,0,1,0,1,0,1,1
исполнять,0,0,0,0,0,0,0,0,0,0
соблюдение,0,0,0,0,0,0,0,0,0,0
компо,0,0,0,0,0,0,0,0,0,0
составная часть,0,0,0,0,0,0,0,0,0,0
сочинять,0,0,0,0,0,0,0,0,0,0
составленный,0,0,0,0,0,0,1,0,0,0
композитор,0,0,0,0,0,0,1,0,0,0
составной,0,0,0,0,0,0,0,0,0,0
сочинение,0,0,0,0,0,0,0,0,0,0
компост,0,0,1,0,0,1,0,0,0,0
самообладание,0,0,0,0,0,0,1,0,0,0
сложный,0,0,0,0,0,0,0,0,0,0
постигать,0,0,0,0,0,0,1,0,0,0
понимание,0,0,0,0,0,0,0,0,0,0
всесторонний,0,0,0,0,0,0,1,0,0,0
компресс,1,0,0,0,0,0,0,0,0,0
сжатый,0,0,0,0,0,0,0,0,0,0
сжимаемый,0,0,0,0,0,0,0,0,0,0
компрессия,0,0,0,0,0,0,0,0,0,0
включать,0,0,0,0,0,0,0,0,0,0
компромисс,0,0,0,0,0,0,0,0,0,0
контролер,0,0,0,0,0,0,0,0,0,1
принуждение,1,0,0,0,0,1,0,0,0,0
принудительный,0,0,0,0,0,1,0,0,0,0
вычислимый,0,0,0,0,0,0,0,0,0,0
вычисление,0,0,0,0,0,0,0,0,0,0
вычислять,0,0,0,0,0,0,0,0,0,0
компьютер,0,0,0,0,0,0,0,0,0,0
товарищ,0,0,0,0,0,0,1,0,0,1
против,0,0,0,0,0,0,0,0,0,0
конкатенация,0,0,0,0,0,0,0,0,0,0
вогнутый,0,0,0,0,0,0,0,0,0,0
скрывать,0,0,0,0,0,1,0,1,0,0
скрытый,0,1,0,1,0,1,0,0,1,0
сокрытие,1,1,0,1,0,1,0,0,0,0
тщеславие,0,0,0,0,0,1,0,0,0,0
тщеславный,0,0,0,0,0,1,0,0,0,0
мыслимый,0,0,0,0,0,0,0,0,0,0
сконцентрироваться,0,0,0,0,0,0,0,0,0,0
концентрация,0,0,0,0,0,0,0,0,0,0
концентрический,0,0,0,0,0,0,1,0,0,0
зачатие,0,0,0,0,0,0,0,0,0,0
беспокойство,0,0,0,0,0,0,0,0,0,0
обеспокоенный,0,0,0,1,0,0,0,1,0,0
концерт,0,0,0,0,0,0,0,0,0,0
уступка,0,0,0,0,0,0,0,0,0,0
льготный,0,0,0,0,0,0,0,0,0,0
консьерж,0,0,0,0,0,0,0,0,0,0
примирение,0,0,0,0,1,0,1,0,0,1
лаконичный,0,0,0,0,0,0,0,0,0,0
конклав,0,0,0,0,0,0,0,0,0,0
заключить,0,0,0,0,0,0,0,0,0,0
заключение,0,0,0,0,0,0,1,0,0,0
вывод,0,0,0,0,0,0,0,0,0,0
смесь,0,0,0,0,0,0,0,0,0,0
сопутствующий,0,0,0,0,0,0,0,0,0,0
согласие,0,0,0,0,0,0,1,0,0,1
соответствие,0,0,0,0,0,0,1,0,0,1
конкурсы,0,0,0,0,0,0,0,0,0,0
сборище,0,0,0,0,0,0,0,0,0,0
конкретный,0,0,0,0,0,0,0,0,0,0
совпадение,0,0,0,0,0,0,0,0,0,0
одновременный,0,0,0,0,0,0,0,0,0,0
совпадающий,0,0,0,0,0,0,0,0,0,0
сотрясение,1,0,0,0,0,1,0,1,0,0
осуждать,1,0,0,0,0,1,0,0,0,0
осуждение,1,1,1,1,0,1,0,1,0,0
конденсация,0,0,0,0,0,0,0,0,0,0
сжатый,0,0,0,0,0,0,0,0,0,0
снисходительный,0,0,0,0,0,1,0,0,0,0
снисходительность,1,0,1,0,0,1,0,1,0,0
приправа,0,0,0,0,0,0,0,0,0,0
условие,0,0,0,0,0,0,0,0,0,0
условный,0,0,0,0,0,0,0,0,0,0
условно,0,0,0,0,0,0,0,0,0,0
обусловленный,0,0,0,0,0,0,0,0,0,0
условия,0,0,0,0,0,0,0,0,0,0
соболезнования,0,0,0,0,0,0,1,1,0,0
оправдывать,0,0,0,0,0,0,1,0,0,0
благоприятный,0,0,0,0,0,0,1,0,0,0
руководить,0,0,0,0,0,0,0,0,0,0
проводимость,0,0,0,0,0,0,0,0,0,0
проводимость,0,0,0,0,0,0,1,0,0,0
проводник,0,0,0,0,0,0,0,0,0,0
проводник,0,0,0,0,0,0,0,0,0,0
конус,0,0,0,0,0,0,0,0,0,0
союзник,0,0,0,0,0,0,1,0,0,1
конфедерация,0,0,0,0,0,0,0,0,0,0
даровать,0,0,0,0,0,0,0,0,0,0
конференция,0,0,0,0,0,0,0,0,0,0
признаваться,0,0,0,0,0,1,1,0,0,1
признание,0,1,0,1,0,1,0,1,1,0
конфессиональный,0,0,0,1,0,0,0,0,0,1
признания,0,0,0,0,0,0,0,0,0,0
доверять,0,0,0,0,0,0,0,0,0,1
уверенность,0,0,0,1,1,0,1,0,0,1
уверенная в себе,0,0,0,0,1,0,1,0,0,1
конфиденциальный,0,0,0,0,0,0,0,0,0,1
конфиденциально,0,0,0,0,0,0,0,0,0,1
конфигурация,0,0,0,0,0,0,0,0,0,0
ограничивать,1,0,0,1,0,1,0,1,0,0
замкнутый,1,0,1,1,0,1,0,1,0,0
заключение,1,0,0,1,0,1,0,1,0,0
ограничивает,0,0,0,0,0,0,0,0,0,0
подтверждать,0,0,0,0,0,0,0,0,0,0
подтверждение,0,0,0,0,0,0,0,0,0,1
подтверждающий,0,0,0,0,0,0,0,0,0,0
подтвержденный,0,0,0,0,0,0,1,0,0,1
конфисковать,1,0,0,0,0,1,0,1,0,0
конфискация,0,0,0,0,0,1,0,0,0,0
пожарище,1,0,0,1,0,1,0,0,0,0
конфликт,1,0,0,1,0,1,0,1,0,0
противоречивый,0,0,0,0,0,1,0,0,0,0
слияние,0,0,0,0,0,0,0,0,0,0
соответствие,0,0,0,0,0,0,1,0,0,0
конформация,0,0,0,0,0,0,0,0,0,0
соответствие,0,0,0,0,0,0,0,0,0,1
путать,0,0,0,0,0,1,0,0,0,0
сбитый с толку,0,0,0,0,0,1,0,0,0,0
противостоять,1,0,0,0,0,0,0,0,0,0
путать,0,0,0,0,0,1,0,0,0,0
путаница,1,0,0,1,0,1,0,0,0,0
близкий по духу,0,0,0,0,0,0,1,0,0,0
врожденный,0,0,0,0,0,0,0,0,0,0
скопление,0,0,0,0,0,1,0,0,0,0
конгломерат,0,0,0,0,0,0,0,0,0,1
конгломерат,0,0,0,0,0,0,0,0,0,0
поздравительный,0,0,0,0,1,0,1,0,0,0
собираться,0,0,0,0,0,0,0,0,0,0
собрание,0,0,0,0,0,0,1,0,0,1
конгресс,0,0,1,0,0,0,0,0,0,1
конгрессмен,0,0,0,0,0,0,0,0,0,0
конгрессмен,0,0,0,0,0,0,0,0,0,1
конгруэнтность,0,0,0,0,0,0,1,0,0,1
конический,0,0,0,0,0,0,0,0,0,0
конический,0,0,0,0,0,0,0,0,0,0
предположение,0,1,0,0,0,0,0,0,0,0
супружеский,0,0,0,0,0,0,0,0,0,0
сопряженный,0,0,0,0,0,0,0,0,0,0
спряжение,0,0,0,0,0,0,0,0,0,0
соединение,0,0,0,0,0,0,0,0,0,0
союзный,0,0,0,0,0,0,0,0,0,0
колдовать,0,1,0,0,0,0,0,0,1,0
заклинание,0,0,0,0,0,1,0,0,0,0
соединять,0,0,0,0,0,0,0,0,0,0
связано,0,0,0,0,0,0,0,0,0,0
связь,0,0,0,0,0,0,0,0,0,0
соединительный,0,0,0,0,0,0,0,0,0,1
знаток,0,0,0,0,1,0,1,0,0,1
завоевывать,0,0,0,0,0,0,0,0,0,0
завоеватель,0,0,0,0,0,0,0,0,0,0
завоевание,1,0,0,1,0,1,0,0,0,0
совесть,0,0,0,0,0,0,1,0,0,1
добросовестный,0,0,0,0,0,0,1,0,0,1
сознание,0,0,0,0,0,0,1,0,0,0
воинская повинность,0,0,0,0,0,0,0,0,0,0
освящение,0,1,0,0,1,0,1,1,0,1
последовательный,0,0,0,0,0,0,0,0,0,0
согласие,0,0,0,0,0,0,0,0,0,0
согласие,0,0,0,0,0,0,0,0,0,0
последствие,0,0,0,0,0,0,0,0,0,0
следствие,0,1,0,0,0,0,0,0,0,0
сохранение,0,1,0,0,0,0,1,0,0,1
консерватизм,0,0,0,0,0,0,0,0,0,0
консерватор,0,0,0,0,0,0,0,0,0,0
консерватория,0,0,0,0,0,0,0,0,0,0
сохранить,0,0,0,0,0,0,1,0,0,0
значительный,0,0,0,0,0,0,1,0,0,0
внимательный,0,0,0,0,0,0,1,0,0,1
грузополучатель,0,0,0,0,0,0,0,0,0,0
партия,0,0,0,0,0,0,0,0,0,0
последовательность,0,0,0,0,0,0,1,0,0,1
последовательный,0,0,0,0,0,0,0,0,0,0
утешение,0,0,0,0,0,0,0,0,0,0
приставка,0,0,0,0,0,0,1,1,0,0
консолидировать,0,0,0,0,0,0,0,0,0,0
укрепление,0,0,0,0,0,0,0,0,0,0
согласный,0,0,0,0,0,0,1,0,0,0
консорт,0,0,0,0,0,0,0,0,0,1
бросающийся в глаза,0,0,0,0,0,0,0,0,0,0
заговор,0,0,0,1,0,0,0,0,0,0
заговорщик,1,1,1,1,0,1,0,0,0,0
сговориться,0,0,0,1,0,1,0,0,0,0
констебль,0,0,0,0,0,0,0,0,0,1
постоянство,0,0,0,0,0,0,1,0,0,1
постоянный,0,0,0,0,0,0,1,0,0,1
постоянно,0,0,0,0,0,0,0,0,0,1
созвездие,0,0,0,0,0,0,0,0,0,0
ужас,1,0,0,1,0,1,0,0,0,0
запор,0,0,1,0,0,1,0,0,0,0
составляющая,0,0,0,0,0,0,0,0,0,0
составляющие,0,0,0,0,0,0,0,0,0,0
составляют,0,0,0,0,0,0,0,0,0,1
конституция,0,0,0,0,0,0,0,0,0,0
конституционный,0,0,0,0,0,0,1,0,0,1
конституционность,0,0,0,0,0,0,0,0,0,0
ограничивать,0,0,0,1,0,1,0,0,0,0
ограниченный,0,0,0,0,0,1,0,0,0,0
ограничение,1,0,0,1,0,1,0,1,0,0
построить,0,0,0,0,0,0,1,0,0,0
строительство,0,0,0,0,0,0,0,0,0,0
толковать,0,0,0,0,0,0,0,0,0,0
консул,0,0,0,0,0,0,0,0,0,1
консультироваться,0,0,0,0,0,0,0,0,0,1
консультация,0,0,0,0,0,0,0,0,0,0
потреблять,0,0,0,0,0,0,0,0,0,0
потребление,0,0,0,0,0,0,0,0,0,0
непревзойденный,0,0,0,0,0,0,1,0,0,0
завершение,0,0,0,0,0,0,0,0,0,0
потребление,0,0,0,0,0,0,0,0,0,0
контакт,0,0,0,0,0,0,1,0,0,0
заражение,0,1,1,1,0,1,0,0,0,0
заразительный,0,0,1,1,0,1,0,0,0,0
сдерживание,0,0,0,0,0,0,0,0,0,0
загрязнять,0,0,1,0,0,1,0,0,0,0
загрязненный,0,0,1,1,0,1,0,1,0,0
загрязнение,0,0,1,0,0,1,0,0,0,0
созерцать,0,0,0,0,0,0,0,0,0,0
созерцание,0,0,0,0,0,0,1,0,0,0
созерцательный,0,0,0,0,0,0,0,0,0,0
современный,0,0,0,0,0,0,0,0,0,0
современный,0,0,0,0,0,0,0,0,0,0
презрение,1,0,1,1,0,1,0,0,0,0
презренный,1,0,1,0,0,1,0,0,0,0
презрительный,1,0,0,0,0,1,0,0,0,0
борьба,0,0,0,0,0,0,0,0,0,0
содержание,0,0,0,0,1,0,1,0,0,1
спор,0,0,0,0,0,0,0,0,0,0
спорный,1,0,1,1,0,1,0,0,0,0
содержание,0,0,0,0,0,0,0,0,0,0
контекст,0,0,0,0,0,0,0,0,0,0
смежный,0,0,0,0,0,0,0,0,0,0
воздержание,0,0,0,0,0,0,0,0,0,0
континент,0,0,0,0,0,0,0,0,0,0
континентальный,0,0,0,0,0,0,0,0,0,0
случайность,0,0,0,0,0,0,0,0,0,0
контингент,0,1,0,0,0,0,0,0,0,0
постоянный,0,0,0,0,0,0,0,0,0,0
постоянно,0,0,0,0,0,0,0,0,0,0
продолжение,0,0,0,0,0,0,0,0,0,0
продолжение,0,1,0,0,0,0,0,0,0,0
Продолжать,0,1,0,0,0,0,1,0,0,1
продолжение,0,0,0,0,0,0,0,0,0,0
продолжение,0,0,0,0,0,0,0,0,0,0
преемственность,0,0,0,0,0,0,0,0,0,0
непрерывный,0,0,0,0,0,0,0,0,0,0
непрерывно,0,0,0,0,0,0,0,0,0,0
контур,0,0,0,0,0,0,1,0,0,0
контрабанда,1,0,1,1,0,1,0,0,0,0
договор,0,0,0,0,0,0,0,0,0,0
контракт,0,0,0,0,0,1,0,0,0,0
сократительный,0,0,0,0,0,0,0,0,0,0
заключение контракта,0,0,0,0,0,0,0,0,0,0
сокращение,0,0,0,0,0,0,0,0,0,0
противоречить,1,0,0,0,0,1,0,0,0,0
противоречие,0,0,0,0,0,1,0,0,0,0
противоречивый,0,0,0,0,0,1,0,0,0,0
вопреки,0,0,0,0,0,1,0,0,0,0
контраст,0,0,0,0,0,0,0,0,0,0
противопоставляется,0,0,0,0,0,1,0,0,0,0
противоречить,0,0,0,0,0,1,0,0,0,0
нарушение,0,0,0,0,0,1,0,0,0,0
делать вклад,0,0,0,0,0,0,1,0,0,0
участник,0,0,0,0,0,0,1,0,0,1
надуманный,0,0,0,0,0,0,0,0,0,0
контроль,0,0,0,0,0,0,0,0,0,0
спорный,1,0,0,0,0,1,0,0,0,0
полемика,0,0,0,0,0,1,0,0,0,0
загадка,0,0,0,0,0,0,0,0,0,0
выздоравливающий,0,0,0,0,0,0,0,0,0,0
конвекция,0,0,0,0,0,0,0,0,0,0
созывать,0,0,0,0,0,0,0,0,0,0
удобство,0,0,0,0,0,0,1,0,0,0
удобства,0,0,0,0,0,0,0,0,0,0
удобный,0,0,0,0,0,0,1,0,0,0
монастырь,0,0,0,0,0,0,1,0,0,1
соглашение,0,0,0,0,0,0,1,0,0,0
общепринятый,0,0,0,0,0,0,0,0,0,0
сходятся,0,0,0,0,0,0,0,0,0,0
конвергенция,0,1,0,0,0,0,0,0,0,0
сходящийся,0,0,0,0,0,0,0,0,0,0
сведущий,0,0,0,0,0,0,1,0,0,0
беседа,0,0,0,0,0,0,0,0,0,0
разговорный,0,0,0,0,0,0,1,0,0,0
беседовать,0,0,0,0,0,0,0,0,0,0
разговаривая,0,0,0,0,0,0,0,0,0,0
преобразование,0,0,0,0,0,0,0,0,0,0
конвертировать,0,0,0,0,0,0,1,0,0,0
преобразованный,0,0,0,0,0,0,0,0,0,0
кабриолет,0,0,0,0,0,0,0,0,0,0
выпуклый,0,0,0,0,0,0,0,0,0,0
выпуклость,0,0,0,0,0,0,0,0,0,0
передавать,0,0,0,0,0,0,0,0,0,0
перевозка,0,0,0,0,0,0,0,0,0,0
передача,0,0,0,0,0,0,0,0,0,1
признать виновным,1,0,1,1,0,1,0,1,0,0
убеждение,0,0,0,0,0,1,0,0,0,0
убеждать,0,1,0,0,0,0,1,0,0,1
убежденный,0,0,0,0,0,0,0,0,0,1
убедительный,0,0,0,0,0,0,0,0,0,1
созыв,0,0,0,0,0,0,0,0,0,0
запутанный,0,0,0,0,0,0,0,0,0,0
свертка,0,0,0,0,0,0,0,0,0,0
конвой,0,0,0,0,0,0,0,0,0,0
ворковать,0,0,0,0,0,0,0,0,0,0
готовить пищу,0,0,0,0,0,0,0,0,0,0
кулинария,0,0,0,0,0,0,0,0,0,0
приготовление еды,0,0,0,0,0,0,0,0,0,0
Круто,0,0,0,0,0,0,1,0,0,0
кулер,0,0,0,0,0,0,0,0,0,0
охлаждение,0,0,0,0,0,0,0,0,0,0
прохлада,0,0,0,0,0,0,1,0,0,0
курятник,1,0,1,0,0,1,0,0,0,0
сотрудничать,0,0,0,0,0,0,1,0,0,0
сотрудничество,0,0,0,0,0,0,1,0,0,1
сотрудничество,0,0,0,0,0,0,1,0,0,1
кооператив,0,0,0,0,0,0,1,0,0,1
координировать,0,0,0,0,0,0,0,0,0,0
полицейский,0,0,0,1,0,0,0,0,0,1
обильный,0,0,0,0,0,0,0,0,0,0
медь,0,0,0,0,0,0,0,0,0,0
копировать,0,0,0,0,0,1,0,0,0,0
подражатель,1,0,1,0,0,1,0,0,0,0
копирование,0,0,0,0,0,0,0,0,0,0
Авторские права,0,0,0,0,0,0,0,0,0,0
коралл,0,0,0,0,0,0,0,0,0,0
шнур,0,0,0,0,0,0,0,0,0,0
кордон,0,0,0,0,0,0,0,0,0,0
вельвет,0,0,0,0,0,0,0,0,0,0
основной,0,0,0,0,0,0,1,0,0,0
пробка,0,0,0,0,0,0,0,0,0,0
штопор,0,0,0,0,0,0,0,0,0,0
кукуруза,0,0,0,0,0,0,0,0,0,0
роговица,0,0,0,0,0,0,0,0,0,0
угол,0,0,0,0,0,0,0,0,0,0
корнет,0,0,0,0,0,0,0,0,0,0
карниз,0,0,0,0,0,0,0,0,0,0
кукурузный крахмал,0,0,0,0,0,0,0,0,0,0
следствие,0,0,0,0,0,0,0,0,0,0
корона,0,0,0,0,0,0,0,0,0,0
коронация,0,0,0,0,1,0,1,0,0,1
коронер,0,0,0,0,0,1,0,0,0,0
капрал,0,0,0,0,0,1,0,0,0,0
корпоративный,0,0,0,0,0,0,0,0,0,0
корпорация,0,0,0,0,0,0,1,0,0,1
телесный,0,0,0,0,0,0,1,0,0,0
корпус,0,0,0,0,0,0,0,0,0,0
труп,0,0,1,0,0,1,0,1,0,0
корпус,0,0,0,0,0,0,0,0,0,0
загон,0,0,0,0,0,0,0,0,0,0
исправление,0,0,0,0,0,1,0,0,0,0
корректирующий,0,0,0,0,0,0,1,0,0,0
правильность,0,0,0,0,0,0,0,0,0,1
корреляция,0,0,0,0,0,0,0,0,0,0
соотносительный,0,0,0,0,0,0,0,0,0,0
вести переписку,0,0,0,0,0,0,0,0,0,0
переписка,0,1,0,0,0,0,1,0,0,0
корреспондент,0,0,0,0,0,0,0,0,0,0
коридор,0,0,0,0,0,0,0,0,0,0
подтверждать,0,0,0,0,0,0,1,0,0,1
подтверждение,0,0,0,0,0,0,0,0,0,1
коррозия,0,0,0,0,0,1,0,0,0,0
коррозионный,0,0,0,1,0,1,0,0,0,0
коррумпированный,0,0,0,0,0,1,0,0,0,0
развращающий,1,0,1,1,0,1,0,1,0,0
коррупция,0,0,1,0,0,1,0,0,0,0
Корс,0,0,0,0,0,0,0,1,0,0
корсет,0,0,0,0,0,0,0,0,0,0
кора,0,0,0,0,0,0,0,0,0,0
корковый,0,0,0,0,0,0,0,0,0,0
корвет,0,0,0,0,0,0,0,0,0,0
косметический,0,0,0,0,0,0,0,0,0,0
косметика,0,0,0,0,0,0,0,0,0,0
космический,0,0,0,0,0,0,0,0,0,0
космология,0,0,0,0,0,0,0,0,0,0
космополит,0,0,0,0,0,0,1,0,0,1
космос,0,0,0,0,0,0,0,0,0,0
Стоимость,0,0,0,0,0,0,0,0,0,0
дорого,0,0,0,0,0,0,0,0,0,0
костюм,0,0,0,0,0,0,0,0,0,0
уютный,0,0,0,0,0,0,1,0,0,0
детская кроватка,0,0,0,0,0,0,0,0,0,0
берег,0,0,0,0,0,0,0,0,0,0
коттедж,0,0,0,0,0,0,0,0,0,0
хлопок,0,0,0,0,0,0,0,0,0,0
диван,0,0,0,0,0,0,0,1,0,0
пума,0,0,0,0,0,0,0,0,0,0
кашель,0,0,1,0,0,1,0,0,0,0
совет,0,1,0,0,0,0,1,0,0,1
адвокат,0,0,0,0,0,0,1,0,0,1
советник,1,0,0,1,0,1,0,0,0,1
советник,0,0,0,0,0,0,1,0,0,1
считать,0,0,0,0,0,0,1,0,0,1
обратный отсчет,0,1,0,0,0,0,0,0,0,0
лицо,0,0,0,0,0,0,0,0,0,0
прилавок,0,0,0,0,0,0,0,0,0,0
противодействовать,0,0,0,0,0,0,0,0,0,0
противовес,0,0,0,0,0,0,0,0,0,0
встречный иск,0,0,0,0,0,0,0,0,0,0
аналог,0,0,0,0,0,0,0,0,0,0
графиня,0,0,0,0,0,0,1,0,0,0
бесчисленное количество,0,0,0,0,0,0,0,0,0,0
страна,0,0,0,0,0,0,0,0,0,0
земляк,0,0,0,0,0,0,0,0,0,1
считает,0,0,0,0,0,0,0,0,0,0
округ,0,0,0,0,0,0,0,0,0,1
удачный ход,1,0,0,0,0,0,0,0,1,0
пара,0,0,0,0,0,0,0,0,0,0
соединенный,0,0,0,0,0,0,0,0,0,0
купон,0,0,0,0,0,0,0,0,0,0
храбрость,0,0,0,0,0,0,1,0,0,0
смелый,0,0,0,1,0,0,1,0,0,0
курьер,0,0,0,0,0,0,0,0,0,1
курсы,0,0,0,0,0,0,0,0,0,0
бегущий,0,0,0,0,0,1,0,0,0,0
корт,1,1,0,1,0,0,0,0,0,0
вежливый,0,0,0,0,0,0,1,0,0,0
учтивость,0,0,0,0,0,0,1,0,0,0
здание суда,0,0,0,0,0,0,0,0,0,0
суды,0,0,0,0,0,0,0,0,0,0
ухаживание,0,1,0,0,1,0,1,0,0,1
двор,0,0,0,0,0,0,0,0,0,0
бухта,0,1,1,1,1,0,1,0,0,0
завет,0,0,0,0,0,0,1,0,0,1
покрытие,0,0,0,0,0,0,0,0,0,1
покрытый,0,0,0,0,0,0,0,0,0,0
покрытие,0,0,0,0,0,0,0,0,0,0
тайный,0,0,0,0,0,0,0,0,0,0
жаждать,0,0,0,0,0,1,0,0,0,0
корова,0,0,0,0,0,0,0,0,0,0
трусливый,0,0,1,1,0,1,0,1,0,0
трусость,0,0,0,1,0,1,0,0,0,0
трусливый,0,0,0,1,0,1,0,0,0,0
ковбой,0,0,0,0,0,0,0,0,0,0
воловья кожа,0,0,0,0,0,0,0,0,0,0
капот,0,0,0,0,0,0,0,0,0,0
коллега по работе,0,0,0,0,0,0,0,0,0,0
застенчивый,0,0,0,1,0,0,0,0,0,0
койот,0,0,0,1,0,0,0,0,0,0
краб,0,0,0,0,0,0,0,0,0,0
раздражительный,1,0,0,0,0,1,0,0,0,0
трескаться,0,0,0,0,0,1,0,0,0,0
треснувший,1,0,0,1,0,1,0,0,0,0
крекер,0,0,0,0,0,0,0,0,0,0
растрескивание,0,0,0,0,0,1,0,0,0,0
треск,0,0,0,0,0,0,0,0,0,0
колыбель,0,1,0,0,1,0,1,0,0,1
ремесло,0,0,0,0,0,0,1,0,0,0
ремесленник,0,0,0,0,0,0,1,0,0,0
хитрый,0,0,0,0,0,0,0,0,0,0
Крейг,0,0,0,0,0,0,0,0,0,0
переполненный,0,0,0,0,0,0,0,0,0,0
судорога,0,1,0,0,0,1,0,0,0,0
тесный,0,0,0,0,0,1,0,0,0,0
кран,0,0,0,0,0,0,0,0,0,0
череп,0,0,0,0,0,0,0,0,0,0
рукоятка,0,0,0,0,0,1,0,0,0,0
капризный,1,0,0,0,0,1,0,0,0,0
дерьмо,0,0,1,0,0,1,0,0,0,0
кости,0,1,0,0,0,0,0,0,0,0
крушение,0,0,0,1,0,1,0,1,1,0
ящик,0,0,0,0,0,0,0,0,0,0
кратер,0,0,0,0,0,0,0,0,0,0
жаждать,0,1,0,0,0,0,0,0,0,0
страстное желание,0,1,0,0,0,0,0,0,0,0
раки,0,0,0,0,0,0,0,0,0,0
ползти,0,0,1,0,0,1,0,0,0,0
мелки,0,0,0,0,0,0,0,0,0,0
помешательство,0,0,0,0,0,0,0,0,0,0
сумасшедший,1,0,0,1,0,1,0,0,0,0
псих,1,0,0,1,0,1,0,1,0,0
скрипящий,0,0,0,0,0,1,0,0,0,0
пломбир,0,1,0,0,1,0,1,0,1,0
сливочник,0,0,0,0,0,0,0,0,0,0
сливочный,0,0,0,0,0,0,0,0,0,0
складка,0,0,0,0,0,0,0,0,0,0
Создайте,0,0,0,0,1,0,1,0,0,0
творчество,0,0,0,0,0,0,0,0,0,0
творческий,0,0,0,0,0,0,1,0,0,0
создатель,0,0,0,0,0,0,0,0,0,0
существо,0,0,1,1,0,1,0,0,0,0
доверие,0,0,0,0,0,0,1,0,0,1
полномочия,0,0,0,0,0,0,1,0,0,1
реквизиты для входа,0,0,0,0,0,0,0,0,0,0
достоверность,0,0,0,0,0,0,1,0,0,1
заслуживающий доверия,0,0,0,0,0,0,1,0,0,1
кредит,0,0,0,0,0,0,1,0,0,1
похвальный,0,0,0,0,0,0,1,0,0,1
кредитуется,0,0,0,0,0,0,1,0,0,0
кредитование,0,0,0,0,0,0,0,0,0,0
кредитор,0,0,0,0,0,0,0,0,0,0
вероучение,0,0,0,0,0,0,0,0,0,0
ручей,0,0,0,0,0,0,0,0,0,0
слизняк,0,0,0,0,0,1,0,0,0,0
ползучий,0,1,0,0,0,0,0,0,0,0
кремация,0,0,0,0,0,0,0,1,0,0
креольский,0,0,0,0,0,0,0,0,0,0
крещендо,0,1,0,0,1,0,1,0,1,1
полумесяц,0,0,0,0,0,0,0,0,0,0
расщелина,0,0,0,0,0,0,0,0,0,0
экипаж,0,0,0,0,0,0,0,0,0,1
детская кроватка,0,0,0,0,0,0,0,0,0,0
крикет,0,0,0,0,0,0,0,0,0,0
преступление,1,0,0,0,0,1,0,0,0,0
уголовное,1,0,1,1,0,1,0,0,0,0
преступность,1,0,1,1,0,1,0,0,0,0
обжимать,0,0,0,0,0,0,0,0,0,0
малиновый цвет,0,0,0,0,0,0,0,0,0,0
съеживаться,0,0,1,1,0,1,0,1,0,0
калека,0,0,0,1,0,1,0,1,0,0
искалеченный,0,0,0,0,0,1,0,1,0,0
кризис,0,0,0,0,0,1,0,0,0,0
хрустящий,0,0,0,0,0,1,0,0,0,1
критерий,0,0,0,0,0,0,0,0,0,0
критик,0,0,0,0,0,1,0,0,0,0
критика,1,0,0,0,0,1,0,1,0,0
критиковать,1,0,1,1,0,1,0,1,0,0
критика,0,0,0,0,0,0,1,0,0,0
тварь,0,0,1,0,0,0,0,0,0,0
квакать,0,0,0,0,0,0,0,0,0,0
черепок,0,0,0,0,0,0,0,0,0,0
посуда,0,0,0,0,0,0,0,0,0,0
крокодил,0,0,0,1,0,0,0,0,0,0
крофт,0,0,0,0,0,0,0,0,0,0
мошенник,0,0,0,0,0,1,0,0,0,0
обрезать,0,0,0,0,0,0,0,0,0,0
крокет,0,0,0,0,0,0,0,0,0,0
Пересекать,1,0,0,1,0,1,0,1,0,0
арбалет,0,0,0,0,0,0,0,0,0,0
пересекся,0,0,0,0,0,0,0,0,0,0
пересечение,0,0,0,0,0,0,0,0,0,0
промежность,0,0,0,0,0,0,0,0,0,0
присесть,0,0,0,1,0,0,0,0,0,0
присел,0,0,0,0,0,0,0,0,0,0
приседание,0,0,0,1,0,1,0,0,0,0
крупье,0,0,0,0,0,0,0,0,0,0
ворона,0,0,0,0,0,0,0,0,0,0
толпа,0,0,0,0,0,0,0,0,0,0
переполненный,0,0,0,0,0,0,0,0,0,0
корона,0,0,0,0,0,0,0,0,0,0
венчающий,0,1,0,0,1,0,1,0,1,1
ключевой,0,0,0,0,0,0,1,0,0,1
крестообразный,0,0,0,0,0,1,0,0,0,0
распятие,0,0,0,0,0,0,0,0,0,0
распятие,1,0,1,1,0,1,0,1,0,0
грубый,0,0,1,0,0,1,0,0,0,0
жестокий,1,0,1,1,0,1,0,1,0,0
жестоко,1,0,0,1,0,1,0,0,0,0
жестокость,1,0,1,1,0,1,0,1,0,0
круиз,0,0,0,0,0,0,0,0,0,0
крейсер,0,0,0,0,0,0,0,0,0,0
крошка,0,0,0,0,0,0,0,0,0,0
рушится,0,0,0,0,0,1,0,1,0,0
хруст,1,0,0,0,0,1,0,0,0,0
крестовый поход,1,0,0,1,0,1,0,0,0,0
раздавить,0,0,0,0,0,0,0,0,0,0
раздавленный,1,0,1,1,0,1,0,1,0,0
сокрушительный,1,0,1,1,0,1,0,0,0,0
корка,0,0,0,0,0,0,0,0,0,0
твердый,0,0,1,0,0,1,0,0,0,0
костыль,0,0,0,0,0,0,0,0,0,0
суть,0,0,0,0,0,0,0,0,0,0
плакать,0,0,0,0,0,1,0,1,0,0
плач,0,0,0,0,0,1,0,1,0,0
склеп,0,0,0,1,0,1,0,1,0,0
загадочный,0,0,0,0,0,0,0,0,0,0
криптография,0,0,0,0,0,0,0,0,0,0
кристалл,0,0,0,0,0,0,1,0,0,0
кристаллический,0,0,0,0,0,0,0,0,0,0
кристаллизация,0,0,0,0,0,0,0,0,0,0
детеныш,0,0,0,0,0,0,0,0,0,0
куб,0,0,0,0,0,0,0,0,0,1
кабинка,0,0,0,0,0,0,0,0,0,0
рогоносец,0,0,1,0,0,1,0,0,0,0
кукушка,0,0,0,0,0,1,0,0,0,0
обнимать,0,0,0,0,1,0,1,0,0,1
кий,0,1,0,0,0,0,0,0,0,0
манжета,0,0,0,0,0,0,0,0,0,0
кухня,0,0,0,0,0,0,0,0,0,0
кулинарный,0,0,0,0,0,0,1,0,0,1
выбраковывать,0,0,0,0,0,1,0,0,0,0
завершаться,0,0,0,0,0,0,0,0,0,0
кульминация,0,0,0,0,0,0,1,0,0,0
виновность,0,0,0,0,0,1,0,0,0,0
виновный,0,0,0,0,0,1,0,0,0,0
преступник,0,0,0,0,0,1,0,0,0,0
культ,0,0,0,1,0,1,0,0,0,0
культивировать,0,1,0,0,0,0,1,0,0,1
культивируемый,0,0,0,0,0,0,1,0,0,0
выращивание,0,0,0,0,0,0,1,0,0,0
культура,0,0,0,0,0,0,1,0,0,0
водопропускная труба,0,0,0,0,0,0,0,0,0,0
громоздкий,0,0,0,0,0,1,0,1,0,0
кучевые облака,0,0,0,0,0,0,0,0,0,0
хитрость,0,0,0,0,0,1,1,0,0,0
чашка,0,0,0,0,0,0,0,0,0,0
буфет,0,0,0,0,0,0,0,0,0,0
купирование,0,0,1,1,0,1,0,1,0,0
собака,1,0,1,1,0,1,0,0,0,0
излечимый,0,0,0,0,0,0,1,0,0,1
курировать,0,0,0,0,0,0,0,0,0,0
лечебный,0,0,0,0,0,0,0,0,0,0
куратор,0,0,0,0,0,0,0,0,0,0
бордюр,0,0,0,0,0,0,0,0,0,0
творог,0,0,0,0,0,0,0,0,0,0
комендантский час,0,0,0,0,0,0,0,0,0,0
любопытство,0,1,0,0,0,0,1,0,1,0
завиток,0,0,0,0,0,0,1,0,0,0
вьющийся,0,0,0,0,0,0,0,0,0,0
валюта,0,0,0,0,0,0,0,0,0,0
Текущий,0,0,0,0,0,0,0,0,0,0
учебный план,0,0,0,0,0,0,0,0,0,0
карри,0,0,0,0,0,0,0,0,0,0
проклинать,1,0,1,1,0,1,0,1,0,0
проклятый,1,0,0,1,0,1,0,1,0,0
проклятие,1,0,1,0,0,1,0,0,0,0
поверхностный,0,0,0,0,0,1,0,0,0,0
краткий,0,0,0,0,0,0,0,0,0,0
урезать,0,0,0,0,0,0,0,0,0,0
сокращение,0,0,0,0,0,0,0,0,0,0
штора,0,0,0,0,0,0,0,0,0,0
кривизна,0,0,0,0,0,0,0,0,0,0
изгиб,0,0,0,0,0,0,0,0,0,0
изогнутый,0,0,0,0,0,0,0,0,0,0
криволинейный,0,0,0,0,0,0,0,0,0,0
диванная подушка,0,0,0,0,0,0,1,0,0,0
острие,0,0,0,0,0,0,0,0,0,0
ругался,1,0,0,0,0,0,0,0,0,0
хранитель,0,0,0,0,0,0,0,0,0,1
под стражей,0,0,0,0,0,0,0,0,0,1
обычай,0,0,0,0,0,0,0,0,0,0
обычный,0,0,0,0,0,0,0,0,0,0
покупатель,0,0,0,0,0,0,1,0,0,0
резать,0,0,0,0,0,0,0,0,0,0
кожный,0,0,0,0,0,0,0,0,0,0
милый,0,0,0,0,0,0,1,0,0,0
кутикула,0,0,0,0,0,0,0,0,0,0
столовые приборы,0,0,0,0,0,0,0,0,0,0
резак,0,0,0,1,0,1,0,0,0,0
резаки,0,0,0,0,0,0,1,0,0,0
головорез,1,0,0,1,0,1,0,0,0,0
резка,1,0,1,1,0,1,0,1,0,0
черенки,0,0,0,0,0,0,0,0,0,0
ЦВТ,0,0,0,0,0,0,0,0,0,0
цианид,0,0,0,1,0,1,0,0,0,0
цикл,0,0,0,0,0,0,0,0,0,0
циклический,0,0,0,0,0,0,0,0,0,0
велосипедист,0,0,0,0,0,0,0,0,0,0
циклон,0,0,0,1,0,1,0,0,1,0
цилиндр,0,0,0,0,0,0,0,0,0,0
цилиндрический,0,0,0,0,0,0,0,0,0,0
тарелка,0,0,0,0,0,0,0,0,0,0
циник,0,0,0,0,0,0,0,0,0,0
киста,0,0,0,1,0,1,0,1,0,0
кистозный,0,0,1,0,0,0,0,0,0,0
цитомегаловирус,0,0,0,0,0,1,0,1,0,0
цитоплазма,0,0,0,0,0,0,0,0,0,0
царь,0,0,0,0,0,0,0,0,0,0
мазок,0,0,0,0,0,0,0,0,0,0
баловаться,0,0,0,0,0,0,0,0,0,0
баловаться,1,0,1,0,0,1,0,0,0,0
папа,0,0,0,0,0,0,0,0,0,0
дадо,0,0,0,0,0,0,0,0,0,0
демон,1,0,1,1,0,1,0,1,1,0
дурак,0,0,1,0,0,1,0,0,0,0
кинжал,0,0,0,1,0,1,0,0,0,0
повседневная,0,1,0,0,0,0,0,0,0,0
изысканный,0,0,0,0,0,0,0,0,0,0
молочные продукты,0,0,0,0,0,0,0,0,0,0
дак,0,0,0,0,0,0,0,0,0,0
дол,0,0,0,0,0,0,0,0,0,0
плотина,0,0,0,0,0,0,0,0,0,0
наносить ущерб,1,0,1,0,0,1,0,1,0,0
ущерб,0,0,0,0,0,1,0,1,0,0
дама,1,0,1,0,0,0,1,0,0,1
проклятие,1,0,1,0,0,1,0,0,0,0
проклятие,1,0,0,1,0,1,0,1,0,0
треклятый,0,0,0,0,0,1,0,0,0,0
влажный,0,0,0,0,0,0,0,0,0,0
демпфированный,0,0,0,0,0,0,0,0,0,0
демпфер,0,0,0,0,0,1,0,0,0,0
девица,0,0,0,0,0,0,0,0,0,0
танец,0,0,0,0,1,0,1,0,0,1
танцор,0,0,0,0,0,0,0,0,0,0
перхоть,0,0,0,0,0,1,0,0,0,0
денди,0,0,1,0,0,1,0,0,0,0
Опасность,0,0,0,1,0,1,0,1,0,0
опасный,0,0,0,1,0,1,0,0,0,0
мотаться,0,0,0,0,0,0,0,0,0,0
сырой,0,0,1,0,0,0,0,0,0,0
щеголеватый,0,0,0,0,0,0,0,0,0,0
осмелиться,0,1,0,0,0,0,0,0,0,1
смелый,0,0,0,0,0,0,1,0,0,0
темный,0,0,0,0,0,0,0,1,0,0
затемнять,0,0,0,1,0,1,0,1,0,0
затемненный,0,0,0,1,0,1,0,1,0,0
мрачно,0,0,0,0,0,0,0,0,0,0
темнота,1,0,0,1,0,1,0,1,0,0
дорогой,0,0,0,0,1,0,1,0,0,1
штопать,0,0,0,0,0,0,0,0,0,0
дротик,0,0,0,1,0,0,0,0,0,0
бросаться,0,0,0,0,0,0,0,0,0,0
приборная доска,0,0,0,0,0,0,0,0,0,0
пунктирная,1,0,0,1,0,1,0,1,0,0
лихой,0,0,0,0,0,0,1,0,0,0
подлый,1,0,1,1,0,1,0,0,0,0
данные,0,0,0,0,0,0,0,0,0,0
база данных,0,0,0,0,0,0,0,0,0,0
свидание,0,0,0,0,0,0,0,0,0,0
дочь,0,0,0,0,1,0,1,0,0,0
рассвет,0,1,0,0,1,0,1,0,1,1
день,0,0,0,0,0,0,0,0,0,0
рассвет,0,0,0,0,0,0,0,0,0,0
мечтательность,0,0,0,0,0,0,0,0,0,0
ошеломлять,0,0,0,0,0,0,0,0,0,0
ошеломленный,0,0,0,0,0,1,0,0,0,0
ослепительный,0,0,0,0,0,0,0,0,0,0
дьякон,0,0,0,0,0,0,0,0,0,1
деактивировать,0,0,0,0,0,1,0,0,0,0
тупик,0,0,0,0,0,1,0,0,0,0
смертельный,1,0,1,1,0,1,0,1,0,0
оглушающий,0,0,0,0,0,0,0,0,0,0
глухота,0,0,0,0,0,0,0,0,0,0
иметь дело,0,1,0,0,1,0,1,0,1,1
дилер,0,0,0,0,0,0,0,0,0,0
дело,0,0,0,0,0,0,0,0,0,0
сделки,0,0,0,0,0,0,0,0,0,1
декан,0,0,0,0,0,0,0,0,0,0
Уважаемые,0,0,0,0,0,0,1,0,0,0
недостаток,0,0,0,0,0,0,0,0,0,0
смерть,1,1,1,1,0,1,0,1,1,0
фиаско,0,0,0,1,0,1,0,1,0,0
спорный,0,0,0,0,0,0,0,0,0,0
дебаты,0,0,0,0,0,0,1,0,0,0
разврат,0,0,1,1,0,1,0,0,0,0
облигация,0,1,0,0,0,0,0,0,0,0
списание средств,0,0,0,0,0,0,0,0,0,0
обломки,0,0,1,0,0,1,0,0,0,0
долг,0,0,0,0,0,1,0,1,0,0
должник,0,0,0,0,0,1,0,0,0,0
дебют,0,0,0,0,0,0,0,0,0,0
десятилетие,0,0,0,0,0,0,0,0,0,0
графин,0,0,0,0,0,0,0,0,0,0
разлагаться,0,0,0,1,0,1,0,1,0,0
разложившийся,0,0,1,0,0,1,0,1,0,0
покойный,0,0,0,0,0,1,0,1,0,0
обман,1,0,1,1,0,1,0,1,1,0
лживый,0,0,1,0,0,1,0,1,0,0
обманывать,1,0,1,0,0,1,0,1,0,0
обманутый,1,0,0,0,0,1,0,0,0,0
обман,0,0,0,0,0,1,0,0,0,1
порядочность,0,0,0,0,0,0,1,0,0,0
приличный,0,0,0,0,0,0,1,0,0,0
обман,0,0,0,0,0,1,0,0,0,0
обманчивый,0,0,0,0,0,1,0,0,0,0
решительно,0,0,0,0,0,0,0,0,0,0
лиственный,0,0,0,0,0,0,0,0,0,0
десятичный,0,0,0,0,0,0,0,0,0,0
расшифровать,0,0,0,0,0,0,0,0,0,0
решение,0,0,0,0,0,0,0,0,0,0
решающий,0,0,0,0,0,0,0,0,0,0
палуба,0,0,0,0,0,0,0,0,0,0
декларация,0,0,0,0,0,0,0,0,0,0
декларативный,0,0,0,0,0,0,1,0,0,0
объявить,0,0,0,0,0,0,0,0,0,0
склонение,0,0,0,0,0,1,0,0,0,0
отклонить,0,0,0,0,0,1,0,0,0,0
снижение,0,0,0,0,0,1,0,0,0,0
разложить,0,0,1,0,0,0,0,0,0,0
разложился,0,0,0,0,0,0,0,1,0,0
разложение,0,0,1,1,0,1,0,1,0,0
украшать,0,0,0,0,0,0,0,0,0,0
украшение,0,0,0,0,0,0,0,0,0,0
приличия,0,0,0,0,0,0,0,0,0,0
приманка,0,0,0,0,0,0,0,0,1,0
снижаться,0,0,0,0,0,1,0,0,0,0
уменьшился,0,0,0,0,0,0,0,0,0,0
уменьшение,0,0,0,0,0,0,0,0,0,0
декрет,0,0,0,0,0,0,0,0,0,0
уменьшение,0,0,0,0,0,1,0,0,0,0
дряхлый,0,0,0,0,0,1,0,0,0,0
порицать,1,0,0,0,0,1,0,0,0,0
преданность,0,0,0,0,0,0,1,0,0,0
вывести,0,0,0,0,0,0,0,0,0,0
вычесть,0,0,0,0,0,1,0,0,0,0
вычет,0,0,0,0,0,0,0,0,0,0
поступок,0,0,0,0,0,0,0,0,0,1
углубить,0,0,0,0,0,0,0,0,0,0
олень,0,0,0,0,0,0,0,0,0,0
клевета,0,0,1,1,0,1,0,0,0,0
клеветнический,1,0,0,0,0,1,0,0,0,0
дефолт,0,0,1,1,0,1,0,1,0,0
поражение,0,0,0,0,0,1,0,0,0,0
побежден,0,0,0,0,0,1,0,1,0,0
дефект,1,0,0,0,0,1,0,0,0,0
дезертирство,0,0,0,1,0,1,0,0,0,0
дефектный,0,0,1,0,0,1,0,0,0,0
защищать,0,0,0,1,0,0,1,0,0,0
ответчик,1,0,0,1,0,0,0,1,0,0
защищал,0,0,0,0,0,0,1,0,0,1
защитник,0,0,0,0,0,0,1,0,0,1
защита,0,0,0,0,0,0,1,0,0,0
защита,1,1,0,1,0,0,1,0,0,0
беззащитный,0,0,0,1,0,1,0,1,0,0
оправданный,0,0,0,0,0,0,0,0,0,0
оборонительный,0,0,0,0,0,0,0,0,0,0
отложить,0,0,0,0,0,0,0,0,0,0
почтение,0,0,0,0,0,0,1,0,0,1
отсрочка,0,0,0,0,0,1,0,0,0,0
отсрочка,0,0,0,0,0,0,0,0,0,0
неповиновение,1,0,1,1,0,1,0,0,0,0
дерзкий,1,0,0,0,0,1,0,0,0,0
дефицит,0,0,0,0,0,1,0,0,0,0
дефицит,0,0,0,0,0,1,0,0,0,0
определять,0,0,0,0,0,0,0,0,0,0
определенный,0,0,0,0,0,0,0,0,0,0
определение,0,0,0,0,0,0,0,0,0,0
окончательный,0,0,0,0,0,0,1,0,0,1
сдувать,1,0,0,0,0,1,0,1,0,0
дефляция,0,0,0,1,0,1,0,0,0,0
отклонять,0,0,0,0,0,0,0,0,0,0
отклонение,0,0,0,0,0,0,0,0,0,0
дефлорация,0,0,0,0,0,0,0,0,0,0
деформировать,0,0,1,0,0,1,0,0,0,0
деформированный,0,0,1,0,0,1,0,1,0,0
уродство,0,0,1,1,0,1,0,1,0,0
обманывать,1,0,1,0,0,1,0,0,0,0
оплачивать,0,0,0,0,0,0,0,0,0,0
ловкий,0,0,0,0,0,0,0,0,0,0
несуществующий,0,0,0,0,0,1,0,1,0,0
бросать вызов,1,0,0,1,0,1,0,1,1,0
вырождение,1,0,1,0,0,1,0,1,0,0
дегенерат,0,0,0,0,0,1,0,0,0,0
вырождение,0,0,0,0,0,0,0,0,0,0
деградация,0,0,0,0,0,1,0,0,0,0
деградировать,0,0,1,0,0,1,0,0,0,0
унижающий достоинство,0,0,1,1,0,1,0,1,0,0
степень,0,0,0,0,0,0,1,0,0,0
обезвоженный,0,0,0,0,0,0,0,0,0,0
задерживать,1,0,1,1,0,1,0,1,0,0
с задержкой,0,0,0,0,0,1,0,0,0,0
восхитительный,0,0,0,0,0,0,1,0,0,0
делегировать,0,0,0,0,0,0,1,0,0,1
делегация,0,0,0,0,0,0,0,0,0,0
вредный,1,0,1,1,0,1,0,0,0,0
удаление,0,0,0,0,0,1,0,0,0,0
преднамеренный,0,0,0,0,0,0,1,0,0,0
обсуждение,0,0,0,0,0,0,0,0,0,0
совещательный,0,0,0,0,0,0,0,0,0,0
деликатес,0,0,0,0,0,0,0,0,0,0
вкусный,0,0,0,0,1,0,1,0,0,0
восторг,0,1,0,0,1,0,1,0,0,0
получивший удовольствие,0,1,0,0,1,0,1,0,1,0
восхитительный,0,1,0,0,1,0,1,0,0,1
очерчивать,0,0,0,0,0,0,0,0,0,0
разграничение,0,0,0,0,0,0,0,0,0,0
правонарушение,0,0,0,0,0,1,0,0,0,0
правонарушитель,1,0,1,0,0,1,0,0,0,0
в бреду,0,0,0,0,0,1,0,1,0,0
бред,0,0,1,0,0,1,0,1,0,0
избавление,0,1,0,0,1,0,1,0,0,1
Доставка,0,1,0,0,0,0,1,0,0,0
лощина,0,0,0,0,0,0,0,0,0,0
дельта,0,0,0,0,0,0,0,0,0,0
потоп,0,0,0,1,0,1,0,1,1,0
заблуждение,1,0,0,1,0,1,0,1,0,0
бредовый,1,0,0,1,0,1,0,0,0,0
копаться,0,0,0,0,0,0,0,0,0,0
требование,1,0,0,0,0,1,0,0,0,0
требовательный,0,0,0,0,0,1,0,0,0,0
поведение,0,0,0,0,0,0,0,0,0,0
безумный,0,0,0,1,0,1,0,0,0,0
слабоумие,0,0,0,1,0,1,0,1,0,0
кончина,0,0,0,1,0,1,0,1,0,0
демократия,0,0,0,0,0,0,1,0,0,0
демократ,0,0,0,0,0,0,0,0,0,0
разрушать,1,0,0,0,0,1,0,1,0,0
снос,0,0,0,0,0,1,0,0,0,0
демон,1,0,1,1,0,1,0,1,0,0
демонический,1,0,1,1,0,1,0,1,0,0
доказуемый,0,0,0,0,0,0,1,0,0,0
продемонстрировать,0,0,0,0,0,0,0,0,0,0
продемонстрировал,0,0,0,0,0,0,0,0,0,0
демонстрация,0,0,0,0,0,0,0,0,0,0
демонстрация,0,0,0,0,0,0,0,0,0,0
демонстративный,0,0,0,0,1,0,1,1,0,0
демонстрант,0,0,0,0,0,0,0,0,0,0
деморализованный,0,0,0,1,0,1,0,1,0,0
демо,0,0,0,0,0,0,0,0,0,0
логово,0,0,0,0,0,0,0,0,0,0
отрицание,0,0,0,0,0,1,0,0,0,0
отклонен,0,0,0,0,0,1,0,1,0,0
наименование,0,0,0,0,0,0,0,0,0,0
конфессиональный,0,0,0,0,0,0,0,0,0,0
знаменатель,0,0,0,0,0,0,0,0,0,0
обозначать,0,0,0,0,0,0,0,0,0,0
денонсировать,1,0,1,0,0,1,0,0,0,0
плотный,0,0,0,0,0,0,0,0,0,0
плотность,0,0,0,0,0,0,0,0,0,0
вмятина,0,0,0,0,0,0,0,0,0,0
стоматология,0,0,0,1,0,0,0,0,0,0
донос,1,0,1,1,0,1,0,0,0,0
отказываться от,1,0,0,0,0,1,0,0,0,0
отрицание,0,1,0,0,0,1,0,0,0,0
дезодорант,0,0,0,0,0,0,0,0,0,0
отходить,0,1,0,0,0,0,0,1,0,0
ушел,0,0,0,0,0,1,0,1,0,0
отделение,0,0,0,0,0,0,0,0,0,0
Вылет из,0,0,0,0,0,1,0,1,0,0
зависеть,0,1,0,0,0,0,0,0,0,1
зависимый,0,0,0,0,0,0,0,0,0,0
зависимость,0,0,0,1,0,1,0,1,0,0
зависимость,0,0,0,0,0,1,0,0,0,0
зависимый,0,0,0,0,0,1,1,0,0,1
изобразить,0,0,0,0,0,0,0,0,0,0
изображающий,0,0,0,0,0,0,0,0,0,0
истощение,0,0,0,0,0,0,0,0,0,0
прискорбный,1,0,1,1,0,1,0,1,0,0
сожалеть,1,0,1,0,0,1,0,1,0,0
развертывать,0,0,0,0,0,0,0,0,0,0
депортировать,0,0,0,1,0,1,0,1,0,0
депортация,1,0,0,1,0,1,0,1,0,0
депозит,0,0,0,0,0,0,0,0,0,0
депозитарий,0,0,0,0,0,0,0,0,0,0
показания,0,0,0,0,0,0,0,0,0,0
депозитарий,0,0,0,0,0,0,0,0,0,1
депо,0,0,0,0,0,0,0,0,0,0
развратный,1,1,1,1,0,1,0,1,0,0
разврат,1,0,1,0,0,1,0,0,0,0
обесценивать,1,0,1,0,0,1,0,0,0,0
обесценился,1,0,1,1,0,1,0,1,0,0
амортизация,0,0,0,1,0,1,0,0,0,0
подавлять,0,0,0,1,0,1,0,1,0,0
депрессия,1,0,0,1,0,1,0,1,0,0
депрессивный,0,0,1,0,0,1,0,1,0,0
депрессия,0,0,0,0,0,1,0,1,0,0
депрессивный,0,0,0,0,0,1,0,1,0,0
лишение,1,0,1,1,0,1,0,1,0,0
глубина,0,0,0,0,0,0,1,0,0,1
заместитель,0,0,0,0,0,0,0,0,0,1
сойти с рельсов,0,0,0,0,0,0,0,0,0,0
ненормальный,1,0,1,1,0,1,0,0,0,0
заброшенный,0,0,0,0,0,1,0,0,0,0
насмешка,1,0,1,0,0,1,0,0,0,0
вывод,0,0,0,0,0,0,0,0,0,0
производная,0,0,0,0,0,0,0,0,0,0
вывести,0,0,0,0,0,0,0,0,0,0
кожный,0,0,0,0,0,0,0,0,0,0
дерматолог,0,0,0,0,0,0,0,0,0,1
дерматология,0,0,0,0,0,0,0,0,0,0
отступление,1,0,1,1,0,1,0,1,0,0
уничижительный,1,0,1,1,0,1,0,1,0,0
спускаться,0,0,0,0,0,0,0,0,0,0
потомок,0,0,0,0,0,0,0,0,0,0
потомок,0,0,0,0,0,0,0,0,0,0
нисходящий,0,0,0,0,0,0,0,0,0,0
спуск,0,0,0,1,0,0,0,1,0,0
описывать,0,0,0,0,0,0,0,0,0,0
описание,0,0,0,0,0,0,0,0,0,0
описательный,0,0,0,0,0,0,1,0,0,0
осквернение,1,0,1,1,0,1,0,1,0,0
пустыня,1,0,1,1,0,1,0,1,0,0
покинутый,1,0,1,1,0,1,0,1,0,0
дезертирство,0,0,0,0,0,1,0,0,0,0
заслуживать,1,1,0,0,0,0,1,0,0,1
заслуженный,0,0,0,0,0,0,1,0,0,0
заслуживающий,0,0,0,0,0,0,0,0,0,0
дизайн,0,0,0,0,0,0,0,0,0,0
обозначать,0,0,0,0,0,0,0,0,0,0
обозначение,0,0,0,0,0,0,0,0,0,1
разработан,0,0,0,0,0,0,0,0,0,0
дизайнер,0,0,0,0,0,0,1,0,0,0
проектирование,0,0,0,0,0,0,0,0,0,0
желательность,0,0,0,0,0,0,0,0,0,0
желанный,0,0,0,0,0,0,1,0,0,0
желающий,0,0,0,0,0,0,1,0,0,0
желающий,0,0,0,0,0,0,1,0,0,0
воздерживаться,1,0,1,0,0,1,0,0,0,0
стол письменный,0,0,0,0,0,0,0,0,0,0
запустение,0,0,0,1,0,1,0,1,0,0
отчаяние,1,0,1,1,0,1,0,1,0,0
отчаявшийся,0,0,0,1,0,1,0,1,0,0
отправка,0,0,0,0,0,0,0,0,0,0
отчаянный,0,0,0,0,0,1,0,0,0,0
отчаяние,0,0,0,0,0,0,0,0,0,0
презренный,1,0,1,0,0,1,0,0,0,0
презирать,1,0,1,0,0,1,0,0,0,0
деспотичный,0,0,0,1,0,1,0,0,0,0
деспотизм,1,0,1,1,0,1,0,1,0,0
Десерт,0,0,0,0,0,0,0,0,0,0
назначения,0,1,0,1,1,0,1,1,1,0
предназначенный,0,1,0,0,0,0,0,0,0,0
судьба,0,0,0,0,0,0,0,0,0,0
обездоленный,0,0,0,1,0,1,0,1,0,0
уничтожен,1,0,0,1,0,1,0,1,0,0
разрушитель,1,0,0,1,0,1,0,0,0,0
разрушающий,1,0,0,1,0,1,0,1,0,0
разрушение,1,0,0,0,0,1,0,0,0,0
разрушительный,1,0,1,1,0,1,0,0,0,0
отделить,0,0,0,0,0,0,0,0,0,0
отстраненный,0,0,0,0,0,0,0,0,0,0
отстраненность,0,0,0,0,0,1,0,0,0,0
деталь,0,0,0,0,0,0,0,0,0,0
Детали,0,0,0,0,0,0,0,0,0,0
задерживать,0,0,0,0,0,1,0,0,0,0
заключенный,1,1,0,1,0,1,0,1,0,0
обнаружить,0,0,0,0,0,0,1,0,0,0
обнаруживаемый,0,0,0,0,0,0,0,0,0,0
обнаружение,0,0,0,0,0,0,1,0,0,0
детектив,0,0,0,0,0,0,0,0,0,0
детектор,0,0,0,0,0,0,0,0,0,0
заключение под стражу,0,0,0,0,0,1,0,1,0,0
сдерживать,0,0,0,0,0,0,0,0,0,0
моющее средство,0,0,0,0,0,0,0,0,0,0
ухудшаться,0,0,0,1,0,1,0,1,0,0
испортился,0,0,1,0,0,1,0,1,0,0
ухудшение,1,0,1,1,0,1,0,1,0,0
определяемый,0,0,0,0,0,0,0,0,0,0
определить,0,1,0,0,0,0,0,0,0,1
решимость,0,0,0,0,0,0,1,0,0,1
определенный,0,0,0,0,0,0,1,0,0,0
ненавижу,1,0,1,0,0,1,0,0,0,0
взорвать,0,0,0,1,0,1,0,0,1,0
детонация,1,0,0,0,0,0,0,0,0,0
объезд,0,0,0,0,0,0,0,0,0,0
умалять,1,0,0,0,0,1,0,0,0,0
ущерб,0,0,0,0,0,1,0,0,0,0
вредный,0,0,0,0,0,1,0,0,0,0
детрит,0,0,0,0,0,1,0,0,0,0
двойка,0,0,0,0,0,0,0,0,0,0
опустошать,1,0,0,1,0,1,0,1,0,0
разрушительный,1,0,1,1,0,1,0,1,0,1
опустошение,1,0,0,1,0,1,0,1,1,0
развивать,0,1,0,0,0,0,1,0,0,0
развитие,0,0,0,0,0,0,0,0,0,0
разработка,0,0,0,0,0,0,0,0,0,0
отклоняться,0,0,0,0,0,0,0,0,0,0
отклоняющийся,0,0,0,0,0,0,0,0,0,0
отклонение,0,0,0,0,0,0,0,1,0,0
устройство,0,0,0,0,0,0,0,0,0,0
дьявол,1,1,1,1,0,1,0,1,0,0
дьявольский,0,0,1,1,0,1,0,0,0,0
коварный,0,0,0,0,0,1,0,0,0,0
разработать,0,0,0,0,0,0,0,0,0,0
лишенный,0,0,0,0,0,0,0,0,0,0
передача полномочий,0,0,0,0,0,1,0,0,0,0
передавать,0,0,0,0,0,0,0,0,0,0
посвящать,0,0,0,0,0,0,0,0,0,0
преданный,0,0,0,0,0,0,0,0,0,0
религиозный,0,0,0,0,0,0,1,0,0,1
пожирать,0,0,0,0,0,1,0,0,0,0
набожный,0,1,0,0,1,0,1,0,0,1
роса,0,0,0,0,0,0,0,0,0,0
Декстер,0,0,0,0,0,0,0,0,0,0
ловкость,0,0,0,0,0,0,1,0,0,0
декстроза,0,0,0,0,0,0,0,0,0,0
дьявольский,1,0,1,1,0,1,0,0,0,0
диагноз,0,1,0,1,0,1,0,0,0,1
диагностика,0,0,0,0,0,0,0,0,0,0
диагностика,0,0,0,0,0,0,0,0,0,0
диаграмма,0,0,0,0,0,0,0,0,0,0
набирать номер,0,0,0,0,0,0,0,0,0,0
диалект,0,0,0,0,0,0,0,0,0,0
диалектика,0,0,0,0,0,0,0,0,0,0
диалог,0,0,0,0,0,0,0,0,0,0
диаметр,0,0,0,0,0,0,0,0,0,0
алмаз,0,0,0,0,1,0,1,0,0,0
бриллианты,0,0,0,0,0,0,0,0,0,0
подгузник,0,0,1,0,0,0,0,0,0,0
диафрагма,0,0,0,0,0,0,0,0,0,0
диарея,0,0,1,0,0,0,0,0,0,0
дневник,0,0,0,0,1,0,1,0,0,1
обличительная речь,1,0,1,0,0,1,0,0,0,0
игральная кость,0,0,0,0,0,0,0,0,0,0
дихотомический,0,0,0,0,0,0,0,0,0,0
дихотомия,0,0,0,0,0,0,0,0,0,0
диктовать,0,0,0,0,0,0,0,0,0,0
диктант,0,0,0,0,0,0,0,0,0,0
диктатор,0,0,0,1,0,1,0,0,0,0
диктаторский,1,0,0,0,0,1,0,0,0,0
диктатура,1,1,1,1,0,1,0,1,0,0
дикция,0,0,0,0,0,0,0,0,0,0
толковый словарь,0,0,0,0,0,0,1,0,0,1
изречение,0,0,0,0,0,0,0,0,0,1
дидактический,0,0,0,0,0,0,1,0,0,0
умереть,0,0,0,1,0,1,0,1,0,0
диета,0,0,0,0,0,0,0,0,0,0
диетический,0,1,0,0,0,0,1,0,0,0
отличаться,0,0,0,0,0,0,0,0,0,0
разница,0,0,0,0,0,0,0,0,0,0
различия,0,0,0,0,0,0,0,0,0,0
дифференциал,0,0,0,0,0,0,0,0,0,1
дифференциация,0,0,0,0,0,0,0,0,0,0
иначе,0,0,0,0,0,0,0,0,1,0
отличающийся,0,0,0,0,0,0,0,0,0,0
сложно,0,0,0,1,0,0,0,0,0,0
трудности,0,0,0,0,0,1,0,1,0,0
трудность,1,0,0,1,0,1,0,1,0,0
диффузный,0,0,0,0,0,0,0,0,0,0
распространение,0,0,0,0,0,0,0,0,0,0
копать землю,0,0,0,0,0,0,0,0,0,0
переваривать,0,0,0,0,0,0,0,0,0,0
пищеварение,0,0,0,0,0,0,0,0,0,0
цифра,0,0,0,0,0,0,0,0,0,1
достойный,0,0,0,0,0,0,1,0,0,0
достоинство,0,0,0,0,0,0,1,0,0,1
отвлечься,0,1,0,0,0,1,0,0,0,0
копает,0,0,0,0,0,0,0,0,0,0
плотина,0,0,0,1,0,0,0,0,0,0
ветхий,0,0,1,0,0,1,0,1,0,0
расширение,0,0,0,0,0,0,0,0,0,0
расширение,0,0,0,0,0,0,0,0,0,0
дилемма,0,0,0,0,0,0,0,0,0,0
усердие,0,0,0,0,0,0,1,0,0,1
прилежный,0,0,0,0,0,0,0,0,0,0
разбавитель,0,0,0,0,0,0,0,0,0,0
разбавить,0,0,0,0,0,1,0,0,0,0
разбавленный,0,0,0,0,0,0,0,0,0,0
разбавление,0,0,0,0,0,0,0,0,0,0
десять центов,0,0,0,0,0,0,0,0,0,0
измерение,0,0,0,0,0,0,0,0,0,0
уменьшить,0,0,0,0,0,1,0,1,0,0
уменьшенный,0,0,0,0,0,1,0,0,0,0
уменьшение,0,0,0,0,0,0,0,0,0,0
уменьшительный,0,0,0,0,0,0,0,0,0,0
шум,0,0,0,0,0,1,0,0,0,0
обедать,0,0,0,0,0,0,0,0,0,0
закусочная,0,0,0,0,0,0,0,0,0,0
обед,0,0,0,0,0,0,1,0,0,0
динозавр,0,0,0,1,0,0,0,0,0,0
вмятина,0,0,0,0,0,0,0,0,0,0
епархиальный,0,0,0,0,0,0,0,0,0,0
епархия,0,0,0,0,0,0,0,0,0,0
диорама,0,0,0,0,0,0,0,0,0,0
окунать,0,0,0,0,0,0,0,0,0,0
диплом,0,0,0,0,0,0,0,0,0,0
дипломатия,0,1,0,0,0,0,1,0,0,1
дипломат,0,0,0,0,0,0,0,0,0,0
дипломатический,0,0,0,0,0,0,1,0,0,1
ужасный,0,0,1,1,0,1,0,1,1,0
направленный,0,0,0,0,0,0,0,0,0,0
направление,0,0,0,0,0,0,0,0,0,0
напрямую,0,0,0,0,0,0,0,0,0,0
директор,0,0,0,0,0,0,1,0,0,1
каталог,0,0,0,0,0,0,0,0,0,0
грязь,0,0,1,0,0,1,0,0,0,0
грязный,0,0,1,0,0,1,0,0,0,0
инвалидность,0,0,0,0,0,1,0,1,0,0
запрещать,0,0,0,1,0,1,0,1,0,0
инвалид,0,0,0,1,0,1,0,1,0,0
недостаток,0,0,0,0,0,0,0,0,0,0
недовольный,0,0,0,0,0,1,0,0,0,0
не согласен,1,0,0,0,0,1,0,0,0,0
неприятный,0,0,0,0,0,0,0,0,0,0
несогласие,1,0,0,0,0,1,0,1,0,0
несогласие,1,0,0,0,0,1,0,1,0,0
запрещать,0,0,0,0,0,0,0,0,0,0
запрещен,1,0,1,1,0,1,0,1,0,0
пропадать,0,0,0,1,0,0,0,0,0,0
исчезновение,0,0,0,0,0,0,0,0,0,0
исчезновение,0,0,0,0,0,0,0,0,0,0
разочаровать,1,0,1,0,0,1,0,1,0,0
расстроенный,1,0,1,0,0,1,0,1,0,0
разочаровывающий,0,0,0,0,0,1,0,1,0,0
разочарование,0,0,1,0,0,1,0,1,0,0
неодобрение,0,0,0,0,0,1,0,1,0,0
не одобрять,1,0,1,1,0,1,0,1,0,0
не одобрен,1,0,0,0,0,1,0,1,0,0
неодобрительный,1,0,1,0,0,1,0,1,0,0
обезоружить,0,0,0,0,0,0,0,0,0,0
беспорядок,0,0,0,0,0,0,0,0,0,0
стихийное бедствие,1,0,1,1,0,1,0,1,1,0
катастрофический,1,0,0,1,0,1,0,1,0,0
распустить,0,0,0,0,0,0,0,0,0,0
неверие,0,0,0,0,0,0,0,0,0,0
не верить,0,0,0,0,0,1,0,0,0,0
выплачивать,0,0,0,0,0,0,0,0,0,0
выплата,0,0,0,0,0,0,0,0,0,0
диск,0,0,0,0,0,0,0,0,0,0
отброшенный,0,0,0,0,0,0,0,0,0,0
отбрасывает,0,0,0,0,0,1,0,0,0,0
различать,0,0,0,0,0,0,0,0,0,0
различимый,0,0,0,0,0,0,0,0,0,0
проницательный,0,0,0,0,0,0,0,0,0,0
проницательность,0,0,0,0,0,0,0,0,0,0
увольнять,0,0,0,0,0,1,0,0,0,0
ученик,0,0,0,0,0,0,0,0,0,1
дисциплина,0,0,0,1,0,1,0,0,0,0
отказываться,1,0,1,0,0,1,0,0,0,1
отказ от ответственности,0,0,0,0,0,0,0,0,0,0
раскрывать,0,0,0,0,0,0,0,0,0,0
раскрыт,0,0,0,0,0,0,0,0,0,1
раскрытие информации,0,0,0,0,0,0,0,0,0,0
обесцвечивание,0,0,1,0,0,1,0,0,0,0
обесцвеченный,0,0,1,0,0,1,0,1,0,0
дискомфорт,0,0,0,0,0,1,0,1,0,0
Отключить,0,0,0,0,0,1,0,1,0,0
отключен,0,0,0,0,0,1,0,1,0,0
отключение,0,0,0,0,0,1,0,0,0,0
недовольство,1,0,1,1,0,1,0,1,0,0
прекращение,0,0,0,0,0,0,0,0,0,0
прекратить,0,0,0,0,0,1,0,0,0,0
прерывность,0,0,1,1,0,1,0,1,0,0
прерывистый,0,0,0,0,0,0,0,0,0,0
разлад,1,0,1,0,0,1,0,0,0,0
скидка,0,0,0,0,0,0,0,0,0,0
со скидкой,0,0,0,0,0,0,0,0,0,0
обескуражить,0,0,0,1,0,1,0,1,0,0
обескураженный,0,0,0,0,0,0,0,0,0,0
уныние,0,0,0,0,0,1,0,0,0,0
дискурс,0,0,0,0,0,0,0,0,0,0
обнаружить,0,0,0,0,0,0,0,0,0,0
открытие,0,0,0,0,0,0,1,0,0,0
дискредитировать,0,0,0,0,0,1,0,0,0,0
сдержанный,0,1,0,0,0,0,1,0,0,0
несоответствие,0,0,0,0,0,0,0,0,0,0
дискретный,0,0,0,0,0,0,0,0,0,0
осмотрительность,0,1,0,0,0,0,1,0,0,1
дискреционный,0,0,0,0,0,0,1,0,0,0
различать,1,0,0,0,0,1,0,1,0,0
различающий,0,0,1,0,0,1,0,0,0,0
дискриминация,1,0,1,1,0,1,0,1,0,0
дискус,0,0,0,0,0,0,0,0,0,0
обсуждать,0,0,0,0,0,0,0,0,0,0
обсуждение,0,0,0,0,0,0,1,0,0,0
презрение,1,0,1,0,0,1,0,0,0,0
болезнь,1,0,1,1,0,1,0,1,0,0
больной,0,0,1,1,0,1,0,1,0,0
бестелесный,0,0,0,1,0,1,0,1,0,0
отключаться,0,0,0,0,0,0,0,0,0,0
разъединение,0,0,0,0,0,1,0,0,0,0
обезображенный,1,0,1,1,0,1,0,1,0,0
позор,1,0,1,0,0,1,0,1,0,0
опальный,1,0,1,0,0,1,0,1,0,0
постыдный,1,0,1,0,0,1,0,0,0,0
недовольный,1,0,1,0,0,1,0,1,0,0
маскировка,0,0,0,0,0,0,0,0,0,0
замаскированный,0,0,0,0,0,0,0,0,0,0
отвращение,1,0,1,1,0,1,0,1,0,0
отвратительный,1,0,1,1,0,1,0,0,0,0
блюдо,0,0,0,0,0,0,0,0,0,0
обескураженный,0,0,0,0,0,1,0,1,0,0
обескураживающий,0,0,0,0,0,1,0,1,0,0
нечестный,1,0,1,0,0,1,0,1,0,0
нечестность,0,0,1,0,0,1,0,0,0,0
бесчестие,1,0,1,1,0,1,0,1,0,0
разочарование,1,0,1,0,0,1,0,1,0,0
дезинфицировать,0,0,0,0,0,0,0,0,0,0
дезинфицирующее средство,0,0,0,0,0,0,0,0,0,0
дезинфекция,0,0,0,0,0,0,1,0,0,0
дезинформация,1,0,0,1,0,1,0,0,0,0
неискренний,0,0,1,0,0,1,0,0,0,0
распадаться,0,0,1,1,0,1,0,0,0,0
распад,0,0,0,0,0,1,0,0,0,0
бескорыстный,0,0,0,0,0,1,0,0,0,0
непересекающийся,0,0,0,0,0,0,0,0,0,0
разрозненный,0,0,0,0,0,0,0,0,0,0
разделительный,0,0,0,0,0,0,0,0,0,0
диск,0,0,0,0,0,0,0,0,0,0
дискета,0,0,0,0,0,0,0,0,0,0
не нравится,1,0,1,0,0,1,0,0,0,0
не любил,1,0,0,0,0,1,0,1,0,0
вывихнутый,1,0,1,1,0,1,0,1,0,0
вывих,0,0,0,0,0,0,0,0,0,0
вытеснять,0,0,0,0,0,0,0,0,0,0
мрачный,0,0,1,1,0,1,0,1,0,0
тревога,1,1,0,1,0,1,0,1,1,0
расчленение,0,0,1,1,0,1,0,1,0,0
увольнять,0,0,0,0,0,0,0,0,0,0
увольнение,1,0,1,1,0,1,0,1,1,0
спешиться,0,0,0,0,0,0,0,0,0,0
непослушание,1,0,1,0,0,1,0,0,0,0
непослушный,1,0,0,0,0,1,0,0,0,0
не подчиняться,1,0,1,0,0,1,0,0,0,0
беспорядок,0,0,0,1,0,1,0,0,0,0
беспорядочный,0,0,0,0,0,1,0,0,0,0
неорганизованный,0,0,0,0,0,1,0,0,0,0
пренебрежение,1,0,1,0,0,1,0,1,0,0
пренебрежительный,1,0,1,0,0,1,0,1,0,0
разрозненный,0,0,0,0,0,0,0,0,0,0
несоответствие,1,0,1,0,0,1,0,1,0,0
бесстрастный,0,0,0,0,0,1,0,1,0,0
отправлять,0,0,0,0,0,0,0,0,0,0
рассеять,0,0,0,0,0,1,0,1,0,0
диспенсация,0,0,0,0,0,0,0,0,0,0
распределять,0,0,0,0,0,0,0,0,0,0
рассеивать,0,0,0,0,0,0,0,0,0,0
рассеянный,0,0,0,0,0,0,0,0,0,0
рассеивание,0,0,0,0,0,1,0,0,0,0
вытеснять,0,0,0,0,0,1,0,0,0,0
перемещенный,1,0,0,1,0,0,0,1,0,0
смещение,0,0,0,0,0,0,0,0,0,0
отображать,0,0,0,0,0,0,0,0,0,0
недоволен,1,0,1,1,0,1,0,1,0,0
неудовольствие,0,0,1,0,0,1,0,0,0,0
утилизация,0,0,0,0,0,1,0,0,0,0
распоряжаться,0,0,1,0,0,0,0,0,0,0
распоряжаться,0,1,0,0,0,0,1,0,0,1
расположение,0,0,0,0,0,0,0,0,0,0
обездоленный,1,0,0,1,0,1,0,1,0,0
опровергнуть,0,0,0,0,0,0,0,0,0,0
спор,1,0,0,0,0,1,0,0,0,0
дисквалификация,0,0,0,0,0,1,0,0,0,0
дисквалифицирован,1,0,1,0,0,1,0,1,0,0
дисквалифицировать,0,0,0,0,0,1,0,1,0,0
игнорировать,0,0,0,0,0,1,0,0,0,0
игнорируется,0,0,1,0,0,1,0,0,0,0
бесчестный,1,0,1,1,0,1,0,0,0,0
дискредитировать,0,0,0,0,0,0,0,0,0,0
неуважение,1,0,0,0,0,1,0,0,0,0
неуважительный,1,0,1,1,0,1,0,1,0,0
разрушение,1,0,0,1,0,1,0,0,1,0
неудовлетворенность,0,0,0,0,0,1,0,0,0,0
недоволен,0,0,0,0,0,0,0,0,0,0
препарировать,0,0,0,0,0,0,0,0,0,0
рассечение,0,0,1,0,0,0,0,0,0,0
распространять,0,0,0,0,0,0,1,0,0,0
распространение,0,0,0,0,0,0,0,0,0,0
раздор,1,0,0,0,0,1,0,0,0,0
несогласие,0,0,0,0,0,0,0,0,0,0
несогласный,0,0,0,0,0,1,0,0,0,0
диссертация,0,0,0,0,0,0,0,0,0,0
вред,1,0,1,0,0,1,0,1,0,0
диссидент,1,0,0,1,0,1,0,0,0,0
непохожий,0,0,0,0,0,0,0,0,0,0
рассеять,0,0,0,0,0,0,0,0,0,0
рассеянный,0,0,0,0,0,0,0,0,0,0
диссоциация,0,0,0,0,0,0,0,0,0,0
растворение,1,0,0,1,0,1,0,1,1,0
растворяться,0,0,0,0,0,0,0,0,0,0
диссонанс,1,0,0,0,0,1,0,0,0,0
отговорить,0,0,0,0,0,0,0,0,0,0
дистальный,0,0,0,0,0,0,0,0,0,0
расстояние,0,0,0,0,0,0,0,0,0,0
далекий,0,0,0,0,0,0,0,0,0,0
отвращение,0,0,1,0,0,1,0,0,0,0
неприятный,0,0,1,0,0,1,0,0,0,0
дистиллят,0,0,0,0,0,0,0,0,0,0
дистилляция,0,0,0,0,0,0,1,0,0,0
различие,0,0,0,0,0,0,1,0,0,0
отличительный,0,0,0,0,0,0,0,0,0,0
выделить,0,0,0,0,0,0,0,0,0,0
различимый,0,0,0,0,0,0,0,0,0,0
выдающийся,0,0,0,0,0,0,0,0,0,0
отличительный,0,0,0,0,0,0,0,0,0,0
искаженный,0,0,1,0,0,1,0,0,0,0
искажение,0,0,0,0,0,1,0,0,0,0
отвлекать,0,0,0,0,0,1,0,0,0,0
несосредоточенный,1,0,0,0,0,1,0,0,0,0
отвлекающий,1,1,0,0,0,1,0,0,0,0
отвлечение,0,0,0,0,0,1,0,0,0,0
обезумевший,0,0,0,0,0,1,0,1,0,0
горе,1,0,1,1,0,1,0,1,1,0
огорченный,0,0,0,1,0,1,0,0,0,0
огорчительный,1,0,0,1,0,1,0,0,0,0
распространять,0,0,0,0,0,0,0,0,0,0
распределение,0,0,0,0,0,0,0,0,0,0
округ,0,0,0,0,0,0,0,0,0,0
недоверие,1,0,1,1,0,1,0,0,0,0
нарушение,1,0,0,1,0,1,0,1,1,0
нарушенный,1,0,0,0,0,1,0,1,0,0
неиспользование,0,0,0,0,0,1,0,0,0,0
вышедший из употребления,1,0,0,0,0,1,0,0,0,0
канава,0,0,0,0,0,0,0,0,0,0
то же самое,0,0,0,0,0,0,0,0,0,0
частушка,0,0,0,0,1,0,1,0,0,0
дневной,0,0,0,0,0,0,0,0,0,0
диван,0,0,0,0,0,0,0,0,0,1
нырять,0,0,0,0,0,0,0,0,0,0
водолаз,0,0,0,0,0,0,0,0,0,0
расходиться,0,0,0,0,0,0,0,0,0,0
расхождение,0,0,0,0,0,0,0,0,0,0
расходящийся,0,0,0,0,0,1,0,0,1,0
расходящийся,0,0,0,0,0,0,0,0,0,0
водолазы,0,0,0,0,0,0,0,0,0,0
разнообразный,0,0,0,0,0,1,1,0,0,0
диверсифицированный,0,0,0,0,0,0,1,0,0,0
диверсифицировать,0,0,0,0,0,0,0,0,0,0
диверсия,0,0,0,0,0,0,1,0,1,0
разнообразие,0,0,0,0,0,0,0,0,0,0
отвлечь,0,0,0,0,0,0,0,0,0,0
отвлекающий,0,0,0,0,0,0,0,0,0,0
лишить,0,0,0,0,0,0,0,0,0,0
лишен,0,0,0,0,0,1,0,0,0,0
изъятие инвестиций,0,0,0,0,0,1,0,0,0,0
разделять,0,0,0,0,0,0,0,0,0,0
разделенный,0,0,0,0,0,0,0,0,0,0
дивиденд,0,0,0,0,0,0,0,0,0,0
гадание,0,1,0,0,0,0,0,0,0,0
божественный,0,0,0,0,0,0,0,0,0,0
божественность,0,0,0,0,0,0,1,0,0,0
делимый,0,0,0,0,0,0,0,0,0,0
разделение,0,0,0,0,0,0,0,0,0,0
делитель,0,0,0,0,0,0,0,0,0,0
развод,1,0,1,1,0,1,0,1,1,1
разглашать,0,0,0,0,0,0,0,0,0,0
головокружение,0,0,0,0,0,1,0,0,0,0
головокружительный,0,0,0,0,0,1,0,0,0,0
послушный,0,0,0,0,0,0,0,0,0,0
док,0,0,0,0,0,0,0,0,0,0
состыкован,0,0,0,0,0,1,0,0,0,0
дело,0,0,0,0,0,0,0,0,0,0
доктор,0,0,0,0,0,0,1,0,0,1
доктринальный,0,0,0,0,0,0,0,0,0,0
доктрина,0,0,0,0,0,0,0,0,0,1
документ,0,0,0,0,0,0,0,0,0,0
документальный,0,0,0,0,0,0,0,0,0,0
уклоняться,0,0,0,0,0,0,0,0,0,0
уклонение,0,0,0,0,0,0,0,0,0,0
лань,0,0,0,0,0,0,0,0,0,0
деятель,0,0,0,0,0,0,1,0,0,0
собака,0,0,0,0,0,0,0,0,0,0
упорный,0,0,0,0,0,0,1,0,0,0
догма,0,0,0,0,0,0,0,0,0,1
догматический,0,0,0,0,0,0,0,0,0,0
дела,0,0,0,0,0,0,0,0,0,0
сделай это,0,0,0,0,0,1,0,0,0,0
депрессия,0,0,0,0,0,1,0,1,0,0
пособие по безработице,0,0,0,0,0,1,0,1,0,0
кукла,0,0,0,0,1,0,0,0,0,0
доллар,0,0,0,0,0,0,0,0,0,0
скорбь,0,0,0,0,0,1,0,1,0,0
дельфин,0,0,0,0,1,0,1,0,1,1
домен,0,0,0,0,0,0,0,0,0,0
купол,0,0,0,0,0,0,0,0,0,0
одомашненный,0,0,0,0,0,0,0,0,0,0
одомашненный,0,0,0,0,0,0,0,0,0,0
приручение,0,0,0,0,0,0,0,0,0,0
местожительство,0,0,0,0,0,0,0,0,0,0
постоянно проживающий,0,0,0,0,0,0,0,0,0,0
господство,0,0,0,0,0,0,0,0,0,0
доминирующий,0,0,0,1,0,1,0,0,0,0
доминировать,1,0,0,1,0,1,1,0,0,0
доминирующий,0,0,0,0,0,0,0,0,0,0
господство,1,0,0,1,0,1,0,1,0,0
владычество,0,0,0,1,0,0,0,0,0,1
домино,0,0,0,0,0,0,0,0,0,0
дон,0,0,0,0,0,0,1,0,0,1
пожертвование,0,0,0,0,0,0,1,0,0,0
осел,0,0,1,0,0,1,0,0,0,0
донор,0,0,0,0,0,0,0,0,0,0
каракули,0,0,0,0,0,1,0,0,0,0
рок,0,0,0,1,0,1,0,0,0,0
обречен,0,0,0,1,0,1,0,1,0,0
конец света,1,1,1,1,0,1,0,1,0,0
дверь,0,0,0,0,0,0,0,0,0,0
дверной звонок,0,0,0,0,0,0,0,0,0,0
дверной проем,0,0,0,0,0,0,0,0,0,0
бездействующий,0,0,0,0,0,0,0,0,0,0
общежитие,0,0,0,0,0,0,0,0,0,0
спинной,0,0,0,0,0,0,0,0,0,0
доза,0,0,0,0,0,0,0,0,0,0
точка,0,0,0,0,0,0,0,0,0,0
двойной,0,0,0,0,0,0,0,0,0,0
удвоенный,0,0,0,0,0,0,0,0,0,0
дублет,0,0,0,0,0,0,0,0,0,0
удвоение,0,0,0,0,0,0,0,0,0,0
сомневаться,0,0,0,1,0,1,0,1,0,1
сомнительный,0,0,0,0,0,1,0,0,0,0
сомневающийся,0,0,0,0,0,1,0,0,0,0
несомненно,0,0,0,0,0,0,1,0,0,1
душ,0,0,0,0,0,1,0,0,0,0
тесто,0,0,0,0,0,0,0,0,0,0
пончик,0,0,0,0,0,0,0,0,0,0
суровый,0,0,0,0,0,1,0,0,0,0
голубь,0,1,0,0,1,0,1,0,0,1
подавленный,0,0,0,0,0,0,0,0,0,0
падение,0,0,0,1,0,1,0,1,0,0
под гору,0,0,0,0,0,0,0,0,0,0
ливень,0,0,0,0,0,0,0,0,0,0
прямо,0,0,0,0,0,0,0,0,0,1
пушистый,0,0,0,0,0,0,1,0,0,0
приданое,0,0,0,0,0,0,0,0,0,0
дремать,0,0,0,0,0,0,0,0,0,0
дюжина,0,0,0,0,0,0,0,0,0,0
унылый,0,0,0,0,0,1,0,1,0,0
черновик,0,1,0,0,0,0,0,0,0,0
тяга,0,0,0,0,0,0,0,0,0,0
Дракон,0,0,0,1,0,0,0,0,0,0
осушать,0,0,0,0,0,0,0,0,0,0
дренаж,0,0,0,0,0,1,0,0,0,0
осушенный,0,0,0,0,0,0,0,0,0,0
селезень,0,0,0,0,0,0,0,0,0,0
драма,0,0,0,0,0,0,0,0,0,0
драматический,0,0,0,0,0,0,0,0,0,0
драпировать,0,0,0,0,0,0,0,0,0,0
драпировка,0,0,0,0,0,0,0,0,0,0
резкий,0,0,0,0,0,0,0,0,0,0
черновик,0,0,0,0,0,0,0,0,0,0
рисовать,0,0,0,0,0,0,0,0,0,0
недостаток,0,0,0,0,0,1,0,0,0,0
ящик стола,0,0,0,0,0,0,0,0,0,0
ящики,0,0,0,0,0,0,0,0,0,0
Рисование,0,0,0,0,0,0,0,0,0,0
страх,0,1,0,1,0,1,0,0,0,0
ужасный,1,1,1,1,0,1,0,1,0,0
ужасно,0,0,1,1,0,1,0,1,1,0
мечтать,0,0,0,0,0,0,0,0,0,0
мечтатель,0,0,0,0,0,0,0,0,0,0
сновидение,0,0,0,0,0,0,0,0,0,0
мечтательный,0,0,0,0,0,0,0,0,0,0
тоскливый,0,0,0,0,0,1,0,1,0,0
драгировать,0,0,0,0,0,0,0,0,0,0
промокший,0,0,0,0,0,0,0,0,0,0
комод,0,0,0,0,0,0,0,0,0,0
дриблинг,0,0,0,0,0,0,0,0,0,0
сушеный,0,0,0,0,0,0,0,0,0,0
сушилка,0,0,0,0,0,0,0,0,0,0
дрейф,0,0,0,0,0,0,0,0,0,0
дрейфовал,0,0,0,0,0,0,0,0,0,0
сверлить,0,0,0,0,0,0,0,0,0,0
напиток,0,0,0,0,0,0,0,0,0,0
питьевой,0,0,0,0,0,1,0,0,0,0
капать,0,0,0,0,0,0,0,0,0,0
капает,0,0,0,0,0,0,0,0,0,0
вздор,0,0,1,0,0,1,0,0,0,0
Водитель,0,0,0,0,0,0,0,0,0,0
дорога,0,0,0,0,0,0,0,0,0,0
морось,0,0,0,0,0,0,0,0,0,0
забавный,0,0,0,0,0,0,0,0,0,0
дрон,0,0,0,0,0,1,0,0,0,0
пускать слюни,0,0,1,0,0,0,0,0,0,0
поникший,0,0,0,0,0,1,0,0,0,0
уронить,0,0,0,0,0,0,0,0,0,0
капелька,0,0,0,0,0,0,0,0,0,0
засуха,0,0,0,0,0,1,0,0,0,0
водил,0,0,0,0,0,0,0,0,0,0
тонуть,0,0,0,1,0,1,0,1,0,0
сонливость,0,0,0,0,0,1,0,0,0,0
сонный,0,0,0,0,0,0,0,0,0,0
нудная работа,0,0,0,0,0,1,0,0,0,0
лекарство,0,0,0,0,0,0,0,0,0,0
одурманенный,0,0,0,0,0,0,0,1,0,0
аптека,0,0,0,0,0,0,0,0,0,0
друид,0,0,0,0,0,0,0,0,0,0
барабан,0,0,0,0,0,0,0,0,0,0
барабанщик,0,0,0,0,0,0,0,0,0,0
барабанная дробь,0,0,0,0,0,0,0,0,0,0
пьяный,0,0,1,0,0,1,0,0,0,0
пьянство,0,0,0,0,0,1,0,0,0,0
сухой,0,0,0,0,0,0,0,0,0,0
сухость,0,0,0,0,0,0,0,0,0,0
двойной,0,0,0,0,0,0,0,0,0,0
дуализм,0,0,0,0,0,0,0,0,0,0
двойственность,0,0,0,0,0,0,0,0,0,0
дабл,0,0,0,0,0,0,0,0,0,0
сомнительный,0,0,0,1,0,1,0,0,0,1
ныряние,0,0,0,0,0,0,0,0,0,0
воздуховод,0,0,0,0,0,0,0,0,0,0
пластичный,0,0,0,0,0,0,0,0,0,0
безделушки,0,0,0,0,0,0,0,0,0,0
в связи,0,0,0,0,0,0,0,0,0,0
дуэль,1,1,0,1,0,0,0,0,0,0
взносы,0,0,0,0,0,0,0,0,0,0
дуэт,0,0,0,0,0,0,1,0,0,0
землянка,0,0,0,0,0,0,0,0,0,0
герцог,0,0,0,0,0,0,1,0,0,0
тупой,0,0,0,0,0,1,0,1,0,0
тупой,0,0,0,0,0,1,0,0,0,0
дурачок,0,0,0,0,0,1,0,0,0,0
свалка,0,0,0,0,0,0,0,0,0,0
свалки,1,0,0,0,0,1,0,1,0,0
серый,0,0,0,0,0,1,0,0,0,0
дюна,0,0,0,0,0,0,0,0,0,0
навоз,0,0,1,0,0,0,0,0,0,0
темница,0,0,0,1,0,1,0,0,0,0
дуэт,0,0,0,0,0,0,0,0,0,0
обман,1,0,0,0,0,1,0,0,0,0
дуплекс,0,0,0,0,0,0,0,0,0,0
дубликат,0,0,0,0,0,0,0,0,0,0
дублирование,0,0,0,0,0,0,0,0,0,0
двуличие,1,0,0,0,0,1,0,0,0,0
долговечность,0,0,0,0,0,0,1,0,0,1
прочный,0,0,0,0,0,0,1,0,0,1
продолжительность,0,0,0,0,0,0,0,0,0,0
принуждение,1,0,1,1,0,1,0,1,0,0
сумерки,0,0,0,0,0,0,0,0,0,0
сумрачный,0,0,0,0,0,0,0,0,0,0
пыль,0,0,0,0,0,1,0,0,0,0
тряпка,0,0,0,0,0,0,0,0,0,0
пыльный,0,0,0,0,0,0,0,0,0,0
послушный,0,1,0,0,0,0,1,0,0,1
карлик,0,0,0,0,0,0,0,0,0,0
карликовый,0,0,0,1,0,1,0,1,0,0
жить,0,0,0,0,0,0,0,0,0,0
обитатель,0,0,0,0,0,0,0,0,0,0
жилище,0,0,0,0,0,0,0,0,0,0
краситель,0,0,0,0,0,0,0,0,0,0
умирающий,1,0,1,1,0,1,0,1,0,0
дамба,0,0,0,0,0,0,0,0,0,0
динамичный,0,0,0,0,0,0,0,0,1,0
динамичный,0,0,0,0,0,0,0,0,0,0
динамика,0,0,0,0,0,0,0,0,0,0
динамит,0,0,0,0,0,0,0,0,0,0
династия,0,0,0,0,0,0,0,0,0,0
дизентерия,0,0,1,0,0,1,0,1,0,0
диспепсия,0,0,0,0,0,0,0,0,0,0
жаждущий,0,1,0,0,1,0,1,0,1,1
рвение,0,1,0,0,1,0,1,0,0,1
орел,0,0,0,0,0,0,0,0,0,1
ухо,0,0,0,0,0,0,0,0,0,0
граф,0,0,0,0,0,0,1,0,0,0
ранее,0,0,0,0,0,0,0,0,0,0
рано,0,0,0,0,0,0,0,0,0,0
зарабатывать,0,0,0,0,0,0,1,0,0,0
серьезный,0,0,0,0,0,0,1,0,0,0
серьезно,0,0,0,0,0,0,1,0,0,0
серьезность,0,0,0,0,0,0,1,0,0,0
заработок,0,0,0,0,0,0,0,0,0,0
серьга,0,0,0,0,0,0,0,0,0,0
слышимость,0,0,0,0,0,0,0,0,0,0
земной шар,0,0,0,0,0,0,0,0,0,0
глиняная посуда,0,0,0,0,0,0,0,0,0,0
земной,0,0,0,0,0,0,0,0,0,0
землетрясение,1,0,0,1,0,1,0,1,1,0
землистый,0,0,0,0,0,0,0,0,0,0
простота,0,0,0,0,0,0,1,0,0,0
мольберт,0,0,0,0,0,0,0,0,0,0
сервитут,0,0,0,0,0,0,1,0,0,0
без труда,0,0,0,0,0,0,0,0,0,0
легкий,0,0,0,0,0,0,0,0,0,0
с легким характером,0,0,0,0,0,0,1,0,0,0
есть,0,0,0,0,0,0,1,0,0,0
принимать пищу,0,0,0,0,0,0,0,0,0,0
подслушивание,0,0,0,0,0,1,0,0,0,0
отлив,0,0,0,0,0,0,0,0,0,0
черное дерево,0,0,0,0,0,0,0,0,0,0
эксцентричный,0,0,0,0,0,0,0,0,0,0
эксцентриситет,0,0,0,0,0,0,0,0,0,0
церковный,0,0,0,0,0,0,0,0,0,0
эхо,0,0,0,0,0,0,0,0,0,0
эклектичный,0,0,0,0,0,0,0,0,0,0
затмение,0,0,0,0,0,0,0,0,0,0
эклиптика,0,0,0,0,0,0,0,0,0,0
экономичный,0,0,0,0,0,0,0,0,0,0
экономика,0,0,0,0,0,0,0,0,0,0
экономика,0,0,0,0,0,0,0,0,0,1
экстаз,0,1,0,0,1,0,1,0,0,0
восторженный,0,1,0,0,1,0,1,0,1,0
вселенский,0,0,0,0,0,0,0,0,0,0
Эдди,0,0,0,0,0,0,0,0,0,0
край,0,0,0,0,0,0,0,0,0,0
окантовка,0,0,0,0,0,0,0,0,0,0
съедобный,0,0,0,0,0,0,0,0,0,0
указ,0,0,0,1,0,1,0,0,0,0
назидание,0,1,0,0,1,0,1,0,0,1
здание,0,0,0,0,0,0,0,0,0,0
редактировать,0,0,0,0,0,0,0,0,0,0
версия,0,1,0,0,0,0,0,0,0,0
редактор,0,0,0,0,0,0,0,0,0,0
редакционный,0,0,0,0,0,0,0,0,0,0
воспитывать,0,0,0,0,0,0,1,0,0,0
образованный,0,0,0,0,0,0,1,0,0,0
образование,0,0,0,0,0,0,0,0,0,0
образовательный,0,0,0,0,0,0,1,0,0,1
угорь,0,0,0,1,0,0,0,0,0,0
эффект,0,0,0,0,0,0,0,0,0,0
эффективный,0,0,0,0,0,0,1,0,0,1
последствия,0,0,0,0,0,0,0,0,0,0
действенный,0,0,0,0,0,0,0,0,0,0
эффективно,0,0,0,0,0,0,0,0,0,0
осуществлять,0,0,0,0,0,0,0,0,0,0
женоподобный,0,0,0,0,0,1,0,0,0,0
эффективный,0,0,0,0,0,0,0,0,0,0
эффективность,0,0,0,0,0,0,1,0,0,0
эффективность,0,0,0,0,0,0,1,0,0,0
эффективный,0,1,0,0,0,0,1,0,0,1
чучело,1,0,0,0,0,0,0,0,0,0
усилие,0,0,0,0,0,0,1,0,0,0
излияние,0,0,0,0,0,0,0,0,0,0
яйцо,0,0,0,0,0,0,0,0,0,0
эго,0,0,0,0,0,0,0,0,0,0
эгоистичный,0,0,1,0,0,1,0,0,0,0
вопиющий,1,0,1,0,0,1,0,0,0,0
выход,0,0,0,0,0,0,0,0,0,0
восьмой,0,0,0,0,0,0,0,0,0,0
восемьдесят,0,0,0,0,0,0,0,0,0,0
эякулировать,0,0,0,0,0,0,0,0,0,0
эякуляция,0,1,0,0,1,0,1,0,1,1
выбрасывать,0,0,0,0,0,1,0,0,0,0
выброс,0,0,0,0,0,1,0,0,0,0
разрабатывать,0,0,0,0,0,0,0,0,0,0
разработка,0,0,0,0,0,0,1,0,0,0
порыв,0,0,0,0,0,0,0,0,0,0
истекать,0,0,0,0,0,0,0,0,0,0
истекший,0,0,0,0,0,0,0,0,0,0
эластичный,0,0,0,0,0,0,0,0,0,0
эластичность,0,0,0,0,0,0,0,0,0,0
ликующий,0,0,0,0,1,0,1,0,0,0
локоть,1,0,0,0,0,0,0,0,0,0
поле,0,0,0,0,0,0,0,0,0,0
старший,0,0,0,0,0,0,1,0,0,1
старейшины,0,0,0,0,0,0,1,0,0,1
старший,0,0,0,0,0,0,0,0,0,0
избирать,0,0,0,0,0,0,1,0,0,1
выборы,0,0,0,0,0,0,0,0,0,0
выборщик,0,0,0,0,0,0,0,0,0,0
электорат,0,0,0,0,0,0,0,0,0,1
электрический,0,0,0,0,1,0,1,0,1,0
электричество,0,0,0,0,0,0,1,0,0,0
элегантность,0,1,0,0,1,0,1,0,0,1
элегантный,0,0,0,0,1,0,1,0,0,0
элемент,0,0,0,0,0,0,0,0,0,0
элементарный,0,0,0,0,0,0,0,0,0,0
элементы,0,0,0,0,0,0,0,0,0,0
слон,0,0,0,0,0,0,0,0,0,0
поднять,0,0,0,0,0,0,0,0,0,0
возвышение,0,1,0,1,1,0,1,0,0,1
лифт,0,0,0,0,0,0,0,0,0,0
одиннадцать,0,0,0,0,0,0,0,0,0,0
одиннадцатый,0,0,0,0,0,0,0,0,0,0
эльф,1,0,1,1,0,0,0,0,0,0
выявлять,0,0,0,0,0,0,0,0,0,0
имеющий право,0,0,0,0,0,0,1,0,0,0
устранение,1,0,1,1,0,1,0,1,0,0
элита,0,1,0,0,1,0,1,0,0,1
лось,0,0,0,0,0,0,0,0,0,0
хорошо,0,0,0,0,0,0,0,0,0,0
эллипс,0,0,0,0,0,0,0,0,0,0
многоточие,0,0,0,0,0,0,0,0,0,0
эллипсоид,0,0,0,0,0,0,0,0,0,0
эллиптический,0,0,0,0,0,0,0,0,0,0
эллиптический,0,0,0,0,0,0,0,0,0,0
удлиняться,0,0,0,0,0,0,0,0,0,0
удлинение,0,0,0,0,0,0,0,0,0,0
красноречие,0,0,0,0,0,0,1,0,0,0
красноречивый,0,0,0,0,0,0,1,0,0,0
разъяснить,0,0,0,0,0,0,1,0,0,1
разъяснение,0,0,0,0,0,0,0,0,0,0
ускользать,0,0,0,0,0,0,0,0,0,0
неуловимый,0,0,0,0,0,1,0,0,1,0
истощенный,0,0,0,1,0,1,0,1,0,0
исходить,0,0,0,0,0,0,0,0,0,0
эмансипация,0,1,0,0,1,0,1,0,0,0
набережная,0,0,0,0,0,0,0,0,0,0
эмбарго,0,0,0,0,0,1,0,0,0,0
садиться,0,0,0,0,0,0,0,0,0,0
смущать,0,0,0,0,0,1,0,1,0,0
смущающий,0,0,0,0,0,1,0,0,0,0
смущение,0,0,0,1,0,1,0,1,1,0
посольство,0,0,0,0,0,0,0,0,0,0
вставлять,0,0,0,0,0,0,0,0,0,0
украшать,0,0,0,0,0,0,0,0,0,0
украшение,0,0,0,0,0,0,0,0,0,0
угли,0,0,0,0,0,0,0,0,0,0
растрата,0,0,0,0,0,1,0,0,0,0
эмблема,0,0,0,0,0,0,0,0,0,0
символический,0,0,0,0,0,0,0,0,0,0
воплощение,0,0,0,0,0,0,0,0,0,0
эмболия,0,0,0,1,0,1,0,1,0,0
рельефный,0,0,0,0,0,0,0,0,0,0
объятие,0,1,0,0,1,0,1,0,1,1
вышитый,0,0,0,0,0,0,0,0,0,0
вышивка,0,0,0,0,0,0,0,0,0,0
втянутый,0,0,0,0,0,1,0,0,0,0
зародыш,0,0,0,0,0,0,0,0,0,0
эмбриональный,0,0,0,0,0,0,0,0,0,0
изумруд,0,0,0,0,0,0,0,0,0,0
появляться,0,0,0,0,0,0,0,0,0,0
появление,0,0,0,0,0,0,0,0,0,0
чрезвычайная ситуация,0,0,0,1,0,1,0,1,1,0
заслуженный,0,0,0,0,0,0,1,0,0,0
эмигрировать,0,0,0,0,0,0,0,0,0,0
эмиграция,0,0,0,0,0,0,0,0,0,0
высокое положение,0,0,0,0,0,0,1,0,0,1
выдающийся,0,0,0,0,0,0,1,0,0,0
в высшей степени,0,0,0,0,0,0,1,0,0,0
эмир,0,0,0,0,0,0,1,0,0,0
эмиссия,0,0,0,0,0,0,0,0,0,0
испускают,0,0,0,0,0,0,0,0,0,0
эмоция,0,0,0,0,0,0,0,0,0,0
эмоциональный,0,0,0,0,0,0,0,0,0,0
эмоциональный,0,0,0,0,0,0,0,0,0,0
сочувствие,0,0,0,0,0,0,1,0,0,0
император,0,0,0,0,0,0,0,0,0,0
акцент,0,0,0,0,0,0,0,0,0,0
подчеркивать,0,0,0,0,0,0,0,0,0,1
решительный,0,0,0,0,0,0,0,0,0,0
империя,0,0,0,0,0,0,0,0,0,0
эмпирический,0,0,0,0,0,0,0,0,0,0
эмпиризм,0,0,0,0,0,0,0,0,0,0
нанимать,0,0,0,0,0,0,0,0,0,1
работодатель,0,0,0,0,0,0,0,0,0,0
трудоустройство,0,0,0,0,0,0,0,0,0,0
торговый центр,0,0,0,0,0,0,0,0,0,0
уполномочивать,0,0,0,0,0,0,1,0,0,0
императрица,0,0,0,0,0,0,0,0,0,0
пустота,0,0,0,0,0,0,0,1,0,0
освобождение,0,0,0,0,0,0,0,0,0,0
пустой,0,0,0,0,0,0,0,0,0,0
подражать,0,0,0,0,0,0,1,0,0,0
эмульсия,0,0,0,0,0,0,0,0,0,0
включить,0,0,0,0,0,0,1,0,0,1
возможность,0,0,0,0,0,0,1,0,0,1
принимать,0,0,0,0,0,0,0,0,0,0
принятие,0,0,0,0,0,0,0,0,0,0
эмаль,0,0,0,0,0,0,0,0,0,0
лагерь,0,0,0,0,0,0,0,0,0,0
очаровывать,0,1,0,0,1,0,1,0,1,0
очарованный,0,0,0,0,1,0,1,0,0,1
очаровательный,0,1,0,0,1,0,1,0,0,0
чары,0,0,0,0,0,0,0,0,0,0
окружать,0,0,0,0,0,0,0,0,0,0
окружающий,0,0,0,0,0,0,0,0,0,0
анклав,0,0,0,0,0,1,0,0,0,0
заключать,0,0,0,0,0,0,0,0,0,0
кодировать,0,0,0,0,0,0,0,0,0,0
охватывать,0,0,0,0,0,0,0,0,0,0
бис,0,0,0,0,0,0,1,0,0,0
сталкиваться,0,0,0,0,0,0,0,0,0,0
поощрять,0,0,0,0,1,0,1,0,0,1
поощрение,0,0,0,0,0,0,1,0,0,0
посягать,0,0,0,0,0,0,0,0,0,0
посягательство,0,0,0,1,0,1,0,0,0,0
шифровать,0,0,0,0,0,0,0,0,0,0
обременение,1,0,0,1,0,1,0,1,0,0
энциклопедия,0,0,0,0,0,0,1,0,0,1
конец,0,0,0,0,0,0,0,0,0,0
подвергать опасности,0,1,0,1,0,1,0,0,0,0
находящихся под угрозой исчезновения,0,0,0,1,0,1,0,0,0,0
стараться,0,1,0,0,0,0,1,0,0,0
закончился,0,0,0,0,0,0,0,0,0,0
эндемичный,0,0,1,1,0,1,0,1,0,0
окончание,0,0,0,0,0,0,0,0,0,0
бесконечный,1,0,0,1,1,1,1,1,0,1
эндокардит,0,0,0,1,0,0,0,1,0,0
поддержка,0,0,0,0,0,0,0,0,0,0
наделять,0,0,0,0,0,0,1,0,0,1
наделенный,0,0,0,0,0,0,1,0,0,0
пожертвование,0,0,0,0,0,0,1,0,0,1
форзацы,0,0,0,0,0,0,0,0,0,0
конечная точка,0,0,0,0,0,0,0,0,0,0
выносливость,0,0,0,0,0,0,1,0,0,0
терпеть,0,0,0,0,0,0,1,0,0,0
клизма,0,0,1,0,0,0,0,0,0,0
враг,1,0,1,1,0,1,0,0,0,0
энергичный,0,0,0,0,0,0,1,0,0,0
энергия,0,0,0,0,0,0,0,0,0,0
обеспечивать соблюдение,1,0,0,1,0,1,1,0,0,0
правоприменение,0,0,0,0,0,1,0,0,0,0
привлекать,0,0,0,0,0,0,0,0,0,0
увлеченный,0,1,0,0,1,0,1,0,0,1
помолвка,0,0,0,0,0,0,0,0,0,0
привлечение,0,0,0,0,1,0,1,0,0,1
порождать,0,0,0,0,0,0,0,0,0,0
двигатель,0,0,0,0,0,0,0,0,0,0
инженер,0,0,0,0,0,0,0,0,0,0
инженерия,0,0,0,0,0,0,0,0,0,0
гравировать,0,0,0,0,0,0,0,0,0,0
выгравированный,0,0,0,0,0,0,0,0,0,0
гравер,0,0,0,0,0,0,0,0,0,0
гравюра,0,0,0,0,0,0,0,0,0,0
поглощенный,0,0,0,0,0,0,0,0,0,0
захватывающий,0,0,0,0,0,0,0,0,0,0
поглощать,0,1,0,0,0,0,0,0,0,0
усиливать,0,0,0,0,0,0,1,0,0,0
загадка,0,0,0,0,0,0,0,0,0,0
загадочный,0,0,0,1,0,1,0,0,0,0
предписывать,0,0,0,0,0,0,0,0,0,0
наслаждаться,0,1,0,0,1,0,1,0,0,1
наслаждаясь,0,1,0,0,1,0,1,0,0,1
увеличенный,0,0,0,0,0,0,0,0,0,0
расширение,0,0,0,0,0,0,0,0,0,0
просвещать,0,0,0,0,1,0,1,0,0,1
просветление,0,0,0,0,1,0,1,0,0,1
завербовать,0,0,0,0,0,0,0,0,0,0
оживить,0,0,0,0,1,0,1,0,1,1
враждебность,1,0,0,1,0,1,0,1,0,0
чудовищность,0,0,0,0,0,0,0,0,0,0
громадный,0,0,0,0,0,0,0,0,0,0
чрезвычайно,0,0,0,0,0,0,0,0,0,0
обогащать,0,0,0,0,0,0,1,0,0,0
зарегистрироваться,0,1,0,0,0,0,0,0,0,1
ансамбль,0,0,0,0,0,0,1,0,0,1
прапорщик,0,0,0,0,0,0,1,0,0,0
порабощать,0,0,0,0,0,1,0,0,0,0
порабощенный,1,0,1,1,0,1,0,1,0,0
порабощение,0,0,0,0,0,1,0,0,0,0
наступить,0,0,0,0,0,0,0,0,0,0
гарантировать,0,0,0,0,0,0,0,0,0,0
влечет за собой,0,0,0,0,0,0,0,0,0,0
запутанный,1,0,1,1,0,1,0,1,0,0
запутанность,0,0,0,0,0,1,0,0,0,0
войти,0,0,0,0,0,0,0,0,0,0
предприятие,0,0,0,0,0,0,0,0,0,0
предприимчивый,0,0,0,0,0,0,1,0,0,0
развлекать,0,0,0,0,1,0,1,0,0,0
развлекали,0,0,0,0,1,0,1,0,0,0
развлекательный,0,1,0,0,1,0,1,0,0,0
развлечения,0,1,0,0,1,0,1,0,1,1
энтузиазм,0,1,0,0,1,0,1,0,1,0
энтузиаст,0,1,0,0,1,0,1,0,1,0
соблазнить,0,0,0,0,0,0,0,0,0,0
весь,0,0,0,0,0,0,0,0,0,0
полнота,0,0,0,0,0,0,0,0,0,0
право,0,0,0,0,0,0,0,0,0,0
организация,0,0,0,0,0,0,0,0,0,0
энтомология,0,0,0,0,0,0,0,0,0,0
внутренности,0,0,1,0,0,1,0,0,0,0
вход,0,0,0,0,0,0,0,0,0,0
умолять,0,0,0,0,0,0,0,0,0,0
первое блюдо,0,0,0,0,0,0,0,0,0,0
предприниматель,0,0,0,0,0,0,0,0,0,0
доверить,0,0,0,0,0,0,0,0,0,1
вход,0,0,0,0,0,0,0,0,0,0
перечислить,0,0,0,0,0,0,0,0,0,0
перечисление,0,0,0,0,0,0,0,0,0,0
конверт,0,0,0,0,0,0,0,0,0,0
завистливый,0,0,0,0,0,1,0,0,0,0
окружающая среда,0,0,0,0,0,0,1,0,0,0
Окружающая среда,0,0,0,0,0,0,0,0,0,0
окрестности,0,0,0,0,0,0,0,0,0,0
представить,0,0,0,0,0,0,0,0,0,0
посланник,0,0,0,0,0,0,0,0,0,0
эфемерный,0,0,0,0,0,0,0,0,0,0
эфемериды,0,0,0,0,0,0,1,0,0,0
эпический,0,0,0,0,0,0,1,0,0,0
эпидемия,1,1,1,1,0,1,0,1,1,0
эпидермис,0,0,0,0,0,0,0,0,0,0
эпилепсия,0,0,0,0,0,1,0,0,0,0
эпилог,0,0,0,0,0,0,0,0,0,0
епископский,0,0,0,0,0,0,0,0,0,1
эпизод,0,0,0,0,0,0,0,0,0,0
эпизодический,0,0,0,0,0,0,0,0,0,0
послание,0,0,0,0,0,0,0,0,0,0
эпитафия,0,0,0,0,0,0,0,1,0,0
эпитет,0,0,0,0,0,0,0,0,0,0
воплощение,0,0,0,0,0,0,1,0,0,0
эпоха,0,0,0,0,0,0,0,0,0,0
равный,0,0,0,0,0,0,0,0,0,0
равенство,0,0,0,0,1,0,1,0,0,1
выравнивание,0,0,0,0,0,0,0,0,0,0
уравнивать,0,0,0,0,0,0,0,0,0,0
в равной степени,0,0,0,0,0,0,1,0,0,0
приравнивать,0,0,0,0,0,0,0,0,0,0
уравнение,0,0,0,0,0,0,0,0,0,0
экватор,0,0,0,0,0,0,0,0,0,0
экваториальный,0,0,0,0,0,0,0,0,0,0
наездник,0,0,0,0,0,0,0,0,0,0
равноудаленный,0,0,0,0,0,0,0,0,0,0
уравновешивание,0,0,0,0,0,0,0,0,0,0
равновесие,0,0,0,0,0,0,1,0,0,0
оборудовать,0,0,0,0,0,0,0,0,0,0
оборудование,0,0,0,0,0,0,0,0,0,0
справедливый,0,0,0,0,0,0,0,0,0,0
беспристрастность,0,0,0,0,0,0,1,0,0,0
эквивалентность,0,0,0,0,0,0,0,0,0,0
эквивалент,0,0,0,0,0,0,0,0,0,0
двусмысленный,0,0,0,0,0,0,0,0,0,0
эпоха,0,0,0,0,0,0,0,0,0,0
искоренить,1,0,0,0,0,1,0,0,0,0
искоренение,1,0,1,1,0,1,0,0,0,0
стереть,0,0,0,1,0,1,0,0,0,0
стирание,0,0,0,0,0,0,0,0,0,0
до,0,0,0,0,0,0,0,0,0,0
возводить,0,0,0,0,0,0,0,0,0,0
эрекция,0,0,0,0,0,0,0,0,0,0
следовательно,0,0,0,0,0,0,0,0,0,0
разрушать,0,0,0,0,0,0,0,0,0,0
эрозия,0,0,0,0,0,1,0,0,0,0
эротический,0,1,0,0,1,1,1,0,1,1
ошибаться,0,0,0,0,0,1,0,0,0,0
поручение,0,1,0,0,0,0,1,0,0,1
заблудший,0,0,0,0,0,1,0,0,0,0
неустойчивый,0,0,0,0,0,1,0,0,1,0
опечатка,0,0,0,0,0,1,0,0,0,0
ошибочный,0,0,0,0,0,1,0,0,0,0
ошибка,0,0,0,0,0,1,0,1,0,0
первый,0,0,0,0,0,0,0,0,0,0
эрудированный,0,0,0,0,0,0,1,0,0,0
извергаться,1,0,0,0,0,1,0,0,1,0
извержение,1,0,0,1,0,1,0,0,1,0
эскалада,0,0,0,0,0,0,0,0,0,0
обострять,1,0,0,0,0,1,0,0,0,0
эскалатор,0,0,0,0,0,0,0,0,0,0
побег,0,1,0,1,0,1,1,0,0,0
сбежал,0,0,0,1,0,0,0,0,0,0
откос,0,0,0,0,0,0,0,0,0,0
сторониться,1,0,0,0,0,1,0,1,0,0
эскорт,0,0,0,0,0,0,0,0,0,1
эзотерический,0,0,0,0,0,0,0,0,0,0
особенный,0,0,0,0,0,0,0,0,0,0
шпионаж,0,0,0,0,0,1,0,0,0,0
супруга,0,0,0,0,0,0,0,0,0,0
дух,0,0,0,0,0,0,1,0,0,0
сочинение,0,0,0,0,0,0,0,0,0,0
эссеист,0,0,0,0,0,0,0,0,0,0
сущность,0,0,0,0,0,0,0,0,0,0
существенный,0,0,0,0,0,0,1,0,0,0
по сути,0,0,0,0,0,0,0,0,0,0
учреждать,0,0,0,0,0,0,0,0,0,1
учредил,0,0,0,0,1,0,1,0,0,0
учреждение,0,0,0,0,0,0,0,0,0,0
имущество,0,0,0,0,0,0,0,0,0,0
почитать,0,0,0,0,1,0,1,1,0,1
эстетический,0,0,0,0,0,0,1,0,0,0
оценивать,0,0,0,0,0,0,0,0,0,0
предварительный расчет,0,0,0,0,0,0,0,0,0,0
эстоппель,0,0,0,0,0,0,0,0,0,0
отчужденный,0,0,0,0,0,1,0,0,0,0
эстроген,0,0,0,0,0,0,0,0,0,0
эстуарий,0,0,0,0,0,0,0,0,0,0
травление,0,0,0,0,0,0,0,0,0,0
офорт,0,0,0,0,0,0,0,0,0,0
вечный,0,0,0,0,0,0,0,0,0,0
вечность,0,0,0,0,0,0,0,0,0,0
этиловый спирт,0,0,0,0,0,0,0,0,0,0
эфир,0,0,0,0,0,0,0,0,0,0
эфирный,0,0,0,1,0,0,0,0,0,0
этический,0,0,0,0,0,0,1,0,0,0
этика,0,0,0,0,0,0,1,0,0,0
этнография,0,0,0,0,0,0,0,0,0,0
этиология,0,0,0,0,0,0,0,0,0,0
этикет,0,0,0,0,0,0,0,0,0,0
этимология,0,0,0,0,0,0,0,0,0,0
перехитрить,0,0,0,0,0,0,0,0,0,0
евгеника,0,0,0,0,0,0,0,0,0,0
панегирик,0,0,0,0,0,0,0,0,0,0
эвфемизм,0,0,0,0,0,0,0,0,0,0
эвтаназия,0,0,0,1,0,1,0,1,0,0
эвакуируюсь,0,0,0,1,0,1,0,0,0,0
эвакуация,0,0,0,0,0,1,0,0,0,0
уклоняться,1,0,1,1,0,1,0,0,0,0
оценивать,0,0,0,0,0,0,0,0,0,0
мимолетность,0,0,0,0,0,0,0,1,1,0
евангельский,0,0,0,0,0,0,0,0,0,0
евангелист,0,0,0,0,0,0,0,0,0,0
проповеднический,0,0,0,0,0,0,0,0,0,0
испарение,0,0,0,0,0,0,0,0,0,0
уклонение,0,0,0,1,0,1,0,1,0,0
канун,0,0,0,0,0,0,0,0,0,0
вечер,0,0,0,0,0,0,0,0,0,0
мероприятие,0,0,0,0,0,0,0,0,0,0
насыщенный событиями,0,0,0,0,0,0,0,0,0,0
возможный,0,1,0,0,0,0,0,0,0,0
возможность,0,1,0,1,0,0,0,0,0,0
вечнозеленый,0,0,0,0,1,0,1,0,0,1
вечный,0,0,0,0,0,0,1,0,0,0
навсегда,0,0,0,0,0,0,0,0,0,0
ежедневно,0,0,0,0,0,0,0,0,0,0
выселять,0,0,0,0,0,1,0,1,0,0
выселение,1,0,1,1,0,1,0,1,0,0
доказательство,0,0,0,0,0,0,0,0,0,0
очевидный,0,0,0,0,0,0,1,0,0,1
зло,1,0,1,1,0,1,0,1,0,0
вызывать,0,0,0,0,0,0,0,0,0,0
эволюция,0,0,0,0,0,0,1,0,0,0
эволюционировать,0,0,0,0,0,0,0,0,0,0
овца,0,0,0,0,0,0,0,0,0,0
усугубить,0,0,0,0,0,1,0,0,0,0
обострение,1,0,0,1,0,1,0,0,0,0
требовательный,0,0,0,0,0,1,0,0,0,0
преувеличивать,1,0,0,0,0,1,0,0,0,0
преувеличенный,0,0,0,0,0,1,0,0,0,0
преувеличение,0,0,0,0,0,0,0,0,0,0
превозносить,0,1,0,0,1,0,1,0,0,1
возвышение,0,0,0,0,1,0,1,0,0,1
возвышенный,0,0,0,0,1,0,1,0,0,1
экзамен,0,0,0,0,0,0,0,0,0,0
экзамен,0,0,0,1,0,1,0,0,1,0
исследовать,0,0,0,0,0,0,0,0,0,0
экзаменатор,0,0,0,0,0,0,0,0,0,0
раздражение,1,0,1,0,0,1,0,0,0,0
копать,0,0,0,0,0,0,0,0,0,0
земляные работы,0,1,0,0,0,1,0,0,1,0
экскаватор,0,0,0,0,0,0,0,0,0,0
превосходить,0,1,0,0,1,0,1,0,0,0
превышение,0,0,0,0,0,0,0,0,0,0
превосходить,0,1,0,0,1,0,1,0,1,1
совершенство,0,0,1,0,1,0,1,0,0,1
превосходно,0,0,0,0,1,0,1,0,0,1
исключая,0,0,0,0,0,0,0,0,0,0
исключение,0,0,0,0,0,0,0,0,0,0
отрывок,0,0,0,0,0,0,0,0,0,0
избыток,0,0,0,0,0,1,0,0,0,0
излишний,0,0,0,0,0,0,0,0,0,0
чрезмерно,0,0,0,0,0,0,0,0,0,0
обмен,0,0,0,0,0,0,1,0,0,1
акциз,0,0,0,0,0,1,0,0,0,0
иссечение,0,0,0,0,0,0,0,0,0,0
возбудимость,0,0,0,0,0,0,0,0,0,0
возбудимый,0,0,0,0,0,0,1,0,0,0
возбуждение,1,1,0,1,1,0,1,0,1,0
возбуждать,1,1,0,1,1,0,1,0,1,0
взволнованный,0,1,0,0,1,0,1,0,1,1
возбуждение,0,1,0,0,1,0,1,0,1,0
захватывающе,0,1,0,0,1,0,1,0,1,0
восклицать,0,0,0,0,0,0,0,0,1,0
Исключенный,0,0,1,0,0,1,0,1,0,0
исключая,0,0,0,0,0,1,0,1,0,0
исключение,0,0,1,1,0,1,0,1,0,0
экскременты,0,0,1,0,0,1,0,0,0,0
экскреция,0,0,1,0,0,0,0,0,0,0
мучительный,0,0,0,1,0,1,0,0,0,0
экскурсия,0,0,0,0,0,0,0,0,0,0
извинение,0,0,0,0,0,1,0,0,0,0
выполнять,0,0,0,0,0,0,0,0,0,0
исполнение,1,0,0,1,0,1,0,1,0,1
палач,1,0,0,1,0,1,0,1,0,0
должностное лицо,0,0,0,0,0,0,0,0,0,0
исполнитель,0,0,0,0,0,0,0,0,0,1
толкование,0,0,0,0,0,0,0,0,0,0
образец,0,0,0,0,0,0,0,0,0,0
образцовый,0,0,0,0,0,0,1,0,0,0
иллюстрировать,0,0,0,0,0,0,0,0,0,0
освобождать,0,0,0,0,0,0,0,0,0,0
освобождение,0,0,0,0,0,0,1,0,0,0
упражнение,0,0,0,0,0,0,0,0,0,0
проявлять,0,0,0,0,0,0,0,0,0,0
усилие,0,0,0,0,0,0,0,0,0,0
выдох,0,0,0,0,0,0,0,0,0,0
выхлоп,0,0,0,0,0,1,0,0,0,0
измученный,0,0,0,0,0,1,0,1,0,0
истощение,0,1,0,0,0,1,0,1,0,0
исчерпывающий,0,0,0,0,0,0,0,0,0,1
экспонат,0,0,0,0,0,0,0,0,0,0
выставка,0,0,0,0,0,0,0,0,0,0
возбуждение,0,0,0,0,1,0,1,0,1,0
увещевать,0,0,0,0,0,0,1,0,0,0
увещевание,0,0,0,0,0,0,1,0,0,0
требовательный,0,1,1,1,0,1,0,0,1,0
изгнание,1,0,0,1,0,1,0,1,0,0
существует,0,0,0,0,0,0,0,0,0,0
существование,0,0,0,0,0,0,1,0,0,0
существующий,0,0,0,0,0,0,0,0,0,0
существующий,0,0,0,0,0,0,0,0,0,0
выход,0,0,0,0,0,0,0,0,0,0
исход,0,0,0,0,0,0,0,0,0,0
непомерный,0,0,0,0,0,0,0,0,0,0
экзорцизм,0,0,0,1,0,1,0,1,0,0
экзорцист,0,0,0,0,0,0,0,0,0,0
экзотический,0,0,0,0,0,0,1,0,0,0
расширять,0,0,0,0,0,0,0,0,0,0
расширенный,0,0,0,0,0,0,0,0,0,0
простор,0,0,0,0,0,0,0,0,0,0
расширение,0,0,0,0,0,0,0,0,0,0
обширный,0,0,0,0,0,0,0,0,0,0
эмигрант,0,0,0,0,0,1,0,0,0,0
ожидать,0,1,0,0,0,0,1,0,1,1
ожидание,0,1,0,0,0,0,0,0,0,0
ожидающий,0,1,0,0,0,0,0,0,0,0
ожидание,0,1,0,0,0,0,1,0,0,0
ожидал,0,1,0,0,0,0,0,0,0,0
ожидание,0,1,0,0,0,0,0,0,0,0
целесообразность,0,0,0,0,0,0,0,0,0,0
целесообразный,0,0,0,0,1,0,1,0,0,1
ускорить,0,0,0,0,0,0,0,0,0,0
экспедиция,0,1,0,0,0,0,1,0,0,0
оперативный,0,0,0,0,0,0,0,0,0,0
изгнать,1,0,1,1,0,1,0,1,0,0
статья расхода,0,0,0,0,0,1,0,0,0,0
расход,0,0,0,0,0,0,0,0,0,0
затраты,0,0,0,0,0,1,0,0,0,0
дорогой,0,0,0,0,0,0,0,0,0,0
опыт,0,0,0,0,0,0,0,0,0,0
опытный,0,0,0,0,0,0,1,0,0,1
опыт,0,0,0,0,0,0,0,0,0,0
эксперимент,0,1,0,0,0,0,0,0,1,0
экспериментальный,0,0,0,0,0,0,0,0,0,0
экспериментатор,0,0,0,0,0,0,0,0,0,0
эксперт,0,0,0,0,0,0,1,0,0,1
экспертиза,0,0,0,0,0,0,1,0,0,1
истечение срока,0,0,0,0,0,0,0,0,0,0
истекает,0,0,0,0,0,1,0,1,0,0
истекший,0,0,0,0,0,1,0,0,0,0
истечение срока,0,0,0,0,0,0,0,0,0,0
объяснять,0,0,0,0,0,0,1,0,0,1
объяснение,0,0,0,0,0,0,0,0,0,0
объяснительный,0,0,0,0,0,0,0,0,0,0
ругательство,1,0,0,0,0,1,0,0,0,0
объяснение,0,0,0,0,0,0,0,0,0,0
взорваться,1,0,0,1,0,1,0,1,1,0
использовать,0,0,0,0,0,0,0,0,0,0
исследовать,0,1,0,0,0,0,0,0,0,0
исследователь,0,0,0,0,0,0,0,0,0,0
взрыв,0,0,0,1,0,1,0,0,1,0
взрывной,1,1,0,1,0,1,0,0,1,0
экспонента,0,0,0,0,0,0,0,0,0,0
экспоненциальный,0,0,0,0,0,0,0,0,0,0
экспорт,0,0,0,0,0,0,0,0,0,0
вывоз,0,0,0,0,0,0,0,0,0,0
разоблачать,0,1,0,1,0,0,0,0,0,0
незащищенный,0,0,0,0,0,1,0,0,0,0
экспозиция,0,0,0,0,0,0,0,0,0,0
объяснительный,0,0,0,0,0,0,0,0,0,0
экспозиция,0,0,0,0,0,0,0,0,0,0
излагать,0,0,0,0,0,0,0,0,0,0
выражать,0,0,0,0,0,0,0,0,0,0
выражение,0,0,0,0,0,0,0,0,0,0
выразительный,0,0,0,0,0,0,0,0,0,0
экспроприация,0,0,0,0,0,1,0,0,0,0
изгнание,1,0,1,1,0,1,0,1,0,0
изысканный,0,0,0,0,1,0,1,0,0,0
изысканно,0,0,0,0,0,0,1,0,0,0
сохранившийся,0,0,0,0,0,0,0,0,0,0
продлевать,0,0,0,0,0,0,1,0,0,0
расширяемый,0,0,0,0,0,0,0,0,0,0
расширенный,0,0,0,0,0,0,0,0,0,0
расширение,0,0,0,0,0,0,0,0,0,0
обширный,0,0,0,0,0,0,1,0,0,0
степень,0,0,0,0,0,0,0,0,0,0
экстерьер,0,0,0,0,0,0,0,0,0,0
истребить,0,0,0,1,0,1,0,1,0,0
истребление,1,0,0,1,0,1,0,0,0,0
внешний,0,0,0,0,0,0,0,0,0,0
внешне,0,0,0,0,0,0,0,0,0,0
вымерший,0,0,0,0,0,1,0,1,0,0
гасить,1,0,0,0,0,1,0,0,0,0
дополнительный,0,0,0,0,0,0,1,0,0,0
извлекать,0,0,0,0,0,0,0,0,0,0
извлечение,0,0,0,0,0,0,0,0,0,0
добыча,0,0,0,0,0,0,0,0,0,0
экстрактор,0,0,0,0,0,0,0,0,0,0
экстрадиция,0,0,0,0,0,0,0,0,0,0
внесудебный,0,0,0,1,0,1,0,0,0,0
заочный,0,0,0,0,0,0,0,0,0,0
посторонний,0,0,0,0,0,0,0,0,0,0
экстраординарный,0,0,0,0,0,0,1,0,0,0
феерия,0,0,0,0,0,0,0,0,0,0
крайний,0,0,0,0,0,0,0,0,0,0
очень сильно,0,0,0,0,0,0,0,0,0,0
крайность,0,0,0,0,0,1,0,0,0,0
вытащить,0,1,0,0,0,0,1,0,0,0
внешний,0,0,0,0,0,0,0,0,0,0
экструзия,0,0,0,0,0,0,0,0,0,0
изобилие,0,0,0,0,1,0,1,0,0,0
источать,0,0,0,0,0,0,0,0,0,0
глаз,0,0,0,0,0,0,0,0,0,0
очки,0,0,0,0,0,0,0,0,0,0
ушко,0,0,0,0,0,0,0,0,0,0
окуляр,0,0,0,0,0,0,0,0,0,0
зрение,0,0,0,0,0,0,0,0,0,0
очевидец,0,0,0,0,0,0,0,0,0,1
басня,0,0,0,0,0,0,0,0,0,0
ткань,0,0,0,0,0,0,0,0,0,0
выдумывать,0,0,0,0,0,1,0,0,0,0
сфабрикованный,0,0,0,0,0,0,0,0,0,0
изготовление,0,0,0,0,0,1,0,0,0,1
фасад,0,0,0,0,0,0,0,0,0,0
лицо,0,0,0,0,0,0,0,0,0,0
грань,0,0,0,0,0,0,0,0,0,0
легкий,0,0,0,0,0,0,0,0,0,0
способствовать,0,0,0,0,0,0,1,0,0,0
средство,0,0,0,0,0,0,0,0,0,0
перед,0,0,0,0,0,0,0,0,0,0
факсимиле,0,0,0,0,0,0,0,0,0,0
факт,0,0,0,0,0,0,0,0,0,1
фракция,0,0,0,0,0,0,0,0,0,0
фактор,0,0,0,0,0,0,0,0,0,0
фабрика,0,0,0,0,0,0,0,0,0,0
факты,0,0,0,0,0,0,1,0,0,1
факультеты,0,0,0,0,0,0,0,0,0,0
факультет,0,0,0,0,0,0,1,0,0,1
причуда,0,0,0,0,0,0,0,0,0,0
тускнеть,0,0,0,0,0,1,0,0,0,0
блеклый,0,0,0,0,0,0,0,0,0,0
кал,0,0,1,0,0,1,0,0,0,0
провал,1,1,0,1,0,1,0,1,0,0
отказ,0,0,1,1,0,1,0,1,0,0
файн,0,1,0,0,1,0,1,0,0,1
обморок,0,0,0,1,0,1,0,1,1,0
справедливый,0,0,0,0,0,0,1,0,0,0
весьма,0,0,0,0,0,0,1,0,0,1
фарватер,0,0,0,0,0,0,0,0,0,0
сказочный,0,0,0,0,0,0,0,0,0,0
вера,0,1,0,0,1,0,1,0,0,1
верный,0,0,0,0,0,0,1,0,0,1
неверный,0,0,0,0,0,1,0,1,0,0
фальшивый,0,0,0,0,0,1,0,0,0,0
падение,0,0,0,0,0,1,0,1,0,0
ложный,1,0,0,0,0,1,0,0,0,0
заблуждение,0,0,0,0,0,1,0,0,0,0
подверженный ошибкам,0,0,0,0,0,1,0,0,0,0
падение,0,0,0,0,0,1,0,1,0,0
под паром,0,0,0,0,0,1,0,0,0,0
ложь,1,0,0,0,0,1,0,0,0,1
ложно,0,0,0,0,0,1,0,0,0,0
фальсификация,1,0,0,0,0,1,0,0,0,0
фальсифицированный,0,0,0,0,0,0,0,0,0,0
фальсифицировать,0,0,1,0,0,1,0,0,0,0
ложь,0,0,1,0,0,1,0,0,0,0
колебаться,0,0,0,1,0,1,0,0,0,0
слава,0,0,0,0,0,0,1,0,0,0
знаменитый,0,0,0,0,0,0,0,0,0,0
привычный,0,0,0,0,0,0,1,0,0,1
знакомство,0,1,0,0,1,0,1,0,0,1
познакомить,0,0,0,0,0,0,0,0,0,0
голод,0,0,0,0,0,1,0,1,0,0
известный,0,0,0,0,0,0,1,0,0,0
лихо,0,0,0,0,0,0,1,0,0,0
поклонник,0,0,0,0,0,0,0,0,0,0
фанатик,0,0,0,0,0,1,0,0,0,0
фанатизм,0,0,0,1,0,0,0,0,0,0
причудливый,0,0,0,0,0,0,0,0,0,0
изысканный,0,1,0,0,1,0,1,0,0,0
фанданго,0,0,0,0,0,0,0,0,0,0
фанфары,0,1,0,0,1,0,1,0,1,0
клык,0,0,0,1,0,0,0,0,0,0
клыки,0,0,0,1,0,0,0,0,0,0
обмахивание,0,0,0,0,0,0,0,0,0,0
фантазия,0,0,0,0,0,0,0,0,0,0
фантазия,0,0,0,0,0,0,0,0,0,0
фарс,0,0,0,0,0,1,0,0,0,0
фарс,0,0,1,0,0,1,0,0,0,0
транспортные расходы,0,0,0,0,0,0,0,0,0,0
прощальный привет,0,0,0,0,0,0,0,0,0,0
ферма,0,1,0,0,0,0,0,0,0,0
фермер,0,0,0,0,0,0,0,0,0,0
дом,0,0,0,0,0,0,0,0,0,0
сельское хозяйство,0,0,0,0,0,0,0,0,0,0
фаро,0,0,0,0,0,0,0,0,0,0
дальше,0,0,0,0,0,0,0,0,0,0
фасция,0,0,0,0,0,0,0,0,0,0
очаровательный,0,0,0,0,0,0,1,0,0,0
очарование,0,0,0,0,0,0,1,0,0,0
мода,0,0,0,0,0,0,0,0,0,0
модный,0,0,0,0,0,0,1,0,0,0
застегнуть,0,0,0,0,0,0,0,0,0,0
застежка,0,0,0,0,0,0,0,0,0,0
крепление,0,0,0,0,0,0,0,0,0,0
голодание,0,0,0,0,0,1,0,1,0,0
толстый,0,0,1,0,0,1,0,1,0,0
фатальный,1,0,0,1,0,1,0,1,0,0
фатальность,0,0,0,1,0,1,0,1,0,0
судьба,0,1,0,0,0,1,0,0,0,0
обреченный,0,0,0,0,0,0,0,0,0,0
отец,0,0,0,0,0,0,0,0,0,1
вникать,0,0,0,0,0,0,0,0,0,0
усталость,0,0,0,0,0,1,0,0,0,0
усталый,0,0,0,0,0,1,0,1,0,0
жирный,0,0,1,0,0,1,0,1,0,0
вина,0,0,0,0,0,1,0,1,0,0
безупречный,0,0,0,0,0,0,1,0,0,1
неисправный,0,0,0,0,0,1,0,0,0,0
фауна,0,0,0,0,0,0,0,0,0,0
услуга,0,0,0,0,0,0,0,0,0,0
благоприятный,0,1,0,0,1,0,1,0,1,1
любимый,0,0,0,0,1,0,1,0,0,1
фаворитизм,0,0,0,0,0,0,1,0,0,0
палевый,0,0,0,0,0,1,0,0,0,0
страх,1,0,0,1,0,1,0,0,0,0
страшный,0,0,0,1,0,1,0,1,0,0
испуганно,0,0,0,1,0,1,0,1,1,0
опасаясь,0,0,0,1,0,1,0,0,0,0
бесстрашный,0,0,0,1,0,0,1,0,0,0
осуществимость,0,0,0,0,0,0,0,0,0,0
достижимый,0,0,0,0,0,0,0,0,0,0
подвиг,0,1,0,0,1,0,1,0,1,0
пух Перо,0,0,0,0,0,0,0,0,0,0
особенность,0,0,0,0,0,0,1,0,0,0
Особенности,0,0,0,0,0,0,0,0,0,0
лихорадочный,0,0,0,0,0,1,0,0,0,0
фекальный,0,0,1,0,0,1,0,0,0,0
фекалии,0,0,1,0,0,1,0,0,0,0
плодовитость,0,0,0,0,0,0,0,0,0,0
федеральный,0,0,0,0,0,0,0,0,0,0
федерация,0,0,0,0,0,0,0,0,0,0
платеж,1,0,0,0,0,1,0,0,0,0
слабый,0,0,0,0,0,1,0,1,0,0
подача,0,0,0,0,0,0,0,0,0,0
кормушка,0,0,0,0,0,0,0,0,0,0
Чувствовать,0,0,0,0,0,0,0,0,0,0
чувство,1,1,1,1,1,1,1,1,1,1
ноги,0,0,0,0,0,0,0,0,0,0
притворный,0,0,0,0,0,1,0,0,0,0
счастье,0,0,0,0,1,0,1,0,0,0
кошачий,0,0,0,0,0,0,0,0,0,0
упал,0,0,0,0,0,1,0,1,0,0
парень,0,0,0,0,0,0,1,0,0,1
товарищество,0,0,0,0,0,0,1,0,0,0
уголовник,0,0,0,1,0,1,0,0,0,0
уголовное преступление,0,0,0,0,0,1,0,0,0,0
чувствовала,0,0,0,0,0,0,0,0,0,0
женский род,0,0,0,0,0,0,0,0,0,0
женственность,0,0,0,0,0,0,0,0,0,0
болото,0,0,0,0,0,0,0,0,0,0
изгородь,0,0,0,0,0,0,0,0,0,0
огороженный,1,0,0,0,0,0,0,0,0,0
парировать,0,0,0,0,0,0,0,0,0,0
крыло,0,0,0,0,0,0,0,0,0,1
фенхель,0,0,0,0,0,0,0,0,0,0
ферментировать,0,1,0,0,0,1,0,0,0,0
ферментация,0,1,0,0,0,0,0,0,0,0
папоротник,0,0,0,0,0,0,0,0,0,0
свирепый,1,0,1,1,0,1,0,0,0,0
свирепость,1,0,0,0,0,1,0,0,0,0
перевозить,0,0,0,0,0,0,0,0,0,0
плодородный,0,0,0,0,0,0,1,0,0,0
удобрять,0,0,0,0,0,0,0,0,0,0
пылкий,0,0,0,0,0,0,0,0,0,0
рвение,1,0,0,0,1,0,1,0,0,0
фестиваль,0,1,0,0,1,0,1,0,1,0
праздничный,0,0,0,0,1,0,1,0,0,0
принести,0,0,0,0,0,0,0,0,0,0
праздник,0,1,0,0,1,0,1,0,1,0
фетиш,0,0,0,0,0,0,0,0,0,0
вражда,1,0,0,0,0,1,0,0,0,0
феодальный,0,0,0,0,0,1,0,0,0,0
феодализм,1,0,0,0,0,1,0,1,0,0
жар,0,0,0,1,0,0,0,0,0,0
лихорадочный,0,0,0,0,0,1,0,0,0,0
невеста,0,0,0,0,0,0,0,0,0,0
фиаско,0,0,0,0,0,1,0,0,0,0
указ,0,0,0,0,0,0,0,0,0,0
выдумка,1,0,0,0,0,1,0,0,0,0
волокно,0,0,0,0,0,0,0,0,0,0
волокнистый,0,0,0,0,0,0,0,0,0,0
непостоянный,0,0,0,0,0,1,0,0,0,0
вымысел,0,0,0,0,0,0,0,0,0,0
фиктивный,0,0,0,0,0,1,0,0,0,0
скрипка,0,0,0,0,0,0,0,0,0,0
скрипач,0,0,0,0,0,0,0,0,0,0
верность,0,0,0,0,1,0,1,0,0,1
доверенное лицо,0,0,0,0,0,0,0,0,0,0
поле,0,0,0,0,0,0,0,0,0,0
злодей,1,0,1,1,0,1,0,0,0,0
яростный,1,0,1,1,0,1,0,0,0,0
фиеста,0,1,0,0,1,0,1,0,1,1
Борьба,1,0,0,1,0,1,0,0,0,0
боец,0,0,0,0,0,0,0,0,0,0
борьба,1,0,0,0,0,1,0,0,0,0
вымысел,0,0,0,0,0,0,0,0,0,0
образный,0,0,0,0,0,0,0,0,0,0
фигура,0,0,0,0,0,0,0,0,0,0
статуэтка,0,0,0,0,0,0,0,0,0,0
нить,0,0,0,0,0,0,0,0,0,0
нитевидный,0,0,0,0,0,0,0,0,0,0
файл,0,0,0,0,0,0,0,0,0,0
флибустьер,0,0,0,0,0,1,0,0,0,0
филигранный,0,0,0,0,0,0,0,0,0,0
регистрация,0,0,0,0,0,0,0,0,0,0
документы,0,0,0,0,0,0,0,0,0,0
наполнять,0,0,0,0,0,0,0,0,0,1
филе,0,0,0,0,0,0,0,0,0,0
заполнение,0,0,0,0,0,0,0,0,0,0
кобылка,0,0,0,0,0,0,0,0,0,0
фильм,0,0,0,0,0,0,0,0,0,0
пленочный,0,0,0,0,0,0,0,0,0,0
фильтр,0,0,0,0,0,0,0,0,0,0
грязь,0,0,1,0,0,1,0,0,0,0
грязный,0,0,1,0,0,1,0,0,0,0
плавник,0,0,0,0,0,0,0,0,0,0
окончательный,0,0,0,0,0,0,0,0,0,0
финал,0,0,0,0,0,0,0,0,0,0
окончательность,0,0,0,0,0,0,0,0,0,0
в конце концов,0,1,1,0,1,0,1,0,1,1
финансы,0,0,0,0,0,0,0,0,0,0
финансовый,0,0,0,0,0,0,0,0,0,0
финансист,0,0,0,0,0,0,0,0,0,0
зяблик,0,0,0,0,0,0,0,0,0,0
найти,0,0,0,0,0,0,0,0,0,0
найти,0,0,0,0,0,0,0,0,0,0
наряд,0,0,0,0,0,0,1,0,0,0
утонченность,0,0,0,0,0,0,1,0,0,0
Палец,0,0,0,0,0,0,0,0,0,0
отпечаток пальца,0,0,0,0,0,0,0,0,0,0
финиш,0,0,0,0,0,0,0,0,0,0
конечный,0,0,0,0,0,0,0,0,0,0
финк,0,0,0,0,0,0,0,0,0,0
Огонь,0,0,0,1,0,0,0,0,0,0
огнестрельное оружие,1,0,0,1,0,1,0,0,0,0
огненный шар,0,0,0,0,0,0,1,0,0,0
Светляк,0,0,0,0,0,0,0,0,0,0
пожарный,0,0,0,0,0,0,0,0,0,1
камин,0,0,0,0,0,0,0,0,0,0
огнеупорный,0,0,0,0,0,0,1,0,0,0
у камина,0,0,0,0,0,0,0,0,0,0
дрова,0,0,0,0,0,0,0,0,0,0
салют,0,0,0,0,0,0,0,0,0,0
стрельба,0,0,0,0,0,0,0,0,0,0
твердый,0,0,0,0,0,0,0,0,0,0
твердь,0,0,0,0,0,0,0,0,0,0
твердо,0,0,0,0,0,0,0,0,0,0
твердость,0,0,0,0,0,0,1,0,0,1
первенец,0,1,0,0,1,0,1,0,0,1
фискальный,0,0,0,0,0,0,0,0,0,0
рыбы,0,0,0,0,0,0,0,0,0,0
рыбак,0,0,0,0,0,0,0,0,0,0
рыболовство,0,0,0,0,0,0,0,0,0,0
ловит рыбу,0,0,0,0,0,0,0,0,0,0
рыбный,0,0,0,0,0,0,0,0,0,0
расщепляющийся,0,0,0,0,0,0,0,0,0,0
деление,0,0,0,0,0,0,0,0,0,0
трещина,0,0,0,0,0,0,0,0,0,0
кулак,0,0,0,0,0,0,0,0,0,0
свищ,0,0,0,0,0,0,0,0,0,0
фитнес,0,0,0,0,0,0,0,0,0,0
подходит,1,0,0,0,0,1,0,0,0,0
установлен,0,0,0,0,0,0,0,0,0,0
примерка,0,1,0,0,1,0,1,0,0,1
арматура,0,0,0,0,0,0,0,0,0,0
исправить,0,0,0,0,0,0,0,0,0,0
фиксация,0,0,0,0,0,0,0,0,0,0
исправлено,0,0,0,0,0,0,0,0,0,1
приспособление,0,0,0,0,0,0,1,0,0,0
светильники,0,0,0,0,0,0,0,0,0,0
шипение,0,0,0,0,0,0,0,0,0,0
дряблый,0,0,1,0,0,1,0,0,0,0
вялый,0,0,0,0,0,1,0,1,0,0
маркировка,0,0,0,0,0,1,0,0,0,0
вопиющий,1,0,1,0,0,1,0,0,0,0
флагман,0,0,0,0,0,0,0,0,0,1
отслаиваться,0,0,0,0,0,1,0,0,0,0
шелушащийся,0,0,0,0,0,0,0,0,0,0
пламя,0,0,0,0,0,0,0,0,0,0
пылающий,0,0,0,0,0,0,0,0,0,0
фланец,0,0,0,0,0,0,0,0,0,1
фланг,0,0,0,0,0,0,0,0,0,0
окруженный,0,0,0,0,0,0,0,0,0,0
фланговый,0,0,0,0,0,0,0,0,0,0
фланель,0,0,0,0,0,0,0,0,0,0
лоскут,0,0,0,0,0,1,0,0,0,0
хлопанье,0,0,0,0,0,0,0,0,0,0
вспышка,0,0,0,0,0,0,0,0,0,0
пылающий,0,0,0,0,0,0,0,0,0,0
вспышка,0,0,0,0,0,0,0,0,0,0
воспоминание,0,0,0,0,0,0,0,0,0,0
мигающий,0,0,0,0,0,0,0,0,0,0
фонарик,0,0,0,0,0,0,0,0,0,0
кричащий,0,0,0,0,0,0,0,0,0,0
колба,0,0,0,0,0,0,0,0,0,0
плоский,0,0,0,0,0,0,0,0,0,0
плоскостность,0,0,0,0,0,0,0,0,0,0
сгладить,0,0,0,0,0,0,0,0,0,0
лестный,0,0,0,0,1,0,1,0,0,0
лесть,0,0,0,0,0,0,0,0,0,0
метеоризм,0,0,1,0,0,1,0,0,0,0
выставлять напоказ,0,0,0,0,0,1,0,0,0,0
вкус,0,0,0,0,0,0,0,0,0,0
недостаток,0,0,0,0,0,1,0,1,0,0
блоха,0,0,1,0,0,1,0,0,0,0
бежал,0,0,0,1,0,0,0,0,0,0
бежать,0,0,0,1,0,1,0,0,0,0
флис,1,0,1,0,0,1,0,1,0,0
флот,0,0,0,0,0,0,1,0,0,0
мимолетный,0,0,0,0,0,0,0,0,0,0
плоть,0,0,1,0,0,0,0,0,0,0
мясистый,0,0,0,0,0,1,0,0,0,0
сгибаться,0,0,0,0,0,0,0,0,0,0
гибкость,0,0,0,0,0,0,1,0,0,0
гибкий,0,0,0,0,0,0,0,0,0,0
сгибание,0,0,0,0,0,0,0,0,0,0
мерцание,0,0,0,0,0,0,0,0,0,0
мерцающий,0,0,0,0,0,0,0,0,0,0
летчик,0,0,0,0,0,0,0,0,0,0
полет,0,0,0,0,0,0,0,0,0,0
вздрогнуть,0,1,1,1,0,1,0,1,1,0
швырять,0,0,0,0,0,0,0,0,0,0
кремень,0,0,0,0,0,0,0,0,0,0
флиппер,0,0,0,0,0,0,0,0,0,0
флиртовать,0,1,0,0,1,1,1,0,1,1
флирт,0,0,0,0,0,0,0,0,0,0
плавать,0,0,0,0,0,0,0,0,0,0
стадо,0,0,0,0,0,0,0,0,0,0
порка,1,0,1,1,0,1,0,1,0,0
наводнение,0,0,0,1,0,0,0,0,0,0
пол,0,0,0,0,0,0,0,0,0,0
провал,0,0,1,0,0,1,0,1,0,0
Флора,0,0,0,0,0,0,0,0,0,0
цветочный,0,0,0,0,0,0,1,0,0,0
флорист,0,0,0,0,0,0,0,0,0,0
нить,0,0,0,0,0,0,0,0,0,0
камбала,0,0,0,1,0,1,0,1,0,0
мука,0,0,0,0,0,0,0,0,0,0
поток,0,0,0,0,0,0,1,0,0,0
цветение,0,0,0,0,0,0,0,0,0,0
цветочный,0,0,0,0,0,0,1,0,0,0
грипп,0,0,0,1,0,1,0,0,0,0
колебаться,0,0,0,0,0,0,0,0,0,0
колеблющийся,0,0,0,0,0,0,0,0,0,0
колебания,1,0,0,1,0,1,0,0,0,0
дымоход,0,0,0,0,0,0,0,0,0,0
Беглость,0,0,0,0,0,0,0,0,0,0
пух,0,0,0,0,0,0,0,0,0,0
пушистый,0,0,0,0,0,0,0,0,0,0
жидкость,0,0,0,0,0,0,0,0,0,0
текучесть,0,0,0,0,0,0,0,0,0,0
случайность,0,0,0,0,0,0,0,0,1,0
флуоресценция,0,0,0,0,0,0,0,0,0,0
флуоресцентный,0,0,0,0,0,0,0,0,0,0
шквал,0,0,0,0,0,0,0,0,0,0
румянец,0,0,0,0,0,0,1,0,0,0
взволнованный,0,0,0,0,0,0,0,0,0,0
флейта,0,0,0,0,0,0,0,0,0,0
рифленый,0,0,0,0,0,0,0,0,0,0
речной,0,0,0,0,0,0,0,0,0,0
поток,0,0,0,0,0,0,0,0,0,0
летать,0,0,0,0,0,0,0,0,0,0
рекламный проспект,0,0,0,0,0,0,0,0,0,0
летающий,0,0,0,1,0,0,1,0,0,0
маховик,0,0,0,0,0,0,0,0,0,0
жеребенок,0,0,0,0,0,0,0,0,0,0
мыло,0,0,0,0,0,0,0,0,0,0
пенообразование,0,0,0,0,0,0,0,0,0,0
пенистый,0,0,0,0,0,0,0,0,0,0
брелок,0,0,0,0,0,0,0,0,0,0
фокальный,0,0,0,0,0,0,0,0,0,0
фокус,0,0,0,0,0,0,1,0,0,0
корм,0,0,0,0,0,0,0,0,0,0
враг,1,0,0,1,0,1,0,0,0,0
туман,0,0,0,0,0,0,0,0,0,0
туманный,0,0,0,0,0,0,0,0,0,0
фольга,0,0,0,0,0,0,0,0,0,0
сорванный,0,0,0,0,0,1,0,0,0,0
складывать,0,0,0,0,0,0,0,0,0,0
сложенный,0,0,0,0,0,0,0,0,0,0
листва,0,0,0,0,0,0,0,0,0,0
фолиант,0,0,0,0,0,0,0,0,0,0
народный,0,0,0,0,0,0,0,0,0,0
фольклор,0,0,0,0,0,0,0,0,0,0
фолликул,0,0,0,0,0,0,0,0,0,0
фолликулярный,0,0,0,0,0,0,0,0,0,0
следить,0,0,0,0,0,0,0,0,0,0
последователь,0,0,0,0,0,0,0,0,0,1
глупость,0,0,0,0,0,1,0,0,0,0
ласкание,0,0,0,0,0,0,0,0,0,0
нежность,0,0,0,0,1,0,1,0,0,0
шрифт,0,0,0,0,0,0,0,0,0,0
еда,0,0,0,0,1,0,1,0,0,1
дурак,0,0,1,0,0,1,0,0,0,0
обманывать,0,0,0,0,0,0,0,0,0,0
глупый,0,0,0,0,0,1,0,0,0,0
глупость,0,0,0,0,0,1,0,0,0,0
ступня,0,0,0,0,0,0,0,0,0,0
футбол,0,1,0,0,1,0,1,0,0,0
пешеходный мост,0,0,0,0,0,0,0,0,0,0
опора,0,0,0,0,0,0,0,0,0,1
пешеходная дорожка,0,0,0,0,0,0,0,0,0,0
след,0,0,0,0,0,0,0,0,0,0
пижон,0,0,0,0,0,0,0,0,0,0
фураж,0,0,0,0,0,1,0,0,0,0
набег,1,0,0,0,0,1,0,0,0,0
терпение,0,0,0,0,0,0,1,0,0,0
запрещать,0,0,0,0,0,1,0,1,0,0
запрещающий,1,0,0,1,0,1,0,0,0,0
сила,1,0,0,1,0,1,0,0,0,0
принужденный,0,0,0,1,0,1,0,0,0,0
щипцы,0,0,0,0,0,0,0,0,0,0
принудительно,1,0,0,1,0,1,0,0,0,0
брод,0,0,0,0,0,0,0,0,0,0
вперед,0,0,0,0,0,0,1,0,0,0
предплечье,1,1,0,0,0,0,0,0,0,0
предчувствие,0,1,0,1,0,1,0,0,0,0
прогноз,0,1,0,0,0,0,0,0,0,1
синоптик,0,0,0,0,0,0,0,0,0,0
лишить права выкупа,0,0,0,1,0,1,0,1,0,0
предки,0,0,0,0,1,0,1,0,0,1
указательный палец,0,0,0,0,0,0,0,0,0,0
отказаться,0,0,0,0,0,1,0,0,0,0
вышеизложенное,0,0,0,0,0,0,1,0,0,0
упущенный,0,0,0,0,0,0,0,0,0,0
передний план,0,0,0,0,0,0,0,0,0,0
лоб,0,0,0,0,0,0,0,0,0,0
иностранный,0,0,0,0,0,1,0,0,0,0
иностранец,0,0,0,1,0,1,0,0,0,0
мастер,0,0,0,0,0,0,1,0,0,0
судебно-медицинский,0,0,0,0,0,0,0,0,0,0
предшественник,0,0,0,0,0,0,1,0,0,0
предвидеть,0,1,0,0,0,0,1,0,1,1
предвиденный,0,1,0,0,0,0,1,0,0,0
предвидение,0,1,0,0,0,0,1,0,0,1
лес,0,0,0,0,0,0,0,0,0,0
предусмотрительность,0,0,0,0,0,0,0,0,0,0
предупрежден,0,1,0,1,0,1,0,0,0,0
предисловие,0,0,0,0,0,0,0,0,0,0
неустойка,1,0,0,0,0,1,0,1,0,0
конфискован,0,0,0,0,0,1,0,0,0,0
конфискация,0,0,0,1,0,1,0,1,0,0
кузница,0,0,0,0,0,0,1,0,0,0
подлог,0,0,0,0,0,1,0,0,0,0
забывать,0,0,0,0,0,1,0,0,0,0
забывчивый,0,0,0,0,0,0,0,0,0,0
забывчивость,0,0,0,0,0,0,0,0,0,0
простить,0,0,0,0,0,0,1,0,0,0
прощен,0,0,0,0,0,0,1,0,0,0
прощающий,0,0,0,0,0,0,1,0,0,1
забытый,0,0,0,1,0,1,0,1,0,0
вилка,0,0,0,0,0,0,0,0,0,0
раздвоенный,0,0,0,0,0,0,0,0,0,0
разветвление,0,0,0,0,0,0,0,0,0,0
заброшенный,0,0,0,0,0,1,0,1,0,0
форма,0,0,0,0,0,0,0,0,0,0
формализм,0,0,0,0,0,0,0,0,0,0
формальность,0,0,0,0,0,0,0,0,0,1
формирование,0,0,0,0,0,0,0,0,0,0
формирующий,0,0,0,0,0,0,1,0,0,1
сформированный,0,0,0,0,0,0,0,0,0,0
грозный,0,0,0,1,0,0,0,0,0,0
формирование,0,1,0,0,0,0,0,0,0,0
бесформенный,0,0,0,0,0,1,0,0,0,0
формула,0,0,0,0,0,0,1,0,0,1
формуляр,0,0,0,0,0,0,0,0,0,0
формулировать,0,0,0,0,0,0,0,0,0,0
блуд,0,0,0,0,0,1,0,0,0,0
оставить,0,0,0,0,0,1,0,1,0,0
покинутый,1,0,0,0,0,1,0,1,0,0
воистину,0,0,0,0,0,0,0,0,0,0
форт,0,0,0,0,0,0,0,0,0,1
форте,0,0,0,0,0,0,1,0,0,0
предстоящий,0,0,0,0,0,0,1,0,0,0
немедленно,0,0,0,0,0,0,0,0,0,0
укрепление,0,0,0,0,0,0,0,0,0,0
укреплять,0,0,0,0,0,0,1,0,0,0
стойкость,0,0,0,0,1,0,1,0,0,1
раз в две недели,0,0,0,0,0,0,0,0,0,0
крепость,0,0,0,1,0,0,1,1,0,1
случайный,0,0,0,0,0,0,0,0,0,0
повезло,0,0,0,0,0,0,1,0,0,0
удача,0,1,0,0,1,0,1,0,1,1
сорок,0,0,0,0,0,0,0,0,0,0
Форум,0,0,0,0,0,0,0,0,0,0
вперед,0,0,0,0,0,0,1,0,0,0
ископаемое,0,0,0,0,0,0,0,0,0,0
окаменелости,0,0,0,0,0,0,0,0,0,0
грязный,1,0,1,1,0,1,0,0,0,0
найденный,0,0,0,0,1,0,1,0,0,1
Фонд,0,0,0,0,0,0,1,0,0,0
основатель,0,0,0,0,0,0,0,0,0,0
Литейный завод,0,0,0,0,0,0,0,0,0,0
фонтан,0,0,0,0,0,0,0,0,0,0
вчетверо,0,0,0,0,0,0,0,0,0,0
четвертый,0,0,0,0,0,0,0,0,0,0
птица,0,0,0,0,0,0,0,0,0,0
лиса,0,0,0,0,0,0,0,0,0,0
хитрый,0,0,0,0,0,0,0,0,0,0
дробная часть,0,0,0,0,0,0,0,0,0,0
дробный,0,0,0,0,0,0,0,0,0,0
перелом,0,0,0,0,0,1,0,0,0,0
хрупкий,0,0,0,1,0,1,0,1,0,0
хрупкость,0,0,0,0,0,0,0,0,0,0
фрагмент,0,0,0,0,0,0,0,0,0,0
фрагментарный,0,0,0,0,0,0,0,0,0,0
аромат,0,0,0,0,0,0,0,0,0,0
ароматный,0,0,0,0,0,0,1,0,0,0
слабость,0,0,0,0,0,1,0,1,0,0
рамки,0,0,0,0,0,0,0,0,0,1
франшиза,0,0,0,0,0,0,0,0,0,0
откровенный,0,0,0,0,0,0,1,0,0,1
откровенность,0,0,0,0,0,0,1,0,0,1
безумный,0,1,1,1,0,1,0,0,1,0
братский,0,0,0,0,1,0,1,0,0,1
братство,0,0,0,0,0,0,0,0,0,0
мошенничество,1,0,0,0,0,1,0,0,0,0
мошеннический,1,0,1,0,0,1,0,0,0,0
чреват,0,0,0,1,0,1,0,1,0,0
драка,0,0,0,0,0,1,0,0,0,0
потрепанный,0,0,0,0,0,1,0,1,0,0
ненормальный,0,0,0,0,0,0,0,0,0,0
причудливый,0,0,1,1,0,1,0,0,1,0
свобода,0,0,0,0,1,0,1,0,0,1
право собственности,0,0,0,0,0,0,0,0,0,0
фрилансер,0,0,0,0,0,0,0,0,0,0
свободно,0,0,0,0,1,0,1,0,0,1
Автострада,0,0,0,0,0,0,0,0,0,0
заморозить,0,0,0,0,0,0,0,0,0,0
морозильник,0,0,0,0,0,0,0,0,0,0
замораживание,0,0,0,0,0,1,0,0,0,0
груз,0,0,0,0,0,0,0,0,0,0
неистовый,1,0,0,1,0,1,0,0,1,0
бешеный,1,0,0,1,0,1,0,0,0,0
безумие,0,0,0,0,0,1,0,0,0,0
частота,0,0,0,0,0,0,0,0,0,0
частый,0,0,0,0,0,0,0,0,0,0
часто,0,0,0,0,0,0,0,0,0,0
фреска,0,0,0,0,0,0,0,0,0,0
первокурсник,0,0,0,0,0,0,0,0,0,0
раздражение,0,0,0,1,0,1,0,0,0,0
трение,1,0,0,0,0,0,0,0,0,0
друг,0,0,0,0,1,0,1,0,0,1
дружелюбие,0,0,0,0,1,0,1,0,0,1
дружелюбный,0,1,0,0,1,0,1,0,0,1
дружба,0,0,0,0,1,0,1,0,0,1
фрегат,0,0,0,1,0,0,0,0,0,0
испуг,0,0,0,1,0,1,0,0,1,0
пугать,0,0,0,1,0,1,0,1,1,0
испуганный,0,0,0,1,0,1,0,0,1,0
ужасный,1,0,0,1,0,1,0,1,0,0
холодный,0,0,0,0,0,1,0,0,0,0
бахрома,0,0,0,0,0,0,0,0,0,0
бахромчатый,0,0,0,0,0,0,0,0,0,0
резвый,0,1,0,0,1,0,1,0,1,0
легкомысленный,0,0,0,0,0,1,0,0,0,0
платье,0,0,0,0,0,0,0,0,0,0
лягушка,0,0,0,0,0,0,0,0,0,0
резвиться,0,0,0,0,1,0,1,0,0,0
фронт,0,0,0,0,0,0,0,0,0,0
фасад,0,0,0,0,0,0,0,0,0,0
фронтальный,0,0,0,0,0,0,0,0,0,0
граница,0,0,0,0,0,0,0,0,0,0
фронт,0,0,0,0,0,0,0,0,0,0
фронтиспис,0,0,0,0,0,0,0,0,0,0
мороз,0,0,0,0,0,0,0,0,0,0
обморожение,0,0,0,0,0,1,0,0,0,0
матовый,0,0,0,0,0,0,0,0,0,0
морозный,0,0,0,0,0,0,0,0,0,0
пена,0,0,0,0,0,1,0,0,0,0
пенистый,0,0,0,0,0,0,0,0,0,0
хмуриться,0,0,0,0,0,1,0,1,0,0
хмурый,1,0,1,0,0,1,0,1,0,0
замороженный,0,0,0,0,0,0,0,0,0,0
скромный,0,0,0,0,0,0,1,0,0,0
фрукты,0,0,0,0,0,0,0,0,0,0
плодотворный,0,0,0,0,0,0,1,0,0,0
плод,0,0,0,0,0,0,0,0,0,0
бесплодный,0,0,0,0,0,1,0,1,0,0
расстраивать,1,0,1,0,0,1,0,1,0,0
расстроенный,1,0,0,0,0,1,0,0,0,0
разочарование,1,0,0,0,0,1,0,0,0,0
жарить,0,0,0,0,0,0,0,0,0,0
выдумка,0,0,0,0,0,1,0,0,0,0
топливо,0,0,0,0,0,0,0,0,0,0
беглец,1,0,1,1,0,1,0,1,0,1
точка опоры,0,0,0,0,0,0,0,0,0,0
выполнить,0,0,0,0,1,0,1,0,0,0
исполнение,0,1,0,0,1,0,1,0,0,1
полный,0,0,0,0,0,0,1,0,0,0
полнота,0,0,0,0,0,0,0,0,0,0
от корки до корки,0,0,0,0,0,0,1,0,0,1
возиться,0,0,0,0,0,1,0,0,0,0
дым,0,0,0,0,0,1,0,0,0,0
окуривание,0,0,0,0,0,0,0,0,0,0
дымящийся,1,0,0,0,0,1,0,0,0,0
весело,0,1,0,0,1,0,1,0,0,0
функция,0,0,0,0,0,0,0,0,0,0
функциональный,0,0,0,0,0,0,0,0,0,0
фонд,0,0,0,0,0,0,0,0,0,0
фундаментальный,0,0,0,0,0,0,1,0,0,1
в корне,0,0,0,0,0,0,0,0,0,0
фонды,0,0,0,0,0,0,0,0,0,0
похороны,0,0,0,0,0,0,0,1,0,0
грибок,0,0,1,0,0,1,0,0,0,0
фанк,0,0,0,0,0,1,0,1,0,0
воронка,0,0,0,0,0,0,0,0,0,0
шерсть,0,0,0,0,0,0,0,0,0,0
яростный,1,0,1,0,0,1,0,0,0,0
яростно,1,0,0,0,0,0,0,0,0,0
отпуск,0,0,0,0,0,0,0,0,0,0
печь,1,0,0,0,0,0,0,0,0,0
снабжать,0,0,0,0,0,0,0,0,0,0
мебель,0,0,0,0,0,0,0,0,0,0
фурор,1,0,0,0,0,1,0,0,0,0
борозда,0,0,0,0,0,0,0,1,0,0
содействие,0,0,0,0,0,0,0,0,0,0
ярость,1,0,0,1,0,1,0,1,0,0
предохранитель,0,0,0,0,0,0,1,0,0,1
слияние,0,0,0,0,0,0,1,0,0,0
суматоха,1,0,0,0,0,1,0,1,0,0
суетливый,0,0,1,0,0,1,0,0,0,0
бесполезный,0,0,0,0,0,1,0,1,0,0
тщетность,0,0,0,0,0,1,0,0,0,0
будущее,0,0,0,0,0,0,0,0,0,0
пушок,0,0,0,0,0,0,0,0,0,0
нечеткий,0,0,0,0,0,0,0,0,0,0
Габи,0,0,1,0,0,1,0,0,0,0
кляп,0,0,1,0,0,1,0,0,0,0
датчик,0,0,0,0,0,0,0,0,0,1
стайка,0,0,0,0,0,0,0,0,0,0
прирост,0,1,0,0,1,0,1,0,0,0
прибыльный,0,0,0,0,0,0,0,0,0,0
получение,0,0,0,0,0,0,1,0,0,0
походка,0,0,0,0,0,0,0,0,0,0
торжественный,0,0,0,0,0,0,0,0,0,0
галактика,0,0,0,0,0,0,0,0,0,0
буря,0,0,0,0,0,0,0,0,0,0
желчь,1,0,1,0,0,1,0,0,0,0
галантный,0,0,0,0,0,0,1,0,0,0
галантность,0,0,0,0,0,0,1,0,0,0
галерея,0,0,0,0,0,0,0,0,0,0
камбуз,0,0,0,0,0,0,0,0,0,0
галопом,0,0,0,0,0,0,0,0,0,0
скачущий,0,0,0,0,0,0,0,0,0,0
виселица,1,0,0,1,0,1,0,1,0,0
изобилие,0,0,0,0,0,0,1,0,0,0
гальванический,0,0,0,0,0,0,0,0,0,0
азартная игра,0,0,0,0,0,1,0,0,0,0
азартный игрок,0,1,0,0,0,1,0,0,1,0
играть в азартные игры,0,1,0,0,0,1,0,0,1,0
игра,0,0,0,0,0,0,0,0,0,0
игры,0,0,0,0,0,0,0,0,0,0
окорок,0,0,0,0,0,0,0,0,0,0
гамма,0,0,0,0,0,0,0,0,0,0
гусак,0,0,0,0,0,0,0,0,0,0
банда,1,0,0,1,0,1,0,0,0,0
тюрьма,0,0,0,0,0,1,0,0,0,0
зазор,0,0,0,0,0,1,0,0,0,0
зевать,0,0,0,0,0,0,0,0,1,0
зияющий,0,0,0,0,0,0,0,0,0,0
гараж,0,0,0,0,0,0,0,0,0,0
одежда,0,0,0,0,0,0,0,0,0,0
мусор,0,0,1,0,0,1,0,0,0,0
искаженный,0,0,0,0,0,0,0,0,0,0
сад,0,0,0,0,1,0,1,0,0,0
садовник,0,0,0,0,0,0,0,0,0,0
садоводство,0,0,0,0,0,0,0,0,0,0
кричащий,0,0,1,0,0,1,0,0,1,0
чеснок,0,0,0,0,0,0,0,0,0,0
одежда,0,0,0,0,0,0,0,0,0,0
запас,0,0,0,0,0,0,0,0,0,0
гранат,0,0,0,0,0,0,1,0,0,0
гарнир,0,0,0,0,0,1,0,0,0,0
гарнизон,0,0,0,0,0,0,1,0,0,1
подвязка,0,0,0,0,0,0,0,0,0,0
газ,0,0,0,0,0,0,0,0,0,0
газообразный,0,0,0,0,0,0,0,0,0,0
рана,0,0,0,1,0,1,0,0,0,0
газификация,0,0,0,0,0,0,0,0,0,0
бензин,0,0,0,0,0,0,0,0,0,0
задыхаться,0,0,0,0,0,0,0,0,1,0
задыхаясь,0,0,0,1,0,1,0,0,0,0
желудочный,0,0,0,0,0,0,0,0,0,0
гастрономия,0,0,0,0,0,0,0,0,0,0
ворота,0,0,0,0,0,0,0,0,0,1
шлюз,0,0,0,0,0,0,0,0,0,1
собирать,0,0,0,0,0,0,0,0,0,0
собиратель,0,0,0,0,0,0,0,0,0,0
встреча,0,0,0,0,0,0,0,0,0,0
неуклюжий,0,0,0,0,0,1,0,0,0,0
измерять,0,0,0,0,0,0,0,0,0,0
измерение,0,0,0,0,0,0,0,0,0,1
изможденный,0,0,0,0,0,1,0,0,0,0
перчатка,0,0,0,0,0,0,0,0,0,0
марля,0,0,0,0,0,0,0,0,0,0
молоток,0,0,0,0,0,0,0,0,0,0
пялиться,0,0,0,0,0,0,0,0,1,0
посмотреть,0,0,0,0,0,0,0,0,0,0
беседка,0,0,0,0,0,0,0,0,0,0
газель,0,0,0,0,0,0,0,0,0,0
бюллетень,0,0,0,0,0,0,1,0,0,1
географический справочник,0,0,0,0,0,0,0,0,0,0
механизм,0,0,0,0,0,0,1,0,0,0
гель,0,0,0,0,0,0,0,0,0,0
желатин,0,0,1,0,0,0,0,0,0,0
кастрировать,0,0,0,0,0,0,0,0,0,0
мерин,0,0,0,0,0,0,0,0,0,0
драгоценный камень,0,0,0,0,1,0,1,0,0,0
Близнецы,0,0,0,0,0,0,0,0,0,0
Пол,0,0,0,0,0,0,0,0,0,0
генеалогия,0,0,0,0,0,0,0,0,0,0
Генеральная,0,0,0,0,0,0,1,0,0,1
общность,0,0,0,0,0,0,0,0,0,0
обобщение,0,0,0,0,0,0,0,0,0,0
в общем,0,0,0,0,0,0,0,0,0,0
генерировать,0,0,0,0,0,0,0,0,0,0
поколение,0,0,0,0,0,0,0,0,0,0
порождающий,0,0,0,0,0,0,0,0,0,0
генератор,0,0,0,0,0,0,0,0,0,0
общий,0,0,0,0,0,0,0,0,0,0
щедрость,0,1,0,0,1,0,1,0,1,1
щедрый,0,0,0,0,1,0,1,0,0,1
генезис,0,0,0,0,0,0,0,0,0,0
генетический,0,0,0,0,0,0,0,0,0,0
генетика,0,0,0,0,0,0,0,0,0,0
гениальный,0,0,0,0,1,0,1,0,0,0
половые органы,0,0,0,0,0,0,0,0,0,0
гений,0,0,0,0,0,0,1,0,0,0
жанр,0,0,0,0,0,0,0,0,0,0
джентльмен,1,0,1,1,0,1,0,0,0,0
благородный,0,0,0,0,0,0,1,0,0,0
джентльмен,0,0,0,0,0,0,1,0,0,1
мягкость,0,0,0,0,0,0,1,0,0,0
дворянство,0,0,0,0,0,0,1,0,0,1
подлинный,0,0,0,0,0,0,1,0,0,1
род,0,0,0,0,0,0,0,0,0,0
география,0,0,0,0,0,0,0,0,0,0
геология,0,0,0,0,0,0,0,0,0,0
геометрия,0,0,0,0,0,0,0,0,0,0
герань,0,0,0,0,0,0,1,0,0,0
гериатрический,0,0,0,0,0,1,0,1,0,0
росток,0,1,1,0,0,0,0,0,0,0
Немецкий,0,0,0,0,0,0,0,0,0,0
уместный,0,0,0,0,0,0,0,0,0,0
прорастать,0,0,0,0,0,0,0,0,0,0
прорастание,0,1,0,0,0,0,0,0,0,0
беременность,0,0,0,0,0,0,0,0,0,0
жест,0,0,0,0,0,0,0,0,0,0
ужасный,0,0,1,1,0,1,0,0,0,0
гетто,0,0,1,1,0,1,0,1,0,0
призрак,0,0,0,1,0,0,0,0,0,0
призрачный,0,0,0,1,0,1,0,0,0,0
гигант,0,0,0,1,0,0,0,0,0,0
тарабарщина,1,0,0,0,0,1,0,0,0,0
подарок,0,1,0,0,1,0,1,0,1,0
одаренный,0,0,0,0,0,0,1,0,0,0
концерт,0,0,0,0,0,0,0,0,0,0
гигантский,0,0,0,0,0,0,1,0,0,0
хихикать,0,0,0,0,1,0,1,0,0,0
жабра,0,0,0,0,0,0,0,0,0,0
жабры,0,0,0,0,0,0,0,0,0,0
золоченый,0,0,0,0,0,0,0,0,0,0
канитель,0,0,0,0,0,0,0,0,0,0
Джин,0,0,0,0,0,0,0,0,0,0
имбирь,0,0,0,0,0,0,0,0,0,0
имбирный пряник,0,0,0,0,0,0,0,0,0,0
осторожно,0,0,0,0,0,0,0,0,0,0
жирафа,0,0,0,0,0,0,0,0,0,0
балка,0,0,0,0,0,0,1,0,0,1
пояс,0,0,0,0,0,0,0,0,0,0
обхват,0,0,0,0,0,0,0,0,0,0
суть,0,0,0,0,0,0,0,0,0,0
давать,0,0,0,0,0,0,1,0,0,0
голый,0,0,0,0,0,0,0,0,0,0
ледниковый,0,0,0,0,0,1,0,0,0,0
ледник,0,0,0,0,0,0,0,0,0,0
радостный,0,1,0,0,1,0,1,0,0,0
поляна,0,0,0,0,0,0,0,0,0,0
гладиатор,0,0,0,1,0,0,0,0,0,0
радость,0,0,0,0,1,0,1,0,0,0
взглянуть мельком,0,0,0,0,0,0,0,0,0,0
яркий свет,1,0,0,1,0,1,0,0,0,0
вопиющий,1,0,0,0,0,1,0,0,0,0
стакан,0,0,0,0,0,0,0,0,0,0
очки,0,0,0,0,0,0,0,0,0,0
изделия из стекла,0,0,0,0,0,0,0,0,0,0
глазурь,0,0,0,0,0,0,0,0,0,0
блеск,0,0,0,0,0,0,0,0,0,0
собирать,0,0,0,0,0,0,0,0,0,0
ликование,0,0,0,0,1,0,1,0,0,0
долина,0,0,0,0,0,0,0,0,0,0
бойкий,0,0,0,0,0,1,0,0,0,0
скользить,0,1,0,0,1,0,1,0,0,0
мерцание,0,1,0,0,1,0,1,0,1,0
случайно заметить,0,0,0,0,0,0,0,0,0,0
блеск,0,0,0,0,0,0,0,0,0,0
блеск,0,0,1,0,1,0,0,0,0,0
сверкающий,0,0,0,0,0,0,1,0,0,0
глобус,0,0,0,0,0,0,0,0,0,0
шаровидный,0,0,0,0,0,0,0,0,0,0
мрак,0,0,0,0,0,1,0,1,0,0
хмурый,0,0,0,0,0,1,0,1,0,0
прославление,0,0,0,0,1,0,1,0,0,0
прославлять,0,1,0,0,1,0,1,0,1,1
слава,0,1,0,0,1,0,1,0,0,1
блеск,0,0,0,0,0,0,1,0,0,0
глоссарий,0,0,0,0,0,0,0,0,0,0
глянцевый,0,0,0,0,0,0,0,0,0,0
перчатка,0,0,0,0,0,0,0,0,0,0
светиться,0,1,0,0,1,0,1,0,0,1
светящийся,0,0,0,0,0,0,1,0,0,0
глюкоза,0,0,0,0,0,0,0,0,0,0
клей,0,0,0,0,0,0,0,0,0,0
мрачный,0,0,0,0,0,1,0,1,0,0
перенасыщение,0,0,1,0,0,1,0,0,0,0
глютен,0,0,0,0,0,0,0,0,0,0
обжорство,0,0,1,0,0,1,0,0,0,0
глицерин,0,0,0,0,0,0,0,0,0,0
комар,0,0,0,0,0,0,0,0,0,0
гном,1,0,1,1,0,1,0,0,0,0
козел,0,0,0,0,0,0,0,0,0,0
эспаньолка,0,0,0,0,0,0,0,0,0,0
глотать,0,0,1,0,0,0,0,0,0,0
сожрать,0,0,0,0,0,0,0,0,0,0
кубок,0,0,0,0,0,0,0,0,0,0
гоблин,0,0,1,1,0,1,0,0,0,0
Бог,0,1,0,1,1,0,1,0,0,1
богиня,0,0,0,0,0,0,0,0,0,0
крестный отец,0,0,0,0,0,0,0,0,0,0
безбожный,1,0,0,0,0,1,0,0,0,0
благочестивый,0,0,0,0,1,0,1,0,0,1
находка,0,0,0,0,1,0,1,0,1,0
защитные очки,0,0,0,0,0,0,0,0,0,0
очки защитные,0,0,0,0,0,0,0,0,0,0
золото,0,0,0,0,0,0,1,0,0,0
золотой,0,0,0,0,0,0,0,0,0,0
гольф,0,0,0,0,0,0,0,0,0,0
гондола,0,0,0,0,0,0,0,0,0,0
гонг,0,0,0,0,0,0,0,0,0,0
гонорея,1,0,1,1,0,1,0,1,0,0
идти,0,0,1,0,0,1,0,0,0,0
хороший,0,1,0,0,1,0,1,0,1,1
до свидания,0,0,0,0,0,0,0,0,0,0
хорошо,0,0,0,0,0,0,1,0,0,0
доброта,0,1,0,0,1,0,1,0,1,1
товары,0,0,0,0,0,0,1,0,0,0
доброжелательность,0,0,0,0,0,0,1,0,0,0
хороший,0,0,0,0,0,0,0,0,0,0
липкий,0,0,0,0,0,0,0,0,0,0
Гусь,0,0,0,0,0,0,0,0,0,0
суслик,0,0,0,0,0,0,0,0,0,0
кровь,1,0,1,1,0,1,0,1,0,0
ущелье,0,0,1,0,0,1,0,0,0,0
великолепный,0,0,0,0,1,0,1,0,0,0
горилла,0,0,0,0,0,1,0,0,0,0
кровавый,1,0,1,1,0,1,0,1,0,0
Евангелие,0,0,0,0,0,0,1,0,0,1
сплетни,0,0,0,0,0,1,0,0,0,0
выдолбить,0,0,0,0,0,1,0,0,0,0
гурман,0,0,0,0,0,0,0,0,0,0
подагра,0,0,0,0,0,1,0,0,0,0
управлять,0,0,0,0,0,0,1,0,0,1
гувернантка,0,0,0,0,0,0,0,0,0,1
управляющий,0,0,0,0,0,0,0,0,0,0
правительство,0,0,0,1,0,1,0,0,0,0
губернатор,0,0,0,0,0,0,0,0,0,1
платье,0,0,0,0,0,0,0,0,0,0
схватить,1,0,0,0,0,1,0,0,0,0
благодать,0,0,0,0,0,0,1,0,0,0
изящный,0,0,0,0,0,0,1,0,0,0
милостивый,0,0,0,0,0,0,1,0,0,0
милостиво,0,0,0,0,0,0,1,0,0,0
градация,0,0,0,0,0,0,0,0,0,0
оценка,0,0,0,0,0,0,0,0,0,0
грейдер,0,0,0,0,0,0,0,0,0,0
градиент,0,0,0,0,0,0,0,0,0,0
постепенный,0,1,0,0,0,0,0,0,0,0
постепенно,0,0,0,0,0,0,0,0,0,0
выпускной,0,1,0,1,1,0,1,0,1,1
зерно,0,0,0,0,0,0,0,0,0,0
грамм,0,0,0,0,0,0,0,0,0,0
грамматика,0,0,0,0,0,0,0,0,0,1
великий,0,0,0,0,0,0,0,0,0,0
внуки,0,1,0,0,1,0,1,0,0,1
великолепие,0,0,0,0,0,0,1,0,0,0
дедушка,0,0,0,0,0,0,0,0,0,1
грандиозный,0,0,0,0,0,0,0,0,0,0
бабушка,0,0,0,0,0,0,1,0,0,0
усадьба,0,0,0,0,0,0,0,0,0,0
гранит,0,0,0,0,0,0,0,0,0,0
грант,0,1,0,0,1,0,1,0,0,1
предоставленный,0,0,0,0,0,0,1,0,0,0
грантополучатель,0,0,0,0,0,0,0,0,0,0
"лицо, предоставляющее право",0,0,0,0,0,0,0,0,0,0
зернистый,0,0,0,0,0,0,0,0,0,0
гранула,0,0,0,0,0,0,0,0,0,0
виноград,0,0,0,0,0,0,0,0,0,0
графика,0,0,0,0,0,0,0,0,0,0
схватиться,0,0,0,0,0,0,0,0,0,0
понять,0,0,0,0,0,0,0,0,0,0
схватывание,0,1,0,0,0,1,0,0,0,0
трава,0,0,0,0,0,0,0,0,0,0
кузнечик,0,0,0,0,0,0,0,0,0,0
травянистый,0,0,0,0,0,0,0,0,0,0
решетка,0,0,0,0,0,1,0,0,0,0
тертый,1,0,0,0,0,1,0,0,0,0
благодарный,0,0,0,0,0,0,1,0,0,0
удовлетворять,0,0,0,0,1,0,1,0,1,0
решетка,1,0,1,0,0,1,0,0,0,0
бесплатно,0,0,0,0,0,0,0,0,0,0
благодарность,0,0,0,0,1,0,1,0,0,0
безвозмездный,0,0,1,0,0,0,0,0,0,0
наградные,0,0,0,0,0,0,0,0,0,0
могила,0,0,0,1,0,1,0,1,0,0
гравий,0,0,0,0,0,0,0,0,0,0
серьезнее,0,0,0,0,0,0,0,0,0,0
тяготеть,0,1,0,0,0,0,0,0,0,0
гравитация,0,0,0,0,0,0,0,0,0,0
сила тяжести,0,0,0,0,0,0,0,0,0,0
соус,0,0,0,0,0,0,0,0,0,0
серый,0,0,1,0,0,0,0,1,0,0
пастись,0,0,0,0,0,0,0,0,0,0
жир,0,0,0,0,0,0,0,0,0,0
жирный,0,0,1,0,0,0,0,0,0,0
больший,0,0,0,0,0,0,1,0,0,0
величайший,0,0,0,0,0,0,0,0,0,0
сильно,0,0,0,0,0,0,0,0,0,0
величие,0,0,0,0,1,0,1,0,1,1
жадность,1,0,1,0,0,1,0,0,0,0
жадный,0,0,1,0,0,1,0,0,0,0
зеленый,0,0,0,0,1,0,1,0,0,1
теплица,0,0,0,0,0,0,0,0,0,0
зеленоватый,0,0,0,0,0,0,0,0,0,0
зеленый лес,0,0,0,0,0,0,0,0,0,0
приветствовать,0,0,0,0,0,0,0,0,0,0
приветствие,0,0,0,0,0,0,1,0,1,0
общительный,0,0,0,0,0,0,1,0,0,0
граната,0,0,0,1,0,1,0,0,0,0
серый,0,0,0,0,0,0,0,0,0,0
борзая,0,0,0,0,0,0,0,0,0,0
решетка,0,0,0,0,0,0,0,0,0,0
горе,0,0,0,0,0,1,0,1,0,0
обида,1,0,1,0,0,1,0,1,0,0
горевать,0,0,0,1,0,1,0,1,0,0
тяжкий,1,0,0,1,0,1,0,1,0,0
грифон,0,0,0,0,0,0,0,0,0,0
гриль,0,0,0,0,0,0,0,0,0,0
решетка,0,0,0,0,0,0,0,0,0,0
мрачный,1,1,1,1,0,1,0,1,0,0
грязь,0,0,1,0,0,1,0,0,0,0
грязный,0,0,1,0,0,1,0,0,0,0
ухмылка,0,1,0,0,1,0,1,0,1,1
молоть,0,0,0,0,0,0,0,0,0,0
мясорубка,0,0,0,0,0,0,0,0,0,0
шлифовка,0,0,0,0,0,1,0,0,0,0
схватить,0,0,0,0,0,0,0,0,0,0
ужасный,0,0,1,1,0,1,0,0,0,0
засыпь,0,0,0,0,0,0,1,0,0,0
песок,0,0,0,0,0,0,1,0,0,1
песчаный,0,0,0,0,0,0,0,0,0,0
гризли,0,0,0,1,0,1,0,0,0,0
стон,0,0,1,0,0,1,0,1,0,0
бакалейщик,0,0,0,0,0,0,0,0,0,0
продукты,0,0,0,0,0,0,0,0,0,0
бакалея,0,0,0,0,0,0,0,0,0,0
сонный,0,0,0,0,0,0,0,0,0,0
пах,0,0,0,0,0,0,0,0,0,0
жених,0,0,0,0,0,0,0,0,0,0
канавка,0,0,0,0,0,0,0,0,0,0
нащупывать,1,0,1,1,0,1,0,0,0,0
валовой,0,0,1,0,0,1,0,0,0,0
гротеск,0,0,1,0,0,1,0,0,0,0
грот,0,0,0,0,0,0,0,0,0,0
земля,0,0,0,0,0,0,0,0,0,1
заземленный,0,0,0,1,0,1,0,1,0,0
необоснованный,0,0,0,0,0,1,0,0,0,0
основания,0,0,0,0,0,0,0,0,0,0
фундамент,0,0,0,0,0,0,1,0,0,0
группа,0,0,0,0,0,0,0,0,0,0
группировка,0,0,0,0,0,0,0,0,0,0
тетерев,0,0,0,0,0,0,0,0,0,0
раствор,0,0,0,0,0,0,0,0,0,0
роща,0,0,0,0,0,0,0,0,0,0
расти,0,1,0,0,1,0,1,0,0,1
рычать,1,0,0,1,0,1,0,0,0,0
рычание,1,0,1,1,0,1,0,0,0,0
рост,0,0,0,0,0,0,1,0,0,0
личинка,0,0,0,0,0,0,0,0,0,0
обида,1,0,0,0,0,1,0,0,0,0
неохотно,0,0,0,0,0,1,0,0,0,0
ужасный,0,0,1,0,0,1,0,0,0,0
грубый,1,0,1,0,0,1,0,0,0,0
ворчать,1,0,1,0,0,1,0,0,0,0
сердитый,1,0,1,0,0,1,0,1,0,0
ворчание,0,0,0,0,0,0,0,0,0,0
гарантия,0,0,0,0,0,0,1,0,0,1
гарантия,0,0,0,0,0,0,0,0,0,0
сторожить,0,0,0,1,0,0,1,0,0,1
охраняемый,0,0,0,0,0,0,0,0,0,1
опекун,0,0,0,0,0,0,1,0,0,1
опекунство,0,0,0,0,0,0,1,0,0,1
охранники,0,0,0,0,0,0,0,0,0,0
губернаторский,0,0,0,0,0,0,1,0,0,1
партизан,0,0,0,1,0,1,0,0,0,0
предполагать,0,0,0,0,0,0,0,0,1,0
догадки,0,0,0,0,0,0,0,0,0,0
гость,0,0,0,0,0,0,0,0,0,0
руководство,0,0,0,0,0,0,1,0,0,1
руководство,0,0,0,0,0,0,1,0,0,1
путеводитель,0,0,0,0,0,0,1,0,0,1
гильдия,0,0,0,0,0,0,0,0,0,0
хитрость,0,0,0,0,0,1,0,0,0,0
гильотина,1,1,1,1,0,1,0,1,0,0
чувство вины,0,0,1,0,0,1,0,1,0,0
виновный,1,0,0,0,0,1,0,1,0,0
Гвинея,0,0,0,0,0,0,0,0,0,0
обличье,0,0,0,0,0,1,0,0,0,0
гитара,0,0,0,0,0,0,0,0,0,0
красный,0,0,0,0,0,0,0,0,0,0
залив,0,0,0,0,0,0,0,0,0,0
чайка,0,0,0,0,0,1,0,0,0,0
доверчивый,0,0,0,0,0,1,0,1,0,1
овраг,0,0,0,0,0,0,0,0,0,0
глоток,0,0,0,1,0,0,0,0,1,0
камедь,0,0,0,0,0,0,0,0,0,0
липкий,0,0,0,0,0,0,0,0,0,0
пистолет,1,0,0,1,0,1,0,0,0,0
стрелок,0,0,0,0,0,0,0,0,0,0
порох,0,0,0,1,0,0,0,0,0,0
гуру,0,0,0,0,0,0,1,0,0,1
фонтанировать,0,0,1,0,1,1,0,0,0,0
ластовица,0,0,0,0,0,0,0,0,0,1
порыв ветра,0,0,0,0,0,0,0,0,0,0
порывистый,0,0,0,0,0,0,0,0,0,0
кишки,0,0,1,0,0,0,0,0,0,0
кишки,0,0,0,0,0,0,1,0,0,0
желоб,0,0,1,0,0,0,0,0,0,0
парень,0,0,0,0,0,0,0,0,0,0
жрет,0,0,0,0,0,1,0,0,0,0
спортзал,0,0,0,0,0,0,0,0,0,0
гимнастка,0,0,0,0,0,0,1,0,0,0
гимнастический,0,0,0,0,0,0,0,0,0,0
гимнастика,0,0,0,0,0,0,0,0,0,0
гинекология,0,0,0,0,0,0,0,0,0,0
цыган,0,0,0,0,0,1,0,0,0,0
гироскоп,0,0,0,0,0,0,0,0,0,0
привычка,0,0,0,0,0,0,0,0,0,0
среда обитания,0,0,0,0,0,0,1,0,0,0
жилье,0,0,0,0,0,0,0,0,0,0
привычный,0,1,0,0,0,0,0,0,0,0
обычно,0,0,0,0,0,0,0,0,0,0
гасиенда,0,0,0,0,0,0,0,0,0,0
ведьма,0,0,1,1,0,1,0,0,0,0
изможденный,0,0,0,0,0,1,0,1,0,0
торговаться,0,0,0,0,0,0,0,0,0,0
град,0,0,0,0,0,1,1,0,0,1
волосы,0,0,0,0,0,0,0,0,0,0
волосатый,0,0,1,0,0,1,0,0,0,0
здоровый,0,0,0,0,0,0,1,0,0,0
половина,0,0,0,0,0,0,0,0,0,0
наполовину,0,0,0,0,0,1,0,0,0,0
зал,0,0,0,0,0,0,0,0,0,0
освященный,0,0,0,0,0,0,0,0,0,0
галлюцинация,0,0,0,1,0,1,0,0,0,0
гало,0,0,0,0,0,0,0,0,0,0
останавливаться,0,0,0,0,0,0,0,0,0,0
недоуздок,1,0,0,1,0,1,0,1,0,0
останавливающийся,0,0,0,1,0,1,0,1,0,0
пополам,0,0,0,0,0,0,0,0,0,0
деление пополам,0,0,0,0,0,0,0,0,0,0
ветчина,0,0,0,0,0,0,0,0,0,0
Гамлет,0,0,0,0,0,0,0,0,0,0
молоток,0,0,0,0,0,0,0,0,0,0
молоток,0,0,0,0,0,0,0,0,0,0
гамак,0,0,0,0,0,0,0,0,0,0
препятствовать,0,0,0,0,0,1,0,0,0,0
подколенное сухожилие,1,0,0,0,0,1,0,1,0,0
рука,0,0,0,0,0,0,0,0,0,0
справочник,0,0,0,0,0,0,0,0,0,1
горсть,0,0,0,0,0,0,0,0,0,0
инвалидность,0,0,0,0,0,1,0,1,0,0
ремесло,0,0,0,0,0,0,0,0,0,0
ручная работа,0,0,0,0,0,0,0,0,0,0
носовой платок,0,0,0,0,0,0,0,0,0,0
справиться,0,0,0,0,0,0,0,0,0,0
красивый,0,0,0,0,0,0,0,0,0,0
почерк,0,0,0,0,0,0,0,0,0,0
удобный,0,0,0,0,0,0,1,0,0,0
вешать,0,0,0,0,0,0,0,0,0,0
ангар,0,0,0,0,0,0,0,0,0,0
висит,1,0,1,1,0,1,0,1,0,0
палач,0,0,0,1,0,1,0,0,0,0
тусоваться,0,0,0,0,0,0,0,0,0,0
моток,0,0,0,0,0,0,0,0,0,0
жаждущий,0,1,0,0,0,0,0,0,0,0
случиться,0,1,0,0,0,0,0,0,1,0
случайный,0,0,0,0,0,0,0,0,0,0
случаться,0,1,0,0,0,0,0,0,0,0
происходит,0,0,0,0,0,0,0,0,0,0
счастливо,0,0,0,0,1,0,1,0,0,0
счастье,0,1,0,0,1,0,1,0,0,0
счастливый,0,1,0,0,1,0,1,0,0,1
беспокоить,1,0,1,0,0,1,0,0,0,0
беспокоящий,1,0,0,0,0,0,0,0,0,0
предвестник,1,1,0,1,0,1,0,0,0,0
гавань,0,0,0,0,0,0,0,0,0,1
затвердевать,0,0,0,0,0,0,0,0,0,0
закаленный,1,0,1,1,0,1,0,0,0,0
закалка,0,0,0,0,0,0,0,0,0,0
твердость,0,0,0,0,0,1,0,0,0,0
трудности,0,0,0,0,0,1,0,1,0,0
аппаратное обеспечение,0,0,0,0,0,0,0,0,0,0
выносливый,0,0,0,0,1,0,1,0,0,1
заяц,0,0,0,0,0,0,0,0,0,0
гарем,0,0,0,0,0,0,0,0,0,0
блудница,0,0,1,0,0,1,0,0,0,0
вред,0,0,0,1,0,1,0,0,0,0
вредный,1,0,1,1,0,1,0,1,0,0
гармоника,0,0,0,0,0,0,0,0,0,0
гармоники,0,0,0,0,0,0,0,0,0,0
гармонично,0,0,0,0,1,0,1,0,0,1
гармонизировать,0,0,0,0,0,0,0,0,0,0
гармония,0,0,0,0,1,0,1,0,0,1
упряжь,0,0,0,0,0,0,0,0,0,0
арфист,0,0,0,0,0,0,0,0,0,0
клавесин,0,0,0,0,0,0,0,0,0,0
мучительный,0,0,0,1,0,1,0,0,0,0
Гарри,1,0,0,0,0,1,0,1,0,0
грубость,1,0,0,1,0,1,0,0,0,0
сердце,0,0,0,0,0,0,0,0,0,0
урожай,0,1,0,0,1,0,1,0,0,0
хэш,0,0,0,0,0,1,0,0,0,0
гашиш,0,0,0,0,0,1,0,0,0,0
поспешность,0,1,0,0,0,0,0,0,0,0
спешить,0,0,0,0,0,0,0,0,0,0
поспешно,0,0,0,0,0,0,0,0,0,0
поспешный,0,0,0,0,0,1,0,0,0,0
шляпа,0,0,0,0,0,0,0,0,0,0
люк,0,0,0,0,0,0,0,0,0,0
топорик,0,0,0,0,0,0,0,0,0,0
ненавидеть,1,0,1,1,0,1,0,1,0,0
ненавистный,1,0,1,1,0,1,0,1,0,0
ненавидящий,1,0,0,0,0,1,0,0,0,0
ненависть,1,0,1,1,0,1,0,1,0,0
надменный,1,0,0,0,0,1,0,0,0,0
таскать,0,0,0,0,0,0,0,0,0,0
буксировка,0,0,0,0,0,0,0,0,0,0
преследовать,0,0,0,1,0,1,0,0,0,0
преследуемый,0,0,0,1,0,1,0,1,0,0
гавань,0,0,0,0,0,0,1,0,0,1
хаос,1,0,0,1,0,1,0,0,0,0
ха,0,0,0,0,0,0,0,0,0,0
ястреб,0,0,0,1,0,0,0,0,0,0
хокинг,0,0,0,0,0,0,0,0,0,0
опасность,0,0,0,1,0,1,0,0,0,0
опасный,0,0,0,1,0,1,0,0,0,0
туман,0,0,0,1,0,1,0,0,0,0
туманный,0,0,0,0,0,0,0,0,0,0
глава,0,0,0,0,0,0,0,0,0,0
Головная боль,0,0,0,0,0,1,0,0,0,0
головной убор,0,0,0,0,0,0,0,0,0,0
заголовок,0,0,0,0,0,0,0,0,0,0
головной убор,0,0,0,0,0,0,0,0,0,0
заголовок,0,0,0,0,0,0,0,0,0,0
мыс,0,0,0,0,0,0,0,0,0,0
фара,0,1,0,0,0,0,0,0,0,0
Заголовок,0,0,0,0,0,0,0,0,0,0
стремительный,0,0,0,0,0,0,0,0,0,0
главное управление,0,0,0,0,0,0,0,0,0,0
надгробие,0,0,0,0,0,0,0,0,0,0
прогресс,0,0,0,0,0,0,1,0,0,0
пьянящий,0,0,0,0,0,1,0,0,0,0
лечить,0,0,0,0,1,0,1,0,0,1
выздоровление,0,1,0,0,1,0,1,0,0,1
здоровье,0,0,0,0,0,0,0,0,0,0
здоровый,0,0,0,0,1,0,1,0,0,0
здоровый,0,0,0,0,0,0,1,0,0,0
куча,0,0,0,0,0,0,0,0,0,0
слышать,0,0,0,0,0,0,0,0,0,0
слушатель,0,0,0,0,0,0,0,0,0,0
слух,0,0,0,1,0,1,0,0,0,0
слухи,0,0,0,0,0,1,0,0,0,0
катафалк,0,0,0,1,0,1,0,1,0,0
сердце,0,0,0,0,0,0,0,0,0,0
сердечная боль,0,0,0,0,0,1,0,1,0,0
изжога,0,0,0,0,0,1,0,0,0,0
искренний,0,0,0,0,1,0,1,1,0,1
очаг,0,0,0,0,0,0,1,0,0,0
от всей души,0,0,0,0,1,0,1,0,0,0
бессердечный,0,0,0,0,0,1,0,1,0,0
сердца,0,0,0,0,0,0,0,0,0,0
сердечный червь,0,0,1,0,0,0,0,0,0,0
нагревать,0,0,0,0,0,0,0,0,0,0
с подогревом,0,0,0,0,0,0,0,0,0,0
обогреватель,0,0,0,0,0,0,0,0,0,0
пустошь,0,0,0,0,0,0,0,0,0,0
язычник,0,0,0,1,0,1,0,0,0,0
вереск,0,0,0,0,0,0,0,0,0,0
обогрев,0,0,0,0,0,0,0,0,0,0
вздымать,0,0,0,0,0,0,0,0,0,0
небесный,0,1,0,0,1,0,1,0,0,1
небеса,0,0,0,0,1,0,1,0,0,1
сильно,0,0,0,0,0,1,0,0,0,0
тяжесть,0,0,0,0,0,0,0,0,0,0
вздымающийся,0,0,0,0,0,0,0,0,0,0
гектаров,0,0,0,0,0,0,0,0,0,0
суматошный,0,0,0,0,0,0,0,0,0,0
живая изгородь,0,0,0,0,0,0,0,0,0,0
еж,0,0,0,0,0,0,0,0,0,0
гедонизм,0,0,0,0,1,1,1,0,0,0
прислушиваться,0,0,0,0,0,0,0,0,0,0
каблук,0,0,0,0,0,1,0,0,0,0
каблуки,0,0,0,0,0,0,0,0,0,0
вес,0,1,0,1,0,0,1,0,0,0
гегемонистский,0,0,0,0,0,0,0,0,0,0
телка,0,0,0,0,0,0,0,0,0,0
высота,0,0,0,0,0,0,0,0,0,0
усиливать,0,0,0,1,0,1,0,0,0,0
отвратительный,0,0,0,0,0,1,0,0,0,0
наследник,0,0,0,0,0,0,0,0,0,0
наследница,0,0,0,0,0,0,0,0,0,0
семейная реликвия,0,0,0,0,0,0,0,0,0,0
наследники,0,0,0,0,0,0,0,0,0,0
спиральный,0,0,0,0,0,0,0,0,0,0
спираль,0,0,0,0,0,0,0,0,0,0
ад,1,0,1,1,0,1,0,1,0,0
адский,1,0,1,1,0,1,0,1,0,0
шлем,0,0,0,0,0,0,0,0,0,0
шлем,0,0,0,1,0,0,1,0,0,0
помощник,0,0,0,0,0,0,1,0,0,1
полезный,0,0,0,0,1,0,1,0,0,1
беспомощный,0,0,0,1,0,1,0,1,0,0
беспомощность,0,0,0,1,0,1,0,1,0,0
подшивать,0,0,0,0,0,0,0,0,0,0
гематит,0,0,0,0,0,0,0,0,0,0
геми,0,0,0,0,0,0,0,0,0,0
полушарие,0,0,0,0,0,0,0,0,0,0
полушарие,0,0,0,0,0,0,0,0,0,0
болиголов,0,0,0,0,0,0,0,0,0,0
кровотечение,0,0,1,1,0,1,0,1,0,0
геморрой,0,0,0,0,0,1,0,0,0,0
конопля,0,0,0,0,0,0,0,0,0,0
курица,0,0,0,0,0,0,0,0,0,0
отныне,0,0,0,0,0,0,0,0,0,0
вестник,0,0,0,0,0,0,0,0,0,0
геральдика,0,0,0,0,0,0,0,0,0,0
трава,0,0,0,0,0,0,0,0,0,0
травянистый,0,0,0,0,0,0,0,0,0,0
травяной,0,0,0,0,0,0,1,0,0,0
гербарий,0,0,0,0,0,0,0,0,0,0
стадо,0,0,0,0,0,0,0,0,0,0
наследственный,0,0,0,0,0,0,0,0,0,0
наследственность,0,0,0,0,0,0,0,0,0,0
ересь,0,0,0,0,0,1,0,0,0,0
еретик,0,0,1,0,0,1,0,0,0,0
еретический,0,0,0,0,0,0,0,0,0,0
прежде,0,0,0,0,0,0,0,0,0,0
к этому,0,0,0,0,0,0,0,0,0,0
при этом,0,0,0,0,0,0,0,0,0,0
наследство,0,0,0,0,0,0,0,0,0,1
гермафродит,0,0,0,0,0,1,0,0,1,0
герменевтика,0,0,0,0,0,0,0,0,0,0
отшельник,0,0,0,0,0,0,0,1,0,1
грыжа,0,0,0,0,0,0,0,0,0,0
герой,0,1,0,0,1,0,1,0,1,1
героический,0,0,0,0,1,0,1,0,1,1
героика,0,0,0,0,0,0,1,0,0,0
героин,0,0,0,0,0,1,0,0,0,0
героиня,0,0,0,0,0,0,1,0,0,1
героизм,0,1,0,0,1,0,1,0,1,1
герпес,0,0,1,0,0,1,0,0,0,0
вирус герпеса,0,0,1,0,0,1,0,0,0,0
колеблющийся,0,0,0,0,0,0,0,0,0,0
колебание,0,0,0,1,0,1,0,0,0,0
неоднородность,0,0,0,0,0,0,0,0,0,0
рубить,0,0,0,0,0,0,0,0,0,0
шестиугольник,0,0,0,0,0,0,0,0,0,0
расцвет,0,1,0,0,1,0,1,0,0,1
перерыв,0,0,0,0,0,0,0,0,0,0
впадать в спячку,0,0,0,0,0,0,0,0,0,0
бездействие,0,0,0,0,0,0,0,0,0,0
икота,0,0,0,0,0,0,0,0,0,0
скрытый,0,0,0,0,0,1,0,0,0,0
Спрятать,0,0,0,1,0,0,0,0,0,0
отвратительный,0,0,1,1,0,1,0,1,0,0
прячется,0,0,0,1,0,0,0,0,0,0
иерархический,0,0,0,0,0,0,0,0,0,0
высокая,0,0,0,0,0,0,0,0,0,0
выше,0,0,0,0,0,0,0,0,0,0
наибольший,0,1,0,1,1,1,1,0,1,0
Хайленд,0,0,0,0,0,0,0,0,0,0
горная местность,0,0,0,0,0,0,0,0,0,0
высота,0,0,0,0,0,0,0,0,0,0
шоссе,0,0,0,0,0,0,0,0,0,0
путешественник,0,0,0,0,0,0,0,0,0,0
веселый,0,0,0,0,1,0,1,0,1,0
веселье,0,0,0,0,1,0,1,0,0,0
холм,0,0,0,0,0,0,0,0,0,0
холмистый,0,0,0,0,0,0,0,0,0,0
рукоять,0,0,0,0,0,0,0,0,0,0
задний,0,0,0,0,0,0,0,0,0,0
препятствующий,0,0,0,0,0,1,0,1,0,0
помеха,0,0,0,0,0,1,0,0,0,0
петля,0,0,0,0,0,0,0,0,0,0
намекать,0,0,0,0,0,0,0,0,0,0
внутренние районы,0,0,0,0,0,0,0,0,0,0
бедро,0,0,0,0,0,0,0,0,0,0
хиппи,0,0,0,0,0,1,0,0,0,0
прокат,0,1,0,0,1,0,1,0,0,1
волосатый,0,0,0,0,0,0,0,0,0,0
шипение,1,0,0,1,0,1,0,0,0,0
шипение,0,0,0,0,0,1,0,0,0,0
гистология,0,0,0,0,0,0,0,0,0,0
историк,0,0,0,0,0,0,0,0,0,0
исторический,0,0,0,0,0,0,0,0,0,0
историография,0,0,0,0,0,0,0,0,0,0
история,0,0,0,0,0,0,0,0,0,0
хит,1,0,0,0,0,1,0,0,0,0
до сих пор,0,0,0,0,0,1,0,0,0,0
улей,0,0,0,0,0,1,0,0,0,0
копить,0,0,0,0,0,0,0,0,0,0
хриплый,0,0,0,0,0,1,0,0,0,0
седой,0,0,0,0,0,1,0,1,0,0
розыгрыш,1,0,1,0,0,1,0,1,1,0
плита,0,0,0,0,0,0,0,0,0,0
хобби,0,0,0,0,1,0,1,0,0,0
бродяга,0,0,0,0,0,1,0,1,0,0
хоккей,0,0,0,0,0,0,0,0,0,0
мотыга,0,0,0,0,0,0,0,0,0,0
свинья,0,0,1,0,0,1,0,0,0,0
подъемник,0,0,0,0,0,0,0,0,0,0
держать,0,0,0,0,0,0,0,0,0,0
держатель,0,0,0,0,0,0,0,0,0,0
держа,0,0,0,0,0,0,0,0,0,0
отверстие,0,0,0,0,0,0,0,0,0,0
праздничный день,0,1,0,0,1,0,1,0,0,0
святость,0,1,0,1,1,0,1,0,1,1
пустой,0,0,0,0,0,1,0,1,0,0
холокост,1,0,1,1,0,1,0,1,0,0
святой,0,0,0,0,0,0,1,0,0,0
дань уважения,0,0,0,0,0,0,1,0,0,0
бездомный,1,1,1,1,0,1,0,1,0,0
гомеопатический,0,0,0,0,0,0,0,0,0,0
гомеопатия,0,0,0,0,0,0,0,0,0,0
тоска по дому,0,0,0,0,0,1,0,1,0,0
усадьба,0,0,0,0,0,0,0,0,0,0
домашнее задание,0,0,0,1,0,0,0,0,0,0
убийственный,1,0,0,1,0,1,0,0,0,0
убийство,1,0,1,1,0,1,0,1,0,0
проповедь,0,0,0,0,0,0,0,0,0,0
однородность,0,0,0,0,0,0,0,0,0,0
однородный,0,0,0,0,0,0,0,0,0,0
гомологичный,0,0,0,0,0,0,0,0,0,0
гомолог,0,0,0,0,0,0,0,0,0,0
гомология,0,0,0,0,0,0,1,0,0,0
оттачивать,0,0,0,0,0,0,0,0,0,0
честный,1,0,1,1,1,0,1,1,0,1
честность,0,0,0,0,0,0,1,0,0,1
медовый,0,0,0,0,0,0,1,0,0,0
соты,0,0,0,0,0,0,0,0,0,0
Медовый месяц,0,1,0,0,1,0,1,0,1,1
жимолость,0,0,0,0,0,0,0,0,0,0
честь,0,0,0,0,0,0,1,0,0,1
почетный,0,0,0,0,0,0,1,0,0,1
гонорар,0,0,0,0,0,0,0,0,0,0
капот,1,0,1,1,0,1,0,0,0,0
с капюшоном,0,0,0,1,0,0,0,0,0,0
копыто,0,0,0,0,0,0,0,0,0,0
крюк,0,0,0,0,0,0,0,0,0,0
на крючке,0,0,0,0,0,1,0,0,0,0
проститутка,0,0,0,0,0,0,0,0,0,0
обруч,0,0,0,0,0,0,0,0,0,0
улюлюкать,1,0,1,0,0,1,0,0,0,0
прыгать,0,0,0,0,0,0,0,0,0,0
надеяться,0,1,0,0,1,0,1,0,1,1
обнадеживающий,0,1,0,0,1,0,1,0,1,1
безнадежный,0,0,0,1,0,1,0,1,0,0
безнадежность,1,0,1,1,0,1,0,1,0,0
надежды,0,0,0,0,0,0,0,0,0,0
надеясь,0,0,0,0,0,0,0,0,0,0
бункер,0,0,0,0,0,0,0,0,0,0
орда,0,0,0,0,0,1,0,0,1,0
горизонт,0,1,0,0,0,0,1,0,0,0
горизонтальный,0,0,0,0,0,0,0,0,0,0
по горизонтали,0,0,0,0,0,0,0,0,0,0
рог,0,0,0,0,0,0,0,0,0,0
шершень,0,0,0,0,0,0,0,0,0,0
роговой,0,0,0,0,0,0,0,0,0,0
Гороскоп,0,1,0,0,0,0,0,0,0,0
какой ужас,1,0,1,1,0,1,0,0,0,0
ужасно,0,0,0,0,0,1,0,0,0,0
ужасный,1,0,1,1,0,1,0,1,0,0
ужасный,1,0,1,1,0,1,0,1,0,0
ужас,0,0,0,1,0,1,0,0,0,0
ужасающий,0,0,1,1,0,1,0,1,0,0
ужастик,1,0,1,1,0,1,0,1,1,0
ужасы,0,0,0,1,0,1,0,1,0,0
лошадь,0,0,0,0,0,0,0,0,0,1
всадник,0,0,0,0,0,0,0,0,0,0
подкова,0,0,0,0,0,0,0,0,0,0
садоводческий,0,0,0,0,0,0,0,0,0,0
садоводство,0,0,0,0,0,0,0,0,0,0
шланг,0,0,0,0,0,0,0,0,0,0
трикотаж,0,0,0,0,0,0,0,0,0,0
хоспис,0,0,0,0,0,0,0,1,0,0
больница,0,0,0,1,0,0,0,1,0,1
гостеприимство,0,0,0,0,0,0,1,0,0,0
заложник,1,0,0,1,0,1,0,0,0,0
общежитие,0,0,0,0,0,0,0,0,0,0
враждебный,1,0,1,1,0,1,0,0,0,0
боевые действия,1,0,0,1,0,1,0,0,0,0
враждебность,1,0,1,0,0,1,0,0,0,0
горячий,1,0,0,0,0,0,0,0,0,0
очаг,0,0,0,0,0,0,0,0,0,0
отель,0,0,0,0,0,0,0,0,0,0
час,0,0,0,0,0,0,0,0,0,0
песочные часы,0,0,0,0,0,0,0,0,0,0
ежечасно,0,0,0,0,0,0,0,0,0,0
дом,0,0,0,0,0,0,0,0,0,0
семья,0,0,0,0,0,0,1,0,0,0
домовладелец,0,0,0,0,0,0,0,0,0,0
экономка,0,0,0,0,0,0,0,0,0,0
домашнее хозяйство,0,0,0,0,0,0,1,0,0,0
домохозяйка,0,0,0,0,0,0,0,0,0,0
Корпус,0,0,0,0,0,0,0,0,0,0
судно на воздушной подушке,0,0,0,0,0,0,0,0,0,0
вой,1,0,1,1,0,1,0,1,1,0
однако,0,0,0,0,0,0,0,0,0,0
эй,0,0,0,0,0,0,0,0,0,0
центр,0,0,0,0,0,0,0,0,0,0
сбиться в кучу,0,0,0,0,0,0,0,0,0,0
оттенок,0,0,0,0,0,0,0,0,0,0
пыхтение,1,0,1,0,0,1,0,0,0,0
обнимать,0,0,0,0,1,0,1,0,0,1
огромный,0,0,0,0,0,0,0,0,0,0
Халк,0,0,1,0,0,0,0,0,0,0
корпус,0,0,0,0,0,0,0,0,0,0
гул,0,0,0,0,0,0,0,0,0,0
человек,0,0,0,0,0,0,0,0,0,0
гуманный,0,0,0,0,0,0,1,0,0,0
гуманитарный,0,1,0,0,1,0,1,0,1,1
гуманитарные науки,0,0,0,0,0,0,0,0,0,0
человечество,0,0,0,0,1,0,1,0,0,1
скромный,0,0,1,0,0,1,1,1,0,0
смиренный,0,0,0,0,0,0,1,1,0,0
смиренно,0,0,0,0,0,0,1,0,0,0
обман,1,0,1,0,0,1,0,1,0,0
влажный,0,0,0,0,0,0,0,0,0,0
влажность,0,0,0,0,0,0,0,0,0,0
унижать,1,0,0,0,0,1,0,1,0,0
унизительный,0,0,1,0,0,1,0,0,0,0
унижение,0,0,1,0,0,1,0,1,0,0
смирение,0,0,0,0,0,0,1,0,0,1
Хаммер,0,0,0,0,0,0,0,0,0,0
колибри,0,0,0,0,0,0,0,0,0,0
огромный,0,0,0,0,0,0,0,0,0,0
юморист,0,0,0,0,0,0,1,0,0,0
юмористический,0,0,0,0,1,0,1,0,0,0
горб,0,0,0,0,0,0,0,0,0,0
догадка,0,0,0,0,0,1,0,0,0,0
сто,0,0,0,0,0,0,0,0,0,0
сотый,0,0,0,0,0,0,0,0,0,0
голод,0,0,0,0,0,0,0,0,0,0
голодный,0,1,0,0,0,1,0,0,0,0
красавчик,0,0,0,0,0,0,0,0,0,0
скряга,0,0,0,0,0,0,0,0,0,0
охотиться,0,0,0,0,0,0,0,0,0,0
охотник,0,1,0,1,0,1,0,1,0,0
охота,1,1,0,1,0,1,0,0,0,0
швырять,0,0,0,0,0,0,0,0,0,0
Ура,0,0,0,0,1,0,1,0,0,0
ураган,0,0,0,1,0,1,0,0,0,0
торопился,0,1,0,0,0,1,0,0,0,0
торопиться,0,1,0,0,0,0,0,0,0,0
повредить,1,0,0,1,0,1,0,1,0,0
обидный,1,0,1,1,0,1,0,1,0,0
больно,1,0,0,1,0,1,0,1,0,0
земледелие,0,0,0,0,0,0,1,0,0,1
тише,0,0,0,0,0,0,1,0,0,0
тихий,0,0,0,0,0,0,0,0,0,0
шелуха,0,0,0,0,0,0,0,0,0,0
хаски,0,0,0,0,0,0,0,0,0,0
суетиться,0,0,0,0,0,0,0,0,0,0
мошенник,0,0,0,0,0,1,0,0,0,0
хижина,0,0,0,0,0,0,1,1,0,0
клетка,0,0,0,0,0,0,0,0,0,0
гиацинт,0,0,0,0,0,0,0,0,0,0
гибридный,0,0,0,0,0,0,0,0,0,0
гидра,0,0,0,1,0,1,0,0,0,0
гидравлика,0,0,0,0,0,0,0,0,0,0
гидроцефалия,0,0,1,1,0,1,0,1,0,0
гидродинамика,0,0,0,0,0,0,0,0,0,0
водород,0,0,0,0,0,0,0,0,0,0
гидрографический,0,0,0,0,0,0,0,0,0,0
гидрология,0,0,0,0,0,0,0,0,0,0
гигиена,0,0,0,0,0,0,0,0,0,0
гигиеничный,0,0,0,0,0,0,1,0,0,0
гимн,0,1,0,0,1,0,1,1,0,1
шумиха,0,1,0,0,0,1,0,0,0,0
гипербола,0,0,0,0,0,1,0,0,0,0
гипертрофия,0,0,1,1,0,0,0,0,1,0
дефис,0,0,0,0,0,0,0,0,0,0
гипнотический,0,0,0,0,0,0,0,0,0,0
загипнотизированный,0,0,0,0,0,0,0,0,0,0
лицемерие,0,0,0,0,0,1,0,0,0,0
лицемер,0,0,1,0,0,1,0,0,0,0
лицемерный,0,0,1,0,0,1,0,0,0,0
гипотеза,0,1,0,0,0,0,0,0,1,0
гипотетический,0,0,0,0,0,0,0,0,0,0
истерия,0,0,0,1,0,1,0,0,0,0
истеричный,1,0,0,1,0,1,0,0,0,0
лед,0,0,0,0,0,0,0,0,0,0
айсберг,0,0,0,0,0,0,0,0,0,0
значок,0,0,0,0,0,0,0,0,0,0
культовый,0,0,0,0,0,0,0,0,0,0
иконография,0,0,0,0,0,0,0,0,0,0
ледяной,0,0,0,0,0,0,0,0,0,0
идея,0,0,0,0,0,0,0,0,0,0
идеализм,0,0,0,0,0,0,1,0,0,0
идеалист,0,0,0,0,0,0,0,0,0,0
идентичный,0,0,0,0,0,0,0,0,0,0
тождественно,0,0,0,0,0,0,0,0,0,0
удостоверение личности,0,0,0,0,0,0,0,0,0,0
идентифицировать,0,0,0,0,0,0,0,0,0,0
личность,0,0,0,0,0,0,0,0,0,0
идеология,0,0,0,0,0,0,0,0,0,0
идиотизм,1,0,1,0,0,1,0,1,0,0
идиома,0,0,0,0,0,0,0,0,0,0
идиоматический,0,0,0,0,0,0,0,0,0,0
идиот,0,0,1,0,0,1,0,0,0,0
идиотский,1,0,1,0,0,1,0,0,0,0
праздный,0,0,0,0,0,0,0,0,0,0
праздность,0,0,0,0,0,0,0,0,0,0
бездельник,0,0,0,0,0,1,0,0,0,0
идол,0,0,0,0,0,0,1,0,0,0
идолопоклонство,0,0,1,1,0,1,0,0,0,0
иглу,0,0,0,0,0,0,0,0,0,0
магматический,0,0,0,0,0,0,0,0,0,0
зажечь,0,0,0,0,0,0,0,0,0,0
зажигание,0,0,0,0,0,0,0,0,0,0
невежество,0,0,0,0,0,1,0,0,0,0
невежественный,0,0,1,0,0,1,0,0,0,0
игнорировать,0,0,0,0,0,1,0,0,0,0
вроде,0,0,0,0,0,0,0,0,0,0
больной,1,0,1,1,0,1,0,1,0,0
незаконный,1,0,1,1,0,1,0,1,0,0
незаконность,1,0,1,1,0,1,0,0,0,0
незаконно,0,0,0,0,0,0,0,0,0,0
неразборчивый,0,0,0,0,0,1,0,0,0,0
незаконнорожденный,1,0,1,1,0,1,0,1,1,0
незаконный,1,0,1,1,0,1,0,0,0,0
неграмотный,0,0,1,0,0,1,0,0,0,0
болезнь,0,0,0,1,0,1,0,1,0,0
нелогичный,0,0,0,0,0,1,0,0,0,0
освещать,0,1,0,0,1,0,1,0,1,0
освещение,0,0,0,0,1,0,1,0,1,1
иллюминатор,0,0,0,0,0,0,0,0,0,0
иллюзия,0,0,0,0,0,1,0,0,1,0
иллюстрировать,0,0,0,0,0,0,1,0,0,0
иллюстрация,0,0,0,0,0,0,0,0,0,0
иллюстративный,0,0,0,0,0,0,0,0,0,0
прославленный,0,0,0,0,0,0,1,0,0,0
изображение,0,0,0,0,0,0,0,0,0,0
образность,0,0,0,0,0,0,0,0,0,0
мнимый,0,0,0,0,0,0,0,0,0,0
воображение,0,0,0,0,0,0,0,0,0,0
творческий,0,0,0,0,0,0,1,0,0,0
представить,0,0,0,0,0,0,0,0,0,0
воображаемый,0,0,0,0,0,0,0,0,0,0
воображая,0,0,0,0,0,0,0,0,0,0
имам,0,0,0,0,0,0,0,0,0,0
встроенный,0,0,0,0,0,0,0,0,0,0
подражать,0,0,0,0,0,0,0,0,0,0
подражал,0,0,0,0,0,1,0,0,0,0
имитация,0,0,0,0,0,1,0,0,0,0
безупречный,0,0,0,0,1,0,1,0,0,1
несущественный,0,0,0,0,0,0,0,0,0,0
незрелый,0,1,0,0,0,1,0,0,0,0
незрелость,1,1,0,0,0,1,0,0,0,0
неизмеримый,0,0,0,0,0,0,0,0,0,0
неизмеримо,0,0,0,0,0,0,0,0,0,0
непосредственность,0,0,0,0,0,0,0,0,1,0
немедленно,0,1,0,0,0,1,1,0,0,0
незапамятный,0,0,0,0,0,0,0,0,0,0
огромный,0,0,0,0,0,0,1,0,0,0
погружать,0,1,0,1,1,0,1,0,1,1
погружение,0,0,0,0,0,0,0,0,0,0
иммигрант,0,0,0,1,0,0,0,0,0,0
иммиграция,0,0,0,0,0,0,0,0,0,0
неизбежный,0,1,0,1,0,0,0,0,0,0
аморальный,1,0,1,1,0,1,0,1,0,0
безнравственность,1,0,1,0,0,1,0,0,0,0
бессмертный,0,0,0,0,0,0,1,0,0,0
бессмертие,0,1,0,0,0,0,0,0,0,0
неподвижный,0,0,0,0,0,1,1,0,0,1
иммунный,0,0,0,0,0,0,0,0,0,0
иммунитет,0,0,0,0,0,0,0,0,0,0
иммунизация,0,0,0,0,0,0,0,0,0,1
неизменный,0,0,0,0,0,0,0,0,0,0
бес,0,0,0,0,0,0,0,0,0,0
влияние,0,0,0,0,0,0,0,0,0,0
ухудшать,0,0,0,0,0,1,0,0,0,0
обесценение,0,0,0,0,0,1,0,0,0,0
передавать,0,0,0,0,0,0,1,0,0,1
беспристрастный,0,0,0,0,0,0,1,0,0,1
беспристрастность,0,0,0,0,0,0,1,0,0,1
непроходимый,0,0,0,0,0,1,0,0,0,0
страстный,0,0,0,0,0,0,0,0,0,0
нетерпение,0,0,0,0,0,1,0,0,0,0
нетерпеливый,0,1,0,0,0,1,0,0,0,0
импичмент,0,0,1,1,0,1,0,0,0,0
импичмент,0,0,0,0,0,1,0,0,0,0
безупречный,0,0,0,0,0,0,1,0,0,1
препятствовать,0,0,0,0,0,1,0,0,0,0
препятствие,0,0,0,0,0,0,0,0,0,0
побуждаемый,0,0,0,0,0,0,0,0,0,0
надвигающийся,0,1,0,1,0,0,0,0,0,0
непроницаемый,0,0,0,0,0,0,0,0,0,1
императив,0,0,0,0,0,0,0,0,0,0
незаметный,0,0,0,0,0,0,0,0,0,0
несовершенство,0,0,0,0,0,1,0,0,0,0
несовершенно,0,0,0,0,0,1,0,0,0,0
императорский,0,0,0,0,0,0,0,0,0,0
непроницаемый,1,0,0,1,0,0,0,0,0,0
недопустимый,0,0,0,0,0,0,0,0,0,0
безличный,0,0,0,0,0,0,0,0,0,0
выдавать себя за,0,0,0,0,0,1,0,0,0,0
олицетворение,0,0,0,0,0,1,0,0,0,0
непроницаемый,0,0,0,0,0,0,1,0,0,0
толчок,0,0,0,0,0,0,0,0,0,0
неумолимый,0,0,0,0,0,1,0,0,0,0
имплантат,0,0,0,0,0,0,0,0,0,0
имплантация,0,0,0,0,0,0,0,0,0,0
имплантированный,0,0,0,0,0,0,0,0,0,0
осуществлять,0,0,0,0,0,0,0,0,0,0
вовлекать,1,0,0,0,0,1,0,0,0,0
замешанный,0,0,0,0,0,0,0,0,0,0
значение,0,0,0,0,0,0,0,0,0,0
подразумеваемый,0,0,0,0,0,0,0,0,0,0
умолять,0,0,0,0,0,0,0,0,0,0
имплозия,0,0,0,0,0,0,0,0,0,0
подразумевать,0,0,0,0,0,0,0,0,0,0
невежливый,0,0,1,0,0,1,0,0,0,0
импорт,0,0,0,0,0,0,0,0,0,0
важность,0,1,0,0,0,0,1,0,0,0
важный,0,0,0,0,0,0,1,0,0,1
импорт,0,0,0,0,0,0,0,0,0,0
навязывать,0,0,0,0,0,0,0,0,0,0
внушительный,0,0,0,0,0,0,0,0,0,0
введение,0,0,0,0,0,1,0,0,0,0
невозможность,0,0,0,0,0,0,0,0,0,0
невозможно,0,0,0,0,0,1,0,1,0,0
импотенция,1,0,0,1,0,1,0,1,0,0
импотент,0,0,0,0,0,1,0,0,0,0
конфисковывать,0,0,0,0,0,1,0,0,0,0
неосуществимый,0,0,0,0,0,1,0,0,0,0
произвести впечатление,0,0,0,0,0,0,1,0,0,0
впечатление,0,0,0,0,0,0,1,0,0,0
впечатлительный,0,0,0,0,0,0,0,0,0,1
отпечаток,0,0,0,0,0,0,0,0,0,0
заключать в тюрьму,0,0,0,0,0,1,0,0,0,0
заключенный в тюрьму,1,0,1,1,0,1,0,1,0,0
тюремное заключение,1,0,1,1,0,1,0,1,0,0
невероятный,0,0,0,0,0,0,0,0,0,0
экспромт,0,0,0,0,0,0,0,0,0,0
непристойность,0,0,0,0,0,1,0,0,0,0
улучшать,0,1,0,0,1,0,1,0,0,1
улучшенный,0,0,0,0,0,0,1,0,0,0
улучшение,0,0,0,0,1,0,1,0,0,1
улучшение,0,0,0,0,0,0,1,0,0,0
импровизация,0,0,0,0,0,0,0,0,1,0
импровизировать,0,1,0,0,0,0,1,0,1,0
импровизированный,0,0,0,0,0,0,0,0,0,0
неосторожный,0,0,0,0,0,1,0,1,0,0
импульс,0,0,0,0,0,0,0,0,0,0
безнаказанность,0,0,0,0,0,0,0,0,0,0
нечистый,0,0,1,0,0,1,0,0,0,0
примесь,0,0,1,0,0,1,0,0,0,0
вменение,0,0,0,0,0,1,0,0,0,0
неспособность,0,0,0,0,0,1,0,1,0,0
недоступный,0,0,0,0,0,1,0,0,0,0
неточный,0,0,0,0,0,1,0,0,0,0
в действии,0,0,0,0,0,1,0,0,0,0
деактивировать,0,0,0,0,0,0,0,0,0,0
инактивация,0,0,0,0,0,0,0,0,0,0
неактивный,0,0,0,0,0,0,0,0,0,0
бездействие,0,0,0,0,0,1,0,0,0,0
неадекватность,0,0,0,0,0,1,0,0,0,0
неадекватный,0,0,0,0,0,1,0,1,0,0
недопустимый,1,0,1,0,0,1,0,0,0,0
непреднамеренный,0,0,0,0,0,0,0,0,0,0
непреднамеренно,0,0,0,0,0,0,0,0,0,0
неотъемлемый,0,0,0,0,0,0,1,0,0,0
бессмысленный,0,0,0,0,0,1,0,0,0,0
неодушевленный,0,0,0,0,0,0,0,0,0,0
неприменим,0,0,0,0,0,1,0,0,0,0
неприличный,1,0,1,0,0,1,0,1,0,0
невнимательность,1,0,0,0,0,1,0,0,0,0
неслышимый,0,0,0,0,0,1,0,0,0,0
инаугурационный,0,1,0,0,0,0,0,0,0,0
открывать,0,0,0,0,0,0,0,0,0,0
инаугурация,0,1,0,0,1,0,1,0,0,1
врожденный,0,0,0,0,0,0,0,0,0,0
врожденный,0,0,0,0,0,0,0,0,0,0
неисчислимый,0,0,0,0,0,1,0,0,0,0
раскаленный,0,0,0,0,0,0,0,0,0,0
неспособный,0,0,0,0,0,0,0,0,0,0
недееспособность,0,0,0,0,0,1,0,0,0,0
заключение,1,0,1,1,0,1,0,1,0,0
в случае,1,0,1,1,0,1,0,1,0,0
зажигательный,1,0,0,1,0,1,0,0,1,0
благовония,1,0,0,0,0,1,0,0,0,0
стимул,0,0,0,0,0,0,0,0,0,0
зарождение,0,0,0,0,0,0,0,0,0,0
непрекращающийся,0,0,0,0,0,1,0,0,0,0
непрерывно,0,0,0,0,0,0,0,0,0,0
инцест,1,0,1,1,0,1,0,1,0,0
кровосмесительный,0,0,1,0,0,1,0,0,0,0
дюйм,0,0,0,0,0,0,0,0,0,0
заболеваемость,0,0,0,0,0,0,0,0,0,0
инцидент,0,0,0,0,0,0,0,0,1,0
между прочим,0,0,0,0,0,0,0,0,0,0
сжигание,0,0,0,0,0,1,0,0,0,0
зарождающийся,0,0,0,0,0,0,0,0,0,0
надрез,0,0,0,0,0,0,0,0,0,0
острый,0,0,0,0,0,0,1,0,0,0
подстрекать,1,1,0,1,0,1,0,0,0,0
подстрекательство,0,0,0,0,0,0,0,0,0,0
ненастный,0,0,0,0,0,1,0,0,0,0
склонность,0,0,0,0,0,0,0,0,0,0
наклонять,0,0,0,0,0,0,0,0,0,1
наклонный,0,0,0,0,0,0,0,0,0,0
включают,0,0,0,0,0,0,1,0,0,0
включены,0,0,0,0,0,0,1,0,0,0
включая,0,0,0,0,0,0,1,0,0,0
включение,0,0,0,0,0,0,0,0,0,1
включительно,0,0,0,0,0,0,1,0,0,0
инкогнито,0,0,0,0,0,0,0,0,0,0
бессвязный,0,0,0,0,0,1,0,0,0,0
доход,0,1,0,0,1,1,1,1,0,1
входящий,0,0,0,0,0,0,0,0,0,0
несовместимый,1,0,1,0,0,1,0,1,0,0
некомпетентность,0,0,0,0,0,1,0,0,0,0
некомпетентный,1,0,0,0,0,1,0,1,0,0
не полностью,0,0,0,0,0,0,0,0,0,0
незавершенность,0,0,0,0,0,1,0,0,0,0
непостижимый,0,0,0,0,0,1,0,0,0,0
неубедительный,0,0,0,0,0,0,0,0,0,0
неуместный,1,0,0,0,0,1,0,0,0,0
несущественный,0,0,0,0,0,1,0,1,0,0
невнимательный,1,0,1,0,0,1,0,1,0,0
непоследовательность,0,0,0,0,0,1,0,0,0,0
незаметный,0,0,0,0,0,0,0,0,0,0
недержание мочи,0,0,0,0,0,0,0,0,1,0
неудобно,1,0,1,0,0,1,0,1,0,0
включить,0,0,0,0,0,0,0,0,0,0
регистрация,0,0,0,0,0,0,0,0,0,0
неправильный,0,0,0,0,0,1,0,0,0,0
увеличивать,0,0,0,0,0,0,1,0,0,0
вырос,0,0,0,0,0,0,0,0,0,0
недоверчивый,1,0,1,0,0,1,0,0,0,0
приращение,0,0,0,0,0,0,0,0,0,0
обвинение,0,0,0,1,0,1,0,1,0,0
инкубация,0,0,0,0,0,0,0,0,0,0
инкуб,0,0,1,1,0,1,0,0,0,0
нести,0,0,0,0,0,1,0,0,0,0
неизлечимый,1,0,1,1,0,1,0,1,0,0
вторжение,0,0,0,1,0,1,0,0,0,0
должник,0,0,0,0,0,0,0,0,0,0
непристойность,1,0,1,0,0,0,0,0,0,0
неприличный,0,0,1,0,0,1,0,0,0,0
нерешительность,0,0,0,0,0,1,0,0,0,0
нерешительный,0,0,0,0,0,1,0,0,0,0
незащищенный,0,0,0,1,0,1,0,0,0,0
неизгладимый,0,0,0,0,0,0,1,0,0,1
компенсация,0,0,0,0,0,0,0,0,0,0
компенсировать,0,0,0,0,0,1,0,0,0,0
возмещение,0,0,0,0,0,0,1,0,0,1
отступ,0,0,0,0,0,0,0,0,0,1
отступ,0,0,0,0,0,0,0,0,0,0
договор,1,0,0,0,0,1,0,0,0,0
независимость,0,1,0,0,1,0,1,0,1,1
независимый,0,0,0,0,0,0,0,0,0,0
неописуемо,0,0,0,0,0,0,0,0,0,0
нерушимый,0,0,0,0,0,0,1,0,0,1
неопределенный,0,0,0,0,0,1,0,0,0,0
индекс,0,0,0,0,0,0,0,0,0,0
указание,0,0,0,0,0,0,0,0,0,0
индикация,0,0,0,0,0,0,0,0,0,0
ориентировочный,0,0,0,0,0,0,0,0,0,0
индикатор,0,0,0,0,0,0,0,0,0,0
индекс,0,0,0,0,0,0,0,0,0,0
предъявить обвинение,1,0,0,1,0,1,0,0,0,0
обвинительный акт,0,0,0,1,0,1,0,0,0,0
равнодушие,1,0,1,1,0,1,0,1,0,0
местный,0,0,0,0,0,0,0,0,0,0
неимущий,0,0,0,0,0,1,0,1,0,0
расстройство желудка,0,0,0,0,0,0,0,0,0,0
возмущенный,1,0,0,0,0,1,0,0,0,0
возмущение,1,0,1,0,0,1,0,0,0,0
индиго,0,0,0,0,0,0,0,0,0,0
косвенный,0,0,0,0,0,0,0,0,0,0
незаменимый,0,0,0,0,0,0,0,0,0,0
нечеткий,0,0,0,0,0,1,0,0,0,0
неразличимый,0,0,0,0,0,0,0,0,0,0
индивидуальность,0,0,0,0,0,0,1,0,0,0
неделимый,0,0,0,0,0,0,0,0,0,1
идеологическая обработка,1,0,0,1,0,1,0,0,0,0
ленивый,0,0,0,0,0,1,0,0,0,0
неукротимый,0,0,0,1,0,0,1,0,0,0
в помещении,0,0,0,0,0,0,0,0,0,0
вызывать,0,0,0,0,0,0,0,0,0,0
индуцированный,0,0,0,0,0,0,0,0,0,0
побуждение,0,0,0,0,0,0,0,0,0,0
индукция,0,0,0,0,0,0,0,0,0,0
предаваться,0,0,0,0,0,0,0,0,0,0
снисходительность,0,0,0,0,0,0,0,0,0,0
снисходительный,0,0,0,0,0,0,0,0,0,0
трудолюбивый,0,0,0,0,0,0,0,0,0,0
промышленность,0,0,0,0,0,0,0,0,0,0
невыразимый,0,0,0,0,0,0,1,0,0,0
неэффективный,0,0,0,0,0,1,0,0,0,0
неэффективный,0,0,1,0,0,1,0,0,0,0
неэффективность,0,0,1,0,0,1,0,1,0,0
неэффективный,0,0,0,0,0,1,0,1,0,0
неэластичный,0,0,0,0,0,0,0,0,0,0
неприемлемый,0,0,0,0,0,0,0,0,0,0
неумелый,1,0,1,0,0,1,0,0,0,0
неумелость,0,0,1,1,0,1,0,1,0,0
неравенство,1,0,0,1,0,1,0,1,0,0
несправедливый,0,0,0,0,0,1,0,0,0,0
инертный,0,0,0,0,0,1,0,0,0,0
инерция,0,0,0,0,0,0,0,0,0,0
неизбежный,0,0,0,0,0,0,0,0,0,0
неточный,0,0,0,0,0,0,0,0,0,0
непростительный,1,0,1,0,0,1,0,1,0,0
неисчерпаемый,0,0,0,0,0,0,0,0,0,0
недорогой,0,0,0,0,0,0,1,0,0,0
неопытность,0,0,0,0,0,1,0,0,0,0
неопытный,0,0,0,0,0,1,0,0,0,0
необъяснимый,0,0,0,0,0,1,0,0,1,0
непогрешимость,0,0,0,0,0,0,0,0,0,1
непогрешимый,0,0,0,0,0,0,1,0,0,0
печально известный,1,0,1,1,0,1,0,0,0,0
позор,0,0,0,0,0,1,0,1,0,0
младенчество,0,0,0,0,0,0,0,0,0,0
младенец,0,1,0,1,1,0,1,0,1,0
детоубийство,1,1,1,1,0,1,0,1,0,0
инфантильный,1,0,1,0,0,1,0,0,0,0
пехота,0,0,0,0,0,0,0,0,0,0
инфаркт,0,0,0,1,0,1,0,0,1,0
увлечение,0,0,0,0,0,0,0,0,0,0
неосуществимый,0,0,0,0,0,0,0,0,0,0
заразить,0,0,1,0,0,1,0,0,0,0
инфекционное заболевание,0,0,0,1,0,1,0,0,0,0
заразный,0,0,1,1,0,1,0,1,0,0
делать вывод,0,0,0,0,0,0,0,0,0,0
вывод,0,0,0,0,0,0,0,0,0,0
логический,0,0,0,0,0,0,0,0,0,0
низший,0,0,0,0,0,1,0,1,0,0
неполноценность,0,0,0,0,0,1,0,0,0,0
ад,1,0,0,1,0,1,0,0,0,0
бесплодный,0,0,0,0,0,0,0,0,0,0
бесплодие,0,0,0,0,0,1,0,1,0,0
заражение,0,0,1,1,0,1,0,0,0,0
неверный,1,0,1,1,0,1,0,0,0,0
неверность,1,0,1,1,0,1,0,1,0,0
проникновение,0,0,0,0,0,1,1,0,0,0
бесконечный,0,0,0,0,0,0,1,0,0,0
бесконечно,0,0,0,0,0,0,0,0,0,0
бесконечно малый,0,0,0,0,0,0,0,0,0,0
бесконечность,0,1,0,0,1,0,1,0,0,1
немощный,0,0,0,0,0,1,0,0,0,0
лазарет,0,0,0,0,0,0,0,0,0,0
немощь,0,0,0,1,0,1,0,0,0,0
воспаление,0,0,0,0,0,1,0,0,0,0
надутый,0,0,0,0,0,1,0,0,0,0
инфляция,0,0,0,1,0,1,0,0,0,0
перегиб,0,0,0,0,0,0,0,0,0,0
причинять,1,0,0,1,0,1,0,1,0,0
причинение,0,0,0,1,0,1,0,1,0,0
соцветие,0,0,0,0,0,0,0,0,0,0
влияние,0,0,0,0,0,1,1,0,0,0
влиятельный,0,0,0,0,0,0,1,0,0,1
грипп,0,0,0,0,0,1,0,0,0,0
приток,0,0,0,0,0,0,0,0,0,0
поставить в известность,0,0,0,0,0,0,0,0,0,1
неофициальный,0,0,0,0,0,0,0,0,0,0
осведомитель,0,0,0,0,0,0,0,0,0,0
Информация,0,0,0,0,0,0,1,0,0,0
информированный,0,0,0,0,0,0,0,0,0,0
осведомитель,0,0,0,0,0,1,0,0,0,0
нарушение,1,0,0,0,0,1,0,0,0,0
нечастый,0,0,0,0,0,0,0,0,1,0
редко,0,0,0,0,0,1,0,0,0,0
нарушение,0,0,0,0,0,1,0,0,0,0
влить,0,0,0,0,0,0,0,0,0,0
настоянный,0,0,0,0,0,0,0,0,0,0
вливание,0,0,0,0,0,0,0,0,0,0
изобретательный,0,0,0,0,0,0,1,0,0,0
изобретательность,0,0,0,0,0,0,0,0,0,0
глотать,0,0,0,0,0,0,0,0,0,0
проглатывание,0,0,0,0,0,0,0,0,0,0
слиток,0,0,0,0,0,0,0,0,0,0
укоренившийся,0,0,0,0,0,0,0,0,0,0
ингредиент,0,0,0,0,0,0,0,0,0,0
вход,0,0,0,0,0,0,0,0,0,0
обитать,0,0,0,0,0,0,0,0,0,0
житель,0,0,0,0,0,0,0,0,0,0
обитаемый,0,0,0,0,0,0,0,0,0,0
населяющий,0,0,0,0,0,0,0,0,0,0
вдох,0,0,0,0,0,0,0,0,0,0
вдохнуть,0,0,0,0,0,0,0,0,0,0
присущий,0,0,0,0,0,0,0,0,0,0
наследовать,0,0,0,0,0,0,0,0,0,0
наследование,0,1,0,0,1,0,1,0,1,1
запрещать,1,0,1,0,0,1,0,1,0,0
торможение,0,0,0,0,0,0,0,0,0,0
негостеприимный,0,0,0,0,0,1,0,1,0,0
бесчеловечный,1,0,1,1,0,1,0,1,0,0
бесчеловечность,0,0,0,0,0,1,0,1,0,0
враждебный,1,0,0,0,0,1,0,1,0,0
неподражаемый,0,0,0,0,0,0,1,0,0,1
беззаконие,0,0,1,0,0,1,0,0,0,0
исходный,0,0,0,0,0,0,0,0,0,0
инициировать,0,0,0,0,0,0,0,0,0,0
инициированный,0,0,0,0,0,0,0,0,0,0
инициатива,0,0,0,0,0,0,0,0,0,0
вводить,0,0,0,0,0,0,0,0,0,0
инъекция,0,0,0,1,0,0,0,0,0,0
судебный запрет,0,0,0,0,0,1,0,0,0,0
ранить,1,0,0,1,0,1,0,1,0,0
пострадавший,0,0,0,1,0,1,0,1,0,0
вредный,1,0,0,1,0,1,0,1,0,0
рана,1,0,0,1,0,1,0,1,0,0
несправедливость,1,0,0,0,0,1,0,0,0,0
чернила,0,0,0,0,0,0,0,0,0,0
подозревая,0,0,0,0,0,0,0,0,0,0
внутренний,0,0,0,0,0,0,0,0,0,0
инкрустация,0,0,0,0,0,0,0,0,0,0
вход,0,0,0,0,0,0,0,0,0,0
сокамерник,0,0,1,1,0,1,0,0,0,0
гостиница,0,0,0,0,0,0,0,0,0,0
врожденный,0,0,0,0,0,0,0,0,0,0
сокровенный,0,0,0,0,0,0,0,0,0,0
возможности,0,0,0,0,0,0,0,0,0,0
трактирщик,0,0,0,0,0,0,0,0,0,0
невинность,0,0,0,0,0,0,1,0,0,0
невиновный,0,0,0,0,0,0,1,0,0,1
невинно,0,0,0,0,0,0,1,0,0,0
безобидный,0,0,0,0,0,0,1,0,0,0
вводить новшества,0,0,0,0,0,0,1,0,0,0
инновации,0,0,0,0,0,0,1,0,0,0
намек,0,0,0,0,0,0,0,0,0,0
бесчисленный,0,0,0,0,0,0,0,0,0,0
прививка,0,1,0,0,0,0,0,0,0,1
недействующий,1,0,0,0,0,1,0,0,0,0
непомерный,0,0,0,0,0,0,0,0,0,0
неорганический,0,0,0,0,0,0,0,0,0,0
дознание,0,0,0,0,0,0,0,0,0,0
спрашивать,0,0,0,0,0,0,0,0,0,0
исследователь,0,0,0,0,0,0,1,0,0,0
вопрошающий,0,0,0,0,0,0,0,0,0,0
расследование,0,1,0,0,0,0,1,0,0,0
любознательный,0,0,0,0,0,0,1,0,0,0
безумный,1,0,0,1,0,1,0,0,0,0
безумие,1,0,1,1,0,1,0,1,0,0
надпись,0,0,0,0,0,0,0,0,0,0
непостижимый,0,0,0,0,0,0,0,0,0,0
насекомое,0,0,0,0,0,0,0,0,0,0
ненадежный,1,0,0,1,0,1,0,1,0,0
незащищенность,0,0,0,1,0,1,0,0,0,0
неразлучный,0,0,0,0,1,0,1,0,0,1
вставлять,0,0,0,0,0,0,0,0,0,0
вставлен,0,0,0,0,0,0,0,0,0,0
вставка,0,0,0,0,0,0,0,0,0,0
внутри,0,0,0,0,0,0,0,0,0,0
коварный,1,0,1,1,0,1,0,0,0,0
в поле зрения,0,0,0,0,0,0,0,0,0,0
знак отличия,0,0,0,0,0,0,1,0,0,0
незначительность,0,0,0,0,0,1,0,0,0,0
незначительный,1,0,0,0,0,1,0,1,0,0
пресный,0,0,0,0,0,1,0,0,0,0
настаивать,0,0,0,0,0,0,0,0,0,0
наглый,0,0,0,0,0,1,0,0,0,0
нерастворимый,0,0,0,0,0,0,0,0,0,0
неплатежеспособность,0,0,0,1,0,1,0,1,1,0
неплатежеспособный,0,0,0,1,0,1,0,1,0,1
осмотреть,0,0,0,0,0,0,0,0,0,0
инспектор,0,0,0,0,0,0,1,0,0,0
вдохновение,0,1,0,0,1,0,1,0,0,0
вдохновлять,0,1,0,0,1,0,1,0,0,1
вдохновленный,0,0,0,0,1,0,1,0,1,1
нестабильность,0,0,1,1,0,1,0,0,0,0
установить,0,1,0,0,0,0,0,0,0,0
монтаж,0,0,0,0,0,0,0,0,0,0
рассрочка,0,0,0,0,0,0,0,0,0,0
пример,0,0,0,0,0,0,0,0,0,0
мгновенный,0,0,0,0,0,0,0,0,0,0
мгновенный,0,0,0,0,0,0,0,0,0,0
мгновенно,0,0,0,0,0,0,0,0,0,0
подстрекать,0,0,0,0,0,1,0,0,0,0
подстрекательство,0,0,0,0,0,1,0,0,0,0
прививать,0,0,0,0,0,0,0,0,0,0
инстинкт,0,0,0,0,0,0,0,0,0,0
инстинктивный,1,0,1,1,0,0,1,0,0,0
институт,0,0,0,0,0,0,0,0,0,1
учреждение,0,0,0,0,0,0,0,0,0,0
инструктировать,0,0,0,0,0,0,1,0,0,1
проинструктирован,0,0,0,0,0,0,0,0,0,0
инструкция,0,0,0,0,0,0,1,0,0,1
учебный,0,0,0,0,0,0,0,0,0,0
инструкции,0,1,0,0,0,0,0,0,0,1
поучительный,0,0,0,0,0,0,0,0,0,0
инструктор,0,1,0,0,0,0,1,0,0,1
инструмент,0,0,0,0,0,0,0,0,0,0
инструментальный,0,0,0,0,0,0,1,0,0,0
музыкант,0,0,0,0,0,0,0,0,0,0
инструментальность,0,0,0,0,0,0,0,0,0,0
недостаточность,1,0,0,0,0,1,0,0,0,0
недостаточный,0,0,0,0,0,1,0,0,0,0
недостаточно,0,0,0,0,0,1,0,0,0,0
островной,0,0,0,0,0,0,0,0,0,0
изолировать,0,0,0,0,0,0,0,0,0,0
изоляция,0,0,0,0,0,0,0,0,0,1
оскорблять,1,0,1,0,0,1,0,1,1,0
оскорбительный,1,0,1,1,0,1,0,1,0,0
страхование,0,0,0,0,0,0,0,0,0,0
застраховать,0,0,0,0,0,0,1,0,0,1
повстанец,0,0,0,0,0,1,0,0,0,0
непреодолимый,0,0,0,1,0,1,0,1,0,0
восстание,1,0,0,0,0,1,0,0,0,0
нетронутый,0,0,0,0,0,0,1,0,0,1
нематериальный,0,0,0,0,0,0,0,0,0,0
целое число,0,0,0,0,0,0,0,0,0,0
интеграл,0,0,0,0,0,0,0,0,0,0
интегрировать,0,0,0,0,0,0,0,0,0,0
интеграция,0,0,0,0,0,0,0,0,0,0
честность,0,0,0,0,0,0,1,0,0,1
интеллект,0,0,0,0,0,0,1,0,0,0
интеллектуал,0,0,0,0,0,0,1,0,0,0
интеллект,0,0,0,1,1,0,1,0,0,1
умный,0,0,0,0,0,0,1,0,0,1
разборчивость,0,0,0,0,0,0,0,0,0,0
понятный,0,0,0,0,0,0,0,0,0,0
намереваться,0,0,0,0,0,0,0,0,0,1
намеревался,0,1,0,0,0,0,1,0,0,0
намерение,0,0,0,0,0,0,0,0,0,0
интенсивный,1,0,1,1,1,1,1,0,1,1
интенсивно,0,0,0,0,0,0,0,0,0,0
усилить,0,0,0,0,0,0,0,0,0,0
интенсивность,0,0,0,0,0,0,0,0,0,0
намерение,0,0,0,0,0,0,0,0,0,0
намерение,0,0,0,0,0,0,0,0,0,0
преднамеренный,0,0,0,0,0,0,0,0,0,0
намеренно,0,0,0,0,0,0,0,0,0,0
интер,0,0,0,0,0,1,0,1,0,0
взаимодействие,0,0,0,0,0,0,0,0,0,0
ходатайствовать,0,0,0,1,0,0,0,1,0,0
перехватывать,0,0,0,0,0,0,0,0,0,0
перехват,0,0,0,0,0,0,0,0,0,0
заступничество,0,0,0,0,0,0,0,0,0,1
обмен,0,0,0,0,0,0,0,0,0,0
взаимозаменяемый,0,0,0,0,0,0,0,0,0,0
взаимозаменяемы,0,0,0,0,0,0,0,0,0,0
переговорное устройство,0,0,0,0,0,0,0,0,0,0
половой акт,0,0,0,0,0,0,1,0,0,0
взаимозависимость,0,0,0,0,0,0,0,0,0,0
взаимозависимый,0,0,0,0,0,0,0,0,0,0
запрет,0,0,0,0,0,1,0,0,0,0
интерес,0,0,0,0,0,0,1,0,0,0
заинтересован,0,0,1,0,0,0,1,1,0,0
интересно,0,0,0,0,0,0,1,0,0,0
вмешательство,0,0,0,0,0,1,0,0,0,0
интерферометр,0,0,0,0,0,0,0,0,0,0
промежуточный,0,1,0,0,0,0,0,0,0,0
интерьер,0,0,1,0,0,0,1,0,0,1
промежуточный,0,0,0,0,0,0,1,0,0,0
интерлюдия,0,0,0,0,0,0,1,0,0,0
посредник,0,0,0,0,0,0,0,0,0,0
средний,0,0,0,0,0,0,0,0,0,0
погребение,0,0,0,0,0,1,0,1,0,0
бесконечный,1,1,0,0,0,1,1,0,0,0
антракт,0,1,0,0,0,0,0,0,0,0
прерывистый,0,0,0,0,0,0,0,0,0,0
стажер,0,0,0,0,0,0,0,0,0,0
внутренний,0,0,0,0,0,0,0,0,0,0
внутри,0,0,0,0,0,0,0,0,0,0
Международный,0,0,0,0,0,0,0,0,0,0
интерполировать,0,0,0,0,0,0,0,0,0,0
интерполяция,0,0,0,0,0,0,0,0,0,0
интерпретировать,0,0,0,0,0,0,0,0,0,0
интерпретация,0,0,0,0,0,0,0,0,0,0
устный переводчик,0,0,0,0,0,0,0,0,0,0
взаимосвязанный,0,0,0,0,0,0,0,0,0,0
допрашивать,0,0,0,1,0,0,0,0,0,0
допрос,0,0,0,1,0,0,0,0,0,0
прерывать,1,0,0,0,0,1,0,0,1,0
прерванный,0,0,0,0,0,1,0,1,0,0
прерывание,0,0,0,0,0,0,0,0,0,0
пересекаются,0,0,0,0,0,0,0,0,0,0
перекресток,0,0,0,0,0,0,0,0,0,0
промежуточный,0,0,0,0,0,0,0,0,0,0
интервал,0,0,0,0,0,0,0,0,0,0
вмешательство,0,0,0,0,0,0,0,0,0,0
вмешательство,0,0,0,0,0,1,1,1,0,0
интервью,0,0,0,0,0,0,0,0,0,0
интервьюер,0,0,0,1,0,0,0,0,0,0
взаимодействие,0,0,0,0,0,0,0,0,0,0
оставшийся без завещания,0,0,0,0,0,1,0,0,0,0
кишечный,0,0,1,0,0,0,0,0,0,0
кишечник,0,0,0,0,0,0,0,0,0,0
кишки,0,0,0,0,0,0,0,0,0,0
близость,0,0,0,0,0,0,0,0,0,0
интимный,0,1,0,0,1,0,1,0,0,1
интимно,0,1,0,1,1,0,0,0,0,0
намек,0,0,0,0,0,0,0,0,0,0
запугивать,0,0,0,1,0,1,0,0,0,0
запугивание,1,0,0,1,0,1,0,0,0,0
невыносимый,1,0,0,0,0,1,0,0,0,0
нетерпимость,1,0,1,1,0,1,0,0,0,0
нетерпимый,1,0,1,1,0,1,0,1,0,0
интонация,0,0,0,0,0,0,1,0,0,0
опьяненный,0,0,1,0,0,1,0,0,0,0
опьянение,0,0,0,0,0,0,0,0,0,0
неподатливый,1,0,0,0,0,1,0,0,0,0
очный,0,0,0,0,0,0,0,0,0,0
бесстрашный,0,0,0,0,0,0,1,0,0,0
сложный,0,0,0,0,0,0,0,0,0,0
интрига,0,1,0,1,0,1,0,0,1,0
интригующий,0,0,0,0,0,0,0,0,0,0
внутренний,0,0,0,0,0,0,0,0,0,0
внутренне,0,0,0,0,0,0,0,0,0,0
введение,0,0,0,0,0,0,0,0,0,0
вводный,0,0,0,0,0,0,0,0,0,0
самоанализ,0,0,0,0,0,0,0,0,0,0
интроспективный,0,0,0,0,0,0,0,0,0,0
нарушитель,1,0,0,1,0,1,0,0,1,0
вторжение,0,0,0,1,0,1,0,0,0,0
навязчивый,1,0,1,1,0,1,0,0,1,0
интуиция,0,0,0,0,0,0,1,0,0,1
интуитивно понятный,0,0,0,0,0,0,1,0,0,0
интуитивно,0,1,0,0,0,0,0,0,0,0
наводнение,0,0,0,0,0,0,0,0,0,0
вторгаться,1,0,0,1,0,1,0,1,1,0
захватчик,1,0,0,1,0,1,0,1,0,0
инвалид,0,0,0,0,0,0,0,1,0,0
аннулировать,0,0,0,0,0,1,0,0,0,0
признание недействительным,0,0,0,0,0,1,0,0,0,0
недействительность,0,0,0,0,0,1,0,0,0,0
бесценный,0,0,0,0,0,0,0,0,0,0
неизменно,0,0,0,0,0,0,1,0,0,0
вторжение,1,0,0,0,0,1,0,0,0,0
изобретать,0,0,0,0,0,0,0,0,0,0
изобретение,0,0,0,0,0,0,0,0,0,0
изобретательный,0,0,0,0,0,0,1,0,0,0
изобретатель,0,0,0,0,0,0,1,0,0,0
инвентарь,0,0,0,0,0,0,0,0,0,0
обратный,0,0,0,0,0,0,0,0,0,0
обратно,0,0,0,0,0,0,0,0,0,0
инверсия,0,0,0,0,0,0,0,0,0,0
инвертировать,0,0,0,0,0,0,0,0,0,0
перевернутый,0,0,0,0,0,0,0,0,0,0
расследовать,0,0,0,0,0,0,1,0,0,0
изучение,0,1,0,0,0,0,0,0,0,0
следователь,0,0,0,0,0,0,0,0,0,0
инвестор,0,0,0,0,0,0,0,0,0,0
бодрить,0,0,0,0,0,0,1,0,0,0
непобедимый,0,0,0,0,0,0,0,0,0,0
невидимость,0,0,0,0,0,0,0,0,0,0
невидимый,0,0,0,0,0,0,0,0,0,0
приглашение,0,1,0,0,0,0,1,0,0,0
приглашать,0,1,0,0,1,0,1,0,1,1
приглашая,0,1,0,0,1,0,1,0,1,1
призыв,0,1,0,0,0,0,0,0,0,1
счет,0,0,0,0,0,0,0,0,0,0
вызывать,0,1,0,0,0,0,0,0,0,0
непроизвольный,0,0,0,0,0,1,0,0,0,0
инволюция,1,0,0,0,0,1,0,0,0,0
участие,1,0,0,0,0,0,0,0,0,0
внутренности,0,0,0,0,0,0,0,0,0,0
йота,0,0,0,0,0,0,0,0,0,0
разгневанный,1,0,0,0,0,1,0,0,0,0
гнев,1,0,0,0,0,1,0,0,0,0
радужный,0,0,0,0,0,0,0,0,0,0
радужная оболочка,0,0,0,1,0,0,0,0,0,0
утюг,0,0,0,0,0,0,1,0,0,1
ироничный,0,0,0,0,0,0,0,0,0,0
утюги,0,0,0,0,0,1,0,0,0,0
ирония,0,0,0,0,0,0,0,0,0,0
облучение,0,0,0,0,0,0,0,0,0,0
иррациональный,0,0,1,1,0,1,0,0,0,0
иррациональность,0,0,0,0,0,1,0,0,0,0
непримиримый,1,0,0,1,0,1,0,1,0,0
непреодолимый,0,0,0,0,0,0,1,0,0,0
неопровержимый,0,0,0,0,0,0,1,0,0,1
нерегулярный,0,0,0,0,0,1,0,0,0,0
неправильность,0,0,0,0,0,1,0,0,0,0
нерегулярно,0,0,0,0,0,0,0,0,0,0
не имеющий отношения,0,0,0,0,0,1,0,0,0,0
непоправимый,0,0,0,1,0,1,0,1,0,0
неугомонный,0,0,0,0,0,0,0,0,0,0
неотразимый,0,0,0,0,0,0,0,0,0,0
независимо,0,0,0,0,0,0,0,0,0,0
безответственный,0,0,0,0,0,1,0,0,0,0
непочтительный,0,0,0,0,0,1,0,0,0,0
необратимый,0,0,0,0,0,0,0,0,0,0
необратимый,0,0,0,0,0,1,0,0,0,0
орошать,0,0,0,0,0,0,0,0,0,0
орошение,0,0,0,0,0,0,0,0,0,0
раздражительность,1,0,0,0,0,1,0,0,0,0
раздражительный,1,0,0,0,0,1,0,0,0,0
раздражающий,1,0,1,0,0,1,0,0,0,0
раздражение,1,0,1,0,0,1,0,1,0,0
остров,0,0,0,0,0,0,0,0,0,0
остров,0,0,0,0,0,0,0,0,0,0
островок,0,0,0,0,0,0,0,0,0,0
изолировать,0,0,0,0,0,0,0,1,0,0
изолированный,0,0,0,1,0,1,0,1,0,0
изоляция,0,0,0,0,0,1,0,1,0,0
изоморфизм,0,0,0,0,0,0,0,0,0,0
изотермический,0,0,0,0,0,0,0,0,0,0
проблема,0,0,0,0,0,0,0,0,0,0
зуд,0,0,0,0,0,0,0,0,0,0
зуд,0,0,0,0,0,0,0,0,0,0
вещь,0,0,0,0,0,0,0,0,0,0
перечислять по пунктам,0,0,0,0,0,0,0,0,0,0
Предметы,0,0,0,0,0,0,0,0,0,0
повторять,0,0,0,0,0,0,0,0,0,0
итерация,0,0,0,0,0,0,0,0,0,0
повторяющийся,0,0,0,0,0,0,0,0,0,0
странствующий,0,0,0,0,0,0,0,0,0,0
маршрут,0,0,0,0,0,0,0,0,0,0
слоновая кость,0,0,0,0,0,0,0,0,0,0
джеб,1,0,0,0,0,0,0,0,0,0
болтать,0,0,0,0,0,1,0,0,0,0
Джек,0,0,0,0,0,0,0,0,0,0
осел,0,0,0,0,0,0,0,0,0,0
джекпот,0,1,0,0,1,0,1,0,1,0
домкраты,0,0,0,0,0,0,0,0,0,0
нефрит,0,0,0,0,0,0,0,0,0,0
зазубрина,0,0,0,0,0,0,0,0,0,0
зубчатый,0,0,0,0,0,0,0,0,0,0
ягуар,0,0,0,0,0,0,0,0,0,0
тюрьма,0,0,0,1,0,1,0,1,0,0
варенье,0,0,0,0,0,0,1,0,0,0
застрял,0,0,0,0,0,0,0,0,0,0
дворник,0,0,1,0,0,0,0,0,0,0
Япония,0,0,0,0,0,0,0,0,0,0
банка,0,0,0,0,0,0,0,0,0,0
жаргон,0,0,0,0,0,1,0,0,0,0
раздражающий,0,0,0,1,0,1,0,1,0,0
Джаспер,0,0,0,0,0,0,0,0,0,0
желтуха,0,0,0,1,0,1,0,0,0,0
прогулка,0,0,0,0,0,0,0,0,0,0
копье,0,0,0,0,0,0,0,0,0,0
челюсть,0,0,0,0,0,0,0,0,0,0
челюсти,0,0,0,1,0,0,0,0,0,0
Джей,0,0,0,0,0,0,0,0,0,0
ревнивый,1,0,1,0,0,1,0,0,0,0
ревность,1,0,1,1,0,1,0,1,0,0
джинсы,0,0,0,0,0,0,0,0,0,0
джип,0,0,0,0,0,0,0,0,0,0
желе,0,0,0,0,0,0,0,0,0,0
Дженни,0,0,0,0,0,0,0,0,0,0
подвергать опасности,1,0,0,1,0,1,0,0,0,0
опасность,0,1,0,1,0,1,0,0,0,0
придурок,1,0,0,0,0,0,0,0,1,0
Джерси,0,0,0,0,0,0,0,0,0,0
шутка,0,0,0,0,1,0,1,0,1,0
шут,0,0,0,0,0,0,0,0,0,0
реактивный самолет,0,0,0,0,0,0,0,0,0,0
пристань,0,0,0,0,0,0,0,0,0,0
драгоценность,0,0,0,0,0,0,0,0,0,0
ювелир,0,0,0,0,0,0,0,0,0,0
Ювелирные изделия,0,0,0,0,0,0,0,0,0,0
кливер,0,0,0,0,0,0,0,0,0,0
миг,0,0,0,0,0,0,0,0,0,0
Джимми,0,0,0,0,0,0,0,0,0,0
звон,0,0,0,0,0,0,0,0,0,0
работа,0,0,0,0,0,0,1,0,0,0
Джок,0,0,0,0,0,0,0,0,0,0
жокей,0,0,0,0,0,0,0,0,0,0
бег трусцой,0,0,0,0,0,0,0,0,0,0
Джон,0,0,1,0,0,1,0,0,0,0
присоединиться,0,0,0,0,0,0,1,0,0,0
присоединился,0,0,0,0,0,0,1,0,0,0
присоединение,0,0,0,0,0,0,0,0,0,0
соединение,0,0,0,0,0,0,0,0,0,0
совместно,0,0,0,0,0,0,0,0,0,0
шутить,0,0,0,0,0,1,0,0,0,0
джокер,0,0,0,0,1,0,1,0,1,0
шутка,0,0,0,0,0,0,1,0,0,0
толчок,0,0,0,0,0,0,0,0,1,0
хорнада,0,0,0,0,0,1,0,0,0,0
йота,0,0,0,0,0,0,0,0,0,0
журнал,0,0,0,0,0,0,0,0,0,0
журналистика,0,0,0,0,0,0,0,0,0,1
журналистка,0,0,0,0,0,0,1,0,0,0
путешествие,0,1,0,1,1,0,1,0,0,0
подмастерье,0,0,0,0,0,0,0,0,0,1
веселый,0,0,0,0,1,0,1,0,0,0
радость,0,0,0,0,1,0,1,0,0,0
радостный,0,0,0,0,1,0,1,0,0,1
радостный,0,0,0,0,1,0,1,0,0,0
ликующий,0,0,0,0,1,0,1,0,1,1
юбилей,0,0,0,0,1,0,1,0,1,0
судить,0,0,0,0,0,0,0,0,0,0
судить,0,0,0,0,0,0,0,0,0,0
суждение,0,0,0,0,0,0,0,0,1,0
судебный,0,1,0,0,0,0,1,0,0,1
судебная власть,0,1,0,0,0,0,0,0,0,1
рассудительный,0,0,0,0,0,0,1,0,0,1
кувшин,0,0,0,0,0,0,0,0,0,0
жонглировать,0,0,0,0,0,0,0,0,0,0
жонглирование,0,0,0,0,0,0,0,0,0,0
сок,0,0,0,0,0,0,0,0,0,0
сочный,0,0,0,0,0,0,0,0,0,0
беспорядок,0,0,0,0,0,1,0,0,0,0
перемешанный,0,0,0,0,0,0,0,0,0,0
гигант,0,0,0,0,0,0,0,0,0,0
Прыжок,0,0,0,0,1,0,1,0,0,0
перекресток,0,0,0,0,0,0,0,0,0,0
соединение,0,0,0,0,0,0,0,0,0,0
джунгли,0,0,0,1,0,0,0,0,0,0
младший,0,0,0,0,0,0,0,0,0,0
хлам,0,0,0,0,0,1,0,0,0,0
хунта,0,0,0,0,0,1,0,0,0,0
юридический,0,0,0,0,0,0,0,0,0,0
юрисдикция,0,0,0,0,0,0,0,0,0,0
юриспруденция,0,0,0,0,0,0,0,1,0,0
юрист,0,0,0,0,0,0,0,0,0,1
жюри,0,0,0,0,0,0,0,0,0,1
справедливость,0,0,0,0,0,0,1,0,0,1
оправданный,0,0,0,0,0,0,1,0,0,1
оправдание,0,0,0,0,0,0,1,0,0,0
оправдывать,0,0,0,0,0,0,0,0,0,0
джут,0,0,0,0,0,0,0,0,0,0
несовершеннолетний,0,0,0,0,0,1,0,0,0,0
сопоставление,0,0,0,0,0,0,0,0,0,0
кайзер,0,0,0,0,0,0,0,0,0,0
калейдоскоп,0,0,0,0,0,0,0,0,0,0
кенгуру,0,0,0,0,0,0,0,0,0,0
кандзи,0,0,0,0,0,0,0,0,0,0
карма,0,0,0,0,0,0,0,0,0,0
каяк,0,0,0,0,0,0,0,0,0,0
киль,0,0,0,0,0,0,0,0,0,0
хранитель,0,0,0,0,0,0,0,0,0,0
сохранение,0,0,0,0,0,0,0,0,0,0
подарок на память,0,0,0,0,0,0,1,0,0,0
бочонок,0,0,0,0,0,0,0,0,0,0
Кен,0,0,0,0,0,0,1,0,0,0
конура,0,0,0,0,0,0,0,1,0,0
керн,0,0,0,0,0,1,0,0,0,0
ядро,0,0,0,0,0,0,0,0,0,0
керосин,0,0,0,1,0,0,0,0,0,0
чайник,0,0,0,0,0,0,0,0,0,0
ключ,0,0,0,0,0,0,0,0,0,0
замочная скважина,0,0,0,0,0,0,0,0,0,0
основной доклад,0,0,0,0,0,0,1,0,0,0
краеугольный камень,0,0,0,0,0,0,1,0,0,0
хаки,0,0,0,0,0,0,0,0,0,0
хан,0,0,0,1,0,0,0,0,0,1
пинать,1,0,0,0,0,1,0,0,0,0
ногами,1,0,0,0,0,0,0,0,0,0
ребенок,0,0,0,0,0,0,0,0,0,0
шутя,0,0,0,0,0,0,0,0,0,0
похитить,1,0,0,1,0,1,0,1,1,0
убийство,0,0,0,1,0,1,0,1,0,0
убийство,1,0,0,1,0,1,0,1,0,0
печь,0,0,0,0,0,0,0,0,0,0
килограмм,0,0,0,0,0,0,0,0,0,0
километр,0,0,0,0,0,0,0,0,0,0
килт,0,0,0,0,0,0,0,0,0,0
кимоно,0,0,0,0,0,0,0,0,0,0
родственник,0,0,0,0,0,0,0,0,0,0
Добрый,0,0,0,0,1,0,1,0,0,1
детский сад,0,0,0,0,0,0,0,0,0,0
доброта,0,0,0,0,0,0,1,0,0,0
родственный,0,1,0,0,1,0,1,0,0,1
кинематика,0,0,0,0,0,0,0,0,0,0
король,0,0,0,0,0,0,1,0,0,0
царство,0,0,0,0,0,0,0,0,0,0
перегиб,0,0,0,0,0,0,0,0,0,0
странный,0,0,0,0,0,0,0,0,0,0
киоск,0,0,0,0,0,0,0,0,0,0
Кирк,0,0,0,0,0,0,0,0,0,0
целовать,0,1,0,0,1,0,1,0,1,0
Комплект,0,0,0,0,0,0,0,0,0,0
кухня,0,0,0,0,0,0,0,0,0,0
воздушный змей,0,0,1,0,0,1,0,0,0,0
котенок,0,0,0,0,1,0,1,0,0,1
ловкость,0,0,0,0,0,0,1,0,0,0
рюкзак,0,0,0,0,0,0,0,0,0,0
месить,0,0,0,0,0,0,0,0,0,0
колено,0,0,0,0,0,0,0,0,0,0
стоять на коленях,0,0,0,0,0,0,0,0,0,0
на коленях,0,0,0,0,0,0,0,0,0,0
хоронить,0,0,0,1,0,1,0,1,0,0
трусики,0,0,0,0,0,0,0,0,0,1
нож,0,0,0,0,0,0,0,0,0,0
рыцарь,0,0,0,0,0,0,1,0,0,0
вязать,0,0,0,0,0,0,0,0,0,0
ручка,0,0,0,0,0,0,0,0,0,0
стучать,0,0,0,0,0,0,0,0,0,0
холмик,0,0,0,0,0,0,0,0,0,0
морской узел,0,0,0,0,0,0,0,0,0,0
завязанный,0,0,0,0,0,1,0,0,0,0
зная,0,0,0,0,0,0,1,0,0,0
сознательно,0,0,0,0,0,0,0,0,0,0
знания,0,0,0,0,0,0,1,0,0,0
костяшка,0,0,0,0,0,0,0,0,0,0
Кос,0,0,0,0,0,0,0,0,0,0
Крис,0,0,0,0,0,0,0,0,0,0
слава,0,0,0,0,1,0,1,0,0,0
лаборатория,0,0,0,0,0,0,0,0,0,0
этикетка,0,0,0,0,0,0,0,0,0,1
"труд, работа",0,1,0,0,1,0,1,0,1,1
лаборатория,0,0,0,0,0,0,0,0,0,0
трудился,0,0,0,0,0,1,0,1,0,0
рабочий,0,0,0,0,0,0,0,0,0,0
трудящийся,0,0,0,0,0,0,0,0,0,0
трудоемкий,0,0,0,0,0,1,0,0,0,0
лабиринт,0,1,0,0,0,1,0,0,0,0
лак,0,0,0,0,0,0,0,0,0,0
кружево,1,0,0,1,0,1,1,1,0,1
недостаток,0,0,0,0,0,1,0,0,0,0
не хватает,0,0,0,0,0,1,0,0,0,0
тусклый,0,0,0,0,0,1,0,0,0,0
лак,0,0,0,0,0,0,0,0,0,0
лакросс,0,0,0,0,0,0,0,0,0,0
парень,0,0,0,0,0,0,0,0,0,0
лестница,0,0,0,0,0,0,0,0,0,0
нагруженный,0,0,0,0,0,1,0,0,0,0
погрузка,0,0,0,0,0,0,0,0,0,0
ковш,0,0,0,0,0,0,0,0,0,0
леди,0,0,0,0,0,0,0,0,0,0
отставание,0,0,0,0,0,1,0,0,0,0
отставание,1,1,1,0,0,1,0,1,0,0
лагуна,0,0,0,0,0,0,0,0,0,0
логово,0,0,0,0,0,1,0,0,0,0
миряне,0,0,0,0,0,0,0,0,0,0
озеро,0,0,0,0,0,0,0,0,0,0
лама,0,0,0,0,0,0,0,0,0,0
ягненок,0,0,0,0,1,0,1,0,0,1
оплакивать,0,0,1,1,0,1,0,1,0,0
оплакивая,0,0,0,0,0,0,0,1,0,0
пластинка,0,0,0,0,0,0,0,0,0,0
ламинированный,0,0,0,0,0,0,0,0,0,0
фонарь,0,0,0,0,0,0,0,0,0,0
копье,0,0,0,0,0,0,0,0,0,0
улан,0,0,0,0,0,0,0,0,0,0
земельные участки,0,0,0,0,0,0,1,0,0,0
высадился,0,0,0,0,0,0,1,0,0,0
посадка,0,0,0,0,0,0,0,0,0,0
не имеющий выхода к морю,0,0,0,0,0,0,0,0,0,0
домовладелец,0,0,0,0,0,0,0,0,0,0
ориентир,0,0,0,0,0,0,0,0,0,1
земли,0,0,0,0,0,0,0,0,0,0
пейзаж,0,0,0,0,0,0,0,0,0,0
ландшафтный дизайн,0,0,0,0,0,0,0,0,0,0
оползень,0,0,0,1,0,1,0,1,0,0
переулок,0,0,0,0,0,0,0,0,0,0
язык,0,0,0,0,0,0,0,0,0,0
вялый,0,0,0,0,0,1,0,0,0,0
чахнуть,0,0,0,0,0,1,0,0,0,0
томящийся,0,0,0,1,0,1,0,1,0,0
долговязый,0,0,0,0,0,0,0,0,0,0
фонарь,0,0,0,0,0,0,0,0,0,0
колени,0,0,0,0,0,0,0,0,0,0
отворот,0,0,0,0,0,0,0,0,0,0
упущение,0,0,0,0,0,1,0,0,0,0
истекший,0,0,0,0,0,0,0,0,0,0
воровство,0,0,1,0,0,1,0,0,0,0
сало,0,0,0,0,0,0,0,0,0,0
кладовая,0,0,0,0,0,0,0,0,0,0
большой,0,0,0,0,0,0,0,0,0,0
больше,0,0,1,0,0,0,0,0,1,1
ларго,0,0,0,0,0,0,0,0,0,0
жаворонок,0,0,0,0,0,0,0,0,0,0
личинка,0,0,0,0,0,0,0,0,0,0
гортань,0,0,0,0,0,0,0,0,0,0
лазер,0,0,0,0,0,0,1,0,0,1
плеть,1,0,0,1,0,1,0,0,0,0
девушка,0,0,0,0,0,0,0,0,0,0
лассо,0,0,0,0,0,0,0,0,0,0
прочный,0,0,0,0,0,0,0,0,0,0
защелка,0,0,0,0,0,0,0,0,0,0
поздно,0,0,0,0,0,1,0,1,0,0
опоздание,0,0,0,0,0,1,0,0,0,0
скрытый,1,1,1,0,0,1,0,0,1,0
боковой,0,0,0,0,0,0,0,0,0,0
сбоку,0,0,0,0,0,0,0,0,0,0
латекс,0,0,0,0,0,0,0,0,0,0
токарный станок,0,0,0,0,0,0,0,0,0,0
намыливать,0,0,0,0,0,0,0,0,0,0
широта,0,0,0,0,0,0,0,0,0,0
уборные,0,0,1,0,0,1,0,0,0,0
решетка,0,0,0,0,0,0,0,0,0,0
похвальный,0,0,0,0,0,0,1,0,0,0
смех,0,0,0,0,1,0,1,0,1,0
смехотворный,0,0,1,0,0,1,0,0,0,0
смеющийся,0,0,0,0,1,0,1,0,0,0
смех,0,1,0,0,1,0,1,0,1,0
запуск,0,1,0,0,0,0,1,0,0,0
прачечная,0,0,0,0,0,0,0,0,0,0
лауреат,0,0,0,0,0,0,1,0,0,1
лавр,0,0,0,0,0,0,1,0,0,0
лавры,0,0,0,0,1,0,1,0,0,0
лава,1,0,0,1,0,1,0,0,0,0
промывание,0,0,0,0,0,0,0,0,0,0
туалет,0,0,1,0,0,0,0,0,0,0
лаванда,0,0,0,0,0,0,0,0,0,0
щедрый,0,0,0,0,0,0,1,0,0,0
закон,0,0,0,0,0,0,0,0,0,1
законный,0,0,0,0,0,0,1,0,0,1
беззаконие,1,0,0,1,0,1,0,0,0,0
лужайка,0,0,0,0,0,0,0,0,0,0
иск,1,0,1,1,0,1,0,1,1,0
юрист,1,0,1,1,0,1,0,0,0,0
вялый,0,0,0,0,0,1,0,1,0,0
слабительное,0,0,1,1,0,1,0,0,0,0
класть,0,0,0,0,0,0,0,0,0,0
слой,0,0,0,0,0,0,0,0,0,0
слоистый,0,0,0,0,0,0,0,0,0,0
мирянин,0,0,0,0,0,0,0,0,0,0
ленивый,0,0,0,0,0,1,0,0,0,0
Леа,0,0,0,0,0,0,0,0,0,0
привести,0,0,0,0,0,0,1,0,0,0
лидер,0,0,0,0,0,0,1,0,0,1
ведущий,0,0,0,0,0,0,0,0,0,1
ведет,0,0,0,0,0,0,0,0,0,0
лист,0,0,0,0,0,0,0,0,0,0
листовка,0,0,0,0,0,0,0,0,0,0
лиственный,0,0,0,0,0,0,0,0,0,0
лига,0,0,0,0,0,0,1,0,0,0
утечка,0,0,0,0,0,1,0,0,0,0
утечка,0,0,0,0,0,1,0,0,0,0
дырявый,0,0,0,0,0,1,0,0,0,0
худой,0,0,0,0,0,0,0,0,0,0
наклонился,0,0,0,0,0,0,0,0,0,0
опираясь,0,0,0,0,0,0,0,0,0,1
прыгнуть,0,0,0,0,0,0,0,0,0,0
учиться,0,0,0,0,0,0,1,0,0,0
научился,0,0,0,0,0,0,0,0,0,0
ученик,0,0,0,0,0,0,0,0,0,0
обучение,0,0,0,0,0,0,1,0,0,0
арендовать,0,0,0,0,0,0,0,0,0,0
поводок,0,0,0,0,0,0,0,0,0,0
кожа,0,0,0,0,0,0,0,0,0,0
кожистый,0,0,0,0,0,0,0,0,0,0
оставлять,0,0,0,0,0,1,0,1,1,0
лекция,0,0,0,0,0,0,0,0,0,0
лектор,0,0,0,0,0,0,1,0,0,0
уступ,0,0,0,0,0,0,0,0,0,0
бухгалтерская книга,0,0,0,0,0,0,0,0,0,0
ли,0,0,0,0,0,0,0,0,0,0
пиявка,0,0,0,0,0,1,0,0,0,0
пиявки,0,0,1,1,0,1,0,0,0,0
хитрый взгляд,0,0,1,0,0,1,0,0,0,0
подозрительный,0,0,0,0,0,0,0,0,1,0
осадок,0,0,0,0,0,0,0,0,0,0
свобода действий,0,0,0,0,0,0,1,0,0,0
оставил,0,0,0,0,0,0,0,0,0,0
нога,0,0,0,0,0,0,0,0,0,0
наследие,0,0,0,0,0,0,0,0,0,0
законный,0,0,0,0,0,0,1,0,0,1
законность,0,0,0,0,0,0,0,0,0,0
легализовать,0,0,0,0,0,0,0,0,0,0
узаконенный,1,0,0,1,1,0,1,0,0,1
юридически,0,0,0,0,0,0,0,0,0,0
легенда,0,0,0,0,0,0,0,0,0,0
легендарный,0,0,0,0,0,0,1,0,0,0
разборчивость,0,0,0,0,0,0,1,0,0,0
разборчивый,0,0,0,0,0,0,1,0,0,0
легион,0,0,0,0,0,0,0,0,0,0
издавать законы,0,0,0,0,0,0,0,0,0,0
законодательство,0,0,0,0,0,0,0,0,0,0
законодательный,0,0,0,0,0,0,0,0,0,0
законодатель,0,0,0,0,0,0,0,0,0,1
законодательный орган,0,0,0,0,0,0,0,0,0,1
легитимность,0,0,0,0,0,0,0,0,0,1
ноги,0,0,0,0,0,0,0,0,0,0
бобовые,0,0,0,0,0,0,0,0,0,0
досуг,0,1,0,0,1,0,1,0,1,1
не спеша,0,0,0,0,0,0,1,0,0,0
лемма,0,0,0,0,0,0,1,0,0,0
лимон,0,0,1,0,0,1,0,0,0,0
давать в долг,0,0,0,0,0,0,0,0,0,0
кредитор,0,0,0,0,0,0,0,0,0,1
кредитование,0,0,0,0,0,0,0,0,0,0
длина,0,0,0,0,0,0,0,0,0,0
удлинить,0,0,0,0,0,0,0,0,0,0
удлиненный,0,0,0,0,0,0,0,0,0,0
удлинение,0,0,0,0,0,0,0,0,0,0
вдоль,0,0,0,0,0,0,0,0,0,0
длинный,0,0,0,0,0,0,0,0,0,0
снисходительность,0,0,0,0,0,0,0,0,0,0
снисходительный,0,0,0,0,0,0,1,0,0,0
объектив,0,0,0,0,0,0,0,0,0,0
леопард,0,0,0,0,0,0,0,0,0,0
проказа,0,0,1,1,0,1,0,1,0,0
арендатор,0,0,0,0,0,0,0,0,0,0
уменьшить,0,1,0,0,0,1,0,0,0,0
уменьшение,0,0,0,0,0,0,0,0,0,0
меньший,0,0,1,0,0,1,0,0,0,0
урок,0,1,0,0,0,0,1,0,0,1
арендодатель,0,0,0,0,0,0,0,0,0,0
смертельный,0,0,1,1,0,1,0,1,0,0
вялый,0,0,0,0,0,0,0,0,0,0
вялость,0,0,0,0,0,1,0,1,0,0
письмо,0,1,0,0,0,0,0,0,0,0
литерный,0,1,0,0,0,0,1,0,0,1
буквы,0,0,0,0,0,0,0,0,0,0
латук,0,0,0,0,0,0,0,0,0,0
лейкемия,1,0,0,1,0,1,0,1,0,0
дамба,0,0,0,0,0,0,0,0,0,1
уровень,0,0,0,0,0,0,1,0,0,1
рычаг,0,0,0,0,0,0,0,0,0,0
использовать,0,0,0,0,0,0,1,0,0,0
взимать,0,0,0,0,0,1,0,0,0,0
непристойный,0,0,1,0,0,1,0,0,0,0
словарный запас,0,0,0,0,0,0,0,0,0,0
Лей,0,0,0,0,0,0,0,0,0,0
обязательства,0,0,0,0,0,0,0,0,0,0
обязанность,0,0,0,0,0,0,0,0,0,0
связь,0,0,0,0,0,1,0,0,0,0
лжец,0,0,1,0,0,1,0,0,0,0
клевета,1,0,0,1,0,1,0,0,0,1
клеветнический,0,0,0,0,0,0,0,0,0,0
либеральный,0,0,0,0,0,1,1,0,0,0
либерализм,0,0,0,0,0,0,0,0,0,0
освободить,1,1,0,0,1,0,1,0,1,1
освобождение,0,1,0,0,1,0,1,0,1,0
свобода,0,1,0,0,1,0,1,0,1,1
либидо,0,0,0,0,0,0,0,0,0,0
библиотекарь,0,0,0,0,0,0,0,0,0,0
библиотека,0,0,0,0,0,0,1,0,0,0
либретто,0,0,0,0,0,0,0,0,0,0
лицензия,0,0,0,0,0,0,0,0,0,0
лишайник,0,0,0,0,0,0,0,0,0,0
лизать,0,0,1,0,0,1,0,0,0,0
крышка,0,0,0,0,0,0,0,0,0,0
ложь,1,0,1,0,0,1,0,1,0,0
вассал,0,0,0,0,0,0,0,0,0,0
залог,0,0,0,0,0,0,0,0,0,0
вместо,0,0,0,0,0,0,0,0,0,0
лейтенант,0,0,0,0,0,0,0,0,0,1
жизнь,0,0,0,0,0,0,0,0,0,0
жизненная сила,0,0,0,0,0,0,1,0,0,0
спасательная шлюпка,0,0,0,0,0,0,0,0,0,0
безжизненный,0,0,0,1,0,1,0,1,0,0
реалистичный,0,0,0,0,0,0,0,0,0,0
на всю жизнь,0,0,0,0,0,0,0,0,0,0
продолжительность жизни,0,0,0,0,0,0,0,0,0,0
поднимать,0,0,0,0,0,0,0,0,0,0
связка,0,0,0,0,0,0,0,0,0,0
перевязка,0,0,0,0,0,0,0,0,0,0
легкий,0,0,0,0,0,0,0,0,0,0
облегчить,0,0,0,0,0,0,0,0,0,0
маяк,0,0,0,0,0,0,1,0,0,0
легкость,0,0,0,0,0,0,0,0,0,0
молния,1,0,0,1,0,0,0,0,1,0
вероятность,0,0,0,0,0,0,0,0,0,0
подобие,0,0,0,0,0,0,0,0,0,0
так же,0,0,0,0,0,0,0,0,0,0
симпатия,0,0,0,0,1,0,1,0,0,1
сирень,0,0,0,0,0,0,0,0,0,0
Лили,0,0,0,0,0,0,0,0,0,0
конечность,0,0,0,0,0,0,0,0,0,0
неопределенность,0,0,0,0,0,0,0,0,0,0
ограничение,0,0,0,0,0,0,0,0,0,0
ограничение,0,0,0,0,0,0,0,0,0,0
ограничено,1,0,0,0,0,1,0,1,0,0
Безграничный,0,0,0,0,0,0,0,0,0,0
лимузин,0,0,0,0,0,0,0,0,0,0
хромать,0,0,0,0,0,1,0,0,0,0
Лин,0,0,0,0,0,0,0,0,0,0
линия,0,0,0,0,0,0,0,0,0,0
происхождение,0,0,0,0,0,0,0,0,0,0
прямой,0,0,0,0,0,0,0,0,0,0
линейный,0,0,0,0,0,0,0,0,0,0
подкладка,0,0,0,0,0,0,0,0,0,0
шерсть,0,0,0,0,0,0,0,0,0,0
вкладыш,0,0,0,0,0,0,0,0,0,0
линии,0,0,0,1,0,0,0,0,0,0
задерживаться,0,1,0,0,0,0,0,0,0,0
жаргон,0,0,0,0,0,0,0,0,0,0
языковой,0,0,0,0,0,0,0,0,0,0
лингвист,0,0,0,0,0,0,1,0,0,1
лингвистический,0,0,0,0,0,0,0,0,0,0
лингвистика,0,0,0,0,0,0,0,0,0,0
оболочка,0,0,0,0,0,0,0,0,0,0
ссылка на сайт,0,0,0,0,0,0,0,0,0,0
линолеум,0,0,0,0,0,0,0,0,0,0
ворс,0,0,0,0,0,1,0,0,0,0
лев,0,0,0,1,0,0,1,0,0,0
губа,0,0,0,0,0,0,0,0,0,0
помада,0,0,0,0,0,0,0,0,0,0
сжижение,0,0,0,0,0,0,0,0,0,0
сжиженный,0,0,0,0,0,0,0,0,0,0
ликер,0,0,0,0,0,0,0,0,0,0
жидкость,0,0,0,0,0,0,0,0,0,0
ликвидировать,0,0,0,0,0,0,0,0,0,0
ликвидация,0,0,0,0,0,0,0,0,0,0
ликвидатор,0,0,0,0,0,0,0,0,0,0
ликвидность,0,0,0,0,0,0,0,0,0,0
ликер,1,0,0,0,1,1,0,1,0,0
шепелявить,0,0,0,0,0,0,0,0,0,0
список,0,0,0,0,0,0,0,0,0,0
Слушать,0,0,0,0,0,0,0,0,0,0
слушатель,0,0,0,0,0,0,0,0,0,0
листинг,0,0,0,0,0,0,0,0,0,0
вялый,0,0,0,0,0,1,0,1,0,0
литания,0,0,0,0,0,0,0,0,0,0
буквально,0,0,0,0,0,0,0,0,0,0
литературный,0,0,0,0,0,0,0,0,0,0
литература,0,0,0,0,0,0,0,0,0,0
гибкий,0,0,0,0,0,0,1,0,0,0
литография,0,0,0,0,0,0,0,0,0,0
литография,0,0,0,0,0,0,0,0,0,0
литология,0,0,0,0,0,0,0,0,0,0
литосфера,0,0,0,0,0,0,0,0,0,0
истец,0,0,0,0,0,1,0,0,0,0
судиться,1,1,1,1,0,1,0,1,0,0
судебные разбирательства,0,0,0,0,0,1,0,0,0,0
спорный,1,0,1,0,0,1,0,0,0,0
мусор,0,0,0,0,0,1,0,0,0,0
прибрежный,0,0,0,0,0,0,0,0,0,0
литургия,0,0,0,0,0,0,0,0,0,0
средства к существованию,0,0,0,0,0,0,0,0,0,0
ливрея,0,0,0,0,0,0,0,0,0,0
в ярости,1,0,1,0,0,1,0,0,0,0
жизнь,0,0,0,0,0,0,0,0,0,0
лама,0,0,0,0,0,0,0,0,0,0
нагрузка,0,0,0,0,0,0,0,0,0,0
буханка,0,0,0,0,0,1,0,0,0,0
бездельник,0,0,0,0,0,1,0,0,0,0
суглинок,0,0,0,0,0,0,0,0,0,0
заем,0,0,0,0,0,0,0,0,0,0
отвращение,1,0,0,0,0,1,0,0,0,0
ненавижу,1,0,1,0,0,1,0,0,0,0
ненависть,0,0,1,0,0,1,0,0,0,0
отвратительный,1,0,1,0,0,1,0,0,0,0
лобби,0,0,0,0,0,0,0,0,0,0
лоббист,0,0,0,0,0,1,0,0,0,0
доля,0,0,0,0,0,0,0,0,0,0
местный,0,0,0,0,0,0,0,0,0,0
место действия,0,0,0,0,0,0,0,0,0,0
местонахождение,0,0,0,0,0,0,0,0,0,0
локализация,0,0,0,0,0,0,0,0,0,0
локализовать,0,1,0,0,0,0,0,0,0,0
найти,0,0,0,0,0,0,0,0,0,0
расположение,0,0,0,0,0,0,0,0,0,0
озеро,0,0,0,0,0,0,0,0,0,0
замок,0,0,0,0,0,0,0,0,0,0
шкафчик,0,0,0,0,0,0,0,0,0,0
слесарь,0,0,0,0,0,0,0,0,0,0
карцер,0,0,0,1,0,1,0,1,0,0
передвижение,0,0,0,0,0,0,0,0,0,0
локомотив,0,0,0,0,0,0,0,0,0,0
саранча,0,0,0,1,0,1,0,0,0,0
ложа,0,0,0,0,0,0,0,0,0,0
жилец,0,0,0,0,0,0,0,0,0,0
ночлег,0,0,0,0,0,0,0,0,0,1
чердак,0,0,0,0,0,0,0,0,0,0
высокий,0,0,0,0,0,1,0,0,0,0
журнал,0,0,0,0,0,0,0,0,0,0
логарифм,0,0,0,0,0,0,0,0,0,0
логарифмический,0,0,0,0,0,0,0,0,0,0
логика,0,0,0,0,0,0,0,0,0,0
логический,0,0,0,0,0,0,1,0,0,0
логистика,0,0,0,0,0,0,0,0,0,0
логотип,0,0,0,0,0,0,0,0,0,0
корейка,0,0,0,0,0,0,0,0,0,0
леденец,0,0,0,0,0,0,0,0,0,0
одинокий,0,0,0,0,0,0,0,1,0,0
одиночество,0,0,0,1,0,1,0,1,0,0
"Одинокий, уединенный",1,0,1,1,0,1,0,1,0,0
одинокий,0,0,0,0,0,1,0,1,0,0
длинная,0,1,0,0,0,0,0,0,0,0
долголетие,0,0,0,0,0,0,1,0,0,0
тоска,0,1,0,0,0,0,0,1,0,0
долгота,0,0,0,0,0,0,0,0,0,0
продольный,0,0,0,0,0,0,0,0,0,0
продольно,0,0,0,0,0,0,0,0,0,0
туалет,0,0,1,0,0,1,0,0,0,0
высматривать,0,0,0,0,0,0,0,0,0,0
ткацкий станок,0,1,0,1,0,1,0,0,0,0
надвигающийся,0,0,0,0,0,0,0,0,0,0
гагара,0,0,1,0,0,1,0,0,0,0
псих,0,0,0,0,0,1,0,0,0,0
петля,0,0,0,0,0,0,0,0,0,0
лазейка,0,0,0,0,0,0,0,0,0,0
ослабить,0,0,0,0,0,0,0,0,0,0
ослабление,0,0,0,0,0,0,0,0,0,0
добыча,0,0,0,0,0,1,0,0,0,0
срезать,0,0,0,0,0,0,0,0,0,0
однобокий,0,0,0,0,0,0,0,0,0,0
господин,0,0,1,0,0,1,1,0,0,1
лорды,0,0,0,0,0,0,0,0,0,0
светлость,0,0,0,0,0,0,1,0,0,0
знания,0,0,0,0,0,0,0,0,0,0
грузовик,0,0,0,0,0,0,0,0,0,0
терять,1,0,1,1,0,1,0,1,1,0
проигрыш,1,0,0,0,0,1,0,1,0,0
потеря,1,0,0,1,0,1,0,1,0,0
потерял,0,0,0,0,0,1,0,1,0,0
много,0,0,0,0,0,0,0,0,0,0
лосьон,0,0,0,0,0,0,0,0,0,0
много,0,0,0,0,0,0,0,0,0,0
лотерея,0,1,0,0,0,0,0,0,0,0
лото,0,0,0,0,0,0,0,0,0,0
громкий,0,0,0,0,0,0,0,0,0,0
громко,0,0,0,0,0,0,0,0,0,0
громкость,1,0,0,0,0,1,0,0,0,0
бездельничать,0,0,0,0,0,1,0,0,0,0
вошь,0,0,1,0,0,1,0,0,0,0
милый,0,0,0,0,1,0,1,0,0,1
любовь,0,0,0,0,1,0,1,0,0,0
прекрасный,0,1,0,0,1,0,1,1,1,1
занятие любовью,0,0,0,0,1,0,1,0,0,1
любовник,0,1,0,0,1,0,1,0,0,1
любящий,0,0,0,0,1,0,1,0,0,1
ниже,0,0,0,0,0,1,0,1,0,0
снижение,0,0,0,0,0,1,0,0,0,0
самый низкий,0,0,0,0,0,1,0,1,0,0
низменности,0,0,0,0,0,1,0,0,0,0
скромный,0,0,0,0,0,1,0,1,0,0
верный,0,0,0,1,1,0,1,0,1,1
верность,0,0,0,0,0,0,1,0,0,1
смазывать,0,0,0,0,0,0,0,0,0,0
смазка,0,0,0,0,0,0,0,0,0,0
удача,0,1,0,0,1,0,1,0,1,0
счастливый,0,0,0,0,1,0,1,0,1,0
смехотворный,0,0,0,0,0,1,0,0,0,0
волочить,0,0,0,0,0,0,0,0,0,0
багаж,0,0,0,0,0,0,0,0,0,0
затишье,0,1,0,0,0,0,0,0,0,0
Колыбельная песня,0,0,0,0,0,0,0,0,0,0
поясничный отдел,0,0,0,0,0,0,0,0,0,0
пиломатериалы,0,0,0,0,0,0,0,0,0,0
неуклюжий,0,0,0,0,0,1,0,0,0,0
люминесцентный,0,0,0,0,0,0,0,0,0,0
светящийся,0,0,0,0,0,0,0,0,0,0
кусок,0,0,0,0,0,1,0,0,0,0
комковатый,0,0,1,0,0,1,0,0,0,0
безумие,1,0,1,1,0,1,0,1,0,0
лунный,0,0,0,0,0,0,0,0,0,0
сумасшедший,1,0,1,1,0,1,0,0,0,0
обед,0,0,0,0,0,0,0,0,0,0
обед,0,0,0,0,0,0,0,0,0,0
выпад,0,0,0,0,0,0,0,0,1,0
легкие,0,0,0,0,0,0,0,0,0,0
крениться,0,0,0,0,0,1,0,0,0,0
приманка,0,0,0,0,0,1,0,0,0,0
зловещий,0,0,1,0,0,1,0,0,0,0
таиться,0,0,0,0,0,1,0,0,0,0
скрывающийся,0,0,0,0,0,1,0,0,0,0
сочный,0,1,0,0,1,0,1,0,0,0
пышный,0,0,1,0,0,1,0,1,0,0
похоть,0,1,0,0,0,1,0,0,0,0
блеск,0,0,0,0,1,0,1,0,0,0
похотливый,0,0,0,0,0,1,0,0,0,0
блестящий,0,0,0,0,0,0,1,0,0,0
похотливый,0,0,1,0,0,0,0,0,0,0
лютня,0,0,0,0,0,0,0,0,0,0
пышный,0,0,0,0,0,0,1,0,0,0
роскошный,0,0,0,0,1,0,1,0,0,0
роскошь,0,0,0,0,1,0,1,0,0,0
врущий,1,0,1,0,0,1,0,0,0,0
лимфа,0,0,0,0,0,0,0,0,0,0
лимфатический,0,0,0,0,0,0,0,0,0,0
линчевать,1,0,1,1,0,1,0,1,0,0
рысь,0,0,0,0,0,0,0,0,0,0
лира,0,0,0,0,1,0,1,0,0,0
лирический,0,0,0,0,0,0,0,0,0,0
лирический,0,0,0,0,1,0,1,0,0,0
булава,0,0,0,1,0,1,0,0,0,0
машина,0,0,0,0,0,0,0,0,0,1
машины,0,0,0,0,0,0,0,0,0,0
машинист,0,0,0,0,0,0,0,0,0,0
скумбрия,0,0,0,0,0,0,0,0,0,0
без ума,1,0,1,1,0,1,0,1,0,0
Госпожа,0,0,0,0,0,0,0,0,0,0
мадам,0,0,0,0,0,0,0,0,0,0
сводить с ума,1,0,0,1,0,1,0,0,0,0
сумасшедший,1,0,0,1,0,1,0,0,0,0
безумие,1,0,0,1,0,1,0,0,0,0
мафия,0,0,0,1,0,1,0,0,0,0
журнал,0,0,0,0,0,0,0,0,0,0
маг,0,0,0,1,0,0,0,0,0,0
пурпурный,0,0,0,0,0,0,0,0,0,0
личинка,0,0,1,0,0,1,0,0,0,0
магия,0,0,0,0,0,0,0,0,0,0
волшебный,0,1,0,0,1,0,1,0,1,0
фокусник,0,0,0,0,0,0,0,0,1,0
магистрат,0,0,0,0,0,0,0,0,0,0
магма,0,0,0,0,0,0,0,0,0,0
магнат,0,0,0,0,0,0,0,0,0,0
магнит,0,0,0,0,0,0,1,0,0,1
магнетизм,0,0,0,0,0,0,1,0,0,0
магнетит,0,0,0,0,0,0,1,0,0,0
великолепие,0,1,0,0,1,0,1,0,0,1
великолепный,0,1,0,0,1,0,1,0,1,1
лупа,0,0,0,0,0,0,0,0,0,0
увеличить,0,0,0,0,0,0,0,0,0,0
величина,0,0,0,0,0,0,0,0,0,0
сорока,0,0,0,0,0,0,0,0,0,0
служанка,0,0,0,0,0,0,0,0,0,0
дева,0,0,0,0,0,0,1,0,0,0
почта,0,1,0,0,0,0,0,0,0,0
главный,0,0,0,0,0,0,1,0,0,0
материк,0,0,0,0,0,0,0,0,0,0
опора,0,0,0,0,0,0,1,0,0,1
техническое обслуживание,0,0,0,0,0,0,0,0,0,1
величественный,0,1,0,0,1,0,1,0,1,1
величие,0,0,0,0,0,0,1,0,0,1
главный,0,0,0,0,0,0,1,0,0,0
большинство,0,0,0,0,1,0,1,0,0,1
делать,0,0,0,0,0,0,0,0,0,0
производитель,0,0,0,0,0,0,0,0,0,0
временный,0,0,0,0,0,1,0,0,0,0
"макияж, мириться",0,0,0,0,0,0,0,0,0,0
болезнь,0,0,0,0,0,1,0,0,0,0
недомогание,0,0,0,0,0,1,0,1,0,0
малярия,0,0,1,1,0,1,0,1,0,0
злобный,1,0,1,1,0,1,0,1,0,0
должностное преступление,0,0,1,0,0,1,0,0,0,0
порок развития,0,0,0,0,0,1,0,0,0,0
злоба,1,0,0,1,0,1,0,0,0,0
злонамеренный,1,0,1,1,0,1,0,1,0,0
клеветать,1,0,1,0,0,1,0,0,0,0
злокачественность,0,0,0,1,0,1,0,1,0,0
злокачественный,1,0,0,1,0,1,0,0,0,0
торговый центр,0,0,0,0,0,0,0,0,0,0
податливый,0,0,0,0,0,0,0,0,0,0
молоток,0,0,0,0,0,0,0,0,0,0
злоупотребление служебным положением,1,0,0,0,0,1,0,0,0,0
мама,0,0,0,0,0,0,0,0,0,1
млекопитающее,0,0,0,0,0,0,0,0,0,0
мамонт,0,0,0,0,0,0,0,0,0,0
управлять,0,0,0,0,0,0,1,0,0,1
управление,0,0,0,0,0,0,1,0,0,1
управляющий делами,0,0,0,0,0,0,0,0,0,0
мандамус,0,0,0,1,0,1,0,0,0,0
мандарин,0,0,0,0,0,0,1,0,0,1
мандат,0,0,0,0,0,0,0,0,0,0
нижняя челюсть,0,0,0,0,0,0,0,0,0,0
мандолина,0,0,0,0,0,0,0,0,0,0
оправка,0,0,0,0,0,0,0,0,0,0
грива,0,0,0,0,0,0,0,0,0,0
маневр,0,0,0,0,0,0,0,0,0,0
маневрирование,0,0,0,0,0,0,0,0,0,0
чесотка,0,0,1,1,0,1,0,0,0,0
ясли,0,0,0,0,0,0,0,0,0,0
калечить,1,0,1,1,0,1,0,1,0,0
манго,0,0,0,0,0,0,0,0,0,0
мангустин,0,0,0,0,0,0,0,0,0,0
мужественность,0,0,0,0,0,0,1,0,0,0
мания,0,0,0,0,0,1,0,0,0,0
маньяк,1,0,0,1,0,1,0,0,0,0
маниакальный,0,0,0,0,0,1,0,0,0,0
маникюр,0,0,0,0,0,0,0,0,0,0
манифест,0,0,0,0,0,0,0,0,0,0
проявление,0,0,0,1,0,0,0,0,0,0
проявленный,0,0,0,0,0,0,1,0,0,0
явно,0,0,0,0,0,0,0,0,0,0
манифест,0,0,0,0,0,0,0,0,0,0
многообразие,0,0,0,0,0,0,0,0,0,0
манипулировать,0,0,0,0,0,1,0,0,0,0
манипуляция,1,0,0,1,0,1,0,0,0,0
человечество,0,0,0,0,0,0,0,0,0,0
мужественный,0,0,0,0,0,0,1,0,0,0
манна,0,0,0,0,0,0,1,0,0,0
манера,0,0,0,0,0,0,0,0,0,0
манерный,0,0,0,0,0,0,1,0,0,0
манеры,0,0,0,0,0,0,1,0,0,0
поместье,0,0,0,0,0,0,0,0,0,0
особняк,0,0,0,0,0,0,0,0,0,0
непредумышленное убийство,1,0,1,1,0,1,0,1,1,0
мантия,0,0,0,0,0,0,0,0,0,0
руководство,0,0,0,0,0,0,0,0,0,1
производство,0,0,0,0,0,0,0,0,0,0
производитель,0,0,0,0,0,0,1,0,0,0
навоз,0,0,1,0,0,1,0,0,0,0
рукопись,0,0,0,0,0,0,0,0,0,0
карта,0,0,0,0,0,0,0,0,0,0
март,0,0,0,0,0,1,0,0,0,0
мрамор,0,0,0,0,0,0,0,0,0,0
мраморный,0,0,0,0,0,0,0,0,0,0
шарики,0,0,0,0,0,0,0,0,0,0
марш,0,0,0,0,0,0,1,0,0,0
кобыла,0,0,0,0,0,0,0,0,0,0
поле,0,0,0,0,0,1,0,1,0,0
маргинальный,0,0,0,0,0,0,0,0,0,0
марихуана,0,0,0,0,0,0,0,0,0,0
морской,0,0,0,0,0,0,0,0,0,1
моряк,0,0,0,0,0,0,0,0,0,0
морской,0,0,0,0,0,0,0,0,0,0
отметка,0,0,0,0,0,0,0,0,0,0
отмечен,0,0,0,0,0,0,1,0,0,0
рынок,0,0,0,0,0,0,0,0,0,0
товарный,0,0,0,0,0,0,1,0,0,0
рынок,0,0,0,0,0,0,0,0,0,0
Метки,0,0,0,0,0,0,0,0,0,0
мергель,0,0,0,0,0,0,0,0,0,0
мармелад,0,0,0,0,0,0,0,0,0,0
темно-бордовый,0,0,0,0,0,1,0,0,0,0
шатер,0,0,0,0,0,0,0,0,0,0
маркиз,0,0,0,0,0,0,1,0,0,0
свадьба,0,1,0,0,1,0,1,0,0,1
женатый,0,0,0,0,0,0,0,0,0,0
костный мозг,0,0,0,0,1,0,1,0,0,1
жениться,0,1,0,1,1,0,1,0,1,1
болото,0,0,0,0,0,0,0,0,0,0
маршал,0,0,0,0,0,0,1,0,0,1
рынок,0,0,0,0,0,0,0,0,0,0
боевой,1,0,0,0,0,0,0,0,0,0
мартингейл,0,0,0,0,0,1,0,0,0,0
мученик,0,0,0,1,0,1,0,1,0,0
мученичество,0,0,0,1,0,1,0,1,0,0
чудо,0,0,0,0,0,0,1,0,1,0
чудесный,0,0,0,0,1,0,1,0,0,0
чудесно,0,0,0,0,1,0,1,0,0,0
мужской,0,0,0,0,0,0,1,0,0,0
мужественность,0,0,0,0,0,0,0,0,0,0
пюре,0,0,0,0,0,0,0,0,0,0
маска,0,0,0,0,0,0,0,0,0,0
мазохизм,1,0,1,1,0,1,0,0,0,0
каменщик,0,0,0,0,0,0,0,0,0,0
маскарад,0,0,0,0,0,0,0,0,0,0
масса,0,0,0,0,0,0,0,0,0,0
резня,1,0,1,1,0,1,0,1,0,0
массаж,0,0,0,0,1,0,1,0,0,0
массивный,0,0,0,0,0,0,0,0,0,0
мастер,0,0,0,0,0,0,1,0,0,0
вдохновитель,0,0,0,0,0,0,0,0,0,0
шедевр,0,0,0,0,1,0,1,0,0,0
мастерство,1,0,0,0,1,0,1,0,0,1
мастурбировать,0,0,0,0,0,0,0,0,0,0
мастурбация,0,0,0,0,0,0,0,0,0,0
мат,0,0,0,0,0,0,0,0,0,0
соответствие,0,0,0,0,0,0,0,0,0,0
соответствие,0,0,0,0,0,0,0,0,0,0
сваха,0,1,0,0,0,0,0,0,0,0
приятель,0,0,0,0,0,0,1,0,0,1
материал,0,0,0,0,0,0,0,0,0,0
материализм,0,0,0,0,0,1,0,0,0,0
материалист,0,0,1,0,0,1,0,0,0,0
материалистический,0,0,0,0,0,0,0,0,0,0
существенность,0,0,0,0,0,0,0,0,0,0
материализоваться,0,0,0,0,0,0,0,0,0,0
материально,0,0,0,0,0,0,0,0,0,0
материалы,0,0,0,0,0,0,0,0,0,0
техника,0,0,0,0,0,0,0,0,0,0
материнский,0,1,0,0,0,1,1,0,0,0
материнство,0,0,0,0,0,0,0,0,0,0
математический,0,0,0,0,0,0,0,0,0,1
математик,0,0,0,0,0,0,0,0,0,0
математика,0,0,0,0,0,0,0,0,0,0
аттестат зрелости,0,0,0,0,0,0,0,0,0,0
брак,0,1,0,0,1,0,1,0,0,1
матрица,0,0,0,0,0,0,0,0,0,0
надзирательница,0,0,0,0,0,0,1,0,0,1
спутанный,0,0,0,0,0,0,0,0,0,0
иметь значение,0,0,0,0,0,0,0,0,0,0
матирование,0,0,0,0,0,0,0,0,0,0
матрас,0,0,0,0,0,0,0,0,0,0
созревание,0,0,0,0,0,0,0,0,0,0
зрелость,0,0,0,0,0,0,0,0,0,0
мавзолей,0,0,0,0,0,0,0,1,0,0
лиловый,0,0,0,0,0,0,0,0,0,0
Максим,0,0,0,0,0,0,0,0,0,1
максимум,0,0,0,0,0,0,1,0,0,0
мэр,0,0,0,0,0,0,1,0,0,0
лабиринт,0,0,0,0,0,0,0,0,0,0
медовуха,0,0,0,0,0,0,0,0,0,0
луг,0,0,0,0,0,0,1,0,0,0
еда,0,0,0,0,0,0,0,0,0,0
меандр,0,0,0,0,0,0,0,0,0,0
блуждающий,0,0,0,0,0,1,0,0,0,0
значение,0,0,0,0,0,0,0,0,0,0
бессмысленный,0,0,0,0,0,1,0,1,0,0
означает,0,0,0,0,0,0,0,0,0,0
тем временем,0,0,0,0,0,0,0,0,0,0
корь,0,0,1,1,0,1,0,1,0,0
измеримый,0,0,0,0,0,0,0,0,0,0
мера,0,0,0,0,0,0,0,0,0,1
измеренный,0,0,0,0,0,0,1,0,0,1
измерение,0,0,0,0,0,0,0,0,0,0
измерение,0,0,0,0,0,0,0,0,0,0
мясо,0,0,0,0,0,0,0,0,0,0
механик,0,0,0,0,0,0,0,0,0,0
механический,0,0,0,0,0,0,0,0,0,0
механизм,0,0,0,0,0,0,0,0,0,0
медаль,0,1,0,0,1,0,1,0,1,1
медальон,0,0,0,0,0,0,0,0,0,0
медалист,0,0,0,0,0,0,0,0,0,0
вмешиваться,1,0,0,0,0,1,0,0,0,0
вмешательство,0,0,0,0,0,0,0,0,0,0
СМИ,0,0,0,0,0,0,0,0,0,0
средний,0,0,0,0,0,0,0,0,0,0
медиана,0,0,0,0,0,0,0,0,0,0
посредничать,0,1,0,0,0,0,1,0,0,1
посредничество,0,0,0,0,0,0,1,0,0,0
посредник,0,1,0,0,0,0,1,0,0,1
медицинский,0,1,0,1,0,0,1,0,0,1
лекарственный,0,0,0,0,0,0,0,0,0,0
лекарственное средство,0,0,0,0,0,0,0,0,0,0
средневековый,0,0,0,0,0,0,0,0,0,0
посредственный,0,0,0,0,0,1,0,0,0,0
посредственность,0,0,0,0,0,1,0,0,0,0
медитировать,0,1,0,0,1,0,1,0,0,1
медитация,0,0,0,0,0,0,0,0,0,0
медитативное,0,0,0,0,0,0,0,0,0,0
средиземноморский,0,0,0,0,0,0,1,0,0,0
средний,0,0,0,0,0,0,0,0,0,0
попурри,0,0,0,0,0,0,1,0,0,0
кроткий,0,0,0,0,0,0,0,1,0,0
встретиться,0,0,0,0,0,0,0,0,0,0
встреча,0,0,0,0,0,0,0,0,0,0
меланхоличный,0,0,0,0,0,1,0,1,0,0
меланхолия,0,0,0,0,0,1,0,1,0,0
ближний бой,0,0,0,1,0,1,0,0,0,0
мелодичный,0,0,0,0,0,0,0,0,0,0
мелодрама,1,0,0,0,0,1,0,1,0,0
мелодраматический,0,0,0,0,0,0,0,0,0,0
мелодия,0,0,0,0,0,0,0,0,0,0
таять,0,0,0,0,0,0,0,0,0,0
расплавление,0,0,0,0,0,1,0,1,0,0
плавление,0,0,0,0,0,0,0,0,0,0
член,0,0,0,0,0,0,0,0,0,0
мембрана,0,0,0,0,0,0,0,0,0,0
сувенир,0,0,0,0,0,0,1,0,0,0
памятка,0,0,0,0,0,0,0,0,0,0
мемуары,0,0,0,0,0,0,0,0,0,0
памятные вещи,0,0,0,0,0,0,0,0,0,0
памятный,0,0,0,0,1,0,1,0,1,1
меморандум,0,0,0,0,0,0,0,0,0,0
мемориал,0,0,0,0,0,0,0,0,0,0
мемориалы,0,0,0,0,0,0,0,1,0,0
запоминать,0,0,0,0,0,0,0,0,0,0
Память,0,0,0,0,0,0,0,0,0,0
угроза,1,0,0,1,0,1,0,0,0,0
угрожающий,1,0,0,1,0,1,0,0,0,0
зверинец,0,0,0,0,0,0,0,0,0,0
исправить,0,0,0,0,0,0,0,0,0,0
починка,0,0,0,0,0,0,1,0,0,0
слуга,0,0,0,0,0,1,0,0,0,0
мениск,0,0,0,0,0,0,0,0,0,0
менструация,0,0,0,0,0,0,1,0,0,0
менструальный,0,0,0,0,0,0,0,0,0,0
психический,0,0,0,0,0,0,0,0,0,0
упомянуть,0,0,0,0,0,0,0,0,0,0
наставник,0,0,0,0,0,0,1,0,0,1
меню,0,0,0,0,0,0,0,0,0,0
мяу,0,0,0,0,0,0,0,0,0,0
меркантильный,0,0,0,0,0,0,0,0,0,0
наемник,0,0,0,1,0,1,0,0,0,0
товар,0,0,0,0,0,0,0,0,0,0
торговец,0,0,0,0,0,0,0,0,0,1
милосердный,0,0,0,0,0,0,1,0,0,0
безжалостный,0,0,0,1,0,1,0,0,0,0
переменчивый,0,0,0,0,0,0,0,0,0,0
милосердие,0,0,0,0,0,0,1,0,0,0
простой,0,0,0,0,0,0,0,0,0,0
сливаться,0,1,0,0,0,0,1,0,0,0
меридиан,0,0,0,0,0,0,0,0,0,0
меридиональный,0,0,0,0,0,0,0,0,0,0
цена,0,0,0,0,0,0,1,0,0,1
заслуженный,0,0,0,0,1,0,1,0,0,1
Русалочка,0,0,0,0,0,0,0,0,0,0
веселье,0,0,0,0,1,0,1,0,1,0
веселый,0,0,0,0,1,0,1,0,0,0
плато,0,0,0,0,0,0,0,0,0,0
сетка,0,0,0,0,0,0,0,0,0,0
сетки,0,0,0,0,0,0,0,0,0,0
загипнотизированный,0,0,0,0,0,0,0,0,0,0
беспорядок,0,0,1,0,0,1,0,0,0,0
сообщение,0,0,0,0,0,0,0,0,0,0
посыльный,0,0,0,0,0,0,0,0,0,1
беспорядочный,0,0,1,0,0,1,0,0,0,0
метаболизм,0,0,0,0,0,0,0,0,0,0
металл,0,0,0,0,0,0,0,0,0,0
металлургия,0,0,0,0,0,0,0,0,0,0
метаморфоза,0,0,0,0,0,0,0,0,0,0
метафора,0,0,0,0,0,0,0,0,0,0
метафорический,0,0,0,0,0,0,0,0,0,0
метафизический,0,0,0,0,0,0,0,0,0,0
метафизика,0,0,0,0,0,0,0,0,0,0
метастазы,0,0,0,0,0,1,0,0,0,0
метеор,0,0,0,0,0,0,0,0,0,0
метеоритный,0,0,0,0,0,0,0,0,0,0
метеорит,0,0,0,0,0,0,0,0,0,0
метеорологический,0,0,0,0,0,0,0,0,0,0
метеорология,0,0,0,0,0,0,0,0,0,0
метр,0,0,0,0,0,0,0,0,0,0
метанол,0,0,0,0,0,1,0,0,0,0
метод,0,0,0,0,0,0,0,0,0,0
методичный,0,0,0,0,0,0,0,0,0,0
дотошный,0,0,0,0,0,0,0,0,0,0
метрика,0,0,0,0,0,0,0,0,0,0
метрический,0,0,0,0,0,0,0,0,0,0
метрология,0,0,0,0,0,0,0,0,0,0
мегаполис,0,0,0,0,0,0,0,0,0,0
столичный,0,0,0,0,0,0,1,0,0,0
характер,0,0,0,0,0,0,1,0,0,0
мяу,0,0,0,0,0,0,0,0,0,0
слюда,0,0,0,0,0,0,0,0,0,0
Мик,0,0,0,0,0,0,0,0,0,0
микроб,0,0,0,0,0,0,0,0,0,0
микробиология,0,0,0,0,0,0,0,0,0,0
микрокосм,0,0,0,0,0,0,0,0,0,0
микрограмм,0,0,0,0,0,0,0,0,0,0
микрометр,0,0,0,0,0,0,0,0,0,0
микрон,0,0,0,0,0,0,0,0,0,0
микрофон,0,0,0,0,0,0,0,0,0,0
микроскоп,0,0,0,0,0,0,0,0,0,1
микроскопический,0,0,0,0,0,0,0,0,0,0
микроскопически,0,0,0,0,0,0,0,0,0,0
микроскопия,0,0,0,0,0,0,1,0,0,0
середина,0,0,0,0,0,0,0,0,0,0
полдень,0,0,0,0,0,0,0,0,0,0
середина,0,0,0,0,0,0,0,0,0,0
посредник,0,0,0,0,0,0,0,0,0,0
Мидленд,0,0,0,0,0,0,0,0,0,0
полночь,0,0,0,0,0,0,0,0,0,0
среди,0,0,0,0,0,0,0,0,0,0
середина лета,0,0,0,0,0,0,0,0,0,0
на полпути,0,0,0,0,0,0,0,0,0,0
акушерка,0,1,0,0,1,1,1,0,0,1
акушерство,0,0,0,0,0,0,1,0,0,0
вид,0,0,0,0,0,0,0,0,0,0
могущественный,1,0,0,1,1,0,1,0,0,1
мигрировать,0,0,0,0,0,0,0,0,0,0
миграция,0,0,0,0,0,0,0,0,0,0
мигрирующий,0,0,0,0,0,0,0,0,0,0
Майк,0,0,0,0,0,0,0,0,0,0
плесень,0,0,1,0,0,1,0,0,0,0
миля,0,0,0,0,0,0,0,0,0,0
пробег,0,0,0,0,0,0,0,0,0,0
веха,0,0,0,0,0,0,0,0,0,0
воинствующий,0,0,0,0,0,0,0,0,0,0
военный,0,0,0,1,0,0,0,0,0,0
милиция,1,0,0,1,0,1,0,1,0,0
молоко,0,0,0,0,0,0,0,0,0,0
молочный,0,0,0,0,0,0,0,0,0,0
мельница,0,1,0,0,0,0,0,0,0,0
тысячелетие,0,0,0,0,0,0,0,0,0,0
миллиграмм,0,0,0,0,0,0,0,0,0,0
миллиметр,0,0,0,0,0,0,0,0,0,0
миллион,0,0,0,0,0,0,0,0,0,0
миллионер,0,0,0,0,0,0,0,0,0,0
пантомима,0,0,0,0,0,0,1,0,0,0
имитировать,0,0,0,0,0,0,0,0,0,0
подражание,0,0,0,0,0,0,0,0,0,0
мимикрия,0,0,0,0,0,1,0,0,1,0
разум,0,0,0,0,0,0,0,0,0,0
мыслящий,0,0,0,0,0,0,0,0,0,0
"внимательный, помнящий",0,0,0,0,0,0,1,0,0,0
внимательность,0,0,0,0,0,0,1,0,0,0
мой,0,0,0,0,0,0,0,0,0,0
шахтер,0,0,0,0,0,0,0,0,0,0
минеральная,0,0,0,0,0,0,0,0,0,0
минералогия,0,0,0,0,0,0,0,0,0,0
смешаться,0,0,0,0,0,0,0,0,0,0
смешанный,0,0,0,0,0,0,0,0,0,0
миниатюрный,0,0,0,0,0,0,0,0,0,0
микроавтобус,0,0,0,0,0,0,0,0,0,0
минимум,0,0,0,0,0,0,0,0,0,0
свести к минимуму,0,0,0,0,0,1,0,0,0,0
минимум,0,0,0,0,0,1,0,0,0,0
министр,0,0,0,0,0,0,0,0,0,0
министерский,0,0,0,0,0,0,0,0,0,0
министерство,0,0,0,0,1,0,1,0,0,1
минивэн,0,0,0,0,0,0,0,0,0,0
пескарь,0,0,0,0,0,0,0,0,0,0
незначительный,0,0,0,0,0,0,0,0,0,0
меньшинство,0,0,0,0,0,1,0,0,0,0
менестрель,0,0,0,0,0,0,0,0,0,0
монетный двор,0,0,0,0,0,0,0,0,0,0
крошечный,0,0,0,0,0,0,0,0,0,0
минута,0,0,0,0,0,0,0,0,0,0
мелочи,0,0,0,0,0,0,0,0,0,0
мир,0,0,0,0,0,0,0,0,0,0
чудо,0,1,0,0,1,0,1,0,1,1
чудесный,0,0,0,0,1,0,1,0,1,0
мираж,0,0,0,0,0,0,0,0,0,0
болото,0,0,1,0,0,1,0,0,0,0
зеркало,0,0,0,0,0,0,0,0,0,0
веселье,0,0,0,0,1,0,1,0,0,0
незаконное присвоение,0,0,0,0,0,0,0,0,0,0
плохое поведение,1,0,1,0,0,1,0,0,1,0
выкидыш,0,0,0,1,0,1,0,1,0,0
разнообразный,0,0,0,0,0,0,0,0,0,0
разное,0,0,0,0,0,0,0,0,0,0
несчатье,0,0,0,0,0,1,0,0,0,0
озорной,0,0,0,0,0,1,0,0,0,0
заблуждение,1,0,1,1,0,1,0,0,0,0
проступок,0,0,1,0,0,1,0,0,0,0
проступок,0,0,0,0,0,0,0,0,0,0
убогий,1,0,1,0,0,1,0,1,0,0
с треском,0,0,0,0,0,1,0,1,0,0
невзгоды,1,0,1,1,0,1,0,1,0,0
несчастье,0,0,0,1,0,1,0,1,0,0
заблуждающийся,0,0,1,0,0,1,0,0,0,0
неудача,0,0,1,1,0,1,0,1,1,0
дезинформирован,0,0,0,0,0,0,0,0,0,0
неправильное толкование,0,0,0,0,0,1,0,0,0,0
ввести в заблуждение,1,0,0,1,0,1,0,0,0,1
вводящий в заблуждение,1,0,1,0,0,1,0,0,0,0
бесхозяйственность,0,0,0,0,0,1,0,0,0,0
несоответствие,0,0,0,0,0,1,0,0,0,0
несоответствие,0,0,0,0,0,0,0,0,0,0
неправильное название,0,0,0,0,0,1,0,0,0,0
неуместно,1,0,1,0,0,1,0,0,0,0
неуместный,0,0,0,0,0,1,0,0,0,0
искажать,0,0,0,0,0,1,0,0,0,0
введение в заблуждение,0,0,0,0,0,1,0,1,0,0
искаженный,1,0,0,0,0,1,0,0,0,0
скучать,0,0,0,0,0,0,0,0,0,0
ракета,0,0,0,1,0,0,0,0,0,0
отсутствующий,0,0,0,1,0,1,0,1,0,0
миссия,0,0,0,0,0,0,0,0,0,0
миссионер,0,0,0,0,0,0,1,0,0,0
искажение,1,0,1,0,0,1,0,0,0,0
туман,0,0,0,0,0,0,0,0,0,0
ошибка,0,0,0,0,0,1,0,1,0,0
ошибся,0,0,0,1,0,1,0,0,0,0
Господин,0,0,0,0,0,0,0,0,0,0
госпожа,1,0,1,0,0,1,0,0,0,0
недоверие,0,0,1,1,0,1,0,0,0,0
туманный,0,0,0,0,0,0,0,0,0,0
неправильно понимать,0,0,0,0,0,1,0,0,0,0
непонимание,1,0,0,0,0,1,0,1,0,0
злоупотребление,0,0,0,0,0,1,0,0,0,0
клещ,0,0,1,0,0,1,0,0,0,0
митра,0,0,0,0,0,0,0,0,0,0
смягчение,0,0,0,0,0,0,0,0,0,0
смешивание,0,0,0,0,0,0,0,0,0,0
смешанный,0,0,0,0,0,0,0,0,0,0
смесь,0,0,0,0,0,0,0,0,0,0
стон,0,0,0,1,0,0,0,1,0,0
ров,0,0,0,0,0,0,0,0,0,1
толпа,1,0,0,1,0,1,0,0,0,0
мобильный,0,1,0,0,0,0,0,0,0,0
мобильность,0,0,0,0,0,0,0,0,0,0
мобилизация,0,0,0,0,0,0,0,0,0,0
мобилизовать,0,0,0,0,0,0,0,0,0,0
насмешка,0,0,1,0,0,1,0,0,0,0
насмешливый,1,0,1,0,0,1,0,1,0,0
модальный,0,0,0,0,0,0,0,0,0,0
модальность,0,0,0,0,0,0,0,0,0,0
Режим,0,0,0,0,0,0,0,0,0,0
модель,0,0,0,0,0,0,1,0,0,0
модельер,0,0,0,0,0,0,0,0,0,0
умеренный,0,0,0,0,0,0,1,0,0,0
умеренно,0,0,0,0,0,0,0,0,0,0
модерация,0,0,0,0,0,0,0,0,0,0
Умеренность,0,0,0,0,0,0,0,0,0,0
Модератор,0,0,0,0,0,0,1,0,0,1
современный,0,0,0,0,0,0,0,0,0,0
модернизм,0,0,0,0,0,0,0,0,0,0
скромный,0,0,0,0,0,0,1,0,0,1
скромность,0,0,0,0,0,0,1,0,0,0
хоть немного,0,0,0,0,0,0,0,0,0,0
модифицируемый,0,0,0,0,0,0,0,0,0,0
модификация,0,0,0,0,0,0,0,0,0,0
модифицированный,0,0,0,0,0,0,0,0,0,0
изменить,0,0,0,0,0,0,0,0,1,0
модулировать,0,0,0,0,0,0,0,0,0,0
модуляция,0,0,0,0,0,0,0,0,0,0
модуль,0,0,0,0,0,0,0,0,0,0
модуль,0,0,0,0,0,0,0,0,0,0
магнат,0,0,0,0,0,0,0,0,0,0
часть,0,0,0,0,0,0,0,0,0,0
влажный,0,0,0,0,0,0,0,0,0,0
влага,0,0,0,0,0,0,0,0,0,0
моляр,0,0,0,0,0,0,0,0,0,0
патока,0,0,0,0,0,0,0,0,0,0
плесень,0,0,0,0,0,0,0,0,0,0
формованный,0,0,0,0,0,0,0,0,0,0
формование,0,0,0,0,0,0,0,0,0,0
заплесневелый,0,0,0,0,0,0,0,0,0,0
молекулярный,0,0,0,0,0,0,0,0,0,0
молекула,0,0,0,0,0,0,0,0,0,0
приставание,1,0,1,1,0,1,0,1,0,0
расплавленный,0,0,0,0,0,0,0,0,0,0
момент,0,0,0,0,0,0,0,0,0,0
мгновенный,0,0,0,0,0,0,0,0,0,0
важный,0,0,0,0,0,0,0,0,0,0
импульс,0,1,0,0,0,0,1,0,0,0
монада,0,0,0,0,0,0,0,0,0,0
монарх,0,0,0,0,0,0,0,0,0,0
монархия,0,0,0,0,0,0,0,0,0,0
монастырь,0,0,0,0,0,0,0,0,0,0
монашеский,0,0,0,0,0,0,0,0,0,0
денежный,0,1,0,0,0,0,1,0,0,0
Деньги,1,1,0,0,1,0,1,0,1,1
монах,0,0,0,0,0,0,1,0,0,1
обезьяна,0,0,0,0,0,0,0,0,0,0
монохромный,0,0,1,0,0,1,0,0,0,0
моногамия,0,0,0,0,0,0,0,0,0,1
монограмма,0,0,0,0,0,0,0,0,0,0
монография,0,0,0,0,0,0,0,0,0,0
монослой,0,0,0,0,0,0,0,0,0,0
монолог,0,0,0,0,0,0,0,0,0,0
монополист,0,0,0,0,0,1,0,0,0,0
монополия,0,0,0,0,0,0,0,0,0,0
монотонность,0,0,0,0,0,0,0,0,0,0
сезон дождей,0,0,0,0,0,1,0,1,0,0
монстр,0,0,0,1,0,1,0,0,0,0
чудовищность,1,0,1,1,0,1,0,0,1,0
монте,0,0,0,0,0,0,0,0,0,0
месяц,0,0,0,0,0,0,0,0,0,0
ежемесячно,0,0,0,0,0,0,0,0,0,0
памятник,0,0,0,0,0,0,1,0,0,0
монументальный,0,0,0,0,0,0,0,0,0,0
мычание,0,0,0,0,0,0,0,0,0,0
настроения,0,0,0,0,0,0,0,0,0,0
угрюмый,1,0,0,0,0,1,0,1,0,0
луна,0,0,0,0,0,0,0,0,0,0
лунный свет,0,0,0,0,0,0,0,0,0,0
пришвартован,0,0,0,0,0,0,0,0,0,0
швартовка,0,0,0,0,0,0,0,0,0,0
причалы,0,0,0,0,0,0,0,0,0,1
вересковая пустошь,0,0,0,0,0,0,0,0,0,0
лось,0,0,0,0,0,0,0,0,0,0
спорный,0,0,0,0,0,1,0,0,0,0
обсуждался,0,0,0,0,0,0,0,0,0,0
швабра,0,0,0,0,0,0,0,0,0,0
моральный,1,0,0,0,0,0,1,0,0,1
мораль,0,0,0,0,0,0,1,0,0,1
мораль,1,1,1,0,1,0,1,0,1,1
болото,0,0,0,0,0,0,0,0,0,0
мораторий,0,0,0,0,0,0,0,0,0,0
болезненный,0,0,0,0,0,1,0,1,0,0
заболеваемость,1,0,1,1,0,1,0,1,0,0
морг,0,0,1,1,0,1,0,1,0,0
умирающий,0,0,0,0,0,1,0,1,0,0
утро,0,1,0,0,0,0,0,0,0,0
утро,0,0,0,0,0,0,0,0,0,0
придурок,0,0,0,0,0,1,0,0,0,0
слабоумный,0,0,0,0,0,1,0,0,0,0
морфий,0,0,0,0,0,0,0,0,0,0
морфизм,0,0,0,0,0,0,0,0,0,0
морфология,0,0,0,0,0,0,0,0,0,0
завтра,0,1,0,0,0,0,0,0,0,0
кусочек,0,0,0,0,0,1,0,0,0,0
смертный,0,0,0,0,0,1,0,0,0,0
смертность,1,0,0,1,0,1,0,1,0,0
миномет,0,0,0,0,0,0,1,0,0,0
ипотека,0,0,0,1,0,0,0,0,0,0
залогодержатель,0,0,0,0,0,0,0,0,0,1
залогодатель,0,0,0,1,0,0,0,0,0,0
умерщвление,0,1,1,1,0,1,0,1,0,0
морг,0,0,0,1,0,1,0,1,0,0
мозаика,0,0,0,0,0,0,0,0,0,0
комар,1,0,1,0,0,1,0,0,0,0
мох,0,0,0,0,0,0,0,0,0,0
мшистый,0,0,0,0,0,0,0,0,0,0
соринка,0,0,0,0,0,0,0,0,0,0
мотылек,0,0,0,0,0,0,0,0,0,0
мать,0,1,0,0,1,1,1,1,0,1
материнство,0,0,0,0,1,0,1,0,0,1
движение,0,1,0,0,0,0,0,0,0,0
неподвижный,0,0,0,0,0,0,0,0,0,0
мотив,0,0,0,0,0,0,1,0,0,0
пестрый,0,0,0,0,0,0,0,0,0,0
двигатель,0,0,0,0,0,0,0,0,0,0
мотоцикл,0,0,0,0,0,0,0,0,0,0
мотоцикл,0,0,0,0,0,0,0,0,0,0
мотт,0,0,0,0,0,0,0,0,0,0
пятнистый,0,0,0,0,0,0,0,0,0,0
девиз,0,0,0,0,0,0,0,0,0,0
плесень,0,0,0,0,0,0,0,0,0,0
насыпь,0,0,0,0,0,0,0,0,0,0
устанавливать,0,0,0,0,0,0,0,0,0,0
гора,0,1,0,0,0,0,0,0,0,0
альпинист,0,0,0,0,0,0,0,0,0,0
гористый,0,0,0,0,0,0,0,0,0,0
оплакивать,0,0,0,0,0,1,0,1,0,0
скорбный,1,0,0,1,0,1,0,1,0,0
траур,0,0,0,0,0,1,0,1,0,0
мышь,0,0,0,0,0,0,0,0,0,0
усы,0,0,0,0,0,0,0,0,0,0
рот,0,0,0,0,0,0,0,0,1,0
полный рот,0,0,1,0,0,0,0,0,0,0
мундштук,0,0,0,0,0,0,0,0,0,0
подвижный,0,0,0,0,0,0,1,0,0,0
шаг,0,0,0,0,0,0,0,0,0,0
движение,0,0,0,0,0,0,0,0,0,0
двигатель,0,0,0,0,0,0,1,0,0,0
кино,0,0,0,0,0,0,0,0,0,0
движущийся,0,0,0,0,0,0,0,0,0,0
косить,0,0,0,0,0,0,0,0,0,0
грязь,0,0,1,0,0,1,0,0,0,0
слизистый,0,0,1,0,0,0,0,0,0,0
слизь,0,0,1,0,0,0,0,0,0,0
грязь,0,0,0,0,0,1,0,0,0,0
беспорядок,0,0,0,0,0,1,0,0,0,0
запутанный,0,0,0,0,0,1,0,0,0,0
грязный,0,0,1,0,0,1,0,0,0,0
муфта,1,0,1,0,0,1,0,0,0,0
приглушенный,0,0,0,0,0,0,0,0,0,0
глушитель,0,0,0,0,0,0,0,0,0,0
кружка,1,0,0,1,0,1,1,1,0,0
мул,1,0,0,0,0,1,0,0,0,1
многосторонний,0,0,0,0,0,0,0,0,0,0
несколько,0,0,0,0,0,0,0,0,0,0
мультиплекс,0,0,0,0,0,0,0,0,0,0
умножение,0,0,0,0,0,0,0,0,0,0
множественность,0,0,0,0,0,0,0,0,0,0
умноженный,0,0,0,0,0,0,0,0,0,0
множитель,0,0,0,0,0,0,0,0,0,0
умножать,0,0,0,0,0,0,0,0,0,0
множество,0,0,0,0,0,0,0,0,0,0
мама,0,0,0,1,0,1,0,0,0,0
бормотать,0,0,0,0,0,1,0,0,0,0
мумия,0,0,0,0,0,0,0,0,0,0
свинка,0,0,0,0,0,1,0,0,0,0
жевать,0,0,0,0,0,0,0,0,0,0
земной,0,0,0,0,0,0,0,0,0,0
муниципальный,0,0,0,0,0,0,0,0,0,0
муниципалитет,0,0,0,0,0,0,0,0,0,0
фреска,0,0,0,0,0,0,0,0,0,0
убийство,1,0,1,1,0,1,0,1,1,0
убийца,1,0,1,1,0,1,0,1,0,0
убийственный,1,0,1,1,0,1,0,1,1,0
мутный,0,0,1,0,0,1,0,1,0,0
ропот,0,0,0,0,0,0,0,0,0,0
мышца,0,0,0,0,0,0,0,0,0,0
мускулистый,0,0,0,0,0,0,1,0,0,0
муза,0,0,0,0,0,0,0,0,0,0
музы,0,0,0,0,0,0,0,0,0,0
музей,0,0,0,0,0,0,0,0,0,0
месиво,0,0,0,0,0,0,0,0,0,0
гриб,0,0,0,0,0,0,0,0,0,0
Музыка,0,0,0,0,1,0,1,1,0,0
музыкальный,1,1,0,0,1,0,1,1,1,1
музыкант,0,0,0,0,0,0,0,0,0,0
размышление,0,0,0,0,0,0,0,0,0,0
мускус,0,0,0,0,0,0,0,0,0,0
мушкет,0,0,0,1,0,0,0,0,0,0
муслин,0,0,0,0,0,0,0,0,0,0
беспорядок,0,0,0,0,0,1,0,0,0,0
мустанг,0,0,0,0,0,0,0,0,0,0
горчица,0,0,0,0,0,0,0,0,0,0
собрать,0,0,0,0,0,0,0,0,0,0
затхлый,0,0,1,0,0,1,0,0,0,0
изменчивый,0,1,0,0,0,0,1,0,0,0
мутант,0,0,0,0,0,1,0,0,0,0
мутация,0,0,0,0,0,0,0,0,0,0
изувеченный,0,0,1,0,0,1,0,0,0,0
увечье,1,0,1,1,0,1,0,1,0,0
мятеж,1,0,1,1,0,1,0,0,1,0
бормотать,1,0,0,0,0,1,0,0,0,0
баранина,0,0,0,0,0,0,0,0,0,0
взаимный,0,0,0,0,0,0,1,0,0,0
взаимно,0,0,0,0,0,0,0,0,0,0
морда,0,0,0,1,0,1,0,0,0,0
близорукость,1,0,0,0,0,1,0,1,0,0
близорукий,0,0,0,0,0,0,0,0,0,0
мириады,0,0,0,0,0,0,0,0,0,0
таинственный,0,1,0,1,0,0,0,0,1,0
тайна,0,1,0,0,0,0,0,0,1,0
мистика,0,0,0,0,0,0,0,0,1,0
мистический,0,0,0,0,0,0,0,0,0,0
мистика,0,0,0,0,0,0,0,0,0,0
миф,0,0,0,0,0,0,0,0,0,0
мифический,0,0,0,0,0,0,0,0,0,0
мифический,0,0,0,0,0,0,0,0,0,0
мифологический,0,0,0,0,0,0,0,0,0,0
мифология,0,0,0,0,0,0,0,0,0,0
поймать,0,0,0,0,0,1,0,0,1,0
надир,0,0,0,0,0,1,0,0,0,0
ворчать,1,0,0,0,0,1,0,0,0,0
ноготь,0,0,0,0,0,0,0,0,0,0
наивный,0,0,0,0,0,1,0,0,0,0
голый,0,0,0,0,0,0,0,0,0,0
названный,0,0,0,0,0,0,0,0,0,0
безымянный,0,0,1,0,0,1,0,0,0,0
тезка,0,0,0,0,0,0,0,0,0,0
именование,0,0,0,0,0,0,0,0,0,0
няня,0,0,0,0,0,0,0,0,0,0
нанометр,0,0,0,0,0,0,0,0,0,0
вздремнуть,0,0,0,0,1,0,1,0,0,0
затылок,0,0,0,0,0,0,0,0,0,0
салфетка,0,0,0,0,0,0,0,1,0,0
вздремнуть,0,0,0,0,0,0,0,0,0,0
подгузник,0,0,1,0,0,1,0,0,0,0
наркотический,0,0,0,0,0,1,0,0,0,0
рассказывать,0,0,0,0,0,0,0,0,0,0
повествование,0,0,0,0,0,0,0,0,0,0
повествование,0,0,0,0,0,0,0,0,0,0
рассказчик,0,0,0,0,0,0,0,0,0,0
узкий,0,0,0,0,0,0,0,0,0,0
сужение,0,0,0,0,0,0,0,0,0,0
зарождающийся,0,1,0,0,0,0,0,0,0,0
противный,1,0,1,1,0,1,0,1,0,0
родовой,0,0,0,0,0,0,0,0,0,0
нация,0,0,0,0,0,0,0,0,0,1
национальный,0,0,0,0,0,0,0,0,0,0
Национальность,0,0,0,0,0,0,0,0,0,0
родной,0,0,0,0,0,0,0,0,0,0
Рождество,0,0,0,0,0,0,0,0,0,0
натуралист,0,0,0,0,0,0,1,0,0,0
натурализация,0,0,0,0,0,0,0,0,0,0
натурализованный,0,0,0,0,0,0,0,0,0,0
естественно,0,0,0,0,0,0,0,0,0,0
природа,0,0,0,0,0,0,0,0,0,0
ничего,0,0,0,0,0,0,0,0,0,0
непослушный,0,0,0,0,0,1,0,0,0,0
тошнота,0,0,1,0,0,1,0,0,0,0
тошнотворный,0,0,1,0,0,1,0,1,0,0
морской,0,0,0,0,0,0,0,0,0,0
военно-морской,0,0,0,0,0,0,0,0,0,0
неф,0,0,0,0,0,0,0,0,0,0
пупок,0,0,0,0,0,0,0,0,0,0
судоходный,0,1,0,0,0,0,1,0,0,0
ориентироваться,0,0,0,0,0,0,0,0,0,0
навигация,0,0,0,0,0,0,0,0,0,0
навигатор,0,1,0,0,0,0,0,0,0,1
военно-морской,0,0,0,0,0,0,0,0,0,0
нет,0,0,0,0,0,1,0,0,0,0
аккуратно,0,0,0,0,0,0,1,0,0,0
туманность,0,0,0,0,0,0,0,0,0,0
туманности,0,0,0,0,0,0,0,0,0,0
туманный,0,0,0,0,0,0,0,0,0,0
обязательно,0,0,0,0,0,0,0,0,0,0
сделать необходимым,0,0,0,0,0,0,0,0,0,0
потребности,0,0,0,0,0,0,0,0,0,0
необходимость,0,0,0,0,0,0,0,1,0,0
шея,0,0,0,0,0,0,0,0,0,0
ожерелье,0,0,0,0,0,0,0,0,0,0
некроз,0,0,0,0,0,0,0,0,0,0
нектар,0,0,0,0,0,0,1,0,0,0
необходимый,0,0,0,0,0,1,0,0,0,0
иголка,0,0,0,0,0,0,1,0,0,0
бесполезный,0,0,0,0,0,0,0,0,0,0
нуждающийся,0,0,0,0,0,1,0,0,0,0
гнусный,0,0,1,1,0,1,0,1,1,0
отрицание,1,0,0,0,0,1,0,0,0,0
отрицательный,0,0,0,0,0,1,0,1,0,0
пренебрегать,0,0,0,0,0,1,0,0,0,0
заброшенный,1,0,1,0,0,1,0,1,0,0
пренебрежение,0,0,0,0,0,1,0,0,0,0
небрежность,0,0,0,0,0,1,0,0,0,0
небрежный,0,0,0,0,0,1,0,0,0,0
небрежно,0,0,0,0,0,1,0,0,0,0
незначительный,0,0,0,0,0,0,0,0,0,0
вести переговоры,0,0,0,0,0,0,1,0,0,1
Переговоры,0,0,0,0,0,0,0,0,0,0
переговорщик,0,0,0,0,0,0,1,0,0,0
негр,0,0,0,0,0,1,0,1,0,0
ржать,0,0,0,0,0,0,0,0,0,0
сосед,0,1,0,0,0,0,1,0,0,1
район,0,1,0,0,0,0,0,0,0,0
соседний,0,0,0,0,0,0,0,0,0,0
неонатальный,0,0,0,0,0,0,0,0,0,0
неофит,0,0,0,0,0,0,0,0,0,0
неопрен,0,0,0,0,0,0,0,0,0,0
племянник,0,0,0,0,0,0,0,0,0,0
кумовство,1,0,1,0,0,1,0,1,0,0
нерв,0,0,0,0,0,0,1,0,0,0
нервный,0,1,0,1,0,1,0,0,0,0
нервозность,0,0,0,1,0,0,0,0,0,0
принадлежность,0,0,0,0,0,0,0,0,0,0
гнездо,0,0,0,0,0,0,0,0,0,1
прижиматься,0,0,0,0,0,0,1,0,0,1
птенец,0,0,0,0,0,0,0,0,0,0
сеть,0,0,0,0,0,0,0,0,0,0
Нижняя,1,0,0,1,0,1,0,1,0,0
сетка,0,0,0,0,0,0,0,0,0,0
крапива,1,0,1,0,0,1,0,0,0,0
сеть,0,1,0,0,0,0,0,0,0,0
невралгия,0,0,0,1,0,1,0,1,0,0
неврология,0,0,0,0,0,0,0,0,0,0
невроз,0,0,0,1,0,1,0,1,0,0
невротик,0,0,1,1,0,1,0,0,0,0
средний,0,0,0,0,0,0,0,0,0,0
нейтральный,0,1,0,0,0,0,0,0,0,1
нейтралитет,0,0,0,0,0,0,0,0,0,1
нейтрализовать,0,0,0,0,0,0,0,0,0,0
новорожденный,0,0,0,0,0,0,0,0,0,0
новичок,0,0,0,1,0,0,0,0,1,0
недавно,0,0,0,0,0,0,0,0,0,0
новизна,0,0,0,0,0,0,0,0,0,0
Новости,0,0,0,0,0,0,0,0,0,0
газета,0,0,0,0,0,0,0,0,0,0
киоск,0,0,0,0,0,0,0,0,0,0
перо,0,0,0,0,0,0,0,0,0,0
грызть,0,0,0,0,0,0,0,0,0,0
ниша,0,0,0,0,0,0,0,0,0,0
нихты,0,0,0,0,0,0,0,0,0,0
Ник,0,0,0,0,0,0,0,0,0,0
никель,0,0,0,0,0,0,0,0,0,0
прозвище,0,0,0,0,0,0,0,0,0,0
никотин,0,0,1,0,0,1,0,0,0,0
племянница,0,0,0,0,0,0,0,0,0,0
близко,0,0,0,0,0,0,0,0,0,0
ночь,0,0,0,0,0,0,0,0,0,0
сумерки,0,0,0,0,0,0,0,0,0,0
соловей,0,0,0,0,0,0,0,0,0,0
кошмар,0,0,0,1,0,1,0,0,0,0
нигилизм,0,0,0,0,0,1,0,0,0,0
ноль,0,0,0,0,0,0,0,0,0,0
проворный,0,0,0,0,0,0,0,0,0,0
девяносто,0,0,0,0,0,0,0,0,0,0
девятый,0,0,0,0,0,0,0,0,0,0
щипать,0,0,0,0,0,0,0,0,0,0
соска,0,0,0,0,0,0,0,0,0,0
никс,0,0,0,0,0,0,0,0,0,0
благородство,0,1,0,0,0,0,1,0,0,1
благородный,0,0,0,0,0,0,1,0,0,1
дворянин,0,0,0,0,0,0,1,0,0,1
ночной,0,0,0,0,0,0,0,0,0,0
кивок,0,0,0,0,0,0,0,0,0,0
кивая,0,0,0,0,0,0,0,0,0,0
узел,0,0,0,0,0,0,0,0,0,0
узелковый,0,0,0,0,0,0,0,0,0,0
узелок,0,0,0,0,0,0,0,0,0,0
шум,0,0,0,0,0,1,0,0,0,0
шумный,1,0,0,0,0,1,0,0,0,0
кочевник,0,0,0,0,0,0,0,0,0,0
кочевой,0,0,0,0,0,0,0,0,0,0
номенклатура,0,0,0,0,0,0,0,0,0,0
номинальный,0,0,0,0,0,0,0,0,0,0
выдвигать,0,0,0,0,0,0,0,0,0,0
номинация,0,0,0,0,0,0,1,0,0,0
номинант,0,0,0,0,0,0,0,0,0,0
одноразовый номер,0,0,0,0,0,0,0,0,0,0
несоблюдение,1,1,0,1,0,1,0,1,0,0
невзрачный,0,0,0,0,0,0,0,0,0,0
несуществующий,0,0,0,0,0,0,0,0,0,0
неуплата,0,0,0,0,0,0,0,0,0,0
нерезидент,0,0,0,0,0,0,0,0,0,0
бред какой то,0,0,0,0,0,1,0,0,0,0
бессмысленный,0,0,0,0,0,1,0,1,0,0
лапша,0,0,0,0,0,0,0,0,0,0
уголок,0,0,0,0,0,0,0,0,0,0
полдень,0,0,0,0,0,0,0,0,0,0
петля,0,0,0,0,0,1,0,1,0,0
норма,0,0,0,0,0,0,0,0,0,0
обычный,0,0,0,0,0,0,0,0,0,0
нормальность,0,0,0,0,0,0,0,0,0,0
нормальность,0,0,0,0,0,0,1,0,0,0
нос,0,0,1,0,0,0,0,0,0,0
ностальгия,0,0,0,0,0,0,0,0,0,0
ноздря,0,0,0,0,0,0,0,0,0,0
заметный,0,0,0,0,1,0,1,0,0,1
знаменитости,0,0,0,0,0,0,1,0,0,0
особенно,0,0,0,0,0,0,0,0,0,0
нотариус,0,0,0,0,0,0,0,0,0,1
обозначение,0,0,0,0,0,0,0,0,0,0
выемка,0,0,0,0,0,0,0,0,0,0
зубчатый,0,0,0,0,0,0,0,0,0,0
примечание,0,0,0,0,0,0,0,0,0,0
ноутбук,0,0,0,0,0,0,0,0,0,0
принято к сведению,0,0,0,0,0,0,1,0,0,0
примечательный,0,0,0,0,0,0,0,0,0,0
ничто,0,0,0,0,0,1,0,1,0,0
уведомление,0,0,0,0,0,0,0,0,0,0
заметный,0,0,0,0,0,0,0,0,0,0
уведомление,0,1,0,0,0,0,0,0,0,0
уведомлять,0,0,0,0,0,0,0,0,0,0
понятие,0,0,0,0,0,0,1,0,0,0
условный,0,0,0,0,0,0,0,0,0,0
известность,1,0,1,1,0,1,1,0,0,0
несмотря на,0,0,0,0,0,0,0,0,0,0
ничего,0,0,0,0,0,0,0,0,0,0
существительное,0,0,0,0,0,0,0,0,0,0
питать,0,0,0,0,0,0,0,0,0,0
питание,0,0,0,0,0,0,1,0,0,0
модерн,0,0,0,0,0,0,0,0,0,0
новизна,0,0,0,0,0,0,0,0,0,0
новичок,0,0,0,0,0,0,0,0,0,0
Настоящее время,0,0,0,0,0,0,0,0,0,0
вредный,0,0,1,1,0,1,0,0,0,0
сопло,0,0,0,0,0,0,0,0,0,0
нюанс,0,0,0,0,0,0,0,0,0,0
нюансы,0,0,0,0,0,0,0,0,0,0
ядро,0,0,0,0,0,0,0,0,0,0
обнаженный,0,0,0,0,0,0,0,0,0,0
подтолкнуть,0,0,0,0,0,0,0,0,0,0
нагота,0,0,0,0,0,0,0,0,0,0
самородок,0,0,0,0,0,0,0,0,0,0
неприятность,1,0,0,0,0,1,0,0,0,0
ноль,0,0,0,0,0,1,0,0,0,0
нулевой,0,0,0,0,0,0,0,0,0,0
аннулировать,0,0,0,0,0,1,0,0,1,0
онемевший,0,0,0,0,0,1,0,0,0,0
количество,0,0,0,0,0,0,0,0,0,0
нумерация,0,0,0,0,0,0,0,0,0,0
числа,0,0,0,0,0,0,1,0,0,0
онемение,0,0,0,0,0,1,0,1,0,0
цифра,0,0,0,0,0,0,0,0,0,0
числитель,0,0,0,0,0,0,0,0,0,0
числовой,0,0,0,0,0,0,0,0,0,0
численно,0,0,0,0,0,0,0,0,0,0
многочисленные,0,0,0,0,0,0,0,0,0,0
монахиня,0,0,0,0,0,1,0,0,0,1
медсестра,0,0,0,0,0,0,1,0,0,1
детская,0,0,0,0,1,0,1,0,0,1
воспитывать,1,1,1,1,1,0,1,0,0,1
мускатный орех,0,0,0,0,0,0,0,0,0,0
питание,0,0,0,0,0,0,0,0,0,0
питательный,0,0,0,0,0,0,1,1,0,0
питательный,0,0,0,0,0,0,0,0,0,0
орехи,0,0,0,0,0,0,0,0,0,0
нимфа,0,0,0,0,0,0,0,0,0,0
болван,0,0,0,0,0,1,0,0,0,0
дуб,0,0,0,0,0,0,1,0,0,0
весло,0,0,0,0,0,0,0,0,0,0
оазис,0,1,0,0,1,0,1,0,0,1
клятва,0,0,0,0,0,0,1,0,0,1
овсянка,0,0,0,0,0,0,0,0,0,0
послушание,0,0,0,0,0,0,1,0,0,1
покорный,0,0,0,0,0,0,0,0,0,0
послушно,0,0,0,0,0,0,0,0,0,0
обелиск,0,0,0,0,0,0,0,0,0,0
толстый,0,0,1,0,0,1,0,0,0,0
ожирение,0,0,1,0,0,1,0,1,0,0
подчиниться,0,0,0,1,0,0,0,0,0,1
оби,0,0,1,1,0,1,0,0,0,0
некролог,0,0,0,0,0,1,0,1,1,0
некролог,0,0,0,0,0,1,0,1,0,0
объект,0,0,0,0,0,0,0,0,0,0
возражение,1,0,0,0,0,1,0,0,0,0
нежелательный,0,0,0,0,0,1,0,0,0,0
задача,0,1,0,0,0,0,1,0,0,1
обязательство,0,0,0,0,0,0,0,0,0,0
обязательный,0,0,0,0,0,0,0,0,0,0
обязывать,0,0,0,0,0,1,0,0,0,1
обязан,0,0,0,0,0,0,0,0,0,0
услужливый,1,1,1,1,1,0,1,0,1,1
должник,0,0,0,1,0,1,0,0,0,0
косой,0,0,0,0,0,0,0,0,0,0
уничтожить,1,0,0,1,0,1,0,1,0,0
уничтожен,1,0,0,1,0,1,0,0,0,0
уничтожение,0,0,0,1,0,1,0,1,0,0
забвение,1,0,0,1,0,1,0,0,0,0
забывчивый,0,0,0,0,0,0,0,0,0,0
продолговатый,0,0,0,0,0,0,0,0,0,0
противный,1,0,1,0,0,1,0,1,0,0
гобой,0,0,0,0,0,0,0,0,0,0
непристойный,0,0,1,0,0,1,0,0,0,0
непристойность,1,0,1,0,0,1,0,0,0,0
затемнять,0,0,0,0,0,0,0,0,0,0
затемненный,0,0,0,0,0,0,0,0,0,0
неизвестность,0,0,0,0,0,1,0,0,0,0
соблюдение,0,0,0,0,0,0,0,0,0,0
наблюдательный,0,0,0,0,0,0,1,0,0,0
наблюдение,0,0,0,0,0,0,0,0,0,0
обсерватория,0,0,0,0,0,0,0,0,0,0
наблюдать,0,0,0,0,0,0,0,0,0,0
наблюдатель,0,0,0,0,0,0,0,0,0,0
наблюдение,0,0,0,0,0,0,0,0,0,0
навязчивая идея,0,0,0,0,0,0,0,0,0,0
устаревание,0,0,0,0,0,0,0,0,0,0
препятствие,1,0,0,1,0,1,0,1,0,0
акушер,0,0,0,0,0,0,0,0,0,1
акушерство,0,0,0,0,0,0,0,0,0,0
упрямый,0,0,0,0,0,1,0,0,0,0
препятствовать,1,0,0,1,0,1,0,0,0,0
препятствие,0,0,0,0,0,1,0,0,0,0
обструктивный,1,0,0,0,0,1,0,0,0,0
получать,0,0,0,0,0,0,0,0,0,0
доступный,0,0,0,0,1,0,1,0,0,0
тупой,0,0,0,0,0,1,0,0,0,0
лицевой,0,0,0,0,0,0,0,0,0,0
очевидный,0,0,0,0,0,0,1,0,0,1
окарина,0,0,0,0,0,0,0,0,0,0
повод,0,0,0,0,0,0,0,0,0,0
случайный,0,0,0,0,0,0,0,0,1,0
время от времени,0,0,0,0,0,0,0,0,0,0
окклюзия,0,0,0,0,0,0,0,0,0,0
оккультный,0,0,1,1,0,1,0,0,0,0
занятость,0,0,0,0,0,0,0,0,0,0
жилец,0,0,0,0,0,0,1,0,0,1
оккупация,0,0,0,0,0,0,1,0,0,0
занятый,0,0,0,0,0,0,0,0,0,0
оккупант,0,0,0,0,0,0,0,0,0,0
занимать,0,0,0,0,0,0,1,0,0,0
занимающий,0,0,0,0,0,0,0,0,0,0
происходить,0,0,0,0,0,0,0,0,0,0
вхождение,0,0,0,0,0,0,0,0,0,0
океан,0,0,0,0,0,0,0,0,0,0
океанический,0,0,0,0,0,0,0,0,0,0
восьмиугольник,0,0,0,0,0,0,0,0,0,0
октава,0,0,0,0,0,0,0,0,0,0
осьминог,0,0,1,0,0,0,0,0,0,0
глазной,0,0,0,0,0,0,0,0,0,0
странность,0,0,1,0,0,1,0,1,1,0
шансы,0,0,0,0,0,0,0,0,0,0
ода,0,0,0,0,0,0,0,0,0,0
одиозный,1,0,1,1,0,1,0,0,0,0
одометр,0,0,0,0,0,0,0,0,0,0
запах,0,0,0,0,0,1,0,0,0,0
эстроген,0,0,0,0,0,0,0,0,0,0
творчество,0,0,0,0,0,0,0,0,0,0
потроха,0,0,0,0,0,0,0,0,0,0
обидеть,1,0,1,0,0,1,0,0,0,0
обиженный,1,0,0,0,0,1,0,1,0,0
преступник,1,0,1,1,0,1,0,1,0,0
оскорбление,1,0,1,1,0,1,0,1,0,0
оскорбительный,1,0,1,0,0,1,0,0,0,0
предложение,0,0,0,0,0,0,1,0,0,0
предложил,0,0,0,0,0,0,0,0,0,0
предложение,0,0,0,0,0,0,0,0,0,1
навскидку,0,0,0,0,0,1,0,0,0,0
офис,0,0,0,0,0,0,0,0,0,0
офицер,0,0,0,0,0,0,1,0,0,1
офисы,0,0,0,0,0,0,0,0,0,0
официальный,0,0,0,0,0,0,0,0,0,1
исполнять обязанности,0,0,0,0,0,0,0,0,0,0
скоро,0,0,0,0,0,1,0,0,0,0
разгрузить,0,0,0,0,0,0,0,0,0,0
компенсировать,0,1,0,0,0,0,1,0,0,0
ответвление,0,0,0,0,0,0,1,0,0,0
вне игры,0,0,0,0,0,0,0,0,0,0
часто,0,0,0,0,0,0,0,0,0,0
часто,0,0,0,0,0,0,0,0,0,0
людоед,0,0,1,1,0,1,0,0,0,0
масло,0,0,0,0,0,0,0,0,0,0
масла,0,0,0,0,0,0,0,0,0,0
мазь,0,0,0,0,0,0,0,0,0,0
обонятельный,0,1,0,0,0,1,0,0,0,0
олигархия,0,0,0,0,0,1,0,0,0,0
оливковое,0,0,0,0,0,0,0,0,0,0
омега,0,0,0,0,0,0,0,0,0,0
омлет,0,0,0,0,0,0,0,0,0,0
предзнаменование,0,1,0,1,0,1,0,0,0,0
зловещий,0,1,0,1,0,1,0,0,0,0
упущение,0,0,0,0,0,0,0,0,0,0
пропускать,0,0,0,0,0,1,0,0,0,0
опущен,0,0,0,0,0,0,0,0,0,0
омнибус,0,0,0,0,0,0,0,0,0,0
всемогущество,0,0,0,1,0,1,1,0,0,0
всемогущий,0,0,0,0,0,0,0,0,0,0
вездесущий,0,0,0,0,0,0,0,0,0,0
всеведущий,0,0,0,0,0,0,1,0,0,1
онколог,0,0,0,0,0,0,0,0,0,0
единство,0,0,0,0,0,0,0,0,0,0
обременительный,1,0,0,0,0,1,0,1,0,0
себя,0,0,0,0,0,0,0,0,0,0
непрерывный,0,1,0,0,0,0,0,0,0,0
лук,0,0,0,0,0,0,0,0,0,0
начало,0,1,0,0,0,0,0,0,0,0
натиск,0,0,0,0,0,0,0,0,0,0
онтология,0,0,0,0,0,0,0,0,0,0
ответственность,0,0,0,0,0,1,0,0,0,0
вперед,0,0,0,0,0,0,0,0,0,0
оникс,0,0,0,0,0,0,0,0,0,0
сочиться,0,0,1,0,0,1,0,0,0,0
сочащийся,0,0,0,0,0,0,0,0,0,0
непрозрачность,0,0,0,0,0,0,0,0,0,0
опал,0,0,0,0,0,0,0,0,0,0
непрозрачный,0,0,0,0,0,1,0,0,0,0
опе,0,0,0,0,0,0,0,0,0,0
открытым,0,0,0,0,0,0,0,0,0,0
открывалка,0,0,0,0,0,0,0,0,0,0
открытие,0,0,0,0,0,0,0,0,0,0
открыто,0,0,0,0,0,0,0,0,0,0
открытость,0,0,0,0,0,0,1,0,0,0
опера,1,1,0,1,1,0,1,1,1,1
оперный,0,0,0,0,0,1,0,0,0,0
операция,0,0,0,1,0,0,0,0,0,1
операции,0,0,0,0,0,0,0,0,0,0
оперативный,0,0,0,0,0,0,0,0,0,0
оператор,0,0,0,0,0,0,0,0,0,0
офтальмологический,0,0,0,0,0,0,0,0,0,0
офтальмолог,0,0,0,0,0,0,0,0,0,0
опиум,0,0,0,0,0,1,0,0,0,0
мнение,0,0,0,0,0,0,0,0,0,0
самоуверенный,1,0,0,0,0,1,0,0,0,0
опиум,1,0,1,1,0,1,0,1,0,0
противник,1,1,1,1,0,1,0,0,0,0
подходящий,0,0,0,0,1,0,1,0,0,0
оппортунизм,0,0,0,0,0,0,0,0,0,0
возможность,0,1,0,0,0,0,1,0,0,0
выступать против,0,0,0,0,0,1,0,0,0,0
против,1,0,0,1,0,1,0,0,0,0
противоположный,0,0,0,0,0,0,0,0,0,0
противоположный,0,0,0,0,0,0,0,0,0,0
противоположности,0,0,0,0,0,0,0,0,0,0
оппозиция,1,0,0,0,0,1,0,0,0,0
угнетать,1,0,1,1,0,1,0,1,0,0
угнетение,1,0,1,1,0,1,0,1,0,0
угнетающий,1,0,1,1,0,1,0,1,0,0
угнетатель,1,0,0,1,0,1,0,1,0,0
оптический,0,0,0,0,0,0,0,0,0,0
оптический,0,0,0,0,0,0,0,0,0,0
оптика,0,0,0,0,0,0,0,0,0,0
оптимизм,0,1,0,0,1,0,1,0,1,1
оптимист,0,0,0,0,0,0,1,0,0,1
вариант,0,0,0,0,0,0,1,0,0,0
по желанию,0,0,0,0,0,0,1,0,0,0
необязательно,0,0,0,0,0,0,0,0,0,0
опции,0,0,0,0,0,0,0,0,0,0
окулист,0,0,0,0,0,0,0,0,0,0
богатство,0,0,0,0,0,0,0,0,0,0
роскошный,0,0,0,0,0,0,0,0,0,0
опус,0,0,0,0,0,0,0,0,0,0
оракул,0,1,0,0,0,0,1,0,0,1
устный,0,0,0,0,0,0,0,0,0,0
апельсин,0,0,0,0,0,0,0,0,0,0
речь,0,0,0,0,0,0,1,0,0,0
оратор,0,0,0,0,0,0,0,0,0,0
красноречие,0,0,0,0,0,0,0,0,0,0
сфера,0,0,0,0,0,0,0,0,0,0
орбита,0,0,0,0,0,0,0,0,0,0
орбитальный,0,0,0,0,0,0,0,0,0,0
шары,0,0,0,0,0,0,0,0,0,0
орк,1,0,1,1,0,1,0,0,0,0
фруктовый сад,0,0,0,0,0,0,0,0,0,0
оркестр,1,0,0,0,1,0,1,1,0,1
рукоположен,0,0,0,0,0,0,1,0,0,1
испытание,1,0,0,0,0,1,0,0,1,0
заказ,0,0,0,0,0,0,0,0,0,0
аккуратный,0,0,0,0,0,0,1,0,0,0
постановление,0,0,0,0,0,0,0,0,0,1
обычный,0,0,0,0,0,0,0,0,0,0
рукоположение,0,1,0,0,1,0,1,0,0,1
боеприпасы,0,0,0,1,0,1,0,0,0,0
руда,0,0,0,0,0,0,0,0,0,0
орегано,0,0,0,0,0,0,0,0,0,0
орган,0,1,0,0,1,0,0,0,0,0
органический,0,0,0,0,0,0,1,0,0,0
организм,0,0,0,0,0,0,0,0,0,0
органист,0,0,0,0,0,0,0,0,0,0
организация,0,1,0,0,1,0,1,0,1,1
организовать,0,0,0,0,0,0,1,0,0,0
организованный,0,0,0,0,0,0,1,0,0,0
оргазм,0,1,0,0,1,0,1,0,0,0
оргии,0,0,0,0,0,0,0,0,0,0
ориентироваться,0,0,0,0,0,0,0,0,0,0
восточный,0,0,0,0,0,0,0,0,0,0
ориентация,0,0,0,0,0,0,0,0,0,0
отверстие,0,0,0,0,0,0,0,0,0,0
источник,0,0,0,0,0,0,0,0,0,0
оригинальность,0,0,0,0,0,0,1,0,1,0
исходить,0,0,0,0,0,0,0,0,0,0
происхождение,0,0,0,0,0,0,0,0,0,0
составитель,0,0,0,0,0,0,0,0,0,0
орнамент,0,0,0,0,0,0,0,0,0,0
декоративный,0,0,0,0,0,0,0,0,0,0
украшение,0,0,0,0,0,0,0,0,0,0
украшенный,0,0,0,0,0,0,1,0,0,0
богато украшенный,0,0,0,0,0,0,1,0,0,0
сирота,0,0,0,1,0,1,0,1,0,0
ортодоксальный,0,0,0,0,0,0,0,0,0,0
православие,0,0,0,0,0,0,0,0,0,1
ортогональный,0,0,0,0,0,0,0,0,0,0
колебаться,0,0,0,0,0,0,0,0,0,0
колеблющийся,0,0,0,0,0,0,0,0,0,0
колебание,0,0,0,0,0,0,0,0,0,0
колебательный,0,0,0,0,0,0,0,0,0,0
мнимый,0,0,0,0,0,0,0,0,0,0
как будто бы,0,0,0,0,0,1,0,0,0,0
страус,0,0,0,0,0,0,0,0,0,0
отто,0,0,0,0,0,0,0,0,0,0
тахта,0,0,0,0,0,0,0,0,0,0
унция,0,0,0,0,0,0,0,0,0,0
вытеснить,1,0,0,0,0,1,0,1,0,0
вспышка,0,0,0,0,0,0,0,0,0,0
вспышка,1,0,0,1,1,1,1,1,1,0
изгой,0,0,1,1,0,1,0,1,0,0
исход,0,0,0,0,0,0,1,0,0,0
протест,1,0,0,1,0,1,0,0,1,0
превзойти,0,1,0,0,0,0,1,0,0,0
открытый,0,0,0,0,0,0,0,0,0,0
одежда,0,0,0,0,0,0,0,0,0,0
перерастать,0,0,0,0,0,0,0,0,0,0
нарост,0,0,0,0,0,0,0,0,0,0
флигель,0,0,1,0,0,1,0,0,0,0
прогулка,0,0,0,0,0,0,0,0,0,0
диковинный,0,0,0,0,0,1,0,0,0,0
пережить,0,0,0,0,0,0,0,0,0,0
вне закона,0,0,0,0,0,1,0,0,0,0
выход,0,0,0,0,0,0,0,0,0,0
контур,0,0,0,0,0,0,0,0,0,0
очертания,0,0,0,0,0,0,0,0,0,0
перспективы,0,0,0,0,0,0,0,0,0,0
отдаленный,0,0,0,0,0,0,0,0,0,0
превосходить числом,0,0,0,0,0,0,0,0,0,0
аванпост,0,0,0,1,0,0,0,0,0,0
излияние,0,0,0,0,0,0,0,0,0,0
выход,0,0,0,0,0,0,0,0,0,0
возмущение,1,0,1,0,0,1,0,0,0,0
возмутительно,0,0,0,0,0,0,0,0,1,0
прямо,0,0,0,0,0,0,0,0,0,0
обгонять,0,0,0,0,0,0,0,0,0,0
начало,0,0,0,0,0,0,0,0,0,0
посторонний,0,0,0,1,0,0,0,0,0,0
окраина,0,0,0,0,0,0,0,0,0,0
откровенный,0,0,0,0,0,0,0,0,0,0
выдающийся,0,0,0,0,1,1,1,0,0,0
протянутый,0,0,0,0,0,0,0,0,0,0
наружу,0,0,0,0,0,0,1,0,0,0
наружу,0,0,0,0,0,0,0,0,0,0
перевешивать,0,0,0,0,0,0,0,0,0,0
овал,0,0,0,0,0,0,0,0,0,0
яичник,0,0,0,0,0,0,0,0,0,0
яйцевидный,0,0,0,0,0,0,0,0,0,0
овации,0,0,0,0,0,1,0,1,0,0
печь,0,0,0,0,0,0,0,0,0,0
комбинезон,0,0,0,0,0,0,0,0,0,0
властный,1,0,0,0,0,1,0,0,0,0
вскрыша,0,0,0,0,0,1,0,0,0,0
пасмурная погода,0,0,0,0,0,1,0,0,0,0
перегружен,0,0,0,0,0,0,0,0,0,0
пальто,0,0,0,0,0,0,0,0,0,0
переусердствовать,0,0,0,0,0,1,0,0,0,0
передозировка,0,0,0,0,0,1,0,0,0,0
просроченный,0,1,0,0,0,1,0,1,1,0
переоценивать,0,0,0,0,0,0,0,0,1,0
переоценен,0,0,0,0,0,1,0,0,0,0
переполнение,0,0,0,0,0,1,0,0,0,0
переполняющий,0,0,0,0,0,0,0,0,0,0
заросший,0,0,0,0,0,1,0,0,0,0
разрастание,0,0,0,0,0,0,0,0,0,0
нависающий,0,0,0,0,0,0,0,0,0,0
капитальный ремонт,0,0,0,0,0,0,0,0,0,0
над головой,0,0,0,0,0,0,0,0,0,0
вне себя от радости,0,0,0,0,1,0,1,0,0,0
наложенный,0,0,0,0,0,0,0,0,0,0
перекрывать,0,0,0,0,0,0,0,0,0,0
наложение,0,0,0,0,0,0,0,0,0,0
перегрузка,0,0,0,0,0,1,0,1,0,0
вышележащий,0,0,0,0,0,0,0,0,0,0
переплата,0,0,0,0,0,1,0,0,0,0
эстакада,0,0,0,0,0,0,0,0,0,0
пересилить,0,0,0,0,0,1,0,0,0,0
подавляющий,1,0,0,1,0,1,0,0,0,0
завышенная цена,1,0,1,0,0,1,0,1,0,0
отменить,0,0,0,0,0,0,0,0,0,0
отменить,0,0,0,0,0,0,0,0,0,0
надзиратель,0,0,0,0,0,0,0,0,0,0
затмевать,0,0,0,0,0,0,0,0,0,0
недосмотр,0,0,0,0,0,1,0,0,0,0
преувеличивать,0,0,0,0,0,0,0,0,0,0
затоваривание,0,0,0,0,0,0,0,0,0,0
явный,0,0,0,1,0,0,0,0,0,0
обогнать,0,0,0,0,0,0,0,0,0,0
обогнал,0,0,0,0,0,0,0,0,0,0
свергнуть,0,1,0,1,0,1,0,0,0,0
увертюра,0,1,0,0,0,0,0,0,0,0
переворачивать,0,0,0,0,0,1,0,0,0,0
подавлять,0,0,0,0,0,1,0,0,0,0
перегруженный,0,0,0,0,0,1,0,1,0,0
подавляющий,0,0,0,0,0,0,1,0,0,0
чрезмерно усердный,0,0,0,0,0,0,0,0,0,0
быть должным,0,0,0,0,0,0,0,0,0,0
из-за,1,1,1,1,0,1,0,1,0,1
владелец,0,0,0,0,0,0,0,0,0,0
владение,0,0,0,0,0,0,1,0,0,0
бык,0,0,0,0,0,0,0,0,0,0
окисление,0,0,0,0,0,1,0,0,0,0
кислород,0,0,0,0,0,0,0,0,0,0
оксюморон,0,0,0,0,0,0,0,0,0,0
устрица,0,0,0,0,0,0,0,0,0,0
шаг,0,0,0,0,0,0,0,0,0,0
тихий океан,0,0,0,0,0,0,1,0,0,0
усмирить,0,0,0,0,0,0,0,0,0,0
пакет,0,0,0,0,0,0,0,0,0,0
упаковка,0,0,0,0,0,0,0,0,0,0
упаковщик,0,0,0,0,0,0,0,0,0,0
пакет,0,0,0,0,0,0,0,0,0,0
договор,0,0,0,0,0,0,0,0,0,1
блокнот,0,0,0,0,0,0,1,0,0,0
набивка,0,0,0,0,0,0,1,0,0,0
весло,0,1,0,0,0,0,1,0,0,0
загон,0,0,0,0,0,0,0,0,0,0
Пэдди,0,0,0,0,0,0,0,0,0,0
замок,0,0,0,0,0,0,0,0,0,0
отец,0,0,0,0,0,0,0,0,0,0
язычник,0,0,0,0,0,0,0,0,0,0
язычество,0,0,0,0,0,0,0,0,0,0
страница,0,0,0,0,0,0,0,0,0,0
театрализованное представление,0,0,0,0,0,0,0,0,0,0
нумерация страниц,0,0,0,0,0,0,0,0,0,0
пагода,0,0,0,0,0,0,0,0,0,0
ведро,0,0,0,0,0,0,0,0,0,0
боль,0,0,0,1,0,1,0,1,0,0
больно,0,0,0,1,0,1,0,1,0,0
болезненный,1,0,1,1,0,1,0,1,0,0
болезненно,0,0,0,0,0,1,0,1,0,0
безболезненный,0,0,0,0,0,0,0,0,0,0
боли,0,0,0,0,0,1,0,0,0,0
кропотливый,0,0,0,0,0,0,0,0,0,0
краска,0,0,0,0,0,0,0,0,0,0
окрашенный,0,0,0,0,0,0,0,0,0,0
художник,0,0,0,0,0,0,0,0,0,0
картина,0,0,0,0,0,0,0,0,0,0
пара,0,0,0,0,0,0,0,0,0,0
пижама,0,0,0,0,0,0,0,0,0,0
приятель,0,0,0,0,0,0,0,0,0,0
дворец,0,0,0,0,0,0,0,0,0,0
приятный на вкус,0,0,0,0,0,0,1,0,0,0
вкус,0,0,0,0,0,0,0,0,0,0
палеонтология,0,0,0,0,0,0,0,0,0,0
палитра,0,0,0,0,0,0,0,0,0,0
уныние,0,0,0,0,0,0,0,0,0,0
палладий,0,0,0,0,0,0,0,0,0,0
поддон,0,0,0,0,0,0,0,0,0,0
паллиативный,0,0,0,0,0,0,1,0,0,0
Пальма,0,0,0,0,0,0,0,0,0,0
Палмер,0,0,0,0,0,0,0,0,0,0
ощутимый,0,0,0,0,0,0,0,0,1,0
паралич,0,0,1,1,0,1,0,1,0,0
ничтожный,0,0,0,0,0,0,0,0,0,0
баловать,0,0,0,0,0,0,0,0,0,0
брошюра,0,0,0,0,0,0,0,0,0,0
Сковорода,0,0,0,0,0,0,0,0,0,0
панацея,0,0,0,0,0,0,1,0,0,0
щегольство,0,0,0,0,0,0,1,0,0,0
блин,0,0,0,0,0,0,0,0,0,0
пандемия,0,0,0,1,0,1,0,1,0,0
панель,0,0,0,0,0,0,0,0,0,0
боль,0,0,0,0,0,1,0,0,1,0
паника,0,0,0,1,0,1,0,0,0,0
панье,0,0,0,0,0,0,1,0,0,0
панорама,0,0,0,0,0,0,0,0,0,0
панорамный,0,0,0,0,0,0,0,0,0,0
тяжелое дыхание,0,0,0,0,0,0,0,0,0,0
пантеон,0,0,0,0,0,0,0,0,0,0
пантера,0,0,0,0,0,0,0,0,0,0
трусики,0,0,0,0,0,0,0,0,0,0
пантомима,0,0,0,0,0,0,0,0,0,0
кладовая,0,0,0,0,0,0,0,0,0,0
брюки,0,0,0,0,0,0,0,0,0,0
папа,0,0,0,0,0,0,0,0,0,0
папство,0,0,0,0,0,0,0,0,0,0
папский,0,0,0,0,0,0,0,0,0,0
бумага,0,0,0,0,0,0,0,0,0,0
паприка,0,0,0,0,0,0,1,0,0,0
папирус,0,0,0,0,0,0,0,0,0,0
номинал,0,0,0,0,0,0,0,0,0,0
притча,0,0,0,0,0,0,0,0,0,0
парабола,0,0,0,0,0,0,0,0,0,0
параболический,0,0,0,0,0,0,0,0,0,0
парашют,0,0,0,1,0,0,0,0,0,0
парад,0,1,0,1,1,1,1,0,1,0
парадигма,0,0,0,0,0,0,0,0,0,0
парадокс,0,0,0,0,0,0,0,0,0,0
парадоксальный,0,0,0,0,0,0,0,0,0,0
парафин,0,0,0,0,0,0,0,0,0,0
образец,0,1,0,0,1,0,1,0,0,1
параграф,0,0,0,0,0,0,0,0,0,0
параллакс,0,0,0,0,0,0,0,0,0,0
параллельно,0,0,0,0,0,0,0,0,0,0
параллелизм,0,0,0,0,0,0,0,0,0,0
паралич,1,1,0,1,0,1,0,1,0,0
первостепенный,0,0,0,0,0,0,1,0,0,0
паранойя,0,0,0,1,0,1,0,0,0,0
парапет,0,0,0,0,0,0,0,0,0,0
принадлежности,0,0,0,0,0,0,0,0,0,0
парафраз,0,0,0,0,0,1,1,0,0,0
паразит,0,0,1,1,0,1,0,0,0,0
зонтик,0,0,0,0,0,0,0,0,0,0
посылка,0,0,0,0,0,0,0,0,0,0
посылки,0,0,0,0,0,0,0,0,0,0
пергамент,0,0,0,0,0,0,0,0,0,0
простить,0,0,0,0,0,0,1,0,0,0
чистить,1,1,0,1,0,1,0,1,0,0
паренхима,0,0,0,0,0,0,0,0,0,0
родитель,0,0,0,0,0,0,0,0,0,0
отцовство,0,0,0,0,0,0,1,0,0,0
родительский,0,0,0,0,0,0,0,0,0,0
скобка,0,0,0,0,0,0,0,0,0,0
в скобках,0,0,0,0,0,0,0,0,0,0
теменной,0,0,0,0,0,0,1,0,0,1
стрижка,0,0,0,0,0,0,0,0,0,0
приход,0,0,0,0,0,0,0,0,0,1
паритет,0,0,0,0,0,0,0,0,0,0
парк,0,0,0,0,0,0,0,0,0,0
язык,0,0,0,0,0,0,0,0,0,0
парламент,0,0,0,0,0,0,0,0,0,1
парламентский,0,0,0,0,0,0,0,0,0,0
гостиная,0,0,0,0,0,0,0,0,0,0
условно-досрочное освобождение,0,1,0,0,0,0,0,0,0,0
паркет,0,0,0,0,0,0,0,0,0,0
попугай,0,0,1,0,0,1,0,0,0,0
парировать,0,0,0,0,0,0,0,0,0,0
разобрать,0,0,0,0,0,0,0,0,0,0
бережливый,0,0,0,0,0,1,0,0,0,0
бережливость,0,0,0,0,0,0,0,0,0,0
петрушка,0,0,0,0,0,0,0,0,0,0
пастор,0,0,0,0,0,0,0,0,0,0
часть,0,0,0,0,0,0,0,0,0,0
принимать участие,0,0,0,0,0,0,1,0,0,1
пристрастность,0,0,0,0,0,0,0,0,0,0
частично,0,0,0,0,0,0,0,0,0,0
принимать участие,0,0,0,0,0,0,0,0,0,0
участие,0,0,0,0,0,0,1,0,0,0
частица,0,0,0,0,0,0,0,0,0,0
особенность,0,0,0,0,0,0,0,0,0,0
подробности,0,0,0,0,0,0,0,0,0,0
расставание,0,0,0,0,0,0,0,1,0,0
партизан,0,0,0,0,0,1,0,0,0,0
партийность,0,0,0,0,0,0,0,0,0,0
раздел,0,0,0,0,0,0,0,0,0,0
частично,0,0,0,0,0,0,0,0,0,0
партнер,0,0,0,0,0,0,1,0,0,0
партнерство,0,0,0,0,0,0,1,0,0,1
части,0,0,0,0,0,0,0,0,0,0
партия,0,0,0,0,0,0,0,0,0,0
па,0,0,0,0,0,0,0,0,0,0
проходить,0,0,0,0,0,0,0,0,0,0
проходимый,0,0,0,0,0,0,0,0,0,0
проход,0,0,0,0,0,0,0,0,0,0
проход,0,0,0,0,0,0,0,0,0,0
прошлое,0,0,0,0,0,1,0,0,0,0
пассажир,0,1,0,0,0,0,0,0,0,0
пассим,0,0,0,0,0,0,0,0,0,0
прохождение,0,0,0,0,0,0,0,0,0,0
страсть,0,1,0,0,1,0,1,0,0,1
страстный,0,1,0,0,1,0,1,0,0,1
пассивный,0,0,0,0,0,1,0,0,0,0
пассивность,0,0,0,0,0,1,0,0,0,0
заграничный пасспорт,0,0,0,0,0,0,0,0,0,0
мимо,0,0,0,0,0,0,0,0,0,0
вставить,0,0,0,0,0,0,0,0,0,0
пастель,0,0,0,0,0,0,0,0,0,0
времяпрепровождение,0,0,0,0,0,0,1,0,0,0
пастор,0,0,0,0,1,0,1,0,0,1
выпечка,0,0,0,0,1,0,1,0,0,0
пастбище,0,0,0,0,0,0,1,0,0,0
пастообразный,0,0,0,0,0,0,0,0,0,0
погладить,0,0,0,0,0,0,0,0,0,0
пластырь,0,0,0,0,0,1,0,0,0,0
пэчворк,0,0,0,0,0,0,0,0,0,0
паштет,0,0,0,0,0,0,0,0,0,0
коленная чашечка,0,0,0,0,0,0,0,0,0,0
патент,0,0,0,0,0,0,1,0,0,0
отцовский,0,0,0,0,0,0,0,0,0,0
отцовство,0,0,0,0,0,0,0,0,0,0
дорожка,0,0,0,0,0,0,0,0,0,0
жалкий,0,0,1,0,0,1,0,1,0,0
патология,0,0,0,0,0,0,0,0,0,0
пафос,0,0,0,0,0,0,0,0,0,0
путь,0,0,0,0,0,0,0,0,0,0
терпение,0,1,0,0,0,0,1,0,0,1
пациент,0,1,0,0,0,0,1,0,0,0
патио,0,0,0,0,0,0,0,0,0,0
патриарх,0,0,0,0,0,0,0,0,0,0
патриархальный,0,0,0,0,0,0,1,0,0,1
вотчина,0,0,0,0,0,0,0,0,0,0
патриот,0,0,0,0,0,0,0,0,0,0
патриотический,0,0,0,0,0,0,0,0,0,0
патриотизм,0,0,0,0,0,0,0,0,0,0
патруль,0,0,0,0,0,0,0,0,0,1
покровитель,0,0,0,0,0,0,1,0,0,1
покровительство,0,0,0,0,0,0,1,0,0,1
покровительствовать,0,0,0,0,0,0,0,0,0,0
покровительственный,0,0,0,0,0,1,0,0,0,0
скороговорка,1,0,0,0,0,1,0,0,0,0
шаблон,0,0,0,0,0,0,0,0,0,0
бедность,1,0,1,0,0,1,0,1,0,0
нищий,0,0,0,0,0,1,0,1,0,0
Пауза,0,0,0,0,0,0,0,0,0,0
проложить,0,0,0,0,0,0,0,0,0,0
тротуар,0,0,0,0,0,0,0,0,0,1
павильон,0,0,0,0,0,0,0,0,0,0
мощение,0,0,0,0,0,0,0,0,0,0
лапа,0,0,0,0,0,0,0,0,0,0
пешка,0,0,0,0,0,1,0,0,0,1
мир,0,0,0,0,0,0,0,0,0,0
платить,0,1,0,0,1,0,1,0,0,1
расплата,1,0,0,0,0,1,0,0,0,0
плательщик,0,0,0,0,0,0,0,0,0,0
оплата,0,0,0,0,0,1,0,0,0,0
горох,0,0,0,0,0,0,0,0,0,0
мир,0,1,0,0,1,0,1,0,0,1
миролюбивый,0,0,0,0,0,0,1,0,0,0
мирный,0,1,0,0,1,0,1,0,1,1
павлин,0,0,0,0,0,0,1,0,0,0
вершина горы,0,0,0,0,0,0,0,0,0,0
остроконечный,0,0,0,0,0,0,0,0,0,0
жемчуг,0,0,0,0,0,0,0,0,0,0
крестьянин,0,0,0,0,0,0,0,0,0,0
торф,0,0,0,0,0,0,0,0,0,0
галька,0,0,0,0,0,0,0,0,0,0
клевать,0,0,0,0,0,0,1,0,0,0
своеобразный,0,0,0,0,0,0,0,0,0,0
особенности,0,0,0,0,0,1,0,0,0,0
особенность,0,0,0,0,0,0,1,0,0,0
особенно,0,0,0,0,0,0,0,0,0,0
денежный,0,0,0,0,0,0,0,0,0,0
педаль,0,0,0,0,0,0,0,0,0,0
педантичный,0,0,0,0,0,0,0,0,0,0
торговать вразнос,0,0,0,0,0,0,0,0,0,0
пьедестал,0,0,0,0,0,0,0,0,0,0
пешеход,0,0,0,0,0,1,0,0,0,0
педиатрия,0,0,0,0,0,0,0,0,0,0
родословная,0,0,0,0,0,0,1,0,0,1
шагомер,0,0,0,0,0,0,0,0,0,0
чистить,0,0,0,0,0,0,0,0,0,0
подглядывать,0,0,0,0,0,0,0,0,0,0
вглядеться,0,0,0,0,0,0,0,0,0,0
вглядываясь,0,0,0,0,0,0,0,0,0,0
несравненный,0,0,0,0,0,0,1,0,0,0
колышек,0,0,0,0,0,0,0,0,0,0
колышки,0,0,0,0,0,0,0,0,0,0
пелагический,0,0,0,0,0,0,0,0,0,0
гранула,0,0,0,0,0,0,0,0,0,0
ручка,0,0,0,0,0,0,0,0,0,0
уголовный,0,0,0,1,0,1,0,1,0,0
штраф,1,0,0,1,0,1,0,1,0,0
покаяние,0,0,0,1,0,0,0,1,0,0
склонность,0,0,0,0,0,0,1,0,0,0
карандаш,0,0,0,0,0,0,0,0,0,0
кулон,0,0,0,0,0,0,0,0,0,0
зависимость,0,0,0,0,0,0,0,0,0,0
подвесной,0,0,0,0,0,0,0,0,0,0
в ожидании,0,0,0,0,0,0,0,0,0,0
маятник,0,0,0,0,0,0,0,0,0,0
проникать,0,0,0,0,0,0,0,0,0,0
проникающий,0,0,0,0,0,0,0,0,0,0
проникновение,1,0,0,1,0,1,0,0,0,0
полуостров,0,0,0,0,0,0,0,0,0,0
пенитенциарное учреждение,1,0,0,0,0,1,0,0,0,0
вымпел,0,0,0,0,0,0,0,0,0,0
без гроша в кармане,0,0,0,0,0,0,0,0,0,0
пенни,0,0,0,0,0,0,0,0,0,0
пенсия,0,0,0,0,0,0,0,0,0,0
пенсионер,0,0,0,0,0,0,0,0,0,0
задумчивый,0,0,0,0,0,0,0,1,0,0
пятиугольник,0,0,0,0,0,0,0,0,0,0
пентхаус,0,0,0,0,0,0,0,0,0,0
предпоследний,0,0,0,0,0,0,0,0,0,0
люди,0,0,0,0,0,0,0,0,0,0
многолюдный,0,0,0,0,0,0,0,0,0,0
перец,0,0,0,0,0,0,0,0,0,0
пептический,0,0,0,0,0,0,0,0,0,0
понимать,0,0,0,0,0,0,1,0,0,1
процент,0,0,0,0,0,0,0,0,0,0
ощутимый,0,0,0,0,0,0,1,0,0,0
восприятие,0,0,0,0,0,0,0,0,0,0
проницательный,0,0,0,0,0,0,0,0,0,0
окунь,0,0,0,0,0,0,0,0,0,0
быть может,0,0,0,0,0,0,0,0,1,0
просачивание,0,0,0,0,0,0,0,0,0,0
перкуссия,0,0,0,0,0,0,0,0,0,0
погибель,1,0,1,1,0,1,0,1,0,0
безапелляционный,0,0,0,0,0,0,0,0,0,0
многолетний,0,0,0,0,0,0,1,0,0,1
идеально,0,1,0,0,1,0,1,0,0,1
совершенство,0,1,0,0,1,0,1,0,1,1
перфорированный,0,0,0,0,0,0,0,0,0,0
перфорация,0,0,0,0,0,0,0,0,0,0
волей-неволей,0,0,0,0,0,0,0,0,0,0
выполнять,0,0,0,0,0,0,0,0,0,0
производительность,0,0,0,0,0,0,0,0,0,0
исполнитель,0,0,0,0,0,0,1,0,0,0
духи,0,0,0,0,0,0,0,0,0,0
ароматный,0,0,0,0,0,0,0,0,0,0
пери,0,0,0,0,0,0,0,0,1,0
перидот,0,0,0,0,0,0,0,0,0,0
опасность,0,1,0,1,0,1,0,1,0,0
опасный,0,1,0,1,0,1,0,1,0,0
периметр,0,0,0,0,0,0,0,0,0,0
период,0,0,0,0,0,0,0,0,0,0
периодический,0,0,0,0,0,0,0,0,0,0
периодическое издание,0,0,0,0,0,0,0,0,0,0
периодически,0,0,0,0,0,0,0,0,0,0
периодичность,0,0,0,0,0,0,0,0,0,1
периферия,0,0,0,0,0,0,0,0,0,0
погибнуть,0,0,0,1,0,1,0,1,0,0
скоропортящийся,0,0,0,0,0,1,0,0,0,0
погиб,0,0,0,0,0,1,0,1,0,0
погибающий,0,0,0,1,0,1,0,1,0,0
лжесвидетельство,0,0,0,1,0,1,0,0,1,0
привилегия,0,0,0,0,0,0,1,0,0,0
постоянство,0,0,0,0,0,0,0,0,0,0
проницаемый,0,0,0,0,0,0,0,0,0,0
проникать,0,0,0,0,0,0,0,0,0,0
проникновение,0,0,0,0,0,0,0,0,0,0
допустимый,0,0,0,0,0,0,0,0,0,0
разрешение,0,0,0,0,0,0,1,0,0,0
снисходительный,0,0,0,0,0,0,0,0,0,0
разрешать,0,0,0,0,0,0,0,0,0,0
разрешенный,0,0,0,0,0,0,0,0,0,0
разрешающий,0,0,0,0,0,0,0,0,0,0
перестановка,0,0,0,0,0,0,0,0,0,0
пагубный,1,0,0,1,0,1,0,1,0,0
перпендикуляр,0,0,0,0,0,0,0,0,0,0
совершать,0,0,0,0,0,0,0,0,0,0
преступник,1,0,1,1,0,1,0,1,0,0
вечный,0,0,0,0,0,0,0,0,0,0
постоянно,0,0,0,0,0,0,0,0,0,0
увековечить,0,1,0,0,0,0,0,0,0,0
увековечивание,0,0,0,0,0,1,0,0,0,0
вечность,0,1,0,0,0,0,1,0,0,1
озадаченный,0,0,0,0,0,1,0,0,0,0
сбивающий с толку,0,0,0,0,0,0,0,0,0,0
недоумение,0,0,0,0,0,1,0,1,0,0
преследовать,1,0,0,1,0,1,0,0,0,0
преследование,1,0,1,1,0,1,0,1,0,0
упорство,0,0,0,0,0,0,0,0,0,0
упорствовать,0,0,0,0,0,0,0,0,0,0
сопротивляться,0,0,0,0,0,0,0,0,0,0
упорство,0,0,0,0,0,0,1,0,0,0
настойчивый,0,0,0,0,0,0,1,0,0,0
стойкий,0,0,0,0,0,0,0,0,0,0
человек,0,0,0,0,0,0,0,0,0,0
представительный,0,0,0,0,0,0,1,0,0,0
персонаж,0,0,0,0,0,0,0,0,0,0
личный,0,0,0,0,0,0,0,0,0,1
олицетворение,0,0,0,0,0,0,0,0,0,0
персонал,0,0,0,0,0,0,0,0,0,0
лица,0,0,0,0,0,0,0,0,0,0
перспектива,0,0,0,0,0,0,0,0,0,0
пот,0,0,1,0,0,0,0,0,0,0
убеждать,0,0,0,0,0,0,0,0,0,1
убеждение,0,0,0,0,0,0,0,0,0,0
убедительный,0,0,0,0,0,0,0,0,0,0
дерзкий,0,0,0,0,0,0,0,0,0,0
соответствующий,0,0,0,0,0,0,1,0,0,1
возмущение,0,0,0,1,0,1,0,0,0,0
коклюш,0,0,0,0,0,1,0,0,0,0
прочтение,0,0,0,0,0,0,0,0,0,0
просмотреть,0,0,0,0,0,0,0,0,0,0
проникающий,0,0,0,0,0,0,0,0,0,0
порочный,1,0,1,1,0,1,0,0,0,0
извращение,1,0,1,0,0,1,0,1,0,0
извращенец,1,0,1,0,0,1,0,0,0,0
извращенный,0,0,1,0,0,1,0,0,0,0
пессимизм,1,0,0,1,0,1,0,1,0,0
пессимист,0,0,0,1,0,1,0,1,0,0
вредитель,1,0,1,1,0,1,0,0,0,0
мор,0,0,1,1,0,1,0,0,0,0
домашний питомец,0,0,0,0,0,1,0,0,0,0
петиция,0,0,0,0,0,0,0,0,0,0
проситель,0,0,0,0,0,0,0,0,0,0
бензин,0,0,0,0,0,0,0,0,0,0
нефть,0,0,1,0,0,1,1,0,0,0
ласки,0,0,0,0,0,0,0,0,0,0
мелкий,0,0,0,0,0,1,0,0,0,0
скамья,0,0,0,0,0,0,0,0,0,0
олово,0,0,0,0,0,0,0,0,0,0
фаланга,0,0,0,1,0,0,0,0,0,1
призрак,0,0,0,1,0,1,0,0,0,0
фармацевтический,0,0,0,0,0,0,1,0,0,0
фармацевт,0,0,0,0,0,0,0,0,0,0
фармакология,0,0,0,0,0,0,0,0,0,0
аптека,0,0,0,0,0,0,0,0,0,0
фаза,0,0,0,0,0,0,0,0,0,0
явление,0,0,0,0,0,0,0,0,0,0
филантропический,0,0,0,0,0,0,0,0,0,1
филантроп,0,0,0,0,0,0,1,0,0,1
благотворительность,0,0,0,0,0,0,1,0,0,0
философ,0,0,0,0,0,0,1,0,0,1
философский,0,0,0,0,0,0,0,0,0,0
философский,0,0,0,0,0,0,0,0,0,0
философия,0,0,0,0,0,0,0,0,0,0
мокрота,0,0,1,0,0,1,0,0,0,0
Феникс,0,0,0,0,0,0,1,0,0,0
Телефон,0,0,0,0,0,0,0,0,0,0
фонетический,0,0,0,0,0,0,1,0,0,0
фонетика,0,0,0,0,0,0,0,0,0,0
акустика,0,0,0,0,0,0,0,0,0,0
фонограф,0,0,0,0,0,0,0,0,0,0
фонология,0,0,0,0,0,0,0,0,0,0
фальшивый,1,0,1,0,0,1,0,0,0,0
люминофор,0,0,0,0,0,0,0,0,0,0
фосфор,0,0,0,0,0,0,0,0,0,0
Фото,0,0,0,0,0,0,0,0,0,0
фотогеничный,0,0,0,0,0,0,0,0,0,0
фотография,0,0,0,0,0,0,0,0,0,0
фотограф,0,0,0,0,0,0,0,0,0,0
фотография,0,0,0,0,0,0,0,0,0,0
фотометрия,0,0,0,0,0,0,0,0,0,0
фраза,0,0,0,0,0,0,0,0,0,0
фразеология,0,0,0,0,0,0,0,0,0,0
филогения,0,0,0,0,0,0,0,0,0,0
физический,0,0,0,0,0,0,0,0,0,0
врач,0,0,0,0,0,0,1,0,0,1
физик,0,0,0,0,0,0,0,0,0,1
физика,0,0,0,0,0,0,1,0,0,0
физиология,0,0,0,0,0,0,1,0,0,0
телосложение,0,0,0,0,0,0,1,0,0,0
пианист,0,0,0,0,0,0,0,0,0,0
пианино,0,0,0,0,0,0,0,0,0,0
площадь,0,0,0,0,0,0,0,0,0,0
пикколо,0,0,0,0,0,0,0,0,0,0
выбирать,0,0,0,0,0,0,1,0,0,0
выбрал,0,0,0,0,0,0,0,0,0,0
пикет,1,1,0,1,0,1,0,0,0,0
пикетирование,1,0,0,0,0,1,0,0,0,0
соленый огурец,0,0,0,0,0,1,0,0,0,0
подбирать,0,0,0,0,0,0,0,0,0,0
пикник,0,1,0,0,1,0,1,0,1,1
живописный,0,0,0,0,0,0,0,0,0,0
картина,0,0,0,0,0,0,0,0,0,0
живописный,0,0,0,0,1,0,1,0,0,0
пирог,0,0,0,0,0,0,0,0,0,0
по частям,0,0,0,0,0,0,0,0,0,0
пестрый,0,0,0,0,0,0,0,0,0,0
пирс,0,0,0,0,0,0,0,0,0,0
пронзить,0,0,0,0,0,0,0,0,0,0
благочестие,0,0,0,0,0,0,1,0,0,0
свинья,0,0,1,0,0,1,0,0,0,0
голубь,0,0,0,0,0,1,0,0,0,0
пигмент,0,0,0,0,0,0,0,0,0,0
щука,0,0,0,0,0,0,0,0,0,0
куча,0,0,0,0,0,0,0,0,0,0
геморрой,0,0,1,0,0,1,0,0,0,0
паломник,0,0,0,0,0,0,0,0,0,0
паломничество,0,0,0,0,0,0,0,0,0,0
таблетка,0,0,0,0,0,0,1,0,0,1
грабеж,1,0,1,1,0,1,0,0,0,0
столб,0,0,0,0,0,0,0,0,0,0
подушка,0,0,0,0,0,0,1,0,0,0
наволочка,0,0,0,0,0,0,0,0,0,0
пилот,0,0,0,0,0,0,1,0,0,1
сутенер,0,0,0,0,0,1,0,0,0,0
прыщ,0,0,1,0,0,1,0,0,0,0
штырь,0,0,0,0,0,0,0,0,0,0
ущипнуть,0,0,0,0,0,0,0,0,0,0
щипание,0,0,0,0,0,0,0,0,0,0
сосна,0,0,0,0,0,1,0,1,0,0
ананас,0,0,0,0,0,0,0,0,0,0
пинг,0,0,0,0,0,0,0,0,0,0
дырочка,0,0,0,0,0,0,0,0,0,0
шестерня,0,0,0,1,0,1,0,0,0,0
розовый,0,0,0,0,0,0,0,0,0,0
вершина,0,0,0,0,0,0,1,0,0,0
пионер,0,0,0,0,0,0,1,0,0,0
благочестивый,0,0,1,0,0,0,1,1,0,1
точка,0,0,0,0,0,0,0,0,0,0
трубка,0,0,0,0,0,0,0,0,0,0
трубчатый,0,0,0,0,0,0,0,0,0,0
трубопровод,0,0,0,0,0,0,0,0,0,0
волынщик,0,0,0,0,0,0,0,0,0,0
пипетка,0,0,0,0,0,0,0,0,0,0
досада,1,0,0,0,0,1,0,0,0,0
пиратство,0,0,0,0,0,1,0,0,0,0
пират,1,0,0,0,0,1,0,0,0,0
рыба,0,0,0,0,0,0,0,0,0,0
пистолет,0,0,0,0,0,1,0,0,0,0
поршень,0,0,0,0,0,0,0,0,0,0
яма,0,0,0,0,0,0,0,0,0,0
подача,0,0,0,0,0,0,0,0,0,0
кувшин,0,0,0,0,0,0,0,0,0,0
ловушка,1,0,1,1,0,1,0,1,1,0
сердцевина,0,0,0,0,0,0,1,0,0,1
содержательный,0,0,0,0,0,0,0,0,0,0
без косточек,0,0,0,0,0,0,0,0,0,0
жалость,0,0,0,0,0,0,0,1,0,0
вращаться,0,0,0,0,0,0,1,0,0,1
пикс,0,0,0,0,0,0,0,0,0,0
плакат,0,0,0,0,0,0,0,0,1,0
место,0,0,0,0,0,0,0,0,0,0
плацебо,0,0,0,0,0,0,0,0,0,0
спокойный,0,0,0,0,0,0,1,0,0,0
карман в юбке,0,0,0,0,0,0,0,0,0,0
плагиат,0,0,1,0,0,1,0,0,0,0
чума,0,0,1,1,0,1,0,1,0,0
плед,0,0,0,0,0,0,0,0,0,0
простой,0,0,0,0,0,0,0,0,0,0
истец,0,0,0,0,0,1,0,0,0,0
жалобный,0,0,0,0,0,0,0,1,0,0
план,0,1,0,0,0,0,0,0,0,0
самолет,0,0,0,0,0,0,0,0,0,0
планета,0,0,0,0,0,0,0,0,0,0
планетарий,0,0,0,0,0,0,0,0,0,0
планеты,0,0,0,0,0,0,0,0,0,0
доска,0,0,0,0,0,0,0,0,0,0
запланированный,0,0,0,0,0,0,0,0,0,0
планирование,0,1,0,0,0,0,1,0,0,1
завод,0,0,0,0,0,0,0,0,0,0
плантация,0,0,0,0,0,0,0,0,0,0
плантатор,0,0,0,0,0,0,0,0,0,0
посадка,0,0,0,0,0,0,0,0,0,0
плазма,0,0,0,0,0,0,0,0,0,0
штукатурка,0,0,0,0,0,0,0,0,0,0
пластик,0,0,0,0,0,0,0,0,0,0
пластичность,0,0,0,0,0,0,0,0,0,0
блюдо,0,0,0,0,0,0,0,0,0,0
пластина,0,0,0,0,0,0,0,0,0,0
плато,0,0,0,0,0,0,0,0,0,0
гальванический,0,0,0,0,0,1,0,0,0,0
Платформа,0,0,0,0,0,0,0,0,0,0
покрытие,0,0,0,0,0,0,0,0,0,0
взвод,0,0,0,0,0,0,0,0,0,0
блюдо,0,0,0,0,0,0,0,0,0,0
правдоподобие,0,0,0,0,0,0,0,0,0,0
играть в,0,0,0,0,0,0,0,0,0,0
Плайя,0,0,0,0,0,0,0,0,0,0
игрок,0,0,0,0,0,1,0,0,0,0
игривый,1,0,0,0,1,0,1,0,1,1
детская площадка,0,1,0,0,1,0,1,0,1,1
театр,0,0,0,0,1,0,1,0,0,0
товарищ по играм,0,0,0,0,0,0,0,0,0,0
драматург,0,0,0,0,0,0,0,0,0,0
площадь,0,0,0,0,0,0,0,0,0,0
мольба,0,1,0,1,0,1,0,1,0,0
приятный,0,1,0,0,1,0,1,0,1,1
довольный,0,0,0,0,1,0,1,0,0,0
приятный,0,0,0,0,1,0,1,0,0,0
складка,0,0,0,0,0,0,0,0,0,0
складчатый,0,0,0,0,0,0,0,0,0,0
залог,0,0,0,0,1,0,1,0,0,1
залог,0,0,0,0,0,0,0,0,0,0
пленарное заседание,0,0,0,0,0,0,1,0,0,0
обильный,0,0,0,0,0,0,1,0,0,0
множество,0,0,0,0,0,0,0,0,0,0
пленум,0,0,0,0,0,0,0,0,0,0
полнокровие,0,0,0,0,0,0,0,0,0,0
сплетение,0,0,0,0,0,0,1,0,0,0
податливый,0,0,0,0,0,0,0,0,0,0
пликация,0,0,0,0,0,0,0,0,0,0
плоскогубцы,0,0,0,0,0,0,0,0,0,0
бедственное положение,0,1,1,1,0,1,0,1,0,0
постамент,0,0,0,0,0,0,0,0,0,0
медлительный,0,0,0,0,0,1,0,0,0,0
участок,0,0,0,0,0,0,0,0,0,0
плуг,0,0,0,0,0,0,0,0,0,0
вспаханный,0,0,0,0,0,0,0,0,0,0
ржанка,0,0,0,0,0,0,0,0,0,0
плуг,0,0,0,0,0,0,0,0,0,0
вспаханный,0,0,0,0,0,0,0,0,0,0
вспашка,0,0,0,0,0,0,0,0,0,0
срывать,0,0,0,0,0,0,0,0,0,0
затыкать,0,0,0,0,0,0,0,0,0,0
слива,0,0,0,0,0,0,1,0,0,0
оперение,0,0,0,0,0,0,0,0,0,0
отвес,0,0,0,0,0,0,1,0,0,0
шлейф,0,0,0,0,0,0,0,0,0,0
резко падать,0,0,0,1,0,1,0,0,0,0
пухлый,0,1,0,0,0,0,0,0,0,0
пухлее,0,0,0,0,0,0,0,0,0,0
грабить,1,0,1,1,0,1,0,1,1,0
погрузиться,0,0,0,1,0,1,0,0,0,0
множественное число,0,0,0,0,0,0,0,0,0,0
множество,0,0,0,0,0,0,0,0,0,0
плюшевый,0,0,0,0,0,0,1,0,0,0
плутоний,0,0,0,0,0,0,0,0,0,0
курсировать,0,0,0,0,0,0,1,0,0,0
пневмония,0,0,0,1,0,1,0,0,0,0
браконьерство,1,0,1,1,0,1,0,1,0,0
карман,0,0,0,0,0,0,0,0,0,0
бумажник,0,0,0,0,0,0,0,0,0,0
стручок,0,0,0,0,0,0,0,0,0,0
стих,0,0,0,0,0,0,0,0,0,0
поэт,0,0,0,0,0,0,0,0,0,0
поэтический,0,0,0,0,0,0,0,0,0,0
поэтический,0,0,0,0,0,0,0,0,0,0
поэтика,0,0,0,0,0,0,0,0,0,0
поэзия,0,0,0,0,0,0,0,0,0,0
острый,0,0,0,0,0,0,0,0,0,0
точка,0,0,0,0,0,0,0,0,0,0
подчеркнуто,0,0,0,0,0,0,1,0,0,0
указатель,0,0,0,0,0,0,0,0,0,0
бессмысленный,0,0,0,0,0,1,0,1,0,0
уравновешенность,0,0,0,0,0,0,0,0,0,0
яд,1,0,1,1,0,1,0,1,0,0
отравлен,1,0,1,1,0,1,0,1,0,0
отравление,0,0,1,0,0,1,0,0,0,0
ядовитый,1,0,1,1,0,1,0,1,0,0
тыкать,0,1,0,0,0,1,0,0,0,0
покер,0,0,0,0,0,0,0,0,0,0
полярный,0,0,0,0,0,0,0,0,0,0
полярность,0,0,0,0,0,0,0,0,1,0
столб,0,0,0,0,0,0,0,0,0,0
полемический,1,0,1,0,0,1,0,0,0,0
полиция,0,0,0,1,0,0,1,0,0,1
полицейский,0,0,0,1,0,0,1,0,0,1
политика,0,0,0,0,0,0,0,0,0,1
полиомиелит,0,0,0,1,0,1,0,1,0,0
полировать,0,0,0,0,0,0,1,0,0,0
полированный,0,0,0,0,0,0,1,0,0,0
вежливый,0,0,0,0,0,0,1,0,0,0
вежливость,0,0,0,0,0,0,1,0,0,0
политический,0,0,1,0,0,0,1,0,0,0
политик,0,0,0,0,0,0,0,0,0,0
политика,1,0,0,0,0,0,0,0,0,0
государство,0,0,0,0,0,0,0,0,0,0
опрос,0,0,0,0,0,0,0,0,0,1
загрязнять,0,0,1,0,0,1,0,0,0,0
загрязнение,0,0,1,0,0,1,0,0,0,0
поло,0,0,0,0,0,0,0,0,0,0
полигамия,0,0,1,0,0,1,0,0,0,0
многоугольник,0,0,0,0,0,0,0,0,0,0
многоугольный,0,0,0,0,0,0,0,0,0,0
полимер,0,0,0,0,0,0,0,0,0,0
полиморфизм,0,0,0,0,0,0,0,0,0,0
пышность,0,0,0,0,0,1,0,0,0,0
напыщенный,0,0,1,0,0,1,0,0,0,0
пончо,0,0,0,0,0,0,0,0,0,0
пруд,0,0,0,0,0,0,0,0,0,0
обдумывать,0,0,0,0,0,0,0,0,0,0
тяжеловесный,0,0,0,0,0,1,0,0,0,0
понтифик,0,0,0,0,0,0,0,0,0,1
понтификат,0,0,0,0,0,0,0,0,0,0
понтон,0,0,0,0,0,0,0,0,0,0
пони,0,0,0,0,0,0,0,0,0,0
пудель,0,0,0,0,0,0,0,0,0,0
бассейн,0,0,0,0,0,0,1,0,0,0
какать,0,0,0,0,0,0,0,0,0,0
плохо,0,0,0,0,0,1,0,0,0,0
поп,0,0,0,0,0,1,0,0,1,0
папа,0,0,0,0,0,0,1,0,0,0
мак,0,0,0,0,0,0,0,0,0,0
популярный,0,0,0,0,0,0,0,0,0,0
популярность,0,0,0,0,0,0,1,0,0,0
популяризированный,0,0,0,0,0,0,1,0,0,0
Население,0,0,0,0,0,0,1,0,0,0
многолюдный,0,0,0,0,0,0,0,0,0,0
фарфор,0,0,0,0,0,0,0,0,0,0
порог,0,0,0,0,0,0,0,0,0,0
дикобраз,0,0,0,0,0,1,0,0,0,0
пора,0,0,0,0,0,0,0,0,0,0
свинина,0,0,0,0,0,0,0,0,0,0
порно,0,0,1,0,0,1,0,0,0,0
порно,0,0,0,0,0,1,0,0,0,0
порнографический,0,0,0,0,0,1,0,0,0,0
порнография,0,0,1,0,0,1,0,0,0,0
пористость,0,0,0,0,0,0,0,0,0,0
пористый,0,0,0,0,0,0,0,0,0,0
каша,0,0,0,0,0,0,0,0,0,0
порт,0,0,0,0,0,0,0,0,0,0
портативный,0,0,0,0,0,0,1,0,0,0
перевозка,0,0,0,0,0,0,0,0,0,0
портал,0,0,0,0,0,0,0,0,0,0
портье,0,0,0,0,0,0,0,0,0,0
портфолио,0,0,0,0,0,0,0,0,0,0
портик,0,0,0,0,0,0,0,0,0,0
часть,0,0,0,0,0,0,0,0,0,0
портрет,0,0,0,0,0,0,0,0,0,0
портретная живопись,0,0,0,0,0,0,0,0,0,0
изобразить,0,0,0,0,0,0,0,0,0,0
поза,0,0,0,0,0,1,0,0,0,0
проблемка,0,0,0,0,0,0,0,0,0,0
установлен,0,0,0,0,0,0,0,0,0,0
должность,0,0,0,0,0,0,0,0,0,0
отряд,0,0,0,1,0,0,0,0,0,0
владеть,0,1,0,0,1,0,1,0,0,1
одержимый,1,0,1,1,0,1,0,0,0,0
обладающий,0,0,0,0,0,0,0,0,0,0
владение,1,0,1,1,0,1,0,0,0,0
владелец,0,0,0,0,0,0,0,0,0,0
возможность,0,1,0,0,0,0,0,0,0,0
возможно,0,0,0,0,0,0,0,0,0,0
почта,0,0,0,0,0,0,0,0,0,0
почтовый,0,0,0,0,0,0,0,0,0,0
плакат,0,0,0,0,0,0,0,0,0,0
задний,0,0,0,0,0,0,0,0,0,0
потомство,0,0,0,0,0,0,0,0,0,0
посмертно,0,0,0,0,0,1,0,1,0,0
откладывать,0,0,0,0,0,0,0,0,0,0
перенесенный,0,0,0,0,0,0,0,0,0,0
отсрочка,0,0,0,0,0,1,0,0,1,0
постскриптум,0,0,0,0,0,0,0,0,0,0
постулат,0,0,0,0,0,0,0,0,0,0
поза,0,0,0,0,0,0,0,0,0,0
горшок,0,0,0,0,0,0,0,0,0,0
питьевой,0,0,0,0,0,0,1,0,0,0
потенция,0,0,0,0,0,0,1,0,0,0
мощный,0,0,0,0,0,0,0,0,0,0
потенциал,0,0,0,0,0,0,0,0,0,0
зелье,0,0,0,0,0,0,0,0,0,0
обед,0,0,0,0,0,0,0,0,0,0
попурри,0,0,0,0,0,0,0,0,0,0
гончар,0,0,0,0,0,0,0,0,0,0
керамика,0,0,0,0,0,0,0,0,0,0
мешочек,0,0,0,0,0,0,0,0,0,0
домашняя птица,0,0,0,0,0,0,0,0,0,0
фунт,1,0,0,0,0,1,0,0,0,0
налить,0,0,0,0,0,0,0,0,0,0
бедность,1,0,1,1,0,1,0,1,0,0
паф,1,0,0,0,0,0,0,0,0,0
пудра,0,0,0,0,0,0,0,0,0,0
напудренный,0,0,0,0,0,0,0,0,0,0
порошкообразный,0,0,0,0,0,0,0,0,0,0
мощный,1,1,1,1,1,0,1,0,0,1
мощно,0,0,0,1,0,0,1,0,0,0
бессильный,1,0,1,1,0,1,0,1,0,0
оспа,0,0,0,0,0,0,0,0,0,0
осуществимый,0,0,0,0,0,0,0,0,0,0
практичный,0,0,0,0,0,0,0,0,0,0
практически,0,0,0,0,0,0,0,0,0,0
упражняться,0,0,0,0,0,0,1,0,0,0
практиковал,0,0,0,0,1,0,1,0,1,1
упражняться,0,1,0,0,0,0,1,0,0,0
практик,0,0,0,0,0,0,0,0,0,0
прерия,0,0,0,0,0,0,0,0,0,0
хвалить,0,0,0,0,1,0,1,0,0,1
похвалил,0,0,0,0,1,0,1,0,0,0
похвальный,0,1,0,0,1,0,1,0,1,1
розыгрыш,0,0,0,0,0,1,0,0,1,0
практика,0,0,0,0,0,0,0,0,0,0
молиться,0,1,0,1,1,0,1,0,1,1
молитва,0,0,0,0,0,0,0,0,0,0
проповедовать,0,0,0,0,0,0,0,0,0,0
проповедник,0,0,0,0,0,0,0,0,0,0
проповедь,0,0,0,0,0,0,0,0,0,0
преамбула,0,0,0,0,0,0,0,0,0,0
опасный,0,1,0,1,0,1,0,1,0,0
предосторожность,0,0,0,0,0,0,1,0,0,0
предупредительный,0,0,0,0,0,0,0,0,0,0
предшествовать,0,0,0,0,0,0,1,0,0,0
приоритет,0,0,0,0,0,0,1,0,0,1
прецедент,0,0,0,0,0,0,0,0,0,0
предшествующий,0,0,0,0,0,0,0,0,0,0
заповедь,0,0,0,0,0,0,0,0,0,0
наставник,0,0,0,0,0,0,0,0,0,0
прецессия,0,0,0,0,0,0,0,0,0,0
участок,0,0,0,0,0,1,0,0,0,0
участки,0,0,0,0,0,0,0,0,0,0
драгоценный,0,1,0,0,1,0,1,0,1,0
пропасть,0,0,0,1,0,0,0,0,0,0
осадок,0,0,0,0,0,0,0,0,0,0
осадки,0,0,0,0,0,0,0,0,0,0
крутой,0,0,0,0,0,0,0,0,0,0
точный,0,0,0,0,0,0,1,0,0,0
именно так,0,0,0,0,0,0,0,0,0,0
точность,0,0,0,0,0,0,1,0,0,0
исключать,1,0,0,0,0,0,0,0,0,0
не по годам развитый,0,0,0,0,0,0,0,0,0,0
предшественник,0,1,0,0,0,0,0,0,0,0
хищный,0,0,0,0,0,1,0,0,0,0
предшественник,0,0,0,0,0,0,0,0,0,0
затруднительное положение,0,0,0,1,0,1,0,0,0,0
предикат,0,0,0,0,0,0,0,0,0,0
предсказывать,0,1,0,0,0,0,0,0,0,0
предсказание,0,0,0,0,0,0,0,0,0,0
прогноз,0,1,0,0,0,0,0,0,0,0
предсказательный,0,0,0,0,0,0,0,0,0,0
предсказатель,0,0,0,0,0,0,0,0,0,0
склонность,0,1,0,0,0,0,1,0,0,0
предрасполагать,0,1,0,0,0,0,0,0,0,0
предрасположенный,0,0,0,0,0,0,0,0,0,0
предрасположенность,0,0,0,0,0,0,0,0,0,0
преобладание,0,0,0,0,0,0,0,0,0,0
преобладающий,0,0,0,0,0,0,1,0,0,1
преобладать,0,0,0,0,0,0,0,0,0,0
выдающийся,0,0,0,0,0,0,1,0,0,0
упреждение,0,0,0,0,0,0,0,0,0,0
предисловие,0,0,0,0,0,0,0,0,0,0
префект,0,0,0,0,0,0,0,0,0,0
предпочитать,0,0,0,0,0,0,1,0,0,1
предпочтение,0,0,0,0,0,0,0,0,0,0
льготный,0,0,0,0,0,0,0,0,0,0
префикс,0,0,0,0,0,0,0,0,0,0
беременность,0,0,1,0,0,1,0,0,0,0
доисторический,0,0,0,0,0,0,0,0,0,0
предрассудки,1,0,0,0,0,1,0,0,0,0
предвзятый,0,0,1,1,0,1,0,0,0,0
предвзятый,1,0,0,0,0,1,0,0,0,0
предварительный,0,1,0,0,0,0,0,0,0,0
прелюдия,0,0,0,0,0,0,0,0,0,0
преждевременный,0,0,0,0,0,0,0,0,1,0
преждевременно,0,0,0,0,0,0,0,0,0,0
преднамеренный,0,0,0,1,0,1,0,0,0,0
премьер,0,0,0,0,0,0,1,0,0,0
помещение,0,0,0,0,0,0,0,0,0,0
помещение,0,0,0,0,0,0,1,0,0,0
премия,0,0,0,0,0,0,0,0,0,0
озабоченность,0,0,0,0,0,0,0,0,0,0
озабоченный,0,0,0,0,0,0,0,0,0,0
подготовка,0,1,0,0,0,0,0,0,0,0
подготовительный,0,1,0,0,0,0,0,0,0,0
подготовить,0,1,0,0,0,0,1,0,0,0
готовый,0,1,0,0,0,0,1,0,0,1
готовность,0,1,0,0,0,0,0,0,0,0
составитель,0,0,0,0,0,0,0,0,0,0
подготовка,0,0,0,0,0,0,0,0,0,0
превосходство,0,0,0,0,0,0,0,0,0,1
предварительное условие,0,1,0,0,0,0,0,0,0,0
прерогатива,0,0,0,0,0,0,0,0,0,0
предвидящий,0,1,0,0,0,0,1,0,0,0
предписанный,0,0,0,0,0,0,0,0,0,0
рецепт,0,0,0,0,0,0,0,0,0,0
предписывающий,0,0,0,0,0,0,0,0,0,0
присутствие,0,0,0,0,0,0,1,0,0,0
подарок,0,1,0,0,1,0,1,0,1,1
презентабельный,0,0,0,0,0,0,1,0,0,0
презентация,0,0,0,0,0,0,0,0,0,0
представление,0,0,0,0,0,1,1,0,0,0
сохранение,0,0,0,0,0,0,0,0,0,0
консервант,0,1,0,0,1,0,1,0,1,1
сохранять,0,0,0,0,0,0,1,0,0,0
сохраненный,0,0,0,0,0,0,0,0,0,0
сохранение,0,0,0,0,0,0,0,0,0,0
председательствовать,0,0,0,0,0,0,0,0,0,0
президентство,0,0,0,0,0,0,0,0,0,0
президент,0,0,0,0,0,0,1,0,0,1
Нажмите,0,0,0,0,0,0,0,0,0,0
нажатие,0,0,0,0,0,0,0,0,0,0
давление,0,0,0,0,0,1,0,0,0,0
престиж,0,0,0,0,1,0,1,0,0,1
престо,0,0,0,0,1,0,1,0,1,0
презумпция,0,0,0,0,0,0,0,0,0,1
предполагаемый,0,0,0,0,0,0,0,0,0,0
самонадеянный,1,0,1,0,0,1,0,0,0,0
предполагают,0,0,0,0,0,0,0,0,0,0
притворяться,0,0,0,0,0,1,0,0,0,0
притворялся,0,0,0,0,0,1,0,0,0,0
притворяясь,1,0,0,0,0,1,0,0,0,0
притворство,0,0,0,0,0,1,0,0,0,0
претензии,0,0,0,0,0,1,0,0,0,0
предлог,0,0,0,0,0,0,0,0,0,0
Симпатичная,0,1,0,0,1,0,1,0,0,1
преобладать,0,1,0,0,1,0,1,0,0,0
преобладающий,0,0,0,0,0,0,0,0,0,0
распространенность,0,0,0,0,0,0,0,0,0,0
распространенный,0,0,0,0,0,0,0,0,0,1
предотвращать,0,0,0,1,0,0,0,0,0,0
превентивный,0,0,0,0,0,0,0,0,0,0
профилактика,0,1,0,0,0,0,1,0,0,0
превентивный,0,0,0,0,0,1,0,0,0,0
предыдущий,0,0,0,0,0,0,0,0,0,0
ранее,0,0,0,0,0,0,0,0,0,0
добыча,0,0,0,1,0,1,0,0,0,0
цена,0,0,0,0,0,0,0,0,0,0
бесценный,0,0,0,0,0,0,1,0,0,0
уколоть,1,0,1,1,0,1,0,0,1,0
колючий,0,0,0,0,0,1,0,0,0,0
гордость,0,0,0,0,1,0,1,0,0,0
священник,0,0,0,0,0,0,1,0,0,1
священство,0,1,0,0,1,0,1,1,0,1
священнический,0,0,0,0,0,0,1,0,0,0
чопорный,0,0,0,0,0,0,0,0,0,0
первенство,0,0,0,0,0,0,1,0,0,0
начальный,0,0,0,0,0,0,1,0,0,0
примат,0,0,0,0,0,0,0,0,0,0
приматы,0,0,0,0,0,0,0,0,0,0
основной,0,0,0,0,0,0,1,0,0,0
загрунтован,0,0,0,0,0,0,0,0,0,0
грунтовка,0,0,0,0,0,0,1,0,0,1
первобытный,0,0,0,0,0,0,0,0,0,0
грунтовка,0,0,0,0,0,0,0,0,0,0
примитивный,0,0,0,0,0,0,0,0,0,0
изначальный,0,0,0,0,0,0,0,0,0,0
принц,0,0,0,0,0,0,1,0,0,0
княжеский,0,1,0,0,1,0,1,0,1,1
принцесса,0,0,0,0,0,0,1,0,0,0
главный,0,0,0,0,0,0,1,0,0,1
главным образом,0,0,0,0,0,0,0,0,0,0
принцип,0,0,0,0,0,0,0,0,0,0
Распечатать,0,0,0,0,0,0,0,0,0,0
принтер,0,0,0,0,0,0,0,0,0,0
печать,0,0,0,0,0,0,0,0,0,0
прежний,0,0,0,0,0,0,0,0,0,0
приоритет,0,0,0,0,0,0,0,0,0,0
монастырь,0,0,0,0,0,0,0,0,0,0
призма,0,0,0,0,0,0,0,0,0,0
призматический,0,0,0,0,0,0,0,0,0,0
тюрьма,1,0,0,1,0,1,0,1,0,0
заключенный,1,0,1,1,0,1,0,1,0,0
нетронутый,0,0,0,0,0,0,1,0,0,0
Конфиденциальность,0,0,0,0,0,0,0,0,0,0
частный,0,0,0,0,0,0,0,0,0,0
конфиденциально,0,0,0,0,0,0,0,0,0,0
привилегия,0,0,0,0,0,0,0,0,0,0
привилегированный,0,0,0,0,1,0,1,0,0,1
тайный,0,0,0,0,0,1,0,0,0,1
вероятность,0,1,0,0,0,0,0,0,0,0
вероятный,0,0,0,0,0,0,0,0,0,0
испытательный срок,0,1,0,1,0,0,0,1,0,0
испытательный,0,0,0,0,0,0,0,0,0,0
доказательный,0,0,0,0,0,0,0,0,0,0
зонд,0,0,0,0,0,0,0,0,0,0
честность,0,0,0,0,0,0,1,0,0,1
проблема,0,0,0,1,0,1,0,1,0,0
процедура,0,0,0,1,0,0,1,0,0,0
продолжить,0,0,0,0,0,0,0,0,0,0
процесс,0,1,0,0,0,0,0,0,0,0
доходы,0,0,0,0,0,0,0,0,0,0
процесс,0,0,0,0,0,0,0,0,0,0
шествие,0,0,0,0,1,0,1,1,1,0
провозглашать,0,0,0,0,0,0,0,0,0,0
провозглашение,0,0,0,0,0,0,0,0,0,0
откладывать на потом,0,0,0,0,0,1,0,0,0,0
прокрастинация,0,0,0,0,0,1,0,0,0,0
продолжение рода,0,0,0,0,0,0,0,0,0,0
проктор,0,0,0,0,0,0,1,0,0,1
обеспечить,0,0,0,0,0,0,1,0,0,0
закупка,0,0,0,0,0,0,0,0,0,0
продукт,0,0,0,0,0,0,0,0,0,0
расточительный,0,0,0,0,0,1,1,0,0,0
потрясающий,0,0,0,0,0,0,1,0,0,0
вундеркинд,0,0,0,0,0,0,1,0,0,0
производить,0,0,0,0,0,0,0,0,0,0
произведено,0,0,0,0,0,0,0,0,0,0
режиссер,0,0,0,0,0,0,1,0,0,0
производство,0,0,0,0,0,0,1,0,0,0
товар,0,0,0,0,0,0,0,0,0,0
производство,0,1,0,0,0,0,1,0,0,0
продуктивный,0,0,0,0,0,0,1,0,0,0
производительность,0,0,0,0,0,0,1,0,0,0
нечестивый,1,0,0,0,0,1,0,0,0,0
ненормативная лексика,1,0,0,0,0,1,0,0,0,0
исповедовать,0,0,0,0,0,0,0,0,0,0
профессия,0,0,0,0,0,0,1,0,0,0
профессиональный,0,0,0,0,0,0,1,0,0,1
профессор,0,0,0,0,0,0,1,0,0,1
профессура,0,0,0,0,0,0,0,0,0,1
мастерство,0,1,0,0,1,0,1,0,1,1
опытный,0,0,0,0,0,0,1,0,0,1
профиль,0,0,0,0,0,0,0,0,0,0
выгода,0,0,0,0,0,0,0,0,0,0
обильный,0,0,0,0,0,0,1,0,0,0
изобилие,0,0,0,0,0,1,0,0,0,0
программа,0,0,0,0,0,0,0,0,0,0
прародитель,0,0,0,0,0,0,0,0,0,0
потомство,0,0,0,0,0,0,0,0,0,0
прогноз,0,1,0,1,0,0,0,0,0,0
прогностический,0,1,0,0,0,0,0,0,0,0
программа,0,0,0,0,0,0,0,0,0,0
программа,0,0,0,0,0,0,0,0,0,0
программист,0,0,0,0,0,0,0,0,0,0
прогресс,0,1,0,0,1,0,1,0,0,0
прогрессия,0,1,0,0,1,0,1,1,0,1
прогрессивный,0,0,0,0,0,0,1,0,0,0
запретить,0,0,0,0,0,0,0,0,0,0
запрещенный,1,0,1,1,0,1,0,0,0,0
запрет,0,0,0,0,0,1,0,0,0,0
запретительный,0,0,0,0,0,0,0,0,0,0
проект,0,0,0,0,0,0,0,0,0,0
снаряд,0,0,0,1,0,0,0,0,0,0
снаряды,0,0,0,1,0,0,0,0,0,0
проектирование,0,0,0,0,0,0,0,0,0,0
проекция,0,0,0,0,0,0,0,0,0,0
проектор,0,0,0,0,0,0,0,0,0,0
пролетарский,0,0,0,0,0,0,0,0,0,0
пролетариат,0,0,0,0,0,0,0,0,0,0
плодовитый,0,0,0,0,0,0,1,0,0,0
пролог,0,1,0,0,0,0,0,0,0,0
продлить,0,0,1,0,0,1,0,0,0,0
продление,0,0,0,0,0,0,0,0,0,0
продолжительный,0,0,0,0,0,0,0,0,0,0
прогулка,0,0,0,0,0,0,0,0,0,0
известность,0,0,0,0,0,0,1,0,0,0
заметно,0,0,0,0,0,0,1,0,0,0
беспорядочный,0,0,0,0,0,1,0,0,0,0
обещать,0,0,0,0,1,0,1,0,0,1
многообещающий,0,0,0,0,0,0,1,0,0,0
вексель,0,0,0,0,0,0,0,0,0,0
мыс,0,0,0,0,0,0,0,0,0,0
продвигать,0,0,0,0,0,0,0,0,0,0
промоутер,0,0,0,0,0,0,0,0,0,0
продвижение,0,0,0,0,0,0,1,0,0,0
быстрый,0,0,0,0,0,0,0,0,0,0
побуждение,0,0,0,0,0,0,0,0,0,0
обнародовать,0,0,0,0,0,0,0,0,0,0
обнародование,0,0,0,0,0,0,0,0,0,0
склонный,0,0,0,0,0,0,0,0,0,0
зубец,0,0,0,0,0,0,0,0,0,0
произносить,0,0,0,0,0,0,0,0,0,0
ярко выраженный,0,0,0,0,0,0,0,0,0,0
заявление,0,0,0,0,0,0,0,0,0,0
произношение,0,0,0,0,0,0,0,0,0,0
доказательство,0,0,0,0,0,0,0,0,0,1
опора,0,0,0,0,0,0,1,0,0,0
пропаганда,0,0,0,0,0,1,0,0,0,0
распространять,0,0,0,0,0,0,0,0,0,0
распространение,0,0,0,0,0,0,0,0,0,0
пропан,0,0,0,0,0,0,0,0,0,0
продвигать,0,0,0,0,0,0,0,0,0,0
движимый,0,0,0,0,0,0,0,0,0,0
пропеллер,0,0,0,0,0,0,0,0,0,0
продвигающий,0,0,0,0,0,0,0,0,0,0
склонность,0,0,0,0,0,0,0,0,0,0
правильный,0,0,0,0,0,0,1,0,0,0
имущество,0,0,0,0,0,0,0,0,0,0
пророчество,0,1,0,0,0,0,0,0,0,0
пророчествовать,0,0,0,0,0,0,0,0,0,0
пророк,0,1,0,0,0,0,1,0,0,1
пророческий,0,1,0,0,0,0,0,0,0,0
профилактический,0,1,0,0,0,0,1,0,0,1
профилактика,0,0,0,0,0,0,0,0,0,0
пропорция,0,0,0,0,0,0,0,0,0,0
пропорциональный,0,0,0,0,0,0,0,0,0,0
пропорциональный,0,0,0,0,0,0,0,0,0,0
пропорции,0,0,0,0,0,0,0,0,0,0
предложение,0,0,0,0,0,0,0,0,0,0
предложение,0,0,0,0,0,0,1,0,0,0
собственность,0,0,0,0,0,0,0,0,0,0
владелец,0,0,0,0,0,0,0,0,0,0
собственность,0,0,0,0,0,0,0,0,0,0
уместность,0,0,0,0,0,0,0,0,0,0
движение,0,0,0,0,0,0,0,0,0,0
проза,0,0,0,0,0,0,0,0,0,0
преследовать в судебном порядке,1,0,0,1,0,1,0,1,0,0
судебное преследование,0,0,1,0,0,1,0,0,0,0
прокурор,0,0,0,0,0,0,0,0,0,0
перспектива,0,0,0,0,0,0,1,0,0,0
предполагаемый,0,0,0,0,0,0,0,0,0,0
перспективно,0,1,0,0,0,0,0,0,0,0
проспект,0,0,0,0,0,0,0,0,0,0
процветать,0,1,0,0,1,0,1,0,0,0
процветание,0,0,0,0,0,0,1,0,0,0
процветающий,0,0,0,0,1,0,1,0,0,0
Проститутка,0,0,1,0,0,1,0,0,0,0
проституция,0,0,1,0,0,1,0,1,0,0
поверженный,0,0,0,0,0,0,0,0,0,0
главный герой,0,0,0,0,0,0,0,0,0,0
защищать,0,0,0,0,0,0,1,0,0,0
защищенный,0,0,0,0,0,0,0,0,0,1
защита,0,0,0,0,0,0,1,0,0,1
защита,0,0,0,0,0,0,0,0,0,0
защитный,0,0,0,0,0,0,1,0,0,0
защитник,0,0,0,0,0,0,1,0,0,1
белок,0,0,0,0,0,0,0,0,0,0
протест,0,0,0,0,0,0,0,0,0,0
протокол,0,0,0,0,0,0,0,0,0,0
прототип,0,0,0,0,0,0,0,0,0,0
простейшие,0,0,0,0,0,0,0,0,0,0
затяжной,0,0,0,0,0,0,0,0,0,0
высовываться,0,0,0,0,0,0,0,0,0,0
выступ,0,0,0,0,0,0,0,0,0,0
гордый,0,1,0,0,1,0,1,0,0,1
доказывать,0,0,0,0,0,0,1,0,0,0
доказано,0,0,0,0,0,0,0,0,0,1
пословица,0,0,0,0,0,0,0,0,0,0
пресловутый,0,0,0,0,0,0,1,0,0,0
предоставлять,0,0,0,0,0,0,1,0,0,1
при условии,0,0,0,0,0,0,0,0,0,0
провидение,0,0,0,0,0,0,0,0,0,0
обеспечение,0,1,0,0,1,0,1,0,0,1
провинция,0,0,0,0,0,0,0,0,0,0
провинциальный,0,0,0,0,0,0,0,0,0,0
обеспечение,0,0,0,0,0,0,0,0,0,0
временно,0,0,0,0,0,0,0,0,0,0
положения,0,0,0,0,0,0,0,0,0,0
оговорка,0,0,0,0,0,0,0,0,0,1
провокация,1,0,0,0,0,1,0,0,0,0
провокационный,0,0,0,0,0,0,0,0,0,0
провоцирующий,1,0,1,0,0,1,0,0,0,0
ректор,0,0,0,0,0,0,0,0,0,0
доблесть,0,0,0,0,0,0,0,0,0,0
рыскать,0,0,0,1,0,0,0,0,1,0
проксимальный,0,0,0,0,0,0,0,0,0,0
ближайший,0,0,0,0,0,0,0,0,0,0
близость,0,0,0,0,0,0,0,0,0,0
прокси,0,0,0,0,0,0,0,0,0,1
благоразумие,0,0,0,0,0,0,1,0,0,0
благоразумный,0,0,0,0,0,0,1,0,0,1
чернослив,0,0,0,0,0,0,0,0,0,0
подглядывать,1,1,0,0,0,1,0,0,0,1
любопытный,0,0,0,0,0,1,0,0,0,0
псалом,0,0,0,0,0,0,1,0,0,0
псевдо,0,0,0,0,0,0,0,0,0,0
псевдоним,0,0,0,0,0,0,0,0,0,0
психика,0,0,0,0,0,0,0,0,0,0
психический,0,0,0,0,0,0,0,0,0,0
экстрасенсы,0,0,0,0,0,0,0,0,0,0
психологический,0,0,0,0,0,0,0,0,0,0
психолог,0,0,0,0,0,0,0,0,0,0
психология,0,0,0,0,0,0,0,0,0,0
психоз,1,0,0,1,0,1,0,1,0,0
паб,0,0,0,0,0,0,0,0,0,0
половое созревание,0,0,0,0,0,0,0,0,0,0
опушенный,0,0,0,0,0,0,0,0,0,0
публичный,0,1,0,0,0,0,1,0,0,0
публикация,0,0,0,0,0,0,0,0,0,0
публицист,0,0,0,0,0,1,0,0,0,0
публичность,0,0,0,0,0,0,0,0,0,0
публично,0,0,0,0,0,0,0,0,0,0
публиковать,0,0,0,0,0,0,0,0,0,0
опубликовано,0,0,0,0,0,0,0,0,0,0
издатель,0,0,0,0,0,0,0,0,0,0
пудинг,0,0,0,0,0,0,0,0,0,0
лужа,0,0,0,0,0,0,0,0,0,0
затяжка,0,0,0,0,0,0,0,0,0,0
пухлый,0,0,0,0,0,1,0,0,0,0
мопс,0,0,0,0,0,0,0,0,0,0
блевать,0,0,1,0,0,0,0,0,0,0
тянуть,0,0,0,0,0,0,1,0,0,0
шкив,0,0,0,0,0,0,0,0,0,0
натяни,0,0,0,0,0,0,0,0,0,0
легочный,0,0,0,0,0,0,0,0,0,0
мякоть,0,0,0,0,0,0,0,0,0,0
кафедра,0,0,0,0,0,0,1,0,0,0
пульсация,0,0,0,0,0,0,0,0,0,0
пульс,0,0,0,0,0,0,0,0,0,0
пума,0,0,0,1,0,0,0,0,1,0
насос,0,0,0,0,0,0,0,0,0,0
каламбур,0,0,0,0,0,0,0,0,0,0
ударить кулаком,1,0,0,1,0,1,0,1,1,0
пунктуальный,0,1,0,0,0,0,1,0,0,1
пунктуальность,0,0,0,0,0,0,1,0,0,0
пунктуально,0,0,0,0,0,0,0,0,0,0
пунктуация,0,0,0,0,0,0,0,0,0,0
прокол,0,0,0,0,0,0,0,0,0,0
эксперт,0,0,0,0,0,0,0,0,0,0
острый,0,0,1,0,0,1,0,0,0,0
наказывать,0,0,0,1,0,1,0,0,0,0
наказан,1,1,1,1,0,1,0,1,0,0
наказание,1,0,0,1,0,1,0,1,0,0
наказание,1,0,1,1,0,1,0,0,0,0
карательный,1,0,0,1,0,1,0,1,0,0
панк,0,0,0,0,0,0,0,0,0,0
плоскодонка,0,1,0,0,0,0,0,0,0,0
тщедушный,0,0,0,0,0,0,0,0,0,0
щенок,0,0,0,0,0,0,0,0,0,0
ученица,0,0,0,0,0,0,0,0,0,0
марионетка,0,0,0,0,0,0,0,0,0,0
щенок,0,1,0,0,0,0,1,0,0,1
покупка,0,0,0,0,0,0,0,0,0,0
покупатель,0,0,0,0,0,0,0,0,0,0
покупка,0,0,0,0,0,0,0,0,0,0
пюре,0,0,0,0,0,0,0,0,0,0
чисто,0,0,0,0,0,0,1,0,0,1
чистилище,0,0,1,1,0,1,0,0,0,0
удалять,0,0,0,1,0,1,0,0,0,0
очищение,0,0,0,0,0,0,1,0,0,1
очистить,0,0,0,0,1,0,1,0,0,1
пурист,0,0,0,0,0,0,1,0,0,0
чистота,0,0,0,0,0,0,1,0,1,0
пурпурный,0,0,0,0,0,0,0,0,0,0
смысл,0,0,0,0,0,0,0,0,0,0
цель,0,0,0,0,0,0,0,0,0,0
преднамеренно,0,0,0,0,0,0,0,0,0,0
мурлыкать,0,0,0,0,1,0,1,0,0,1
кошелек,0,0,0,0,0,0,0,0,0,0
преследование,0,0,0,0,0,0,0,0,0,0
преследуя,0,0,0,0,0,0,0,0,0,0
преследование,0,0,0,0,0,0,0,0,0,0
поставщик,0,0,0,0,0,0,0,0,0,0
компетенция,0,0,0,0,0,0,0,0,0,0
гной,0,0,1,0,0,1,0,0,0,0
толкать,0,0,0,0,0,0,0,0,0,0
толкание,0,0,0,0,0,0,0,0,0,0
кот,0,0,0,0,0,0,0,0,0,0
киска,0,0,0,0,0,0,0,0,0,0
кошечка,0,0,0,0,0,0,0,0,0,0
помещать,0,0,0,0,0,0,0,0,0,0
предполагаемый,0,0,0,0,0,0,0,0,0,1
ставит,0,0,0,0,0,0,0,0,0,0
замазка,0,0,0,0,0,0,0,0,0,0
озадаченный,0,0,0,0,0,0,0,0,0,0
загадочный,0,0,0,0,0,0,0,0,0,0
пигмей,0,0,0,0,0,0,0,0,0,0
пирамида,0,0,0,0,0,0,0,0,0,0
пирамидальный,0,0,0,0,0,0,0,0,0,0
пиротехника,0,0,0,0,0,0,0,0,0,0
шарлатан,0,0,1,0,0,1,0,0,0,0
четверной,0,0,0,0,0,0,0,0,0,0
четырехугольник,0,0,0,0,0,0,0,0,0,0
квадрант,0,0,0,0,0,0,0,0,0,0
квадратичный,0,0,0,0,0,0,0,0,0,0
квадратура,0,0,0,0,0,0,0,0,0,0
четверной,0,0,0,0,0,0,0,0,0,0
квадруполь,0,0,0,0,0,0,0,0,0,0
трясина,0,0,1,0,0,1,0,0,0,0
перепел,0,0,0,1,0,1,0,0,0,0
причудливый,0,0,0,0,1,0,1,0,0,1
трясти,0,0,0,1,0,0,0,0,0,0
квалифицированный,0,0,0,0,0,0,1,0,0,1
квалифицировать,0,0,0,0,0,0,0,0,0,0
квалифицирующий,0,0,0,0,0,0,1,0,0,0
качества,0,0,0,0,0,0,0,0,0,0
качественный,0,0,0,0,0,0,0,0,0,0
затруднительное положение,1,0,0,1,0,1,0,0,0,0
количественно,0,0,0,0,0,0,0,0,0,0
количественный,0,0,0,0,0,0,0,0,0,0
количественно,0,0,0,0,0,0,0,0,0,0
количество,0,0,0,0,0,0,0,0,0,0
квант,0,0,0,0,0,0,0,0,0,0
карантин,0,0,0,1,0,0,0,0,0,0
ссориться,1,0,0,0,0,1,0,0,0,0
карьер,0,0,0,0,0,0,0,0,0,0
кварта,0,0,0,0,0,0,0,0,0,0
четверть,0,0,0,0,0,0,0,0,0,0
четвертованный,0,0,0,0,0,0,0,0,0,0
кварталы,0,0,0,0,0,0,0,0,0,0
квартет,0,0,0,0,0,0,0,0,0,0
квартиль,0,0,0,0,0,0,0,0,0,0
кварто,0,0,0,0,0,0,0,0,0,0
кварц,0,0,0,0,0,0,0,0,0,0
подавить,0,0,0,1,0,1,0,0,0,0
квази,0,0,0,0,0,0,0,0,0,0
четвертичный,0,0,0,0,0,0,0,0,0,0
набережная,0,0,0,0,0,0,0,0,0,0
Королева,0,0,0,0,0,0,0,0,0,0
подавлять,0,0,0,0,0,1,0,0,0,0
утолять жажду,0,0,0,0,0,0,0,0,0,0
запрос,0,0,0,0,0,0,0,0,0,0
квест,0,1,0,0,0,0,1,0,0,0
вопрос,0,0,0,0,0,0,1,0,0,0
сомнительный,0,0,1,0,0,1,0,0,0,0
допрос,0,0,0,0,0,0,0,0,0,0
очередь,0,0,0,0,0,0,0,0,0,0
оживить,0,1,0,0,0,0,0,0,0,0
быстро,0,0,0,0,0,0,0,0,0,0
быстрота,0,0,0,0,0,0,1,0,1,0
ртуть,0,0,0,0,0,1,0,0,1,0
фунт,0,0,0,0,0,0,0,0,0,0
спокойный,0,0,0,0,0,0,1,0,0,0
тихо,0,0,0,0,0,0,1,1,0,0
тихо,0,0,0,0,0,0,0,0,0,0
перо,0,0,0,0,0,0,0,0,0,0
одеяло,0,0,0,0,0,0,0,0,0,0
хинин,0,0,0,0,0,0,1,0,0,0
покидать,0,0,0,0,0,1,0,0,0,0
уходит,0,0,0,0,0,0,0,0,0,0
колчан,0,0,0,1,0,1,0,0,0,0
дрожащий,0,0,0,1,0,1,0,0,0,0
контрольный опрос,0,0,0,0,0,1,0,0,0,0
кворум,0,0,0,0,0,0,0,0,0,0
квота,0,0,0,0,0,0,0,0,0,0
цитата,0,0,0,0,0,0,0,0,0,0
цитировать,0,1,0,0,0,1,1,0,1,0
частное,0,0,0,0,0,0,0,0,0,0
кролик,0,0,0,0,0,0,0,0,0,0
сброд,1,0,0,1,0,1,0,0,0,0
бешеный,1,1,1,1,0,1,0,1,0,0
бешенство,0,0,0,0,0,1,0,0,0,0
гонка,0,0,0,0,0,0,0,0,0,0
скаковая лошадь,0,0,0,0,0,0,0,0,0,0
гонщик,0,0,0,0,0,0,0,0,0,0
стойка,0,0,0,0,0,1,0,1,0,0
рэкет,0,0,0,0,0,1,0,0,0,0
стеллаж,0,0,0,0,0,0,0,0,0,0
пикантный,0,0,0,0,0,0,0,0,0,0
радар,0,0,0,0,0,0,0,0,0,1
сияние,0,1,0,0,1,0,1,0,0,1
сияющий,0,0,0,0,1,0,1,0,0,0
излучать,0,0,0,0,0,0,1,0,0,0
радиация,0,0,0,1,0,1,0,0,0,0
радикально,0,0,0,0,0,0,0,0,0,0
радио,0,0,0,0,0,0,1,0,0,0
радиоактивный,0,0,0,1,0,1,0,0,0,0
радиоактивность,0,0,0,0,0,0,0,0,0,0
рентгенограмма,0,0,0,0,0,0,0,0,0,0
рентгенография,0,0,0,0,0,0,0,0,0,0
радиология,0,0,0,0,0,0,0,0,0,0
радий,0,0,0,0,0,0,0,0,0,0
радиус,0,0,0,0,0,0,0,0,0,0
радон,0,0,0,1,0,1,0,0,0,0
розыгрыш,0,1,0,0,0,0,0,0,1,0
плот,0,0,0,0,0,0,0,0,0,0
ярость,1,0,0,0,0,1,0,0,0,0
рваный,0,0,0,0,0,0,0,0,0,0
бушующий,1,0,1,1,0,1,0,0,0,0
тряпки,0,0,1,0,0,1,0,0,0,0
рейд,1,0,0,1,0,1,0,0,1,0
рельс,1,1,0,0,0,1,0,0,0,0
перила,0,0,0,0,0,0,0,0,0,0
железная дорога,0,0,0,0,0,0,0,0,0,0
Железнодорожный,0,0,0,0,0,0,0,0,0,0
одежда,0,0,0,0,0,0,0,0,0,0
дождь,0,0,0,0,0,0,0,0,0,0
плащ дождевик,0,0,0,0,0,0,0,0,0,0
осадки,0,0,0,0,0,0,0,0,0,0
дождливый,0,0,0,0,0,0,0,1,0,0
поднимать,0,0,0,0,0,0,0,0,0,0
поднятый,0,0,0,0,0,0,0,0,0,0
повышение,0,0,0,0,0,0,0,0,0,0
грабли,0,0,0,0,0,0,0,0,0,0
митинг,0,0,0,0,0,0,0,0,0,0
баран,1,1,0,0,0,1,0,0,0,0
бродить,0,0,0,0,0,0,0,0,0,0
бессвязный,0,0,0,0,0,1,0,0,0,0
пандус,0,0,0,0,0,0,0,0,0,0
неистовство,1,0,0,1,0,1,0,0,0,0
ранчо,0,0,0,0,0,0,0,0,0,0
прогорклый,0,0,1,0,0,1,0,0,0,0
случайно,0,0,0,0,0,0,0,0,1,0
случайность,0,0,0,0,0,0,0,0,0,0
Рэнди,0,0,0,0,0,0,0,0,0,0
рейнджер,0,0,0,0,0,0,0,0,0,1
классифицировать,0,0,0,0,0,0,0,0,0,0
выкуп,1,0,0,1,0,1,0,0,0,0
разглагольствовать,0,0,0,0,0,0,0,0,0,0
рэп,0,0,0,0,0,0,0,0,0,0
изнасилование,1,0,1,1,0,1,0,1,0,0
стремительный,0,0,0,0,0,0,0,0,1,0
быстрота,0,0,0,0,0,0,0,0,0,0
пороги,0,0,0,0,0,0,0,0,0,0
рэп,1,0,0,0,0,0,0,0,0,0
восхищенный,0,0,0,0,1,0,1,0,1,1
хищники,0,0,0,1,0,1,0,0,0,0
восторг,0,1,0,0,1,0,1,0,0,0
редко,0,0,0,0,0,0,0,0,0,0
редкость,0,0,0,0,0,0,0,0,1,0
негодяй,1,0,1,1,0,1,0,0,0,0
сыпь,0,0,1,0,0,1,0,0,0,0
крыса,0,0,1,1,0,1,0,0,0,0
храповик,0,0,0,0,0,0,0,0,0,0
оценивать,0,0,0,0,0,0,0,0,0,0
ратификация,0,0,0,0,0,0,0,0,0,0
ратифицировать,0,0,0,0,0,0,0,0,0,1
рейтинг,1,0,0,1,0,1,0,1,0,0
соотношение,0,0,0,0,0,0,0,0,0,0
рацион,0,0,0,0,0,0,0,0,0,0
рациональный,0,0,0,0,0,0,1,0,0,1
обоснование,0,0,0,0,0,0,0,0,0,0
рационализм,0,0,0,0,0,0,0,0,0,0
рациональность,0,0,0,0,0,0,0,0,0,0
ротанг,0,0,0,0,0,0,0,0,0,0
погремушка,0,0,0,0,0,0,0,0,0,0
гремучая змея,0,0,0,1,0,0,0,0,0,0
хриплый,0,0,0,0,0,1,0,0,0,0
бред,1,0,1,0,1,1,1,0,1,1
ворон,0,0,0,0,0,0,0,0,0,0
хищный,1,0,0,1,0,1,0,1,0,0
овраг,0,0,0,1,0,0,0,0,0,0
бред,1,1,0,1,1,1,0,0,1,0
сыромятная кожа,0,0,0,0,0,0,0,0,0,0
луч,0,0,0,0,0,0,0,0,0,0
бритва,0,0,0,1,0,0,0,0,0,0
достигать,0,0,0,0,0,0,0,0,0,0
реагировать,1,0,0,1,0,0,0,0,0,0
реакционный,0,0,0,0,0,1,0,0,0,0
читать,0,0,0,0,0,0,0,0,0,0
читатель,0,0,0,0,0,0,1,0,0,0
читательская аудитория,0,0,0,0,0,0,0,0,0,0
легко,0,0,0,0,0,0,1,0,0,0
готовность,0,1,0,0,1,0,1,0,0,1
чтение,0,0,0,0,0,0,1,0,0,0
приспособление,0,0,0,0,0,0,0,0,0,0
готовы,0,1,0,0,0,0,0,0,0,0
подтвердить,0,0,0,0,0,0,1,0,0,0
реагент,0,0,0,0,0,0,0,0,0,0
настоящий,0,0,0,0,0,0,1,0,0,1
реализм,0,0,0,0,0,0,0,0,0,0
реалистичный,0,0,0,0,0,0,0,0,0,0
реальность,0,0,0,0,0,0,0,0,0,0
область,0,0,0,0,0,0,0,0,0,0
недвижимость,0,0,0,0,0,0,0,0,0,0
пачкать,0,0,0,0,0,0,0,0,0,0
пожинать,0,0,0,0,0,0,0,0,0,0
вновь появиться,0,0,0,0,0,0,0,0,1,0
задний,0,0,0,0,0,1,0,0,0,0
переставлять,0,0,0,0,0,0,0,0,0,0
перестановка,0,0,0,0,0,0,0,0,0,0
причина,0,0,0,0,0,0,1,0,0,0
разумность,0,0,0,0,0,0,0,0,0,0
рассуждение,0,0,0,0,0,0,0,0,0,0
причины,0,0,0,0,0,0,0,0,0,0
собрать,0,0,0,0,0,0,0,0,0,0
заверение,0,0,0,0,0,0,1,0,0,1
успокоить,0,0,0,0,0,0,1,0,0,1
успокоенный,0,0,0,0,0,0,0,0,0,0
обнадеживающий,0,0,0,0,0,0,0,0,0,0
скидка,0,0,0,0,0,0,1,0,0,0
бунтарь,1,0,0,1,0,1,0,0,0,0
бунт,1,0,1,1,0,0,0,0,0,0
возрождается,0,0,0,0,0,0,0,0,0,0
отскок,0,0,0,0,0,0,0,0,0,0
восстановить,0,0,0,0,0,0,0,0,0,0
упрекать,0,0,0,0,0,1,0,0,0,0
опровергать,0,0,0,0,0,1,0,0,0,0
непокорный,1,0,1,0,0,1,0,0,0,0
отзывать,0,0,0,0,0,0,0,0,0,0
переделывать,0,0,0,0,0,0,1,0,0,0
отступать,0,0,0,0,0,0,0,0,0,0
отступающий,0,0,0,0,0,0,0,0,0,0
чек,0,0,0,0,0,0,0,0,0,0
квитанции,0,0,0,0,0,0,0,0,0,0
полученный,0,0,0,0,0,0,1,0,0,0
получатель,0,0,0,0,0,0,0,0,0,0
получение,0,1,0,0,1,0,1,0,1,0
недавний,0,0,0,0,0,0,0,0,0,0
вместилище,0,0,0,0,0,0,0,0,0,0
прием,0,0,0,0,0,0,0,0,0,0
перерыв,0,0,0,0,0,0,0,0,0,0
углубления,0,0,0,1,0,0,0,0,0,0
рецессия,1,0,1,1,0,1,0,1,0,0
разведка,0,0,0,0,0,0,1,0,0,0
рецидивизм,1,0,1,0,0,1,0,1,0,0
рецепт,0,0,0,0,0,0,0,0,0,0
получатель,0,1,0,0,0,0,0,0,0,0
взаимный,0,0,0,0,0,0,0,0,0,0
отвечать взаимностью,0,0,0,0,0,0,1,0,0,0
взаимность,0,0,0,0,0,0,0,0,0,0
сольный концерт,0,0,0,0,0,0,0,0,0,0
декламация,0,0,0,0,0,0,0,0,0,0
декламировать,0,0,0,0,0,0,0,0,0,0
безрассудный,1,0,0,1,0,1,0,0,0,0
безрассудство,1,0,1,1,0,1,0,0,1,0
расплата,0,0,0,0,0,0,0,0,0,0
мелиорация,0,0,0,0,0,0,1,0,0,0
полулежать,0,0,0,0,0,0,1,0,0,1
отшельник,0,0,0,0,0,0,0,0,0,0
признание,0,0,0,0,0,0,0,0,0,0
узнаваемый,0,1,0,0,0,0,1,0,0,0
признанный,0,0,0,0,0,0,0,0,0,0
отступать,0,0,0,0,0,0,0,0,0,0
вспомнить,0,0,0,0,0,0,0,0,0,0
воспоминание,0,0,0,0,0,0,0,0,0,0
рекомбинантный,0,0,0,0,0,0,0,0,0,0
рекомбинация,0,1,0,0,0,0,0,0,0,0
рекомендовать,0,0,0,0,0,0,1,0,0,1
рекомендация,0,0,0,0,0,0,0,0,0,0
вознаграждение,0,0,0,0,0,0,0,0,0,0
примириться,0,0,0,0,0,0,0,0,0,0
примирение,0,1,0,0,1,0,1,0,0,1
разведка,0,0,0,0,0,0,0,0,0,0
пересмотреть,0,0,0,0,0,0,0,0,0,0
пересмотр,0,0,0,0,0,0,1,0,0,1
восстановление,0,0,0,0,0,0,0,0,0,0
реконструировать,0,1,0,0,0,0,1,0,0,0
реконструкция,0,1,0,0,0,0,1,0,0,0
записывать,0,0,0,0,0,0,0,0,0,0
рекордер,0,0,0,0,0,0,1,0,0,0
запись,0,0,0,0,0,0,0,0,0,0
пересказывать,0,0,0,0,0,0,0,0,0,0
окупить,0,0,0,0,0,0,1,0,0,0
обращение за помощью,0,0,0,0,0,0,0,0,0,0
возмещаемый,0,0,0,0,0,0,0,0,0,0
восстановление,0,0,0,0,0,0,1,0,0,0
отдых,0,1,0,0,1,0,1,0,0,0
развлекательный,0,1,0,0,1,0,1,0,0,0
нанимать на работу,0,0,0,0,0,0,0,0,0,0
вербовка,0,0,0,0,0,0,0,0,0,0
новобранцы,0,0,0,0,0,0,0,0,0,1
прямоугольник,0,0,0,0,0,0,0,0,0,0
прямоугольный,0,0,0,0,0,0,0,0,0,0
исправление,0,0,0,0,0,0,0,0,0,0
исправить,0,0,0,0,0,0,1,0,0,0
ректор,0,0,0,0,0,0,0,0,0,0
священник,0,0,0,0,0,0,0,0,0,0
лежачий,0,0,0,0,0,0,0,0,0,0
выздоровление,0,0,0,0,0,0,0,0,0,0
повторяться,0,0,0,0,0,0,0,0,0,0
повторение,0,0,0,0,0,0,0,0,0,0
повторяющийся,0,1,0,0,0,0,0,0,0,0
повторяющийся,0,0,0,0,0,0,0,0,0,0
рекурсия,0,0,0,0,0,0,0,0,0,0
рекурсивный,0,0,0,0,0,0,0,0,0,0
рекурсивно,0,0,0,0,0,0,0,0,0,0
красный,0,0,0,0,0,0,0,0,0,0
красноватый,0,0,0,0,0,0,0,0,0,0
выкуп,0,0,0,0,0,0,1,0,0,0
покраснение,0,0,0,0,0,0,0,0,0,0
компенсировать,0,0,0,0,0,0,1,0,0,0
уменьшенный,0,0,0,0,0,0,0,0,0,0
снижение,0,0,0,0,0,0,0,0,0,0
избыточность,0,0,0,0,0,0,0,0,0,0
избыточный,0,0,0,0,0,1,0,0,0,0
тростник,0,0,0,0,0,0,0,0,0,0
риф,0,0,0,0,0,0,0,0,0,0
рифы,0,0,0,0,0,0,0,0,0,0
катушка,0,0,0,0,0,0,0,0,0,0
восстановить,0,0,0,0,0,0,0,0,0,0
рефери,0,0,0,0,0,0,0,0,0,1
ссылка,0,0,0,0,0,0,0,0,0,0
референдум,0,0,0,0,0,0,0,0,0,0
уточнить,0,0,0,0,0,0,1,0,0,0
утонченность,0,0,0,0,0,0,1,0,0,0
Очистительный завод,0,0,0,0,0,0,0,0,0,0
переработка,0,0,0,0,0,0,0,0,0,0
переоборудовать,0,0,0,0,0,0,0,0,0,0
отражать,0,0,0,0,0,0,0,0,0,0
отражающий,0,0,0,0,0,0,0,0,0,0
отражение,0,0,0,0,0,0,0,0,0,0
отражающий,0,0,0,0,0,0,0,0,0,0
отражатель,0,0,0,0,0,0,0,0,0,0
рефлекс,0,0,0,0,0,0,0,0,1,0
рефлюкс,0,0,1,0,0,1,0,0,0,0
реформа,0,0,0,0,0,0,1,0,0,0
реформация,0,0,0,0,0,0,1,0,0,0
реформатор,0,0,0,0,0,0,1,0,0,0
преломление,0,0,0,0,0,0,0,0,0,0
рефрактор,0,0,0,0,0,0,0,0,0,0
огнеупорный,0,0,0,0,0,1,0,0,0,0
припев,0,0,0,0,0,0,0,0,0,0
воздержание,0,0,0,0,0,0,0,0,0,0
освежающий,0,0,0,0,0,0,1,0,0,0
охлаждать,0,0,0,0,0,0,0,0,0,0
охлаждение,0,0,0,0,0,0,0,0,0,0
холодильник,0,0,0,0,0,0,0,0,0,0
убежище,0,0,0,0,0,0,0,0,0,0
беженец,0,0,0,0,0,0,0,1,0,0
возврат,0,0,0,0,0,0,0,0,0,0
ремонтировать,0,0,0,0,0,0,1,0,0,0
отказ,0,0,0,0,0,1,0,0,0,0
мусор,0,0,0,0,0,1,0,0,0,0
отказался,0,0,0,0,0,1,0,1,0,0
отказ,0,0,0,0,0,0,0,0,0,0
опровержение,0,0,0,1,0,0,0,0,0,0
опровергнуть,0,0,0,0,0,0,0,0,0,0
восстановить,0,0,0,0,0,0,0,0,0,0
царственный,0,0,0,0,0,0,1,0,0,1
регалии,0,0,0,0,0,0,0,0,0,0
регата,0,1,0,0,0,0,0,0,0,0
регентство,0,0,0,0,0,0,0,0,0,0
регенерировать,0,0,0,0,0,0,0,0,0,0
регенерация,0,0,0,0,0,0,0,0,0,0
регент,0,0,0,0,0,0,1,0,0,1
режим,0,0,0,0,0,0,0,0,0,0
режим,0,0,0,0,0,0,0,0,0,0
полк,0,0,0,1,0,0,0,0,0,0
"область, край",0,0,0,0,0,0,0,0,0,0
региональный,0,0,0,0,0,0,0,0,0,0
регионализм,0,0,0,0,0,0,0,0,0,0
регистр,0,0,0,0,0,0,0,0,0,0
регистратор,0,0,0,0,0,0,0,0,0,0
Регистрация,0,0,0,0,0,0,0,0,0,0
реестр,0,0,0,0,0,0,0,0,0,1
регресс,0,0,0,0,0,1,0,0,0,0
регрессия,0,0,0,0,0,1,0,0,0,0
регрессивный,0,0,0,0,0,1,1,0,0,0
сожалеть,0,0,0,0,0,1,0,1,0,0
достойный сожаления,0,0,0,0,0,1,0,1,0,0
сожалел,0,0,0,0,0,1,0,1,0,0
сожаление,0,0,0,0,0,1,0,1,0,0
обычный,0,0,0,0,0,0,0,0,0,0
регулярность,0,1,0,0,0,0,1,0,0,1
завсегдатаи,0,0,0,0,0,0,0,0,0,0
регулировать,0,0,0,0,0,0,1,0,0,0
регулируемый,0,0,0,0,0,0,0,0,0,0
регулирование,0,0,0,0,0,0,0,0,0,0
регулирующий,0,0,0,1,0,1,0,0,0,0
срыгивание,0,0,1,0,0,0,0,0,0,0
реабилитировать,0,0,0,0,0,0,1,0,0,0
реабилитация,0,1,0,0,0,0,1,0,0,0
репетиция,0,0,0,0,0,0,0,0,0,0
царствовать,0,0,0,0,0,0,0,0,0,0
возмещать,0,0,0,0,0,0,1,0,0,0
возмещение,0,0,0,0,0,0,1,0,0,1
обуздать,0,0,0,0,0,1,0,0,0,0
северный олень,0,0,0,0,0,0,0,0,0,0
укреплять,0,0,0,0,0,0,0,0,0,0
подкрепление,0,0,0,0,0,0,1,0,0,1
подкрепление,0,0,0,0,0,0,0,0,0,1
поводья,0,0,0,0,0,0,0,0,0,0
переустановить,0,0,0,0,0,0,0,0,0,0
восстановить,0,0,0,0,0,0,1,0,0,0
восстановление,0,0,0,0,0,0,0,0,0,0
реинвестировать,0,0,0,0,0,0,0,0,0,0
реинвестирование,0,0,0,0,0,0,0,0,0,0
повторять,0,0,0,0,0,0,0,0,0,0
отклонять,1,0,0,1,0,1,0,1,0,0
отклоненный,0,0,0,0,0,1,0,0,0,0
отказ,1,0,1,1,0,1,0,1,0,0
отвергает,1,0,0,1,0,1,0,1,0,0
радоваться,0,1,0,0,1,0,1,0,1,1
радуясь,0,1,0,0,1,0,1,0,1,0
воссоединиться,0,0,0,0,0,0,0,0,0,0
омолодить,0,0,0,0,0,0,1,0,0,0
омоложенный,0,0,0,0,0,0,1,0,0,0
возродить,0,1,0,1,1,1,1,0,1,0
рецидив,0,0,0,1,0,1,0,1,0,0
относятся,0,0,0,0,0,0,0,0,0,0
связанные с,0,0,0,0,0,0,0,0,0,1
связь,0,0,0,0,0,0,0,0,0,0
отношение,0,0,0,0,0,0,0,0,0,0
родственник,0,0,0,0,0,0,0,0,0,1
относительность,0,0,0,0,0,0,0,0,0,0
релаксант,0,0,0,0,0,0,0,0,0,0
расслабление,0,0,0,0,0,0,1,0,0,0
расслабленный,0,0,0,0,0,0,0,0,0,0
реле,0,0,0,0,0,0,0,0,0,0
выпускать,0,0,0,0,0,0,0,0,0,0
вышел,0,0,0,0,0,0,0,0,0,0
понижение,0,0,0,0,0,1,0,0,0,0
релевантность,0,0,0,0,0,0,0,0,0,0
актуальны,0,0,0,0,0,0,1,0,0,1
надежность,0,0,0,0,0,0,1,0,0,1
надежный,0,0,0,0,0,0,1,0,0,1
опора,0,0,0,0,0,0,1,0,0,1
реликвия,0,0,0,0,0,0,0,0,0,0
реликвии,0,0,0,0,0,0,0,1,0,0
рельеф,0,0,0,0,0,0,1,0,0,0
облегчение,0,0,0,0,0,0,1,0,0,0
религия,0,0,0,0,0,0,0,0,0,1
религиозный,0,0,0,0,0,0,0,0,0,0
отказаться,0,0,0,0,0,1,0,0,0,0
наслаждаться,0,0,0,0,0,0,0,0,0,0
нежелание,0,0,0,0,0,0,0,0,0,0
вынужденный,0,0,0,1,0,1,0,0,0,0
остаток,0,0,0,0,0,0,0,0,0,0
осталось,0,0,0,0,0,0,0,0,0,0
останки,0,0,1,1,0,1,1,0,0,1
ремейк,0,0,0,0,0,0,1,0,0,0
арест,1,0,0,0,0,1,0,0,0,0
замечание,0,0,0,0,0,0,0,0,0,0
замечательный,0,0,0,0,1,0,1,0,1,1
замечательно,0,0,0,0,0,0,1,0,0,0
лечебный,0,0,0,0,0,1,0,0,0,0
средство,0,1,0,0,1,0,1,0,0,1
запомнить,0,0,0,0,0,0,0,0,0,0
вспомнил,0,0,0,0,0,0,0,0,0,0
вспоминая,0,0,0,0,0,0,0,0,0,0
воспоминание,0,0,0,0,0,0,0,0,0,0
напоминать,0,0,0,0,0,0,0,0,0,0
напоминание,0,0,0,0,0,0,0,0,0,0
упускать,1,0,1,0,0,1,0,1,0,0
ремиссия,0,0,0,0,0,0,1,0,0,0
переводить,0,0,0,0,0,0,0,0,0,0
денежный перевод,0,0,0,0,0,0,0,0,0,0
остаток,0,0,0,0,0,0,0,0,0,0
переделывать,0,0,0,0,0,0,1,0,0,0
угрызение совести,0,0,0,0,0,1,0,1,0,0
удаленный,0,0,0,0,0,0,0,0,0,0
удаленность,0,0,0,0,0,0,0,0,0,0
удаление,0,0,0,0,0,1,0,0,0,0
удалять,1,0,0,1,0,1,0,1,0,0
вознаграждение,0,0,0,0,0,0,0,0,0,0
эпоха Возрождения,0,0,0,0,0,0,1,0,0,0
встреча,0,0,0,0,0,1,0,0,0,0
разрывать,0,0,0,0,0,1,0,0,0,0
оказывать,0,0,0,0,0,0,1,0,0,0
рендеринг,0,0,0,0,0,0,0,0,0,0
рандеву,0,0,0,0,0,0,0,0,0,0
исполнение,0,0,0,0,0,0,0,0,0,0
ренегат,1,0,0,0,0,1,0,0,0,0
обновление,0,0,0,0,0,0,1,0,0,0
отказаться,1,0,0,0,0,1,0,0,0,0
ремонтировать,0,1,0,0,0,0,1,0,0,0
отремонтированный,0,0,0,0,0,0,0,0,0,0
ремонт,0,1,0,0,1,0,1,0,0,0
известность,0,0,0,0,0,0,1,0,0,0
известный,0,0,0,0,0,0,1,0,0,0
арендовать,0,0,0,0,0,0,0,0,0,0
аренда,0,0,0,0,0,0,0,0,0,0
арендатор,0,0,0,0,0,0,0,0,0,0
отречение,0,0,0,0,0,1,0,0,0,0
реорганизация,0,0,0,0,0,0,0,0,0,0
реорганизовать,0,0,0,0,0,0,1,0,0,0
ремонт,0,0,0,0,0,0,0,0,0,0
возмещение,0,0,0,0,0,0,1,0,0,1
погашать,1,1,0,0,1,0,1,0,0,1
погашение,0,0,0,0,0,0,0,0,0,0
отменить,0,0,0,0,0,0,0,0,0,0
повторение,0,0,0,0,0,0,0,0,0,0
повторный,0,0,0,0,0,0,0,0,0,0
несколько раз,0,0,0,0,0,0,0,0,0,0
повторитель,0,0,0,0,0,0,0,0,0,0
репеллент,0,0,1,1,0,1,0,0,0,0
отталкивающий,1,0,1,1,0,1,0,0,0,0
отталкивающий,0,0,1,0,0,1,0,0,0,0
покаяться,0,0,0,1,0,0,1,0,0,0
раскаяние,0,0,0,0,0,0,0,0,0,0
репертуар,0,0,0,0,0,0,0,0,0,0
репертуар,0,0,0,0,0,0,0,0,0,0
репетиция,0,0,0,0,0,0,0,0,0,0
заменять,0,0,0,0,0,0,0,0,0,0
замена,0,0,0,0,0,0,0,0,0,0
пополнить,0,0,0,0,0,0,1,0,0,0
полный,0,0,0,0,0,0,1,0,0,0
репликация,0,0,0,0,0,0,0,0,0,0
Ответить,0,0,0,0,0,0,0,0,0,0
отчет,0,0,0,0,0,0,0,0,0,0
сообщил,0,0,0,0,0,0,0,0,0,0
репортер,0,0,0,0,0,0,1,0,0,1
отдых,0,0,0,0,0,0,1,0,0,0
изменить положение,0,0,0,0,0,0,0,0,0,0
хранилище,0,0,0,0,0,0,0,0,0,0
представление,0,0,0,0,0,0,0,0,0,0
представитель,0,0,0,0,0,0,0,0,0,0
представлены,0,0,0,0,0,0,1,0,0,0
представляющий,0,1,0,0,0,0,0,0,0,0
подавлять,0,0,0,0,0,1,0,1,0,0
подавленный,0,0,0,0,0,0,0,0,0,0
репрессии,0,0,0,1,0,1,0,0,0,0
отсрочка,0,0,0,0,0,0,0,0,0,0
выговор,1,0,0,0,0,1,0,0,0,0
перепечатывать,0,0,0,0,0,1,0,0,0,0
возмездие,1,0,0,1,0,1,0,1,0,0
реприза,0,0,0,0,0,0,0,0,0,0
упрек,1,0,1,0,0,1,0,1,0,0
воспроизводить,0,0,0,0,0,0,0,0,0,0
воспроизведение,0,0,0,0,0,0,0,0,0,0
репродуктивный,0,0,0,0,1,0,1,0,0,0
рептилия,0,0,0,0,0,0,0,0,0,0
республика,0,0,0,0,0,1,0,0,0,0
республиканский,0,0,0,0,0,0,0,0,0,0
отказ,1,0,1,0,0,1,0,0,0,0
отвращение,0,0,1,1,0,1,0,0,0,0
выкуп,0,0,0,0,0,0,0,0,0,0
уважаемый,0,0,0,0,0,0,1,0,0,1
репутация,0,0,0,0,0,0,0,0,0,0
репутация,0,0,0,0,0,0,0,0,0,0
запрос,0,0,0,0,0,0,0,0,0,0
реквием,0,0,0,0,0,0,0,1,0,0
требуется,0,0,0,0,0,0,0,0,0,0
требование,0,0,0,0,0,0,0,0,0,0
реквизит,0,0,0,0,0,0,0,0,0,0
реквизиция,0,0,0,0,0,0,0,0,0,0
отменить,0,0,0,0,0,1,0,0,0,0
расторжение,0,0,0,0,0,1,0,0,0,0
спасать,0,1,0,0,1,0,1,0,1,1
исследовательская работа,0,0,0,0,0,0,0,0,0,0
резекция,0,0,0,1,0,0,0,0,0,0
сходство,0,0,0,0,0,0,0,0,0,0
напоминать,0,0,0,0,0,0,0,0,0,0
напоминающий,0,0,0,0,0,0,0,0,0,0
возмущаться,1,0,0,0,0,1,0,0,0,0
обиженный,1,0,0,0,0,1,0,0,0,0
негодование,1,0,1,0,0,1,0,1,0,0
бронирование,0,0,0,0,0,0,0,0,0,0
резерв,0,0,0,0,0,0,1,0,0,0
сдержанный,0,0,0,0,0,0,0,0,0,0
резервы,0,0,0,0,0,0,0,0,0,0
резервуар,0,0,0,0,0,0,0,0,0,0
проживать,0,0,0,0,0,0,0,0,0,0
резиденция,0,0,0,0,0,0,0,0,0,0
резиденции,0,0,0,0,0,0,0,0,0,0
житель,0,0,0,0,0,0,1,0,0,0
остаточный,0,0,0,0,0,0,0,0,0,0
остаток,0,0,0,0,0,0,0,0,0,0
уходить в отставку,1,0,1,1,0,1,0,1,0,0
отставка,0,0,0,0,0,1,0,1,1,0
подал в отставку,0,0,0,0,0,1,0,1,0,0
устойчивость,0,0,0,0,0,0,0,0,0,0
устойчивый,0,0,0,0,0,0,1,0,0,0
смола,0,0,0,0,0,0,0,0,0,0
сопротивляться,0,0,0,0,0,1,0,0,0,0
сопротивление,1,0,0,0,0,1,0,0,0,0
стойкий,0,0,0,1,0,1,0,0,0,0
сопротивление,1,0,0,1,0,1,0,1,0,0
резистивный,0,0,0,0,0,0,1,0,0,0
решительный,0,0,0,0,0,0,0,0,0,0
решительно,0,0,0,0,0,0,1,0,0,0
разрешающая способность,0,0,0,0,0,0,0,0,0,0
решать,0,0,0,0,0,0,0,0,0,0
решен,0,0,0,0,0,0,0,0,0,0
резонанс,0,0,0,0,0,0,0,0,0,0
резонансный,0,0,0,0,0,0,0,0,0,0
резонировать,0,0,0,0,0,0,0,0,0,0
резонатор,0,0,0,0,0,0,0,0,0,0
прибегнуть,0,0,0,0,0,0,0,0,0,0
звучный,0,0,0,0,0,0,0,0,0,0
Ресурсы,0,0,0,0,1,0,1,0,0,1
уважать,0,1,0,0,1,0,1,0,0,1
респектабельность,0,0,0,0,0,0,1,0,0,0
респектабельный,0,0,0,0,0,0,1,0,0,1
уважаемый,0,0,0,0,0,0,0,0,0,0
почтительный,0,0,0,0,0,0,1,0,0,1
уважение,0,0,0,0,0,0,1,0,0,0
соответствующий,0,0,0,0,0,0,0,0,0,0
уважает,0,0,0,0,0,0,1,0,0,1
дыхание,0,0,0,0,0,0,0,0,0,0
респиратор,0,0,0,0,0,0,0,0,0,0
передышка,0,0,0,0,1,0,1,0,0,1
великолепный,0,0,0,0,1,0,1,0,0,0
реагировать,0,0,0,0,0,0,0,0,0,0
ответчик,0,0,0,0,0,0,0,0,0,0
отклик,0,0,0,0,0,0,0,0,0,0
обязанность,0,0,0,0,0,0,0,0,0,0
ответственный,0,0,0,0,0,0,1,0,0,1
отзывчивый,0,1,0,0,0,0,1,0,0,1
отдыхать,0,0,0,0,0,0,1,0,0,0
ресторан,0,0,0,0,0,0,0,0,0,0
спокойный,0,0,0,0,0,0,1,0,0,0
реституция,1,0,0,0,0,0,1,0,0,0
беспокойство,0,1,0,0,0,0,0,0,0,0
восстановление,0,0,0,0,0,0,0,0,0,0
восстановительный,0,1,0,0,1,0,1,0,0,1
восстановлен,0,0,0,0,0,0,0,0,0,0
восстановление,0,0,0,0,0,0,1,0,0,0
сдерживать,1,0,0,1,0,1,0,0,0,0
сдержанный,0,0,0,1,0,0,0,0,0,0
сдержанность,0,0,0,0,0,0,1,0,0,0
ограничивать,0,0,0,0,0,1,0,1,0,0
ограниченный,0,0,0,0,0,0,0,0,0,0
ограничение,1,0,0,1,0,1,0,1,0,0
ограничительный,0,0,0,0,0,1,0,0,0,0
результат,0,1,0,0,0,0,0,0,0,0
результирующий,0,1,0,0,0,0,0,0,0,0
возобновление,0,0,0,0,0,0,1,0,0,0
воскрешение,0,0,0,0,0,0,0,0,0,0
реанимация,0,0,0,0,0,0,0,0,0,0
Розничная торговля,0,0,0,0,0,0,0,0,0,0
продавец,0,0,0,0,0,0,0,0,0,0
удерживать,0,0,0,0,0,0,0,0,0,1
сохранение,0,0,0,0,0,0,0,0,0,0
пересдать,0,0,0,0,0,0,0,0,0,0
отомстить,1,0,0,0,0,1,0,0,0,0
возмездие,1,0,0,1,0,1,0,0,0,0
ответный,1,0,0,0,0,1,0,0,0,0
тормозить,0,0,1,1,0,1,0,1,0,0
отсталость,0,0,0,0,0,1,0,0,0,0
удержание,0,0,0,0,0,0,1,0,0,0
сохраняющий,0,0,0,0,0,0,0,0,0,0
сдержанный,0,0,0,1,0,1,0,0,0,0
сетчатка,0,0,0,0,0,0,0,0,0,0
на пенсии,0,0,0,0,0,0,0,0,0,0
уход на пенсию,0,1,0,1,1,1,1,1,0,1
уход на пенсию,0,0,0,0,0,0,0,0,0,0
пересказывать,0,0,0,0,0,0,0,0,0,0
возражать,0,0,0,0,0,1,0,0,0,0
возвращаться,0,0,0,0,0,0,0,0,0,0
втягивать,1,0,0,0,0,1,0,0,0,0
втягивание,0,0,0,0,0,1,0,0,0,0
сокращение,0,0,0,1,0,1,0,0,0,0
возмездие,1,0,0,1,0,1,0,1,0,0
retrieval,0,0,0,0,0,0,0,0,0,0
забрать,0,0,0,0,0,0,0,0,0,0
ретривер,0,0,0,0,0,0,0,0,0,0
задним числом,0,0,0,0,0,0,0,0,0,0
ретроградный,0,0,0,0,0,1,0,0,0,0
ретроспектива,0,0,0,0,0,0,0,0,0,0
ретроспективный,0,0,0,0,0,0,0,0,0,0
ретроспективно,0,0,0,0,0,0,0,0,0,0
возвращаться,0,0,0,0,0,0,0,0,0,0
воссоединение,0,1,0,0,0,0,1,0,0,1
показывать,0,0,0,0,0,0,0,0,0,0
упиваться,0,0,0,0,1,0,1,0,0,0
откровение,0,0,0,0,0,0,0,0,0,0
упивается,0,0,0,0,1,0,1,0,0,0
месть,1,1,0,1,0,1,0,0,1,0
доход,0,0,0,0,0,0,0,0,0,0
реверберация,0,0,0,0,0,0,0,0,0,0
почитать,0,1,0,0,1,0,1,0,0,1
благоговение,0,0,0,0,1,0,1,0,0,1
преподобный,0,0,0,0,1,0,1,0,0,0
почтительный,0,0,0,0,0,0,0,0,0,0
мечтательность,0,0,0,0,1,0,1,0,0,1
разворот,1,0,1,0,0,1,0,0,1,0
задний ход,0,0,0,0,0,0,0,0,0,0
реверсия,0,0,0,0,0,0,0,0,0,0
возвращаться,0,0,0,0,0,0,0,0,0,0
возвращение,0,0,0,0,0,0,0,0,0,0
обзор,0,0,0,0,0,0,0,0,0,0
рецензент,0,0,0,0,0,0,0,0,0,0
исправлять,0,0,0,0,0,0,1,0,0,0
ревизия,0,0,0,0,0,0,0,0,0,0
вернуться,0,0,0,0,0,0,0,0,0,0
возрождение,0,1,0,0,1,0,1,0,0,1
возродить,0,1,0,0,0,1,1,0,0,0
отзыв,0,0,0,0,0,1,0,0,0,0
отозвать,1,0,1,1,0,1,0,1,0,0
бунт,1,0,0,0,0,1,0,0,1,0
отвратительный,1,0,1,1,0,1,0,0,0,0
революция,1,1,0,1,0,1,1,1,1,0
революционер,0,0,0,0,0,0,1,0,0,0
революционизировать,0,0,0,0,0,0,0,0,0,0
вращаться,0,0,0,0,0,0,0,0,0,0
револьвер,1,0,0,1,0,1,0,1,0,0
отвращение,1,0,1,1,0,1,0,0,0,0
награда,0,1,0,0,1,0,1,0,1,1
риторика,0,0,0,0,0,0,0,0,0,0
риторический,0,0,0,0,0,0,0,0,0,0
ревматизм,1,0,0,1,0,1,0,1,0,0
рифма,0,0,0,0,0,0,0,0,0,0
рифмующий,0,0,0,0,0,0,0,0,0,0
ритм,0,0,0,0,0,0,1,0,0,0
ритмичный,0,0,0,0,1,0,1,0,1,0
ребро,0,0,0,0,0,0,0,0,0,0
ребристый,0,0,0,0,0,0,0,0,0,0
лента,1,1,0,0,1,0,1,0,0,0
рис,0,0,0,0,0,0,0,0,0,0
богатство,0,0,0,0,0,0,0,0,0,0
богатство,0,0,0,0,0,0,1,0,0,0
Рик,0,0,0,0,0,0,0,0,0,0
рахитичный,0,0,0,0,0,1,0,0,0,0
избавлять,0,0,0,0,0,0,0,0,0,0
избавление,0,0,0,0,0,0,0,0,0,0
загадка,0,0,0,0,0,0,0,0,1,0
пронизанный,0,0,0,0,0,1,0,0,0,0
поездка,0,0,0,0,0,0,0,0,0,0
всадник,0,0,0,0,0,0,1,0,0,0
хребет,0,0,0,0,0,0,0,0,0,0
насмешка,1,0,1,0,0,1,0,1,0,0
нелепый,1,0,1,0,0,1,0,0,0,0
верховая езда,0,0,0,0,0,0,0,0,0,0
изобилует,0,0,0,0,0,1,0,0,0,0
винтовка,1,0,0,1,0,1,0,0,0,0
винтовки,0,0,0,0,0,0,0,0,0,0
раскол,0,0,0,0,0,1,0,0,0,0
буровая установка,0,0,0,0,0,0,0,0,0,0
такелаж,0,0,0,0,0,0,0,0,0,0
праведный,0,0,0,0,0,0,1,0,0,0
законный,0,0,0,0,0,0,1,0,0,0
правильно,0,0,0,0,0,0,1,0,0,0
жесткий,0,0,0,0,0,1,0,0,0,0
жесткость,0,0,0,0,0,1,0,0,0,0
строгость,0,0,1,1,0,1,0,0,0,0
тщательный,0,0,0,0,0,1,0,0,0,0
обод,0,0,0,0,0,0,0,0,0,0
кожура,0,0,0,0,0,0,0,0,0,0
звенеть,0,0,0,0,0,0,0,0,0,0
звонок,1,0,0,0,0,1,0,0,0,0
звон,0,0,0,0,0,0,0,0,0,0
каток,0,0,0,0,0,0,0,0,0,0
смывать,0,0,0,0,0,0,0,0,0,0
бунт,1,0,0,1,0,1,0,0,0,0
буйный,1,0,0,1,0,1,0,0,1,0
прибрежный,0,0,0,0,0,0,0,0,0,0
спелый,0,0,0,0,0,0,1,0,0,0
созревать,0,1,0,0,0,0,1,0,0,0
созревание,0,0,0,0,0,0,0,0,0,0
рябь,0,0,0,0,0,0,0,0,0,0
подниматься,0,0,0,0,0,0,0,0,0,0
рост,0,1,0,0,1,0,1,0,0,0
риск,0,1,0,1,0,1,0,0,0,0
рискованно,0,1,0,1,0,1,0,0,0,0
обряд,0,0,0,0,0,0,0,0,0,0
ритуал,0,0,0,0,0,0,0,0,0,0
ритуальный,0,0,0,0,0,0,0,0,0,0
соперник,0,0,0,0,0,0,0,0,0,0
соперничество,1,0,0,0,0,1,0,0,0,0
река,0,0,0,0,0,0,0,0,0,0
берег реки,0,0,0,0,0,0,0,0,0,0
заклепка,0,0,0,0,0,0,0,0,0,0
клепаный,0,0,0,0,0,0,0,0,0,0
клепка,0,0,0,0,0,0,1,0,0,0
Дорога,0,0,0,0,0,0,0,0,0,0
дороги,0,0,0,0,0,0,0,0,0,0
родстер,0,0,0,0,1,0,1,0,0,1
проезжая часть,0,0,0,0,0,0,0,0,0,0
бродить,0,0,0,0,0,0,0,0,0,0
рев,0,0,0,0,0,0,0,0,0,0
жарить,0,0,0,0,0,0,0,0,0,0
грабить,1,0,1,1,0,1,0,1,0,0
грабитель,0,0,1,1,0,1,0,0,0,0
ограбление,1,0,1,1,0,1,0,1,0,0
халат,0,0,0,0,0,0,0,0,0,0
робот,0,0,0,0,0,0,0,0,0,0
робототехника,0,0,0,0,0,0,0,0,0,0
крепкий,0,0,0,0,0,0,1,0,0,0
рух,0,0,0,0,0,0,0,0,0,0
рок,0,0,0,0,0,0,1,0,0,0
ракета,1,0,0,0,0,0,0,0,0,0
горные породы,0,0,0,0,0,0,0,0,0,0
стержень,0,0,0,1,0,0,1,0,0,1
икра,0,0,0,0,0,0,0,0,0,0
мошенник,0,0,1,0,0,1,0,0,0,0
роль,0,0,0,0,0,0,0,0,0,0
рулон,0,0,0,0,0,0,0,0,0,0
ролик,0,0,0,0,0,0,0,0,0,0
ролики,0,0,0,0,0,0,0,0,0,0
бесшабашный,0,0,0,0,1,0,1,0,0,0
катящийся,0,0,0,0,0,0,0,0,0,0
романтика,0,1,0,1,1,0,1,1,1,1
романтик,0,1,0,0,1,0,1,0,0,1
романтизм,0,0,0,0,1,0,1,0,0,0
возня,0,0,0,0,1,0,1,0,0,0
крыша,0,0,0,0,0,0,0,0,0,0
ладья,1,0,1,0,0,1,0,0,0,0
номер,0,0,0,0,0,0,0,0,0,0
просторный,0,0,0,0,0,0,0,0,0,0
насест,0,0,0,0,0,0,0,0,0,0
петух,0,0,0,0,0,0,0,0,0,0
корень,0,0,0,0,0,0,0,0,0,0
укорененный,0,0,0,0,0,0,1,0,0,1
веревка,0,0,0,0,0,0,0,0,0,0
четки,0,0,0,0,0,0,0,0,0,0
Роза,0,0,0,0,0,0,0,0,0,0
Розмари,0,0,0,0,0,0,0,0,0,0
розетка,0,0,0,0,0,0,0,0,0,0
состав,0,0,0,0,0,0,0,0,0,0
розовый,0,0,0,0,0,0,1,0,0,0
гниль,0,0,1,1,0,1,0,1,0,0
рота,0,0,0,0,0,0,1,0,0,1
вращающийся,0,0,0,0,0,0,0,0,0,0
вращать,0,0,0,0,0,0,0,0,0,0
вращение,0,0,0,0,0,0,0,0,0,0
механически,0,0,0,0,0,0,0,0,0,0
ротор,0,0,0,0,0,0,0,0,0,0
гниение,0,0,1,0,0,1,0,0,0,0
румяна,0,0,0,0,0,0,0,0,0,0
грубый,0,0,0,0,0,0,0,0,0,0
грубо,0,0,0,0,0,0,0,0,0,0
шероховатость,0,0,0,0,0,1,0,0,0,0
рулетка,0,1,0,0,0,0,0,0,0,0
круглый,0,0,0,0,0,0,0,0,0,0
карусель,0,0,0,0,0,0,0,0,0,0
округлый,0,0,0,0,0,0,0,0,0,0
округлять,0,0,0,0,0,0,0,0,0,0
будить,0,0,0,0,0,0,0,0,0,0
возбудитель,0,0,0,0,0,0,0,0,0,0
пробуждение,0,0,0,0,0,0,0,0,0,0
разгромить,0,0,0,0,0,1,0,0,0,0
маршрут,0,0,0,0,0,0,0,0,0,0
рутина,0,0,0,0,0,0,1,0,0,1
вездеход,0,0,0,0,0,0,0,0,0,0
бродячий,0,0,0,0,0,0,0,0,0,0
строка,1,0,0,0,0,1,0,0,0,0
шумный,0,0,0,0,0,1,0,0,0,0
королевский,0,0,0,0,0,0,0,0,0,0
роялти,0,0,0,0,0,0,1,0,0,0
натирать,0,0,0,0,0,0,0,0,0,0
резина,0,0,0,0,0,0,0,0,0,0
каучуки,0,0,0,0,0,0,0,0,0,0
растирание,0,0,0,0,0,0,0,0,0,0
мусор,0,0,1,0,0,1,0,0,0,0
щебень,0,0,0,1,0,1,0,1,0,0
рубрика,0,0,0,0,0,0,1,0,0,0
Рубин,0,0,0,0,0,0,0,0,0,0
руль,0,0,0,0,0,0,0,0,0,0
румяный,0,0,0,0,0,0,0,0,0,0
рудиментарный,0,0,0,0,0,0,0,0,0,0
зачатки,0,0,0,0,0,0,0,0,0,0
улица,0,0,0,0,0,1,0,1,0,0
ерш,0,0,0,0,0,0,0,0,0,0
рябь,0,0,0,0,0,1,0,0,0,0
коврик,0,0,0,0,0,0,0,0,0,0
прочный,0,0,0,0,0,1,0,0,0,0
разорение,0,0,0,1,0,1,0,1,0,0
разрушенный,1,0,1,1,0,1,0,1,0,0
губительный,1,0,1,1,0,1,0,1,0,0
руины,0,0,0,0,0,0,0,0,0,0
правило,0,0,0,1,0,0,0,0,0,1
правитель,0,0,0,0,0,0,0,0,0,0
постановление,0,0,0,0,0,0,0,0,0,0
ром,0,0,0,0,0,0,0,0,0,0
грохот,0,0,0,0,0,0,0,0,0,0
рыться,0,0,0,0,0,0,0,0,0,0
слух,0,0,0,0,0,1,0,1,0,0
по слухам,0,0,0,0,0,0,0,0,0,0
крупа,0,0,0,0,0,0,0,0,0,0
убегать,0,0,0,0,0,1,0,1,0,0
руны,0,0,0,0,0,0,0,0,0,0
ступенька,0,0,0,0,0,0,0,0,0,0
бегун,0,0,0,0,0,0,0,0,0,0
Бег,0,0,0,0,0,0,0,0,0,0
ВПП,0,0,0,0,0,0,0,0,0,0
разрыв,0,0,0,1,0,1,0,1,1,0
деревенский,0,0,0,0,0,0,0,0,0,0
уловка,0,0,0,0,0,1,0,0,0,0
порыв,0,0,0,0,0,0,0,0,0,0
ржавчина,0,0,0,0,0,1,0,0,0,0
деревенский,0,0,0,0,0,0,0,0,0,0
шорох,0,0,0,0,0,0,0,0,0,0
ржавый,0,0,0,0,0,1,0,0,0,0
колея,0,0,0,0,0,0,0,0,0,0
Рут,0,0,0,0,0,0,1,0,0,0
безжалостный,1,0,1,1,0,1,0,0,0,0
рожь,0,0,0,0,0,0,0,0,0,0
сабля,1,0,0,1,0,1,0,0,0,0
соболь,0,0,0,0,0,0,0,0,0,0
саботаж,1,0,1,1,0,1,0,1,1,0
мешок,0,0,0,0,0,0,0,0,0,0
мешок,0,0,0,0,0,0,0,0,0,0
причастие,0,0,0,0,0,0,0,0,0,0
священный,0,0,0,0,0,0,0,0,0,0
жертвы,0,0,1,1,0,1,0,1,0,0
седло,0,0,0,0,0,0,0,0,0,0
грустно,0,0,0,0,0,1,0,1,0,0
грусть,0,0,0,0,0,1,0,1,0,1
Безопасно,0,0,0,0,1,0,1,0,0,1
охранять,0,0,0,0,0,0,1,0,0,1
хранение,0,0,0,0,0,0,0,0,0,1
безопасность,0,0,0,0,0,0,0,0,0,0
шафран,0,0,0,0,0,0,0,0,0,0
провисание,0,0,0,1,0,1,0,0,0,0
сага,0,0,0,0,0,0,0,0,0,0
мудрец,0,0,0,0,0,0,1,0,0,1
плыть,0,0,0,0,0,0,0,0,0,0
парусный спорт,0,0,0,0,0,0,0,0,0,0
матрос,0,0,0,0,0,0,0,0,0,0
святой,0,1,0,0,1,0,1,0,1,1
святой,0,1,0,0,1,0,1,0,1,1
салат,0,0,0,0,0,0,0,0,0,0
саламандра,0,0,0,0,0,0,0,0,0,0
зарплата,0,1,0,0,1,0,1,0,0,1
распродажа,0,0,0,0,0,0,0,0,0,0
продавец,0,0,0,0,0,0,0,0,0,0
заметный,0,0,0,0,0,0,1,0,0,0
солевой раствор,0,0,0,0,0,0,0,0,0,0
слюна,0,1,0,0,0,0,0,0,0,0
Салли,0,0,0,0,0,0,0,0,1,0
салон,0,0,0,0,0,0,0,0,0,0
салон,1,0,0,0,0,0,0,0,0,0
соль,0,0,0,0,0,0,0,0,0,0
соленый,0,0,0,0,0,0,0,0,0,0
благотворный,0,0,0,0,1,0,1,0,0,1
приветствие,0,0,0,0,0,0,0,0,0,0
отдать честь,0,0,0,0,1,0,1,0,0,0
спасение,0,0,0,0,0,0,0,0,0,0
спасение,0,1,0,0,1,0,1,0,0,1
бальзам,0,0,0,0,0,0,1,0,0,0
самба,0,0,0,0,0,0,0,0,0,0
одинаковость,0,0,0,0,0,0,0,0,0,0
самурай,0,0,0,1,0,0,1,0,0,0
освящение,0,0,0,0,1,0,1,0,0,1
освященный,0,0,0,0,0,0,0,0,0,0
освятить,0,1,0,0,1,0,1,1,1,1
санкция,0,0,0,0,0,0,0,0,0,0
санкционированный,0,0,0,0,0,0,0,0,0,0
святость,0,0,0,0,0,0,0,0,0,0
святилище,0,1,0,0,1,0,1,0,0,1
песок,0,0,0,0,0,0,0,0,0,0
сандалии,0,0,0,0,0,0,0,0,0,0
шлифовальный,0,0,0,0,0,0,0,0,0,0
пески,0,0,0,0,0,0,0,0,0,0
Сэнди,0,0,0,0,0,0,0,0,0,0
в своем уме,0,0,0,0,0,0,0,0,0,0
сангвиник,0,0,0,0,0,0,1,0,0,0
санитарный,0,0,0,0,0,0,1,0,0,0
здравомыслие,0,0,0,0,0,0,0,0,0,0
без,0,0,0,0,0,0,0,0,0,0
сок,0,0,0,0,0,1,0,1,0,0
сапфир,0,0,0,0,0,0,0,0,0,0
сочный,0,0,0,0,0,0,0,0,0,1
сарказм,1,0,1,0,0,1,0,1,0,0
саркома,0,0,0,1,0,1,0,1,0,0
язвительный,0,0,0,0,0,1,0,0,0,0
створка,0,0,0,0,0,0,0,0,0,0
сатанинский,1,0,0,0,0,1,0,0,0,0
ранец,0,0,0,0,0,0,0,0,0,0
насытить,0,0,0,0,0,0,0,0,0,0
спутник,0,0,0,0,0,0,0,0,0,0
атлас,0,0,0,0,0,0,1,0,0,0
сатира,0,0,0,0,0,0,0,0,0,0
сатирический,0,0,0,0,0,0,0,0,0,0
удовлетворение,0,0,0,0,0,0,0,0,0,0
удовлетворительно,0,0,0,0,0,0,1,0,0,0
доволен,0,0,0,0,1,0,1,0,0,0
насыщать,0,0,0,0,0,0,0,0,0,0
насыщенный,0,0,1,0,0,1,0,0,0,0
насыщенность,0,0,0,0,0,0,0,0,0,0
соус,0,0,0,0,0,0,0,0,0,0
кастрюля,0,0,0,0,0,0,0,0,0,0
блюдце,0,0,0,0,0,0,0,0,0,0
дерзкий,0,0,0,0,0,0,0,0,0,0
кислая капуста,0,0,0,0,0,0,0,0,0,0
сауна,0,0,0,0,0,0,0,0,0,0
дикий,1,0,0,1,0,1,0,0,0,0
дикость,1,0,0,1,0,1,0,0,0,0
саванна,0,0,0,0,0,0,0,0,0,0
спасти,0,0,0,0,1,0,1,0,0,1
сохранение,0,0,0,0,0,0,0,0,0,0
сбережения,0,0,0,0,0,0,1,0,0,0
Вкус,0,1,1,0,1,0,1,1,0,1
пикантный,0,0,0,0,0,0,1,0,0,0
смекалка,0,0,0,0,0,0,1,0,0,0
опилки,0,0,0,0,0,0,0,0,0,0
саксофон,0,0,0,0,0,0,0,0,0,0
саксофон,0,0,0,0,0,0,0,0,0,0
парша,0,0,0,0,0,1,0,0,0,0
ножны,0,0,0,0,0,0,0,0,0,0
строительные леса,0,0,0,1,0,1,0,0,0,0
строительные леса,0,0,0,0,0,0,0,0,0,0
шкала,0,0,0,0,0,0,0,0,0,0
Весы,0,0,0,0,0,0,0,0,0,0
гребешок,0,0,0,0,0,0,0,0,0,0
скальп,0,0,0,0,0,0,0,0,0,0
скальпель,0,0,0,1,0,1,0,0,0,0
чешуйчатый,0,0,0,0,0,1,0,0,0,0
сканирование,0,0,0,0,0,0,0,0,0,0
скандал,0,0,0,1,0,1,0,0,0,0
скандальный,1,0,0,0,0,1,0,0,0,0
скудный,0,0,0,0,0,1,0,0,0,0
ускользнуть,0,0,0,0,0,0,0,0,0,0
козел отпущения,1,0,0,1,0,1,0,0,0,0
шрам,1,0,1,1,0,1,0,1,0,0
скарабей,0,0,0,0,0,0,0,0,0,0
скудный,0,0,0,1,0,1,0,1,0,0
едва ли,0,0,0,0,0,1,0,1,0,0
дефицит,1,0,0,1,0,1,0,1,0,0
напугать,1,1,0,1,0,1,0,0,1,0
пугало,0,0,0,1,0,1,1,0,0,0
шарф,0,0,0,0,0,0,0,0,0,0
алый,0,0,0,0,0,0,0,0,0,0
разбрасывать,0,0,0,0,0,0,0,0,0,0
разбросанный,0,0,0,0,0,0,0,0,0,0
рассеяние,0,0,0,0,0,0,0,0,0,0
мусорщик,0,0,0,0,0,1,0,0,0,0
сцена,0,0,0,0,0,0,0,0,0,0
пейзаж,0,0,0,0,0,0,0,0,0,0
живописный,0,0,0,0,0,0,0,0,0,0
запах,0,0,0,0,0,0,0,0,0,0
скептический,0,0,0,0,0,0,0,0,0,1
скептицизм,0,0,0,0,0,0,0,0,0,0
схематический,0,0,0,0,0,0,0,0,0,0
схема,0,0,0,0,0,1,0,0,0,0
раскол,1,0,0,0,0,1,0,0,0,0
шизофрения,1,0,1,1,0,1,0,1,0,0
ученый,0,0,0,0,0,0,1,0,0,0
научный,0,0,0,0,0,0,0,0,0,0
стипендия,0,0,0,0,1,0,1,0,0,0
школа,0,0,0,0,0,0,0,0,0,1
школьник,0,0,0,0,0,0,0,0,0,0
учеба в школе,0,0,0,0,0,0,0,0,0,0
школьный учитель,0,0,0,0,0,0,0,0,0,0
шхуна,0,0,0,0,0,0,0,0,0,0
радикулит,0,0,0,0,0,1,0,0,0,0
наука,0,0,0,0,0,0,0,0,0,0
научный,0,0,0,0,0,0,1,0,0,1
ученый,0,1,0,0,0,0,1,0,0,1
мерцание,0,0,0,0,0,0,1,0,0,0
мерцание,0,0,0,0,0,0,0,0,0,0
сцинтиллятор,0,0,0,0,0,0,0,0,0,0
наследник,0,0,0,0,0,0,0,0,0,0
ножницы,0,0,0,0,0,0,0,0,0,0
насмехаться,1,0,1,0,0,1,0,0,0,0
ругать,1,0,1,1,0,1,0,1,0,0
брань,1,0,0,0,0,1,0,0,0,0
совок,0,0,0,0,0,0,0,0,0,0
сфера,0,0,0,0,0,0,0,0,0,0
палящий,1,0,0,0,0,1,0,0,0,0
счет,0,1,0,0,1,0,1,0,1,0
баллы,0,0,0,0,0,0,0,0,0,0
презрение,1,0,0,0,0,1,0,0,0,0
скорпион,1,0,1,1,0,1,0,0,1,0
скотч,0,0,0,0,0,1,0,0,0,0
негодяй,1,0,1,1,0,1,0,0,0,1
рыскать,0,0,0,0,0,0,0,0,0,0
бич,1,0,0,1,0,1,0,1,0,0
разведчик,0,0,0,0,0,0,0,0,0,0
царапать,0,0,0,0,0,0,0,0,0,0
карабкаться,0,0,0,0,0,0,0,0,0,0
карабкаться,0,0,0,0,0,1,0,0,0,0
царапать,0,0,0,0,0,0,0,0,0,0
скрепи,1,0,0,1,0,1,0,1,0,0
соскоб,0,0,0,0,0,0,0,0,0,0
царапать,0,0,0,0,0,0,0,0,0,0
крик,1,0,1,1,0,1,0,0,1,0
кричащий,1,0,1,1,0,1,0,0,0,0
визг,0,0,0,1,0,1,0,0,1,0
экран,0,0,0,0,0,0,0,0,0,0
отвертка,0,0,0,0,0,0,0,0,0,0
облажались,1,0,0,0,0,1,0,0,0,0
каракули,0,0,0,0,0,0,0,0,0,0
писец,0,0,0,0,0,0,1,0,0,0
схватка,0,0,0,0,0,1,0,0,1,0
сума,0,0,0,0,0,0,0,0,0,0
сценарий,0,0,0,0,0,0,1,0,0,0
библейский,0,0,0,0,0,0,0,0,0,0
Писание,0,0,0,0,0,0,0,0,0,1
прокрутить,0,0,0,0,0,0,0,0,0,0
скраб,0,0,1,0,0,1,0,0,0,0
восхитительный,0,0,0,0,0,0,1,0,0,0
скрупулезный,0,0,0,0,0,0,0,0,0,0
тщательно исследовать,0,1,0,0,0,1,0,0,0,0
проверка,0,0,0,0,0,1,0,0,0,0
скульптор,0,0,0,0,0,0,0,0,0,0
скульптура,0,0,0,0,0,0,1,0,0,0
скульптурный,0,0,0,0,0,0,0,0,0,0
отбросы,0,0,1,0,0,1,0,0,0,0
море,0,0,0,0,0,0,1,0,0,0
побережье,0,0,0,0,0,0,0,0,0,0
печать,0,0,0,0,0,0,1,0,0,1
уплотнения,0,0,0,0,0,0,0,0,0,1
шов,0,0,0,0,0,0,0,0,0,0
моряк,0,0,0,0,0,0,0,0,0,0
бесшовный,0,0,0,0,0,0,0,0,0,0
швея,0,0,0,0,0,0,0,0,0,0
морской порт,0,0,0,0,0,0,0,0,0,0
обжигать,0,0,0,0,0,1,0,0,0,0
поиск,0,0,0,0,0,0,0,0,0,0
идет поиск,0,0,0,0,0,0,0,0,0,0
обожженный,0,0,0,0,0,0,0,0,0,0
Приморский,0,0,0,0,0,0,0,0,0,0
время года,0,0,0,0,0,0,0,0,0,0
приправленный,0,0,0,0,0,0,1,0,0,0
приправа,0,0,0,0,0,0,0,0,0,0
сиденье,0,0,0,0,0,0,0,0,0,0
отделение,0,0,0,0,0,1,0,0,0,0
уединенный,0,0,0,0,0,1,0,1,0,0
уединение,0,0,0,1,0,1,1,0,0,0
вторичный,0,0,0,0,0,0,0,0,0,0
подержанный,0,0,0,0,0,1,0,0,0,0
секретность,0,0,0,0,0,0,0,0,1,1
секрет,0,0,0,0,0,0,0,0,0,1
секретариат,0,0,0,0,0,0,1,0,0,0
секретарь,0,0,0,0,0,0,0,0,0,0
секретировать,0,0,1,0,0,0,0,0,0,0
секреция,0,0,1,0,0,1,0,0,0,0
скрытный,0,0,0,0,0,1,0,0,0,0
тайно,0,0,0,0,0,0,0,0,0,0
секта,0,0,0,0,0,0,0,0,0,0
сектант,1,0,0,1,0,1,0,0,0,0
секционный,0,0,0,0,0,0,0,0,0,0
сектор,0,0,0,0,0,0,0,0,0,0
светский,0,1,0,0,0,0,0,0,0,0
секуляризм,0,0,0,0,0,0,0,0,0,0
ценные бумаги,0,0,0,0,0,0,0,0,0,1
безопасность,0,0,0,0,0,0,0,0,0,0
седан,0,0,0,0,0,0,0,0,0,0
успокоить,0,0,0,0,0,0,0,0,0,0
успокоительное,0,0,0,0,0,0,0,0,0,0
малоподвижный,0,0,0,0,0,0,0,0,0,0
осока,0,0,0,0,0,0,0,0,0,0
осадок,0,0,0,0,0,0,0,0,0,0
осадочный,0,0,0,0,0,0,0,0,0,0
мятеж,1,0,0,0,0,1,0,1,0,0
соблазнять,0,0,0,0,0,1,0,0,0,0
соблазнение,0,0,0,0,0,0,0,0,0,0
соблазнение,0,0,0,0,0,1,0,0,0,0
соблазнительный,0,1,0,0,0,0,0,0,0,0
семя,0,0,0,0,0,0,0,0,0,0
рассада,0,0,0,0,0,0,0,0,0,0
стремиться,0,1,0,0,0,0,0,0,0,0
искатель,0,0,0,0,0,0,0,0,0,0
по-видимому,0,0,0,0,0,0,0,0,0,0
провидец,0,0,0,0,0,0,0,0,0,0
бурлящий,0,0,0,0,0,0,0,0,0,0
сегмент,0,0,0,0,0,0,0,0,0,0
отделять,1,0,1,0,0,1,0,1,0,0
сегрегированный,0,0,0,0,0,1,0,0,0,0
сегрегация,0,0,0,0,0,0,0,0,0,0
захватывать,0,0,0,1,0,1,0,0,0,0
захват,0,0,0,1,0,0,0,0,0,0
редко,0,0,0,0,0,0,0,0,0,0
Выбрать,0,0,0,0,0,0,0,0,0,0
выбор,0,0,0,0,0,0,0,0,0,0
эгоистичный,1,0,1,0,0,1,0,0,0,0
эгоизм,0,0,0,0,0,1,0,0,0,0
продавать,0,0,0,0,0,0,0,0,0,0
продавец,0,0,0,0,0,0,0,0,0,0
семафор,0,0,0,0,0,0,0,0,0,0
подобие,0,0,0,0,0,0,0,0,0,0
сперма,0,0,0,0,0,0,0,0,0,0
точка с запятой,0,0,0,0,0,0,0,0,0,0
основополагающий,0,0,0,0,0,0,0,0,0,0
семинар,0,0,0,0,0,0,0,0,0,0
семинария,0,0,0,0,0,0,0,0,0,0
семиотика,0,0,0,0,0,0,0,0,0,0
сенат,0,0,0,0,0,0,0,0,0,1
сенатор,0,0,0,0,0,0,0,0,0,0
Отправить,0,0,0,0,0,0,0,0,0,0
старение,0,0,0,0,0,0,0,0,0,0
дряхлый,0,0,0,1,0,1,0,1,0,0
старший,0,0,0,0,0,0,0,0,0,0
старшинство,0,0,0,0,0,0,1,0,0,1
ощущение,0,0,0,0,0,0,0,0,0,0
сенсационный,0,0,0,0,1,0,1,0,0,0
смысл,0,0,0,0,0,0,1,0,0,0
бессмысленный,1,0,1,1,0,1,0,1,1,0
чувства,0,0,0,0,0,0,0,0,0,0
чувствительность,0,0,0,0,0,0,1,0,0,0
разумно,0,0,0,0,0,0,1,0,0,0
чувствительный,0,0,0,0,0,0,0,0,0,0
сенсорный,0,0,0,0,0,0,0,0,0,0
чувственный,0,1,0,0,1,1,1,0,1,1
чувственность,0,1,0,0,1,0,1,0,0,0
чувственный,0,0,0,0,1,0,1,0,0,0
приговор,1,1,1,1,0,1,0,1,0,0
разумный,0,0,0,0,0,0,0,0,0,0
настроение,0,0,0,0,0,0,0,0,0,0
сентиментальный,0,0,0,0,0,0,1,0,0,0
сентиментальность,0,0,0,0,0,0,1,0,0,0
часовой,0,0,0,0,0,0,1,0,0,1
часовой,0,0,0,0,0,0,0,0,0,1
отделимый,0,0,0,0,0,0,0,0,0,0
отдельный,0,0,0,0,0,0,0,0,0,0
отдельно,0,0,0,0,0,0,0,0,0,0
разделение,0,0,0,0,0,0,0,0,0,0
сепаратист,1,0,1,0,0,1,0,0,0,0
сепия,0,0,0,0,0,0,0,0,0,0
сепсис,0,0,0,1,0,1,0,1,0,0
сентябрь,0,0,0,0,0,0,0,0,0,0
септический,0,0,1,0,0,1,0,0,0,0
перегородка,0,0,0,0,0,0,0,0,0,0
продолжение,0,1,0,0,0,0,0,0,0,0
последовательность,0,0,0,0,0,0,0,0,0,0
последовательный,0,0,0,0,0,0,0,0,0,0
изолированный,0,0,0,0,0,0,0,0,0,0
секвестр,0,0,0,0,0,1,0,1,0,0
безмятежный,0,0,0,0,0,1,0,0,0,1
умиротворенность,0,1,0,0,1,0,1,0,0,1
сержант,0,0,0,0,0,0,0,0,0,0
сериал,0,1,0,0,0,0,0,0,0,0
серии,0,0,0,0,0,0,0,0,0,1
с засечками,0,0,0,0,0,0,0,0,0,0
серьезность,0,0,0,1,0,0,0,1,0,0
проповедь,0,0,0,0,0,0,1,0,0,1
змей,0,0,1,1,0,1,0,0,0,0
серпантин,0,0,0,0,0,0,0,0,0,0
зубчатый,0,0,0,0,0,0,0,0,0,0
сыворотка,0,0,0,0,0,0,1,0,0,0
слуга,0,0,0,0,0,1,0,0,0,1
обслуживать,0,0,0,0,0,1,0,0,0,1
оказание услуг,0,0,0,0,0,0,0,0,0,0
исправный,0,0,0,0,0,0,0,0,0,0
рабский,0,0,1,1,0,1,0,1,0,0
рабство,0,0,0,0,0,1,0,0,0,0
сессия,0,0,0,0,0,0,0,0,0,0
сеанс,0,0,0,0,0,0,0,0,0,0
сессии,0,0,0,0,0,0,0,0,0,0
установлен,0,0,0,0,0,0,0,0,0,0
неудача,0,0,0,0,0,1,0,1,0,0
установка,0,0,0,0,0,0,0,0,0,0
сеттер,0,0,0,0,0,0,0,0,0,0
решить,0,0,0,0,0,0,0,0,0,0
поселился,0,0,0,0,0,0,0,0,0,0
поселенец,0,0,0,0,0,0,0,0,0,0
учредитель,0,0,0,1,0,0,1,0,0,0
седьмой,0,0,0,0,0,0,0,0,0,0
семьдесят,0,0,0,0,0,0,0,0,0,0
разорвать,0,0,0,0,0,1,0,0,0,0
отделяемый,0,0,0,0,0,0,0,0,0,0
по отдельности,0,0,0,0,0,0,0,0,0,0
выходное пособие,0,0,0,0,0,0,0,1,0,0
строго,0,0,0,0,0,0,0,0,0,0
строгость,0,0,0,0,0,0,0,0,0,0
шить,0,0,0,0,0,0,0,0,0,0
сточные воды,0,0,1,0,0,1,0,0,0,0
канализация,0,0,1,0,0,0,0,0,0,0
канализация,0,0,1,0,0,1,0,0,0,0
секс,0,1,0,0,1,0,1,0,0,1
сексуальность,0,0,0,0,0,0,0,0,0,0
сексуальный,0,0,0,0,0,0,0,0,0,0
потрепанный,0,0,1,0,0,1,0,0,0,0
лачуга,0,0,1,0,0,1,0,1,0,0
кандалы,1,1,1,1,0,1,0,1,0,0
оттенок,0,0,0,0,0,0,0,0,0,0
оттенки,0,0,0,0,0,0,0,0,0,0
затенение,0,0,0,0,0,0,0,0,0,0
тень,0,0,0,0,0,0,0,0,0,0
темный,0,0,0,0,0,0,0,0,0,0
тенистый,0,0,0,1,0,1,0,0,0,0
вал,0,0,0,0,0,0,0,0,0,0
трахаться,0,0,0,0,0,0,0,0,0,0
лохматый,0,0,0,0,0,0,0,0,0,0
встряхнуть,0,0,0,0,0,0,0,0,0,0
потрясен,0,0,0,0,0,0,0,0,0,0
тряска,0,0,0,1,0,1,0,0,0,0
шаткий,1,1,0,1,0,1,0,0,0,0
притворство,1,0,1,0,0,1,0,0,0,0
шаман,0,0,0,0,0,0,0,0,0,0
беспорядок,0,0,0,0,0,1,0,0,0,0
стыд,0,0,1,1,0,1,0,1,0,0
постыдный,0,0,0,0,0,1,0,1,0,0
бесстыдный,0,0,1,0,0,1,0,0,0,0
Шанхай,0,0,1,1,0,1,0,0,0,0
хвостовик,0,0,0,1,0,0,0,0,0,0
лачуга,0,0,0,0,0,0,0,0,0,0
форма,0,0,0,0,0,0,1,0,0,0
стройный,0,0,0,0,0,0,1,0,0,0
Поделиться,0,1,0,0,1,0,1,0,0,1
акционер,0,0,0,0,0,0,0,0,0,0
акула,0,0,0,0,0,1,0,0,0,0
точить,1,1,0,0,0,0,0,0,0,0
заточенный,0,0,0,0,0,0,0,0,0,0
точилка,0,0,0,0,0,0,0,0,0,0
Острота,0,0,0,0,0,0,0,0,0,0
разбить,1,0,0,1,0,1,0,1,1,0
разбитый,0,0,0,0,0,1,0,1,0,0
бриться,0,0,0,0,0,0,0,0,0,0
бритье,0,0,0,0,0,0,0,0,0,0
шаль,0,0,0,0,0,0,0,0,0,0
пучок,0,0,0,0,0,0,0,0,0,0
сдвиг,0,0,0,0,0,0,0,0,0,0
ножницы,0,0,0,0,0,0,0,0,0,0
оболочка,0,0,0,0,0,0,0,0,0,0
обшивка,0,0,0,0,0,0,0,0,0,0
пролить,0,0,0,0,0,1,0,0,0,0
блеск,0,0,0,0,0,0,0,0,0,0
овец,0,0,0,0,0,0,0,0,0,0
явный,0,0,0,0,0,0,0,0,0,0
лист,0,0,0,0,0,0,0,0,0,0
полка,0,0,0,0,0,0,0,0,0,0
оболочка,1,0,0,1,0,1,0,1,1,0
моллюск,0,0,0,0,0,0,0,0,0,0
приют,0,0,0,0,0,0,1,0,0,1
отложен,0,0,0,0,0,1,0,0,0,0
пасти,0,0,0,0,0,0,1,0,0,1
шериф,0,0,0,0,0,0,0,0,0,1
шерри,0,0,0,0,0,0,0,0,0,0
щит,0,0,0,0,0,0,0,0,0,0
сдвиг,0,0,0,0,0,0,0,0,0,0
сдвиг,0,0,0,0,0,0,0,0,0,0
шиллинг,0,0,0,0,0,0,0,0,0,0
мерцание,0,0,0,0,0,0,0,0,0,0
голень,0,0,0,0,0,0,0,0,0,0
светить,0,0,0,0,0,0,1,0,0,0
галька,0,0,0,0,0,0,0,0,0,0
сияющий,0,1,0,0,1,0,1,0,0,0
блестящий,0,0,0,0,0,0,0,0,0,0
судно,0,1,0,0,0,0,0,0,0,0
отгрузка,0,0,0,0,0,0,0,0,0,0
перевозки,0,0,0,0,0,0,0,0,0,0
кораблекрушение,0,0,0,1,0,1,0,1,0,0
графство,0,0,0,0,0,0,0,0,0,0
Рубашка,0,0,0,0,0,0,0,0,0,0
дерьмо,1,0,1,0,0,1,0,0,0,0
дрожь,1,1,0,1,0,1,0,1,0,0
дрожь,0,0,0,0,0,0,0,0,0,0
косяки,0,0,0,0,0,0,0,0,0,0
шок,1,0,0,1,0,1,0,0,1,0
шокирующе,0,0,0,0,0,0,0,0,1,0
дрянной,1,0,1,0,0,1,0,0,0,0
обувь,0,0,0,0,0,0,0,0,0,0
сапожник,0,0,0,0,0,0,0,0,0,0
стрелять,1,0,0,1,0,1,0,0,0,0
стрелок,0,0,0,1,0,0,0,0,0,0
стрельба,1,0,0,1,0,1,0,0,0,0
магазин,0,0,0,0,0,0,0,0,0,0
лавочник,0,0,0,0,0,0,0,0,0,1
магазинная кража,1,0,1,0,0,1,0,0,0,0
поход по магазинам,0,1,0,0,1,0,1,0,1,1
берег,0,0,0,0,0,0,0,0,0,0
остриженный,0,0,0,0,0,0,0,0,0,0
короткая,0,0,0,0,0,0,0,0,0,0
нехватка,1,0,0,1,0,1,0,1,0,0
недостаток,0,0,0,0,0,1,0,0,0,0
сократить,0,0,0,0,0,0,0,0,0,0
сокращение,0,0,0,0,0,0,0,0,0,0
стенография,0,0,0,0,0,0,0,0,0,0
вскоре,0,1,0,0,0,0,0,0,0,0
краткость,0,0,0,0,0,0,0,0,0,0
шорты,0,0,0,0,0,0,0,0,0,0
выстрелил,1,0,0,1,0,1,0,1,1,0
дробовик,0,0,0,0,0,0,0,0,0,0
плечо,0,0,0,0,0,0,1,0,0,1
кричать,1,0,0,0,0,0,0,0,1,0
пихать,1,0,0,0,0,1,0,0,0,0
лопата,0,0,0,0,0,0,0,0,0,0
сгребание,0,0,0,0,0,0,0,0,0,0
показывать,0,0,0,0,0,0,0,0,0,1
душ,0,0,0,0,0,0,0,0,0,0
показывая,0,0,0,0,0,0,0,0,0,0
эффектный,0,0,0,0,0,1,0,0,0,0
шрапнель,0,0,0,1,0,0,0,0,0,0
кромсать,0,0,0,0,0,0,0,0,0,0
проницательный,0,0,0,0,0,0,1,0,0,0
визжать,1,0,0,1,0,1,0,1,1,0
пронзительный,1,0,0,1,0,1,0,0,1,0
креветка,0,0,0,0,0,0,0,0,0,0
святыня,0,0,0,0,0,0,0,0,0,0
"сокращаться, сжиматься",0,0,0,1,0,1,0,1,0,0
сокращение,0,0,0,0,0,0,0,0,0,0
саван,0,0,0,0,0,0,0,1,0,0
кустарник,0,0,0,0,0,0,0,0,0,0
кустарник,0,0,0,0,0,0,0,0,0,0
пожимание плечами,0,0,0,0,0,0,0,0,0,0
уменьшился,0,0,0,0,0,1,0,0,0,0
содрогаться,0,0,0,1,0,1,0,0,0,0
перемешивать,0,0,0,0,0,0,0,0,0,0
перетасовка,0,0,0,0,0,0,0,0,0,0
избегайте,1,0,1,0,0,1,0,1,0,0
шунт,0,0,0,0,0,0,0,0,0,0
закрыть,0,0,0,0,0,0,0,0,0,0
затвор,0,0,0,0,0,0,0,0,0,0
шаттл,0,0,0,0,0,0,0,0,0,0
сиб,0,0,0,0,0,0,0,0,0,1
так,0,0,0,0,0,0,0,0,0,0
больной,0,0,1,0,0,1,0,1,0,0
тошнотворный,1,0,1,1,0,1,0,1,0,0
серп,0,0,0,0,0,0,0,0,0,0
болезненный,0,0,1,0,0,1,0,1,0,0
болезнь,0,0,1,1,0,1,0,1,0,0
сторона,0,0,0,0,0,0,0,0,0,0
буфет,0,0,0,0,0,0,0,0,0,0
обходить стороной,0,0,0,0,0,0,0,0,0,0
боком,0,0,0,0,0,0,0,0,0,0
осада,0,0,0,0,0,0,0,0,0,0
сиеста,0,0,0,0,0,0,0,0,0,0
сито,0,0,0,0,0,0,0,0,0,0
просеивание,0,0,0,0,0,0,0,0,0,0
вздох,0,0,0,0,0,0,0,0,0,0
зрение,0,0,0,0,0,0,0,0,0,0
знак,0,0,0,0,0,0,0,0,0,0
сигнал,0,0,0,0,0,0,0,0,0,0
подпись,0,0,0,0,0,0,0,0,0,1
значение,0,0,0,0,0,0,0,0,0,0
значительный,0,0,0,0,0,0,0,0,0,0
значение,0,0,0,0,0,0,0,0,0,0
означают,0,1,0,0,0,0,0,0,0,0
указатель,0,0,0,0,0,0,0,0,0,0
тихий,0,0,0,0,0,0,0,0,0,0
молча,0,0,0,0,0,0,0,0,0,0
силуэт,0,0,0,0,0,0,0,0,0,0
шелк,0,0,0,0,0,0,1,0,0,0
шелковистый,0,0,0,0,0,0,0,0,0,0
шелковистый,0,0,0,0,0,0,0,0,0,0
подоконник,0,0,0,0,0,0,0,0,0,0
глупость,0,0,0,0,0,0,0,0,0,0
глупый,0,0,0,0,1,1,0,0,0,0
ил,0,0,0,0,0,0,0,0,0,0
Серебряный,0,0,0,0,0,0,0,0,0,0
серебристый,0,0,0,0,0,0,0,0,0,0
похожий,0,0,0,0,0,0,0,0,0,0
сходство,0,0,0,0,0,0,0,0,0,0
сравнение,0,0,0,0,0,0,0,0,0,0
кипеть,1,1,0,0,0,0,0,0,0,0
кипящий,0,1,0,0,0,0,0,0,0,0
просто,0,0,0,0,0,0,0,0,0,0
простые,0,0,0,0,0,0,0,0,0,0
упрощать,0,1,0,0,1,0,1,0,1,1
просто,0,0,0,0,0,0,0,0,0,0
имитировать,0,0,0,0,0,0,0,0,0,0
смоделированный,0,0,0,0,0,0,0,0,0,0
имитация,0,0,0,0,0,0,0,0,0,0
моделирование,0,0,0,0,0,0,0,0,0,0
одновременный,0,0,0,0,0,0,0,0,0,0
одновременно,0,0,0,0,0,0,0,0,0,0
грех,1,0,1,1,0,1,0,1,0,0
искренний,0,0,0,0,0,0,1,0,0,1
искренность,0,0,0,0,0,0,1,0,0,0
грешный,1,0,1,1,0,1,0,1,0,0
петь,0,1,0,0,1,0,1,1,0,1
певец,0,0,0,0,0,0,0,0,0,0
не замужем,0,0,0,0,0,0,0,0,0,0
поодиночке,0,0,0,0,0,0,1,0,0,0
единственное число,0,0,0,0,0,0,0,0,0,0
необычность,0,0,0,0,0,0,0,0,0,0
исключительно,0,0,0,0,0,0,0,0,1,0
зловещий,1,0,1,1,0,1,0,0,0,0
раковина,0,0,0,0,0,0,0,0,0,0
грешник,1,0,1,1,0,1,0,1,0,0
грешить,0,0,1,0,0,1,0,0,0,0
пазуха,0,0,0,0,0,0,0,0,0,0
глоток,0,0,0,0,0,0,0,0,0,0
сифон,0,0,0,0,0,0,0,0,0,0
сэр,0,0,0,0,0,0,1,0,0,1
сир,0,0,0,0,0,0,0,0,0,0
сирена,0,0,0,1,0,1,0,0,0,0
неженка,0,0,0,0,0,1,0,0,0,0
сестра,0,0,0,0,0,0,0,0,0,0
сестринство,1,0,0,0,0,0,1,1,1,1
сайт,0,0,0,0,0,0,0,0,0,0
ситх,0,0,0,0,0,0,0,0,0,0
сидит,0,0,0,0,0,0,0,0,0,0
расположить,0,0,0,0,0,0,0,0,0,0
расположенный,0,0,0,0,0,0,0,0,0,0
ситуация,0,0,0,0,0,0,0,0,0,0
шестой,0,0,0,0,0,0,0,0,0,0
шестьдесят,0,0,0,0,0,0,0,0,0,0
размер,0,0,0,0,0,0,0,0,0,0
шипеть,1,0,0,0,0,0,0,0,0,0
кататься на коньках,0,0,0,0,0,0,0,0,0,0
катание на коньках,0,0,0,0,0,0,0,0,0,0
моток,0,0,0,0,0,0,0,0,0,0
скелет,0,0,0,0,0,0,0,0,0,0
скептик,0,0,0,0,0,0,0,0,0,0
скептический,0,0,0,0,0,1,0,0,0,0
скептицизм,0,0,0,0,0,0,0,0,0,0
эскиз,0,0,0,0,0,0,0,0,0,0
отрывочный,0,0,0,0,0,1,0,0,0,0
перекошенный,1,1,0,0,0,1,0,0,0,0
вертел,0,0,0,0,0,0,0,0,0,0
лыжи,0,0,0,0,0,0,0,0,0,0
скользить,1,0,0,1,0,1,0,1,0,0
ялик,0,0,0,0,0,0,0,0,0,0
навык,0,0,0,0,0,0,0,0,0,0
опытный,0,0,0,0,0,0,1,0,0,0
сковорода,0,0,0,0,0,0,0,0,0,0
искусный,0,0,0,0,0,0,1,0,0,1
обезжирить,0,0,0,0,0,0,0,0,0,0
кожа,0,0,0,0,0,0,0,0,0,0
тощий,0,0,0,0,0,0,0,0,0,0
пропускать,0,0,0,0,0,1,0,0,0,0
шкипер,0,0,0,0,0,0,0,0,0,0
стычка,1,0,0,0,0,1,0,0,0,0
юбка,0,0,0,0,0,0,0,0,0,0
плинтус,0,0,0,0,0,0,0,0,0,0
юбки,0,0,0,0,0,0,0,0,0,0
пародия,0,0,0,0,0,0,0,0,0,0
череп,0,0,0,0,0,0,0,0,0,0
скунс,0,0,0,0,0,0,0,0,0,0
небо,0,0,0,0,0,0,1,0,0,0
небоскреб,0,0,0,0,0,0,0,0,0,0
плита,0,0,0,0,0,0,0,0,0,0
вялый,0,0,0,0,0,1,0,0,0,0
шлак,0,0,0,0,0,1,0,0,0,0
хлопать,1,0,0,1,0,1,0,0,1,0
клевета,1,0,1,0,0,1,0,0,0,0
клеветнический,0,0,0,0,0,1,0,0,0,0
сленг,0,0,0,0,0,0,0,0,0,0
наклонный,0,0,0,0,0,0,0,0,0,0
шлепок,1,0,0,0,0,1,0,0,1,0
косая черта,1,0,0,0,0,0,0,0,0,0
косая черта,0,0,0,0,0,0,0,0,0,0
шифер,0,0,0,0,0,0,1,0,0,0
сланцы,0,0,0,0,0,0,0,0,0,0
бойня,1,0,1,1,0,1,0,1,1,0
скотобойня,1,0,1,1,0,1,0,1,0,0
забой,1,0,1,1,0,1,0,1,1,0
раб,1,0,0,1,0,1,0,1,0,0
рабство,1,0,1,1,0,1,0,1,0,0
убить,1,0,0,0,0,1,0,0,0,0
убийца,1,0,1,1,0,1,0,1,1,0
сани,0,0,0,0,0,0,0,0,0,0
гладкий,0,0,0,0,0,0,1,0,0,0
спать,0,0,0,0,0,0,0,0,0,0
спящий,0,0,0,0,0,0,0,0,0,0
спать,0,0,0,0,0,0,0,0,0,0
бессонница,0,0,0,0,0,0,0,0,0,0
сонный,0,0,0,0,0,0,0,0,0,0
мокрый снег,0,0,0,0,0,1,0,0,0,0
рукав,0,0,0,0,0,0,0,0,0,0
без рукавов,0,0,0,0,0,0,0,0,0,0
сани,0,0,0,0,0,0,0,0,0,0
ловкость,0,0,0,0,0,0,0,0,0,0
стройный,0,0,0,0,0,0,1,0,0,0
сыщик,0,0,0,0,0,0,0,0,0,0
ломтик,0,0,0,0,0,0,0,0,0,0
скользкий,0,0,0,0,0,0,0,0,0,0
горка,0,0,0,0,0,0,0,0,0,0
скользящий,0,0,0,0,0,0,0,0,0,0
незначительный,0,0,0,0,0,0,0,0,0,0
немного,0,0,0,0,0,0,0,0,0,0
стройное,0,0,0,0,0,0,1,0,0,0
слизь,0,0,1,0,0,0,0,0,0,0
слизистый,0,0,1,0,0,1,0,0,0,0
слинг,0,0,0,0,0,0,0,0,0,0
красться,0,0,0,0,0,1,0,0,0,0
соскальзывать,0,0,0,0,0,1,0,0,1,0
тапочка,0,0,0,0,0,0,0,0,0,0
домашние тапочки,0,0,0,0,0,0,0,0,0,0
щель,0,0,0,0,0,0,0,0,0,0
щепка,0,0,0,0,0,0,0,0,0,0
лозунг,0,0,0,0,0,0,0,0,0,0
шлюп,0,0,0,0,0,0,0,0,0,0
помои,0,0,1,0,0,1,0,0,0,0
склон,0,0,0,0,0,0,0,0,0,0
небрежный,0,0,1,0,0,1,0,0,0,0
слот,0,0,0,0,0,0,0,0,0,0
лень,0,0,1,0,0,1,0,0,0,0
сутулиться,0,0,0,0,0,1,0,0,0,0
болото,0,0,0,0,0,1,0,0,0,0
медленный,0,0,0,0,0,0,0,0,0,0
медленно,0,0,0,0,0,0,0,0,0,0
медлительность,0,0,0,0,0,1,0,0,0,0
ил,0,0,1,0,0,1,0,0,0,0
слизняк,0,0,1,0,0,1,0,0,0,0
вялый,0,0,0,0,0,1,0,1,0,0
шлюз,0,0,0,0,0,0,0,0,0,0
трущобы,0,0,1,0,0,1,0,0,0,0
дремать,0,0,0,0,0,0,0,0,0,0
спад,0,0,0,0,0,1,0,1,0,0
оскорбление,1,0,1,0,0,1,0,1,0,0
слякоть,0,0,1,0,0,1,0,0,1,0
шлюха,1,0,1,0,0,1,0,0,0,0
хитрый,1,0,1,1,0,1,0,0,0,0
хлопать,1,0,0,0,0,1,0,0,0,0
маленький,0,0,0,0,0,1,0,0,0,0
меньше,0,0,0,0,0,0,0,0,0,0
самый маленький,0,0,0,0,0,0,0,0,0,0
разгромить,1,0,0,1,0,1,0,0,0,0
разбитый,0,0,0,0,0,1,0,0,0,0
поверхностный,0,0,0,0,0,1,0,0,0,0
размазывать,0,0,0,0,0,0,0,0,0,0
запах,1,0,1,0,0,1,0,0,0,0
обоняние,0,0,1,0,0,1,0,0,0,0
пахло,0,0,0,0,0,0,0,0,0,0
улыбка,0,0,0,0,1,0,1,0,1,1
улыбается,0,0,0,0,1,0,1,0,0,0
ухмыляться,0,0,0,0,0,1,0,0,0,0
поразить,1,0,0,1,0,1,0,1,0,0
кузнец,0,0,0,0,0,0,0,0,0,1
поражен,0,0,0,0,0,0,1,0,0,0
курильщик,0,0,0,0,0,1,0,0,0,0
дымчатый,0,0,0,0,0,0,0,0,0,0
курение,0,0,0,0,0,0,0,0,0,0
дымный,0,0,0,0,0,0,0,0,0,0
тлеющий,0,0,0,0,0,0,0,0,0,0
гладко,0,0,0,0,0,0,0,0,0,0
гладкость,0,0,0,0,0,0,1,0,0,0
задушить,1,0,0,0,0,1,0,0,0,0
пятно,0,0,0,0,0,1,0,0,0,0
самодовольный,0,0,0,0,0,1,0,0,0,0
контрабанда,0,0,0,1,0,1,0,0,0,0
контрабандист,1,0,1,1,0,1,0,0,0,0
контрабанда,0,0,0,0,0,1,0,0,0,0
грязь,0,0,1,1,0,1,0,0,0,0
перекус,0,0,0,0,0,0,0,0,0,0
закуски,0,0,0,0,0,0,0,0,0,0
загвоздка,0,0,0,0,0,1,0,0,1,0
коряги,0,0,0,0,0,1,0,0,0,0
улитка,0,0,0,0,0,0,0,0,0,0
змея,0,0,1,1,0,1,0,0,0,0
щелчок,0,0,0,0,0,0,0,0,0,0
снимок,0,0,0,0,0,0,0,0,0,0
ловушка,0,0,0,1,0,1,0,0,0,0
рычать,1,0,1,0,0,1,0,0,0,0
рычание,1,0,0,0,0,1,0,0,0,0
урвать,0,0,0,0,0,0,0,0,0,0
красться,1,0,0,1,0,1,0,0,1,0
кроссовки,0,0,0,0,0,0,0,0,0,0
крадется,0,1,0,1,0,1,0,0,0,1
насмехаться,1,0,1,0,0,1,0,0,0,0
чихать,0,0,1,0,0,1,0,0,1,0
чихание,0,0,0,0,0,0,0,0,0,0
хихикает,0,0,0,0,0,0,1,0,0,0
ехидный,0,0,0,0,0,1,0,0,0,0
нюхать,0,0,0,0,0,0,0,0,0,0
надрезать,0,0,0,0,0,0,0,0,0,0
бекас,0,0,0,0,0,0,0,0,0,0
фрагмент,0,0,0,0,0,0,0,0,0,0
сноб,0,0,0,0,0,1,0,0,0,0
шпионский,0,0,0,0,0,0,0,0,0,0
вздремнуть,0,0,0,0,0,0,0,0,0,0
храпеть,0,0,0,0,0,0,0,0,0,0
фыркать,0,0,0,0,0,0,0,1,0,0
морда,0,0,0,0,0,0,0,0,0,0
снег,0,0,0,0,0,0,0,0,0,0
снежный шар,0,0,0,0,0,0,0,0,0,0
снежинка,0,0,0,0,0,0,0,0,0,0
снежный,0,0,0,0,0,0,0,0,0,0
нюхательный табак,0,0,0,0,0,0,0,0,0,0
замочить,0,0,0,0,0,1,0,0,0,0
замачивание,0,0,0,0,0,0,0,0,0,0
мыло,0,0,0,0,0,0,0,0,0,0
мыльный,0,0,0,0,0,0,0,0,0,0
парящий,0,0,0,0,0,0,0,0,0,0
рыдать,0,0,0,0,0,1,0,1,0,0
трезвость,0,0,0,0,0,0,1,0,0,1
соц,0,0,0,0,0,0,0,0,0,0
футбольный,0,0,0,0,0,0,0,0,0,0
общительный,0,0,0,0,0,0,1,0,0,0
Социальное,0,0,0,0,0,0,0,0,0,0
социализм,0,0,1,1,0,0,0,0,0,0
социалист,1,0,1,1,0,1,0,1,0,0
общество,0,0,0,0,0,0,0,0,0,0
носок,0,0,0,0,0,0,0,0,0,0
разъем,0,0,0,0,0,0,0,0,0,0
дерн,0,0,0,0,0,0,0,0,0,0
диван,0,0,0,0,0,0,0,0,0,0
смягчение,0,0,0,0,0,0,0,0,0,0
мягкость,0,0,0,0,0,0,0,0,0,0
сырой,0,0,0,0,0,0,0,0,0,0
почвы,0,0,1,0,0,1,0,0,0,0
грязный,0,0,1,0,0,1,0,0,0,0
пребывание,0,0,0,0,0,0,0,0,0,0
утешение,0,0,0,0,0,0,1,0,0,0
солнечный,0,0,0,0,0,0,0,0,0,0
припой,0,0,0,0,0,0,0,0,0,0
пайка,0,0,0,0,0,0,0,0,0,0
солдат,1,0,0,0,0,0,1,1,0,0
единственный,0,0,0,0,0,0,0,0,0,0
домогаться,0,0,0,0,0,0,0,0,0,0
ходатайство,0,0,0,0,0,0,0,0,0,0
солиситор,0,0,0,0,0,0,0,0,0,0
твердый,0,0,0,0,0,0,1,0,0,0
солидарность,0,0,0,0,0,0,0,0,0,1
затвердевание,0,0,0,0,0,0,0,0,0,0
затвердевший,0,0,0,0,0,0,0,0,0,0
затвердевать,0,0,0,0,0,0,0,0,0,0
прочность,0,0,0,0,0,0,1,0,0,1
пасьянс,0,0,0,0,0,0,0,0,0,0
одинокий,0,0,0,0,0,0,0,0,0,0
одиночество,0,0,0,0,0,0,0,0,0,0
соло,0,0,0,0,0,0,0,0,0,0
растворимость,0,0,0,0,0,0,0,0,0,0
растворимый,0,0,0,0,0,0,0,0,0,0
решение,0,0,0,0,0,0,1,0,0,0
решать,0,0,0,0,0,0,0,0,0,0
платежеспособность,0,0,0,0,0,0,1,0,0,0
растворитель,0,0,0,0,0,0,0,0,0,0
соматический,0,0,0,0,0,1,0,0,1,0
мрачный,0,0,0,0,0,1,0,1,0,0
сын,0,0,0,0,0,0,0,0,0,0
сонар,0,1,0,0,0,0,1,0,0,0
соната,0,0,0,0,0,0,1,0,0,0
песня,0,0,0,0,0,0,0,0,0,0
сонет,0,0,0,0,1,0,1,1,0,0
звонкий,0,0,0,0,1,0,1,0,0,0
сажа,0,0,1,0,0,1,0,0,0,0
успокаивать,0,0,0,0,0,0,1,0,0,0
успокаивающий,0,0,0,0,1,0,1,0,0,1
второкурсник,0,0,0,0,0,0,0,0,0,0
сопрано,0,0,0,0,0,0,0,0,0,0
колдун,0,0,0,0,0,0,0,0,0,0
колдовство,0,1,0,1,0,1,0,0,1,0
грязный,1,0,1,1,0,1,0,1,0,0
больной,1,0,0,0,0,1,0,1,0,0
очень,0,0,0,0,0,1,0,1,0,0
болезненность,0,0,1,0,0,1,0,1,0,0
сорго,0,0,0,0,0,0,0,0,0,0
женское общество,0,0,0,0,0,0,0,0,0,0
печаль,0,0,0,1,0,1,0,1,0,0
печальный,0,0,0,0,0,1,0,1,0,0
Сортировать,0,0,0,0,0,0,0,0,0,0
сортировщик,0,0,0,0,0,0,1,0,0,0
вылазка,0,0,0,1,0,1,0,0,0,0
сортировка,0,0,0,0,0,0,0,0,0,0
су,0,0,0,0,0,0,0,0,0,0
бездушный,0,0,1,1,0,1,0,1,0,0
родственная душа,0,0,0,1,0,1,0,0,0,0
звук,0,0,0,0,0,0,0,0,0,0
звучание,0,0,0,0,0,0,0,0,0,0
надежность,0,1,0,0,1,0,1,0,0,1
суп,0,0,0,0,0,0,1,0,0,0
кислый,0,0,1,0,0,1,0,0,0,0
источник,0,0,0,0,0,0,0,0,0,0
сувенир,0,0,0,0,0,0,0,0,0,0
государь,0,0,0,0,0,0,0,0,0,1
суверенитет,0,0,0,0,0,0,0,0,0,0
сеять,0,0,0,0,0,0,0,0,0,0
спа,0,1,0,0,1,0,1,0,1,1
пространство,0,0,0,0,0,0,0,0,0,0
просторный,0,0,0,0,0,0,1,0,0,0
лопата,0,0,0,0,0,0,0,0,0,0
охватывать,0,0,0,0,0,0,0,0,0,0
спаниель,0,0,0,0,1,0,1,0,0,1
шлепать,1,0,0,1,0,1,0,1,0,0
порка,1,0,0,0,0,0,0,0,0,0
лонжерон,0,0,0,0,0,0,0,0,0,0
запасной,0,0,0,0,0,0,0,0,0,0
скудно,0,0,0,0,0,0,0,0,0,0
искра,0,0,0,0,0,0,0,0,0,0
блеск,0,1,0,0,1,0,1,0,1,0
спарринг,0,0,0,0,0,0,0,0,0,0
редкий,0,0,0,0,0,0,0,0,0,0
спазм,0,0,0,1,0,1,0,0,0,0
плюнул,1,0,0,0,0,1,0,0,0,0
шпатель,0,0,0,0,0,0,0,0,0,0
порождать,0,0,0,0,0,0,0,0,0,0
оратор,0,0,0,0,0,0,0,0,0,0
Говорящий,0,0,0,0,0,0,0,0,0,0
копье,1,1,0,1,0,1,0,0,0,0
специальный,0,0,0,0,1,0,1,0,0,0
специалист,0,0,0,0,0,0,0,0,0,1
специальность,0,0,0,0,0,0,0,0,0,0
специализироваться,0,0,0,0,0,0,0,0,0,1
специально,0,0,0,0,0,0,0,0,0,0
вид,0,0,0,0,0,0,1,0,0,0
разновидность,0,0,0,0,0,0,0,0,0,0
специфический,0,0,0,0,0,0,0,0,0,0
Технические характеристики,0,0,0,0,0,0,0,0,0,0
образец,0,0,0,0,0,0,0,0,0,0
пятнышко,0,0,1,0,0,1,0,0,0,0
пятнистый,0,0,0,0,0,0,0,0,0,0
характеристики,0,0,0,0,0,0,0,0,0,0
зрелище,0,0,0,0,0,1,1,0,0,0
очки,0,0,0,0,0,0,0,0,0,0
изумительный,0,1,0,0,0,0,0,0,1,0
зритель,0,0,0,0,0,0,0,0,0,0
призрак,0,0,0,1,0,1,0,1,0,0
спектральный,0,0,0,0,0,1,0,0,0,0
спектрометр,0,0,0,0,0,0,0,0,0,0
спектрофотометр,0,0,0,0,0,0,0,0,0,0
спектроскопия,0,0,0,0,0,0,0,0,0,0
спектр,0,0,0,0,0,0,0,0,0,0
спекулировать,0,0,0,0,0,0,0,0,0,0
предположение,0,0,0,1,0,1,0,1,0,0
спекулятивный,0,1,0,0,0,0,0,0,0,0
зеркало,0,0,0,0,0,0,0,0,0,0
речь,0,0,0,0,0,0,1,0,0,0
безмолвный,0,0,0,0,0,0,0,0,0,0
скорость,0,0,0,0,0,0,0,0,0,0
быстро,0,0,0,0,0,0,0,0,0,0
спидометр,0,0,0,0,0,0,0,0,0,0
спидвей,0,0,0,0,0,0,0,0,0,0
быстрый,0,0,0,0,0,0,1,0,0,0
зачарованный,0,0,0,0,0,0,0,0,0,0
написание,0,0,0,0,0,0,1,0,0,0
Спенсер,0,0,0,0,0,0,0,0,0,0
проводить,0,0,0,0,0,0,0,0,0,0
потраченный,0,0,0,0,0,1,0,0,0,0
сперма,0,0,0,0,0,0,0,0,0,0
извергать,0,0,1,0,0,0,0,0,0,0
сфера,0,0,0,0,0,0,0,0,0,0
сферический,0,0,0,0,0,0,0,0,0,0
сфинкс,0,0,0,0,0,0,0,0,0,0
специя,0,0,0,0,0,0,1,0,0,0
пряный,0,0,0,0,0,0,0,0,0,0
паук,0,0,1,1,0,0,0,0,0,0
кран,0,0,0,0,0,0,0,0,0,0
шип,0,0,0,1,0,0,0,0,0,0
с шипами,0,0,0,0,0,0,0,0,0,0
колючий,0,0,0,0,0,0,0,0,0,0
проливать,0,0,0,0,0,0,0,0,0,0
вращение,0,0,0,0,0,0,0,0,0,0
спинной,0,0,0,0,0,0,0,0,0,0
веретено,0,0,0,0,0,0,0,0,0,0
позвоночник,1,0,0,0,0,1,1,0,0,0
спиннинг,0,0,0,0,0,0,0,0,0,0
старая дева,0,0,0,1,0,1,0,1,0,0
колючий,0,0,0,0,0,0,0,0,0,0
спираль,0,0,0,0,0,0,0,0,0,0
шпиль,0,0,0,0,0,0,0,0,0,0
дух,0,0,0,0,0,0,1,0,0,0
духи,0,1,0,0,1,0,1,0,1,0
духовный,0,0,0,0,0,0,0,0,0,0
духовность,0,0,0,0,0,0,0,0,0,0
плевать,0,0,1,0,0,0,0,0,0,0
несмотря,1,0,0,0,0,1,0,0,0,0
злобный,1,0,0,0,0,1,0,0,0,0
всплеск,0,0,0,0,0,0,0,0,1,0
селезенка,0,0,0,0,0,0,0,0,0,0
великолепный,0,0,0,0,1,0,1,0,1,0
великолепие,0,1,0,0,1,0,1,0,1,0
соединение,0,0,0,0,0,0,0,0,0,0
сплайн,0,0,0,0,0,0,0,0,0,0
шина,0,0,0,0,0,0,0,0,0,0
осколок,0,0,0,0,0,1,0,0,0,0
расколоть,0,0,0,0,0,1,0,0,0,0
расщепление,0,0,0,0,0,1,0,1,0,0
пускать пыль в глаза,0,0,0,0,0,0,0,0,0,0
портиться,0,0,1,0,0,1,0,0,0,0
спойлер,0,0,0,0,0,1,0,1,0,0
порча,0,0,0,0,0,0,0,0,0,0
говорил,0,0,0,0,0,1,0,0,0,0
разговорный,0,0,0,0,0,0,0,0,0,0
пресс-секретарь,0,0,0,0,0,0,0,0,0,1
губка,0,0,0,0,0,1,0,0,0,0
губчатый,0,0,0,0,0,0,0,0,0,0
спонсор,0,0,0,0,0,0,1,0,0,1
спонсорство,0,0,0,0,0,0,0,0,0,0
пародия,0,0,0,0,0,0,0,0,0,0
напугать,0,0,0,1,0,1,0,0,0,0
ложка,0,0,0,0,0,0,0,0,0,0
ложка,0,0,0,0,0,0,0,0,0,0
спорадический,0,0,0,0,0,0,0,0,0,0
спора,0,0,0,0,0,0,0,0,0,0
спорт,0,0,0,0,0,0,0,0,0,0
спортивный,0,0,0,0,0,0,0,0,0,0
спортивный,0,0,0,0,0,0,0,0,0,0
спортсмен,0,0,0,0,0,0,0,0,0,0
место,0,0,0,0,0,0,0,0,0,0
безупречный,0,0,0,0,0,0,1,0,0,1
пятнистый,0,0,0,0,0,0,0,0,0,0
пятнистый,0,0,0,0,0,0,0,0,0,0
супружеский,0,0,0,0,0,0,0,0,0,0
супруг,0,0,0,0,1,0,1,0,0,1
носик,0,0,0,0,0,0,0,0,0,0
растяжение связок,0,0,0,0,0,1,0,1,0,0
расползание,0,0,0,0,0,0,0,0,0,0
спрей,0,0,0,0,0,0,0,0,0,0
распространять,0,0,0,0,0,0,0,0,0,0
веселье,0,0,0,0,0,1,0,0,0,0
окропление,0,0,0,0,0,0,0,0,0,0
спрайт,0,0,0,1,0,1,0,0,0,0
росток,0,0,0,0,0,0,0,0,0,0
ель,0,0,0,0,0,0,1,0,0,0
шпора,0,0,0,1,0,0,0,0,0,0
ложный,0,0,1,0,0,1,0,0,0,0
пришпоренный,0,0,0,0,0,0,0,0,0,0
рывок,0,0,0,0,0,0,0,0,0,0
шпион,0,0,0,0,0,0,0,0,0,0
отряд,0,0,0,0,0,0,0,0,0,0
эскадрилья,0,0,0,0,0,0,0,0,0,0
шквал,0,0,0,1,0,1,0,1,0,0
плоскоклеточный,0,0,0,0,0,0,0,0,0,0
площадь,0,0,0,0,0,0,0,0,0,0
приземистый,0,0,0,0,0,0,0,0,0,0
скваттер,0,0,0,0,0,1,0,0,0,0
писк,0,0,0,0,0,0,0,0,0,0
визжать,0,0,0,0,0,0,0,0,0,0
брезгливый,0,0,1,1,0,1,0,0,0,0
сжимать,0,0,0,0,0,0,0,0,0,0
сдавливание,0,0,0,0,0,0,0,0,0,0
глушить,1,0,1,0,0,1,0,0,0,0
косоглазие,0,0,0,0,0,0,0,0,0,0
оруженосец,0,0,0,0,0,0,0,0,0,0
извиваться,0,0,1,0,0,1,0,0,0,0
белка,0,0,0,0,0,0,0,0,0,0
шприц,0,0,0,0,0,0,0,0,0,0
наносить удар,1,0,0,1,0,1,0,1,1,0
стабильность,0,0,0,0,0,0,0,0,0,0
стабильный,0,0,0,0,0,0,1,0,0,1
стаккато,0,0,0,0,0,0,1,0,0,0
куча,0,0,0,0,0,0,0,0,0,0
сотрудники,0,0,0,0,0,0,0,0,0,0
олень,0,0,0,0,0,0,0,0,0,0
сцена,0,0,0,0,0,0,0,0,0,0
шататься,0,0,0,0,0,0,0,0,1,0
ошеломляющий,0,0,0,0,0,1,0,0,0,0
застойный,0,0,0,0,0,1,0,1,0,0
застой,0,0,0,0,0,0,0,0,0,0
уравновешенный,0,0,0,0,0,0,0,0,0,0
пятно,0,0,1,0,0,1,0,0,0,0
нержавеющая сталь,0,0,0,0,0,0,1,0,0,0
лестница,0,0,0,0,0,0,0,0,0,0
лестница,0,0,0,0,0,0,0,0,0,0
лестница,0,0,0,0,0,0,0,0,0,0
ставка,0,0,0,0,0,0,0,0,0,0
несвежий,0,0,0,0,0,1,0,0,0,0
безвыходное положение,1,0,1,0,0,0,0,0,0,0
стебель,0,0,0,1,0,1,0,0,0,0
ларек,0,0,1,0,0,0,0,0,0,0
жеребец,0,0,0,0,0,0,1,0,0,0
киоски,0,0,0,0,0,0,0,0,0,0
стойкий,0,0,0,0,0,0,1,0,0,0
выносливость,0,0,0,0,0,0,1,0,0,1
печать,0,0,0,0,0,0,0,0,0,0
стоять,0,0,0,0,0,0,0,0,0,0
стандартный,0,0,0,0,0,0,0,0,0,0
стандартизировать,0,0,0,0,0,0,0,0,0,0
стоя,0,0,0,0,0,0,1,0,0,0
противостояние,1,0,0,1,0,1,0,0,0,0
точка зрения,0,0,0,0,0,0,0,0,0,0
тупик,1,0,0,0,0,1,0,0,0,0
строфа,0,0,0,0,0,0,0,0,0,0
главный продукт,0,0,0,0,0,0,0,0,0,0
звезда,0,1,0,0,1,0,1,0,0,1
правый борт,0,0,0,0,0,0,0,0,0,0
крахмал,0,0,0,0,0,0,0,0,0,0
глазеть,0,0,0,0,0,0,0,0,0,0
глядя,0,0,0,0,0,1,0,0,0,0
суровый,0,0,0,0,0,1,0,0,0,1
Звездный свет,0,0,0,0,0,0,1,0,0,0
звездный,0,1,0,0,1,0,1,0,0,0
звезды,0,0,0,0,0,0,0,0,0,0
Начало,0,1,0,0,0,0,0,0,0,0
вздрагивать,0,0,0,1,0,1,0,0,1,0
поразительный,0,0,0,0,0,0,0,0,1,0
голодание,0,0,0,1,0,1,0,1,0,0
голодал,0,0,0,0,0,1,0,0,0,0
изголодавшийся,0,0,0,0,0,1,0,0,0,0
государство,0,0,0,0,0,0,0,0,0,0
величественный,0,0,0,0,0,0,1,0,0,0
утверждение,0,0,0,0,0,0,1,0,0,1
каюта,0,0,0,0,0,0,0,0,0,0
государственный деятель,0,0,0,0,0,0,0,0,0,0
статический,0,0,0,0,0,0,0,0,0,0
статика,0,0,0,0,0,0,0,0,0,0
станция,0,0,0,0,0,0,0,0,0,0
стационарный,0,0,0,0,0,1,0,0,0,0
канцелярские товары,0,0,0,0,0,0,0,0,0,0
статистический,0,0,0,0,0,0,0,0,0,1
статистик,0,0,0,0,0,0,0,0,0,0
статор,0,0,0,0,0,0,0,0,0,0
скульптурный,0,0,0,0,0,0,0,0,0,0
статуя,0,0,0,0,0,0,1,0,0,0
статуэтка,0,0,0,0,0,0,0,0,0,0
рост,0,0,0,0,0,0,0,0,0,0
статус,0,0,0,0,0,0,1,0,0,0
устав,0,0,0,0,0,0,0,0,0,0
установленный законом,0,0,0,0,0,0,0,0,0,0
стойкий,0,0,0,0,0,0,1,0,0,0
посох,0,0,0,0,0,1,0,0,0,0
остаться,0,0,0,0,0,0,0,0,0,0
остался,0,0,0,0,0,0,0,0,0,0
остается,0,0,0,0,0,0,0,0,0,0
вместо,0,0,0,0,0,0,0,0,0,0
стойкий,0,0,0,0,0,0,1,0,0,1
устойчивый,0,0,0,0,0,0,0,0,1,1
воровать,1,0,0,1,0,1,0,1,0,0
воровство,0,0,1,1,0,1,0,0,0,0
скрытность,0,0,0,0,0,0,0,0,1,0
украдкой,0,0,0,0,0,0,0,0,1,0
скрытный,0,1,0,1,0,1,0,0,1,0
пароход,0,0,0,0,0,0,0,0,0,0
пароход,0,0,0,0,0,0,0,0,0,0
каток,0,0,0,0,0,0,0,0,0,0
пароход,0,0,0,0,0,0,0,0,0,0
горячий,0,0,0,0,0,0,0,0,0,0
стали,0,0,0,0,0,0,0,0,0,0
отвесный,0,0,0,0,0,0,0,0,0,0
шпиль,0,0,0,0,0,0,0,0,0,0
управлять,0,0,0,0,0,0,0,0,0,0
звездный,0,0,0,0,0,0,1,0,0,0
корень,0,0,0,0,0,0,0,0,0,0
вонь,0,0,0,0,0,0,0,0,0,0
трафарет,0,0,0,0,0,0,0,0,0,0
шаг,0,0,0,0,0,0,0,0,0,0
степь,0,0,0,0,0,0,0,0,0,0
шаги,0,0,0,0,0,0,0,0,0,0
стереоскопический,0,0,0,0,0,0,0,0,0,0
стереотип,0,0,0,0,0,1,0,0,0,0
стереотипный,0,0,0,0,0,1,0,0,0,0
стерильный,0,0,0,0,0,1,0,1,0,0
бесплодие,0,0,0,0,0,1,0,0,0,0
фунт стерлингов,1,1,0,0,1,1,1,0,0,1
строгий,0,0,0,0,0,1,0,0,0,0
стетоскоп,0,0,0,0,0,0,0,0,0,0
тушить,0,0,0,0,0,0,0,0,0,0
стюард,0,0,0,0,0,0,1,0,0,1
управление,0,0,0,0,0,0,0,0,0,0
палка,0,0,0,0,0,0,0,0,0,0
прилипание,0,0,0,0,0,0,0,0,0,0
липкий,0,0,1,0,0,0,0,0,0,0
жесткий,0,0,0,0,0,1,0,0,0,0
напрягаться,0,0,0,0,0,0,0,0,0,0
жесткость,0,0,0,0,0,1,0,0,0,0
душить,0,0,0,0,0,1,0,0,0,0
задушенный,1,0,0,1,0,1,0,1,0,0
душный,0,0,0,0,0,0,0,0,0,0
клеймо,1,0,1,1,0,1,0,1,0,0
стиль,0,0,0,0,0,0,0,0,0,0
стилет,0,0,0,0,0,0,0,0,0,0
мертворожденный,0,0,0,0,0,1,0,1,0,0
неподвижность,0,0,0,1,0,0,1,1,0,0
ходули,0,0,0,0,0,0,0,0,0,0
стимулятор,0,0,0,0,0,0,0,0,0,0
стимуляция,0,0,0,0,0,0,0,0,0,0
стимул,0,0,0,0,0,0,0,0,0,0
жало,1,0,0,1,0,1,0,0,0,0
жгучий,0,0,0,0,0,1,0,0,0,0
скупой,1,0,1,1,0,1,0,1,0,0
вонь,0,0,1,0,0,1,0,0,0,0
вонючий,0,0,1,0,0,1,0,0,0,0
ограничение,0,0,0,1,0,1,0,1,0,0
оговорить,0,0,0,0,0,0,0,0,0,0
оговорка,0,0,0,0,0,0,0,0,0,0
размешать,0,0,0,0,0,0,0,0,0,0
перемешивание,0,0,0,0,0,0,0,0,0,0
стежок,0,0,0,0,0,0,0,0,0,0
запас,0,0,0,0,0,0,0,0,0,0
биржевой маклер,0,0,0,0,0,0,0,0,0,0
чулок,0,0,0,0,0,0,0,0,0,0
акции,0,0,0,0,0,1,0,0,0,0
украл,0,0,0,0,0,0,0,0,0,0
украденный,1,0,0,0,0,1,0,0,0,0
желудок,0,0,1,0,0,0,0,0,0,0
камень,1,0,0,0,0,1,0,0,0,0
побитый камнями,0,0,0,0,0,1,0,0,0,0
керамика,0,0,0,0,0,0,0,0,0,0
каменистый,0,0,0,0,0,0,0,0,0,0
табуретка,0,0,0,0,0,0,0,0,0,0
табуретки,0,0,1,0,0,1,0,0,0,0
сутулиться,0,0,0,0,0,0,0,0,0,0
остановка,0,0,0,0,0,0,0,0,0,0
остановка,0,0,0,0,0,1,0,0,0,0
пробка,0,0,0,0,0,0,0,0,0,0
остановка,0,0,0,0,0,0,0,0,0,0
секундомер,0,0,0,0,0,0,0,0,0,0
хранилище,0,0,0,0,0,0,0,0,0,0
хранить,0,1,0,0,0,0,1,0,0,0
склад,0,0,0,0,0,0,0,0,0,0
хранение,0,0,0,0,0,0,0,0,0,0
буря,1,0,0,0,0,1,0,0,0,0
штурм,1,0,0,0,0,0,0,0,0,0
бурный,0,0,0,1,0,1,0,0,0,0
история,0,0,0,0,0,0,0,0,0,0
толстый,0,0,0,0,0,0,0,0,0,0
печь,0,0,0,0,0,0,0,0,0,0
укладывать,0,0,0,0,0,0,0,0,0,0
оседлать,0,0,0,0,0,0,0,0,0,0
выпрямить,0,0,0,0,0,0,0,0,0,0
простой,0,0,0,0,0,0,1,0,0,1
сразу,0,0,0,0,0,0,0,0,0,0
напряженный,1,0,0,0,0,1,0,0,0,0
пролив,0,0,0,0,0,0,0,0,0,0
проливы,0,0,0,1,0,1,0,0,0,0
прядь,0,0,0,0,0,0,0,0,0,0
застрявший,0,0,0,0,0,1,0,0,0,0
незнакомец,0,0,0,1,0,1,0,0,0,0
задушить,1,0,1,1,0,1,0,1,1,0
ремень,0,0,0,0,0,0,0,0,0,0
обвязка,0,0,0,0,0,0,0,0,0,0
слои,0,0,0,0,0,0,0,0,0,0
стратегический,0,0,0,0,0,0,1,0,0,0
стратег,0,1,0,0,0,0,1,0,0,1
стратегия,0,0,0,0,0,0,0,0,0,0
расслоение,0,0,0,0,0,0,0,0,0,0
слой,0,0,0,0,0,0,0,0,0,0
слоистый,0,0,0,0,0,0,0,0,0,0
солома,0,0,0,0,0,0,0,0,0,0
бродить,0,0,0,0,0,1,0,0,0,0
полоса,0,0,0,0,0,0,0,0,0,0
полосатый,0,0,0,0,0,0,0,0,0,0
ручей,0,0,0,0,0,0,0,0,0,0
стример,0,0,0,0,0,0,0,0,0,0
потоковое,0,0,0,0,0,0,0,0,0,0
улица,0,0,0,0,0,0,0,0,0,0
прочность,0,0,0,0,0,0,1,0,0,1
укреплять,0,0,0,0,0,0,1,0,0,0
укрепление,0,0,0,0,1,0,1,0,0,1
напряженный,0,0,0,0,0,0,0,0,0,0
стресс,0,0,0,0,0,1,0,0,0,0
протяжение,0,0,0,0,0,0,0,0,0,0
носилки,0,0,0,1,0,0,0,1,0,0
пораженный,0,0,0,0,0,0,0,1,0,0
шаг,0,0,0,0,0,0,0,0,0,0
раздор,1,0,0,0,0,1,0,0,0,0
забастовка,1,0,0,0,0,1,0,0,0,0
поразительный,0,0,0,0,0,0,1,0,0,0
поразительно,0,0,0,0,0,0,1,0,0,0
нить,0,0,0,0,0,0,0,0,0,0
жилистый,0,0,0,0,0,0,0,0,0,0
полоска,0,0,0,0,0,1,0,1,0,0
полоса,0,0,0,0,0,1,0,0,0,0
раздетый,1,1,1,1,0,1,0,1,0,0
стремиться,0,1,0,0,0,0,0,0,0,0
стробоскоп,0,0,0,0,0,0,0,0,0,0
Инсульт,0,0,0,1,0,1,0,1,0,0
прогулка,0,0,0,0,0,0,0,0,0,0
крепость,0,0,0,0,0,0,0,0,0,0
сильно,0,0,0,0,0,0,1,0,0,0
структурный,0,0,0,0,0,0,0,0,0,1
структура,0,0,0,0,0,0,1,0,0,1
борьба,1,0,0,1,0,1,0,1,0,0
распорка,0,0,0,0,0,1,0,0,0,0
щетина,0,0,0,0,0,0,0,0,0,0
упрямство,0,0,0,0,0,0,0,0,0,0
коротенький,0,0,0,0,0,0,0,0,0,0
лепнина,0,0,0,0,0,0,0,0,0,0
застрявший,0,0,0,0,0,0,0,0,0,0
шпилька,0,0,0,0,0,0,1,0,0,0
шипованный,0,0,0,0,0,0,0,0,0,0
ученик,0,0,0,0,0,0,0,0,0,0
учился,0,0,0,0,0,0,0,0,0,0
студия,0,0,0,0,0,0,0,0,0,0
исследование,0,0,0,0,0,0,1,0,0,0
вещи,0,0,0,0,0,0,0,0,0,0
начинка,0,0,0,0,0,0,0,0,0,0
душно,0,0,0,0,0,1,0,0,0,0
спотыкаться,0,0,0,0,0,1,0,0,0,0
пень,0,0,0,0,0,0,0,0,0,0
ошеломленный,0,0,0,1,0,1,0,0,1,0
трюк,0,0,0,0,0,0,0,0,0,0
чахлый,0,0,0,0,0,1,0,0,0,0
изумительный,0,0,0,0,0,0,0,0,0,0
глупый,0,0,0,0,0,1,0,0,0,0
глупость,0,0,0,0,0,1,0,0,0,0
ступор,0,0,0,0,0,1,0,0,0,0
крепкий,0,0,0,0,0,0,1,0,0,0
осетр,0,0,0,0,0,0,0,0,0,0
заикаться,0,0,0,0,0,0,0,0,0,0
свинарник,0,0,1,0,0,1,0,0,0,0
стиль,0,0,0,0,0,0,0,0,0,0
стильный,0,0,0,0,0,0,0,0,0,0
субатомный,0,0,0,0,0,0,0,0,0,0
подкомитет,0,0,0,0,0,0,0,0,0,0
подсознание,0,0,0,0,0,0,0,0,0,0
подкожный,0,0,0,0,0,0,0,0,0,0
подразделять,0,0,0,0,0,0,0,0,0,0
подразделение,0,0,0,0,0,0,0,0,0,0
субдукция,0,0,0,0,0,0,0,0,0,0
подчинять,0,0,0,0,0,1,0,0,0,0
подавленный,0,0,0,0,0,0,0,0,0,0
субито,0,0,0,0,0,0,0,0,1,0
предмет,0,0,0,0,0,1,0,0,0,0
подвергается,0,0,0,0,0,1,0,1,0,0
подчинение,0,0,0,0,0,1,0,0,0,0
субъективный,0,0,0,0,0,0,0,0,0,0
подчинение,1,0,1,1,0,1,0,1,0,0
сублимация,0,0,0,0,1,0,1,0,0,0
подсознательный,0,0,0,0,0,0,0,0,0,0
подводная лодка,0,0,0,0,0,0,0,0,0,0
погруженный,0,0,0,0,0,0,0,0,0,0
погружной,0,0,0,0,0,0,0,0,0,0
подчинение,0,0,0,0,0,0,0,0,0,0
Разместить,0,1,0,0,0,0,0,0,0,0
подчиненный,0,0,0,1,0,1,0,0,0,0
подчинение,0,0,0,0,0,0,0,0,0,0
подсюжет,0,0,0,0,0,0,0,0,0,0
повестка в суд,0,0,0,0,0,1,0,0,0,0
подписываться,0,1,0,0,0,0,0,0,0,0
подписка,0,0,0,0,0,0,0,0,0,0
последующая последовательность,0,0,0,0,0,0,0,0,0,0
последующий,0,0,0,0,0,0,0,0,0,0
впоследствии,0,0,0,0,0,0,0,0,0,0
подмножество,0,0,0,0,0,0,0,0,0,0
стихать,0,0,0,0,0,0,0,0,0,0
опускание,0,0,0,0,0,1,0,1,0,0
дочернее предприятие,0,0,0,0,0,0,0,0,0,0
субсидировать,0,0,0,0,0,0,0,0,0,0
субсидия,1,0,1,0,0,1,0,0,0,0
существовать,0,0,0,0,0,1,0,0,0,0
пропитание,0,0,0,0,0,0,0,0,0,0
недра,0,0,0,0,0,0,0,0,0,0
вещество,0,0,0,0,0,0,1,0,0,0
существенно,0,0,0,0,0,0,0,0,0,0
обосновать,0,0,0,0,0,0,0,0,0,1
существенный,0,0,0,0,0,0,1,0,0,0
заменять,0,0,0,0,0,0,0,0,0,0
замененный,0,0,0,0,0,0,0,0,0,0
замена,0,0,0,0,0,0,0,0,0,0
подструктура,0,0,0,0,0,0,0,0,0,0
подземный,0,0,0,0,0,0,0,0,0,0
тонкий,0,0,0,0,0,0,0,0,0,0
тонкость,0,0,0,0,0,0,0,0,0,0
вычесть,0,0,0,0,0,1,0,0,0,0
вычитание,0,0,0,0,0,0,0,0,0,0
подтип,0,0,0,0,0,0,0,0,0,0
пригород,0,0,0,0,0,0,0,0,0,0
пригородный,0,0,0,0,0,0,0,0,0,0
пригород,0,0,0,0,0,0,0,0,0,0
подрывная деятельность,1,0,0,1,0,1,0,0,0,0
подрывной,1,0,0,0,0,1,0,0,1,0
ниспровергать,0,0,1,1,0,1,0,1,0,0
метро,0,0,0,0,0,0,0,0,0,0
преуспеть,0,1,0,0,1,0,1,0,1,1
преуспевающий,0,1,0,0,1,0,1,0,0,1
успех,0,1,0,0,1,0,1,0,0,0
успешный,0,1,0,0,1,0,1,0,0,1
правопреемство,0,0,0,0,0,0,0,0,0,0
последовательный,0,0,0,0,0,0,0,0,0,0
преемник,0,0,0,0,0,0,0,0,0,0
краткий,0,0,0,0,0,0,1,0,0,0
сочный,0,0,0,0,0,1,1,0,0,0
поддаваться,0,0,0,0,0,1,0,0,0,0
сосать,0,0,0,0,0,1,0,0,0,0
лох,1,0,0,0,0,1,0,0,0,0
сосание,0,0,0,0,0,0,0,0,0,0
кормление грудью,0,0,0,0,0,0,0,0,0,0
всасывание,0,0,0,0,0,0,0,0,0,0
внезапный,0,0,0,0,0,0,0,0,1,0
"вдруг, внезапно",0,0,0,0,0,0,0,0,1,0
Сью,1,0,0,0,0,1,0,1,0,0
страдать,0,0,0,0,0,1,0,0,0,0
страдалец,0,0,0,1,0,1,0,1,0,0
страдания,0,0,1,1,0,1,0,1,0,0
достаточно,0,0,0,0,0,0,0,0,0,0
достаточность,0,0,0,0,0,0,1,0,0,0
достаточный,0,0,0,0,0,0,0,0,0,0
достаточно,0,0,0,0,0,0,0,0,0,0
суффикс,0,0,0,0,0,0,0,0,0,0
удушающий,0,0,1,1,0,1,0,1,0,0
удушье,1,0,0,1,0,1,0,0,0,0
сахар,0,0,0,0,0,0,1,0,0,0
предложить,0,0,0,0,0,0,0,0,0,1
предложение,0,0,0,0,0,0,0,0,0,0
наводящий на размышления,0,0,0,0,0,0,0,0,0,0
самоубийственный,1,0,1,1,0,1,0,1,0,0
самоубийство,1,0,0,1,0,1,0,1,0,0
подходить,0,0,0,0,0,0,0,0,0,0
подходящее,0,0,0,0,0,0,1,0,0,0
люкс,0,0,0,0,0,0,0,0,0,0
жених,0,0,0,0,0,0,0,0,0,0
угрюмый,1,0,0,0,0,1,0,1,0,0
сера,0,0,0,0,0,0,0,0,0,0
султан,0,0,0,1,0,0,0,0,0,0
знойный,0,0,0,0,0,0,1,0,0,0
сумма,0,0,0,0,0,0,0,0,0,0
вкратце,0,0,0,0,0,0,0,0,0,0
подвести итог,0,0,0,0,0,0,0,0,0,0
резюме,0,0,0,0,0,0,0,0,0,0
суммирование,0,0,0,0,0,0,0,0,0,0
лето,0,0,0,0,0,0,0,0,0,0
вершина,0,0,0,0,0,0,0,0,0,0
вызывать,0,0,0,0,0,0,0,0,0,0
вызов,0,0,0,0,0,1,0,0,0,0
сумо,0,0,0,0,0,0,0,0,0,0
отстойник,0,0,1,0,0,0,0,0,0,0
роскошный,0,0,0,0,0,0,0,0,0,0
солнце,0,1,0,0,1,0,1,0,1,1
Солнечный луч,0,0,0,0,0,0,0,0,0,0
солнечные часы,0,1,0,0,0,0,0,0,0,1
закат,0,0,0,0,0,0,0,0,0,0
всякая всячина,0,0,0,0,0,0,0,0,0,0
солнцезащитные очки,0,0,0,0,0,0,0,0,0,0
солнечные очки,0,0,0,0,0,0,0,0,0,0
затонул,0,0,1,1,0,1,0,1,0,0
без солнца,0,0,0,0,0,0,0,0,0,0
Солнечный лучик,0,0,0,0,0,0,0,0,0,0
солнечно,0,1,0,0,1,0,1,0,1,0
Восход солнца,0,0,0,0,0,0,0,0,0,0
закат солнца,0,1,0,0,0,0,1,0,0,0
Солнечный свет,0,0,0,0,1,0,1,0,0,0
пенсионный возраст,0,0,0,0,0,0,0,0,0,0
превосходный,0,0,0,0,0,0,1,0,0,0
поверхностный,0,0,0,0,0,1,0,0,0,0
лишний,0,0,0,0,0,1,0,0,0,0
сверхчеловеческий,0,0,0,0,0,0,1,0,0,0
наложенный,0,0,0,0,0,0,0,0,0,0
суперинтендант,0,0,0,0,0,0,0,0,0,0
начальство,0,0,0,0,0,0,1,0,0,0
превосходство,0,0,0,0,0,0,1,0,0,0
превосходная степень,0,0,0,0,0,0,0,0,0,0
супермен,0,0,0,0,1,0,1,0,0,1
супермаркет,0,0,0,0,0,0,0,0,0,0
супернатант,0,0,0,0,0,0,0,0,0,0
сверхъестественное,0,0,0,0,0,0,0,0,0,0
суперпозиция,0,0,0,0,0,0,0,0,0,0
заменять,0,0,0,0,0,0,0,0,0,0
супер звезда,0,0,0,0,1,0,1,0,0,1
суеверие,0,0,0,1,0,1,1,0,0,0
суеверный,0,1,0,1,0,1,0,0,0,0
контролировать,0,0,0,0,0,0,0,0,0,0
надзор,0,0,0,0,0,0,0,0,0,0
руководитель,0,0,0,0,0,0,0,0,0,0
ужин,0,0,0,0,0,0,0,0,0,0
вытеснять,0,0,0,0,0,0,0,0,0,0
гибкий,0,0,0,0,0,0,0,0,0,0
добавка,0,0,0,0,0,0,0,0,0,0
дополнительный,0,0,0,0,0,0,0,0,0,0
дополнительный,0,0,0,0,0,0,0,0,0,0
мольба,0,0,0,0,0,0,1,0,0,1
запасы,0,0,0,0,0,0,1,0,0,0
поставлять,0,0,0,0,0,0,1,0,0,0
поддерживается,0,0,0,0,0,0,1,0,0,0
сторонник,0,0,0,0,1,0,1,0,0,1
сторонники,0,0,0,0,0,0,0,0,0,0
поддержка,0,0,0,0,0,0,1,0,0,1
предполагать,0,0,0,0,0,0,0,0,0,0
полагая,0,0,0,0,0,0,0,0,0,0
предположение,0,0,0,0,0,0,0,0,0,0
подавлять,1,0,0,1,0,1,0,1,0,0
подавление,1,0,1,1,0,1,0,0,0,0
превосходство,1,1,0,1,1,1,1,0,1,1
верховный,0,0,0,0,0,0,1,0,0,0
в высшей степени,0,0,0,0,0,0,1,0,0,0
доплата,1,0,0,0,0,1,0,0,0,0
поручительство,0,0,0,0,0,0,1,0,0,1
прибой,0,0,0,0,0,0,0,0,0,0
поверхность,0,0,0,0,0,0,0,0,0,0
всплеск,0,0,0,0,0,0,0,0,1,0
хирург,0,0,0,0,0,0,0,0,0,0
операция,0,0,0,1,0,0,0,1,0,0
угрюмый,1,0,1,0,0,1,0,0,0,0
догадываться,0,0,0,0,0,0,1,0,0,0
фамилия,0,0,0,0,0,0,0,0,0,0
превосходящий,0,0,0,0,0,0,1,0,0,0
излишек,0,0,0,0,0,0,0,0,0,0
сюрприз,0,0,0,1,1,0,1,0,1,0
удивлен,0,0,0,0,0,0,0,0,1,0
удивительный,0,0,0,0,0,0,0,0,1,0
удивительно,0,1,0,0,0,0,0,0,1,0
сдаваться,0,0,0,1,0,1,0,1,0,0
капитуляция,0,0,0,0,0,1,0,1,0,0
суррогат,0,0,0,0,0,0,0,0,0,1
окружать,0,1,0,0,0,1,1,0,0,0
окружающий,0,0,0,0,0,0,0,0,0,0
окрестности,0,0,0,0,0,0,0,0,0,0
наблюдение,0,0,0,1,0,0,0,0,0,0
опрос,0,0,0,0,0,0,0,0,0,0
геодезия,0,0,0,0,0,0,1,0,0,0
геодезист,0,0,0,0,0,0,0,0,0,0
выживание,0,0,0,0,0,0,0,0,0,0
выживать,0,0,0,0,0,0,1,0,0,0
выживший,0,0,0,0,0,0,0,0,0,0
восприимчивость,0,0,0,0,0,0,0,0,0,0
восприимчивый,0,0,0,0,0,1,0,0,0,0
подозревать,0,0,0,1,0,1,0,0,0,0
подозреваемый,0,0,0,0,0,0,0,0,0,0
приостановить,0,0,0,0,0,0,0,0,0,0
приостановленный,0,0,0,0,0,0,0,0,0,0
подтяжки,0,0,0,0,0,0,0,0,0,0
неизвестность,0,1,0,1,0,0,0,0,1,0
приостановка,0,0,0,1,0,1,0,0,0,0
подозрение,0,0,0,1,0,1,0,0,0,0
подозрения,0,0,0,0,0,0,0,0,0,0
подозрительный,1,1,0,0,0,1,0,0,0,0
устойчивый,0,0,0,0,0,0,0,0,0,0
пропитание,0,0,0,0,0,0,0,0,0,0
шов,0,0,0,0,0,0,0,0,0,0
тампон,0,0,0,0,0,1,0,0,0,0
раскачиваться,0,0,0,0,0,0,0,0,0,0
чванство,0,0,0,0,0,0,0,0,0,0
глотать,0,0,0,0,0,0,0,0,0,0
болото,0,0,1,1,0,1,0,0,0,0
заболоченный,0,0,0,0,0,0,0,0,0,0
болотистый,0,0,1,1,0,1,0,0,0,0
лебедь,0,0,0,0,0,0,0,0,0,0
менять,0,0,0,0,0,0,0,0,0,0
рой,0,0,1,0,0,0,0,0,0,0
роящийся,0,0,0,0,0,0,0,0,0,0
свастика,1,0,0,1,0,1,0,0,0,0
качаться,0,0,0,0,0,0,0,0,0,0
ругаться,0,0,0,0,0,0,1,0,0,1
клятва,0,0,0,0,0,0,0,0,0,0
пот,0,0,0,1,0,0,0,0,0,0
свитер,0,0,0,0,0,0,0,0,0,0
потливость,0,0,0,0,0,0,0,0,0,0
подметать,0,0,0,0,0,0,0,0,0,0
подметание,0,0,0,0,0,0,0,0,0,0
сладкий,0,1,0,0,1,0,1,0,1,1
подсластить,0,0,0,0,0,0,0,0,0,0
подслащенный,0,0,0,0,0,0,0,0,0,0
подсластитель,0,0,0,0,0,0,0,0,0,0
дорогой,0,1,0,0,1,0,1,1,0,1
милый,0,0,0,0,0,0,1,0,0,0
сладость,0,0,0,0,0,0,1,0,0,0
сладости,0,1,0,0,1,0,1,0,0,0
опухать,0,0,0,0,0,0,0,0,0,0
припухлость,0,0,0,1,0,1,0,0,0,0
душный,0,0,0,0,0,0,0,0,0,0
отклоняться,0,0,0,1,0,0,0,0,1,0
быстрый,0,0,0,0,0,0,1,0,0,0
быстро,0,0,0,0,0,0,0,0,0,0
глоток,0,0,1,0,0,1,0,0,0,0
плавать,0,1,0,1,1,0,1,0,0,0
плавание,0,0,0,0,0,0,0,0,0,0
свинья,0,0,1,0,0,1,0,0,0,0
качать,0,0,0,0,0,0,0,0,0,0
качается,0,0,0,0,0,0,0,0,0,0
взмах,0,0,0,0,0,0,0,0,0,0
выключатель,0,0,0,0,0,0,0,0,0,0
поворотный,0,0,0,0,0,0,0,0,0,0
вздутый,0,0,0,0,0,1,0,0,0,0
обморок,0,0,0,0,0,0,0,0,0,0
налетать,0,0,0,0,0,0,0,0,0,0
меч,0,0,0,0,0,0,0,0,0,0
слог,0,0,0,0,0,0,0,0,0,0
учебный план,0,0,0,0,0,0,0,0,0,0
символ,0,0,0,0,0,0,0,0,0,0
символический,0,0,0,0,0,0,1,0,0,0
символически,0,0,0,0,0,0,0,0,0,0
символизм,0,0,0,0,0,0,0,0,0,0
символизировать,0,0,0,0,0,0,0,0,0,0
симметричный,0,0,0,0,0,0,0,0,0,0
симметричный,0,0,0,0,0,0,1,0,0,0
симметрия,0,0,0,0,1,0,1,0,0,1
симпатичный,0,0,0,1,1,0,1,1,0,1
сочувствовать,0,0,0,0,0,0,0,1,0,0
сочувствие,0,0,0,0,0,0,1,1,0,0
симфония,0,1,0,0,1,0,1,0,0,0
симптом,0,0,0,0,0,1,0,0,0,0
симптоматический,0,0,0,0,0,0,0,0,0,0
синагога,0,0,0,0,0,0,0,0,0,0
синхронизировать,0,1,0,0,1,0,1,0,1,1
синхронный,0,0,0,0,0,0,0,0,0,0
обморок,0,0,0,1,0,1,0,1,1,0
синдикат,0,0,0,0,0,0,0,0,0,0
синергетический,0,0,0,0,0,0,1,0,0,1
синергия,0,0,0,0,0,0,0,0,0,0
синод,0,0,0,0,0,0,1,0,0,1
синоним,0,0,0,0,0,0,0,0,0,0
синонимичный,0,0,0,1,0,1,1,0,0,1
синопсис,0,0,0,0,0,0,0,0,0,0
синоптический,0,0,0,0,0,0,0,0,0,0
синтаксис,0,0,0,0,0,0,0,0,0,0
синтез,0,0,0,0,0,0,0,0,0,0
синтетический,0,0,0,0,0,0,0,0,0,0
шприц,0,0,0,1,0,0,0,0,0,0
сироп,0,0,0,0,0,0,0,0,0,0
система,0,0,0,0,0,0,0,0,0,1
систематический,0,0,0,0,0,0,0,0,0,0
систематически,0,0,0,0,0,0,0,0,0,0
полосатый,0,0,0,0,0,0,0,0,0,0
скиния,0,0,0,0,0,0,0,0,0,0
стол,0,0,0,0,0,0,0,0,0,0
картина,0,0,0,0,0,0,0,0,0,0
столовая ложка,0,0,0,0,0,0,0,0,0,0
планшет,0,0,0,0,0,0,0,0,0,0
посуда,0,0,0,0,0,0,0,0,0,0
табу,0,0,1,1,0,1,0,0,0,0
табличный,0,0,0,0,0,0,0,0,0,0
табулировать,0,1,0,0,0,0,0,0,0,0
подведение итогов,0,0,0,0,0,0,0,0,0,0
тахометр,0,0,0,0,0,0,0,0,0,0
молчаливый,0,0,0,0,0,0,0,0,0,0
лавировать,0,0,0,0,0,0,0,0,0,0
снасти,1,0,0,0,0,0,0,0,1,0
борьба,0,0,0,0,0,0,0,0,0,0
безвкусный,0,0,0,0,0,0,0,0,0,0
такт,0,0,0,0,0,0,1,0,0,0
тактика,0,0,0,1,0,0,0,0,0,1
тактильный,0,0,0,0,0,0,0,0,0,0
тафта,0,0,0,0,0,0,0,0,0,0
ириска,0,0,0,0,0,0,0,0,0,0
ярлык,0,0,0,0,0,0,0,0,0,0
хвост,0,0,0,0,0,0,0,0,0,0
хвостатый,0,0,0,0,0,0,0,0,0,0
хвосты,0,0,0,0,0,0,0,0,0,0
портной,0,0,0,0,0,0,0,0,0,0
портняжное дело,0,0,0,0,0,0,0,0,0,0
портить,0,0,0,0,0,1,0,1,0,0
берущий,0,0,0,0,0,0,0,0,0,0
сказка,0,0,0,0,0,0,1,0,0,0
талант,0,0,0,0,0,0,1,0,0,0
талантливый,0,0,0,0,0,0,0,0,0,0
талисман,0,0,0,0,0,0,1,0,0,0
разговаривать,0,0,0,0,0,0,1,0,0,0
разговорчивый,0,0,0,0,0,0,0,0,0,0
болтун,0,0,0,0,0,0,0,0,0,0
высокий,0,0,0,0,0,0,0,0,0,0
подсчеты,0,0,0,0,0,0,0,0,0,0
жир,0,0,0,0,0,0,0,0,0,0
подсчитывать,0,0,0,0,0,0,0,0,0,0
когти,1,0,0,1,0,1,0,0,0,0
бубен,0,0,0,0,0,0,0,0,0,0
укрощение,0,0,0,0,0,0,0,0,0,0
загар,0,0,0,0,0,0,0,0,0,0
тандем,0,0,0,0,0,0,0,0,0,1
сильный запах,0,0,0,0,0,0,0,0,0,0
касательная,0,0,0,0,0,0,0,0,0,0
клубок,0,0,0,0,0,0,0,0,0,0
запутанный,0,0,0,0,0,1,0,0,0,0
бак,0,0,0,0,0,0,0,0,0,0
загорелый,0,0,0,0,0,0,1,0,0,0
дразнящий,0,1,0,0,1,1,1,0,1,0
равносильно,0,0,0,0,0,0,0,0,0,1
нажмите,0,0,0,0,0,0,0,0,0,0
лента,0,0,0,0,0,0,0,0,0,0
конусность,0,0,0,0,0,0,0,0,0,0
сужение,0,0,0,0,0,0,0,0,0,0
гобелен,0,0,0,0,0,0,0,0,0,0
смола,0,0,0,0,0,0,0,0,0,0
опоздание,0,0,0,0,0,1,0,0,0,0
опоздавший,0,0,0,0,0,1,0,0,0,0
цель,0,0,0,0,0,0,0,0,0,0
тариф,1,0,1,0,0,1,0,0,0,0
тускнеть,0,0,1,0,0,1,0,1,0,0
медлить,0,0,0,0,0,1,0,0,0,0
пирог,0,0,0,0,0,0,0,0,0,0
шотландка,0,0,0,0,0,0,0,0,0,0
татарский камень,0,0,0,0,0,0,0,0,0,0
задача,0,0,0,0,0,0,1,0,0,0
кисточка,0,0,0,0,0,0,0,0,0,0
вкус,0,0,0,0,0,0,0,0,0,0
со вкусом,0,0,0,0,0,0,1,0,0,0
безвкусный,0,0,1,0,0,1,0,0,0,0
дегустация,0,0,0,0,0,0,0,0,0,0
вкусно,0,0,0,0,0,0,1,0,0,0
тату,0,0,0,0,0,0,0,0,0,0
тату,0,0,0,0,0,0,0,0,0,0
учил,0,0,0,0,0,0,0,0,0,1
дразнить,1,0,0,1,0,1,0,1,0,0
тугой,0,0,0,0,0,0,0,0,0,0
таверна,0,0,0,0,0,0,0,0,0,0
рыжевато-коричневый,0,0,1,0,0,0,0,0,0,0
налог,0,0,0,0,0,1,0,1,0,0
такси,0,0,0,0,0,0,0,0,0,0
таксономия,0,0,0,0,0,0,0,0,0,0
чай,0,0,0,0,0,0,0,0,0,0
учить,0,0,0,0,1,0,1,0,1,1
учитель,0,0,0,0,0,0,1,0,0,1
обучение,0,0,0,0,0,0,0,0,0,0
команда,0,0,0,0,0,0,0,0,0,1
слезливый,0,0,1,1,0,0,0,1,0,0
дразнить,1,1,0,0,0,1,0,1,0,0
тизер,0,0,0,0,0,0,0,0,0,0
поддразнивания,1,0,0,1,0,1,0,0,0,0
сосок,0,0,0,0,0,0,0,0,0,0
технический,0,0,0,0,0,0,0,0,0,0
техничность,0,0,0,0,0,0,0,0,0,0
техник,0,0,0,0,0,0,0,0,0,0
технологии,0,0,0,0,0,0,1,0,0,0
Тед,0,0,0,0,0,0,0,0,0,0
скучный,0,0,0,0,0,1,0,0,0,0
скука,0,0,0,0,0,1,0,0,0,0
изобилующий,0,0,1,0,0,0,0,0,0,0
тинейджеры,0,0,0,0,0,1,1,0,0,0
зубы,0,0,0,0,0,0,0,0,0,0
тефлон,0,0,0,0,0,0,0,0,0,0
телеграмма,0,0,0,0,0,0,0,0,0,0
телеграф,0,0,0,0,0,0,0,0,0,0
телефон,0,0,0,0,0,0,0,0,0,0
телескоп,0,0,0,0,0,0,0,0,0,0
телескопический,0,0,0,0,0,0,0,0,0,0
телевидение,0,0,0,0,0,0,0,0,0,0
кассир,0,0,0,0,0,0,0,0,0,0
говорящий,0,0,0,0,0,0,0,0,0,0
предатель,0,0,0,0,0,0,0,0,0,0
характер,0,0,0,0,0,0,0,0,0,0
темпера,0,0,0,0,0,0,0,0,0,0
темперамент,0,0,0,0,0,0,0,0,0,0
умеренность,0,0,0,0,0,0,1,0,0,0
умеренный,0,0,0,0,0,0,0,0,0,1
температура,0,0,0,0,0,0,0,0,0,0
закаленный,0,0,0,0,0,0,1,0,0,0
буря,1,1,0,1,0,1,0,1,1,0
храм,0,0,0,0,0,0,0,0,0,0
временной,0,0,0,0,0,0,0,0,0,0
временно,0,0,0,0,0,0,0,0,0,0
временный,0,0,0,0,0,0,0,0,0,0
искушать,0,0,0,0,0,0,0,0,0,0
искушение,0,0,0,0,0,1,0,0,0,0
соблазнительный,0,0,0,0,0,0,0,0,0,0
10,0,0,0,0,0,0,0,0,0,0
разумный,0,0,0,0,0,0,1,0,0,0
цепкий,0,0,0,0,0,0,1,0,0,0
упорство,0,0,0,0,0,0,1,0,0,0
аренда,0,0,0,0,0,0,1,0,0,0
жилец,0,0,0,0,0,0,1,0,0,0
тенденция,0,0,0,0,0,0,0,0,0,0
тендер,0,0,0,0,1,0,1,0,0,1
нежность,0,0,0,0,1,0,1,0,0,0
уход,0,0,0,0,0,0,0,0,0,0
сухожилие,0,0,0,0,0,0,0,0,0,0
многоквартирный дом,0,0,0,0,0,1,0,0,0,0
догмат,0,0,0,0,0,0,0,0,0,0
принципы,0,0,0,0,0,0,0,0,0,0
десятикратный,0,0,0,0,0,0,0,0,0,0
большой теннис,0,0,0,0,0,0,0,0,0,0
напряженный,0,0,0,0,0,0,0,0,0,0
растяжимый,0,0,0,0,0,0,0,0,0,0
напряжение,1,0,0,0,0,0,0,0,0,0
палатка,0,0,0,0,0,0,0,0,0,0
щупальце,0,0,0,0,0,0,0,0,0,0
пробный,0,0,0,0,0,0,0,0,0,0
десятый,0,0,0,0,0,0,0,0,0,0
десятые доли,0,0,0,0,0,0,0,0,0,0
тонкий,0,0,0,0,0,0,0,0,0,0
пребывание в должности,0,0,0,0,0,0,0,0,0,0
прохладный,0,0,0,0,0,0,0,0,0,0
срок,0,0,0,0,0,0,0,0,0,0
Терминал,0,0,0,1,0,1,0,1,0,0
прекращать,0,0,0,0,0,0,0,1,0,0
прекращение,0,0,0,0,0,1,0,1,0,0
конечная остановка,0,0,0,0,0,0,0,0,0,0
термит,0,0,1,0,0,1,0,0,0,0
условия,0,0,0,0,0,0,0,0,0,0
крачка,0,0,0,0,0,0,0,0,0,0
троичный,0,0,0,0,0,0,0,0,0,0
терраса,0,0,0,0,0,0,0,0,0,0
земной,0,0,0,0,0,0,0,0,0,0
ужасный,1,0,1,1,0,1,0,1,0,0
ужасно,0,0,0,0,0,0,0,1,0,0
терьер,0,0,0,0,0,0,0,0,0,0
потрясающий,0,0,0,0,0,0,0,1,0,0
территориальный,0,0,0,0,0,0,0,0,0,0
территория,0,0,0,0,0,0,0,0,0,0
ужас,0,0,0,1,0,1,0,0,0,0
терроризм,1,0,1,1,0,1,0,1,0,0
террорист,1,0,1,1,0,1,0,1,1,0
терроризировать,1,0,0,1,0,1,0,1,0,0
краткий,0,0,0,0,0,0,0,0,0,0
третичный,0,0,0,0,0,0,0,0,0,0
тест,0,0,0,0,0,0,0,0,0,0
завещание,0,1,0,0,0,0,0,0,0,1
свидетельствовать,0,0,0,0,0,0,0,0,0,0
свидетельство,0,0,0,0,0,0,0,0,0,0
показания,0,0,0,0,0,0,0,0,0,1
столбняк,0,0,1,0,0,1,0,0,0,0
привязывать,0,0,0,0,0,1,0,0,0,0
привязанный,0,0,0,0,0,0,0,0,0,0
тетраэдрический,0,0,0,0,0,0,0,0,0,0
текст,0,0,0,0,0,0,0,0,0,0
учебник,0,0,0,0,0,0,0,0,0,0
текстиль,0,0,0,0,0,0,0,0,0,0
текстурный,0,0,0,0,0,0,0,0,0,0
текстура,0,0,0,0,0,0,0,0,0,0
благодарный,0,0,0,0,1,0,1,0,0,0
благодарение,0,0,0,0,1,0,1,0,0,0
солома,0,0,0,0,0,0,0,0,0,0
оттепель,0,0,0,0,0,0,0,0,0,0
театр,0,0,0,0,0,0,0,0,0,0
театральный,0,0,0,0,0,0,0,0,0,0
кража,1,0,1,1,0,1,0,1,0,0
теизм,0,0,1,0,0,1,0,0,0,0
теистический,0,0,0,0,0,0,0,0,0,0
тема,0,0,0,0,0,0,0,0,0,0
теократия,0,0,0,0,0,0,0,0,0,0
теократический,1,0,0,1,0,1,0,1,0,1
богослов,0,0,0,0,0,0,0,0,0,0
богословский,0,0,0,0,0,0,0,0,0,1
богословие,0,1,0,0,0,0,0,0,0,0
теорема,0,0,0,0,0,0,0,0,0,1
теоретический,0,0,0,0,0,0,1,0,0,0
теория,0,1,0,0,0,0,0,0,0,1
терапевтический,0,0,0,0,1,0,1,0,0,1
терапия,0,0,0,0,0,0,1,0,0,0
поблизости,0,0,0,0,0,0,0,0,0,0
из них,0,0,0,0,0,0,0,0,0,0
при этом,0,0,0,0,0,0,0,0,0,0
тепловой,0,0,0,0,0,0,0,0,0,0
термопара,0,1,0,0,0,0,0,0,0,0
термодинамика,0,0,0,0,0,0,0,0,0,0
термометр,0,0,0,0,0,0,0,0,0,1
термостат,0,0,0,0,0,0,0,0,0,0
тезаурус,0,0,0,0,0,0,0,0,0,0
Тезис,0,0,0,0,0,0,0,0,0,0
толстый,0,0,0,0,0,0,0,0,0,0
сгущаться,0,0,0,0,0,0,0,0,0,0
утолщение,0,0,0,0,0,0,0,0,0,0
заросли,0,0,0,0,0,0,0,0,0,0
толщина,0,0,0,0,0,0,0,0,0,0
вор,1,0,1,1,0,1,0,1,1,0
наперсток,0,0,0,0,0,0,0,0,0,0
тонкий,0,0,0,0,0,0,0,0,0,0
вещь,0,0,0,0,0,0,0,0,0,0
вещи,0,0,0,0,0,0,0,0,0,0
мыслитель,0,0,0,0,0,0,1,0,0,0
мышление,0,0,0,0,0,0,0,0,0,0
трети,0,0,0,0,0,0,0,0,0,0
жажда,0,1,0,0,0,0,0,1,1,0
жаждущий,0,0,0,0,0,1,0,0,0,0
тринадцать,0,0,0,0,0,0,0,0,0,0
тринадцатый,0,0,0,1,0,0,0,0,0,0
чертополох,0,0,0,0,0,0,0,0,0,0
туда,0,0,0,0,0,0,0,0,0,0
стринги,0,0,0,0,0,0,0,0,0,0
шип,0,0,0,0,0,1,0,0,0,0
колючий,0,0,0,1,0,1,0,0,0,0
чистокровный,0,0,0,0,0,0,1,0,0,0
проезд,0,0,0,0,0,0,0,0,0,0
мысль,0,1,0,0,0,0,0,0,0,0
заботливая,0,0,0,0,0,0,1,0,0,1
задумчивость,0,0,0,0,0,0,1,0,0,0
легкомысленный,1,0,1,0,0,1,0,0,0,0
мысли,0,0,0,0,0,0,0,0,0,0
тысяча,0,0,0,0,0,0,0,0,0,0
трэш,1,0,1,1,0,1,0,1,0,0
нить,0,0,0,0,0,0,0,0,0,0
угроза,1,0,0,1,0,1,0,0,0,0
угрожать,1,1,0,1,0,1,0,0,0,0
угрожающий,1,0,1,1,0,1,0,0,0,0
тройственный,0,0,0,0,0,0,0,0,0,0
молотить,1,0,0,1,0,1,0,1,0,0
порог,0,0,0,0,0,0,0,0,0,0
трижды,0,0,0,0,0,0,0,0,0,0
бережливость,0,0,1,0,0,0,1,0,0,1
бережливый,0,0,0,0,0,0,0,0,0,0
трепет,0,1,0,1,1,0,1,0,1,0
захватывающий,0,1,0,0,1,0,1,0,1,0
процветающий,0,1,0,0,1,0,1,0,0,0
горло,0,0,0,0,0,0,0,0,0,0
пульсировать,0,0,0,1,0,1,0,1,0,0
пульсирующий,0,0,0,0,0,0,0,0,0,0
трон,0,0,0,0,0,0,1,0,0,1
толпа,0,0,0,0,0,0,0,0,0,0
дроссель,1,0,0,0,0,1,0,0,0,0
бросать,0,0,0,0,0,0,0,0,0,0
молочница,0,0,0,0,0,0,0,0,0,0
толкать,0,0,0,0,0,0,0,0,0,0
глухой удар,0,0,0,0,0,0,0,0,0,0
головорез,1,0,1,1,0,1,0,0,0,0
большой палец,0,0,0,0,0,0,0,0,0,0
стук,1,0,0,0,0,1,0,0,0,0
стук,0,0,0,1,0,0,0,0,0,0
гром,0,0,0,0,0,0,0,0,0,0
удар молнии,0,0,0,0,0,0,0,0,0,0
гремящий,1,0,0,1,0,1,0,0,0,0
гроза,0,0,0,0,0,0,0,0,0,0
мешать,0,0,0,0,0,1,0,0,1,0
тимьян,0,0,0,0,0,0,0,0,0,0
тиара,0,0,0,0,0,0,0,0,0,0
поставить галочку,0,0,0,0,0,0,0,0,0,0
бегущая строка,0,0,0,0,0,0,0,0,0,0
проездной билет,0,0,0,0,0,0,0,0,0,0
щекотать,0,1,0,0,1,0,1,0,1,1
щекотливый,0,0,0,0,0,0,0,0,0,0
приливный,0,0,0,0,0,0,0,0,0,0
лакомый кусочек,0,0,0,0,0,0,0,0,0,0
прилив,0,0,0,0,0,0,0,0,0,0
Встижения,0,0,0,0,0,0,0,0,0,0
галстук,0,0,0,0,0,0,0,0,0,0
ярус,0,0,0,0,0,0,0,0,0,0
размолвка,1,0,0,0,0,1,0,0,0,0
тигр,0,0,0,0,0,0,0,0,0,0
затягивать,1,0,0,0,0,0,0,0,0,0
теснота,0,0,0,0,0,0,0,0,0,0
колготки,0,0,0,0,0,0,0,0,0,0
тильда,0,0,0,0,0,0,0,0,0,0
кафельная плитка,0,0,0,0,0,0,0,0,0,0
плитка,0,0,0,0,0,0,1,0,0,0
пока,0,0,0,0,0,0,0,0,0,0
обработка почвы,0,0,0,0,0,0,0,0,0,0
румпель,0,0,0,0,0,0,0,0,0,0
наклон,0,0,0,0,0,0,0,0,0,0
наклон,0,0,0,0,0,0,0,0,0,0
древесина,0,0,0,0,0,0,0,0,0,0
тимберленд,0,0,0,0,0,0,0,0,0,0
тембр,0,0,0,0,0,0,0,0,0,0
время,0,1,0,0,0,0,0,0,0,0
своевременность,0,0,0,0,0,0,0,0,0,0
своевременный,0,0,0,0,0,0,1,0,0,0
часы,0,0,0,0,0,0,0,0,0,0
робкий,0,0,0,1,0,1,0,1,0,0
робость,0,1,0,1,0,1,0,0,0,0
банка,0,0,0,0,0,0,0,0,0,0
настойка,0,0,0,0,0,0,0,0,0,0
зубец,0,0,0,0,0,0,0,0,0,0
оттенок,0,0,0,0,0,0,0,0,0,0
покалывание,0,0,0,0,0,0,0,0,0,0
покалывание,0,0,0,0,0,0,0,0,0,0
возиться,0,0,0,0,0,0,0,0,0,0
мастерить,0,0,0,0,0,0,0,0,0,0
шум в ушах,0,0,0,0,0,0,0,0,0,0
мишура,0,0,0,0,1,0,1,0,0,0
оттенок,0,0,0,0,0,0,0,0,0,0
крошечный,0,0,0,0,0,0,0,0,0,0
кончик,0,0,0,0,0,0,0,0,0,0
пьяный,0,0,0,0,0,1,0,0,0,0
тирада,1,0,1,0,0,1,0,0,0,0
шина,0,0,0,0,0,0,0,0,0,0
устала,0,0,0,0,0,1,0,0,0,0
усталость,0,0,0,0,0,1,0,0,0,0
утомительный,0,0,0,0,0,1,0,0,0,0
салфетка,0,0,0,0,0,0,0,0,0,0
синица,0,0,0,0,0,1,0,0,0,0
титанический,0,0,0,0,0,0,0,0,0,0
десятина,0,0,0,0,0,0,0,0,0,0
заглавие,0,0,0,0,0,0,1,0,0,1
титулованный,0,0,0,0,0,0,0,0,0,0
сиська,0,0,0,0,0,0,0,0,0,0
титульный,0,0,0,0,0,0,0,0,0,0
жаба,0,0,1,0,0,1,0,0,0,0
тост,0,0,0,0,1,0,1,0,0,0
табак,0,0,0,0,0,1,0,0,0,0
Тоби,0,0,0,0,0,0,0,0,0,0
Тод,0,0,0,0,0,0,0,0,0,0
Cегодня,0,0,0,0,0,0,0,0,0,0
палец,0,0,0,0,0,0,0,0,0,0
тога,0,0,0,0,0,0,0,0,0,0
трудиться,0,0,0,0,0,0,0,0,0,0
туалет,0,0,1,0,0,1,0,0,0,0
трудится,0,0,0,0,0,1,0,0,0,0
жетон,0,0,0,0,0,0,0,0,0,0
толерантность,0,0,0,0,0,0,0,0,0,0
терпимый,0,0,0,0,0,0,1,0,0,0
терпеть,1,0,0,0,0,1,0,1,0,0
терпимость,0,0,0,0,0,0,1,0,0,0
потери,0,0,0,0,0,0,0,0,0,0
томагавк,0,0,0,0,0,0,0,0,0,0
могила,0,0,0,0,0,0,0,1,0,0
Кот,0,0,0,0,0,0,0,0,0,0
мне,0,0,0,0,0,0,0,0,0,0
завтра,0,1,0,0,0,0,0,0,0,0
тонна,0,0,0,0,0,0,0,0,0,0
тон,0,0,0,0,0,0,0,0,0,0
щипцы,0,0,0,0,0,0,0,0,0,0
щипцы,0,0,0,0,0,0,0,0,0,0
язык,0,0,0,0,0,0,0,0,0,0
тоник,0,0,0,0,0,0,0,0,0,0
тоннаж,0,0,0,0,0,0,0,0,0,0
миндалины,0,0,0,0,0,0,0,0,0,0
оснастка,0,0,0,0,0,0,0,0,0,0
зуб,0,0,0,0,0,0,0,0,0,0
зубная боль,0,0,0,1,0,1,0,0,0,0
зубчатый,0,0,0,0,0,0,0,0,0,0
беззубый,0,0,0,0,0,0,0,0,0,0
Топ,0,1,0,0,0,0,1,0,0,1
топаз,0,0,0,0,0,0,0,0,0,0
тема,0,0,0,0,0,0,0,0,0,0
злободневный,0,0,0,0,0,0,0,0,0,0
топографический,0,0,0,0,0,0,0,0,0,0
топографический,0,0,0,0,0,0,0,0,0,0
топография,0,0,0,0,0,0,0,0,0,0
опрокидывать,0,0,0,0,0,0,0,0,1,0
тор,0,0,0,0,0,0,0,0,0,0
факел,0,0,0,0,0,0,0,0,0,0
мучить,1,0,0,1,0,1,0,1,0,0
разорванный,0,0,0,0,0,1,0,0,0,0
торнадо,0,0,0,1,0,0,0,0,0,0
торпеда,1,0,0,0,0,1,0,0,0,0
поток,0,0,0,1,0,0,0,0,0,0
жаркий,0,0,0,0,0,1,0,0,0,0
кручение,0,0,0,0,0,0,0,0,0,0
туловище,0,0,0,0,0,0,0,0,0,0
правонарушение,0,0,0,0,0,1,0,0,0,0
деликтный,1,0,1,0,0,1,0,0,0,0
черепаха,0,0,0,0,0,0,0,0,0,0
извилистый,0,0,0,0,0,0,0,0,0,0
пытка,1,1,1,1,0,1,0,1,0,0
жеребьевка,0,0,0,0,0,0,0,0,0,0
общий,0,0,0,0,0,0,0,0,0,0
совокупность,0,0,0,0,0,0,0,0,0,0
полностью,0,0,0,0,0,0,0,0,0,0
тотализатор,0,0,0,0,0,0,0,0,0,0
тотем,0,0,0,0,0,0,0,0,0,0
трогать,0,0,0,0,0,0,0,0,0,0
коснулся,0,0,0,0,0,1,0,0,0,0
трогательный,0,0,0,0,0,0,0,0,0,0
обидчивый,1,0,0,0,0,1,0,1,0,0
жесткий,0,0,0,0,0,1,0,1,0,0
прочность,1,0,0,1,0,0,1,0,0,1
тур,0,0,0,0,0,0,0,0,0,0
турист,0,0,0,0,0,0,0,0,0,0
турмалин,0,0,0,0,0,0,0,0,0,0
турнир,0,0,0,0,0,0,0,0,0,0
жгут,0,0,0,0,0,0,0,0,0,0
рекламировать,0,0,0,0,0,0,0,0,0,0
буксировать,0,0,0,0,0,0,0,0,0,0
полотенце,0,0,0,0,0,0,0,0,0,0
башня,0,0,0,0,0,0,1,0,0,0
возвышающийся,0,1,0,1,0,0,1,0,0,0
городок,0,0,0,0,0,0,0,0,0,0
таунхаус,0,0,0,0,0,0,0,0,0,0
токсичный,0,0,1,0,0,1,0,0,0,0
токсикология,0,0,0,0,0,0,0,0,0,0
токсин,0,0,0,1,0,1,0,0,0,0
игрушка,0,0,0,0,0,0,0,0,0,0
след,0,0,0,0,0,0,0,0,0,0
следы,0,0,0,0,0,0,0,0,0,0
трахея,0,0,0,0,0,0,0,0,0,0
отслеживание,0,0,0,0,0,0,0,0,0,0
отслеживать,0,1,0,0,0,0,0,0,0,0
тракт,0,0,0,1,0,0,0,0,0,0
сговорчивый,0,0,0,0,0,0,0,0,0,0
тяга,0,0,0,0,0,0,0,0,0,0
трактор,0,0,0,0,0,0,0,0,0,0
торговля,0,0,0,0,0,0,0,0,0,1
торговец,0,0,0,0,0,0,0,0,0,0
торговец,0,0,0,0,0,0,0,0,0,0
торговля,0,0,0,0,0,0,0,0,0,0
традиция,0,0,0,0,0,0,0,0,0,0
традиционный,0,0,0,0,0,0,1,0,0,0
движение,0,0,0,0,0,0,0,0,0,0
трагедия,0,0,0,1,0,1,0,1,0,0
трагический,0,0,0,0,0,1,0,0,0,0
тащить,0,0,0,0,0,0,0,0,0,0
тренироваться,0,0,0,0,0,0,0,0,0,0
обученный,0,0,0,0,0,0,0,0,0,0
тренер,0,0,0,0,0,0,0,0,0,1
подготовка,0,0,0,0,0,0,0,0,0,0
черта,0,0,0,0,0,0,0,0,0,0
предатель,1,0,1,1,0,1,0,1,0,0
траектория,0,0,0,0,0,0,0,0,0,0
трамвай,0,0,0,0,0,0,0,0,0,0
бродяга,0,0,1,1,0,1,0,1,0,0
трамвай,0,0,0,0,0,0,0,0,0,0
транс,0,0,0,0,0,1,0,0,0,0
спокойный,0,0,0,0,1,0,1,0,0,0
спокойствие,0,0,0,0,1,0,1,0,0,1
сделка,0,0,0,0,0,0,0,0,0,0
сделка,0,0,0,0,0,0,0,0,0,1
трансатлантический,0,0,0,0,0,0,0,0,0,0
превосходство,0,1,0,0,1,0,1,0,1,1
трансцендентный,0,0,0,0,0,0,0,0,0,0
трансцендентный,0,0,0,0,0,0,1,0,0,0
расшифровывать,0,0,0,0,0,0,0,0,0,0
переписчик,0,0,0,0,0,0,0,0,0,0
стенограмма,0,0,0,0,0,0,0,0,0,1
транскрипция,0,0,0,0,0,0,0,0,0,0
передача,0,0,0,0,0,0,0,0,0,0
перенос,0,0,0,0,0,0,0,0,0,0
переведен,0,0,0,0,0,0,0,0,0,0
прикованный,0,0,0,0,0,0,0,0,0,0
трансформировать,0,0,0,0,0,0,0,0,0,0
трансформация,0,0,0,0,0,0,0,0,0,0
переливание,0,0,0,0,0,0,0,0,0,0
проступок,0,0,0,0,0,1,0,0,0,0
преходящий,0,0,0,0,0,0,0,0,0,0
транзит,0,0,0,0,0,0,0,0,0,0
переход,0,0,0,0,0,0,0,0,0,0
переходный,0,1,0,0,0,0,0,0,0,0
переходный,0,0,0,0,0,0,0,0,0,0
преходящий,0,0,0,0,0,0,0,0,0,0
перевести,0,0,0,0,0,0,0,0,0,0
перевод,0,0,0,0,0,0,0,0,0,1
транслокация,0,0,0,0,0,0,0,0,0,0
полупрозрачный,0,0,0,0,0,0,0,0,0,0
коробка передач,0,0,0,0,0,0,0,0,0,0
передавать,0,0,0,0,0,0,0,0,0,0
трансмутация,0,0,0,0,0,0,0,0,0,0
фрамуга,0,0,0,0,0,0,0,0,0,0
прозрачность,0,0,0,0,0,0,0,0,0,0
прозрачный,0,0,0,0,0,0,0,0,0,0
трансплантат,0,0,0,0,0,0,0,0,0,0
трансплантация,0,0,0,0,0,0,0,0,0,0
транспорт,0,0,0,0,0,0,0,0,0,0
транспорт,0,0,0,0,0,0,0,0,0,0
транспонировать,0,0,0,0,0,0,0,0,0,0
перестановка,0,0,0,0,0,0,0,0,0,0
поперечный,0,0,0,0,0,0,0,0,0,0
ловушка,0,0,0,0,0,0,0,0,0,0
ловушка,0,0,0,0,0,0,0,0,0,0
атрибуты,0,0,0,0,0,1,0,0,0,0
ловушки,0,0,0,0,0,1,0,0,0,0
мусор,0,0,1,0,0,1,0,1,0,0
дрянной,0,0,1,0,0,1,0,0,0,0
травматический,1,0,0,1,0,1,0,1,0,0
мучиться,0,0,0,0,0,1,0,0,0,0
путешествовать,0,0,0,0,0,0,0,0,0,0
путешественница,0,0,0,0,0,0,0,0,0,0
путешествие,0,0,0,0,0,0,1,0,0,0
траверс,0,0,0,0,0,0,0,0,0,0
пародия,0,0,1,1,0,1,0,1,0,0
трал,0,0,0,0,0,0,0,0,0,0
траулер,0,0,0,0,0,0,0,0,0,0
лоток,0,0,0,0,0,0,0,0,0,0
предательский,1,0,1,1,0,1,0,0,0,0
предательство,1,0,0,1,0,1,0,1,1,0
ступать,0,0,0,0,0,0,0,0,0,0
беговая дорожка,0,1,0,0,0,0,0,0,0,0
измена,1,0,1,1,0,1,0,0,1,0
сокровище,0,1,0,0,1,0,1,0,0,1
казначей,0,0,0,0,0,0,0,0,0,1
казна,0,0,0,0,0,0,0,0,0,0
удовольствие,1,1,1,1,1,1,1,1,1,1
научный труд,0,0,0,0,0,0,0,0,0,0
лечение,0,0,0,0,0,0,0,0,0,0
договор,0,0,0,0,0,0,0,0,0,0
высокие частоты,0,0,0,0,0,0,0,0,0,0
дерево,1,1,1,0,1,0,1,0,1,1
поход,0,0,0,0,0,0,0,0,0,0
шпалера,0,0,0,0,0,0,0,0,0,0
дрожать,0,0,0,0,0,0,0,0,0,0
дрожащий,0,0,0,1,0,1,0,0,0,0
огромный,0,0,0,0,0,0,0,0,0,0
чрезвычайно,0,0,0,0,0,0,1,0,0,0
тремор,1,1,0,1,0,1,0,1,0,0
траншея,0,0,0,0,0,0,0,0,0,0
тренд,0,0,0,0,0,0,1,0,0,0
в тренде,0,0,0,0,0,0,0,0,0,0
модный,0,0,0,0,0,0,1,0,0,0
трепет,0,1,0,1,0,1,0,0,1,0
посягательство,1,0,0,0,0,1,0,0,0,0
триада,0,0,0,0,0,0,0,0,0,0
треугольник,0,0,0,0,0,0,0,0,0,0
треугольный,0,0,0,0,0,0,0,0,0,0
племя,0,0,0,0,0,0,0,0,0,1
скорбь,0,0,0,1,0,1,0,1,0,0
трибунал,0,1,1,1,0,1,0,0,0,1
трибуна,0,0,0,0,0,0,0,0,0,1
приток,0,1,0,0,0,0,1,0,0,0
дань,0,0,0,0,0,0,1,0,0,0
обманывать,0,0,0,0,0,1,0,0,1,0
обман,1,0,1,1,0,1,0,1,1,0
струйка,0,0,0,0,0,0,0,0,0,0
сложный,0,0,0,0,0,0,0,0,0,0
трехколесный велосипед,0,0,0,0,0,0,0,0,0,0
трезубец,0,0,0,0,0,0,0,0,0,0
мелочь,0,0,0,0,0,1,0,0,0,0
триггер,0,0,0,0,0,0,1,0,0,0
курок,0,0,0,0,0,0,0,0,0,0
тригонометрия,0,0,0,0,0,0,0,0,0,0
триллион,0,0,0,0,0,0,0,0,0,0
подрезать,0,0,0,0,0,0,0,0,0,0
триммер,0,0,0,0,0,0,0,0,0,0
обрезка,0,0,0,0,0,0,0,0,0,0
треугольник,0,0,0,0,0,0,0,0,0,0
троица,0,0,0,0,0,0,0,0,0,0
трио,0,0,0,0,0,0,0,0,0,0
путешествие,0,0,0,0,0,0,0,0,1,0
трехсторонний,0,0,0,0,0,0,0,0,0,0
тройной,0,0,0,0,0,0,0,0,0,0
триплет,0,0,0,0,0,0,0,0,0,0
тройной экземпляр,0,0,0,0,0,0,0,0,0,0
штатив,0,0,0,0,0,0,0,0,0,0
спотыкаясь,1,0,0,0,0,1,0,1,0,0
банальный,0,0,0,0,0,0,0,0,0,0
тритий,0,0,0,0,0,0,0,0,0,0
триумф,0,1,0,0,1,0,1,0,0,0
торжествующий,0,1,0,0,1,0,1,0,0,1
тролль,1,0,0,1,0,1,0,0,0,0
тележка,0,0,0,0,0,0,0,0,0,0
тромбон,0,0,0,0,0,0,0,0,0,0
отряд,0,0,0,0,0,0,0,0,0,0
рядовой,0,0,0,0,0,0,0,0,0,0
войска,0,0,0,0,0,0,0,0,0,0
трофей,0,1,0,0,1,0,1,0,1,1
тропический,0,0,0,0,0,0,0,0,0,0
рысь,0,0,0,0,0,0,0,0,0,0
хлопотный,1,0,0,1,0,1,0,0,0,0
впадина,0,0,0,0,0,0,0,0,0,0
труппа,0,0,0,0,0,0,0,0,0,0
брюки,0,0,0,0,0,0,0,0,0,0
форель,0,0,0,0,0,0,0,0,0,0
мастерок,0,0,0,0,0,0,0,0,0,0
перемирие,0,0,0,0,1,0,1,0,0,1
грузовая машина,0,0,0,0,0,0,0,0,0,1
истинный,0,0,0,0,1,0,1,0,0,1
трюизм,0,0,0,0,0,0,0,0,0,0
козырь,0,0,0,0,0,0,0,0,1,0
труба,0,0,0,0,0,1,0,0,0,0
трубач,0,0,0,0,0,0,0,0,0,0
обрезать,0,0,0,0,0,0,0,0,0,0
усеченный,0,0,0,0,0,0,0,0,0,0
катить,0,0,0,0,0,0,0,0,0,0
ствол,0,0,0,0,0,0,0,0,0,0
ферма,0,0,0,0,0,0,0,0,0,1
доверять,0,0,0,0,0,0,0,0,0,1
попечитель,0,0,0,0,0,0,0,0,0,1
надежный,0,0,0,0,0,0,1,0,0,0
правда,0,0,0,0,0,0,1,0,0,1
правдивый,0,0,0,0,0,0,0,0,0,1
правдивость,0,0,0,0,0,0,1,0,0,1
проверять,0,0,0,0,0,0,0,0,0,0
ванна,0,0,0,0,0,0,0,0,0,0
трубка,0,0,0,0,0,0,0,0,0,0
трубчатый,0,0,0,0,0,0,0,0,0,0
трубочка,0,0,0,0,0,0,0,0,0,0
подвернуть,0,0,0,0,0,0,0,0,0,0
Такер,0,0,0,0,0,0,0,0,0,0
хохлатый,0,0,0,0,0,0,0,0,0,0
буксир,0,0,0,0,0,0,0,0,0,0
обучение,0,0,0,0,0,0,0,0,0,0
тюльпан,0,0,0,0,0,0,0,0,0,0
кувыркаться,0,0,0,0,0,1,0,0,0,0
стакан,0,0,0,0,0,0,0,0,0,0
опухоль,0,0,0,1,0,1,0,0,0,0
опухоль,0,0,0,1,0,1,0,1,0,0
суматоха,1,0,0,1,0,1,0,0,1,0
бурный,1,0,0,1,0,1,0,0,0,0
тун,0,0,0,0,0,0,0,0,0,0
тунец,0,0,0,0,0,0,0,0,0,0
настраиваемый,0,0,0,0,0,0,0,0,0,0
мелодия,0,0,0,0,0,0,0,0,0,0
туника,0,0,0,0,0,0,0,0,0,0
тюнинг,0,0,0,0,0,0,0,0,0,0
туннель,0,0,0,0,0,0,0,0,0,0
тюрбан,0,0,0,0,0,0,0,0,0,0
мутность,0,0,0,0,0,0,0,0,0,0
турбина,0,0,0,0,0,0,0,0,0,0
турбулентность,1,0,0,1,0,1,0,0,0,0
бурный,0,0,0,1,0,1,0,0,0,0
газон,0,0,0,0,0,0,0,0,0,0
куркума,0,0,0,0,0,0,0,0,0,0
смятение,1,0,0,1,0,1,0,1,0,0
повернуть,0,0,0,0,0,0,0,0,0,0
превращение,0,0,0,0,0,0,0,0,0,0
под ключ,0,0,0,0,0,0,0,0,0,0
магистраль,0,0,0,0,0,0,0,0,0,0
Проигрыватель,0,0,0,0,0,0,0,0,0,0
бирюзовый,0,0,0,0,0,0,0,0,0,0
башня,0,0,0,0,0,0,0,0,0,0
водолазка,0,0,0,0,0,0,0,0,0,0
борьба,1,0,0,0,0,0,0,0,0,0
опекунство,0,0,0,0,0,0,1,0,0,1
репетитор,0,0,0,0,0,0,1,0,0,0
подправить,0,0,0,0,0,0,0,0,0,0
двенадцатый,0,0,0,0,0,0,0,0,0,0
двенадцать,0,0,0,0,0,0,0,0,0,0
двадцатый,0,0,0,0,0,0,0,0,0,0
20,0,0,0,0,0,0,0,0,0,0
ветка,0,0,0,0,0,0,0,0,0,0
сумерки,0,0,0,0,0,0,0,0,0,0
саржа,0,0,0,0,0,0,0,0,0,0
близнец,0,0,0,0,0,0,1,0,0,0
шпагат,0,0,0,0,0,0,0,0,0,0
мерцание,0,1,0,0,1,0,1,0,0,0
двойняшки,0,0,0,0,0,0,0,0,0,0
крутить,0,0,0,0,0,0,0,0,0,0
искривленный,0,0,0,0,0,0,0,0,0,0
дергаться,0,0,0,0,0,1,0,0,0,0
двойной,0,0,0,0,0,0,0,0,0,0
магнат,0,0,0,0,0,0,0,0,0,0
тип,0,0,0,0,0,0,0,0,0,0
печатная машинка,0,0,0,0,0,0,0,0,0,0
тайфун,0,0,0,1,0,1,0,0,0,0
обычно,0,0,0,0,0,0,0,0,0,0
машинистка,0,0,0,0,0,0,0,0,0,0
типография,0,0,0,0,0,0,0,0,0,0
тиранический,1,0,1,1,0,1,0,0,0,0
тирания,0,0,0,1,0,1,0,1,0,0
тиран,1,0,1,1,0,1,0,1,0,0
шина,0,0,0,0,0,0,0,0,0,0
вездесущий,0,0,0,0,0,0,0,0,0,0
вездесущность,0,0,0,0,0,0,0,0,0,0
уродство,0,0,1,1,0,1,0,1,0,0
уродливый,0,0,1,0,0,1,0,0,0,0
язва,1,0,1,1,0,1,0,1,0,0
скрытый,0,0,0,0,0,1,0,0,0,0
окончательный,0,1,0,0,0,0,0,1,0,0
в конечном счете,0,1,0,0,0,0,1,0,0,0
ультиматум,1,0,0,1,0,1,0,0,0,0
ультимо,0,0,0,0,0,0,0,0,0,0
ультрафиолет,0,0,0,0,0,0,0,0,0,0
пупочный,0,0,0,0,0,0,0,0,0,0
тень,0,0,0,0,0,0,0,0,0,0
зонтик,0,0,0,0,0,0,0,0,0,0
судья,0,0,0,0,0,0,1,0,0,1
беззастенчивый,0,0,0,0,0,0,0,0,0,0
неослабевающий,0,0,0,0,0,0,0,0,0,0
неспособный,0,0,0,0,0,1,0,1,0,0
неприемлемо,0,0,0,0,0,1,0,1,0,0
без сопровождения,0,0,0,0,0,0,0,0,0,0
необъяснимый,0,1,1,0,0,1,0,1,0,1
непризнанный,0,0,0,0,0,0,0,1,0,0
чистый,0,0,0,0,0,0,0,0,0,0
без посторонней помощи,0,0,0,0,0,0,0,0,0,0
неизменный,0,0,0,0,0,0,0,0,0,0
недвусмысленный,0,0,0,0,0,0,0,0,0,0
единодушие,0,0,0,0,0,0,1,0,0,0
единодушный,0,0,0,0,0,0,1,0,0,0
единогласно,0,0,0,0,0,0,0,0,0,0
непредвиденный,0,0,0,0,0,0,0,0,1,0
не одобрено,0,0,0,0,0,1,0,0,0,0
безоружный,0,0,0,0,0,0,0,0,0,0
без посторонней помощи,0,0,0,0,0,0,0,0,0,0
скромный,0,0,0,0,0,0,1,0,0,0
непривязанный,0,0,0,0,0,1,0,0,0,0
недостижимый,1,0,0,0,0,1,0,1,0,0
без присмотра,0,0,0,0,0,0,0,0,0,0
непривлекательный,0,0,1,0,0,1,0,1,0,0
несанкционированный,0,0,0,0,0,1,0,0,0,0
неизбежный,0,0,0,0,0,1,0,0,0,0
не зная,0,0,0,0,0,1,0,0,0,0
несбалансированный,0,0,0,0,0,0,0,0,0,0
невыносимый,0,0,1,0,0,1,0,1,0,0
непобедимый,0,1,0,0,1,1,1,1,1,0
неверие,0,0,0,0,0,1,0,0,0,0
невероятный,0,0,0,0,0,1,0,0,0,0
беспристрастный,0,0,0,0,0,0,1,0,0,0
нерожденный,0,0,0,0,0,1,0,0,0,0
несвязанный,0,0,0,0,0,0,0,0,0,0
неограниченный,0,0,0,0,0,0,0,0,0,0
Неуязвимый,0,0,0,0,0,0,1,0,0,0
необузданный,1,1,0,1,0,1,1,0,1,0
непрерывный,0,0,0,0,0,0,1,0,0,1
сверхъестественный,0,0,0,1,0,1,0,0,1,0
безразличный,1,0,1,0,0,1,0,1,0,0
неуверенный,1,0,1,1,0,1,0,0,1,0
неопределенность,0,0,0,0,0,0,0,0,0,0
бесспорный,0,0,0,0,0,0,0,0,0,0
неизменный,0,0,0,0,0,1,0,0,0,0
без изменений,0,0,0,0,0,0,0,0,0,0
невостребованный,0,0,0,0,0,0,0,0,0,0
дядя,0,0,0,0,0,0,0,0,0,0
нечистый,0,0,1,0,0,1,0,0,0,0
неудобный,0,0,0,0,0,1,0,0,0,0
необычный,0,0,0,0,0,0,0,0,0,0
необычно,0,0,0,0,0,0,0,0,0,0
бескомпромиссный,0,0,0,0,0,0,0,0,0,0
равнодушный,0,0,0,0,0,0,0,0,0,0
неподтвержденный,0,0,0,0,0,0,0,0,0,0
несвязанный,0,0,0,0,0,0,0,0,0,0
недобросовестный,0,0,1,0,0,1,0,0,0,0
бессознательный,0,0,0,0,0,1,0,0,0,0
бессознательное состояние,0,0,0,0,0,0,0,0,0,0
неконституционный,0,0,0,0,0,1,0,0,0,0
неограниченный,0,0,0,0,1,0,1,0,0,0
неоспоримый,0,0,0,0,0,0,0,0,0,0
неуправляемый,1,1,0,0,0,1,0,0,1,0
неконтролируемый,0,0,0,0,0,1,0,0,0,0
нетрадиционный,0,0,0,0,0,0,0,0,0,0
неубежденный,0,0,0,0,0,0,0,0,0,0
сырой,0,0,0,0,0,0,0,0,0,0
некоррелированный,0,0,0,0,0,0,0,0,0,0
раскрыть,0,0,0,0,0,0,0,0,1,0
некритичный,0,0,0,0,0,0,0,0,0,0
необрезанный,0,0,0,0,0,0,0,0,0,0
неопределившийся,0,1,0,1,0,1,0,0,0,0
неопределенный,0,0,0,0,0,0,0,0,0,0
неоспоримый,0,0,0,0,0,0,0,0,0,0
под прикрытием,0,0,0,0,0,0,0,0,0,0
подводное течение,0,0,0,0,0,0,0,0,0,0
недооценивать,0,0,0,0,0,0,0,0,1,0
пройти,0,0,0,0,0,0,0,0,0,0
бакалавриат,0,0,0,0,0,0,0,0,0,0
под землей,0,0,0,0,0,0,0,0,0,0
лежать в основе,0,0,0,0,0,0,0,0,0,0
подчеркнуть,0,0,0,0,0,0,1,0,0,0
подорванный,0,0,0,0,0,1,0,0,0,0
под,0,0,0,0,0,0,0,0,0,0
малооплачиваемый,1,0,0,0,0,1,0,1,0,0
Трусы,0,0,0,0,0,0,0,0,0,0
подчеркивать,0,0,0,0,0,0,0,0,0,0
низкорослый,0,0,0,0,0,1,0,0,0,0
понимание,0,0,0,0,0,0,1,0,0,1
понял,0,0,0,0,0,0,0,0,0,0
предпринимать,0,0,0,0,0,0,0,0,0,0
гробовщик,0,0,0,0,0,0,0,1,0,0
предприятие,0,1,0,0,0,0,0,0,0,0
подлесок,0,0,0,0,0,0,0,0,0,0
гарантировать,0,0,0,0,0,0,1,0,0,1
андеррайтер,0,0,0,0,0,0,0,0,0,0
незаслуженный,0,0,0,0,0,0,0,0,0,0
нежелательный,1,0,1,1,0,1,0,1,0,0
нежелательный,0,0,0,0,0,1,0,1,0,0
неразвитый,0,0,0,0,0,0,0,0,0,0
ненаправленный,0,0,0,0,0,0,0,0,0,0
нераскрытый,0,1,0,0,0,0,0,0,0,0
неоткрытый,0,0,0,0,0,0,0,0,1,0
бесспорный,0,0,0,0,0,0,0,0,0,0
безмятежный,0,0,0,0,0,0,0,0,0,0
неделимый,0,0,0,0,0,0,1,0,0,0
отменить,0,0,0,0,0,1,0,0,0,0
уничтожение,0,0,0,0,0,0,0,0,0,0
несомненный,0,1,1,0,0,0,0,0,0,0
раздеваться,0,0,0,0,0,0,0,0,0,0
раздетый,0,0,0,0,0,0,0,0,0,0
неуместный,0,0,0,0,0,0,0,0,0,0
бессмертный,0,1,0,0,1,0,1,1,0,1
незаработанный,0,0,0,0,0,0,0,0,0,0
раскопать,0,0,0,0,0,0,0,0,0,0
беспокойство,0,1,0,0,0,1,0,1,0,0
беспокойный,0,0,1,1,0,1,0,0,0,0
необразованный,0,0,0,0,0,1,0,1,0,0
безработные,0,0,0,1,0,1,0,1,0,0
необремененный,0,0,0,0,0,0,0,0,0,0
бесконечный,0,0,0,0,0,0,0,0,0,0
неравный,1,0,1,1,0,1,0,1,0,0
непревзойденный,0,0,0,0,0,0,0,0,0,0
недвусмысленный,0,0,0,0,0,0,0,0,0,1
однозначно,0,0,0,0,0,0,1,0,0,0
неровный,0,0,0,0,0,1,0,0,0,0
без происшествий,0,0,0,0,0,0,0,0,0,0
непредвиденный,0,1,0,1,1,1,1,0,1,0
неожиданно,0,0,0,0,0,0,0,0,1,0
необъяснимый,0,1,0,0,0,1,0,1,0,0
неизведанный,0,0,0,0,0,0,0,0,0,0
неизменный,0,0,0,0,0,0,0,0,0,0
несправедливый,1,0,1,0,0,1,0,1,0,0
несправедливость,1,0,0,0,0,1,0,1,0,0
неверный,0,0,1,0,0,1,0,0,0,0
незнакомый,0,0,0,0,0,0,0,0,0,0
неблагоприятный,0,0,1,0,0,1,0,1,0,0
раскрепощенный,0,0,0,0,0,0,0,0,0,0
незавершенный,0,0,0,0,0,1,0,0,0,0
непоколебимый,0,0,0,0,0,0,0,0,0,0
разворачиваться,0,1,0,0,0,0,1,0,0,0
непредвиденный,0,0,0,0,0,0,0,0,1,0
неумолимый,1,0,0,0,0,1,0,1,0,0
несчастный,0,0,0,0,0,1,0,1,0,0
недружелюбный,1,0,1,1,0,1,0,1,0,0
невыполненный,1,1,0,0,0,1,0,1,1,0
без мебели,0,0,0,0,0,1,0,0,0,0
нечестивый,0,0,0,0,0,1,0,1,0,0
неблагодарный,1,0,1,0,0,1,0,0,0,0
неохраняемый,0,0,0,0,0,0,0,0,1,0
несчастье,0,0,0,0,0,1,0,1,0,0
несчастный,1,0,1,0,0,1,0,1,0,0
невредимый,0,0,0,0,0,0,0,0,0,0
нездоровый,0,0,1,1,0,1,0,1,0,0
беспрепятственный,0,0,0,0,0,0,0,0,0,0
нечестивый,0,0,0,1,0,1,0,0,0,0
единорог,0,0,0,0,0,0,0,0,0,0
объединение,0,1,0,0,1,0,1,0,0,1
униформа,0,0,0,0,0,0,0,0,0,0
единообразие,0,0,0,0,0,0,0,0,0,0
равномерно,0,0,0,0,0,0,1,0,0,0
невообразимый,0,0,0,0,0,1,1,0,1,0
неважный,0,0,0,0,0,1,0,1,0,0
не впечатлен,0,0,0,0,0,1,0,0,0,0
неулучшенный,0,0,0,0,0,1,0,0,0,0
незараженный,0,0,0,0,0,0,1,0,0,0
несведущий,0,0,0,0,0,1,0,0,0,0
необитаемый,0,0,0,0,0,0,0,0,0,0
непосвященный,0,0,0,0,0,1,0,0,0,0
скучный,0,0,0,0,0,1,0,1,0,0
неразборчивый,0,0,0,0,0,1,0,0,0,0
непреднамеренный,0,0,0,0,0,0,0,0,1,0
непреднамеренный,0,0,0,0,0,0,0,0,1,0
непреднамеренно,0,0,0,0,0,1,0,0,1,0
незаинтересованный,0,0,0,0,0,1,0,1,0,0
неинтересный,0,0,0,0,0,1,0,1,0,0
непрерывный,0,0,0,0,0,0,0,0,0,0
незваный,0,0,0,0,0,0,0,1,0,0
союз,0,0,0,0,0,0,0,0,0,0
уникальный,0,0,0,0,0,0,1,0,1,0
унисон,0,0,0,0,0,0,1,0,0,0
Ед. изм,0,0,0,0,0,0,0,0,0,0
единый,0,0,0,0,0,0,1,0,0,0
объединяться,0,0,0,0,0,0,0,0,0,0
объединенный,0,0,0,0,0,0,1,0,0,1
единство,0,0,0,0,0,0,1,0,0,1
универсальный,0,0,0,0,0,0,0,0,0,0
универсальность,0,0,0,0,0,0,0,0,0,0
вселенная,0,0,0,0,0,0,0,0,0,0
Университет,0,1,0,0,0,0,1,0,0,0
несправедливый,1,0,0,0,0,1,0,0,0,0
неоправданный,1,0,1,1,0,1,0,0,0,0
неоправданный,0,0,0,0,0,1,0,0,0,0
недобрый,1,0,1,1,0,1,0,1,0,0
непознаваемый,0,0,0,0,0,0,0,0,0,0
неизвестный,0,1,0,1,0,1,0,0,0,0
незаконный,1,0,1,1,0,1,0,1,0,0
дать волю,0,0,0,0,0,0,0,0,0,0
нелицензированный,0,0,0,0,0,1,0,0,0,0
в отличие,0,0,0,0,0,0,0,0,0,0
неограниченный,0,0,0,0,0,0,1,0,0,0
разгружать,0,0,0,0,0,0,0,0,0,0
выгружен,0,0,0,0,0,0,0,0,0,0
разблокировать,0,0,0,0,0,0,0,0,0,0
несчастливый,1,0,1,1,0,1,0,1,0,0
неуправляемый,0,0,1,0,0,1,0,0,0,0
без опознавательных знаков,0,0,0,0,0,0,0,0,0,0
не замужем,0,0,0,0,0,0,0,0,0,0
разоблачать,0,0,0,0,0,0,0,0,0,0
бесподобный,0,0,0,0,0,0,0,0,0,0
безошибочный,0,0,0,0,0,0,0,0,0,0
несмягченный,0,0,0,0,0,0,0,0,0,0
неподвижный,0,0,0,0,0,0,0,0,0,0
безымянный,0,0,0,0,0,0,0,0,0,0
неестественный,0,0,1,1,0,1,0,0,0,0
ненужный,0,0,0,0,0,0,0,0,0,0
ненужный,0,0,0,0,0,0,0,0,0,0
незамеченный,0,0,0,0,0,0,0,0,0,0
ненумерованный,0,0,0,0,0,0,0,0,0,0
незамеченный,0,0,0,0,0,0,0,0,0,0
беспрепятственный,0,0,0,0,0,0,0,0,0,0
ненавязчивый,0,0,0,0,0,0,0,0,0,0
незанятый,0,0,0,0,0,0,0,0,0,0
неофициальный,0,0,0,0,0,1,0,0,0,0
нераспечатанный,0,0,0,0,0,0,0,0,0,0
не встречающий сопротивления,0,0,0,0,0,0,0,0,0,0
неупорядоченный,0,0,0,0,0,0,0,0,0,0
неорганизованный,0,0,0,0,0,0,0,0,0,0
неортодоксальный,0,0,0,0,0,0,0,0,0,0
распаковывать,0,0,0,0,0,0,0,0,0,0
неоплаченный,1,0,0,0,0,1,0,1,0,0
неприятный,0,0,1,0,0,1,0,1,0,0
непопулярный,0,0,1,0,0,1,0,1,0,0
беспрецедентный,0,0,0,0,0,0,0,0,1,0
непредсказуемый,0,0,0,0,0,1,0,0,1,0
неподготовленный,0,0,0,0,0,1,0,0,0,0
неприхотливый,0,0,0,0,0,0,1,0,0,0
непродуктивный,0,0,0,0,0,1,0,0,0,0
невыгодный,0,0,0,0,0,1,0,0,0,0
незащищенный,0,0,0,0,0,1,0,0,0,0
недоказан,0,0,0,0,0,0,0,0,0,0
неопубликованный,0,1,0,0,0,1,0,1,0,0
несомненный,0,0,0,0,0,0,1,0,0,1
бесспорно,0,0,0,0,0,0,1,0,0,1
бесспорный,0,0,0,0,0,0,1,0,0,1
не прочитано,0,0,0,0,0,0,0,0,0,0
нереально,0,0,0,0,0,0,0,0,0,0
нереально,0,0,0,0,0,0,0,0,0,0
незарегистрированный,0,0,0,0,0,0,0,0,0,0
незарегистрированный,0,0,0,0,0,0,0,0,0,0
нерегулируемый,0,0,0,0,0,0,0,0,0,0
несвязанный,0,0,0,0,0,0,0,0,0,0
безжалостный,0,0,0,0,0,0,0,0,0,0
ненадежный,0,0,0,0,0,1,0,0,0,1
нераскаявшийся,0,0,0,0,0,0,0,0,0,0
безответный,0,0,0,0,0,1,0,1,0,0
нерешенный,0,1,0,0,0,0,0,0,0,0
беспорядки,0,0,0,1,0,0,0,1,0,0
необузданный,0,0,0,0,0,0,0,0,0,0
неограниченный,0,0,0,0,0,0,0,0,0,0
непослушный,1,0,1,1,0,1,0,0,0,0
небезопасный,0,0,0,1,0,1,0,0,0,0
неудовлетворительный,0,0,1,0,0,1,0,0,0,0
неудовлетворенный,0,0,1,0,0,1,0,1,0,0
неприятный,0,0,0,0,0,1,0,0,0,0
невредимый,0,0,0,0,0,0,1,0,0,0
ненаучный,0,0,0,0,0,0,0,0,0,0
недобросовестный,0,0,0,0,0,1,0,0,0,0
смещать,0,0,0,0,0,0,0,1,0,0
невидимый,0,0,0,0,0,0,0,0,0,0
бескорыстный,0,0,0,0,0,0,1,0,0,0
неустроенный,1,0,1,1,0,1,0,0,0,0
неприглядный,0,0,1,0,0,1,0,0,0,0
бесхитростный,0,0,0,0,0,1,0,0,0,0
невыразимый,0,0,0,1,0,1,0,0,0,0
неопределенные,0,0,0,0,0,0,0,0,0,0
нестабильный,0,0,0,1,0,1,0,0,1,0
неустойчивый,0,0,0,1,0,0,0,0,0,0
неудачный,0,0,0,0,0,1,0,1,0,0
неподходящий,0,0,0,0,0,1,0,0,0,0
невоспетый,0,0,0,0,0,1,0,0,0,0
неподдерживаемый,0,0,0,0,0,1,0,0,0,0
непревзойденный,0,1,0,1,1,0,1,0,0,1
ничего не подозревающий,0,0,0,0,0,0,0,0,1,0
неустойчивый,0,0,0,0,0,1,0,0,0,0
несладкий,0,0,0,0,0,0,0,0,0,0
несимпатичный,1,0,0,0,0,1,0,0,0,0
дикий,0,0,0,0,0,1,0,0,0,0
несостоятельный,0,0,0,0,0,1,0,0,0,0
непроверенный,0,0,0,0,0,0,0,0,0,0
немыслимый,1,0,1,1,0,1,0,0,0,0
неопрятный,0,0,1,0,0,1,0,0,0,0
развязать,0,0,0,0,1,1,1,0,0,0
несвоевременный,0,0,0,0,0,1,0,0,0,0
без названия,0,0,0,0,0,1,0,1,0,0
невыразимый,0,1,0,0,0,1,0,0,0,0
нетронутый,0,0,0,0,0,0,0,0,0,0
неблагоприятный,1,0,1,0,0,1,0,0,0,0
необученный,0,0,0,0,0,1,0,0,0,0
непереведенный,0,0,0,0,0,0,0,0,0,0
неправда,0,0,0,0,0,1,0,0,0,0
ненадежный,1,0,0,0,0,1,0,0,0,0
неиспользованный,0,0,0,0,0,0,0,0,0,0
необычный,0,0,0,0,0,0,0,0,0,0
необычно,0,0,0,0,0,0,0,0,0,0
раскрывать,0,0,0,0,0,0,0,0,0,0
раскрытие,0,0,0,0,0,0,0,0,0,0
непроверенный,0,1,0,0,0,0,0,0,0,0
необоснованный,0,0,0,0,0,1,0,0,0,0
неосторожный,0,0,0,0,0,0,0,0,0,0
немытый,0,0,1,0,0,1,0,0,0,0
непоколебимый,0,0,0,0,0,0,1,0,0,1
нежелательный,0,0,0,0,0,1,0,1,0,0
нездоровый,0,0,0,0,0,1,0,1,0,0
нежелающий,0,0,0,0,0,0,0,0,0,0
неохотно,0,0,0,0,0,0,0,0,0,0
нежелание,0,0,0,0,0,1,0,0,0,0
размотать,0,0,0,0,0,0,0,0,0,0
неразумный,0,0,0,0,0,1,0,0,0,0
невольный,0,0,0,0,0,1,0,0,0,0
невольно,0,0,0,0,0,0,0,0,0,0
недостойный,0,0,1,0,0,1,0,0,0,0
неписаный,0,0,0,0,0,0,0,0,0,0
непреклонный,0,0,0,0,0,1,0,0,0,0
переворот,1,0,0,1,0,1,0,1,0,0
в гору,0,1,0,1,0,1,1,0,0,0
обивка,0,0,0,0,0,0,0,0,0,0
возвышенность,0,0,0,0,0,0,0,0,0,0
нагорья,0,0,0,0,0,0,0,0,0,0
поднимать,0,1,0,0,1,0,1,0,0,1
верхний,0,0,0,0,0,0,0,0,0,0
прямой,0,0,0,0,0,0,1,0,0,1
восстание,1,1,0,1,0,1,0,0,0,0
шум,0,0,0,0,0,1,0,0,0,0
расстройство,1,0,0,0,0,1,0,1,0,0
результат,0,0,0,0,0,0,0,0,0,0
вверх по лестнице,0,0,0,0,0,0,0,0,0,0
выскочка,0,0,0,0,0,0,0,0,0,0
вверх,0,0,0,0,0,0,0,0,0,0
уран,0,0,0,0,0,0,0,0,0,0
городской,0,0,0,0,0,0,0,0,0,0
мальчишка,0,0,0,0,0,1,0,0,0,0
побуждать,0,0,0,0,0,0,0,0,0,0
срочность,0,1,0,1,0,0,0,0,1,0
срочный,0,1,0,1,0,1,0,0,1,0
анализ мочи,0,0,0,0,0,0,0,0,0,0
урна,0,0,0,0,0,0,0,1,0,0
Применение,0,0,0,0,0,0,0,0,0,0
полезно,0,0,0,0,0,0,0,0,0,0
полезность,0,0,0,0,0,0,1,0,0,0
бесполезный,0,0,0,0,0,1,0,0,0,0
сопровождать,0,0,0,0,0,0,1,0,0,1
обычный,0,0,0,0,0,0,1,0,0,1
узурпировать,1,0,0,0,0,1,0,0,0,0
узурпирован,1,0,0,1,0,1,0,0,0,0
ростовщичество,0,0,0,0,0,1,0,0,0,0
посуда,0,0,0,0,0,0,0,0,0,0
утилитарный,0,0,0,0,0,0,0,0,0,0
полезность,0,0,0,0,0,0,1,0,0,0
использование,0,0,0,0,0,0,0,0,0,0
использовать,0,0,0,0,0,0,0,0,0,0
крайний,0,0,0,0,0,0,0,0,0,0
утопический,0,1,0,0,1,0,1,0,0,1
высказывание,0,0,0,0,0,0,0,0,0,0
крайне,0,0,0,0,0,0,0,0,0,0
вакансия,0,0,0,0,0,1,0,0,0,0
отпуск,0,1,0,0,1,0,1,0,0,0
вакцинация,0,0,0,0,0,0,0,0,0,0
вакцина,0,0,0,0,0,0,1,0,0,0
вакуолярный,0,0,0,0,0,0,0,0,0,0
вакуоль,0,0,0,0,0,0,0,0,0,0
пустой,0,0,1,0,0,1,0,0,0,0
вакуум,0,0,0,0,0,0,0,0,0,0
нечеткий,0,0,0,0,0,1,0,0,0,0
неопределенность,0,0,0,0,0,1,0,0,0,0
тщетно,0,0,1,0,0,1,0,1,0,0
балдахин,0,0,0,0,0,0,0,0,0,0
долина,0,0,0,0,0,0,0,0,0,0
камердинер,0,0,0,0,0,0,0,0,0,0
доблестный,0,0,0,0,0,0,1,0,0,0
срок действия,0,0,0,1,0,0,0,0,0,0
долина,0,0,0,0,0,0,0,0,0,0
доблесть,0,0,0,0,0,0,1,0,0,1
ценный,0,0,0,0,0,0,1,0,0,0
оценка,0,0,0,0,0,0,0,0,0,0
клапан,0,0,0,0,0,0,0,0,0,0
вамп,0,0,0,0,0,0,0,0,0,0
вампир,1,0,1,1,0,1,0,0,0,0
фургон,0,0,0,0,0,0,0,0,0,0
флюгер,0,0,0,0,0,0,0,0,0,0
авангард,0,0,0,0,0,0,1,0,0,0
ваниль,0,0,0,0,0,0,0,0,0,0
исчезнуть,0,0,0,0,0,0,0,0,1,0
исчез,0,0,0,1,0,1,0,1,1,0
суета сует,0,0,0,0,0,1,0,0,0,0
победить,0,0,0,0,0,0,1,0,0,0
пар,0,0,0,0,0,0,0,0,0,0
вара,0,0,0,0,0,0,0,0,0,0
переменная,0,0,0,0,0,0,0,0,1,0
дисперсия,0,0,0,0,0,0,0,0,0,0
вариация,0,0,0,0,0,0,0,0,0,0
вариации,0,0,0,0,0,0,0,0,0,0
ветряная оспа,0,0,1,1,0,1,0,1,0,0
варикоз,0,0,0,0,0,1,0,0,0,0
разнообразный,0,0,0,0,0,0,0,0,0,0
пестрый,0,0,0,0,0,0,0,0,0,0
разнообразие,0,0,0,0,0,0,0,0,0,0
отличаться,0,0,0,0,0,0,0,0,0,0
сосудистый,0,0,0,0,0,0,0,0,0,0
ваза,0,0,0,0,0,0,0,0,0,0
огромный,0,0,0,0,0,0,0,0,0,0
НДС,0,0,0,0,0,0,0,0,0,0
водевиль,0,0,0,0,0,0,0,0,0,0
свод,0,0,0,0,0,0,0,0,0,0
сводчатый,0,0,0,0,0,0,0,0,0,0
прыжки,0,0,0,0,0,0,0,0,0,0
телятина,0,0,0,0,0,0,0,1,0,1
вектор,0,0,0,0,0,0,0,0,0,0
отклоняться,0,0,0,1,0,0,0,0,1,0
вега,0,0,0,0,0,0,0,0,0,0
овощ,0,0,0,0,0,0,0,0,0,0
вегетарианец,0,0,0,0,0,0,0,0,0,0
вегетарианство,0,0,0,0,0,0,0,0,0,0
растительность,0,0,0,0,0,0,0,0,0,0
вегетативный,0,0,1,0,0,1,0,1,0,0
страстный,1,0,0,1,0,1,0,0,0,0
средство передвижения,0,0,0,0,0,0,0,0,0,0
вуаль,0,0,0,0,0,0,0,0,0,0
завуалированный,0,0,0,0,0,0,0,0,0,0
вена,0,0,0,0,0,0,0,0,0,0
жилистый,0,0,0,0,0,0,0,0,0,0
пергамент,0,0,0,0,0,0,0,0,0,0
скорость,0,0,0,0,0,0,0,0,0,0
велюр,0,0,0,0,0,0,0,0,0,0
бархат,0,0,0,0,0,0,1,0,0,0
бархатистый,0,0,0,0,0,0,1,0,0,0
вена,0,0,0,0,0,0,0,0,0,0
вендетта,1,0,0,1,0,1,0,1,0,0
продавец,0,0,0,0,0,0,0,0,0,0
шпон,0,0,0,0,0,0,0,0,0,0
почтенный,0,1,0,0,1,0,1,0,0,1
почитание,0,0,0,0,0,0,1,0,0,0
месть,1,0,0,0,0,1,0,0,0,0
мстительный,1,0,0,1,0,1,0,0,0,0
оленина,0,0,0,0,0,0,0,0,0,0
яд,1,0,1,1,0,1,0,0,0,0
ядовитый,1,0,1,1,0,1,0,0,0,0
венозный,0,0,0,0,0,0,0,0,0,0
вентиляция,1,0,0,0,0,0,0,0,0,0
вентиляция,0,0,0,0,0,0,0,0,0,0
вентилятор,0,0,0,0,0,0,0,0,0,0
желудочек,0,0,0,0,0,0,0,0,0,0
желудочковый,0,0,0,0,0,0,0,0,0,0
риск,0,0,0,0,0,0,0,0,0,0
место проведения,0,0,0,0,0,0,0,0,0,0
правдивость,0,1,0,0,1,0,1,0,1,1
веранда,0,0,0,0,0,0,0,0,0,0
словесный,0,0,0,0,0,0,0,0,0,0
дословно,0,0,0,0,0,0,0,0,0,0
словоблудие,0,0,0,0,0,0,0,0,0,0
подробный,0,0,0,0,0,0,0,0,0,0
многословие,0,0,0,0,0,1,0,0,0,0
зеленый,0,0,0,0,0,0,1,0,0,0
приговор,0,0,0,1,0,0,0,0,0,0
грань,0,1,0,1,0,1,0,0,0,0
проверка,0,0,0,0,0,0,1,0,0,1
проверено,0,0,0,0,0,0,1,0,0,1
проверять,0,0,0,0,0,0,0,0,0,0
поистине,0,0,0,0,0,0,1,0,0,1
настоящий,0,0,0,0,0,0,1,0,0,0
паразит,1,0,1,1,0,1,0,0,0,0
народный,0,0,0,0,0,0,0,0,0,0
весенний,0,0,0,0,1,0,1,0,0,0
вероника,0,0,0,0,0,0,0,0,0,0
универсальный,0,0,0,0,0,0,0,0,0,0
универсальность,0,0,0,0,0,0,0,0,0,0
стих,0,0,0,0,0,0,0,0,0,0
версия,0,0,0,0,0,0,0,0,0,0
против,1,0,0,0,0,1,0,0,0,0
верт,0,0,0,0,0,0,0,0,0,0
позвонок,0,0,0,0,0,0,0,0,0,0
позвоночный,0,0,0,0,0,0,0,0,0,0
вершина,0,0,0,0,0,0,0,0,0,0
вертикальный,0,0,0,0,0,0,0,0,0,0
вертикально,0,0,0,0,0,0,0,0,0,0
головокружение,0,0,0,1,0,1,0,0,0,0
воодушевление,0,0,0,0,0,0,1,0,0,0
везикул,0,0,0,0,0,0,0,0,0,0
везикулярный,0,0,1,0,0,0,0,0,0,0
судно,0,0,0,0,0,0,0,0,0,0
жилет,0,0,0,0,0,0,0,0,0,0
наделённый,0,0,0,0,0,0,0,0,0,0
вестибюль,0,0,0,0,0,0,0,0,0,0
пережиток,0,0,0,0,0,0,0,0,0,0
ветеринар,0,0,0,0,0,0,0,0,0,0
ветеран,0,0,0,0,0,0,1,0,0,1
ветеринар,0,0,0,0,0,0,0,0,0,0
вето,1,0,0,0,0,1,0,0,0,0
жизнеспособность,0,0,0,0,0,0,0,0,0,0
жизнеспособный,0,0,0,0,0,0,0,0,0,0
виадук,0,0,0,0,0,0,0,0,0,0
флакон,0,0,0,0,0,0,0,0,0,0
вибрировать,0,0,0,0,0,0,0,0,0,0
вибрация,0,0,0,0,0,0,0,0,0,0
вибрирующий,0,0,0,0,0,0,0,0,0,0
викарий,0,0,0,0,0,0,1,0,0,1
заместитель,0,0,0,0,0,0,0,0,0,0
порок,0,0,0,0,0,1,0,0,0,0
окрестности,0,0,0,0,0,0,0,0,0,0
беспощадный,1,0,1,0,0,1,0,0,0,0
потерпевший,1,0,0,1,0,1,0,1,0,0
жертва,1,0,1,1,0,1,0,1,1,0
Виктор,0,0,0,0,1,0,1,0,0,0
Виктория,0,0,0,0,0,0,0,0,0,0
победоносный,0,0,0,0,1,0,1,0,0,0
победа,0,1,0,0,1,0,1,0,0,1
видеозапись,0,0,0,0,0,0,0,0,0,0
соперничать,0,0,0,0,0,0,0,0,0,0
Посмотреть,0,0,0,0,0,0,0,0,0,0
бдение,0,1,0,0,0,0,0,0,0,0
бдительность,0,1,0,0,0,0,1,0,0,1
бдительный,0,0,0,1,0,0,1,0,0,1
виньетка,0,0,0,0,0,0,0,0,0,0
энергия,0,0,0,0,0,0,1,0,0,0
энергичный,0,0,0,0,0,0,1,0,0,1
викинг,0,0,0,0,0,0,0,0,0,0
вилла,0,0,0,0,0,0,0,0,0,0
деревня,0,0,0,0,0,0,0,0,0,0
сельский житель,0,0,0,0,0,0,1,0,0,1
злодей,0,0,0,1,0,1,0,0,0,0
злодейский,1,0,1,1,0,1,0,0,0,0
винегрет,0,0,0,0,0,0,0,0,0,0
оправдывать,1,0,0,0,0,0,0,0,0,0
подтвержденный,0,0,0,0,0,0,1,0,0,0
оправдание,0,1,0,0,1,0,1,0,0,1
мстительный,1,0,1,0,0,1,0,0,0,0
уксус,0,0,0,0,0,0,0,0,0,0
виноградник,0,0,0,0,0,0,0,0,0,0
альт,0,0,0,0,0,0,0,0,0,0
нарушение,1,0,0,1,0,1,0,1,1,0
насилие,1,0,0,1,0,1,0,1,0,0
жестокий,1,0,1,1,0,1,0,0,1,0
яростно,1,0,1,1,0,1,0,1,0,0
Виолетта,0,0,0,0,0,0,0,0,0,0
скрипка,0,0,0,0,0,0,0,0,0,0
скрипач,0,0,0,0,0,0,0,0,0,0
гадюка,0,0,0,1,0,1,0,0,0,0
девственник,0,0,0,0,0,0,1,0,0,1
девственность,0,1,0,0,0,0,1,0,0,0
вирусология,0,0,0,0,0,0,0,0,0,0
виртуальный,0,0,0,0,0,0,0,0,0,0
практически,0,0,0,0,0,0,0,0,0,0
добродетель,0,0,0,0,0,0,1,0,0,1
виртуоз,0,0,0,0,0,0,0,0,0,0
добродетельный,0,0,0,0,1,0,1,0,0,1
вирулентность,1,0,0,1,0,1,0,0,0,0
вирус,0,0,0,0,0,1,0,0,0,0
виза,0,0,0,0,0,0,0,0,0,0
облик,0,0,0,0,0,0,0,0,0,0
вязкость,0,0,0,0,0,0,0,0,0,0
вязкий,0,0,0,0,0,0,0,0,0,0
тиски,0,0,0,0,0,0,0,0,0,0
видимость,0,0,0,0,0,0,0,0,0,0
видимый,0,0,0,0,0,0,0,0,0,0
заметно,0,0,0,0,0,0,0,0,0,0
зрение,0,1,0,0,0,0,1,0,0,0
провидец,0,1,0,0,1,0,1,0,0,1
посещать,0,0,0,0,0,0,1,0,0,0
посещение,0,0,0,0,0,1,0,0,0,0
посещение,0,0,0,0,0,0,0,0,0,0
посетитель,0,1,0,0,1,0,1,0,0,0
козырек,0,1,0,0,0,0,0,0,1,0
перспектива,0,0,0,0,0,0,0,0,0,0
визуальный,0,0,0,0,0,0,0,0,0,0
визуализировать,0,0,0,0,0,0,0,0,0,0
жизненно важный,0,0,0,0,0,0,1,0,0,0
жизненная сила,0,0,0,0,1,0,1,0,0,1
стекловидный,0,0,0,0,0,0,0,0,0,0
живой,0,0,0,0,1,0,1,0,0,0
яркий,0,0,0,0,1,0,1,0,0,0
мегера,0,0,0,0,0,1,0,0,0,0
запас слов,0,0,0,0,0,0,1,0,0,0
вокал,0,0,0,0,0,0,0,0,0,0
вокалист,0,0,0,0,0,0,0,0,0,0
призвание,0,0,0,0,0,0,0,0,0,0
мода,0,0,0,0,0,0,0,0,0,0
голос,0,0,0,0,0,0,0,0,0,0
глухой,0,0,0,0,0,0,0,0,0,0
пустота,0,0,0,0,0,0,0,0,0,0
волатильность,1,1,0,1,0,1,0,0,1,0
вулканический,0,0,0,0,0,0,0,0,0,0
вулкан,0,0,0,1,0,1,0,0,1,0
воля,0,0,0,0,0,0,0,0,0,0
залп,0,0,0,0,0,0,0,0,0,0
вольтметр,0,0,0,0,0,0,0,0,0,0
объем,0,0,0,0,0,0,0,0,0,0
объемистый,0,0,0,0,0,0,0,0,0,0
добровольно,0,0,0,0,0,0,0,0,0,0
добровольный,0,0,0,0,0,0,0,0,0,0
волонтер,0,1,0,1,1,0,1,0,0,1
волонтерство,0,0,0,0,0,0,0,0,0,0
волонтеры,0,0,0,0,0,0,0,0,0,1
сладострастный,0,1,0,0,1,0,1,0,0,0
рвота,0,0,1,0,0,0,0,0,0,0
рвота,0,0,0,0,0,1,0,0,0,0
вуду,0,0,0,0,0,1,0,0,0,0
ненасытный,0,0,0,0,0,0,0,0,0,0
вихрь,0,0,0,0,0,0,0,0,0,0
голосование,1,1,0,0,1,1,1,1,1,1
голосование,0,0,0,0,0,0,0,0,0,0
обет,0,0,0,0,0,0,0,0,0,1
ручаться,0,0,0,0,0,0,1,0,0,1
ваучер,0,0,0,0,0,0,0,0,0,1
клятва,0,1,0,0,1,0,1,0,0,1
гласный звук,0,0,0,0,0,0,0,0,0,0
путешествие,0,1,0,0,0,0,0,0,0,0
путешественник,0,0,0,0,0,0,0,0,0,0
вульгарный,0,0,1,0,0,1,0,0,0,0
пошлость,1,0,1,0,0,1,0,1,0,0
уязвимость,0,0,0,1,0,1,0,1,0,0
уязвимый,0,0,0,0,0,0,0,0,0,0
гриф,0,0,1,1,0,1,0,0,0,0
пыж,0,0,0,0,0,0,0,0,0,0
пробираться,0,0,0,0,0,0,0,0,0,0
облатка,0,0,0,0,0,0,0,0,0,0
вафля,1,0,0,0,0,1,0,1,0,0
вилять,0,0,0,0,0,0,0,0,0,0
пари,0,0,0,0,0,0,0,0,0,0
заработная плата,0,0,0,0,1,0,1,0,0,0
фургон,0,0,0,0,0,0,0,0,0,0
вопль,0,0,0,1,0,1,0,1,0,0
Талия,0,0,0,0,0,0,0,0,0,0
жилет,0,0,0,0,0,0,0,0,0,0
ждать,0,1,0,0,0,1,0,0,0,0
официант,0,0,0,0,0,0,0,0,0,0
ожидающий,0,0,0,0,0,0,0,0,0,0
отказаться,0,0,0,0,0,0,0,0,0,0
будить,0,0,0,0,0,0,0,0,0,0
ходить,0,0,0,0,0,0,0,0,0,0
ходок,0,0,0,0,0,0,0,0,0,0
стена,0,0,0,0,0,0,0,0,0,0
бумажник,0,0,0,0,0,0,0,0,0,0
барахтаться,0,0,1,0,0,1,0,1,0,0
грецкий орех,0,0,0,0,0,0,0,0,0,0
вальс,0,0,0,0,0,0,0,0,0,0
бледный,0,0,0,1,0,1,0,1,0,0
палочка,0,0,0,0,0,0,0,0,0,0
бродить,0,0,0,0,0,0,0,0,0,0
странник,0,0,0,0,0,0,0,0,0,0
блуждающий,0,0,0,0,0,0,0,0,0,0
ослабевать,0,0,0,0,0,1,0,1,0,0
ослабевающий,0,0,0,0,0,0,0,0,0,0
желание,0,0,0,0,0,1,0,1,0,0
война,0,0,0,1,0,1,0,0,0,0
славка,0,0,0,0,0,0,0,0,0,0
сторожить,0,0,0,0,0,0,0,0,0,0
надзиратель,1,0,0,1,0,1,0,0,0,1
гардероб,0,0,0,0,0,0,0,0,0,0
посуда,0,0,0,1,0,1,0,0,0,0
склад,0,0,0,0,0,0,0,0,0,0
военное дело,1,0,0,1,0,1,0,1,0,0
воинственный,1,0,0,1,0,1,0,0,0,0
Чернокнижник,0,0,0,1,0,0,0,0,0,0
потепление,0,0,0,0,0,0,0,0,0,0
предупреждать,0,1,0,1,0,1,0,0,1,1
предупрежден,0,1,0,1,0,0,0,0,1,0
предупреждение,0,0,0,1,0,0,0,0,0,0
деформация,1,0,0,0,0,1,0,1,0,0
деформированный,0,0,0,0,0,1,0,0,0,0
ордер,0,0,0,0,0,0,0,0,0,0
гарантированный,0,0,0,0,0,0,0,0,0,0
гарантии,0,0,0,0,0,0,0,0,0,0
гарантия,0,0,0,0,0,0,1,0,0,1
Уоррен,0,0,0,0,0,0,0,0,0,0
воин,1,0,0,1,0,0,1,0,0,0
бородавка,0,0,1,0,0,1,0,0,0,0
осторожный,0,0,0,1,0,0,0,0,0,0
мыть,0,0,0,0,0,0,0,0,0,0
мойка,0,0,0,0,0,0,0,0,0,0
вымывание,0,0,0,0,0,0,0,0,0,0
оса,0,0,0,0,0,0,0,0,0,0
напрасно тратить,0,0,1,0,0,1,0,0,0,0
потрачено,1,0,1,0,0,1,0,0,0,0
расточительный,1,0,1,0,0,1,0,1,0,0
тратить,0,0,1,1,0,1,0,1,0,0
смотреть,0,1,0,1,0,0,0,0,0,0
сторожевая собака,0,0,0,0,0,0,1,0,0,1
бдительный,0,0,0,0,0,0,1,0,0,1
сторож,0,0,0,0,0,0,1,0,0,1
вода,0,0,0,0,0,0,0,0,0,0
водоток,0,0,0,0,0,0,0,0,0,0
поливают,0,0,0,0,0,0,0,0,0,0
водонепроницаемый,0,0,0,0,0,0,1,0,0,0
гидротехнические сооружения,0,0,0,0,0,0,0,0,0,0
водянистый,0,0,0,0,0,1,0,0,0,0
волна,0,0,0,0,0,0,0,0,0,0
колебаться,0,0,0,1,0,1,0,0,0,0
колеблющийся,0,0,0,0,0,0,0,0,0,0
волны,0,0,0,0,0,0,0,0,0,0
волнистый,0,0,0,0,0,0,0,0,0,0
воск,0,0,0,0,0,0,0,0,0,0
восковой,0,0,0,0,0,0,0,0,0,0
способы,0,0,0,0,0,0,0,0,0,0
своенравный,0,0,0,0,0,0,0,0,0,0
ослабленный,0,0,0,0,0,1,0,0,0,0
слабо,0,0,0,1,0,1,0,1,0,0
слабость,0,0,0,0,0,1,0,0,0,0
богатство,0,0,0,0,1,0,1,0,0,1
богатый,0,0,0,0,0,0,0,0,0,0
оружие,0,0,0,0,0,0,0,0,0,0
носить,0,0,0,0,0,1,0,0,0,1
устало,0,0,0,0,0,1,0,1,0,0
усталость,0,0,0,0,0,1,0,1,0,0
утомительный,0,0,0,0,0,0,0,0,0,0
усталый,0,0,0,0,0,1,0,1,0,0
погода,0,0,0,0,0,0,0,0,0,0
выветрившийся,0,0,0,0,0,0,0,0,0,0
всепогодный,0,0,0,0,0,0,1,0,0,0
ткать,0,0,0,0,0,0,0,0,0,0
сеть,0,0,0,0,0,0,0,0,0,0
мы б,0,0,0,0,0,0,0,0,0,0
женат,0,0,0,0,0,0,0,0,0,0
клин,0,0,0,0,0,0,0,0,0,0
крошечный,0,0,0,0,0,0,0,0,0,0
сорняк,0,0,0,0,0,0,0,0,0,0
прополка,0,0,0,0,0,0,0,0,0,0
сорняки,0,0,0,0,0,1,0,1,0,0
сорняк,0,0,0,0,0,0,0,0,0,0
неделя,0,0,0,0,0,0,0,0,0,0
еженедельно,0,0,0,0,0,0,0,0,0,0
плакать,0,0,0,0,0,1,0,1,0,0
плач,0,0,0,0,0,0,0,1,0,0
взвешивать,0,1,0,0,0,0,0,0,0,1
взвешивание,0,0,0,0,0,0,0,0,0,0
масса,0,1,1,1,1,1,1,1,1,1
невесомый,0,0,0,0,0,0,0,0,0,0
веса,0,0,0,0,0,0,0,0,0,0
весомый,0,0,0,1,0,0,0,0,0,0
плотина,0,0,0,0,0,0,0,0,0,0
странный,0,0,1,0,0,1,0,0,0,0
чудак,0,0,0,1,0,1,0,0,0,0
приветствуется,0,0,0,0,1,0,1,0,0,0
сварка,0,0,0,0,0,0,0,0,0,0
благосостояние,0,0,0,0,0,0,0,0,0,0
устье скважины,0,0,0,0,0,0,0,0,0,0
волдырь,0,0,0,0,0,0,0,0,0,0
жировик,0,0,0,0,0,1,0,0,0,0
девка,1,0,1,0,0,1,0,0,0,0
вестерн,0,0,0,0,0,0,0,0,0,0
мокрый,0,0,0,0,0,0,0,0,0,0
бить,0,0,0,0,0,1,0,0,0,0
кит,0,0,0,0,0,0,0,0,0,0
бац,0,0,0,0,0,0,0,0,0,0
пристань,0,0,0,0,0,0,0,0,0,0
что угодно,0,0,0,0,0,0,0,0,0,0
рулевое колесо,0,0,0,0,0,0,0,0,0,0
колеса,0,0,0,0,0,0,0,0,0,0
местонахождение,0,0,0,0,0,0,0,0,0,0
поэтому,0,0,0,0,0,0,0,0,0,0
с чем,0,0,0,0,0,0,0,0,0,0
чем,0,0,0,0,0,0,0,0,0,0
точить,0,0,0,0,0,0,0,0,0,0
дуновение,0,0,0,0,0,0,0,0,0,0
пока,0,0,0,0,0,0,0,0,0,0
каприз,0,1,0,0,1,1,0,0,1,0
хныканье,0,0,0,1,0,0,0,1,0,0
причудливый,0,0,0,0,1,0,0,0,0,0
прихоть,0,0,0,0,0,0,0,0,0,0
скулить,0,0,1,0,0,1,0,1,0,0
хлыст,1,0,0,0,0,1,0,0,0,0
кружиться,0,0,0,0,0,0,0,0,0,0
водоворот,0,0,0,1,0,0,0,0,0,0
вихрь,0,0,0,1,0,1,0,0,0,0
венчик,0,0,0,0,0,0,0,0,0,0
бакенбарды,0,0,0,0,0,0,0,0,0,0
виски,0,0,0,0,0,1,0,0,0,0
шепот,0,0,0,0,0,0,0,0,0,0
прошептал,0,0,0,0,0,0,0,0,0,0
свист,0,0,0,0,0,0,0,0,0,0
ничуть,0,0,0,0,0,0,0,0,0,0
белизна,0,0,0,0,1,0,1,0,0,0
беловатый,0,0,0,0,0,0,0,0,0,0
свист,0,0,0,0,0,0,0,0,0,0
полезный,0,0,0,0,0,0,1,0,0,1
полностью,0,0,0,0,0,0,0,0,0,0
возглас,0,0,0,0,0,0,0,0,0,0
колоссальный,0,0,0,0,0,0,0,0,0,0
шлюха,0,0,1,0,0,1,0,0,0,0
фитиль,0,0,0,0,0,0,0,0,0,0
безнравственный,0,0,0,1,0,1,0,0,0,0
злоба,0,0,1,0,0,1,0,0,0,0
плетеный,0,0,0,0,0,0,0,0,0,0
калитка,0,0,0,0,0,0,1,0,0,0
широкий,0,0,0,0,0,0,0,0,0,0
широко,0,0,0,0,0,0,0,0,0,0
расширить,0,0,0,0,0,0,0,0,0,0
широко распространен,0,0,0,0,0,0,1,0,0,0
вдова,0,0,0,0,0,0,0,1,0,0
вдовец,0,0,0,0,0,0,0,1,0,0
ширина,0,0,0,0,0,0,0,0,0,0
владеть,0,0,0,0,0,0,0,0,0,0
жена,0,0,0,0,0,0,0,0,0,0
парик,0,0,0,0,0,0,0,0,0,0
уайт,0,0,0,0,0,0,0,0,0,0
дикий,0,0,0,0,0,1,0,0,1,0
дикий кот,0,0,0,0,0,1,0,0,0,0
пустыня,0,1,0,1,0,0,0,1,0,0
лесной пожар,0,0,0,1,0,1,0,1,1,0
своенравный,1,0,0,0,0,1,0,1,0,0
охотно,0,0,0,0,0,0,1,0,0,0
готовность,0,0,0,0,0,0,1,0,0,0
ива,0,0,0,0,0,0,0,0,0,0
увядший,0,0,0,0,0,0,0,0,0,0
хитрый,0,0,0,0,0,0,0,0,0,0
слабак,0,0,1,1,0,1,0,0,0,0
слабак,1,0,1,1,0,1,0,1,0,0
вздрагивать,1,0,1,1,0,1,0,1,0,0
лебедка,0,0,0,0,0,0,0,0,0,0
ветер,0,0,0,0,0,0,0,0,0,0
неожиданная удача,0,0,0,0,0,0,1,0,0,0
обмотка,0,0,0,0,0,0,0,0,0,0
ветряная мельница,0,0,0,0,0,0,0,0,0,0
окно,0,0,0,0,0,0,0,0,0,0
ветреный,0,0,0,0,0,0,0,0,0,0
вино,0,0,0,0,0,0,0,0,0,0
крыло,0,0,0,0,0,0,0,0,0,0
крылатый,0,0,0,0,0,0,0,0,0,0
подмигивание,0,0,0,0,0,0,0,0,0,0
победитель,0,1,0,0,1,0,1,0,1,0
выигрыш,0,1,1,0,1,0,1,1,1,1
выигрыш,0,1,0,0,1,0,1,0,0,0
зима,0,0,0,0,0,0,0,0,0,0
зимний,0,0,0,0,0,0,0,0,0,0
вытирать,0,0,0,0,0,0,0,0,0,0
провод,0,0,0,0,0,0,0,0,0,0
беспроводной,1,1,0,0,0,0,1,0,1,0
ум,0,0,0,0,0,0,1,0,0,0
мудрость,0,0,0,0,0,0,1,0,0,1
мудрый,0,0,0,0,0,0,1,0,0,0
желаемое за действительное,0,1,0,0,0,0,0,0,0,0
задумчивый,0,0,0,0,0,0,0,0,0,0
остроумие,0,0,0,0,0,0,1,0,0,0
ведьма,1,0,1,1,0,1,0,0,0,0
колдовство,1,0,0,1,0,1,0,1,0,0
вместе с тем,0,0,0,0,0,0,0,0,0,0
отзывать,0,0,0,0,0,1,0,1,0,0
вывод,0,0,0,0,0,0,0,0,0,0
увядать,0,0,0,0,0,1,0,1,0,0
иссохший,0,0,1,0,0,1,0,0,0,0
выдержать,0,1,0,1,0,0,1,0,0,0
свидетель,0,0,0,0,0,0,0,0,0,1
остроумие,0,0,0,0,0,0,1,0,0,0
остроумный,0,0,0,0,1,0,1,0,0,0
волшебник,0,1,0,0,0,0,1,0,1,0
горе,0,0,1,1,0,1,0,1,0,0
горестный,0,0,0,0,0,1,0,1,0,0
прискорбно,0,0,1,0,0,1,0,1,0,0
женственность,0,0,0,0,0,0,0,0,0,0
женственный,0,0,0,0,0,0,0,0,0,0
матка,0,0,0,0,0,0,1,0,0,0
замечательно,0,0,0,0,1,0,1,0,1,1
чудесно,0,0,0,0,1,0,1,0,1,0
чудесный,0,0,0,0,0,0,1,0,0,0
не будет,0,1,0,0,0,0,0,0,0,0
добиваться,0,0,0,0,0,0,0,0,0,0
древесина,0,0,0,0,0,0,0,0,0,0
гравюра на дереве,0,0,0,0,0,0,0,0,0,0
деревянный,0,0,0,0,0,0,0,0,0,0
лесистая местность,0,0,0,0,0,0,0,0,0,0
древесный,0,0,0,0,0,0,0,0,0,0
ухаживание,0,0,0,0,0,0,0,0,0,0
шерсть,0,0,0,0,0,0,0,0,0,0
мохнатый,0,0,0,0,0,0,0,0,0,0
упс,1,0,0,0,0,0,0,0,0,0
слово,0,0,0,0,0,0,1,0,0,1
формулировка,0,0,0,0,0,0,0,0,0,0
слова,1,0,0,0,0,1,0,0,0,0
многословный,0,0,0,0,0,0,0,0,0,0
Работа,0,0,0,0,0,0,0,0,0,0
рабочая тетрадь,0,0,0,0,0,0,0,0,0,0
рабочий,0,0,0,0,0,0,0,0,0,0
работающий,0,0,0,0,0,0,1,0,0,0
рабочий,0,0,0,0,0,0,0,0,0,0
мастерство,0,0,0,0,0,0,0,0,0,0
рабочее место,0,0,0,0,0,0,0,0,0,0
работает,0,0,0,0,0,0,0,0,0,0
цех,0,0,0,0,0,0,0,0,0,0
Мир,0,0,0,0,0,0,0,0,0,0
мирской,0,0,0,0,0,0,0,0,0,0
Мировой,0,0,0,0,0,0,0,0,0,0
червь,0,1,0,0,0,1,0,0,1,0
изношенный,0,0,0,0,0,1,0,1,0,0
волновался,0,0,0,0,0,1,0,1,0,0
волноваться,0,1,0,1,0,1,0,1,0,0
тревожный,0,1,0,1,0,1,0,1,0,0
худший,0,0,0,1,0,1,0,1,0,0
ухудшение,0,0,1,0,0,1,0,1,0,0
поклонение,0,1,0,1,1,0,1,0,0,1
стоит,0,0,0,0,0,0,1,0,0,0
бесполезный,1,0,1,0,0,1,0,1,0,0
достойный,0,0,0,0,0,0,1,0,0,1
что,0,0,0,0,0,0,1,0,0,1
ранить,1,0,0,1,0,1,0,1,0,0
спорщик,0,0,0,0,0,0,0,0,0,0
споры,1,0,1,1,0,1,0,1,0,0
сворачивать,0,0,0,0,0,0,0,0,0,0
обертка,0,0,0,0,0,0,0,0,0,0
оберточная бумага,0,0,0,0,0,0,0,0,0,0
гнев,1,0,0,1,0,1,0,0,0,0
сеять,1,0,0,0,0,1,0,0,0,0
венок,0,0,0,0,0,0,0,0,0,0
крушение,1,0,1,1,0,1,0,1,1,0
разбитый,1,0,0,1,0,1,0,1,0,0
гаечный ключ,0,0,0,0,0,1,0,0,0,0
вырвать,0,0,0,0,0,0,0,0,0,0
бороться,0,0,0,0,0,0,0,0,0,0
борец,0,0,0,0,0,0,0,0,0,0
борьба,0,0,0,0,0,1,0,0,0,0
негодяй,1,0,1,0,0,1,0,1,0,0
несчастный,0,0,1,0,0,1,0,1,0,0
Райт,0,0,0,0,0,0,0,0,0,0
отжимать,1,0,0,0,0,0,0,0,0,0
морщина,0,0,0,0,0,0,0,0,0,0
морщинистый,0,0,0,0,0,0,0,1,0,0
запястье,0,0,0,0,0,0,0,0,0,0
браслет,0,0,0,0,0,0,0,0,0,0
наручные часы,0,0,0,0,0,0,0,0,0,0
предписание,0,0,0,0,0,0,0,0,0,0
записывать,0,0,0,0,0,0,0,0,0,0
писатель,0,0,0,0,0,0,1,0,0,0
пишу,0,0,0,0,0,0,0,0,0,0
написано,0,0,0,0,0,0,0,0,0,0
неправильный,0,0,0,0,0,1,0,0,0,0
проступок,1,0,1,0,0,1,0,1,0,0
неправомерный,1,0,1,0,0,1,0,1,0,0
ошибочно,1,0,0,1,0,1,0,1,0,0
кованый,0,0,0,0,0,1,0,0,0,0
кривой,0,0,0,0,0,1,0,0,0,0
ксенофобия,0,0,0,1,0,1,0,0,0,0
ксерокс,0,0,0,0,0,0,0,0,0,0
яхта,0,0,0,0,0,0,0,0,0,0
яхтинг,0,0,0,0,0,0,0,0,0,0
як,0,0,0,0,0,0,0,0,0,0
сладкий картофель,0,0,0,0,0,0,0,0,0,0
дергать,0,0,0,0,0,0,0,0,0,0
площадка,0,0,0,0,0,0,0,0,0,0
пряжа,0,0,0,0,0,0,0,0,0,0
рыскать,0,0,0,0,0,0,0,0,0,0
зевать,0,0,0,0,0,1,0,0,0,0
зевая,0,0,0,0,0,1,0,0,0,0
да,0,0,0,0,0,0,0,0,0,0
год,0,0,0,0,0,0,0,0,0,0
ежегодник,0,0,0,0,0,0,0,0,0,0
годовалый,0,0,0,0,0,0,0,0,0,0
ежегодно,0,0,0,0,0,0,0,0,0,0
тосковать,0,0,0,0,0,0,0,0,0,0
тоска,0,1,0,0,1,1,1,0,0,1
годы,0,0,0,0,0,0,0,0,0,0
дрожжи,0,0,0,0,0,0,0,0,0,0
кричать,1,0,0,1,0,1,0,0,1,0
желтый,0,0,0,0,0,0,0,0,0,0
желтые,0,0,0,0,0,1,0,0,0,0
визжать,1,0,0,1,0,1,0,0,1,0
йомен,0,0,0,0,0,0,0,0,0,0
вчерашний день,0,0,0,0,0,0,0,0,0,0
прошлое,0,0,0,0,0,0,0,0,0,0
тис,0,0,0,0,0,0,0,0,0,0
урожай,0,0,0,0,0,0,0,0,0,0
уступающий,0,0,0,0,0,0,0,0,0,0
йог,0,0,0,0,0,0,0,0,0,0
ярмо,0,0,0,0,0,0,0,0,0,0
желток,0,0,0,0,0,0,0,0,0,0
там,0,0,0,0,0,0,0,0,0,0
там,0,0,0,0,0,0,0,0,0,0
молодежь,1,1,0,1,1,0,1,0,1,0
сумасбродный,0,0,0,0,0,0,0,0,1,0
разряд,0,0,0,0,0,0,0,0,0,0
рвение,0,1,0,0,1,0,1,0,1,1
фанатик,0,0,0,0,0,0,0,0,0,0
ревностный,0,0,0,0,1,0,1,0,0,1
зебра,0,0,0,0,0,0,0,0,0,0
зенит,0,0,0,0,0,0,0,0,0,0
зефир,0,0,0,0,0,0,0,0,0,0
дирижабль,0,0,0,0,0,0,0,0,0,0
изюминка,0,1,0,0,1,0,1,0,0,1
молния,0,0,0,0,0,1,0,0,0,0
зодиак,0,0,0,0,0,0,0,0,0,0
зона,0,0,0,0,0,0,0,0,0,0
зоопарк,0,0,0,0,0,0,0,0,0,0
зоологический,0,0,0,0,0,0,0,0,0,0
зоология,0,0,0,0,0,0,0,0,0,0
зум,0,0,0,0,0,0,0,0,0,0
