Ukrainian Word,anger,anticipation,disgust,fear,joy,negative,positive,sadness,surprise,trust
назад,0,0,0,0,0,0,0,0,0,0
рахівниця,0,0,0,0,0,0,0,0,0,1
відмовитися,0,0,0,1,0,1,0,1,0,0
покинутий,1,0,0,1,0,1,0,1,0,0
занедбаність,1,0,0,1,0,1,0,1,1,0
зменшуватися,0,0,0,0,0,0,0,0,0,0
зменшення,0,0,0,0,0,0,0,0,0,0
abba,0,0,0,0,0,0,1,0,0,0
настоятель,0,0,0,0,0,0,0,0,0,1
скорочувати,0,0,0,0,0,0,0,0,0,0
абревіатура,0,0,0,0,0,0,0,0,0,0
живіт,0,0,0,0,0,0,0,0,0,0
черевний,0,0,0,0,0,0,0,0,0,0
викрадення,0,0,0,1,0,1,0,1,1,0
ненормальний,0,0,0,0,0,1,0,0,0,0
аберація,0,0,1,0,0,1,0,0,0,0
бездіяльність,0,0,0,0,0,0,0,0,0,0
ненавидіти,1,0,1,1,0,1,0,0,0,0
огидний,1,0,1,1,0,1,0,0,0,0
дотримуватися,0,0,0,0,0,0,0,0,0,0
здатність,0,0,0,0,0,0,1,0,0,0
жалюгідний,0,0,1,0,0,1,0,0,0,0
абляція,0,0,0,0,0,0,0,0,0,0
палаючий,0,0,0,0,0,0,0,0,0,0
аномальний,0,0,1,0,0,1,0,0,0,0
на борту,0,0,0,0,0,0,0,0,0,0
місце проживання,0,0,0,0,0,0,0,0,0,0
скасувати,1,0,0,0,0,1,0,0,0,0
скасування,0,0,0,0,0,1,0,0,0,0
огидний,0,0,1,1,0,1,0,0,0,0
гидота,1,0,1,1,0,1,0,0,0,0
абориген,0,0,0,0,0,0,0,0,0,0
перервати,0,0,0,0,0,1,0,0,0,0
аборт,0,0,1,1,0,1,0,1,0,0
абортивний,0,0,0,0,0,1,0,1,0,0
рясніють,0,0,0,0,0,0,0,0,0,0
вищезазначений,0,0,0,0,0,0,1,0,0,0
стирання,0,0,0,0,0,1,0,0,0,0
за кордоном,0,0,0,0,0,0,0,0,0,0
скасувати,0,0,0,0,0,1,0,0,0,0
різкий,0,0,0,0,0,0,0,0,1,0
різко,0,0,0,0,0,0,0,0,0,0
абсцес,0,0,0,0,0,1,0,1,0,0
відсутність,0,0,0,1,0,1,0,1,0,0
відсутній,0,0,0,0,0,1,0,1,0,0
заочний,0,0,0,0,0,1,0,1,0,0
прогули,0,0,0,0,0,1,0,0,0,0
абсент,0,0,0,0,0,0,0,0,0,0
абсолютний,0,0,0,0,0,0,1,0,0,0
відпущення гріхів,0,0,0,0,1,0,1,0,0,1
поглинається,0,0,0,0,0,0,1,0,0,0
абсорбент,0,0,0,0,0,0,0,0,0,0
поглинаючий,0,0,0,0,0,0,0,0,0,0
поглинання,0,0,0,0,0,0,0,0,0,0
утриматись,0,0,0,0,0,0,0,0,0,0
утримання,0,0,0,0,0,0,0,0,0,0
утримання,0,0,0,0,0,0,0,0,0,0
анотація,0,0,0,0,0,0,0,0,0,0
абстракція,0,0,0,0,0,0,0,0,0,0
абсурд,0,0,0,0,0,1,0,0,0,0
абсурдність,0,0,0,0,0,1,0,0,0,0
достаток,0,1,1,0,1,1,1,0,0,1
рясні,0,0,0,0,1,0,1,0,0,0
зловживання,1,0,1,1,0,1,0,1,0,0
абатмент,0,0,0,0,0,0,0,0,0,0
aby,0,0,0,0,0,0,0,0,0,0
безодні,0,0,0,0,0,1,0,1,0,0
безодня,0,0,0,1,0,1,0,1,0,0
академічний,0,0,0,0,0,0,1,0,0,1
академії,0,0,0,0,0,0,1,0,0,0
приєднатися,0,0,0,0,0,0,0,0,0,0
прискорити,0,1,0,0,0,0,0,0,0,0
прискорення,0,0,0,0,0,0,0,0,0,0
акцент,0,0,0,0,0,0,0,0,0,0
акцентувати,0,0,0,0,0,0,0,0,0,0
прийняти,0,0,0,0,0,0,0,0,0,0
прийнятний,0,0,0,0,0,0,1,0,0,0
прийняття,0,0,0,0,0,0,1,0,0,0
доступу,0,0,0,0,0,0,0,0,0,0
доступний,0,0,0,0,0,0,1,0,0,0
приєднання,0,0,0,0,0,0,0,0,0,0
аксесуар,0,0,0,0,0,0,0,0,0,0
нещасний випадок,0,0,0,1,0,1,0,1,1,0
випадковий,0,0,0,1,0,1,0,0,1,0
випадково,0,0,0,0,0,0,0,0,1,0
нагорода,0,1,0,0,1,0,1,0,1,1
розмістити,0,0,0,0,0,0,0,0,0,0
проживання,0,0,0,0,0,0,1,0,0,0
супровід,0,1,0,0,1,0,1,0,0,1
супроводжувати,0,0,0,0,0,0,0,0,0,0
супроводжуючий,0,0,0,0,0,0,0,0,0,0
співучасник,0,0,0,0,0,0,0,0,0,0
виконати,0,0,0,0,1,0,1,0,0,0
виконано,0,0,0,0,1,0,1,0,0,0
досягнення,0,0,0,0,0,0,1,0,0,0
згода,0,0,0,0,0,0,1,0,0,1
відповідність,0,0,0,0,0,0,0,0,0,0
акордеон,0,0,0,0,0,0,0,0,0,0
рахунок,0,0,0,0,0,0,0,0,0,1
звітність,0,0,0,0,0,0,1,0,0,1
підзвітний,0,0,0,0,0,0,1,0,0,1
бухгалтер,0,0,0,0,0,0,0,0,0,1
облік,0,0,0,0,0,0,0,0,0,0
облікові записи,0,0,0,0,0,0,0,0,0,1
акредитований,0,0,0,0,0,0,1,0,0,1
нарощення,0,0,0,0,0,0,0,0,0,0
нараховувати,0,0,0,0,0,0,0,0,0,0
accueil,0,0,0,0,0,0,1,0,0,0
накопичувати,0,0,0,0,0,0,0,0,0,0
накопичення,0,0,0,0,0,0,0,0,0,0
точність,0,0,0,0,0,0,0,0,0,0
точні,0,0,0,0,0,0,1,0,0,1
проклятий,1,0,0,1,0,1,0,1,0,0
звинувачення,1,0,1,0,0,1,0,0,0,0
знахідний,0,0,0,0,0,1,0,0,0,0
обвинувачений,1,0,0,1,0,1,0,0,0,0
обвинувач,1,0,0,1,0,1,0,0,0,0
звинувачення,1,0,0,1,0,1,0,0,0,0
звикли,0,0,0,0,0,0,0,0,0,0
туз,0,0,0,0,0,0,1,0,0,0
оцтова,0,0,0,0,0,0,0,0,0,0
біль,0,0,0,0,0,1,0,1,0,0
досягти,0,0,0,0,1,0,1,0,0,1
досягнення,0,1,0,0,1,0,1,0,0,1
ниючий,0,0,0,0,0,1,0,1,0,0
кислота,0,0,0,0,0,1,0,0,0,0
кислотність,0,0,0,0,0,0,0,0,0,0
визнати,0,0,0,0,0,0,0,0,0,0
визнав,0,0,0,0,0,0,0,0,0,0
підтвердження,0,0,0,0,0,0,1,0,0,0
акме,0,0,0,0,0,0,0,0,0,0
акустичний,0,0,0,0,0,0,0,0,0,0
акустика,0,0,0,0,0,0,0,0,0,0
познайомити,0,0,0,0,0,0,0,0,0,0
знайомство,0,0,0,0,0,0,0,0,0,0
знайомий,0,0,0,0,0,0,0,0,0,0
мовчазне погодження,0,0,0,0,0,0,0,0,0,0
придбати,0,0,0,0,0,0,1,0,0,0
придбання,0,1,0,0,0,0,1,0,0,0
придбання,0,0,0,0,0,0,0,0,0,0
придбання,0,0,0,0,0,0,0,0,0,0
площа в акрах,0,0,0,0,0,0,0,0,0,0
акрів,0,0,0,0,0,0,0,0,0,0
акробат,0,0,0,1,1,0,1,0,0,1
діяти,0,0,0,0,0,0,0,0,0,0
діючий,0,0,0,0,0,0,0,0,0,0
дію,0,0,0,0,0,0,1,0,0,0
дієві,1,0,1,0,0,1,0,0,0,0
активний,0,0,0,0,0,0,0,0,0,0
діяльність,0,0,0,0,0,0,0,0,0,0
актор,0,0,0,0,0,0,0,0,0,0
фактичний,0,0,0,0,0,0,1,0,0,0
актуальність,0,0,0,0,0,0,0,0,0,0
актуарій,0,0,0,0,0,0,0,0,0,0
гострота,0,0,0,0,0,0,1,0,0,0
кмітливість,0,0,0,0,0,0,1,0,0,0
акупунктура,0,0,0,0,0,0,0,0,0,0
гостро,0,0,0,0,0,0,0,0,0,0
приказка,0,0,0,0,0,0,0,0,0,0
непохитний,0,0,0,0,0,0,0,0,0,0
адаптуватися,0,0,0,0,0,0,1,0,0,0
адаптований,0,0,0,0,0,0,1,0,0,0
додати,0,0,0,0,0,0,0,0,0,0
додано,0,0,0,0,0,0,0,0,0,0
додаток,0,0,0,0,0,0,0,0,0,0
суматор,1,0,1,1,0,1,0,1,0,0
залежність,0,0,0,0,0,1,0,0,0,0
додаток,0,0,0,0,0,0,0,0,0,0
додатковий,0,0,0,0,0,0,0,0,0,0
добавка,0,0,0,0,0,0,0,0,0,0
адресу,0,0,0,0,0,0,0,0,0,0
адресат,0,0,0,0,0,0,0,0,0,0
адреси,0,1,0,0,0,0,1,0,0,0
адепт,0,0,0,0,0,0,1,0,0,0
адекватність,0,0,0,0,0,0,1,0,0,0
адекватний,0,0,0,0,0,0,0,0,0,0
дотримуватися,0,0,0,0,0,0,0,0,0,0
прихильність,0,0,0,0,0,0,0,0,0,0
прихильник,0,0,0,0,0,0,0,0,0,0
дотримуючись,0,0,0,0,0,0,0,0,0,1
адгезія,0,0,0,0,0,0,0,0,0,0
клей,0,0,0,0,0,0,0,0,0,0
прощавай,0,0,0,0,0,0,0,0,0,0
жировий,0,0,0,0,0,1,0,0,0,0
суміжність,0,0,0,0,0,0,0,0,0,0
суміжні,0,0,0,0,0,0,0,0,0,0
прикметник,0,0,0,0,0,0,0,0,0,0
примикання,0,0,0,0,0,0,0,0,0,0
відкласти,0,0,0,0,0,0,0,0,0,0
відстрочка,0,0,0,0,0,0,0,0,0,0
судити,0,0,0,1,0,1,0,0,0,0
винесення судового рішення,0,0,0,0,0,0,0,0,0,0
придатковий,0,0,0,0,0,0,1,0,0,0
налаштувати,0,0,0,0,0,0,0,0,0,0
коригування,0,0,0,0,0,0,0,0,0,0
ад'ювант,0,0,0,0,0,0,0,0,0,0
адмініструвати,0,0,0,0,0,0,0,0,0,0
адміністрування,0,0,0,0,0,0,0,0,0,0
адміністративний,0,0,0,0,0,0,0,0,0,1
гідний захоплення,0,0,0,0,1,0,1,0,0,1
адмірал,0,0,0,0,0,0,1,0,0,1
адміралтейство,0,0,0,0,0,0,0,0,0,0
захоплення,0,0,0,0,1,0,1,0,0,1
захоплюватися,0,0,0,0,0,0,1,0,0,1
шанувальник,0,0,0,0,0,0,1,0,0,0
допустимість,0,0,0,0,0,0,0,0,0,0
припустимий,0,0,0,0,0,0,1,0,0,1
прийом,0,0,0,0,0,0,0,0,0,0
визнати,0,0,0,0,0,0,0,0,0,0
допуск,0,0,0,0,0,0,0,0,0,0
зізнався,0,0,0,0,0,0,0,0,0,0
допускаючи,0,0,0,0,0,0,0,0,0,0
домішка,0,0,0,0,0,0,0,0,0,0
застереження,0,0,0,1,0,1,0,0,0,0
шум,0,0,0,0,0,0,0,0,0,0
глинобитний,0,0,0,0,0,0,0,0,0,0
підлітковий вік,0,0,0,0,0,0,0,0,0,0
підліток,0,0,0,0,0,0,0,0,0,0
прийняти,0,0,0,0,0,0,0,0,0,0
усиновлення,0,0,0,0,0,0,0,0,0,0
чарівний,0,0,0,0,1,0,1,0,0,0
обожнювання,0,0,0,0,1,0,1,0,0,1
обожнюю,0,1,0,0,1,0,1,0,0,1
прикрашати,0,0,0,0,0,0,0,0,0,0
прикраса,0,0,0,0,0,0,0,0,0,0
дрейфувати,0,1,0,1,0,1,0,1,0,0
дорослий,0,0,0,0,0,0,0,0,0,0
фальсифікований,0,0,0,0,0,1,0,0,0,0
подружня зрада,0,0,1,0,0,1,0,1,0,0
заздалегідь,0,1,0,1,1,0,1,0,1,0
просунутий,0,0,0,0,0,0,1,0,0,0
просування,0,0,0,0,0,0,1,0,0,0
просування вперед,0,0,0,0,0,0,0,0,0,0
перевага,0,0,0,0,0,0,1,0,0,0
вигідно,0,0,0,0,0,0,1,0,0,0
прихід,0,1,0,0,1,0,1,0,0,1
пригода,0,1,0,0,0,0,1,0,0,0
авантюрист,0,0,0,0,0,0,0,0,0,0
авантюрний,0,0,0,0,0,0,1,0,0,0
супротивник,1,0,0,0,0,1,0,0,0,0
несприятливий,1,0,1,1,0,1,0,1,0,0
нещастя,1,0,0,1,0,1,0,1,0,0
рекламувати,0,0,0,0,0,0,0,0,0,0
реклама,0,0,0,0,0,0,0,0,0,0
поради,0,0,0,0,0,0,0,0,0,1
доцільно,0,0,0,0,0,0,1,0,0,1
порадити,0,0,0,0,0,0,1,0,0,1
радив,0,0,0,0,0,0,0,0,0,1
порада,0,0,0,0,0,0,0,0,0,0
радник,0,0,0,0,0,0,1,0,0,1
адвокація,1,1,0,0,1,0,1,0,0,1
адвокат,0,0,0,0,0,0,0,0,0,1
егіда,0,0,0,0,0,0,0,0,0,0
аерація,0,0,0,0,0,0,0,0,0,0
повітряний,0,0,0,0,0,0,0,0,0,0
аеродром,0,0,0,0,0,0,0,0,0,0
аеродинаміка,0,0,0,0,0,0,0,0,0,0
повітроплавання,0,0,0,0,0,0,0,0,0,0
літак,0,0,0,0,0,0,0,0,0,0
естетичний,0,0,0,0,0,0,1,0,0,0
естетичність,0,0,0,0,1,0,1,0,0,0
етіологія,0,0,0,0,0,0,0,0,0,0
здалеку,0,0,0,0,0,0,0,0,0,0
привітний,0,0,0,0,0,0,1,0,0,0
роман,0,0,0,0,0,0,0,0,0,0
впливають,0,0,0,0,0,0,0,0,0,0
прихильність,0,0,0,0,1,0,1,0,0,1
прихильності,0,0,0,0,0,0,0,0,0,0
affiche,0,0,0,0,0,0,0,0,0,0
афідевіт,0,0,0,0,0,0,0,0,0,0
афілійовані,0,0,0,0,0,0,1,0,0,0
приналежність,0,0,0,0,0,0,0,0,0,0
спорідненість,0,0,0,0,0,0,0,0,0,0
стверджувати,0,0,0,0,0,0,1,0,0,1
афірмація,0,0,0,0,0,0,1,0,0,0
стверджувальний,0,0,0,0,0,0,1,0,0,0
ствердно,0,0,0,0,0,0,1,0,0,1
афікс,0,0,0,0,0,0,0,0,0,0
страждати,0,0,0,1,0,1,0,1,0,0
уражений,0,0,0,0,0,1,0,0,0,0
страждання,0,0,1,1,0,1,0,1,0,0
достаток,0,0,0,0,1,0,1,0,0,0
заможний,0,0,0,0,0,0,1,0,0,0
дозволити собі,0,0,0,0,0,0,1,0,0,0
образа,1,0,1,1,0,1,0,1,1,0
поза межами,0,0,0,0,0,0,0,0,0,0
раніше,0,0,0,0,0,0,0,0,0,0
вищезгаданий,0,0,0,0,0,0,0,0,0,0
вищесказане,0,0,0,0,0,0,0,0,0,0
боїться,0,0,0,1,0,1,0,0,0,0
заново,0,0,0,0,0,0,0,0,0,0
корма,0,0,0,0,0,0,0,0,0,0
наслідки,1,0,1,1,0,1,0,1,0,0
полудень,0,0,0,0,0,0,0,0,0,0
післясмак,0,0,0,0,0,1,0,0,0,0
заднім числом,0,0,0,0,0,0,0,0,0,0
ага,0,0,0,1,0,0,1,0,0,1
агат,0,0,0,0,0,0,0,0,0,0
вік,0,0,0,0,0,0,0,0,0,0
у віці,0,0,0,0,0,0,0,0,0,0
агентство,0,0,0,0,0,0,0,0,0,0
агент,0,0,0,0,0,0,0,0,0,0
агломерація,0,0,0,0,0,0,0,0,0,0
загострюється,1,0,0,0,0,1,0,0,0,0
обтяжуючий,1,0,0,0,0,1,0,1,0,0
загострення,1,0,1,0,0,1,0,0,0,0
агрегатний,0,0,0,0,0,0,0,0,0,0
агрегація,0,0,0,0,0,0,0,0,0,0
агресія,1,0,0,1,0,1,0,0,0,0
агресивний,1,0,0,1,0,1,0,0,0,0
агресор,1,0,0,1,0,1,0,0,0,0
приголомшений,0,0,1,1,0,1,0,0,1,0
спритний,0,0,0,0,0,0,1,0,0,0
спритність,0,0,0,0,0,0,1,0,0,0
схвильований,1,0,0,0,0,1,0,0,0,0
агітація,1,0,0,0,0,1,0,0,0,0
агностик,0,0,0,0,0,0,0,0,0,0
тому,0,0,0,0,0,0,0,0,0,0
болісно,0,0,0,1,0,1,0,0,0,0
агонія,1,0,0,1,0,1,0,1,0,0
згоден,0,0,0,0,0,0,1,0,0,0
приємний,0,0,0,0,0,0,1,0,0,1
погодився,0,0,0,0,0,0,1,0,0,1
погоджуючись,0,0,0,0,0,0,1,0,0,1
Угода,0,0,0,0,0,0,1,0,0,1
сільськогосподарський,0,0,0,0,0,0,0,0,0,0
сільське господарство,0,0,0,0,0,0,1,0,0,0
на мілині,0,0,0,0,0,1,0,0,0,0
agua,0,0,0,0,0,0,0,0,0,0
попереду,0,0,0,0,0,0,1,0,0,0
допомога,0,0,0,0,0,0,1,0,0,0
допомога,0,0,0,0,0,0,1,0,0,0
хворий,0,0,0,0,0,1,0,1,0,0
хворий,0,0,0,1,0,1,0,1,0,0
нездужання,0,0,0,0,0,0,0,0,0,0
мета,0,0,0,0,0,0,0,0,0,0
безцільний,0,0,0,0,0,1,0,0,0,0
повітря,0,0,0,0,0,0,0,0,0,0
подушка безпеки,0,0,0,0,0,0,0,0,0,0
ерліфт,0,0,0,0,0,0,0,0,0,0
авіакомпанія,0,0,0,0,0,0,0,0,0,0
льотчик,0,0,0,0,0,0,0,0,0,0
літак,0,0,0,0,0,0,0,0,0,0
аеропорт,0,1,0,0,0,0,0,0,0,0
ефіри,0,0,1,0,0,1,0,0,0,0
дирижабль,0,0,0,0,0,0,0,0,0,0
прохід,0,0,0,0,0,0,0,0,0,0
ait,0,0,0,0,0,0,0,0,0,0
прочинений,0,0,0,0,0,0,0,0,0,0
споріднений,0,0,0,0,0,0,0,0,0,1
алебастр,0,0,0,0,0,0,1,0,0,0
тривога,0,0,0,1,0,1,0,0,1,0
тривожний,0,0,0,1,0,1,0,0,1,0
алб,0,0,0,0,0,0,0,0,0,1
альбом,0,0,0,0,0,0,0,0,0,0
алхімія,0,0,0,0,0,0,0,0,0,0
алкоголь,0,0,0,0,0,0,0,0,0,0
алкоголізм,1,0,1,1,0,1,0,1,0,0
альков,0,0,0,0,0,0,0,0,0,0
оповіщення,0,0,0,0,0,0,0,0,0,0
пильність,0,1,0,1,0,0,1,0,1,0
оповіщення,0,1,0,1,0,0,0,0,1,0
люцерна,0,0,0,0,0,0,0,0,0,0
алгебра,0,0,0,0,0,0,0,0,0,0
алгебраїчні,0,0,0,0,0,0,0,0,0,0
алгоритм,0,0,0,0,0,0,0,0,0,0
алібі,0,0,0,0,0,0,0,0,0,0
інопланетянин,0,0,1,1,0,1,0,0,0,0
відчужувати,1,0,1,0,0,1,0,0,0,0
відчужені,0,0,0,0,0,1,0,1,0,0
відчуження,1,0,1,1,0,1,0,1,0,0
горить,0,0,0,0,0,0,0,0,0,0
вирівняні,0,0,0,0,0,0,0,0,0,0
вирівнювання,0,0,0,0,0,0,0,0,0,0
однакові,0,0,0,0,0,0,0,0,0,0
харчування,0,0,0,0,0,0,1,0,0,0
аліменти,0,0,0,0,0,1,0,0,0,0
аліквота,0,0,0,0,0,0,0,0,0,0
живий,0,1,0,0,1,0,1,0,0,1
луг,0,0,0,0,0,0,0,0,0,0
алкалоїди,0,0,0,0,0,0,0,0,0,0
розвіяти,0,0,0,0,0,0,1,0,0,0
звинувачення,1,0,0,0,0,1,0,0,0,0
стверджувати,0,0,0,0,0,1,0,0,0,0
нібито,0,0,0,0,0,0,0,0,0,0
вірність,0,0,0,0,0,0,1,0,0,1
алегоричний,0,0,0,0,0,0,0,0,0,0
алегорія,0,0,0,0,0,0,0,0,0,0
алегро,0,0,0,0,0,0,1,0,0,0
полегшити,0,0,0,0,0,0,1,0,0,0
полегшення,0,0,0,0,0,0,1,0,0,0
алея,0,0,0,0,0,0,0,0,0,0
альянс,0,0,0,0,0,0,0,0,0,1
союзні,0,0,0,0,0,0,1,0,0,1
алігатор,0,0,0,0,0,0,0,0,0,0
виділяти,0,0,0,0,0,0,0,0,0,0
виділення,0,0,0,0,0,0,0,0,0,0
виділяти,0,0,0,0,0,0,0,0,0,0
наділ,0,0,0,0,0,0,0,0,0,0
допустимо,0,0,0,0,0,0,1,0,0,0
надбавка,0,0,0,0,0,0,0,0,0,0
дозволено,0,0,0,0,0,0,0,0,0,0
сплав,0,0,0,0,0,0,0,0,0,0
привабливість,0,1,0,0,1,0,1,0,1,0
привабливий,0,0,0,0,0,0,1,0,0,0
алюзія,0,0,0,0,0,0,0,0,0,0
алювіальний,0,0,0,0,0,0,0,0,0,0
союзник,0,0,0,0,0,0,1,0,0,1
альманах,0,0,0,0,0,0,0,0,0,0
всемогутній,0,0,0,0,0,0,1,0,0,0
нагорі,0,0,0,0,0,0,0,0,0,0
алоха,0,1,0,0,1,0,1,0,0,0
поряд,0,0,0,0,0,0,0,0,0,0
осторонь,0,0,0,0,0,1,0,0,0,0
вголос,0,0,0,0,0,0,0,0,0,0
алфавіт,0,0,0,0,0,0,0,0,0,0
алфавітний,0,0,0,0,0,0,0,0,0,0
вівтар,0,0,0,0,0,0,0,0,0,0
змінювати,0,0,0,0,0,0,0,0,0,0
зміна,0,0,0,0,0,0,0,0,0,0
сварка,1,0,0,0,0,1,0,0,0,0
змінено,0,0,0,0,0,0,0,0,0,0
чергувати,0,0,0,0,0,0,0,0,0,0
альтернатива,0,0,0,0,0,0,0,0,0,0
висота,0,0,0,0,0,0,0,0,0,0
альт,0,0,0,0,0,0,0,0,0,0
взагалі,0,0,0,0,0,0,0,0,0,0
випускник,0,0,0,0,0,0,0,0,0,0
альвеолярний,0,0,0,0,0,0,0,0,0,0
амальгама,0,0,0,0,0,0,0,0,0,0
об'єднання,0,0,0,0,0,0,0,0,0,0
накопичувати,0,0,0,0,0,0,0,0,0,0
аматорський,0,0,0,0,0,0,0,0,0,0
вражати,0,0,0,0,0,0,0,0,1,0
здивування,0,0,0,0,0,0,0,0,0,0
дивно,0,0,0,0,1,0,1,0,1,0
посол,0,0,0,0,0,0,1,0,0,1
бурштиновий,0,0,0,0,0,0,0,0,0,0
навколишній,0,0,0,0,0,0,0,0,0,0
двозначність,0,0,0,0,0,0,0,0,0,0
неоднозначний,0,0,0,0,0,1,0,0,0,0
амбіт,0,0,0,0,0,0,0,0,0,0
честолюбство,0,1,0,0,1,0,1,0,0,1
амбітний,0,0,0,0,0,0,0,0,0,0
швидка допомога,0,0,0,1,0,0,0,0,0,1
засідка,1,0,0,1,0,1,0,0,1,0
поліпшити,0,0,0,0,0,0,1,0,0,0
амінь,0,0,0,0,1,0,1,0,0,1
піддається,0,0,0,0,0,0,1,0,0,0
змінити,0,0,0,0,0,0,1,0,0,0
поправка,0,0,0,0,0,0,0,0,0,0
вносить поправки,0,0,0,0,0,0,1,0,0,0
зручності,0,0,0,0,0,0,1,0,0,0
аметистовий,0,0,0,0,0,0,0,0,0,0
привітний,0,0,0,0,0,0,1,0,0,0
дружній,0,0,0,0,1,0,1,0,0,0
посеред,0,0,0,0,0,0,0,0,0,0
посеред,0,0,0,0,0,0,0,0,0,0
аміак,0,0,1,0,0,0,0,0,0,0
боєприпаси,0,0,0,0,0,0,0,0,0,0
амнезія,0,0,0,0,0,1,0,0,0,0
амністія,0,0,0,0,1,0,1,0,0,0
аморфний,0,0,0,0,0,0,0,0,0,0
амортизація,0,0,0,0,0,0,0,0,0,1
сума,0,0,0,0,0,0,0,0,0,0
любов,0,1,0,0,1,0,1,0,0,1
амперсанд,0,0,0,0,0,0,0,0,0,0
амфетаміни,0,0,1,0,0,1,0,0,0,0
амфібія,0,0,0,0,0,0,0,0,0,0
амфібія,0,0,0,0,0,0,0,0,0,0
амфітеатр,0,0,0,0,0,0,0,0,0,0
посилення,0,0,0,0,0,0,0,0,0,0
посилювати,0,0,0,0,0,0,0,0,0,0
амплітуда,0,0,0,0,0,0,0,0,0,0
достатньо,0,0,0,0,0,0,0,0,0,0
ампутація,0,0,0,0,0,0,0,0,0,0
амулет,0,0,0,0,0,0,0,0,0,0
розважати,0,0,0,0,1,0,1,0,0,0
потішив,0,0,0,0,1,0,1,0,0,0
розвага,0,0,0,0,1,0,1,0,0,0
забавний,0,0,0,0,1,0,1,0,0,0
ана,0,0,0,0,0,0,0,0,0,0
анаконда,0,0,1,1,0,1,0,0,0,0
анестезія,0,0,0,0,0,0,0,0,0,0
анестетик,0,0,0,0,0,0,0,0,0,0
анальний,0,0,0,0,0,1,0,0,0,0
болезаспокійливий,0,0,0,0,0,0,0,0,0,0
аналогічний,0,0,0,0,0,0,0,0,0,0
аналоговий,0,0,0,0,0,0,0,0,0,0
аналогія,0,0,0,0,0,0,0,0,0,0
аналіз,0,0,0,0,0,0,0,0,0,0
аналітик,0,1,0,0,0,0,1,0,0,1
аналітичний,0,0,0,0,0,0,0,0,0,0
аналізувати,0,0,0,0,0,0,0,0,0,0
аналізатор,0,0,0,0,0,0,0,0,0,0
анархізм,1,0,0,1,0,1,0,0,0,0
анархіст,1,0,0,1,0,1,0,0,0,0
анархія,1,0,0,1,0,1,0,0,0,0
анастомоз,0,0,0,0,0,0,0,0,0,0
анафема,1,0,1,1,0,1,0,1,0,0
анатомічний,0,0,0,0,0,0,0,0,0,0
анатомія,0,0,0,0,0,0,0,0,0,0
предок,0,0,0,0,0,0,0,0,0,0
родовий,0,0,0,0,0,0,0,0,0,1
походження,0,0,0,0,0,0,0,0,0,0
якір,0,0,0,0,0,0,1,0,0,0
якірна стоянка,0,0,0,0,0,0,1,1,0,0
давній,0,0,0,0,0,1,0,0,0,0
допоміжний,0,0,0,0,0,0,0,0,0,0
андроген,0,0,0,0,0,0,0,0,0,0
анемона,0,0,0,0,0,0,0,0,0,0
заново,0,0,0,0,0,0,0,0,0,0
ангел,0,1,0,0,1,0,1,0,1,1
ангельський,0,0,0,0,1,0,1,0,0,1
гнів,1,0,0,0,0,1,0,0,0,0
ангіна,0,0,0,1,0,1,0,0,0,0
ангіографія,0,0,0,0,0,0,0,0,0,0
кут,0,0,0,0,0,0,0,0,0,0
риболовля,0,1,0,0,0,1,0,0,0,0
злий,1,0,1,0,0,1,0,0,0,0
туга,1,0,0,1,0,1,0,1,0,0
кутовий,0,0,0,0,0,0,0,0,0,0
безводний,0,0,0,0,0,0,0,0,0,0
тварина,0,0,0,0,0,0,0,0,0,0
оживити,0,0,0,0,0,0,1,0,0,0
анімований,0,0,0,0,1,0,1,0,0,0
анімація,0,0,0,0,0,0,0,0,0,0
ворожість,1,0,1,1,0,1,0,1,0,0
анімус,1,0,0,0,0,1,0,0,0,0
щиколотка,0,0,0,0,0,0,0,0,0,0
літопис,0,0,0,0,0,0,0,0,0,0
додаток,0,0,0,0,0,0,0,0,0,0
анексія,0,0,0,0,0,0,0,0,0,0
прибудова,0,0,0,0,0,0,0,0,0,0
анігілювати,1,0,0,1,0,1,0,0,0,0
знищений,1,0,0,1,0,1,0,1,0,0
анігіляція,1,0,0,1,0,1,0,1,0,0
анотувати,0,0,0,0,0,0,0,0,0,0
анотація,0,0,0,0,0,0,0,0,0,0
оголосити,0,0,0,0,0,0,0,0,0,0
оголошення,0,1,0,0,0,0,0,0,0,0
дратувати,1,0,1,0,0,1,0,0,0,0
роздратування,1,0,1,0,0,1,0,0,0,0
дратує,1,0,0,0,0,1,0,0,0,0
ануїтет,0,0,0,0,0,0,0,0,0,0
анулювати,0,0,0,0,0,1,0,0,0,0
кільцевий,0,0,0,0,0,0,0,0,0,0
анулювання,0,0,0,0,0,1,0,1,0,0
кільце,0,0,0,0,0,0,0,0,0,0
миропомазання,0,0,0,0,0,0,0,0,0,0
аномальний,0,0,0,0,0,0,0,0,0,0
аномалія,0,0,0,1,0,1,0,0,1,0
анон,0,0,0,0,0,0,0,0,0,0
анонімний,0,0,0,0,0,1,0,0,0,0
відповідь,0,0,0,0,0,0,0,0,0,0
відповідальний,0,0,0,0,0,0,0,0,0,1
відповідаючи,0,0,0,0,0,0,0,0,0,0
мураха,0,0,0,0,0,0,0,0,0,0
антагонізм,1,0,0,0,0,1,0,0,0,0
антагоніст,1,0,0,0,0,1,0,0,0,0
антагоністичний,1,0,1,0,0,1,0,0,0,0
анте,0,0,0,0,0,0,0,0,0,0
антецедент,0,0,0,0,0,0,0,0,0,0
антилопа,0,0,0,0,0,0,0,0,0,0
антена,0,0,0,0,0,0,0,0,0,0
передній,0,0,0,0,0,0,0,0,0,0
гімн,0,0,0,0,0,0,0,0,0,0
антологія,0,0,0,0,0,0,0,0,0,0
сибірська виразка,0,0,1,1,0,1,0,1,0,0
антропологія,0,0,0,0,0,0,0,0,0,0
антибіотик,0,0,0,0,0,0,0,0,0,0
антибіотики,0,0,0,0,0,0,1,0,0,0
антихрист,1,0,1,1,0,1,0,0,0,0
очікування,0,1,0,0,0,0,0,0,0,0
випереджаючий,0,1,0,0,0,0,0,0,0,0
протиотрута,0,1,0,0,0,0,1,0,0,1
протигрибковий,0,0,0,0,0,0,1,0,0,1
сурма,0,0,0,0,0,0,0,0,0,0
антипатія,1,0,1,0,0,1,0,0,0,0
антиквар,0,0,0,0,0,0,0,0,0,0
застарілий,0,0,0,0,0,1,0,0,0,0
античний,0,0,0,0,0,0,1,0,0,0
античність,0,0,0,0,0,0,0,0,0,0
антисептик,0,0,0,0,0,0,1,0,0,1
антисоціальний,1,0,1,1,0,1,0,1,0,0
антитеза,1,0,0,0,0,1,0,0,0,0
антитетичний,0,0,0,0,0,0,0,0,0,0
противірусні ліки,0,0,0,0,0,0,0,0,0,0
панти,0,0,0,0,0,0,0,0,0,0
ковадло,0,0,0,0,0,0,0,0,0,0
занепокоєння,1,1,0,1,0,1,0,1,0,0
тривожний,0,1,0,1,0,1,0,0,0,0
аорта,0,0,0,0,0,0,0,0,0,0
швидко,0,0,0,0,0,0,0,0,0,0
apache,0,0,0,1,0,1,0,0,0,0
квартира,0,0,0,0,0,0,0,0,0,0
апатичний,0,0,0,0,0,1,0,1,0,0
апатія,0,0,0,0,0,1,0,1,0,0
мавпа,0,0,0,0,0,0,0,0,0,0
діафрагма,0,0,0,0,0,0,0,0,0,0
вершина,0,0,0,0,0,0,0,0,0,0
попелиця,0,0,1,0,0,1,0,0,0,0
шматок,0,0,0,0,0,0,0,0,0,0
апломб,0,0,0,0,0,0,1,0,0,0
апокаліптичний,0,0,0,0,0,0,0,0,0,0
вибачливий,0,0,0,0,0,0,1,0,0,1
апологет,0,0,0,0,0,0,0,0,0,0
вибачитися,0,0,0,0,0,0,1,1,0,1
вибачення,0,0,0,0,0,0,1,0,0,0
відступництво,0,0,0,0,0,0,0,0,0,0
віровідступник,0,0,0,0,0,0,0,0,0,0
апостол,0,0,0,0,0,0,1,0,0,1
апостольський,0,0,0,0,0,0,0,0,0,1
апостроф,0,0,0,0,0,0,0,0,0,0
жахливий,0,0,1,1,0,1,0,0,0,0
апарат,0,0,0,0,0,0,0,0,0,0
одяг,0,0,0,0,0,0,0,0,0,0
мабуть,0,0,0,0,0,0,0,0,0,0
привид,0,0,0,1,0,0,0,0,1,0
звернення,0,1,0,0,0,0,0,0,0,0
зовнішній вигляд,0,0,0,0,0,0,0,0,0,0
заспокоювати,0,0,0,0,0,0,0,0,0,0
скаржник,0,0,0,0,0,0,0,0,0,0
додавати,0,0,0,0,0,0,0,0,0,0
придаток,0,0,0,0,0,0,0,0,0,0
апендицит,0,0,0,1,0,1,0,1,0,0
апендикс,0,0,0,0,0,0,0,0,0,0
апетит,0,0,0,0,0,0,0,0,0,0
закуска,0,0,0,0,0,0,0,0,0,0
оплески,0,0,0,0,1,0,1,0,1,1
яблуко,0,0,0,0,0,0,0,0,0,0
прилад,0,0,0,0,0,0,0,0,0,0
побутова техніка,0,0,0,0,0,0,0,0,0,0
застосовність,0,0,0,0,0,0,0,0,0,0
застосовно,0,0,0,0,0,0,0,0,0,0
заявник,0,1,0,0,0,0,0,0,0,0
додаток,0,0,0,0,0,0,0,0,0,0
застосувати,0,0,0,0,0,0,0,0,0,0
призначити,0,0,0,0,0,0,0,0,0,0
призначення,0,0,0,0,0,0,0,0,0,0
призначення,0,0,0,0,0,0,0,0,0,0
розподіляти,0,0,0,0,0,0,0,0,0,0
розподіл,0,0,0,0,0,0,0,0,0,0
оцінювати,0,0,0,0,0,0,0,0,0,0
помітний,0,0,0,0,0,0,0,0,0,0
вдячність,0,0,0,0,1,0,1,0,0,1
затримати,0,0,0,1,0,0,0,0,0,0
побоювання,0,0,0,1,0,1,0,0,0,0
побоюється,0,1,0,1,0,1,0,0,0,0
учень,0,0,0,0,0,0,0,0,0,1
учнівство,0,0,0,0,0,0,0,0,0,0
підхід,0,0,0,0,0,0,0,0,0,0
наближається,0,1,0,0,0,0,0,0,0,0
апробація,0,0,0,0,0,0,1,0,0,1
привласнення,0,0,0,0,0,1,0,0,0,0
затвердження,0,0,0,0,0,0,1,0,0,0
затвердити,0,0,0,0,1,0,1,0,0,1
схвалюючи,0,0,0,0,0,0,1,0,0,0
приблизний,0,0,0,0,0,0,0,0,0,0
приблизно,0,0,0,0,0,0,0,0,0,0
наближення,0,0,0,0,0,0,0,0,0,0
наближення,0,0,0,0,0,0,0,0,0,0
приналежності,0,0,0,0,0,0,0,0,0,0
фартух,0,0,0,0,0,0,0,0,0,0
кв,0,0,0,0,0,0,1,0,0,0
здатність,0,0,0,0,0,0,1,0,0,0
аква,0,0,0,0,0,0,0,0,0,0
аквамарин,0,0,0,0,0,0,0,0,0,0
акваріум,0,0,0,0,0,0,0,0,0,0
водний,0,0,0,0,0,0,0,0,0,0
акведук,0,0,0,0,0,0,0,0,0,0
водний,0,0,0,0,0,0,0,0,0,0
орний,0,0,0,0,0,0,0,0,0,0
арбітр,0,0,0,0,0,0,0,0,0,1
арбітражний суд,0,0,0,0,0,0,0,0,0,0
арбітраж,0,1,0,0,0,0,0,0,0,0
арбітр,0,0,0,0,0,0,0,0,0,1
альтанка,0,0,0,0,0,0,0,0,0,0
дуга,0,0,0,0,0,0,0,0,0,0
аркада,0,0,0,0,0,0,0,0,0,0
арх,0,0,0,0,0,0,0,0,0,0
археологічний,0,0,0,0,0,0,0,0,0,0
археолог,0,0,0,0,0,0,0,0,0,0
археологія,0,1,0,0,0,0,1,0,0,0
архаїчний,0,0,0,0,0,1,0,0,0,0
архієпископ,0,0,0,0,0,0,0,0,0,0
арочні,0,0,0,0,0,0,0,0,0,0
лучник,0,0,0,0,0,0,0,0,0,0
стрільба з лука,0,0,0,0,0,0,0,0,0,0
архетип,0,0,0,0,0,0,0,0,0,0
архіпелаг,0,0,0,0,0,0,0,0,0,0
архітектор,0,0,0,0,0,0,0,0,0,0
архітектура,0,0,0,0,0,0,0,0,0,1
архів,0,0,0,0,0,0,0,0,0,0
арктичний,0,0,0,0,0,0,0,0,0,0
палкий,0,1,0,0,1,0,1,0,0,0
палкість,0,0,0,0,0,0,1,0,0,0
важкий,0,0,0,0,0,1,0,0,0,0
область,0,0,0,0,0,0,0,0,0,0
арена,0,0,0,0,0,0,0,0,0,0
ареола,0,0,0,0,0,0,0,0,0,0
срібний,0,0,0,0,0,0,0,0,0,0
сперечатися,1,0,0,0,0,1,0,0,0,0
аргумент,1,0,0,0,0,1,0,0,0,0
аргументація,1,0,0,0,0,0,0,0,0,0
аргументативний,0,0,0,0,0,1,0,0,0,0
аргументи,1,0,0,0,0,0,0,0,0,0
посушливий,0,0,0,0,0,1,0,1,0,0
аристократії,0,0,0,0,0,0,1,0,0,0
аристократ,0,0,0,0,0,0,0,0,0,0
аристократичний,0,0,0,0,0,0,1,0,0,0
арифметика,0,0,0,0,0,0,0,0,0,0
ковчег,0,0,0,0,0,0,0,0,0,0
рука,0,0,0,0,0,0,0,0,0,0
армада,0,0,0,0,0,0,0,0,0,0
озброєння,1,0,0,1,0,0,0,0,0,0
озброєння,0,0,0,1,0,1,0,0,0,0
арматура,0,0,0,0,0,0,0,0,0,0
озброєний,1,0,0,1,0,1,1,0,0,0
броня,0,0,0,1,0,0,1,0,0,1
броньований,0,0,0,1,0,0,0,0,0,0
збройовий склад,0,0,0,0,0,0,0,0,0,1
озброєння,0,0,0,0,0,0,0,0,0,0
армії,0,0,0,0,0,0,0,0,0,0
аромат,0,0,0,0,0,0,1,0,0,0
збудження,0,0,0,0,0,0,0,0,0,0
збудити,0,1,0,0,0,0,1,0,0,0
обвинувачення,1,0,0,1,0,1,0,1,0,0
влаштовувати,0,0,0,0,0,0,0,0,0,0
влаштовано,0,0,0,0,0,0,0,0,0,0
аранжування,0,0,0,0,0,0,0,0,0,0
масив,0,0,0,0,0,0,1,0,0,0
заборгованість,0,0,0,0,0,1,0,0,0,0
арешт,0,0,0,0,0,1,0,0,0,0
прибуття,0,1,0,0,0,0,0,0,0,0
прибути,0,1,0,0,0,0,0,0,0,0
зарозумілість,0,0,0,0,0,1,0,0,0,0
зарозумілий,1,0,1,0,0,1,0,0,0,0
стрілка,0,0,0,0,0,0,0,0,0,0
арсенал,0,0,0,0,0,0,0,0,0,0
миш'як,0,0,1,1,0,1,0,1,0,0
підпал,1,0,0,1,0,1,0,0,0,0
ст,0,1,0,0,1,0,1,1,1,0
артерія,0,0,0,0,0,0,0,0,0,0
хитрий,0,0,0,0,0,0,0,0,0,0
членистоногі,0,0,0,0,0,0,0,0,0,0
артишок,0,0,0,0,0,0,0,0,0,0
стаття,0,0,0,0,0,0,0,0,0,0
статті,0,0,0,0,0,0,0,0,0,0
артикулювати,0,0,0,0,0,0,1,0,0,0
артикуляція,0,0,0,0,0,0,1,0,0,0
штучність,0,0,0,0,0,0,0,0,0,0
артилерія,0,0,0,1,0,1,0,0,0,0
ремісник,0,0,0,0,0,0,1,0,0,0
художник,0,0,0,0,0,0,0,0,0,0
артистка,0,0,0,0,0,0,1,0,0,0
художній,0,0,0,0,0,0,1,0,0,0
артисти,0,0,0,0,0,0,0,0,0,0
підніматися,0,0,0,0,0,0,0,0,0,0
панування,0,0,0,0,0,0,1,0,0,0
вознесіння,0,0,0,0,0,0,0,0,0,0
сходження,0,0,0,0,0,0,1,0,0,0
констатувати,0,0,0,0,0,0,0,0,0,0
встановлено,0,0,0,0,0,0,0,0,0,0
аскетичний,0,0,0,0,0,0,0,0,0,0
зола,0,0,0,0,0,1,0,0,0,0
соромно,0,0,1,0,0,1,0,1,0,0
попіл,0,0,0,0,0,1,0,1,0,0
спить,0,0,0,0,0,0,0,0,0,0
жерех,0,0,0,1,0,0,0,0,0,0
аспартам,0,0,0,0,0,0,0,0,0,0
аспект,0,0,0,0,0,0,0,0,0,0
аспекти,0,0,0,0,0,0,0,0,0,0
асфальт,0,0,0,0,0,0,0,0,0,0
прагнення,0,1,0,0,1,0,1,0,1,1
прагнути,0,1,0,0,1,0,1,0,0,0
прагнучи,0,1,0,0,1,0,1,0,0,1
дупа,0,0,0,0,0,1,0,0,0,0
нападати,1,0,0,1,0,1,0,0,1,0
нападник,1,0,0,1,0,1,0,1,0,0
вбивця,1,0,0,1,0,1,0,1,0,0
вбити,1,0,0,1,0,1,0,0,0,0
вбивство,1,0,0,1,0,1,0,1,0,0
напад,1,0,0,1,0,1,0,0,0,0
аналіз,0,0,0,0,0,0,0,0,0,0
збірка,0,0,0,0,0,0,0,0,0,0
зібрати,0,0,0,0,0,0,0,0,0,0
зібрані,0,0,0,0,0,0,0,0,0,0
збірка,0,0,0,0,0,0,1,0,0,1
згода,0,0,0,0,0,0,1,0,0,0
стверджувати,0,0,0,0,0,0,0,0,0,0
стверджуючи,0,0,0,0,0,0,1,0,0,1
твердження,0,0,0,0,0,0,0,0,0,0
оцінити,0,0,0,0,0,0,0,0,0,0
оцінка,0,0,0,0,0,0,0,0,1,1
засідатель,0,0,0,0,0,0,0,0,0,1
активів,0,0,0,0,0,0,1,0,0,0
мудак,1,0,1,0,0,1,0,0,0,0
призначити,0,0,0,0,0,0,0,0,0,0
правонаступник,0,0,0,0,0,0,0,0,0,1
призначення,0,0,0,0,0,0,0,0,0,0
асимілювати,0,0,0,0,0,0,0,0,0,0
асиміляція,0,0,0,0,0,0,0,0,0,0
допомогти,0,0,0,0,0,0,1,0,0,1
допомогу,0,0,0,0,0,0,1,0,0,0
помічник,0,0,0,0,0,0,0,0,0,0
асоційований,0,0,0,0,0,0,1,0,0,1
об'єднання,0,0,0,0,0,0,0,0,0,1
асорті,0,0,0,0,0,0,0,0,0,0
асортимент,0,0,0,0,0,0,0,0,0,0
заспокоєння,0,0,0,0,0,0,1,0,0,0
передбачається,0,0,0,0,0,0,0,0,0,0
припускаючи,0,0,0,0,0,0,0,0,0,0
припущення,0,0,0,0,0,0,0,0,0,0
запевнення,0,0,0,0,0,0,1,0,0,1
запевняти,0,0,0,0,0,0,0,0,0,1
запевнив,0,0,0,0,0,0,1,0,0,1
напевно,0,0,0,0,0,0,0,0,0,1
зірочка,0,0,0,0,0,0,0,0,0,0
астероїди,0,0,0,0,0,0,0,0,0,0
астигматизм,0,0,0,0,0,0,0,0,0,0
вражаюче,0,0,0,0,0,0,1,0,1,0
здивування,0,0,0,0,1,0,1,0,1,0
астральний,0,0,0,0,0,0,0,0,0,0
заблуканий,0,0,0,1,0,1,0,0,0,0
терпкий,0,0,0,0,0,1,0,0,0,0
астролог,0,1,0,0,0,0,1,0,0,0
астрологія,0,0,0,0,0,0,0,0,0,0
космонавт,0,0,0,0,0,0,1,0,0,0
астроном,0,1,0,0,0,0,1,0,0,0
астрономія,0,0,0,0,0,0,0,0,0,0
проникливий,0,0,0,0,0,0,1,0,0,0
розділити,0,0,0,0,0,0,0,0,0,0
притулок,0,0,0,1,0,1,0,0,0,0
асиметричний,0,0,0,0,0,0,0,0,0,0
асиметрія,0,0,1,0,0,0,0,0,0,0
асимптотичний,0,0,0,0,0,0,0,0,0,0
ательє,0,0,0,0,0,0,0,0,0,0
атеїзм,0,0,0,0,0,1,0,0,0,0
атеїстичний,0,0,0,0,0,0,0,0,0,0
атеросклероз,0,0,0,1,0,1,0,1,0,0
спортсмен,0,0,0,0,0,0,1,0,0,0
спортивний,0,0,0,0,0,0,1,0,0,0
атлетизм,0,0,0,0,0,0,0,0,0,0
легка атлетика,0,0,0,0,0,0,0,0,0,0
атлас,0,0,0,0,0,0,0,0,0,0
атмосфера,0,0,0,0,0,0,0,0,0,0
атмосферний,0,0,0,0,0,0,0,0,0,0
атол,0,0,0,0,0,0,0,0,0,0
атом,0,0,0,0,0,0,1,0,0,0
атомний,0,0,0,0,0,0,0,0,0,0
спокутувати,0,1,0,0,1,0,1,0,0,1
спокута,0,0,0,0,0,0,1,0,0,0
атріум,0,0,0,0,0,0,0,0,0,0
жорстокий,1,0,1,0,0,1,0,0,0,0
звірство,1,0,1,1,0,1,0,1,0,0
атрофія,0,0,1,1,0,1,0,1,0,0
прикріпити,0,0,0,0,0,0,0,0,0,0
вкладення,0,0,0,0,0,0,1,0,0,0
напад,1,0,0,1,0,1,0,0,0,0
атакуючий,1,0,1,1,0,1,0,1,1,0
досягти,0,0,0,0,0,0,0,0,0,0
досяжний,0,1,0,0,0,0,1,0,0,0
досягнення,0,0,0,0,0,0,1,0,0,0
спроба,0,1,0,0,0,0,0,0,0,0
відвідуваність,0,1,0,0,0,0,0,0,0,0
обслуговуючий персонал,0,0,0,0,0,0,1,0,0,1
уваги,0,0,0,0,0,0,1,0,0,0
уважний,0,0,0,0,0,0,1,0,0,1
послаблювати,0,0,0,0,0,0,0,0,0,0
ослаблений,0,0,0,0,0,1,0,0,0,0
затухання,0,0,0,0,0,1,0,1,0,0
засвідчувати,0,0,0,0,0,0,1,0,0,1
атестація,0,0,0,0,0,0,0,0,0,1
мансарда,0,0,0,0,0,0,0,0,0,0
наряд,0,0,0,0,0,0,0,0,0,0
ставлення,0,0,0,0,0,0,0,0,0,0
адвокат,1,0,0,1,0,0,1,0,0,1
тяжіння,0,0,0,0,0,0,1,0,0,0
привабливість,0,0,0,0,0,0,1,0,0,0
приписуваний,0,0,0,0,0,0,0,0,0,0
атрибут,0,0,0,0,0,0,0,0,0,0
атрибуція,0,0,0,0,0,0,0,0,0,0
виснаження,0,0,0,0,0,0,0,0,0,0
каштановий,0,0,0,0,0,0,0,0,0,0
аукціон,0,1,0,0,0,0,0,0,0,0
аукціоніст,0,0,0,0,0,0,0,0,0,0
зухвалий,0,0,0,0,0,0,0,0,0,0
зухвалість,0,0,0,0,0,1,0,0,0,0
чутний,0,0,0,0,0,0,0,0,0,0
аудиторія,0,1,0,0,0,0,0,0,0,0
аудит,0,0,0,0,0,0,0,0,0,0
прослуховування,0,0,0,0,0,0,0,0,0,0
аудитор,0,0,0,1,0,0,0,0,0,1
аудиторія,0,0,0,0,0,0,0,0,0,0
слуховий,0,0,0,0,0,0,0,0,0,0
нічого,0,0,0,0,0,0,0,0,0,0
збільшити,0,0,0,0,0,0,1,0,0,0
збільшення,0,0,0,0,0,0,0,0,0,0
серпень,0,0,0,0,0,0,1,0,0,0
тітка,0,0,0,0,0,0,1,0,0,1
аура,0,0,0,0,0,0,1,0,0,0
полярне сяйво,0,0,0,0,0,0,0,0,0,0
егідою,0,0,0,0,0,0,0,0,0,0
сприятливий,0,1,0,0,1,0,1,0,0,0
суворий,0,0,0,1,0,1,0,1,0,0
економія,0,0,0,0,0,1,0,0,0,0
автентичний,0,0,0,0,1,0,1,0,0,1
автентифікувати,0,0,0,0,0,0,0,0,0,1
аутентифікація,0,0,0,0,0,0,0,0,0,1
автентичність,0,0,0,0,0,0,1,0,0,1
автор,0,0,0,0,0,0,1,0,0,1
авторитетний,0,0,0,0,0,0,1,0,0,1
авторитет,0,0,0,0,0,0,1,0,0,1
авторизація,0,0,0,0,0,0,1,0,0,1
авторизувати,0,0,0,0,0,0,0,0,0,1
уповноважений,0,0,0,0,0,0,1,0,0,0
авторство,0,0,0,0,0,0,0,0,0,0
авто,0,0,0,0,0,0,0,0,0,0
автобіографія,0,0,0,0,0,0,0,0,0,0
самодержавний,0,0,0,0,0,1,0,0,0,0
автограф,0,0,0,0,0,0,0,0,0,0
автоматичний,0,0,0,0,0,0,0,0,0,1
автомобільний,0,0,0,0,0,0,0,0,0,0
автономія,0,0,0,0,0,0,0,0,0,0
розтин,0,0,1,1,0,1,0,1,0,0
осінь,0,0,0,0,0,0,0,0,0,0
допоміжний,0,0,0,0,0,0,0,0,0,0
користь,0,0,0,0,0,0,0,0,0,0
лавина,0,0,0,1,0,1,0,1,1,0
скупість,1,0,1,0,0,1,0,0,0,0
аватар,0,0,0,0,0,0,1,0,0,0
месник,1,0,0,0,0,1,0,0,0,0
просп,0,0,0,0,0,0,0,0,0,0
ср,0,0,0,0,0,0,0,0,0,0
середній,0,0,0,0,0,0,0,0,0,0
несприятливий,1,0,1,1,0,1,0,0,0,0
відраза,1,0,1,1,0,1,0,0,0,0
відвертати,0,0,0,0,0,0,0,0,0,0
вольєр,0,0,0,0,0,0,0,0,0,0
авіації,0,0,0,0,0,0,0,0,0,0
льотчик,0,0,0,0,0,0,0,0,0,0
жадібний,0,0,0,0,0,0,0,0,0,0
авокадо,0,0,0,0,0,0,0,0,0,0
уникати,0,0,0,1,0,1,0,0,0,0
уникнення,0,0,0,1,0,1,0,0,0,0
уникнення,0,0,0,1,0,0,0,0,0,0
чекати,0,1,0,0,0,0,0,0,0,0
прокинутися,0,0,0,0,0,0,0,0,0,0
пробудити,0,0,0,0,0,0,0,0,0,0
премія,0,1,0,0,1,0,1,0,1,1
трепет,0,0,0,0,0,0,0,0,0,0
жахливо,1,0,1,1,0,1,0,1,0,0
незграбність,0,0,1,0,0,1,0,0,0,0
тент,0,0,0,0,0,0,0,0,0,0
наперекосяк,0,0,0,0,0,1,0,0,0,0
осьовий,0,0,0,0,0,0,0,0,0,0
аксіома,0,0,0,0,0,0,0,0,0,1
аксіоматичний,0,0,0,0,0,0,0,0,0,1
вісь,0,0,0,0,0,0,0,0,0,0
вісь,0,0,0,0,0,0,0,0,0,0
ай,0,0,0,0,0,0,1,0,0,0
так,0,0,0,0,0,0,1,0,0,0
азимут,0,0,0,0,0,0,0,0,0,0
блакитний,0,0,0,0,0,0,0,0,0,0
лепетати,0,0,0,0,0,1,0,0,0,0
лепетати,0,0,0,0,0,1,0,0,0,0
бабуїн,0,0,1,0,0,1,0,0,0,0
дитина,0,0,0,0,1,0,1,0,0,0
няня,0,0,0,0,0,0,0,0,0,1
бакалавра,0,0,0,0,0,0,1,0,0,0
баккара,0,0,0,0,0,0,0,0,0,0
холостяк,0,0,0,0,0,0,0,0,0,0
назад,0,0,0,0,0,0,0,0,0,0
хребет,1,0,0,0,0,0,1,0,0,1
спонсор,0,0,0,0,0,0,0,0,0,1
зворотний ефект,0,0,0,0,0,0,0,0,0,0
нарди,0,0,0,0,0,0,0,0,0,0
фон,0,0,0,0,0,0,0,0,0,0
екскаватор,0,0,0,0,0,0,0,0,0,0
рюкзак,0,0,0,0,0,0,0,0,0,0
назад,0,0,0,0,0,0,0,0,0,0
назад,0,0,0,0,0,1,0,0,0,0
задом наперед,0,0,1,0,0,1,0,0,0,0
затон,0,0,0,0,0,1,0,1,0,0
бактерії,0,0,1,1,0,1,0,1,0,0
бактерія,0,0,1,1,0,1,0,0,0,0
погано,1,0,1,1,0,1,0,1,0,0
значок,0,0,0,0,0,0,0,0,0,1
борсук,1,0,0,0,0,1,0,0,0,0
погано,0,0,0,0,0,1,0,1,0,0
поганість,1,0,1,1,0,1,0,0,0,0
перегородка,0,0,0,0,0,0,0,0,0,0
сумка,0,0,0,0,0,0,0,0,0,0
багаж,0,0,0,0,0,0,0,0,0,0
мішкуватий,0,0,0,0,0,0,0,0,0,0
волинки,0,0,0,0,0,0,0,0,0,0
застава,0,0,0,0,0,0,0,0,0,0
судовий виконавець,0,0,0,1,0,1,0,0,0,1
наживка,0,0,0,1,0,1,0,0,0,1
випікати,0,0,0,0,0,0,0,0,0,0
пекарня,0,0,0,0,0,0,0,0,0,0
випічка,0,0,0,0,0,0,0,0,0,0
бал,0,0,0,0,0,0,0,0,0,0
баланс,0,0,0,0,0,0,1,0,0,0
збалансований,0,0,0,0,0,0,1,0,0,0
балкон,0,0,0,0,0,0,0,0,0,0
лисий,0,0,0,0,0,0,0,0,0,0
тюк,0,0,0,1,0,1,0,0,0,0
перешкода,0,0,0,0,0,1,0,0,0,0
м'яч,0,0,0,0,0,0,0,0,0,0
балада,0,0,0,0,0,0,1,0,0,0
баласт,0,0,0,0,0,0,0,0,0,0
балет,0,0,0,0,0,0,1,0,0,0
повітряна куля,0,0,0,0,0,0,0,0,0,0
голосування,0,1,0,0,0,0,1,0,0,1
бальна зала,0,0,0,0,0,0,0,0,0,0
бальзам,0,1,0,0,1,1,1,0,0,0
ароматний,0,0,0,0,0,0,0,0,0,0
бальзам,0,0,0,0,0,0,1,0,0,0
бальзамічний,0,0,0,0,0,0,0,0,0,0
заборона,0,0,0,0,0,1,0,0,0,0
банан,0,0,0,0,0,0,0,0,0,0
гурт,0,0,0,0,0,0,0,0,0,0
бинт,0,0,0,0,0,0,0,0,0,0
бандит,0,0,0,0,0,1,0,0,0,0
перемога,0,0,0,0,0,0,0,0,0,0
прокляття,1,0,1,1,0,1,0,0,0,0
чубчик,1,0,1,1,0,1,0,1,1,0
стукач,1,1,0,1,0,1,0,0,1,0
вигнати,1,0,1,1,0,1,0,1,0,0
вигнаний,1,0,0,1,0,1,0,1,0,0
вигнання,1,0,1,0,0,1,0,1,0,0
банджо,0,0,0,0,0,0,0,0,0,0
банку,0,0,0,0,0,0,0,0,0,1
банкір,0,0,0,0,0,0,0,0,0,1
банкрут,0,0,0,1,0,1,0,1,0,0
банкрутство,1,0,1,1,0,1,0,1,0,0
банер,0,0,0,0,0,0,0,0,0,0
банкет,0,1,0,0,1,0,1,0,0,0
банши,1,0,1,1,0,1,0,1,0,0
стьоб,0,0,0,0,0,0,0,0,0,0
хрещення,0,0,0,0,0,0,1,0,0,0
хрестинний,0,0,0,0,1,0,1,0,0,0
бар,0,0,0,0,0,0,0,0,0,0
борідка,1,0,0,0,0,1,0,0,0,0
варвар,0,0,0,1,0,1,0,0,0,0
варварський,1,0,1,1,0,1,0,0,0,0
варварство,0,0,0,0,0,1,0,0,0,0
барбекю,0,0,0,0,0,0,0,0,0,0
колючий,0,0,0,0,0,0,0,0,0,0
бард,0,0,0,0,0,0,1,0,0,0
без сідла,0,0,0,0,0,0,0,0,0,0
босоніж,0,0,0,0,0,0,0,0,0,0
ледве,0,0,0,0,0,0,0,0,0,0
барф,0,0,1,0,0,0,0,0,0,0
торгуватися,0,0,0,0,0,0,1,0,0,1
баржа,0,0,0,0,0,0,0,0,0,0
баритон,0,0,0,0,0,0,0,0,0,0
кора,1,0,0,0,0,1,0,0,0,0
сарай,0,0,0,0,0,0,0,0,0,0
Барні,0,0,0,0,0,0,0,0,0,0
барометр,0,0,0,0,0,0,0,0,0,0
барон,0,0,0,0,0,0,0,0,0,0
бароко,0,0,0,0,0,0,0,0,0,0
казарма,0,0,0,0,0,0,0,0,0,0
заборонений,0,0,0,0,0,1,0,0,0,0
бочка,0,0,0,0,0,0,0,0,0,0
безплідний,0,0,0,0,0,1,0,1,0,0
барикада,0,0,0,1,0,1,0,0,0,0
бар'єр,1,0,0,0,0,1,0,0,0,0
заборона,0,0,0,0,0,0,0,0,0,0
баристер,0,0,0,0,0,0,0,0,0,0
курган,0,0,1,0,0,0,0,0,0,0
бармен,0,0,0,0,0,0,0,0,0,1
бартер,0,0,0,0,0,0,0,0,0,1
база,0,0,0,0,0,0,0,0,0,1
бейсбол,0,0,0,0,0,0,0,0,0,0
плінтус,0,0,0,0,0,0,0,0,0,0
безпідставний,0,0,0,0,0,1,0,0,0,0
підвал,0,0,0,0,0,0,0,0,0,0
базиліка,0,0,0,0,0,0,0,0,0,0
басейн,0,0,0,0,0,0,0,0,0,0
основа,0,0,0,0,0,0,0,0,0,0
грітися,0,0,0,0,0,0,0,0,0,0
кошик,0,0,0,0,0,0,0,0,0,0
баскетбол,0,1,0,0,1,0,1,0,0,0
бас,0,0,0,0,0,0,0,0,0,0
бас,0,0,0,0,0,0,0,0,0,0
фагот,0,0,0,0,0,0,0,0,0,0
сволота,0,0,1,0,0,1,0,1,0,0
бастіон,1,0,0,0,0,0,1,0,0,0
кажан,0,0,0,0,0,0,0,0,0,0
партія,0,0,0,0,0,0,0,0,0,0
дозування,0,0,0,0,0,0,0,0,0,0
бате,0,0,0,0,0,0,0,0,0,0
ванна,0,0,0,0,0,0,1,0,0,0
купатися,0,0,0,0,0,0,0,0,0,0
ванна кімната,0,0,0,0,0,0,0,0,0,0
батиметрія,0,0,0,0,0,0,0,0,0,0
естафета,0,0,0,0,0,0,0,0,0,0
батальйон,1,0,0,0,0,0,0,0,0,0
тісто,1,0,0,1,0,1,0,0,0,0
побитий,0,0,0,1,0,1,0,1,0,0
акумулятор,1,0,0,0,0,1,0,0,0,0
бій,1,0,0,0,0,1,0,0,0,0
бився,1,0,0,1,0,1,0,1,0,0
поле бою,0,0,0,1,0,1,0,0,0,0
непристойний,0,0,0,0,0,1,0,0,0,0
затока,0,0,0,0,0,0,0,0,0,0
багнет,1,0,0,1,0,1,0,0,0,0
Баю,0,0,0,0,0,0,0,0,0,0
базар,0,0,0,0,0,0,0,0,0,0
Пляжний,0,0,0,0,1,0,0,0,0,0
маяк,0,0,0,0,0,0,0,0,0,0
бісер,0,0,0,0,0,0,0,0,0,0
бісероплетіння,0,0,0,0,0,0,0,0,0,0
намистини,0,0,0,0,0,0,0,0,0,0
бігль,0,0,0,0,0,0,0,0,0,0
дзьоб,0,0,0,0,0,0,0,0,0,0
мензурка,0,0,0,0,0,0,0,0,0,0
промінь,0,0,0,0,1,0,1,0,0,0
сяючий,0,1,0,0,1,0,1,0,0,0
ведмідь,1,0,0,1,0,0,0,0,0,0
борода,0,0,0,0,0,0,0,0,0,0
бородатий,0,0,0,0,0,0,0,0,0,0
носій,0,0,0,0,0,1,0,0,0,0
підшипник,0,0,0,0,0,0,0,0,0,0
підшипники,0,0,0,0,0,0,0,0,0,0
ведмежий,1,0,0,1,0,0,0,0,0,0
звір,1,0,0,1,0,1,0,0,0,0
звірячий,0,0,1,1,0,1,0,0,0,0
бити,0,0,0,0,0,0,0,0,0,0
побиття,1,0,0,1,0,1,0,1,0,0
кавалер,0,0,0,0,0,0,0,0,0,0
благоустрою,0,0,0,0,1,0,1,0,0,1
гарний,0,0,0,0,1,0,1,0,0,0
прикрашати,0,0,0,0,1,0,1,0,0,0
краса,0,0,0,0,1,0,1,0,0,0
бек,0,0,0,0,0,0,0,0,0,0
манити,0,0,0,0,0,0,0,0,0,0
ліжко,0,0,0,0,0,0,0,0,0,0
постільна білизна,0,0,0,0,0,0,0,0,0,0
корінні породи,0,0,0,0,0,0,1,0,0,1
спальня,0,0,0,0,0,0,0,0,0,0
перед сном,0,0,0,0,0,0,0,0,0,0
бджола,1,0,0,1,0,0,0,0,0,0
яловичина,0,0,0,0,0,0,0,0,0,0
вулик,0,0,0,0,0,0,0,0,0,0
пиво,0,0,0,0,1,0,1,0,0,0
бджолиний віск,0,0,0,0,0,0,0,0,0,0
жук,0,0,0,0,0,0,0,0,0,0
спіткати,0,0,0,0,0,1,0,0,0,0
відповідний,0,0,0,0,0,0,1,0,0,0
дружити,0,0,0,0,1,0,1,0,0,1
просити,0,0,0,0,0,1,0,1,0,0
жебрак,0,0,0,0,0,1,0,1,0,0
жебрацтво,0,0,0,0,0,1,0,0,0,0
почати,0,0,0,0,0,0,0,0,0,0
новачок,0,0,0,0,0,0,0,0,0,0
початок,0,0,0,0,0,0,0,0,0,0
розпочато,0,1,0,0,0,0,0,0,0,0
поведінка,0,0,0,0,0,0,0,0,0,0
бегемот,0,0,0,1,0,1,0,0,0,0
заповіт,0,0,0,0,0,0,0,0,0,0
ось,0,0,0,0,0,0,0,0,0,0
обов'язковий,0,0,0,0,0,1,0,0,0,0
глядач,0,0,0,0,0,0,0,0,0,0
запізнілий,0,0,0,0,0,1,0,0,0,0
страховка,0,0,0,0,0,0,0,0,0,0
переконання,0,0,0,0,0,0,0,0,0,0
вірили,0,0,0,0,0,0,0,0,0,1
віруючий,0,0,0,0,0,0,0,0,0,1
вірячи,0,0,0,0,0,0,1,0,0,1
применшувати,1,0,1,1,0,1,0,1,0,0
дзвоник,0,0,0,0,0,0,0,0,0,0
войовничий,1,0,0,1,0,1,0,0,0,0
рев,0,0,0,0,0,0,0,0,0,0
міхи,1,0,0,0,0,0,0,0,0,0
живіт,0,0,0,0,0,0,0,0,0,0
речі,0,0,0,0,0,0,0,0,0,0
ремінь,1,0,0,1,0,1,0,0,0,0
збентежений,0,0,0,0,0,0,0,0,0,0
лавка,0,0,0,0,0,0,0,0,0,0
зігнути,0,0,0,0,0,0,0,0,0,0
згинач,0,0,0,0,0,1,0,0,0,0
згинання,0,0,0,0,0,0,0,0,0,0
внизу,0,0,0,0,0,0,0,0,0,0
благодійник,0,0,0,0,0,0,1,0,0,1
вигідно,0,0,0,0,0,0,1,0,0,0
бенефіціар,0,0,0,0,0,0,0,0,0,0
користь,0,0,0,0,0,0,1,0,0,0
доброзичливість,0,0,0,0,1,0,1,0,0,1
доброякісний,0,0,0,0,1,0,1,0,0,0
зігнутий,0,0,0,0,0,0,0,0,0,0
бензол,0,0,0,0,0,0,0,0,0,0
заповідати,0,0,0,0,0,0,0,0,0,0
заповідання,0,0,0,0,0,0,0,0,0,1
загиблі,0,0,0,0,0,1,0,1,0,0
важка втрата,0,0,0,0,0,1,0,1,0,0
позбавлений,0,0,0,0,0,1,0,0,0,0
бергамот,0,0,0,0,0,0,0,0,0,0
берлін,0,0,0,0,0,0,0,0,0,0
несамовитий,1,0,0,0,0,1,0,0,0,0
причал,0,0,0,0,0,0,1,0,0,0
благати,0,0,0,0,0,0,0,0,0,0
охоплений,0,0,0,0,0,0,0,0,0,0
звірячий,0,0,1,1,0,1,0,0,0,0
дарувати,0,0,0,0,0,0,0,0,0,0
ставка,0,0,0,0,0,0,0,0,0,0
зрадити,1,0,1,0,0,1,0,1,1,0
зрада,1,0,1,0,0,1,0,1,0,0
заручений,0,1,0,0,1,0,1,0,0,1
покращення,0,0,0,0,0,0,1,0,0,0
ставки,0,0,0,0,0,0,0,0,0,0
Бетті,0,0,0,0,0,0,0,0,0,0
фаска,0,0,0,0,0,0,0,0,0,0
напій,0,0,0,0,0,0,1,0,0,0
зграя,0,0,0,0,0,0,0,0,0,0
стережіться,0,1,0,1,0,1,0,0,0,0
збентежений,0,0,0,1,0,1,0,0,1,0
здивування,0,0,0,1,0,0,0,0,1,0
упередженість,1,0,0,0,0,1,0,0,0,0
упереджений,0,0,0,0,0,1,0,0,0,0
нагрудник,0,0,0,0,0,0,0,0,0,0
біблійні,0,0,0,0,0,0,1,0,0,0
бібліографії,0,0,0,0,0,0,0,0,0,0
сварка,1,0,1,0,0,1,0,0,0,0
двоколірний,0,0,0,0,0,0,0,0,0,0
велосипед,0,0,0,0,0,0,0,0,0,0
ставка,0,0,0,0,0,0,0,0,0,0
учасник торгів,0,0,0,0,0,0,0,0,0,0
торгів,0,0,0,0,0,0,0,0,0,0
дворічний,0,1,0,0,0,0,0,0,0,0
пиво,0,0,0,1,0,1,0,1,0,0
роздвоєння,0,0,0,0,0,0,0,0,0,0
великий,0,0,0,0,0,0,0,0,0,0
фанатик,1,0,1,1,0,1,0,0,0,0
фанатичний,1,0,1,1,0,1,0,1,0,0
велосипед,0,0,0,0,0,0,0,0,0,0
двосторонній,0,0,0,0,0,0,0,0,0,0
двошаровий,0,0,0,0,0,0,0,0,0,0
жовч,1,0,1,0,0,1,0,0,0,0
трюм,0,0,0,0,0,0,0,0,0,0
двомовний,0,0,0,0,0,0,1,0,0,0
рахунок,0,0,0,0,0,0,0,0,0,0
заготовка,0,0,0,0,0,0,0,0,0,0
більярд,0,0,0,0,0,0,0,0,0,0
мільярд,0,0,0,0,0,0,0,0,0,0
Біллі,0,0,0,0,0,0,0,0,0,0
раз на два місяці,0,0,0,0,0,0,0,0,0,0
bin,0,0,0,0,0,0,0,0,0,0
двійковий,0,0,0,0,0,0,0,0,0,0
зв'язати,0,0,0,0,0,0,0,0,0,0
палітурні вироби,0,0,0,0,0,0,0,0,0,0
прив'язка,0,0,0,0,0,0,0,0,0,0
bing,0,0,0,0,0,0,0,0,0,0
бінокль,0,0,0,0,0,0,0,0,0,0
бінокль,0,0,0,0,0,0,0,0,0,0
біном,0,0,0,0,0,0,0,0,0,0
біогенез,0,0,0,0,0,0,0,0,0,0
біограф,0,0,0,0,0,0,0,0,0,0
біографія,0,0,0,0,0,0,0,0,0,0
біологія,0,0,0,0,0,0,0,0,0,0
біопсія,0,0,0,1,0,1,0,0,0,0
біосфера,0,0,0,0,0,0,0,0,0,0
дводольний,0,0,0,0,0,0,0,0,0,0
береза,1,0,1,1,0,1,0,0,0,0
птах,0,0,0,0,0,0,0,0,0,0
народження,0,1,0,1,1,0,1,0,0,1
день народження,0,1,0,0,1,0,1,0,1,0
місце народження,1,0,0,0,0,1,0,0,0,0
право народження,0,0,0,0,0,0,0,0,0,0
біс,0,0,0,0,0,0,0,0,0,0
єпископ,0,0,0,0,0,0,0,0,0,0
бізон,0,0,0,0,0,0,0,0,0,0
біт,0,0,0,0,0,0,0,0,0,0
сука,1,0,1,1,0,1,0,1,0,0
укус,0,0,0,0,0,1,0,0,0,0
гірко,1,0,1,0,0,1,0,1,0,0
гіркота,1,0,1,0,0,1,0,1,0,0
бітум,0,0,0,0,0,0,0,0,0,0
раз на два тижні,0,0,0,0,0,0,0,0,0,0
химерний,0,0,0,0,0,1,0,0,1,0
ожина,0,0,0,0,0,0,0,0,0,0
класна дошка,0,0,0,0,0,0,0,0,0,0
блекджек,0,0,0,0,0,1,0,0,0,0
шантаж,1,0,0,1,0,1,0,0,0,0
чорнота,0,0,0,1,0,1,0,1,0,0
коваль,0,0,0,0,0,0,0,0,0,0
сечовий міхур,0,0,0,0,0,0,0,0,0,0
лезо,0,0,0,0,0,0,0,0,0,0
звинувачувати,1,0,1,0,0,1,0,0,0,0
бездоганний,0,0,0,0,0,0,1,0,0,0
м'який,0,0,0,0,0,1,0,0,0,0
порожній,0,0,0,0,0,0,0,0,0,0
ковдра,0,0,0,0,0,0,0,0,0,1
блюзнірський,1,0,1,0,0,1,0,0,0,0
богохульство,1,0,0,0,0,1,0,0,0,0
вибух,1,0,0,1,0,1,0,0,1,0
кричущий,1,0,1,0,0,1,0,0,0,0
лепетати,0,0,0,0,0,1,0,0,0,0
полум'я,1,0,0,0,0,1,0,0,0,0
палаючий,0,0,0,0,0,0,0,0,0,0
відбілювач,0,0,0,0,0,0,0,0,0,0
похмурий,0,0,0,0,0,1,0,1,0,0
кровотечі,0,0,1,1,0,1,0,1,0,0
пляма,1,0,1,1,0,1,0,1,0,0
суміш,0,0,0,0,0,0,0,0,0,0
змішування,0,0,0,0,0,0,0,0,0,0
благословити,0,1,0,0,1,0,1,0,0,1
благословенний,0,0,0,0,1,0,1,0,0,0
благословення,0,1,0,0,1,0,1,0,0,1
благословення,0,1,0,0,1,0,1,0,1,1
фітофтороз,0,0,1,1,0,1,0,1,0,0
зіпсований,0,0,1,0,0,1,0,1,0,0
осліплений,0,0,0,0,0,1,0,0,0,0
зав'язати очі,0,1,0,1,0,0,0,0,1,0
із зав'язаними очима,0,0,0,0,0,0,0,0,0,0
наосліп,0,0,0,0,0,1,0,1,0,0
сліпота,0,0,0,0,0,1,0,1,0,0
моргати,0,0,0,0,0,0,0,0,0,0
блаженство,0,0,0,0,1,0,1,0,0,0
блаженний,0,0,0,0,1,0,1,0,0,0
пухир,0,0,1,0,0,1,0,0,0,0
бліц,0,0,0,0,0,0,0,0,1,0
хуртовина,0,0,0,0,0,0,0,0,0,0
роздутий,0,0,1,0,0,1,0,0,0,0
крапка,0,0,1,1,0,1,0,0,0,0
блокувати,0,0,0,0,0,0,0,0,0,0
блокування,1,0,0,1,0,1,0,1,0,0
блондинка,0,0,0,0,0,0,0,0,0,0
кров,0,0,0,0,0,0,0,0,0,0
бладхаунд,0,0,0,0,0,0,0,0,0,0
безкровний,0,0,0,0,0,0,1,0,0,0
кровопролиття,1,0,1,1,0,1,0,1,1,0
кровожерний,1,0,1,1,0,1,0,0,0,0
кривавий,1,0,1,1,0,1,0,1,0,0
цвітіння,0,1,0,0,1,0,1,0,0,1
цвітіння,0,0,0,0,1,0,1,0,0,0
пляма,0,0,0,0,0,1,0,0,0,0
блузка,0,0,0,0,0,0,0,0,0,0
повітродувка,0,0,0,0,0,1,0,0,0,0
видування,0,0,0,0,0,0,0,0,0,0
продутий,0,0,0,0,0,0,0,0,0,0
видування,0,0,0,0,0,1,0,0,0,0
блакитний,0,0,0,0,0,0,0,1,0,0
блюз,0,0,0,1,0,1,0,1,0,0
блеф,0,0,0,0,0,1,0,0,0,0
синюватий,0,0,0,0,0,0,0,0,0,0
промах,0,0,1,0,0,1,0,1,0,0
тупий,0,0,0,0,0,0,0,0,0,0
розмиття,0,0,0,0,0,1,0,0,0,0
розмиті,0,0,0,0,0,1,0,0,0,0
рум'янець,0,0,0,0,0,1,0,0,0,0
почервоніння,0,0,0,0,0,0,0,0,0,0
боа,0,0,0,0,0,0,0,0,0,0
кабан,0,0,0,0,0,0,0,0,0,0
дошка,0,1,0,0,0,0,0,0,0,0
бордер,0,0,0,0,0,0,0,0,0,0
інтернат,0,0,0,0,0,0,0,0,0,0
дошки,0,0,0,0,0,0,0,0,0,0
хвалитися,0,0,0,0,0,1,1,0,0,0
хвастощі,0,0,0,0,0,1,0,0,0,0
човен,0,0,0,0,0,0,0,0,0,0
катання на човні,0,0,0,0,0,0,0,0,0,0
шпулька,0,0,0,0,0,0,0,0,0,0
обіцянка,0,0,0,0,0,0,0,0,0,0
ліф,0,0,0,0,0,0,0,0,0,0
тілесний,0,0,0,0,0,0,0,0,0,0
тіло,0,0,0,0,0,0,0,0,0,0
охоронець,0,0,0,0,0,0,1,0,0,1
болото,0,0,0,0,0,1,0,0,0,0
фальшивий,1,0,1,0,0,1,0,0,0,0
кип'ятити,0,0,1,0,0,1,0,0,0,0
котел,0,0,0,0,0,0,0,0,0,0
шаблонний,0,0,0,0,0,1,0,0,0,0
кипіння,0,0,0,0,0,0,0,0,0,0
бурхливий,1,1,0,0,1,1,1,0,0,0
жирний,0,0,0,0,0,0,1,0,0,0
сміливість,0,0,0,0,0,0,1,0,0,0
підкладка,0,0,0,0,0,0,1,0,0,0
болт,0,0,0,0,0,0,0,0,0,0
болюс,0,0,0,0,0,0,0,0,0,0
бомба,1,0,0,1,0,1,0,1,1,0
бомбардувати,1,0,0,1,0,1,0,0,0,0
бомбардування,1,0,0,1,0,1,0,0,0,0
розбомбили,0,0,1,0,0,1,0,0,0,0
бомбардувальник,0,0,0,1,0,0,0,1,0,0
золотого золота,0,0,0,0,1,0,1,0,0,0
облігація,0,0,0,0,0,0,0,0,0,0
неволя,0,0,0,1,0,1,0,1,0,0
облігації,0,0,0,0,0,1,0,0,0,0
кістка,0,0,0,0,0,0,0,0,0,0
стояк,0,0,0,0,0,0,0,0,0,0
кістки,0,0,0,0,0,0,0,0,0,0
багаття,0,0,0,0,0,0,0,0,0,0
bonne,0,0,0,0,0,0,1,0,0,0
капот,0,0,0,0,0,0,0,0,0,0
бонус,0,1,0,0,1,0,1,0,1,0
кістлявий,0,0,0,0,0,0,0,0,0,0
бу,0,0,0,0,0,1,0,0,0,0
сиськи,0,0,0,0,0,0,0,0,0,0
міна,0,0,0,0,0,1,0,0,0,0
книга,0,0,0,0,0,0,0,0,0,0
книжкова шафа,0,0,0,0,0,0,0,0,0,0
бронювання,0,0,0,0,0,0,0,0,0,0
книжковий,0,0,0,0,0,0,1,0,0,0
бухгалтер,0,0,0,0,0,0,0,0,0,0
бухгалтерія,0,0,0,0,0,0,0,0,0,0
буклет,0,0,0,0,0,0,0,0,0,0
книги,0,0,0,0,0,0,0,0,0,0
книгарня,0,0,0,0,0,0,0,0,0,0
книгарня,0,0,0,0,0,0,1,0,0,0
книжковий магазин,0,0,0,0,0,0,0,0,0,0
книжковий хробак,0,0,0,0,0,1,1,0,0,0
бумеранг,0,1,0,0,0,0,0,0,0,1
бум,0,0,0,0,0,0,0,0,0,0
благо,0,0,0,0,0,0,1,0,0,0
підвищення,0,0,0,0,0,0,0,0,0,0
бустер,0,0,0,0,0,0,0,0,0,0
завантаження,0,0,0,0,0,0,0,0,0,0
будка,0,0,0,0,0,0,0,0,0,0
чоботи,0,0,0,0,0,0,0,0,0,0
здобич,0,0,0,0,0,0,0,0,0,0
випивка,0,0,0,0,0,1,0,0,0,0
кордону,0,0,0,0,0,0,0,0,0,0
межує,0,0,0,0,0,0,0,0,0,0
отвор,0,0,0,0,0,1,0,0,0,0
бореальний,0,0,0,0,0,0,0,0,0,0
нудьга,0,0,0,0,0,1,0,1,0,0
свердлильник,0,0,0,0,0,0,0,0,0,0
нудно,0,0,0,0,0,1,0,0,0,0
район,0,0,0,0,0,0,0,0,0,0
позичати,0,0,0,0,0,0,0,0,0,0
позичальник,0,0,0,0,0,1,0,0,0,0
лоно,0,0,0,0,0,0,0,0,0,0
бос,0,0,0,0,0,0,0,0,0,0
Бостон,0,0,0,0,0,0,0,0,0,0
ботанічний,0,0,0,0,0,0,0,0,0,0
ботанік,0,0,0,0,0,0,0,0,0,0
ботаніка,0,0,0,0,0,0,0,0,0,0
турбувати,0,0,0,0,0,1,0,0,0,0
турбувати,1,0,0,0,0,1,0,1,0,0
пляшка,0,0,0,0,0,0,0,0,0,0
дно,0,0,0,0,0,1,0,1,0,0
бездонний,0,0,0,1,0,0,0,0,0,0
валун,0,0,0,0,0,0,0,0,0,0
підстрибувати,0,0,0,0,0,0,0,0,0,0
зв'язаний,0,0,0,0,0,1,0,0,0,0
межа,0,0,0,0,0,0,0,0,0,0
безмежний,0,0,0,0,0,0,0,0,0,0
межі,0,0,0,0,0,0,0,0,0,0
щедрий,0,1,0,0,1,0,1,0,0,0
винагорода,0,1,0,0,1,0,1,0,0,1
букет,0,0,0,0,1,0,1,0,0,1
буржуазний,0,0,0,0,0,0,0,0,0,0
буржуазія,0,0,0,0,0,0,0,0,0,0
біржа,0,0,0,0,0,0,0,0,0,0
бій,1,0,0,0,0,1,0,0,0,0
бичачий,0,0,1,0,0,1,0,0,0,0
вклонився,0,0,0,0,0,0,0,0,0,0
кишечник,0,0,1,0,0,0,0,0,0,0
чаша,0,0,0,0,0,0,0,0,0,0
миски,0,0,0,0,0,0,0,0,0,0
коробка,0,0,0,0,0,0,0,0,0,0
боксер,0,0,0,0,0,0,0,0,0,0
бокс,1,0,0,0,0,0,0,0,0,0
бойкот,0,0,0,0,0,1,0,0,0,0
дитинство,0,0,0,0,0,0,0,0,0,0
хлопчачий,0,0,0,0,0,0,0,0,0,0
скоба,0,0,0,0,0,0,0,0,0,0
браслет,0,0,0,0,0,0,0,0,0,0
брекети,0,0,0,0,0,0,0,0,0,0
плечовий,0,0,0,0,0,0,0,0,0,0
кронштейн,0,0,0,0,0,0,0,0,0,0
дужки,0,0,0,0,0,0,0,0,0,0
солонуватий,0,0,0,0,0,0,0,0,0,0
бред,0,0,0,0,0,0,0,0,0,0
хвалитися,0,0,0,0,0,1,0,0,0,0
коса,0,0,0,0,0,0,0,0,0,0
мозок,0,0,0,0,0,0,0,0,0,0
мізки,0,0,0,0,0,0,1,0,0,0
мозковий штурм,0,0,0,0,0,0,0,0,0,0
гальмо,0,0,0,0,0,0,0,0,0,0
висівки,0,0,1,0,0,0,0,0,0,0
відділення,0,0,0,0,0,0,0,0,0,0
розгалуження,0,0,0,0,0,0,0,0,0,0
бренді,0,0,0,0,0,1,0,0,0,0
латунь,0,0,0,0,0,0,0,0,0,0
нахаба,0,0,0,0,0,0,0,0,0,0
бравада,0,0,0,0,0,1,0,0,0,0
хоробрість,0,0,0,0,0,0,1,0,0,0
бійка,1,0,1,1,0,1,0,0,0,0
нахабний,1,0,0,0,0,1,0,0,0,0
порушення,0,0,0,0,0,1,0,0,0,0
хліб,0,0,0,0,0,0,0,0,0,0
ширина,0,0,0,0,0,0,0,0,0,0
перерву,0,0,0,0,0,0,0,0,1,0
ламкий,0,0,0,0,0,0,0,0,0,0
зламатися,0,0,0,0,0,1,0,0,0,0
вимикач,0,0,0,0,0,0,0,0,0,0
рубильники,0,0,0,0,0,0,0,0,0,0
сніданок,0,0,0,0,0,0,1,0,0,0
карколомний,0,0,0,0,0,1,0,0,0,0
розійтись,0,0,0,0,0,1,0,1,0,0
дихання,0,0,0,0,0,0,0,0,0,0
казенна частина,0,0,0,0,0,0,0,0,0,0
бриджі,0,0,0,0,0,0,0,0,0,0
порода,0,0,0,0,0,0,0,0,0,0
заводчик,0,0,0,0,0,0,0,0,0,0
розведення,0,0,0,0,0,0,0,0,0,0
вітерець,0,0,0,0,0,0,0,0,0,0
свіжий,0,0,0,0,0,0,0,0,0,0
брати,0,0,0,0,0,0,0,0,0,0
бреве,0,0,0,0,0,0,0,0,0,0
стислість,0,0,0,0,0,0,0,0,0,0
варити,0,0,0,0,0,0,0,0,0,0
пивоваріння,0,0,0,0,0,0,0,0,0,0
хабар,0,0,0,0,0,1,0,0,0,0
хабарництво,0,0,1,0,0,1,0,0,0,0
цегла,0,0,0,0,0,0,0,0,0,0
весільний,0,1,0,0,1,0,1,0,0,1
наречена,0,1,0,0,1,0,1,0,0,1
наречений,0,1,0,0,1,0,1,0,0,1
подружка нареченої,0,0,0,0,1,0,1,0,0,1
міст,0,0,0,0,0,0,0,0,0,0
вуздечка,0,0,0,0,0,0,0,0,0,0
коротко,0,0,0,0,0,0,0,0,0,0
бриг,0,0,0,0,0,0,0,0,0,0
бригада,0,0,0,1,0,1,0,0,0,0
освітлювати,0,0,0,0,1,0,1,0,1,1
яскравість,0,0,0,0,0,0,1,0,0,0
блискучий,0,1,0,0,1,0,1,0,0,1
край,0,0,0,0,0,0,0,0,0,0
наповнюючись,0,0,0,0,0,0,0,0,0,0
сірка,1,0,0,1,0,1,0,0,0,0
розсіл,0,0,0,0,0,0,0,0,0,0
принести,0,0,0,0,0,0,0,0,0,0
край,0,0,0,0,0,0,0,0,0,0
жвавий,0,0,0,0,0,0,0,0,0,0
щетина,0,0,0,0,0,1,0,0,0,0
крихкий,0,0,0,0,0,0,0,0,0,0
трансляція,0,0,0,0,0,0,0,0,0,0
бортовий,0,1,0,0,0,1,0,0,0,0
парча,0,0,0,0,0,0,1,0,0,0
брошура,0,0,0,0,0,0,0,0,0,0
смажити,1,0,0,0,0,1,0,0,0,0
зламався,0,0,0,1,0,1,0,1,0,0
зламаний,1,0,0,1,0,1,0,1,0,0
брокер,0,0,0,0,0,0,0,0,0,0
посередництво,0,0,0,0,0,0,0,0,0,0
бронко,0,0,0,0,0,0,0,0,0,0
бронза,0,0,0,0,0,0,0,0,0,0
виводок,0,0,0,0,0,0,0,0,0,0
задумливий,0,0,0,0,0,0,0,0,0,0
струмок,0,0,0,0,0,0,0,0,0,0
віник,0,0,0,0,0,0,0,0,0,0
бульйон,0,0,0,0,0,0,0,0,0,0
бордель,0,0,1,0,0,1,0,0,0,0
брат,0,0,0,0,0,0,1,0,0,1
братство,0,0,0,0,0,0,1,0,0,1
братерський,0,1,0,0,1,0,1,0,0,1
лоб,0,0,0,0,0,0,0,0,0,0
коричневий,0,0,0,0,0,0,0,0,0,0
синяк,0,1,0,0,0,1,0,0,0,0
брюнетка,0,0,0,0,0,0,0,0,0,0
основний удар,1,0,0,0,0,1,0,0,0,0
пензлик,0,0,0,0,0,0,0,0,0,0
брутальний,1,0,0,1,0,1,0,0,0,0
жорстокість,1,0,0,1,0,1,0,0,0,0
брутальний,1,0,0,1,0,1,0,1,0,0
міхур,0,0,0,0,0,0,0,0,0,0
булькаючий,0,0,0,0,0,0,0,0,0,0
бакс,0,0,0,1,0,1,1,0,1,0
відро,0,0,0,0,0,0,0,0,0,0
пряжка,0,0,0,0,0,0,0,0,0,0
пряжками,0,0,0,0,0,0,0,0,0,0
бутон,0,0,0,0,0,0,0,0,0,0
приятель,0,1,0,0,1,0,1,0,0,1
зрушити з місця,0,0,0,0,0,0,0,0,0,0
бюджет,0,0,0,0,0,0,0,0,0,1
буйвол,0,0,0,0,0,0,0,0,0,0
буфер,0,0,0,0,0,0,0,0,0,0
буфет,1,0,0,0,0,1,0,0,0,0
помилка,0,0,1,1,0,1,0,0,0,0
bugaboo,1,0,0,1,0,1,0,1,0,0
багі,0,0,0,0,0,0,0,0,0,0
стеклярус,0,1,0,0,0,0,0,0,0,0
будувати,0,0,0,0,0,0,1,0,0,0
будівельник,0,0,0,0,0,0,0,0,0,0
будівля,0,0,0,0,0,0,1,0,0,0
будівлі,0,0,0,0,0,0,0,0,0,0
цибулина,0,0,0,0,0,0,0,0,0,0
цибулинні,0,0,0,0,0,1,0,0,0,0
опуклість,0,0,0,0,0,0,0,0,0,0
масовий,0,0,0,0,0,0,0,0,0,0
перегородка,0,0,0,0,0,0,0,0,0,0
громіздкий,0,0,0,0,0,0,0,0,0,0
бик,0,0,0,0,0,0,0,0,0,0
бульдог,0,0,0,0,0,0,1,0,0,0
бульдозер,0,0,0,0,0,0,0,0,0,0
куля,0,0,0,0,0,0,0,0,0,0
бюлетень,0,0,0,0,0,0,0,0,0,0
куленепробивний,0,0,0,0,0,0,1,0,0,0
бичок,0,0,0,0,0,0,0,0,0,0
хуліган,1,0,0,1,0,1,0,0,0,0
оплот,0,0,0,0,0,0,0,0,0,0
бомж,0,0,1,0,0,1,0,1,0,0
облом,1,0,1,0,0,1,0,0,0,0
шишка,0,0,0,0,0,0,0,0,0,0
булочка,0,0,0,0,0,0,0,0,0,0
пучок,0,0,0,0,0,0,0,0,0,0
пучок,0,0,0,0,0,0,0,0,0,0
бунгало,0,0,0,0,0,0,0,0,0,0
двоярусна,0,0,0,0,0,0,0,0,0,0
бункер,0,0,0,1,0,0,0,0,0,0
головня,0,0,0,0,0,0,0,0,0,0
буй,0,0,0,0,0,0,1,0,0,0
плавучість,0,0,0,0,0,0,0,0,0,0
бур,0,0,0,0,0,0,0,0,0,0
тягар,0,0,0,0,0,0,0,0,0,0
обтяжливий,0,0,0,1,0,1,0,1,0,0
бюро,0,0,0,0,0,0,0,0,0,0
бюрократія,0,0,0,0,0,1,0,0,0,1
бюрократ,0,0,1,0,0,1,0,0,0,0
грабіжник,0,0,1,1,0,1,0,0,0,0
крадіжка зі зломом,0,0,0,0,0,1,0,0,0,0
поховання,1,0,0,1,0,1,0,1,0,0
похований,0,0,0,1,0,1,0,1,0,0
Берк,1,0,1,1,0,1,0,1,0,0
мішковину,0,0,0,0,0,0,0,0,0,0
бурлеск,0,0,0,0,0,0,0,0,1,0
кремезний,0,0,0,0,0,0,0,0,0,0
спалювати,0,0,0,0,0,0,0,0,0,0
пальник,0,0,0,0,0,0,0,0,0,0
горіння,0,0,0,0,0,0,0,0,0,0
випалений,0,0,0,0,0,0,0,0,0,0
вигоріти,0,0,0,0,0,0,0,0,0,0
спалені,0,0,1,0,0,1,0,0,0,0
задирка,0,0,0,0,0,0,0,0,0,0
нора,0,0,0,0,0,0,0,0,0,0
бурса,0,0,0,0,0,0,0,0,0,1
поховати,0,0,0,0,0,0,0,1,0,0
автобус,0,0,0,0,0,0,0,0,0,0
кущ,0,0,0,0,0,0,0,0,0,0
бушель,0,0,0,0,0,0,0,0,0,0
кущистий,0,0,0,0,0,0,0,0,0,0
бізнес,0,0,0,0,0,0,0,0,0,0
автобус,0,0,0,0,1,0,1,0,0,0
бюст,0,0,0,0,0,0,0,0,0,0
розбитий,1,0,0,1,0,1,0,0,0,0
суєта,0,0,0,0,0,0,0,0,0,0
метушливий,0,0,0,0,0,0,0,0,0,0
зайнятий,0,0,0,0,0,0,0,0,0,0
бутан,0,0,0,0,0,0,0,0,0,0
м'ясник,1,0,1,1,0,1,0,0,0,0
дворецький,0,0,0,0,0,0,1,0,0,1
прикладом,0,0,0,0,0,1,0,0,0,0
вершкове масло,0,0,0,0,0,0,0,0,0,0
метелик,0,0,0,0,0,0,0,0,0,0
маслянистий,0,0,0,0,0,0,1,0,0,0
сідниця,0,0,0,0,0,0,0,0,0,0
кнопку,0,0,0,0,0,0,0,0,0,0
контрфорс,0,0,0,0,0,0,0,0,0,0
грудаста,0,0,0,0,0,0,1,0,0,0
купити,0,0,0,0,0,0,0,0,0,0
покупець,0,0,0,0,0,0,0,0,0,0
купівля,0,0,0,0,0,0,0,0,0,0
дзижчання,0,1,0,1,0,0,1,0,0,0
дзижчав,0,0,0,0,0,1,0,0,0,0
зумер,0,0,0,0,0,0,0,0,0,0
до побачення,0,1,0,0,0,0,0,0,0,0
минулий,0,0,0,0,0,0,0,0,0,0
підзаконний акт,0,0,0,0,0,0,0,0,0,1
спостерігач,0,0,0,0,0,0,0,0,0,0
байт,0,0,0,0,0,0,0,0,0,0
таксі,0,0,0,0,0,0,1,0,0,0
кабала,0,0,0,1,0,1,0,0,0,0
капуста,0,0,0,0,0,0,0,0,0,0
каюта,0,0,0,0,0,0,0,0,0,0
кабінет,0,0,0,0,0,0,1,0,0,1
кабель,0,0,0,0,0,0,0,0,1,0
кабріолет,0,0,0,0,0,0,0,0,0,0
кеш,0,0,0,0,0,0,0,0,0,0
какофонія,1,0,1,0,0,1,0,0,0,0
кад,1,0,1,0,0,1,0,0,0,0
труп,0,0,1,1,0,1,0,1,1,0
кедді,0,0,0,0,0,0,0,0,0,0
каденція,0,0,0,0,0,0,0,0,0,0
курсант,0,0,0,0,0,0,0,0,0,0
кафе,0,0,0,0,0,0,1,0,0,0
клітка,0,0,0,0,0,1,0,1,0,0
Керн,0,0,0,0,0,0,0,0,0,0
торт,0,0,0,0,0,0,0,0,0,0
лихо,0,0,0,0,0,0,0,1,0,0
вапняний,0,0,0,0,0,0,0,0,0,0
розрахувати,0,0,0,0,0,0,0,0,0,0
розрахований,0,0,0,0,0,0,0,0,0,0
обчислення,0,0,0,0,0,1,0,0,0,0
розрахунок,0,1,0,0,0,0,0,0,0,0
калькулятор,0,0,0,0,0,0,1,0,0,1
обчислення,0,0,0,0,0,0,0,0,0,0
календар,0,0,0,0,0,0,0,0,0,0
календар,0,0,0,0,0,0,0,0,0,0
теля,0,0,0,0,1,0,1,0,0,1
калібр,0,0,0,0,0,0,0,0,0,0
відкалібрувати,0,0,0,0,0,0,0,0,0,0
бязь,0,0,0,0,0,0,0,0,0,0
супорти,0,0,0,0,0,0,0,0,0,0
виклик,0,0,0,0,0,0,0,0,0,0
каліграфія,0,0,0,0,0,0,0,0,0,0
виклик,0,0,0,0,0,0,0,0,0,0
черствий,1,0,1,0,0,1,0,0,0,0
дзвінки,0,1,0,0,0,1,0,0,0,1
спокійний,0,0,0,0,0,0,1,0,0,0
спокій,0,0,0,0,0,0,0,0,0,0
калорійність,0,0,0,0,0,0,0,0,0,0
калорійність,0,0,0,0,0,0,0,0,0,0
калориметр,0,0,0,0,0,0,0,0,0,0
кулачок,0,0,0,0,0,0,0,0,0,0
розвал,0,0,0,0,0,0,0,0,0,0
верблюд,0,0,0,0,0,0,0,0,0,0
камео,0,0,0,0,0,0,0,0,0,0
оператор,0,0,0,0,0,0,0,0,0,0
камзол,0,0,0,0,0,0,0,0,0,0
камуфляж,0,0,0,0,0,0,0,0,1,0
закамуфльований,0,0,0,0,0,0,0,0,1,0
табір,0,0,0,0,0,0,0,0,0,0
кампанія,0,0,0,0,0,0,0,0,0,0
агітатор,0,0,0,0,0,0,0,0,0,0
агітація,1,0,0,1,0,1,0,0,0,0
кампус,0,0,0,0,0,0,0,0,0,0
канал,0,0,0,0,0,0,0,0,0,0
канарейка,0,0,0,0,0,0,1,0,0,0
скасувати,0,0,0,0,0,1,0,1,0,0
скасування,0,0,0,0,0,0,0,0,0,0
скасування,0,0,0,0,0,0,0,0,0,0
рак,1,0,1,1,0,1,0,1,0,0
відвертий,0,1,0,0,1,0,1,0,1,1
кандидатуру,0,0,0,0,0,0,0,0,0,0
кандидат,0,0,0,0,0,0,1,0,0,0
цукати,0,0,0,0,0,0,1,0,0,0
свічка,0,0,0,0,0,0,0,0,0,0
світло свічок,0,0,0,0,0,0,0,0,0,0
свічник,0,0,0,0,0,0,0,0,0,0
відвертість,0,0,0,0,0,0,0,0,0,0
цукерки,0,0,0,0,0,0,0,0,0,0
тростина,1,0,0,1,0,0,0,0,0,0
собачий,0,0,0,0,0,0,0,0,0,0
каністра,0,0,0,0,0,0,0,0,0,0
виразка,1,0,1,0,0,1,0,0,0,0
канібал,0,0,1,1,0,1,0,0,0,0
канібалізм,0,0,1,0,0,1,0,0,0,0
консервування,0,0,0,0,0,0,0,0,0,0
гармати,1,0,0,1,0,1,0,0,0,0
каное,0,0,0,0,0,0,0,0,0,0
канон,0,0,0,0,0,0,0,0,0,0
канонічний,0,0,0,0,0,0,0,0,0,0
канони,0,0,0,0,0,0,0,0,0,1
навіс,0,0,0,0,0,0,0,0,0,0
їдальня,0,0,0,0,0,0,0,0,0,0
Кентербері,0,0,0,0,0,0,0,0,0,0
консольний,0,0,0,0,0,0,0,0,0,0
канто,0,0,0,0,0,0,0,0,0,0
кантон,0,0,0,0,0,0,0,0,0,0
полотно,0,0,0,0,0,0,0,0,0,0
полотно,0,0,0,0,0,0,0,0,0,0
шапка,0,1,0,0,0,0,0,0,0,1
здатність,0,0,0,0,0,0,0,0,0,0
здатний,0,0,0,0,0,0,0,0,0,0
місткість,0,0,0,0,0,0,0,0,0,0
мис,0,0,0,0,0,0,0,0,0,0
каперс,0,0,0,0,0,0,0,0,0,0
капілярний,0,0,0,0,0,0,0,0,0,0
капітал,0,0,0,0,0,0,0,0,0,0
капіталістичний,0,0,0,0,0,0,1,0,0,0
столиці,0,0,0,0,0,0,0,0,0,0
подушна сума,0,0,0,0,0,0,0,0,0,0
Капітолій,0,0,0,0,0,0,0,0,0,0
капітуляція,0,0,0,0,0,0,0,0,0,0
каприз,0,0,0,0,0,0,0,0,0,0
примхливий,0,0,0,0,0,0,0,0,0,0
шапки,0,0,0,0,0,0,0,0,0,0
капсула,0,0,0,0,0,0,0,0,0,0
капітан,0,0,0,0,0,0,1,0,0,0
підпис,0,0,0,0,0,0,0,0,0,0
захоплювати,0,1,0,0,1,0,1,0,1,1
захоплюючий,0,0,0,0,0,0,1,0,0,0
полонений,0,0,0,1,0,1,0,1,0,0
полон,0,0,0,0,0,1,0,1,0,0
викрадач,0,0,0,1,0,1,0,0,0,0
захоплення,0,0,0,0,0,1,0,0,0,0
автомобіль,0,0,0,0,0,0,0,0,0,0
карамель,0,0,0,0,0,0,0,0,0,0
карат,0,0,0,0,0,0,0,0,0,0
караван,0,0,0,0,0,0,0,0,0,0
вуглець,0,0,0,0,0,0,0,0,0,0
тушка,0,0,1,1,0,1,0,1,0,0
карцинома,0,0,0,1,0,1,0,1,0,0
картку,0,0,0,0,0,0,0,0,0,0
кардиган,0,0,0,0,0,0,0,0,0,0
кардинал,0,0,0,0,0,0,0,0,0,0
кардіоміопатія,0,0,0,1,0,1,0,1,0,0
картки,0,0,0,0,0,0,0,0,0,0
догляд,0,0,0,0,0,0,0,0,0,0
кар'єра,0,1,0,0,0,0,1,0,0,0
обережний,0,0,0,0,0,0,1,0,0,0
ретельно,0,0,0,0,0,0,1,0,0,0
необережність,1,0,1,0,0,1,0,0,0,0
пестити,0,0,0,0,0,0,1,0,0,0
вставка,0,0,0,0,0,0,0,0,0,0
доглядач,0,0,0,0,0,0,1,0,0,1
вантаж,0,0,0,0,0,0,0,0,0,0
карібу,0,0,0,0,0,0,0,0,0,0
карикатура,0,0,0,0,0,1,0,0,0,0
карієс,0,0,1,0,0,1,0,0,0,0
різанина,1,0,1,1,0,1,0,1,1,0
плотський,0,0,0,0,0,1,0,0,0,0
гвоздика,0,0,0,0,0,0,0,0,0,0
м'ясоїдний,0,0,0,1,0,1,0,0,0,0
колядка,0,0,0,0,1,0,1,0,0,1
карусель,0,0,0,0,0,0,0,0,0,0
столяр,0,0,0,0,0,0,0,0,0,0
карета,0,0,0,0,0,0,0,0,0,0
несли,0,0,0,0,0,0,0,0,0,0
носій,0,0,0,0,0,0,0,0,0,0
нести,0,0,0,0,0,0,0,0,0,0
перенесення,0,0,0,0,0,0,0,0,0,0
візок,0,0,0,0,0,0,0,0,0,0
картель,0,0,0,0,0,1,0,0,0,0
візник,0,0,0,0,0,0,0,0,0,0
хрящ,0,0,0,0,0,0,0,0,0,0
картографічний,0,0,0,0,0,0,0,0,0,0
картографія,0,0,0,0,0,0,0,0,0,0
мультфільм,0,0,0,0,0,0,0,0,0,0
картуш,0,0,0,0,0,0,0,0,0,0
картридж,0,0,0,1,0,0,0,0,0,0
вирізати,0,0,0,0,0,0,0,0,0,0
різьбяр,0,0,0,0,0,0,0,0,0,0
різьблення,0,0,0,0,0,0,0,0,0,0
каскад,0,0,0,0,0,0,1,0,0,0
справа,0,0,0,1,0,1,0,1,0,0
казеїн,0,0,0,0,0,0,0,0,0,0
готівкою,1,1,0,1,1,0,1,0,0,1
касир,0,0,0,0,0,0,0,0,0,1
кашемір,0,0,0,0,0,0,0,0,0,0
кожух,0,0,0,0,0,0,0,0,0,0
казино,0,0,0,0,0,0,0,0,0,0
бочка,0,0,0,0,0,0,0,0,0,0
шкатулка,0,0,0,1,0,1,0,1,0,0
акторський склад,0,0,0,0,0,0,0,0,0,0
каста,0,0,0,0,0,1,0,0,0,0
заклинатель,0,0,0,0,0,0,0,0,0,0
замок,0,0,0,0,0,0,0,0,0,0
рицинова,0,0,0,0,0,0,0,0,0,0
випадковий,0,0,0,0,0,0,0,0,0,0
випадково,0,0,0,0,0,0,0,0,0,0
поранений,1,0,0,1,0,1,0,1,0,0
кіт,0,0,0,0,0,0,0,0,0,0
катаболізм,0,0,0,0,0,0,0,0,0,0
каталог,0,0,0,0,0,0,0,0,0,0
каталог,0,0,0,0,0,0,0,0,0,0
каталіз,0,0,0,0,0,0,0,0,0,0
каталітичний,0,0,0,0,0,0,0,0,0,0
катамаран,0,0,0,0,0,0,0,0,0,0
катапульта,0,0,0,0,0,0,0,0,0,0
катаракта,0,1,0,1,0,1,0,1,0,0
катастрофа,1,0,1,1,0,1,0,1,1,0
виловити,0,0,0,0,0,0,0,0,1,0
ловля,0,0,0,0,0,0,0,0,0,0
катехізис,0,0,1,0,0,0,0,0,0,0
категоричний,0,0,0,0,0,0,1,0,0,0
категорія,0,0,0,0,0,0,0,0,0,0
обслуговувати,0,0,0,0,0,0,1,0,0,0
громадське харчування,0,0,0,0,0,0,0,0,0,0
гусениця,0,0,0,0,0,0,0,0,0,0
котів,0,0,0,0,0,0,0,0,0,0
катартичний,0,0,0,0,0,0,1,0,0,0
собор,0,0,0,0,1,0,1,0,0,1
катетер,0,0,0,0,0,1,0,0,0,0
котяча м'ята,0,0,0,0,0,0,0,0,0,0
велика рогата худоба,0,0,0,0,0,0,0,0,0,0
кокус,0,0,0,0,0,0,0,0,0,0
каудальний,0,0,0,0,0,0,0,0,0,0
конопатити,0,0,0,0,0,0,0,0,0,0
причинний,0,0,0,0,0,0,0,0,0,0
причинність,0,0,0,0,0,0,0,0,0,0
причинно-наслідковий зв'язок,0,0,0,0,0,0,0,0,0,0
спричинений,0,0,0,0,0,0,0,0,0,0
дамба,0,0,0,0,0,0,0,0,0,0
обережність,1,1,0,1,0,1,0,0,0,0
застережливий,0,0,0,1,0,0,0,0,0,0
обережний,0,1,0,1,0,0,1,0,0,1
обережно,0,0,0,1,0,0,1,0,0,0
кіннота,0,0,0,0,0,0,0,0,0,0
печера,0,0,0,0,0,0,0,0,0,0
застереження,0,0,0,0,0,0,0,0,0,0
печера,0,0,0,0,0,0,0,0,0,0
кавернозний,0,0,0,0,0,0,0,0,0,0
порожнина,0,0,0,0,0,0,0,0,0,0
кайенський,0,0,0,0,0,0,0,0,0,0
припинити,0,0,0,0,0,0,0,0,0,0
безперервний,0,0,0,0,0,0,0,0,0,0
поступатися,0,0,0,0,0,1,0,0,0,0
стеля,0,0,0,0,0,0,0,0,0,0
ювіляр,0,0,0,0,0,0,0,0,0,0
відзначається,0,1,0,0,1,0,1,0,0,0
святкування,0,1,0,0,1,0,1,0,0,0
святкування,0,1,0,0,1,0,1,0,1,1
знаменитість,1,1,1,0,1,1,1,0,1,1
небесний,0,1,0,0,1,0,1,0,0,0
целібат,0,0,0,0,0,0,0,0,0,0
клітина,0,0,0,0,0,0,0,0,0,0
льох,0,0,0,0,0,0,0,0,0,0
стільниковий,0,0,0,0,0,0,0,0,0,0
целулоїд,0,0,0,0,0,0,0,0,0,0
цемент,0,1,0,0,0,0,0,0,0,1
цементований,0,0,0,0,0,0,0,0,0,0
кладовище,0,0,0,1,0,1,0,1,0,0
цензор,1,0,1,1,0,1,0,0,0,1
осуд,0,0,0,0,0,1,0,0,0,0
перепис населення,0,0,0,0,0,0,0,0,0,0
цент,0,0,0,0,0,0,0,0,0,0
сторіччя,0,0,0,0,0,0,0,0,0,0
сторіччя,0,0,0,0,0,0,0,0,0,0
центр,0,0,0,0,0,0,1,0,0,1
сантиметр,0,0,0,0,0,0,0,0,0,0
центральний,0,0,0,0,0,0,0,0,0,0
центральність,0,0,0,0,0,0,0,0,0,0
централізація,0,0,0,0,0,0,0,0,0,0
централізувати,0,0,0,0,0,0,0,0,0,0
централізовано,0,0,0,0,0,0,0,0,0,0
відцентровий,0,0,0,0,0,0,0,0,0,0
центрифуга,0,0,0,0,0,0,0,0,0,0
сотник,0,0,0,0,0,0,1,0,0,0
століття,0,0,0,0,0,0,0,0,0,0
кераміка,0,0,0,0,0,0,0,0,0,0
крупа,0,0,0,0,0,0,0,0,0,0
крупи,0,0,0,0,0,0,0,0,0,0
церебральний,0,0,0,0,0,0,1,0,0,0
церемоніальний,0,0,0,0,0,0,0,0,0,0
церемонія,0,0,0,0,1,0,1,0,1,0
визначеність,0,0,0,0,0,0,1,0,0,0
сертифікат,0,0,0,0,0,0,0,0,0,0
засвідчувати,0,0,0,0,0,0,0,0,0,1
cess,0,0,1,0,0,1,0,0,0,0
припинення,0,0,0,0,0,1,0,0,0,0
полова,1,0,0,1,0,1,0,0,0,0
натирання,0,0,0,0,0,1,0,0,0,0
засмучення,0,0,1,0,0,1,0,1,0,0
ланцюг,0,0,0,0,0,0,0,0,0,0
стілець,0,0,0,0,0,0,0,0,0,0
голова,0,0,0,0,0,0,1,0,0,1
голова,0,0,0,0,0,0,0,0,0,0
голова,0,0,0,0,0,0,1,0,0,1
шезлонг,0,0,0,0,0,0,0,0,0,0
шале,0,0,0,0,0,0,0,0,0,0
чаша,0,0,0,0,0,0,0,0,0,0
крейда,0,0,0,0,0,0,0,0,0,0
виклик,1,0,0,1,0,1,0,0,0,0
палата,0,0,0,0,0,0,0,0,0,0
камери,0,0,0,0,0,0,0,0,0,0
хамелеон,0,0,0,0,0,0,0,0,0,0
шампанське,0,0,0,0,0,0,0,0,0,0
чемпіон,0,1,0,0,1,0,1,0,0,1
шанс,0,0,0,0,0,0,0,0,1,0
канцлер,0,0,0,0,0,0,0,0,0,1
люстра,0,0,0,0,0,0,0,0,0,0
Чандлер,0,0,0,0,0,0,0,0,0,0
змінити,0,0,0,1,0,0,0,0,0,0
мінливий,0,1,0,0,0,0,0,0,1,0
змінено,0,0,0,0,0,0,0,0,0,0
чейнджер,0,0,0,0,0,0,0,0,0,0
змінюється,0,0,0,0,0,0,0,0,0,0
канал,0,0,0,0,0,0,0,0,0,0
співати,1,1,0,0,1,0,1,0,1,0
хаос,1,0,0,1,0,1,0,1,0,0
хаотичний,1,0,0,0,0,1,0,0,0,0
розд,0,0,0,0,0,0,0,0,0,0
каплиця,0,0,0,0,0,0,0,0,0,0
капелан,0,0,0,0,0,0,0,0,0,1
chapman,0,0,0,0,0,0,0,0,0,0
чолов,0,0,0,0,0,0,0,0,0,0
розділ,0,0,0,0,0,0,0,0,0,0
char,0,0,0,0,0,0,0,0,0,0
характер,0,0,0,0,0,0,0,0,0,0
характеристика,0,0,0,0,0,0,0,0,0,0
характеризувати,0,0,0,0,0,0,0,0,0,0
шарада,0,0,0,0,0,1,0,0,0,0
деревне вугілля,0,0,0,0,0,0,0,0,0,0
заряд,0,0,0,0,0,0,0,0,0,0
платний,0,0,0,1,0,1,0,1,0,0
зарядний пристрій,0,0,0,0,0,0,1,0,0,0
колісниця,0,0,0,0,0,0,0,0,0,0
благодійний,0,1,0,0,1,0,1,0,0,1
благодійність,0,0,0,0,1,0,1,0,0,0
чарівність,0,0,0,0,0,0,1,0,0,0
зачарований,0,0,0,0,1,1,1,0,0,0
чарівниця,0,0,0,0,0,0,0,0,0,0
чарівний,0,0,0,0,0,0,1,0,0,0
діаграма,0,0,0,0,0,0,0,0,0,1
статут,0,0,0,0,0,0,0,0,0,0
зафрахтований,0,0,0,0,0,0,0,0,0,0
погоня,0,0,0,0,0,1,0,0,0,0
прірва,0,0,0,1,0,0,0,0,0,0
покарання,0,0,0,0,0,1,0,0,0,0
цнотливість,0,1,0,0,0,0,1,0,0,1
чат,0,0,0,0,0,0,0,0,0,0
замок,0,0,0,0,0,0,0,0,0,0
балакучість,0,0,0,0,0,0,0,0,0,0
балакучий,0,0,0,0,0,0,1,0,0,0
балакучий,0,0,0,0,0,1,0,0,0,0
шофер,0,0,0,0,0,0,0,0,0,0
дешевий,0,0,0,0,0,1,0,0,0,0
обманювати,1,0,1,0,0,1,0,0,0,0
перевірити,0,0,0,0,0,0,0,0,0,0
шашка,0,0,0,0,0,0,0,0,0,0
картатий,0,0,0,0,0,0,0,0,0,0
шашки,0,0,0,0,0,0,0,0,0,0
контрольний список,0,0,0,0,0,0,1,0,0,1
щока,0,0,0,0,0,0,0,0,0,0
щоки,0,0,0,0,0,0,0,0,0,0
дешево,0,0,0,0,0,0,0,0,0,0
підбадьорювати,0,1,0,0,1,0,1,0,1,1
веселий,0,0,0,0,1,0,1,0,1,0
життєрадісність,0,1,0,0,1,0,1,0,0,1
підбадьорювання,0,0,0,0,1,0,1,0,0,0
веселий,0,1,0,0,1,0,1,0,0,0
чізкейк,0,0,0,0,0,1,0,0,0,0
гепард,0,0,0,0,0,0,0,0,0,0
сорочка,0,0,0,0,0,0,0,0,0,0
хімік,0,0,0,0,0,0,1,0,0,1
хімія,0,0,0,0,0,0,0,0,0,0
перевірити,0,0,0,0,0,0,0,0,0,0
плекати,0,1,0,0,1,0,1,0,1,1
вишня,0,0,0,0,0,0,1,0,0,0
шахи,0,0,0,0,0,0,0,0,0,0
груди,0,0,0,0,0,0,0,0,0,0
Каштан,0,0,0,0,0,0,0,0,0,0
шеврон,0,0,0,0,0,0,0,0,0,0
жувати,0,0,0,0,0,0,0,0,0,0
шик,0,0,0,0,0,0,0,0,0,0
шикана,0,1,0,0,0,1,0,0,1,1
курка,0,0,0,1,0,0,0,0,0,0
головний,0,0,0,0,0,0,0,0,0,0
в основному,0,0,0,0,0,0,0,0,0,0
отаман,0,0,0,0,0,0,1,0,0,0
дитина,0,1,0,0,1,0,1,0,0,0
пологи,0,0,0,0,0,0,0,0,0,0
дитинство,0,0,0,0,1,0,1,0,0,0
дитячий,0,0,0,0,0,1,0,0,0,0
холод,0,0,0,0,0,0,0,0,0,0
прохолодний,0,0,0,0,0,1,0,0,0,0
дзвінок,0,0,0,0,0,0,0,0,0,0
химера,0,0,0,1,0,0,0,0,1,0
куранти,0,0,0,0,0,0,0,0,0,0
димохід,0,0,0,0,0,0,0,0,0,0
Китай,0,0,0,0,0,0,0,0,0,0
chine,0,0,0,0,0,0,0,0,0,0
чавун,0,0,0,0,0,0,0,0,0,0
чіп,0,0,0,0,0,0,0,0,0,0
сколювання,0,0,0,0,0,0,0,0,0,0
щебетати,0,0,0,0,1,0,1,0,0,0
долото,0,0,0,0,0,0,1,0,0,0
чит,0,0,0,0,0,0,0,0,0,0
лицарство,0,0,0,0,0,0,1,0,0,0
хлороформ,0,0,0,0,0,1,0,0,0,0
шоколад,0,1,0,0,1,0,1,0,0,1
вибір,0,0,0,0,0,0,1,0,0,0
хор,0,0,0,0,1,0,1,0,0,1
задушити,1,0,0,0,0,1,0,1,0,0
холера,0,0,1,1,0,1,0,1,0,0
вибрати,0,0,0,0,0,0,0,0,0,0
вибираючи,0,0,0,0,0,0,0,0,0,0
рубати,0,0,0,0,0,1,0,0,0,0
подрібнення,0,0,0,0,0,0,0,0,0,0
відбивні,0,0,0,0,0,0,0,0,0,0
хоровий,0,0,0,0,1,0,1,0,0,0
акорди,0,0,0,0,0,0,0,0,0,0
рутинна робота,0,0,0,0,0,1,0,0,0,0
приспів,0,0,0,0,0,0,1,0,0,0
обраний,0,0,0,0,0,0,1,0,0,0
чаудер,0,0,0,0,0,0,1,0,0,0
хрещення,0,0,0,0,0,0,0,0,0,0
хроматичний,0,0,0,0,0,0,0,0,0,0
хроматографія,0,0,0,0,0,0,0,0,0,0
хромосома,0,0,0,0,0,0,0,0,0,0
хронічний,0,0,0,0,0,1,0,1,0,0
літопис,0,0,0,0,0,0,1,0,0,1
хронограф,0,0,0,0,0,0,0,0,0,0
хронологічний,0,0,0,0,0,0,0,0,0,0
патрон,0,0,0,0,0,0,0,0,0,0
сміятися,0,1,0,0,1,0,1,0,1,1
шматок,0,0,0,0,0,0,0,0,0,0
кремезний,0,0,0,0,0,0,0,0,0,0
церква,0,1,0,0,1,0,1,0,0,1
церковне подвір'я,0,0,0,0,0,0,0,0,0,0
відтік,0,0,0,0,0,0,0,0,0,0
жолоб,0,0,0,0,0,0,0,0,0,0
чатні,0,0,0,0,0,0,0,0,0,0
чао,0,0,0,0,0,0,0,0,0,0
сидр,0,0,0,0,0,0,1,0,0,0
сигара,0,0,0,0,0,0,0,0,0,0
сигарета,0,0,0,0,0,1,0,0,0,0
підтягнути,0,0,0,0,0,0,0,0,0,0
недогарок,0,0,0,0,0,0,0,0,0,0
кіно,0,0,0,0,0,0,0,0,0,0
кінооператор,0,0,0,0,0,0,0,0,0,0
кінематограф,0,0,0,0,0,0,0,0,0,0
кориця,0,0,0,0,0,0,0,0,0,0
шифр,0,0,0,0,0,0,0,0,0,0
коло,0,0,0,0,0,0,0,0,0,0
кружляючи,0,0,0,0,0,0,0,0,0,0
схема,0,0,0,0,0,0,0,0,0,0
круговий,0,0,0,0,0,0,0,0,0,0
циркулювати,0,0,0,0,0,0,0,0,0,0
тираж,0,0,0,0,0,0,0,0,0,0
обрізання,0,0,0,0,0,0,1,0,0,0
окружність,0,0,0,0,0,0,0,0,0,0
окружний,0,0,0,0,0,0,0,0,0,0
обмежений,0,0,0,0,0,0,0,0,0,0
обставина,0,0,0,0,0,0,0,0,0,0
обставинні,0,0,0,0,0,0,0,0,0,0
обхід,0,0,0,0,0,1,1,0,0,0
цирк,0,0,0,0,0,0,0,0,0,0
циррус,0,0,0,0,0,0,0,0,0,0
цистерна,0,0,0,0,0,0,0,0,0,0
цитадель,0,0,0,0,0,0,0,0,0,0
цитування,0,0,0,0,0,0,0,0,0,0
громадянин,0,0,0,0,0,0,1,0,0,0
цитрин,0,0,0,0,0,0,0,0,0,0
місто,0,0,0,0,0,0,0,0,0,0
громадянський,0,0,0,0,0,0,0,0,0,0
цивільний,0,0,0,0,0,0,1,0,0,0
цивільний,0,0,0,0,0,0,0,0,0,0
ввічливість,0,0,0,0,0,0,1,0,0,0
цивілізація,0,0,0,0,0,0,1,0,0,1
цивілізований,0,0,0,0,1,0,1,0,0,1
одягнений,0,0,0,0,0,0,0,0,0,0
позов,0,0,0,0,0,0,0,0,0,0
позивач,1,0,1,0,0,0,0,0,0,0
ясновидець,0,0,0,0,0,0,1,0,0,0
молюск,0,0,0,0,0,0,0,0,0,0
шум,1,1,1,0,0,1,0,0,1,0
затискач,0,0,0,0,0,0,0,0,0,0
клан,0,0,0,0,0,0,0,0,0,1
підпільний,0,0,0,0,0,0,0,0,0,0
плескати,0,1,0,0,1,0,1,0,0,1
уточнити,0,0,0,0,0,0,1,0,0,0
кларнет,0,0,0,0,0,0,0,0,0,0
крик,0,0,0,0,0,0,0,0,0,0
ясність,0,0,0,0,0,0,0,0,0,0
зіткнення,1,0,0,0,0,1,0,0,0,0
зіткнення,1,0,0,1,0,1,0,0,0,0
застібка,0,0,0,0,0,0,0,0,0,0
клас,0,0,0,0,0,0,0,0,0,0
класичний,0,0,0,0,0,0,1,0,0,0
класичний,0,0,0,0,0,0,1,0,0,0
класики,0,0,0,0,1,0,1,0,0,0
класифікація,0,0,0,0,0,0,0,0,0,0
класифікувати,0,0,0,0,0,0,1,0,0,0
однокласник,0,0,0,0,0,0,0,0,0,0
стукіт,0,0,0,0,0,0,0,0,0,0
пункт,0,0,0,0,0,0,0,0,0,0
пункти,0,0,0,0,0,0,0,0,0,0
кіготь,1,0,0,1,0,1,0,0,0,0
кігті,0,0,0,0,0,0,0,0,0,0
глина,0,0,0,0,0,0,0,0,0,0
чистий,0,0,0,0,1,0,1,0,0,1
очищення,0,0,0,0,0,0,1,0,0,0
чистота,0,0,0,0,0,0,1,0,0,0
чисто,0,0,0,0,0,0,1,0,0,0
очистити,0,0,0,0,0,0,1,0,0,0
очищення,0,0,0,0,0,0,1,0,0,0
кліренс,0,0,0,0,0,0,1,0,0,1
очищення,0,0,0,0,0,0,0,0,0,0
чіткість,0,0,0,0,0,0,1,0,0,0
розщеплення,0,0,0,0,0,0,0,0,0,0
розколювати,0,0,0,1,0,0,0,0,0,0
ключ,0,0,0,0,0,0,0,0,0,0
розщелина,0,0,0,0,0,0,0,0,0,0
помилування,0,0,0,0,0,0,0,0,0,0
духовенство,0,0,0,0,0,0,0,0,0,0
священнослужитель,0,0,0,0,0,0,0,0,0,0
канцелярський,0,0,0,0,0,0,1,0,0,1
службовець,0,0,0,0,0,0,0,0,0,0
писарство,0,0,0,0,0,0,0,0,0,0
розумний,0,0,0,0,0,0,1,0,0,0
кмітливість,0,0,0,0,0,0,1,0,0,0
натисніть,0,0,0,0,0,0,0,0,0,0
клієнт,0,0,0,0,0,0,0,0,0,0
клієнтура,0,0,0,0,0,0,0,0,0,0
скеля,0,0,0,1,0,0,0,0,0,0
клімат,0,0,0,0,0,0,0,0,0,0
кліматології,0,0,0,0,0,0,0,0,0,0
клімакс,0,1,0,0,1,0,1,0,1,1
підйом,0,0,0,0,0,0,0,0,0,0
чіплятися,0,0,0,0,0,0,0,0,0,0
кліп,0,0,0,0,0,0,0,0,0,0
машинка для стрижки,0,0,0,0,0,0,0,0,0,0
обрізка,0,0,0,0,0,0,0,0,0,0
кліка,0,0,0,0,0,0,0,0,0,0
плащ,0,0,0,0,0,0,0,0,0,0
годинник,0,1,0,0,0,0,0,0,0,0
годинниковий механізм,0,0,0,0,0,0,0,0,0,0
засмічувати,0,0,0,0,0,0,0,0,0,0
монастир,0,0,0,0,0,1,0,0,0,0
закрити,0,0,0,0,0,0,0,0,0,0
ЗАЧИНЕНО,0,0,0,0,0,0,0,0,0,0
близькість,0,0,0,0,1,0,1,0,0,1
шафа,0,0,0,0,0,0,0,0,0,0
закриття,0,1,0,0,1,0,1,1,0,0
згусток,0,0,0,0,0,0,0,0,0,0
тканина,0,0,0,0,0,0,0,0,0,0
одягати,0,0,0,0,0,0,1,0,0,0
одяг,0,0,0,0,0,0,0,0,0,0
мотузка для білизни,0,0,0,0,0,0,0,0,0,0
одяг,0,0,0,0,0,0,0,0,0,0
хмара,0,0,0,0,0,0,0,0,0,0
захмарений,0,0,0,0,0,1,0,1,0,0
хмарність,0,0,0,1,0,1,0,0,0,0
хмарно,0,0,0,0,0,0,0,1,0,0
конюшина,0,0,0,0,0,0,0,0,0,0
гвоздики,0,0,0,0,0,0,0,0,0,0
клоун,0,1,0,0,1,0,1,0,1,0
клуб,0,0,0,0,0,0,0,0,0,0
клубний будинок,0,0,0,0,0,0,0,0,0,0
клуби,0,0,0,0,0,0,0,0,0,0
підказка,0,1,0,0,0,0,0,0,0,0
грудка,0,0,0,0,0,1,0,0,0,0
незграбний,0,0,1,0,0,1,0,0,0,0
кластер,0,0,0,0,0,0,0,0,0,0
зчеплення,0,0,0,0,0,0,0,0,0,0
муфти,0,0,0,0,0,0,0,0,0,0
безлад,0,0,0,0,0,0,0,0,0,0
тренер,0,0,0,0,0,0,0,0,0,1
коагуляція,0,0,0,0,0,0,0,0,0,0
вугілля,0,0,0,0,0,0,0,0,0,0
зливатися,0,0,0,0,0,0,0,0,0,1
коаліція,0,0,0,0,0,0,1,0,0,0
узбережжі,0,0,0,0,0,0,1,0,0,0
прибережний,0,0,0,0,0,0,0,0,0,0
підсклянник,0,0,0,0,0,0,0,0,0,0
пальто,0,0,0,0,0,0,0,0,0,0
покриття,0,0,0,0,0,0,0,0,0,0
коаксіальний,0,0,0,0,0,0,0,0,0,1
кобальт,0,0,0,0,0,0,0,0,0,0
бруківка,0,0,0,0,0,0,0,0,0,0
швець,0,0,0,0,0,0,0,0,0,0
кобра,0,0,0,1,0,0,0,0,0,0
кокаїн,0,0,0,0,0,1,0,1,0,0
півень,0,0,0,0,0,0,0,0,0,0
кабіна,0,0,0,0,0,0,0,0,0,0
коктейль,0,0,0,0,0,0,0,0,0,0
какао,0,0,0,0,0,0,0,0,0,0
кокон,0,0,0,0,0,0,0,0,0,0
тріска,0,0,0,0,0,0,0,0,0,0
код,0,0,0,0,0,0,0,0,0,0
кодекс,0,0,0,0,0,0,0,0,0,0
кодифікація,0,0,0,0,0,0,0,0,0,0
кодифікувати,0,0,0,0,0,0,0,0,0,0
коефіцієнт,0,0,0,0,0,0,0,0,0,0
примушувати,1,0,1,1,0,1,0,0,0,0
примус,1,0,1,1,0,1,0,1,0,0
примусовий,0,0,0,0,0,0,0,0,0,0
співіснують,0,0,0,0,0,0,1,0,0,1
співіснування,0,0,0,0,0,0,0,0,0,0
співіснуючи,0,0,0,0,0,0,0,0,0,1
кава,0,0,0,0,0,0,0,0,0,0
труну,0,0,0,1,0,1,0,1,0,0
гвинтик,0,0,0,0,0,0,0,0,0,0
переконливий,0,0,0,0,0,0,1,0,0,1
споріднений,0,0,0,0,0,0,0,0,0,0
пізнання,0,0,0,0,0,0,0,0,0,0
когнітивний,0,0,0,0,0,0,1,0,0,0
співжиття,0,0,0,0,0,0,0,0,0,0
узгодженість,0,0,0,0,0,0,1,0,0,0
зв'язний,0,0,0,0,0,0,1,0,0,0
згуртованість,0,0,0,0,0,0,0,0,0,1
згуртований,0,0,0,0,0,0,1,0,0,1
когорта,0,0,0,0,0,0,0,0,0,0
котушка,0,0,0,0,0,0,0,0,0,0
згорнутий,0,0,0,0,0,0,0,0,0,0
монета,0,0,0,0,0,0,0,0,0,0
карбування монет,0,0,0,0,0,0,0,0,0,0
збігаються,0,0,0,0,0,0,0,0,0,0
збіг обставин,0,0,0,0,0,0,0,0,1,0
збігається,0,0,0,0,0,0,0,0,0,0
збігаються,0,0,0,0,0,0,0,0,0,0
кокс,0,0,0,0,0,0,0,0,0,0
холодний,0,0,0,0,0,1,0,0,0,0
холодно,0,0,0,0,0,1,0,0,0,0
холодність,1,0,1,1,0,1,0,1,0,0
кольки,0,0,0,0,0,1,0,0,0,0
співавтор,0,0,0,0,0,0,0,0,0,1
колапс,0,0,1,1,0,1,0,1,0,0
комір,0,0,0,0,0,0,0,0,0,0
сортувати,0,0,0,0,0,0,0,0,0,0
застава,0,0,0,0,0,0,0,0,0,1
порівняння,0,0,0,0,0,0,0,0,0,0
колега,0,0,0,0,0,0,0,0,0,0
збирати,0,0,0,0,0,0,0,0,0,0
зібрані,0,0,0,0,0,0,0,0,0,0
колекція,0,0,0,0,0,0,0,0,0,0
колективний,0,0,0,0,0,0,0,0,0,0
колективно,0,0,0,0,0,0,1,0,0,1
колектор,0,0,0,0,0,0,0,0,0,0
коледж,0,0,0,0,0,0,0,0,0,0
колегіальний,0,0,0,0,0,0,0,0,0,0
стикатися,0,0,0,0,0,0,0,0,0,0
коллі,0,0,0,0,0,0,0,0,0,0
зіткнення,1,0,0,0,0,1,0,0,0,0
співрозміщення,0,0,0,0,0,0,0,0,0,0
розмовний,0,0,0,0,0,0,0,0,0,0
змова,1,0,1,1,0,1,0,1,0,0
товста кишка,0,0,0,0,0,0,0,0,0,0
полковник,0,0,0,0,0,0,1,0,0,1
колоніальний,0,0,0,0,0,0,0,0,0,0
колонія,0,0,0,0,0,0,0,0,0,0
колофон,0,0,0,0,0,0,0,0,0,0
колір,0,0,0,0,0,0,0,0,0,0
забарвлення,0,0,0,0,0,0,0,0,0,0
кольоровий,0,0,0,0,0,0,0,0,0,0
забарвлення,0,0,0,0,0,0,0,0,0,0
безбарвний,0,0,0,0,0,0,0,0,0,0
кольори,0,0,0,0,0,0,0,0,0,0
колосальний,0,0,0,0,0,0,1,0,0,0
жеребець,0,0,0,0,0,0,0,0,0,0
колонка,0,0,0,0,0,0,0,0,0,0
стовпчастий,0,0,0,0,0,0,0,0,0,0
кома,0,0,0,1,0,1,0,1,0,0
коматозний,0,0,0,1,0,1,0,1,0,0
гребінець,0,0,0,0,0,0,0,0,0,0
бойовий,1,0,0,1,0,1,0,0,0,0
учасник бойових дій,1,0,0,1,0,1,0,0,0,0
бойовий,1,0,0,1,0,1,0,0,0,0
поєднання,0,0,0,0,0,0,0,0,0,0
комбінаторний,0,0,0,0,0,0,0,0,0,0
комбайн,0,0,0,0,0,0,0,0,0,0
комбіновані,0,0,0,0,0,0,0,0,0,0
горючі,0,0,0,0,0,0,0,0,0,0
горіння,0,0,0,0,0,0,0,0,0,0
комедія,0,0,0,0,0,0,0,0,0,0
комета,0,0,0,0,0,0,0,0,0,0
комфорт,0,1,0,0,1,0,1,0,0,1
ковдра,0,0,0,0,0,0,0,0,0,0
комікс,0,0,0,0,0,0,0,0,0,0
комічний,0,0,0,0,0,0,0,0,0,0
приходить,0,1,0,0,0,0,0,0,0,0
кома,0,0,0,0,0,0,0,0,0,0
команда,0,0,0,0,0,0,0,0,0,0
комендант,0,0,0,0,0,0,1,0,0,1
командир,0,0,0,0,0,0,0,0,0,0
наказовий,0,0,0,0,0,0,1,0,0,1
вшанувати пам'ять,0,1,0,0,1,0,1,1,0,0
вшанування пам'яті,0,1,0,0,1,0,1,0,0,0
пам'ятний,0,1,0,0,0,0,1,0,0,0
почати,0,0,0,0,0,0,0,0,0,0
хвалити,0,0,0,0,0,0,1,0,0,0
похвально,0,0,0,0,1,0,1,0,0,1
співмірний,0,0,0,0,0,0,0,0,0,0
коментар,0,0,0,0,0,0,0,0,0,0
коментар,0,0,0,0,0,0,0,0,0,0
коментатор,0,0,0,0,0,0,1,0,0,0
комерція,0,0,0,0,0,0,0,0,0,1
комерційний,0,0,0,0,0,0,0,0,0,0
комісар,0,0,0,0,0,0,0,0,0,0
комісія,0,0,0,0,0,0,0,0,0,1
комісар,0,0,0,0,0,0,0,0,0,0
здійснити,0,0,0,0,0,0,0,0,0,0
зобов'язання,0,0,0,0,0,1,0,1,0,0
скоєний,0,0,0,0,0,0,1,0,0,1
комітет,0,0,0,0,0,0,0,0,0,1
товар,0,0,0,0,0,0,0,0,0,0
комодор,0,0,0,0,0,0,1,0,0,1
поширений,0,0,0,0,0,0,0,0,0,0
зазвичай,0,0,0,0,0,0,0,0,0,0
буденність,0,1,0,0,0,0,0,0,0,1
загальне майно,0,0,0,0,0,0,0,0,0,0
співдружності,0,0,0,0,0,0,1,0,0,1
метушня,1,0,0,0,0,1,0,0,0,0
комуна,0,0,0,0,0,0,0,0,0,0
комунікабельний,0,0,0,0,0,0,0,0,0,0
спілкуватися,0,0,0,0,0,0,1,0,0,1
спілкування,0,0,0,0,0,0,0,0,0,1
комунікативний,0,0,0,0,0,0,1,0,0,0
причастя,0,0,0,0,1,0,1,0,0,1
комунізм,1,0,0,1,0,1,0,1,0,0
комуніст,0,0,0,0,0,1,0,0,0,0
громада,0,0,0,0,0,0,1,0,0,0
комутація,0,0,0,0,0,0,1,0,0,0
комутативний,0,0,0,0,0,0,0,0,0,0
їздити на роботу,0,0,0,0,0,0,1,0,0,0
приміський,0,0,0,0,0,0,0,0,0,0
компактний,0,0,0,0,0,0,0,0,0,1
ущільнення,0,0,0,0,0,0,0,0,0,0
компактність,0,0,0,0,0,0,0,0,0,0
компаньйон,0,0,0,0,1,0,1,0,0,1
товаришування,0,0,0,0,0,0,0,0,0,0
компанії,0,0,0,0,0,0,0,0,0,0
порівнянний,0,0,0,0,0,0,0,0,0,0
порівняльний,0,0,0,0,0,0,0,0,0,0
порівняльно,0,0,0,0,0,0,0,0,0,0
порівняння,0,0,0,0,0,0,0,0,0,0
відсік,0,0,0,0,0,0,0,0,0,0
компас,0,0,0,0,0,0,0,0,0,1
співчуття,0,0,0,1,0,0,1,0,0,0
жалісливий,0,0,0,0,0,0,1,0,0,0
сумісність,0,0,0,0,0,0,1,0,0,0
сумісний,0,0,0,0,0,0,1,0,0,0
змушувати,0,0,0,0,0,0,0,0,0,0
змушені,0,0,0,0,0,0,0,0,0,0
переконливий,0,0,0,0,0,0,1,0,0,0
компендіум,0,0,0,0,0,0,0,0,0,0
компенсувати,0,1,0,0,1,0,1,0,1,1
компенсація,0,0,0,0,0,0,0,0,0,0
компенсаційний,0,0,0,0,0,0,1,0,0,0
компетентність,0,0,0,0,0,0,1,0,0,1
компетентність,0,0,0,0,0,0,1,0,0,1
компетентний,0,0,0,0,0,0,1,0,0,1
змагання,0,1,0,0,0,1,0,0,0,0
змагальний,0,0,0,0,0,0,0,0,0,0
конкурент,0,0,0,0,0,0,0,0,0,0
компіляція,0,0,0,0,0,0,0,0,0,0
компілювати,0,0,0,0,0,0,0,0,0,0
самовдоволення,0,0,0,0,0,0,1,0,0,0
самовдоволений,0,0,0,0,0,0,0,0,0,0
скаржитися,1,0,0,0,0,1,0,1,0,0
скарга,1,0,0,0,0,1,0,0,0,0
доповнюють,0,1,0,0,1,0,1,0,1,1
комплементарний,0,0,0,0,0,0,1,0,0,0
завершено,0,0,0,0,0,0,0,0,0,0
повністю,0,0,0,0,0,0,1,0,0,0
повнота,0,0,0,0,0,0,1,0,0,0
завершення,0,1,0,0,1,0,1,0,0,0
завершення,0,1,0,0,1,0,1,0,0,0
складні,0,0,0,0,0,0,0,0,0,0
закомплексований,0,0,0,0,0,1,0,0,0,0
колір обличчя,0,0,0,0,0,0,0,0,0,0
складність,0,0,0,0,0,1,0,0,0,0
відповідність,0,0,0,0,0,0,1,0,0,1
поступливий,0,0,0,0,0,0,1,0,0,0
ускладнювати,1,0,0,0,0,1,0,0,0,0
складний,0,0,0,0,0,1,0,0,0,0
ускладнення,0,0,0,0,0,1,0,0,0,0
співучасть,0,0,0,0,0,1,1,0,0,0
комплімент,0,1,0,0,1,0,1,0,1,1
дотримуватися,0,0,0,0,0,0,0,0,0,0
дотримуючись,0,0,0,0,0,0,0,0,0,0
compo,0,0,0,0,0,0,0,0,0,0
компонент,0,0,0,0,0,0,0,0,0,0
складати,0,0,0,0,0,0,0,0,0,0
складено,0,0,0,0,0,0,1,0,0,0
композитор,0,0,0,0,0,0,1,0,0,0
композитний,0,0,0,0,0,0,0,0,0,0
склад,0,0,0,0,0,0,0,0,0,0
компост,0,0,1,0,0,1,0,0,0,0
зібраність,0,0,0,0,0,0,1,0,0,0
з'єднання,0,0,0,0,0,0,0,0,0,0
розуміти,0,0,0,0,0,0,1,0,0,0
розуміння,0,0,0,0,0,0,0,0,0,0
комплексний,0,0,0,0,0,0,1,0,0,0
компрес,1,0,0,0,0,0,0,0,0,0
стиснутий,0,0,0,0,0,0,0,0,0,0
стисливий,0,0,0,0,0,0,0,0,0,0
стиснення,0,0,0,0,0,0,0,0,0,0
включати,0,0,0,0,0,0,0,0,0,0
компроміс,0,0,0,0,0,0,0,0,0,0
контролер,0,0,0,0,0,0,0,0,0,1
примус,1,0,0,0,0,1,0,0,0,0
обов'язковий,0,0,0,0,0,1,0,0,0,0
обчислюваний,0,0,0,0,0,0,0,0,0,0
обчислення,0,0,0,0,0,0,0,0,0,0
обчислити,0,0,0,0,0,0,0,0,0,0
комп'ютер,0,0,0,0,0,0,0,0,0,0
тов,0,0,0,0,0,0,1,0,0,1
кон,0,0,0,0,0,0,0,0,0,0
конкатенація,0,0,0,0,0,0,0,0,0,0
увігнутий,0,0,0,0,0,0,0,0,0,0
приховати,0,0,0,0,0,1,0,1,0,0
прихований,0,1,0,1,0,1,0,0,1,0
приховування,1,1,0,1,0,1,0,0,0,0
зарозумілість,0,0,0,0,0,1,0,0,0,0
зарозумілий,0,0,0,0,0,1,0,0,0,0
мислимо,0,0,0,0,0,0,0,0,0,0
концентрат,0,0,0,0,0,0,0,0,0,0
концентрація,0,0,0,0,0,0,0,0,0,0
концентричний,0,0,0,0,0,0,1,0,0,0
зачаття,0,0,0,0,0,0,0,0,0,0
заклопотаність,0,0,0,0,0,0,0,0,0,0
стурбований,0,0,0,1,0,0,0,1,0,0
концерт,0,0,0,0,0,0,0,0,0,0
концесія,0,0,0,0,0,0,0,0,0,0
пільговий,0,0,0,0,0,0,0,0,0,0
консьєрж,0,0,0,0,0,0,0,0,0,0
примирення,0,0,0,0,1,0,1,0,0,1
лаконічний,0,0,0,0,0,0,0,0,0,0
конклав,0,0,0,0,0,0,0,0,0,0
зробити висновок,0,0,0,0,0,0,0,0,0,0
укладення,0,0,0,0,0,0,1,0,0,0
висновок,0,0,0,0,0,0,0,0,0,0
суміш,0,0,0,0,0,0,0,0,0,0
супутні,0,0,0,0,0,0,0,0,0,0
згода,0,0,0,0,0,0,1,0,0,1
узгодження,0,0,0,0,0,0,1,0,0,1
concours,0,0,0,0,0,0,0,0,0,0
зал,0,0,0,0,0,0,0,0,0,0
бетон,0,0,0,0,0,0,0,0,0,0
збіг,0,0,0,0,0,0,0,0,0,0
одночасний,0,0,0,0,0,0,0,0,0,0
збігаються,0,0,0,0,0,0,0,0,0,0
струс мозку,1,0,0,0,0,1,0,1,0,0
засуджувати,1,0,0,0,0,1,0,0,0,0
засудження,1,1,1,1,0,1,0,1,0,0
конденсація,0,0,0,0,0,0,0,0,0,0
конденсований,0,0,0,0,0,0,0,0,0,0
поблажливий,0,0,0,0,0,1,0,0,0,0
поблажливість,1,0,1,0,0,1,0,1,0,0
приправа,0,0,0,0,0,0,0,0,0,0
хвороба,0,0,0,0,0,0,0,0,0,0
умовний,0,0,0,0,0,0,0,0,0,0
умовно,0,0,0,0,0,0,0,0,0,0
обумовлений,0,0,0,0,0,0,0,0,0,0
умови,0,0,0,0,0,0,0,0,0,0
співчуття,0,0,0,0,0,0,1,1,0,0
потурати,0,0,0,0,0,0,1,0,0,0
сприяє,0,0,0,0,0,0,1,0,0,0
поведінка,0,0,0,0,0,0,0,0,0,0
провідність,0,0,0,0,0,0,0,0,0,0
провідність,0,0,0,0,0,0,1,0,0,0
диригент,0,0,0,0,0,0,0,0,0,0
трубопровід,0,0,0,0,0,0,0,0,0,0
конус,0,0,0,0,0,0,0,0,0,0
конфедеративний,0,0,0,0,0,0,1,0,0,1
конфедерація,0,0,0,0,0,0,0,0,0,0
радитися,0,0,0,0,0,0,0,0,0,0
конференції,0,0,0,0,0,0,0,0,0,0
зізнатися,0,0,0,0,0,1,1,0,0,1
сповідь,0,1,0,1,0,1,0,1,1,0
конфесійний,0,0,0,1,0,0,0,0,0,1
зізнань,0,0,0,0,0,0,0,0,0,0
довіряти,0,0,0,0,0,0,0,0,0,1
впевненість,0,0,0,1,1,0,1,0,0,1
впевнений,0,0,0,0,1,0,1,0,0,1
конфіденційно,0,0,0,0,0,0,0,0,0,1
конфіденційно,0,0,0,0,0,0,0,0,0,1
конфігурація,0,0,0,0,0,0,0,0,0,0
обмежувати,1,0,0,1,0,1,0,1,0,0
обмежений,1,0,1,1,0,1,0,1,0,0
ув'язнення,1,0,0,1,0,1,0,1,0,0
обмежує,0,0,0,0,0,0,0,0,0,0
підтвердити,0,0,0,0,0,0,0,0,0,0
підтвердження,0,0,0,0,0,0,0,0,0,1
підтверджувальний,0,0,0,0,0,0,0,0,0,0
підтверджено,0,0,0,0,0,0,1,0,0,1
конфіскувати,1,0,0,0,0,1,0,1,0,0
конфіскація,0,0,0,0,0,1,0,0,0,0
пожежа,1,0,0,1,0,1,0,0,0,0
конфлікт,1,0,0,1,0,1,0,1,0,0
конфліктні,0,0,0,0,0,1,0,0,0,0
злиття,0,0,0,0,0,0,0,0,0,0
відповідність,0,0,0,0,0,0,1,0,0,0
конформація,0,0,0,0,0,0,0,0,0,0
відповідність,0,0,0,0,0,0,0,0,0,1
збентежити,0,0,0,0,0,1,0,0,0,0
збентежений,0,0,0,0,0,1,0,0,0,0
протистояти,1,0,0,0,0,0,0,0,0,0
плутати,0,0,0,0,0,1,0,0,0,0
спантеличеність,1,0,0,1,0,1,0,0,0,0
конгеніальний,0,0,0,0,0,0,1,0,0,0
вроджені,0,0,0,0,0,0,0,0,0,0
затори,0,0,0,0,0,1,0,0,0,0
конгломерат,0,0,0,0,0,0,0,0,0,1
конгломерат,0,0,0,0,0,0,0,0,0,0
вітальні,0,0,0,0,1,0,1,0,0,0
збиратися,0,0,0,0,0,0,0,0,0,0
конгрегація,0,0,0,0,0,0,1,0,0,1
з'їзд,0,0,1,0,0,0,0,0,0,1
конгресовий,0,0,0,0,0,0,0,0,0,0
конгресмен,0,0,0,0,0,0,0,0,0,1
конгруентність,0,0,0,0,0,0,1,0,0,1
конічний,0,0,0,0,0,0,0,0,0,0
конічні,0,0,0,0,0,0,0,0,0,0
припущення,0,1,0,0,0,0,0,0,0,0
подружній,0,0,0,0,0,0,0,0,0,0
сполучений,0,0,0,0,0,0,0,0,0,0
сполучення,0,0,0,0,0,0,0,0,0,0
сполучник,0,0,0,0,0,0,0,0,0,0
сполучник,0,0,0,0,0,0,0,0,0,0
чаклувати,0,1,0,0,0,0,0,0,1,0
чаклування,0,0,0,0,0,1,0,0,0,0
підключити,0,0,0,0,0,0,0,0,0,0
підключений,0,0,0,0,0,0,0,0,0,0
підключення,0,0,0,0,0,0,0,0,0,0
сполучний,0,0,0,0,0,0,0,0,0,1
знавець,0,0,0,0,1,0,1,0,0,1
завоювати,0,0,0,0,0,0,0,0,0,0
завойовник,0,0,0,0,0,0,0,0,0,0
завоювання,1,0,0,1,0,1,0,0,0,0
совість,0,0,0,0,0,0,1,0,0,1
сумлінний,0,0,0,0,0,0,1,0,0,1
свідомість,0,0,0,0,0,0,1,0,0,0
призов на військову службу,0,0,0,0,0,0,0,0,0,0
освячення,0,1,0,0,1,0,1,1,0,1
послідовний,0,0,0,0,0,0,0,0,0,0
згода,0,0,0,0,0,0,0,0,0,0
погоджуючись,0,0,0,0,0,0,0,0,0,0
наслідок,0,0,0,0,0,0,0,0,0,0
наслідок,0,1,0,0,0,0,0,0,0,0
збереження,0,1,0,0,0,0,1,0,0,1
консерватизм,0,0,0,0,0,0,0,0,0,0
консервативний,0,0,0,0,0,0,0,0,0,0
консерваторія,0,0,0,0,0,0,0,0,0,0
консервувати,0,0,0,0,0,0,1,0,0,0
значний,0,0,0,0,0,0,1,0,0,0
уважний,0,0,0,0,0,0,1,0,0,1
вантажоодержувач,0,0,0,0,0,0,0,0,0,0
консигнація,0,0,0,0,0,0,0,0,0,0
послідовність,0,0,0,0,0,0,1,0,0,1
послідовний,0,0,0,0,0,0,0,0,0,0
розрада,0,0,0,0,0,0,0,0,0,0
консоль,0,0,0,0,0,0,1,1,0,0
консолідувати,0,0,0,0,0,0,0,0,0,0
консолідація,0,0,0,0,0,0,0,0,0,0
приголосний,0,0,0,0,0,0,1,0,0,0
дружина,0,0,0,0,0,0,0,0,0,1
помітний,0,0,0,0,0,0,0,0,0,0
змова,0,0,0,1,0,0,0,0,0,0
змовник,1,1,1,1,0,1,0,0,0,0
змовитися,0,0,0,1,0,1,0,0,0,0
констебль,0,0,0,0,0,0,0,0,0,1
постійність,0,0,0,0,0,0,1,0,0,1
постійний,0,0,0,0,0,0,1,0,0,1
постійно,0,0,0,0,0,0,0,0,0,1
сузір'я,0,0,0,0,0,0,0,0,0,0
жах,1,0,0,1,0,1,0,0,0,0
запор,0,0,1,0,0,1,0,0,0,0
складова,0,0,0,0,0,0,0,0,0,0
складові,0,0,0,0,0,0,0,0,0,0
складають,0,0,0,0,0,0,0,0,0,1
конституція,0,0,0,0,0,0,0,0,0,0
конституційний,0,0,0,0,0,0,1,0,0,1
конституційність,0,0,0,0,0,0,0,0,0,0
обмежити,0,0,0,1,0,1,0,0,0,0
обмежений,0,0,0,0,0,1,0,0,0,0
обмеження,1,0,0,1,0,1,0,1,0,0
побудувати,0,0,0,0,0,0,1,0,0,0
будівництво,0,0,0,0,0,0,0,0,0,0
тлумачити,0,0,0,0,0,0,0,0,0,0
консул,0,0,0,0,0,0,0,0,0,1
проконсультуватися,0,0,0,0,0,0,0,0,0,1
консультація,0,0,0,0,0,0,0,0,0,0
споживати,0,0,0,0,0,0,0,0,0,0
споживання,0,0,0,0,0,0,0,0,0,0
неперевершений,0,0,0,0,0,0,1,0,0,0
завершення,0,0,0,0,0,0,0,0,0,0
споживання,0,0,0,0,0,0,0,0,0,0
контакт,0,0,0,0,0,0,1,0,0,0
зараження,0,1,1,1,0,1,0,0,0,0
заразний,0,0,1,1,0,1,0,0,0,0
стримування,0,0,0,0,0,0,0,0,0,0
забруднюють,0,0,1,0,0,1,0,0,0,0
забруднені,0,0,1,1,0,1,0,1,0,0
забруднення,0,0,1,0,0,1,0,0,0,0
споглядати,0,0,0,0,0,0,0,0,0,0
споглядання,0,0,0,0,0,0,1,0,0,0
споглядальний,0,0,0,0,0,0,0,0,0,0
одночасний,0,0,0,0,0,0,0,0,0,0
сучасний,0,0,0,0,0,0,0,0,0,0
презирство,1,0,1,1,0,1,0,0,0,0
презирливий,1,0,1,0,0,1,0,0,0,0
зневажливий,1,0,0,0,0,1,0,0,0,0
змагаючись,0,0,0,0,0,0,0,0,0,0
вміст,0,0,0,0,1,0,1,0,0,1
суперечка,0,0,0,0,0,0,0,0,0,0
спірний,1,0,1,1,0,1,0,0,0,0
вміст,0,0,0,0,0,0,0,0,0,0
контекст,0,0,0,0,0,0,0,0,0,0
суміжні,0,0,0,0,0,0,0,0,0,0
стриманість,0,0,0,0,0,0,0,0,0,0
континент,0,0,0,0,0,0,0,0,0,0
континентальний,0,0,0,0,0,0,0,0,0,0
непередбачені обставини,0,0,0,0,0,0,0,0,0,0
контингент,0,1,0,0,0,0,0,0,0,0
безперервний,0,0,0,0,0,0,0,0,0,0
постійно,0,0,0,0,0,0,0,0,0,0
продовження,0,0,0,0,0,0,0,0,0,0
продовження,0,1,0,0,0,0,0,0,0,0
продовжувати,0,1,0,0,0,0,1,0,0,1
продовження,0,0,0,0,0,0,0,0,0,0
продовження,0,0,0,0,0,0,0,0,0,0
безперервність,0,0,0,0,0,0,0,0,0,0
безперервний,0,0,0,0,0,0,0,0,0,0
безперервно,0,0,0,0,0,0,0,0,0,0
контур,0,0,0,0,0,0,1,0,0,0
контрабанда,1,0,1,1,0,1,0,0,0,0
договір,0,0,0,0,0,0,0,0,0,0
підрядний,0,0,0,0,0,1,0,0,0,0
скоротливий,0,0,0,0,0,0,0,0,0,0
підрядний,0,0,0,0,0,0,0,0,0,0
скорочення,0,0,0,0,0,0,0,0,0,0
суперечити,1,0,0,0,0,1,0,0,0,0
протиріччя,0,0,0,0,0,1,0,0,0,0
суперечливий,0,0,0,0,0,1,0,0,0,0
всупереч,0,0,0,0,0,1,0,0,0,0
контраст,0,0,0,0,0,0,0,0,0,0
контрастний,0,0,0,0,0,1,0,0,0,0
суперечити,0,0,0,0,0,1,0,0,0,0
порушення,0,0,0,0,0,1,0,0,0,0
сприяти,0,0,0,0,0,0,1,0,0,0
вкладник,0,0,0,0,0,0,1,0,0,1
надуманий,0,0,0,0,0,0,0,0,0,0
КОНТРОЛЬ,0,0,0,0,0,0,0,0,0,0
суперечливий,1,0,0,0,0,1,0,0,0,0
суперечка,0,0,0,0,0,1,0,0,0,0
загадка,0,0,0,0,0,0,0,0,0,0
реконвалесцент,0,0,0,0,0,0,0,0,0,0
конвекція,0,0,0,0,0,0,0,0,0,0
скликати,0,0,0,0,0,0,0,0,0,0
зручність,0,0,0,0,0,0,1,0,0,0
зручності,0,0,0,0,0,0,0,0,0,0
зручний,0,0,0,0,0,0,1,0,0,0
монастир,0,0,0,0,0,0,1,0,0,1
конвенції,0,0,0,0,0,0,1,0,0,0
звичайний,0,0,0,0,0,0,0,0,0,0
сходитися,0,0,0,0,0,0,0,0,0,0
конвергенція,0,1,0,0,0,0,0,0,0,0
конвергентний,0,0,0,0,0,0,0,0,0,0
обізнаний,0,0,0,0,0,0,1,0,0,0
розмова,0,0,0,0,0,0,0,0,0,0
розмовний,0,0,0,0,0,0,1,0,0,0
розмовляти,0,0,0,0,0,0,0,0,0,0
розмовляючи,0,0,0,0,0,0,0,0,0,0
перетворення,0,0,0,0,0,0,0,0,0,0
конвертувати,0,0,0,0,0,0,1,0,0,0
перетворений,0,0,0,0,0,0,0,0,0,0
кабріолет,0,0,0,0,0,0,0,0,0,0
опуклий,0,0,0,0,0,0,0,0,0,0
опуклість,0,0,0,0,0,0,0,0,0,0
передати,0,0,0,0,0,0,0,0,0,0
перевезення,0,0,0,0,0,0,0,0,0,0
транспортування,0,0,0,0,0,0,0,0,0,1
засуджений,1,0,1,1,0,1,0,1,0,0
переконання,0,0,0,0,0,1,0,0,0,0
переконати,0,1,0,0,0,0,1,0,0,1
переконаний,0,0,0,0,0,0,0,0,0,1
переконливий,0,0,0,0,0,0,0,0,0,1
скликання,0,0,0,0,0,0,0,0,0,0
заплутаний,0,0,0,0,0,0,0,0,0,0
згортка,0,0,0,0,0,0,0,0,0,0
конвой,0,0,0,0,0,0,0,0,0,0
воркувати,0,0,0,0,0,0,0,0,0,0
готувати,0,0,0,0,0,0,0,0,0,0
кулінарія,0,0,0,0,0,0,0,0,0,0
приготування їжі,0,0,0,0,0,0,0,0,0,0
круто,0,0,0,0,0,0,1,0,0,0
кулер,0,0,0,0,0,0,0,0,0,0
охолодження,0,0,0,0,0,0,0,0,0,0
прохолода,0,0,0,0,0,0,1,0,0,0
кооператив,1,0,1,0,0,1,0,0,0,0
співпрацювати,0,0,0,0,0,0,1,0,0,0
співпрацюючи,0,0,0,0,0,0,1,0,0,1
співробітництво,0,0,0,0,0,0,1,0,0,1
кооператив,0,0,0,0,0,0,1,0,0,1
координата,0,0,0,0,0,0,0,0,0,0
поліцейський,0,0,0,1,0,0,0,0,0,1
рясний,0,0,0,0,0,0,0,0,0,0
мідь,0,0,0,0,0,0,0,0,0,0
копія,0,0,0,0,0,1,0,0,0,0
імітатор,1,0,1,0,0,1,0,0,0,0
копіювання,0,0,0,0,0,0,0,0,0,0
авторське право,0,0,0,0,0,0,0,0,0,0
кораловий,0,0,0,0,0,0,0,0,0,0
шнур,0,0,0,0,0,0,0,0,0,0
кордон,0,0,0,0,0,0,0,0,0,0
вельвет,0,0,0,0,0,0,0,0,0,0
ядро,0,0,0,0,0,0,1,0,0,0
пробка,0,0,0,0,0,0,0,0,0,0
штопор,0,0,0,0,0,0,0,0,0,0
кукурудза,0,0,0,0,0,0,0,0,0,0
рогівка,0,0,0,0,0,0,0,0,0,0
куточок,0,0,0,0,0,0,0,0,0,0
корнет,0,0,0,0,0,0,0,0,0,0
карниз,0,0,0,0,0,0,0,0,0,0
кукурудзяний крохмаль,0,0,0,0,0,0,0,0,0,0
наслідок,0,0,0,0,0,0,0,0,0,0
корона,0,0,0,0,0,0,0,0,0,0
коронація,0,0,0,0,1,0,1,0,0,1
коронер,0,0,0,0,0,1,0,0,0,0
капрал,0,0,0,0,0,1,0,0,0,0
корпоративний,0,0,0,0,0,0,0,0,0,0
корпорація,0,0,0,0,0,0,1,0,0,1
тілесний,0,0,0,0,0,0,1,0,0,0
корпусу,0,0,0,0,0,0,0,0,0,0
труп,0,0,1,0,0,1,0,1,0,0
корпус,0,0,0,0,0,0,0,0,0,0
загін,0,0,0,0,0,0,0,0,0,0
корекція,0,0,0,0,0,1,0,0,0,0
коригуючий,0,0,0,0,0,0,1,0,0,0
правильність,0,0,0,0,0,0,0,0,0,1
кореляція,0,0,0,0,0,0,0,0,0,0
корелятивний,0,0,0,0,0,0,0,0,0,0
листуватися,0,0,0,0,0,0,0,0,0,0
листування,0,1,0,0,0,0,1,0,0,0
кореспондент,0,0,0,0,0,0,0,0,0,0
коридор,0,0,0,0,0,0,0,0,0,0
підтвердити,0,0,0,0,0,0,1,0,0,1
підтвердження,0,0,0,0,0,0,0,0,0,1
корозії,0,0,0,0,0,1,0,0,0,0
корозійний,0,0,0,1,0,1,0,0,0,0
корумпований,0,0,0,0,0,1,0,0,0,0
розбещуючи,1,0,1,1,0,1,0,1,0,0
корупція,0,0,1,0,0,1,0,0,0,0
корс,0,0,0,0,0,0,0,1,0,0
корсет,0,0,0,0,0,0,0,0,0,0
кора,0,0,0,0,0,0,0,0,0,0
корковий,0,0,0,0,0,0,0,0,0,0
корвет,0,0,0,0,0,0,0,0,0,0
косметичний,0,0,0,0,0,0,0,0,0,0
косметичні засоби,0,0,0,0,0,0,0,0,0,0
космічний,0,0,0,0,0,0,0,0,0,0
космологія,0,0,0,0,0,0,0,0,0,0
космополітичний,0,0,0,0,0,0,1,0,0,1
космос,0,0,0,0,0,0,0,0,0,0
вартість,0,0,0,0,0,0,0,0,0,0
дорогий,0,0,0,0,0,0,0,0,0,0
костюм,0,0,0,0,0,0,0,0,0,0
затишний,0,0,0,0,0,0,1,0,0,0
ліжечко,0,0,0,0,0,0,0,0,0,0
коте,0,0,0,0,0,0,0,0,0,0
котедж,0,0,0,0,0,0,0,0,0,0
бавовна,0,0,0,0,0,0,0,0,0,0
диван,0,0,0,0,0,0,0,1,0,0
пума,0,0,0,0,0,0,0,0,0,0
кашель,0,0,1,0,0,1,0,0,0,0
ради,0,1,0,0,0,0,1,0,0,1
радник,0,0,0,0,0,0,1,0,0,1
консультант,1,0,0,1,0,1,0,0,0,1
консультант,0,0,0,0,0,0,1,0,0,1
рахувати,0,0,0,0,0,0,1,0,0,1
зворотній відлік,0,1,0,0,0,0,0,0,0,0
обличчя,0,0,0,0,0,0,0,0,0,0
лічильник,0,0,0,0,0,0,0,0,0,0
протидіяти,0,0,0,0,0,0,0,0,0,0
противага,0,0,0,0,0,0,0,0,0,0
зустрічний позов,0,0,0,0,0,0,0,0,0,0
відповідник,0,0,0,0,0,0,0,0,0,0
графиня,0,0,0,0,0,0,1,0,0,0
незліченні,0,0,0,0,0,0,0,0,0,0
країна,0,0,0,0,0,0,0,0,0,0
земляк,0,0,0,0,0,0,0,0,0,1
розраховує,0,0,0,0,0,0,0,0,0,0
повіт,0,0,0,0,0,0,0,0,0,1
переворот,1,0,0,0,0,0,0,0,1,0
пара,0,0,0,0,0,0,0,0,0,0
поєднані,0,0,0,0,0,0,0,0,0,0
купон,0,0,0,0,0,0,0,0,0,0
мужність,0,0,0,0,0,0,1,0,0,0
мужній,0,0,0,1,0,0,1,0,0,0
кур'єр,0,0,0,0,0,0,0,0,0,1
курси,0,0,0,0,0,0,0,0,0,0
курсування,0,0,0,0,0,1,0,0,0,0
суд,1,1,0,1,0,0,0,0,0,0
ввічливий,0,0,0,0,0,0,1,0,0,0
ввічливість,0,0,0,0,0,0,1,0,0,0
будинок суду,0,0,0,0,0,0,0,0,0,0
суди,0,0,0,0,0,0,0,0,0,0
залицяння,0,1,0,0,1,0,1,0,0,1
подвір'я,0,0,0,0,0,0,0,0,0,0
бухта,0,1,1,1,1,0,1,0,0,0
заповіт,0,0,0,0,0,0,1,0,0,1
кришка,0,0,0,0,0,0,0,0,0,1
покритий,0,0,0,0,0,0,0,0,0,0
покриття,0,0,0,0,0,0,0,0,0,0
прихований,0,0,0,0,0,0,0,0,0,0
жадати,0,0,0,0,0,1,0,0,0,0
корова,0,0,0,0,0,0,0,0,0,0
боягуз,0,0,1,1,0,1,0,1,0,0
боягузтво,0,0,0,1,0,1,0,0,0,0
боягузливий,0,0,0,1,0,1,0,0,0,0
ковбой,0,0,0,0,0,0,0,0,0,0
волова шкура,0,0,0,0,0,0,0,0,0,0
капот,0,0,0,0,0,0,0,0,0,0
колега по роботі,0,0,0,0,0,0,0,0,0,0
скромний,0,0,0,1,0,0,0,0,0,0
койот,0,0,0,1,0,0,0,0,0,0
краб,0,0,0,0,0,0,0,0,0,0
роздратований,1,0,0,0,0,1,0,0,0,0
тріщина,0,0,0,0,0,1,0,0,0,0
тріснутий,1,0,0,1,0,1,0,0,0,0
зломщик,0,0,0,0,0,0,0,0,0,0
розтріскування,0,0,0,0,0,1,0,0,0,0
тріск,0,0,0,0,0,0,0,0,0,0
колиска,0,1,0,0,1,0,1,0,0,1
ремесло,0,0,0,0,0,0,1,0,0,0
ремісник,0,0,0,0,0,0,1,0,0,0
хитрий,0,0,0,0,0,0,0,0,0,0
Крейг,0,0,0,0,0,0,0,0,0,0
набитий,0,0,0,0,0,0,0,0,0,0
судома,0,1,0,0,0,1,0,0,0,0
тісно,0,0,0,0,0,1,0,0,0,0
кран,0,0,0,0,0,0,0,0,0,0
черепна коробка,0,0,0,0,0,0,0,0,0,0
кривошип,0,0,0,0,0,1,0,0,0,0
вередливий,1,0,0,0,0,1,0,0,0,0
лайно,0,0,1,0,0,1,0,0,0,0
крепс,0,1,0,0,0,0,0,0,0,0
аварія,0,0,0,1,0,1,0,1,1,0
ящик,0,0,0,0,0,0,0,0,0,0
кратер,0,0,0,0,0,0,0,0,0,0
жадати,0,1,0,0,0,0,0,0,0,0
тяга,0,1,0,0,0,0,0,0,0,0
раки,0,0,0,0,0,0,0,0,0,0
повзати,0,0,1,0,0,1,0,0,0,0
олівці,0,0,0,0,0,0,0,0,0,0
божевілля,0,0,0,0,0,0,0,0,0,0
божевільний,1,0,0,1,0,1,0,0,0,0
божевільний,1,0,0,1,0,1,0,1,0,0
скрип,0,0,0,0,0,1,0,0,0,0
крем,0,1,0,0,1,0,1,0,1,0
крем для вершків,0,0,0,0,0,0,0,0,0,0
вершковий,0,0,0,0,0,0,0,0,0,0
складка,0,0,0,0,0,0,0,0,0,0
створити,0,0,0,0,1,0,1,0,0,0
створення,0,0,0,0,0,0,0,0,0,0
творчий,0,0,0,0,0,0,1,0,0,0
творець,0,0,0,0,0,0,0,0,0,0
створіння,0,0,1,1,0,1,0,0,0,0
довіра,0,0,0,0,0,0,1,0,0,1
облікові дані,0,0,0,0,0,0,1,0,0,1
облікові дані,0,0,0,0,0,0,0,0,0,0
надійність,0,0,0,0,0,0,1,0,0,1
достовірний,0,0,0,0,0,0,1,0,0,1
кредит,0,0,0,0,0,0,1,0,0,1
похвальний,0,0,0,0,0,0,1,0,0,1
зараховано,0,0,0,0,0,0,1,0,0,0
кредитування,0,0,0,0,0,0,0,0,0,0
кредитор,0,0,0,0,0,0,0,0,0,0
віровчення,0,0,0,0,0,0,0,0,0,0
струмок,0,0,0,0,0,0,0,0,0,0
повзучість,0,0,0,0,0,1,0,0,0,0
повзучий,0,1,0,0,0,0,0,0,0,0
кремація,0,0,0,0,0,0,0,1,0,0
креольський,0,0,0,0,0,0,0,0,0,0
крещендо,0,1,0,0,1,0,1,0,1,1
півмісяць,0,0,0,0,0,0,0,0,0,0
щілина,0,0,0,0,0,0,0,0,0,0
екіпаж,0,0,0,0,0,0,0,0,0,1
ліжечко,0,0,0,0,0,0,0,0,0,0
крикет,0,0,0,0,0,0,0,0,0,0
злочинність,1,0,0,0,0,1,0,0,0,0
кримінальний,1,0,1,1,0,1,0,0,0,0
злочинність,1,0,1,1,0,1,0,0,0,0
гофрований,0,0,0,0,0,0,0,0,0,0
малиновий,0,0,0,0,0,0,0,0,0,0
здригатися,0,0,1,1,0,1,0,1,0,0
каліка,0,0,0,1,0,1,0,1,0,0
каліка,0,0,0,0,0,1,0,1,0,0
криза,0,0,0,0,0,1,0,0,0,0
хрусткий,0,0,0,0,0,1,0,0,0,1
критерій,0,0,0,0,0,0,0,0,0,0
критик,0,0,0,0,0,1,0,0,0,0
критика,1,0,0,0,0,1,0,1,0,0
критикувати,1,0,1,1,0,1,0,1,0,0
критика,0,0,0,0,0,0,1,0,0,0
створіння,0,0,1,0,0,0,0,0,0,0
каркати,0,0,0,0,0,0,0,0,0,0
кувшин,0,0,0,0,0,0,0,0,0,0
посуд,0,0,0,0,0,0,0,0,0,0
крокодил,0,0,0,1,0,0,0,0,0,0
croft,0,0,0,0,0,0,0,0,0,0
шахрай,0,0,0,0,0,1,0,0,0,0
урожай,0,0,0,0,0,0,0,0,0,0
крокет,0,0,0,0,0,0,0,0,0,0
хрестик,1,0,0,1,0,1,0,1,0,0
арбалет,0,0,0,0,0,0,0,0,0,0
перехрещені,0,0,0,0,0,0,0,0,0,0
перетин,0,0,0,0,0,0,0,0,0,0
промежину,0,0,0,0,0,0,0,0,0,0
присідати,0,0,0,1,0,0,0,0,0,0
згорблений,0,0,0,0,0,0,0,0,0,0
присідання,0,0,0,1,0,1,0,0,0,0
круп'є,0,0,0,0,0,0,0,0,0,0
ворона,0,0,0,0,0,0,0,0,0,0
натовп,0,0,0,0,0,0,0,0,0,0
переповнений,0,0,0,0,0,0,0,0,0,0
корона,0,0,0,0,0,0,0,0,0,0
вінчання,0,1,0,0,1,0,1,0,1,1
вирішальне значення,0,0,0,0,0,0,1,0,0,1
хрестоподібний,0,0,0,0,0,1,0,0,0,0
розп'яття,0,0,0,0,0,0,0,0,0,0
розп'яття,1,0,1,1,0,1,0,1,0,0
сирий,0,0,1,0,0,1,0,0,0,0
жорстокий,1,0,1,1,0,1,0,1,0,0
жорстоко,1,0,0,1,0,1,0,0,0,0
жорстокість,1,0,1,1,0,1,0,1,0,0
круїз,0,0,0,0,0,0,0,0,0,0
крейсер,0,0,0,0,0,0,0,0,0,0
крихта,0,0,0,0,0,0,0,0,0,0
розсипається,0,0,0,0,0,1,0,1,0,0
хрускіт,1,0,0,0,0,1,0,0,0,0
хрестовий похід,1,0,0,1,0,1,0,0,0,0
розчавити,0,0,0,0,0,0,0,0,0,0
подрібнений,1,0,1,1,0,1,0,1,0,0
дроблення,1,0,1,1,0,1,0,0,0,0
скоринка,0,0,0,0,0,0,0,0,0,0
хрусткий,0,0,1,0,0,1,0,0,0,0
милиця,0,0,0,0,0,0,0,0,0,0
суть,0,0,0,0,0,0,0,0,0,0
плакати,0,0,0,0,0,1,0,1,0,0
плаче,0,0,0,0,0,1,0,1,0,0
склеп,0,0,0,1,0,1,0,1,0,0
загадковий,0,0,0,0,0,0,0,0,0,0
криптографія,0,0,0,0,0,0,0,0,0,0
кристал,0,0,0,0,0,0,1,0,0,0
кристалічний,0,0,0,0,0,0,0,0,0,0
кристалізація,0,0,0,0,0,0,0,0,0,0
дитинча,0,0,0,0,0,0,0,0,0,0
куб,0,0,0,0,0,0,0,0,0,1
кабінка,0,0,0,0,0,0,0,0,0,0
рогоносець,0,0,1,0,0,1,0,0,0,0
зозуля,0,0,0,0,0,1,0,0,0,0
обніматися,0,0,0,0,1,0,1,0,0,1
репліка,0,1,0,0,0,0,0,0,0,0
манжета,0,0,0,0,0,0,0,0,0,0
кухня,0,0,0,0,0,0,0,0,0,0
кулінарний,0,0,0,0,0,0,1,0,0,1
вибраковувати,0,0,0,0,0,1,0,0,0,0
досягають кульмінації,0,0,0,0,0,0,0,0,0,0
кульмінація,0,0,0,0,0,0,1,0,0,0
винність,0,0,0,0,0,1,0,0,0,0
винний,0,0,0,0,0,1,0,0,0,0
винуватця,0,0,0,0,0,1,0,0,0,0
культ,0,0,0,1,0,1,0,0,0,0
культивувати,0,1,0,0,0,0,1,0,0,1
культивований,0,0,0,0,0,0,1,0,0,0
вирощування,0,0,0,0,0,0,1,0,0,0
культури,0,0,0,0,0,0,1,0,0,0
водопропускна труба,0,0,0,0,0,0,0,0,0,0
громіздкий,0,0,0,0,0,1,0,1,0,0
купчасті,0,0,0,0,0,0,0,0,0,0
хитрий,0,0,0,0,0,1,1,0,0,0
чашка,0,0,0,0,0,0,0,0,0,0
шафа,0,0,0,0,0,0,0,0,0,0
купірування,0,0,1,1,0,1,0,1,0,0
cur,1,0,1,1,0,1,0,0,0,0
виліковний,0,0,0,0,0,0,1,0,0,1
куратор,0,0,0,0,0,0,0,0,0,0
лікувальний,0,0,0,0,0,0,0,0,0,0
куратор,0,0,0,0,0,0,0,0,0,0
бордюр,0,0,0,0,0,0,0,0,0,0
сирна маса,0,0,0,0,0,0,0,0,0,0
комендантська година,0,0,0,0,0,0,0,0,0,0
допитливість,0,1,0,0,0,0,1,0,1,0
завиток,0,0,0,0,0,0,1,0,0,0
завивка,0,0,0,0,0,0,0,0,0,0
валюта,0,0,0,0,0,0,0,0,0,0
поточний,0,0,0,0,0,0,0,0,0,0
навчальний план,0,0,0,0,0,0,0,0,0,0
каррі,0,0,0,0,0,0,0,0,0,0
прокляття,1,0,1,1,0,1,0,1,0,0
проклятий,1,0,0,1,0,1,0,1,0,0
лайка,1,0,1,0,0,1,0,0,0,0
побіжний,0,0,0,0,0,1,0,0,0,0
короткий,0,0,0,0,0,0,0,0,0,0
згорнути,0,0,0,0,0,0,0,0,0,0
скорочення,0,0,0,0,0,0,0,0,0,0
штора,0,0,0,0,0,0,0,0,0,0
викривлення,0,0,0,0,0,0,0,0,0,0
крива,0,0,0,0,0,0,0,0,0,0
вигнутий,0,0,0,0,0,0,0,0,0,0
криволінійний,0,0,0,0,0,0,0,0,0,0
подушка,0,0,0,0,0,0,1,0,0,0
гострий,0,0,0,0,0,0,0,0,0,0
лаявся,1,0,0,0,0,0,0,0,0,0
зберігач,0,0,0,0,0,0,0,0,0,1
опіка,0,0,0,0,0,0,0,0,0,1
звичай,0,0,0,0,0,0,0,0,0,0
звичайний,0,0,0,0,0,0,0,0,0,0
клієнт,0,0,0,0,0,0,1,0,0,0
вирізати,0,0,0,0,0,0,0,0,0,0
шкірний,0,0,0,0,0,0,0,0,0,0
милий,0,0,0,0,0,0,1,0,0,0
кутикула,0,0,0,0,0,0,0,0,0,0
столові прилади,0,0,0,0,0,0,0,0,0,0
фреза,0,0,0,1,0,1,0,0,0,0
фрези,0,0,0,0,0,0,1,0,0,0
головоріз,1,0,0,1,0,1,0,0,0,0
різання,1,0,1,1,0,1,0,1,0,0
живці,0,0,0,0,0,0,0,0,0,0
CWT,0,0,0,0,0,0,0,0,0,0
ціанід,0,0,0,1,0,1,0,0,0,0
цикл,0,0,0,0,0,0,0,0,0,0
циклічний,0,0,0,0,0,0,0,0,0,0
велосипедист,0,0,0,0,0,0,0,0,0,0
циклон,0,0,0,1,0,1,0,0,1,0
циліндр,0,0,0,0,0,0,0,0,0,0
циліндричні,0,0,0,0,0,0,0,0,0,0
цимбал,0,0,0,0,0,0,0,0,0,0
цинік,0,0,0,0,0,0,0,0,0,0
кіста,0,0,0,1,0,1,0,1,0,0
кістозний,0,0,1,0,0,0,0,0,0,0
цитомегаловірус,0,0,0,0,0,1,0,1,0,0
цитоплазма,0,0,0,0,0,0,0,0,0,0
цар,0,0,0,0,0,0,0,0,0,0
мазок,0,0,0,0,0,0,0,0,0,0
плескатися,0,0,0,0,0,0,0,0,0,0
мацання,1,0,1,0,0,1,0,0,0,0
тато,0,0,0,0,0,0,0,0,0,0
дадо,0,0,0,0,0,0,0,0,0,0
демон,1,0,1,1,0,1,0,1,1,0
безглуздий,0,0,1,0,0,1,0,0,0,0
кинджал,0,0,0,1,0,1,0,0,0,0
щодня,0,1,0,0,0,0,0,0,0,0
вишуканий,0,0,0,0,0,0,0,0,0,0
молочний,0,0,0,0,0,0,0,0,0,0
дак,0,0,0,0,0,0,0,0,0,0
Дейл,0,0,0,0,0,0,0,0,0,0
дамба,0,0,0,0,0,0,0,0,0,0
пошкодження,1,0,1,0,0,1,0,1,0,0
збитки,0,0,0,0,0,1,0,1,0,0
дама,1,0,1,0,0,0,1,0,0,1
блін,1,0,1,0,0,1,0,0,0,0
прокляття,1,0,0,1,0,1,0,1,0,0
проклятий,0,0,0,0,0,1,0,0,0,0
вологий,0,0,0,0,0,0,0,0,0,0
зволожений,0,0,0,0,0,0,0,0,0,0
демпфер,0,0,0,0,0,1,0,0,0,0
дівчина,0,0,0,0,0,0,0,0,0,0
танець,0,0,0,0,1,0,1,0,0,1
танцівниця,0,0,0,0,0,0,0,0,0,0
лупа,0,0,0,0,0,1,0,0,0,0
денді,0,0,1,0,0,1,0,0,0,0
небезпека,0,0,0,1,0,1,0,1,0,0
небезпечний,0,0,0,1,0,1,0,0,0,0
бовтатися,0,0,0,0,0,0,0,0,0,0
вологий,0,0,1,0,0,0,0,0,0,0
витончений,0,0,0,0,0,0,0,0,0,0
наважуватися,0,1,0,0,0,0,0,0,0,1
сміливий,0,0,0,0,0,0,1,0,0,0
темний,0,0,0,0,0,0,0,1,0,0
темніти,0,0,0,1,0,1,0,1,0,0
затемнений,0,0,0,1,0,1,0,1,0,0
темно,0,0,0,0,0,0,0,0,0,0
темрява,1,0,0,1,0,1,0,1,0,0
коханий,0,0,0,0,1,0,1,0,0,1
штопати,0,0,0,0,0,0,0,0,0,0
дротик,0,0,0,1,0,0,0,0,0,0
тире,0,0,0,0,0,0,0,0,0,0
панель приладів,0,0,0,0,0,0,0,0,0,0
штриховий,1,0,0,1,0,1,0,1,0,0
лихий,0,0,0,0,0,0,1,0,0,0
підло,1,0,1,1,0,1,0,0,0,0
даних,0,0,0,0,0,0,0,0,0,0
бази даних,0,0,0,0,0,0,0,0,0,0
дата,0,0,0,0,0,0,0,0,0,0
дочка,0,0,0,0,1,0,1,0,0,0
світанок,0,1,0,0,1,0,1,0,1,1
день,0,0,0,0,0,0,0,0,0,0
світанок,0,0,0,0,0,0,0,0,0,0
мріяти,0,0,0,0,0,0,0,0,0,0
приголомшити,0,0,0,0,0,0,0,0,0,0
ошелешений,0,0,0,0,0,1,0,0,0,0
сліпуче,0,0,0,0,0,0,0,0,0,0
диякон,0,0,0,0,0,0,0,0,0,1
деактивувати,0,0,0,0,0,1,0,0,0,0
глухий кут,0,0,0,0,0,1,0,0,0,0
смертельний,1,0,1,1,0,1,0,1,0,0
оглушливий,0,0,0,0,0,0,0,0,0,0
приглухуватість,0,0,0,0,0,0,0,0,0,0
справа,0,1,0,0,1,0,1,0,1,1
дилер,0,0,0,0,0,0,0,0,0,0
справа,0,0,0,0,0,0,0,0,0,0
угоди,0,0,0,0,0,0,0,0,0,1
декан,0,0,0,0,0,0,0,0,0,0
дорогий,0,0,0,0,0,0,1,0,0,0
нестача,0,0,0,0,0,0,0,0,0,0
смерть,1,1,1,1,0,1,0,1,1,0
розгром,0,0,0,1,0,1,0,1,0,0
дискусійний,0,0,0,0,0,0,0,0,0,0
дебати,0,0,0,0,0,0,1,0,0,0
розпуста,0,0,1,1,0,1,0,0,0,0
облігація,0,1,0,0,0,0,0,0,0,0
дебетовий,0,0,0,0,0,0,0,0,0,0
сміття,0,0,1,0,0,1,0,0,0,0
борг,0,0,0,0,0,1,0,1,0,0
боржник,0,0,0,0,0,1,0,0,0,0
дебют,0,0,0,0,0,0,0,0,0,0
десятиліття,0,0,0,0,0,0,0,0,0,0
графин,0,0,0,0,0,0,0,0,0,0
розпад,0,0,0,1,0,1,0,1,0,0
розклався,0,0,1,0,0,1,0,1,0,0
покійний,0,0,0,0,0,1,0,1,0,0
обман,1,0,1,1,0,1,0,1,1,0
брехливий,0,0,1,0,0,1,0,1,0,0
обманювати,1,0,1,0,0,1,0,1,0,0
обдурили,1,0,0,0,0,1,0,0,0,0
обманювати,0,0,0,0,0,1,0,0,0,1
порядність,0,0,0,0,0,0,1,0,0,0
пристойний,0,0,0,0,0,0,1,0,0,0
обман,0,0,0,0,0,1,0,0,0,0
оманливий,0,0,0,0,0,1,0,0,0,0
рішуче,0,0,0,0,0,0,0,0,0,0
листяний,0,0,0,0,0,0,0,0,0,0
десятковий,0,0,0,0,0,0,0,0,0,0
розшифрувати,0,0,0,0,0,0,0,0,0,0
рішення,0,0,0,0,0,0,0,0,0,0
вирішальним,0,0,0,0,0,0,0,0,0,0
колода,0,0,0,0,0,0,0,0,0,0
декларація,0,0,0,0,0,0,0,0,0,0
декларативний,0,0,0,0,0,0,1,0,0,0
заявляти,0,0,0,0,0,0,0,0,0,0
відмінювання,0,0,0,0,0,1,0,0,0,0
занепад,0,0,0,0,0,1,0,0,0,0
занепадає,0,0,0,0,0,1,0,0,0,0
розкладатися,0,0,1,0,0,0,0,0,0,0
розкладається,0,0,0,0,0,0,0,1,0,0
розкладання,0,0,1,1,0,1,0,1,0,0
прикрашати,0,0,0,0,0,0,0,0,0,0
прикраса,0,0,0,0,0,0,0,0,0,0
пристойність,0,0,0,0,0,0,0,0,0,0
приманка,0,0,0,0,0,0,0,0,1,0
зменшення,0,0,0,0,0,1,0,0,0,0
зменшилася,0,0,0,0,0,0,0,0,0,0
зменшується,0,0,0,0,0,0,0,0,0,0
указ,0,0,0,0,0,0,0,0,0,0
декремент,0,0,0,0,0,1,0,0,0,0
дряхлий,0,0,0,0,0,1,0,0,0,0
засуджувати,1,0,0,0,0,1,0,0,0,0
відданість,0,0,0,0,0,0,1,0,0,0
виводити,0,0,0,0,0,0,0,0,0,0
відрахувати,0,0,0,0,0,1,0,0,0,0
дедукція,0,0,0,0,0,0,0,0,0,0
вчинок,0,0,0,0,0,0,0,0,0,1
поглибити,0,0,0,0,0,0,0,0,0,0
олень,0,0,0,0,0,0,0,0,0,0
наклеп,0,0,1,1,0,1,0,0,0,0
наклепницький,1,0,0,0,0,1,0,0,0,0
за замовчуванням,0,0,1,1,0,1,0,1,0,0
поразка,0,0,0,0,0,1,0,0,0,0
переможений,0,0,0,0,0,1,0,1,0,0
дефект,1,0,0,0,0,1,0,0,0,0
дезертирство,0,0,0,1,0,1,0,0,0,0
несправний,0,0,1,0,0,1,0,0,0,0
захищати,0,0,0,1,0,0,1,0,0,0
відповідача,1,0,0,1,0,0,0,1,0,0
захищав,0,0,0,0,0,0,1,0,0,1
захисник,0,0,0,0,0,0,1,0,0,1
захищаючись,0,0,0,0,0,0,1,0,0,0
захист,1,1,0,1,0,0,1,0,0,0
беззахисний,0,0,0,1,0,1,0,1,0,0
обґрунтований,0,0,0,0,0,0,0,0,0,0
оборонний,0,0,0,0,0,0,0,0,0,0
відкласти,0,0,0,0,0,0,0,0,0,0
повага,0,0,0,0,0,0,1,0,0,1
відстрочка,0,0,0,0,0,1,0,0,0,0
відкладаючи,0,0,0,0,0,0,0,0,0,0
непокора,1,0,1,1,0,1,0,0,0,0
зухвалий,1,0,0,0,0,1,0,0,0,0
дефіцит,0,0,0,0,0,1,0,0,0,0
дефіцит,0,0,0,0,0,1,0,0,0,0
визначити,0,0,0,0,0,0,0,0,0,0
визначений,0,0,0,0,0,0,0,0,0,0
визначення,0,0,0,0,0,0,0,0,0,0
остаточний,0,0,0,0,0,0,1,0,0,1
здути,1,0,0,0,0,1,0,1,0,0
дефляція,0,0,0,1,0,1,0,0,0,0
відхиляти,0,0,0,0,0,0,0,0,0,0
прогин,0,0,0,0,0,0,0,0,0,0
дефлорація,0,0,0,0,0,0,0,0,0,0
деформувати,0,0,1,0,0,1,0,0,0,0
деформований,0,0,1,0,0,1,0,1,0,0
деформація,0,0,1,1,0,1,0,1,0,0
обманювати,1,0,1,0,0,1,0,0,0,0
покривати,0,0,0,0,0,0,0,0,0,0
спритний,0,0,0,0,0,0,0,0,0,0
неіснуючий,0,0,0,0,0,1,0,1,0,0
кинути виклик,1,0,0,1,0,1,0,1,1,0
виродження,1,0,1,0,0,1,0,1,0,0
вироджуються,0,0,0,0,0,1,0,0,0,0
дегенерація,0,0,0,0,0,0,0,0,0,0
деградація,0,0,0,0,0,1,0,0,0,0
деградувати,0,0,1,0,0,1,0,0,0,0
принизливий,0,0,1,1,0,1,0,1,0,0
ступінь,0,0,0,0,0,0,1,0,0,0
зневоднений,0,0,0,0,0,0,0,0,0,0
затримка,1,0,1,1,0,1,0,1,0,0
затримується,0,0,0,0,0,1,0,0,0,0
чудовий,0,0,0,0,0,0,1,0,0,0
делегат,0,0,0,0,0,0,1,0,0,1
делегація,0,0,0,0,0,0,0,0,0,0
шкідливий,1,0,1,1,0,1,0,0,0,0
видалення,0,0,0,0,0,1,0,0,0,0
навмисне,0,0,0,0,0,0,1,0,0,0
обговорення,0,0,0,0,0,0,0,0,0,0
дорадчий,0,0,0,0,0,0,0,0,0,0
делікатес,0,0,0,0,0,0,0,0,0,0
смачно,0,0,0,0,1,0,1,0,0,0
захоплення,0,1,0,0,1,0,1,0,0,0
в захваті,0,1,0,0,1,0,1,0,1,0
чудово,0,1,0,0,1,0,1,0,0,1
окреслити,0,0,0,0,0,0,0,0,0,0
окреслення,0,0,0,0,0,0,0,0,0,0
правопорушення,0,0,0,0,0,1,0,0,0,0
правопорушник,1,0,1,0,0,1,0,0,0,0
марення,0,0,0,0,0,1,0,1,0,0
марення,0,0,1,0,0,1,0,1,0,0
визволення,0,1,0,0,1,0,1,0,0,1
доставка,0,1,0,0,0,0,1,0,0,0
dell,0,0,0,0,0,0,0,0,0,0
дельта,0,0,0,0,0,0,0,0,0,0
потоп,0,0,0,1,0,1,0,1,1,0
марення,1,0,0,1,0,1,0,1,0,0
маревний,1,0,0,1,0,1,0,0,0,0
копатися,0,0,0,0,0,0,0,0,0,0
попит,1,0,0,0,0,1,0,0,0,0
вимогливий,0,0,0,0,0,1,0,0,0,0
поведінка,0,0,0,0,0,0,0,0,0,0
божевільний,0,0,0,1,0,1,0,0,0,0
деменція,0,0,0,1,0,1,0,1,0,0
кончина,0,0,0,1,0,1,0,1,0,0
демократія,0,0,0,0,0,0,1,0,0,0
демократ,0,0,0,0,0,0,0,0,0,0
знести,1,0,0,0,0,1,0,1,0,0
знесення,0,0,0,0,0,1,0,0,0,0
демон,1,0,1,1,0,1,0,1,0,0
демонічний,1,0,1,1,0,1,0,1,0,0
доказовий,0,0,0,0,0,0,1,0,0,0
продемонструвати,0,0,0,0,0,0,0,0,0,0
продемонстровано,0,0,0,0,0,0,0,0,0,0
демонструючи,0,0,0,0,0,0,0,0,0,0
демонстрація,0,0,0,0,0,0,0,0,0,0
демонстративний,0,0,0,0,1,0,1,1,0,0
демонстратор,0,0,0,0,0,0,0,0,0,0
деморалізований,0,0,0,1,0,1,0,1,0,0
демонстрації,0,0,0,0,0,0,0,0,0,0
ден,0,0,0,0,0,0,0,0,0,0
заперечення,0,0,0,0,0,1,0,0,0,0
відмовлено,0,0,0,0,0,1,0,1,0,0
номінал,0,0,0,0,0,0,0,0,0,0
конфесійний,0,0,0,0,0,0,0,0,0,0
знаменник,0,0,0,0,0,0,0,0,0,0
позначають,0,0,0,0,0,0,0,0,0,0
викривати,1,0,1,0,0,1,0,0,0,0
щільний,0,0,0,0,0,0,0,0,0,0
щільність,0,0,0,0,0,0,0,0,0,0
вм'ятина,0,0,0,0,0,0,0,0,0,0
стоматологія,0,0,0,1,0,0,0,0,0,0
донос,1,0,1,1,0,1,0,0,0,0
заперечувати,1,0,0,0,0,1,0,0,0,0
заперечуючи,0,1,0,0,0,1,0,0,0,0
дезодорант,0,0,0,0,0,0,0,0,0,0
відправлятися,0,1,0,0,0,0,0,1,0,0
відійшов,0,0,0,0,0,1,0,1,0,0
відділ,0,0,0,0,0,0,0,0,0,0
відправлення,0,0,0,0,0,1,0,1,0,0
залежати,0,1,0,0,0,0,0,0,0,1
залежний,0,0,0,0,0,0,0,0,0,0
залежність,0,0,0,1,0,1,0,1,0,0
залежність,0,0,0,0,0,1,0,0,0,0
залежний,0,0,0,0,0,1,1,0,0,1
зображувати,0,0,0,0,0,0,0,0,0,0
зображуючи,0,0,0,0,0,0,0,0,0,0
виснаження,0,0,0,0,0,0,0,0,0,0
плачевний,1,0,1,1,0,1,0,1,0,0
жалкувати,1,0,1,0,0,1,0,1,0,0
розгорнути,0,0,0,0,0,0,0,0,0,0
депортувати,0,0,0,1,0,1,0,1,0,0
депортація,1,0,0,1,0,1,0,1,0,0
депозит,0,0,0,0,0,0,0,0,0,0
депозитарій,0,0,0,0,0,0,0,0,0,0
осадження,0,0,0,0,0,0,0,0,0,0
депозитарій,0,0,0,0,0,0,0,0,0,1
депо,0,0,0,0,0,0,0,0,0,0
розбещений,1,1,1,1,0,1,0,1,0,0
розбещеність,1,0,1,0,0,1,0,0,0,0
знецінювати,1,0,1,0,0,1,0,0,0,0
амортизується,1,0,1,1,0,1,0,1,0,0
амортизація,0,0,0,1,0,1,0,0,0,0
депресія,0,0,0,1,0,1,0,1,0,0
пригнічений,1,0,0,1,0,1,0,1,0,0
пригнічує,0,0,1,0,0,1,0,1,0,0
депресія,0,0,0,0,0,1,0,1,0,0
депресивний,0,0,0,0,0,1,0,1,0,0
позбавлення,1,0,1,1,0,1,0,1,0,0
глибина,0,0,0,0,0,0,1,0,0,1
заступник,0,0,0,0,0,0,0,0,0,1
зійти з колії,0,0,0,0,0,0,0,0,0,0
божевільний,1,0,1,1,0,1,0,0,0,0
занедбаний,0,0,0,0,0,1,0,0,0,0
глузування,1,0,1,0,0,1,0,0,0,0
виведення,0,0,0,0,0,0,0,0,0,0
похідна,0,0,0,0,0,0,0,0,0,0
вивести,0,0,0,0,0,0,0,0,0,0
дермальний,0,0,0,0,0,0,0,0,0,0
дерматолог,0,0,0,0,0,0,0,0,0,1
дерматології,0,0,0,0,0,0,0,0,0,0
відступ,1,0,1,1,0,1,0,1,0,0
принизливий,1,0,1,1,0,1,0,1,0,0
спускатися,0,0,0,0,0,0,0,0,0,0
нащадок,0,0,0,0,0,0,0,0,0,0
нащадок,0,0,0,0,0,0,0,0,0,0
спадання,0,0,0,0,0,0,0,0,0,0
спуск,0,0,0,1,0,0,0,1,0,0
описати,0,0,0,0,0,0,0,0,0,0
опис,0,0,0,0,0,0,0,0,0,0
описовий,0,0,0,0,0,0,1,0,0,0
осквернення,1,0,1,1,0,1,0,1,0,0
пустеля,1,0,1,1,0,1,0,1,0,0
безлюдний,1,0,1,1,0,1,0,1,0,0
дезертирство,0,0,0,0,0,1,0,0,0,0
заслуговують,1,1,0,0,0,0,1,0,0,1
заслужений,0,0,0,0,0,0,1,0,0,0
заслуговують,0,0,0,0,0,0,0,0,0,0
дизайн,0,0,0,0,0,0,0,0,0,0
призначати,0,0,0,0,0,0,0,0,0,0
позначення,0,0,0,0,0,0,0,0,0,1
розроблений,0,0,0,0,0,0,0,0,0,0
дизайнер,0,0,0,0,0,0,1,0,0,0
проектування,0,0,0,0,0,0,0,0,0,0
бажаність,0,0,0,0,0,0,0,0,0,0
бажано,0,0,0,0,0,0,1,0,0,0
бажаючи,0,0,0,0,0,0,1,0,0,0
бажаючий,0,0,0,0,0,0,1,0,0,0
припинити,1,0,1,0,0,1,0,0,0,0
письмовий стіл,0,0,0,0,0,0,0,0,0,0
запустіння,0,0,0,1,0,1,0,1,0,0
відчай,1,0,1,1,0,1,0,1,0,0
зневірений,0,0,0,1,0,1,0,1,0,0
відправлення,0,0,0,0,0,0,0,0,0,0
відчайдушний,0,0,0,0,0,1,0,0,0,0
відчай,0,0,0,0,0,0,0,0,0,0
підлий,1,0,1,0,0,1,0,0,0,0
зневажати,1,0,1,0,0,1,0,0,0,0
деспотичний,0,0,0,1,0,1,0,0,0,0
деспотизм,1,0,1,1,0,1,0,1,0,0
десерт,0,0,0,0,0,0,0,0,0,0
призначення,0,1,0,1,1,0,1,1,1,0
судилося,0,1,0,0,0,0,0,0,0,0
доля,0,0,0,0,0,0,0,0,0,0
знедолений,0,0,0,1,0,1,0,1,0,0
зруйновано,1,0,0,1,0,1,0,1,0,0
руйнівник,1,0,0,1,0,1,0,0,0,0
знищуючи,1,0,0,1,0,1,0,1,0,0
руйнування,1,0,0,0,0,1,0,0,0,0
руйнівний,1,0,1,1,0,1,0,0,0,0
від'єднати,0,0,0,0,0,0,0,0,0,0
відокремлений,0,0,0,0,0,0,0,0,0,0
загін,0,0,0,0,0,1,0,0,0,0
деталь,0,0,0,0,0,0,0,0,0,0
деталі,0,0,0,0,0,0,0,0,0,0
затримувати,0,0,0,0,0,1,0,0,0,0
затриманий,1,1,0,1,0,1,0,1,0,0
виявити,0,0,0,0,0,0,1,0,0,0
виявляється,0,0,0,0,0,0,0,0,0,0
виявлення,0,0,0,0,0,0,1,0,0,0
детектив,0,0,0,0,0,0,0,0,0,0
детектор,0,0,0,0,0,0,0,0,0,0
затримання,0,0,0,0,0,1,0,1,0,0
стримувати,0,0,0,0,0,0,0,0,0,0
миючий засіб,0,0,0,0,0,0,0,0,0,0
погіршуватися,0,0,0,1,0,1,0,1,0,0
погіршився,0,0,1,0,0,1,0,1,0,0
погіршення,1,0,1,1,0,1,0,1,0,0
визначуваний,0,0,0,0,0,0,0,0,0,0
визначати,0,1,0,0,0,0,0,0,0,1
рішучість,0,0,0,0,0,0,1,0,0,1
визначається,0,0,0,0,0,0,1,0,0,0
ненавиджу,1,0,1,0,0,1,0,0,0,0
детонувати,0,0,0,1,0,1,0,0,1,0
детонація,1,0,0,0,0,0,0,0,0,0
Об’їзд,0,0,0,0,0,0,0,0,0,0
применшувати,1,0,0,0,0,1,0,0,0,0
збиток,0,0,0,0,0,1,0,0,0,0
згубний,0,0,0,0,0,1,0,0,0,0
детрит,0,0,0,0,0,1,0,0,0,0
двійка,0,0,0,0,0,0,0,0,0,0
спустошити,1,0,0,1,0,1,0,1,0,0
руйнівний,1,0,1,1,0,1,0,1,0,1
спустошення,1,0,0,1,0,1,0,1,1,0
розвиватися,0,1,0,0,0,0,1,0,0,0
розвиваються,0,0,0,0,0,0,0,0,0,0
розвитку,0,0,0,0,0,0,0,0,0,0
відхилятися,0,0,0,0,0,0,0,0,0,0
відхиляючись,0,0,0,0,0,0,0,0,0,0
відхилення,0,0,0,0,0,0,0,1,0,0
пристрій,0,0,0,0,0,0,0,0,0,0
диявол,1,1,1,1,0,1,0,1,0,0
диявольський,0,0,1,1,0,1,0,0,0,0
хитрий,0,0,0,0,0,1,0,0,0,0
придумати,0,0,0,0,0,0,0,0,0,0
позбавлений,0,0,0,0,0,0,0,0,0,0
деволюція,0,0,0,0,0,1,0,0,0,0
передаватися,0,0,0,0,0,0,0,0,0,0
присвятити,0,0,0,0,0,0,0,0,0,0
відданий,0,0,0,0,0,0,0,0,0,0
відданий,0,0,0,0,0,0,1,0,0,1
пожирати,0,0,0,0,0,1,0,0,0,0
набожний,0,1,0,0,1,0,1,0,0,1
роса,0,0,0,0,0,0,0,0,0,0
декстер,0,0,0,0,0,0,0,0,0,0
спритність,0,0,0,0,0,0,1,0,0,0
декстроза,0,0,0,0,0,0,0,0,0,0
диявольський,1,0,1,1,0,1,0,0,0,0
діагностика,0,1,0,1,0,1,0,0,0,1
діагностичний,0,0,0,0,0,0,0,0,0,0
діагностика,0,0,0,0,0,0,0,0,0,0
діаграма,0,0,0,0,0,0,0,0,0,0
циферблат,0,0,0,0,0,0,0,0,0,0
діалект,0,0,0,0,0,0,0,0,0,0
діалектика,0,0,0,0,0,0,0,0,0,0
діалог,0,0,0,0,0,0,0,0,0,0
діаметр,0,0,0,0,0,0,0,0,0,0
діамант,0,0,0,0,1,0,1,0,0,0
діаманти,0,0,0,0,0,0,0,0,0,0
підгузник,0,0,1,0,0,0,0,0,0,0
діафрагма,0,0,0,0,0,0,0,0,0,0
діарея,0,0,1,0,0,0,0,0,0,0
щоденник,0,0,0,0,1,0,1,0,0,1
діатриба,1,0,1,0,0,1,0,0,0,0
кубики,0,0,0,0,0,0,0,0,0,0
дихотомічний,0,0,0,0,0,0,0,0,0,0
дихотомія,0,0,0,0,0,0,0,0,0,0
диктувати,0,0,0,0,0,0,0,0,0,0
диктант,0,0,0,0,0,0,0,0,0,0
диктатор,0,0,0,1,0,1,0,0,0,0
диктаторський,1,0,0,0,0,1,0,0,0,0
диктатура,1,1,1,1,0,1,0,1,0,0
дикція,0,0,0,0,0,0,0,0,0,0
словник,0,0,0,0,0,0,1,0,0,1
вислів,0,0,0,0,0,0,0,0,0,1
дидактичний,0,0,0,0,0,0,1,0,0,0
померти,0,0,0,1,0,1,0,1,0,0
дієта,0,0,0,0,0,0,0,0,0,0
дієтичний,0,1,0,0,0,0,1,0,0,0
відрізняються,0,0,0,0,0,0,0,0,0,0
різниця,0,0,0,0,0,0,0,0,0,0
відмінності,0,0,0,0,0,0,0,0,0,0
диференціал,0,0,0,0,0,0,0,0,0,1
диференціація,0,0,0,0,0,0,0,0,0,0
інакше,0,0,0,0,0,0,0,0,1,0
відрізняються,0,0,0,0,0,0,0,0,0,0
важко,0,0,0,1,0,0,0,0,0,0
ускладнення,0,0,0,0,0,1,0,1,0,0
труднощі,1,0,0,1,0,1,0,1,0,0
дифузний,0,0,0,0,0,0,0,0,0,0
дифузія,0,0,0,0,0,0,0,0,0,0
копати,0,0,0,0,0,0,0,0,0,0
дайджест,0,0,0,0,0,0,0,0,0,0
травлення,0,0,0,0,0,0,0,0,0,0
цифра,0,0,0,0,0,0,0,0,0,1
гідно,0,0,0,0,0,0,1,0,0,0
гідність,0,0,0,0,0,0,1,0,0,1
відступ,0,1,0,0,0,1,0,0,0,0
копає,0,0,0,0,0,0,0,0,0,0
дамба,0,0,0,1,0,0,0,0,0,0
напівзруйнований,0,0,1,0,0,1,0,1,0,0
розширення,0,0,0,0,0,0,0,0,0,0
розширення,0,0,0,0,0,0,0,0,0,0
дилема,0,0,0,0,0,0,0,0,0,0
старанність,0,0,0,0,0,0,1,0,0,1
старанний,0,0,0,0,0,0,0,0,0,0
розріджувач,0,0,0,0,0,0,0,0,0,0
розбавити,0,0,0,0,0,1,0,0,0,0
розведений,0,0,0,0,0,0,0,0,0,0
розведення,0,0,0,0,0,0,0,0,0,0
копійки,0,0,0,0,0,0,0,0,0,0
вимір,0,0,0,0,0,0,0,0,0,0
зменшуватися,0,0,0,0,0,1,0,1,0,0
зменшився,0,0,0,0,0,1,0,0,0,0
зменшення,0,0,0,0,0,0,0,0,0,0
зменшувальний,0,0,0,0,0,0,0,0,0,0
дин,0,0,0,0,0,1,0,0,0,0
обідати,0,0,0,0,0,0,0,0,0,0
їдальня,0,0,0,0,0,0,0,0,0,0
вечеря,0,0,0,0,0,0,1,0,0,0
динозавр,0,0,0,1,0,0,0,0,0,0
вм'ятина,0,0,0,0,0,0,0,0,0,0
єпархіальний,0,0,0,0,0,0,0,0,0,0
єпархія,0,0,0,0,0,0,0,0,0,0
діорама,0,0,0,0,0,0,0,0,0,0
окунути,0,0,0,0,0,0,0,0,0,0
диплом,0,0,0,0,0,0,0,0,0,0
дипломатія,0,1,0,0,0,0,1,0,0,1
дипломат,0,0,0,0,0,0,0,0,0,0
дипломатичний,0,0,0,0,0,0,1,0,0,1
страшний,0,0,1,1,0,1,0,1,1,0
спрямований,0,0,0,0,0,0,0,0,0,0
напрямок,0,0,0,0,0,0,0,0,0,0
безпосередньо,0,0,0,0,0,0,0,0,0,0
директор,0,0,0,0,0,0,1,0,0,1
каталог,0,0,0,0,0,0,0,0,0,0
бруд,0,0,1,0,0,1,0,0,0,0
брудний,0,0,1,0,0,1,0,0,0,0
інвалідність,0,0,0,0,0,1,0,1,0,0
відключити,0,0,0,1,0,1,0,1,0,0
вимкнено,0,0,0,1,0,1,0,1,0,0
недолік,0,0,0,0,0,0,0,0,0,0
незадоволений,0,0,0,0,0,1,0,0,0,0
не згоден,1,0,0,0,0,1,0,0,0,0
неприємний,0,0,0,0,0,0,0,0,0,0
не погоджуючись,1,0,0,0,0,1,0,1,0,0
незгода,1,0,0,0,0,1,0,1,0,0
заборонити,0,0,0,0,0,0,0,0,0,0
заборонено,1,0,1,1,0,1,0,1,0,0
зникнути,0,0,0,1,0,0,0,0,0,0
зникнення,0,0,0,0,0,0,0,0,0,0
зникнення,0,0,0,0,0,0,0,0,0,0
розчарувати,1,0,1,0,0,1,0,1,0,0
розчарований,1,0,1,0,0,1,0,1,0,0
розчаровує,0,0,0,0,0,1,0,1,0,0
розчарування,0,0,1,0,0,1,0,1,0,0
несхвалення,0,0,0,0,0,1,0,1,0,0
не схвалюють,1,0,1,1,0,1,0,1,0,0
відхилено,1,0,0,0,0,1,0,1,0,0
несхвально,1,0,1,0,0,1,0,1,0,0
роззброїти,0,0,0,0,0,0,0,0,0,0
безладдя,0,0,0,0,0,0,0,0,0,0
катастрофа,1,0,1,1,0,1,0,1,1,0
катастрофічним,1,0,0,1,0,1,0,1,0,0
розформувати,0,0,0,0,0,0,0,0,0,0
недовіра,0,0,0,0,0,0,0,0,0,0
не вірити,0,0,0,0,0,1,0,0,0,0
виплачувати,0,0,0,0,0,0,0,0,0,0
виплата,0,0,0,0,0,0,0,0,0,0
диск,0,0,0,0,0,0,0,0,0,0
відкинуто,0,0,0,0,0,0,0,0,0,0
відкидає,0,0,0,0,0,1,0,0,0,0
розрізняти,0,0,0,0,0,0,0,0,0,0
помітний,0,0,0,0,0,0,0,0,0,0
розбірливий,0,0,0,0,0,0,0,0,0,0
проникливість,0,0,0,0,0,0,0,0,0,0
розрядка,0,0,0,0,0,1,0,0,0,0
учень,0,0,0,0,0,0,0,0,0,1
дисциплінованість,0,0,0,1,0,1,0,0,0,0
відмовитися від відповідальності,1,0,1,0,0,1,0,0,0,1
застереження,0,0,0,0,0,0,0,0,0,0
розкривати,0,0,0,0,0,0,0,0,0,0
розкрито,0,0,0,0,0,0,0,0,0,1
розкриття,0,0,0,0,0,0,0,0,0,0
зміна кольору,0,0,1,0,0,1,0,0,0,0
знебарвлений,0,0,1,0,0,1,0,1,0,0
дискомфорт,0,0,0,0,0,1,0,1,0,0
відключити,0,0,0,0,0,1,0,1,0,0
відключений,0,0,0,0,0,1,0,1,0,0
відключення,0,0,0,0,0,1,0,0,0,0
невдоволення,1,0,1,1,0,1,0,1,0,0
припинення,0,0,0,0,0,0,0,0,0,0
припинити,0,0,0,0,0,1,0,0,0,0
розривність,0,0,1,1,0,1,0,1,0,0
переривчастий,0,0,0,0,0,0,0,0,0,0
розбрат,1,0,1,0,0,1,0,0,0,0
знижка,0,0,0,0,0,0,0,0,0,0
зі знижкою,0,0,0,0,0,0,0,0,0,0
збентежити,0,0,0,1,0,1,0,1,0,0
збентежений,0,0,0,0,0,0,0,0,0,0
знеохочення,0,0,0,0,0,1,0,0,0,0
дискурс,0,0,0,0,0,0,0,0,0,0
виявити,0,0,0,0,0,0,0,0,0,0
відкриття,0,0,0,0,0,0,1,0,0,0
дискредитація,0,0,0,0,0,1,0,0,0,0
стриманий,0,1,0,0,0,0,1,0,0,0
невідповідність,0,0,0,0,0,0,0,0,0,0
дискретний,0,0,0,0,0,0,0,0,0,0
розсуд,0,1,0,0,0,0,1,0,0,1
дискреційний,0,0,0,0,0,0,1,0,0,0
дискримінувати,1,0,0,0,0,1,0,1,0,0
дискримінаційний,0,0,1,0,0,1,0,0,0,0
дискримінація,1,0,1,1,0,1,0,1,0,0
диск,0,0,0,0,0,0,0,0,0,0
обговорити,0,0,0,0,0,0,0,0,0,0
обговорення,0,0,0,0,0,0,1,0,0,0
зневага,1,0,1,0,0,1,0,0,0,0
захворювання,1,0,1,1,0,1,0,1,0,0
хворий,0,0,1,1,0,1,0,1,0,0
безтілесний,0,0,0,1,0,1,0,1,0,0
відключитися,0,0,0,0,0,0,0,0,0,0
розмежування,0,0,0,0,0,1,0,0,0,0
знівечений,1,0,1,1,0,1,0,1,0,0
ганьба,1,0,1,0,0,1,0,1,0,0
зганьблений,1,0,1,0,0,1,0,1,0,0
ганебний,1,0,1,0,0,1,0,0,0,0
незадоволений,1,0,1,0,0,1,0,1,0,0
маскування,0,0,0,0,0,0,0,0,0,0
замаскований,0,0,0,0,0,0,0,0,0,0
огида,1,0,1,1,0,1,0,1,0,0
огидний,1,0,1,1,0,1,0,0,0,0
блюдо,0,0,0,0,0,0,0,0,0,0
зневірений,0,0,0,0,0,1,0,1,0,0
невтішний,0,0,0,0,0,1,0,1,0,0
нечесний,1,0,1,0,0,1,0,1,0,0
нечесність,0,0,1,0,0,1,0,0,0,0
безчестя,1,0,1,1,0,1,0,1,0,0
розчарування,1,0,1,0,0,1,0,1,0,0
дезінфікувати,0,0,0,0,0,0,0,0,0,0
дезінфікуючий засіб,0,0,0,0,0,0,0,0,0,0
дезінфекція,0,0,0,0,0,0,1,0,0,0
дезінформація,1,0,0,1,0,1,0,0,0,0
нещирий,0,0,1,0,0,1,0,0,0,0
розпадатися,0,0,1,1,0,1,0,0,0,0
розпад,0,0,0,0,0,1,0,0,0,0
безкорисливий,0,0,0,0,0,1,0,0,0,0
непересічний,0,0,0,0,0,0,0,0,0,0
роз’єднані,0,0,0,0,0,0,0,0,0,0
диз'юнктивний,0,0,0,0,0,0,0,0,0,0
диск,0,0,0,0,0,0,0,0,0,0
дискета,0,0,0,0,0,0,0,0,0,0
неприязнь,1,0,1,0,0,1,0,0,0,0
не сподобався,1,0,0,0,0,1,0,1,0,0
вивихнутий,1,0,1,1,0,1,0,1,0,0
вивих,0,0,0,0,0,0,0,0,0,0
витісняти,0,0,0,0,0,0,0,0,0,0
похмурий,0,0,1,1,0,1,0,1,0,0
розчарування,1,1,0,1,0,1,0,1,1,0
розчленування,0,0,1,1,0,1,0,1,0,0
звільнити,0,0,0,0,0,0,0,0,0,0
звільнення,1,0,1,1,0,1,0,1,1,0
злізти,0,0,0,0,0,0,0,0,0,0
непокора,1,0,1,0,0,1,0,0,0,0
неслухняний,1,0,0,0,0,1,0,0,0,0
не слухатися,1,0,1,0,0,1,0,0,0,0
розлад,0,0,0,1,0,1,0,0,0,0
безладно,0,0,0,0,0,1,0,0,0,0
неорганізований,0,0,0,0,0,1,0,0,0,0
зневага,1,0,1,0,0,1,0,1,0,0
зневажливий,1,0,1,0,0,1,0,1,0,0
різнорідні,0,0,0,0,0,0,0,0,0,0
диспропорція,1,0,1,0,0,1,0,1,0,0
безпристрасний,0,0,0,0,0,1,0,1,0,0
відправлення,0,0,0,0,0,0,0,0,0,0
розвіяти,0,0,0,0,0,1,0,1,0,0
диспенсація,0,0,0,0,0,0,0,0,0,0
дозувати,0,0,0,0,0,0,0,0,0,0
розійтися,0,0,0,0,0,0,0,0,0,0
розсіяний,0,0,0,0,0,0,0,0,0,0
дисперсія,0,0,0,0,0,1,0,0,0,0
витісняти,0,0,0,0,0,1,0,0,0,0
переміщений,1,0,0,1,0,0,0,1,0,0
переміщення,0,0,0,0,0,0,0,0,0,0
дисплей,0,0,0,0,0,0,0,0,0,0
незадоволений,1,0,1,1,0,1,0,1,0,0
невдоволення,0,0,1,0,0,1,0,0,0,0
утилізація,0,0,0,0,0,1,0,0,0,0
розпоряджатися,0,0,1,0,0,0,0,0,0,0
утилізований,0,1,0,0,0,0,1,0,0,1
розташування,0,0,0,0,0,0,0,0,0,0
розкуркулений,1,0,0,1,0,1,0,1,0,0
спростувати,0,0,0,0,0,0,0,0,0,0
суперечка,1,0,0,0,0,1,0,0,0,0
дискваліфікація,0,0,0,0,0,1,0,0,0,0
дискваліфікований,1,0,1,0,0,1,0,1,0,0
дискваліфікувати,0,0,0,0,0,1,0,1,0,0
ігнорування,0,0,0,0,0,1,0,0,0,0
знехтувати,0,0,1,0,0,1,0,0,0,0
поганий,1,0,1,1,0,1,0,0,0,0
погана репутація,0,0,0,0,0,0,0,0,0,0
неповага,1,0,0,0,0,1,0,0,0,0
нешанобливий,1,0,1,1,0,1,0,1,0,0
зрив,1,0,0,1,0,1,0,0,1,0
невдоволення,0,0,0,0,0,1,0,0,0,0
незадоволений,0,0,0,0,0,0,0,0,0,0
препарувати,0,0,0,0,0,0,0,0,0,0
розтин,0,0,1,0,0,0,0,0,0,0
поширювати,0,0,0,0,0,0,1,0,0,0
поширення,0,0,0,0,0,0,0,0,0,0
розбрат,1,0,0,0,0,1,0,0,0,0
інакомислення,0,0,0,0,0,0,0,0,0,0
незгодні,0,0,0,0,0,1,0,0,0,0
дисертація,0,0,0,0,0,0,0,0,0,0
ведмежа послуга,1,0,1,0,0,1,0,1,0,0
дисидент,1,0,0,1,0,1,0,0,0,0
несхожі,0,0,0,0,0,0,0,0,0,0
розвіюватися,0,0,0,0,0,0,0,0,0,0
розсіяний,0,0,0,0,0,0,0,0,0,0
дисоціація,0,0,0,0,0,0,0,0,0,0
розчинення,1,0,0,1,0,1,0,1,1,0
розчинити,0,0,0,0,0,0,0,0,0,0
дисонанс,1,0,0,0,0,1,0,0,0,0
відмовляти,0,0,0,0,0,0,0,0,0,0
дистальний,0,0,0,0,0,0,0,0,0,0
відстань,0,0,0,0,0,0,0,0,0,0
далекий,0,0,0,0,0,0,0,0,0,0
несмак,0,0,1,0,0,1,0,0,0,0
несмачно,0,0,1,0,0,1,0,0,0,0
дистилят,0,0,0,0,0,0,0,0,0,0
дистиляція,0,0,0,0,0,0,1,0,0,0
відзнака,0,0,0,0,0,0,1,0,0,0
відмітний,0,0,0,0,0,0,0,0,0,0
розрізняти,0,0,0,0,0,0,0,0,0,0
помітний,0,0,0,0,0,0,0,0,0,0
відзначився,0,0,0,0,0,0,0,0,0,0
розрізнення,0,0,0,0,0,0,0,0,0,0
спотворений,0,0,1,0,0,1,0,0,0,0
спотворення,0,0,0,0,0,1,0,0,0,0
відволікати,0,0,0,0,0,1,0,0,0,0
відволіктися,1,0,0,0,0,1,0,0,0,0
відволікаючий,1,1,0,0,0,1,0,0,0,0
відволікання,0,0,0,0,0,1,0,0,0,0
збентежений,0,0,0,0,0,1,0,1,0,0
лихо,1,0,1,1,0,1,0,1,1,0
засмучений,0,0,0,1,0,1,0,0,0,0
засмучує,1,0,0,1,0,1,0,0,0,0
поширювати,0,0,0,0,0,0,0,0,0,0
розподіл,0,0,0,0,0,0,0,0,0,0
район,0,0,0,0,0,0,0,0,0,0
недовіра,1,0,1,1,0,1,0,0,0,0
порушення,1,0,0,1,0,1,0,1,1,0
порушений,1,0,0,0,0,1,0,1,0,0
невикористання,0,0,0,0,0,1,0,0,0,0
вийшли з ужитку,1,0,0,0,0,1,0,0,0,0
канава,0,0,0,0,0,0,0,0,0,0
так само,0,0,0,0,0,0,0,0,0,0
частівка,0,0,0,0,1,0,1,0,0,0
добовий,0,0,0,0,0,0,0,0,0,0
диван,0,0,0,0,0,0,0,0,0,1
пірнати,0,0,0,0,0,0,0,0,0,0
водолаз,0,0,0,0,0,0,0,0,0,0
розходяться,0,0,0,0,0,0,0,0,0,0
розходження,0,0,0,0,0,0,0,0,0,0
розбіжний,0,0,0,0,0,1,0,0,1,0
розходяться,0,0,0,0,0,0,0,0,0,0
водолази,0,0,0,0,0,0,0,0,0,0
різноманітні,0,0,0,0,0,1,1,0,0,0
диверсифікований,0,0,0,0,0,0,1,0,0,0
урізноманітнити,0,0,0,0,0,0,0,0,0,0
диверсія,0,0,0,0,0,0,1,0,1,0
різноманітність,0,0,0,0,0,0,0,0,0,0
відволікати,0,0,0,0,0,0,0,0,0,0
відволікання,0,0,0,0,0,0,0,0,0,0
позбутися,0,0,0,0,0,0,0,0,0,0
позбувся,0,0,0,0,0,1,0,0,0,0
відчуження,0,0,0,0,0,1,0,0,0,0
розділяти,0,0,0,0,0,0,0,0,0,0
розділений,0,0,0,0,0,0,0,0,0,0
дивіденд,0,0,0,0,0,0,0,0,0,0
ворожіння,0,1,0,0,0,0,0,0,0,0
божественний,0,0,0,0,0,0,0,0,0,0
божественність,0,0,0,0,0,0,1,0,0,0
подільний,0,0,0,0,0,0,0,0,0,0
поділ,0,0,0,0,0,0,0,0,0,0
дільник,0,0,0,0,0,0,0,0,0,0
розлучення,1,0,1,1,0,1,0,1,1,1
розголошувати,0,0,0,0,0,0,0,0,0,0
запаморочення,0,0,0,0,0,1,0,0,0,0
запаморочення,0,0,0,0,0,1,0,0,0,0
слухняний,0,0,0,0,0,0,0,0,0,0
док,0,0,0,0,0,0,0,0,0,0
пристикований,0,0,0,0,0,1,0,0,0,0
док-станція,0,0,0,0,0,0,0,0,0,0
лікар,0,0,0,0,0,0,1,0,0,1
доктринальний,0,0,0,0,0,0,0,0,0,0
доктрина,0,0,0,0,0,0,0,0,0,1
документ,0,0,0,0,0,0,0,0,0,0
документальний,0,0,0,0,0,0,0,0,0,0
ухилятися,0,0,0,0,0,0,0,0,0,0
ухилення,0,0,0,0,0,0,0,0,0,0
лань,0,0,0,0,0,0,0,0,0,0
виконавець,0,0,0,0,0,0,1,0,0,0
пес,0,0,0,0,0,0,0,0,0,0
упертий,0,0,0,0,0,0,1,0,0,0
догма,0,0,0,0,0,0,0,0,0,1
догматичний,0,0,0,0,0,0,0,0,0,0
справи,0,0,0,0,0,0,0,0,0,0
Зроби це,0,0,0,0,0,1,0,0,0,0
депресія,0,0,0,0,0,1,0,1,0,0
допомога,0,0,0,0,0,1,0,1,0,0
лялька,0,0,0,0,1,0,0,0,0,0
долар,0,0,0,0,0,0,0,0,0,0
dolor,0,0,0,0,0,1,0,1,0,0
дельфін,0,0,0,0,1,0,1,0,1,1
домен,0,0,0,0,0,0,0,0,0,0
купол,0,0,0,0,0,0,0,0,0,0
вітчизняні,0,0,0,0,0,0,0,0,0,0
одомашнені,0,0,0,0,0,0,0,0,0,0
одомашнення,0,0,0,0,0,0,0,0,0,0
місце проживання,0,0,0,0,0,0,0,0,0,0
зареєстрований,0,0,0,0,0,0,0,0,0,0
домінування,0,0,0,0,0,0,0,0,0,0
домінуючий,0,0,0,1,0,1,0,0,0,0
домінувати,1,0,0,1,0,1,1,0,0,0
домінуючий,0,0,0,0,0,0,0,0,0,0
панування,1,0,0,1,0,1,0,1,0,0
панування,0,0,0,1,0,0,0,0,0,1
доміно,0,0,0,0,0,0,0,0,0,0
дон,0,0,0,0,0,0,1,0,0,1
пожертвування,0,0,0,0,0,0,1,0,0,0
осел,0,0,1,0,0,1,0,0,0,0
донор,0,0,0,0,0,0,0,0,0,0
doodle,0,0,0,0,0,1,0,0,0,0
приреченість,0,0,0,1,0,1,0,0,0,0
приречений,0,0,0,1,0,1,0,1,0,0
судний день,1,1,1,1,0,1,0,1,0,0
двері,0,0,0,0,0,0,0,0,0,0
дверний дзвінок,0,0,0,0,0,0,0,0,0,0
дверний отвір,0,0,0,0,0,0,0,0,0,0
сплячий,0,0,0,0,0,0,0,0,0,0
гуртожиток,0,0,0,0,0,0,0,0,0,0
спинний,0,0,0,0,0,0,0,0,0,0
доза,0,0,0,0,0,0,0,0,0,0
крапка,0,0,0,0,0,0,0,0,0,0
подвійний,0,0,0,0,0,0,0,0,0,0
подвоївся,0,0,0,0,0,0,0,0,0,0
дублет,0,0,0,0,0,0,0,0,0,0
подвоєння,0,0,0,0,0,0,0,0,0,0
сумнів,0,0,0,1,0,1,0,1,0,1
сумнівний,0,0,0,0,0,1,0,0,0,0
сумніваючись,0,0,0,0,0,1,0,0,0,0
безсумнівно,0,0,0,0,0,0,1,0,0,1
спринцювання,0,0,0,0,0,1,0,0,0,0
тісто,0,0,0,0,0,0,0,0,0,0
пончик,0,0,0,0,0,0,0,0,0,0
суворий,0,0,0,0,0,1,0,0,0,0
голуб,0,1,0,0,1,0,1,0,0,1
опущений,0,0,0,0,0,0,0,0,0,0
падіння,0,0,0,1,0,1,0,1,0,0
під гору,0,0,0,0,0,0,0,0,0,0
злива,0,0,0,0,0,0,0,0,0,0
відверто,0,0,0,0,0,0,0,0,0,1
пуховий,0,0,0,0,0,0,1,0,0,0
придане,0,0,0,0,0,0,0,0,0,0
дрімати,0,0,0,0,0,0,0,0,0,0
десяток,0,0,0,0,0,0,0,0,0,0
сірий,0,0,0,0,0,1,0,1,0,0
проект,0,1,0,0,0,0,0,0,0,0
перетягнути,0,0,0,0,0,0,0,0,0,0
дракон,0,0,0,1,0,0,0,0,0,0
дренаж,0,0,0,0,0,0,0,0,0,0
водовідведення,0,0,0,0,0,1,0,0,0,0
осушений,0,0,0,0,0,0,0,0,0,0
селезень,0,0,0,0,0,0,0,0,0,0
драма,0,0,0,0,0,0,0,0,0,0
драматичний,0,0,0,0,0,0,0,0,0,0
драпірування,0,0,0,0,0,0,0,0,0,0
драпірування,0,0,0,0,0,0,0,0,0,0
різкий,0,0,0,0,0,0,0,0,0,0
проект,0,0,0,0,0,0,0,0,0,0
малювати,0,0,0,0,0,0,0,0,0,0
недолік,0,0,0,0,0,1,0,0,0,0
ящик,0,0,0,0,0,0,0,0,0,0
ящики,0,0,0,0,0,0,0,0,0,0
малювання,0,0,0,0,0,0,0,0,0,0
страх,0,1,0,1,0,1,0,0,0,0
жахливий,1,1,1,1,0,1,0,1,0,0
жахливо,0,0,1,1,0,1,0,1,1,0
мрія,0,0,0,0,0,0,0,0,0,0
мрійник,0,0,0,0,0,0,0,0,0,0
мріяти,0,0,0,0,0,0,0,0,0,0
мрійливий,0,0,0,0,0,0,0,0,0,0
тужливий,0,0,0,0,0,1,0,1,0,0
земснаряд,0,0,0,0,0,0,0,0,0,0
просочений,0,0,0,0,0,0,0,0,0,0
комод,0,0,0,0,0,0,0,0,0,0
дриблінг,0,0,0,0,0,0,0,0,0,0
сушені,0,0,0,0,0,0,0,0,0,0
сушарка,0,0,0,0,0,0,0,0,0,0
дрейф,0,0,0,0,0,0,0,0,0,0
дрейфував,0,0,0,0,0,0,0,0,0,0
дриль,0,0,0,0,0,0,0,0,0,0
пити,0,0,0,0,0,0,0,0,0,0
пити,0,0,0,0,0,1,0,0,0,0
крапельниця,0,0,0,0,0,0,0,0,0,0
капає,0,0,0,0,0,0,0,0,0,0
нісенітниця,0,0,1,0,0,1,0,0,0,0
водій,0,0,0,0,0,0,0,0,0,0
під'їзд,0,0,0,0,0,0,0,0,0,0
мряка,0,0,0,0,0,0,0,0,0,0
забавний,0,0,0,0,0,0,0,0,0,0
дрон,0,0,0,0,0,1,0,0,0,0
пускати слину,0,0,1,0,0,0,0,0,0,0
звисаючий,0,0,0,0,0,1,0,0,0,0
падіння,0,0,0,0,0,0,0,0,0,0
крапелька,0,0,0,0,0,0,0,0,0,0
посуха,0,0,0,0,0,1,0,0,0,0
їхав,0,0,0,0,0,0,0,0,0,0
потонути,0,0,0,1,0,1,0,1,0,0
сонливість,0,0,0,0,0,1,0,0,0,0
сонливий,0,0,0,0,0,0,0,0,0,0
важка робота,0,0,0,0,0,1,0,0,0,0
ліки,0,0,0,0,0,0,0,0,0,0
наркотичний,0,0,0,0,0,0,0,1,0,0
аптека,0,0,0,0,0,0,0,0,0,0
друїд,0,0,0,0,0,0,0,0,0,0
барабан,0,0,0,0,0,0,0,0,0,0
барабанщик,0,0,0,0,0,0,0,0,0,0
гра на барабанах,0,0,0,0,0,0,0,0,0,0
п'яний,0,0,1,0,0,1,0,0,0,0
пияцтво,0,0,0,0,0,1,0,0,0,0
сухий,0,0,0,0,0,0,0,0,0,0
сухість,0,0,0,0,0,0,0,0,0,0
подвійний,0,0,0,0,0,0,0,0,0,0
дуалізм,0,0,0,0,0,0,0,0,0,0
подвійність,0,0,0,0,0,0,0,0,0,0
дубляж,0,0,0,0,0,0,0,0,0,0
сумнівний,0,0,0,1,0,1,0,0,0,1
качка,0,0,0,0,0,0,0,0,0,0
протока,0,0,0,0,0,0,0,0,0,0
пластичний,0,0,0,0,0,0,0,0,0,0
дурниці,0,0,0,0,0,0,0,0,0,0
через,0,0,0,0,0,0,0,0,0,0
дуель,1,1,0,1,0,0,0,0,0,0
внески,0,0,0,0,0,0,0,0,0,0
дует,0,0,0,0,0,0,1,0,0,0
землянка,0,0,0,0,0,0,0,0,0,0
герцог,0,0,0,0,0,0,1,0,0,0
тупий,0,0,0,0,0,1,0,1,0,0
німий,0,0,0,0,0,1,0,0,0,0
манекен,0,0,0,0,0,1,0,0,0,0
звалище,0,0,0,0,0,0,0,0,0,0
звалища,1,0,0,0,0,1,0,1,0,0
dun,0,0,0,0,0,1,0,0,0,0
дюна,0,0,0,0,0,0,0,0,0,0
гній,0,0,1,0,0,0,0,0,0,0
підземелля,0,0,0,1,0,1,0,0,0,0
дует,0,0,0,0,0,0,0,0,0,0
обдурити,1,0,0,0,0,1,0,0,0,0
дуплекс,0,0,0,0,0,0,0,0,0,0
дублікат,0,0,0,0,0,0,0,0,0,0
дублювання,0,0,0,0,0,0,0,0,0,0
подвійність,1,0,0,0,0,1,0,0,0,0
довговічність,0,0,0,0,0,0,1,0,0,1
міцний,0,0,0,0,0,0,1,0,0,1
тривалість,0,0,0,0,0,0,0,0,0,0
примус,1,0,1,1,0,1,0,1,0,0
сутінки,0,0,0,0,0,0,0,0,0,0
сутінковий,0,0,0,0,0,0,0,0,0,0
пил,0,0,0,0,0,1,0,0,0,0
пиловник,0,0,0,0,0,0,0,0,0,0
запорошений,0,0,0,0,0,0,0,0,0,0
слухняний,0,1,0,0,0,0,1,0,0,1
карлик,0,0,0,0,0,0,0,0,0,0
карликовий,0,0,0,1,0,1,0,1,0,0
зупинятися,0,0,0,0,0,0,0,0,0,0
мешканець,0,0,0,0,0,0,0,0,0,0
житло,0,0,0,0,0,0,0,0,0,0
барвник,0,0,0,0,0,0,0,0,0,0
вмираючий,1,0,1,1,0,1,0,1,0,0
дамба,0,0,0,0,0,0,0,0,0,0
динамічний,0,0,0,0,0,0,0,0,1,0
динамічний,0,0,0,0,0,0,0,0,0,0
динаміка,0,0,0,0,0,0,0,0,0,0
динаміт,0,0,0,0,0,0,0,0,0,0
династія,0,0,0,0,0,0,0,0,0,0
дизентерія,0,0,1,0,0,1,0,1,0,0
диспепсія,0,0,0,0,0,0,0,0,0,0
нетерплячий,0,1,0,0,1,0,1,0,1,1
нетерпіння,0,1,0,0,1,0,1,0,0,1
орел,0,0,0,0,0,0,0,0,0,1
вухо,0,0,0,0,0,0,0,0,0,0
граф,0,0,0,0,0,0,1,0,0,0
раніше,0,0,0,0,0,0,0,0,0,0
рано,0,0,0,0,0,0,0,0,0,0
заробити,0,0,0,0,0,0,1,0,0,0
серйозно,0,0,0,0,0,0,1,0,0,0
щиро,0,0,0,0,0,0,1,0,0,0
серйозність,0,0,0,0,0,0,1,0,0,0
заробіток,0,0,0,0,0,0,0,0,0,0
сережка,0,0,0,0,0,0,0,0,0,0
чутність,0,0,0,0,0,0,0,0,0,0
землі,0,0,0,0,0,0,0,0,0,0
глиняний посуд,0,0,0,0,0,0,0,0,0,0
земний,0,0,0,0,0,0,0,0,0,0
землетрус,1,0,0,1,0,1,0,1,1,0
земляний,0,0,0,0,0,0,0,0,0,0
легкість,0,0,0,0,0,0,1,0,0,0
мольберт,0,0,0,0,0,0,0,0,0,0
сервітут,0,0,0,0,0,0,1,0,0,0
легко,0,0,0,0,0,0,0,0,0,0
легко,0,0,0,0,0,0,0,0,0,0
легкий,0,0,0,0,0,0,1,0,0,0
їсти,0,0,0,0,0,0,1,0,0,0
прийом їжі,0,0,0,0,0,0,0,0,0,0
підслуховування,0,0,0,0,0,1,0,0,0,0
відплив,0,0,0,0,0,0,0,0,0,0
чорне дерево,0,0,0,0,0,0,0,0,0,0
ексцентричний,0,0,0,0,0,0,0,0,0,0
ексцентриситет,0,0,0,0,0,0,0,0,0,0
церковний,0,0,0,0,0,0,0,0,0,0
луна,0,0,0,0,0,0,0,0,0,0
еклектичний,0,0,0,0,0,0,0,0,0,0
затемнення,0,0,0,0,0,0,0,0,0,0
екліптика,0,0,0,0,0,0,0,0,0,0
економічний,0,0,0,0,0,0,0,0,0,0
економіка,0,0,0,0,0,0,0,0,0,0
економіка,0,0,0,0,0,0,0,0,0,1
екстаз,0,1,0,0,1,0,1,0,0,0
екстатичний,0,1,0,0,1,0,1,0,1,0
екуменічний,0,0,0,0,0,0,0,0,0,0
вихровий,0,0,0,0,0,0,0,0,0,0
краю,0,0,0,0,0,0,0,0,0,0
окантовка,0,0,0,0,0,0,0,0,0,0
їстівні,0,0,0,0,0,0,0,0,0,0
указ,0,0,0,1,0,1,0,0,0,0
повчання,0,1,0,0,1,0,1,0,0,1
будівля,0,0,0,0,0,0,0,0,0,0
редагувати,0,0,0,0,0,0,0,0,0,0
видання,0,1,0,0,0,0,0,0,0,0
редактор,0,0,0,0,0,0,0,0,0,0
редакційна,0,0,0,0,0,0,0,0,0,0
виховувати,0,0,0,0,0,0,1,0,0,0
освічений,0,0,0,0,0,0,1,0,0,0
освіти,0,0,0,0,0,0,0,0,0,0
навчальний,0,0,0,0,0,0,1,0,0,1
вугор,0,0,0,1,0,0,0,0,0,0
ефект,0,0,0,0,0,0,0,0,0,0
ефективний,0,0,0,0,0,0,1,0,0,1
ефекти,0,0,0,0,0,0,0,0,0,0
ефективний,0,0,0,0,0,0,0,0,0,0
ефективно,0,0,0,0,0,0,0,0,0,0
здійснювати,0,0,0,0,0,0,0,0,0,0
жінкоподібний,0,0,0,0,0,1,0,0,0,0
ефективний,0,0,0,0,0,0,0,0,0,0
ефективність,0,0,0,0,0,0,1,0,0,0
ефективність,0,0,0,0,0,0,1,0,0,0
ефективний,0,1,0,0,0,0,1,0,0,1
опудало,1,0,0,0,0,0,0,0,0,0
зусилля,0,0,0,0,0,0,1,0,0,0
випіт,0,0,0,0,0,0,0,0,0,0
яйце,0,0,0,0,0,0,0,0,0,0
его,0,0,0,0,0,0,0,0,0,0
егоїстичний,0,0,1,0,0,1,0,0,0,0
кричущий,1,0,1,0,0,1,0,0,0,0
вихід,0,0,0,0,0,0,0,0,0,0
восьме,0,0,0,0,0,0,0,0,0,0
вісімдесят,0,0,0,0,0,0,0,0,0,0
еякулят,0,0,0,0,0,0,0,0,0,0
еякуляція,0,1,0,0,1,0,1,0,1,1
викинути,0,0,0,0,0,1,0,0,0,0
викид,0,0,0,0,0,1,0,0,0,0
розробити,0,0,0,0,0,0,0,0,0,0
розробка,0,0,0,0,0,0,1,0,0,0
стрімкість,0,0,0,0,0,0,0,0,0,0
пройти,0,0,0,0,0,0,0,0,0,0
минув,0,0,0,0,0,0,0,0,0,0
еластичний,0,0,0,0,0,0,0,0,0,0
еластичність,0,0,0,0,0,0,0,0,0,0
піднесений,0,0,0,0,1,0,1,0,0,0
лікоть,1,0,0,0,0,0,0,0,0,0
ельд,0,0,0,0,0,0,0,0,0,0
старійшина,0,0,0,0,0,0,1,0,0,1
старости,0,0,0,0,0,0,1,0,0,1
найстарший,0,0,0,0,0,0,0,0,0,0
обраний,0,0,0,0,0,0,1,0,0,1
вибори,0,0,0,0,0,0,0,0,0,0
виборець,0,0,0,0,0,0,0,0,0,0
електорат,0,0,0,0,0,0,0,0,0,1
електричний,0,0,0,0,1,0,1,0,1,0
електрика,0,0,0,0,0,0,1,0,0,0
елегантність,0,1,0,0,1,0,1,0,0,1
елегантний,0,0,0,0,1,0,1,0,0,0
елемент,0,0,0,0,0,0,0,0,0,0
елементарний,0,0,0,0,0,0,0,0,0,0
елементів,0,0,0,0,0,0,0,0,0,0
слон,0,0,0,0,0,0,0,0,0,0
підняти,0,0,0,0,0,0,0,0,0,0
висота,0,1,0,1,1,0,1,0,0,1
ліфт,0,0,0,0,0,0,0,0,0,0
одинадцять,0,0,0,0,0,0,0,0,0,0
одинадцятий,0,0,0,0,0,0,0,0,0,0
ельф,1,0,1,1,0,0,0,0,0,0
виявляти,0,0,0,0,0,0,0,0,0,0
має право,0,0,0,0,0,0,1,0,0,0
усунення,1,0,1,1,0,1,0,1,0,0
еліта,0,1,0,0,1,0,1,0,0,1
лось,0,0,0,0,0,0,0,0,0,0
ell,0,0,0,0,0,0,0,0,0,0
еліпс,0,0,0,0,0,0,0,0,0,0
еліпсис,0,0,0,0,0,0,0,0,0,0
еліпсоїд,0,0,0,0,0,0,0,0,0,0
еліптичний,0,0,0,0,0,0,0,0,0,0
еліптичний,0,0,0,0,0,0,0,0,0,0
видовжуватись,0,0,0,0,0,0,0,0,0,0
подовження,0,0,0,0,0,0,0,0,0,0
красномовство,0,0,0,0,0,0,1,0,0,0
красномовний,0,0,0,0,0,0,1,0,0,0
з'ясувати,0,0,0,0,0,0,1,0,0,1
з'ясування,0,0,0,0,0,0,0,0,0,0
вислизати,0,0,0,0,0,0,0,0,0,0
невловимий,0,0,0,0,0,1,0,0,1,0
виснажений,0,0,0,1,0,1,0,1,0,0
виходити,0,0,0,0,0,0,0,0,0,0
емансипація,0,1,0,0,1,0,1,0,0,0
набережна,0,0,0,0,0,0,0,0,0,0
ембарго,0,0,0,0,0,1,0,0,0,0
рушати на борт,0,0,0,0,0,0,0,0,0,0
збентежити,0,0,0,0,0,1,0,1,0,0
соромно,0,0,0,0,0,1,0,0,0,0
збентеження,0,0,0,1,0,1,0,1,1,0
посольство,0,0,0,0,0,0,0,0,0,0
вбудовувати,0,0,0,0,0,0,0,0,0,0
прикрашати,0,0,0,0,0,0,0,0,0,0
прикрашання,0,0,0,0,0,0,0,0,0,0
вугілля,0,0,0,0,0,0,0,0,0,0
розкрадання,0,0,0,0,0,1,0,0,0,0
емблема,0,0,0,0,0,0,0,0,0,0
емблематичний,0,0,0,0,0,0,0,0,0,0
втілення,0,0,0,0,0,0,0,0,0,0
емболія,0,0,0,1,0,1,0,1,0,0
рельєфний,0,0,0,0,0,0,0,0,0,0
обійняти,0,1,0,0,1,0,1,0,1,1
вишиті,0,0,0,0,0,0,0,0,0,0
вишивка,0,0,0,0,0,0,0,0,0,0
заплутаний,0,0,0,0,0,1,0,0,0,0
ембріон,0,0,0,0,0,0,0,0,0,0
ембріональний,0,0,0,0,0,0,0,0,0,0
смарагдовий,0,0,0,0,0,0,0,0,0,0
виникати,0,0,0,0,0,0,0,0,0,0
поява,0,0,0,0,0,0,0,0,0,0
надзвичайна ситуація,0,0,0,1,0,1,0,1,1,0
почесний,0,0,0,0,0,0,1,0,0,0
емігрувати,0,0,0,0,0,0,0,0,0,0
еміграція,0,0,0,0,0,0,0,0,0,0
високість,0,0,0,0,0,0,1,0,0,1
видатний,0,0,0,0,0,0,1,0,0,0
надзвичайно,0,0,0,0,0,0,1,0,0,0
емір,0,0,0,0,0,0,1,0,0,0
емісія,0,0,0,0,0,0,0,0,0,0
випромінювати,0,0,0,0,0,0,0,0,0,0
емоція,0,0,0,0,0,0,0,0,0,0
емоційний,0,0,0,0,0,0,0,0,0,0
емоційний,0,0,0,0,0,0,0,0,0,0
емпатія,0,0,0,0,0,0,1,0,0,0
імператор,0,0,0,0,0,0,0,0,0,0
наголос,0,0,0,0,0,0,0,0,0,0
підкреслити,0,0,0,0,0,0,0,0,0,1
емфатичний,0,0,0,0,0,0,0,0,0,0
імперії,0,0,0,0,0,0,0,0,0,0
емпіричний,0,0,0,0,0,0,0,0,0,0
емпіризм,0,0,0,0,0,0,0,0,0,0
найняти,0,0,0,0,0,0,0,0,0,1
роботодавець,0,0,0,0,0,0,0,0,0,0
працевлаштування,0,0,0,0,0,0,0,0,0,0
емпоріум,0,0,0,0,0,0,0,0,0,0
розширити можливості,0,0,0,0,0,0,1,0,0,0
імператриця,0,0,0,0,0,0,0,0,0,0
порожнеча,0,0,0,0,0,0,0,1,0,0
випорожнення,0,0,0,0,0,0,0,0,0,0
порожній,0,0,0,0,0,0,0,0,0,0
наслідувати,0,0,0,0,0,0,1,0,0,0
емульсія,0,0,0,0,0,0,0,0,0,0
включити,0,0,0,0,0,0,1,0,0,1
увімкнення,0,0,0,0,0,0,1,0,0,1
постановити,0,0,0,0,0,0,0,0,0,0
введення в дію,0,0,0,0,0,0,0,0,0,0
емаль,0,0,0,0,0,0,0,0,0,0
табір,0,0,0,0,0,0,0,0,0,0
зачарувати,0,1,0,0,1,0,1,0,1,0
зачарований,0,0,0,0,1,0,1,0,0,1
чарівний,0,1,0,0,1,0,1,0,0,0
зачарування,0,0,0,0,0,0,0,0,0,0
оточити,0,0,0,0,0,0,0,0,0,0
оточуючи,0,0,0,0,0,0,0,0,0,0
анклав,0,0,0,0,0,1,0,0,0,0
вкладати,0,0,0,0,0,0,0,0,0,0
кодувати,0,0,0,0,0,0,0,0,0,0
охоплювати,0,0,0,0,0,0,0,0,0,0
біс,0,0,0,0,0,0,1,0,0,0
зустріч,0,0,0,0,0,0,0,0,0,0
заохочувати,0,0,0,0,1,0,1,0,0,1
заохочення,0,0,0,0,0,0,1,0,0,0
зазіхати,0,0,0,0,0,0,0,0,0,0
посягання,0,0,0,1,0,1,0,0,0,0
зашифрувати,0,0,0,0,0,0,0,0,0,0
обтяження,1,0,0,1,0,1,0,1,0,0
енциклопедія,0,0,0,0,0,0,1,0,0,1
кінець,0,0,0,0,0,0,0,0,0,0
небезпека,0,1,0,1,0,1,0,0,0,0
під загрозою зникнення,0,0,0,1,0,1,0,0,0,0
намагатися,0,1,0,0,0,0,1,0,0,0
закінчився,0,0,0,0,0,0,0,0,0,0
ендемічний,0,0,1,1,0,1,0,1,0,0
закінчення,0,0,0,0,0,0,0,0,0,0
нескінченний,1,0,0,1,1,1,1,1,0,1
ендокардит,0,0,0,1,0,0,0,1,0,0
індосамент,0,0,0,0,0,0,0,0,0,0
наділяти,0,0,0,0,0,0,1,0,0,1
наділений,0,0,0,0,0,0,1,0,0,0
ендаумент,0,0,0,0,0,0,1,0,0,1
форзаці,0,0,0,0,0,0,0,0,0,0
кінцева точка,0,0,0,0,0,0,0,0,0,0
витривалість,0,0,0,0,0,0,1,0,0,0
терпіти,0,0,0,0,0,0,1,0,0,0
клізма,0,0,1,0,0,0,0,0,0,0
ворог,1,0,1,1,0,1,0,0,0,0
енергійний,0,0,0,0,0,0,1,0,0,0
енергії,0,0,0,0,0,0,0,0,0,0
примушувати,1,0,0,1,0,1,1,0,0,0
виконання,0,0,0,0,0,1,0,0,0,0
займатися,0,0,0,0,0,0,0,0,0,0
займається,0,1,0,0,1,0,1,0,0,1
залучення,0,0,0,0,0,0,0,0,0,0
залучення,0,0,0,0,1,0,1,0,0,1
породжувати,0,0,0,0,0,0,0,0,0,0
двигун,0,0,0,0,0,0,0,0,0,0
інженер,0,0,0,0,0,0,0,0,0,0
інженерія,0,0,0,0,0,0,0,0,0,0
гравірувати,0,0,0,0,0,0,0,0,0,0
вигравіруваний,0,0,0,0,0,0,0,0,0,0
гравер,0,0,0,0,0,0,0,0,0,0
гравіювання,0,0,0,0,0,0,0,0,0,0
захоплений,0,0,0,0,0,0,0,0,0,0
захоплюючий,0,0,0,0,0,0,0,0,0,0
поглинати,0,1,0,0,0,0,0,0,0,0
покращити,0,0,0,0,0,0,1,0,0,0
загадка,0,0,0,0,0,0,0,0,0,0
загадковий,0,0,0,1,0,1,0,0,0,0
наказувати,0,0,0,0,0,0,0,0,0,0
насолоджуватися,0,1,0,0,1,0,1,0,0,1
насолоджуючись,0,1,0,0,1,0,1,0,0,1
збільшений,0,0,0,0,0,0,0,0,0,0
розширення,0,0,0,0,0,0,0,0,0,0
просвітити,0,0,0,0,1,0,1,0,0,1
просвітництво,0,0,0,0,1,0,1,0,0,1
залучати,0,0,0,0,0,0,0,0,0,0
оживити,0,0,0,0,1,0,1,0,1,1
ворожнечу,1,0,0,1,0,1,0,1,0,0
величезність,0,0,0,0,0,0,0,0,0,0
величезний,0,0,0,0,0,0,0,0,0,0
надзвичайно,0,0,0,0,0,0,0,0,0,0
збагачувати,0,0,0,0,0,0,1,0,0,0
зарахувати,0,1,0,0,0,0,0,0,0,1
ансамбль,0,0,0,0,0,0,1,0,0,1
прапорщик,0,0,0,0,0,0,1,0,0,0
поневолювати,0,0,0,0,0,1,0,0,0,0
поневолений,1,0,1,1,0,1,0,1,0,0
поневолення,0,0,0,0,0,1,0,0,0,0
випливають,0,0,0,0,0,0,0,0,0,0
забезпечити,0,0,0,0,0,0,0,0,0,0
тягне за собою,0,0,0,0,0,0,0,0,0,0
заплутаний,1,0,1,1,0,1,0,1,0,0
заплутаність,0,0,0,0,0,1,0,0,0,0
введіть,0,0,0,0,0,0,0,0,0,0
підприємства,0,0,0,0,0,0,0,0,0,0
заповзятливий,0,0,0,0,0,0,1,0,0,0
розважати,0,0,0,0,1,0,1,0,0,0
розважали,0,0,0,0,1,0,1,0,0,0
розважальний,0,1,0,0,1,0,1,0,0,0
розваги,0,1,0,0,1,0,1,0,1,1
ентузіазм,0,1,0,0,1,0,1,0,1,0
ентузіаст,0,1,0,0,1,0,1,0,1,0
заманювати,0,0,0,0,0,0,0,0,0,0
цілий,0,0,0,0,0,0,0,0,0,0
повнота,0,0,0,0,0,0,0,0,0,0
право,0,0,0,0,0,0,0,0,0,0
сутність,0,0,0,0,0,0,0,0,0,0
ентомологія,0,0,0,0,0,0,0,0,0,0
нутрощі,0,0,1,0,0,1,0,0,0,0
вхід,0,0,0,0,0,0,0,0,0,0
благати,0,0,0,0,0,0,0,0,0,0
основне блюдо,0,0,0,0,0,0,0,0,0,0
підприємець,0,0,0,0,0,0,0,0,0,0
доручати,0,0,0,0,0,0,0,0,0,1
запис,0,0,0,0,0,0,0,0,0,0
перелічувати,0,0,0,0,0,0,0,0,0,0
перерахування,0,0,0,0,0,0,0,0,0,0
конверт,0,0,0,0,0,0,0,0,0,0
заздрісні,0,0,0,0,0,1,0,0,0,0
навколишнє середовище,0,0,0,0,0,0,1,0,0,0
навколишнє середовище,0,0,0,0,0,0,0,0,0,0
оточення,0,0,0,0,0,0,0,0,0,0
передбачити,0,0,0,0,0,0,0,0,0,0
посланець,0,0,0,0,0,0,0,0,0,0
ефемерний,0,0,0,0,0,0,0,0,0,0
ефемериди,0,0,0,0,0,0,1,0,0,0
епос,0,0,0,0,0,0,1,0,0,0
епідемія,1,1,1,1,0,1,0,1,1,0
епідерміс,0,0,0,0,0,0,0,0,0,0
епілепсія,0,0,0,0,0,1,0,0,0,0
епілог,0,0,0,0,0,0,0,0,0,0
єпископський,0,0,0,0,0,0,0,0,0,1
епізод,0,0,0,0,0,0,0,0,0,0
епізодичні,0,0,0,0,0,0,0,0,0,0
послання,0,0,0,0,0,0,0,0,0,0
епітафія,0,0,0,0,0,0,0,1,0,0
епітет,0,0,0,0,0,0,0,0,0,0
втілення,0,0,0,0,0,0,1,0,0,0
епоха,0,0,0,0,0,0,0,0,0,0
рівні,0,0,0,0,0,0,0,0,0,0
рівність,0,0,0,0,1,0,1,0,0,1
вирівнювання,0,0,0,0,0,0,0,0,0,0
зрівняти,0,0,0,0,0,0,0,0,0,0
порівну,0,0,0,0,0,0,1,0,0,0
прирівняти,0,0,0,0,0,0,0,0,0,0
рівняння,0,0,0,0,0,0,0,0,0,0
екватор,0,0,0,0,0,0,0,0,0,0
екваторіальний,0,0,0,0,0,0,0,0,0,0
кінний спорт,0,0,0,0,0,0,0,0,0,0
рівновіддалені,0,0,0,0,0,0,0,0,0,0
врівноваження,0,0,0,0,0,0,0,0,0,0
рівновагу,0,0,0,0,0,0,1,0,0,0
обладнати,0,0,0,0,0,0,0,0,0,0
обладнання,0,0,0,0,0,0,0,0,0,0
справедливий,0,0,0,0,0,0,0,0,0,0
власний капітал,0,0,0,0,0,0,1,0,0,0
еквівалентність,0,0,0,0,0,0,0,0,0,0
еквівалент,0,0,0,0,0,0,0,0,0,0
двозначний,0,0,0,0,0,0,0,0,0,0
ера,0,0,0,0,0,0,0,0,0,0
викорінювати,1,0,0,0,0,1,0,0,0,0
викорінення,1,0,1,1,0,1,0,0,0,0
стерти,0,0,0,1,0,1,0,0,0,0
стирання,0,0,0,0,0,0,0,0,0,0
ere,0,0,0,0,0,0,0,0,0,0
прямостоячий,0,0,0,0,0,0,0,0,0,0
зведення,0,0,0,0,0,0,0,0,0,0
ergo,0,0,0,0,0,0,0,0,0,0
роз’їдати,0,0,0,0,0,0,0,0,0,0
ерозія,0,0,0,0,0,1,0,0,0,0
еротичний,0,1,0,0,1,1,1,0,1,1
помилка,0,0,0,0,0,1,0,0,0,0
доручення,0,1,0,0,0,0,1,0,0,1
блудний,0,0,0,0,0,1,0,0,0,0
непостійний,0,0,0,0,0,1,0,0,1,0
помилка,0,0,0,0,0,1,0,0,0,0
помилковий,0,0,0,0,0,1,0,0,0,0
помилка,0,0,0,0,0,1,0,1,0,0
перше,0,0,0,0,0,0,0,0,0,0
ерудований,0,0,0,0,0,0,1,0,0,0
вивергатися,1,0,0,0,0,1,0,0,1,0
виверження,1,0,0,1,0,1,0,0,1,0
ескалада,0,0,0,0,0,0,0,0,0,0
ескалувати,1,0,0,0,0,1,0,0,0,0
ескалатор,0,0,0,0,0,0,0,0,0,0
Втеча,0,1,0,1,0,1,1,0,0,0
втік,0,0,0,1,0,0,0,0,0,0
укіс,0,0,0,0,0,0,0,0,0,0
уникати,1,0,0,0,0,1,0,1,0,0
супровід,0,0,0,0,0,0,0,0,0,1
езотерика,0,0,0,0,0,0,0,0,0,0
особливий,0,0,0,0,0,0,0,0,0,0
шпигунство,0,0,0,0,0,1,0,0,0,0
подружжя,0,0,0,0,0,0,0,0,0,0
esprit,0,0,0,0,0,0,1,0,0,0
есе,0,0,0,0,0,0,0,0,0,0
есеїст,0,0,0,0,0,0,0,0,0,0
сутність,0,0,0,0,0,0,0,0,0,0
істотний,0,0,0,0,0,0,1,0,0,0
по суті,0,0,0,0,0,0,0,0,0,0
встановити,0,0,0,0,0,0,0,0,0,1
встановлено,0,0,0,0,1,0,1,0,0,0
заклад,0,0,0,0,0,0,0,0,0,0
маєток,0,0,0,0,0,0,0,0,0,0
повага,0,0,0,0,1,0,1,1,0,1
естетичний,0,0,0,0,0,0,1,0,0,0
кошторис,0,0,0,0,0,0,0,0,0,0
оцінка,0,0,0,0,0,0,0,0,0,0
estoppel,0,0,0,0,0,0,0,0,0,0
відчужений,0,0,0,0,0,1,0,0,0,0
естроген,0,0,0,0,0,0,0,0,0,0
лиман,0,0,0,0,0,0,0,0,0,0
травлення,0,0,0,0,0,0,0,0,0,0
травлення,0,0,0,0,0,0,0,0,0,0
вічний,0,0,0,0,0,0,0,0,0,0
вічність,0,0,0,0,0,0,0,0,0,0
етанол,0,0,0,0,0,0,0,0,0,0
ефіру,0,0,0,0,0,0,0,0,0,0
етеровий,0,0,0,1,0,0,0,0,0,0
етичний,0,0,0,0,0,0,1,0,0,0
етика,0,0,0,0,0,0,1,0,0,0
етнографія,0,0,0,0,0,0,0,0,0,0
етіологія,0,0,0,0,0,0,0,0,0,0
етикет,0,0,0,0,0,0,0,0,0,0
етимологія,0,0,0,0,0,0,0,0,0,0
euchre,0,0,0,0,0,0,0,0,0,0
євгеніка,0,0,0,0,0,0,0,0,0,0
панегірик,0,0,0,0,0,0,0,0,0,0
евфемізм,0,0,0,0,0,0,0,0,0,0
евтаназія,0,0,0,1,0,1,0,1,0,0
евакуююся,0,0,0,1,0,1,0,0,0,0
евакуація,0,0,0,0,0,1,0,0,0,0
ухилятися,1,0,1,1,0,1,0,0,0,0
оцінити,0,0,0,0,0,0,0,0,0,0
швидкоплинність,0,0,0,0,0,0,0,1,1,0
євангельський,0,0,0,0,0,0,0,0,0,0
євангеліст,0,0,0,0,0,0,0,0,0,0
євангелізаційний,0,0,0,0,0,0,0,0,0,0
випаровування,0,0,0,0,0,0,0,0,0,0
ухилення,0,0,0,1,0,1,0,1,0,0
переддень,0,0,0,0,0,0,0,0,0,0
вечір,0,0,0,0,0,0,0,0,0,0
подія,0,0,0,0,0,0,0,0,0,0
насичений подіями,0,0,0,0,0,0,0,0,0,0
можливий,0,1,0,0,0,0,0,0,0,0
можливість,0,1,0,1,0,0,0,0,0,0
вічнозелений,0,0,0,0,1,0,1,0,0,1
вічний,0,0,0,0,0,0,1,0,0,0
завжди,0,0,0,0,0,0,0,0,0,0
щодня,0,0,0,0,0,0,0,0,0,0
виселяти,0,0,0,0,0,1,0,1,0,0
виселення,1,0,1,1,0,1,0,1,0,0
докази,0,0,0,0,0,0,0,0,0,0
очевидний,0,0,0,0,0,0,1,0,0,1
зло,1,0,1,1,0,1,0,1,0,0
викликати,0,0,0,0,0,0,0,0,0,0
еволюція,0,0,0,0,0,0,1,0,0,0
розвиватися,0,0,0,0,0,0,0,0,0,0
вівця,0,0,0,0,0,0,0,0,0,0
загострювати,0,0,0,0,0,1,0,0,0,0
загострення,1,0,0,1,0,1,0,0,0,0
вимогливий,0,0,0,0,0,1,0,0,0,0
перебільшувати,1,0,0,0,0,1,0,0,0,0
перебільшений,0,0,0,0,0,1,0,0,0,0
перебільшення,0,0,0,0,0,0,0,0,0,0
підносити,0,1,0,0,1,0,1,0,0,1
екзальтація,0,0,0,0,1,0,1,0,0,1
піднесений,0,0,0,0,1,0,1,0,0,1
екзамен,0,0,0,0,0,0,0,0,0,0
обстеження,0,0,0,1,0,1,0,0,1,0
оглядати,0,0,0,0,0,0,0,0,0,0
екзаменатор,0,0,0,0,0,0,0,0,0,0
роздратування,1,0,1,0,0,1,0,0,0,0
розкопувати,0,0,0,0,0,0,0,0,0,0
розкопки,0,1,0,0,0,1,0,0,1,0
екскаватор,0,0,0,0,0,0,0,0,0,0
перевищувати,0,1,0,0,1,0,1,0,0,0
перевищення,0,0,0,0,0,0,0,0,0,0
Excel,0,1,0,0,1,0,1,0,1,1
досконалість,0,0,1,0,1,0,1,0,0,1
відмінно,0,0,0,0,1,0,1,0,0,1
за винятком,0,0,0,0,0,0,0,0,0,0
виняток,0,0,0,0,0,0,0,0,0,0
уривок,0,0,0,0,0,0,0,0,0,0
надлишок,0,0,0,0,0,1,0,0,0,0
надмірна,0,0,0,0,0,0,0,0,0,0
надмірно,0,0,0,0,0,0,0,0,0,0
обмін,0,0,0,0,0,0,1,0,0,1
акцизний,0,0,0,0,0,1,0,0,0,0
висічення,0,0,0,0,0,0,0,0,0,0
збудливість,0,0,0,0,0,0,0,0,0,0
збудливий,0,0,0,0,0,0,1,0,0,0
збудження,1,1,0,1,1,0,1,0,1,0
збуджувати,1,1,0,1,1,0,1,0,1,0
схвильований,0,1,0,0,1,0,1,0,1,1
хвилювання,0,1,0,0,1,0,1,0,1,0
захоплюючий,0,1,0,0,1,0,1,0,1,0
вигукнути,0,0,0,0,0,0,0,0,1,0
виключено,0,0,1,0,0,1,0,1,0,0
виключаючи,0,0,0,0,0,1,0,1,0,0
виключення,0,0,1,1,0,1,0,1,0,0
екскременти,0,0,1,0,0,1,0,0,0,0
виділення,0,0,1,0,0,0,0,0,0,0
нестерпний,0,0,0,1,0,1,0,0,0,0
екскурсія,0,0,0,0,0,0,0,0,0,0
вибачте,0,0,0,0,0,1,0,0,0,0
виконувати,0,0,0,0,0,0,0,0,0,0
виконання,1,0,0,1,0,1,0,1,0,1
кат,1,0,0,1,0,1,0,1,0,0
виконавчий,0,0,0,0,0,0,0,0,0,0
виконавець,0,0,0,0,0,0,0,0,0,1
екзегеза,0,0,0,0,0,0,0,0,0,0
екземпляр,0,0,0,0,0,0,0,0,0,0
зразковий,0,0,0,0,0,0,1,0,0,0
служити прикладом,0,0,0,0,0,0,0,0,0,0
звільнений,0,0,0,0,0,0,0,0,0,0
звільнення,0,0,0,0,0,0,1,0,0,0
вправи,0,0,0,0,0,0,0,0,0,0
докладати зусиль,0,0,0,0,0,0,0,0,0,0
напруга,0,0,0,0,0,0,0,0,0,0
видихнути,0,0,0,0,0,0,0,0,0,0
вихлоп,0,0,0,0,0,1,0,0,0,0
виснажений,0,0,0,0,0,1,0,1,0,0
виснаження,0,1,0,0,0,1,0,1,0,0
вичерпний,0,0,0,0,0,0,0,0,0,1
експонат,0,0,0,0,0,0,0,0,0,0
виставка,0,0,0,0,0,0,0,0,0,0
збудження,0,0,0,0,1,0,1,0,1,0
закликати,0,0,0,0,0,0,1,0,0,0
умовляння,0,0,0,0,0,0,1,0,0,0
вимогливий,0,1,1,1,0,1,0,0,1,0
вигнання,1,0,0,1,0,1,0,1,0,0
існують,0,0,0,0,0,0,0,0,0,0
існування,0,0,0,0,0,0,1,0,0,0
існуючий,0,0,0,0,0,0,0,0,0,0
існуючі,0,0,0,0,0,0,0,0,0,0
вихід,0,0,0,0,0,0,0,0,0,0
вихід,0,0,0,0,0,0,0,0,0,0
непомірний,0,0,0,0,0,0,0,0,0,0
екзорцизм,0,0,0,1,0,1,0,1,0,0
екзорцист,0,0,0,0,0,0,0,0,0,0
екзотичний,0,0,0,0,0,0,1,0,0,0
розширити,0,0,0,0,0,0,0,0,0,0
розширено,0,0,0,0,0,0,0,0,0,0
роздолля,0,0,0,0,0,0,0,0,0,0
розширення,0,0,0,0,0,0,0,0,0,0
експансивний,0,0,0,0,0,0,0,0,0,0
експатріант,0,0,0,0,0,1,0,0,0,0
очікувати,0,1,0,0,0,0,1,0,1,1
тривалість,0,1,0,0,0,0,0,0,0,0
вичікувальний,0,1,0,0,0,0,0,0,0,0
очікування,0,1,0,0,0,0,1,0,0,0
очікуваний,0,1,0,0,0,0,0,0,0,0
очікуючи,0,1,0,0,0,0,0,0,0,0
доцільність,0,0,0,0,0,0,0,0,0,0
доцільний,0,0,0,0,1,0,1,0,0,1
прискорити,0,0,0,0,0,0,0,0,0,0
експедиція,0,1,0,0,0,0,1,0,0,0
оперативний,0,0,0,0,0,0,0,0,0,0
виганяти,1,0,1,1,0,1,0,1,0,0
витрати,0,0,0,0,0,1,0,0,0,0
витрати,0,0,0,0,0,0,0,0,0,0
витрати,0,0,0,0,0,1,0,0,0,0
дорогий,0,0,0,0,0,0,0,0,0,0
досвід,0,0,0,0,0,0,0,0,0,0
досвідчений,0,0,0,0,0,0,1,0,0,1
досвід,0,0,0,0,0,0,0,0,0,0
експеримент,0,1,0,0,0,0,0,0,1,0
експериментальний,0,0,0,0,0,0,0,0,0,0
експериментатор,0,0,0,0,0,0,0,0,0,0
експерт,0,0,0,0,0,0,1,0,0,1
експертиза,0,0,0,0,0,0,1,0,0,1
закінчення терміну дії,0,0,0,0,0,0,0,0,0,0
закінчується,0,0,0,0,0,1,0,1,0,0
закінчився,0,0,0,0,0,1,0,0,0,0
термін дії,0,0,0,0,0,0,0,0,0,0
пояснити,0,0,0,0,0,0,1,0,0,1
пояснення,0,0,0,0,0,0,0,0,0,0
пояснювальний,0,0,0,0,0,0,0,0,0,0
лайка,1,0,0,0,0,1,0,0,0,0
пояснення,0,0,0,0,0,0,0,0,0,0
вибухнути,1,0,0,1,0,1,0,1,1,0
експлуатувати,0,0,0,0,0,0,0,0,0,0
досліджувати,0,1,0,0,0,0,0,0,0,0
провідник,0,0,0,0,0,0,0,0,0,0
вибух,0,0,0,1,0,1,0,0,1,0
вибуховий,1,1,0,1,0,1,0,0,1,0
експонента,0,0,0,0,0,0,0,0,0,0
експоненціальний,0,0,0,0,0,0,0,0,0,0
експорт,0,0,0,0,0,0,0,0,0,0
експорт,0,0,0,0,0,0,0,0,0,0
викрити,0,1,0,1,0,0,0,0,0,0
піддається,0,0,0,0,0,1,0,0,0,0
експозиція,0,0,0,0,0,0,0,0,0,0
експозиційний,0,0,0,0,0,0,0,0,0,0
контакт,0,0,0,0,0,0,0,0,0,0
викласти,0,0,0,0,0,0,0,0,0,0
експрес,0,0,0,0,0,0,0,0,0,0
вираз,0,0,0,0,0,0,0,0,0,0
виразний,0,0,0,0,0,0,0,0,0,0
експропріація,0,0,0,0,0,1,0,0,0,0
вигнання,1,0,1,1,0,1,0,1,0,0
вишуканий,0,0,0,0,1,0,1,0,0,0
вишукано,0,0,0,0,0,0,1,0,0,0
збережені,0,0,0,0,0,0,0,0,0,0
розширити,0,0,0,0,0,0,1,0,0,0
розширюється,0,0,0,0,0,0,0,0,0,0
розширений,0,0,0,0,0,0,0,0,0,0
розширення,0,0,0,0,0,0,0,0,0,0
екстенсивний,0,0,0,0,0,0,1,0,0,0
ступінь,0,0,0,0,0,0,0,0,0,0
зовнішній вигляд,0,0,0,0,0,0,0,0,0,0
винищити,0,0,0,1,0,1,0,1,0,0
винищення,1,0,0,1,0,1,0,0,0,0
зовнішній,0,0,0,0,0,0,0,0,0,0
зовні,0,0,0,0,0,0,0,0,0,0
вимерлий,0,0,0,0,0,1,0,1,0,0
гасити,1,0,0,0,0,1,0,0,0,0
додатковий,0,0,0,0,0,0,1,0,0,0
екстракт,0,0,0,0,0,0,0,0,0,0
добування,0,0,0,0,0,0,0,0,0,0
видобуток,0,0,0,0,0,0,0,0,0,0
екстрактор,0,0,0,0,0,0,0,0,0,0
екстрадиція,0,0,0,0,0,0,0,0,0,0
позасудовий,0,0,0,1,0,1,0,0,0,0
заочні,0,0,0,0,0,0,0,0,0,0
сторонні,0,0,0,0,0,0,0,0,0,0
надзвичайний,0,0,0,0,0,0,1,0,0,0
феєрія,0,0,0,0,0,0,0,0,0,0
екстремальний,0,0,0,0,0,0,0,0,0,0
надзвичайно,0,0,0,0,0,0,0,0,0,0
кінцівка,0,0,0,0,0,1,0,0,0,0
витягти,0,1,0,0,0,0,1,0,0,0
зовнішній,0,0,0,0,0,0,0,0,0,0
екструзія,0,0,0,0,0,0,0,0,0,0
буйство,0,0,0,0,1,0,1,0,0,0
виділятися,0,0,0,0,0,0,0,0,0,0
око,0,0,0,0,0,0,0,0,0,0
окуляр,0,0,0,0,0,0,0,0,0,0
вушко,0,0,0,0,0,0,0,0,0,0
окуляр,0,0,0,0,0,0,0,0,0,0
зір,0,0,0,0,0,0,0,0,0,0
очевидець,0,0,0,0,0,0,0,0,0,1
байка,0,0,0,0,0,0,0,0,0,0
тканина,0,0,0,0,0,0,0,0,0,0
вигадувати,0,0,0,0,0,1,0,0,0,0
сфабриковані,0,0,0,0,0,0,0,0,0,0
виготовлення,0,0,0,0,0,1,0,0,0,1
фасад,0,0,0,0,0,0,0,0,0,0
обличчя,0,0,0,0,0,0,0,0,0,0
грань,0,0,0,0,0,0,0,0,0,0
легкий,0,0,0,0,0,0,0,0,0,0
сприяти,0,0,0,0,0,0,1,0,0,0
об'єкт,0,0,0,0,0,0,0,0,0,0
облицювання,0,0,0,0,0,0,0,0,0,0
факсиміле,0,0,0,0,0,0,0,0,0,0
факт,0,0,0,0,0,0,0,0,0,1
фракція,0,0,0,0,0,0,0,0,0,0
фактор,0,0,0,0,0,0,0,0,0,0
фабрика,0,0,0,0,0,0,0,0,0,0
факти,0,0,0,0,0,0,1,0,0,1
факультетів,0,0,0,0,0,0,0,0,0,0
факультету,0,0,0,0,0,0,1,0,0,1
примха,0,0,0,0,0,0,0,0,0,0
зникають,0,0,0,0,0,1,0,0,0,0
вицвілий,0,0,0,0,0,0,0,0,0,0
фекалії,0,0,1,0,0,1,0,0,0,0
невдача,1,1,0,1,0,1,0,1,0,0
невдача,0,0,1,1,0,1,0,1,0,0
файн,0,1,0,0,1,0,1,0,0,1
непритомність,0,0,0,1,0,1,0,1,1,0
ярмарок,0,0,0,0,0,0,1,0,0,0
справедливо,0,0,0,0,0,0,1,0,0,1
фарватер,0,0,0,0,0,0,0,0,0,0
фея,0,0,0,0,0,0,0,0,0,0
віра,0,1,0,0,1,0,1,0,0,1
вірний,0,0,0,0,0,0,1,0,0,1
невірний,0,0,0,0,0,1,0,1,0,0
підробка,0,0,0,0,0,1,0,0,0,0
падіння,0,0,0,0,0,1,0,1,0,0
помилковий,1,0,0,0,0,1,0,0,0,0
омана,0,0,0,0,0,1,0,0,0,0
помилковий,0,0,0,0,0,1,0,0,0,0
падіння,0,0,0,0,0,1,0,1,0,0
перелоги,0,0,0,0,0,1,0,0,0,0
брехня,1,0,0,0,0,1,0,0,0,1
помилково,0,0,0,0,0,1,0,0,0,0
фальсифікація,1,0,0,0,0,1,0,0,0,0
фальсифікований,0,0,0,0,0,0,0,0,0,0
фальсифікувати,0,0,1,0,0,1,0,0,0,0
фальшивість,0,0,1,0,0,1,0,0,0,0
хитатися,0,0,0,1,0,1,0,0,0,0
слава,0,0,0,0,0,0,1,0,0,0
знаменитий,0,0,0,0,0,0,0,0,0,0
знайомий,0,0,0,0,0,0,1,0,0,1
знайомство,0,1,0,0,1,0,1,0,0,1
ознайомитися,0,0,0,0,0,0,0,0,0,0
голод,0,0,0,0,0,1,0,1,0,0
відомий,0,0,0,0,0,0,1,0,0,0
знаменито,0,0,0,0,0,0,1,0,0,0
вентилятор,0,0,0,0,0,0,0,0,0,0
фанатик,0,0,0,0,0,1,0,0,0,0
фанатизм,0,0,0,1,0,0,0,0,0,0
химерний,0,0,0,0,0,0,0,0,0,0
уява,0,1,0,0,1,0,1,0,0,0
фанданго,0,0,0,0,0,0,0,0,0,0
фанфари,0,1,0,0,1,0,1,0,1,0
ікло,0,0,0,1,0,0,0,0,0,0
ікла,0,0,0,1,0,0,0,0,0,0
обмахування віялом,0,0,0,0,0,0,0,0,0,0
фантазія,0,0,0,0,0,0,0,0,0,0
фантазія,0,0,0,0,0,0,0,0,0,0
фарс,0,0,0,0,0,1,0,0,0,0
фарсовий,0,0,1,0,0,1,0,0,0,0
вартість проїзду,0,0,0,0,0,0,0,0,0,0
прощання,0,0,0,0,0,0,0,0,0,0
ферма,0,1,0,0,0,0,0,0,0,0
фермер,0,0,0,0,0,0,0,0,0,0
фермерський будинок,0,0,0,0,0,0,0,0,0,0
землеробство,0,0,0,0,0,0,0,0,0,0
Фаро,0,0,0,0,0,0,0,0,0,0
далі,0,0,0,0,0,0,0,0,0,0
фасція,0,0,0,0,0,0,0,0,0,0
захоплюючий,0,0,0,0,0,0,1,0,0,0
захоплення,0,0,0,0,0,0,1,0,0,0
мода,0,0,0,0,0,0,0,0,0,0
модно,0,0,0,0,0,0,1,0,0,0
закріпити,0,0,0,0,0,0,0,0,0,0
застібка,0,0,0,0,0,0,0,0,0,0
кріплення,0,0,0,0,0,0,0,0,0,0
голодування,0,0,0,0,0,1,0,1,0,0
жиру,0,0,1,0,0,1,0,1,0,0
смертельна,1,0,0,1,0,1,0,1,0,0
летальний результат,0,0,0,1,0,1,0,1,0,0
доля,0,1,0,0,0,1,0,0,0,0
судилося,0,0,0,0,0,0,0,0,0,0
батько,0,0,0,0,0,0,0,0,0,1
сажень,0,0,0,0,0,0,0,0,0,0
втома,0,0,0,0,0,1,0,0,0,0
втомлений,0,0,0,0,0,1,0,1,0,0
жирний,0,0,1,0,0,1,0,1,0,0
несправність,0,0,0,0,0,1,0,1,0,0
бездоганний,0,0,0,0,0,0,1,0,0,1
несправний,0,0,0,0,0,1,0,0,0,0
тваринний світ,0,0,0,0,0,0,0,0,0,0
користь,0,0,0,0,0,0,0,0,0,0
сприятливий,0,1,0,0,1,0,1,0,1,1
улюблений,0,0,0,0,1,0,1,0,0,1
фаворитизм,0,0,0,0,0,0,1,0,0,0
оленячий,0,0,0,0,0,1,0,0,0,0
страх,1,0,0,1,0,1,0,0,0,0
страшний,0,0,0,1,0,1,0,1,0,0
боязко,0,0,0,1,0,1,0,1,1,0
побоюючись,0,0,0,1,0,1,0,0,0,0
безстрашний,0,0,0,1,0,0,1,0,0,0
здійсненність,0,0,0,0,0,0,0,0,0,0
можливо,0,0,0,0,0,0,0,0,0,0
feat,0,1,0,0,1,0,1,0,1,0
перо,0,0,0,0,0,0,0,0,0,0
функція,0,0,0,0,0,0,1,0,0,0
особливості,0,0,0,0,0,0,0,0,0,0
гарячковий,0,0,0,0,0,1,0,0,0,0
фекальний,0,0,1,0,0,1,0,0,0,0
фекалії,0,0,1,0,0,1,0,0,0,0
плодючість,0,0,0,0,0,0,0,0,0,0
федеральний,0,0,0,0,0,0,0,0,0,0
федерації,0,0,0,0,0,0,0,0,0,0
гонорар,1,0,0,0,0,1,0,0,0,0
слабкий,0,0,0,0,0,1,0,1,0,0
годувати,0,0,0,0,0,0,0,0,0,0
годівниця,0,0,0,0,0,0,0,0,0,0
відчувати,0,0,0,0,0,0,0,0,0,0
почуття,1,1,1,1,1,1,1,1,1,1
ноги,0,0,0,0,0,0,0,0,0,0
удаваний,0,0,0,0,0,1,0,0,0,0
щастя,0,0,0,0,1,0,1,0,0,0
котячий,0,0,0,0,0,0,0,0,0,0
впав,0,0,0,0,0,1,0,1,0,0
товариш,0,0,0,0,0,0,1,0,0,1
товариство,0,0,0,0,0,0,1,0,0,0
злочинець,0,0,0,1,0,1,0,0,0,0
тяжкий злочин,0,0,0,0,0,1,0,0,0,0
фетр,0,0,0,0,0,0,0,0,0,0
жіночий,0,0,0,0,0,0,0,0,0,0
жіночність,0,0,0,0,0,0,0,0,0,0
фен,0,0,0,0,0,0,0,0,0,0
паркан,0,0,0,0,0,0,0,0,0,0
огороджений,1,0,0,0,0,0,0,0,0,0
боротися,0,0,0,0,0,0,0,0,0,0
крило,0,0,0,0,0,0,0,0,0,1
фенхель,0,0,0,0,0,0,0,0,0,0
бродити,0,1,0,0,0,1,0,0,0,0
бродіння,0,1,0,0,0,0,0,0,0,0
папороть,0,0,0,0,0,0,0,0,0,0
лютий,1,0,1,1,0,1,0,0,0,0
лютість,1,0,0,0,0,1,0,0,0,0
паром,0,0,0,0,0,0,0,0,0,0
родючі,0,0,0,0,0,0,1,0,0,0
удобрювати,0,0,0,0,0,0,0,0,0,0
палкий,0,0,0,0,0,0,0,0,0,0
запал,1,0,0,0,1,0,1,0,0,0
фестиваль,0,1,0,0,1,0,1,0,1,0
святковий,0,0,0,0,1,0,1,0,0,0
принести,0,0,0,0,0,0,0,0,0,0
свято,0,1,0,0,1,0,1,0,1,0
фетиш,0,0,0,0,0,0,0,0,0,0
ворожнеча,1,0,0,0,0,1,0,0,0,0
феодальний,0,0,0,0,0,1,0,0,0,0
феодалізм,1,0,0,0,0,1,0,1,0,0
лихоманка,0,0,0,1,0,0,0,0,0,0
гарячковий,0,0,0,0,0,1,0,0,0,0
наречена,0,0,0,0,0,0,0,0,0,0
фіаско,0,0,0,0,0,1,0,0,0,0
fiat,0,0,0,0,0,0,0,0,0,0
фіб,1,0,0,0,0,1,0,0,0,0
клітковина,0,0,0,0,0,0,0,0,0,0
фіброзний,0,0,0,0,0,0,0,0,0,0
мінливий,0,0,0,0,0,1,0,0,0,0
художня література,0,0,0,0,0,0,0,0,0,0
фіктивний,0,0,0,0,0,1,0,0,0,0
скрипка,0,0,0,0,0,0,0,0,0,0
скрипаль,0,0,0,0,0,0,0,0,0,0
вірність,0,0,0,0,1,0,1,0,0,1
фідуціарний,0,0,0,0,0,0,0,0,0,0
поле,0,0,0,0,0,0,0,0,0,0
нечисть,1,0,1,1,0,1,0,0,0,0
лютий,1,0,1,1,0,1,0,0,0,0
фієста,0,1,0,0,1,0,1,0,1,1
боротися,1,0,0,1,0,1,0,0,0,0
боєць,0,0,0,0,0,0,0,0,0,0
бойові дії,1,0,0,0,0,1,0,0,0,0
вигадка,0,0,0,0,0,0,0,0,0,0
образний,0,0,0,0,0,0,0,0,0,0
фігура,0,0,0,0,0,0,0,0,0,0
статуетка,0,0,0,0,0,0,0,0,0,0
нитка розжарення,0,0,0,0,0,0,0,0,0,0
ниткоподібні,0,0,0,0,0,0,0,0,0,0
файл,0,0,0,0,0,0,0,0,0,0
флібустьєр,0,0,0,0,0,1,0,0,0,0
філігрань,0,0,0,0,0,0,0,0,0,0
подача,0,0,0,0,0,0,0,0,0,0
опилки,0,0,0,0,0,0,0,0,0,0
заповнити,0,0,0,0,0,0,0,0,0,1
філе,0,0,0,0,0,0,0,0,0,0
начинка,0,0,0,0,0,0,0,0,0,0
кобилка,0,0,0,0,0,0,0,0,0,0
фільм,0,0,0,0,0,0,0,0,0,0
плівковий,0,0,0,0,0,0,0,0,0,0
фільтр,0,0,0,0,0,0,0,0,0,0
бруд,0,0,1,0,0,1,0,0,0,0
брудний,0,0,1,0,0,1,0,0,0,0
фін,0,0,0,0,0,0,0,0,0,0
остаточний,0,0,0,0,0,0,0,0,0,0
фінал,0,0,0,0,0,0,0,0,0,0
остаточність,0,0,0,0,0,0,0,0,0,0
нарешті,0,1,1,0,1,0,1,0,1,1
фінанси,0,0,0,0,0,0,0,0,0,0
фінансовий,0,0,0,0,0,0,0,0,0,0
фінансист,0,0,0,0,0,0,0,0,0,0
зяблик,0,0,0,0,0,0,0,0,0,0
знайти,0,0,0,0,0,0,0,0,0,0
знахідка,0,0,0,0,0,0,0,0,0,0
наряди,0,0,0,0,0,0,1,0,0,0
тонкість,0,0,0,0,0,0,1,0,0,0
палець,0,0,0,0,0,0,0,0,0,0
відбиток пальця,0,0,0,0,0,0,0,0,0,0
закінчити,0,0,0,0,0,0,0,0,0,0
кінцевий,0,0,0,0,0,0,0,0,0,0
фінк,0,0,0,0,0,0,0,0,0,0
вогонь,0,0,0,1,0,0,0,0,0,0
вогнепальна зброя,1,0,0,1,0,1,0,0,0,0
вогненна куля,0,0,0,0,0,0,1,0,0,0
світлячок,0,0,0,0,0,0,0,0,0,0
пожежний,0,0,0,0,0,0,0,0,0,1
камін,0,0,0,0,0,0,0,0,0,0
пожежобезпечний,0,0,0,0,0,0,1,0,0,0
біля каміна,0,0,0,0,0,0,0,0,0,0
дрова,0,0,0,0,0,0,0,0,0,0
феєрверк,0,0,0,0,0,0,0,0,0,0
стрільба,0,0,0,0,0,0,0,0,0,0
фірма,0,0,0,0,0,0,0,0,0,0
твердь,0,0,0,0,0,0,0,0,0,0
твердо,0,0,0,0,0,0,0,0,0,0
твердість,0,0,0,0,0,0,1,0,0,1
первісток,0,1,0,0,1,0,1,0,0,1
фіскальний,0,0,0,0,0,0,0,0,0,0
риба,0,0,0,0,0,0,0,0,0,0
рибалка,0,0,0,0,0,0,0,0,0,0
рибальство,0,0,0,0,0,0,0,0,0,0
риболовля,0,0,0,0,0,0,0,0,0,0
рибний,0,0,0,0,0,0,0,0,0,0
розщеплюваний,0,0,0,0,0,0,0,0,0,0
розщеплення,0,0,0,0,0,0,0,0,0,0
тріщина,0,0,0,0,0,0,0,0,0,0
кулак,0,0,0,0,0,0,0,0,0,0
нориця,0,0,0,0,0,0,0,0,0,0
фітнес,0,0,0,0,0,0,0,0,0,0
підходить,1,0,0,0,0,1,0,0,0,0
встановлений,0,0,0,0,0,0,0,0,0,0
примірка,0,1,0,0,1,0,1,0,0,1
арматура,0,0,0,0,0,0,0,0,0,0
виправити,0,0,0,0,0,0,0,0,0,0
фіксація,0,0,0,0,0,0,0,0,0,0
фіксований,0,0,0,0,0,0,0,0,0,1
кріплення,0,0,0,0,0,0,1,0,0,0
світильники,0,0,0,0,0,0,0,0,0,0
шипіти,0,0,0,0,0,0,0,0,0,0
в'ялий,0,0,1,0,0,1,0,0,0,0
млявий,0,0,0,0,0,1,0,1,0,0
позначення,0,0,0,0,0,1,0,0,0,0
кричущий,1,0,1,0,0,1,0,0,0,0
флагман,0,0,0,0,0,0,0,0,0,1
пластівці,0,0,0,0,0,1,0,0,0,0
лускатий,0,0,0,0,0,0,0,0,0,0
полум'я,0,0,0,0,0,0,0,0,0,0
палаючий,0,0,0,0,0,0,0,0,0,0
фланець,0,0,0,0,0,0,0,0,0,1
фланг,0,0,0,0,0,0,0,0,0,0
фланкований,0,0,0,0,0,0,0,0,0,0
фланговий,0,0,0,0,0,0,0,0,0,0
фланель,0,0,0,0,0,0,0,0,0,0
клапоть,0,0,0,0,0,1,0,0,0,0
плескання,0,0,0,0,0,0,0,0,0,0
відблиск,0,0,0,0,0,0,0,0,0,0
спалахування,0,0,0,0,0,0,0,0,0,0
спалах,0,0,0,0,0,0,0,0,0,0
спогад,0,0,0,0,0,0,0,0,0,0
блимає,0,0,0,0,0,0,0,0,0,0
ліхтарик,0,0,0,0,0,0,0,0,0,0
кричущий,0,0,0,0,0,0,0,0,0,0
колба,0,0,0,0,0,0,0,0,0,0
плоский,0,0,0,0,0,0,0,0,0,0
площинність,0,0,0,0,0,0,0,0,0,0
розплющити,0,0,0,0,0,0,0,0,0,0
улесливий,0,0,0,0,1,0,1,0,0,0
лестощі,0,0,0,0,0,0,0,0,0,0
метеоризм,0,0,1,0,0,1,0,0,0,0
хизуватися,0,0,0,0,0,1,0,0,0,0
аромат,0,0,0,0,0,0,0,0,0,0
недолік,0,0,0,0,0,1,0,1,0,0
блоха,0,0,1,0,0,1,0,0,0,0
втік,0,0,0,1,0,0,0,0,0,0
тікати,0,0,0,1,0,1,0,0,0,0
фліс,1,0,1,0,0,1,0,1,0,0
флот,0,0,0,0,0,0,1,0,0,0
швидкоплинний,0,0,0,0,0,0,0,0,0,0
плоть,0,0,1,0,0,0,0,0,0,0
м'ясистий,0,0,0,0,0,1,0,0,0,0
flex,0,0,0,0,0,0,0,0,0,0
гнучкість,0,0,0,0,0,0,1,0,0,0
гнучкий,0,0,0,0,0,0,0,0,0,0
згинання,0,0,0,0,0,0,0,0,0,0
мерехтіння,0,0,0,0,0,0,0,0,0,0
мерехтіння,0,0,0,0,0,0,0,0,0,0
листівка,0,0,0,0,0,0,0,0,0,0
політ,0,0,0,0,0,0,0,0,0,0
здригатися,0,1,1,1,0,1,0,1,1,0
кидати,0,0,0,0,0,0,0,0,0,0
кремінь,0,0,0,0,0,0,0,0,0,0
ласти,0,0,0,0,0,0,0,0,0,0
фліртувати,0,1,0,0,1,1,1,0,1,1
флірт,0,0,0,0,0,0,0,0,0,0
плавати,0,0,0,0,0,0,0,0,0,0
зграя,0,0,0,0,0,0,0,0,0,0
пороти,1,0,1,1,0,1,0,1,0,0
повінь,0,0,0,1,0,0,0,0,0,0
поверх,0,0,0,0,0,0,0,0,0,0
флоп,0,0,1,0,0,1,0,1,0,0
флора,0,0,0,0,0,0,0,0,0,0
квітковий,0,0,0,0,0,0,1,0,0,0
флорист,0,0,0,0,0,0,0,0,0,0
зубна нитка,0,0,0,0,0,0,0,0,0,0
камбала,0,0,0,1,0,1,0,1,0,0
борошно,0,0,0,0,0,0,0,0,0,0
потік,0,0,0,0,0,0,1,0,0,0
цвітіння,0,0,0,0,0,0,0,0,0,0
квітчастий,0,0,0,0,0,0,1,0,0,0
грип,0,0,0,1,0,1,0,0,0,0
коливатися,0,0,0,0,0,0,0,0,0,0
коливання,0,0,0,0,0,0,0,0,0,0
коливання,1,0,0,1,0,1,0,0,0,0
димохід,0,0,0,0,0,0,0,0,0,0
плавність,0,0,0,0,0,0,0,0,0,0
пух,0,0,0,0,0,0,0,0,0,0
пухнастий,0,0,0,0,0,0,0,0,0,0
рідина,0,0,0,0,0,0,0,0,0,0
плинність,0,0,0,0,0,0,0,0,0,0
випадкова випадковість,0,0,0,0,0,0,0,0,1,0
флуоресценція,0,0,0,0,0,0,0,0,0,0
люмінесцентний,0,0,0,0,0,0,0,0,0,0
шквал,0,0,0,0,0,0,0,0,0,0
промити,0,0,0,0,0,0,1,0,0,0
схвильований,0,0,0,0,0,0,0,0,0,0
флейта,0,0,0,0,0,0,0,0,0,0
рифлені,0,0,0,0,0,0,0,0,0,0
річковий,0,0,0,0,0,0,0,0,0,0
потік,0,0,0,0,0,0,0,0,0,0
літати,0,0,0,0,0,0,0,0,0,0
листівка,0,0,0,0,0,0,0,0,0,0
політ,0,0,0,1,0,0,1,0,0,0
маховик,0,0,0,0,0,0,0,0,0,0
лоша,0,0,0,0,0,0,0,0,0,0
піна,0,0,0,0,0,0,0,0,0,0
піноутворення,0,0,0,0,0,0,0,0,0,0
пінистий,0,0,0,0,0,0,0,0,0,0
фоб,0,0,0,0,0,0,0,0,0,0
осередковий,0,0,0,0,0,0,0,0,0,0
фокус,0,0,0,0,0,0,1,0,0,0
кормовий,0,0,0,0,0,0,0,0,0,0
ворог,1,0,0,1,0,1,0,0,0,0
туман,0,0,0,0,0,0,0,0,0,0
туманний,0,0,0,0,0,0,0,0,0,0
фольга,0,0,0,0,0,0,0,0,0,0
фольгований,0,0,0,0,0,1,0,0,0,0
складка,0,0,0,0,0,0,0,0,0,0
складені,0,0,0,0,0,0,0,0,0,0
листя,0,0,0,0,0,0,0,0,0,0
фоліо,0,0,0,0,0,0,0,0,0,0
народний,0,0,0,0,0,0,0,0,0,0
фольклор,0,0,0,0,0,0,0,0,0,0
фолікул,0,0,0,0,0,0,0,0,0,0
фолікулярний,0,0,0,0,0,0,0,0,0,0
слідувати,0,0,0,0,0,0,0,0,0,0
послідовник,0,0,0,0,0,0,0,0,0,1
дурість,0,0,0,0,0,1,0,0,0,0
пестощі,0,0,0,0,0,0,0,0,0,0
прихильність,0,0,0,0,1,0,1,0,0,0
шрифт,0,0,0,0,0,0,0,0,0,0
харчування,0,0,0,0,1,0,1,0,0,1
дурень,0,0,1,0,0,1,0,0,0,0
дурити,0,0,0,0,0,0,0,0,0,0
дурний,0,0,0,0,0,1,0,0,0,0
дурість,0,0,0,0,0,1,0,0,0,0
стопа,0,0,0,0,0,0,0,0,0,0
футбол,0,1,0,0,1,0,1,0,0,0
пішохідний міст,0,0,0,0,0,0,0,0,0,0
опора,0,0,0,0,0,0,0,0,0,1
пішохідна доріжка,0,0,0,0,0,0,0,0,0,0
слід,0,0,0,0,0,0,0,0,0,0
фоп,0,0,0,0,0,0,0,0,0,0
корми,0,0,0,0,0,1,0,0,0,0
набіг,1,0,0,0,0,1,0,0,0,0
терпимість,0,0,0,0,0,0,1,0,0,0
забороняти,0,0,0,0,0,1,0,1,0,0
забороняючий,1,0,0,1,0,1,0,0,0,0
сила,1,0,0,1,0,1,0,0,0,0
вимушений,0,0,0,1,0,1,0,0,0,0
щипці,0,0,0,0,0,0,0,0,0,0
примусово,1,0,0,1,0,1,0,0,0,0
брід,0,0,0,0,0,0,0,0,0,0
передній,0,0,0,0,0,0,1,0,0,0
передпліччя,1,1,0,0,0,0,0,0,0,0
передчуття,0,1,0,1,0,1,0,0,0,0
прогноз,0,1,0,0,0,0,0,0,0,1
синоптик,0,0,0,0,0,0,0,0,0,0
викупити,0,0,0,1,0,1,0,1,0,0
прабатьки,0,0,0,0,1,0,1,0,0,1
вказівний палець,0,0,0,0,0,0,0,0,0,0
відмовитися,0,0,0,0,0,1,0,0,0,0
вищезазначене,0,0,0,0,0,0,1,0,0,0
пропущений,0,0,0,0,0,0,0,0,0,0
передній план,0,0,0,0,0,0,0,0,0,0
лоб,0,0,0,0,0,0,0,0,0,0
іноземні,0,0,0,0,0,1,0,0,0,0
іноземець,0,0,0,1,0,1,0,0,0,0
бригадир,0,0,0,0,0,0,1,0,0,0
криміналістичний,0,0,0,0,0,0,0,0,0,0
предтеча,0,0,0,0,0,0,1,0,0,0
передбачити,0,1,0,0,0,0,1,0,1,1
передбачено,0,1,0,0,0,0,1,0,0,0
передбачення,0,1,0,0,0,0,1,0,0,1
ліс,0,0,0,0,0,0,0,0,0,0
передбачуваність,0,0,0,0,0,0,0,0,0,0
попереджений,0,1,0,1,0,1,0,0,0,0
передмова,0,0,0,0,0,0,0,0,0,0
неустойка,1,0,0,0,0,1,0,1,0,0
конфісковано,0,0,0,0,0,1,0,0,0,0
конфіскація,0,0,0,1,0,1,0,1,0,0
кузня,0,0,0,0,0,0,1,0,0,0
підробка,0,0,0,0,0,1,0,0,0,0
забути,0,0,0,0,0,1,0,0,0,0
забудькуватий,0,0,0,0,0,0,0,0,0,0
забудькуватість,0,0,0,0,0,0,0,0,0,0
пробачити,0,0,0,0,0,0,1,0,0,0
прощено,0,0,0,0,0,0,1,0,0,0
прощаючий,0,0,0,0,0,0,1,0,0,1
забутий,0,0,0,1,0,1,0,1,0,0
вилка,0,0,0,0,0,0,0,0,0,0
роздвоєний,0,0,0,0,0,0,0,0,0,0
розгалуження,0,0,0,0,0,0,0,0,0,0
занедбаний,0,0,0,0,0,1,0,1,0,0
форму,0,0,0,0,0,0,0,0,0,0
формалізм,0,0,0,0,0,0,0,0,0,0
формальність,0,0,0,0,0,0,0,0,0,1
формування,0,0,0,0,0,0,0,0,0,0
формувальний,0,0,0,0,0,0,1,0,0,1
формується,0,0,0,0,0,0,0,0,0,0
грізний,0,0,0,1,0,0,0,0,0,0
формування,0,1,0,0,0,0,0,0,0,0
безформний,0,0,0,0,0,1,0,0,0,0
формула,0,0,0,0,0,0,1,0,0,1
формуляр,0,0,0,0,0,0,0,0,0,0
сформулювати,0,0,0,0,0,0,0,0,0,0
блуд,0,0,0,0,0,1,0,0,0,0
покинути,0,0,0,0,0,1,0,1,0,0
покинутий,1,0,0,0,0,1,0,1,0,0
напередодні,0,0,0,0,0,0,0,0,0,0
форт,0,0,0,0,0,0,0,0,0,1
форте,0,0,0,0,0,0,1,0,0,0
майбутній,0,0,0,0,0,0,1,0,0,0
негайно,0,0,0,0,0,0,0,0,0,0
укріплення,0,0,0,0,0,0,0,0,0,0
зміцнювати,0,0,0,0,0,0,1,0,0,0
стійкість духу,0,0,0,0,1,0,1,0,0,1
раз на два тижні,0,0,0,0,0,0,0,0,0,0
фортеця,0,0,0,1,0,0,1,1,0,1
випадковий,0,0,0,0,0,0,0,0,0,0
пощастило,0,0,0,0,0,0,1,0,0,0
доля,0,1,0,0,1,0,1,0,1,1
сорок,0,0,0,0,0,0,0,0,0,0
форум,0,0,0,0,0,0,0,0,0,0
вперед,0,0,0,0,0,0,1,0,0,0
викопний,0,0,0,0,0,0,0,0,0,0
скам'янілості,0,0,0,0,0,0,0,0,0,0
фол,1,0,1,1,0,1,0,0,0,0
знайдено,0,0,0,0,1,0,1,0,0,1
основа,0,0,0,0,0,0,1,0,0,0
засновник,0,0,0,0,0,0,0,0,0,0
ливарний цех,0,0,0,0,0,0,0,0,0,0
фонтан,0,0,0,0,0,0,0,0,0,0
чотириразовий,0,0,0,0,0,0,0,0,0,0
четвертий,0,0,0,0,0,0,0,0,0,0
птиця,0,0,0,0,0,0,0,0,0,0
лисиця,0,0,0,0,0,0,0,0,0,0
лисиця,0,0,0,0,0,0,0,0,0,0
дріб,0,0,0,0,0,0,0,0,0,0
дробовий,0,0,0,0,0,0,0,0,0,0
перелом,0,0,0,0,0,1,0,0,0,0
крихкий,0,0,0,1,0,1,0,1,0,0
крихкість,0,0,0,0,0,0,0,0,0,0
фрагмент,0,0,0,0,0,0,0,0,0,0
фрагментарний,0,0,0,0,0,0,0,0,0,0
аромат,0,0,0,0,0,0,0,0,0,0
ароматний,0,0,0,0,0,0,1,0,0,0
слабкість,0,0,0,0,0,1,0,1,0,0
рамка,0,0,0,0,0,0,0,0,0,1
франшиза,0,0,0,0,0,0,0,0,0,0
відвертий,0,0,0,0,0,0,1,0,0,1
відвертість,0,0,0,0,0,0,1,0,0,1
шалений,0,1,1,1,0,1,0,0,1,0
братський,0,0,0,0,1,0,1,0,0,1
братство,0,0,0,0,0,0,0,0,0,0
шахрайство,1,0,0,0,0,1,0,0,0,0
шахрайський,1,0,1,0,0,1,0,0,0,0
загрожує,0,0,0,1,0,1,0,1,0,0
битися,0,0,0,0,0,1,0,0,0,0
потертий,0,0,0,0,0,1,0,1,0,0
виродок,0,0,0,0,0,0,0,0,0,0
химерний,0,0,1,1,0,1,0,0,1,0
свобода,0,0,0,0,1,0,1,0,0,1
вільне володіння,0,0,0,0,0,0,0,0,0,0
позаштатний,0,0,0,0,0,0,0,0,0,0
вільно,0,0,0,0,1,0,1,0,0,1
автострада,0,0,0,0,0,0,0,0,0,0
замерзнути,0,0,0,0,0,0,0,0,0,0
морозильна камера,0,0,0,0,0,0,0,0,0,0
замороження,0,0,0,0,0,1,0,0,0,0
вантажні перевезення,0,0,0,0,0,0,0,0,0,0
шалений,1,0,0,1,0,1,0,0,1,0
шалений,1,0,0,1,0,1,0,0,0,0
божевілля,0,0,0,0,0,1,0,0,0,0
частота,0,0,0,0,0,0,0,0,0,0
частий,0,0,0,0,0,0,0,0,0,0
часто,0,0,0,0,0,0,0,0,0,0
фреска,0,0,0,0,0,0,0,0,0,0
першокурсник,0,0,0,0,0,0,0,0,0,0
нервувати,0,0,0,1,0,1,0,0,0,0
тертя,1,0,0,0,0,0,0,0,0,0
друг,0,0,0,0,1,0,1,0,0,1
дружелюбність,0,0,0,0,1,0,1,0,0,1
дружній,0,1,0,0,1,0,1,0,0,1
дружба,0,0,0,0,1,0,1,0,0,1
фрегат,0,0,0,1,0,0,0,0,0,0
переляк,0,0,0,1,0,1,0,0,1,0
налякати,0,0,0,1,0,1,0,1,1,0
наляканий,0,0,0,1,0,1,0,0,1,0
страшний,1,0,0,1,0,1,0,1,0,0
фригідний,0,0,0,0,0,1,0,0,0,0
бахрома,0,0,0,0,0,0,0,0,0,0
бахромчастий,0,0,0,0,0,0,0,0,0,0
жвавий,0,1,0,0,1,0,1,0,1,0
легковажний,0,0,0,0,0,1,0,0,0,0
сукня,0,0,0,0,0,0,0,0,0,0
жаба,0,0,0,0,0,0,0,0,0,0
пустувати,0,0,0,0,1,0,1,0,0,0
спереду,0,0,0,0,0,0,0,0,0,0
фасад,0,0,0,0,0,0,0,0,0,0
фронтальний,0,0,0,0,0,0,0,0,0,0
кордон,0,0,0,0,0,0,0,0,0,0
фасадний,0,0,0,0,0,0,0,0,0,0
фронтиспис,0,0,0,0,0,0,0,0,0,0
мороз,0,0,0,0,0,0,0,0,0,0
обмороження,0,0,0,0,0,1,0,0,0,0
матовий,0,0,0,0,0,0,0,0,0,0
морозний,0,0,0,0,0,0,0,0,0,0
піна,0,0,0,0,0,1,0,0,0,0
пінистий,0,0,0,0,0,0,0,0,0,0
нахмуритися,0,0,0,0,0,1,0,1,0,0
насупившись,1,0,1,0,0,1,0,1,0,0
заморожені,0,0,0,0,0,0,0,0,0,0
економний,0,0,0,0,0,0,1,0,0,0
фрукти,0,0,0,0,0,0,0,0,0,0
плідний,0,0,0,0,0,0,1,0,0,0
плодоношення,0,0,0,0,0,0,0,0,0,0
безплідний,0,0,0,0,0,1,0,1,0,0
розчарувати,1,0,1,0,0,1,0,1,0,0
розчарований,1,0,0,0,0,1,0,0,0,0
розчарування,1,0,0,0,0,1,0,0,0,0
смажити,0,0,0,0,0,0,0,0,0,0
помадка,0,0,0,0,0,1,0,0,0,0
пальне,0,0,0,0,0,0,0,0,0,0
втікач,1,0,1,1,0,1,0,1,0,1
точка опори,0,0,0,0,0,0,0,0,0,0
виконувати,0,0,0,0,1,0,1,0,0,0
виконання,0,1,0,0,1,0,1,0,0,1
повний,0,0,0,0,0,0,1,0,0,0
повнота,0,0,0,0,0,0,0,0,0,0
повністю,0,0,0,0,0,0,1,0,0,1
намацати,0,0,0,0,0,1,0,0,0,0
дим,0,0,0,0,0,1,0,0,0,0
фумігація,0,0,0,0,0,0,0,0,0,0
димить,1,0,0,0,0,1,0,0,0,0
веселощі,0,1,0,0,1,0,1,0,0,0
функція,0,0,0,0,0,0,0,0,0,0
функціональний,0,0,0,0,0,0,0,0,0,0
фонд,0,0,0,0,0,0,0,0,0,0
фундаментальний,0,0,0,0,0,0,1,0,0,1
принципово,0,0,0,0,0,0,0,0,0,0
коштів,0,0,0,0,0,0,0,0,0,0
похорон,0,0,0,0,0,0,0,1,0,0
грибок,0,0,1,0,0,1,0,0,0,0
фанк,0,0,0,0,0,1,0,1,0,0
воронка,0,0,0,0,0,0,0,0,0,0
хутро,0,0,0,0,0,0,0,0,0,0
розлючений,1,0,1,0,0,1,0,0,0,0
люто,1,0,0,0,0,0,0,0,0,0
відпустка,0,0,0,0,0,0,0,0,0,0
піч,1,0,0,0,0,0,0,0,0,0
оздоблення,0,0,0,0,0,0,0,0,0,0
меблі,0,0,0,0,0,0,0,0,0,0
фурор,1,0,0,0,0,1,0,0,0,0
борозна,0,0,0,0,0,0,0,1,0,0
просування,0,0,0,0,0,0,0,0,0,0
лють,1,0,0,1,0,1,0,1,0,0
запобіжник,0,0,0,0,0,0,1,0,0,1
злиття,0,0,0,0,0,0,1,0,0,0
метушня,1,0,0,0,0,1,0,1,0,0
метушливий,0,0,1,0,0,1,0,0,0,0
марно,0,0,0,0,0,1,0,1,0,0
марність,0,0,0,0,0,1,0,0,0,0
майбутнє,0,0,0,0,0,0,0,0,0,0
пух,0,0,0,0,0,0,0,0,0,0
нечіткий,0,0,0,0,0,0,0,0,0,0
габі,0,0,1,0,0,1,0,0,0,0
кляп,0,0,1,0,0,1,0,0,0,0
датчик,0,0,0,0,0,0,0,0,0,1
зграя,0,0,0,0,0,0,0,0,0,0
посилення,0,1,0,0,1,0,1,0,0,0
прибутковий,0,0,0,0,0,0,0,0,0,0
отримання,0,0,0,0,0,0,1,0,0,0
хода,0,0,0,0,0,0,0,0,0,0
гала,0,0,0,0,0,0,0,0,0,0
галактика,0,0,0,0,0,0,0,0,0,0
буревій,0,0,0,0,0,0,0,0,0,0
жовчний,1,0,1,0,0,1,0,0,0,0
галантний,0,0,0,0,0,0,1,0,0,0
галантність,0,0,0,0,0,0,1,0,0,0
галерея,0,0,0,0,0,0,0,0,0,0
камбуз,0,0,0,0,0,0,0,0,0,0
галоп,0,0,0,0,0,0,0,0,0,0
галопом,0,0,0,0,0,0,0,0,0,0
шибениця,1,0,0,1,0,1,0,1,0,0
достаток,0,0,0,0,0,0,1,0,0,0
гальванічний,0,0,0,0,0,0,0,0,0,0
азартна гра,0,0,0,0,0,1,0,0,0,0
азартний гравець,0,1,0,0,0,1,0,0,1,0
азартні ігри,0,1,0,0,0,1,0,0,1,0
гра,0,0,0,0,0,0,0,0,0,0
ігри,0,0,0,0,0,0,0,0,0,0
окіст,0,0,0,0,0,0,0,0,0,0
гамма,0,0,0,0,0,0,0,0,0,0
гусак,0,0,0,0,0,0,0,0,0,0
банда,1,0,0,1,0,1,0,0,0,0
в'язниця,0,0,0,0,0,1,0,0,0,0
розрив,0,0,0,0,0,1,0,0,0,0
роззява,0,0,0,0,0,0,0,0,1,0
зяючий,0,0,0,0,0,0,0,0,0,0
гараж,0,0,0,0,0,0,0,0,0,0
одяг,0,0,0,0,0,0,0,0,0,0
сміття,0,0,1,0,0,1,0,0,0,0
спотворений,0,0,0,0,0,0,0,0,0,0
сад,0,0,0,0,1,0,1,0,0,0
садівник,0,0,0,0,0,0,0,0,0,0
садівництво,0,0,0,0,0,0,0,0,0,0
кричущий,0,0,1,0,0,1,0,0,1,0
часник,0,0,0,0,0,0,0,0,0,0
одяг,0,0,0,0,0,0,0,0,0,0
гарнер,0,0,0,0,0,0,0,0,0,0
гранат,0,0,0,0,0,0,1,0,0,0
гарнір,0,0,0,0,0,1,0,0,0,0
гарнізон,0,0,0,0,0,0,1,0,0,1
підв'язка,0,0,0,0,0,0,0,0,0,0
газ,0,0,0,0,0,0,0,0,0,0
газоподібний,0,0,0,0,0,0,0,0,0,0
поріз,0,0,0,1,0,1,0,0,0,0
газифікація,0,0,0,0,0,0,0,0,0,0
бензин,0,0,0,0,0,0,0,0,0,0
задихатися,0,0,0,0,0,0,0,0,1,0
задихаючись,0,0,0,1,0,1,0,0,0,0
шлунковий,0,0,0,0,0,0,0,0,0,0
гастрономія,0,0,0,0,0,0,0,0,0,0
ворота,0,0,0,0,0,0,0,0,0,1
шлюз,0,0,0,0,0,0,0,0,0,1
збиратися,0,0,0,0,0,0,0,0,0,0
збирач,0,0,0,0,0,0,0,0,0,0
збір,0,0,0,0,0,0,0,0,0,0
гош,0,0,0,0,0,1,0,0,0,0
калібр,0,0,0,0,0,0,0,0,0,0
вимірювання,0,0,0,0,0,0,0,0,0,1
виснажений,0,0,0,0,0,1,0,0,0,0
рукавичка,0,0,0,0,0,0,0,0,0,0
марля,0,0,0,0,0,0,0,0,0,0
молоток,0,0,0,0,0,0,0,0,0,0
дивитися,0,0,0,0,0,0,0,0,1,0
погляд,0,0,0,0,0,0,0,0,0,0
альтанка,0,0,0,0,0,0,0,0,0,0
газель,0,0,0,0,0,0,0,0,0,0
бюлетень,0,0,0,0,0,0,1,0,0,1
газетник,0,0,0,0,0,0,0,0,0,0
спорядження,0,0,0,0,0,0,1,0,0,0
гель,0,0,0,0,0,0,0,0,0,0
желатин,0,0,1,0,0,0,0,0,0,0
гельд,0,0,0,0,0,0,0,0,0,0
мерин,0,0,0,0,0,0,0,0,0,0
дорогоцінний камінь,0,0,0,0,1,0,1,0,0,0
близнюки,0,0,0,0,0,0,0,0,0,0
Стать,0,0,0,0,0,0,0,0,0,0
генеалогія,0,0,0,0,0,0,0,0,0,0
загальний,0,0,0,0,0,0,1,0,0,1
загальність,0,0,0,0,0,0,0,0,0,0
узагальнення,0,0,0,0,0,0,0,0,0,0
загалом,0,0,0,0,0,0,0,0,0,0
генерувати,0,0,0,0,0,0,0,0,0,0
покоління,0,0,0,0,0,0,0,0,0,0
генеративний,0,0,0,0,0,0,0,0,0,0
генератор,0,0,0,0,0,0,0,0,0,0
загальний,0,0,0,0,0,0,0,0,0,0
щедрість,0,1,0,0,1,0,1,0,1,1
щедрий,0,0,0,0,1,0,1,0,0,1
генезис,0,0,0,0,0,0,0,0,0,0
генетичний,0,0,0,0,0,0,0,0,0,0
генетика,0,0,0,0,0,0,0,0,0,0
геніальний,0,0,0,0,1,0,1,0,0,0
статевий,0,0,0,0,0,0,0,0,0,0
геній,0,0,0,0,0,0,1,0,0,0
жанр,0,0,0,0,0,0,0,0,0,0
gent,1,0,1,1,0,1,0,0,0,0
благородний,0,0,0,0,0,0,1,0,0,0
джентльмен,0,0,0,0,0,0,1,0,0,1
ніжність,0,0,0,0,0,0,1,0,0,0
шляхта,0,0,0,0,0,0,1,0,0,1
справжній,0,0,0,0,0,0,1,0,0,1
рід,0,0,0,0,0,0,0,0,0,0
географія,0,0,0,0,0,0,0,0,0,0
геологія,0,0,0,0,0,0,0,0,0,0
геометрія,0,0,0,0,0,0,0,0,0,0
герань,0,0,0,0,0,0,1,0,0,0
геріатричний,0,0,0,0,0,1,0,1,0,0
зародок,0,1,1,0,0,0,0,0,0,0
німецький,0,0,0,0,0,0,0,0,0,0
відповідний,0,0,0,0,0,0,0,0,0,0
проростати,0,0,0,0,0,0,0,0,0,0
проростання,0,1,0,0,0,0,0,0,0,0
вагітність,0,0,0,0,0,0,0,0,0,0
жест,0,0,0,0,0,0,0,0,0,0
жахливий,0,0,1,1,0,1,0,0,0,0
гетто,0,0,1,1,0,1,0,1,0,0
привид,0,0,0,1,0,0,0,0,0,0
примарний,0,0,0,1,0,1,0,0,0,0
гігант,0,0,0,1,0,0,0,0,0,0
тарабарщина,1,0,0,0,0,1,0,0,0,0
подарунок,0,1,0,0,1,0,1,0,1,0
обдарований,0,0,0,0,0,0,1,0,0,0
концерт,0,0,0,0,0,0,0,0,0,0
гігантський,0,0,0,0,0,0,1,0,0,0
хихікати,0,0,0,0,1,0,1,0,0,0
зябра,0,0,0,0,0,0,0,0,0,0
зябра,0,0,0,0,0,0,0,0,0,0
позолота,0,0,0,0,0,0,0,0,0,0
gimp,0,0,0,0,0,0,0,0,0,0
джин,0,0,0,0,0,0,0,0,0,0
імбир,0,0,0,0,0,0,0,0,0,0
пряник,0,0,0,0,0,0,0,0,0,0
обережно,0,0,0,0,0,0,0,0,0,0
жирафа,0,0,0,0,0,0,0,0,0,0
балка,0,0,0,0,0,0,1,0,0,1
пояс,0,0,0,0,0,0,0,0,0,0
обхват,0,0,0,0,0,0,0,0,0,0
суть,0,0,0,0,0,0,0,0,0,0
надання,0,0,0,0,0,0,1,0,0,0
голі,0,0,0,0,0,0,0,0,0,0
льодовиковий,0,0,0,0,0,1,0,0,0,0
льодовик,0,0,0,0,0,0,0,0,0,0
радий,0,1,0,0,1,0,1,0,0,0
поляна,0,0,0,0,0,0,0,0,0,0
гладіатор,0,0,0,1,0,0,0,0,0,0
радість,0,0,0,0,1,0,1,0,0,0
погляд,0,0,0,0,0,0,0,0,0,0
відблиски,1,0,0,1,0,1,0,0,0,0
кричущий,1,0,0,0,0,1,0,0,0,0
скло,0,0,0,0,0,0,0,0,0,0
окуляри,0,0,0,0,0,0,0,0,0,0
скляний посуд,0,0,0,0,0,0,0,0,0,0
глазур,0,0,0,0,0,0,0,0,0,0
блиск,0,0,0,0,0,0,0,0,0,0
підбирати,0,0,0,0,0,0,0,0,0,0
радість,0,0,0,0,1,0,1,0,0,0
Глен,0,0,0,0,0,0,0,0,0,0
спритний,0,0,0,0,0,1,0,0,0,0
ковзати,0,1,0,0,1,0,1,0,0,0
мерехтіння,0,1,0,0,1,0,1,0,1,0
проблиск,0,0,0,0,0,0,0,0,0,0
блиск,0,0,0,0,0,0,0,0,0,0
блиск,0,0,1,0,1,0,0,0,0,0
блискучий,0,0,0,0,0,0,1,0,0,0
глобус,0,0,0,0,0,0,0,0,0,0
кулясті,0,0,0,0,0,0,0,0,0,0
похмурість,0,0,0,0,0,1,0,1,0,0
похмурий,0,0,0,0,0,1,0,1,0,0
прославлення,0,0,0,0,1,0,1,0,0,0
прославляти,0,1,0,0,1,0,1,0,1,1
слава,0,1,0,0,1,0,1,0,0,1
глянець,0,0,0,0,0,0,1,0,0,0
глосарій,0,0,0,0,0,0,0,0,0,0
глянцевий,0,0,0,0,0,0,0,0,0,0
рукавичка,0,0,0,0,0,0,0,0,0,0
світіння,0,1,0,0,1,0,1,0,0,1
світиться,0,0,0,0,0,0,1,0,0,0
глюкоза,0,0,0,0,0,0,0,0,0,0
клей,0,0,0,0,0,0,0,0,0,0
похмурий,0,0,0,0,0,1,0,1,0,0
перенасичення,0,0,1,0,0,1,0,0,0,0
глютен,0,0,0,0,0,0,0,0,0,0
обжерливість,0,0,1,0,0,1,0,0,0,0
гліцерин,0,0,0,0,0,0,0,0,0,0
комар,0,0,0,0,0,0,0,0,0,0
гном,1,0,1,1,0,1,0,0,0,0
коза,0,0,0,0,0,0,0,0,0,0
цапина борідка,0,0,0,0,0,0,0,0,0,0
гоб,0,0,1,0,0,0,0,0,0,0
зжерти,0,0,0,0,0,0,0,0,0,0
кубок,0,0,0,0,0,0,0,0,0,0
гоблін,0,0,1,1,0,1,0,0,0,0
бог,0,1,0,1,1,0,1,0,0,1
богиня,0,0,0,0,0,0,0,0,0,0
кум,0,0,0,0,0,0,0,0,0,0
безбожний,1,0,0,0,0,1,0,0,0,0
благочестивий,0,0,0,0,1,0,1,0,0,1
знахідка,0,0,0,0,1,0,1,0,1,0
окуляри,0,0,0,0,0,0,0,0,0,0
захисні окуляри,0,0,0,0,0,0,0,0,0,0
золото,0,0,0,0,0,0,1,0,0,0
золотий,0,0,0,0,0,0,0,0,0,0
гольф,0,0,0,0,0,0,0,0,0,0
гондола,0,0,0,0,0,0,0,0,0,0
гонг,0,0,0,0,0,0,0,0,0,0
гонорея,1,0,1,1,0,1,0,1,0,0
гу,0,0,1,0,0,1,0,0,0,0
добре,0,1,0,0,1,0,1,0,1,1
до побачення,0,0,0,0,0,0,0,0,0,0
добре,0,0,0,0,0,0,1,0,0,0
доброта,0,1,0,0,1,0,1,0,1,1
товарів,0,0,0,0,0,0,1,0,0,0
добра воля,0,0,0,0,0,0,1,0,0,0
добра,0,0,0,0,0,0,0,0,0,0
липкий,0,0,0,0,0,0,0,0,0,0
гусак,0,0,0,0,0,0,0,0,0,0
ховрашок,0,0,0,0,0,0,0,0,0,0
кров,1,0,1,1,0,1,0,1,0,0
ущелина,0,0,1,0,0,1,0,0,0,0
чудовий,0,0,0,0,1,0,1,0,0,0
горила,0,0,0,0,0,1,0,0,0,0
кривавий,1,0,1,1,0,1,0,1,0,0
євангеліє,0,0,0,0,0,0,1,0,0,1
плітки,0,0,0,0,0,1,0,0,0,0
довбати,0,0,0,0,0,1,0,0,0,0
гурман,0,0,0,0,0,0,0,0,0,0
подагра,0,0,0,0,0,1,0,0,0,0
керувати,0,0,0,0,0,0,1,0,0,1
гувернантка,0,0,0,0,0,0,0,0,0,1
керуючий,0,0,0,0,0,0,0,0,0,0
уряд,0,0,0,1,0,1,0,0,0,0
губернатор,0,0,0,0,0,0,0,0,0,1
плаття,0,0,0,0,0,0,0,0,0,0
схопити,1,0,0,0,0,1,0,0,0,0
благодать,0,0,0,0,0,0,1,0,0,0
витончений,0,0,0,0,0,0,1,0,0,0
милостивий,0,0,0,0,0,0,1,0,0,0
люб'язно,0,0,0,0,0,0,1,0,0,0
градація,0,0,0,0,0,0,0,0,0,0
клас,0,0,0,0,0,0,0,0,0,0
грейдер,0,0,0,0,0,0,0,0,0,0
градієнт,0,0,0,0,0,0,0,0,0,0
поступовий,0,1,0,0,0,0,0,0,0,0
поступово,0,0,0,0,0,0,0,0,0,0
градація,0,1,0,1,1,0,1,0,1,1
зерно,0,0,0,0,0,0,0,0,0,0
грам,0,0,0,0,0,0,0,0,0,0
граматика,0,0,0,0,0,0,0,0,0,1
великий,0,0,0,0,0,0,0,0,0,0
онуки,0,1,0,0,1,0,1,0,0,1
велич,0,0,0,0,0,0,1,0,0,0
дідусь,0,0,0,0,0,0,0,0,0,1
грандіозний,0,0,0,0,0,0,0,0,0,0
бабуся,0,0,0,0,0,0,1,0,0,0
гранж,0,0,0,0,0,0,0,0,0,0
граніт,0,0,0,0,0,0,0,0,0,0
грант,0,1,0,0,1,0,1,0,0,1
надано,0,0,0,0,0,0,1,0,0,0
грантоотримувач,0,0,0,0,0,0,0,0,0,0
дарувальник,0,0,0,0,0,0,0,0,0,0
зернистий,0,0,0,0,0,0,0,0,0,0
гранула,0,0,0,0,0,0,0,0,0,0
виноград,0,0,0,0,0,0,0,0,0,0
графіка,0,0,0,0,0,0,0,0,0,0
грейфер,0,0,0,0,0,0,0,0,0,0
захоплення,0,0,0,0,0,0,0,0,0,0
хапання,0,1,0,0,0,1,0,0,0,0
трава,0,0,0,0,0,0,0,0,0,0
коник,0,0,0,0,0,0,0,0,0,0
трав'янистий,0,0,0,0,0,0,0,0,0,0
решітка,0,0,0,0,0,1,0,0,0,0
тертий,1,0,0,0,0,1,0,0,0,0
вдячний,0,0,0,0,0,0,1,0,0,0
задовольняти,0,0,0,0,1,0,1,0,1,0
решітка,1,0,1,0,0,1,0,0,0,0
безкоштовно,0,0,0,0,0,0,0,0,0,0
вдячність,0,0,0,0,1,0,1,0,0,0
безоплатний,0,0,1,0,0,0,0,0,0,0
чайові,0,0,0,0,0,0,0,0,0,0
могила,0,0,0,1,0,1,0,1,0,0
гравій,0,0,0,0,0,0,0,0,0,0
могильник,0,0,0,0,0,0,0,0,0,0
тяжіти,0,1,0,0,0,0,0,0,0,0
гравітація,0,0,0,0,0,0,0,0,0,0
сила тяжіння,0,0,0,0,0,0,0,0,0,0
соус,0,0,0,0,0,0,0,0,0,0
сірий,0,0,1,0,0,0,0,1,0,0
пастися,0,0,0,0,0,0,0,0,0,0
мастило,0,0,0,0,0,0,0,0,0,0
жирний,0,0,1,0,0,0,0,0,0,0
більше,0,0,0,0,0,0,1,0,0,0
найбільший,0,0,0,0,0,0,0,0,0,0
сильно,0,0,0,0,0,0,0,0,0,0
велич,0,0,0,0,1,0,1,0,1,1
жадібність,1,0,1,0,0,1,0,0,0,0
жадібний,0,0,1,0,0,1,0,0,0,0
зелений,0,0,0,0,1,0,1,0,0,1
теплиця,0,0,0,0,0,0,0,0,0,0
зеленуватий,0,0,0,0,0,0,0,0,0,0
зелене дерево,0,0,0,0,0,0,0,0,0,0
вітати,0,0,0,0,0,0,0,0,0,0
привітання,0,0,0,0,0,0,1,0,1,0
стадний,0,0,0,0,0,0,1,0,0,0
граната,0,0,0,1,0,1,0,0,0,0
сірий,0,0,0,0,0,0,0,0,0,0
хорт,0,0,0,0,0,0,0,0,0,0
решітка,0,0,0,0,0,0,0,0,0,0
горе,0,0,0,0,0,1,0,1,0,0
скарга,1,0,1,0,0,1,0,1,0,0
сумувати,0,0,0,1,0,1,0,1,0,0
тяжкий,1,0,0,1,0,1,0,1,0,0
грифон,0,0,0,0,0,0,0,0,0,0
гриль,0,0,0,0,0,0,0,0,0,0
решітка,0,0,0,0,0,0,0,0,0,0
похмурий,1,1,1,1,0,1,0,1,0,0
бруд,0,0,1,0,0,1,0,0,0,0
брудний,0,0,1,0,0,1,0,0,0,0
усмішка,0,1,0,0,1,0,1,0,1,1
подрібнити,0,0,0,0,0,0,0,0,0,0
м'ясорубка,0,0,0,0,0,0,0,0,0,0
шліфування,0,0,0,0,0,1,0,0,0,0
захоплення,0,0,0,0,0,0,0,0,0,0
жахливо,0,0,1,1,0,1,0,0,0,0
крупа,0,0,0,0,0,0,1,0,0,0
піщинка,0,0,0,0,0,0,1,0,0,1
піщаний,0,0,0,0,0,0,0,0,0,0
грізлі,0,0,0,1,0,1,0,0,0,0
стогін,0,0,1,0,0,1,0,1,0,0
бакалійник,0,0,0,0,0,0,0,0,0,0
бакалія,0,0,0,0,0,0,0,0,0,0
продуктовий магазин,0,0,0,0,0,0,0,0,0,0
сонливий,0,0,0,0,0,0,0,0,0,0
пах,0,0,0,0,0,0,0,0,0,0
наречений,0,0,0,0,0,0,0,0,0,0
паз,0,0,0,0,0,0,0,0,0,0
намацати,1,0,1,1,0,1,0,0,0,0
брутто,0,0,1,0,0,1,0,0,0,0
гротеск,0,0,1,0,0,1,0,0,0,0
грот,0,0,0,0,0,0,0,0,0,0
землю,0,0,0,0,0,0,0,0,0,1
заземлений,0,0,0,1,0,1,0,1,0,0
безпідставний,0,0,0,0,0,1,0,0,0,0
підстави,0,0,0,0,0,0,0,0,0,0
фундамент,0,0,0,0,0,0,1,0,0,0
група,0,0,0,0,0,0,0,0,0,0
групування,0,0,0,0,0,0,0,0,0,0
рябчик,0,0,0,0,0,0,0,0,0,0
затирка,0,0,0,0,0,0,0,0,0,0
гай,0,0,0,0,0,0,0,0,0,0
рости,0,1,0,0,1,0,1,0,0,1
гарчати,1,0,0,1,0,1,0,0,0,0
гарчання,1,0,1,1,0,1,0,0,0,0
зростання,0,0,0,0,0,0,1,0,0,0
grub,0,0,0,0,0,0,0,0,0,0
образа,1,0,0,0,0,1,0,0,0,0
неохоче,0,0,0,0,0,1,0,0,0,0
жахливий,0,0,1,0,0,1,0,0,0,0
грубий,1,0,1,0,0,1,0,0,0,0
бурчати,1,0,1,0,0,1,0,0,0,0
сварливий,1,0,1,0,0,1,0,1,0,0
рохкати,0,0,0,0,0,0,0,0,0,0
гарантія,0,0,0,0,0,0,1,0,0,1
гарантія,0,0,0,0,0,0,0,0,0,0
сторожовий,0,0,0,1,0,0,1,0,0,1
охороняється,0,0,0,0,0,0,0,0,0,1
опікун,0,0,0,0,0,0,1,0,0,1
опіка,0,0,0,0,0,0,1,0,0,1
охоронці,0,0,0,0,0,0,0,0,0,0
губернаторський,0,0,0,0,0,0,1,0,0,1
партизан,0,0,0,1,0,1,0,0,0,0
вгадати,0,0,0,0,0,0,0,0,1,0
здогади,0,0,0,0,0,0,0,0,0,0
гість,0,0,0,0,0,0,0,0,0,0
керівництво,0,0,0,0,0,0,1,0,0,1
керівництво,0,0,0,0,0,0,1,0,0,1
путівник,0,0,0,0,0,0,1,0,0,1
гільдія,0,0,0,0,0,0,0,0,0,0
підступність,0,0,0,0,0,1,0,0,0,0
гільйотина,1,1,1,1,0,1,0,1,0,0
почуття провини,0,0,1,0,0,1,0,1,0,0
винним,1,0,0,0,0,1,0,1,0,0
Гвінея,0,0,0,0,0,0,0,0,0,0
маска,0,0,0,0,0,1,0,0,0,0
гітара,0,0,0,0,0,0,0,0,0,0
червоні,0,0,0,0,0,0,0,0,0,0
затока,0,0,0,0,0,0,0,0,0,0
чайка,0,0,0,0,0,1,0,0,0,0
легковірний,0,0,0,0,0,1,0,1,0,1
яр,0,0,0,0,0,0,0,0,0,0
ковток,0,0,0,1,0,0,0,0,1,0
гумка,0,0,0,0,0,0,0,0,0,0
гумовий,0,0,0,0,0,0,0,0,0,0
пістолет,1,0,0,1,0,1,0,0,0,0
навідник,0,0,0,0,0,0,0,0,0,0
порох,0,0,0,1,0,0,0,0,0,0
гуру,0,0,0,0,0,0,1,0,0,1
фонтанувати,0,0,1,0,1,1,0,0,0,0
ластовиця,0,0,0,0,0,0,0,0,0,1
порив,0,0,0,0,0,0,0,0,0,0
поривчастий,0,0,0,0,0,0,0,0,0,0
кишківник,0,0,1,0,0,0,0,0,0,0
кишки,0,0,0,0,0,0,1,0,0,0
жолоб,0,0,1,0,0,0,0,0,0,0
хлопець,0,0,0,0,0,0,0,0,0,0
їсти,0,0,0,0,0,1,0,0,0,0
гімназія,0,0,0,0,0,0,0,0,0,0
гімнастка,0,0,0,0,0,0,1,0,0,0
гімнастичний,0,0,0,0,0,0,0,0,0,0
гімнастика,0,0,0,0,0,0,0,0,0,0
гінекології,0,0,0,0,0,0,0,0,0,0
циганка,0,0,0,0,0,1,0,0,0,0
гіроскоп,0,0,0,0,0,0,0,0,0,0
звичка,0,0,0,0,0,0,0,0,0,0
середовище проживання,0,0,0,0,0,0,1,0,0,0
житло,0,0,0,0,0,0,0,0,0,0
звичним,0,1,0,0,0,0,0,0,0,0
звично,0,0,0,0,0,0,0,0,0,0
фазенда,0,0,0,0,0,0,0,0,0,0
дідька,0,0,1,1,0,1,0,0,0,0
виснажений,0,0,0,0,0,1,0,1,0,0
торгуватися,0,0,0,0,0,0,0,0,0,0
град,0,0,0,0,0,1,1,0,0,1
волосся,0,0,0,0,0,0,0,0,0,0
волохатий,0,0,1,0,0,1,0,0,0,0
Хейл,0,0,0,0,0,0,1,0,0,0
половина,0,0,0,0,0,0,0,0,0,0
на півдорозі,0,0,0,0,0,1,0,0,0,0
зал,0,0,0,0,0,0,0,0,0,0
освячений,0,0,0,0,0,0,0,0,0,0
галюцинація,0,0,0,1,0,1,0,0,0,0
ореол,0,0,0,0,0,0,0,0,0,0
зупинка,0,0,0,0,0,0,0,0,0,0
недоуздок,1,0,0,1,0,1,0,1,0,0
зупинка,0,0,0,1,0,1,0,1,0,0
навпіл,0,0,0,0,0,0,0,0,0,0
удвічі,0,0,0,0,0,0,0,0,0,0
шинка,0,0,0,0,0,0,0,0,0,0
хутір,0,0,0,0,0,0,0,0,0,0
молоток,0,0,0,0,0,0,0,0,0,0
забивання молотком,0,0,0,0,0,0,0,0,0,0
гамак,0,0,0,0,0,0,0,0,0,0
перешкоджати,0,0,0,0,0,1,0,0,0,0
підколінне сухожилля,1,0,0,0,0,1,0,1,0,0
руку,0,0,0,0,0,0,0,0,0,0
довідник,0,0,0,0,0,0,0,0,0,1
жменька,0,0,0,0,0,0,0,0,0,0
гандикап,0,0,0,0,0,1,0,1,0,0
рукоділля,0,0,0,0,0,0,0,0,0,0
ручна робота,0,0,0,0,0,0,0,0,0,0
носова хустка,0,0,0,0,0,0,0,0,0,0
ручка,0,0,0,0,0,0,0,0,0,0
красивий,0,0,0,0,0,0,0,0,0,0
почерк,0,0,0,0,0,0,0,0,0,0
зручний,0,0,0,0,0,0,1,0,0,0
повісити,0,0,0,0,0,0,0,0,0,0
ангар,0,0,0,0,0,0,0,0,0,0
висить,1,0,1,1,0,1,0,1,0,0
кат,0,0,0,1,0,1,0,0,0,0
тусовка,0,0,0,0,0,0,0,0,0,0
Хенк,0,0,0,0,0,0,0,0,0,0
прагнення,0,1,0,0,0,0,0,0,0,0
випадково,0,1,0,0,0,0,0,0,1,0
випадково,0,0,0,0,0,0,0,0,0,0
статися,0,1,0,0,0,0,0,0,0,0
відбувається,0,0,0,0,0,0,0,0,0,0
щасливо,0,0,0,0,1,0,1,0,0,0
щастя,0,1,0,0,1,0,1,0,0,0
щасливий,0,1,0,0,1,0,1,0,0,1
переслідувати,1,0,1,0,0,1,0,0,0,0
переслідування,1,0,0,0,0,0,0,0,0,0
провісник,1,1,0,1,0,1,0,0,0,0
гавань,0,0,0,0,0,0,0,0,0,1
затвердіти,0,0,0,0,0,0,0,0,0,0
загартований,1,0,1,1,0,1,0,0,0,0
загартовування,0,0,0,0,0,0,0,0,0,0
твердість,0,0,0,0,0,1,0,0,0,0
труднощі,0,0,0,0,0,1,0,1,0,0
обладнання,0,0,0,0,0,0,0,0,0,0
витривалий,0,0,0,0,1,0,1,0,0,1
заєць,0,0,0,0,0,0,0,0,0,0
гарем,0,0,0,0,0,0,0,0,0,0
повія,0,0,1,0,0,1,0,0,0,0
шкода,0,0,0,1,0,1,0,0,0,0
шкідливий,1,0,1,1,0,1,0,1,0,0
гармоніка,0,0,0,0,0,0,0,0,0,0
гармоніки,0,0,0,0,0,0,0,0,0,0
гармонійно,0,0,0,0,1,0,1,0,0,1
гармонізувати,0,0,0,0,0,0,0,0,0,0
гармонія,0,0,0,0,1,0,1,0,0,1
упряж,0,0,0,0,0,0,0,0,0,0
арпер,0,0,0,0,0,0,0,0,0,0
клавесин,0,0,0,0,0,0,0,0,0,0
боронування,0,0,0,1,0,1,0,0,0,0
гаррі,1,0,0,0,0,1,0,1,0,0
суворість,1,0,0,1,0,1,0,0,0,0
олень,0,0,0,0,0,0,0,0,0,0
урожай,0,1,0,0,1,0,1,0,0,0
хеш,0,0,0,0,0,1,0,0,0,0
гашиш,0,0,0,0,0,1,0,0,0,0
поспіх,0,1,0,0,0,0,0,0,0,0
поспішати,0,0,0,0,0,0,0,0,0,0
поспішно,0,0,0,0,0,0,0,0,0,0
поспішний,0,0,0,0,0,1,0,0,0,0
капелюх,0,0,0,0,0,0,0,0,0,0
люк,0,0,0,0,0,0,0,0,0,0
топірець,0,0,0,0,0,0,0,0,0,0
ненависть,1,0,1,1,0,1,0,1,0,0
ненависний,1,0,1,1,0,1,0,1,0,0
ненавидячи,1,0,0,0,0,1,0,0,0,0
ненависть,1,0,1,1,0,1,0,1,0,0
пихатий,1,0,0,0,0,1,0,0,0,0
тягнути,0,0,0,0,0,0,0,0,0,0
перевезення,0,0,0,0,0,0,0,0,0,0
переслідувати,0,0,0,1,0,1,0,0,0,0
переслідуваний,0,0,0,1,0,1,0,1,0,0
притулок,0,0,0,0,0,0,1,0,0,1
хаос,1,0,0,1,0,1,0,0,0,0
гав,0,0,0,0,0,0,0,0,0,0
яструб,0,0,0,1,0,0,0,0,0,0
рознос,0,0,0,0,0,0,0,0,0,0
небезпека,0,0,0,1,0,1,0,0,0,0
небезпечний,0,0,0,1,0,1,0,0,0,0
серпанок,0,0,0,1,0,1,0,0,0,0
туманний,0,0,0,0,0,0,0,0,0,0
керівник,0,0,0,0,0,0,0,0,0,0
головний біль,0,0,0,0,0,1,0,0,0,0
головний убір,0,0,0,0,0,0,0,0,0,0
заголовок,0,0,0,0,0,0,0,0,0,0
головний убір,0,0,0,0,0,0,0,0,0,0
заголовок,0,0,0,0,0,0,0,0,0,0
мис,0,0,0,0,0,0,0,0,0,0
фара,0,1,0,0,0,0,0,0,0,0
заголовок,0,0,0,0,0,0,0,0,0,0
стрімголов,0,0,0,0,0,0,0,0,0,0
штаб,0,0,0,0,0,0,0,0,0,0
надгробок,0,0,0,0,0,0,0,0,0,0
прогрес,0,0,0,0,0,0,1,0,0,0
п'янкий,0,0,0,0,0,1,0,0,0,0
зцілити,0,0,0,0,1,0,1,0,0,1
загоєння,0,1,0,0,1,0,1,0,0,1
здоров'я,0,0,0,0,0,0,0,0,0,0
здоровий,0,0,0,0,1,0,1,0,0,0
здоровий,0,0,0,0,0,0,1,0,0,0
купа,0,0,0,0,0,0,0,0,0,0
чути,0,0,0,0,0,0,0,0,0,0
слухач,0,0,0,0,0,0,0,0,0,0
слухання,0,0,0,1,0,1,0,0,0,0
чутки,0,0,0,0,0,1,0,0,0,0
катафалк,0,0,0,1,0,1,0,1,0,0
серце,0,0,0,0,0,0,0,0,0,0
серцевий біль,0,0,0,0,0,1,0,1,0,0
печія,0,0,0,0,0,1,0,0,0,0
сердечний,0,0,0,0,1,0,1,1,0,1
вогнище,0,0,0,0,0,0,1,0,0,0
сердечно,0,0,0,0,1,0,1,0,0,0
бездушний,0,0,0,0,0,1,0,1,0,0
серця,0,0,0,0,0,0,0,0,0,0
дирофілярія,0,0,1,0,0,0,0,0,0,0
тепло,0,0,0,0,0,0,0,0,0,0
нагрівається,0,0,0,0,0,0,0,0,0,0
обігрівач,0,0,0,0,0,0,0,0,0,0
верес,0,0,0,0,0,0,0,0,0,0
язичник,0,0,0,1,0,1,0,0,0,0
верес,0,0,0,0,0,0,0,0,0,0
опалення,0,0,0,0,0,0,0,0,0,0
піднімати,0,0,0,0,0,0,0,0,0,0
небесний,0,1,0,0,1,0,1,0,0,1
небеса,0,0,0,0,1,0,1,0,0,1
сильно,0,0,0,0,0,1,0,0,0,0
тяжкість,0,0,0,0,0,0,0,0,0,0
здіймання,0,0,0,0,0,0,0,0,0,0
гектарів,0,0,0,0,0,0,0,0,0,0
метушливий,0,0,0,0,0,0,0,0,0,0
жива огорожа,0,0,0,0,0,0,0,0,0,0
їжак,0,0,0,0,0,0,0,0,0,0
гедонізм,0,0,0,0,1,1,1,0,0,0
прислухатися,0,0,0,0,0,0,0,0,0,0
каблук,0,0,0,0,0,1,0,0,0,0
підбори,0,0,0,0,0,0,0,0,0,0
ваги,0,1,0,1,0,0,1,0,0,0
гегемоністський,0,0,0,0,0,0,0,0,0,0
телиця,0,0,0,0,0,0,0,0,0,0
висота,0,0,0,0,0,0,0,0,0,0
підвищити,0,0,0,1,0,1,0,0,0,0
огидний,0,0,0,0,0,1,0,0,0,0
спадкоємець,0,0,0,0,0,0,0,0,0,0
спадкоємиця,0,0,0,0,0,0,0,0,0,0
реліквія,0,0,0,0,0,0,0,0,0,0
спадкоємці,0,0,0,0,0,0,0,0,0,0
гвинтоподібний,0,0,0,0,0,0,0,0,0,0
спіраль,0,0,0,0,0,0,0,0,0,0
пекло,1,0,1,1,0,1,0,1,0,0
пекельний,1,0,1,1,0,1,0,1,0,0
кермо,0,0,0,0,0,0,0,0,0,0
шолом,0,0,0,1,0,0,1,0,0,0
помічник,0,0,0,0,0,0,1,0,0,1
корисний,0,0,0,0,1,0,1,0,0,1
безпорадний,0,0,0,1,0,1,0,1,0,0
безпорадність,0,0,0,1,0,1,0,1,0,0
рубати,0,0,0,0,0,0,0,0,0,0
гематит,0,0,0,0,0,0,0,0,0,0
гемі,0,0,0,0,0,0,0,0,0,0
півкулі,0,0,0,0,0,0,0,0,0,0
півкуля,0,0,0,0,0,0,0,0,0,0
болиголов,0,0,0,0,0,0,0,0,0,0
крововилив,0,0,1,1,0,1,0,1,0,0
геморой,0,0,0,0,0,1,0,0,0,0
коноплі,0,0,0,0,0,0,0,0,0,0
курка,0,0,0,0,0,0,0,0,0,0
відтепер,0,0,0,0,0,0,0,0,0,0
вісник,0,0,0,0,0,0,0,0,0,0
геральдика,0,0,0,0,0,0,0,0,0,0
трава,0,0,0,0,0,0,0,0,0,0
трав'янистий,0,0,0,0,0,0,0,0,0,0
трав'яний,0,0,0,0,0,0,1,0,0,0
гербарій,0,0,0,0,0,0,0,0,0,0
стадо,0,0,0,0,0,0,0,0,0,0
спадковий,0,0,0,0,0,0,0,0,0,0
спадковість,0,0,0,0,0,0,0,0,0,0
єресь,0,0,0,0,0,1,0,0,0,0
єретик,0,0,1,0,0,1,0,0,0,0
єретичний,0,0,0,0,0,0,0,0,0,0
дотепер,0,0,0,0,0,0,0,0,0,0
до цього,0,0,0,0,0,0,0,0,0,0
при цьому,0,0,0,0,0,0,0,0,0,0
спадщина,0,0,0,0,0,0,0,0,0,1
гермафродит,0,0,0,0,0,1,0,0,1,0
герменевтика,0,0,0,0,0,0,0,0,0,0
відлюдник,0,0,0,0,0,0,0,1,0,1
грижа,0,0,0,0,0,0,0,0,0,0
герой,0,1,0,0,1,0,1,0,1,1
героїчний,0,0,0,0,1,0,1,0,1,1
героїка,0,0,0,0,0,0,1,0,0,0
героїн,0,0,0,0,0,1,0,0,0,0
героїня,0,0,0,0,0,0,1,0,0,1
героїзм,0,1,0,0,1,0,1,0,1,1
герпес,0,0,1,0,0,1,0,0,0,0
вірус герпесу,0,0,1,0,0,1,0,0,0,0
вагаючись,0,0,0,0,0,0,0,0,0,0
вагання,0,0,0,1,0,1,0,0,0,0
неоднорідність,0,0,0,0,0,0,0,0,0,0
рубати,0,0,0,0,0,0,0,0,0,0
шестикутник,0,0,0,0,0,0,0,0,0,0
розквіт,0,1,0,0,1,0,1,0,0,1
перерва,0,0,0,0,0,0,0,0,0,0
зимувати,0,0,0,0,0,0,0,0,0,0
сплячка,0,0,0,0,0,0,0,0,0,0
гикавка,0,0,0,0,0,0,0,0,0,0
прихований,0,0,0,0,0,1,0,0,0,0
приховати,0,0,0,1,0,0,0,0,0,0
огидний,0,0,1,1,0,1,0,1,0,0
ховаючись,0,0,0,1,0,0,0,0,0,0
ієрархічний,0,0,0,0,0,0,0,0,0,0
висока,0,0,0,0,0,0,0,0,0,0
вище,0,0,0,0,0,0,0,0,0,0
найвищий,0,1,0,1,1,1,1,0,1,0
високогір'я,0,0,0,0,0,0,0,0,0,0
високогір'я,0,0,0,0,0,0,0,0,0,0
висота,0,0,0,0,0,0,0,0,0,0
шосе,0,0,0,0,0,0,0,0,0,0
турист,0,0,0,0,0,0,0,0,0,0
веселий,0,0,0,0,1,0,1,0,1,0
веселощі,0,0,0,0,1,0,1,0,0,0
пагорб,0,0,0,0,0,0,0,0,0,0
горбистий,0,0,0,0,0,0,0,0,0,0
рукоять,0,0,0,0,0,0,0,0,0,0
задній,0,0,0,0,0,0,0,0,0,0
перешкоджаючи,0,0,0,0,0,1,0,1,0,0
перешкода,0,0,0,0,0,1,0,0,0,0
шарнір,0,0,0,0,0,0,0,0,0,0
підказка,0,0,0,0,0,0,0,0,0,0
глибинка,0,0,0,0,0,0,0,0,0,0
стегно,0,0,0,0,0,0,0,0,0,0
хіпі,0,0,0,0,0,1,0,0,0,0
найняти,0,1,0,0,1,0,1,0,0,1
волосяний,0,0,0,0,0,0,0,0,0,0
шипіти,1,0,0,1,0,1,0,0,0,0
шиплячий,0,0,0,0,0,1,0,0,0,0
гістологія,0,0,0,0,0,0,0,0,0,0
історик,0,0,0,0,0,0,0,0,0,0
історичний,0,0,0,0,0,0,0,0,0,0
історіографія,0,0,0,0,0,0,0,0,0,0
історії,0,0,0,0,0,0,0,0,0,0
удар,1,0,0,0,0,1,0,0,0,0
досі,0,0,0,0,0,1,0,0,0,0
вулик,0,0,0,0,0,1,0,0,0,0
скарб,0,0,0,0,0,0,0,0,0,0
хриплий,0,0,0,0,0,1,0,0,0,0
сивий,0,0,0,0,0,1,0,1,0,0
містифікація,1,0,1,0,0,1,0,1,1,0
плита,0,0,0,0,0,0,0,0,0,0
хобі,0,0,0,0,1,0,1,0,0,0
бродяга,0,0,0,0,0,1,0,1,0,0
хокей,0,0,0,0,0,0,0,0,0,0
мотика,0,0,0,0,0,0,0,0,0,0
свиня,0,0,1,0,0,1,0,0,0,0
підйомник,0,0,0,0,0,0,0,0,0,0
утримувати,0,0,0,0,0,0,0,0,0,0
тримач,0,0,0,0,0,0,0,0,0,0
проведення,0,0,0,0,0,0,0,0,0,0
отвір,0,0,0,0,0,0,0,0,0,0
свято,0,1,0,0,1,0,1,0,0,0
святість,0,1,0,1,1,0,1,0,1,1
порожнистий,0,0,0,0,0,1,0,1,0,0
Голокост,1,0,1,1,0,1,0,1,0,0
святий,0,0,0,0,0,0,1,0,0,0
вшанування,0,0,0,0,0,0,1,0,0,0
бездомний,1,1,1,1,0,1,0,1,0,0
гомеопатичний,0,0,0,0,0,0,0,0,0,0
гомеопатія,0,0,0,0,0,0,0,0,0,0
туга за домом,0,0,0,0,0,1,0,1,0,0
садиба,0,0,0,0,0,0,0,0,0,0
домашнє завдання,0,0,0,1,0,0,0,0,0,0
вбивчий,1,0,0,1,0,1,0,0,0,0
вбивство,1,0,1,1,0,1,0,1,0,0
проповідь,0,0,0,0,0,0,0,0,0,0
однорідність,0,0,0,0,0,0,0,0,0,0
однорідний,0,0,0,0,0,0,0,0,0,0
гомологічні,0,0,0,0,0,0,0,0,0,0
гомолог,0,0,0,0,0,0,0,0,0,0
гомологія,0,0,0,0,0,0,1,0,0,0
відточувати,0,0,0,0,0,0,0,0,0,0
чесний,1,0,1,1,1,0,1,1,0,1
чесність,0,0,0,0,0,0,1,0,0,1
мед,0,0,0,0,0,0,1,0,0,0
стільниковий,0,0,0,0,0,0,0,0,0,0
медовий місяць,0,1,0,0,1,0,1,0,1,1
жимолость,0,0,0,0,0,0,0,0,0,0
честь,0,0,0,0,0,0,1,0,0,1
почесний,0,0,0,0,0,0,1,0,0,1
гонорар,0,0,0,0,0,0,0,0,0,0
капот,1,0,1,1,0,1,0,0,0,0
з капюшоном,0,0,0,1,0,0,0,0,0,0
копито,0,0,0,0,0,0,0,0,0,0
гачок,0,0,0,0,0,0,0,0,0,0
зачепив,0,0,0,0,0,1,0,0,0,0
повія,0,0,0,0,0,0,0,0,0,0
обруч,0,0,0,0,0,0,0,0,0,0
крик,1,0,1,0,0,1,0,0,0,0
хоп,0,0,0,0,0,0,0,0,0,0
надія,0,1,0,0,1,0,1,0,1,1
обнадійливий,0,1,0,0,1,0,1,0,1,1
безнадійний,0,0,0,1,0,1,0,1,0,0
безнадійність,1,0,1,1,0,1,0,1,0,0
надії,0,0,0,0,0,0,0,0,0,0
сподіваючись,0,0,0,0,0,0,0,0,0,0
бункер,0,0,0,0,0,0,0,0,0,0
орда,0,0,0,0,0,1,0,0,1,0
горизонт,0,1,0,0,0,0,1,0,0,0
горизонтальний,0,0,0,0,0,0,0,0,0,0
горизонтально,0,0,0,0,0,0,0,0,0,0
ріг,0,0,0,0,0,0,0,0,0,0
шершень,0,0,0,0,0,0,0,0,0,0
роговий,0,0,0,0,0,0,0,0,0,0
гороскоп,0,1,0,0,0,0,0,0,0,0
жахливий,1,0,1,1,0,1,0,0,0,0
жахливо,0,0,0,0,0,1,0,0,0,0
жахливий,1,0,1,1,0,1,0,1,0,0
жахливий,1,0,1,1,0,1,0,1,0,0
жахнувся,0,0,0,1,0,1,0,0,0,0
жахливий,0,0,1,1,0,1,0,1,0,0
жах,1,0,1,1,0,1,0,1,1,0
жахи,0,0,0,1,0,1,0,1,0,0
кінь,0,0,0,0,0,0,0,0,0,1
вершник,0,0,0,0,0,0,0,0,0,0
підкова,0,0,0,0,0,0,0,0,0,0
садівничий,0,0,0,0,0,0,0,0,0,0
садівництво,0,0,0,0,0,0,0,0,0,0
шланг,0,0,0,0,0,0,0,0,0,0
панчішно-шкарпеткові вироби,0,0,0,0,0,0,0,0,0,0
хоспіс,0,0,0,0,0,0,0,1,0,0
лікарня,0,0,0,1,0,0,0,1,0,1
гостинність,0,0,0,0,0,0,1,0,0,0
заручник,1,0,0,1,0,1,0,0,0,0
Хостел,0,0,0,0,0,0,0,0,0,0
ворожий,1,0,1,1,0,1,0,0,0,0
бойових дій,1,0,0,1,0,1,0,0,0,0
ворожість,1,0,1,0,0,1,0,0,0,0
гарячий,1,0,0,0,0,0,0,0,0,0
парник,0,0,0,0,0,0,0,0,0,0
готель,0,0,0,0,0,0,0,0,0,0
година,0,0,0,0,0,0,0,0,0,0
пісочний годинник,0,0,0,0,0,0,0,0,0,0
погодинно,0,0,0,0,0,0,0,0,0,0
будинок,0,0,0,0,0,0,0,0,0,0
побутові,0,0,0,0,0,0,1,0,0,0
домогосподар,0,0,0,0,0,0,0,0,0,0
домробітниця,0,0,0,0,0,0,0,0,0,0
ведення домашнього господарства,0,0,0,0,0,0,1,0,0,0
домогосподарка,0,0,0,0,0,0,0,0,0,0
житло,0,0,0,0,0,0,0,0,0,0
судно на повітряній подушці,0,0,0,0,0,0,0,0,0,0
виття,1,0,1,1,0,1,0,1,1,0
як би там не було,0,0,0,0,0,0,0,0,0,0
ой,0,0,0,0,0,0,0,0,0,0
хаб,0,0,0,0,0,0,0,0,0,0
тулитися,0,0,0,0,0,0,0,0,0,0
відтінок,0,0,0,0,0,0,0,0,0,0
обурення,1,0,1,0,0,1,0,0,0,0
обійми,0,0,0,0,1,0,1,0,0,1
величезний,0,0,0,0,0,0,0,0,0,0
халк,0,0,1,0,0,0,0,0,0,0
корпус,0,0,0,0,0,0,0,0,0,0
гул,0,0,0,0,0,0,0,0,0,0
людини,0,0,0,0,0,0,0,0,0,0
гуманний,0,0,0,0,0,0,1,0,0,0
гуманітарний,0,1,0,0,1,0,1,0,1,1
гуманітарні науки,0,0,0,0,0,0,0,0,0,0
людство,0,0,0,0,1,0,1,0,0,1
скромний,0,0,1,0,0,1,1,1,0,0
принижений,0,0,0,0,0,0,1,1,0,0
смиренно,0,0,0,0,0,0,1,0,0,0
обман,1,0,1,0,0,1,0,1,0,0
вологий,0,0,0,0,0,0,0,0,0,0
вологість,0,0,0,0,0,0,0,0,0,0
принижувати,1,0,0,0,0,1,0,1,0,0
принизливий,0,0,1,0,0,1,0,0,0,0
приниження,0,0,1,0,0,1,0,1,0,0
смирення,0,0,0,0,0,0,1,0,0,1
Hummer,0,0,0,0,0,0,0,0,0,0
колібрі,0,0,0,0,0,0,0,0,0,0
величезний,0,0,0,0,0,0,0,0,0,0
гуморист,0,0,0,0,0,0,1,0,0,0
жартівливий,0,0,0,0,1,0,1,0,0,0
горб,0,0,0,0,0,0,0,0,0,0
передчуття,0,0,0,0,0,1,0,0,0,0
сто,0,0,0,0,0,0,0,0,0,0
сотий,0,0,0,0,0,0,0,0,0,0
голод,0,0,0,0,0,0,0,0,0,0
голодний,0,1,0,0,0,1,0,0,0,0
шматок,0,0,0,0,0,0,0,0,0,0
шматки,0,0,0,0,0,0,0,0,0,0
полювати,0,0,0,0,0,0,0,0,0,0
мисливець,0,1,0,1,0,1,0,1,0,0
полювання,1,1,0,1,0,1,0,0,0,0
кидати,0,0,0,0,0,0,0,0,0,0
ура,0,0,0,0,1,0,1,0,0,0
ураган,0,0,0,1,0,1,0,0,0,0
поспішав,0,1,0,0,0,1,0,0,0,0
поспішати,0,1,0,0,0,0,0,0,0,0
боляче,1,0,0,1,0,1,0,1,0,0
боляче,1,0,1,1,0,1,0,1,0,0
боляче,1,0,0,1,0,1,0,1,0,0
господарство,0,0,0,0,0,0,1,0,0,1
тиша,0,0,0,0,0,0,1,0,0,0
замовкли,0,0,0,0,0,0,0,0,0,0
лушпиння,0,0,0,0,0,0,0,0,0,0
хаскі,0,0,0,0,0,0,0,0,0,0
суєта,0,0,0,0,0,0,0,0,0,0
шулер,0,0,0,0,0,1,0,0,0,0
хатинка,0,0,0,0,0,0,1,1,0,0
хатка,0,0,0,0,0,0,0,0,0,0
гіацинт,0,0,0,0,0,0,0,0,0,0
гібрид,0,0,0,0,0,0,0,0,0,0
гідра,0,0,0,1,0,1,0,0,0,0
гідравліка,0,0,0,0,0,0,0,0,0,0
гідроцефалія,0,0,1,1,0,1,0,1,0,0
гідродинаміка,0,0,0,0,0,0,0,0,0,0
водень,0,0,0,0,0,0,0,0,0,0
гідрографічний,0,0,0,0,0,0,0,0,0,0
гідрологія,0,0,0,0,0,0,0,0,0,0
гігієна,0,0,0,0,0,0,0,0,0,0
гігієнічний,0,0,0,0,0,0,1,0,0,0
гімн,0,1,0,0,1,0,1,1,0,1
ажіотаж,0,1,0,0,0,1,0,0,0,0
гіпербола,0,0,0,0,0,1,0,0,0,0
гіпертрофія,0,0,1,1,0,0,0,0,1,0
дефіс,0,0,0,0,0,0,0,0,0,0
снодійний,0,0,0,0,0,0,0,0,0,0
загіпнотизований,0,0,0,0,0,0,0,0,0,0
лицемірство,0,0,0,0,0,1,0,0,0,0
лицемір,0,0,1,0,0,1,0,0,0,0
лицемірний,0,0,1,0,0,1,0,0,0,0
гіпотеза,0,1,0,0,0,0,0,0,1,0
гіпотетичний,0,0,0,0,0,0,0,0,0,0
істерика,0,0,0,1,0,1,0,0,0,0
істеричний,1,0,0,1,0,1,0,0,0,0
лід,0,0,0,0,0,0,0,0,0,0
айсберг,0,0,0,0,0,0,0,0,0,0
значок,0,0,0,0,0,0,0,0,0,0
знаковий,0,0,0,0,0,0,0,0,0,0
іконопис,0,0,0,0,0,0,0,0,0,0
крижаний,0,0,0,0,0,0,0,0,0,0
ідея,0,0,0,0,0,0,0,0,0,0
ідеалізм,0,0,0,0,0,0,1,0,0,0
ідеаліст,0,0,0,0,0,0,0,0,0,0
однакові,0,0,0,0,0,0,0,0,0,0
ідентично,0,0,0,0,0,0,0,0,0,0
ідентифікація,0,0,0,0,0,0,0,0,0,0
ідентифікувати,0,0,0,0,0,0,0,0,0,0
ідентичність,0,0,0,0,0,0,0,0,0,0
ідеологія,0,0,0,0,0,0,0,0,0,0
ідіотизм,1,0,1,0,0,1,0,1,0,0
ідіома,0,0,0,0,0,0,0,0,0,0
ідіоматичний,0,0,0,0,0,0,0,0,0,0
ідіот,0,0,1,0,0,1,0,0,0,0
ідіотський,1,0,1,0,0,1,0,0,0,0
непрацюючий,0,0,0,0,0,0,0,0,0,0
неробство,0,0,0,0,0,0,0,0,0,0
нероба,0,0,0,0,0,1,0,0,0,0
ідол,0,0,0,0,0,0,1,0,0,0
ідолопоклонство,0,0,1,1,0,1,0,0,0,0
іглу,0,0,0,0,0,0,0,0,0,0
магматичний,0,0,0,0,0,0,0,0,0,0
запалити,0,0,0,0,0,0,0,0,0,0
запалювання,0,0,0,0,0,0,0,0,0,0
невігластво,0,0,0,0,0,1,0,0,0,0
невіглас,0,0,1,0,0,1,0,0,0,0
ігнорувати,0,0,0,0,0,1,0,0,0,0
ік,0,0,0,0,0,0,0,0,0,0
хворий,1,0,1,1,0,1,0,1,0,0
незаконний,1,0,1,1,0,1,0,1,0,0
незаконність,1,0,1,1,0,1,0,0,0,0
незаконно,0,0,0,0,0,0,0,0,0,0
нерозбірливий,0,0,0,0,0,1,0,0,0,0
нелегітимний,1,0,1,1,0,1,0,1,1,0
незаконний,1,0,1,1,0,1,0,0,0,0
неписьменний,0,0,1,0,0,1,0,0,0,0
захворювання,0,0,0,1,0,1,0,1,0,0
нелогічно,0,0,0,0,0,1,0,0,0,0
висвітлювати,0,1,0,0,1,0,1,0,1,0
освітлення,0,0,0,0,1,0,1,0,1,1
освітлювач,0,0,0,0,0,0,0,0,0,0
ілюзія,0,0,0,0,0,1,0,0,1,0
ілюструвати,0,0,0,0,0,0,1,0,0,0
ілюстрація,0,0,0,0,0,0,0,0,0,0
ілюстративний,0,0,0,0,0,0,0,0,0,0
видатний,0,0,0,0,0,0,1,0,0,0
зображення,0,0,0,0,0,0,0,0,0,0
образність,0,0,0,0,0,0,0,0,0,0
уявний,0,0,0,0,0,0,0,0,0,0
уява,0,0,0,0,0,0,0,0,0,0
образний,0,0,0,0,0,0,1,0,0,0
уявіть собі,0,0,0,0,0,0,0,0,0,0
уяви,0,0,0,0,0,0,0,0,0,0
уявляючи,0,0,0,0,0,0,0,0,0,0
імам,0,0,0,0,0,0,0,0,0,0
вбудований,0,0,0,0,0,0,0,0,0,0
наслідувати,0,0,0,0,0,0,0,0,0,0
наслідували,0,0,0,0,0,1,0,0,0,0
наслідування,0,0,0,0,0,1,0,0,0,0
бездоганний,0,0,0,0,1,0,1,0,0,1
несуттєвий,0,0,0,0,0,0,0,0,0,0
незрілі,0,1,0,0,0,1,0,0,0,0
незрілість,1,1,0,0,0,1,0,0,0,0
неосяжний,0,0,0,0,0,0,0,0,0,0
незмірно,0,0,0,0,0,0,0,0,0,0
безпосередність,0,0,0,0,0,0,0,0,1,0
негайно,0,1,0,0,0,1,1,0,0,0
незапам'ятний,0,0,0,0,0,0,0,0,0,0
величезний,0,0,0,0,0,0,1,0,0,0
занурити,0,1,0,1,1,0,1,0,1,1
занурення,0,0,0,0,0,0,0,0,0,0
іммігрант,0,0,0,1,0,0,0,0,0,0
імміграція,0,0,0,0,0,0,0,0,0,0
неминучим,0,1,0,1,0,0,0,0,0,0
аморальний,1,0,1,1,0,1,0,1,0,0
аморальність,1,0,1,0,0,1,0,0,0,0
безсмертний,0,0,0,0,0,0,1,0,0,0
безсмертя,0,1,0,0,0,0,0,0,0,0
нерухомий,0,0,0,0,0,1,1,0,0,1
імунний,0,0,0,0,0,0,0,0,0,0
імунітет,0,0,0,0,0,0,0,0,0,0
імунізація,0,0,0,0,0,0,0,0,0,1
незмінний,0,0,0,0,0,0,0,0,0,0
імп,0,0,0,0,0,0,0,0,0,0
вплив,0,0,0,0,0,0,0,0,0,0
погіршувати,0,0,0,0,0,1,0,0,0,0
порушення,0,0,0,0,0,1,0,0,0,0
передавати,0,0,0,0,0,0,1,0,0,1
неупереджений,0,0,0,0,0,0,1,0,0,1
неупередженість,0,0,0,0,0,0,1,0,0,1
непрохідний,0,0,0,0,0,1,0,0,0,0
пристрасний,0,0,0,0,0,0,0,0,0,0
нетерпіння,0,0,0,0,0,1,0,0,0,0
нетерплячий,0,1,0,0,0,1,0,0,0,0
імпічмент,0,0,1,1,0,1,0,0,0,0
імпічмент,0,0,0,0,0,1,0,0,0,0
бездоганний,0,0,0,0,0,0,1,0,0,1
перешкоджати,0,0,0,0,0,1,0,0,0,0
перешкода,0,0,0,0,0,0,0,0,0,0
спонукали,0,0,0,0,0,0,0,0,0,0
насувається,0,1,0,1,0,0,0,0,0,0
непроникний,0,0,0,0,0,0,0,0,0,1
імператив,0,0,0,0,0,0,0,0,0,0
непомітний,0,0,0,0,0,0,0,0,0,0
недосконалість,0,0,0,0,0,1,0,0,0,0
недосконало,0,0,0,0,0,1,0,0,0,0
імператорський,0,0,0,0,0,0,0,0,0,0
непроникний,1,0,0,1,0,0,0,0,0,0
неприпустимий,0,0,0,0,0,0,0,0,0,0
безособовий,0,0,0,0,0,0,0,0,0,0
уособлювати,0,0,0,0,0,1,0,0,0,0
уособлення,0,0,0,0,0,1,0,0,0,0
непроникний,0,0,0,0,0,0,1,0,0,0
поштовх,0,0,0,0,0,0,0,0,0,0
невблаганний,0,0,0,0,0,1,0,0,0,0
імплант,0,0,0,0,0,0,0,0,0,0
імплантація,0,0,0,0,0,0,0,0,0,0
імплантований,0,0,0,0,0,0,0,0,0,0
реалізувати,0,0,0,0,0,0,0,0,0,0
замішати,1,0,0,0,0,1,0,0,0,0
замішаний,0,0,0,0,0,0,0,0,0,0
підтекст,0,0,0,0,0,0,0,0,0,0
мається на увазі,0,0,0,0,0,0,0,0,0,0
благати,0,0,0,0,0,0,0,0,0,0
імплозія,0,0,0,0,0,0,0,0,0,0
мати на увазі,0,0,0,0,0,0,0,0,0,0
неввічливий,0,0,1,0,0,1,0,0,0,0
імпорт,0,0,0,0,0,0,0,0,0,0
важливість,0,1,0,0,0,0,1,0,0,0
важливо,0,0,0,0,0,0,1,0,0,1
імпорт,0,0,0,0,0,0,0,0,0,0
нав'язувати,0,0,0,0,0,0,0,0,0,0
імпозантний,0,0,0,0,0,0,0,0,0,0
накладення,0,0,0,0,0,1,0,0,0,0
неможливість,0,0,0,0,0,0,0,0,0,0
неможливо,0,0,0,0,0,1,0,1,0,0
імпотенція,1,0,0,1,0,1,0,1,0,0
імпотент,0,0,0,0,0,1,0,0,0,0
конфіскувати,0,0,0,0,0,1,0,0,0,0
нездійсненно,0,0,0,0,0,1,0,0,0,0
справити враження,0,0,0,0,0,0,1,0,0,0
враження,0,0,0,0,0,0,1,0,0,0
вразливий,0,0,0,0,0,0,0,0,0,1
відбиток,0,0,0,0,0,0,0,0,0,0
ув'язнити,0,0,0,0,0,1,0,0,0,0
ув'язнений,1,0,1,1,0,1,0,1,0,0
позбавлення волі,1,0,1,1,0,1,0,1,0,0
неймовірно,0,0,0,0,0,0,0,0,0,0
експромт,0,0,0,0,0,0,0,0,0,0
некоректність,0,0,0,0,0,1,0,0,0,0
покращити,0,1,0,0,1,0,1,0,0,1
покращений,0,0,0,0,0,0,1,0,0,0
поліпшення,0,0,0,0,1,0,1,0,0,1
поліпшення,0,0,0,0,0,0,1,0,0,0
імпровізація,0,0,0,0,0,0,0,0,1,0
імпровізувати,0,1,0,0,0,0,1,0,1,0
імпровізовані,0,0,0,0,0,0,0,0,0,0
необачно,0,0,0,0,0,1,0,1,0,0
імпульс,0,0,0,0,0,0,0,0,0,0
безкарність,0,0,0,0,0,0,0,0,0,0
нечистий,0,0,1,0,0,1,0,0,0,0
домішки,0,0,1,0,0,1,0,0,0,0
імпутація,0,0,0,0,0,1,0,0,0,0
неспроможність,0,0,0,0,0,1,0,1,0,0
недоступний,0,0,0,0,0,1,0,0,0,0
неточно,0,0,0,0,0,1,0,0,0,0
бездіяльність,0,0,0,0,0,1,0,0,0,0
інактивувати,0,0,0,0,0,0,0,0,0,0
інактивація,0,0,0,0,0,0,0,0,0,0
неактивний,0,0,0,0,0,0,0,0,0,0
бездіяльність,0,0,0,0,0,1,0,0,0,0
неадекватність,0,0,0,0,0,1,0,0,0,0
неадекватний,0,0,0,0,0,1,0,1,0,0
неприпустимий,1,0,1,0,0,1,0,0,0,0
ненавмисне,0,0,0,0,0,0,0,0,0,0
ненавмисно,0,0,0,0,0,0,0,0,0,0
невідчужуваний,0,0,0,0,0,0,1,0,0,0
безглуздий,0,0,0,0,0,1,0,0,0,0
неживий,0,0,0,0,0,0,0,0,0,0
незастосовний,0,0,0,0,0,1,0,0,0,0
недоречно,1,0,1,0,0,1,0,1,0,0
неуважність,1,0,0,0,0,1,0,0,0,0
нечутно,0,0,0,0,0,1,0,0,0,0
інавгураційний,0,1,0,0,0,0,0,0,0,0
урочисто відкривати,0,0,0,0,0,0,0,0,0,0
інавгурація,0,1,0,0,1,0,1,0,0,1
вроджений,0,0,0,0,0,0,0,0,0,0
інбредний,0,0,0,0,0,0,0,0,0,0
незліченний,0,0,0,0,0,1,0,0,0,0
лампи розжарювання,0,0,0,0,0,0,0,0,0,0
нездатний,0,0,0,0,0,0,0,0,0,0
недієздатність,0,0,0,0,0,1,0,0,0,0
позбавлення волі,1,0,1,1,0,1,0,1,0,0
упаковка,1,0,1,1,0,1,0,1,0,0
запальний,1,0,0,1,0,1,0,0,1,0
ладан,1,0,0,0,0,1,0,0,0,0
стимул,0,0,0,0,0,0,0,0,0,0
початок,0,0,0,0,0,0,0,0,0,0
безперервний,0,0,0,0,0,1,0,0,0,0
безперервно,0,0,0,0,0,0,0,0,0,0
інцест,1,0,1,1,0,1,0,1,0,0
інцестуозний,0,0,1,0,0,1,0,0,0,0
дюйм,0,0,0,0,0,0,0,0,0,0
захворюваність,0,0,0,0,0,0,0,0,0,0
інцидент,0,0,0,0,0,0,0,0,1,0
до речі,0,0,0,0,0,0,0,0,0,0
спалювання,0,0,0,0,0,1,0,0,0,0
зароджується,0,0,0,0,0,0,0,0,0,0
розріз,0,0,0,0,0,0,0,0,0,0
ріжучий,0,0,0,0,0,0,1,0,0,0
підбурювати,1,1,0,1,0,1,0,0,0,0
підбурювання,0,0,0,0,0,0,0,0,0,0
непогожий,0,0,0,0,0,1,0,0,0,0
нахил,0,0,0,0,0,0,0,0,0,0
нахил,0,0,0,0,0,0,0,0,0,1
похилий,0,0,0,0,0,0,0,0,0,0
включати,0,0,0,0,0,0,1,0,0,0
включені,0,0,0,0,0,0,1,0,0,0
в тому числі,0,0,0,0,0,0,1,0,0,0
включення,0,0,0,0,0,0,0,0,0,1
включно,0,0,0,0,0,0,1,0,0,0
анонімний,0,0,0,0,0,0,0,0,0,0
незв'язний,0,0,0,0,0,1,0,0,0,0
дохід,0,1,0,0,1,1,1,1,0,1
вхідні,0,0,0,0,0,0,0,0,0,0
несумісні,1,0,1,0,0,1,0,1,0,0
некомпетентність,0,0,0,0,0,1,0,0,0,0
некомпетентний,1,0,0,0,0,1,0,1,0,0
неповністю,0,0,0,0,0,0,0,0,0,0
неповнота,0,0,0,0,0,1,0,0,0,0
незрозумілий,0,0,0,0,0,1,0,0,0,0
безрезультатний,0,0,0,0,0,0,0,0,0,0
невідповідний,1,0,0,0,0,1,0,0,0,0
несуттєвий,0,0,0,0,0,1,0,1,0,0
неуважний,1,0,1,0,0,1,0,1,0,0
невідповідність,0,0,0,0,0,1,0,0,0,0
малопомітний,0,0,0,0,0,0,0,0,0,0
нетримання сечі,0,0,0,0,0,0,0,0,1,0
незручно,1,0,1,0,0,1,0,1,0,0
включати,0,0,0,0,0,0,0,0,0,0
інкорпорація,0,0,0,0,0,0,0,0,0,0
неправильно,0,0,0,0,0,1,0,0,0,0
збільшити,0,0,0,0,0,0,1,0,0,0
збільшився,0,0,0,0,0,0,0,0,0,0
недовірливий,1,0,1,0,0,1,0,0,0,0
приріст,0,0,0,0,0,0,0,0,0,0
інкримінація,0,0,0,1,0,1,0,1,0,0
інкубація,0,0,0,0,0,0,0,0,0,0
інкуб,0,0,1,1,0,1,0,0,0,0
понести,0,0,0,0,0,1,0,0,0,0
невиліковний,1,0,1,1,0,1,0,1,0,0
вторгнення,0,0,0,1,0,1,0,0,0,0
заборгований,0,0,0,0,0,0,0,0,0,0
непристойність,1,0,1,0,0,0,0,0,0,0
непристойний,0,0,1,0,0,1,0,0,0,0
нерішучість,0,0,0,0,0,1,0,0,0,0
нерішучий,0,0,0,0,0,1,0,0,0,0
невиправданий,0,0,0,1,0,1,0,0,0,0
незмивний,0,0,0,0,0,0,1,0,0,1
компенсація,0,0,0,0,0,0,0,0,0,0
відшкодувати,0,0,0,0,0,1,0,0,0,0
відшкодування,0,0,0,0,0,0,1,0,0,1
відступ,0,0,0,0,0,0,0,0,0,1
відступ,0,0,0,0,0,0,0,0,0,0
договір,1,0,0,0,0,1,0,0,0,0
незалежність,0,1,0,0,1,0,1,0,1,1
незалежний,0,0,0,0,0,0,0,0,0,0
неможливо описати,0,0,0,0,0,0,0,0,0,0
непорушний,0,0,0,0,0,0,1,0,0,1
невизначений,0,0,0,0,0,1,0,0,0,0
індекс,0,0,0,0,0,0,0,0,0,0
із зазначенням,0,0,0,0,0,0,0,0,0,0
індикація,0,0,0,0,0,0,0,0,0,0
орієнтовний,0,0,0,0,0,0,0,0,0,0
індикатор,0,0,0,0,0,0,0,0,0,0
індекс,0,0,0,0,0,0,0,0,0,0
обвинувачений,1,0,0,1,0,1,0,0,0,0
обвинувачення,0,0,0,1,0,1,0,0,0,0
байдужість,1,0,1,1,0,1,0,1,0,0
корінне населення,0,0,0,0,0,0,0,0,0,0
незаможний,0,0,0,0,0,1,0,1,0,0
розлад травлення,0,0,0,0,0,0,0,0,0,0
обурений,1,0,0,0,0,1,0,0,0,0
обурення,1,0,1,0,0,1,0,0,0,0
індиго,0,0,0,0,0,0,0,0,0,0
непрямий,0,0,0,0,0,0,0,0,0,0
незамінний,0,0,0,0,0,0,0,0,0,0
невиразний,0,0,0,0,0,1,0,0,0,0
нерозрізнений,0,0,0,0,0,0,0,0,0,0
індивідуальність,0,0,0,0,0,0,1,0,0,0
неподільний,0,0,0,0,0,0,0,0,0,1
індоктринація,1,0,0,1,0,1,0,0,0,0
лінивий,0,0,0,0,0,1,0,0,0,0
незламний,0,0,0,1,0,0,1,0,0,0
закритий,0,0,0,0,0,0,0,0,0,0
спонукати,0,0,0,0,0,0,0,0,0,0
індукований,0,0,0,0,0,0,0,0,0,0
спонукання,0,0,0,0,0,0,0,0,0,0
індукція,0,0,0,0,0,0,0,0,0,0
потурати,0,0,0,0,0,0,0,0,0,0
поблажливість,0,0,0,0,0,0,0,0,0,0
поблажливий,0,0,0,0,0,0,0,0,0,0
працьовитий,0,0,0,0,0,0,0,0,0,0
промисловість,0,0,0,0,0,0,0,0,0,0
невимовний,0,0,0,0,0,0,1,0,0,0
неефективний,0,0,0,0,0,1,0,0,0,0
неефективний,0,0,1,0,0,1,0,0,0,0
неефективність,0,0,1,0,0,1,0,1,0,0
неефективний,0,0,0,0,0,1,0,1,0,0
нееластичний,0,0,0,0,0,0,0,0,0,0
непридатний,0,0,0,0,0,0,0,0,0,0
невмілий,1,0,1,0,0,1,0,0,0,0
бездарність,0,0,1,1,0,1,0,1,0,0
нерівність,1,0,0,1,0,1,0,1,0,0
несправедливий,0,0,0,0,0,1,0,0,0,0
інертний,0,0,0,0,0,1,0,0,0,0
інерція,0,0,0,0,0,0,0,0,0,0
неминуче,0,0,0,0,0,0,0,0,0,0
неточно,0,0,0,0,0,0,0,0,0,0
непробачний,1,0,1,0,0,1,0,1,0,0
невичерпний,0,0,0,0,0,0,0,0,0,0
недорогий,0,0,0,0,0,0,1,0,0,0
недосвідченість,0,0,0,0,0,1,0,0,0,0
недосвідчений,0,0,0,0,0,1,0,0,0,0
незрозумілий,0,0,0,0,0,1,0,0,1,0
непогрішимість,0,0,0,0,0,0,0,0,0,1
безпомилковий,0,0,0,0,0,0,1,0,0,0
сумно відомий,1,0,1,1,0,1,0,0,0,0
ганьба,0,0,0,0,0,1,0,1,0,0
дитинство,0,0,0,0,0,0,0,0,0,0
немовля,0,1,0,1,1,0,1,0,1,0
дітовбивство,1,1,1,1,0,1,0,1,0,0
інфантильний,1,0,1,0,0,1,0,0,0,0
піхота,0,0,0,0,0,0,0,0,0,0
інфаркт,0,0,0,1,0,1,0,0,1,0
закоханість,0,0,0,0,0,0,0,0,0,0
нездійсненний,0,0,0,0,0,0,0,0,0,0
заразити,0,0,1,0,0,1,0,0,0,0
інфекція,0,0,0,1,0,1,0,0,0,0
інфекційні,0,0,1,1,0,1,0,1,0,0
зробити висновок,0,0,0,0,0,0,0,0,0,0
висновок,0,0,0,0,0,0,0,0,0,0
висновковий,0,0,0,0,0,0,0,0,0,0
неповноцінний,0,0,0,0,0,1,0,1,0,0
неповноцінність,0,0,0,0,0,1,0,0,0,0
пекло,1,0,0,1,0,1,0,0,0,0
безплідний,0,0,0,0,0,0,0,0,0,0
безпліддя,0,0,0,0,0,1,0,1,0,0
зараження,0,0,1,1,0,1,0,0,0,0
невірний,1,0,1,1,0,1,0,0,0,0
невірність,1,0,1,1,0,1,0,1,0,0
інфільтрація,0,0,0,0,0,1,1,0,0,0
нескінченний,0,0,0,0,0,0,1,0,0,0
нескінченно,0,0,0,0,0,0,0,0,0,0
нескінченно малий,0,0,0,0,0,0,0,0,0,0
нескінченність,0,1,0,0,1,0,1,0,0,1
немічний,0,0,0,0,0,1,0,0,0,0
лазарет,0,0,0,0,0,0,0,0,0,0
недуга,0,0,0,1,0,1,0,0,0,0
запалення,0,0,0,0,0,1,0,0,0,0
надутий,0,0,0,0,0,1,0,0,0,0
інфляція,0,0,0,1,0,1,0,0,0,0
перегин,0,0,0,0,0,0,0,0,0,0
наносити,1,0,0,1,0,1,0,1,0,0
заподіяння,0,0,0,1,0,1,0,1,0,0
суцвіття,0,0,0,0,0,0,0,0,0,0
вплив,0,0,0,0,0,1,1,0,0,0
впливовий,0,0,0,0,0,0,1,0,0,1
грип,0,0,0,0,0,1,0,0,0,0
приплив,0,0,0,0,0,0,0,0,0,0
інформ,0,0,0,0,0,0,0,0,0,1
неформальний,0,0,0,0,0,0,0,0,0,0
інформатор,0,0,0,0,0,0,0,0,0,0
інформації,0,0,0,0,0,0,1,0,0,0
поінформований,0,0,0,0,0,0,0,0,0,0
інформатор,0,0,0,0,0,1,0,0,0,0
порушення,1,0,0,0,0,1,0,0,0,0
нечасті,0,0,0,0,0,0,0,0,1,0
нечасто,0,0,0,0,0,1,0,0,0,0
порушення,0,0,0,0,0,1,0,0,0,0
настоювати,0,0,0,0,0,0,0,0,0,0
настояний,0,0,0,0,0,0,0,0,0,0
настій,0,0,0,0,0,0,0,0,0,0
геніальний,0,0,0,0,0,0,1,0,0,0
винахідливість,0,0,0,0,0,0,0,0,0,0
ковтати,0,0,0,0,0,0,0,0,0,0
проковтування,0,0,0,0,0,0,0,0,0,0
злиток,0,0,0,0,0,0,0,0,0,0
вкорінений,0,0,0,0,0,0,0,0,0,0
інгредієнт,0,0,0,0,0,0,0,0,0,0
вхід,0,0,0,0,0,0,0,0,0,0
населяти,0,0,0,0,0,0,0,0,0,0
мешканець,0,0,0,0,0,0,0,0,0,0
населений,0,0,0,0,0,0,0,0,0,0
заселяючи,0,0,0,0,0,0,0,0,0,0
вдихання,0,0,0,0,0,0,0,0,0,0
вдихніть,0,0,0,0,0,0,0,0,0,0
притаманний,0,0,0,0,0,0,0,0,0,0
успадкувати,0,0,0,0,0,0,0,0,0,0
успадкування,0,1,0,0,1,0,1,0,1,1
гальмувати,1,0,1,0,0,1,0,1,0,0
гальмування,0,0,0,0,0,0,0,0,0,0
негостинний,0,0,0,0,0,1,0,1,0,0
нелюдський,1,0,1,1,0,1,0,1,0,0
нелюдяність,0,0,0,0,0,1,0,1,0,0
ворожий,1,0,0,0,0,1,0,1,0,0
неповторний,0,0,0,0,0,0,1,0,0,1
беззаконня,0,0,1,0,0,1,0,0,0,0
початковий,0,0,0,0,0,0,0,0,0,0
ініціювати,0,0,0,0,0,0,0,0,0,0
розпочато,0,0,0,0,0,0,0,0,0,0
ініціатива,0,0,0,0,0,0,0,0,0,0
вводити,0,0,0,0,0,0,0,0,0,0
ін'єкція,0,0,0,1,0,0,0,0,0,0
заборона,0,0,0,0,0,1,0,0,0,0
поранити,1,0,0,1,0,1,0,1,0,0
поранений,0,0,0,1,0,1,0,1,0,0
травмуючий,1,0,0,1,0,1,0,1,0,0
травма,1,0,0,1,0,1,0,1,0,0
несправедливість,1,0,0,0,0,1,0,0,0,0
чорнило,0,0,0,0,0,0,0,0,0,0
натякаючи,0,0,0,0,0,0,0,0,0,0
внутрішній,0,0,0,0,0,0,0,0,0,0
інкрустація,0,0,0,0,0,0,0,0,0,0
вхідний отвір,0,0,0,0,0,0,0,0,0,0
ув'язнений,0,0,1,1,0,1,0,0,0,0
готель,0,0,0,0,0,0,0,0,0,0
вроджений,0,0,0,0,0,0,0,0,0,0
найпотаємніший,0,0,0,0,0,0,0,0,0,0
подач,0,0,0,0,0,0,0,0,0,0
корчмар,0,0,0,0,0,0,0,0,0,0
невинність,0,0,0,0,0,0,1,0,0,0
невинний,0,0,0,0,0,0,1,0,0,1
невинно,0,0,0,0,0,0,1,0,0,0
нешкідливий,0,0,0,0,0,0,1,0,0,0
інновації,0,0,0,0,0,0,1,0,0,0
інноваційність,0,0,0,0,0,0,1,0,0,0
інсинуація,0,0,0,0,0,0,0,0,0,0
незліченні,0,0,0,0,0,0,0,0,0,0
щеплення,0,1,0,0,0,0,0,0,0,1
непрацездатний,1,0,0,0,0,1,0,0,0,0
непомірний,0,0,0,0,0,0,0,0,0,0
неорганічні,0,0,0,0,0,0,0,0,0,0
розслідування,0,0,0,0,0,0,0,0,0,0
запитати,0,0,0,0,0,0,0,0,0,0
запитувач,0,0,0,0,0,0,1,0,0,0
допитливий,0,0,0,0,0,0,0,0,0,0
запит,0,1,0,0,0,0,1,0,0,0
допитливий,0,0,0,0,0,0,1,0,0,0
божевільний,1,0,0,1,0,1,0,0,0,0
божевілля,1,0,1,1,0,1,0,1,0,0
напис,0,0,0,0,0,0,0,0,0,0
незбагненний,0,0,0,0,0,0,0,0,0,0
комаха,0,0,0,0,0,0,0,0,0,0
невпевнений,1,0,0,1,0,1,0,1,0,0
незахищеність,0,0,0,1,0,1,0,0,0,0
нерозлучні,0,0,0,0,1,0,1,0,0,1
вставка,0,0,0,0,0,0,0,0,0,0
вставлено,0,0,0,0,0,0,0,0,0,0
вставка,0,0,0,0,0,0,0,0,0,0
всередині,0,0,0,0,0,0,0,0,0,0
підступний,1,0,1,1,0,1,0,0,0,0
в полі зору,0,0,0,0,0,0,0,0,0,0
відзнаки,0,0,0,0,0,0,1,0,0,0
незначність,0,0,0,0,0,1,0,0,0,0
незначний,1,0,0,0,0,1,0,1,0,0
прісний,0,0,0,0,0,1,0,0,0,0
наполягати,0,0,0,0,0,0,0,0,0,0
нахабний,0,0,0,0,0,1,0,0,0,0
нерозчинний,0,0,0,0,0,0,0,0,0,0
неплатоспроможність,0,0,0,1,0,1,0,1,1,0
неплатоспроможний,0,0,0,1,0,1,0,1,0,1
оглядати,0,0,0,0,0,0,0,0,0,0
інспектор,0,0,0,0,0,0,1,0,0,0
натхнення,0,1,0,0,1,0,1,0,0,0
надихати,0,1,0,0,1,0,1,0,0,1
натхненний,0,0,0,0,1,0,1,0,1,1
нестабільність,0,0,1,1,0,1,0,0,0,0
встановити,0,1,0,0,0,0,0,0,0,0
установка,0,0,0,0,0,0,0,0,0,0
розстрочка,0,0,0,0,0,0,0,0,0,0
екземпляр,0,0,0,0,0,0,0,0,0,0
миттєвий,0,0,0,0,0,0,0,0,0,0
миттєвий,0,0,0,0,0,0,0,0,0,0
миттєво,0,0,0,0,0,0,0,0,0,0
підбурювати,0,0,0,0,0,1,0,0,0,0
підбурювання,0,0,0,0,0,1,0,0,0,0
прищепити,0,0,0,0,0,0,0,0,0,0
інстинкт,0,0,0,0,0,0,0,0,0,0
інстинктивний,1,0,1,1,0,0,1,0,0,0
інститут,0,0,0,0,0,0,0,0,0,1
установа,0,0,0,0,0,0,0,0,0,0
інструктувати,0,0,0,0,0,0,1,0,0,1
проінструктований,0,0,0,0,0,0,0,0,0,0
інструкція,0,0,0,0,0,0,1,0,0,1
навчальний,0,0,0,0,0,0,0,0,0,0
інструкції,0,1,0,0,0,0,0,0,0,1
повчальний,0,0,0,0,0,0,0,0,0,0
інструктор,0,1,0,0,0,0,1,0,0,1
інструмент,0,0,0,0,0,0,0,0,0,0
інструментальний,0,0,0,0,0,0,1,0,0,0
інструменталіст,0,0,0,0,0,0,0,0,0,0
інструментальність,0,0,0,0,0,0,0,0,0,0
недостатність,1,0,0,0,0,1,0,0,0,0
недостатній,0,0,0,0,0,1,0,0,0,0
недостатньо,0,0,0,0,0,1,0,0,0,0
острівний,0,0,0,0,0,0,0,0,0,0
ізолювати,0,0,0,0,0,0,0,0,0,0
ізоляція,0,0,0,0,0,0,0,0,0,1
образа,1,0,1,0,0,1,0,1,1,0
образливий,1,0,1,1,0,1,0,1,0,0
страхування,0,0,0,0,0,0,0,0,0,0
застрахувати,0,0,0,0,0,0,1,0,0,1
повстанський,0,0,0,0,0,1,0,0,0,0
нездоланні,0,0,0,1,0,1,0,1,0,0
повстання,1,0,0,0,0,1,0,0,0,0
неушкодженим,0,0,0,0,0,0,1,0,0,1
нематеріальний,0,0,0,0,0,0,0,0,0,0
ціле число,0,0,0,0,0,0,0,0,0,0
інтегральний,0,0,0,0,0,0,0,0,0,0
інтегрувати,0,0,0,0,0,0,0,0,0,0
інтеграція,0,0,0,0,0,0,0,0,0,0
цілісність,0,0,0,0,0,0,1,0,0,1
інтелект,0,0,0,0,0,0,1,0,0,0
інтелектуальний,0,0,0,0,0,0,1,0,0,0
інтелект,0,0,0,1,1,0,1,0,0,1
розумний,0,0,0,0,0,0,1,0,0,1
зрозумілість,0,0,0,0,0,0,0,0,0,0
зрозумілий,0,0,0,0,0,0,0,0,0,0
мають намір,0,0,0,0,0,0,0,0,0,1
призначений,0,1,0,0,0,0,1,0,0,0
маючи намір,0,0,0,0,0,0,0,0,0,0
інтенсивний,1,0,1,1,1,1,1,0,1,1
інтенсивно,0,0,0,0,0,0,0,0,0,0
посилюватися,0,0,0,0,0,0,0,0,0,0
інтенсивність,0,0,0,0,0,0,0,0,0,0
намір,0,0,0,0,0,0,0,0,0,0
намір,0,0,0,0,0,0,0,0,0,0
навмисне,0,0,0,0,0,0,0,0,0,0
навмисно,0,0,0,0,0,0,0,0,0,0
інтер,0,0,0,0,0,1,0,1,0,0
взаємодія,0,0,0,0,0,0,0,0,0,0
заступатися,0,0,0,1,0,0,0,1,0,0
перехопити,0,0,0,0,0,0,0,0,0,0
перехоплення,0,0,0,0,0,0,0,0,0,0
заступництво,0,0,0,0,0,0,0,0,0,1
обмін,0,0,0,0,0,0,0,0,0,0
взаємозамінні,0,0,0,0,0,0,0,0,0,0
поміняти місцями,0,0,0,0,0,0,0,0,0,0
домофон,0,0,0,0,0,0,0,0,0,0
статевий акт,0,0,0,0,0,0,1,0,0,0
взаємозалежність,0,0,0,0,0,0,0,0,0,0
взаємозалежні,0,0,0,0,0,0,0,0,0,0
заборона,0,0,0,0,0,1,0,0,0,0
інтерес,0,0,0,0,0,0,1,0,0,0
зацікавлений,0,0,1,0,0,0,1,1,0,0
цікаво,0,0,0,0,0,0,1,0,0,0
втручання,0,0,0,0,0,1,0,0,0,0
інтерферометр,0,0,0,0,0,0,0,0,0,0
проміжний,0,1,0,0,0,0,0,0,0,0
інтер'єр,0,0,1,0,0,0,1,0,0,1
проміжний,0,0,0,0,0,0,1,0,0,0
інтерлюдія,0,0,0,0,0,0,1,0,0,0
посередник,0,0,0,0,0,0,0,0,0,0
проміжний,0,0,0,0,0,0,0,0,0,0
поховання,0,0,0,0,0,1,0,1,0,0
нескінченний,1,1,0,0,0,1,1,0,0,0
антракт,0,1,0,0,0,0,0,0,0,0
переривчастий,0,0,0,0,0,0,0,0,0,0
інтерн,0,0,0,0,0,0,0,0,0,0
внутрішній,0,0,0,0,0,0,0,0,0,0
внутрішньо,0,0,0,0,0,0,0,0,0,0
міжнародний,0,0,0,0,0,0,0,0,0,0
інтерполювати,0,0,0,0,0,0,0,0,0,0
інтерполяція,0,0,0,0,0,0,0,0,0,0
інтерпретувати,0,0,0,0,0,0,0,0,0,0
інтерпретація,0,0,0,0,0,0,0,0,0,0
перекладач,0,0,0,0,0,0,0,0,0,0
взаємопов'язані,0,0,0,0,0,0,0,0,0,0
допитувати,0,0,0,1,0,0,0,0,0,0
допит,0,0,0,1,0,0,0,0,0,0
переривати,1,0,0,0,0,1,0,0,1,0
переривається,0,0,0,0,0,1,0,1,0,0
переривання,0,0,0,0,0,0,0,0,0,0
перетинаються,0,0,0,0,0,0,0,0,0,0
перетин,0,0,0,0,0,0,0,0,0,0
інтерстиціальний,0,0,0,0,0,0,0,0,0,0
інтервал,0,0,0,0,0,0,0,0,0,0
втручання,0,0,0,0,0,0,0,0,0,0
втручання,0,0,0,0,0,1,1,1,0,0
інтерв'ю,0,0,0,0,0,0,0,0,0,0
інтерв'юер,0,0,0,1,0,0,0,0,0,0
взаємодія,0,0,0,0,0,0,0,0,0,0
без заповіту,0,0,0,0,0,1,0,0,0,0
кишковий,0,0,1,0,0,0,0,0,0,0
кишечник,0,0,0,0,0,0,0,0,0,0
кишечник,0,0,0,0,0,0,0,0,0,0
інтимність,0,0,0,0,0,0,0,0,0,0
інтимний,0,1,0,0,1,0,1,0,0,1
інтимно,0,1,0,1,1,0,0,0,0,0
натяк,0,0,0,0,0,0,0,0,0,0
залякати,0,0,0,1,0,1,0,0,0,0
залякування,1,0,0,1,0,1,0,0,0,0
нестерпний,1,0,0,0,0,1,0,0,0,0
нетерпимість,1,0,1,1,0,1,0,0,0,0
нетерпимий,1,0,1,1,0,1,0,1,0,0
інтонація,0,0,0,0,0,0,1,0,0,0
в нетверезому стані,0,0,1,0,0,1,0,0,0,0
сп'яніння,0,0,0,0,0,0,0,0,0,0
важкорозв'язний,1,0,0,0,0,1,0,0,0,0
очні,0,0,0,0,0,0,0,0,0,0
безстрашний,0,0,0,0,0,0,1,0,0,0
заплутаний,0,0,0,0,0,0,0,0,0,0
інтрига,0,1,0,1,0,1,0,0,1,0
інтригуючий,0,0,0,0,0,0,0,0,0,0
внутрішній,0,0,0,0,0,0,0,0,0,0
внутрішньо властиво,0,0,0,0,0,0,0,0,0,0
вступ,0,0,0,0,0,0,0,0,0,0
вступний,0,0,0,0,0,0,0,0,0,0
самоаналіз,0,0,0,0,0,0,0,0,0,0
інтроспективний,0,0,0,0,0,0,0,0,0,0
порушник,1,0,0,1,0,1,0,0,1,0
вторгнення,0,0,0,1,0,1,0,0,0,0
настирливий,1,0,1,1,0,1,0,0,1,0
інтуїція,0,0,0,0,0,0,1,0,0,1
інтуїтивно зрозумілий,0,0,0,0,0,0,1,0,0,0
інтуїтивно,0,1,0,0,0,0,0,0,0,0
затоплення,0,0,0,0,0,0,0,0,0,0
вторгнутися,1,0,0,1,0,1,0,1,1,0
загарбник,1,0,0,1,0,1,0,1,0,0
недійсний,0,0,0,0,0,0,0,1,0,0
визнати недійсним,0,0,0,0,0,1,0,0,0,0
визнання недійсним,0,0,0,0,0,1,0,0,0,0
недійсність,0,0,0,0,0,1,0,0,0,0
безцінний,0,0,0,0,0,0,0,0,0,0
незмінно,0,0,0,0,0,0,1,0,0,0
вторгнення,1,0,0,0,0,1,0,0,0,0
винаходити,0,0,0,0,0,0,0,0,0,0
винахід,0,0,0,0,0,0,0,0,0,0
винахідливий,0,0,0,0,0,0,1,0,0,0
винахідник,0,0,0,0,0,0,1,0,0,0
інвентар,0,0,0,0,0,0,0,0,0,0
зворотний,0,0,0,0,0,0,0,0,0,0
навпаки,0,0,0,0,0,0,0,0,0,0
інверсія,0,0,0,0,0,0,0,0,0,0
інвертувати,0,0,0,0,0,0,0,0,0,0
перевернутий,0,0,0,0,0,0,0,0,0,0
розслідувати,0,0,0,0,0,0,1,0,0,0
розслідування,0,1,0,0,0,0,0,0,0,0
слідчий,0,0,0,0,0,0,0,0,0,0
інвестор,0,0,0,0,0,0,0,0,0,0
підбадьорювати,0,0,0,0,0,0,1,0,0,0
непереможний,0,0,0,0,0,0,0,0,0,0
невидимість,0,0,0,0,0,0,0,0,0,0
невидимий,0,0,0,0,0,0,0,0,0,0
запрошення,0,1,0,0,0,0,1,0,0,0
запросити,0,1,0,0,1,0,1,0,1,1
запрошуючи,0,1,0,0,1,0,1,0,1,1
виклик,0,1,0,0,0,0,0,0,0,1
рахунок-фактура,0,0,0,0,0,0,0,0,0,0
викликати,0,1,0,0,0,0,0,0,0,0
мимовільний,0,0,0,0,0,1,0,0,0,0
інволюція,1,0,0,0,0,1,0,0,0,0
залучення,1,0,0,0,0,0,0,0,0,0
всередину,0,0,0,0,0,0,0,0,0,0
йота,0,0,0,0,0,0,0,0,0,0
розлючений,1,0,0,0,0,1,0,0,0,0
гнів,1,0,0,0,0,1,0,0,0,0
райдужний,0,0,0,0,0,0,0,0,0,0
ірис,0,0,0,1,0,0,0,0,0,0
залізо,0,0,0,0,0,0,1,0,0,1
іронічний,0,0,0,0,0,0,0,0,0,0
праски,0,0,0,0,0,1,0,0,0,0
іронія,0,0,0,0,0,0,0,0,0,0
опромінення,0,0,0,0,0,0,0,0,0,0
ірраціональний,0,0,1,1,0,1,0,0,0,0
ірраціональність,0,0,0,0,0,1,0,0,0,0
непримиренні,1,0,0,1,0,1,0,1,0,0
незвідний,0,0,0,0,0,0,1,0,0,0
незаперечний,0,0,0,0,0,0,1,0,0,1
нерегулярний,0,0,0,0,0,1,0,0,0,0
нерегулярність,0,0,0,0,0,1,0,0,0,0
нерегулярно,0,0,0,0,0,0,0,0,0,0
не має значення,0,0,0,0,0,1,0,0,0,0
непоправний,0,0,0,1,0,1,0,1,0,0
нестримний,0,0,0,0,0,0,0,0,0,0
непереборний,0,0,0,0,0,0,0,0,0,0
незалежно,0,0,0,0,0,0,0,0,0,0
безвідповідальний,0,0,0,0,0,1,0,0,0,0
непоштивий,0,0,0,0,0,1,0,0,0,0
незворотній,0,0,0,0,0,0,0,0,0,0
безповоротний,0,0,0,0,0,1,0,0,0,0
зрошувати,0,0,0,0,0,0,0,0,0,0
зрошення,0,0,0,0,0,0,0,0,0,0
дратівливість,1,0,0,0,0,1,0,0,0,0
дратівливий,1,0,0,0,0,1,0,0,0,0
дратує,1,0,1,0,0,1,0,0,0,0
роздратування,1,0,1,0,0,1,0,1,0,0
острів,0,0,0,0,0,0,0,0,0,0
острів,0,0,0,0,0,0,0,0,0,0
острівець,0,0,0,0,0,0,0,0,0,0
ізолювати,0,0,0,0,0,0,0,1,0,0
ізольований,0,0,0,1,0,1,0,1,0,0
ізоляція,0,0,0,0,0,1,0,1,0,0
ізоморфізм,0,0,0,0,0,0,0,0,0,0
ізотермічний,0,0,0,0,0,0,0,0,0,0
проблема,0,0,0,0,0,0,0,0,0,0
свербіж,0,0,0,0,0,0,0,0,0,0
сверблячий,0,0,0,0,0,0,0,0,0,0
пункт,0,0,0,0,0,0,0,0,0,0
деталізувати,0,0,0,0,0,0,0,0,0,0
елементи,0,0,0,0,0,0,0,0,0,0
повторити,0,0,0,0,0,0,0,0,0,0
ітерація,0,0,0,0,0,0,0,0,0,0
ітеративний,0,0,0,0,0,0,0,0,0,0
мандрівний,0,0,0,0,0,0,0,0,0,0
маршрут,0,0,0,0,0,0,0,0,0,0
слонова кістка,0,0,0,0,0,0,0,0,0,0
удар,1,0,0,0,0,0,0,0,0,0
лепетати,0,0,0,0,0,1,0,0,0,0
Джек,0,0,0,0,0,0,0,0,0,0
осел,0,0,0,0,0,0,0,0,0,0
джекпот,0,1,0,0,1,0,1,0,1,0
гнізда,0,0,0,0,0,0,0,0,0,0
нефрит,0,0,0,0,0,0,0,0,0,0
яг,0,0,0,0,0,0,0,0,0,0
зубчастий,0,0,0,0,0,0,0,0,0,0
ягуар,0,0,0,0,0,0,0,0,0,0
в'язниця,0,0,0,1,0,1,0,1,0,0
варення,0,0,0,0,0,0,1,0,0,0
заклинило,0,0,0,0,0,0,0,0,0,0
двірник,0,0,1,0,0,0,0,0,0,0
Японія,0,0,0,0,0,0,0,0,0,0
банку,0,0,0,0,0,0,0,0,0,0
жаргон,0,0,0,0,0,1,0,0,0,0
різкий,0,0,0,1,0,1,0,1,0,0
яшма,0,0,0,0,0,0,0,0,0,0
жовтяниця,0,0,0,1,0,1,0,0,0,0
прогулянка,0,0,0,0,0,0,0,0,0,0
метання списа,0,0,0,0,0,0,0,0,0,0
щелепа,0,0,0,0,0,0,0,0,0,0
щелепи,0,0,0,1,0,0,0,0,0,0
сойка,0,0,0,0,0,0,0,0,0,0
ревнивий,1,0,1,0,0,1,0,0,0,0
ревнощі,1,0,1,1,0,1,0,1,0,0
джинси,0,0,0,0,0,0,0,0,0,0
джип,0,0,0,0,0,0,0,0,0,0
желе,0,0,0,0,0,0,0,0,0,0
Дженні,0,0,0,0,0,0,0,0,0,0
поставити під загрозу,1,0,0,1,0,1,0,0,0,0
небезпека,0,1,0,1,0,1,0,0,0,0
ривок,1,0,0,0,0,0,0,0,1,0
трикотаж,0,0,0,0,0,0,0,0,0,0
жартувати,0,0,0,0,1,0,1,0,1,0
блазень,0,0,0,0,0,0,0,0,0,0
струмінь,0,0,0,0,0,0,0,0,0,0
причал,0,0,0,0,0,0,0,0,0,0
дорогоцінний камінь,0,0,0,0,0,0,0,0,0,0
ювелір,0,0,0,0,0,0,0,0,0,0
ювелірні вироби,0,0,0,0,0,0,0,0,0,0
стріла,0,0,0,0,0,0,0,0,0,0
миттєво,0,0,0,0,0,0,0,0,0,0
Джиммі,0,0,0,0,0,0,0,0,0,0
дзвонити,0,0,0,0,0,0,0,0,0,0
робота,0,0,0,0,0,0,1,0,0,0
спортсмен,0,0,0,0,0,0,0,0,0,0
жокей,0,0,0,0,0,0,0,0,0,0
біг підтюпцем,0,0,0,0,0,0,0,0,0,0
Джон,0,0,1,0,0,1,0,0,0,0
приєднатися,0,0,0,0,0,0,1,0,0,0
приєднався,0,0,0,0,0,0,1,0,0,0
приєднання,0,0,0,0,0,0,0,0,0,0
суглоб,0,0,0,0,0,0,0,0,0,0
спільно,0,0,0,0,0,0,0,0,0,0
жарт,0,0,0,0,0,1,0,0,0,0
жартівник,0,0,0,0,1,0,1,0,1,0
жартує,0,0,0,0,0,0,1,0,0,0
поштовх,0,0,0,0,0,0,0,0,1,0
jornada,0,0,0,0,0,1,0,0,0,0
йота,0,0,0,0,0,0,0,0,0,0
журнал,0,0,0,0,0,0,0,0,0,0
публіцистика,0,0,0,0,0,0,0,0,0,1
журналіст,0,0,0,0,0,0,1,0,0,0
подорож,0,1,0,1,1,0,1,0,0,0
підмастерник,0,0,0,0,0,0,0,0,0,1
веселий,0,0,0,0,1,0,1,0,0,0
радість,0,0,0,0,1,0,1,0,0,0
радісний,0,0,0,0,1,0,1,0,0,1
радісне,0,0,0,0,1,0,1,0,0,0
радісна,0,0,0,0,1,0,1,0,1,1
ювілейний,0,0,0,0,1,0,1,0,1,0
судити,0,0,0,0,0,0,0,0,0,0
суддя,0,0,0,0,0,0,0,0,0,0
судження,0,0,0,0,0,0,0,0,1,0
судовий,0,1,0,0,0,0,1,0,0,1
судова влада,0,1,0,0,0,0,0,0,0,1
розважливий,0,0,0,0,0,0,1,0,0,1
глечик,0,0,0,0,0,0,0,0,0,0
жонглювати,0,0,0,0,0,0,0,0,0,0
жонглювання,0,0,0,0,0,0,0,0,0,0
сік,0,0,0,0,0,0,0,0,0,0
соковитий,0,0,0,0,0,0,0,0,0,0
плутанина,0,0,0,0,0,1,0,0,0,0
переплутаний,0,0,0,0,0,0,0,0,0,0
джамбо,0,0,0,0,0,0,0,0,0,0
стрибати,0,0,0,0,1,0,1,0,0,0
перехрестя,0,0,0,0,0,0,0,0,0,0
стику,0,0,0,0,0,0,0,0,0,0
джунглі,0,0,0,1,0,0,0,0,0,0
молодший,0,0,0,0,0,0,0,0,0,0
мотлох,0,0,0,0,0,1,0,0,0,0
хунта,0,0,0,0,0,1,0,0,0,0
юридичний,0,0,0,0,0,0,0,0,0,0
юрисдикція,0,0,0,0,0,0,0,0,0,0
юриспруденція,0,0,0,0,0,0,0,1,0,0
юрист,0,0,0,0,0,0,0,0,0,1
журі,0,0,0,0,0,0,0,0,0,1
справедливість,0,0,0,0,0,0,1,0,0,1
виправданий,0,0,0,0,0,0,1,0,0,1
виправдання,0,0,0,0,0,0,1,0,0,0
виправдати,0,0,0,0,0,0,0,0,0,0
джут,0,0,0,0,0,0,0,0,0,0
неповнолітній,0,0,0,0,0,1,0,0,0,0
зіставлення,0,0,0,0,0,0,0,0,0,0
кайзер,0,0,0,0,0,0,0,0,0,0
калейдоскоп,0,0,0,0,0,0,0,0,0,0
кенгуру,0,0,0,0,0,0,0,0,0,0
кандзі,0,0,0,0,0,0,0,0,0,0
карма,0,0,0,0,0,0,0,0,0,0
каяк,0,0,0,0,0,0,0,0,0,0
кіль,0,0,0,0,0,0,0,0,0,0
охоронець,0,0,0,0,0,0,0,0,0,0
утримання,0,0,0,0,0,0,0,0,0,0
сувенір на пам'ять,0,0,0,0,0,0,1,0,0,0
бочка,0,0,0,0,0,0,0,0,0,0
кен,0,0,0,0,0,0,1,0,0,0
розплідник,0,0,0,0,0,0,0,1,0,0
kern,0,0,0,0,0,1,0,0,0,0
ядро,0,0,0,0,0,0,0,0,0,0
гас,0,0,0,1,0,0,0,0,0,0
чайник,0,0,0,0,0,0,0,0,0,0
ключ,0,0,0,0,0,0,0,0,0,0
замкова щілина,0,0,0,0,0,0,0,0,0,0
лейтмотив,0,0,0,0,0,0,1,0,0,0
наріжний камінь,0,0,0,0,0,0,1,0,0,0
хакі,0,0,0,0,0,0,0,0,0,0
хан,0,0,0,1,0,0,0,0,0,1
удар ногою,1,0,0,0,0,1,0,0,0,0
ногами,1,0,0,0,0,0,0,0,0,0
дитина,0,0,0,0,0,0,0,0,0,0
жартую,0,0,0,0,0,0,0,0,0,0
викрасти,1,0,0,1,0,1,0,1,1,0
вбити,0,0,0,1,0,1,0,1,0,0
вбивство,1,0,0,1,0,1,0,1,0,0
піч,0,0,0,0,0,0,0,0,0,0
кілограм,0,0,0,0,0,0,0,0,0,0
кілометр,0,0,0,0,0,0,0,0,0,0
кілт,0,0,0,0,0,0,0,0,0,0
кімоно,0,0,0,0,0,0,0,0,0,0
рід,0,0,0,0,0,0,0,0,0,0
вид,0,0,0,0,1,0,1,0,0,1
дитячий садок,0,0,0,0,0,0,0,0,0,0
доброта,0,0,0,0,0,0,1,0,0,0
спорідненість,0,1,0,0,1,0,1,0,0,1
кінематика,0,0,0,0,0,0,0,0,0,0
король,0,0,0,0,0,0,1,0,0,0
королівство,0,0,0,0,0,0,0,0,0,0
перегин,0,0,0,0,0,0,0,0,0,0
дивний,0,0,0,0,0,0,0,0,0,0
кіоск,0,0,0,0,0,0,0,0,0,0
Кірк,0,0,0,0,0,0,0,0,0,0
поцілунок,0,1,0,0,1,0,1,0,1,0
комплект,0,0,0,0,0,0,0,0,0,0
кухня,0,0,0,0,0,0,0,0,0,0
повітряний змій,0,0,1,0,0,1,0,0,0,0
кошеня,0,0,0,0,1,0,1,0,0,1
вправність,0,0,0,0,0,0,1,0,0,0
рюкзак,0,0,0,0,0,0,0,0,0,0
замісити,0,0,0,0,0,0,0,0,0,0
коліно,0,0,0,0,0,0,0,0,0,0
стати на коліна,0,0,0,0,0,0,0,0,0,0
стоячи на колінах,0,0,0,0,0,0,0,0,0,0
дзвонити,0,0,0,1,0,1,0,1,0,0
трусики,0,0,0,0,0,0,0,0,0,1
ніж,0,0,0,0,0,0,0,0,0,0
лицар,0,0,0,0,0,0,1,0,0,0
в'язати,0,0,0,0,0,0,0,0,0,0
ручка,0,0,0,0,0,0,0,0,0,0
стукати,0,0,0,0,0,0,0,0,0,0
пагорб,0,0,0,0,0,0,0,0,0,0
вузол,0,0,0,0,0,0,0,0,0,0
вузлуватий,0,0,0,0,0,1,0,0,0,0
знаючи,0,0,0,0,0,0,1,0,0,0
свідомо,0,0,0,0,0,0,0,0,0,0
знання,0,0,0,0,0,0,1,0,0,0
суглоб пальця,0,0,0,0,0,0,0,0,0,0
кос,0,0,0,0,0,0,0,0,0,0
крис,0,0,0,0,0,0,0,0,0,0
похвала,0,0,0,0,1,0,1,0,0,0
лабораторія,0,0,0,0,0,0,0,0,0,0
етикетка,0,0,0,0,0,0,0,0,0,1
праці,0,1,0,0,1,0,1,0,1,1
лабораторія,0,0,0,0,0,0,0,0,0,0
трудився,0,0,0,0,0,1,0,1,0,0
робітник,0,0,0,0,0,0,0,0,0,0
праця,0,0,0,0,0,0,0,0,0,0
трудомісткий,0,0,0,0,0,1,0,0,0,0
лабіринт,0,1,0,0,0,1,0,0,0,0
lac,0,0,0,0,0,0,0,0,0,0
мереживо,1,0,0,1,0,1,1,1,0,1
відсутність,0,0,0,0,0,1,0,0,0,0
бракує,0,0,0,0,0,1,0,0,0,0
тьмяний,0,0,0,0,0,1,0,0,0,0
лак,0,0,0,0,0,0,0,0,0,0
лакрос,0,0,0,0,0,0,0,0,0,0
хлопець,0,0,0,0,0,0,0,0,0,0
драбина,0,0,0,0,0,0,0,0,0,0
навантажений,0,0,0,0,0,1,0,0,0,0
навантаження,0,0,0,0,0,0,0,0,0,0
черпак,0,0,0,0,0,0,0,0,0,0
леді,0,0,0,0,0,0,0,0,0,0
відставання,0,0,0,0,0,1,0,0,0,0
відставання,1,1,1,0,0,1,0,1,0,0
лагуна,0,0,0,0,0,0,0,0,0,0
лігво,0,0,0,0,0,1,0,0,0,0
мирян,0,0,0,0,0,0,0,0,0,0
озеро,0,0,0,0,0,0,0,0,0,0
лама,0,0,0,0,0,0,0,0,0,0
баранина,0,0,0,0,1,0,1,0,0,1
нарікати,0,0,1,1,0,1,0,1,0,0
лементуючи,0,0,0,0,0,0,0,1,0,0
листова пластинка,0,0,0,0,0,0,0,0,0,0
ламінований,0,0,0,0,0,0,0,0,0,0
лампа,0,0,0,0,0,0,0,0,0,0
спис,0,0,0,0,0,0,0,0,0,0
улан,0,0,0,0,0,0,0,0,0,0
землі,0,0,0,0,0,0,1,0,0,0
приземлився,0,0,0,0,0,0,1,0,0,0
посадка,0,0,0,0,0,0,0,0,0,0
не має виходу до моря,0,0,0,0,0,0,0,0,0,0
орендодавець,0,0,0,0,0,0,0,0,0,0
орієнтир,0,0,0,0,0,0,0,0,0,1
землі,0,0,0,0,0,0,0,0,0,0
пейзаж,0,0,0,0,0,0,0,0,0,0
озеленення,0,0,0,0,0,0,0,0,0,0
зсув,0,0,0,1,0,1,0,1,0,0
провулок,0,0,0,0,0,0,0,0,0,0
мову,0,0,0,0,0,0,0,0,0,0
млявий,0,0,0,0,0,1,0,0,0,0
томитися,0,0,0,0,0,1,0,0,0,0
томиться,0,0,0,1,0,1,0,1,0,0
довговязий,0,0,0,0,0,0,0,0,0,0
ліхтар,0,0,0,0,0,0,0,0,0,0
на колінах,0,0,0,0,0,0,0,0,0,0
відворот,0,0,0,0,0,0,0,0,0,0
пропуск,0,0,0,0,0,1,0,0,0,0
втратив чинність,0,0,0,0,0,0,0,0,0,0
крадіжка,0,0,1,0,0,1,0,0,0,0
сало,0,0,0,0,0,0,0,0,0,0
комора,0,0,0,0,0,0,0,0,0,0
великий,0,0,0,0,0,0,0,0,0,0
більший,0,0,1,0,0,0,0,0,1,1
largo,0,0,0,0,0,0,0,0,0,0
жайворонок,0,0,0,0,0,0,0,0,0,0
личинка,0,0,0,0,0,0,0,0,0,0
гортані,0,0,0,0,0,0,0,0,0,0
лазер,0,0,0,0,0,0,1,0,0,1
батій,1,0,0,1,0,1,0,0,0,0
дівчина,0,0,0,0,0,0,0,0,0,0
ласо,0,0,0,0,0,0,0,0,0,0
тривалий,0,0,0,0,0,0,0,0,0,0
засувка,0,0,0,0,0,0,0,0,0,0
пізно,0,0,0,0,0,1,0,1,0,0
запізнення,0,0,0,0,0,1,0,0,0,0
латентний,1,1,1,0,0,1,0,0,1,0
бічний,0,0,0,0,0,0,0,0,0,0
збоку,0,0,0,0,0,0,0,0,0,0
латекс,0,0,0,0,0,0,0,0,0,0
токарний верстат,0,0,0,0,0,0,0,0,0,0
піна,0,0,0,0,0,0,0,0,0,0
широта,0,0,0,0,0,0,0,0,0,0
вбиральні,0,0,1,0,0,1,0,0,0,0
решітка,0,0,0,0,0,0,0,0,0,0
похвально,0,0,0,0,0,0,1,0,0,0
сміятися,0,0,0,0,1,0,1,0,1,0
смішно,0,0,1,0,0,1,0,0,0,0
сміючись,0,0,0,0,1,0,1,0,0,0
сміх,0,1,0,0,1,0,1,0,1,0
запуск,0,1,0,0,0,0,1,0,0,0
прання,0,0,0,0,0,0,0,0,0,0
лауреат,0,0,0,0,0,0,1,0,0,1
лавр,0,0,0,0,0,0,1,0,0,0
лаври,0,0,0,0,1,0,1,0,0,0
лава,1,0,0,1,0,1,0,0,0,0
промивання,0,0,0,0,0,0,0,0,0,0
туалет,0,0,1,0,0,0,0,0,0,0
лаванда,0,0,0,0,0,0,0,0,0,0
щедрий,0,0,0,0,0,0,1,0,0,0
закон,0,0,0,0,0,0,0,0,0,1
законний,0,0,0,0,0,0,1,0,0,1
беззаконня,1,0,0,1,0,1,0,0,0,0
газон,0,0,0,0,0,0,0,0,0,0
позов,1,0,1,1,0,1,0,1,1,0
юрист,1,0,1,1,0,1,0,0,0,0
слабкий,0,0,0,0,0,1,0,1,0,0
проносне,0,0,1,1,0,1,0,0,0,0
лежати,0,0,0,0,0,0,0,0,0,0
шар,0,0,0,0,0,0,0,0,0,0
шаруватий,0,0,0,0,0,0,0,0,0,0
мирянин,0,0,0,0,0,0,0,0,0,0
ледачий,0,0,0,0,0,1,0,0,0,0
lea,0,0,0,0,0,0,0,0,0,0
вести,0,0,0,0,0,0,1,0,0,0
керівник,0,0,0,0,0,0,1,0,0,1
провідний,0,0,0,0,0,0,0,0,0,1
призводить,0,0,0,0,0,0,0,0,0,0
листок,0,0,0,0,0,0,0,0,0,0
листівка,0,0,0,0,0,0,0,0,0,0
листяний,0,0,0,0,0,0,0,0,0,0
ліга,0,0,0,0,0,0,1,0,0,0
витік,0,0,0,0,0,1,0,0,0,0
витік,0,0,0,0,0,1,0,0,0,0
негерметичний,0,0,0,0,0,1,0,0,0,0
худий,0,0,0,0,0,0,0,0,0,0
нахилився,0,0,0,0,0,0,0,0,0,0
спираючись,0,0,0,0,0,0,0,0,0,1
стрибок,0,0,0,0,0,0,0,0,0,0
навчитися,0,0,0,0,0,0,1,0,0,0
дізнався,0,0,0,0,0,0,0,0,0,0
учень,0,0,0,0,0,0,0,0,0,0
навчання,0,0,0,0,0,0,1,0,0,0
оренда,0,0,0,0,0,0,0,0,0,0
повідець,0,0,0,0,0,0,0,0,0,0
шкіра,0,0,0,0,0,0,0,0,0,0
шкірясті,0,0,0,0,0,0,0,0,0,0
залишати,0,0,0,0,0,1,0,1,1,0
лекція,0,0,0,0,0,0,0,0,0,0
викладач,0,0,0,0,0,0,1,0,0,0
виступ,0,0,0,0,0,0,0,0,0,0
бухгалтерська книга,0,0,0,0,0,0,0,0,0,0
Лі,0,0,0,0,0,0,0,0,0,0
п'явка,0,0,0,0,0,1,0,0,0,0
п'явки,0,0,1,1,0,1,0,0,0,0
глузливий погляд,0,0,1,0,0,1,0,0,0,0
підступний,0,0,0,0,0,0,0,0,1,0
осад,0,0,0,0,0,0,0,0,0,0
свобода дій,0,0,0,0,0,0,1,0,0,0
зліва,0,0,0,0,0,0,0,0,0,0
нога,0,0,0,0,0,0,0,0,0,0
спадок,0,0,0,0,0,0,0,0,0,0
правовий,0,0,0,0,0,0,1,0,0,1
законність,0,0,0,0,0,0,0,0,0,0
легалізувати,0,0,0,0,0,0,0,0,0,0
легалізовано,1,0,0,1,1,0,1,0,0,1
законно,0,0,0,0,0,0,0,0,0,0
легенда,0,0,0,0,0,0,0,0,0,0
легендарний,0,0,0,0,0,0,1,0,0,0
розбірливість,0,0,0,0,0,0,1,0,0,0
розбірливий,0,0,0,0,0,0,1,0,0,0
легіон,0,0,0,0,0,0,0,0,0,0
законодавчо,0,0,0,0,0,0,0,0,0,0
законодавство,0,0,0,0,0,0,0,0,0,0
законодавчий,0,0,0,0,0,0,0,0,0,0
законодавець,0,0,0,0,0,0,0,0,0,1
законодавча влада,0,0,0,0,0,0,0,0,0,1
легітимність,0,0,0,0,0,0,0,0,0,1
ноги,0,0,0,0,0,0,0,0,0,0
бобові,0,0,0,0,0,0,0,0,0,0
дозвілля,0,1,0,0,1,0,1,0,1,1
неквапливий,0,0,0,0,0,0,1,0,0,0
лема,0,0,0,0,0,0,1,0,0,0
лимон,0,0,1,0,0,1,0,0,0,0
позичати,0,0,0,0,0,0,0,0,0,0
кредитор,0,0,0,0,0,0,0,0,0,1
кредитування,0,0,0,0,0,0,0,0,0,0
довжина,0,0,0,0,0,0,0,0,0,0
подовжити,0,0,0,0,0,0,0,0,0,0
подовжений,0,0,0,0,0,0,0,0,0,0
подовження,0,0,0,0,0,0,0,0,0,0
вздовж,0,0,0,0,0,0,0,0,0,0
тривалий,0,0,0,0,0,0,0,0,0,0
поблажливість,0,0,0,0,0,0,0,0,0,0
поблажливий,0,0,0,0,0,0,1,0,0,0
об'єктив,0,0,0,0,0,0,0,0,0,0
леопард,0,0,0,0,0,0,0,0,0,0
проказа,0,0,1,1,0,1,0,1,0,0
орендар,0,0,0,0,0,0,0,0,0,0
зменшити,0,1,0,0,0,1,0,0,0,0
зменшення,0,0,0,0,0,0,0,0,0,0
менший,0,0,1,0,0,1,0,0,0,0
урок,0,1,0,0,0,0,1,0,0,1
орендодавець,0,0,0,0,0,0,0,0,0,0
летальний,0,0,1,1,0,1,0,1,0,0
млявий,0,0,0,0,0,0,0,0,0,0
млявість,0,0,0,0,0,1,0,1,0,0
лист,0,1,0,0,0,0,0,0,0,0
літерами,0,1,0,0,0,0,1,0,0,1
листи,0,0,0,0,0,0,0,0,0,0
листя салату,0,0,0,0,0,0,0,0,0,0
лейкемія,1,0,0,1,0,1,0,1,0,0
дамба,0,0,0,0,0,0,0,0,0,1
рівень,0,0,0,0,0,0,1,0,0,1
важіль,0,0,0,0,0,0,0,0,0,0
кредитне плече,0,0,0,0,0,0,1,0,0,0
збір,0,0,0,0,0,1,0,0,0,0
непристойний,0,0,1,0,0,1,0,0,0,0
лексикон,0,0,0,0,0,0,0,0,0,0
лей,0,0,0,0,0,0,0,0,0,0
пасиви,0,0,0,0,0,0,0,0,0,0
відповідальність,0,0,0,0,0,0,0,0,0,0
зв'язковий,0,0,0,0,0,1,0,0,0,0
брехун,0,0,1,0,0,1,0,0,0,0
наклеп,1,0,0,1,0,1,0,0,0,1
наклепницький,0,0,0,0,0,0,0,0,0,0
ліберальний,0,0,0,0,0,1,1,0,0,0
лібералізм,0,0,0,0,0,0,0,0,0,0
звільняти,1,1,0,0,1,0,1,0,1,1
звільнення,0,1,0,0,1,0,1,0,1,0
свобода,0,1,0,0,1,0,1,0,1,1
лібідо,0,0,0,0,0,0,0,0,0,0
бібліотекар,0,0,0,0,0,0,0,0,0,0
бібліотека,0,0,0,0,0,0,1,0,0,0
лібрето,0,0,0,0,0,0,0,0,0,0
ліцензія,0,0,0,0,0,0,0,0,0,0
лишайник,0,0,0,0,0,0,0,0,0,0
лизати,0,0,1,0,0,1,0,0,0,0
кришка,0,0,0,0,0,0,0,0,0,0
брехня,1,0,1,0,0,1,0,1,0,0
сеньйор,0,0,0,0,0,0,0,0,0,0
застава,0,0,0,0,0,0,0,0,0,0
замість,0,0,0,0,0,0,0,0,0,0
лейтенант,0,0,0,0,0,0,0,0,0,1
життя,0,0,0,0,0,0,0,0,0,0
кров життя,0,0,0,0,0,0,1,0,0,0
рятувальний човен,0,0,0,0,0,0,0,0,0,0
неживий,0,0,0,1,0,1,0,1,0,0
реалістичний,0,0,0,0,0,0,0,0,0,0
довічний,0,0,0,0,0,0,0,0,0,0
час життя,0,0,0,0,0,0,0,0,0,0
ліфт,0,0,0,0,0,0,0,0,0,0
зв'язка,0,0,0,0,0,0,0,0,0,0
лігування,0,0,0,0,0,0,0,0,0,0
світло,0,0,0,0,0,0,0,0,0,0
освітлювати,0,0,0,0,0,0,0,0,0,0
маяк,0,0,0,0,0,0,1,0,0,0
легкість,0,0,0,0,0,0,0,0,0,0
блискавка,1,0,0,1,0,0,0,0,1,0
ймовірність,0,0,0,0,0,0,0,0,0,0
подібність,0,0,0,0,0,0,0,0,0,0
так само,0,0,0,0,0,0,0,0,0,0
вподобання,0,0,0,0,1,0,1,0,0,1
бузок,0,0,0,0,0,0,0,0,0,0
лілія,0,0,0,0,0,0,0,0,0,0
кінцівка,0,0,0,0,0,0,0,0,0,0
підвішений стан,0,0,0,0,0,0,0,0,0,0
обмеження,0,0,0,0,0,0,0,0,0,0
обмеження,0,0,0,0,0,0,0,0,0,0
обмежений,1,0,0,0,0,1,0,1,0,0
безмежний,0,0,0,0,0,0,0,0,0,0
лімузин,0,0,0,0,0,0,0,0,0,0
млявий,0,0,0,0,0,1,0,0,0,0
лін,0,0,0,0,0,0,0,0,0,0
лінія,0,0,0,0,0,0,0,0,0,0
родовід,0,0,0,0,0,0,0,0,0,0
лінійний,0,0,0,0,0,0,0,0,0,0
лінійний,0,0,0,0,0,0,0,0,0,0
підкладений,0,0,0,0,0,0,0,0,0,0
білизна,0,0,0,0,0,0,0,0,0,0
вкладиш,0,0,0,0,0,0,0,0,0,0
лінії,0,0,0,1,0,0,0,0,0,0
затримуватися,0,1,0,0,0,0,0,0,0,0
жаргон,0,0,0,0,0,0,0,0,0,0
язиковий,0,0,0,0,0,0,0,0,0,0
мовознавець,0,0,0,0,0,0,1,0,0,1
лінгвістичний,0,0,0,0,0,0,0,0,0,0
лінгвістика,0,0,0,0,0,0,0,0,0,0
слизова оболонка,0,0,0,0,0,0,0,0,0,0
посилання,0,0,0,0,0,0,0,0,0,0
лінолеум,0,0,0,0,0,0,0,0,0,0
ворсинки,0,0,0,0,0,1,0,0,0,0
лев,0,0,0,1,0,0,1,0,0,0
губа,0,0,0,0,0,0,0,0,0,0
губна помада,0,0,0,0,0,0,0,0,0,0
розрідження,0,0,0,0,0,0,0,0,0,0
зріджений,0,0,0,0,0,0,0,0,0,0
лікер,0,0,0,0,0,0,0,0,0,0
рідина,0,0,0,0,0,0,0,0,0,0
ліквідувати,0,0,0,0,0,0,0,0,0,0
ліквідація,0,0,0,0,0,0,0,0,0,0
ліквідатор,0,0,0,0,0,0,0,0,0,0
ліквідність,0,0,0,0,0,0,0,0,0,0
лікер,1,0,0,0,1,1,0,1,0,0
шепелявість,0,0,0,0,0,0,0,0,0,0
список,0,0,0,0,0,0,0,0,0,0
слухати,0,0,0,0,0,0,0,0,0,0
слухач,0,0,0,0,0,0,0,0,0,0
лістинг,0,0,0,0,0,0,0,0,0,0
млявий,0,0,0,0,0,1,0,1,0,0
літанія,0,0,0,0,0,0,0,0,0,0
буквально,0,0,0,0,0,0,0,0,0,0
літературний,0,0,0,0,0,0,0,0,0,0
література,0,0,0,0,0,0,0,0,0,0
гнучкий,0,0,0,0,0,0,1,0,0,0
літографія,0,0,0,0,0,0,0,0,0,0
літографія,0,0,0,0,0,0,0,0,0,0
літологія,0,0,0,0,0,0,0,0,0,0
літосфера,0,0,0,0,0,0,0,0,0,0
учасник судового процесу,0,0,0,0,0,1,0,0,0,0
судитися,1,1,1,1,0,1,0,1,0,0
судовий процес,0,0,0,0,0,1,0,0,0,0
судовий,1,0,1,0,0,1,0,0,0,0
підстилка,0,0,0,0,0,1,0,0,0,0
прибережний,0,0,0,0,0,0,0,0,0,0
літургія,0,0,0,0,0,0,0,0,0,0
засоби до існування,0,0,0,0,0,0,0,0,0,0
ліврея,0,0,0,0,0,0,0,0,0,0
лівідний,1,0,1,0,0,1,0,0,0,0
життя,0,0,0,0,0,0,0,0,0,0
лама,0,0,0,0,0,0,0,0,0,0
навантаження,0,0,0,0,0,0,0,0,0,0
батон,0,0,0,0,0,1,0,0,0,0
нероба,0,0,0,0,0,1,0,0,0,0
суглинок,0,0,0,0,0,0,0,0,0,0
кредит,0,0,0,0,0,0,0,0,0,0
ненависть,1,0,0,0,0,1,0,0,0,0
ненавидіти,1,0,1,0,0,1,0,0,0,0
відраза,0,0,1,0,0,1,0,0,0,0
огидний,1,0,1,0,0,1,0,0,0,0
лобі,0,0,0,0,0,0,0,0,0,0
лобіст,0,0,0,0,0,1,0,0,0,0
мочка,0,0,0,0,0,0,0,0,0,0
місцевий,0,0,0,0,0,0,0,0,0,0
локаль,0,0,0,0,0,0,0,0,0,0
місцевість,0,0,0,0,0,0,0,0,0,0
локалізація,0,0,0,0,0,0,0,0,0,0
локалізувати,0,1,0,0,0,0,0,0,0,0
знайти,0,0,0,0,0,0,0,0,0,0
Місцезнаходження,0,0,0,0,0,0,0,0,0,0
озеро,0,0,0,0,0,0,0,0,0,0
замок,0,0,0,0,0,0,0,0,0,0
шафка,0,0,0,0,0,0,0,0,0,0
слюсар,0,0,0,0,0,0,0,0,0,0
замикати,0,0,0,1,0,1,0,1,0,0
пересування,0,0,0,0,0,0,0,0,0,0
локомотив,0,0,0,0,0,0,0,0,0,0
сарана,0,0,0,1,0,1,0,0,0,0
будиночок,0,0,0,0,0,0,0,0,0,0
квартирант,0,0,0,0,0,0,0,0,0,0
проживання,0,0,0,0,0,0,0,0,0,1
лофт,0,0,0,0,0,0,0,0,0,0
високий,0,0,0,0,0,1,0,0,0,0
журнал,0,0,0,0,0,0,0,0,0,0
логарифм,0,0,0,0,0,0,0,0,0,0
логарифмічний,0,0,0,0,0,0,0,0,0,0
логіка,0,0,0,0,0,0,0,0,0,0
логічний,0,0,0,0,0,0,1,0,0,0
логістика,0,0,0,0,0,0,0,0,0,0
логотип,0,0,0,0,0,0,0,0,0,0
корейка,0,0,0,0,0,0,0,0,0,0
льодяник,0,0,0,0,0,0,0,0,0,0
самотній,0,0,0,0,0,0,0,1,0,0
самотність,0,0,0,1,0,1,0,1,0,0
самотній,1,0,1,1,0,1,0,1,0,0
самотній,0,0,0,0,0,1,0,1,0,0
довгота,0,1,0,0,0,0,0,0,0,0
довголіття,0,0,0,0,0,0,1,0,0,0
туга,0,1,0,0,0,0,0,1,0,0
довгота,0,0,0,0,0,0,0,0,0,0
поздовжній,0,0,0,0,0,0,0,0,0,0
поздовжньо,0,0,0,0,0,0,0,0,0,0
туалет,0,0,1,0,0,1,0,0,0,0
спостереження,0,0,0,0,0,0,0,0,0,0
ткацький верстат,0,1,0,1,0,1,0,0,0,0
насувається,0,0,0,0,0,0,0,0,0,0
гагара,0,0,1,0,0,1,0,0,0,0
божевільний,0,0,0,0,0,1,0,0,0,0
петля,0,0,0,0,0,0,0,0,0,0
лазівка,0,0,0,0,0,0,0,0,0,0
послабити,0,0,0,0,0,0,0,0,0,0
розпушування,0,0,0,0,0,0,0,0,0,0
грабувати,0,0,0,0,0,1,0,0,0,0
lop,0,0,0,0,0,0,0,0,0,0
однобокий,0,0,0,0,0,0,0,0,0,0
лорд,0,0,1,0,0,1,1,0,0,1
лорди,0,0,0,0,0,0,0,0,0,0
панство,0,0,0,0,0,0,1,0,0,0
знання,0,0,0,0,0,0,0,0,0,0
вантажівка,0,0,0,0,0,0,0,0,0,0
втрачати,1,0,1,1,0,1,0,1,1,0
програшний,1,0,0,0,0,1,0,1,0,0
втрата,1,0,0,1,0,1,0,1,0,0
втрачено,0,0,0,0,0,1,0,1,0,0
багато,0,0,0,0,0,0,0,0,0,0
лосьйон,0,0,0,0,0,0,0,0,0,0
багато,0,0,0,0,0,0,0,0,0,0
лотерея,0,1,0,0,0,0,0,0,0,0
лото,0,0,0,0,0,0,0,0,0,0
голосно,0,0,0,0,0,0,0,0,0,0
голосно,0,0,0,0,0,0,0,0,0,0
гучність,1,0,0,0,0,1,0,0,0,0
кімната відпочинку,0,0,0,0,0,1,0,0,0,0
воша,0,0,1,0,0,1,0,0,0,0
милий,0,0,0,0,1,0,1,0,0,1
любов,0,0,0,0,1,0,1,0,0,0
мило,0,1,0,0,1,0,1,1,1,1
заняття любов'ю,0,0,0,0,1,0,1,0,0,1
коханець,0,1,0,0,1,0,1,0,0,1
люблячий,0,0,0,0,1,0,1,0,0,1
нижче,0,0,0,0,0,1,0,1,0,0
опускання,0,0,0,0,0,1,0,0,0,0
найнижчий,0,0,0,0,0,1,0,1,0,0
низовини,0,0,0,0,0,1,0,0,0,0
скромно,0,0,0,0,0,1,0,1,0,0
лояльний,0,0,0,1,1,0,1,0,1,1
лояльність,0,0,0,0,0,0,1,0,0,1
змастити,0,0,0,0,0,0,0,0,0,0
мастило,0,0,0,0,0,0,0,0,0,0
удача,0,1,0,0,1,0,1,0,1,0
пощастило,0,0,0,0,1,0,1,0,1,0
смішно,0,0,0,0,0,1,0,0,0,0
вушко,0,0,0,0,0,0,0,0,0,0
багаж,0,0,0,0,0,0,0,0,0,0
затишшя,0,1,0,0,0,0,0,0,0,0
колискова,0,0,0,0,0,0,0,0,0,0
поперековий,0,0,0,0,0,0,0,0,0,0
пиломатеріали,0,0,0,0,0,0,0,0,0,0
лісозаготівля,0,0,0,0,0,1,0,0,0,0
люмінесцентний,0,0,0,0,0,0,0,0,0,0
світний,0,0,0,0,0,0,0,0,0,0
грудка,0,0,0,0,0,1,0,0,0,0
грудкуватий,0,0,1,0,0,1,0,0,0,0
божевілля,1,0,1,1,0,1,0,1,0,0
місячний,0,0,0,0,0,0,0,0,0,0
божевільний,1,0,1,1,0,1,0,0,0,0
обід,0,0,0,0,0,0,0,0,0,0
обід,0,0,0,0,0,0,0,0,0,0
випад,0,0,0,0,0,0,0,0,1,0
легені,0,0,0,0,0,0,0,0,0,0
хитатися,0,0,0,0,0,1,0,0,0,0
приманка,0,0,0,0,0,1,0,0,0,0
страшний,0,0,1,0,0,1,0,0,0,0
ховатися,0,0,0,0,0,1,0,0,0,0
ховається,0,0,0,0,0,1,0,0,0,0
соковитий,0,1,0,0,1,0,1,0,0,0
пишний,0,0,1,0,0,1,0,1,0,0
хіть,0,1,0,0,0,1,0,0,0,0
блиск,0,0,0,0,1,0,1,0,0,0
хтивий,0,0,0,0,0,1,0,0,0,0
блискучий,0,0,0,0,0,0,1,0,0,0
хтивий,0,0,1,0,0,0,0,0,0,0
лютня,0,0,0,0,0,0,0,0,0,0
розкішний,0,0,0,0,0,0,1,0,0,0
розкішний,0,0,0,0,1,0,1,0,0,0
розкіш,0,0,0,0,1,0,1,0,0,0
лежачи,1,0,1,0,0,1,0,0,0,0
лімфа,0,0,0,0,0,0,0,0,0,0
лімфатичний,0,0,0,0,0,0,0,0,0,0
лінчувати,1,0,1,1,0,1,0,1,0,0
рись,0,0,0,0,0,0,0,0,0,0
ліра,0,0,0,0,1,0,1,0,0,0
лірика,0,0,0,0,0,0,0,0,0,0
ліричні,0,0,0,0,1,0,1,0,0,0
булава,0,0,0,1,0,1,0,0,0,0
машина,0,0,0,0,0,0,0,0,0,1
техніка,0,0,0,0,0,0,0,0,0,0
машиніст,0,0,0,0,0,0,0,0,0,0
скумбрія,0,0,0,0,0,0,0,0,0,0
божевільний,1,0,1,1,0,1,0,1,0,0
мадам,0,0,0,0,0,0,0,0,0,0
мадам,0,0,0,0,0,0,0,0,0,0
божевільний,1,0,0,1,0,1,0,0,0,0
божевільний,1,0,0,1,0,1,0,0,0,0
божевілля,1,0,0,1,0,1,0,0,0,0
мафія,0,0,0,1,0,1,0,0,0,0
журнал,0,0,0,0,0,0,0,0,0,0
маг,0,0,0,1,0,0,0,0,0,0
пурпуровий,0,0,0,0,0,0,0,0,0,0
опариш,0,0,1,0,0,1,0,0,0,0
магія,0,0,0,0,0,0,0,0,0,0
магічний,0,1,0,0,1,0,1,0,1,0
чарівник,0,0,0,0,0,0,0,0,1,0
магістрат,0,0,0,0,0,0,0,0,0,0
магма,0,0,0,0,0,0,0,0,0,0
магнат,0,0,0,0,0,0,0,0,0,0
магніт,0,0,0,0,0,0,1,0,0,1
магнетизм,0,0,0,0,0,0,1,0,0,0
магнетит,0,0,0,0,0,0,1,0,0,0
пишність,0,1,0,0,1,0,1,0,0,1
чудовий,0,1,0,0,1,0,1,0,1,1
лупа,0,0,0,0,0,0,0,0,0,0
збільшувати,0,0,0,0,0,0,0,0,0,0
величина,0,0,0,0,0,0,0,0,0,0
сорока,0,0,0,0,0,0,0,0,0,0
покоївка,0,0,0,0,0,0,0,0,0,0
діва,0,0,0,0,0,0,1,0,0,0
пошта,0,1,0,0,0,0,0,0,0,0
основний,0,0,0,0,0,0,1,0,0,0
материк,0,0,0,0,0,0,0,0,0,0
опора,0,0,0,0,0,0,1,0,0,1
обслуговування,0,0,0,0,0,0,0,0,0,1
величний,0,1,0,0,1,0,1,0,1,1
величність,0,0,0,0,0,0,1,0,0,1
майор,0,0,0,0,0,0,1,0,0,0
більшість,0,0,0,0,1,0,1,0,0,1
зробити,0,0,0,0,0,0,0,0,0,0
виробник,0,0,0,0,0,0,0,0,0,0
імпровізований,0,0,0,0,0,1,0,0,0,0
макіяж,0,0,0,0,0,0,0,0,0,0
хвороба,0,0,0,0,0,1,0,0,0,0
нездужання,0,0,0,0,0,1,0,1,0,0
малярія,0,0,1,1,0,1,0,1,0,0
зловмисний,1,0,1,1,0,1,0,1,0,0
посадовий злочин,0,0,1,0,0,1,0,0,0,0
порок розвитку,0,0,0,0,0,1,0,0,0,0
злоба,1,0,0,1,0,1,0,0,0,0
зловмисний,1,0,1,1,0,1,0,1,0,0
злоякісний,1,0,1,0,0,1,0,0,0,0
злоякісність,0,0,0,1,0,1,0,1,0,0
злоякісний,1,0,0,1,0,1,0,0,0,0
торговий центр,0,0,0,0,0,0,0,0,0,0
пластичний,0,0,0,0,0,0,0,0,0,0
молоток,0,0,0,0,0,0,0,0,0,0
зловживання службовим становищем,1,0,0,0,0,1,0,0,0,0
мама,0,0,0,0,0,0,0,0,0,1
ссавець,0,0,0,0,0,0,0,0,0,0
мамонт,0,0,0,0,0,0,0,0,0,0
управляти,0,0,0,0,0,0,1,0,0,1
управління,0,0,0,0,0,0,1,0,0,1
менеджер,0,0,0,0,0,0,0,0,0,0
мандамус,0,0,0,1,0,1,0,0,0,0
мандарин,0,0,0,0,0,0,1,0,0,1
мандат,0,0,0,0,0,0,0,0,0,0
нижня щелепа,0,0,0,0,0,0,0,0,0,0
мандоліна,0,0,0,0,0,0,0,0,0,0
оправка,0,0,0,0,0,0,0,0,0,0
грива,0,0,0,0,0,0,0,0,0,0
маневрувати,0,0,0,0,0,0,0,0,0,0
маневрування,0,0,0,0,0,0,0,0,0,0
короста,0,0,1,1,0,1,0,0,0,0
ясла,0,0,0,0,0,0,0,0,0,0
калити,1,0,1,1,0,1,0,1,0,0
манго,0,0,0,0,0,0,0,0,0,0
мангостан,0,0,0,0,0,0,0,0,0,0
мужність,0,0,0,0,0,0,1,0,0,0
манія,0,0,0,0,0,1,0,0,0,0
маніяк,1,0,0,1,0,1,0,0,0,0
маніакальний,0,0,0,0,0,1,0,0,0,0
манікюр,0,0,0,0,0,0,0,0,0,0
маніфест,0,0,0,0,0,0,0,0,0,0
прояв,0,0,0,1,0,0,0,0,0,0
проявляється,0,0,0,0,0,0,1,0,0,0
явно,0,0,0,0,0,0,0,0,0,0
маніфест,0,0,0,0,0,0,0,0,0,0
колектор,0,0,0,0,0,0,0,0,0,0
маніпулювати,0,0,0,0,0,1,0,0,0,0
маніпуляції,1,0,0,1,0,1,0,0,0,0
людство,0,0,0,0,0,0,0,0,0,0
мужній,0,0,0,0,0,0,1,0,0,0
манна,0,0,0,0,0,0,1,0,0,0
спосіб,0,0,0,0,0,0,0,0,0,0
манірний,0,0,0,0,0,0,1,0,0,0
манери,0,0,0,0,0,0,1,0,0,0
садиба,0,0,0,0,0,0,0,0,0,0
особняк,0,0,0,0,0,0,0,0,0,0
ненавмисне вбивство,1,0,1,1,0,1,0,1,1,0
мантія,0,0,0,0,0,0,0,0,0,0
посібник,0,0,0,0,0,0,0,0,0,1
виробництво,0,0,0,0,0,0,0,0,0,0
виробник,0,0,0,0,0,0,1,0,0,0
гній,0,0,1,0,0,1,0,0,0,0
рукопис,0,0,0,0,0,0,0,0,0,0
карта,0,0,0,0,0,0,0,0,0,0
березень,0,0,0,0,0,1,0,0,0,0
мармур,0,0,0,0,0,0,0,0,0,0
мармуровий,0,0,0,0,0,0,0,0,0,0
мармур,0,0,0,0,0,0,0,0,0,0
марш,0,0,0,0,0,0,1,0,0,0
кобила,0,0,0,0,0,0,0,0,0,0
запас,0,0,0,0,0,1,0,1,0,0
маргінальний,0,0,0,0,0,0,0,0,0,0
марихуана,0,0,0,0,0,0,0,0,0,0
морський,0,0,0,0,0,0,0,0,0,1
моряк,0,0,0,0,0,0,0,0,0,0
морський,0,0,0,0,0,0,0,0,0,0
знак,0,0,0,0,0,0,0,0,0,0
позначені,0,0,0,0,0,0,1,0,0,0
ринку,0,0,0,0,0,0,0,0,0,0
товарний,0,0,0,0,0,0,1,0,0,0
ринок,0,0,0,0,0,0,0,0,0,0
позначки,0,0,0,0,0,0,0,0,0,0
мергель,0,0,0,0,0,0,0,0,0,0
мармелад,0,0,0,0,0,0,0,0,0,0
бордовий,0,0,0,0,0,1,0,0,0,0
намет,0,0,0,0,0,0,0,0,0,0
маркіз,0,0,0,0,0,0,1,0,0,0
одруження,0,1,0,0,1,0,1,0,0,1
одружений,0,0,0,0,0,0,0,0,0,0
кістковий мозок,0,0,0,0,1,0,1,0,0,1
одружуватися,0,1,0,1,1,0,1,0,1,1
болотний,0,0,0,0,0,0,0,0,0,0
маршал,0,0,0,0,0,0,1,0,0,1
март,0,0,0,0,0,0,0,0,0,0
бойовий,1,0,0,0,0,0,0,0,0,0
мартингейл,0,0,0,0,0,1,0,0,0,0
мученик,0,0,0,1,0,1,0,1,0,0
мученицька смерть,0,0,0,1,0,1,0,1,0,0
дивуватися,0,0,0,0,0,0,1,0,1,0
чудовий,0,0,0,0,1,0,1,0,0,0
чудово,0,0,0,0,1,0,1,0,0,0
чоловічого роду,0,0,0,0,0,0,1,0,0,0
мужність,0,0,0,0,0,0,0,0,0,0
пюре,0,0,0,0,0,0,0,0,0,0
маска,0,0,0,0,0,0,0,0,0,0
мазохізм,1,0,1,1,0,1,0,0,0,0
муляр,0,0,0,0,0,0,0,0,0,0
маскарад,0,0,0,0,0,0,0,0,0,0
маса,0,0,0,0,0,0,0,0,0,0
різанина,1,0,1,1,0,1,0,1,0,0
масаж,0,0,0,0,1,0,1,0,0,0
масивний,0,0,0,0,0,0,0,0,0,0
майстер,0,0,0,0,0,0,1,0,0,0
натхненник,0,0,0,0,0,0,0,0,0,0
шедевр,0,0,0,0,1,0,1,0,0,0
майстерність,1,0,0,0,1,0,1,0,0,1
мастурбувати,0,0,0,0,0,0,0,0,0,0
мастурбація,0,0,0,0,0,0,0,0,0,0
мат,0,0,0,0,0,0,0,0,0,0
матч,0,0,0,0,0,0,0,0,0,0
відповідність,0,0,0,0,0,0,0,0,0,0
сваха,0,1,0,0,0,0,0,0,0,0
товариш,0,0,0,0,0,0,1,0,0,1
матеріал,0,0,0,0,0,0,0,0,0,0
матеріалізм,0,0,0,0,0,1,0,0,0,0
матеріаліст,0,0,1,0,0,1,0,0,0,0
матеріалістичний,0,0,0,0,0,0,0,0,0,0
матеріальність,0,0,0,0,0,0,0,0,0,0
матеріалізуватися,0,0,0,0,0,0,0,0,0,0
матеріально,0,0,0,0,0,0,0,0,0,0
матеріалів,0,0,0,0,0,0,0,0,0,0
матеріальна техніка,0,0,0,0,0,0,0,0,0,0
материнська,0,1,0,0,0,1,1,0,0,0
материнство,0,0,0,0,0,0,0,0,0,0
математичний,0,0,0,0,0,0,0,0,0,1
математик,0,0,0,0,0,0,0,0,0,0
математика,0,0,0,0,0,0,0,0,0,0
атестат зрілості,0,0,0,0,0,0,0,0,0,0
одруження,0,1,0,0,1,0,1,0,0,1
матриця,0,0,0,0,0,0,0,0,0,0
матрона,0,0,0,0,0,0,1,0,0,1
матовий,0,0,0,0,0,0,0,0,0,0
справа,0,0,0,0,0,0,0,0,0,0
матування,0,0,0,0,0,0,0,0,0,0
матрац,0,0,0,0,0,0,0,0,0,0
дозрівання,0,0,0,0,0,0,0,0,0,0
зрілість,0,0,0,0,0,0,0,0,0,0
мавзолей,0,0,0,0,0,0,0,1,0,0
ліловий,0,0,0,0,0,0,0,0,0,0
максима,0,0,0,0,0,0,0,0,0,1
максимум,0,0,0,0,0,0,1,0,0,0
міський голова,0,0,0,0,0,0,1,0,0,0
лабіринт,0,0,0,0,0,0,0,0,0,0
медовуха,0,0,0,0,0,0,0,0,0,0
луг,0,0,0,0,0,0,1,0,0,0
їжа,0,0,0,0,0,0,0,0,0,0
меандр,0,0,0,0,0,0,0,0,0,0
звивистий,0,0,0,0,0,1,0,0,0,0
значення,0,0,0,0,0,0,0,0,0,0
безглуздий,0,0,0,0,0,1,0,1,0,0
засоби,0,0,0,0,0,0,0,0,0,0
тим часом,0,0,0,0,0,0,0,0,0,0
кір,0,0,1,1,0,1,0,1,0,0
вимірюваний,0,0,0,0,0,0,0,0,0,0
міра,0,0,0,0,0,0,0,0,0,1
вимірюваний,0,0,0,0,0,0,1,0,0,1
вимірювання,0,0,0,0,0,0,0,0,0,0
вимірювання,0,0,0,0,0,0,0,0,0,0
м'ясо,0,0,0,0,0,0,0,0,0,0
механік,0,0,0,0,0,0,0,0,0,0
механічний,0,0,0,0,0,0,0,0,0,0
механізм,0,0,0,0,0,0,0,0,0,0
медаль,0,1,0,0,1,0,1,0,1,1
медальйон,0,0,0,0,0,0,0,0,0,0
медаліст,0,0,0,0,0,0,0,0,0,0
втручатися,1,0,0,0,0,1,0,0,0,0
втручання,0,0,0,0,0,0,0,0,0,0
ЗМІ,0,0,0,0,0,0,0,0,0,0
медіальний,0,0,0,0,0,0,0,0,0,0
медіана,0,0,0,0,0,0,0,0,0,0
посередником,0,1,0,0,0,0,1,0,0,1
посередництво,0,0,0,0,0,0,1,0,0,0
посередник,0,1,0,0,0,0,1,0,0,1
медичний,0,1,0,1,0,0,1,0,0,1
лікарський,0,0,0,0,0,0,0,0,0,0
ліки,0,0,0,0,0,0,0,0,0,0
середньовічний,0,0,0,0,0,0,0,0,0,0
посередній,0,0,0,0,0,1,0,0,0,0
посередність,0,0,0,0,0,1,0,0,0,0
медитувати,0,1,0,0,1,0,1,0,0,1
медитація,0,0,0,0,0,0,0,0,0,0
медитативний,0,0,0,0,0,0,0,0,0,0
середземноморський,0,0,0,0,0,0,1,0,0,0
середній,0,0,0,0,0,0,0,0,0,0
попурі,0,0,0,0,0,0,1,0,0,0
лагідний,0,0,0,0,0,0,0,1,0,0
зустріти,0,0,0,0,0,0,0,0,0,0
засідання,0,0,0,0,0,0,0,0,0,0
меланхолік,0,0,0,0,0,1,0,1,0,0
меланхолія,0,0,0,0,0,1,0,1,0,0
рукопашний бій,0,0,0,1,0,1,0,0,0,0
мелодійний,0,0,0,0,0,0,0,0,0,0
мелодрама,1,0,0,0,0,1,0,1,0,0
мелодраматичний,0,0,0,0,0,0,0,0,0,0
мелодія,0,0,0,0,0,0,0,0,0,0
розплавити,0,0,0,0,0,0,0,0,0,0
розплавлення,0,0,0,0,0,1,0,1,0,0
плавлення,0,0,0,0,0,0,0,0,0,0
член,0,0,0,0,0,0,0,0,0,0
мембрана,0,0,0,0,0,0,0,0,0,0
сувенір,0,0,0,0,0,0,1,0,0,0
записка,0,0,0,0,0,0,0,0,0,0
мемуари,0,0,0,0,0,0,0,0,0,0
пам'ятні речі,0,0,0,0,0,0,0,0,0,0
пам'ятний,0,0,0,0,1,0,1,0,1,1
меморандум,0,0,0,0,0,0,0,0,0,0
меморіал,0,0,0,0,0,0,0,0,0,0
меморіали,0,0,0,0,0,0,0,1,0,0
запам'ятати,0,0,0,0,0,0,0,0,0,0
пам'ять,0,0,0,0,0,0,0,0,0,0
загроза,1,0,0,1,0,1,0,0,0,0
грізний,1,0,0,1,0,1,0,0,0,0
звіринець,0,0,0,0,0,0,0,0,0,0
виправити,0,0,0,0,0,0,0,0,0,0
ремонт,0,0,0,0,0,0,1,0,0,0
слуга,0,0,0,0,0,1,0,0,0,0
меніск,0,0,0,0,0,0,0,0,0,0
менструації,0,0,0,0,0,0,1,0,0,0
менструальний,0,0,0,0,0,0,0,0,0,0
психічний,0,0,0,0,0,0,0,0,0,0
згадка,0,0,0,0,0,0,0,0,0,0
наставник,0,0,0,0,0,0,1,0,0,1
меню,0,0,0,0,0,0,0,0,0,0
нявкати,0,0,0,0,0,0,0,0,0,0
меркантильний,0,0,0,0,0,0,0,0,0,0
найманець,0,0,0,1,0,1,0,0,0,0
товари,0,0,0,0,0,0,0,0,0,0
купець,0,0,0,0,0,0,0,0,0,1
милосердний,0,0,0,0,0,0,1,0,0,0
безжальний,0,0,0,1,0,1,0,0,0,0
ртутний,0,0,0,0,0,0,0,0,0,0
милосердя,0,0,0,0,0,0,1,0,0,0
просто,0,0,0,0,0,0,0,0,0,0
злиття,0,1,0,0,0,0,1,0,0,0
меридіан,0,0,0,0,0,0,0,0,0,0
меридіональний,0,0,0,0,0,0,0,0,0,0
заслуги,0,0,0,0,0,0,1,0,0,1
заслужений,0,0,0,0,1,0,1,0,0,1
русалка,0,0,0,0,0,0,0,0,0,0
веселість,0,0,0,0,1,0,1,0,1,0
веселий,0,0,0,0,1,0,1,0,0,0
меса,0,0,0,0,0,0,0,0,0,0
сітка,0,0,0,0,0,0,0,0,0,0
сітки,0,0,0,0,0,0,0,0,0,0
загіпнотизований,0,0,0,0,0,0,0,0,0,0
безлад,0,0,1,0,0,1,0,0,0,0
повідомлення,0,0,0,0,0,0,0,0,0,0
месенджер,0,0,0,0,0,0,0,0,0,1
безладний,0,0,1,0,0,1,0,0,0,0
метаболізм,0,0,0,0,0,0,0,0,0,0
метал,0,0,0,0,0,0,0,0,0,0
металургія,0,0,0,0,0,0,0,0,0,0
метаморфоз,0,0,0,0,0,0,0,0,0,0
метафора,0,0,0,0,0,0,0,0,0,0
метафоричний,0,0,0,0,0,0,0,0,0,0
метафізичний,0,0,0,0,0,0,0,0,0,0
метафізика,0,0,0,0,0,0,0,0,0,0
метастази,0,0,0,0,0,1,0,0,0,0
метеор,0,0,0,0,0,0,0,0,0,0
метеоритний,0,0,0,0,0,0,0,0,0,0
метеорит,0,0,0,0,0,0,0,0,0,0
метеорологічний,0,0,0,0,0,0,0,0,0,0
метеорологія,0,0,0,0,0,0,0,0,0,0
метр,0,0,0,0,0,0,0,0,0,0
метанол,0,0,0,0,0,1,0,0,0,0
метод,0,0,0,0,0,0,0,0,0,0
методичні,0,0,0,0,0,0,0,0,0,0
прискіпливий,0,0,0,0,0,0,0,0,0,0
метрика,0,0,0,0,0,0,0,0,0,0
метричний,0,0,0,0,0,0,0,0,0,0
метрологія,0,0,0,0,0,0,0,0,0,0
мегаполіс,0,0,0,0,0,0,0,0,0,0
митрополит,0,0,0,0,0,0,1,0,0,0
мужність,0,0,0,0,0,0,1,0,0,0
мяу,0,0,0,0,0,0,0,0,0,0
слюда,0,0,0,0,0,0,0,0,0,0
Мік,0,0,0,0,0,0,0,0,0,0
мікроб,0,0,0,0,0,0,0,0,0,0
мікробіології,0,0,0,0,0,0,0,0,0,0
мікросвіт,0,0,0,0,0,0,0,0,0,0
мікрограм,0,0,0,0,0,0,0,0,0,0
мікрометр,0,0,0,0,0,0,0,0,0,0
мікрон,0,0,0,0,0,0,0,0,0,0
мікрофон,0,0,0,0,0,0,0,0,0,0
мікроскоп,0,0,0,0,0,0,0,0,0,1
мікроскопічні,0,0,0,0,0,0,0,0,0,0
мікроскопічно,0,0,0,0,0,0,0,0,0,0
мікроскопія,0,0,0,0,0,0,1,0,0,0
середина,0,0,0,0,0,0,0,0,0,0
полудень,0,0,0,0,0,0,0,0,0,0
середина,0,0,0,0,0,0,0,0,0,0
посередник,0,0,0,0,0,0,0,0,0,0
середня смуга,0,0,0,0,0,0,0,0,0,0
опівночі,0,0,0,0,0,0,0,0,0,0
посередині,0,0,0,0,0,0,0,0,0,0
середина літа,0,0,0,0,0,0,0,0,0,0
на півдорозі,0,0,0,0,0,0,0,0,0,0
акушерка,0,1,0,0,1,1,1,0,0,1
акушерство,0,0,0,0,0,0,1,0,0,0
минь,0,0,0,0,0,0,0,0,0,0
могутній,1,0,0,1,1,0,1,0,0,1
мігрувати,0,0,0,0,0,0,0,0,0,0
міграція,0,0,0,0,0,0,0,0,0,0
перелітні,0,0,0,0,0,0,0,0,0,0
Майк,0,0,0,0,0,0,0,0,0,0
цвіль,0,0,1,0,0,1,0,0,0,0
миля,0,0,0,0,0,0,0,0,0,0
пробіг,0,0,0,0,0,0,0,0,0,0
віха,0,0,0,0,0,0,0,0,0,0
войовничий,0,0,0,0,0,0,0,0,0,0
військовий,0,0,0,1,0,0,0,0,0,0
міліція,1,0,0,1,0,1,0,1,0,0
молоко,0,0,0,0,0,0,0,0,0,0
молочний,0,0,0,0,0,0,0,0,0,0
млин,0,1,0,0,0,0,0,0,0,0
тисячоліття,0,0,0,0,0,0,0,0,0,0
міліграм,0,0,0,0,0,0,0,0,0,0
міліметр,0,0,0,0,0,0,0,0,0,0
мільйон,0,0,0,0,0,0,0,0,0,0
мільйонер,0,0,0,0,0,0,0,0,0,0
мім,0,0,0,0,0,0,1,0,0,0
міміка,0,0,0,0,0,0,0,0,0,0
наслідування,0,0,0,0,0,0,0,0,0,0
міміка,0,0,0,0,0,1,0,0,1,0
розум,0,0,0,0,0,0,0,0,0,0
налаштований,0,0,0,0,0,0,0,0,0,0
уважний,0,0,0,0,0,0,1,0,0,0
уважність,0,0,0,0,0,0,1,0,0,0
Шахта,0,0,0,0,0,0,0,0,0,0
шахтар,0,0,0,0,0,0,0,0,0,0
мінерал,0,0,0,0,0,0,0,0,0,0
мінералогії,0,0,0,0,0,0,0,0,0,0
змішуватися,0,0,0,0,0,0,0,0,0,0
змішані,0,0,0,0,0,0,0,0,0,0
мініатюрний,0,0,0,0,0,0,0,0,0,0
мікроавтобус,0,0,0,0,0,0,0,0,0,0
мінімум,0,0,0,0,0,0,0,0,0,0
мінімізувати,0,0,0,0,0,1,0,0,0,0
мінімум,0,0,0,0,0,1,0,0,0,0
міністр,0,0,0,0,0,0,0,0,0,0
міністерський,0,0,0,0,0,0,0,0,0,0
міністерство,0,0,0,0,1,0,1,0,0,1
мінівен,0,0,0,0,0,0,0,0,0,0
минь,0,0,0,0,0,0,0,0,0,0
другорядний,0,0,0,0,0,0,0,0,0,0
меншість,0,0,0,0,0,1,0,0,0,0
менестрель,0,0,0,0,0,0,0,0,0,0
м'ята,0,0,0,0,0,0,0,0,0,0
мізерний,0,0,0,0,0,0,0,0,0,0
хвилина,0,0,0,0,0,0,0,0,0,0
дрібниці,0,0,0,0,0,0,0,0,0,0
мир,0,0,0,0,0,0,0,0,0,0
чудо,0,1,0,0,1,0,1,0,1,1
чудесний,0,0,0,0,1,0,1,0,1,0
міраж,0,0,0,0,0,0,0,0,0,0
болото,0,0,1,0,0,1,0,0,0,0
дзеркало,0,0,0,0,0,0,0,0,0,0
веселість,0,0,0,0,1,0,1,0,0,0
незаконне привласнення,0,0,0,0,0,0,0,0,0,0
погана поведінка,1,0,1,0,0,1,0,0,1,0
викидень,0,0,0,1,0,1,0,1,0,0
різне,0,0,0,0,0,0,0,0,0,0
різне,0,0,0,0,0,0,0,0,0,0
пустощі,0,0,0,0,0,1,0,0,0,0
пустотливий,0,0,0,0,0,1,0,0,0,0
помилкове уявлення,1,0,1,1,0,1,0,0,0,0
неправомірна поведінка,0,0,1,0,0,1,0,0,0,0
проступок,0,0,0,0,0,0,0,0,0,0
жалюгідний,1,0,1,0,0,1,0,1,0,0
жалюгідно,0,0,0,0,0,1,0,1,0,0
нещастя,1,0,1,1,0,1,0,1,0,0
нещастя,0,0,0,1,0,1,0,1,0,0
помилковий,0,0,1,0,0,1,0,0,0,0
нещасний випадок,0,0,1,1,0,1,0,1,1,0
дезінформований,0,0,0,0,0,0,0,0,0,0
неправильне тлумачення,0,0,0,0,0,1,0,0,0,0
вводити в оману,1,0,0,1,0,1,0,0,0,1
вводить в оману,1,0,1,0,0,1,0,0,0,0
безгосподарність,0,0,0,0,0,1,0,0,0,0
невідповідність,0,0,0,0,0,1,0,0,0,0
невідповідність,0,0,0,0,0,0,0,0,0,0
неправильна назва,0,0,0,0,0,1,0,0,0,0
недоречний,1,0,1,0,0,1,0,0,0,0
не на місці,0,0,0,0,0,1,0,0,0,0
спотворити,0,0,0,0,0,1,0,0,0,0
спотворення,0,0,0,0,0,1,0,1,0,0
неправильно представлені,1,0,0,0,0,1,0,0,0,0
міс,0,0,0,0,0,0,0,0,0,0
ракета,0,0,0,1,0,0,0,0,0,0
відсутній,0,0,0,1,0,1,0,1,0,0
місія,0,0,0,0,0,0,0,0,0,0
місіонерський,0,0,0,0,0,0,1,0,0,0
спотворення,1,0,1,0,0,1,0,0,0,0
туман,0,0,0,0,0,0,0,0,0,0
помилка,0,0,0,0,0,1,0,1,0,0
помилявся,0,0,0,1,0,1,0,0,0,0
пан,0,0,0,0,0,0,0,0,0,0
господиня,1,0,1,0,0,1,0,0,0,0
недовіра,0,0,1,1,0,1,0,0,0,0
туманний,0,0,0,0,0,0,0,0,0,0
неправильно розуміти,0,0,0,0,0,1,0,0,0,0
непорозуміння,1,0,0,0,0,1,0,1,0,0
неправильне використання,0,0,0,0,0,1,0,0,0,0
кліщ,0,0,1,0,0,1,0,0,0,0
митра,0,0,0,0,0,0,0,0,0,0
пом'якшення,0,0,0,0,0,0,0,0,0,0
змішувати,0,0,0,0,0,0,0,0,0,0
змішаний,0,0,0,0,0,0,0,0,0,0
суміш,0,0,0,0,0,0,0,0,0,0
стогін,0,0,0,1,0,0,0,1,0,0
рів,0,0,0,0,0,0,0,0,0,1
моб,1,0,0,1,0,1,0,0,0,0
мобільний,0,1,0,0,0,0,0,0,0,0
мобільність,0,0,0,0,0,0,0,0,0,0
мобілізація,0,0,0,0,0,0,0,0,0,0
мобілізувати,0,0,0,0,0,0,0,0,0,0
насмішка,0,0,1,0,0,1,0,0,0,0
насмішкуватий,1,0,1,0,0,1,0,1,0,0
модальний,0,0,0,0,0,0,0,0,0,0
модальність,0,0,0,0,0,0,0,0,0,0
режим,0,0,0,0,0,0,0,0,0,0
модель,0,0,0,0,0,0,1,0,0,0
модельєр,0,0,0,0,0,0,0,0,0,0
помірний,0,0,0,0,0,0,1,0,0,0
помірно,0,0,0,0,0,0,0,0,0,0
модерування,0,0,0,0,0,0,0,0,0,0
помірність,0,0,0,0,0,0,0,0,0,0
модератор,0,0,0,0,0,0,1,0,0,1
сучасний,0,0,0,0,0,0,0,0,0,0
модернізм,0,0,0,0,0,0,0,0,0,0
скромний,0,0,0,0,0,0,1,0,0,1
скромність,0,0,0,0,0,0,1,0,0,0
хоча б,0,0,0,0,0,0,0,0,0,0
змінювані,0,0,0,0,0,0,0,0,0,0
модифікація,0,0,0,0,0,0,0,0,0,0
змінений,0,0,0,0,0,0,0,0,0,0
змінювати,0,0,0,0,0,0,0,0,1,0
модулювати,0,0,0,0,0,0,0,0,0,0
модуляція,0,0,0,0,0,0,0,0,0,0
модуль,0,0,0,0,0,0,0,0,0,0
модуль,0,0,0,0,0,0,0,0,0,0
магнат,0,0,0,0,0,0,0,0,0,0
фрагмент,0,0,0,0,0,0,0,0,0,0
вологий,0,0,0,0,0,0,0,0,0,0
вологи,0,0,0,0,0,0,0,0,0,0
молярний,0,0,0,0,0,0,0,0,0,0
патока,0,0,0,0,0,0,0,0,0,0
цвіль,0,0,0,0,0,0,0,0,0,0
формовані,0,0,0,0,0,0,0,0,0,0
формування,0,0,0,0,0,0,0,0,0,0
запліснявілий,0,0,0,0,0,0,0,0,0,0
молекулярний,0,0,0,0,0,0,0,0,0,0
молекула,0,0,0,0,0,0,0,0,0,0
розбещення,1,0,1,1,0,1,0,1,0,0
розплавлений,0,0,0,0,0,0,0,0,0,0
момент,0,0,0,0,0,0,0,0,0,0
миттєвий,0,0,0,0,0,0,0,0,0,0
знаменний,0,0,0,0,0,0,0,0,0,0
імпульс,0,1,0,0,0,0,1,0,0,0
монада,0,0,0,0,0,0,0,0,0,0
монарх,0,0,0,0,0,0,0,0,0,0
монархія,0,0,0,0,0,0,0,0,0,0
монастир,0,0,0,0,0,0,0,0,0,0
монастирський,0,0,0,0,0,0,0,0,0,0
грошовий,0,1,0,0,0,0,1,0,0,0
гроші,1,1,0,0,1,0,1,0,1,1
чернець,0,0,0,0,0,0,1,0,0,1
мавпа,0,0,0,0,0,0,0,0,0,0
монохромний,0,0,1,0,0,1,0,0,0,0
моногамія,0,0,0,0,0,0,0,0,0,1
монограма,0,0,0,0,0,0,0,0,0,0
монографія,0,0,0,0,0,0,0,0,0,0
моношар,0,0,0,0,0,0,0,0,0,0
монолог,0,0,0,0,0,0,0,0,0,0
монополіст,0,0,0,0,0,1,0,0,0,0
монополія,0,0,0,0,0,0,0,0,0,0
монотонність,0,0,0,0,0,0,0,0,0,0
мусон,0,0,0,0,0,1,0,1,0,0
монстр,0,0,0,1,0,1,0,0,0,0
потворність,1,0,1,1,0,1,0,0,1,0
монте,0,0,0,0,0,0,0,0,0,0
місяць,0,0,0,0,0,0,0,0,0,0
щомісяця,0,0,0,0,0,0,0,0,0,0
пам'ятник,0,0,0,0,0,0,1,0,0,0
монументальний,0,0,0,0,0,0,0,0,0,0
мукання,0,0,0,0,0,0,0,0,0,0
настрої,0,0,0,0,0,0,0,0,0,0
примхливий,1,0,0,0,0,1,0,1,0,0
місяць,0,0,0,0,0,0,0,0,0,0
місячне світло,0,0,0,0,0,0,0,0,0,0
пришвартований,0,0,0,0,0,0,0,0,0,0
швартування,0,0,0,0,0,0,0,0,0,0
причали,0,0,0,0,0,0,0,0,0,1
болотиста місцевість,0,0,0,0,0,0,0,0,0,0
лось,0,0,0,0,0,0,0,0,0,0
спірний,0,0,0,0,0,1,0,0,0,0
обговорений,0,0,0,0,0,0,0,0,0,0
швабра,0,0,0,0,0,0,0,0,0,0
моральний,1,0,0,0,0,0,1,0,0,1
мораль,0,0,0,0,0,0,1,0,0,1
мораль,1,1,1,0,1,0,1,0,1,1
болото,0,0,0,0,0,0,0,0,0,0
мораторій,0,0,0,0,0,0,0,0,0,0
хворобливий,0,0,0,0,0,1,0,1,0,0
хворобливість,1,0,1,1,0,1,0,1,0,0
морг,0,0,1,1,0,1,0,1,0,0
відмираючий,0,0,0,0,0,1,0,1,0,0
ранок,0,1,0,0,0,0,0,0,0,0
ранок,0,0,0,0,0,0,0,0,0,0
виродок,0,0,0,0,0,1,0,0,0,0
дебільний,0,0,0,0,0,1,0,0,0,0
морфін,0,0,0,0,0,0,0,0,0,0
морфізм,0,0,0,0,0,0,0,0,0,0
морфологія,0,0,0,0,0,0,0,0,0,0
завтра,0,1,0,0,0,0,0,0,0,0
шматочок,0,0,0,0,0,1,0,0,0,0
смертний,0,0,0,0,0,1,0,0,0,0
смертність,1,0,0,1,0,1,0,1,0,0
розчин,0,0,0,0,0,0,1,0,0,0
іпотека,0,0,0,1,0,0,0,0,0,0
іпотекодержатель,0,0,0,0,0,0,0,0,0,1
заставодавець,0,0,0,1,0,0,0,0,0,0
умертвіння,0,1,1,1,0,1,0,1,0,0
морг,0,0,0,1,0,1,0,1,0,0
мозаїка,0,0,0,0,0,0,0,0,0,0
комар,1,0,1,0,0,1,0,0,0,0
мох,0,0,0,0,0,0,0,0,0,0
моховий,0,0,0,0,0,0,0,0,0,0
порошинка,0,0,0,0,0,0,0,0,0,0
моль,0,0,0,0,0,0,0,0,0,0
мати,0,1,0,0,1,1,1,1,0,1
материнство,0,0,0,0,1,0,1,0,0,1
руху,0,1,0,0,0,0,0,0,0,0
нерухомий,0,0,0,0,0,0,0,0,0,0
мотив,0,0,0,0,0,0,1,0,0,0
строкатий,0,0,0,0,0,0,0,0,0,0
двигун,0,0,0,0,0,0,0,0,0,0
мотоцикл,0,0,0,0,0,0,0,0,0,0
мотоцикл,0,0,0,0,0,0,0,0,0,0
motte,0,0,0,0,0,0,0,0,0,0
рябий,0,0,0,0,0,0,0,0,0,0
девіз,0,0,0,0,0,0,0,0,0,0
цвіль,0,0,0,0,0,0,0,0,0,0
курган,0,0,0,0,0,0,0,0,0,0
монтувати,0,0,0,0,0,0,0,0,0,0
гора,0,1,0,0,0,0,0,0,0,0
альпініст,0,0,0,0,0,0,0,0,0,0
гірський,0,0,0,0,0,0,0,0,0,0
оплакувати,0,0,0,0,0,1,0,1,0,0
скорботний,1,0,0,1,0,1,0,1,0,0
траур,0,0,0,0,0,1,0,1,0,0
миша,0,0,0,0,0,0,0,0,0,0
вуса,0,0,0,0,0,0,0,0,0,0
рот,0,0,0,0,0,0,0,0,1,0
повний рот,0,0,1,0,0,0,0,0,0,0
мундштук,0,0,0,0,0,0,0,0,0,0
рухомий,0,0,0,0,0,0,1,0,0,0
рухатися,0,0,0,0,0,0,0,0,0,0
рух,0,0,0,0,0,0,0,0,0,0
рушій,0,0,0,0,0,0,1,0,0,0
фільм,0,0,0,0,0,0,0,0,0,0
переміщення,0,0,0,0,0,0,0,0,0,0
косити,0,0,0,0,0,0,0,0,0,0
гидота,0,0,1,0,0,1,0,0,0,0
слизова,0,0,1,0,0,0,0,0,0,0
слизу,0,0,1,0,0,0,0,0,0,0
грязь,0,0,0,0,0,1,0,0,0,0
плутатися,0,0,0,0,0,1,0,0,0,0
заплутаний,0,0,0,0,0,1,0,0,0,0
каламутний,0,0,1,0,0,1,0,0,0,0
муфта,1,0,1,0,0,1,0,0,0,0
приглушено,0,0,0,0,0,0,0,0,0,0
глушник,0,0,0,0,0,0,0,0,0,0
гуртка,1,0,0,1,0,1,1,1,0,0
мул,1,0,0,0,0,1,0,0,0,1
багатосторонній,0,0,0,0,0,0,0,0,0,0
багаторазовий,0,0,0,0,0,0,0,0,0,0
мультиплекс,0,0,0,0,0,0,0,0,0,0
множення,0,0,0,0,0,0,0,0,0,0
кратність,0,0,0,0,0,0,0,0,0,0
помножений,0,0,0,0,0,0,0,0,0,0
множник,0,0,0,0,0,0,0,0,0,0
множити,0,0,0,0,0,0,0,0,0,0
безліч,0,0,0,0,0,0,0,0,0,0
мама,0,0,0,1,0,1,0,0,0,0
бурмотіти,0,0,0,0,0,1,0,0,0,0
мумія,0,0,0,0,0,0,0,0,0,0
паротит,0,0,0,0,0,1,0,0,0,0
жувати,0,0,0,0,0,0,0,0,0,0
буденний,0,0,0,0,0,0,0,0,0,0
муніципальний,0,0,0,0,0,0,0,0,0,0
муніципалітет,0,0,0,0,0,0,0,0,0,0
фреска,0,0,0,0,0,0,0,0,0,0
вбивство,1,0,1,1,0,1,0,1,1,0
вбивця,1,0,1,1,0,1,0,1,0,0
вбивчий,1,0,1,1,0,1,0,1,1,0
каламутний,0,0,1,0,0,1,0,1,0,0
бурчання,0,0,0,0,0,0,0,0,0,0
м'яз,0,0,0,0,0,0,0,0,0,0
м'язовий,0,0,0,0,0,0,1,0,0,0
муза,0,0,0,0,0,0,0,0,0,0
муз,0,0,0,0,0,0,0,0,0,0
музей,0,0,0,0,0,0,0,0,0,0
каша,0,0,0,0,0,0,0,0,0,0
гриб,0,0,0,0,0,0,0,0,0,0
музика,0,0,0,0,1,0,1,1,0,0
музичний,1,1,0,0,1,0,1,1,1,1
музикант,0,0,0,0,0,0,0,0,0,0
розмірковуючи,0,0,0,0,0,0,0,0,0,0
мускус,0,0,0,0,0,0,0,0,0,0
мушкет,0,0,0,1,0,0,0,0,0,0
муслін,0,0,0,0,0,0,0,0,0,0
мусс,0,0,0,0,0,1,0,0,0,0
мустанг,0,0,0,0,0,0,0,0,0,0
гірчиця,0,0,0,0,0,0,0,0,0,0
зібрати,0,0,0,0,0,0,0,0,0,0
затхлий,0,0,1,0,0,1,0,0,0,0
мінливий,0,1,0,0,0,0,1,0,0,0
мутант,0,0,0,0,0,1,0,0,0,0
мутація,0,0,0,0,0,0,0,0,0,0
понівечений,0,0,1,0,0,1,0,0,0,0
каліцтво,1,0,1,1,0,1,0,1,0,0
заколот,1,0,1,1,0,1,0,0,1,0
бурмотіти,1,0,0,0,0,1,0,0,0,0
баранина,0,0,0,0,0,0,0,0,0,0
взаємний,0,0,0,0,0,0,1,0,0,0
взаємно,0,0,0,0,0,0,0,0,0,0
морда,0,0,0,1,0,1,0,0,0,0
короткозорість,1,0,0,0,0,1,0,1,0,0
короткозорий,0,0,0,0,0,0,0,0,0,0
безліч,0,0,0,0,0,0,0,0,0,0
таємничий,0,1,0,1,0,0,0,0,1,0
таємниця,0,1,0,0,0,0,0,0,1,0
містика,0,0,0,0,0,0,0,0,1,0
містичний,0,0,0,0,0,0,0,0,0,0
містика,0,0,0,0,0,0,0,0,0,0
міф,0,0,0,0,0,0,0,0,0,0
міфічний,0,0,0,0,0,0,0,0,0,0
міфічний,0,0,0,0,0,0,0,0,0,0
міфологічний,0,0,0,0,0,0,0,0,0,0
міфології,0,0,0,0,0,0,0,0,0,0
наб,0,0,0,0,0,1,0,0,1,0
найнижчий рівень,0,0,0,0,0,1,0,0,0,0
наг,1,0,0,0,0,1,0,0,0,0
цвях,0,0,0,0,0,0,0,0,0,0
наївний,0,0,0,0,0,1,0,0,0,0
голий,0,0,0,0,0,0,0,0,0,0
названий,0,0,0,0,0,0,0,0,0,0
безіменні,0,0,1,0,0,1,0,0,0,0
тезка,0,0,0,0,0,0,0,0,0,0
іменування,0,0,0,0,0,0,0,0,0,0
няня,0,0,0,0,0,0,0,0,0,0
нанометр,0,0,0,0,0,0,0,0,0,0
дрімати,0,0,0,0,1,0,1,0,0,0
потилицю,0,0,0,0,0,0,0,0,0,0
серветка,0,0,0,0,0,0,0,1,0,0
дрімає,0,0,0,0,0,0,0,0,0,0
підгузник,0,0,1,0,0,1,0,0,0,0
наркотичний,0,0,0,0,0,1,0,0,0,0
розповідати,0,0,0,0,0,0,0,0,0,0
розповідь,0,0,0,0,0,0,0,0,0,0
розповідь,0,0,0,0,0,0,0,0,0,0
оповідач,0,0,0,0,0,0,0,0,0,0
вузькі,0,0,0,0,0,0,0,0,0,0
звуження,0,0,0,0,0,0,0,0,0,0
зароджується,0,1,0,0,0,0,0,0,0,0
противний,1,0,1,1,0,1,0,1,0,0
натальний,0,0,0,0,0,0,0,0,0,0
нація,0,0,0,0,0,0,0,0,0,1
національний,0,0,0,0,0,0,0,0,0,0
національність,0,0,0,0,0,0,0,0,0,0
рідний,0,0,0,0,0,0,0,0,0,0
вертеп,0,0,0,0,0,0,0,0,0,0
натураліст,0,0,0,0,0,0,1,0,0,0
натуралізація,0,0,0,0,0,0,0,0,0,0
натуралізований,0,0,0,0,0,0,0,0,0,0
природно,0,0,0,0,0,0,0,0,0,0
природи,0,0,0,0,0,0,0,0,0,0
нічого,0,0,0,0,0,0,0,0,0,0
неслухняний,0,0,0,0,0,1,0,0,0,0
нудота,0,0,1,0,0,1,0,0,0,0
нудотний,0,0,1,0,0,1,0,1,0,0
морський,0,0,0,0,0,0,0,0,0,0
військово-морський,0,0,0,0,0,0,0,0,0,0
неф,0,0,0,0,0,0,0,0,0,0
пупок,0,0,0,0,0,0,0,0,0,0
судноплавний,0,1,0,0,0,0,1,0,0,0
орієнтуватися,0,0,0,0,0,0,0,0,0,0
навігація,0,0,0,0,0,0,0,0,0,0
навігатор,0,1,0,0,0,0,0,0,0,1
флот,0,0,0,0,0,0,0,0,0,0
ні,0,0,0,0,0,1,0,0,0,0
акуратно,0,0,0,0,0,0,1,0,0,0
туманність,0,0,0,0,0,0,0,0,0,0
туманності,0,0,0,0,0,0,0,0,0,0
туманний,0,0,0,0,0,0,0,0,0,0
обов'язково,0,0,0,0,0,0,0,0,0,0
вимагати,0,0,0,0,0,0,0,0,0,0
предмети першої необхідності,0,0,0,0,0,0,0,0,0,0
необхідність,0,0,0,0,0,0,0,1,0,0
шия,0,0,0,0,0,0,0,0,0,0
намисто,0,0,0,0,0,0,0,0,0,0
некроз,0,0,0,0,0,0,0,0,0,0
нектар,0,0,0,0,0,0,1,0,0,0
необхідний,0,0,0,0,0,1,0,0,0,0
голка,0,0,0,0,0,0,1,0,0,0
непотрібний,0,0,0,0,0,0,0,0,0,0
нужденний,0,0,0,0,0,1,0,0,0,0
мерзенний,0,0,1,1,0,1,0,1,1,0
заперечення,1,0,0,0,0,1,0,0,0,0
негативний,0,0,0,0,0,1,0,1,0,0
нехтування,0,0,0,0,0,1,0,0,0,0
знехтуваний,1,0,1,0,0,1,0,1,0,0
нехтування,0,0,0,0,0,1,0,0,0,0
недбалість,0,0,0,0,0,1,0,0,0,0
недбалий,0,0,0,0,0,1,0,0,0,0
недбало,0,0,0,0,0,1,0,0,0,0
незначний,0,0,0,0,0,0,0,0,0,0
вести переговори,0,0,0,0,0,0,1,0,0,1
переговори,0,0,0,0,0,0,0,0,0,0
переговорник,0,0,0,0,0,0,1,0,0,0
негр,0,0,0,0,0,1,0,1,0,0
ржати,0,0,0,0,0,0,0,0,0,0
сусід,0,1,0,0,0,0,1,0,0,1
околиці,0,1,0,0,0,0,0,0,0,0
сусідні,0,0,0,0,0,0,0,0,0,0
неонатальний,0,0,0,0,0,0,0,0,0,0
неофіт,0,0,0,0,0,0,0,0,0,0
неопрен,0,0,0,0,0,0,0,0,0,0
племінник,0,0,0,0,0,0,0,0,0,0
кумівство,1,0,1,0,0,1,0,1,0,0
нерв,0,0,0,0,0,0,1,0,0,0
нервовий,0,1,0,1,0,1,0,0,0,0
нервозність,0,0,0,1,0,0,0,0,0,0
ність,0,0,0,0,0,0,0,0,0,0
гніздо,0,0,0,0,0,0,0,0,0,1
гніздитися,0,0,0,0,0,0,1,0,0,1
пташеня,0,0,0,0,0,0,0,0,0,0
чистий,0,0,0,0,0,0,0,0,0,0
нижній,1,0,0,1,0,1,0,1,0,0
сітка сітка,0,0,0,0,0,0,0,0,0,0
кропива,1,0,1,0,0,1,0,0,0,0
мережі,0,1,0,0,0,0,0,0,0,0
невралгія,0,0,0,1,0,1,0,1,0,0
неврологія,0,0,0,0,0,0,0,0,0,0
невроз,0,0,0,1,0,1,0,1,0,0
невротичний,0,0,1,1,0,1,0,0,0,0
середнього роду,0,0,0,0,0,0,0,0,0,0
нейтральний,0,1,0,0,0,0,0,0,0,1
нейтралітет,0,0,0,0,0,0,0,0,0,1
нейтралізувати,0,0,0,0,0,0,0,0,0,0
новонароджений,0,0,0,0,0,0,0,0,0,0
новачок,0,0,0,1,0,0,0,0,1,0
нещодавно,0,0,0,0,0,0,0,0,0,0
новизна,0,0,0,0,0,0,0,0,0,0
новини,0,0,0,0,0,0,0,0,0,0
газета,0,0,0,0,0,0,0,0,0,0
газетний кіоск,0,0,0,0,0,0,0,0,0,0
перо,0,0,0,0,0,0,0,0,0,0
гризти,0,0,0,0,0,0,0,0,0,0
ніша,0,0,0,0,0,0,0,0,0,0
nichts,0,0,0,0,0,0,0,0,0,0
нік,0,0,0,0,0,0,0,0,0,0
нікель,0,0,0,0,0,0,0,0,0,0
псевдонім,0,0,0,0,0,0,0,0,0,0
нікотин,0,0,1,0,0,1,0,0,0,0
племінниця,0,0,0,0,0,0,0,0,0,0
близько,0,0,0,0,0,0,0,0,0,0
ніч,0,0,0,0,0,0,0,0,0,0
сутінки,0,0,0,0,0,0,0,0,0,0
соловейко,0,0,0,0,0,0,0,0,0,0
кошмар,0,0,0,1,0,1,0,0,0,0
нігілізм,0,0,0,0,0,1,0,0,0,0
нуль,0,0,0,0,0,0,0,0,0,0
спритний,0,0,0,0,0,0,0,0,0,0
дев'яносто,0,0,0,0,0,0,0,0,0,0
дев'ятий,0,0,0,0,0,0,0,0,0,0
затиснути,0,0,0,0,0,0,0,0,0,0
соска,0,0,0,0,0,0,0,0,0,0
нікс,0,0,0,0,0,0,0,0,0,0
дворянство,0,1,0,0,0,0,1,0,0,1
шляхетний,0,0,0,0,0,0,1,0,0,1
шляхтич,0,0,0,0,0,0,1,0,0,1
нічний спосіб життя,0,0,0,0,0,0,0,0,0,0
кивати,0,0,0,0,0,0,0,0,0,0
киваючи,0,0,0,0,0,0,0,0,0,0
вузол,0,0,0,0,0,0,0,0,0,0
вузлуватий,0,0,0,0,0,0,0,0,0,0
вузлик,0,0,0,0,0,0,0,0,0,0
шум,0,0,0,0,0,1,0,0,0,0
шумний,1,0,0,0,0,1,0,0,0,0
кочівник,0,0,0,0,0,0,0,0,0,0
кочовий,0,0,0,0,0,0,0,0,0,0
номенклатура,0,0,0,0,0,0,0,0,0,0
номінальний,0,0,0,0,0,0,0,0,0,0
номінувати,0,0,0,0,0,0,0,0,0,0
номінація,0,0,0,0,0,0,1,0,0,0
номінант,0,0,0,0,0,0,0,0,0,0
один раз,0,0,0,0,0,0,0,0,0,0
невідповідність,1,1,0,1,0,1,0,1,0,0
непоказний,0,0,0,0,0,0,0,0,0,0
неіснуючий,0,0,0,0,0,0,0,0,0,0
несплата,0,0,0,0,0,0,0,0,0,0
не резидент,0,0,0,0,0,0,0,0,0,0
нісенітниця,0,0,0,0,0,1,0,0,0,0
безглуздий,0,0,0,0,0,1,0,1,0,0
локшина,0,0,0,0,0,0,0,0,0,0
куточок,0,0,0,0,0,0,0,0,0,0
полудень,0,0,0,0,0,0,0,0,0,0
петля,0,0,0,0,0,1,0,1,0,0
норма,0,0,0,0,0,0,0,0,0,0
нормально,0,0,0,0,0,0,0,0,0,0
нормальність,0,0,0,0,0,0,0,0,0,0
нормальність,0,0,0,0,0,0,1,0,0,0
ніс,0,0,1,0,0,0,0,0,0,0
ностальгія,0,0,0,0,0,0,0,0,0,0
ніздрі,0,0,0,0,0,0,0,0,0,0
помітний,0,0,0,0,1,0,1,0,0,1
видатні особи,0,0,0,0,0,0,1,0,0,0
особливо,0,0,0,0,0,0,0,0,0,0
нотаріус,0,0,0,0,0,0,0,0,0,1
позначення,0,0,0,0,0,0,0,0,0,0
виїмка,0,0,0,0,0,0,0,0,0,0
зубчастий,0,0,0,0,0,0,0,0,0,0
Примітка,0,0,0,0,0,0,0,0,0,0
блокнот,0,0,0,0,0,0,0,0,0,0
зазначив,0,0,0,0,0,0,1,0,0,0
вартий уваги,0,0,0,0,0,0,0,0,0,0
нікчемність,0,0,0,0,0,1,0,1,0,0
повідомлення,0,0,0,0,0,0,0,0,0,0
помітний,0,0,0,0,0,0,0,0,0,0
повідомлення,0,1,0,0,0,0,0,0,0,0
повідомити,0,0,0,0,0,0,0,0,0,0
поняття,0,0,0,0,0,0,1,0,0,0
умовний,0,0,0,0,0,0,0,0,0,0
відомість,1,0,1,1,0,1,1,0,0,0
незважаючи на це,0,0,0,0,0,0,0,0,0,0
нічого,0,0,0,0,0,0,0,0,0,0
іменник,0,0,0,0,0,0,0,0,0,0
живити,0,0,0,0,0,0,0,0,0,0
харчування,0,0,0,0,0,0,1,0,0,0
нуво,0,0,0,0,0,0,0,0,0,0
новизна,0,0,0,0,0,0,0,0,0,0
новачок,0,0,0,0,0,0,0,0,0,0
в наші дні,0,0,0,0,0,0,0,0,0,0
шкідливий,0,0,1,1,0,1,0,0,0,0
насадка,0,0,0,0,0,0,0,0,0,0
нюанс,0,0,0,0,0,0,0,0,0,0
нюанси,0,0,0,0,0,0,0,0,0,0
ядро,0,0,0,0,0,0,0,0,0,0
оголена,0,0,0,0,0,0,0,0,0,0
підштовхнути,0,0,0,0,0,0,0,0,0,0
нагота,0,0,0,0,0,0,0,0,0,0
самородок,0,0,0,0,0,0,0,0,0,0
неприємність,1,0,0,0,0,1,0,0,0,0
nul,0,0,0,0,0,1,0,0,0,0
нуль,0,0,0,0,0,0,0,0,0,0
звести нанівець,0,0,0,0,0,1,0,0,1,0
оніміння,0,0,0,0,0,1,0,0,0,0
номер,0,0,0,0,0,0,0,0,0,0
нумерація,0,0,0,0,0,0,0,0,0,0
чисел,0,0,0,0,0,0,1,0,0,0
оніміння,0,0,0,0,0,1,0,1,0,0
числівник,0,0,0,0,0,0,0,0,0,0
чисельник,0,0,0,0,0,0,0,0,0,0
числові,0,0,0,0,0,0,0,0,0,0
чисельно,0,0,0,0,0,0,0,0,0,0
численні,0,0,0,0,0,0,0,0,0,0
черниця,0,0,0,0,0,1,0,0,0,1
медсестра,0,0,0,0,0,0,1,0,0,1
розплідник,0,0,0,0,1,0,1,0,0,1
виховувати,1,1,1,1,1,0,1,0,0,1
мускатний горіх,0,0,0,0,0,0,0,0,0,0
харчування,0,0,0,0,0,0,0,0,0,0
поживний,0,0,0,0,0,0,1,1,0,0
поживний,0,0,0,0,0,0,0,0,0,0
горіхи,0,0,0,0,0,0,0,0,0,0
німфа,0,0,0,0,0,0,0,0,0,0
тупий,0,0,0,0,0,1,0,0,0,0
дуб,0,0,0,0,0,0,1,0,0,0
весло,0,0,0,0,0,0,0,0,0,0
оазис,0,1,0,0,1,0,1,0,0,1
присяга,0,0,0,0,0,0,1,0,0,1
вівсяні пластівці,0,0,0,0,0,0,0,0,0,0
слухняність,0,0,0,0,0,0,1,0,0,1
слухняний,0,0,0,0,0,0,0,0,0,0
слухняно,0,0,0,0,0,0,0,0,0,0
обеліск,0,0,0,0,0,0,0,0,0,0
ожирінням,0,0,1,0,0,1,0,0,0,0
ожиріння,0,0,1,0,0,1,0,1,0,0
підкорятися,0,0,0,1,0,0,0,0,0,1
обі,0,0,1,1,0,1,0,0,0,0
обіт,0,0,0,0,0,1,0,1,1,0
некролог,0,0,0,0,0,1,0,1,0,0
об'єкт,0,0,0,0,0,0,0,0,0,0
заперечення,1,0,0,0,0,1,0,0,0,0
небажаний,0,0,0,0,0,1,0,0,0,0
об'єктивний,0,1,0,0,0,0,1,0,0,1
зобов'язання,0,0,0,0,0,0,0,0,0,0
обов'язковий,0,0,0,0,0,0,0,0,0,0
зобов'язувати,0,0,0,0,0,1,0,0,0,1
зобов'язаний,0,0,0,0,0,0,0,0,0,0
зобов'язує,1,1,1,1,1,0,1,0,1,1
боржник,0,0,0,1,0,1,0,0,0,0
косий,0,0,0,0,0,0,0,0,0,0
стерти,1,0,0,1,0,1,0,1,0,0
стертий,1,0,0,1,0,1,0,0,0,0
облітерація,0,0,0,1,0,1,0,1,0,0
забуття,1,0,0,1,0,1,0,0,0,0
непомітний,0,0,0,0,0,0,0,0,0,0
довгасті,0,0,0,0,0,0,0,0,0,0
огидний,1,0,1,0,0,1,0,1,0,0
гобой,0,0,0,0,0,0,0,0,0,0
непристойний,0,0,1,0,0,1,0,0,0,0
непристойність,1,0,1,0,0,1,0,0,0,0
незрозумілий,0,0,0,0,0,0,0,0,0,0
затемнені,0,0,0,0,0,0,0,0,0,0
невідомість,0,0,0,0,0,1,0,0,0,0
дотримання,0,0,0,0,0,0,0,0,0,0
спостережливий,0,0,0,0,0,0,1,0,0,0
спостереження,0,0,0,0,0,0,0,0,0,0
обсерваторія,0,0,0,0,0,0,0,0,0,0
спостерігати,0,0,0,0,0,0,0,0,0,0
спостерігач,0,0,0,0,0,0,0,0,0,0
спостерігаючи,0,0,0,0,0,0,0,0,0,0
одержимість,0,0,0,0,0,0,0,0,0,0
застарілість,0,0,0,0,0,0,0,0,0,0
перешкода,1,0,0,1,0,1,0,1,0,0
акушер,0,0,0,0,0,0,0,0,0,1
акушерство,0,0,0,0,0,0,0,0,0,0
впертий,0,0,0,0,0,1,0,0,0,0
заважати,1,0,0,1,0,1,0,0,0,0
обструкція,0,0,0,0,0,1,0,0,0,0
обструктивний,1,0,0,0,0,1,0,0,0,0
отримати,0,0,0,0,0,0,0,0,0,0
доступний,0,0,0,0,1,0,1,0,0,0
тупий,0,0,0,0,0,1,0,0,0,0
аверс,0,0,0,0,0,0,0,0,0,0
очевидний,0,0,0,0,0,0,1,0,0,1
окарина,0,0,0,0,0,0,0,0,0,0
нагода,0,0,0,0,0,0,0,0,0,0
випадковий,0,0,0,0,0,0,0,0,1,0
час від часу,0,0,0,0,0,0,0,0,0,0
оклюзія,0,0,0,0,0,0,0,0,0,0
окультний,0,0,1,1,0,1,0,0,0,0
зайнятість,0,0,0,0,0,0,0,0,0,0
мешканець,0,0,0,0,0,0,1,0,0,1
професія,0,0,0,0,0,0,1,0,0,0
зайнятий,0,0,0,0,0,0,0,0,0,0
окупант,0,0,0,0,0,0,0,0,0,0
займати,0,0,0,0,0,0,1,0,0,0
займаючи,0,0,0,0,0,0,0,0,0,0
відбуваються,0,0,0,0,0,0,0,0,0,0
виникнення,0,0,0,0,0,0,0,0,0,0
океан,0,0,0,0,0,0,0,0,0,0
океанічний,0,0,0,0,0,0,0,0,0,0
восьмикутник,0,0,0,0,0,0,0,0,0,0
октава,0,0,0,0,0,0,0,0,0,0
восьминіг,0,0,1,0,0,0,0,0,0,0
очні,0,0,0,0,0,0,0,0,0,0
дивацтво,0,0,1,0,0,1,0,1,1,0
шанси,0,0,0,0,0,0,0,0,0,0
ода,0,0,0,0,0,0,0,0,0,0
одіозний,1,0,1,1,0,1,0,0,0,0
одометр,0,0,0,0,0,0,0,0,0,0
запах,0,0,0,0,0,1,0,0,0,0
естроген,0,0,0,0,0,0,0,0,0,0
oeuvre,0,0,0,0,0,0,0,0,0,0
субпродукти,0,0,0,0,0,0,0,0,0,0
образити,1,0,1,0,0,1,0,0,0,0
ображений,1,0,0,0,0,1,0,1,0,0
правопорушник,1,0,1,1,0,1,0,1,0,0
правопорушення,1,0,1,1,0,1,0,1,0,0
образливий,1,0,1,0,0,1,0,0,0,0
пропозиція,0,0,0,0,0,0,1,0,0,0
пропонується,0,0,0,0,0,0,0,0,0,0
пропозиція,0,0,0,0,0,0,0,0,0,1
навмання,0,0,0,0,0,1,0,0,0,0
офіс,0,0,0,0,0,0,0,0,0,0
офіцер,0,0,0,0,0,0,1,0,0,1
офіси,0,0,0,0,0,0,0,0,0,0
офіційний,0,0,0,0,0,0,0,0,0,1
служити,0,0,0,0,0,0,0,0,0,0
відхід,0,0,0,0,0,1,0,0,0,0
розвантажити,0,0,0,0,0,0,0,0,0,0
зсув,0,1,0,0,0,0,1,0,0,0
відгалуження,0,0,0,0,0,0,1,0,0,0
поза грою,0,0,0,0,0,0,0,0,0,0
часто,0,0,0,0,0,0,0,0,0,0
часто,0,0,0,0,0,0,0,0,0,0
огр,0,0,1,1,0,1,0,0,0,0
масло,0,0,0,0,0,0,0,0,0,0
олії,0,0,0,0,0,0,0,0,0,0
мазь,0,0,0,0,0,0,0,0,0,0
нюховий,0,1,0,0,0,1,0,0,0,0
олігархія,0,0,0,0,0,1,0,0,0,0
оливковий,0,0,0,0,0,0,0,0,0,0
омега,0,0,0,0,0,0,0,0,0,0
омлет,0,0,0,0,0,0,0,0,0,0
прикмета,0,1,0,1,0,1,0,0,0,0
зловісний,0,1,0,1,0,1,0,0,0,0
пропуск,0,0,0,0,0,0,0,0,0,0
пропускати,0,0,0,0,0,1,0,0,0,0
опущено,0,0,0,0,0,0,0,0,0,0
омнібус,0,0,0,0,0,0,0,0,0,0
всемогутність,0,0,0,1,0,1,1,0,0,0
всемогутній,0,0,0,0,0,0,0,0,0,0
всюдисущий,0,0,0,0,0,0,0,0,0,0
всезнаючий,0,0,0,0,0,0,1,0,0,1
онколог,0,0,0,0,0,0,0,0,0,0
єдність,0,0,0,0,0,0,0,0,0,0
обтяжливий,1,0,0,0,0,1,0,1,0,0
себе,0,0,0,0,0,0,0,0,0,0
триває,0,1,0,0,0,0,0,0,0,0
цибуля,0,0,0,0,0,0,0,0,0,0
початок,0,1,0,0,0,0,0,0,0,0
натиск,0,0,0,0,0,0,0,0,0,0
онтологія,0,0,0,0,0,0,0,0,0,0
тягар,0,0,0,0,0,1,0,0,0,0
далі,0,0,0,0,0,0,0,0,0,0
онікс,0,0,0,0,0,0,0,0,0,0
сочитися,0,0,1,0,0,1,0,0,0,0
сочиться,0,0,0,0,0,0,0,0,0,0
непрозорість,0,0,0,0,0,0,0,0,0,0
опал,0,0,0,0,0,0,0,0,0,0
непрозорий,0,0,0,0,0,1,0,0,0,0
ope,0,0,0,0,0,0,0,0,0,0
ВІДЧИНЕНО,0,0,0,0,0,0,0,0,0,0
відкривачка,0,0,0,0,0,0,0,0,0,0
відкриття,0,0,0,0,0,0,0,0,0,0
відкрито,0,0,0,0,0,0,0,0,0,0
відкритість,0,0,0,0,0,0,1,0,0,0
опера,1,1,0,1,1,0,1,1,1,1
оперний,0,0,0,0,0,1,0,0,0,0
операція,0,0,0,1,0,0,0,0,0,1
операції,0,0,0,0,0,0,0,0,0,0
оперативний,0,0,0,0,0,0,0,0,0,0
оператор,0,0,0,0,0,0,0,0,0,0
офтальмологічний,0,0,0,0,0,0,0,0,0,0
офтальмолог,0,0,0,0,0,0,0,0,0,0
опіат,0,0,0,0,0,1,0,0,0,0
думка,0,0,0,0,0,0,0,0,0,0
самовпевнений,1,0,0,0,0,1,0,0,0,0
опіум,1,0,1,1,0,1,0,1,0,0
опонент,1,1,1,1,0,1,0,0,0,0
доречний,0,0,0,0,1,0,1,0,0,0
опортунізм,0,0,0,0,0,0,0,0,0,0
можливість,0,1,0,0,0,0,1,0,0,0
протистояти,0,0,0,0,0,1,0,0,0,0
виступив проти,1,0,0,1,0,1,0,0,0,0
протиставлення,0,0,0,0,0,0,0,0,0,0
протилежність,0,0,0,0,0,0,0,0,0,0
протилежності,0,0,0,0,0,0,0,0,0,0
опозиція,1,0,0,0,0,1,0,0,0,0
пригнічувати,1,0,1,1,0,1,0,1,0,0
гноблення,1,0,1,1,0,1,0,1,0,0
гнітючий,1,0,1,1,0,1,0,1,0,0
гнобитель,1,0,0,1,0,1,0,1,0,0
оптичний,0,0,0,0,0,0,0,0,0,0
оптичний,0,0,0,0,0,0,0,0,0,0
оптика,0,0,0,0,0,0,0,0,0,0
оптимізм,0,1,0,0,1,0,1,0,1,1
оптиміст,0,0,0,0,0,0,1,0,0,1
варіант,0,0,0,0,0,0,1,0,0,0
необов'язковий,0,0,0,0,0,0,1,0,0,0
за бажанням,0,0,0,0,0,0,0,0,0,0
параметри,0,0,0,0,0,0,0,0,0,0
оптометрист,0,0,0,0,0,0,0,0,0,0
багатство,0,0,0,0,0,0,0,0,0,0
розкішний,0,0,0,0,0,0,0,0,0,0
опус,0,0,0,0,0,0,0,0,0,0
оракул,0,1,0,0,0,0,1,0,0,1
усний,0,0,0,0,0,0,0,0,0,0
помаранчевий,0,0,0,0,0,0,0,0,0,0
орація,0,0,0,0,0,0,1,0,0,0
оратор,0,0,0,0,0,0,0,0,0,0
ораторське мистецтво,0,0,0,0,0,0,0,0,0,0
орб,0,0,0,0,0,0,0,0,0,0
орбіта,0,0,0,0,0,0,0,0,0,0
орбітальний,0,0,0,0,0,0,0,0,0,0
кулі,0,0,0,0,0,0,0,0,0,0
орк,1,0,1,1,0,1,0,0,0,0
фруктовий сад,0,0,0,0,0,0,0,0,0,0
оркестр,1,0,0,0,1,0,1,1,0,1
висвячений,0,0,0,0,0,0,1,0,0,1
випробування,1,0,0,0,0,1,0,0,1,0
порядок,0,0,0,0,0,0,0,0,0,0
упорядкований,0,0,0,0,0,0,1,0,0,0
розпорядження,0,0,0,0,0,0,0,0,0,1
звичайний,0,0,0,0,0,0,0,0,0,0
рукоположення,0,1,0,0,1,0,1,0,0,1
боєприпаси,0,0,0,1,0,1,0,0,0,0
руда,0,0,0,0,0,0,0,0,0,0
орегано,0,0,0,0,0,0,0,0,0,0
орган,0,1,0,0,1,0,0,0,0,0
органічні,0,0,0,0,0,0,1,0,0,0
організм,0,0,0,0,0,0,0,0,0,0
органіст,0,0,0,0,0,0,0,0,0,0
організації,0,1,0,0,1,0,1,0,1,1
організовувати,0,0,0,0,0,0,1,0,0,0
організовано,0,0,0,0,0,0,1,0,0,0
оргазм,0,1,0,0,1,0,1,0,0,0
оргії,0,0,0,0,0,0,0,0,0,0
схід,0,0,0,0,0,0,0,0,0,0
східний,0,0,0,0,0,0,0,0,0,0
орієнтація,0,0,0,0,0,0,0,0,0,0
отвір,0,0,0,0,0,0,0,0,0,0
походження,0,0,0,0,0,0,0,0,0,0
оригінальність,0,0,0,0,0,0,1,0,1,0
походять,0,0,0,0,0,0,0,0,0,0
виникнення,0,0,0,0,0,0,0,0,0,0
ініціатор,0,0,0,0,0,0,0,0,0,0
орнамент,0,0,0,0,0,0,0,0,0,0
декоративні,0,0,0,0,0,0,0,0,0,0
орнаментація,0,0,0,0,0,0,0,0,0,0
орнаментований,0,0,0,0,0,0,1,0,0,0
багато прикрашений,0,0,0,0,0,0,1,0,0,0
сирота,0,0,0,1,0,1,0,1,0,0
православний,0,0,0,0,0,0,0,0,0,0
православ'я,0,0,0,0,0,0,0,0,0,1
ортогональний,0,0,0,0,0,0,0,0,0,0
коливатися,0,0,0,0,0,0,0,0,0,0
коливальний,0,0,0,0,0,0,0,0,0,0
коливання,0,0,0,0,0,0,0,0,0,0
коливальний,0,0,0,0,0,0,0,0,0,0
позірний,0,0,0,0,0,0,0,0,0,0
нібито,0,0,0,0,0,1,0,0,0,0
страус,0,0,0,0,0,0,0,0,0,0
Отто,0,0,0,0,0,0,0,0,0,0
тахта,0,0,0,0,0,0,0,0,0,0
унція,0,0,0,0,0,0,0,0,0,0
витісняти,1,0,0,0,0,1,0,1,0,0
спалах,0,0,0,0,0,0,0,0,0,0
спалах,1,0,0,1,1,1,1,1,1,0
ізгой,0,0,1,1,0,1,0,1,0,0
результат,0,0,0,0,0,0,1,0,0,0
обурення,1,0,0,1,0,1,0,0,1,0
перевершити,0,1,0,0,0,0,1,0,0,0
відкритий,0,0,0,0,0,0,0,0,0,0
наряд,0,0,0,0,0,0,0,0,0,0
переростати,0,0,0,0,0,0,0,0,0,0
наріст,0,0,0,0,0,0,0,0,0,0
флігель,0,0,1,0,0,1,0,0,0,0
виїзд,0,0,0,0,0,0,0,0,0,0
дивовижний,0,0,0,0,0,1,0,0,0,0
пережити,0,0,0,0,0,0,0,0,0,0
поза законом,0,0,0,0,0,1,0,0,0,0
розетка,0,0,0,0,0,0,0,0,0,0
контур,0,0,0,0,0,0,0,0,0,0
обриси,0,0,0,0,0,0,0,0,0,0
світогляд,0,0,0,0,0,0,0,0,0,0
віддалений,0,0,0,0,0,0,0,0,0,0
переважати,0,0,0,0,0,0,0,0,0,0
форпост,0,0,0,1,0,0,0,0,0,0
вилив,0,0,0,0,0,0,0,0,0,0
вихід,0,0,0,0,0,0,0,0,0,0
обурення,1,0,1,0,0,1,0,0,0,0
обурливо,0,0,0,0,0,0,0,0,1,0
прямо,0,0,0,0,0,0,0,0,0,0
випереджати,0,0,0,0,0,0,0,0,0,0
початок,0,0,0,0,0,0,0,0,0,0
аутсайдер,0,0,0,1,0,0,0,0,0,0
околиці,0,0,0,0,0,0,0,0,0,0
відвертий,0,0,0,0,0,0,0,0,0,0
видатний,0,0,0,0,1,1,1,0,0,0
розпростертий,0,0,0,0,0,0,0,0,0,0
назовні,0,0,0,0,0,0,1,0,0,0
назовні,0,0,0,0,0,0,0,0,0,0
переважують,0,0,0,0,0,0,0,0,0,0
овальний,0,0,0,0,0,0,0,0,0,0
яєчник,0,0,0,0,0,0,0,0,0,0
яйцеподібні,0,0,0,0,0,0,0,0,0,0
овації,0,0,0,0,0,1,0,1,0,0
піч,0,0,0,0,0,0,0,0,0,0
спецодяг,0,0,0,0,0,0,0,0,0,0
владний,1,0,0,0,0,1,0,0,0,0
розкривні породи,0,0,0,0,0,1,0,0,0,0
похмуро,0,0,0,0,0,1,0,0,0,0
завищено,0,0,0,0,0,0,0,0,0,0
пальто,0,0,0,0,0,0,0,0,0,0
перестаратися,0,0,0,0,0,1,0,0,0,0
передозування,0,0,0,0,0,1,0,0,0,0
прострочений,0,1,0,0,0,1,0,1,1,0
переоцінити,0,0,0,0,0,0,0,0,1,0
переоцінений,0,0,0,0,0,1,0,0,0,0
перелив,0,0,0,0,0,1,0,0,0,0
переповнений,0,0,0,0,0,0,0,0,0,0
зарослий,0,0,0,0,0,1,0,0,0,0
заростання,0,0,0,0,0,0,0,0,0,0
нависання,0,0,0,0,0,0,0,0,0,0
капітальний ремонт,0,0,0,0,0,0,0,0,0,0
накладні витрати,0,0,0,0,0,0,0,0,0,0
в захваті від радості,0,0,0,0,1,0,1,0,0,0
накладений,0,0,0,0,0,0,0,0,0,0
перекриття,0,0,0,0,0,0,0,0,0,0
накладання,0,0,0,0,0,0,0,0,0,0
перевантаження,0,0,0,0,0,1,0,1,0,0
перекриваючий,0,0,0,0,0,0,0,0,0,0
переплачений,0,0,0,0,0,1,0,0,0,0
шляхопровід,0,0,0,0,0,0,0,0,0,0
пересилити,0,0,0,0,0,1,0,0,0,0
непереборний,1,0,0,1,0,1,0,0,0,0
завищена ціна,1,0,1,0,0,1,0,1,0,0
перевизначити,0,0,0,0,0,0,0,0,0,0
скасувати,0,0,0,0,0,0,0,0,0,0
наглядач,0,0,0,0,0,0,0,0,0,0
затьмарити,0,0,0,0,0,0,0,0,0,0
нагляд,0,0,0,0,0,1,0,0,0,0
завищувати,0,0,0,0,0,0,0,0,0,0
надлишок,0,0,0,0,0,0,0,0,0,0
відкритий,0,0,0,1,0,0,0,0,0,0
обганяти,0,0,0,0,0,0,0,0,0,0
наздогнаний,0,0,0,0,0,0,0,0,0,0
повалення,0,1,0,1,0,1,0,0,0,0
увертюра,0,1,0,0,0,0,0,0,0,0
перевертати,0,0,0,0,0,1,0,0,0,0
переповнювати,0,0,0,0,0,1,0,0,0,0
переповнений,0,0,0,0,0,1,0,1,0,0
переважна,0,0,0,0,0,0,1,0,0,0
надмірно старанний,0,0,0,0,0,0,0,0,0,0
заборгувати,0,0,0,0,0,0,0,0,0,0
за рахунок,1,1,1,1,0,1,0,1,0,1
власник,0,0,0,0,0,0,0,0,0,0
власність,0,0,0,0,0,0,1,0,0,0
віл,0,0,0,0,0,0,0,0,0,0
окислення,0,0,0,0,0,1,0,0,0,0
кисень,0,0,0,0,0,0,0,0,0,0
оксюморон,0,0,0,0,0,0,0,0,0,0
устриця,0,0,0,0,0,0,0,0,0,0
темп,0,0,0,0,0,0,0,0,0,0
тихий океан,0,0,0,0,0,0,1,0,0,0
заспокоїти,0,0,0,0,0,0,0,0,0,0
упаковка,0,0,0,0,0,0,0,0,0,0
пакет,0,0,0,0,0,0,0,0,0,0
пакувальник,0,0,0,0,0,0,0,0,0,0
пакет,0,0,0,0,0,0,0,0,0,0
пакт,0,0,0,0,0,0,0,0,0,1
колодка,0,0,0,0,0,0,1,0,0,0
оббивка,0,0,0,0,0,0,1,0,0,0
весло,0,1,0,0,0,0,1,0,0,0
загін,0,0,0,0,0,0,0,0,0,0
паді,0,0,0,0,0,0,0,0,0,0
навісний замок,0,0,0,0,0,0,0,0,0,0
падре,0,0,0,0,0,0,0,0,0,0
язичницький,0,0,0,0,0,0,0,0,0,0
язичництво,0,0,0,0,0,0,0,0,0,0
сторінки,0,0,0,0,0,0,0,0,0,0
конкурс,0,0,0,0,0,0,0,0,0,0
пагінація,0,0,0,0,0,0,0,0,0,0
пагода,0,0,0,0,0,0,0,0,0,0
відро,0,0,0,0,0,0,0,0,0,0
біль,0,0,0,1,0,1,0,1,0,0
боляче,0,0,0,1,0,1,0,1,0,0
хворобливий,1,0,1,1,0,1,0,1,0,0
болісно,0,0,0,0,0,1,0,1,0,0
безболісно,0,0,0,0,0,0,0,0,0,0
болі,0,0,0,0,0,1,0,0,0,0
копітка,0,0,0,0,0,0,0,0,0,0
фарба,0,0,0,0,0,0,0,0,0,0
пофарбовані,0,0,0,0,0,0,0,0,0,0
художник,0,0,0,0,0,0,0,0,0,0
живопис,0,0,0,0,0,0,0,0,0,0
пара,0,0,0,0,0,0,0,0,0,0
піжами,0,0,0,0,0,0,0,0,0,0
друг,0,0,0,0,0,0,0,0,0,0
палац,0,0,0,0,0,0,0,0,0,0
приємний на смак,0,0,0,0,0,0,1,0,0,0
смак,0,0,0,0,0,0,0,0,0,0
палеонтологія,0,0,0,0,0,0,0,0,0,0
палітра,0,0,0,0,0,0,0,0,0,0
палл,0,0,0,0,0,0,0,0,0,0
паладій,0,0,0,0,0,0,0,0,0,0
піддон,0,0,0,0,0,0,0,0,0,0
паліативна,0,0,0,0,0,0,1,0,0,0
долоня,0,0,0,0,0,0,0,0,0,0
palmer,0,0,0,0,0,0,0,0,0,0
відчутний,0,0,0,0,0,0,0,0,1,0
параліч,0,0,1,1,0,1,0,1,0,0
нікчемний,0,0,0,0,0,0,0,0,0,0
балувати,0,0,0,0,0,0,0,0,0,0
брошура,0,0,0,0,0,0,0,0,0,0
каструля,0,0,0,0,0,0,0,0,0,0
панацея,0,0,0,0,0,0,1,0,0,0
панаш,0,0,0,0,0,0,1,0,0,0
млинець,0,0,0,0,0,0,0,0,0,0
пандемія,0,0,0,1,0,1,0,1,0,0
панель,0,0,0,0,0,0,0,0,0,0
панг,0,0,0,0,0,1,0,0,1,0
паніка,0,0,0,1,0,1,0,0,0,0
паньєра,0,0,0,0,0,0,1,0,0,0
панорама,0,0,0,0,0,0,0,0,0,0
панорамний,0,0,0,0,0,0,0,0,0,0
задихатися,0,0,0,0,0,0,0,0,0,0
пантеон,0,0,0,0,0,0,0,0,0,0
пантера,0,0,0,0,0,0,0,0,0,0
трусики,0,0,0,0,0,0,0,0,0,0
пантоміма,0,0,0,0,0,0,0,0,0,0
комора,0,0,0,0,0,0,0,0,0,0
штани,0,0,0,0,0,0,0,0,0,0
пап,0,0,0,0,0,0,0,0,0,0
папство,0,0,0,0,0,0,0,0,0,0
папський,0,0,0,0,0,0,0,0,0,0
папір,0,0,0,0,0,0,0,0,0,0
паприка,0,0,0,0,0,0,1,0,0,0
папірус,0,0,0,0,0,0,0,0,0,0
пар,0,0,0,0,0,0,0,0,0,0
притча,0,0,0,0,0,0,0,0,0,0
парабола,0,0,0,0,0,0,0,0,0,0
параболічний,0,0,0,0,0,0,0,0,0,0
парашут,0,0,0,1,0,0,0,0,0,0
парад,0,1,0,1,1,1,1,0,1,0
парадигма,0,0,0,0,0,0,0,0,0,0
парадокс,0,0,0,0,0,0,0,0,0,0
парадоксальний,0,0,0,0,0,0,0,0,0,0
парафін,0,0,0,0,0,0,0,0,0,0
зразком,0,1,0,0,1,0,1,0,0,1
пункт,0,0,0,0,0,0,0,0,0,0
паралакс,0,0,0,0,0,0,0,0,0,0
паралельний,0,0,0,0,0,0,0,0,0,0
паралелізм,0,0,0,0,0,0,0,0,0,0
параліч,1,1,0,1,0,1,0,1,0,0
першорядне значення,0,0,0,0,0,0,1,0,0,0
параноя,0,0,0,1,0,1,0,0,0,0
парапет,0,0,0,0,0,0,0,0,0,0
атрибутика,0,0,0,0,0,0,0,0,0,0
перефразувати,0,0,0,0,0,1,1,0,0,0
паразит,0,0,1,1,0,1,0,0,0,0
парасолька,0,0,0,0,0,0,0,0,0,0
посилка,0,0,0,0,0,0,0,0,0,0
посилки,0,0,0,0,0,0,0,0,0,0
пергамент,0,0,0,0,0,0,0,0,0,0
помилування,0,0,0,0,0,0,1,0,0,0
парити,1,1,0,1,0,1,0,1,0,0
паренхіма,0,0,0,0,0,0,0,0,0,0
батькові,0,0,0,0,0,0,0,0,0,0
батьківство,0,0,0,0,0,0,1,0,0,0
батьківський,0,0,0,0,0,0,0,0,0,0
дужка,0,0,0,0,0,0,0,0,0,0
круглі дужки,0,0,0,0,0,0,0,0,0,0
тім'яної,0,0,0,0,0,0,1,0,0,1
обрізка,0,0,0,0,0,0,0,0,0,0
парафія,0,0,0,0,0,0,0,0,0,1
паритет,0,0,0,0,0,0,0,0,0,0
парк,0,0,0,0,0,0,0,0,0,0
мовою,0,0,0,0,0,0,0,0,0,0
парламент,0,0,0,0,0,0,0,0,0,1
парламентська,0,0,0,0,0,0,0,0,0,0
салон,0,0,0,0,0,0,0,0,0,0
умовно-дострокове звільнення,0,1,0,0,0,0,0,0,0,0
паркет,0,0,0,0,0,0,0,0,0,0
папуга,0,0,1,0,0,1,0,0,0,0
парирувати,0,0,0,0,0,0,0,0,0,0
розібрати,0,0,0,0,0,0,0,0,0,0
скупий,0,0,0,0,0,1,0,0,0,0
скупість,0,0,0,0,0,0,0,0,0,0
петрушка,0,0,0,0,0,0,0,0,0,0
священик,0,0,0,0,0,0,0,0,0,0
частина,0,0,0,0,0,0,0,0,0,0
причащатися,0,0,0,0,0,0,1,0,0,1
упередженість,0,0,0,0,0,0,0,0,0,0
частково,0,0,0,0,0,0,0,0,0,0
брати участь,0,0,0,0,0,0,0,0,0,0
участь,0,0,0,0,0,0,1,0,0,0
частинка,0,0,0,0,0,0,0,0,0,0
особливість,0,0,0,0,0,0,0,0,0,0
відомості,0,0,0,0,0,0,0,0,0,0
розставання,0,0,0,0,0,0,0,1,0,0
партизан,0,0,0,0,0,1,0,0,0,0
партійність,0,0,0,0,0,0,0,0,0,0
перегородка,0,0,0,0,0,0,0,0,0,0
частково,0,0,0,0,0,0,0,0,0,0
партнер,0,0,0,0,0,0,1,0,0,0
партнерство,0,0,0,0,0,0,1,0,0,1
частин,0,0,0,0,0,0,0,0,0,0
партія,0,0,0,0,0,0,0,0,0,0
пас,0,0,0,0,0,0,0,0,0,0
пропуск,0,0,0,0,0,0,0,0,0,0
прохідний,0,0,0,0,0,0,0,0,0,0
проходження,0,0,0,0,0,0,0,0,0,0
прохід,0,0,0,0,0,0,0,0,0,0
пасе,0,0,0,0,0,1,0,0,0,0
пасажир,0,1,0,0,0,0,0,0,0,0
passim,0,0,0,0,0,0,0,0,0,0
проходження,0,0,0,0,0,0,0,0,0,0
пристрасть,0,1,0,0,1,0,1,0,0,1
пристрасний,0,1,0,0,1,0,1,0,0,1
пасивний,0,0,0,0,0,1,0,0,0,0
пасивність,0,0,0,0,0,1,0,0,0,0
паспорт,0,0,0,0,0,0,0,0,0,0
минуле,0,0,0,0,0,0,0,0,0,0
паста,0,0,0,0,0,0,0,0,0,0
пастель,0,0,0,0,0,0,0,0,0,0
проведення часу,0,0,0,0,0,0,1,0,0,0
пастор,0,0,0,0,1,0,1,0,0,1
випічка,0,0,0,0,1,0,1,0,0,0
пасовище,0,0,0,0,0,0,1,0,0,0
пастоподібні,0,0,0,0,0,0,0,0,0,0
погладити,0,0,0,0,0,0,0,0,0,0
патч,0,0,0,0,0,1,0,0,0,0
печворк,0,0,0,0,0,0,0,0,0,0
паштет,0,0,0,0,0,0,0,0,0,0
колінної чашечки,0,0,0,0,0,0,0,0,0,0
патент,0,0,0,0,0,0,1,0,0,0
батьківський,0,0,0,0,0,0,0,0,0,0
батьківство,0,0,0,0,0,0,0,0,0,0
шлях,0,0,0,0,0,0,0,0,0,0
жалюгідний,0,0,1,0,0,1,0,1,0,0
патології,0,0,0,0,0,0,0,0,0,0
пафос,0,0,0,0,0,0,0,0,0,0
шлях,0,0,0,0,0,0,0,0,0,0
терпіння,0,1,0,0,0,0,1,0,0,1
пацієнт,0,1,0,0,0,0,1,0,0,0
патіо,0,0,0,0,0,0,0,0,0,0
патріарх,0,0,0,0,0,0,0,0,0,0
патріархальний,0,0,0,0,0,0,1,0,0,1
вотчина,0,0,0,0,0,0,0,0,0,0
патріот,0,0,0,0,0,0,0,0,0,0
патріотичний,0,0,0,0,0,0,0,0,0,0
патріотизм,0,0,0,0,0,0,0,0,0,0
патруль,0,0,0,0,0,0,0,0,0,1
меценат,0,0,0,0,0,0,1,0,0,1
патронат,0,0,0,0,0,0,1,0,0,1
протегувати,0,0,0,0,0,0,0,0,0,0
заступницький,0,0,0,0,0,1,0,0,0,0
скоромовка,1,0,0,0,0,1,0,0,0,0
візерунок,0,0,0,0,0,0,0,0,0,0
мізерність,1,0,1,0,0,1,0,1,0,0
жебрак,0,0,0,0,0,1,0,1,0,0
пауза,0,0,0,0,0,0,0,0,0,0
асфальтувати,0,0,0,0,0,0,0,0,0,0
тротуар,0,0,0,0,0,0,0,0,0,1
павільйон,0,0,0,0,0,0,0,0,0,0
мощення,0,0,0,0,0,0,0,0,0,0
лапа,0,0,0,0,0,0,0,0,0,0
пішак,0,0,0,0,0,1,0,0,0,1
пакс,0,0,0,0,0,0,0,0,0,0
платити,0,1,0,0,1,0,1,0,0,1
окупність,1,0,0,0,0,1,0,0,0,0
платник,0,0,0,0,0,0,0,0,0,0
оплата,0,0,0,0,0,1,0,0,0,0
горох,0,0,0,0,0,0,0,0,0,0
мир,0,1,0,0,1,0,1,0,0,1
миролюбний,0,0,0,0,0,0,1,0,0,0
мирний,0,1,0,0,1,0,1,0,1,1
павич,0,0,0,0,0,0,1,0,0,0
пік,0,0,0,0,0,0,0,0,0,0
пік,0,0,0,0,0,0,0,0,0,0
перлина,0,0,0,0,0,0,0,0,0,0
селянин,0,0,0,0,0,0,0,0,0,0
торф,0,0,0,0,0,0,0,0,0,0
галька,0,0,0,0,0,0,0,0,0,0
клювати,0,0,0,0,0,0,1,0,0,0
своєрідний,0,0,0,0,0,0,0,0,0,0
особливості,0,0,0,0,0,1,0,0,0,0
особливість,0,0,0,0,0,0,1,0,0,0
своєрідно,0,0,0,0,0,0,0,0,0,0
грошовий,0,0,0,0,0,0,0,0,0,0
педаль,0,0,0,0,0,0,0,0,0,0
педантичний,0,0,0,0,0,0,0,0,0,0
торгувати,0,0,0,0,0,0,0,0,0,0
постамент,0,0,0,0,0,0,0,0,0,0
пішохідний,0,0,0,0,0,1,0,0,0,0
педіатрія,0,0,0,0,0,0,0,0,0,0
родовід,0,0,0,0,0,0,1,0,0,1
крокомір,0,0,0,0,0,0,0,0,0,0
шкірка,0,0,0,0,0,0,0,0,0,0
писк,0,0,0,0,0,0,0,0,0,0
ровесник,0,0,0,0,0,0,0,0,0,0
вдивляючись,0,0,0,0,0,0,0,0,0,0
незрівнянний,0,0,0,0,0,0,1,0,0,0
кілочок,0,0,0,0,0,0,0,0,0,0
кілочки,0,0,0,0,0,0,0,0,0,0
пелагічний,0,0,0,0,0,0,0,0,0,0
гранули,0,0,0,0,0,0,0,0,0,0
перо,0,0,0,0,0,0,0,0,0,0
штрафний,0,0,0,1,0,1,0,1,0,0
пенальті,1,0,0,1,0,1,0,1,0,0
покаяння,0,0,0,1,0,0,0,1,0,0
схильність,0,0,0,0,0,0,1,0,0,0
олівець,0,0,0,0,0,0,0,0,0,0
кулон,0,0,0,0,0,0,0,0,0,0
залежність,0,0,0,0,0,0,0,0,0,0
кулон,0,0,0,0,0,0,0,0,0,0
в очікуванні,0,0,0,0,0,0,0,0,0,0
маятник,0,0,0,0,0,0,0,0,0,0
проникати,0,0,0,0,0,0,0,0,0,0
проникаючий,0,0,0,0,0,0,0,0,0,0
проникнення,1,0,0,1,0,1,0,0,0,0
півострів,0,0,0,0,0,0,0,0,0,0
пенітенціарний заклад,1,0,0,0,0,1,0,0,0,0
вимпел,0,0,0,0,0,0,0,0,0,0
безгрошів'я,0,0,0,0,0,0,0,0,0,0
копійки,0,0,0,0,0,0,0,0,0,0
пенсія,0,0,0,0,0,0,0,0,0,0
пенсіонер,0,0,0,0,0,0,0,0,0,0
задумливий,0,0,0,0,0,0,0,1,0,0
п'ятикутник,0,0,0,0,0,0,0,0,0,0
пентхаус,0,0,0,0,0,0,0,0,0,0
передостанній,0,0,0,0,0,0,0,0,0,0
Люди,0,0,0,0,0,0,0,0,0,0
населений,0,0,0,0,0,0,0,0,0,0
перець,0,0,0,0,0,0,0,0,0,0
пептичний,0,0,0,0,0,0,0,0,0,0
сприймати,0,0,0,0,0,0,1,0,0,1
відсоток,0,0,0,0,0,0,0,0,0,0
відчутний,0,0,0,0,0,0,1,0,0,0
сприйняття,0,0,0,0,0,0,0,0,0,0
проникливий,0,0,0,0,0,0,0,0,0,0
окунь,0,0,0,0,0,0,0,0,0,0
напевно,0,0,0,0,0,0,0,0,1,0
перколяція,0,0,0,0,0,0,0,0,0,0
перкусія,0,0,0,0,0,0,0,0,0,0
загибель,1,0,1,1,0,1,0,1,0,0
імперативний,0,0,0,0,0,0,0,0,0,0
багаторічник,0,0,0,0,0,0,1,0,0,1
ідеальний,0,1,0,0,1,0,1,0,0,1
досконалість,0,1,0,0,1,0,1,0,1,1
перфорований,0,0,0,0,0,0,0,0,0,0
перфорація,0,0,0,0,0,0,0,0,0,0
вимушено,0,0,0,0,0,0,0,0,0,0
виконувати,0,0,0,0,0,0,0,0,0,0
продуктивність,0,0,0,0,0,0,0,0,0,0
виконавець,0,0,0,0,0,0,1,0,0,0
духи,0,0,0,0,0,0,0,0,0,0
парфумований,0,0,0,0,0,0,0,0,0,0
пери,0,0,0,0,0,0,0,0,1,0
перідот,0,0,0,0,0,0,0,0,0,0
небезпека,0,1,0,1,0,1,0,1,0,0
небезпечний,0,1,0,1,0,1,0,1,0,0
периметр,0,0,0,0,0,0,0,0,0,0
період,0,0,0,0,0,0,0,0,0,0
періодичні,0,0,0,0,0,0,0,0,0,0
періодичне видання,0,0,0,0,0,0,0,0,0,0
періодично,0,0,0,0,0,0,0,0,0,0
періодичність,0,0,0,0,0,0,0,0,0,1
периферія,0,0,0,0,0,0,0,0,0,0
гинуть,0,0,0,1,0,1,0,1,0,0
швидкопсувний,0,0,0,0,0,1,0,0,0,0
загинув,0,0,0,0,0,1,0,1,0,0
гинуть,0,0,0,1,0,1,0,1,0,0
лжесвідчення,0,0,0,1,0,1,0,0,1,0
перк,0,0,0,0,0,0,1,0,0,0
постійність,0,0,0,0,0,0,0,0,0,0
проникний,0,0,0,0,0,0,0,0,0,0
просочувати,0,0,0,0,0,0,0,0,0,0
проникнення,0,0,0,0,0,0,0,0,0,0
допустимо,0,0,0,0,0,0,0,0,0,0
дозвіл,0,0,0,0,0,0,1,0,0,0
дозвільний,0,0,0,0,0,0,0,0,0,0
дозвіл,0,0,0,0,0,0,0,0,0,0
дозволено,0,0,0,0,0,0,0,0,0,0
дозвіл,0,0,0,0,0,0,0,0,0,0
перестановка,0,0,0,0,0,0,0,0,0,0
згубний,1,0,0,1,0,1,0,1,0,0
перпендикулярний,0,0,0,0,0,0,0,0,0,0
вчинити,0,0,0,0,0,0,0,0,0,0
злочинець,1,0,1,1,0,1,0,1,0,0
вічний,0,0,0,0,0,0,0,0,0,0
назавжди,0,0,0,0,0,0,0,0,0,0
увічнити,0,1,0,0,0,0,0,0,0,0
увічнення,0,0,0,0,0,1,0,0,0,0
вічність,0,1,0,0,0,0,1,0,0,1
спантеличений,0,0,0,0,0,1,0,0,0,0
збентеження,0,0,0,0,0,0,0,0,0,0
розгубленість,0,0,0,0,0,1,0,1,0,0
переслідувати,1,0,0,1,0,1,0,0,0,0
переслідування,1,0,1,1,0,1,0,1,0,0
наполегливість,0,0,0,0,0,0,0,0,0,0
витримати,0,0,0,0,0,0,0,0,0,0
зберігаються,0,0,0,0,0,0,0,0,0,0
наполегливість,0,0,0,0,0,0,1,0,0,0
стійкий,0,0,0,0,0,0,1,0,0,0
зберігається,0,0,0,0,0,0,0,0,0,0
людина,0,0,0,0,0,0,0,0,0,0
представницький,0,0,0,0,0,0,1,0,0,0
персонаж,0,0,0,0,0,0,0,0,0,0
особистий,0,0,0,0,0,0,0,0,0,1
персоніфікація,0,0,0,0,0,0,0,0,0,0
персоналу,0,0,0,0,0,0,0,0,0,0
осіб,0,0,0,0,0,0,0,0,0,0
перспектива,0,0,0,0,0,0,0,0,0,0
пітливість,0,0,1,0,0,0,0,0,0,0
переконувати,0,0,0,0,0,0,0,0,0,1
переконання,0,0,0,0,0,0,0,0,0,0
переконливий,0,0,0,0,0,0,0,0,0,0
перт,0,0,0,0,0,0,0,0,0,0
доречний,0,0,0,0,0,0,1,0,0,1
збурення,0,0,0,1,0,1,0,0,0,0
коклюш,0,0,0,0,0,1,0,0,0,0
прочитання,0,0,0,0,0,0,0,0,0,0
прочитати,0,0,0,0,0,0,0,0,0,0
проникаючий,0,0,0,0,0,0,0,0,0,0
збочений,1,0,1,1,0,1,0,0,0,0
збочення,1,0,1,0,0,1,0,1,0,0
збоченець,1,0,1,0,0,1,0,0,0,0
збочений,0,0,1,0,0,1,0,0,0,0
песимізм,1,0,0,1,0,1,0,1,0,0
песиміст,0,0,0,1,0,1,0,1,0,0
шкідник,1,0,1,1,0,1,0,0,0,0
чума,0,0,1,1,0,1,0,0,0,0
домашня тварина,0,0,0,0,0,1,0,0,0,0
клопотання,0,0,0,0,0,0,0,0,0,0
заявник,0,0,0,0,0,0,0,0,0,0
бензин,0,0,0,0,0,0,0,0,0,0
нафта,0,0,1,0,0,1,1,0,0,0
петтинг,0,0,0,0,0,0,0,0,0,0
дріб'язковий,0,0,0,0,0,1,0,0,0,0
лава,0,0,0,0,0,0,0,0,0,0
олов'яний,0,0,0,0,0,0,0,0,0,0
фаланга,0,0,0,1,0,0,0,0,0,1
фантом,0,0,0,1,0,1,0,0,0,0
фармацевтичний,0,0,0,0,0,0,1,0,0,0
фармацевт,0,0,0,0,0,0,0,0,0,0
фармакології,0,0,0,0,0,0,0,0,0,0
АПТЕКА,0,0,0,0,0,0,0,0,0,0
фаза,0,0,0,0,0,0,0,0,0,0
явище,0,0,0,0,0,0,0,0,0,0
благодійний,0,0,0,0,0,0,0,0,0,1
меценат,0,0,0,0,0,0,1,0,0,1
благодійність,0,0,0,0,0,0,1,0,0,0
філософ,0,0,0,0,0,0,1,0,0,1
філософський,0,0,0,0,0,0,0,0,0,0
філософський,0,0,0,0,0,0,0,0,0,0
філософія,0,0,0,0,0,0,0,0,0,0
мокрота,0,0,1,0,0,1,0,0,0,0
фенікс,0,0,0,0,0,0,1,0,0,0
телефон,0,0,0,0,0,0,0,0,0,0
фонетичний,0,0,0,0,0,0,1,0,0,0
фонетика,0,0,0,0,0,0,0,0,0,0
акустика,0,0,0,0,0,0,0,0,0,0
фонограф,0,0,0,0,0,0,0,0,0,0
фонологія,0,0,0,0,0,0,0,0,0,0
фальшивий,1,0,1,0,0,1,0,0,0,0
люмінофор,0,0,0,0,0,0,0,0,0,0
фосфор,0,0,0,0,0,0,0,0,0,0
фото,0,0,0,0,0,0,0,0,0,0
фотогенічний,0,0,0,0,0,0,0,0,0,0
фотографія,0,0,0,0,0,0,0,0,0,0
фотограф,0,0,0,0,0,0,0,0,0,0
фотографія,0,0,0,0,0,0,0,0,0,0
фотометрія,0,0,0,0,0,0,0,0,0,0
фраза,0,0,0,0,0,0,0,0,0,0
фразеологія,0,0,0,0,0,0,0,0,0,0
філогенез,0,0,0,0,0,0,0,0,0,0
фізичний,0,0,0,0,0,0,0,0,0,0
лікар,0,0,0,0,0,0,1,0,0,1
фізик,0,0,0,0,0,0,0,0,0,1
фізика,0,0,0,0,0,0,1,0,0,0
фізіологія,0,0,0,0,0,0,1,0,0,0
статура,0,0,0,0,0,0,1,0,0,0
піаніст,0,0,0,0,0,0,0,0,0,0
піаніно,0,0,0,0,0,0,0,0,0,0
площа,0,0,0,0,0,0,0,0,0,0
пікколо,0,0,0,0,0,0,0,0,0,0
вибрати,0,0,0,0,0,0,1,0,0,0
зібрано,0,0,0,0,0,0,0,0,0,0
пікет,1,1,0,1,0,1,0,0,0,0
пікетування,1,0,0,0,0,1,0,0,0,0
маринований огірок,0,0,0,0,0,1,0,0,0,0
пікап,0,0,0,0,0,0,0,0,0,0
пікнік,0,1,0,0,1,0,1,0,1,1
образотворчий,0,0,0,0,0,0,0,0,0,0
картина,0,0,0,0,0,0,0,0,0,0
мальовничий,0,0,0,0,1,0,1,0,0,0
пиріг,0,0,0,0,0,0,0,0,0,0
по частинах,0,0,0,0,0,0,0,0,0,0
строкатий,0,0,0,0,0,0,0,0,0,0
пристань,0,0,0,0,0,0,0,0,0,0
проколоти,0,0,0,0,0,0,0,0,0,0
благочестя,0,0,0,0,0,0,1,0,0,0
свиня,0,0,1,0,0,1,0,0,0,0
голуб,0,0,0,0,0,1,0,0,0,0
пігмент,0,0,0,0,0,0,0,0,0,0
щука,0,0,0,0,0,0,0,0,0,0
ворс,0,0,0,0,0,0,0,0,0,0
палі,0,0,1,0,0,1,0,0,0,0
паломник,0,0,0,0,0,0,0,0,0,0
паломництво,0,0,0,0,0,0,0,0,0,0
таблетка,0,0,0,0,0,0,1,0,0,1
грабіж,1,0,1,1,0,1,0,0,0,0
стовп,0,0,0,0,0,0,0,0,0,0
подушка,0,0,0,0,0,0,1,0,0,0
наволочка,0,0,0,0,0,0,0,0,0,0
пілот,0,0,0,0,0,0,1,0,0,1
сутенер,0,0,0,0,0,1,0,0,0,0
прищ,0,0,1,0,0,1,0,0,0,0
шпилька,0,0,0,0,0,0,0,0,0,0
щіпка,0,0,0,0,0,0,0,0,0,0
пощипування,0,0,0,0,0,0,0,0,0,0
сосна,0,0,0,0,0,1,0,1,0,0
ананас,0,0,0,0,0,0,0,0,0,0
пінг,0,0,0,0,0,0,0,0,0,0
отвір,0,0,0,0,0,0,0,0,0,0
шестерня,0,0,0,1,0,1,0,0,0,0
рожевий,0,0,0,0,0,0,0,0,0,0
вершина,0,0,0,0,0,0,1,0,0,0
піонер,0,0,0,0,0,0,1,0,0,0
благочестивий,0,0,1,0,0,0,1,1,0,1
піп,0,0,0,0,0,0,0,0,0,0
труба,0,0,0,0,0,0,0,0,0,0
по трубах,0,0,0,0,0,0,0,0,0,0
трубопровід,0,0,0,0,0,0,0,0,0,0
дудар,0,0,0,0,0,0,0,0,0,0
піпетка,0,0,0,0,0,0,0,0,0,0
піке,1,0,0,0,0,1,0,0,0,0
піратство,0,0,0,0,0,1,0,0,0,0
пірат,1,0,0,0,0,1,0,0,0,0
piscina,0,0,0,0,0,0,0,0,0,0
пістолет,0,0,0,0,0,1,0,0,0,0
поршень,0,0,0,0,0,0,0,0,0,0
яма,0,0,0,0,0,0,0,0,0,0
крок,0,0,0,0,0,0,0,0,0,0
глечик,0,0,0,0,0,0,0,0,0,0
підводний камінь,1,0,1,1,0,1,0,1,1,0
серцевина,0,0,0,0,0,0,1,0,0,1
змістовний,0,0,0,0,0,0,0,0,0,0
без кісточок,0,0,0,0,0,0,0,0,0,0
шкода,0,0,0,0,0,0,0,1,0,0
опорний,0,0,0,0,0,0,1,0,0,1
пікс,0,0,0,0,0,0,0,0,0,0
плакат,0,0,0,0,0,0,0,0,1,0
місце,0,0,0,0,0,0,0,0,0,0
плацебо,0,0,0,0,0,0,0,0,0,0
спокійний,0,0,0,0,0,0,1,0,0,0
планка,0,0,0,0,0,0,0,0,0,0
плагіат,0,0,1,0,0,1,0,0,0,0
чума,0,0,1,1,0,1,0,1,0,0
плед,0,0,0,0,0,0,0,0,0,0
звичайний,0,0,0,0,0,0,0,0,0,0
позивач,0,0,0,0,0,1,0,0,0,0
жалібний,0,0,0,0,0,0,0,1,0,0
планувати,0,1,0,0,0,0,0,0,0,0
літак,0,0,0,0,0,0,0,0,0,0
планета,0,0,0,0,0,0,0,0,0,0
планетарій,0,0,0,0,0,0,0,0,0,0
планети,0,0,0,0,0,0,0,0,0,0
дошка,0,0,0,0,0,0,0,0,0,0
планується,0,0,0,0,0,0,0,0,0,0
планування,0,1,0,0,0,0,1,0,0,1
Рослина,0,0,0,0,0,0,0,0,0,0
плантація,0,0,0,0,0,0,0,0,0,0
кашпо,0,0,0,0,0,0,0,0,0,0
посадка,0,0,0,0,0,0,0,0,0,0
плазма,0,0,0,0,0,0,0,0,0,0
штукатурка,0,0,0,0,0,0,0,0,0,0
пластик,0,0,0,0,0,0,0,0,0,0
пластичність,0,0,0,0,0,0,0,0,0,0
плат,0,0,0,0,0,0,0,0,0,0
плита,0,0,0,0,0,0,0,0,0,0
плато,0,0,0,0,0,0,0,0,0,0
покритий покриттям,0,0,0,0,0,1,0,0,0,0
платформа,0,0,0,0,0,0,0,0,0,0
обшивка,0,0,0,0,0,0,0,0,0,0
взвод,0,0,0,0,0,0,0,0,0,0
блюдо,0,0,0,0,0,0,0,0,0,0
правдоподібність,0,0,0,0,0,0,0,0,0,0
грати,0,0,0,0,0,0,0,0,0,0
playa,0,0,0,0,0,0,0,0,0,0
гравець,0,0,0,0,0,1,0,0,0,0
грайливий,1,0,0,0,1,0,1,0,1,1
дитячий майданчик,0,1,0,0,1,0,1,0,1,1
ігровий будинок,0,0,0,0,1,0,1,0,0,0
товариш по грі,0,0,0,0,0,0,0,0,0,0
драматург,0,0,0,0,0,0,0,0,0,0
площа,0,0,0,0,0,0,0,0,0,0
благання,0,1,0,1,0,1,0,1,0,0
приємний,0,1,0,0,1,0,1,0,1,1
задоволений,0,0,0,0,1,0,1,0,0,0
приємний,0,0,0,0,1,0,1,0,0,0
складка,0,0,0,0,0,0,0,0,0,0
плісировані,0,0,0,0,0,0,0,0,0,0
застава,0,0,0,0,1,0,1,0,0,1
закладений,0,0,0,0,0,0,0,0,0,0
пленарне засідання,0,0,0,0,0,0,1,0,0,0
рясний,0,0,0,0,0,0,1,0,0,0
багато,0,0,0,0,0,0,0,0,0,0
пленум,0,0,0,0,0,0,0,0,0,0
повнокров'я,0,0,0,0,0,0,0,0,0,0
сплетіння,0,0,0,0,0,0,1,0,0,0
податливий,0,0,0,0,0,0,0,0,0,0
плікація,0,0,0,0,0,0,0,0,0,0
плоскогубці,0,0,0,0,0,0,0,0,0,0
важке становище,0,1,1,1,0,1,0,1,0,0
плінтус,0,0,0,0,0,0,0,0,0,0
вередливий,0,0,0,0,0,1,0,0,0,0
сюжет,0,0,0,0,0,0,0,0,0,0
плуг,0,0,0,0,0,0,0,0,0,0
розораний,0,0,0,0,0,0,0,0,0,0
ржанка,0,0,0,0,0,0,0,0,0,0
плуг,0,0,0,0,0,0,0,0,0,0
розораний,0,0,0,0,0,0,0,0,0,0
оранка,0,0,0,0,0,0,0,0,0,0
зривати,0,0,0,0,0,0,0,0,0,0
вилка,0,0,0,0,0,0,0,0,0,0
слива,0,0,0,0,0,0,1,0,0,0
оперення,0,0,0,0,0,0,0,0,0,0
схилитися,0,0,0,0,0,0,1,0,0,0
шлейф,0,0,0,0,0,0,0,0,0,0
різко впасти,0,0,0,1,0,1,0,0,0,0
пухкий,0,1,0,0,0,0,0,0,0,0
пухліша,0,0,0,0,0,0,0,0,0,0
грабувати,1,0,1,1,0,1,0,1,1,0
зануритися,0,0,0,1,0,1,0,0,0,0
множина,0,0,0,0,0,0,0,0,0,0
множинність,0,0,0,0,0,0,0,0,0,0
плюшевий,0,0,0,0,0,0,1,0,0,0
плутоній,0,0,0,0,0,0,0,0,0,0
шарувати,0,0,0,0,0,0,1,0,0,0
пневмонія,0,0,0,1,0,1,0,0,0,0
браконьєрство,1,0,1,1,0,1,0,1,0,0
кишеню,0,0,0,0,0,0,0,0,0,0
кишенькова книжка,0,0,0,0,0,0,0,0,0,0
стручок,0,0,0,0,0,0,0,0,0,0
вірш,0,0,0,0,0,0,0,0,0,0
поет,0,0,0,0,0,0,0,0,0,0
поетичний,0,0,0,0,0,0,0,0,0,0
поетичний,0,0,0,0,0,0,0,0,0,0
поетики,0,0,0,0,0,0,0,0,0,0
поезії,0,0,0,0,0,0,0,0,0,0
гострий,0,0,0,0,0,0,0,0,0,0
точка,0,0,0,0,0,0,0,0,0,0
підкреслено,0,0,0,0,0,0,1,0,0,0
покажчик,0,0,0,0,0,0,0,0,0,0
безглуздо,0,0,0,0,0,1,0,1,0,0
врівноваженість,0,0,0,0,0,0,0,0,0,0
отрута,1,0,1,1,0,1,0,1,0,0
отруєний,1,0,1,1,0,1,0,1,0,0
отруєння,0,0,1,0,0,1,0,0,0,0
отруйний,1,0,1,1,0,1,0,1,0,0
тикати,0,1,0,0,0,1,0,0,0,0
покер,0,0,0,0,0,0,0,0,0,0
полярний,0,0,0,0,0,0,0,0,0,0
полярність,0,0,0,0,0,0,0,0,1,0
полюс,0,0,0,0,0,0,0,0,0,0
полемічний,1,0,1,0,0,1,0,0,0,0
поліція,0,0,0,1,0,0,1,0,0,1
поліцейський,0,0,0,1,0,0,1,0,0,1
політики,0,0,0,0,0,0,0,0,0,1
поліомієліт,0,0,0,1,0,1,0,1,0,0
полірувати,0,0,0,0,0,0,1,0,0,0
полірований,0,0,0,0,0,0,1,0,0,0
ввічливий,0,0,0,0,0,0,1,0,0,0
ввічливість,0,0,0,0,0,0,1,0,0,0
політика,0,0,1,0,0,0,1,0,0,0
політик,0,0,0,0,0,0,0,0,0,0
політика,1,0,0,0,0,0,0,0,0,0
державний устрій,0,0,0,0,0,0,0,0,0,0
опитування,0,0,0,0,0,0,0,0,0,1
забруднюють,0,0,1,0,0,1,0,0,0,0
забруднення,0,0,1,0,0,1,0,0,0,0
поло,0,0,0,0,0,0,0,0,0,0
полігамія,0,0,1,0,0,1,0,0,0,0
багатокутник,0,0,0,0,0,0,0,0,0,0
полігональний,0,0,0,0,0,0,0,0,0,0
полімер,0,0,0,0,0,0,0,0,0,0
поліморфізм,0,0,0,0,0,0,0,0,0,0
пишність,0,0,0,0,0,1,0,0,0,0
помпезний,0,0,1,0,0,1,0,0,0,0
пончо,0,0,0,0,0,0,0,0,0,0
ставок,0,0,0,0,0,0,0,0,0,0
розмірковувати,0,0,0,0,0,0,0,0,0,0
важкий,0,0,0,0,0,1,0,0,0,0
понтифік,0,0,0,0,0,0,0,0,0,1
понтифікат,0,0,0,0,0,0,0,0,0,0
понтон,0,0,0,0,0,0,0,0,0,0
поні,0,0,0,0,0,0,0,0,0,0
пудель,0,0,0,0,0,0,0,0,0,0
басейн,0,0,0,0,0,0,1,0,0,0
какати,0,0,0,0,0,0,0,0,0,0
погано,0,0,0,0,0,1,0,0,0,0
поп,0,0,0,0,0,1,0,0,1,0
папа римський,0,0,0,0,0,0,1,0,0,0
мак,0,0,0,0,0,0,0,0,0,0
популярний,0,0,0,0,0,0,0,0,0,0
популярність,0,0,0,0,0,0,1,0,0,0
популяризовано,0,0,0,0,0,0,1,0,0,0
населення,0,0,0,0,0,0,1,0,0,0
багатолюдний,0,0,0,0,0,0,0,0,0,0
порцеляна,0,0,0,0,0,0,0,0,0,0
ганок,0,0,0,0,0,0,0,0,0,0
дикобраз,0,0,0,0,0,1,0,0,0,0
пори,0,0,0,0,0,0,0,0,0,0
свинина,0,0,0,0,0,0,0,0,0,0
порно,0,0,1,0,0,1,0,0,0,0
порно,0,0,0,0,0,1,0,0,0,0
порнографічні,0,0,0,0,0,1,0,0,0,0
порнографія,0,0,1,0,0,1,0,0,0,0
пористість,0,0,0,0,0,0,0,0,0,0
пористий,0,0,0,0,0,0,0,0,0,0
каші,0,0,0,0,0,0,0,0,0,0
порт,0,0,0,0,0,0,0,0,0,0
портативний,0,0,0,0,0,0,1,0,0,0
перевезення,0,0,0,0,0,0,0,0,0,0
портал,0,0,0,0,0,0,0,0,0,0
швейцар,0,0,0,0,0,0,0,0,0,0
портфоліо,0,0,0,0,0,0,0,0,0,0
портик,0,0,0,0,0,0,0,0,0,0
частина,0,0,0,0,0,0,0,0,0,0
портрет,0,0,0,0,0,0,0,0,0,0
портрет,0,0,0,0,0,0,0,0,0,0
зображувати,0,0,0,0,0,0,0,0,0,0
поза,0,0,0,0,0,1,0,0,0,0
позер,0,0,0,0,0,0,0,0,0,0
встановлено,0,0,0,0,0,0,0,0,0,0
положення,0,0,0,0,0,0,0,0,0,0
посе,0,0,0,1,0,0,0,0,0,0
володіти,0,1,0,0,1,0,1,0,0,1
одержимий,1,0,1,1,0,1,0,0,0,0
що володіє,0,0,0,0,0,0,0,0,0,0
володіння,1,0,1,1,0,1,0,0,0,0
власник,0,0,0,0,0,0,0,0,0,0
можливість,0,1,0,0,0,0,0,0,0,0
можливо,0,0,0,0,0,0,0,0,0,0
пост,0,0,0,0,0,0,0,0,0,0
поштовий,0,0,0,0,0,0,0,0,0,0
плакат,0,0,0,0,0,0,0,0,0,0
задній,0,0,0,0,0,0,0,0,0,0
потомство,0,0,0,0,0,0,0,0,0,0
посмертно,0,0,0,0,0,1,0,1,0,0
відкласти,0,0,0,0,0,0,0,0,0,0
відкладено,0,0,0,0,0,0,0,0,0,0
відстрочка,0,0,0,0,0,1,0,0,1,0
постскриптум,0,0,0,0,0,0,0,0,0,0
постулат,0,0,0,0,0,0,0,0,0,0
поза,0,0,0,0,0,0,0,0,0,0
горщик,0,0,0,0,0,0,0,0,0,0
питний,0,0,0,0,0,0,1,0,0,0
потенції,0,0,0,0,0,0,1,0,0,0
потужний,0,0,0,0,0,0,0,0,0,0
потенціал,0,0,0,0,0,0,0,0,0,0
зілля,0,0,0,0,0,0,0,0,0,0
горщик,0,0,0,0,0,0,0,0,0,0
попурі,0,0,0,0,0,0,0,0,0,0
гончар,0,0,0,0,0,0,0,0,0,0
кераміка,0,0,0,0,0,0,0,0,0,0
мішок,0,0,0,0,0,0,0,0,0,0
птиця,0,0,0,0,0,0,0,0,0,0
фунт,1,0,0,0,0,1,0,0,0,0
наливати,0,0,0,0,0,0,0,0,0,0
бідність,1,0,1,1,0,1,0,1,0,0
pow,1,0,0,0,0,0,0,0,0,0
порошок,0,0,0,0,0,0,0,0,0,0
порошкоподібний,0,0,0,0,0,0,0,0,0,0
порошкоподібний,0,0,0,0,0,0,0,0,0,0
потужний,1,1,1,1,1,0,1,0,0,1
потужно,0,0,0,1,0,0,1,0,0,0
безсилий,1,0,1,1,0,1,0,1,0,0
віспа,0,0,0,0,0,0,0,0,0,0
практично,0,0,0,0,0,0,0,0,0,0
практичний,0,0,0,0,0,0,0,0,0,0
практично,0,0,0,0,0,0,0,0,0,0
практика,0,0,0,0,0,0,1,0,0,0
практикували,0,0,0,0,1,0,1,0,1,1
практика,0,1,0,0,0,0,1,0,0,0
практик,0,0,0,0,0,0,0,0,0,0
прерія,0,0,0,0,0,0,0,0,0,0
похвала,0,0,0,0,1,0,1,0,0,1
хвалив,0,0,0,0,1,0,1,0,0,0
гідний похвали,0,1,0,0,1,0,1,0,1,1
витівка,0,0,0,0,0,1,0,0,1,0
праксис,0,0,0,0,0,0,0,0,0,0
молитися,0,1,0,1,1,0,1,0,1,1
молитва,0,0,0,0,0,0,0,0,0,0
проповідувати,0,0,0,0,0,0,0,0,0,0
проповідник,0,0,0,0,0,0,0,0,0,0
проповідування,0,0,0,0,0,0,0,0,0,0
преамбула,0,0,0,0,0,0,0,0,0,0
ненадійний,0,1,0,1,0,1,0,1,0,0
запобіжний захід,0,0,0,0,0,0,1,0,0,0
запобіжний,0,0,0,0,0,0,0,0,0,0
передувати,0,0,0,0,0,0,1,0,0,0
пріоритет,0,0,0,0,0,0,1,0,0,1
прецедент,0,0,0,0,0,0,0,0,0,0
попередній,0,0,0,0,0,0,0,0,0,0
припис,0,0,0,0,0,0,0,0,0,0
наставник,0,0,0,0,0,0,0,0,0,0
прецесія,0,0,0,0,0,0,0,0,0,0
дільничний,0,0,0,0,0,1,0,0,0,0
дільниці,0,0,0,0,0,0,0,0,0,0
дорогоцінний,0,1,0,0,1,0,1,0,1,0
урвище,0,0,0,1,0,0,0,0,0,0
осад,0,0,0,0,0,0,0,0,0,0
опади,0,0,0,0,0,0,0,0,0,0
крутий,0,0,0,0,0,0,0,0,0,0
точні,0,0,0,0,0,0,1,0,0,0
точно,0,0,0,0,0,0,0,0,0,0
точність,0,0,0,0,0,0,1,0,0,0
виключити,1,0,0,0,0,0,0,0,0,0
передчасний,0,0,0,0,0,0,0,0,0,0
попередник,0,1,0,0,0,0,0,0,0,0
хижий,0,0,0,0,0,1,0,0,0,0
попередник,0,0,0,0,0,0,0,0,0,0
скрутне становище,0,0,0,1,0,1,0,0,0,0
присудок,0,0,0,0,0,0,0,0,0,0
передбачити,0,1,0,0,0,0,0,0,0,0
прогнозування,0,0,0,0,0,0,0,0,0,0
передбачення,0,1,0,0,0,0,0,0,0,0
прогностичний,0,0,0,0,0,0,0,0,0,0
провісник,0,0,0,0,0,0,0,0,0,0
пристрасть,0,1,0,0,0,0,1,0,0,0
схиляти,0,1,0,0,0,0,0,0,0,0
схильний,0,0,0,0,0,0,0,0,0,0
схильність,0,0,0,0,0,0,0,0,0,0
переважання,0,0,0,0,0,0,0,0,0,0
переважна,0,0,0,0,0,0,1,0,0,1
переважають,0,0,0,0,0,0,0,0,0,0
видатний,0,0,0,0,0,0,1,0,0,0
випередження,0,0,0,0,0,0,0,0,0,0
передмова,0,0,0,0,0,0,0,0,0,0
префект,0,0,0,0,0,0,0,0,0,0
віддають перевагу,0,0,0,0,0,0,1,0,0,1
перевага,0,0,0,0,0,0,0,0,0,0
пільговий,0,0,0,0,0,0,0,0,0,0
префікс,0,0,0,0,0,0,0,0,0,0
вагітність,0,0,1,0,0,1,0,0,0,0
доісторичний,0,0,0,0,0,0,0,0,0,0
упередження,1,0,0,0,0,1,0,0,0,0
упереджений,0,0,1,1,0,1,0,0,0,0
упереджений,1,0,0,0,0,1,0,0,0,0
попередній,0,1,0,0,0,0,0,0,0,0
прелюдія,0,0,0,0,0,0,0,0,0,0
передчасний,0,0,0,0,0,0,0,0,1,0
передчасно,0,0,0,0,0,0,0,0,0,0
заздалегідь обдуманий,0,0,0,1,0,1,0,0,0,0
прем'єр,0,0,0,0,0,0,1,0,0,0
приміщення,0,0,0,0,0,0,0,0,0,0
приміщення,0,0,0,0,0,0,1,0,0,0
премія,0,0,0,0,0,0,0,0,0,0
заклопотаність,0,0,0,0,0,0,0,0,0,0
заклопотаний,0,0,0,0,0,0,0,0,0,0
підготовка,0,1,0,0,0,0,0,0,0,0
підготовчий,0,1,0,0,0,0,0,0,0,0
підготувати,0,1,0,0,0,0,1,0,0,0
підготовлений,0,1,0,0,0,0,1,0,0,1
підготовленість,0,1,0,0,0,0,0,0,0,0
препаратор,0,0,0,0,0,0,0,0,0,0
готується,0,0,0,0,0,0,0,0,0,0
перевага,0,0,0,0,0,0,0,0,0,1
передумова,0,1,0,0,0,0,0,0,0,0
прерогатива,0,0,0,0,0,0,0,0,0,0
прозорливий,0,1,0,0,0,0,1,0,0,0
прописаний,0,0,0,0,0,0,0,0,0,0
рецепт,0,0,0,0,0,0,0,0,0,0
наказовий,0,0,0,0,0,0,0,0,0,0
наявність,0,0,0,0,0,0,1,0,0,0
присутній,0,1,0,0,1,0,1,0,1,1
презентабельний,0,0,0,0,0,0,1,0,0,0
презентація,0,0,0,0,0,0,0,0,0,0
презентація,0,0,0,0,0,1,1,0,0,0
збереження,0,0,0,0,0,0,0,0,0,0
консервант,0,1,0,0,1,0,1,0,1,1
зберегти,0,0,0,0,0,0,1,0,0,0
збереглися,0,0,0,0,0,0,0,0,0,0
збереження,0,0,0,0,0,0,0,0,0,0
головувати,0,0,0,0,0,0,0,0,0,0
президентство,0,0,0,0,0,0,0,0,0,0
президент,0,0,0,0,0,0,1,0,0,1
преса,0,0,0,0,0,0,0,0,0,0
пресування,0,0,0,0,0,0,0,0,0,0
тиск,0,0,0,0,0,1,0,0,0,0
престиж,0,0,0,0,1,0,1,0,0,1
заздалегідь,0,0,0,0,1,0,1,0,1,0
презумпція,0,0,0,0,0,0,0,0,0,1
передбачуваний,0,0,0,0,0,0,0,0,0,0
самовпевнений,1,0,1,0,0,1,0,0,0,0
припускати,0,0,0,0,0,0,0,0,0,0
прикидатися,0,0,0,0,0,1,0,0,0,0
прикинувся,0,0,0,0,0,1,0,0,0,0
прикидаючись,1,0,0,0,0,1,0,0,0,0
удавання,0,0,0,0,0,1,0,0,0,0
претензії,0,0,0,0,0,1,0,0,0,0
привід,0,0,0,0,0,0,0,0,0,0
гарна,0,1,0,0,1,0,1,0,0,1
переважати,0,1,0,0,1,0,1,0,0,0
переважаючим,0,0,0,0,0,0,0,0,0,0
поширеність,0,0,0,0,0,0,0,0,0,0
поширений,0,0,0,0,0,0,0,0,0,1
запобігти,0,0,0,1,0,0,0,0,0,0
профілактичний,0,0,0,0,0,0,0,0,0,0
профілактика,0,1,0,0,0,0,1,0,0,0
профілактичний,0,0,0,0,0,1,0,0,0,0
Попередній,0,0,0,0,0,0,0,0,0,0
раніше,0,0,0,0,0,0,0,0,0,0
здобич,0,0,0,1,0,1,0,0,0,0
ціна,0,0,0,0,0,0,0,0,0,0
безцінний,0,0,0,0,0,0,1,0,0,0
укол,1,0,1,1,0,1,0,0,1,0
колючий,0,0,0,0,0,1,0,0,0,0
гордість,0,0,0,0,1,0,1,0,0,0
священик,0,0,0,0,0,0,1,0,0,1
священство,0,1,0,0,1,0,1,1,0,1
священицький,0,0,0,0,0,0,1,0,0,0
прим,0,0,0,0,0,0,0,0,0,0
першість,0,0,0,0,0,0,1,0,0,0
первинний,0,0,0,0,0,0,1,0,0,0
примат,0,0,0,0,0,0,0,0,0,0
примати,0,0,0,0,0,0,0,0,0,0
простий,0,0,0,0,0,0,1,0,0,0
заґрунтований,0,0,0,0,0,0,0,0,0,0
грунтовка,0,0,0,0,0,0,1,0,0,1
первісний,0,0,0,0,0,0,0,0,0,0
грунтування,0,0,0,0,0,0,0,0,0,0
примітивний,0,0,0,0,0,0,0,0,0,0
споконвічний,0,0,0,0,0,0,0,0,0,0
принц,0,0,0,0,0,0,1,0,0,0
княжий,0,1,0,0,1,0,1,0,1,1
принцеса,0,0,0,0,0,0,1,0,0,0
головний,0,0,0,0,0,0,1,0,0,1
принципово,0,0,0,0,0,0,0,0,0,0
принцип,0,0,0,0,0,0,0,0,0,0
друкувати,0,0,0,0,0,0,0,0,0,0
принтер,0,0,0,0,0,0,0,0,0,0
друк,0,0,0,0,0,0,0,0,0,0
попередній,0,0,0,0,0,0,0,0,0,0
пріоритет,0,0,0,0,0,0,0,0,0,0
приорат,0,0,0,0,0,0,0,0,0,0
призма,0,0,0,0,0,0,0,0,0,0
призматичний,0,0,0,0,0,0,0,0,0,0
в'язниця,1,0,0,1,0,1,0,1,0,0
в'язень,1,0,1,1,0,1,0,1,0,0
незайманий,0,0,0,0,0,0,1,0,0,0
конфіденційність,0,0,0,0,0,0,0,0,0,0
приватний,0,0,0,0,0,0,0,0,0,0
приватно,0,0,0,0,0,0,0,0,0,0
привілей,0,0,0,0,0,0,0,0,0,0
привілейований,0,0,0,0,1,0,1,0,0,1
таємний,0,0,0,0,0,1,0,0,0,1
ймовірність,0,1,0,0,0,0,0,0,0,0
ймовірний,0,0,0,0,0,0,0,0,0,0
випробувальний термін,0,1,0,1,0,0,0,1,0,0
випробувальний термін,0,0,0,0,0,0,0,0,0,0
доказовий,0,0,0,0,0,0,0,0,0,0
зонд,0,0,0,0,0,0,0,0,0,0
чесність,0,0,0,0,0,0,1,0,0,1
проблема,0,0,0,1,0,1,0,1,0,0
процедура,0,0,0,1,0,0,1,0,0,0
продовжити,0,0,0,0,0,0,0,0,0,0
провадження,0,1,0,0,0,0,0,0,0,0
доходи,0,0,0,0,0,0,0,0,0,0
процес,0,0,0,0,0,0,0,0,0,0
процесія,0,0,0,0,1,0,1,1,1,0
проголошувати,0,0,0,0,0,0,0,0,0,0
проголошення,0,0,0,0,0,0,0,0,0,0
зволікати,0,0,0,0,0,1,0,0,0,0
прокрастинація,0,0,0,0,0,1,0,0,0,0
продовження роду,0,0,0,0,0,0,0,0,0,0
проктор,0,0,0,0,0,0,1,0,0,1
закуповувати,0,0,0,0,0,0,1,0,0,0
закупівлі,0,0,0,0,0,0,0,0,0,0
вироб,0,0,0,0,0,0,0,0,0,0
блудний,0,0,0,0,0,1,1,0,0,0
неймовірний,0,0,0,0,0,0,1,0,0,0
вундеркінд,0,0,0,0,0,0,1,0,0,0
виробляти,0,0,0,0,0,0,0,0,0,0
виробляється,0,0,0,0,0,0,0,0,0,0
продюсер,0,0,0,0,0,0,1,0,0,0
виробництво,0,0,0,0,0,0,1,0,0,0
продукт,0,0,0,0,0,0,0,0,0,0
виробництва,0,1,0,0,0,0,1,0,0,0
продуктивний,0,0,0,0,0,0,1,0,0,0
продуктивність,0,0,0,0,0,0,1,0,0,0
профанний,1,0,0,0,0,1,0,0,0,0
ненормативна лексика,1,0,0,0,0,1,0,0,0,0
сповідувати,0,0,0,0,0,0,0,0,0,0
професія,0,0,0,0,0,0,1,0,0,0
професійний,0,0,0,0,0,0,1,0,0,1
професор,0,0,0,0,0,0,1,0,0,1
професура,0,0,0,0,0,0,0,0,0,1
майстерність,0,1,0,0,1,0,1,0,1,1
досвідчений,0,0,0,0,0,0,1,0,0,1
профіль,0,0,0,0,0,0,0,0,0,0
прибуток,0,0,0,0,0,0,0,0,0,0
профузний,0,0,0,0,0,0,1,0,0,0
рясність,0,0,0,0,0,1,0,0,0,0
прог,0,0,0,0,0,0,0,0,0,0
родоначальник,0,0,0,0,0,0,0,0,0,0
потомство,0,0,0,0,0,0,0,0,0,0
прогноз,0,1,0,1,0,0,0,0,0,0
прогностичні,0,1,0,0,0,0,0,0,0,0
програма,0,0,0,0,0,0,0,0,0,0
програма,0,0,0,0,0,0,0,0,0,0
програміст,0,0,0,0,0,0,0,0,0,0
прогрес,0,1,0,0,1,0,1,0,0,0
прогресування,0,1,0,0,1,0,1,1,0,1
прогресивний,0,0,0,0,0,0,1,0,0,0
забороняти,0,0,0,0,0,0,0,0,0,0
заборонено,1,0,1,1,0,1,0,0,0,0
заборона,0,0,0,0,0,1,0,0,0,0
непосильний,0,0,0,0,0,0,0,0,0,0
демонструвати,0,0,0,0,0,0,0,0,0,0
снаряд,0,0,0,1,0,0,0,0,0,0
снаряди,0,0,0,1,0,0,0,0,0,0
проектування,0,0,0,0,0,0,0,0,0,0
проекція,0,0,0,0,0,0,0,0,0,0
проектор,0,0,0,0,0,0,0,0,0,0
пролетарська,0,0,0,0,0,0,0,0,0,0
пролетаріат,0,0,0,0,0,0,0,0,0,0
плідний,0,0,0,0,0,0,1,0,0,0
пролог,0,1,0,0,0,0,0,0,0,0
подовжити,0,0,1,0,0,1,0,0,0,0
пролонгація,0,0,0,0,0,0,0,0,0,0
тривалий,0,0,0,0,0,0,0,0,0,0
набережна,0,0,0,0,0,0,0,0,0,0
видатність,0,0,0,0,0,0,1,0,0,0
помітно,0,0,0,0,0,0,1,0,0,0
безладний,0,0,0,0,0,1,0,0,0,0
обіцянка,0,0,0,0,1,0,1,0,0,1
перспективний,0,0,0,0,0,0,1,0,0,0
вексельний,0,0,0,0,0,0,0,0,0,0
мис,0,0,0,0,0,0,0,0,0,0
сприяти,0,0,0,0,0,0,0,0,0,0
промоутер,0,0,0,0,0,0,0,0,0,0
просування по службі,0,0,0,0,0,0,1,0,0,0
підказка,0,0,0,0,0,0,0,0,0,0
спонукання,0,0,0,0,0,0,0,0,0,0
оприлюднити,0,0,0,0,0,0,0,0,0,0
оприлюднення,0,0,0,0,0,0,0,0,0,0
схильні,0,0,0,0,0,0,0,0,0,0
зубець,0,0,0,0,0,0,0,0,0,0
вимовляти,0,0,0,0,0,0,0,0,0,0
виражений,0,0,0,0,0,0,0,0,0,0
вимова,0,0,0,0,0,0,0,0,0,0
вимова,0,0,0,0,0,0,0,0,0,0
доказ,0,0,0,0,0,0,0,0,0,1
опора,0,0,0,0,0,0,1,0,0,0
пропаганда,0,0,0,0,0,1,0,0,0,0
розмножувати,0,0,0,0,0,0,0,0,0,0
поширення,0,0,0,0,0,0,0,0,0,0
пропан,0,0,0,0,0,0,0,0,0,0
рухати,0,0,0,0,0,0,0,0,0,0
рухається,0,0,0,0,0,0,0,0,0,0
пропелер,0,0,0,0,0,0,0,0,0,0
рухливий,0,0,0,0,0,0,0,0,0,0
схильність,0,0,0,0,0,0,0,0,0,0
належне,0,0,0,0,0,0,1,0,0,0
власність,0,0,0,0,0,0,0,0,0,0
пророцтво,0,1,0,0,0,0,0,0,0,0
пророкувати,0,0,0,0,0,0,0,0,0,0
пророк,0,1,0,0,0,0,1,0,0,1
пророчий,0,1,0,0,0,0,0,0,0,0
профілактичний,0,1,0,0,0,0,1,0,0,1
профілактика,0,0,0,0,0,0,0,0,0,0
пропорція,0,0,0,0,0,0,0,0,0,0
пропорційний,0,0,0,0,0,0,0,0,0,0
пропорційний,0,0,0,0,0,0,0,0,0,0
пропорції,0,0,0,0,0,0,0,0,0,0
пропозиція,0,0,0,0,0,0,0,0,0,0
пропозиція,0,0,0,0,0,0,1,0,0,0
власність,0,0,0,0,0,0,0,0,0,0
власник,0,0,0,0,0,0,0,0,0,0
право власності,0,0,0,0,0,0,0,0,0,0
пристойність,0,0,0,0,0,0,0,0,0,0
рушій,0,0,0,0,0,0,0,0,0,0
проза,0,0,0,0,0,0,0,0,0,0
переслідувати,1,0,0,1,0,1,0,1,0,0
притягнення до відповідальності,0,0,1,0,0,1,0,0,0,0
прокурор,0,0,0,0,0,0,0,0,0,0
перспектива,0,0,0,0,0,0,1,0,0,0
перспективний,0,0,0,0,0,0,0,0,0,0
перспективно,0,1,0,0,0,0,0,0,0,0
проспект,0,0,0,0,0,0,0,0,0,0
процвітати,0,1,0,0,1,0,1,0,0,0
процвітання,0,0,0,0,0,0,1,0,0,0
процвітаючий,0,0,0,0,1,0,1,0,0,0
повія,0,0,1,0,0,1,0,0,0,0
проституція,0,0,1,0,0,1,0,1,0,0
розпростертий,0,0,0,0,0,0,0,0,0,0
головний герой,0,0,0,0,0,0,0,0,0,0
захистити,0,0,0,0,0,0,1,0,0,0
захищений,0,0,0,0,0,0,0,0,0,1
захищаючи,0,0,0,0,0,0,1,0,0,1
захисту,0,0,0,0,0,0,0,0,0,0
захисний,0,0,0,0,0,0,1,0,0,0
захисник,0,0,0,0,0,0,1,0,0,1
білок,0,0,0,0,0,0,0,0,0,0
протестувати,0,0,0,0,0,0,0,0,0,0
протокол,0,0,0,0,0,0,0,0,0,0
прототип,0,0,0,0,0,0,0,0,0,0
найпростіші,0,0,0,0,0,0,0,0,0,0
затяжний,0,0,0,0,0,0,0,0,0,0
виступати,0,0,0,0,0,0,0,0,0,0
випинання,0,0,0,0,0,0,0,0,0,0
гордий,0,1,0,0,1,0,1,0,0,1
довести,0,0,0,0,0,0,1,0,0,0
доведено,0,0,0,0,0,0,0,0,0,1
прислів'я,0,0,0,0,0,0,0,0,0,0
прислів'я,0,0,0,0,0,0,1,0,0,0
забезпечити,0,0,0,0,0,0,1,0,0,1
надається,0,0,0,0,0,0,0,0,0,0
провидіння,0,0,0,0,0,0,0,0,0,0
забезпечення,0,1,0,0,1,0,1,0,0,1
провінція,0,0,0,0,0,0,0,0,0,0
провінційний,0,0,0,0,0,0,0,0,0,0
положення,0,0,0,0,0,0,0,0,0,0
тимчасово,0,0,0,0,0,0,0,0,0,0
положення,0,0,0,0,0,0,0,0,0,0
застереження,0,0,0,0,0,0,0,0,0,1
провокація,1,0,0,0,0,1,0,0,0,0
провокаційний,0,0,0,0,0,0,0,0,0,0
провокуючий,1,0,1,0,0,1,0,0,0,0
проректор,0,0,0,0,0,0,0,0,0,0
доблесть,0,0,0,0,0,0,0,0,0,0
нишпорити,0,0,0,1,0,0,0,0,1,0
проксимальний,0,0,0,0,0,0,0,0,0,0
наближений,0,0,0,0,0,0,0,0,0,0
близькість,0,0,0,0,0,0,0,0,0,0
проксі,0,0,0,0,0,0,0,0,0,1
розсудливість,0,0,0,0,0,0,1,0,0,0
розважливий,0,0,0,0,0,0,1,0,0,1
чорнослив,0,0,0,0,0,0,0,0,0,0
підкопувати,1,1,0,0,0,1,0,0,0,1
допитливий,0,0,0,0,0,1,0,0,0,0
псалом,0,0,0,0,0,0,1,0,0,0
псевдо,0,0,0,0,0,0,0,0,0,0
псевдонім,0,0,0,0,0,0,0,0,0,0
психіка,0,0,0,0,0,0,0,0,0,0
психічний,0,0,0,0,0,0,0,0,0,0
екстрасенси,0,0,0,0,0,0,0,0,0,0
психологічний,0,0,0,0,0,0,0,0,0,0
психолог,0,0,0,0,0,0,0,0,0,0
психологія,0,0,0,0,0,0,0,0,0,0
психоз,1,0,0,1,0,1,0,1,0,0
паб,0,0,0,0,0,0,0,0,0,0
статеве дозрівання,0,0,0,0,0,0,0,0,0,0
опушені,0,0,0,0,0,0,0,0,0,0
громадськість,0,1,0,0,0,0,1,0,0,0
публікація,0,0,0,0,0,0,0,0,0,0
публіцист,0,0,0,0,0,1,0,0,0,0
публічність,0,0,0,0,0,0,0,0,0,0
публічно,0,0,0,0,0,0,0,0,0,0
публікувати,0,0,0,0,0,0,0,0,0,0
опубліковано,0,0,0,0,0,0,0,0,0,0
видавець,0,0,0,0,0,0,0,0,0,0
пудинг,0,0,0,0,0,0,0,0,0,0
калюжа,0,0,0,0,0,0,0,0,0,0
затяжка,0,0,0,0,0,0,0,0,0,0
пухкий,0,0,0,0,0,1,0,0,0,0
мопс,0,0,0,0,0,0,0,0,0,0
блювати,0,0,1,0,0,0,0,0,0,0
тягнути,0,0,0,0,0,0,1,0,0,0
шків,0,0,0,0,0,0,0,0,0,0
пуловер,0,0,0,0,0,0,0,0,0,0
легеневий,0,0,0,0,0,0,0,0,0,0
пульпа,0,0,0,0,0,0,0,0,0,0
кафедра,0,0,0,0,0,0,1,0,0,0
пульсація,0,0,0,0,0,0,0,0,0,0
пульс,0,0,0,0,0,0,0,0,0,0
пума,0,0,0,1,0,0,0,0,1,0
насос,0,0,0,0,0,0,0,0,0,0
каламбур,0,0,0,0,0,0,0,0,0,0
удар,1,0,0,1,0,1,0,1,1,0
пунктуальний,0,1,0,0,0,0,1,0,0,1
пунктуальність,0,0,0,0,0,0,1,0,0,0
пунктуально,0,0,0,0,0,0,0,0,0,0
розділові знаки,0,0,0,0,0,0,0,0,0,0
прокол,0,0,0,0,0,0,0,0,0,0
експерт,0,0,0,0,0,0,0,0,0,0
гострий,0,0,1,0,0,1,0,0,0,0
карати,0,0,0,1,0,1,0,0,0,0
покараний,1,1,1,1,0,1,0,1,0,0
караючи,1,0,0,1,0,1,0,1,0,0
покарання,1,0,1,1,0,1,0,0,0,0
каральний,1,0,0,1,0,1,0,1,0,0
панк,0,0,0,0,0,0,0,0,0,0
плоскодонка,0,1,0,0,0,0,0,0,0,0
мізерний,0,0,0,0,0,0,0,0,0,0
щеня,0,0,0,0,0,0,0,0,0,0
учень,0,0,0,0,0,0,0,0,0,0
ляльковий,0,0,0,0,0,0,0,0,0,0
щеня,0,1,0,0,0,0,1,0,0,1
покупка,0,0,0,0,0,0,0,0,0,0
покупець,0,0,0,0,0,0,0,0,0,0
купівля,0,0,0,0,0,0,0,0,0,0
пюре,0,0,0,0,0,0,0,0,0,0
чисто,0,0,0,0,0,0,1,0,0,1
чистилище,0,0,1,1,0,1,0,0,0,0
чистка,0,0,0,1,0,1,0,0,0,0
очищення,0,0,0,0,0,0,1,0,0,1
очищати,0,0,0,0,1,0,1,0,0,1
пурист,0,0,0,0,0,0,1,0,0,0
чистота,0,0,0,0,0,0,1,0,1,0
фіолетовий,0,0,0,0,0,0,0,0,0,0
сенс,0,0,0,0,0,0,0,0,0,0
мета,0,0,0,0,0,0,0,0,0,0
навмисно,0,0,0,0,0,0,0,0,0,0
муркотіння,0,0,0,0,1,0,1,0,0,1
гаманець,0,0,0,0,0,0,0,0,0,0
дотримання,0,0,0,0,0,0,0,0,0,0
переслідування,0,0,0,0,0,0,0,0,0,0
переслідування,0,0,0,0,0,0,0,0,0,0
постачальник,0,0,0,0,0,0,0,0,0,0
компетенція,0,0,0,0,0,0,0,0,0,0
гній,0,0,1,0,0,1,0,0,0,0
штовхати,0,0,0,0,0,0,0,0,0,0
штовхання,0,0,0,0,0,0,0,0,0,0
кіт,0,0,0,0,0,0,0,0,0,0
кицька,0,0,0,0,0,0,0,0,0,0
кицька,0,0,0,0,0,0,0,0,0,0
поставити,0,0,0,0,0,0,0,0,0,0
передбачуваний,0,0,0,0,0,0,0,0,0,1
ставить,0,0,0,0,0,0,0,0,0,0
шпаклівка,0,0,0,0,0,0,0,0,0,0
спантеличений,0,0,0,0,0,0,0,0,0,0
загадковий,0,0,0,0,0,0,0,0,0,0
пігмей,0,0,0,0,0,0,0,0,0,0
піраміда,0,0,0,0,0,0,0,0,0,0
пірамідальний,0,0,0,0,0,0,0,0,0,0
піротехніка,0,0,0,0,0,0,0,0,0,0
квак,0,0,1,0,0,1,0,0,0,0
чотирикутник,0,0,0,0,0,0,0,0,0,0
чотирикутник,0,0,0,0,0,0,0,0,0,0
квадрант,0,0,0,0,0,0,0,0,0,0
квадратичний,0,0,0,0,0,0,0,0,0,0
квадратура,0,0,0,0,0,0,0,0,0,0
чотиримісний,0,0,0,0,0,0,0,0,0,0
чотириполюсник,0,0,0,0,0,0,0,0,0,0
трясовина,0,0,1,0,0,1,0,0,0,0
перепілка,0,0,0,1,0,1,0,0,0,0
химерний,0,0,0,0,1,0,1,0,0,1
землетрус,0,0,0,1,0,0,0,0,0,0
кваліфікований,0,0,0,0,0,0,1,0,0,1
кваліфікуватися,0,0,0,0,0,0,0,0,0,0
кваліфікаційний,0,0,0,0,0,0,1,0,0,0
якості,0,0,0,0,0,0,0,0,0,0
якість,0,0,0,0,0,0,0,0,0,0
скрутне становище,1,0,0,1,0,1,0,0,0,0
кількісно визначити,0,0,0,0,0,0,0,0,0,0
кількісний,0,0,0,0,0,0,0,0,0,0
кількісно,0,0,0,0,0,0,0,0,0,0
кількість,0,0,0,0,0,0,0,0,0,0
квантовий,0,0,0,0,0,0,0,0,0,0
карантин,0,0,0,1,0,0,0,0,0,0
сварка,1,0,0,0,0,1,0,0,0,0
кар'єр,0,0,0,0,0,0,0,0,0,0
кварта,0,0,0,0,0,0,0,0,0,0
квартал,0,0,0,0,0,0,0,0,0,0
четвертувати,0,0,0,0,0,0,0,0,0,0
чверті,0,0,0,0,0,0,0,0,0,0
квартет,0,0,0,0,0,0,0,0,0,0
квартиль,0,0,0,0,0,0,0,0,0,0
кварто,0,0,0,0,0,0,0,0,0,0
кварц,0,0,0,0,0,0,0,0,0,0
скасувати,0,0,0,1,0,1,0,0,0,0
квазі,0,0,0,0,0,0,0,0,0,0
четвертинний,0,0,0,0,0,0,0,0,0,0
набережна,0,0,0,0,0,0,0,0,0,0
королева,0,0,0,0,0,0,0,0,0,0
придушувати,0,0,0,0,0,1,0,0,0,0
гасити,0,0,0,0,0,0,0,0,0,0
запит,0,0,0,0,0,0,0,0,0,0
квест,0,1,0,0,0,0,1,0,0,0
запитання,0,0,0,0,0,0,1,0,0,0
сумнівний,0,0,1,0,0,1,0,0,0,0
опитування,0,0,0,0,0,0,0,0,0,0
чергу,0,0,0,0,0,0,0,0,0,0
прискорити,0,1,0,0,0,0,0,0,0,0
швидко,0,0,0,0,0,0,0,0,0,0
швидкість,0,0,0,0,0,0,1,0,1,0
ртуть,0,0,0,0,0,1,0,0,1,0
фунтів стерлінгів,0,0,0,0,0,0,0,0,0,0
спокою,0,0,0,0,0,0,1,0,0,0
тихо,0,0,0,0,0,0,1,1,0,0
тихо,0,0,0,0,0,0,0,0,0,0
перо,0,0,0,0,0,0,0,0,0,0
ковдра,0,0,0,0,0,0,0,0,0,0
хінін,0,0,0,0,0,0,1,0,0,0
кинути,0,0,0,0,0,1,0,0,0,0
виходить,0,0,0,0,0,0,0,0,0,0
сагайдак,0,0,0,1,0,1,0,0,0,0
тремтіння,0,0,0,1,0,1,0,0,0,0
вікторина,0,0,0,0,0,1,0,0,0,0
кворум,0,0,0,0,0,0,0,0,0,0
квота,0,0,0,0,0,0,0,0,0,0
цитата,0,0,0,0,0,0,0,0,0,0
цитата,0,1,0,0,0,1,1,0,1,0
коефіцієнт,0,0,0,0,0,0,0,0,0,0
кролик,0,0,0,0,0,0,0,0,0,0
набої,1,0,0,1,0,1,0,0,0,0
скажений,1,1,1,1,0,1,0,1,0,0
сказ,0,0,0,0,0,1,0,0,0,0
гонка,0,0,0,0,0,0,0,0,0,0
скаковий кінь,0,0,0,0,0,0,0,0,0,0
гонщик,0,0,0,0,0,0,0,0,0,0
стелаж,0,0,0,0,0,1,0,1,0,0
ракетка,0,0,0,0,0,1,0,0,0,0
стелажі,0,0,0,0,0,0,0,0,0,0
колоритний,0,0,0,0,0,0,0,0,0,0
радар,0,0,0,0,0,0,0,0,0,1
сяйво,0,1,0,0,1,0,1,0,0,1
променистий,0,0,0,0,1,0,1,0,0,0
випромінювати,0,0,0,0,0,0,1,0,0,0
випромінювання,0,0,0,1,0,1,0,0,0,0
радикально,0,0,0,0,0,0,0,0,0,0
радіо,0,0,0,0,0,0,1,0,0,0
радіоактивний,0,0,0,1,0,1,0,0,0,0
радіоактивність,0,0,0,0,0,0,0,0,0,0
рентгенограма,0,0,0,0,0,0,0,0,0,0
рентгенографія,0,0,0,0,0,0,0,0,0,0
радіологія,0,0,0,0,0,0,0,0,0,0
радій,0,0,0,0,0,0,0,0,0,0
радіус,0,0,0,0,0,0,0,0,0,0
радон,0,0,0,1,0,1,0,0,0,0
розіграш,0,1,0,0,0,0,0,0,1,0
пліт,0,0,0,0,0,0,0,0,0,0
лють,1,0,0,0,0,1,0,0,0,0
обірвані,0,0,0,0,0,0,0,0,0,0
лютує,1,0,1,1,0,1,0,0,0,0
ганчірки,0,0,1,0,0,1,0,0,0,0
рейд,1,0,0,1,0,1,0,0,1,0
залізниця,1,1,0,0,0,1,0,0,0,0
перила,0,0,0,0,0,0,0,0,0,0
залізниця,0,0,0,0,0,0,0,0,0,0
залізниця,0,0,0,0,0,0,0,0,0,0
одяг,0,0,0,0,0,0,0,0,0,0
дощ,0,0,0,0,0,0,0,0,0,0
плащ,0,0,0,0,0,0,0,0,0,0
кількість опадів,0,0,0,0,0,0,0,0,0,0
дощовий,0,0,0,0,0,0,0,1,0,0
підняти,0,0,0,0,0,0,0,0,0,0
піднятий,0,0,0,0,0,0,0,0,0,0
підвищення,0,0,0,0,0,0,0,0,0,0
граблі,0,0,0,0,0,0,0,0,0,0
мітинг,0,0,0,0,0,0,0,0,0,0
ОЗП,1,1,0,0,0,1,0,0,0,0
блукати,0,0,0,0,0,0,0,0,0,0
безладний,0,0,0,0,0,1,0,0,0,0
пандус,0,0,0,0,0,0,0,0,0,0
буйство,1,0,0,1,0,1,0,0,0,0
ранчо,0,0,0,0,0,0,0,0,0,0
згірклий,0,0,1,0,0,1,0,0,0,0
випадковим чином,0,0,0,0,0,0,0,0,1,0
випадковість,0,0,0,0,0,0,0,0,0,0
ренді,0,0,0,0,0,0,0,0,0,0
рейнджер,0,0,0,0,0,0,0,0,0,1
ранг,0,0,0,0,0,0,0,0,0,0
викуп,1,0,0,1,0,1,0,0,0,0
нарікання,0,0,0,0,0,0,0,0,0,0
реп,0,0,0,0,0,0,0,0,0,0
зґвалтування,1,0,1,1,0,1,0,1,0,0
швидкий,0,0,0,0,0,0,0,0,1,0
швидкоплинність,0,0,0,0,0,0,0,0,0,0
пороги,0,0,0,0,0,0,0,0,0,0
реп,1,0,0,0,0,0,0,0,0,0
захоплений,0,0,0,0,1,0,1,0,1,1
хижаки,0,0,0,1,0,1,0,0,0,0
захоплення,0,1,0,0,1,0,1,0,0,0
рідко,0,0,0,0,0,0,0,0,0,0
рідкість,0,0,0,0,0,0,0,0,1,0
пройдисвіт,1,0,1,1,0,1,0,0,0,0
висип,0,0,1,0,0,1,0,0,0,0
щур,0,0,1,1,0,1,0,0,0,0
тріскачка,0,0,0,0,0,0,0,0,0,0
швидкість,0,0,0,0,0,0,0,0,0,0
ратифікація,0,0,0,0,0,0,0,0,0,0
ратифікувати,0,0,0,0,0,0,0,0,0,1
рейтинг,1,0,0,1,0,1,0,1,0,0
співвідношення,0,0,0,0,0,0,0,0,0,0
раціон,0,0,0,0,0,0,0,0,0,0
раціональний,0,0,0,0,0,0,1,0,0,1
обґрунтування,0,0,0,0,0,0,0,0,0,0
раціоналізм,0,0,0,0,0,0,0,0,0,0
раціональність,0,0,0,0,0,0,0,0,0,0
ротанг,0,0,0,0,0,0,0,0,0,0
брязкальце,0,0,0,0,0,0,0,0,0,0
гримуча змія,0,0,0,1,0,0,0,0,0,0
хрипкий,0,0,0,0,0,1,0,0,0,0
марити,1,0,1,0,1,1,1,0,1,1
ворон,0,0,0,0,0,0,0,0,0,0
ненажерливий,1,0,0,1,0,1,0,1,0,0
яр,0,0,0,1,0,0,0,0,0,0
марення,1,1,0,1,1,1,0,0,1,0
сиром'ятна шкіра,0,0,0,0,0,0,0,0,0,0
промінь,0,0,0,0,0,0,0,0,0,0
бритва,0,0,0,1,0,0,0,0,0,0
досяжність,0,0,0,0,0,0,0,0,0,0
реагувати,1,0,0,1,0,0,0,0,0,0
реакційний,0,0,0,0,0,1,0,0,0,0
читати,0,0,0,0,0,0,0,0,0,0
читач,0,0,0,0,0,0,1,0,0,0
читацька аудиторія,0,0,0,0,0,0,0,0,0,0
легко,0,0,0,0,0,0,1,0,0,0
готовність,0,1,0,0,1,0,1,0,0,1
читання,0,0,0,0,0,0,1,0,0,0
переналаштування,0,0,0,0,0,0,0,0,0,0
готовий,0,1,0,0,0,0,0,0,0,0
підтвердити,0,0,0,0,0,0,1,0,0,0
реагент,0,0,0,0,0,0,0,0,0,0
справжній,0,0,0,0,0,0,1,0,0,1
реалізм,0,0,0,0,0,0,0,0,0,0
реалістичний,0,0,0,0,0,0,0,0,0,0
реальність,0,0,0,0,0,0,0,0,0,0
сфера,0,0,0,0,0,0,0,0,0,0
нерухомість,0,0,0,0,0,0,0,0,0,0
пачка,0,0,0,0,0,0,0,0,0,0
жати,0,0,0,0,0,0,0,0,0,0
з'являтися знову,0,0,0,0,0,0,0,0,1,0
задній,0,0,0,0,0,1,0,0,0,0
переставити,0,0,0,0,0,0,0,0,0,0
перестановка,0,0,0,0,0,0,0,0,0,0
причина,0,0,0,0,0,0,1,0,0,0
розумність,0,0,0,0,0,0,0,0,0,0
міркування,0,0,0,0,0,0,0,0,0,0
причини,0,0,0,0,0,0,0,0,0,0
знову зібрати,0,0,0,0,0,0,0,0,0,0
заспокоєння,0,0,0,0,0,0,1,0,0,1
заспокоїти,0,0,0,0,0,0,1,0,0,1
заспокоєний,0,0,0,0,0,0,0,0,0,0
заспокоює,0,0,0,0,0,0,0,0,0,0
знижка,0,0,0,0,0,0,1,0,0,0
повстанець,1,0,0,1,0,1,0,0,0,0
повстання,1,0,1,1,0,0,0,0,0,0
відроджений,0,0,0,0,0,0,0,0,0,0
відскок,0,0,0,0,0,0,0,0,0,0
перебудувати,0,0,0,0,0,0,0,0,0,0
докір,0,0,0,0,0,1,0,0,0,0
спростувати,0,0,0,0,0,1,0,0,0,0
непокірний,1,0,1,0,0,1,0,0,0,0
відкликати,0,0,0,0,0,0,0,0,0,0
переробити,0,0,0,0,0,0,1,0,0,0
відступати,0,0,0,0,0,0,0,0,0,0
відступаючи,0,0,0,0,0,0,0,0,0,0
квитанція,0,0,0,0,0,0,0,0,0,0
надходження,0,0,0,0,0,0,0,0,0,0
отримано,0,0,0,0,0,0,1,0,0,0
приймач,0,0,0,0,0,0,0,0,0,0
отримання,0,1,0,0,1,0,1,0,1,0
останній,0,0,0,0,0,0,0,0,0,0
ємність,0,0,0,0,0,0,0,0,0,0
прийом,0,0,0,0,0,0,0,0,0,0
поглиблення,0,0,0,0,0,0,0,0,0,0
поглиблення,0,0,0,1,0,0,0,0,0,0
рецесія,1,0,1,1,0,1,0,1,0,0
recherche,0,0,0,0,0,0,1,0,0,0
рецидивної злочинності,1,0,1,0,0,1,0,1,0,0
рецепт,0,0,0,0,0,0,0,0,0,0
одержувач,0,1,0,0,0,0,0,0,0,0
взаємний,0,0,0,0,0,0,0,0,0,0
відповідати взаємністю,0,0,0,0,0,0,1,0,0,0
взаємність,0,0,0,0,0,0,0,0,0,0
концерт,0,0,0,0,0,0,0,0,0,0
декламація,0,0,0,0,0,0,0,0,0,0
декламувати,0,0,0,0,0,0,0,0,0,0
безрозсудний,1,0,0,1,0,1,0,0,0,0
безрозсудність,1,0,1,1,0,1,0,0,1,0
розрахунок,0,0,0,0,0,0,0,0,0,0
рекультивація,0,0,0,0,0,0,1,0,0,0
відкидатися,0,0,0,0,0,0,1,0,0,1
самітник,0,0,0,0,0,0,0,0,0,0
визнання,0,0,0,0,0,0,0,0,0,0
впізнаваний,0,1,0,0,0,0,1,0,0,0
визнано,0,0,0,0,0,0,0,0,0,0
віддача,0,0,0,0,0,0,0,0,0,0
згадати,0,0,0,0,0,0,0,0,0,0
спогад,0,0,0,0,0,0,0,0,0,0
рекомбінантний,0,0,0,0,0,0,0,0,0,0
рекомбінація,0,1,0,0,0,0,0,0,0,0
рекомендую,0,0,0,0,0,0,1,0,0,1
рекомендація,0,0,0,0,0,0,0,0,0,0
компенсація,0,0,0,0,0,0,0,0,0,0
примиритися,0,0,0,0,0,0,0,0,0,0
примирення,0,1,0,0,1,0,1,0,0,1
розвідка,0,0,0,0,0,0,0,0,0,0
переглянути,0,0,0,0,0,0,0,0,0,0
повторний розгляд,0,0,0,0,0,0,1,0,0,1
відновлення,0,0,0,0,0,0,0,0,0,0
реконструювати,0,1,0,0,0,0,1,0,0,0
реконструкція,0,1,0,0,0,0,1,0,0,0
запис,0,0,0,0,0,0,0,0,0,0
диктофон,0,0,0,0,0,0,1,0,0,0
запис,0,0,0,0,0,0,0,0,0,0
перерахувати,0,0,0,0,0,0,0,0,0,0
окупитися,0,0,0,0,0,0,1,0,0,0
регрес,0,0,0,0,0,0,0,0,0,0
підлягає відновленню,0,0,0,0,0,0,0,0,0,0
відновлення,0,0,0,0,0,0,1,0,0,0
відпочинок,0,1,0,0,1,0,1,0,0,0
рекреаційний,0,1,0,0,1,0,1,0,0,0
вербувати,0,0,0,0,0,0,0,0,0,0
вербування,0,0,0,0,0,0,0,0,0,0
призовників,0,0,0,0,0,0,0,0,0,1
прямокутник,0,0,0,0,0,0,0,0,0,0
прямокутний,0,0,0,0,0,0,0,0,0,0
виправлення,0,0,0,0,0,0,0,0,0,0
виправити,0,0,0,0,0,0,1,0,0,0
ректора,0,0,0,0,0,0,0,0,0,0
ректорат,0,0,0,0,0,0,0,0,0,0
лежачий,0,0,0,0,0,0,0,0,0,0
одужання,0,0,0,0,0,0,0,0,0,0
повторюватися,0,0,0,0,0,0,0,0,0,0
рецидив,0,0,0,0,0,0,0,0,0,0
рецидивуючий,0,1,0,0,0,0,0,0,0,0
повторювані,0,0,0,0,0,0,0,0,0,0
рекурсія,0,0,0,0,0,0,0,0,0,0
рекурсивний,0,0,0,0,0,0,0,0,0,0
рекурсивно,0,0,0,0,0,0,0,0,0,0
червоний,0,0,0,0,0,0,0,0,0,0
червонуватий,0,0,0,0,0,0,0,0,0,0
викуп,0,0,0,0,0,0,1,0,0,0
почервоніння,0,0,0,0,0,0,0,0,0,0
відшкодування,0,0,0,0,0,0,1,0,0,0
зменшений,0,0,0,0,0,0,0,0,0,0
скорочення,0,0,0,0,0,0,0,0,0,0
надмірність,0,0,0,0,0,0,0,0,0,0
надлишковий,0,0,0,0,0,1,0,0,0,0
очерет,0,0,0,0,0,0,0,0,0,0
риф,0,0,0,0,0,0,0,0,0,0
рифи,0,0,0,0,0,0,0,0,0,0
котушка,0,0,0,0,0,0,0,0,0,0
відновити,0,0,0,0,0,0,0,0,0,0
арбітр,0,0,0,0,0,0,0,0,0,1
посилання,0,0,0,0,0,0,0,0,0,0
референдум,0,0,0,0,0,0,0,0,0,0
доопрацювати,0,0,0,0,0,0,1,0,0,0
уточнення,0,0,0,0,0,0,1,0,0,0
нафтопереробний завод,0,0,0,0,0,0,0,0,0,0
рафінування,0,0,0,0,0,0,0,0,0,0
ремонтувати,0,0,0,0,0,0,0,0,0,0
відображати,0,0,0,0,0,0,0,0,0,0
відображаючи,0,0,0,0,0,0,0,0,0,0
рефлексія,0,0,0,0,0,0,0,0,0,0
світловідбиваючий,0,0,0,0,0,0,0,0,0,0
рефлектор,0,0,0,0,0,0,0,0,0,0
рефлекс,0,0,0,0,0,0,0,0,1,0
рефлюкс,0,0,1,0,0,1,0,0,0,0
реформа,0,0,0,0,0,0,1,0,0,0
реформування,0,0,0,0,0,0,1,0,0,0
реформатор,0,0,0,0,0,0,1,0,0,0
заломлення,0,0,0,0,0,0,0,0,0,0
рефрактор,0,0,0,0,0,0,0,0,0,0
тугоплавкий,0,0,0,0,0,1,0,0,0,0
рефрен,0,0,0,0,0,0,0,0,0,0
утримуючись,0,0,0,0,0,0,0,0,0,0
освіжаючий,0,0,0,0,0,0,1,0,0,0
поставити в холодильник,0,0,0,0,0,0,0,0,0,0
охолодження,0,0,0,0,0,0,0,0,0,0
холодильник,0,0,0,0,0,0,0,0,0,0
притулок,0,0,0,0,0,0,0,0,0,0
біженець,0,0,0,0,0,0,0,1,0,0
відшкодування,0,0,0,0,0,0,0,0,0,0
відремонтувати,0,0,0,0,0,0,1,0,0,0
відмова,0,0,0,0,0,1,0,0,0,0
відмовити,0,0,0,0,0,1,0,0,0,0
відмовився,0,0,0,0,0,1,0,1,0,0
відмовляючись,0,0,0,0,0,0,0,0,0,0
спростування,0,0,0,1,0,0,0,0,0,0
спростовувати,0,0,0,0,0,0,0,0,0,0
відновити,0,0,0,0,0,0,0,0,0,0
королівський,0,0,0,0,0,0,1,0,0,1
регалії,0,0,0,0,0,0,0,0,0,0
регата,0,1,0,0,0,0,0,0,0,0
регентство,0,0,0,0,0,0,0,0,0,0
регенерувати,0,0,0,0,0,0,0,0,0,0
регенерація,0,0,0,0,0,0,0,0,0,0
регент,0,0,0,0,0,0,1,0,0,1
режим,0,0,0,0,0,0,0,0,0,0
режим,0,0,0,0,0,0,0,0,0,0
полк,0,0,0,1,0,0,0,0,0,0
область,0,0,0,0,0,0,0,0,0,0
регіональний,0,0,0,0,0,0,0,0,0,0
регіоналізм,0,0,0,0,0,0,0,0,0,0
зареєструватися,0,0,0,0,0,0,0,0,0,0
реєстратор,0,0,0,0,0,0,0,0,0,0
реєстрація,0,0,0,0,0,0,0,0,0,0
реєстр,0,0,0,0,0,0,0,0,0,1
регрес,0,0,0,0,0,1,0,0,0,0
регресія,0,0,0,0,0,1,0,0,0,0
регресивний,0,0,0,0,0,1,1,0,0,0
жаль,0,0,0,0,0,1,0,1,0,0
прикро,0,0,0,0,0,1,0,1,0,0
пошкодував,0,0,0,0,0,1,0,1,0,0
шкодуючи,0,0,0,0,0,1,0,1,0,0
регулярний,0,0,0,0,0,0,0,0,0,0
регулярність,0,1,0,0,0,0,1,0,0,1
завсідники,0,0,0,0,0,0,0,0,0,0
регулювати,0,0,0,0,0,0,1,0,0,0
регульовані,0,0,0,0,0,0,0,0,0,0
регулювання,0,0,0,0,0,0,0,0,0,0
нормативний,0,0,0,1,0,1,0,0,0,0
регургітація,0,0,1,0,0,0,0,0,0,0
реабілітувати,0,0,0,0,0,0,1,0,0,0
реабілітація,0,1,0,0,0,0,1,0,0,0
репетиція,0,0,0,0,0,0,0,0,0,0
правління,0,0,0,0,0,0,0,0,0,0
відшкодувати,0,0,0,0,0,0,1,0,0,0
відшкодування,0,0,0,0,0,0,1,0,0,1
поводи,0,0,0,0,0,1,0,0,0,0
північний олень,0,0,0,0,0,0,0,0,0,0
зміцнювати,0,0,0,0,0,0,0,0,0,0
армування,0,0,0,0,0,0,1,0,0,1
підкріплення,0,0,0,0,0,0,0,0,0,1
поводи,0,0,0,0,0,0,0,0,0,0
перевстановити,0,0,0,0,0,0,0,0,0,0
відновити,0,0,0,0,0,0,1,0,0,0
поновлення на роботі,0,0,0,0,0,0,0,0,0,0
реінвестувати,0,0,0,0,0,0,0,0,0,0
реінвестування,0,0,0,0,0,0,0,0,0,0
повторити,0,0,0,0,0,0,0,0,0,0
відхилити,1,0,0,1,0,1,0,1,0,0
відхилено,0,0,0,0,0,1,0,0,0,0
відмова,1,0,1,1,0,1,0,1,0,0
відхиляє,1,0,0,1,0,1,0,1,0,0
радіти,0,1,0,0,1,0,1,0,1,1
радіючи,0,1,0,0,1,0,1,0,1,0
знову приєднатися,0,0,0,0,0,0,0,0,0,0
омолодити,0,0,0,0,0,0,1,0,0,0
помолодшав,0,0,0,0,0,0,1,0,0,0
запалити знову,0,1,0,1,1,1,1,0,1,0
рецидив,0,0,0,1,0,1,0,1,0,0
стосуватися,0,0,0,0,0,0,0,0,0,0
пов'язані,0,0,0,0,0,0,0,0,0,1
відношення,0,0,0,0,0,0,0,0,0,0
відносини,0,0,0,0,0,0,0,0,0,0
відносний,0,0,0,0,0,0,0,0,0,1
відносність,0,0,0,0,0,0,0,0,0,0
релаксант,0,0,0,0,0,0,0,0,0,0
розслаблення,0,0,0,0,0,0,1,0,0,0
розслаблений,0,0,0,0,0,0,0,0,0,0
реле,0,0,0,0,0,0,0,0,0,0
реліз,0,0,0,0,0,0,0,0,0,0
звільнений,0,0,0,0,0,0,0,0,0,0
пониження,0,0,0,0,0,1,0,0,0,0
релевантність,0,0,0,0,0,0,0,0,0,0
актуальні,0,0,0,0,0,0,1,0,0,1
надійність,0,0,0,0,0,0,1,0,0,1
надійний,0,0,0,0,0,0,1,0,0,1
опора,0,0,0,0,0,0,1,0,0,1
реліквія,0,0,0,0,0,0,0,0,0,0
реліквії,0,0,0,0,0,0,0,1,0,0
полегшення,0,0,0,0,0,0,1,0,0,0
полегшує,0,0,0,0,0,0,1,0,0,0
релігія,0,0,0,0,0,0,0,0,0,1
релігійний,0,0,0,0,0,0,0,0,0,0
відмовлятися,0,0,0,0,0,1,0,0,0,0
смакувати,0,0,0,0,0,0,0,0,0,0
небажання,0,0,0,0,0,0,0,0,0,0
неохоче,0,0,0,1,0,1,0,0,0,0
залишок,0,0,0,0,0,0,0,0,0,0
залишилося,0,0,0,0,0,0,0,0,0,0
залишається,0,0,1,1,0,1,1,0,0,1
ремейк,0,0,0,0,0,0,1,0,0,0
запобіжний захід,1,0,0,0,0,1,0,0,0,0
зауваження,0,0,0,0,0,0,0,0,0,0
чудовий,0,0,0,0,1,0,1,0,1,1
чудово,0,0,0,0,0,0,1,0,0,0
виправний,0,0,0,0,0,1,0,0,0,0
засіб правового захисту,0,1,0,0,1,0,1,0,0,1
запам'ятати,0,0,0,0,0,0,0,0,0,0
запам'ятав,0,0,0,0,0,0,0,0,0,0
пам'ятаючи,0,0,0,0,0,0,0,0,0,0
пам'ять,0,0,0,0,0,0,0,0,0,0
нагадати,0,0,0,0,0,0,0,0,0,0
нагадування,0,0,0,0,0,0,0,0,0,0
недопустимість,1,0,1,0,0,1,0,1,0,0
ремісія,0,0,0,0,0,0,1,0,0,0
реміт,0,0,0,0,0,0,0,0,0,0
грошовий переказ,0,0,0,0,0,0,0,0,0,0
залишок,0,0,0,0,0,0,0,0,0,0
реконструювати,0,0,0,0,0,0,1,0,0,0
каяття,0,0,0,0,0,1,0,1,0,0
дистанційний,0,0,0,0,0,0,0,0,0,0
віддаленість,0,0,0,0,0,0,0,0,0,0
видалення,0,0,0,0,0,1,0,0,0,0
видалити,1,0,0,1,0,1,0,1,0,0
винагорода,0,0,0,0,0,0,0,0,0,0
ренесанс,0,0,0,0,0,0,1,0,0,0
rencontre,0,0,0,0,0,1,0,0,0,0
розірвати,0,0,0,0,0,1,0,0,0,0
рендерити,0,0,0,0,0,0,1,0,0,0
візуалізація,0,0,0,0,0,0,0,0,0,0
рандеву,0,0,0,0,0,0,0,0,0,0
відтворення,0,0,0,0,0,0,0,0,0,0
ренегат,1,0,0,0,0,1,0,0,0,0
поновлення,0,0,0,0,0,0,1,0,0,0
відмовлятися,1,0,0,0,0,1,0,0,0,0
ремонтувати,0,1,0,0,0,0,1,0,0,0
відремонтовано,0,0,0,0,0,0,0,0,0,0
ремонт,0,1,0,0,1,0,1,0,0,0
відомість,0,0,0,0,0,0,1,0,0,0
відомий,0,0,0,0,0,0,1,0,0,0
орендна плата,0,0,0,0,0,0,0,0,0,0
прокат,0,0,0,0,0,0,0,0,0,0
орендар,0,0,0,0,0,0,0,0,0,0
зречення,0,0,0,0,0,1,0,0,0,0
реорганізація,0,0,0,0,0,0,0,0,0,0
реорганізувати,0,0,0,0,0,0,1,0,0,0
ремонт,0,0,0,0,0,0,0,0,0,0
відшкодування,0,0,0,0,0,0,1,0,0,1
погасити,1,1,0,0,1,0,1,0,0,1
погашення,0,0,0,0,0,0,0,0,0,0
скасувати,0,0,0,0,0,0,0,0,0,0
повторити,0,0,0,0,0,0,0,0,0,0
повторюється,0,0,0,0,0,0,0,0,0,0
неодноразово,0,0,0,0,0,0,0,0,0,0
повторювач,0,0,0,0,0,0,0,0,0,0
репелент,0,0,1,1,0,1,0,0,0,0
репелент,1,0,1,1,0,1,0,0,0,0
відштовхуючий,0,0,1,0,0,1,0,0,0,0
каятися,0,0,0,1,0,0,1,0,0,0
каяття,0,0,0,0,0,0,0,0,0,0
репертуар,0,0,0,0,0,0,0,0,0,0
репертуар,0,0,0,0,0,0,0,0,0,0
повторення,0,0,0,0,0,0,0,0,0,0
замінити,0,0,0,0,0,0,0,0,0,0
заміна,0,0,0,0,0,0,0,0,0,0
поповнити,0,0,0,0,0,0,1,0,0,0
повний,0,0,0,0,0,0,1,0,0,0
тиражування,0,0,0,0,0,0,0,0,0,0
відповісти,0,0,0,0,0,0,0,0,0,0
звіт,0,0,0,0,0,0,0,0,0,0
повідомили,0,0,0,0,0,0,0,0,0,0
репортер,0,0,0,0,0,0,1,0,0,1
спокій,0,0,0,0,0,0,1,0,0,0
репозиція,0,0,0,0,0,0,0,0,0,0
сховище,0,0,0,0,0,0,0,0,0,0
представництво,0,0,0,0,0,0,0,0,0,0
представник,0,0,0,0,0,0,0,0,0,0
представлений,0,0,0,0,0,0,1,0,0,0
представляючи,0,1,0,0,0,0,0,0,0,0
репресувати,0,0,0,0,0,1,0,1,0,0
репресований,0,0,0,0,0,0,0,0,0,0
репресії,0,0,0,1,0,1,0,0,0,0
відстрочка,0,0,0,0,0,0,0,0,0,0
догана,1,0,0,0,0,1,0,0,0,0
перевидання,0,0,0,0,0,1,0,0,0,0
репресії,1,0,0,1,0,1,0,1,0,0
реприза,0,0,0,0,0,0,0,0,0,0
докор,1,0,1,0,0,1,0,1,0,0
відтворювати,0,0,0,0,0,0,0,0,0,0
відтворення,0,0,0,0,0,0,0,0,0,0
репродуктивний,0,0,0,0,1,0,1,0,0,0
рептилія,0,0,0,0,0,0,0,0,0,0
республіка,0,0,0,0,0,1,0,0,0,0
республіканський,0,0,0,0,0,0,0,0,0,0
відмова,1,0,1,0,0,1,0,0,0,0
відштовхування,0,0,1,1,0,1,0,0,0,0
викуп,0,0,0,0,0,0,0,0,0,0
авторитетний,0,0,0,0,0,0,1,0,0,1
репутація,0,0,0,0,0,0,0,0,0,0
репутація,0,0,0,0,0,0,0,0,0,0
запит,0,0,0,0,0,0,0,0,0,0
реквієм,0,0,0,0,0,0,0,1,0,0
вимагається,0,0,0,0,0,0,0,0,0,0
вимога,0,0,0,0,0,0,0,0,0,0
необхідний,0,0,0,0,0,0,0,0,0,0
реквізиція,0,0,0,0,0,0,0,0,0,0
скасувати,0,0,0,0,0,1,0,0,0,0
анулювання,0,0,0,0,0,1,0,0,0,0
порятунок,0,1,0,0,1,0,1,0,1,1
дослідження,0,0,0,0,0,0,0,0,0,0
резекція,0,0,0,1,0,0,0,0,0,0
схожість,0,0,0,0,0,0,0,0,0,0
нагадувати,0,0,0,0,0,0,0,0,0,0
схожий,0,0,0,0,0,0,0,0,0,0
обурюватися,1,0,0,0,0,1,0,0,0,0
обурений,1,0,0,0,0,1,0,0,0,0
образа,1,0,1,0,0,1,0,1,0,0
бронювання,0,0,0,0,0,0,0,0,0,0
резерв,0,0,0,0,0,0,1,0,0,0
зарезервований,0,0,0,0,0,0,0,0,0,0
резервів,0,0,0,0,0,0,0,0,0,0
водосховище,0,0,0,0,0,0,0,0,0,0
проживати,0,0,0,0,0,0,0,0,0,0
місце проживання,0,0,0,0,0,0,0,0,0,0
резиденції,0,0,0,0,0,0,0,0,0,0
резидент,0,0,0,0,0,0,1,0,0,0
залишковий,0,0,0,0,0,0,0,0,0,0
залишок,0,0,0,0,0,0,0,0,0,0
піти у відставку,1,0,1,1,0,1,0,1,0,0
відставка,0,0,0,0,0,1,0,1,1,0
подав у відставку,0,0,0,0,0,1,0,1,0,0
стійкість,0,0,0,0,0,0,0,0,0,0
пружний,0,0,0,0,0,0,1,0,0,0
смола,0,0,0,0,0,0,0,0,0,0
чинити опір,0,0,0,0,0,1,0,0,0,0
опір,1,0,0,0,0,1,0,0,0,0
стійкий,0,0,0,1,0,1,0,0,0,0
опираючись,1,0,0,1,0,1,0,1,0,0
резистивний,0,0,0,0,0,0,1,0,0,0
рішучий,0,0,0,0,0,0,0,0,0,0
рішуче,0,0,0,0,0,0,1,0,0,0
дозвіл,0,0,0,0,0,0,0,0,0,0
вирішити,0,0,0,0,0,0,0,0,0,0
вирішено,0,0,0,0,0,0,0,0,0,0
резонанс,0,0,0,0,0,0,0,0,0,0
резонансний,0,0,0,0,0,0,0,0,0,0
резонувати,0,0,0,0,0,0,0,0,0,0
резонатор,0,0,0,0,0,0,0,0,0,0
курорт,0,0,0,0,0,0,0,0,0,0
дзвінкий,0,0,0,0,0,0,0,0,0,0
ресурси,0,0,0,0,1,0,1,0,0,1
повага,0,1,0,0,1,0,1,0,0,1
респектабельність,0,0,0,0,0,0,1,0,0,0
респектабельний,0,0,0,0,0,0,1,0,0,1
шанований,0,0,0,0,0,0,0,0,0,0
поважний,0,0,0,0,0,0,1,0,0,1
поважаючи,0,0,0,0,0,0,1,0,0,0
відповідний,0,0,0,0,0,0,0,0,0,0
поважає,0,0,0,0,0,0,1,0,0,1
дихання,0,0,0,0,0,0,0,0,0,0
респіратор,0,0,0,0,0,0,0,0,0,0
перепочинок,0,0,0,0,1,0,1,0,0,1
блискучий,0,0,0,0,1,0,1,0,0,0
відповісти,0,0,0,0,0,0,0,0,0,0
респондент,0,0,0,0,0,0,0,0,0,0
відповідь,0,0,0,0,0,0,0,0,0,0
відповідальність,0,0,0,0,0,0,0,0,0,0
відповідальний,0,0,0,0,0,0,1,0,0,1
чуйний,0,1,0,0,0,0,1,0,0,1
відпочинок,0,0,0,0,0,0,1,0,0,0
ресторан,0,0,0,0,0,0,0,0,0,0
спокійний,0,0,0,0,0,0,1,0,0,0
реституція,1,0,0,0,0,0,1,0,0,0
непосидючість,0,1,0,0,0,0,0,0,0,0
відновлення,0,0,0,0,0,0,0,0,0,0
відновний,0,1,0,0,1,0,1,0,0,1
відновлено,0,0,0,0,0,0,0,0,0,0
відновлення,0,0,0,0,0,0,1,0,0,0
стримувати,1,0,0,1,0,1,0,0,0,0
стриманий,0,0,0,1,0,0,0,0,0,0
стриманість,0,0,0,0,0,0,1,0,0,0
обмежувати,0,0,0,0,0,1,0,1,0,0
обмежений,0,0,0,0,0,0,0,0,0,0
обмеження,1,0,0,1,0,1,0,1,0,0
обмежувальний,0,0,0,0,0,1,0,0,0,0
результат,0,1,0,0,0,0,0,0,0,0
результуючий,0,1,0,0,0,0,0,0,0,0
відновлення,0,0,0,0,0,0,1,0,0,0
воскресіння,0,0,0,0,0,0,0,0,0,0
реанімація,0,0,0,0,0,0,0,0,0,0
роздрібна торгівля,0,0,0,0,0,0,0,0,0,0
роздрібний продавець,0,0,0,0,0,0,0,0,0,0
зберегти,0,0,0,0,0,0,0,0,0,1
зберігаючи,0,0,0,0,0,0,0,0,0,0
повторити,0,0,0,0,0,0,0,0,0,0
мстити,1,0,0,0,0,1,0,0,0,0
відплата,1,0,0,1,0,1,0,0,0,0
відплатний,1,0,0,0,0,1,0,0,0,0
відсталий,0,0,1,1,0,1,0,1,0,0
загальмованість,0,0,0,0,0,1,0,0,0,0
утримання,0,0,0,0,0,0,1,0,0,0
ретенційний,0,0,0,0,0,0,0,0,0,0
небагатослівний,0,0,0,1,0,1,0,0,0,0
сітківка,0,0,0,0,0,0,0,0,0,0
на пенсії,0,0,0,0,0,0,0,0,0,0
вихід на пенсію,0,1,0,1,1,1,1,1,0,1
виходячи на пенсію,0,0,0,0,0,0,0,0,0,0
переказав,0,0,0,0,0,0,0,0,0,0
репліка,0,0,0,0,0,1,0,0,0,0
відстежити,0,0,0,0,0,0,0,0,0,0
втягуватися,1,0,0,0,0,1,0,0,0,0
ретракція,0,0,0,0,0,1,0,0,0,0
скорочення,0,0,0,1,0,1,0,0,0,0
відплата,1,0,0,1,0,1,0,1,0,0
пошук,0,0,0,0,0,0,0,0,0,0
отримати,0,0,0,0,0,0,0,0,0,0
ретривер,0,0,0,0,0,0,0,0,0,0
зворотню силу,0,0,0,0,0,0,0,0,0,0
ретроградний,0,0,0,0,0,1,0,0,0,0
ретроспектива,0,0,0,0,0,0,0,0,0,0
ретроспектива,0,0,0,0,0,0,0,0,0,0
ретроспективно,0,0,0,0,0,0,0,0,0,0
повернення,0,0,0,0,0,0,0,0,0,0
возз'єднання,0,1,0,0,0,0,1,0,0,1
розкрити,0,0,0,0,0,0,0,0,0,0
гуляти,0,0,0,0,1,0,1,0,0,0
одкровення,0,0,0,0,0,0,0,0,0,0
гулянки,0,0,0,0,1,0,1,0,0,0
помста,1,1,0,1,0,1,0,0,1,0
дохід,0,0,0,0,0,0,0,0,0,0
реверберація,0,0,0,0,0,0,0,0,0,0
шанувати,0,1,0,0,1,0,1,0,0,1
благоговіння,0,0,0,0,1,0,1,0,0,1
преподобний,0,0,0,0,1,0,1,0,0,0
благоговійний,0,0,0,0,0,0,0,0,0,0
замріяність,0,0,0,0,1,0,1,0,0,1
розворот,1,0,1,0,0,1,0,0,1,0
зворотний,0,0,0,0,0,0,0,0,0,0
реверсія,0,0,0,0,0,0,0,0,0,0
повернути,0,0,0,0,0,0,0,0,0,0
повертаючись,0,0,0,0,0,0,0,0,0,0
огляд,0,0,0,0,0,0,0,0,0,0
рецензент,0,0,0,0,0,0,0,0,0,0
переглянути,0,0,0,0,0,0,1,0,0,0
перегляд,0,0,0,0,0,0,0,0,0,0
переглянути,0,0,0,0,0,0,0,0,0,0
відродження,0,1,0,0,1,0,1,0,0,1
оживити,0,1,0,0,0,1,1,0,0,0
відкликання,0,0,0,0,0,1,0,0,0,0
відкликати,1,0,1,1,0,1,0,1,0,0
повстання,1,0,0,0,0,1,0,0,1,0
огидний,1,0,1,1,0,1,0,0,0,0
революція,1,1,0,1,0,1,1,1,1,0
революційний,0,0,0,0,0,0,1,0,0,0
революціонізувати,0,0,0,0,0,0,0,0,0,0
обертатися,0,0,0,0,0,0,0,0,0,0
револьвер,1,0,0,1,0,1,0,1,0,0
відраза,1,0,1,1,0,1,0,0,0,0
нагорода,0,1,0,0,1,0,1,0,1,1
риторика,0,0,0,0,0,0,0,0,0,0
риторичні,0,0,0,0,0,0,0,0,0,0
ревматизм,1,0,0,1,0,1,0,1,0,0
рима,0,0,0,0,0,0,0,0,0,0
римування,0,0,0,0,0,0,0,0,0,0
ритм,0,0,0,0,0,0,1,0,0,0
ритмічний,0,0,0,0,1,0,1,0,1,0
ребро,0,0,0,0,0,0,0,0,0,0
ребристий,0,0,0,0,0,0,0,0,0,0
стрічка,1,1,0,0,1,0,1,0,0,0
рис,0,0,0,0,0,0,0,0,0,0
багатство,0,0,0,0,0,0,0,0,0,0
багатство,0,0,0,0,0,0,1,0,0,0
Рік,0,0,0,0,0,0,0,0,0,0
рахітичний,0,0,0,0,0,1,0,0,0,0
позбутися,0,0,0,0,0,0,0,0,0,0
позбавлення,0,0,0,0,0,0,0,0,0,0
загадка,0,0,0,0,0,0,0,0,1,0
пронизаний,0,0,0,0,0,1,0,0,0,0
їздити,0,0,0,0,0,0,0,0,0,0
вершник,0,0,0,0,0,0,1,0,0,0
хребет,0,0,0,0,0,0,0,0,0,0
глузування,1,0,1,0,0,1,0,1,0,0
смішно,1,0,1,0,0,1,0,0,0,0
верхова їзда,0,0,0,0,0,0,0,0,0,0
поширений,0,0,0,0,0,1,0,0,0,0
гвинтівка,1,0,0,1,0,1,0,0,0,0
гвинтівки,0,0,0,0,0,0,0,0,0,0
тріщина,0,0,0,0,0,1,0,0,0,0
бурова установка,0,0,0,0,0,0,0,0,0,0
такелаж,0,0,0,0,0,0,0,0,0,0
праведний,0,0,0,0,0,0,1,0,0,0
правомірно,0,0,0,0,0,0,1,0,0,0
справедливо,0,0,0,0,0,0,1,0,0,0
жорсткий,0,0,0,0,0,1,0,0,0,0
жорсткість,0,0,0,0,0,1,0,0,0,0
строгість,0,0,1,1,0,1,0,0,0,0
суворий,0,0,0,0,0,1,0,0,0,0
обід,0,0,0,0,0,0,0,0,0,0
шкірка,0,0,0,0,0,0,0,0,0,0
кільце,0,0,0,0,0,0,0,0,0,0
дзвінок,1,0,0,0,0,1,0,0,0,0
дзвін,0,0,0,0,0,0,0,0,0,0
каток,0,0,0,0,0,0,0,0,0,0
полоскати,0,0,0,0,0,0,0,0,0,0
бунт,1,0,0,1,0,1,0,0,0,0
буйний,1,0,0,1,0,1,0,0,1,0
прибережний,0,0,0,0,0,0,0,0,0,0
стиглий,0,0,0,0,0,0,1,0,0,0
дозрівають,0,1,0,0,0,0,1,0,0,0
дозрівання,0,0,0,0,0,0,0,0,0,0
хвилі,0,0,0,0,0,0,0,0,0,0
підніматися,0,0,0,0,0,0,0,0,0,0
піднімаючись,0,1,0,0,1,0,1,0,0,0
ризик,0,1,0,1,0,1,0,0,0,0
ризиковано,0,1,0,1,0,1,0,0,0,0
обряд,0,0,0,0,0,0,0,0,0,0
ритуал,0,0,0,0,0,0,0,0,0,0
ритуальні,0,0,0,0,0,0,0,0,0,0
суперник,0,0,0,0,0,0,0,0,0,0
суперництво,1,0,0,0,0,1,0,0,0,0
річка,0,0,0,0,0,0,0,0,0,0
берег річки,0,0,0,0,0,0,0,0,0,0
заклепка,0,0,0,0,0,0,0,0,0,0
клепаний,0,0,0,0,0,0,0,0,0,0
клепка,0,0,0,0,0,0,1,0,0,0
дорога,0,0,0,0,0,0,0,0,0,0
дороги,0,0,0,0,0,0,0,0,0,0
родстер,0,0,0,0,1,0,1,0,0,1
проїзна частина,0,0,0,0,0,0,0,0,0,0
блукати,0,0,0,0,0,0,0,0,0,0
рев,0,0,0,0,0,0,0,0,0,0
печеня,0,0,0,0,0,0,0,0,0,0
грабувати,1,0,1,1,0,1,0,1,0,0
грабіжник,0,0,1,1,0,1,0,0,0,0
пограбування,1,0,1,1,0,1,0,1,0,0
халат,0,0,0,0,0,0,0,0,0,0
робот,0,0,0,0,0,0,0,0,0,0
робототехніка,0,0,0,0,0,0,0,0,0,0
надійний,0,0,0,0,0,0,1,0,0,0
Рок,0,0,0,0,0,0,0,0,0,0
рок,0,0,0,0,0,0,1,0,0,0
ракета,1,0,0,0,0,0,0,0,0,0
породи,0,0,0,0,0,0,0,0,0,0
стрижень,0,0,0,1,0,0,1,0,0,1
косуля,0,0,0,0,0,0,0,0,0,0
шахрай,0,0,1,0,0,1,0,0,0,0
роль,0,0,0,0,0,0,0,0,0,0
рол,0,0,0,0,0,0,0,0,0,0
валик,0,0,0,0,0,0,0,0,0,0
ролики,0,0,0,0,0,0,0,0,0,0
веселий,0,0,0,0,1,0,1,0,0,0
прокатки,0,0,0,0,0,0,0,0,0,0
романтика,0,1,0,1,1,0,1,1,1,1
романтичний,0,1,0,0,1,0,1,0,0,1
романтизм,0,0,0,0,1,0,1,0,0,0
метушня,0,0,0,0,1,0,1,0,0,0
дах,0,0,0,0,0,0,0,0,0,0
тура,1,0,1,0,0,1,0,0,0,0
кімната,0,0,0,0,0,0,0,0,0,0
місткий,0,0,0,0,0,0,0,0,0,0
лежбище,0,0,0,0,0,0,0,0,0,0
півень,0,0,0,0,0,0,0,0,0,0
корінь,0,0,0,0,0,0,0,0,0,0
вкорінений,0,0,0,0,0,0,1,0,0,1
мотузка,0,0,0,0,0,0,0,0,0,0
чотки,0,0,0,0,0,0,0,0,0,0
троянда,0,0,0,0,0,0,0,0,0,0
розмарин,0,0,0,0,0,0,0,0,0,0
розетка,0,0,0,0,0,0,0,0,0,0
список,0,0,0,0,0,0,0,0,0,0
рожевий,0,0,0,0,0,0,1,0,0,0
гниль,0,0,1,1,0,1,0,1,0,0
рота,0,0,0,0,0,0,1,0,0,1
поворотний,0,0,0,0,0,0,0,0,0,0
обертати,0,0,0,0,0,0,0,0,0,0
обертання,0,0,0,0,0,0,0,0,0,0
запам'ятовувати,0,0,0,0,0,0,0,0,0,0
ротор,0,0,0,0,0,0,0,0,0,0
гниття,0,0,1,0,0,1,0,0,0,0
рум'яна,0,0,0,0,0,0,0,0,0,0
грубий,0,0,0,0,0,0,0,0,0,0
приблизно,0,0,0,0,0,0,0,0,0,0
шорсткість,0,0,0,0,0,1,0,0,0,0
рулетка,0,1,0,0,0,0,0,0,0,0
круглий,0,0,0,0,0,0,0,0,0,0
круговий рух,0,0,0,0,0,0,0,0,0,0
округлі,0,0,0,0,0,0,0,0,0,0
облава,0,0,0,0,0,0,0,0,0,0
будити,0,0,0,0,0,0,0,0,0,0
будильник,0,0,0,0,0,0,0,0,0,0
збудження,0,0,0,0,0,0,0,0,0,0
розгром,0,0,0,0,0,1,0,0,0,0
маршрут,0,0,0,0,0,0,0,0,0,0
рутина,0,0,0,0,0,0,1,0,0,1
марсохід,0,0,0,0,0,0,0,0,0,0
мандрівний,0,0,0,0,0,0,0,0,0,0
рядок,1,0,0,0,0,1,0,0,0,0
шумний,0,0,0,0,0,1,0,0,0,0
королівський,0,0,0,0,0,0,0,0,0,0
роялті,0,0,0,0,0,0,1,0,0,0
руб,0,0,0,0,0,0,0,0,0,0
гумовий,0,0,0,0,0,0,0,0,0,0
каучуки,0,0,0,0,0,0,0,0,0,0
розтирання,0,0,0,0,0,0,0,0,0,0
сміття,0,0,1,0,0,1,0,0,0,0
щебінь,0,0,0,1,0,1,0,1,0,0
рубрика,0,0,0,0,0,0,1,0,0,0
рубін,0,0,0,0,0,0,0,0,0,0
кермо,0,0,0,0,0,0,0,0,0,0
рум'яний,0,0,0,0,0,0,0,0,0,0
рудиментарний,0,0,0,0,0,0,0,0,0,0
зачатки,0,0,0,0,0,0,0,0,0,0
рута,0,0,0,0,0,1,0,1,0,0
йорж,0,0,0,0,0,0,0,0,0,0
волан,0,0,0,0,0,1,0,0,0,0
килимок,0,0,0,0,0,0,0,0,0,0
міцний,0,0,0,0,0,1,0,0,0,0
руїна,0,0,0,1,0,1,0,1,0,0
розорений,1,0,1,1,0,1,0,1,0,0
руйнівний,1,0,1,1,0,1,0,1,0,0
руїни,0,0,0,0,0,0,0,0,0,0
правило,0,0,0,1,0,0,0,0,0,1
лінійка,0,0,0,0,0,0,0,0,0,0
правляча,0,0,0,0,0,0,0,0,0,0
ром,0,0,0,0,0,0,0,0,0,0
гул,0,0,0,0,0,0,0,0,0,0
нишпорити,0,0,0,0,0,0,0,0,0,0
чутка,0,0,0,0,0,1,0,1,0,0
за чутками,0,0,0,0,0,0,0,0,0,0
огузок,0,0,0,0,0,0,0,0,0,0
втеча,0,0,0,0,0,1,0,1,0,0
руни,0,0,0,0,0,0,0,0,0,0
дзвоник,0,0,0,0,0,0,0,0,0,0
бігун,0,0,0,0,0,0,0,0,0,0
біг,0,0,0,0,0,0,0,0,0,0
злітно-посадкова смуга,0,0,0,0,0,0,0,0,0,0
розрив,0,0,0,1,0,1,0,1,1,0
сільський,0,0,0,0,0,0,0,0,0,0
хитрість,0,0,0,0,0,1,0,0,0,0
поспіх,0,0,0,0,0,0,0,0,0,0
іржа,0,0,0,0,0,1,0,0,0,0
сільський,0,0,0,0,0,0,0,0,0,0
шелест,0,0,0,0,0,0,0,0,0,0
іржавий,0,0,0,0,0,1,0,0,0,0
колія,0,0,0,0,0,0,0,0,0,0
Рут,0,0,0,0,0,0,1,0,0,0
безжальний,1,0,1,1,0,1,0,0,0,0
жито,0,0,0,0,0,0,0,0,0,0
шабля,1,0,0,1,0,1,0,0,0,0
соболь,0,0,0,0,0,0,0,0,0,0
саботаж,1,0,1,1,0,1,0,1,1,0
мішечок,0,0,0,0,0,0,0,0,0,0
мішок,0,0,0,0,0,0,0,0,0,0
причастя,0,0,0,0,0,0,0,0,0,0
священний,0,0,0,0,0,0,0,0,0,0
жертви,0,0,1,1,0,1,0,1,0,0
сідло,0,0,0,0,0,0,0,0,0,0
сумно,0,0,0,0,0,1,0,1,0,0
смуток,0,0,0,0,0,1,0,1,0,1
сейф,0,0,0,0,1,0,1,0,0,1
захист,0,0,0,0,0,0,1,0,0,1
відповідальне зберігання,0,0,0,0,0,0,0,0,0,1
безпеки,0,0,0,0,0,0,0,0,0,0
шафран,0,0,0,0,0,0,0,0,0,0
провисати,0,0,0,1,0,1,0,0,0,0
сага,0,0,0,0,0,0,0,0,0,0
шавлія,0,0,0,0,0,0,1,0,0,1
вітрило,0,0,0,0,0,0,0,0,0,0
вітрильний спорт,0,0,0,0,0,0,0,0,0,0
матрос,0,0,0,0,0,0,0,0,0,0
святий,0,1,0,0,1,0,1,0,1,1
святий,0,1,0,0,1,0,1,0,1,1
салат,0,0,0,0,0,0,0,0,0,0
саламандра,0,0,0,0,0,0,0,0,0,0
зарплата,0,1,0,0,1,0,1,0,0,1
продаж,0,0,0,0,0,0,0,0,0,0
продавець,0,0,0,0,0,0,0,0,0,0
помітний,0,0,0,0,0,0,1,0,0,0
фізіологічний розчин,0,0,0,0,0,0,0,0,0,0
слина,0,1,0,0,0,0,0,0,0,0
Саллі,0,0,0,0,0,0,0,0,1,0
салон,0,0,0,0,0,0,0,0,0,0
салон,1,0,0,0,0,0,0,0,0,0
сіль,0,0,0,0,0,0,0,0,0,0
солоний,0,0,0,0,0,0,0,0,0,0
рятівний,0,0,0,0,1,0,1,0,0,1
привітання,0,0,0,0,0,0,0,0,0,0
салют,0,0,0,0,1,0,1,0,0,0
порятунок,0,0,0,0,0,0,0,0,0,0
порятунок,0,1,0,0,1,0,1,0,0,1
мазь,0,0,0,0,0,0,1,0,0,0
самба,0,0,0,0,0,0,0,0,0,0
однаковість,0,0,0,0,0,0,0,0,0,0
самурай,0,0,0,1,0,0,1,0,0,0
освячення,0,0,0,0,1,0,1,0,0,1
освячений,0,0,0,0,0,0,0,0,0,0
освячувати,0,1,0,0,1,0,1,1,1,1
санкція,0,0,0,0,0,0,0,0,0,0
санкціонований,0,0,0,0,0,0,0,0,0,0
святість,0,0,0,0,0,0,0,0,0,0
святилище,0,1,0,0,1,0,1,0,0,1
пісок,0,0,0,0,0,0,0,0,0,0
босоніжки,0,0,0,0,0,0,0,0,0,0
шліфувальна машина,0,0,0,0,0,0,0,0,0,0
піски,0,0,0,0,0,0,0,0,0,0
піщаний,0,0,0,0,0,0,0,0,0,0
осудний,0,0,0,0,0,0,0,0,0,0
сангвінік,0,0,0,0,0,0,1,0,0,0
санітарний,0,0,0,0,0,0,1,0,0,0
осудність,0,0,0,0,0,0,0,0,0,0
sans,0,0,0,0,0,0,0,0,0,0
сік,0,0,0,0,0,1,0,1,0,0
сапфір,0,0,0,0,0,0,0,0,0,0
соковитий,0,0,0,0,0,0,0,0,0,1
сарказм,1,0,1,0,0,1,0,1,0,0
саркома,0,0,0,1,0,1,0,1,0,0
сардонічний,0,0,0,0,0,1,0,0,0,0
стулки,0,0,0,0,0,0,0,0,0,0
сатанинський,1,0,0,0,0,1,0,0,0,0
ранець,0,0,0,0,0,0,0,0,0,0
наситити,0,0,0,0,0,0,0,0,0,0
супутник,0,0,0,0,0,0,0,0,0,0
сатин,0,0,0,0,0,0,1,0,0,0
сатира,0,0,0,0,0,0,0,0,0,0
сатиричний,0,0,0,0,0,0,0,0,0,0
задоволення,0,0,0,0,0,0,0,0,0,0
задовільно,0,0,0,0,0,0,1,0,0,0
задоволений,0,0,0,0,1,0,1,0,0,0
насичувати,0,0,0,0,0,0,0,0,0,0
насичений,0,0,1,0,0,1,0,0,0,0
насиченість,0,0,0,0,0,0,0,0,0,0
соус,0,0,0,0,0,0,0,0,0,0
каструля,0,0,0,0,0,0,0,0,0,0
блюдце,0,0,0,0,0,0,0,0,0,0
зухвалий,0,0,0,0,0,0,0,0,0,0
квашена капуста,0,0,0,0,0,0,0,0,0,0
сауна,0,0,0,0,0,0,0,0,0,0
дикий,1,0,0,1,0,1,0,0,0,0
дикість,1,0,0,1,0,1,0,0,0,0
савана,0,0,0,0,0,0,0,0,0,0
зберегти,0,0,0,0,1,0,1,0,0,1
збереження,0,0,0,0,0,0,0,0,0,0
заощадження,0,0,0,0,0,0,1,0,0,0
смакувати,0,1,1,0,1,0,1,1,0,1
чабер,0,0,0,0,0,0,1,0,0,0
підкований,0,0,0,0,0,0,1,0,0,0
тирсу,0,0,0,0,0,0,0,0,0,0
саксофон,0,0,0,0,0,0,0,0,0,0
саксофон,0,0,0,0,0,0,0,0,0,0
парша,0,0,0,0,0,1,0,0,0,0
піхви,0,0,0,0,0,0,0,0,0,0
ешафот,0,0,0,1,0,1,0,0,0,0
риштування,0,0,0,0,0,0,0,0,0,0
масштаб,0,0,0,0,0,0,0,0,0,0
ваги,0,0,0,0,0,0,0,0,0,0
гребінець,0,0,0,0,0,0,0,0,0,0
шкіра голови,0,0,0,0,0,0,0,0,0,0
скальпель,0,0,0,1,0,1,0,0,0,0
лускатий,0,0,0,0,0,1,0,0,0,0
сканування,0,0,0,0,0,0,0,0,0,0
скандал,0,0,0,1,0,1,0,0,0,0
скандально,1,0,0,0,0,1,0,0,0,0
мізерний,0,0,0,0,0,1,0,0,0,0
пейзаж,0,0,0,0,0,0,0,0,0,0
козел відпущення,1,0,0,1,0,1,0,0,0,0
шрам,1,0,1,1,0,1,0,1,0,0
скарабей,0,0,0,0,0,0,0,0,0,0
дефіцитний,0,0,0,1,0,1,0,1,0,0
навряд чи,0,0,0,0,0,1,0,1,0,0
дефіцит,1,0,0,1,0,1,0,1,0,0
налякати,1,1,0,1,0,1,0,0,1,0
Опудало,0,0,0,1,0,1,1,0,0,0
шарф,0,0,0,0,0,0,0,0,0,0
червоний,0,0,0,0,0,0,0,0,0,0
розкидати,0,0,0,0,0,0,0,0,0,0
розсіяний,0,0,0,0,0,0,0,0,0,0
розсіювання,0,0,0,0,0,0,0,0,0,0
сміттяр,0,0,0,0,0,1,0,0,0,0
сцена,0,0,0,0,0,0,0,0,0,0
декорації,0,0,0,0,0,0,0,0,0,0
сценічний,0,0,0,0,0,0,0,0,0,0
запах,0,0,0,0,0,0,0,0,0,0
скептично,0,0,0,0,0,0,0,0,0,1
скептицизм,0,0,0,0,0,0,0,0,0,0
схематичний,0,0,0,0,0,0,0,0,0,0
схема,0,0,0,0,0,1,0,0,0,0
розкол,1,0,0,0,0,1,0,0,0,0
шизофренія,1,0,1,1,0,1,0,1,0,0
вчений,0,0,0,0,0,0,1,0,0,0
науковий,0,0,0,0,0,0,0,0,0,0
стипендія,0,0,0,0,1,0,1,0,0,0
школа,0,0,0,0,0,0,0,0,0,1
школяр,0,0,0,0,0,0,0,0,0,0
навчання в школі,0,0,0,0,0,0,0,0,0,0
учитель школи,0,0,0,0,0,0,0,0,0,0
шхуна,0,0,0,0,0,0,0,0,0,0
ішіас,0,0,0,0,0,1,0,0,0,0
наука,0,0,0,0,0,0,0,0,0,0
науковий,0,0,0,0,0,0,1,0,0,1
науковець,0,1,0,0,0,0,1,0,0,1
сцинтилла,0,0,0,0,0,0,1,0,0,0
мерехтіння,0,0,0,0,0,0,0,0,0,0
сцинтилятор,0,0,0,0,0,0,0,0,0,0
нащадок,0,0,0,0,0,0,0,0,0,0
ножиці,0,0,0,0,0,0,0,0,0,0
глузувати,1,0,1,0,0,1,0,0,0,0
лаяти,1,0,1,1,0,1,0,1,0,0
лаяти,1,0,0,0,0,1,0,0,0,0
совок,0,0,0,0,0,0,0,0,0,0
сфера застосування,0,0,0,0,0,0,0,0,0,0
пекучий,1,0,0,0,0,1,0,0,0,0
рахунок,0,1,0,0,1,0,1,0,1,0
бали,0,0,0,0,0,0,0,0,0,0
презирство,1,0,0,0,0,1,0,0,0,0
скорпіон,1,0,1,1,0,1,0,0,1,0
скотч,0,0,0,0,0,1,0,0,0,0
негідник,1,0,1,1,0,1,0,0,0,1
обтирати,0,0,0,0,0,0,0,0,0,0
бич,1,0,0,1,0,1,0,1,0,0
розвідник,0,0,0,0,0,0,0,0,0,0
скраббл,0,0,0,0,0,0,0,0,0,0
сутичка,0,0,0,0,0,0,0,0,0,0
скремблування,0,0,0,0,0,1,0,0,0,0
зішкріб,0,0,0,0,0,0,0,0,0,0
скрепі,1,0,0,1,0,1,0,1,0,0
вишкрібання,0,0,0,0,0,0,0,0,0,0
подряпина,0,0,0,0,0,0,0,0,0,0
кричати,1,0,1,1,0,1,0,0,1,0
кричати,1,0,1,1,0,1,0,0,0,0
вереск,0,0,0,1,0,1,0,0,1,0
екран,0,0,0,0,0,0,0,0,0,0
викрутка,0,0,0,0,0,0,0,0,0,0
прикручений,1,0,0,0,0,1,0,0,0,0
каракулі,0,0,0,0,0,0,0,0,0,0
писар,0,0,0,0,0,0,1,0,0,0
сутичка,0,0,0,0,0,1,0,0,1,0
скарбничка,0,0,0,0,0,0,0,0,0,0
сценарій,0,0,0,0,0,0,1,0,0,0
біблійний,0,0,0,0,0,0,0,0,0,0
священне писання,0,0,0,0,0,0,0,0,0,1
сувій,0,0,0,0,0,0,0,0,0,0
скраб,0,0,1,0,0,1,0,0,0,0
смачний,0,0,0,0,0,0,1,0,0,0
скрупульозний,0,0,0,0,0,0,0,0,0,0
уважно вивчати,0,1,0,0,0,1,0,0,0,0
перевірка,0,0,0,0,0,1,0,0,0,0
скульптор,0,0,0,0,0,0,0,0,0,0
скульптура,0,0,0,0,0,0,1,0,0,0
скульптурний,0,0,0,0,0,0,0,0,0,0
покидьки,0,0,1,0,0,1,0,0,0,0
море,0,0,0,0,0,0,1,0,0,0
узбережжя,0,0,0,0,0,0,0,0,0,0
печатка,0,0,0,0,0,0,1,0,0,1
ущільнення,0,0,0,0,0,0,0,0,0,1
шов,0,0,0,0,0,0,0,0,0,0
моряк,0,0,0,0,0,0,0,0,0,0
безшовні,0,0,0,0,0,0,0,0,0,0
швачка,0,0,0,0,0,0,0,0,0,0
морський порт,0,0,0,0,0,0,0,0,0,0
обсмажувати,0,0,0,0,0,1,0,0,0,0
пошук,0,0,0,0,0,0,0,0,0,0
пошук,0,0,0,0,0,0,0,0,0,0
обпалений,0,0,0,0,0,0,0,0,0,0
узбережжя,0,0,0,0,0,0,0,0,0,0
сезон,0,0,0,0,0,0,0,0,0,0
приправлений,0,0,0,0,0,0,1,0,0,0
приправа,0,0,0,0,0,0,0,0,0,0
сидіння,0,0,0,0,0,0,0,0,0,0
сецесія,0,0,0,0,0,1,0,0,0,0
відокремлений,0,0,0,0,0,1,0,1,0,0
усамітнення,0,0,0,1,0,1,1,0,0,0
вторинний,0,0,0,0,0,0,0,0,0,0
друга рука,0,0,0,0,0,1,0,0,0,0
секретність,0,0,0,0,0,0,0,0,1,1
секрет,0,0,0,0,0,0,0,0,0,1
секретаріат,0,0,0,0,0,0,1,0,0,0
секретар,0,0,0,0,0,0,0,0,0,0
виділяють,0,0,1,0,0,0,0,0,0,0
секреція,0,0,1,0,0,1,0,0,0,0
секретний,0,0,0,0,0,1,0,0,0,0
таємно,0,0,0,0,0,0,0,0,0,0
секта,0,0,0,0,0,0,0,0,0,0
сектантський,1,0,0,1,0,1,0,0,0,0
секційні,0,0,0,0,0,0,0,0,0,0
сектора,0,0,0,0,0,0,0,0,0,0
світський,0,1,0,0,0,0,0,0,0,0
секуляризм,0,0,0,0,0,0,0,0,0,0
цінні папери,0,0,0,0,0,0,0,0,0,1
безпеки,0,0,0,0,0,0,0,0,0,0
седан,0,0,0,0,0,0,0,0,0,0
статечний,0,0,0,0,0,0,0,0,0,0
седативний засіб,0,0,0,0,0,0,0,0,0,0
малорухливий,0,0,0,0,0,0,0,0,0,0
осока,0,0,0,0,0,0,0,0,0,0
осад,0,0,0,0,0,0,0,0,0,0
осадові,0,0,0,0,0,0,0,0,0,0
крамола,1,0,0,0,0,1,0,1,0,0
спокушати,0,0,0,0,0,1,0,0,0,0
спокусливий,0,0,0,0,0,0,0,0,0,0
спокушання,0,0,0,0,0,1,0,0,0,0
спокусливий,0,1,0,0,0,0,0,0,0,0
насіння,0,0,0,0,0,0,0,0,0,0
розсада,0,0,0,0,0,0,0,0,0,0
шукати,0,1,0,0,0,0,0,0,0,0
шукач,0,0,0,0,0,0,0,0,0,0
начебто,0,0,0,0,0,0,0,0,0,0
провидець,0,0,0,0,0,0,0,0,0,0
киплячий,0,0,0,0,0,0,0,0,0,0
сегмент,0,0,0,0,0,0,0,0,0,0
відокремити,1,0,1,0,0,1,0,1,0,0
відокремлений,0,0,0,0,0,1,0,0,0,0
сегрегація,0,0,0,0,0,0,0,0,0,0
схопити,0,0,0,1,0,1,0,0,0,0
напад,0,0,0,1,0,0,0,0,0,0
рідко,0,0,0,0,0,0,0,0,0,0
вибрати,0,0,0,0,0,0,0,0,0,0
вибір,0,0,0,0,0,0,0,0,0,0
егоїстичний,1,0,1,0,0,1,0,0,0,0
егоїзм,0,0,0,0,0,1,0,0,0,0
продати,0,0,0,0,0,0,0,0,0,0
продавець,0,0,0,0,0,0,0,0,0,0
семафор,0,0,0,0,0,0,0,0,0,0
схожість,0,0,0,0,0,0,0,0,0,0
сперма,0,0,0,0,0,0,0,0,0,0
крапка з комою,0,0,0,0,0,0,0,0,0,0
сім'яний,0,0,0,0,0,0,0,0,0,0
семінар,0,0,0,0,0,0,0,0,0,0
семінарія,0,0,0,0,0,0,0,0,0,0
семіотика,0,0,0,0,0,0,0,0,0,0
сенат,0,0,0,0,0,0,0,0,0,1
сенатор,0,0,0,0,0,0,0,0,0,0
відправити,0,0,0,0,0,0,0,0,0,0
старіння,0,0,0,0,0,0,0,0,0,0
старечий,0,0,0,1,0,1,0,1,0,0
старший,0,0,0,0,0,0,0,0,0,0
трудовий стаж,0,0,0,0,0,0,1,0,0,1
відчуття,0,0,0,0,0,0,0,0,0,0
сенсаційний,0,0,0,0,1,0,1,0,0,0
сенс,0,0,0,0,0,0,1,0,0,0
безглуздий,1,0,1,1,0,1,0,1,1,0
почуття,0,0,0,0,0,0,0,0,0,0
чутливість,0,0,0,0,0,0,1,0,0,0
розумно,0,0,0,0,0,0,1,0,0,0
чутливий,0,0,0,0,0,0,0,0,0,0
сенсорний,0,0,0,0,0,0,0,0,0,0
чуттєвий,0,1,0,0,1,1,1,0,1,1
чуттєвість,0,1,0,0,1,0,1,0,0,0
чуттєвий,0,0,0,0,1,0,1,0,0,0
речення,1,1,1,1,0,1,0,1,0,0
розумний,0,0,0,0,0,0,0,0,0,0
почуття,0,0,0,0,0,0,0,0,0,0
сентиментальний,0,0,0,0,0,0,1,0,0,0
сентиментальність,0,0,0,0,0,0,1,0,0,0
дозорний,0,0,0,0,0,0,1,0,0,1
вартовий,0,0,0,0,0,0,0,0,0,1
роздільні,0,0,0,0,0,0,0,0,0,0
окремо,0,0,0,0,0,0,0,0,0,0
окремо,0,0,0,0,0,0,0,0,0,0
поділ,0,0,0,0,0,0,0,0,0,0
сепаратист,1,0,1,0,0,1,0,0,0,0
сепія,0,0,0,0,0,0,0,0,0,0
сепсис,0,0,0,1,0,1,0,1,0,0
вересень,0,0,0,0,0,0,0,0,0,0
септичний,0,0,1,0,0,1,0,0,0,0
перегородка,0,0,0,0,0,0,0,0,0,0
продовження,0,1,0,0,0,0,0,0,0,0
послідовність,0,0,0,0,0,0,0,0,0,0
послідовний,0,0,0,0,0,0,0,0,0,0
секвестрований,0,0,0,0,0,0,0,0,0,0
секвестр,0,0,0,0,0,1,0,1,0,0
безтурботний,0,0,0,0,0,1,0,0,0,1
безтурботність,0,1,0,0,1,0,1,0,0,1
сержант,0,0,0,0,0,0,0,0,0,0
серіал,0,1,0,0,0,0,0,0,0,0
серії,0,0,0,0,0,0,0,0,0,1
із засічками,0,0,0,0,0,0,0,0,0,0
серйозність,0,0,0,1,0,0,0,1,0,0
проповідь,0,0,0,0,0,0,1,0,0,1
змія,0,0,1,1,0,1,0,0,0,0
серпантин,0,0,0,0,0,0,0,0,0,0
зубчастий,0,0,0,0,0,0,0,0,0,0
сироватка,0,0,0,0,0,0,1,0,0,0
слуга,0,0,0,0,0,1,0,0,0,1
служити,0,0,0,0,0,1,0,0,0,1
обслуговування,0,0,0,0,0,0,0,0,0,0
справний,0,0,0,0,0,0,0,0,0,0
холопський,0,0,1,1,0,1,0,1,0,0
сервітут,0,0,0,0,0,1,0,0,0,0
сес,0,0,0,0,0,0,0,0,0,0
сесії,0,0,0,0,0,0,0,0,0,0
сесії,0,0,0,0,0,0,0,0,0,0
встановити,0,0,0,0,0,0,0,0,0,0
невдача,0,0,0,0,0,1,0,1,0,0
встановити,0,0,0,0,0,0,0,0,0,0
сетер,0,0,0,0,0,0,0,0,0,0
розраховуватися,0,0,0,0,0,0,0,0,0,0
осіли,0,0,0,0,0,0,0,0,0,0
поселенець,0,0,0,0,0,0,0,0,0,0
поселенець,0,0,0,1,0,0,1,0,0,0
сьоме,0,0,0,0,0,0,0,0,0,0
сімдесят,0,0,0,0,0,0,0,0,0,0
розірвати,0,0,0,0,0,1,0,0,0,0
роздільний,0,0,0,0,0,0,0,0,0,0
окремо,0,0,0,0,0,0,0,0,0,0
розірвання,0,0,0,0,0,0,0,1,0,0
суворо,0,0,0,0,0,0,0,0,0,0
тяжкість,0,0,0,0,0,0,0,0,0,0
шити,0,0,0,0,0,0,0,0,0,0
стічні води,0,0,1,0,0,1,0,0,0,0
каналізація,0,0,1,0,0,0,0,0,0,0
каналізація,0,0,1,0,0,1,0,0,0,0
секс,0,1,0,0,1,0,1,0,0,1
сексуальність,0,0,0,0,0,0,0,0,0,0
сексуальний,0,0,0,0,0,0,0,0,0,0
пошарпаний,0,0,1,0,0,1,0,0,0,0
халупа,0,0,1,0,0,1,0,1,0,0
кайдани,1,1,1,1,0,1,0,1,0,0
відтінок,0,0,0,0,0,0,0,0,0,0
відтінки,0,0,0,0,0,0,0,0,0,0
затінення,0,0,0,0,0,0,0,0,0,0
тінь,0,0,0,0,0,0,0,0,0,0
тіньовий,0,0,0,0,0,0,0,0,0,0
тіньовий,0,0,0,1,0,1,0,0,0,0
вал,0,0,0,0,0,0,0,0,0,0
махорка,0,0,0,0,0,0,0,0,0,0
кудлатий,0,0,0,0,0,0,0,0,0,0
струсити,0,0,0,0,0,0,0,0,0,0
потрясений,0,0,0,0,0,0,0,0,0,0
струшування,0,0,0,1,0,1,0,0,0,0
хиткий,1,1,0,1,0,1,0,0,0,0
бутафорія,1,0,1,0,0,1,0,0,0,0
шаман,0,0,0,0,0,0,0,0,0,0
халепи,0,0,0,0,0,1,0,0,0,0
сором,0,0,1,1,0,1,0,1,0,0
соромно,0,0,0,0,0,1,0,1,0,0
безсоромний,0,0,1,0,0,1,0,0,0,0
шанхай,0,0,1,1,0,1,0,0,0,0
хвостовик,0,0,0,1,0,0,0,0,0,0
халупа,0,0,0,0,0,0,0,0,0,0
форму,0,0,0,0,0,0,1,0,0,0
стрункий,0,0,0,0,0,0,1,0,0,0
частка,0,1,0,0,1,0,1,0,0,1
акціонер,0,0,0,0,0,0,0,0,0,0
акула,0,0,0,0,0,1,0,0,0,0
точити,1,1,0,0,0,0,0,0,0,0
заточений,0,0,0,0,0,0,0,0,0,0
точило,0,0,0,0,0,0,0,0,0,0
різкість,0,0,0,0,0,0,0,0,0,0
розбити,1,0,0,1,0,1,0,1,1,0
розбитий,0,0,0,0,0,1,0,1,0,0
голитися,0,0,0,0,0,0,0,0,0,0
гоління,0,0,0,0,0,0,0,0,0,0
шаль,0,0,0,0,0,0,0,0,0,0
сніп,0,0,0,0,0,0,0,0,0,0
зсув,0,0,0,0,0,0,0,0,0,0
ножиці,0,0,0,0,0,0,0,0,0,0
оболонка,0,0,0,0,0,0,0,0,0,0
обшивка,0,0,0,0,0,0,0,0,0,0
сарай,0,0,0,0,0,1,0,0,0,0
блиск,0,0,0,0,0,0,0,0,0,0
овець,0,0,0,0,0,0,0,0,0,0
чистий,0,0,0,0,0,0,0,0,0,0
лист,0,0,0,0,0,0,0,0,0,0
полиця,0,0,0,0,0,0,0,0,0,0
оболонка,1,0,0,1,0,1,0,1,1,0
молюски,0,0,0,0,0,0,0,0,0,0
притулок,0,0,0,0,0,0,1,0,0,1
полиці,0,0,0,0,0,1,0,0,0,0
пастух,0,0,0,0,0,0,1,0,0,1
шериф,0,0,0,0,0,0,0,0,0,1
херес,0,0,0,0,0,0,0,0,0,0
щит,0,0,0,0,0,0,0,0,0,0
зміна,0,0,0,0,0,0,0,0,0,0
зсув,0,0,0,0,0,0,0,0,0,0
шилінг,0,0,0,0,0,0,0,0,0,0
мерехтіння,0,0,0,0,0,0,0,0,0,0
гомілка,0,0,0,0,0,0,0,0,0,0
блиск,0,0,0,0,0,0,1,0,0,0
черепиця,0,0,0,0,0,0,0,0,0,0
сяючий,0,1,0,0,1,0,1,0,0,0
блискучий,0,0,0,0,0,0,0,0,0,0
корабель,0,1,0,0,0,0,0,0,0,0
відвантаження,0,0,0,0,0,0,0,0,0,0
Доставка,0,0,0,0,0,0,0,0,0,0
корабельна аварія,0,0,0,1,0,1,0,1,0,0
графство,0,0,0,0,0,0,0,0,0,0
сорочка,0,0,0,0,0,0,0,0,0,0
лайно,1,0,1,0,0,1,0,0,0,0
тремтіння,1,1,0,1,0,1,0,1,0,0
тремтіння,0,0,0,0,0,0,0,0,0,0
мілини,0,0,0,0,0,0,0,0,0,0
шок,1,0,0,1,0,1,0,0,1,0
шокуюче,0,0,0,0,0,0,0,0,1,0
поганий,1,0,1,0,0,1,0,0,0,0
взуття,0,0,0,0,0,0,0,0,0,0
швець,0,0,0,0,0,0,0,0,0,0
стріляти,1,0,0,1,0,1,0,0,0,0
стрілець,0,0,0,1,0,0,0,0,0,0
стрілянина,1,0,0,1,0,1,0,0,0,0
магазин,0,0,0,0,0,0,0,0,0,0
крамар,0,0,0,0,0,0,0,0,0,1
крадіжка в магазині,1,0,1,0,0,1,0,0,0,0
покупки,0,1,0,0,1,0,1,0,1,1
берег,0,0,0,0,0,0,0,0,0,0
стрижені,0,0,0,0,0,0,0,0,0,0
короткий,0,0,0,0,0,0,0,0,0,0
дефіцит,1,0,0,1,0,1,0,1,0,0
недолік,0,0,0,0,0,1,0,0,0,0
скоротити,0,0,0,0,0,0,0,0,0,0
скорочення,0,0,0,0,0,0,0,0,0,0
скорочення,0,0,0,0,0,0,0,0,0,0
незабаром,0,1,0,0,0,0,0,0,0,0
короткочасність,0,0,0,0,0,0,0,0,0,0
шорти,0,0,0,0,0,0,0,0,0,0
постріл,1,0,0,1,0,1,0,1,1,0
дробовик,0,0,0,0,0,0,0,0,0,0
плече,0,0,0,0,0,0,1,0,0,1
кричати,1,0,0,0,0,0,0,0,1,0
штовхати,1,0,0,0,0,1,0,0,0,0
лопата,0,0,0,0,0,0,0,0,0,0
лопатою,0,0,0,0,0,0,0,0,0,0
шоу,0,0,0,0,0,0,0,0,0,1
душ,0,0,0,0,0,0,0,0,0,0
показ,0,0,0,0,0,0,0,0,0,0
ефектний,0,0,0,0,0,1,0,0,0,0
шрапнель,0,0,0,1,0,0,0,0,0,0
подрібнити,0,0,0,0,0,0,0,0,0,0
проникливий,0,0,0,0,0,0,1,0,0,0
вереск,1,0,0,1,0,1,0,1,1,0
пронизливий,1,0,0,1,0,1,0,0,1,0
креветки,0,0,0,0,0,0,0,0,0,0
святиня,0,0,0,0,0,0,0,0,0,0
скорочуватися,0,0,0,1,0,1,0,1,0,0
скорочення,0,0,0,0,0,0,0,0,0,0
плащаниця,0,0,0,0,0,0,0,1,0,0
чагарник,0,0,0,0,0,0,0,0,0,0
чагарник,0,0,0,0,0,0,0,0,0,0
знизати плечима,0,0,0,0,0,0,0,0,0,0
зморщився,0,0,0,0,0,1,0,0,0,0
здригатися,0,0,0,1,0,1,0,0,0,0
перетасувати,0,0,0,0,0,0,0,0,0,0
перетасування,0,0,0,0,0,0,0,0,0,0
уникати,1,0,1,0,0,1,0,1,0,0
шунт,0,0,0,0,0,0,0,0,0,0
закрити,0,0,0,0,0,0,0,0,0,0
затвор,0,0,0,0,0,0,0,0,0,0
човник,0,0,0,0,0,0,0,0,0,0
сиб,0,0,0,0,0,0,0,0,0,1
sic,0,0,0,0,0,0,0,0,0,0
хворий,0,0,1,0,0,1,0,1,0,0
нудотно,1,0,1,1,0,1,0,1,0,0
серп,0,0,0,0,0,0,0,0,0,0
хворобливий,0,0,1,0,0,1,0,1,0,0
хвороба,0,0,1,1,0,1,0,1,0,0
бік,0,0,0,0,0,0,0,0,0,0
буфет,0,0,0,0,0,0,0,0,0,0
обійти стороною,0,0,0,0,0,0,0,0,0,0
набік,0,0,0,0,0,0,0,0,0,0
облога,0,0,0,0,0,0,0,0,0,0
сієста,0,0,0,0,0,0,0,0,0,0
сито,0,0,0,0,0,0,0,0,0,0
просіювання,0,0,0,0,0,0,0,0,0,0
зітхати,0,0,0,0,0,0,0,0,0,0
зір,0,0,0,0,0,0,0,0,0,0
знак,0,0,0,0,0,0,0,0,0,0
сигнал,0,0,0,0,0,0,0,0,0,0
підпис,0,0,0,0,0,0,0,0,0,1
значення,0,0,0,0,0,0,0,0,0,0
значний,0,0,0,0,0,0,0,0,0,0
значення,0,0,0,0,0,0,0,0,0,0
означати,0,1,0,0,0,0,0,0,0,0
покажчик,0,0,0,0,0,0,0,0,0,0
мовчазний,0,0,0,0,0,0,0,0,0,0
мовчки,0,0,0,0,0,0,0,0,0,0
силует,0,0,0,0,0,0,0,0,0,0
шовк,0,0,0,0,0,0,1,0,0,0
шовковий,0,0,0,0,0,0,0,0,0,0
шовковистий,0,0,0,0,0,0,0,0,0,0
підвіконня,0,0,0,0,0,0,0,0,0,0
дурість,0,0,0,0,0,0,0,0,0,0
дурний,0,0,0,0,1,1,0,0,0,0
мул,0,0,0,0,0,0,0,0,0,0
срібло,0,0,0,0,0,0,0,0,0,0
сріблястий,0,0,0,0,0,0,0,0,0,0
подібні,0,0,0,0,0,0,0,0,0,0
схожість,0,0,0,0,0,0,0,0,0,0
порівняння,0,0,0,0,0,0,0,0,0,0
тушкувати,1,1,0,0,0,0,0,0,0,0
кипіння,0,1,0,0,0,0,0,0,0,0
простий,0,0,0,0,0,0,0,0,0,0
прості,0,0,0,0,0,0,0,0,0,0
спрощувати,0,1,0,0,1,0,1,0,1,1
просто,0,0,0,0,0,0,0,0,0,0
імітувати,0,0,0,0,0,0,0,0,0,0
змодельований,0,0,0,0,0,0,0,0,0,0
моделювання,0,0,0,0,0,0,0,0,0,0
моделювання,0,0,0,0,0,0,0,0,0,0
одночасний,0,0,0,0,0,0,0,0,0,0
одночасно,0,0,0,0,0,0,0,0,0,0
гріх,1,0,1,1,0,1,0,1,0,0
щирий,0,0,0,0,0,0,1,0,0,1
щирість,0,0,0,0,0,0,1,0,0,0
грішний,1,0,1,1,0,1,0,1,0,0
співати,0,1,0,0,1,0,1,1,0,1
співачка,0,0,0,0,0,0,0,0,0,0
неодружений,0,0,0,0,0,0,0,0,0,0
поодинці,0,0,0,0,0,0,1,0,0,0
однина,0,0,0,0,0,0,0,0,0,0
сингулярність,0,0,0,0,0,0,0,0,0,0
одинично,0,0,0,0,0,0,0,0,1,0
зловісний,1,0,1,1,0,1,0,0,0,0
раковина,0,0,0,0,0,0,0,0,0,0
грішник,1,0,1,1,0,1,0,1,0,0
грішити,0,0,1,0,0,1,0,0,0,0
пазуха,0,0,0,0,0,0,0,0,0,0
ковток,0,0,0,0,0,0,0,0,0,0
сифон,0,0,0,0,0,0,0,0,0,0
сер,0,0,0,0,0,0,1,0,0,1
батько,0,0,0,0,0,0,0,0,0,0
сирена,0,0,0,1,0,1,0,0,0,0
сестричка,0,0,0,0,0,1,0,0,0,0
сестра,0,0,0,0,0,0,0,0,0,0
сестринство,1,0,0,0,0,0,1,1,1,1
сайт,0,0,0,0,0,0,0,0,0,0
ситх,0,0,0,0,0,0,0,0,0,0
сидячи,0,0,0,0,0,0,0,0,0,0
розташувати,0,0,0,0,0,0,0,0,0,0
розташований,0,0,0,0,0,0,0,0,0,0
ситуації,0,0,0,0,0,0,0,0,0,0
шостий,0,0,0,0,0,0,0,0,0,0
шістдесят,0,0,0,0,0,0,0,0,0,0
розмір,0,0,0,0,0,0,0,0,0,0
шипіти,1,0,0,0,0,0,0,0,0,0
кататися на ковзанах,0,0,0,0,0,0,0,0,0,0
катання на ковзанах,0,0,0,0,0,0,0,0,0,0
моток,0,0,0,0,0,0,0,0,0,0
скелет,0,0,0,0,0,0,0,0,0,0
скептик,0,0,0,0,0,0,0,0,0,0
скептично,0,0,0,0,0,1,0,0,0,0
скептицизм,0,0,0,0,0,0,0,0,0,0
ескіз,0,0,0,0,0,0,0,0,0,0
схематичний,0,0,0,0,0,1,0,0,0,0
перекошений,1,1,0,0,0,1,0,0,0,0
шпажка,0,0,0,0,0,0,0,0,0,0
лижний,0,0,0,0,0,0,0,0,0,0
занос,1,0,0,1,0,1,0,1,0,0
скіф,0,0,0,0,0,0,0,0,0,0
майстерність,0,0,0,0,0,0,0,0,0,0
кваліфікований,0,0,0,0,0,0,1,0,0,0
сковорода,0,0,0,0,0,0,0,0,0,0
вправний,0,0,0,0,0,0,1,0,0,1
знежирений,0,0,0,0,0,0,0,0,0,0
шкіри,0,0,0,0,0,0,0,0,0,0
худий,0,0,0,0,0,0,0,0,0,0
пропустити,0,0,0,0,0,1,0,0,0,0
шкіпер,0,0,0,0,0,0,0,0,0,0
сутичка,1,0,0,0,0,1,0,0,0,0
спідниця,0,0,0,0,0,0,0,0,0,0
плінтус,0,0,0,0,0,0,0,0,0,0
спідниці,0,0,0,0,0,0,0,0,0,0
сценка,0,0,0,0,0,0,0,0,0,0
череп,0,0,0,0,0,0,0,0,0,0
скунс,0,0,0,0,0,0,0,0,0,0
небо,0,0,0,0,0,0,1,0,0,0
хмарочос,0,0,0,0,0,0,0,0,0,0
плита,0,0,0,0,0,0,0,0,0,0
провисання,0,0,0,0,0,1,0,0,0,0
шлак,0,0,0,0,0,1,0,0,0,0
грюкнути,1,0,0,1,0,1,0,0,1,0
наклепи,1,0,1,0,0,1,0,0,0,0
наклепницький,0,0,0,0,0,1,0,0,0,0
сленг,0,0,0,0,0,0,0,0,0,0
нахил,0,0,0,0,0,0,0,0,0,0
ляпас,1,0,0,0,0,1,0,0,1,0
коса лінія,1,0,0,0,0,0,0,0,0,0
косі риски,0,0,0,0,0,0,0,0,0,0
шифер,0,0,0,0,0,0,1,0,0,0
сланці,0,0,0,0,0,0,0,0,0,0
забій,1,0,1,1,0,1,0,1,1,0
бійня,1,0,1,1,0,1,0,1,0,0
забій,1,0,1,1,0,1,0,1,1,0
раб,1,0,0,1,0,1,0,1,0,0
рабство,1,0,1,1,0,1,0,1,0,0
вбити,1,0,0,0,0,1,0,0,0,0
вбивця,1,0,1,1,0,1,0,1,1,0
сани,0,0,0,0,0,0,0,0,0,0
гладкий,0,0,0,0,0,0,1,0,0,0
сон,0,0,0,0,0,0,0,0,0,0
сплячий,0,0,0,0,0,0,0,0,0,0
спить,0,0,0,0,0,0,0,0,0,0
безсоння,0,0,0,0,0,0,0,0,0,0
сонний,0,0,0,0,0,0,0,0,0,0
мокрий сніг,0,0,0,0,0,1,0,0,0,0
рукав,0,0,0,0,0,0,0,0,0,0
без рукавів,0,0,0,0,0,0,0,0,0,0
сани,0,0,0,0,0,0,0,0,0,0
спритність,0,0,0,0,0,0,0,0,0,0
стрункий,0,0,0,0,0,0,1,0,0,0
детектив,0,0,0,0,0,0,0,0,0,0
шматочок,0,0,0,0,0,0,0,0,0,0
гладкий,0,0,0,0,0,0,0,0,0,0
слайд,0,0,0,0,0,0,0,0,0,0
розсувні,0,0,0,0,0,0,0,0,0,0
незначний,0,0,0,0,0,0,0,0,0,0
злегка,0,0,0,0,0,0,0,0,0,0
тонкий,0,0,0,0,0,0,1,0,0,0
слиз,0,0,1,0,0,0,0,0,0,0
слизовий,0,0,1,0,0,1,0,0,0,0
слінг,0,0,0,0,0,0,0,0,0,0
прокрадатися,0,0,0,0,0,1,0,0,0,0
ковзати,0,0,0,0,0,1,0,0,1,0
тапочки,0,0,0,0,0,0,0,0,0,0
тапочки,0,0,0,0,0,0,0,0,0,0
щілина,0,0,0,0,0,0,0,0,0,0
тріска,0,0,0,0,0,0,0,0,0,0
гасло,0,0,0,0,0,0,0,0,0,0
шлюп,0,0,0,0,0,0,0,0,0,0
помиї,0,0,1,0,0,1,0,0,0,0
схил,0,0,0,0,0,0,0,0,0,0
неохайний,0,0,1,0,0,1,0,0,0,0
слот,0,0,0,0,0,0,0,0,0,0
лінивець,0,0,1,0,0,1,0,0,0,0
сутулитися,0,0,0,0,0,1,0,0,0,0
болото,0,0,0,0,0,1,0,0,0,0
повільний,0,0,0,0,0,0,0,0,0,0
повільно,0,0,0,0,0,0,0,0,0,0
повільність,0,0,0,0,0,1,0,0,0,0
мул,0,0,1,0,0,1,0,0,0,0
слимак,0,0,1,0,0,1,0,0,0,0
млявий,0,0,0,0,0,1,0,1,0,0
шлюз,0,0,0,0,0,0,0,0,0,0
нетрі,0,0,1,0,0,1,0,0,0,0
сон,0,0,0,0,0,0,0,0,0,0
спад,0,0,0,0,0,1,0,1,0,0
немовля,1,0,1,0,0,1,0,1,0,0
сльота,0,0,1,0,0,1,0,0,1,0
повія,1,0,1,0,0,1,0,0,0,0
лукавий,1,0,1,1,0,1,0,0,0,0
присмак,1,0,0,0,0,1,0,0,0,0
маленький,0,0,0,0,0,1,0,0,0,0
менше,0,0,0,0,0,0,0,0,0,0
найменший,0,0,0,0,0,0,0,0,0,0
розбити,1,0,0,1,0,1,0,0,0,0
розбитий,0,0,0,0,0,1,0,0,0,0
розважливість,0,0,0,0,0,1,0,0,0,0
мазок,0,0,0,0,0,0,0,0,0,0
запах,1,0,1,0,0,1,0,0,0,0
запах,0,0,1,0,0,1,0,0,0,0
пахнути,0,0,0,0,0,0,0,0,0,0
усмішка,0,0,0,0,1,0,1,0,1,1
посміхаючись,0,0,0,0,1,0,1,0,0,0
усмішка,0,0,0,0,0,1,0,0,0,0
вразити,1,0,0,1,0,1,0,1,0,0
коваль,0,0,0,0,0,0,0,0,0,1
вражений,0,0,0,0,0,0,1,0,0,0
курець,0,0,0,0,0,1,0,0,0,0
димчастий,0,0,0,0,0,0,0,0,0,0
куріння,0,0,0,0,0,0,0,0,0,0
димчастий,0,0,0,0,0,0,0,0,0,0
тління,0,0,0,0,0,0,0,0,0,0
плавно,0,0,0,0,0,0,0,0,0,0
гладкість,0,0,0,0,0,0,1,0,0,0
задушити,1,0,0,0,0,1,0,0,0,0
розмазати,0,0,0,0,0,1,0,0,0,0
самовдоволений,0,0,0,0,0,1,0,0,0,0
контрабанда,0,0,0,1,0,1,0,0,0,0
контрабандист,1,0,1,1,0,1,0,0,0,0
контрабанда,0,0,0,0,0,1,0,0,0,0
сажня,0,0,1,1,0,1,0,0,0,0
закуска,0,0,0,0,0,0,0,0,0,0
закуски,0,0,0,0,0,0,0,0,0,0
загвоздка,0,0,0,0,0,1,0,0,1,0
корчі,0,0,0,0,0,1,0,0,0,0
равлик,0,0,0,0,0,0,0,0,0,0
змія,0,0,1,1,0,1,0,0,0,0
знімок,0,0,0,0,0,0,0,0,0,0
знімок,0,0,0,0,0,0,0,0,0,0
пастка,0,0,0,1,0,1,0,0,0,0
гарчати,1,0,1,0,0,1,0,0,0,0
гарчання,1,0,0,0,0,1,0,0,0,0
вирвати,0,0,0,0,0,0,0,0,0,0
підкрастися,1,0,0,1,0,1,0,0,1,0
кросівки,0,0,0,0,0,0,0,0,0,0
підкрадається,0,1,0,1,0,1,0,0,0,1
насмішка,1,0,1,0,0,1,0,0,0,0
чхати,0,0,1,0,0,1,0,0,1,0
чхання,0,0,0,0,0,0,0,0,0,0
хихікати,0,0,0,0,0,0,1,0,0,0
підлий,0,0,0,0,0,1,0,0,0,0
нюхати,0,0,0,0,0,0,0,0,0,0
відрізок,0,0,0,0,0,0,0,0,0,0
снайп,0,0,0,0,0,0,0,0,0,0
фрагмент,0,0,0,0,0,0,0,0,0,0
сноб,0,0,0,0,0,1,0,0,0,0
підглядає,0,0,0,0,0,0,0,0,0,0
відкласти,0,0,0,0,0,0,0,0,0,0
хропіння,0,0,0,0,0,0,0,0,0,0
пирхати,0,0,0,0,0,0,0,1,0,0
морда,0,0,0,0,0,0,0,0,0,0
сніг,0,0,0,0,0,0,0,0,0,0
сніжний ком,0,0,0,0,0,0,0,0,0,0
сніжинка,0,0,0,0,0,0,0,0,0,0
сніговий,0,0,0,0,0,0,0,0,0,0
нюхальний табак,0,0,0,0,0,0,0,0,0,0
замочити,0,0,0,0,0,1,0,0,0,0
замочування,0,0,0,0,0,0,0,0,0,0
мило,0,0,0,0,0,0,0,0,0,0
мильний,0,0,0,0,0,0,0,0,0,0
ширяючий,0,0,0,0,0,0,0,0,0,0
ридання,0,0,0,0,0,1,0,1,0,0
тверезість,0,0,0,0,0,0,1,0,0,1
соц,0,0,0,0,0,0,0,0,0,0
футбол,0,0,0,0,0,0,0,0,0,0
товариський,0,0,0,0,0,0,1,0,0,0
соціальні,0,0,0,0,0,0,0,0,0,0
соціалізм,0,0,1,1,0,0,0,0,0,0
соціалістичний,1,0,1,1,0,1,0,1,0,0
суспільства,0,0,0,0,0,0,0,0,0,0
носок,0,0,0,0,0,0,0,0,0,0
гніздо,0,0,0,0,0,0,0,0,0,0
дернова земля,0,0,0,0,0,0,0,0,0,0
диван,0,0,0,0,0,0,0,0,0,0
розм'якшення,0,0,0,0,0,0,0,0,0,0
м'якість,0,0,0,0,0,0,0,0,0,0
мокрий,0,0,0,0,0,0,0,0,0,0
ґрунт,0,0,1,0,0,1,0,0,0,0
забруднений,0,0,1,0,0,1,0,0,0,0
перебування,0,0,0,0,0,0,0,0,0,0
розрада,0,0,0,0,0,0,1,0,0,0
сонячний,0,0,0,0,0,0,0,0,0,0
припій,0,0,0,0,0,0,0,0,0,0
пайка,0,0,0,0,0,0,0,0,0,0
солдат,1,0,0,0,0,0,1,1,0,0
підошва,0,0,0,0,0,0,0,0,0,0
просити,0,0,0,0,0,0,0,0,0,0
клопотання,0,0,0,0,0,0,0,0,0,0
повірений,0,0,0,0,0,0,0,0,0,0
твердий,0,0,0,0,0,0,1,0,0,0
солідарність,0,0,0,0,0,0,0,0,0,1
затвердіння,0,0,0,0,0,0,0,0,0,0
затверділа,0,0,0,0,0,0,0,0,0,0
затвердіти,0,0,0,0,0,0,0,0,0,0
солідність,0,0,0,0,0,0,1,0,0,1
пасьянс,0,0,0,0,0,0,0,0,0,0
поодинокий,0,0,0,0,0,0,0,0,0,0
самотність,0,0,0,0,0,0,0,0,0,0
соло,0,0,0,0,0,0,0,0,0,0
розчинність,0,0,0,0,0,0,0,0,0,0
розчинний,0,0,0,0,0,0,0,0,0,0
рішення,0,0,0,0,0,0,1,0,0,0
вирішити,0,0,0,0,0,0,0,0,0,0
платоспроможність,0,0,0,0,0,0,1,0,0,0
розчинник,0,0,0,0,0,0,0,0,0,0
соматичний,0,0,0,0,0,1,0,0,1,0
похмурий,0,0,0,0,0,1,0,1,0,0
син,0,0,0,0,0,0,0,0,0,0
ехолот,0,1,0,0,0,0,1,0,0,0
соната,0,0,0,0,0,0,1,0,0,0
пісня,0,0,0,0,0,0,0,0,0,0
сонет,0,0,0,0,1,0,1,1,0,0
сонорний,0,0,0,0,1,0,1,0,0,0
сажа,0,0,1,0,0,1,0,0,0,0
заспокоювати,0,0,0,0,0,0,1,0,0,0
заспокійливий,0,0,0,0,1,0,1,0,0,1
другокурсник,0,0,0,0,0,0,0,0,0,0
сопрано,0,0,0,0,0,0,0,0,0,0
чаклун,0,0,0,0,0,0,0,0,0,0
чаклунство,0,1,0,1,0,1,0,0,1,0
мерзенний,1,0,1,1,0,1,0,1,0,0
болить,1,0,0,0,0,1,0,1,0,0
болісно,0,0,0,0,0,1,0,1,0,0
хворобливість,0,0,1,0,0,1,0,1,0,0
сорго,0,0,0,0,0,0,0,0,0,0
жіноче товариство,0,0,0,0,0,0,0,0,0,0
смуток,0,0,0,1,0,1,0,1,0,0
скорботний,0,0,0,0,0,1,0,1,0,0
сортувати,0,0,0,0,0,0,0,0,0,0
сортувальник,0,0,0,0,0,0,1,0,0,0
виліт,0,0,0,1,0,1,0,0,0,0
сортування,0,0,0,0,0,0,0,0,0,0
sou,0,0,0,0,0,0,0,0,0,0
бездушний,0,0,1,1,0,1,0,1,0,0
споріднена душа,0,0,0,1,0,1,0,0,0,0
звук,0,0,0,0,0,0,0,0,0,0
звучання,0,0,0,0,0,0,0,0,0,0
обґрунтованість,0,1,0,0,1,0,1,0,0,1
суп,0,0,0,0,0,0,1,0,0,0
кислий,0,0,1,0,0,1,0,0,0,0
джерело,0,0,0,0,0,0,0,0,0,0
сувенір,0,0,0,0,0,0,0,0,0,0
суверенний,0,0,0,0,0,0,0,0,0,1
суверенітет,0,0,0,0,0,0,0,0,0,0
свиноматка,0,0,0,0,0,0,0,0,0,0
спа,0,1,0,0,1,0,1,0,1,1
простір,0,0,0,0,0,0,0,0,0,0
просторий,0,0,0,0,0,0,1,0,0,0
лопата,0,0,0,0,0,0,0,0,0,0
проліт,0,0,0,0,0,0,0,0,0,0
спаніель,0,0,0,0,1,0,1,0,0,1
шльопати,1,0,0,1,0,1,0,1,0,0
шльопання,1,0,0,0,0,0,0,0,0,0
лонжерон,0,0,0,0,0,0,0,0,0,0
запасний,0,0,0,0,0,0,0,0,0,0
економно,0,0,0,0,0,0,0,0,0,0
іскра,0,0,0,0,0,0,0,0,0,0
блиск,0,1,0,0,1,0,1,0,1,0
спаринги,0,0,0,0,0,0,0,0,0,0
розріджений,0,0,0,0,0,0,0,0,0,0
спазм,0,0,0,1,0,1,0,0,0,0
плюнув,1,0,0,0,0,1,0,0,0,0
шпатель,0,0,0,0,0,0,0,0,0,0
нереститися,0,0,0,0,0,0,0,0,0,0
спікер,0,0,0,0,0,0,0,0,0,0
говорячи,0,0,0,0,0,0,0,0,0,0
спис,1,1,0,1,0,1,0,0,0,0
спеціальні,0,0,0,0,1,0,1,0,0,0
фахівець,0,0,0,0,0,0,0,0,0,1
спеціальність,0,0,0,0,0,0,0,0,0,0
спеціалізуватися,0,0,0,0,0,0,0,0,0,1
спеціально,0,0,0,0,0,0,0,0,0,0
вид,0,0,0,0,0,0,1,0,0,0
видів,0,0,0,0,0,0,0,0,0,0
конкретні,0,0,0,0,0,0,0,0,0,0
специфікація,0,0,0,0,0,0,0,0,0,0
зразок,0,0,0,0,0,0,0,0,0,0
цятка,0,0,1,0,0,1,0,0,0,0
крапчастий,0,0,0,0,0,0,0,0,0,0
характеристики,0,0,0,0,0,0,0,0,0,0
видовище,0,0,0,0,0,1,1,0,0,0
окуляри,0,0,0,0,0,0,0,0,0,0
видовищний,0,1,0,0,0,0,0,0,1,0
глядач,0,0,0,0,0,0,0,0,0,0
привид,0,0,0,1,0,1,0,1,0,0
спектральний,0,0,0,0,0,1,0,0,0,0
спектрометр,0,0,0,0,0,0,0,0,0,0
спектрофотометр,0,0,0,0,0,0,0,0,0,0
спектроскопія,0,0,0,0,0,0,0,0,0,0
спектр,0,0,0,0,0,0,0,0,0,0
спекулювати,0,0,0,0,0,0,0,0,0,0
спекуляції,0,0,0,1,0,1,0,1,0,0
спекулятивний,0,1,0,0,0,0,0,0,0,0
дзеркало,0,0,0,0,0,0,0,0,0,0
мова,0,0,0,0,0,0,1,0,0,0
безмовний,0,0,0,0,0,0,0,0,0,0
швидкість,0,0,0,0,0,0,0,0,0,0
швидко,0,0,0,0,0,0,0,0,0,0
спідометр,0,0,0,0,0,0,0,0,0,0
спідвей,0,0,0,0,0,0,0,0,0,0
швидкий,0,0,0,0,0,0,1,0,0,0
зачарований,0,0,0,0,0,0,0,0,0,0
правопис,0,0,0,0,0,0,1,0,0,0
Спенсер,0,0,0,0,0,0,0,0,0,0
витрачати,0,0,0,0,0,0,0,0,0,0
витрачено,0,0,0,0,0,1,0,0,0,0
сперма,0,0,0,0,0,0,0,0,0,0
вивергати,0,0,1,0,0,0,0,0,0,0
сфери,0,0,0,0,0,0,0,0,0,0
сферичні,0,0,0,0,0,0,0,0,0,0
сфінкс,0,0,0,0,0,0,0,0,0,0
спеції,0,0,0,0,0,0,1,0,0,0
пряний,0,0,0,0,0,0,0,0,0,0
павук,0,0,1,1,0,0,0,0,0,0
патрубок,0,0,0,0,0,0,0,0,0,0
шип,0,0,0,1,0,0,0,0,0,0
шипований,0,0,0,0,0,0,0,0,0,0
колючий,0,0,0,0,0,0,0,0,0,0
розлив,0,0,0,0,0,0,0,0,0,0
спина,0,0,0,0,0,0,0,0,0,0
спинальний,0,0,0,0,0,0,0,0,0,0
шпиндель,0,0,0,0,0,0,0,0,0,0
хребет,1,0,0,0,0,1,1,0,0,0
спінінг,0,0,0,0,0,0,0,0,0,0
стара діва,0,0,0,1,0,1,0,1,0,0
колючий,0,0,0,0,0,0,0,0,0,0
спіраль,0,0,0,0,0,0,0,0,0,0
шпиль,0,0,0,0,0,0,0,0,0,0
дух,0,0,0,0,0,0,1,0,0,0
духів,0,1,0,0,1,0,1,0,1,0
духовний,0,0,0,0,0,0,0,0,0,0
духовність,0,0,0,0,0,0,0,0,0,0
плюнути,0,0,1,0,0,0,0,0,0,0
на зло,1,0,0,0,0,1,0,0,0,0
злісний,1,0,0,0,0,1,0,0,0,0
сплеск,0,0,0,0,0,0,0,0,1,0
селезінка,0,0,0,0,0,0,0,0,0,0
чудовий,0,0,0,0,1,0,1,0,1,0
пишність,0,1,0,0,1,0,1,0,1,0
зрощення,0,0,0,0,0,0,0,0,0,0
сплайн,0,0,0,0,0,0,0,0,0,0
шина,0,0,0,0,0,0,0,0,0,0
осколок,0,0,0,0,0,1,0,0,0,0
розкол,0,0,0,0,0,1,0,0,0,0
розщеплення,0,0,0,0,0,1,0,1,0,0
розпилюватися,0,0,0,0,0,0,0,0,0,0
псувати,0,0,1,0,0,1,0,0,0,0
спойлер,0,0,0,0,0,1,0,1,0,0
псування,0,0,0,0,0,0,0,0,0,0
говорив,0,0,0,0,0,1,0,0,0,0
говорив,0,0,0,0,0,0,0,0,0,0
прес-секретар,0,0,0,0,0,0,0,0,0,1
губка,0,0,0,0,0,1,0,0,0,0
губчастий,0,0,0,0,0,0,0,0,0,0
спонсор,0,0,0,0,0,0,1,0,0,1
спонсорство,0,0,0,0,0,0,0,0,0,0
підробка,0,0,0,0,0,0,0,0,0,0
привид,0,0,0,1,0,1,0,0,0,0
ложка,0,0,0,0,0,0,0,0,0,0
ложка,0,0,0,0,0,0,0,0,0,0
спорадичний,0,0,0,0,0,0,0,0,0,0
спора,0,0,0,0,0,0,0,0,0,0
спорт,0,0,0,0,0,0,0,0,0,0
спортивний,0,0,0,0,0,0,0,0,0,0
спорт,0,0,0,0,0,0,0,0,0,0
спортсмен,0,0,0,0,0,0,0,0,0,0
пляма,0,0,0,0,0,0,0,0,0,0
чистий,0,0,0,0,0,0,1,0,0,1
плямистий,0,0,0,0,0,0,0,0,0,0
плямистий,0,0,0,0,0,0,0,0,0,0
подружжя,0,0,0,0,0,0,0,0,0,0
подружжя,0,0,0,0,1,0,1,0,0,1
носик,0,0,0,0,0,0,0,0,0,0
розтягнення,0,0,0,0,0,1,0,1,0,0
розростання,0,0,0,0,0,0,0,0,0,0
спрей,0,0,0,0,0,0,0,0,0,0
поширення,0,0,0,0,0,0,0,0,0,0
розгул,0,0,0,0,0,1,0,0,0,0
дощування,0,0,0,0,0,0,0,0,0,0
спрайт,0,0,0,1,0,1,0,0,0,0
паросток,0,0,0,0,0,0,0,0,0,0
ялина,0,0,0,0,0,0,1,0,0,0
шпора,0,0,0,1,0,0,0,0,0,0
фальшивий,0,0,1,0,0,1,0,0,0,0
пришпорений,0,0,0,0,0,0,0,0,0,0
спурт,0,0,0,0,0,0,0,0,0,0
шпигун,0,0,0,0,0,0,0,0,0,0
загін,0,0,0,0,0,0,0,0,0,0
ескадра,0,0,0,0,0,0,0,0,0,0
шквал,0,0,0,1,0,1,0,1,0,0
лускатий,0,0,0,0,0,0,0,0,0,0
Майдан,0,0,0,0,0,0,0,0,0,0
присідати,0,0,0,0,0,0,0,0,0,0
сквотер,0,0,0,0,0,1,0,0,0,0
писк,0,0,0,0,0,0,0,0,0,0
верещати,0,0,0,0,0,0,0,0,0,0
бридливий,0,0,1,1,0,1,0,0,0,0
стиснути,0,0,0,0,0,0,0,0,0,0
видавлювання,0,0,0,0,0,0,0,0,0,0
шумозаглушення,1,0,1,0,0,1,0,0,0,0
косоокість,0,0,0,0,0,0,0,0,0,0
сквайр,0,0,0,0,0,0,0,0,0,0
звиватися,0,0,1,0,0,1,0,0,0,0
білка,0,0,0,0,0,0,0,0,0,0
спринцюватися,0,0,0,0,0,0,0,0,0,0
колоти,1,0,0,1,0,1,0,1,1,0
стабільність,0,0,0,0,0,0,0,0,0,0
стабільний,0,0,0,0,0,0,1,0,0,1
стаккато,0,0,0,0,0,0,1,0,0,0
стек,0,0,0,0,0,0,0,0,0,0
персонал,0,0,0,0,0,0,0,0,0,0
олень,0,0,0,0,0,0,0,0,0,0
етап,0,0,0,0,0,0,0,0,0,0
хитатися,0,0,0,0,0,0,0,0,1,0
хитаючись,0,0,0,0,0,1,0,0,0,0
застійний,0,0,0,0,0,1,0,1,0,0
стагнація,0,0,0,0,0,0,0,0,0,0
стійкий,0,0,0,0,0,0,0,0,0,0
пляма,0,0,1,0,0,1,0,0,0,0
нержавіюча,0,0,0,0,0,0,1,0,0,0
сходи,0,0,0,0,0,0,0,0,0,0
сходи,0,0,0,0,0,0,0,0,0,0
сходи,0,0,0,0,0,0,0,0,0,0
ставка,0,0,0,0,0,0,0,0,0,0
несвіжий,0,0,0,0,0,1,0,0,0,0
патова ситуація,1,0,1,0,0,0,0,0,0,0
стебло,0,0,0,1,0,1,0,0,0,0
стійло,0,0,1,0,0,0,0,0,0,0
жеребець,0,0,0,0,0,0,1,0,0,0
кіоски,0,0,0,0,0,0,0,0,0,0
міцний,0,0,0,0,0,0,1,0,0,0
витривалість,0,0,0,0,0,0,1,0,0,1
штамп,0,0,0,0,0,0,0,0,0,0
стояти,0,0,0,0,0,0,0,0,0,0
стандарт,0,0,0,0,0,0,0,0,0,0
стандартизувати,0,0,0,0,0,0,0,0,0,0
стоячи,0,0,0,0,0,0,1,0,0,0
протистояння,1,0,0,1,0,1,0,0,0,0
точка зору,0,0,0,0,0,0,0,0,0,0
зупинка,1,0,0,0,0,1,0,0,0,0
строфа,0,0,0,0,0,0,0,0,0,0
скоба,0,0,0,0,0,0,0,0,0,0
зірка,0,1,0,0,1,0,1,0,0,1
правий борт,0,0,0,0,0,0,0,0,0,0
крохмаль,0,0,0,0,0,0,0,0,0,0
дивитися,0,0,0,0,0,0,0,0,0,0
дивлячись,0,0,0,0,0,1,0,0,0,0
суворий,0,0,0,0,0,1,0,0,0,1
світло зірок,0,0,0,0,0,0,1,0,0,0
зірчастий,0,1,0,0,1,0,1,0,0,0
зірки,0,0,0,0,0,0,0,0,0,0
початок,0,1,0,0,0,0,0,0,0,0
здригатися,0,0,0,1,0,1,0,0,1,0
разючий,0,0,0,0,0,0,0,0,1,0
голодування,0,0,0,1,0,1,0,1,0,0
голодували,0,0,0,0,0,1,0,0,0,0
голодуючий,0,0,0,0,0,1,0,0,0,0
стан,0,0,0,0,0,0,0,0,0,0
величний,0,0,0,0,0,0,1,0,0,0
заява,0,0,0,0,0,0,1,0,0,1
каюта,0,0,0,0,0,0,0,0,0,0
державний діяч,0,0,0,0,0,0,0,0,0,0
статичний,0,0,0,0,0,0,0,0,0,0
статика,0,0,0,0,0,0,0,0,0,0
станція,0,0,0,0,0,0,0,0,0,0
стаціонарний,0,0,0,0,0,1,0,0,0,0
канцтовари,0,0,0,0,0,0,0,0,0,0
статистичні,0,0,0,0,0,0,0,0,0,1
статистик,0,0,0,0,0,0,0,0,0,0
статор,0,0,0,0,0,0,0,0,0,0
скульптурний,0,0,0,0,0,0,0,0,0,0
статуя,0,0,0,0,0,0,1,0,0,0
статуетка,0,0,0,0,0,0,0,0,0,0
зріст,0,0,0,0,0,0,0,0,0,0
статус,0,0,0,0,0,0,1,0,0,0
статут,0,0,0,0,0,0,0,0,0,0
статутний,0,0,0,0,0,0,0,0,0,0
стійкий,0,0,0,0,0,0,1,0,0,0
планка,0,0,0,0,0,1,0,0,0,0
залишитися,0,0,0,0,0,0,0,0,0,0
залишився,0,0,0,0,0,0,0,0,0,0
залишається,0,0,0,0,0,0,0,0,0,0
місце,0,0,0,0,0,0,0,0,0,0
непохитний,0,0,0,0,0,0,1,0,0,1
стійкий,0,0,0,0,0,0,0,0,1,1
красти,1,0,0,1,0,1,0,1,0,0
крадіжки,0,0,1,1,0,1,0,0,0,0
скритність,0,0,0,0,0,0,0,0,1,0
крадькома,0,0,0,0,0,0,0,0,1,0
непомітний,0,1,0,1,0,1,0,0,1,0
пароплав,0,0,0,0,0,0,0,0,0,0
відпарювач,0,0,0,0,0,0,0,0,0,0
паровий каток,0,0,0,0,0,0,0,0,0,0
пароплав,0,0,0,0,0,0,0,0,0,0
парний,0,0,0,0,0,0,0,0,0,0
сталь,0,0,0,0,0,0,0,0,0,0
крутий,0,0,0,0,0,0,0,0,0,0
шпиль,0,0,0,0,0,0,0,0,0,0
керувати,0,0,0,0,0,0,0,0,0,0
зірковий,0,0,0,0,0,0,1,0,0,0
стебло,0,0,0,0,0,0,0,0,0,0
сморід,0,0,0,0,0,0,0,0,0,0
трафарет,0,0,0,0,0,0,0,0,0,0
крок,0,0,0,0,0,0,0,0,0,0
степ,0,0,0,0,0,0,0,0,0,0
кроки,0,0,0,0,0,0,0,0,0,0
стереоскопічний,0,0,0,0,0,0,0,0,0,0
стереотип,0,0,0,0,0,1,0,0,0,0
стереотипний,0,0,0,0,0,1,0,0,0,0
стерильний,0,0,0,0,0,1,0,1,0,0
стерильність,0,0,0,0,0,1,0,0,0,0
стерлінгів,1,1,0,0,1,1,1,0,0,1
суворий,0,0,0,0,0,1,0,0,0,0
стетоскоп,0,0,0,0,0,0,0,0,0,0
рагу,0,0,0,0,0,0,0,0,0,0
стюард,0,0,0,0,0,0,1,0,0,1
управління,0,0,0,0,0,0,0,0,0,0
палка,0,0,0,0,0,0,0,0,0,0
прилипання,0,0,0,0,0,0,0,0,0,0
липкий,0,0,1,0,0,0,0,0,0,0
жорсткий,0,0,0,0,0,1,0,0,0,0
застигнути,0,0,0,0,0,0,0,0,0,0
жорсткість,0,0,0,0,0,1,0,0,0,0
душити,0,0,0,0,0,1,0,0,0,0
задушений,1,0,0,1,0,1,0,1,0,0
задушливий,0,0,0,0,0,0,0,0,0,0
клеймо,1,0,1,1,0,1,0,1,0,0
стиль,0,0,0,0,0,0,0,0,0,0
стилет,0,0,0,0,0,0,0,0,0,0
мертвонароджені,0,0,0,0,0,1,0,1,0,0
нерухомість,0,0,0,1,0,0,1,1,0,0
ходулі,0,0,0,0,0,0,0,0,0,0
стимулятор,0,0,0,0,0,0,0,0,0,0
стимуляція,0,0,0,0,0,0,0,0,0,0
подразник,0,0,0,0,0,0,0,0,0,0
жало,1,0,0,1,0,1,0,0,0,0
пекучий,0,0,0,0,0,1,0,0,0,0
скупий,1,0,1,1,0,1,0,1,0,0
сморід,0,0,1,0,0,1,0,0,0,0
смердючий,0,0,1,0,0,1,0,0,0,0
обмеження,0,0,0,1,0,1,0,1,0,0
обумовлювати,0,0,0,0,0,0,0,0,0,0
застереження,0,0,0,0,0,0,0,0,0,0
перемішати,0,0,0,0,0,0,0,0,0,0
перемішування,0,0,0,0,0,0,0,0,0,0
стібок,0,0,0,0,0,0,0,0,0,0
запас,0,0,0,0,0,0,0,0,0,0
біржовий брокер,0,0,0,0,0,0,0,0,0,0
панчіх,0,0,0,0,0,0,0,0,0,0
акції,0,0,0,0,0,1,0,0,0,0
вкрали,0,0,0,0,0,0,0,0,0,0
вкрадені,1,0,0,0,0,1,0,0,0,0
живіт,0,0,1,0,0,0,0,0,0,0
камінь,1,0,0,0,0,1,0,0,0,0
побитий камінням,0,0,0,0,0,1,0,0,0,0
кераміка,0,0,0,0,0,0,0,0,0,0
кам'янистий,0,0,0,0,0,0,0,0,0,0
стілець,0,0,0,0,0,0,0,0,0,0
табуретки,0,0,1,0,0,1,0,0,0,0
сутулитися,0,0,0,0,0,0,0,0,0,0
СТОП,0,0,0,0,0,0,0,0,0,0
зупинка,0,0,0,0,0,1,0,0,0,0
пробка,0,0,0,0,0,0,0,0,0,0
зупинка,0,0,0,0,0,0,0,0,0,0
секундомір,0,0,0,0,0,0,0,0,0,0
зберігання,0,0,0,0,0,0,0,0,0,0
зберігати,0,1,0,0,0,0,1,0,0,0
склад,0,0,0,0,0,0,0,0,0,0
зберігання,0,0,0,0,0,0,0,0,0,0
шторм,1,0,0,0,0,1,0,0,0,0
штурмуючи,1,0,0,0,0,0,0,0,0,0
бурхливий,0,0,0,1,0,1,0,0,0,0
історія,0,0,0,0,0,0,0,0,0,0
кремезний,0,0,0,0,0,0,0,0,0,0
плита,0,0,0,0,0,0,0,0,0,0
укласти,0,0,0,0,0,0,0,0,0,0
осідлати,0,0,0,0,0,0,0,0,0,0
випрямити,0,0,0,0,0,0,0,0,0,0
прямолінійний,0,0,0,0,0,0,1,0,0,1
негайно,0,0,0,0,0,0,0,0,0,0
напружений,1,0,0,0,0,1,0,0,0,0
протока,0,0,0,0,0,0,0,0,0,0
протоки,0,0,0,1,0,1,0,0,0,0
пасмо,0,0,0,0,0,0,0,0,0,0
що сів на мілину,0,0,0,0,0,1,0,0,0,0
незнайомець,0,0,0,1,0,1,0,0,0,0
душити,1,0,1,1,0,1,0,1,1,0
ремінь,0,0,0,0,0,0,0,0,0,0
обв'язка,0,0,0,0,0,0,0,0,0,0
верстви,0,0,0,0,0,0,0,0,0,0
стратегічний,0,0,0,0,0,0,1,0,0,0
стратег,0,1,0,0,0,0,1,0,0,1
стратегія,0,0,0,0,0,0,0,0,0,0
розшарування,0,0,0,0,0,0,0,0,0,0
прошарок,0,0,0,0,0,0,0,0,0,0
стратус,0,0,0,0,0,0,0,0,0,0
солома,0,0,0,0,0,0,0,0,0,0
бродячий,0,0,0,0,0,1,0,0,0,0
смуга,0,0,0,0,0,0,0,0,0,0
смугастий,0,0,0,0,0,0,0,0,0,0
потік,0,0,0,0,0,0,0,0,0,0
стример,0,0,0,0,0,0,0,0,0,0
потокове передавання,0,0,0,0,0,0,0,0,0,0
вулиця,0,0,0,0,0,0,0,0,0,0
сила,0,0,0,0,0,0,1,0,0,1
посилити,0,0,0,0,0,0,1,0,0,0
зміцнення,0,0,0,0,1,0,1,0,0,1
напружений,0,0,0,0,0,0,0,0,0,0
стрес,0,0,0,0,0,1,0,0,0,0
розтягуватись,0,0,0,0,0,0,0,0,0,0
носилки,0,0,0,1,0,0,0,1,0,0
вражений,0,0,0,0,0,0,0,1,0,0
крокувати,0,0,0,0,0,0,0,0,0,0
чвари,1,0,0,0,0,1,0,0,0,0
страйк,1,0,0,0,0,1,0,0,0,0
разючий,0,0,0,0,0,0,1,0,0,0
разюче,0,0,0,0,0,0,1,0,0,0
рядок,0,0,0,0,0,0,0,0,0,0
тягучий,0,0,0,0,0,0,0,0,0,0
смужка,0,0,0,0,0,1,0,1,0,0
смуга,0,0,0,0,0,1,0,0,0,0
оголений,1,1,1,1,0,1,0,1,0,0
прагнути,0,1,0,0,0,0,0,0,0,0
стробоскоп,0,0,0,0,0,0,0,0,0,0
інсульт,0,0,0,1,0,1,0,1,0,0
прогулятися,0,0,0,0,0,0,0,0,0,0
твердиня,0,0,0,0,0,0,0,0,0,0
сильно,0,0,0,0,0,0,1,0,0,0
структурний,0,0,0,0,0,0,0,0,0,1
структура,0,0,0,0,0,0,1,0,0,1
боротьба,1,0,0,1,0,1,0,1,0,0
стійка,0,0,0,0,0,1,0,0,0,0
стерня,0,0,0,0,0,0,0,0,0,0
впертість,0,0,0,0,0,0,0,0,0,0
коренастий,0,0,0,0,0,0,0,0,0,0
ліпнина,0,0,0,0,0,0,0,0,0,0
застряг,0,0,0,0,0,0,0,0,0,0
шпилька,0,0,0,0,0,0,1,0,0,0
шипований,0,0,0,0,0,0,0,0,0,0
студент,0,0,0,0,0,0,0,0,0,0
вивчав,0,0,0,0,0,0,0,0,0,0
студія,0,0,0,0,0,0,0,0,0,0
дослідження,0,0,0,0,0,0,1,0,0,0
речі,0,0,0,0,0,0,0,0,0,0
начинка,0,0,0,0,0,0,0,0,0,0
душно,0,0,0,0,0,1,0,0,0,0
спотикатися,0,0,0,0,0,1,0,0,0,0
пеньок,0,0,0,0,0,0,0,0,0,0
приголомшений,0,0,0,1,0,1,0,0,1,0
трюк,0,0,0,0,0,0,0,0,0,0
низькорослий,0,0,0,0,0,1,0,0,0,0
приголомшливий,0,0,0,0,0,0,0,0,0,0
дурний,0,0,0,0,0,1,0,0,0,0
дурість,0,0,0,0,0,1,0,0,0,0
ступор,0,0,0,0,0,1,0,0,0,0
міцний,0,0,0,0,0,0,1,0,0,0
осетрових,0,0,0,0,0,0,0,0,0,0
заїкатися,0,0,0,0,0,0,0,0,0,0
sty,0,0,1,0,0,1,0,0,0,0
стиль,0,0,0,0,0,0,0,0,0,0
стильний,0,0,0,0,0,0,0,0,0,0
субатомний,0,0,0,0,0,0,0,0,0,0
підкомітет,0,0,0,0,0,0,0,0,0,0
підсвідомість,0,0,0,0,0,0,0,0,0,0
підшкірний,0,0,0,0,0,0,0,0,0,0
підрозділяти,0,0,0,0,0,0,0,0,0,0
підрозділ,0,0,0,0,0,0,0,0,0,0
субдукція,0,0,0,0,0,0,0,0,0,0
підпорядковувати,0,0,0,0,0,1,0,0,0,0
підкорений,0,0,0,0,0,0,0,0,0,0
subito,0,0,0,0,0,0,0,0,1,0
тема,0,0,0,0,0,1,0,0,0,0
піддається,0,0,0,0,0,1,0,1,0,0
підпорядкування,0,0,0,0,0,1,0,0,0,0
суб'єктивний,0,0,0,0,0,0,0,0,0,0
підкорення,1,0,1,1,0,1,0,1,0,0
сублімація,0,0,0,0,1,0,1,0,0,0
підсвідомий,0,0,0,0,0,0,0,0,0,0
підводний човен,0,0,0,0,0,0,0,0,0,0
занурений,0,0,0,0,0,0,0,0,0,0
занурювальний,0,0,0,0,0,0,0,0,0,0
подання,0,0,0,0,0,0,0,0,0,0
подати,0,1,0,0,0,0,0,0,0,0
підлеглий,0,0,0,1,0,1,0,0,0,0
підпорядкування,0,0,0,0,0,0,0,0,0,0
підсюжет,0,0,0,0,0,0,0,0,0,0
повістка до суду,0,0,0,0,0,1,0,0,0,0
підписатися,0,1,0,0,0,0,0,0,0,0
підписка,0,0,0,0,0,0,0,0,0,0
підпослідовність,0,0,0,0,0,0,0,0,0,0
наступні,0,0,0,0,0,0,0,0,0,0
згодом,0,0,0,0,0,0,0,0,0,0
підмножина,0,0,0,0,0,0,0,0,0,0
стихають,0,0,0,0,0,0,0,0,0,0
осідання,0,0,0,0,0,1,0,1,0,0
дочірнє підприємство,0,0,0,0,0,0,0,0,0,0
субсидувати,0,0,0,0,0,0,0,0,0,0
субсидія,1,0,1,0,0,1,0,0,0,0
існувати,0,0,0,0,0,1,0,0,0,0
прожитковий мінімум,0,0,0,0,0,0,0,0,0,0
надра,0,0,0,0,0,0,0,0,0,0
речовина,0,0,0,0,0,0,1,0,0,0
суттєво,0,0,0,0,0,0,0,0,0,0
обґрунтувати,0,0,0,0,0,0,0,0,0,1
змістовний,0,0,0,0,0,0,1,0,0,0
замінити,0,0,0,0,0,0,0,0,0,0
замінений,0,0,0,0,0,0,0,0,0,0
заміна,0,0,0,0,0,0,0,0,0,0
підструктура,0,0,0,0,0,0,0,0,0,0
підземний,0,0,0,0,0,0,0,0,0,0
тонкий,0,0,0,0,0,0,0,0,0,0
тонкість,0,0,0,0,0,0,0,0,0,0
відняти,0,0,0,0,0,1,0,0,0,0
віднімання,0,0,0,0,0,0,0,0,0,0
підтип,0,0,0,0,0,0,0,0,0,0
передмістя,0,0,0,0,0,0,0,0,0,0
приміський,0,0,0,0,0,0,0,0,0,0
передмістя,0,0,0,0,0,0,0,0,0,0
диверсія,1,0,0,1,0,1,0,0,0,0
підривний,1,0,0,0,0,1,0,0,1,0
підривати,0,0,1,1,0,1,0,1,0,0
метро,0,0,0,0,0,0,0,0,0,0
процвітати,0,1,0,0,1,0,1,0,1,1
досягаючи успіху,0,1,0,0,1,0,1,0,0,1
успіх,0,1,0,0,1,0,1,0,0,0
успішний,0,1,0,0,1,0,1,0,0,1
правонаступництво,0,0,0,0,0,0,0,0,0,0
послідовний,0,0,0,0,0,0,0,0,0,0
наступник,0,0,0,0,0,0,0,0,0,0
стислий,0,0,0,0,0,0,1,0,0,0
сукулентний,0,0,0,0,0,1,1,0,0,0
піддаватися,0,0,0,0,0,1,0,0,0,0
смоктати,0,0,0,0,0,1,0,0,0,0
присоска,1,0,0,0,0,1,0,0,0,0
смоктання,0,0,0,0,0,0,0,0,0,0
підсисний,0,0,0,0,0,0,0,0,0,0
всмоктування,0,0,0,0,0,0,0,0,0,0
раптовий,0,0,0,0,0,0,0,0,1,0
раптово,0,0,0,0,0,0,0,0,1,0
судитися,1,0,0,0,0,1,0,1,0,0
страждати,0,0,0,0,0,1,0,0,0,0
страждальця,0,0,0,1,0,1,0,1,0,0
страждання,0,0,1,1,0,1,0,1,0,0
достатньо,0,0,0,0,0,0,0,0,0,0
достатність,0,0,0,0,0,0,1,0,0,0
достатній,0,0,0,0,0,0,0,0,0,0
достатньо,0,0,0,0,0,0,0,0,0,0
суфікс,0,0,0,0,0,0,0,0,0,0
задушливий,0,0,1,1,0,1,0,1,0,0
задуха,1,0,0,1,0,1,0,0,0,0
цукор,0,0,0,0,0,0,1,0,0,0
пропонувати,0,0,0,0,0,0,0,0,0,1
пропозиція,0,0,0,0,0,0,0,0,0,0
сугестивний,0,0,0,0,0,0,0,0,0,0
суїцидальні,1,0,1,1,0,1,0,1,0,0
самогубство,1,0,0,1,0,1,0,1,0,0
костюм,0,0,0,0,0,0,0,0,0,0
підходить,0,0,0,0,0,0,1,0,0,0
люкс,0,0,0,0,0,0,0,0,0,0
залицяльник,0,0,0,0,0,0,0,0,0,0
похмурий,1,0,0,0,0,1,0,1,0,0
сірка,0,0,0,0,0,0,0,0,0,0
султан,0,0,0,1,0,0,0,0,0,0
спекотний,0,0,0,0,0,0,1,0,0,0
сума,0,0,0,0,0,0,0,0,0,0
сумарно,0,0,0,0,0,0,0,0,0,0
підсумувати,0,0,0,0,0,0,0,0,0,0
резюме,0,0,0,0,0,0,0,0,0,0
підсумовування,0,0,0,0,0,0,0,0,0,0
літо,0,0,0,0,0,0,0,0,0,0
саміт,0,0,0,0,0,0,0,0,0,0
викликати,0,0,0,0,0,0,0,0,0,0
повістка,0,0,0,0,0,1,0,0,0,0
сумо,0,0,0,0,0,0,0,0,0,0
відстійник,0,0,1,0,0,0,0,0,0,0
розкішний,0,0,0,0,0,0,0,0,0,0
сонце,0,1,0,0,1,0,1,0,1,1
сонячний промінь,0,0,0,0,0,0,0,0,0,0
сонячний годинник,0,1,0,0,0,0,0,0,0,1
захід сонця,0,0,0,0,0,0,0,0,0,0
різні,0,0,0,0,0,0,0,0,0,0
сонцезахисні окуляри,0,0,0,0,0,0,0,0,0,0
сонцезахисні окуляри,0,0,0,0,0,0,0,0,0,0
затонув,0,0,1,1,0,1,0,1,0,0
безсонячний,0,0,0,0,0,0,0,0,0,0
сонячне світло,0,0,0,0,0,0,0,0,0,0
сонячно,0,1,0,0,1,0,1,0,1,0
схід сонця,0,0,0,0,0,0,0,0,0,0
захід сонця,0,1,0,0,0,0,1,0,0,0
сонячне світло,0,0,0,0,1,0,1,0,0,0
вислуга років,0,0,0,0,0,0,0,0,0,0
чудовий,0,0,0,0,0,0,1,0,0,0
поверхневий,0,0,0,0,0,1,0,0,0,0
зайве,0,0,0,0,0,1,0,0,0,0
надлюдина,0,0,0,0,0,0,1,0,0,0
накладені,0,0,0,0,0,0,0,0,0,0
суперінтендант,0,0,0,0,0,0,0,0,0,0
начальника,0,0,0,0,0,0,1,0,0,0
перевага,0,0,0,0,0,0,1,0,0,0
найвищий ступінь,0,0,0,0,0,0,0,0,0,0
супермен,0,0,0,0,1,0,1,0,0,1
супермаркет,0,0,0,0,0,0,0,0,0,0
супернатант,0,0,0,0,0,0,0,0,0,0
надприродне,0,0,0,0,0,0,0,0,0,0
суперпозиція,0,0,0,0,0,0,0,0,0,0
замінити,0,0,0,0,0,0,0,0,0,0
суперзірка,0,0,0,0,1,0,1,0,0,1
марновірство,0,0,0,1,0,1,1,0,0,0
забобонний,0,1,0,1,0,1,0,0,0,0
контролювати,0,0,0,0,0,0,0,0,0,0
нагляд,0,0,0,0,0,0,0,0,0,0
керівник,0,0,0,0,0,0,0,0,0,0
вечеря,0,0,0,0,0,0,0,0,0,0
витісняти,0,0,0,0,0,0,0,0,0,0
еластичний,0,0,0,0,0,0,0,0,0,0
додаток,0,0,0,0,0,0,0,0,0,0
додатковий,0,0,0,0,0,0,0,0,0,0
додатковий,0,0,0,0,0,0,0,0,0,0
благання,0,0,0,0,0,0,1,0,0,1
припаси,0,0,0,0,0,0,1,0,0,0
постачання,0,0,0,0,0,0,1,0,0,0
підтримується,0,0,0,0,0,0,1,0,0,0
прихильник,0,0,0,0,1,0,1,0,0,1
прихильників,0,0,0,0,0,0,0,0,0,0
підтримуючий,0,0,0,0,0,0,1,0,0,1
припустимо,0,0,0,0,0,0,0,0,0,0
припускаючи,0,0,0,0,0,0,0,0,0,0
припущення,0,0,0,0,0,0,0,0,0,0
придушити,1,0,0,1,0,1,0,1,0,0
придушення,1,0,1,1,0,1,0,0,0,0
зверхність,1,1,0,1,1,1,1,0,1,1
верховний,0,0,0,0,0,0,1,0,0,0
у вищому ступені,0,0,0,0,0,0,1,0,0,0
доплата,1,0,0,0,0,1,0,0,0,0
порука,0,0,0,0,0,0,1,0,0,1
серфінг,0,0,0,0,0,0,0,0,0,0
поверхні,0,0,0,0,0,0,0,0,0,0
сплеск,0,0,0,0,0,0,0,0,1,0
хірург,0,0,0,0,0,0,0,0,0,0
хірургія,0,0,0,1,0,0,0,1,0,0
похмурий,1,0,1,0,0,1,0,0,0,0
припущення,0,0,0,0,0,0,1,0,0,0
прізвище,0,0,0,0,0,0,0,0,0,0
перевершуючи,0,0,0,0,0,0,1,0,0,0
надлишок,0,0,0,0,0,0,0,0,0,0
сюрприз,0,0,0,1,1,0,1,0,1,0
здивований,0,0,0,0,0,0,0,0,1,0
дивно,0,0,0,0,0,0,0,0,1,0
на диво,0,1,0,0,0,0,0,0,1,0
здатися,0,0,0,1,0,1,0,1,0,0
здаючись,0,0,0,0,0,1,0,1,0,0
сурогат,0,0,0,0,0,0,0,0,0,1
оточують,0,1,0,0,0,1,1,0,0,0
оточуючих,0,0,0,0,0,0,0,0,0,0
оточення,0,0,0,0,0,0,0,0,0,0
спостереження,0,0,0,1,0,0,0,0,0,0
опитування,0,0,0,0,0,0,0,0,0,0
геодезія,0,0,0,0,0,0,1,0,0,0
землемір,0,0,0,0,0,0,0,0,0,0
виживання,0,0,0,0,0,0,0,0,0,0
вижити,0,0,0,0,0,0,1,0,0,0
виживання,0,0,0,0,0,0,0,0,0,0
сприйнятливість,0,0,0,0,0,0,0,0,0,0
сприйнятливий,0,0,0,0,0,1,0,0,0,0
підозрюваний,0,0,0,1,0,1,0,0,0,0
підозрюваний,0,0,0,0,0,0,0,0,0,0
призупинити,0,0,0,0,0,0,0,0,0,0
призупинено,0,0,0,0,0,0,0,0,0,0
підтяжки,0,0,0,0,0,0,0,0,0,0
невідомість,0,1,0,1,0,0,0,0,1,0
підвіска,0,0,0,1,0,1,0,0,0,0
підозра,0,0,0,1,0,1,0,0,0,0
підозри,0,0,0,0,0,0,0,0,0,0
підозрілий,1,1,0,0,0,1,0,0,0,0
витриманий,0,0,0,0,0,0,0,0,0,0
прожиток,0,0,0,0,0,0,0,0,0,0
шовний матеріал,0,0,0,0,0,0,0,0,0,0
тампон,0,0,0,0,0,1,0,0,0,0
хабар,0,0,0,0,0,0,0,0,0,0
чванство,0,0,0,0,0,0,0,0,0,0
ковтати,0,0,0,0,0,0,0,0,0,0
болото,0,0,1,1,0,1,0,0,0,0
заболочений,0,0,0,0,0,0,0,0,0,0
болотистий,0,0,1,1,0,1,0,0,0,0
лебідь,0,0,0,0,0,0,0,0,0,0
своп,0,0,0,0,0,0,0,0,0,0
рій,0,0,1,0,0,0,0,0,0,0
роїння,0,0,0,0,0,0,0,0,0,0
свастика,1,0,0,1,0,1,0,0,0,0
коливатися,0,0,0,0,0,0,0,0,0,0
лаятись,0,0,0,0,0,0,1,0,0,1
лайка,0,0,0,0,0,0,0,0,0,0
піт,0,0,0,1,0,0,0,0,0,0
светр,0,0,0,0,0,0,0,0,0,0
пітливість,0,0,0,0,0,0,0,0,0,0
підмітати,0,0,0,0,0,0,0,0,0,0
підмітання,0,0,0,0,0,0,0,0,0,0
солодкий,0,1,0,0,1,0,1,0,1,1
підсолодити,0,0,0,0,0,0,0,0,0,0
підсолоджений,0,0,0,0,0,0,0,0,0,0
підсолоджувач,0,0,0,0,0,0,0,0,0,0
кохана,0,1,0,0,1,0,1,1,0,1
солодкий,0,0,0,0,0,0,1,0,0,0
солодкість,0,0,0,0,0,0,1,0,0,0
солодощі,0,1,0,0,1,0,1,0,0,0
набухати,0,0,0,0,0,0,0,0,0,0
набряк,0,0,0,1,0,1,0,0,0,0
спекотний,0,0,0,0,0,0,0,0,0,0
відхилятися,0,0,0,1,0,0,0,0,1,0
стрімкий,0,0,0,0,0,0,1,0,0,0
швидко,0,0,0,0,0,0,0,0,0,0
ковток,0,0,1,0,0,1,0,0,0,0
плавати,0,1,0,1,1,0,1,0,0,0
плавання,0,0,0,0,0,0,0,0,0,0
свинячий,0,0,1,0,0,1,0,0,0,0
гойдалка,0,0,0,0,0,0,0,0,0,0
розгойдування,0,0,0,0,0,0,0,0,0,0
свист,0,0,0,0,0,0,0,0,0,0
перемикач,0,0,0,0,0,0,0,0,0,0
поворотний,0,0,0,0,0,0,0,0,0,0
набряклі,0,0,0,0,0,1,0,0,0,0
непритомніти,0,0,0,0,0,0,0,0,0,0
наліт,0,0,0,0,0,0,0,0,0,0
меч,0,0,0,0,0,0,0,0,0,0
склад,0,0,0,0,0,0,0,0,0,0
навчальний план,0,0,0,0,0,0,0,0,0,0
символ,0,0,0,0,0,0,0,0,0,0
символічний,0,0,0,0,0,0,1,0,0,0
символічно,0,0,0,0,0,0,0,0,0,0
символізм,0,0,0,0,0,0,0,0,0,0
символізувати,0,0,0,0,0,0,0,0,0,0
симетричний,0,0,0,0,0,0,0,0,0,0
симетричний,0,0,0,0,0,0,1,0,0,0
симетрія,0,0,0,0,1,0,1,0,0,1
співчутливий,0,0,0,1,1,0,1,1,0,1
співчувати,0,0,0,0,0,0,0,1,0,0
співчуття,0,0,0,0,0,0,1,1,0,0
симфонія,0,1,0,0,1,0,1,0,0,0
симптом,0,0,0,0,0,1,0,0,0,0
симптоматичне,0,0,0,0,0,0,0,0,0,0
синагога,0,0,0,0,0,0,0,0,0,0
синхронізувати,0,1,0,0,1,0,1,0,1,1
синхронний,0,0,0,0,0,0,0,0,0,0
синкопе,0,0,0,1,0,1,0,1,1,0
синдикат,0,0,0,0,0,0,0,0,0,0
синергетичний,0,0,0,0,0,0,1,0,0,1
синергія,0,0,0,0,0,0,0,0,0,0
синод,0,0,0,0,0,0,1,0,0,1
синонім,0,0,0,0,0,0,0,0,0,0
синонімічні,0,0,0,1,0,1,1,0,0,1
конспект,0,0,0,0,0,0,0,0,0,0
синоптичний,0,0,0,0,0,0,0,0,0,0
синтаксис,0,0,0,0,0,0,0,0,0,0
синтез,0,0,0,0,0,0,0,0,0,0
синтетичний,0,0,0,0,0,0,0,0,0,0
шприц,0,0,0,1,0,0,0,0,0,0
сироп,0,0,0,0,0,0,0,0,0,0
система,0,0,0,0,0,0,0,0,0,1
систематичність,0,0,0,0,0,0,0,0,0,0
систематично,0,0,0,0,0,0,0,0,0,0
таббі,0,0,0,0,0,0,0,0,0,0
скинія,0,0,0,0,0,0,0,0,0,0
стіл,0,0,0,0,0,0,0,0,0,0
таблиця,0,0,0,0,0,0,0,0,0,0
столова ложка,0,0,0,0,0,0,0,0,0,0
планшет,0,0,0,0,0,0,0,0,0,0
посуд,0,0,0,0,0,0,0,0,0,0
табу,0,0,1,1,0,1,0,0,0,0
табличний,0,0,0,0,0,0,0,0,0,0
звести в таблицю,0,1,0,0,0,0,0,0,0,0
табулювання,0,0,0,0,0,0,0,0,0,0
тахометр,0,0,0,0,0,0,0,0,0,0
мовчазний,0,0,0,0,0,0,0,0,0,0
прихватка,0,0,0,0,0,0,0,0,0,0
снасті,1,0,0,0,0,0,0,0,1,0
боротьба,0,0,0,0,0,0,0,0,0,0
липкий,0,0,0,0,0,0,0,0,0,0
такт,0,0,0,0,0,0,1,0,0,0
тактика,0,0,0,1,0,0,0,0,0,1
тактильний,0,0,0,0,0,0,0,0,0,0
тафта,0,0,0,0,0,0,0,0,0,0
іриска,0,0,0,0,0,0,0,0,0,0
тег,0,0,0,0,0,0,0,0,0,0
хвіст,0,0,0,0,0,0,0,0,0,0
хвостатий,0,0,0,0,0,0,0,0,0,0
хвости,0,0,0,0,0,0,0,0,0,0
кравець,0,0,0,0,0,0,0,0,0,0
пошиття одягу,0,0,0,0,0,0,0,0,0,0
заплямувати,0,0,0,0,0,1,0,1,0,0
приймач,0,0,0,0,0,0,0,0,0,0
казка,0,0,0,0,0,0,1,0,0,0
талант,0,0,0,0,0,0,1,0,0,0
талановитий,0,0,0,0,0,0,0,0,0,0
талісман,0,0,0,0,0,0,1,0,0,0
говорити,0,0,0,0,0,0,1,0,0,0
балакучий,0,0,0,0,0,0,0,0,0,0
балакун,0,0,0,0,0,0,0,0,0,0
високий,0,0,0,0,0,0,0,0,0,0
підрахунки,0,0,0,0,0,0,0,0,0,0
сало,0,0,0,0,0,0,0,0,0,0
підрахунок,0,0,0,0,0,0,0,0,0,0
кігті,1,0,0,1,0,1,0,0,0,0
бубон,0,0,0,0,0,0,0,0,0,0
приручення,0,0,0,0,0,0,0,0,0,0
загар,0,0,0,0,0,0,0,0,0,0
тандем,0,0,0,0,0,0,0,0,0,1
танг,0,0,0,0,0,0,0,0,0,0
дотична,0,0,0,0,0,0,0,0,0,0
клубок,0,0,0,0,0,0,0,0,0,0
заплутаний,0,0,0,0,0,1,0,0,0,0
танк,0,0,0,0,0,0,0,0,0,0
засмаглі,0,0,0,0,0,0,1,0,0,0
дражливий,0,1,0,0,1,1,1,0,1,0
рівносильно,0,0,0,0,0,0,0,0,0,1
кран,0,0,0,0,0,0,0,0,0,0
стрічка,0,0,0,0,0,0,0,0,0,0
конусність,0,0,0,0,0,0,0,0,0,0
звужується,0,0,0,0,0,0,0,0,0,0
гобелен,0,0,0,0,0,0,0,0,0,0
дьоготь,0,0,0,0,0,0,0,0,0,0
запізнення,0,0,0,0,0,1,0,0,0,0
запізнілий,0,0,0,0,0,1,0,0,0,0
мета,0,0,0,0,0,0,0,0,0,0
тариф,1,0,1,0,0,1,0,0,0,0
заплямувати,0,0,1,0,0,1,0,1,0,0
смолистий,0,0,0,0,0,1,0,0,0,0
терпкий,0,0,0,0,0,0,0,0,0,0
тартан,0,0,0,0,0,0,0,0,0,0
зубний камінь,0,0,0,0,0,0,0,0,0,0
завдання,0,0,0,0,0,0,1,0,0,0
китиця,0,0,0,0,0,0,0,0,0,0
смак,0,0,0,0,0,0,0,0,0,0
зі смаком,0,0,0,0,0,0,1,0,0,0
несмачний,0,0,1,0,0,1,0,0,0,0
дегустація,0,0,0,0,0,0,0,0,0,0
смачно,0,0,0,0,0,0,1,0,0,0
тат,0,0,0,0,0,0,0,0,0,0
татуювання,0,0,0,0,0,0,0,0,0,0
навчив,0,0,0,0,0,0,0,0,0,1
кепкування,1,0,0,1,0,1,0,1,0,0
натягнутий,0,0,0,0,0,0,0,0,0,0
таверна,0,0,0,0,0,0,0,0,0,0
коричневий,0,0,1,0,0,0,0,0,0,0
податок,0,0,0,0,0,1,0,1,0,0
таксі,0,0,0,0,0,0,0,0,0,0
таксономія,0,0,0,0,0,0,0,0,0,0
чай,0,0,0,0,0,0,0,0,0,0
навчати,0,0,0,0,1,0,1,0,1,1
викладач,0,0,0,0,0,0,1,0,0,1
навчання,0,0,0,0,0,0,0,0,0,0
команда,0,0,0,0,0,0,0,0,0,1
плаксивий,0,0,1,1,0,0,0,1,0,0
дражнити,1,1,0,0,0,1,0,1,0,0
тизер,0,0,0,0,0,0,0,0,0,0
дражнити,1,0,0,1,0,1,0,0,0,0
соска,0,0,0,0,0,0,0,0,0,0
технічний,0,0,0,0,0,0,0,0,0,0
технічність,0,0,0,0,0,0,0,0,0,0
технік,0,0,0,0,0,0,0,0,0,0
технології,0,0,0,0,0,0,1,0,0,0
Тед,0,0,0,0,0,0,0,0,0,0
нудний,0,0,0,0,0,1,0,0,0,0
нудьга,0,0,0,0,0,1,0,0,0,0
кишить,0,0,1,0,0,0,0,0,0,0
підлітки,0,0,0,0,0,1,1,0,0,0
зуби,0,0,0,0,0,0,0,0,0,0
тефлон,0,0,0,0,0,0,0,0,0,0
телеграма,0,0,0,0,0,0,0,0,0,0
телеграф,0,0,0,0,0,0,0,0,0,0
телефон,0,0,0,0,0,0,0,0,0,0
телескоп,0,0,0,0,0,0,0,0,0,0
телескопічний,0,0,0,0,0,0,0,0,0,0
телебачення,0,0,0,0,0,0,0,0,0,0
касир,0,0,0,0,0,0,0,0,0,0
розповідаючи,0,0,0,0,0,0,0,0,0,0
контрольний,0,0,0,0,0,0,0,0,0,0
темперамент,0,0,0,0,0,0,0,0,0,0
темпера,0,0,0,0,0,0,0,0,0,0
темперамент,0,0,0,0,0,0,0,0,0,0
помірність,0,0,0,0,0,0,1,0,0,0
помірний,0,0,0,0,0,0,0,0,0,1
температура,0,0,0,0,0,0,0,0,0,0
загартований,0,0,0,0,0,0,1,0,0,0
буря,1,1,0,1,0,1,0,1,1,0
храм,0,0,0,0,0,0,0,0,0,0
скроневі,0,0,0,0,0,0,0,0,0,0
тимчасово,0,0,0,0,0,0,0,0,0,0
тимчасовий,0,0,0,0,0,0,0,0,0,0
спокусити,0,0,0,0,0,0,0,0,0,0
спокуса,0,0,0,0,0,1,0,0,0,0
спокусливо,0,0,0,0,0,0,0,0,0,0
десять,0,0,0,0,0,0,0,0,0,0
стійкий,0,0,0,0,0,0,1,0,0,0
живучий,0,0,0,0,0,0,1,0,0,0
завзятість,0,0,0,0,0,0,1,0,0,0
оренда,0,0,0,0,0,0,1,0,0,0
орендар,0,0,0,0,0,0,1,0,0,0
тенденція,0,0,0,0,0,0,0,0,0,0
ніжний,0,0,0,0,1,0,1,0,0,1
ніжність,0,0,0,0,1,0,1,0,0,0
доглядаючи,0,0,0,0,0,0,0,0,0,0
сухожилля,0,0,0,0,0,0,0,0,0,0
кам'яниця,0,0,0,0,0,1,0,0,0,0
принцип,0,0,0,0,0,0,0,0,0,0
принципи,0,0,0,0,0,0,0,0,0,0
десятикратно,0,0,0,0,0,0,0,0,0,0
теніс,0,0,0,0,0,0,0,0,0,0
напружений,0,0,0,0,0,0,0,0,0,0
розтягування,0,0,0,0,0,0,0,0,0,0
напруга,1,0,0,0,0,0,0,0,0,0
намет,0,0,0,0,0,0,0,0,0,0
щупальце,0,0,0,0,0,0,0,0,0,0
орієнтовний,0,0,0,0,0,0,0,0,0,0
десяте,0,0,0,0,0,0,0,0,0,0
десятих,0,0,0,0,0,0,0,0,0,0
незначний,0,0,0,0,0,0,0,0,0,0
володіння,0,0,0,0,0,0,0,0,0,0
прохолодний,0,0,0,0,0,0,0,0,0,0
термін,0,0,0,0,0,0,0,0,0,0
термінал,0,0,0,1,0,1,0,1,0,0
припиняти,0,0,0,0,0,0,0,1,0,0
припинення,0,0,0,0,0,1,0,1,0,0
кінцева станція,0,0,0,0,0,0,0,0,0,0
термітник,0,0,1,0,0,1,0,0,0,0
умови,0,0,0,0,0,0,0,0,0,0
крячок,0,0,0,0,0,0,0,0,0,0
потрійний,0,0,0,0,0,0,0,0,0,0
тераса,0,0,0,0,0,0,0,0,0,0
наземні,0,0,0,0,0,0,0,0,0,0
жахливий,1,0,1,1,0,1,0,1,0,0
жахливо,0,0,0,0,0,0,0,1,0,0
тер'єр,0,0,0,0,0,0,0,0,0,0
приголомшливо,0,0,0,0,0,0,0,1,0,0
територіальні,0,0,0,0,0,0,0,0,0,0
території,0,0,0,0,0,0,0,0,0,0
терор,0,0,0,1,0,1,0,0,0,0
тероризм,1,0,1,1,0,1,0,1,0,0
терорист,1,0,1,1,0,1,0,1,1,0
тероризувати,1,0,0,1,0,1,0,1,0,0
лаконічний,0,0,0,0,0,0,0,0,0,0
третинний,0,0,0,0,0,0,0,0,0,0
тест,0,0,0,0,0,0,0,0,0,0
заповіт,0,1,0,0,0,0,0,0,0,1
свідчити,0,0,0,0,0,0,0,0,0,0
відгук,0,0,0,0,0,0,0,0,0,0
свідчення,0,0,0,0,0,0,0,0,0,1
правець,0,0,1,0,0,1,0,0,0,0
прив'язка,0,0,0,0,0,1,0,0,0,0
прив'язаний,0,0,0,0,0,0,0,0,0,0
чотиригранний,0,0,0,0,0,0,0,0,0,0
текст,0,0,0,0,0,0,0,0,0,0
підручник,0,0,0,0,0,0,0,0,0,0
текстиль,0,0,0,0,0,0,0,0,0,0
текстурний,0,0,0,0,0,0,0,0,0,0
текстура,0,0,0,0,0,0,0,0,0,0
вдячний,0,0,0,0,1,0,1,0,0,0
подяка,0,0,0,0,1,0,1,0,0,0
солома,0,0,0,0,0,0,0,0,0,0
відлига,0,0,0,0,0,0,0,0,0,0
театр,0,0,0,0,0,0,0,0,0,0
театральний,0,0,0,0,0,0,0,0,0,0
крадіжки,1,0,1,1,0,1,0,1,0,0
теїзм,0,0,1,0,0,1,0,0,0,0
теїстичний,0,0,0,0,0,0,0,0,0,0
тема,0,0,0,0,0,0,0,0,0,0
теократія,0,0,0,0,0,0,0,0,0,0
теократичний,1,0,0,1,0,1,0,1,0,1
теолог,0,0,0,0,0,0,0,0,0,0
теологічний,0,0,0,0,0,0,0,0,0,1
богослов'я,0,1,0,0,0,0,0,0,0,0
теорема,0,0,0,0,0,0,0,0,0,1
теоретичний,0,0,0,0,0,0,1,0,0,0
теорія,0,1,0,0,0,0,0,0,0,1
терапевтичні,0,0,0,0,1,0,1,0,0,1
терапевтичні засоби,0,0,0,0,0,0,1,0,0,0
приблизно там,0,0,0,0,0,0,0,0,0,0
цього,0,0,0,0,0,0,0,0,0,0
з ним,0,0,0,0,0,0,0,0,0,0
теплові,0,0,0,0,0,0,0,0,0,0
термопара,0,1,0,0,0,0,0,0,0,0
термодинаміка,0,0,0,0,0,0,0,0,0,0
термометр,0,0,0,0,0,0,0,0,0,1
термостат,0,0,0,0,0,0,0,0,0,0
тезаурус,0,0,0,0,0,0,0,0,0,0
теза,0,0,0,0,0,0,0,0,0,0
товстий,0,0,0,0,0,0,0,0,0,0
згущуватися,0,0,0,0,0,0,0,0,0,0
потовщення,0,0,0,0,0,0,0,0,0,0
зарості,0,0,0,0,0,0,0,0,0,0
товщина,0,0,0,0,0,0,0,0,0,0
злодій,1,0,1,1,0,1,0,1,1,0
наперсток,0,0,0,0,0,0,0,0,0,0
тонкий,0,0,0,0,0,0,0,0,0,0
річ,0,0,0,0,0,0,0,0,0,0
речі,0,0,0,0,0,0,0,0,0,0
мислитель,0,0,0,0,0,0,1,0,0,0
мислення,0,0,0,0,0,0,0,0,0,0
третин,0,0,0,0,0,0,0,0,0,0
спрага,0,1,0,0,0,0,0,1,1,0
спраглий,0,0,0,0,0,1,0,0,0,0
тринадцять,0,0,0,0,0,0,0,0,0,0
тринадцятий,0,0,0,1,0,0,0,0,0,0
розторопша,0,0,0,0,0,0,0,0,0,0
туди,0,0,0,0,0,0,0,0,0,0
стрінги,0,0,0,0,0,0,0,0,0,0
шип,0,0,0,0,0,1,0,0,0,0
колючий,0,0,0,1,0,1,0,0,0,0
чистокровний,0,0,0,0,0,0,1,0,0,0
проїзд,0,0,0,0,0,0,0,0,0,0
думка,0,1,0,0,0,0,0,0,0,0
вдумливий,0,0,0,0,0,0,1,0,0,1
вдумливість,0,0,0,0,0,0,1,0,0,0
бездумний,1,0,1,0,0,1,0,0,0,0
думки,0,0,0,0,0,0,0,0,0,0
тисячі,0,0,0,0,0,0,0,0,0,0
треш,1,0,1,1,0,1,0,1,0,0
нитка,0,0,0,0,0,0,0,0,0,0
загроза,1,0,0,1,0,1,0,0,0,0
погрожувати,1,1,0,1,0,1,0,0,0,0
погрозливий,1,0,1,1,0,1,0,0,0,0
потрійний,0,0,0,0,0,0,0,0,0,0
молотити,1,0,0,1,0,1,0,1,0,0
поріг,0,0,0,0,0,0,0,0,0,0
тричі,0,0,0,0,0,0,0,0,0,0
ощадливість,0,0,1,0,0,0,1,0,0,1
економний,0,0,0,0,0,0,0,0,0,0
трепет,0,1,0,1,1,0,1,0,1,0
захоплюючий,0,1,0,0,1,0,1,0,1,0
процвітаючий,0,1,0,0,1,0,1,0,0,0
горло,0,0,0,0,0,0,0,0,0,0
пульсувати,0,0,0,1,0,1,0,1,0,0
пульсуюча,0,0,0,0,0,0,0,0,0,0
трон,0,0,0,0,0,0,1,0,0,1
натовп,0,0,0,0,0,0,0,0,0,0
дросель,1,0,0,0,0,1,0,0,0,0
кинути,0,0,0,0,0,0,0,0,0,0
молочниця,0,0,0,0,0,0,0,0,0,0
тяга,0,0,0,0,0,0,0,0,0,0
тупіт,0,0,0,0,0,0,0,0,0,0
бандит,1,0,1,1,0,1,0,0,0,0
великий палець,0,0,0,0,0,0,0,0,0,0
стукіт,1,0,0,0,0,1,0,0,0,0
стукіт,0,0,0,1,0,0,0,0,0,0
грім,0,0,0,0,0,0,0,0,0,0
громовиця,0,0,0,0,0,0,0,0,0,0
гримить,1,0,0,1,0,1,0,0,0,0
гроза,0,0,0,0,0,0,0,0,0,0
зірвати,0,0,0,0,0,1,0,0,1,0
чебрець,0,0,0,0,0,0,0,0,0,0
тіара,0,0,0,0,0,0,0,0,0,0
галочка,0,0,0,0,0,0,0,0,0,0
тикер,0,0,0,0,0,0,0,0,0,0
квиток,0,0,0,0,0,0,0,0,0,0
лоскотати,0,1,0,0,1,0,1,0,1,1
лоскітливий,0,0,0,0,0,0,0,0,0,0
приливний,0,0,0,0,0,0,0,0,0,0
ласий шматочок,0,0,0,0,0,0,0,0,0,0
приплив,0,0,0,0,0,0,0,0,0,0
новини,0,0,0,0,0,0,0,0,0,0
краватка,0,0,0,0,0,0,0,0,0,0
ярус,0,0,0,0,0,0,0,0,0,0
тифф,1,0,0,0,0,1,0,0,0,0
тигр,0,0,0,0,0,0,0,0,0,0
затягнути,1,0,0,0,0,0,0,0,0,0
герметичність,0,0,0,0,0,0,0,0,0,0
колготки,0,0,0,0,0,0,0,0,0,0
тильда,0,0,0,0,0,0,0,0,0,0
плитка,0,0,0,0,0,0,0,0,0,0
облицювання плиткою,0,0,0,0,0,0,1,0,0,0
до,0,0,0,0,0,0,0,0,0,0
обробка грунту,0,0,0,0,0,0,0,0,0,0
румпель,0,0,0,0,0,0,0,0,0,0
нахил,0,0,0,0,0,0,0,0,0,0
нахил,0,0,0,0,0,0,0,0,0,0
деревина,0,0,0,0,0,0,0,0,0,0
лісовий масив,0,0,0,0,0,0,0,0,0,0
тембр,0,0,0,0,0,0,0,0,0,0
час,0,1,0,0,0,0,0,0,0,0
своєчасність,0,0,0,0,0,0,0,0,0,0
своєчасно,0,0,0,0,0,0,1,0,0,0
годинник,0,0,0,0,0,0,0,0,0,0
боязкий,0,0,0,1,0,1,0,1,0,0
боязкість,0,1,0,1,0,1,0,0,0,0
олово,0,0,0,0,0,0,0,0,0,0
настоянка,0,0,0,0,0,0,0,0,0,0
зубець,0,0,0,0,0,0,0,0,0,0
відтінок,0,0,0,0,0,0,0,0,0,0
поколювання,0,0,0,0,0,0,0,0,0,0
поколювання,0,0,0,0,0,0,0,0,0,0
возитися,0,0,0,0,0,0,0,0,0,0
майструвати,0,0,0,0,0,0,0,0,0,0
шум у вухах,0,0,0,0,0,0,0,0,0,0
мішура,0,0,0,0,1,0,1,0,0,0
відтінок,0,0,0,0,0,0,0,0,0,0
крихітний,0,0,0,0,0,0,0,0,0,0
порада,0,0,0,0,0,0,0,0,0,0
напідпитку,0,0,0,0,0,1,0,0,0,0
тирада,1,0,1,0,0,1,0,0,0,0
шина,0,0,0,0,0,0,0,0,0,0
втомився,0,0,0,0,0,1,0,0,0,0
втома,0,0,0,0,0,1,0,0,0,0
втомливий,0,0,0,0,0,1,0,0,0,0
тканина,0,0,0,0,0,0,0,0,0,0
синиця,0,0,0,0,0,1,0,0,0,0
титанічний,0,0,0,0,0,0,0,0,0,0
десятина,0,0,0,0,0,0,0,0,0,0
назва,0,0,0,0,0,0,1,0,0,1
під назвою,0,0,0,0,0,0,0,0,0,0
синиця,0,0,0,0,0,0,0,0,0,0
титульний,0,0,0,0,0,0,0,0,0,0
жаба,0,0,1,0,0,1,0,0,0,0
тост,0,0,0,0,1,0,1,0,0,0
тютюн,0,0,0,0,0,1,0,0,0,0
тобі,0,0,0,0,0,0,0,0,0,0
тод,0,0,0,0,0,0,0,0,0,0
сьогодні,0,0,0,0,0,0,0,0,0,0
палець на нозі,0,0,0,0,0,0,0,0,0,0
тога,0,0,0,0,0,0,0,0,0,0
трудитися,0,0,0,0,0,0,0,0,0,0
туалет,0,0,1,0,0,1,0,0,0,0
трудиться,0,0,0,0,0,1,0,0,0,0
жетон,0,0,0,0,0,0,0,0,0,0
терпимість,0,0,0,0,0,0,0,0,0,0
толерантний,0,0,0,0,0,0,1,0,0,0
терпіти,1,0,0,0,0,1,0,1,0,0
терпимість,0,0,0,0,0,0,1,0,0,0
мито,0,0,0,0,0,0,0,0,0,0
томагавк,0,0,0,0,0,0,0,0,0,0
могила,0,0,0,0,0,0,0,1,0,0
кіт,0,0,0,0,0,0,0,0,0,0
до мене,0,0,0,0,0,0,0,0,0,0
завтра,0,1,0,0,0,0,0,0,0,0
тонна,0,0,0,0,0,0,0,0,0,0
тон,0,0,0,0,0,0,0,0,0,0
щипці,0,0,0,0,0,0,0,0,0,0
щипці,0,0,0,0,0,0,0,0,0,0
язик,0,0,0,0,0,0,0,0,0,0
тонік,0,0,0,0,0,0,0,0,0,0
тоннаж,0,0,0,0,0,0,0,0,0,0
мигдалини,0,0,0,0,0,0,0,0,0,0
оснащення,0,0,0,0,0,0,0,0,0,0
зуб,0,0,0,0,0,0,0,0,0,0
зубний біль,0,0,0,1,0,1,0,0,0,0
зубчастий,0,0,0,0,0,0,0,0,0,0
беззубий,0,0,0,0,0,0,0,0,0,0
зверху,0,1,0,0,0,0,1,0,0,1
топаз,0,0,0,0,0,0,0,0,0,0
тема,0,0,0,0,0,0,0,0,0,0
актуальні,0,0,0,0,0,0,0,0,0,0
топографічний,0,0,0,0,0,0,0,0,0,0
топографічний,0,0,0,0,0,0,0,0,0,0
топографія,0,0,0,0,0,0,0,0,0,0
перекинути,0,0,0,0,0,0,0,0,1,0
тор,0,0,0,0,0,0,0,0,0,0
факел,0,0,0,0,0,0,0,0,0,0
мучити,1,0,0,1,0,1,0,1,0,0
порваний,0,0,0,0,0,1,0,0,0,0
торнадо,0,0,0,1,0,0,0,0,0,0
торпеда,1,0,0,0,0,1,0,0,0,0
торрент,0,0,0,1,0,0,0,0,0,0
пекучий,0,0,0,0,0,1,0,0,0,0
кручення,0,0,0,0,0,0,0,0,0,0
тулуб,0,0,0,0,0,0,0,0,0,0
делікт,0,0,0,0,0,1,0,0,0,0
деліктний,1,0,1,0,0,1,0,0,0,0
черепаха,0,0,0,0,0,0,0,0,0,0
звивистий,0,0,0,0,0,0,0,0,0,0
катування,1,1,1,1,0,1,0,1,0,0
підкинути,0,0,0,0,0,0,0,0,0,0
всього,0,0,0,0,0,0,0,0,0,0
сукупність,0,0,0,0,0,0,0,0,0,0
повністю,0,0,0,0,0,0,0,0,0,0
тоталізатор,0,0,0,0,0,0,0,0,0,0
тотем,0,0,0,0,0,0,0,0,0,0
дотик,0,0,0,0,0,0,0,0,0,0
торкнувся,0,0,0,0,0,1,0,0,0,0
зворушливо,0,0,0,0,0,0,0,0,0,0
образливий,1,0,0,0,0,1,0,1,0,0
жорсткий,0,0,0,0,0,1,0,1,0,0
міцність,1,0,0,1,0,0,1,0,0,1
тур,0,0,0,0,0,0,0,0,0,0
туристичний,0,0,0,0,0,0,0,0,0,0
турмалін,0,0,0,0,0,0,0,0,0,0
турнір,0,0,0,0,0,0,0,0,0,0
джгут,0,0,0,0,0,0,0,0,0,0
рекламувати,0,0,0,0,0,0,0,0,0,0
буксирувати,0,0,0,0,0,0,0,0,0,0
рушник,0,0,0,0,0,0,0,0,0,0
вежа,0,0,0,0,0,0,1,0,0,0
височезний,0,1,0,1,0,0,1,0,0,0
місто,0,0,0,0,0,0,0,0,0,0
таунхаус,0,0,0,0,0,0,0,0,0,0
токсичний,0,0,1,0,0,1,0,0,0,0
токсикологія,0,0,0,0,0,0,0,0,0,0
токсин,0,0,0,1,0,1,0,0,0,0
іграшка,0,0,0,0,0,0,0,0,0,0
слід,0,0,0,0,0,0,0,0,0,0
сліди,0,0,0,0,0,0,0,0,0,0
трахеї,0,0,0,0,0,0,0,0,0,0
калькування,0,0,0,0,0,0,0,0,0,0
трек,0,1,0,0,0,0,0,0,0,0
урочище,0,0,0,1,0,0,0,0,0,0
податливий,0,0,0,0,0,0,0,0,0,0
тяги,0,0,0,0,0,0,0,0,0,0
трактор,0,0,0,0,0,0,0,0,0,0
торгівля,0,0,0,0,0,0,0,0,0,1
трейдер,0,0,0,0,0,0,0,0,0,0
торговець,0,0,0,0,0,0,0,0,0,0
торгівля,0,0,0,0,0,0,0,0,0,0
традиція,0,0,0,0,0,0,0,0,0,0
традиційний,0,0,0,0,0,0,1,0,0,0
трафік,0,0,0,0,0,0,0,0,0,0
трагедія,0,0,0,1,0,1,0,1,0,0
трагічний,0,0,0,0,0,1,0,0,0,0
стежка,0,0,0,0,0,0,0,0,0,0
поїзд,0,0,0,0,0,0,0,0,0,0
навчений,0,0,0,0,0,0,0,0,0,0
тренер,0,0,0,0,0,0,0,0,0,1
навчання,0,0,0,0,0,0,0,0,0,0
риса,0,0,0,0,0,0,0,0,0,0
зрадник,1,0,1,1,0,1,0,1,0,0
траєкторія,0,0,0,0,0,0,0,0,0,0
трамвай,0,0,0,0,0,0,0,0,0,0
бродяга,0,0,1,1,0,1,0,1,0,0
трамвай,0,0,0,0,0,0,0,0,0,0
транс,0,0,0,0,0,1,0,0,0,0
спокійний,0,0,0,0,1,0,1,0,0,0
спокій,0,0,0,0,1,0,1,0,0,1
угода,0,0,0,0,0,0,0,0,0,0
угода,0,0,0,0,0,0,0,0,0,1
трансатлантичний,0,0,0,0,0,0,0,0,0,0
трансцендентність,0,1,0,0,1,0,1,0,1,1
трансцендентний,0,0,0,0,0,0,0,0,0,0
трансцендентний,0,0,0,0,0,0,1,0,0,0
транскрибувати,0,0,0,0,0,0,0,0,0,0
переписувач,0,0,0,0,0,0,0,0,0,0
стенограма,0,0,0,0,0,0,0,0,0,1
транскрипція,0,0,0,0,0,0,0,0,0,0
передача,0,0,0,0,0,0,0,0,0,0
перенесення,0,0,0,0,0,0,0,0,0,0
переданий,0,0,0,0,0,0,0,0,0,0
зафіксований,0,0,0,0,0,0,0,0,0,0
трансформувати,0,0,0,0,0,0,0,0,0,0
перетворення,0,0,0,0,0,0,0,0,0,0
переливання,0,0,0,0,0,0,0,0,0,0
проступок,0,0,0,0,0,1,0,0,0,0
перехідний,0,0,0,0,0,0,0,0,0,0
транзит,0,0,0,0,0,0,0,0,0,0
перехід,0,0,0,0,0,0,0,0,0,0
перехідний,0,1,0,0,0,0,0,0,0,0
перехідний,0,0,0,0,0,0,0,0,0,0
перехідний,0,0,0,0,0,0,0,0,0,0
перекладати,0,0,0,0,0,0,0,0,0,0
переклад,0,0,0,0,0,0,0,0,0,1
транслокація,0,0,0,0,0,0,0,0,0,0
напівпрозорий,0,0,0,0,0,0,0,0,0,0
спосіб передавання,0,0,0,0,0,0,0,0,0,0
передавати,0,0,0,0,0,0,0,0,0,0
трансмутація,0,0,0,0,0,0,0,0,0,0
фрамуга,0,0,0,0,0,0,0,0,0,0
прозорість,0,0,0,0,0,0,0,0,0,0
прозорий,0,0,0,0,0,0,0,0,0,0
пересадка,0,0,0,0,0,0,0,0,0,0
трансплантація,0,0,0,0,0,0,0,0,0,0
транспорт,0,0,0,0,0,0,0,0,0,0
транспортування,0,0,0,0,0,0,0,0,0,0
транспонувати,0,0,0,0,0,0,0,0,0,0
транспозиція,0,0,0,0,0,0,0,0,0,0
поперечний,0,0,0,0,0,0,0,0,0,0
пастка,0,0,0,0,0,0,0,0,0,0
пастка,0,0,0,0,0,0,0,0,0,0
атрибути,0,0,0,0,0,1,0,0,0,0
пастки,0,0,0,0,0,1,0,0,0,0
сміття,0,0,1,0,0,1,0,1,0,0
поганий,0,0,1,0,0,1,0,0,0,0
травматичний,1,0,0,1,0,1,0,1,0,0
пологи,0,0,0,0,0,1,0,0,0,0
подорожі,0,0,0,0,0,0,0,0,0,0
мандрівник,0,0,0,0,0,0,0,0,0,0
подорожі,0,0,0,0,0,0,1,0,0,0
траверс,0,0,0,0,0,0,0,0,0,0
травестія,0,0,1,1,0,1,0,1,0,0
трал,0,0,0,0,0,0,0,0,0,0
траулер,0,0,0,0,0,0,0,0,0,0
лоток,0,0,0,0,0,0,0,0,0,0
віроломний,1,0,1,1,0,1,0,0,0,0
зрада,1,0,0,1,0,1,0,1,1,0
протектор,0,0,0,0,0,0,0,0,0,0
бігова доріжка,0,1,0,0,0,0,0,0,0,0
державна зрада,1,0,1,1,0,1,0,0,1,0
скарб,0,1,0,0,1,0,1,0,0,1
скарбник,0,0,0,0,0,0,0,0,0,1
казначейство,0,0,0,0,0,0,0,0,0,0
лікувати,1,1,1,1,1,1,1,1,1,1
трактат,0,0,0,0,0,0,0,0,0,0
лікування,0,0,0,0,0,0,0,0,0,0
договір,0,0,0,0,0,0,0,0,0,0
високі частоти,0,0,0,0,0,0,0,0,0,0
дерево,1,1,1,0,1,0,1,0,1,1
похід,0,0,0,0,0,0,0,0,0,0
шпалера,0,0,0,0,0,0,0,0,0,0
тремтіти,0,0,0,0,0,0,0,0,0,0
тремтіння,0,0,0,1,0,1,0,0,0,0
величезний,0,0,0,0,0,0,0,0,0,0
надзвичайно,0,0,0,0,0,0,1,0,0,0
тремор,1,1,0,1,0,1,0,1,0,0
траншея,0,0,0,0,0,0,0,0,0,0
тенденція,0,0,0,0,0,0,1,0,0,0
в тренді,0,0,0,0,0,0,0,0,0,0
модний,0,0,0,0,0,0,1,0,0,0
трепет,0,1,0,1,0,1,0,0,1,0
посягання,1,0,0,0,0,1,0,0,0,0
тріада,0,0,0,0,0,0,0,0,0,0
трикутник,0,0,0,0,0,0,0,0,0,0
трикутний,0,0,0,0,0,0,0,0,0,0
плем'я,0,0,0,0,0,0,0,0,0,1
скорбота,0,0,0,1,0,1,0,1,0,0
трибунал,0,1,1,1,0,1,0,0,0,1
трибуна,0,0,0,0,0,0,0,0,0,1
притока,0,1,0,0,0,0,1,0,0,0
данина,0,0,0,0,0,0,1,0,0,0
трюк,0,0,0,0,0,1,0,0,1,0
обман,1,0,1,1,0,1,0,1,1,0
цівка,0,0,0,0,0,0,0,0,0,0
хитрий,0,0,0,0,0,0,0,0,0,0
триколісний велосипед,0,0,0,0,0,0,0,0,0,0
тризуб,0,0,0,0,0,0,0,0,0,0
дрібниця,0,0,0,0,0,1,0,0,0,0
триг,0,0,0,0,0,0,1,0,0,0
тригер,0,0,0,0,0,0,0,0,0,0
тригонометрія,0,0,0,0,0,0,0,0,0,0
трильйон,0,0,0,0,0,0,0,0,0,0
обрізати,0,0,0,0,0,0,0,0,0,0
тример,0,0,0,0,0,0,0,0,0,0
обрізка,0,0,0,0,0,0,0,0,0,0
тригон,0,0,0,0,0,0,0,0,0,0
трійця,0,0,0,0,0,0,0,0,0,0
тріо,0,0,0,0,0,0,0,0,0,0
поїздка,0,0,0,0,0,0,0,0,1,0
тристоронній,0,0,0,0,0,0,0,0,0,0
потрійний,0,0,0,0,0,0,0,0,0,0
трійня,0,0,0,0,0,0,0,0,0,0
потрійний примірник,0,0,0,0,0,0,0,0,0,0
штатив,0,0,0,0,0,0,0,0,0,0
спотикання,1,0,0,0,0,1,0,1,0,0
банальний,0,0,0,0,0,0,0,0,0,0
тритій,0,0,0,0,0,0,0,0,0,0
тріумфувати,0,1,0,0,1,0,1,0,0,0
тріумфальний,0,1,0,0,1,0,1,0,0,1
троль,1,0,0,1,0,1,0,0,0,0
візок,0,0,0,0,0,0,0,0,0,0
тромбон,0,0,0,0,0,0,0,0,0,0
війська,0,0,0,0,0,0,0,0,0,0
солдат,0,0,0,0,0,0,0,0,0,0
війська,0,0,0,0,0,0,0,0,0,0
трофей,0,1,0,0,1,0,1,0,1,1
тропічний,0,0,0,0,0,0,0,0,0,0
риссю,0,0,0,0,0,0,0,0,0,0
клопітка,1,0,0,1,0,1,0,0,0,0
корито,0,0,0,0,0,0,0,0,0,0
трупа,0,0,0,0,0,0,0,0,0,0
штани,0,0,0,0,0,0,0,0,0,0
форель,0,0,0,0,0,0,0,0,0,0
кельму,0,0,0,0,0,0,0,0,0,0
перемир'я,0,0,0,0,1,0,1,0,0,1
вантажівка,0,0,0,0,0,0,0,0,0,1
правда,0,0,0,0,1,0,1,0,0,1
трюїзм,0,0,0,0,0,0,0,0,0,0
козир,0,0,0,0,0,0,0,0,1,0
труба,0,0,0,0,0,1,0,0,0,0
трубач,0,0,0,0,0,0,0,0,0,0
урізати,0,0,0,0,0,0,0,0,0,0
усічений,0,0,0,0,0,0,0,0,0,0
кататися,0,0,0,0,0,0,0,0,0,0
стовбур,0,0,0,0,0,0,0,0,0,0
ферма,0,0,0,0,0,0,0,0,0,1
довіра,0,0,0,0,0,0,0,0,0,1
довірена особа,0,0,0,0,0,0,0,0,0,1
надійний,0,0,0,0,0,0,1,0,0,0
правда,0,0,0,0,0,0,1,0,0,1
правдивий,0,0,0,0,0,0,0,0,0,1
правдивість,0,0,0,0,0,0,1,0,0,1
пробна перевірка,0,0,0,0,0,0,0,0,0,0
ванна,0,0,0,0,0,0,0,0,0,0
трубка,0,0,0,0,0,0,0,0,0,0
трубчастий,0,0,0,0,0,0,0,0,0,0
трубочка,0,0,0,0,0,0,0,0,0,0
підвернути,0,0,0,0,0,0,0,0,0,0
такер,0,0,0,0,0,0,0,0,0,0
чубчастий,0,0,0,0,0,0,0,0,0,0
буксир,0,0,0,0,0,0,0,0,0,0
оплата за навчання,0,0,0,0,0,0,0,0,0,0
тюльпан,0,0,0,0,0,0,0,0,0,0
впасти,0,0,0,0,0,1,0,0,0,0
стакан,0,0,0,0,0,0,0,0,0,0
пухлина,0,0,0,1,0,1,0,0,0,0
пухлина,0,0,0,1,0,1,0,1,0,0
метушня,1,0,0,1,0,1,0,0,1,0
бурхливий,1,0,0,1,0,1,0,0,0,0
тун,0,0,0,0,0,0,0,0,0,0
тунець,0,0,0,0,0,0,0,0,0,0
настроюється,0,0,0,0,0,0,0,0,0,0
мелодія,0,0,0,0,0,0,0,0,0,0
туніка,0,0,0,0,0,0,0,0,0,0
тюнінг,0,0,0,0,0,0,0,0,0,0
тунель,0,0,0,0,0,0,0,0,0,0
тюрбан,0,0,0,0,0,0,0,0,0,0
помутніння,0,0,0,0,0,0,0,0,0,0
турбіна,0,0,0,0,0,0,0,0,0,0
турбулентність,1,0,0,1,0,1,0,0,0,0
турбулентний,0,0,0,1,0,1,0,0,0,0
торф,0,0,0,0,0,0,0,0,0,0
куркума,0,0,0,0,0,0,0,0,0,0
смута,1,0,0,1,0,1,0,1,0,0
поворот,0,0,0,0,0,0,0,0,0,0
точіння,0,0,0,0,0,0,0,0,0,0
під ключ,0,0,0,0,0,0,0,0,0,0
шлагбаум,0,0,0,0,0,0,0,0,0,0
вертушка,0,0,0,0,0,0,0,0,0,0
бірюзовий,0,0,0,0,0,0,0,0,0,0
турель,0,0,0,0,0,0,0,0,0,0
водолазка,0,0,0,0,0,0,0,0,0,0
сваритися,1,0,0,0,0,0,0,0,0,0
опіка,0,0,0,0,0,0,1,0,0,1
репетитор,0,0,0,0,0,0,1,0,0,0
налаштувати,0,0,0,0,0,0,0,0,0,0
дванадцятий,0,0,0,0,0,0,0,0,0,0
дванадцять,0,0,0,0,0,0,0,0,0,0
двадцятий,0,0,0,0,0,0,0,0,0,0
двадцять,0,0,0,0,0,0,0,0,0,0
гілочка,0,0,0,0,0,0,0,0,0,0
сутінки,0,0,0,0,0,0,0,0,0,0
саржа,0,0,0,0,0,0,0,0,0,0
близнюк,0,0,0,0,0,0,1,0,0,0
шпагат,0,0,0,0,0,0,0,0,0,0
мерехтіння,0,1,0,0,1,0,1,0,0,0
близнюки,0,0,0,0,0,0,0,0,0,0
крутити,0,0,0,0,0,0,0,0,0,0
скручений,0,0,0,0,0,0,0,0,0,0
посмикування,0,0,0,0,0,1,0,0,0,0
подвійний,0,0,0,0,0,0,0,0,0,0
магнат,0,0,0,0,0,0,0,0,0,0
типу,0,0,0,0,0,0,0,0,0,0
друкарська машинка,0,0,0,0,0,0,0,0,0,0
тайфун,0,0,0,1,0,1,0,0,0,0
типово,0,0,0,0,0,0,0,0,0,0
друкарка,0,0,0,0,0,0,0,0,0,0
типографіка,0,0,0,0,0,0,0,0,0,0
тиранічний,1,0,1,1,0,1,0,0,0,0
тиранія,0,0,0,1,0,1,0,1,0,0
тиран,1,0,1,1,0,1,0,1,0,0
шина,0,0,0,0,0,0,0,0,0,0
всюдисущий,0,0,0,0,0,0,0,0,0,0
повсюдність,0,0,0,0,0,0,0,0,0,0
потворність,0,0,1,1,0,1,0,1,0,0
потворний,0,0,1,0,0,1,0,0,0,0
виразка,1,0,1,1,0,1,0,1,0,0
прихований,0,0,0,0,0,1,0,0,0,0
остаточний,0,1,0,0,0,0,0,1,0,0
зрештою,0,1,0,0,0,0,1,0,0,0
ультиматум,1,0,0,1,0,1,0,0,0,0
ultimo,0,0,0,0,0,0,0,0,0,0
ультрафіолетовий,0,0,0,0,0,0,0,0,0,0
пупковий,0,0,0,0,0,0,0,0,0,0
тінь,0,0,0,0,0,0,0,0,0,0
парасольку,0,0,0,0,0,0,0,0,0,0
арбітр,0,0,0,0,0,0,1,0,0,1
безтурботний,0,0,0,0,0,0,0,0,0,0
незмінний,0,0,0,0,0,0,0,0,0,0
не в змозі,0,0,0,0,0,1,0,1,0,0
неприпустимий,0,0,0,0,0,1,0,1,0,0
без супроводу,0,0,0,0,0,0,0,0,0,0
непідзвітний,0,1,1,0,0,1,0,1,0,1
невизнаний,0,0,0,0,0,0,0,1,0,0
непідробний,0,0,0,0,0,0,0,0,0,0
без сторонньої допомоги,0,0,0,0,0,0,0,0,0,0
без змін,0,0,0,0,0,0,0,0,0,0
однозначний,0,0,0,0,0,0,0,0,0,0
одностайність,0,0,0,0,0,0,1,0,0,0
одностайно,0,0,0,0,0,0,1,0,0,0
одноголосно,0,0,0,0,0,0,0,0,0,0
непередбачуваний,0,0,0,0,0,0,0,0,1,0
незатверджено,0,0,0,0,0,1,0,0,0,0
беззбройний,0,0,0,0,0,0,0,0,0,0
без сторонньої допомоги,0,0,0,0,0,0,0,0,0,0
невибагливий,0,0,0,0,0,0,1,0,0,0
неприкріплений,0,0,0,0,0,1,0,0,0,0
недосяжний,1,0,0,0,0,1,0,1,0,0
без нагляду,0,0,0,0,0,0,0,0,0,0
непривабливий,0,0,1,0,0,1,0,1,0,0
несанкціонований,0,0,0,0,0,1,0,0,0,0
неминучий,0,0,0,0,0,1,0,0,0,0
не знають,0,0,0,0,0,1,0,0,0,0
незбалансований,0,0,0,0,0,0,0,0,0,0
нестерпний,0,0,1,0,0,1,0,1,0,0
небитий,0,1,0,0,1,1,1,1,1,0
невіра,0,0,0,0,0,1,0,0,0,0
неймовірно,0,0,0,0,0,1,0,0,0,0
неупереджений,0,0,0,0,0,0,1,0,0,0
ненароджений,0,0,0,0,0,1,0,0,0,0
без зв'язку,0,0,0,0,0,0,0,0,0,0
необмежений,0,0,0,0,0,0,0,0,0,0
непорушний,0,0,0,0,0,0,1,0,0,0
неприборканий,1,1,0,1,0,1,1,0,1,0
нерозбитий,0,0,0,0,0,0,1,0,0,1
страшний,0,0,0,1,0,1,0,0,1,0
байдужий,1,0,1,0,0,1,0,1,0,0
невизначений,1,0,1,1,0,1,0,0,1,0
невизначеність,0,0,0,0,0,0,0,0,0,0
безперечний,0,0,0,0,0,0,0,0,0,0
незмінний,0,0,0,0,0,1,0,0,0,0
без змін,0,0,0,0,0,0,0,0,0,0
незатребуваний,0,0,0,0,0,0,0,0,0,0
дядько,0,0,0,0,0,0,0,0,0,0
нечистий,0,0,1,0,0,1,0,0,0,0
незручно,0,0,0,0,0,1,0,0,0,0
незвичайний,0,0,0,0,0,0,0,0,0,0
незвичайно,0,0,0,0,0,0,0,0,0,0
безкомпромісність,0,0,0,0,0,0,0,0,0,0
байдуже,0,0,0,0,0,0,0,0,0,0
непідтверджені,0,0,0,0,0,0,0,0,0,0
без зв'язку,0,0,0,0,0,0,0,0,0,0
безсовісний,0,0,1,0,0,1,0,0,0,0
непритомний,0,0,0,0,0,1,0,0,0,0
непритомний стан,0,0,0,0,0,0,0,0,0,0
неконституційним,0,0,0,0,0,1,0,0,0,0
необмежений,0,0,0,0,1,0,1,0,0,0
безспірний,0,0,0,0,0,0,0,0,0,0
неконтрольований,1,1,0,0,0,1,0,0,1,0
неконтрольований,0,0,0,0,0,1,0,0,0,0
нетрадиційний,0,0,0,0,0,0,0,0,0,0
не переконаний,0,0,0,0,0,0,0,0,0,0
сирі,0,0,0,0,0,0,0,0,0,0
некорельовані,0,0,0,0,0,0,0,0,0,0
розкрити,0,0,0,0,0,0,0,0,1,0
некритично,0,0,0,0,0,0,0,0,0,0
необрізаний,0,0,0,0,0,0,0,0,0,0
не визначився,0,1,0,1,0,1,0,0,0,0
невизначений,0,0,0,0,0,0,0,0,0,0
незаперечно,0,0,0,0,0,0,0,0,0,0
під прикриттям,0,0,0,0,0,0,0,0,0,0
підводна течія,0,0,0,0,0,0,0,0,0,0
недооцінювати,0,0,0,0,0,0,0,0,1,0
пройти,0,0,0,0,0,0,0,0,0,0
бакалаврат,0,0,0,0,0,0,0,0,0,0
під землею,0,0,0,0,0,0,0,0,0,0
лежать в основі,0,0,0,0,0,0,0,0,0,0
підкреслити,0,0,0,0,0,0,1,0,0,0
підривається,0,0,0,0,0,1,0,0,0,0
внизу,0,0,0,0,0,0,0,0,0,0
недоплачений,1,0,0,0,0,1,0,1,0,0
труси,0,0,0,0,0,0,0,0,0,0
підкреслення,0,0,0,0,0,0,0,0,0,0
низькорослі,0,0,0,0,0,1,0,0,0,0
розуміння,0,0,0,0,0,0,1,0,0,1
зрозумів,0,0,0,0,0,0,0,0,0,0
взятися,0,0,0,0,0,0,0,0,0,0
трунар,0,0,0,0,0,0,0,1,0,0
підприємство,0,1,0,0,0,0,0,0,0,0
underwood,0,0,0,0,0,0,0,0,0,0
гарантувати,0,0,0,0,0,0,1,0,0,1
андеррайтер,0,0,0,0,0,0,0,0,0,0
незаслужений,0,0,0,0,0,0,0,0,0,0
небажано,1,0,1,1,0,1,0,1,0,0
небажаний,0,0,0,0,0,1,0,1,0,0
нерозвинений,0,0,0,0,0,0,0,0,0,0
ненаправлений,0,0,0,0,0,0,0,0,0,0
нерозкритий,0,1,0,0,0,0,0,0,0,0
нерозкритий,0,0,0,0,0,0,0,0,1,0
безперечний,0,0,0,0,0,0,0,0,0,0
непорушений,0,0,0,0,0,0,0,0,0,0
неподілене,0,0,0,0,0,0,1,0,0,0
скасувати,0,0,0,0,0,1,0,0,0,0
скасування,0,0,0,0,0,0,0,0,0,0
безсумнівний,0,1,1,0,0,0,0,0,0,0
роздягатися,0,0,0,0,0,0,0,0,0,0
роздягнений,0,0,0,0,0,0,0,0,0,0
невиправданий,0,0,0,0,0,0,0,0,0,0
невмираючий,0,1,0,0,1,0,1,1,0,1
незароблені,0,0,0,0,0,0,0,0,0,0
розкопати,0,0,0,0,0,0,0,0,0,0
неспокій,0,1,0,0,0,1,0,1,0,0
непросто,0,0,1,1,0,1,0,0,0,0
неосвічений,0,0,0,0,0,1,0,1,0,0
безробітний,0,0,0,1,0,1,0,1,0,0
необтяжений,0,0,0,0,0,0,0,0,0,0
нескінченний,0,0,0,0,0,0,0,0,0,0
нерівні,1,0,1,1,0,1,0,1,0,0
неперевершений,0,0,0,0,0,0,0,0,0,0
однозначний,0,0,0,0,0,0,0,0,0,1
однозначно,0,0,0,0,0,0,1,0,0,0
нерівний,0,0,0,0,0,1,0,0,0,0
без подій,0,0,0,0,0,0,0,0,0,0
несподіваний,0,1,0,1,1,1,1,0,1,0
несподівано,0,0,0,0,0,0,0,0,1,0
непояснений,0,1,0,0,0,1,0,1,0,0
незвіданий,0,0,0,0,0,0,0,0,0,0
безвідмовний,0,0,0,0,0,0,0,0,0,0
несправедливо,1,0,1,0,0,1,0,1,0,0
несправедливість,1,0,0,0,0,1,0,1,0,0
невірний,0,0,1,0,0,1,0,0,0,0
незнайомий,0,0,0,0,0,0,0,0,0,0
несприятливий,0,0,1,0,0,1,0,1,0,0
розкутий,0,0,0,0,0,0,0,0,0,0
незакінчений,0,0,0,0,0,1,0,0,0,0
непохитний,0,0,0,0,0,0,0,0,0,0
розгорнути,0,1,0,0,0,0,1,0,0,0
непередбачений,0,0,0,0,0,0,0,0,1,0
невблаганний,1,0,0,0,0,1,0,1,0,0
нещасний,0,0,0,0,0,1,0,1,0,0
непривітний,1,0,1,1,0,1,0,1,0,0
невиконаний,1,1,0,0,0,1,0,1,1,0
без меблів,0,0,0,0,0,1,0,0,0,0
безбожний,0,0,0,0,0,1,0,1,0,0
невдячний,1,0,1,0,0,1,0,0,0,0
без охорони,0,0,0,0,0,0,0,0,1,0
нещастя,0,0,0,0,0,1,0,1,0,0
нещасний,1,0,1,0,0,1,0,1,0,0
неушкодженим,0,0,0,0,0,0,0,0,0,0
нездоровий,0,0,1,1,0,1,0,1,0,0
безперешкодно,0,0,0,0,0,0,0,0,0,0
нечестивий,0,0,0,1,0,1,0,0,0,0
єдиноріг,0,0,0,0,0,0,0,0,0,0
об'єднання,0,1,0,0,1,0,1,0,0,1
уніформа,0,0,0,0,0,0,0,0,0,0
рівномірність,0,0,0,0,0,0,0,0,0,0
рівномірно,0,0,0,0,0,0,1,0,0,0
неймовірний,0,0,0,0,0,1,1,0,1,0
неважливий,0,0,0,0,0,1,0,1,0,0
не вражений,0,0,0,0,0,1,0,0,0,0
непокращений,0,0,0,0,0,1,0,0,0,0
неінфікований,0,0,0,0,0,0,1,0,0,0
необізнаний,0,0,0,0,0,1,0,0,0,0
нежилий,0,0,0,0,0,0,0,0,0,0
непосвячений,0,0,0,0,0,1,0,0,0,0
ненатхненний,0,0,0,0,0,1,0,1,0,0
нерозбірливий,0,0,0,0,0,1,0,0,0,0
ненавмисне,0,0,0,0,0,0,0,0,1,0
ненавмисне,0,0,0,0,0,0,0,0,1,0
ненавмисно,0,0,0,0,0,1,0,0,1,0
нецікаво,0,0,0,0,0,1,0,1,0,0
нецікаво,0,0,0,0,0,1,0,1,0,0
безперервний,0,0,0,0,0,0,0,0,0,0
непроханий,0,0,0,0,0,0,0,1,0,0
спілка,0,0,0,0,0,0,0,0,0,0
унікальний,0,0,0,0,0,0,1,0,1,0
унісон,0,0,0,0,0,0,1,0,0,0
одиниця,0,0,0,0,0,0,0,0,0,0
унітарний,0,0,0,0,0,0,1,0,0,0
об'єднати,0,0,0,0,0,0,0,0,0,0
об'єднані,0,0,0,0,0,0,1,0,0,1
єдність,0,0,0,0,0,0,1,0,0,1
універсальний,0,0,0,0,0,0,0,0,0,0
універсальність,0,0,0,0,0,0,0,0,0,0
Всесвіт,0,0,0,0,0,0,0,0,0,0
університет,0,1,0,0,0,0,1,0,0,0
несправедливий,1,0,0,0,0,1,0,0,0,0
невиправданий,1,0,1,1,0,1,0,0,0,0
невиправданий,0,0,0,0,0,1,0,0,0,0
недобрий,1,0,1,1,0,1,0,1,0,0
непізнаваний,0,0,0,0,0,0,0,0,0,0
невідомий,0,1,0,1,0,1,0,0,0,0
незаконний,1,0,1,1,0,1,0,1,0,0
розв'язати,0,0,0,0,0,0,0,0,0,0
без ліцензії,0,0,0,0,0,1,0,0,0,0
на відміну від,0,0,0,0,0,0,0,0,0,0
необмежений,0,0,0,0,0,0,1,0,0,0
розвантажити,0,0,0,0,0,0,0,0,0,0
розвантажений,0,0,0,0,0,0,0,0,0,0
розблокувати,0,0,0,0,0,0,0,0,0,0
невдалий,1,0,1,1,0,1,0,1,0,0
некерований,0,0,1,0,0,1,0,0,0,0
немаркований,0,0,0,0,0,0,0,0,0,0
неодружений,0,0,0,0,0,0,0,0,0,0
демаскувати,0,0,0,0,0,0,0,0,0,0
незрівнянний,0,0,0,0,0,0,0,0,0,0
безпомилковий,0,0,0,0,0,0,0,0,0,0
непом'якшений,0,0,0,0,0,0,0,0,0,0
незворушний,0,0,0,0,0,0,0,0,0,0
безіменний,0,0,0,0,0,0,0,0,0,0
неприродні,0,0,1,1,0,1,0,0,0,0
непотрібний,0,0,0,0,0,0,0,0,0,0
непотрібний,0,0,0,0,0,0,0,0,0,0
непомітно,0,0,0,0,0,0,0,0,0,0
ненумерований,0,0,0,0,0,0,0,0,0,0
не спостерігається,0,0,0,0,0,0,0,0,0,0
безперешкодний,0,0,0,0,0,0,0,0,0,0
ненав'язливий,0,0,0,0,0,0,0,0,0,0
незайнятий,0,0,0,0,0,0,0,0,0,0
неофіційний,0,0,0,0,0,1,0,0,0,0
нерозкритий,0,0,0,0,0,0,0,0,0,0
безперешкодний,0,0,0,0,0,0,0,0,0,0
невпорядкований,0,0,0,0,0,0,0,0,0,0
неорганізований,0,0,0,0,0,0,0,0,0,0
неортодоксальний,0,0,0,0,0,0,0,0,0,0
розпакувати,0,0,0,0,0,0,0,0,0,0
неоплачений,1,0,0,0,0,1,0,1,0,0
неприємний,0,0,1,0,0,1,0,1,0,0
непопулярні,0,0,1,0,0,1,0,1,0,0
безпрецедентний,0,0,0,0,0,0,0,0,1,0
непередбачуваний,0,0,0,0,0,1,0,0,1,0
непідготовлений,0,0,0,0,0,1,0,0,0,0
невибагливий,0,0,0,0,0,0,1,0,0,0
непродуктивний,0,0,0,0,0,1,0,0,0,0
збитковим,0,0,0,0,0,1,0,0,0,0
незахищений,0,0,0,0,0,1,0,0,0,0
бездоказовий,0,0,0,0,0,0,0,0,0,0
неопублікований,0,1,0,0,0,1,0,1,0,0
безсумнівний,0,0,0,0,0,0,1,0,0,1
безсумнівно,0,0,0,0,0,0,1,0,0,1
безсумнівний,0,0,0,0,0,0,1,0,0,1
непрочитаний,0,0,0,0,0,0,0,0,0,0
нереальний,0,0,0,0,0,0,0,0,0,0
нереально,0,0,0,0,0,0,0,0,0,0
незафіксований,0,0,0,0,0,0,0,0,0,0
незареєстрований,0,0,0,0,0,0,0,0,0,0
нерегульований,0,0,0,0,0,0,0,0,0,0
не пов'язані,0,0,0,0,0,0,0,0,0,0
невблаганний,0,0,0,0,0,0,0,0,0,0
ненадійний,0,0,0,0,0,1,0,0,0,1
нерозкаяний,0,0,0,0,0,0,0,0,0,0
нерозділене,0,0,0,0,0,1,0,1,0,0
невирішені,0,1,0,0,0,0,0,0,0,0
хвилювання,0,0,0,1,0,0,0,1,0,0
нестримний,0,0,0,0,0,0,0,0,0,0
необмежений,0,0,0,0,0,0,0,0,0,0
некерований,1,0,1,1,0,1,0,0,0,0
небезпечний,0,0,0,1,0,1,0,0,0,0
незадовільний,0,0,1,0,0,1,0,0,0,0
незадоволений,0,0,1,0,0,1,0,1,0,0
несмачний,0,0,0,0,0,1,0,0,0,0
неушкодженим,0,0,0,0,0,0,1,0,0,0
ненауковий,0,0,0,0,0,0,0,0,0,0
безсовісний,0,0,0,0,0,1,0,0,0,0
скинути місце,0,0,0,0,0,0,0,1,0,0
невидимий,0,0,0,0,0,0,0,0,0,0
безкорисливий,0,0,0,0,0,0,1,0,0,0
неврегульований,1,0,1,1,0,1,0,0,0,0
непривабливий,0,0,1,0,0,1,0,0,0,0
нехитрий,0,0,0,0,0,1,0,0,0,0
невимовний,0,0,0,1,0,1,0,0,0,0
невизначений,0,0,0,0,0,0,0,0,0,0
нестабільний,0,0,0,1,0,1,0,0,1,0
нестабільний,0,0,0,1,0,0,0,0,0,0
невдалий,0,0,0,0,0,1,0,1,0,0
непридатний,0,0,0,0,0,1,0,0,0,0
неоспіваний,0,0,0,0,0,1,0,0,0,0
не підтримується,0,0,0,0,0,1,0,0,0,0
неперевершений,0,1,0,1,1,0,1,0,0,1
нічого не підозрюючи,0,0,0,0,0,0,0,0,1,0
нежиттєздатний,0,0,0,0,0,1,0,0,0,0
несолодкий,0,0,0,0,0,0,0,0,0,0
несимпатичний,1,0,0,0,0,1,0,0,0,0
неприручений,0,0,0,0,0,1,0,0,0,0
неспроможний,0,0,0,0,0,1,0,0,0,0
неперевірений,0,0,0,0,0,0,0,0,0,0
немислиме,1,0,1,1,0,1,0,0,0,0
неохайний,0,0,1,0,0,1,0,0,0,0
розв'язати,0,0,0,0,1,1,1,0,0,0
несвоєчасне,0,0,0,0,0,1,0,0,0,0
без назви,0,0,0,0,0,1,0,1,0,0
невимовне,0,1,0,0,0,1,0,0,0,0
недоторканий,0,0,0,0,0,0,0,0,0,0
неприємний,1,0,1,0,0,1,0,0,0,0
ненавчений,0,0,0,0,0,1,0,0,0,0
неперекладений,0,0,0,0,0,0,0,0,0,0
неправда,0,0,0,0,0,1,0,0,0,0
не заслуговує довіри,1,0,0,0,0,1,0,0,0,0
невикористаний,0,0,0,0,0,0,0,0,0,0
незвичайний,0,0,0,0,0,0,0,0,0,0
незвично,0,0,0,0,0,0,0,0,0,0
розкрити,0,0,0,0,0,0,0,0,0,0
розкриття,0,0,0,0,0,0,0,0,0,0
неперевірений,0,1,0,0,0,0,0,0,0,0
невиправданий,0,0,0,0,0,1,0,0,0,0
необережний,0,0,0,0,0,0,0,0,0,0
немитий,0,0,1,0,0,1,0,0,0,0
непохитний,0,0,0,0,0,0,1,0,0,1
небажаний,0,0,0,0,0,1,0,1,0,0
погане самопочуття,0,0,0,0,0,1,0,1,0,0
не хочуть,0,0,0,0,0,0,0,0,0,0
неохоче,0,0,0,0,0,0,0,0,0,0
небажання,0,0,0,0,0,1,0,0,0,0
розмотати,0,0,0,0,0,0,0,0,0,0
нерозумно,0,0,0,0,0,1,0,0,0,0
мимоволі,0,0,0,0,0,1,0,0,0,0
мимоволі,0,0,0,0,0,0,0,0,0,0
негідний,0,0,1,0,0,1,0,0,0,0
ненаписаний,0,0,0,0,0,0,0,0,0,0
непохитний,0,0,0,0,0,1,0,0,0,0
потрясіння,1,0,0,1,0,1,0,1,0,0
в гору,0,1,0,1,0,1,1,0,0,0
оббивка,0,0,0,0,0,0,0,0,0,0
височини,0,0,0,0,0,0,0,0,0,0
височини,0,0,0,0,0,0,0,0,0,0
піднесення,0,1,0,0,1,0,1,0,0,1
верхній,0,0,0,0,0,0,0,0,0,0
вертикально,0,0,0,0,0,0,1,0,0,1
повстання,1,1,0,1,0,1,0,0,0,0
галас,0,0,0,0,0,1,0,0,0,0
засмучений,1,0,0,0,0,1,0,1,0,0
підсумок,0,0,0,0,0,0,0,0,0,0
нагорі,0,0,0,0,0,0,0,0,0,0
вискочка,0,0,0,0,0,0,0,0,0,0
вгору,0,0,0,0,0,0,0,0,0,0
уран,0,0,0,0,0,0,0,0,0,0
міський,0,0,0,0,0,0,0,0,0,0
їжак,0,0,0,0,0,1,0,0,0,0
спонукати,0,0,0,0,0,0,0,0,0,0
терміновість,0,1,0,1,0,0,0,0,1,0
терміновий,0,1,0,1,0,1,0,0,1,0
аналіз сечі,0,0,0,0,0,0,0,0,0,0
урна,0,0,0,0,0,0,0,1,0,0
використання,0,0,0,0,0,0,0,0,0,0
корисно,0,0,0,0,0,0,0,0,0,0
корисність,0,0,0,0,0,0,1,0,0,0
марний,0,0,0,0,0,1,0,0,0,0
пристав,0,0,0,0,0,0,1,0,0,1
звичайний,0,0,0,0,0,0,1,0,0,1
узурпувати,1,0,0,0,0,1,0,0,0,0
узурпований,1,0,0,1,0,1,0,0,0,0
лихварство,0,0,0,0,0,1,0,0,0,0
посуд,0,0,0,0,0,0,0,0,0,0
утилітарний,0,0,0,0,0,0,0,0,0,0
корисність,0,0,0,0,0,0,1,0,0,0
використання,0,0,0,0,0,0,0,0,0,0
використовувати,0,0,0,0,0,0,0,0,0,0
все можливе,0,0,0,0,0,0,0,0,0,0
утопічний,0,1,0,0,1,0,1,0,0,1
висловлювання,0,0,0,0,0,0,0,0,0,0
повністю,0,0,0,0,0,0,0,0,0,0
вакансія,0,0,0,0,0,1,0,0,0,0
відпустка,0,1,0,0,1,0,1,0,0,0
щеплення,0,0,0,0,0,0,0,0,0,0
вакцина,0,0,0,0,0,0,1,0,0,0
вакуолярний,0,0,0,0,0,0,0,0,0,0
вакуоль,0,0,0,0,0,0,0,0,0,0
порожній,0,0,1,0,0,1,0,0,0,0
вакуум,0,0,0,0,0,0,0,0,0,0
розпливчастий,0,0,0,0,0,1,0,0,0,0
невизначеність,0,0,0,0,0,1,0,0,0,0
даремно,0,0,1,0,0,1,0,1,0,0
підзор,0,0,0,0,0,0,0,0,0,0
долина,0,0,0,0,0,0,0,0,0,0
камердинер,0,0,0,0,0,0,0,0,0,0
доблесний,0,0,0,0,0,0,1,0,0,0
термін дії,0,0,0,1,0,0,0,0,0,0
долина,0,0,0,0,0,0,0,0,0,0
доблесть,0,0,0,0,0,0,1,0,0,1
цінний,0,0,0,0,0,0,1,0,0,0
оцінка,0,0,0,0,0,0,0,0,0,0
клапан,0,0,0,0,0,0,0,0,0,0
вамп,0,0,0,0,0,0,0,0,0,0
вампір,1,0,1,1,0,1,0,0,0,0
фургон,0,0,0,0,0,0,0,0,0,0
флюгер,0,0,0,0,0,0,0,0,0,0
авангард,0,0,0,0,0,0,1,0,0,0
ваніль,0,0,0,0,0,0,0,0,0,0
зникати,0,0,0,0,0,0,0,0,1,0
зникла,0,0,0,1,0,1,0,1,1,0
марнославство,0,0,0,0,0,1,0,0,0,0
перемогти,0,0,0,0,0,0,1,0,0,0
пара,0,0,0,0,0,0,0,0,0,0
вар,0,0,0,0,0,0,0,0,0,0
змінна,0,0,0,0,0,0,0,0,1,0
дисперсія,0,0,0,0,0,0,0,0,0,0
варіація,0,0,0,0,0,0,0,0,0,0
варіації,0,0,0,0,0,0,0,0,0,0
вітряна віспа,0,0,1,1,0,1,0,1,0,0
варикозна,0,0,0,0,0,1,0,0,0,0
різноманітні,0,0,0,0,0,0,0,0,0,0
строкатий,0,0,0,0,0,0,0,0,0,0
різноманітність,0,0,0,0,0,0,0,0,0,0
змінюватися,0,0,0,0,0,0,0,0,0,0
судинний,0,0,0,0,0,0,0,0,0,0
ваза,0,0,0,0,0,0,0,0,0,0
величезний,0,0,0,0,0,0,0,0,0,0
куб,0,0,0,0,0,0,0,0,0,0
водевіль,0,0,0,0,0,0,0,0,0,0
склепіння,0,0,0,0,0,0,0,0,0,0
склепінчастий,0,0,0,0,0,0,0,0,0,0
стрибковий спорт,0,0,0,0,0,0,0,0,0,0
телятина,0,0,0,0,0,0,0,1,0,1
вектор,0,0,0,0,0,0,0,0,0,0
поворот,0,0,0,1,0,0,0,0,1,0
вега,0,0,0,0,0,0,0,0,0,0
рослинний,0,0,0,0,0,0,0,0,0,0
вегетаріанська,0,0,0,0,0,0,0,0,0,0
вегетаріанство,0,0,0,0,0,0,0,0,0,0
рослинність,0,0,0,0,0,0,0,0,0,0
вегетативний,0,0,1,0,0,1,0,1,0,0
палкий,1,0,0,1,0,1,0,0,0,0
транспортний засіб,0,0,0,0,0,0,0,0,0,0
вуаль,0,0,0,0,0,0,0,0,0,0
завуальований,0,0,0,0,0,0,0,0,0,0
вена,0,0,0,0,0,0,0,0,0,0
прожилкований,0,0,0,0,0,0,0,0,0,0
пергамент,0,0,0,0,0,0,0,0,0,0
швидкість,0,0,0,0,0,0,0,0,0,0
велюр,0,0,0,0,0,0,0,0,0,0
оксамит,0,0,0,0,0,0,1,0,0,0
оксамитовий,0,0,0,0,0,0,1,0,0,0
вена,0,0,0,0,0,0,0,0,0,0
вендета,1,0,0,1,0,1,0,1,0,0
постачальник,0,0,0,0,0,0,0,0,0,0
шпон,0,0,0,0,0,0,0,0,0,0
поважний,0,1,0,0,1,0,1,0,0,1
шанування,0,0,0,0,0,0,1,0,0,0
помста,1,0,0,0,0,1,0,0,0,0
мстивий,1,0,0,1,0,1,0,0,0,0
оленина,0,0,0,0,0,0,0,0,0,0
отрута,1,0,1,1,0,1,0,0,0,0
отруйний,1,0,1,1,0,1,0,0,0,0
венозний,0,0,0,0,0,0,0,0,0,0
вентиляційний отвір,1,0,0,0,0,0,0,0,0,0
вентиляція,0,0,0,0,0,0,0,0,0,0
вентилятор,0,0,0,0,0,0,0,0,0,0
шлуночок,0,0,0,0,0,0,0,0,0,0
шлуночковий,0,0,0,0,0,0,0,0,0,0
підприємство,0,0,0,0,0,0,0,0,0,0
місце проведення,0,0,0,0,0,0,0,0,0,0
правдивість,0,1,0,0,1,0,1,0,1,1
веранда,0,0,0,0,0,0,0,0,0,0
вербальний,0,0,0,0,0,0,0,0,0,0
дослівно,0,0,0,0,0,0,0,0,0,0
багатослівність,0,0,0,0,0,0,0,0,0,0
багатослівний,0,0,0,0,0,0,0,0,0,0
багатослівність,0,0,0,0,0,1,0,0,0,0
зелений,0,0,0,0,0,0,1,0,0,0
вирок,0,0,0,1,0,0,0,0,0,0
межа,0,1,0,1,0,1,0,0,0,0
перевірка,0,0,0,0,0,0,1,0,0,1
перевірено,0,0,0,0,0,0,1,0,0,1
перевірити,0,0,0,0,0,0,0,0,0,0
воістину,0,0,0,0,0,0,1,0,0,1
справжній,0,0,0,0,0,0,1,0,0,0
паразити,1,0,1,1,0,1,0,0,0,0
народна мова,0,0,0,0,0,0,0,0,0,0
весняний,0,0,0,0,1,0,1,0,0,0
вероніка,0,0,0,0,0,0,0,0,0,0
універсальний,0,0,0,0,0,0,0,0,0,0
універсальність,0,0,0,0,0,0,0,0,0,0
вірш,0,0,0,0,0,0,0,0,0,0
версія,0,0,0,0,0,0,0,0,0,0
проти,1,0,0,0,0,1,0,0,0,0
верт,0,0,0,0,0,0,0,0,0,0
хребця,0,0,0,0,0,0,0,0,0,0
хребетний,0,0,0,0,0,0,0,0,0,0
вершина,0,0,0,0,0,0,0,0,0,0
вертикальний,0,0,0,0,0,0,0,0,0,0
вертикально,0,0,0,0,0,0,0,0,0,0
запаморочення,0,0,0,1,0,1,0,0,0,0
бадьорість,0,0,0,0,0,0,1,0,0,0
везикула,0,0,0,0,0,0,0,0,0,0
везикулярний,0,0,1,0,0,0,0,0,0,0
судно,0,0,0,0,0,0,0,0,0,0
жилет,0,0,0,0,0,0,0,0,0,0
наділений,0,0,0,0,0,0,0,0,0,0
тамбур,0,0,0,0,0,0,0,0,0,0
пережиток,0,0,0,0,0,0,0,0,0,0
вет,0,0,0,0,0,0,0,0,0,0
ветеран,0,0,0,0,0,0,1,0,0,1
ветеринарний лікар,0,0,0,0,0,0,0,0,0,0
вето,1,0,0,0,0,1,0,0,0,0
життєздатність,0,0,0,0,0,0,0,0,0,0
життєздатний,0,0,0,0,0,0,0,0,0,0
віадук,0,0,0,0,0,0,0,0,0,0
флакон,0,0,0,0,0,0,0,0,0,0
вібрувати,0,0,0,0,0,0,0,0,0,0
вібрація,0,0,0,0,0,0,0,0,0,0
вібраційний,0,0,0,0,0,0,0,0,0,0
вікарій,0,0,0,0,0,0,1,0,0,1
вікарний,0,0,0,0,0,0,0,0,0,0
порок,0,0,0,0,0,1,0,0,0,0
поблизу,0,0,0,0,0,0,0,0,0,0
порочний,1,0,1,0,0,1,0,0,0,0
жертва,1,0,0,1,0,1,0,1,0,0
жертвами,1,0,1,1,0,1,0,1,1,0
переможець,0,0,0,0,1,0,1,0,0,0
вікторія,0,0,0,0,0,0,0,0,0,0
переможний,0,0,0,0,1,0,1,0,0,0
перемога,0,1,0,0,1,0,1,0,0,1
відеокасета,0,0,0,0,0,0,0,0,0,0
змагатися,0,0,0,0,0,0,0,0,0,0
переглянути,0,0,0,0,0,0,0,0,0,0
чування,0,1,0,0,0,0,0,0,0,0
пильність,0,1,0,0,0,0,1,0,0,1
пильний,0,0,0,1,0,0,1,0,0,1
віньєтка,0,0,0,0,0,0,0,0,0,0
бадьорість,0,0,0,0,0,0,1,0,0,0
енергійний,0,0,0,0,0,0,1,0,0,1
вікінг,0,0,0,0,0,0,0,0,0,0
вілла,0,0,0,0,0,0,0,0,0,0
село,0,0,0,0,0,0,0,0,0,0
сільський житель,0,0,0,0,0,0,1,0,0,1
лиходій,0,0,0,1,0,1,0,0,0,0
злодійський,1,0,1,1,0,1,0,0,0,0
вінегрет,0,0,0,0,0,0,0,0,0,0
виправдовувати,1,0,0,0,0,0,0,0,0,0
виправданий,0,0,0,0,0,0,1,0,0,0
виправдання,0,1,0,0,1,0,1,0,0,1
мстивий,1,0,1,0,0,1,0,0,0,0
оцет,0,0,0,0,0,0,0,0,0,0
виноградник,0,0,0,0,0,0,0,0,0,0
альт,0,0,0,0,0,0,0,0,0,0
порушення,1,0,0,1,0,1,0,1,1,0
насильство,1,0,0,1,0,1,0,1,0,0
жорстокий,1,0,1,1,0,1,0,0,1,0
насильно,1,0,1,1,0,1,0,1,0,0
фіолетовий,0,0,0,0,0,0,0,0,0,0
скрипка,0,0,0,0,0,0,0,0,0,0
скрипаль,0,0,0,0,0,0,0,0,0,0
гадюка,0,0,0,1,0,1,0,0,0,0
незаймана,0,0,0,0,0,0,1,0,0,1
незайманість,0,1,0,0,0,0,1,0,0,0
вірусології,0,0,0,0,0,0,0,0,0,0
віртуальний,0,0,0,0,0,0,0,0,0,0
практично,0,0,0,0,0,0,0,0,0,0
чеснота,0,0,0,0,0,0,1,0,0,1
віртуозний,0,0,0,0,0,0,0,0,0,0
доброчесний,0,0,0,0,1,0,1,0,0,1
вірулентність,1,0,0,1,0,1,0,0,0,0
вірус,0,0,0,0,0,1,0,0,0,0
віза,0,0,0,0,0,0,0,0,0,0
візаж,0,0,0,0,0,0,0,0,0,0
в'язкість,0,0,0,0,0,0,0,0,0,0
в'язкий,0,0,0,0,0,0,0,0,0,0
лещата,0,0,0,0,0,0,0,0,0,0
видимість,0,0,0,0,0,0,0,0,0,0
видно,0,0,0,0,0,0,0,0,0,0
помітно,0,0,0,0,0,0,0,0,0,0
бачення,0,1,0,0,0,0,1,0,0,0
далекоглядний,0,1,0,0,1,0,1,0,0,1
відвідати,0,0,0,0,0,0,1,0,0,0
відвідування,0,0,0,0,0,1,0,0,0,0
відвідування,0,0,0,0,0,0,0,0,0,0
відвідувач,0,1,0,0,1,0,1,0,0,0
козирок,0,1,0,0,0,0,0,0,1,0
перспектива,0,0,0,0,0,0,0,0,0,0
візуальний,0,0,0,0,0,0,0,0,0,0
візуалізувати,0,0,0,0,0,0,0,0,0,0
життєво важливий,0,0,0,0,0,0,1,0,0,0
життєва сила,0,0,0,0,1,0,1,0,0,1
склоподібне тіло,0,0,0,0,0,0,0,0,0,0
жвавий,0,0,0,0,1,0,1,0,0,0
яскравий,0,0,0,0,1,0,1,0,0,0
лисиця,0,0,0,0,0,1,0,0,0,0
словниковий запас,0,0,0,0,0,0,1,0,0,0
вокал,0,0,0,0,0,0,0,0,0,0
вокаліст,0,0,0,0,0,0,0,0,0,0
покликання,0,0,0,0,0,0,0,0,0,0
мода,0,0,0,0,0,0,0,0,0,0
голос,0,0,0,0,0,0,0,0,0,0
безголосий,0,0,0,0,0,0,0,0,0,0
недійсний,0,0,0,0,0,0,0,0,0,0
волатильність,1,1,0,1,0,1,0,0,1,0
вулканічний,0,0,0,0,0,0,0,0,0,0
вулкан,0,0,0,1,0,1,0,0,1,0
воля,0,0,0,0,0,0,0,0,0,0
залп,0,0,0,0,0,0,0,0,0,0
вольтметр,0,0,0,0,0,0,0,0,0,0
обсяг,0,0,0,0,0,0,0,0,0,0
об'ємні,0,0,0,0,0,0,0,0,0,0
добровільно,0,0,0,0,0,0,0,0,0,0
добровільний,0,0,0,0,0,0,0,0,0,0
волонтер,0,1,0,1,1,0,1,0,0,1
волонтерство,0,0,0,0,0,0,0,0,0,0
волонтери,0,0,0,0,0,0,0,0,0,1
хтивий,0,1,0,0,1,0,1,0,0,0
блювота,0,0,1,0,0,0,0,0,0,0
блювота,0,0,0,0,0,1,0,0,0,0
вуду,0,0,0,0,0,1,0,0,0,0
ненажерливий,0,0,0,0,0,0,0,0,0,0
вихровий,0,0,0,0,0,0,0,0,0,0
голосувати,1,1,0,0,1,1,1,1,1,1
голосування,0,0,0,0,0,0,0,0,0,0
вотивний,0,0,0,0,0,0,0,0,0,1
поручитися,0,0,0,0,0,0,1,0,0,1
ваучер,0,0,0,0,0,0,0,0,0,1
обітниця,0,1,0,0,1,0,1,0,0,1
голосний,0,0,0,0,0,0,0,0,0,0
подорож,0,1,0,0,0,0,0,0,0,0
мандрівник,0,0,0,0,0,0,0,0,0,0
вульгарний,0,0,1,0,0,1,0,0,0,0
вульгарність,1,0,1,0,0,1,0,1,0,0
вразливість,0,0,0,1,0,1,0,1,0,0
вразливий,0,0,0,0,0,0,0,0,0,0
гриф,0,0,1,1,0,1,0,0,0,0
пачка,0,0,0,0,0,0,0,0,0,0
пробиратися,0,0,0,0,0,0,0,0,0,0
вафельний,0,0,0,0,0,0,0,0,0,0
вафельний,1,0,0,0,0,1,0,1,0,0
виляти,0,0,0,0,0,0,0,0,0,0
ставка,0,0,0,0,0,0,0,0,0,0
заробітної плати,0,0,0,0,1,0,1,0,0,0
вагон,0,0,0,0,0,0,0,0,0,0
голосити,0,0,0,1,0,1,0,1,0,0
талія,0,0,0,0,0,0,0,0,0,0
жилет,0,0,0,0,0,0,0,0,0,0
чекати,0,1,0,0,0,1,0,0,0,0
офіціант,0,0,0,0,0,0,0,0,0,0
очікування,0,0,0,0,0,0,0,0,0,0
відмовлятися,0,0,0,0,0,0,0,0,0,0
розбудити,0,0,0,0,0,0,0,0,0,0
ходити,0,0,0,0,0,0,0,0,0,0
ходунки,0,0,0,0,0,0,0,0,0,0
стіна,0,0,0,0,0,0,0,0,0,0
гаманець,0,0,0,0,0,0,0,0,0,0
валятися,0,0,1,0,0,1,0,1,0,0
волоський горіх,0,0,0,0,0,0,0,0,0,0
вальс,0,0,0,0,0,0,0,0,0,0
слабий,0,0,0,1,0,1,0,1,0,0
паличка,0,0,0,0,0,0,0,0,0,0
бродити,0,0,0,0,0,0,0,0,0,0
мандрівник,0,0,0,0,0,0,0,0,0,0
блукання,0,0,0,0,0,0,0,0,0,0
слабшати,0,0,0,0,0,1,0,1,0,0
слабшає,0,0,0,0,0,0,0,0,0,0
бажаючи,0,0,0,0,0,1,0,1,0,0
війни,0,0,0,1,0,1,0,0,0,0
очеретянка,0,0,0,0,0,0,0,0,0,0
палата,0,0,0,0,0,0,0,0,0,0
наглядач,1,0,0,1,0,1,0,0,0,1
гардероб,0,0,0,0,0,0,0,0,0,0
посуд,0,0,0,1,0,1,0,0,0,0
склад,0,0,0,0,0,0,0,0,0,0
ведення війни,1,0,0,1,0,1,0,1,0,0
войовничий,1,0,0,1,0,1,0,0,0,0
чорнокнижник,0,0,0,1,0,0,0,0,0,0
потепління,0,0,0,0,0,0,0,0,0,0
попередити,0,1,0,1,0,1,0,0,1,1
попереджений,0,1,0,1,0,0,0,0,1,0
УВАГА,0,0,0,1,0,0,0,0,0,0
викривлення,1,0,0,0,0,1,0,1,0,0
викривлений,0,0,0,0,0,1,0,0,0,0
ордер,0,0,0,0,0,0,0,0,0,0
гарантований,0,0,0,0,0,0,0,0,0,0
ордера,0,0,0,0,0,0,0,0,0,0
гарантія,0,0,0,0,0,0,1,0,0,1
Уоррен,0,0,0,0,0,0,0,0,0,0
воїн,1,0,0,1,0,0,1,0,0,0
бородавка,0,0,1,0,0,1,0,0,0,0
насторожено,0,0,0,1,0,0,0,0,0,0
мити,0,0,0,0,0,0,0,0,0,0
прання,0,0,0,0,0,0,0,0,0,0
вимивання,0,0,0,0,0,0,0,0,0,0
оса,0,0,0,0,0,0,0,0,0,0
відходи,0,0,1,0,0,1,0,0,0,0
витрачено,1,0,1,0,0,1,0,0,0,0
марнотратний,1,0,1,0,0,1,0,1,0,0
марнотратство,0,0,1,1,0,1,0,1,0,0
дивитися,0,1,0,1,0,0,0,0,0,0
сторожовий пес,0,0,0,0,0,0,1,0,0,1
пильний,0,0,0,0,0,0,1,0,0,1
сторож,0,0,0,0,0,0,1,0,0,1
води,0,0,0,0,0,0,0,0,0,0
водотік,0,0,0,0,0,0,0,0,0,0
поливають,0,0,0,0,0,0,0,0,0,0
водонепроникний,0,0,0,0,0,0,1,0,0,0
водогону,0,0,0,0,0,0,0,0,0,0
водянистий,0,0,0,0,0,1,0,0,0,0
хвиля,0,0,0,0,0,0,0,0,0,0
коливатися,0,0,0,1,0,1,0,0,0,0
хитаючись,0,0,0,0,0,0,0,0,0,0
хвилі,0,0,0,0,0,0,0,0,0,0
хвилясті,0,0,0,0,0,0,0,0,0,0
віск,0,0,0,0,0,0,0,0,0,0
восковий,0,0,0,0,0,0,0,0,0,0
шляхи,0,0,0,0,0,0,0,0,0,0
норовливий,0,0,0,0,0,0,0,0,0,0
ослаблені,0,0,0,0,0,1,0,0,0,0
слабо,0,0,0,1,0,1,0,1,0,0
слабкість,0,0,0,0,0,1,0,0,0,0
багатство,0,0,0,0,1,0,1,0,0,1
заможний,0,0,0,0,0,0,0,0,0,0
зброя,0,0,0,0,0,0,0,0,0,0
знос,0,0,0,0,0,1,0,0,0,1
втомлено,0,0,0,0,0,1,0,1,0,0
втома,0,0,0,0,0,1,0,1,0,0
носіння,0,0,0,0,0,0,0,0,0,0
втомлений,0,0,0,0,0,1,0,1,0,0
погода,0,0,0,0,0,0,0,0,0,0
вивітрюється,0,0,0,0,0,0,0,0,0,0
атмосферостійкий,0,0,0,0,0,0,1,0,0,0
плести,0,0,0,0,0,0,0,0,0,0
Інтернет,0,0,0,0,0,0,0,0,0,0
ср,0,0,0,0,0,0,0,0,0,0
одружений,0,0,0,0,0,0,0,0,0,0
клин,0,0,0,0,0,0,0,0,0,0
крихітка,0,0,0,0,0,0,0,0,0,0
бур'ян,0,0,0,0,0,0,0,0,0,0
прополка,0,0,0,0,0,0,0,0,0,0
бур'яни,0,0,0,0,0,1,0,1,0,0
бур'янистий,0,0,0,0,0,0,0,0,0,0
тиждень,0,0,0,0,0,0,0,0,0,0
щотижня,0,0,0,0,0,0,0,0,0,0
плакати,0,0,0,0,0,1,0,1,0,0
плач,0,0,0,0,0,0,0,1,0,0
зважувати,0,1,0,0,0,0,0,0,0,1
зважування,0,0,0,0,0,0,0,0,0,0
вага,0,1,1,1,1,1,1,1,1,1
невагомий,0,0,0,0,0,0,0,0,0,0
ваги,0,0,0,0,0,0,0,0,0,0
вагомі,0,0,0,1,0,0,0,0,0,0
водослив,0,0,0,0,0,0,0,0,0,0
дивно,0,0,1,0,0,1,0,0,0,0
дивак,0,0,0,1,0,1,0,0,0,0
вітається,0,0,0,0,1,0,1,0,0,0
зварити,0,0,0,0,0,0,0,0,0,0
добробуту,0,0,0,0,0,0,0,0,0,0
гирло свердловини,0,0,0,0,0,0,0,0,0,0
пухир,0,0,0,0,0,0,0,0,0,0
жировик,0,0,0,0,0,1,0,0,0,0
дівка,1,0,1,0,0,1,0,0,0,0
західний,0,0,0,0,0,0,0,0,0,0
мокрий,0,0,0,0,0,0,0,0,0,0
вдарити,0,0,0,0,0,1,0,0,0,0
кит,0,0,0,0,0,0,0,0,0,0
гам,0,0,0,0,0,0,0,0,0,0
причал,0,0,0,0,0,0,0,0,0,0
що завгодно,0,0,0,0,0,0,0,0,0,0
колесо,0,0,0,0,0,0,0,0,0,0
колеса,0,0,0,0,0,0,0,0,0,0
місцезнаходження,0,0,0,0,0,0,0,0,0,0
тому,0,0,0,0,0,0,0,0,0,0
при чому,0,0,0,0,0,0,0,0,0,0
кошти,0,0,0,0,0,0,0,0,0,0
точити,0,0,0,0,0,0,0,0,0,0
подих,0,0,0,0,0,0,0,0,0,0
поки,0,0,0,0,0,0,0,0,0,0
примха,0,1,0,0,1,1,0,0,1,0
скиглити,0,0,0,1,0,0,0,1,0,0
химерний,0,0,0,0,1,0,0,0,0,0
примхливість,0,0,0,0,0,0,0,0,0,0
нити,0,0,1,0,0,1,0,1,0,0
батогом,1,0,0,0,0,1,0,0,0,0
кружляти,0,0,0,0,0,0,0,0,0,0
вир,0,0,0,1,0,0,0,0,0,0
вихор,0,0,0,1,0,1,0,0,0,0
віночком,0,0,0,0,0,0,0,0,0,0
вус,0,0,0,0,0,0,0,0,0,0
віскі,0,0,0,0,0,1,0,0,0,0
пошепки,0,0,0,0,0,0,0,0,0,0
прошепотів,0,0,0,0,0,0,0,0,0,0
свисток,0,0,0,0,0,0,0,0,0,0
нітрохи,0,0,0,0,0,0,0,0,0,0
білизну,0,0,0,0,1,0,1,0,0,0
білуватий,0,0,0,0,0,0,0,0,0,0
свист,0,0,0,0,0,0,0,0,0,0
корисний,0,0,0,0,0,0,1,0,0,1
цілком,0,0,0,0,0,0,0,0,0,0
вигук,0,0,0,0,0,0,0,0,0,0
колосальний,0,0,0,0,0,0,0,0,0,0
повія,0,0,1,0,0,1,0,0,0,0
гніт,0,0,0,0,0,0,0,0,0,0
злий,0,0,0,1,0,1,0,0,0,0
злочестивість,0,0,1,0,0,1,0,0,0,0
плетені,0,0,0,0,0,0,0,0,0,0
хвіртка,0,0,0,0,0,0,1,0,0,0
широкий,0,0,0,0,0,0,0,0,0,0
широко,0,0,0,0,0,0,0,0,0,0
розширити,0,0,0,0,0,0,0,0,0,0
широко поширені,0,0,0,0,0,0,1,0,0,0
вдова,0,0,0,0,0,0,0,1,0,0
вдівець,0,0,0,0,0,0,0,1,0,0
ширина,0,0,0,0,0,0,0,0,0,0
володіти,0,0,0,0,0,0,0,0,0,0
дружина,0,0,0,0,0,0,0,0,0,0
перуку,0,0,0,0,0,0,0,0,0,0
wight,0,0,0,0,0,0,0,0,0,0
дикий,0,0,0,0,0,1,0,0,1,0
дика кішка,0,0,0,0,0,1,0,0,0,0
пустелі,0,1,0,1,0,0,0,1,0,0
лісова пожежа,0,0,0,1,0,1,0,1,1,0
навмисний,1,0,0,0,0,1,0,1,0,0
охоче,0,0,0,0,0,0,1,0,0,0
готовність,0,0,0,0,0,0,1,0,0,0
верба,0,0,0,0,0,0,0,0,0,0
зів'ялий,0,0,0,0,0,0,0,0,0,0
хитрий,0,0,0,0,0,0,0,0,0,0
слабак,0,0,1,1,0,1,0,0,0,0
слабак,1,0,1,1,0,1,0,1,0,0
морщитися,1,0,1,1,0,1,0,1,0,0
лебідка,0,0,0,0,0,0,0,0,0,0
вітер,0,0,0,0,0,0,0,0,0,0
надприбуток,0,0,0,0,0,0,1,0,0,0
намотування,0,0,0,0,0,0,0,0,0,0
вітряк,0,0,0,0,0,0,0,0,0,0
вікно,0,0,0,0,0,0,0,0,0,0
вітряний,0,0,0,0,0,0,0,0,0,0
вино,0,0,0,0,0,0,0,0,0,0
крило,0,0,0,0,0,0,0,0,0,0
крилатий,0,0,0,0,0,0,0,0,0,0
підморгування,0,0,0,0,0,0,0,0,0,0
переможець,0,1,0,0,1,0,1,0,1,0
перемога,0,1,1,0,1,0,1,1,1,1
виграші,0,1,0,0,1,0,1,0,0,0
зима,0,0,0,0,0,0,0,0,0,0
зимовий,0,0,0,0,0,0,0,0,0,0
витирати,0,0,0,0,0,0,0,0,0,0
дріт,0,0,0,0,0,0,0,0,0,0
бездротовий,1,1,0,0,0,0,1,0,1,0
мудрість,0,0,0,0,0,0,1,0,0,0
мудрість,0,0,0,0,0,0,1,0,0,1
мудрий,0,0,0,0,0,0,1,0,0,0
бажаний,0,1,0,0,0,0,0,0,0,0
сумний,0,0,0,0,0,0,0,0,0,0
дотепність,0,0,0,0,0,0,1,0,0,0
відьма,1,0,1,1,0,1,0,0,0,0
чаклунство,1,0,0,1,0,1,0,1,0,0
разом з тим,0,0,0,0,0,0,0,0,0,0
вилучити,0,0,0,0,0,1,0,1,0,0
вилучення,0,0,0,0,0,0,0,0,0,0
в'янути,0,0,0,0,0,1,0,1,0,0
зів'ялий,0,0,1,0,0,1,0,0,0,0
витримати,0,1,0,1,0,0,1,0,0,0
свідок,0,0,0,0,0,0,0,0,0,1
дотепність,0,0,0,0,0,0,1,0,0,0
дотепний,0,0,0,0,1,0,1,0,0,0
майстер,0,1,0,0,0,0,1,0,1,0
горе,0,0,1,1,0,1,0,1,0,0
жалюгідний,0,0,0,0,0,1,0,1,0,0
сумно,0,0,1,0,0,1,0,1,0,0
жіночність,0,0,0,0,0,0,0,0,0,0
жіночний,0,0,0,0,0,0,0,0,0,0
утроба,0,0,0,0,0,0,1,0,0,0
чудовий,0,0,0,0,1,0,1,0,1,1
чудово,0,0,0,0,1,0,1,0,1,0
дивовижний,0,0,0,0,0,0,1,0,0,0
звичай,0,1,0,0,0,0,0,0,0,0
ву,0,0,0,0,0,0,0,0,0,0
деревина,0,0,0,0,0,0,0,0,0,0
дереворит,0,0,0,0,0,0,0,0,0,0
дерев'яний,0,0,0,0,0,0,0,0,0,0
лісові масиви,0,0,0,0,0,0,0,0,0,0
деревний,0,0,0,0,0,0,0,0,0,0
залицяння,0,0,0,0,0,0,0,0,0,0
шерсть,0,0,0,0,0,0,0,0,0,0
шерстистий,0,0,0,0,0,0,0,0,0,0
вап,1,0,0,0,0,0,0,0,0,0
слово,0,0,0,0,0,0,1,0,0,1
формулювання,0,0,0,0,0,0,0,0,0,0
слова,1,0,0,0,0,1,0,0,0,0
багатослівний,0,0,0,0,0,0,0,0,0,0
працювати,0,0,0,0,0,0,0,0,0,0
робочий зошит,0,0,0,0,0,0,0,0,0,0
робітник,0,0,0,0,0,0,0,0,0,0
працює,0,0,0,0,0,0,1,0,0,0
робітник,0,0,0,0,0,0,0,0,0,0
якість виготовлення,0,0,0,0,0,0,0,0,0,0
робоче місце,0,0,0,0,0,0,0,0,0,0
працює,0,0,0,0,0,0,0,0,0,0
майстерня,0,0,0,0,0,0,0,0,0,0
світ,0,0,0,0,0,0,0,0,0,0
мирський,0,0,0,0,0,0,0,0,0,0
світової,0,0,0,0,0,0,0,0,0,0
хробак,0,1,0,0,0,1,0,0,1,0
потертий,0,0,0,0,0,1,0,1,0,0
стурбований,0,0,0,0,0,1,0,1,0,0
турбуватися,0,1,0,1,0,1,0,1,0,0
тривожний,0,1,0,1,0,1,0,1,0,0
гірше,0,0,0,1,0,1,0,1,0,0
погіршення,0,0,1,0,0,1,0,1,0,0
богослужіння,0,1,0,1,1,0,1,0,0,1
варто,0,0,0,0,0,0,1,0,0,0
нічого не варто,1,0,1,0,0,1,0,1,0,0
гідний,0,0,0,0,0,0,1,0,0,1
wot,0,0,0,0,0,0,1,0,0,1
рана,1,0,0,1,0,1,0,1,0,0
сперечальник,0,0,0,0,0,0,0,0,0,0
суперечка,1,0,1,1,0,1,0,1,0,0
загорнути,0,0,0,0,0,0,0,0,0,0
обгортка,0,0,0,0,0,0,0,0,0,0
обгортання,0,0,0,0,0,0,0,0,0,0
гнів,1,0,0,1,0,1,0,0,0,0
сіяти,1,0,0,0,0,1,0,0,0,0
вінок,0,0,0,0,0,0,0,0,0,0
крах,1,0,1,1,0,1,0,1,1,0
розбитий,1,0,0,1,0,1,0,1,0,0
гайковий ключ,0,0,0,0,0,1,0,0,0,0
вирвати,0,0,0,0,0,0,0,0,0,0
боротися,0,0,0,0,0,0,0,0,0,0
борець,0,0,0,0,0,0,0,0,0,0
боротьба,0,0,0,0,0,1,0,0,0,0
негідник,1,0,1,0,0,1,0,1,0,0
жалюгідний,0,0,1,0,0,1,0,1,0,0
Райт,0,0,0,0,0,0,0,0,0,0
віджати,1,0,0,0,0,0,0,0,0,0
зморшки,0,0,0,0,0,0,0,0,0,0
зморшкуватий,0,0,0,0,0,0,0,1,0,0
зап'ястя,0,0,0,0,0,0,0,0,0,0
браслет,0,0,0,0,0,0,0,0,0,0
наручний годинник,0,0,0,0,0,0,0,0,0,0
наказ,0,0,0,0,0,0,0,0,0,0
писати,0,0,0,0,0,0,0,0,0,0
письменник,0,0,0,0,0,0,1,0,0,0
написання,0,0,0,0,0,0,0,0,0,0
написаний,0,0,0,0,0,0,0,0,0,0
неправильно,0,0,0,0,0,1,0,0,0,0
протиправні дії,1,0,1,0,0,1,0,1,0,0
протиправний,1,0,1,0,0,1,0,1,0,0
неправильно,1,0,0,1,0,1,0,1,0,0
ковані,0,0,0,0,0,1,0,0,0,0
криво,0,0,0,0,0,1,0,0,0,0
ксенофобія,0,0,0,1,0,1,0,0,0,0
ксерокс,0,0,0,0,0,0,0,0,0,0
яхта,0,0,0,0,0,0,0,0,0,0
яхтинг,0,0,0,0,0,0,0,0,0,0
як,0,0,0,0,0,0,0,0,0,0
ямс,0,0,0,0,0,0,0,0,0,0
смикнути,0,0,0,0,0,0,0,0,0,0
ярд,0,0,0,0,0,0,0,0,0,0
пряжа,0,0,0,0,0,0,0,0,0,0
поворот,0,0,0,0,0,0,0,0,0,0
позіхати,0,0,0,0,0,1,0,0,0,0
позіхання,0,0,0,0,0,1,0,0,0,0
так,0,0,0,0,0,0,0,0,0,0
рік,0,0,0,0,0,0,0,0,0,0
щорічник,0,0,0,0,0,0,0,0,0,0
річник,0,0,0,0,0,0,0,0,0,0
щорічно,0,0,0,0,0,0,0,0,0,0
тужити,0,0,0,0,0,0,0,0,0,0
туга,0,1,0,0,1,1,1,0,0,1
років,0,0,0,0,0,0,0,0,0,0
дріжджі,0,0,0,0,0,0,0,0,0,0
кричати,1,0,0,1,0,1,0,0,1,0
жовтий,0,0,0,0,0,0,0,0,0,0
жовті,0,0,0,0,0,1,0,0,0,0
крикнути,1,0,0,1,0,1,0,0,1,0
йомен,0,0,0,0,0,0,0,0,0,0
вчора,0,0,0,0,0,0,0,0,0,0
минулий рік,0,0,0,0,0,0,0,0,0,0
тис,0,0,0,0,0,0,0,0,0,0
врожайність,0,0,0,0,0,0,0,0,0,0
урожайний,0,0,0,0,0,0,0,0,0,0
йог,0,0,0,0,0,0,0,0,0,0
ярмо,0,0,0,0,0,0,0,0,0,0
жовток,0,0,0,0,0,0,0,0,0,0
йон,0,0,0,0,0,0,0,0,0,0
туди,0,0,0,0,0,0,0,0,0,0
молодість,1,1,0,1,1,0,1,0,1,0
дивний,0,0,0,0,0,0,0,0,1,0
зап,0,0,0,0,0,0,0,0,0,0
завзяття,0,1,0,0,1,0,1,0,1,1
ревнитель,0,0,0,0,0,0,0,0,0,0
завзятий,0,0,0,0,1,0,1,0,0,1
зебра,0,0,0,0,0,0,0,0,0,0
зеніт,0,0,0,0,0,0,0,0,0,0
зефір,0,0,0,0,0,0,0,0,0,0
цепелін,0,0,0,0,0,0,0,0,0,0
родзинка,0,1,0,0,1,0,1,0,0,1
zip,0,0,0,0,0,1,0,0,0,0
зодіак,0,0,0,0,0,0,0,0,0,0
зона,0,0,0,0,0,0,0,0,0,0
зоопарк,0,0,0,0,0,0,0,0,0,0
зоологічний,0,0,0,0,0,0,0,0,0,0
зоології,0,0,0,0,0,0,0,0,0,0
збільшити,0,0,0,0,0,0,0,0,0,0
